ISO-10303-21;
HEADER;
/* Generated by software containing ST-Developer
 * from STEP Tools, Inc. (www.steptools.com) 
 */

FILE_DESCRIPTION(
/* description */ (''),
/* implementation_level */ '2;1');

FILE_NAME(
/* name */ 
'C:\\Users\\Nathann\\ClawdDrive\\Objet3D\\RunningRobot\\PartURDF\\HipR
ightNCS.stp',
/* time_stamp */ '2026-06-19T10:43:41+02:00',
/* author */ ('Nathann'),
/* organization */ (''),
/* preprocessor_version */ 'ST-DEVELOPER v19',
/* originating_system */ 'Autodesk Inventor 2023',
/* authorisation */ '');

FILE_SCHEMA (('AUTOMOTIVE_DESIGN { 1 0 10303 214 3 1 1 }'));
ENDSEC;

DATA;
#10=MECHANICAL_DESIGN_GEOMETRIC_PRESENTATION_REPRESENTATION('',(#6233,#6234,
#6235,#6236,#6237,#6238,#6239,#6240,#6241,#6242,#6243,#6244,#6245,#6246,
#6247,#6248,#6249,#6250,#6251,#6252,#6253,#6254,#6255,#6256,#6257,#6258,
#6259,#6260,#6261,#6262,#6263,#6264,#6265,#6266,#6267,#6268,#6269,#6270,
#6271,#6272,#6273,#6274,#6275,#6276,#6277,#6278,#6279,#6280,#6281,#6282,
#6283,#6284,#6285,#6286,#6287,#6288,#6289,#6290,#6291,#6292,#6293,#6294,
#6295,#6296,#6297,#6298,#6299,#6300,#6301,#6302,#6303,#6304,#6305,#6306,
#6307,#6308,#6309,#6310,#6311,#6312,#6313,#6314,#6315,#6316,#6317,#6318,
#6319,#6320,#6321,#6322,#6323,#6324,#6325,#6326,#6327,#6328,#6329,#6330,
#6331,#6332,#6333,#6334,#6335,#6336,#6337,#6338,#6339,#6340,#6341,#6342,
#6343,#6344,#6345,#6346,#6347,#6348,#6349,#6350,#6351,#6352,#6353,#6354,
#6355,#6356,#6357,#6358,#6359,#6360,#6361,#6362,#6363,#6364,#6365,#6366,
#6367,#6368,#6369,#6370,#6371,#6372,#6373,#6374,#6375,#6376,#6377,#6378,
#6379,#6380,#6381,#6382,#6383,#6384,#6385,#6386,#6387,#6388,#6389,#6390,
#6391,#6392,#6393,#6394,#6395,#6396,#6397,#6398,#6399,#6400,#6401,#6402,
#6403,#6404,#6405,#6406,#6407,#6408,#6409,#6410,#6411,#6412,#6413,#6414,
#6415,#6416,#6417,#6418,#6419,#6420,#6421,#6422,#6423,#6424,#6425,#6426,
#6427,#6428,#6429,#6430,#6431,#6432,#6433,#6434,#6435,#6436,#6437,#6438,
#6439,#6440,#6441,#6442,#6443,#6444,#6445,#6446,#6447,#6448,#6449,#6450,
#6451,#6452,#6453,#6454,#6455,#6456,#6457,#6458,#6459,#6460,#6461,#6462,
#6463,#6464,#6465,#6466,#6467,#6468,#6469,#6470,#6471,#6472,#6473,#6474,
#6475,#6476,#6477,#6478,#6479,#6480,#6481,#6482,#6483,#6484,#6485,#6486,
#6487,#6488,#6489,#6490,#6491,#6492,#6493,#6494,#6495,#6496,#6497,#6498,
#6499,#6500,#6501,#6502,#6503,#6504,#6505,#6506,#6507,#6508,#6509,#6510,
#6511,#6512,#6513,#6514,#6515,#6516,#6517,#6518,#6519,#6520,#6521,#6522,
#6523,#6524,#6525,#6526,#6527,#6528,#6529,#6530,#6531,#6532,#6533,#6534,
#6535,#6536,#6537,#6538,#6539,#6540,#6541,#6542,#6543,#6544,#6545,#6546,
#6547,#6548,#6549,#6550,#6551,#6552,#6553,#6554,#6555,#6556,#6557,#6558,
#6559,#6560,#6561,#6562,#6563,#6564,#6565,#6566,#6567,#6568,#6569,#6570,
#6571,#6572,#6573,#6574,#6575,#6576,#6577,#6578,#6579,#6580,#6581,#6582,
#6583,#6584,#6585,#6586,#6587,#6588,#6589,#6590,#6591,#6592,#6593,#6594,
#6595,#6596,#6597,#6598,#6599,#6600,#6601,#6602,#6603,#6604,#6605,#6606,
#6607,#6608,#6609,#6610,#6611,#6612,#6613,#6614,#6615,#6616,#6617,#6618,
#6619,#6620,#6621,#6622,#6623,#6624,#6625,#6626,#6627,#6628,#6629,#6630,
#6631,#6632,#6633,#6634,#6635,#6636,#6637,#6638,#6639,#6640,#6641,#6642),
#11747);
#11=SHAPE_REPRESENTATION_RELATIONSHIP('SRR','None',#11754,#12);
#12=ADVANCED_BREP_SHAPE_REPRESENTATION('',(#13),#11746);
#13=MANIFOLD_SOLID_BREP('Solid1',#7052);
#14=B_SPLINE_CURVE_WITH_KNOTS('',3,(#10129,#10130,#10131,#10132,#10133,
#10134,#10135,#10136,#10137,#10138,#10139,#10140,#10141,#10142,#10143,#10144,
#10145,#10146,#10147,#10148,#10149,#10150,#10151,#10152,#10153,#10154,#10155,
#10156,#10157,#10158,#10159,#10160,#10161,#10162,#10163,#10164,#10165,#10166),
 .UNSPECIFIED.,.T.,.F.,(4,2,2,2,2,2,2,2,2,2,2,2,2,2,2,2,2,2,4),(-1.09468417297492,
-1.03299293316856,-0.971301693362203,-0.903100086780063,-0.834898480197922,
-0.755340400929815,-0.675782321661708,-0.611649410434897,-0.579582954821492,
-0.547516499208086,-0.512922531322982,-0.478328563437877,-0.409140627667668,
-0.334460897258027,-0.259781166848385,-0.192596801347601,-0.125412435846818,
-0.0627062179234088,0.),.UNSPECIFIED.);
#15=B_SPLINE_CURVE_WITH_KNOTS('',3,(#10172,#10173,#10174,#10175,#10176,
#10177,#10178,#10179,#10180,#10181,#10182,#10183,#10184,#10185,#10186,#10187,
#10188,#10189,#10190,#10191,#10192,#10193,#10194,#10195,#10196,#10197,#10198,
#10199,#10200,#10201,#10202,#10203,#10204,#10205,#10206,#10207,#10208,#10209),
 .UNSPECIFIED.,.T.,.F.,(4,2,2,2,2,2,2,2,2,2,2,2,2,2,2,2,2,2,4),(-1.09468417297492,
-1.03197795505152,-0.969271737128106,-0.902087371627322,-0.834903006126538,
-0.760223275716897,-0.685543545307256,-0.616355609537047,-0.581761641651942,
-0.547167673766838,-0.515101218153432,-0.483034762540027,-0.418901851313215,
-0.339343772045109,-0.259785692777002,-0.191584086194861,-0.123382479612721,
-0.0616912398063604,0.),.UNSPECIFIED.);
#16=B_SPLINE_CURVE_WITH_KNOTS('',3,(#10317,#10318,#10319,#10320,#10321,
#10322,#10323,#10324),.UNSPECIFIED.,.F.,.F.,(4,2,2,4),(0.628661603609404,
0.726266174794528,0.861801617823719,0.948487238150279),.UNSPECIFIED.);
#17=B_SPLINE_CURVE_WITH_KNOTS('',3,(#10327,#10328,#10329,#10330,#10331,
#10332,#10333,#10334),.UNSPECIFIED.,.F.,.F.,(4,2,2,4),(1.82974006560009,
1.91642568592665,2.05196112895584,2.14956570014097),.UNSPECIFIED.);
#18=B_SPLINE_CURVE_WITH_KNOTS('',3,(#10349,#10350,#10351,#10352,#10353,
#10354,#10355,#10356),.UNSPECIFIED.,.F.,.F.,(4,2,2,4),(0.628661603609404,
0.726266174794528,0.861801617823719,0.948487238150279),.UNSPECIFIED.);
#19=B_SPLINE_CURVE_WITH_KNOTS('',3,(#10359,#10360,#10361,#10362,#10363,
#10364,#10365,#10366),.UNSPECIFIED.,.F.,.F.,(4,2,2,4),(1.82974006560009,
1.91642568592665,2.05196112895584,2.14956570014097),.UNSPECIFIED.);
#20=CONICAL_SURFACE('',#7119,2.,0.785398163397453);
#21=CONICAL_SURFACE('',#7161,2.,0.785398163397453);
#22=CONICAL_SURFACE('',#7255,2.1,1.02974425867665);
#23=CONICAL_SURFACE('',#7259,2.1,1.02974425867665);
#24=CONICAL_SURFACE('',#7263,2.1,1.02974425867665);
#25=CONICAL_SURFACE('',#7267,2.1,1.02974425867665);
#26=CONICAL_SURFACE('',#7271,2.1,1.02974425867665);
#27=CONICAL_SURFACE('',#7275,2.1,1.02974425867665);
#28=CONICAL_SURFACE('',#7279,1.65,1.02974425867665);
#29=CONICAL_SURFACE('',#7283,1.65,1.02974425867665);
#30=CONICAL_SURFACE('',#7287,1.65,1.02974425867665);
#31=CONICAL_SURFACE('',#7291,1.65,1.02974425867665);
#32=CONICAL_SURFACE('',#7396,2.1,1.02974425867665);
#33=CONICAL_SURFACE('',#7400,2.1,1.02974425867665);
#34=CONICAL_SURFACE('',#7404,2.1,1.02974425867665);
#35=CONICAL_SURFACE('',#7408,2.1,1.02974425867665);
#36=CONICAL_SURFACE('',#7412,2.1,1.02974425867665);
#37=CONICAL_SURFACE('',#7416,2.1,1.02974425867665);
#38=CONICAL_SURFACE('',#7420,1.65,1.02974425867665);
#39=CONICAL_SURFACE('',#7423,1.65,1.02974425867665);
#40=CONICAL_SURFACE('',#7426,1.65,1.02974425867665);
#41=CONICAL_SURFACE('',#7429,1.65,1.02974425867665);
#42=CONICAL_SURFACE('',#7626,2.,0.785398163397453);
#43=CONICAL_SURFACE('',#7643,2.,0.785398163397453);
#44=CONICAL_SURFACE('',#7660,2.,0.785398163397453);
#45=CONICAL_SURFACE('',#7677,2.,0.785398163397453);
#46=CONICAL_SURFACE('',#7694,2.,0.785398163397453);
#47=CONICAL_SURFACE('',#7721,2.,0.785398163397453);
#48=FACE_BOUND('',#820,.T.);
#49=FACE_BOUND('',#830,.T.);
#50=FACE_BOUND('',#840,.T.);
#51=FACE_BOUND('',#850,.T.);
#52=FACE_BOUND('',#861,.T.);
#53=FACE_BOUND('',#872,.T.);
#54=FACE_BOUND('',#882,.T.);
#55=FACE_BOUND('',#891,.T.);
#56=FACE_BOUND('',#896,.T.);
#57=FACE_BOUND('',#920,.T.);
#58=FACE_BOUND('',#921,.T.);
#59=FACE_BOUND('',#922,.T.);
#60=FACE_BOUND('',#923,.T.);
#61=FACE_BOUND('',#924,.T.);
#62=FACE_BOUND('',#925,.T.);
#63=FACE_BOUND('',#927,.T.);
#64=FACE_BOUND('',#928,.T.);
#65=FACE_BOUND('',#929,.T.);
#66=FACE_BOUND('',#930,.T.);
#67=FACE_BOUND('',#931,.T.);
#68=FACE_BOUND('',#932,.T.);
#69=FACE_BOUND('',#933,.T.);
#70=FACE_BOUND('',#941,.T.);
#71=FACE_BOUND('',#943,.T.);
#72=FACE_BOUND('',#946,.T.);
#73=FACE_BOUND('',#948,.T.);
#74=FACE_BOUND('',#950,.T.);
#75=FACE_BOUND('',#987,.T.);
#76=FACE_BOUND('',#994,.T.);
#77=FACE_BOUND('',#996,.T.);
#78=FACE_BOUND('',#998,.T.);
#79=FACE_BOUND('',#1000,.T.);
#80=FACE_BOUND('',#1002,.T.);
#81=FACE_BOUND('',#1004,.T.);
#82=FACE_BOUND('',#1006,.T.);
#83=FACE_BOUND('',#1007,.T.);
#84=FACE_BOUND('',#1008,.T.);
#85=FACE_BOUND('',#1009,.T.);
#86=FACE_BOUND('',#1010,.T.);
#87=FACE_BOUND('',#1011,.T.);
#88=FACE_BOUND('',#1012,.T.);
#89=FACE_BOUND('',#1013,.T.);
#90=FACE_BOUND('',#1014,.T.);
#91=FACE_BOUND('',#1015,.T.);
#92=FACE_BOUND('',#1016,.T.);
#93=FACE_BOUND('',#1017,.T.);
#94=FACE_BOUND('',#1032,.T.);
#95=FACE_BOUND('',#1034,.T.);
#96=FACE_BOUND('',#1035,.T.);
#97=FACE_BOUND('',#1036,.T.);
#98=FACE_BOUND('',#1037,.T.);
#99=FACE_BOUND('',#1039,.T.);
#100=FACE_BOUND('',#1041,.T.);
#101=FACE_BOUND('',#1043,.T.);
#102=FACE_BOUND('',#1044,.T.);
#103=FACE_BOUND('',#1045,.T.);
#104=FACE_BOUND('',#1046,.T.);
#105=FACE_BOUND('',#1048,.T.);
#106=FACE_BOUND('',#1085,.T.);
#107=FACE_BOUND('',#1092,.T.);
#108=FACE_BOUND('',#1094,.T.);
#109=FACE_BOUND('',#1096,.T.);
#110=FACE_BOUND('',#1098,.T.);
#111=FACE_BOUND('',#1100,.T.);
#112=FACE_BOUND('',#1102,.T.);
#113=FACE_BOUND('',#1104,.T.);
#114=FACE_BOUND('',#1105,.T.);
#115=FACE_BOUND('',#1106,.T.);
#116=FACE_BOUND('',#1107,.T.);
#117=FACE_BOUND('',#1108,.T.);
#118=FACE_BOUND('',#1109,.T.);
#119=FACE_BOUND('',#1110,.T.);
#120=FACE_BOUND('',#1111,.T.);
#121=FACE_BOUND('',#1112,.T.);
#122=FACE_BOUND('',#1113,.T.);
#123=FACE_BOUND('',#1114,.T.);
#124=FACE_BOUND('',#1115,.T.);
#125=FACE_BOUND('',#1130,.T.);
#126=FACE_BOUND('',#1160,.T.);
#127=FACE_BOUND('',#1162,.T.);
#128=FACE_BOUND('',#1163,.T.);
#129=FACE_BOUND('',#1164,.T.);
#130=FACE_BOUND('',#1165,.T.);
#131=FACE_BOUND('',#1166,.T.);
#132=FACE_BOUND('',#1167,.T.);
#133=FACE_BOUND('',#1168,.T.);
#134=FACE_BOUND('',#1169,.T.);
#135=FACE_BOUND('',#1170,.T.);
#136=FACE_BOUND('',#1171,.T.);
#137=FACE_BOUND('',#1175,.T.);
#138=FACE_BOUND('',#1176,.T.);
#139=FACE_BOUND('',#1177,.T.);
#140=FACE_BOUND('',#1178,.T.);
#141=FACE_BOUND('',#1179,.T.);
#142=FACE_BOUND('',#1199,.T.);
#143=FACE_BOUND('',#1210,.T.);
#144=FACE_BOUND('',#1215,.T.);
#145=FACE_BOUND('',#1225,.T.);
#146=FACE_BOUND('',#1230,.T.);
#147=FACE_BOUND('',#1240,.T.);
#148=FACE_BOUND('',#1245,.T.);
#149=FACE_BOUND('',#1255,.T.);
#150=FACE_BOUND('',#1260,.T.);
#151=FACE_BOUND('',#1270,.T.);
#152=FACE_BOUND('',#1275,.T.);
#153=FACE_BOUND('',#1284,.T.);
#154=FACE_BOUND('',#1295,.T.);
#155=FACE_BOUND('',#1306,.T.);
#156=FACE_BOUND('',#1316,.T.);
#157=FACE_BOUND('',#1326,.T.);
#158=FACE_BOUND('',#1336,.T.);
#159=PLANE('',#7078);
#160=PLANE('',#7079);
#161=PLANE('',#7080);
#162=PLANE('',#7081);
#163=PLANE('',#7082);
#164=PLANE('',#7083);
#165=PLANE('',#7084);
#166=PLANE('',#7085);
#167=PLANE('',#7089);
#168=PLANE('',#7090);
#169=PLANE('',#7091);
#170=PLANE('',#7092);
#171=PLANE('',#7093);
#172=PLANE('',#7094);
#173=PLANE('',#7095);
#174=PLANE('',#7096);
#175=PLANE('',#7100);
#176=PLANE('',#7101);
#177=PLANE('',#7102);
#178=PLANE('',#7103);
#179=PLANE('',#7104);
#180=PLANE('',#7105);
#181=PLANE('',#7106);
#182=PLANE('',#7107);
#183=PLANE('',#7111);
#184=PLANE('',#7112);
#185=PLANE('',#7113);
#186=PLANE('',#7114);
#187=PLANE('',#7115);
#188=PLANE('',#7116);
#189=PLANE('',#7117);
#190=PLANE('',#7118);
#191=PLANE('',#7125);
#192=PLANE('',#7126);
#193=PLANE('',#7127);
#194=PLANE('',#7128);
#195=PLANE('',#7129);
#196=PLANE('',#7130);
#197=PLANE('',#7131);
#198=PLANE('',#7132);
#199=PLANE('',#7133);
#200=PLANE('',#7137);
#201=PLANE('',#7138);
#202=PLANE('',#7139);
#203=PLANE('',#7140);
#204=PLANE('',#7141);
#205=PLANE('',#7142);
#206=PLANE('',#7143);
#207=PLANE('',#7144);
#208=PLANE('',#7148);
#209=PLANE('',#7149);
#210=PLANE('',#7150);
#211=PLANE('',#7151);
#212=PLANE('',#7152);
#213=PLANE('',#7153);
#214=PLANE('',#7154);
#215=PLANE('',#7155);
#216=PLANE('',#7156);
#217=PLANE('',#7166);
#218=PLANE('',#7167);
#219=PLANE('',#7168);
#220=PLANE('',#7169);
#221=PLANE('',#7170);
#222=PLANE('',#7171);
#223=PLANE('',#7172);
#224=PLANE('',#7173);
#225=PLANE('',#7174);
#226=PLANE('',#7178);
#227=PLANE('',#7202);
#228=PLANE('',#7207);
#229=PLANE('',#7209);
#230=PLANE('',#7215);
#231=PLANE('',#7219);
#232=PLANE('',#7221);
#233=PLANE('',#7222);
#234=PLANE('',#7227);
#235=PLANE('',#7230);
#236=PLANE('',#7231);
#237=PLANE('',#7234);
#238=PLANE('',#7237);
#239=PLANE('',#7240);
#240=PLANE('',#7295);
#241=PLANE('',#7301);
#242=PLANE('',#7304);
#243=PLANE('',#7305);
#244=PLANE('',#7306);
#245=PLANE('',#7309);
#246=PLANE('',#7310);
#247=PLANE('',#7311);
#248=PLANE('',#7313);
#249=PLANE('',#7315);
#250=PLANE('',#7317);
#251=PLANE('',#7319);
#252=PLANE('',#7321);
#253=PLANE('',#7323);
#254=PLANE('',#7325);
#255=PLANE('',#7327);
#256=PLANE('',#7329);
#257=PLANE('',#7331);
#258=PLANE('',#7333);
#259=PLANE('',#7361);
#260=PLANE('',#7362);
#261=PLANE('',#7365);
#262=PLANE('',#7368);
#263=PLANE('',#7371);
#264=PLANE('',#7380);
#265=PLANE('',#7383);
#266=PLANE('',#7432);
#267=PLANE('',#7438);
#268=PLANE('',#7441);
#269=PLANE('',#7442);
#270=PLANE('',#7443);
#271=PLANE('',#7446);
#272=PLANE('',#7447);
#273=PLANE('',#7448);
#274=PLANE('',#7450);
#275=PLANE('',#7452);
#276=PLANE('',#7454);
#277=PLANE('',#7456);
#278=PLANE('',#7458);
#279=PLANE('',#7460);
#280=PLANE('',#7462);
#281=PLANE('',#7464);
#282=PLANE('',#7466);
#283=PLANE('',#7468);
#284=PLANE('',#7470);
#285=PLANE('',#7498);
#286=PLANE('',#7502);
#287=PLANE('',#7512);
#288=PLANE('',#7513);
#289=PLANE('',#7523);
#290=PLANE('',#7536);
#291=PLANE('',#7540);
#292=PLANE('',#7544);
#293=PLANE('',#7548);
#294=PLANE('',#7557);
#295=PLANE('',#7558);
#296=PLANE('',#7562);
#297=PLANE('',#7567);
#298=PLANE('',#7577);
#299=PLANE('',#7579);
#300=PLANE('',#7583);
#301=PLANE('',#7603);
#302=PLANE('',#7604);
#303=PLANE('',#7605);
#304=PLANE('',#7606);
#305=PLANE('',#7607);
#306=PLANE('',#7608);
#307=PLANE('',#7609);
#308=PLANE('',#7610);
#309=PLANE('',#7611);
#310=PLANE('',#7614);
#311=PLANE('',#7615);
#312=PLANE('',#7616);
#313=PLANE('',#7617);
#314=PLANE('',#7618);
#315=PLANE('',#7619);
#316=PLANE('',#7620);
#317=PLANE('',#7621);
#318=PLANE('',#7623);
#319=PLANE('',#7630);
#320=PLANE('',#7631);
#321=PLANE('',#7632);
#322=PLANE('',#7633);
#323=PLANE('',#7634);
#324=PLANE('',#7635);
#325=PLANE('',#7636);
#326=PLANE('',#7637);
#327=PLANE('',#7638);
#328=PLANE('',#7640);
#329=PLANE('',#7647);
#330=PLANE('',#7648);
#331=PLANE('',#7649);
#332=PLANE('',#7650);
#333=PLANE('',#7651);
#334=PLANE('',#7652);
#335=PLANE('',#7653);
#336=PLANE('',#7654);
#337=PLANE('',#7655);
#338=PLANE('',#7657);
#339=PLANE('',#7664);
#340=PLANE('',#7665);
#341=PLANE('',#7666);
#342=PLANE('',#7667);
#343=PLANE('',#7668);
#344=PLANE('',#7669);
#345=PLANE('',#7670);
#346=PLANE('',#7671);
#347=PLANE('',#7672);
#348=PLANE('',#7674);
#349=PLANE('',#7681);
#350=PLANE('',#7682);
#351=PLANE('',#7683);
#352=PLANE('',#7684);
#353=PLANE('',#7685);
#354=PLANE('',#7686);
#355=PLANE('',#7687);
#356=PLANE('',#7688);
#357=PLANE('',#7689);
#358=PLANE('',#7691);
#359=PLANE('',#7698);
#360=PLANE('',#7699);
#361=PLANE('',#7700);
#362=PLANE('',#7701);
#363=PLANE('',#7702);
#364=PLANE('',#7703);
#365=PLANE('',#7704);
#366=PLANE('',#7705);
#367=PLANE('',#7706);
#368=PLANE('',#7709);
#369=PLANE('',#7710);
#370=PLANE('',#7711);
#371=PLANE('',#7712);
#372=PLANE('',#7713);
#373=PLANE('',#7714);
#374=PLANE('',#7715);
#375=PLANE('',#7716);
#376=PLANE('',#7718);
#377=PLANE('',#7722);
#378=PLANE('',#7723);
#379=PLANE('',#7724);
#380=PLANE('',#7725);
#381=PLANE('',#7726);
#382=PLANE('',#7727);
#383=PLANE('',#7728);
#384=PLANE('',#7729);
#385=PLANE('',#7732);
#386=PLANE('',#7733);
#387=PLANE('',#7734);
#388=PLANE('',#7735);
#389=PLANE('',#7736);
#390=PLANE('',#7737);
#391=PLANE('',#7738);
#392=PLANE('',#7739);
#393=PLANE('',#7742);
#394=PLANE('',#7743);
#395=PLANE('',#7744);
#396=PLANE('',#7745);
#397=PLANE('',#7746);
#398=PLANE('',#7747);
#399=PLANE('',#7748);
#400=PLANE('',#7749);
#401=PLANE('',#7752);
#402=PLANE('',#7753);
#403=PLANE('',#7754);
#404=PLANE('',#7755);
#405=PLANE('',#7756);
#406=PLANE('',#7757);
#407=PLANE('',#7758);
#408=PLANE('',#7759);
#409=FACE_OUTER_BOUND('',#818,.T.);
#410=FACE_OUTER_BOUND('',#819,.T.);
#411=FACE_OUTER_BOUND('',#821,.T.);
#412=FACE_OUTER_BOUND('',#822,.T.);
#413=FACE_OUTER_BOUND('',#823,.T.);
#414=FACE_OUTER_BOUND('',#824,.T.);
#415=FACE_OUTER_BOUND('',#825,.T.);
#416=FACE_OUTER_BOUND('',#826,.T.);
#417=FACE_OUTER_BOUND('',#827,.T.);
#418=FACE_OUTER_BOUND('',#828,.T.);
#419=FACE_OUTER_BOUND('',#829,.T.);
#420=FACE_OUTER_BOUND('',#831,.T.);
#421=FACE_OUTER_BOUND('',#832,.T.);
#422=FACE_OUTER_BOUND('',#833,.T.);
#423=FACE_OUTER_BOUND('',#834,.T.);
#424=FACE_OUTER_BOUND('',#835,.T.);
#425=FACE_OUTER_BOUND('',#836,.T.);
#426=FACE_OUTER_BOUND('',#837,.T.);
#427=FACE_OUTER_BOUND('',#838,.T.);
#428=FACE_OUTER_BOUND('',#839,.T.);
#429=FACE_OUTER_BOUND('',#841,.T.);
#430=FACE_OUTER_BOUND('',#842,.T.);
#431=FACE_OUTER_BOUND('',#843,.T.);
#432=FACE_OUTER_BOUND('',#844,.T.);
#433=FACE_OUTER_BOUND('',#845,.T.);
#434=FACE_OUTER_BOUND('',#846,.T.);
#435=FACE_OUTER_BOUND('',#847,.T.);
#436=FACE_OUTER_BOUND('',#848,.T.);
#437=FACE_OUTER_BOUND('',#849,.T.);
#438=FACE_OUTER_BOUND('',#851,.T.);
#439=FACE_OUTER_BOUND('',#852,.T.);
#440=FACE_OUTER_BOUND('',#853,.T.);
#441=FACE_OUTER_BOUND('',#854,.T.);
#442=FACE_OUTER_BOUND('',#855,.T.);
#443=FACE_OUTER_BOUND('',#856,.T.);
#444=FACE_OUTER_BOUND('',#857,.T.);
#445=FACE_OUTER_BOUND('',#858,.T.);
#446=FACE_OUTER_BOUND('',#859,.T.);
#447=FACE_OUTER_BOUND('',#860,.T.);
#448=FACE_OUTER_BOUND('',#862,.T.);
#449=FACE_OUTER_BOUND('',#863,.T.);
#450=FACE_OUTER_BOUND('',#864,.T.);
#451=FACE_OUTER_BOUND('',#865,.T.);
#452=FACE_OUTER_BOUND('',#866,.T.);
#453=FACE_OUTER_BOUND('',#867,.T.);
#454=FACE_OUTER_BOUND('',#868,.T.);
#455=FACE_OUTER_BOUND('',#869,.T.);
#456=FACE_OUTER_BOUND('',#870,.T.);
#457=FACE_OUTER_BOUND('',#871,.T.);
#458=FACE_OUTER_BOUND('',#873,.T.);
#459=FACE_OUTER_BOUND('',#874,.T.);
#460=FACE_OUTER_BOUND('',#875,.T.);
#461=FACE_OUTER_BOUND('',#876,.T.);
#462=FACE_OUTER_BOUND('',#877,.T.);
#463=FACE_OUTER_BOUND('',#878,.T.);
#464=FACE_OUTER_BOUND('',#879,.T.);
#465=FACE_OUTER_BOUND('',#880,.T.);
#466=FACE_OUTER_BOUND('',#881,.T.);
#467=FACE_OUTER_BOUND('',#883,.T.);
#468=FACE_OUTER_BOUND('',#884,.T.);
#469=FACE_OUTER_BOUND('',#885,.T.);
#470=FACE_OUTER_BOUND('',#886,.T.);
#471=FACE_OUTER_BOUND('',#887,.T.);
#472=FACE_OUTER_BOUND('',#888,.T.);
#473=FACE_OUTER_BOUND('',#889,.T.);
#474=FACE_OUTER_BOUND('',#890,.T.);
#475=FACE_OUTER_BOUND('',#892,.T.);
#476=FACE_OUTER_BOUND('',#893,.T.);
#477=FACE_OUTER_BOUND('',#894,.T.);
#478=FACE_OUTER_BOUND('',#895,.T.);
#479=FACE_OUTER_BOUND('',#897,.T.);
#480=FACE_OUTER_BOUND('',#898,.T.);
#481=FACE_OUTER_BOUND('',#899,.T.);
#482=FACE_OUTER_BOUND('',#900,.T.);
#483=FACE_OUTER_BOUND('',#901,.T.);
#484=FACE_OUTER_BOUND('',#902,.T.);
#485=FACE_OUTER_BOUND('',#903,.T.);
#486=FACE_OUTER_BOUND('',#904,.T.);
#487=FACE_OUTER_BOUND('',#905,.T.);
#488=FACE_OUTER_BOUND('',#906,.T.);
#489=FACE_OUTER_BOUND('',#907,.T.);
#490=FACE_OUTER_BOUND('',#908,.T.);
#491=FACE_OUTER_BOUND('',#909,.T.);
#492=FACE_OUTER_BOUND('',#910,.T.);
#493=FACE_OUTER_BOUND('',#911,.T.);
#494=FACE_OUTER_BOUND('',#912,.T.);
#495=FACE_OUTER_BOUND('',#913,.T.);
#496=FACE_OUTER_BOUND('',#914,.T.);
#497=FACE_OUTER_BOUND('',#915,.T.);
#498=FACE_OUTER_BOUND('',#916,.T.);
#499=FACE_OUTER_BOUND('',#917,.T.);
#500=FACE_OUTER_BOUND('',#918,.T.);
#501=FACE_OUTER_BOUND('',#919,.T.);
#502=FACE_OUTER_BOUND('',#926,.T.);
#503=FACE_OUTER_BOUND('',#934,.T.);
#504=FACE_OUTER_BOUND('',#935,.T.);
#505=FACE_OUTER_BOUND('',#936,.T.);
#506=FACE_OUTER_BOUND('',#937,.T.);
#507=FACE_OUTER_BOUND('',#938,.T.);
#508=FACE_OUTER_BOUND('',#939,.T.);
#509=FACE_OUTER_BOUND('',#940,.T.);
#510=FACE_OUTER_BOUND('',#942,.T.);
#511=FACE_OUTER_BOUND('',#944,.T.);
#512=FACE_OUTER_BOUND('',#945,.T.);
#513=FACE_OUTER_BOUND('',#947,.T.);
#514=FACE_OUTER_BOUND('',#949,.T.);
#515=FACE_OUTER_BOUND('',#951,.T.);
#516=FACE_OUTER_BOUND('',#952,.T.);
#517=FACE_OUTER_BOUND('',#953,.T.);
#518=FACE_OUTER_BOUND('',#954,.T.);
#519=FACE_OUTER_BOUND('',#955,.T.);
#520=FACE_OUTER_BOUND('',#956,.T.);
#521=FACE_OUTER_BOUND('',#957,.T.);
#522=FACE_OUTER_BOUND('',#958,.T.);
#523=FACE_OUTER_BOUND('',#959,.T.);
#524=FACE_OUTER_BOUND('',#960,.T.);
#525=FACE_OUTER_BOUND('',#961,.T.);
#526=FACE_OUTER_BOUND('',#962,.T.);
#527=FACE_OUTER_BOUND('',#963,.T.);
#528=FACE_OUTER_BOUND('',#964,.T.);
#529=FACE_OUTER_BOUND('',#965,.T.);
#530=FACE_OUTER_BOUND('',#966,.T.);
#531=FACE_OUTER_BOUND('',#967,.T.);
#532=FACE_OUTER_BOUND('',#968,.T.);
#533=FACE_OUTER_BOUND('',#969,.T.);
#534=FACE_OUTER_BOUND('',#970,.T.);
#535=FACE_OUTER_BOUND('',#971,.T.);
#536=FACE_OUTER_BOUND('',#972,.T.);
#537=FACE_OUTER_BOUND('',#973,.T.);
#538=FACE_OUTER_BOUND('',#974,.T.);
#539=FACE_OUTER_BOUND('',#975,.T.);
#540=FACE_OUTER_BOUND('',#976,.T.);
#541=FACE_OUTER_BOUND('',#977,.T.);
#542=FACE_OUTER_BOUND('',#978,.T.);
#543=FACE_OUTER_BOUND('',#979,.T.);
#544=FACE_OUTER_BOUND('',#980,.T.);
#545=FACE_OUTER_BOUND('',#981,.T.);
#546=FACE_OUTER_BOUND('',#982,.T.);
#547=FACE_OUTER_BOUND('',#983,.T.);
#548=FACE_OUTER_BOUND('',#984,.T.);
#549=FACE_OUTER_BOUND('',#985,.T.);
#550=FACE_OUTER_BOUND('',#986,.T.);
#551=FACE_OUTER_BOUND('',#988,.T.);
#552=FACE_OUTER_BOUND('',#989,.T.);
#553=FACE_OUTER_BOUND('',#990,.T.);
#554=FACE_OUTER_BOUND('',#991,.T.);
#555=FACE_OUTER_BOUND('',#992,.T.);
#556=FACE_OUTER_BOUND('',#993,.T.);
#557=FACE_OUTER_BOUND('',#995,.T.);
#558=FACE_OUTER_BOUND('',#997,.T.);
#559=FACE_OUTER_BOUND('',#999,.T.);
#560=FACE_OUTER_BOUND('',#1001,.T.);
#561=FACE_OUTER_BOUND('',#1003,.T.);
#562=FACE_OUTER_BOUND('',#1005,.T.);
#563=FACE_OUTER_BOUND('',#1018,.T.);
#564=FACE_OUTER_BOUND('',#1019,.T.);
#565=FACE_OUTER_BOUND('',#1020,.T.);
#566=FACE_OUTER_BOUND('',#1021,.T.);
#567=FACE_OUTER_BOUND('',#1022,.T.);
#568=FACE_OUTER_BOUND('',#1023,.T.);
#569=FACE_OUTER_BOUND('',#1024,.T.);
#570=FACE_OUTER_BOUND('',#1025,.T.);
#571=FACE_OUTER_BOUND('',#1026,.T.);
#572=FACE_OUTER_BOUND('',#1027,.T.);
#573=FACE_OUTER_BOUND('',#1028,.T.);
#574=FACE_OUTER_BOUND('',#1029,.T.);
#575=FACE_OUTER_BOUND('',#1030,.T.);
#576=FACE_OUTER_BOUND('',#1031,.T.);
#577=FACE_OUTER_BOUND('',#1033,.T.);
#578=FACE_OUTER_BOUND('',#1038,.T.);
#579=FACE_OUTER_BOUND('',#1040,.T.);
#580=FACE_OUTER_BOUND('',#1042,.T.);
#581=FACE_OUTER_BOUND('',#1047,.T.);
#582=FACE_OUTER_BOUND('',#1049,.T.);
#583=FACE_OUTER_BOUND('',#1050,.T.);
#584=FACE_OUTER_BOUND('',#1051,.T.);
#585=FACE_OUTER_BOUND('',#1052,.T.);
#586=FACE_OUTER_BOUND('',#1053,.T.);
#587=FACE_OUTER_BOUND('',#1054,.T.);
#588=FACE_OUTER_BOUND('',#1055,.T.);
#589=FACE_OUTER_BOUND('',#1056,.T.);
#590=FACE_OUTER_BOUND('',#1057,.T.);
#591=FACE_OUTER_BOUND('',#1058,.T.);
#592=FACE_OUTER_BOUND('',#1059,.T.);
#593=FACE_OUTER_BOUND('',#1060,.T.);
#594=FACE_OUTER_BOUND('',#1061,.T.);
#595=FACE_OUTER_BOUND('',#1062,.T.);
#596=FACE_OUTER_BOUND('',#1063,.T.);
#597=FACE_OUTER_BOUND('',#1064,.T.);
#598=FACE_OUTER_BOUND('',#1065,.T.);
#599=FACE_OUTER_BOUND('',#1066,.T.);
#600=FACE_OUTER_BOUND('',#1067,.T.);
#601=FACE_OUTER_BOUND('',#1068,.T.);
#602=FACE_OUTER_BOUND('',#1069,.T.);
#603=FACE_OUTER_BOUND('',#1070,.T.);
#604=FACE_OUTER_BOUND('',#1071,.T.);
#605=FACE_OUTER_BOUND('',#1072,.T.);
#606=FACE_OUTER_BOUND('',#1073,.T.);
#607=FACE_OUTER_BOUND('',#1074,.T.);
#608=FACE_OUTER_BOUND('',#1075,.T.);
#609=FACE_OUTER_BOUND('',#1076,.T.);
#610=FACE_OUTER_BOUND('',#1077,.T.);
#611=FACE_OUTER_BOUND('',#1078,.T.);
#612=FACE_OUTER_BOUND('',#1079,.T.);
#613=FACE_OUTER_BOUND('',#1080,.T.);
#614=FACE_OUTER_BOUND('',#1081,.T.);
#615=FACE_OUTER_BOUND('',#1082,.T.);
#616=FACE_OUTER_BOUND('',#1083,.T.);
#617=FACE_OUTER_BOUND('',#1084,.T.);
#618=FACE_OUTER_BOUND('',#1086,.T.);
#619=FACE_OUTER_BOUND('',#1087,.T.);
#620=FACE_OUTER_BOUND('',#1088,.T.);
#621=FACE_OUTER_BOUND('',#1089,.T.);
#622=FACE_OUTER_BOUND('',#1090,.T.);
#623=FACE_OUTER_BOUND('',#1091,.T.);
#624=FACE_OUTER_BOUND('',#1093,.T.);
#625=FACE_OUTER_BOUND('',#1095,.T.);
#626=FACE_OUTER_BOUND('',#1097,.T.);
#627=FACE_OUTER_BOUND('',#1099,.T.);
#628=FACE_OUTER_BOUND('',#1101,.T.);
#629=FACE_OUTER_BOUND('',#1103,.T.);
#630=FACE_OUTER_BOUND('',#1116,.T.);
#631=FACE_OUTER_BOUND('',#1117,.T.);
#632=FACE_OUTER_BOUND('',#1118,.T.);
#633=FACE_OUTER_BOUND('',#1119,.T.);
#634=FACE_OUTER_BOUND('',#1120,.T.);
#635=FACE_OUTER_BOUND('',#1121,.T.);
#636=FACE_OUTER_BOUND('',#1122,.T.);
#637=FACE_OUTER_BOUND('',#1123,.T.);
#638=FACE_OUTER_BOUND('',#1124,.T.);
#639=FACE_OUTER_BOUND('',#1125,.T.);
#640=FACE_OUTER_BOUND('',#1126,.T.);
#641=FACE_OUTER_BOUND('',#1127,.T.);
#642=FACE_OUTER_BOUND('',#1128,.T.);
#643=FACE_OUTER_BOUND('',#1129,.T.);
#644=FACE_OUTER_BOUND('',#1131,.T.);
#645=FACE_OUTER_BOUND('',#1132,.T.);
#646=FACE_OUTER_BOUND('',#1133,.T.);
#647=FACE_OUTER_BOUND('',#1134,.T.);
#648=FACE_OUTER_BOUND('',#1135,.T.);
#649=FACE_OUTER_BOUND('',#1136,.T.);
#650=FACE_OUTER_BOUND('',#1137,.T.);
#651=FACE_OUTER_BOUND('',#1138,.T.);
#652=FACE_OUTER_BOUND('',#1139,.T.);
#653=FACE_OUTER_BOUND('',#1140,.T.);
#654=FACE_OUTER_BOUND('',#1141,.T.);
#655=FACE_OUTER_BOUND('',#1142,.T.);
#656=FACE_OUTER_BOUND('',#1143,.T.);
#657=FACE_OUTER_BOUND('',#1144,.T.);
#658=FACE_OUTER_BOUND('',#1145,.T.);
#659=FACE_OUTER_BOUND('',#1146,.T.);
#660=FACE_OUTER_BOUND('',#1147,.T.);
#661=FACE_OUTER_BOUND('',#1148,.T.);
#662=FACE_OUTER_BOUND('',#1149,.T.);
#663=FACE_OUTER_BOUND('',#1150,.T.);
#664=FACE_OUTER_BOUND('',#1151,.T.);
#665=FACE_OUTER_BOUND('',#1152,.T.);
#666=FACE_OUTER_BOUND('',#1153,.T.);
#667=FACE_OUTER_BOUND('',#1154,.T.);
#668=FACE_OUTER_BOUND('',#1155,.T.);
#669=FACE_OUTER_BOUND('',#1156,.T.);
#670=FACE_OUTER_BOUND('',#1157,.T.);
#671=FACE_OUTER_BOUND('',#1158,.T.);
#672=FACE_OUTER_BOUND('',#1159,.T.);
#673=FACE_OUTER_BOUND('',#1161,.T.);
#674=FACE_OUTER_BOUND('',#1172,.T.);
#675=FACE_OUTER_BOUND('',#1173,.T.);
#676=FACE_OUTER_BOUND('',#1174,.T.);
#677=FACE_OUTER_BOUND('',#1180,.T.);
#678=FACE_OUTER_BOUND('',#1181,.T.);
#679=FACE_OUTER_BOUND('',#1182,.T.);
#680=FACE_OUTER_BOUND('',#1183,.T.);
#681=FACE_OUTER_BOUND('',#1184,.T.);
#682=FACE_OUTER_BOUND('',#1185,.T.);
#683=FACE_OUTER_BOUND('',#1186,.T.);
#684=FACE_OUTER_BOUND('',#1187,.T.);
#685=FACE_OUTER_BOUND('',#1188,.T.);
#686=FACE_OUTER_BOUND('',#1189,.T.);
#687=FACE_OUTER_BOUND('',#1190,.T.);
#688=FACE_OUTER_BOUND('',#1191,.T.);
#689=FACE_OUTER_BOUND('',#1192,.T.);
#690=FACE_OUTER_BOUND('',#1193,.T.);
#691=FACE_OUTER_BOUND('',#1194,.T.);
#692=FACE_OUTER_BOUND('',#1195,.T.);
#693=FACE_OUTER_BOUND('',#1196,.T.);
#694=FACE_OUTER_BOUND('',#1197,.T.);
#695=FACE_OUTER_BOUND('',#1198,.T.);
#696=FACE_OUTER_BOUND('',#1200,.T.);
#697=FACE_OUTER_BOUND('',#1201,.T.);
#698=FACE_OUTER_BOUND('',#1202,.T.);
#699=FACE_OUTER_BOUND('',#1203,.T.);
#700=FACE_OUTER_BOUND('',#1204,.T.);
#701=FACE_OUTER_BOUND('',#1205,.T.);
#702=FACE_OUTER_BOUND('',#1206,.T.);
#703=FACE_OUTER_BOUND('',#1207,.T.);
#704=FACE_OUTER_BOUND('',#1208,.T.);
#705=FACE_OUTER_BOUND('',#1209,.T.);
#706=FACE_OUTER_BOUND('',#1211,.T.);
#707=FACE_OUTER_BOUND('',#1212,.T.);
#708=FACE_OUTER_BOUND('',#1213,.T.);
#709=FACE_OUTER_BOUND('',#1214,.T.);
#710=FACE_OUTER_BOUND('',#1216,.T.);
#711=FACE_OUTER_BOUND('',#1217,.T.);
#712=FACE_OUTER_BOUND('',#1218,.T.);
#713=FACE_OUTER_BOUND('',#1219,.T.);
#714=FACE_OUTER_BOUND('',#1220,.T.);
#715=FACE_OUTER_BOUND('',#1221,.T.);
#716=FACE_OUTER_BOUND('',#1222,.T.);
#717=FACE_OUTER_BOUND('',#1223,.T.);
#718=FACE_OUTER_BOUND('',#1224,.T.);
#719=FACE_OUTER_BOUND('',#1226,.T.);
#720=FACE_OUTER_BOUND('',#1227,.T.);
#721=FACE_OUTER_BOUND('',#1228,.T.);
#722=FACE_OUTER_BOUND('',#1229,.T.);
#723=FACE_OUTER_BOUND('',#1231,.T.);
#724=FACE_OUTER_BOUND('',#1232,.T.);
#725=FACE_OUTER_BOUND('',#1233,.T.);
#726=FACE_OUTER_BOUND('',#1234,.T.);
#727=FACE_OUTER_BOUND('',#1235,.T.);
#728=FACE_OUTER_BOUND('',#1236,.T.);
#729=FACE_OUTER_BOUND('',#1237,.T.);
#730=FACE_OUTER_BOUND('',#1238,.T.);
#731=FACE_OUTER_BOUND('',#1239,.T.);
#732=FACE_OUTER_BOUND('',#1241,.T.);
#733=FACE_OUTER_BOUND('',#1242,.T.);
#734=FACE_OUTER_BOUND('',#1243,.T.);
#735=FACE_OUTER_BOUND('',#1244,.T.);
#736=FACE_OUTER_BOUND('',#1246,.T.);
#737=FACE_OUTER_BOUND('',#1247,.T.);
#738=FACE_OUTER_BOUND('',#1248,.T.);
#739=FACE_OUTER_BOUND('',#1249,.T.);
#740=FACE_OUTER_BOUND('',#1250,.T.);
#741=FACE_OUTER_BOUND('',#1251,.T.);
#742=FACE_OUTER_BOUND('',#1252,.T.);
#743=FACE_OUTER_BOUND('',#1253,.T.);
#744=FACE_OUTER_BOUND('',#1254,.T.);
#745=FACE_OUTER_BOUND('',#1256,.T.);
#746=FACE_OUTER_BOUND('',#1257,.T.);
#747=FACE_OUTER_BOUND('',#1258,.T.);
#748=FACE_OUTER_BOUND('',#1259,.T.);
#749=FACE_OUTER_BOUND('',#1261,.T.);
#750=FACE_OUTER_BOUND('',#1262,.T.);
#751=FACE_OUTER_BOUND('',#1263,.T.);
#752=FACE_OUTER_BOUND('',#1264,.T.);
#753=FACE_OUTER_BOUND('',#1265,.T.);
#754=FACE_OUTER_BOUND('',#1266,.T.);
#755=FACE_OUTER_BOUND('',#1267,.T.);
#756=FACE_OUTER_BOUND('',#1268,.T.);
#757=FACE_OUTER_BOUND('',#1269,.T.);
#758=FACE_OUTER_BOUND('',#1271,.T.);
#759=FACE_OUTER_BOUND('',#1272,.T.);
#760=FACE_OUTER_BOUND('',#1273,.T.);
#761=FACE_OUTER_BOUND('',#1274,.T.);
#762=FACE_OUTER_BOUND('',#1276,.T.);
#763=FACE_OUTER_BOUND('',#1277,.T.);
#764=FACE_OUTER_BOUND('',#1278,.T.);
#765=FACE_OUTER_BOUND('',#1279,.T.);
#766=FACE_OUTER_BOUND('',#1280,.T.);
#767=FACE_OUTER_BOUND('',#1281,.T.);
#768=FACE_OUTER_BOUND('',#1282,.T.);
#769=FACE_OUTER_BOUND('',#1283,.T.);
#770=FACE_OUTER_BOUND('',#1285,.T.);
#771=FACE_OUTER_BOUND('',#1286,.T.);
#772=FACE_OUTER_BOUND('',#1287,.T.);
#773=FACE_OUTER_BOUND('',#1288,.T.);
#774=FACE_OUTER_BOUND('',#1289,.T.);
#775=FACE_OUTER_BOUND('',#1290,.T.);
#776=FACE_OUTER_BOUND('',#1291,.T.);
#777=FACE_OUTER_BOUND('',#1292,.T.);
#778=FACE_OUTER_BOUND('',#1293,.T.);
#779=FACE_OUTER_BOUND('',#1294,.T.);
#780=FACE_OUTER_BOUND('',#1296,.T.);
#781=FACE_OUTER_BOUND('',#1297,.T.);
#782=FACE_OUTER_BOUND('',#1298,.T.);
#783=FACE_OUTER_BOUND('',#1299,.T.);
#784=FACE_OUTER_BOUND('',#1300,.T.);
#785=FACE_OUTER_BOUND('',#1301,.T.);
#786=FACE_OUTER_BOUND('',#1302,.T.);
#787=FACE_OUTER_BOUND('',#1303,.T.);
#788=FACE_OUTER_BOUND('',#1304,.T.);
#789=FACE_OUTER_BOUND('',#1305,.T.);
#790=FACE_OUTER_BOUND('',#1307,.T.);
#791=FACE_OUTER_BOUND('',#1308,.T.);
#792=FACE_OUTER_BOUND('',#1309,.T.);
#793=FACE_OUTER_BOUND('',#1310,.T.);
#794=FACE_OUTER_BOUND('',#1311,.T.);
#795=FACE_OUTER_BOUND('',#1312,.T.);
#796=FACE_OUTER_BOUND('',#1313,.T.);
#797=FACE_OUTER_BOUND('',#1314,.T.);
#798=FACE_OUTER_BOUND('',#1315,.T.);
#799=FACE_OUTER_BOUND('',#1317,.T.);
#800=FACE_OUTER_BOUND('',#1318,.T.);
#801=FACE_OUTER_BOUND('',#1319,.T.);
#802=FACE_OUTER_BOUND('',#1320,.T.);
#803=FACE_OUTER_BOUND('',#1321,.T.);
#804=FACE_OUTER_BOUND('',#1322,.T.);
#805=FACE_OUTER_BOUND('',#1323,.T.);
#806=FACE_OUTER_BOUND('',#1324,.T.);
#807=FACE_OUTER_BOUND('',#1325,.T.);
#808=FACE_OUTER_BOUND('',#1327,.T.);
#809=FACE_OUTER_BOUND('',#1328,.T.);
#810=FACE_OUTER_BOUND('',#1329,.T.);
#811=FACE_OUTER_BOUND('',#1330,.T.);
#812=FACE_OUTER_BOUND('',#1331,.T.);
#813=FACE_OUTER_BOUND('',#1332,.T.);
#814=FACE_OUTER_BOUND('',#1333,.T.);
#815=FACE_OUTER_BOUND('',#1334,.T.);
#816=FACE_OUTER_BOUND('',#1335,.T.);
#817=FACE_OUTER_BOUND('',#1337,.T.);
#818=EDGE_LOOP('',(#4318,#4319,#4320,#4321));
#819=EDGE_LOOP('',(#4322));
#820=EDGE_LOOP('',(#4323,#4324,#4325,#4326,#4327,#4328));
#821=EDGE_LOOP('',(#4329,#4330,#4331,#4332));
#822=EDGE_LOOP('',(#4333,#4334,#4335,#4336));
#823=EDGE_LOOP('',(#4337,#4338,#4339,#4340));
#824=EDGE_LOOP('',(#4341,#4342,#4343,#4344));
#825=EDGE_LOOP('',(#4345,#4346,#4347,#4348));
#826=EDGE_LOOP('',(#4349,#4350,#4351,#4352));
#827=EDGE_LOOP('',(#4353,#4354,#4355,#4356,#4357,#4358));
#828=EDGE_LOOP('',(#4359,#4360,#4361,#4362));
#829=EDGE_LOOP('',(#4363));
#830=EDGE_LOOP('',(#4364,#4365,#4366,#4367,#4368,#4369));
#831=EDGE_LOOP('',(#4370,#4371,#4372,#4373));
#832=EDGE_LOOP('',(#4374,#4375,#4376,#4377));
#833=EDGE_LOOP('',(#4378,#4379,#4380,#4381));
#834=EDGE_LOOP('',(#4382,#4383,#4384,#4385));
#835=EDGE_LOOP('',(#4386,#4387,#4388,#4389));
#836=EDGE_LOOP('',(#4390,#4391,#4392,#4393));
#837=EDGE_LOOP('',(#4394,#4395,#4396,#4397,#4398,#4399));
#838=EDGE_LOOP('',(#4400,#4401,#4402,#4403));
#839=EDGE_LOOP('',(#4404));
#840=EDGE_LOOP('',(#4405,#4406,#4407,#4408,#4409,#4410));
#841=EDGE_LOOP('',(#4411,#4412,#4413,#4414));
#842=EDGE_LOOP('',(#4415,#4416,#4417,#4418));
#843=EDGE_LOOP('',(#4419,#4420,#4421,#4422));
#844=EDGE_LOOP('',(#4423,#4424,#4425,#4426));
#845=EDGE_LOOP('',(#4427,#4428,#4429,#4430));
#846=EDGE_LOOP('',(#4431,#4432,#4433,#4434));
#847=EDGE_LOOP('',(#4435,#4436,#4437,#4438,#4439,#4440));
#848=EDGE_LOOP('',(#4441,#4442,#4443,#4444));
#849=EDGE_LOOP('',(#4445));
#850=EDGE_LOOP('',(#4446,#4447,#4448,#4449,#4450,#4451));
#851=EDGE_LOOP('',(#4452,#4453,#4454,#4455));
#852=EDGE_LOOP('',(#4456,#4457,#4458,#4459));
#853=EDGE_LOOP('',(#4460,#4461,#4462,#4463));
#854=EDGE_LOOP('',(#4464,#4465,#4466,#4467));
#855=EDGE_LOOP('',(#4468,#4469,#4470,#4471));
#856=EDGE_LOOP('',(#4472,#4473,#4474,#4475));
#857=EDGE_LOOP('',(#4476,#4477,#4478,#4479,#4480,#4481));
#858=EDGE_LOOP('',(#4482,#4483,#4484,#4485));
#859=EDGE_LOOP('',(#4486,#4487,#4488,#4489));
#860=EDGE_LOOP('',(#4490));
#861=EDGE_LOOP('',(#4491,#4492,#4493,#4494,#4495,#4496));
#862=EDGE_LOOP('',(#4497));
#863=EDGE_LOOP('',(#4498,#4499,#4500,#4501));
#864=EDGE_LOOP('',(#4502,#4503,#4504,#4505));
#865=EDGE_LOOP('',(#4506,#4507,#4508,#4509));
#866=EDGE_LOOP('',(#4510,#4511,#4512,#4513));
#867=EDGE_LOOP('',(#4514,#4515,#4516,#4517));
#868=EDGE_LOOP('',(#4518,#4519,#4520,#4521));
#869=EDGE_LOOP('',(#4522,#4523,#4524,#4525,#4526,#4527));
#870=EDGE_LOOP('',(#4528,#4529,#4530,#4531));
#871=EDGE_LOOP('',(#4532));
#872=EDGE_LOOP('',(#4533,#4534,#4535,#4536,#4537,#4538));
#873=EDGE_LOOP('',(#4539,#4540,#4541,#4542));
#874=EDGE_LOOP('',(#4543,#4544,#4545,#4546));
#875=EDGE_LOOP('',(#4547,#4548,#4549,#4550));
#876=EDGE_LOOP('',(#4551,#4552,#4553,#4554));
#877=EDGE_LOOP('',(#4555,#4556,#4557,#4558));
#878=EDGE_LOOP('',(#4559,#4560,#4561,#4562));
#879=EDGE_LOOP('',(#4563,#4564,#4565,#4566,#4567,#4568));
#880=EDGE_LOOP('',(#4569,#4570,#4571,#4572));
#881=EDGE_LOOP('',(#4573));
#882=EDGE_LOOP('',(#4574,#4575,#4576,#4577,#4578,#4579));
#883=EDGE_LOOP('',(#4580,#4581,#4582,#4583));
#884=EDGE_LOOP('',(#4584,#4585,#4586,#4587));
#885=EDGE_LOOP('',(#4588,#4589,#4590,#4591));
#886=EDGE_LOOP('',(#4592,#4593,#4594,#4595));
#887=EDGE_LOOP('',(#4596,#4597,#4598,#4599));
#888=EDGE_LOOP('',(#4600,#4601,#4602,#4603));
#889=EDGE_LOOP('',(#4604,#4605,#4606,#4607,#4608,#4609));
#890=EDGE_LOOP('',(#4610));
#891=EDGE_LOOP('',(#4611));
#892=EDGE_LOOP('',(#4612,#4613,#4614,#4615));
#893=EDGE_LOOP('',(#4616,#4617,#4618,#4619));
#894=EDGE_LOOP('',(#4620,#4621,#4622,#4623));
#895=EDGE_LOOP('',(#4624));
#896=EDGE_LOOP('',(#4625,#4626,#4627,#4628,#4629,#4630));
#897=EDGE_LOOP('',(#4631));
#898=EDGE_LOOP('',(#4632,#4633,#4634,#4635));
#899=EDGE_LOOP('',(#4636,#4637,#4638,#4639));
#900=EDGE_LOOP('',(#4640,#4641,#4642,#4643));
#901=EDGE_LOOP('',(#4644,#4645,#4646,#4647));
#902=EDGE_LOOP('',(#4648,#4649,#4650,#4651));
#903=EDGE_LOOP('',(#4652,#4653,#4654,#4655));
#904=EDGE_LOOP('',(#4656,#4657,#4658,#4659,#4660,#4661));
#905=EDGE_LOOP('',(#4662,#4663,#4664,#4665));
#906=EDGE_LOOP('',(#4666));
#907=EDGE_LOOP('',(#4667,#4668,#4669,#4670));
#908=EDGE_LOOP('',(#4671,#4672,#4673,#4674));
#909=EDGE_LOOP('',(#4675,#4676,#4677,#4678));
#910=EDGE_LOOP('',(#4679,#4680,#4681,#4682));
#911=EDGE_LOOP('',(#4683,#4684,#4685,#4686));
#912=EDGE_LOOP('',(#4687,#4688,#4689,#4690));
#913=EDGE_LOOP('',(#4691,#4692,#4693,#4694));
#914=EDGE_LOOP('',(#4695,#4696,#4697,#4698));
#915=EDGE_LOOP('',(#4699,#4700,#4701,#4702));
#916=EDGE_LOOP('',(#4703,#4704,#4705,#4706,#4707,#4708));
#917=EDGE_LOOP('',(#4709,#4710,#4711,#4712));
#918=EDGE_LOOP('',(#4713,#4714,#4715,#4716,#4717,#4718));
#919=EDGE_LOOP('',(#4719,#4720,#4721,#4722,#4723,#4724,#4725,#4726,#4727,
#4728));
#920=EDGE_LOOP('',(#4729));
#921=EDGE_LOOP('',(#4730));
#922=EDGE_LOOP('',(#4731));
#923=EDGE_LOOP('',(#4732));
#924=EDGE_LOOP('',(#4733));
#925=EDGE_LOOP('',(#4734));
#926=EDGE_LOOP('',(#4735,#4736,#4737,#4738,#4739,#4740,#4741,#4742));
#927=EDGE_LOOP('',(#4743));
#928=EDGE_LOOP('',(#4744));
#929=EDGE_LOOP('',(#4745));
#930=EDGE_LOOP('',(#4746));
#931=EDGE_LOOP('',(#4747));
#932=EDGE_LOOP('',(#4748));
#933=EDGE_LOOP('',(#4749));
#934=EDGE_LOOP('',(#4750,#4751,#4752,#4753,#4754,#4755));
#935=EDGE_LOOP('',(#4756,#4757,#4758,#4759));
#936=EDGE_LOOP('',(#4760,#4761));
#937=EDGE_LOOP('',(#4762,#4763,#4764,#4765));
#938=EDGE_LOOP('',(#4766,#4767,#4768,#4769,#4770,#4771));
#939=EDGE_LOOP('',(#4772,#4773));
#940=EDGE_LOOP('',(#4774,#4775,#4776,#4777,#4778,#4779));
#941=EDGE_LOOP('',(#4780));
#942=EDGE_LOOP('',(#4781,#4782,#4783,#4784,#4785,#4786));
#943=EDGE_LOOP('',(#4787));
#944=EDGE_LOOP('',(#4788,#4789,#4790,#4791));
#945=EDGE_LOOP('',(#4792));
#946=EDGE_LOOP('',(#4793));
#947=EDGE_LOOP('',(#4794));
#948=EDGE_LOOP('',(#4795));
#949=EDGE_LOOP('',(#4796));
#950=EDGE_LOOP('',(#4797));
#951=EDGE_LOOP('',(#4798));
#952=EDGE_LOOP('',(#4799,#4800,#4801,#4802));
#953=EDGE_LOOP('',(#4803,#4804,#4805,#4806,#4807,#4808));
#954=EDGE_LOOP('',(#4809,#4810,#4811,#4812,#4813,#4814));
#955=EDGE_LOOP('',(#4815,#4816,#4817,#4818));
#956=EDGE_LOOP('',(#4819,#4820,#4821,#4822));
#957=EDGE_LOOP('',(#4823,#4824,#4825));
#958=EDGE_LOOP('',(#4826,#4827,#4828,#4829));
#959=EDGE_LOOP('',(#4830,#4831,#4832));
#960=EDGE_LOOP('',(#4833,#4834,#4835,#4836));
#961=EDGE_LOOP('',(#4837,#4838,#4839));
#962=EDGE_LOOP('',(#4840,#4841,#4842,#4843));
#963=EDGE_LOOP('',(#4844,#4845,#4846));
#964=EDGE_LOOP('',(#4847,#4848,#4849,#4850));
#965=EDGE_LOOP('',(#4851,#4852,#4853));
#966=EDGE_LOOP('',(#4854,#4855,#4856,#4857));
#967=EDGE_LOOP('',(#4858,#4859,#4860));
#968=EDGE_LOOP('',(#4861,#4862,#4863,#4864));
#969=EDGE_LOOP('',(#4865,#4866,#4867));
#970=EDGE_LOOP('',(#4868,#4869,#4870,#4871));
#971=EDGE_LOOP('',(#4872,#4873,#4874));
#972=EDGE_LOOP('',(#4875,#4876,#4877,#4878));
#973=EDGE_LOOP('',(#4879,#4880,#4881));
#974=EDGE_LOOP('',(#4882,#4883,#4884,#4885));
#975=EDGE_LOOP('',(#4886,#4887,#4888));
#976=EDGE_LOOP('',(#4889,#4890,#4891,#4892));
#977=EDGE_LOOP('',(#4893,#4894,#4895,#4896,#4897,#4898,#4899,#4900));
#978=EDGE_LOOP('',(#4901,#4902,#4903,#4904));
#979=EDGE_LOOP('',(#4905,#4906,#4907,#4908));
#980=EDGE_LOOP('',(#4909,#4910,#4911,#4912));
#981=EDGE_LOOP('',(#4913,#4914,#4915,#4916));
#982=EDGE_LOOP('',(#4917,#4918,#4919,#4920));
#983=EDGE_LOOP('',(#4921,#4922,#4923,#4924));
#984=EDGE_LOOP('',(#4925,#4926,#4927,#4928));
#985=EDGE_LOOP('',(#4929,#4930,#4931,#4932));
#986=EDGE_LOOP('',(#4933,#4934,#4935,#4936,#4937,#4938,#4939,#4940));
#987=EDGE_LOOP('',(#4941));
#988=EDGE_LOOP('',(#4942));
#989=EDGE_LOOP('',(#4943));
#990=EDGE_LOOP('',(#4944));
#991=EDGE_LOOP('',(#4945));
#992=EDGE_LOOP('',(#4946));
#993=EDGE_LOOP('',(#4947));
#994=EDGE_LOOP('',(#4948));
#995=EDGE_LOOP('',(#4949));
#996=EDGE_LOOP('',(#4950));
#997=EDGE_LOOP('',(#4951));
#998=EDGE_LOOP('',(#4952));
#999=EDGE_LOOP('',(#4953));
#1000=EDGE_LOOP('',(#4954));
#1001=EDGE_LOOP('',(#4955));
#1002=EDGE_LOOP('',(#4956));
#1003=EDGE_LOOP('',(#4957));
#1004=EDGE_LOOP('',(#4958));
#1005=EDGE_LOOP('',(#4959));
#1006=EDGE_LOOP('',(#4960));
#1007=EDGE_LOOP('',(#4961));
#1008=EDGE_LOOP('',(#4962));
#1009=EDGE_LOOP('',(#4963));
#1010=EDGE_LOOP('',(#4964));
#1011=EDGE_LOOP('',(#4965));
#1012=EDGE_LOOP('',(#4966));
#1013=EDGE_LOOP('',(#4967));
#1014=EDGE_LOOP('',(#4968));
#1015=EDGE_LOOP('',(#4969));
#1016=EDGE_LOOP('',(#4970));
#1017=EDGE_LOOP('',(#4971));
#1018=EDGE_LOOP('',(#4972,#4973,#4974,#4975));
#1019=EDGE_LOOP('',(#4976,#4977,#4978,#4979));
#1020=EDGE_LOOP('',(#4980,#4981,#4982,#4983));
#1021=EDGE_LOOP('',(#4984,#4985,#4986,#4987));
#1022=EDGE_LOOP('',(#4988,#4989,#4990,#4991));
#1023=EDGE_LOOP('',(#4992,#4993,#4994,#4995));
#1024=EDGE_LOOP('',(#4996,#4997,#4998,#4999));
#1025=EDGE_LOOP('',(#5000,#5001,#5002,#5003));
#1026=EDGE_LOOP('',(#5004,#5005,#5006,#5007));
#1027=EDGE_LOOP('',(#5008,#5009,#5010,#5011));
#1028=EDGE_LOOP('',(#5012,#5013,#5014,#5015));
#1029=EDGE_LOOP('',(#5016,#5017,#5018,#5019));
#1030=EDGE_LOOP('',(#5020,#5021,#5022,#5023));
#1031=EDGE_LOOP('',(#5024));
#1032=EDGE_LOOP('',(#5025));
#1033=EDGE_LOOP('',(#5026,#5027,#5028,#5029));
#1034=EDGE_LOOP('',(#5030));
#1035=EDGE_LOOP('',(#5031));
#1036=EDGE_LOOP('',(#5032));
#1037=EDGE_LOOP('',(#5033));
#1038=EDGE_LOOP('',(#5034));
#1039=EDGE_LOOP('',(#5035));
#1040=EDGE_LOOP('',(#5036));
#1041=EDGE_LOOP('',(#5037));
#1042=EDGE_LOOP('',(#5038,#5039,#5040,#5041));
#1043=EDGE_LOOP('',(#5042));
#1044=EDGE_LOOP('',(#5043));
#1045=EDGE_LOOP('',(#5044));
#1046=EDGE_LOOP('',(#5045));
#1047=EDGE_LOOP('',(#5046));
#1048=EDGE_LOOP('',(#5047));
#1049=EDGE_LOOP('',(#5048));
#1050=EDGE_LOOP('',(#5049,#5050,#5051,#5052));
#1051=EDGE_LOOP('',(#5053,#5054,#5055,#5056,#5057,#5058));
#1052=EDGE_LOOP('',(#5059,#5060,#5061,#5062,#5063,#5064));
#1053=EDGE_LOOP('',(#5065,#5066,#5067,#5068));
#1054=EDGE_LOOP('',(#5069,#5070,#5071,#5072));
#1055=EDGE_LOOP('',(#5073,#5074,#5075));
#1056=EDGE_LOOP('',(#5076,#5077,#5078,#5079));
#1057=EDGE_LOOP('',(#5080,#5081,#5082));
#1058=EDGE_LOOP('',(#5083,#5084,#5085,#5086));
#1059=EDGE_LOOP('',(#5087,#5088,#5089));
#1060=EDGE_LOOP('',(#5090,#5091,#5092,#5093));
#1061=EDGE_LOOP('',(#5094,#5095,#5096));
#1062=EDGE_LOOP('',(#5097,#5098,#5099,#5100));
#1063=EDGE_LOOP('',(#5101,#5102,#5103));
#1064=EDGE_LOOP('',(#5104,#5105,#5106,#5107));
#1065=EDGE_LOOP('',(#5108,#5109,#5110));
#1066=EDGE_LOOP('',(#5111,#5112,#5113,#5114));
#1067=EDGE_LOOP('',(#5115,#5116,#5117));
#1068=EDGE_LOOP('',(#5118,#5119,#5120,#5121));
#1069=EDGE_LOOP('',(#5122,#5123,#5124));
#1070=EDGE_LOOP('',(#5125,#5126,#5127,#5128));
#1071=EDGE_LOOP('',(#5129,#5130,#5131));
#1072=EDGE_LOOP('',(#5132,#5133,#5134,#5135));
#1073=EDGE_LOOP('',(#5136,#5137,#5138));
#1074=EDGE_LOOP('',(#5139,#5140,#5141,#5142));
#1075=EDGE_LOOP('',(#5143,#5144,#5145,#5146,#5147,#5148,#5149,#5150));
#1076=EDGE_LOOP('',(#5151,#5152,#5153,#5154));
#1077=EDGE_LOOP('',(#5155,#5156,#5157,#5158));
#1078=EDGE_LOOP('',(#5159,#5160,#5161,#5162));
#1079=EDGE_LOOP('',(#5163,#5164,#5165,#5166));
#1080=EDGE_LOOP('',(#5167,#5168,#5169,#5170));
#1081=EDGE_LOOP('',(#5171,#5172,#5173,#5174));
#1082=EDGE_LOOP('',(#5175,#5176,#5177,#5178));
#1083=EDGE_LOOP('',(#5179,#5180,#5181,#5182));
#1084=EDGE_LOOP('',(#5183,#5184,#5185,#5186,#5187,#5188,#5189,#5190));
#1085=EDGE_LOOP('',(#5191));
#1086=EDGE_LOOP('',(#5192));
#1087=EDGE_LOOP('',(#5193));
#1088=EDGE_LOOP('',(#5194));
#1089=EDGE_LOOP('',(#5195));
#1090=EDGE_LOOP('',(#5196));
#1091=EDGE_LOOP('',(#5197));
#1092=EDGE_LOOP('',(#5198));
#1093=EDGE_LOOP('',(#5199));
#1094=EDGE_LOOP('',(#5200));
#1095=EDGE_LOOP('',(#5201));
#1096=EDGE_LOOP('',(#5202));
#1097=EDGE_LOOP('',(#5203));
#1098=EDGE_LOOP('',(#5204));
#1099=EDGE_LOOP('',(#5205));
#1100=EDGE_LOOP('',(#5206));
#1101=EDGE_LOOP('',(#5207));
#1102=EDGE_LOOP('',(#5208));
#1103=EDGE_LOOP('',(#5209));
#1104=EDGE_LOOP('',(#5210));
#1105=EDGE_LOOP('',(#5211));
#1106=EDGE_LOOP('',(#5212));
#1107=EDGE_LOOP('',(#5213));
#1108=EDGE_LOOP('',(#5214));
#1109=EDGE_LOOP('',(#5215));
#1110=EDGE_LOOP('',(#5216));
#1111=EDGE_LOOP('',(#5217));
#1112=EDGE_LOOP('',(#5218));
#1113=EDGE_LOOP('',(#5219));
#1114=EDGE_LOOP('',(#5220));
#1115=EDGE_LOOP('',(#5221));
#1116=EDGE_LOOP('',(#5222,#5223,#5224,#5225));
#1117=EDGE_LOOP('',(#5226,#5227,#5228,#5229));
#1118=EDGE_LOOP('',(#5230,#5231,#5232,#5233));
#1119=EDGE_LOOP('',(#5234,#5235,#5236,#5237));
#1120=EDGE_LOOP('',(#5238,#5239,#5240,#5241));
#1121=EDGE_LOOP('',(#5242,#5243,#5244,#5245));
#1122=EDGE_LOOP('',(#5246,#5247,#5248,#5249));
#1123=EDGE_LOOP('',(#5250,#5251,#5252,#5253));
#1124=EDGE_LOOP('',(#5254,#5255,#5256,#5257));
#1125=EDGE_LOOP('',(#5258,#5259,#5260,#5261));
#1126=EDGE_LOOP('',(#5262,#5263,#5264,#5265));
#1127=EDGE_LOOP('',(#5266,#5267,#5268,#5269));
#1128=EDGE_LOOP('',(#5270,#5271,#5272,#5273));
#1129=EDGE_LOOP('',(#5274));
#1130=EDGE_LOOP('',(#5275));
#1131=EDGE_LOOP('',(#5276,#5277,#5278,#5279));
#1132=EDGE_LOOP('',(#5280,#5281,#5282,#5283));
#1133=EDGE_LOOP('',(#5284,#5285,#5286,#5287));
#1134=EDGE_LOOP('',(#5288,#5289,#5290,#5291));
#1135=EDGE_LOOP('',(#5292,#5293,#5294,#5295));
#1136=EDGE_LOOP('',(#5296,#5297,#5298,#5299));
#1137=EDGE_LOOP('',(#5300,#5301,#5302,#5303));
#1138=EDGE_LOOP('',(#5304,#5305,#5306,#5307));
#1139=EDGE_LOOP('',(#5308,#5309,#5310,#5311));
#1140=EDGE_LOOP('',(#5312,#5313,#5314,#5315));
#1141=EDGE_LOOP('',(#5316,#5317,#5318,#5319));
#1142=EDGE_LOOP('',(#5320,#5321,#5322,#5323));
#1143=EDGE_LOOP('',(#5324,#5325,#5326,#5327));
#1144=EDGE_LOOP('',(#5328,#5329,#5330,#5331,#5332));
#1145=EDGE_LOOP('',(#5333,#5334,#5335,#5336,#5337));
#1146=EDGE_LOOP('',(#5338,#5339,#5340,#5341));
#1147=EDGE_LOOP('',(#5342,#5343,#5344,#5345));
#1148=EDGE_LOOP('',(#5346,#5347,#5348,#5349));
#1149=EDGE_LOOP('',(#5350,#5351,#5352,#5353));
#1150=EDGE_LOOP('',(#5354,#5355,#5356,#5357));
#1151=EDGE_LOOP('',(#5358,#5359,#5360,#5361));
#1152=EDGE_LOOP('',(#5362,#5363,#5364,#5365));
#1153=EDGE_LOOP('',(#5366,#5367,#5368,#5369));
#1154=EDGE_LOOP('',(#5370,#5371,#5372,#5373));
#1155=EDGE_LOOP('',(#5374,#5375,#5376,#5377,#5378));
#1156=EDGE_LOOP('',(#5379,#5380,#5381,#5382,#5383,#5384,#5385,#5386,#5387,
#5388));
#1157=EDGE_LOOP('',(#5389,#5390,#5391,#5392,#5393,#5394,#5395,#5396,#5397,
#5398));
#1158=EDGE_LOOP('',(#5399,#5400,#5401,#5402));
#1159=EDGE_LOOP('',(#5403,#5404,#5405,#5406,#5407,#5408,#5409,#5410));
#1160=EDGE_LOOP('',(#5411,#5412,#5413,#5414,#5415,#5416,#5417,#5418,#5419,
#5420,#5421,#5422,#5423,#5424,#5425,#5426));
#1161=EDGE_LOOP('',(#5427,#5428,#5429,#5430,#5431,#5432,#5433,#5434,#5435,
#5436,#5437,#5438,#5439,#5440,#5441,#5442,#5443,#5444));
#1162=EDGE_LOOP('',(#5445));
#1163=EDGE_LOOP('',(#5446));
#1164=EDGE_LOOP('',(#5447));
#1165=EDGE_LOOP('',(#5448));
#1166=EDGE_LOOP('',(#5449));
#1167=EDGE_LOOP('',(#5450));
#1168=EDGE_LOOP('',(#5451));
#1169=EDGE_LOOP('',(#5452));
#1170=EDGE_LOOP('',(#5453));
#1171=EDGE_LOOP('',(#5454,#5455,#5456,#5457,#5458,#5459,#5460,#5461));
#1172=EDGE_LOOP('',(#5462,#5463,#5464,#5465,#5466,#5467,#5468));
#1173=EDGE_LOOP('',(#5469,#5470,#5471,#5472,#5473,#5474,#5475,#5476));
#1174=EDGE_LOOP('',(#5477,#5478,#5479,#5480,#5481,#5482,#5483,#5484,#5485,
#5486,#5487,#5488,#5489,#5490,#5491,#5492,#5493,#5494));
#1175=EDGE_LOOP('',(#5495));
#1176=EDGE_LOOP('',(#5496));
#1177=EDGE_LOOP('',(#5497));
#1178=EDGE_LOOP('',(#5498));
#1179=EDGE_LOOP('',(#5499));
#1180=EDGE_LOOP('',(#5500,#5501,#5502,#5503));
#1181=EDGE_LOOP('',(#5504,#5505,#5506,#5507,#5508));
#1182=EDGE_LOOP('',(#5509,#5510,#5511,#5512));
#1183=EDGE_LOOP('',(#5513,#5514,#5515,#5516));
#1184=EDGE_LOOP('',(#5517,#5518,#5519,#5520,#5521));
#1185=EDGE_LOOP('',(#5522,#5523,#5524,#5525,#5526));
#1186=EDGE_LOOP('',(#5527,#5528,#5529,#5530));
#1187=EDGE_LOOP('',(#5531,#5532,#5533,#5534));
#1188=EDGE_LOOP('',(#5535,#5536,#5537,#5538));
#1189=EDGE_LOOP('',(#5539,#5540,#5541,#5542));
#1190=EDGE_LOOP('',(#5543,#5544,#5545,#5546,#5547,#5548,#5549));
#1191=EDGE_LOOP('',(#5550,#5551,#5552,#5553,#5554,#5555));
#1192=EDGE_LOOP('',(#5556,#5557,#5558,#5559));
#1193=EDGE_LOOP('',(#5560,#5561,#5562,#5563));
#1194=EDGE_LOOP('',(#5564,#5565,#5566,#5567));
#1195=EDGE_LOOP('',(#5568,#5569,#5570,#5571));
#1196=EDGE_LOOP('',(#5572,#5573,#5574,#5575));
#1197=EDGE_LOOP('',(#5576,#5577,#5578,#5579));
#1198=EDGE_LOOP('',(#5580));
#1199=EDGE_LOOP('',(#5581,#5582,#5583,#5584,#5585,#5586));
#1200=EDGE_LOOP('',(#5587,#5588,#5589,#5590));
#1201=EDGE_LOOP('',(#5591,#5592,#5593,#5594,#5595,#5596));
#1202=EDGE_LOOP('',(#5597,#5598,#5599,#5600));
#1203=EDGE_LOOP('',(#5601,#5602,#5603,#5604));
#1204=EDGE_LOOP('',(#5605,#5606,#5607,#5608));
#1205=EDGE_LOOP('',(#5609,#5610,#5611,#5612));
#1206=EDGE_LOOP('',(#5613,#5614,#5615,#5616));
#1207=EDGE_LOOP('',(#5617,#5618,#5619,#5620));
#1208=EDGE_LOOP('',(#5621));
#1209=EDGE_LOOP('',(#5622));
#1210=EDGE_LOOP('',(#5623,#5624,#5625,#5626,#5627,#5628));
#1211=EDGE_LOOP('',(#5629,#5630,#5631,#5632));
#1212=EDGE_LOOP('',(#5633,#5634,#5635,#5636));
#1213=EDGE_LOOP('',(#5637,#5638,#5639,#5640));
#1214=EDGE_LOOP('',(#5641));
#1215=EDGE_LOOP('',(#5642));
#1216=EDGE_LOOP('',(#5643,#5644,#5645,#5646,#5647,#5648));
#1217=EDGE_LOOP('',(#5649,#5650,#5651,#5652));
#1218=EDGE_LOOP('',(#5653,#5654,#5655,#5656));
#1219=EDGE_LOOP('',(#5657,#5658,#5659,#5660));
#1220=EDGE_LOOP('',(#5661,#5662,#5663,#5664));
#1221=EDGE_LOOP('',(#5665,#5666,#5667,#5668));
#1222=EDGE_LOOP('',(#5669,#5670,#5671,#5672));
#1223=EDGE_LOOP('',(#5673));
#1224=EDGE_LOOP('',(#5674));
#1225=EDGE_LOOP('',(#5675,#5676,#5677,#5678,#5679,#5680));
#1226=EDGE_LOOP('',(#5681,#5682,#5683,#5684));
#1227=EDGE_LOOP('',(#5685,#5686,#5687,#5688));
#1228=EDGE_LOOP('',(#5689,#5690,#5691,#5692));
#1229=EDGE_LOOP('',(#5693));
#1230=EDGE_LOOP('',(#5694));
#1231=EDGE_LOOP('',(#5695,#5696,#5697,#5698,#5699,#5700));
#1232=EDGE_LOOP('',(#5701,#5702,#5703,#5704));
#1233=EDGE_LOOP('',(#5705,#5706,#5707,#5708));
#1234=EDGE_LOOP('',(#5709,#5710,#5711,#5712));
#1235=EDGE_LOOP('',(#5713,#5714,#5715,#5716));
#1236=EDGE_LOOP('',(#5717,#5718,#5719,#5720));
#1237=EDGE_LOOP('',(#5721,#5722,#5723,#5724));
#1238=EDGE_LOOP('',(#5725));
#1239=EDGE_LOOP('',(#5726));
#1240=EDGE_LOOP('',(#5727,#5728,#5729,#5730,#5731,#5732));
#1241=EDGE_LOOP('',(#5733,#5734,#5735,#5736));
#1242=EDGE_LOOP('',(#5737,#5738,#5739,#5740));
#1243=EDGE_LOOP('',(#5741,#5742,#5743,#5744));
#1244=EDGE_LOOP('',(#5745));
#1245=EDGE_LOOP('',(#5746));
#1246=EDGE_LOOP('',(#5747,#5748,#5749,#5750,#5751,#5752));
#1247=EDGE_LOOP('',(#5753,#5754,#5755,#5756));
#1248=EDGE_LOOP('',(#5757,#5758,#5759,#5760));
#1249=EDGE_LOOP('',(#5761,#5762,#5763,#5764));
#1250=EDGE_LOOP('',(#5765,#5766,#5767,#5768));
#1251=EDGE_LOOP('',(#5769,#5770,#5771,#5772));
#1252=EDGE_LOOP('',(#5773,#5774,#5775,#5776));
#1253=EDGE_LOOP('',(#5777));
#1254=EDGE_LOOP('',(#5778));
#1255=EDGE_LOOP('',(#5779,#5780,#5781,#5782,#5783,#5784));
#1256=EDGE_LOOP('',(#5785,#5786,#5787,#5788));
#1257=EDGE_LOOP('',(#5789,#5790,#5791,#5792));
#1258=EDGE_LOOP('',(#5793,#5794,#5795,#5796));
#1259=EDGE_LOOP('',(#5797));
#1260=EDGE_LOOP('',(#5798));
#1261=EDGE_LOOP('',(#5799,#5800,#5801,#5802,#5803,#5804));
#1262=EDGE_LOOP('',(#5805,#5806,#5807,#5808));
#1263=EDGE_LOOP('',(#5809,#5810,#5811,#5812));
#1264=EDGE_LOOP('',(#5813,#5814,#5815,#5816));
#1265=EDGE_LOOP('',(#5817,#5818,#5819,#5820));
#1266=EDGE_LOOP('',(#5821,#5822,#5823,#5824));
#1267=EDGE_LOOP('',(#5825,#5826,#5827,#5828));
#1268=EDGE_LOOP('',(#5829));
#1269=EDGE_LOOP('',(#5830));
#1270=EDGE_LOOP('',(#5831,#5832,#5833,#5834,#5835,#5836));
#1271=EDGE_LOOP('',(#5837,#5838,#5839,#5840));
#1272=EDGE_LOOP('',(#5841,#5842,#5843,#5844));
#1273=EDGE_LOOP('',(#5845,#5846,#5847,#5848));
#1274=EDGE_LOOP('',(#5849));
#1275=EDGE_LOOP('',(#5850));
#1276=EDGE_LOOP('',(#5851,#5852,#5853,#5854,#5855,#5856));
#1277=EDGE_LOOP('',(#5857,#5858,#5859,#5860));
#1278=EDGE_LOOP('',(#5861,#5862,#5863,#5864));
#1279=EDGE_LOOP('',(#5865,#5866,#5867,#5868));
#1280=EDGE_LOOP('',(#5869,#5870,#5871,#5872));
#1281=EDGE_LOOP('',(#5873,#5874,#5875,#5876));
#1282=EDGE_LOOP('',(#5877,#5878,#5879,#5880));
#1283=EDGE_LOOP('',(#5881));
#1284=EDGE_LOOP('',(#5882,#5883,#5884,#5885,#5886,#5887));
#1285=EDGE_LOOP('',(#5888,#5889,#5890,#5891));
#1286=EDGE_LOOP('',(#5892,#5893,#5894,#5895,#5896,#5897));
#1287=EDGE_LOOP('',(#5898,#5899,#5900,#5901));
#1288=EDGE_LOOP('',(#5902,#5903,#5904,#5905));
#1289=EDGE_LOOP('',(#5906,#5907,#5908,#5909));
#1290=EDGE_LOOP('',(#5910,#5911,#5912,#5913));
#1291=EDGE_LOOP('',(#5914,#5915,#5916,#5917));
#1292=EDGE_LOOP('',(#5918,#5919,#5920,#5921));
#1293=EDGE_LOOP('',(#5922));
#1294=EDGE_LOOP('',(#5923));
#1295=EDGE_LOOP('',(#5924,#5925,#5926,#5927,#5928,#5929));
#1296=EDGE_LOOP('',(#5930,#5931,#5932,#5933));
#1297=EDGE_LOOP('',(#5934,#5935,#5936,#5937));
#1298=EDGE_LOOP('',(#5938,#5939,#5940,#5941,#5942,#5943));
#1299=EDGE_LOOP('',(#5944,#5945,#5946,#5947));
#1300=EDGE_LOOP('',(#5948,#5949,#5950,#5951));
#1301=EDGE_LOOP('',(#5952,#5953,#5954,#5955));
#1302=EDGE_LOOP('',(#5956,#5957,#5958,#5959));
#1303=EDGE_LOOP('',(#5960,#5961,#5962,#5963));
#1304=EDGE_LOOP('',(#5964,#5965,#5966,#5967));
#1305=EDGE_LOOP('',(#5968));
#1306=EDGE_LOOP('',(#5969,#5970,#5971,#5972,#5973,#5974));
#1307=EDGE_LOOP('',(#5975,#5976,#5977,#5978));
#1308=EDGE_LOOP('',(#5979,#5980,#5981,#5982,#5983,#5984));
#1309=EDGE_LOOP('',(#5985,#5986,#5987,#5988));
#1310=EDGE_LOOP('',(#5989,#5990,#5991,#5992));
#1311=EDGE_LOOP('',(#5993,#5994,#5995,#5996));
#1312=EDGE_LOOP('',(#5997,#5998,#5999,#6000));
#1313=EDGE_LOOP('',(#6001,#6002,#6003,#6004));
#1314=EDGE_LOOP('',(#6005,#6006,#6007,#6008));
#1315=EDGE_LOOP('',(#6009));
#1316=EDGE_LOOP('',(#6010,#6011,#6012,#6013,#6014,#6015));
#1317=EDGE_LOOP('',(#6016,#6017,#6018,#6019));
#1318=EDGE_LOOP('',(#6020,#6021,#6022,#6023,#6024,#6025));
#1319=EDGE_LOOP('',(#6026,#6027,#6028,#6029));
#1320=EDGE_LOOP('',(#6030,#6031,#6032,#6033));
#1321=EDGE_LOOP('',(#6034,#6035,#6036,#6037));
#1322=EDGE_LOOP('',(#6038,#6039,#6040,#6041));
#1323=EDGE_LOOP('',(#6042,#6043,#6044,#6045));
#1324=EDGE_LOOP('',(#6046,#6047,#6048,#6049));
#1325=EDGE_LOOP('',(#6050));
#1326=EDGE_LOOP('',(#6051,#6052,#6053,#6054,#6055,#6056));
#1327=EDGE_LOOP('',(#6057,#6058,#6059,#6060));
#1328=EDGE_LOOP('',(#6061,#6062,#6063,#6064,#6065,#6066));
#1329=EDGE_LOOP('',(#6067,#6068,#6069,#6070));
#1330=EDGE_LOOP('',(#6071,#6072,#6073,#6074));
#1331=EDGE_LOOP('',(#6075,#6076,#6077,#6078));
#1332=EDGE_LOOP('',(#6079,#6080,#6081,#6082));
#1333=EDGE_LOOP('',(#6083,#6084,#6085,#6086));
#1334=EDGE_LOOP('',(#6087,#6088,#6089,#6090));
#1335=EDGE_LOOP('',(#6091));
#1336=EDGE_LOOP('',(#6092,#6093,#6094,#6095,#6096,#6097));
#1337=EDGE_LOOP('',(#6098,#6099,#6100,#6101));
#1338=LINE('',#9751,#1946);
#1339=LINE('',#9756,#1947);
#1340=LINE('',#9758,#1948);
#1341=LINE('',#9760,#1949);
#1342=LINE('',#9762,#1950);
#1343=LINE('',#9764,#1951);
#1344=LINE('',#9765,#1952);
#1345=LINE('',#9768,#1953);
#1346=LINE('',#9770,#1954);
#1347=LINE('',#9771,#1955);
#1348=LINE('',#9774,#1956);
#1349=LINE('',#9775,#1957);
#1350=LINE('',#9778,#1958);
#1351=LINE('',#9779,#1959);
#1352=LINE('',#9782,#1960);
#1353=LINE('',#9783,#1961);
#1354=LINE('',#9786,#1962);
#1355=LINE('',#9787,#1963);
#1356=LINE('',#9789,#1964);
#1357=LINE('',#9795,#1965);
#1358=LINE('',#9800,#1966);
#1359=LINE('',#9802,#1967);
#1360=LINE('',#9804,#1968);
#1361=LINE('',#9806,#1969);
#1362=LINE('',#9808,#1970);
#1363=LINE('',#9809,#1971);
#1364=LINE('',#9812,#1972);
#1365=LINE('',#9814,#1973);
#1366=LINE('',#9815,#1974);
#1367=LINE('',#9818,#1975);
#1368=LINE('',#9819,#1976);
#1369=LINE('',#9822,#1977);
#1370=LINE('',#9823,#1978);
#1371=LINE('',#9826,#1979);
#1372=LINE('',#9827,#1980);
#1373=LINE('',#9830,#1981);
#1374=LINE('',#9831,#1982);
#1375=LINE('',#9833,#1983);
#1376=LINE('',#9839,#1984);
#1377=LINE('',#9844,#1985);
#1378=LINE('',#9846,#1986);
#1379=LINE('',#9848,#1987);
#1380=LINE('',#9850,#1988);
#1381=LINE('',#9852,#1989);
#1382=LINE('',#9853,#1990);
#1383=LINE('',#9856,#1991);
#1384=LINE('',#9858,#1992);
#1385=LINE('',#9859,#1993);
#1386=LINE('',#9862,#1994);
#1387=LINE('',#9863,#1995);
#1388=LINE('',#9866,#1996);
#1389=LINE('',#9867,#1997);
#1390=LINE('',#9870,#1998);
#1391=LINE('',#9871,#1999);
#1392=LINE('',#9874,#2000);
#1393=LINE('',#9875,#2001);
#1394=LINE('',#9877,#2002);
#1395=LINE('',#9883,#2003);
#1396=LINE('',#9888,#2004);
#1397=LINE('',#9890,#2005);
#1398=LINE('',#9892,#2006);
#1399=LINE('',#9894,#2007);
#1400=LINE('',#9896,#2008);
#1401=LINE('',#9897,#2009);
#1402=LINE('',#9900,#2010);
#1403=LINE('',#9902,#2011);
#1404=LINE('',#9903,#2012);
#1405=LINE('',#9906,#2013);
#1406=LINE('',#9907,#2014);
#1407=LINE('',#9910,#2015);
#1408=LINE('',#9911,#2016);
#1409=LINE('',#9914,#2017);
#1410=LINE('',#9915,#2018);
#1411=LINE('',#9918,#2019);
#1412=LINE('',#9919,#2020);
#1413=LINE('',#9921,#2021);
#1414=LINE('',#9927,#2022);
#1415=LINE('',#9933,#2023);
#1416=LINE('',#9938,#2024);
#1417=LINE('',#9940,#2025);
#1418=LINE('',#9942,#2026);
#1419=LINE('',#9944,#2027);
#1420=LINE('',#9946,#2028);
#1421=LINE('',#9947,#2029);
#1422=LINE('',#9951,#2030);
#1423=LINE('',#9953,#2031);
#1424=LINE('',#9954,#2032);
#1425=LINE('',#9957,#2033);
#1426=LINE('',#9958,#2034);
#1427=LINE('',#9961,#2035);
#1428=LINE('',#9962,#2036);
#1429=LINE('',#9965,#2037);
#1430=LINE('',#9966,#2038);
#1431=LINE('',#9969,#2039);
#1432=LINE('',#9970,#2040);
#1433=LINE('',#9972,#2041);
#1434=LINE('',#9978,#2042);
#1435=LINE('',#9983,#2043);
#1436=LINE('',#9985,#2044);
#1437=LINE('',#9987,#2045);
#1438=LINE('',#9989,#2046);
#1439=LINE('',#9991,#2047);
#1440=LINE('',#9992,#2048);
#1441=LINE('',#9995,#2049);
#1442=LINE('',#9997,#2050);
#1443=LINE('',#9998,#2051);
#1444=LINE('',#10001,#2052);
#1445=LINE('',#10002,#2053);
#1446=LINE('',#10005,#2054);
#1447=LINE('',#10006,#2055);
#1448=LINE('',#10009,#2056);
#1449=LINE('',#10010,#2057);
#1450=LINE('',#10013,#2058);
#1451=LINE('',#10014,#2059);
#1452=LINE('',#10016,#2060);
#1453=LINE('',#10022,#2061);
#1454=LINE('',#10027,#2062);
#1455=LINE('',#10029,#2063);
#1456=LINE('',#10031,#2064);
#1457=LINE('',#10033,#2065);
#1458=LINE('',#10035,#2066);
#1459=LINE('',#10036,#2067);
#1460=LINE('',#10039,#2068);
#1461=LINE('',#10041,#2069);
#1462=LINE('',#10042,#2070);
#1463=LINE('',#10045,#2071);
#1464=LINE('',#10046,#2072);
#1465=LINE('',#10049,#2073);
#1466=LINE('',#10050,#2074);
#1467=LINE('',#10053,#2075);
#1468=LINE('',#10054,#2076);
#1469=LINE('',#10057,#2077);
#1470=LINE('',#10058,#2078);
#1471=LINE('',#10060,#2079);
#1472=LINE('',#10069,#2080);
#1473=LINE('',#10073,#2081);
#1474=LINE('',#10079,#2082);
#1475=LINE('',#10084,#2083);
#1476=LINE('',#10086,#2084);
#1477=LINE('',#10088,#2085);
#1478=LINE('',#10090,#2086);
#1479=LINE('',#10092,#2087);
#1480=LINE('',#10093,#2088);
#1481=LINE('',#10097,#2089);
#1482=LINE('',#10099,#2090);
#1483=LINE('',#10100,#2091);
#1484=LINE('',#10103,#2092);
#1485=LINE('',#10104,#2093);
#1486=LINE('',#10107,#2094);
#1487=LINE('',#10108,#2095);
#1488=LINE('',#10111,#2096);
#1489=LINE('',#10112,#2097);
#1490=LINE('',#10115,#2098);
#1491=LINE('',#10116,#2099);
#1492=LINE('',#10118,#2100);
#1493=LINE('',#10124,#2101);
#1494=LINE('',#10168,#2102);
#1495=LINE('',#10210,#2103);
#1496=LINE('',#10214,#2104);
#1497=LINE('',#10219,#2105);
#1498=LINE('',#10225,#2106);
#1499=LINE('',#10231,#2107);
#1500=LINE('',#10237,#2108);
#1501=LINE('',#10243,#2109);
#1502=LINE('',#10250,#2110);
#1503=LINE('',#10253,#2111);
#1504=LINE('',#10257,#2112);
#1505=LINE('',#10259,#2113);
#1506=LINE('',#10261,#2114);
#1507=LINE('',#10265,#2115);
#1508=LINE('',#10266,#2116);
#1509=LINE('',#10271,#2117);
#1510=LINE('',#10275,#2118);
#1511=LINE('',#10277,#2119);
#1512=LINE('',#10279,#2120);
#1513=LINE('',#10282,#2121);
#1514=LINE('',#10284,#2122);
#1515=LINE('',#10286,#2123);
#1516=LINE('',#10288,#2124);
#1517=LINE('',#10290,#2125);
#1518=LINE('',#10292,#2126);
#1519=LINE('',#10293,#2127);
#1520=LINE('',#10305,#2128);
#1521=LINE('',#10307,#2129);
#1522=LINE('',#10309,#2130);
#1523=LINE('',#10310,#2131);
#1524=LINE('',#10315,#2132);
#1525=LINE('',#10336,#2133);
#1526=LINE('',#10339,#2134);
#1527=LINE('',#10342,#2135);
#1528=LINE('',#10344,#2136);
#1529=LINE('',#10368,#2137);
#1530=LINE('',#10393,#2138);
#1531=LINE('',#10396,#2139);
#1532=LINE('',#10408,#2140);
#1533=LINE('',#10411,#2141);
#1534=LINE('',#10414,#2142);
#1535=LINE('',#10419,#2143);
#1536=LINE('',#10423,#2144);
#1537=LINE('',#10428,#2145);
#1538=LINE('',#10432,#2146);
#1539=LINE('',#10437,#2147);
#1540=LINE('',#10441,#2148);
#1541=LINE('',#10446,#2149);
#1542=LINE('',#10450,#2150);
#1543=LINE('',#10455,#2151);
#1544=LINE('',#10459,#2152);
#1545=LINE('',#10464,#2153);
#1546=LINE('',#10468,#2154);
#1547=LINE('',#10473,#2155);
#1548=LINE('',#10477,#2156);
#1549=LINE('',#10482,#2157);
#1550=LINE('',#10486,#2158);
#1551=LINE('',#10491,#2159);
#1552=LINE('',#10495,#2160);
#1553=LINE('',#10500,#2161);
#1554=LINE('',#10504,#2162);
#1555=LINE('',#10509,#2163);
#1556=LINE('',#10513,#2164);
#1557=LINE('',#10515,#2165);
#1558=LINE('',#10517,#2166);
#1559=LINE('',#10521,#2167);
#1560=LINE('',#10527,#2168);
#1561=LINE('',#10528,#2169);
#1562=LINE('',#10531,#2170);
#1563=LINE('',#10532,#2171);
#1564=LINE('',#10536,#2172);
#1565=LINE('',#10539,#2173);
#1566=LINE('',#10540,#2174);
#1567=LINE('',#10543,#2175);
#1568=LINE('',#10544,#2176);
#1569=LINE('',#10547,#2177);
#1570=LINE('',#10548,#2178);
#1571=LINE('',#10552,#2179);
#1572=LINE('',#10554,#2180);
#1573=LINE('',#10619,#2181);
#1574=LINE('',#10621,#2182);
#1575=LINE('',#10623,#2183);
#1576=LINE('',#10625,#2184);
#1577=LINE('',#10627,#2185);
#1578=LINE('',#10629,#2186);
#1579=LINE('',#10631,#2187);
#1580=LINE('',#10633,#2188);
#1581=LINE('',#10635,#2189);
#1582=LINE('',#10637,#2190);
#1583=LINE('',#10639,#2191);
#1584=LINE('',#10641,#2192);
#1585=LINE('',#10643,#2193);
#1586=LINE('',#10686,#2194);
#1587=LINE('',#10689,#2195);
#1588=LINE('',#10695,#2196);
#1589=LINE('',#10698,#2197);
#1590=LINE('',#10701,#2198);
#1591=LINE('',#10706,#2199);
#1592=LINE('',#10710,#2200);
#1593=LINE('',#10715,#2201);
#1594=LINE('',#10719,#2202);
#1595=LINE('',#10724,#2203);
#1596=LINE('',#10728,#2204);
#1597=LINE('',#10733,#2205);
#1598=LINE('',#10737,#2206);
#1599=LINE('',#10742,#2207);
#1600=LINE('',#10746,#2208);
#1601=LINE('',#10751,#2209);
#1602=LINE('',#10755,#2210);
#1603=LINE('',#10760,#2211);
#1604=LINE('',#10763,#2212);
#1605=LINE('',#10767,#2213);
#1606=LINE('',#10770,#2214);
#1607=LINE('',#10774,#2215);
#1608=LINE('',#10777,#2216);
#1609=LINE('',#10781,#2217);
#1610=LINE('',#10784,#2218);
#1611=LINE('',#10788,#2219);
#1612=LINE('',#10792,#2220);
#1613=LINE('',#10794,#2221);
#1614=LINE('',#10796,#2222);
#1615=LINE('',#10800,#2223);
#1616=LINE('',#10806,#2224);
#1617=LINE('',#10807,#2225);
#1618=LINE('',#10810,#2226);
#1619=LINE('',#10811,#2227);
#1620=LINE('',#10815,#2228);
#1621=LINE('',#10818,#2229);
#1622=LINE('',#10819,#2230);
#1623=LINE('',#10822,#2231);
#1624=LINE('',#10823,#2232);
#1625=LINE('',#10826,#2233);
#1626=LINE('',#10827,#2234);
#1627=LINE('',#10831,#2235);
#1628=LINE('',#10833,#2236);
#1629=LINE('',#10897,#2237);
#1630=LINE('',#10900,#2238);
#1631=LINE('',#10902,#2239);
#1632=LINE('',#10904,#2240);
#1633=LINE('',#10906,#2241);
#1634=LINE('',#10908,#2242);
#1635=LINE('',#10910,#2243);
#1636=LINE('',#10912,#2244);
#1637=LINE('',#10914,#2245);
#1638=LINE('',#10916,#2246);
#1639=LINE('',#10918,#2247);
#1640=LINE('',#10920,#2248);
#1641=LINE('',#10922,#2249);
#1642=LINE('',#10929,#2250);
#1643=LINE('',#10932,#2251);
#1644=LINE('',#10936,#2252);
#1645=LINE('',#10938,#2253);
#1646=LINE('',#10940,#2254);
#1647=LINE('',#10941,#2255);
#1648=LINE('',#10945,#2256);
#1649=LINE('',#10951,#2257);
#1650=LINE('',#10957,#2258);
#1651=LINE('',#10961,#2259);
#1652=LINE('',#10962,#2260);
#1653=LINE('',#10965,#2261);
#1654=LINE('',#10967,#2262);
#1655=LINE('',#10968,#2263);
#1656=LINE('',#10972,#2264);
#1657=LINE('',#10978,#2265);
#1658=LINE('',#10984,#2266);
#1659=LINE('',#10990,#2267);
#1660=LINE('',#10991,#2268);
#1661=LINE('',#10992,#2269);
#1662=LINE('',#10998,#2270);
#1663=LINE('',#11001,#2271);
#1664=LINE('',#11007,#2272);
#1665=LINE('',#11010,#2273);
#1666=LINE('',#11014,#2274);
#1667=LINE('',#11017,#2275);
#1668=LINE('',#11020,#2276);
#1669=LINE('',#11023,#2277);
#1670=LINE('',#11028,#2278);
#1671=LINE('',#11030,#2279);
#1672=LINE('',#11032,#2280);
#1673=LINE('',#11033,#2281);
#1674=LINE('',#11037,#2282);
#1675=LINE('',#11041,#2283);
#1676=LINE('',#11042,#2284);
#1677=LINE('',#11047,#2285);
#1678=LINE('',#11051,#2286);
#1679=LINE('',#11053,#2287);
#1680=LINE('',#11054,#2288);
#1681=LINE('',#11059,#2289);
#1682=LINE('',#11063,#2290);
#1683=LINE('',#11065,#2291);
#1684=LINE('',#11066,#2292);
#1685=LINE('',#11075,#2293);
#1686=LINE('',#11078,#2294);
#1687=LINE('',#11084,#2295);
#1688=LINE('',#11086,#2296);
#1689=LINE('',#11088,#2297);
#1690=LINE('',#11090,#2298);
#1691=LINE('',#11092,#2299);
#1692=LINE('',#11094,#2300);
#1693=LINE('',#11095,#2301);
#1694=LINE('',#11096,#2302);
#1695=LINE('',#11100,#2303);
#1696=LINE('',#11102,#2304);
#1697=LINE('',#11103,#2305);
#1698=LINE('',#11105,#2306);
#1699=LINE('',#11107,#2307);
#1700=LINE('',#11109,#2308);
#1701=LINE('',#11111,#2309);
#1702=LINE('',#11112,#2310);
#1703=LINE('',#11118,#2311);
#1704=LINE('',#11121,#2312);
#1705=LINE('',#11160,#2313);
#1706=LINE('',#11161,#2314);
#1707=LINE('',#11178,#2315);
#1708=LINE('',#11180,#2316);
#1709=LINE('',#11182,#2317);
#1710=LINE('',#11184,#2318);
#1711=LINE('',#11186,#2319);
#1712=LINE('',#11187,#2320);
#1713=LINE('',#11191,#2321);
#1714=LINE('',#11192,#2322);
#1715=LINE('',#11193,#2323);
#1716=LINE('',#11196,#2324);
#1717=LINE('',#11197,#2325);
#1718=LINE('',#11200,#2326);
#1719=LINE('',#11201,#2327);
#1720=LINE('',#11204,#2328);
#1721=LINE('',#11205,#2329);
#1722=LINE('',#11208,#2330);
#1723=LINE('',#11209,#2331);
#1724=LINE('',#11211,#2332);
#1725=LINE('',#11216,#2333);
#1726=LINE('',#11220,#2334);
#1727=LINE('',#11222,#2335);
#1728=LINE('',#11224,#2336);
#1729=LINE('',#11226,#2337);
#1730=LINE('',#11228,#2338);
#1731=LINE('',#11229,#2339);
#1732=LINE('',#11233,#2340);
#1733=LINE('',#11234,#2341);
#1734=LINE('',#11235,#2342);
#1735=LINE('',#11238,#2343);
#1736=LINE('',#11239,#2344);
#1737=LINE('',#11242,#2345);
#1738=LINE('',#11243,#2346);
#1739=LINE('',#11246,#2347);
#1740=LINE('',#11247,#2348);
#1741=LINE('',#11250,#2349);
#1742=LINE('',#11251,#2350);
#1743=LINE('',#11253,#2351);
#1744=LINE('',#11261,#2352);
#1745=LINE('',#11265,#2353);
#1746=LINE('',#11269,#2354);
#1747=LINE('',#11274,#2355);
#1748=LINE('',#11276,#2356);
#1749=LINE('',#11278,#2357);
#1750=LINE('',#11280,#2358);
#1751=LINE('',#11282,#2359);
#1752=LINE('',#11283,#2360);
#1753=LINE('',#11287,#2361);
#1754=LINE('',#11288,#2362);
#1755=LINE('',#11289,#2363);
#1756=LINE('',#11292,#2364);
#1757=LINE('',#11293,#2365);
#1758=LINE('',#11296,#2366);
#1759=LINE('',#11297,#2367);
#1760=LINE('',#11300,#2368);
#1761=LINE('',#11301,#2369);
#1762=LINE('',#11304,#2370);
#1763=LINE('',#11305,#2371);
#1764=LINE('',#11307,#2372);
#1765=LINE('',#11315,#2373);
#1766=LINE('',#11319,#2374);
#1767=LINE('',#11323,#2375);
#1768=LINE('',#11328,#2376);
#1769=LINE('',#11330,#2377);
#1770=LINE('',#11332,#2378);
#1771=LINE('',#11334,#2379);
#1772=LINE('',#11336,#2380);
#1773=LINE('',#11337,#2381);
#1774=LINE('',#11341,#2382);
#1775=LINE('',#11342,#2383);
#1776=LINE('',#11343,#2384);
#1777=LINE('',#11346,#2385);
#1778=LINE('',#11347,#2386);
#1779=LINE('',#11350,#2387);
#1780=LINE('',#11351,#2388);
#1781=LINE('',#11354,#2389);
#1782=LINE('',#11355,#2390);
#1783=LINE('',#11358,#2391);
#1784=LINE('',#11359,#2392);
#1785=LINE('',#11361,#2393);
#1786=LINE('',#11369,#2394);
#1787=LINE('',#11373,#2395);
#1788=LINE('',#11377,#2396);
#1789=LINE('',#11382,#2397);
#1790=LINE('',#11384,#2398);
#1791=LINE('',#11386,#2399);
#1792=LINE('',#11388,#2400);
#1793=LINE('',#11390,#2401);
#1794=LINE('',#11391,#2402);
#1795=LINE('',#11395,#2403);
#1796=LINE('',#11396,#2404);
#1797=LINE('',#11397,#2405);
#1798=LINE('',#11400,#2406);
#1799=LINE('',#11401,#2407);
#1800=LINE('',#11404,#2408);
#1801=LINE('',#11405,#2409);
#1802=LINE('',#11408,#2410);
#1803=LINE('',#11409,#2411);
#1804=LINE('',#11412,#2412);
#1805=LINE('',#11413,#2413);
#1806=LINE('',#11415,#2414);
#1807=LINE('',#11423,#2415);
#1808=LINE('',#11427,#2416);
#1809=LINE('',#11431,#2417);
#1810=LINE('',#11436,#2418);
#1811=LINE('',#11438,#2419);
#1812=LINE('',#11440,#2420);
#1813=LINE('',#11442,#2421);
#1814=LINE('',#11444,#2422);
#1815=LINE('',#11445,#2423);
#1816=LINE('',#11449,#2424);
#1817=LINE('',#11450,#2425);
#1818=LINE('',#11451,#2426);
#1819=LINE('',#11454,#2427);
#1820=LINE('',#11455,#2428);
#1821=LINE('',#11458,#2429);
#1822=LINE('',#11459,#2430);
#1823=LINE('',#11462,#2431);
#1824=LINE('',#11463,#2432);
#1825=LINE('',#11466,#2433);
#1826=LINE('',#11467,#2434);
#1827=LINE('',#11469,#2435);
#1828=LINE('',#11477,#2436);
#1829=LINE('',#11481,#2437);
#1830=LINE('',#11485,#2438);
#1831=LINE('',#11490,#2439);
#1832=LINE('',#11492,#2440);
#1833=LINE('',#11494,#2441);
#1834=LINE('',#11496,#2442);
#1835=LINE('',#11498,#2443);
#1836=LINE('',#11499,#2444);
#1837=LINE('',#11503,#2445);
#1838=LINE('',#11504,#2446);
#1839=LINE('',#11505,#2447);
#1840=LINE('',#11508,#2448);
#1841=LINE('',#11509,#2449);
#1842=LINE('',#11512,#2450);
#1843=LINE('',#11513,#2451);
#1844=LINE('',#11516,#2452);
#1845=LINE('',#11517,#2453);
#1846=LINE('',#11520,#2454);
#1847=LINE('',#11521,#2455);
#1848=LINE('',#11523,#2456);
#1849=LINE('',#11528,#2457);
#1850=LINE('',#11532,#2458);
#1851=LINE('',#11534,#2459);
#1852=LINE('',#11536,#2460);
#1853=LINE('',#11538,#2461);
#1854=LINE('',#11540,#2462);
#1855=LINE('',#11541,#2463);
#1856=LINE('',#11545,#2464);
#1857=LINE('',#11546,#2465);
#1858=LINE('',#11547,#2466);
#1859=LINE('',#11550,#2467);
#1860=LINE('',#11551,#2468);
#1861=LINE('',#11554,#2469);
#1862=LINE('',#11555,#2470);
#1863=LINE('',#11558,#2471);
#1864=LINE('',#11559,#2472);
#1865=LINE('',#11562,#2473);
#1866=LINE('',#11563,#2474);
#1867=LINE('',#11565,#2475);
#1868=LINE('',#11573,#2476);
#1869=LINE('',#11575,#2477);
#1870=LINE('',#11579,#2478);
#1871=LINE('',#11581,#2479);
#1872=LINE('',#11583,#2480);
#1873=LINE('',#11585,#2481);
#1874=LINE('',#11587,#2482);
#1875=LINE('',#11588,#2483);
#1876=LINE('',#11592,#2484);
#1877=LINE('',#11593,#2485);
#1878=LINE('',#11594,#2486);
#1879=LINE('',#11597,#2487);
#1880=LINE('',#11598,#2488);
#1881=LINE('',#11601,#2489);
#1882=LINE('',#11602,#2490);
#1883=LINE('',#11605,#2491);
#1884=LINE('',#11606,#2492);
#1885=LINE('',#11609,#2493);
#1886=LINE('',#11610,#2494);
#1887=LINE('',#11612,#2495);
#1888=LINE('',#11617,#2496);
#1889=LINE('',#11621,#2497);
#1890=LINE('',#11623,#2498);
#1891=LINE('',#11625,#2499);
#1892=LINE('',#11627,#2500);
#1893=LINE('',#11629,#2501);
#1894=LINE('',#11630,#2502);
#1895=LINE('',#11634,#2503);
#1896=LINE('',#11635,#2504);
#1897=LINE('',#11636,#2505);
#1898=LINE('',#11639,#2506);
#1899=LINE('',#11640,#2507);
#1900=LINE('',#11643,#2508);
#1901=LINE('',#11644,#2509);
#1902=LINE('',#11647,#2510);
#1903=LINE('',#11648,#2511);
#1904=LINE('',#11651,#2512);
#1905=LINE('',#11652,#2513);
#1906=LINE('',#11654,#2514);
#1907=LINE('',#11659,#2515);
#1908=LINE('',#11663,#2516);
#1909=LINE('',#11665,#2517);
#1910=LINE('',#11667,#2518);
#1911=LINE('',#11669,#2519);
#1912=LINE('',#11671,#2520);
#1913=LINE('',#11672,#2521);
#1914=LINE('',#11676,#2522);
#1915=LINE('',#11677,#2523);
#1916=LINE('',#11678,#2524);
#1917=LINE('',#11681,#2525);
#1918=LINE('',#11682,#2526);
#1919=LINE('',#11685,#2527);
#1920=LINE('',#11686,#2528);
#1921=LINE('',#11689,#2529);
#1922=LINE('',#11690,#2530);
#1923=LINE('',#11693,#2531);
#1924=LINE('',#11694,#2532);
#1925=LINE('',#11696,#2533);
#1926=LINE('',#11701,#2534);
#1927=LINE('',#11705,#2535);
#1928=LINE('',#11707,#2536);
#1929=LINE('',#11709,#2537);
#1930=LINE('',#11711,#2538);
#1931=LINE('',#11713,#2539);
#1932=LINE('',#11714,#2540);
#1933=LINE('',#11718,#2541);
#1934=LINE('',#11719,#2542);
#1935=LINE('',#11720,#2543);
#1936=LINE('',#11723,#2544);
#1937=LINE('',#11724,#2545);
#1938=LINE('',#11727,#2546);
#1939=LINE('',#11728,#2547);
#1940=LINE('',#11731,#2548);
#1941=LINE('',#11732,#2549);
#1942=LINE('',#11735,#2550);
#1943=LINE('',#11736,#2551);
#1944=LINE('',#11738,#2552);
#1945=LINE('',#11743,#2553);
#1946=VECTOR('',#7768,3.5);
#1947=VECTOR('',#7773,1000.);
#1948=VECTOR('',#7774,1000.);
#1949=VECTOR('',#7775,1000.);
#1950=VECTOR('',#7776,1000.);
#1951=VECTOR('',#7777,1000.);
#1952=VECTOR('',#7778,1000.);
#1953=VECTOR('',#7781,1000.);
#1954=VECTOR('',#7782,1000.);
#1955=VECTOR('',#7783,1000.);
#1956=VECTOR('',#7786,1000.);
#1957=VECTOR('',#7787,1000.);
#1958=VECTOR('',#7790,1000.);
#1959=VECTOR('',#7791,1000.);
#1960=VECTOR('',#7794,1000.);
#1961=VECTOR('',#7795,1000.);
#1962=VECTOR('',#7798,1000.);
#1963=VECTOR('',#7799,1000.);
#1964=VECTOR('',#7802,1000.);
#1965=VECTOR('',#7809,3.5);
#1966=VECTOR('',#7814,1000.);
#1967=VECTOR('',#7815,1000.);
#1968=VECTOR('',#7816,1000.);
#1969=VECTOR('',#7817,1000.);
#1970=VECTOR('',#7818,1000.);
#1971=VECTOR('',#7819,1000.);
#1972=VECTOR('',#7822,1000.);
#1973=VECTOR('',#7823,1000.);
#1974=VECTOR('',#7824,1000.);
#1975=VECTOR('',#7827,1000.);
#1976=VECTOR('',#7828,1000.);
#1977=VECTOR('',#7831,1000.);
#1978=VECTOR('',#7832,1000.);
#1979=VECTOR('',#7835,1000.);
#1980=VECTOR('',#7836,1000.);
#1981=VECTOR('',#7839,1000.);
#1982=VECTOR('',#7840,1000.);
#1983=VECTOR('',#7843,1000.);
#1984=VECTOR('',#7850,3.5);
#1985=VECTOR('',#7855,1000.);
#1986=VECTOR('',#7856,1000.);
#1987=VECTOR('',#7857,1000.);
#1988=VECTOR('',#7858,1000.);
#1989=VECTOR('',#7859,1000.);
#1990=VECTOR('',#7860,1000.);
#1991=VECTOR('',#7863,1000.);
#1992=VECTOR('',#7864,1000.);
#1993=VECTOR('',#7865,1000.);
#1994=VECTOR('',#7868,1000.);
#1995=VECTOR('',#7869,1000.);
#1996=VECTOR('',#7872,1000.);
#1997=VECTOR('',#7873,1000.);
#1998=VECTOR('',#7876,1000.);
#1999=VECTOR('',#7877,1000.);
#2000=VECTOR('',#7880,1000.);
#2001=VECTOR('',#7881,1000.);
#2002=VECTOR('',#7884,1000.);
#2003=VECTOR('',#7891,3.5);
#2004=VECTOR('',#7896,1000.);
#2005=VECTOR('',#7897,1000.);
#2006=VECTOR('',#7898,1000.);
#2007=VECTOR('',#7899,1000.);
#2008=VECTOR('',#7900,1000.);
#2009=VECTOR('',#7901,1000.);
#2010=VECTOR('',#7904,1000.);
#2011=VECTOR('',#7905,1000.);
#2012=VECTOR('',#7906,1000.);
#2013=VECTOR('',#7909,1000.);
#2014=VECTOR('',#7910,1000.);
#2015=VECTOR('',#7913,1000.);
#2016=VECTOR('',#7914,1000.);
#2017=VECTOR('',#7917,1000.);
#2018=VECTOR('',#7918,1000.);
#2019=VECTOR('',#7921,1000.);
#2020=VECTOR('',#7922,1000.);
#2021=VECTOR('',#7925,1000.);
#2022=VECTOR('',#7932,2.);
#2023=VECTOR('',#7939,3.5);
#2024=VECTOR('',#7944,1000.);
#2025=VECTOR('',#7945,1000.);
#2026=VECTOR('',#7946,1000.);
#2027=VECTOR('',#7947,1000.);
#2028=VECTOR('',#7948,1000.);
#2029=VECTOR('',#7949,1000.);
#2030=VECTOR('',#7954,1000.);
#2031=VECTOR('',#7955,1000.);
#2032=VECTOR('',#7956,1000.);
#2033=VECTOR('',#7959,1000.);
#2034=VECTOR('',#7960,1000.);
#2035=VECTOR('',#7963,1000.);
#2036=VECTOR('',#7964,1000.);
#2037=VECTOR('',#7967,1000.);
#2038=VECTOR('',#7968,1000.);
#2039=VECTOR('',#7971,1000.);
#2040=VECTOR('',#7972,1000.);
#2041=VECTOR('',#7975,1000.);
#2042=VECTOR('',#7982,3.5);
#2043=VECTOR('',#7987,1000.);
#2044=VECTOR('',#7988,1000.);
#2045=VECTOR('',#7989,1000.);
#2046=VECTOR('',#7990,1000.);
#2047=VECTOR('',#7991,1000.);
#2048=VECTOR('',#7992,1000.);
#2049=VECTOR('',#7995,1000.);
#2050=VECTOR('',#7996,1000.);
#2051=VECTOR('',#7997,1000.);
#2052=VECTOR('',#8000,1000.);
#2053=VECTOR('',#8001,1000.);
#2054=VECTOR('',#8004,1000.);
#2055=VECTOR('',#8005,1000.);
#2056=VECTOR('',#8008,1000.);
#2057=VECTOR('',#8009,1000.);
#2058=VECTOR('',#8012,1000.);
#2059=VECTOR('',#8013,1000.);
#2060=VECTOR('',#8016,1000.);
#2061=VECTOR('',#8023,3.5);
#2062=VECTOR('',#8028,1000.);
#2063=VECTOR('',#8029,1000.);
#2064=VECTOR('',#8030,1000.);
#2065=VECTOR('',#8031,1000.);
#2066=VECTOR('',#8032,1000.);
#2067=VECTOR('',#8033,1000.);
#2068=VECTOR('',#8036,1000.);
#2069=VECTOR('',#8037,1000.);
#2070=VECTOR('',#8038,1000.);
#2071=VECTOR('',#8041,1000.);
#2072=VECTOR('',#8042,1000.);
#2073=VECTOR('',#8045,1000.);
#2074=VECTOR('',#8046,1000.);
#2075=VECTOR('',#8049,1000.);
#2076=VECTOR('',#8050,1000.);
#2077=VECTOR('',#8053,1000.);
#2078=VECTOR('',#8054,1000.);
#2079=VECTOR('',#8057,1000.);
#2080=VECTOR('',#8068,2.);
#2081=VECTOR('',#8073,2.);
#2082=VECTOR('',#8080,3.5);
#2083=VECTOR('',#8085,1000.);
#2084=VECTOR('',#8086,1000.);
#2085=VECTOR('',#8087,1000.);
#2086=VECTOR('',#8088,1000.);
#2087=VECTOR('',#8089,1000.);
#2088=VECTOR('',#8090,1000.);
#2089=VECTOR('',#8095,1000.);
#2090=VECTOR('',#8096,1000.);
#2091=VECTOR('',#8097,1000.);
#2092=VECTOR('',#8100,1000.);
#2093=VECTOR('',#8101,1000.);
#2094=VECTOR('',#8104,1000.);
#2095=VECTOR('',#8105,1000.);
#2096=VECTOR('',#8108,1000.);
#2097=VECTOR('',#8109,1000.);
#2098=VECTOR('',#8112,1000.);
#2099=VECTOR('',#8113,1000.);
#2100=VECTOR('',#8116,1000.);
#2101=VECTOR('',#8123,5.23435305963093);
#2102=VECTOR('',#8130,1.64999999999999);
#2103=VECTOR('',#8135,1.64999999999999);
#2104=VECTOR('',#8140,2.25);
#2105=VECTOR('',#8145,2.25);
#2106=VECTOR('',#8152,2.25);
#2107=VECTOR('',#8159,2.25);
#2108=VECTOR('',#8166,2.25);
#2109=VECTOR('',#8173,2.25);
#2110=VECTOR('',#8180,1000.);
#2111=VECTOR('',#8183,1000.);
#2112=VECTOR('',#8186,1000.);
#2113=VECTOR('',#8187,1000.);
#2114=VECTOR('',#8188,1000.);
#2115=VECTOR('',#8191,1000.);
#2116=VECTOR('',#8192,10.);
#2117=VECTOR('',#8197,1000.);
#2118=VECTOR('',#8202,1000.);
#2119=VECTOR('',#8203,10.);
#2120=VECTOR('',#8204,1000.);
#2121=VECTOR('',#8207,1000.);
#2122=VECTOR('',#8210,1000.);
#2123=VECTOR('',#8211,1000.);
#2124=VECTOR('',#8212,1000.);
#2125=VECTOR('',#8213,10.);
#2126=VECTOR('',#8214,1000.);
#2127=VECTOR('',#8215,1000.);
#2128=VECTOR('',#8228,1000.);
#2129=VECTOR('',#8229,10.);
#2130=VECTOR('',#8230,1000.);
#2131=VECTOR('',#8231,10.);
#2132=VECTOR('',#8236,1000.);
#2133=VECTOR('',#8241,10.);
#2134=VECTOR('',#8246,1000.);
#2135=VECTOR('',#8249,10.);
#2136=VECTOR('',#8250,1000.);
#2137=VECTOR('',#8261,1000.);
#2138=VECTOR('',#8294,26.5);
#2139=VECTOR('',#8297,32.5);
#2140=VECTOR('',#8310,41.);
#2141=VECTOR('',#8315,53.75);
#2142=VECTOR('',#8318,4.);
#2143=VECTOR('',#8323,2.1);
#2144=VECTOR('',#8328,2.09999999999999);
#2145=VECTOR('',#8333,2.1);
#2146=VECTOR('',#8338,2.09999999999999);
#2147=VECTOR('',#8343,2.1);
#2148=VECTOR('',#8348,2.09999999999999);
#2149=VECTOR('',#8353,2.1);
#2150=VECTOR('',#8358,2.09999999999999);
#2151=VECTOR('',#8363,2.1);
#2152=VECTOR('',#8368,2.09999999999999);
#2153=VECTOR('',#8373,2.1);
#2154=VECTOR('',#8378,2.09999999999999);
#2155=VECTOR('',#8383,1.65);
#2156=VECTOR('',#8388,1.65);
#2157=VECTOR('',#8393,1.65);
#2158=VECTOR('',#8398,1.65);
#2159=VECTOR('',#8403,1.65);
#2160=VECTOR('',#8408,1.65);
#2161=VECTOR('',#8413,1.65);
#2162=VECTOR('',#8418,1.65);
#2163=VECTOR('',#8423,1000.);
#2164=VECTOR('',#8426,1000.);
#2165=VECTOR('',#8427,1000.);
#2166=VECTOR('',#8428,1000.);
#2167=VECTOR('',#8431,1000.);
#2168=VECTOR('',#8438,1000.);
#2169=VECTOR('',#8439,1000.);
#2170=VECTOR('',#8442,1000.);
#2171=VECTOR('',#8443,1000.);
#2172=VECTOR('',#8448,1000.);
#2173=VECTOR('',#8451,1000.);
#2174=VECTOR('',#8452,1000.);
#2175=VECTOR('',#8455,1000.);
#2176=VECTOR('',#8456,1000.);
#2177=VECTOR('',#8459,1000.);
#2178=VECTOR('',#8460,1000.);
#2179=VECTOR('',#8465,1000.);
#2180=VECTOR('',#8468,1000.);
#2181=VECTOR('',#8547,30.);
#2182=VECTOR('',#8550,2.75);
#2183=VECTOR('',#8553,2.75);
#2184=VECTOR('',#8556,2.75);
#2185=VECTOR('',#8559,2.75);
#2186=VECTOR('',#8562,2.75);
#2187=VECTOR('',#8565,2.75);
#2188=VECTOR('',#8568,2.25);
#2189=VECTOR('',#8571,2.25);
#2190=VECTOR('',#8574,2.25);
#2191=VECTOR('',#8577,2.25);
#2192=VECTOR('',#8580,2.25);
#2193=VECTOR('',#8583,2.25);
#2194=VECTOR('',#8636,26.5);
#2195=VECTOR('',#8639,32.5);
#2196=VECTOR('',#8648,41.);
#2197=VECTOR('',#8653,53.75);
#2198=VECTOR('',#8656,4.);
#2199=VECTOR('',#8661,2.1);
#2200=VECTOR('',#8666,2.09999999999999);
#2201=VECTOR('',#8671,2.1);
#2202=VECTOR('',#8676,2.09999999999999);
#2203=VECTOR('',#8681,2.1);
#2204=VECTOR('',#8686,2.09999999999999);
#2205=VECTOR('',#8691,2.1);
#2206=VECTOR('',#8696,2.09999999999999);
#2207=VECTOR('',#8701,2.1);
#2208=VECTOR('',#8706,2.09999999999999);
#2209=VECTOR('',#8711,2.1);
#2210=VECTOR('',#8716,2.09999999999999);
#2211=VECTOR('',#8721,1.65);
#2212=VECTOR('',#8726,1.65);
#2213=VECTOR('',#8729,1.65);
#2214=VECTOR('',#8734,1.65);
#2215=VECTOR('',#8737,1.65);
#2216=VECTOR('',#8742,1.65);
#2217=VECTOR('',#8745,1.65);
#2218=VECTOR('',#8750,1.65);
#2219=VECTOR('',#8753,1000.);
#2220=VECTOR('',#8756,1000.);
#2221=VECTOR('',#8757,1000.);
#2222=VECTOR('',#8758,1000.);
#2223=VECTOR('',#8761,1000.);
#2224=VECTOR('',#8768,1000.);
#2225=VECTOR('',#8769,1000.);
#2226=VECTOR('',#8772,1000.);
#2227=VECTOR('',#8773,1000.);
#2228=VECTOR('',#8778,1000.);
#2229=VECTOR('',#8781,1000.);
#2230=VECTOR('',#8782,1000.);
#2231=VECTOR('',#8785,1000.);
#2232=VECTOR('',#8786,1000.);
#2233=VECTOR('',#8789,1000.);
#2234=VECTOR('',#8790,1000.);
#2235=VECTOR('',#8795,1000.);
#2236=VECTOR('',#8798,1000.);
#2237=VECTOR('',#8875,30.);
#2238=VECTOR('',#8880,2.75);
#2239=VECTOR('',#8883,2.75);
#2240=VECTOR('',#8886,2.75);
#2241=VECTOR('',#8889,2.75);
#2242=VECTOR('',#8892,2.75);
#2243=VECTOR('',#8895,2.75);
#2244=VECTOR('',#8898,2.25);
#2245=VECTOR('',#8901,2.25);
#2246=VECTOR('',#8904,2.25);
#2247=VECTOR('',#8907,2.25);
#2248=VECTOR('',#8910,2.25);
#2249=VECTOR('',#8913,2.25);
#2250=VECTOR('',#8920,1000.);
#2251=VECTOR('',#8923,1000.);
#2252=VECTOR('',#8926,1000.);
#2253=VECTOR('',#8927,1000.);
#2254=VECTOR('',#8928,1000.);
#2255=VECTOR('',#8929,1000.);
#2256=VECTOR('',#8932,1000.);
#2257=VECTOR('',#8939,1000.);
#2258=VECTOR('',#8946,1000.);
#2259=VECTOR('',#8953,1000.);
#2260=VECTOR('',#8954,1000.);
#2261=VECTOR('',#8957,1000.);
#2262=VECTOR('',#8958,1000.);
#2263=VECTOR('',#8959,1000.);
#2264=VECTOR('',#8962,1000.);
#2265=VECTOR('',#8969,1000.);
#2266=VECTOR('',#8976,1000.);
#2267=VECTOR('',#8983,1000.);
#2268=VECTOR('',#8984,1000.);
#2269=VECTOR('',#8985,1000.);
#2270=VECTOR('',#8990,1000.);
#2271=VECTOR('',#8993,1000.);
#2272=VECTOR('',#8998,1000.);
#2273=VECTOR('',#9001,1000.);
#2274=VECTOR('',#9006,1000.);
#2275=VECTOR('',#9009,1000.);
#2276=VECTOR('',#9012,1000.);
#2277=VECTOR('',#9015,1000.);
#2278=VECTOR('',#9020,1000.);
#2279=VECTOR('',#9021,1000.);
#2280=VECTOR('',#9022,1000.);
#2281=VECTOR('',#9023,1000.);
#2282=VECTOR('',#9028,1000.);
#2283=VECTOR('',#9033,1000.);
#2284=VECTOR('',#9034,1000.);
#2285=VECTOR('',#9039,1000.);
#2286=VECTOR('',#9044,1000.);
#2287=VECTOR('',#9045,1000.);
#2288=VECTOR('',#9046,1000.);
#2289=VECTOR('',#9051,1000.);
#2290=VECTOR('',#9056,1000.);
#2291=VECTOR('',#9057,1000.);
#2292=VECTOR('',#9058,1000.);
#2293=VECTOR('',#9069,1000.);
#2294=VECTOR('',#9072,1000.);
#2295=VECTOR('',#9079,1000.);
#2296=VECTOR('',#9080,1000.);
#2297=VECTOR('',#9081,1000.);
#2298=VECTOR('',#9082,1000.);
#2299=VECTOR('',#9083,1000.);
#2300=VECTOR('',#9084,1000.);
#2301=VECTOR('',#9085,1000.);
#2302=VECTOR('',#9086,1000.);
#2303=VECTOR('',#9089,1000.);
#2304=VECTOR('',#9090,1000.);
#2305=VECTOR('',#9091,1000.);
#2306=VECTOR('',#9092,1000.);
#2307=VECTOR('',#9093,1000.);
#2308=VECTOR('',#9094,1000.);
#2309=VECTOR('',#9095,1000.);
#2310=VECTOR('',#9096,1000.);
#2311=VECTOR('',#9101,1000.);
#2312=VECTOR('',#9104,1000.);
#2313=VECTOR('',#9163,1000.);
#2314=VECTOR('',#9164,1000.);
#2315=VECTOR('',#9193,1000.);
#2316=VECTOR('',#9194,1000.);
#2317=VECTOR('',#9195,1000.);
#2318=VECTOR('',#9196,1000.);
#2319=VECTOR('',#9197,1000.);
#2320=VECTOR('',#9198,1000.);
#2321=VECTOR('',#9201,1000.);
#2322=VECTOR('',#9202,1000.);
#2323=VECTOR('',#9203,1000.);
#2324=VECTOR('',#9206,1000.);
#2325=VECTOR('',#9207,1000.);
#2326=VECTOR('',#9210,1000.);
#2327=VECTOR('',#9211,1000.);
#2328=VECTOR('',#9214,1000.);
#2329=VECTOR('',#9215,1000.);
#2330=VECTOR('',#9218,1000.);
#2331=VECTOR('',#9219,1000.);
#2332=VECTOR('',#9222,1000.);
#2333=VECTOR('',#9229,3.5);
#2334=VECTOR('',#9232,1000.);
#2335=VECTOR('',#9233,1000.);
#2336=VECTOR('',#9234,1000.);
#2337=VECTOR('',#9235,1000.);
#2338=VECTOR('',#9236,1000.);
#2339=VECTOR('',#9237,1000.);
#2340=VECTOR('',#9240,1000.);
#2341=VECTOR('',#9241,1000.);
#2342=VECTOR('',#9242,1000.);
#2343=VECTOR('',#9245,1000.);
#2344=VECTOR('',#9246,1000.);
#2345=VECTOR('',#9249,1000.);
#2346=VECTOR('',#9250,1000.);
#2347=VECTOR('',#9253,1000.);
#2348=VECTOR('',#9254,1000.);
#2349=VECTOR('',#9257,1000.);
#2350=VECTOR('',#9258,1000.);
#2351=VECTOR('',#9261,1000.);
#2352=VECTOR('',#9272,3.5);
#2353=VECTOR('',#9277,2.);
#2354=VECTOR('',#9282,2.);
#2355=VECTOR('',#9287,1000.);
#2356=VECTOR('',#9288,1000.);
#2357=VECTOR('',#9289,1000.);
#2358=VECTOR('',#9290,1000.);
#2359=VECTOR('',#9291,1000.);
#2360=VECTOR('',#9292,1000.);
#2361=VECTOR('',#9295,1000.);
#2362=VECTOR('',#9296,1000.);
#2363=VECTOR('',#9297,1000.);
#2364=VECTOR('',#9300,1000.);
#2365=VECTOR('',#9301,1000.);
#2366=VECTOR('',#9304,1000.);
#2367=VECTOR('',#9305,1000.);
#2368=VECTOR('',#9308,1000.);
#2369=VECTOR('',#9309,1000.);
#2370=VECTOR('',#9312,1000.);
#2371=VECTOR('',#9313,1000.);
#2372=VECTOR('',#9316,1000.);
#2373=VECTOR('',#9327,3.5);
#2374=VECTOR('',#9332,2.);
#2375=VECTOR('',#9337,2.);
#2376=VECTOR('',#9342,1000.);
#2377=VECTOR('',#9343,1000.);
#2378=VECTOR('',#9344,1000.);
#2379=VECTOR('',#9345,1000.);
#2380=VECTOR('',#9346,1000.);
#2381=VECTOR('',#9347,1000.);
#2382=VECTOR('',#9350,1000.);
#2383=VECTOR('',#9351,1000.);
#2384=VECTOR('',#9352,1000.);
#2385=VECTOR('',#9355,1000.);
#2386=VECTOR('',#9356,1000.);
#2387=VECTOR('',#9359,1000.);
#2388=VECTOR('',#9360,1000.);
#2389=VECTOR('',#9363,1000.);
#2390=VECTOR('',#9364,1000.);
#2391=VECTOR('',#9367,1000.);
#2392=VECTOR('',#9368,1000.);
#2393=VECTOR('',#9371,1000.);
#2394=VECTOR('',#9382,3.5);
#2395=VECTOR('',#9387,2.);
#2396=VECTOR('',#9392,2.);
#2397=VECTOR('',#9397,1000.);
#2398=VECTOR('',#9398,1000.);
#2399=VECTOR('',#9399,1000.);
#2400=VECTOR('',#9400,1000.);
#2401=VECTOR('',#9401,1000.);
#2402=VECTOR('',#9402,1000.);
#2403=VECTOR('',#9405,1000.);
#2404=VECTOR('',#9406,1000.);
#2405=VECTOR('',#9407,1000.);
#2406=VECTOR('',#9410,1000.);
#2407=VECTOR('',#9411,1000.);
#2408=VECTOR('',#9414,1000.);
#2409=VECTOR('',#9415,1000.);
#2410=VECTOR('',#9418,1000.);
#2411=VECTOR('',#9419,1000.);
#2412=VECTOR('',#9422,1000.);
#2413=VECTOR('',#9423,1000.);
#2414=VECTOR('',#9426,1000.);
#2415=VECTOR('',#9437,3.5);
#2416=VECTOR('',#9442,2.);
#2417=VECTOR('',#9447,2.);
#2418=VECTOR('',#9452,1000.);
#2419=VECTOR('',#9453,1000.);
#2420=VECTOR('',#9454,1000.);
#2421=VECTOR('',#9455,1000.);
#2422=VECTOR('',#9456,1000.);
#2423=VECTOR('',#9457,1000.);
#2424=VECTOR('',#9460,1000.);
#2425=VECTOR('',#9461,1000.);
#2426=VECTOR('',#9462,1000.);
#2427=VECTOR('',#9465,1000.);
#2428=VECTOR('',#9466,1000.);
#2429=VECTOR('',#9469,1000.);
#2430=VECTOR('',#9470,1000.);
#2431=VECTOR('',#9473,1000.);
#2432=VECTOR('',#9474,1000.);
#2433=VECTOR('',#9477,1000.);
#2434=VECTOR('',#9478,1000.);
#2435=VECTOR('',#9481,1000.);
#2436=VECTOR('',#9492,3.5);
#2437=VECTOR('',#9497,2.);
#2438=VECTOR('',#9502,2.);
#2439=VECTOR('',#9507,1000.);
#2440=VECTOR('',#9508,1000.);
#2441=VECTOR('',#9509,1000.);
#2442=VECTOR('',#9510,1000.);
#2443=VECTOR('',#9511,1000.);
#2444=VECTOR('',#9512,1000.);
#2445=VECTOR('',#9515,1000.);
#2446=VECTOR('',#9516,1000.);
#2447=VECTOR('',#9517,1000.);
#2448=VECTOR('',#9520,1000.);
#2449=VECTOR('',#9521,1000.);
#2450=VECTOR('',#9524,1000.);
#2451=VECTOR('',#9525,1000.);
#2452=VECTOR('',#9528,1000.);
#2453=VECTOR('',#9529,1000.);
#2454=VECTOR('',#9532,1000.);
#2455=VECTOR('',#9533,1000.);
#2456=VECTOR('',#9536,1000.);
#2457=VECTOR('',#9543,3.5);
#2458=VECTOR('',#9546,1000.);
#2459=VECTOR('',#9547,1000.);
#2460=VECTOR('',#9548,1000.);
#2461=VECTOR('',#9549,1000.);
#2462=VECTOR('',#9550,1000.);
#2463=VECTOR('',#9551,1000.);
#2464=VECTOR('',#9554,1000.);
#2465=VECTOR('',#9555,1000.);
#2466=VECTOR('',#9556,1000.);
#2467=VECTOR('',#9559,1000.);
#2468=VECTOR('',#9560,1000.);
#2469=VECTOR('',#9563,1000.);
#2470=VECTOR('',#9564,1000.);
#2471=VECTOR('',#9567,1000.);
#2472=VECTOR('',#9568,1000.);
#2473=VECTOR('',#9571,1000.);
#2474=VECTOR('',#9572,1000.);
#2475=VECTOR('',#9575,1000.);
#2476=VECTOR('',#9586,3.5);
#2477=VECTOR('',#9589,2.);
#2478=VECTOR('',#9592,1000.);
#2479=VECTOR('',#9593,1000.);
#2480=VECTOR('',#9594,1000.);
#2481=VECTOR('',#9595,1000.);
#2482=VECTOR('',#9596,1000.);
#2483=VECTOR('',#9597,1000.);
#2484=VECTOR('',#9600,1000.);
#2485=VECTOR('',#9601,1000.);
#2486=VECTOR('',#9602,1000.);
#2487=VECTOR('',#9605,1000.);
#2488=VECTOR('',#9606,1000.);
#2489=VECTOR('',#9609,1000.);
#2490=VECTOR('',#9610,1000.);
#2491=VECTOR('',#9613,1000.);
#2492=VECTOR('',#9614,1000.);
#2493=VECTOR('',#9617,1000.);
#2494=VECTOR('',#9618,1000.);
#2495=VECTOR('',#9621,1000.);
#2496=VECTOR('',#9628,3.5);
#2497=VECTOR('',#9631,1000.);
#2498=VECTOR('',#9632,1000.);
#2499=VECTOR('',#9633,1000.);
#2500=VECTOR('',#9634,1000.);
#2501=VECTOR('',#9635,1000.);
#2502=VECTOR('',#9636,1000.);
#2503=VECTOR('',#9639,1000.);
#2504=VECTOR('',#9640,1000.);
#2505=VECTOR('',#9641,1000.);
#2506=VECTOR('',#9644,1000.);
#2507=VECTOR('',#9645,1000.);
#2508=VECTOR('',#9648,1000.);
#2509=VECTOR('',#9649,1000.);
#2510=VECTOR('',#9652,1000.);
#2511=VECTOR('',#9653,1000.);
#2512=VECTOR('',#9656,1000.);
#2513=VECTOR('',#9657,1000.);
#2514=VECTOR('',#9660,1000.);
#2515=VECTOR('',#9667,3.5);
#2516=VECTOR('',#9670,1000.);
#2517=VECTOR('',#9671,1000.);
#2518=VECTOR('',#9672,1000.);
#2519=VECTOR('',#9673,1000.);
#2520=VECTOR('',#9674,1000.);
#2521=VECTOR('',#9675,1000.);
#2522=VECTOR('',#9678,1000.);
#2523=VECTOR('',#9679,1000.);
#2524=VECTOR('',#9680,1000.);
#2525=VECTOR('',#9683,1000.);
#2526=VECTOR('',#9684,1000.);
#2527=VECTOR('',#9687,1000.);
#2528=VECTOR('',#9688,1000.);
#2529=VECTOR('',#9691,1000.);
#2530=VECTOR('',#9692,1000.);
#2531=VECTOR('',#9695,1000.);
#2532=VECTOR('',#9696,1000.);
#2533=VECTOR('',#9699,1000.);
#2534=VECTOR('',#9706,3.5);
#2535=VECTOR('',#9709,1000.);
#2536=VECTOR('',#9710,1000.);
#2537=VECTOR('',#9711,1000.);
#2538=VECTOR('',#9712,1000.);
#2539=VECTOR('',#9713,1000.);
#2540=VECTOR('',#9714,1000.);
#2541=VECTOR('',#9717,1000.);
#2542=VECTOR('',#9718,1000.);
#2543=VECTOR('',#9719,1000.);
#2544=VECTOR('',#9722,1000.);
#2545=VECTOR('',#9723,1000.);
#2546=VECTOR('',#9726,1000.);
#2547=VECTOR('',#9727,1000.);
#2548=VECTOR('',#9730,1000.);
#2549=VECTOR('',#9731,1000.);
#2550=VECTOR('',#9734,1000.);
#2551=VECTOR('',#9735,1000.);
#2552=VECTOR('',#9738,1000.);
#2553=VECTOR('',#9745,3.5);
#2554=CIRCLE('',#7076,3.5);
#2555=CIRCLE('',#7077,3.5);
#2556=CIRCLE('',#7087,3.5);
#2557=CIRCLE('',#7088,3.5);
#2558=CIRCLE('',#7098,3.5);
#2559=CIRCLE('',#7099,3.5);
#2560=CIRCLE('',#7109,3.5);
#2561=CIRCLE('',#7110,3.5);
#2562=CIRCLE('',#7120,1.64999999999999);
#2563=CIRCLE('',#7121,1.61);
#2564=CIRCLE('',#7123,3.5);
#2565=CIRCLE('',#7124,3.5);
#2566=CIRCLE('',#7135,3.5);
#2567=CIRCLE('',#7136,3.5);
#2568=CIRCLE('',#7146,3.5);
#2569=CIRCLE('',#7147,3.5);
#2570=CIRCLE('',#7157,2.25);
#2571=CIRCLE('',#7158,2.);
#2572=CIRCLE('',#7160,2.);
#2573=CIRCLE('',#7162,1.61);
#2574=CIRCLE('',#7164,3.5);
#2575=CIRCLE('',#7165,3.5);
#2576=CIRCLE('',#7176,5.23435305963093);
#2577=CIRCLE('',#7177,5.23435305963093);
#2578=CIRCLE('',#7180,1.64999999999999);
#2579=CIRCLE('',#7183,2.25);
#2580=CIRCLE('',#7185,2.25);
#2581=CIRCLE('',#7186,2.25);
#2582=CIRCLE('',#7188,2.25);
#2583=CIRCLE('',#7189,2.25);
#2584=CIRCLE('',#7191,2.25);
#2585=CIRCLE('',#7192,2.25);
#2586=CIRCLE('',#7194,2.25);
#2587=CIRCLE('',#7195,2.25);
#2588=CIRCLE('',#7197,2.25);
#2589=CIRCLE('',#7198,2.25);
#2590=CIRCLE('',#7200,20.);
#2591=CIRCLE('',#7201,20.);
#2592=CIRCLE('',#7203,6.);
#2593=CIRCLE('',#7205,20.);
#2594=CIRCLE('',#7206,20.);
#2595=CIRCLE('',#7208,6.);
#2596=CIRCLE('',#7210,3.5);
#2597=CIRCLE('',#7211,3.5);
#2598=CIRCLE('',#7212,3.5);
#2599=CIRCLE('',#7213,3.5);
#2600=CIRCLE('',#7214,3.5);
#2601=CIRCLE('',#7217,5.);
#2602=CIRCLE('',#7218,5.);
#2603=CIRCLE('',#7220,6.);
#2604=CIRCLE('',#7223,6.);
#2605=CIRCLE('',#7225,5.);
#2606=CIRCLE('',#7226,5.);
#2607=CIRCLE('',#7232,53.75);
#2608=CIRCLE('',#7233,4.);
#2609=CIRCLE('',#7235,53.75);
#2610=CIRCLE('',#7236,41.);
#2611=CIRCLE('',#7238,32.5);
#2612=CIRCLE('',#7239,26.5);
#2613=CIRCLE('',#7241,2.25);
#2614=CIRCLE('',#7243,26.5);
#2615=CIRCLE('',#7245,32.5);
#2616=CIRCLE('',#7246,32.5);
#2617=CIRCLE('',#7247,32.5);
#2618=CIRCLE('',#7249,41.);
#2619=CIRCLE('',#7250,41.);
#2620=CIRCLE('',#7251,41.);
#2621=CIRCLE('',#7254,4.);
#2622=CIRCLE('',#7256,2.1);
#2623=CIRCLE('',#7258,2.09999999999999);
#2624=CIRCLE('',#7260,2.1);
#2625=CIRCLE('',#7262,2.09999999999999);
#2626=CIRCLE('',#7264,2.1);
#2627=CIRCLE('',#7266,2.09999999999999);
#2628=CIRCLE('',#7268,2.1);
#2629=CIRCLE('',#7270,2.09999999999999);
#2630=CIRCLE('',#7272,2.1);
#2631=CIRCLE('',#7274,2.09999999999999);
#2632=CIRCLE('',#7276,2.1);
#2633=CIRCLE('',#7278,2.09999999999999);
#2634=CIRCLE('',#7280,1.65);
#2635=CIRCLE('',#7282,1.65);
#2636=CIRCLE('',#7284,1.65);
#2637=CIRCLE('',#7286,1.65);
#2638=CIRCLE('',#7288,1.65);
#2639=CIRCLE('',#7290,1.65);
#2640=CIRCLE('',#7292,1.65);
#2641=CIRCLE('',#7294,1.65);
#2642=CIRCLE('',#7296,40.);
#2643=CIRCLE('',#7297,40.);
#2644=CIRCLE('',#7298,40.);
#2645=CIRCLE('',#7300,40.);
#2646=CIRCLE('',#7303,40.);
#2647=CIRCLE('',#7308,40.);
#2648=CIRCLE('',#7312,2.25);
#2649=CIRCLE('',#7314,2.25);
#2650=CIRCLE('',#7316,2.25);
#2651=CIRCLE('',#7318,2.25);
#2652=CIRCLE('',#7320,2.25);
#2653=CIRCLE('',#7322,2.75);
#2654=CIRCLE('',#7324,2.75);
#2655=CIRCLE('',#7326,2.75);
#2656=CIRCLE('',#7328,2.75);
#2657=CIRCLE('',#7330,2.75);
#2658=CIRCLE('',#7332,2.75);
#2659=CIRCLE('',#7334,30.);
#2660=CIRCLE('',#7335,2.25);
#2661=CIRCLE('',#7336,2.25);
#2662=CIRCLE('',#7337,2.25);
#2663=CIRCLE('',#7338,2.25);
#2664=CIRCLE('',#7339,2.25);
#2665=CIRCLE('',#7340,2.25);
#2666=CIRCLE('',#7341,2.75);
#2667=CIRCLE('',#7342,2.75);
#2668=CIRCLE('',#7343,2.75);
#2669=CIRCLE('',#7344,2.75);
#2670=CIRCLE('',#7345,2.75);
#2671=CIRCLE('',#7346,2.75);
#2672=CIRCLE('',#7348,30.);
#2673=CIRCLE('',#7363,8.75000000000004);
#2674=CIRCLE('',#7364,8.75000000000004);
#2675=CIRCLE('',#7366,53.75);
#2676=CIRCLE('',#7367,4.);
#2677=CIRCLE('',#7369,53.75);
#2678=CIRCLE('',#7370,41.);
#2679=CIRCLE('',#7372,8.75);
#2680=CIRCLE('',#7373,41.);
#2681=CIRCLE('',#7374,8.75);
#2682=CIRCLE('',#7375,32.5);
#2683=CIRCLE('',#7376,1.65);
#2684=CIRCLE('',#7377,1.65);
#2685=CIRCLE('',#7378,1.65);
#2686=CIRCLE('',#7379,1.65);
#2687=CIRCLE('',#7381,32.5);
#2688=CIRCLE('',#7382,26.5);
#2689=CIRCLE('',#7384,2.25);
#2690=CIRCLE('',#7386,26.5);
#2691=CIRCLE('',#7388,32.5);
#2692=CIRCLE('',#7389,32.5);
#2693=CIRCLE('',#7391,41.);
#2694=CIRCLE('',#7392,41.);
#2695=CIRCLE('',#7395,4.);
#2696=CIRCLE('',#7397,2.1);
#2697=CIRCLE('',#7399,2.09999999999999);
#2698=CIRCLE('',#7401,2.1);
#2699=CIRCLE('',#7403,2.09999999999999);
#2700=CIRCLE('',#7405,2.1);
#2701=CIRCLE('',#7407,2.09999999999999);
#2702=CIRCLE('',#7409,2.1);
#2703=CIRCLE('',#7411,2.09999999999999);
#2704=CIRCLE('',#7413,2.1);
#2705=CIRCLE('',#7415,2.09999999999999);
#2706=CIRCLE('',#7417,2.1);
#2707=CIRCLE('',#7419,2.09999999999999);
#2708=CIRCLE('',#7421,1.65);
#2709=CIRCLE('',#7424,1.65);
#2710=CIRCLE('',#7427,1.65);
#2711=CIRCLE('',#7430,1.65);
#2712=CIRCLE('',#7433,40.);
#2713=CIRCLE('',#7434,40.);
#2714=CIRCLE('',#7435,40.);
#2715=CIRCLE('',#7437,40.);
#2716=CIRCLE('',#7440,40.);
#2717=CIRCLE('',#7445,40.);
#2718=CIRCLE('',#7449,2.25);
#2719=CIRCLE('',#7451,2.25);
#2720=CIRCLE('',#7453,2.25);
#2721=CIRCLE('',#7455,2.25);
#2722=CIRCLE('',#7457,2.25);
#2723=CIRCLE('',#7459,2.75);
#2724=CIRCLE('',#7461,2.75);
#2725=CIRCLE('',#7463,2.75);
#2726=CIRCLE('',#7465,2.75);
#2727=CIRCLE('',#7467,2.75);
#2728=CIRCLE('',#7469,2.75);
#2729=CIRCLE('',#7471,30.);
#2730=CIRCLE('',#7472,2.25);
#2731=CIRCLE('',#7473,2.25);
#2732=CIRCLE('',#7474,2.25);
#2733=CIRCLE('',#7475,2.25);
#2734=CIRCLE('',#7476,2.25);
#2735=CIRCLE('',#7477,2.25);
#2736=CIRCLE('',#7478,2.75);
#2737=CIRCLE('',#7479,2.75);
#2738=CIRCLE('',#7480,2.75);
#2739=CIRCLE('',#7481,2.75);
#2740=CIRCLE('',#7482,2.75);
#2741=CIRCLE('',#7483,2.75);
#2742=CIRCLE('',#7485,30.);
#2743=CIRCLE('',#7500,5.);
#2744=CIRCLE('',#7501,5.);
#2745=CIRCLE('',#7504,6.00000000000001);
#2746=CIRCLE('',#7505,6.00000000000001);
#2747=CIRCLE('',#7507,46.5);
#2748=CIRCLE('',#7508,46.5);
#2749=CIRCLE('',#7510,6.);
#2750=CIRCLE('',#7511,6.);
#2751=CIRCLE('',#7515,6.);
#2752=CIRCLE('',#7516,6.);
#2753=CIRCLE('',#7518,46.5);
#2754=CIRCLE('',#7519,46.5);
#2755=CIRCLE('',#7521,6.00000000000001);
#2756=CIRCLE('',#7522,6.00000000000001);
#2757=CIRCLE('',#7525,4.25);
#2758=CIRCLE('',#7526,4.25);
#2759=CIRCLE('',#7528,4.25);
#2760=CIRCLE('',#7529,4.25);
#2761=CIRCLE('',#7531,8.75);
#2762=CIRCLE('',#7532,8.75);
#2763=CIRCLE('',#7534,8.75);
#2764=CIRCLE('',#7535,8.75);
#2765=CIRCLE('',#7538,7.50000000000001);
#2766=CIRCLE('',#7539,7.50000000000001);
#2767=CIRCLE('',#7542,7.50000000000001);
#2768=CIRCLE('',#7543,7.50000000000001);
#2769=CIRCLE('',#7546,7.50000000000001);
#2770=CIRCLE('',#7547,7.50000000000001);
#2771=CIRCLE('',#7550,7.49999999999999);
#2772=CIRCLE('',#7551,7.49999999999999);
#2773=CIRCLE('',#7553,55.);
#2774=CIRCLE('',#7554,55.);
#2775=CIRCLE('',#7556,32.5);
#2776=CIRCLE('',#7560,41.5);
#2777=CIRCLE('',#7561,41.5);
#2778=CIRCLE('',#7563,4.25);
#2779=CIRCLE('',#7564,4.25);
#2780=CIRCLE('',#7565,10.);
#2781=CIRCLE('',#7566,10.);
#2782=CIRCLE('',#7568,32.5);
#2783=CIRCLE('',#7569,8.75000000000001);
#2784=CIRCLE('',#7570,2.5);
#2785=CIRCLE('',#7571,2.5);
#2786=CIRCLE('',#7572,8.75000000000001);
#2787=CIRCLE('',#7573,3.5);
#2788=CIRCLE('',#7574,3.5);
#2789=CIRCLE('',#7575,3.5);
#2790=CIRCLE('',#7576,3.5);
#2791=CIRCLE('',#7578,41.5);
#2792=CIRCLE('',#7580,41.5);
#2793=CIRCLE('',#7581,10.);
#2794=CIRCLE('',#7582,10.);
#2795=CIRCLE('',#7584,2.5);
#2796=CIRCLE('',#7585,2.5);
#2797=CIRCLE('',#7586,3.5);
#2798=CIRCLE('',#7587,3.5);
#2799=CIRCLE('',#7588,3.5);
#2800=CIRCLE('',#7594,8.75000000000001);
#2801=CIRCLE('',#7596,8.75000000000001);
#2802=CIRCLE('',#7598,4.25);
#2803=CIRCLE('',#7600,4.25);
#2804=CIRCLE('',#7612,3.5);
#2805=CIRCLE('',#7622,1.61);
#2806=CIRCLE('',#7624,3.5);
#2807=CIRCLE('',#7627,2.);
#2808=CIRCLE('',#7629,2.);
#2809=CIRCLE('',#7639,1.61);
#2810=CIRCLE('',#7641,3.5);
#2811=CIRCLE('',#7644,2.);
#2812=CIRCLE('',#7646,2.);
#2813=CIRCLE('',#7656,1.61);
#2814=CIRCLE('',#7658,3.5);
#2815=CIRCLE('',#7661,2.);
#2816=CIRCLE('',#7663,2.);
#2817=CIRCLE('',#7673,1.61);
#2818=CIRCLE('',#7675,3.5);
#2819=CIRCLE('',#7678,2.);
#2820=CIRCLE('',#7680,2.);
#2821=CIRCLE('',#7690,1.61);
#2822=CIRCLE('',#7692,3.5);
#2823=CIRCLE('',#7695,2.);
#2824=CIRCLE('',#7697,2.);
#2825=CIRCLE('',#7707,3.5);
#2826=CIRCLE('',#7717,1.61);
#2827=CIRCLE('',#7719,3.5);
#2828=CIRCLE('',#7730,3.5);
#2829=CIRCLE('',#7740,3.5);
#2830=CIRCLE('',#7750,3.5);
#2831=CIRCLE('',#7760,3.5);
#2832=VERTEX_POINT('',#9748);
#2833=VERTEX_POINT('',#9750);
#2834=VERTEX_POINT('',#9754);
#2835=VERTEX_POINT('',#9755);
#2836=VERTEX_POINT('',#9757);
#2837=VERTEX_POINT('',#9759);
#2838=VERTEX_POINT('',#9761);
#2839=VERTEX_POINT('',#9763);
#2840=VERTEX_POINT('',#9767);
#2841=VERTEX_POINT('',#9769);
#2842=VERTEX_POINT('',#9773);
#2843=VERTEX_POINT('',#9777);
#2844=VERTEX_POINT('',#9781);
#2845=VERTEX_POINT('',#9785);
#2846=VERTEX_POINT('',#9792);
#2847=VERTEX_POINT('',#9794);
#2848=VERTEX_POINT('',#9798);
#2849=VERTEX_POINT('',#9799);
#2850=VERTEX_POINT('',#9801);
#2851=VERTEX_POINT('',#9803);
#2852=VERTEX_POINT('',#9805);
#2853=VERTEX_POINT('',#9807);
#2854=VERTEX_POINT('',#9811);
#2855=VERTEX_POINT('',#9813);
#2856=VERTEX_POINT('',#9817);
#2857=VERTEX_POINT('',#9821);
#2858=VERTEX_POINT('',#9825);
#2859=VERTEX_POINT('',#9829);
#2860=VERTEX_POINT('',#9836);
#2861=VERTEX_POINT('',#9838);
#2862=VERTEX_POINT('',#9842);
#2863=VERTEX_POINT('',#9843);
#2864=VERTEX_POINT('',#9845);
#2865=VERTEX_POINT('',#9847);
#2866=VERTEX_POINT('',#9849);
#2867=VERTEX_POINT('',#9851);
#2868=VERTEX_POINT('',#9855);
#2869=VERTEX_POINT('',#9857);
#2870=VERTEX_POINT('',#9861);
#2871=VERTEX_POINT('',#9865);
#2872=VERTEX_POINT('',#9869);
#2873=VERTEX_POINT('',#9873);
#2874=VERTEX_POINT('',#9880);
#2875=VERTEX_POINT('',#9882);
#2876=VERTEX_POINT('',#9886);
#2877=VERTEX_POINT('',#9887);
#2878=VERTEX_POINT('',#9889);
#2879=VERTEX_POINT('',#9891);
#2880=VERTEX_POINT('',#9893);
#2881=VERTEX_POINT('',#9895);
#2882=VERTEX_POINT('',#9899);
#2883=VERTEX_POINT('',#9901);
#2884=VERTEX_POINT('',#9905);
#2885=VERTEX_POINT('',#9909);
#2886=VERTEX_POINT('',#9913);
#2887=VERTEX_POINT('',#9917);
#2888=VERTEX_POINT('',#9924);
#2889=VERTEX_POINT('',#9926);
#2890=VERTEX_POINT('',#9930);
#2891=VERTEX_POINT('',#9932);
#2892=VERTEX_POINT('',#9936);
#2893=VERTEX_POINT('',#9937);
#2894=VERTEX_POINT('',#9939);
#2895=VERTEX_POINT('',#9941);
#2896=VERTEX_POINT('',#9943);
#2897=VERTEX_POINT('',#9945);
#2898=VERTEX_POINT('',#9950);
#2899=VERTEX_POINT('',#9952);
#2900=VERTEX_POINT('',#9956);
#2901=VERTEX_POINT('',#9960);
#2902=VERTEX_POINT('',#9964);
#2903=VERTEX_POINT('',#9968);
#2904=VERTEX_POINT('',#9975);
#2905=VERTEX_POINT('',#9977);
#2906=VERTEX_POINT('',#9981);
#2907=VERTEX_POINT('',#9982);
#2908=VERTEX_POINT('',#9984);
#2909=VERTEX_POINT('',#9986);
#2910=VERTEX_POINT('',#9988);
#2911=VERTEX_POINT('',#9990);
#2912=VERTEX_POINT('',#9994);
#2913=VERTEX_POINT('',#9996);
#2914=VERTEX_POINT('',#10000);
#2915=VERTEX_POINT('',#10004);
#2916=VERTEX_POINT('',#10008);
#2917=VERTEX_POINT('',#10012);
#2918=VERTEX_POINT('',#10019);
#2919=VERTEX_POINT('',#10021);
#2920=VERTEX_POINT('',#10025);
#2921=VERTEX_POINT('',#10026);
#2922=VERTEX_POINT('',#10028);
#2923=VERTEX_POINT('',#10030);
#2924=VERTEX_POINT('',#10032);
#2925=VERTEX_POINT('',#10034);
#2926=VERTEX_POINT('',#10038);
#2927=VERTEX_POINT('',#10040);
#2928=VERTEX_POINT('',#10044);
#2929=VERTEX_POINT('',#10048);
#2930=VERTEX_POINT('',#10052);
#2931=VERTEX_POINT('',#10056);
#2932=VERTEX_POINT('',#10063);
#2933=VERTEX_POINT('',#10065);
#2934=VERTEX_POINT('',#10068);
#2935=VERTEX_POINT('',#10072);
#2936=VERTEX_POINT('',#10076);
#2937=VERTEX_POINT('',#10078);
#2938=VERTEX_POINT('',#10082);
#2939=VERTEX_POINT('',#10083);
#2940=VERTEX_POINT('',#10085);
#2941=VERTEX_POINT('',#10087);
#2942=VERTEX_POINT('',#10089);
#2943=VERTEX_POINT('',#10091);
#2944=VERTEX_POINT('',#10096);
#2945=VERTEX_POINT('',#10098);
#2946=VERTEX_POINT('',#10102);
#2947=VERTEX_POINT('',#10106);
#2948=VERTEX_POINT('',#10110);
#2949=VERTEX_POINT('',#10114);
#2950=VERTEX_POINT('',#10121);
#2951=VERTEX_POINT('',#10123);
#2952=VERTEX_POINT('',#10128);
#2953=VERTEX_POINT('',#10167);
#2954=VERTEX_POINT('',#10171);
#2955=VERTEX_POINT('',#10212);
#2956=VERTEX_POINT('',#10216);
#2957=VERTEX_POINT('',#10218);
#2958=VERTEX_POINT('',#10222);
#2959=VERTEX_POINT('',#10224);
#2960=VERTEX_POINT('',#10228);
#2961=VERTEX_POINT('',#10230);
#2962=VERTEX_POINT('',#10234);
#2963=VERTEX_POINT('',#10236);
#2964=VERTEX_POINT('',#10240);
#2965=VERTEX_POINT('',#10242);
#2966=VERTEX_POINT('',#10246);
#2967=VERTEX_POINT('',#10247);
#2968=VERTEX_POINT('',#10249);
#2969=VERTEX_POINT('',#10251);
#2970=VERTEX_POINT('',#10255);
#2971=VERTEX_POINT('',#10256);
#2972=VERTEX_POINT('',#10258);
#2973=VERTEX_POINT('',#10260);
#2974=VERTEX_POINT('',#10262);
#2975=VERTEX_POINT('',#10264);
#2976=VERTEX_POINT('',#10268);
#2977=VERTEX_POINT('',#10270);
#2978=VERTEX_POINT('',#10274);
#2979=VERTEX_POINT('',#10276);
#2980=VERTEX_POINT('',#10278);
#2981=VERTEX_POINT('',#10280);
#2982=VERTEX_POINT('',#10285);
#2983=VERTEX_POINT('',#10287);
#2984=VERTEX_POINT('',#10289);
#2985=VERTEX_POINT('',#10291);
#2986=VERTEX_POINT('',#10294);
#2987=VERTEX_POINT('',#10296);
#2988=VERTEX_POINT('',#10298);
#2989=VERTEX_POINT('',#10300);
#2990=VERTEX_POINT('',#10302);
#2991=VERTEX_POINT('',#10306);
#2992=VERTEX_POINT('',#10308);
#2993=VERTEX_POINT('',#10312);
#2994=VERTEX_POINT('',#10314);
#2995=VERTEX_POINT('',#10316);
#2996=VERTEX_POINT('',#10325);
#2997=VERTEX_POINT('',#10341);
#2998=VERTEX_POINT('',#10343);
#2999=VERTEX_POINT('',#10348);
#3000=VERTEX_POINT('',#10357);
#3001=VERTEX_POINT('',#10373);
#3002=VERTEX_POINT('',#10375);
#3003=VERTEX_POINT('',#10378);
#3004=VERTEX_POINT('',#10380);
#3005=VERTEX_POINT('',#10383);
#3006=VERTEX_POINT('',#10385);
#3007=VERTEX_POINT('',#10388);
#3008=VERTEX_POINT('',#10391);
#3009=VERTEX_POINT('',#10395);
#3010=VERTEX_POINT('',#10397);
#3011=VERTEX_POINT('',#10399);
#3012=VERTEX_POINT('',#10403);
#3013=VERTEX_POINT('',#10404);
#3014=VERTEX_POINT('',#10406);
#3015=VERTEX_POINT('',#10413);
#3016=VERTEX_POINT('',#10417);
#3017=VERTEX_POINT('',#10418);
#3018=VERTEX_POINT('',#10422);
#3019=VERTEX_POINT('',#10426);
#3020=VERTEX_POINT('',#10427);
#3021=VERTEX_POINT('',#10431);
#3022=VERTEX_POINT('',#10435);
#3023=VERTEX_POINT('',#10436);
#3024=VERTEX_POINT('',#10440);
#3025=VERTEX_POINT('',#10444);
#3026=VERTEX_POINT('',#10445);
#3027=VERTEX_POINT('',#10449);
#3028=VERTEX_POINT('',#10453);
#3029=VERTEX_POINT('',#10454);
#3030=VERTEX_POINT('',#10458);
#3031=VERTEX_POINT('',#10462);
#3032=VERTEX_POINT('',#10463);
#3033=VERTEX_POINT('',#10467);
#3034=VERTEX_POINT('',#10471);
#3035=VERTEX_POINT('',#10472);
#3036=VERTEX_POINT('',#10476);
#3037=VERTEX_POINT('',#10480);
#3038=VERTEX_POINT('',#10481);
#3039=VERTEX_POINT('',#10485);
#3040=VERTEX_POINT('',#10489);
#3041=VERTEX_POINT('',#10490);
#3042=VERTEX_POINT('',#10494);
#3043=VERTEX_POINT('',#10498);
#3044=VERTEX_POINT('',#10499);
#3045=VERTEX_POINT('',#10503);
#3046=VERTEX_POINT('',#10507);
#3047=VERTEX_POINT('',#10508);
#3048=VERTEX_POINT('',#10510);
#3049=VERTEX_POINT('',#10512);
#3050=VERTEX_POINT('',#10514);
#3051=VERTEX_POINT('',#10516);
#3052=VERTEX_POINT('',#10518);
#3053=VERTEX_POINT('',#10520);
#3054=VERTEX_POINT('',#10524);
#3055=VERTEX_POINT('',#10525);
#3056=VERTEX_POINT('',#10530);
#3057=VERTEX_POINT('',#10534);
#3058=VERTEX_POINT('',#10538);
#3059=VERTEX_POINT('',#10542);
#3060=VERTEX_POINT('',#10546);
#3061=VERTEX_POINT('',#10550);
#3062=VERTEX_POINT('',#10557);
#3063=VERTEX_POINT('',#10560);
#3064=VERTEX_POINT('',#10563);
#3065=VERTEX_POINT('',#10566);
#3066=VERTEX_POINT('',#10569);
#3067=VERTEX_POINT('',#10572);
#3068=VERTEX_POINT('',#10575);
#3069=VERTEX_POINT('',#10578);
#3070=VERTEX_POINT('',#10581);
#3071=VERTEX_POINT('',#10584);
#3072=VERTEX_POINT('',#10587);
#3073=VERTEX_POINT('',#10590);
#3074=VERTEX_POINT('',#10592);
#3075=VERTEX_POINT('',#10594);
#3076=VERTEX_POINT('',#10596);
#3077=VERTEX_POINT('',#10598);
#3078=VERTEX_POINT('',#10600);
#3079=VERTEX_POINT('',#10602);
#3080=VERTEX_POINT('',#10604);
#3081=VERTEX_POINT('',#10606);
#3082=VERTEX_POINT('',#10608);
#3083=VERTEX_POINT('',#10610);
#3084=VERTEX_POINT('',#10612);
#3085=VERTEX_POINT('',#10614);
#3086=VERTEX_POINT('',#10617);
#3087=VERTEX_POINT('',#10649);
#3088=VERTEX_POINT('',#10651);
#3089=VERTEX_POINT('',#10654);
#3090=VERTEX_POINT('',#10656);
#3091=VERTEX_POINT('',#10659);
#3092=VERTEX_POINT('',#10660);
#3093=VERTEX_POINT('',#10662);
#3094=VERTEX_POINT('',#10664);
#3095=VERTEX_POINT('',#10667);
#3096=VERTEX_POINT('',#10669);
#3097=VERTEX_POINT('',#10671);
#3098=VERTEX_POINT('',#10673);
#3099=VERTEX_POINT('',#10676);
#3100=VERTEX_POINT('',#10678);
#3101=VERTEX_POINT('',#10681);
#3102=VERTEX_POINT('',#10684);
#3103=VERTEX_POINT('',#10688);
#3104=VERTEX_POINT('',#10693);
#3105=VERTEX_POINT('',#10700);
#3106=VERTEX_POINT('',#10704);
#3107=VERTEX_POINT('',#10705);
#3108=VERTEX_POINT('',#10709);
#3109=VERTEX_POINT('',#10713);
#3110=VERTEX_POINT('',#10714);
#3111=VERTEX_POINT('',#10718);
#3112=VERTEX_POINT('',#10722);
#3113=VERTEX_POINT('',#10723);
#3114=VERTEX_POINT('',#10727);
#3115=VERTEX_POINT('',#10731);
#3116=VERTEX_POINT('',#10732);
#3117=VERTEX_POINT('',#10736);
#3118=VERTEX_POINT('',#10740);
#3119=VERTEX_POINT('',#10741);
#3120=VERTEX_POINT('',#10745);
#3121=VERTEX_POINT('',#10749);
#3122=VERTEX_POINT('',#10750);
#3123=VERTEX_POINT('',#10754);
#3124=VERTEX_POINT('',#10758);
#3125=VERTEX_POINT('',#10759);
#3126=VERTEX_POINT('',#10765);
#3127=VERTEX_POINT('',#10766);
#3128=VERTEX_POINT('',#10772);
#3129=VERTEX_POINT('',#10773);
#3130=VERTEX_POINT('',#10779);
#3131=VERTEX_POINT('',#10780);
#3132=VERTEX_POINT('',#10786);
#3133=VERTEX_POINT('',#10787);
#3134=VERTEX_POINT('',#10789);
#3135=VERTEX_POINT('',#10791);
#3136=VERTEX_POINT('',#10793);
#3137=VERTEX_POINT('',#10795);
#3138=VERTEX_POINT('',#10797);
#3139=VERTEX_POINT('',#10799);
#3140=VERTEX_POINT('',#10803);
#3141=VERTEX_POINT('',#10804);
#3142=VERTEX_POINT('',#10809);
#3143=VERTEX_POINT('',#10813);
#3144=VERTEX_POINT('',#10817);
#3145=VERTEX_POINT('',#10821);
#3146=VERTEX_POINT('',#10825);
#3147=VERTEX_POINT('',#10829);
#3148=VERTEX_POINT('',#10836);
#3149=VERTEX_POINT('',#10839);
#3150=VERTEX_POINT('',#10842);
#3151=VERTEX_POINT('',#10845);
#3152=VERTEX_POINT('',#10848);
#3153=VERTEX_POINT('',#10851);
#3154=VERTEX_POINT('',#10854);
#3155=VERTEX_POINT('',#10857);
#3156=VERTEX_POINT('',#10860);
#3157=VERTEX_POINT('',#10863);
#3158=VERTEX_POINT('',#10866);
#3159=VERTEX_POINT('',#10869);
#3160=VERTEX_POINT('',#10871);
#3161=VERTEX_POINT('',#10873);
#3162=VERTEX_POINT('',#10875);
#3163=VERTEX_POINT('',#10877);
#3164=VERTEX_POINT('',#10879);
#3165=VERTEX_POINT('',#10881);
#3166=VERTEX_POINT('',#10883);
#3167=VERTEX_POINT('',#10885);
#3168=VERTEX_POINT('',#10887);
#3169=VERTEX_POINT('',#10889);
#3170=VERTEX_POINT('',#10891);
#3171=VERTEX_POINT('',#10893);
#3172=VERTEX_POINT('',#10896);
#3173=VERTEX_POINT('',#10925);
#3174=VERTEX_POINT('',#10926);
#3175=VERTEX_POINT('',#10928);
#3176=VERTEX_POINT('',#10930);
#3177=VERTEX_POINT('',#10934);
#3178=VERTEX_POINT('',#10935);
#3179=VERTEX_POINT('',#10937);
#3180=VERTEX_POINT('',#10939);
#3181=VERTEX_POINT('',#10943);
#3182=VERTEX_POINT('',#10944);
#3183=VERTEX_POINT('',#10949);
#3184=VERTEX_POINT('',#10950);
#3185=VERTEX_POINT('',#10955);
#3186=VERTEX_POINT('',#10956);
#3187=VERTEX_POINT('',#10964);
#3188=VERTEX_POINT('',#10966);
#3189=VERTEX_POINT('',#10970);
#3190=VERTEX_POINT('',#10971);
#3191=VERTEX_POINT('',#10976);
#3192=VERTEX_POINT('',#10977);
#3193=VERTEX_POINT('',#10982);
#3194=VERTEX_POINT('',#10983);
#3195=VERTEX_POINT('',#10988);
#3196=VERTEX_POINT('',#10989);
#3197=VERTEX_POINT('',#10994);
#3198=VERTEX_POINT('',#10995);
#3199=VERTEX_POINT('',#10997);
#3200=VERTEX_POINT('',#10999);
#3201=VERTEX_POINT('',#11003);
#3202=VERTEX_POINT('',#11004);
#3203=VERTEX_POINT('',#11006);
#3204=VERTEX_POINT('',#11008);
#3205=VERTEX_POINT('',#11013);
#3206=VERTEX_POINT('',#11015);
#3207=VERTEX_POINT('',#11019);
#3208=VERTEX_POINT('',#11022);
#3209=VERTEX_POINT('',#11026);
#3210=VERTEX_POINT('',#11027);
#3211=VERTEX_POINT('',#11029);
#3212=VERTEX_POINT('',#11031);
#3213=VERTEX_POINT('',#11036);
#3214=VERTEX_POINT('',#11040);
#3215=VERTEX_POINT('',#11044);
#3216=VERTEX_POINT('',#11046);
#3217=VERTEX_POINT('',#11050);
#3218=VERTEX_POINT('',#11052);
#3219=VERTEX_POINT('',#11056);
#3220=VERTEX_POINT('',#11058);
#3221=VERTEX_POINT('',#11062);
#3222=VERTEX_POINT('',#11064);
#3223=VERTEX_POINT('',#11071);
#3224=VERTEX_POINT('',#11072);
#3225=VERTEX_POINT('',#11074);
#3226=VERTEX_POINT('',#11076);
#3227=VERTEX_POINT('',#11082);
#3228=VERTEX_POINT('',#11083);
#3229=VERTEX_POINT('',#11085);
#3230=VERTEX_POINT('',#11087);
#3231=VERTEX_POINT('',#11089);
#3232=VERTEX_POINT('',#11091);
#3233=VERTEX_POINT('',#11093);
#3234=VERTEX_POINT('',#11098);
#3235=VERTEX_POINT('',#11099);
#3236=VERTEX_POINT('',#11101);
#3237=VERTEX_POINT('',#11104);
#3238=VERTEX_POINT('',#11106);
#3239=VERTEX_POINT('',#11108);
#3240=VERTEX_POINT('',#11110);
#3241=VERTEX_POINT('',#11114);
#3242=VERTEX_POINT('',#11115);
#3243=VERTEX_POINT('',#11117);
#3244=VERTEX_POINT('',#11119);
#3245=VERTEX_POINT('',#11128);
#3246=VERTEX_POINT('',#11129);
#3247=VERTEX_POINT('',#11135);
#3248=VERTEX_POINT('',#11137);
#3249=VERTEX_POINT('',#11139);
#3250=VERTEX_POINT('',#11141);
#3251=VERTEX_POINT('',#11152);
#3252=VERTEX_POINT('',#11154);
#3253=VERTEX_POINT('',#11156);
#3254=VERTEX_POINT('',#11176);
#3255=VERTEX_POINT('',#11177);
#3256=VERTEX_POINT('',#11179);
#3257=VERTEX_POINT('',#11181);
#3258=VERTEX_POINT('',#11183);
#3259=VERTEX_POINT('',#11185);
#3260=VERTEX_POINT('',#11189);
#3261=VERTEX_POINT('',#11190);
#3262=VERTEX_POINT('',#11195);
#3263=VERTEX_POINT('',#11199);
#3264=VERTEX_POINT('',#11203);
#3265=VERTEX_POINT('',#11207);
#3266=VERTEX_POINT('',#11213);
#3267=VERTEX_POINT('',#11218);
#3268=VERTEX_POINT('',#11219);
#3269=VERTEX_POINT('',#11221);
#3270=VERTEX_POINT('',#11223);
#3271=VERTEX_POINT('',#11225);
#3272=VERTEX_POINT('',#11227);
#3273=VERTEX_POINT('',#11231);
#3274=VERTEX_POINT('',#11232);
#3275=VERTEX_POINT('',#11237);
#3276=VERTEX_POINT('',#11241);
#3277=VERTEX_POINT('',#11245);
#3278=VERTEX_POINT('',#11249);
#3279=VERTEX_POINT('',#11255);
#3280=VERTEX_POINT('',#11258);
#3281=VERTEX_POINT('',#11263);
#3282=VERTEX_POINT('',#11267);
#3283=VERTEX_POINT('',#11272);
#3284=VERTEX_POINT('',#11273);
#3285=VERTEX_POINT('',#11275);
#3286=VERTEX_POINT('',#11277);
#3287=VERTEX_POINT('',#11279);
#3288=VERTEX_POINT('',#11281);
#3289=VERTEX_POINT('',#11285);
#3290=VERTEX_POINT('',#11286);
#3291=VERTEX_POINT('',#11291);
#3292=VERTEX_POINT('',#11295);
#3293=VERTEX_POINT('',#11299);
#3294=VERTEX_POINT('',#11303);
#3295=VERTEX_POINT('',#11309);
#3296=VERTEX_POINT('',#11312);
#3297=VERTEX_POINT('',#11317);
#3298=VERTEX_POINT('',#11321);
#3299=VERTEX_POINT('',#11326);
#3300=VERTEX_POINT('',#11327);
#3301=VERTEX_POINT('',#11329);
#3302=VERTEX_POINT('',#11331);
#3303=VERTEX_POINT('',#11333);
#3304=VERTEX_POINT('',#11335);
#3305=VERTEX_POINT('',#11339);
#3306=VERTEX_POINT('',#11340);
#3307=VERTEX_POINT('',#11345);
#3308=VERTEX_POINT('',#11349);
#3309=VERTEX_POINT('',#11353);
#3310=VERTEX_POINT('',#11357);
#3311=VERTEX_POINT('',#11363);
#3312=VERTEX_POINT('',#11366);
#3313=VERTEX_POINT('',#11371);
#3314=VERTEX_POINT('',#11375);
#3315=VERTEX_POINT('',#11380);
#3316=VERTEX_POINT('',#11381);
#3317=VERTEX_POINT('',#11383);
#3318=VERTEX_POINT('',#11385);
#3319=VERTEX_POINT('',#11387);
#3320=VERTEX_POINT('',#11389);
#3321=VERTEX_POINT('',#11393);
#3322=VERTEX_POINT('',#11394);
#3323=VERTEX_POINT('',#11399);
#3324=VERTEX_POINT('',#11403);
#3325=VERTEX_POINT('',#11407);
#3326=VERTEX_POINT('',#11411);
#3327=VERTEX_POINT('',#11417);
#3328=VERTEX_POINT('',#11420);
#3329=VERTEX_POINT('',#11425);
#3330=VERTEX_POINT('',#11429);
#3331=VERTEX_POINT('',#11434);
#3332=VERTEX_POINT('',#11435);
#3333=VERTEX_POINT('',#11437);
#3334=VERTEX_POINT('',#11439);
#3335=VERTEX_POINT('',#11441);
#3336=VERTEX_POINT('',#11443);
#3337=VERTEX_POINT('',#11447);
#3338=VERTEX_POINT('',#11448);
#3339=VERTEX_POINT('',#11453);
#3340=VERTEX_POINT('',#11457);
#3341=VERTEX_POINT('',#11461);
#3342=VERTEX_POINT('',#11465);
#3343=VERTEX_POINT('',#11471);
#3344=VERTEX_POINT('',#11474);
#3345=VERTEX_POINT('',#11479);
#3346=VERTEX_POINT('',#11483);
#3347=VERTEX_POINT('',#11488);
#3348=VERTEX_POINT('',#11489);
#3349=VERTEX_POINT('',#11491);
#3350=VERTEX_POINT('',#11493);
#3351=VERTEX_POINT('',#11495);
#3352=VERTEX_POINT('',#11497);
#3353=VERTEX_POINT('',#11501);
#3354=VERTEX_POINT('',#11502);
#3355=VERTEX_POINT('',#11507);
#3356=VERTEX_POINT('',#11511);
#3357=VERTEX_POINT('',#11515);
#3358=VERTEX_POINT('',#11519);
#3359=VERTEX_POINT('',#11525);
#3360=VERTEX_POINT('',#11530);
#3361=VERTEX_POINT('',#11531);
#3362=VERTEX_POINT('',#11533);
#3363=VERTEX_POINT('',#11535);
#3364=VERTEX_POINT('',#11537);
#3365=VERTEX_POINT('',#11539);
#3366=VERTEX_POINT('',#11543);
#3367=VERTEX_POINT('',#11544);
#3368=VERTEX_POINT('',#11549);
#3369=VERTEX_POINT('',#11553);
#3370=VERTEX_POINT('',#11557);
#3371=VERTEX_POINT('',#11561);
#3372=VERTEX_POINT('',#11567);
#3373=VERTEX_POINT('',#11570);
#3374=VERTEX_POINT('',#11577);
#3375=VERTEX_POINT('',#11578);
#3376=VERTEX_POINT('',#11580);
#3377=VERTEX_POINT('',#11582);
#3378=VERTEX_POINT('',#11584);
#3379=VERTEX_POINT('',#11586);
#3380=VERTEX_POINT('',#11590);
#3381=VERTEX_POINT('',#11591);
#3382=VERTEX_POINT('',#11596);
#3383=VERTEX_POINT('',#11600);
#3384=VERTEX_POINT('',#11604);
#3385=VERTEX_POINT('',#11608);
#3386=VERTEX_POINT('',#11614);
#3387=VERTEX_POINT('',#11619);
#3388=VERTEX_POINT('',#11620);
#3389=VERTEX_POINT('',#11622);
#3390=VERTEX_POINT('',#11624);
#3391=VERTEX_POINT('',#11626);
#3392=VERTEX_POINT('',#11628);
#3393=VERTEX_POINT('',#11632);
#3394=VERTEX_POINT('',#11633);
#3395=VERTEX_POINT('',#11638);
#3396=VERTEX_POINT('',#11642);
#3397=VERTEX_POINT('',#11646);
#3398=VERTEX_POINT('',#11650);
#3399=VERTEX_POINT('',#11656);
#3400=VERTEX_POINT('',#11661);
#3401=VERTEX_POINT('',#11662);
#3402=VERTEX_POINT('',#11664);
#3403=VERTEX_POINT('',#11666);
#3404=VERTEX_POINT('',#11668);
#3405=VERTEX_POINT('',#11670);
#3406=VERTEX_POINT('',#11674);
#3407=VERTEX_POINT('',#11675);
#3408=VERTEX_POINT('',#11680);
#3409=VERTEX_POINT('',#11684);
#3410=VERTEX_POINT('',#11688);
#3411=VERTEX_POINT('',#11692);
#3412=VERTEX_POINT('',#11698);
#3413=VERTEX_POINT('',#11703);
#3414=VERTEX_POINT('',#11704);
#3415=VERTEX_POINT('',#11706);
#3416=VERTEX_POINT('',#11708);
#3417=VERTEX_POINT('',#11710);
#3418=VERTEX_POINT('',#11712);
#3419=VERTEX_POINT('',#11716);
#3420=VERTEX_POINT('',#11717);
#3421=VERTEX_POINT('',#11722);
#3422=VERTEX_POINT('',#11726);
#3423=VERTEX_POINT('',#11730);
#3424=VERTEX_POINT('',#11734);
#3425=VERTEX_POINT('',#11740);
#3426=EDGE_CURVE('',#2832,#2832,#2554,.T.);
#3427=EDGE_CURVE('',#2832,#2833,#1338,.T.);
#3428=EDGE_CURVE('',#2833,#2833,#2555,.T.);
#3429=EDGE_CURVE('',#2834,#2835,#1339,.T.);
#3430=EDGE_CURVE('',#2836,#2834,#1340,.T.);
#3431=EDGE_CURVE('',#2837,#2836,#1341,.T.);
#3432=EDGE_CURVE('',#2838,#2837,#1342,.T.);
#3433=EDGE_CURVE('',#2839,#2838,#1343,.T.);
#3434=EDGE_CURVE('',#2835,#2839,#1344,.T.);
#3435=EDGE_CURVE('',#2840,#2834,#1345,.T.);
#3436=EDGE_CURVE('',#2841,#2840,#1346,.T.);
#3437=EDGE_CURVE('',#2841,#2836,#1347,.T.);
#3438=EDGE_CURVE('',#2842,#2841,#1348,.T.);
#3439=EDGE_CURVE('',#2842,#2837,#1349,.T.);
#3440=EDGE_CURVE('',#2843,#2842,#1350,.T.);
#3441=EDGE_CURVE('',#2843,#2838,#1351,.T.);
#3442=EDGE_CURVE('',#2844,#2843,#1352,.T.);
#3443=EDGE_CURVE('',#2844,#2839,#1353,.T.);
#3444=EDGE_CURVE('',#2845,#2844,#1354,.T.);
#3445=EDGE_CURVE('',#2845,#2835,#1355,.T.);
#3446=EDGE_CURVE('',#2840,#2845,#1356,.T.);
#3447=EDGE_CURVE('',#2846,#2846,#2556,.T.);
#3448=EDGE_CURVE('',#2846,#2847,#1357,.T.);
#3449=EDGE_CURVE('',#2847,#2847,#2557,.T.);
#3450=EDGE_CURVE('',#2848,#2849,#1358,.T.);
#3451=EDGE_CURVE('',#2850,#2848,#1359,.T.);
#3452=EDGE_CURVE('',#2851,#2850,#1360,.T.);
#3453=EDGE_CURVE('',#2852,#2851,#1361,.T.);
#3454=EDGE_CURVE('',#2853,#2852,#1362,.T.);
#3455=EDGE_CURVE('',#2849,#2853,#1363,.T.);
#3456=EDGE_CURVE('',#2854,#2848,#1364,.T.);
#3457=EDGE_CURVE('',#2855,#2854,#1365,.T.);
#3458=EDGE_CURVE('',#2855,#2850,#1366,.T.);
#3459=EDGE_CURVE('',#2856,#2855,#1367,.T.);
#3460=EDGE_CURVE('',#2856,#2851,#1368,.T.);
#3461=EDGE_CURVE('',#2857,#2856,#1369,.T.);
#3462=EDGE_CURVE('',#2857,#2852,#1370,.T.);
#3463=EDGE_CURVE('',#2858,#2857,#1371,.T.);
#3464=EDGE_CURVE('',#2858,#2853,#1372,.T.);
#3465=EDGE_CURVE('',#2859,#2858,#1373,.T.);
#3466=EDGE_CURVE('',#2859,#2849,#1374,.T.);
#3467=EDGE_CURVE('',#2854,#2859,#1375,.T.);
#3468=EDGE_CURVE('',#2860,#2860,#2558,.T.);
#3469=EDGE_CURVE('',#2860,#2861,#1376,.T.);
#3470=EDGE_CURVE('',#2861,#2861,#2559,.T.);
#3471=EDGE_CURVE('',#2862,#2863,#1377,.T.);
#3472=EDGE_CURVE('',#2864,#2862,#1378,.T.);
#3473=EDGE_CURVE('',#2865,#2864,#1379,.T.);
#3474=EDGE_CURVE('',#2866,#2865,#1380,.T.);
#3475=EDGE_CURVE('',#2867,#2866,#1381,.T.);
#3476=EDGE_CURVE('',#2863,#2867,#1382,.T.);
#3477=EDGE_CURVE('',#2868,#2862,#1383,.T.);
#3478=EDGE_CURVE('',#2869,#2868,#1384,.T.);
#3479=EDGE_CURVE('',#2869,#2864,#1385,.T.);
#3480=EDGE_CURVE('',#2870,#2869,#1386,.T.);
#3481=EDGE_CURVE('',#2870,#2865,#1387,.T.);
#3482=EDGE_CURVE('',#2871,#2870,#1388,.T.);
#3483=EDGE_CURVE('',#2871,#2866,#1389,.T.);
#3484=EDGE_CURVE('',#2872,#2871,#1390,.T.);
#3485=EDGE_CURVE('',#2872,#2867,#1391,.T.);
#3486=EDGE_CURVE('',#2873,#2872,#1392,.T.);
#3487=EDGE_CURVE('',#2873,#2863,#1393,.T.);
#3488=EDGE_CURVE('',#2868,#2873,#1394,.T.);
#3489=EDGE_CURVE('',#2874,#2874,#2560,.T.);
#3490=EDGE_CURVE('',#2874,#2875,#1395,.T.);
#3491=EDGE_CURVE('',#2875,#2875,#2561,.T.);
#3492=EDGE_CURVE('',#2876,#2877,#1396,.T.);
#3493=EDGE_CURVE('',#2878,#2876,#1397,.T.);
#3494=EDGE_CURVE('',#2879,#2878,#1398,.T.);
#3495=EDGE_CURVE('',#2880,#2879,#1399,.T.);
#3496=EDGE_CURVE('',#2881,#2880,#1400,.T.);
#3497=EDGE_CURVE('',#2877,#2881,#1401,.T.);
#3498=EDGE_CURVE('',#2882,#2876,#1402,.T.);
#3499=EDGE_CURVE('',#2883,#2882,#1403,.T.);
#3500=EDGE_CURVE('',#2883,#2878,#1404,.T.);
#3501=EDGE_CURVE('',#2884,#2883,#1405,.T.);
#3502=EDGE_CURVE('',#2884,#2879,#1406,.T.);
#3503=EDGE_CURVE('',#2885,#2884,#1407,.T.);
#3504=EDGE_CURVE('',#2885,#2880,#1408,.T.);
#3505=EDGE_CURVE('',#2886,#2885,#1409,.T.);
#3506=EDGE_CURVE('',#2886,#2881,#1410,.T.);
#3507=EDGE_CURVE('',#2887,#2886,#1411,.T.);
#3508=EDGE_CURVE('',#2887,#2877,#1412,.T.);
#3509=EDGE_CURVE('',#2882,#2887,#1413,.T.);
#3510=EDGE_CURVE('',#2888,#2888,#2562,.T.);
#3511=EDGE_CURVE('',#2888,#2889,#1414,.T.);
#3512=EDGE_CURVE('',#2889,#2889,#2563,.T.);
#3513=EDGE_CURVE('',#2890,#2890,#2564,.T.);
#3514=EDGE_CURVE('',#2890,#2891,#1415,.T.);
#3515=EDGE_CURVE('',#2891,#2891,#2565,.T.);
#3516=EDGE_CURVE('',#2892,#2893,#1416,.T.);
#3517=EDGE_CURVE('',#2894,#2892,#1417,.T.);
#3518=EDGE_CURVE('',#2895,#2894,#1418,.T.);
#3519=EDGE_CURVE('',#2896,#2895,#1419,.T.);
#3520=EDGE_CURVE('',#2897,#2896,#1420,.T.);
#3521=EDGE_CURVE('',#2893,#2897,#1421,.T.);
#3522=EDGE_CURVE('',#2898,#2892,#1422,.T.);
#3523=EDGE_CURVE('',#2899,#2898,#1423,.T.);
#3524=EDGE_CURVE('',#2899,#2894,#1424,.T.);
#3525=EDGE_CURVE('',#2900,#2899,#1425,.T.);
#3526=EDGE_CURVE('',#2900,#2895,#1426,.T.);
#3527=EDGE_CURVE('',#2901,#2900,#1427,.T.);
#3528=EDGE_CURVE('',#2901,#2896,#1428,.T.);
#3529=EDGE_CURVE('',#2902,#2901,#1429,.T.);
#3530=EDGE_CURVE('',#2902,#2897,#1430,.T.);
#3531=EDGE_CURVE('',#2903,#2902,#1431,.T.);
#3532=EDGE_CURVE('',#2903,#2893,#1432,.T.);
#3533=EDGE_CURVE('',#2898,#2903,#1433,.T.);
#3534=EDGE_CURVE('',#2904,#2904,#2566,.T.);
#3535=EDGE_CURVE('',#2904,#2905,#1434,.T.);
#3536=EDGE_CURVE('',#2905,#2905,#2567,.T.);
#3537=EDGE_CURVE('',#2906,#2907,#1435,.T.);
#3538=EDGE_CURVE('',#2908,#2906,#1436,.T.);
#3539=EDGE_CURVE('',#2909,#2908,#1437,.T.);
#3540=EDGE_CURVE('',#2910,#2909,#1438,.T.);
#3541=EDGE_CURVE('',#2911,#2910,#1439,.T.);
#3542=EDGE_CURVE('',#2907,#2911,#1440,.T.);
#3543=EDGE_CURVE('',#2912,#2906,#1441,.T.);
#3544=EDGE_CURVE('',#2913,#2912,#1442,.T.);
#3545=EDGE_CURVE('',#2913,#2908,#1443,.T.);
#3546=EDGE_CURVE('',#2914,#2913,#1444,.T.);
#3547=EDGE_CURVE('',#2914,#2909,#1445,.T.);
#3548=EDGE_CURVE('',#2915,#2914,#1446,.T.);
#3549=EDGE_CURVE('',#2915,#2910,#1447,.T.);
#3550=EDGE_CURVE('',#2916,#2915,#1448,.T.);
#3551=EDGE_CURVE('',#2916,#2911,#1449,.T.);
#3552=EDGE_CURVE('',#2917,#2916,#1450,.T.);
#3553=EDGE_CURVE('',#2917,#2907,#1451,.T.);
#3554=EDGE_CURVE('',#2912,#2917,#1452,.T.);
#3555=EDGE_CURVE('',#2918,#2918,#2568,.T.);
#3556=EDGE_CURVE('',#2918,#2919,#1453,.T.);
#3557=EDGE_CURVE('',#2919,#2919,#2569,.T.);
#3558=EDGE_CURVE('',#2920,#2921,#1454,.T.);
#3559=EDGE_CURVE('',#2922,#2920,#1455,.T.);
#3560=EDGE_CURVE('',#2923,#2922,#1456,.T.);
#3561=EDGE_CURVE('',#2924,#2923,#1457,.T.);
#3562=EDGE_CURVE('',#2925,#2924,#1458,.T.);
#3563=EDGE_CURVE('',#2921,#2925,#1459,.T.);
#3564=EDGE_CURVE('',#2926,#2920,#1460,.T.);
#3565=EDGE_CURVE('',#2927,#2926,#1461,.T.);
#3566=EDGE_CURVE('',#2927,#2922,#1462,.T.);
#3567=EDGE_CURVE('',#2928,#2927,#1463,.T.);
#3568=EDGE_CURVE('',#2928,#2923,#1464,.T.);
#3569=EDGE_CURVE('',#2929,#2928,#1465,.T.);
#3570=EDGE_CURVE('',#2929,#2924,#1466,.T.);
#3571=EDGE_CURVE('',#2930,#2929,#1467,.T.);
#3572=EDGE_CURVE('',#2930,#2925,#1468,.T.);
#3573=EDGE_CURVE('',#2931,#2930,#1469,.T.);
#3574=EDGE_CURVE('',#2931,#2921,#1470,.T.);
#3575=EDGE_CURVE('',#2926,#2931,#1471,.T.);
#3576=EDGE_CURVE('',#2932,#2932,#2570,.T.);
#3577=EDGE_CURVE('',#2933,#2933,#2571,.T.);
#3578=EDGE_CURVE('',#2933,#2934,#1472,.T.);
#3579=EDGE_CURVE('',#2934,#2934,#2572,.T.);
#3580=EDGE_CURVE('',#2934,#2935,#1473,.T.);
#3581=EDGE_CURVE('',#2935,#2935,#2573,.T.);
#3582=EDGE_CURVE('',#2936,#2936,#2574,.T.);
#3583=EDGE_CURVE('',#2936,#2937,#1474,.T.);
#3584=EDGE_CURVE('',#2937,#2937,#2575,.T.);
#3585=EDGE_CURVE('',#2938,#2939,#1475,.T.);
#3586=EDGE_CURVE('',#2940,#2938,#1476,.T.);
#3587=EDGE_CURVE('',#2941,#2940,#1477,.T.);
#3588=EDGE_CURVE('',#2942,#2941,#1478,.T.);
#3589=EDGE_CURVE('',#2943,#2942,#1479,.T.);
#3590=EDGE_CURVE('',#2939,#2943,#1480,.T.);
#3591=EDGE_CURVE('',#2944,#2938,#1481,.T.);
#3592=EDGE_CURVE('',#2945,#2944,#1482,.T.);
#3593=EDGE_CURVE('',#2945,#2940,#1483,.T.);
#3594=EDGE_CURVE('',#2946,#2945,#1484,.T.);
#3595=EDGE_CURVE('',#2946,#2941,#1485,.T.);
#3596=EDGE_CURVE('',#2947,#2946,#1486,.T.);
#3597=EDGE_CURVE('',#2947,#2942,#1487,.T.);
#3598=EDGE_CURVE('',#2948,#2947,#1488,.T.);
#3599=EDGE_CURVE('',#2948,#2943,#1489,.T.);
#3600=EDGE_CURVE('',#2949,#2948,#1490,.T.);
#3601=EDGE_CURVE('',#2949,#2939,#1491,.T.);
#3602=EDGE_CURVE('',#2944,#2949,#1492,.T.);
#3603=EDGE_CURVE('',#2950,#2950,#2576,.T.);
#3604=EDGE_CURVE('',#2950,#2951,#1493,.T.);
#3605=EDGE_CURVE('',#2951,#2951,#2577,.T.);
#3606=EDGE_CURVE('',#2952,#2952,#14,.T.);
#3607=EDGE_CURVE('',#2952,#2953,#1494,.T.);
#3608=EDGE_CURVE('',#2953,#2953,#2578,.T.);
#3609=EDGE_CURVE('',#2954,#2954,#15,.T.);
#3610=EDGE_CURVE('',#2954,#2888,#1495,.T.);
#3611=EDGE_CURVE('',#2955,#2955,#2579,.T.);
#3612=EDGE_CURVE('',#2955,#2932,#1496,.T.);
#3613=EDGE_CURVE('',#2956,#2956,#2580,.T.);
#3614=EDGE_CURVE('',#2956,#2957,#1497,.T.);
#3615=EDGE_CURVE('',#2957,#2957,#2581,.T.);
#3616=EDGE_CURVE('',#2958,#2958,#2582,.T.);
#3617=EDGE_CURVE('',#2958,#2959,#1498,.T.);
#3618=EDGE_CURVE('',#2959,#2959,#2583,.T.);
#3619=EDGE_CURVE('',#2960,#2960,#2584,.T.);
#3620=EDGE_CURVE('',#2960,#2961,#1499,.T.);
#3621=EDGE_CURVE('',#2961,#2961,#2585,.T.);
#3622=EDGE_CURVE('',#2962,#2962,#2586,.T.);
#3623=EDGE_CURVE('',#2962,#2963,#1500,.T.);
#3624=EDGE_CURVE('',#2963,#2963,#2587,.T.);
#3625=EDGE_CURVE('',#2964,#2964,#2588,.T.);
#3626=EDGE_CURVE('',#2964,#2965,#1501,.T.);
#3627=EDGE_CURVE('',#2965,#2965,#2589,.T.);
#3628=EDGE_CURVE('',#2966,#2967,#2590,.T.);
#3629=EDGE_CURVE('',#2968,#2966,#1502,.T.);
#3630=EDGE_CURVE('',#2968,#2969,#2591,.T.);
#3631=EDGE_CURVE('',#2967,#2969,#1503,.T.);
#3632=EDGE_CURVE('',#2970,#2971,#1504,.T.);
#3633=EDGE_CURVE('',#2972,#2971,#1505,.T.);
#3634=EDGE_CURVE('',#2973,#2972,#1506,.T.);
#3635=EDGE_CURVE('',#2973,#2974,#2592,.T.);
#3636=EDGE_CURVE('',#2974,#2975,#1507,.T.);
#3637=EDGE_CURVE('',#2970,#2975,#1508,.T.);
#3638=EDGE_CURVE('',#2971,#2976,#2593,.T.);
#3639=EDGE_CURVE('',#2976,#2977,#1509,.T.);
#3640=EDGE_CURVE('',#2972,#2977,#2594,.T.);
#3641=EDGE_CURVE('',#2969,#2978,#1510,.T.);
#3642=EDGE_CURVE('',#2979,#2978,#1511,.T.);
#3643=EDGE_CURVE('',#2980,#2979,#1512,.T.);
#3644=EDGE_CURVE('',#2980,#2981,#2595,.T.);
#3645=EDGE_CURVE('',#2967,#2981,#1513,.T.);
#3646=EDGE_CURVE('',#2966,#2977,#1514,.T.);
#3647=EDGE_CURVE('',#2981,#2982,#1515,.T.);
#3648=EDGE_CURVE('',#2982,#2983,#1516,.T.);
#3649=EDGE_CURVE('',#2984,#2983,#1517,.T.);
#3650=EDGE_CURVE('',#2985,#2984,#1518,.T.);
#3651=EDGE_CURVE('',#2985,#2973,#1519,.T.);
#3652=EDGE_CURVE('',#2986,#2986,#2596,.T.);
#3653=EDGE_CURVE('',#2987,#2987,#2597,.T.);
#3654=EDGE_CURVE('',#2988,#2988,#2598,.T.);
#3655=EDGE_CURVE('',#2989,#2989,#2599,.T.);
#3656=EDGE_CURVE('',#2990,#2990,#2600,.T.);
#3657=EDGE_CURVE('',#2968,#2976,#1520,.T.);
#3658=EDGE_CURVE('',#2991,#2970,#1521,.T.);
#3659=EDGE_CURVE('',#2992,#2991,#1522,.T.);
#3660=EDGE_CURVE('',#2978,#2992,#1523,.T.);
#3661=EDGE_CURVE('',#2993,#2979,#2601,.T.);
#3662=EDGE_CURVE('',#2994,#2993,#1524,.T.);
#3663=EDGE_CURVE('',#2994,#2995,#16,.T.);
#3664=EDGE_CURVE('',#2995,#2996,#2602,.T.);
#3665=EDGE_CURVE('',#2996,#2980,#17,.T.);
#3666=EDGE_CURVE('',#2983,#2993,#1525,.T.);
#3667=EDGE_CURVE('',#2982,#2994,#2603,.T.);
#3668=EDGE_CURVE('',#2995,#2996,#1526,.T.);
#3669=EDGE_CURVE('',#2997,#2984,#1527,.T.);
#3670=EDGE_CURVE('',#2998,#2997,#1528,.T.);
#3671=EDGE_CURVE('',#2998,#2985,#2604,.T.);
#3672=EDGE_CURVE('',#2975,#2997,#2605,.T.);
#3673=EDGE_CURVE('',#2974,#2999,#18,.T.);
#3674=EDGE_CURVE('',#3000,#2999,#2606,.T.);
#3675=EDGE_CURVE('',#3000,#2998,#19,.T.);
#3676=EDGE_CURVE('',#2999,#3000,#1529,.T.);
#3677=EDGE_CURVE('',#3001,#3001,#2607,.T.);
#3678=EDGE_CURVE('',#3002,#3002,#2608,.T.);
#3679=EDGE_CURVE('',#3003,#3003,#2609,.T.);
#3680=EDGE_CURVE('',#3004,#3004,#2610,.T.);
#3681=EDGE_CURVE('',#3005,#3005,#2611,.T.);
#3682=EDGE_CURVE('',#3006,#3006,#2612,.T.);
#3683=EDGE_CURVE('',#3007,#3007,#2613,.T.);
#3684=EDGE_CURVE('',#3008,#3008,#2614,.T.);
#3685=EDGE_CURVE('',#3008,#3006,#1530,.T.);
#3686=EDGE_CURVE('',#3005,#3009,#1531,.T.);
#3687=EDGE_CURVE('',#3009,#3010,#2615,.T.);
#3688=EDGE_CURVE('',#3010,#3011,#2616,.T.);
#3689=EDGE_CURVE('',#3011,#3009,#2617,.T.);
#3690=EDGE_CURVE('',#3012,#3013,#2618,.T.);
#3691=EDGE_CURVE('',#3014,#3012,#2619,.T.);
#3692=EDGE_CURVE('',#3014,#3004,#1532,.T.);
#3693=EDGE_CURVE('',#3013,#3014,#2620,.T.);
#3694=EDGE_CURVE('',#3003,#3001,#1533,.T.);
#3695=EDGE_CURVE('',#3002,#3015,#1534,.T.);
#3696=EDGE_CURVE('',#3015,#3015,#2621,.T.);
#3697=EDGE_CURVE('',#3016,#3017,#1535,.T.);
#3698=EDGE_CURVE('',#3017,#3017,#2622,.T.);
#3699=EDGE_CURVE('',#3017,#3018,#1536,.T.);
#3700=EDGE_CURVE('',#3018,#3018,#2623,.T.);
#3701=EDGE_CURVE('',#3019,#3020,#1537,.T.);
#3702=EDGE_CURVE('',#3020,#3020,#2624,.T.);
#3703=EDGE_CURVE('',#3020,#3021,#1538,.T.);
#3704=EDGE_CURVE('',#3021,#3021,#2625,.T.);
#3705=EDGE_CURVE('',#3022,#3023,#1539,.T.);
#3706=EDGE_CURVE('',#3023,#3023,#2626,.T.);
#3707=EDGE_CURVE('',#3023,#3024,#1540,.T.);
#3708=EDGE_CURVE('',#3024,#3024,#2627,.T.);
#3709=EDGE_CURVE('',#3025,#3026,#1541,.T.);
#3710=EDGE_CURVE('',#3026,#3026,#2628,.T.);
#3711=EDGE_CURVE('',#3026,#3027,#1542,.T.);
#3712=EDGE_CURVE('',#3027,#3027,#2629,.T.);
#3713=EDGE_CURVE('',#3028,#3029,#1543,.T.);
#3714=EDGE_CURVE('',#3029,#3029,#2630,.T.);
#3715=EDGE_CURVE('',#3029,#3030,#1544,.T.);
#3716=EDGE_CURVE('',#3030,#3030,#2631,.T.);
#3717=EDGE_CURVE('',#3031,#3032,#1545,.T.);
#3718=EDGE_CURVE('',#3032,#3032,#2632,.T.);
#3719=EDGE_CURVE('',#3032,#3033,#1546,.T.);
#3720=EDGE_CURVE('',#3033,#3033,#2633,.T.);
#3721=EDGE_CURVE('',#3034,#3035,#1547,.T.);
#3722=EDGE_CURVE('',#3035,#3035,#2634,.T.);
#3723=EDGE_CURVE('',#3035,#3036,#1548,.T.);
#3724=EDGE_CURVE('',#3036,#3036,#2635,.T.);
#3725=EDGE_CURVE('',#3037,#3038,#1549,.T.);
#3726=EDGE_CURVE('',#3038,#3038,#2636,.T.);
#3727=EDGE_CURVE('',#3038,#3039,#1550,.T.);
#3728=EDGE_CURVE('',#3039,#3039,#2637,.T.);
#3729=EDGE_CURVE('',#3040,#3041,#1551,.T.);
#3730=EDGE_CURVE('',#3041,#3041,#2638,.T.);
#3731=EDGE_CURVE('',#3041,#3042,#1552,.T.);
#3732=EDGE_CURVE('',#3042,#3042,#2639,.T.);
#3733=EDGE_CURVE('',#3043,#3044,#1553,.T.);
#3734=EDGE_CURVE('',#3044,#3044,#2640,.T.);
#3735=EDGE_CURVE('',#3044,#3045,#1554,.T.);
#3736=EDGE_CURVE('',#3045,#3045,#2641,.T.);
#3737=EDGE_CURVE('',#3046,#3047,#1555,.T.);
#3738=EDGE_CURVE('',#3046,#3048,#2642,.T.);
#3739=EDGE_CURVE('',#3049,#3048,#1556,.T.);
#3740=EDGE_CURVE('',#3050,#3049,#1557,.T.);
#3741=EDGE_CURVE('',#3051,#3050,#1558,.T.);
#3742=EDGE_CURVE('',#3051,#3052,#2643,.T.);
#3743=EDGE_CURVE('',#3052,#3053,#1559,.T.);
#3744=EDGE_CURVE('',#3053,#3047,#2644,.T.);
#3745=EDGE_CURVE('',#3054,#3055,#2645,.T.);
#3746=EDGE_CURVE('',#3047,#3055,#1560,.T.);
#3747=EDGE_CURVE('',#3053,#3054,#1561,.T.);
#3748=EDGE_CURVE('',#3056,#3054,#1562,.T.);
#3749=EDGE_CURVE('',#3052,#3056,#1563,.T.);
#3750=EDGE_CURVE('',#3057,#3056,#2646,.T.);
#3751=EDGE_CURVE('',#3051,#3057,#1564,.T.);
#3752=EDGE_CURVE('',#3057,#3058,#1565,.T.);
#3753=EDGE_CURVE('',#3050,#3058,#1566,.T.);
#3754=EDGE_CURVE('',#3058,#3059,#1567,.T.);
#3755=EDGE_CURVE('',#3049,#3059,#1568,.T.);
#3756=EDGE_CURVE('',#3059,#3060,#1569,.T.);
#3757=EDGE_CURVE('',#3048,#3060,#1570,.T.);
#3758=EDGE_CURVE('',#3061,#3060,#2647,.T.);
#3759=EDGE_CURVE('',#3046,#3061,#1571,.T.);
#3760=EDGE_CURVE('',#3061,#3055,#1572,.T.);
#3761=EDGE_CURVE('',#3062,#3062,#2648,.T.);
#3762=EDGE_CURVE('',#3063,#3063,#2649,.T.);
#3763=EDGE_CURVE('',#3064,#3064,#2650,.T.);
#3764=EDGE_CURVE('',#3065,#3065,#2651,.T.);
#3765=EDGE_CURVE('',#3066,#3066,#2652,.T.);
#3766=EDGE_CURVE('',#3067,#3067,#2653,.T.);
#3767=EDGE_CURVE('',#3068,#3068,#2654,.T.);
#3768=EDGE_CURVE('',#3069,#3069,#2655,.T.);
#3769=EDGE_CURVE('',#3070,#3070,#2656,.T.);
#3770=EDGE_CURVE('',#3071,#3071,#2657,.T.);
#3771=EDGE_CURVE('',#3072,#3072,#2658,.T.);
#3772=EDGE_CURVE('',#3073,#3073,#2659,.T.);
#3773=EDGE_CURVE('',#3074,#3074,#2660,.T.);
#3774=EDGE_CURVE('',#3075,#3075,#2661,.T.);
#3775=EDGE_CURVE('',#3076,#3076,#2662,.T.);
#3776=EDGE_CURVE('',#3077,#3077,#2663,.T.);
#3777=EDGE_CURVE('',#3078,#3078,#2664,.T.);
#3778=EDGE_CURVE('',#3079,#3079,#2665,.T.);
#3779=EDGE_CURVE('',#3080,#3080,#2666,.T.);
#3780=EDGE_CURVE('',#3081,#3081,#2667,.T.);
#3781=EDGE_CURVE('',#3082,#3082,#2668,.T.);
#3782=EDGE_CURVE('',#3083,#3083,#2669,.T.);
#3783=EDGE_CURVE('',#3084,#3084,#2670,.T.);
#3784=EDGE_CURVE('',#3085,#3085,#2671,.T.);
#3785=EDGE_CURVE('',#3086,#3086,#2672,.T.);
#3786=EDGE_CURVE('',#3086,#3073,#1573,.T.);
#3787=EDGE_CURVE('',#3072,#3085,#1574,.T.);
#3788=EDGE_CURVE('',#3071,#3084,#1575,.T.);
#3789=EDGE_CURVE('',#3070,#3083,#1576,.T.);
#3790=EDGE_CURVE('',#3069,#3082,#1577,.T.);
#3791=EDGE_CURVE('',#3068,#3081,#1578,.T.);
#3792=EDGE_CURVE('',#3067,#3080,#1579,.T.);
#3793=EDGE_CURVE('',#3066,#3079,#1580,.T.);
#3794=EDGE_CURVE('',#3065,#3078,#1581,.T.);
#3795=EDGE_CURVE('',#3064,#3077,#1582,.T.);
#3796=EDGE_CURVE('',#3063,#3076,#1583,.T.);
#3797=EDGE_CURVE('',#3062,#3075,#1584,.T.);
#3798=EDGE_CURVE('',#3007,#3074,#1585,.T.);
#3799=EDGE_CURVE('',#3013,#3011,#2673,.T.);
#3800=EDGE_CURVE('',#3010,#3012,#2674,.T.);
#3801=EDGE_CURVE('',#3087,#3087,#2675,.T.);
#3802=EDGE_CURVE('',#3088,#3088,#2676,.T.);
#3803=EDGE_CURVE('',#3089,#3089,#2677,.T.);
#3804=EDGE_CURVE('',#3090,#3090,#2678,.T.);
#3805=EDGE_CURVE('',#3091,#3092,#2679,.T.);
#3806=EDGE_CURVE('',#3092,#3093,#2680,.T.);
#3807=EDGE_CURVE('',#3093,#3094,#2681,.T.);
#3808=EDGE_CURVE('',#3091,#3094,#2682,.T.);
#3809=EDGE_CURVE('',#3095,#3095,#2683,.T.);
#3810=EDGE_CURVE('',#3096,#3096,#2684,.T.);
#3811=EDGE_CURVE('',#3097,#3097,#2685,.T.);
#3812=EDGE_CURVE('',#3098,#3098,#2686,.T.);
#3813=EDGE_CURVE('',#3099,#3099,#2687,.T.);
#3814=EDGE_CURVE('',#3100,#3100,#2688,.T.);
#3815=EDGE_CURVE('',#3101,#3101,#2689,.T.);
#3816=EDGE_CURVE('',#3102,#3102,#2690,.T.);
#3817=EDGE_CURVE('',#3102,#3100,#1586,.T.);
#3818=EDGE_CURVE('',#3099,#3103,#1587,.T.);
#3819=EDGE_CURVE('',#3103,#3091,#2691,.T.);
#3820=EDGE_CURVE('',#3094,#3103,#2692,.T.);
#3821=EDGE_CURVE('',#3104,#3092,#2693,.T.);
#3822=EDGE_CURVE('',#3104,#3090,#1588,.T.);
#3823=EDGE_CURVE('',#3093,#3104,#2694,.T.);
#3824=EDGE_CURVE('',#3089,#3087,#1589,.T.);
#3825=EDGE_CURVE('',#3088,#3105,#1590,.T.);
#3826=EDGE_CURVE('',#3105,#3105,#2695,.T.);
#3827=EDGE_CURVE('',#3106,#3107,#1591,.T.);
#3828=EDGE_CURVE('',#3107,#3107,#2696,.T.);
#3829=EDGE_CURVE('',#3107,#3108,#1592,.T.);
#3830=EDGE_CURVE('',#3108,#3108,#2697,.T.);
#3831=EDGE_CURVE('',#3109,#3110,#1593,.T.);
#3832=EDGE_CURVE('',#3110,#3110,#2698,.T.);
#3833=EDGE_CURVE('',#3110,#3111,#1594,.T.);
#3834=EDGE_CURVE('',#3111,#3111,#2699,.T.);
#3835=EDGE_CURVE('',#3112,#3113,#1595,.T.);
#3836=EDGE_CURVE('',#3113,#3113,#2700,.T.);
#3837=EDGE_CURVE('',#3113,#3114,#1596,.T.);
#3838=EDGE_CURVE('',#3114,#3114,#2701,.T.);
#3839=EDGE_CURVE('',#3115,#3116,#1597,.T.);
#3840=EDGE_CURVE('',#3116,#3116,#2702,.T.);
#3841=EDGE_CURVE('',#3116,#3117,#1598,.T.);
#3842=EDGE_CURVE('',#3117,#3117,#2703,.T.);
#3843=EDGE_CURVE('',#3118,#3119,#1599,.T.);
#3844=EDGE_CURVE('',#3119,#3119,#2704,.T.);
#3845=EDGE_CURVE('',#3119,#3120,#1600,.T.);
#3846=EDGE_CURVE('',#3120,#3120,#2705,.T.);
#3847=EDGE_CURVE('',#3121,#3122,#1601,.T.);
#3848=EDGE_CURVE('',#3122,#3122,#2706,.T.);
#3849=EDGE_CURVE('',#3122,#3123,#1602,.T.);
#3850=EDGE_CURVE('',#3123,#3123,#2707,.T.);
#3851=EDGE_CURVE('',#3124,#3125,#1603,.T.);
#3852=EDGE_CURVE('',#3125,#3125,#2708,.T.);
#3853=EDGE_CURVE('',#3125,#3098,#1604,.T.);
#3854=EDGE_CURVE('',#3126,#3127,#1605,.T.);
#3855=EDGE_CURVE('',#3127,#3127,#2709,.T.);
#3856=EDGE_CURVE('',#3127,#3097,#1606,.T.);
#3857=EDGE_CURVE('',#3128,#3129,#1607,.T.);
#3858=EDGE_CURVE('',#3129,#3129,#2710,.T.);
#3859=EDGE_CURVE('',#3129,#3096,#1608,.T.);
#3860=EDGE_CURVE('',#3130,#3131,#1609,.T.);
#3861=EDGE_CURVE('',#3131,#3131,#2711,.T.);
#3862=EDGE_CURVE('',#3131,#3095,#1610,.T.);
#3863=EDGE_CURVE('',#3132,#3133,#1611,.T.);
#3864=EDGE_CURVE('',#3132,#3134,#2712,.T.);
#3865=EDGE_CURVE('',#3135,#3134,#1612,.T.);
#3866=EDGE_CURVE('',#3136,#3135,#1613,.T.);
#3867=EDGE_CURVE('',#3137,#3136,#1614,.T.);
#3868=EDGE_CURVE('',#3137,#3138,#2713,.T.);
#3869=EDGE_CURVE('',#3138,#3139,#1615,.T.);
#3870=EDGE_CURVE('',#3139,#3133,#2714,.T.);
#3871=EDGE_CURVE('',#3140,#3141,#2715,.T.);
#3872=EDGE_CURVE('',#3133,#3141,#1616,.T.);
#3873=EDGE_CURVE('',#3139,#3140,#1617,.T.);
#3874=EDGE_CURVE('',#3142,#3140,#1618,.T.);
#3875=EDGE_CURVE('',#3138,#3142,#1619,.T.);
#3876=EDGE_CURVE('',#3143,#3142,#2716,.T.);
#3877=EDGE_CURVE('',#3137,#3143,#1620,.T.);
#3878=EDGE_CURVE('',#3143,#3144,#1621,.T.);
#3879=EDGE_CURVE('',#3136,#3144,#1622,.T.);
#3880=EDGE_CURVE('',#3144,#3145,#1623,.T.);
#3881=EDGE_CURVE('',#3135,#3145,#1624,.T.);
#3882=EDGE_CURVE('',#3145,#3146,#1625,.T.);
#3883=EDGE_CURVE('',#3134,#3146,#1626,.T.);
#3884=EDGE_CURVE('',#3147,#3146,#2717,.T.);
#3885=EDGE_CURVE('',#3132,#3147,#1627,.T.);
#3886=EDGE_CURVE('',#3147,#3141,#1628,.T.);
#3887=EDGE_CURVE('',#3148,#3148,#2718,.T.);
#3888=EDGE_CURVE('',#3149,#3149,#2719,.T.);
#3889=EDGE_CURVE('',#3150,#3150,#2720,.T.);
#3890=EDGE_CURVE('',#3151,#3151,#2721,.T.);
#3891=EDGE_CURVE('',#3152,#3152,#2722,.T.);
#3892=EDGE_CURVE('',#3153,#3153,#2723,.T.);
#3893=EDGE_CURVE('',#3154,#3154,#2724,.T.);
#3894=EDGE_CURVE('',#3155,#3155,#2725,.T.);
#3895=EDGE_CURVE('',#3156,#3156,#2726,.T.);
#3896=EDGE_CURVE('',#3157,#3157,#2727,.T.);
#3897=EDGE_CURVE('',#3158,#3158,#2728,.T.);
#3898=EDGE_CURVE('',#3159,#3159,#2729,.T.);
#3899=EDGE_CURVE('',#3160,#3160,#2730,.T.);
#3900=EDGE_CURVE('',#3161,#3161,#2731,.T.);
#3901=EDGE_CURVE('',#3162,#3162,#2732,.T.);
#3902=EDGE_CURVE('',#3163,#3163,#2733,.T.);
#3903=EDGE_CURVE('',#3164,#3164,#2734,.T.);
#3904=EDGE_CURVE('',#3165,#3165,#2735,.T.);
#3905=EDGE_CURVE('',#3166,#3166,#2736,.T.);
#3906=EDGE_CURVE('',#3167,#3167,#2737,.T.);
#3907=EDGE_CURVE('',#3168,#3168,#2738,.T.);
#3908=EDGE_CURVE('',#3169,#3169,#2739,.T.);
#3909=EDGE_CURVE('',#3170,#3170,#2740,.T.);
#3910=EDGE_CURVE('',#3171,#3171,#2741,.T.);
#3911=EDGE_CURVE('',#3159,#3172,#1629,.T.);
#3912=EDGE_CURVE('',#3172,#3172,#2742,.T.);
#3913=EDGE_CURVE('',#3171,#3158,#1630,.T.);
#3914=EDGE_CURVE('',#3170,#3157,#1631,.T.);
#3915=EDGE_CURVE('',#3169,#3156,#1632,.T.);
#3916=EDGE_CURVE('',#3168,#3155,#1633,.T.);
#3917=EDGE_CURVE('',#3167,#3154,#1634,.T.);
#3918=EDGE_CURVE('',#3166,#3153,#1635,.T.);
#3919=EDGE_CURVE('',#3165,#3152,#1636,.T.);
#3920=EDGE_CURVE('',#3164,#3151,#1637,.T.);
#3921=EDGE_CURVE('',#3163,#3150,#1638,.T.);
#3922=EDGE_CURVE('',#3162,#3149,#1639,.T.);
#3923=EDGE_CURVE('',#3161,#3148,#1640,.T.);
#3924=EDGE_CURVE('',#3160,#3101,#1641,.T.);
#3925=EDGE_CURVE('',#3173,#3174,#2743,.T.);
#3926=EDGE_CURVE('',#3175,#3173,#1642,.T.);
#3927=EDGE_CURVE('',#3176,#3175,#2744,.T.);
#3928=EDGE_CURVE('',#3174,#3176,#1643,.T.);
#3929=EDGE_CURVE('',#3177,#3178,#1644,.T.);
#3930=EDGE_CURVE('',#3178,#3179,#1645,.T.);
#3931=EDGE_CURVE('',#3180,#3179,#1646,.T.);
#3932=EDGE_CURVE('',#3177,#3180,#1647,.T.);
#3933=EDGE_CURVE('',#3181,#3182,#1648,.T.);
#3934=EDGE_CURVE('',#3182,#3178,#2745,.T.);
#3935=EDGE_CURVE('',#3181,#3177,#2746,.T.);
#3936=EDGE_CURVE('',#3183,#3184,#1649,.T.);
#3937=EDGE_CURVE('',#3184,#3182,#2747,.T.);
#3938=EDGE_CURVE('',#3183,#3181,#2748,.T.);
#3939=EDGE_CURVE('',#3185,#3186,#1650,.T.);
#3940=EDGE_CURVE('',#3186,#3184,#2749,.T.);
#3941=EDGE_CURVE('',#3185,#3183,#2750,.T.);
#3942=EDGE_CURVE('',#3174,#3185,#1651,.T.);
#3943=EDGE_CURVE('',#3176,#3186,#1652,.T.);
#3944=EDGE_CURVE('',#3187,#3175,#1653,.T.);
#3945=EDGE_CURVE('',#3188,#3173,#1654,.T.);
#3946=EDGE_CURVE('',#3188,#3187,#1655,.T.);
#3947=EDGE_CURVE('',#3189,#3190,#1656,.T.);
#3948=EDGE_CURVE('',#3190,#3187,#2751,.T.);
#3949=EDGE_CURVE('',#3189,#3188,#2752,.T.);
#3950=EDGE_CURVE('',#3191,#3192,#1657,.T.);
#3951=EDGE_CURVE('',#3192,#3190,#2753,.T.);
#3952=EDGE_CURVE('',#3191,#3189,#2754,.T.);
#3953=EDGE_CURVE('',#3193,#3194,#1658,.T.);
#3954=EDGE_CURVE('',#3194,#3192,#2755,.T.);
#3955=EDGE_CURVE('',#3193,#3191,#2756,.T.);
#3956=EDGE_CURVE('',#3195,#3196,#1659,.T.);
#3957=EDGE_CURVE('',#3196,#3194,#1660,.T.);
#3958=EDGE_CURVE('',#3195,#3193,#1661,.T.);
#3959=EDGE_CURVE('',#3197,#3198,#2757,.T.);
#3960=EDGE_CURVE('',#3199,#3197,#1662,.T.);
#3961=EDGE_CURVE('',#3200,#3199,#2758,.T.);
#3962=EDGE_CURVE('',#3198,#3200,#1663,.T.);
#3963=EDGE_CURVE('',#3201,#3202,#2759,.T.);
#3964=EDGE_CURVE('',#3201,#3203,#1664,.T.);
#3965=EDGE_CURVE('',#3204,#3203,#2760,.T.);
#3966=EDGE_CURVE('',#3202,#3204,#1665,.T.);
#3967=EDGE_CURVE('',#3198,#3093,#2761,.T.);
#3968=EDGE_CURVE('',#3205,#3198,#1666,.T.);
#3969=EDGE_CURVE('',#3205,#3206,#2762,.T.);
#3970=EDGE_CURVE('',#3094,#3206,#1667,.T.);
#3971=EDGE_CURVE('',#3207,#3201,#1668,.T.);
#3972=EDGE_CURVE('',#3201,#3092,#2763,.T.);
#3973=EDGE_CURVE('',#3091,#3208,#1669,.T.);
#3974=EDGE_CURVE('',#3207,#3208,#2764,.T.);
#3975=EDGE_CURVE('',#3209,#3210,#1670,.T.);
#3976=EDGE_CURVE('',#3210,#3211,#1671,.T.);
#3977=EDGE_CURVE('',#3212,#3211,#1672,.T.);
#3978=EDGE_CURVE('',#3209,#3212,#1673,.T.);
#3979=EDGE_CURVE('',#3212,#2992,#2765,.T.);
#3980=EDGE_CURVE('',#3213,#2992,#1674,.T.);
#3981=EDGE_CURVE('',#3209,#3213,#2766,.T.);
#3982=EDGE_CURVE('',#3214,#2991,#1675,.T.);
#3983=EDGE_CURVE('',#3213,#3214,#1676,.T.);
#3984=EDGE_CURVE('',#2991,#3215,#2767,.T.);
#3985=EDGE_CURVE('',#3216,#3215,#1677,.T.);
#3986=EDGE_CURVE('',#3214,#3216,#2768,.T.);
#3987=EDGE_CURVE('',#3215,#3217,#1678,.T.);
#3988=EDGE_CURVE('',#3218,#3217,#1679,.T.);
#3989=EDGE_CURVE('',#3216,#3218,#1680,.T.);
#3990=EDGE_CURVE('',#3217,#3219,#2769,.T.);
#3991=EDGE_CURVE('',#3220,#3219,#1681,.T.);
#3992=EDGE_CURVE('',#3218,#3220,#2770,.T.);
#3993=EDGE_CURVE('',#3221,#3220,#1682,.T.);
#3994=EDGE_CURVE('',#3222,#3219,#1683,.T.);
#3995=EDGE_CURVE('',#3221,#3222,#1684,.T.);
#3996=EDGE_CURVE('',#3222,#3211,#2771,.T.);
#3997=EDGE_CURVE('',#3221,#3210,#2772,.T.);
#3998=EDGE_CURVE('',#3223,#3224,#2773,.T.);
#3999=EDGE_CURVE('',#3223,#3225,#1685,.T.);
#4000=EDGE_CURVE('',#3225,#3226,#2774,.T.);
#4001=EDGE_CURVE('',#3226,#3224,#1686,.T.);
#4002=EDGE_CURVE('',#3206,#3208,#2775,.T.);
#4003=EDGE_CURVE('',#3227,#3228,#1687,.T.);
#4004=EDGE_CURVE('',#3229,#3227,#1688,.T.);
#4005=EDGE_CURVE('',#3229,#3230,#1689,.T.);
#4006=EDGE_CURVE('',#3230,#3231,#1690,.T.);
#4007=EDGE_CURVE('',#3232,#3231,#1691,.T.);
#4008=EDGE_CURVE('',#3232,#3233,#1692,.T.);
#4009=EDGE_CURVE('',#3203,#3233,#1693,.T.);
#4010=EDGE_CURVE('',#3228,#3207,#1694,.T.);
#4011=EDGE_CURVE('',#3234,#3235,#1695,.T.);
#4012=EDGE_CURVE('',#3234,#3236,#1696,.T.);
#4013=EDGE_CURVE('',#3205,#3236,#1697,.T.);
#4014=EDGE_CURVE('',#3237,#3200,#1698,.T.);
#4015=EDGE_CURVE('',#3237,#3238,#1699,.T.);
#4016=EDGE_CURVE('',#3239,#3238,#1700,.T.);
#4017=EDGE_CURVE('',#3240,#3239,#1701,.T.);
#4018=EDGE_CURVE('',#3235,#3240,#1702,.T.);
#4019=EDGE_CURVE('',#3241,#3242,#2776,.T.);
#4020=EDGE_CURVE('',#3242,#3243,#1703,.T.);
#4021=EDGE_CURVE('',#3243,#3244,#2777,.T.);
#4022=EDGE_CURVE('',#3244,#3241,#1704,.T.);
#4023=EDGE_CURVE('',#3231,#3242,#2778,.T.);
#4024=EDGE_CURVE('',#3241,#3239,#2779,.T.);
#4025=EDGE_CURVE('',#3238,#3223,#2780,.T.);
#4026=EDGE_CURVE('',#3224,#3232,#2781,.T.);
#4027=EDGE_CURVE('',#3245,#3246,#2782,.T.);
#4028=EDGE_CURVE('',#3245,#3229,#2783,.T.);
#4029=EDGE_CURVE('',#3227,#3195,#2784,.T.);
#4030=EDGE_CURVE('',#3180,#3234,#2785,.T.);
#4031=EDGE_CURVE('',#3246,#3235,#2786,.T.);
#4032=EDGE_CURVE('',#3247,#3247,#2787,.T.);
#4033=EDGE_CURVE('',#3248,#3248,#2788,.T.);
#4034=EDGE_CURVE('',#3249,#3249,#2789,.T.);
#4035=EDGE_CURVE('',#3250,#3250,#2790,.T.);
#4036=EDGE_CURVE('',#3202,#3197,#2791,.T.);
#4037=EDGE_CURVE('',#3204,#3199,#2792,.T.);
#4038=EDGE_CURVE('',#3233,#3226,#2793,.T.);
#4039=EDGE_CURVE('',#3225,#3237,#2794,.T.);
#4040=EDGE_CURVE('',#3228,#3196,#2795,.T.);
#4041=EDGE_CURVE('',#3179,#3236,#2796,.T.);
#4042=EDGE_CURVE('',#3251,#3251,#2797,.T.);
#4043=EDGE_CURVE('',#3252,#3252,#2798,.T.);
#4044=EDGE_CURVE('',#3253,#3253,#2799,.T.);
#4045=EDGE_CURVE('',#3010,#3246,#1705,.T.);
#4046=EDGE_CURVE('',#3011,#3245,#1706,.T.);
#4047=EDGE_CURVE('',#3012,#3240,#2800,.T.);
#4048=EDGE_CURVE('',#3013,#3230,#2801,.T.);
#4049=EDGE_CURVE('',#3243,#3230,#2802,.T.);
#4050=EDGE_CURVE('',#3240,#3244,#2803,.T.);
#4051=EDGE_CURVE('',#3254,#3255,#1707,.T.);
#4052=EDGE_CURVE('',#3255,#3256,#1708,.T.);
#4053=EDGE_CURVE('',#3256,#3257,#1709,.T.);
#4054=EDGE_CURVE('',#3257,#3258,#1710,.T.);
#4055=EDGE_CURVE('',#3258,#3259,#1711,.T.);
#4056=EDGE_CURVE('',#3259,#3254,#1712,.T.);
#4057=EDGE_CURVE('',#3260,#3261,#1713,.T.);
#4058=EDGE_CURVE('',#3256,#3261,#1714,.T.);
#4059=EDGE_CURVE('',#3255,#3260,#1715,.T.);
#4060=EDGE_CURVE('',#3261,#3262,#1716,.T.);
#4061=EDGE_CURVE('',#3257,#3262,#1717,.T.);
#4062=EDGE_CURVE('',#3262,#3263,#1718,.T.);
#4063=EDGE_CURVE('',#3258,#3263,#1719,.T.);
#4064=EDGE_CURVE('',#3263,#3264,#1720,.T.);
#4065=EDGE_CURVE('',#3259,#3264,#1721,.T.);
#4066=EDGE_CURVE('',#3264,#3265,#1722,.T.);
#4067=EDGE_CURVE('',#3254,#3265,#1723,.T.);
#4068=EDGE_CURVE('',#3265,#3260,#1724,.T.);
#4069=EDGE_CURVE('',#3266,#3266,#2804,.T.);
#4070=EDGE_CURVE('',#3266,#3253,#1725,.T.);
#4071=EDGE_CURVE('',#3267,#3268,#1726,.T.);
#4072=EDGE_CURVE('',#3268,#3269,#1727,.T.);
#4073=EDGE_CURVE('',#3269,#3270,#1728,.T.);
#4074=EDGE_CURVE('',#3270,#3271,#1729,.T.);
#4075=EDGE_CURVE('',#3271,#3272,#1730,.T.);
#4076=EDGE_CURVE('',#3272,#3267,#1731,.T.);
#4077=EDGE_CURVE('',#3273,#3274,#1732,.T.);
#4078=EDGE_CURVE('',#3269,#3274,#1733,.T.);
#4079=EDGE_CURVE('',#3268,#3273,#1734,.T.);
#4080=EDGE_CURVE('',#3274,#3275,#1735,.T.);
#4081=EDGE_CURVE('',#3270,#3275,#1736,.T.);
#4082=EDGE_CURVE('',#3275,#3276,#1737,.T.);
#4083=EDGE_CURVE('',#3271,#3276,#1738,.T.);
#4084=EDGE_CURVE('',#3276,#3277,#1739,.T.);
#4085=EDGE_CURVE('',#3272,#3277,#1740,.T.);
#4086=EDGE_CURVE('',#3277,#3278,#1741,.T.);
#4087=EDGE_CURVE('',#3267,#3278,#1742,.T.);
#4088=EDGE_CURVE('',#3278,#3273,#1743,.T.);
#4089=EDGE_CURVE('',#3279,#3279,#2805,.T.);
#4090=EDGE_CURVE('',#3280,#3280,#2806,.T.);
#4091=EDGE_CURVE('',#3280,#2990,#1744,.T.);
#4092=EDGE_CURVE('',#3281,#3281,#2807,.T.);
#4093=EDGE_CURVE('',#3281,#3279,#1745,.T.);
#4094=EDGE_CURVE('',#3282,#3282,#2808,.T.);
#4095=EDGE_CURVE('',#3282,#3281,#1746,.T.);
#4096=EDGE_CURVE('',#3283,#3284,#1747,.T.);
#4097=EDGE_CURVE('',#3284,#3285,#1748,.T.);
#4098=EDGE_CURVE('',#3285,#3286,#1749,.T.);
#4099=EDGE_CURVE('',#3286,#3287,#1750,.T.);
#4100=EDGE_CURVE('',#3287,#3288,#1751,.T.);
#4101=EDGE_CURVE('',#3288,#3283,#1752,.T.);
#4102=EDGE_CURVE('',#3289,#3290,#1753,.T.);
#4103=EDGE_CURVE('',#3285,#3290,#1754,.T.);
#4104=EDGE_CURVE('',#3284,#3289,#1755,.T.);
#4105=EDGE_CURVE('',#3290,#3291,#1756,.T.);
#4106=EDGE_CURVE('',#3286,#3291,#1757,.T.);
#4107=EDGE_CURVE('',#3291,#3292,#1758,.T.);
#4108=EDGE_CURVE('',#3287,#3292,#1759,.T.);
#4109=EDGE_CURVE('',#3292,#3293,#1760,.T.);
#4110=EDGE_CURVE('',#3288,#3293,#1761,.T.);
#4111=EDGE_CURVE('',#3293,#3294,#1762,.T.);
#4112=EDGE_CURVE('',#3283,#3294,#1763,.T.);
#4113=EDGE_CURVE('',#3294,#3289,#1764,.T.);
#4114=EDGE_CURVE('',#3295,#3295,#2809,.T.);
#4115=EDGE_CURVE('',#3296,#3296,#2810,.T.);
#4116=EDGE_CURVE('',#3296,#2989,#1765,.T.);
#4117=EDGE_CURVE('',#3297,#3297,#2811,.T.);
#4118=EDGE_CURVE('',#3297,#3295,#1766,.T.);
#4119=EDGE_CURVE('',#3298,#3298,#2812,.T.);
#4120=EDGE_CURVE('',#3298,#3297,#1767,.T.);
#4121=EDGE_CURVE('',#3299,#3300,#1768,.T.);
#4122=EDGE_CURVE('',#3300,#3301,#1769,.T.);
#4123=EDGE_CURVE('',#3301,#3302,#1770,.T.);
#4124=EDGE_CURVE('',#3302,#3303,#1771,.T.);
#4125=EDGE_CURVE('',#3303,#3304,#1772,.T.);
#4126=EDGE_CURVE('',#3304,#3299,#1773,.T.);
#4127=EDGE_CURVE('',#3305,#3306,#1774,.T.);
#4128=EDGE_CURVE('',#3301,#3306,#1775,.T.);
#4129=EDGE_CURVE('',#3300,#3305,#1776,.T.);
#4130=EDGE_CURVE('',#3306,#3307,#1777,.T.);
#4131=EDGE_CURVE('',#3302,#3307,#1778,.T.);
#4132=EDGE_CURVE('',#3307,#3308,#1779,.T.);
#4133=EDGE_CURVE('',#3303,#3308,#1780,.T.);
#4134=EDGE_CURVE('',#3308,#3309,#1781,.T.);
#4135=EDGE_CURVE('',#3304,#3309,#1782,.T.);
#4136=EDGE_CURVE('',#3309,#3310,#1783,.T.);
#4137=EDGE_CURVE('',#3299,#3310,#1784,.T.);
#4138=EDGE_CURVE('',#3310,#3305,#1785,.T.);
#4139=EDGE_CURVE('',#3311,#3311,#2813,.T.);
#4140=EDGE_CURVE('',#3312,#3312,#2814,.T.);
#4141=EDGE_CURVE('',#3312,#2988,#1786,.T.);
#4142=EDGE_CURVE('',#3313,#3313,#2815,.T.);
#4143=EDGE_CURVE('',#3313,#3311,#1787,.T.);
#4144=EDGE_CURVE('',#3314,#3314,#2816,.T.);
#4145=EDGE_CURVE('',#3314,#3313,#1788,.T.);
#4146=EDGE_CURVE('',#3315,#3316,#1789,.T.);
#4147=EDGE_CURVE('',#3316,#3317,#1790,.T.);
#4148=EDGE_CURVE('',#3317,#3318,#1791,.T.);
#4149=EDGE_CURVE('',#3318,#3319,#1792,.T.);
#4150=EDGE_CURVE('',#3319,#3320,#1793,.T.);
#4151=EDGE_CURVE('',#3320,#3315,#1794,.T.);
#4152=EDGE_CURVE('',#3321,#3322,#1795,.T.);
#4153=EDGE_CURVE('',#3317,#3322,#1796,.T.);
#4154=EDGE_CURVE('',#3316,#3321,#1797,.T.);
#4155=EDGE_CURVE('',#3322,#3323,#1798,.T.);
#4156=EDGE_CURVE('',#3318,#3323,#1799,.T.);
#4157=EDGE_CURVE('',#3323,#3324,#1800,.T.);
#4158=EDGE_CURVE('',#3319,#3324,#1801,.T.);
#4159=EDGE_CURVE('',#3324,#3325,#1802,.T.);
#4160=EDGE_CURVE('',#3320,#3325,#1803,.T.);
#4161=EDGE_CURVE('',#3325,#3326,#1804,.T.);
#4162=EDGE_CURVE('',#3315,#3326,#1805,.T.);
#4163=EDGE_CURVE('',#3326,#3321,#1806,.T.);
#4164=EDGE_CURVE('',#3327,#3327,#2817,.T.);
#4165=EDGE_CURVE('',#3328,#3328,#2818,.T.);
#4166=EDGE_CURVE('',#3328,#2987,#1807,.T.);
#4167=EDGE_CURVE('',#3329,#3329,#2819,.T.);
#4168=EDGE_CURVE('',#3329,#3327,#1808,.T.);
#4169=EDGE_CURVE('',#3330,#3330,#2820,.T.);
#4170=EDGE_CURVE('',#3330,#3329,#1809,.T.);
#4171=EDGE_CURVE('',#3331,#3332,#1810,.T.);
#4172=EDGE_CURVE('',#3332,#3333,#1811,.T.);
#4173=EDGE_CURVE('',#3333,#3334,#1812,.T.);
#4174=EDGE_CURVE('',#3334,#3335,#1813,.T.);
#4175=EDGE_CURVE('',#3335,#3336,#1814,.T.);
#4176=EDGE_CURVE('',#3336,#3331,#1815,.T.);
#4177=EDGE_CURVE('',#3337,#3338,#1816,.T.);
#4178=EDGE_CURVE('',#3333,#3338,#1817,.T.);
#4179=EDGE_CURVE('',#3332,#3337,#1818,.T.);
#4180=EDGE_CURVE('',#3338,#3339,#1819,.T.);
#4181=EDGE_CURVE('',#3334,#3339,#1820,.T.);
#4182=EDGE_CURVE('',#3339,#3340,#1821,.T.);
#4183=EDGE_CURVE('',#3335,#3340,#1822,.T.);
#4184=EDGE_CURVE('',#3340,#3341,#1823,.T.);
#4185=EDGE_CURVE('',#3336,#3341,#1824,.T.);
#4186=EDGE_CURVE('',#3341,#3342,#1825,.T.);
#4187=EDGE_CURVE('',#3331,#3342,#1826,.T.);
#4188=EDGE_CURVE('',#3342,#3337,#1827,.T.);
#4189=EDGE_CURVE('',#3343,#3343,#2821,.T.);
#4190=EDGE_CURVE('',#3344,#3344,#2822,.T.);
#4191=EDGE_CURVE('',#3344,#2986,#1828,.T.);
#4192=EDGE_CURVE('',#3345,#3345,#2823,.T.);
#4193=EDGE_CURVE('',#3345,#3343,#1829,.T.);
#4194=EDGE_CURVE('',#3346,#3346,#2824,.T.);
#4195=EDGE_CURVE('',#3346,#3345,#1830,.T.);
#4196=EDGE_CURVE('',#3347,#3348,#1831,.T.);
#4197=EDGE_CURVE('',#3348,#3349,#1832,.T.);
#4198=EDGE_CURVE('',#3349,#3350,#1833,.T.);
#4199=EDGE_CURVE('',#3350,#3351,#1834,.T.);
#4200=EDGE_CURVE('',#3351,#3352,#1835,.T.);
#4201=EDGE_CURVE('',#3352,#3347,#1836,.T.);
#4202=EDGE_CURVE('',#3353,#3354,#1837,.T.);
#4203=EDGE_CURVE('',#3349,#3354,#1838,.T.);
#4204=EDGE_CURVE('',#3348,#3353,#1839,.T.);
#4205=EDGE_CURVE('',#3354,#3355,#1840,.T.);
#4206=EDGE_CURVE('',#3350,#3355,#1841,.T.);
#4207=EDGE_CURVE('',#3355,#3356,#1842,.T.);
#4208=EDGE_CURVE('',#3351,#3356,#1843,.T.);
#4209=EDGE_CURVE('',#3356,#3357,#1844,.T.);
#4210=EDGE_CURVE('',#3352,#3357,#1845,.T.);
#4211=EDGE_CURVE('',#3357,#3358,#1846,.T.);
#4212=EDGE_CURVE('',#3347,#3358,#1847,.T.);
#4213=EDGE_CURVE('',#3358,#3353,#1848,.T.);
#4214=EDGE_CURVE('',#3359,#3359,#2825,.T.);
#4215=EDGE_CURVE('',#3359,#3250,#1849,.T.);
#4216=EDGE_CURVE('',#3360,#3361,#1850,.T.);
#4217=EDGE_CURVE('',#3361,#3362,#1851,.T.);
#4218=EDGE_CURVE('',#3362,#3363,#1852,.T.);
#4219=EDGE_CURVE('',#3363,#3364,#1853,.T.);
#4220=EDGE_CURVE('',#3364,#3365,#1854,.T.);
#4221=EDGE_CURVE('',#3365,#3360,#1855,.T.);
#4222=EDGE_CURVE('',#3366,#3367,#1856,.T.);
#4223=EDGE_CURVE('',#3362,#3367,#1857,.T.);
#4224=EDGE_CURVE('',#3361,#3366,#1858,.T.);
#4225=EDGE_CURVE('',#3367,#3368,#1859,.T.);
#4226=EDGE_CURVE('',#3363,#3368,#1860,.T.);
#4227=EDGE_CURVE('',#3368,#3369,#1861,.T.);
#4228=EDGE_CURVE('',#3364,#3369,#1862,.T.);
#4229=EDGE_CURVE('',#3369,#3370,#1863,.T.);
#4230=EDGE_CURVE('',#3365,#3370,#1864,.T.);
#4231=EDGE_CURVE('',#3370,#3371,#1865,.T.);
#4232=EDGE_CURVE('',#3360,#3371,#1866,.T.);
#4233=EDGE_CURVE('',#3371,#3366,#1867,.T.);
#4234=EDGE_CURVE('',#3372,#3372,#2826,.T.);
#4235=EDGE_CURVE('',#3373,#3373,#2827,.T.);
#4236=EDGE_CURVE('',#3373,#3249,#1868,.T.);
#4237=EDGE_CURVE('',#2953,#3372,#1869,.T.);
#4238=EDGE_CURVE('',#3374,#3375,#1870,.T.);
#4239=EDGE_CURVE('',#3375,#3376,#1871,.T.);
#4240=EDGE_CURVE('',#3376,#3377,#1872,.T.);
#4241=EDGE_CURVE('',#3377,#3378,#1873,.T.);
#4242=EDGE_CURVE('',#3378,#3379,#1874,.T.);
#4243=EDGE_CURVE('',#3379,#3374,#1875,.T.);
#4244=EDGE_CURVE('',#3380,#3381,#1876,.T.);
#4245=EDGE_CURVE('',#3376,#3381,#1877,.T.);
#4246=EDGE_CURVE('',#3375,#3380,#1878,.T.);
#4247=EDGE_CURVE('',#3381,#3382,#1879,.T.);
#4248=EDGE_CURVE('',#3377,#3382,#1880,.T.);
#4249=EDGE_CURVE('',#3382,#3383,#1881,.T.);
#4250=EDGE_CURVE('',#3378,#3383,#1882,.T.);
#4251=EDGE_CURVE('',#3383,#3384,#1883,.T.);
#4252=EDGE_CURVE('',#3379,#3384,#1884,.T.);
#4253=EDGE_CURVE('',#3384,#3385,#1885,.T.);
#4254=EDGE_CURVE('',#3374,#3385,#1886,.T.);
#4255=EDGE_CURVE('',#3385,#3380,#1887,.T.);
#4256=EDGE_CURVE('',#3386,#3386,#2828,.T.);
#4257=EDGE_CURVE('',#3386,#3252,#1888,.T.);
#4258=EDGE_CURVE('',#3387,#3388,#1889,.T.);
#4259=EDGE_CURVE('',#3388,#3389,#1890,.T.);
#4260=EDGE_CURVE('',#3389,#3390,#1891,.T.);
#4261=EDGE_CURVE('',#3390,#3391,#1892,.T.);
#4262=EDGE_CURVE('',#3391,#3392,#1893,.T.);
#4263=EDGE_CURVE('',#3392,#3387,#1894,.T.);
#4264=EDGE_CURVE('',#3393,#3394,#1895,.T.);
#4265=EDGE_CURVE('',#3389,#3394,#1896,.T.);
#4266=EDGE_CURVE('',#3388,#3393,#1897,.T.);
#4267=EDGE_CURVE('',#3394,#3395,#1898,.T.);
#4268=EDGE_CURVE('',#3390,#3395,#1899,.T.);
#4269=EDGE_CURVE('',#3395,#3396,#1900,.T.);
#4270=EDGE_CURVE('',#3391,#3396,#1901,.T.);
#4271=EDGE_CURVE('',#3396,#3397,#1902,.T.);
#4272=EDGE_CURVE('',#3392,#3397,#1903,.T.);
#4273=EDGE_CURVE('',#3397,#3398,#1904,.T.);
#4274=EDGE_CURVE('',#3387,#3398,#1905,.T.);
#4275=EDGE_CURVE('',#3398,#3393,#1906,.T.);
#4276=EDGE_CURVE('',#3399,#3399,#2829,.T.);
#4277=EDGE_CURVE('',#3399,#3251,#1907,.T.);
#4278=EDGE_CURVE('',#3400,#3401,#1908,.T.);
#4279=EDGE_CURVE('',#3401,#3402,#1909,.T.);
#4280=EDGE_CURVE('',#3402,#3403,#1910,.T.);
#4281=EDGE_CURVE('',#3403,#3404,#1911,.T.);
#4282=EDGE_CURVE('',#3404,#3405,#1912,.T.);
#4283=EDGE_CURVE('',#3405,#3400,#1913,.T.);
#4284=EDGE_CURVE('',#3406,#3407,#1914,.T.);
#4285=EDGE_CURVE('',#3402,#3407,#1915,.T.);
#4286=EDGE_CURVE('',#3401,#3406,#1916,.T.);
#4287=EDGE_CURVE('',#3407,#3408,#1917,.T.);
#4288=EDGE_CURVE('',#3403,#3408,#1918,.T.);
#4289=EDGE_CURVE('',#3408,#3409,#1919,.T.);
#4290=EDGE_CURVE('',#3404,#3409,#1920,.T.);
#4291=EDGE_CURVE('',#3409,#3410,#1921,.T.);
#4292=EDGE_CURVE('',#3405,#3410,#1922,.T.);
#4293=EDGE_CURVE('',#3410,#3411,#1923,.T.);
#4294=EDGE_CURVE('',#3400,#3411,#1924,.T.);
#4295=EDGE_CURVE('',#3411,#3406,#1925,.T.);
#4296=EDGE_CURVE('',#3412,#3412,#2830,.T.);
#4297=EDGE_CURVE('',#3412,#3248,#1926,.T.);
#4298=EDGE_CURVE('',#3413,#3414,#1927,.T.);
#4299=EDGE_CURVE('',#3414,#3415,#1928,.T.);
#4300=EDGE_CURVE('',#3415,#3416,#1929,.T.);
#4301=EDGE_CURVE('',#3416,#3417,#1930,.T.);
#4302=EDGE_CURVE('',#3417,#3418,#1931,.T.);
#4303=EDGE_CURVE('',#3418,#3413,#1932,.T.);
#4304=EDGE_CURVE('',#3419,#3420,#1933,.T.);
#4305=EDGE_CURVE('',#3415,#3420,#1934,.T.);
#4306=EDGE_CURVE('',#3414,#3419,#1935,.T.);
#4307=EDGE_CURVE('',#3420,#3421,#1936,.T.);
#4308=EDGE_CURVE('',#3416,#3421,#1937,.T.);
#4309=EDGE_CURVE('',#3421,#3422,#1938,.T.);
#4310=EDGE_CURVE('',#3417,#3422,#1939,.T.);
#4311=EDGE_CURVE('',#3422,#3423,#1940,.T.);
#4312=EDGE_CURVE('',#3418,#3423,#1941,.T.);
#4313=EDGE_CURVE('',#3423,#3424,#1942,.T.);
#4314=EDGE_CURVE('',#3413,#3424,#1943,.T.);
#4315=EDGE_CURVE('',#3424,#3419,#1944,.T.);
#4316=EDGE_CURVE('',#3425,#3425,#2831,.T.);
#4317=EDGE_CURVE('',#3425,#3247,#1945,.T.);
#4318=ORIENTED_EDGE('',*,*,#3426,.T.);
#4319=ORIENTED_EDGE('',*,*,#3427,.T.);
#4320=ORIENTED_EDGE('',*,*,#3428,.F.);
#4321=ORIENTED_EDGE('',*,*,#3427,.F.);
#4322=ORIENTED_EDGE('',*,*,#3426,.F.);
#4323=ORIENTED_EDGE('',*,*,#3429,.F.);
#4324=ORIENTED_EDGE('',*,*,#3430,.F.);
#4325=ORIENTED_EDGE('',*,*,#3431,.F.);
#4326=ORIENTED_EDGE('',*,*,#3432,.F.);
#4327=ORIENTED_EDGE('',*,*,#3433,.F.);
#4328=ORIENTED_EDGE('',*,*,#3434,.F.);
#4329=ORIENTED_EDGE('',*,*,#3430,.T.);
#4330=ORIENTED_EDGE('',*,*,#3435,.F.);
#4331=ORIENTED_EDGE('',*,*,#3436,.F.);
#4332=ORIENTED_EDGE('',*,*,#3437,.T.);
#4333=ORIENTED_EDGE('',*,*,#3431,.T.);
#4334=ORIENTED_EDGE('',*,*,#3437,.F.);
#4335=ORIENTED_EDGE('',*,*,#3438,.F.);
#4336=ORIENTED_EDGE('',*,*,#3439,.T.);
#4337=ORIENTED_EDGE('',*,*,#3432,.T.);
#4338=ORIENTED_EDGE('',*,*,#3439,.F.);
#4339=ORIENTED_EDGE('',*,*,#3440,.F.);
#4340=ORIENTED_EDGE('',*,*,#3441,.T.);
#4341=ORIENTED_EDGE('',*,*,#3433,.T.);
#4342=ORIENTED_EDGE('',*,*,#3441,.F.);
#4343=ORIENTED_EDGE('',*,*,#3442,.F.);
#4344=ORIENTED_EDGE('',*,*,#3443,.T.);
#4345=ORIENTED_EDGE('',*,*,#3434,.T.);
#4346=ORIENTED_EDGE('',*,*,#3443,.F.);
#4347=ORIENTED_EDGE('',*,*,#3444,.F.);
#4348=ORIENTED_EDGE('',*,*,#3445,.T.);
#4349=ORIENTED_EDGE('',*,*,#3429,.T.);
#4350=ORIENTED_EDGE('',*,*,#3445,.F.);
#4351=ORIENTED_EDGE('',*,*,#3446,.F.);
#4352=ORIENTED_EDGE('',*,*,#3435,.T.);
#4353=ORIENTED_EDGE('',*,*,#3436,.T.);
#4354=ORIENTED_EDGE('',*,*,#3446,.T.);
#4355=ORIENTED_EDGE('',*,*,#3444,.T.);
#4356=ORIENTED_EDGE('',*,*,#3442,.T.);
#4357=ORIENTED_EDGE('',*,*,#3440,.T.);
#4358=ORIENTED_EDGE('',*,*,#3438,.T.);
#4359=ORIENTED_EDGE('',*,*,#3447,.T.);
#4360=ORIENTED_EDGE('',*,*,#3448,.T.);
#4361=ORIENTED_EDGE('',*,*,#3449,.F.);
#4362=ORIENTED_EDGE('',*,*,#3448,.F.);
#4363=ORIENTED_EDGE('',*,*,#3447,.F.);
#4364=ORIENTED_EDGE('',*,*,#3450,.F.);
#4365=ORIENTED_EDGE('',*,*,#3451,.F.);
#4366=ORIENTED_EDGE('',*,*,#3452,.F.);
#4367=ORIENTED_EDGE('',*,*,#3453,.F.);
#4368=ORIENTED_EDGE('',*,*,#3454,.F.);
#4369=ORIENTED_EDGE('',*,*,#3455,.F.);
#4370=ORIENTED_EDGE('',*,*,#3451,.T.);
#4371=ORIENTED_EDGE('',*,*,#3456,.F.);
#4372=ORIENTED_EDGE('',*,*,#3457,.F.);
#4373=ORIENTED_EDGE('',*,*,#3458,.T.);
#4374=ORIENTED_EDGE('',*,*,#3452,.T.);
#4375=ORIENTED_EDGE('',*,*,#3458,.F.);
#4376=ORIENTED_EDGE('',*,*,#3459,.F.);
#4377=ORIENTED_EDGE('',*,*,#3460,.T.);
#4378=ORIENTED_EDGE('',*,*,#3453,.T.);
#4379=ORIENTED_EDGE('',*,*,#3460,.F.);
#4380=ORIENTED_EDGE('',*,*,#3461,.F.);
#4381=ORIENTED_EDGE('',*,*,#3462,.T.);
#4382=ORIENTED_EDGE('',*,*,#3454,.T.);
#4383=ORIENTED_EDGE('',*,*,#3462,.F.);
#4384=ORIENTED_EDGE('',*,*,#3463,.F.);
#4385=ORIENTED_EDGE('',*,*,#3464,.T.);
#4386=ORIENTED_EDGE('',*,*,#3455,.T.);
#4387=ORIENTED_EDGE('',*,*,#3464,.F.);
#4388=ORIENTED_EDGE('',*,*,#3465,.F.);
#4389=ORIENTED_EDGE('',*,*,#3466,.T.);
#4390=ORIENTED_EDGE('',*,*,#3450,.T.);
#4391=ORIENTED_EDGE('',*,*,#3466,.F.);
#4392=ORIENTED_EDGE('',*,*,#3467,.F.);
#4393=ORIENTED_EDGE('',*,*,#3456,.T.);
#4394=ORIENTED_EDGE('',*,*,#3457,.T.);
#4395=ORIENTED_EDGE('',*,*,#3467,.T.);
#4396=ORIENTED_EDGE('',*,*,#3465,.T.);
#4397=ORIENTED_EDGE('',*,*,#3463,.T.);
#4398=ORIENTED_EDGE('',*,*,#3461,.T.);
#4399=ORIENTED_EDGE('',*,*,#3459,.T.);
#4400=ORIENTED_EDGE('',*,*,#3468,.T.);
#4401=ORIENTED_EDGE('',*,*,#3469,.T.);
#4402=ORIENTED_EDGE('',*,*,#3470,.F.);
#4403=ORIENTED_EDGE('',*,*,#3469,.F.);
#4404=ORIENTED_EDGE('',*,*,#3468,.F.);
#4405=ORIENTED_EDGE('',*,*,#3471,.F.);
#4406=ORIENTED_EDGE('',*,*,#3472,.F.);
#4407=ORIENTED_EDGE('',*,*,#3473,.F.);
#4408=ORIENTED_EDGE('',*,*,#3474,.F.);
#4409=ORIENTED_EDGE('',*,*,#3475,.F.);
#4410=ORIENTED_EDGE('',*,*,#3476,.F.);
#4411=ORIENTED_EDGE('',*,*,#3472,.T.);
#4412=ORIENTED_EDGE('',*,*,#3477,.F.);
#4413=ORIENTED_EDGE('',*,*,#3478,.F.);
#4414=ORIENTED_EDGE('',*,*,#3479,.T.);
#4415=ORIENTED_EDGE('',*,*,#3473,.T.);
#4416=ORIENTED_EDGE('',*,*,#3479,.F.);
#4417=ORIENTED_EDGE('',*,*,#3480,.F.);
#4418=ORIENTED_EDGE('',*,*,#3481,.T.);
#4419=ORIENTED_EDGE('',*,*,#3474,.T.);
#4420=ORIENTED_EDGE('',*,*,#3481,.F.);
#4421=ORIENTED_EDGE('',*,*,#3482,.F.);
#4422=ORIENTED_EDGE('',*,*,#3483,.T.);
#4423=ORIENTED_EDGE('',*,*,#3475,.T.);
#4424=ORIENTED_EDGE('',*,*,#3483,.F.);
#4425=ORIENTED_EDGE('',*,*,#3484,.F.);
#4426=ORIENTED_EDGE('',*,*,#3485,.T.);
#4427=ORIENTED_EDGE('',*,*,#3476,.T.);
#4428=ORIENTED_EDGE('',*,*,#3485,.F.);
#4429=ORIENTED_EDGE('',*,*,#3486,.F.);
#4430=ORIENTED_EDGE('',*,*,#3487,.T.);
#4431=ORIENTED_EDGE('',*,*,#3471,.T.);
#4432=ORIENTED_EDGE('',*,*,#3487,.F.);
#4433=ORIENTED_EDGE('',*,*,#3488,.F.);
#4434=ORIENTED_EDGE('',*,*,#3477,.T.);
#4435=ORIENTED_EDGE('',*,*,#3478,.T.);
#4436=ORIENTED_EDGE('',*,*,#3488,.T.);
#4437=ORIENTED_EDGE('',*,*,#3486,.T.);
#4438=ORIENTED_EDGE('',*,*,#3484,.T.);
#4439=ORIENTED_EDGE('',*,*,#3482,.T.);
#4440=ORIENTED_EDGE('',*,*,#3480,.T.);
#4441=ORIENTED_EDGE('',*,*,#3489,.T.);
#4442=ORIENTED_EDGE('',*,*,#3490,.T.);
#4443=ORIENTED_EDGE('',*,*,#3491,.F.);
#4444=ORIENTED_EDGE('',*,*,#3490,.F.);
#4445=ORIENTED_EDGE('',*,*,#3489,.F.);
#4446=ORIENTED_EDGE('',*,*,#3492,.F.);
#4447=ORIENTED_EDGE('',*,*,#3493,.F.);
#4448=ORIENTED_EDGE('',*,*,#3494,.F.);
#4449=ORIENTED_EDGE('',*,*,#3495,.F.);
#4450=ORIENTED_EDGE('',*,*,#3496,.F.);
#4451=ORIENTED_EDGE('',*,*,#3497,.F.);
#4452=ORIENTED_EDGE('',*,*,#3493,.T.);
#4453=ORIENTED_EDGE('',*,*,#3498,.F.);
#4454=ORIENTED_EDGE('',*,*,#3499,.F.);
#4455=ORIENTED_EDGE('',*,*,#3500,.T.);
#4456=ORIENTED_EDGE('',*,*,#3494,.T.);
#4457=ORIENTED_EDGE('',*,*,#3500,.F.);
#4458=ORIENTED_EDGE('',*,*,#3501,.F.);
#4459=ORIENTED_EDGE('',*,*,#3502,.T.);
#4460=ORIENTED_EDGE('',*,*,#3495,.T.);
#4461=ORIENTED_EDGE('',*,*,#3502,.F.);
#4462=ORIENTED_EDGE('',*,*,#3503,.F.);
#4463=ORIENTED_EDGE('',*,*,#3504,.T.);
#4464=ORIENTED_EDGE('',*,*,#3496,.T.);
#4465=ORIENTED_EDGE('',*,*,#3504,.F.);
#4466=ORIENTED_EDGE('',*,*,#3505,.F.);
#4467=ORIENTED_EDGE('',*,*,#3506,.T.);
#4468=ORIENTED_EDGE('',*,*,#3497,.T.);
#4469=ORIENTED_EDGE('',*,*,#3506,.F.);
#4470=ORIENTED_EDGE('',*,*,#3507,.F.);
#4471=ORIENTED_EDGE('',*,*,#3508,.T.);
#4472=ORIENTED_EDGE('',*,*,#3492,.T.);
#4473=ORIENTED_EDGE('',*,*,#3508,.F.);
#4474=ORIENTED_EDGE('',*,*,#3509,.F.);
#4475=ORIENTED_EDGE('',*,*,#3498,.T.);
#4476=ORIENTED_EDGE('',*,*,#3499,.T.);
#4477=ORIENTED_EDGE('',*,*,#3509,.T.);
#4478=ORIENTED_EDGE('',*,*,#3507,.T.);
#4479=ORIENTED_EDGE('',*,*,#3505,.T.);
#4480=ORIENTED_EDGE('',*,*,#3503,.T.);
#4481=ORIENTED_EDGE('',*,*,#3501,.T.);
#4482=ORIENTED_EDGE('',*,*,#3510,.F.);
#4483=ORIENTED_EDGE('',*,*,#3511,.T.);
#4484=ORIENTED_EDGE('',*,*,#3512,.T.);
#4485=ORIENTED_EDGE('',*,*,#3511,.F.);
#4486=ORIENTED_EDGE('',*,*,#3513,.T.);
#4487=ORIENTED_EDGE('',*,*,#3514,.T.);
#4488=ORIENTED_EDGE('',*,*,#3515,.F.);
#4489=ORIENTED_EDGE('',*,*,#3514,.F.);
#4490=ORIENTED_EDGE('',*,*,#3513,.F.);
#4491=ORIENTED_EDGE('',*,*,#3516,.F.);
#4492=ORIENTED_EDGE('',*,*,#3517,.F.);
#4493=ORIENTED_EDGE('',*,*,#3518,.F.);
#4494=ORIENTED_EDGE('',*,*,#3519,.F.);
#4495=ORIENTED_EDGE('',*,*,#3520,.F.);
#4496=ORIENTED_EDGE('',*,*,#3521,.F.);
#4497=ORIENTED_EDGE('',*,*,#3512,.F.);
#4498=ORIENTED_EDGE('',*,*,#3517,.T.);
#4499=ORIENTED_EDGE('',*,*,#3522,.F.);
#4500=ORIENTED_EDGE('',*,*,#3523,.F.);
#4501=ORIENTED_EDGE('',*,*,#3524,.T.);
#4502=ORIENTED_EDGE('',*,*,#3518,.T.);
#4503=ORIENTED_EDGE('',*,*,#3524,.F.);
#4504=ORIENTED_EDGE('',*,*,#3525,.F.);
#4505=ORIENTED_EDGE('',*,*,#3526,.T.);
#4506=ORIENTED_EDGE('',*,*,#3519,.T.);
#4507=ORIENTED_EDGE('',*,*,#3526,.F.);
#4508=ORIENTED_EDGE('',*,*,#3527,.F.);
#4509=ORIENTED_EDGE('',*,*,#3528,.T.);
#4510=ORIENTED_EDGE('',*,*,#3520,.T.);
#4511=ORIENTED_EDGE('',*,*,#3528,.F.);
#4512=ORIENTED_EDGE('',*,*,#3529,.F.);
#4513=ORIENTED_EDGE('',*,*,#3530,.T.);
#4514=ORIENTED_EDGE('',*,*,#3521,.T.);
#4515=ORIENTED_EDGE('',*,*,#3530,.F.);
#4516=ORIENTED_EDGE('',*,*,#3531,.F.);
#4517=ORIENTED_EDGE('',*,*,#3532,.T.);
#4518=ORIENTED_EDGE('',*,*,#3516,.T.);
#4519=ORIENTED_EDGE('',*,*,#3532,.F.);
#4520=ORIENTED_EDGE('',*,*,#3533,.F.);
#4521=ORIENTED_EDGE('',*,*,#3522,.T.);
#4522=ORIENTED_EDGE('',*,*,#3523,.T.);
#4523=ORIENTED_EDGE('',*,*,#3533,.T.);
#4524=ORIENTED_EDGE('',*,*,#3531,.T.);
#4525=ORIENTED_EDGE('',*,*,#3529,.T.);
#4526=ORIENTED_EDGE('',*,*,#3527,.T.);
#4527=ORIENTED_EDGE('',*,*,#3525,.T.);
#4528=ORIENTED_EDGE('',*,*,#3534,.T.);
#4529=ORIENTED_EDGE('',*,*,#3535,.T.);
#4530=ORIENTED_EDGE('',*,*,#3536,.F.);
#4531=ORIENTED_EDGE('',*,*,#3535,.F.);
#4532=ORIENTED_EDGE('',*,*,#3534,.F.);
#4533=ORIENTED_EDGE('',*,*,#3537,.F.);
#4534=ORIENTED_EDGE('',*,*,#3538,.F.);
#4535=ORIENTED_EDGE('',*,*,#3539,.F.);
#4536=ORIENTED_EDGE('',*,*,#3540,.F.);
#4537=ORIENTED_EDGE('',*,*,#3541,.F.);
#4538=ORIENTED_EDGE('',*,*,#3542,.F.);
#4539=ORIENTED_EDGE('',*,*,#3538,.T.);
#4540=ORIENTED_EDGE('',*,*,#3543,.F.);
#4541=ORIENTED_EDGE('',*,*,#3544,.F.);
#4542=ORIENTED_EDGE('',*,*,#3545,.T.);
#4543=ORIENTED_EDGE('',*,*,#3539,.T.);
#4544=ORIENTED_EDGE('',*,*,#3545,.F.);
#4545=ORIENTED_EDGE('',*,*,#3546,.F.);
#4546=ORIENTED_EDGE('',*,*,#3547,.T.);
#4547=ORIENTED_EDGE('',*,*,#3540,.T.);
#4548=ORIENTED_EDGE('',*,*,#3547,.F.);
#4549=ORIENTED_EDGE('',*,*,#3548,.F.);
#4550=ORIENTED_EDGE('',*,*,#3549,.T.);
#4551=ORIENTED_EDGE('',*,*,#3541,.T.);
#4552=ORIENTED_EDGE('',*,*,#3549,.F.);
#4553=ORIENTED_EDGE('',*,*,#3550,.F.);
#4554=ORIENTED_EDGE('',*,*,#3551,.T.);
#4555=ORIENTED_EDGE('',*,*,#3542,.T.);
#4556=ORIENTED_EDGE('',*,*,#3551,.F.);
#4557=ORIENTED_EDGE('',*,*,#3552,.F.);
#4558=ORIENTED_EDGE('',*,*,#3553,.T.);
#4559=ORIENTED_EDGE('',*,*,#3537,.T.);
#4560=ORIENTED_EDGE('',*,*,#3553,.F.);
#4561=ORIENTED_EDGE('',*,*,#3554,.F.);
#4562=ORIENTED_EDGE('',*,*,#3543,.T.);
#4563=ORIENTED_EDGE('',*,*,#3544,.T.);
#4564=ORIENTED_EDGE('',*,*,#3554,.T.);
#4565=ORIENTED_EDGE('',*,*,#3552,.T.);
#4566=ORIENTED_EDGE('',*,*,#3550,.T.);
#4567=ORIENTED_EDGE('',*,*,#3548,.T.);
#4568=ORIENTED_EDGE('',*,*,#3546,.T.);
#4569=ORIENTED_EDGE('',*,*,#3555,.T.);
#4570=ORIENTED_EDGE('',*,*,#3556,.T.);
#4571=ORIENTED_EDGE('',*,*,#3557,.F.);
#4572=ORIENTED_EDGE('',*,*,#3556,.F.);
#4573=ORIENTED_EDGE('',*,*,#3555,.F.);
#4574=ORIENTED_EDGE('',*,*,#3558,.F.);
#4575=ORIENTED_EDGE('',*,*,#3559,.F.);
#4576=ORIENTED_EDGE('',*,*,#3560,.F.);
#4577=ORIENTED_EDGE('',*,*,#3561,.F.);
#4578=ORIENTED_EDGE('',*,*,#3562,.F.);
#4579=ORIENTED_EDGE('',*,*,#3563,.F.);
#4580=ORIENTED_EDGE('',*,*,#3559,.T.);
#4581=ORIENTED_EDGE('',*,*,#3564,.F.);
#4582=ORIENTED_EDGE('',*,*,#3565,.F.);
#4583=ORIENTED_EDGE('',*,*,#3566,.T.);
#4584=ORIENTED_EDGE('',*,*,#3560,.T.);
#4585=ORIENTED_EDGE('',*,*,#3566,.F.);
#4586=ORIENTED_EDGE('',*,*,#3567,.F.);
#4587=ORIENTED_EDGE('',*,*,#3568,.T.);
#4588=ORIENTED_EDGE('',*,*,#3561,.T.);
#4589=ORIENTED_EDGE('',*,*,#3568,.F.);
#4590=ORIENTED_EDGE('',*,*,#3569,.F.);
#4591=ORIENTED_EDGE('',*,*,#3570,.T.);
#4592=ORIENTED_EDGE('',*,*,#3562,.T.);
#4593=ORIENTED_EDGE('',*,*,#3570,.F.);
#4594=ORIENTED_EDGE('',*,*,#3571,.F.);
#4595=ORIENTED_EDGE('',*,*,#3572,.T.);
#4596=ORIENTED_EDGE('',*,*,#3563,.T.);
#4597=ORIENTED_EDGE('',*,*,#3572,.F.);
#4598=ORIENTED_EDGE('',*,*,#3573,.F.);
#4599=ORIENTED_EDGE('',*,*,#3574,.T.);
#4600=ORIENTED_EDGE('',*,*,#3558,.T.);
#4601=ORIENTED_EDGE('',*,*,#3574,.F.);
#4602=ORIENTED_EDGE('',*,*,#3575,.F.);
#4603=ORIENTED_EDGE('',*,*,#3564,.T.);
#4604=ORIENTED_EDGE('',*,*,#3565,.T.);
#4605=ORIENTED_EDGE('',*,*,#3575,.T.);
#4606=ORIENTED_EDGE('',*,*,#3573,.T.);
#4607=ORIENTED_EDGE('',*,*,#3571,.T.);
#4608=ORIENTED_EDGE('',*,*,#3569,.T.);
#4609=ORIENTED_EDGE('',*,*,#3567,.T.);
#4610=ORIENTED_EDGE('',*,*,#3576,.F.);
#4611=ORIENTED_EDGE('',*,*,#3577,.T.);
#4612=ORIENTED_EDGE('',*,*,#3577,.F.);
#4613=ORIENTED_EDGE('',*,*,#3578,.T.);
#4614=ORIENTED_EDGE('',*,*,#3579,.T.);
#4615=ORIENTED_EDGE('',*,*,#3578,.F.);
#4616=ORIENTED_EDGE('',*,*,#3579,.F.);
#4617=ORIENTED_EDGE('',*,*,#3580,.T.);
#4618=ORIENTED_EDGE('',*,*,#3581,.T.);
#4619=ORIENTED_EDGE('',*,*,#3580,.F.);
#4620=ORIENTED_EDGE('',*,*,#3582,.T.);
#4621=ORIENTED_EDGE('',*,*,#3583,.T.);
#4622=ORIENTED_EDGE('',*,*,#3584,.F.);
#4623=ORIENTED_EDGE('',*,*,#3583,.F.);
#4624=ORIENTED_EDGE('',*,*,#3582,.F.);
#4625=ORIENTED_EDGE('',*,*,#3585,.F.);
#4626=ORIENTED_EDGE('',*,*,#3586,.F.);
#4627=ORIENTED_EDGE('',*,*,#3587,.F.);
#4628=ORIENTED_EDGE('',*,*,#3588,.F.);
#4629=ORIENTED_EDGE('',*,*,#3589,.F.);
#4630=ORIENTED_EDGE('',*,*,#3590,.F.);
#4631=ORIENTED_EDGE('',*,*,#3581,.F.);
#4632=ORIENTED_EDGE('',*,*,#3586,.T.);
#4633=ORIENTED_EDGE('',*,*,#3591,.F.);
#4634=ORIENTED_EDGE('',*,*,#3592,.F.);
#4635=ORIENTED_EDGE('',*,*,#3593,.T.);
#4636=ORIENTED_EDGE('',*,*,#3587,.T.);
#4637=ORIENTED_EDGE('',*,*,#3593,.F.);
#4638=ORIENTED_EDGE('',*,*,#3594,.F.);
#4639=ORIENTED_EDGE('',*,*,#3595,.T.);
#4640=ORIENTED_EDGE('',*,*,#3588,.T.);
#4641=ORIENTED_EDGE('',*,*,#3595,.F.);
#4642=ORIENTED_EDGE('',*,*,#3596,.F.);
#4643=ORIENTED_EDGE('',*,*,#3597,.T.);
#4644=ORIENTED_EDGE('',*,*,#3589,.T.);
#4645=ORIENTED_EDGE('',*,*,#3597,.F.);
#4646=ORIENTED_EDGE('',*,*,#3598,.F.);
#4647=ORIENTED_EDGE('',*,*,#3599,.T.);
#4648=ORIENTED_EDGE('',*,*,#3590,.T.);
#4649=ORIENTED_EDGE('',*,*,#3599,.F.);
#4650=ORIENTED_EDGE('',*,*,#3600,.F.);
#4651=ORIENTED_EDGE('',*,*,#3601,.T.);
#4652=ORIENTED_EDGE('',*,*,#3585,.T.);
#4653=ORIENTED_EDGE('',*,*,#3601,.F.);
#4654=ORIENTED_EDGE('',*,*,#3602,.F.);
#4655=ORIENTED_EDGE('',*,*,#3591,.T.);
#4656=ORIENTED_EDGE('',*,*,#3592,.T.);
#4657=ORIENTED_EDGE('',*,*,#3602,.T.);
#4658=ORIENTED_EDGE('',*,*,#3600,.T.);
#4659=ORIENTED_EDGE('',*,*,#3598,.T.);
#4660=ORIENTED_EDGE('',*,*,#3596,.T.);
#4661=ORIENTED_EDGE('',*,*,#3594,.T.);
#4662=ORIENTED_EDGE('',*,*,#3603,.F.);
#4663=ORIENTED_EDGE('',*,*,#3604,.T.);
#4664=ORIENTED_EDGE('',*,*,#3605,.T.);
#4665=ORIENTED_EDGE('',*,*,#3604,.F.);
#4666=ORIENTED_EDGE('',*,*,#3605,.F.);
#4667=ORIENTED_EDGE('',*,*,#3606,.F.);
#4668=ORIENTED_EDGE('',*,*,#3607,.T.);
#4669=ORIENTED_EDGE('',*,*,#3608,.T.);
#4670=ORIENTED_EDGE('',*,*,#3607,.F.);
#4671=ORIENTED_EDGE('',*,*,#3609,.F.);
#4672=ORIENTED_EDGE('',*,*,#3610,.T.);
#4673=ORIENTED_EDGE('',*,*,#3510,.T.);
#4674=ORIENTED_EDGE('',*,*,#3610,.F.);
#4675=ORIENTED_EDGE('',*,*,#3611,.F.);
#4676=ORIENTED_EDGE('',*,*,#3612,.T.);
#4677=ORIENTED_EDGE('',*,*,#3576,.T.);
#4678=ORIENTED_EDGE('',*,*,#3612,.F.);
#4679=ORIENTED_EDGE('',*,*,#3613,.F.);
#4680=ORIENTED_EDGE('',*,*,#3614,.T.);
#4681=ORIENTED_EDGE('',*,*,#3615,.T.);
#4682=ORIENTED_EDGE('',*,*,#3614,.F.);
#4683=ORIENTED_EDGE('',*,*,#3616,.F.);
#4684=ORIENTED_EDGE('',*,*,#3617,.T.);
#4685=ORIENTED_EDGE('',*,*,#3618,.T.);
#4686=ORIENTED_EDGE('',*,*,#3617,.F.);
#4687=ORIENTED_EDGE('',*,*,#3619,.F.);
#4688=ORIENTED_EDGE('',*,*,#3620,.T.);
#4689=ORIENTED_EDGE('',*,*,#3621,.T.);
#4690=ORIENTED_EDGE('',*,*,#3620,.F.);
#4691=ORIENTED_EDGE('',*,*,#3622,.F.);
#4692=ORIENTED_EDGE('',*,*,#3623,.T.);
#4693=ORIENTED_EDGE('',*,*,#3624,.T.);
#4694=ORIENTED_EDGE('',*,*,#3623,.F.);
#4695=ORIENTED_EDGE('',*,*,#3625,.F.);
#4696=ORIENTED_EDGE('',*,*,#3626,.T.);
#4697=ORIENTED_EDGE('',*,*,#3627,.T.);
#4698=ORIENTED_EDGE('',*,*,#3626,.F.);
#4699=ORIENTED_EDGE('',*,*,#3628,.F.);
#4700=ORIENTED_EDGE('',*,*,#3629,.F.);
#4701=ORIENTED_EDGE('',*,*,#3630,.T.);
#4702=ORIENTED_EDGE('',*,*,#3631,.F.);
#4703=ORIENTED_EDGE('',*,*,#3632,.T.);
#4704=ORIENTED_EDGE('',*,*,#3633,.F.);
#4705=ORIENTED_EDGE('',*,*,#3634,.F.);
#4706=ORIENTED_EDGE('',*,*,#3635,.T.);
#4707=ORIENTED_EDGE('',*,*,#3636,.T.);
#4708=ORIENTED_EDGE('',*,*,#3637,.F.);
#4709=ORIENTED_EDGE('',*,*,#3638,.T.);
#4710=ORIENTED_EDGE('',*,*,#3639,.T.);
#4711=ORIENTED_EDGE('',*,*,#3640,.F.);
#4712=ORIENTED_EDGE('',*,*,#3633,.T.);
#4713=ORIENTED_EDGE('',*,*,#3641,.T.);
#4714=ORIENTED_EDGE('',*,*,#3642,.F.);
#4715=ORIENTED_EDGE('',*,*,#3643,.F.);
#4716=ORIENTED_EDGE('',*,*,#3644,.T.);
#4717=ORIENTED_EDGE('',*,*,#3645,.F.);
#4718=ORIENTED_EDGE('',*,*,#3631,.T.);
#4719=ORIENTED_EDGE('',*,*,#3646,.F.);
#4720=ORIENTED_EDGE('',*,*,#3628,.T.);
#4721=ORIENTED_EDGE('',*,*,#3645,.T.);
#4722=ORIENTED_EDGE('',*,*,#3647,.T.);
#4723=ORIENTED_EDGE('',*,*,#3648,.T.);
#4724=ORIENTED_EDGE('',*,*,#3649,.F.);
#4725=ORIENTED_EDGE('',*,*,#3650,.F.);
#4726=ORIENTED_EDGE('',*,*,#3651,.T.);
#4727=ORIENTED_EDGE('',*,*,#3634,.T.);
#4728=ORIENTED_EDGE('',*,*,#3640,.T.);
#4729=ORIENTED_EDGE('',*,*,#3652,.T.);
#4730=ORIENTED_EDGE('',*,*,#3653,.T.);
#4731=ORIENTED_EDGE('',*,*,#3654,.T.);
#4732=ORIENTED_EDGE('',*,*,#3655,.T.);
#4733=ORIENTED_EDGE('',*,*,#3656,.T.);
#4734=ORIENTED_EDGE('',*,*,#3584,.T.);
#4735=ORIENTED_EDGE('',*,*,#3630,.F.);
#4736=ORIENTED_EDGE('',*,*,#3657,.T.);
#4737=ORIENTED_EDGE('',*,*,#3638,.F.);
#4738=ORIENTED_EDGE('',*,*,#3632,.F.);
#4739=ORIENTED_EDGE('',*,*,#3658,.F.);
#4740=ORIENTED_EDGE('',*,*,#3659,.F.);
#4741=ORIENTED_EDGE('',*,*,#3660,.F.);
#4742=ORIENTED_EDGE('',*,*,#3641,.F.);
#4743=ORIENTED_EDGE('',*,*,#3603,.T.);
#4744=ORIENTED_EDGE('',*,*,#3611,.T.);
#4745=ORIENTED_EDGE('',*,*,#3613,.T.);
#4746=ORIENTED_EDGE('',*,*,#3616,.T.);
#4747=ORIENTED_EDGE('',*,*,#3619,.T.);
#4748=ORIENTED_EDGE('',*,*,#3622,.T.);
#4749=ORIENTED_EDGE('',*,*,#3625,.T.);
#4750=ORIENTED_EDGE('',*,*,#3661,.F.);
#4751=ORIENTED_EDGE('',*,*,#3662,.F.);
#4752=ORIENTED_EDGE('',*,*,#3663,.T.);
#4753=ORIENTED_EDGE('',*,*,#3664,.T.);
#4754=ORIENTED_EDGE('',*,*,#3665,.T.);
#4755=ORIENTED_EDGE('',*,*,#3643,.T.);
#4756=ORIENTED_EDGE('',*,*,#3666,.F.);
#4757=ORIENTED_EDGE('',*,*,#3648,.F.);
#4758=ORIENTED_EDGE('',*,*,#3667,.T.);
#4759=ORIENTED_EDGE('',*,*,#3662,.T.);
#4760=ORIENTED_EDGE('',*,*,#3664,.F.);
#4761=ORIENTED_EDGE('',*,*,#3668,.T.);
#4762=ORIENTED_EDGE('',*,*,#3669,.F.);
#4763=ORIENTED_EDGE('',*,*,#3670,.F.);
#4764=ORIENTED_EDGE('',*,*,#3671,.T.);
#4765=ORIENTED_EDGE('',*,*,#3650,.T.);
#4766=ORIENTED_EDGE('',*,*,#3672,.F.);
#4767=ORIENTED_EDGE('',*,*,#3636,.F.);
#4768=ORIENTED_EDGE('',*,*,#3673,.T.);
#4769=ORIENTED_EDGE('',*,*,#3674,.F.);
#4770=ORIENTED_EDGE('',*,*,#3675,.T.);
#4771=ORIENTED_EDGE('',*,*,#3670,.T.);
#4772=ORIENTED_EDGE('',*,*,#3674,.T.);
#4773=ORIENTED_EDGE('',*,*,#3676,.T.);
#4774=ORIENTED_EDGE('',*,*,#3635,.F.);
#4775=ORIENTED_EDGE('',*,*,#3651,.F.);
#4776=ORIENTED_EDGE('',*,*,#3671,.F.);
#4777=ORIENTED_EDGE('',*,*,#3675,.F.);
#4778=ORIENTED_EDGE('',*,*,#3676,.F.);
#4779=ORIENTED_EDGE('',*,*,#3673,.F.);
#4780=ORIENTED_EDGE('',*,*,#3606,.T.);
#4781=ORIENTED_EDGE('',*,*,#3667,.F.);
#4782=ORIENTED_EDGE('',*,*,#3647,.F.);
#4783=ORIENTED_EDGE('',*,*,#3644,.F.);
#4784=ORIENTED_EDGE('',*,*,#3665,.F.);
#4785=ORIENTED_EDGE('',*,*,#3668,.F.);
#4786=ORIENTED_EDGE('',*,*,#3663,.F.);
#4787=ORIENTED_EDGE('',*,*,#3609,.T.);
#4788=ORIENTED_EDGE('',*,*,#3646,.T.);
#4789=ORIENTED_EDGE('',*,*,#3639,.F.);
#4790=ORIENTED_EDGE('',*,*,#3657,.F.);
#4791=ORIENTED_EDGE('',*,*,#3629,.T.);
#4792=ORIENTED_EDGE('',*,*,#3677,.F.);
#4793=ORIENTED_EDGE('',*,*,#3678,.T.);
#4794=ORIENTED_EDGE('',*,*,#3679,.T.);
#4795=ORIENTED_EDGE('',*,*,#3680,.F.);
#4796=ORIENTED_EDGE('',*,*,#3681,.T.);
#4797=ORIENTED_EDGE('',*,*,#3682,.F.);
#4798=ORIENTED_EDGE('',*,*,#3683,.T.);
#4799=ORIENTED_EDGE('',*,*,#3684,.F.);
#4800=ORIENTED_EDGE('',*,*,#3685,.T.);
#4801=ORIENTED_EDGE('',*,*,#3682,.T.);
#4802=ORIENTED_EDGE('',*,*,#3685,.F.);
#4803=ORIENTED_EDGE('',*,*,#3681,.F.);
#4804=ORIENTED_EDGE('',*,*,#3686,.T.);
#4805=ORIENTED_EDGE('',*,*,#3687,.T.);
#4806=ORIENTED_EDGE('',*,*,#3688,.T.);
#4807=ORIENTED_EDGE('',*,*,#3689,.T.);
#4808=ORIENTED_EDGE('',*,*,#3686,.F.);
#4809=ORIENTED_EDGE('',*,*,#3690,.F.);
#4810=ORIENTED_EDGE('',*,*,#3691,.F.);
#4811=ORIENTED_EDGE('',*,*,#3692,.T.);
#4812=ORIENTED_EDGE('',*,*,#3680,.T.);
#4813=ORIENTED_EDGE('',*,*,#3692,.F.);
#4814=ORIENTED_EDGE('',*,*,#3693,.F.);
#4815=ORIENTED_EDGE('',*,*,#3679,.F.);
#4816=ORIENTED_EDGE('',*,*,#3694,.T.);
#4817=ORIENTED_EDGE('',*,*,#3677,.T.);
#4818=ORIENTED_EDGE('',*,*,#3694,.F.);
#4819=ORIENTED_EDGE('',*,*,#3678,.F.);
#4820=ORIENTED_EDGE('',*,*,#3695,.T.);
#4821=ORIENTED_EDGE('',*,*,#3696,.T.);
#4822=ORIENTED_EDGE('',*,*,#3695,.F.);
#4823=ORIENTED_EDGE('',*,*,#3697,.T.);
#4824=ORIENTED_EDGE('',*,*,#3698,.T.);
#4825=ORIENTED_EDGE('',*,*,#3697,.F.);
#4826=ORIENTED_EDGE('',*,*,#3698,.F.);
#4827=ORIENTED_EDGE('',*,*,#3699,.T.);
#4828=ORIENTED_EDGE('',*,*,#3700,.T.);
#4829=ORIENTED_EDGE('',*,*,#3699,.F.);
#4830=ORIENTED_EDGE('',*,*,#3701,.T.);
#4831=ORIENTED_EDGE('',*,*,#3702,.T.);
#4832=ORIENTED_EDGE('',*,*,#3701,.F.);
#4833=ORIENTED_EDGE('',*,*,#3702,.F.);
#4834=ORIENTED_EDGE('',*,*,#3703,.T.);
#4835=ORIENTED_EDGE('',*,*,#3704,.T.);
#4836=ORIENTED_EDGE('',*,*,#3703,.F.);
#4837=ORIENTED_EDGE('',*,*,#3705,.T.);
#4838=ORIENTED_EDGE('',*,*,#3706,.T.);
#4839=ORIENTED_EDGE('',*,*,#3705,.F.);
#4840=ORIENTED_EDGE('',*,*,#3706,.F.);
#4841=ORIENTED_EDGE('',*,*,#3707,.T.);
#4842=ORIENTED_EDGE('',*,*,#3708,.T.);
#4843=ORIENTED_EDGE('',*,*,#3707,.F.);
#4844=ORIENTED_EDGE('',*,*,#3709,.T.);
#4845=ORIENTED_EDGE('',*,*,#3710,.T.);
#4846=ORIENTED_EDGE('',*,*,#3709,.F.);
#4847=ORIENTED_EDGE('',*,*,#3710,.F.);
#4848=ORIENTED_EDGE('',*,*,#3711,.T.);
#4849=ORIENTED_EDGE('',*,*,#3712,.T.);
#4850=ORIENTED_EDGE('',*,*,#3711,.F.);
#4851=ORIENTED_EDGE('',*,*,#3713,.T.);
#4852=ORIENTED_EDGE('',*,*,#3714,.T.);
#4853=ORIENTED_EDGE('',*,*,#3713,.F.);
#4854=ORIENTED_EDGE('',*,*,#3714,.F.);
#4855=ORIENTED_EDGE('',*,*,#3715,.T.);
#4856=ORIENTED_EDGE('',*,*,#3716,.T.);
#4857=ORIENTED_EDGE('',*,*,#3715,.F.);
#4858=ORIENTED_EDGE('',*,*,#3717,.T.);
#4859=ORIENTED_EDGE('',*,*,#3718,.T.);
#4860=ORIENTED_EDGE('',*,*,#3717,.F.);
#4861=ORIENTED_EDGE('',*,*,#3718,.F.);
#4862=ORIENTED_EDGE('',*,*,#3719,.T.);
#4863=ORIENTED_EDGE('',*,*,#3720,.T.);
#4864=ORIENTED_EDGE('',*,*,#3719,.F.);
#4865=ORIENTED_EDGE('',*,*,#3721,.T.);
#4866=ORIENTED_EDGE('',*,*,#3722,.T.);
#4867=ORIENTED_EDGE('',*,*,#3721,.F.);
#4868=ORIENTED_EDGE('',*,*,#3722,.F.);
#4869=ORIENTED_EDGE('',*,*,#3723,.T.);
#4870=ORIENTED_EDGE('',*,*,#3724,.T.);
#4871=ORIENTED_EDGE('',*,*,#3723,.F.);
#4872=ORIENTED_EDGE('',*,*,#3725,.T.);
#4873=ORIENTED_EDGE('',*,*,#3726,.T.);
#4874=ORIENTED_EDGE('',*,*,#3725,.F.);
#4875=ORIENTED_EDGE('',*,*,#3726,.F.);
#4876=ORIENTED_EDGE('',*,*,#3727,.T.);
#4877=ORIENTED_EDGE('',*,*,#3728,.T.);
#4878=ORIENTED_EDGE('',*,*,#3727,.F.);
#4879=ORIENTED_EDGE('',*,*,#3729,.T.);
#4880=ORIENTED_EDGE('',*,*,#3730,.T.);
#4881=ORIENTED_EDGE('',*,*,#3729,.F.);
#4882=ORIENTED_EDGE('',*,*,#3730,.F.);
#4883=ORIENTED_EDGE('',*,*,#3731,.T.);
#4884=ORIENTED_EDGE('',*,*,#3732,.T.);
#4885=ORIENTED_EDGE('',*,*,#3731,.F.);
#4886=ORIENTED_EDGE('',*,*,#3733,.T.);
#4887=ORIENTED_EDGE('',*,*,#3734,.T.);
#4888=ORIENTED_EDGE('',*,*,#3733,.F.);
#4889=ORIENTED_EDGE('',*,*,#3734,.F.);
#4890=ORIENTED_EDGE('',*,*,#3735,.T.);
#4891=ORIENTED_EDGE('',*,*,#3736,.T.);
#4892=ORIENTED_EDGE('',*,*,#3735,.F.);
#4893=ORIENTED_EDGE('',*,*,#3737,.F.);
#4894=ORIENTED_EDGE('',*,*,#3738,.T.);
#4895=ORIENTED_EDGE('',*,*,#3739,.F.);
#4896=ORIENTED_EDGE('',*,*,#3740,.F.);
#4897=ORIENTED_EDGE('',*,*,#3741,.F.);
#4898=ORIENTED_EDGE('',*,*,#3742,.T.);
#4899=ORIENTED_EDGE('',*,*,#3743,.T.);
#4900=ORIENTED_EDGE('',*,*,#3744,.T.);
#4901=ORIENTED_EDGE('',*,*,#3745,.T.);
#4902=ORIENTED_EDGE('',*,*,#3746,.F.);
#4903=ORIENTED_EDGE('',*,*,#3744,.F.);
#4904=ORIENTED_EDGE('',*,*,#3747,.T.);
#4905=ORIENTED_EDGE('',*,*,#3748,.T.);
#4906=ORIENTED_EDGE('',*,*,#3747,.F.);
#4907=ORIENTED_EDGE('',*,*,#3743,.F.);
#4908=ORIENTED_EDGE('',*,*,#3749,.T.);
#4909=ORIENTED_EDGE('',*,*,#3750,.T.);
#4910=ORIENTED_EDGE('',*,*,#3749,.F.);
#4911=ORIENTED_EDGE('',*,*,#3742,.F.);
#4912=ORIENTED_EDGE('',*,*,#3751,.T.);
#4913=ORIENTED_EDGE('',*,*,#3752,.F.);
#4914=ORIENTED_EDGE('',*,*,#3751,.F.);
#4915=ORIENTED_EDGE('',*,*,#3741,.T.);
#4916=ORIENTED_EDGE('',*,*,#3753,.T.);
#4917=ORIENTED_EDGE('',*,*,#3754,.F.);
#4918=ORIENTED_EDGE('',*,*,#3753,.F.);
#4919=ORIENTED_EDGE('',*,*,#3740,.T.);
#4920=ORIENTED_EDGE('',*,*,#3755,.T.);
#4921=ORIENTED_EDGE('',*,*,#3756,.F.);
#4922=ORIENTED_EDGE('',*,*,#3755,.F.);
#4923=ORIENTED_EDGE('',*,*,#3739,.T.);
#4924=ORIENTED_EDGE('',*,*,#3757,.T.);
#4925=ORIENTED_EDGE('',*,*,#3758,.T.);
#4926=ORIENTED_EDGE('',*,*,#3757,.F.);
#4927=ORIENTED_EDGE('',*,*,#3738,.F.);
#4928=ORIENTED_EDGE('',*,*,#3759,.T.);
#4929=ORIENTED_EDGE('',*,*,#3760,.F.);
#4930=ORIENTED_EDGE('',*,*,#3759,.F.);
#4931=ORIENTED_EDGE('',*,*,#3737,.T.);
#4932=ORIENTED_EDGE('',*,*,#3746,.T.);
#4933=ORIENTED_EDGE('',*,*,#3760,.T.);
#4934=ORIENTED_EDGE('',*,*,#3745,.F.);
#4935=ORIENTED_EDGE('',*,*,#3748,.F.);
#4936=ORIENTED_EDGE('',*,*,#3750,.F.);
#4937=ORIENTED_EDGE('',*,*,#3752,.T.);
#4938=ORIENTED_EDGE('',*,*,#3754,.T.);
#4939=ORIENTED_EDGE('',*,*,#3756,.T.);
#4940=ORIENTED_EDGE('',*,*,#3758,.F.);
#4941=ORIENTED_EDGE('',*,*,#3696,.F.);
#4942=ORIENTED_EDGE('',*,*,#3761,.T.);
#4943=ORIENTED_EDGE('',*,*,#3762,.T.);
#4944=ORIENTED_EDGE('',*,*,#3763,.T.);
#4945=ORIENTED_EDGE('',*,*,#3764,.T.);
#4946=ORIENTED_EDGE('',*,*,#3765,.T.);
#4947=ORIENTED_EDGE('',*,*,#3766,.T.);
#4948=ORIENTED_EDGE('',*,*,#3704,.F.);
#4949=ORIENTED_EDGE('',*,*,#3767,.T.);
#4950=ORIENTED_EDGE('',*,*,#3700,.F.);
#4951=ORIENTED_EDGE('',*,*,#3768,.T.);
#4952=ORIENTED_EDGE('',*,*,#3720,.F.);
#4953=ORIENTED_EDGE('',*,*,#3769,.T.);
#4954=ORIENTED_EDGE('',*,*,#3716,.F.);
#4955=ORIENTED_EDGE('',*,*,#3770,.T.);
#4956=ORIENTED_EDGE('',*,*,#3712,.F.);
#4957=ORIENTED_EDGE('',*,*,#3771,.T.);
#4958=ORIENTED_EDGE('',*,*,#3708,.F.);
#4959=ORIENTED_EDGE('',*,*,#3772,.T.);
#4960=ORIENTED_EDGE('',*,*,#3773,.F.);
#4961=ORIENTED_EDGE('',*,*,#3774,.F.);
#4962=ORIENTED_EDGE('',*,*,#3775,.F.);
#4963=ORIENTED_EDGE('',*,*,#3776,.F.);
#4964=ORIENTED_EDGE('',*,*,#3777,.F.);
#4965=ORIENTED_EDGE('',*,*,#3778,.F.);
#4966=ORIENTED_EDGE('',*,*,#3779,.F.);
#4967=ORIENTED_EDGE('',*,*,#3780,.F.);
#4968=ORIENTED_EDGE('',*,*,#3781,.F.);
#4969=ORIENTED_EDGE('',*,*,#3782,.F.);
#4970=ORIENTED_EDGE('',*,*,#3783,.F.);
#4971=ORIENTED_EDGE('',*,*,#3784,.F.);
#4972=ORIENTED_EDGE('',*,*,#3785,.T.);
#4973=ORIENTED_EDGE('',*,*,#3786,.T.);
#4974=ORIENTED_EDGE('',*,*,#3772,.F.);
#4975=ORIENTED_EDGE('',*,*,#3786,.F.);
#4976=ORIENTED_EDGE('',*,*,#3771,.F.);
#4977=ORIENTED_EDGE('',*,*,#3787,.T.);
#4978=ORIENTED_EDGE('',*,*,#3784,.T.);
#4979=ORIENTED_EDGE('',*,*,#3787,.F.);
#4980=ORIENTED_EDGE('',*,*,#3770,.F.);
#4981=ORIENTED_EDGE('',*,*,#3788,.T.);
#4982=ORIENTED_EDGE('',*,*,#3783,.T.);
#4983=ORIENTED_EDGE('',*,*,#3788,.F.);
#4984=ORIENTED_EDGE('',*,*,#3769,.F.);
#4985=ORIENTED_EDGE('',*,*,#3789,.T.);
#4986=ORIENTED_EDGE('',*,*,#3782,.T.);
#4987=ORIENTED_EDGE('',*,*,#3789,.F.);
#4988=ORIENTED_EDGE('',*,*,#3768,.F.);
#4989=ORIENTED_EDGE('',*,*,#3790,.T.);
#4990=ORIENTED_EDGE('',*,*,#3781,.T.);
#4991=ORIENTED_EDGE('',*,*,#3790,.F.);
#4992=ORIENTED_EDGE('',*,*,#3767,.F.);
#4993=ORIENTED_EDGE('',*,*,#3791,.T.);
#4994=ORIENTED_EDGE('',*,*,#3780,.T.);
#4995=ORIENTED_EDGE('',*,*,#3791,.F.);
#4996=ORIENTED_EDGE('',*,*,#3766,.F.);
#4997=ORIENTED_EDGE('',*,*,#3792,.T.);
#4998=ORIENTED_EDGE('',*,*,#3779,.T.);
#4999=ORIENTED_EDGE('',*,*,#3792,.F.);
#5000=ORIENTED_EDGE('',*,*,#3765,.F.);
#5001=ORIENTED_EDGE('',*,*,#3793,.T.);
#5002=ORIENTED_EDGE('',*,*,#3778,.T.);
#5003=ORIENTED_EDGE('',*,*,#3793,.F.);
#5004=ORIENTED_EDGE('',*,*,#3764,.F.);
#5005=ORIENTED_EDGE('',*,*,#3794,.T.);
#5006=ORIENTED_EDGE('',*,*,#3777,.T.);
#5007=ORIENTED_EDGE('',*,*,#3794,.F.);
#5008=ORIENTED_EDGE('',*,*,#3763,.F.);
#5009=ORIENTED_EDGE('',*,*,#3795,.T.);
#5010=ORIENTED_EDGE('',*,*,#3776,.T.);
#5011=ORIENTED_EDGE('',*,*,#3795,.F.);
#5012=ORIENTED_EDGE('',*,*,#3762,.F.);
#5013=ORIENTED_EDGE('',*,*,#3796,.T.);
#5014=ORIENTED_EDGE('',*,*,#3775,.T.);
#5015=ORIENTED_EDGE('',*,*,#3796,.F.);
#5016=ORIENTED_EDGE('',*,*,#3761,.F.);
#5017=ORIENTED_EDGE('',*,*,#3797,.T.);
#5018=ORIENTED_EDGE('',*,*,#3774,.T.);
#5019=ORIENTED_EDGE('',*,*,#3797,.F.);
#5020=ORIENTED_EDGE('',*,*,#3683,.F.);
#5021=ORIENTED_EDGE('',*,*,#3798,.T.);
#5022=ORIENTED_EDGE('',*,*,#3773,.T.);
#5023=ORIENTED_EDGE('',*,*,#3798,.F.);
#5024=ORIENTED_EDGE('',*,*,#3785,.F.);
#5025=ORIENTED_EDGE('',*,*,#3684,.T.);
#5026=ORIENTED_EDGE('',*,*,#3799,.T.);
#5027=ORIENTED_EDGE('',*,*,#3688,.F.);
#5028=ORIENTED_EDGE('',*,*,#3800,.T.);
#5029=ORIENTED_EDGE('',*,*,#3690,.T.);
#5030=ORIENTED_EDGE('',*,*,#3724,.F.);
#5031=ORIENTED_EDGE('',*,*,#3728,.F.);
#5032=ORIENTED_EDGE('',*,*,#3732,.F.);
#5033=ORIENTED_EDGE('',*,*,#3736,.F.);
#5034=ORIENTED_EDGE('',*,*,#3801,.F.);
#5035=ORIENTED_EDGE('',*,*,#3802,.T.);
#5036=ORIENTED_EDGE('',*,*,#3803,.T.);
#5037=ORIENTED_EDGE('',*,*,#3804,.F.);
#5038=ORIENTED_EDGE('',*,*,#3805,.T.);
#5039=ORIENTED_EDGE('',*,*,#3806,.T.);
#5040=ORIENTED_EDGE('',*,*,#3807,.T.);
#5041=ORIENTED_EDGE('',*,*,#3808,.F.);
#5042=ORIENTED_EDGE('',*,*,#3809,.F.);
#5043=ORIENTED_EDGE('',*,*,#3810,.F.);
#5044=ORIENTED_EDGE('',*,*,#3811,.F.);
#5045=ORIENTED_EDGE('',*,*,#3812,.F.);
#5046=ORIENTED_EDGE('',*,*,#3813,.T.);
#5047=ORIENTED_EDGE('',*,*,#3814,.F.);
#5048=ORIENTED_EDGE('',*,*,#3815,.T.);
#5049=ORIENTED_EDGE('',*,*,#3816,.F.);
#5050=ORIENTED_EDGE('',*,*,#3817,.T.);
#5051=ORIENTED_EDGE('',*,*,#3814,.T.);
#5052=ORIENTED_EDGE('',*,*,#3817,.F.);
#5053=ORIENTED_EDGE('',*,*,#3813,.F.);
#5054=ORIENTED_EDGE('',*,*,#3818,.T.);
#5055=ORIENTED_EDGE('',*,*,#3819,.T.);
#5056=ORIENTED_EDGE('',*,*,#3808,.T.);
#5057=ORIENTED_EDGE('',*,*,#3820,.T.);
#5058=ORIENTED_EDGE('',*,*,#3818,.F.);
#5059=ORIENTED_EDGE('',*,*,#3806,.F.);
#5060=ORIENTED_EDGE('',*,*,#3821,.F.);
#5061=ORIENTED_EDGE('',*,*,#3822,.T.);
#5062=ORIENTED_EDGE('',*,*,#3804,.T.);
#5063=ORIENTED_EDGE('',*,*,#3822,.F.);
#5064=ORIENTED_EDGE('',*,*,#3823,.F.);
#5065=ORIENTED_EDGE('',*,*,#3803,.F.);
#5066=ORIENTED_EDGE('',*,*,#3824,.T.);
#5067=ORIENTED_EDGE('',*,*,#3801,.T.);
#5068=ORIENTED_EDGE('',*,*,#3824,.F.);
#5069=ORIENTED_EDGE('',*,*,#3802,.F.);
#5070=ORIENTED_EDGE('',*,*,#3825,.T.);
#5071=ORIENTED_EDGE('',*,*,#3826,.T.);
#5072=ORIENTED_EDGE('',*,*,#3825,.F.);
#5073=ORIENTED_EDGE('',*,*,#3827,.T.);
#5074=ORIENTED_EDGE('',*,*,#3828,.T.);
#5075=ORIENTED_EDGE('',*,*,#3827,.F.);
#5076=ORIENTED_EDGE('',*,*,#3828,.F.);
#5077=ORIENTED_EDGE('',*,*,#3829,.T.);
#5078=ORIENTED_EDGE('',*,*,#3830,.T.);
#5079=ORIENTED_EDGE('',*,*,#3829,.F.);
#5080=ORIENTED_EDGE('',*,*,#3831,.T.);
#5081=ORIENTED_EDGE('',*,*,#3832,.T.);
#5082=ORIENTED_EDGE('',*,*,#3831,.F.);
#5083=ORIENTED_EDGE('',*,*,#3832,.F.);
#5084=ORIENTED_EDGE('',*,*,#3833,.T.);
#5085=ORIENTED_EDGE('',*,*,#3834,.T.);
#5086=ORIENTED_EDGE('',*,*,#3833,.F.);
#5087=ORIENTED_EDGE('',*,*,#3835,.T.);
#5088=ORIENTED_EDGE('',*,*,#3836,.T.);
#5089=ORIENTED_EDGE('',*,*,#3835,.F.);
#5090=ORIENTED_EDGE('',*,*,#3836,.F.);
#5091=ORIENTED_EDGE('',*,*,#3837,.T.);
#5092=ORIENTED_EDGE('',*,*,#3838,.T.);
#5093=ORIENTED_EDGE('',*,*,#3837,.F.);
#5094=ORIENTED_EDGE('',*,*,#3839,.T.);
#5095=ORIENTED_EDGE('',*,*,#3840,.T.);
#5096=ORIENTED_EDGE('',*,*,#3839,.F.);
#5097=ORIENTED_EDGE('',*,*,#3840,.F.);
#5098=ORIENTED_EDGE('',*,*,#3841,.T.);
#5099=ORIENTED_EDGE('',*,*,#3842,.T.);
#5100=ORIENTED_EDGE('',*,*,#3841,.F.);
#5101=ORIENTED_EDGE('',*,*,#3843,.T.);
#5102=ORIENTED_EDGE('',*,*,#3844,.T.);
#5103=ORIENTED_EDGE('',*,*,#3843,.F.);
#5104=ORIENTED_EDGE('',*,*,#3844,.F.);
#5105=ORIENTED_EDGE('',*,*,#3845,.T.);
#5106=ORIENTED_EDGE('',*,*,#3846,.T.);
#5107=ORIENTED_EDGE('',*,*,#3845,.F.);
#5108=ORIENTED_EDGE('',*,*,#3847,.T.);
#5109=ORIENTED_EDGE('',*,*,#3848,.T.);
#5110=ORIENTED_EDGE('',*,*,#3847,.F.);
#5111=ORIENTED_EDGE('',*,*,#3848,.F.);
#5112=ORIENTED_EDGE('',*,*,#3849,.T.);
#5113=ORIENTED_EDGE('',*,*,#3850,.T.);
#5114=ORIENTED_EDGE('',*,*,#3849,.F.);
#5115=ORIENTED_EDGE('',*,*,#3851,.T.);
#5116=ORIENTED_EDGE('',*,*,#3852,.T.);
#5117=ORIENTED_EDGE('',*,*,#3851,.F.);
#5118=ORIENTED_EDGE('',*,*,#3852,.F.);
#5119=ORIENTED_EDGE('',*,*,#3853,.T.);
#5120=ORIENTED_EDGE('',*,*,#3812,.T.);
#5121=ORIENTED_EDGE('',*,*,#3853,.F.);
#5122=ORIENTED_EDGE('',*,*,#3854,.T.);
#5123=ORIENTED_EDGE('',*,*,#3855,.T.);
#5124=ORIENTED_EDGE('',*,*,#3854,.F.);
#5125=ORIENTED_EDGE('',*,*,#3855,.F.);
#5126=ORIENTED_EDGE('',*,*,#3856,.T.);
#5127=ORIENTED_EDGE('',*,*,#3811,.T.);
#5128=ORIENTED_EDGE('',*,*,#3856,.F.);
#5129=ORIENTED_EDGE('',*,*,#3857,.T.);
#5130=ORIENTED_EDGE('',*,*,#3858,.T.);
#5131=ORIENTED_EDGE('',*,*,#3857,.F.);
#5132=ORIENTED_EDGE('',*,*,#3858,.F.);
#5133=ORIENTED_EDGE('',*,*,#3859,.T.);
#5134=ORIENTED_EDGE('',*,*,#3810,.T.);
#5135=ORIENTED_EDGE('',*,*,#3859,.F.);
#5136=ORIENTED_EDGE('',*,*,#3860,.T.);
#5137=ORIENTED_EDGE('',*,*,#3861,.T.);
#5138=ORIENTED_EDGE('',*,*,#3860,.F.);
#5139=ORIENTED_EDGE('',*,*,#3861,.F.);
#5140=ORIENTED_EDGE('',*,*,#3862,.T.);
#5141=ORIENTED_EDGE('',*,*,#3809,.T.);
#5142=ORIENTED_EDGE('',*,*,#3862,.F.);
#5143=ORIENTED_EDGE('',*,*,#3863,.F.);
#5144=ORIENTED_EDGE('',*,*,#3864,.T.);
#5145=ORIENTED_EDGE('',*,*,#3865,.F.);
#5146=ORIENTED_EDGE('',*,*,#3866,.F.);
#5147=ORIENTED_EDGE('',*,*,#3867,.F.);
#5148=ORIENTED_EDGE('',*,*,#3868,.T.);
#5149=ORIENTED_EDGE('',*,*,#3869,.T.);
#5150=ORIENTED_EDGE('',*,*,#3870,.T.);
#5151=ORIENTED_EDGE('',*,*,#3871,.T.);
#5152=ORIENTED_EDGE('',*,*,#3872,.F.);
#5153=ORIENTED_EDGE('',*,*,#3870,.F.);
#5154=ORIENTED_EDGE('',*,*,#3873,.T.);
#5155=ORIENTED_EDGE('',*,*,#3874,.T.);
#5156=ORIENTED_EDGE('',*,*,#3873,.F.);
#5157=ORIENTED_EDGE('',*,*,#3869,.F.);
#5158=ORIENTED_EDGE('',*,*,#3875,.T.);
#5159=ORIENTED_EDGE('',*,*,#3876,.T.);
#5160=ORIENTED_EDGE('',*,*,#3875,.F.);
#5161=ORIENTED_EDGE('',*,*,#3868,.F.);
#5162=ORIENTED_EDGE('',*,*,#3877,.T.);
#5163=ORIENTED_EDGE('',*,*,#3878,.F.);
#5164=ORIENTED_EDGE('',*,*,#3877,.F.);
#5165=ORIENTED_EDGE('',*,*,#3867,.T.);
#5166=ORIENTED_EDGE('',*,*,#3879,.T.);
#5167=ORIENTED_EDGE('',*,*,#3880,.F.);
#5168=ORIENTED_EDGE('',*,*,#3879,.F.);
#5169=ORIENTED_EDGE('',*,*,#3866,.T.);
#5170=ORIENTED_EDGE('',*,*,#3881,.T.);
#5171=ORIENTED_EDGE('',*,*,#3882,.F.);
#5172=ORIENTED_EDGE('',*,*,#3881,.F.);
#5173=ORIENTED_EDGE('',*,*,#3865,.T.);
#5174=ORIENTED_EDGE('',*,*,#3883,.T.);
#5175=ORIENTED_EDGE('',*,*,#3884,.T.);
#5176=ORIENTED_EDGE('',*,*,#3883,.F.);
#5177=ORIENTED_EDGE('',*,*,#3864,.F.);
#5178=ORIENTED_EDGE('',*,*,#3885,.T.);
#5179=ORIENTED_EDGE('',*,*,#3886,.F.);
#5180=ORIENTED_EDGE('',*,*,#3885,.F.);
#5181=ORIENTED_EDGE('',*,*,#3863,.T.);
#5182=ORIENTED_EDGE('',*,*,#3872,.T.);
#5183=ORIENTED_EDGE('',*,*,#3886,.T.);
#5184=ORIENTED_EDGE('',*,*,#3871,.F.);
#5185=ORIENTED_EDGE('',*,*,#3874,.F.);
#5186=ORIENTED_EDGE('',*,*,#3876,.F.);
#5187=ORIENTED_EDGE('',*,*,#3878,.T.);
#5188=ORIENTED_EDGE('',*,*,#3880,.T.);
#5189=ORIENTED_EDGE('',*,*,#3882,.T.);
#5190=ORIENTED_EDGE('',*,*,#3884,.F.);
#5191=ORIENTED_EDGE('',*,*,#3826,.F.);
#5192=ORIENTED_EDGE('',*,*,#3887,.T.);
#5193=ORIENTED_EDGE('',*,*,#3888,.T.);
#5194=ORIENTED_EDGE('',*,*,#3889,.T.);
#5195=ORIENTED_EDGE('',*,*,#3890,.T.);
#5196=ORIENTED_EDGE('',*,*,#3891,.T.);
#5197=ORIENTED_EDGE('',*,*,#3892,.T.);
#5198=ORIENTED_EDGE('',*,*,#3838,.F.);
#5199=ORIENTED_EDGE('',*,*,#3893,.T.);
#5200=ORIENTED_EDGE('',*,*,#3842,.F.);
#5201=ORIENTED_EDGE('',*,*,#3894,.T.);
#5202=ORIENTED_EDGE('',*,*,#3846,.F.);
#5203=ORIENTED_EDGE('',*,*,#3895,.T.);
#5204=ORIENTED_EDGE('',*,*,#3850,.F.);
#5205=ORIENTED_EDGE('',*,*,#3896,.T.);
#5206=ORIENTED_EDGE('',*,*,#3830,.F.);
#5207=ORIENTED_EDGE('',*,*,#3897,.T.);
#5208=ORIENTED_EDGE('',*,*,#3834,.F.);
#5209=ORIENTED_EDGE('',*,*,#3898,.F.);
#5210=ORIENTED_EDGE('',*,*,#3899,.T.);
#5211=ORIENTED_EDGE('',*,*,#3900,.T.);
#5212=ORIENTED_EDGE('',*,*,#3901,.T.);
#5213=ORIENTED_EDGE('',*,*,#3902,.T.);
#5214=ORIENTED_EDGE('',*,*,#3903,.T.);
#5215=ORIENTED_EDGE('',*,*,#3904,.T.);
#5216=ORIENTED_EDGE('',*,*,#3905,.T.);
#5217=ORIENTED_EDGE('',*,*,#3906,.T.);
#5218=ORIENTED_EDGE('',*,*,#3907,.T.);
#5219=ORIENTED_EDGE('',*,*,#3908,.T.);
#5220=ORIENTED_EDGE('',*,*,#3909,.T.);
#5221=ORIENTED_EDGE('',*,*,#3910,.T.);
#5222=ORIENTED_EDGE('',*,*,#3898,.T.);
#5223=ORIENTED_EDGE('',*,*,#3911,.T.);
#5224=ORIENTED_EDGE('',*,*,#3912,.F.);
#5225=ORIENTED_EDGE('',*,*,#3911,.F.);
#5226=ORIENTED_EDGE('',*,*,#3910,.F.);
#5227=ORIENTED_EDGE('',*,*,#3913,.T.);
#5228=ORIENTED_EDGE('',*,*,#3897,.F.);
#5229=ORIENTED_EDGE('',*,*,#3913,.F.);
#5230=ORIENTED_EDGE('',*,*,#3909,.F.);
#5231=ORIENTED_EDGE('',*,*,#3914,.T.);
#5232=ORIENTED_EDGE('',*,*,#3896,.F.);
#5233=ORIENTED_EDGE('',*,*,#3914,.F.);
#5234=ORIENTED_EDGE('',*,*,#3908,.F.);
#5235=ORIENTED_EDGE('',*,*,#3915,.T.);
#5236=ORIENTED_EDGE('',*,*,#3895,.F.);
#5237=ORIENTED_EDGE('',*,*,#3915,.F.);
#5238=ORIENTED_EDGE('',*,*,#3907,.F.);
#5239=ORIENTED_EDGE('',*,*,#3916,.T.);
#5240=ORIENTED_EDGE('',*,*,#3894,.F.);
#5241=ORIENTED_EDGE('',*,*,#3916,.F.);
#5242=ORIENTED_EDGE('',*,*,#3906,.F.);
#5243=ORIENTED_EDGE('',*,*,#3917,.T.);
#5244=ORIENTED_EDGE('',*,*,#3893,.F.);
#5245=ORIENTED_EDGE('',*,*,#3917,.F.);
#5246=ORIENTED_EDGE('',*,*,#3905,.F.);
#5247=ORIENTED_EDGE('',*,*,#3918,.T.);
#5248=ORIENTED_EDGE('',*,*,#3892,.F.);
#5249=ORIENTED_EDGE('',*,*,#3918,.F.);
#5250=ORIENTED_EDGE('',*,*,#3904,.F.);
#5251=ORIENTED_EDGE('',*,*,#3919,.T.);
#5252=ORIENTED_EDGE('',*,*,#3891,.F.);
#5253=ORIENTED_EDGE('',*,*,#3919,.F.);
#5254=ORIENTED_EDGE('',*,*,#3903,.F.);
#5255=ORIENTED_EDGE('',*,*,#3920,.T.);
#5256=ORIENTED_EDGE('',*,*,#3890,.F.);
#5257=ORIENTED_EDGE('',*,*,#3920,.F.);
#5258=ORIENTED_EDGE('',*,*,#3902,.F.);
#5259=ORIENTED_EDGE('',*,*,#3921,.T.);
#5260=ORIENTED_EDGE('',*,*,#3889,.F.);
#5261=ORIENTED_EDGE('',*,*,#3921,.F.);
#5262=ORIENTED_EDGE('',*,*,#3901,.F.);
#5263=ORIENTED_EDGE('',*,*,#3922,.T.);
#5264=ORIENTED_EDGE('',*,*,#3888,.F.);
#5265=ORIENTED_EDGE('',*,*,#3922,.F.);
#5266=ORIENTED_EDGE('',*,*,#3900,.F.);
#5267=ORIENTED_EDGE('',*,*,#3923,.T.);
#5268=ORIENTED_EDGE('',*,*,#3887,.F.);
#5269=ORIENTED_EDGE('',*,*,#3923,.F.);
#5270=ORIENTED_EDGE('',*,*,#3899,.F.);
#5271=ORIENTED_EDGE('',*,*,#3924,.T.);
#5272=ORIENTED_EDGE('',*,*,#3815,.F.);
#5273=ORIENTED_EDGE('',*,*,#3924,.F.);
#5274=ORIENTED_EDGE('',*,*,#3912,.T.);
#5275=ORIENTED_EDGE('',*,*,#3816,.T.);
#5276=ORIENTED_EDGE('',*,*,#3925,.F.);
#5277=ORIENTED_EDGE('',*,*,#3926,.F.);
#5278=ORIENTED_EDGE('',*,*,#3927,.F.);
#5279=ORIENTED_EDGE('',*,*,#3928,.F.);
#5280=ORIENTED_EDGE('',*,*,#3929,.T.);
#5281=ORIENTED_EDGE('',*,*,#3930,.T.);
#5282=ORIENTED_EDGE('',*,*,#3931,.F.);
#5283=ORIENTED_EDGE('',*,*,#3932,.F.);
#5284=ORIENTED_EDGE('',*,*,#3933,.T.);
#5285=ORIENTED_EDGE('',*,*,#3934,.T.);
#5286=ORIENTED_EDGE('',*,*,#3929,.F.);
#5287=ORIENTED_EDGE('',*,*,#3935,.F.);
#5288=ORIENTED_EDGE('',*,*,#3936,.T.);
#5289=ORIENTED_EDGE('',*,*,#3937,.T.);
#5290=ORIENTED_EDGE('',*,*,#3933,.F.);
#5291=ORIENTED_EDGE('',*,*,#3938,.F.);
#5292=ORIENTED_EDGE('',*,*,#3939,.T.);
#5293=ORIENTED_EDGE('',*,*,#3940,.T.);
#5294=ORIENTED_EDGE('',*,*,#3936,.F.);
#5295=ORIENTED_EDGE('',*,*,#3941,.F.);
#5296=ORIENTED_EDGE('',*,*,#3942,.F.);
#5297=ORIENTED_EDGE('',*,*,#3928,.T.);
#5298=ORIENTED_EDGE('',*,*,#3943,.T.);
#5299=ORIENTED_EDGE('',*,*,#3939,.F.);
#5300=ORIENTED_EDGE('',*,*,#3944,.T.);
#5301=ORIENTED_EDGE('',*,*,#3926,.T.);
#5302=ORIENTED_EDGE('',*,*,#3945,.F.);
#5303=ORIENTED_EDGE('',*,*,#3946,.T.);
#5304=ORIENTED_EDGE('',*,*,#3947,.T.);
#5305=ORIENTED_EDGE('',*,*,#3948,.T.);
#5306=ORIENTED_EDGE('',*,*,#3946,.F.);
#5307=ORIENTED_EDGE('',*,*,#3949,.F.);
#5308=ORIENTED_EDGE('',*,*,#3950,.T.);
#5309=ORIENTED_EDGE('',*,*,#3951,.T.);
#5310=ORIENTED_EDGE('',*,*,#3947,.F.);
#5311=ORIENTED_EDGE('',*,*,#3952,.F.);
#5312=ORIENTED_EDGE('',*,*,#3953,.T.);
#5313=ORIENTED_EDGE('',*,*,#3954,.T.);
#5314=ORIENTED_EDGE('',*,*,#3950,.F.);
#5315=ORIENTED_EDGE('',*,*,#3955,.F.);
#5316=ORIENTED_EDGE('',*,*,#3956,.T.);
#5317=ORIENTED_EDGE('',*,*,#3957,.T.);
#5318=ORIENTED_EDGE('',*,*,#3953,.F.);
#5319=ORIENTED_EDGE('',*,*,#3958,.F.);
#5320=ORIENTED_EDGE('',*,*,#3959,.F.);
#5321=ORIENTED_EDGE('',*,*,#3960,.F.);
#5322=ORIENTED_EDGE('',*,*,#3961,.F.);
#5323=ORIENTED_EDGE('',*,*,#3962,.F.);
#5324=ORIENTED_EDGE('',*,*,#3963,.F.);
#5325=ORIENTED_EDGE('',*,*,#3964,.T.);
#5326=ORIENTED_EDGE('',*,*,#3965,.F.);
#5327=ORIENTED_EDGE('',*,*,#3966,.F.);
#5328=ORIENTED_EDGE('',*,*,#3967,.F.);
#5329=ORIENTED_EDGE('',*,*,#3968,.F.);
#5330=ORIENTED_EDGE('',*,*,#3969,.T.);
#5331=ORIENTED_EDGE('',*,*,#3970,.F.);
#5332=ORIENTED_EDGE('',*,*,#3807,.F.);
#5333=ORIENTED_EDGE('',*,*,#3971,.T.);
#5334=ORIENTED_EDGE('',*,*,#3972,.T.);
#5335=ORIENTED_EDGE('',*,*,#3805,.F.);
#5336=ORIENTED_EDGE('',*,*,#3973,.T.);
#5337=ORIENTED_EDGE('',*,*,#3974,.F.);
#5338=ORIENTED_EDGE('',*,*,#3975,.T.);
#5339=ORIENTED_EDGE('',*,*,#3976,.T.);
#5340=ORIENTED_EDGE('',*,*,#3977,.F.);
#5341=ORIENTED_EDGE('',*,*,#3978,.F.);
#5342=ORIENTED_EDGE('',*,*,#3978,.T.);
#5343=ORIENTED_EDGE('',*,*,#3979,.T.);
#5344=ORIENTED_EDGE('',*,*,#3980,.F.);
#5345=ORIENTED_EDGE('',*,*,#3981,.F.);
#5346=ORIENTED_EDGE('',*,*,#3980,.T.);
#5347=ORIENTED_EDGE('',*,*,#3659,.T.);
#5348=ORIENTED_EDGE('',*,*,#3982,.F.);
#5349=ORIENTED_EDGE('',*,*,#3983,.F.);
#5350=ORIENTED_EDGE('',*,*,#3982,.T.);
#5351=ORIENTED_EDGE('',*,*,#3984,.T.);
#5352=ORIENTED_EDGE('',*,*,#3985,.F.);
#5353=ORIENTED_EDGE('',*,*,#3986,.F.);
#5354=ORIENTED_EDGE('',*,*,#3985,.T.);
#5355=ORIENTED_EDGE('',*,*,#3987,.T.);
#5356=ORIENTED_EDGE('',*,*,#3988,.F.);
#5357=ORIENTED_EDGE('',*,*,#3989,.F.);
#5358=ORIENTED_EDGE('',*,*,#3988,.T.);
#5359=ORIENTED_EDGE('',*,*,#3990,.T.);
#5360=ORIENTED_EDGE('',*,*,#3991,.F.);
#5361=ORIENTED_EDGE('',*,*,#3992,.F.);
#5362=ORIENTED_EDGE('',*,*,#3993,.T.);
#5363=ORIENTED_EDGE('',*,*,#3991,.T.);
#5364=ORIENTED_EDGE('',*,*,#3994,.F.);
#5365=ORIENTED_EDGE('',*,*,#3995,.F.);
#5366=ORIENTED_EDGE('',*,*,#3995,.T.);
#5367=ORIENTED_EDGE('',*,*,#3996,.T.);
#5368=ORIENTED_EDGE('',*,*,#3976,.F.);
#5369=ORIENTED_EDGE('',*,*,#3997,.F.);
#5370=ORIENTED_EDGE('',*,*,#3998,.F.);
#5371=ORIENTED_EDGE('',*,*,#3999,.T.);
#5372=ORIENTED_EDGE('',*,*,#4000,.T.);
#5373=ORIENTED_EDGE('',*,*,#4001,.T.);
#5374=ORIENTED_EDGE('',*,*,#3820,.F.);
#5375=ORIENTED_EDGE('',*,*,#3970,.T.);
#5376=ORIENTED_EDGE('',*,*,#4002,.T.);
#5377=ORIENTED_EDGE('',*,*,#3973,.F.);
#5378=ORIENTED_EDGE('',*,*,#3819,.F.);
#5379=ORIENTED_EDGE('',*,*,#4003,.F.);
#5380=ORIENTED_EDGE('',*,*,#4004,.F.);
#5381=ORIENTED_EDGE('',*,*,#4005,.T.);
#5382=ORIENTED_EDGE('',*,*,#4006,.T.);
#5383=ORIENTED_EDGE('',*,*,#4007,.F.);
#5384=ORIENTED_EDGE('',*,*,#4008,.T.);
#5385=ORIENTED_EDGE('',*,*,#4009,.F.);
#5386=ORIENTED_EDGE('',*,*,#3964,.F.);
#5387=ORIENTED_EDGE('',*,*,#3971,.F.);
#5388=ORIENTED_EDGE('',*,*,#4010,.F.);
#5389=ORIENTED_EDGE('',*,*,#4011,.F.);
#5390=ORIENTED_EDGE('',*,*,#4012,.T.);
#5391=ORIENTED_EDGE('',*,*,#4013,.F.);
#5392=ORIENTED_EDGE('',*,*,#3968,.T.);
#5393=ORIENTED_EDGE('',*,*,#3962,.T.);
#5394=ORIENTED_EDGE('',*,*,#4014,.F.);
#5395=ORIENTED_EDGE('',*,*,#4015,.T.);
#5396=ORIENTED_EDGE('',*,*,#4016,.F.);
#5397=ORIENTED_EDGE('',*,*,#4017,.F.);
#5398=ORIENTED_EDGE('',*,*,#4018,.F.);
#5399=ORIENTED_EDGE('',*,*,#4019,.T.);
#5400=ORIENTED_EDGE('',*,*,#4020,.T.);
#5401=ORIENTED_EDGE('',*,*,#4021,.T.);
#5402=ORIENTED_EDGE('',*,*,#4022,.T.);
#5403=ORIENTED_EDGE('',*,*,#4007,.T.);
#5404=ORIENTED_EDGE('',*,*,#4023,.T.);
#5405=ORIENTED_EDGE('',*,*,#4019,.F.);
#5406=ORIENTED_EDGE('',*,*,#4024,.T.);
#5407=ORIENTED_EDGE('',*,*,#4016,.T.);
#5408=ORIENTED_EDGE('',*,*,#4025,.T.);
#5409=ORIENTED_EDGE('',*,*,#3998,.T.);
#5410=ORIENTED_EDGE('',*,*,#4026,.T.);
#5411=ORIENTED_EDGE('',*,*,#3660,.T.);
#5412=ORIENTED_EDGE('',*,*,#3979,.F.);
#5413=ORIENTED_EDGE('',*,*,#3977,.T.);
#5414=ORIENTED_EDGE('',*,*,#3996,.F.);
#5415=ORIENTED_EDGE('',*,*,#3994,.T.);
#5416=ORIENTED_EDGE('',*,*,#3990,.F.);
#5417=ORIENTED_EDGE('',*,*,#3987,.F.);
#5418=ORIENTED_EDGE('',*,*,#3984,.F.);
#5419=ORIENTED_EDGE('',*,*,#3658,.T.);
#5420=ORIENTED_EDGE('',*,*,#3637,.T.);
#5421=ORIENTED_EDGE('',*,*,#3672,.T.);
#5422=ORIENTED_EDGE('',*,*,#3669,.T.);
#5423=ORIENTED_EDGE('',*,*,#3649,.T.);
#5424=ORIENTED_EDGE('',*,*,#3666,.T.);
#5425=ORIENTED_EDGE('',*,*,#3661,.T.);
#5426=ORIENTED_EDGE('',*,*,#3642,.T.);
#5427=ORIENTED_EDGE('',*,*,#4027,.F.);
#5428=ORIENTED_EDGE('',*,*,#4028,.T.);
#5429=ORIENTED_EDGE('',*,*,#4004,.T.);
#5430=ORIENTED_EDGE('',*,*,#4029,.T.);
#5431=ORIENTED_EDGE('',*,*,#3958,.T.);
#5432=ORIENTED_EDGE('',*,*,#3955,.T.);
#5433=ORIENTED_EDGE('',*,*,#3952,.T.);
#5434=ORIENTED_EDGE('',*,*,#3949,.T.);
#5435=ORIENTED_EDGE('',*,*,#3945,.T.);
#5436=ORIENTED_EDGE('',*,*,#3925,.T.);
#5437=ORIENTED_EDGE('',*,*,#3942,.T.);
#5438=ORIENTED_EDGE('',*,*,#3941,.T.);
#5439=ORIENTED_EDGE('',*,*,#3938,.T.);
#5440=ORIENTED_EDGE('',*,*,#3935,.T.);
#5441=ORIENTED_EDGE('',*,*,#3932,.T.);
#5442=ORIENTED_EDGE('',*,*,#4030,.T.);
#5443=ORIENTED_EDGE('',*,*,#4011,.T.);
#5444=ORIENTED_EDGE('',*,*,#4031,.F.);
#5445=ORIENTED_EDGE('',*,*,#4032,.T.);
#5446=ORIENTED_EDGE('',*,*,#3428,.T.);
#5447=ORIENTED_EDGE('',*,*,#4033,.T.);
#5448=ORIENTED_EDGE('',*,*,#3449,.T.);
#5449=ORIENTED_EDGE('',*,*,#4034,.T.);
#5450=ORIENTED_EDGE('',*,*,#3515,.T.);
#5451=ORIENTED_EDGE('',*,*,#4035,.T.);
#5452=ORIENTED_EDGE('',*,*,#3536,.T.);
#5453=ORIENTED_EDGE('',*,*,#3557,.T.);
#5454=ORIENTED_EDGE('',*,*,#3993,.F.);
#5455=ORIENTED_EDGE('',*,*,#3997,.T.);
#5456=ORIENTED_EDGE('',*,*,#3975,.F.);
#5457=ORIENTED_EDGE('',*,*,#3981,.T.);
#5458=ORIENTED_EDGE('',*,*,#3983,.T.);
#5459=ORIENTED_EDGE('',*,*,#3986,.T.);
#5460=ORIENTED_EDGE('',*,*,#3989,.T.);
#5461=ORIENTED_EDGE('',*,*,#3992,.T.);
#5462=ORIENTED_EDGE('',*,*,#3823,.T.);
#5463=ORIENTED_EDGE('',*,*,#3821,.T.);
#5464=ORIENTED_EDGE('',*,*,#3972,.F.);
#5465=ORIENTED_EDGE('',*,*,#3963,.T.);
#5466=ORIENTED_EDGE('',*,*,#4036,.T.);
#5467=ORIENTED_EDGE('',*,*,#3959,.T.);
#5468=ORIENTED_EDGE('',*,*,#3967,.T.);
#5469=ORIENTED_EDGE('',*,*,#4037,.F.);
#5470=ORIENTED_EDGE('',*,*,#3965,.T.);
#5471=ORIENTED_EDGE('',*,*,#4009,.T.);
#5472=ORIENTED_EDGE('',*,*,#4038,.T.);
#5473=ORIENTED_EDGE('',*,*,#4000,.F.);
#5474=ORIENTED_EDGE('',*,*,#4039,.T.);
#5475=ORIENTED_EDGE('',*,*,#4014,.T.);
#5476=ORIENTED_EDGE('',*,*,#3961,.T.);
#5477=ORIENTED_EDGE('',*,*,#3943,.F.);
#5478=ORIENTED_EDGE('',*,*,#3927,.T.);
#5479=ORIENTED_EDGE('',*,*,#3944,.F.);
#5480=ORIENTED_EDGE('',*,*,#3948,.F.);
#5481=ORIENTED_EDGE('',*,*,#3951,.F.);
#5482=ORIENTED_EDGE('',*,*,#3954,.F.);
#5483=ORIENTED_EDGE('',*,*,#3957,.F.);
#5484=ORIENTED_EDGE('',*,*,#4040,.F.);
#5485=ORIENTED_EDGE('',*,*,#4010,.T.);
#5486=ORIENTED_EDGE('',*,*,#3974,.T.);
#5487=ORIENTED_EDGE('',*,*,#4002,.F.);
#5488=ORIENTED_EDGE('',*,*,#3969,.F.);
#5489=ORIENTED_EDGE('',*,*,#4013,.T.);
#5490=ORIENTED_EDGE('',*,*,#4041,.F.);
#5491=ORIENTED_EDGE('',*,*,#3930,.F.);
#5492=ORIENTED_EDGE('',*,*,#3934,.F.);
#5493=ORIENTED_EDGE('',*,*,#3937,.F.);
#5494=ORIENTED_EDGE('',*,*,#3940,.F.);
#5495=ORIENTED_EDGE('',*,*,#4042,.T.);
#5496=ORIENTED_EDGE('',*,*,#3470,.T.);
#5497=ORIENTED_EDGE('',*,*,#4043,.T.);
#5498=ORIENTED_EDGE('',*,*,#3491,.T.);
#5499=ORIENTED_EDGE('',*,*,#4044,.T.);
#5500=ORIENTED_EDGE('',*,*,#4037,.T.);
#5501=ORIENTED_EDGE('',*,*,#3960,.T.);
#5502=ORIENTED_EDGE('',*,*,#4036,.F.);
#5503=ORIENTED_EDGE('',*,*,#3966,.T.);
#5504=ORIENTED_EDGE('',*,*,#4027,.T.);
#5505=ORIENTED_EDGE('',*,*,#4045,.F.);
#5506=ORIENTED_EDGE('',*,*,#3687,.F.);
#5507=ORIENTED_EDGE('',*,*,#3689,.F.);
#5508=ORIENTED_EDGE('',*,*,#4046,.T.);
#5509=ORIENTED_EDGE('',*,*,#4039,.F.);
#5510=ORIENTED_EDGE('',*,*,#3999,.F.);
#5511=ORIENTED_EDGE('',*,*,#4025,.F.);
#5512=ORIENTED_EDGE('',*,*,#4015,.F.);
#5513=ORIENTED_EDGE('',*,*,#4038,.F.);
#5514=ORIENTED_EDGE('',*,*,#4008,.F.);
#5515=ORIENTED_EDGE('',*,*,#4026,.F.);
#5516=ORIENTED_EDGE('',*,*,#4001,.F.);
#5517=ORIENTED_EDGE('',*,*,#3800,.F.);
#5518=ORIENTED_EDGE('',*,*,#4045,.T.);
#5519=ORIENTED_EDGE('',*,*,#4031,.T.);
#5520=ORIENTED_EDGE('',*,*,#4018,.T.);
#5521=ORIENTED_EDGE('',*,*,#4047,.F.);
#5522=ORIENTED_EDGE('',*,*,#3799,.F.);
#5523=ORIENTED_EDGE('',*,*,#4048,.T.);
#5524=ORIENTED_EDGE('',*,*,#4005,.F.);
#5525=ORIENTED_EDGE('',*,*,#4028,.F.);
#5526=ORIENTED_EDGE('',*,*,#4046,.F.);
#5527=ORIENTED_EDGE('',*,*,#4023,.F.);
#5528=ORIENTED_EDGE('',*,*,#4006,.F.);
#5529=ORIENTED_EDGE('',*,*,#4049,.F.);
#5530=ORIENTED_EDGE('',*,*,#4020,.F.);
#5531=ORIENTED_EDGE('',*,*,#4024,.F.);
#5532=ORIENTED_EDGE('',*,*,#4022,.F.);
#5533=ORIENTED_EDGE('',*,*,#4050,.F.);
#5534=ORIENTED_EDGE('',*,*,#4017,.T.);
#5535=ORIENTED_EDGE('',*,*,#4029,.F.);
#5536=ORIENTED_EDGE('',*,*,#4003,.T.);
#5537=ORIENTED_EDGE('',*,*,#4040,.T.);
#5538=ORIENTED_EDGE('',*,*,#3956,.F.);
#5539=ORIENTED_EDGE('',*,*,#4030,.F.);
#5540=ORIENTED_EDGE('',*,*,#3931,.T.);
#5541=ORIENTED_EDGE('',*,*,#4041,.T.);
#5542=ORIENTED_EDGE('',*,*,#4012,.F.);
#5543=ORIENTED_EDGE('',*,*,#3693,.T.);
#5544=ORIENTED_EDGE('',*,*,#3691,.T.);
#5545=ORIENTED_EDGE('',*,*,#4047,.T.);
#5546=ORIENTED_EDGE('',*,*,#4050,.T.);
#5547=ORIENTED_EDGE('',*,*,#4021,.F.);
#5548=ORIENTED_EDGE('',*,*,#4049,.T.);
#5549=ORIENTED_EDGE('',*,*,#4048,.F.);
#5550=ORIENTED_EDGE('',*,*,#4051,.T.);
#5551=ORIENTED_EDGE('',*,*,#4052,.T.);
#5552=ORIENTED_EDGE('',*,*,#4053,.T.);
#5553=ORIENTED_EDGE('',*,*,#4054,.T.);
#5554=ORIENTED_EDGE('',*,*,#4055,.T.);
#5555=ORIENTED_EDGE('',*,*,#4056,.T.);
#5556=ORIENTED_EDGE('',*,*,#4057,.T.);
#5557=ORIENTED_EDGE('',*,*,#4058,.F.);
#5558=ORIENTED_EDGE('',*,*,#4052,.F.);
#5559=ORIENTED_EDGE('',*,*,#4059,.T.);
#5560=ORIENTED_EDGE('',*,*,#4060,.T.);
#5561=ORIENTED_EDGE('',*,*,#4061,.F.);
#5562=ORIENTED_EDGE('',*,*,#4053,.F.);
#5563=ORIENTED_EDGE('',*,*,#4058,.T.);
#5564=ORIENTED_EDGE('',*,*,#4062,.T.);
#5565=ORIENTED_EDGE('',*,*,#4063,.F.);
#5566=ORIENTED_EDGE('',*,*,#4054,.F.);
#5567=ORIENTED_EDGE('',*,*,#4061,.T.);
#5568=ORIENTED_EDGE('',*,*,#4064,.T.);
#5569=ORIENTED_EDGE('',*,*,#4065,.F.);
#5570=ORIENTED_EDGE('',*,*,#4055,.F.);
#5571=ORIENTED_EDGE('',*,*,#4063,.T.);
#5572=ORIENTED_EDGE('',*,*,#4066,.T.);
#5573=ORIENTED_EDGE('',*,*,#4067,.F.);
#5574=ORIENTED_EDGE('',*,*,#4056,.F.);
#5575=ORIENTED_EDGE('',*,*,#4065,.T.);
#5576=ORIENTED_EDGE('',*,*,#4068,.T.);
#5577=ORIENTED_EDGE('',*,*,#4059,.F.);
#5578=ORIENTED_EDGE('',*,*,#4051,.F.);
#5579=ORIENTED_EDGE('',*,*,#4067,.T.);
#5580=ORIENTED_EDGE('',*,*,#4069,.F.);
#5581=ORIENTED_EDGE('',*,*,#4057,.F.);
#5582=ORIENTED_EDGE('',*,*,#4068,.F.);
#5583=ORIENTED_EDGE('',*,*,#4066,.F.);
#5584=ORIENTED_EDGE('',*,*,#4064,.F.);
#5585=ORIENTED_EDGE('',*,*,#4062,.F.);
#5586=ORIENTED_EDGE('',*,*,#4060,.F.);
#5587=ORIENTED_EDGE('',*,*,#4069,.T.);
#5588=ORIENTED_EDGE('',*,*,#4070,.T.);
#5589=ORIENTED_EDGE('',*,*,#4044,.F.);
#5590=ORIENTED_EDGE('',*,*,#4070,.F.);
#5591=ORIENTED_EDGE('',*,*,#4071,.T.);
#5592=ORIENTED_EDGE('',*,*,#4072,.T.);
#5593=ORIENTED_EDGE('',*,*,#4073,.T.);
#5594=ORIENTED_EDGE('',*,*,#4074,.T.);
#5595=ORIENTED_EDGE('',*,*,#4075,.T.);
#5596=ORIENTED_EDGE('',*,*,#4076,.T.);
#5597=ORIENTED_EDGE('',*,*,#4077,.T.);
#5598=ORIENTED_EDGE('',*,*,#4078,.F.);
#5599=ORIENTED_EDGE('',*,*,#4072,.F.);
#5600=ORIENTED_EDGE('',*,*,#4079,.T.);
#5601=ORIENTED_EDGE('',*,*,#4080,.T.);
#5602=ORIENTED_EDGE('',*,*,#4081,.F.);
#5603=ORIENTED_EDGE('',*,*,#4073,.F.);
#5604=ORIENTED_EDGE('',*,*,#4078,.T.);
#5605=ORIENTED_EDGE('',*,*,#4082,.T.);
#5606=ORIENTED_EDGE('',*,*,#4083,.F.);
#5607=ORIENTED_EDGE('',*,*,#4074,.F.);
#5608=ORIENTED_EDGE('',*,*,#4081,.T.);
#5609=ORIENTED_EDGE('',*,*,#4084,.T.);
#5610=ORIENTED_EDGE('',*,*,#4085,.F.);
#5611=ORIENTED_EDGE('',*,*,#4075,.F.);
#5612=ORIENTED_EDGE('',*,*,#4083,.T.);
#5613=ORIENTED_EDGE('',*,*,#4086,.T.);
#5614=ORIENTED_EDGE('',*,*,#4087,.F.);
#5615=ORIENTED_EDGE('',*,*,#4076,.F.);
#5616=ORIENTED_EDGE('',*,*,#4085,.T.);
#5617=ORIENTED_EDGE('',*,*,#4088,.T.);
#5618=ORIENTED_EDGE('',*,*,#4079,.F.);
#5619=ORIENTED_EDGE('',*,*,#4071,.F.);
#5620=ORIENTED_EDGE('',*,*,#4087,.T.);
#5621=ORIENTED_EDGE('',*,*,#4089,.F.);
#5622=ORIENTED_EDGE('',*,*,#4090,.F.);
#5623=ORIENTED_EDGE('',*,*,#4077,.F.);
#5624=ORIENTED_EDGE('',*,*,#4088,.F.);
#5625=ORIENTED_EDGE('',*,*,#4086,.F.);
#5626=ORIENTED_EDGE('',*,*,#4084,.F.);
#5627=ORIENTED_EDGE('',*,*,#4082,.F.);
#5628=ORIENTED_EDGE('',*,*,#4080,.F.);
#5629=ORIENTED_EDGE('',*,*,#4090,.T.);
#5630=ORIENTED_EDGE('',*,*,#4091,.T.);
#5631=ORIENTED_EDGE('',*,*,#3656,.F.);
#5632=ORIENTED_EDGE('',*,*,#4091,.F.);
#5633=ORIENTED_EDGE('',*,*,#4092,.F.);
#5634=ORIENTED_EDGE('',*,*,#4093,.T.);
#5635=ORIENTED_EDGE('',*,*,#4089,.T.);
#5636=ORIENTED_EDGE('',*,*,#4093,.F.);
#5637=ORIENTED_EDGE('',*,*,#4094,.F.);
#5638=ORIENTED_EDGE('',*,*,#4095,.T.);
#5639=ORIENTED_EDGE('',*,*,#4092,.T.);
#5640=ORIENTED_EDGE('',*,*,#4095,.F.);
#5641=ORIENTED_EDGE('',*,*,#3627,.F.);
#5642=ORIENTED_EDGE('',*,*,#4094,.T.);
#5643=ORIENTED_EDGE('',*,*,#4096,.T.);
#5644=ORIENTED_EDGE('',*,*,#4097,.T.);
#5645=ORIENTED_EDGE('',*,*,#4098,.T.);
#5646=ORIENTED_EDGE('',*,*,#4099,.T.);
#5647=ORIENTED_EDGE('',*,*,#4100,.T.);
#5648=ORIENTED_EDGE('',*,*,#4101,.T.);
#5649=ORIENTED_EDGE('',*,*,#4102,.T.);
#5650=ORIENTED_EDGE('',*,*,#4103,.F.);
#5651=ORIENTED_EDGE('',*,*,#4097,.F.);
#5652=ORIENTED_EDGE('',*,*,#4104,.T.);
#5653=ORIENTED_EDGE('',*,*,#4105,.T.);
#5654=ORIENTED_EDGE('',*,*,#4106,.F.);
#5655=ORIENTED_EDGE('',*,*,#4098,.F.);
#5656=ORIENTED_EDGE('',*,*,#4103,.T.);
#5657=ORIENTED_EDGE('',*,*,#4107,.T.);
#5658=ORIENTED_EDGE('',*,*,#4108,.F.);
#5659=ORIENTED_EDGE('',*,*,#4099,.F.);
#5660=ORIENTED_EDGE('',*,*,#4106,.T.);
#5661=ORIENTED_EDGE('',*,*,#4109,.T.);
#5662=ORIENTED_EDGE('',*,*,#4110,.F.);
#5663=ORIENTED_EDGE('',*,*,#4100,.F.);
#5664=ORIENTED_EDGE('',*,*,#4108,.T.);
#5665=ORIENTED_EDGE('',*,*,#4111,.T.);
#5666=ORIENTED_EDGE('',*,*,#4112,.F.);
#5667=ORIENTED_EDGE('',*,*,#4101,.F.);
#5668=ORIENTED_EDGE('',*,*,#4110,.T.);
#5669=ORIENTED_EDGE('',*,*,#4113,.T.);
#5670=ORIENTED_EDGE('',*,*,#4104,.F.);
#5671=ORIENTED_EDGE('',*,*,#4096,.F.);
#5672=ORIENTED_EDGE('',*,*,#4112,.T.);
#5673=ORIENTED_EDGE('',*,*,#4114,.F.);
#5674=ORIENTED_EDGE('',*,*,#4115,.F.);
#5675=ORIENTED_EDGE('',*,*,#4102,.F.);
#5676=ORIENTED_EDGE('',*,*,#4113,.F.);
#5677=ORIENTED_EDGE('',*,*,#4111,.F.);
#5678=ORIENTED_EDGE('',*,*,#4109,.F.);
#5679=ORIENTED_EDGE('',*,*,#4107,.F.);
#5680=ORIENTED_EDGE('',*,*,#4105,.F.);
#5681=ORIENTED_EDGE('',*,*,#4115,.T.);
#5682=ORIENTED_EDGE('',*,*,#4116,.T.);
#5683=ORIENTED_EDGE('',*,*,#3655,.F.);
#5684=ORIENTED_EDGE('',*,*,#4116,.F.);
#5685=ORIENTED_EDGE('',*,*,#4117,.F.);
#5686=ORIENTED_EDGE('',*,*,#4118,.T.);
#5687=ORIENTED_EDGE('',*,*,#4114,.T.);
#5688=ORIENTED_EDGE('',*,*,#4118,.F.);
#5689=ORIENTED_EDGE('',*,*,#4119,.F.);
#5690=ORIENTED_EDGE('',*,*,#4120,.T.);
#5691=ORIENTED_EDGE('',*,*,#4117,.T.);
#5692=ORIENTED_EDGE('',*,*,#4120,.F.);
#5693=ORIENTED_EDGE('',*,*,#3624,.F.);
#5694=ORIENTED_EDGE('',*,*,#4119,.T.);
#5695=ORIENTED_EDGE('',*,*,#4121,.T.);
#5696=ORIENTED_EDGE('',*,*,#4122,.T.);
#5697=ORIENTED_EDGE('',*,*,#4123,.T.);
#5698=ORIENTED_EDGE('',*,*,#4124,.T.);
#5699=ORIENTED_EDGE('',*,*,#4125,.T.);
#5700=ORIENTED_EDGE('',*,*,#4126,.T.);
#5701=ORIENTED_EDGE('',*,*,#4127,.T.);
#5702=ORIENTED_EDGE('',*,*,#4128,.F.);
#5703=ORIENTED_EDGE('',*,*,#4122,.F.);
#5704=ORIENTED_EDGE('',*,*,#4129,.T.);
#5705=ORIENTED_EDGE('',*,*,#4130,.T.);
#5706=ORIENTED_EDGE('',*,*,#4131,.F.);
#5707=ORIENTED_EDGE('',*,*,#4123,.F.);
#5708=ORIENTED_EDGE('',*,*,#4128,.T.);
#5709=ORIENTED_EDGE('',*,*,#4132,.T.);
#5710=ORIENTED_EDGE('',*,*,#4133,.F.);
#5711=ORIENTED_EDGE('',*,*,#4124,.F.);
#5712=ORIENTED_EDGE('',*,*,#4131,.T.);
#5713=ORIENTED_EDGE('',*,*,#4134,.T.);
#5714=ORIENTED_EDGE('',*,*,#4135,.F.);
#5715=ORIENTED_EDGE('',*,*,#4125,.F.);
#5716=ORIENTED_EDGE('',*,*,#4133,.T.);
#5717=ORIENTED_EDGE('',*,*,#4136,.T.);
#5718=ORIENTED_EDGE('',*,*,#4137,.F.);
#5719=ORIENTED_EDGE('',*,*,#4126,.F.);
#5720=ORIENTED_EDGE('',*,*,#4135,.T.);
#5721=ORIENTED_EDGE('',*,*,#4138,.T.);
#5722=ORIENTED_EDGE('',*,*,#4129,.F.);
#5723=ORIENTED_EDGE('',*,*,#4121,.F.);
#5724=ORIENTED_EDGE('',*,*,#4137,.T.);
#5725=ORIENTED_EDGE('',*,*,#4139,.F.);
#5726=ORIENTED_EDGE('',*,*,#4140,.F.);
#5727=ORIENTED_EDGE('',*,*,#4127,.F.);
#5728=ORIENTED_EDGE('',*,*,#4138,.F.);
#5729=ORIENTED_EDGE('',*,*,#4136,.F.);
#5730=ORIENTED_EDGE('',*,*,#4134,.F.);
#5731=ORIENTED_EDGE('',*,*,#4132,.F.);
#5732=ORIENTED_EDGE('',*,*,#4130,.F.);
#5733=ORIENTED_EDGE('',*,*,#4140,.T.);
#5734=ORIENTED_EDGE('',*,*,#4141,.T.);
#5735=ORIENTED_EDGE('',*,*,#3654,.F.);
#5736=ORIENTED_EDGE('',*,*,#4141,.F.);
#5737=ORIENTED_EDGE('',*,*,#4142,.F.);
#5738=ORIENTED_EDGE('',*,*,#4143,.T.);
#5739=ORIENTED_EDGE('',*,*,#4139,.T.);
#5740=ORIENTED_EDGE('',*,*,#4143,.F.);
#5741=ORIENTED_EDGE('',*,*,#4144,.F.);
#5742=ORIENTED_EDGE('',*,*,#4145,.T.);
#5743=ORIENTED_EDGE('',*,*,#4142,.T.);
#5744=ORIENTED_EDGE('',*,*,#4145,.F.);
#5745=ORIENTED_EDGE('',*,*,#3621,.F.);
#5746=ORIENTED_EDGE('',*,*,#4144,.T.);
#5747=ORIENTED_EDGE('',*,*,#4146,.T.);
#5748=ORIENTED_EDGE('',*,*,#4147,.T.);
#5749=ORIENTED_EDGE('',*,*,#4148,.T.);
#5750=ORIENTED_EDGE('',*,*,#4149,.T.);
#5751=ORIENTED_EDGE('',*,*,#4150,.T.);
#5752=ORIENTED_EDGE('',*,*,#4151,.T.);
#5753=ORIENTED_EDGE('',*,*,#4152,.T.);
#5754=ORIENTED_EDGE('',*,*,#4153,.F.);
#5755=ORIENTED_EDGE('',*,*,#4147,.F.);
#5756=ORIENTED_EDGE('',*,*,#4154,.T.);
#5757=ORIENTED_EDGE('',*,*,#4155,.T.);
#5758=ORIENTED_EDGE('',*,*,#4156,.F.);
#5759=ORIENTED_EDGE('',*,*,#4148,.F.);
#5760=ORIENTED_EDGE('',*,*,#4153,.T.);
#5761=ORIENTED_EDGE('',*,*,#4157,.T.);
#5762=ORIENTED_EDGE('',*,*,#4158,.F.);
#5763=ORIENTED_EDGE('',*,*,#4149,.F.);
#5764=ORIENTED_EDGE('',*,*,#4156,.T.);
#5765=ORIENTED_EDGE('',*,*,#4159,.T.);
#5766=ORIENTED_EDGE('',*,*,#4160,.F.);
#5767=ORIENTED_EDGE('',*,*,#4150,.F.);
#5768=ORIENTED_EDGE('',*,*,#4158,.T.);
#5769=ORIENTED_EDGE('',*,*,#4161,.T.);
#5770=ORIENTED_EDGE('',*,*,#4162,.F.);
#5771=ORIENTED_EDGE('',*,*,#4151,.F.);
#5772=ORIENTED_EDGE('',*,*,#4160,.T.);
#5773=ORIENTED_EDGE('',*,*,#4163,.T.);
#5774=ORIENTED_EDGE('',*,*,#4154,.F.);
#5775=ORIENTED_EDGE('',*,*,#4146,.F.);
#5776=ORIENTED_EDGE('',*,*,#4162,.T.);
#5777=ORIENTED_EDGE('',*,*,#4164,.F.);
#5778=ORIENTED_EDGE('',*,*,#4165,.F.);
#5779=ORIENTED_EDGE('',*,*,#4152,.F.);
#5780=ORIENTED_EDGE('',*,*,#4163,.F.);
#5781=ORIENTED_EDGE('',*,*,#4161,.F.);
#5782=ORIENTED_EDGE('',*,*,#4159,.F.);
#5783=ORIENTED_EDGE('',*,*,#4157,.F.);
#5784=ORIENTED_EDGE('',*,*,#4155,.F.);
#5785=ORIENTED_EDGE('',*,*,#4165,.T.);
#5786=ORIENTED_EDGE('',*,*,#4166,.T.);
#5787=ORIENTED_EDGE('',*,*,#3653,.F.);
#5788=ORIENTED_EDGE('',*,*,#4166,.F.);
#5789=ORIENTED_EDGE('',*,*,#4167,.F.);
#5790=ORIENTED_EDGE('',*,*,#4168,.T.);
#5791=ORIENTED_EDGE('',*,*,#4164,.T.);
#5792=ORIENTED_EDGE('',*,*,#4168,.F.);
#5793=ORIENTED_EDGE('',*,*,#4169,.F.);
#5794=ORIENTED_EDGE('',*,*,#4170,.T.);
#5795=ORIENTED_EDGE('',*,*,#4167,.T.);
#5796=ORIENTED_EDGE('',*,*,#4170,.F.);
#5797=ORIENTED_EDGE('',*,*,#3618,.F.);
#5798=ORIENTED_EDGE('',*,*,#4169,.T.);
#5799=ORIENTED_EDGE('',*,*,#4171,.T.);
#5800=ORIENTED_EDGE('',*,*,#4172,.T.);
#5801=ORIENTED_EDGE('',*,*,#4173,.T.);
#5802=ORIENTED_EDGE('',*,*,#4174,.T.);
#5803=ORIENTED_EDGE('',*,*,#4175,.T.);
#5804=ORIENTED_EDGE('',*,*,#4176,.T.);
#5805=ORIENTED_EDGE('',*,*,#4177,.T.);
#5806=ORIENTED_EDGE('',*,*,#4178,.F.);
#5807=ORIENTED_EDGE('',*,*,#4172,.F.);
#5808=ORIENTED_EDGE('',*,*,#4179,.T.);
#5809=ORIENTED_EDGE('',*,*,#4180,.T.);
#5810=ORIENTED_EDGE('',*,*,#4181,.F.);
#5811=ORIENTED_EDGE('',*,*,#4173,.F.);
#5812=ORIENTED_EDGE('',*,*,#4178,.T.);
#5813=ORIENTED_EDGE('',*,*,#4182,.T.);
#5814=ORIENTED_EDGE('',*,*,#4183,.F.);
#5815=ORIENTED_EDGE('',*,*,#4174,.F.);
#5816=ORIENTED_EDGE('',*,*,#4181,.T.);
#5817=ORIENTED_EDGE('',*,*,#4184,.T.);
#5818=ORIENTED_EDGE('',*,*,#4185,.F.);
#5819=ORIENTED_EDGE('',*,*,#4175,.F.);
#5820=ORIENTED_EDGE('',*,*,#4183,.T.);
#5821=ORIENTED_EDGE('',*,*,#4186,.T.);
#5822=ORIENTED_EDGE('',*,*,#4187,.F.);
#5823=ORIENTED_EDGE('',*,*,#4176,.F.);
#5824=ORIENTED_EDGE('',*,*,#4185,.T.);
#5825=ORIENTED_EDGE('',*,*,#4188,.T.);
#5826=ORIENTED_EDGE('',*,*,#4179,.F.);
#5827=ORIENTED_EDGE('',*,*,#4171,.F.);
#5828=ORIENTED_EDGE('',*,*,#4187,.T.);
#5829=ORIENTED_EDGE('',*,*,#4189,.F.);
#5830=ORIENTED_EDGE('',*,*,#4190,.F.);
#5831=ORIENTED_EDGE('',*,*,#4177,.F.);
#5832=ORIENTED_EDGE('',*,*,#4188,.F.);
#5833=ORIENTED_EDGE('',*,*,#4186,.F.);
#5834=ORIENTED_EDGE('',*,*,#4184,.F.);
#5835=ORIENTED_EDGE('',*,*,#4182,.F.);
#5836=ORIENTED_EDGE('',*,*,#4180,.F.);
#5837=ORIENTED_EDGE('',*,*,#4190,.T.);
#5838=ORIENTED_EDGE('',*,*,#4191,.T.);
#5839=ORIENTED_EDGE('',*,*,#3652,.F.);
#5840=ORIENTED_EDGE('',*,*,#4191,.F.);
#5841=ORIENTED_EDGE('',*,*,#4192,.F.);
#5842=ORIENTED_EDGE('',*,*,#4193,.T.);
#5843=ORIENTED_EDGE('',*,*,#4189,.T.);
#5844=ORIENTED_EDGE('',*,*,#4193,.F.);
#5845=ORIENTED_EDGE('',*,*,#4194,.F.);
#5846=ORIENTED_EDGE('',*,*,#4195,.T.);
#5847=ORIENTED_EDGE('',*,*,#4192,.T.);
#5848=ORIENTED_EDGE('',*,*,#4195,.F.);
#5849=ORIENTED_EDGE('',*,*,#3615,.F.);
#5850=ORIENTED_EDGE('',*,*,#4194,.T.);
#5851=ORIENTED_EDGE('',*,*,#4196,.T.);
#5852=ORIENTED_EDGE('',*,*,#4197,.T.);
#5853=ORIENTED_EDGE('',*,*,#4198,.T.);
#5854=ORIENTED_EDGE('',*,*,#4199,.T.);
#5855=ORIENTED_EDGE('',*,*,#4200,.T.);
#5856=ORIENTED_EDGE('',*,*,#4201,.T.);
#5857=ORIENTED_EDGE('',*,*,#4202,.T.);
#5858=ORIENTED_EDGE('',*,*,#4203,.F.);
#5859=ORIENTED_EDGE('',*,*,#4197,.F.);
#5860=ORIENTED_EDGE('',*,*,#4204,.T.);
#5861=ORIENTED_EDGE('',*,*,#4205,.T.);
#5862=ORIENTED_EDGE('',*,*,#4206,.F.);
#5863=ORIENTED_EDGE('',*,*,#4198,.F.);
#5864=ORIENTED_EDGE('',*,*,#4203,.T.);
#5865=ORIENTED_EDGE('',*,*,#4207,.T.);
#5866=ORIENTED_EDGE('',*,*,#4208,.F.);
#5867=ORIENTED_EDGE('',*,*,#4199,.F.);
#5868=ORIENTED_EDGE('',*,*,#4206,.T.);
#5869=ORIENTED_EDGE('',*,*,#4209,.T.);
#5870=ORIENTED_EDGE('',*,*,#4210,.F.);
#5871=ORIENTED_EDGE('',*,*,#4200,.F.);
#5872=ORIENTED_EDGE('',*,*,#4208,.T.);
#5873=ORIENTED_EDGE('',*,*,#4211,.T.);
#5874=ORIENTED_EDGE('',*,*,#4212,.F.);
#5875=ORIENTED_EDGE('',*,*,#4201,.F.);
#5876=ORIENTED_EDGE('',*,*,#4210,.T.);
#5877=ORIENTED_EDGE('',*,*,#4213,.T.);
#5878=ORIENTED_EDGE('',*,*,#4204,.F.);
#5879=ORIENTED_EDGE('',*,*,#4196,.F.);
#5880=ORIENTED_EDGE('',*,*,#4212,.T.);
#5881=ORIENTED_EDGE('',*,*,#4214,.F.);
#5882=ORIENTED_EDGE('',*,*,#4202,.F.);
#5883=ORIENTED_EDGE('',*,*,#4213,.F.);
#5884=ORIENTED_EDGE('',*,*,#4211,.F.);
#5885=ORIENTED_EDGE('',*,*,#4209,.F.);
#5886=ORIENTED_EDGE('',*,*,#4207,.F.);
#5887=ORIENTED_EDGE('',*,*,#4205,.F.);
#5888=ORIENTED_EDGE('',*,*,#4214,.T.);
#5889=ORIENTED_EDGE('',*,*,#4215,.T.);
#5890=ORIENTED_EDGE('',*,*,#4035,.F.);
#5891=ORIENTED_EDGE('',*,*,#4215,.F.);
#5892=ORIENTED_EDGE('',*,*,#4216,.T.);
#5893=ORIENTED_EDGE('',*,*,#4217,.T.);
#5894=ORIENTED_EDGE('',*,*,#4218,.T.);
#5895=ORIENTED_EDGE('',*,*,#4219,.T.);
#5896=ORIENTED_EDGE('',*,*,#4220,.T.);
#5897=ORIENTED_EDGE('',*,*,#4221,.T.);
#5898=ORIENTED_EDGE('',*,*,#4222,.T.);
#5899=ORIENTED_EDGE('',*,*,#4223,.F.);
#5900=ORIENTED_EDGE('',*,*,#4217,.F.);
#5901=ORIENTED_EDGE('',*,*,#4224,.T.);
#5902=ORIENTED_EDGE('',*,*,#4225,.T.);
#5903=ORIENTED_EDGE('',*,*,#4226,.F.);
#5904=ORIENTED_EDGE('',*,*,#4218,.F.);
#5905=ORIENTED_EDGE('',*,*,#4223,.T.);
#5906=ORIENTED_EDGE('',*,*,#4227,.T.);
#5907=ORIENTED_EDGE('',*,*,#4228,.F.);
#5908=ORIENTED_EDGE('',*,*,#4219,.F.);
#5909=ORIENTED_EDGE('',*,*,#4226,.T.);
#5910=ORIENTED_EDGE('',*,*,#4229,.T.);
#5911=ORIENTED_EDGE('',*,*,#4230,.F.);
#5912=ORIENTED_EDGE('',*,*,#4220,.F.);
#5913=ORIENTED_EDGE('',*,*,#4228,.T.);
#5914=ORIENTED_EDGE('',*,*,#4231,.T.);
#5915=ORIENTED_EDGE('',*,*,#4232,.F.);
#5916=ORIENTED_EDGE('',*,*,#4221,.F.);
#5917=ORIENTED_EDGE('',*,*,#4230,.T.);
#5918=ORIENTED_EDGE('',*,*,#4233,.T.);
#5919=ORIENTED_EDGE('',*,*,#4224,.F.);
#5920=ORIENTED_EDGE('',*,*,#4216,.F.);
#5921=ORIENTED_EDGE('',*,*,#4232,.T.);
#5922=ORIENTED_EDGE('',*,*,#4234,.F.);
#5923=ORIENTED_EDGE('',*,*,#4235,.F.);
#5924=ORIENTED_EDGE('',*,*,#4222,.F.);
#5925=ORIENTED_EDGE('',*,*,#4233,.F.);
#5926=ORIENTED_EDGE('',*,*,#4231,.F.);
#5927=ORIENTED_EDGE('',*,*,#4229,.F.);
#5928=ORIENTED_EDGE('',*,*,#4227,.F.);
#5929=ORIENTED_EDGE('',*,*,#4225,.F.);
#5930=ORIENTED_EDGE('',*,*,#4235,.T.);
#5931=ORIENTED_EDGE('',*,*,#4236,.T.);
#5932=ORIENTED_EDGE('',*,*,#4034,.F.);
#5933=ORIENTED_EDGE('',*,*,#4236,.F.);
#5934=ORIENTED_EDGE('',*,*,#3608,.F.);
#5935=ORIENTED_EDGE('',*,*,#4237,.T.);
#5936=ORIENTED_EDGE('',*,*,#4234,.T.);
#5937=ORIENTED_EDGE('',*,*,#4237,.F.);
#5938=ORIENTED_EDGE('',*,*,#4238,.T.);
#5939=ORIENTED_EDGE('',*,*,#4239,.T.);
#5940=ORIENTED_EDGE('',*,*,#4240,.T.);
#5941=ORIENTED_EDGE('',*,*,#4241,.T.);
#5942=ORIENTED_EDGE('',*,*,#4242,.T.);
#5943=ORIENTED_EDGE('',*,*,#4243,.T.);
#5944=ORIENTED_EDGE('',*,*,#4244,.T.);
#5945=ORIENTED_EDGE('',*,*,#4245,.F.);
#5946=ORIENTED_EDGE('',*,*,#4239,.F.);
#5947=ORIENTED_EDGE('',*,*,#4246,.T.);
#5948=ORIENTED_EDGE('',*,*,#4247,.T.);
#5949=ORIENTED_EDGE('',*,*,#4248,.F.);
#5950=ORIENTED_EDGE('',*,*,#4240,.F.);
#5951=ORIENTED_EDGE('',*,*,#4245,.T.);
#5952=ORIENTED_EDGE('',*,*,#4249,.T.);
#5953=ORIENTED_EDGE('',*,*,#4250,.F.);
#5954=ORIENTED_EDGE('',*,*,#4241,.F.);
#5955=ORIENTED_EDGE('',*,*,#4248,.T.);
#5956=ORIENTED_EDGE('',*,*,#4251,.T.);
#5957=ORIENTED_EDGE('',*,*,#4252,.F.);
#5958=ORIENTED_EDGE('',*,*,#4242,.F.);
#5959=ORIENTED_EDGE('',*,*,#4250,.T.);
#5960=ORIENTED_EDGE('',*,*,#4253,.T.);
#5961=ORIENTED_EDGE('',*,*,#4254,.F.);
#5962=ORIENTED_EDGE('',*,*,#4243,.F.);
#5963=ORIENTED_EDGE('',*,*,#4252,.T.);
#5964=ORIENTED_EDGE('',*,*,#4255,.T.);
#5965=ORIENTED_EDGE('',*,*,#4246,.F.);
#5966=ORIENTED_EDGE('',*,*,#4238,.F.);
#5967=ORIENTED_EDGE('',*,*,#4254,.T.);
#5968=ORIENTED_EDGE('',*,*,#4256,.F.);
#5969=ORIENTED_EDGE('',*,*,#4244,.F.);
#5970=ORIENTED_EDGE('',*,*,#4255,.F.);
#5971=ORIENTED_EDGE('',*,*,#4253,.F.);
#5972=ORIENTED_EDGE('',*,*,#4251,.F.);
#5973=ORIENTED_EDGE('',*,*,#4249,.F.);
#5974=ORIENTED_EDGE('',*,*,#4247,.F.);
#5975=ORIENTED_EDGE('',*,*,#4256,.T.);
#5976=ORIENTED_EDGE('',*,*,#4257,.T.);
#5977=ORIENTED_EDGE('',*,*,#4043,.F.);
#5978=ORIENTED_EDGE('',*,*,#4257,.F.);
#5979=ORIENTED_EDGE('',*,*,#4258,.T.);
#5980=ORIENTED_EDGE('',*,*,#4259,.T.);
#5981=ORIENTED_EDGE('',*,*,#4260,.T.);
#5982=ORIENTED_EDGE('',*,*,#4261,.T.);
#5983=ORIENTED_EDGE('',*,*,#4262,.T.);
#5984=ORIENTED_EDGE('',*,*,#4263,.T.);
#5985=ORIENTED_EDGE('',*,*,#4264,.T.);
#5986=ORIENTED_EDGE('',*,*,#4265,.F.);
#5987=ORIENTED_EDGE('',*,*,#4259,.F.);
#5988=ORIENTED_EDGE('',*,*,#4266,.T.);
#5989=ORIENTED_EDGE('',*,*,#4267,.T.);
#5990=ORIENTED_EDGE('',*,*,#4268,.F.);
#5991=ORIENTED_EDGE('',*,*,#4260,.F.);
#5992=ORIENTED_EDGE('',*,*,#4265,.T.);
#5993=ORIENTED_EDGE('',*,*,#4269,.T.);
#5994=ORIENTED_EDGE('',*,*,#4270,.F.);
#5995=ORIENTED_EDGE('',*,*,#4261,.F.);
#5996=ORIENTED_EDGE('',*,*,#4268,.T.);
#5997=ORIENTED_EDGE('',*,*,#4271,.T.);
#5998=ORIENTED_EDGE('',*,*,#4272,.F.);
#5999=ORIENTED_EDGE('',*,*,#4262,.F.);
#6000=ORIENTED_EDGE('',*,*,#4270,.T.);
#6001=ORIENTED_EDGE('',*,*,#4273,.T.);
#6002=ORIENTED_EDGE('',*,*,#4274,.F.);
#6003=ORIENTED_EDGE('',*,*,#4263,.F.);
#6004=ORIENTED_EDGE('',*,*,#4272,.T.);
#6005=ORIENTED_EDGE('',*,*,#4275,.T.);
#6006=ORIENTED_EDGE('',*,*,#4266,.F.);
#6007=ORIENTED_EDGE('',*,*,#4258,.F.);
#6008=ORIENTED_EDGE('',*,*,#4274,.T.);
#6009=ORIENTED_EDGE('',*,*,#4276,.F.);
#6010=ORIENTED_EDGE('',*,*,#4264,.F.);
#6011=ORIENTED_EDGE('',*,*,#4275,.F.);
#6012=ORIENTED_EDGE('',*,*,#4273,.F.);
#6013=ORIENTED_EDGE('',*,*,#4271,.F.);
#6014=ORIENTED_EDGE('',*,*,#4269,.F.);
#6015=ORIENTED_EDGE('',*,*,#4267,.F.);
#6016=ORIENTED_EDGE('',*,*,#4276,.T.);
#6017=ORIENTED_EDGE('',*,*,#4277,.T.);
#6018=ORIENTED_EDGE('',*,*,#4042,.F.);
#6019=ORIENTED_EDGE('',*,*,#4277,.F.);
#6020=ORIENTED_EDGE('',*,*,#4278,.T.);
#6021=ORIENTED_EDGE('',*,*,#4279,.T.);
#6022=ORIENTED_EDGE('',*,*,#4280,.T.);
#6023=ORIENTED_EDGE('',*,*,#4281,.T.);
#6024=ORIENTED_EDGE('',*,*,#4282,.T.);
#6025=ORIENTED_EDGE('',*,*,#4283,.T.);
#6026=ORIENTED_EDGE('',*,*,#4284,.T.);
#6027=ORIENTED_EDGE('',*,*,#4285,.F.);
#6028=ORIENTED_EDGE('',*,*,#4279,.F.);
#6029=ORIENTED_EDGE('',*,*,#4286,.T.);
#6030=ORIENTED_EDGE('',*,*,#4287,.T.);
#6031=ORIENTED_EDGE('',*,*,#4288,.F.);
#6032=ORIENTED_EDGE('',*,*,#4280,.F.);
#6033=ORIENTED_EDGE('',*,*,#4285,.T.);
#6034=ORIENTED_EDGE('',*,*,#4289,.T.);
#6035=ORIENTED_EDGE('',*,*,#4290,.F.);
#6036=ORIENTED_EDGE('',*,*,#4281,.F.);
#6037=ORIENTED_EDGE('',*,*,#4288,.T.);
#6038=ORIENTED_EDGE('',*,*,#4291,.T.);
#6039=ORIENTED_EDGE('',*,*,#4292,.F.);
#6040=ORIENTED_EDGE('',*,*,#4282,.F.);
#6041=ORIENTED_EDGE('',*,*,#4290,.T.);
#6042=ORIENTED_EDGE('',*,*,#4293,.T.);
#6043=ORIENTED_EDGE('',*,*,#4294,.F.);
#6044=ORIENTED_EDGE('',*,*,#4283,.F.);
#6045=ORIENTED_EDGE('',*,*,#4292,.T.);
#6046=ORIENTED_EDGE('',*,*,#4295,.T.);
#6047=ORIENTED_EDGE('',*,*,#4286,.F.);
#6048=ORIENTED_EDGE('',*,*,#4278,.F.);
#6049=ORIENTED_EDGE('',*,*,#4294,.T.);
#6050=ORIENTED_EDGE('',*,*,#4296,.F.);
#6051=ORIENTED_EDGE('',*,*,#4284,.F.);
#6052=ORIENTED_EDGE('',*,*,#4295,.F.);
#6053=ORIENTED_EDGE('',*,*,#4293,.F.);
#6054=ORIENTED_EDGE('',*,*,#4291,.F.);
#6055=ORIENTED_EDGE('',*,*,#4289,.F.);
#6056=ORIENTED_EDGE('',*,*,#4287,.F.);
#6057=ORIENTED_EDGE('',*,*,#4296,.T.);
#6058=ORIENTED_EDGE('',*,*,#4297,.T.);
#6059=ORIENTED_EDGE('',*,*,#4033,.F.);
#6060=ORIENTED_EDGE('',*,*,#4297,.F.);
#6061=ORIENTED_EDGE('',*,*,#4298,.T.);
#6062=ORIENTED_EDGE('',*,*,#4299,.T.);
#6063=ORIENTED_EDGE('',*,*,#4300,.T.);
#6064=ORIENTED_EDGE('',*,*,#4301,.T.);
#6065=ORIENTED_EDGE('',*,*,#4302,.T.);
#6066=ORIENTED_EDGE('',*,*,#4303,.T.);
#6067=ORIENTED_EDGE('',*,*,#4304,.T.);
#6068=ORIENTED_EDGE('',*,*,#4305,.F.);
#6069=ORIENTED_EDGE('',*,*,#4299,.F.);
#6070=ORIENTED_EDGE('',*,*,#4306,.T.);
#6071=ORIENTED_EDGE('',*,*,#4307,.T.);
#6072=ORIENTED_EDGE('',*,*,#4308,.F.);
#6073=ORIENTED_EDGE('',*,*,#4300,.F.);
#6074=ORIENTED_EDGE('',*,*,#4305,.T.);
#6075=ORIENTED_EDGE('',*,*,#4309,.T.);
#6076=ORIENTED_EDGE('',*,*,#4310,.F.);
#6077=ORIENTED_EDGE('',*,*,#4301,.F.);
#6078=ORIENTED_EDGE('',*,*,#4308,.T.);
#6079=ORIENTED_EDGE('',*,*,#4311,.T.);
#6080=ORIENTED_EDGE('',*,*,#4312,.F.);
#6081=ORIENTED_EDGE('',*,*,#4302,.F.);
#6082=ORIENTED_EDGE('',*,*,#4310,.T.);
#6083=ORIENTED_EDGE('',*,*,#4313,.T.);
#6084=ORIENTED_EDGE('',*,*,#4314,.F.);
#6085=ORIENTED_EDGE('',*,*,#4303,.F.);
#6086=ORIENTED_EDGE('',*,*,#4312,.T.);
#6087=ORIENTED_EDGE('',*,*,#4315,.T.);
#6088=ORIENTED_EDGE('',*,*,#4306,.F.);
#6089=ORIENTED_EDGE('',*,*,#4298,.F.);
#6090=ORIENTED_EDGE('',*,*,#4314,.T.);
#6091=ORIENTED_EDGE('',*,*,#4316,.F.);
#6092=ORIENTED_EDGE('',*,*,#4304,.F.);
#6093=ORIENTED_EDGE('',*,*,#4315,.F.);
#6094=ORIENTED_EDGE('',*,*,#4313,.F.);
#6095=ORIENTED_EDGE('',*,*,#4311,.F.);
#6096=ORIENTED_EDGE('',*,*,#4309,.F.);
#6097=ORIENTED_EDGE('',*,*,#4307,.F.);
#6098=ORIENTED_EDGE('',*,*,#4316,.T.);
#6099=ORIENTED_EDGE('',*,*,#4317,.T.);
#6100=ORIENTED_EDGE('',*,*,#4032,.F.);
#6101=ORIENTED_EDGE('',*,*,#4317,.F.);
#6102=CYLINDRICAL_SURFACE('',#7075,3.5);
#6103=CYLINDRICAL_SURFACE('',#7086,3.5);
#6104=CYLINDRICAL_SURFACE('',#7097,3.5);
#6105=CYLINDRICAL_SURFACE('',#7108,3.5);
#6106=CYLINDRICAL_SURFACE('',#7122,3.5);
#6107=CYLINDRICAL_SURFACE('',#7134,3.5);
#6108=CYLINDRICAL_SURFACE('',#7145,3.5);
#6109=CYLINDRICAL_SURFACE('',#7159,2.);
#6110=CYLINDRICAL_SURFACE('',#7163,3.5);
#6111=CYLINDRICAL_SURFACE('',#7175,5.23435305963093);
#6112=CYLINDRICAL_SURFACE('',#7179,1.64999999999999);
#6113=CYLINDRICAL_SURFACE('',#7181,1.64999999999999);
#6114=CYLINDRICAL_SURFACE('',#7182,2.25);
#6115=CYLINDRICAL_SURFACE('',#7184,2.25);
#6116=CYLINDRICAL_SURFACE('',#7187,2.25);
#6117=CYLINDRICAL_SURFACE('',#7190,2.25);
#6118=CYLINDRICAL_SURFACE('',#7193,2.25);
#6119=CYLINDRICAL_SURFACE('',#7196,2.25);
#6120=CYLINDRICAL_SURFACE('',#7199,20.);
#6121=CYLINDRICAL_SURFACE('',#7204,20.);
#6122=CYLINDRICAL_SURFACE('',#7216,5.);
#6123=CYLINDRICAL_SURFACE('',#7224,5.);
#6124=CYLINDRICAL_SURFACE('',#7228,6.);
#6125=CYLINDRICAL_SURFACE('',#7229,6.);
#6126=CYLINDRICAL_SURFACE('',#7242,26.5);
#6127=CYLINDRICAL_SURFACE('',#7244,32.5);
#6128=CYLINDRICAL_SURFACE('',#7248,41.);
#6129=CYLINDRICAL_SURFACE('',#7252,53.75);
#6130=CYLINDRICAL_SURFACE('',#7253,4.);
#6131=CYLINDRICAL_SURFACE('',#7257,2.09999999999999);
#6132=CYLINDRICAL_SURFACE('',#7261,2.09999999999999);
#6133=CYLINDRICAL_SURFACE('',#7265,2.09999999999999);
#6134=CYLINDRICAL_SURFACE('',#7269,2.09999999999999);
#6135=CYLINDRICAL_SURFACE('',#7273,2.09999999999999);
#6136=CYLINDRICAL_SURFACE('',#7277,2.09999999999999);
#6137=CYLINDRICAL_SURFACE('',#7281,1.65);
#6138=CYLINDRICAL_SURFACE('',#7285,1.65);
#6139=CYLINDRICAL_SURFACE('',#7289,1.65);
#6140=CYLINDRICAL_SURFACE('',#7293,1.65);
#6141=CYLINDRICAL_SURFACE('',#7299,40.);
#6142=CYLINDRICAL_SURFACE('',#7302,40.);
#6143=CYLINDRICAL_SURFACE('',#7307,40.);
#6144=CYLINDRICAL_SURFACE('',#7347,30.);
#6145=CYLINDRICAL_SURFACE('',#7349,2.75);
#6146=CYLINDRICAL_SURFACE('',#7350,2.75);
#6147=CYLINDRICAL_SURFACE('',#7351,2.75);
#6148=CYLINDRICAL_SURFACE('',#7352,2.75);
#6149=CYLINDRICAL_SURFACE('',#7353,2.75);
#6150=CYLINDRICAL_SURFACE('',#7354,2.75);
#6151=CYLINDRICAL_SURFACE('',#7355,2.25);
#6152=CYLINDRICAL_SURFACE('',#7356,2.25);
#6153=CYLINDRICAL_SURFACE('',#7357,2.25);
#6154=CYLINDRICAL_SURFACE('',#7358,2.25);
#6155=CYLINDRICAL_SURFACE('',#7359,2.25);
#6156=CYLINDRICAL_SURFACE('',#7360,2.25);
#6157=CYLINDRICAL_SURFACE('',#7385,26.5);
#6158=CYLINDRICAL_SURFACE('',#7387,32.5);
#6159=CYLINDRICAL_SURFACE('',#7390,41.);
#6160=CYLINDRICAL_SURFACE('',#7393,53.75);
#6161=CYLINDRICAL_SURFACE('',#7394,4.);
#6162=CYLINDRICAL_SURFACE('',#7398,2.09999999999999);
#6163=CYLINDRICAL_SURFACE('',#7402,2.09999999999999);
#6164=CYLINDRICAL_SURFACE('',#7406,2.09999999999999);
#6165=CYLINDRICAL_SURFACE('',#7410,2.09999999999999);
#6166=CYLINDRICAL_SURFACE('',#7414,2.09999999999999);
#6167=CYLINDRICAL_SURFACE('',#7418,2.09999999999999);
#6168=CYLINDRICAL_SURFACE('',#7422,1.65);
#6169=CYLINDRICAL_SURFACE('',#7425,1.65);
#6170=CYLINDRICAL_SURFACE('',#7428,1.65);
#6171=CYLINDRICAL_SURFACE('',#7431,1.65);
#6172=CYLINDRICAL_SURFACE('',#7436,40.);
#6173=CYLINDRICAL_SURFACE('',#7439,40.);
#6174=CYLINDRICAL_SURFACE('',#7444,40.);
#6175=CYLINDRICAL_SURFACE('',#7484,30.);
#6176=CYLINDRICAL_SURFACE('',#7486,2.75);
#6177=CYLINDRICAL_SURFACE('',#7487,2.75);
#6178=CYLINDRICAL_SURFACE('',#7488,2.75);
#6179=CYLINDRICAL_SURFACE('',#7489,2.75);
#6180=CYLINDRICAL_SURFACE('',#7490,2.75);
#6181=CYLINDRICAL_SURFACE('',#7491,2.75);
#6182=CYLINDRICAL_SURFACE('',#7492,2.25);
#6183=CYLINDRICAL_SURFACE('',#7493,2.25);
#6184=CYLINDRICAL_SURFACE('',#7494,2.25);
#6185=CYLINDRICAL_SURFACE('',#7495,2.25);
#6186=CYLINDRICAL_SURFACE('',#7496,2.25);
#6187=CYLINDRICAL_SURFACE('',#7497,2.25);
#6188=CYLINDRICAL_SURFACE('',#7499,5.);
#6189=CYLINDRICAL_SURFACE('',#7503,6.);
#6190=CYLINDRICAL_SURFACE('',#7506,46.5);
#6191=CYLINDRICAL_SURFACE('',#7509,6.);
#6192=CYLINDRICAL_SURFACE('',#7514,6.);
#6193=CYLINDRICAL_SURFACE('',#7517,46.5);
#6194=CYLINDRICAL_SURFACE('',#7520,6.);
#6195=CYLINDRICAL_SURFACE('',#7524,4.25);
#6196=CYLINDRICAL_SURFACE('',#7527,4.25);
#6197=CYLINDRICAL_SURFACE('',#7530,8.75);
#6198=CYLINDRICAL_SURFACE('',#7533,8.75);
#6199=CYLINDRICAL_SURFACE('',#7537,7.50000000000001);
#6200=CYLINDRICAL_SURFACE('',#7541,7.50000000000001);
#6201=CYLINDRICAL_SURFACE('',#7545,7.50000000000001);
#6202=CYLINDRICAL_SURFACE('',#7549,7.49999999999999);
#6203=CYLINDRICAL_SURFACE('',#7552,55.);
#6204=CYLINDRICAL_SURFACE('',#7555,32.5);
#6205=CYLINDRICAL_SURFACE('',#7559,41.5);
#6206=CYLINDRICAL_SURFACE('',#7589,41.5);
#6207=CYLINDRICAL_SURFACE('',#7590,32.5);
#6208=CYLINDRICAL_SURFACE('',#7591,10.);
#6209=CYLINDRICAL_SURFACE('',#7592,10.);
#6210=CYLINDRICAL_SURFACE('',#7593,8.75000000000004);
#6211=CYLINDRICAL_SURFACE('',#7595,8.75000000000004);
#6212=CYLINDRICAL_SURFACE('',#7597,4.24999999999998);
#6213=CYLINDRICAL_SURFACE('',#7599,4.24999999999998);
#6214=CYLINDRICAL_SURFACE('',#7601,2.5);
#6215=CYLINDRICAL_SURFACE('',#7602,2.5);
#6216=CYLINDRICAL_SURFACE('',#7613,3.5);
#6217=CYLINDRICAL_SURFACE('',#7625,3.5);
#6218=CYLINDRICAL_SURFACE('',#7628,2.);
#6219=CYLINDRICAL_SURFACE('',#7642,3.5);
#6220=CYLINDRICAL_SURFACE('',#7645,2.);
#6221=CYLINDRICAL_SURFACE('',#7659,3.5);
#6222=CYLINDRICAL_SURFACE('',#7662,2.);
#6223=CYLINDRICAL_SURFACE('',#7676,3.5);
#6224=CYLINDRICAL_SURFACE('',#7679,2.);
#6225=CYLINDRICAL_SURFACE('',#7693,3.5);
#6226=CYLINDRICAL_SURFACE('',#7696,2.);
#6227=CYLINDRICAL_SURFACE('',#7708,3.5);
#6228=CYLINDRICAL_SURFACE('',#7720,3.5);
#6229=CYLINDRICAL_SURFACE('',#7731,3.5);
#6230=CYLINDRICAL_SURFACE('',#7741,3.5);
#6231=CYLINDRICAL_SURFACE('',#7751,3.5);
#6232=CYLINDRICAL_SURFACE('',#7761,3.5);
#6233=STYLED_ITEM('',(#11763),#6643);
#6234=STYLED_ITEM('',(#11763),#6644);
#6235=STYLED_ITEM('',(#11763),#6645);
#6236=STYLED_ITEM('',(#11763),#6646);
#6237=STYLED_ITEM('',(#11763),#6647);
#6238=STYLED_ITEM('',(#11763),#6648);
#6239=STYLED_ITEM('',(#11763),#6649);
#6240=STYLED_ITEM('',(#11763),#6650);
#6241=STYLED_ITEM('',(#11763),#6651);
#6242=STYLED_ITEM('',(#11763),#6652);
#6243=STYLED_ITEM('',(#11763),#6653);
#6244=STYLED_ITEM('',(#11763),#6654);
#6245=STYLED_ITEM('',(#11763),#6655);
#6246=STYLED_ITEM('',(#11763),#6656);
#6247=STYLED_ITEM('',(#11763),#6657);
#6248=STYLED_ITEM('',(#11763),#6658);
#6249=STYLED_ITEM('',(#11763),#6659);
#6250=STYLED_ITEM('',(#11763),#6660);
#6251=STYLED_ITEM('',(#11763),#6661);
#6252=STYLED_ITEM('',(#11763),#6662);
#6253=STYLED_ITEM('',(#11763),#6663);
#6254=STYLED_ITEM('',(#11763),#6664);
#6255=STYLED_ITEM('',(#11763),#6665);
#6256=STYLED_ITEM('',(#11763),#6666);
#6257=STYLED_ITEM('',(#11763),#6667);
#6258=STYLED_ITEM('',(#11763),#6668);
#6259=STYLED_ITEM('',(#11763),#6669);
#6260=STYLED_ITEM('',(#11763),#6670);
#6261=STYLED_ITEM('',(#11763),#6671);
#6262=STYLED_ITEM('',(#11763),#6672);
#6263=STYLED_ITEM('',(#11763),#6673);
#6264=STYLED_ITEM('',(#11763),#6674);
#6265=STYLED_ITEM('',(#11763),#6675);
#6266=STYLED_ITEM('',(#11763),#6676);
#6267=STYLED_ITEM('',(#11763),#6677);
#6268=STYLED_ITEM('',(#11763),#6678);
#6269=STYLED_ITEM('',(#11763),#6679);
#6270=STYLED_ITEM('',(#11763),#6680);
#6271=STYLED_ITEM('',(#11763),#6681);
#6272=STYLED_ITEM('',(#11763),#6682);
#6273=STYLED_ITEM('',(#11763),#6683);
#6274=STYLED_ITEM('',(#11763),#6684);
#6275=STYLED_ITEM('',(#11763),#6685);
#6276=STYLED_ITEM('',(#11763),#6686);
#6277=STYLED_ITEM('',(#11763),#6687);
#6278=STYLED_ITEM('',(#11763),#6688);
#6279=STYLED_ITEM('',(#11763),#6689);
#6280=STYLED_ITEM('',(#11763),#6690);
#6281=STYLED_ITEM('',(#11763),#6691);
#6282=STYLED_ITEM('',(#11763),#6692);
#6283=STYLED_ITEM('',(#11763),#6693);
#6284=STYLED_ITEM('',(#11763),#6694);
#6285=STYLED_ITEM('',(#11763),#6695);
#6286=STYLED_ITEM('',(#11763),#6696);
#6287=STYLED_ITEM('',(#11763),#6697);
#6288=STYLED_ITEM('',(#11763),#6698);
#6289=STYLED_ITEM('',(#11763),#6699);
#6290=STYLED_ITEM('',(#11763),#6700);
#6291=STYLED_ITEM('',(#11763),#6701);
#6292=STYLED_ITEM('',(#11763),#6702);
#6293=STYLED_ITEM('',(#11763),#6703);
#6294=STYLED_ITEM('',(#11763),#6704);
#6295=STYLED_ITEM('',(#11763),#6705);
#6296=STYLED_ITEM('',(#11763),#6706);
#6297=STYLED_ITEM('',(#11763),#6707);
#6298=STYLED_ITEM('',(#11763),#6708);
#6299=STYLED_ITEM('',(#11763),#6709);
#6300=STYLED_ITEM('',(#11763),#6710);
#6301=STYLED_ITEM('',(#11763),#6711);
#6302=STYLED_ITEM('',(#11763),#6712);
#6303=STYLED_ITEM('',(#11763),#6713);
#6304=STYLED_ITEM('',(#11763),#6714);
#6305=STYLED_ITEM('',(#11763),#6715);
#6306=STYLED_ITEM('',(#11763),#6716);
#6307=STYLED_ITEM('',(#11763),#6717);
#6308=STYLED_ITEM('',(#11763),#6718);
#6309=STYLED_ITEM('',(#11763),#6719);
#6310=STYLED_ITEM('',(#11763),#6720);
#6311=STYLED_ITEM('',(#11763),#6721);
#6312=STYLED_ITEM('',(#11763),#6722);
#6313=STYLED_ITEM('',(#11763),#6723);
#6314=STYLED_ITEM('',(#11763),#6724);
#6315=STYLED_ITEM('',(#11763),#6725);
#6316=STYLED_ITEM('',(#11763),#6726);
#6317=STYLED_ITEM('',(#11763),#6727);
#6318=STYLED_ITEM('',(#11763),#6728);
#6319=STYLED_ITEM('',(#11763),#6729);
#6320=STYLED_ITEM('',(#11763),#6730);
#6321=STYLED_ITEM('',(#11763),#6731);
#6322=STYLED_ITEM('',(#11763),#6732);
#6323=STYLED_ITEM('',(#11763),#6733);
#6324=STYLED_ITEM('',(#11763),#6734);
#6325=STYLED_ITEM('',(#11763),#6735);
#6326=STYLED_ITEM('',(#11763),#6736);
#6327=STYLED_ITEM('',(#11763),#6737);
#6328=STYLED_ITEM('',(#11763),#6738);
#6329=STYLED_ITEM('',(#11763),#6739);
#6330=STYLED_ITEM('',(#11763),#6740);
#6331=STYLED_ITEM('',(#11763),#6741);
#6332=STYLED_ITEM('',(#11763),#6742);
#6333=STYLED_ITEM('',(#11763),#6743);
#6334=STYLED_ITEM('',(#11763),#6744);
#6335=STYLED_ITEM('',(#11763),#6745);
#6336=STYLED_ITEM('',(#11763),#6746);
#6337=STYLED_ITEM('',(#11763),#6747);
#6338=STYLED_ITEM('',(#11763),#6748);
#6339=STYLED_ITEM('',(#11763),#6749);
#6340=STYLED_ITEM('',(#11763),#6750);
#6341=STYLED_ITEM('',(#11763),#6751);
#6342=STYLED_ITEM('',(#11763),#6752);
#6343=STYLED_ITEM('',(#11763),#6753);
#6344=STYLED_ITEM('',(#11763),#6754);
#6345=STYLED_ITEM('',(#11763),#6755);
#6346=STYLED_ITEM('',(#11763),#6756);
#6347=STYLED_ITEM('',(#11763),#6757);
#6348=STYLED_ITEM('',(#11763),#6758);
#6349=STYLED_ITEM('',(#11763),#6759);
#6350=STYLED_ITEM('',(#11763),#6760);
#6351=STYLED_ITEM('',(#11763),#6761);
#6352=STYLED_ITEM('',(#11763),#6762);
#6353=STYLED_ITEM('',(#11763),#6763);
#6354=STYLED_ITEM('',(#11763),#6764);
#6355=STYLED_ITEM('',(#11763),#6765);
#6356=STYLED_ITEM('',(#11763),#6766);
#6357=STYLED_ITEM('',(#11763),#6767);
#6358=STYLED_ITEM('',(#11763),#6768);
#6359=STYLED_ITEM('',(#11763),#6769);
#6360=STYLED_ITEM('',(#11763),#6770);
#6361=STYLED_ITEM('',(#11763),#6771);
#6362=STYLED_ITEM('',(#11763),#6772);
#6363=STYLED_ITEM('',(#11763),#6773);
#6364=STYLED_ITEM('',(#11763),#6774);
#6365=STYLED_ITEM('',(#11763),#6775);
#6366=STYLED_ITEM('',(#11763),#6776);
#6367=STYLED_ITEM('',(#11763),#6777);
#6368=STYLED_ITEM('',(#11763),#6778);
#6369=STYLED_ITEM('',(#11763),#6779);
#6370=STYLED_ITEM('',(#11763),#6780);
#6371=STYLED_ITEM('',(#11763),#6781);
#6372=STYLED_ITEM('',(#11763),#6782);
#6373=STYLED_ITEM('',(#11763),#6783);
#6374=STYLED_ITEM('',(#11763),#6784);
#6375=STYLED_ITEM('',(#11763),#6785);
#6376=STYLED_ITEM('',(#11763),#6786);
#6377=STYLED_ITEM('',(#11763),#6787);
#6378=STYLED_ITEM('',(#11763),#6788);
#6379=STYLED_ITEM('',(#11763),#6789);
#6380=STYLED_ITEM('',(#11763),#6790);
#6381=STYLED_ITEM('',(#11763),#6791);
#6382=STYLED_ITEM('',(#11763),#6792);
#6383=STYLED_ITEM('',(#11763),#6793);
#6384=STYLED_ITEM('',(#11763),#6794);
#6385=STYLED_ITEM('',(#11763),#6795);
#6386=STYLED_ITEM('',(#11763),#6796);
#6387=STYLED_ITEM('',(#11763),#6797);
#6388=STYLED_ITEM('',(#11763),#6798);
#6389=STYLED_ITEM('',(#11763),#6799);
#6390=STYLED_ITEM('',(#11763),#6800);
#6391=STYLED_ITEM('',(#11763),#6801);
#6392=STYLED_ITEM('',(#11763),#6802);
#6393=STYLED_ITEM('',(#11763),#6803);
#6394=STYLED_ITEM('',(#11763),#6804);
#6395=STYLED_ITEM('',(#11763),#6805);
#6396=STYLED_ITEM('',(#11763),#6806);
#6397=STYLED_ITEM('',(#11763),#6807);
#6398=STYLED_ITEM('',(#11763),#6808);
#6399=STYLED_ITEM('',(#11763),#6809);
#6400=STYLED_ITEM('',(#11763),#6810);
#6401=STYLED_ITEM('',(#11763),#6811);
#6402=STYLED_ITEM('',(#11763),#6812);
#6403=STYLED_ITEM('',(#11763),#6813);
#6404=STYLED_ITEM('',(#11763),#6814);
#6405=STYLED_ITEM('',(#11763),#6815);
#6406=STYLED_ITEM('',(#11763),#6816);
#6407=STYLED_ITEM('',(#11763),#6817);
#6408=STYLED_ITEM('',(#11763),#6818);
#6409=STYLED_ITEM('',(#11763),#6819);
#6410=STYLED_ITEM('',(#11763),#6820);
#6411=STYLED_ITEM('',(#11763),#6821);
#6412=STYLED_ITEM('',(#11763),#6822);
#6413=STYLED_ITEM('',(#11763),#6823);
#6414=STYLED_ITEM('',(#11763),#6824);
#6415=STYLED_ITEM('',(#11763),#6825);
#6416=STYLED_ITEM('',(#11763),#6826);
#6417=STYLED_ITEM('',(#11763),#6827);
#6418=STYLED_ITEM('',(#11763),#6828);
#6419=STYLED_ITEM('',(#11763),#6829);
#6420=STYLED_ITEM('',(#11763),#6830);
#6421=STYLED_ITEM('',(#11763),#6831);
#6422=STYLED_ITEM('',(#11763),#6832);
#6423=STYLED_ITEM('',(#11763),#6833);
#6424=STYLED_ITEM('',(#11763),#6834);
#6425=STYLED_ITEM('',(#11763),#6835);
#6426=STYLED_ITEM('',(#11763),#6836);
#6427=STYLED_ITEM('',(#11763),#6837);
#6428=STYLED_ITEM('',(#11763),#6838);
#6429=STYLED_ITEM('',(#11763),#6839);
#6430=STYLED_ITEM('',(#11763),#6840);
#6431=STYLED_ITEM('',(#11763),#6841);
#6432=STYLED_ITEM('',(#11763),#6842);
#6433=STYLED_ITEM('',(#11763),#6843);
#6434=STYLED_ITEM('',(#11763),#6844);
#6435=STYLED_ITEM('',(#11763),#6845);
#6436=STYLED_ITEM('',(#11763),#6846);
#6437=STYLED_ITEM('',(#11763),#6847);
#6438=STYLED_ITEM('',(#11763),#6848);
#6439=STYLED_ITEM('',(#11763),#6849);
#6440=STYLED_ITEM('',(#11763),#6850);
#6441=STYLED_ITEM('',(#11763),#6851);
#6442=STYLED_ITEM('',(#11763),#6852);
#6443=STYLED_ITEM('',(#11763),#6853);
#6444=STYLED_ITEM('',(#11763),#6854);
#6445=STYLED_ITEM('',(#11763),#6855);
#6446=STYLED_ITEM('',(#11763),#6856);
#6447=STYLED_ITEM('',(#11763),#6857);
#6448=STYLED_ITEM('',(#11763),#6858);
#6449=STYLED_ITEM('',(#11763),#6859);
#6450=STYLED_ITEM('',(#11763),#6860);
#6451=STYLED_ITEM('',(#11763),#6861);
#6452=STYLED_ITEM('',(#11763),#6862);
#6453=STYLED_ITEM('',(#11763),#6863);
#6454=STYLED_ITEM('',(#11763),#6864);
#6455=STYLED_ITEM('',(#11763),#6865);
#6456=STYLED_ITEM('',(#11763),#6866);
#6457=STYLED_ITEM('',(#11763),#6867);
#6458=STYLED_ITEM('',(#11763),#6868);
#6459=STYLED_ITEM('',(#11763),#6869);
#6460=STYLED_ITEM('',(#11763),#6870);
#6461=STYLED_ITEM('',(#11763),#6871);
#6462=STYLED_ITEM('',(#11763),#6872);
#6463=STYLED_ITEM('',(#11763),#6873);
#6464=STYLED_ITEM('',(#11763),#6874);
#6465=STYLED_ITEM('',(#11763),#6875);
#6466=STYLED_ITEM('',(#11763),#6876);
#6467=STYLED_ITEM('',(#11763),#6877);
#6468=STYLED_ITEM('',(#11763),#6878);
#6469=STYLED_ITEM('',(#11763),#6879);
#6470=STYLED_ITEM('',(#11763),#6880);
#6471=STYLED_ITEM('',(#11763),#6881);
#6472=STYLED_ITEM('',(#11763),#6882);
#6473=STYLED_ITEM('',(#11763),#6883);
#6474=STYLED_ITEM('',(#11763),#6884);
#6475=STYLED_ITEM('',(#11763),#6885);
#6476=STYLED_ITEM('',(#11763),#6886);
#6477=STYLED_ITEM('',(#11763),#6887);
#6478=STYLED_ITEM('',(#11763),#6888);
#6479=STYLED_ITEM('',(#11763),#6889);
#6480=STYLED_ITEM('',(#11763),#6890);
#6481=STYLED_ITEM('',(#11763),#6891);
#6482=STYLED_ITEM('',(#11763),#6892);
#6483=STYLED_ITEM('',(#11763),#6893);
#6484=STYLED_ITEM('',(#11763),#6894);
#6485=STYLED_ITEM('',(#11763),#6895);
#6486=STYLED_ITEM('',(#11763),#6896);
#6487=STYLED_ITEM('',(#11763),#6897);
#6488=STYLED_ITEM('',(#11763),#6898);
#6489=STYLED_ITEM('',(#11763),#6899);
#6490=STYLED_ITEM('',(#11763),#6900);
#6491=STYLED_ITEM('',(#11763),#6901);
#6492=STYLED_ITEM('',(#11763),#6902);
#6493=STYLED_ITEM('',(#11763),#6903);
#6494=STYLED_ITEM('',(#11763),#6904);
#6495=STYLED_ITEM('',(#11763),#6905);
#6496=STYLED_ITEM('',(#11763),#6906);
#6497=STYLED_ITEM('',(#11763),#6907);
#6498=STYLED_ITEM('',(#11763),#6908);
#6499=STYLED_ITEM('',(#11763),#6909);
#6500=STYLED_ITEM('',(#11763),#6910);
#6501=STYLED_ITEM('',(#11763),#6911);
#6502=STYLED_ITEM('',(#11763),#6912);
#6503=STYLED_ITEM('',(#11763),#6913);
#6504=STYLED_ITEM('',(#11763),#6914);
#6505=STYLED_ITEM('',(#11763),#6915);
#6506=STYLED_ITEM('',(#11763),#6916);
#6507=STYLED_ITEM('',(#11763),#6917);
#6508=STYLED_ITEM('',(#11763),#6918);
#6509=STYLED_ITEM('',(#11763),#6919);
#6510=STYLED_ITEM('',(#11763),#6920);
#6511=STYLED_ITEM('',(#11763),#6921);
#6512=STYLED_ITEM('',(#11763),#6922);
#6513=STYLED_ITEM('',(#11763),#6923);
#6514=STYLED_ITEM('',(#11763),#6924);
#6515=STYLED_ITEM('',(#11763),#6925);
#6516=STYLED_ITEM('',(#11763),#6926);
#6517=STYLED_ITEM('',(#11763),#6927);
#6518=STYLED_ITEM('',(#11763),#6928);
#6519=STYLED_ITEM('',(#11763),#6929);
#6520=STYLED_ITEM('',(#11763),#6930);
#6521=STYLED_ITEM('',(#11763),#6931);
#6522=STYLED_ITEM('',(#11763),#6932);
#6523=STYLED_ITEM('',(#11763),#6933);
#6524=STYLED_ITEM('',(#11763),#6934);
#6525=STYLED_ITEM('',(#11763),#6935);
#6526=STYLED_ITEM('',(#11763),#6936);
#6527=STYLED_ITEM('',(#11763),#6937);
#6528=STYLED_ITEM('',(#11763),#6938);
#6529=STYLED_ITEM('',(#11763),#6939);
#6530=STYLED_ITEM('',(#11763),#6940);
#6531=STYLED_ITEM('',(#11763),#6941);
#6532=STYLED_ITEM('',(#11763),#6942);
#6533=STYLED_ITEM('',(#11763),#6943);
#6534=STYLED_ITEM('',(#11763),#6944);
#6535=STYLED_ITEM('',(#11763),#6945);
#6536=STYLED_ITEM('',(#11763),#6946);
#6537=STYLED_ITEM('',(#11763),#6947);
#6538=STYLED_ITEM('',(#11763),#6948);
#6539=STYLED_ITEM('',(#11763),#6949);
#6540=STYLED_ITEM('',(#11763),#6950);
#6541=STYLED_ITEM('',(#11763),#6951);
#6542=STYLED_ITEM('',(#11763),#6952);
#6543=STYLED_ITEM('',(#11763),#6953);
#6544=STYLED_ITEM('',(#11763),#6954);
#6545=STYLED_ITEM('',(#11763),#6955);
#6546=STYLED_ITEM('',(#11763),#6956);
#6547=STYLED_ITEM('',(#11763),#6957);
#6548=STYLED_ITEM('',(#11763),#6958);
#6549=STYLED_ITEM('',(#11763),#6959);
#6550=STYLED_ITEM('',(#11763),#6960);
#6551=STYLED_ITEM('',(#11763),#6961);
#6552=STYLED_ITEM('',(#11763),#6962);
#6553=STYLED_ITEM('',(#11763),#6963);
#6554=STYLED_ITEM('',(#11763),#6964);
#6555=STYLED_ITEM('',(#11763),#6965);
#6556=STYLED_ITEM('',(#11763),#6966);
#6557=STYLED_ITEM('',(#11763),#6967);
#6558=STYLED_ITEM('',(#11763),#6968);
#6559=STYLED_ITEM('',(#11763),#6969);
#6560=STYLED_ITEM('',(#11763),#6970);
#6561=STYLED_ITEM('',(#11763),#6971);
#6562=STYLED_ITEM('',(#11763),#6972);
#6563=STYLED_ITEM('',(#11763),#6973);
#6564=STYLED_ITEM('',(#11763),#6974);
#6565=STYLED_ITEM('',(#11763),#6975);
#6566=STYLED_ITEM('',(#11763),#6976);
#6567=STYLED_ITEM('',(#11763),#6977);
#6568=STYLED_ITEM('',(#11763),#6978);
#6569=STYLED_ITEM('',(#11763),#6979);
#6570=STYLED_ITEM('',(#11763),#6980);
#6571=STYLED_ITEM('',(#11763),#6981);
#6572=STYLED_ITEM('',(#11763),#6982);
#6573=STYLED_ITEM('',(#11763),#6983);
#6574=STYLED_ITEM('',(#11763),#6984);
#6575=STYLED_ITEM('',(#11763),#6985);
#6576=STYLED_ITEM('',(#11763),#6986);
#6577=STYLED_ITEM('',(#11763),#6987);
#6578=STYLED_ITEM('',(#11763),#6988);
#6579=STYLED_ITEM('',(#11763),#6989);
#6580=STYLED_ITEM('',(#11763),#6990);
#6581=STYLED_ITEM('',(#11763),#6991);
#6582=STYLED_ITEM('',(#11763),#6992);
#6583=STYLED_ITEM('',(#11763),#6993);
#6584=STYLED_ITEM('',(#11763),#6994);
#6585=STYLED_ITEM('',(#11763),#6995);
#6586=STYLED_ITEM('',(#11763),#6996);
#6587=STYLED_ITEM('',(#11763),#6997);
#6588=STYLED_ITEM('',(#11763),#6998);
#6589=STYLED_ITEM('',(#11763),#6999);
#6590=STYLED_ITEM('',(#11763),#7000);
#6591=STYLED_ITEM('',(#11763),#7001);
#6592=STYLED_ITEM('',(#11763),#7002);
#6593=STYLED_ITEM('',(#11763),#7003);
#6594=STYLED_ITEM('',(#11763),#7004);
#6595=STYLED_ITEM('',(#11763),#7005);
#6596=STYLED_ITEM('',(#11763),#7006);
#6597=STYLED_ITEM('',(#11763),#7007);
#6598=STYLED_ITEM('',(#11763),#7008);
#6599=STYLED_ITEM('',(#11763),#7009);
#6600=STYLED_ITEM('',(#11763),#7010);
#6601=STYLED_ITEM('',(#11763),#7011);
#6602=STYLED_ITEM('',(#11763),#7012);
#6603=STYLED_ITEM('',(#11763),#7013);
#6604=STYLED_ITEM('',(#11763),#7014);
#6605=STYLED_ITEM('',(#11763),#7015);
#6606=STYLED_ITEM('',(#11763),#7016);
#6607=STYLED_ITEM('',(#11763),#7017);
#6608=STYLED_ITEM('',(#11763),#7018);
#6609=STYLED_ITEM('',(#11763),#7019);
#6610=STYLED_ITEM('',(#11763),#7020);
#6611=STYLED_ITEM('',(#11763),#7021);
#6612=STYLED_ITEM('',(#11763),#7022);
#6613=STYLED_ITEM('',(#11763),#7023);
#6614=STYLED_ITEM('',(#11763),#7024);
#6615=STYLED_ITEM('',(#11763),#7025);
#6616=STYLED_ITEM('',(#11763),#7026);
#6617=STYLED_ITEM('',(#11763),#7027);
#6618=STYLED_ITEM('',(#11763),#7028);
#6619=STYLED_ITEM('',(#11763),#7029);
#6620=STYLED_ITEM('',(#11763),#7030);
#6621=STYLED_ITEM('',(#11763),#7031);
#6622=STYLED_ITEM('',(#11763),#7032);
#6623=STYLED_ITEM('',(#11763),#7033);
#6624=STYLED_ITEM('',(#11763),#7034);
#6625=STYLED_ITEM('',(#11763),#7035);
#6626=STYLED_ITEM('',(#11763),#7036);
#6627=STYLED_ITEM('',(#11763),#7037);
#6628=STYLED_ITEM('',(#11763),#7038);
#6629=STYLED_ITEM('',(#11763),#7039);
#6630=STYLED_ITEM('',(#11763),#7040);
#6631=STYLED_ITEM('',(#11763),#7041);
#6632=STYLED_ITEM('',(#11763),#7042);
#6633=STYLED_ITEM('',(#11763),#7043);
#6634=STYLED_ITEM('',(#11763),#7044);
#6635=STYLED_ITEM('',(#11763),#7045);
#6636=STYLED_ITEM('',(#11763),#7046);
#6637=STYLED_ITEM('',(#11763),#7047);
#6638=STYLED_ITEM('',(#11763),#7048);
#6639=STYLED_ITEM('',(#11763),#7049);
#6640=STYLED_ITEM('',(#11763),#7050);
#6641=STYLED_ITEM('',(#11763),#7051);
#6642=STYLED_ITEM('',(#11763),#13);
#6643=ADVANCED_FACE('',(#409),#6102,.T.);
#6644=ADVANCED_FACE('',(#410,#48),#159,.F.);
#6645=ADVANCED_FACE('',(#411),#160,.F.);
#6646=ADVANCED_FACE('',(#412),#161,.F.);
#6647=ADVANCED_FACE('',(#413),#162,.F.);
#6648=ADVANCED_FACE('',(#414),#163,.F.);
#6649=ADVANCED_FACE('',(#415),#164,.F.);
#6650=ADVANCED_FACE('',(#416),#165,.F.);
#6651=ADVANCED_FACE('',(#417),#166,.T.);
#6652=ADVANCED_FACE('',(#418),#6103,.T.);
#6653=ADVANCED_FACE('',(#419,#49),#167,.F.);
#6654=ADVANCED_FACE('',(#420),#168,.F.);
#6655=ADVANCED_FACE('',(#421),#169,.F.);
#6656=ADVANCED_FACE('',(#422),#170,.F.);
#6657=ADVANCED_FACE('',(#423),#171,.F.);
#6658=ADVANCED_FACE('',(#424),#172,.F.);
#6659=ADVANCED_FACE('',(#425),#173,.F.);
#6660=ADVANCED_FACE('',(#426),#174,.T.);
#6661=ADVANCED_FACE('',(#427),#6104,.T.);
#6662=ADVANCED_FACE('',(#428,#50),#175,.F.);
#6663=ADVANCED_FACE('',(#429),#176,.F.);
#6664=ADVANCED_FACE('',(#430),#177,.F.);
#6665=ADVANCED_FACE('',(#431),#178,.F.);
#6666=ADVANCED_FACE('',(#432),#179,.F.);
#6667=ADVANCED_FACE('',(#433),#180,.F.);
#6668=ADVANCED_FACE('',(#434),#181,.F.);
#6669=ADVANCED_FACE('',(#435),#182,.T.);
#6670=ADVANCED_FACE('',(#436),#6105,.T.);
#6671=ADVANCED_FACE('',(#437,#51),#183,.F.);
#6672=ADVANCED_FACE('',(#438),#184,.F.);
#6673=ADVANCED_FACE('',(#439),#185,.F.);
#6674=ADVANCED_FACE('',(#440),#186,.F.);
#6675=ADVANCED_FACE('',(#441),#187,.F.);
#6676=ADVANCED_FACE('',(#442),#188,.F.);
#6677=ADVANCED_FACE('',(#443),#189,.F.);
#6678=ADVANCED_FACE('',(#444),#190,.T.);
#6679=ADVANCED_FACE('',(#445),#20,.T.);
#6680=ADVANCED_FACE('',(#446),#6106,.T.);
#6681=ADVANCED_FACE('',(#447,#52),#191,.F.);
#6682=ADVANCED_FACE('',(#448),#192,.T.);
#6683=ADVANCED_FACE('',(#449),#193,.F.);
#6684=ADVANCED_FACE('',(#450),#194,.F.);
#6685=ADVANCED_FACE('',(#451),#195,.F.);
#6686=ADVANCED_FACE('',(#452),#196,.F.);
#6687=ADVANCED_FACE('',(#453),#197,.F.);
#6688=ADVANCED_FACE('',(#454),#198,.F.);
#6689=ADVANCED_FACE('',(#455),#199,.T.);
#6690=ADVANCED_FACE('',(#456),#6107,.T.);
#6691=ADVANCED_FACE('',(#457,#53),#200,.F.);
#6692=ADVANCED_FACE('',(#458),#201,.F.);
#6693=ADVANCED_FACE('',(#459),#202,.F.);
#6694=ADVANCED_FACE('',(#460),#203,.F.);
#6695=ADVANCED_FACE('',(#461),#204,.F.);
#6696=ADVANCED_FACE('',(#462),#205,.F.);
#6697=ADVANCED_FACE('',(#463),#206,.F.);
#6698=ADVANCED_FACE('',(#464),#207,.T.);
#6699=ADVANCED_FACE('',(#465),#6108,.T.);
#6700=ADVANCED_FACE('',(#466,#54),#208,.F.);
#6701=ADVANCED_FACE('',(#467),#209,.F.);
#6702=ADVANCED_FACE('',(#468),#210,.F.);
#6703=ADVANCED_FACE('',(#469),#211,.F.);
#6704=ADVANCED_FACE('',(#470),#212,.F.);
#6705=ADVANCED_FACE('',(#471),#213,.F.);
#6706=ADVANCED_FACE('',(#472),#214,.F.);
#6707=ADVANCED_FACE('',(#473),#215,.T.);
#6708=ADVANCED_FACE('',(#474,#55),#216,.T.);
#6709=ADVANCED_FACE('',(#475),#6109,.T.);
#6710=ADVANCED_FACE('',(#476),#21,.T.);
#6711=ADVANCED_FACE('',(#477),#6110,.T.);
#6712=ADVANCED_FACE('',(#478,#56),#217,.F.);
#6713=ADVANCED_FACE('',(#479),#218,.T.);
#6714=ADVANCED_FACE('',(#480),#219,.F.);
#6715=ADVANCED_FACE('',(#481),#220,.F.);
#6716=ADVANCED_FACE('',(#482),#221,.F.);
#6717=ADVANCED_FACE('',(#483),#222,.F.);
#6718=ADVANCED_FACE('',(#484),#223,.F.);
#6719=ADVANCED_FACE('',(#485),#224,.F.);
#6720=ADVANCED_FACE('',(#486),#225,.T.);
#6721=ADVANCED_FACE('',(#487),#6111,.F.);
#6722=ADVANCED_FACE('',(#488),#226,.T.);
#6723=ADVANCED_FACE('',(#489),#6112,.F.);
#6724=ADVANCED_FACE('',(#490),#6113,.F.);
#6725=ADVANCED_FACE('',(#491),#6114,.F.);
#6726=ADVANCED_FACE('',(#492),#6115,.F.);
#6727=ADVANCED_FACE('',(#493),#6116,.F.);
#6728=ADVANCED_FACE('',(#494),#6117,.F.);
#6729=ADVANCED_FACE('',(#495),#6118,.F.);
#6730=ADVANCED_FACE('',(#496),#6119,.F.);
#6731=ADVANCED_FACE('',(#497),#6120,.T.);
#6732=ADVANCED_FACE('',(#498),#227,.F.);
#6733=ADVANCED_FACE('',(#499),#6121,.T.);
#6734=ADVANCED_FACE('',(#500),#228,.F.);
#6735=ADVANCED_FACE('',(#501,#57,#58,#59,#60,#61,#62),#229,.T.);
#6736=ADVANCED_FACE('',(#502,#63,#64,#65,#66,#67,#68,#69),#230,.F.);
#6737=ADVANCED_FACE('',(#503),#6122,.T.);
#6738=ADVANCED_FACE('',(#504),#231,.F.);
#6739=ADVANCED_FACE('',(#505),#232,.F.);
#6740=ADVANCED_FACE('',(#506),#233,.T.);
#6741=ADVANCED_FACE('',(#507),#6123,.T.);
#6742=ADVANCED_FACE('',(#508),#234,.F.);
#6743=ADVANCED_FACE('',(#509,#70),#6124,.F.);
#6744=ADVANCED_FACE('',(#510,#71),#6125,.F.);
#6745=ADVANCED_FACE('',(#511),#235,.F.);
#6746=ADVANCED_FACE('',(#512,#72),#236,.T.);
#6747=ADVANCED_FACE('',(#513,#73),#237,.T.);
#6748=ADVANCED_FACE('',(#514,#74),#238,.T.);
#6749=ADVANCED_FACE('',(#515),#239,.T.);
#6750=ADVANCED_FACE('',(#516),#6126,.T.);
#6751=ADVANCED_FACE('',(#517),#6127,.F.);
#6752=ADVANCED_FACE('',(#518),#6128,.T.);
#6753=ADVANCED_FACE('',(#519),#6129,.T.);
#6754=ADVANCED_FACE('',(#520),#6130,.T.);
#6755=ADVANCED_FACE('',(#521),#22,.F.);
#6756=ADVANCED_FACE('',(#522),#6131,.F.);
#6757=ADVANCED_FACE('',(#523),#23,.F.);
#6758=ADVANCED_FACE('',(#524),#6132,.F.);
#6759=ADVANCED_FACE('',(#525),#24,.F.);
#6760=ADVANCED_FACE('',(#526),#6133,.F.);
#6761=ADVANCED_FACE('',(#527),#25,.F.);
#6762=ADVANCED_FACE('',(#528),#6134,.F.);
#6763=ADVANCED_FACE('',(#529),#26,.F.);
#6764=ADVANCED_FACE('',(#530),#6135,.F.);
#6765=ADVANCED_FACE('',(#531),#27,.F.);
#6766=ADVANCED_FACE('',(#532),#6136,.F.);
#6767=ADVANCED_FACE('',(#533),#28,.F.);
#6768=ADVANCED_FACE('',(#534),#6137,.F.);
#6769=ADVANCED_FACE('',(#535),#29,.F.);
#6770=ADVANCED_FACE('',(#536),#6138,.F.);
#6771=ADVANCED_FACE('',(#537),#30,.F.);
#6772=ADVANCED_FACE('',(#538),#6139,.F.);
#6773=ADVANCED_FACE('',(#539),#31,.F.);
#6774=ADVANCED_FACE('',(#540),#6140,.F.);
#6775=ADVANCED_FACE('',(#541),#240,.T.);
#6776=ADVANCED_FACE('',(#542),#6141,.T.);
#6777=ADVANCED_FACE('',(#543),#241,.F.);
#6778=ADVANCED_FACE('',(#544),#6142,.T.);
#6779=ADVANCED_FACE('',(#545),#242,.T.);
#6780=ADVANCED_FACE('',(#546),#243,.T.);
#6781=ADVANCED_FACE('',(#547),#244,.T.);
#6782=ADVANCED_FACE('',(#548),#6143,.T.);
#6783=ADVANCED_FACE('',(#549),#245,.T.);
#6784=ADVANCED_FACE('',(#550,#75),#246,.F.);
#6785=ADVANCED_FACE('',(#551),#247,.T.);
#6786=ADVANCED_FACE('',(#552),#248,.T.);
#6787=ADVANCED_FACE('',(#553),#249,.T.);
#6788=ADVANCED_FACE('',(#554),#250,.T.);
#6789=ADVANCED_FACE('',(#555),#251,.T.);
#6790=ADVANCED_FACE('',(#556,#76),#252,.T.);
#6791=ADVANCED_FACE('',(#557,#77),#253,.T.);
#6792=ADVANCED_FACE('',(#558,#78),#254,.T.);
#6793=ADVANCED_FACE('',(#559,#79),#255,.T.);
#6794=ADVANCED_FACE('',(#560,#80),#256,.T.);
#6795=ADVANCED_FACE('',(#561,#81),#257,.T.);
#6796=ADVANCED_FACE('',(#562,#82,#83,#84,#85,#86,#87,#88,#89,#90,#91,#92,
#93),#258,.T.);
#6797=ADVANCED_FACE('',(#563),#6144,.T.);
#6798=ADVANCED_FACE('',(#564),#6145,.F.);
#6799=ADVANCED_FACE('',(#565),#6146,.F.);
#6800=ADVANCED_FACE('',(#566),#6147,.F.);
#6801=ADVANCED_FACE('',(#567),#6148,.F.);
#6802=ADVANCED_FACE('',(#568),#6149,.F.);
#6803=ADVANCED_FACE('',(#569),#6150,.F.);
#6804=ADVANCED_FACE('',(#570),#6151,.F.);
#6805=ADVANCED_FACE('',(#571),#6152,.F.);
#6806=ADVANCED_FACE('',(#572),#6153,.F.);
#6807=ADVANCED_FACE('',(#573),#6154,.F.);
#6808=ADVANCED_FACE('',(#574),#6155,.F.);
#6809=ADVANCED_FACE('',(#575),#6156,.F.);
#6810=ADVANCED_FACE('',(#576,#94),#259,.F.);
#6811=ADVANCED_FACE('',(#577,#95,#96,#97,#98),#260,.T.);
#6812=ADVANCED_FACE('',(#578,#99),#261,.T.);
#6813=ADVANCED_FACE('',(#579,#100),#262,.T.);
#6814=ADVANCED_FACE('',(#580,#101,#102,#103,#104),#263,.T.);
#6815=ADVANCED_FACE('',(#581,#105),#264,.T.);
#6816=ADVANCED_FACE('',(#582),#265,.T.);
#6817=ADVANCED_FACE('',(#583),#6157,.T.);
#6818=ADVANCED_FACE('',(#584),#6158,.F.);
#6819=ADVANCED_FACE('',(#585),#6159,.T.);
#6820=ADVANCED_FACE('',(#586),#6160,.T.);
#6821=ADVANCED_FACE('',(#587),#6161,.T.);
#6822=ADVANCED_FACE('',(#588),#32,.F.);
#6823=ADVANCED_FACE('',(#589),#6162,.F.);
#6824=ADVANCED_FACE('',(#590),#33,.F.);
#6825=ADVANCED_FACE('',(#591),#6163,.F.);
#6826=ADVANCED_FACE('',(#592),#34,.F.);
#6827=ADVANCED_FACE('',(#593),#6164,.F.);
#6828=ADVANCED_FACE('',(#594),#35,.F.);
#6829=ADVANCED_FACE('',(#595),#6165,.F.);
#6830=ADVANCED_FACE('',(#596),#36,.F.);
#6831=ADVANCED_FACE('',(#597),#6166,.F.);
#6832=ADVANCED_FACE('',(#598),#37,.F.);
#6833=ADVANCED_FACE('',(#599),#6167,.F.);
#6834=ADVANCED_FACE('',(#600),#38,.F.);
#6835=ADVANCED_FACE('',(#601),#6168,.F.);
#6836=ADVANCED_FACE('',(#602),#39,.F.);
#6837=ADVANCED_FACE('',(#603),#6169,.F.);
#6838=ADVANCED_FACE('',(#604),#40,.F.);
#6839=ADVANCED_FACE('',(#605),#6170,.F.);
#6840=ADVANCED_FACE('',(#606),#41,.F.);
#6841=ADVANCED_FACE('',(#607),#6171,.F.);
#6842=ADVANCED_FACE('',(#608),#266,.T.);
#6843=ADVANCED_FACE('',(#609),#6172,.T.);
#6844=ADVANCED_FACE('',(#610),#267,.F.);
#6845=ADVANCED_FACE('',(#611),#6173,.T.);
#6846=ADVANCED_FACE('',(#612),#268,.T.);
#6847=ADVANCED_FACE('',(#613),#269,.T.);
#6848=ADVANCED_FACE('',(#614),#270,.T.);
#6849=ADVANCED_FACE('',(#615),#6174,.T.);
#6850=ADVANCED_FACE('',(#616),#271,.T.);
#6851=ADVANCED_FACE('',(#617,#106),#272,.F.);
#6852=ADVANCED_FACE('',(#618),#273,.T.);
#6853=ADVANCED_FACE('',(#619),#274,.T.);
#6854=ADVANCED_FACE('',(#620),#275,.T.);
#6855=ADVANCED_FACE('',(#621),#276,.T.);
#6856=ADVANCED_FACE('',(#622),#277,.T.);
#6857=ADVANCED_FACE('',(#623,#107),#278,.T.);
#6858=ADVANCED_FACE('',(#624,#108),#279,.T.);
#6859=ADVANCED_FACE('',(#625,#109),#280,.T.);
#6860=ADVANCED_FACE('',(#626,#110),#281,.T.);
#6861=ADVANCED_FACE('',(#627,#111),#282,.T.);
#6862=ADVANCED_FACE('',(#628,#112),#283,.T.);
#6863=ADVANCED_FACE('',(#629,#113,#114,#115,#116,#117,#118,#119,#120,#121,
#122,#123,#124),#284,.F.);
#6864=ADVANCED_FACE('',(#630),#6175,.T.);
#6865=ADVANCED_FACE('',(#631),#6176,.F.);
#6866=ADVANCED_FACE('',(#632),#6177,.F.);
#6867=ADVANCED_FACE('',(#633),#6178,.F.);
#6868=ADVANCED_FACE('',(#634),#6179,.F.);
#6869=ADVANCED_FACE('',(#635),#6180,.F.);
#6870=ADVANCED_FACE('',(#636),#6181,.F.);
#6871=ADVANCED_FACE('',(#637),#6182,.F.);
#6872=ADVANCED_FACE('',(#638),#6183,.F.);
#6873=ADVANCED_FACE('',(#639),#6184,.F.);
#6874=ADVANCED_FACE('',(#640),#6185,.F.);
#6875=ADVANCED_FACE('',(#641),#6186,.F.);
#6876=ADVANCED_FACE('',(#642),#6187,.F.);
#6877=ADVANCED_FACE('',(#643,#125),#285,.T.);
#6878=ADVANCED_FACE('',(#644),#6188,.T.);
#6879=ADVANCED_FACE('',(#645),#286,.F.);
#6880=ADVANCED_FACE('',(#646),#6189,.F.);
#6881=ADVANCED_FACE('',(#647),#6190,.T.);
#6882=ADVANCED_FACE('',(#648),#6191,.F.);
#6883=ADVANCED_FACE('',(#649),#287,.F.);
#6884=ADVANCED_FACE('',(#650),#288,.F.);
#6885=ADVANCED_FACE('',(#651),#6192,.F.);
#6886=ADVANCED_FACE('',(#652),#6193,.T.);
#6887=ADVANCED_FACE('',(#653),#6194,.F.);
#6888=ADVANCED_FACE('',(#654),#289,.F.);
#6889=ADVANCED_FACE('',(#655),#6195,.T.);
#6890=ADVANCED_FACE('',(#656),#6196,.T.);
#6891=ADVANCED_FACE('',(#657),#6197,.T.);
#6892=ADVANCED_FACE('',(#658),#6198,.T.);
#6893=ADVANCED_FACE('',(#659),#290,.T.);
#6894=ADVANCED_FACE('',(#660),#6199,.F.);
#6895=ADVANCED_FACE('',(#661),#291,.F.);
#6896=ADVANCED_FACE('',(#662),#6200,.F.);
#6897=ADVANCED_FACE('',(#663),#292,.F.);
#6898=ADVANCED_FACE('',(#664),#6201,.F.);
#6899=ADVANCED_FACE('',(#665),#293,.T.);
#6900=ADVANCED_FACE('',(#666),#6202,.F.);
#6901=ADVANCED_FACE('',(#667),#6203,.F.);
#6902=ADVANCED_FACE('',(#668),#6204,.F.);
#6903=ADVANCED_FACE('',(#669),#294,.F.);
#6904=ADVANCED_FACE('',(#670),#295,.F.);
#6905=ADVANCED_FACE('',(#671),#6205,.F.);
#6906=ADVANCED_FACE('',(#672,#126),#296,.T.);
#6907=ADVANCED_FACE('',(#673,#127,#128,#129,#130,#131,#132,#133,#134,#135,
#136),#297,.F.);
#6908=ADVANCED_FACE('',(#674),#298,.F.);
#6909=ADVANCED_FACE('',(#675),#299,.F.);
#6910=ADVANCED_FACE('',(#676,#137,#138,#139,#140,#141),#300,.T.);
#6911=ADVANCED_FACE('',(#677),#6206,.F.);
#6912=ADVANCED_FACE('',(#678),#6207,.F.);
#6913=ADVANCED_FACE('',(#679),#6208,.T.);
#6914=ADVANCED_FACE('',(#680),#6209,.T.);
#6915=ADVANCED_FACE('',(#681),#6210,.T.);
#6916=ADVANCED_FACE('',(#682),#6211,.T.);
#6917=ADVANCED_FACE('',(#683),#6212,.T.);
#6918=ADVANCED_FACE('',(#684),#6213,.T.);
#6919=ADVANCED_FACE('',(#685),#6214,.T.);
#6920=ADVANCED_FACE('',(#686),#6215,.T.);
#6921=ADVANCED_FACE('',(#687),#301,.T.);
#6922=ADVANCED_FACE('',(#688),#302,.T.);
#6923=ADVANCED_FACE('',(#689),#303,.F.);
#6924=ADVANCED_FACE('',(#690),#304,.F.);
#6925=ADVANCED_FACE('',(#691),#305,.F.);
#6926=ADVANCED_FACE('',(#692),#306,.F.);
#6927=ADVANCED_FACE('',(#693),#307,.F.);
#6928=ADVANCED_FACE('',(#694),#308,.F.);
#6929=ADVANCED_FACE('',(#695,#142),#309,.F.);
#6930=ADVANCED_FACE('',(#696),#6216,.T.);
#6931=ADVANCED_FACE('',(#697),#310,.T.);
#6932=ADVANCED_FACE('',(#698),#311,.F.);
#6933=ADVANCED_FACE('',(#699),#312,.F.);
#6934=ADVANCED_FACE('',(#700),#313,.F.);
#6935=ADVANCED_FACE('',(#701),#314,.F.);
#6936=ADVANCED_FACE('',(#702),#315,.F.);
#6937=ADVANCED_FACE('',(#703),#316,.F.);
#6938=ADVANCED_FACE('',(#704),#317,.T.);
#6939=ADVANCED_FACE('',(#705,#143),#318,.F.);
#6940=ADVANCED_FACE('',(#706),#6217,.T.);
#6941=ADVANCED_FACE('',(#707),#42,.T.);
#6942=ADVANCED_FACE('',(#708),#6218,.T.);
#6943=ADVANCED_FACE('',(#709,#144),#319,.T.);
#6944=ADVANCED_FACE('',(#710),#320,.T.);
#6945=ADVANCED_FACE('',(#711),#321,.F.);
#6946=ADVANCED_FACE('',(#712),#322,.F.);
#6947=ADVANCED_FACE('',(#713),#323,.F.);
#6948=ADVANCED_FACE('',(#714),#324,.F.);
#6949=ADVANCED_FACE('',(#715),#325,.F.);
#6950=ADVANCED_FACE('',(#716),#326,.F.);
#6951=ADVANCED_FACE('',(#717),#327,.T.);
#6952=ADVANCED_FACE('',(#718,#145),#328,.F.);
#6953=ADVANCED_FACE('',(#719),#6219,.T.);
#6954=ADVANCED_FACE('',(#720),#43,.T.);
#6955=ADVANCED_FACE('',(#721),#6220,.T.);
#6956=ADVANCED_FACE('',(#722,#146),#329,.T.);
#6957=ADVANCED_FACE('',(#723),#330,.T.);
#6958=ADVANCED_FACE('',(#724),#331,.F.);
#6959=ADVANCED_FACE('',(#725),#332,.F.);
#6960=ADVANCED_FACE('',(#726),#333,.F.);
#6961=ADVANCED_FACE('',(#727),#334,.F.);
#6962=ADVANCED_FACE('',(#728),#335,.F.);
#6963=ADVANCED_FACE('',(#729),#336,.F.);
#6964=ADVANCED_FACE('',(#730),#337,.T.);
#6965=ADVANCED_FACE('',(#731,#147),#338,.F.);
#6966=ADVANCED_FACE('',(#732),#6221,.T.);
#6967=ADVANCED_FACE('',(#733),#44,.T.);
#6968=ADVANCED_FACE('',(#734),#6222,.T.);
#6969=ADVANCED_FACE('',(#735,#148),#339,.T.);
#6970=ADVANCED_FACE('',(#736),#340,.T.);
#6971=ADVANCED_FACE('',(#737),#341,.F.);
#6972=ADVANCED_FACE('',(#738),#342,.F.);
#6973=ADVANCED_FACE('',(#739),#343,.F.);
#6974=ADVANCED_FACE('',(#740),#344,.F.);
#6975=ADVANCED_FACE('',(#741),#345,.F.);
#6976=ADVANCED_FACE('',(#742),#346,.F.);
#6977=ADVANCED_FACE('',(#743),#347,.T.);
#6978=ADVANCED_FACE('',(#744,#149),#348,.F.);
#6979=ADVANCED_FACE('',(#745),#6223,.T.);
#6980=ADVANCED_FACE('',(#746),#45,.T.);
#6981=ADVANCED_FACE('',(#747),#6224,.T.);
#6982=ADVANCED_FACE('',(#748,#150),#349,.T.);
#6983=ADVANCED_FACE('',(#749),#350,.T.);
#6984=ADVANCED_FACE('',(#750),#351,.F.);
#6985=ADVANCED_FACE('',(#751),#352,.F.);
#6986=ADVANCED_FACE('',(#752),#353,.F.);
#6987=ADVANCED_FACE('',(#753),#354,.F.);
#6988=ADVANCED_FACE('',(#754),#355,.F.);
#6989=ADVANCED_FACE('',(#755),#356,.F.);
#6990=ADVANCED_FACE('',(#756),#357,.T.);
#6991=ADVANCED_FACE('',(#757,#151),#358,.F.);
#6992=ADVANCED_FACE('',(#758),#6225,.T.);
#6993=ADVANCED_FACE('',(#759),#46,.T.);
#6994=ADVANCED_FACE('',(#760),#6226,.T.);
#6995=ADVANCED_FACE('',(#761,#152),#359,.T.);
#6996=ADVANCED_FACE('',(#762),#360,.T.);
#6997=ADVANCED_FACE('',(#763),#361,.F.);
#6998=ADVANCED_FACE('',(#764),#362,.F.);
#6999=ADVANCED_FACE('',(#765),#363,.F.);
#7000=ADVANCED_FACE('',(#766),#364,.F.);
#7001=ADVANCED_FACE('',(#767),#365,.F.);
#7002=ADVANCED_FACE('',(#768),#366,.F.);
#7003=ADVANCED_FACE('',(#769,#153),#367,.F.);
#7004=ADVANCED_FACE('',(#770),#6227,.T.);
#7005=ADVANCED_FACE('',(#771),#368,.T.);
#7006=ADVANCED_FACE('',(#772),#369,.F.);
#7007=ADVANCED_FACE('',(#773),#370,.F.);
#7008=ADVANCED_FACE('',(#774),#371,.F.);
#7009=ADVANCED_FACE('',(#775),#372,.F.);
#7010=ADVANCED_FACE('',(#776),#373,.F.);
#7011=ADVANCED_FACE('',(#777),#374,.F.);
#7012=ADVANCED_FACE('',(#778),#375,.T.);
#7013=ADVANCED_FACE('',(#779,#154),#376,.F.);
#7014=ADVANCED_FACE('',(#780),#6228,.T.);
#7015=ADVANCED_FACE('',(#781),#47,.T.);
#7016=ADVANCED_FACE('',(#782),#377,.T.);
#7017=ADVANCED_FACE('',(#783),#378,.F.);
#7018=ADVANCED_FACE('',(#784),#379,.F.);
#7019=ADVANCED_FACE('',(#785),#380,.F.);
#7020=ADVANCED_FACE('',(#786),#381,.F.);
#7021=ADVANCED_FACE('',(#787),#382,.F.);
#7022=ADVANCED_FACE('',(#788),#383,.F.);
#7023=ADVANCED_FACE('',(#789,#155),#384,.F.);
#7024=ADVANCED_FACE('',(#790),#6229,.T.);
#7025=ADVANCED_FACE('',(#791),#385,.T.);
#7026=ADVANCED_FACE('',(#792),#386,.F.);
#7027=ADVANCED_FACE('',(#793),#387,.F.);
#7028=ADVANCED_FACE('',(#794),#388,.F.);
#7029=ADVANCED_FACE('',(#795),#389,.F.);
#7030=ADVANCED_FACE('',(#796),#390,.F.);
#7031=ADVANCED_FACE('',(#797),#391,.F.);
#7032=ADVANCED_FACE('',(#798,#156),#392,.F.);
#7033=ADVANCED_FACE('',(#799),#6230,.T.);
#7034=ADVANCED_FACE('',(#800),#393,.T.);
#7035=ADVANCED_FACE('',(#801),#394,.F.);
#7036=ADVANCED_FACE('',(#802),#395,.F.);
#7037=ADVANCED_FACE('',(#803),#396,.F.);
#7038=ADVANCED_FACE('',(#804),#397,.F.);
#7039=ADVANCED_FACE('',(#805),#398,.F.);
#7040=ADVANCED_FACE('',(#806),#399,.F.);
#7041=ADVANCED_FACE('',(#807,#157),#400,.F.);
#7042=ADVANCED_FACE('',(#808),#6231,.T.);
#7043=ADVANCED_FACE('',(#809),#401,.T.);
#7044=ADVANCED_FACE('',(#810),#402,.F.);
#7045=ADVANCED_FACE('',(#811),#403,.F.);
#7046=ADVANCED_FACE('',(#812),#404,.F.);
#7047=ADVANCED_FACE('',(#813),#405,.F.);
#7048=ADVANCED_FACE('',(#814),#406,.F.);
#7049=ADVANCED_FACE('',(#815),#407,.F.);
#7050=ADVANCED_FACE('',(#816,#158),#408,.F.);
#7051=ADVANCED_FACE('',(#817),#6232,.T.);
#7052=CLOSED_SHELL('',(#6643,#6644,#6645,#6646,#6647,#6648,#6649,#6650,
#6651,#6652,#6653,#6654,#6655,#6656,#6657,#6658,#6659,#6660,#6661,#6662,
#6663,#6664,#6665,#6666,#6667,#6668,#6669,#6670,#6671,#6672,#6673,#6674,
#6675,#6676,#6677,#6678,#6679,#6680,#6681,#6682,#6683,#6684,#6685,#6686,
#6687,#6688,#6689,#6690,#6691,#6692,#6693,#6694,#6695,#6696,#6697,#6698,
#6699,#6700,#6701,#6702,#6703,#6704,#6705,#6706,#6707,#6708,#6709,#6710,
#6711,#6712,#6713,#6714,#6715,#6716,#6717,#6718,#6719,#6720,#6721,#6722,
#6723,#6724,#6725,#6726,#6727,#6728,#6729,#6730,#6731,#6732,#6733,#6734,
#6735,#6736,#6737,#6738,#6739,#6740,#6741,#6742,#6743,#6744,#6745,#6746,
#6747,#6748,#6749,#6750,#6751,#6752,#6753,#6754,#6755,#6756,#6757,#6758,
#6759,#6760,#6761,#6762,#6763,#6764,#6765,#6766,#6767,#6768,#6769,#6770,
#6771,#6772,#6773,#6774,#6775,#6776,#6777,#6778,#6779,#6780,#6781,#6782,
#6783,#6784,#6785,#6786,#6787,#6788,#6789,#6790,#6791,#6792,#6793,#6794,
#6795,#6796,#6797,#6798,#6799,#6800,#6801,#6802,#6803,#6804,#6805,#6806,
#6807,#6808,#6809,#6810,#6811,#6812,#6813,#6814,#6815,#6816,#6817,#6818,
#6819,#6820,#6821,#6822,#6823,#6824,#6825,#6826,#6827,#6828,#6829,#6830,
#6831,#6832,#6833,#6834,#6835,#6836,#6837,#6838,#6839,#6840,#6841,#6842,
#6843,#6844,#6845,#6846,#6847,#6848,#6849,#6850,#6851,#6852,#6853,#6854,
#6855,#6856,#6857,#6858,#6859,#6860,#6861,#6862,#6863,#6864,#6865,#6866,
#6867,#6868,#6869,#6870,#6871,#6872,#6873,#6874,#6875,#6876,#6877,#6878,
#6879,#6880,#6881,#6882,#6883,#6884,#6885,#6886,#6887,#6888,#6889,#6890,
#6891,#6892,#6893,#6894,#6895,#6896,#6897,#6898,#6899,#6900,#6901,#6902,
#6903,#6904,#6905,#6906,#6907,#6908,#6909,#6910,#6911,#6912,#6913,#6914,
#6915,#6916,#6917,#6918,#6919,#6920,#6921,#6922,#6923,#6924,#6925,#6926,
#6927,#6928,#6929,#6930,#6931,#6932,#6933,#6934,#6935,#6936,#6937,#6938,
#6939,#6940,#6941,#6942,#6943,#6944,#6945,#6946,#6947,#6948,#6949,#6950,
#6951,#6952,#6953,#6954,#6955,#6956,#6957,#6958,#6959,#6960,#6961,#6962,
#6963,#6964,#6965,#6966,#6967,#6968,#6969,#6970,#6971,#6972,#6973,#6974,
#6975,#6976,#6977,#6978,#6979,#6980,#6981,#6982,#6983,#6984,#6985,#6986,
#6987,#6988,#6989,#6990,#6991,#6992,#6993,#6994,#6995,#6996,#6997,#6998,
#6999,#7000,#7001,#7002,#7003,#7004,#7005,#7006,#7007,#7008,#7009,#7010,
#7011,#7012,#7013,#7014,#7015,#7016,#7017,#7018,#7019,#7020,#7021,#7022,
#7023,#7024,#7025,#7026,#7027,#7028,#7029,#7030,#7031,#7032,#7033,#7034,
#7035,#7036,#7037,#7038,#7039,#7040,#7041,#7042,#7043,#7044,#7045,#7046,
#7047,#7048,#7049,#7050,#7051));
#7053=DERIVED_UNIT_ELEMENT(#7056,1.);
#7054=DERIVED_UNIT_ELEMENT(#11749,-3.);
#7055=DIMENSIONAL_EXPONENTS(1.,0.,0.,0.,0.,0.,0.);
#7056=(
CONVERSION_BASED_UNIT('gram',#7058)
MASS_UNIT()
NAMED_UNIT(#7055)
);
#7057=(
MASS_UNIT()
NAMED_UNIT(*)
SI_UNIT(.KILO.,.GRAM.)
);
#7058=MASS_MEASURE_WITH_UNIT(MASS_MEASURE(0.001),#7057);
#7059=DERIVED_UNIT((#7053,#7054));
#7060=MEASURE_REPRESENTATION_ITEM('density measure',
POSITIVE_RATIO_MEASURE(1.),#7059);
#7061=PROPERTY_DEFINITION_REPRESENTATION(#7066,#7063);
#7062=PROPERTY_DEFINITION_REPRESENTATION(#7067,#7064);
#7063=REPRESENTATION('material name',(#7065),#11746);
#7064=REPRESENTATION('density',(#7060),#11746);
#7065=DESCRIPTIVE_REPRESENTATION_ITEM('Generic','Generic');
#7066=PROPERTY_DEFINITION('material property','material name',#11756);
#7067=PROPERTY_DEFINITION('material property','density of part',#11756);
#7068=DATE_TIME_ROLE('creation_date');
#7069=APPLIED_DATE_AND_TIME_ASSIGNMENT(#7070,#7068,(#11756));
#7070=DATE_AND_TIME(#7071,#7072);
#7071=CALENDAR_DATE(2026,19,6);
#7072=LOCAL_TIME(0,0,0.,#7073);
#7073=COORDINATED_UNIVERSAL_TIME_OFFSET(0,0,.BEHIND.);
#7074=AXIS2_PLACEMENT_3D('placement',#9746,#7762,#7763);
#7075=AXIS2_PLACEMENT_3D('',#9747,#7764,#7765);
#7076=AXIS2_PLACEMENT_3D('',#9749,#7766,#7767);
#7077=AXIS2_PLACEMENT_3D('',#9752,#7769,#7770);
#7078=AXIS2_PLACEMENT_3D('',#9753,#7771,#7772);
#7079=AXIS2_PLACEMENT_3D('',#9766,#7779,#7780);
#7080=AXIS2_PLACEMENT_3D('',#9772,#7784,#7785);
#7081=AXIS2_PLACEMENT_3D('',#9776,#7788,#7789);
#7082=AXIS2_PLACEMENT_3D('',#9780,#7792,#7793);
#7083=AXIS2_PLACEMENT_3D('',#9784,#7796,#7797);
#7084=AXIS2_PLACEMENT_3D('',#9788,#7800,#7801);
#7085=AXIS2_PLACEMENT_3D('',#9790,#7803,#7804);
#7086=AXIS2_PLACEMENT_3D('',#9791,#7805,#7806);
#7087=AXIS2_PLACEMENT_3D('',#9793,#7807,#7808);
#7088=AXIS2_PLACEMENT_3D('',#9796,#7810,#7811);
#7089=AXIS2_PLACEMENT_3D('',#9797,#7812,#7813);
#7090=AXIS2_PLACEMENT_3D('',#9810,#7820,#7821);
#7091=AXIS2_PLACEMENT_3D('',#9816,#7825,#7826);
#7092=AXIS2_PLACEMENT_3D('',#9820,#7829,#7830);
#7093=AXIS2_PLACEMENT_3D('',#9824,#7833,#7834);
#7094=AXIS2_PLACEMENT_3D('',#9828,#7837,#7838);
#7095=AXIS2_PLACEMENT_3D('',#9832,#7841,#7842);
#7096=AXIS2_PLACEMENT_3D('',#9834,#7844,#7845);
#7097=AXIS2_PLACEMENT_3D('',#9835,#7846,#7847);
#7098=AXIS2_PLACEMENT_3D('',#9837,#7848,#7849);
#7099=AXIS2_PLACEMENT_3D('',#9840,#7851,#7852);
#7100=AXIS2_PLACEMENT_3D('',#9841,#7853,#7854);
#7101=AXIS2_PLACEMENT_3D('',#9854,#7861,#7862);
#7102=AXIS2_PLACEMENT_3D('',#9860,#7866,#7867);
#7103=AXIS2_PLACEMENT_3D('',#9864,#7870,#7871);
#7104=AXIS2_PLACEMENT_3D('',#9868,#7874,#7875);
#7105=AXIS2_PLACEMENT_3D('',#9872,#7878,#7879);
#7106=AXIS2_PLACEMENT_3D('',#9876,#7882,#7883);
#7107=AXIS2_PLACEMENT_3D('',#9878,#7885,#7886);
#7108=AXIS2_PLACEMENT_3D('',#9879,#7887,#7888);
#7109=AXIS2_PLACEMENT_3D('',#9881,#7889,#7890);
#7110=AXIS2_PLACEMENT_3D('',#9884,#7892,#7893);
#7111=AXIS2_PLACEMENT_3D('',#9885,#7894,#7895);
#7112=AXIS2_PLACEMENT_3D('',#9898,#7902,#7903);
#7113=AXIS2_PLACEMENT_3D('',#9904,#7907,#7908);
#7114=AXIS2_PLACEMENT_3D('',#9908,#7911,#7912);
#7115=AXIS2_PLACEMENT_3D('',#9912,#7915,#7916);
#7116=AXIS2_PLACEMENT_3D('',#9916,#7919,#7920);
#7117=AXIS2_PLACEMENT_3D('',#9920,#7923,#7924);
#7118=AXIS2_PLACEMENT_3D('',#9922,#7926,#7927);
#7119=AXIS2_PLACEMENT_3D('',#9923,#7928,#7929);
#7120=AXIS2_PLACEMENT_3D('',#9925,#7930,#7931);
#7121=AXIS2_PLACEMENT_3D('',#9928,#7933,#7934);
#7122=AXIS2_PLACEMENT_3D('',#9929,#7935,#7936);
#7123=AXIS2_PLACEMENT_3D('',#9931,#7937,#7938);
#7124=AXIS2_PLACEMENT_3D('',#9934,#7940,#7941);
#7125=AXIS2_PLACEMENT_3D('',#9935,#7942,#7943);
#7126=AXIS2_PLACEMENT_3D('',#9948,#7950,#7951);
#7127=AXIS2_PLACEMENT_3D('',#9949,#7952,#7953);
#7128=AXIS2_PLACEMENT_3D('',#9955,#7957,#7958);
#7129=AXIS2_PLACEMENT_3D('',#9959,#7961,#7962);
#7130=AXIS2_PLACEMENT_3D('',#9963,#7965,#7966);
#7131=AXIS2_PLACEMENT_3D('',#9967,#7969,#7970);
#7132=AXIS2_PLACEMENT_3D('',#9971,#7973,#7974);
#7133=AXIS2_PLACEMENT_3D('',#9973,#7976,#7977);
#7134=AXIS2_PLACEMENT_3D('',#9974,#7978,#7979);
#7135=AXIS2_PLACEMENT_3D('',#9976,#7980,#7981);
#7136=AXIS2_PLACEMENT_3D('',#9979,#7983,#7984);
#7137=AXIS2_PLACEMENT_3D('',#9980,#7985,#7986);
#7138=AXIS2_PLACEMENT_3D('',#9993,#7993,#7994);
#7139=AXIS2_PLACEMENT_3D('',#9999,#7998,#7999);
#7140=AXIS2_PLACEMENT_3D('',#10003,#8002,#8003);
#7141=AXIS2_PLACEMENT_3D('',#10007,#8006,#8007);
#7142=AXIS2_PLACEMENT_3D('',#10011,#8010,#8011);
#7143=AXIS2_PLACEMENT_3D('',#10015,#8014,#8015);
#7144=AXIS2_PLACEMENT_3D('',#10017,#8017,#8018);
#7145=AXIS2_PLACEMENT_3D('',#10018,#8019,#8020);
#7146=AXIS2_PLACEMENT_3D('',#10020,#8021,#8022);
#7147=AXIS2_PLACEMENT_3D('',#10023,#8024,#8025);
#7148=AXIS2_PLACEMENT_3D('',#10024,#8026,#8027);
#7149=AXIS2_PLACEMENT_3D('',#10037,#8034,#8035);
#7150=AXIS2_PLACEMENT_3D('',#10043,#8039,#8040);
#7151=AXIS2_PLACEMENT_3D('',#10047,#8043,#8044);
#7152=AXIS2_PLACEMENT_3D('',#10051,#8047,#8048);
#7153=AXIS2_PLACEMENT_3D('',#10055,#8051,#8052);
#7154=AXIS2_PLACEMENT_3D('',#10059,#8055,#8056);
#7155=AXIS2_PLACEMENT_3D('',#10061,#8058,#8059);
#7156=AXIS2_PLACEMENT_3D('',#10062,#8060,#8061);
#7157=AXIS2_PLACEMENT_3D('',#10064,#8062,#8063);
#7158=AXIS2_PLACEMENT_3D('',#10066,#8064,#8065);
#7159=AXIS2_PLACEMENT_3D('',#10067,#8066,#8067);
#7160=AXIS2_PLACEMENT_3D('',#10070,#8069,#8070);
#7161=AXIS2_PLACEMENT_3D('',#10071,#8071,#8072);
#7162=AXIS2_PLACEMENT_3D('',#10074,#8074,#8075);
#7163=AXIS2_PLACEMENT_3D('',#10075,#8076,#8077);
#7164=AXIS2_PLACEMENT_3D('',#10077,#8078,#8079);
#7165=AXIS2_PLACEMENT_3D('',#10080,#8081,#8082);
#7166=AXIS2_PLACEMENT_3D('',#10081,#8083,#8084);
#7167=AXIS2_PLACEMENT_3D('',#10094,#8091,#8092);
#7168=AXIS2_PLACEMENT_3D('',#10095,#8093,#8094);
#7169=AXIS2_PLACEMENT_3D('',#10101,#8098,#8099);
#7170=AXIS2_PLACEMENT_3D('',#10105,#8102,#8103);
#7171=AXIS2_PLACEMENT_3D('',#10109,#8106,#8107);
#7172=AXIS2_PLACEMENT_3D('',#10113,#8110,#8111);
#7173=AXIS2_PLACEMENT_3D('',#10117,#8114,#8115);
#7174=AXIS2_PLACEMENT_3D('',#10119,#8117,#8118);
#7175=AXIS2_PLACEMENT_3D('',#10120,#8119,#8120);
#7176=AXIS2_PLACEMENT_3D('',#10122,#8121,#8122);
#7177=AXIS2_PLACEMENT_3D('',#10125,#8124,#8125);
#7178=AXIS2_PLACEMENT_3D('',#10126,#8126,#8127);
#7179=AXIS2_PLACEMENT_3D('',#10127,#8128,#8129);
#7180=AXIS2_PLACEMENT_3D('',#10169,#8131,#8132);
#7181=AXIS2_PLACEMENT_3D('',#10170,#8133,#8134);
#7182=AXIS2_PLACEMENT_3D('',#10211,#8136,#8137);
#7183=AXIS2_PLACEMENT_3D('',#10213,#8138,#8139);
#7184=AXIS2_PLACEMENT_3D('',#10215,#8141,#8142);
#7185=AXIS2_PLACEMENT_3D('',#10217,#8143,#8144);
#7186=AXIS2_PLACEMENT_3D('',#10220,#8146,#8147);
#7187=AXIS2_PLACEMENT_3D('',#10221,#8148,#8149);
#7188=AXIS2_PLACEMENT_3D('',#10223,#8150,#8151);
#7189=AXIS2_PLACEMENT_3D('',#10226,#8153,#8154);
#7190=AXIS2_PLACEMENT_3D('',#10227,#8155,#8156);
#7191=AXIS2_PLACEMENT_3D('',#10229,#8157,#8158);
#7192=AXIS2_PLACEMENT_3D('',#10232,#8160,#8161);
#7193=AXIS2_PLACEMENT_3D('',#10233,#8162,#8163);
#7194=AXIS2_PLACEMENT_3D('',#10235,#8164,#8165);
#7195=AXIS2_PLACEMENT_3D('',#10238,#8167,#8168);
#7196=AXIS2_PLACEMENT_3D('',#10239,#8169,#8170);
#7197=AXIS2_PLACEMENT_3D('',#10241,#8171,#8172);
#7198=AXIS2_PLACEMENT_3D('',#10244,#8174,#8175);
#7199=AXIS2_PLACEMENT_3D('',#10245,#8176,#8177);
#7200=AXIS2_PLACEMENT_3D('',#10248,#8178,#8179);
#7201=AXIS2_PLACEMENT_3D('',#10252,#8181,#8182);
#7202=AXIS2_PLACEMENT_3D('',#10254,#8184,#8185);
#7203=AXIS2_PLACEMENT_3D('',#10263,#8189,#8190);
#7204=AXIS2_PLACEMENT_3D('',#10267,#8193,#8194);
#7205=AXIS2_PLACEMENT_3D('',#10269,#8195,#8196);
#7206=AXIS2_PLACEMENT_3D('',#10272,#8198,#8199);
#7207=AXIS2_PLACEMENT_3D('',#10273,#8200,#8201);
#7208=AXIS2_PLACEMENT_3D('',#10281,#8205,#8206);
#7209=AXIS2_PLACEMENT_3D('',#10283,#8208,#8209);
#7210=AXIS2_PLACEMENT_3D('',#10295,#8216,#8217);
#7211=AXIS2_PLACEMENT_3D('',#10297,#8218,#8219);
#7212=AXIS2_PLACEMENT_3D('',#10299,#8220,#8221);
#7213=AXIS2_PLACEMENT_3D('',#10301,#8222,#8223);
#7214=AXIS2_PLACEMENT_3D('',#10303,#8224,#8225);
#7215=AXIS2_PLACEMENT_3D('',#10304,#8226,#8227);
#7216=AXIS2_PLACEMENT_3D('',#10311,#8232,#8233);
#7217=AXIS2_PLACEMENT_3D('',#10313,#8234,#8235);
#7218=AXIS2_PLACEMENT_3D('',#10326,#8237,#8238);
#7219=AXIS2_PLACEMENT_3D('',#10335,#8239,#8240);
#7220=AXIS2_PLACEMENT_3D('',#10337,#8242,#8243);
#7221=AXIS2_PLACEMENT_3D('',#10338,#8244,#8245);
#7222=AXIS2_PLACEMENT_3D('',#10340,#8247,#8248);
#7223=AXIS2_PLACEMENT_3D('',#10345,#8251,#8252);
#7224=AXIS2_PLACEMENT_3D('',#10346,#8253,#8254);
#7225=AXIS2_PLACEMENT_3D('',#10347,#8255,#8256);
#7226=AXIS2_PLACEMENT_3D('',#10358,#8257,#8258);
#7227=AXIS2_PLACEMENT_3D('',#10367,#8259,#8260);
#7228=AXIS2_PLACEMENT_3D('',#10369,#8262,#8263);
#7229=AXIS2_PLACEMENT_3D('',#10370,#8264,#8265);
#7230=AXIS2_PLACEMENT_3D('',#10371,#8266,#8267);
#7231=AXIS2_PLACEMENT_3D('',#10372,#8268,#8269);
#7232=AXIS2_PLACEMENT_3D('',#10374,#8270,#8271);
#7233=AXIS2_PLACEMENT_3D('',#10376,#8272,#8273);
#7234=AXIS2_PLACEMENT_3D('',#10377,#8274,#8275);
#7235=AXIS2_PLACEMENT_3D('',#10379,#8276,#8277);
#7236=AXIS2_PLACEMENT_3D('',#10381,#8278,#8279);
#7237=AXIS2_PLACEMENT_3D('',#10382,#8280,#8281);
#7238=AXIS2_PLACEMENT_3D('',#10384,#8282,#8283);
#7239=AXIS2_PLACEMENT_3D('',#10386,#8284,#8285);
#7240=AXIS2_PLACEMENT_3D('',#10387,#8286,#8287);
#7241=AXIS2_PLACEMENT_3D('',#10389,#8288,#8289);
#7242=AXIS2_PLACEMENT_3D('',#10390,#8290,#8291);
#7243=AXIS2_PLACEMENT_3D('',#10392,#8292,#8293);
#7244=AXIS2_PLACEMENT_3D('',#10394,#8295,#8296);
#7245=AXIS2_PLACEMENT_3D('',#10398,#8298,#8299);
#7246=AXIS2_PLACEMENT_3D('',#10400,#8300,#8301);
#7247=AXIS2_PLACEMENT_3D('',#10401,#8302,#8303);
#7248=AXIS2_PLACEMENT_3D('',#10402,#8304,#8305);
#7249=AXIS2_PLACEMENT_3D('',#10405,#8306,#8307);
#7250=AXIS2_PLACEMENT_3D('',#10407,#8308,#8309);
#7251=AXIS2_PLACEMENT_3D('',#10409,#8311,#8312);
#7252=AXIS2_PLACEMENT_3D('',#10410,#8313,#8314);
#7253=AXIS2_PLACEMENT_3D('',#10412,#8316,#8317);
#7254=AXIS2_PLACEMENT_3D('',#10415,#8319,#8320);
#7255=AXIS2_PLACEMENT_3D('',#10416,#8321,#8322);
#7256=AXIS2_PLACEMENT_3D('',#10420,#8324,#8325);
#7257=AXIS2_PLACEMENT_3D('',#10421,#8326,#8327);
#7258=AXIS2_PLACEMENT_3D('',#10424,#8329,#8330);
#7259=AXIS2_PLACEMENT_3D('',#10425,#8331,#8332);
#7260=AXIS2_PLACEMENT_3D('',#10429,#8334,#8335);
#7261=AXIS2_PLACEMENT_3D('',#10430,#8336,#8337);
#7262=AXIS2_PLACEMENT_3D('',#10433,#8339,#8340);
#7263=AXIS2_PLACEMENT_3D('',#10434,#8341,#8342);
#7264=AXIS2_PLACEMENT_3D('',#10438,#8344,#8345);
#7265=AXIS2_PLACEMENT_3D('',#10439,#8346,#8347);
#7266=AXIS2_PLACEMENT_3D('',#10442,#8349,#8350);
#7267=AXIS2_PLACEMENT_3D('',#10443,#8351,#8352);
#7268=AXIS2_PLACEMENT_3D('',#10447,#8354,#8355);
#7269=AXIS2_PLACEMENT_3D('',#10448,#8356,#8357);
#7270=AXIS2_PLACEMENT_3D('',#10451,#8359,#8360);
#7271=AXIS2_PLACEMENT_3D('',#10452,#8361,#8362);
#7272=AXIS2_PLACEMENT_3D('',#10456,#8364,#8365);
#7273=AXIS2_PLACEMENT_3D('',#10457,#8366,#8367);
#7274=AXIS2_PLACEMENT_3D('',#10460,#8369,#8370);
#7275=AXIS2_PLACEMENT_3D('',#10461,#8371,#8372);
#7276=AXIS2_PLACEMENT_3D('',#10465,#8374,#8375);
#7277=AXIS2_PLACEMENT_3D('',#10466,#8376,#8377);
#7278=AXIS2_PLACEMENT_3D('',#10469,#8379,#8380);
#7279=AXIS2_PLACEMENT_3D('',#10470,#8381,#8382);
#7280=AXIS2_PLACEMENT_3D('',#10474,#8384,#8385);
#7281=AXIS2_PLACEMENT_3D('',#10475,#8386,#8387);
#7282=AXIS2_PLACEMENT_3D('',#10478,#8389,#8390);
#7283=AXIS2_PLACEMENT_3D('',#10479,#8391,#8392);
#7284=AXIS2_PLACEMENT_3D('',#10483,#8394,#8395);
#7285=AXIS2_PLACEMENT_3D('',#10484,#8396,#8397);
#7286=AXIS2_PLACEMENT_3D('',#10487,#8399,#8400);
#7287=AXIS2_PLACEMENT_3D('',#10488,#8401,#8402);
#7288=AXIS2_PLACEMENT_3D('',#10492,#8404,#8405);
#7289=AXIS2_PLACEMENT_3D('',#10493,#8406,#8407);
#7290=AXIS2_PLACEMENT_3D('',#10496,#8409,#8410);
#7291=AXIS2_PLACEMENT_3D('',#10497,#8411,#8412);
#7292=AXIS2_PLACEMENT_3D('',#10501,#8414,#8415);
#7293=AXIS2_PLACEMENT_3D('',#10502,#8416,#8417);
#7294=AXIS2_PLACEMENT_3D('',#10505,#8419,#8420);
#7295=AXIS2_PLACEMENT_3D('',#10506,#8421,#8422);
#7296=AXIS2_PLACEMENT_3D('',#10511,#8424,#8425);
#7297=AXIS2_PLACEMENT_3D('',#10519,#8429,#8430);
#7298=AXIS2_PLACEMENT_3D('',#10522,#8432,#8433);
#7299=AXIS2_PLACEMENT_3D('',#10523,#8434,#8435);
#7300=AXIS2_PLACEMENT_3D('',#10526,#8436,#8437);
#7301=AXIS2_PLACEMENT_3D('',#10529,#8440,#8441);
#7302=AXIS2_PLACEMENT_3D('',#10533,#8444,#8445);
#7303=AXIS2_PLACEMENT_3D('',#10535,#8446,#8447);
#7304=AXIS2_PLACEMENT_3D('',#10537,#8449,#8450);
#7305=AXIS2_PLACEMENT_3D('',#10541,#8453,#8454);
#7306=AXIS2_PLACEMENT_3D('',#10545,#8457,#8458);
#7307=AXIS2_PLACEMENT_3D('',#10549,#8461,#8462);
#7308=AXIS2_PLACEMENT_3D('',#10551,#8463,#8464);
#7309=AXIS2_PLACEMENT_3D('',#10553,#8466,#8467);
#7310=AXIS2_PLACEMENT_3D('',#10555,#8469,#8470);
#7311=AXIS2_PLACEMENT_3D('',#10556,#8471,#8472);
#7312=AXIS2_PLACEMENT_3D('',#10558,#8473,#8474);
#7313=AXIS2_PLACEMENT_3D('',#10559,#8475,#8476);
#7314=AXIS2_PLACEMENT_3D('',#10561,#8477,#8478);
#7315=AXIS2_PLACEMENT_3D('',#10562,#8479,#8480);
#7316=AXIS2_PLACEMENT_3D('',#10564,#8481,#8482);
#7317=AXIS2_PLACEMENT_3D('',#10565,#8483,#8484);
#7318=AXIS2_PLACEMENT_3D('',#10567,#8485,#8486);
#7319=AXIS2_PLACEMENT_3D('',#10568,#8487,#8488);
#7320=AXIS2_PLACEMENT_3D('',#10570,#8489,#8490);
#7321=AXIS2_PLACEMENT_3D('',#10571,#8491,#8492);
#7322=AXIS2_PLACEMENT_3D('',#10573,#8493,#8494);
#7323=AXIS2_PLACEMENT_3D('',#10574,#8495,#8496);
#7324=AXIS2_PLACEMENT_3D('',#10576,#8497,#8498);
#7325=AXIS2_PLACEMENT_3D('',#10577,#8499,#8500);
#7326=AXIS2_PLACEMENT_3D('',#10579,#8501,#8502);
#7327=AXIS2_PLACEMENT_3D('',#10580,#8503,#8504);
#7328=AXIS2_PLACEMENT_3D('',#10582,#8505,#8506);
#7329=AXIS2_PLACEMENT_3D('',#10583,#8507,#8508);
#7330=AXIS2_PLACEMENT_3D('',#10585,#8509,#8510);
#7331=AXIS2_PLACEMENT_3D('',#10586,#8511,#8512);
#7332=AXIS2_PLACEMENT_3D('',#10588,#8513,#8514);
#7333=AXIS2_PLACEMENT_3D('',#10589,#8515,#8516);
#7334=AXIS2_PLACEMENT_3D('',#10591,#8517,#8518);
#7335=AXIS2_PLACEMENT_3D('',#10593,#8519,#8520);
#7336=AXIS2_PLACEMENT_3D('',#10595,#8521,#8522);
#7337=AXIS2_PLACEMENT_3D('',#10597,#8523,#8524);
#7338=AXIS2_PLACEMENT_3D('',#10599,#8525,#8526);
#7339=AXIS2_PLACEMENT_3D('',#10601,#8527,#8528);
#7340=AXIS2_PLACEMENT_3D('',#10603,#8529,#8530);
#7341=AXIS2_PLACEMENT_3D('',#10605,#8531,#8532);
#7342=AXIS2_PLACEMENT_3D('',#10607,#8533,#8534);
#7343=AXIS2_PLACEMENT_3D('',#10609,#8535,#8536);
#7344=AXIS2_PLACEMENT_3D('',#10611,#8537,#8538);
#7345=AXIS2_PLACEMENT_3D('',#10613,#8539,#8540);
#7346=AXIS2_PLACEMENT_3D('',#10615,#8541,#8542);
#7347=AXIS2_PLACEMENT_3D('',#10616,#8543,#8544);
#7348=AXIS2_PLACEMENT_3D('',#10618,#8545,#8546);
#7349=AXIS2_PLACEMENT_3D('',#10620,#8548,#8549);
#7350=AXIS2_PLACEMENT_3D('',#10622,#8551,#8552);
#7351=AXIS2_PLACEMENT_3D('',#10624,#8554,#8555);
#7352=AXIS2_PLACEMENT_3D('',#10626,#8557,#8558);
#7353=AXIS2_PLACEMENT_3D('',#10628,#8560,#8561);
#7354=AXIS2_PLACEMENT_3D('',#10630,#8563,#8564);
#7355=AXIS2_PLACEMENT_3D('',#10632,#8566,#8567);
#7356=AXIS2_PLACEMENT_3D('',#10634,#8569,#8570);
#7357=AXIS2_PLACEMENT_3D('',#10636,#8572,#8573);
#7358=AXIS2_PLACEMENT_3D('',#10638,#8575,#8576);
#7359=AXIS2_PLACEMENT_3D('',#10640,#8578,#8579);
#7360=AXIS2_PLACEMENT_3D('',#10642,#8581,#8582);
#7361=AXIS2_PLACEMENT_3D('',#10644,#8584,#8585);
#7362=AXIS2_PLACEMENT_3D('',#10645,#8586,#8587);
#7363=AXIS2_PLACEMENT_3D('',#10646,#8588,#8589);
#7364=AXIS2_PLACEMENT_3D('',#10647,#8590,#8591);
#7365=AXIS2_PLACEMENT_3D('',#10648,#8592,#8593);
#7366=AXIS2_PLACEMENT_3D('',#10650,#8594,#8595);
#7367=AXIS2_PLACEMENT_3D('',#10652,#8596,#8597);
#7368=AXIS2_PLACEMENT_3D('',#10653,#8598,#8599);
#7369=AXIS2_PLACEMENT_3D('',#10655,#8600,#8601);
#7370=AXIS2_PLACEMENT_3D('',#10657,#8602,#8603);
#7371=AXIS2_PLACEMENT_3D('',#10658,#8604,#8605);
#7372=AXIS2_PLACEMENT_3D('',#10661,#8606,#8607);
#7373=AXIS2_PLACEMENT_3D('',#10663,#8608,#8609);
#7374=AXIS2_PLACEMENT_3D('',#10665,#8610,#8611);
#7375=AXIS2_PLACEMENT_3D('',#10666,#8612,#8613);
#7376=AXIS2_PLACEMENT_3D('',#10668,#8614,#8615);
#7377=AXIS2_PLACEMENT_3D('',#10670,#8616,#8617);
#7378=AXIS2_PLACEMENT_3D('',#10672,#8618,#8619);
#7379=AXIS2_PLACEMENT_3D('',#10674,#8620,#8621);
#7380=AXIS2_PLACEMENT_3D('',#10675,#8622,#8623);
#7381=AXIS2_PLACEMENT_3D('',#10677,#8624,#8625);
#7382=AXIS2_PLACEMENT_3D('',#10679,#8626,#8627);
#7383=AXIS2_PLACEMENT_3D('',#10680,#8628,#8629);
#7384=AXIS2_PLACEMENT_3D('',#10682,#8630,#8631);
#7385=AXIS2_PLACEMENT_3D('',#10683,#8632,#8633);
#7386=AXIS2_PLACEMENT_3D('',#10685,#8634,#8635);
#7387=AXIS2_PLACEMENT_3D('',#10687,#8637,#8638);
#7388=AXIS2_PLACEMENT_3D('',#10690,#8640,#8641);
#7389=AXIS2_PLACEMENT_3D('',#10691,#8642,#8643);
#7390=AXIS2_PLACEMENT_3D('',#10692,#8644,#8645);
#7391=AXIS2_PLACEMENT_3D('',#10694,#8646,#8647);
#7392=AXIS2_PLACEMENT_3D('',#10696,#8649,#8650);
#7393=AXIS2_PLACEMENT_3D('',#10697,#8651,#8652);
#7394=AXIS2_PLACEMENT_3D('',#10699,#8654,#8655);
#7395=AXIS2_PLACEMENT_3D('',#10702,#8657,#8658);
#7396=AXIS2_PLACEMENT_3D('',#10703,#8659,#8660);
#7397=AXIS2_PLACEMENT_3D('',#10707,#8662,#8663);
#7398=AXIS2_PLACEMENT_3D('',#10708,#8664,#8665);
#7399=AXIS2_PLACEMENT_3D('',#10711,#8667,#8668);
#7400=AXIS2_PLACEMENT_3D('',#10712,#8669,#8670);
#7401=AXIS2_PLACEMENT_3D('',#10716,#8672,#8673);
#7402=AXIS2_PLACEMENT_3D('',#10717,#8674,#8675);
#7403=AXIS2_PLACEMENT_3D('',#10720,#8677,#8678);
#7404=AXIS2_PLACEMENT_3D('',#10721,#8679,#8680);
#7405=AXIS2_PLACEMENT_3D('',#10725,#8682,#8683);
#7406=AXIS2_PLACEMENT_3D('',#10726,#8684,#8685);
#7407=AXIS2_PLACEMENT_3D('',#10729,#8687,#8688);
#7408=AXIS2_PLACEMENT_3D('',#10730,#8689,#8690);
#7409=AXIS2_PLACEMENT_3D('',#10734,#8692,#8693);
#7410=AXIS2_PLACEMENT_3D('',#10735,#8694,#8695);
#7411=AXIS2_PLACEMENT_3D('',#10738,#8697,#8698);
#7412=AXIS2_PLACEMENT_3D('',#10739,#8699,#8700);
#7413=AXIS2_PLACEMENT_3D('',#10743,#8702,#8703);
#7414=AXIS2_PLACEMENT_3D('',#10744,#8704,#8705);
#7415=AXIS2_PLACEMENT_3D('',#10747,#8707,#8708);
#7416=AXIS2_PLACEMENT_3D('',#10748,#8709,#8710);
#7417=AXIS2_PLACEMENT_3D('',#10752,#8712,#8713);
#7418=AXIS2_PLACEMENT_3D('',#10753,#8714,#8715);
#7419=AXIS2_PLACEMENT_3D('',#10756,#8717,#8718);
#7420=AXIS2_PLACEMENT_3D('',#10757,#8719,#8720);
#7421=AXIS2_PLACEMENT_3D('',#10761,#8722,#8723);
#7422=AXIS2_PLACEMENT_3D('',#10762,#8724,#8725);
#7423=AXIS2_PLACEMENT_3D('',#10764,#8727,#8728);
#7424=AXIS2_PLACEMENT_3D('',#10768,#8730,#8731);
#7425=AXIS2_PLACEMENT_3D('',#10769,#8732,#8733);
#7426=AXIS2_PLACEMENT_3D('',#10771,#8735,#8736);
#7427=AXIS2_PLACEMENT_3D('',#10775,#8738,#8739);
#7428=AXIS2_PLACEMENT_3D('',#10776,#8740,#8741);
#7429=AXIS2_PLACEMENT_3D('',#10778,#8743,#8744);
#7430=AXIS2_PLACEMENT_3D('',#10782,#8746,#8747);
#7431=AXIS2_PLACEMENT_3D('',#10783,#8748,#8749);
#7432=AXIS2_PLACEMENT_3D('',#10785,#8751,#8752);
#7433=AXIS2_PLACEMENT_3D('',#10790,#8754,#8755);
#7434=AXIS2_PLACEMENT_3D('',#10798,#8759,#8760);
#7435=AXIS2_PLACEMENT_3D('',#10801,#8762,#8763);
#7436=AXIS2_PLACEMENT_3D('',#10802,#8764,#8765);
#7437=AXIS2_PLACEMENT_3D('',#10805,#8766,#8767);
#7438=AXIS2_PLACEMENT_3D('',#10808,#8770,#8771);
#7439=AXIS2_PLACEMENT_3D('',#10812,#8774,#8775);
#7440=AXIS2_PLACEMENT_3D('',#10814,#8776,#8777);
#7441=AXIS2_PLACEMENT_3D('',#10816,#8779,#8780);
#7442=AXIS2_PLACEMENT_3D('',#10820,#8783,#8784);
#7443=AXIS2_PLACEMENT_3D('',#10824,#8787,#8788);
#7444=AXIS2_PLACEMENT_3D('',#10828,#8791,#8792);
#7445=AXIS2_PLACEMENT_3D('',#10830,#8793,#8794);
#7446=AXIS2_PLACEMENT_3D('',#10832,#8796,#8797);
#7447=AXIS2_PLACEMENT_3D('',#10834,#8799,#8800);
#7448=AXIS2_PLACEMENT_3D('',#10835,#8801,#8802);
#7449=AXIS2_PLACEMENT_3D('',#10837,#8803,#8804);
#7450=AXIS2_PLACEMENT_3D('',#10838,#8805,#8806);
#7451=AXIS2_PLACEMENT_3D('',#10840,#8807,#8808);
#7452=AXIS2_PLACEMENT_3D('',#10841,#8809,#8810);
#7453=AXIS2_PLACEMENT_3D('',#10843,#8811,#8812);
#7454=AXIS2_PLACEMENT_3D('',#10844,#8813,#8814);
#7455=AXIS2_PLACEMENT_3D('',#10846,#8815,#8816);
#7456=AXIS2_PLACEMENT_3D('',#10847,#8817,#8818);
#7457=AXIS2_PLACEMENT_3D('',#10849,#8819,#8820);
#7458=AXIS2_PLACEMENT_3D('',#10850,#8821,#8822);
#7459=AXIS2_PLACEMENT_3D('',#10852,#8823,#8824);
#7460=AXIS2_PLACEMENT_3D('',#10853,#8825,#8826);
#7461=AXIS2_PLACEMENT_3D('',#10855,#8827,#8828);
#7462=AXIS2_PLACEMENT_3D('',#10856,#8829,#8830);
#7463=AXIS2_PLACEMENT_3D('',#10858,#8831,#8832);
#7464=AXIS2_PLACEMENT_3D('',#10859,#8833,#8834);
#7465=AXIS2_PLACEMENT_3D('',#10861,#8835,#8836);
#7466=AXIS2_PLACEMENT_3D('',#10862,#8837,#8838);
#7467=AXIS2_PLACEMENT_3D('',#10864,#8839,#8840);
#7468=AXIS2_PLACEMENT_3D('',#10865,#8841,#8842);
#7469=AXIS2_PLACEMENT_3D('',#10867,#8843,#8844);
#7470=AXIS2_PLACEMENT_3D('',#10868,#8845,#8846);
#7471=AXIS2_PLACEMENT_3D('',#10870,#8847,#8848);
#7472=AXIS2_PLACEMENT_3D('',#10872,#8849,#8850);
#7473=AXIS2_PLACEMENT_3D('',#10874,#8851,#8852);
#7474=AXIS2_PLACEMENT_3D('',#10876,#8853,#8854);
#7475=AXIS2_PLACEMENT_3D('',#10878,#8855,#8856);
#7476=AXIS2_PLACEMENT_3D('',#10880,#8857,#8858);
#7477=AXIS2_PLACEMENT_3D('',#10882,#8859,#8860);
#7478=AXIS2_PLACEMENT_3D('',#10884,#8861,#8862);
#7479=AXIS2_PLACEMENT_3D('',#10886,#8863,#8864);
#7480=AXIS2_PLACEMENT_3D('',#10888,#8865,#8866);
#7481=AXIS2_PLACEMENT_3D('',#10890,#8867,#8868);
#7482=AXIS2_PLACEMENT_3D('',#10892,#8869,#8870);
#7483=AXIS2_PLACEMENT_3D('',#10894,#8871,#8872);
#7484=AXIS2_PLACEMENT_3D('',#10895,#8873,#8874);
#7485=AXIS2_PLACEMENT_3D('',#10898,#8876,#8877);
#7486=AXIS2_PLACEMENT_3D('',#10899,#8878,#8879);
#7487=AXIS2_PLACEMENT_3D('',#10901,#8881,#8882);
#7488=AXIS2_PLACEMENT_3D('',#10903,#8884,#8885);
#7489=AXIS2_PLACEMENT_3D('',#10905,#8887,#8888);
#7490=AXIS2_PLACEMENT_3D('',#10907,#8890,#8891);
#7491=AXIS2_PLACEMENT_3D('',#10909,#8893,#8894);
#7492=AXIS2_PLACEMENT_3D('',#10911,#8896,#8897);
#7493=AXIS2_PLACEMENT_3D('',#10913,#8899,#8900);
#7494=AXIS2_PLACEMENT_3D('',#10915,#8902,#8903);
#7495=AXIS2_PLACEMENT_3D('',#10917,#8905,#8906);
#7496=AXIS2_PLACEMENT_3D('',#10919,#8908,#8909);
#7497=AXIS2_PLACEMENT_3D('',#10921,#8911,#8912);
#7498=AXIS2_PLACEMENT_3D('',#10923,#8914,#8915);
#7499=AXIS2_PLACEMENT_3D('',#10924,#8916,#8917);
#7500=AXIS2_PLACEMENT_3D('',#10927,#8918,#8919);
#7501=AXIS2_PLACEMENT_3D('',#10931,#8921,#8922);
#7502=AXIS2_PLACEMENT_3D('',#10933,#8924,#8925);
#7503=AXIS2_PLACEMENT_3D('',#10942,#8930,#8931);
#7504=AXIS2_PLACEMENT_3D('',#10946,#8933,#8934);
#7505=AXIS2_PLACEMENT_3D('',#10947,#8935,#8936);
#7506=AXIS2_PLACEMENT_3D('',#10948,#8937,#8938);
#7507=AXIS2_PLACEMENT_3D('',#10952,#8940,#8941);
#7508=AXIS2_PLACEMENT_3D('',#10953,#8942,#8943);
#7509=AXIS2_PLACEMENT_3D('',#10954,#8944,#8945);
#7510=AXIS2_PLACEMENT_3D('',#10958,#8947,#8948);
#7511=AXIS2_PLACEMENT_3D('',#10959,#8949,#8950);
#7512=AXIS2_PLACEMENT_3D('',#10960,#8951,#8952);
#7513=AXIS2_PLACEMENT_3D('',#10963,#8955,#8956);
#7514=AXIS2_PLACEMENT_3D('',#10969,#8960,#8961);
#7515=AXIS2_PLACEMENT_3D('',#10973,#8963,#8964);
#7516=AXIS2_PLACEMENT_3D('',#10974,#8965,#8966);
#7517=AXIS2_PLACEMENT_3D('',#10975,#8967,#8968);
#7518=AXIS2_PLACEMENT_3D('',#10979,#8970,#8971);
#7519=AXIS2_PLACEMENT_3D('',#10980,#8972,#8973);
#7520=AXIS2_PLACEMENT_3D('',#10981,#8974,#8975);
#7521=AXIS2_PLACEMENT_3D('',#10985,#8977,#8978);
#7522=AXIS2_PLACEMENT_3D('',#10986,#8979,#8980);
#7523=AXIS2_PLACEMENT_3D('',#10987,#8981,#8982);
#7524=AXIS2_PLACEMENT_3D('',#10993,#8986,#8987);
#7525=AXIS2_PLACEMENT_3D('',#10996,#8988,#8989);
#7526=AXIS2_PLACEMENT_3D('',#11000,#8991,#8992);
#7527=AXIS2_PLACEMENT_3D('',#11002,#8994,#8995);
#7528=AXIS2_PLACEMENT_3D('',#11005,#8996,#8997);
#7529=AXIS2_PLACEMENT_3D('',#11009,#8999,#9000);
#7530=AXIS2_PLACEMENT_3D('',#11011,#9002,#9003);
#7531=AXIS2_PLACEMENT_3D('',#11012,#9004,#9005);
#7532=AXIS2_PLACEMENT_3D('',#11016,#9007,#9008);
#7533=AXIS2_PLACEMENT_3D('',#11018,#9010,#9011);
#7534=AXIS2_PLACEMENT_3D('',#11021,#9013,#9014);
#7535=AXIS2_PLACEMENT_3D('',#11024,#9016,#9017);
#7536=AXIS2_PLACEMENT_3D('',#11025,#9018,#9019);
#7537=AXIS2_PLACEMENT_3D('',#11034,#9024,#9025);
#7538=AXIS2_PLACEMENT_3D('',#11035,#9026,#9027);
#7539=AXIS2_PLACEMENT_3D('',#11038,#9029,#9030);
#7540=AXIS2_PLACEMENT_3D('',#11039,#9031,#9032);
#7541=AXIS2_PLACEMENT_3D('',#11043,#9035,#9036);
#7542=AXIS2_PLACEMENT_3D('',#11045,#9037,#9038);
#7543=AXIS2_PLACEMENT_3D('',#11048,#9040,#9041);
#7544=AXIS2_PLACEMENT_3D('',#11049,#9042,#9043);
#7545=AXIS2_PLACEMENT_3D('',#11055,#9047,#9048);
#7546=AXIS2_PLACEMENT_3D('',#11057,#9049,#9050);
#7547=AXIS2_PLACEMENT_3D('',#11060,#9052,#9053);
#7548=AXIS2_PLACEMENT_3D('',#11061,#9054,#9055);
#7549=AXIS2_PLACEMENT_3D('',#11067,#9059,#9060);
#7550=AXIS2_PLACEMENT_3D('',#11068,#9061,#9062);
#7551=AXIS2_PLACEMENT_3D('',#11069,#9063,#9064);
#7552=AXIS2_PLACEMENT_3D('',#11070,#9065,#9066);
#7553=AXIS2_PLACEMENT_3D('',#11073,#9067,#9068);
#7554=AXIS2_PLACEMENT_3D('',#11077,#9070,#9071);
#7555=AXIS2_PLACEMENT_3D('',#11079,#9073,#9074);
#7556=AXIS2_PLACEMENT_3D('',#11080,#9075,#9076);
#7557=AXIS2_PLACEMENT_3D('',#11081,#9077,#9078);
#7558=AXIS2_PLACEMENT_3D('',#11097,#9087,#9088);
#7559=AXIS2_PLACEMENT_3D('',#11113,#9097,#9098);
#7560=AXIS2_PLACEMENT_3D('',#11116,#9099,#9100);
#7561=AXIS2_PLACEMENT_3D('',#11120,#9102,#9103);
#7562=AXIS2_PLACEMENT_3D('',#11122,#9105,#9106);
#7563=AXIS2_PLACEMENT_3D('',#11123,#9107,#9108);
#7564=AXIS2_PLACEMENT_3D('',#11124,#9109,#9110);
#7565=AXIS2_PLACEMENT_3D('',#11125,#9111,#9112);
#7566=AXIS2_PLACEMENT_3D('',#11126,#9113,#9114);
#7567=AXIS2_PLACEMENT_3D('',#11127,#9115,#9116);
#7568=AXIS2_PLACEMENT_3D('',#11130,#9117,#9118);
#7569=AXIS2_PLACEMENT_3D('',#11131,#9119,#9120);
#7570=AXIS2_PLACEMENT_3D('',#11132,#9121,#9122);
#7571=AXIS2_PLACEMENT_3D('',#11133,#9123,#9124);
#7572=AXIS2_PLACEMENT_3D('',#11134,#9125,#9126);
#7573=AXIS2_PLACEMENT_3D('',#11136,#9127,#9128);
#7574=AXIS2_PLACEMENT_3D('',#11138,#9129,#9130);
#7575=AXIS2_PLACEMENT_3D('',#11140,#9131,#9132);
#7576=AXIS2_PLACEMENT_3D('',#11142,#9133,#9134);
#7577=AXIS2_PLACEMENT_3D('',#11143,#9135,#9136);
#7578=AXIS2_PLACEMENT_3D('',#11144,#9137,#9138);
#7579=AXIS2_PLACEMENT_3D('',#11145,#9139,#9140);
#7580=AXIS2_PLACEMENT_3D('',#11146,#9141,#9142);
#7581=AXIS2_PLACEMENT_3D('',#11147,#9143,#9144);
#7582=AXIS2_PLACEMENT_3D('',#11148,#9145,#9146);
#7583=AXIS2_PLACEMENT_3D('',#11149,#9147,#9148);
#7584=AXIS2_PLACEMENT_3D('',#11150,#9149,#9150);
#7585=AXIS2_PLACEMENT_3D('',#11151,#9151,#9152);
#7586=AXIS2_PLACEMENT_3D('',#11153,#9153,#9154);
#7587=AXIS2_PLACEMENT_3D('',#11155,#9155,#9156);
#7588=AXIS2_PLACEMENT_3D('',#11157,#9157,#9158);
#7589=AXIS2_PLACEMENT_3D('',#11158,#9159,#9160);
#7590=AXIS2_PLACEMENT_3D('',#11159,#9161,#9162);
#7591=AXIS2_PLACEMENT_3D('',#11162,#9165,#9166);
#7592=AXIS2_PLACEMENT_3D('',#11163,#9167,#9168);
#7593=AXIS2_PLACEMENT_3D('',#11164,#9169,#9170);
#7594=AXIS2_PLACEMENT_3D('',#11165,#9171,#9172);
#7595=AXIS2_PLACEMENT_3D('',#11166,#9173,#9174);
#7596=AXIS2_PLACEMENT_3D('',#11167,#9175,#9176);
#7597=AXIS2_PLACEMENT_3D('',#11168,#9177,#9178);
#7598=AXIS2_PLACEMENT_3D('',#11169,#9179,#9180);
#7599=AXIS2_PLACEMENT_3D('',#11170,#9181,#9182);
#7600=AXIS2_PLACEMENT_3D('',#11171,#9183,#9184);
#7601=AXIS2_PLACEMENT_3D('',#11172,#9185,#9186);
#7602=AXIS2_PLACEMENT_3D('',#11173,#9187,#9188);
#7603=AXIS2_PLACEMENT_3D('',#11174,#9189,#9190);
#7604=AXIS2_PLACEMENT_3D('',#11175,#9191,#9192);
#7605=AXIS2_PLACEMENT_3D('',#11188,#9199,#9200);
#7606=AXIS2_PLACEMENT_3D('',#11194,#9204,#9205);
#7607=AXIS2_PLACEMENT_3D('',#11198,#9208,#9209);
#7608=AXIS2_PLACEMENT_3D('',#11202,#9212,#9213);
#7609=AXIS2_PLACEMENT_3D('',#11206,#9216,#9217);
#7610=AXIS2_PLACEMENT_3D('',#11210,#9220,#9221);
#7611=AXIS2_PLACEMENT_3D('',#11212,#9223,#9224);
#7612=AXIS2_PLACEMENT_3D('',#11214,#9225,#9226);
#7613=AXIS2_PLACEMENT_3D('',#11215,#9227,#9228);
#7614=AXIS2_PLACEMENT_3D('',#11217,#9230,#9231);
#7615=AXIS2_PLACEMENT_3D('',#11230,#9238,#9239);
#7616=AXIS2_PLACEMENT_3D('',#11236,#9243,#9244);
#7617=AXIS2_PLACEMENT_3D('',#11240,#9247,#9248);
#7618=AXIS2_PLACEMENT_3D('',#11244,#9251,#9252);
#7619=AXIS2_PLACEMENT_3D('',#11248,#9255,#9256);
#7620=AXIS2_PLACEMENT_3D('',#11252,#9259,#9260);
#7621=AXIS2_PLACEMENT_3D('',#11254,#9262,#9263);
#7622=AXIS2_PLACEMENT_3D('',#11256,#9264,#9265);
#7623=AXIS2_PLACEMENT_3D('',#11257,#9266,#9267);
#7624=AXIS2_PLACEMENT_3D('',#11259,#9268,#9269);
#7625=AXIS2_PLACEMENT_3D('',#11260,#9270,#9271);
#7626=AXIS2_PLACEMENT_3D('',#11262,#9273,#9274);
#7627=AXIS2_PLACEMENT_3D('',#11264,#9275,#9276);
#7628=AXIS2_PLACEMENT_3D('',#11266,#9278,#9279);
#7629=AXIS2_PLACEMENT_3D('',#11268,#9280,#9281);
#7630=AXIS2_PLACEMENT_3D('',#11270,#9283,#9284);
#7631=AXIS2_PLACEMENT_3D('',#11271,#9285,#9286);
#7632=AXIS2_PLACEMENT_3D('',#11284,#9293,#9294);
#7633=AXIS2_PLACEMENT_3D('',#11290,#9298,#9299);
#7634=AXIS2_PLACEMENT_3D('',#11294,#9302,#9303);
#7635=AXIS2_PLACEMENT_3D('',#11298,#9306,#9307);
#7636=AXIS2_PLACEMENT_3D('',#11302,#9310,#9311);
#7637=AXIS2_PLACEMENT_3D('',#11306,#9314,#9315);
#7638=AXIS2_PLACEMENT_3D('',#11308,#9317,#9318);
#7639=AXIS2_PLACEMENT_3D('',#11310,#9319,#9320);
#7640=AXIS2_PLACEMENT_3D('',#11311,#9321,#9322);
#7641=AXIS2_PLACEMENT_3D('',#11313,#9323,#9324);
#7642=AXIS2_PLACEMENT_3D('',#11314,#9325,#9326);
#7643=AXIS2_PLACEMENT_3D('',#11316,#9328,#9329);
#7644=AXIS2_PLACEMENT_3D('',#11318,#9330,#9331);
#7645=AXIS2_PLACEMENT_3D('',#11320,#9333,#9334);
#7646=AXIS2_PLACEMENT_3D('',#11322,#9335,#9336);
#7647=AXIS2_PLACEMENT_3D('',#11324,#9338,#9339);
#7648=AXIS2_PLACEMENT_3D('',#11325,#9340,#9341);
#7649=AXIS2_PLACEMENT_3D('',#11338,#9348,#9349);
#7650=AXIS2_PLACEMENT_3D('',#11344,#9353,#9354);
#7651=AXIS2_PLACEMENT_3D('',#11348,#9357,#9358);
#7652=AXIS2_PLACEMENT_3D('',#11352,#9361,#9362);
#7653=AXIS2_PLACEMENT_3D('',#11356,#9365,#9366);
#7654=AXIS2_PLACEMENT_3D('',#11360,#9369,#9370);
#7655=AXIS2_PLACEMENT_3D('',#11362,#9372,#9373);
#7656=AXIS2_PLACEMENT_3D('',#11364,#9374,#9375);
#7657=AXIS2_PLACEMENT_3D('',#11365,#9376,#9377);
#7658=AXIS2_PLACEMENT_3D('',#11367,#9378,#9379);
#7659=AXIS2_PLACEMENT_3D('',#11368,#9380,#9381);
#7660=AXIS2_PLACEMENT_3D('',#11370,#9383,#9384);
#7661=AXIS2_PLACEMENT_3D('',#11372,#9385,#9386);
#7662=AXIS2_PLACEMENT_3D('',#11374,#9388,#9389);
#7663=AXIS2_PLACEMENT_3D('',#11376,#9390,#9391);
#7664=AXIS2_PLACEMENT_3D('',#11378,#9393,#9394);
#7665=AXIS2_PLACEMENT_3D('',#11379,#9395,#9396);
#7666=AXIS2_PLACEMENT_3D('',#11392,#9403,#9404);
#7667=AXIS2_PLACEMENT_3D('',#11398,#9408,#9409);
#7668=AXIS2_PLACEMENT_3D('',#11402,#9412,#9413);
#7669=AXIS2_PLACEMENT_3D('',#11406,#9416,#9417);
#7670=AXIS2_PLACEMENT_3D('',#11410,#9420,#9421);
#7671=AXIS2_PLACEMENT_3D('',#11414,#9424,#9425);
#7672=AXIS2_PLACEMENT_3D('',#11416,#9427,#9428);
#7673=AXIS2_PLACEMENT_3D('',#11418,#9429,#9430);
#7674=AXIS2_PLACEMENT_3D('',#11419,#9431,#9432);
#7675=AXIS2_PLACEMENT_3D('',#11421,#9433,#9434);
#7676=AXIS2_PLACEMENT_3D('',#11422,#9435,#9436);
#7677=AXIS2_PLACEMENT_3D('',#11424,#9438,#9439);
#7678=AXIS2_PLACEMENT_3D('',#11426,#9440,#9441);
#7679=AXIS2_PLACEMENT_3D('',#11428,#9443,#9444);
#7680=AXIS2_PLACEMENT_3D('',#11430,#9445,#9446);
#7681=AXIS2_PLACEMENT_3D('',#11432,#9448,#9449);
#7682=AXIS2_PLACEMENT_3D('',#11433,#9450,#9451);
#7683=AXIS2_PLACEMENT_3D('',#11446,#9458,#9459);
#7684=AXIS2_PLACEMENT_3D('',#11452,#9463,#9464);
#7685=AXIS2_PLACEMENT_3D('',#11456,#9467,#9468);
#7686=AXIS2_PLACEMENT_3D('',#11460,#9471,#9472);
#7687=AXIS2_PLACEMENT_3D('',#11464,#9475,#9476);
#7688=AXIS2_PLACEMENT_3D('',#11468,#9479,#9480);
#7689=AXIS2_PLACEMENT_3D('',#11470,#9482,#9483);
#7690=AXIS2_PLACEMENT_3D('',#11472,#9484,#9485);
#7691=AXIS2_PLACEMENT_3D('',#11473,#9486,#9487);
#7692=AXIS2_PLACEMENT_3D('',#11475,#9488,#9489);
#7693=AXIS2_PLACEMENT_3D('',#11476,#9490,#9491);
#7694=AXIS2_PLACEMENT_3D('',#11478,#9493,#9494);
#7695=AXIS2_PLACEMENT_3D('',#11480,#9495,#9496);
#7696=AXIS2_PLACEMENT_3D('',#11482,#9498,#9499);
#7697=AXIS2_PLACEMENT_3D('',#11484,#9500,#9501);
#7698=AXIS2_PLACEMENT_3D('',#11486,#9503,#9504);
#7699=AXIS2_PLACEMENT_3D('',#11487,#9505,#9506);
#7700=AXIS2_PLACEMENT_3D('',#11500,#9513,#9514);
#7701=AXIS2_PLACEMENT_3D('',#11506,#9518,#9519);
#7702=AXIS2_PLACEMENT_3D('',#11510,#9522,#9523);
#7703=AXIS2_PLACEMENT_3D('',#11514,#9526,#9527);
#7704=AXIS2_PLACEMENT_3D('',#11518,#9530,#9531);
#7705=AXIS2_PLACEMENT_3D('',#11522,#9534,#9535);
#7706=AXIS2_PLACEMENT_3D('',#11524,#9537,#9538);
#7707=AXIS2_PLACEMENT_3D('',#11526,#9539,#9540);
#7708=AXIS2_PLACEMENT_3D('',#11527,#9541,#9542);
#7709=AXIS2_PLACEMENT_3D('',#11529,#9544,#9545);
#7710=AXIS2_PLACEMENT_3D('',#11542,#9552,#9553);
#7711=AXIS2_PLACEMENT_3D('',#11548,#9557,#9558);
#7712=AXIS2_PLACEMENT_3D('',#11552,#9561,#9562);
#7713=AXIS2_PLACEMENT_3D('',#11556,#9565,#9566);
#7714=AXIS2_PLACEMENT_3D('',#11560,#9569,#9570);
#7715=AXIS2_PLACEMENT_3D('',#11564,#9573,#9574);
#7716=AXIS2_PLACEMENT_3D('',#11566,#9576,#9577);
#7717=AXIS2_PLACEMENT_3D('',#11568,#9578,#9579);
#7718=AXIS2_PLACEMENT_3D('',#11569,#9580,#9581);
#7719=AXIS2_PLACEMENT_3D('',#11571,#9582,#9583);
#7720=AXIS2_PLACEMENT_3D('',#11572,#9584,#9585);
#7721=AXIS2_PLACEMENT_3D('',#11574,#9587,#9588);
#7722=AXIS2_PLACEMENT_3D('',#11576,#9590,#9591);
#7723=AXIS2_PLACEMENT_3D('',#11589,#9598,#9599);
#7724=AXIS2_PLACEMENT_3D('',#11595,#9603,#9604);
#7725=AXIS2_PLACEMENT_3D('',#11599,#9607,#9608);
#7726=AXIS2_PLACEMENT_3D('',#11603,#9611,#9612);
#7727=AXIS2_PLACEMENT_3D('',#11607,#9615,#9616);
#7728=AXIS2_PLACEMENT_3D('',#11611,#9619,#9620);
#7729=AXIS2_PLACEMENT_3D('',#11613,#9622,#9623);
#7730=AXIS2_PLACEMENT_3D('',#11615,#9624,#9625);
#7731=AXIS2_PLACEMENT_3D('',#11616,#9626,#9627);
#7732=AXIS2_PLACEMENT_3D('',#11618,#9629,#9630);
#7733=AXIS2_PLACEMENT_3D('',#11631,#9637,#9638);
#7734=AXIS2_PLACEMENT_3D('',#11637,#9642,#9643);
#7735=AXIS2_PLACEMENT_3D('',#11641,#9646,#9647);
#7736=AXIS2_PLACEMENT_3D('',#11645,#9650,#9651);
#7737=AXIS2_PLACEMENT_3D('',#11649,#9654,#9655);
#7738=AXIS2_PLACEMENT_3D('',#11653,#9658,#9659);
#7739=AXIS2_PLACEMENT_3D('',#11655,#9661,#9662);
#7740=AXIS2_PLACEMENT_3D('',#11657,#9663,#9664);
#7741=AXIS2_PLACEMENT_3D('',#11658,#9665,#9666);
#7742=AXIS2_PLACEMENT_3D('',#11660,#9668,#9669);
#7743=AXIS2_PLACEMENT_3D('',#11673,#9676,#9677);
#7744=AXIS2_PLACEMENT_3D('',#11679,#9681,#9682);
#7745=AXIS2_PLACEMENT_3D('',#11683,#9685,#9686);
#7746=AXIS2_PLACEMENT_3D('',#11687,#9689,#9690);
#7747=AXIS2_PLACEMENT_3D('',#11691,#9693,#9694);
#7748=AXIS2_PLACEMENT_3D('',#11695,#9697,#9698);
#7749=AXIS2_PLACEMENT_3D('',#11697,#9700,#9701);
#7750=AXIS2_PLACEMENT_3D('',#11699,#9702,#9703);
#7751=AXIS2_PLACEMENT_3D('',#11700,#9704,#9705);
#7752=AXIS2_PLACEMENT_3D('',#11702,#9707,#9708);
#7753=AXIS2_PLACEMENT_3D('',#11715,#9715,#9716);
#7754=AXIS2_PLACEMENT_3D('',#11721,#9720,#9721);
#7755=AXIS2_PLACEMENT_3D('',#11725,#9724,#9725);
#7756=AXIS2_PLACEMENT_3D('',#11729,#9728,#9729);
#7757=AXIS2_PLACEMENT_3D('',#11733,#9732,#9733);
#7758=AXIS2_PLACEMENT_3D('',#11737,#9736,#9737);
#7759=AXIS2_PLACEMENT_3D('',#11739,#9739,#9740);
#7760=AXIS2_PLACEMENT_3D('',#11741,#9741,#9742);
#7761=AXIS2_PLACEMENT_3D('',#11742,#9743,#9744);
#7762=DIRECTION('axis',(0.,0.,1.));
#7763=DIRECTION('refdir',(1.,0.,0.));
#7764=DIRECTION('center_axis',(4.97248334264285E-16,-1.,2.21768214581128E-15));
#7765=DIRECTION('ref_axis',(0.837169104331243,-7.96667308311892E-16,-0.546944138603957));
#7766=DIRECTION('center_axis',(-4.97248334264285E-16,1.,-2.21768214581128E-15));
#7767=DIRECTION('ref_axis',(-0.837169104331243,7.96667308311892E-16,0.546944138603957));
#7768=DIRECTION('',(-4.97248334264285E-16,1.,-2.21768214581128E-15));
#7769=DIRECTION('center_axis',(-5.86168690324963E-17,1.,-1.38777878078146E-15));
#7770=DIRECTION('ref_axis',(0.837169104331243,-7.96667308311892E-16,-0.546944138603957));
#7771=DIRECTION('center_axis',(-4.97248334264285E-16,1.,-2.21768214581128E-15));
#7772=DIRECTION('ref_axis',(-0.837169104331243,7.96667308311892E-16,0.546944138603957));
#7773=DIRECTION('',(-0.546944138603957,-2.12854203755665E-15,-0.837169104331243));
#7774=DIRECTION('',(-0.9984817809163,-3.74336891415658E-16,0.0550829663164021));
#7775=DIRECTION('',(-0.451537642312343,1.75420514614099E-15,0.892252070647645));
#7776=DIRECTION('',(0.546944138603957,2.12854203755665E-15,0.837169104331243));
#7777=DIRECTION('',(0.9984817809163,3.74336891415657E-16,-0.0550829663164022));
#7778=DIRECTION('',(0.451537642312343,-1.75420514614099E-15,-0.892252070647645));
#7779=DIRECTION('center_axis',(0.0550829663164022,2.2417051317031E-15,0.9984817809163));
#7780=DIRECTION('ref_axis',(0.9984817809163,3.74336891415657E-16,-0.0550829663164022));
#7781=DIRECTION('',(4.97248334264285E-16,-1.,2.21768214581128E-15));
#7782=DIRECTION('',(-0.9984817809163,-3.74336891415658E-16,0.0550829663164021));
#7783=DIRECTION('',(4.97248334264285E-16,-1.,2.21768214581128E-15));
#7784=DIRECTION('center_axis',(0.892252070647645,1.4450378233912E-15,0.451537642312343));
#7785=DIRECTION('ref_axis',(0.451537642312343,-1.75420514614099E-15,-0.892252070647645));
#7786=DIRECTION('',(-0.451537642312343,1.75420514614099E-15,0.892252070647645));
#7787=DIRECTION('',(4.97248334264285E-16,-1.,2.21768214581128E-15));
#7788=DIRECTION('center_axis',(0.837169104331243,-7.96667308311892E-16,
-0.546944138603957));
#7789=DIRECTION('ref_axis',(-0.546944138603957,-2.12854203755665E-15,-0.837169104331243));
#7790=DIRECTION('',(0.546944138603957,2.12854203755665E-15,0.837169104331243));
#7791=DIRECTION('',(4.97248334264285E-16,-1.,2.21768214581128E-15));
#7792=DIRECTION('center_axis',(-0.0550829663164022,-2.2417051317031E-15,
-0.9984817809163));
#7793=DIRECTION('ref_axis',(-0.9984817809163,-3.74336891415657E-16,0.0550829663164022));
#7794=DIRECTION('',(0.9984817809163,3.74336891415657E-16,-0.0550829663164022));
#7795=DIRECTION('',(4.97248334264285E-16,-1.,2.21768214581128E-15));
#7796=DIRECTION('center_axis',(-0.892252070647645,-1.4450378233912E-15,
-0.451537642312343));
#7797=DIRECTION('ref_axis',(-0.451537642312343,1.75420514614099E-15,0.892252070647645));
#7798=DIRECTION('',(0.451537642312343,-1.75420514614099E-15,-0.892252070647645));
#7799=DIRECTION('',(4.97248334264285E-16,-1.,2.21768214581128E-15));
#7800=DIRECTION('center_axis',(-0.837169104331243,7.96667308311892E-16,
0.546944138603957));
#7801=DIRECTION('ref_axis',(0.546944138603957,2.12854203755665E-15,0.837169104331243));
#7802=DIRECTION('',(-0.546944138603957,-2.12854203755665E-15,-0.837169104331243));
#7803=DIRECTION('center_axis',(4.97248334264285E-16,-1.,2.21768214581128E-15));
#7804=DIRECTION('ref_axis',(0.837169104331243,-7.96667308311892E-16,-0.546944138603957));
#7805=DIRECTION('center_axis',(4.97248334264285E-16,-1.,2.21768214581128E-15));
#7806=DIRECTION('ref_axis',(0.837169104331243,-7.96667308311892E-16,-0.546944138603957));
#7807=DIRECTION('center_axis',(-4.97248334264285E-16,1.,-2.21768214581128E-15));
#7808=DIRECTION('ref_axis',(-0.837169104331243,7.96667308311892E-16,0.546944138603957));
#7809=DIRECTION('',(-4.97248334264285E-16,1.,-2.21768214581128E-15));
#7810=DIRECTION('center_axis',(-5.86168690324963E-17,1.,-1.38777878078146E-15));
#7811=DIRECTION('ref_axis',(0.837169104331243,-7.96667308311892E-16,-0.546944138603957));
#7812=DIRECTION('center_axis',(-4.97248334264285E-16,1.,-2.21768214581128E-15));
#7813=DIRECTION('ref_axis',(-0.837169104331243,7.96667308311892E-16,0.546944138603957));
#7814=DIRECTION('',(-0.546944138603957,-2.12854203755665E-15,-0.837169104331243));
#7815=DIRECTION('',(-0.9984817809163,-3.74336891415658E-16,0.0550829663164021));
#7816=DIRECTION('',(-0.451537642312343,1.75420514614099E-15,0.892252070647645));
#7817=DIRECTION('',(0.546944138603957,2.12854203755665E-15,0.837169104331243));
#7818=DIRECTION('',(0.9984817809163,3.74336891415657E-16,-0.0550829663164022));
#7819=DIRECTION('',(0.451537642312343,-1.75420514614099E-15,-0.892252070647645));
#7820=DIRECTION('center_axis',(0.0550829663164022,2.2417051317031E-15,0.9984817809163));
#7821=DIRECTION('ref_axis',(0.9984817809163,3.74336891415657E-16,-0.0550829663164022));
#7822=DIRECTION('',(4.97248334264285E-16,-1.,2.21768214581128E-15));
#7823=DIRECTION('',(-0.9984817809163,-3.74336891415658E-16,0.0550829663164021));
#7824=DIRECTION('',(4.97248334264285E-16,-1.,2.21768214581128E-15));
#7825=DIRECTION('center_axis',(0.892252070647645,1.4450378233912E-15,0.451537642312343));
#7826=DIRECTION('ref_axis',(0.451537642312343,-1.75420514614099E-15,-0.892252070647645));
#7827=DIRECTION('',(-0.451537642312343,1.75420514614099E-15,0.892252070647645));
#7828=DIRECTION('',(4.97248334264285E-16,-1.,2.21768214581128E-15));
#7829=DIRECTION('center_axis',(0.837169104331243,-7.96667308311892E-16,
-0.546944138603957));
#7830=DIRECTION('ref_axis',(-0.546944138603957,-2.12854203755665E-15,-0.837169104331243));
#7831=DIRECTION('',(0.546944138603957,2.12854203755665E-15,0.837169104331243));
#7832=DIRECTION('',(4.97248334264285E-16,-1.,2.21768214581128E-15));
#7833=DIRECTION('center_axis',(-0.0550829663164022,-2.2417051317031E-15,
-0.9984817809163));
#7834=DIRECTION('ref_axis',(-0.9984817809163,-3.74336891415657E-16,0.0550829663164022));
#7835=DIRECTION('',(0.9984817809163,3.74336891415657E-16,-0.0550829663164022));
#7836=DIRECTION('',(4.97248334264285E-16,-1.,2.21768214581128E-15));
#7837=DIRECTION('center_axis',(-0.892252070647645,-1.4450378233912E-15,
-0.451537642312343));
#7838=DIRECTION('ref_axis',(-0.451537642312343,1.75420514614099E-15,0.892252070647645));
#7839=DIRECTION('',(0.451537642312343,-1.75420514614099E-15,-0.892252070647645));
#7840=DIRECTION('',(4.97248334264285E-16,-1.,2.21768214581128E-15));
#7841=DIRECTION('center_axis',(-0.837169104331243,7.96667308311892E-16,
0.546944138603957));
#7842=DIRECTION('ref_axis',(0.546944138603957,2.12854203755665E-15,0.837169104331243));
#7843=DIRECTION('',(-0.546944138603957,-2.12854203755665E-15,-0.837169104331243));
#7844=DIRECTION('center_axis',(4.97248334264285E-16,-1.,2.21768214581128E-15));
#7845=DIRECTION('ref_axis',(0.837169104331243,-7.96667308311892E-16,-0.546944138603957));
#7846=DIRECTION('center_axis',(4.97248334264285E-16,-1.,2.21768214581128E-15));
#7847=DIRECTION('ref_axis',(0.837169104331243,-7.96667308311892E-16,-0.546944138603957));
#7848=DIRECTION('center_axis',(-4.97248334264285E-16,1.,-2.21768214581128E-15));
#7849=DIRECTION('ref_axis',(-0.837169104331243,7.96667308311892E-16,0.546944138603957));
#7850=DIRECTION('',(-4.97248334264285E-16,1.,-2.21768214581128E-15));
#7851=DIRECTION('center_axis',(-5.86168690324963E-17,1.,-1.38777878078146E-15));
#7852=DIRECTION('ref_axis',(0.837169104331243,-7.96667308311892E-16,-0.546944138603957));
#7853=DIRECTION('center_axis',(-4.97248334264285E-16,1.,-2.21768214581128E-15));
#7854=DIRECTION('ref_axis',(-0.837169104331243,7.96667308311892E-16,0.546944138603957));
#7855=DIRECTION('',(-0.546944138603957,-2.12854203755665E-15,-0.837169104331243));
#7856=DIRECTION('',(-0.9984817809163,-3.74336891415658E-16,0.0550829663164021));
#7857=DIRECTION('',(-0.451537642312343,1.75420514614099E-15,0.892252070647645));
#7858=DIRECTION('',(0.546944138603957,2.12854203755665E-15,0.837169104331243));
#7859=DIRECTION('',(0.9984817809163,3.74336891415657E-16,-0.0550829663164022));
#7860=DIRECTION('',(0.451537642312343,-1.75420514614099E-15,-0.892252070647645));
#7861=DIRECTION('center_axis',(0.0550829663164022,2.2417051317031E-15,0.9984817809163));
#7862=DIRECTION('ref_axis',(0.9984817809163,3.74336891415657E-16,-0.0550829663164022));
#7863=DIRECTION('',(4.97248334264285E-16,-1.,2.21768214581128E-15));
#7864=DIRECTION('',(-0.9984817809163,-3.74336891415658E-16,0.0550829663164021));
#7865=DIRECTION('',(4.97248334264285E-16,-1.,2.21768214581128E-15));
#7866=DIRECTION('center_axis',(0.892252070647645,1.4450378233912E-15,0.451537642312343));
#7867=DIRECTION('ref_axis',(0.451537642312343,-1.75420514614099E-15,-0.892252070647645));
#7868=DIRECTION('',(-0.451537642312343,1.75420514614099E-15,0.892252070647645));
#7869=DIRECTION('',(4.97248334264285E-16,-1.,2.21768214581128E-15));
#7870=DIRECTION('center_axis',(0.837169104331243,-7.96667308311892E-16,
-0.546944138603957));
#7871=DIRECTION('ref_axis',(-0.546944138603957,-2.12854203755665E-15,-0.837169104331243));
#7872=DIRECTION('',(0.546944138603957,2.12854203755665E-15,0.837169104331243));
#7873=DIRECTION('',(4.97248334264285E-16,-1.,2.21768214581128E-15));
#7874=DIRECTION('center_axis',(-0.0550829663164022,-2.2417051317031E-15,
-0.9984817809163));
#7875=DIRECTION('ref_axis',(-0.9984817809163,-3.74336891415657E-16,0.0550829663164022));
#7876=DIRECTION('',(0.9984817809163,3.74336891415657E-16,-0.0550829663164022));
#7877=DIRECTION('',(4.97248334264285E-16,-1.,2.21768214581128E-15));
#7878=DIRECTION('center_axis',(-0.892252070647645,-1.4450378233912E-15,
-0.451537642312343));
#7879=DIRECTION('ref_axis',(-0.451537642312343,1.75420514614099E-15,0.892252070647645));
#7880=DIRECTION('',(0.451537642312343,-1.75420514614099E-15,-0.892252070647645));
#7881=DIRECTION('',(4.97248334264285E-16,-1.,2.21768214581128E-15));
#7882=DIRECTION('center_axis',(-0.837169104331243,7.96667308311892E-16,
0.546944138603957));
#7883=DIRECTION('ref_axis',(0.546944138603957,2.12854203755665E-15,0.837169104331243));
#7884=DIRECTION('',(-0.546944138603957,-2.12854203755665E-15,-0.837169104331243));
#7885=DIRECTION('center_axis',(4.97248334264285E-16,-1.,2.21768214581128E-15));
#7886=DIRECTION('ref_axis',(0.837169104331243,-7.96667308311892E-16,-0.546944138603957));
#7887=DIRECTION('center_axis',(4.97248334264285E-16,-1.,2.21768214581128E-15));
#7888=DIRECTION('ref_axis',(0.837169104331243,-7.96667308311892E-16,-0.546944138603957));
#7889=DIRECTION('center_axis',(-4.97248334264285E-16,1.,-2.21768214581128E-15));
#7890=DIRECTION('ref_axis',(-0.837169104331243,7.96667308311892E-16,0.546944138603957));
#7891=DIRECTION('',(-4.97248334264285E-16,1.,-2.21768214581128E-15));
#7892=DIRECTION('center_axis',(-5.86168690324963E-17,1.,-1.38777878078146E-15));
#7893=DIRECTION('ref_axis',(0.837169104331243,-7.96667308311892E-16,-0.546944138603957));
#7894=DIRECTION('center_axis',(-4.97248334264285E-16,1.,-2.21768214581128E-15));
#7895=DIRECTION('ref_axis',(-0.837169104331243,7.96667308311892E-16,0.546944138603957));
#7896=DIRECTION('',(-0.546944138603957,-2.12854203755665E-15,-0.837169104331243));
#7897=DIRECTION('',(-0.9984817809163,-3.74336891415658E-16,0.0550829663164021));
#7898=DIRECTION('',(-0.451537642312343,1.75420514614099E-15,0.892252070647645));
#7899=DIRECTION('',(0.546944138603957,2.12854203755665E-15,0.837169104331243));
#7900=DIRECTION('',(0.9984817809163,3.74336891415657E-16,-0.0550829663164022));
#7901=DIRECTION('',(0.451537642312343,-1.75420514614099E-15,-0.892252070647645));
#7902=DIRECTION('center_axis',(0.0550829663164022,2.2417051317031E-15,0.9984817809163));
#7903=DIRECTION('ref_axis',(0.9984817809163,3.74336891415657E-16,-0.0550829663164022));
#7904=DIRECTION('',(4.97248334264285E-16,-1.,2.21768214581128E-15));
#7905=DIRECTION('',(-0.9984817809163,-3.74336891415658E-16,0.0550829663164021));
#7906=DIRECTION('',(4.97248334264285E-16,-1.,2.21768214581128E-15));
#7907=DIRECTION('center_axis',(0.892252070647645,1.4450378233912E-15,0.451537642312343));
#7908=DIRECTION('ref_axis',(0.451537642312343,-1.75420514614099E-15,-0.892252070647645));
#7909=DIRECTION('',(-0.451537642312343,1.75420514614099E-15,0.892252070647645));
#7910=DIRECTION('',(4.97248334264285E-16,-1.,2.21768214581128E-15));
#7911=DIRECTION('center_axis',(0.837169104331243,-7.96667308311892E-16,
-0.546944138603957));
#7912=DIRECTION('ref_axis',(-0.546944138603957,-2.12854203755665E-15,-0.837169104331243));
#7913=DIRECTION('',(0.546944138603957,2.12854203755665E-15,0.837169104331243));
#7914=DIRECTION('',(4.97248334264285E-16,-1.,2.21768214581128E-15));
#7915=DIRECTION('center_axis',(-0.0550829663164022,-2.2417051317031E-15,
-0.9984817809163));
#7916=DIRECTION('ref_axis',(-0.9984817809163,-3.74336891415657E-16,0.0550829663164022));
#7917=DIRECTION('',(0.9984817809163,3.74336891415657E-16,-0.0550829663164022));
#7918=DIRECTION('',(4.97248334264285E-16,-1.,2.21768214581128E-15));
#7919=DIRECTION('center_axis',(-0.892252070647645,-1.4450378233912E-15,
-0.451537642312343));
#7920=DIRECTION('ref_axis',(-0.451537642312343,1.75420514614099E-15,0.892252070647645));
#7921=DIRECTION('',(0.451537642312343,-1.75420514614099E-15,-0.892252070647645));
#7922=DIRECTION('',(4.97248334264285E-16,-1.,2.21768214581128E-15));
#7923=DIRECTION('center_axis',(-0.837169104331243,7.96667308311892E-16,
0.546944138603957));
#7924=DIRECTION('ref_axis',(0.546944138603957,2.12854203755665E-15,0.837169104331243));
#7925=DIRECTION('',(-0.546944138603957,-2.12854203755665E-15,-0.837169104331243));
#7926=DIRECTION('center_axis',(4.97248334264285E-16,-1.,2.21768214581128E-15));
#7927=DIRECTION('ref_axis',(0.837169104331243,-7.96667308311892E-16,-0.546944138603957));
#7928=DIRECTION('center_axis',(-1.39599129927355E-21,-1.,1.94289029309403E-15));
#7929=DIRECTION('ref_axis',(-1.,1.39599129810258E-21,-5.76453150050007E-16));
#7930=DIRECTION('center_axis',(-1.39599129927355E-21,-1.,1.94289029309403E-15));
#7931=DIRECTION('ref_axis',(-1.,1.39599129926609E-21,1.56875748197361E-30));
#7932=DIRECTION('',(-0.707106781186551,0.707106781186544,-1.86804043840856E-15));
#7933=DIRECTION('center_axis',(-1.39599129927355E-21,-1.,1.94289029309403E-15));
#7934=DIRECTION('ref_axis',(-1.,1.39599129814507E-21,-5.76453150050007E-16));
#7935=DIRECTION('center_axis',(-1.39599129927355E-21,-1.,1.94289029309403E-15));
#7936=DIRECTION('ref_axis',(-1.,1.3959912981466E-21,-5.76453150050007E-16));
#7937=DIRECTION('center_axis',(1.39599129927355E-21,1.,-1.94289029309403E-15));
#7938=DIRECTION('ref_axis',(1.,-1.3959912981466E-21,5.76453150050007E-16));
#7939=DIRECTION('',(1.39599129927355E-21,1.,-1.94289029309403E-15));
#7940=DIRECTION('center_axis',(-5.86168690324963E-17,1.,-1.38777878078146E-15));
#7941=DIRECTION('ref_axis',(-1.,1.3959912981466E-21,-5.76453150050007E-16));
#7942=DIRECTION('center_axis',(1.39599129927355E-21,1.,-1.94289029309403E-15));
#7943=DIRECTION('ref_axis',(1.,-1.39599129810258E-21,5.76453150050007E-16));
#7944=DIRECTION('',(-7.01646033278104E-16,1.94289029309403E-15,1.));
#7945=DIRECTION('',(0.866025403784438,9.71443937583089E-16,0.5));
#7946=DIRECTION('',(0.866025403784439,-9.71446355510945E-16,-0.5));
#7947=DIRECTION('',(3.26067383593814E-16,-1.94289029309403E-15,-1.));
#7948=DIRECTION('',(-0.866025403784438,-9.71443937583089E-16,-0.5));
#7949=DIRECTION('',(-0.866025403784439,9.71446355510945E-16,0.5));
#7950=DIRECTION('center_axis',(1.39599129927355E-21,1.,-1.94289029309403E-15));
#7951=DIRECTION('ref_axis',(1.,-1.39599129810258E-21,5.76453150050007E-16));
#7952=DIRECTION('center_axis',(0.5,-1.68259304858128E-15,-0.866025403784438));
#7953=DIRECTION('ref_axis',(-0.866025403784438,-9.71443937583089E-16,-0.5));
#7954=DIRECTION('',(-1.39599129927552E-21,-1.,1.94289029309403E-15));
#7955=DIRECTION('',(0.866025403784438,9.71443937583089E-16,0.5));
#7956=DIRECTION('',(-1.39599129927552E-21,-1.,1.94289029309403E-15));
#7957=DIRECTION('center_axis',(-0.5,-1.68259165258998E-15,-0.866025403784439));
#7958=DIRECTION('ref_axis',(-0.866025403784439,9.71446355510945E-16,0.5));
#7959=DIRECTION('',(0.866025403784439,-9.71446355510945E-16,-0.5));
#7960=DIRECTION('',(-1.39599129927552E-21,-1.,1.94289029309403E-15));
#7961=DIRECTION('center_axis',(-1.,1.3959912986326E-21,-3.26067383593814E-16));
#7962=DIRECTION('ref_axis',(-3.26067383593814E-16,1.94289029309403E-15,
1.));
#7963=DIRECTION('',(3.26067383593814E-16,-1.94289029309403E-15,-1.));
#7964=DIRECTION('',(-1.39599129927552E-21,-1.,1.94289029309403E-15));
#7965=DIRECTION('center_axis',(-0.5,1.68259304858128E-15,0.866025403784438));
#7966=DIRECTION('ref_axis',(0.866025403784438,9.71443937583089E-16,0.5));
#7967=DIRECTION('',(-0.866025403784438,-9.71443937583089E-16,-0.5));
#7968=DIRECTION('',(-1.39599129927552E-21,-1.,1.94289029309403E-15));
#7969=DIRECTION('center_axis',(0.5,1.68259165258998E-15,0.866025403784439));
#7970=DIRECTION('ref_axis',(0.866025403784439,-9.71446355510945E-16,-0.5));
#7971=DIRECTION('',(-0.866025403784439,9.71446355510945E-16,0.5));
#7972=DIRECTION('',(-1.39599129927552E-21,-1.,1.94289029309403E-15));
#7973=DIRECTION('center_axis',(1.,-1.39599129789304E-21,7.01646033278104E-16));
#7974=DIRECTION('ref_axis',(7.01646033278104E-16,-1.94289029309403E-15,
-1.));
#7975=DIRECTION('',(-7.01646033278104E-16,1.94289029309403E-15,1.));
#7976=DIRECTION('center_axis',(-1.39599129927355E-21,-1.,1.94289029309403E-15));
#7977=DIRECTION('ref_axis',(-1.,1.39599129810258E-21,-5.76453150050007E-16));
#7978=DIRECTION('center_axis',(4.97248334264285E-16,-1.,2.21768214581128E-15));
#7979=DIRECTION('ref_axis',(0.837169104331243,-7.96667308311892E-16,-0.546944138603957));
#7980=DIRECTION('center_axis',(-4.97248334264285E-16,1.,-2.21768214581128E-15));
#7981=DIRECTION('ref_axis',(-0.837169104331243,7.96667308311892E-16,0.546944138603957));
#7982=DIRECTION('',(-4.97248334264285E-16,1.,-2.21768214581128E-15));
#7983=DIRECTION('center_axis',(-5.86168690324963E-17,1.,-1.38777878078146E-15));
#7984=DIRECTION('ref_axis',(0.837169104331243,-7.96667308311892E-16,-0.546944138603957));
#7985=DIRECTION('center_axis',(-4.97248334264285E-16,1.,-2.21768214581128E-15));
#7986=DIRECTION('ref_axis',(-0.837169104331243,7.96667308311892E-16,0.546944138603957));
#7987=DIRECTION('',(-0.546944138603957,-2.12854203755665E-15,-0.837169104331243));
#7988=DIRECTION('',(-0.9984817809163,-3.74336891415658E-16,0.0550829663164021));
#7989=DIRECTION('',(-0.451537642312343,1.75420514614099E-15,0.892252070647645));
#7990=DIRECTION('',(0.546944138603957,2.12854203755665E-15,0.837169104331243));
#7991=DIRECTION('',(0.9984817809163,3.74336891415657E-16,-0.0550829663164022));
#7992=DIRECTION('',(0.451537642312343,-1.75420514614099E-15,-0.892252070647645));
#7993=DIRECTION('center_axis',(0.0550829663164022,2.2417051317031E-15,0.9984817809163));
#7994=DIRECTION('ref_axis',(0.9984817809163,3.74336891415657E-16,-0.0550829663164022));
#7995=DIRECTION('',(4.97248334264285E-16,-1.,2.21768214581128E-15));
#7996=DIRECTION('',(-0.9984817809163,-3.74336891415658E-16,0.0550829663164021));
#7997=DIRECTION('',(4.97248334264285E-16,-1.,2.21768214581128E-15));
#7998=DIRECTION('center_axis',(0.892252070647645,1.4450378233912E-15,0.451537642312343));
#7999=DIRECTION('ref_axis',(0.451537642312343,-1.75420514614099E-15,-0.892252070647645));
#8000=DIRECTION('',(-0.451537642312343,1.75420514614099E-15,0.892252070647645));
#8001=DIRECTION('',(4.97248334264285E-16,-1.,2.21768214581128E-15));
#8002=DIRECTION('center_axis',(0.837169104331243,-7.96667308311892E-16,
-0.546944138603957));
#8003=DIRECTION('ref_axis',(-0.546944138603957,-2.12854203755665E-15,-0.837169104331243));
#8004=DIRECTION('',(0.546944138603957,2.12854203755665E-15,0.837169104331243));
#8005=DIRECTION('',(4.97248334264285E-16,-1.,2.21768214581128E-15));
#8006=DIRECTION('center_axis',(-0.0550829663164022,-2.2417051317031E-15,
-0.9984817809163));
#8007=DIRECTION('ref_axis',(-0.9984817809163,-3.74336891415657E-16,0.0550829663164022));
#8008=DIRECTION('',(0.9984817809163,3.74336891415657E-16,-0.0550829663164022));
#8009=DIRECTION('',(4.97248334264285E-16,-1.,2.21768214581128E-15));
#8010=DIRECTION('center_axis',(-0.892252070647645,-1.4450378233912E-15,
-0.451537642312343));
#8011=DIRECTION('ref_axis',(-0.451537642312343,1.75420514614099E-15,0.892252070647645));
#8012=DIRECTION('',(0.451537642312343,-1.75420514614099E-15,-0.892252070647645));
#8013=DIRECTION('',(4.97248334264285E-16,-1.,2.21768214581128E-15));
#8014=DIRECTION('center_axis',(-0.837169104331243,7.96667308311892E-16,
0.546944138603957));
#8015=DIRECTION('ref_axis',(0.546944138603957,2.12854203755665E-15,0.837169104331243));
#8016=DIRECTION('',(-0.546944138603957,-2.12854203755665E-15,-0.837169104331243));
#8017=DIRECTION('center_axis',(4.97248334264285E-16,-1.,2.21768214581128E-15));
#8018=DIRECTION('ref_axis',(0.837169104331243,-7.96667308311892E-16,-0.546944138603957));
#8019=DIRECTION('center_axis',(-1.39599129927355E-21,-1.,1.94289029309403E-15));
#8020=DIRECTION('ref_axis',(-1.,1.3959912981466E-21,-5.76453150050007E-16));
#8021=DIRECTION('center_axis',(1.39599129927355E-21,1.,-1.94289029309403E-15));
#8022=DIRECTION('ref_axis',(1.,-1.3959912981466E-21,5.76453150050007E-16));
#8023=DIRECTION('',(1.39599129927355E-21,1.,-1.94289029309403E-15));
#8024=DIRECTION('center_axis',(-5.86168690324963E-17,1.,-1.38777878078146E-15));
#8025=DIRECTION('ref_axis',(-1.,1.3959912981466E-21,-5.76453150050007E-16));
#8026=DIRECTION('center_axis',(1.39599129927355E-21,1.,-1.94289029309403E-15));
#8027=DIRECTION('ref_axis',(1.,-1.39599129810258E-21,5.76453150050007E-16));
#8028=DIRECTION('',(-7.01646033278104E-16,1.94289029309403E-15,1.));
#8029=DIRECTION('',(0.866025403784438,9.71443937583089E-16,0.5));
#8030=DIRECTION('',(0.866025403784439,-9.71446355510945E-16,-0.5));
#8031=DIRECTION('',(3.26067383593814E-16,-1.94289029309403E-15,-1.));
#8032=DIRECTION('',(-0.866025403784438,-9.71443937583089E-16,-0.5));
#8033=DIRECTION('',(-0.866025403784439,9.71446355510945E-16,0.5));
#8034=DIRECTION('center_axis',(0.5,-1.68259304858128E-15,-0.866025403784438));
#8035=DIRECTION('ref_axis',(-0.866025403784438,-9.71443937583089E-16,-0.5));
#8036=DIRECTION('',(-1.39599129927552E-21,-1.,1.94289029309403E-15));
#8037=DIRECTION('',(0.866025403784438,9.71443937583089E-16,0.5));
#8038=DIRECTION('',(-1.39599129927552E-21,-1.,1.94289029309403E-15));
#8039=DIRECTION('center_axis',(-0.5,-1.68259165258998E-15,-0.866025403784439));
#8040=DIRECTION('ref_axis',(-0.866025403784439,9.71446355510945E-16,0.5));
#8041=DIRECTION('',(0.866025403784439,-9.71446355510945E-16,-0.5));
#8042=DIRECTION('',(-1.39599129927552E-21,-1.,1.94289029309403E-15));
#8043=DIRECTION('center_axis',(-1.,1.3959912986326E-21,-3.26067383593814E-16));
#8044=DIRECTION('ref_axis',(-3.26067383593814E-16,1.94289029309403E-15,
1.));
#8045=DIRECTION('',(3.26067383593814E-16,-1.94289029309403E-15,-1.));
#8046=DIRECTION('',(-1.39599129927552E-21,-1.,1.94289029309403E-15));
#8047=DIRECTION('center_axis',(-0.5,1.68259304858128E-15,0.866025403784438));
#8048=DIRECTION('ref_axis',(0.866025403784438,9.71443937583089E-16,0.5));
#8049=DIRECTION('',(-0.866025403784438,-9.71443937583089E-16,-0.5));
#8050=DIRECTION('',(-1.39599129927552E-21,-1.,1.94289029309403E-15));
#8051=DIRECTION('center_axis',(0.5,1.68259165258998E-15,0.866025403784439));
#8052=DIRECTION('ref_axis',(0.866025403784439,-9.71446355510945E-16,-0.5));
#8053=DIRECTION('',(-0.866025403784439,9.71446355510945E-16,0.5));
#8054=DIRECTION('',(-1.39599129927552E-21,-1.,1.94289029309403E-15));
#8055=DIRECTION('center_axis',(1.,-1.39599129789304E-21,7.01646033278104E-16));
#8056=DIRECTION('ref_axis',(7.01646033278104E-16,-1.94289029309403E-15,
-1.));
#8057=DIRECTION('',(-7.01646033278104E-16,1.94289029309403E-15,1.));
#8058=DIRECTION('center_axis',(-1.39599129927355E-21,-1.,1.94289029309403E-15));
#8059=DIRECTION('ref_axis',(-1.,1.39599129810258E-21,-5.76453150050007E-16));
#8060=DIRECTION('center_axis',(-1.,-1.23400653949661E-18,4.19733978221102E-18));
#8061=DIRECTION('ref_axis',(-4.37497788396048E-18,0.282362444177362,-0.959307797382147));
#8062=DIRECTION('center_axis',(1.,-1.39599129927355E-21,-1.57772181044202E-30));
#8063=DIRECTION('ref_axis',(-1.58867821190343E-30,-1.94289029309403E-15,
-1.));
#8064=DIRECTION('center_axis',(1.,1.23400653949661E-18,-4.19733978221102E-18));
#8065=DIRECTION('ref_axis',(4.37497788396048E-18,-0.282362444177362,0.959307797382147));
#8066=DIRECTION('center_axis',(1.,1.23400653949661E-18,-4.19733978221102E-18));
#8067=DIRECTION('ref_axis',(4.37497788396042E-18,-0.282362444177362,0.959307797382147));
#8068=DIRECTION('',(-1.,-1.23400653949661E-18,4.19733978221102E-18));
#8069=DIRECTION('center_axis',(1.,1.23400653949661E-18,-4.19733978221102E-18));
#8070=DIRECTION('ref_axis',(4.37497788396042E-18,-0.282362444177362,0.959307797382147));
#8071=DIRECTION('center_axis',(1.,1.23400653949661E-18,-4.19733978221102E-18));
#8072=DIRECTION('ref_axis',(4.37497788396042E-18,-0.282362444177362,0.959307797382147));
#8073=DIRECTION('',(-0.707106781186544,-0.199660399030222,0.67833304877405));
#8074=DIRECTION('center_axis',(1.,1.23400653949661E-18,-4.19733978221102E-18));
#8075=DIRECTION('ref_axis',(4.37497788396048E-18,-0.282362444177362,0.959307797382147));
#8076=DIRECTION('center_axis',(1.,1.23400653949661E-18,-4.19733978221102E-18));
#8077=DIRECTION('ref_axis',(4.37497788396037E-18,-0.282362444177362,0.959307797382147));
#8078=DIRECTION('center_axis',(-1.,-1.23400653949661E-18,4.19733978221102E-18));
#8079=DIRECTION('ref_axis',(-4.37497788396037E-18,0.282362444177362,-0.959307797382147));
#8080=DIRECTION('',(-1.,-1.23400653949661E-18,4.19733978221102E-18));
#8081=DIRECTION('center_axis',(-1.,1.39599129927355E-21,1.57772181044202E-30));
#8082=DIRECTION('ref_axis',(4.37497788396037E-18,-0.282362444177362,0.959307797382147));
#8083=DIRECTION('center_axis',(-1.,-1.23400653949661E-18,4.19733978221102E-18));
#8084=DIRECTION('ref_axis',(-4.37497788396048E-18,0.282362444177362,-0.959307797382147));
#8085=DIRECTION('',(1.37902458826215E-21,0.959307797382147,0.282362444177362));
#8086=DIRECTION('',(-3.78815247621065E-18,0.724186948423334,-0.689603700492753));
#8087=DIRECTION('',(-3.78953150079891E-18,-0.235120848958813,-0.971966144670115));
#8088=DIRECTION('',(-1.37902458826215E-21,-0.959307797382147,-0.282362444177362));
#8089=DIRECTION('',(3.78815247621065E-18,-0.724186948423334,0.689603700492753));
#8090=DIRECTION('',(3.78953150079897E-18,0.235120848958813,0.971966144670115));
#8091=DIRECTION('center_axis',(-1.,-1.23400653949661E-18,4.19733978221102E-18));
#8092=DIRECTION('ref_axis',(-4.37497788396048E-18,0.282362444177362,-0.959307797382147));
#8093=DIRECTION('center_axis',(-2.18868321230618E-18,-0.689603700492753,
-0.724186948423334));
#8094=DIRECTION('ref_axis',(3.78815247621069E-18,-0.724186948423334,0.689603700492753));
#8095=DIRECTION('',(1.,1.23400653949664E-18,-4.19733978221094E-18));
#8096=DIRECTION('',(-3.78815247621065E-18,0.724186948423334,-0.689603700492753));
#8097=DIRECTION('',(1.,1.23400653949664E-18,-4.19733978221094E-18));
#8098=DIRECTION('center_axis',(2.18629467165427E-18,-0.971966144670115,
0.235120848958813));
#8099=DIRECTION('ref_axis',(3.78953150079894E-18,0.235120848958813,0.971966144670115));
#8100=DIRECTION('',(-3.78953150079891E-18,-0.235120848958813,-0.971966144670115));
#8101=DIRECTION('',(1.,1.23400653949664E-18,-4.19733978221094E-18));
#8102=DIRECTION('center_axis',(4.3749778839604E-18,-0.282362444177362,0.959307797382147));
#8103=DIRECTION('ref_axis',(1.37902458833228E-21,0.959307797382147,0.282362444177362));
#8104=DIRECTION('',(-1.37902458826215E-21,-0.959307797382147,-0.282362444177362));
#8105=DIRECTION('',(1.,1.23400653949664E-18,-4.19733978221094E-18));
#8106=DIRECTION('center_axis',(2.18868321230618E-18,0.689603700492753,0.724186948423334));
#8107=DIRECTION('ref_axis',(-3.78815247621069E-18,0.724186948423334,-0.689603700492753));
#8108=DIRECTION('',(3.78815247621065E-18,-0.724186948423334,0.689603700492753));
#8109=DIRECTION('',(1.,1.23400653949664E-18,-4.19733978221094E-18));
#8110=DIRECTION('center_axis',(-2.18629467165432E-18,0.971966144670115,
-0.235120848958813));
#8111=DIRECTION('ref_axis',(-3.78953150079894E-18,-0.235120848958813,-0.971966144670115));
#8112=DIRECTION('',(3.78953150079897E-18,0.235120848958813,0.971966144670115));
#8113=DIRECTION('',(1.,1.23400653949664E-18,-4.19733978221094E-18));
#8114=DIRECTION('center_axis',(-4.3749778839604E-18,0.282362444177362,-0.959307797382147));
#8115=DIRECTION('ref_axis',(-1.37902458831688E-21,-0.959307797382147,-0.282362444177362));
#8116=DIRECTION('',(1.37902458826215E-21,0.959307797382147,0.282362444177362));
#8117=DIRECTION('center_axis',(1.,1.23400653949661E-18,-4.19733978221102E-18));
#8118=DIRECTION('ref_axis',(4.37497788396048E-18,-0.282362444177362,0.959307797382147));
#8119=DIRECTION('center_axis',(1.,-1.39599129927355E-21,-1.57772181044202E-30));
#8120=DIRECTION('ref_axis',(1.50708386735501E-30,1.94289029309403E-15,1.));
#8121=DIRECTION('center_axis',(1.,-1.39599129927355E-21,-1.57772181044202E-30));
#8122=DIRECTION('ref_axis',(1.50708386735501E-30,1.94289029309403E-15,1.));
#8123=DIRECTION('',(1.,-1.39599129927355E-21,-1.57772181044202E-30));
#8124=DIRECTION('center_axis',(1.,-1.39599129927355E-21,-1.57772181044202E-30));
#8125=DIRECTION('ref_axis',(1.50708386735501E-30,1.94289029309403E-15,1.));
#8126=DIRECTION('center_axis',(-1.,1.39599129927355E-21,1.57772181044202E-30));
#8127=DIRECTION('ref_axis',(1.57772181044202E-30,1.94289029309403E-15,1.));
#8128=DIRECTION('center_axis',(-1.39599129927355E-21,-1.,1.94289029309403E-15));
#8129=DIRECTION('ref_axis',(-1.,1.39599129926609E-21,1.56875748197361E-30));
#8130=DIRECTION('',(-1.39599129927355E-21,-1.,1.94289029309403E-15));
#8131=DIRECTION('center_axis',(-1.39599129927355E-21,-1.,1.94289029309403E-15));
#8132=DIRECTION('ref_axis',(-1.,1.39599129926609E-21,1.56875748197361E-30));
#8133=DIRECTION('center_axis',(-1.39599129927355E-21,-1.,1.94289029309403E-15));
#8134=DIRECTION('ref_axis',(-1.,1.39599129926609E-21,1.56875748197361E-30));
#8135=DIRECTION('',(-1.39599129927355E-21,-1.,1.94289029309403E-15));
#8136=DIRECTION('center_axis',(1.,-1.39599129927355E-21,-1.57772181044202E-30));
#8137=DIRECTION('ref_axis',(-1.58867821190343E-30,-1.94289029309403E-15,
-1.));
#8138=DIRECTION('center_axis',(1.,-1.39599129927355E-21,-1.57772181044202E-30));
#8139=DIRECTION('ref_axis',(-1.58867821190343E-30,-1.94289029309403E-15,
-1.));
#8140=DIRECTION('',(1.,-1.39599129927355E-21,-1.57772181044202E-30));
#8141=DIRECTION('center_axis',(1.,-1.39599129927355E-21,-1.57772181044202E-30));
#8142=DIRECTION('ref_axis',(-1.58867821190343E-30,-1.94289029309403E-15,
-1.));
#8143=DIRECTION('center_axis',(1.,-1.39599129927355E-21,-1.57772181044202E-30));
#8144=DIRECTION('ref_axis',(-1.58867821190343E-30,-1.94289029309403E-15,
-1.));
#8145=DIRECTION('',(1.,-1.39599129927355E-21,-1.57772181044202E-30));
#8146=DIRECTION('center_axis',(1.,-1.39599129927355E-21,-1.57772181044202E-30));
#8147=DIRECTION('ref_axis',(-1.58867821190343E-30,-1.94289029309403E-15,
-1.));
#8148=DIRECTION('center_axis',(1.,-1.39599129927355E-21,-1.57772181044202E-30));
#8149=DIRECTION('ref_axis',(-1.58867821190343E-30,-1.94289029309403E-15,
-1.));
#8150=DIRECTION('center_axis',(1.,-1.39599129927355E-21,-1.57772181044202E-30));
#8151=DIRECTION('ref_axis',(-1.58867821190343E-30,-1.94289029309403E-15,
-1.));
#8152=DIRECTION('',(1.,-1.39599129927355E-21,-1.57772181044202E-30));
#8153=DIRECTION('center_axis',(1.,-1.39599129927355E-21,-1.57772181044202E-30));
#8154=DIRECTION('ref_axis',(-1.58867821190343E-30,-1.94289029309403E-15,
-1.));
#8155=DIRECTION('center_axis',(1.,-1.39599129927355E-21,-1.57772181044202E-30));
#8156=DIRECTION('ref_axis',(-1.58867821190343E-30,-1.94289029309403E-15,
-1.));
#8157=DIRECTION('center_axis',(1.,-1.39599129927355E-21,-1.57772181044202E-30));
#8158=DIRECTION('ref_axis',(-1.58867821190343E-30,-1.94289029309403E-15,
-1.));
#8159=DIRECTION('',(1.,-1.39599129927355E-21,-1.57772181044202E-30));
#8160=DIRECTION('center_axis',(1.,-1.39599129927355E-21,-1.57772181044202E-30));
#8161=DIRECTION('ref_axis',(-1.58867821190343E-30,-1.94289029309403E-15,
-1.));
#8162=DIRECTION('center_axis',(1.,-1.39599129927355E-21,-1.57772181044202E-30));
#8163=DIRECTION('ref_axis',(-1.58867821190343E-30,-1.94289029309403E-15,
-1.));
#8164=DIRECTION('center_axis',(1.,-1.39599129927355E-21,-1.57772181044202E-30));
#8165=DIRECTION('ref_axis',(-1.58867821190343E-30,-1.94289029309403E-15,
-1.));
#8166=DIRECTION('',(1.,-1.39599129927355E-21,-1.57772181044202E-30));
#8167=DIRECTION('center_axis',(1.,-1.39599129927355E-21,-1.57772181044202E-30));
#8168=DIRECTION('ref_axis',(-1.58867821190343E-30,-1.94289029309403E-15,
-1.));
#8169=DIRECTION('center_axis',(1.,-1.39599129927355E-21,-1.57772181044202E-30));
#8170=DIRECTION('ref_axis',(-1.58867821190343E-30,-1.94289029309403E-15,
-1.));
#8171=DIRECTION('center_axis',(1.,-1.39599129927355E-21,-1.57772181044202E-30));
#8172=DIRECTION('ref_axis',(-1.58867821190343E-30,-1.94289029309403E-15,
-1.));
#8173=DIRECTION('',(1.,-1.39599129927355E-21,-1.57772181044202E-30));
#8174=DIRECTION('center_axis',(1.,-1.39599129927355E-21,-1.57772181044202E-30));
#8175=DIRECTION('ref_axis',(-1.58867821190343E-30,-1.94289029309403E-15,
-1.));
#8176=DIRECTION('center_axis',(-1.,1.39599129927355E-21,1.57772181044202E-30));
#8177=DIRECTION('ref_axis',(1.57772181044202E-30,1.94289029309403E-15,1.));
#8178=DIRECTION('center_axis',(1.,-1.39599129927355E-21,-1.57772181044202E-30));
#8179=DIRECTION('ref_axis',(-1.57772181044202E-30,-1.94289029309403E-15,
-1.));
#8180=DIRECTION('',(1.,-1.39599129924397E-21,-1.51461293802434E-30));
#8181=DIRECTION('center_axis',(1.,-1.39599129927355E-21,-1.57772181044202E-30));
#8182=DIRECTION('ref_axis',(-1.57772181044202E-30,-1.94289029309403E-15,
-1.));
#8183=DIRECTION('',(-1.,1.39599129924397E-21,1.51461293802434E-30));
#8184=DIRECTION('center_axis',(1.57772181044202E-30,1.94289029309403E-15,
1.));
#8185=DIRECTION('ref_axis',(1.,-1.39599129927355E-21,-1.4791141972894E-30));
#8186=DIRECTION('',(1.39599129927552E-21,1.,-1.94289029309403E-15));
#8187=DIRECTION('',(-1.,1.39599129924397E-21,1.51461293802434E-30));
#8188=DIRECTION('',(1.39599129927552E-21,1.,-1.94289029309403E-15));
#8189=DIRECTION('center_axis',(1.57772181044202E-30,1.94289029309403E-15,
1.));
#8190=DIRECTION('ref_axis',(1.,-1.39599129927355E-21,-1.56128720824992E-30));
#8191=DIRECTION('',(-1.39599129927552E-21,-1.,1.94289029309403E-15));
#8192=DIRECTION('',(1.,5.86168690324963E-17,-1.67632942359465E-30));
#8193=DIRECTION('center_axis',(-1.,1.39599129927355E-21,1.57772181044202E-30));
#8194=DIRECTION('ref_axis',(1.57772181044202E-30,1.94289029309403E-15,1.));
#8195=DIRECTION('center_axis',(1.,-1.39599129927355E-21,-1.57772181044202E-30));
#8196=DIRECTION('ref_axis',(-1.57772181044202E-30,-1.94289029309403E-15,
-1.));
#8197=DIRECTION('',(1.,-1.39599129924397E-21,-1.51461293802434E-30));
#8198=DIRECTION('center_axis',(1.,-1.39599129927355E-21,-1.57772181044202E-30));
#8199=DIRECTION('ref_axis',(-1.57772181044202E-30,-1.94289029309403E-15,
-1.));
#8200=DIRECTION('center_axis',(-1.57772181044202E-30,-1.94289029309403E-15,
-1.));
#8201=DIRECTION('ref_axis',(-1.,1.39599129927355E-21,1.4791141972894E-30));
#8202=DIRECTION('',(-1.39599129927552E-21,-1.,1.94289029309403E-15));
#8203=DIRECTION('',(-1.,-5.86168690324963E-17,1.67632942359465E-30));
#8204=DIRECTION('',(-1.39599129927552E-21,-1.,1.94289029309403E-15));
#8205=DIRECTION('center_axis',(-1.57772181044202E-30,-1.94289029309403E-15,
-1.));
#8206=DIRECTION('ref_axis',(-1.,1.39599129923246E-21,1.56128720824992E-30));
#8207=DIRECTION('',(-1.39599129927552E-21,-1.,1.94289029309403E-15));
#8208=DIRECTION('center_axis',(1.,-1.39599129927355E-21,-1.57772181044202E-30));
#8209=DIRECTION('ref_axis',(-1.60237371373018E-30,-1.94289029309403E-15,
-1.));
#8210=DIRECTION('',(-1.51461293802434E-30,-1.94289029309403E-15,-1.));
#8211=DIRECTION('',(-1.51461293802434E-30,-1.94289029309403E-15,-1.));
#8212=DIRECTION('',(-1.39599129927552E-21,-1.,1.94289029309403E-15));
#8213=DIRECTION('',(1.57772181044202E-30,1.38777878078146E-15,1.));
#8214=DIRECTION('',(-1.39599129927552E-21,-1.,1.94289029309403E-15));
#8215=DIRECTION('',(-1.51461293802434E-30,-1.94289029309403E-15,-1.));
#8216=DIRECTION('center_axis',(-1.,1.39599129927355E-21,1.57772181044202E-30));
#8217=DIRECTION('ref_axis',(4.37497788396037E-18,-0.282362444177362,0.959307797382147));
#8218=DIRECTION('center_axis',(-1.,1.39599129927355E-21,1.57772181044202E-30));
#8219=DIRECTION('ref_axis',(4.37497788396037E-18,-0.282362444177362,0.959307797382147));
#8220=DIRECTION('center_axis',(-1.,1.39599129927355E-21,1.57772181044202E-30));
#8221=DIRECTION('ref_axis',(4.37497788396037E-18,-0.282362444177362,0.959307797382147));
#8222=DIRECTION('center_axis',(-1.,1.39599129927355E-21,1.57772181044202E-30));
#8223=DIRECTION('ref_axis',(4.37497788396037E-18,-0.282362444177362,0.959307797382147));
#8224=DIRECTION('center_axis',(-1.,1.39599129927355E-21,1.57772181044202E-30));
#8225=DIRECTION('ref_axis',(4.37497788396037E-18,-0.282362444177362,0.959307797382147));
#8226=DIRECTION('center_axis',(1.,-1.39599129927355E-21,-1.57772181044202E-30));
#8227=DIRECTION('ref_axis',(-1.60237371373018E-30,-1.94289029309403E-15,
-1.));
#8228=DIRECTION('',(-1.51461293802434E-30,-1.94289029309403E-15,-1.));
#8229=DIRECTION('',(-1.57772181044202E-30,-1.38777878078146E-15,-1.));
#8230=DIRECTION('',(4.110131255855E-16,-1.38777878078146E-15,-1.));
#8231=DIRECTION('',(-1.57772181044202E-30,-1.38777878078146E-15,-1.));
#8232=DIRECTION('center_axis',(-1.39599129927355E-21,-1.,1.94289029309403E-15));
#8233=DIRECTION('ref_axis',(1.,-1.39599129951148E-21,-1.22464679914737E-16));
#8234=DIRECTION('center_axis',(5.86168690324963E-17,-1.,1.38777878078146E-15));
#8235=DIRECTION('ref_axis',(-1.,1.39599129927355E-21,1.57772181044202E-30));
#8236=DIRECTION('',(-1.39599129927552E-21,-1.,1.94289029309403E-15));
#8237=DIRECTION('center_axis',(-1.39599129927355E-21,-1.,1.94289029309403E-15));
#8238=DIRECTION('ref_axis',(-1.,1.39599129927355E-21,1.57772181044202E-30));
#8239=DIRECTION('center_axis',(1.57772181044202E-30,1.94289029309403E-15,
1.));
#8240=DIRECTION('ref_axis',(1.,-1.39599129927355E-21,-1.4791141972894E-30));
#8241=DIRECTION('',(1.,5.86168690324963E-17,-1.67632942359465E-30));
#8242=DIRECTION('center_axis',(1.57772181044202E-30,1.94289029309403E-15,
1.));
#8243=DIRECTION('ref_axis',(1.,-1.39599129927355E-21,-1.56128720824992E-30));
#8244=DIRECTION('center_axis',(-1.39599129927355E-21,-1.,1.94289029309403E-15));
#8245=DIRECTION('ref_axis',(-1.,1.39599129927355E-21,1.4791141972894E-30));
#8246=DIRECTION('',(1.51461293802434E-30,1.94289029309403E-15,1.));
#8247=DIRECTION('center_axis',(1.57772181044202E-30,1.94289029309403E-15,
1.));
#8248=DIRECTION('ref_axis',(1.,-1.39599129927355E-21,-1.4791141972894E-30));
#8249=DIRECTION('',(-1.,-5.86168690324963E-17,1.67632942359465E-30));
#8250=DIRECTION('',(-1.39599129927552E-21,-1.,1.94289029309403E-15));
#8251=DIRECTION('center_axis',(-1.57772181044202E-30,-1.94289029309403E-15,
-1.));
#8252=DIRECTION('ref_axis',(1.,-1.39599129927355E-21,-1.56128720824992E-30));
#8253=DIRECTION('center_axis',(-1.39599129927355E-21,-1.,1.94289029309403E-15));
#8254=DIRECTION('ref_axis',(1.,-1.39599129951148E-21,-1.22464679914737E-16));
#8255=DIRECTION('center_axis',(5.86168690324963E-17,-1.,1.38777878078146E-15));
#8256=DIRECTION('ref_axis',(-1.,1.39599129927355E-21,1.57772181044202E-30));
#8257=DIRECTION('center_axis',(1.39599129927355E-21,1.,-1.94289029309403E-15));
#8258=DIRECTION('ref_axis',(-1.,1.39599129927355E-21,1.57772181044202E-30));
#8259=DIRECTION('center_axis',(-1.39599129927355E-21,-1.,1.94289029309403E-15));
#8260=DIRECTION('ref_axis',(-1.,1.39599129927355E-21,1.4791141972894E-30));
#8261=DIRECTION('',(1.51461293802434E-30,1.94289029309403E-15,1.));
#8262=DIRECTION('center_axis',(1.57772181044202E-30,1.94289029309403E-15,
1.));
#8263=DIRECTION('ref_axis',(1.,-1.39599129927355E-21,-1.56128720824992E-30));
#8264=DIRECTION('center_axis',(1.57772181044202E-30,1.94289029309403E-15,
1.));
#8265=DIRECTION('ref_axis',(1.,-1.39599129927355E-21,-1.56128720824992E-30));
#8266=DIRECTION('center_axis',(-1.39599129927355E-21,-1.,1.94289029309403E-15));
#8267=DIRECTION('ref_axis',(-1.,1.39599129927355E-21,1.4791141972894E-30));
#8268=DIRECTION('center_axis',(-3.01855401269911E-16,1.,3.62688564732951E-16));
#8269=DIRECTION('ref_axis',(-0.866025403784443,-8.00701634028162E-17,-0.499999999999993));
#8270=DIRECTION('center_axis',(3.01855401269911E-16,-1.,-3.62688564732951E-16));
#8271=DIRECTION('ref_axis',(0.866025403784443,8.00701634028163E-17,0.499999999999993));
#8272=DIRECTION('center_axis',(3.01855401269911E-16,-1.,-3.62688564732951E-16));
#8273=DIRECTION('ref_axis',(0.866025403784443,8.00701634028163E-17,0.499999999999993));
#8274=DIRECTION('center_axis',(3.01855401269911E-16,-1.,-3.62688564732951E-16));
#8275=DIRECTION('ref_axis',(0.866025403784443,8.00701634028162E-17,0.499999999999993));
#8276=DIRECTION('center_axis',(3.01855401269911E-16,-1.,-3.62688564732951E-16));
#8277=DIRECTION('ref_axis',(0.866025403784443,8.00701634028162E-17,0.499999999999993));
#8278=DIRECTION('center_axis',(3.01855401269911E-16,-1.,-3.62688564732951E-16));
#8279=DIRECTION('ref_axis',(0.866025403784442,8.00701634028161E-17,0.499999999999993));
#8280=DIRECTION('center_axis',(3.01855401269911E-16,-1.,-3.62688564732951E-16));
#8281=DIRECTION('ref_axis',(0.866025403784443,8.00701634028162E-17,0.499999999999993));
#8282=DIRECTION('center_axis',(3.01855401269911E-16,-1.,-3.62688564732951E-16));
#8283=DIRECTION('ref_axis',(0.866025403784443,8.00701634028163E-17,0.499999999999993));
#8284=DIRECTION('center_axis',(3.01855401269911E-16,-1.,-3.62688564732951E-16));
#8285=DIRECTION('ref_axis',(0.866025403784443,8.00701634028162E-17,0.499999999999993));
#8286=DIRECTION('center_axis',(3.01855401269911E-16,-1.,-3.62688564732951E-16));
#8287=DIRECTION('ref_axis',(0.866025403784443,8.00701634028162E-17,0.499999999999993));
#8288=DIRECTION('center_axis',(3.01855401269911E-16,-1.,-3.62688564732951E-16));
#8289=DIRECTION('ref_axis',(-0.866025403784439,3.51194675765322E-16,0.499999999999999));
#8290=DIRECTION('center_axis',(3.01855401269911E-16,-1.,-3.62688564732951E-16));
#8291=DIRECTION('ref_axis',(0.866025403784443,8.00701634028162E-17,0.499999999999993));
#8292=DIRECTION('center_axis',(3.01855401269911E-16,-1.,-3.62688564732951E-16));
#8293=DIRECTION('ref_axis',(0.866025403784443,8.00701634028162E-17,0.499999999999993));
#8294=DIRECTION('',(-3.01855401269911E-16,1.,3.62688564732951E-16));
#8295=DIRECTION('center_axis',(3.01855401269911E-16,-1.,-3.62688564732951E-16));
#8296=DIRECTION('ref_axis',(0.866025403784443,8.00701634028163E-17,0.499999999999993));
#8297=DIRECTION('',(3.01855401269911E-16,-1.,-3.62688564732951E-16));
#8298=DIRECTION('center_axis',(3.01855401269911E-16,-1.,-3.62688564732951E-16));
#8299=DIRECTION('ref_axis',(0.866025403784443,8.00701634028163E-17,0.499999999999993));
#8300=DIRECTION('center_axis',(3.01855401269911E-16,-1.,-3.62688564732951E-16));
#8301=DIRECTION('ref_axis',(0.866025403784443,8.00701634028163E-17,0.499999999999993));
#8302=DIRECTION('center_axis',(3.01855401269911E-16,-1.,-3.62688564732951E-16));
#8303=DIRECTION('ref_axis',(0.866025403784443,8.00701634028163E-17,0.499999999999993));
#8304=DIRECTION('center_axis',(3.01855401269911E-16,-1.,-3.62688564732951E-16));
#8305=DIRECTION('ref_axis',(0.866025403784442,8.00701634028161E-17,0.499999999999993));
#8306=DIRECTION('center_axis',(3.01855401269911E-16,-1.,-3.62688564732951E-16));
#8307=DIRECTION('ref_axis',(0.866025403784442,8.00701634028161E-17,0.499999999999993));
#8308=DIRECTION('center_axis',(3.01855401269911E-16,-1.,-3.62688564732951E-16));
#8309=DIRECTION('ref_axis',(0.866025403784442,8.00701634028161E-17,0.499999999999993));
#8310=DIRECTION('',(-3.01855401269911E-16,1.,3.62688564732951E-16));
#8311=DIRECTION('center_axis',(3.01855401269911E-16,-1.,-3.62688564732951E-16));
#8312=DIRECTION('ref_axis',(0.866025403784442,8.00701634028161E-17,0.499999999999993));
#8313=DIRECTION('center_axis',(3.01855401269911E-16,-1.,-3.62688564732951E-16));
#8314=DIRECTION('ref_axis',(0.866025403784443,8.00701634028163E-17,0.499999999999993));
#8315=DIRECTION('',(-3.01855401269911E-16,1.,3.62688564732951E-16));
#8316=DIRECTION('center_axis',(3.01855401269911E-16,-1.,-3.62688564732951E-16));
#8317=DIRECTION('ref_axis',(0.866025403784443,8.00701634028162E-17,0.499999999999993));
#8318=DIRECTION('',(-3.01855401269911E-16,1.,3.62688564732951E-16));
#8319=DIRECTION('center_axis',(3.01855401269911E-16,-1.,-3.62688564732951E-16));
#8320=DIRECTION('ref_axis',(0.866025403784443,8.00701634028162E-17,0.499999999999993));
#8321=DIRECTION('center_axis',(3.01855401269911E-16,-1.,-3.62688564732951E-16));
#8322=DIRECTION('ref_axis',(0.866025403784443,8.00701634028162E-17,0.499999999999993));
#8323=DIRECTION('',(-0.742328657701367,-0.515038074910055,-0.42858365035105));
#8324=DIRECTION('center_axis',(3.01855401269911E-16,-1.,-3.62688564732951E-16));
#8325=DIRECTION('ref_axis',(0.866025403784443,8.00701634028162E-17,0.499999999999993));
#8326=DIRECTION('center_axis',(3.01855401269911E-16,-1.,-3.62688564732951E-16));
#8327=DIRECTION('ref_axis',(0.866025403784442,8.00701634028162E-17,0.499999999999993));
#8328=DIRECTION('',(3.01855401269911E-16,-1.,-3.62688564732951E-16));
#8329=DIRECTION('center_axis',(3.01855401269911E-16,-1.,-3.62688564732951E-16));
#8330=DIRECTION('ref_axis',(0.866025403784443,8.00701634028162E-17,0.499999999999993));
#8331=DIRECTION('center_axis',(3.01855401269911E-16,-1.,-3.62688564732951E-16));
#8332=DIRECTION('ref_axis',(0.866025403784443,8.00701634028162E-17,0.499999999999993));
#8333=DIRECTION('',(-0.742328657701367,-0.515038074910055,-0.42858365035105));
#8334=DIRECTION('center_axis',(3.01855401269911E-16,-1.,-3.62688564732951E-16));
#8335=DIRECTION('ref_axis',(0.866025403784443,8.00701634028162E-17,0.499999999999993));
#8336=DIRECTION('center_axis',(3.01855401269911E-16,-1.,-3.62688564732951E-16));
#8337=DIRECTION('ref_axis',(0.866025403784442,8.00701634028162E-17,0.499999999999993));
#8338=DIRECTION('',(3.01855401269911E-16,-1.,-3.62688564732951E-16));
#8339=DIRECTION('center_axis',(3.01855401269911E-16,-1.,-3.62688564732951E-16));
#8340=DIRECTION('ref_axis',(0.866025403784443,8.00701634028162E-17,0.499999999999993));
#8341=DIRECTION('center_axis',(3.01855401269911E-16,-1.,-3.62688564732951E-16));
#8342=DIRECTION('ref_axis',(0.866025403784443,8.00701634028162E-17,0.499999999999993));
#8343=DIRECTION('',(-0.742328657701367,-0.515038074910055,-0.42858365035105));
#8344=DIRECTION('center_axis',(3.01855401269911E-16,-1.,-3.62688564732951E-16));
#8345=DIRECTION('ref_axis',(0.866025403784443,8.00701634028162E-17,0.499999999999993));
#8346=DIRECTION('center_axis',(3.01855401269911E-16,-1.,-3.62688564732951E-16));
#8347=DIRECTION('ref_axis',(0.866025403784442,8.00701634028162E-17,0.499999999999993));
#8348=DIRECTION('',(3.01855401269911E-16,-1.,-3.62688564732951E-16));
#8349=DIRECTION('center_axis',(3.01855401269911E-16,-1.,-3.62688564732951E-16));
#8350=DIRECTION('ref_axis',(0.866025403784442,8.00701634028161E-17,0.499999999999993));
#8351=DIRECTION('center_axis',(3.01855401269911E-16,-1.,-3.62688564732951E-16));
#8352=DIRECTION('ref_axis',(0.866025403784443,8.00701634028162E-17,0.499999999999993));
#8353=DIRECTION('',(-0.742328657701367,-0.515038074910055,-0.42858365035105));
#8354=DIRECTION('center_axis',(3.01855401269911E-16,-1.,-3.62688564732951E-16));
#8355=DIRECTION('ref_axis',(0.866025403784443,8.00701634028162E-17,0.499999999999993));
#8356=DIRECTION('center_axis',(3.01855401269911E-16,-1.,-3.62688564732951E-16));
#8357=DIRECTION('ref_axis',(0.866025403784442,8.00701634028162E-17,0.499999999999993));
#8358=DIRECTION('',(3.01855401269911E-16,-1.,-3.62688564732951E-16));
#8359=DIRECTION('center_axis',(3.01855401269911E-16,-1.,-3.62688564732951E-16));
#8360=DIRECTION('ref_axis',(0.866025403784442,8.00701634028161E-17,0.499999999999993));
#8361=DIRECTION('center_axis',(3.01855401269911E-16,-1.,-3.62688564732951E-16));
#8362=DIRECTION('ref_axis',(0.866025403784443,8.00701634028162E-17,0.499999999999993));
#8363=DIRECTION('',(-0.742328657701367,-0.515038074910055,-0.42858365035105));
#8364=DIRECTION('center_axis',(3.01855401269911E-16,-1.,-3.62688564732951E-16));
#8365=DIRECTION('ref_axis',(0.866025403784443,8.00701634028162E-17,0.499999999999993));
#8366=DIRECTION('center_axis',(3.01855401269911E-16,-1.,-3.62688564732951E-16));
#8367=DIRECTION('ref_axis',(0.866025403784442,8.00701634028162E-17,0.499999999999993));
#8368=DIRECTION('',(3.01855401269911E-16,-1.,-3.62688564732951E-16));
#8369=DIRECTION('center_axis',(3.01855401269911E-16,-1.,-3.62688564732951E-16));
#8370=DIRECTION('ref_axis',(0.866025403784442,8.00701634028161E-17,0.499999999999993));
#8371=DIRECTION('center_axis',(3.01855401269911E-16,-1.,-3.62688564732951E-16));
#8372=DIRECTION('ref_axis',(0.866025403784443,8.00701634028162E-17,0.499999999999993));
#8373=DIRECTION('',(-0.742328657701367,-0.515038074910055,-0.42858365035105));
#8374=DIRECTION('center_axis',(3.01855401269911E-16,-1.,-3.62688564732951E-16));
#8375=DIRECTION('ref_axis',(0.866025403784443,8.00701634028162E-17,0.499999999999993));
#8376=DIRECTION('center_axis',(3.01855401269911E-16,-1.,-3.62688564732951E-16));
#8377=DIRECTION('ref_axis',(0.866025403784442,8.00701634028162E-17,0.499999999999993));
#8378=DIRECTION('',(3.01855401269911E-16,-1.,-3.62688564732951E-16));
#8379=DIRECTION('center_axis',(3.01855401269911E-16,-1.,-3.62688564732951E-16));
#8380=DIRECTION('ref_axis',(0.866025403784442,8.00701634028161E-17,0.499999999999993));
#8381=DIRECTION('center_axis',(3.01855401269911E-16,-1.,-3.62688564732951E-16));
#8382=DIRECTION('ref_axis',(0.866025403784442,8.00701634028163E-17,0.499999999999993));
#8383=DIRECTION('',(-0.742328657701367,-0.515038074910055,-0.42858365035105));
#8384=DIRECTION('center_axis',(3.01855401269911E-16,-1.,-3.62688564732951E-16));
#8385=DIRECTION('ref_axis',(0.866025403784442,8.00701634028163E-17,0.499999999999993));
#8386=DIRECTION('center_axis',(3.01855401269911E-16,-1.,-3.62688564732951E-16));
#8387=DIRECTION('ref_axis',(0.866025403784442,8.00701634028163E-17,0.499999999999993));
#8388=DIRECTION('',(3.01855401269911E-16,-1.,-3.62688564732951E-16));
#8389=DIRECTION('center_axis',(3.01855401269911E-16,-1.,-3.62688564732951E-16));
#8390=DIRECTION('ref_axis',(0.866025403784442,8.00701634028163E-17,0.499999999999993));
#8391=DIRECTION('center_axis',(3.01855401269911E-16,-1.,-3.62688564732951E-16));
#8392=DIRECTION('ref_axis',(0.866025403784442,8.00701634028163E-17,0.499999999999993));
#8393=DIRECTION('',(-0.742328657701366,-0.515038074910056,-0.42858365035105));
#8394=DIRECTION('center_axis',(3.01855401269911E-16,-1.,-3.62688564732951E-16));
#8395=DIRECTION('ref_axis',(0.866025403784442,8.00701634028163E-17,0.499999999999993));
#8396=DIRECTION('center_axis',(3.01855401269911E-16,-1.,-3.62688564732951E-16));
#8397=DIRECTION('ref_axis',(0.866025403784442,8.00701634028163E-17,0.499999999999993));
#8398=DIRECTION('',(3.01855401269911E-16,-1.,-3.62688564732951E-16));
#8399=DIRECTION('center_axis',(3.01855401269911E-16,-1.,-3.62688564732951E-16));
#8400=DIRECTION('ref_axis',(0.866025403784442,8.00701634028163E-17,0.499999999999993));
#8401=DIRECTION('center_axis',(3.01855401269911E-16,-1.,-3.62688564732951E-16));
#8402=DIRECTION('ref_axis',(0.866025403784442,8.00701634028163E-17,0.499999999999993));
#8403=DIRECTION('',(-0.742328657701366,-0.515038074910056,-0.42858365035105));
#8404=DIRECTION('center_axis',(3.01855401269911E-16,-1.,-3.62688564732951E-16));
#8405=DIRECTION('ref_axis',(0.866025403784442,8.00701634028163E-17,0.499999999999993));
#8406=DIRECTION('center_axis',(3.01855401269911E-16,-1.,-3.62688564732951E-16));
#8407=DIRECTION('ref_axis',(0.866025403784442,8.00701634028163E-17,0.499999999999993));
#8408=DIRECTION('',(3.01855401269911E-16,-1.,-3.62688564732951E-16));
#8409=DIRECTION('center_axis',(3.01855401269911E-16,-1.,-3.62688564732951E-16));
#8410=DIRECTION('ref_axis',(0.866025403784442,8.00701634028163E-17,0.499999999999993));
#8411=DIRECTION('center_axis',(3.01855401269911E-16,-1.,-3.62688564732951E-16));
#8412=DIRECTION('ref_axis',(0.866025403784442,8.00701634028163E-17,0.499999999999993));
#8413=DIRECTION('',(-0.742328657701366,-0.515038074910056,-0.42858365035105));
#8414=DIRECTION('center_axis',(3.01855401269911E-16,-1.,-3.62688564732951E-16));
#8415=DIRECTION('ref_axis',(0.866025403784442,8.00701634028163E-17,0.499999999999993));
#8416=DIRECTION('center_axis',(3.01855401269911E-16,-1.,-3.62688564732951E-16));
#8417=DIRECTION('ref_axis',(0.866025403784442,8.00701634028163E-17,0.499999999999993));
#8418=DIRECTION('',(3.01855401269911E-16,-1.,-3.62688564732951E-16));
#8419=DIRECTION('center_axis',(3.01855401269911E-16,-1.,-3.62688564732951E-16));
#8420=DIRECTION('ref_axis',(0.866025403784442,8.00701634028163E-17,0.499999999999993));
#8421=DIRECTION('center_axis',(4.72548067649436E-17,1.,-1.29095898682175E-15));
#8422=DIRECTION('ref_axis',(7.51616068441331E-16,-1.29095898682175E-15,
-1.));
#8423=DIRECTION('',(7.51616068441331E-16,-1.29095898682175E-15,-1.));
#8424=DIRECTION('center_axis',(4.72548067649436E-17,1.,-1.29095898682175E-15));
#8425=DIRECTION('ref_axis',(7.51616068441331E-16,-1.29095898682175E-15,
-1.));
#8426=DIRECTION('',(-3.94389249503319E-17,-1.29095898682175E-15,-1.));
#8427=DIRECTION('',(-1.,4.72548067649427E-17,-7.51616068441331E-16));
#8428=DIRECTION('',(-3.56088571745499E-16,1.29095898682175E-15,1.));
#8429=DIRECTION('center_axis',(4.72548067649436E-17,1.,-1.29095898682175E-15));
#8430=DIRECTION('ref_axis',(7.51616068441331E-16,-1.29095898682175E-15,
-1.));
#8431=DIRECTION('',(7.51616068441331E-16,-1.29095898682175E-15,-1.));
#8432=DIRECTION('center_axis',(4.72548067649436E-17,1.,-1.29095898682175E-15));
#8433=DIRECTION('ref_axis',(7.51616068441331E-16,-1.29095898682175E-15,
-1.));
#8434=DIRECTION('center_axis',(-4.72548067649436E-17,-1.,1.29095898682175E-15));
#8435=DIRECTION('ref_axis',(1.07324059837666E-15,-1.29095898682175E-15,
-1.));
#8436=DIRECTION('center_axis',(4.72548067649436E-17,1.,-1.29095898682175E-15));
#8437=DIRECTION('ref_axis',(7.51616068441331E-16,-1.29095898682175E-15,
-1.));
#8438=DIRECTION('',(-4.72548067649436E-17,-1.,1.29095898682175E-15));
#8439=DIRECTION('',(-4.72548067649436E-17,-1.,1.29095898682175E-15));
#8440=DIRECTION('center_axis',(-1.,4.72548067649427E-17,-7.51616068441331E-16));
#8441=DIRECTION('ref_axis',(-7.51616068441331E-16,1.29095898682175E-15,
1.));
#8442=DIRECTION('',(7.51616068441331E-16,-1.29095898682175E-15,-1.));
#8443=DIRECTION('',(-4.72548067649436E-17,-1.,1.29095898682175E-15));
#8444=DIRECTION('center_axis',(-4.72548067649436E-17,-1.,1.29095898682175E-15));
#8445=DIRECTION('ref_axis',(-7.51616068441331E-16,1.29095898682175E-15,
1.));
#8446=DIRECTION('center_axis',(4.72548067649436E-17,1.,-1.29095898682175E-15));
#8447=DIRECTION('ref_axis',(7.51616068441331E-16,-1.29095898682175E-15,
-1.));
#8448=DIRECTION('',(-4.72548067649436E-17,-1.,1.29095898682175E-15));
#8449=DIRECTION('center_axis',(1.,-4.72548067649432E-17,3.560885717455E-16));
#8450=DIRECTION('ref_axis',(3.56088571745499E-16,-1.29095898682175E-15,
-1.));
#8451=DIRECTION('',(-3.56088571745499E-16,1.29095898682175E-15,1.));
#8452=DIRECTION('',(-4.72548067649436E-17,-1.,1.29095898682175E-15));
#8453=DIRECTION('center_axis',(-7.51616068441331E-16,1.29095898682175E-15,
1.));
#8454=DIRECTION('ref_axis',(1.,-4.72548067649427E-17,7.51616068441331E-16));
#8455=DIRECTION('',(-1.,4.72548067649427E-17,-7.51616068441331E-16));
#8456=DIRECTION('',(-4.72548067649436E-17,-1.,1.29095898682175E-15));
#8457=DIRECTION('center_axis',(-1.,4.72548067649437E-17,3.94389249503315E-17));
#8458=DIRECTION('ref_axis',(3.94389249503318E-17,1.29095898682175E-15,1.));
#8459=DIRECTION('',(-3.94389249503319E-17,-1.29095898682175E-15,-1.));
#8460=DIRECTION('',(-4.72548067649436E-17,-1.,1.29095898682175E-15));
#8461=DIRECTION('center_axis',(-4.72548067649436E-17,-1.,1.29095898682175E-15));
#8462=DIRECTION('ref_axis',(-7.51616068441331E-16,1.29095898682175E-15,
1.));
#8463=DIRECTION('center_axis',(4.72548067649436E-17,1.,-1.29095898682175E-15));
#8464=DIRECTION('ref_axis',(7.51616068441331E-16,-1.29095898682175E-15,
-1.));
#8465=DIRECTION('',(-4.72548067649436E-17,-1.,1.29095898682175E-15));
#8466=DIRECTION('center_axis',(-1.,4.72548067649427E-17,-7.51616068441331E-16));
#8467=DIRECTION('ref_axis',(-7.51616068441331E-16,1.29095898682175E-15,
1.));
#8468=DIRECTION('',(7.51616068441331E-16,-1.29095898682175E-15,-1.));
#8469=DIRECTION('center_axis',(4.72548067649436E-17,1.,-1.29095898682175E-15));
#8470=DIRECTION('ref_axis',(7.51616068441331E-16,-1.29095898682175E-15,
-1.));
#8471=DIRECTION('center_axis',(3.01855401269911E-16,-1.,-3.62688564732951E-16));
#8472=DIRECTION('ref_axis',(0.866025403784443,8.00701634028162E-17,0.499999999999993));
#8473=DIRECTION('center_axis',(3.01855401269911E-16,-1.,-3.62688564732951E-16));
#8474=DIRECTION('ref_axis',(-0.866025403784439,3.51194675765322E-16,0.499999999999999));
#8475=DIRECTION('center_axis',(3.01855401269911E-16,-1.,-3.62688564732951E-16));
#8476=DIRECTION('ref_axis',(0.866025403784443,8.00701634028162E-17,0.499999999999993));
#8477=DIRECTION('center_axis',(3.01855401269911E-16,-1.,-3.62688564732951E-16));
#8478=DIRECTION('ref_axis',(-0.866025403784439,3.51194675765322E-16,0.499999999999999));
#8479=DIRECTION('center_axis',(3.01855401269911E-16,-1.,-3.62688564732951E-16));
#8480=DIRECTION('ref_axis',(0.866025403784443,8.00701634028162E-17,0.499999999999993));
#8481=DIRECTION('center_axis',(3.01855401269911E-16,-1.,-3.62688564732951E-16));
#8482=DIRECTION('ref_axis',(-0.866025403784439,3.51194675765322E-16,0.499999999999999));
#8483=DIRECTION('center_axis',(3.01855401269911E-16,-1.,-3.62688564732951E-16));
#8484=DIRECTION('ref_axis',(0.866025403784443,8.00701634028162E-17,0.499999999999993));
#8485=DIRECTION('center_axis',(3.01855401269911E-16,-1.,-3.62688564732951E-16));
#8486=DIRECTION('ref_axis',(-0.866025403784439,3.51194675765322E-16,0.499999999999999));
#8487=DIRECTION('center_axis',(3.01855401269911E-16,-1.,-3.62688564732951E-16));
#8488=DIRECTION('ref_axis',(0.866025403784443,8.00701634028162E-17,0.499999999999993));
#8489=DIRECTION('center_axis',(3.01855401269911E-16,-1.,-3.62688564732951E-16));
#8490=DIRECTION('ref_axis',(-0.866025403784439,3.51194675765322E-16,0.499999999999999));
#8491=DIRECTION('center_axis',(3.01855401269911E-16,-1.,-3.62688564732951E-16));
#8492=DIRECTION('ref_axis',(0.866025403784443,8.00701634028162E-17,0.499999999999993));
#8493=DIRECTION('center_axis',(3.01855401269911E-16,-1.,-3.62688564732951E-16));
#8494=DIRECTION('ref_axis',(-0.866025403784439,3.51194675765322E-16,0.499999999999999));
#8495=DIRECTION('center_axis',(3.01855401269911E-16,-1.,-3.62688564732951E-16));
#8496=DIRECTION('ref_axis',(0.866025403784443,8.00701634028162E-17,0.499999999999993));
#8497=DIRECTION('center_axis',(3.01855401269911E-16,-1.,-3.62688564732951E-16));
#8498=DIRECTION('ref_axis',(-0.866025403784439,3.51194675765322E-16,0.499999999999999));
#8499=DIRECTION('center_axis',(3.01855401269911E-16,-1.,-3.62688564732951E-16));
#8500=DIRECTION('ref_axis',(0.866025403784443,8.00701634028162E-17,0.499999999999993));
#8501=DIRECTION('center_axis',(3.01855401269911E-16,-1.,-3.62688564732951E-16));
#8502=DIRECTION('ref_axis',(-0.866025403784439,3.51194675765322E-16,0.499999999999999));
#8503=DIRECTION('center_axis',(3.01855401269911E-16,-1.,-3.62688564732951E-16));
#8504=DIRECTION('ref_axis',(0.866025403784443,8.00701634028162E-17,0.499999999999993));
#8505=DIRECTION('center_axis',(3.01855401269911E-16,-1.,-3.62688564732951E-16));
#8506=DIRECTION('ref_axis',(-0.866025403784439,3.51194675765322E-16,0.499999999999999));
#8507=DIRECTION('center_axis',(3.01855401269911E-16,-1.,-3.62688564732951E-16));
#8508=DIRECTION('ref_axis',(0.866025403784443,8.00701634028162E-17,0.499999999999993));
#8509=DIRECTION('center_axis',(3.01855401269911E-16,-1.,-3.62688564732951E-16));
#8510=DIRECTION('ref_axis',(-0.866025403784439,3.51194675765322E-16,0.499999999999999));
#8511=DIRECTION('center_axis',(3.01855401269911E-16,-1.,-3.62688564732951E-16));
#8512=DIRECTION('ref_axis',(0.866025403784443,8.00701634028162E-17,0.499999999999993));
#8513=DIRECTION('center_axis',(3.01855401269911E-16,-1.,-3.62688564732951E-16));
#8514=DIRECTION('ref_axis',(-0.866025403784439,3.51194675765322E-16,0.499999999999999));
#8515=DIRECTION('center_axis',(-5.32082350512952E-16,-1.,-2.19204313368462E-16));
#8516=DIRECTION('ref_axis',(-0.866025403784439,3.51194675765321E-16,0.499999999999999));
#8517=DIRECTION('center_axis',(-5.32082350512952E-16,-1.,-2.19204313368462E-16));
#8518=DIRECTION('ref_axis',(-0.866025403784439,3.51194675765321E-16,0.499999999999999));
#8519=DIRECTION('center_axis',(-5.32082350512952E-16,-1.,-2.19204313368462E-16));
#8520=DIRECTION('ref_axis',(-0.866025403784439,3.51194675765321E-16,0.499999999999999));
#8521=DIRECTION('center_axis',(-5.32082350512952E-16,-1.,-2.19204313368462E-16));
#8522=DIRECTION('ref_axis',(-0.866025403784439,3.51194675765322E-16,0.499999999999999));
#8523=DIRECTION('center_axis',(-5.32082350512952E-16,-1.,-2.19204313368462E-16));
#8524=DIRECTION('ref_axis',(-0.866025403784439,3.51194675765322E-16,0.499999999999999));
#8525=DIRECTION('center_axis',(-5.32082350512952E-16,-1.,-2.19204313368462E-16));
#8526=DIRECTION('ref_axis',(-0.866025403784439,3.51194675765321E-16,0.499999999999999));
#8527=DIRECTION('center_axis',(-5.32082350512952E-16,-1.,-2.19204313368462E-16));
#8528=DIRECTION('ref_axis',(-0.866025403784439,3.51194675765322E-16,0.499999999999999));
#8529=DIRECTION('center_axis',(-5.32082350512952E-16,-1.,-2.19204313368462E-16));
#8530=DIRECTION('ref_axis',(-0.866025403784439,3.51194675765322E-16,0.499999999999999));
#8531=DIRECTION('center_axis',(-5.32082350512952E-16,-1.,-2.19204313368462E-16));
#8532=DIRECTION('ref_axis',(-0.866025403784439,3.51194675765322E-16,0.499999999999999));
#8533=DIRECTION('center_axis',(-5.32082350512952E-16,-1.,-2.19204313368462E-16));
#8534=DIRECTION('ref_axis',(-0.866025403784439,3.51194675765322E-16,0.499999999999999));
#8535=DIRECTION('center_axis',(-5.32082350512952E-16,-1.,-2.19204313368462E-16));
#8536=DIRECTION('ref_axis',(-0.866025403784439,3.51194675765322E-16,0.499999999999999));
#8537=DIRECTION('center_axis',(-5.32082350512952E-16,-1.,-2.19204313368462E-16));
#8538=DIRECTION('ref_axis',(-0.866025403784439,3.51194675765322E-16,0.499999999999999));
#8539=DIRECTION('center_axis',(-5.32082350512952E-16,-1.,-2.19204313368462E-16));
#8540=DIRECTION('ref_axis',(-0.866025403784439,3.51194675765322E-16,0.499999999999999));
#8541=DIRECTION('center_axis',(-5.32082350512952E-16,-1.,-2.19204313368462E-16));
#8542=DIRECTION('ref_axis',(-0.866025403784439,3.51194675765322E-16,0.499999999999999));
#8543=DIRECTION('center_axis',(5.32082350512952E-16,1.,2.19204313368462E-16));
#8544=DIRECTION('ref_axis',(0.866025403784439,-3.51194675765321E-16,-0.499999999999999));
#8545=DIRECTION('center_axis',(-5.32082350512952E-16,-1.,-2.19204313368462E-16));
#8546=DIRECTION('ref_axis',(-0.866025403784439,3.51194675765321E-16,0.499999999999999));
#8547=DIRECTION('',(-5.32082350512952E-16,-1.,-2.19204313368462E-16));
#8548=DIRECTION('center_axis',(-5.32082350512952E-16,-1.,-2.19204313368462E-16));
#8549=DIRECTION('ref_axis',(-0.866025403784439,3.51194675765322E-16,0.499999999999999));
#8550=DIRECTION('',(-5.32082350512952E-16,-1.,-2.19204313368462E-16));
#8551=DIRECTION('center_axis',(-5.32082350512952E-16,-1.,-2.19204313368462E-16));
#8552=DIRECTION('ref_axis',(-0.866025403784439,3.51194675765322E-16,0.499999999999999));
#8553=DIRECTION('',(-5.32082350512952E-16,-1.,-2.19204313368462E-16));
#8554=DIRECTION('center_axis',(-5.32082350512952E-16,-1.,-2.19204313368462E-16));
#8555=DIRECTION('ref_axis',(-0.866025403784439,3.51194675765322E-16,0.499999999999999));
#8556=DIRECTION('',(-5.32082350512952E-16,-1.,-2.19204313368462E-16));
#8557=DIRECTION('center_axis',(-5.32082350512952E-16,-1.,-2.19204313368462E-16));
#8558=DIRECTION('ref_axis',(-0.866025403784439,3.51194675765322E-16,0.499999999999999));
#8559=DIRECTION('',(-5.32082350512952E-16,-1.,-2.19204313368462E-16));
#8560=DIRECTION('center_axis',(-5.32082350512952E-16,-1.,-2.19204313368462E-16));
#8561=DIRECTION('ref_axis',(-0.866025403784439,3.51194675765322E-16,0.499999999999999));
#8562=DIRECTION('',(-5.32082350512952E-16,-1.,-2.19204313368462E-16));
#8563=DIRECTION('center_axis',(-5.32082350512952E-16,-1.,-2.19204313368462E-16));
#8564=DIRECTION('ref_axis',(-0.866025403784439,3.51194675765322E-16,0.499999999999999));
#8565=DIRECTION('',(-5.32082350512952E-16,-1.,-2.19204313368462E-16));
#8566=DIRECTION('center_axis',(-5.32082350512952E-16,-1.,-2.19204313368462E-16));
#8567=DIRECTION('ref_axis',(-0.866025403784439,3.51194675765322E-16,0.499999999999999));
#8568=DIRECTION('',(-5.32082350512952E-16,-1.,-2.19204313368462E-16));
#8569=DIRECTION('center_axis',(-5.32082350512952E-16,-1.,-2.19204313368462E-16));
#8570=DIRECTION('ref_axis',(-0.866025403784439,3.51194675765322E-16,0.499999999999999));
#8571=DIRECTION('',(-5.32082350512952E-16,-1.,-2.19204313368462E-16));
#8572=DIRECTION('center_axis',(-5.32082350512952E-16,-1.,-2.19204313368462E-16));
#8573=DIRECTION('ref_axis',(-0.866025403784439,3.51194675765322E-16,0.499999999999999));
#8574=DIRECTION('',(-5.32082350512952E-16,-1.,-2.19204313368462E-16));
#8575=DIRECTION('center_axis',(-5.32082350512952E-16,-1.,-2.19204313368462E-16));
#8576=DIRECTION('ref_axis',(-0.866025403784439,3.51194675765322E-16,0.499999999999999));
#8577=DIRECTION('',(-5.32082350512952E-16,-1.,-2.19204313368462E-16));
#8578=DIRECTION('center_axis',(-5.32082350512952E-16,-1.,-2.19204313368462E-16));
#8579=DIRECTION('ref_axis',(-0.866025403784439,3.51194675765322E-16,0.499999999999999));
#8580=DIRECTION('',(-5.32082350512952E-16,-1.,-2.19204313368462E-16));
#8581=DIRECTION('center_axis',(-5.32082350512952E-16,-1.,-2.19204313368462E-16));
#8582=DIRECTION('ref_axis',(-0.866025403784439,3.51194675765322E-16,0.499999999999999));
#8583=DIRECTION('',(-5.32082350512952E-16,-1.,-2.19204313368462E-16));
#8584=DIRECTION('center_axis',(-5.32082350512952E-16,-1.,-2.19204313368462E-16));
#8585=DIRECTION('ref_axis',(-0.866025403784439,3.51194675765321E-16,0.499999999999999));
#8586=DIRECTION('center_axis',(3.01855401269911E-16,-1.,-3.62688564732951E-16));
#8587=DIRECTION('ref_axis',(0.866025403784443,8.00701634028162E-17,0.499999999999993));
#8588=DIRECTION('center_axis',(-3.01855401269911E-16,1.,3.62688564732951E-16));
#8589=DIRECTION('ref_axis',(1.,5.86168690324968E-17,4.110131255855E-16));
#8590=DIRECTION('center_axis',(-3.01855401269911E-16,1.,3.62688564732951E-16));
#8591=DIRECTION('ref_axis',(1.,5.86168690324968E-17,4.110131255855E-16));
#8592=DIRECTION('center_axis',(6.08639235030668E-17,1.,-2.16244190292423E-15));
#8593=DIRECTION('ref_axis',(0.855801305789489,1.06655387689421E-15,0.517304673291287));
#8594=DIRECTION('center_axis',(-6.08639235030668E-17,-1.,2.16244190292423E-15));
#8595=DIRECTION('ref_axis',(-0.855801305789489,-1.06655387689421E-15,-0.517304673291287));
#8596=DIRECTION('center_axis',(-6.08639235030668E-17,-1.,2.16244190292423E-15));
#8597=DIRECTION('ref_axis',(-0.855801305789489,-1.06655387689421E-15,-0.517304673291287));
#8598=DIRECTION('center_axis',(-6.08639235030668E-17,-1.,2.16244190292423E-15));
#8599=DIRECTION('ref_axis',(-0.855801305789489,-1.06655387689421E-15,-0.517304673291287));
#8600=DIRECTION('center_axis',(-6.08639235030668E-17,-1.,2.16244190292423E-15));
#8601=DIRECTION('ref_axis',(-0.855801305789489,-1.06655387689421E-15,-0.517304673291287));
#8602=DIRECTION('center_axis',(-6.08639235030668E-17,-1.,2.16244190292423E-15));
#8603=DIRECTION('ref_axis',(-0.855801305789489,-1.06655387689421E-15,-0.517304673291287));
#8604=DIRECTION('center_axis',(-6.08639235030668E-17,-1.,2.16244190292423E-15));
#8605=DIRECTION('ref_axis',(-0.855801305789489,-1.06655387689421E-15,-0.517304673291287));
#8606=DIRECTION('center_axis',(6.08639235030668E-17,1.,-2.16244190292423E-15));
#8607=DIRECTION('ref_axis',(1.,5.86168690324969E-17,4.110131255855E-16));
#8608=DIRECTION('center_axis',(-6.08639235030668E-17,-1.,2.16244190292423E-15));
#8609=DIRECTION('ref_axis',(-0.855801305789489,-1.06655387689421E-15,-0.517304673291287));
#8610=DIRECTION('center_axis',(6.08639235030668E-17,1.,-2.16244190292423E-15));
#8611=DIRECTION('ref_axis',(1.,5.86168690324969E-17,4.110131255855E-16));
#8612=DIRECTION('center_axis',(-6.08639235030668E-17,-1.,2.16244190292423E-15));
#8613=DIRECTION('ref_axis',(-0.855801305789489,-1.06655387689421E-15,-0.517304673291287));
#8614=DIRECTION('center_axis',(-6.08639235030668E-17,-1.,2.16244190292423E-15));
#8615=DIRECTION('ref_axis',(-0.855801305789489,-1.06655387689421E-15,-0.517304673291287));
#8616=DIRECTION('center_axis',(-6.08639235030668E-17,-1.,2.16244190292423E-15));
#8617=DIRECTION('ref_axis',(-0.855801305789489,-1.06655387689421E-15,-0.517304673291287));
#8618=DIRECTION('center_axis',(-6.08639235030668E-17,-1.,2.16244190292423E-15));
#8619=DIRECTION('ref_axis',(-0.855801305789489,-1.06655387689421E-15,-0.517304673291287));
#8620=DIRECTION('center_axis',(-6.08639235030668E-17,-1.,2.16244190292423E-15));
#8621=DIRECTION('ref_axis',(-0.855801305789489,-1.06655387689421E-15,-0.517304673291287));
#8622=DIRECTION('center_axis',(-6.08639235030668E-17,-1.,2.16244190292423E-15));
#8623=DIRECTION('ref_axis',(-0.855801305789489,-1.06655387689421E-15,-0.517304673291287));
#8624=DIRECTION('center_axis',(-6.08639235030668E-17,-1.,2.16244190292423E-15));
#8625=DIRECTION('ref_axis',(-0.855801305789489,-1.06655387689421E-15,-0.517304673291287));
#8626=DIRECTION('center_axis',(-6.08639235030668E-17,-1.,2.16244190292423E-15));
#8627=DIRECTION('ref_axis',(-0.855801305789489,-1.06655387689421E-15,-0.517304673291287));
#8628=DIRECTION('center_axis',(-6.08639235030668E-17,-1.,2.16244190292423E-15));
#8629=DIRECTION('ref_axis',(-0.855801305789489,-1.06655387689421E-15,-0.517304673291287));
#8630=DIRECTION('center_axis',(-6.08639235030668E-17,-1.,2.16244190292423E-15));
#8631=DIRECTION('ref_axis',(-0.855801305789491,-1.12538652910137E-16,-0.517304673291284));
#8632=DIRECTION('center_axis',(-6.08639235030668E-17,-1.,2.16244190292423E-15));
#8633=DIRECTION('ref_axis',(-0.855801305789489,-1.06655387689421E-15,-0.517304673291287));
#8634=DIRECTION('center_axis',(-6.08639235030668E-17,-1.,2.16244190292423E-15));
#8635=DIRECTION('ref_axis',(-0.855801305789489,-1.06655387689421E-15,-0.517304673291287));
#8636=DIRECTION('',(6.08639235030668E-17,1.,-2.16244190292423E-15));
#8637=DIRECTION('center_axis',(-6.08639235030668E-17,-1.,2.16244190292423E-15));
#8638=DIRECTION('ref_axis',(-0.855801305789489,-1.06655387689421E-15,-0.517304673291287));
#8639=DIRECTION('',(-6.08639235030668E-17,-1.,2.16244190292423E-15));
#8640=DIRECTION('center_axis',(-6.08639235030668E-17,-1.,2.16244190292423E-15));
#8641=DIRECTION('ref_axis',(-0.855801305789489,-1.06655387689421E-15,-0.517304673291287));
#8642=DIRECTION('center_axis',(-6.08639235030668E-17,-1.,2.16244190292423E-15));
#8643=DIRECTION('ref_axis',(-0.855801305789489,-1.06655387689421E-15,-0.517304673291287));
#8644=DIRECTION('center_axis',(-6.08639235030668E-17,-1.,2.16244190292423E-15));
#8645=DIRECTION('ref_axis',(-0.855801305789489,-1.06655387689421E-15,-0.517304673291287));
#8646=DIRECTION('center_axis',(-6.08639235030668E-17,-1.,2.16244190292423E-15));
#8647=DIRECTION('ref_axis',(-0.855801305789489,-1.06655387689421E-15,-0.517304673291287));
#8648=DIRECTION('',(6.08639235030668E-17,1.,-2.16244190292423E-15));
#8649=DIRECTION('center_axis',(-6.08639235030668E-17,-1.,2.16244190292423E-15));
#8650=DIRECTION('ref_axis',(-0.855801305789489,-1.06655387689421E-15,-0.517304673291287));
#8651=DIRECTION('center_axis',(-6.08639235030668E-17,-1.,2.16244190292423E-15));
#8652=DIRECTION('ref_axis',(-0.855801305789489,-1.06655387689421E-15,-0.517304673291287));
#8653=DIRECTION('',(6.08639235030668E-17,1.,-2.16244190292423E-15));
#8654=DIRECTION('center_axis',(-6.08639235030668E-17,-1.,2.16244190292423E-15));
#8655=DIRECTION('ref_axis',(-0.855801305789489,-1.06655387689421E-15,-0.517304673291287));
#8656=DIRECTION('',(6.08639235030668E-17,1.,-2.16244190292423E-15));
#8657=DIRECTION('center_axis',(-6.08639235030668E-17,-1.,2.16244190292423E-15));
#8658=DIRECTION('ref_axis',(-0.855801305789489,-1.06655387689421E-15,-0.517304673291287));
#8659=DIRECTION('center_axis',(-6.08639235030668E-17,-1.,2.16244190292423E-15));
#8660=DIRECTION('ref_axis',(-0.855801305789489,-1.06655387689421E-15,-0.517304673291287));
#8661=DIRECTION('',(0.733564895220919,-0.515038074910054,0.443416650445681));
#8662=DIRECTION('center_axis',(-6.08639235030668E-17,-1.,2.16244190292423E-15));
#8663=DIRECTION('ref_axis',(-0.855801305789489,-1.06655387689421E-15,-0.517304673291287));
#8664=DIRECTION('center_axis',(-6.08639235030668E-17,-1.,2.16244190292423E-15));
#8665=DIRECTION('ref_axis',(-0.855801305789489,-1.06655387689421E-15,-0.517304673291287));
#8666=DIRECTION('',(-6.08639235030668E-17,-1.,2.16244190292423E-15));
#8667=DIRECTION('center_axis',(-6.08639235030668E-17,-1.,2.16244190292423E-15));
#8668=DIRECTION('ref_axis',(-0.855801305789489,-1.06655387689421E-15,-0.517304673291287));
#8669=DIRECTION('center_axis',(-6.08639235030668E-17,-1.,2.16244190292423E-15));
#8670=DIRECTION('ref_axis',(-0.855801305789489,-1.06655387689421E-15,-0.517304673291287));
#8671=DIRECTION('',(0.733564895220919,-0.515038074910054,0.443416650445681));
#8672=DIRECTION('center_axis',(-6.08639235030668E-17,-1.,2.16244190292423E-15));
#8673=DIRECTION('ref_axis',(-0.855801305789489,-1.06655387689421E-15,-0.517304673291287));
#8674=DIRECTION('center_axis',(-6.08639235030668E-17,-1.,2.16244190292423E-15));
#8675=DIRECTION('ref_axis',(-0.855801305789489,-1.06655387689421E-15,-0.517304673291287));
#8676=DIRECTION('',(-6.08639235030668E-17,-1.,2.16244190292423E-15));
#8677=DIRECTION('center_axis',(-6.08639235030668E-17,-1.,2.16244190292423E-15));
#8678=DIRECTION('ref_axis',(-0.855801305789489,-1.06655387689421E-15,-0.517304673291287));
#8679=DIRECTION('center_axis',(-6.08639235030668E-17,-1.,2.16244190292423E-15));
#8680=DIRECTION('ref_axis',(-0.855801305789489,-1.06655387689421E-15,-0.517304673291287));
#8681=DIRECTION('',(0.733564895220919,-0.515038074910054,0.443416650445681));
#8682=DIRECTION('center_axis',(-6.08639235030668E-17,-1.,2.16244190292423E-15));
#8683=DIRECTION('ref_axis',(-0.855801305789489,-1.06655387689421E-15,-0.517304673291287));
#8684=DIRECTION('center_axis',(-6.08639235030668E-17,-1.,2.16244190292423E-15));
#8685=DIRECTION('ref_axis',(-0.855801305789489,-1.06655387689421E-15,-0.517304673291287));
#8686=DIRECTION('',(-6.08639235030668E-17,-1.,2.16244190292423E-15));
#8687=DIRECTION('center_axis',(-6.08639235030668E-17,-1.,2.16244190292423E-15));
#8688=DIRECTION('ref_axis',(-0.855801305789489,-1.06655387689421E-15,-0.517304673291287));
#8689=DIRECTION('center_axis',(-6.08639235030668E-17,-1.,2.16244190292423E-15));
#8690=DIRECTION('ref_axis',(-0.855801305789489,-1.06655387689421E-15,-0.517304673291287));
#8691=DIRECTION('',(0.733564895220919,-0.515038074910054,0.443416650445681));
#8692=DIRECTION('center_axis',(-6.08639235030668E-17,-1.,2.16244190292423E-15));
#8693=DIRECTION('ref_axis',(-0.855801305789489,-1.06655387689421E-15,-0.517304673291287));
#8694=DIRECTION('center_axis',(-6.08639235030668E-17,-1.,2.16244190292423E-15));
#8695=DIRECTION('ref_axis',(-0.855801305789489,-1.06655387689421E-15,-0.517304673291287));
#8696=DIRECTION('',(-6.08639235030668E-17,-1.,2.16244190292423E-15));
#8697=DIRECTION('center_axis',(-6.08639235030668E-17,-1.,2.16244190292423E-15));
#8698=DIRECTION('ref_axis',(-0.855801305789489,-1.06655387689421E-15,-0.517304673291287));
#8699=DIRECTION('center_axis',(-6.08639235030668E-17,-1.,2.16244190292423E-15));
#8700=DIRECTION('ref_axis',(-0.855801305789489,-1.06655387689421E-15,-0.517304673291287));
#8701=DIRECTION('',(0.733564895220919,-0.515038074910054,0.443416650445681));
#8702=DIRECTION('center_axis',(-6.08639235030668E-17,-1.,2.16244190292423E-15));
#8703=DIRECTION('ref_axis',(-0.855801305789489,-1.06655387689421E-15,-0.517304673291287));
#8704=DIRECTION('center_axis',(-6.08639235030668E-17,-1.,2.16244190292423E-15));
#8705=DIRECTION('ref_axis',(-0.855801305789489,-1.06655387689421E-15,-0.517304673291287));
#8706=DIRECTION('',(-6.08639235030668E-17,-1.,2.16244190292423E-15));
#8707=DIRECTION('center_axis',(-6.08639235030668E-17,-1.,2.16244190292423E-15));
#8708=DIRECTION('ref_axis',(-0.855801305789489,-1.06655387689421E-15,-0.517304673291287));
#8709=DIRECTION('center_axis',(-6.08639235030668E-17,-1.,2.16244190292423E-15));
#8710=DIRECTION('ref_axis',(-0.855801305789489,-1.06655387689421E-15,-0.517304673291287));
#8711=DIRECTION('',(0.733564895220919,-0.515038074910054,0.443416650445681));
#8712=DIRECTION('center_axis',(-6.08639235030668E-17,-1.,2.16244190292423E-15));
#8713=DIRECTION('ref_axis',(-0.855801305789489,-1.06655387689421E-15,-0.517304673291287));
#8714=DIRECTION('center_axis',(-6.08639235030668E-17,-1.,2.16244190292423E-15));
#8715=DIRECTION('ref_axis',(-0.855801305789489,-1.06655387689421E-15,-0.517304673291287));
#8716=DIRECTION('',(-6.08639235030668E-17,-1.,2.16244190292423E-15));
#8717=DIRECTION('center_axis',(-6.08639235030668E-17,-1.,2.16244190292423E-15));
#8718=DIRECTION('ref_axis',(-0.855801305789489,-1.06655387689421E-15,-0.517304673291287));
#8719=DIRECTION('center_axis',(-6.08639235030668E-17,-1.,2.16244190292423E-15));
#8720=DIRECTION('ref_axis',(-0.855801305789489,-1.06655387689421E-15,-0.517304673291287));
#8721=DIRECTION('',(0.733564895220919,-0.515038074910054,0.443416650445681));
#8722=DIRECTION('center_axis',(-6.08639235030668E-17,-1.,2.16244190292423E-15));
#8723=DIRECTION('ref_axis',(-0.855801305789489,-1.06655387689421E-15,-0.517304673291287));
#8724=DIRECTION('center_axis',(-6.08639235030668E-17,-1.,2.16244190292423E-15));
#8725=DIRECTION('ref_axis',(-0.855801305789489,-1.06655387689421E-15,-0.517304673291287));
#8726=DIRECTION('',(-6.08639235030668E-17,-1.,2.16244190292423E-15));
#8727=DIRECTION('center_axis',(-6.08639235030668E-17,-1.,2.16244190292423E-15));
#8728=DIRECTION('ref_axis',(-0.855801305789489,-1.06655387689421E-15,-0.517304673291287));
#8729=DIRECTION('',(0.733564895220919,-0.515038074910055,0.443416650445681));
#8730=DIRECTION('center_axis',(-6.08639235030668E-17,-1.,2.16244190292423E-15));
#8731=DIRECTION('ref_axis',(-0.855801305789489,-1.06655387689421E-15,-0.517304673291287));
#8732=DIRECTION('center_axis',(-6.08639235030668E-17,-1.,2.16244190292423E-15));
#8733=DIRECTION('ref_axis',(-0.855801305789489,-1.06655387689421E-15,-0.517304673291287));
#8734=DIRECTION('',(-6.08639235030668E-17,-1.,2.16244190292423E-15));
#8735=DIRECTION('center_axis',(-6.08639235030668E-17,-1.,2.16244190292423E-15));
#8736=DIRECTION('ref_axis',(-0.855801305789489,-1.06655387689421E-15,-0.517304673291287));
#8737=DIRECTION('',(0.733564895220919,-0.515038074910055,0.443416650445681));
#8738=DIRECTION('center_axis',(-6.08639235030668E-17,-1.,2.16244190292423E-15));
#8739=DIRECTION('ref_axis',(-0.855801305789489,-1.06655387689421E-15,-0.517304673291287));
#8740=DIRECTION('center_axis',(-6.08639235030668E-17,-1.,2.16244190292423E-15));
#8741=DIRECTION('ref_axis',(-0.855801305789489,-1.06655387689421E-15,-0.517304673291287));
#8742=DIRECTION('',(-6.08639235030668E-17,-1.,2.16244190292423E-15));
#8743=DIRECTION('center_axis',(-6.08639235030668E-17,-1.,2.16244190292423E-15));
#8744=DIRECTION('ref_axis',(-0.855801305789489,-1.06655387689421E-15,-0.517304673291287));
#8745=DIRECTION('',(0.733564895220919,-0.515038074910055,0.443416650445681));
#8746=DIRECTION('center_axis',(-6.08639235030668E-17,-1.,2.16244190292423E-15));
#8747=DIRECTION('ref_axis',(-0.855801305789489,-1.06655387689421E-15,-0.517304673291287));
#8748=DIRECTION('center_axis',(-6.08639235030668E-17,-1.,2.16244190292423E-15));
#8749=DIRECTION('ref_axis',(-0.855801305789489,-1.06655387689421E-15,-0.517304673291287));
#8750=DIRECTION('',(-6.08639235030668E-17,-1.,2.16244190292423E-15));
#8751=DIRECTION('center_axis',(4.72548067649436E-17,1.,-1.29095898682175E-15));
#8752=DIRECTION('ref_axis',(7.51616068441331E-16,-1.29095898682175E-15,
-1.));
#8753=DIRECTION('',(7.51616068441331E-16,-1.29095898682175E-15,-1.));
#8754=DIRECTION('center_axis',(4.72548067649436E-17,1.,-1.29095898682175E-15));
#8755=DIRECTION('ref_axis',(7.51616068441331E-16,-1.29095898682175E-15,
-1.));
#8756=DIRECTION('',(-3.94389249503319E-17,-1.29095898682175E-15,-1.));
#8757=DIRECTION('',(-1.,4.72548067649427E-17,-7.51616068441331E-16));
#8758=DIRECTION('',(-3.56088571745499E-16,1.29095898682175E-15,1.));
#8759=DIRECTION('center_axis',(4.72548067649436E-17,1.,-1.29095898682175E-15));
#8760=DIRECTION('ref_axis',(7.51616068441331E-16,-1.29095898682175E-15,
-1.));
#8761=DIRECTION('',(7.51616068441331E-16,-1.29095898682175E-15,-1.));
#8762=DIRECTION('center_axis',(4.72548067649436E-17,1.,-1.29095898682175E-15));
#8763=DIRECTION('ref_axis',(7.51616068441331E-16,-1.29095898682175E-15,
-1.));
#8764=DIRECTION('center_axis',(-4.72548067649436E-17,-1.,1.29095898682175E-15));
#8765=DIRECTION('ref_axis',(1.07324059837666E-15,-1.29095898682175E-15,
-1.));
#8766=DIRECTION('center_axis',(4.72548067649436E-17,1.,-1.29095898682175E-15));
#8767=DIRECTION('ref_axis',(7.51616068441331E-16,-1.29095898682175E-15,
-1.));
#8768=DIRECTION('',(-4.72548067649436E-17,-1.,1.29095898682175E-15));
#8769=DIRECTION('',(-4.72548067649436E-17,-1.,1.29095898682175E-15));
#8770=DIRECTION('center_axis',(-1.,4.72548067649427E-17,-7.51616068441331E-16));
#8771=DIRECTION('ref_axis',(-7.51616068441331E-16,1.29095898682175E-15,
1.));
#8772=DIRECTION('',(7.51616068441331E-16,-1.29095898682175E-15,-1.));
#8773=DIRECTION('',(-4.72548067649436E-17,-1.,1.29095898682175E-15));
#8774=DIRECTION('center_axis',(-4.72548067649436E-17,-1.,1.29095898682175E-15));
#8775=DIRECTION('ref_axis',(-7.51616068441331E-16,1.29095898682175E-15,
1.));
#8776=DIRECTION('center_axis',(4.72548067649436E-17,1.,-1.29095898682175E-15));
#8777=DIRECTION('ref_axis',(7.51616068441331E-16,-1.29095898682175E-15,
-1.));
#8778=DIRECTION('',(-4.72548067649436E-17,-1.,1.29095898682175E-15));
#8779=DIRECTION('center_axis',(1.,-4.72548067649432E-17,3.560885717455E-16));
#8780=DIRECTION('ref_axis',(3.56088571745499E-16,-1.29095898682175E-15,
-1.));
#8781=DIRECTION('',(-3.56088571745499E-16,1.29095898682175E-15,1.));
#8782=DIRECTION('',(-4.72548067649436E-17,-1.,1.29095898682175E-15));
#8783=DIRECTION('center_axis',(-7.51616068441331E-16,1.29095898682175E-15,
1.));
#8784=DIRECTION('ref_axis',(1.,-4.72548067649427E-17,7.51616068441331E-16));
#8785=DIRECTION('',(-1.,4.72548067649427E-17,-7.51616068441331E-16));
#8786=DIRECTION('',(-4.72548067649436E-17,-1.,1.29095898682175E-15));
#8787=DIRECTION('center_axis',(-1.,4.72548067649437E-17,3.94389249503315E-17));
#8788=DIRECTION('ref_axis',(3.94389249503318E-17,1.29095898682175E-15,1.));
#8789=DIRECTION('',(-3.94389249503319E-17,-1.29095898682175E-15,-1.));
#8790=DIRECTION('',(-4.72548067649436E-17,-1.,1.29095898682175E-15));
#8791=DIRECTION('center_axis',(-4.72548067649436E-17,-1.,1.29095898682175E-15));
#8792=DIRECTION('ref_axis',(-7.51616068441331E-16,1.29095898682175E-15,
1.));
#8793=DIRECTION('center_axis',(4.72548067649436E-17,1.,-1.29095898682175E-15));
#8794=DIRECTION('ref_axis',(7.51616068441331E-16,-1.29095898682175E-15,
-1.));
#8795=DIRECTION('',(-4.72548067649436E-17,-1.,1.29095898682175E-15));
#8796=DIRECTION('center_axis',(-1.,4.72548067649427E-17,-7.51616068441331E-16));
#8797=DIRECTION('ref_axis',(-7.51616068441331E-16,1.29095898682175E-15,
1.));
#8798=DIRECTION('',(7.51616068441331E-16,-1.29095898682175E-15,-1.));
#8799=DIRECTION('center_axis',(4.72548067649436E-17,1.,-1.29095898682175E-15));
#8800=DIRECTION('ref_axis',(7.51616068441331E-16,-1.29095898682175E-15,
-1.));
#8801=DIRECTION('center_axis',(-6.08639235030668E-17,-1.,2.16244190292423E-15));
#8802=DIRECTION('ref_axis',(-0.855801305789489,-1.06655387689421E-15,-0.517304673291287));
#8803=DIRECTION('center_axis',(-6.08639235030668E-17,-1.,2.16244190292423E-15));
#8804=DIRECTION('ref_axis',(-0.855801305789491,-1.12538652910137E-16,-0.517304673291284));
#8805=DIRECTION('center_axis',(-6.08639235030668E-17,-1.,2.16244190292423E-15));
#8806=DIRECTION('ref_axis',(-0.855801305789489,-1.06655387689421E-15,-0.517304673291287));
#8807=DIRECTION('center_axis',(-6.08639235030668E-17,-1.,2.16244190292423E-15));
#8808=DIRECTION('ref_axis',(-0.855801305789491,-1.12538652910137E-16,-0.517304673291284));
#8809=DIRECTION('center_axis',(-6.08639235030668E-17,-1.,2.16244190292423E-15));
#8810=DIRECTION('ref_axis',(-0.855801305789489,-1.06655387689421E-15,-0.517304673291287));
#8811=DIRECTION('center_axis',(-6.08639235030668E-17,-1.,2.16244190292423E-15));
#8812=DIRECTION('ref_axis',(-0.855801305789491,-1.12538652910137E-16,-0.517304673291284));
#8813=DIRECTION('center_axis',(-6.08639235030668E-17,-1.,2.16244190292423E-15));
#8814=DIRECTION('ref_axis',(-0.855801305789489,-1.06655387689421E-15,-0.517304673291287));
#8815=DIRECTION('center_axis',(-6.08639235030668E-17,-1.,2.16244190292423E-15));
#8816=DIRECTION('ref_axis',(-0.855801305789491,-1.12538652910137E-16,-0.517304673291284));
#8817=DIRECTION('center_axis',(-6.08639235030668E-17,-1.,2.16244190292423E-15));
#8818=DIRECTION('ref_axis',(-0.855801305789489,-1.06655387689421E-15,-0.517304673291287));
#8819=DIRECTION('center_axis',(-6.08639235030668E-17,-1.,2.16244190292423E-15));
#8820=DIRECTION('ref_axis',(-0.855801305789491,-1.12538652910137E-16,-0.517304673291284));
#8821=DIRECTION('center_axis',(-6.08639235030668E-17,-1.,2.16244190292423E-15));
#8822=DIRECTION('ref_axis',(-0.855801305789489,-1.06655387689421E-15,-0.517304673291287));
#8823=DIRECTION('center_axis',(-6.08639235030668E-17,-1.,2.16244190292423E-15));
#8824=DIRECTION('ref_axis',(-0.855801305789491,-1.12538652910137E-16,-0.517304673291284));
#8825=DIRECTION('center_axis',(-6.08639235030668E-17,-1.,2.16244190292423E-15));
#8826=DIRECTION('ref_axis',(-0.855801305789489,-1.06655387689421E-15,-0.517304673291287));
#8827=DIRECTION('center_axis',(-6.08639235030668E-17,-1.,2.16244190292423E-15));
#8828=DIRECTION('ref_axis',(-0.855801305789491,-1.12538652910137E-16,-0.517304673291284));
#8829=DIRECTION('center_axis',(-6.08639235030668E-17,-1.,2.16244190292423E-15));
#8830=DIRECTION('ref_axis',(-0.855801305789489,-1.06655387689421E-15,-0.517304673291287));
#8831=DIRECTION('center_axis',(-6.08639235030668E-17,-1.,2.16244190292423E-15));
#8832=DIRECTION('ref_axis',(-0.855801305789491,-1.12538652910137E-16,-0.517304673291284));
#8833=DIRECTION('center_axis',(-6.08639235030668E-17,-1.,2.16244190292423E-15));
#8834=DIRECTION('ref_axis',(-0.855801305789489,-1.06655387689421E-15,-0.517304673291287));
#8835=DIRECTION('center_axis',(-6.08639235030668E-17,-1.,2.16244190292423E-15));
#8836=DIRECTION('ref_axis',(-0.855801305789491,-1.12538652910137E-16,-0.517304673291284));
#8837=DIRECTION('center_axis',(-6.08639235030668E-17,-1.,2.16244190292423E-15));
#8838=DIRECTION('ref_axis',(-0.855801305789489,-1.06655387689421E-15,-0.517304673291287));
#8839=DIRECTION('center_axis',(-6.08639235030668E-17,-1.,2.16244190292423E-15));
#8840=DIRECTION('ref_axis',(-0.855801305789491,-1.12538652910137E-16,-0.517304673291284));
#8841=DIRECTION('center_axis',(-6.08639235030668E-17,-1.,2.16244190292423E-15));
#8842=DIRECTION('ref_axis',(-0.855801305789489,-1.06655387689421E-15,-0.517304673291287));
#8843=DIRECTION('center_axis',(-6.08639235030668E-17,-1.,2.16244190292423E-15));
#8844=DIRECTION('ref_axis',(-0.855801305789491,-1.12538652910137E-16,-0.517304673291284));
#8845=DIRECTION('center_axis',(3.4273813720749E-16,1.,-7.84555831854309E-16));
#8846=DIRECTION('ref_axis',(-0.855801305789491,-1.12538652910137E-16,-0.517304673291284));
#8847=DIRECTION('center_axis',(3.4273813720749E-16,1.,-7.84555831854309E-16));
#8848=DIRECTION('ref_axis',(-0.855801305789491,-1.12538652910137E-16,-0.517304673291284));
#8849=DIRECTION('center_axis',(3.4273813720749E-16,1.,-7.84555831854309E-16));
#8850=DIRECTION('ref_axis',(-0.855801305789491,-1.12538652910137E-16,-0.517304673291284));
#8851=DIRECTION('center_axis',(3.4273813720749E-16,1.,-7.84555831854309E-16));
#8852=DIRECTION('ref_axis',(-0.855801305789491,-1.12538652910137E-16,-0.517304673291284));
#8853=DIRECTION('center_axis',(3.4273813720749E-16,1.,-7.84555831854309E-16));
#8854=DIRECTION('ref_axis',(-0.855801305789491,-1.12538652910137E-16,-0.517304673291284));
#8855=DIRECTION('center_axis',(3.4273813720749E-16,1.,-7.84555831854309E-16));
#8856=DIRECTION('ref_axis',(-0.855801305789491,-1.12538652910137E-16,-0.517304673291284));
#8857=DIRECTION('center_axis',(3.4273813720749E-16,1.,-7.84555831854309E-16));
#8858=DIRECTION('ref_axis',(-0.855801305789491,-1.12538652910137E-16,-0.517304673291284));
#8859=DIRECTION('center_axis',(3.4273813720749E-16,1.,-7.84555831854309E-16));
#8860=DIRECTION('ref_axis',(-0.855801305789491,-1.12538652910137E-16,-0.517304673291284));
#8861=DIRECTION('center_axis',(3.4273813720749E-16,1.,-7.84555831854309E-16));
#8862=DIRECTION('ref_axis',(-0.855801305789491,-1.12538652910137E-16,-0.517304673291284));
#8863=DIRECTION('center_axis',(3.4273813720749E-16,1.,-7.84555831854309E-16));
#8864=DIRECTION('ref_axis',(-0.855801305789491,-1.12538652910137E-16,-0.517304673291284));
#8865=DIRECTION('center_axis',(3.4273813720749E-16,1.,-7.84555831854309E-16));
#8866=DIRECTION('ref_axis',(-0.855801305789491,-1.12538652910137E-16,-0.517304673291284));
#8867=DIRECTION('center_axis',(3.4273813720749E-16,1.,-7.84555831854309E-16));
#8868=DIRECTION('ref_axis',(-0.855801305789491,-1.12538652910137E-16,-0.517304673291284));
#8869=DIRECTION('center_axis',(3.4273813720749E-16,1.,-7.84555831854309E-16));
#8870=DIRECTION('ref_axis',(-0.855801305789491,-1.12538652910137E-16,-0.517304673291284));
#8871=DIRECTION('center_axis',(3.4273813720749E-16,1.,-7.84555831854309E-16));
#8872=DIRECTION('ref_axis',(-0.855801305789491,-1.12538652910137E-16,-0.517304673291284));
#8873=DIRECTION('center_axis',(-3.4273813720749E-16,-1.,7.84555831854309E-16));
#8874=DIRECTION('ref_axis',(0.855801305789491,1.12538652910137E-16,0.517304673291284));
#8875=DIRECTION('',(3.4273813720749E-16,1.,-7.84555831854309E-16));
#8876=DIRECTION('center_axis',(3.4273813720749E-16,1.,-7.84555831854309E-16));
#8877=DIRECTION('ref_axis',(-0.855801305789491,-1.12538652910137E-16,-0.517304673291284));
#8878=DIRECTION('center_axis',(3.4273813720749E-16,1.,-7.84555831854309E-16));
#8879=DIRECTION('ref_axis',(-0.855801305789491,-1.12538652910137E-16,-0.517304673291284));
#8880=DIRECTION('',(3.4273813720749E-16,1.,-7.84555831854309E-16));
#8881=DIRECTION('center_axis',(3.4273813720749E-16,1.,-7.84555831854309E-16));
#8882=DIRECTION('ref_axis',(-0.855801305789491,-1.12538652910137E-16,-0.517304673291284));
#8883=DIRECTION('',(3.4273813720749E-16,1.,-7.84555831854309E-16));
#8884=DIRECTION('center_axis',(3.4273813720749E-16,1.,-7.84555831854309E-16));
#8885=DIRECTION('ref_axis',(-0.855801305789491,-1.12538652910137E-16,-0.517304673291284));
#8886=DIRECTION('',(3.4273813720749E-16,1.,-7.84555831854309E-16));
#8887=DIRECTION('center_axis',(3.4273813720749E-16,1.,-7.84555831854309E-16));
#8888=DIRECTION('ref_axis',(-0.855801305789491,-1.12538652910137E-16,-0.517304673291284));
#8889=DIRECTION('',(3.4273813720749E-16,1.,-7.84555831854309E-16));
#8890=DIRECTION('center_axis',(3.4273813720749E-16,1.,-7.84555831854309E-16));
#8891=DIRECTION('ref_axis',(-0.855801305789491,-1.12538652910137E-16,-0.517304673291284));
#8892=DIRECTION('',(3.4273813720749E-16,1.,-7.84555831854309E-16));
#8893=DIRECTION('center_axis',(3.4273813720749E-16,1.,-7.84555831854309E-16));
#8894=DIRECTION('ref_axis',(-0.855801305789491,-1.12538652910137E-16,-0.517304673291284));
#8895=DIRECTION('',(3.4273813720749E-16,1.,-7.84555831854309E-16));
#8896=DIRECTION('center_axis',(3.4273813720749E-16,1.,-7.84555831854309E-16));
#8897=DIRECTION('ref_axis',(-0.855801305789491,-1.12538652910137E-16,-0.517304673291284));
#8898=DIRECTION('',(3.4273813720749E-16,1.,-7.84555831854309E-16));
#8899=DIRECTION('center_axis',(3.4273813720749E-16,1.,-7.84555831854309E-16));
#8900=DIRECTION('ref_axis',(-0.855801305789491,-1.12538652910137E-16,-0.517304673291284));
#8901=DIRECTION('',(3.4273813720749E-16,1.,-7.84555831854309E-16));
#8902=DIRECTION('center_axis',(3.4273813720749E-16,1.,-7.84555831854309E-16));
#8903=DIRECTION('ref_axis',(-0.855801305789491,-1.12538652910137E-16,-0.517304673291284));
#8904=DIRECTION('',(3.4273813720749E-16,1.,-7.84555831854309E-16));
#8905=DIRECTION('center_axis',(3.4273813720749E-16,1.,-7.84555831854309E-16));
#8906=DIRECTION('ref_axis',(-0.855801305789491,-1.12538652910137E-16,-0.517304673291284));
#8907=DIRECTION('',(3.4273813720749E-16,1.,-7.84555831854309E-16));
#8908=DIRECTION('center_axis',(3.4273813720749E-16,1.,-7.84555831854309E-16));
#8909=DIRECTION('ref_axis',(-0.855801305789491,-1.12538652910137E-16,-0.517304673291284));
#8910=DIRECTION('',(3.4273813720749E-16,1.,-7.84555831854309E-16));
#8911=DIRECTION('center_axis',(3.4273813720749E-16,1.,-7.84555831854309E-16));
#8912=DIRECTION('ref_axis',(-0.855801305789491,-1.12538652910137E-16,-0.517304673291284));
#8913=DIRECTION('',(3.4273813720749E-16,1.,-7.84555831854309E-16));
#8914=DIRECTION('center_axis',(3.4273813720749E-16,1.,-7.84555831854309E-16));
#8915=DIRECTION('ref_axis',(-0.855801305789491,-1.12538652910137E-16,-0.517304673291284));
#8916=DIRECTION('center_axis',(-5.86168690324963E-17,1.,-1.38777878078146E-15));
#8917=DIRECTION('ref_axis',(1.,5.8616869032497E-17,5.33477805500235E-16));
#8918=DIRECTION('center_axis',(-5.86168690324963E-17,1.,-1.38777878078146E-15));
#8919=DIRECTION('ref_axis',(-1.,-5.86168690324969E-17,-4.110131255855E-16));
#8920=DIRECTION('',(-5.86168690324963E-17,1.,-1.38777878078146E-15));
#8921=DIRECTION('center_axis',(5.86168690324963E-17,-1.,1.38777878078146E-15));
#8922=DIRECTION('ref_axis',(1.,5.86168690324969E-17,4.110131255855E-16));
#8923=DIRECTION('',(5.86168690324963E-17,-1.,1.38777878078146E-15));
#8924=DIRECTION('center_axis',(7.69540468612349E-16,-1.38777878078146E-15,
-1.));
#8925=DIRECTION('ref_axis',(1.,5.86168690324974E-17,7.69540468612349E-16));
#8926=DIRECTION('',(5.86168690324963E-17,-1.,1.38777878078146E-15));
#8927=DIRECTION('',(1.,5.86168690324974E-17,7.69540468612349E-16));
#8928=DIRECTION('',(5.86168690324963E-17,-1.,1.38777878078146E-15));
#8929=DIRECTION('',(1.,5.86168690324974E-17,7.69540468612349E-16));
#8930=DIRECTION('center_axis',(5.86168690324963E-17,-1.,1.38777878078146E-15));
#8931=DIRECTION('ref_axis',(-0.933503385868831,-5.52332916376024E-16,-0.358568582800318));
#8932=DIRECTION('',(5.86168690324963E-17,-1.,1.38777878078146E-15));
#8933=DIRECTION('center_axis',(5.86168690324963E-17,-1.,1.38777878078146E-15));
#8934=DIRECTION('ref_axis',(-1.,-5.86168690324969E-17,-4.110131255855E-16));
#8935=DIRECTION('center_axis',(5.86168690324963E-17,-1.,1.38777878078146E-15));
#8936=DIRECTION('ref_axis',(-1.,-5.86168690324969E-17,-4.110131255855E-16));
#8937=DIRECTION('center_axis',(5.86168690324963E-17,-1.,1.38777878078146E-15));
#8938=DIRECTION('ref_axis',(1.,5.86168690324968E-17,4.110131255855E-16));
#8939=DIRECTION('',(5.86168690324963E-17,-1.,1.38777878078146E-15));
#8940=DIRECTION('center_axis',(-5.86168690324963E-17,1.,-1.38777878078146E-15));
#8941=DIRECTION('ref_axis',(-1.,-5.86168690324968E-17,-4.110131255855E-16));
#8942=DIRECTION('center_axis',(-5.86168690324963E-17,1.,-1.38777878078146E-15));
#8943=DIRECTION('ref_axis',(-1.,-5.86168690324968E-17,-4.110131255855E-16));
#8944=DIRECTION('center_axis',(5.86168690324963E-17,-1.,1.38777878078146E-15));
#8945=DIRECTION('ref_axis',(1.,5.86168690324968E-17,4.110131255855E-16));
#8946=DIRECTION('',(5.86168690324963E-17,-1.,1.38777878078146E-15));
#8947=DIRECTION('center_axis',(5.86168690324963E-17,-1.,1.38777878078146E-15));
#8948=DIRECTION('ref_axis',(1.,5.86168690324968E-17,4.110131255855E-16));
#8949=DIRECTION('center_axis',(5.86168690324963E-17,-1.,1.38777878078146E-15));
#8950=DIRECTION('ref_axis',(-1.,-5.86168690324993E-17,-2.14573660156231E-15));
#8951=DIRECTION('center_axis',(-6.32481684470882E-16,1.38777878078146E-15,
1.));
#8952=DIRECTION('ref_axis',(-1.,-5.86168690324972E-17,-6.32481684470882E-16));
#8953=DIRECTION('',(-1.,-5.86168690324972E-17,-6.32481684470882E-16));
#8954=DIRECTION('',(-1.,-5.86168690324972E-17,-6.32481684470882E-16));
#8955=DIRECTION('center_axis',(1.52633140219221E-16,-1.38777878078146E-15,
-1.));
#8956=DIRECTION('ref_axis',(1.,5.86168690324965E-17,1.52633140219221E-16));
#8957=DIRECTION('',(1.,5.86168690324966E-17,1.5263314021922E-16));
#8958=DIRECTION('',(1.,5.86168690324966E-17,1.52633140219221E-16));
#8959=DIRECTION('',(5.86168690324963E-17,-1.,1.38777878078146E-15));
#8960=DIRECTION('center_axis',(5.86168690324963E-17,-1.,1.38777878078146E-15));
#8961=DIRECTION('ref_axis',(1.,5.86168690324968E-17,4.110131255855E-16));
#8962=DIRECTION('',(5.86168690324963E-17,-1.,1.38777878078146E-15));
#8963=DIRECTION('center_axis',(5.86168690324963E-17,-1.,1.38777878078146E-15));
#8964=DIRECTION('ref_axis',(-1.,-5.86168690324968E-17,-4.110131255855E-16));
#8965=DIRECTION('center_axis',(5.86168690324963E-17,-1.,1.38777878078146E-15));
#8966=DIRECTION('ref_axis',(-1.,-5.86168690324968E-17,-4.110131255855E-16));
#8967=DIRECTION('center_axis',(5.86168690324963E-17,-1.,1.38777878078146E-15));
#8968=DIRECTION('ref_axis',(1.,5.86168690324968E-17,4.110131255855E-16));
#8969=DIRECTION('',(5.86168690324963E-17,-1.,1.38777878078146E-15));
#8970=DIRECTION('center_axis',(-5.86168690324963E-17,1.,-1.38777878078146E-15));
#8971=DIRECTION('ref_axis',(1.,5.86168690324968E-17,4.110131255855E-16));
#8972=DIRECTION('center_axis',(-5.86168690324963E-17,1.,-1.38777878078146E-15));
#8973=DIRECTION('ref_axis',(-1.,-5.86168690324968E-17,-4.110131255855E-16));
#8974=DIRECTION('center_axis',(5.86168690324963E-17,-1.,1.38777878078146E-15));
#8975=DIRECTION('ref_axis',(-0.933503385868831,4.42894824954293E-16,0.358568582800317));
#8976=DIRECTION('',(5.86168690324963E-17,-1.,1.38777878078146E-15));
#8977=DIRECTION('center_axis',(5.86168690324963E-17,-1.,1.38777878078146E-15));
#8978=DIRECTION('ref_axis',(1.,5.86168690324969E-17,4.110131255855E-16));
#8979=DIRECTION('center_axis',(5.86168690324963E-17,-1.,1.38777878078146E-15));
#8980=DIRECTION('ref_axis',(-1.,-5.86168690324969E-17,-4.110131255855E-16));
#8981=DIRECTION('center_axis',(-5.24857825586509E-17,1.38777878078146E-15,
1.));
#8982=DIRECTION('ref_axis',(-1.,-5.86168690324964E-17,-5.24857825586507E-17));
#8983=DIRECTION('',(5.86168690324963E-17,-1.,1.38777878078146E-15));
#8984=DIRECTION('',(-1.,-5.86168690324964E-17,-5.24857825586508E-17));
#8985=DIRECTION('',(-1.,-5.86168690324964E-17,-5.24857825586508E-17));
#8986=DIRECTION('center_axis',(5.86168690324963E-17,-1.,1.38777878078146E-15));
#8987=DIRECTION('ref_axis',(-1.,-5.86168690324967E-17,-2.88548445670764E-16));
#8988=DIRECTION('center_axis',(5.86168690324963E-17,-1.,1.38777878078146E-15));
#8989=DIRECTION('ref_axis',(1.,5.86168690324969E-17,4.110131255855E-16));
#8990=DIRECTION('',(5.86168690324963E-17,-1.,1.38777878078146E-15));
#8991=DIRECTION('center_axis',(-5.86168690324963E-17,1.,-1.38777878078146E-15));
#8992=DIRECTION('ref_axis',(1.,5.86168690324969E-17,4.110131255855E-16));
#8993=DIRECTION('',(-5.86168690324963E-17,1.,-1.38777878078146E-15));
#8994=DIRECTION('center_axis',(5.86168690324963E-17,-1.,1.38777878078146E-15));
#8995=DIRECTION('ref_axis',(-1.,-5.86168690324967E-17,-2.88548445670764E-16));
#8996=DIRECTION('center_axis',(5.86168690324963E-17,-1.,1.38777878078146E-15));
#8997=DIRECTION('ref_axis',(1.,5.86168690324969E-17,4.110131255855E-16));
#8998=DIRECTION('',(-5.86168690324963E-17,1.,-1.38777878078146E-15));
#8999=DIRECTION('center_axis',(-5.86168690324963E-17,1.,-1.38777878078146E-15));
#9000=DIRECTION('ref_axis',(1.,5.86168690324969E-17,4.110131255855E-16));
#9001=DIRECTION('',(-5.86168690324963E-17,1.,-1.38777878078146E-15));
#9002=DIRECTION('center_axis',(5.86168690324963E-17,-1.,1.38777878078146E-15));
#9003=DIRECTION('ref_axis',(-1.,-5.86168690324979E-17,-1.17672686537089E-15));
#9004=DIRECTION('center_axis',(-5.86168690324963E-17,1.,-1.38777878078146E-15));
#9005=DIRECTION('ref_axis',(1.,5.86168690324969E-17,4.110131255855E-16));
#9006=DIRECTION('',(-5.86168690324963E-17,1.,-1.38777878078146E-15));
#9007=DIRECTION('center_axis',(-5.86168690324963E-17,1.,-1.38777878078146E-15));
#9008=DIRECTION('ref_axis',(1.,5.86168690324969E-17,4.110131255855E-16));
#9009=DIRECTION('',(5.86168690324963E-17,-1.,1.38777878078146E-15));
#9010=DIRECTION('center_axis',(5.86168690324963E-17,-1.,1.38777878078146E-15));
#9011=DIRECTION('ref_axis',(-1.,-5.86168690324979E-17,-1.17672686537089E-15));
#9012=DIRECTION('',(-5.86168690324963E-17,1.,-1.38777878078146E-15));
#9013=DIRECTION('center_axis',(5.86168690324963E-17,-1.,1.38777878078146E-15));
#9014=DIRECTION('ref_axis',(1.,5.86168690324969E-17,4.110131255855E-16));
#9015=DIRECTION('',(5.86168690324963E-17,-1.,1.38777878078146E-15));
#9016=DIRECTION('center_axis',(5.86168690324963E-17,-1.,1.38777878078146E-15));
#9017=DIRECTION('ref_axis',(1.,5.86168690324969E-17,4.110131255855E-16));
#9018=DIRECTION('center_axis',(2.30782115094403E-16,-1.38777878078146E-15,
-1.));
#9019=DIRECTION('ref_axis',(1.,5.86168690324967E-17,2.30782115094403E-16));
#9020=DIRECTION('',(-1.,-5.86168690324967E-17,-2.30782115094403E-16));
#9021=DIRECTION('',(-5.86168690324963E-17,1.,-1.38777878078146E-15));
#9022=DIRECTION('',(-1.,-5.86168690324967E-17,-2.30782115094403E-16));
#9023=DIRECTION('',(-5.86168690324963E-17,1.,-1.38777878078146E-15));
#9024=DIRECTION('center_axis',(-5.86168690324963E-17,1.,-1.38777878078146E-15));
#9025=DIRECTION('ref_axis',(-1.,-5.86168690324968E-17,-4.110131255855E-16));
#9026=DIRECTION('center_axis',(-5.86168690324963E-17,1.,-1.38777878078146E-15));
#9027=DIRECTION('ref_axis',(-1.,-5.86168690324968E-17,-4.110131255855E-16));
#9028=DIRECTION('',(-5.86168690324963E-17,1.,-1.38777878078146E-15));
#9029=DIRECTION('center_axis',(-5.86168690324963E-17,1.,-1.38777878078146E-15));
#9030=DIRECTION('ref_axis',(-1.,-5.86168690324968E-17,-4.110131255855E-16));
#9031=DIRECTION('center_axis',(1.,5.86168690324969E-17,4.110131255855E-16));
#9032=DIRECTION('ref_axis',(-5.86168690324963E-17,1.,-1.38777878078146E-15));
#9033=DIRECTION('',(-5.86168690324963E-17,1.,-1.38777878078146E-15));
#9034=DIRECTION('',(4.110131255855E-16,-1.38777878078146E-15,-1.));
#9035=DIRECTION('center_axis',(-5.86168690324963E-17,1.,-1.38777878078146E-15));
#9036=DIRECTION('ref_axis',(-1.,-5.86168690324968E-17,-4.110131255855E-16));
#9037=DIRECTION('center_axis',(-5.86168690324963E-17,1.,-1.38777878078146E-15));
#9038=DIRECTION('ref_axis',(-1.,-5.86168690324968E-17,-4.110131255855E-16));
#9039=DIRECTION('',(-5.86168690324963E-17,1.,-1.38777878078146E-15));
#9040=DIRECTION('center_axis',(-5.86168690324963E-17,1.,-1.38777878078146E-15));
#9041=DIRECTION('ref_axis',(-1.,-5.86168690324968E-17,-4.110131255855E-16));
#9042=DIRECTION('center_axis',(4.110131255855E-16,-1.38777878078146E-15,
-1.));
#9043=DIRECTION('ref_axis',(-5.86168690324963E-17,1.,-1.38777878078146E-15));
#9044=DIRECTION('',(-1.,-5.86168690324969E-17,-4.110131255855E-16));
#9045=DIRECTION('',(-5.86168690324963E-17,1.,-1.38777878078146E-15));
#9046=DIRECTION('',(-1.,-5.86168690324969E-17,-4.110131255855E-16));
#9047=DIRECTION('center_axis',(-5.86168690324963E-17,1.,-1.38777878078146E-15));
#9048=DIRECTION('ref_axis',(-1.,-5.86168690324968E-17,-4.110131255855E-16));
#9049=DIRECTION('center_axis',(-5.86168690324963E-17,1.,-1.38777878078146E-15));
#9050=DIRECTION('ref_axis',(-1.,-5.86168690324968E-17,-4.110131255855E-16));
#9051=DIRECTION('',(-5.86168690324963E-17,1.,-1.38777878078146E-15));
#9052=DIRECTION('center_axis',(-5.86168690324963E-17,1.,-1.38777878078146E-15));
#9053=DIRECTION('ref_axis',(-1.,-5.86168690324968E-17,-4.110131255855E-16));
#9054=DIRECTION('center_axis',(1.,5.86168690324969E-17,4.110131255855E-16));
#9055=DIRECTION('ref_axis',(-5.86168690324963E-17,1.,-1.38777878078146E-15));
#9056=DIRECTION('',(4.110131255855E-16,-1.38777878078146E-15,-1.));
#9057=DIRECTION('',(4.110131255855E-16,-1.38777878078146E-15,-1.));
#9058=DIRECTION('',(-5.86168690324963E-17,1.,-1.38777878078146E-15));
#9059=DIRECTION('center_axis',(-5.86168690324963E-17,1.,-1.38777878078146E-15));
#9060=DIRECTION('ref_axis',(-1.,-5.86168690324968E-17,-4.110131255855E-16));
#9061=DIRECTION('center_axis',(-5.86168690324963E-17,1.,-1.38777878078146E-15));
#9062=DIRECTION('ref_axis',(-1.,-5.86168690324968E-17,-4.110131255855E-16));
#9063=DIRECTION('center_axis',(-5.86168690324963E-17,1.,-1.38777878078146E-15));
#9064=DIRECTION('ref_axis',(-1.,-5.86168690324968E-17,-4.110131255855E-16));
#9065=DIRECTION('center_axis',(-5.86168690324963E-17,1.,-1.38777878078146E-15));
#9066=DIRECTION('ref_axis',(1.,5.86168690324971E-17,5.33477805500235E-16));
#9067=DIRECTION('center_axis',(5.86168690324963E-17,-1.,1.38777878078146E-15));
#9068=DIRECTION('ref_axis',(-1.,-5.86168690324968E-17,-4.110131255855E-16));
#9069=DIRECTION('',(5.86168690324963E-17,-1.,1.38777878078146E-15));
#9070=DIRECTION('center_axis',(5.86168690324963E-17,-1.,1.38777878078146E-15));
#9071=DIRECTION('ref_axis',(1.,5.86168690324968E-17,4.110131255855E-16));
#9072=DIRECTION('',(-5.86168690324963E-17,1.,-1.38777878078146E-15));
#9073=DIRECTION('center_axis',(-5.86168690324963E-17,1.,-1.38777878078146E-15));
#9074=DIRECTION('ref_axis',(1.,5.8616869032497E-17,5.33477805500235E-16));
#9075=DIRECTION('center_axis',(5.86168690324963E-17,-1.,1.38777878078146E-15));
#9076=DIRECTION('ref_axis',(1.,5.86168690324969E-17,4.110131255855E-16));
#9077=DIRECTION('center_axis',(6.59266540910227E-16,-1.38777878078146E-15,
-1.));
#9078=DIRECTION('ref_axis',(1.,5.86168690324972E-17,6.59266540910227E-16));
#9079=DIRECTION('',(5.86168690324963E-17,-1.,1.38777878078146E-15));
#9080=DIRECTION('',(-1.,-5.86168690324967E-17,-3.19344863766391E-16));
#9081=DIRECTION('',(-5.86168690324963E-17,1.,-1.38777878078146E-15));
#9082=DIRECTION('',(-5.86168690324963E-17,1.,-1.38777878078146E-15));
#9083=DIRECTION('',(1.,5.86168690324967E-17,3.19344863766391E-16));
#9084=DIRECTION('',(5.86168690324963E-17,-1.,1.38777878078146E-15));
#9085=DIRECTION('',(1.,5.86168690324971E-17,5.35139833247863E-16));
#9086=DIRECTION('',(-1.,-5.86168690324972E-17,-6.59266540910227E-16));
#9087=DIRECTION('center_axis',(-1.62759710260773E-16,1.38777878078146E-15,
1.));
#9088=DIRECTION('ref_axis',(-1.,-5.86168690324965E-17,-1.62759710260772E-16));
#9089=DIRECTION('',(1.,5.86168690324971E-17,5.02681387404609E-16));
#9090=DIRECTION('',(5.86168690324963E-17,-1.,1.38777878078146E-15));
#9091=DIRECTION('',(1.,5.86168690324966E-17,1.62759710260772E-16));
#9092=DIRECTION('',(-1.,-5.86168690324967E-17,-2.86886417923137E-16));
#9093=DIRECTION('',(-5.86168690324963E-17,1.,-1.38777878078146E-15));
#9094=DIRECTION('',(-1.,-5.86168690324967E-17,-3.19344863766391E-16));
#9095=DIRECTION('',(-5.86168690324963E-17,1.,-1.38777878078146E-15));
#9096=DIRECTION('',(-5.86168690324963E-17,1.,-1.38777878078146E-15));
#9097=DIRECTION('center_axis',(5.86168690324963E-17,-1.,1.38777878078146E-15));
#9098=DIRECTION('ref_axis',(-1.,-5.86168690324966E-17,-2.88548445670764E-16));
#9099=DIRECTION('center_axis',(-5.86168690324963E-17,1.,-1.38777878078146E-15));
#9100=DIRECTION('ref_axis',(-1.,-5.86168690324969E-17,-4.110131255855E-16));
#9101=DIRECTION('',(5.86168690324963E-17,-1.,1.38777878078146E-15));
#9102=DIRECTION('center_axis',(5.86168690324963E-17,-1.,1.38777878078146E-15));
#9103=DIRECTION('ref_axis',(-1.,-5.86168690324969E-17,-4.110131255855E-16));
#9104=DIRECTION('',(-5.86168690324963E-17,1.,-1.38777878078146E-15));
#9105=DIRECTION('center_axis',(-5.86168690324963E-17,1.,-1.38777878078146E-15));
#9106=DIRECTION('ref_axis',(-1.,-5.86168690324968E-17,-4.110131255855E-16));
#9107=DIRECTION('center_axis',(-5.86168690324963E-17,1.,-1.38777878078146E-15));
#9108=DIRECTION('ref_axis',(-1.,-5.86168690324969E-17,-4.110131255855E-16));
#9109=DIRECTION('center_axis',(-5.86168690324963E-17,1.,-1.38777878078146E-15));
#9110=DIRECTION('ref_axis',(-1.,-5.86168690324969E-17,-4.110131255855E-16));
#9111=DIRECTION('center_axis',(-5.86168690324963E-17,1.,-1.38777878078146E-15));
#9112=DIRECTION('ref_axis',(-1.,-5.86168690324969E-17,-4.110131255855E-16));
#9113=DIRECTION('center_axis',(-5.86168690324963E-17,1.,-1.38777878078146E-15));
#9114=DIRECTION('ref_axis',(-1.,-5.86168690324969E-17,-4.110131255855E-16));
#9115=DIRECTION('center_axis',(-5.86168690324963E-17,1.,-1.38777878078146E-15));
#9116=DIRECTION('ref_axis',(-1.,-5.86168690324968E-17,-4.110131255855E-16));
#9117=DIRECTION('center_axis',(5.86168690324963E-17,-1.,1.38777878078146E-15));
#9118=DIRECTION('ref_axis',(1.,5.86168690324969E-17,4.110131255855E-16));
#9119=DIRECTION('center_axis',(5.86168690324963E-17,-1.,1.38777878078146E-15));
#9120=DIRECTION('ref_axis',(-1.,-5.86168690324969E-17,-4.110131255855E-16));
#9121=DIRECTION('center_axis',(-5.86168690324963E-17,1.,-1.38777878078146E-15));
#9122=DIRECTION('ref_axis',(-1.,-5.86168690324969E-17,-4.110131255855E-16));
#9123=DIRECTION('center_axis',(-5.86168690324963E-17,1.,-1.38777878078146E-15));
#9124=DIRECTION('ref_axis',(-1.,-5.86168690324969E-17,-4.110131255855E-16));
#9125=DIRECTION('center_axis',(-5.86168690324963E-17,1.,-1.38777878078146E-15));
#9126=DIRECTION('ref_axis',(-1.,-5.86168690324969E-17,-4.110131255855E-16));
#9127=DIRECTION('center_axis',(-5.86168690324963E-17,1.,-1.38777878078146E-15));
#9128=DIRECTION('ref_axis',(0.837169104331243,-7.96667308311892E-16,-0.546944138603957));
#9129=DIRECTION('center_axis',(-5.86168690324963E-17,1.,-1.38777878078146E-15));
#9130=DIRECTION('ref_axis',(0.837169104331243,-7.96667308311892E-16,-0.546944138603957));
#9131=DIRECTION('center_axis',(-5.86168690324963E-17,1.,-1.38777878078146E-15));
#9132=DIRECTION('ref_axis',(-1.,1.3959912981466E-21,-5.76453150050007E-16));
#9133=DIRECTION('center_axis',(-5.86168690324963E-17,1.,-1.38777878078146E-15));
#9134=DIRECTION('ref_axis',(-1.,1.3959912981466E-21,-5.76453150050007E-16));
#9135=DIRECTION('center_axis',(5.86168690324963E-17,-1.,1.38777878078146E-15));
#9136=DIRECTION('ref_axis',(1.,5.86168690324968E-17,4.110131255855E-16));
#9137=DIRECTION('center_axis',(-5.86168690324963E-17,1.,-1.38777878078146E-15));
#9138=DIRECTION('ref_axis',(-1.,-5.86168690324969E-17,-4.110131255855E-16));
#9139=DIRECTION('center_axis',(5.86168690324963E-17,-1.,1.38777878078146E-15));
#9140=DIRECTION('ref_axis',(1.,5.86168690324968E-17,4.110131255855E-16));
#9141=DIRECTION('center_axis',(-5.86168690324963E-17,1.,-1.38777878078146E-15));
#9142=DIRECTION('ref_axis',(-1.,-5.86168690324969E-17,-4.110131255855E-16));
#9143=DIRECTION('center_axis',(5.86168690324963E-17,-1.,1.38777878078146E-15));
#9144=DIRECTION('ref_axis',(1.,5.86168690324969E-17,4.110131255855E-16));
#9145=DIRECTION('center_axis',(5.86168690324963E-17,-1.,1.38777878078146E-15));
#9146=DIRECTION('ref_axis',(1.,5.86168690324969E-17,4.110131255855E-16));
#9147=DIRECTION('center_axis',(5.86168690324963E-17,-1.,1.38777878078146E-15));
#9148=DIRECTION('ref_axis',(1.,5.86168690324968E-17,4.110131255855E-16));
#9149=DIRECTION('center_axis',(-5.86168690324963E-17,1.,-1.38777878078146E-15));
#9150=DIRECTION('ref_axis',(1.,5.86168690324969E-17,4.110131255855E-16));
#9151=DIRECTION('center_axis',(-5.86168690324963E-17,1.,-1.38777878078146E-15));
#9152=DIRECTION('ref_axis',(-1.,-5.86168690324969E-17,-4.110131255855E-16));
#9153=DIRECTION('center_axis',(-5.86168690324963E-17,1.,-1.38777878078146E-15));
#9154=DIRECTION('ref_axis',(0.837169104331243,-7.96667308311892E-16,-0.546944138603957));
#9155=DIRECTION('center_axis',(-5.86168690324963E-17,1.,-1.38777878078146E-15));
#9156=DIRECTION('ref_axis',(0.837169104331243,-7.96667308311892E-16,-0.546944138603957));
#9157=DIRECTION('center_axis',(-5.86168690324963E-17,1.,-1.38777878078146E-15));
#9158=DIRECTION('ref_axis',(0.837169104331243,-7.96667308311892E-16,-0.546944138603957));
#9159=DIRECTION('center_axis',(5.86168690324963E-17,-1.,1.38777878078146E-15));
#9160=DIRECTION('ref_axis',(1.,5.86168690324969E-17,4.110131255855E-16));
#9161=DIRECTION('center_axis',(-5.86168690324963E-17,1.,-1.38777878078146E-15));
#9162=DIRECTION('ref_axis',(-1.,-5.86168690324969E-17,-4.110131255855E-16));
#9163=DIRECTION('',(5.86168690324963E-17,-1.,1.38777878078146E-15));
#9164=DIRECTION('',(5.86168690324963E-17,-1.,1.38777878078146E-15));
#9165=DIRECTION('center_axis',(-5.86168690324963E-17,1.,-1.38777878078146E-15));
#9166=DIRECTION('ref_axis',(-1.,-5.86168690324969E-17,-4.110131255855E-16));
#9167=DIRECTION('center_axis',(-5.86168690324963E-17,1.,-1.38777878078146E-15));
#9168=DIRECTION('ref_axis',(-1.,-5.86168690324969E-17,-4.110131255855E-16));
#9169=DIRECTION('center_axis',(5.86168690324963E-17,-1.,1.38777878078146E-15));
#9170=DIRECTION('ref_axis',(1.,5.86168690324968E-17,4.110131255855E-16));
#9171=DIRECTION('center_axis',(-5.86168690324963E-17,1.,-1.38777878078146E-15));
#9172=DIRECTION('ref_axis',(-1.,-5.86168690324969E-17,-4.110131255855E-16));
#9173=DIRECTION('center_axis',(5.86168690324963E-17,-1.,1.38777878078146E-15));
#9174=DIRECTION('ref_axis',(1.,5.86168690324968E-17,4.110131255855E-16));
#9175=DIRECTION('center_axis',(5.86168690324963E-17,-1.,1.38777878078146E-15));
#9176=DIRECTION('ref_axis',(-1.,-5.86168690324969E-17,-4.110131255855E-16));
#9177=DIRECTION('center_axis',(5.86168690324963E-17,-1.,1.38777878078146E-15));
#9178=DIRECTION('ref_axis',(1.,5.86168690324969E-17,4.110131255855E-16));
#9179=DIRECTION('center_axis',(5.86168690324963E-17,-1.,1.38777878078146E-15));
#9180=DIRECTION('ref_axis',(-1.,-5.86168690324969E-17,-4.110131255855E-16));
#9181=DIRECTION('center_axis',(5.86168690324963E-17,-1.,1.38777878078146E-15));
#9182=DIRECTION('ref_axis',(1.,5.86168690324969E-17,4.110131255855E-16));
#9183=DIRECTION('center_axis',(5.86168690324963E-17,-1.,1.38777878078146E-15));
#9184=DIRECTION('ref_axis',(-1.,-5.86168690324969E-17,-4.110131255855E-16));
#9185=DIRECTION('center_axis',(5.86168690324963E-17,-1.,1.38777878078146E-15));
#9186=DIRECTION('ref_axis',(1.,5.86168690324969E-17,4.110131255855E-16));
#9187=DIRECTION('center_axis',(5.86168690324963E-17,-1.,1.38777878078146E-15));
#9188=DIRECTION('ref_axis',(1.,5.86168690324969E-17,4.110131255855E-16));
#9189=DIRECTION('center_axis',(-5.86168690324963E-17,1.,-1.38777878078146E-15));
#9190=DIRECTION('ref_axis',(-1.,-5.86168690324968E-17,-4.110131255855E-16));
#9191=DIRECTION('center_axis',(4.97248334264285E-16,-1.,2.21768214581128E-15));
#9192=DIRECTION('ref_axis',(0.837169104331243,-7.96667308311892E-16,-0.546944138603957));
#9193=DIRECTION('',(-0.9984817809163,-3.74336891415658E-16,0.0550829663164021));
#9194=DIRECTION('',(-0.546944138603957,-2.12854203755665E-15,-0.837169104331243));
#9195=DIRECTION('',(0.451537642312343,-1.75420514614099E-15,-0.892252070647645));
#9196=DIRECTION('',(0.9984817809163,3.74336891415657E-16,-0.0550829663164022));
#9197=DIRECTION('',(0.546944138603957,2.12854203755665E-15,0.837169104331243));
#9198=DIRECTION('',(-0.451537642312343,1.75420514614099E-15,0.892252070647645));
#9199=DIRECTION('center_axis',(-0.837169104331243,7.96667308311892E-16,
0.546944138603957));
#9200=DIRECTION('ref_axis',(0.546944138603957,2.12854203755665E-15,0.837169104331243));
#9201=DIRECTION('',(-0.546944138603957,-2.12854203755665E-15,-0.837169104331243));
#9202=DIRECTION('',(4.97248334264285E-16,-1.,2.21768214581128E-15));
#9203=DIRECTION('',(4.97248334264285E-16,-1.,2.21768214581128E-15));
#9204=DIRECTION('center_axis',(-0.892252070647645,-1.4450378233912E-15,
-0.451537642312343));
#9205=DIRECTION('ref_axis',(-0.451537642312343,1.75420514614099E-15,0.892252070647645));
#9206=DIRECTION('',(0.451537642312343,-1.75420514614099E-15,-0.892252070647645));
#9207=DIRECTION('',(4.97248334264285E-16,-1.,2.21768214581128E-15));
#9208=DIRECTION('center_axis',(-0.0550829663164022,-2.2417051317031E-15,
-0.9984817809163));
#9209=DIRECTION('ref_axis',(-0.9984817809163,-3.74336891415657E-16,0.0550829663164022));
#9210=DIRECTION('',(0.9984817809163,3.74336891415657E-16,-0.0550829663164022));
#9211=DIRECTION('',(4.97248334264285E-16,-1.,2.21768214581128E-15));
#9212=DIRECTION('center_axis',(0.837169104331243,-7.96667308311892E-16,
-0.546944138603957));
#9213=DIRECTION('ref_axis',(-0.546944138603957,-2.12854203755665E-15,-0.837169104331243));
#9214=DIRECTION('',(0.546944138603957,2.12854203755665E-15,0.837169104331243));
#9215=DIRECTION('',(4.97248334264285E-16,-1.,2.21768214581128E-15));
#9216=DIRECTION('center_axis',(0.892252070647645,1.4450378233912E-15,0.451537642312343));
#9217=DIRECTION('ref_axis',(0.451537642312343,-1.75420514614099E-15,-0.892252070647645));
#9218=DIRECTION('',(-0.451537642312343,1.75420514614099E-15,0.892252070647645));
#9219=DIRECTION('',(4.97248334264285E-16,-1.,2.21768214581128E-15));
#9220=DIRECTION('center_axis',(0.0550829663164022,2.2417051317031E-15,0.9984817809163));
#9221=DIRECTION('ref_axis',(0.9984817809163,3.74336891415657E-16,-0.0550829663164022));
#9222=DIRECTION('',(-0.9984817809163,-3.74336891415658E-16,0.0550829663164021));
#9223=DIRECTION('center_axis',(-4.97248334264285E-16,1.,-2.21768214581128E-15));
#9224=DIRECTION('ref_axis',(-0.837169104331243,7.96667308311892E-16,0.546944138603957));
#9225=DIRECTION('center_axis',(-4.97248334264285E-16,1.,-2.21768214581128E-15));
#9226=DIRECTION('ref_axis',(-0.837169104331243,7.96667308311892E-16,0.546944138603957));
#9227=DIRECTION('center_axis',(4.97248334264285E-16,-1.,2.21768214581128E-15));
#9228=DIRECTION('ref_axis',(0.837169104331243,-7.96667308311892E-16,-0.546944138603957));
#9229=DIRECTION('',(-4.97248334264285E-16,1.,-2.21768214581128E-15));
#9230=DIRECTION('center_axis',(1.,1.23400653949661E-18,-4.19733978221102E-18));
#9231=DIRECTION('ref_axis',(4.37497788396048E-18,-0.282362444177362,0.959307797382147));
#9232=DIRECTION('',(-3.78815247621065E-18,0.724186948423334,-0.689603700492753));
#9233=DIRECTION('',(1.37902458826215E-21,0.959307797382147,0.282362444177362));
#9234=DIRECTION('',(3.78953150079897E-18,0.235120848958813,0.971966144670115));
#9235=DIRECTION('',(3.78815247621065E-18,-0.724186948423334,0.689603700492753));
#9236=DIRECTION('',(-1.37902458826215E-21,-0.959307797382147,-0.282362444177362));
#9237=DIRECTION('',(-3.78953150079891E-18,-0.235120848958813,-0.971966144670115));
#9238=DIRECTION('center_axis',(-4.3749778839604E-18,0.282362444177362,-0.959307797382147));
#9239=DIRECTION('ref_axis',(-1.37902458831688E-21,-0.959307797382147,-0.282362444177362));
#9240=DIRECTION('',(1.37902458826215E-21,0.959307797382147,0.282362444177362));
#9241=DIRECTION('',(1.,1.23400653949664E-18,-4.19733978221094E-18));
#9242=DIRECTION('',(1.,1.23400653949664E-18,-4.19733978221094E-18));
#9243=DIRECTION('center_axis',(-2.18629467165432E-18,0.971966144670115,
-0.235120848958813));
#9244=DIRECTION('ref_axis',(-3.78953150079894E-18,-0.235120848958813,-0.971966144670115));
#9245=DIRECTION('',(3.78953150079897E-18,0.235120848958813,0.971966144670115));
#9246=DIRECTION('',(1.,1.23400653949664E-18,-4.19733978221094E-18));
#9247=DIRECTION('center_axis',(2.18868321230618E-18,0.689603700492753,0.724186948423334));
#9248=DIRECTION('ref_axis',(-3.78815247621069E-18,0.724186948423334,-0.689603700492753));
#9249=DIRECTION('',(3.78815247621065E-18,-0.724186948423334,0.689603700492753));
#9250=DIRECTION('',(1.,1.23400653949664E-18,-4.19733978221094E-18));
#9251=DIRECTION('center_axis',(4.3749778839604E-18,-0.282362444177362,0.959307797382147));
#9252=DIRECTION('ref_axis',(1.37902458833228E-21,0.959307797382147,0.282362444177362));
#9253=DIRECTION('',(-1.37902458826215E-21,-0.959307797382147,-0.282362444177362));
#9254=DIRECTION('',(1.,1.23400653949664E-18,-4.19733978221094E-18));
#9255=DIRECTION('center_axis',(2.18629467165427E-18,-0.971966144670115,
0.235120848958813));
#9256=DIRECTION('ref_axis',(3.78953150079894E-18,0.235120848958813,0.971966144670115));
#9257=DIRECTION('',(-3.78953150079891E-18,-0.235120848958813,-0.971966144670115));
#9258=DIRECTION('',(1.,1.23400653949664E-18,-4.19733978221094E-18));
#9259=DIRECTION('center_axis',(-2.18868321230618E-18,-0.689603700492753,
-0.724186948423334));
#9260=DIRECTION('ref_axis',(3.78815247621069E-18,-0.724186948423334,0.689603700492753));
#9261=DIRECTION('',(-3.78815247621065E-18,0.724186948423334,-0.689603700492753));
#9262=DIRECTION('center_axis',(-1.,-1.23400653949661E-18,4.19733978221102E-18));
#9263=DIRECTION('ref_axis',(-4.37497788396048E-18,0.282362444177362,-0.959307797382147));
#9264=DIRECTION('center_axis',(1.,1.23400653949661E-18,-4.19733978221102E-18));
#9265=DIRECTION('ref_axis',(4.37497788396048E-18,-0.282362444177362,0.959307797382147));
#9266=DIRECTION('center_axis',(-1.,-1.23400653949661E-18,4.19733978221102E-18));
#9267=DIRECTION('ref_axis',(-4.37497788396048E-18,0.282362444177362,-0.959307797382147));
#9268=DIRECTION('center_axis',(-1.,-1.23400653949661E-18,4.19733978221102E-18));
#9269=DIRECTION('ref_axis',(-4.37497788396037E-18,0.282362444177362,-0.959307797382147));
#9270=DIRECTION('center_axis',(1.,1.23400653949661E-18,-4.19733978221102E-18));
#9271=DIRECTION('ref_axis',(4.37497788396037E-18,-0.282362444177362,0.959307797382147));
#9272=DIRECTION('',(-1.,-1.23400653949661E-18,4.19733978221102E-18));
#9273=DIRECTION('center_axis',(1.,1.23400653949661E-18,-4.19733978221102E-18));
#9274=DIRECTION('ref_axis',(4.37497788396042E-18,-0.282362444177362,0.959307797382147));
#9275=DIRECTION('center_axis',(1.,1.23400653949661E-18,-4.19733978221102E-18));
#9276=DIRECTION('ref_axis',(4.37497788396042E-18,-0.282362444177362,0.959307797382147));
#9277=DIRECTION('',(-0.707106781186544,-0.199660399030222,0.67833304877405));
#9278=DIRECTION('center_axis',(1.,1.23400653949661E-18,-4.19733978221102E-18));
#9279=DIRECTION('ref_axis',(4.37497788396042E-18,-0.282362444177362,0.959307797382147));
#9280=DIRECTION('center_axis',(1.,1.23400653949661E-18,-4.19733978221102E-18));
#9281=DIRECTION('ref_axis',(4.37497788396048E-18,-0.282362444177362,0.959307797382147));
#9282=DIRECTION('',(-1.,-1.23400653949661E-18,4.19733978221102E-18));
#9283=DIRECTION('center_axis',(-1.,-1.23400653949661E-18,4.19733978221102E-18));
#9284=DIRECTION('ref_axis',(-4.37497788396048E-18,0.282362444177362,-0.959307797382147));
#9285=DIRECTION('center_axis',(1.,1.23400653949661E-18,-4.19733978221102E-18));
#9286=DIRECTION('ref_axis',(4.37497788396048E-18,-0.282362444177362,0.959307797382147));
#9287=DIRECTION('',(-3.78815247621065E-18,0.724186948423334,-0.689603700492753));
#9288=DIRECTION('',(1.37902458826215E-21,0.959307797382147,0.282362444177362));
#9289=DIRECTION('',(3.78953150079897E-18,0.235120848958813,0.971966144670115));
#9290=DIRECTION('',(3.78815247621065E-18,-0.724186948423334,0.689603700492753));
#9291=DIRECTION('',(-1.37902458826215E-21,-0.959307797382147,-0.282362444177362));
#9292=DIRECTION('',(-3.78953150079891E-18,-0.235120848958813,-0.971966144670115));
#9293=DIRECTION('center_axis',(-4.3749778839604E-18,0.282362444177362,-0.959307797382147));
#9294=DIRECTION('ref_axis',(-1.37902458831688E-21,-0.959307797382147,-0.282362444177362));
#9295=DIRECTION('',(1.37902458826215E-21,0.959307797382147,0.282362444177362));
#9296=DIRECTION('',(1.,1.23400653949664E-18,-4.19733978221094E-18));
#9297=DIRECTION('',(1.,1.23400653949664E-18,-4.19733978221094E-18));
#9298=DIRECTION('center_axis',(-2.18629467165432E-18,0.971966144670115,
-0.235120848958813));
#9299=DIRECTION('ref_axis',(-3.78953150079894E-18,-0.235120848958813,-0.971966144670115));
#9300=DIRECTION('',(3.78953150079897E-18,0.235120848958813,0.971966144670115));
#9301=DIRECTION('',(1.,1.23400653949664E-18,-4.19733978221094E-18));
#9302=DIRECTION('center_axis',(2.18868321230618E-18,0.689603700492753,0.724186948423334));
#9303=DIRECTION('ref_axis',(-3.78815247621069E-18,0.724186948423334,-0.689603700492753));
#9304=DIRECTION('',(3.78815247621065E-18,-0.724186948423334,0.689603700492753));
#9305=DIRECTION('',(1.,1.23400653949664E-18,-4.19733978221094E-18));
#9306=DIRECTION('center_axis',(4.3749778839604E-18,-0.282362444177362,0.959307797382147));
#9307=DIRECTION('ref_axis',(1.37902458833228E-21,0.959307797382147,0.282362444177362));
#9308=DIRECTION('',(-1.37902458826215E-21,-0.959307797382147,-0.282362444177362));
#9309=DIRECTION('',(1.,1.23400653949664E-18,-4.19733978221094E-18));
#9310=DIRECTION('center_axis',(2.18629467165427E-18,-0.971966144670115,
0.235120848958813));
#9311=DIRECTION('ref_axis',(3.78953150079894E-18,0.235120848958813,0.971966144670115));
#9312=DIRECTION('',(-3.78953150079891E-18,-0.235120848958813,-0.971966144670115));
#9313=DIRECTION('',(1.,1.23400653949664E-18,-4.19733978221094E-18));
#9314=DIRECTION('center_axis',(-2.18868321230618E-18,-0.689603700492753,
-0.724186948423334));
#9315=DIRECTION('ref_axis',(3.78815247621069E-18,-0.724186948423334,0.689603700492753));
#9316=DIRECTION('',(-3.78815247621065E-18,0.724186948423334,-0.689603700492753));
#9317=DIRECTION('center_axis',(-1.,-1.23400653949661E-18,4.19733978221102E-18));
#9318=DIRECTION('ref_axis',(-4.37497788396048E-18,0.282362444177362,-0.959307797382147));
#9319=DIRECTION('center_axis',(1.,1.23400653949661E-18,-4.19733978221102E-18));
#9320=DIRECTION('ref_axis',(4.37497788396048E-18,-0.282362444177362,0.959307797382147));
#9321=DIRECTION('center_axis',(-1.,-1.23400653949661E-18,4.19733978221102E-18));
#9322=DIRECTION('ref_axis',(-4.37497788396048E-18,0.282362444177362,-0.959307797382147));
#9323=DIRECTION('center_axis',(-1.,-1.23400653949661E-18,4.19733978221102E-18));
#9324=DIRECTION('ref_axis',(-4.37497788396037E-18,0.282362444177362,-0.959307797382147));
#9325=DIRECTION('center_axis',(1.,1.23400653949661E-18,-4.19733978221102E-18));
#9326=DIRECTION('ref_axis',(4.37497788396037E-18,-0.282362444177362,0.959307797382147));
#9327=DIRECTION('',(-1.,-1.23400653949661E-18,4.19733978221102E-18));
#9328=DIRECTION('center_axis',(1.,1.23400653949661E-18,-4.19733978221102E-18));
#9329=DIRECTION('ref_axis',(4.37497788396042E-18,-0.282362444177362,0.959307797382147));
#9330=DIRECTION('center_axis',(1.,1.23400653949661E-18,-4.19733978221102E-18));
#9331=DIRECTION('ref_axis',(4.37497788396042E-18,-0.282362444177362,0.959307797382147));
#9332=DIRECTION('',(-0.707106781186544,-0.199660399030222,0.67833304877405));
#9333=DIRECTION('center_axis',(1.,1.23400653949661E-18,-4.19733978221102E-18));
#9334=DIRECTION('ref_axis',(4.37497788396042E-18,-0.282362444177362,0.959307797382147));
#9335=DIRECTION('center_axis',(1.,1.23400653949661E-18,-4.19733978221102E-18));
#9336=DIRECTION('ref_axis',(4.37497788396048E-18,-0.282362444177362,0.959307797382147));
#9337=DIRECTION('',(-1.,-1.23400653949661E-18,4.19733978221102E-18));
#9338=DIRECTION('center_axis',(-1.,-1.23400653949661E-18,4.19733978221102E-18));
#9339=DIRECTION('ref_axis',(-4.37497788396048E-18,0.282362444177362,-0.959307797382147));
#9340=DIRECTION('center_axis',(1.,1.23400653949661E-18,-4.19733978221102E-18));
#9341=DIRECTION('ref_axis',(4.37497788396048E-18,-0.282362444177362,0.959307797382147));
#9342=DIRECTION('',(-3.78815247621065E-18,0.724186948423334,-0.689603700492753));
#9343=DIRECTION('',(1.37902458826215E-21,0.959307797382147,0.282362444177362));
#9344=DIRECTION('',(3.78953150079897E-18,0.235120848958813,0.971966144670115));
#9345=DIRECTION('',(3.78815247621065E-18,-0.724186948423334,0.689603700492753));
#9346=DIRECTION('',(-1.37902458826215E-21,-0.959307797382147,-0.282362444177362));
#9347=DIRECTION('',(-3.78953150079891E-18,-0.235120848958813,-0.971966144670115));
#9348=DIRECTION('center_axis',(-4.3749778839604E-18,0.282362444177362,-0.959307797382147));
#9349=DIRECTION('ref_axis',(-1.37902458831688E-21,-0.959307797382147,-0.282362444177362));
#9350=DIRECTION('',(1.37902458826215E-21,0.959307797382147,0.282362444177362));
#9351=DIRECTION('',(1.,1.23400653949664E-18,-4.19733978221094E-18));
#9352=DIRECTION('',(1.,1.23400653949664E-18,-4.19733978221094E-18));
#9353=DIRECTION('center_axis',(-2.18629467165432E-18,0.971966144670115,
-0.235120848958813));
#9354=DIRECTION('ref_axis',(-3.78953150079894E-18,-0.235120848958813,-0.971966144670115));
#9355=DIRECTION('',(3.78953150079897E-18,0.235120848958813,0.971966144670115));
#9356=DIRECTION('',(1.,1.23400653949664E-18,-4.19733978221094E-18));
#9357=DIRECTION('center_axis',(2.18868321230618E-18,0.689603700492753,0.724186948423334));
#9358=DIRECTION('ref_axis',(-3.78815247621069E-18,0.724186948423334,-0.689603700492753));
#9359=DIRECTION('',(3.78815247621065E-18,-0.724186948423334,0.689603700492753));
#9360=DIRECTION('',(1.,1.23400653949664E-18,-4.19733978221094E-18));
#9361=DIRECTION('center_axis',(4.3749778839604E-18,-0.282362444177362,0.959307797382147));
#9362=DIRECTION('ref_axis',(1.37902458833228E-21,0.959307797382147,0.282362444177362));
#9363=DIRECTION('',(-1.37902458826215E-21,-0.959307797382147,-0.282362444177362));
#9364=DIRECTION('',(1.,1.23400653949664E-18,-4.19733978221094E-18));
#9365=DIRECTION('center_axis',(2.18629467165427E-18,-0.971966144670115,
0.235120848958813));
#9366=DIRECTION('ref_axis',(3.78953150079894E-18,0.235120848958813,0.971966144670115));
#9367=DIRECTION('',(-3.78953150079891E-18,-0.235120848958813,-0.971966144670115));
#9368=DIRECTION('',(1.,1.23400653949664E-18,-4.19733978221094E-18));
#9369=DIRECTION('center_axis',(-2.18868321230618E-18,-0.689603700492753,
-0.724186948423334));
#9370=DIRECTION('ref_axis',(3.78815247621069E-18,-0.724186948423334,0.689603700492753));
#9371=DIRECTION('',(-3.78815247621065E-18,0.724186948423334,-0.689603700492753));
#9372=DIRECTION('center_axis',(-1.,-1.23400653949661E-18,4.19733978221102E-18));
#9373=DIRECTION('ref_axis',(-4.37497788396048E-18,0.282362444177362,-0.959307797382147));
#9374=DIRECTION('center_axis',(1.,1.23400653949661E-18,-4.19733978221102E-18));
#9375=DIRECTION('ref_axis',(4.37497788396048E-18,-0.282362444177362,0.959307797382147));
#9376=DIRECTION('center_axis',(-1.,-1.23400653949661E-18,4.19733978221102E-18));
#9377=DIRECTION('ref_axis',(-4.37497788396048E-18,0.282362444177362,-0.959307797382147));
#9378=DIRECTION('center_axis',(-1.,-1.23400653949661E-18,4.19733978221102E-18));
#9379=DIRECTION('ref_axis',(-4.37497788396037E-18,0.282362444177362,-0.959307797382147));
#9380=DIRECTION('center_axis',(1.,1.23400653949661E-18,-4.19733978221102E-18));
#9381=DIRECTION('ref_axis',(4.37497788396037E-18,-0.282362444177362,0.959307797382147));
#9382=DIRECTION('',(-1.,-1.23400653949661E-18,4.19733978221102E-18));
#9383=DIRECTION('center_axis',(1.,1.23400653949661E-18,-4.19733978221102E-18));
#9384=DIRECTION('ref_axis',(4.37497788396042E-18,-0.282362444177362,0.959307797382147));
#9385=DIRECTION('center_axis',(1.,1.23400653949661E-18,-4.19733978221102E-18));
#9386=DIRECTION('ref_axis',(4.37497788396042E-18,-0.282362444177362,0.959307797382147));
#9387=DIRECTION('',(-0.707106781186544,-0.199660399030222,0.67833304877405));
#9388=DIRECTION('center_axis',(1.,1.23400653949661E-18,-4.19733978221102E-18));
#9389=DIRECTION('ref_axis',(4.37497788396042E-18,-0.282362444177362,0.959307797382147));
#9390=DIRECTION('center_axis',(1.,1.23400653949661E-18,-4.19733978221102E-18));
#9391=DIRECTION('ref_axis',(4.37497788396048E-18,-0.282362444177362,0.959307797382147));
#9392=DIRECTION('',(-1.,-1.23400653949661E-18,4.19733978221102E-18));
#9393=DIRECTION('center_axis',(-1.,-1.23400653949661E-18,4.19733978221102E-18));
#9394=DIRECTION('ref_axis',(-4.37497788396048E-18,0.282362444177362,-0.959307797382147));
#9395=DIRECTION('center_axis',(1.,1.23400653949661E-18,-4.19733978221102E-18));
#9396=DIRECTION('ref_axis',(4.37497788396048E-18,-0.282362444177362,0.959307797382147));
#9397=DIRECTION('',(-3.78815247621065E-18,0.724186948423334,-0.689603700492753));
#9398=DIRECTION('',(1.37902458826215E-21,0.959307797382147,0.282362444177362));
#9399=DIRECTION('',(3.78953150079897E-18,0.235120848958813,0.971966144670115));
#9400=DIRECTION('',(3.78815247621065E-18,-0.724186948423334,0.689603700492753));
#9401=DIRECTION('',(-1.37902458826215E-21,-0.959307797382147,-0.282362444177362));
#9402=DIRECTION('',(-3.78953150079891E-18,-0.235120848958813,-0.971966144670115));
#9403=DIRECTION('center_axis',(-4.3749778839604E-18,0.282362444177362,-0.959307797382147));
#9404=DIRECTION('ref_axis',(-1.37902458831688E-21,-0.959307797382147,-0.282362444177362));
#9405=DIRECTION('',(1.37902458826215E-21,0.959307797382147,0.282362444177362));
#9406=DIRECTION('',(1.,1.23400653949664E-18,-4.19733978221094E-18));
#9407=DIRECTION('',(1.,1.23400653949664E-18,-4.19733978221094E-18));
#9408=DIRECTION('center_axis',(-2.18629467165432E-18,0.971966144670115,
-0.235120848958813));
#9409=DIRECTION('ref_axis',(-3.78953150079894E-18,-0.235120848958813,-0.971966144670115));
#9410=DIRECTION('',(3.78953150079897E-18,0.235120848958813,0.971966144670115));
#9411=DIRECTION('',(1.,1.23400653949664E-18,-4.19733978221094E-18));
#9412=DIRECTION('center_axis',(2.18868321230618E-18,0.689603700492753,0.724186948423334));
#9413=DIRECTION('ref_axis',(-3.78815247621069E-18,0.724186948423334,-0.689603700492753));
#9414=DIRECTION('',(3.78815247621065E-18,-0.724186948423334,0.689603700492753));
#9415=DIRECTION('',(1.,1.23400653949664E-18,-4.19733978221094E-18));
#9416=DIRECTION('center_axis',(4.3749778839604E-18,-0.282362444177362,0.959307797382147));
#9417=DIRECTION('ref_axis',(1.37902458833228E-21,0.959307797382147,0.282362444177362));
#9418=DIRECTION('',(-1.37902458826215E-21,-0.959307797382147,-0.282362444177362));
#9419=DIRECTION('',(1.,1.23400653949664E-18,-4.19733978221094E-18));
#9420=DIRECTION('center_axis',(2.18629467165427E-18,-0.971966144670115,
0.235120848958813));
#9421=DIRECTION('ref_axis',(3.78953150079894E-18,0.235120848958813,0.971966144670115));
#9422=DIRECTION('',(-3.78953150079891E-18,-0.235120848958813,-0.971966144670115));
#9423=DIRECTION('',(1.,1.23400653949664E-18,-4.19733978221094E-18));
#9424=DIRECTION('center_axis',(-2.18868321230618E-18,-0.689603700492753,
-0.724186948423334));
#9425=DIRECTION('ref_axis',(3.78815247621069E-18,-0.724186948423334,0.689603700492753));
#9426=DIRECTION('',(-3.78815247621065E-18,0.724186948423334,-0.689603700492753));
#9427=DIRECTION('center_axis',(-1.,-1.23400653949661E-18,4.19733978221102E-18));
#9428=DIRECTION('ref_axis',(-4.37497788396048E-18,0.282362444177362,-0.959307797382147));
#9429=DIRECTION('center_axis',(1.,1.23400653949661E-18,-4.19733978221102E-18));
#9430=DIRECTION('ref_axis',(4.37497788396048E-18,-0.282362444177362,0.959307797382147));
#9431=DIRECTION('center_axis',(-1.,-1.23400653949661E-18,4.19733978221102E-18));
#9432=DIRECTION('ref_axis',(-4.37497788396048E-18,0.282362444177362,-0.959307797382147));
#9433=DIRECTION('center_axis',(-1.,-1.23400653949661E-18,4.19733978221102E-18));
#9434=DIRECTION('ref_axis',(-4.37497788396037E-18,0.282362444177362,-0.959307797382147));
#9435=DIRECTION('center_axis',(1.,1.23400653949661E-18,-4.19733978221102E-18));
#9436=DIRECTION('ref_axis',(4.37497788396037E-18,-0.282362444177362,0.959307797382147));
#9437=DIRECTION('',(-1.,-1.23400653949661E-18,4.19733978221102E-18));
#9438=DIRECTION('center_axis',(1.,1.23400653949661E-18,-4.19733978221102E-18));
#9439=DIRECTION('ref_axis',(4.37497788396042E-18,-0.282362444177362,0.959307797382147));
#9440=DIRECTION('center_axis',(1.,1.23400653949661E-18,-4.19733978221102E-18));
#9441=DIRECTION('ref_axis',(4.37497788396042E-18,-0.282362444177362,0.959307797382147));
#9442=DIRECTION('',(-0.707106781186544,-0.199660399030222,0.67833304877405));
#9443=DIRECTION('center_axis',(1.,1.23400653949661E-18,-4.19733978221102E-18));
#9444=DIRECTION('ref_axis',(4.37497788396042E-18,-0.282362444177362,0.959307797382147));
#9445=DIRECTION('center_axis',(1.,1.23400653949661E-18,-4.19733978221102E-18));
#9446=DIRECTION('ref_axis',(4.37497788396048E-18,-0.282362444177362,0.959307797382147));
#9447=DIRECTION('',(-1.,-1.23400653949661E-18,4.19733978221102E-18));
#9448=DIRECTION('center_axis',(-1.,-1.23400653949661E-18,4.19733978221102E-18));
#9449=DIRECTION('ref_axis',(-4.37497788396048E-18,0.282362444177362,-0.959307797382147));
#9450=DIRECTION('center_axis',(1.,1.23400653949661E-18,-4.19733978221102E-18));
#9451=DIRECTION('ref_axis',(4.37497788396048E-18,-0.282362444177362,0.959307797382147));
#9452=DIRECTION('',(-3.78815247621065E-18,0.724186948423334,-0.689603700492753));
#9453=DIRECTION('',(1.37902458826215E-21,0.959307797382147,0.282362444177362));
#9454=DIRECTION('',(3.78953150079897E-18,0.235120848958813,0.971966144670115));
#9455=DIRECTION('',(3.78815247621065E-18,-0.724186948423334,0.689603700492753));
#9456=DIRECTION('',(-1.37902458826215E-21,-0.959307797382147,-0.282362444177362));
#9457=DIRECTION('',(-3.78953150079891E-18,-0.235120848958813,-0.971966144670115));
#9458=DIRECTION('center_axis',(-4.3749778839604E-18,0.282362444177362,-0.959307797382147));
#9459=DIRECTION('ref_axis',(-1.37902458831688E-21,-0.959307797382147,-0.282362444177362));
#9460=DIRECTION('',(1.37902458826215E-21,0.959307797382147,0.282362444177362));
#9461=DIRECTION('',(1.,1.23400653949664E-18,-4.19733978221094E-18));
#9462=DIRECTION('',(1.,1.23400653949664E-18,-4.19733978221094E-18));
#9463=DIRECTION('center_axis',(-2.18629467165432E-18,0.971966144670115,
-0.235120848958813));
#9464=DIRECTION('ref_axis',(-3.78953150079894E-18,-0.235120848958813,-0.971966144670115));
#9465=DIRECTION('',(3.78953150079897E-18,0.235120848958813,0.971966144670115));
#9466=DIRECTION('',(1.,1.23400653949664E-18,-4.19733978221094E-18));
#9467=DIRECTION('center_axis',(2.18868321230618E-18,0.689603700492753,0.724186948423334));
#9468=DIRECTION('ref_axis',(-3.78815247621069E-18,0.724186948423334,-0.689603700492753));
#9469=DIRECTION('',(3.78815247621065E-18,-0.724186948423334,0.689603700492753));
#9470=DIRECTION('',(1.,1.23400653949664E-18,-4.19733978221094E-18));
#9471=DIRECTION('center_axis',(4.3749778839604E-18,-0.282362444177362,0.959307797382147));
#9472=DIRECTION('ref_axis',(1.37902458833228E-21,0.959307797382147,0.282362444177362));
#9473=DIRECTION('',(-1.37902458826215E-21,-0.959307797382147,-0.282362444177362));
#9474=DIRECTION('',(1.,1.23400653949664E-18,-4.19733978221094E-18));
#9475=DIRECTION('center_axis',(2.18629467165427E-18,-0.971966144670115,
0.235120848958813));
#9476=DIRECTION('ref_axis',(3.78953150079894E-18,0.235120848958813,0.971966144670115));
#9477=DIRECTION('',(-3.78953150079891E-18,-0.235120848958813,-0.971966144670115));
#9478=DIRECTION('',(1.,1.23400653949664E-18,-4.19733978221094E-18));
#9479=DIRECTION('center_axis',(-2.18868321230618E-18,-0.689603700492753,
-0.724186948423334));
#9480=DIRECTION('ref_axis',(3.78815247621069E-18,-0.724186948423334,0.689603700492753));
#9481=DIRECTION('',(-3.78815247621065E-18,0.724186948423334,-0.689603700492753));
#9482=DIRECTION('center_axis',(-1.,-1.23400653949661E-18,4.19733978221102E-18));
#9483=DIRECTION('ref_axis',(-4.37497788396048E-18,0.282362444177362,-0.959307797382147));
#9484=DIRECTION('center_axis',(1.,1.23400653949661E-18,-4.19733978221102E-18));
#9485=DIRECTION('ref_axis',(4.37497788396048E-18,-0.282362444177362,0.959307797382147));
#9486=DIRECTION('center_axis',(-1.,-1.23400653949661E-18,4.19733978221102E-18));
#9487=DIRECTION('ref_axis',(-4.37497788396048E-18,0.282362444177362,-0.959307797382147));
#9488=DIRECTION('center_axis',(-1.,-1.23400653949661E-18,4.19733978221102E-18));
#9489=DIRECTION('ref_axis',(-4.37497788396037E-18,0.282362444177362,-0.959307797382147));
#9490=DIRECTION('center_axis',(1.,1.23400653949661E-18,-4.19733978221102E-18));
#9491=DIRECTION('ref_axis',(4.37497788396037E-18,-0.282362444177362,0.959307797382147));
#9492=DIRECTION('',(-1.,-1.23400653949661E-18,4.19733978221102E-18));
#9493=DIRECTION('center_axis',(1.,1.23400653949661E-18,-4.19733978221102E-18));
#9494=DIRECTION('ref_axis',(4.37497788396042E-18,-0.282362444177362,0.959307797382147));
#9495=DIRECTION('center_axis',(1.,1.23400653949661E-18,-4.19733978221102E-18));
#9496=DIRECTION('ref_axis',(4.37497788396042E-18,-0.282362444177362,0.959307797382147));
#9497=DIRECTION('',(-0.707106781186544,-0.199660399030222,0.67833304877405));
#9498=DIRECTION('center_axis',(1.,1.23400653949661E-18,-4.19733978221102E-18));
#9499=DIRECTION('ref_axis',(4.37497788396042E-18,-0.282362444177362,0.959307797382147));
#9500=DIRECTION('center_axis',(1.,1.23400653949661E-18,-4.19733978221102E-18));
#9501=DIRECTION('ref_axis',(4.37497788396048E-18,-0.282362444177362,0.959307797382147));
#9502=DIRECTION('',(-1.,-1.23400653949661E-18,4.19733978221102E-18));
#9503=DIRECTION('center_axis',(-1.,-1.23400653949661E-18,4.19733978221102E-18));
#9504=DIRECTION('ref_axis',(-4.37497788396048E-18,0.282362444177362,-0.959307797382147));
#9505=DIRECTION('center_axis',(-1.39599129927355E-21,-1.,1.94289029309403E-15));
#9506=DIRECTION('ref_axis',(-1.,1.39599129810258E-21,-5.76453150050007E-16));
#9507=DIRECTION('',(0.866025403784438,9.71443937583089E-16,0.5));
#9508=DIRECTION('',(-7.01646033278104E-16,1.94289029309403E-15,1.));
#9509=DIRECTION('',(-0.866025403784439,9.71446355510945E-16,0.5));
#9510=DIRECTION('',(-0.866025403784438,-9.71443937583089E-16,-0.5));
#9511=DIRECTION('',(3.26067383593814E-16,-1.94289029309403E-15,-1.));
#9512=DIRECTION('',(0.866025403784439,-9.71446355510945E-16,-0.5));
#9513=DIRECTION('center_axis',(1.,-1.39599129789304E-21,7.01646033278104E-16));
#9514=DIRECTION('ref_axis',(7.01646033278104E-16,-1.94289029309403E-15,
-1.));
#9515=DIRECTION('',(-7.01646033278104E-16,1.94289029309403E-15,1.));
#9516=DIRECTION('',(-1.39599129927552E-21,-1.,1.94289029309403E-15));
#9517=DIRECTION('',(-1.39599129927552E-21,-1.,1.94289029309403E-15));
#9518=DIRECTION('center_axis',(0.5,1.68259165258998E-15,0.866025403784439));
#9519=DIRECTION('ref_axis',(0.866025403784439,-9.71446355510945E-16,-0.5));
#9520=DIRECTION('',(-0.866025403784439,9.71446355510945E-16,0.5));
#9521=DIRECTION('',(-1.39599129927552E-21,-1.,1.94289029309403E-15));
#9522=DIRECTION('center_axis',(-0.5,1.68259304858128E-15,0.866025403784438));
#9523=DIRECTION('ref_axis',(0.866025403784438,9.71443937583089E-16,0.5));
#9524=DIRECTION('',(-0.866025403784438,-9.71443937583089E-16,-0.5));
#9525=DIRECTION('',(-1.39599129927552E-21,-1.,1.94289029309403E-15));
#9526=DIRECTION('center_axis',(-1.,1.3959912986326E-21,-3.26067383593814E-16));
#9527=DIRECTION('ref_axis',(-3.26067383593814E-16,1.94289029309403E-15,
1.));
#9528=DIRECTION('',(3.26067383593814E-16,-1.94289029309403E-15,-1.));
#9529=DIRECTION('',(-1.39599129927552E-21,-1.,1.94289029309403E-15));
#9530=DIRECTION('center_axis',(-0.5,-1.68259165258998E-15,-0.866025403784439));
#9531=DIRECTION('ref_axis',(-0.866025403784439,9.71446355510945E-16,0.5));
#9532=DIRECTION('',(0.866025403784439,-9.71446355510945E-16,-0.5));
#9533=DIRECTION('',(-1.39599129927552E-21,-1.,1.94289029309403E-15));
#9534=DIRECTION('center_axis',(0.5,-1.68259304858128E-15,-0.866025403784438));
#9535=DIRECTION('ref_axis',(-0.866025403784438,-9.71443937583089E-16,-0.5));
#9536=DIRECTION('',(0.866025403784438,9.71443937583089E-16,0.5));
#9537=DIRECTION('center_axis',(1.39599129927355E-21,1.,-1.94289029309403E-15));
#9538=DIRECTION('ref_axis',(1.,-1.39599129810258E-21,5.76453150050007E-16));
#9539=DIRECTION('center_axis',(1.39599129927355E-21,1.,-1.94289029309403E-15));
#9540=DIRECTION('ref_axis',(1.,-1.3959912981466E-21,5.76453150050007E-16));
#9541=DIRECTION('center_axis',(-1.39599129927355E-21,-1.,1.94289029309403E-15));
#9542=DIRECTION('ref_axis',(-1.,1.3959912981466E-21,-5.76453150050007E-16));
#9543=DIRECTION('',(1.39599129927355E-21,1.,-1.94289029309403E-15));
#9544=DIRECTION('center_axis',(-1.39599129927355E-21,-1.,1.94289029309403E-15));
#9545=DIRECTION('ref_axis',(-1.,1.39599129810258E-21,-5.76453150050007E-16));
#9546=DIRECTION('',(0.866025403784438,9.71443937583089E-16,0.5));
#9547=DIRECTION('',(-7.01646033278104E-16,1.94289029309403E-15,1.));
#9548=DIRECTION('',(-0.866025403784439,9.71446355510945E-16,0.5));
#9549=DIRECTION('',(-0.866025403784438,-9.71443937583089E-16,-0.5));
#9550=DIRECTION('',(3.26067383593814E-16,-1.94289029309403E-15,-1.));
#9551=DIRECTION('',(0.866025403784439,-9.71446355510945E-16,-0.5));
#9552=DIRECTION('center_axis',(1.,-1.39599129789304E-21,7.01646033278104E-16));
#9553=DIRECTION('ref_axis',(7.01646033278104E-16,-1.94289029309403E-15,
-1.));
#9554=DIRECTION('',(-7.01646033278104E-16,1.94289029309403E-15,1.));
#9555=DIRECTION('',(-1.39599129927552E-21,-1.,1.94289029309403E-15));
#9556=DIRECTION('',(-1.39599129927552E-21,-1.,1.94289029309403E-15));
#9557=DIRECTION('center_axis',(0.5,1.68259165258998E-15,0.866025403784439));
#9558=DIRECTION('ref_axis',(0.866025403784439,-9.71446355510945E-16,-0.5));
#9559=DIRECTION('',(-0.866025403784439,9.71446355510945E-16,0.5));
#9560=DIRECTION('',(-1.39599129927552E-21,-1.,1.94289029309403E-15));
#9561=DIRECTION('center_axis',(-0.5,1.68259304858128E-15,0.866025403784438));
#9562=DIRECTION('ref_axis',(0.866025403784438,9.71443937583089E-16,0.5));
#9563=DIRECTION('',(-0.866025403784438,-9.71443937583089E-16,-0.5));
#9564=DIRECTION('',(-1.39599129927552E-21,-1.,1.94289029309403E-15));
#9565=DIRECTION('center_axis',(-1.,1.3959912986326E-21,-3.26067383593814E-16));
#9566=DIRECTION('ref_axis',(-3.26067383593814E-16,1.94289029309403E-15,
1.));
#9567=DIRECTION('',(3.26067383593814E-16,-1.94289029309403E-15,-1.));
#9568=DIRECTION('',(-1.39599129927552E-21,-1.,1.94289029309403E-15));
#9569=DIRECTION('center_axis',(-0.5,-1.68259165258998E-15,-0.866025403784439));
#9570=DIRECTION('ref_axis',(-0.866025403784439,9.71446355510945E-16,0.5));
#9571=DIRECTION('',(0.866025403784439,-9.71446355510945E-16,-0.5));
#9572=DIRECTION('',(-1.39599129927552E-21,-1.,1.94289029309403E-15));
#9573=DIRECTION('center_axis',(0.5,-1.68259304858128E-15,-0.866025403784438));
#9574=DIRECTION('ref_axis',(-0.866025403784438,-9.71443937583089E-16,-0.5));
#9575=DIRECTION('',(0.866025403784438,9.71443937583089E-16,0.5));
#9576=DIRECTION('center_axis',(1.39599129927355E-21,1.,-1.94289029309403E-15));
#9577=DIRECTION('ref_axis',(1.,-1.39599129810258E-21,5.76453150050007E-16));
#9578=DIRECTION('center_axis',(-1.39599129927355E-21,-1.,1.94289029309403E-15));
#9579=DIRECTION('ref_axis',(-1.,1.39599129814507E-21,-5.76453150050007E-16));
#9580=DIRECTION('center_axis',(1.39599129927355E-21,1.,-1.94289029309403E-15));
#9581=DIRECTION('ref_axis',(1.,-1.39599129810258E-21,5.76453150050007E-16));
#9582=DIRECTION('center_axis',(1.39599129927355E-21,1.,-1.94289029309403E-15));
#9583=DIRECTION('ref_axis',(1.,-1.3959912981466E-21,5.76453150050007E-16));
#9584=DIRECTION('center_axis',(-1.39599129927355E-21,-1.,1.94289029309403E-15));
#9585=DIRECTION('ref_axis',(-1.,1.3959912981466E-21,-5.76453150050007E-16));
#9586=DIRECTION('',(1.39599129927355E-21,1.,-1.94289029309403E-15));
#9587=DIRECTION('center_axis',(-1.39599129927355E-21,-1.,1.94289029309403E-15));
#9588=DIRECTION('ref_axis',(-1.,1.39599129810258E-21,-5.76453150050007E-16));
#9589=DIRECTION('',(-0.707106781186551,0.707106781186544,-1.86804043840856E-15));
#9590=DIRECTION('center_axis',(4.97248334264285E-16,-1.,2.21768214581128E-15));
#9591=DIRECTION('ref_axis',(0.837169104331243,-7.96667308311892E-16,-0.546944138603957));
#9592=DIRECTION('',(-0.9984817809163,-3.74336891415658E-16,0.0550829663164021));
#9593=DIRECTION('',(-0.546944138603957,-2.12854203755665E-15,-0.837169104331243));
#9594=DIRECTION('',(0.451537642312343,-1.75420514614099E-15,-0.892252070647645));
#9595=DIRECTION('',(0.9984817809163,3.74336891415657E-16,-0.0550829663164022));
#9596=DIRECTION('',(0.546944138603957,2.12854203755665E-15,0.837169104331243));
#9597=DIRECTION('',(-0.451537642312343,1.75420514614099E-15,0.892252070647645));
#9598=DIRECTION('center_axis',(-0.837169104331243,7.96667308311892E-16,
0.546944138603957));
#9599=DIRECTION('ref_axis',(0.546944138603957,2.12854203755665E-15,0.837169104331243));
#9600=DIRECTION('',(-0.546944138603957,-2.12854203755665E-15,-0.837169104331243));
#9601=DIRECTION('',(4.97248334264285E-16,-1.,2.21768214581128E-15));
#9602=DIRECTION('',(4.97248334264285E-16,-1.,2.21768214581128E-15));
#9603=DIRECTION('center_axis',(-0.892252070647645,-1.4450378233912E-15,
-0.451537642312343));
#9604=DIRECTION('ref_axis',(-0.451537642312343,1.75420514614099E-15,0.892252070647645));
#9605=DIRECTION('',(0.451537642312343,-1.75420514614099E-15,-0.892252070647645));
#9606=DIRECTION('',(4.97248334264285E-16,-1.,2.21768214581128E-15));
#9607=DIRECTION('center_axis',(-0.0550829663164022,-2.2417051317031E-15,
-0.9984817809163));
#9608=DIRECTION('ref_axis',(-0.9984817809163,-3.74336891415657E-16,0.0550829663164022));
#9609=DIRECTION('',(0.9984817809163,3.74336891415657E-16,-0.0550829663164022));
#9610=DIRECTION('',(4.97248334264285E-16,-1.,2.21768214581128E-15));
#9611=DIRECTION('center_axis',(0.837169104331243,-7.96667308311892E-16,
-0.546944138603957));
#9612=DIRECTION('ref_axis',(-0.546944138603957,-2.12854203755665E-15,-0.837169104331243));
#9613=DIRECTION('',(0.546944138603957,2.12854203755665E-15,0.837169104331243));
#9614=DIRECTION('',(4.97248334264285E-16,-1.,2.21768214581128E-15));
#9615=DIRECTION('center_axis',(0.892252070647645,1.4450378233912E-15,0.451537642312343));
#9616=DIRECTION('ref_axis',(0.451537642312343,-1.75420514614099E-15,-0.892252070647645));
#9617=DIRECTION('',(-0.451537642312343,1.75420514614099E-15,0.892252070647645));
#9618=DIRECTION('',(4.97248334264285E-16,-1.,2.21768214581128E-15));
#9619=DIRECTION('center_axis',(0.0550829663164022,2.2417051317031E-15,0.9984817809163));
#9620=DIRECTION('ref_axis',(0.9984817809163,3.74336891415657E-16,-0.0550829663164022));
#9621=DIRECTION('',(-0.9984817809163,-3.74336891415658E-16,0.0550829663164021));
#9622=DIRECTION('center_axis',(-4.97248334264285E-16,1.,-2.21768214581128E-15));
#9623=DIRECTION('ref_axis',(-0.837169104331243,7.96667308311892E-16,0.546944138603957));
#9624=DIRECTION('center_axis',(-4.97248334264285E-16,1.,-2.21768214581128E-15));
#9625=DIRECTION('ref_axis',(-0.837169104331243,7.96667308311892E-16,0.546944138603957));
#9626=DIRECTION('center_axis',(4.97248334264285E-16,-1.,2.21768214581128E-15));
#9627=DIRECTION('ref_axis',(0.837169104331243,-7.96667308311892E-16,-0.546944138603957));
#9628=DIRECTION('',(-4.97248334264285E-16,1.,-2.21768214581128E-15));
#9629=DIRECTION('center_axis',(4.97248334264285E-16,-1.,2.21768214581128E-15));
#9630=DIRECTION('ref_axis',(0.837169104331243,-7.96667308311892E-16,-0.546944138603957));
#9631=DIRECTION('',(-0.9984817809163,-3.74336891415658E-16,0.0550829663164021));
#9632=DIRECTION('',(-0.546944138603957,-2.12854203755665E-15,-0.837169104331243));
#9633=DIRECTION('',(0.451537642312343,-1.75420514614099E-15,-0.892252070647645));
#9634=DIRECTION('',(0.9984817809163,3.74336891415657E-16,-0.0550829663164022));
#9635=DIRECTION('',(0.546944138603957,2.12854203755665E-15,0.837169104331243));
#9636=DIRECTION('',(-0.451537642312343,1.75420514614099E-15,0.892252070647645));
#9637=DIRECTION('center_axis',(-0.837169104331243,7.96667308311892E-16,
0.546944138603957));
#9638=DIRECTION('ref_axis',(0.546944138603957,2.12854203755665E-15,0.837169104331243));
#9639=DIRECTION('',(-0.546944138603957,-2.12854203755665E-15,-0.837169104331243));
#9640=DIRECTION('',(4.97248334264285E-16,-1.,2.21768214581128E-15));
#9641=DIRECTION('',(4.97248334264285E-16,-1.,2.21768214581128E-15));
#9642=DIRECTION('center_axis',(-0.892252070647645,-1.4450378233912E-15,
-0.451537642312343));
#9643=DIRECTION('ref_axis',(-0.451537642312343,1.75420514614099E-15,0.892252070647645));
#9644=DIRECTION('',(0.451537642312343,-1.75420514614099E-15,-0.892252070647645));
#9645=DIRECTION('',(4.97248334264285E-16,-1.,2.21768214581128E-15));
#9646=DIRECTION('center_axis',(-0.0550829663164022,-2.2417051317031E-15,
-0.9984817809163));
#9647=DIRECTION('ref_axis',(-0.9984817809163,-3.74336891415657E-16,0.0550829663164022));
#9648=DIRECTION('',(0.9984817809163,3.74336891415657E-16,-0.0550829663164022));
#9649=DIRECTION('',(4.97248334264285E-16,-1.,2.21768214581128E-15));
#9650=DIRECTION('center_axis',(0.837169104331243,-7.96667308311892E-16,
-0.546944138603957));
#9651=DIRECTION('ref_axis',(-0.546944138603957,-2.12854203755665E-15,-0.837169104331243));
#9652=DIRECTION('',(0.546944138603957,2.12854203755665E-15,0.837169104331243));
#9653=DIRECTION('',(4.97248334264285E-16,-1.,2.21768214581128E-15));
#9654=DIRECTION('center_axis',(0.892252070647645,1.4450378233912E-15,0.451537642312343));
#9655=DIRECTION('ref_axis',(0.451537642312343,-1.75420514614099E-15,-0.892252070647645));
#9656=DIRECTION('',(-0.451537642312343,1.75420514614099E-15,0.892252070647645));
#9657=DIRECTION('',(4.97248334264285E-16,-1.,2.21768214581128E-15));
#9658=DIRECTION('center_axis',(0.0550829663164022,2.2417051317031E-15,0.9984817809163));
#9659=DIRECTION('ref_axis',(0.9984817809163,3.74336891415657E-16,-0.0550829663164022));
#9660=DIRECTION('',(-0.9984817809163,-3.74336891415658E-16,0.0550829663164021));
#9661=DIRECTION('center_axis',(-4.97248334264285E-16,1.,-2.21768214581128E-15));
#9662=DIRECTION('ref_axis',(-0.837169104331243,7.96667308311892E-16,0.546944138603957));
#9663=DIRECTION('center_axis',(-4.97248334264285E-16,1.,-2.21768214581128E-15));
#9664=DIRECTION('ref_axis',(-0.837169104331243,7.96667308311892E-16,0.546944138603957));
#9665=DIRECTION('center_axis',(4.97248334264285E-16,-1.,2.21768214581128E-15));
#9666=DIRECTION('ref_axis',(0.837169104331243,-7.96667308311892E-16,-0.546944138603957));
#9667=DIRECTION('',(-4.97248334264285E-16,1.,-2.21768214581128E-15));
#9668=DIRECTION('center_axis',(4.97248334264285E-16,-1.,2.21768214581128E-15));
#9669=DIRECTION('ref_axis',(0.837169104331243,-7.96667308311892E-16,-0.546944138603957));
#9670=DIRECTION('',(-0.9984817809163,-3.74336891415658E-16,0.0550829663164021));
#9671=DIRECTION('',(-0.546944138603957,-2.12854203755665E-15,-0.837169104331243));
#9672=DIRECTION('',(0.451537642312343,-1.75420514614099E-15,-0.892252070647645));
#9673=DIRECTION('',(0.9984817809163,3.74336891415657E-16,-0.0550829663164022));
#9674=DIRECTION('',(0.546944138603957,2.12854203755665E-15,0.837169104331243));
#9675=DIRECTION('',(-0.451537642312343,1.75420514614099E-15,0.892252070647645));
#9676=DIRECTION('center_axis',(-0.837169104331243,7.96667308311892E-16,
0.546944138603957));
#9677=DIRECTION('ref_axis',(0.546944138603957,2.12854203755665E-15,0.837169104331243));
#9678=DIRECTION('',(-0.546944138603957,-2.12854203755665E-15,-0.837169104331243));
#9679=DIRECTION('',(4.97248334264285E-16,-1.,2.21768214581128E-15));
#9680=DIRECTION('',(4.97248334264285E-16,-1.,2.21768214581128E-15));
#9681=DIRECTION('center_axis',(-0.892252070647645,-1.4450378233912E-15,
-0.451537642312343));
#9682=DIRECTION('ref_axis',(-0.451537642312343,1.75420514614099E-15,0.892252070647645));
#9683=DIRECTION('',(0.451537642312343,-1.75420514614099E-15,-0.892252070647645));
#9684=DIRECTION('',(4.97248334264285E-16,-1.,2.21768214581128E-15));
#9685=DIRECTION('center_axis',(-0.0550829663164022,-2.2417051317031E-15,
-0.9984817809163));
#9686=DIRECTION('ref_axis',(-0.9984817809163,-3.74336891415657E-16,0.0550829663164022));
#9687=DIRECTION('',(0.9984817809163,3.74336891415657E-16,-0.0550829663164022));
#9688=DIRECTION('',(4.97248334264285E-16,-1.,2.21768214581128E-15));
#9689=DIRECTION('center_axis',(0.837169104331243,-7.96667308311892E-16,
-0.546944138603957));
#9690=DIRECTION('ref_axis',(-0.546944138603957,-2.12854203755665E-15,-0.837169104331243));
#9691=DIRECTION('',(0.546944138603957,2.12854203755665E-15,0.837169104331243));
#9692=DIRECTION('',(4.97248334264285E-16,-1.,2.21768214581128E-15));
#9693=DIRECTION('center_axis',(0.892252070647645,1.4450378233912E-15,0.451537642312343));
#9694=DIRECTION('ref_axis',(0.451537642312343,-1.75420514614099E-15,-0.892252070647645));
#9695=DIRECTION('',(-0.451537642312343,1.75420514614099E-15,0.892252070647645));
#9696=DIRECTION('',(4.97248334264285E-16,-1.,2.21768214581128E-15));
#9697=DIRECTION('center_axis',(0.0550829663164022,2.2417051317031E-15,0.9984817809163));
#9698=DIRECTION('ref_axis',(0.9984817809163,3.74336891415657E-16,-0.0550829663164022));
#9699=DIRECTION('',(-0.9984817809163,-3.74336891415658E-16,0.0550829663164021));
#9700=DIRECTION('center_axis',(-4.97248334264285E-16,1.,-2.21768214581128E-15));
#9701=DIRECTION('ref_axis',(-0.837169104331243,7.96667308311892E-16,0.546944138603957));
#9702=DIRECTION('center_axis',(-4.97248334264285E-16,1.,-2.21768214581128E-15));
#9703=DIRECTION('ref_axis',(-0.837169104331243,7.96667308311892E-16,0.546944138603957));
#9704=DIRECTION('center_axis',(4.97248334264285E-16,-1.,2.21768214581128E-15));
#9705=DIRECTION('ref_axis',(0.837169104331243,-7.96667308311892E-16,-0.546944138603957));
#9706=DIRECTION('',(-4.97248334264285E-16,1.,-2.21768214581128E-15));
#9707=DIRECTION('center_axis',(4.97248334264285E-16,-1.,2.21768214581128E-15));
#9708=DIRECTION('ref_axis',(0.837169104331243,-7.96667308311892E-16,-0.546944138603957));
#9709=DIRECTION('',(-0.9984817809163,-3.74336891415658E-16,0.0550829663164021));
#9710=DIRECTION('',(-0.546944138603957,-2.12854203755665E-15,-0.837169104331243));
#9711=DIRECTION('',(0.451537642312343,-1.75420514614099E-15,-0.892252070647645));
#9712=DIRECTION('',(0.9984817809163,3.74336891415657E-16,-0.0550829663164022));
#9713=DIRECTION('',(0.546944138603957,2.12854203755665E-15,0.837169104331243));
#9714=DIRECTION('',(-0.451537642312343,1.75420514614099E-15,0.892252070647645));
#9715=DIRECTION('center_axis',(-0.837169104331243,7.96667308311892E-16,
0.546944138603957));
#9716=DIRECTION('ref_axis',(0.546944138603957,2.12854203755665E-15,0.837169104331243));
#9717=DIRECTION('',(-0.546944138603957,-2.12854203755665E-15,-0.837169104331243));
#9718=DIRECTION('',(4.97248334264285E-16,-1.,2.21768214581128E-15));
#9719=DIRECTION('',(4.97248334264285E-16,-1.,2.21768214581128E-15));
#9720=DIRECTION('center_axis',(-0.892252070647645,-1.4450378233912E-15,
-0.451537642312343));
#9721=DIRECTION('ref_axis',(-0.451537642312343,1.75420514614099E-15,0.892252070647645));
#9722=DIRECTION('',(0.451537642312343,-1.75420514614099E-15,-0.892252070647645));
#9723=DIRECTION('',(4.97248334264285E-16,-1.,2.21768214581128E-15));
#9724=DIRECTION('center_axis',(-0.0550829663164022,-2.2417051317031E-15,
-0.9984817809163));
#9725=DIRECTION('ref_axis',(-0.9984817809163,-3.74336891415657E-16,0.0550829663164022));
#9726=DIRECTION('',(0.9984817809163,3.74336891415657E-16,-0.0550829663164022));
#9727=DIRECTION('',(4.97248334264285E-16,-1.,2.21768214581128E-15));
#9728=DIRECTION('center_axis',(0.837169104331243,-7.96667308311892E-16,
-0.546944138603957));
#9729=DIRECTION('ref_axis',(-0.546944138603957,-2.12854203755665E-15,-0.837169104331243));
#9730=DIRECTION('',(0.546944138603957,2.12854203755665E-15,0.837169104331243));
#9731=DIRECTION('',(4.97248334264285E-16,-1.,2.21768214581128E-15));
#9732=DIRECTION('center_axis',(0.892252070647645,1.4450378233912E-15,0.451537642312343));
#9733=DIRECTION('ref_axis',(0.451537642312343,-1.75420514614099E-15,-0.892252070647645));
#9734=DIRECTION('',(-0.451537642312343,1.75420514614099E-15,0.892252070647645));
#9735=DIRECTION('',(4.97248334264285E-16,-1.,2.21768214581128E-15));
#9736=DIRECTION('center_axis',(0.0550829663164022,2.2417051317031E-15,0.9984817809163));
#9737=DIRECTION('ref_axis',(0.9984817809163,3.74336891415657E-16,-0.0550829663164022));
#9738=DIRECTION('',(-0.9984817809163,-3.74336891415658E-16,0.0550829663164021));
#9739=DIRECTION('center_axis',(-4.97248334264285E-16,1.,-2.21768214581128E-15));
#9740=DIRECTION('ref_axis',(-0.837169104331243,7.96667308311892E-16,0.546944138603957));
#9741=DIRECTION('center_axis',(-4.97248334264285E-16,1.,-2.21768214581128E-15));
#9742=DIRECTION('ref_axis',(-0.837169104331243,7.96667308311892E-16,0.546944138603957));
#9743=DIRECTION('center_axis',(4.97248334264285E-16,-1.,2.21768214581128E-15));
#9744=DIRECTION('ref_axis',(0.837169104331243,-7.96667308311892E-16,-0.546944138603957));
#9745=DIRECTION('',(-4.97248334264285E-16,1.,-2.21768214581128E-15));
#9746=CARTESIAN_POINT('',(0.,0.,0.));
#9747=CARTESIAN_POINT('Origin',(75.0138257913944,-39.5000000000002,-25.9861742086054));
#9748=CARTESIAN_POINT('',(72.083733926235,-43.5000000000002,-24.0718697234916));
#9749=CARTESIAN_POINT('Origin',(75.0138257913944,-43.5000000000002,-25.9861742086054));
#9750=CARTESIAN_POINT('',(72.083733926235,-39.5000000000001,-24.0718697234916));
#9751=CARTESIAN_POINT('',(72.083733926235,-39.5000000000002,-24.0718697234916));
#9752=CARTESIAN_POINT('Origin',(75.0138257913944,-39.5000000000002,-25.9861742086054));
#9753=CARTESIAN_POINT('Origin',(75.0138257913944,-43.5000000000002,-25.9861742086054));
#9754=CARTESIAN_POINT('',(74.2317396533795,-43.5000000000001,-24.4407482890852));
#9755=CARTESIAN_POINT('',(73.2844046164155,-43.5000000000002,-25.8907677123138));
#9756=CARTESIAN_POINT('',(74.2317396533795,-43.5000000000001,-24.4407482890852));
#9757=CARTESIAN_POINT('',(75.9611608283584,-43.5000000000001,-24.5361547853768));
#9758=CARTESIAN_POINT('',(75.9611608283584,-43.5000000000001,-24.5361547853768));
#9759=CARTESIAN_POINT('',(76.7432469663732,-43.5000000000002,-26.081580704897));
#9760=CARTESIAN_POINT('',(76.7432469663732,-43.5000000000002,-26.081580704897));
#9761=CARTESIAN_POINT('',(75.7959119294092,-43.5000000000002,-27.5316001281257));
#9762=CARTESIAN_POINT('',(75.7959119294092,-43.5000000000002,-27.5316001281257));
#9763=CARTESIAN_POINT('',(74.0664907544303,-43.5000000000002,-27.4361936318341));
#9764=CARTESIAN_POINT('',(74.0664907544303,-43.5000000000002,-27.4361936318341));
#9765=CARTESIAN_POINT('',(73.2844046164155,-43.5000000000002,-25.8907677123138));
#9766=CARTESIAN_POINT('Origin',(75.9611608283584,-41.5000000000001,-24.5361547853768));
#9767=CARTESIAN_POINT('',(74.2317396533795,-41.5000000000001,-24.4407482890852));
#9768=CARTESIAN_POINT('',(74.2317396533795,-41.5000000000001,-24.4407482890852));
#9769=CARTESIAN_POINT('',(75.9611608283584,-41.5000000000001,-24.5361547853768));
#9770=CARTESIAN_POINT('',(75.9611608283584,-41.5000000000001,-24.5361547853768));
#9771=CARTESIAN_POINT('',(75.9611608283584,-41.5000000000001,-24.5361547853768));
#9772=CARTESIAN_POINT('Origin',(76.7432469663732,-41.5000000000002,-26.081580704897));
#9773=CARTESIAN_POINT('',(76.7432469663732,-41.5000000000002,-26.081580704897));
#9774=CARTESIAN_POINT('',(76.7432469663732,-41.5000000000002,-26.081580704897));
#9775=CARTESIAN_POINT('',(76.7432469663732,-41.5000000000002,-26.081580704897));
#9776=CARTESIAN_POINT('Origin',(75.7959119294092,-41.5000000000002,-27.5316001281257));
#9777=CARTESIAN_POINT('',(75.7959119294092,-41.5000000000002,-27.5316001281257));
#9778=CARTESIAN_POINT('',(75.7959119294092,-41.5000000000002,-27.5316001281257));
#9779=CARTESIAN_POINT('',(75.7959119294092,-41.5000000000002,-27.5316001281257));
#9780=CARTESIAN_POINT('Origin',(74.0664907544303,-41.5000000000002,-27.4361936318341));
#9781=CARTESIAN_POINT('',(74.0664907544303,-41.5000000000002,-27.4361936318341));
#9782=CARTESIAN_POINT('',(74.0664907544303,-41.5000000000002,-27.4361936318341));
#9783=CARTESIAN_POINT('',(74.0664907544303,-41.5000000000002,-27.4361936318341));
#9784=CARTESIAN_POINT('Origin',(73.2844046164155,-41.5000000000002,-25.8907677123138));
#9785=CARTESIAN_POINT('',(73.2844046164155,-41.5000000000002,-25.8907677123138));
#9786=CARTESIAN_POINT('',(73.2844046164155,-41.5000000000002,-25.8907677123138));
#9787=CARTESIAN_POINT('',(73.2844046164155,-41.5000000000002,-25.8907677123138));
#9788=CARTESIAN_POINT('Origin',(74.2317396533795,-41.5000000000001,-24.4407482890852));
#9789=CARTESIAN_POINT('',(74.2317396533795,-41.5000000000001,-24.4407482890852));
#9790=CARTESIAN_POINT('Origin',(75.0138257913944,-41.5000000000002,-25.9861742086054));
#9791=CARTESIAN_POINT('Origin',(75.0138257913943,-39.5000000000001,25.9861742086058));
#9792=CARTESIAN_POINT('',(72.083733926235,-43.5000000000001,27.9004786937197));
#9793=CARTESIAN_POINT('Origin',(75.0138257913943,-43.5000000000001,25.9861742086058));
#9794=CARTESIAN_POINT('',(72.083733926235,-39.5,27.9004786937197));
#9795=CARTESIAN_POINT('',(72.083733926235,-39.5000000000001,27.9004786937197));
#9796=CARTESIAN_POINT('Origin',(75.0138257913943,-39.5,25.9861742086058));
#9797=CARTESIAN_POINT('Origin',(75.0138257913943,-43.5000000000001,25.9861742086058));
#9798=CARTESIAN_POINT('',(74.2317396533795,-43.5000000000001,27.5316001281261));
#9799=CARTESIAN_POINT('',(73.2844046164154,-43.5000000000001,26.0815807048974));
#9800=CARTESIAN_POINT('',(74.2317396533795,-43.5000000000001,27.5316001281261));
#9801=CARTESIAN_POINT('',(75.9611608283584,-43.5000000000001,27.4361936318345));
#9802=CARTESIAN_POINT('',(75.9611608283584,-43.5000000000001,27.4361936318345));
#9803=CARTESIAN_POINT('',(76.7432469663732,-43.5000000000001,25.8907677123142));
#9804=CARTESIAN_POINT('',(76.7432469663732,-43.5000000000001,25.8907677123142));
#9805=CARTESIAN_POINT('',(75.7959119294092,-43.5000000000001,24.4407482890856));
#9806=CARTESIAN_POINT('',(75.7959119294092,-43.5000000000001,24.4407482890856));
#9807=CARTESIAN_POINT('',(74.0664907544303,-43.5000000000001,24.5361547853772));
#9808=CARTESIAN_POINT('',(74.0664907544303,-43.5000000000001,24.5361547853772));
#9809=CARTESIAN_POINT('',(73.2844046164154,-43.5000000000001,26.0815807048974));
#9810=CARTESIAN_POINT('Origin',(75.9611608283583,-41.5000000000001,27.4361936318345));
#9811=CARTESIAN_POINT('',(74.2317396533795,-41.5000000000001,27.5316001281261));
#9812=CARTESIAN_POINT('',(74.2317396533795,-41.5000000000001,27.5316001281261));
#9813=CARTESIAN_POINT('',(75.9611608283583,-41.5000000000001,27.4361936318345));
#9814=CARTESIAN_POINT('',(75.9611608283583,-41.5000000000001,27.4361936318345));
#9815=CARTESIAN_POINT('',(75.9611608283583,-41.5000000000001,27.4361936318345));
#9816=CARTESIAN_POINT('Origin',(76.7432469663732,-41.5000000000001,25.8907677123142));
#9817=CARTESIAN_POINT('',(76.7432469663732,-41.5000000000001,25.8907677123142));
#9818=CARTESIAN_POINT('',(76.7432469663732,-41.5000000000001,25.8907677123142));
#9819=CARTESIAN_POINT('',(76.7432469663732,-41.5000000000001,25.8907677123142));
#9820=CARTESIAN_POINT('Origin',(75.7959119294091,-41.5000000000001,24.4407482890856));
#9821=CARTESIAN_POINT('',(75.7959119294091,-41.5000000000001,24.4407482890856));
#9822=CARTESIAN_POINT('',(75.7959119294091,-41.5000000000001,24.4407482890856));
#9823=CARTESIAN_POINT('',(75.7959119294091,-41.5000000000001,24.4407482890856));
#9824=CARTESIAN_POINT('Origin',(74.0664907544303,-41.5000000000001,24.5361547853772));
#9825=CARTESIAN_POINT('',(74.0664907544303,-41.5000000000001,24.5361547853772));
#9826=CARTESIAN_POINT('',(74.0664907544303,-41.5000000000001,24.5361547853772));
#9827=CARTESIAN_POINT('',(74.0664907544303,-41.5000000000001,24.5361547853772));
#9828=CARTESIAN_POINT('Origin',(73.2844046164154,-41.5000000000001,26.0815807048974));
#9829=CARTESIAN_POINT('',(73.2844046164154,-41.5000000000001,26.0815807048974));
#9830=CARTESIAN_POINT('',(73.2844046164154,-41.5000000000001,26.0815807048974));
#9831=CARTESIAN_POINT('',(73.2844046164154,-41.5000000000001,26.0815807048974));
#9832=CARTESIAN_POINT('Origin',(74.2317396533795,-41.5000000000001,27.5316001281261));
#9833=CARTESIAN_POINT('',(74.2317396533795,-41.5000000000001,27.5316001281261));
#9834=CARTESIAN_POINT('Origin',(75.0138257913943,-41.5000000000001,25.9861742086058));
#9835=CARTESIAN_POINT('Origin',(-112.25,-45.3000000000001,5.8727464048444E-14));
#9836=CARTESIAN_POINT('',(-115.180091865159,-49.3000000000001,1.91430448511392));
#9837=CARTESIAN_POINT('Origin',(-112.25,-49.3000000000001,6.75981926316891E-14));
#9838=CARTESIAN_POINT('',(-115.180091865159,-45.3000000000001,1.91430448511391));
#9839=CARTESIAN_POINT('',(-115.180091865159,-45.3000000000001,1.91430448511391));
#9840=CARTESIAN_POINT('Origin',(-112.25,-45.3000000000001,5.87274640484439E-14));
#9841=CARTESIAN_POINT('Origin',(-112.25,-49.3000000000001,6.75981926316891E-14));
#9842=CARTESIAN_POINT('',(-113.032086138015,-49.3000000000001,1.54542591952033));
#9843=CARTESIAN_POINT('',(-113.979421174979,-49.3000000000001,0.0954064962916816));
#9844=CARTESIAN_POINT('',(-113.032086138015,-49.3000000000001,1.54542591952033));
#9845=CARTESIAN_POINT('',(-111.302664963036,-49.3000000000001,1.45001942322871));
#9846=CARTESIAN_POINT('',(-111.302664963036,-49.3000000000001,1.45001942322871));
#9847=CARTESIAN_POINT('',(-110.520578825021,-49.3000000000001,-0.0954064962915464));
#9848=CARTESIAN_POINT('',(-110.520578825021,-49.3000000000001,-0.0954064962915464));
#9849=CARTESIAN_POINT('',(-111.467913861985,-49.3000000000001,-1.54542591952019));
#9850=CARTESIAN_POINT('',(-111.467913861985,-49.3000000000001,-1.54542591952019));
#9851=CARTESIAN_POINT('',(-113.197335036964,-49.3000000000001,-1.45001942322858));
#9852=CARTESIAN_POINT('',(-113.197335036964,-49.3000000000001,-1.45001942322858));
#9853=CARTESIAN_POINT('',(-113.979421174979,-49.3000000000001,0.0954064962916816));
#9854=CARTESIAN_POINT('Origin',(-111.302664963036,-47.3000000000001,1.45001942322871));
#9855=CARTESIAN_POINT('',(-113.032086138015,-47.3000000000001,1.54542591952032));
#9856=CARTESIAN_POINT('',(-113.032086138015,-47.3000000000001,1.54542591952032));
#9857=CARTESIAN_POINT('',(-111.302664963036,-47.3000000000001,1.45001942322871));
#9858=CARTESIAN_POINT('',(-111.302664963036,-47.3000000000001,1.45001942322871));
#9859=CARTESIAN_POINT('',(-111.302664963036,-47.3000000000001,1.45001942322871));
#9860=CARTESIAN_POINT('Origin',(-110.520578825021,-47.3000000000001,-0.0954064962915509));
#9861=CARTESIAN_POINT('',(-110.520578825021,-47.3000000000001,-0.0954064962915509));
#9862=CARTESIAN_POINT('',(-110.520578825021,-47.3000000000001,-0.0954064962915509));
#9863=CARTESIAN_POINT('',(-110.520578825021,-47.3000000000001,-0.0954064962915509));
#9864=CARTESIAN_POINT('Origin',(-111.467913861985,-47.3000000000001,-1.54542591952019));
#9865=CARTESIAN_POINT('',(-111.467913861985,-47.3000000000001,-1.54542591952019));
#9866=CARTESIAN_POINT('',(-111.467913861985,-47.3000000000001,-1.54542591952019));
#9867=CARTESIAN_POINT('',(-111.467913861985,-47.3000000000001,-1.54542591952019));
#9868=CARTESIAN_POINT('Origin',(-113.197335036964,-47.3000000000001,-1.45001942322858));
#9869=CARTESIAN_POINT('',(-113.197335036964,-47.3000000000001,-1.45001942322858));
#9870=CARTESIAN_POINT('',(-113.197335036964,-47.3000000000001,-1.45001942322858));
#9871=CARTESIAN_POINT('',(-113.197335036964,-47.3000000000001,-1.45001942322858));
#9872=CARTESIAN_POINT('Origin',(-113.979421174979,-47.3000000000001,0.0954064962916771));
#9873=CARTESIAN_POINT('',(-113.979421174979,-47.3000000000001,0.0954064962916771));
#9874=CARTESIAN_POINT('',(-113.979421174979,-47.3000000000001,0.0954064962916771));
#9875=CARTESIAN_POINT('',(-113.979421174979,-47.3000000000001,0.0954064962916771));
#9876=CARTESIAN_POINT('Origin',(-113.032086138015,-47.3000000000001,1.54542591952032));
#9877=CARTESIAN_POINT('',(-113.032086138015,-47.3000000000001,1.54542591952032));
#9878=CARTESIAN_POINT('Origin',(-112.25,-47.3000000000001,6.31628283400665E-14));
#9879=CARTESIAN_POINT('Origin',(-149.,-45.3000000000002,-36.75));
#9880=CARTESIAN_POINT('',(-151.930091865159,-49.3000000000002,-34.8356955148861));
#9881=CARTESIAN_POINT('Origin',(-149.,-49.3000000000002,-36.7499999999999));
#9882=CARTESIAN_POINT('',(-151.930091865159,-45.3000000000002,-34.8356955148861));
#9883=CARTESIAN_POINT('',(-151.930091865159,-45.3000000000002,-34.8356955148861));
#9884=CARTESIAN_POINT('Origin',(-149.,-45.3000000000002,-36.75));
#9885=CARTESIAN_POINT('Origin',(-149.,-49.3000000000002,-36.7499999999999));
#9886=CARTESIAN_POINT('',(-149.782086138015,-49.3000000000002,-35.2045740804797));
#9887=CARTESIAN_POINT('',(-150.729421174979,-49.3000000000002,-36.6545935037083));
#9888=CARTESIAN_POINT('',(-149.782086138015,-49.3000000000002,-35.2045740804797));
#9889=CARTESIAN_POINT('',(-148.052664963036,-49.3000000000002,-35.2999805767713));
#9890=CARTESIAN_POINT('',(-148.052664963036,-49.3000000000002,-35.2999805767713));
#9891=CARTESIAN_POINT('',(-147.270578825021,-49.3000000000002,-36.8454064962916));
#9892=CARTESIAN_POINT('',(-147.270578825021,-49.3000000000002,-36.8454064962916));
#9893=CARTESIAN_POINT('',(-148.217913861985,-49.3000000000002,-38.2954259195202));
#9894=CARTESIAN_POINT('',(-148.217913861985,-49.3000000000002,-38.2954259195202));
#9895=CARTESIAN_POINT('',(-149.947335036964,-49.3000000000002,-38.2000194232286));
#9896=CARTESIAN_POINT('',(-149.947335036964,-49.3000000000002,-38.2000194232286));
#9897=CARTESIAN_POINT('',(-150.729421174979,-49.3000000000002,-36.6545935037083));
#9898=CARTESIAN_POINT('Origin',(-148.052664963036,-47.3000000000002,-35.2999805767713));
#9899=CARTESIAN_POINT('',(-149.782086138015,-47.3000000000002,-35.2045740804797));
#9900=CARTESIAN_POINT('',(-149.782086138015,-47.3000000000002,-35.2045740804797));
#9901=CARTESIAN_POINT('',(-148.052664963036,-47.3000000000002,-35.2999805767713));
#9902=CARTESIAN_POINT('',(-148.052664963036,-47.3000000000002,-35.2999805767713));
#9903=CARTESIAN_POINT('',(-148.052664963036,-47.3000000000002,-35.2999805767713));
#9904=CARTESIAN_POINT('Origin',(-147.270578825021,-47.3000000000002,-36.8454064962916));
#9905=CARTESIAN_POINT('',(-147.270578825021,-47.3000000000002,-36.8454064962916));
#9906=CARTESIAN_POINT('',(-147.270578825021,-47.3000000000002,-36.8454064962916));
#9907=CARTESIAN_POINT('',(-147.270578825021,-47.3000000000002,-36.8454064962916));
#9908=CARTESIAN_POINT('Origin',(-148.217913861985,-47.3000000000002,-38.2954259195202));
#9909=CARTESIAN_POINT('',(-148.217913861985,-47.3000000000002,-38.2954259195202));
#9910=CARTESIAN_POINT('',(-148.217913861985,-47.3000000000002,-38.2954259195202));
#9911=CARTESIAN_POINT('',(-148.217913861985,-47.3000000000002,-38.2954259195202));
#9912=CARTESIAN_POINT('Origin',(-149.947335036964,-47.3000000000002,-38.2000194232286));
#9913=CARTESIAN_POINT('',(-149.947335036964,-47.3000000000002,-38.2000194232286));
#9914=CARTESIAN_POINT('',(-149.947335036964,-47.3000000000002,-38.2000194232286));
#9915=CARTESIAN_POINT('',(-149.947335036964,-47.3000000000002,-38.2000194232286));
#9916=CARTESIAN_POINT('Origin',(-150.729421174979,-47.3000000000002,-36.6545935037083));
#9917=CARTESIAN_POINT('',(-150.729421174979,-47.3000000000002,-36.6545935037083));
#9918=CARTESIAN_POINT('',(-150.729421174979,-47.3000000000002,-36.6545935037083));
#9919=CARTESIAN_POINT('',(-150.729421174979,-47.3000000000002,-36.6545935037083));
#9920=CARTESIAN_POINT('Origin',(-149.782086138015,-47.3000000000002,-35.2045740804797));
#9921=CARTESIAN_POINT('',(-149.782086138015,-47.3000000000002,-35.2045740804797));
#9922=CARTESIAN_POINT('Origin',(-149.,-47.3000000000002,-36.75));
#9923=CARTESIAN_POINT('Origin',(15.,-23.8900000000001,15.0000000000001));
#9924=CARTESIAN_POINT('',(16.65,-23.5400000000001,15.));
#9925=CARTESIAN_POINT('Origin',(15.,-23.5400000000001,15.));
#9926=CARTESIAN_POINT('',(16.61,-23.5000000000001,15.0000000000001));
#9927=CARTESIAN_POINT('',(17.,-23.8900000000001,15.0000000000001));
#9928=CARTESIAN_POINT('Origin',(15.,-23.5000000000001,15.0000000000001));
#9929=CARTESIAN_POINT('Origin',(15.,-39.5000000000001,15.0000000000002));
#9930=CARTESIAN_POINT('',(18.5,-43.5000000000001,15.0000000000002));
#9931=CARTESIAN_POINT('Origin',(15.,-43.5000000000001,15.0000000000002));
#9932=CARTESIAN_POINT('',(18.5,-39.5,15.0000000000002));
#9933=CARTESIAN_POINT('',(18.5,-39.5000000000001,15.0000000000002));
#9934=CARTESIAN_POINT('Origin',(15.,-39.5000000000001,15.0000000000002));
#9935=CARTESIAN_POINT('Origin',(15.,-43.5000000000001,15.0000000000002));
#9936=CARTESIAN_POINT('',(16.5,-43.5000000000001,14.1339745962157));
#9937=CARTESIAN_POINT('',(16.5,-43.5000000000001,15.8660254037846));
#9938=CARTESIAN_POINT('',(16.5,-43.5000000000001,14.1339745962157));
#9939=CARTESIAN_POINT('',(15.,-43.5000000000001,13.2679491924313));
#9940=CARTESIAN_POINT('',(15.,-43.5000000000001,13.2679491924313));
#9941=CARTESIAN_POINT('',(13.5,-43.5000000000001,14.1339745962157));
#9942=CARTESIAN_POINT('',(13.5,-43.5000000000001,14.1339745962157));
#9943=CARTESIAN_POINT('',(13.5,-43.5000000000001,15.8660254037846));
#9944=CARTESIAN_POINT('',(13.5,-43.5000000000001,15.8660254037846));
#9945=CARTESIAN_POINT('',(15.,-43.5000000000001,16.732050807569));
#9946=CARTESIAN_POINT('',(15.,-43.5000000000001,16.732050807569));
#9947=CARTESIAN_POINT('',(16.5,-43.5000000000001,15.8660254037846));
#9948=CARTESIAN_POINT('Origin',(15.,-23.5000000000001,13.3900000000001));
#9949=CARTESIAN_POINT('Origin',(15.,-41.5000000000001,13.2679491924313));
#9950=CARTESIAN_POINT('',(16.5,-41.5000000000001,14.1339745962157));
#9951=CARTESIAN_POINT('',(16.5,-41.5000000000001,14.1339745962157));
#9952=CARTESIAN_POINT('',(15.,-41.5000000000001,13.2679491924313));
#9953=CARTESIAN_POINT('',(15.,-41.5000000000001,13.2679491924313));
#9954=CARTESIAN_POINT('',(15.,-41.5000000000001,13.2679491924313));
#9955=CARTESIAN_POINT('Origin',(13.5,-41.5000000000001,14.1339745962157));
#9956=CARTESIAN_POINT('',(13.5,-41.5000000000001,14.1339745962157));
#9957=CARTESIAN_POINT('',(13.5,-41.5000000000001,14.1339745962157));
#9958=CARTESIAN_POINT('',(13.5,-41.5000000000001,14.1339745962157));
#9959=CARTESIAN_POINT('Origin',(13.5,-41.5000000000001,15.8660254037846));
#9960=CARTESIAN_POINT('',(13.5,-41.5000000000001,15.8660254037846));
#9961=CARTESIAN_POINT('',(13.5,-41.5000000000001,15.8660254037846));
#9962=CARTESIAN_POINT('',(13.5,-41.5000000000001,15.8660254037846));
#9963=CARTESIAN_POINT('Origin',(15.,-41.5000000000001,16.732050807569));
#9964=CARTESIAN_POINT('',(15.,-41.5000000000001,16.732050807569));
#9965=CARTESIAN_POINT('',(15.,-41.5000000000001,16.732050807569));
#9966=CARTESIAN_POINT('',(15.,-41.5000000000001,16.732050807569));
#9967=CARTESIAN_POINT('Origin',(16.5,-41.5000000000001,15.8660254037846));
#9968=CARTESIAN_POINT('',(16.5,-41.5000000000001,15.8660254037846));
#9969=CARTESIAN_POINT('',(16.5,-41.5000000000001,15.8660254037846));
#9970=CARTESIAN_POINT('',(16.5,-41.5000000000001,15.8660254037846));
#9971=CARTESIAN_POINT('Origin',(16.5,-41.5000000000001,14.1339745962157));
#9972=CARTESIAN_POINT('',(16.5,-41.5000000000001,14.1339745962157));
#9973=CARTESIAN_POINT('Origin',(15.,-41.5000000000001,15.0000000000002));
#9974=CARTESIAN_POINT('Origin',(101.,-39.5,36.7500000000002));
#9975=CARTESIAN_POINT('',(98.0699081348406,-43.5,38.6643044851141));
#9976=CARTESIAN_POINT('Origin',(101.,-43.5,36.7500000000002));
#9977=CARTESIAN_POINT('',(98.0699081348406,-39.5,38.664304485114));
#9978=CARTESIAN_POINT('',(98.0699081348406,-39.5,38.664304485114));
#9979=CARTESIAN_POINT('Origin',(101.,-39.5,36.7500000000002));
#9980=CARTESIAN_POINT('Origin',(101.,-43.5,36.7500000000002));
#9981=CARTESIAN_POINT('',(100.217913861985,-43.5,38.2954259195205));
#9982=CARTESIAN_POINT('',(99.2705788250211,-43.5,36.8454064962918));
#9983=CARTESIAN_POINT('',(100.217913861985,-43.5,38.2954259195205));
#9984=CARTESIAN_POINT('',(101.947335036964,-43.5,38.2000194232289));
#9985=CARTESIAN_POINT('',(101.947335036964,-43.5,38.2000194232289));
#9986=CARTESIAN_POINT('',(102.729421174979,-43.5,36.6545935037086));
#9987=CARTESIAN_POINT('',(102.729421174979,-43.5,36.6545935037086));
#9988=CARTESIAN_POINT('',(101.782086138015,-43.5,35.20457408048));
#9989=CARTESIAN_POINT('',(101.782086138015,-43.5,35.20457408048));
#9990=CARTESIAN_POINT('',(100.052664963036,-43.5,35.2999805767716));
#9991=CARTESIAN_POINT('',(100.052664963036,-43.5,35.2999805767716));
#9992=CARTESIAN_POINT('',(99.2705788250211,-43.5,36.8454064962918));
#9993=CARTESIAN_POINT('Origin',(101.947335036964,-41.5,38.2000194232288));
#9994=CARTESIAN_POINT('',(100.217913861985,-41.5,38.2954259195205));
#9995=CARTESIAN_POINT('',(100.217913861985,-41.5,38.2954259195205));
#9996=CARTESIAN_POINT('',(101.947335036964,-41.5,38.2000194232288));
#9997=CARTESIAN_POINT('',(101.947335036964,-41.5,38.2000194232288));
#9998=CARTESIAN_POINT('',(101.947335036964,-41.5,38.2000194232288));
#9999=CARTESIAN_POINT('Origin',(102.729421174979,-41.5,36.6545935037086));
#10000=CARTESIAN_POINT('',(102.729421174979,-41.5,36.6545935037086));
#10001=CARTESIAN_POINT('',(102.729421174979,-41.5,36.6545935037086));
#10002=CARTESIAN_POINT('',(102.729421174979,-41.5,36.6545935037086));
#10003=CARTESIAN_POINT('Origin',(101.782086138015,-41.5,35.2045740804799));
#10004=CARTESIAN_POINT('',(101.782086138015,-41.5,35.2045740804799));
#10005=CARTESIAN_POINT('',(101.782086138015,-41.5,35.2045740804799));
#10006=CARTESIAN_POINT('',(101.782086138015,-41.5,35.2045740804799));
#10007=CARTESIAN_POINT('Origin',(100.052664963036,-41.5,35.2999805767716));
#10008=CARTESIAN_POINT('',(100.052664963036,-41.5,35.2999805767716));
#10009=CARTESIAN_POINT('',(100.052664963036,-41.5,35.2999805767716));
#10010=CARTESIAN_POINT('',(100.052664963036,-41.5,35.2999805767716));
#10011=CARTESIAN_POINT('Origin',(99.2705788250211,-41.5,36.8454064962918));
#10012=CARTESIAN_POINT('',(99.2705788250211,-41.5,36.8454064962918));
#10013=CARTESIAN_POINT('',(99.2705788250211,-41.5,36.8454064962918));
#10014=CARTESIAN_POINT('',(99.2705788250211,-41.5,36.8454064962918));
#10015=CARTESIAN_POINT('Origin',(100.217913861985,-41.5,38.2954259195205));
#10016=CARTESIAN_POINT('',(100.217913861985,-41.5,38.2954259195205));
#10017=CARTESIAN_POINT('Origin',(101.,-41.5,36.7500000000002));
#10018=CARTESIAN_POINT('Origin',(5.00000000000001,-39.5000000000001,15.0000000000001));
#10019=CARTESIAN_POINT('',(8.50000000000001,-43.5000000000001,15.0000000000002));
#10020=CARTESIAN_POINT('Origin',(5.00000000000001,-43.5000000000001,15.0000000000002));
#10021=CARTESIAN_POINT('',(8.50000000000001,-39.5,15.0000000000002));
#10022=CARTESIAN_POINT('',(8.50000000000001,-39.5000000000001,15.0000000000002));
#10023=CARTESIAN_POINT('Origin',(5.00000000000001,-39.5000000000001,15.0000000000001));
#10024=CARTESIAN_POINT('Origin',(5.00000000000001,-43.5000000000001,15.0000000000002));
#10025=CARTESIAN_POINT('',(6.50000000000001,-43.5000000000001,14.1339745962157));
#10026=CARTESIAN_POINT('',(6.50000000000001,-43.5000000000001,15.8660254037846));
#10027=CARTESIAN_POINT('',(6.50000000000001,-43.5000000000001,14.1339745962157));
#10028=CARTESIAN_POINT('',(5.00000000000001,-43.5000000000001,13.2679491924313));
#10029=CARTESIAN_POINT('',(5.00000000000001,-43.5000000000001,13.2679491924313));
#10030=CARTESIAN_POINT('',(3.50000000000001,-43.5000000000001,14.1339745962157));
#10031=CARTESIAN_POINT('',(3.50000000000001,-43.5000000000001,14.1339745962157));
#10032=CARTESIAN_POINT('',(3.50000000000001,-43.5000000000001,15.8660254037846));
#10033=CARTESIAN_POINT('',(3.50000000000001,-43.5000000000001,15.8660254037846));
#10034=CARTESIAN_POINT('',(5.00000000000001,-43.5000000000001,16.732050807569));
#10035=CARTESIAN_POINT('',(5.00000000000001,-43.5000000000001,16.732050807569));
#10036=CARTESIAN_POINT('',(6.50000000000001,-43.5000000000001,15.8660254037846));
#10037=CARTESIAN_POINT('Origin',(5.00000000000001,-41.5000000000001,13.2679491924313));
#10038=CARTESIAN_POINT('',(6.50000000000001,-41.5000000000001,14.1339745962157));
#10039=CARTESIAN_POINT('',(6.50000000000001,-41.5000000000001,14.1339745962157));
#10040=CARTESIAN_POINT('',(5.00000000000001,-41.5000000000001,13.2679491924313));
#10041=CARTESIAN_POINT('',(5.00000000000001,-41.5000000000001,13.2679491924313));
#10042=CARTESIAN_POINT('',(5.00000000000001,-41.5000000000001,13.2679491924313));
#10043=CARTESIAN_POINT('Origin',(3.50000000000001,-41.5000000000001,14.1339745962157));
#10044=CARTESIAN_POINT('',(3.50000000000001,-41.5000000000001,14.1339745962157));
#10045=CARTESIAN_POINT('',(3.50000000000001,-41.5000000000001,14.1339745962157));
#10046=CARTESIAN_POINT('',(3.50000000000001,-41.5000000000001,14.1339745962157));
#10047=CARTESIAN_POINT('Origin',(3.50000000000001,-41.5000000000001,15.8660254037846));
#10048=CARTESIAN_POINT('',(3.50000000000001,-41.5000000000001,15.8660254037846));
#10049=CARTESIAN_POINT('',(3.50000000000001,-41.5000000000001,15.8660254037846));
#10050=CARTESIAN_POINT('',(3.50000000000001,-41.5000000000001,15.8660254037846));
#10051=CARTESIAN_POINT('Origin',(5.00000000000001,-41.5000000000001,16.732050807569));
#10052=CARTESIAN_POINT('',(5.00000000000001,-41.5000000000001,16.732050807569));
#10053=CARTESIAN_POINT('',(5.00000000000001,-41.5000000000001,16.732050807569));
#10054=CARTESIAN_POINT('',(5.00000000000001,-41.5000000000001,16.732050807569));
#10055=CARTESIAN_POINT('Origin',(6.50000000000001,-41.5000000000001,15.8660254037846));
#10056=CARTESIAN_POINT('',(6.50000000000001,-41.5000000000001,15.8660254037846));
#10057=CARTESIAN_POINT('',(6.50000000000001,-41.5000000000001,15.8660254037846));
#10058=CARTESIAN_POINT('',(6.50000000000001,-41.5000000000001,15.8660254037846));
#10059=CARTESIAN_POINT('Origin',(6.50000000000001,-41.5000000000001,14.1339745962157));
#10060=CARTESIAN_POINT('',(6.50000000000001,-41.5000000000001,14.1339745962157));
#10061=CARTESIAN_POINT('Origin',(5.00000000000001,-41.5000000000001,15.0000000000002));
#10062=CARTESIAN_POINT('Origin',(12.,14.25,-2.88089349227465E-14));
#10063=CARTESIAN_POINT('',(12.,14.25,2.24999999999997));
#10064=CARTESIAN_POINT('Origin',(12.,14.25,-2.73531197692025E-14));
#10065=CARTESIAN_POINT('',(12.,14.8147248883547,-1.91861559476432));
#10066=CARTESIAN_POINT('Origin',(12.,14.25,-2.88089349227465E-14));
#10067=CARTESIAN_POINT('Origin',(12.,14.25,-2.88089349227465E-14));
#10068=CARTESIAN_POINT('',(-3.61000000000001,14.8147248883547,-1.91861559476432));
#10069=CARTESIAN_POINT('',(12.,14.8147248883547,-1.91861559476432));
#10070=CARTESIAN_POINT('Origin',(-3.61000000000001,14.25,-2.87434144487462E-14));
#10071=CARTESIAN_POINT('Origin',(-3.61000000000001,14.25,-2.87434144487462E-14));
#10072=CARTESIAN_POINT('',(-4.,14.7046035351256,-1.54448555378529));
#10073=CARTESIAN_POINT('',(-3.61000000000001,14.8147248883547,-1.91861559476432));
#10074=CARTESIAN_POINT('Origin',(-4.,14.25,-2.87417774862311E-14));
#10075=CARTESIAN_POINT('Origin',(12.,14.25,-2.88089349227465E-14));
#10076=CARTESIAN_POINT('',(16.,15.2382685546208,-3.35757729083754));
#10077=CARTESIAN_POINT('Origin',(16.,14.25,-2.88257242818754E-14));
#10078=CARTESIAN_POINT('',(12.,15.2382685546208,-3.35757729083754));
#10079=CARTESIAN_POINT('',(12.,15.2382685546208,-3.35757729083754));
#10080=CARTESIAN_POINT('Origin',(12.,14.25,-2.88089349227465E-14));
#10081=CARTESIAN_POINT('Origin',(16.,14.25,-2.88257242818754E-14));
#10082=CARTESIAN_POINT('',(16.,13.8427587436846,-1.68349474580551));
#10083=CARTESIAN_POINT('',(16.,15.5043285888475,-1.19442864634099));
#10084=CARTESIAN_POINT('',(16.,13.8427587436846,-1.68349474580551));
#10085=CARTESIAN_POINT('',(16.,12.5884301548372,-0.489066099464551));
#10086=CARTESIAN_POINT('',(16.,12.5884301548372,-0.489066099464551));
#10087=CARTESIAN_POINT('',(16.,12.9956714111525,1.19442864634093));
#10088=CARTESIAN_POINT('',(16.,12.9956714111525,1.19442864634093));
#10089=CARTESIAN_POINT('',(16.,14.6572412563154,1.68349474580545));
#10090=CARTESIAN_POINT('',(16.,14.6572412563154,1.68349474580545));
#10091=CARTESIAN_POINT('',(16.,15.9115698451629,0.489066099464493));
#10092=CARTESIAN_POINT('',(16.,15.9115698451629,0.489066099464493));
#10093=CARTESIAN_POINT('',(16.,15.5043285888475,-1.19442864634099));
#10094=CARTESIAN_POINT('Origin',(-4.,12.7055144462148,-0.454603535125582));
#10095=CARTESIAN_POINT('Origin',(14.,12.5884301548372,-0.489066099464551));
#10096=CARTESIAN_POINT('',(14.,13.8427587436846,-1.68349474580551));
#10097=CARTESIAN_POINT('',(14.,13.8427587436846,-1.68349474580551));
#10098=CARTESIAN_POINT('',(14.,12.5884301548372,-0.489066099464551));
#10099=CARTESIAN_POINT('',(14.,12.5884301548372,-0.489066099464551));
#10100=CARTESIAN_POINT('',(14.,12.5884301548372,-0.489066099464551));
#10101=CARTESIAN_POINT('Origin',(14.,12.9956714111525,1.19442864634093));
#10102=CARTESIAN_POINT('',(14.,12.9956714111525,1.19442864634093));
#10103=CARTESIAN_POINT('',(14.,12.9956714111525,1.19442864634093));
#10104=CARTESIAN_POINT('',(14.,12.9956714111525,1.19442864634093));
#10105=CARTESIAN_POINT('Origin',(14.,14.6572412563154,1.68349474580545));
#10106=CARTESIAN_POINT('',(14.,14.6572412563154,1.68349474580545));
#10107=CARTESIAN_POINT('',(14.,14.6572412563154,1.68349474580545));
#10108=CARTESIAN_POINT('',(14.,14.6572412563154,1.68349474580545));
#10109=CARTESIAN_POINT('Origin',(14.,15.9115698451629,0.489066099464493));
#10110=CARTESIAN_POINT('',(14.,15.9115698451629,0.489066099464493));
#10111=CARTESIAN_POINT('',(14.,15.9115698451629,0.489066099464493));
#10112=CARTESIAN_POINT('',(14.,15.9115698451629,0.489066099464493));
#10113=CARTESIAN_POINT('Origin',(14.,15.5043285888475,-1.19442864634099));
#10114=CARTESIAN_POINT('',(14.,15.5043285888475,-1.19442864634099));
#10115=CARTESIAN_POINT('',(14.,15.5043285888475,-1.19442864634099));
#10116=CARTESIAN_POINT('',(14.,15.5043285888475,-1.19442864634099));
#10117=CARTESIAN_POINT('Origin',(14.,13.8427587436846,-1.68349474580551));
#10118=CARTESIAN_POINT('',(14.,13.8427587436846,-1.68349474580551));
#10119=CARTESIAN_POINT('Origin',(14.,14.25,-2.88173296023109E-14));
#10120=CARTESIAN_POINT('Origin',(1.30451205393456E-14,-9.18506039230014E-17,
3.33066907387545E-16));
#10121=CARTESIAN_POINT('',(1.30451205393456E-14,-9.62060098209857E-15,-5.23435305963093));
#10122=CARTESIAN_POINT('Origin',(1.30451205393456E-14,-9.18506039230014E-17,
3.33066907387545E-16));
#10123=CARTESIAN_POINT('',(1.00000000000001,-9.62060237808987E-15,-5.23435305963093));
#10124=CARTESIAN_POINT('',(1.30451205393456E-14,-9.62060098209857E-15,-5.23435305963093));
#10125=CARTESIAN_POINT('Origin',(1.00000000000001,-9.18519999143006E-17,
3.33066907387544E-16));
#10126=CARTESIAN_POINT('Origin',(1.00000000000001,-9.18519999143006E-17,
3.33066907387544E-16));
#10127=CARTESIAN_POINT('Origin',(15.,-30.5,-14.9999999999999));
#10128=CARTESIAN_POINT('',(16.65,-23.3461525809716,-15.));
#10129=CARTESIAN_POINT('Ctrl Pts',(16.65,-23.3461525809715,-14.9999999999999));
#10130=CARTESIAN_POINT('Ctrl Pts',(16.65,-23.3461525809715,-14.7943625339787));
#10131=CARTESIAN_POINT('Ctrl Pts',(16.6091158630129,-23.3371783072203,-14.57529431729));
#10132=CARTESIAN_POINT('Ctrl Pts',(16.4444978495534,-23.2954829465611,-14.1735289188481));
#10133=CARTESIAN_POINT('Ctrl Pts',(16.3207910877831,-23.2621104069515,-13.9908885017494));
#10134=CARTESIAN_POINT('Ctrl Pts',(16.0255113464079,-23.1681448531258,-13.6884836414969));
#10135=CARTESIAN_POINT('Ctrl Pts',(15.8302352177842,-23.098488938115,-13.5566319423185));
#10136=CARTESIAN_POINT('Ctrl Pts',(15.4157002610577,-22.9196266234802,-13.3876120493321));
#10137=CARTESIAN_POINT('Ctrl Pts',(15.1968810795968,-22.8098217670102,-13.35));
#10138=CARTESIAN_POINT('Ctrl Pts',(14.7703356075918,-22.5635556239265,-13.35));
#10139=CARTESIAN_POINT('Ctrl Pts',(14.5352472861217,-22.4057988985795,-13.3999752009945));
#10140=CARTESIAN_POINT('Ctrl Pts',(14.1129465549767,-22.078448367384,-13.5896062053949));
#10141=CARTESIAN_POINT('Ctrl Pts',(13.9252815006101,-21.9091055200333,-13.728686414208));
#10142=CARTESIAN_POINT('Ctrl Pts',(13.6575572355801,-21.6438491207136,-14.0242790242022));
#10143=CARTESIAN_POINT('Ctrl Pts',(13.5471443346882,-21.5231613631736,-14.1914100670533));
#10144=CARTESIAN_POINT('Ctrl Pts',(13.4317953801467,-21.3903655936101,-14.4767784394544));
#10145=CARTESIAN_POINT('Ctrl Pts',(13.401418132217,-21.3540927042108,-14.5777263958319));
#10146=CARTESIAN_POINT('Ctrl Pts',(13.3605244097599,-21.3047777096871,-14.7858900975177));
#10147=CARTESIAN_POINT('Ctrl Pts',(13.35,-21.2917673979294,-14.8931118146219));
#10148=CARTESIAN_POINT('Ctrl Pts',(13.35,-21.2917673979294,-15.1153132262836));
#10149=CARTESIAN_POINT('Ctrl Pts',(13.3622144259719,-21.3068788857943,-15.2300857751767));
#10150=CARTESIAN_POINT('Ctrl Pts',(13.4089598884914,-21.3631131583554,-15.4515921326068));
#10151=CARTESIAN_POINT('Ctrl Pts',(13.4435067908738,-21.4041945981596,-15.5583330869482));
#10152=CARTESIAN_POINT('Ctrl Pts',(13.5741308235726,-21.5532881381227,-15.8585021456777));
#10153=CARTESIAN_POINT('Ctrl Pts',(13.6985748048732,-21.6872169789837,-16.0320271827887));
#10154=CARTESIAN_POINT('Ctrl Pts',(13.9786645551823,-21.9575430596705,-16.3121169330979));
#10155=CARTESIAN_POINT('Ctrl Pts',(14.1596071741758,-22.1168728061488,-16.436640161775));
#10156=CARTESIAN_POINT('Ctrl Pts',(14.5623017277067,-22.4240595365263,-16.6058067391441));
#10157=CARTESIAN_POINT('Ctrl Pts',(14.7844181877249,-22.5716862053573,-16.6499999999999));
#10158=CARTESIAN_POINT('Ctrl Pts',(15.1939445575361,-22.808126365208,-16.6499999999999));
#10159=CARTESIAN_POINT('Ctrl Pts',(15.4095384261545,-22.9165742888682,-16.6135110554744));
#10160=CARTESIAN_POINT('Ctrl Pts',(15.8189249625608,-23.0939860223589,-16.449310797423));
#10161=CARTESIAN_POINT('Ctrl Pts',(16.0122966811069,-23.163509486031,-16.3211556968087));
#10162=CARTESIAN_POINT('Ctrl Pts',(16.3108622584276,-23.2593166389376,-16.022590119488));
#10163=CARTESIAN_POINT('Ctrl Pts',(16.4381867946101,-23.293823686694,-15.8382618485562));
#10164=CARTESIAN_POINT('Ctrl Pts',(16.6077683860843,-23.3368950875494,-15.4314456127124));
#10165=CARTESIAN_POINT('Ctrl Pts',(16.65,-23.3461525809715,-15.2090207264113));
#10166=CARTESIAN_POINT('Ctrl Pts',(16.65,-23.3461525809715,-15.));
#10167=CARTESIAN_POINT('',(16.65,-23.5400000000001,-14.9999999999999));
#10168=CARTESIAN_POINT('',(16.65,-30.5,-14.9999999999999));
#10169=CARTESIAN_POINT('Origin',(15.,-23.5400000000001,-14.9999999999999));
#10170=CARTESIAN_POINT('Origin',(15.,-30.5,15.0000000000001));
#10171=CARTESIAN_POINT('',(16.65,-23.3461525809715,15.));
#10172=CARTESIAN_POINT('Ctrl Pts',(16.65,-23.3461525809715,15.));
#10173=CARTESIAN_POINT('Ctrl Pts',(16.65,-23.3461525809715,15.2090207264114));
#10174=CARTESIAN_POINT('Ctrl Pts',(16.6077683860843,-23.3368950875494,15.4314456127125));
#10175=CARTESIAN_POINT('Ctrl Pts',(16.4381867946101,-23.2938236866939,15.8382618485563));
#10176=CARTESIAN_POINT('Ctrl Pts',(16.3108622584276,-23.2593166389375,16.0225901194881));
#10177=CARTESIAN_POINT('Ctrl Pts',(16.0122966811069,-23.163509486031,16.3211556968088));
#10178=CARTESIAN_POINT('Ctrl Pts',(15.8189249625608,-23.0939860223589,16.4493107974231));
#10179=CARTESIAN_POINT('Ctrl Pts',(15.4095384261545,-22.9165742888682,16.6135110554745));
#10180=CARTESIAN_POINT('Ctrl Pts',(15.1939445575361,-22.8081263652079,16.65));
#10181=CARTESIAN_POINT('Ctrl Pts',(14.7844181877249,-22.5716862053572,16.65));
#10182=CARTESIAN_POINT('Ctrl Pts',(14.5623017277067,-22.4240595365262,16.6058067391441));
#10183=CARTESIAN_POINT('Ctrl Pts',(14.1596071741758,-22.1168728061487,16.4366401617751));
#10184=CARTESIAN_POINT('Ctrl Pts',(13.9786645551823,-21.9575430596704,16.312116933098));
#10185=CARTESIAN_POINT('Ctrl Pts',(13.6985748048732,-21.6872169789836,16.0320271827888));
#10186=CARTESIAN_POINT('Ctrl Pts',(13.5741308235726,-21.5532881381227,15.8585021456778));
#10187=CARTESIAN_POINT('Ctrl Pts',(13.4435067908738,-21.4041945981596,15.5583330869483));
#10188=CARTESIAN_POINT('Ctrl Pts',(13.4089598884914,-21.3631131583553,15.4515921326069));
#10189=CARTESIAN_POINT('Ctrl Pts',(13.3622144259719,-21.3068788857942,15.2300857751768));
#10190=CARTESIAN_POINT('Ctrl Pts',(13.35,-21.2917673979293,15.1153132262837));
#10191=CARTESIAN_POINT('Ctrl Pts',(13.35,-21.2917673979293,14.893111814622));
#10192=CARTESIAN_POINT('Ctrl Pts',(13.3605244097599,-21.3047777096871,14.7858900975178));
#10193=CARTESIAN_POINT('Ctrl Pts',(13.401418132217,-21.3540927042107,14.5777263958319));
#10194=CARTESIAN_POINT('Ctrl Pts',(13.4317953801467,-21.39036559361,14.4767784394545));
#10195=CARTESIAN_POINT('Ctrl Pts',(13.5471443346882,-21.5231613631736,14.1914100670534));
#10196=CARTESIAN_POINT('Ctrl Pts',(13.6575572355801,-21.6438491207136,14.0242790242023));
#10197=CARTESIAN_POINT('Ctrl Pts',(13.9252815006101,-21.9091055200332,13.7286864142081));
#10198=CARTESIAN_POINT('Ctrl Pts',(14.1129465549767,-22.078448367384,13.589606205395));
#10199=CARTESIAN_POINT('Ctrl Pts',(14.5352472861217,-22.4057988985795,13.3999752009946));
#10200=CARTESIAN_POINT('Ctrl Pts',(14.7703356075918,-22.5635556239264,13.3500000000001));
#10201=CARTESIAN_POINT('Ctrl Pts',(15.1968810795968,-22.8098217670102,13.3500000000001));
#10202=CARTESIAN_POINT('Ctrl Pts',(15.4157002610577,-22.9196266234802,13.3876120493322));
#10203=CARTESIAN_POINT('Ctrl Pts',(15.8302352177842,-23.098488938115,13.5566319423186));
#10204=CARTESIAN_POINT('Ctrl Pts',(16.0255113464079,-23.1681448531257,13.688483641497));
#10205=CARTESIAN_POINT('Ctrl Pts',(16.3207910877831,-23.2621104069514,13.9908885017495));
#10206=CARTESIAN_POINT('Ctrl Pts',(16.4444978495534,-23.295482946561,14.1735289188482));
#10207=CARTESIAN_POINT('Ctrl Pts',(16.6091158630129,-23.3371783072202,14.5752943172901));
#10208=CARTESIAN_POINT('Ctrl Pts',(16.65,-23.3461525809715,14.7943625339788));
#10209=CARTESIAN_POINT('Ctrl Pts',(16.65,-23.3461525809715,15.));
#10210=CARTESIAN_POINT('',(16.65,-30.5,15.0000000000001));
#10211=CARTESIAN_POINT('Origin',(12.,14.25,-2.73531197692025E-14));
#10212=CARTESIAN_POINT('',(1.33226762955019E-14,14.25,2.24999999999997));
#10213=CARTESIAN_POINT('Origin',(1.30451205393456E-14,14.25,-2.73531197692024E-14));
#10214=CARTESIAN_POINT('',(12.,14.25,2.24999999999997));
#10215=CARTESIAN_POINT('Origin',(12.,-7.12500000000002,-12.3408620039282));
#10216=CARTESIAN_POINT('',(1.33226762955019E-14,-7.12500000000002,-10.0908620039282));
#10217=CARTESIAN_POINT('Origin',(1.30451205393456E-14,-7.12500000000002,
-12.3408620039282));
#10218=CARTESIAN_POINT('',(12.,-7.12500000000002,-10.0908620039282));
#10219=CARTESIAN_POINT('',(12.,-7.12500000000002,-10.0908620039282));
#10220=CARTESIAN_POINT('Origin',(12.,-7.12500000000002,-12.3408620039282));
#10221=CARTESIAN_POINT('Origin',(12.,-7.12499999999998,12.3408620039283));
#10222=CARTESIAN_POINT('',(1.33226762955019E-14,-7.12499999999998,14.5908620039283));
#10223=CARTESIAN_POINT('Origin',(1.30451205393456E-14,-7.12499999999998,
12.3408620039283));
#10224=CARTESIAN_POINT('',(12.,-7.12499999999998,14.5908620039283));
#10225=CARTESIAN_POINT('',(12.,-7.12499999999998,14.5908620039283));
#10226=CARTESIAN_POINT('Origin',(12.,-7.12499999999998,12.3408620039283));
#10227=CARTESIAN_POINT('Origin',(12.,-15.,2.9476421303798E-14));
#10228=CARTESIAN_POINT('',(1.33226762955019E-14,-15.,2.25000000000003));
#10229=CARTESIAN_POINT('Origin',(1.30451205393456E-14,-15.,2.94764213037981E-14));
#10230=CARTESIAN_POINT('',(12.,-15.,2.25000000000003));
#10231=CARTESIAN_POINT('',(12.,-15.,2.25000000000003));
#10232=CARTESIAN_POINT('Origin',(12.,-15.,2.9476421303798E-14));
#10233=CARTESIAN_POINT('Origin',(12.,7.50000000000002,12.9903810567666));
#10234=CARTESIAN_POINT('',(1.33226762955019E-14,7.50000000000003,15.2403810567666));
#10235=CARTESIAN_POINT('Origin',(1.30451205393456E-14,7.50000000000002,
12.9903810567666));
#10236=CARTESIAN_POINT('',(12.,7.50000000000003,15.2403810567666));
#10237=CARTESIAN_POINT('',(12.,7.50000000000003,15.2403810567666));
#10238=CARTESIAN_POINT('Origin',(12.,7.50000000000002,12.9903810567666));
#10239=CARTESIAN_POINT('Origin',(12.,7.49999999999985,-12.9903810567667));
#10240=CARTESIAN_POINT('',(1.33226762955019E-14,7.49999999999986,-10.7403810567667));
#10241=CARTESIAN_POINT('Origin',(1.30451205393456E-14,7.49999999999985,
-12.9903810567667));
#10242=CARTESIAN_POINT('',(12.,7.49999999999986,-10.7403810567667));
#10243=CARTESIAN_POINT('',(12.,7.49999999999986,-10.7403810567667));
#10244=CARTESIAN_POINT('Origin',(12.,7.49999999999985,-12.9903810567667));
#10245=CARTESIAN_POINT('Origin',(12.,-9.18673558185923E-17,3.33066907387526E-16));
#10246=CARTESIAN_POINT('',(12.,19.,6.24499799839836));
#10247=CARTESIAN_POINT('',(12.,3.87659385060621E-14,20.));
#10248=CARTESIAN_POINT('Origin',(12.,-9.18673558185923E-17,3.33066907387526E-16));
#10249=CARTESIAN_POINT('',(1.30451205393456E-14,19.,6.24499799839836));
#10250=CARTESIAN_POINT('',(1.30451205393456E-14,19.,6.24499799839836));
#10251=CARTESIAN_POINT('',(1.30451205393456E-14,3.87659552579577E-14,20.));
#10252=CARTESIAN_POINT('Origin',(1.30451205393456E-14,-9.18506039230014E-17,
3.33066907387545E-16));
#10253=CARTESIAN_POINT('',(12.,3.87659385060621E-14,20.));
#10254=CARTESIAN_POINT('Origin',(12.,-3.89496732176993E-14,-20.));
#10255=CARTESIAN_POINT('',(1.30451205393456E-14,-30.5,-19.9999999999999));
#10256=CARTESIAN_POINT('',(1.30451205393456E-14,-3.89496564658037E-14,-20.));
#10257=CARTESIAN_POINT('',(1.30451205393456E-14,-3.89496564658037E-14,-20.));
#10258=CARTESIAN_POINT('',(12.,-3.89496732176993E-14,-20.));
#10259=CARTESIAN_POINT('',(12.,-3.89496732176993E-14,-20.));
#10260=CARTESIAN_POINT('',(12.,-17.5,-20.));
#10261=CARTESIAN_POINT('',(12.,-3.89496732176993E-14,-20.));
#10262=CARTESIAN_POINT('',(15.,-22.6961524227067,-20.));
#10263=CARTESIAN_POINT('Origin',(18.,-17.5,-20.));
#10264=CARTESIAN_POINT('',(15.,-30.5,-19.9999999999999));
#10265=CARTESIAN_POINT('',(15.,-23.5,-20.));
#10266=CARTESIAN_POINT('',(-68.5,-30.5000000000001,-19.9999999999999));
#10267=CARTESIAN_POINT('Origin',(12.,-9.18673558185923E-17,3.33066907387526E-16));
#10268=CARTESIAN_POINT('',(1.30451205393456E-14,19.,-6.24499799839844));
#10269=CARTESIAN_POINT('Origin',(1.30451205393456E-14,-9.18506039230014E-17,
3.33066907387545E-16));
#10270=CARTESIAN_POINT('',(12.,19.,-6.24499799839844));
#10271=CARTESIAN_POINT('',(1.30451205393456E-14,19.,-6.24499799839844));
#10272=CARTESIAN_POINT('Origin',(12.,-9.18673558185923E-17,3.33066907387526E-16));
#10273=CARTESIAN_POINT('Origin',(12.,3.87659385060621E-14,20.));
#10274=CARTESIAN_POINT('',(1.30451205393456E-14,-30.5,20.0000000000001));
#10275=CARTESIAN_POINT('',(1.30451205393456E-14,3.87659552579577E-14,20.));
#10276=CARTESIAN_POINT('',(15.,-30.5,20.0000000000001));
#10277=CARTESIAN_POINT('',(-68.5,-30.5000000000001,20.0000000000001));
#10278=CARTESIAN_POINT('',(15.,-22.6961524227066,20.));
#10279=CARTESIAN_POINT('',(15.,-23.5,20.));
#10280=CARTESIAN_POINT('',(12.,-17.5,20.));
#10281=CARTESIAN_POINT('Origin',(18.,-17.5,20.));
#10282=CARTESIAN_POINT('',(12.,3.87659385060621E-14,20.));
#10283=CARTESIAN_POINT('Origin',(12.,-9.18673558185923E-17,3.33066907387526E-16));
#10284=CARTESIAN_POINT('',(12.,19.,6.24499799839836));
#10285=CARTESIAN_POINT('',(12.,-17.5,10.));
#10286=CARTESIAN_POINT('',(12.,-17.5,3.43336470365331E-14));
#10287=CARTESIAN_POINT('',(12.,-30.5,10.0000000000001));
#10288=CARTESIAN_POINT('',(12.,-23.5,10.));
#10289=CARTESIAN_POINT('',(12.,-30.5,-9.99999999999994));
#10290=CARTESIAN_POINT('',(12.,-30.5000000000001,3.91169468278313E-14));
#10291=CARTESIAN_POINT('',(12.,-17.5,-9.99999999999996));
#10292=CARTESIAN_POINT('',(12.,-23.5,-9.99999999999995));
#10293=CARTESIAN_POINT('',(12.,-17.5,3.43336470365331E-14));
#10294=CARTESIAN_POINT('',(12.,-6.13673144537925,-15.6984392947658));
#10295=CARTESIAN_POINT('Origin',(12.,-7.12500000000002,-12.3408620039283));
#10296=CARTESIAN_POINT('',(12.,-6.13673144537921,8.98328471309075));
#10297=CARTESIAN_POINT('Origin',(12.,-7.12499999999998,12.3408620039283));
#10298=CARTESIAN_POINT('',(12.,-14.0117314453792,-3.35757729083748));
#10299=CARTESIAN_POINT('Origin',(12.,-15.,3.21561869169827E-14));
#10300=CARTESIAN_POINT('',(12.,8.48826855462082,9.63280376592906));
#10301=CARTESIAN_POINT('Origin',(12.,7.50000000000005,12.9903810567666));
#10302=CARTESIAN_POINT('',(12.,8.48826855462065,-16.3479583476042));
#10303=CARTESIAN_POINT('Origin',(12.,7.49999999999988,-12.9903810567667));
#10304=CARTESIAN_POINT('Origin',(1.30451205393456E-14,-9.18506039230014E-17,
3.33066907387545E-16));
#10305=CARTESIAN_POINT('',(1.30451205393456E-14,19.,6.24499799839836));
#10306=CARTESIAN_POINT('',(2.27595720048157E-14,-30.5000000000001,-19.4999999999999));
#10307=CARTESIAN_POINT('',(2.77555756156289E-16,-30.5000000000001,3.91169468278313E-14));
#10308=CARTESIAN_POINT('',(4.16333634234434E-15,-30.5000000000001,19.5000000000001));
#10309=CARTESIAN_POINT('',(1.36002320516582E-14,-30.5000000000001,9.68145296466803E-14));
#10310=CARTESIAN_POINT('',(2.77555756156289E-16,-30.5000000000001,3.91169468278313E-14));
#10311=CARTESIAN_POINT('Origin',(15.,-23.5,15.));
#10312=CARTESIAN_POINT('',(15.,-30.5,10.0000000000001));
#10313=CARTESIAN_POINT('Origin',(15.,-30.5000000000001,15.0000000000001));
#10314=CARTESIAN_POINT('',(15.,-22.6961524227066,10.));
#10315=CARTESIAN_POINT('',(15.,-23.5,10.));
#10316=CARTESIAN_POINT('',(18.,-23.5,11.));
#10317=CARTESIAN_POINT('Ctrl Pts',(15.,-22.6961524227066,10.));
#10318=CARTESIAN_POINT('Ctrl Pts',(15.2923484433636,-22.8649398751798,10.));
#10319=CARTESIAN_POINT('Ctrl Pts',(15.6103145071334,-23.0142574472186,10.0265795278803));
#10320=CARTESIAN_POINT('Ctrl Pts',(16.3793657318366,-23.2965825052642,10.1725331727349));
#10321=CARTESIAN_POINT('Ctrl Pts',(16.834616743493,-23.3996356333901,10.3271384279971));
#10322=CARTESIAN_POINT('Ctrl Pts',(17.492827748029,-23.4841280241444,10.656243930265));
#10323=CARTESIAN_POINT('Ctrl Pts',(17.7531661667683,-23.5,10.8148746250762));
#10324=CARTESIAN_POINT('Ctrl Pts',(18.,-23.5,11.));
#10325=CARTESIAN_POINT('',(18.,-23.5,19.));
#10326=CARTESIAN_POINT('Origin',(15.,-23.5,15.));
#10327=CARTESIAN_POINT('Ctrl Pts',(18.,-23.5,19.));
#10328=CARTESIAN_POINT('Ctrl Pts',(17.7531661667683,-23.5,19.1851253749239));
#10329=CARTESIAN_POINT('Ctrl Pts',(17.492827748029,-23.4841280241443,19.343756069735));
#10330=CARTESIAN_POINT('Ctrl Pts',(16.834616743493,-23.3996356333901,19.672861572003));
#10331=CARTESIAN_POINT('Ctrl Pts',(16.3793657318366,-23.2965825052642,19.8274668272652));
#10332=CARTESIAN_POINT('Ctrl Pts',(15.6103145071334,-23.0142574472186,19.9734204721198));
#10333=CARTESIAN_POINT('Ctrl Pts',(15.2923484433636,-22.8649398751797,20.));
#10334=CARTESIAN_POINT('Ctrl Pts',(15.,-22.6961524227066,20.));
#10335=CARTESIAN_POINT('Origin',(1.30451205393456E-14,-23.5,10.));
#10336=CARTESIAN_POINT('',(-74.5,-30.5000000000001,10.0000000000001));
#10337=CARTESIAN_POINT('Origin',(18.,-17.5,10.));
#10338=CARTESIAN_POINT('Origin',(1.30451205393456E-14,-23.5,4.59909887950973E-14));
#10339=CARTESIAN_POINT('',(18.,-23.5,4.59909887950973E-14));
#10340=CARTESIAN_POINT('Origin',(1.30451205393456E-14,-23.5,-9.99999999999995));
#10341=CARTESIAN_POINT('',(15.,-30.5,-9.99999999999994));
#10342=CARTESIAN_POINT('',(-74.5,-30.5000000000001,-9.99999999999994));
#10343=CARTESIAN_POINT('',(15.,-22.6961524227067,-9.99999999999995));
#10344=CARTESIAN_POINT('',(15.,-23.5,-9.99999999999995));
#10345=CARTESIAN_POINT('Origin',(18.,-17.5,-9.99999999999996));
#10346=CARTESIAN_POINT('Origin',(15.,-23.5,-14.9999999999999));
#10347=CARTESIAN_POINT('Origin',(15.,-30.5000000000001,-14.9999999999999));
#10348=CARTESIAN_POINT('',(18.,-23.5,-19.));
#10349=CARTESIAN_POINT('Ctrl Pts',(15.,-22.6961524227067,-20.));
#10350=CARTESIAN_POINT('Ctrl Pts',(15.2923484433636,-22.8649398751798,-20.));
#10351=CARTESIAN_POINT('Ctrl Pts',(15.6103145071334,-23.0142574472186,-19.9734204721197));
#10352=CARTESIAN_POINT('Ctrl Pts',(16.3793657318366,-23.2965825052643,-19.8274668272651));
#10353=CARTESIAN_POINT('Ctrl Pts',(16.834616743493,-23.3996356333901,-19.6728615720029));
#10354=CARTESIAN_POINT('Ctrl Pts',(17.492827748029,-23.4841280241444,-19.343756069735));
#10355=CARTESIAN_POINT('Ctrl Pts',(17.7531661667683,-23.5,-19.1851253749238));
#10356=CARTESIAN_POINT('Ctrl Pts',(18.,-23.5,-18.9999999999999));
#10357=CARTESIAN_POINT('',(18.,-23.5,-11.));
#10358=CARTESIAN_POINT('Origin',(15.,-23.5,-14.9999999999999));
#10359=CARTESIAN_POINT('Ctrl Pts',(18.,-23.5,-11.));
#10360=CARTESIAN_POINT('Ctrl Pts',(17.7531661667683,-23.5,-10.8148746250761));
#10361=CARTESIAN_POINT('Ctrl Pts',(17.492827748029,-23.4841280241444,-10.656243930265));
#10362=CARTESIAN_POINT('Ctrl Pts',(16.834616743493,-23.3996356333901,-10.327138427997));
#10363=CARTESIAN_POINT('Ctrl Pts',(16.3793657318366,-23.2965825052643,-10.1725331727348));
#10364=CARTESIAN_POINT('Ctrl Pts',(15.6103145071334,-23.0142574472186,-10.0265795278802));
#10365=CARTESIAN_POINT('Ctrl Pts',(15.2923484433636,-22.8649398751798,-9.99999999999995));
#10366=CARTESIAN_POINT('Ctrl Pts',(15.,-22.6961524227067,-9.99999999999995));
#10367=CARTESIAN_POINT('Origin',(1.30451205393456E-14,-23.5,4.59909887950973E-14));
#10368=CARTESIAN_POINT('',(18.,-23.5,4.59909887950973E-14));
#10369=CARTESIAN_POINT('Origin',(18.,-17.5,3.43336470365331E-14));
#10370=CARTESIAN_POINT('Origin',(18.,-17.5,3.43336470365331E-14));
#10371=CARTESIAN_POINT('Origin',(1.30451205393456E-14,19.,6.24499799839836));
#10372=CARTESIAN_POINT('Origin',(147.548865453414,8.00000000000135,26.8750000000006));
#10373=CARTESIAN_POINT('',(54.4511345465861,8.00000000000136,-26.8749999999987));
#10374=CARTESIAN_POINT('Origin',(101.,8.00000000000135,9.52300816581263E-13));
#10375=CARTESIAN_POINT('',(97.5358983848622,8.00000000000134,-1.99999999999902));
#10376=CARTESIAN_POINT('Origin',(101.,8.00000000000135,9.52300816581263E-13));
#10377=CARTESIAN_POINT('Origin',(136.507041555162,-25.4999999999987,20.5000000000007));
#10378=CARTESIAN_POINT('',(54.4511345465862,-25.4999999999987,-26.8749999999987));
#10379=CARTESIAN_POINT('Origin',(101.,-25.4999999999987,9.40150749662709E-13));
#10380=CARTESIAN_POINT('',(65.4929584448378,-25.4999999999987,-20.4999999999988));
#10381=CARTESIAN_POINT('Origin',(101.,-25.4999999999987,9.40150749662709E-13));
#10382=CARTESIAN_POINT('Origin',(123.949673200288,-26.4999999999986,13.2500000000008));
#10383=CARTESIAN_POINT('',(72.8541743770056,-26.4999999999987,-16.2499999999988));
#10384=CARTESIAN_POINT('Origin',(101.,-26.4999999999986,9.39788061097976E-13));
#10385=CARTESIAN_POINT('',(78.0503267997122,-26.4999999999986,-13.2499999999989));
#10386=CARTESIAN_POINT('Origin',(101.,-26.4999999999986,9.39788061097976E-13));
#10387=CARTESIAN_POINT('Origin',(101.,-34.4999999999986,9.36886552580112E-13));
#10388=CARTESIAN_POINT('',(112.474836600144,-34.4999999999986,-6.62499999999984));
#10389=CARTESIAN_POINT('Origin',(110.526279441629,-34.4999999999986,-5.49999999999985));
#10390=CARTESIAN_POINT('Origin',(101.,-34.4999999999986,9.36886552580112E-13));
#10391=CARTESIAN_POINT('',(78.0503267997122,-34.4999999999986,-13.2499999999989));
#10392=CARTESIAN_POINT('Origin',(101.,-34.4999999999986,9.36886552580112E-13));
#10393=CARTESIAN_POINT('',(78.0503267997122,-34.4999999999986,-13.2499999999989));
#10394=CARTESIAN_POINT('Origin',(101.,-34.4999999999986,9.36886552580112E-13));
#10395=CARTESIAN_POINT('',(72.8541743770056,-33.4999999999987,-16.2499999999988));
#10396=CARTESIAN_POINT('',(72.8541743770056,-34.4999999999986,-16.2499999999988));
#10397=CARTESIAN_POINT('',(101.,-33.5000000000001,-32.4999999999998));
#10398=CARTESIAN_POINT('Origin',(101.,-33.4999999999986,9.37249241144845E-13));
#10399=CARTESIAN_POINT('',(101.,-33.5,32.5000000000001));
#10400=CARTESIAN_POINT('Origin',(101.,-33.4999999999986,9.37249241144845E-13));
#10401=CARTESIAN_POINT('Origin',(101.,-33.4999999999986,9.37249241144845E-13));
#10402=CARTESIAN_POINT('Origin',(101.,-34.4999999999986,9.36886552580112E-13));
#10403=CARTESIAN_POINT('',(109.670439949946,-33.5000000000001,-40.0727272727264));
#10404=CARTESIAN_POINT('',(109.670439949946,-33.5,40.0727272727282));
#10405=CARTESIAN_POINT('Origin',(101.,-33.4999999999986,9.37249241144845E-13));
#10406=CARTESIAN_POINT('',(65.4929584448378,-33.4999999999987,-20.4999999999988));
#10407=CARTESIAN_POINT('Origin',(101.,-33.4999999999986,9.37249241144845E-13));
#10408=CARTESIAN_POINT('',(65.4929584448378,-34.4999999999986,-20.4999999999988));
#10409=CARTESIAN_POINT('Origin',(101.,-33.4999999999986,9.37249241144845E-13));
#10410=CARTESIAN_POINT('Origin',(101.,-34.4999999999986,9.36886552580112E-13));
#10411=CARTESIAN_POINT('',(54.4511345465862,-34.4999999999986,-26.8749999999987));
#10412=CARTESIAN_POINT('Origin',(101.,-34.4999999999986,9.36886552580112E-13));
#10413=CARTESIAN_POINT('',(97.5358983848622,9.00000000000137,-1.99999999999902));
#10414=CARTESIAN_POINT('',(97.5358983848622,-34.4999999999986,-1.99999999999904));
#10415=CARTESIAN_POINT('Origin',(101.,9.00000000000136,9.52663505145996E-13));
#10416=CARTESIAN_POINT('Origin',(81.,-24.0999999999986,1.33023496784599E-12));
#10417=CARTESIAN_POINT('',(81.,-22.8381927000408,1.32931390397089E-12));
#10418=CARTESIAN_POINT('',(79.1813466520527,-24.0999999999986,-1.04999999999866));
#10419=CARTESIAN_POINT('',(79.1813466520527,-24.0999999999986,-1.04999999999865));
#10420=CARTESIAN_POINT('Origin',(81.,-24.0999999999986,1.33023496784599E-12));
#10421=CARTESIAN_POINT('Origin',(81.,-34.4999999999986,1.32588289358946E-12));
#10422=CARTESIAN_POINT('',(79.1813466520526,-34.4999999999986,-1.04999999999866));
#10423=CARTESIAN_POINT('',(79.1813466520526,-34.4999999999986,-1.04999999999866));
#10424=CARTESIAN_POINT('Origin',(81.,-34.4999999999986,1.32588289358946E-12));
#10425=CARTESIAN_POINT('Origin',(90.9999999999997,-24.0999999999986,-17.3205080756877));
#10426=CARTESIAN_POINT('',(90.9999999999997,-22.8381927000408,-17.3205080756877));
#10427=CARTESIAN_POINT('',(89.1813466520524,-24.0999999999986,-18.3705080756876));
#10428=CARTESIAN_POINT('',(89.1813466520524,-24.0999999999986,-18.3705080756876));
#10429=CARTESIAN_POINT('Origin',(90.9999999999997,-24.0999999999986,-17.3205080756877));
#10430=CARTESIAN_POINT('Origin',(90.9999999999997,-34.4999999999986,-17.3205080756877));
#10431=CARTESIAN_POINT('',(89.1813466520524,-34.4999999999986,-18.3705080756876));
#10432=CARTESIAN_POINT('',(89.1813466520524,-34.4999999999986,-18.3705080756876));
#10433=CARTESIAN_POINT('Origin',(90.9999999999997,-34.4999999999986,-17.3205080756877));
#10434=CARTESIAN_POINT('Origin',(111.,-24.0999999999986,-17.320508075688));
#10435=CARTESIAN_POINT('',(111.,-22.8381927000408,-17.320508075688));
#10436=CARTESIAN_POINT('',(109.181346652052,-24.0999999999986,-18.370508075688));
#10437=CARTESIAN_POINT('',(109.181346652052,-24.0999999999986,-18.370508075688));
#10438=CARTESIAN_POINT('Origin',(111.,-24.0999999999986,-17.320508075688));
#10439=CARTESIAN_POINT('Origin',(111.,-34.4999999999986,-17.320508075688));
#10440=CARTESIAN_POINT('',(109.181346652052,-34.4999999999986,-18.370508075688));
#10441=CARTESIAN_POINT('',(109.181346652052,-34.4999999999986,-18.370508075688));
#10442=CARTESIAN_POINT('Origin',(111.,-34.4999999999986,-17.320508075688));
#10443=CARTESIAN_POINT('Origin',(121.,-24.0999999999986,6.96571279028568E-13));
#10444=CARTESIAN_POINT('',(121.,-22.8381927000408,6.92319546079591E-13));
#10445=CARTESIAN_POINT('',(119.181346652053,-24.0999999999986,-1.04999999999929));
#10446=CARTESIAN_POINT('',(119.181346652053,-24.0999999999986,-1.04999999999929));
#10447=CARTESIAN_POINT('Origin',(121.,-24.0999999999986,6.96571279028568E-13));
#10448=CARTESIAN_POINT('Origin',(121.,-34.4999999999986,6.92219204772038E-13));
#10449=CARTESIAN_POINT('',(119.181346652053,-34.4999999999986,-1.04999999999929));
#10450=CARTESIAN_POINT('',(119.181346652053,-34.4999999999986,-1.04999999999929));
#10451=CARTESIAN_POINT('Origin',(121.,-34.4999999999986,6.92219204772038E-13));
#10452=CARTESIAN_POINT('Origin',(111.,-24.0999999999986,17.3205080756896));
#10453=CARTESIAN_POINT('',(111.,-22.8381927000408,17.3205080756896));
#10454=CARTESIAN_POINT('',(109.181346652053,-24.0999999999986,16.2705080756896));
#10455=CARTESIAN_POINT('',(109.181346652053,-24.0999999999986,16.2705080756896));
#10456=CARTESIAN_POINT('Origin',(111.,-24.0999999999986,17.3205080756896));
#10457=CARTESIAN_POINT('Origin',(111.,-34.4999999999986,17.3205080756896));
#10458=CARTESIAN_POINT('',(109.181346652053,-34.4999999999986,16.2705080756896));
#10459=CARTESIAN_POINT('',(109.181346652053,-34.4999999999986,16.2705080756896));
#10460=CARTESIAN_POINT('Origin',(111.,-34.4999999999986,17.3205080756896));
#10461=CARTESIAN_POINT('Origin',(91.0000000000001,-24.0999999999987,17.3205080756898));
#10462=CARTESIAN_POINT('',(91.0000000000001,-22.8381927000408,17.3205080756898));
#10463=CARTESIAN_POINT('',(89.1813466520528,-24.0999999999987,16.2705080756898));
#10464=CARTESIAN_POINT('',(89.1813466520528,-24.0999999999987,16.2705080756898));
#10465=CARTESIAN_POINT('Origin',(91.0000000000001,-24.0999999999987,17.3205080756898));
#10466=CARTESIAN_POINT('Origin',(91.0000000000001,-34.4999999999987,17.3205080756898));
#10467=CARTESIAN_POINT('',(89.1813466520528,-34.4999999999987,16.2705080756898));
#10468=CARTESIAN_POINT('',(89.1813466520528,-34.4999999999987,16.2705080756898));
#10469=CARTESIAN_POINT('Origin',(91.0000000000001,-34.4999999999987,17.3205080756898));
#10470=CARTESIAN_POINT('Origin',(119.375,-23.3999999999986,-31.8264335890773));
#10471=CARTESIAN_POINT('',(119.375,-22.4085799786032,-31.8264335890773));
#10472=CARTESIAN_POINT('',(117.946058083755,-23.3999999999986,-32.6514335890773));
#10473=CARTESIAN_POINT('',(117.946058083755,-23.3999999999986,-32.6514335890773));
#10474=CARTESIAN_POINT('Origin',(119.375,-23.3999999999986,-31.8264335890773));
#10475=CARTESIAN_POINT('Origin',(119.375,-33.4999999999986,-31.8264335890773));
#10476=CARTESIAN_POINT('',(117.946058083755,-33.4999999999986,-32.6514335890773));
#10477=CARTESIAN_POINT('',(117.946058083755,-33.4999999999986,-32.6514335890773));
#10478=CARTESIAN_POINT('Origin',(119.375,-33.4999999999986,-31.8264335890773));
#10479=CARTESIAN_POINT('Origin',(136.497774116123,-23.3999999999986,-9.51159990751697));
#10480=CARTESIAN_POINT('',(136.497774116123,-22.4085799786032,-9.51159990751697));
#10481=CARTESIAN_POINT('',(135.068832199879,-23.3999999999986,-10.336599907517));
#10482=CARTESIAN_POINT('',(135.068832199879,-23.3999999999986,-10.336599907517));
#10483=CARTESIAN_POINT('Origin',(136.497774116123,-23.3999999999986,-9.51159990751697));
#10484=CARTESIAN_POINT('Origin',(136.497774116123,-33.4999999999986,-9.51159990751697));
#10485=CARTESIAN_POINT('',(135.068832199879,-33.4999999999986,-10.336599907517));
#10486=CARTESIAN_POINT('',(135.068832199879,-33.4999999999986,-10.336599907517));
#10487=CARTESIAN_POINT('Origin',(136.497774116123,-33.4999999999986,-9.51159990751697));
#10488=CARTESIAN_POINT('Origin',(132.826433589078,-23.3999999999986,18.3750000000007));
#10489=CARTESIAN_POINT('',(132.826433589078,-22.4085799786032,18.3750000000007));
#10490=CARTESIAN_POINT('',(131.397491672834,-23.3999999999987,17.5500000000007));
#10491=CARTESIAN_POINT('',(131.397491672834,-23.3999999999986,17.5500000000007));
#10492=CARTESIAN_POINT('Origin',(132.826433589078,-23.3999999999986,18.3750000000007));
#10493=CARTESIAN_POINT('Origin',(132.826433589078,-33.4999999999986,18.3750000000007));
#10494=CARTESIAN_POINT('',(131.397491672834,-33.4999999999986,17.5500000000007));
#10495=CARTESIAN_POINT('',(131.397491672834,-33.4999999999986,17.5500000000007));
#10496=CARTESIAN_POINT('Origin',(132.826433589078,-33.4999999999986,18.3750000000007));
#10497=CARTESIAN_POINT('Origin',(110.511599907518,-23.3999999999987,35.4977741161241));
#10498=CARTESIAN_POINT('',(110.511599907518,-22.4085799786032,35.4977741161241));
#10499=CARTESIAN_POINT('',(109.082657991274,-23.3999999999987,34.6727741161241));
#10500=CARTESIAN_POINT('',(109.082657991274,-23.3999999999987,34.6727741161241));
#10501=CARTESIAN_POINT('Origin',(110.511599907518,-23.3999999999987,35.4977741161241));
#10502=CARTESIAN_POINT('Origin',(110.511599907518,-33.4999999999987,35.4977741161241));
#10503=CARTESIAN_POINT('',(109.082657991274,-33.4999999999987,34.6727741161241));
#10504=CARTESIAN_POINT('',(109.082657991274,-33.4999999999987,34.6727741161241));
#10505=CARTESIAN_POINT('Origin',(110.511599907518,-33.4999999999987,35.4977741161241));
#10506=CARTESIAN_POINT('Origin',(101.,20.5000000000019,1.02612665331449E-13));
#10507=CARTESIAN_POINT('',(62.84,20.5000000000019,11.9922641732078));
#10508=CARTESIAN_POINT('',(62.84,20.5000000000019,-11.9922641732076));
#10509=CARTESIAN_POINT('',(62.84,20.5000000000019,7.39309961597273E-14));
#10510=CARTESIAN_POINT('',(84.5,20.5000000000019,36.4383040220042));
#10511=CARTESIAN_POINT('Origin',(101.,20.5000000000019,1.02612665331449E-13));
#10512=CARTESIAN_POINT('',(84.5,20.5000000000019,45.2100000000001));
#10513=CARTESIAN_POINT('',(84.5,20.5000000000019,1.03263407593129E-13));
#10514=CARTESIAN_POINT('',(117.5,20.5000000000019,45.2100000000001));
#10515=CARTESIAN_POINT('',(101.,20.5000000000019,45.2100000000001));
#10516=CARTESIAN_POINT('',(117.5,20.5000000000019,36.4383040220042));
#10517=CARTESIAN_POINT('',(117.5,20.5000000000019,1.08488126765249E-13));
#10518=CARTESIAN_POINT('',(139.16,20.5000000000019,11.9922641732078));
#10519=CARTESIAN_POINT('Origin',(101.,20.5000000000019,1.02612665331449E-13));
#10520=CARTESIAN_POINT('',(139.16,20.5000000000019,-11.9922641732075));
#10521=CARTESIAN_POINT('',(139.16,20.5000000000019,1.3129433450317E-13));
#10522=CARTESIAN_POINT('Origin',(101.,20.5000000000019,1.02612665331449E-13));
#10523=CARTESIAN_POINT('Origin',(101.,20.5000000000019,1.02612665331449E-13));
#10524=CARTESIAN_POINT('',(139.16,9.00000000000187,-11.9922641732075));
#10525=CARTESIAN_POINT('',(62.84,9.00000000000187,-11.9922641732076));
#10526=CARTESIAN_POINT('Origin',(101.,9.00000000000188,1.17458693679899E-13));
#10527=CARTESIAN_POINT('',(62.84,20.5000000000019,-11.9922641732076));
#10528=CARTESIAN_POINT('',(139.16,20.5000000000019,-11.9922641732075));
#10529=CARTESIAN_POINT('Origin',(139.16,20.5000000000019,1.3129433450317E-13));
#10530=CARTESIAN_POINT('',(139.16,9.00000000000189,11.9922641732078));
#10531=CARTESIAN_POINT('',(139.16,9.00000000000188,1.4614036285162E-13));
#10532=CARTESIAN_POINT('',(139.16,20.5000000000019,11.9922641732078));
#10533=CARTESIAN_POINT('Origin',(101.,20.5000000000019,1.02612665331449E-13));
#10534=CARTESIAN_POINT('',(117.5,9.00000000000193,36.4383040220042));
#10535=CARTESIAN_POINT('Origin',(101.,9.00000000000188,1.17458693679899E-13));
#10536=CARTESIAN_POINT('',(117.5,20.5000000000019,36.4383040220042));
#10537=CARTESIAN_POINT('Origin',(117.5,20.5000000000019,1.08488126765249E-13));
#10538=CARTESIAN_POINT('',(117.5,9.00000000000194,45.2100000000001));
#10539=CARTESIAN_POINT('',(117.5,9.00000000000188,1.23334155113699E-13));
#10540=CARTESIAN_POINT('',(117.5,20.5000000000019,45.2100000000001));
#10541=CARTESIAN_POINT('Origin',(101.,20.5000000000019,45.2100000000001));
#10542=CARTESIAN_POINT('',(84.5,9.00000000000194,45.2100000000001));
#10543=CARTESIAN_POINT('',(101.,9.00000000000194,45.2100000000001));
#10544=CARTESIAN_POINT('',(84.5,20.5000000000019,45.2100000000001));
#10545=CARTESIAN_POINT('Origin',(84.5,20.5000000000019,1.03263407593129E-13));
#10546=CARTESIAN_POINT('',(84.5,9.00000000000193,36.4383040220042));
#10547=CARTESIAN_POINT('',(84.5,9.00000000000188,1.18109435941579E-13));
#10548=CARTESIAN_POINT('',(84.5,20.5000000000019,36.4383040220042));
#10549=CARTESIAN_POINT('Origin',(101.,20.5000000000019,1.02612665331449E-13));
#10550=CARTESIAN_POINT('',(62.84,9.0000000000019,11.9922641732078));
#10551=CARTESIAN_POINT('Origin',(101.,9.00000000000188,1.17458693679899E-13));
#10552=CARTESIAN_POINT('',(62.84,20.5000000000019,11.9922641732078));
#10553=CARTESIAN_POINT('Origin',(62.84,20.5000000000019,7.39309961597273E-14));
#10554=CARTESIAN_POINT('',(62.84,9.00000000000188,8.87770245081774E-14));
#10555=CARTESIAN_POINT('Origin',(101.,9.00000000000188,1.17458693679899E-13));
#10556=CARTESIAN_POINT('Origin',(101.,-34.4999999999986,9.36886552580112E-13));
#10557=CARTESIAN_POINT('',(102.948557158515,-34.4999999999986,-12.1249999999999));
#10558=CARTESIAN_POINT('Origin',(101.,-34.4999999999986,-10.9999999999999));
#10559=CARTESIAN_POINT('Origin',(101.,-34.4999999999986,9.36886552580112E-13));
#10560=CARTESIAN_POINT('',(93.4222777168861,-34.4999999999986,-6.62499999999986));
#10561=CARTESIAN_POINT('Origin',(91.4737205583712,-34.4999999999986,-5.49999999999987));
#10562=CARTESIAN_POINT('Origin',(101.,-34.4999999999986,9.36886552580112E-13));
#10563=CARTESIAN_POINT('',(93.4222777168861,-34.4999999999986,4.37500000000014));
#10564=CARTESIAN_POINT('Origin',(91.4737205583711,-34.4999999999986,5.50000000000014));
#10565=CARTESIAN_POINT('Origin',(101.,-34.4999999999986,9.36886552580112E-13));
#10566=CARTESIAN_POINT('',(102.948557158515,-34.4999999999986,9.87500000000015));
#10567=CARTESIAN_POINT('Origin',(101.,-34.4999999999986,11.0000000000001));
#10568=CARTESIAN_POINT('Origin',(101.,-34.4999999999986,9.36886552580112E-13));
#10569=CARTESIAN_POINT('',(112.474836600144,-34.4999999999986,4.37500000000016));
#10570=CARTESIAN_POINT('Origin',(110.526279441629,-34.4999999999986,5.50000000000015));
#10571=CARTESIAN_POINT('Origin',(101.,-34.4999999999986,9.36886552580112E-13));
#10572=CARTESIAN_POINT('',(93.3815698604072,-34.4999999999986,-18.6955080756886));
#10573=CARTESIAN_POINT('Origin',(91.,-34.4999999999986,-17.3205080756886));
#10574=CARTESIAN_POINT('Origin',(101.,-34.4999999999986,9.36886552580112E-13));
#10575=CARTESIAN_POINT('',(83.3815698604072,-34.4999999999986,-1.37499999999987));
#10576=CARTESIAN_POINT('Origin',(81.,-34.4999999999986,1.27397138506601E-13));
#10577=CARTESIAN_POINT('Origin',(101.,-34.4999999999986,9.36886552580112E-13));
#10578=CARTESIAN_POINT('',(93.3815698604072,-34.4999999999986,15.9455080756889));
#10579=CARTESIAN_POINT('Origin',(90.9999999999999,-34.4999999999986,17.3205080756889));
#10580=CARTESIAN_POINT('Origin',(101.,-34.4999999999986,9.36886552580112E-13));
#10581=CARTESIAN_POINT('',(113.381569860407,-34.4999999999986,15.9455080756889));
#10582=CARTESIAN_POINT('Origin',(111.,-34.4999999999987,17.3205080756889));
#10583=CARTESIAN_POINT('Origin',(101.,-34.4999999999986,9.36886552580112E-13));
#10584=CARTESIAN_POINT('',(123.381569860407,-34.4999999999986,-1.37499999999983));
#10585=CARTESIAN_POINT('Origin',(121.,-34.4999999999987,1.70969494710527E-13));
#10586=CARTESIAN_POINT('Origin',(101.,-34.4999999999986,9.36886552580112E-13));
#10587=CARTESIAN_POINT('',(113.381569860407,-34.4999999999986,-18.6955080756886));
#10588=CARTESIAN_POINT('Origin',(111.,-34.4999999999986,-17.3205080756886));
#10589=CARTESIAN_POINT('Origin',(101.,-46.0999999999986,1.43309877499614E-13));
#10590=CARTESIAN_POINT('',(75.0192378864668,-46.0999999999986,15.0000000000001));
#10591=CARTESIAN_POINT('Origin',(101.,-46.0999999999986,1.43309877499614E-13));
#10592=CARTESIAN_POINT('',(112.474836600144,-46.0999999999987,-6.62499999999985));
#10593=CARTESIAN_POINT('Origin',(110.526279441629,-46.0999999999987,-5.49999999999985));
#10594=CARTESIAN_POINT('',(102.948557158515,-46.0999999999986,-12.1249999999999));
#10595=CARTESIAN_POINT('Origin',(101.,-46.0999999999986,-10.9999999999999));
#10596=CARTESIAN_POINT('',(93.4222777168861,-46.0999999999986,-6.62499999999986));
#10597=CARTESIAN_POINT('Origin',(91.4737205583711,-46.0999999999986,-5.49999999999987));
#10598=CARTESIAN_POINT('',(93.4222777168861,-46.0999999999986,4.37500000000014));
#10599=CARTESIAN_POINT('Origin',(91.4737205583711,-46.0999999999986,5.50000000000014));
#10600=CARTESIAN_POINT('',(102.948557158515,-46.0999999999986,9.87500000000015));
#10601=CARTESIAN_POINT('Origin',(101.,-46.0999999999986,11.0000000000001));
#10602=CARTESIAN_POINT('',(112.474836600144,-46.0999999999987,4.37500000000015));
#10603=CARTESIAN_POINT('Origin',(110.526279441629,-46.0999999999987,5.50000000000015));
#10604=CARTESIAN_POINT('',(93.3815698604072,-46.0999999999986,-18.6955080756886));
#10605=CARTESIAN_POINT('Origin',(91.,-46.0999999999986,-17.3205080756886));
#10606=CARTESIAN_POINT('',(83.3815698604072,-46.0999999999986,-1.37499999999987));
#10607=CARTESIAN_POINT('Origin',(81.,-46.0999999999986,1.24854368471527E-13));
#10608=CARTESIAN_POINT('',(93.3815698604072,-46.0999999999986,15.9455080756889));
#10609=CARTESIAN_POINT('Origin',(90.9999999999999,-46.0999999999986,17.3205080756889));
#10610=CARTESIAN_POINT('',(113.381569860407,-46.0999999999987,15.9455080756889));
#10611=CARTESIAN_POINT('Origin',(111.,-46.0999999999987,17.3205080756889));
#10612=CARTESIAN_POINT('',(123.381569860407,-46.0999999999987,-1.37499999999983));
#10613=CARTESIAN_POINT('Origin',(121.,-46.0999999999987,1.68426724675453E-13));
#10614=CARTESIAN_POINT('',(113.381569860407,-46.0999999999987,-18.6955080756886));
#10615=CARTESIAN_POINT('Origin',(111.,-46.0999999999987,-17.3205080756886));
#10616=CARTESIAN_POINT('Origin',(101.,-46.0999999999986,1.43309877499614E-13));
#10617=CARTESIAN_POINT('',(75.0192378864668,-34.4999999999986,15.0000000000001));
#10618=CARTESIAN_POINT('Origin',(101.,-34.4999999999986,1.45852647534688E-13));
#10619=CARTESIAN_POINT('',(75.0192378864668,-46.0999999999986,15.0000000000001));
#10620=CARTESIAN_POINT('Origin',(111.,-46.0999999999987,-17.3205080756886));
#10621=CARTESIAN_POINT('',(113.381569860407,-46.0999999999987,-18.6955080756886));
#10622=CARTESIAN_POINT('Origin',(121.,-46.0999999999987,1.68426724675453E-13));
#10623=CARTESIAN_POINT('',(123.381569860407,-46.0999999999987,-1.37499999999983));
#10624=CARTESIAN_POINT('Origin',(111.,-46.0999999999987,17.3205080756889));
#10625=CARTESIAN_POINT('',(113.381569860407,-46.0999999999987,15.9455080756889));
#10626=CARTESIAN_POINT('Origin',(90.9999999999999,-46.0999999999986,17.3205080756889));
#10627=CARTESIAN_POINT('',(93.3815698604072,-46.0999999999986,15.9455080756889));
#10628=CARTESIAN_POINT('Origin',(81.,-46.0999999999986,1.24854368471527E-13));
#10629=CARTESIAN_POINT('',(83.3815698604072,-46.0999999999986,-1.37499999999987));
#10630=CARTESIAN_POINT('Origin',(91.,-46.0999999999986,-17.3205080756886));
#10631=CARTESIAN_POINT('',(93.3815698604072,-46.0999999999986,-18.6955080756886));
#10632=CARTESIAN_POINT('Origin',(110.526279441629,-46.0999999999987,5.50000000000015));
#10633=CARTESIAN_POINT('',(112.474836600144,-46.0999999999987,4.37500000000015));
#10634=CARTESIAN_POINT('Origin',(101.,-46.0999999999986,11.0000000000001));
#10635=CARTESIAN_POINT('',(102.948557158515,-46.0999999999986,9.87500000000015));
#10636=CARTESIAN_POINT('Origin',(91.4737205583711,-46.0999999999986,5.50000000000014));
#10637=CARTESIAN_POINT('',(93.4222777168861,-46.0999999999986,4.37500000000014));
#10638=CARTESIAN_POINT('Origin',(91.4737205583711,-46.0999999999986,-5.49999999999987));
#10639=CARTESIAN_POINT('',(93.4222777168861,-46.0999999999986,-6.62499999999986));
#10640=CARTESIAN_POINT('Origin',(101.,-46.0999999999986,-10.9999999999999));
#10641=CARTESIAN_POINT('',(102.948557158515,-46.0999999999986,-12.1249999999999));
#10642=CARTESIAN_POINT('Origin',(110.526279441629,-46.0999999999987,-5.49999999999985));
#10643=CARTESIAN_POINT('',(112.474836600144,-46.0999999999987,-6.62499999999985));
#10644=CARTESIAN_POINT('Origin',(101.,-34.4999999999986,1.45852647534688E-13));
#10645=CARTESIAN_POINT('Origin',(129.145825622994,-33.4999999999986,16.2500000000007));
#10646=CARTESIAN_POINT('Origin',(101.,-33.4999999999986,41.2500000000001));
#10647=CARTESIAN_POINT('Origin',(101.,-33.4999999999987,-41.2499999999999));
#10648=CARTESIAN_POINT('Origin',(-194.999320186185,2.19999999999645,-27.8051261894068));
#10649=CARTESIAN_POINT('',(-103.000679813815,2.19999999999657,27.8051261894066));
#10650=CARTESIAN_POINT('Origin',(-149.,2.1999999999965,-1.11896869322322E-13));
#10651=CARTESIAN_POINT('',(-145.576794776842,2.19999999999649,2.06921869316504));
#10652=CARTESIAN_POINT('Origin',(-149.,2.1999999999965,-1.11896869322322E-13));
#10653=CARTESIAN_POINT('Origin',(-184.087853537369,-31.3000000000035,-21.2094916049428));
#10654=CARTESIAN_POINT('',(-103.000679813815,-31.3000000000034,27.8051261894066));
#10655=CARTESIAN_POINT('Origin',(-149.,-31.3000000000035,-3.94550655743607E-14));
#10656=CARTESIAN_POINT('',(-113.912146462631,-31.3000000000035,21.2094916049427));
#10657=CARTESIAN_POINT('Origin',(-149.,-31.3000000000035,-3.94550655743607E-14));
#10658=CARTESIAN_POINT('Origin',(-176.813542438158,-39.3000000000035,-16.8124018819668));
#10659=CARTESIAN_POINT('',(-149.,-39.3000000000001,32.5));
#10660=CARTESIAN_POINT('',(-157.670439949946,-39.3,40.0727272727273));
#10661=CARTESIAN_POINT('Origin',(-149.,-39.3000000000034,41.25));
#10662=CARTESIAN_POINT('',(-157.670439949946,-39.3000000000002,-40.0727272727273));
#10663=CARTESIAN_POINT('Origin',(-149.,-39.3000000000035,-2.21555303509669E-14));
#10664=CARTESIAN_POINT('',(-149.,-39.3000000000001,-32.5));
#10665=CARTESIAN_POINT('Origin',(-149.,-39.3000000000036,-41.2499999999999));
#10666=CARTESIAN_POINT('Origin',(-149.,-39.3000000000035,-2.21555303509669E-14));
#10667=CARTESIAN_POINT('',(-156.384160306572,-39.3000000000036,-34.8282184683404));
#10668=CARTESIAN_POINT('Origin',(-157.796232461125,-39.3000000000036,-35.6817711792711));
#10669=CARTESIAN_POINT('',(-179.038625833211,-39.3000000000035,-18.1573940325242));
#10670=CARTESIAN_POINT('Origin',(-180.450697987764,-39.3000000000035,-19.0109467434548));
#10671=CARTESIAN_POINT('',(-183.269699024718,-39.3000000000035,9.64978517205524));
#10672=CARTESIAN_POINT('Origin',(-184.681771179271,-39.3000000000035,8.79623246112462));
#10673=CARTESIAN_POINT('',(-166.598874588902,-39.3000000000034,32.3042506986943));
#10674=CARTESIAN_POINT('Origin',(-168.010946743455,-39.3000000000034,31.4506979877637));
#10675=CARTESIAN_POINT('Origin',(-171.678734603421,-32.3000000000035,-13.7085738422191));
#10676=CARTESIAN_POINT('',(-121.186457561842,-32.3000000000035,16.8124018819668));
#10677=CARTESIAN_POINT('Origin',(-149.,-32.3000000000035,-3.72926236714365E-14));
#10678=CARTESIAN_POINT('',(-126.321265396578,-32.3000000000035,13.7085738422191));
#10679=CARTESIAN_POINT('Origin',(-149.,-32.3000000000035,-3.72926236714365E-14));
#10680=CARTESIAN_POINT('Origin',(-149.,-40.3000000000035,-1.99930884480427E-14));
#10681=CARTESIAN_POINT('',(-137.660632698289,-40.3000000000035,6.85428692110949));
#10682=CARTESIAN_POINT('Origin',(-139.586185636316,-40.3000000000035,5.6903514062041));
#10683=CARTESIAN_POINT('Origin',(-149.,-40.3000000000035,-1.99930884480427E-14));
#10684=CARTESIAN_POINT('',(-126.321265396578,-40.3000000000035,13.7085738422191));
#10685=CARTESIAN_POINT('Origin',(-149.,-40.3000000000035,-1.99930884480427E-14));
#10686=CARTESIAN_POINT('',(-126.321265396578,-40.3000000000035,13.7085738422191));
#10687=CARTESIAN_POINT('Origin',(-149.,-40.3000000000035,-1.99930884480427E-14));
#10688=CARTESIAN_POINT('',(-121.186457561842,-39.3000000000035,16.8124018819668));
#10689=CARTESIAN_POINT('',(-121.186457561842,-40.3000000000035,16.8124018819668));
#10690=CARTESIAN_POINT('Origin',(-149.,-39.3000000000035,-2.21555303509669E-14));
#10691=CARTESIAN_POINT('Origin',(-149.,-39.3000000000035,-2.21555303509669E-14));
#10692=CARTESIAN_POINT('Origin',(-149.,-40.3000000000035,-1.99930884480427E-14));
#10693=CARTESIAN_POINT('',(-113.912146462631,-39.3000000000035,21.2094916049427));
#10694=CARTESIAN_POINT('Origin',(-149.,-39.3000000000035,-2.21555303509669E-14));
#10695=CARTESIAN_POINT('',(-113.912146462631,-40.3000000000034,21.2094916049427));
#10696=CARTESIAN_POINT('Origin',(-149.,-39.3000000000035,-2.21555303509669E-14));
#10697=CARTESIAN_POINT('Origin',(-149.,-40.3000000000035,-1.99930884480427E-14));
#10698=CARTESIAN_POINT('',(-103.000679813815,-40.3000000000034,27.8051261894067));
#10699=CARTESIAN_POINT('Origin',(-149.,-40.3000000000035,-1.99930884480427E-14));
#10700=CARTESIAN_POINT('',(-145.576794776842,3.19999999999652,2.06921869316503));
#10701=CARTESIAN_POINT('',(-145.576794776842,-40.3000000000035,2.06921869316513));
#10702=CARTESIAN_POINT('Origin',(-149.,3.19999999999652,-1.14059311225247E-13));
#10703=CARTESIAN_POINT('Origin',(-129.004039838975,-29.9000000000035,0.401966713438107));
#10704=CARTESIAN_POINT('',(-129.004039838975,-28.6381927000456,0.401966713438105));
#10705=CARTESIAN_POINT('',(-127.206857096817,-29.9000000000035,1.48830652734981));
#10706=CARTESIAN_POINT('',(-127.206857096817,-29.9000000000035,1.48830652734981));
#10707=CARTESIAN_POINT('Origin',(-129.004039838975,-29.9000000000035,0.401966713438107));
#10708=CARTESIAN_POINT('Origin',(-129.004039838975,-40.3000000000035,0.401966713438129));
#10709=CARTESIAN_POINT('',(-127.206857096817,-40.3000000000035,1.48830652734983));
#10710=CARTESIAN_POINT('',(-127.206857096817,-40.3000000000035,1.48830652734983));
#10711=CARTESIAN_POINT('Origin',(-129.004039838975,-40.3000000000035,0.401966713438129));
#10712=CARTESIAN_POINT('Origin',(-139.350133304801,-29.9000000000034,17.517992829228));
#10713=CARTESIAN_POINT('',(-139.350133304801,-28.6381927000456,17.517992829228));
#10714=CARTESIAN_POINT('',(-137.552950562643,-29.9000000000034,18.6043326431397));
#10715=CARTESIAN_POINT('',(-137.552950562643,-29.9000000000034,18.6043326431397));
#10716=CARTESIAN_POINT('Origin',(-139.350133304801,-29.9000000000034,17.517992829228));
#10717=CARTESIAN_POINT('Origin',(-139.350133304801,-40.3000000000035,17.5179928292281));
#10718=CARTESIAN_POINT('',(-137.552950562643,-40.3000000000035,18.6043326431398));
#10719=CARTESIAN_POINT('',(-137.552950562643,-40.3000000000035,18.6043326431398));
#10720=CARTESIAN_POINT('Origin',(-139.350133304801,-40.3000000000035,17.5179928292281));
#10721=CARTESIAN_POINT('Origin',(-159.346093465826,-29.9000000000034,17.1160261157898));
#10722=CARTESIAN_POINT('',(-159.346093465826,-28.6381927000456,17.1160261157898));
#10723=CARTESIAN_POINT('',(-157.548910723668,-29.9000000000034,18.2023659297015));
#10724=CARTESIAN_POINT('',(-157.548910723668,-29.9000000000034,18.2023659297015));
#10725=CARTESIAN_POINT('Origin',(-159.346093465826,-29.9000000000034,17.1160261157898));
#10726=CARTESIAN_POINT('Origin',(-159.346093465826,-40.3000000000035,17.1160261157898));
#10727=CARTESIAN_POINT('',(-157.548910723668,-40.3000000000035,18.2023659297015));
#10728=CARTESIAN_POINT('',(-157.548910723668,-40.3000000000035,18.2023659297015));
#10729=CARTESIAN_POINT('Origin',(-159.346093465826,-40.3000000000035,17.1160261157898));
#10730=CARTESIAN_POINT('Origin',(-168.995960161025,-29.9000000000035,-0.401966713438335));
#10731=CARTESIAN_POINT('',(-168.995960161025,-28.6381927000456,-0.401966713438335));
#10732=CARTESIAN_POINT('',(-167.198777418867,-29.9000000000035,0.684373100473373));
#10733=CARTESIAN_POINT('',(-167.198777418867,-29.9000000000035,0.684373100473367));
#10734=CARTESIAN_POINT('Origin',(-168.995960161025,-29.9000000000035,-0.401966713438335));
#10735=CARTESIAN_POINT('Origin',(-168.995960161025,-40.3000000000035,-0.401966713438313));
#10736=CARTESIAN_POINT('',(-167.198777418867,-40.3000000000035,0.684373100473387));
#10737=CARTESIAN_POINT('',(-167.198777418867,-40.3000000000035,0.684373100473387));
#10738=CARTESIAN_POINT('Origin',(-168.995960161025,-40.3000000000035,-0.401966713438313));
#10739=CARTESIAN_POINT('Origin',(-158.649866695199,-29.9000000000035,-17.5179928292282));
#10740=CARTESIAN_POINT('',(-158.649866695199,-28.6381927000456,-17.5179928292282));
#10741=CARTESIAN_POINT('',(-156.852683953041,-29.9000000000035,-16.4316530153165));
#10742=CARTESIAN_POINT('',(-156.852683953041,-29.9000000000035,-16.4316530153165));
#10743=CARTESIAN_POINT('Origin',(-158.649866695199,-29.9000000000035,-17.5179928292282));
#10744=CARTESIAN_POINT('Origin',(-158.649866695199,-40.3000000000035,-17.5179928292282));
#10745=CARTESIAN_POINT('',(-156.852683953041,-40.3000000000035,-16.4316530153165));
#10746=CARTESIAN_POINT('',(-156.852683953041,-40.3000000000035,-16.4316530153165));
#10747=CARTESIAN_POINT('Origin',(-158.649866695199,-40.3000000000035,-17.5179928292282));
#10748=CARTESIAN_POINT('Origin',(-138.653906534174,-29.9000000000035,-17.1160261157898));
#10749=CARTESIAN_POINT('',(-138.653906534174,-28.6381927000456,-17.1160261157898));
#10750=CARTESIAN_POINT('',(-136.856723792016,-29.9000000000035,-16.0296863018781));
#10751=CARTESIAN_POINT('',(-136.856723792016,-29.9000000000035,-16.0296863018781));
#10752=CARTESIAN_POINT('Origin',(-138.653906534174,-29.9000000000035,-17.1160261157898));
#10753=CARTESIAN_POINT('Origin',(-138.653906534174,-40.3000000000035,-17.1160261157898));
#10754=CARTESIAN_POINT('',(-136.856723792016,-40.3000000000035,-16.0296863018781));
#10755=CARTESIAN_POINT('',(-136.856723792016,-40.3000000000035,-16.0296863018781));
#10756=CARTESIAN_POINT('Origin',(-138.653906534174,-40.3000000000035,-17.1160261157898));
#10757=CARTESIAN_POINT('Origin',(-168.010946743455,-29.2000000000034,31.4506979877637));
#10758=CARTESIAN_POINT('',(-168.010946743455,-28.2085799786079,31.4506979877637));
#10759=CARTESIAN_POINT('',(-166.598874588902,-29.2000000000034,32.3042506986943));
#10760=CARTESIAN_POINT('',(-166.598874588902,-29.2000000000034,32.3042506986943));
#10761=CARTESIAN_POINT('Origin',(-168.010946743455,-29.2000000000034,31.4506979877637));
#10762=CARTESIAN_POINT('Origin',(-168.010946743455,-39.3000000000034,31.4506979877637));
#10763=CARTESIAN_POINT('',(-166.598874588902,-39.3000000000034,32.3042506986943));
#10764=CARTESIAN_POINT('Origin',(-184.681771179271,-29.2000000000035,8.79623246112459));
#10765=CARTESIAN_POINT('',(-184.681771179271,-28.208579978608,8.7962324611246));
#10766=CARTESIAN_POINT('',(-183.269699024718,-29.2000000000035,9.64978517205522));
#10767=CARTESIAN_POINT('',(-183.269699024718,-29.2000000000035,9.64978517205522));
#10768=CARTESIAN_POINT('Origin',(-184.681771179271,-29.2000000000035,8.79623246112459));
#10769=CARTESIAN_POINT('Origin',(-184.681771179271,-39.3000000000035,8.79623246112462));
#10770=CARTESIAN_POINT('',(-183.269699024718,-39.3000000000035,9.64978517205524));
#10771=CARTESIAN_POINT('Origin',(-180.450697987764,-29.2000000000035,-19.0109467434548));
#10772=CARTESIAN_POINT('',(-180.450697987764,-28.2085799786081,-19.0109467434548));
#10773=CARTESIAN_POINT('',(-179.038625833211,-29.2000000000035,-18.1573940325242));
#10774=CARTESIAN_POINT('',(-179.038625833211,-29.2000000000035,-18.1573940325242));
#10775=CARTESIAN_POINT('Origin',(-180.450697987764,-29.2000000000035,-19.0109467434548));
#10776=CARTESIAN_POINT('Origin',(-180.450697987764,-39.3000000000035,-19.0109467434548));
#10777=CARTESIAN_POINT('',(-179.038625833211,-39.3000000000035,-18.1573940325242));
#10778=CARTESIAN_POINT('Origin',(-157.796232461125,-29.2000000000036,-35.6817711792711));
#10779=CARTESIAN_POINT('',(-157.796232461125,-28.2085799786081,-35.6817711792711));
#10780=CARTESIAN_POINT('',(-156.384160306572,-29.2000000000036,-34.8282184683405));
#10781=CARTESIAN_POINT('',(-156.384160306572,-29.2000000000036,-34.8282184683405));
#10782=CARTESIAN_POINT('Origin',(-157.796232461125,-29.2000000000036,-35.6817711792711));
#10783=CARTESIAN_POINT('Origin',(-157.796232461125,-39.3000000000036,-35.6817711792711));
#10784=CARTESIAN_POINT('',(-156.384160306572,-39.3000000000036,-34.8282184683404));
#10785=CARTESIAN_POINT('Origin',(-149.,14.6999999999939,-1.74255373113793E-13));
#10786=CARTESIAN_POINT('',(-187.16,14.6999999999939,11.9922641732075));
#10787=CARTESIAN_POINT('',(-187.16,14.6999999999939,-11.9922641732079));
#10788=CARTESIAN_POINT('',(-187.16,14.6999999999939,-2.02937042285514E-13));
#10789=CARTESIAN_POINT('',(-165.5,14.6999999999939,36.4383040220039));
#10790=CARTESIAN_POINT('Origin',(-149.,14.6999999999939,-1.74255373113793E-13));
#10791=CARTESIAN_POINT('',(-165.5,14.699999999994,45.2099999999998));
#10792=CARTESIAN_POINT('',(-165.5,14.6999999999939,-1.73604630852113E-13));
#10793=CARTESIAN_POINT('',(-132.5,14.699999999994,45.2099999999998));
#10794=CARTESIAN_POINT('',(-149.,14.699999999994,45.2099999999998));
#10795=CARTESIAN_POINT('',(-132.5,14.6999999999939,36.4383040220039));
#10796=CARTESIAN_POINT('',(-132.5,14.6999999999939,-1.68379911679992E-13));
#10797=CARTESIAN_POINT('',(-110.84,14.6999999999939,11.9922641732075));
#10798=CARTESIAN_POINT('Origin',(-149.,14.6999999999939,-1.74255373113793E-13));
#10799=CARTESIAN_POINT('',(-110.84,14.6999999999939,-11.9922641732078));
#10800=CARTESIAN_POINT('',(-110.84,14.6999999999939,-1.45573703942072E-13));
#10801=CARTESIAN_POINT('Origin',(-149.,14.6999999999939,-1.74255373113793E-13));
#10802=CARTESIAN_POINT('Origin',(-149.,14.6999999999939,-1.74255373113793E-13));
#10803=CARTESIAN_POINT('',(-110.84,3.19999999999387,-11.9922641732078));
#10804=CARTESIAN_POINT('',(-187.16,3.19999999999388,-11.9922641732079));
#10805=CARTESIAN_POINT('Origin',(-149.,3.19999999999389,-1.59409344765343E-13));
#10806=CARTESIAN_POINT('',(-187.16,14.6999999999939,-11.9922641732079));
#10807=CARTESIAN_POINT('',(-110.84,14.6999999999939,-11.9922641732078));
#10808=CARTESIAN_POINT('Origin',(-110.84,14.6999999999939,-1.45573703942072E-13));
#10809=CARTESIAN_POINT('',(-110.84,3.1999999999939,11.9922641732075));
#10810=CARTESIAN_POINT('',(-110.84,3.19999999999389,-1.30727675593622E-13));
#10811=CARTESIAN_POINT('',(-110.84,14.6999999999939,11.9922641732075));
#10812=CARTESIAN_POINT('Origin',(-149.,14.6999999999939,-1.74255373113793E-13));
#10813=CARTESIAN_POINT('',(-132.5,3.19999999999394,36.4383040220039));
#10814=CARTESIAN_POINT('Origin',(-149.,3.19999999999389,-1.59409344765343E-13));
#10815=CARTESIAN_POINT('',(-132.5,14.6999999999939,36.4383040220039));
#10816=CARTESIAN_POINT('Origin',(-132.5,14.6999999999939,-1.68379911679992E-13));
#10817=CARTESIAN_POINT('',(-132.5,3.19999999999395,45.2099999999999));
#10818=CARTESIAN_POINT('',(-132.5,3.19999999999389,-1.53533883331542E-13));
#10819=CARTESIAN_POINT('',(-132.5,14.699999999994,45.2099999999998));
#10820=CARTESIAN_POINT('Origin',(-149.,14.699999999994,45.2099999999998));
#10821=CARTESIAN_POINT('',(-165.5,3.19999999999395,45.2099999999998));
#10822=CARTESIAN_POINT('',(-149.,3.19999999999395,45.2099999999998));
#10823=CARTESIAN_POINT('',(-165.5,14.699999999994,45.2099999999998));
#10824=CARTESIAN_POINT('Origin',(-165.5,14.6999999999939,-1.73604630852113E-13));
#10825=CARTESIAN_POINT('',(-165.5,3.19999999999394,36.4383040220039));
#10826=CARTESIAN_POINT('',(-165.5,3.19999999999389,-1.58758602503662E-13));
#10827=CARTESIAN_POINT('',(-165.5,14.6999999999939,36.4383040220039));
#10828=CARTESIAN_POINT('Origin',(-149.,14.6999999999939,-1.74255373113793E-13));
#10829=CARTESIAN_POINT('',(-187.16,3.19999999999391,11.9922641732075));
#10830=CARTESIAN_POINT('Origin',(-149.,3.19999999999389,-1.59409344765343E-13));
#10831=CARTESIAN_POINT('',(-187.16,14.6999999999939,11.9922641732075));
#10832=CARTESIAN_POINT('Origin',(-187.16,14.6999999999939,-2.02937042285514E-13));
#10833=CARTESIAN_POINT('',(-187.16,3.19999999999389,-1.88091013937064E-13));
#10834=CARTESIAN_POINT('Origin',(-149.,3.19999999999389,-1.59409344765343E-13));
#10835=CARTESIAN_POINT('Origin',(-149.,-40.3000000000035,-1.99930884480427E-14));
#10836=CARTESIAN_POINT('',(-147.295528754365,-40.3000000000035,12.161713603469));
#10837=CARTESIAN_POINT('Origin',(-149.221081692391,-40.3000000000035,10.9977780885636));
#10838=CARTESIAN_POINT('Origin',(-149.,-40.3000000000035,-1.99930884480427E-14));
#10839=CARTESIAN_POINT('',(-156.709343118049,-40.3000000000035,6.47136219726484));
#10840=CARTESIAN_POINT('Origin',(-158.634896056076,-40.3000000000035,5.30742668235945));
#10841=CARTESIAN_POINT('Origin',(-149.,-40.3000000000035,-1.99930884480427E-14));
#10842=CARTESIAN_POINT('',(-156.488261425658,-40.3000000000035,-4.52641589129876));
#10843=CARTESIAN_POINT('Origin',(-158.413814363684,-40.3000000000035,-5.69035140620415));
#10844=CARTESIAN_POINT('Origin',(-149.,-40.3000000000035,-1.99930884480427E-14));
#10845=CARTESIAN_POINT('',(-146.853365369583,-40.3000000000035,-9.83384257365823));
#10846=CARTESIAN_POINT('Origin',(-148.778918307609,-40.3000000000035,-10.9977780885636));
#10847=CARTESIAN_POINT('Origin',(-149.,-40.3000000000035,-1.99930884480427E-14));
#10848=CARTESIAN_POINT('',(-137.439551005898,-40.3000000000035,-4.1434911674541));
#10849=CARTESIAN_POINT('Origin',(-139.365103943925,-40.3000000000035,-5.30742668235949));
#10850=CARTESIAN_POINT('Origin',(-149.,-40.3000000000035,-1.99930884480427E-14));
#10851=CARTESIAN_POINT('',(-156.992639874905,-40.3000000000035,18.5386139673408));
#10852=CARTESIAN_POINT('Origin',(-159.346093465826,-40.3000000000035,17.1160261157898));
#10853=CARTESIAN_POINT('Origin',(-149.,-40.3000000000035,-1.99930884480427E-14));
#10854=CARTESIAN_POINT('',(-166.642506570104,-40.3000000000035,1.02062113811269));
#10855=CARTESIAN_POINT('Origin',(-168.995960161025,-40.3000000000035,-0.401966713438344));
#10856=CARTESIAN_POINT('Origin',(-149.,-40.3000000000035,-1.99930884480427E-14));
#10857=CARTESIAN_POINT('',(-156.296413104278,-40.3000000000035,-16.0954049776771));
#10858=CARTESIAN_POINT('Origin',(-158.649866695199,-40.3000000000035,-17.5179928292282));
#10859=CARTESIAN_POINT('Origin',(-149.,-40.3000000000035,-1.99930884480427E-14));
#10860=CARTESIAN_POINT('',(-136.300452943253,-40.3000000000035,-15.6934382642388));
#10861=CARTESIAN_POINT('Origin',(-138.653906534174,-40.3000000000035,-17.1160261157898));
#10862=CARTESIAN_POINT('Origin',(-149.,-40.3000000000035,-1.99930884480427E-14));
#10863=CARTESIAN_POINT('',(-126.650586248054,-40.3000000000035,1.82455456498932));
#10864=CARTESIAN_POINT('Origin',(-129.004039838975,-40.3000000000035,0.401966713438288));
#10865=CARTESIAN_POINT('Origin',(-149.,-40.3000000000035,-1.99930884480427E-14));
#10866=CARTESIAN_POINT('',(-136.99667971388,-40.3000000000035,18.9405806807791));
#10867=CARTESIAN_POINT('Origin',(-139.350133304801,-40.3000000000035,17.5179928292281));
#10868=CARTESIAN_POINT('Origin',(-149.,-51.9000000000035,-1.5196924981662E-14));
#10869=CARTESIAN_POINT('',(-174.674039173685,-51.9000000000035,-15.5191401987385));
#10870=CARTESIAN_POINT('Origin',(-149.,-51.9000000000035,-1.5196924981662E-14));
#10871=CARTESIAN_POINT('',(-137.660632698289,-51.9000000000035,6.8542869211095));
#10872=CARTESIAN_POINT('Origin',(-139.586185636316,-51.9000000000035,5.69035140620411));
#10873=CARTESIAN_POINT('',(-147.295528754365,-51.9000000000035,12.161713603469));
#10874=CARTESIAN_POINT('Origin',(-149.221081692391,-51.9000000000035,10.9977780885636));
#10875=CARTESIAN_POINT('',(-156.709343118049,-51.9000000000035,6.47136219726485));
#10876=CARTESIAN_POINT('Origin',(-158.634896056076,-51.9000000000035,5.30742668235946));
#10877=CARTESIAN_POINT('',(-156.488261425658,-51.9000000000035,-4.52641589129875));
#10878=CARTESIAN_POINT('Origin',(-158.413814363684,-51.9000000000035,-5.69035140620414));
#10879=CARTESIAN_POINT('',(-146.853365369583,-51.9000000000035,-9.83384257365822));
#10880=CARTESIAN_POINT('Origin',(-148.778918307609,-51.9000000000035,-10.9977780885636));
#10881=CARTESIAN_POINT('',(-137.439551005898,-51.9000000000035,-4.14349116745409));
#10882=CARTESIAN_POINT('Origin',(-139.365103943925,-51.9000000000035,-5.30742668235948));
#10883=CARTESIAN_POINT('',(-156.992639874905,-51.9000000000035,18.5386139673408));
#10884=CARTESIAN_POINT('Origin',(-159.346093465826,-51.9000000000035,17.1160261157898));
#10885=CARTESIAN_POINT('',(-166.642506570104,-51.9000000000035,1.0206211381127));
#10886=CARTESIAN_POINT('Origin',(-168.995960161025,-51.9000000000035,-0.401966713438335));
#10887=CARTESIAN_POINT('',(-156.296413104278,-51.9000000000035,-16.0954049776771));
#10888=CARTESIAN_POINT('Origin',(-158.649866695199,-51.9000000000035,-17.5179928292282));
#10889=CARTESIAN_POINT('',(-136.300452943253,-51.9000000000035,-15.6934382642388));
#10890=CARTESIAN_POINT('Origin',(-138.653906534174,-51.9000000000035,-17.1160261157898));
#10891=CARTESIAN_POINT('',(-126.650586248054,-51.9000000000035,1.82455456498933));
#10892=CARTESIAN_POINT('Origin',(-129.004039838975,-51.9000000000035,0.401966713438297));
#10893=CARTESIAN_POINT('',(-136.99667971388,-51.9000000000035,18.9405806807792));
#10894=CARTESIAN_POINT('Origin',(-139.350133304801,-51.9000000000035,17.5179928292281));
#10895=CARTESIAN_POINT('Origin',(-149.,-40.3000000000035,-2.4297772631172E-14));
#10896=CARTESIAN_POINT('',(-174.674039173685,-40.3000000000035,-15.5191401987386));
#10897=CARTESIAN_POINT('',(-174.674039173685,-40.3000000000035,-15.5191401987386));
#10898=CARTESIAN_POINT('Origin',(-149.,-40.3000000000035,-2.4297772631172E-14));
#10899=CARTESIAN_POINT('Origin',(-139.350133304801,-40.3000000000035,17.5179928292281));
#10900=CARTESIAN_POINT('',(-136.99667971388,-40.3000000000035,18.9405806807791));
#10901=CARTESIAN_POINT('Origin',(-129.004039838975,-40.3000000000035,0.401966713438288));
#10902=CARTESIAN_POINT('',(-126.650586248054,-40.3000000000035,1.82455456498932));
#10903=CARTESIAN_POINT('Origin',(-138.653906534174,-40.3000000000035,-17.1160261157898));
#10904=CARTESIAN_POINT('',(-136.300452943253,-40.3000000000035,-15.6934382642388));
#10905=CARTESIAN_POINT('Origin',(-158.649866695199,-40.3000000000035,-17.5179928292282));
#10906=CARTESIAN_POINT('',(-156.296413104278,-40.3000000000035,-16.0954049776771));
#10907=CARTESIAN_POINT('Origin',(-168.995960161025,-40.3000000000035,-0.401966713438344));
#10908=CARTESIAN_POINT('',(-166.642506570104,-40.3000000000035,1.02062113811269));
#10909=CARTESIAN_POINT('Origin',(-159.346093465826,-40.3000000000035,17.1160261157898));
#10910=CARTESIAN_POINT('',(-156.992639874905,-40.3000000000035,18.5386139673408));
#10911=CARTESIAN_POINT('Origin',(-139.365103943925,-40.3000000000035,-5.30742668235949));
#10912=CARTESIAN_POINT('',(-137.439551005898,-40.3000000000035,-4.1434911674541));
#10913=CARTESIAN_POINT('Origin',(-148.778918307609,-40.3000000000035,-10.9977780885636));
#10914=CARTESIAN_POINT('',(-146.853365369583,-40.3000000000035,-9.83384257365823));
#10915=CARTESIAN_POINT('Origin',(-158.413814363684,-40.3000000000035,-5.69035140620415));
#10916=CARTESIAN_POINT('',(-156.488261425658,-40.3000000000035,-4.52641589129876));
#10917=CARTESIAN_POINT('Origin',(-158.634896056076,-40.3000000000035,5.30742668235945));
#10918=CARTESIAN_POINT('',(-156.709343118049,-40.3000000000035,6.47136219726484));
#10919=CARTESIAN_POINT('Origin',(-149.221081692391,-40.3000000000035,10.9977780885636));
#10920=CARTESIAN_POINT('',(-147.295528754365,-40.3000000000035,12.161713603469));
#10921=CARTESIAN_POINT('Origin',(-139.586185636316,-40.3000000000035,5.6903514062041));
#10922=CARTESIAN_POINT('',(-137.660632698289,-40.3000000000035,6.85428692110949));
#10923=CARTESIAN_POINT('Origin',(-149.,-40.3000000000035,-2.4297772631172E-14));
#10924=CARTESIAN_POINT('Origin',(-79.,-45.3000000000001,8.61324073221574E-14));
#10925=CARTESIAN_POINT('',(-79.,-39.5000000000001,5.00000000000008));
#10926=CARTESIAN_POINT('',(-79.,-39.5000000000001,-4.99999999999993));
#10927=CARTESIAN_POINT('Origin',(-79.,-39.5000000000001,7.80832903936249E-14));
#10928=CARTESIAN_POINT('',(-79.,-45.3000000000001,5.00000000000009));
#10929=CARTESIAN_POINT('',(-79.,24.6272498996635,4.99999999999999));
#10930=CARTESIAN_POINT('',(-79.,-45.3000000000001,-4.99999999999992));
#10931=CARTESIAN_POINT('Origin',(-79.,-45.3000000000001,8.29458666791462E-14));
#10932=CARTESIAN_POINT('',(-79.,24.6272498996635,-5.00000000000001));
#10933=CARTESIAN_POINT('Origin',(-94.5,24.6272498996635,-45.));
#10934=CARTESIAN_POINT('',(-113.85387645842,-39.5000000000002,-45.));
#10935=CARTESIAN_POINT('',(-113.85387645842,-45.3000000000002,-45.));
#10936=CARTESIAN_POINT('',(-113.85387645842,24.6272498996634,-45.));
#10937=CARTESIAN_POINT('',(-94.5,-45.3000000000002,-44.9999999999999));
#10938=CARTESIAN_POINT('',(-94.5,-45.3000000000002,-44.9999999999999));
#10939=CARTESIAN_POINT('',(-94.5,-39.5000000000002,-44.9999999999999));
#10940=CARTESIAN_POINT('',(-94.5,24.6272498996635,-45.));
#10941=CARTESIAN_POINT('',(-94.5,-39.5000000000002,-44.9999999999999));
#10942=CARTESIAN_POINT('Origin',(-113.85387645842,24.6272498996635,-39.));
#10943=CARTESIAN_POINT('',(-117.870576291744,-39.5000000000002,-34.5428571428571));
#10944=CARTESIAN_POINT('',(-117.870576291744,-45.3000000000001,-34.5428571428571));
#10945=CARTESIAN_POINT('',(-117.870576291744,24.6272498996635,-34.5428571428572));
#10946=CARTESIAN_POINT('Origin',(-113.85387645842,-45.3000000000001,-38.9999999999999));
#10947=CARTESIAN_POINT('Origin',(-113.85387645842,-39.5000000000002,-39.));
#10948=CARTESIAN_POINT('Origin',(-149.,24.6272498996635,-4.0930853719149E-14));
#10949=CARTESIAN_POINT('',(-103.532135142566,-39.5000000000001,-9.74285714285707));
#10950=CARTESIAN_POINT('',(-103.532135142566,-45.3000000000001,-9.74285714285706));
#10951=CARTESIAN_POINT('',(-103.532135142566,24.6272498996635,-9.74285714285715));
#10952=CARTESIAN_POINT('Origin',(-149.,-45.3000000000001,5.61126998900063E-14));
#10953=CARTESIAN_POINT('Origin',(-149.,-39.5000000000001,4.80635829614739E-14));
#10954=CARTESIAN_POINT('Origin',(-97.6653138706391,24.6272498996635,-11.));
#10955=CARTESIAN_POINT('',(-97.6653138706391,-39.5000000000001,-4.99999999999994));
#10956=CARTESIAN_POINT('',(-97.6653138706391,-45.3000000000001,-4.99999999999993));
#10957=CARTESIAN_POINT('',(-97.6653138706391,24.6272498996635,-5.00000000000003));
#10958=CARTESIAN_POINT('Origin',(-97.6653138706391,-45.3000000000001,-10.9999999999999));
#10959=CARTESIAN_POINT('Origin',(-97.6653138706391,-39.5000000000001,-10.9999999999999));
#10960=CARTESIAN_POINT('Origin',(-74.1668522645212,24.6272498996635,-5.00000000000001));
#10961=CARTESIAN_POINT('',(-74.1668522645212,-39.5000000000001,-4.99999999999992));
#10962=CARTESIAN_POINT('',(-74.1668522645212,-45.3000000000001,-4.99999999999991));
#10963=CARTESIAN_POINT('Origin',(-74.1668522645212,24.6272498996635,4.99999999999999));
#10964=CARTESIAN_POINT('',(-97.6653138706391,-45.3000000000001,5.00000000000009));
#10965=CARTESIAN_POINT('',(-74.1668522645212,-45.3000000000001,5.00000000000009));
#10966=CARTESIAN_POINT('',(-97.6653138706391,-39.5000000000001,5.00000000000008));
#10967=CARTESIAN_POINT('',(-74.1668522645212,-39.5000000000001,5.00000000000008));
#10968=CARTESIAN_POINT('',(-97.6653138706391,24.6272498996635,4.99999999999999));
#10969=CARTESIAN_POINT('Origin',(-97.6653138706391,24.6272498996635,11.));
#10970=CARTESIAN_POINT('',(-103.532135142566,-39.5000000000001,9.74285714285722));
#10971=CARTESIAN_POINT('',(-103.532135142566,-45.3000000000001,9.74285714285723));
#10972=CARTESIAN_POINT('',(-103.532135142566,24.6272498996635,9.74285714285713));
#10973=CARTESIAN_POINT('Origin',(-97.6653138706391,-45.3000000000001,11.0000000000001));
#10974=CARTESIAN_POINT('Origin',(-97.6653138706391,-39.5000000000001,11.0000000000001));
#10975=CARTESIAN_POINT('Origin',(-149.,24.6272498996635,-4.0930853719149E-14));
#10976=CARTESIAN_POINT('',(-117.870576291744,-39.5000000000001,34.5428571428572));
#10977=CARTESIAN_POINT('',(-117.870576291744,-45.3,34.5428571428572));
#10978=CARTESIAN_POINT('',(-117.870576291744,24.6272498996636,34.5428571428571));
#10979=CARTESIAN_POINT('Origin',(-149.,-45.3000000000001,5.61126998900063E-14));
#10980=CARTESIAN_POINT('Origin',(-149.,-39.5000000000001,4.80635829614739E-14));
#10981=CARTESIAN_POINT('Origin',(-113.85387645842,24.6272498996636,39.));
#10982=CARTESIAN_POINT('',(-113.85387645842,-39.5,45.0000000000001));
#10983=CARTESIAN_POINT('',(-113.85387645842,-45.3,45.0000000000001));
#10984=CARTESIAN_POINT('',(-113.85387645842,24.6272498996636,45.));
#10985=CARTESIAN_POINT('Origin',(-113.85387645842,-45.3,39.0000000000001));
#10986=CARTESIAN_POINT('Origin',(-113.85387645842,-39.5,39.0000000000001));
#10987=CARTESIAN_POINT('Origin',(-94.5,24.6272498996636,45.));
#10988=CARTESIAN_POINT('',(-94.5000000000001,-39.5,45.0000000000001));
#10989=CARTESIAN_POINT('',(-94.5000000000001,-45.3,45.0000000000001));
#10990=CARTESIAN_POINT('',(-94.5,24.6272498996636,45.));
#10991=CARTESIAN_POINT('',(-94.5000000000001,-45.3,45.0000000000001));
#10992=CARTESIAN_POINT('',(-94.5000000000001,-39.5,45.0000000000001));
#10993=CARTESIAN_POINT('Origin',(-149.,-35.3000000000002,-45.75));
#10994=CARTESIAN_POINT('',(-149.,-39.3000000000002,-41.5));
#10995=CARTESIAN_POINT('',(-149.,-39.3000000000002,-50.));
#10996=CARTESIAN_POINT('Origin',(-149.,-39.3000000000002,-45.75));
#10997=CARTESIAN_POINT('',(-149.,-35.3000000000002,-41.5));
#10998=CARTESIAN_POINT('',(-149.,-35.3000000000002,-41.5));
#10999=CARTESIAN_POINT('',(-149.,-35.3000000000002,-50.));
#11000=CARTESIAN_POINT('Origin',(-149.,-35.3000000000002,-45.75));
#11001=CARTESIAN_POINT('',(-149.,-45.3000000000002,-49.9999999999999));
#11002=CARTESIAN_POINT('Origin',(-149.,-30.5,45.75));
#11003=CARTESIAN_POINT('',(-149.,-39.3,50.));
#11004=CARTESIAN_POINT('',(-149.,-39.3,41.5));
#11005=CARTESIAN_POINT('Origin',(-149.,-39.3,45.75));
#11006=CARTESIAN_POINT('',(-149.,-35.3,50.));
#11007=CARTESIAN_POINT('',(-149.,-45.3,50.0000000000001));
#11008=CARTESIAN_POINT('',(-149.,-35.3,41.5));
#11009=CARTESIAN_POINT('Origin',(-149.,-35.3,45.75));
#11010=CARTESIAN_POINT('',(-149.,-35.3,41.5));
#11011=CARTESIAN_POINT('Origin',(-149.,-30.5000000000002,-41.25));
#11012=CARTESIAN_POINT('Origin',(-149.,-39.3000000000002,-41.2499999999999));
#11013=CARTESIAN_POINT('',(-149.,-45.3000000000002,-49.9999999999999));
#11014=CARTESIAN_POINT('',(-149.,-45.3000000000002,-49.9999999999999));
#11015=CARTESIAN_POINT('',(-149.,-45.3000000000001,-32.4999999999999));
#11016=CARTESIAN_POINT('Origin',(-149.,-45.3000000000002,-41.2499999999999));
#11017=CARTESIAN_POINT('',(-149.,-30.5000000000001,-32.5));
#11018=CARTESIAN_POINT('Origin',(-149.,-30.5,41.25));
#11019=CARTESIAN_POINT('',(-149.,-45.3,50.0000000000001));
#11020=CARTESIAN_POINT('',(-149.,-45.3,50.0000000000001));
#11021=CARTESIAN_POINT('Origin',(-149.,-39.3,41.25));
#11022=CARTESIAN_POINT('',(-149.,-45.3,32.5000000000001));
#11023=CARTESIAN_POINT('',(-149.,-30.5000000000001,32.5));
#11024=CARTESIAN_POINT('Origin',(-149.,-45.3,41.25));
#11025=CARTESIAN_POINT('Origin',(-149.,-45.3000000000001,27.0000000000001));
#11026=CARTESIAN_POINT('',(-7.5,-39.5000000000001,27.0000000000001));
#11027=CARTESIAN_POINT('',(-46.,-39.5,27.0000000000001));
#11028=CARTESIAN_POINT('',(101.,-39.5,27.0000000000001));
#11029=CARTESIAN_POINT('',(-46.,-30.5000000000001,27.0000000000001));
#11030=CARTESIAN_POINT('',(-46.,-45.3000000000001,27.0000000000001));
#11031=CARTESIAN_POINT('',(-7.5,-30.5,27.0000000000001));
#11032=CARTESIAN_POINT('',(-149.,-30.5000000000001,27.0000000000001));
#11033=CARTESIAN_POINT('',(-7.5,-45.3000000000001,27.0000000000001));
#11034=CARTESIAN_POINT('Origin',(-7.5,-45.3000000000001,19.5000000000001));
#11035=CARTESIAN_POINT('Origin',(-7.5,-30.5000000000001,19.5000000000001));
#11036=CARTESIAN_POINT('',(1.66533453693773E-15,-39.5000000000001,19.5000000000001));
#11037=CARTESIAN_POINT('',(0.,-45.3000000000001,19.5000000000001));
#11038=CARTESIAN_POINT('Origin',(-7.5,-39.5000000000001,19.5000000000001));
#11039=CARTESIAN_POINT('Origin',(9.43689570931383E-15,-45.3000000000001,
1.17353655602246E-13));
#11040=CARTESIAN_POINT('',(2.02615701994091E-14,-39.5000000000001,-19.4999999999999));
#11041=CARTESIAN_POINT('',(1.85962356624714E-14,-45.3000000000001,-19.4999999999999));
#11042=CARTESIAN_POINT('',(1.11022302462516E-14,-39.5000000000001,1.09304538673713E-13));
#11043=CARTESIAN_POINT('Origin',(-7.49999999999998,-45.3000000000001,-19.4999999999999));
#11044=CARTESIAN_POINT('',(-7.49999999999997,-30.5000000000001,-26.9999999999999));
#11045=CARTESIAN_POINT('Origin',(-7.49999999999998,-30.5000000000001,-19.4999999999999));
#11046=CARTESIAN_POINT('',(-7.49999999999998,-39.5000000000001,-26.9999999999999));
#11047=CARTESIAN_POINT('',(-7.49999999999998,-45.3000000000001,-26.9999999999999));
#11048=CARTESIAN_POINT('Origin',(-7.49999999999998,-39.5000000000001,-19.4999999999999));
#11049=CARTESIAN_POINT('Origin',(-149.,-45.3000000000001,-27.));
#11050=CARTESIAN_POINT('',(-46.,-30.5000000000001,-27.));
#11051=CARTESIAN_POINT('',(-149.,-30.5000000000001,-27.));
#11052=CARTESIAN_POINT('',(-46.,-39.5000000000001,-26.9999999999999));
#11053=CARTESIAN_POINT('',(-46.,-45.3000000000001,-26.9999999999999));
#11054=CARTESIAN_POINT('',(101.,-39.5000000000001,-26.9999999999999));
#11055=CARTESIAN_POINT('Origin',(-46.,-45.3000000000001,-19.4999999999999));
#11056=CARTESIAN_POINT('',(-53.5,-30.5000000000001,-19.4999999999999));
#11057=CARTESIAN_POINT('Origin',(-46.,-30.5000000000001,-19.4999999999999));
#11058=CARTESIAN_POINT('',(-53.5,-39.5000000000001,-19.4999999999999));
#11059=CARTESIAN_POINT('',(-53.5,-45.3000000000001,-19.4999999999999));
#11060=CARTESIAN_POINT('Origin',(-46.,-39.5000000000001,-19.4999999999999));
#11061=CARTESIAN_POINT('Origin',(-53.5,-45.3000000000001,9.53644533834216E-14));
#11062=CARTESIAN_POINT('',(-53.5,-39.5000000000001,19.5000000000001));
#11063=CARTESIAN_POINT('',(-53.5,-39.5000000000001,8.73153364548891E-14));
#11064=CARTESIAN_POINT('',(-53.5,-30.5000000000001,19.5000000000001));
#11065=CARTESIAN_POINT('',(-53.5,-30.5000000000001,7.4825327427856E-14));
#11066=CARTESIAN_POINT('',(-53.5,-45.3000000000001,19.5000000000001));
#11067=CARTESIAN_POINT('Origin',(-46.,-45.3000000000001,19.5000000000001));
#11068=CARTESIAN_POINT('Origin',(-46.,-30.5000000000001,19.5000000000001));
#11069=CARTESIAN_POINT('Origin',(-46.,-39.5000000000001,19.5000000000001));
#11070=CARTESIAN_POINT('Origin',(-149.,-39.5000000000001,4.80635829614739E-14));
#11071=CARTESIAN_POINT('',(-105.647515990171,-30.5000000000001,-33.8461538461538));
#11072=CARTESIAN_POINT('',(-105.647515990171,-30.5,33.8461538461539));
#11073=CARTESIAN_POINT('Origin',(-149.,-30.5000000000001,3.55735739344408E-14));
#11074=CARTESIAN_POINT('',(-105.647515990171,-35.3000000000001,-33.8461538461538));
#11075=CARTESIAN_POINT('',(-105.647515990171,-39.5000000000001,-33.8461538461538));
#11076=CARTESIAN_POINT('',(-105.647515990171,-35.3,33.8461538461539));
#11077=CARTESIAN_POINT('Origin',(-149.,-35.3000000000001,4.22349120821918E-14));
#11078=CARTESIAN_POINT('',(-105.647515990171,-39.5,33.8461538461539));
#11079=CARTESIAN_POINT('Origin',(-149.,-45.3000000000001,5.61126998900063E-14));
#11080=CARTESIAN_POINT('Origin',(-149.,-45.3000000000001,5.61126998900063E-14));
#11081=CARTESIAN_POINT('Origin',(-149.,-45.3,50.0000000000001));
#11082=CARTESIAN_POINT('',(-94.5000000000001,-39.5,50.0000000000001));
#11083=CARTESIAN_POINT('',(-94.5000000000001,-45.3,50.0000000000001));
#11084=CARTESIAN_POINT('',(-94.5,24.6272498996636,50.));
#11085=CARTESIAN_POINT('',(101.,-39.5,50.0000000000001));
#11086=CARTESIAN_POINT('',(101.,-39.5,50.0000000000001));
#11087=CARTESIAN_POINT('',(101.,-33.5,50.0000000000001));
#11088=CARTESIAN_POINT('',(101.,-39.5,50.0000000000001));
#11089=CARTESIAN_POINT('',(101.,-30.5,50.0000000000001));
#11090=CARTESIAN_POINT('',(101.,-39.5,50.0000000000001));
#11091=CARTESIAN_POINT('',(-97.765246170202,-30.5,50.0000000000001));
#11092=CARTESIAN_POINT('',(101.,-30.5,50.0000000000001));
#11093=CARTESIAN_POINT('',(-97.7652461702021,-35.3,50.0000000000001));
#11094=CARTESIAN_POINT('',(-97.7652461702021,-45.3,50.0000000000001));
#11095=CARTESIAN_POINT('',(-149.,-35.3,50.));
#11096=CARTESIAN_POINT('',(-149.,-45.3,50.0000000000001));
#11097=CARTESIAN_POINT('Origin',(-93.0983005625053,-45.3000000000002,-49.9999999999999));
#11098=CARTESIAN_POINT('',(-94.5,-39.5000000000002,-49.9999999999999));
#11099=CARTESIAN_POINT('',(101.,-39.5000000000002,-49.9999999999999));
#11100=CARTESIAN_POINT('',(101.,-39.5000000000002,-49.9999999999999));
#11101=CARTESIAN_POINT('',(-94.5,-45.3000000000002,-49.9999999999999));
#11102=CARTESIAN_POINT('',(-94.5,24.6272498996634,-50.));
#11103=CARTESIAN_POINT('',(-93.0983005625053,-45.3000000000002,-49.9999999999999));
#11104=CARTESIAN_POINT('',(-97.765246170202,-35.3000000000002,-49.9999999999999));
#11105=CARTESIAN_POINT('',(-93.0983005625053,-35.3000000000002,-49.9999999999999));
#11106=CARTESIAN_POINT('',(-97.765246170202,-30.5000000000002,-50.));
#11107=CARTESIAN_POINT('',(-97.765246170202,-45.3000000000002,-49.9999999999999));
#11108=CARTESIAN_POINT('',(101.,-30.5000000000002,-49.9999999999999));
#11109=CARTESIAN_POINT('',(101.,-30.5000000000002,-49.9999999999999));
#11110=CARTESIAN_POINT('',(101.,-33.5000000000001,-49.9999999999999));
#11111=CARTESIAN_POINT('',(101.,-39.5000000000002,-49.9999999999999));
#11112=CARTESIAN_POINT('',(101.,-39.5000000000002,-49.9999999999999));
#11113=CARTESIAN_POINT('Origin',(101.,-30.5000000000001,1.38326855330816E-13));
#11114=CARTESIAN_POINT('',(101.,-30.5000000000001,-41.4999999999999));
#11115=CARTESIAN_POINT('',(101.,-30.5,41.5000000000001));
#11116=CARTESIAN_POINT('Origin',(101.,-30.5000000000001,1.38326855330816E-13));
#11117=CARTESIAN_POINT('',(101.,-33.5,41.5000000000001));
#11118=CARTESIAN_POINT('',(101.,-30.5,41.5000000000001));
#11119=CARTESIAN_POINT('',(101.,-33.5000000000001,-41.4999999999999));
#11120=CARTESIAN_POINT('Origin',(101.,-33.5000000000001,1.4249019167316E-13));
#11121=CARTESIAN_POINT('',(101.,-30.5000000000001,-41.4999999999999));
#11122=CARTESIAN_POINT('Origin',(-149.,-30.5000000000001,3.55735739344408E-14));
#11123=CARTESIAN_POINT('Origin',(101.,-30.5,45.7500000000001));
#11124=CARTESIAN_POINT('Origin',(101.,-30.5000000000001,-45.7499999999999));
#11125=CARTESIAN_POINT('Origin',(-97.765246170202,-30.5000000000002,-40.));
#11126=CARTESIAN_POINT('Origin',(-97.7652461702021,-30.5,40.0000000000001));
#11127=CARTESIAN_POINT('Origin',(101.,-39.5000000000001,1.50816864357849E-13));
#11128=CARTESIAN_POINT('',(101.,-39.5,32.5000000000001));
#11129=CARTESIAN_POINT('',(101.,-39.5000000000001,-32.4999999999998));
#11130=CARTESIAN_POINT('Origin',(101.,-39.5000000000001,1.50816864357849E-13));
#11131=CARTESIAN_POINT('Origin',(101.,-39.5,41.2500000000001));
#11132=CARTESIAN_POINT('Origin',(-94.5000000000001,-39.5,47.5000000000001));
#11133=CARTESIAN_POINT('Origin',(-94.5,-39.5000000000002,-47.4999999999999));
#11134=CARTESIAN_POINT('Origin',(101.,-39.5000000000001,-41.2499999999998));
#11135=CARTESIAN_POINT('',(98.0699081348406,-39.5000000000002,-34.835695514886));
#11136=CARTESIAN_POINT('Origin',(101.,-39.5000000000002,-36.7499999999998));
#11137=CARTESIAN_POINT('',(61.3199081348406,-39.5000000000001,1.91430448511402));
#11138=CARTESIAN_POINT('Origin',(64.25,-39.5000000000001,1.75511973469126E-13));
#11139=CARTESIAN_POINT('',(18.5,-39.5000000000001,-14.9999999999998));
#11140=CARTESIAN_POINT('Origin',(15.,-39.5000000000001,-14.9999999999998));
#11141=CARTESIAN_POINT('',(8.50000000000002,-39.5000000000001,-14.9999999999999));
#11142=CARTESIAN_POINT('Origin',(5.00000000000002,-39.5000000000001,-14.9999999999999));
#11143=CARTESIAN_POINT('Origin',(-149.,-39.3000000000001,4.77860272053176E-14));
#11144=CARTESIAN_POINT('Origin',(-149.,-39.3000000000001,4.77860272053176E-14));
#11145=CARTESIAN_POINT('Origin',(-149.,-35.3000000000001,4.22349120821918E-14));
#11146=CARTESIAN_POINT('Origin',(-149.,-35.3000000000001,4.22349120821918E-14));
#11147=CARTESIAN_POINT('Origin',(-97.7652461702021,-35.3,40.0000000000001));
#11148=CARTESIAN_POINT('Origin',(-97.765246170202,-35.3000000000002,-39.9999999999999));
#11149=CARTESIAN_POINT('Origin',(-149.,-45.3000000000001,5.61126998900063E-14));
#11150=CARTESIAN_POINT('Origin',(-94.5000000000001,-45.3,47.5000000000001));
#11151=CARTESIAN_POINT('Origin',(-94.5,-45.3000000000002,-47.4999999999999));
#11152=CARTESIAN_POINT('',(-125.943917656554,-45.3,27.9004786937195));
#11153=CARTESIAN_POINT('Origin',(-123.013825791394,-45.3,25.9861742086057));
#11154=CARTESIAN_POINT('',(-125.943917656554,-45.3000000000001,-24.0718697234917));
#11155=CARTESIAN_POINT('Origin',(-123.013825791394,-45.3000000000001,-25.9861742086056));
#11156=CARTESIAN_POINT('',(-151.930091865159,-45.3,38.6643044851139));
#11157=CARTESIAN_POINT('Origin',(-149.,-45.3,36.75));
#11158=CARTESIAN_POINT('Origin',(-149.,-35.3000000000001,4.22349120821918E-14));
#11159=CARTESIAN_POINT('Origin',(101.,-39.5000000000001,1.50816864357849E-13));
#11160=CARTESIAN_POINT('',(101.,-30.5000000000001,-32.4999999999998));
#11161=CARTESIAN_POINT('',(101.,-30.5,32.5000000000001));
#11162=CARTESIAN_POINT('Origin',(-97.765246170202,-39.5000000000002,-39.9999999999999));
#11163=CARTESIAN_POINT('Origin',(-97.7652461702021,-39.5,40.0000000000001));
#11164=CARTESIAN_POINT('Origin',(101.,-30.5000000000001,-41.2499999999999));
#11165=CARTESIAN_POINT('Origin',(101.,-33.5000000000001,-41.2499999999999));
#11166=CARTESIAN_POINT('Origin',(101.,-30.5,41.2500000000001));
#11167=CARTESIAN_POINT('Origin',(101.,-33.5,41.2500000000001));
#11168=CARTESIAN_POINT('Origin',(101.,-30.5,45.7500000000001));
#11169=CARTESIAN_POINT('Origin',(101.,-33.5,45.7500000000001));
#11170=CARTESIAN_POINT('Origin',(101.,-30.5000000000001,-45.7499999999999));
#11171=CARTESIAN_POINT('Origin',(101.,-33.5000000000001,-45.7499999999999));
#11172=CARTESIAN_POINT('Origin',(-94.5,24.6272498996636,47.5));
#11173=CARTESIAN_POINT('Origin',(-94.5,24.6272498996634,-47.5));
#11174=CARTESIAN_POINT('Origin',(101.,-33.5000000000001,1.4249019167316E-13));
#11175=CARTESIAN_POINT('Origin',(-149.,-47.3,36.7500000000001));
#11176=CARTESIAN_POINT('',(-148.052664963036,-47.3,38.2000194232287));
#11177=CARTESIAN_POINT('',(-149.782086138015,-47.3,38.2954259195203));
#11178=CARTESIAN_POINT('',(-148.052664963036,-47.3,38.2000194232287));
#11179=CARTESIAN_POINT('',(-150.729421174979,-47.3,36.8454064962917));
#11180=CARTESIAN_POINT('',(-149.782086138015,-47.3,38.2954259195203));
#11181=CARTESIAN_POINT('',(-149.947335036964,-47.3,35.2999805767714));
#11182=CARTESIAN_POINT('',(-150.729421174979,-47.3,36.8454064962917));
#11183=CARTESIAN_POINT('',(-148.217913861985,-47.3,35.2045740804798));
#11184=CARTESIAN_POINT('',(-149.947335036964,-47.3,35.2999805767714));
#11185=CARTESIAN_POINT('',(-147.270578825021,-47.3,36.6545935037084));
#11186=CARTESIAN_POINT('',(-148.217913861985,-47.3,35.2045740804798));
#11187=CARTESIAN_POINT('',(-147.270578825021,-47.3,36.6545935037084));
#11188=CARTESIAN_POINT('Origin',(-149.782086138015,-47.3,38.2954259195203));
#11189=CARTESIAN_POINT('',(-149.782086138015,-49.3,38.2954259195203));
#11190=CARTESIAN_POINT('',(-150.729421174979,-49.3,36.8454064962917));
#11191=CARTESIAN_POINT('',(-149.782086138015,-49.3,38.2954259195203));
#11192=CARTESIAN_POINT('',(-150.729421174979,-47.3,36.8454064962917));
#11193=CARTESIAN_POINT('',(-149.782086138015,-47.3,38.2954259195203));
#11194=CARTESIAN_POINT('Origin',(-150.729421174979,-47.3,36.8454064962917));
#11195=CARTESIAN_POINT('',(-149.947335036964,-49.3000000000001,35.2999805767714));
#11196=CARTESIAN_POINT('',(-150.729421174979,-49.3,36.8454064962917));
#11197=CARTESIAN_POINT('',(-149.947335036964,-47.3,35.2999805767714));
#11198=CARTESIAN_POINT('Origin',(-149.947335036964,-47.3,35.2999805767714));
#11199=CARTESIAN_POINT('',(-148.217913861985,-49.3000000000001,35.2045740804798));
#11200=CARTESIAN_POINT('',(-149.947335036964,-49.3000000000001,35.2999805767714));
#11201=CARTESIAN_POINT('',(-148.217913861985,-47.3,35.2045740804798));
#11202=CARTESIAN_POINT('Origin',(-148.217913861985,-47.3,35.2045740804798));
#11203=CARTESIAN_POINT('',(-147.270578825021,-49.3,36.6545935037084));
#11204=CARTESIAN_POINT('',(-148.217913861985,-49.3000000000001,35.2045740804798));
#11205=CARTESIAN_POINT('',(-147.270578825021,-47.3,36.6545935037084));
#11206=CARTESIAN_POINT('Origin',(-147.270578825021,-47.3,36.6545935037084));
#11207=CARTESIAN_POINT('',(-148.052664963036,-49.3,38.2000194232287));
#11208=CARTESIAN_POINT('',(-147.270578825021,-49.3,36.6545935037084));
#11209=CARTESIAN_POINT('',(-148.052664963036,-47.3,38.2000194232287));
#11210=CARTESIAN_POINT('Origin',(-148.052664963036,-47.3,38.2000194232287));
#11211=CARTESIAN_POINT('',(-148.052664963036,-49.3,38.2000194232287));
#11212=CARTESIAN_POINT('Origin',(-149.,-49.3,36.7500000000001));
#11213=CARTESIAN_POINT('',(-151.930091865159,-49.3,38.6643044851139));
#11214=CARTESIAN_POINT('Origin',(-149.,-49.3,36.7500000000001));
#11215=CARTESIAN_POINT('Origin',(-149.,-45.3,36.75));
#11216=CARTESIAN_POINT('',(-151.930091865159,-45.3,38.6643044851139));
#11217=CARTESIAN_POINT('Origin',(14.,7.49999999999988,-12.9903810567667));
#11218=CARTESIAN_POINT('',(14.,5.83843015483701,-13.4794471562312));
#11219=CARTESIAN_POINT('',(14.,7.09275874368449,-14.6738758025722));
#11220=CARTESIAN_POINT('',(14.,5.83843015483701,-13.4794471562312));
#11221=CARTESIAN_POINT('',(14.,8.75432858884736,-14.1848097031076));
#11222=CARTESIAN_POINT('',(14.,7.09275874368449,-14.6738758025722));
#11223=CARTESIAN_POINT('',(14.,9.16156984516275,-12.5013149573022));
#11224=CARTESIAN_POINT('',(14.,8.75432858884736,-14.1848097031076));
#11225=CARTESIAN_POINT('',(14.,7.90724125631528,-11.3068863109612));
#11226=CARTESIAN_POINT('',(14.,9.16156984516275,-12.5013149573022));
#11227=CARTESIAN_POINT('',(14.,6.24567141115241,-11.7959524104257));
#11228=CARTESIAN_POINT('',(14.,7.90724125631528,-11.3068863109612));
#11229=CARTESIAN_POINT('',(14.,6.24567141115241,-11.7959524104257));
#11230=CARTESIAN_POINT('Origin',(14.,7.09275874368449,-14.6738758025722));
#11231=CARTESIAN_POINT('',(16.,7.09275874368449,-14.6738758025722));
#11232=CARTESIAN_POINT('',(16.,8.75432858884736,-14.1848097031076));
#11233=CARTESIAN_POINT('',(16.,7.09275874368449,-14.6738758025722));
#11234=CARTESIAN_POINT('',(14.,8.75432858884736,-14.1848097031076));
#11235=CARTESIAN_POINT('',(14.,7.09275874368449,-14.6738758025722));
#11236=CARTESIAN_POINT('Origin',(14.,8.75432858884736,-14.1848097031076));
#11237=CARTESIAN_POINT('',(16.,9.16156984516275,-12.5013149573022));
#11238=CARTESIAN_POINT('',(16.,8.75432858884736,-14.1848097031076));
#11239=CARTESIAN_POINT('',(14.,9.16156984516275,-12.5013149573022));
#11240=CARTESIAN_POINT('Origin',(14.,9.16156984516275,-12.5013149573022));
#11241=CARTESIAN_POINT('',(16.,7.90724125631528,-11.3068863109612));
#11242=CARTESIAN_POINT('',(16.,9.16156984516275,-12.5013149573022));
#11243=CARTESIAN_POINT('',(14.,7.90724125631528,-11.3068863109612));
#11244=CARTESIAN_POINT('Origin',(14.,7.90724125631528,-11.3068863109612));
#11245=CARTESIAN_POINT('',(16.,6.24567141115241,-11.7959524104257));
#11246=CARTESIAN_POINT('',(16.,7.90724125631528,-11.3068863109612));
#11247=CARTESIAN_POINT('',(14.,6.24567141115241,-11.7959524104257));
#11248=CARTESIAN_POINT('Origin',(14.,6.24567141115241,-11.7959524104257));
#11249=CARTESIAN_POINT('',(16.,5.83843015483701,-13.4794471562312));
#11250=CARTESIAN_POINT('',(16.,6.24567141115241,-11.7959524104257));
#11251=CARTESIAN_POINT('',(14.,5.83843015483701,-13.4794471562312));
#11252=CARTESIAN_POINT('Origin',(14.,5.83843015483701,-13.4794471562312));
#11253=CARTESIAN_POINT('',(16.,5.83843015483701,-13.4794471562312));
#11254=CARTESIAN_POINT('Origin',(-4.00000000000002,5.95551444621463,-13.4449845918922));
#11255=CARTESIAN_POINT('',(-4.00000000000002,7.95460353512544,-14.5348666105519));
#11256=CARTESIAN_POINT('Origin',(-4.00000000000002,7.49999999999988,-12.9903810567667));
#11257=CARTESIAN_POINT('Origin',(16.,7.49999999999988,-12.9903810567667));
#11258=CARTESIAN_POINT('',(16.,8.48826855462065,-16.3479583476042));
#11259=CARTESIAN_POINT('Origin',(16.,7.49999999999988,-12.9903810567667));
#11260=CARTESIAN_POINT('Origin',(12.,7.49999999999988,-12.9903810567667));
#11261=CARTESIAN_POINT('',(12.,8.48826855462065,-16.3479583476042));
#11262=CARTESIAN_POINT('Origin',(-3.61000000000002,7.49999999999988,-12.9903810567667));
#11263=CARTESIAN_POINT('',(-3.61000000000002,8.06472488835461,-14.908996651531));
#11264=CARTESIAN_POINT('Origin',(-3.61000000000002,7.49999999999988,-12.9903810567667));
#11265=CARTESIAN_POINT('',(-3.61000000000002,8.06472488835461,-14.908996651531));
#11266=CARTESIAN_POINT('Origin',(12.,7.49999999999988,-12.9903810567667));
#11267=CARTESIAN_POINT('',(12.,8.06472488835461,-14.908996651531));
#11268=CARTESIAN_POINT('Origin',(12.,7.49999999999988,-12.9903810567667));
#11269=CARTESIAN_POINT('',(12.,8.06472488835461,-14.908996651531));
#11270=CARTESIAN_POINT('Origin',(12.,7.49999999999988,-12.9903810567667));
#11271=CARTESIAN_POINT('Origin',(14.,7.50000000000005,12.9903810567666));
#11272=CARTESIAN_POINT('',(14.,5.83843015483718,12.501314957302));
#11273=CARTESIAN_POINT('',(14.,7.09275874368466,11.3068863109611));
#11274=CARTESIAN_POINT('',(14.,5.83843015483718,12.501314957302));
#11275=CARTESIAN_POINT('',(14.,8.75432858884753,11.7959524104256));
#11276=CARTESIAN_POINT('',(14.,7.09275874368466,11.3068863109611));
#11277=CARTESIAN_POINT('',(14.,9.16156984516292,13.4794471562311));
#11278=CARTESIAN_POINT('',(14.,8.75432858884753,11.7959524104256));
#11279=CARTESIAN_POINT('',(14.,7.90724125631544,14.673875802572));
#11280=CARTESIAN_POINT('',(14.,9.16156984516292,13.4794471562311));
#11281=CARTESIAN_POINT('',(14.,6.24567141115257,14.1848097031075));
#11282=CARTESIAN_POINT('',(14.,7.90724125631544,14.673875802572));
#11283=CARTESIAN_POINT('',(14.,6.24567141115257,14.1848097031075));
#11284=CARTESIAN_POINT('Origin',(14.,7.09275874368466,11.3068863109611));
#11285=CARTESIAN_POINT('',(16.,7.09275874368466,11.3068863109611));
#11286=CARTESIAN_POINT('',(16.,8.75432858884753,11.7959524104256));
#11287=CARTESIAN_POINT('',(16.,7.09275874368466,11.3068863109611));
#11288=CARTESIAN_POINT('',(14.,8.75432858884753,11.7959524104256));
#11289=CARTESIAN_POINT('',(14.,7.09275874368466,11.3068863109611));
#11290=CARTESIAN_POINT('Origin',(14.,8.75432858884753,11.7959524104256));
#11291=CARTESIAN_POINT('',(16.,9.16156984516292,13.4794471562311));
#11292=CARTESIAN_POINT('',(16.,8.75432858884753,11.7959524104256));
#11293=CARTESIAN_POINT('',(14.,9.16156984516292,13.4794471562311));
#11294=CARTESIAN_POINT('Origin',(14.,9.16156984516292,13.4794471562311));
#11295=CARTESIAN_POINT('',(16.,7.90724125631544,14.673875802572));
#11296=CARTESIAN_POINT('',(16.,9.16156984516292,13.4794471562311));
#11297=CARTESIAN_POINT('',(14.,7.90724125631544,14.673875802572));
#11298=CARTESIAN_POINT('Origin',(14.,7.90724125631544,14.673875802572));
#11299=CARTESIAN_POINT('',(16.,6.24567141115258,14.1848097031075));
#11300=CARTESIAN_POINT('',(16.,7.90724125631544,14.673875802572));
#11301=CARTESIAN_POINT('',(14.,6.24567141115257,14.1848097031075));
#11302=CARTESIAN_POINT('Origin',(14.,6.24567141115257,14.1848097031075));
#11303=CARTESIAN_POINT('',(16.,5.83843015483718,12.501314957302));
#11304=CARTESIAN_POINT('',(16.,6.24567141115258,14.1848097031075));
#11305=CARTESIAN_POINT('',(14.,5.83843015483718,12.501314957302));
#11306=CARTESIAN_POINT('Origin',(14.,5.83843015483718,12.501314957302));
#11307=CARTESIAN_POINT('',(16.,5.83843015483718,12.501314957302));
#11308=CARTESIAN_POINT('Origin',(-4.00000000000001,5.95551444621479,12.535777521641));
#11309=CARTESIAN_POINT('',(-4.00000000000001,7.9546035351256,11.4458955029813));
#11310=CARTESIAN_POINT('Origin',(-4.00000000000001,7.50000000000005,12.9903810567666));
#11311=CARTESIAN_POINT('Origin',(16.,7.50000000000005,12.9903810567666));
#11312=CARTESIAN_POINT('',(16.,8.48826855462082,9.63280376592906));
#11313=CARTESIAN_POINT('Origin',(16.,7.50000000000005,12.9903810567666));
#11314=CARTESIAN_POINT('Origin',(12.,7.50000000000005,12.9903810567666));
#11315=CARTESIAN_POINT('',(12.,8.48826855462082,9.63280376592906));
#11316=CARTESIAN_POINT('Origin',(-3.61000000000001,7.50000000000005,12.9903810567666));
#11317=CARTESIAN_POINT('',(-3.61000000000001,8.06472488835478,11.0717654620023));
#11318=CARTESIAN_POINT('Origin',(-3.61000000000001,7.50000000000005,12.9903810567666));
#11319=CARTESIAN_POINT('',(-3.61000000000001,8.06472488835478,11.0717654620023));
#11320=CARTESIAN_POINT('Origin',(12.,7.50000000000005,12.9903810567666));
#11321=CARTESIAN_POINT('',(12.,8.06472488835478,11.0717654620023));
#11322=CARTESIAN_POINT('Origin',(12.,7.50000000000005,12.9903810567666));
#11323=CARTESIAN_POINT('',(12.,8.06472488835478,11.0717654620023));
#11324=CARTESIAN_POINT('Origin',(12.,7.50000000000005,12.9903810567666));
#11325=CARTESIAN_POINT('Origin',(14.,-15.,3.21477922374183E-14));
#11326=CARTESIAN_POINT('',(14.,-16.6615698451629,-0.48906609946449));
#11327=CARTESIAN_POINT('',(14.,-15.4072412563154,-1.68349474580545));
#11328=CARTESIAN_POINT('',(14.,-16.6615698451629,-0.48906609946449));
#11329=CARTESIAN_POINT('',(14.,-13.7456714111525,-1.19442864634093));
#11330=CARTESIAN_POINT('',(14.,-15.4072412563154,-1.68349474580545));
#11331=CARTESIAN_POINT('',(14.,-13.3384301548371,0.489066099464554));
#11332=CARTESIAN_POINT('',(14.,-13.7456714111525,-1.19442864634093));
#11333=CARTESIAN_POINT('',(14.,-14.5927587436846,1.68349474580551));
#11334=CARTESIAN_POINT('',(14.,-13.3384301548371,0.489066099464554));
#11335=CARTESIAN_POINT('',(14.,-16.2543285888475,1.19442864634099));
#11336=CARTESIAN_POINT('',(14.,-14.5927587436846,1.68349474580551));
#11337=CARTESIAN_POINT('',(14.,-16.2543285888475,1.19442864634099));
#11338=CARTESIAN_POINT('Origin',(14.,-15.4072412563154,-1.68349474580545));
#11339=CARTESIAN_POINT('',(16.,-15.4072412563154,-1.68349474580545));
#11340=CARTESIAN_POINT('',(16.,-13.7456714111525,-1.19442864634093));
#11341=CARTESIAN_POINT('',(16.,-15.4072412563154,-1.68349474580545));
#11342=CARTESIAN_POINT('',(14.,-13.7456714111525,-1.19442864634093));
#11343=CARTESIAN_POINT('',(14.,-15.4072412563154,-1.68349474580545));
#11344=CARTESIAN_POINT('Origin',(14.,-13.7456714111525,-1.19442864634093));
#11345=CARTESIAN_POINT('',(16.,-13.3384301548371,0.489066099464554));
#11346=CARTESIAN_POINT('',(16.,-13.7456714111525,-1.19442864634093));
#11347=CARTESIAN_POINT('',(14.,-13.3384301548371,0.489066099464554));
#11348=CARTESIAN_POINT('Origin',(14.,-13.3384301548371,0.489066099464554));
#11349=CARTESIAN_POINT('',(16.,-14.5927587436846,1.68349474580551));
#11350=CARTESIAN_POINT('',(16.,-13.3384301548371,0.489066099464554));
#11351=CARTESIAN_POINT('',(14.,-14.5927587436846,1.68349474580551));
#11352=CARTESIAN_POINT('Origin',(14.,-14.5927587436846,1.68349474580551));
#11353=CARTESIAN_POINT('',(16.,-16.2543285888475,1.19442864634099));
#11354=CARTESIAN_POINT('',(16.,-14.5927587436846,1.68349474580551));
#11355=CARTESIAN_POINT('',(14.,-16.2543285888475,1.19442864634099));
#11356=CARTESIAN_POINT('Origin',(14.,-16.2543285888475,1.19442864634099));
#11357=CARTESIAN_POINT('',(16.,-16.6615698451629,-0.48906609946449));
#11358=CARTESIAN_POINT('',(16.,-16.2543285888475,1.19442864634099));
#11359=CARTESIAN_POINT('',(14.,-16.6615698451629,-0.48906609946449));
#11360=CARTESIAN_POINT('Origin',(14.,-16.6615698451629,-0.48906609946449));
#11361=CARTESIAN_POINT('',(16.,-16.6615698451629,-0.48906609946449));
#11362=CARTESIAN_POINT('Origin',(-4.00000000000001,-16.5444855537853,-0.454603535125521));
#11363=CARTESIAN_POINT('',(-4.00000000000001,-14.5453964648744,-1.54448555378523));
#11364=CARTESIAN_POINT('Origin',(-4.00000000000001,-15.,3.22233443534981E-14));
#11365=CARTESIAN_POINT('Origin',(16.,-15.,3.21393975578539E-14));
#11366=CARTESIAN_POINT('',(16.,-14.0117314453792,-3.35757729083748));
#11367=CARTESIAN_POINT('Origin',(16.,-15.,3.21393975578539E-14));
#11368=CARTESIAN_POINT('Origin',(12.,-15.,3.21561869169827E-14));
#11369=CARTESIAN_POINT('',(12.,-14.0117314453792,-3.35757729083748));
#11370=CARTESIAN_POINT('Origin',(-3.61000000000001,-15.,3.2221707390983E-14));
#11371=CARTESIAN_POINT('',(-3.61000000000001,-14.4352751116453,-1.91861559476426));
#11372=CARTESIAN_POINT('Origin',(-3.61000000000001,-15.,3.2221707390983E-14));
#11373=CARTESIAN_POINT('',(-3.61000000000001,-14.4352751116453,-1.91861559476426));
#11374=CARTESIAN_POINT('Origin',(12.,-15.,3.21561869169827E-14));
#11375=CARTESIAN_POINT('',(12.,-14.4352751116453,-1.91861559476426));
#11376=CARTESIAN_POINT('Origin',(12.,-15.,3.21561869169827E-14));
#11377=CARTESIAN_POINT('',(12.,-14.4352751116453,-1.91861559476426));
#11378=CARTESIAN_POINT('Origin',(12.,-15.,3.21561869169827E-14));
#11379=CARTESIAN_POINT('Origin',(14.,-7.12499999999998,12.3408620039283));
#11380=CARTESIAN_POINT('',(14.,-8.78656984516285,11.8517959044637));
#11381=CARTESIAN_POINT('',(14.,-7.53224125631537,10.6573672581228));
#11382=CARTESIAN_POINT('',(14.,-8.78656984516285,11.8517959044637));
#11383=CARTESIAN_POINT('',(14.,-5.8706714111525,11.1464333575873));
#11384=CARTESIAN_POINT('',(14.,-7.53224125631537,10.6573672581228));
#11385=CARTESIAN_POINT('',(14.,-5.46343015483711,12.8299281033928));
#11386=CARTESIAN_POINT('',(14.,-5.8706714111525,11.1464333575873));
#11387=CARTESIAN_POINT('',(14.,-6.71775874368459,14.0243567497337));
#11388=CARTESIAN_POINT('',(14.,-5.46343015483711,12.8299281033928));
#11389=CARTESIAN_POINT('',(14.,-8.37932858884745,13.5352906502692));
#11390=CARTESIAN_POINT('',(14.,-6.71775874368459,14.0243567497337));
#11391=CARTESIAN_POINT('',(14.,-8.37932858884745,13.5352906502692));
#11392=CARTESIAN_POINT('Origin',(14.,-7.53224125631537,10.6573672581228));
#11393=CARTESIAN_POINT('',(16.,-7.53224125631537,10.6573672581228));
#11394=CARTESIAN_POINT('',(16.,-5.8706714111525,11.1464333575873));
#11395=CARTESIAN_POINT('',(16.,-7.53224125631537,10.6573672581228));
#11396=CARTESIAN_POINT('',(14.,-5.8706714111525,11.1464333575873));
#11397=CARTESIAN_POINT('',(14.,-7.53224125631537,10.6573672581228));
#11398=CARTESIAN_POINT('Origin',(14.,-5.8706714111525,11.1464333575873));
#11399=CARTESIAN_POINT('',(16.,-5.46343015483711,12.8299281033928));
#11400=CARTESIAN_POINT('',(16.,-5.8706714111525,11.1464333575873));
#11401=CARTESIAN_POINT('',(14.,-5.46343015483711,12.8299281033928));
#11402=CARTESIAN_POINT('Origin',(14.,-5.46343015483711,12.8299281033928));
#11403=CARTESIAN_POINT('',(16.,-6.71775874368459,14.0243567497337));
#11404=CARTESIAN_POINT('',(16.,-5.46343015483711,12.8299281033928));
#11405=CARTESIAN_POINT('',(14.,-6.71775874368459,14.0243567497337));
#11406=CARTESIAN_POINT('Origin',(14.,-6.71775874368459,14.0243567497337));
#11407=CARTESIAN_POINT('',(16.,-8.37932858884745,13.5352906502692));
#11408=CARTESIAN_POINT('',(16.,-6.71775874368459,14.0243567497337));
#11409=CARTESIAN_POINT('',(14.,-8.37932858884745,13.5352906502692));
#11410=CARTESIAN_POINT('Origin',(14.,-8.37932858884745,13.5352906502692));
#11411=CARTESIAN_POINT('',(16.,-8.78656984516285,11.8517959044637));
#11412=CARTESIAN_POINT('',(16.,-8.37932858884745,13.5352906502692));
#11413=CARTESIAN_POINT('',(14.,-8.78656984516285,11.8517959044637));
#11414=CARTESIAN_POINT('Origin',(14.,-8.78656984516285,11.8517959044637));
#11415=CARTESIAN_POINT('',(16.,-8.78656984516285,11.8517959044637));
#11416=CARTESIAN_POINT('Origin',(-4.,-8.66948555378524,11.8862584688027));
#11417=CARTESIAN_POINT('',(-4.00000000000001,-6.67039646487443,10.796376450143));
#11418=CARTESIAN_POINT('Origin',(-4.,-7.12499999999998,12.3408620039283));
#11419=CARTESIAN_POINT('Origin',(16.,-7.12499999999998,12.3408620039283));
#11420=CARTESIAN_POINT('',(16.,-6.13673144537921,8.98328471309075));
#11421=CARTESIAN_POINT('Origin',(16.,-7.12499999999998,12.3408620039283));
#11422=CARTESIAN_POINT('Origin',(12.,-7.12499999999998,12.3408620039283));
#11423=CARTESIAN_POINT('',(12.,-6.13673144537921,8.98328471309075));
#11424=CARTESIAN_POINT('Origin',(-3.61000000000001,-7.12499999999998,12.3408620039283));
#11425=CARTESIAN_POINT('',(-3.61000000000001,-6.56027511164525,10.422246409164));
#11426=CARTESIAN_POINT('Origin',(-3.61000000000001,-7.12499999999998,12.3408620039283));
#11427=CARTESIAN_POINT('',(-3.61000000000001,-6.56027511164525,10.422246409164));
#11428=CARTESIAN_POINT('Origin',(12.,-7.12499999999998,12.3408620039283));
#11429=CARTESIAN_POINT('',(12.,-6.56027511164525,10.422246409164));
#11430=CARTESIAN_POINT('Origin',(12.,-7.12499999999998,12.3408620039283));
#11431=CARTESIAN_POINT('',(12.,-6.56027511164525,10.422246409164));
#11432=CARTESIAN_POINT('Origin',(12.,-7.12499999999998,12.3408620039283));
#11433=CARTESIAN_POINT('Origin',(14.,-7.12500000000002,-12.3408620039283));
#11434=CARTESIAN_POINT('',(14.,-8.78656984516289,-12.8299281033928));
#11435=CARTESIAN_POINT('',(14.,-7.53224125631541,-14.0243567497337));
#11436=CARTESIAN_POINT('',(14.,-8.78656984516289,-12.8299281033928));
#11437=CARTESIAN_POINT('',(14.,-5.87067141115254,-13.5352906502692));
#11438=CARTESIAN_POINT('',(14.,-7.53224125631541,-14.0243567497337));
#11439=CARTESIAN_POINT('',(14.,-5.46343015483715,-11.8517959044637));
#11440=CARTESIAN_POINT('',(14.,-5.87067141115254,-13.5352906502692));
#11441=CARTESIAN_POINT('',(14.,-6.71775874368463,-10.6573672581228));
#11442=CARTESIAN_POINT('',(14.,-5.46343015483715,-11.8517959044637));
#11443=CARTESIAN_POINT('',(14.,-8.37932858884749,-11.1464333575873));
#11444=CARTESIAN_POINT('',(14.,-6.71775874368463,-10.6573672581228));
#11445=CARTESIAN_POINT('',(14.,-8.37932858884749,-11.1464333575873));
#11446=CARTESIAN_POINT('Origin',(14.,-7.53224125631541,-14.0243567497337));
#11447=CARTESIAN_POINT('',(16.,-7.53224125631541,-14.0243567497337));
#11448=CARTESIAN_POINT('',(16.,-5.87067141115254,-13.5352906502692));
#11449=CARTESIAN_POINT('',(16.,-7.53224125631541,-14.0243567497337));
#11450=CARTESIAN_POINT('',(14.,-5.87067141115254,-13.5352906502692));
#11451=CARTESIAN_POINT('',(14.,-7.53224125631541,-14.0243567497337));
#11452=CARTESIAN_POINT('Origin',(14.,-5.87067141115254,-13.5352906502692));
#11453=CARTESIAN_POINT('',(16.,-5.46343015483715,-11.8517959044637));
#11454=CARTESIAN_POINT('',(16.,-5.87067141115254,-13.5352906502692));
#11455=CARTESIAN_POINT('',(14.,-5.46343015483715,-11.8517959044637));
#11456=CARTESIAN_POINT('Origin',(14.,-5.46343015483715,-11.8517959044637));
#11457=CARTESIAN_POINT('',(16.,-6.71775874368462,-10.6573672581228));
#11458=CARTESIAN_POINT('',(16.,-5.46343015483715,-11.8517959044637));
#11459=CARTESIAN_POINT('',(14.,-6.71775874368463,-10.6573672581228));
#11460=CARTESIAN_POINT('Origin',(14.,-6.71775874368463,-10.6573672581228));
#11461=CARTESIAN_POINT('',(16.,-8.37932858884749,-11.1464333575873));
#11462=CARTESIAN_POINT('',(16.,-6.71775874368462,-10.6573672581228));
#11463=CARTESIAN_POINT('',(14.,-8.37932858884749,-11.1464333575873));
#11464=CARTESIAN_POINT('Origin',(14.,-8.37932858884749,-11.1464333575873));
#11465=CARTESIAN_POINT('',(16.,-8.78656984516289,-12.8299281033928));
#11466=CARTESIAN_POINT('',(16.,-8.37932858884749,-11.1464333575873));
#11467=CARTESIAN_POINT('',(14.,-8.78656984516289,-12.8299281033928));
#11468=CARTESIAN_POINT('Origin',(14.,-8.78656984516289,-12.8299281033928));
#11469=CARTESIAN_POINT('',(16.,-8.78656984516289,-12.8299281033928));
#11470=CARTESIAN_POINT('Origin',(-4.,-8.66948555378528,-12.7954655390538));
#11471=CARTESIAN_POINT('',(-4.,-6.67039646487447,-13.8853475577135));
#11472=CARTESIAN_POINT('Origin',(-4.,-7.12500000000002,-12.3408620039283));
#11473=CARTESIAN_POINT('Origin',(16.,-7.12500000000002,-12.3408620039283));
#11474=CARTESIAN_POINT('',(16.,-6.13673144537925,-15.6984392947658));
#11475=CARTESIAN_POINT('Origin',(16.,-7.12500000000002,-12.3408620039283));
#11476=CARTESIAN_POINT('Origin',(12.,-7.12500000000002,-12.3408620039283));
#11477=CARTESIAN_POINT('',(12.,-6.13673144537925,-15.6984392947658));
#11478=CARTESIAN_POINT('Origin',(-3.61,-7.12500000000002,-12.3408620039283));
#11479=CARTESIAN_POINT('',(-3.61,-6.56027511164529,-14.2594775986925));
#11480=CARTESIAN_POINT('Origin',(-3.61,-7.12500000000002,-12.3408620039283));
#11481=CARTESIAN_POINT('',(-3.61,-6.56027511164529,-14.2594775986925));
#11482=CARTESIAN_POINT('Origin',(12.,-7.12500000000002,-12.3408620039283));
#11483=CARTESIAN_POINT('',(12.,-6.56027511164529,-14.2594775986925));
#11484=CARTESIAN_POINT('Origin',(12.,-7.12500000000002,-12.3408620039283));
#11485=CARTESIAN_POINT('',(12.,-6.56027511164529,-14.2594775986925));
#11486=CARTESIAN_POINT('Origin',(12.,-7.12500000000002,-12.3408620039283));
#11487=CARTESIAN_POINT('Origin',(5.00000000000002,-41.5000000000001,-14.9999999999998));
#11488=CARTESIAN_POINT('',(5.00000000000002,-41.5000000000001,-16.7320508075687));
#11489=CARTESIAN_POINT('',(6.50000000000002,-41.5000000000001,-15.8660254037843));
#11490=CARTESIAN_POINT('',(5.00000000000002,-41.5000000000001,-16.7320508075687));
#11491=CARTESIAN_POINT('',(6.50000000000002,-41.5000000000001,-14.1339745962154));
#11492=CARTESIAN_POINT('',(6.50000000000002,-41.5000000000001,-15.8660254037843));
#11493=CARTESIAN_POINT('',(5.00000000000002,-41.5000000000001,-13.267949192431));
#11494=CARTESIAN_POINT('',(6.50000000000002,-41.5000000000001,-14.1339745962154));
#11495=CARTESIAN_POINT('',(3.50000000000002,-41.5000000000001,-14.1339745962154));
#11496=CARTESIAN_POINT('',(5.00000000000002,-41.5000000000001,-13.267949192431));
#11497=CARTESIAN_POINT('',(3.50000000000002,-41.5000000000001,-15.8660254037843));
#11498=CARTESIAN_POINT('',(3.50000000000002,-41.5000000000001,-14.1339745962154));
#11499=CARTESIAN_POINT('',(3.50000000000002,-41.5000000000001,-15.8660254037843));
#11500=CARTESIAN_POINT('Origin',(6.50000000000002,-41.5000000000001,-15.8660254037843));
#11501=CARTESIAN_POINT('',(6.50000000000002,-43.5000000000001,-15.8660254037843));
#11502=CARTESIAN_POINT('',(6.50000000000002,-43.5000000000001,-14.1339745962154));
#11503=CARTESIAN_POINT('',(6.50000000000002,-43.5000000000001,-15.8660254037843));
#11504=CARTESIAN_POINT('',(6.50000000000002,-41.5000000000001,-14.1339745962154));
#11505=CARTESIAN_POINT('',(6.50000000000002,-41.5000000000001,-15.8660254037843));
#11506=CARTESIAN_POINT('Origin',(6.50000000000002,-41.5000000000001,-14.1339745962154));
#11507=CARTESIAN_POINT('',(5.00000000000002,-43.5000000000001,-13.267949192431));
#11508=CARTESIAN_POINT('',(6.50000000000002,-43.5000000000001,-14.1339745962154));
#11509=CARTESIAN_POINT('',(5.00000000000002,-41.5000000000001,-13.267949192431));
#11510=CARTESIAN_POINT('Origin',(5.00000000000002,-41.5000000000001,-13.267949192431));
#11511=CARTESIAN_POINT('',(3.50000000000002,-43.5000000000001,-14.1339745962154));
#11512=CARTESIAN_POINT('',(5.00000000000002,-43.5000000000001,-13.267949192431));
#11513=CARTESIAN_POINT('',(3.50000000000002,-41.5000000000001,-14.1339745962154));
#11514=CARTESIAN_POINT('Origin',(3.50000000000002,-41.5000000000001,-14.1339745962154));
#11515=CARTESIAN_POINT('',(3.50000000000002,-43.5000000000001,-15.8660254037843));
#11516=CARTESIAN_POINT('',(3.50000000000002,-43.5000000000001,-14.1339745962154));
#11517=CARTESIAN_POINT('',(3.50000000000002,-41.5000000000001,-15.8660254037843));
#11518=CARTESIAN_POINT('Origin',(3.50000000000002,-41.5000000000001,-15.8660254037843));
#11519=CARTESIAN_POINT('',(5.00000000000002,-43.5000000000001,-16.7320508075687));
#11520=CARTESIAN_POINT('',(3.50000000000002,-43.5000000000001,-15.8660254037843));
#11521=CARTESIAN_POINT('',(5.00000000000002,-41.5000000000001,-16.7320508075687));
#11522=CARTESIAN_POINT('Origin',(5.00000000000002,-41.5000000000001,-16.7320508075687));
#11523=CARTESIAN_POINT('',(5.00000000000002,-43.5000000000001,-16.7320508075687));
#11524=CARTESIAN_POINT('Origin',(5.00000000000002,-43.5000000000001,-14.9999999999998));
#11525=CARTESIAN_POINT('',(8.50000000000002,-43.5000000000001,-14.9999999999998));
#11526=CARTESIAN_POINT('Origin',(5.00000000000002,-43.5000000000001,-14.9999999999998));
#11527=CARTESIAN_POINT('Origin',(5.00000000000002,-39.5000000000001,-14.9999999999999));
#11528=CARTESIAN_POINT('',(8.50000000000002,-39.5000000000001,-14.9999999999999));
#11529=CARTESIAN_POINT('Origin',(15.,-41.5000000000002,-14.9999999999998));
#11530=CARTESIAN_POINT('',(15.,-41.5000000000002,-16.7320508075687));
#11531=CARTESIAN_POINT('',(16.5,-41.5000000000002,-15.8660254037843));
#11532=CARTESIAN_POINT('',(15.,-41.5000000000002,-16.7320508075687));
#11533=CARTESIAN_POINT('',(16.5,-41.5000000000002,-14.1339745962154));
#11534=CARTESIAN_POINT('',(16.5,-41.5000000000002,-15.8660254037843));
#11535=CARTESIAN_POINT('',(15.,-41.5000000000001,-13.267949192431));
#11536=CARTESIAN_POINT('',(16.5,-41.5000000000002,-14.1339745962154));
#11537=CARTESIAN_POINT('',(13.5,-41.5000000000001,-14.1339745962154));
#11538=CARTESIAN_POINT('',(15.,-41.5000000000001,-13.267949192431));
#11539=CARTESIAN_POINT('',(13.5,-41.5000000000001,-15.8660254037843));
#11540=CARTESIAN_POINT('',(13.5,-41.5000000000001,-14.1339745962154));
#11541=CARTESIAN_POINT('',(13.5,-41.5000000000001,-15.8660254037843));
#11542=CARTESIAN_POINT('Origin',(16.5,-41.5000000000002,-15.8660254037843));
#11543=CARTESIAN_POINT('',(16.5,-43.5000000000002,-15.8660254037843));
#11544=CARTESIAN_POINT('',(16.5,-43.5000000000002,-14.1339745962154));
#11545=CARTESIAN_POINT('',(16.5,-43.5000000000002,-15.8660254037843));
#11546=CARTESIAN_POINT('',(16.5,-41.5000000000002,-14.1339745962154));
#11547=CARTESIAN_POINT('',(16.5,-41.5000000000002,-15.8660254037843));
#11548=CARTESIAN_POINT('Origin',(16.5,-41.5000000000002,-14.1339745962154));
#11549=CARTESIAN_POINT('',(15.,-43.5000000000001,-13.267949192431));
#11550=CARTESIAN_POINT('',(16.5,-43.5000000000002,-14.1339745962154));
#11551=CARTESIAN_POINT('',(15.,-41.5000000000001,-13.267949192431));
#11552=CARTESIAN_POINT('Origin',(15.,-41.5000000000001,-13.267949192431));
#11553=CARTESIAN_POINT('',(13.5,-43.5000000000001,-14.1339745962154));
#11554=CARTESIAN_POINT('',(15.,-43.5000000000001,-13.267949192431));
#11555=CARTESIAN_POINT('',(13.5,-41.5000000000001,-14.1339745962154));
#11556=CARTESIAN_POINT('Origin',(13.5,-41.5000000000001,-14.1339745962154));
#11557=CARTESIAN_POINT('',(13.5,-43.5000000000001,-15.8660254037843));
#11558=CARTESIAN_POINT('',(13.5,-43.5000000000001,-14.1339745962154));
#11559=CARTESIAN_POINT('',(13.5,-41.5000000000001,-15.8660254037843));
#11560=CARTESIAN_POINT('Origin',(13.5,-41.5000000000001,-15.8660254037843));
#11561=CARTESIAN_POINT('',(15.,-43.5000000000002,-16.7320508075687));
#11562=CARTESIAN_POINT('',(13.5,-43.5000000000001,-15.8660254037843));
#11563=CARTESIAN_POINT('',(15.,-41.5000000000002,-16.7320508075687));
#11564=CARTESIAN_POINT('Origin',(15.,-41.5000000000002,-16.7320508075687));
#11565=CARTESIAN_POINT('',(15.,-43.5000000000002,-16.7320508075687));
#11566=CARTESIAN_POINT('Origin',(15.,-23.5000000000002,-16.6099999999999));
#11567=CARTESIAN_POINT('',(16.61,-23.5000000000001,-14.9999999999999));
#11568=CARTESIAN_POINT('Origin',(15.,-23.5000000000001,-14.9999999999999));
#11569=CARTESIAN_POINT('Origin',(15.,-43.5000000000002,-14.9999999999998));
#11570=CARTESIAN_POINT('',(18.5,-43.5000000000002,-14.9999999999998));
#11571=CARTESIAN_POINT('Origin',(15.,-43.5000000000002,-14.9999999999998));
#11572=CARTESIAN_POINT('Origin',(15.,-39.5000000000001,-14.9999999999998));
#11573=CARTESIAN_POINT('',(18.5,-39.5000000000001,-14.9999999999998));
#11574=CARTESIAN_POINT('Origin',(15.,-23.8900000000001,-14.9999999999999));
#11575=CARTESIAN_POINT('',(17.,-23.8900000000001,-14.9999999999999));
#11576=CARTESIAN_POINT('Origin',(-123.013825791394,-47.3000000000002,-25.9861742086056));
#11577=CARTESIAN_POINT('',(-122.06649075443,-47.3000000000001,-24.5361547853769));
#11578=CARTESIAN_POINT('',(-123.795911929409,-47.3000000000001,-24.4407482890853));
#11579=CARTESIAN_POINT('',(-122.06649075443,-47.3000000000001,-24.5361547853769));
#11580=CARTESIAN_POINT('',(-124.743246966373,-47.3000000000002,-25.8907677123139));
#11581=CARTESIAN_POINT('',(-123.795911929409,-47.3000000000001,-24.4407482890853));
#11582=CARTESIAN_POINT('',(-123.961160828358,-47.3000000000002,-27.4361936318342));
#11583=CARTESIAN_POINT('',(-124.743246966373,-47.3000000000002,-25.8907677123139));
#11584=CARTESIAN_POINT('',(-122.23173965338,-47.3000000000002,-27.5316001281258));
#11585=CARTESIAN_POINT('',(-123.961160828358,-47.3000000000002,-27.4361936318342));
#11586=CARTESIAN_POINT('',(-121.284404616416,-47.3000000000002,-26.0815807048972));
#11587=CARTESIAN_POINT('',(-122.23173965338,-47.3000000000002,-27.5316001281258));
#11588=CARTESIAN_POINT('',(-121.284404616416,-47.3000000000002,-26.0815807048972));
#11589=CARTESIAN_POINT('Origin',(-123.795911929409,-47.3000000000001,-24.4407482890853));
#11590=CARTESIAN_POINT('',(-123.795911929409,-49.3000000000001,-24.4407482890853));
#11591=CARTESIAN_POINT('',(-124.743246966373,-49.3000000000002,-25.8907677123139));
#11592=CARTESIAN_POINT('',(-123.795911929409,-49.3000000000001,-24.4407482890853));
#11593=CARTESIAN_POINT('',(-124.743246966373,-47.3000000000002,-25.8907677123139));
#11594=CARTESIAN_POINT('',(-123.795911929409,-47.3000000000001,-24.4407482890853));
#11595=CARTESIAN_POINT('Origin',(-124.743246966373,-47.3000000000002,-25.8907677123139));
#11596=CARTESIAN_POINT('',(-123.961160828358,-49.3000000000002,-27.4361936318342));
#11597=CARTESIAN_POINT('',(-124.743246966373,-49.3000000000002,-25.8907677123139));
#11598=CARTESIAN_POINT('',(-123.961160828358,-47.3000000000002,-27.4361936318342));
#11599=CARTESIAN_POINT('Origin',(-123.961160828358,-47.3000000000002,-27.4361936318342));
#11600=CARTESIAN_POINT('',(-122.23173965338,-49.3000000000002,-27.5316001281258));
#11601=CARTESIAN_POINT('',(-123.961160828358,-49.3000000000002,-27.4361936318342));
#11602=CARTESIAN_POINT('',(-122.23173965338,-47.3000000000002,-27.5316001281258));
#11603=CARTESIAN_POINT('Origin',(-122.23173965338,-47.3000000000002,-27.5316001281258));
#11604=CARTESIAN_POINT('',(-121.284404616416,-49.3000000000002,-26.0815807048972));
#11605=CARTESIAN_POINT('',(-122.23173965338,-49.3000000000002,-27.5316001281258));
#11606=CARTESIAN_POINT('',(-121.284404616416,-47.3000000000002,-26.0815807048972));
#11607=CARTESIAN_POINT('Origin',(-121.284404616416,-47.3000000000002,-26.0815807048972));
#11608=CARTESIAN_POINT('',(-122.06649075443,-49.3000000000001,-24.5361547853769));
#11609=CARTESIAN_POINT('',(-121.284404616416,-49.3000000000002,-26.0815807048972));
#11610=CARTESIAN_POINT('',(-122.06649075443,-47.3000000000001,-24.5361547853769));
#11611=CARTESIAN_POINT('Origin',(-122.06649075443,-47.3000000000001,-24.5361547853769));
#11612=CARTESIAN_POINT('',(-122.06649075443,-49.3000000000001,-24.5361547853769));
#11613=CARTESIAN_POINT('Origin',(-123.013825791394,-49.3000000000002,-25.9861742086056));
#11614=CARTESIAN_POINT('',(-125.943917656554,-49.3000000000002,-24.0718697234917));
#11615=CARTESIAN_POINT('Origin',(-123.013825791394,-49.3000000000002,-25.9861742086056));
#11616=CARTESIAN_POINT('Origin',(-123.013825791394,-45.3000000000002,-25.9861742086056));
#11617=CARTESIAN_POINT('',(-125.943917656554,-45.3000000000002,-24.0718697234917));
#11618=CARTESIAN_POINT('Origin',(-123.013825791394,-47.3000000000001,25.9861742086057));
#11619=CARTESIAN_POINT('',(-122.06649075443,-47.3000000000001,27.4361936318343));
#11620=CARTESIAN_POINT('',(-123.795911929409,-47.3000000000001,27.5316001281259));
#11621=CARTESIAN_POINT('',(-122.06649075443,-47.3000000000001,27.4361936318343));
#11622=CARTESIAN_POINT('',(-124.743246966373,-47.3000000000001,26.0815807048973));
#11623=CARTESIAN_POINT('',(-123.795911929409,-47.3000000000001,27.5316001281259));
#11624=CARTESIAN_POINT('',(-123.961160828358,-47.3000000000001,24.536154785377));
#11625=CARTESIAN_POINT('',(-124.743246966373,-47.3000000000001,26.0815807048973));
#11626=CARTESIAN_POINT('',(-122.23173965338,-47.3000000000001,24.4407482890854));
#11627=CARTESIAN_POINT('',(-123.961160828358,-47.3000000000001,24.536154785377));
#11628=CARTESIAN_POINT('',(-121.284404616416,-47.3000000000001,25.8907677123141));
#11629=CARTESIAN_POINT('',(-122.23173965338,-47.3000000000001,24.4407482890854));
#11630=CARTESIAN_POINT('',(-121.284404616416,-47.3000000000001,25.8907677123141));
#11631=CARTESIAN_POINT('Origin',(-123.795911929409,-47.3000000000001,27.5316001281259));
#11632=CARTESIAN_POINT('',(-123.795911929409,-49.3000000000001,27.5316001281259));
#11633=CARTESIAN_POINT('',(-124.743246966373,-49.3000000000001,26.0815807048973));
#11634=CARTESIAN_POINT('',(-123.795911929409,-49.3000000000001,27.5316001281259));
#11635=CARTESIAN_POINT('',(-124.743246966373,-47.3000000000001,26.0815807048973));
#11636=CARTESIAN_POINT('',(-123.795911929409,-47.3000000000001,27.5316001281259));
#11637=CARTESIAN_POINT('Origin',(-124.743246966373,-47.3000000000001,26.0815807048973));
#11638=CARTESIAN_POINT('',(-123.961160828358,-49.3000000000001,24.536154785377));
#11639=CARTESIAN_POINT('',(-124.743246966373,-49.3000000000001,26.0815807048973));
#11640=CARTESIAN_POINT('',(-123.961160828358,-47.3000000000001,24.536154785377));
#11641=CARTESIAN_POINT('Origin',(-123.961160828358,-47.3000000000001,24.536154785377));
#11642=CARTESIAN_POINT('',(-122.23173965338,-49.3000000000001,24.4407482890854));
#11643=CARTESIAN_POINT('',(-123.961160828358,-49.3000000000001,24.536154785377));
#11644=CARTESIAN_POINT('',(-122.23173965338,-47.3000000000001,24.4407482890854));
#11645=CARTESIAN_POINT('Origin',(-122.23173965338,-47.3000000000001,24.4407482890854));
#11646=CARTESIAN_POINT('',(-121.284404616416,-49.3000000000001,25.8907677123141));
#11647=CARTESIAN_POINT('',(-122.23173965338,-49.3000000000001,24.4407482890854));
#11648=CARTESIAN_POINT('',(-121.284404616416,-47.3000000000001,25.8907677123141));
#11649=CARTESIAN_POINT('Origin',(-121.284404616416,-47.3000000000001,25.8907677123141));
#11650=CARTESIAN_POINT('',(-122.06649075443,-49.3000000000001,27.4361936318343));
#11651=CARTESIAN_POINT('',(-121.284404616416,-49.3000000000001,25.8907677123141));
#11652=CARTESIAN_POINT('',(-122.06649075443,-47.3000000000001,27.4361936318343));
#11653=CARTESIAN_POINT('Origin',(-122.06649075443,-47.3000000000001,27.4361936318343));
#11654=CARTESIAN_POINT('',(-122.06649075443,-49.3000000000001,27.4361936318343));
#11655=CARTESIAN_POINT('Origin',(-123.013825791394,-49.3000000000001,25.9861742086057));
#11656=CARTESIAN_POINT('',(-125.943917656554,-49.3000000000001,27.9004786937195));
#11657=CARTESIAN_POINT('Origin',(-123.013825791394,-49.3000000000001,25.9861742086057));
#11658=CARTESIAN_POINT('Origin',(-123.013825791394,-45.3000000000001,25.9861742086057));
#11659=CARTESIAN_POINT('',(-125.943917656554,-45.3000000000001,27.9004786937195));
#11660=CARTESIAN_POINT('Origin',(64.25,-41.5000000000001,1.79947337760749E-13));
#11661=CARTESIAN_POINT('',(65.197335036964,-41.5000000000001,1.45001942322882));
#11662=CARTESIAN_POINT('',(63.4679138619851,-41.5000000000001,1.54542591952044));
#11663=CARTESIAN_POINT('',(65.197335036964,-41.5000000000001,1.45001942322882));
#11664=CARTESIAN_POINT('',(62.5205788250211,-41.5000000000001,0.0954064962917939));
#11665=CARTESIAN_POINT('',(63.4679138619851,-41.5000000000001,1.54542591952044));
#11666=CARTESIAN_POINT('',(63.3026649630359,-41.5000000000001,-1.45001942322846));
#11667=CARTESIAN_POINT('',(62.5205788250211,-41.5000000000001,0.0954064962917939));
#11668=CARTESIAN_POINT('',(65.0320861380148,-41.5000000000001,-1.54542591952008));
#11669=CARTESIAN_POINT('',(63.3026649630359,-41.5000000000001,-1.45001942322846));
#11670=CARTESIAN_POINT('',(65.9794211749789,-41.5000000000001,-0.0954064962914341));
#11671=CARTESIAN_POINT('',(65.0320861380148,-41.5000000000001,-1.54542591952008));
#11672=CARTESIAN_POINT('',(65.9794211749789,-41.5000000000001,-0.0954064962914341));
#11673=CARTESIAN_POINT('Origin',(63.4679138619851,-41.5000000000001,1.54542591952044));
#11674=CARTESIAN_POINT('',(63.4679138619851,-43.5000000000001,1.54542591952044));
#11675=CARTESIAN_POINT('',(62.5205788250211,-43.5000000000001,0.0954064962917984));
#11676=CARTESIAN_POINT('',(63.4679138619851,-43.5000000000001,1.54542591952044));
#11677=CARTESIAN_POINT('',(62.5205788250211,-41.5000000000001,0.0954064962917939));
#11678=CARTESIAN_POINT('',(63.4679138619851,-41.5000000000001,1.54542591952044));
#11679=CARTESIAN_POINT('Origin',(62.5205788250211,-41.5000000000001,0.0954064962917939));
#11680=CARTESIAN_POINT('',(63.3026649630359,-43.5000000000001,-1.45001942322846));
#11681=CARTESIAN_POINT('',(62.5205788250211,-43.5000000000001,0.0954064962917984));
#11682=CARTESIAN_POINT('',(63.3026649630359,-41.5000000000001,-1.45001942322846));
#11683=CARTESIAN_POINT('Origin',(63.3026649630359,-41.5000000000001,-1.45001942322846));
#11684=CARTESIAN_POINT('',(65.0320861380148,-43.5000000000001,-1.54542591952007));
#11685=CARTESIAN_POINT('',(63.3026649630359,-43.5000000000001,-1.45001942322846));
#11686=CARTESIAN_POINT('',(65.0320861380148,-41.5000000000001,-1.54542591952008));
#11687=CARTESIAN_POINT('Origin',(65.0320861380148,-41.5000000000001,-1.54542591952008));
#11688=CARTESIAN_POINT('',(65.9794211749789,-43.5000000000001,-0.0954064962914296));
#11689=CARTESIAN_POINT('',(65.0320861380148,-43.5000000000001,-1.54542591952007));
#11690=CARTESIAN_POINT('',(65.9794211749789,-41.5000000000001,-0.0954064962914341));
#11691=CARTESIAN_POINT('Origin',(65.9794211749789,-41.5000000000001,-0.0954064962914341));
#11692=CARTESIAN_POINT('',(65.197335036964,-43.5000000000001,1.45001942322883));
#11693=CARTESIAN_POINT('',(65.9794211749789,-43.5000000000001,-0.0954064962914296));
#11694=CARTESIAN_POINT('',(65.197335036964,-41.5000000000001,1.45001942322882));
#11695=CARTESIAN_POINT('Origin',(65.197335036964,-41.5000000000001,1.45001942322882));
#11696=CARTESIAN_POINT('',(65.197335036964,-43.5000000000001,1.45001942322883));
#11697=CARTESIAN_POINT('Origin',(64.25,-43.5000000000001,1.84382702052371E-13));
#11698=CARTESIAN_POINT('',(61.3199081348406,-43.5000000000001,1.91430448511403));
#11699=CARTESIAN_POINT('Origin',(64.25,-43.5000000000001,1.84382702052371E-13));
#11700=CARTESIAN_POINT('Origin',(64.25,-39.5000000000001,1.75511973469126E-13));
#11701=CARTESIAN_POINT('',(61.3199081348406,-39.5000000000001,1.91430448511402));
#11702=CARTESIAN_POINT('Origin',(101.,-41.5000000000002,-36.7499999999998));
#11703=CARTESIAN_POINT('',(101.947335036964,-41.5000000000001,-35.2999805767712));
#11704=CARTESIAN_POINT('',(100.217913861985,-41.5000000000001,-35.2045740804795));
#11705=CARTESIAN_POINT('',(101.947335036964,-41.5000000000001,-35.2999805767712));
#11706=CARTESIAN_POINT('',(99.2705788250211,-41.5000000000002,-36.6545935037082));
#11707=CARTESIAN_POINT('',(100.217913861985,-41.5000000000001,-35.2045740804795));
#11708=CARTESIAN_POINT('',(100.052664963036,-41.5000000000002,-38.2000194232285));
#11709=CARTESIAN_POINT('',(99.2705788250211,-41.5000000000002,-36.6545935037082));
#11710=CARTESIAN_POINT('',(101.782086138015,-41.5000000000002,-38.2954259195201));
#11711=CARTESIAN_POINT('',(100.052664963036,-41.5000000000002,-38.2000194232285));
#11712=CARTESIAN_POINT('',(102.729421174979,-41.5000000000002,-36.8454064962914));
#11713=CARTESIAN_POINT('',(101.782086138015,-41.5000000000002,-38.2954259195201));
#11714=CARTESIAN_POINT('',(102.729421174979,-41.5000000000002,-36.8454064962914));
#11715=CARTESIAN_POINT('Origin',(100.217913861985,-41.5000000000001,-35.2045740804795));
#11716=CARTESIAN_POINT('',(100.217913861985,-43.5000000000001,-35.2045740804795));
#11717=CARTESIAN_POINT('',(99.2705788250211,-43.5000000000002,-36.6545935037082));
#11718=CARTESIAN_POINT('',(100.217913861985,-43.5000000000001,-35.2045740804795));
#11719=CARTESIAN_POINT('',(99.2705788250211,-41.5000000000002,-36.6545935037082));
#11720=CARTESIAN_POINT('',(100.217913861985,-41.5000000000001,-35.2045740804795));
#11721=CARTESIAN_POINT('Origin',(99.2705788250211,-41.5000000000002,-36.6545935037082));
#11722=CARTESIAN_POINT('',(100.052664963036,-43.5000000000002,-38.2000194232284));
#11723=CARTESIAN_POINT('',(99.2705788250211,-43.5000000000002,-36.6545935037082));
#11724=CARTESIAN_POINT('',(100.052664963036,-41.5000000000002,-38.2000194232285));
#11725=CARTESIAN_POINT('Origin',(100.052664963036,-41.5000000000002,-38.2000194232285));
#11726=CARTESIAN_POINT('',(101.782086138015,-43.5000000000002,-38.2954259195201));
#11727=CARTESIAN_POINT('',(100.052664963036,-43.5000000000002,-38.2000194232284));
#11728=CARTESIAN_POINT('',(101.782086138015,-41.5000000000002,-38.2954259195201));
#11729=CARTESIAN_POINT('Origin',(101.782086138015,-41.5000000000002,-38.2954259195201));
#11730=CARTESIAN_POINT('',(102.729421174979,-43.5000000000002,-36.8454064962914));
#11731=CARTESIAN_POINT('',(101.782086138015,-43.5000000000002,-38.2954259195201));
#11732=CARTESIAN_POINT('',(102.729421174979,-41.5000000000002,-36.8454064962914));
#11733=CARTESIAN_POINT('Origin',(102.729421174979,-41.5000000000002,-36.8454064962914));
#11734=CARTESIAN_POINT('',(101.947335036964,-43.5000000000001,-35.2999805767712));
#11735=CARTESIAN_POINT('',(102.729421174979,-43.5000000000002,-36.8454064962914));
#11736=CARTESIAN_POINT('',(101.947335036964,-41.5000000000001,-35.2999805767712));
#11737=CARTESIAN_POINT('Origin',(101.947335036964,-41.5000000000001,-35.2999805767712));
#11738=CARTESIAN_POINT('',(101.947335036964,-43.5000000000001,-35.2999805767712));
#11739=CARTESIAN_POINT('Origin',(101.,-43.5000000000002,-36.7499999999998));
#11740=CARTESIAN_POINT('',(98.0699081348406,-43.5000000000002,-34.835695514886));
#11741=CARTESIAN_POINT('Origin',(101.,-43.5000000000002,-36.7499999999998));
#11742=CARTESIAN_POINT('Origin',(101.,-39.5000000000002,-36.7499999999998));
#11743=CARTESIAN_POINT('',(98.0699081348406,-39.5000000000002,-34.835695514886));
#11744=UNCERTAINTY_MEASURE_WITH_UNIT(LENGTH_MEASURE(0.01),#11748,
'DISTANCE_ACCURACY_VALUE',
'Maximum model space distance between geometric entities at asserted c
onnectivities');
#11745=UNCERTAINTY_MEASURE_WITH_UNIT(LENGTH_MEASURE(0.01),#11748,
'DISTANCE_ACCURACY_VALUE',
'Maximum model space distance between geometric entities at asserted c
onnectivities');
#11746=(
GEOMETRIC_REPRESENTATION_CONTEXT(3)
GLOBAL_UNCERTAINTY_ASSIGNED_CONTEXT((#11744))
GLOBAL_UNIT_ASSIGNED_CONTEXT((#11748,#11750,#11751))
REPRESENTATION_CONTEXT('','3D')
);
#11747=(
GEOMETRIC_REPRESENTATION_CONTEXT(3)
GLOBAL_UNCERTAINTY_ASSIGNED_CONTEXT((#11745))
GLOBAL_UNIT_ASSIGNED_CONTEXT((#11748,#11750,#11751))
REPRESENTATION_CONTEXT('','3D')
);
#11748=(
LENGTH_UNIT()
NAMED_UNIT(*)
SI_UNIT(.MILLI.,.METRE.)
);
#11749=(
LENGTH_UNIT()
NAMED_UNIT(*)
SI_UNIT(.CENTI.,.METRE.)
);
#11750=(
NAMED_UNIT(*)
PLANE_ANGLE_UNIT()
SI_UNIT($,.RADIAN.)
);
#11751=(
NAMED_UNIT(*)
SI_UNIT($,.STERADIAN.)
SOLID_ANGLE_UNIT()
);
#11752=SHAPE_DEFINITION_REPRESENTATION(#11753,#11754);
#11753=PRODUCT_DEFINITION_SHAPE('',$,#11756);
#11754=SHAPE_REPRESENTATION('',(#7074),#11746);
#11755=PRODUCT_DEFINITION_CONTEXT('part definition',#11760,'design');
#11756=PRODUCT_DEFINITION('HipRightNCS','HipRightNCS',#11757,#11755);
#11757=PRODUCT_DEFINITION_FORMATION('',$,#11762);
#11758=PRODUCT_RELATED_PRODUCT_CATEGORY('HipRightNCS','HipRightNCS',(#11762));
#11759=APPLICATION_PROTOCOL_DEFINITION('international standard',
'automotive_design',2009,#11760);
#11760=APPLICATION_CONTEXT(
'Core Data for Automotive Mechanical Design Process');
#11761=PRODUCT_CONTEXT('part definition',#11760,'mechanical');
#11762=PRODUCT('HipRightNCS','HipRightNCS',$,(#11761));
#11763=PRESENTATION_STYLE_ASSIGNMENT((#11764));
#11764=SURFACE_STYLE_USAGE(.BOTH.,#11767);
#11765=SURFACE_STYLE_RENDERING_WITH_PROPERTIES($,#11771,(#11766));
#11766=SURFACE_STYLE_TRANSPARENT(0.);
#11767=SURFACE_SIDE_STYLE('',(#11768,#11765));
#11768=SURFACE_STYLE_FILL_AREA(#11769);
#11769=FILL_AREA_STYLE('',(#11770));
#11770=FILL_AREA_STYLE_COLOUR('',#11771);
#11771=COLOUR_RGB('',0.749019607843137,0.749019607843137,0.749019607843137);
ENDSEC;
END-ISO-10303-21;
