reward_terms/air_time,curriculum/sprint_dist_m,curriculum/eff_scale,reward_terms/residual_rate,curriculum/ctrl_jitter_ms,reward_terms/stop,reward_terms/angmom,reward_terms/height,time/time_elapsed,reward_terms/coef_rate,reward_terms/energy,time/iterations,curriculum/ctrl_drop_prob,curriculum/stance_ratio,reward_terms/clearance,reward_terms/fwd_speed,time/fps,rollout/ep_rew_mean,rollout/ep_len_mean,reward_terms/foot_ahead,reward_terms/action_rate,reward_terms/foot_slip,time/total_timesteps,curriculum/ent_coef,reward_terms/alive,reward_terms/overrun,reward_terms/torque,reward_terms/vz,reward_terms/hip_roll,reward_terms/time,reward_terms/upright,reward_terms/step_rate,reward_terms/motor_vel,reward_terms/lat_vel,reward_terms/ang_xy,reward_terms/phase_contact,reward_terms/stance,reward_terms/assist_pen,reward_terms/stance_time,reward_terms/residual,train/approx_kl,train/n_updates,train/entropy_loss,train/clip_fraction,train/clip_range,train/std,train/explained_variance,train/loss,train/learning_rate,train/value_loss,train/policy_gradient_loss
0.0008506932548092058,25.0,0.0,0.0,0.0,0.0,-0.1371017640370367,-0.03177066659296439,4,-0.35165862868746484,0.0,1,0.0,0.65,0.07513760047934993,-0.6216757968355597,4144,-139.60216523,159.87,0.0,-0.05097352367652656,-0.35463743757174165,18432,0.01,0.0,0.0,0.0,-0.17383265560256145,-0.2023490336841488,-0.5,-0.4654364215630362,0.0,0.0,-5.3454979455880624e-08,-0.47358051536289963,-0.1583916500250474,-0.20921899128999233,0.0,-0.00040906791885693866,-0.09767899781516398,,,,,,,,,,,
0.0012695292179058823,25.01152,0.0,0.0,0.0,0.0,-0.20044007726430188,-0.033879695457830455,9,-0.2730948639469475,0.0,2,0.0,0.65,0.08576774049407393,-0.8412637299540774,4019,-141.40848081000001,167.04,0.0,-0.04787969764815491,-0.3322100890869352,36864,0.01,0.0,0.0,0.0,-0.19074887148848144,-0.15632309856777987,-0.5,-0.514627489560771,0.0,0.0,-5.829651201150026e-08,-0.5060274820134167,-0.2041179486509524,-0.12907742726639568,0.0,-0.0013519906852808264,-0.10019939757457544,0.019586222,16198,-19.881014347076416,0.1875,0.2,1.001821517944336,0.5724514722824097,1279.0977783203125,0.00029993856,5350.936096191406,0.004858180531300604
0.0012033399867100848,25.02304,0.0,0.0,0.0,0.0,-0.2934671157006862,-0.0321973747473689,13,-0.24784360452046425,0.0,3,0.0,0.65,0.07888270330031606,-0.8039724428909659,4087,-138.17067354,154.05,0.0,-0.04079611940758779,-0.3904158918087427,55296,0.01,0.0,0.0,0.0,-0.17207218443032152,-0.16836215170574761,-0.5,-0.5685886553075692,0.0,0.0,-5.2511422866593395e-08,-0.5095853285779496,-0.19033800832968162,-0.13835606085663146,0.0,-0.0003206361676954354,-0.10260384575094728,0.0032085732,16202,-19.86681137084961,0.007373046875,0.2,1.0002411603927612,0.42402124404907227,743.2955322265625,0.00029987712,2213.994970703125,-0.0016134594741743058
0.0008696814119401905,25.03456,0.0,0.0,0.0,0.0,-0.31311536170107646,-0.02644342265767648,17,-0.21195438223916555,0.0,4,0.0,0.65,0.08408697093105501,-0.8185531525323383,4125,-136.05654577999996,145.63,0.0,-0.03982626079553166,-0.4392537053535724,73728,0.01,0.0,0.0,0.0,-0.18941176224065093,-0.12120455028740938,-0.5,-0.5494617871708298,0.0,0.0,-5.808622359929716e-08,-0.5275470502096654,-0.20460691322739483,-0.06201426013487695,0.0,-9.087228035140368e-06,-0.10270354547541924,0.003459158,16206,-19.865307426452638,0.00916748046875,0.2,1.0000959634780884,0.5660187005996704,530.290771484375,0.00029981568,1637.2951049804688,-0.002852003229781985
0.001152341625937778,25.04608,0.0,0.0,0.0,0.0,-0.33021464888923985,-0.02576150987970989,22,-0.1860088827161173,0.0,5,0.0,0.65,0.0841580186491349,-0.7821666901595656,4148,-135.04794892,141.61,0.0,-0.036931220105674296,-0.4167093191869135,92160,0.01,0.0,0.0,0.0,-0.18004600557066894,-0.12107917720595746,-0.5,-0.5831330257052332,0.0,0.0,-5.4517054990211004e-08,-0.5355267378527704,-0.21533141966570654,-0.05330234225800676,0.0,-0.00043226280993419804,-0.10364858354173502,0.004147011,16210,-19.86574468612671,0.01220703125,0.2,1.0001164674758911,0.5994545221328735,357.35626220703125,0.00029975423999999997,1082.362319946289,-0.0036485343938693405
0.0010687915168495642,25.0576,0.0,0.0,0.0,0.0,-0.3146916647771126,-0.03301876197917109,26,-0.18387430137615912,0.0,6,0.0,0.65,0.08730521292861959,-0.9012387998260194,4165,-136.99584187,149.47,0.0,-0.03616007099962677,-0.43182105544791555,110592,0.01,0.0,0.0,0.0,-0.19902867202812188,-0.12097249577375953,-0.5,-0.5885373850443909,0.0,0.0,-7.220468287820551e-08,-0.5332285711261494,-0.2180760307355963,-0.045134087071311606,0.0,-0.00010687847518258625,-0.10403947617060277,0.0049266666,16214,-19.86564197540283,0.01422119140625,0.2,1.000106692314148,0.6539098620414734,223.99481201171875,0.0002996928,654.5178924560547,-0.0030710464983712883
0.0011230447788774553,25.06912,0.0,0.0,0.0,0.0,-0.3605268191433665,-0.024785154075334208,30,-0.16487030001523464,0.0,7,0.0,0.65,0.08629069763847547,-0.7907554284950349,4177,-134.84503915000002,140.98,0.0,-0.033944102820030825,-0.44864981941560117,129024,0.01,0.0,0.0,0.0,-0.1848216667849655,-0.12691372535145562,-0.5,-0.5640342663444277,0.0,0.0,-7.212830327290807e-08,-0.5555191113621668,-0.22082266055908004,-0.049174753082997694,0.0,-9.467117100333174e-05,-0.10426824845396013,0.0057946616,16218,-19.865881824493407,0.01988525390625,0.2,1.0001951456069946,0.6775651574134827,131.9107208251953,0.00029963136,427.4333557128906,-0.0036901890067383646
0.0010318991876879914,25.08064,0.0,0.0,0.0,0.0,-0.34676829165423834,-0.02687754117132675,35,-0.1625319033520898,0.0,8,0.0,0.65,0.08592819749501675,-0.798385345593637,4191,-135.99863736999998,145.71,0.0,-0.034423182202358106,-0.45442961372214596,147456,0.01,0.0,0.0,0.0,-0.1858069685692707,-0.12556047435009307,-0.5,-0.5650898749836769,0.0,0.0,-7.049956727344378e-08,-0.5664098405249802,-0.2390560189478338,-0.03581436340831338,0.0,-0.00014892479844598306,-0.10393414732528132,0.0057656863,16222,-19.866709995269776,0.0276123046875,0.2,1.0003200769424438,0.7211546301841736,79.02919006347656,0.00029956992,270.3226684570312,-0.004325115203391761
0.0010850673392673747,25.09216,0.0,0.0,0.0,0.0,-0.33585407271640505,-0.027812723457119153,39,-0.1405141211661059,0.0,9,0.0,0.65,0.08770937007292179,-0.8784724147935196,4200,-135.48562945999998,143.74,0.0,-0.034054385493944156,-0.4784703586278379,165888,0.01,0.0,0.0,0.0,-0.18839144283923606,-0.12446786510142384,-0.5,-0.5566045105894113,0.0,0.0,-7.669729255241285e-08,-0.5398963325529018,-0.23547934445258686,-0.021026844202365138,0.0,-3.757007976269556e-05,-0.10402483947100828,0.0051616826,16226,-19.866754913330077,0.023486328125,0.2,1.0002559423446655,0.6852260828018188,64.57789611816406,0.00029950848,213.10134201049806,-0.004884156119078398
0.0009890387979491304,25.10368,0.0,0.0,0.0,0.0,-0.34885370766964074,-0.026454100021932225,43,-0.14166856550032583,0.0,10,0.0,0.65,0.08857347545355465,-0.856973299495071,4206,-134.94101974,141.43,0.0,-0.0346465993797542,-0.4687560815517937,184320,0.01,0.0,0.0,0.0,-0.1809098859289828,-0.1270651688512858,-0.5,-0.5497211635173452,0.0,0.0,-7.408018948611252e-08,-0.5418323051812606,-0.22510444970191867,-0.02153283810461194,0.0,0.0,-0.10381445425730612,0.00691775,16230,-19.86702890396118,0.04881591796875,0.2,1.0003589391708374,0.763607382774353,38.175376892089844,0.00029944704,124.60017051696778,-0.005901316925883293
0.0009087437776745193,25.1152,0.0,0.0,0.0,0.0,-0.32437134759749153,-0.028825820029244918,48,-0.14407446040730243,0.0,11,0.0,0.65,0.08626089221757081,-0.8463282737926153,4213,-134.57701695000003,140.12,0.0,-0.03531441682628325,-0.47805150579301947,202752,0.01,0.0,0.0,0.0,-0.17848527308940026,-0.1299034688607615,-0.5,-0.5175046224444921,0.0,0.0,-7.011284257101422e-08,-0.5364606437718791,-0.2286482656829606,-0.024082161039288365,0.0,-5.126913310959935e-05,-0.10347326258864716,0.0071094455,16234,-19.867866420745848,0.0416015625,0.2,1.0004756450653076,0.7721689343452454,28.0975341796875,0.0002993856,91.92835922241211,-0.0059030802687630056
0.001002059635033624,25.12672,0.0,0.0,0.0,0.0,-0.335722031285224,-0.026793741400624866,52,-0.13856983881323484,0.0,12,0.0,0.65,0.08641156431623528,-0.8594760050922486,4218,-134.10078967,138.31,0.0,-0.03657319936729758,-0.46766958575838097,221184,0.01,0.0,0.0,0.0,-0.16570281256903902,-0.12945737039156746,-0.5,-0.5176336189047085,0.0,0.0,-7.542073238735136e-08,-0.5394521972308868,-0.21254128125082083,-0.02738171314576414,0.0,-3.43150038841284e-05,-0.10327238766453822,0.007351417,16238,-19.86769018173218,0.05123291015625,0.2,1.0004534721374512,0.6681054830551147,25.05636978149414,0.00029932415999999997,92.37797183990479,-0.005805261846398934
0.0007367605091227839,25.13824,0.0,0.0,0.0,0.0,-0.3901884501568115,-0.022967397578912186,56,-0.13947991383804756,0.0,13,0.0,0.65,0.08398024601557443,-0.7920238037610765,4221,-132.07733802,130.11,0.0,-0.036960018652879144,-0.48944084258125403,239616,0.01,0.0,0.0,0.0,-0.1641731637507679,-0.12431786263984039,-0.5,-0.5108755454639746,0.0,0.0,-7.510583000634183e-08,-0.5445742939736457,-0.18784925459208113,-0.013408517898941742,0.0,-4.882704363101058e-06,-0.10300121435182619,0.008409498,16242,-19.86894063949585,0.072314453125,0.2,1.0006881952285767,0.6324254274368286,19.148738861083984,0.00029926272,65.6362699508667,-0.007866355066653341
0.0005468736829546591,25.14976,0.0,0.0,0.0,0.0,-0.35421817093483177,-0.02507410689216234,61,-0.1613796425448981,0.0,14,0.0,0.65,0.08213785067826955,-0.8223887123323079,4225,-134.13643127,138.31,0.0,-0.03890352833431495,-0.48780964291469825,258048,0.01,0.0,0.0,0.0,-0.16771061071300988,-0.12324148482258934,-0.5,-0.49332214509587985,0.0,0.0,-8.425848488726526e-08,-0.5441368623612362,-0.17381922495541322,-0.019472094247208374,0.0,0.0,-0.1025633490482121,0.007498483,16246,-19.871525382995607,0.07235107421875,0.2,1.0010180473327637,0.603834331035614,14.721114158630371,0.00029920128,51.55801439285278,-0.007424442120827735
0.0005056411545309755,25.16128,0.0,0.0,0.0,0.0,-0.3291474461441548,-0.02719347932897395,65,-0.16562269827203965,0.0,15,0.0,0.65,0.08076512032882514,-0.8185875497098984,4229,-134.58812892999998,140.24,0.0,-0.039673209726210946,-0.49475054365750876,276480,0.01,0.0,0.0,0.0,-0.16292745327733735,-0.13016497189454865,-0.5,-0.49758713186831294,0.0,0.0,-9.436640209603497e-08,-0.5605673994386233,-0.19037131063888682,-0.027792917299299717,0.0,0.0,-0.10239981873783227,0.0081833,16250,-19.870430278778077,0.0712158203125,0.2,1.0008625984191895,0.1967298984527588,19.172882080078125,0.00029913984,73.28947849273682,-0.007144402031553909
0.00049424814642407,25.1728,0.0,0.0,0.0,0.0,-0.2875650317815493,-0.029734374117883093,69,-0.19066493235370494,0.0,16,0.0,0.65,0.08113785970155422,-0.8146769318683611,4231,-136.65406531,148.5,0.0,-0.04065023393996774,-0.4832067153073678,294912,0.01,0.0,0.0,0.0,-0.1687591987417255,-0.1451140715540493,-0.5,-0.4859455479664361,0.0,0.0,-9.496565846264267e-08,-0.5165808305093407,-0.18503021829650898,-0.04580832868505799,0.0,0.0,-0.1024151108527373,0.010287514,16254,-19.87122211456299,0.0817626953125,0.2,1.0010480880737305,0.3896186947822571,13.550838470458984,0.0002990784,43.46515645980835,-0.009805611800402403
0.0005376507437580989,25.18432,0.0,0.0,0.0,0.0,-0.2752598214549622,-0.028848030972717105,74,-0.1746239493080305,0.0,17,0.0,0.65,0.08307947478619399,-0.7977171645318623,4232,-136.01392626999998,145.86,0.0,-0.04041426475424287,-0.47445357930026044,313344,0.01,0.0,0.0,0.0,-0.17335365599654848,-0.14965941917068507,-0.5,-0.516312354822352,0.0,0.0,-7.730420639142185e-08,-0.533435957124717,-0.18984991454870168,-0.05925430746932598,0.0,-6.645975453365181e-05,-0.10211996475951815,0.011318793,16258,-19.874109172821044,0.14364013671875,0.2,1.0014246702194214,-0.0831904411315918,14.296330451965332,0.00029901696,49.22277202606201,-0.0074591109529137615
0.0005007582949474454,25.19584,0.0,0.0,0.0,0.0,-0.28346830717475796,-0.031962390485513636,78,-0.19230504575350735,0.0,18,0.0,0.65,0.07931464812726469,-0.8292649205160945,4235,-136.71573238999997,148.62,0.0,-0.04002773734231546,-0.49717968841195387,331776,0.01,0.0,0.0,0.0,-0.16993813040597394,-0.14516326668975293,-0.5,-0.4879464876890344,0.0,0.0,-7.16302211131652e-08,-0.5207394913419682,-0.17034299653267448,-0.04316896903453546,0.0,0.0,-0.10219171304525793,0.015059312,16262,-19.875919246673583,0.1268798828125,0.2,1.0016212463378906,0.22623342275619507,7.8600287437438965,0.00029895552,25.97129201889038,-0.012352070189081132
0.0005338530043243534,25.20736,0.0,0.0,0.0,0.0,-0.24200828604731703,-0.03393364427121015,82,-0.20576703530114165,0.0,19,0.0,0.65,0.08452802432192102,-0.7230414859962447,4236,-136.83220448,149.33,0.0,-0.04193109841426457,-0.46017773062136924,350208,0.01,0.0,0.0,0.0,-0.17476573563990574,-0.15134709336658964,-0.5,-0.4704575720162664,0.0,0.0,-6.508462380314604e-08,-0.5513333117779837,-0.1669834289180952,-0.06158768779006385,0.0,0.0,-0.10160641848385636,0.015889281,16266,-19.879856014251708,0.17166748046875,0.2,1.0026483535766602,0.15956050157546997,7.118868350982666,0.00029889407999999997,25.32011971473694,-0.01056614244589582
0.0004953330402107289,25.21888,0.0,0.0,0.0,0.0,-0.2699719937758302,-0.034332813847027174,86,-0.2087467321688811,0.0,20,0.0,0.65,0.08269269200196462,-0.8220060945492871,4241,-137.55107544,152.14,0.0,-0.04051804967229347,-0.4879973856591918,368640,0.01,0.0,0.0,0.0,-0.16722977833909225,-0.16155127560170218,-0.5,-0.4448553215439612,0.0,0.0,-8.108224756803376e-08,-0.5804398703017437,-0.1767281548751974,-0.06576125034650752,0.0,-8.951672094149722e-06,-0.10206066161310506,0.05455034,16268,-19.869457244873047,0.2609049479166667,0.2,1.0006650686264038,0.48121315240859985,27.906145095825195,0.00029883264,73.83874130249023,0.007950344045336047
0.0005381932908979555,25.2304,0.0,0.0,0.0,0.0,-0.27085315435465157,-0.03929654389900416,91,-0.20559851068806334,0.0,21,0.0,0.65,0.08593495755804864,-0.8695999486933175,4243,-136.19173564,146.74,0.0,-0.04071968368210633,-0.44798385631514276,387072,0.01,0.0,0.0,0.0,-0.1883198473783817,-0.1647304517658951,-0.5,-0.45427446717856435,0.0,0.0,-7.965097735203076e-08,-0.5602517113833546,-0.16199846635389165,-0.07234278058551367,0.0,-4.882704363101058e-06,-0.10191254526369578,0.016644496,16272,-19.884071350097656,0.1464111328125,0.2,1.0031709671020508,-0.13851237297058105,7.531476020812988,0.0002987712,24.89258246421814,-0.01261927974410355
0.00045518552522278496,25.24192,0.0,0.0,0.0,0.0,-0.283950915492646,-0.037950689055302494,95,-0.1916891327910778,0.0,22,0.0,0.65,0.08812782730860587,-0.8422817481344821,4244,-137.74549513000002,152.87,0.0,-0.03854020207602407,-0.4287722033144684,405504,0.01,0.0,0.0,0.0,-0.19777057631141776,-0.1545483493392824,-0.5,-0.5111016197328502,0.0,0.0,-7.172342603203945e-08,-0.5427062631529104,-0.1774918329545664,-0.061114600187482555,0.0,-3.187352235222029e-05,-0.10245251738347001,0.02037223,16276,-19.885206985473634,0.1878173828125,0.2,1.002968668937683,0.049146175384521484,4.868027210235596,0.00029870976,15.567685604095459,-0.013969998084940016
0.0005550118641824358,25.25344,0.0,0.0,0.0,0.0,-0.26847689615618536,-0.03549694872320399,99,-0.2000711657291201,0.0,23,0.0,0.65,0.0853059444411494,-0.7044434310612575,4245,-135.65485666,144.59,0.0,-0.03849762416458882,-0.4453208063024999,423936,0.01,0.0,0.0,0.0,-0.18412472397010748,-0.16288961335120422,-0.5,-0.508461243679547,0.0,0.0,-8.619357137677888e-08,-0.5483287747968677,-0.1798348134734761,-0.06807072759419588,0.0,-3.146669930881924e-05,-0.10217360364670879,0.023199882,16280,-19.88344430923462,0.2420166015625,0.2,1.002921462059021,-0.3594088554382324,5.051528453826904,0.00029864831999999996,16.95700545310974,-0.0112126633990556
0.0008197685464337054,25.26496,0.0,0.0,0.0,0.0,-0.22425248720492982,-0.03599726172253604,104,-0.20016720957176823,0.0,24,0.0,0.65,0.08639776326779625,-0.7440219852518437,4246,-137.56355138,152.18,0.0,-0.03940677922723421,-0.42010339221609044,442368,0.01,0.0,0.0,0.0,-0.17656749482232567,-0.17643308904564062,-0.5,-0.48396804455737574,0.0,0.0,-7.950523300234254e-08,-0.5526484935485843,-0.1868016150684099,-0.10763832011027656,0.0,-3.228039713576436e-05,-0.10213971831424809,0.024445426,16284,-19.893114185333253,0.22464599609375,0.2,1.0043443441390991,-0.3166540861129761,3.9356603622436523,0.00029858688,11.550068950653076,-0.012539636483415962
0.0005832236169630454,25.27648,0.0,0.0,0.0,0.0,-0.27864898113792774,-0.029515046803135627,108,-0.19156797917776963,0.0,25,0.0,0.65,0.08812420371469237,-0.7344196315293943,4247,-134.36603195000004,139.43,0.0,-0.03804393472814837,-0.41524554570570893,460800,0.01,0.0,0.0,0.0,-0.173761503694703,-0.14089235383409757,-0.5,-0.4986452823439272,0.0,0.0,-5.920794472467057e-08,-0.551831109691504,-0.17695834102246052,-0.058941322365477125,0.0,-0.0001650647900532931,-0.10244556458816578,0.029355565,16288,-19.890911483764647,0.26708984375,0.2,1.0038994550704956,-0.5593172311782837,3.3314459323883057,0.00029852544,11.091850805282593,-0.01081929923966527
0.0007145169139322308,25.288,0.0,0.0,0.0,0.0,-0.269517211191414,-0.036874059628443395,112,-0.17700784756856278,0.0,26,0.0,0.65,0.08693023517445898,-0.7988298679940846,4249,-134.45802113,139.85,0.0,-0.03855464885285918,-0.39972206061199206,479232,0.01,0.0,0.0,0.0,-0.18930080349163947,-0.1705269282405329,-0.5,-0.5048010542919762,0.0,0.0,-6.953830556677478e-08,-0.528541925621862,-0.16114876432135306,-0.08638748532762724,0.0,-2.3599979208989276e-05,-0.10243116399418614,0.023922998,16292,-19.88667631149292,0.23570556640625,0.2,1.0032896995544434,-0.8237509727478027,3.441164493560791,0.00029846399999999997,11.457766795158387,-0.010279375151731074
0.0007459837264226129,25.29952,0.0,0.0,0.0,0.0,-0.25372405393013786,-0.028919486571991157,117,-0.18784132481968813,0.0,27,0.0,0.65,0.08526652174171073,-0.762904166543941,4250,-133.86599127,137.4,0.0,-0.03853561760341497,-0.441140257894475,497664,0.01,0.0,0.0,0.0,-0.17497983037381812,-0.14057433441463627,-0.5,-0.4516092103303156,0.0,0.0,-7.4060971275009e-08,-0.5385404094046462,-0.17859929787062948,-0.0794511975551128,0.0,-2.1565463005875547e-05,-0.10252181759315739,0.021591425,16296,-19.887055587768554,0.23349609375,0.2,1.0034117698669434,-0.9920734167098999,2.997316598892212,0.00029840256,9.782124853134155,-0.013458147225901485
0.0006217436004792236,25.31104,0.0,0.0,0.0,0.0,-0.25554020974247277,-0.03562396703185395,122,-0.205553688948629,0.0,28,0.0,0.65,0.08910119774603502,-0.7230988860268635,4205,-133.51662892000002,135.97,0.0,-0.038479409429645874,-0.4098761466955634,516096,0.01,0.0,0.0,0.0,-0.20156319640849826,-0.17254692955052076,-0.5,-0.49452823189405354,0.0,0.0,-7.255066911112289e-08,-0.53593992700698,-0.15853632680135885,-0.10746731354192417,0.0,-1.627583211908738e-05,-0.10245929510076113,0.022765495,16300,-19.889102077484132,0.27723388671875,0.2,1.003780722618103,-1.1343510150909424,2.436002492904663,0.00029834112,8.544803357124328,-0.006184488936560229
0.0005805109297701468,25.32256,0.0,0.0,0.0,0.0,-0.25908802921149865,-0.02956155591948598,126,-0.20230989902080507,0.0,29,0.0,0.65,0.08718566294220596,-0.7726455389848242,4210,-135.79648450000002,145.12,0.0,-0.03872295020265497,-0.39063535158205576,534528,0.01,0.0,0.0,0.0,-0.18285891788242564,-0.12952991365121308,-0.5,-0.5098552978403502,0.0,0.0,-7.052385890496139e-08,-0.5123877849095729,-0.17234425114943294,-0.06532606626633321,0.0,0.0,-0.10286500543383253,0.023325644,16301,-19.86648178100586,0.23468017578125,0.2,1.0003591775894165,0.807870090007782,33.53864669799805,0.00029827968,81.84611320495605,0.009170136705506593
0.0004812272996382995,25.33408,0.0,0.0,0.0,0.0,-0.27205635071252626,-0.03453906236344413,131,-0.1955182162902109,0.0,30,0.0,0.65,0.09064244416519152,-0.8132855972559656,4212,-135.15894577999998,142.72,0.0,-0.037541766697553276,-0.3784538567336331,552960,0.01,0.0,0.0,0.0,-0.17981556108851446,-0.1424764340798581,-0.5,-0.5116836028676182,0.0,0.0,-7.456887114500647e-08,-0.5456653707158048,-0.15572758984429438,-0.0663284055992868,0.0,-0.00025648225790872757,-0.1025984707487272,0.017588317,16305,-19.88074359893799,0.26302490234375,0.2,1.0025608539581299,0.21486353874206543,3.888094425201416,0.00029821823999999996,17.286020278930664,-0.0039901102660223845
0.0004519304655130125,25.3456,0.0,0.0,0.0,0.0,-0.22474527506361536,-0.0346678801633617,135,-0.23631192475847015,0.0,31,0.0,0.65,0.08847081947669592,-0.6796340733697683,4213,-136.23083046,147.11,0.0,-0.03979016104989555,-0.3793280080106409,571392,0.01,0.0,0.0,0.0,-0.20227786057598696,-0.1569369012820367,-0.5,-0.48838038058853717,0.0,0.0,-7.387944558079017e-08,-0.5156272602333468,-0.14878256351811492,-0.09896278260580725,0.0,-2.536312482940654e-05,-0.10210580887324015,0.022229409,16309,-19.883181381225587,0.233056640625,0.2,1.0024702548980713,-1.8289296627044678,3.2328298091888428,0.0002981568,9.634527492523194,-0.00974424513988197
0.0008148858356030865,25.35712,0.0,0.0,0.0,0.0,-0.21414821497503853,-0.032234122653113595,139,-0.2402437742286324,0.0,32,0.0,0.65,0.0872099452728348,-0.6589383553364523,4214,-134.92855997,141.65,0.0,-0.039377067480697345,-0.38131074822296646,589824,0.01,0.0,0.0,0.0,-0.19907127944755548,-0.16610602936174898,-0.5,-0.48612219370706533,0.0,0.0,-7.176201871086928e-08,-0.5259409157542377,-0.1706988365588174,-0.12505527204651445,0.0,-8.653331315144897e-05,-0.10236286129910543,0.0140706925,16313,-19.874076557159423,0.2697998046875,0.2,1.0013169050216675,0.5146987438201904,15.464717864990234,0.00029809536,53.26188459396362,-0.0028441439499147236
0.0005403635247300068,25.36864,0.0,0.0,0.0,0.0,-0.24693514640568592,-0.025981260062334362,144,-0.21062508008782369,0.0,33,0.0,0.65,0.08750383734096188,-0.7354872983418501,4216,-133.75946026,137.18,0.0,-0.0390894052592032,-0.38869102248054044,608256,0.01,0.0,0.0,0.0,-0.1771064773737512,-0.13622575459226957,-0.5,-0.4825500723171365,0.0,0.0,-7.116856287513457e-08,-0.5105985098764897,-0.15187287842760605,-0.04885184148851851,0.0,-7.4597159659283025e-06,-0.10255290405976758,0.011245864,16317,-19.876797199249268,0.11015625,0.2,1.0020008087158203,0.8258783221244812,11.72830867767334,0.00029803391999999997,47.26661176681519,-0.007828904571942985
0.000460611074231565,25.38016,0.0,0.0,0.0,0.0,-0.24843643971094037,-0.03714210364384152,148,-0.21429062159620488,0.0,34,0.0,0.65,0.08957169883623983,-0.808736893408561,4217,-135.83009843000002,145.44,0.0,-0.03802981690164316,-0.36291105970210386,626688,0.01,0.0,0.0,0.0,-0.20212934959603812,-0.14099105516829374,-0.5,-0.48489543306729366,0.0,0.0,-6.733265204129506e-08,-0.5062250549466549,-0.14287857084255906,-0.07036800078462635,0.0,-3.933269504664673e-06,-0.10277107624288331,0.016031306,16321,-19.882907390594482,0.1458984375,0.2,1.0028331279754639,0.3055841326713562,3.507028579711914,0.00029797248,12.816815114021301,-0.013305416121147573
0.0007400160991690225,25.39168,0.0,0.0,0.0,0.0,-0.24319640387092806,-0.03558681806594686,152,-0.19350275669256237,0.0,35,0.0,0.65,0.08831049912877423,-0.7582541422061827,4219,-136.19292392,146.83,0.0,-0.03702741320309652,-0.37964443307658435,645120,0.01,0.0,0.0,0.0,-0.1896228603225811,-0.14993293674821376,-0.5,-0.5352840481086008,0.0,0.0,-8.511561316394547e-08,-0.5208484484897393,-0.16572998418129756,-0.07360997548388863,0.0,-0.0004585754844204833,-0.10300919960774745,0.024162307,16325,-19.882749366760255,0.2272216796875,0.2,1.0029133558273315,-1.6289467811584473,2.397085189819336,0.00029791104,9.488877248764037,-0.014530514692887663
0.0005929894040390435,25.4032,0.0,0.0,0.0,0.0,-0.26121044399716536,-0.034392586903717916,157,-0.19346631485452753,0.0,36,0.0,0.65,0.09339699444447756,-0.8297153359383697,4222,-135.8284221,145.39,0.0,-0.03756538160651833,-0.3672261659574734,663552,0.01,0.0,0.0,0.0,-0.19843356024136155,-0.144154762298369,-0.5,-0.51579288532144,0.0,0.0,-7.032855903449217e-08,-0.5049537187862093,-0.1567121887355597,-0.045650864183294775,0.0,-4.068747835440768e-07,-0.10302996448391195,0.041812897,16327,-19.8694007396698,0.27191162109375,0.2,1.0007457733154297,-0.33031439781188965,17.71984100341797,0.0002978496,42.01095771789551,0.0036518861015792936
0.0005468738802139544,25.41472,0.0,0.0,0.0,0.0,-0.2581511832880291,-0.03261734424621846,161,-0.18006773048662708,0.0,37,0.0,0.65,0.08732870866231367,-0.8905867582542856,4224,-136.34198949999998,147.39,0.0,-0.03665940472656166,-0.4200614736207989,681984,0.01,0.0,0.0,0.0,-0.18005802481402441,-0.1329013054625648,-0.5,-0.516443719218407,0.0,0.0,-7.630462054236705e-08,-0.5180896809317844,-0.18526425436609023,-0.04909797770674307,0.0,-2.0887204704599248e-05,-0.10293579390783424,0.015999947,16331,-19.877682781219484,0.14114990234375,0.2,1.0022118091583252,-0.1813298463821411,3.7480874061584473,0.00029778815999999996,12.656364965438843,-0.015285276109352708
0.0007389310695644882,25.42624,0.0,0.0,0.0,0.0,-0.2737798044758109,-0.03210765598672779,165,-0.16690389424957383,0.0,38,0.0,0.65,0.090347167675126,-0.8668082914879425,4225,-135.87067591000002,145.59,0.0,-0.036090088164912305,-0.40614902904937566,700416,0.01,0.0,0.0,0.0,-0.18884101522754435,-0.126712397388271,-0.5,-0.500254780171752,0.0,0.0,-7.589745216850864e-08,-0.5399208027164624,-0.16199828407920464,-0.036518003725537006,0.0,0.0,-0.10328455364454486,0.015932966,16335,-19.88125705718994,0.1757080078125,0.2,1.0028808116912842,-0.831673264503479,2.9176015853881836,0.00029772672,10.124731826782227,-0.010777762497309596
0.0005843086659701334,25.43776,0.0,0.0,0.0,0.0,-0.2505052000636653,-0.03530754080962569,170,-0.1720376330196195,0.0,39,0.0,0.65,0.09451568674482512,-0.851191006084478,4226,-135.55577620999998,144.38,0.0,-0.036305572184320525,-0.3786200357500429,718848,0.01,0.0,0.0,0.0,-0.18823704183921086,-0.13213759743232542,-0.5,-0.545823037704976,0.0,0.0,-7.385602059909704e-08,-0.5151012222352646,-0.16047939793419708,-0.04869794585675696,0.0,-6.957948143180046e-05,-0.10304098799910037,0.023982178,16339,-19.8926700592041,0.239892578125,0.2,1.004526972770691,-1.072627305984497,2.593168258666992,0.00029766528,9.041807532310486,-0.010797394067049026
0.0005864788933346669,25.44928,0.0,0.0,0.0,0.0,-0.23082984532559875,-0.03883458614951826,174,-0.20229295674548572,0.0,40,0.0,0.65,0.08883261018928937,-0.8054741364357922,4227,-138.10638645999998,154.56,0.0,-0.03698111908132869,-0.37624776991117903,737280,0.01,0.0,0.0,0.0,-0.1858483070442046,-0.15719296918754125,-0.5,-0.5211708015021992,0.0,0.0,-7.391079321736444e-08,-0.5088265999359904,-0.16284257062576468,-0.05416893045931349,0.0,-8.748312312592234e-05,-0.10307511598991725,0.027038718,16343,-19.895624828338622,0.284521484375,0.2,1.0045675039291382,-1.296757698059082,1.7547178268432617,0.00029760383999999997,5.702467596530914,-0.010946593165863305
0.0006087227148883459,25.4608,0.0,0.0,0.0,0.0,-0.2301892551412467,-0.0339664352528422,178,-0.18447873940515236,0.0,41,0.0,0.65,0.09305666481204199,-0.8329277589052042,4229,-136.1386406,146.65,0.0,-0.03829358373705971,-0.3788963067159116,755712,0.01,0.0,0.0,0.0,-0.18616619649224941,-0.14433498263638722,-0.5,-0.4969107623453212,0.0,0.0,-7.362397063917693e-08,-0.5271683981836929,-0.1566857201140138,-0.06536986062373196,0.0,-1.4241341786045166e-05,-0.10265150579003295,0.020129882,16347,-19.88902997970581,0.25460205078125,0.2,1.0037344694137573,-0.49770915508270264,2.6283442974090576,0.0002975424,9.112446212768555,-0.00830151472473517
0.0004394522402435541,25.47232,0.0,0.0,0.0,0.0,-0.23037769797976754,-0.04315285831498582,183,-0.19763605016830138,0.0,42,0.0,0.65,0.08844270934100656,-0.7674622055622498,4229,-134.95080583,141.86,0.0,-0.037397312440550556,-0.36680815747074386,774144,0.01,0.0,0.0,0.0,-0.2067078434431705,-0.16109590760610784,-0.5,-0.543720502859959,0.0,0.0,-7.365490810884239e-08,-0.49988370238212176,-0.1523523388204399,-0.07791453551045072,0.0,-0.0006133331642356805,-0.10240597390218642,0.013984328,16351,-19.882729625701906,0.1879638671875,0.2,1.0023059844970703,-0.4922492504119873,3.2347278594970703,0.00029748096,11.943585562705994,-0.009599426842760295
0.0007172296431639956,25.48384,0.0,0.0,0.0,0.0,-0.24727384327134289,-0.03770153470277385,187,-0.20236487056903513,0.0,43,0.0,0.65,0.08742250275142066,-0.8314637100520286,4230,-136.01763165000003,146.37,0.0,-0.03818428888263007,-0.39703148775834385,792576,0.01,0.0,0.0,0.0,-0.19033167066432793,-0.1481808311042251,-0.5,-0.5155532467792161,0.0,0.0,-9.436380447385428e-08,-0.5164251855180875,-0.17368935981990138,-0.06593878989213683,0.0,-4.882704363101058e-06,-0.10270432392529935,0.018412197,16355,-19.877434158325194,0.16324462890625,0.2,1.0020402669906616,-0.07133305072784424,1.9281017780303955,0.00029741952,7.569399046897888,-0.013494483788963407
0.0005669477622076455,25.49536,0.0,0.0,0.0,0.0,-0.21732299346059583,-0.035181892102241735,191,-0.2004298430951379,0.0,44,0.0,0.65,0.092876080426627,-0.7625908127094729,4231,-134.95070791999999,141.89,0.0,-0.03800559181933009,-0.39679040783022856,811008,0.01,0.0,0.0,0.0,-0.21034275024581975,-0.138950840989854,-0.5,-0.48755054099573414,0.0,0.0,-7.477471854128755e-08,-0.5159854992756003,-0.14819971429677498,-0.06293557625475994,0.0,0.0,-0.10262002043481189,0.016916292,16359,-19.877418804168702,0.27958984375,0.2,1.0020134449005127,0.4094661474227905,10.454549789428711,0.00029735807999999996,36.40845170021057,-0.0050572933978401124
0.0005463313589441694,25.50688,0.0,0.0,0.0,0.0,-0.2342907147984521,-0.0378273332868451,195,-0.19018966318000827,0.0,45,0.0,0.65,0.09072471022520058,-0.8499150451702907,4232,-137.57107508999997,152.29,0.0,-0.03615459665331772,-0.38386772462898816,829440,0.01,0.0,0.0,0.0,-0.18689016491411503,-0.1512131099738117,-0.5,-0.5550517696238089,0.0,0.0,-6.976091903981007e-08,-0.5141578420084785,-0.16092429491657245,-0.06977602194327855,0.0,-1.8445956003334788e-05,-0.10313014994523857,0.0136342775,16363,-19.876876449584962,0.14718017578125,0.2,1.0018445253372192,-1.2553160190582275,3.4853594303131104,0.00029729664,13.338828325271606,-0.011144587909802795
0.0007356758255304561,25.5184,0.0,0.0,0.0,0.0,-0.25654231049952736,-0.029510279133116737,200,-0.20679393513048985,0.0,46,0.0,0.65,0.08865005141817078,-0.7215186180831653,4233,-134.32227437,139.32,0.0,-0.038638200569127104,-0.3977863346201092,847872,0.01,0.0,0.0,0.0,-0.18366196565079226,-0.13895153421196774,-0.5,-0.48816740410280307,0.0,0.0,-6.718089592969549e-08,-0.510205044498071,-0.17195134513175242,-0.06625849221081692,0.0,-4.882704363101058e-06,-0.10219018645955298,0.018367294,16367,-19.882141590118408,0.1962158203125,0.2,1.0026724338531494,-1.3216910362243652,2.358658790588379,0.0002972352,9.479667067527771,-0.011859992577228695
0.0006949857116625127,25.52992,0.0,0.0,0.0,0.0,-0.2188875684673315,-0.035038948118359475,204,-0.18196462067333008,0.0,47,0.0,0.65,0.0917655643205198,-0.7496080300797908,4233,-134.6494812,140.79,0.0,-0.037528472330573846,-0.4000078934673461,866304,0.01,0.0,0.0,0.0,-0.20442958034174377,-0.13656166051818575,-0.5,-0.4989232550037505,0.0,0.0,-7.293861912323503e-08,-0.5211361587148775,-0.15305335669417766,-0.06353665385898193,0.0,0.0,-0.10280664535278401,0.028700251,16371,-19.885161876678467,0.26944580078125,0.2,1.0030564069747925,-1.3520805835723877,1.926458477973938,0.00029717375999999997,6.7264395475387575,-0.013217562006320804
0.0007758233146483286,25.54144,0.0,0.0,0.0,0.0,-0.24207881137557274,-0.03767099107360453,208,-0.16883570736683245,0.0,48,0.0,0.65,0.09204816406470027,-0.8575385005691024,4234,-136.23092464,147.2,0.0,-0.03637198915618359,-0.3911923839499611,884736,0.01,0.0,0.0,0.0,-0.200344422013232,-0.1462288453635787,-0.5,-0.5377772074263504,0.0,0.0,-7.417034192929074e-08,-0.4922521432091867,-0.1586720681178528,-0.06576030499590708,0.0,-2.8482787052376403e-05,-0.10299462512076955,0.024094027,16375,-19.880849742889403,0.27379150390625,0.2,1.0025694370269775,-1.9914207458496094,2.064185619354248,0.00029711232,6.535027360916137,-0.0103923199349083
0.0005609798665520631,25.55296,0.0,0.0,0.0,0.0,-0.266045242950235,-0.0336152728832991,213,-0.1754929534516666,0.0,49,0.0,0.65,0.08813384630680296,-0.837969640196694,4234,-134.39019462,139.48,0.0,-0.03763978196737172,-0.42097293875158326,903168,0.01,0.0,0.0,0.0,-0.18626356726995888,-0.13296997343932584,-0.5,-0.5099205161984933,0.0,0.0,-8.76090699512989e-08,-0.5134094958169214,-0.15985450412371416,-0.041442796235793916,0.0,-4.068747835440768e-07,-0.10264978805546802,0.020562459,16379,-19.881088066101075,0.2613037109375,0.2,1.0028566122055054,-1.8571410179138184,1.7980706691741943,0.00029705088,9.392975020408631,-0.005050835281144828
0.0003971345852025681,25.56448,0.0,0.0,0.0,0.0,-0.24820478474430185,-0.033402286728322975,217,-0.18351251882110733,0.0,50,0.0,0.65,0.0893753407609585,-0.7620071725248135,4235,-133.97586293,137.93,0.0,-0.03806822677674012,-0.41480970979515774,921600,0.01,0.0,0.0,0.0,-0.18100194105408787,-0.12489743835641996,-0.5,-0.5322595281139874,0.0,0.0,-8.710893890716649e-08,-0.5178785339279746,-0.1600832732897307,-0.03434947157507359,0.0,-1.3562837719089455e-06,-0.10245252448040583,0.028890466,16383,-19.888716602325438,0.27232666015625,0.2,1.004034399986267,-2.0662710666656494,1.3481100797653198,0.00029698944,5.581323456764221,-0.01066427001496777
0.000572373078385782,25.576,0.0,0.0,0.0,0.0,-0.253028950503038,-0.03262341345387552,221,-0.16704757756551675,0.0,51,0.0,0.65,0.09064925819343259,-0.803000410310314,4236,-135.37407266,143.53,0.0,-0.03871365426344429,-0.4241297261785642,940032,0.01,0.0,0.0,0.0,-0.20348844754746453,-0.11803977489391955,-0.5,-0.5289814121721288,0.0,0.0,-7.18117439396849e-08,-0.513470489062686,-0.16533053994895736,-0.026581712857974536,0.0,-0.00041788599143425625,-0.10243280661038237,0.040382862,16387,-19.89889621734619,0.36505126953125,0.2,1.0051333904266357,-1.9229252338409424,1.1531842947006226,0.00029692799999999996,3.7090093016624452,-0.006312222185079009
0.0006439875061106351,25.58752,0.0,0.0,0.0,0.0,-0.26091765309854437,-0.04009629256687468,226,-0.17111601663666004,0.0,52,0.0,0.65,0.08925448470935803,-0.8605385198330775,4237,-135.38987695999998,143.64,0.0,-0.03838835006855671,-0.4020057681066404,958464,0.01,0.0,0.0,0.0,-0.20145035199797767,-0.15058134851986374,-0.5,-0.5009168670057532,0.0,0.0,-8.562450111320213e-08,-0.5343484253510624,-0.14717226762077457,-0.06772124885082699,0.0,0.0,-0.10284009395175589,0.032542333,16391,-19.893858623504638,0.32904052734375,0.2,1.0044001340866089,-2.083360195159912,1.174630880355835,0.00029686656,4.368719065189362,-0.009851186536252499
0.000556639689926265,25.59904,0.0,0.0,0.0,0.0,-0.28718870525379986,-0.03284810168385619,230,-0.15049122816282676,0.0,53,0.0,0.65,0.08975902425766359,-0.90556589400432,4238,-134.99726022,141.95,0.0,-0.0364288897019085,-0.4258377910793338,976896,0.01,0.0,0.0,0.0,-0.20075089399345358,-0.1219845768607557,-0.5,-0.548937681056261,0.0,0.0,-7.618918490413648e-08,-0.5199121716650099,-0.16506919680271273,-0.02536481548131374,0.0,-1.3562837719089455e-06,-0.1030964060051816,0.028713692,16395,-19.897374534606932,0.27950439453125,0.2,1.0046677589416504,-1.627258062362671,1.1475670337677002,0.00029680512,3.9375357031822205,-0.014397446624934673
0.0006136057102897515,25.61056,0.0,0.0,0.0,0.0,-0.2572917142297151,-0.03634922938945539,234,-0.1578718248667691,0.0,54,0.0,0.65,0.08938170447333009,-0.8848863107084798,4239,-136.54324534,148.22,0.0,-0.036111515473529164,-0.40226238083010973,995328,0.01,0.0,0.0,0.0,-0.1899016163658408,-0.12504650152344812,-0.5,-0.5180471591506669,0.0,0.0,-6.85353621811826e-08,-0.511994799642389,-0.1711894379082316,-0.053873411675857026,0.0,-2.034438592899177e-06,-0.10315859310458009,0.03689645,16398,-19.883091119619515,0.26171875,0.2,1.0026291608810425,-2.084644317626953,1.1460497379302979,0.00029674367999999997,3.5302567115196815,-0.0017270388511510997
0.0005381933943782416,25.62208,0.0,0.0,0.0,0.0,-0.2682449963857155,-0.03820440174179146,240,-0.152744116585472,0.0,55,0.0,0.65,0.09281552114678135,-0.9385293365218339,4219,-136.06328193999997,146.31,0.0,-0.03727969068631817,-0.3792832416976477,1013760,0.01,0.0,0.0,0.0,-0.19840326210004927,-0.12154585172309756,-0.5,-0.5669934132313851,0.0,0.0,-6.574028481374004e-08,-0.5135217444759147,-0.16602165503433058,-0.017021400638581968,0.0,0.0,-0.103127383704687,0.019435104,16399,-19.870067977905272,0.224560546875,0.2,1.0006797313690186,-0.7743251323699951,7.929386138916016,0.00029668224,28.23481216430664,0.0069200672209262844
0.0005457890058298492,25.6336,0.0,0.0,0.0,0.0,-0.2899056255227953,-0.0333162515835486,244,-0.14516758004297223,0.0,56,0.0,0.65,0.08858355510920682,-0.9474305896387484,4220,-135.74294743,144.98,0.0,-0.03466471471550706,-0.40200322500280117,1032192,0.01,0.0,0.0,0.0,-0.19181962339833317,-0.11335797791782823,-0.5,-0.5576497303409212,0.0,0.0,-8.233013348379149e-08,-0.5129771356180207,-0.17154674520523608,-0.023558648564681692,0.0,0.0,-0.10354689276558414,0.020475099,16403,-19.88213062286377,0.178515625,0.2,1.0026315450668335,-2.200742483139038,1.213183879852295,0.0002966208,4.128678238391876,-0.012873362377285957
0.0005457889282196346,25.64512,0.0,0.0,0.0,0.0,-0.30281461303798873,-0.036350235571631445,248,-0.13783811155924136,0.0,57,0.0,0.65,0.08620216601577488,-1.007606407963428,4221,-134.86307033999998,141.47,0.0,-0.03491195762755856,-0.3980416984067494,1050624,0.01,0.0,0.0,0.0,-0.18784433008103454,-0.10727934308561893,-0.5,-0.5567068848953357,0.0,0.0,-7.423906463418745e-08,-0.5137612240038592,-0.16559563433032862,-0.01236469980991085,0.0,0.0,-0.1037565134761102,0.031104168,16407,-19.887203216552734,0.24881591796875,0.2,1.0037894248962402,-1.474963903427124,0.9743289947509766,0.00029655936,3.2920952320098875,-0.010471173888072371
0.000474716940920593,25.65664,0.0,0.0,0.0,0.0,-0.34659448866158526,-0.03172262408113802,253,-0.1254701923327412,0.0,58,0.0,0.65,0.08697357015353017,-1.0203463775181802,4223,-133.96762245999997,137.9,0.0,-0.033834191253245334,-0.423081955905914,1069056,0.01,0.0,0.0,0.0,-0.19541056603937165,-0.10234285907633277,-0.5,-0.57223152929526,0.0,0.0,-8.17641827132669e-08,-0.5308760078669851,-0.16364476628061678,-0.007241474662616943,0.0,0.0,-0.1037800109774429,0.019535312,16408,-19.86631965637207,0.19986979166666666,0.2,1.0002927780151367,-1.8836350440979004,2.2035374641418457,0.00029649791999999996,5.149783134460449,0.008015617883453766
0.00045627085556690063,25.66816,0.0,0.0,0.0,0.0,-0.3196639313119706,-0.0374693793741945,257,-0.12884784836114505,0.0,59,0.0,0.65,0.08977966052419804,-1.0772624130431057,4225,-135.33335725,143.39,0.0,-0.03369622153331127,-0.41309069643252333,1087488,0.01,0.0,0.0,0.0,-0.19852201100253686,-0.10701177082634002,-0.5,-0.5851816020236758,0.0,0.0,-9.21173818222661e-08,-0.5487726460525831,-0.17377404116855588,-0.012322828748480187,0.0,0.0,-0.10388860287062954,0.03227754,16410,-19.877399020724827,0.2912326388888889,0.2,1.0018970966339111,-3.414977550506592,0.8037582039833069,0.00029643648,2.314163406689962,0.007186016843964656
0.0003580721774293731,25.67968,0.0,0.0,0.0,0.0,-0.2964773923252141,-0.03592564227886917,261,-0.13494761605482875,0.0,60,0.0,0.65,0.08598889515995665,-1.0942762780054889,4226,-135.53285302000003,144.09,0.0,-0.03548993603411193,-0.45008069451109733,1105920,0.01,0.0,0.0,0.0,-0.20522014557505833,-0.10501332769347574,-0.5,-0.5668119650219848,0.0,0.0,-9.69147451946606e-08,-0.5550320737530966,-0.18496316688501593,-0.010386941306557072,0.0,0.0,-0.10354991991739868,0.03284357,16414,-19.9069712638855,0.330078125,0.2,1.0063952207565308,-4.163454532623291,0.6930148601531982,0.00029637504,2.6141366481781008,-0.0068994697881862525
0.0006217436263492951,25.6912,0.0,0.0,0.0,0.0,-0.3181214466100683,-0.03549512710092379,265,-0.12723857472002872,0.0,61,0.0,0.65,0.08833471406608467,-1.0214143322532703,4227,-134.34134511,139.57,0.0,-0.03511999566270154,-0.4352214211672607,1124352,0.01,0.0,0.0,0.0,-0.206836646736285,-0.11249190620148733,-0.5,-0.5735786042048272,0.0,0.0,-9.20487805105144e-08,-0.5331568882381464,-0.18227859390700887,-0.020302894960029204,0.0,0.0,-0.10351034074708126,0.02729392,16418,-19.895585536956787,0.2854736328125,0.2,1.0041403770446777,-1.1255481243133545,1.1831085681915283,0.00029631359999999997,3.3550068020820616,-0.007283587672282011
0.0005360233254678962,25.70272,0.0,0.0,0.0,0.0,-0.29199881117649346,-0.03579973326399433,270,-0.1353005150092742,0.0,62,0.0,0.65,0.09012959260591241,-0.9731441748455203,4228,-134.59780933,140.43,0.0,-0.03576845496293841,-0.40440531855870027,1142784,0.01,0.0,0.0,0.0,-0.20894261296551445,-0.1138934562111605,-0.5,-0.552031912145858,0.0,0.0,-9.542332971085646e-08,-0.5348377536289057,-0.15661842250898672,-0.022896020681161075,0.0,0.0,-0.10355412606028962,0.045135763,16420,-19.869784218924387,0.2528599330357143,0.2,1.0006500482559204,-1.1346182823181152,2.9407994747161865,0.00029625216,9.883587156023298,0.0046550128941557235
0.0005696603976604012,25.71424,0.0,0.0,0.0,0.0,-0.27045025164952763,-0.03697382994183735,274,-0.13889832265447344,0.0,63,0.0,0.65,0.0878543912731834,-0.9732684960490217,4229,-135.09959902999998,142.41,0.0,-0.03593026892666162,-0.41564321021982464,1161216,0.01,0.0,0.0,0.0,-0.19932854335195185,-0.12244446045330903,-0.5,-0.5554825259159221,0.0,0.0,-9.266334364467531e-08,-0.519059290986291,-0.1598795371027537,-0.030028450474628543,0.0,-1.3562061616943942e-07,-0.10321684378424323,0.011430517,16424,-19.876054763793945,0.1357666015625,0.2,1.0016090869903564,0.3757184147834778,1.7148346900939941,0.00029619072,8.590418028831483,-0.0075397604028694335
0.00053005547185118,25.72576,0.0,0.0,0.0,0.0,-0.30017672741356355,-0.0367401756091488,278,-0.14194163822671524,0.0,64,0.0,0.65,0.09041389034654586,-0.9377228544439669,4229,-135.26731825000002,143.09,0.0,-0.035754353619308635,-0.39443027817205123,1179648,0.01,0.0,0.0,0.0,-0.20178608521514743,-0.11885962825562119,-0.5,-0.5332374338745531,0.0,0.0,-8.707396464346857e-08,-0.5496798245841368,-0.1602350645826351,-0.013134411888101879,0.0,-2.848226965094606e-06,-0.10330196414156628,0.03309042,16428,-19.886021041870116,0.2400634765625,0.2,1.0035855770111084,-3.6617202758789062,0.571123480796814,0.00029612928,2.466284763813019,-0.017677954281680286
0.0004551857677547054,25.73728,0.0,0.0,0.0,0.0,-0.316887281221436,-0.033797821759869506,283,-0.13901509232576897,0.0,65,0.0,0.65,0.0911705898530526,-0.9780589630971723,4230,-135.11669891,142.41,0.0,-0.03540204422219211,-0.4083790105204026,1198080,0.01,0.0,0.0,0.0,-0.21205944112900244,-0.11681213139291913,-0.5,-0.5707794370824133,0.0,0.0,-7.642523346790506e-08,-0.5331648854760891,-0.17039134104517872,-0.013469664189860255,0.0,-7.4597159659283025e-06,-0.10351317392423333,0.054860752,16430,-19.86995569864909,0.2631022135416667,0.2,1.0007086992263794,0.11360067129135132,4.6563873291015625,0.00029606783999999996,15.62926197052002,0.006093004097541173
0.0004600686176369588,25.7488,0.0,0.0,0.0,0.0,-0.32938861509533063,-0.0321419138899521,287,-0.13416936948957198,0.0,66,0.0,0.65,0.09035799793598559,-0.9486943134456255,4231,-134.44758889,139.78,0.0,-0.03364532536681638,-0.394935488905756,1216512,0.01,0.0,0.0,0.0,-0.19501217146197425,-0.11159107068008489,-0.5,-0.5666738760215931,0.0,0.0,-7.195441692560172e-08,-0.5485080819879252,-0.14717107659632098,-0.005691069725291652,0.0,0.0,-0.10373458610622974,0.023565732,16434,-19.883560562133788,0.20682373046875,0.2,1.0029566287994385,-1.619257926940918,0.7816331386566162,0.0002960064,2.89864844083786,-0.015260128036607057
0.0006884753238409758,25.76032,0.0,0.0,0.0,0.0,-0.27565306591665056,-0.03591228427226064,291,-0.13677420507432872,0.0,67,0.0,0.65,0.09176934842367428,-1.0433065785785736,4231,-136.54806833,148.13,0.0,-0.03648714495948435,-0.3992899106955023,1234944,0.01,0.0,0.0,0.0,-0.19909900912159212,-0.11407618931015434,-0.5,-0.538716872285291,0.0,0.0,-7.729758272199004e-08,-0.5203799473271996,-0.16875572871339795,-0.00997091033082285,0.0,0.0,-0.10325031316053883,0.023063261,16438,-19.889383792877197,0.26678466796875,0.2,1.003836989402771,-2.5026748180389404,0.7317647337913513,0.00029594496,3.1645809412002563,-0.00983745262492448
0.0006391047920462572,25.77184,0.0,0.0,0.0,0.0,-0.26195089284148254,-0.037779920160306506,296,-0.1566115818478247,0.0,68,0.0,0.65,0.09421132312466282,-0.9414704104495004,4231,-136.22820912999998,147.03,0.0,-0.036232366624654816,-0.3965059953664188,1253376,0.01,0.0,0.0,0.0,-0.2172507137305122,-0.12301037990141014,-0.5,-0.4979915984758026,0.0,0.0,-7.170978335715806e-08,-0.5608577632744638,-0.16406340560098776,-0.028250974850086954,0.0,0.0,-0.10323181442801677,0.024290588,16442,-19.890888023376466,0.245654296875,0.2,1.004265308380127,-1.9798924922943115,0.6368858814239502,0.00029588351999999997,2.709486502408981,-0.011917579534929246
0.0006526681762706074,25.783360000000002,0.0,0.0,0.0,0.0,-0.28223899969489136,-0.035950347603084534,300,-0.14571011966824313,0.0,69,0.0,0.65,0.09114111100657553,-0.9704383492928075,4231,-135.4665101,143.95,0.0,-0.036782041664894315,-0.4179169486298635,1271808,0.01,0.0,0.0,0.0,-0.2079234272671693,-0.11916746708519052,-0.5,-0.5277114322312304,0.0,0.0,-7.48434668188966e-08,-0.5382069156744603,-0.16144848844692478,-0.013588704661526294,0.0,-1.8445956003334788e-05,-0.10312677569839743,0.01789136,16446,-19.888293170928954,0.291796875,0.2,1.0032434463500977,-1.2465221881866455,1.4363203048706055,0.00029582208,5.00554279088974,-0.0058872394496574994
0.0006401898022482379,25.79488,0.0,0.0,0.0,0.0,-0.26064568255487097,-0.038961341802424575,304,-0.15325850728925705,0.0,70,0.0,0.65,0.092165750439011,-1.0073869938429258,4232,-134.97669360999998,141.99,0.0,-0.0365918159932126,-0.386927354394712,1290240,0.01,0.0,0.0,0.0,-0.21552386157339457,-0.11739022178362991,-0.5,-0.5251113536156473,0.0,0.0,-8.148648238368136e-08,-0.5089089798396109,-0.15302621217714607,-0.012645902001706415,0.0,0.0,-0.10265319758219911,0.023782149,16450,-19.883309268951415,0.22589111328125,0.2,1.0028924942016602,-2.1059229373931885,0.7003277540206909,0.00029576064,2.742144155502319,-0.016417543357238173
0.0005978721407397339,25.8064,0.0,0.0,0.0,0.0,-0.2670100579685778,-0.038037155087322486,309,-0.15314412159699098,0.0,71,0.0,0.65,0.09079602143059395,-0.9882198457666832,4233,-135.37650400999996,143.66,0.0,-0.03615494691168145,-0.4155918431836051,1308672,0.01,0.0,0.0,0.0,-0.20889503842264612,-0.11546096398437733,-0.5,-0.5538423079729065,0.0,0.0,-6.799914708464074e-08,-0.52361274352008,-0.15606729417966567,-0.018833125630884788,0.0,0.0,-0.1032777917218273,0.027518932,16454,-19.888051891326903,0.3372314453125,0.2,1.0036406517028809,-4.339407444000244,0.7095363736152649,0.0002956992,2.908360368013382,-0.004921597824431956
0.0005946170939649972,25.81792,0.0,0.0,0.0,0.0,-0.25660176947034424,-0.03898783118991142,313,-0.15552718576704663,0.0,72,0.0,0.65,0.09299358393011897,-0.9724196969302307,4233,-136.810706,149.19,0.0,-0.037912339263695166,-0.40399361241586473,1327104,0.01,0.0,0.0,0.0,-0.20974556108251036,-0.1147720367558453,-0.5,-0.5440558118708265,0.0,0.0,-7.214042884552649e-08,-0.5275785328564959,-0.16257730503421136,-0.01772387406749733,0.0,0.0,-0.10267954821643195,0.029789057,16458,-19.893042469024657,0.24942626953125,0.2,1.0042065382003784,-2.25447940826416,0.6552329659461975,0.00029563775999999996,2.4357434093952177,-0.014338218281045556
0.0005940744174747831,25.829439999999998,0.0,0.0,0.0,0.0,-0.2601002017060388,-0.041000225090159964,317,-0.16098039188044866,0.0,73,0.0,0.65,0.09518297112125235,-0.9780050527525896,4234,-135.66815039999997,144.66,0.0,-0.03620632092575434,-0.39326477712495317,1345536,0.01,0.0,0.0,0.0,-0.2381630630622752,-0.12457358883685983,-0.5,-0.5237496368736156,0.0,0.0,-6.103837189401046e-08,-0.530325528978651,-0.15528442269516665,-0.019571467161698542,0.0,0.0,-0.10284486355396266,0.023009108,16462,-19.89099225997925,0.26708984375,0.2,1.0041370391845703,-3.6433825492858887,0.8560044765472412,0.00029557632,3.216102886199951,-0.011980260699056089
0.0006987835319402317,25.84096,0.0,0.0,0.0,0.0,-0.2542135363865292,-0.03730265675183591,322,-0.149834566178639,0.0,74,0.0,0.65,0.09396795174870579,-0.9061537859041773,4234,-134.46997722999998,139.85,0.0,-0.03513558776691896,-0.4032729494941994,1363968,0.01,0.0,0.0,0.0,-0.19594737538915624,-0.12240978521629131,-0.5,-0.5278480530468312,0.0,0.0,-8.202330949614022e-08,-0.5413754008677436,-0.1436696215979889,-0.02342305187140754,0.0,0.0,-0.10322155141109032,0.015097754,16466,-19.88646717071533,0.2135009765625,0.2,1.0030492544174194,-3.446803092956543,1.014853596687317,0.00029551488,3.612610387802124,-0.008158418280072511
0.0004687491002389126,25.85248,0.0,0.0,0.0,0.0,-0.2625195341087041,-0.03449536486140134,326,-0.15993070835973186,0.0,75,0.0,0.65,0.09227361840995445,-0.9572851719459662,4235,-136.05356274000002,146.22,0.0,-0.0363683428229248,-0.4277099430498192,1382400,0.01,0.0,0.0,0.0,-0.2090976006117221,-0.11468366633876986,-0.5,-0.5127429311028131,0.0,0.0,-7.295769339477149e-08,-0.5519917881247923,-0.1512905117775306,-0.013555432847791806,0.0,0.0,-0.10317612397830236,0.022148687,16470,-19.886112213134766,0.20123291015625,0.2,1.003100037574768,-2.157466411590576,0.6561661958694458,0.00029545343999999997,2.3543887972831725,-0.01349635365186259
0.000571288026144935,25.864,0.0,0.0,0.0,0.0,-0.272406085431421,-0.04095276109632757,330,-0.15761640718896588,0.0,76,0.0,0.65,0.09179596546159695,-0.9720177341797296,4235,-137.33260360999998,151.38,0.0,-0.03704311583036081,-0.42483994693062915,1400832,0.01,0.0,0.0,0.0,-0.22451733815536695,-0.12732189806112093,-0.5,-0.5439683844593026,0.0,0.0,-6.863394003410168e-08,-0.546700893212839,-0.17251173906514328,-0.022415151963801883,0.0,0.0,-0.10266755222702079,0.028492143,16474,-19.891987609863282,0.2757568359375,0.2,1.0043742656707764,-3.4652323722839355,0.6298182606697083,0.000295392,2.1552165389060973,-0.012696746469009668
0.0005973297067814403,25.87552,0.0,0.0,0.0,0.0,-0.26013242077874493,-0.03792405018158415,335,-0.16252246234463513,0.0,77,0.0,0.65,0.08942064961341759,-0.9184028747805306,4235,-136.35384057,147.2,0.0,-0.03721033610296662,-0.4440679323335639,1419264,0.01,0.0,0.0,0.0,-0.20932409417395717,-0.1287711614797146,-0.5,-0.5401383763639054,0.0,0.0,-7.26921741098156e-08,-0.5411451289352744,-0.1613260994116716,-0.04279365106452668,0.0,0.0,-0.10288453452142493,0.0166848,16478,-19.88326225280762,0.19173583984375,0.2,1.002530574798584,-2.406379461288452,0.9645478129386902,0.00029533056,3.712057650089264,-0.010139748372603207
0.0006608061861091604,25.88704,0.0,0.0,0.0,0.0,-0.25378306571255305,-0.036723687944032295,339,-0.15948909948946158,0.0,78,0.0,0.65,0.09134502961919351,-0.878759587187053,4236,-136.32356313999998,147.17,0.0,-0.03784811982172505,-0.43993634734553877,1437696,0.01,0.0,0.0,0.0,-0.2068174798276019,-0.1200735389186445,-0.5,-0.5263879253959352,0.0,0.0,-9.122366062031707e-08,-0.5548972985126661,-0.17076472965237374,-0.018317059396759924,0.0,-0.00028808463119073876,-0.10259565471365656,0.023421807,16482,-19.8881046295166,0.20548095703125,0.2,1.003946304321289,-1.8396122455596924,0.7794675827026367,0.00029526912,3.409984123706818,-0.013629083952400834
0.0005181197322801583,25.89856,0.0,0.0,0.0,0.0,-0.2538237007386932,-0.03699425208847515,343,-0.15617857438354477,0.0,79,0.0,0.65,0.0921066275780901,-0.9162007514974303,4237,-135.97320101999998,145.84,0.0,-0.035820406276132935,-0.41251928137475036,1456128,0.01,0.0,0.0,0.0,-0.21178685718259818,-0.12940759385165207,-0.5,-0.5152126114214495,0.0,0.0,-6.856860687238411e-08,-0.5416071927430108,-0.14764860744169617,-0.016491978443472628,0.0,0.0,-0.10276986792186132,0.03942682,16484,-19.873026132583618,0.237579345703125,0.2,1.0010713338851929,0.5566496253013611,9.360038757324219,0.00029520767999999996,24.079370975494385,0.0026755801518447697
0.0006304242350678477,25.91008,0.0,0.0,0.0,0.0,-0.25728310723355147,-0.0344339705247863,347,-0.15955027085616927,0.0,80,0.0,0.65,0.09147209364668812,-0.9273418080321199,4237,-134.95493364,141.84,0.0,-0.03714225130220481,-0.4393489149899853,1474560,0.01,0.0,0.0,0.0,-0.20362904216448596,-0.12452390109578432,-0.5,-0.5032938101188965,0.0,0.0,-7.891564651644225e-08,-0.5453107726135688,-0.1655384794628277,-0.021952627813471473,0.0,0.0,-0.10264289107545349,0.012933673,16488,-19.879070472717284,0.11265869140625,0.2,1.0020861625671387,-0.1387782096862793,1.021287202835083,0.00029514624,6.5635017395019535,-0.007291668059770018
0.0006331368802218802,25.9216,0.0,0.0,0.0,0.0,-0.2529033509269778,-0.04133824450912956,352,-0.1666483690743372,0.0,81,0.0,0.65,0.0960518151213936,-0.9369057870386599,4237,-136.73471606000004,148.97,0.0,-0.03750223337170165,-0.3929488149895428,1492992,0.01,0.0,0.0,0.0,-0.2146368519443447,-0.1443514549908517,-0.5,-0.5193856179113459,0.0,0.0,-7.447598265079885e-08,-0.5620576081743024,-0.16060471766512874,-0.04726042590076299,0.0,-4.068747835440768e-07,-0.10272509210518,0.021483805,16492,-19.875583934783936,0.18720703125,0.2,1.0014996528625488,-2.5840606689453125,0.7969594597816467,0.0002950848,3.060861575603485,-0.015423962532076984
0.0008506932742117593,25.93312,0.0,0.0,0.0,0.0,-0.27713503558927455,-0.04073140157854495,357,-0.15779740443109364,0.0,82,0.0,0.65,0.09387100310113744,-0.9732875715282374,4221,-136.29251348000003,147.18,0.0,-0.03699574997779154,-0.4074191842947734,1511424,0.01,0.0,0.0,0.0,-0.22608136892110567,-0.12420166515165877,-0.5,-0.5169011176921319,0.0,0.0,-7.068587196804277e-08,-0.536922457022229,-0.15912029420736695,-0.019081952047377955,0.0,-1.3562061616943942e-07,-0.10258280954717572,0.027455295,16496,-19.87970952987671,0.2619384765625,0.2,1.002748727798462,-3.2242817878723145,0.6200643181800842,0.00029502335999999997,2.437142139673233,-0.015664422977715732
0.0006146908433745719,25.94464,0.0,0.0,0.0,0.0,-0.26781214192145353,-0.040337317995213125,362,-0.1593434480554064,0.0,83,0.0,0.65,0.09312743452147672,-0.9612537545894848,4222,-136.34519106999997,147.41,0.0,-0.03635942466879899,-0.40490827676459734,1529856,0.01,0.0,0.0,0.0,-0.21530909230391704,-0.12524400673294622,-0.5,-0.5299580352722596,0.0,0.0,-7.460571873557214e-08,-0.5311513094221026,-0.15510976613618654,-0.038708790603527304,0.0,0.0,-0.10287165503632466,0.018020064,16500,-19.886834812164306,0.22105712890625,0.2,1.0030208826065063,-3.7643561363220215,0.9095405340194702,0.00029496191999999995,2.961961621046066,-0.014891182456631213
0.0008946382537639389,25.95616,0.0,0.0,0.0,0.0,-0.25964210025621254,-0.041097214839258336,366,-0.16350132661553338,0.0,84,0.0,0.65,0.0950355199043017,-0.943872679373079,4223,-137.2641797,151.16,0.0,-0.03718481813351862,-0.38969011663382996,1548288,0.01,0.0,0.0,0.0,-0.2059247201532506,-0.12505375351425657,-0.5,-0.4857841527789979,0.0,0.0,-7.600588029888372e-08,-0.5434320454477904,-0.16116054784568,-0.019456780974702062,0.0,-0.00011677995725120936,-0.10261561659945037,0.011369194,16504,-19.87942781448364,0.1319091796875,0.2,1.0022629499435425,-0.5363367795944214,1.7665629386901855,0.00029490048,7.534056901931763,-0.007530798588413745
0.0007893868314567953,25.96768,0.0,0.0,0.0,0.0,-0.2827970944251528,-0.04207694093340442,370,-0.1529165849264597,0.0,85,0.0,0.65,0.09701956462196455,-1.0185027581616657,4223,-136.664786,148.76,0.0,-0.03646201930007015,-0.37633713953718817,1566720,0.01,0.0,0.0,0.0,-0.2395464917809,-0.1262006386237107,-0.5,-0.5178003969378103,0.0,0.0,-6.564069883499644e-08,-0.534098725436731,-0.16082988314073102,-0.02217379064117658,0.0,-2.0751713438787396e-05,-0.10286986137538288,0.018518055,16508,-19.881853675842287,0.1595947265625,0.2,1.002601981163025,-1.633195161819458,0.9524877071380615,0.00029483904,3.6960357904434202,-0.013592910568695516
0.0007470691311431841,25.9792,0.0,0.0,0.0,0.0,-0.2657009562423696,-0.049595448385072495,375,-0.14600903778932883,0.0,86,0.0,0.65,0.09560786166507387,-1.0473220241429708,4224,-138.77135611999998,157.12,0.0,-0.03686395121975268,-0.3849493642601591,1585152,0.01,0.0,0.0,0.0,-0.23058460535572115,-0.13410476447229575,-0.5,-0.5235216000820294,0.0,0.0,-7.514982613257565e-08,-0.5493221768381156,-0.1579325754723046,-0.03316313417868423,0.0,-2.0751713438787396e-05,-0.10240402787736376,0.0143261375,16512,-19.87608222961426,0.21649169921875,0.2,1.0015475749969482,0.3267788887023926,1.9796638488769531,0.00029477759999999996,11.208425164222717,-0.00322597170015797
0.0007172297175404512,25.99072,0.0,0.0,0.0,0.0,-0.28854209437008055,-0.041537374675932284,379,-0.15451729695475325,0.0,87,0.0,0.65,0.09569669233868232,-0.9907100512086616,4224,-135.62805526000002,144.53,0.0,-0.03682562230245344,-0.4191883771073695,1603584,0.01,0.0,0.0,0.0,-0.23499563993696315,-0.12126445919154966,-0.5,-0.5335950031696564,0.0,0.0,-7.942347837704812e-08,-0.5428273422988212,-0.16835104135943632,-0.027017108534906853,0.0,-2.848226965094606e-06,-0.10259996317058084,0.020714602,16516,-19.88163843154907,0.19114990234375,0.2,1.0026392936706543,-3.6309051513671875,0.624024510383606,0.00029471616,2.9191072463989256,-0.017678509070537984
0.0005436188075691462,26.00224,0.0,0.0,0.0,0.0,-0.2691630641545041,-0.04146981632220985,383,-0.15897931897908943,0.0,88,0.0,0.65,0.09373523416931717,-0.9197025468001583,4225,-135.75647573,145.06,0.0,-0.03650300098886636,-0.38995795592755816,1622016,0.01,0.0,0.0,0.0,-0.2237224454903662,-0.12983112714314196,-0.5,-0.5094062954502183,0.0,0.0,-7.567295483560822e-08,-0.5597362636443386,-0.14981535119032488,-0.033701197195501624,0.0,-8.951672094149722e-06,-0.10278409454471193,0.031231979,16520,-19.889141082763672,0.27916259765625,0.2,1.0038937330245972,-3.1820526123046875,0.49245256185531616,0.00029465472,2.2004131078720093,-0.015390488371485845
0.000585393951041624,26.01376,0.0,0.0,0.0,0.0,-0.27371025748955,-0.03658912941137062,388,-0.1520004982230864,0.0,89,0.0,0.65,0.09470906849678189,-0.8662013747848584,4225,-134.93650047,141.7,0.0,-0.03695296738583216,-0.40337223426172714,1640448,0.01,0.0,0.0,0.0,-0.21621712058124112,-0.12410676478189704,-0.5,-0.4976390633687387,0.0,0.0,-7.287631586359559e-08,-0.5673009249669897,-0.14282406021329708,-0.022216455799194474,0.0,-3.1331078692649804e-05,-0.1025727082892161,0.026181389,16524,-19.8916934967041,0.2962646484375,0.2,1.0037845373153687,-2.259465217590332,0.647055983543396,0.00029459327999999997,2.6971411168575288,-0.007915245718322694
0.0007703980469765762,26.02528,0.0,0.0,0.0,0.0,-0.270621837309841,-0.03579305833059507,392,-0.15032536365840352,0.0,90,0.0,0.65,0.09294037723575793,-0.9244703168009768,4225,-136.86057061,149.74,0.0,-0.0357205815978324,-0.39410550292000984,1658880,0.01,0.0,0.0,0.0,-0.21854257631785706,-0.12008235956529305,-0.5,-0.49837058031178433,0.0,0.0,-6.288461951427431e-08,-0.5561013482151609,-0.15193650417680926,-0.020691651155319346,0.0,-0.0001729321310348395,-0.1030232962049254,0.022904437,16528,-19.885349082946778,0.276220703125,0.2,1.0031111240386963,-2.1782243251800537,0.7694447040557861,0.00029453184,2.716494697332382,-0.008101860794704407
0.0003640402283053845,26.0368,0.0,0.0,0.0,0.0,-0.29235524001501606,-0.036435228108847556,396,-0.15257064288167918,0.0,91,0.0,0.65,0.09489727494473513,-0.8876691793427478,4225,-135.68080606,144.75,0.0,-0.03653397505714938,-0.3911715995077285,1677312,0.01,0.0,0.0,0.0,-0.20690878666554638,-0.1273287967196563,-0.5,-0.4988813766840663,0.0,0.0,-8.506692258409069e-08,-0.5836333463092418,-0.15789866332130023,-0.015664585735683467,0.0,-0.00041517259281439084,-0.10261321872065776,0.01823519,16532,-19.884662246704103,0.21766357421875,0.2,1.0030550956726074,-1.0100600719451904,0.6784858703613281,0.0002944704,2.533124941587448,-0.010114123614039272
0.00042100613872106705,26.04832,0.0,0.0,0.0,0.0,-0.26275089116179956,-0.04271526794183836,401,-0.16351807652622324,0.0,92,0.0,0.65,0.09467642679647088,-0.8993457831077145,4226,-135.98175101,145.97,0.0,-0.03550357212686565,-0.40260386208330323,1695744,0.01,0.0,0.0,0.0,-0.21392647041552795,-0.15497276445220085,-0.5,-0.48848819099925994,0.0,0.0,-8.158267660108952e-08,-0.5748080163879329,-0.14498980359662103,-0.05019418621633463,0.0,-0.0001809342777253025,-0.1031320226860305,0.024323754,16536,-19.88500232696533,0.2229736328125,0.2,1.0032024383544922,-2.039705514907837,0.49635159969329834,0.00029440896,2.134297323226929,-0.016814454400446266
0.0007400162640907285,26.05984,0.0,0.0,0.0,0.0,-0.28590783041798573,-0.04575574908407817,405,-0.16670641763597432,0.0,93,0.0,0.65,0.09866756328377262,-0.9305437380655474,4227,-135.93484775,145.85,0.0,-0.0352783896229079,-0.3760853280734994,1714176,0.01,0.0,0.0,0.0,-0.2361468950876312,-0.15011963198761713,-0.5,-0.5291842048632398,0.0,0.0,-6.95907580398976e-08,-0.5634500669030962,-0.14041130286200496,-0.05514585075992808,0.0,-3.702754555787477e-05,-0.10294389578387296,0.04906835,16538,-19.869071006774902,0.2799072265625,0.2,1.000672698020935,-1.4726040363311768,1.1972187757492065,0.00029434751999999996,4.364848693211873,0.011298535779739419
0.0006239139054539717,26.07136,0.0,0.0,0.0,0.0,-0.27071679580986996,-0.04310886411381487,409,-0.17290585150679852,0.0,94,0.0,0.65,0.09568857872133306,-0.9212751187982664,4227,-135.90068685,145.46,0.0,-0.03675896017731348,-0.3980720446313515,1732608,0.01,0.0,0.0,0.0,-0.22994589276410324,-0.13908556595698734,-0.5,-0.4668720363476219,0.0,0.0,-8.107516971522072e-08,-0.5911860585447253,-0.14559222447679243,-0.043857500199859796,0.0,0.0,-0.10253546729747356,0.023460638,16542,-19.888801670074464,0.19908447265625,0.2,1.0038120746612549,-2.373375415802002,0.5324198007583618,0.00029428608,2.259421408176422,-0.01613514021737501
0.0006613487364827759,26.08288,0.0,0.0,0.0,0.0,-0.24589070937992105,-0.041488487449436395,414,-0.1764059906036221,0.0,95,0.0,0.65,0.09902827149365216,-0.9437296854715991,4227,-136.26984788,147.12,0.0,-0.03760454646488753,-0.39113840496004376,1751040,0.01,0.0,0.0,0.0,-0.2179846458790051,-0.12642555101759323,-0.5,-0.47140897316401514,0.0,0.0,-7.747488204152381e-08,-0.5740927780757605,-0.1658597647441493,-0.029010517874687527,0.0,0.0,-0.10271638195014211,0.020360213,16546,-19.8887056350708,0.2625732421875,0.2,1.0030262470245361,-1.4152710437774658,0.7657148838043213,0.00029422464,2.8841005086898805,-0.008421798120252788
0.0006770822510588914,26.0944,0.0,0.0,0.0,0.0,-0.25305972970418544,-0.04493145958083408,418,-0.16725214598340674,0.0,96,0.0,0.65,0.09910628041988151,-0.9944658024433861,4227,-137.34492604000002,151.35,0.0,-0.0371897431678805,-0.40198137232828096,1769472,0.01,0.0,0.0,0.0,-0.23405971218379162,-0.1350967918060672,-0.5,-0.5105047748468587,0.0,0.0,-7.749706390441425e-08,-0.553342284653941,-0.1680633278228541,-0.03538410490882478,0.0,0.0,-0.1024474498231728,0.028637439,16550,-19.885715770721436,0.24111328125,0.2,1.0034722089767456,-2.9473679065704346,0.4708583950996399,0.00029416319999999997,1.859847891330719,-0.018137764721177518
0.0009266478494585803,26.10592,0.0,0.0,0.0,0.0,-0.2570926835436975,-0.04174185605240271,422,-0.1732856608222834,0.0,97,0.0,0.65,0.09866965992156251,-0.96100429667268,4227,-139.09298634,158.31,0.0,-0.03779105441611999,-0.4041984574268865,1787904,0.01,0.0,0.0,0.0,-0.2225307961163929,-0.13221515024460956,-0.5,-0.4730598301373271,0.0,0.0,-7.514270859667668e-08,-0.5582392325654044,-0.17889818171415406,-0.03551199104975297,0.0,0.0,-0.10261796976189658,0.020678151,16554,-19.886822605133055,0.24434814453125,0.2,1.0031402111053467,-1.0224542617797852,0.6304200887680054,0.00029410175999999995,2.595040422677994,-0.009788853616919368
0.0006429024862073776,26.11744,0.0,0.0,0.0,0.0,-0.26635269516370824,-0.043917973105584526,427,-0.16470832343054834,0.0,98,0.0,0.65,0.10023606225908227,-0.9199849181254479,4227,-135.54012896999998,144.22,0.0,-0.035823636567706214,-0.38892604345850185,1806336,0.01,0.0,0.0,0.0,-0.22938556194891893,-0.12682741177622414,-0.5,-0.49661162802183845,0.0,0.0,-7.336988266123493e-08,-0.5623172098211255,-0.16197232433787556,-0.02897322449740468,0.0,0.0,-0.1027778777341744,0.019748934,16558,-19.879994010925294,0.26373291015625,0.2,1.0020828247070312,-0.10776650905609131,2.115976095199585,0.00029404032,8.116703641414642,-0.00040417611598968505
0.0005235450096531875,26.12896,0.0,0.0,0.0,0.0,-0.2661692435504308,-0.044640733578457575,431,-0.1465618381850461,0.0,99,0.0,0.65,0.09523042520008405,-1.0004440407825157,4228,-136.38939887,147.56,0.0,-0.03680052511751791,-0.3881695070334259,1824768,0.01,0.0,0.0,0.0,-0.21466114176302145,-0.1268682004806877,-0.5,-0.5161350324868943,0.0,0.0,-7.597615501814847e-08,-0.5675318382320902,-0.15951544447634294,-0.03080300196571313,0.0,0.0,-0.10253991639450516,0.011441457,16562,-19.876067447662354,0.12896728515625,0.2,1.0018399953842163,-1.7026691436767578,0.9577965140342712,0.00029397888,4.6549842119216915,-0.00845959151047282
0.0009505194223796328,26.14048,0.0,0.0,0.0,0.0,-0.2577726008906607,-0.04230485339724141,435,-0.1695094973510279,0.0,100,0.0,0.65,0.10082073496784542,-0.849797805905314,4228,-136.54041816,148.26,0.0,-0.037762320877379275,-0.39068198579577,1843200,0.01,0.0,0.0,0.0,-0.2338348861403524,-0.1299855041793233,-0.5,-0.4881959121620844,0.0,0.0,-7.877673222327207e-08,-0.5414548095987542,-0.1830268272508495,-0.03320369758100601,0.0,-6.727384041166968e-05,-0.10221603912229908,0.024613906,16566,-19.890409183502197,0.22335205078125,0.2,1.0043301582336426,-3.138249397277832,0.38644105195999146,0.00029391743999999996,1.6360568523406982,-0.013914237846620381
0.0010563134565018117,26.152,0.0,0.0,0.0,0.0,-0.26594564705724105,-0.05266926066411574,440,-0.16515479318317336,0.0,101,0.0,0.65,0.1010283953096289,-1.0173425509598841,4229,-137.61156885999998,152.35,0.0,-0.03660999122396269,-0.3577208736670874,1861632,0.01,0.0,0.0,0.0,-0.24217659110819204,-0.15641680254987278,-0.5,-0.4939839226615331,0.0,0.0,-7.172968291717775e-08,-0.5514986994241076,-0.14257931366990925,-0.06565149411586074,0.0,0.0,-0.10234101904218923,0.06052825,16568,-19.870740572611492,0.26416015625,0.2,1.0008606910705566,0.3697400689125061,15.246667861938477,0.000293856,48.14738019307455,0.003845772473141551
0.0008165133509060575,26.16352,0.0,0.0,0.0,0.0,-0.2666338808548604,-0.047611041275896604,444,-0.16622819493838206,0.0,102,0.0,0.65,0.10228287719922834,-0.9301203660414799,4230,-137.3372385,151.6,0.0,-0.03803938394397701,-0.38097522195799016,1880064,0.01,0.0,0.0,0.0,-0.26008854463132075,-0.12334795854694083,-0.5,-0.4955266386244619,0.0,0.0,-8.089194142122331e-08,-0.5456794591246559,-0.1600956117557274,-0.02092010007886688,0.0,0.0,-0.10218457403211083,0.012002301,16572,-19.88090009689331,0.18875732421875,0.2,1.002310872077942,-0.6065891981124878,0.9432079195976257,0.00029379456,4.263807606697083,-0.00602825490059331
0.0006461578013841063,26.17504,0.0,0.0,0.0,0.0,-0.25991260187062143,-0.05200972751385614,448,-0.16840168241527254,0.0,103,0.0,0.65,0.10170909066692851,-1.0045926107377732,4230,-136.9476076,149.86,0.0,-0.036844469552258695,-0.3718843772278613,1898496,0.01,0.0,0.0,0.0,-0.24452279871225205,-0.1322757285703401,-0.5,-0.5060351756188985,0.0,0.0,-9.680052110133202e-08,-0.5547638121692313,-0.1543821542188767,-0.03025725711639918,0.0,0.0,-0.10243806048166247,0.015350187,16576,-19.87606029510498,0.22059326171875,0.2,1.0015016794204712,0.7252150774002075,2.6665546894073486,0.00029373311999999997,17.11240599155426,-0.003441450046375394
0.0007058364345640358,26.18656,0.0,0.0,0.0,0.0,-0.25434030057522317,-0.05068674748311396,453,-0.17278903769228793,0.0,104,0.0,0.65,0.09927122619051523,-0.9421068190589595,4230,-137.58015451,152.48,0.0,-0.03700940374110881,-0.37422058995730906,1916928,0.01,0.0,0.0,0.0,-0.227996305470397,-0.1446926683074541,-0.5,-0.49518229756487603,0.0,0.0,-9.503585145245823e-08,-0.5514346027836615,-0.16243739118717937,-0.04004229518093769,0.0,0.0,-0.10229538469708155,0.018350765,16580,-19.879698181152342,0.18931884765625,0.2,1.002396583557129,-1.490920066833496,0.6919844746589661,0.00029367167999999995,2.6675619184970856,-0.015996574447490274
0.0008409273674866805,26.19808,0.0,0.0,0.0,0.0,-0.26077300113202706,-0.04986165721561769,457,-0.17377467913352804,0.0,105,0.0,0.65,0.1026332037568334,-0.9969145367950851,4231,-136.8940249,149.73,0.0,-0.0378572268373589,-0.3726969667127577,1935360,0.01,0.0,0.0,0.0,-0.24415455232853903,-0.13491538162876865,-0.5,-0.5269060379162176,0.0,0.0,-8.252656815274666e-08,-0.5433063338396358,-0.16911014444406078,-0.02963862984780682,0.0,0.0,-0.1020233085477476,0.019353354,16584,-19.87914581298828,0.28321533203125,0.2,1.0021858215332031,-0.9546908140182495,1.2474256753921509,0.00029361024,5.976806962490082,-0.003366027073934674
0.0006076378987119016,26.209600000000002,0.0,0.0,0.0,0.0,-0.2595453836315054,-0.04777066142624454,461,-0.16634873582580248,0.0,106,0.0,0.65,0.09842469858645518,-0.9550455234535318,4231,-135.12547511,142.56,0.0,-0.03817671047428248,-0.38117681844252854,1953792,0.01,0.0,0.0,0.0,-0.2518655011316042,-0.12131711905212056,-0.5,-0.48423792345127264,0.0,0.0,-7.693447713967026e-08,-0.5470896285521386,-0.16451771206978702,-0.016509068277335153,0.0,0.0,-0.10217564252176359,0.01792733,16588,-19.87625741958618,0.18636474609375,0.2,1.0015109777450562,-1.5532703399658203,0.5894356966018677,0.0002935488,2.6797572910785674,-0.01515432468149811
0.00048665274516679347,26.22112,0.0,0.0,0.0,0.0,-0.25136889508826854,-0.04186023409036465,466,-0.18266082928327063,0.0,107,0.0,0.65,0.0968844129715692,-0.868050377262951,4231,-136.54304554,148.62,0.0,-0.03946889931819239,-0.38463120122765854,1972224,0.01,0.0,0.0,0.0,-0.22782858230689682,-0.11267867060609367,-0.5,-0.4487465148168152,0.0,0.0,-7.739363704764288e-08,-0.5802126618945427,-0.16675284149628775,-0.012743194215156621,0.0,0.0,-0.10190539551920366,0.017138073,16592,-19.877443981170654,0.1870849609375,0.2,1.00238835811615,-4.006449222564697,0.4284224510192871,0.00029348735999999996,2.119983571767807,-0.011898263986222447
0.0005474165146653024,26.23264,0.0,0.0,0.0,0.0,-0.26089971646221694,-0.04752766607013853,470,-0.18357564414590805,0.0,108,0.0,0.65,0.09499729445320577,-0.910705609654116,4232,-136.72994634,148.86,0.0,-0.03913881698166036,-0.40785039198647843,1990656,0.01,0.0,0.0,0.0,-0.2215996437496456,-0.15075728105444677,-0.5,-0.4705044945298721,0.0,0.0,-8.070776514955022e-08,-0.553667832912407,-0.18365578506641178,-0.05347083746742024,0.0,-1.8445956003334788e-05,-0.10161281072091714,0.047718458,16594,-19.865652901785715,0.26963588169642855,0.2,1.000413179397583,0.8454218506813049,4.716256618499756,0.00029342592,15.073593820844378,0.005078589410654136
0.0009282756169947485,26.24416,0.0,0.0,0.0,0.0,-0.24458770699435028,-0.04948432313661118,475,-0.20030845717278614,0.0,109,0.0,0.65,0.09474911714118907,-0.901831508752585,4221,-138.57354393,156.51,0.0,-0.03877557727655171,-0.3949015736941947,2009088,0.01,0.0,0.0,0.0,-0.21597952150398084,-0.17517950244540298,-0.5,-0.469379749773917,0.0,0.0,-8.84618662754373e-08,-0.5489655642517739,-0.18285977081719007,-0.08523834431038896,0.0,0.0,-0.10153673416218355,0.009643477,16598,-19.872962188720702,0.1094482421875,0.2,1.0016050338745117,0.4557192921638489,1.8456089496612549,0.00029336448,6.635668516159058,-0.006834331317804754
0.0005094391526654363,26.25568,0.0,0.0,0.0,0.0,-0.25917982056897415,-0.04482915955214064,480,-0.19723355983130214,0.0,110,0.0,0.65,0.0939853956904117,-0.9166122669151551,4221,-138.55164273000003,156.07,0.0,-0.03922357026226254,-0.4082076072181092,2027520,0.01,0.0,0.0,0.0,-0.22100553226117448,-0.14354971959720114,-0.5,-0.48149009227324274,0.0,0.0,-9.67683462421619e-08,-0.5398527268196612,-0.18487171396844293,-0.05128935455017919,0.0,-2.034438592899177e-06,-0.10205535251343262,0.014565754,16602,-19.87597246170044,0.1364990234375,0.2,1.001994013786316,-0.7244014739990234,0.7992778420448303,0.00029330303999999997,2.875110721588135,-0.016003130772151052
0.0005208324421093696,26.2672,0.0,0.0,0.0,0.0,-0.25677217376871087,-0.04632192152728854,484,-0.18569755219319295,0.0,111,0.0,0.65,0.0956910418980287,-0.9110052764382499,4222,-136.91390811,149.61,0.0,-0.039354110141310544,-0.3947445454081041,2045952,0.01,0.0,0.0,0.0,-0.2387148190242186,-0.13141875398758696,-0.5,-0.48913865902373804,0.0,0.0,-8.476155678043041e-08,-0.552633477329399,-0.17406045036043427,-0.038413909565680644,0.0,0.0,-0.10211441854153983,0.018127024,16606,-19.87684373855591,0.19427490234375,0.2,1.0018833875656128,-2.043031930923462,0.6891232132911682,0.00029324159999999995,2.7235932469367983,-0.013834157167002559
0.00047417444228712056,26.27872,0.0,0.0,0.0,0.0,-0.253042948433586,-0.05114018025040911,488,-0.1955133682565379,0.0,112,0.0,0.65,0.09847381074576962,-0.8995030828312031,4222,-136.90382222,149.6,0.0,-0.03874448562334169,-0.38223458198068627,2064384,0.01,0.0,0.0,0.0,-0.24247881994702944,-0.15847650605702765,-0.5,-0.4611351381564615,0.0,0.0,-7.849340522170021e-08,-0.5708198783302885,-0.16553647738414076,-0.07724279553799762,0.0,0.0,-0.10193950013365802,0.021491736,16610,-19.884788608551027,0.22130126953125,0.2,1.0034661293029785,-2.3067171573638916,0.44715416431427,0.00029318016,2.115561854839325,-0.017795477830804884
0.0006553808408271936,26.29024,0.0,0.0,0.0,0.0,-0.25817912007441324,-0.04364011323545916,493,-0.1879808724781109,0.0,113,0.0,0.65,0.09400479349705473,-0.8925877716629215,4222,-136.71096097,148.85,0.0,-0.04030719390924516,-0.42392453152178816,2082816,0.01,0.0,0.0,0.0,-0.23113898550419507,-0.14167431728369662,-0.5,-0.4644205300941962,0.0,0.0,-9.042529322091772e-08,-0.545068377306503,-0.19755232964521807,-0.048935052600678944,0.0,0.0,-0.1012215090629422,0.017951986,16614,-19.881949615478515,0.26351318359375,0.2,1.002502679824829,-0.42680299282073975,0.870686948299408,0.00029311872,5.2370682716369625,-0.003806996450293809
0.0006439875772533318,26.30176,0.0,0.0,0.0,0.0,-0.237554881030266,-0.04763783805649562,497,-0.1827639316266543,0.0,114,0.0,0.65,0.0934335313210168,-0.9060576392444819,4222,-136.85669578,149.47,0.0,-0.04011318230996751,-0.4172330873343398,2101248,0.01,0.0,0.0,0.0,-0.2336510863368667,-0.1624948371736213,-0.5,-0.47205559209137793,0.0,0.0,-8.506270773827656e-08,-0.5153956067447831,-0.19642324958023438,-0.06246657999949476,0.0,-4.408058076579538e-05,-0.10125747503493363,0.014015037,16618,-19.88001079559326,0.15208740234375,0.2,1.0023983716964722,-0.8119142055511475,1.1844301223754883,0.00029305727999999996,5.322097325325013,-0.010330518684349954
0.0006429025282462438,26.31328,0.0,0.0,0.0,0.0,-0.2276094805398435,-0.05373805402403173,501,-0.1991085969419565,0.0,115,0.0,0.65,0.10109372748625833,-0.9349811299206302,4223,-140.06421680000003,162.41,0.0,-0.03806165910151611,-0.3958750848671489,2119680,0.01,0.0,0.0,0.0,-0.22538152820392476,-0.19141916376188295,-0.5,-0.4913990562671079,0.0,0.0,-9.200817974694196e-08,-0.5550336582741099,-0.18511303864956943,-0.1089781194884596,0.0,-3.743456262681219e-05,-0.10182164467484896,0.0196,16622,-19.88042058944702,0.20074462890625,0.2,1.0022566318511963,-2.2886180877685547,0.49953800439834595,0.00029299584,2.2364707708358766,-0.017358998232521117
0.0005327682528230879,26.3248,0.0,0.0,0.0,0.0,-0.24497868846632853,-0.05522058076377767,506,-0.20604991298843667,0.0,116,0.0,0.65,0.09741246582026852,-0.9560761120690255,4223,-137.93266612,153.85,0.0,-0.04052247081574831,-0.4116951798017985,2138112,0.01,0.0,0.0,0.0,-0.24776137439347248,-0.15462829054468802,-0.5,-0.4691289183907876,0.0,0.0,-9.686849416431608e-08,-0.5546130561561298,-0.19157379613487902,-0.09093994362011933,0.0,0.0,-0.10112183911448731,0.021998638,16626,-19.87954044342041,0.240869140625,0.2,1.002387523651123,-2.0089497566223145,0.6589457988739014,0.0002929344,2.8701481401920317,-0.01308206447865814
0.0006233713001064542,26.33632,0.0,0.0,0.0,0.0,-0.2365922779595454,-0.04461377622108521,510,-0.1847891150392698,0.0,117,0.0,0.65,0.09787541092235032,-0.849310887023624,4223,-137.79687481000002,153.18,0.0,-0.03941419161431184,-0.4300429860052624,2156544,0.01,0.0,0.0,0.0,-0.23838772699186325,-0.12867599966062448,-0.5,-0.4923150148636093,0.0,0.0,-8.469962794285409e-08,-0.5352505422839724,-0.19853476978397086,-0.036249952720976926,0.0,0.0,-0.10165205862383185,0.016958859,16630,-19.88297748565674,0.20712890625,0.2,1.0027873516082764,-1.8129122257232666,0.8737679719924927,0.00029287295999999997,3.140166199207306,-0.012240804848261178
0.0007297081239004103,26.34784,0.0,0.0,0.0,0.0,-0.23713821430808169,-0.046479903503255655,514,-0.19592057986557385,0.0,118,0.0,0.65,0.09406830303511163,-0.8355272159328668,4223,-139.47093299000002,160.01,0.0,-0.040274121348596,-0.40977341671168416,2174976,0.01,0.0,0.0,0.0,-0.24826317935282904,-0.1430510884390045,-0.5,-0.4864197226187195,0.0,0.0,-8.040587558583041e-08,-0.5211148205920259,-0.21416844359104734,-0.07233925566983636,0.0,-0.00020887495742903816,-0.10158253767307511,0.014012923,16634,-19.87916784286499,0.14552001953125,0.2,1.0019686222076416,-0.8466194868087769,0.780979335308075,0.00029281151999999995,2.7329059302806855,-0.01188088561175391
0.0005137793810313775,26.35936,0.0,0.0,0.0,0.0,-0.22948239953757854,-0.05356660318649207,519,-0.208967673569868,0.0,119,0.0,0.65,0.0984165026906056,-0.9156508829800971,4223,-137.56333390999998,152.24,0.0,-0.03982434692476498,-0.4123885383952295,2193408,0.01,0.0,0.0,0.0,-0.2588424990834732,-0.1698830789292685,-0.5,-0.4875866154412397,0.0,0.0,-7.851108674262784e-08,-0.5363522701200324,-0.18532046493527807,-0.06999325760291332,0.0,0.0,-0.10166146536998423,0.014692018,16638,-19.874673271179198,0.23416748046875,0.2,1.0014536380767822,0.4129880666732788,3.4089787006378174,0.00029275008,10.00260078907013,-0.0036601201398298146
0.0006081804426179992,26.37088,0.0,0.0,0.0,0.0,-0.2452836511201953,-0.04695436443337778,523,-0.1829876147864347,0.0,120,0.0,0.65,0.093158446066729,-0.9035185451113826,4223,-136.90867067,149.62,0.0,-0.03962208050498932,-0.41566402624548804,2211840,0.01,0.0,0.0,0.0,-0.23153419360238545,-0.15176489163173287,-0.5,-0.47950125554444234,0.0,0.0,-1.004034333045934e-07,-0.5301679952479903,-0.1848859098430392,-0.05071632997582809,0.0,-1.3562837719089455e-06,-0.10133484382552947,0.016166514,16642,-19.87877607345581,0.15982666015625,0.2,1.0022680759429932,-1.6413016319274902,0.751573383808136,0.00029268864,3.1282208979129793,-0.016453743097372353
0.0005278853900057988,26.3824,0.0,0.0,0.0,0.0,-0.22981590753095693,-0.04501429703409969,527,-0.19016144835107046,0.0,121,0.0,0.65,0.09505282275247315,-0.845602203257229,4224,-135.78638426,145.23,0.0,-0.03957628356960331,-0.42571844196756226,2230272,0.01,0.0,0.0,0.0,-0.24111320466199482,-0.13286752667317434,-0.5,-0.4699071408216136,0.0,0.0,-8.62652593908235e-08,-0.5301134595899177,-0.18959797776884946,-0.03278911083356926,0.0,0.0,-0.1017187138923057,0.018800616,16646,-19.88128595352173,0.22574462890625,0.2,1.0023707151412964,-1.5486855506896973,0.7244760990142822,0.00029262719999999996,3.176647663116455,-0.00981508459080942
0.0005094392141068561,26.39392,0.0,0.0,0.0,0.0,-0.2486589546475829,-0.05228499174452432,532,-0.20125058458434306,0.0,122,0.0,0.65,0.09904528158125386,-0.9238739014970727,4224,-138.22701755,154.97,0.0,-0.039915027474943326,-0.4051229629774393,2248704,0.01,0.0,0.0,0.0,-0.2594136737257918,-0.14979544642029238,-0.5,-0.4686918249655469,0.0,0.0,-8.283678951131095e-08,-0.5443655946808503,-0.18516281344976807,-0.06866662423596195,0.0,-3.946900121971137e-05,-0.10169732356500108,0.023704475,16650,-19.881151962280274,0.21558837890625,0.2,1.0023260116577148,-2.8058817386627197,0.4663928747177124,0.00029256576,1.8961548388004303,-0.01698387888027355
0.0006412749159305046,26.40544,0.0,0.0,0.0,0.0,-0.2513504011384642,-0.046309011701753985,536,-0.20091681172586037,0.0,123,0.0,0.65,0.09611600711730972,-0.8761657285678308,4224,-137.5700562,152.31,0.0,-0.03843458019179266,-0.4126566865824649,2267136,0.01,0.0,0.0,0.0,-0.23546168273237475,-0.16719986206287396,-0.5,-0.49763117294155673,0.0,0.0,-8.650472723209663e-08,-0.5309129696072054,-0.19403487327530405,-0.09996376863776946,0.0,-1.3562061616943942e-07,-0.10185463385577934,0.018120836,16654,-19.88281831741333,0.1896728515625,0.2,1.0029430389404297,-2.0400402545928955,0.5451123714447021,0.00029250432,2.1613356113433837,-0.017983291170094163
0.0006597210724268936,26.41696,0.0,0.0,0.0,0.0,-0.2539124268848472,-0.04804799147052112,540,-0.1877609256060518,0.0,124,0.0,0.65,0.09856060843639562,-0.8573655465069655,4224,-136.33000178999998,147.29,0.0,-0.039033830920070844,-0.40827736724732383,2285568,0.01,0.0,0.0,0.0,-0.23531970040476835,-0.15486080347712222,-0.5,-0.4687597523810127,0.0,0.0,-8.450191733646172e-08,-0.5504560492230444,-0.184225487982709,-0.06110636862814689,0.0,0.0,-0.10159275999758473,0.020659769,16658,-19.886054134368898,0.21448974609375,0.2,1.002962589263916,-1.7445054054260254,0.5552210807800293,0.00029244287999999997,2.142422217130661,-0.014720995246898383
0.0006163183328074714,26.42848,0.0,0.0,0.0,0.0,-0.2452775634256971,-0.05226836261587017,545,-0.19667978426618435,0.0,125,0.0,0.65,0.0971549064337007,-0.8374849313582228,4224,-138.57199132999997,156.31,0.0,-0.03859741512764092,-0.41162239923447097,2304000,0.01,0.0,0.0,0.0,-0.2426857711576387,-0.17981260086282397,-0.5,-0.46504545596912933,0.0,0.0,-8.771147513182146e-08,-0.5419671559672185,-0.19102918004110564,-0.08971645251090132,0.0,0.0,-0.10176058385302943,0.01653562,16662,-19.88439064025879,0.17803955078125,0.2,1.0032532215118408,-2.5051069259643555,0.44848719239234924,0.00029238143999999995,2.3070638179779053,-0.012303680588956922
0.0008642567069424937,26.44,0.0,0.0,0.0,0.0,-0.25012627666967097,-0.05048557210535778,549,-0.2047259775829346,0.0,126,0.0,0.65,0.09257985277147185,-0.8746801740840938,4224,-138.97316406,158.08,0.0,-0.03889012586732181,-0.454193471928303,2322432,0.01,0.0,0.0,0.0,-0.23709008025743575,-0.16927777237836297,-0.5,-0.4862009233568478,0.0,0.0,-8.3489254058647e-08,-0.567349813554102,-0.20851766850366144,-0.10421310944969837,0.0,-0.0001266809607235094,-0.10148204561069803,0.017384423,16666,-19.883546543121337,0.25447998046875,0.2,1.0025379657745361,-0.4325854778289795,1.377651572227478,0.00029232,5.643485713005066,-0.004100767732597888
0.0005984148042949124,26.45152,0.0,0.0,0.0,0.0,-0.2545734336620024,-0.045741948553127944,554,-0.18409825898446314,0.0,127,0.0,0.65,0.09145388060715952,-0.9548623698783361,4225,-139.28976351,159.06,0.0,-0.03914597179108781,-0.4305780248833341,2340864,0.01,0.0,0.0,0.0,-0.23325208395192337,-0.14860909817703558,-0.5,-0.5304202917971936,0.0,0.0,-9.615634721061896e-08,-0.547994847751627,-0.2046034426213675,-0.05272542973754864,0.0,-2.848226965094606e-06,-0.10196840309567624,0.01378652,16670,-19.875225257873534,0.18822021484375,0.2,1.00152587890625,0.21521365642547607,2.654308319091797,0.00029225856,15.03891863822937,-0.005500814621336758
0.0006472427760147386,26.46304,0.0,0.0,0.0,0.0,-0.24405779548786524,-0.05378771642189905,558,-0.19046086566261325,0.0,128,0.0,0.65,0.0972695116017124,-0.9184655760001006,4225,-139.74704364000002,161.01,0.0,-0.0389787573338524,-0.39960564645258007,2359296,0.01,0.0,0.0,0.0,-0.24079997539999928,-0.18186949243686157,-0.5,-0.5090457604099391,0.0,0.0,-7.028406751663831e-08,-0.549242878641071,-0.20271552641302287,-0.11662982555821538,0.0,0.0,-0.10193969145602225,0.01728715,16674,-19.88015947341919,0.1497314453125,0.2,1.002639651298523,-0.19142282009124756,0.8120422959327698,0.00029219711999999996,3.5064802050590513,-0.013171964173670858
0.0008718520499921093,26.47456,0.0,0.0,0.0,0.0,-0.2430402467464639,-0.05504317615391458,562,-0.19933606453304364,0.0,129,0.0,0.65,0.09846831803365635,-0.9792517424919893,4225,-141.819582,169.36,0.0,-0.03809626871276564,-0.3934091411246708,2377728,0.01,0.0,0.0,0.0,-0.25652355455580816,-0.17317341530039843,-0.5,-0.5054870192646833,0.0,0.0,-8.464282936889488e-08,-0.5496734151466672,-0.20752420538651584,-0.12419194567696858,0.0,-0.00016615046640961536,-0.10173453257386908,0.0179087,16678,-19.888940238952635,0.18800048828125,0.2,1.0036371946334839,-0.5024265050888062,0.5923342704772949,0.00029213568,2.508679914474487,-0.015013968932908028
0.0005843088341255983,26.48608,0.0,0.0,0.0,0.0,-0.2253107365854103,-0.0583223036233048,567,-0.19404159865567938,0.0,130,0.0,0.65,0.0962214288213632,-0.9419914097177943,4225,-140.51033606000001,163.95,0.0,-0.03901197679949545,-0.4071756883258862,2396160,0.01,0.0,0.0,0.0,-0.24450864171797523,-0.19754849401184232,-0.5,-0.4914576260627799,0.0,0.0,-8.516626314405027e-08,-0.5367818984705628,-0.2025317994203123,-0.1548853467498288,0.0,0.0,-0.10159097160757931,0.016162109,16682,-19.88319969177246,0.236669921875,0.2,1.0025650262832642,0.0462227463722229,1.961057186126709,0.00029207424,8.788981556892395,-0.002561162936035544
0.0006873904203530401,26.4976,0.0,0.0,0.0,0.0,-0.25140344753299215,-0.04800452430469669,571,-0.18140752361455428,0.0,131,0.0,0.65,0.09648900501284952,-0.8720840635407385,4225,-137.35224918999998,151.57,0.0,-0.038818358052648105,-0.414847867733197,2414592,0.01,0.0,0.0,0.0,-0.256624335189492,-0.14282495689335636,-0.5,-0.48245365137870283,0.0,0.0,-8.157141188829763e-08,-0.5375174456325787,-0.1884748958027487,-0.05708233867585487,0.0,-2.31931044254452e-05,-0.10185431387836286,0.017656196,16686,-19.884404277801515,0.17789306640625,0.2,1.0032057762145996,-1.3914029598236084,0.6256272792816162,0.00029201279999999997,2.4870873987674713,-0.014643766183871776
0.000693900753200675,26.50912,0.0,0.0,0.0,0.0,-0.24441997319417622,-0.052870016019484635,575,-0.19407651308213164,0.0,132,0.0,0.65,0.10092625191784922,-0.8811238272736807,4225,-137.64476734,152.51,0.0,-0.03822956267281879,-0.3940619138527159,2433024,0.01,0.0,0.0,0.0,-0.2555144311872035,-0.15212340805127053,-0.5,-0.496372622691917,0.0,0.0,-7.09347368840101e-08,-0.5401024972159736,-0.18475089091466815,-0.08301681807446155,0.0,-4.882704363101058e-06,-0.10209120959855744,0.024031624,16690,-19.889087390899657,0.2394287109375,0.2,1.0032646656036377,-1.7012414932250977,0.4749094843864441,0.00029195135999999995,1.9205457270145416,-0.016932313912548125
0.0006835927552957502,26.52064,0.0,0.0,0.0,0.0,-0.25849759763013097,-0.045644743808503994,580,-0.18820195507418436,0.0,133,0.0,0.65,0.09580901132124074,-0.8206119273669285,4226,-137.33462014,151.34,0.0,-0.038094890156451566,-0.42179616605503173,2451456,0.01,0.0,0.0,0.0,-0.2274282102661206,-0.15423695744391344,-0.5,-0.4785043503338021,0.0,0.0,-7.509496282348024e-08,-0.5616995038722794,-0.20206533632980342,-0.08091372306687844,0.0,0.0,-0.10175666034130126,0.023496654,16694,-19.88841857910156,0.23021240234375,0.2,1.0040645599365234,-0.9788296222686768,0.5633800029754639,0.00029188992,2.2266003608703615,-0.015731790277641267
0.0008322469883650127,26.53216,0.0,0.0,0.0,0.0,-0.2532740068584622,-0.04887419863423853,584,-0.18189470593099621,0.0,134,0.0,0.65,0.09811803056355582,-0.8669871120486204,4226,-138.61427762000002,156.62,0.0,-0.037797998639513865,-0.4272075624896026,2469888,0.01,0.0,0.0,0.0,-0.2518775539719649,-0.1490481845956303,-0.5,-0.49126888867931723,0.0,0.0,-7.784604370070104e-08,-0.5239925613152434,-0.1984793117444636,-0.07106127985704443,0.0,0.0,-0.1020510090671343,0.018243939,16698,-19.88876485824585,0.2204345703125,0.2,1.0031664371490479,0.25079023838043213,0.5872212052345276,0.00029182848,2.8212738811969755,-0.009022525115869939
0.0006298817623044468,26.543680000000002,0.0,0.0,0.0,0.0,-0.24590591953818708,-0.04716073182042494,588,-0.1999288816536567,0.0,135,0.0,0.65,0.09638706005783323,-0.8032710117977527,4225,-139.07081706999998,158.22,0.0,-0.03805399179422258,-0.41048436556889717,2488320,0.01,0.0,0.0,0.0,-0.23825600289308108,-0.1686132309053895,-0.5,-0.45818778072235156,0.0,0.0,-7.15920498404405e-08,-0.5707835739778174,-0.19997985821315012,-0.0874907770293495,0.0,0.0,-0.1021818644384845,0.014795408,16702,-19.879739856719972,0.1748779296875,0.2,1.0023784637451172,-0.0230790376663208,0.7687891721725464,0.00029176703999999996,5.000257623195648,-0.008869729225989432
0.0006673165998007688,26.5552,0.0,0.0,0.0,0.0,-0.2507127613233098,-0.054346583551790444,594,-0.1962611246853703,0.0,136,0.0,0.65,0.09691133168826765,-0.8399307229511025,4216,-138.39862441999998,155.55,0.0,-0.037976922821251154,-0.41086822064837547,2506752,0.01,0.0,0.0,0.0,-0.24436723988433773,-0.17532621104325774,-0.5,-0.46088237688073364,0.0,0.0,-7.288696409936836e-08,-0.532549828189977,-0.1891167341986111,-0.10283104990851687,0.0,-4.421599442139268e-05,-0.10209887474438,0.018758923,16706,-19.88035182952881,0.21219482421875,0.2,1.0021889209747314,-2.0520660877227783,0.7082358598709106,0.0002917056,2.874486470222473,-0.009483467997051775
0.0007725681870296183,26.56672,0.0,0.0,0.0,0.0,-0.2544729164678168,-0.05062245682147308,598,-0.1932858948926617,0.0,137,0.0,0.65,0.09860338259037556,-0.8844452841305535,4216,-138.23427065,154.93,0.0,-0.03859053610505721,-0.4202977014447245,2525184,0.01,0.0,0.0,0.0,-0.24287127569344896,-0.14719231533316346,-0.5,-0.49909679434670157,0.0,0.0,-8.849317681666928e-08,-0.543008010955932,-0.20526555608974034,-0.07292719542797112,0.0,-6.30692132593443e-05,-0.10212241902839128,0.025999486,16710,-19.878388595581054,0.2401123046875,0.2,1.0026911497116089,-3.718536376953125,0.350288987159729,0.00029164416,1.8227895498275757,-0.014267353364266456
0.0006944433585481925,26.57824,0.0,0.0,0.0,0.0,-0.24527784100380298,-0.053592313231028435,603,-0.19050172283441588,0.0,138,0.0,0.65,0.09804085579116287,-0.8648871997988523,4217,-139.28603102,159.5,0.0,-0.03755208702361009,-0.4099099012483766,2543616,0.01,0.0,0.0,0.0,-0.2436777624897034,-0.1845103745288473,-0.5,-0.5018908077522833,0.0,0.0,-8.536987672595188e-08,-0.5478946951245052,-0.19532351662665373,-0.10906113980314153,0.0,-8.137625021239122e-07,-0.102162292268322,0.030135352,16714,-19.896417903900147,0.2748779296875,0.2,1.0046333074569702,-3.2860331535339355,0.31577467918395996,0.00029158271999999997,1.4779027462005616,-0.016182748932624235
0.000826821798303475,26.58976,0.0,0.0,0.0,0.0,-0.2421115693076218,-0.058976035374842556,607,-0.20704667093606494,0.0,139,0.0,0.65,0.09913121730774556,-0.8055160684837576,4218,-142.23564496999998,170.99,0.0,-0.038081873036559716,-0.3987272805608398,2562048,0.01,0.0,0.0,0.0,-0.2548637145896555,-0.1837252350190145,-0.5,-0.5026081640721752,0.0,0.0,-7.248557451712998e-08,-0.5519294178471524,-0.21412486137131068,-0.11759062930395665,0.0,0.0,-0.10241804671143587,0.020328587,16715,-19.87005043029785,0.2232421875,0.2,1.0006754398345947,0.5765373706817627,4.74412727355957,0.00029152127999999995,10.278292465209962,0.006869593495503068
0.0006825075478344741,26.60128,0.0,0.0,0.0,0.0,-0.21716285780006467,-0.05955743490039495,611,-0.21504463111788205,0.0,140,0.0,0.65,0.10117482400526007,-0.9101569725010129,4218,-142.25203352000003,171.07,0.0,-0.03816271470146946,-0.4172763582191683,2580480,0.01,0.0,0.0,0.0,-0.25747060075724254,-0.19338970241551381,-0.5,-0.5004081107169169,0.0,0.0,-8.580318483425243e-08,-0.5432704122756741,-0.21621150178309373,-0.13932859537617615,0.0,-2.8482787052376403e-05,-0.10175907302727166,0.014830137,16719,-19.88008804321289,0.18292236328125,0.2,1.0021785497665405,-2.0587241649627686,0.6485546827316284,0.00029145984,2.4771029889583587,-0.012799143593292683
0.0008409275841485295,26.6128,0.0,0.0,0.0,0.0,-0.25175551544733243,-0.054260463826781756,616,-0.19256002918376983,0.0,141,0.0,0.65,0.09502325640579683,-0.8274864187738095,4218,-141.76572174,169.17,0.0,-0.03899944723894002,-0.39888219730571794,2598912,0.01,0.0,0.0,0.0,-0.24039058908803643,-0.18559561289359336,-0.5,-0.49311692114302613,0.0,0.0,-8.151556764360865e-08,-0.565843689520913,-0.21725638992890725,-0.10937651079576222,0.0,-1.2342485004208154e-05,-0.10191562275816851,0.01295135,16723,-19.876823043823244,0.17625732421875,0.2,1.0018513202667236,-3.9577484130859375e-05,1.238963007926941,0.0002913984,6.111392748355866,-0.006938166019972413
0.0008984362033920155,26.62432,0.0,0.0,0.0,0.0,-0.2214835185553149,-0.060750788729837114,620,-0.19543690692327537,0.0,142,0.0,0.65,0.09841051220272352,-0.8315803690766858,4218,-143.85892557,177.81,0.0,-0.03827904032161888,-0.40529406897288134,2617344,0.01,0.0,0.0,0.0,-0.24426804703871177,-0.1917740134168785,-0.5,-0.5022460039620094,0.0,0.0,-7.12437935943585e-08,-0.5706172215590817,-0.2202569498210284,-0.11971025734323251,0.0,-0.0005839010231688411,-0.10170774604332383,0.011260473,16727,-19.87910747528076,0.12979736328125,0.2,1.0021113157272339,-0.2325420379638672,1.1653945446014404,0.00029133695999999996,5.172655642032623,-0.009332612669095398
0.0008490654420004123,26.63584,0.0,0.0,0.0,0.0,-0.21832623903058435,-0.05538041749274336,624,-0.19482121632648,0.0,143,0.0,0.65,0.09897979981822405,-0.9599999624071004,4218,-142.60232786,172.45,0.0,-0.03750701723368726,-0.39406817139217654,2635776,0.01,0.0,0.0,0.0,-0.2447505822758097,-0.16736463945657087,-0.5,-0.5279893201192025,0.0,0.0,-7.92019276963954e-08,-0.5446564124027459,-0.2343598101616252,-0.10145609813070382,0.0,0.0,-0.1019204169619382,0.01409184,16731,-19.878996467590333,0.13031005859375,0.2,1.0022332668304443,0.17369800806045532,1.0649102926254272,0.00029127552,4.778438031673431,-0.012944794504437595
0.000904403934125892,26.64736,0.0,0.0,0.0,0.0,-0.23519385376240637,-0.05591379589829826,629,-0.1972883503757001,0.0,144,0.0,0.65,0.10040946668527088,-0.9596885698915596,4219,-142.00226747,170.05,0.0,-0.03877940003402161,-0.4051580935226907,2654208,0.01,0.0,0.0,0.0,-0.25914442517825603,-0.16929602426303492,-0.5,-0.5346050737020303,0.0,0.0,-9.10654791228829e-08,-0.5557284842388817,-0.23412542259166727,-0.12552506004657096,0.0,-5.506685960830914e-05,-0.10179493921093206,0.031969965,16735,-19.88700122833252,0.24688720703125,0.2,1.003122329711914,-1.7179746627807617,0.28549444675445557,0.00029121408,1.5321868658065796,-0.018104100972414015
0.0005886492532833169,26.65888,0.0,0.0,0.0,0.0,-0.22362411591014184,-0.0494750938073074,633,-0.18726045450299625,0.0,145,0.0,0.65,0.0953425858251648,-0.7885162861191355,4219,-142.02579518000002,170.17,0.0,-0.0385145592686957,-0.4237409444998119,2672640,0.01,0.0,0.0,0.0,-0.2404239291300877,-0.1567983543525213,-0.5,-0.49911195843726003,0.0,0.0,-7.70128031039522e-08,-0.5730840535748066,-0.23251676415532785,-0.10560976718386016,0.0,-7.4597159659283025e-06,-0.10184309119214677,0.02535508,16739,-19.892002010345458,0.2632568359375,0.2,1.004339337348938,-1.6242775917053223,0.3277212977409363,0.00029115263999999997,1.7399155437946319,-0.014565236656926573
0.0008148861137063553,26.6704,0.0,0.0,0.0,0.0,-0.22575412054359256,-0.05111100511201619,637,-0.1858606533196311,0.0,146,0.0,0.65,0.09673009511077839,-0.7954899977679191,4219,-142.9423999,173.74,0.0,-0.03694393538014454,-0.4111963076811057,2691072,0.01,0.0,0.0,0.0,-0.23881101132411647,-0.16548856363718026,-0.5,-0.5114544285950849,0.0,0.0,-8.696617651129608e-08,-0.5743890790380504,-0.22971020167865058,-0.09386526307834821,0.0,-0.0002768268750514835,-0.10202327278574583,0.027468104,16743,-19.897367668151855,0.255859375,0.2,1.0045088529586792,-1.7198450565338135,0.35881540179252625,0.0002910912,1.674688446521759,-0.015498256101273
0.0008653415619240453,26.68192,0.0,0.0,0.0,0.0,-0.20771519033457417,-0.05452603679685916,642,-0.1921895713850835,0.0,147,0.0,0.65,0.09883570950431651,-0.7820244363774158,4219,-144.33083931,179.32,0.0,-0.037019104203318234,-0.40121828144094734,2709504,0.01,0.0,0.0,0.0,-0.24220848715492915,-0.18397943789415364,-0.5,-0.5192262134936118,0.0,0.0,-7.320095550785572e-08,-0.5313215316077531,-0.22964598101315417,-0.11698915036016115,0.0,-7.4597159659283025e-06,-0.10213047479047026,0.020108704,16747,-19.885188007354735,0.2445068359375,0.2,1.0031555891036987,-2.4115099906921387,0.42317017912864685,0.00029102976,1.9711751878261565,-0.009269404411315917
0.0009006065148342815,26.69344,0.0,0.0,0.0,0.0,-0.24282763931520263,-0.05189685951987064,646,-0.19210295187654192,0.0,148,0.0,0.65,0.09425937577260929,-0.789000812237331,4220,-143.57048421000002,176.39,0.0,-0.03793338000704779,-0.4262879041787929,2727936,0.01,0.0,0.0,0.0,-0.249233779023319,-0.17840108556208267,-0.5,-0.48382294500492307,0.0,0.0,-8.043135930905236e-08,-0.5646889480475079,-0.25405692869040425,-0.14646437677345275,0.0,-4.408058076579538e-05,-0.10201816994195752,0.01818467,16751,-19.887176036834717,0.194384765625,0.2,1.0033519268035889,-1.540762186050415,0.6732372641563416,0.00029096832,2.611284911632538,-0.010783887031720951
0.0009016914377247707,26.70496,0.0,0.0,0.0,0.0,-0.25776323656105316,-0.05042251166274827,650,-0.191311146643378,0.0,149,0.0,0.65,0.09491323358394965,-0.822897318850541,4220,-143.95926046,177.82,0.0,-0.03753786672155781,-0.4406682366662218,2746368,0.01,0.0,0.0,0.0,-0.2505357595547549,-0.1589145501724224,-0.5,-0.5102318634717217,0.0,0.0,-8.124870818384979e-08,-0.588739745797524,-0.24484330566736054,-0.0950016708085743,0.0,-0.0004585757463549574,-0.10219426361445741,0.017341448,16755,-19.881939601898193,0.18533935546875,0.2,1.0023193359375,-1.6096906661987305,0.6435976028442383,0.00029090687999999996,2.7521460592746734,-0.012698488670866936
0.0009385838800679065,26.71648,0.0,0.0,0.0,0.0,-0.23169217539383574,-0.0506195674816515,655,-0.18379629282423576,0.0,150,0.0,0.65,0.09297483890268797,-0.5641704731406897,4220,-140.59543548,164.73,0.0,-0.03756612126748281,-0.4143832902740636,2764800,0.01,0.0,0.0,0.0,-0.2644041370650605,-0.14239017226194808,-0.5,-0.5110982116453341,0.0,0.0,-8.024156294082719e-08,-0.5715520211390306,-0.2433224819391081,-0.07753978097954689,0.0,0.0,-0.10204159527989282,0.015669465,16759,-19.875906658172607,0.17364501953125,0.2,1.0014674663543701,-3.145815372467041,0.6219519376754761,0.00029084544,2.573340481519699,-0.01455926577327773
0.0010856105331590192,26.728,0.0,0.0,0.0,0.0,-0.23568697445668974,-0.049182433731437075,659,-0.1783481836785913,0.0,151,0.0,0.65,0.09785817807343261,-0.6694817880371282,4220,-142.58065104999997,172.41,0.0,-0.03727617497454899,-0.3998471591102151,2783232,0.01,0.0,0.0,0.0,-0.24698962802969218,-0.15366764354323895,-0.5,-0.5012788958816092,0.0,0.0,-8.159215203734584e-08,-0.5679100089573317,-0.2395050454708172,-0.0788112361747903,0.0,-1.4241341786045166e-05,-0.102114531653432,0.0172406,16763,-19.877154636383057,0.16546630859375,0.2,1.002074956893921,-1.0421628952026367,0.6679793000221252,0.000290784,2.846273511648178,-0.014329770262702369
0.0012613916801961346,26.73952,0.0,0.0,0.0,0.0,-0.22828695588022307,-0.052199965472101414,663,-0.20107631383899086,0.0,152,0.0,0.65,0.09644143362195898,-0.7163363770317185,4221,-145.22549107000003,183.57,0.0,-0.03666454734083997,-0.40674272130140277,2801664,0.01,0.0,0.0,0.0,-0.22780670371657216,-0.19016071570567702,-0.5,-0.5111809793112815,0.0,0.0,-7.917876012483777e-08,-0.5764495721843614,-0.2323880225902819,-0.12407881968551557,0.0,-1.3562061616943942e-07,-0.10270727276987007,0.021115508,16767,-19.883120441436766,0.196875,0.2,1.0027925968170166,-3.5612258911132812,0.4116235673427582,0.00029072255999999997,1.6877869725227357,-0.017915452551096677
0.0009109147423360911,26.75104,0.0,0.0,0.0,0.0,-0.23400065927934074,-0.05306847621643967,668,-0.18014925670045054,0.0,153,0.0,0.65,0.0932430869787532,-0.7419735807914879,4221,-144.53042542,180.26,0.0,-0.03713122098501334,-0.41206360087501376,2820096,0.01,0.0,0.0,0.0,-0.2525797923936554,-0.19469231093682784,-0.5,-0.5119205993077081,0.0,0.0,-9.062065570433967e-08,-0.5623776220800675,-0.2367188024373617,-0.12465483842349068,0.0,-8.137625021239122e-07,-0.1021904944613261,0.014697207,16771,-19.878758239746094,0.23033447265625,0.2,1.001965045928955,-0.12886595726013184,0.5526437759399414,0.00029066112,2.9721102833747866,-0.008897385111777113
0.0008300770520387838,26.76256,0.0,0.0,0.0,0.0,-0.2255463375183087,-0.05560265427920541,672,-0.1895058586399389,0.0,154,0.0,0.65,0.0924923614068185,-0.6311184160408327,4221,-143.71892159,177.06,0.0,-0.034941957517684384,-0.4004500995830105,2838528,0.01,0.0,0.0,0.0,-0.25498442973141644,-0.2067081493791354,-0.5,-0.5324537424362725,0.0,0.0,-8.154837176986967e-08,-0.5566427111325449,-0.23077348385253801,-0.15581261288322099,0.0,0.0,-0.10254447599301732,0.018722007,16775,-19.880166816711426,0.17747802734375,0.2,1.0025615692138672,-2.920140027999878,0.4603087902069092,0.00029059968,2.1304754972457887,-0.01661678800592199
0.0009141696047865682,26.77408,0.0,0.0,0.0,0.0,-0.21903896043001267,-0.050454473273484346,676,-0.19176068154877562,0.0,155,0.0,0.65,0.0929416779176207,-0.6468877330079494,4221,-144.80015464000002,181.3,0.0,-0.03609547757884632,-0.4053738038736123,2856960,0.01,0.0,0.0,0.0,-0.22790014592485786,-0.1981045150268835,-0.5,-0.5012869654670766,0.0,0.0,-7.431615637153648e-08,-0.5637668959802227,-0.2435527043015671,-0.171483852742084,0.0,-0.00036919352553215704,-0.10255082547671857,0.023129916,16779,-19.881540966033935,0.21214599609375,0.2,1.0024523735046387,-2.3222761154174805,0.43251991271972656,0.00029053824,1.765343189239502,-0.01447098704520613
0.001028644771496248,26.7856,0.0,0.0,0.0,0.0,-0.2689898549745574,-0.05688022378192745,681,-0.17587427310004278,0.0,156,0.0,0.65,0.09314591552923,-0.6947839466382947,4221,-144.47685408,180.76,0.0,-0.03545574936529483,-0.4092634146033459,2875392,0.01,0.0,0.0,0.0,-0.2540553358479347,-0.1971663066617947,-0.5,-0.5289643460095532,0.0,0.0,-8.38853632704773e-08,-0.5759661892789467,-0.2208449855913397,-0.12958475949352727,0.0,-2.57701289633082e-05,-0.10281511047201908,0.025793498,16783,-19.883701419830324,0.24608154296875,0.2,1.0027885437011719,-2.0776052474975586,0.2853316068649292,0.00029047679999999996,1.6475060522556304,-0.01645869150524959
0.0009082022168311394,26.79712,0.0,0.0,0.0,0.0,-0.2728605346575861,-0.05505972878676273,685,-0.16456086570180792,0.0,157,0.0,0.65,0.09147317073278709,-0.587672534578445,4222,-143.09409363,174.85,0.0,-0.03573591000410406,-0.3960984533283775,2893824,0.01,0.0,0.0,0.0,-0.2683037857307626,-0.17151932065666273,-0.5,-0.48841175562913947,0.0,0.0,-7.919331830042806e-08,-0.5834349790844904,-0.21967977699267038,-0.09856377051556314,0.0,-2.31931044254452e-05,-0.10266486032799221,0.02330234,16787,-19.882082748413087,0.25098876953125,0.2,1.0028808116912842,-2.2295925617218018,0.3681226372718811,0.00029041536,1.964402014017105,-0.012364667333895341
0.0006792524978259786,26.80864,0.0,0.0,0.0,0.0,-0.24331528245728165,-0.05144807857098996,689,-0.17288346670095617,0.0,158,0.0,0.65,0.09366010428295907,-0.5772984364606252,4222,-141.74574006,169.57,0.0,-0.03583189535793052,-0.3897088157336613,2912256,0.01,0.0,0.0,0.0,-0.2640761629921294,-0.1918820336066766,-0.5,-0.4877019030455979,0.0,0.0,-7.866761086487662e-08,-0.5734064952260631,-0.21975753990613184,-0.12233809754348846,0.0,-2.57701289633082e-05,-0.10229750311164887,0.019480893,16791,-19.883714580535887,0.21763916015625,0.2,1.003005027770996,-1.0326919555664062,0.47601085901260376,0.00029035392,2.307348704338074,-0.013468375790398567
0.0011566827532887044,26.82016,0.0,0.0,0.0,0.0,-0.247557022080246,-0.052476057367114304,694,-0.1915848506722808,0.0,159,0.0,0.65,0.09541479019781512,-0.663213049320774,4222,-144.59361619999999,180.52,0.0,-0.03631290963142673,-0.39805604519102283,2930688,0.01,0.0,0.0,0.0,-0.26290978951487587,-0.17648516242026419,-0.5,-0.4994972129958768,0.0,0.0,-7.555498910571006e-08,-0.5725711474911136,-0.23598206181201675,-0.11545390096269398,0.0,0.0,-0.10264052361815654,0.020039665,16795,-19.883344078063963,0.20662841796875,0.2,1.002746343612671,-1.3885338306427002,0.26249533891677856,0.00029029247999999997,1.666269627213478,-0.014143540360964834
0.001003145540986831,26.83168,0.0,0.0,0.0,0.0,-0.24191709701252362,-0.049587824963189385,698,-0.1664684206496995,0.0,160,0.0,0.65,0.0910593223566945,-0.5526396498601805,4222,-144.91340534999998,182.34,0.0,-0.03643183576093547,-0.41157204576821677,2949120,0.01,0.0,0.0,0.0,-0.23534517333272584,-0.20228423669154633,-0.5,-0.4797373625630494,0.0,0.0,-8.100957853330076e-08,-0.5651780619066343,-0.24256832901750552,-0.14593977153025064,0.0,0.0,-0.10222180488706223,0.021543864,16799,-19.8800087928772,0.253466796875,0.2,1.0023168325424194,-2.988211154937744,0.3105188012123108,0.00029023104,1.7423198819160461,-0.010853598406538368
0.001181639701826498,26.8432,0.0,0.0,0.0,0.0,-0.2936337267480876,-0.04814258913595579,702,-0.13943333842659075,0.0,161,0.0,0.65,0.0847689476814602,-0.46950232324689156,4223,-145.19142707,183.43,0.0,-0.035618860417476444,-0.39642718286204137,2967552,0.01,0.0,0.0,0.0,-0.25883270025263827,-0.18381654664852984,-0.5,-0.5180949282316929,0.0,0.0,-8.984223757064306e-08,-0.6087120799347171,-0.2287918997190448,-0.07412068592123582,0.0,-2.848226965094606e-06,-0.10272403813398019,0.045215115,16801,-19.86717637379964,0.2572021484375,0.2,1.0004494190216064,-0.34884095191955566,1.2009401321411133,0.0002901696,3.797068238258362,0.00740714103449136
0.0012266700408266236,26.85472,0.0,0.0,0.0,0.0,-0.28017266791045836,-0.04723065686336141,707,-0.14352957610674222,0.0,162,0.0,0.65,0.0877498924812622,-0.5264338816186991,4223,-145.98614956000003,186.78,0.0,-0.036163979465404526,-0.3940991045952486,2985984,0.01,0.0,0.0,0.0,-0.25624533493025536,-0.18790557543103198,-0.5,-0.49796406345059946,0.0,0.0,-8.258752962765242e-08,-0.5980067963102128,-0.2254783811103932,-0.08609067884791928,0.0,-0.0002739787014434114,-0.10249398650699965,0.012650177,16805,-19.875801849365235,0.13948974609375,0.2,1.0018335580825806,-1.207096815109253,0.8481988906860352,0.00029010816,4.031001043319702,-0.011081822769483551
0.0010243046272080392,26.86624,0.0,0.0,0.0,0.0,-0.28526825884174495,-0.050586559866976945,712,-0.1405603042695485,0.0,163,0.0,0.65,0.09235404984891529,-0.528530284077076,4215,-142.42482397,172.58,0.0,-0.03475989369125944,-0.39409452710670334,3004416,0.01,0.0,0.0,0.0,-0.28389304630483536,-0.1624937098096692,-0.5,-0.4942074579008251,0.0,0.0,-9.260253348282421e-08,-0.5671074438243923,-0.2247763406977321,-0.08065155389540585,0.0,-1.057926177357634e-05,-0.10256057014034181,0.016759148,16809,-19.883133602142333,0.1691162109375,0.2,1.0028672218322754,-4.54940128326416,0.39172154664993286,0.00029004672,2.021985286474228,-0.01651127145742066
0.0008311624373568015,26.87776,0.0,0.0,0.0,0.0,-0.2899984825597172,-0.043772503231128204,717,-0.1318949227810892,0.0,164,0.0,0.65,0.0852178475176192,-0.40326085788170357,4215,-143.82450094,178.48,0.0,-0.03564226285587079,-0.410325853943496,3022848,0.01,0.0,0.0,0.0,-0.25813611481080156,-0.1701920550417121,-0.5,-0.5048381734914323,0.0,0.0,-8.634056557840214e-08,-0.6123652811551128,-0.2357869407535929,-0.06398990600606937,0.0,0.0,-0.1023230315700685,0.018309131,16813,-19.882590961456298,0.190087890625,0.2,1.002668857574463,-1.4659667015075684,0.29668349027633667,0.00028998528,1.579270851612091,-0.017234451265539973
0.0012689875309459036,26.88928,0.0,0.0,0.0,0.0,-0.30500143557390147,-0.04975340755007813,721,-0.14671571310709558,0.0,165,0.0,0.65,0.0873180663216969,-0.31355277396014103,4215,-143.38968988,177.21,0.0,-0.03563121072092025,-0.41051621983436926,3041280,0.01,0.0,0.0,0.0,-0.25249255757294614,-0.2103412059015005,-0.5,-0.5081072430313212,0.0,0.0,-8.684013980838447e-08,-0.6037777658733537,-0.23032638149202325,-0.11073113988360066,0.0,-5.126913310959935e-05,-0.10214205956247562,0.019712085,16817,-19.882827377319337,0.19185791015625,0.2,1.002921462059021,-0.7360020875930786,0.40250730514526367,0.00028992384,2.022348701953888,-0.013015833136159926
0.0009315311197294957,26.9008,0.0,0.0,0.0,0.0,-0.28693969534662994,-0.04907995992292454,725,-0.1573926226516601,0.0,166,0.0,0.65,0.09013781301775231,-0.48660779707377955,4216,-142.11950831999994,171.33,0.0,-0.03527629457827331,-0.3901840295059161,3059712,0.01,0.0,0.0,0.0,-0.25798229855361904,-0.20337343773840377,-0.5,-0.4785176678934521,0.0,0.0,-8.859779173652786e-08,-0.5964997418168686,-0.21729566224213884,-0.12092095795554848,0.0,-6.483229420458277e-05,-0.10261586744194078,0.017386217,16821,-19.885324573516847,0.22203369140625,0.2,1.0030457973480225,-0.05136740207672119,0.5911751985549927,0.00028986239999999997,2.645971971750259,-0.009398075949866325
0.0010205067745927307,26.91232,0.0,0.0,0.0,0.0,-0.2690558705779494,-0.04260512171273709,729,-0.1439853406066614,0.0,167,0.0,0.65,0.08693570169481926,-0.3602275157052469,4216,-144.08886452000002,179.72,0.0,-0.035717090765751885,-0.40613468387872387,3078144,0.01,0.0,0.0,0.0,-0.2315311810685125,-0.17767024789312477,-0.5,-0.46089031358101756,0.0,0.0,-8.456510235783546e-08,-0.6299588158281874,-0.2374781638525088,-0.09469488031769066,0.0,-5.126913310959935e-05,-0.10262196770037456,0.025646439,16825,-19.88290891647339,0.23472900390625,0.2,1.0025274753570557,-2.839444398880005,0.22689121961593628,0.00028980096,1.3100853741168976,-0.017022007890045644
0.0012749556658996476,26.92384,0.0,0.0,0.0,0.0,-0.30764837226745384,-0.047583848950614155,734,-0.14534433952706843,0.0,168,0.0,0.65,0.08478692046376989,-0.4651745961207946,4217,-144.64851018,182.33,0.0,-0.03581796775653141,-0.4007850274095694,3096576,0.01,0.0,0.0,0.0,-0.2401364777077104,-0.18917135290940465,-0.5,-0.5138439973672879,0.0,0.0,-9.387970162271267e-08,-0.6330578166582723,-0.2279961074207469,-0.07801476187621649,0.0,-0.0001342766465515726,-0.1022160426361346,0.044114575,16827,-19.867239270891464,0.25083705357142855,0.2,1.0004043579101562,0.0374530553817749,1.8900535106658936,0.00028973952,8.214061464582171,0.005075112450867891
0.0010791006207000464,26.93536,0.0,0.0,0.0,0.0,-0.30395274019876695,-0.043783921302082196,738,-0.1376271775888477,0.0,169,0.0,0.65,0.08662626126046671,-0.41687284555191595,4217,-146.24431622999998,188.08,0.0,-0.035885705061395996,-0.3929156445321305,3115008,0.01,0.0,0.0,0.0,-0.25354536477364964,-0.17377448645078147,-0.5,-0.5118796149431623,0.0,0.0,-9.610907539992353e-08,-0.6455165793374066,-0.23880440408656037,-0.059008070098073816,0.0,-5.126913310959935e-05,-0.10226263860995696,0.014333385,16831,-19.871827793121337,0.15225830078125,0.2,1.0012552738189697,-0.281296968460083,0.6076308488845825,0.00028967808,2.6754404425621034,-0.01594693921506405
0.0014046211629950751,26.94688,0.0,0.0,0.0,0.0,-0.28468472304755854,-0.04676151171276413,742,-0.1495230956995818,0.0,170,0.0,0.65,0.08461974522148373,-0.43782269200310553,4217,-144.9897775,182.45,0.0,-0.03642420297594042,-0.4212784082049541,3133440,0.01,0.0,0.0,0.0,-0.2471403952754208,-0.18155172673100103,-0.5,-0.4961519310364539,0.0,0.0,-7.374465937819172e-08,-0.5995401115542454,-0.23697396546429875,-0.09083934736575733,0.0,-0.0007405579154793587,-0.10195465274005747,0.016034871,16835,-19.875427341461183,0.16368408203125,0.2,1.0018272399902344,-0.9276212453842163,0.43376728892326355,0.00028961664,2.129106593132019,-0.013234556000679732
0.0012158192597174395,26.9584,0.0,0.0,0.0,0.0,-0.28984465689395233,-0.048577417371728236,747,-0.14730849925662165,0.0,171,0.0,0.65,0.08902597961734944,-0.34440783901148264,4217,-144.46947937999997,181.8,0.0,-0.03717002461851018,-0.405613356926821,3151872,0.01,0.0,0.0,0.0,-0.25634377118641866,-0.17058157827144202,-0.5,-0.49698093872897214,0.0,0.0,-8.134912509343692e-08,-0.6023113458990885,-0.2358534289161495,-0.04334862110916304,0.0,-6.30692132593443e-05,-0.10209262255152536,0.012959222,16839,-19.87740077972412,0.15224609375,0.2,1.0018877983093262,-0.976751446723938,0.6629976034164429,0.0002895552,2.8683646976947785,-0.011938659520819784
0.0015668392330149396,26.969920000000002,0.0,0.0,0.0,0.0,-0.3004176566586474,-0.03771535335535468,751,-0.14670241444945356,0.0,172,0.0,0.65,0.08825600752094208,-0.4456890113594395,4218,-144.13407727999999,179.52,0.0,-0.03794844536553781,-0.4355148462484689,3170304,0.01,0.0,0.0,0.0,-0.2306163060111099,-0.15690335247523904,-0.5,-0.4737594741656594,0.0,0.0,-8.255937480143589e-08,-0.6142144035133085,-0.25008393316148253,-0.057152123133640216,0.0,-2.1294182968429392e-05,-0.10204691140135128,0.016755303,16843,-19.880255126953124,0.15809326171875,0.2,1.0023936033248901,-0.6147967576980591,0.7751458287239075,0.00028949376,2.949357044696808,-0.013722832966595887
0.0012006284927742349,26.98144,0.0,0.0,0.0,0.0,-0.30792700569177656,-0.04507615748951037,755,-0.140205557524741,0.0,173,0.0,0.65,0.0876220630061484,-0.4591596612882191,4218,-145.92463131,187.51,0.0,-0.03730211148143545,-0.3883120968335148,3188736,0.01,0.0,0.0,0.0,-0.22302130297419667,-0.19438118884734848,-0.5,-0.5186249963753539,0.0,0.0,-7.248452055079012e-08,-0.6494539161030661,-0.2396655548663436,-0.0850585359084308,0.0,-1.3562837719089455e-06,-0.1024532893479922,0.020848023,16847,-19.88448362350464,0.2061767578125,0.2,1.0029863119125366,0.14002078771591187,0.3463817834854126,0.00028943231999999997,1.8367807388305664,-0.015147820475976913
0.0014203549653757364,26.99296,0.0,0.0,0.0,0.0,-0.30784279520148444,-0.046332830122601115,760,-0.14392057879507125,0.0,174,0.0,0.65,0.0841948013545253,-0.26517605388971327,4218,-144.91678574000002,183.22,0.0,-0.03559265734663178,-0.39962543331653766,3207168,0.01,0.0,0.0,0.0,-0.24023475057254412,-0.16998562653414281,-0.5,-0.49111250487537045,0.0,0.0,-8.558320339691375e-08,-0.6238210675795162,-0.24548646065589796,-0.056081837409509255,0.0,-3.2551612498031725e-05,-0.10218552864797775,0.01753719,16851,-19.88652572631836,0.209521484375,0.2,1.0031795501708984,-0.048357248306274414,0.3517286777496338,0.00028937088,1.7166970372200012,-0.012715722271241247
0.0011344390934229726,27.00448,0.0,0.0,0.0,0.0,-0.27658063388323323,-0.0483465337137057,764,-0.1559266621346246,0.0,175,0.0,0.65,0.0875978586741145,-0.6542803201230883,4219,-148.20229324,195.69,0.0,-0.036330608759217106,-0.38754399498393405,3225600,0.01,0.0,0.0,0.0,-0.24590216959613173,-0.19066252683196522,-0.5,-0.5262650561980349,0.0,0.0,-7.926916561744047e-08,-0.6266282633814584,-0.23527871226996191,-0.09584046372679085,0.0,0.0,-0.10246387225570312,0.018929709,16855,-19.87733201980591,0.1942138671875,0.2,1.001885175704956,-0.9471583366394043,0.5205374956130981,0.00028930944,2.2966419398784637,-0.011342001776210964
0.000945637135171435,27.016,0.0,0.0,0.0,0.0,-0.29818307804740474,-0.05007127926521296,768,-0.15119874331521335,0.0,176,0.0,0.65,0.08309686367661256,-0.47122282904302754,4219,-146.00260455,186.61,0.0,-0.0360426356692521,-0.4086704261047962,3244032,0.01,0.0,0.0,0.0,-0.23603373141459139,-0.18112635170178282,-0.5,-0.5416196248118096,0.0,0.0,-7.28581061112426e-08,-0.6386737992818552,-0.23557013897801138,-0.05657544367269111,0.0,-5.9000219658224116e-05,-0.10264099723654044,0.028172264,16859,-19.87859649658203,0.22396240234375,0.2,1.0022255182266235,-1.9979238510131836,0.21153336763381958,0.000289248,1.3822660088539123,-0.01681927319150418
0.0013416876220920433,27.02752,0.0,0.0,0.0,0.0,-0.313823532267569,-0.04508620755553468,773,-0.15737679358509601,0.0,177,0.0,0.65,0.07892189551833886,-0.4066744991988414,4219,-148.58021832,197.95,0.0,-0.03676468373908885,-0.41781491946812654,3262464,0.01,0.0,0.0,0.0,-0.22467674630230544,-0.19108818816412165,-0.5,-0.5377745615437302,0.0,0.0,-7.18460282354325e-08,-0.6502622605704729,-0.2431543363003549,-0.09711352556538987,0.0,-1.3562837719089455e-06,-0.10268606845035713,0.028418329,16863,-19.891245937347414,0.2739501953125,0.2,1.0044145584106445,-2.3745052814483643,0.239414244890213,0.00028918656,1.4739418923854828,-0.011986868490930646
0.0010671647938175334,27.03904,0.0,0.0,0.0,0.0,-0.28421382631131603,-0.05053890311934073,777,-0.14967250520329572,0.0,178,0.0,0.65,0.08485592334736985,-0.5799701484712902,4219,-142.60012404,172.72,0.0,-0.03661060940137849,-0.4193184811452762,3280896,0.01,0.0,0.0,0.0,-0.2570317988381374,-0.1648240722439413,-0.5,-0.5161326684800848,0.0,0.0,-8.640048101631255e-08,-0.6132472779221678,-0.23830015492760667,-0.05959250981565994,0.0,-2.848226965094606e-06,-0.10245627758739417,0.017382912,16867,-19.886188793182374,0.1884033203125,0.2,1.002882480621338,0.10818034410476685,0.38527148962020874,0.00028912512,2.098481887578964,-0.012281831563450396
0.0010085713228262547,27.05056,0.0,0.0,0.0,0.0,-0.27883788013817473,-0.05195886696193231,781,-0.1444085395051643,0.0,179,0.0,0.65,0.08590926177913749,-0.44667802851498833,4219,-144.87987014,182.06,0.0,-0.036358397280111435,-0.4287708511148378,3299328,0.01,0.0,0.0,0.0,-0.26728489405741024,-0.1787855110875547,-0.5,-0.5260117348555742,0.0,0.0,-7.721416817797043e-08,-0.6074340034021932,-0.23449039923816783,-0.07864667564214131,0.0,-7.608999536993603e-05,-0.10238197949835039,0.027109921,16871,-19.88987636566162,0.2501220703125,0.2,1.0037767887115479,-3.318326950073242,0.17180012166500092,0.00028906368,1.1082189500331878,-0.01663158442825079
0.0010123689911173035,27.06208,0.0,0.0,0.0,0.0,-0.31689393913194114,-0.04555494777800085,786,-0.1404197788245275,0.0,180,0.0,0.65,0.08382021783794796,-0.3661028557287424,4220,-146.52210154,189.28,0.0,-0.03715941975883817,-0.40518423519015545,3317760,0.01,0.0,0.0,0.0,-0.24335175357423092,-0.16783099908340715,-0.5,-0.5281851225056743,0.0,0.0,-7.624198856694369e-08,-0.6593925525404819,-0.23916241902562105,-0.05459788333096807,0.0,-0.000927460276418262,-0.1022561919949807,0.023357604,16875,-19.888748550415038,0.2296142578125,0.2,1.0037552118301392,-3.482604503631592,0.21806707978248596,0.00028900223999999997,1.3149977803230286,-0.018501023296266794
0.0010769303706992003,27.0736,0.0,0.0,0.0,0.0,-0.31268033509694076,-0.048680533534270355,790,-0.14848671600212573,0.0,181,0.0,0.65,0.08216587098194132,-0.5356254940727627,4220,-146.14063452,187.2,0.0,-0.036584695918858365,-0.38874046766610915,3336192,0.01,0.0,0.0,0.0,-0.2385951091501758,-0.19861074602656328,-0.5,-0.528886993302513,0.0,0.0,-6.877813934092143e-08,-0.6550619540923537,-0.22911249143277967,-0.08931616287664135,0.0,0.0,-0.10231127098400888,0.0206904,16879,-19.883870601654053,0.22091064453125,0.2,1.002680778503418,-1.0419607162475586,0.35797318816185,0.0002889408,1.7420719265937805,-0.013752739795017987
0.0014854589147338022,27.08512,0.0,0.0,0.0,0.0,-0.29068220654180965,-0.045938397956134996,794,-0.16989096496377987,0.0,182,0.0,0.65,0.08094989973985506,-0.5723111857300097,4220,-147.42133439,192.42,0.0,-0.03704935983806334,-0.42903900487484076,3354624,0.01,0.0,0.0,0.0,-0.2173321483867393,-0.18869541036414744,-0.5,-0.5209282780167322,0.0,0.0,-7.555025994567805e-08,-0.6141943395678697,-0.24755817395011082,-0.09881819283099298,0.0,-0.00016926986993187002,-0.10277785232427655,0.027621483,16883,-19.887332248687745,0.238916015625,0.2,1.0037007331848145,-2.830831289291382,0.09026171267032623,0.00028887936,0.9416581749916076,-0.015950425434857606
0.0013004546991497693,27.09664,0.0,0.0,0.0,0.0,-0.3045172407168965,-0.04453572106329807,799,-0.15787915327067714,0.0,183,0.0,0.65,0.08276916902864445,-0.47512394754520443,4220,-146.92906924999997,191.39,0.0,-0.03598338127565975,-0.4227017472265444,3373056,0.01,0.0,0.0,0.0,-0.22774108555249384,-0.1974115408059381,-0.5,-0.5188737621548664,0.0,0.0,-7.169290553854812e-08,-0.6313696707607013,-0.2231625135157938,-0.08726292586233428,0.0,-4.068747835440768e-07,-0.1026872355136152,0.027788103,16887,-19.89075050354004,0.281201171875,0.2,1.003600001335144,-2.9140899181365967,0.2240522801876068,0.00028881792,1.19911248087883,-0.015601711138151586
0.00112521622213535,27.108159999999998,0.0,0.0,0.0,0.0,-0.2985033315049249,-0.049050863273754554,803,-0.1493824170027104,0.0,184,0.0,0.65,0.07599951466146333,-0.6685847154471642,4220,-150.70842504,205.46,0.0,-0.037221604111727584,-0.42415789597892284,3391488,0.01,0.0,0.0,0.0,-0.2078314053254825,-0.2028625806676632,-0.5,-0.5393290187775938,0.0,0.0,-8.783373703021802e-08,-0.6536983906500257,-0.22909447704647892,-0.09884281815236558,0.0,0.0,-0.10241718438568866,0.021855755,16891,-19.881907844543456,0.2698974609375,0.2,1.0024021863937378,-0.4589196443557739,0.39398306608200073,0.00028875648,1.8790793716907501,-0.011098321352619678
0.0016086144702664267,27.11968,0.0,0.0,0.0,0.0,-0.32224955865172616,-0.04861819115019301,807,-0.14939329463224288,0.0,185,0.0,0.65,0.07800751280289665,-0.42259846196250217,4221,-146.93121955000004,190.68,0.0,-0.036454963002581414,-0.41321376821326095,3409920,0.01,0.0,0.0,0.0,-0.21790019898947255,-0.19845811799062157,-0.5,-0.5169432954532428,0.0,0.0,-7.461701758577099e-08,-0.650104706548553,-0.2424162026657899,-0.07942329305281001,0.0,-7.4597159659283025e-06,-0.10255065127637995,0.019071091,16895,-19.87875967025757,0.20655517578125,0.2,1.0021369457244873,-2.9836883544921875,0.32092776894569397,0.00028869504,1.5927994012832642,-0.014313235529698431
0.0008279073711795112,27.1312,0.0,0.0,0.0,0.0,-0.3050935889791695,-0.04809295598175542,812,-0.14250200793334022,0.0,186,0.0,0.65,0.08240049053143884,-0.453114562889376,4221,-145.71069611999997,185.79,0.0,-0.03694038089560159,-0.43008821069171554,3428352,0.01,0.0,0.0,0.0,-0.24809042254682337,-0.16737426386231513,-0.5,-0.5197159733903294,0.0,0.0,-8.496517065637487e-08,-0.6309233032423169,-0.21779044375892212,-0.051732055774626515,0.0,-2.034438592899177e-06,-0.1022449250129013,0.025526127,16899,-19.882829856872558,0.23446044921875,0.2,1.0025582313537598,-2.8805081844329834,0.2508203983306885,0.0002886336,1.1843597531318664,-0.01600182969123125
0.0015646693419613359,27.14272,0.0,0.0,0.0,0.0,-0.3274124018077105,-0.04457104604781187,816,-0.1508024955361222,0.0,187,0.0,0.65,0.080817599290588,-0.4934383020843447,4221,-149.10321964,199.74,0.0,-0.037349862663471456,-0.43091254560418213,3446784,0.01,0.0,0.0,0.0,-0.2295949100027548,-0.16858429398575822,-0.5,-0.5199187750388479,0.0,0.0,-8.248031932696156e-08,-0.6202605754270264,-0.25182724783326643,-0.04821097946720086,0.0,-0.00020982392662618723,-0.10256601730945464,0.022526989,16903,-19.88262414932251,0.2130859375,0.2,1.0025901794433594,-2.8398923873901367,0.16284692287445068,0.00028857216,1.0692561328411103,-0.0172700235969387
0.0012570521794259548,27.15424,0.0,0.0,0.0,0.0,-0.31726006001271556,-0.05114497926563757,820,-0.154337298379368,0.0,188,0.0,0.65,0.07475064624228268,-0.6667907615688612,4221,-149.88509284,202.7,0.0,-0.03618901417444703,-0.403747839297916,3465216,0.01,0.0,0.0,0.0,-0.21423486266814815,-0.20477757381320416,-0.5,-0.540887427591031,0.0,0.0,-7.989210740407113e-08,-0.658649738844511,-0.2274356672889087,-0.1084656071726273,0.0,-0.000775415123724896,-0.10268269468532952,0.020195393,16907,-19.880930137634277,0.20057373046875,0.2,1.0024226903915405,-3.2672905921936035,0.20660997927188873,0.00028851072,1.3355726063251496,-0.014365916652604938
0.0013400600065425453,27.16576,0.0,0.0,0.0,0.0,-0.32595902646796454,-0.05087530160416411,825,-0.1530806706388753,0.0,189,0.0,0.65,0.08166501894098292,-0.5128615369325508,4222,-151.29690923,209.8,0.0,-0.03673793482034879,-0.4191145276089019,3483648,0.01,0.0,0.0,0.0,-0.21404634498872793,-0.22420712178969548,-0.5,-0.5462243800001302,0.0,0.0,-9.586499572287555e-08,-0.659860994903712,-0.225072955631595,-0.11994010219612362,0.0,-1.3291803447322713e-05,-0.10253208970505276,0.022865372,16911,-19.883854103088378,0.22236328125,0.2,1.0028663873672485,-2.7513504028320312,0.10005295276641846,0.00028844928,1.1742967516183853,-0.012613210815470666
0.0009901253021477412,27.17728,0.0,0.0,0.0,0.0,-0.30269901088238044,-0.05567192536002298,830,-0.14597007912857235,0.0,190,0.0,0.65,0.0764310197770876,-0.6575634521676356,4214,-151.60891789,211.13,0.0,-0.03569260418300804,-0.4203404507788232,3502080,0.01,0.0,0.0,0.0,-0.2215660181522304,-0.2287391677310858,-0.5,-0.5647514959108633,0.0,0.0,-1.052637428915211e-07,-0.6524743153742963,-0.22016379056689217,-0.13189684712530358,0.0,-4.041839727304048e-05,-0.1029157402285515,0.020065952,16915,-19.885452651977538,0.243701171875,0.2,1.0029985904693604,-1.6629981994628906,0.28701159358024597,0.00028838784,1.684852921962738,-0.013055619387887418
0.0008745653321966529,27.1888,0.0,0.0,0.0,0.0,-0.33046844136492415,-0.054354097903157886,835,-0.1506114572888933,0.0,191,0.0,0.65,0.07778705528335476,-0.6236900659024626,4215,-152.25536506,212.72,0.0,-0.03604216545543991,-0.4152699179046799,3520512,0.01,0.0,0.0,0.0,-0.21283408440834434,-0.22035751468129494,-0.5,-0.574239829890063,0.0,0.0,-9.12565260218789e-08,-0.664000391546313,-0.22249120026778246,-0.11322494940419409,0.0,-7.730905458124147e-06,-0.10278736155593839,0.021644447,16919,-19.882306003570555,0.22374267578125,0.2,1.002598762512207,-1.074662446975708,0.3625636696815491,0.0002883264,2.0131012439727782,-0.010773363523185253
0.0008257373184379605,27.20032,0.0,0.0,0.0,0.0,-0.3185625749169881,-0.04115761226419956,839,-0.1352989435280234,0.0,192,0.0,0.65,0.07734683268520838,-0.5468912811131962,4215,-147.21449994,192.3,0.0,-0.03685413430169727,-0.3990575041557134,3538944,0.01,0.0,0.0,0.0,-0.20573704463158424,-0.16547670318075958,-0.5,-0.5098456543911217,0.0,0.0,-7.986347552413193e-08,-0.675531182832599,-0.23880304037990893,-0.042888580285375795,0.0,-3.743456262681219e-05,-0.10234970949988992,0.02635856,16923,-19.886657524108887,0.26640625,0.2,1.003379225730896,-1.8493235111236572,0.17906828224658966,0.00028826496,1.1452746987342834,-0.013568642572499812
0.000852863980172616,27.21184,0.0,0.0,0.0,0.0,-0.3045171344537827,-0.054364740759576397,843,-0.150065974129397,0.0,193,0.0,0.65,0.07828573421120034,-0.6094333015947179,4215,-149.61607100999998,201.61,0.0,-0.035664652176040236,-0.4020117743546251,3557376,0.01,0.0,0.0,0.0,-0.2265968996429583,-0.19921029319197767,-0.5,-0.558703851950716,0.0,0.0,-7.084617652819969e-08,-0.652488483696553,-0.2159018785520609,-0.075899843710783,0.0,0.0,-0.10262999879540645,0.018277872,16927,-19.884133052825927,0.23223876953125,0.2,1.0028990507125854,-1.4015820026397705,0.382517009973526,0.00028820352,1.7429690837860108,-0.008336557663278654
0.0007926426155285703,27.22336,0.0,0.0,0.0,0.0,-0.28979222410447014,-0.047233152600572606,848,-0.1424811714391893,0.0,194,0.0,0.65,0.07312775405854843,-0.5600855647801931,4215,-148.49803576,197.67,0.0,-0.03645737542721715,-0.4179276248543913,3575808,0.01,0.0,0.0,0.0,-0.21253409662698897,-0.1800756832865906,-0.5,-0.5441353122798387,0.0,0.0,-8.809893490387799e-08,-0.6696084061676382,-0.22635192108669372,-0.06299276610857216,0.0,-5.018397415470746e-05,-0.10248335562706802,0.019624768,16931,-19.881482315063476,0.20980224609375,0.2,1.0025200843811035,-0.5694373846054077,0.2515812814235687,0.00028814207999999997,1.488220751285553,-0.012179031618870795
0.0010861536526742082,27.23488,0.0,0.0,0.0,0.0,-0.28995002824993,-0.04422985818569521,852,-0.1496735190242275,0.0,195,0.0,0.65,0.07921279693127964,-0.4766882208230968,4216,-149.48290705000002,203.39,0.0,-0.03658908020213528,-0.4493854983630679,3594240,0.01,0.0,0.0,0.0,-0.20229370004869873,-0.19433530314673564,-0.5,-0.4993262922311675,0.0,0.0,-1.1008322838587724e-07,-0.6688789957891408,-0.22971401304231268,-0.06289593379893561,0.0,0.0,-0.10267882617330848,0.016258672,16935,-19.88228759765625,0.1839111328125,0.2,1.0026544332504272,-2.4273765087127686,0.10506917536258698,0.00028808064,1.3290878802537918,-0.011144620249979198
0.0006640619992847658,27.2464,0.0,0.0,0.0,0.0,-0.28851107493646677,-0.05349422733860678,856,-0.15286910628670924,0.0,196,0.0,0.65,0.07910369157405076,-0.5813112450353008,4216,-147.88606451,194.54,0.0,-0.035686672312940565,-0.40772783025266923,3612672,0.01,0.0,0.0,0.0,-0.23383207609085968,-0.2030864333362313,-0.5,-0.5581790785204261,0.0,0.0,-8.064865852826292e-08,-0.6392490533647693,-0.21580897835327462,-0.08358826426052463,0.0,-0.00013210643212207488,-0.10254686959509281,0.012538399,16939,-19.877581214904787,0.21005859375,0.2,1.00165593624115,0.32391679286956787,0.8045988082885742,0.0002880192,4.051970541477203,-0.004695050371810794
0.0011279290516136421,27.25792,0.0,0.0,0.0,0.0,-0.3283463222699858,-0.04602856558412171,861,-0.13121010651220877,0.0,197,0.0,0.65,0.0696952003996605,-0.461055432642971,4216,-153.3498818,217.2,0.0,-0.03602127349395987,-0.40140842686167266,3631104,0.01,0.0,0.0,0.0,-0.20204457884490842,-0.18531739548380435,-0.5,-0.564388811501573,0.0,0.0,-9.986914143054948e-08,-0.713255325560503,-0.23273735100027426,-0.05312936138709163,0.0,-1.46480742841959e-05,-0.10260902500818975,0.021910477,16943,-19.874796676635743,0.190185546875,0.2,1.001673698425293,-1.3289382457733154,0.1372184008359909,0.00028795776,1.048596554994583,-0.017383321514353157
0.0007448995602317154,27.26944,0.0,0.0,0.0,0.0,-0.2980757727336315,-0.0535044190064654,865,-0.12588748909695524,0.0,198,0.0,0.65,0.07749935872866948,-0.6412010444620586,4216,-150.60636283,206.83,0.0,-0.03566020490115462,-0.41708125730925016,3649536,0.01,0.0,0.0,0.0,-0.21892077556047507,-0.2058825054477555,-0.5,-0.5609692753970331,0.0,0.0,-1.0620271077232276e-07,-0.6747568872215987,-0.21988694166033496,-0.06715883620386076,0.0,-0.0002947306072908557,-0.10261204352945491,0.024456922,16947,-19.881751346588135,0.2465087890625,0.2,1.002764105796814,-1.4312641620635986,0.11153356730937958,0.00028789632,1.0438688904047013,-0.017139104707166553
0.00100585889756783,27.28096,0.0,0.0,0.0,0.0,-0.3263251609472906,-0.04865781783470023,869,-0.13038210681802576,0.0,199,0.0,0.65,0.07460360597082806,-0.6527053983459903,4216,-149.34866179,200.33,0.0,-0.035588221008061166,-0.3945773218249726,3667968,0.01,0.0,0.0,0.0,-0.21519802246959222,-0.1723610240789094,-0.5,-0.5773882131266888,0.0,0.0,-8.028637321588859e-08,-0.6798725291131398,-0.22832091792775142,-0.050595160453515794,0.0,-0.00013346271589398384,-0.10259715231994714,0.02709051,16951,-19.88527603149414,0.23299560546875,0.2,1.0033166408538818,-0.02810657024383545,0.10550034046173096,0.00028783488,0.936775478720665,-0.01593458014540374
0.0009532327983631856,27.29248,0.0,0.0,0.0,0.0,-0.3092941882038308,-0.05211978076636224,874,-0.1424967857855678,0.0,200,0.0,0.65,0.07337998375241064,-0.589607538843164,4217,-153.80219986,218.78,0.0,-0.03660334297419294,-0.40981501549220406,3686400,0.01,0.0,0.0,0.0,-0.22659365831412406,-0.2050998321607338,-0.5,-0.5524787820315067,0.0,0.0,-8.771952957942261e-08,-0.6851355782498695,-0.22992671940415926,-0.08540772976975318,0.0,-8.137625021239122e-07,-0.1027007268850706,0.024353227,16955,-19.8883095741272,0.26605224609375,0.2,1.0033005475997925,-2.1916091442108154,0.09575393795967102,0.00028777344,0.9437461793422699,-0.011353014304768294
0.0008414707165987542,27.304000000000002,0.0,0.0,0.0,0.0,-0.31954429565851133,-0.048163957759144733,878,-0.13386545878153153,0.0,201,0.0,0.65,0.0751536932366281,-0.58287493614044,4217,-151.7818164,210.13,0.0,-0.03592416552028729,-0.41616532186928645,3704832,0.01,0.0,0.0,0.0,-0.2130223915161038,-0.1783274549648035,-0.5,-0.5628475713466906,0.0,0.0,-8.165688586487908e-08,-0.6898020320520007,-0.23272144216049254,-0.03700314861084866,0.0,-0.00035291701594057184,-0.10280244515914182,0.019480921,16959,-19.88270378112793,0.22916259765625,0.2,1.0029443502426147,-1.3020496368408203,0.12679946422576904,0.00028771199999999997,1.0710581362247467,-0.017346430639736354
0.0007161452085711062,27.31552,0.0,0.0,0.0,0.0,-0.2911461856853487,-0.04684831227776309,882,-0.13684719379627872,0.0,202,0.0,0.65,0.07419669550426895,-0.5950060878618167,4217,-153.52740045000002,217.17,0.0,-0.03536585250932954,-0.41678174944269836,3723264,0.01,0.0,0.0,0.0,-0.20786972090066927,-0.18801617859126007,-0.5,-0.5684469755780137,0.0,0.0,-9.56413931435806e-08,-0.6792556630506033,-0.22514948148529074,-0.06383616741315025,0.0,-0.00018391791834599443,-0.10313272177792425,0.031886246,16963,-19.891121196746827,0.27100830078125,0.2,1.0037180185317993,-1.6774420738220215,0.03412425518035889,0.00028765056,0.7668709129095077,-0.017283197294455023
0.0009456373906383911,27.32704,0.0,0.0,0.0,0.0,-0.3403997348132549,-0.05277252277083881,887,-0.12687716257830653,0.0,203,0.0,0.65,0.0796398534942808,-0.47301981668935156,4217,-149.20892740000002,200.69,0.0,-0.0362678471569682,-0.3886469560527332,3741696,0.01,0.0,0.0,0.0,-0.24164886147852607,-0.190307617660482,-0.5,-0.5633482606243172,0.0,0.0,-7.372488757001048e-08,-0.6704644488688846,-0.21767107640872616,-0.061804118235843405,0.0,-3.838379052467644e-05,-0.10259503851973184,0.026630083,16967,-19.887217235565185,0.2816650390625,0.2,1.0035624504089355,-1.8201115131378174,0.04622320830821991,0.00028758912,0.8175269842147828,-0.012830396369099616
0.0006483284459035429,27.33856,0.0,0.0,0.0,0.0,-0.3125982099582786,-0.049565513014073116,891,-0.12391113142939959,0.0,204,0.0,0.65,0.07329765461104143,-0.6845819916742545,4217,-151.01637200000002,207.13,0.0,-0.03567062108777266,-0.4026378315789232,3760128,0.01,0.0,0.0,0.0,-0.21043806702975335,-0.1857291906942592,-0.5,-0.5933918040533643,0.0,0.0,-9.257501377402705e-08,-0.7052395038918653,-0.23206991186719092,-0.037529202220106486,0.0,0.0,-0.1028199409745687,0.023431782,16971,-19.88973512649536,0.2615966796875,0.2,1.0035146474838257,-1.1058733463287354,0.09541340172290802,0.00028752768,0.9378138512372971,-0.013920498767402024
0.0010226773706057833,27.35008,0.0,0.0,0.0,0.0,-0.3363633256520134,-0.046872210909039876,895,-0.13769174562112108,0.0,205,0.0,0.65,0.06988420221682147,-0.6109477758662591,4217,-152.60289155,213.34,0.0,-0.03626371454408137,-0.37147754956632245,3778560,0.01,0.0,0.0,0.0,-0.21036502199101814,-0.19894210132816909,-0.5,-0.5899012623169654,0.0,0.0,-8.124038884415352e-08,-0.7218646830410029,-0.2296691266395435,-0.05616843959189967,0.0,-4.408058076579538e-05,-0.10287949119742547,0.025521163,16975,-19.886336612701417,0.2678466796875,0.2,1.0032528638839722,-2.419914484024048,0.008337616920471191,0.00028746624,0.7615274146199227,-0.01237910387571901
0.0008273647949358241,27.3616,0.0,0.0,0.0,0.0,-0.3077059658013296,-0.05401722007582757,900,-0.13941420038652608,0.0,206,0.0,0.65,0.07374010694470522,-0.7171608900032935,4218,-152.22418674,211.86,0.0,-0.036055183632674584,-0.38415934608122737,3796992,0.01,0.0,0.0,0.0,-0.2272866256146444,-0.2077524126733025,-0.5,-0.6092180150215263,0.0,0.0,-8.48776607764055e-08,-0.6946902854413981,-0.2326979251282889,-0.07396017801215307,0.0,-1.0986136557120415e-05,-0.10296511248460011,0.026734095,16979,-19.88621425628662,0.26290283203125,0.2,1.0030722618103027,-3.062877655029297,0.020548030734062195,0.0002874048,0.7546123996376991,-0.014438512513879686
0.0008805333119299677,27.37312,0.0,0.0,0.0,0.0,-0.30818822801295764,-0.044629015566957475,904,-0.13929936704063145,0.0,207,0.0,0.65,0.06599237810405341,-0.5916338383432009,4218,-154.54677197,221.76,0.0,-0.03642809160793332,-0.4065360299267143,3815424,0.01,0.0,0.0,0.0,-0.19036595430944164,-0.19148057763208529,-0.5,-0.5696703263939669,0.0,0.0,-8.612959973923099e-08,-0.7017069427213063,-0.23914276649180038,-0.0669437567633621,0.0,-0.00025905895745381713,-0.10275098567503708,0.02950415,16983,-19.882351684570313,0.27412109375,0.2,1.0026695728302002,-3.240872859954834,-0.010299429297447205,0.00028734336,0.6773143664002419,-0.013729537301696838
0.0011203335598111153,27.38464,0.0,0.0,0.0,0.0,-0.30962113245960077,-0.05397685834513697,908,-0.13543926877778864,0.0,208,0.0,0.65,0.06816278427850174,-0.700328937468921,4218,-155.37224561,224.74,0.0,-0.036466665369492904,-0.41141313495168585,3833856,0.01,0.0,0.0,0.0,-0.19777965551124282,-0.21477990499726463,-0.5,-0.621993385387844,0.0,0.0,-9.751513120892214e-08,-0.6965920976953158,-0.23595637392633462,-0.08483555209988206,0.0,-0.0008129834831278357,-0.10305737683975633,0.025213525,16987,-19.883963298797607,0.30916748046875,0.2,1.0029877424240112,-2.3595447540283203,0.06766915321350098,0.00028728191999999997,0.9509165108203887,-0.00796624762006104
0.0008734803122933954,27.396160000000002,0.0,0.0,0.0,0.0,-0.3069891787299313,-0.0535768150724,913,-0.1416922420943583,0.0,209,0.0,0.65,0.07143882300793085,-0.6614532748203586,4218,-154.17994231999998,220.0,0.0,-0.036608569231773656,-0.39199381547678114,3852288,0.01,0.0,0.0,0.0,-0.22438585782294268,-0.1965352927223576,-0.5,-0.5993934723653577,0.0,0.0,-7.35727927163131e-08,-0.6902851298665944,-0.2187810013839291,-0.07152665200816646,0.0,-0.0001803911873139441,-0.10259473864857543,0.0345809,16991,-19.886932277679442,0.3072021484375,0.2,1.0033907890319824,-2.232515573501587,0.02162247896194458,0.00028722048,0.6768273040652275,-0.011607243691105395
0.0008018657810882562,27.40768,0.0,0.0,0.0,0.0,-0.2812142564318494,-0.05441430921235976,917,-0.14391541377338884,0.0,210,0.0,0.65,0.07003031369700813,-0.6984236745005739,4219,-152.04044760999997,211.61,0.0,-0.03646325478872974,-0.3848038655091469,3870720,0.01,0.0,0.0,0.0,-0.22037932641393543,-0.21367364752642193,-0.5,-0.6000307675908753,0.0,0.0,-6.861360954528841e-08,-0.6673067215161468,-0.2125059153452783,-0.10959672120549059,0.0,-0.0003168387613388606,-0.10249510169236398,0.027512152,16995,-19.892549419403075,0.2433349609375,0.2,1.004249930381775,-1.5857799053192139,0.0028046220541000366,0.00028715904,0.6845153629779815,-0.015083216736093164
0.0006347652621722469,27.4192,0.0,0.0,0.0,0.0,-0.2983117468378888,-0.05154069038870154,921,-0.1307904706261967,0.0,211,0.0,0.65,0.0689808065057484,-0.6629394778893061,4219,-153.88205946,219.0,0.0,-0.035526068256014454,-0.39543283188339706,3889152,0.01,0.0,0.0,0.0,-0.2145055565332763,-0.19818239935439041,-0.5,-0.609542583800266,0.0,0.0,-7.233549606400406e-08,-0.7105769038626879,-0.22296834281918,-0.08128291061583862,0.0,-1.491904388078385e-06,-0.10265026598903731,0.018463928,16999,-19.88645296096802,0.26220703125,0.2,1.0029175281524658,-1.2841293811798096,0.1081840991973877,0.0002870976,1.1675039738416673,-0.0048729389440268275
0.0007226558486258404,27.43072,0.0,0.0,0.0,0.0,-0.2963342088817104,-0.05570549862299117,926,-0.1332486813037472,0.0,212,0.0,0.65,0.0712017196016786,-0.7016194916722269,4219,-151.94579070999998,210.75,0.0,-0.03587862979677316,-0.4070987224016991,3907584,0.01,0.0,0.0,0.0,-0.23685505711650945,-0.20587161004607857,-0.5,-0.60079749214241,0.0,0.0,-7.651568563877328e-08,-0.7011679729087724,-0.221624668743166,-0.08767440312857043,0.0,-0.0005117436602530587,-0.10293520946908057,0.022778433,17003,-19.885180854797362,0.233056640625,0.2,1.003159999847412,-2.161741256713867,0.02153591811656952,0.00028703616,0.7749174281954765,-0.011390942241996526
0.0010177945983337446,27.442239999999998,0.0,0.0,0.0,0.0,-0.31191311397989896,-0.048060694782851965,930,-0.13880569258091704,0.0,213,0.0,0.65,0.06766548529626902,-0.5582269194190861,4219,-155.89847848,227.81,0.0,-0.036066044789457935,-0.4201396476465713,3926016,0.01,0.0,0.0,0.0,-0.20241030026614784,-0.16888316250097432,-0.5,-0.6170240787944068,0.0,0.0,-7.291264400501703e-08,-0.704083557696105,-0.22704525892026542,-0.041939684453224185,0.0,-0.0008858196379151195,-0.10307640266156932,0.025152957,17007,-19.891091728210448,0.21295166015625,0.2,1.0039923191070557,-1.6737489700317383,-0.03299422562122345,0.00028697472,0.6003558084368705,-0.018717659846879543
0.0008279072256603589,27.45376,0.0,0.0,0.0,0.0,-0.3061819345664334,-0.05347242432518246,934,-0.14109546285291164,0.0,214,0.0,0.65,0.07509868378476942,-0.666775029625829,4220,-152.42249159000002,212.99,0.0,-0.03509574887088274,-0.37764489298455667,3944448,0.01,0.0,0.0,0.0,-0.23831685311044593,-0.19252471487252493,-0.5,-0.5932773120671723,0.0,0.0,-7.077536048101378e-08,-0.6924449195018176,-0.21808845798118412,-0.07319007047929853,0.0,-0.0007120744186168951,-0.10323836833561334,0.021384293,17011,-19.88961706161499,0.24100341796875,0.2,1.003743290901184,-2.4004406929016113,0.05574768781661987,0.00028691328,0.8678370624780655,-0.012158973177429288
0.0012608501743266566,27.46528,0.0,0.0,0.0,0.0,-0.3333476784654229,-0.05248812120215071,939,-0.1376328479814312,0.0,215,0.0,0.65,0.06994955016403719,-0.6321964773120744,4220,-154.38816793,221.31,0.0,-0.035974244540318695,-0.401805586707957,3962880,0.01,0.0,0.0,0.0,-0.21750000786515977,-0.20396787946674186,-0.5,-0.6094247712325814,0.0,0.0,-7.17353330473659e-08,-0.696850350185187,-0.22142368127062084,-0.08192578904470568,0.0,-2.373556102005144e-05,-0.10316048263995013,0.021449652,17015,-19.89440851211548,0.224365234375,0.2,1.0041775703430176,-2.960040807723999,-0.00037755072116851807,0.00028685183999999997,0.6268191412091255,-0.01636520823230967
0.0009228509637371948,27.4768,0.0,0.0,0.0,0.0,-0.3287501431111309,-0.05132052060460854,943,-0.13119518955890708,0.0,216,0.0,0.65,0.07283021588642087,-0.6152287797539999,4220,-155.6410774,226.65,0.0,-0.03539644313106868,-0.3855400572609031,3981312,0.01,0.0,0.0,0.0,-0.21378569624086458,-0.17711372329811662,-0.5,-0.5924266698982539,0.0,0.0,-8.098933417952945e-08,-0.7081554204946687,-0.22292170642360387,-0.058284365868943255,0.0,-7.581849543688197e-05,-0.10314448328657318,0.018271813,17019,-19.88310089111328,0.2308837890625,0.2,1.0027438402175903,0.10402393341064453,0.09410291910171509,0.0002867904,0.9700674325227737,-0.010414396901614964
0.0010416659772292608,27.48832,0.0,0.0,0.0,0.0,-0.2803682666793594,-0.049172599525078166,947,-0.13773839532695775,0.0,217,0.0,0.65,0.07198306204543431,-0.7437310308386696,4220,-154.10200831000003,220.07,0.0,-0.03696312856817183,-0.41102093239245124,3999744,0.01,0.0,0.0,0.0,-0.21627418101586235,-0.18046267786590958,-0.5,-0.5605032667585333,0.0,0.0,-8.882858165555973e-08,-0.6842972515340248,-0.2271748953220688,-0.06553182031776143,0.0,-0.0017774746859989439,-0.10290167516187673,0.02117523,17023,-19.885657787322998,0.21182861328125,0.2,1.0032391548156738,-1.2346951961517334,-0.0021385252475738525,0.00028672896,0.8051432937383651,-0.016360345750581474
0.0011349822194056793,27.49984,0.0,0.0,0.0,0.0,-0.30545103486675335,-0.0560907781410784,953,-0.16748374227890286,0.0,218,0.0,0.65,0.07545049381650899,-0.760763755816012,4215,-156.62926891000004,230.64,0.0,-0.035089349279534957,-0.3862683558816582,4018176,0.01,0.0,0.0,0.0,-0.2348682992299626,-0.2208026406212698,-0.5,-0.6261200476400827,0.0,0.0,-1.1034947380566276e-07,-0.684321383481847,-0.2118268000818383,-0.11842088558379153,0.0,-0.00017008345134349333,-0.10324755629862188,0.022718925,17027,-19.883164596557616,0.2265869140625,0.2,1.0027421712875366,-1.6337883472442627,0.02348022162914276,0.00028666752,0.8664076179265976,-0.014149788557551802
0.0005604379888003072,27.51136,0.0,0.0,0.0,0.0,-0.29718124296857373,-0.05064428634547357,957,-0.13757858399828557,0.0,219,0.0,0.65,0.0731807962601862,-0.6112674341271136,4215,-152.80521019,214.9,0.0,-0.035869007316784704,-0.40025880437623307,4036608,0.01,0.0,0.0,0.0,-0.22448619479189247,-0.1766489821248599,-0.5,-0.5936885464503763,0.0,0.0,-7.768133397499261e-08,-0.6998573839720184,-0.22311454899394034,-0.04570693804793544,0.0,-2.102279945069717e-05,-0.10282085970584744,0.026232515,17031,-19.886130714416502,0.2472900390625,0.2,1.003342628479004,-0.5960673093795776,-0.01907952129840851,0.00028660608,0.5839260727167129,-0.01470877870451659
0.0005984154187091109,27.52288,0.0,0.0,0.0,0.0,-0.30645554955384335,-0.05026964492503591,961,-0.14109784167688574,0.0,220,0.0,0.65,0.07433769593192531,-0.6589270891133748,4215,-153.51224691000004,218.0,0.0,-0.03548837990554025,-0.3995171784956775,4055040,0.01,0.0,0.0,0.0,-0.23824813898486724,-0.1760423269776069,-0.5,-0.630502372362309,0.0,0.0,-7.219327701939192e-08,-0.6829451898915446,-0.21359475521914267,-0.07029311729953802,0.0,-0.0005978704446331701,-0.10328314686028098,0.019642316,17035,-19.88672456741333,0.26171875,0.2,1.0030322074890137,-1.292811632156372,0.08561162650585175,0.00028654464,0.9952786356210709,-0.010245568497339264
0.0006325950800803386,27.5344,0.0,0.0,0.0,0.0,-0.28709460266417863,-0.05586928120217633,966,-0.1445506391900645,0.0,221,0.0,0.65,0.07007483676858423,-0.7033274167205295,4215,-153.69293529,218.58,0.0,-0.03472578524005577,-0.3748461863862981,4073472,0.01,0.0,0.0,0.0,-0.2184248756388456,-0.19727270073091507,-0.5,-0.6291219375464605,0.0,0.0,-9.287497470745807e-08,-0.7207184657338135,-0.21190189214903693,-0.0762491920200194,0.0,-0.0005121502650177313,-0.10314875181759259,0.02670611,17039,-19.887150382995607,0.2337646484375,0.2,1.0033493041992188,-1.6370182037353516,-0.035492122173309326,0.0002864832,0.540394538640976,-0.01836050571873784
0.0007411018434342825,27.54592,0.0,0.0,0.0,0.0,-0.3003547739185707,-0.059998051889369464,970,-0.1572088341238425,0.0,222,0.0,0.65,0.07384667556716007,-0.7374555993229658,4215,-155.54292177,226.8,0.0,-0.035559266554544285,-0.39713918266021797,4091904,0.01,0.0,0.0,0.0,-0.21408462605890263,-0.20816870071226543,-0.5,-0.6481290249542262,0.0,0.0,-7.27590497511294e-08,-0.7062325044222272,-0.21811155645912197,-0.10079542304041583,0.0,-0.00042100453154287406,-0.10324089567757408,0.024361482,17043,-19.88282537460327,0.2553466796875,0.2,1.0026304721832275,-0.31217408180236816,-0.017913073301315308,0.00028642175999999997,0.6227144956588745,-0.013460633077193052
0.000556640061808543,27.55744,0.0,0.0,0.0,0.0,-0.28296121490796494,-0.05381086824715533,974,-0.1450945753550824,0.0,223,0.0,0.65,0.07206616377309943,-0.6728621507494288,4216,-153.38510468,217.09,0.0,-0.035360681997831975,-0.3941658607379486,4110336,0.01,0.0,0.0,0.0,-0.2168461831227838,-0.19694594609333063,-0.5,-0.6142291985860087,0.0,0.0,-6.912025838798029e-08,-0.6747626794919239,-0.21864882291120932,-0.09454460644949182,0.0,-0.0004121883571820541,-0.10336072550811967,0.025532275,17047,-19.88347969055176,0.25086669921875,0.2,1.0027527809143066,-0.058663368225097656,0.02299216389656067,0.00028636032,0.6941474676132202,-0.01672966229962185
0.0005913622444495559,27.56896,0.0,0.0,0.0,0.0,-0.2654881268198584,-0.05161396717498447,979,-0.1471017796274535,0.0,224,0.0,0.65,0.06918646161857311,-0.6880990188466989,4216,-152.27956357,213.02,0.0,-0.03730559797237696,-0.43464410217011673,4128768,0.01,0.0,0.0,0.0,-0.2298899509917226,-0.1729876992753671,-0.5,-0.5511450350537969,0.0,0.0,-8.262975938942416e-08,-0.6579241568984393,-0.22816343148781545,-0.0845915994422434,0.0,-0.0005982774164294824,-0.10269108992516743,0.024211561,17051,-19.885871791839598,0.24278564453125,0.2,1.0030357837677002,-1.0303995609283447,-0.04271906614303589,0.00028629888,0.5759426891803742,-0.01746157690649852
0.0003933372887937973,27.58048,0.0,0.0,0.0,0.0,-0.2835034256894222,-0.061002337693498165,983,-0.13687914393476422,0.0,225,0.0,0.65,0.06820533096975534,-0.8097833246212607,4216,-151.40864671,208.33,0.0,-0.034208566476421315,-0.3812822456554055,4147200,0.01,0.0,0.0,0.0,-0.2189879534184613,-0.19433288583956468,-0.5,-0.6574191247605442,0.0,0.0,-6.359178280435974e-08,-0.6889967923949594,-0.19781456575039147,-0.0838752731637394,0.0,-0.00017415267777525715,-0.10333529619633687,0.023170015,17055,-19.88115863800049,0.25084228515625,0.2,1.0024479627609253,-1.1664717197418213,0.030281245708465576,0.00028623744,0.6914328560233116,-0.01459322557784617
0.000688476009397871,27.592,0.0,0.0,0.0,0.0,-0.26212627989741377,-0.052534440946831434,987,-0.13726111394578117,0.0,226,0.0,0.65,0.06778019140672194,-0.6451964706785818,4216,-153.4736301,217.83,0.0,-0.03683439859567507,-0.429698662261874,4165632,0.01,0.0,0.0,0.0,-0.21711892436542313,-0.17564826402319303,-0.5,-0.5722078256941145,0.0,0.0,-9.644851529170807e-08,-0.6744143492363492,-0.22376277567398073,-0.06360372149022843,0.0,-0.00025200557299993106,-0.10245074992801649,0.027877713,17059,-19.890109729766845,0.2501953125,0.2,1.004145622253418,-0.8792785406112671,-0.0803845077753067,0.000286176,0.41150702238082887,-0.017657640238758175
0.00036892329808324575,27.60352,0.0,0.0,0.0,0.0,-0.28028947513301494,-0.05580320138078917,992,-0.1505001537125338,0.0,227,0.0,0.65,0.06857366715049555,-0.731697771764249,4217,-152.18231325,211.99,0.0,-0.03536457589059131,-0.3947853564413234,4184064,0.01,0.0,0.0,0.0,-0.2150376825215959,-0.19830866014052995,-0.5,-0.6205899871281839,0.0,0.0,-6.635962751983022e-08,-0.685081765963216,-0.22043684595813778,-0.09496385272580189,0.0,-0.0011429821574387865,-0.10336467111478617,0.023711776,17063,-19.890078830718995,0.2467041015625,0.2,1.003670573234558,-0.5896914005279541,-0.03333181142807007,0.00028611456,0.6234047666192055,-0.017086592549458147
0.0007579204458225933,27.61504,0.0,0.0,0.0,0.0,-0.2431526822475821,-0.053676982772821714,996,-0.15769229410286273,0.0,228,0.0,0.65,0.06826238346369196,-0.8480904100470192,4217,-154.49486985,220.79,0.0,-0.03610729772910124,-0.4238652400614313,4202496,0.01,0.0,0.0,0.0,-0.2164758845429678,-0.19666943810243848,-0.5,-0.6134066752570282,0.0,0.0,-6.33894302331631e-08,-0.6426504009144788,-0.2321063630420389,-0.11017274604655862,0.0,-0.00013590382230985496,-0.10307883392542057,0.02675032,17067,-19.891468715667724,0.254931640625,0.2,1.003808856010437,-1.3090910911560059,-0.06623782217502594,0.00028605312,0.467520946264267,-0.018030743626877666
0.0007687711396202859,27.62656,0.0,0.0,0.0,0.0,-0.25892784701848237,-0.0552985815704021,1000,-0.1575209786315217,0.0,229,0.0,0.65,0.0748378974244287,-0.7002792813430204,4217,-149.78878804,202.51,0.0,-0.03707484085677357,-0.40609134152222376,4220928,0.01,0.0,0.0,0.0,-0.2265035692803936,-0.2024657184734009,-0.5,-0.5996692265006798,0.0,0.0,-7.41757167066428e-08,-0.6340790023144719,-0.21730248341083294,-0.11726364647976191,0.0,-0.0007428620398665468,-0.10273018628637388,0.024351008,17071,-19.892633819580077,0.23726806640625,0.2,1.0042527914047241,-2.1188807487487793,-0.049406230449676514,0.00028599168,0.5632505908608436,-0.017691171949263663
0.0006016706433405892,27.63808,0.0,0.0,0.0,0.0,-0.267562726681552,-0.05751826986724608,1005,-0.15050944862776688,0.0,230,0.0,0.65,0.06451027692474372,-0.6615453712779711,4217,-154.85747699,222.55,0.0,-0.036770623259443524,-0.4093590078168389,4239360,0.01,0.0,0.0,0.0,-0.22081991471553908,-0.1871899828565761,-0.5,-0.63667471651767,0.0,0.0,-8.635579758641175e-08,-0.6916014142063295,-0.22502097767643178,-0.08537469912610737,0.0,-0.0011378264025552198,-0.10297495815608187,0.027920973,17075,-19.891968631744383,0.24849853515625,0.2,1.0039151906967163,-1.2702562808990479,-0.031280383467674255,0.00028593024,0.5869936242699623,-0.016032883035950362
0.0010606544156972733,27.6496,0.0,0.0,0.0,0.0,-0.26638953577625313,-0.04857457708873095,1009,-0.14668079027084344,0.0,231,0.0,0.65,0.07631552119124563,-0.6348316053804898,4217,-152.5143682,214.0,0.0,-0.03639411831606257,-0.4194948583717877,4257792,0.01,0.0,0.0,0.0,-0.20565912282354526,-0.15607483563160646,-0.5,-0.5414995652341736,0.0,0.0,-6.520383431122174e-08,-0.6261586046181563,-0.2420824645458976,-0.04949391232994304,0.0,-0.0003350133322075837,-0.10288894531982436,0.025675196,17079,-19.88468008041382,0.2386962890625,0.2,1.0028899908065796,-1.475919246673584,-0.04836702346801758,0.0002858688,0.5058259800076484,-0.01823762063868344
0.0005061844648379418,27.66112,0.0,0.0,0.0,0.0,-0.2921344991181425,-0.05485708539460413,1013,-0.1585085487775647,0.0,232,0.0,0.65,0.07069528644533099,-0.6519059567816932,4217,-149.12708887,200.05,0.0,-0.03568385587254569,-0.4269198707512123,4276224,0.01,0.0,0.0,0.0,-0.20796849198519793,-0.18153148363102212,-0.5,-0.6098522019942779,0.0,0.0,-5.862229625283097e-08,-0.6897736116244985,-0.2118531165734421,-0.07486702238060274,0.0,-0.0006346275153595747,-0.10296816852020173,0.020128291,17083,-19.88363199234009,0.21724853515625,0.2,1.0029603242874146,-1.1614809036254883,0.031964316964149475,0.00028580736,0.7076070979237556,-0.013291249156463892
0.0007069223437510016,27.67264,0.0,0.0,0.0,0.0,-0.27548011471072664,-0.04908080250744631,1018,-0.1472163577343919,0.0,233,0.0,0.65,0.06656833948582257,-0.6433916809237297,4217,-153.69198967000003,218.16,0.0,-0.03511994303595921,-0.40906421981804764,4294656,0.01,0.0,0.0,0.0,-0.2102830210891457,-0.1773327826076944,-0.5,-0.6128530449743823,0.0,0.0,-6.374385683775533e-08,-0.6918416278024044,-0.2155529624745799,-0.09546354534496163,0.0,-0.0006456132994369707,-0.10344516609479854,0.017808532,17087,-19.882101821899415,0.18695068359375,0.2,1.002512812614441,-1.4067752361297607,-0.020275652408599854,0.00028574592,0.6450275838375091,-0.015585072501562536
0.0007188578504913797,27.68416,0.0,0.0,0.0,0.0,-0.297202223698548,-0.04900496629017067,1022,-0.13755574328185183,0.0,234,0.0,0.65,0.06919816970605905,-0.5551960315339913,4217,-153.64663432,219.03,0.0,-0.03549196671483867,-0.41179323419336467,4313088,0.01,0.0,0.0,0.0,-0.193698148171581,-0.1736306440280451,-0.5,-0.6274486555616846,0.0,0.0,-6.367096202687179e-08,-0.7024253414911197,-0.23083703633389976,-0.06789095946595615,0.0,-0.0028728492891079644,-0.1032370347112265,0.028536504,17091,-19.877470207214355,0.2495361328125,0.2,1.001989722251892,-0.9043086767196655,-0.08951842784881592,0.00028568448,0.4154015451669693,-0.01917265122756362
0.0006032981618773192,27.69568,0.0,0.0,0.0,0.0,-0.27198407776711564,-0.05228172838812144,1026,-0.1419412698478065,0.0,235,0.0,0.65,0.07060951981828263,-0.6776250214096522,4217,-149.24833557,200.24,0.0,-0.03719202168095116,-0.4031508062489379,4331520,0.01,0.0,0.0,0.0,-0.21798495544346352,-0.16242946240323097,-0.5,-0.5984990065000793,0.0,0.0,-7.512117691027444e-08,-0.6600801726525758,-0.21430481677055496,-0.04817487804533196,0.0,-0.0013119800359062436,-0.10303471738582276,0.018687973,17095,-19.873946571350096,0.261181640625,0.2,1.0016202926635742,-0.45457911491394043,0.0597536563873291,0.00028562304,0.798762109875679,-0.00653459585737437
0.0006304247265992066,27.7072,0.0,0.0,0.0,0.0,-0.2702384282288007,-0.0585033191855942,1031,-0.15570264769239883,0.0,236,0.0,0.65,0.07751824714710914,-0.7085961623296138,4218,-152.59180044000001,213.82,0.0,-0.03725759055880551,-0.4519594461074335,4349952,0.01,0.0,0.0,0.0,-0.2370118398021953,-0.1688552778518979,-0.5,-0.6015850065857261,0.0,0.0,-5.820433612393709e-08,-0.6353299518718719,-0.23782351455924744,-0.06805793888697678,0.0,-6.035627059948941e-05,-0.10288887309891298,0.01853621,17099,-19.88037223815918,0.1641845703125,0.2,1.0029685497283936,-1.2369117736816406,-0.021016106009483337,0.0002855616,0.5910213306546211,-0.017948523862287402
0.0009537753940094262,27.71872,0.0,0.0,0.0,0.0,-0.29967055190912784,-0.05547199983723908,1035,-0.16196756026487324,0.0,237,0.0,0.65,0.07605119818657038,-0.6656237744436484,4218,-152.57064661,214.31,0.0,-0.03489644837852178,-0.3909282655135262,4368384,0.01,0.0,0.0,0.0,-0.22348361218344298,-0.19998786472425129,-0.5,-0.6157362417063341,0.0,0.0,-5.999107002224556e-08,-0.6448417191531866,-0.22432251172317189,-0.12933230780962202,0.0,-0.001225717934883303,-0.10328546062450294,0.017119091,17103,-19.883434867858888,0.1966064453125,0.2,1.0023961067199707,-1.5879151821136475,0.060994625091552734,0.00028550016,0.7995789825916291,-0.014390106534119696
0.0007237407941526423,27.73024,0.0,0.0,0.0,0.0,-0.285261185967064,-0.0529213969868507,1039,-0.15304855167218595,0.0,238,0.0,0.65,0.0683473946174476,-0.5134756040304098,4218,-155.9895273,228.99,0.0,-0.03561843596324693,-0.41945369761667084,4386816,0.01,0.0,0.0,0.0,-0.2025016166694628,-0.1791299841336441,-0.5,-0.6003674443225376,0.0,0.0,-5.472743738261712e-08,-0.6964979485379013,-0.23133778695627955,-0.08044664943821234,0.0,-9.670576481666003e-05,-0.1034844889623077,0.024619404,17107,-19.880664920806886,0.2215576171875,0.2,1.002601981163025,-0.5078327655792236,-0.05640779435634613,0.00028543872,0.4676956534385681,-0.019693541526794433
0.0004909935556093438,27.74176,0.0,0.0,0.0,0.0,-0.30407097395058025,-0.05677891189235123,1044,-0.13513028405646887,0.0,239,0.0,0.65,0.0658711127551754,-0.5233544598183999,4218,-151.90774348000002,211.82,0.0,-0.03564153988027393,-0.42210413564546734,4405248,0.01,0.0,0.0,0.0,-0.1968970796795335,-0.16369841223502898,-0.5,-0.6129507253798601,0.0,0.0,-5.943352778549789e-08,-0.7063595488852098,-0.2173767146883362,-0.041187849819632825,0.0,-0.0011018835147196013,-0.1031083470111423,0.02302906,17111,-19.88452081680298,0.2133056640625,0.2,1.0031229257583618,-0.540174126625061,-0.052613064646720886,0.00028537728,0.5571286872029304,-0.016955051175318658
0.0007177729890423103,27.75328,0.0,0.0,0.0,0.0,-0.3126790701546386,-0.05449714657353148,1048,-0.13879152272682446,0.0,240,0.0,0.65,0.06856465705905096,-0.49090764444130464,4219,-152.69105524,215.36,0.0,-0.03560859168494419,-0.4059145666981491,4423680,0.01,0.0,0.0,0.0,-0.19878285724615563,-0.16661717776898857,-0.5,-0.6131631351372486,0.0,0.0,-5.345019927858258e-08,-0.7123470648259825,-0.2293342786618731,-0.04140460547567312,0.0,-0.0003198224908879234,-0.10362988542547019,0.017886493,17115,-19.876672649383544,0.1913818359375,0.2,1.002076506614685,-0.5375534296035767,-0.016417041420936584,0.00028531584,0.6264851883053779,-0.01413183957338333
0.0006564666982740164,27.7648,0.0,0.0,0.0,0.0,-0.3107396704104543,-0.0584104386621285,1052,-0.13789242908936306,0.0,241,0.0,0.65,0.06655319476387737,-0.3291857846940249,4219,-153.99476753,221.87,0.0,-0.03535985999993871,-0.41532007548044875,4442112,0.01,0.0,0.0,0.0,-0.19745549510575516,-0.18256496004081166,-0.5,-0.6213790787487654,0.0,0.0,-5.7680840030453244e-08,-0.7291785681401419,-0.2200764401870412,-0.0613722217035466,0.0,-0.00021769043976544507,-0.10298632058049419,0.016112888,17119,-19.874413871765135,0.1738037109375,0.2,1.001746654510498,-0.9712995290756226,0.034356921911239624,0.0002852544,0.8432562440633774,-0.013074661407154053
0.0006553815813579907,27.77632,0.0,0.0,0.0,0.0,-0.3145922522622294,-0.056395721486398674,1057,-0.13259718258323186,0.0,242,0.0,0.65,0.06253036210730645,-0.4089895661207144,4219,-156.63169838,232.38,0.0,-0.034669325083397456,-0.4251064714905334,4460544,0.01,0.0,0.0,0.0,-0.1793660285691172,-0.17537965635545621,-0.5,-0.6289479469628152,0.0,0.0,-5.7046262705147065e-08,-0.7306451110366503,-0.23165976676641944,-0.05476337026399403,0.0,-0.0018938458912695448,-0.10369206321906957,0.01546596,17123,-19.87201557159424,0.191064453125,0.2,1.0014277696609497,-0.18275845050811768,0.007306709885597229,0.00028519296,0.7327512308955193,-0.013982571801170707
0.0008837883101983203,27.78784,0.0,0.0,0.0,0.0,-0.309954141098399,-0.05234984243208507,1061,-0.13017487600370306,0.0,243,0.0,0.65,0.0682124501489173,-0.24513686467397175,4219,-157.80314907,237.82,0.0,-0.035310969348696715,-0.41240598257225375,4478976,0.01,0.0,0.0,0.0,-0.18613905205281628,-0.16710519700480927,-0.5,-0.5700954227422252,0.0,0.0,-5.929082630104652e-08,-0.7349974686714321,-0.2250787531504388,-0.036124836887786366,0.0,-0.0008076947964986579,-0.10324889484487303,0.01540527,17127,-19.873626518249512,0.1811767578125,0.2,1.0016355514526367,-0.5544450283050537,0.01036718487739563,0.00028513152,0.7046750545501709,-0.013024058868177235
0.0005354815285601136,27.79936,0.0,0.0,0.0,0.0,-0.29928297270957105,-0.060504583122181294,1065,-0.13134725345953235,0.0,244,0.0,0.65,0.06745016737234212,-0.5405059615631206,4219,-154.38107046,222.9,0.0,-0.03438985924379541,-0.39376632865648126,4497408,0.01,0.0,0.0,0.0,-0.21440290832412054,-0.18608498757520395,-0.5,-0.6505153630974734,0.0,0.0,-6.057786892618803e-08,-0.7242726472790759,-0.20672185188908065,-0.06065277124041216,0.0,-0.0007507291674200031,-0.10332221836994528,0.014204134,17131,-19.873074531555176,0.168701171875,0.2,1.0013437271118164,-0.2758241891860962,0.042741939425468445,0.00028507008,0.8359466195106506,-0.01169907096773386
0.0005843094970461809,27.81088,0.0,0.0,0.0,0.0,-0.3033987637104907,-0.060928695828861304,1071,-0.13245542435361457,0.0,245,0.0,0.65,0.06563424499155263,-0.3802641544864124,4215,-156.2602428,230.67,0.0,-0.03582225696086632,-0.4227723740191327,4515840,0.01,0.0,0.0,0.0,-0.19148154350850208,-0.17684879050643054,-0.5,-0.6164763538025004,0.0,0.0,-6.312900990149115e-08,-0.7301343881696132,-0.21738572510717452,-0.05221167951180166,0.0,-0.0014613105352812756,-0.10324261275981551,0.020112297,17135,-19.873236751556398,0.18870849609375,0.2,1.001591444015503,0.03731739521026611,0.0013411790132522583,0.00028500864,0.5427095800638199,-0.01723704767646268
0.0005631506339543395,27.822400000000002,0.0,0.0,0.0,0.0,-0.3337995864893343,-0.05292985905067805,1075,-0.12948523856292146,0.0,246,0.0,0.65,0.06403701608103977,-0.3982143210461089,4215,-152.85193198000002,215.74,0.0,-0.0358165065000436,-0.43200181443425606,4534272,0.01,0.0,0.0,0.0,-0.18121719502258293,-0.16365173733635474,-0.5,-0.6034744670471467,0.0,0.0,-6.605187030977132e-08,-0.7371218138288471,-0.2296955375065966,-0.029629382133776114,0.0,-0.0003729900668582155,-0.10322606979438821,0.01691464,17139,-19.870609092712403,0.18121337890625,0.2,1.0012964010238647,-0.49758148193359375,0.02958865463733673,0.0002849472,0.8136603623628617,-0.009464412392117084
0.0009120004671987974,27.83392,0.0,0.0,0.0,0.0,-0.3207665980460851,-0.050612518333402155,1079,-0.12881151873169064,0.0,247,0.0,0.65,0.06773566328106766,-0.29362535515459937,4215,-154.32436893,223.0,0.0,-0.03484491458659374,-0.4183970852589322,4552704,0.01,0.0,0.0,0.0,-0.1821817538465414,-0.16972573795121337,-0.5,-0.569744868638756,0.0,0.0,-6.790564974625208e-08,-0.7223816226974307,-0.2306332356766977,-0.058548705285350576,0.0,-0.0010462734046288663,-0.10341575124272387,0.021211643,17143,-19.878574752807616,0.183056640625,0.2,1.0024727582931519,-0.15300726890563965,-0.03160090744495392,0.00028488576,0.5579731196165085,-0.017990891757654025
0.00048611081890865334,27.84544,0.0,0.0,0.0,0.0,-0.30337806397233824,-0.051367094308757445,1084,-0.1167424562089981,0.0,248,0.0,0.65,0.059750312984028504,-0.4204257117030525,4215,-157.27314342000003,234.91,0.0,-0.034335820676592174,-0.4320287930672355,4571136,0.01,0.0,0.0,0.0,-0.1804810402821711,-0.19343553076955144,-0.5,-0.6415252477850691,0.0,0.0,-6.224341767748259e-08,-0.7619138524844913,-0.22765208075704044,-0.07384739752234964,0.0,-0.003667388473533922,-0.10368716429846028,0.015795631,17147,-19.880361366271973,0.27279052734375,0.2,1.0022505521774292,-2.4609811305999756,0.11431372165679932,0.00028482432,1.8026427239179612,-1.7244991613551975e-05
0.0006678600006529854,27.85696,0.0,0.0,0.0,0.0,-0.32144186439195654,-0.06081816231604326,1088,-0.1270939920665885,0.0,249,0.0,0.65,0.06211404722274946,-0.3297655191016057,4215,-157.46871785,236.22,0.0,-0.035023946570752466,-0.4304281014691377,4589568,0.01,0.0,0.0,0.0,-0.20012361138264423,-0.17680754920292283,-0.5,-0.6155024571430575,0.0,0.0,-6.155829603182834e-08,-0.7415490222270795,-0.22229129690006466,-0.040863009299592794,0.0,-0.0007344520967712419,-0.10339635653132556,0.016512241,17151,-19.879583168029786,0.1641845703125,0.2,1.0020694732666016,-0.17920804023742676,-0.0019282251596450806,0.00028476288,0.602609533071518,-0.0151652691536583
0.000578341685468331,27.868479999999998,0.0,0.0,0.0,0.0,-0.30606160420662215,-0.06053327034852781,1092,-0.13569798876788278,0.0,250,0.0,0.65,0.0656506391680533,-0.5253448303060515,4216,-152.76677908000002,216.02,0.0,-0.03498418431872359,-0.42039163207910835,4608000,0.01,0.0,0.0,0.0,-0.1873928220886315,-0.162022726017253,-0.5,-0.6048150292390334,0.0,0.0,-5.938328786250081e-08,-0.7205551834416183,-0.23287751325161132,-0.06737624126740802,0.0,-0.0011003915117018754,-0.10347464720336313,0.016842086,17155,-19.87712116241455,0.1783935546875,0.2,1.0017344951629639,-0.4395958185195923,0.04958435893058777,0.00028470144,0.7267998665571213,-0.015185413684230297
0.0007145177838133855,27.88,0.0,0.0,0.0,0.0,-0.3090729409768752,-0.056305386621032585,1097,-0.12037445594184737,0.0,251,0.0,0.65,0.06337701285588274,-0.36203558739115693,4216,-154.82120081000002,224.54,0.0,-0.03460922996398299,-0.4238962973332167,4626432,0.01,0.0,0.0,0.0,-0.1940489277905008,-0.16628579747150396,-0.5,-0.6013906072052806,0.0,0.0,-5.742244736421006e-08,-0.735170316998057,-0.2377464329763008,-0.0366501441523118,0.0,-0.000687116727931425,-0.10347315389309532,0.022426253,17159,-19.877119159698488,0.20888671875,0.2,1.0020112991333008,-0.30767011642456055,-0.03274686634540558,0.00028464,0.5604819983243943,-0.018099164695013315
0.0002528210526280519,27.89152,0.0,0.0,0.0,0.0,-0.3211511276818386,-0.05963226833159769,1101,-0.12314487156953755,0.0,252,0.0,0.65,0.06245922644003191,-0.4014207706673311,4216,-156.85339141,232.65,0.0,-0.03429171455081381,-0.42708448203450816,4644864,0.01,0.0,0.0,0.0,-0.20367077913300413,-0.17540852023503853,-0.5,-0.6272673367168647,0.0,0.0,-5.919754201375144e-08,-0.7617742640791154,-0.2146889598005058,-0.04515771205250221,0.0,-0.0010763849762345974,-0.10345440626441366,0.015208823,17163,-19.877331256866455,0.18270263671875,0.2,1.0018278360366821,-0.6686244010925293,0.022066444158554077,0.00028457856,0.7183488547801972,-0.012220354750752449
0.0007378469648150107,27.90304,0.0,0.0,0.0,0.0,-0.32894629496757233,-0.062188881247389055,1105,-0.13201789163907401,0.0,253,0.0,0.65,0.06358481065190937,-0.23411974665562646,4216,-157.82627834000002,238.01,0.0,-0.03497875719921031,-0.43525712246014203,4663296,0.01,0.0,0.0,0.0,-0.19732267221354508,-0.18534410191364803,-0.5,-0.6043495565637261,0.0,0.0,-5.283040303740025e-08,-0.7375174721398087,-0.23073265218652825,-0.08788982633946804,0.0,-0.0025447513859641426,-0.10335456009725158,0.017218772,17167,-19.87763195037842,0.17064208984375,0.2,1.0018945932388306,-0.5713454484939575,0.03693951666355133,0.00028451712,0.6421948999166489,-0.013064682437106966
0.0007557503995485604,27.91456,0.0,0.0,0.0,0.0,-0.32312428805177507,-0.06182968850053109,1110,-0.12416575849956321,0.0,254,0.0,0.65,0.06612756897064234,-0.3349866521308151,4216,-153.90206578,221.5,0.0,-0.03454583487011159,-0.4295972533058227,4681728,0.01,0.0,0.0,0.0,-0.2034260573260155,-0.15712532765706852,-0.5,-0.6048626245291735,0.0,0.0,-5.382079323844067e-08,-0.7164131955772203,-0.2251918717536208,-0.021575019207980908,0.0,-0.0014455782980399413,-0.10338117328726994,0.016765725,17171,-19.877625751495362,0.16416015625,0.2,1.001948356628418,-0.23777389526367188,-0.03616109490394592,0.00028445567999999997,0.6603688269853591,-0.012086071190424263
0.0007476123994112842,27.92608,0.0,0.0,0.0,0.0,-0.33781222458184984,-0.05745658625822677,1114,-0.1319229617297886,0.0,255,0.0,0.65,0.07145565018209027,-0.20142568137417827,4216,-152.57773717,216.77,0.0,-0.035447040959249755,-0.43766463104548253,4700160,0.01,0.0,0.0,0.0,-0.20664639207440255,-0.15550976340773992,-0.5,-0.5862511252268315,0.0,0.0,-6.354067822470826e-08,-0.7406291126713458,-0.24142687915473449,-0.030415178217851738,0.0,-0.0003691922756843269,-0.1033426139608396,0.019130936,17175,-19.877902030944824,0.2064453125,0.2,1.0019354820251465,-0.4095035791397095,-0.024040907621383667,0.00028439424,0.6355827853083611,-0.0113227064255625
0.0006222869431237794,27.9376,0.0,0.0,0.0,0.0,-0.34423434800699165,-0.06050235402983888,1118,-0.12049511669528974,0.0,256,0.0,0.65,0.06701464009125435,-0.2017198793489811,4216,-154.50789339000002,225.1,0.0,-0.03440880982683986,-0.4243398996542216,4718592,0.01,0.0,0.0,0.0,-0.19544628346224296,-0.18098478226990766,-0.5,-0.5975673962423361,0.0,0.0,-6.050027693329693e-08,-0.7618563494224975,-0.2288764883377941,-0.036048113806988115,0.0,-0.00017076132159369686,-0.10336608803639602,0.018096084,17179,-19.881132316589355,0.1798095703125,0.2,1.002519965171814,-0.3718663454055786,0.041572123765945435,0.0002843328,0.6867241024971008,-0.01697813728824258
0.0005300560539277891,27.94912,0.0,0.0,0.0,0.0,-0.35559895400559915,-0.059433387363140314,1123,-0.11300060973347431,0.0,257,0.0,0.65,0.06739200626900542,-0.2555741742559596,4217,-152.17911522000003,214.77,0.0,-0.0335988522273561,-0.4176480525596691,4737024,0.01,0.0,0.0,0.0,-0.19698893329524284,-0.16971392047148284,-0.5,-0.6060437838038395,0.0,0.0,-5.9413069185289353e-08,-0.7387344700809332,-0.2214132077207222,-0.03393301953137788,0.0,-0.0006563281381709708,-0.10379323193680197,0.012997118,17183,-19.87952947616577,0.16864013671875,0.2,1.0021300315856934,-0.5136401653289795,0.011871159076690674,0.00028427136,0.7498093605041504,-0.012672104523517191
0.0006407332063342134,27.96064,0.0,0.0,0.0,0.0,-0.37141373913757403,-0.05517102089618831,1127,-0.10886201743431295,0.0,258,0.0,0.65,0.06701100429129513,-0.217915007330301,4217,-152.25373307,214.61,0.0,-0.032930862581252524,-0.4079140574043066,4755456,0.01,0.0,0.0,0.0,-0.19511964783897534,-0.17419343261870365,-0.5,-0.6162973904356156,0.0,0.0,-5.965569771157696e-08,-0.7816735101638431,-0.22634043466203307,-0.038206676930574765,0.0,-0.002117777251340966,-0.10387535165653641,0.017631274,17187,-19.87957067489624,0.1734130859375,0.2,1.0023038387298584,-0.4032939672470093,-0.03222942352294922,0.00028420992,0.6142792493104935,-0.015509710961487145
0.0007568356361136668,27.97216,0.0,0.0,0.0,0.0,-0.35641977190690044,-0.055134903679954876,1131,-0.12073980735369275,0.0,259,0.0,0.65,0.06422410480103463,-0.30741555977864926,4217,-152.03226193,213.34,0.0,-0.0332335280003944,-0.4246381000075733,4773888,0.01,0.0,0.0,0.0,-0.18059462124013476,-0.17168657774280888,-0.5,-0.5778687255015903,0.0,0.0,-6.394802584127278e-08,-0.7616111063711963,-0.23305196451658158,-0.03383150582576702,0.0,-0.0004602023238678359,-0.10384588610131264,0.018282946,17191,-19.875859355926515,0.1889404296875,0.2,1.0015888214111328,-0.12636029720306396,-0.026968061923980713,0.00028414848,0.5042674362659454,-0.015261325007304549
0.0007926428257229014,27.98368,0.0,0.0,0.0,0.0,-0.385240929886143,-0.046269171660816275,1136,-0.1097118698999268,0.0,260,0.0,0.65,0.06858722368480566,-0.11616339335980458,4217,-149.13718297,202.85,0.0,-0.0330558727357442,-0.4109843809134222,4792320,0.01,0.0,0.0,0.0,-0.17233964557167653,-0.1676544042862053,-0.5,-0.5379466183949136,0.0,0.0,-5.112210023687775e-08,-0.7732551199288006,-0.22837856380118707,-0.023161495895328295,0.0,-0.0001740168760685871,-0.10378543103172394,0.01619941,17195,-19.877896213531493,0.1729736328125,0.2,1.0020709037780762,-0.7707011699676514,-0.023410707712173462,0.00028408704,0.6011557832360268,-0.01485895209480077
0.0008279076234127084,27.9952,0.0,0.0,0.0,0.0,-0.3661389129883161,-0.04548190309823311,1140,-0.12858824847578715,0.0,261,0.0,0.65,0.0699562053855583,-0.22942144880005857,4217,-151.14232617,210.79,0.0,-0.03383479284865628,-0.39654044140422734,4810752,0.01,0.0,0.0,0.0,-0.17861556642385387,-0.1723066546177593,-0.5,-0.5465263253214792,0.0,0.0,-5.2458036520754033e-08,-0.7555273550725481,-0.22692478639080096,-0.027830596693123617,0.0,-0.0027267730571717643,-0.10359328892338673,0.014586565,17199,-19.876783084869384,0.1795654296875,0.2,1.0017671585083008,-0.3011946678161621,-0.05097578465938568,0.0002840256,0.5498598217964172,-0.012937731121201067
0.0005387366626463416,28.00672,0.0,0.0,0.0,0.0,-0.38206806545852634,-0.05104980958795943,1144,-0.11210080680767345,0.0,262,0.0,0.65,0.06658379372377667,-0.10259571663705126,4217,-148.02864415000002,199.04,0.0,-0.033935698546183016,-0.40744538107065015,4829184,0.01,0.0,0.0,0.0,-0.18022955485548978,-0.16929239710688943,-0.5,-0.5350089144171724,0.0,0.0,-5.5935757693818574e-08,-0.7772855405791552,-0.22640158050826895,-0.021117427065127682,0.0,-0.0006849466169822133,-0.10350065185140706,0.021346115,17203,-19.880328559875487,0.23651123046875,0.2,1.002293348312378,-0.179235577583313,-0.036008745431900024,0.00028396416,0.5173489451408386,-0.016305979073513298
0.0007801646715961397,28.01824,0.0,0.0,0.0,0.0,-0.3764725211102145,-0.04934002888040852,1149,-0.10481064037045901,0.0,263,0.0,0.65,0.0655682502311826,-0.00326197055274272,4217,-148.2661569,200.29,0.0,-0.03352935982585021,-0.4404778723644061,4847616,0.01,0.0,0.0,0.0,-0.18133916522371488,-0.1658460570275927,-0.5,-0.5460621570794484,0.0,0.0,-5.361373593044417e-08,-0.7678890708544677,-0.22917055876022527,-0.00951223867855485,0.0,-0.0016745284083299339,-0.10345952308334018,0.020316672,17207,-19.882360553741456,0.21348876953125,0.2,1.0025532245635986,-0.2829097509384155,-0.057475075125694275,0.00028390272,0.5384492725133896,-0.015487147553358227
0.0009830723801213834,28.02976,0.0,0.0,0.0,0.0,-0.43335624176843335,-0.04439216495467121,1153,-0.10625800301271482,0.0,264,0.0,0.65,0.07775717879380648,0.09253733470237856,4217,-147.54899997,198.05,0.0,-0.033608255980611096,-0.436951898532165,4866048,0.01,0.0,0.0,0.0,-0.18430157970884833,-0.15127098271884307,-0.5,-0.4991040107728393,0.0,0.0,-5.274542888459952e-08,-0.774069902501311,-0.24196469134274678,-0.007502842193281321,0.0,-0.0002496999190447645,-0.10320808748951946,0.022522923,17211,-19.877287769317626,0.21761474609375,0.2,1.0019361972808838,0.007577300071716309,-0.06533628702163696,0.00028384128,0.4552926167845726,-0.013345954078249633
0.0009592009688882778,28.04128,0.0,0.0,0.0,0.0,-0.3844608124860269,-0.04753518113301073,1157,-0.11068107256323793,0.0,265,0.0,0.65,0.06920865675748625,-0.026360199802162636,4218,-149.20351152,205.97,0.0,-0.03367272684398528,-0.44634695433560484,4884480,0.01,0.0,0.0,0.0,-0.17211206300777043,-0.1583786327931319,-0.5,-0.5398154308042686,0.0,0.0,-5.4857496261598336e-08,-0.7778265865602755,-0.23283510994095577,-0.01640757270677603,0.0,-1.3969984138384461e-05,-0.10370209204764669,0.019828267,17215,-19.878992080688477,0.24017333984375,0.2,1.0020439624786377,-0.09038794040679932,-0.04075637459754944,0.00028377984,0.5449392750859261,-0.011976104229688644
0.0009472653327975422,28.0528,0.0,0.0,0.0,0.0,-0.38035677912654,-0.04743381099174492,1162,-0.11970732156255032,0.0,266,0.0,0.65,0.07807287419513288,0.014277791857460824,4218,-149.0778716,205.88,0.0,-0.0341315841711076,-0.4307048721133119,4902912,0.01,0.0,0.0,0.0,-0.21969092465943643,-0.14395278120403193,-0.5,-0.5170663644979683,0.0,0.0,-5.9188919532104184e-08,-0.7380963843406056,-0.24022116862315374,-0.006920158679851882,0.0,-5.018260304091706e-06,-0.10356231182068594,0.014600923,17219,-19.87968158721924,0.2366943359375,0.2,1.002253770828247,0.1964293122291565,0.04398408532142639,0.0002837184,0.9218557178974152,-0.007107635540887713
0.0005425343826775335,28.06432,0.0,0.0,0.0,0.0,-0.3739362946929543,-0.04766389078219351,1166,-0.11249721677658434,0.0,267,0.0,0.65,0.07222520901685879,-0.031245485219707752,4218,-148.89429965000002,204.54,0.0,-0.03413633130561591,-0.463441419911087,4921344,0.01,0.0,0.0,0.0,-0.18893916493470275,-0.15094513865514383,-0.5,-0.540992635753818,0.0,0.0,-6.258282268466258e-08,-0.778883580812781,-0.24300174331306643,-0.027204441214152695,0.0,-0.0004960098918268664,-0.10344063203571634,0.020844419,17223,-19.876815032958984,0.187451171875,0.2,1.0017492771148682,0.16991090774536133,0.015052080154418945,0.00028365696,0.6173726812005043,-0.017767643020488322
0.0008338756128473,28.07584,0.0,0.0,0.0,0.0,-0.40577848427677976,-0.04781834792801303,1170,-0.11212019278734481,0.0,268,0.0,0.65,0.07251317262515794,0.04377778110707945,4218,-150.19617749999998,209.2,0.0,-0.03459487978302038,-0.43213896260744433,4939776,0.01,0.0,0.0,0.0,-0.18934648774775906,-0.1567766318312077,-0.5,-0.5497966908941923,0.0,0.0,-5.807351919078938e-08,-0.7782558708925695,-0.2362999670521524,-0.01710660843225424,0.0,-0.00072916378849186,-0.10341945944011408,0.015407683,17227,-19.87520389556885,0.21595458984375,0.2,1.001466155052185,-0.23717081546783447,0.010180577635765076,0.00028359551999999997,0.7874624460935593,-0.011063983343774453
0.0005734590199103372,28.08736,0.0,0.0,0.0,0.0,-0.37013085069439594,-0.05418124253354273,1175,-0.12111260769961985,0.0,269,0.0,0.65,0.06677476759744044,-0.08628760187192991,4218,-150.44428372000002,208.75,0.0,-0.03358750955956903,-0.4365980089911762,4958208,0.01,0.0,0.0,0.0,-0.18765361012803652,-0.16068390496719726,-0.5,-0.5593546262923874,0.0,0.0,-6.145896139409207e-08,-0.7740983918392002,-0.23659124553067906,-0.019764728695835197,0.0,-0.0013296112528122547,-0.10375398579336273,0.01857378,17231,-19.87910976409912,0.18482666015625,0.2,1.002317190170288,-0.0882420539855957,-0.027313843369483948,0.00028353408,0.5604670524597168,-0.016246624442283066
0.00081651450212424,28.09888,0.0,0.0,0.0,0.0,-0.38510182988797287,-0.044878912521718856,1179,-0.11150240514528538,0.0,270,0.0,0.65,0.06830876330647487,0.1519510836328033,4218,-151.98078025,218.83,0.0,-0.033834041206036,-0.4186532750300574,4976640,0.01,0.0,0.0,0.0,-0.16799326239453388,-0.16614849931757425,-0.5,-0.5117861056380211,0.0,0.0,-5.8043728615330446e-08,-0.8027564696018383,-0.23549427706882087,-0.025714931832796585,0.0,-0.001189231012378716,-0.1035487258021018,0.013338821,17235,-19.879393005371092,0.17110595703125,0.2,1.002189040184021,-0.4066452980041504,-0.0169173926115036,0.00028347264,0.7583410769701004,-0.010887255414854736
0.0006076387006841186,28.1104,0.0,0.0,0.0,0.0,-0.3914340576189632,-0.05262677864677737,1183,-0.11189988069855711,0.0,271,0.0,0.65,0.0681929602585149,0.0848799748725178,4219,-153.18283965999998,221.99,0.0,-0.03351643701702161,-0.4491796449256321,4995072,0.01,0.0,0.0,0.0,-0.1951495455471908,-0.1604382651882869,-0.5,-0.5572923872438786,0.0,0.0,-5.6113335956993704e-08,-0.7974653046394322,-0.24254039370164104,-0.020654035461986565,0.0,-0.0003442359738983214,-0.10356627380310826,0.014466213,17239,-19.878318786621094,0.16551513671875,0.2,1.0018739700317383,0.03916525840759277,0.016590595245361328,0.0002834112,0.6986837267875672,-0.01588662986177951
0.0007074651560590913,28.12192,0.0,0.0,0.0,0.0,-0.41116574312691767,-0.049745243052603416,1189,-0.11248019263985526,0.0,272,0.0,0.65,0.06882770050690136,0.20344081100700923,4214,-152.65553769,222.39,0.0,-0.03440406663792748,-0.42537995474089774,5013504,0.01,0.0,0.0,0.0,-0.18125483777914597,-0.16206116106664423,-0.5,-0.5421212874764898,0.0,0.0,-5.8919935239362475e-08,-0.7916000002019135,-0.22867196883078567,-0.008276776258106128,0.0,-0.0008429597186881842,-0.10328318309010996,0.017751504,17243,-19.87637367248535,0.186181640625,0.2,1.0016615390777588,0.050902366638183594,0.03369094431400299,0.00028334976,0.7077291816473007,-0.014962663582991809
0.0009716794496246924,28.13344,0.0,0.0,0.0,0.0,-0.4205745719903316,-0.0389412935110697,1193,-0.11386206701962204,0.0,273,0.0,0.65,0.07410112311868006,0.17276383736360845,4214,-149.26653577000002,207.57,0.0,-0.033972563824243025,-0.4085582802867021,5031936,0.01,0.0,0.0,0.0,-0.176871785856192,-0.14918731547926897,-0.5,-0.49647200008847214,0.0,0.0,-5.118472409881793e-08,-0.7899174763837736,-0.24115127482757012,-0.0031389976730915353,0.0,-0.00010199543450855547,-0.10375936824972005,0.012846531,17247,-19.87605924606323,0.131298828125,0.2,1.001767873764038,-0.047426700592041016,0.08671198785305023,0.00028328832,0.8231626361608505,-0.013064203993417322
0.0010297306354105887,28.14496,0.0,0.0,0.0,0.0,-0.3873007571587849,-0.04827767246697641,1198,-0.1222799014799894,0.0,274,0.0,0.65,0.06977811244919783,0.0887557320629892,4214,-150.32637482,211.79,0.0,-0.034086518054296966,-0.4357568250680158,5050368,0.01,0.0,0.0,0.0,-0.18513881736886423,-0.16945705832734592,-0.5,-0.5407157808997978,0.0,0.0,-8.027270731650408e-08,-0.7878533151944409,-0.2461221680000371,-0.012165225101599437,0.0,-0.000842416240225753,-0.10383117660325575,0.025269467,17251,-19.887198066711427,0.23448486328125,0.2,1.003726601600647,0.47665685415267944,-0.05943477153778076,0.00028322688,0.4487511798739433,-0.015660684416070582
0.0008452687826421526,28.156480000000002,0.0,0.0,0.0,0.0,-0.3596756315168243,-0.04633693329927899,1202,-0.11780356850219426,0.0,275,0.0,0.65,0.06909395453718885,0.07010323203477294,4214,-151.09808472999998,214.39,0.0,-0.034910774062885196,-0.45498045013010074,5068800,0.01,0.0,0.0,0.0,-0.17874174751276772,-0.15443932452555847,-0.5,-0.5114682229155049,0.0,0.0,-6.785476650599427e-08,-0.7569935840220388,-0.24944701382116166,-0.013211105538829478,0.0,-0.0004981806349759507,-0.1035564651601886,0.014963266,17255,-19.882122135162355,0.21396484375,0.2,1.0022239685058594,0.10185587406158447,0.05744042992591858,0.00028316543999999997,0.9095525473356247,-0.00833761995891109
0.0006542966164286352,28.168,0.0,0.0,0.0,0.0,-0.3983075345093552,-0.05184366049589984,1207,-0.11381224023724923,0.0,276,0.0,0.65,0.06993573947487741,0.08101761750036657,4214,-148.42969051,204.15,0.0,-0.033656799494979975,-0.45886305612409484,5087232,0.01,0.0,0.0,0.0,-0.17030753242562738,-0.15759363284100797,-0.5,-0.5287746705415399,0.0,0.0,-5.741919250250955e-08,-0.7923920163013397,-0.23984240636466117,-0.011746731622493194,0.0,-0.00021674077207636501,-0.10383666521368659,0.018512566,17259,-19.882292461395263,0.19222412109375,0.2,1.002753734588623,0.3165942430496216,-0.011063888669013977,0.000283104,0.6174086973071098,-0.018259693239815532
0.0006570093165565697,28.17952,0.0,0.0,0.0,0.0,-0.37928019209293523,-0.05056477992868453,1211,-0.11255511224387023,0.0,277,0.0,0.65,0.07028176192904473,0.22729629889830846,4214,-151.26544113999998,216.7,0.0,-0.033727323476735314,-0.45171887314521886,5105664,0.01,0.0,0.0,0.0,-0.18983071511777863,-0.15340651161349825,-0.5,-0.5032418725538235,0.0,0.0,-5.911688628230407e-08,-0.7619874435845394,-0.2368463684632776,-0.004247458379554195,0.0,-0.0003936067676275141,-0.10362299706733127,0.017857635,17263,-19.884020042419433,0.21375732421875,0.2,1.0026217699050903,0.4265766143798828,-0.014267697930335999,0.00028304256,0.5567094832658768,-0.01153717793058604
0.0007714839917348905,28.19104,0.0,0.0,0.0,0.0,-0.37353093742866295,-0.048146924747770076,1215,-0.1241532557882066,0.0,278,0.0,0.65,0.06904616324695362,0.21689161838949966,4214,-153.62452704,228.08,0.0,-0.03470802396296411,-0.4511543941410523,5124096,0.01,0.0,0.0,0.0,-0.17851450512081432,-0.16348625033849135,-0.5,-0.4986700507470398,0.0,0.0,-6.443078396478879e-08,-0.7783215718503934,-0.24854306082937594,-0.003103962535572523,0.0,-0.00013590344719381796,-0.10343824379462074,0.018224705,17267,-19.882534313201905,0.17906494140625,0.2,1.0026661157608032,0.33876556158065796,-0.0005996525287628174,0.00028298112,0.618402986228466,-0.015754038421437144
0.0007763667672406882,28.20256,0.0,0.0,0.0,0.0,-0.39996453378046165,-0.05185795033349626,1220,-0.11329234015178417,0.0,279,0.0,0.65,0.07501500406946701,0.22862248998503082,4214,-148.29024163000003,206.47,0.0,-0.0341319908649971,-0.44915787170002885,5142528,0.01,0.0,0.0,0.0,-0.18245618444127906,-0.15060100697124168,-0.5,-0.521741822011703,0.0,0.0,-6.390703758444483e-08,-0.7792748347142551,-0.24196363775727964,-0.0017298670694834027,0.0,-0.00029296686665879353,-0.10353305436946034,0.017879462,17271,-19.880796337127684,0.1829833984375,0.2,1.0021302700042725,0.26973235607147217,0.06744816899299622,0.00028291968,0.8516792207956314,-0.014097909920383244
0.0006092662709609916,28.21408,0.0,0.0,0.0,0.0,-0.416105877204066,-0.04123003370420075,1224,-0.11413353105994578,0.0,280,0.0,0.65,0.07468703320015886,0.256676438902987,4215,-146.59689739,199.17,0.0,-0.03387982618020345,-0.44019151211324137,5160960,0.01,0.0,0.0,0.0,-0.1814339855030488,-0.14121142623822575,-0.5,-0.4890875712420663,0.0,0.0,-5.591777693438016e-08,-0.775836558092048,-0.24447339629879078,-0.0004181475987536034,0.0,-0.0014545303581851637,-0.10372453017936084,0.014510314,17275,-19.87741889953613,0.1668701171875,0.2,1.0020008087158203,0.22254937887191772,0.14031752943992615,0.00028285824,1.1443837314844132,-0.010538324597291648
0.0004264321048847503,28.2256,0.0,0.0,0.0,0.0,-0.4118772822717233,-0.047716849929265254,1228,-0.11563506417231705,0.0,281,0.0,0.65,0.07743352109110108,0.2236231699157669,4215,-148.64417133,207.13,0.0,-0.03371500045445014,-0.45217635337069645,5179392,0.01,0.0,0.0,0.0,-0.18471213191588778,-0.15650068723899996,-0.5,-0.5155958224951387,0.0,0.0,-5.324201943017525e-08,-0.7958341724963502,-0.24396460043641233,-0.007058327023261652,0.0,-0.0002566167903650138,-0.103705371738878,0.013527149,17279,-19.87584457397461,0.124560546875,0.2,1.0013675689697266,0.3252280354499817,0.01671084761619568,0.0002827968,0.6786434084177018,-0.014636449125828222
0.0009657113890474042,28.23712,0.0,0.0,0.0,0.0,-0.41308057858795294,-0.045454034403525634,1233,-0.11666678206482664,0.0,282,0.0,0.65,0.06865460057379277,0.25161288522445774,4215,-148.37249333,205.12,0.0,-0.033748887896239796,-0.4432939569898529,5197824,0.01,0.0,0.0,0.0,-0.16602394546164054,-0.1704568524941266,-0.5,-0.5141994525936034,0.0,0.0,-6.60528669683901e-08,-0.7999864974654498,-0.24177561030385958,-0.00742336886793603,0.0,-0.000594208029926651,-0.10369235488636014,0.015249264,17283,-19.875633811950685,0.163037109375,0.2,1.0017025470733643,0.49963754415512085,0.00962841510772705,0.00028273535999999997,0.6255983293056488,-0.014066413231194019
0.0012641054830358673,28.24864,0.0,0.0,0.0,0.0,-0.3911552964058664,-0.04574192152866649,1237,-0.11881321217868941,0.0,283,0.0,0.65,0.07014776397221738,0.3069477669152791,4215,-149.71191672999998,213.02,0.0,-0.034317598515282426,-0.45364255382935653,5216256,0.01,0.0,0.0,0.0,-0.17118729936131655,-0.16840362029365236,-0.5,-0.4844476848964568,0.0,0.0,-6.012489220626826e-08,-0.7805745257238269,-0.24633331622153,-0.001799332861095465,0.0,-0.00036742973639371083,-0.10341771800315012,0.012089455,17287,-19.87651605606079,0.15269775390625,0.2,1.0017988681793213,0.2803661823272705,0.08174943923950195,0.00028267392,0.7610248982906341,-0.010817761335056275
0.0007139753272187792,28.26016,0.0,0.0,0.0,0.0,-0.40564113694950854,-0.04081996498125227,1241,-0.12237133550034285,0.0,284,0.0,0.65,0.07908989520504878,0.20563100008293173,4215,-149.84044467,213.54,0.0,-0.03300959609972974,-0.43404769032027946,5234688,0.01,0.0,0.0,0.0,-0.18981148573265005,-0.1625409165087724,-0.5,-0.5055776526479929,0.0,0.0,-6.099856781581741e-08,-0.7884232203446784,-0.24284654564437685,-0.020803030505643447,0.0,-0.0007683614821871743,-0.10372098376356226,0.011185766,17291,-19.876462554931642,0.13260498046875,0.2,1.0017359256744385,0.11477506160736084,0.12488684058189392,0.00028261248,1.0672226250171661,-0.013223641237709671
0.00040581579216652445,28.27168,0.0,0.0,0.0,0.0,-0.38215222083610373,-0.046226335901316196,1246,-0.12052288676246453,0.0,285,0.0,0.65,0.074008965758032,0.22175001718350465,4215,-147.12589437000003,201.6,0.0,-0.034221012467992265,-0.43951984505404573,5253120,0.01,0.0,0.0,0.0,-0.17994238303875562,-0.16064188318729877,-0.5,-0.4919438168100732,0.0,0.0,-6.171285050449046e-08,-0.7797837170914497,-0.24178962563336512,-0.0035586909653569604,0.0,-0.0006580905367930731,-0.10343453444396739,0.014823621,17295,-19.87524995803833,0.14302978515625,0.2,1.001708984375,0.3811500072479248,0.09056411683559418,0.00028255104,0.8819731175899506,-0.015485038282349706
0.0006759979975565026,28.2832,0.0,0.0,0.0,0.0,-0.4111476280155384,-0.04643751614586589,1250,-0.11028121417528575,0.0,286,0.0,0.65,0.07557932945450402,0.29823691443623285,4215,-147.67407158,205.17,0.0,-0.03397067399420831,-0.4366673820447436,5271552,0.01,0.0,0.0,0.0,-0.16698308313026936,-0.16530193885194722,-0.5,-0.5021218234011354,0.0,0.0,-5.87881492111782e-08,-0.8090765939497822,-0.23600343623884396,-0.00529483183379616,0.0,-0.0004527424397464428,-0.10366706963759534,0.018648442,17299,-19.883891105651855,0.18978271484375,0.2,1.002798318862915,0.5587843656539917,0.007160842418670654,0.0002824896,0.6388918086886406,-0.018539087171666323
0.0008577470499504772,28.294719999999998,0.0,0.0,0.0,0.0,-0.4138674754240961,-0.04308993030863138,1254,-0.11655551426637012,0.0,287,0.0,0.65,0.07191050808819234,0.23983228369624104,4215,-149.51261086,212.41,0.0,-0.033536934276157095,-0.4572502648952189,5289984,0.01,0.0,0.0,0.0,-0.17973785875583953,-0.16534596129301807,-0.5,-0.5204854983149275,0.0,0.0,-5.760166162215297e-08,-0.788291306294861,-0.23666113079498535,-0.014986907173071865,0.0,-0.0015139371729067836,-0.10369865870999528,0.015498171,17303,-19.877124977111816,0.1468505859375,0.2,1.0016508102416992,0.47940629720687866,0.043929651379585266,0.00028242816,0.7146931380033493,-0.014030813064891845
0.0005023869841049115,28.30624,0.0,0.0,0.0,0.0,-0.39723046261658834,-0.04431575906013155,1259,-0.12042999746548072,0.0,288,0.0,0.65,0.0757874358032729,0.13692958522041865,4216,-147.26474579,202.41,0.0,-0.03371914346943541,-0.410871493881186,5308416,0.01,0.0,0.0,0.0,-0.18607143405737597,-0.1813297943375393,-0.5,-0.5059559038690656,0.0,0.0,-6.484664219168767e-08,-0.7598922119653063,-0.22706081998842137,-0.02673948885568996,0.0,-0.0011663097830023617,-0.10363752990503398,0.021502899,17307,-19.879295063018798,0.19642333984375,0.2,1.0023895502090454,0.5158065557479858,0.019915223121643066,0.00028236672,0.6276322215795517,-0.014897724194452167
0.0008409286545227385,28.31776,0.0,0.0,0.0,0.0,-0.38594777456406226,-0.04660310244576524,1263,-0.1151396997858763,0.0,289,0.0,0.65,0.06839636992242738,0.14850837238392606,4216,-153.08830792,226.42,0.0,-0.03342229034548534,-0.42076160709568733,5326848,0.01,0.0,0.0,0.0,-0.1855726615813653,-0.17424877773949485,-0.5,-0.5421462089327219,0.0,0.0,-6.317175806178876e-08,-0.7859769980015154,-0.2321988652756195,-0.006948474789033711,0.0,-0.0005750833337919579,-0.10353939334761493,0.016917866,17311,-19.880889225006104,0.198876953125,0.2,1.0025681257247925,0.5325801968574524,0.029126793146133423,0.00028230527999999997,0.6216638892889023,-0.011689672479406
0.0005533852640332447,28.32928,0.0,0.0,0.0,0.0,-0.43233635653724006,-0.04684187512481863,1267,-0.10486691467140097,0.0,290,0.0,0.65,0.06923464351238996,0.37177811322174725,4216,-151.55735593,221.41,0.0,-0.03319390533528813,-0.4272818111078206,5345280,0.01,0.0,0.0,0.0,-0.17181825854947527,-0.16679272946546153,-0.5,-0.5154983115487162,0.0,0.0,-6.055009443059658e-08,-0.8324106633532884,-0.23230433294196753,-0.001627498121930931,0.0,-0.0005175752869238042,-0.10370564614318421,0.0194814,17315,-19.880094528198242,0.2029541015625,0.2,1.0021275281906128,0.524390697479248,0.01960664987564087,0.00028224384,0.6286354124546051,-0.015314685320481658
0.0004595268077941404,28.3408,0.0,0.0,0.0,0.0,-0.4138337788643871,-0.04535026771119149,1272,-0.10091064335092033,0.0,291,0.0,0.65,0.06891750955541182,0.29545217986626315,4216,-148.38816286000002,207.98,0.0,-0.03364678204514161,-0.39689110102947633,5363712,0.01,0.0,0.0,0.0,-0.17342336925841365,-0.17575004464382668,-0.5,-0.536046363596498,0.0,0.0,-5.3424576628967876e-08,-0.8077953540276541,-0.23040405626572857,-0.01933607064948024,0.0,-0.0012556908526069794,-0.10342554520417452,0.016440997,17319,-19.878354835510255,0.17340087890625,0.2,1.002152919769287,0.5312172174453735,-0.0037737637758255005,0.0002821824,0.5981740951538086,-0.013595488795544952
0.00037597639149882726,28.35232,0.0,0.0,0.0,0.0,-0.3939139553521778,-0.04555142130015329,1276,-0.11286607627570379,0.0,292,0.0,0.65,0.07364890557202583,0.2872804811744418,4216,-149.93395083,213.42,0.0,-0.033901931155452016,-0.45295960366762916,5382144,0.01,0.0,0.0,0.0,-0.18344246730598532,-0.17042966099560652,-0.5,-0.4956394913921281,0.0,0.0,-6.518051265886031e-08,-0.7911793078108268,-0.23333875997147238,-0.011226614176578236,0.0,-0.00022433609572342702,-0.10327665205121594,0.025326377,17323,-19.880837154388427,0.229248046875,0.2,1.0024741888046265,0.6457929611206055,-0.025707632303237915,0.00028212096,0.4803486868739128,-0.017918516416102648
0.0003786889396400915,28.36384,0.0,0.0,0.0,0.0,-0.349364275053905,-0.048537605708868614,1280,-0.12419534751854885,0.0,293,0.0,0.65,0.07342923971317994,0.1603770531373035,4216,-149.91441122999998,214.44,0.0,-0.03451749186926287,-0.4651809486755483,5400576,0.01,0.0,0.0,0.0,-0.19187664442761945,-0.1668317592006941,-0.5,-0.5118954531953863,0.0,0.0,-6.586373535107972e-08,-0.7558792474392834,-0.2374322467106145,-0.006315535448622491,0.0,-0.00011447329436325365,-0.10358611853803937,0.017498285,17327,-19.88129816055298,0.18524169921875,0.2,1.0023739337921143,0.48684990406036377,0.005937620997428894,0.00028205952,0.6538745805621147,-0.01461764492560178
0.0004020180268627074,28.37536,0.0,0.0,0.0,0.0,-0.3613111796278931,-0.047710848903525026,1285,-0.1144822330384106,0.0,294,0.0,0.65,0.07094266516777505,0.06715891232275019,4216,-153.22518486,226.98,0.0,-0.03396675653063647,-0.45616162165204205,5419008,0.01,0.0,0.0,0.0,-0.18369708889760117,-0.17487850926608572,-0.5,-0.5188635815965323,0.0,0.0,-6.810331759599522e-08,-0.7607246475625535,-0.24179185445577575,-0.010997437687975443,0.0,-0.0003622751197932909,-0.10384988905762903,0.016325945,17331,-19.880315399169923,0.16890869140625,0.2,1.0023385286331177,0.45797860622406006,0.06398026645183563,0.00028199808,0.7576156914234161,-0.012253815855365247
0.00030381940693284076,28.38688,0.0,0.0,0.0,0.0,-0.38217565309385976,-0.051618138186207016,1289,-0.10961553839994581,0.0,295,0.0,0.65,0.0729806659822266,0.4319520709405885,4217,-152.35902025999997,226.69,0.0,-0.034407954739829556,-0.4848491999311745,5437440,0.01,0.0,0.0,0.0,-0.1793474196094049,-0.18141387179261653,-0.5,-0.5174302178962169,0.0,0.0,-6.011872228240221e-08,-0.7991704404338613,-0.23263634548572754,-0.013890063017568415,0.0,-0.0017298647014993345,-0.10322366800504873,0.021834338,17335,-19.87835865020752,0.1954833984375,0.2,1.0022177696228027,0.6213952302932739,-0.027130067348480225,0.00028193664,0.5626206308603287,-0.017689471133053303
0.00020670563228324882,28.3984,0.0,0.0,0.0,0.0,-0.37406683601193746,-0.04875308837160488,1293,-0.12217606103260205,0.0,296,0.0,0.65,0.07324757903146824,0.206039164051608,4217,-152.25967247,224.41,0.0,-0.03439064455752335,-0.45894301873355847,5455872,0.01,0.0,0.0,0.0,-0.19589710604515714,-0.1671125933858327,-0.5,-0.5164315872556593,0.0,0.0,-6.523618145692571e-08,-0.7644282449777062,-0.23161327753971467,-0.012994977070519373,0.0,-0.0011063590144557464,-0.10324527351736143,0.017361611,17339,-19.87484664916992,0.23629150390625,0.2,1.001700758934021,0.4561561942100525,0.1315634548664093,0.00028187519999999997,0.9102379471063614,-0.008018626656848937
0.0006108938283028288,28.40992,0.0,0.0,0.0,0.0,-0.4035411266533507,-0.048805782996485664,1298,-0.11055315697951835,0.0,297,0.0,0.65,0.07548036111559303,0.2900536033008696,4217,-151.01043938,220.77,0.0,-0.0344125058665848,-0.44564538549682187,5474304,0.01,0.0,0.0,0.0,-0.18330970014385176,-0.16012209524299445,-0.5,-0.4995664174304484,0.0,0.0,-5.878434661465681e-08,-0.776596409904709,-0.2336850117387796,-0.006194561874814212,0.0,-0.0001782213350654476,-0.10300815425365258,0.01832462,17343,-19.877679061889648,0.17510986328125,0.2,1.002185583114624,0.6456137299537659,0.009168952703475952,0.00028181376,0.636225201189518,-0.018278884200844912
0.0005327688931073579,28.42144,0.0,0.0,0.0,0.0,-0.3617094337396827,-0.0523072212092432,1302,-0.11512851747174468,0.0,298,0.0,0.65,0.06786053099003281,0.16338883172911664,4217,-152.3692526,223.6,0.0,-0.03390269950186858,-0.4732565616279649,5492736,0.01,0.0,0.0,0.0,-0.18943920804074413,-0.17607344175728543,-0.5,-0.5339639465394511,0.0,0.0,-7.980948245942265e-08,-0.7618780789075216,-0.2468549813796058,-0.0073480136565152315,0.0,-0.0001421427069645789,-0.1034153558399843,0.017533,17347,-19.877929782867433,0.1792724609375,0.2,1.0018887519836426,0.5542072057723999,0.04319921135902405,0.00028175232,0.7296411633491516,-0.01249834755435586
0.0003748913004528731,28.43296,0.0,0.0,0.0,0.0,-0.4115905874917647,-0.043020611528222806,1307,-0.11443510093869157,0.0,299,0.0,0.65,0.07215535235063099,0.3373574873318132,4213,-152.60545839,224.99,0.0,-0.0340509401431389,-0.4485735741896922,5511168,0.01,0.0,0.0,0.0,-0.18258690186481255,-0.17335219949684597,-0.5,-0.5216825164071183,0.0,0.0,-6.237947599484162e-08,-0.8042096999726772,-0.24385110589797815,-0.00368223530320315,0.0,-0.0001224765534667919,-0.10343960543211204,0.020467065,17351,-19.883296012878418,0.1866455078125,0.2,1.0028728246688843,0.6163054704666138,0.0015896260738372803,0.00028169088,0.648599074780941,-0.016924111801199616
0.000507812132127583,28.44448,0.0,0.0,0.0,0.0,-0.393612297015557,-0.05086030885355328,1312,-0.10835313436394939,0.0,300,0.0,0.65,0.07565572417953635,0.3543498808066858,4213,-152.50061830999996,225.62,0.0,-0.034772183577622094,-0.46090388051648923,5529600,0.01,0.0,0.0,0.0,-0.18500460426866205,-0.16502164068089809,-0.5,-0.5090618771667939,0.0,0.0,-5.670382235436425e-08,-0.7931158683853927,-0.23841736082371737,-0.0036770226728229266,0.0,-0.001210388436447829,-0.10338661757044174,0.020153595,17355,-19.881939697265626,0.20523681640625,0.2,1.0023475885391235,0.6531234979629517,-0.030987173318862915,0.00028162944,0.5495763450860978,-0.01775226827012375
0.0005403643913774027,28.456,0.0,0.0,0.0,0.0,-0.39992635147641314,-0.06019339259239552,1316,-0.11420213189737553,0.0,301,0.0,0.65,0.06803465952908758,0.34588323435220303,4214,-152.18304736000002,228.42,0.0,-0.0348562778832752,-0.47602211010461726,5548032,0.01,0.0,0.0,0.0,-0.19069687182969663,-0.15895709817466427,-0.5,-0.5414085007384454,0.0,0.0,-5.586652613828703e-08,-0.7962300187459943,-0.23371732200632941,-0.008337941314119945,0.0,-0.0003496611995312075,-0.10358270014796785,0.02000714,17359,-19.879550170898437,0.19388427734375,0.2,1.0021107196807861,0.6288174986839294,0.005297988653182983,0.000281568,0.6256549581885338,-0.017259307438507676
0.0008745655456247429,28.46752,0.0,0.0,0.0,0.0,-0.40792868034532154,-0.050505441654196896,1320,-0.1206872375025828,0.0,302,0.0,0.65,0.06500371340381561,0.23233916255594023,4214,-153.34079065000003,231.91,0.0,-0.034944599139501216,-0.4416910583667941,5566464,0.01,0.0,0.0,0.0,-0.16795181092779968,-0.16532884040703932,-0.5,-0.5499015311868419,0.0,0.0,-6.151632949278959e-08,-0.7941756333313643,-0.24619258850992898,-0.017520988621107573,0.0,-0.00021904612852570912,-0.10358910792959705,0.0153218955,17363,-19.87972002029419,0.16949462890625,0.2,1.0023539066314697,0.567839503288269,0.06192213296890259,0.00028150656,0.8221273571252823,-0.013797354022972285
0.0006076386489439756,28.47904,0.0,0.0,0.0,0.0,-0.4120120522755952,-0.054035121475242955,1325,-0.10617220604219431,0.0,303,0.0,0.65,0.07043249027318321,0.3638527755096909,4214,-154.28211144,233.53,0.0,-0.034490747051034075,-0.4332561746493621,5584896,0.01,0.0,0.0,0.0,-0.18893294145915354,-0.19050130082476302,-0.5,-0.5237944284089916,0.0,0.0,-7.0176402395829e-08,-0.8121865831926842,-0.23342255747533583,-0.009886393857847179,0.0,-0.0008622194776156297,-0.10330445775431421,0.017957252,17367,-19.881189823150635,0.16041259765625,0.2,1.0024102926254272,0.6237860321998596,0.023655325174331665,0.00028144511999999997,0.6651633143424988,-0.017006467760074882
0.00046495205282958015,28.49056,0.0,0.0,0.0,0.0,-0.4091571623070143,-0.05198505392256382,1329,-0.1051709094012525,0.0,304,0.0,0.65,0.06946899892114004,0.3899856598203164,4214,-152.86135142999998,231.32,0.0,-0.03426932252795255,-0.42680361123337973,5603328,0.01,0.0,0.0,0.0,-0.18730761960352432,-0.17658828126276516,-0.5,-0.5424318299068768,0.0,0.0,-5.239600173552404e-08,-0.8273216545906137,-0.2258632700529405,-0.003529268040724685,0.0,-0.00014485526157336103,-0.10334338351940942,0.015384351,17371,-19.880600261688233,0.16253662109375,0.2,1.0025161504745483,0.5696215629577637,0.024988725781440735,0.00028138368,0.7143068581819534,-0.014357221778482199
0.00041503879603826336,28.50208,0.0,0.0,0.0,0.0,-0.39977470750846195,-0.05447015294567369,1333,-0.1041012275342252,0.0,305,0.0,0.65,0.0675447374249024,0.4485832292057262,4214,-151.66448027,225.04,0.0,-0.03470011774978437,-0.46187404865230186,5621760,0.01,0.0,0.0,0.0,-0.18117515978125714,-0.16247379834203773,-0.5,-0.5309089805027163,0.0,0.0,-5.4152778250169054e-08,-0.7983118632584536,-0.23889701274426547,-0.005668858599674099,0.0,-0.0009750649688713667,-0.10330756727150595,0.019387338,17375,-19.875834655761718,0.2007568359375,0.2,1.0014379024505615,0.6845684051513672,0.002821117639541626,0.00028132224,0.5952295586466789,-0.015212828014045953
0.0002804902518012871,28.5136,0.0,0.0,0.0,0.0,-0.4074742645659096,-0.053244583392565874,1338,-0.10229637045306353,0.0,306,0.0,0.65,0.06914323301326283,0.3347316806640111,4214,-152.33001617,227.44,0.0,-0.0338402279418791,-0.41893832557236915,5640192,0.01,0.0,0.0,0.0,-0.17671743209773413,-0.16350748829029071,-0.5,-0.5334866698263679,0.0,0.0,-5.533262370248657e-08,-0.8055882460169735,-0.2320014912583513,-0.007415948117263171,0.0,-0.00036675129861881334,-0.10345190434074342,0.01790255,17379,-19.872733402252198,0.17850341796875,0.2,1.001180648803711,0.6758962273597717,-0.011189475655555725,0.0002812608,0.6196157798171044,-0.015734196675475688
0.000690104009764683,28.52512,0.0,0.0,0.0,0.0,-0.4057813207994631,-0.05501760860132015,1342,-0.1104759458800857,0.0,307,0.0,0.65,0.0650620707606952,0.4784171447364154,4214,-154.35368216,237.19,0.0,-0.03468743750351613,-0.4588681643281902,5658624,0.01,0.0,0.0,0.0,-0.16817638246572325,-0.180971570647937,-0.5,-0.5335298435836733,0.0,0.0,-5.719387605762027e-08,-0.8192574610913276,-0.24197529625184558,-0.0030297089742611517,0.0,-0.002103399430375753,-0.10311095648810714,0.017802536,17383,-19.875767707824707,0.18604736328125,0.2,1.0018222332000732,0.7740114331245422,0.007629722356796265,0.00028119936,0.5628705248236656,-0.011364645382855088
0.0002387150986275325,28.53664,0.0,0.0,0.0,0.0,-0.39858509505578016,-0.055332752087175294,1346,-0.09821647201341203,0.0,308,0.0,0.65,0.07001453887507167,0.3743363349492287,4214,-153.44484828,231.95,0.0,-0.0331851390458664,-0.43172447993861196,5677056,0.01,0.0,0.0,0.0,-0.18779773647487755,-0.17204367856731728,-0.5,-0.5449148784793526,0.0,0.0,-5.470436360734321e-08,-0.8074974864260576,-0.22086926536141185,-0.003290259298271612,0.0,-0.0004546410006393368,-0.10350020562398218,0.015235782,17387,-19.87480773925781,0.1752685546875,0.2,1.0014050006866455,0.6620042324066162,0.04957130551338196,0.00028113792,0.7144657909870148,-0.014718592097051442
0.00030815962883126404,28.54816,0.0,0.0,0.0,0.0,-0.3606488475661793,-0.05857628174637097,1351,-0.10042966750083047,0.0,309,0.0,0.65,0.06305986586748506,0.2576110559103536,4215,-155.9764215,241.82,0.0,-0.03416551844259381,-0.4514719861054712,5695488,0.01,0.0,0.0,0.0,-0.18809817215511127,-0.17332102226284224,-0.5,-0.5633549936470215,0.0,0.0,-5.971787865481266e-08,-0.813537187078516,-0.23003796220169845,-0.0005476548224357835,0.0,-0.0006521230890131039,-0.1036453901221175,0.017401557,17391,-19.87341775894165,0.17969970703125,0.2,1.001395344734192,0.6997079849243164,0.07213655114173889,0.00028107648,0.6771680116653442,-0.012293732713442296
0.00022786446950501867,28.55968,0.0,0.0,0.0,0.0,-0.3691982235679364,-0.06584609999484366,1355,-0.09699627581117735,0.0,310,0.0,0.65,0.062408974012179916,0.4015392274043195,4215,-156.56708316999996,246.31,0.0,-0.03428695432159454,-0.4558682591003731,5713920,0.01,0.0,0.0,0.0,-0.18923967145099846,-0.17724877116904547,-0.5,-0.5611155359544905,0.0,0.0,-6.308401660014842e-08,-0.833324217267,-0.23560211367077688,-0.00170640656947375,0.0,-0.0007442175362181539,-0.10359682560974054,0.01879492,17395,-19.875481605529785,0.187451171875,0.2,1.0015151500701904,0.7202246189117432,0.01849980652332306,0.00028101503999999997,0.6487191528081894,-0.01663028614129871
0.00035590250950513617,28.5712,0.0,0.0,0.0,0.0,-0.3761430110743722,-0.06192086134062655,1359,-0.09611625472502335,0.0,311,0.0,0.65,0.06560354716827264,0.5298076603587454,4215,-157.97234943,255.11,0.0,-0.03462541678272399,-0.4620059722949121,5732352,0.01,0.0,0.0,0.0,-0.17547656743549267,-0.17084974556665636,-0.5,-0.5391998068562374,0.0,0.0,-5.822025544698394e-08,-0.7981382999896363,-0.24070305629141345,-0.0017150392997148348,0.0,-0.0011436586323220076,-0.10315596403154176,0.017281966,17399,-19.87394552230835,0.1967529296875,0.2,1.001514196395874,0.7224148511886597,0.0373225063085556,0.0002809536,0.6641741514205932,-0.013941203372087329
0.0002539061048688988,28.582720000000002,0.0,0.0,0.0,0.0,-0.40232183625823714,-0.061520515101456584,1364,-0.1040874913537579,0.0,312,0.0,0.65,0.06789238463388929,0.5462846651840236,4215,-155.50926671000002,244.91,0.0,-0.034370943950946115,-0.4794055685217226,5750784,0.01,0.0,0.0,0.0,-0.1866171891357302,-0.16505272259294465,-0.5,-0.5311628993197313,0.0,0.0,-5.3830590132171923e-08,-0.7997127232110611,-0.23563364865074762,-0.0005053421784920603,0.0,-0.000660261113403572,-0.10325064218923088,0.019127825,17403,-19.87480049133301,0.1871826171875,0.2,1.0015767812728882,0.7780957818031311,0.02212660014629364,0.00028089216,0.6282413393259049,-0.015986169897951187
0.0002435979517435448,28.59424,0.0,0.0,0.0,0.0,-0.3909355267532659,-0.06223594224125452,1368,-0.11390926839123565,0.0,313,0.0,0.65,0.06736227374746245,0.5170787575025415,4215,-154.28624324,238.68,0.0,-0.034279888643262445,-0.47503753869407217,5769216,0.01,0.0,0.0,0.0,-0.1834213036154456,-0.17214562690509916,-0.5,-0.5563725766218631,0.0,0.0,-6.323365461887409e-08,-0.8099221429630451,-0.2383419436685982,-0.004642156449811458,0.0,-0.0006011246134423547,-0.10330548124247856,0.018118072,17407,-19.874926948547362,0.187646484375,0.2,1.0014500617980957,0.7243729829788208,0.033676207065582275,0.00028083072,0.6927736967802047,-0.016658855363493784
0.0004877385702760269,28.60576,0.0,0.0,0.0,0.0,-0.3770445383579861,-0.05031010529313826,1372,-0.1121035424935607,0.0,314,0.0,0.65,0.07083694866363811,0.46606467062076656,4215,-153.77548517,237.13,0.0,-0.03423492556939586,-0.4618600069436814,5787648,0.01,0.0,0.0,0.0,-0.1708263392607585,-0.17580483614083614,-0.5,-0.5010519012980105,0.0,0.0,-6.069170158066618e-08,-0.7612824197380711,-0.2384683950818952,-0.020200514469189954,0.0,-0.001349414330131064,-0.10343835515181497,0.018516038,17411,-19.874689483642577,0.170361328125,0.2,1.0017733573913574,0.7560064792633057,0.018375828862190247,0.00028076927999999996,0.7016272813081741,-0.018137388752074914
0.000263671830503477,28.61728,0.0,0.0,0.0,0.0,-0.3669643195540934,-0.05614595915009181,1377,-0.10365896041050698,0.0,315,0.0,0.65,0.06500706365867555,0.44857691703607055,4215,-154.21670789,239.03,0.0,-0.033347696884576034,-0.4806251775158473,5806080,0.01,0.0,0.0,0.0,-0.1835441656530431,-0.16761653376725424,-0.5,-0.5356028251520286,0.0,0.0,-6.861487515633095e-08,-0.7865495387718839,-0.23499917812111124,-0.004399033178212219,0.0,-0.0007815169519744813,-0.10339097769252374,0.01899053,17415,-19.877957344055176,0.202099609375,0.2,1.0019606351852417,0.7825609445571899,0.035452306270599365,0.00028070784,0.6844599395990372,-0.014107842021621764
0.00021647130941144295,28.628800000000002,0.0,0.0,0.0,0.0,-0.38280296938821073,-0.055061346139738225,1381,-0.10316367527843184,0.0,316,0.0,0.65,0.0666647549831486,0.5378911435781903,4215,-153.50150891000004,235.77,0.0,-0.03375045837554803,-0.4776204627199731,5824512,0.01,0.0,0.0,0.0,-0.18404885910829813,-0.1657527894718398,-0.5,-0.5320284134213712,0.0,0.0,-5.713180318646427e-08,-0.8208664256208059,-0.246146408840312,-0.0015412776881631857,0.0,-0.0009054858884256748,-0.10345997637607489,0.020775149,17419,-19.873116779327393,0.20775146484375,0.2,1.001107931137085,0.8156015872955322,0.014687672257423401,0.0002806464,0.58985406011343,-0.016786818741820753
0.00040310311467490264,28.64032,0.0,0.0,0.0,0.0,-0.39940696176528423,-0.061579667221160275,1385,-0.10116338851628287,0.0,317,0.0,0.65,0.06766784028130438,0.5855410470229453,4215,-154.30291468000001,242.01,0.0,-0.03417188844172175,-0.4667636095710942,5842944,0.01,0.0,0.0,0.0,-0.17719994573967465,-0.16185127703757363,-0.5,-0.5376676062329734,0.0,0.0,-5.277493284691877e-08,-0.8014041227367693,-0.23892037030647806,-0.009038880827865864,0.0,-0.0005802369818815754,-0.10323547265333305,0.01728348,17423,-19.873813533782958,0.19676513671875,0.2,1.0013993978500366,0.8217620849609375,0.05068469047546387,0.00028058495999999997,0.6031090795993805,-0.015426304191350937
0.00021701377247356705,28.65184,0.0,0.0,0.0,0.0,-0.3696513737399488,-0.061219664947976975,1390,-0.10491243472457049,0.0,318,0.0,0.65,0.06552562730719791,0.5276021216983513,4215,-156.29333917000002,252.06,0.0,-0.03409771674898781,-0.47931456916635695,5861376,0.01,0.0,0.0,0.0,-0.19696655443363964,-0.16267560089227365,-0.5,-0.5641667889170469,0.0,0.0,-6.239672415178106e-08,-0.8016359525845161,-0.23756969498479608,-0.0023463443618448056,0.0,-0.0011855679525372882,-0.10303983355655465,0.014702307,17427,-19.872479820251463,0.1711181640625,0.2,1.0011038780212402,0.8047361969947815,0.003101915121078491,0.00028052352,0.6132948160171509,-0.014744603401049971
0.00014919698070217337,28.66336,0.0,0.0,0.0,0.0,-0.3728387632551505,-0.05906509877570438,1394,-0.0980041315161212,0.0,319,0.0,0.65,0.06757757502561137,0.529286718137911,4215,-154.90938693,245.94,0.0,-0.033877606289036355,-0.4589527297485497,5879808,0.01,0.0,0.0,0.0,-0.1783015855917097,-0.16530030226147888,-0.5,-0.520638736829241,0.0,0.0,-5.503238889962267e-08,-0.7997080023852737,-0.23872153563817727,-0.00246914768255474,0.0,-0.0007420473816131966,-0.10344837698881117,0.017858747,17431,-19.874141693115234,0.183984375,0.2,1.0017346143722534,0.766250729560852,0.0975688099861145,0.00028046208,0.7875809460878372,-0.011843753152061254
0.00020182277269971868,28.67488,0.0,0.0,0.0,0.0,-0.383145066801098,-0.057082837577906366,1398,-0.10000705511393757,0.0,320,0.0,0.65,0.06698125217348108,0.549971054499223,4216,-151.83947225000003,230.33,0.0,-0.033329508470540475,-0.473897534954159,5898240,0.01,0.0,0.0,0.0,-0.18347111944607403,-0.16781645098309791,-0.5,-0.5223805657917073,0.0,0.0,-5.5933882298806124e-08,-0.7896648988000038,-0.23299538638623402,-0.004576452854346025,0.0,-0.00020914540962419577,-0.10327007636430677,0.017780755,17435,-19.86993227005005,0.1839599609375,0.2,1.000699520111084,0.8243116140365601,0.05859576165676117,0.00028040064,0.6274789243936538,-0.015963012631982566
0.00011664485403647025,28.6864,0.0,0.0,0.0,0.0,-0.38190510639296094,-0.05808331032257114,1403,-0.09896721025921901,0.0,321,0.0,0.65,0.0710984475475317,0.541789045476557,4216,-152.21631047,233.47,0.0,-0.03349631943418033,-0.4724149013872596,5916672,0.01,0.0,0.0,0.0,-0.18794524739031412,-0.16658522682875973,-0.5,-0.5234927326485246,0.0,0.0,-5.356449529783081e-08,-0.7953802212758693,-0.2328250186170685,-0.0022059504856450952,0.0,-0.0023903998193822596,-0.1032458720515365,0.017025154,17439,-19.869198322296143,0.18731689453125,0.2,1.001611351966858,0.7813552021980286,0.07449173927307129,0.0002803392,0.7103654831647873,-0.012591691385023297
0.00026421424182545807,28.69792,0.0,0.0,0.0,0.0,-0.3715108013642669,-0.04895544568450281,1407,-0.10661947555090687,0.0,322,0.0,0.65,0.07350536396170008,0.4855828626310184,4216,-151.8288895,232.0,0.0,-0.03412985337354852,-0.4943336764233551,5935104,0.01,0.0,0.0,0.0,-0.18910160624973288,-0.15206707085963778,-0.5,-0.4795106933310734,0.0,0.0,-6.743577963627528e-08,-0.7567356884505022,-0.24436441588275143,-0.0039998978647208215,0.0,-0.001166851101313821,-0.10321300672511585,0.020188909,17443,-19.879115486145018,0.1938720703125,0.2,1.0019712448120117,0.8239274024963379,0.030569717288017273,0.00028027776,0.6319085955619812,-0.01557750128558837
0.0003851994309419145,28.70944,0.0,0.0,0.0,0.0,-0.378517626874729,-0.06014288879076789,1411,-0.10778441952589979,0.0,323,0.0,0.65,0.07008249777300636,0.6086050486253216,4216,-150.35056746,228.48,0.0,-0.03384097201223718,-0.4755177851869577,5953536,0.01,0.0,0.0,0.0,-0.19545008725393034,-0.14848686243899756,-0.5,-0.531944015867277,0.0,0.0,-5.3976212380677783e-08,-0.7581078597042468,-0.2328345121171658,-0.004576325466306176,0.0,-0.0002872692615104218,-0.10351975743863963,0.020261653,17447,-19.874598121643068,0.20347900390625,0.2,1.0016169548034668,0.8477662801742554,0.03934010863304138,0.00028021632,0.6140041440725327,-0.016421897709369658
0.0003781465153830747,28.720959999999998,0.0,0.0,0.0,0.0,-0.3653879170885162,-0.05886137500970486,1416,-0.114547448541755,0.0,324,0.0,0.65,0.06611581785573341,0.4717503756509779,4216,-155.17842781000002,248.95,0.0,-0.03403236135027308,-0.4746727861004416,5971968,0.01,0.0,0.0,0.0,-0.19847946548021425,-0.16497051311835723,-0.5,-0.5625003060551663,0.0,0.0,-6.038363869378663e-08,-0.7757471154936382,-0.2248048407659784,-0.018973930949128266,0.0,-0.00180351343684985,-0.1036436359647617,0.01724546,17451,-19.874826622009277,0.1839111328125,0.2,1.0016567707061768,0.7995550632476807,0.11010105907917023,0.00028015487999999997,0.7681388676166534,-0.013045641640201212
0.0002875430994511892,28.73248,0.0,0.0,0.0,0.0,-0.37601461108397216,-0.05694930976089049,1420,-0.10194850830282172,0.0,325,0.0,0.65,0.07170640075410448,0.5593300407981705,4216,-155.52482449000001,250.5,0.0,-0.033430123964795104,-0.4560401060266307,5990400,0.01,0.0,0.0,0.0,-0.19990484431542066,-0.16981386724728248,-0.5,-0.5475315570165659,0.0,0.0,-6.24588284893094e-08,-0.7644190049148616,-0.23160369361582372,-0.018117875780509645,0.0,-0.0014029893193057636,-0.1035362698027883,0.016577145,17455,-19.871659183502196,0.1567138671875,0.2,1.0010371208190918,0.8132641315460205,0.056435421109199524,0.00028009344,0.7153614372014999,-0.01617451007477939
0.0004920786692916105,28.744,0.0,0.0,0.0,0.0,-0.3949593661681976,-0.0529367685046582,1426,-0.10256886907591159,0.0,326,0.0,0.65,0.067623048418868,0.6320909701619939,4212,-153.63868001000003,243.85,0.0,-0.034017459810473175,-0.4624890093286846,6008832,0.01,0.0,0.0,0.0,-0.17609205175659276,-0.15303917446147886,-0.5,-0.5114575317666047,0.0,0.0,-5.153584338730667e-08,-0.7665321589569571,-0.24631271894895987,-0.015135363357674911,0.0,-0.0004125946240189175,-0.10337180946992312,0.020441258,17459,-19.8679612159729,0.19864501953125,0.2,1.0009336471557617,0.8561986088752747,0.03943273425102234,0.000280032,0.6400506526231766,-0.016863631503656506
0.00018012131072787775,28.75552,0.0,0.0,0.0,0.0,-0.38742242544282823,-0.0570365109438657,1430,-0.09825066538496117,0.0,327,0.0,0.65,0.07175457889975125,0.6412537840553649,4212,-152.21946264,238.36,0.0,-0.034101667512453804,-0.467443058119432,6027264,0.01,0.0,0.0,0.0,-0.18332396795787695,-0.15019424442600784,-0.5,-0.4856805648788611,0.0,0.0,-5.588723357507934e-08,-0.76050264562922,-0.24403098404473494,-0.013211519189765495,0.0,-0.0024244449919529464,-0.10332594742201312,0.017445046,17463,-19.869397258758546,0.18316650390625,0.2,1.0009859800338745,0.7502309083938599,0.12064498662948608,0.00027997056,0.9254483759403229,-0.010655646759551019
0.0004058156757512026,28.76704,0.0,0.0,0.0,0.0,-0.3758685750730898,-0.06520661581197823,1435,-0.10594394351052258,0.0,328,0.0,0.65,0.06665873286346632,0.6853312347573055,4212,-151.47596221,234.41,0.0,-0.03482747767366156,-0.486685763235456,6045696,0.01,0.0,0.0,0.0,-0.20552432154775013,-0.16382753870914457,-0.5,-0.5180715731860369,0.0,0.0,-6.098384205013471e-08,-0.7661788809069725,-0.24494546280578428,-0.015625608308509856,0.0,-0.0016385836659335634,-0.10314026136618928,0.018018298,17467,-19.872955226898192,0.17845458984375,0.2,1.0016984939575195,0.8736693859100342,0.043295592069625854,0.00027990911999999996,0.6265516996383667,-0.013905723742209376
0.0002821179093896515,28.77856,0.0,0.0,0.0,0.0,-0.39191058483676416,-0.062357244136701816,1439,-0.10622427102681947,0.0,329,0.0,0.65,0.06593023908042767,0.7196229256240259,4212,-156.00360796000004,252.77,0.0,-0.034670422236620195,-0.5249986800934221,6064128,0.01,0.0,0.0,0.0,-0.1859998921424905,-0.16448526720207832,-0.5,-0.5293017508033957,0.0,0.0,-6.14024856588735e-08,-0.7843835074119669,-0.24801553563765733,-0.017369789074932043,0.0,-0.0027989263132136935,-0.10306680670347482,0.017239485,17471,-19.880394077301027,0.1833984375,0.2,1.0022788047790527,0.8408106565475464,0.07654133439064026,0.00027984768,0.8075073271989822,-0.015650065522640942
0.0003152125120525145,28.79008,0.0,0.0,0.0,0.0,-0.38479720536226364,-0.06293544636427263,1443,-0.09976522291363986,0.0,330,0.0,0.65,0.06949759712964027,0.6152618532441649,4212,-151.56953603,235.26,0.0,-0.03504014223305056,-0.4856212418576772,6082560,0.01,0.0,0.0,0.0,-0.1997827267449143,-0.15933556724806278,-0.5,-0.5182061102114424,0.0,0.0,-6.295923137161839e-08,-0.7705045577669258,-0.24237462874719476,-0.011533161307610708,0.0,-0.0021393423376139253,-0.10326333312694554,0.017790163,17475,-19.87732353210449,0.18406982421875,0.2,1.0016696453094482,0.8559442758560181,0.07905413210391998,0.00027978624,0.7139669001102448,-0.01558408779092133
0.00013888883081057834,28.8016,0.0,0.0,0.0,0.0,-0.3973987148319862,-0.05419660390355966,1448,-0.10069676574882841,0.0,331,0.0,0.65,0.06203363408943966,0.6801452356409774,4213,-155.064055,251.22,0.0,-0.03408978314325677,-0.4729292908180467,6100992,0.01,0.0,0.0,0.0,-0.17993262023017523,-0.16759893924589664,-0.5,-0.5549477994629093,0.0,0.0,-5.871634968272317e-08,-0.8023964387399622,-0.23558475909238177,-0.0005394927074443259,0.0,-0.0018740428883271913,-0.10345309914558096,0.018917484,17479,-19.876519107818602,0.1942138671875,0.2,1.0019491910934448,0.8500035405158997,0.09619201719760895,0.00027972479999999997,0.7621335744857788,-0.01513039825949818
0.000348849558374948,28.81312,0.0,0.0,0.0,0.0,-0.38522601059891587,-0.05840015401189379,1452,-0.1011589983541434,0.0,332,0.0,0.65,0.066559374807247,0.6389576169678923,4213,-154.32597843,247.45,0.0,-0.033604084238171926,-0.46248912028429534,6119424,0.01,0.0,0.0,0.0,-0.19585435349945352,-0.16323920783609194,-0.5,-0.553099660604999,0.0,0.0,-6.19537254551738e-08,-0.7674384543396574,-0.22980703818011192,-0.008919480117132462,0.0,-0.0008432297795985101,-0.1032269108023885,0.01544646,17483,-19.87519760131836,0.16624755859375,0.2,1.0015243291854858,0.849285900592804,0.0944291353225708,0.00027966336,0.7144480764865875,-0.013247525913175195
0.0002501082781236619,28.82464,0.0,0.0,0.0,0.0,-0.3624468723159482,-0.05654792574535011,1456,-0.10794545239252029,0.0,333,0.0,0.65,0.07283721912459072,0.5453596923275644,4213,-154.93782124999998,247.53,0.0,-0.03389095379245604,-0.4636788254969081,6137856,0.01,0.0,0.0,0.0,-0.19126372254590362,-0.15574141110220371,-0.5,-0.5306967340149351,0.0,0.0,-5.388242370645091e-08,-0.7469347291062133,-0.24893321815153943,-0.023881107800695668,0.0,-0.0003400308293445657,-0.10372684610988799,0.016748179,17487,-19.870847511291505,0.16243896484375,0.2,1.0011610984802246,0.8646570444107056,0.09436343610286713,0.00027960192,0.7083952456712723,-0.015279434120748192
0.0003255207751256724,28.83616,0.0,0.0,0.0,0.0,-0.4134876578655768,-0.06754841527828283,1461,-0.09733690823799224,0.0,334,0.0,0.65,0.06522582848241276,0.5647548354773109,4213,-152.93182978,240.95,0.0,-0.03411515544727003,-0.47509958872287833,6156288,0.01,0.0,0.0,0.0,-0.1894014268651141,-0.16809482209269808,-0.5,-0.5701262573654313,0.0,0.0,-6.294906938040084e-08,-0.7811610958738212,-0.23218040317302727,-0.01606534596429433,0.0,-0.001835929018044327,-0.10319777880271087,0.017348427,17491,-19.871828269958495,0.1773193359375,0.2,1.0011754035949707,0.8870323300361633,0.006992712616920471,0.00027954048,0.6231087729334831,-0.015782529301941395
0.00048231300509845215,28.84768,0.0,0.0,0.0,0.0,-0.3638934915832925,-0.05340723932571951,1465,-0.12137288964958722,0.0,335,0.0,0.65,0.07351550550191085,0.5626123064127481,4213,-151.42807200000001,235.53,0.0,-0.033941153879022794,-0.5053816279376988,6174720,0.01,0.0,0.0,0.0,-0.19649989940611554,-0.16931153418445577,-0.5,-0.5149967006073698,0.0,0.0,-5.6406249142454576e-08,-0.7158543874978197,-0.23601874511049792,-0.05641949390450734,0.0,-0.004309614528513824,-0.10346439767081482,0.019306181,17495,-19.871617794036865,0.22171630859375,0.2,1.001255750656128,0.8760294318199158,0.09815266728401184,0.00027947904,0.7164327085018158,-0.011689846671652048
0.00036132778364440636,28.8592,0.0,0.0,0.0,0.0,-0.37112629904069955,-0.05474324218708993,1469,-0.11160394072309347,0.0,336,0.0,0.65,0.07170060512158213,0.7080676105465636,4213,-151.7045142,238.37,0.0,-0.03408896811972619,-0.5192389574824743,6193152,0.01,0.0,0.0,0.0,-0.18090502742971323,-0.1593649059701999,-0.5,-0.510152222856296,0.0,0.0,-6.467365274632045e-08,-0.751943274664951,-0.24911911255634658,-0.01728373439841919,0.0,-0.0013140132408201073,-0.10333590892425575,0.016228052,17499,-19.874976062774657,0.16900634765625,0.2,1.0014333724975586,0.8411461114883423,0.1738985925912857,0.0002794176,0.9453025758266449,-0.014496311394032091
0.00044325059732525714,28.87072,0.0,0.0,0.0,0.0,-0.37529212571002474,-0.05893004196287382,1474,-0.10508781744600645,0.0,337,0.0,0.65,0.07659744274917255,0.6264470805013646,4213,-151.08624884,235.84,0.0,-0.03322487323315941,-0.48660102147728945,6211584,0.01,0.0,0.0,0.0,-0.21156655675194264,-0.14830715055941612,-0.5,-0.5353693200619638,0.0,0.0,-5.0809090609008627e-08,-0.7463266573012401,-0.23714160611544205,-0.008702310380558884,0.0,-0.000921897855328603,-0.10354219964784109,0.017275145,17503,-19.871507549285887,0.15450439453125,0.2,1.0010364055633545,0.8553692102432251,0.1095622330904007,0.00027935616,0.850509199500084,-0.015107725386042149
0.0004318572626086987,28.88224,0.0,0.0,0.0,0.0,-0.3724299970269224,-0.056239254293269564,1478,-0.1081167328348859,0.0,338,0.0,0.65,0.07318850356414136,0.6522953246657618,4213,-150.28310558000004,232.11,0.0,-0.03430100204293711,-0.5173106452951917,6230016,0.01,0.0,0.0,0.0,-0.1860421636052491,-0.15930236795310437,-0.5,-0.505332732270174,0.0,0.0,-6.93127143539309e-08,-0.764006108409678,-0.24001611789011937,-0.013660396722805798,0.0,-0.0019232780792258887,-0.10346041798200124,0.01686124,17507,-19.875069427490235,0.188037109375,0.2,1.0017540454864502,0.8581138849258423,0.15149739384651184,0.00027929471999999997,0.8553751349449158,-0.011971187451854349
0.00023545993867123293,28.89376,0.0,0.0,0.0,0.0,-0.41158881383983803,-0.06231665080317837,1482,-0.10646768922317451,0.0,339,0.0,0.65,0.06956166919440131,0.8154996830691538,4214,-150.97918787,237.47,0.0,-0.03409725339325051,-0.5328340479533615,6248448,0.01,0.0,0.0,0.0,-0.17462520928262756,-0.14918559067745207,-0.5,-0.5175839264560337,0.0,0.0,-6.200220983182773e-08,-0.7642572921556505,-0.24348986563011174,-0.013123871977887738,0.0,-0.001949182588658813,-0.1034428976905236,0.018017486,17511,-19.875032138824462,0.17548828125,0.2,1.0015029907226562,0.8746861219406128,0.09622710943222046,0.00027923328,0.791774469614029,-0.01507636085152626
0.00045301612893429893,28.90528,0.0,0.0,0.0,0.0,-0.34248334992002494,-0.05208824270352422,1487,-0.11662790554718169,0.0,340,0.0,0.65,0.07139045364869288,0.4717750576562256,4214,-152.81049714,239.97,0.0,-0.03392265294693297,-0.5267742773679456,6266880,0.01,0.0,0.0,0.0,-0.18480556756246314,-0.17532896641931006,-0.5,-0.5121308707896837,0.0,0.0,-6.557285932148031e-08,-0.7223968417242541,-0.2511700804819986,-0.03896280564337609,0.0,-0.0005166252117810978,-0.10376006274566464,0.016648652,17515,-19.873180961608888,0.17528076171875,0.2,1.001251220703125,0.8503780364990234,0.16471834480762482,0.00027917184,0.8721520394086838,-0.014023983804509043
0.00034125401159851917,28.9168,0.0,0.0,0.0,0.0,-0.38043692912034904,-0.06293666158007971,1491,-0.10102209942404493,0.0,341,0.0,0.65,0.06927432344251591,0.6327236225629099,4214,-156.08356339,255.07,0.0,-0.03410237240672474,-0.506909149555383,6285312,0.01,0.0,0.0,0.0,-0.1842812249662743,-0.15565689802370128,-0.5,-0.5272880843862002,0.0,0.0,-6.72947255890037e-08,-0.7479469222829436,-0.24077304958233192,-0.007420738335203563,0.0,-0.001218119327354038,-0.10344730523584973,0.016612327,17519,-19.87266778945923,0.17071533203125,0.2,1.001248836517334,0.8542501926422119,0.1276751160621643,0.0002791104,0.8494097948074341,-0.014515879715327173
0.00022569430681566396,28.92832,0.0,0.0,0.0,0.0,-0.3910865069136389,-0.06570933688205355,1495,-0.1084688220288836,0.0,342,0.0,0.65,0.0698804128319327,0.6048573075872272,4214,-153.82047809,245.45,0.0,-0.03399004014147429,-0.5133814500629204,6303744,0.01,0.0,0.0,0.0,-0.19885696748452603,-0.15309487611149078,-0.5,-0.5439659495883373,0.0,0.0,-5.548289733989192e-08,-0.7568069531279381,-0.23476515143628213,-0.010100122045159617,0.0,-0.0016596062729756038,-0.10347823482548152,0.019463284,17523,-19.878601932525633,0.1800048828125,0.2,1.0023030042648315,0.8852120041847229,0.06268124282360077,0.00027904895999999996,0.7120441138744354,-0.015514393942430616
0.00018554673362005915,28.93984,0.0,0.0,0.0,0.0,-0.3932661964312064,-0.06656538029304798,1500,-0.09999469119210107,0.0,343,0.0,0.65,0.0672395221373277,0.728592815973041,4214,-154.06222062999998,248.85,0.0,-0.03418116907774023,-0.5096283063307901,6322176,0.01,0.0,0.0,0.0,-0.1769788721675897,-0.17346781493833857,-0.5,-0.5400354442087232,0.0,0.0,-6.032770794334008e-08,-0.7919368150286851,-0.2343824556997103,-0.004949851491351654,0.0,-0.0009090109831757016,-0.10339566615055736,0.017377406,17527,-19.88202886581421,0.2065673828125,0.2,1.0023579597473145,0.8711931705474854,0.11680179834365845,0.00027898752,0.840198028087616,-0.012627875269390642
0.000135633602945341,28.95136,0.0,0.0,0.0,0.0,-0.4152689094346383,-0.0657712250489979,1504,-0.09755956039115475,0.0,344,0.0,0.65,0.06459951464063915,0.7286871912012729,4214,-154.0637301,252.42,0.0,-0.034233553840274586,-0.49939760542677913,6340608,0.01,0.0,0.0,0.0,-0.17514301928292159,-0.1607837527517152,-0.5,-0.5276225121334135,0.0,0.0,-5.611063785364756e-08,-0.7904445510230752,-0.2346480282824447,-0.00031776597120349823,0.0,-0.0036869157791241175,-0.10332537130714924,0.01720262,17531,-19.8792293548584,0.18875732421875,0.2,1.002165675163269,0.872692883014679,0.18453066051006317,0.00027892608,0.8797839522361756,-0.013963008532300591
0.0002246092319385045,28.96288,0.0,0.0,0.0,0.0,-0.40761756430988894,-0.06777484231320381,1508,-0.09694504513792154,0.0,345,0.0,0.65,0.06458431392488906,0.8068296419214644,4214,-149.96684667,234.4,0.0,-0.03431399967762891,-0.5238152032997886,6359040,0.01,0.0,0.0,0.0,-0.1809039234333474,-0.1584752055355833,-0.5,-0.5437401465637584,0.0,0.0,-5.012058715621602e-08,-0.7981443967889832,-0.24013317830897737,-0.006844160131085349,0.0,-0.001730268617393449,-0.10322922961701197,0.015134269,17535,-19.87795219421387,0.1568115234375,0.2,1.0020078420639038,0.8761150240898132,0.11674550175666809,0.00027886463999999997,0.7970187395811081,-0.01529801896540448
0.0003428816465505709,28.9744,0.0,0.0,0.0,0.0,-0.3876465979503089,-0.06325218274991627,1513,-0.1048567569657164,0.0,346,0.0,0.65,0.07210337199525492,0.6034904724379934,4214,-151.25985246,236.72,0.0,-0.033208152293543104,-0.5055120224714673,6377472,0.01,0.0,0.0,0.0,-0.1923603679749354,-0.16419138947213285,-0.5,-0.5420899663955292,0.0,0.0,-5.3172662886102356e-08,-0.758454569333934,-0.23485081748569092,-0.011438624493464907,0.0,-0.0008056594524532557,-0.10370420489950556,0.015119587,17539,-19.8769868850708,0.1730712890625,0.2,1.0017447471618652,0.876460075378418,0.16993476450443268,0.0002788032,0.8672348916530609,-0.013002919871360064
0.0001801213624680208,28.98592,0.0,0.0,0.0,0.0,-0.421515680041562,-0.06436605798572301,1517,-0.0946559366733,0.0,347,0.0,0.65,0.07056870457208203,0.8510341172061648,4214,-151.53429267,240.91,0.0,-0.033752554923240724,-0.5051668977118102,6395904,0.01,0.0,0.0,0.0,-0.18205862857643762,-0.15771427441912347,-0.5,-0.5315422502774275,0.0,0.0,-5.2020631318973515e-08,-0.7941344977181974,-0.2331044488458723,-0.007203082894116447,0.0,-0.001162645287371965,-0.10336402383749056,0.018395185,17543,-19.87652702331543,0.16619873046875,0.2,1.0018789768218994,0.8873833417892456,0.13033205270767212,0.00027874176,0.8595177233219147,-0.015181931585539132
9.440090636619263e-05,28.99744,0.0,0.0,0.0,0.0,-0.4107224542424992,-0.07117801737628524,1521,-0.0981953886218002,0.0,348,0.0,0.65,0.06725461430808963,0.8301344294921336,4214,-150.65717668000002,239.89,0.0,-0.03441278829711746,-0.5406964945293039,6414336,0.01,0.0,0.0,0.0,-0.18674003660952815,-0.16737277303970552,-0.5,-0.5549839169589881,0.0,0.0,-5.764179994935646e-08,-0.7818820974146881,-0.2418027539254296,-0.019745589551595118,0.0,-0.004217918763364044,-0.10332831460172492,0.016141389,17547,-19.878066062927246,0.183837890625,0.2,1.0019391775131226,0.9023009538650513,0.11234146356582642,0.00027868032,0.7600397586822509,-0.013914328132523223
0.00022352406004857685,29.008960000000002,0.0,0.0,0.0,0.0,-0.4147371930745594,-0.0674171189709736,1526,-0.09585528794541932,0.0,349,0.0,0.65,0.06902778197374439,0.8001071262507974,4214,-150.31399950000002,238.99,0.0,-0.0337176802798797,-0.5214817035044602,6432768,0.01,0.0,0.0,0.0,-0.17161673857756277,-0.17402961922604543,-0.5,-0.5457126315137203,0.0,0.0,-5.22603181609741e-08,-0.7850472312704965,-0.2391639238037856,-0.012294227626862319,0.0,-0.003084975926968683,-0.1033268924260149,0.020909492,17551,-19.879214096069337,0.19281005859375,0.2,1.0021390914916992,0.8977177739143372,0.11855526268482208,0.00027861887999999996,0.8222749680280685,-0.014476666774135083
9.223083098832931e-05,29.02048,0.0,0.0,0.0,0.0,-0.4081283957054651,-0.06650909566150341,1530,-0.09172032207180414,0.0,350,0.0,0.65,0.07132014696665251,0.8124054359568756,4214,-152.48924586,247.99,0.0,-0.03347500665966003,-0.5241587856359129,6451200,0.01,0.0,0.0,0.0,-0.1837925138931934,-0.16137607703777804,-0.5,-0.5439812541889357,0.0,0.0,-5.584693363117065e-08,-0.7919902324347294,-0.23163460965977756,-0.00037231146162477444,0.0,-0.002058773341963792,-0.10338253539693297,0.017645191,17555,-19.880521297454834,0.18878173828125,0.2,1.0023505687713623,0.9025790691375732,0.15549179911613464,0.00027855744,0.8962524175643921,-0.014715183665975929
6.347646639268432e-05,29.032,0.0,0.0,0.0,0.0,-0.4225958325663419,-0.06683344312192768,1534,-0.09134482016000606,0.0,351,0.0,0.65,0.06548394597036564,0.8069240235563448,4214,-150.94318451000004,243.3,0.0,-0.03386579863287032,-0.5399563695809115,6469632,0.01,0.0,0.0,0.0,-0.16707776112911732,-0.16235711879174383,-0.5,-0.5088849287358254,0.0,0.0,-5.326614903180413e-08,-0.7852863321822213,-0.24272033408631805,-0.0055110027100935014,0.0,-0.0025527502730255947,-0.10319453867967328,0.017987365,17559,-19.875124740600587,0.19405517578125,0.2,1.0014019012451172,0.9157548546791077,0.0817480981349945,0.000278496,0.7360345005989075,-0.014267754729371519
0.00010470906919282343,29.04352,0.0,0.0,0.0,0.0,-0.4067189307142837,-0.06991655457709191,1539,-0.09494574792227811,0.0,352,0.0,0.65,0.0668328913480242,0.7234946952981172,4215,-152.58530797,245.73,0.0,-0.033845707249364955,-0.5396147915159099,6488064,0.01,0.0,0.0,0.0,-0.1880884711649811,-0.15971967645175691,-0.5,-0.5487303777507064,0.0,0.0,-5.7055508781339256e-08,-0.7824298136318857,-0.23703146880073314,-0.003048692456326401,0.0,-0.0031050481177064488,-0.10350537958117655,0.019069029,17563,-19.872035694122314,0.18905029296875,0.2,1.0011584758758545,0.9231249094009399,0.0995468944311142,0.00027843455999999997,0.7141565889120102,-0.013340886845253409
0.00019042952206089266,29.055039999999998,0.0,0.0,0.0,0.0,-0.40742375547615167,-0.06939456576200942,1544,-0.09875145634019829,0.0,353,0.0,0.65,0.06906092172338509,0.8201776518114926,4211,-150.8681297,247.2,0.0,-0.03359909822397289,-0.5905568859657904,6506496,0.01,0.0,0.0,0.0,-0.17755923107432534,-0.16302599613937047,-0.5,-0.5242157169085536,0.0,0.0,-6.27230174078846e-08,-0.7863100145373108,-0.23406758493978178,-0.011509448749948272,0.0,-0.003355427687185713,-0.10346270134677969,0.018805955,17567,-19.87236957550049,0.18880615234375,0.2,1.0014623403549194,0.8980773091316223,0.17699362337589264,0.00027837312,0.9195804178714753,-0.013594678253866732
8.843304304819967e-05,29.06656,0.0,0.0,0.0,0.0,-0.3866855760800125,-0.06764238764791661,1549,-0.11001505269127995,0.0,354,0.0,0.65,0.06572182542613804,0.6302584979581591,4211,-152.04075121000002,245.91,0.0,-0.03344562614334193,-0.5567524462230372,6524928,0.01,0.0,0.0,0.0,-0.17578563055175708,-0.17247073022864545,-0.5,-0.5432053870364092,0.0,0.0,-5.296952316335367e-08,-0.7715573105418162,-0.2402997053414884,-0.025439527313709555,0.0,-0.0029399829476864803,-0.10356796400403938,0.01773778,17571,-19.872223377227783,0.18641357421875,0.2,1.0010809898376465,0.9055063128471375,0.17850913107395172,0.00027831168,0.9037080138921738,-0.011040515603963286
0.00014865436241962016,29.07808,0.0,0.0,0.0,0.0,-0.40018492552478646,-0.06206065087105354,1553,-0.09955231264437432,0.0,355,0.0,0.65,0.06736404858652861,0.7672781095214156,4212,-150.35201025,240.32,0.0,-0.03351479453946374,-0.5392561655670564,6543360,0.01,0.0,0.0,0.0,-0.17150210712256758,-0.15246707621500596,-0.5,-0.509280098646294,0.0,0.0,-5.649581704312976e-08,-0.7642732849556231,-0.24348398776406555,-0.010233311924339659,0.0,-0.0019830901696372572,-0.10345445418845114,0.017361779,17575,-19.869079971313475,0.1814208984375,0.2,1.0010039806365967,0.9110304117202759,0.17967374622821808,0.00027825024,0.8687316656112671,-0.014630442741326988
0.0001681856067282044,29.0896,0.0,0.0,0.0,0.0,-0.3949510754382972,-0.06290930872618011,1557,-0.10032885129001129,0.0,356,0.0,0.65,0.07046439839877056,0.8163460665180962,4212,-149.59152174999997,237.12,0.0,-0.033480975513187364,-0.5572546537411317,6561792,0.01,0.0,0.0,0.0,-0.18643010581725084,-0.15697372452870093,-0.5,-0.5251712822602266,0.0,0.0,-6.179998517826062e-08,-0.7531277470433699,-0.23315866394884754,-0.004076839949434095,0.0,-0.0013442581354562815,-0.10346804985192394,0.017332012,17579,-19.871822166442872,0.174462890625,0.2,1.0014910697937012,0.8965286016464233,0.17334267497062683,0.00027818879999999996,0.9610409587621689,-0.01487058934289962
0.00012586794521970054,29.10112,0.0,0.0,0.0,0.0,-0.40151048170787107,-0.06498335293359161,1562,-0.09889697516526456,0.0,357,0.0,0.65,0.06884400493206665,0.8063830086085877,4212,-150.26642845,242.39,0.0,-0.03312849752769753,-0.5664177852709459,6580224,0.01,0.0,0.0,0.0,-0.16939618646687793,-0.15527696731882357,-0.5,-0.5195208420698934,0.0,0.0,-6.562101617937403e-08,-0.7664989694369033,-0.23796632395478406,-0.009887902601061087,0.0,-0.0023777829677176974,-0.10359938465887202,0.015490813,17583,-19.87252540588379,0.173095703125,0.2,1.0014383792877197,0.919266402721405,0.14347977936267853,0.00027812736,0.8338075548410415,-0.012226562527939678
0.00022840692933338383,29.11264,0.0,0.0,0.0,0.0,-0.39030931686830683,-0.06854754105297904,1566,-0.10522695232050067,0.0,358,0.0,0.65,0.06826390848795522,0.7611646113558219,4212,-153.51884837,256.67,0.0,-0.03371326627213244,-0.5694719696778853,6598656,0.01,0.0,0.0,0.0,-0.17168238850366846,-0.17878303885636623,-0.5,-0.5328305523895804,0.0,0.0,-6.168036412222543e-08,-0.7604251638376236,-0.23823867504614085,-0.019540709213447364,0.0,-0.0032792015942201638,-0.10353450223525648,0.015353993,17587,-19.872277641296385,0.1744140625,0.2,1.0014162063598633,0.9049983620643616,0.11721611022949219,0.00027806592,0.8859507411718368,-0.011864442413207143
0.00012098519881773327,29.12416,0.0,0.0,0.0,0.0,-0.42070016471602373,-0.06916373652546215,1570,-0.10324196781817886,0.0,359,0.0,0.65,0.06457797738420198,0.8087692873068684,4212,-151.83080553999997,247.79,0.0,-0.033311310685956566,-0.5660888230220418,6617088,0.01,0.0,0.0,0.0,-0.16559161868181504,-0.17102022933216465,-0.5,-0.5372401441443542,0.0,0.0,-5.2943015156915866e-08,-0.7725367688223906,-0.233493084046178,-0.0047354055256498455,0.0,-0.007340607896266092,-0.10358297497536423,0.016271453,17591,-19.874158954620363,0.16953125,0.2,1.001464605331421,0.9010128378868103,0.2106877863407135,0.00027800447999999997,1.0165708541870118,-0.013947808701777831
0.0001736108873349925,29.13568,0.0,0.0,0.0,0.0,-0.3852571157553315,-0.07544149018802865,1575,-0.10154032678962459,0.0,360,0.0,0.65,0.066648160194332,0.7406597598908446,4212,-151.66242675,249.15,0.0,-0.033593113318066886,-0.5796242532246381,6635520,0.01,0.0,0.0,0.0,-0.1745486931352681,-0.15282675253267522,-0.5,-0.5193766754983303,0.0,0.0,-5.446929736555457e-08,-0.7606344754746999,-0.24414031555748913,-0.004611294832533713,0.0,-0.004821080465464749,-0.1038208798469736,0.014899877,17595,-19.874783420562743,0.159423828125,0.2,1.0015208721160889,0.9024534225463867,0.21702627837657928,0.00027794304,1.0185077667236329,-0.0142840186948888
0.00022189646390163235,29.147199999999998,0.0,0.0,0.0,0.0,-0.3903054683834142,-0.07208806558664976,1579,-0.10472272721114192,0.0,361,0.0,0.65,0.07079671933186248,0.766633697413917,4212,-150.80104512999998,245.06,0.0,-0.03331215348980108,-0.5803530581477895,6653952,0.01,0.0,0.0,0.0,-0.17742553498885472,-0.18071585762409995,-0.5,-0.5228362616574098,0.0,0.0,-6.528718234816714e-08,-0.7504198596574096,-0.23701314991101693,-0.010593811602201611,0.0,-0.0027785790799599555,-0.10405004848739416,0.017596876,17599,-19.871289253234863,0.1851318359375,0.2,1.0009468793869019,0.919133186340332,0.15521788597106934,0.0002778816,0.9444268673658371,-0.014230746182147414
0.00014702684388289021,29.15872,0.0,0.0,0.0,0.0,-0.373605788473826,-0.07120414994489921,1584,-0.10413242838097947,0.0,362,0.0,0.65,0.06545764933790585,0.6037205882761604,4212,-151.55841123,247.16,0.0,-0.03349766709994437,-0.5688155309177495,6672384,0.01,0.0,0.0,0.0,-0.17521188446728952,-0.18408455031212667,-0.5,-0.5448110016724073,0.0,0.0,-6.355328561480575e-08,-0.7405329003563773,-0.22993497369522695,-0.01898445148409658,0.0,-0.010401588520229174,-0.10378411422953704,0.016954418,17603,-19.868346881866454,0.1828369140625,0.2,1.000590443611145,0.9148077368736267,0.21386373043060303,0.00027782016,1.004002320766449,-0.013694439153186976
0.0001996526358804355,29.17024,0.0,0.0,0.0,0.0,-0.39538229690529203,-0.06838325367144694,1588,-0.10389350822012276,0.0,363,0.0,0.65,0.06461429334404643,0.7592727855321209,4212,-151.74649933999999,247.99,0.0,-0.03281868537373363,-0.5910729262088679,6690816,0.01,0.0,0.0,0.0,-0.16126686950799937,-0.1643553730585146,-0.5,-0.5126726475365135,0.0,0.0,-6.10879899068506e-08,-0.7548076503910264,-0.24296556707318645,-0.012010496805086575,0.0,-0.0052172674170126105,-0.10349726245834164,0.016314337,17607,-19.86816692352295,0.1703369140625,0.2,1.000749945640564,0.9085872769355774,0.23193274438381195,0.00027775871999999996,1.1278689831495285,-0.014377307472750544
0.00015462225160768462,29.18176,0.0,0.0,0.0,0.0,-0.37453992396135194,-0.07377197952234549,1592,-0.10424073932358813,0.0,364,0.0,0.65,0.06635419724334707,0.7244997537780973,4212,-151.13183455,250.11,0.0,-0.03246764507731693,-0.6062611893798429,6709248,0.01,0.0,0.0,0.0,-0.1690580746809973,-0.16917802231451767,-0.5,-0.5185234047708729,0.0,0.0,-5.5651497359916134e-08,-0.7402669537814565,-0.24536871647996086,-0.006555688437490582,0.0,-0.004758552067667349,-0.10403915545868284,0.015803505,17611,-19.871638107299805,0.1691162109375,0.2,1.0012058019638062,0.9157814979553223,0.24969151616096497,0.00027769728,1.0226766437292099,-0.013361203041858971
0.00025770377962746553,29.19328,0.0,0.0,0.0,0.0,-0.39702310710145716,-0.07217233852014625,1597,-0.09577380898005344,0.0,365,0.0,0.65,0.06823032179243893,0.5764619336705894,4212,-151.36284727,250.61,0.0,-0.03233355741431226,-0.5726251281686597,6727680,0.01,0.0,0.0,0.0,-0.1708299676991236,-0.16875014972026528,-0.5,-0.524633110686924,0.0,0.0,-6.005389525656025e-08,-0.7424857613466664,-0.23558132044906197,-0.007949372316574822,0.0,-0.0029285895111065153,-0.10391989340213496,0.01730892,17615,-19.87262544631958,0.16007080078125,0.2,1.001327395439148,0.9232177734375,0.26800480484962463,0.00027763584,1.1237952142953873,-0.012847568932920694
0.00035264732691252395,29.2048,0.0,0.0,0.0,0.0,-0.40589778492958634,-0.07179345739697635,1601,-0.09573396128864195,0.0,366,0.0,0.65,0.06848147403332554,0.7286090072692828,4212,-150.04420003,244.22,0.0,-0.03296005087956234,-0.5646811997557214,6746112,0.01,0.0,0.0,0.0,-0.16779281605088037,-0.16827467474094204,-0.5,-0.5289724301374433,0.0,0.0,-5.185295633964177e-08,-0.7771439845508766,-0.24029981709117873,-0.0017111981947529075,0.0,-0.006017639597606224,-0.10373325660486205,0.015538986,17619,-19.871141624450683,0.1573974609375,0.2,1.0010242462158203,0.9312491416931152,0.20924121141433716,0.00027757439999999997,0.9873983532190322,-0.014152819948503748
0.00020887570766111216,29.21632,0.0,0.0,0.0,0.0,-0.3977402926360889,-0.08215386090339191,1605,-0.09621519323943825,0.0,367,0.0,0.65,0.0695315730705497,0.6539044467003605,4212,-149.86171139,242.95,0.0,-0.03246316395922621,-0.603919882205386,6764544,0.01,0.0,0.0,0.0,-0.18596299293282292,-0.1736573163019016,-0.5,-0.5377863176639729,0.0,0.0,-4.933000080881454e-08,-0.7317714441741557,-0.23872319541144238,-0.018754689236656127,0.0,-0.005779328777053807,-0.10382511857540774,0.015730534,17623,-19.870823764801024,0.1548828125,0.2,1.0011601448059082,0.9205535650253296,0.26043447852134705,0.00027751296,1.172585317492485,-0.012670007935957983
8.734802637870114e-05,29.22784,0.0,0.0,0.0,0.0,-0.37810834560391027,-0.08266200014967115,1610,-0.09508155341419083,0.0,368,0.0,0.65,0.06754777659354047,0.6593667919442102,4212,-148.85605405,242.18,0.0,-0.03210958063396626,-0.5832134523594172,6782976,0.01,0.0,0.0,0.0,-0.1750734952932743,-0.17741941963002578,-0.5,-0.5388531841528528,0.0,0.0,-4.711697789707831e-08,-0.755198515033941,-0.2403939464593684,-0.020429412888983325,0.0,-0.010750567747486962,-0.10409434218828297,0.017314548,17627,-19.871553421020508,0.164013671875,0.2,1.001104712486267,0.9132679104804993,0.35975056886672974,0.00027745152,1.2756946086883545,-0.01368765344377607
8.951810175656444e-05,29.239359999999998,0.0,0.0,0.0,0.0,-0.4002147477712896,-0.0834043434265521,1614,-0.08865930128441217,0.0,369,0.0,0.65,0.0643148375320127,0.6887509238705464,4212,-151.88983199000003,254.36,0.0,-0.031781720952618865,-0.572232026775596,6801408,0.01,0.0,0.0,0.0,-0.17272147074261943,-0.17213118147939283,-0.5,-0.5565950514186855,0.0,0.0,-5.821971105461522e-08,-0.7490688019551616,-0.24143830268338298,-0.0007967255283056233,0.0,-0.007990833992759386,-0.10389722740664947,0.016582241,17631,-19.87466526031494,0.16737060546875,0.2,1.001977801322937,0.9218530654907227,0.3406129479408264,0.00027739008,1.1852944612503051,-0.012781503982841969
0.00016547294863913622,29.25088,0.0,0.0,0.0,0.0,-0.4009983134976003,-0.07674190544902196,1618,-0.09649304405982788,0.0,370,0.0,0.65,0.06949028256893779,0.7065274798422414,4213,-150.80975976000002,247.59,0.0,-0.03170198290923312,-0.5780550466792854,6819840,0.01,0.0,0.0,0.0,-0.18778205232514622,-0.168031848205668,-0.5,-0.549428401909076,0.0,0.0,-5.501680200149064e-08,-0.7540370804341561,-0.24053893557784212,-0.005302622900133264,0.0,-0.004615459269391269,-0.10399768839933844,0.014549628,17635,-19.88001117706299,0.13741455078125,0.2,1.0023504495620728,0.935030996799469,0.1327601671218872,0.00027732863999999996,0.8472603738307953,-0.01104942982783541
0.0002826603950880882,29.2624,0.0,0.0,0.0,0.0,-0.4106063243152842,-0.07890464908966573,1623,-0.0906533106413472,0.0,371,0.0,0.65,0.06854307777703743,0.8132320999651597,4213,-150.36077279,248.48,0.0,-0.03221480126023089,-0.5904720322853229,6838272,0.01,0.0,0.0,0.0,-0.1715111625978504,-0.1627029993879569,-0.5,-0.5337517775487466,0.0,0.0,-5.331151454220069e-08,-0.7526999860262982,-0.2460972459137682,-0.005991480382921201,0.0,-0.006701635277648974,-0.10395350233844225,0.01891038,17639,-19.880827140808105,0.22005615234375,0.2,1.0021512508392334,0.9291809797286987,0.2891428470611572,0.0002772672,1.1412624031305314,-0.00886002816259861
0.00017523862576733032,29.27392,0.0,0.0,0.0,0.0,-0.38714996126893353,-0.07711955032352852,1627,-0.09635878509374438,0.0,372,0.0,0.65,0.06982927113622293,0.7037679034890366,4213,-149.48470824,244.81,0.0,-0.03192032873676646,-0.5537289855794245,6856704,0.01,0.0,0.0,0.0,-0.1752951148838136,-0.1729268744370761,-0.5,-0.5383923640314734,0.0,0.0,-4.803823832609015e-08,-0.731830978025339,-0.23022579013825512,-0.012135518734195348,0.0,-0.007124407700353509,-0.10418057728390169,0.016153535,17643,-19.875610446929933,0.1748779296875,0.2,1.0015116930007935,0.9394689798355103,0.18491230905056,0.00027720576,0.9667478173971176,-0.014104982139542699
0.0002587888803746965,29.28544,0.0,0.0,0.0,0.0,-0.418067445897568,-0.08196341753088868,1631,-0.08976170910279642,0.0,373,0.0,0.65,0.06841705998809441,0.8110441715676203,4213,-149.02676904,244.81,0.0,-0.031783554062023635,-0.5832773627602905,6875136,0.01,0.0,0.0,0.0,-0.16984763069080025,-0.16734377551680846,-0.5,-0.5367167448691481,0.0,0.0,-4.978597561919688e-08,-0.7517838746778311,-0.23528874405234065,-0.0014099289364454355,0.0,-0.006756430868537993,-0.10392993020987472,0.01588172,17647,-19.870035457611085,0.18238525390625,0.2,1.001062273979187,0.921288251876831,0.2744583189487457,0.00027714431999999997,1.1105589479207993,-0.013278115761931986
0.00010579417964133124,29.29696,0.0,0.0,0.0,0.0,-0.400842886735218,-0.08856780876411204,1636,-0.09842453938272869,0.0,374,0.0,0.65,0.06367656661667595,0.8584958155773299,4213,-148.17462266,245.81,0.0,-0.03162712186851042,-0.6099254519685452,6893568,0.01,0.0,0.0,0.0,-0.17748022636753236,-0.16949153188237012,-0.5,-0.5333173695711702,0.0,0.0,-4.79286539638011e-08,-0.7378366836448245,-0.24314353033847938,-0.011251945932651495,0.0,-0.005825170409581106,-0.10404212339996034,0.016585601,17651,-19.868869400024415,0.16741943359375,0.2,1.0010091066360474,0.9211975336074829,0.24501971900463104,0.00027708288,1.133300670981407,-0.013080982328392565
0.0002690970011624611,29.30848,0.0,0.0,0.0,0.0,-0.39616218969720723,-0.08239175186313169,1640,-0.09697333992659882,0.0,375,0.0,0.65,0.07365872293645859,0.7713181115212223,4213,-148.99936654,246.08,0.0,-0.03174302773439522,-0.587555049844623,6912000,0.01,0.0,0.0,0.0,-0.18903602874768521,-0.1579796823294277,-0.5,-0.56106741412213,0.0,0.0,-4.732124044839839e-08,-0.7249315220925433,-0.24534059074508066,-0.009389506839963977,0.0,-0.007128473369650439,-0.10423714596715042,0.013138637,17655,-19.868546962738037,0.14666748046875,0.2,1.0009889602661133,0.9164190292358398,0.2502838373184204,0.00027702144,1.1688802421092988,-0.011657962389290333
0.00012858052569855418,29.32,0.0,0.0,0.0,0.0,-0.3860580944385269,-0.08486804810450908,1644,-0.10176846781982443,0.0,376,0.0,0.65,0.07050775823538175,0.8810869375716595,4213,-148.14253962000004,246.55,0.0,-0.03196427318924179,-0.6148594647516131,6930432,0.01,0.0,0.0,0.0,-0.1760148380635347,-0.17480084610248392,-0.5,-0.5015571479359762,0.0,0.0,-6.357151190285364e-08,-0.7337868053833961,-0.2387080735657154,-0.005288969976207276,0.0,-0.007404350112968435,-0.10421858029549108,0.012254712,17659,-19.866786003112793,0.1226318359375,0.2,1.0006442070007324,0.9322469234466553,0.19381409883499146,0.00027696,0.993511688709259,-0.011522316886112095
0.00017144081519088813,29.33152,0.0,0.0,0.0,0.0,-0.41897257354466466,-0.08449105472781111,1649,-0.09934329106596321,0.0,377,0.0,0.65,0.06738177492816191,0.7302512595805888,4213,-148.88399835,248.72,0.0,-0.03170450485188648,-0.5921436838663026,6948864,0.01,0.0,0.0,0.0,-0.17472844924375142,-0.16913149581541403,-0.5,-0.5296442137127967,0.0,0.0,-4.798132382128359e-08,-0.7380454175221595,-0.23360228768843083,-0.010961326797102496,0.0,-0.0064060900444423575,-0.1040551215535878,0.01130446,17663,-19.86305456161499,0.1036865234375,0.2,1.0003217458724976,0.9111191034317017,0.4233096241950989,0.00027689855999999996,1.3494243502616883,-0.010649673477746546
0.00011393219271364312,29.343040000000002,0.0,0.0,0.0,0.0,-0.39912553508071247,-0.08052174732746593,1653,-0.10158688062763033,0.0,378,0.0,0.65,0.06954036802517731,0.7404401284418326,4213,-148.93785399,243.25,0.0,-0.03189047483344491,-0.5839366470457442,6967296,0.01,0.0,0.0,0.0,-0.177449972040978,-0.17671586480370208,-0.5,-0.5350657026669289,0.0,0.0,-5.068995930046924e-08,-0.7412033280108873,-0.2377428394070385,-0.017832385246180773,0.0,-0.006169544238623025,-0.1041931357793095,0.017041858,17667,-19.86942768096924,0.18656005859375,0.2,1.0013535022735596,0.9370208978652954,0.28720322251319885,0.00027683712,1.0413011759519577,-0.014847167860716581
0.00016818561966324018,29.35456,0.0,0.0,0.0,0.0,-0.4170965561290983,-0.08230064409420436,1657,-0.0869874897442289,0.0,379,0.0,0.65,0.07193720846736293,0.8163306135435064,4213,-147.7712131,239.43,0.0,-0.031192808503825616,-0.5789134544090079,6985728,0.01,0.0,0.0,0.0,-0.17375005064946925,-0.16714572992678198,-0.5,-0.5376421728017419,0.0,0.0,-4.48576422151269e-08,-0.7552801579724426,-0.23142936830577698,-0.0015041432710690107,0.0,-0.0066697630973067135,-0.10440576751002077,0.015754377,17671,-19.869314765930177,0.1651611328125,0.2,1.00088632106781,0.9372996091842651,0.17011189460754395,0.00027677568,1.0409148752689361,-0.014100937079638243
0.00025119340150720545,29.36608,0.0,0.0,0.0,0.0,-0.4143952022616302,-0.07862495683803199,1663,-0.09850672630228227,0.0,380,0.0,0.65,0.07086132947933887,0.824885666960927,4210,-146.45396651000001,234.51,0.0,-0.030795988582974665,-0.5921119144946884,7004160,0.01,0.0,0.0,0.0,-0.16479995419454538,-0.16048554091847306,-0.5,-0.5167014654927619,0.0,0.0,-4.8732949296222765e-08,-0.7427829543198085,-0.23723541516264005,-0.00869402526394295,0.0,-0.00445717419238968,-0.10447514579936482,0.015691185,17675,-19.86707067489624,0.170166015625,0.2,1.0009652376174927,0.9289708733558655,0.3296247720718384,0.00027671423999999997,1.149748933315277,-0.013548749056644738
0.0002001950892412828,29.3776,0.0,0.0,0.0,0.0,-0.4130480284864712,-0.07866699915869545,1667,-0.10623643368112687,0.0,381,0.0,0.65,0.07083649756239516,0.8573688849930958,4210,-146.77654306,235.55,0.0,-0.03135843407211533,-0.6237126899560208,7022592,0.01,0.0,0.0,0.0,-0.17393895489602776,-0.17256976558778014,-0.5,-0.5250306049691769,0.0,0.0,-5.121326105617041e-08,-0.7572783633426732,-0.233937481381841,-0.018720446494729506,0.0,-0.00829885095946439,-0.10459444848214272,0.014989945,17679,-19.872404384613038,0.148681640625,0.2,1.0014257431030273,0.9223503470420837,0.2930011749267578,0.0002766528,1.1536754280328751,-0.012793428404256702
0.0003249780695316278,29.38912,0.0,0.0,0.0,0.0,-0.4068881040393795,-0.07905552249539954,1672,-0.10299523919364192,0.0,382,0.0,0.65,0.07308186164992327,0.6568927882341051,4210,-147.17541191,238.72,0.0,-0.03057890080761418,-0.5686402701043749,7041024,0.01,0.0,0.0,0.0,-0.17355097289315424,-0.1732574943522793,-0.5,-0.5476247482790978,0.0,0.0,-4.419867992448178e-08,-0.7291327846049694,-0.23285005650221638,-0.010274841296278614,0.0,-0.004440220777824935,-0.10459618122932454,0.016437018,17683,-19.873414707183837,0.18201904296875,0.2,1.0012433528900146,0.9351072907447815,0.31888002157211304,0.00027659136,1.1132763385772706,-0.014447890326846392
0.00025824617154689296,29.40064,0.0,0.0,0.0,0.0,-0.4156151178608738,-0.08200112129839517,1676,-0.1034590593435006,0.0,383,0.0,0.65,0.07227886212538337,0.8128628793073064,4210,-147.31629248000002,241.91,0.0,-0.03130924510743369,-0.6096165045463635,7059456,0.01,0.0,0.0,0.0,-0.17917413045901148,-0.17391137655870456,-0.5,-0.5346116153016945,0.0,0.0,-5.296174299211724e-08,-0.7665649999328226,-0.24320422165013936,-0.009428091628153133,0.0,-0.005448652444303864,-0.10452839694994015,0.015087741,17687,-19.868171310424806,0.1664306640625,0.2,1.000564694404602,0.9468042850494385,0.21671950817108154,0.00027652992,1.002006921172142,-0.012415306048933417
0.00020562046362708011,29.41216,0.0,0.0,0.0,0.0,-0.37618620413356335,-0.07606489450543048,1680,-0.11262669108772434,0.0,384,0.0,0.65,0.06834240271479916,0.5542534447221836,4210,-150.70559279,248.39,0.0,-0.0314489852874747,-0.5872301383362927,7077888,0.01,0.0,0.0,0.0,-0.1872826817986338,-0.16944490275729326,-0.5,-0.536245365471808,0.0,0.0,-5.291100480509911e-08,-0.735751249498757,-0.2344084819782378,-0.01101895029670258,0.0,-0.005668109617545269,-0.10476015094179947,0.012429364,17691,-19.864721298217773,0.12794189453125,0.2,1.0005117654800415,0.9335112571716309,0.3150710463523865,0.00027646847999999996,1.199507749080658,-0.012849529879167676
0.000180121297792842,29.42368,0.0,0.0,0.0,0.0,-0.39216122558282407,-0.07751702794989146,1685,-0.10659788059628483,0.0,385,0.0,0.65,0.07201501562126392,0.7776327047377508,4210,-147.1141876,237.15,0.0,-0.03140263716277378,-0.613926945291563,7096320,0.01,0.0,0.0,0.0,-0.167034080111678,-0.1714624745420422,-0.5,-0.5084074236512895,0.0,0.0,-5.3842862949120816e-08,-0.7423810671651186,-0.2310378133663201,-0.017643199384236894,0.0,-0.009486864036363032,-0.10456288979580869,0.016582202,17695,-19.87184295654297,0.1676025390625,0.2,1.0015002489089966,0.9300467371940613,0.3241320550441742,0.00027640704,1.2168940603733063,-0.015172160544898361
0.00024468292637417716,29.435200000000002,0.0,0.0,0.0,0.0,-0.41824871815292464,-0.08773181092806176,1689,-0.10478571985770968,0.0,386,0.0,0.65,0.07297058052838745,0.9376337128751824,4211,-145.82995169,235.43,0.0,-0.03134387496554798,-0.6205422030923954,7114752,0.01,0.0,0.0,0.0,-0.1807445766665887,-0.1760963697058476,-0.5,-0.5445627009603902,0.0,0.0,-5.2687185841282735e-08,-0.7490319231189421,-0.23610267225515585,-0.017485458409561734,0.0,-0.008706431501195766,-0.10430264594638888,0.01622285,17699,-19.872560119628908,0.1640380859375,0.2,1.00133216381073,0.9387775659561157,0.23216292262077332,0.0002763456,1.0269007682800293,-0.012483223457820714
0.0003396264930617892,29.44672,0.0,0.0,0.0,0.0,-0.42087683776224677,-0.08428239182741012,1693,-0.11027461752476593,0.0,387,0.0,0.65,0.07536891428813454,0.8411991487739292,4211,-148.78752633000005,248.86,0.0,-0.03145953495019397,-0.5983605738039474,7133184,0.01,0.0,0.0,0.0,-0.1684579917068667,-0.17015196400336752,-0.5,-0.5289820213993923,0.0,0.0,-5.216872957718135e-08,-0.7609812106429393,-0.23387528311823613,-0.007172145254304027,0.0,-0.007513671676861122,-0.1045400723602762,0.0167843,17703,-19.87067985534668,0.1695068359375,0.2,1.00094735622406,0.9365225434303284,0.22929683327674866,0.00027628415999999997,1.0515663146972656,-0.013013589417096228
0.0003358287148229364,29.45824,0.0,0.0,0.0,0.0,-0.4183356119692735,-0.08262212280844278,1698,-0.11549094666276852,0.0,388,0.0,0.65,0.07424864669692949,0.8840036024551097,4211,-145.85894086,238.41,0.0,-0.03118175493827076,-0.5986104783508561,7151616,0.01,0.0,0.0,0.0,-0.18018107667332983,-0.1661469365976037,-0.5,-0.5173327179438783,0.0,0.0,-5.3686074379435316e-08,-0.7323263648375908,-0.2373816113088195,-0.007469475621276452,0.0,-0.007806234380243243,-0.10451241744389535,0.01545608,17707,-19.868584060668944,0.18934326171875,0.2,1.0007812976837158,0.9384880065917969,0.23101703822612762,0.00027622271999999995,1.0366969525814056,-0.01237188100349158
0.00021050324236663678,29.46976,0.0,0.0,0.0,0.0,-0.4207471809183192,-0.08782240359370162,1702,-0.10702858860919584,0.0,389,0.0,0.65,0.07077727141151821,0.8220313529259332,4211,-147.04037376999997,244.1,0.0,-0.03083434427624015,-0.6157818521701155,7170048,0.01,0.0,0.0,0.0,-0.17657667952452502,-0.1756573396309521,-0.5,-0.5296705138194766,0.0,0.0,-5.090118606831159e-08,-0.7499438509841315,-0.23121567321676903,-0.005737436238379879,0.0,-0.011096426182323031,-0.10472399896907511,0.015812889,17711,-19.865580463409422,0.17305908203125,0.2,1.0003035068511963,0.9410716891288757,0.24662671983242035,0.00027616128,1.057862901687622,-0.013345370651222765
0.0001784937598535584,29.481279999999998,0.0,0.0,0.0,0.0,-0.40135023667128444,-0.08891914750555971,1706,-0.10085346127793031,0.0,390,0.0,0.65,0.06880502348009047,0.8485355341909848,4211,-146.10450898,238.23,0.0,-0.030776337684620618,-0.6031254228206594,7188480,0.01,0.0,0.0,0.0,-0.1709040977774291,-0.16723186775002216,-0.5,-0.5254398971623135,0.0,0.0,-4.7517268289992735e-08,-0.7439051076105159,-0.23328209128358157,-0.003159311780422729,0.0,-0.008934160778557675,-0.10453375587375749,0.016120475,17715,-19.863828945159913,0.16585693359375,0.2,1.0005468130111694,0.9360312223434448,0.29952365159988403,0.00027609984,1.154028069972992,-0.012950365524739027
0.00038899714450558857,29.4928,0.0,0.0,0.0,0.0,-0.41574667908013274,-0.08299716858773495,1711,-0.108233985956089,0.0,391,0.0,0.65,0.07326840137244722,0.7908984951652119,4211,-145.64744509,233.29,0.0,-0.031034341707986843,-0.5811638006069713,7206912,0.01,0.0,0.0,0.0,-0.17954637440092044,-0.17211505278770078,-0.5,-0.530057692699658,0.0,0.0,-5.1325413882444325e-08,-0.7414054388223833,-0.2374052927902398,-0.010092295541360053,0.0,-0.007475827379190984,-0.10452081890558554,0.012358873,17719,-19.867763614654542,0.133203125,0.2,1.0008078813552856,0.9341964721679688,0.2786305248737335,0.00027603839999999996,1.1690089881420136,-0.01176505284383893
0.0002853729173592809,29.50432,0.0,0.0,0.0,0.0,-0.40487891961054556,-0.08683063416416088,1715,-0.10463238316405345,0.0,392,0.0,0.65,0.07123430099091449,0.8483151107519465,4211,-146.02760308999999,237.66,0.0,-0.031005080363802548,-0.6110404883267943,7225344,0.01,0.0,0.0,0.0,-0.17441191896011732,-0.1609888177205717,-0.5,-0.5280354561927748,0.0,0.0,-5.492570351993886e-08,-0.7339457405557934,-0.2440259035042679,-0.004054911830194079,0.0,-0.008741828651788333,-0.10464139050921142,0.016247164,17723,-19.86916036605835,0.17349853515625,0.2,1.0009740591049194,0.9398090839385986,0.2305392026901245,0.00027597696,1.0932373970746994,-0.012778228404931724
0.0002094183033073528,29.51584,0.0,0.0,0.0,0.0,-0.40531572341726574,-0.08636433473886052,1719,-0.10523483805931412,0.0,393,0.0,0.65,0.07253425299012603,0.7545658024919608,4211,-146.40753766999998,235.05,0.0,-0.03115764782896918,-0.5945047661252659,7243776,0.01,0.0,0.0,0.0,-0.18687093340708913,-0.16327793370292845,-0.5,-0.5419830285116305,0.0,0.0,-4.737612318796078e-08,-0.7550641239176983,-0.2338643906543785,-0.002121350385270263,0.0,-0.00866858865871715,-0.10458795548710939,0.016192276,17727,-19.869095420837404,0.1756103515625,0.2,1.0009534358978271,0.9469043612480164,0.23112498223781586,0.00027591552,1.0119050443172455,-0.01262612107093446
0.00012424029086509513,29.52736,0.0,0.0,0.0,0.0,-0.4224794660747601,-0.08770465719517967,1724,-0.10091750603519871,0.0,394,0.0,0.65,0.07093017226568987,0.933840957075701,4211,-147.30410200999998,242.65,0.0,-0.03126647443410435,-0.6130600866501297,7262208,0.01,0.0,0.0,0.0,-0.1760730635191655,-0.167216162568901,-0.5,-0.5210909153673795,0.0,0.0,-4.206782644330272e-08,-0.754029540150802,-0.24250671909170465,-0.0032186834152026027,0.0,-0.009118482250616781,-0.10443740867206243,0.015749924,17731,-19.871881580352785,0.16339111328125,0.2,1.0013622045516968,0.9346086978912354,0.3310641944408417,0.00027585407999999997,1.199704372882843,-0.012492954079061747
0.00013292088341485296,29.53888,0.0,0.0,0.0,0.0,-0.41161487740898384,-0.09399408143681205,1728,-0.10522539799941577,0.0,395,0.0,0.65,0.07393285830179136,0.9283320115069364,4212,-145.27323674000002,238.72,0.0,-0.030309553065376846,-0.6032050215311235,7280640,0.01,0.0,0.0,0.0,-0.18492112756331888,-0.17368733521486734,-0.5,-0.5377047336066978,0.0,0.0,-4.93206049352387e-08,-0.7272304224729668,-0.23989360231266887,-0.023009720504821078,0.0,-0.009122553939555978,-0.10459176868775631,0.013776799,17735,-19.87278995513916,0.1588134765625,0.2,1.0015342235565186,0.9356788992881775,0.30117613077163696,0.00027579264,1.1349387794733048,-0.01060591395944357
0.0,29.5504,0.0,0.0,0.0,0.0,-0.4078902745273324,-0.08998195873127411,1732,-0.09035481242129072,0.0,396,0.0,0.65,0.06872032446344396,0.7524977737847589,4212,-147.63464466,245.09,0.0,-0.030893729665905353,-0.587900758660731,7299072,0.01,0.0,0.0,0.0,-0.18133161341437665,-0.15995710149881767,-0.5,-0.5584629841764132,0.0,0.0,-4.42154311746206e-08,-0.765026073292609,-0.23675682935194914,-0.005471194129707599,0.0,-0.00852481508304158,-0.10480380732929324,0.014527423,17739,-19.87438850402832,0.14676513671875,0.2,1.0012485980987549,0.9479117393493652,0.25121620297431946,0.0002757312,1.011742278933525,-0.0101462118094787
8.1922642291627e-05,29.56192,0.0,0.0,0.0,0.0,-0.4020357872012157,-0.09340472122446536,1737,-0.09399300721326863,0.0,397,0.0,0.65,0.06670563139830485,0.8919255960177007,4212,-145.73117098999998,239.94,0.0,-0.03083025061960545,-0.6195696892409164,7317504,0.01,0.0,0.0,0.0,-0.16031639534215275,-0.17472706835087978,-0.5,-0.5381846618686028,0.0,0.0,-4.181288954570646e-08,-0.7617770682220572,-0.24946601449854855,-0.014898539161121164,0.0,-0.008278367929354621,-0.10443763665948338,0.020418799,17743,-19.872735500335693,0.2111572265625,0.2,1.0014957189559937,0.9472977519035339,0.19268499314785004,0.00027566976,0.9858318567276001,-0.01085531951393932
2.929684059280488e-05,29.573439999999998,0.0,0.0,0.0,0.0,-0.38823648533451194,-0.09408994188522943,1741,-0.10132014424918158,0.0,398,0.0,0.65,0.06665818792113662,0.7076188651442633,4212,-149.45273252,251.64,0.0,-0.03113435963004137,-0.6133144113320669,7335936,0.01,0.0,0.0,0.0,-0.17244521990020562,-0.17138347204863238,-0.5,-0.5553065728901464,0.0,0.0,-4.791688826253703e-08,-0.7608891431699478,-0.2390595814543384,-0.00461636022799723,0.0,-0.009369131661110764,-0.10461865790308089,0.015851784,17747,-19.874170875549318,0.18289794921875,0.2,1.0012949705123901,0.9485498666763306,0.19367817044258118,0.00027560831999999996,0.9895952135324478,-0.009139270230662078
0.0001671005997599827,29.58496,0.0,0.0,0.0,0.0,-0.4035339096967425,-0.09304688650997471,1745,-0.10377820172621553,0.0,399,0.0,0.65,0.07056309681227112,0.7501869763275679,4212,-147.93461689999998,244.39,0.0,-0.03044675653434267,-0.6200563777353805,7354368,0.01,0.0,0.0,0.0,-0.18027687656116143,-0.16861662615394532,-0.5,-0.5527721131484069,0.0,0.0,-4.772747556546554e-08,-0.7566934196691972,-0.23837210454506252,-0.011117384335089355,0.0,-0.012345062942282917,-0.10467539624672345,0.015561005,17751,-19.871860790252686,0.17490234375,0.2,1.0011522769927979,0.9488517045974731,0.24873417615890503,0.00027554688,1.034607657790184,-0.012793238618178293
4.231766150850389e-05,29.59648,0.0,0.0,0.0,0.0,-0.40562605049510203,-0.10525437211260188,1750,-0.09163042778151373,0.0,400,0.0,0.65,0.07305778939988926,0.9092511470595012,4212,-146.02752117000003,239.63,0.0,-0.030523974623622465,-0.6527216476447298,7372800,0.01,0.0,0.0,0.0,-0.18448256360034904,-0.16772313703604827,-0.5,-0.5587990942627752,0.0,0.0,-4.315051762285049e-08,-0.764423098280226,-0.23683188845095626,-0.004172759136002524,0.0,-0.009794203317142092,-0.1047095340160627,0.013140142,17755,-19.86950159072876,0.14466552734375,0.2,1.000912070274353,0.945288360118866,0.2660021483898163,0.00027548544,1.111275815963745,-0.012841235904488713
4.882788440833489e-06,29.608,0.0,0.0,0.0,0.0,-0.4045650780298026,-0.10493586971640767,1754,-0.10462575776195092,0.0,401,0.0,0.65,0.07339528647968355,0.9186497006252071,4212,-145.63981222,237.01,0.0,-0.03052513409826404,-0.671328714591469,7391232,0.01,0.0,0.0,0.0,-0.19704091096055257,-0.17049726458618414,-0.5,-0.5518393559773047,0.0,0.0,-4.851897397183208e-08,-0.7512448814801124,-0.23910489202279703,-0.016135654861400575,0.0,-0.01511551020181893,-0.10445276705330259,0.016933087,17759,-19.869841861724854,0.151953125,0.2,1.0010099411010742,0.9484747052192688,0.27096641063690186,0.00027542399999999997,0.9788259893655777,-0.012242260691709816
0.00011338962940499187,29.61952,0.0,0.0,0.0,0.0,-0.405440705472617,-0.10162154031343076,1758,-0.10323176837972653,0.0,402,0.0,0.65,0.0709687139556191,0.8435552101389409,4212,-145.07870696,236.22,0.0,-0.031139975313235993,-0.6313034542303767,7409664,0.01,0.0,0.0,0.0,-0.1862537814964696,-0.170514991885372,-0.5,-0.560484578116967,0.0,0.0,-5.0559323149122735e-08,-0.7584604559204726,-0.22656448148987968,-0.0007684381190916382,0.0,-0.011941689085991433,-0.10442975622381963,0.016302621,17763,-19.874524211883546,0.17781982421875,0.2,1.0017790794372559,0.9530330896377563,0.18042288720607758,0.00027536255999999996,0.9093066990375519,-0.01102322731167078
3.9604990484399925e-05,29.63104,0.0,0.0,0.0,0.0,-0.3972827581734622,-0.10128588029660386,1763,-0.10293449827086745,0.0,403,0.0,0.65,0.0709910663710431,0.8691616011743198,4212,-147.03463431999998,248.38,0.0,-0.030087390747829765,-0.6191884426868973,7428096,0.01,0.0,0.0,0.0,-0.1838204673516151,-0.17418839337324957,-0.5,-0.5671216567146385,0.0,0.0,-4.6488251397335046e-08,-0.7450475451129998,-0.23022071910076847,-0.010824844737895996,0.0,-0.00947574094526418,-0.10469832832499741,0.014261921,17767,-19.876340198516846,0.1572021484375,0.2,1.001792311668396,0.9433903694152832,0.2713976204395294,0.00027530112,1.1183638364076613,-0.013831079332157969
0.00038899707983040973,29.64256,0.0,0.0,0.0,0.0,-0.38756358746518205,-0.09162979217132833,1767,-0.10250960165329372,0.0,404,0.0,0.65,0.07609319118378834,0.7607113798093291,4213,-145.59703656,240.08,0.0,-0.030883424812127105,-0.6234045053976316,7446528,0.01,0.0,0.0,0.0,-0.18259158806494138,-0.16499994021421507,-0.5,-0.5278183620697524,0.0,0.0,-4.9084834300435174e-08,-0.7277796270529124,-0.22703354054981117,-0.007792536818746373,0.0,-0.007610104643390514,-0.10460381430126232,0.014249901,17771,-19.872397804260252,0.13525390625,0.2,1.001062273979187,0.9522219300270081,0.18859463930130005,0.00027523968,0.9900936335325241,-0.011998147564008832
0.00029513862359130546,29.65408,0.0,0.0,0.0,0.0,-0.3845204369349926,-0.09312154205742787,1771,-0.10894246732667337,0.0,405,0.0,0.65,0.08090686650684416,0.9591762963192811,4213,-145.96093953999997,241.74,0.0,-0.030383900766405306,-0.6520840147517448,7464960,0.01,0.0,0.0,0.0,-0.1922696177334114,-0.1917181095246321,-0.5,-0.526230607944577,0.0,0.0,-5.254708577665772e-08,-0.7155630420395996,-0.22920809535177467,-0.035537297018866064,0.0,-0.009518602880739814,-0.10450316356328837,0.015105894,17775,-19.871217823028566,0.16029052734375,0.2,1.0010184049606323,0.9466617107391357,0.27248895168304443,0.00027517823999999996,1.0885656923055649,-0.014144633547402918
0.00015245210508712463,29.665599999999998,0.0,0.0,0.0,0.0,-0.4056068505826112,-0.10221058352677478,1776,-0.09773697064049179,0.0,406,0.0,0.65,0.07754098785077573,1.0052532726236496,4213,-143.475273,235.97,0.0,-0.030685895637932867,-0.6511665523385649,7483392,0.01,0.0,0.0,0.0,-0.1850241938118565,-0.16353430679536118,-0.5,-0.5311574665128337,0.0,0.0,-5.3033617542251816e-08,-0.7401561220623418,-0.2222652631530329,-0.0062188690049206465,0.0,-0.011099402867128245,-0.10440014591964501,0.015723474,17779,-19.87108144760132,0.16202392578125,0.2,1.0012480020523071,0.94724041223526,0.24858741462230682,0.0002751168,1.0994762539863587,-0.01308380593545735
0.0002701819563905398,29.677120000000002,0.0,0.0,0.0,0.0,-0.38428224043285486,-0.0983943544128765,1781,-0.10935341379829672,0.0,407,0.0,0.65,0.07517936934357844,0.7800737757546107,4210,-145.04075644,239.18,0.0,-0.03057460718587967,-0.6228785509119781,7501824,0.01,0.0,0.0,0.0,-0.19416572927077222,-0.17942096591382936,-0.5,-0.546281218275162,0.0,0.0,-5.268553433661202e-08,-0.7363277830781245,-0.21678738765762964,-0.02774299469417564,0.0,-0.010146174728611691,-0.10460707517911996,0.013530125,17783,-19.87206439971924,0.14141845703125,0.2,1.0009034872055054,0.9585200548171997,0.17756333947181702,0.00027505536,0.8805049151182175,-0.013007368182297797
0.0001502818971251448,29.68864,0.0,0.0,0.0,0.0,-0.40211069035770247,-0.08532213545907998,1786,-0.10869023764130338,0.0,408,0.0,0.65,0.07460071066625108,0.7621038445327691,4210,-145.49861887999998,241.14,0.0,-0.030358149558066188,-0.6028464758337753,7520256,0.01,0.0,0.0,0.0,-0.18737176211354062,-0.16597268155316816,-0.5,-0.5395158001000913,0.0,0.0,-5.2568711991920795e-08,-0.7509491215839814,-0.22623878317403603,-0.006592493088146774,0.0,-0.006025501075782813,-0.10479708935403091,0.013236783,17787,-19.868348693847658,0.13841552734375,0.2,1.0006684064865112,0.9496335983276367,0.27393317222595215,0.00027499391999999997,1.1476988673210144,-0.011394389392808079
0.00013780362981682023,29.70016,0.0,0.0,0.0,0.0,-0.38848512950359043,-0.08880332529590425,1790,-0.10644447980799426,0.0,409,0.0,0.65,0.07450231994553355,0.8144353609811783,4210,-146.18501752,242.39,0.0,-0.030802713523365142,-0.6302396410411714,7538688,0.01,0.0,0.0,0.0,-0.18179818298143116,-0.17416077631966959,-0.5,-0.5081414332077495,0.0,0.0,-6.169713303130413e-08,-0.7271716992978441,-0.22038062166257735,-0.0009543759322839412,0.0,-0.006114747399503055,-0.10482859090388255,0.01588502,17791,-19.865318775177002,0.15780029296875,0.2,1.0003715753555298,0.9504655599594116,0.25194251537323,0.00027493248,1.0428613126277924,-0.01263673467328772
0.0002457679850825419,29.71168,0.0,0.0,0.0,0.0,-0.4061362618582802,-0.08693880369187583,1794,-0.11175876705056871,0.0,410,0.0,0.65,0.07604948074466884,0.8040512947551376,4210,-143.89659346,233.42,0.0,-0.03027477713860514,-0.6128716626312608,7557120,0.01,0.0,0.0,0.0,-0.17529305433766101,-0.162117244950952,-0.5,-0.5403194319774974,0.0,0.0,-5.297285090608264e-08,-0.7318928358565184,-0.22209138825896066,-0.004027843321287906,0.0,-0.006693220100714825,-0.1048521689793791,0.01415014,17795,-19.863621616363524,0.150439453125,0.2,1.0002329349517822,0.9358885288238525,0.3828193247318268,0.00027487104,1.3364732205867766,-0.012285589030943811
0.00031412730135747953,29.7232,0.0,0.0,0.0,0.0,-0.38453195858436906,-0.09136675595222415,1799,-0.11323366976954359,0.0,411,0.0,0.65,0.0730923369214887,0.7851138341672192,4210,-145.72608658000001,240.01,0.0,-0.030172587439243264,-0.6053915330628761,7575552,0.01,0.0,0.0,0.0,-0.18258328430030757,-0.17389024871053918,-0.5,-0.5337560065130749,0.0,0.0,-5.034964416125901e-08,-0.7178016251085607,-0.22337327280345334,-0.017997105958210483,0.0,-0.007754823817069539,-0.10479735378976113,0.015366802,17799,-19.862718391418458,0.1582275390625,0.2,1.000419020652771,0.9543157815933228,0.251916766166687,0.0002748096,1.0319794207811355,-0.012244709237711504
9.60285736558338e-05,29.73472,0.0,0.0,0.0,0.0,-0.38697474160408096,-0.09078731566507459,1803,-0.11131552469614646,0.0,412,0.0,0.65,0.07372731925105276,0.8171122546487033,4211,-146.61228181,246.83,0.0,-0.03071658057704389,-0.6463343127374936,7593984,0.01,0.0,0.0,0.0,-0.19132183069933392,-0.16821944046558224,-0.5,-0.5263422274833219,0.0,0.0,-5.3357762728693495e-08,-0.7282043182652157,-0.23267095942647253,-0.008592703808102016,0.0,-0.00993648560607754,-0.10462807015900133,0.013827595,17803,-19.868008041381835,0.16007080078125,0.2,1.0010337829589844,0.9524562954902649,0.23531010746955872,0.00027474815999999996,1.0092427343130113,-0.01079180222004652
0.00016384534602467384,29.74624,0.0,0.0,0.0,0.0,-0.37413900087764834,-0.09572443681980533,1807,-0.11113054496254149,0.0,413,0.0,0.65,0.07537772564374555,0.8394992492734308,4211,-145.28586338000002,244.05,0.0,-0.030519267326578225,-0.6362006137106149,7612416,0.01,0.0,0.0,0.0,-0.17660883039273678,-0.18639692925256648,-0.5,-0.5075786433993392,0.0,0.0,-6.400711675381747e-08,-0.7048847537985694,-0.21988603684918095,-0.015166460575166074,0.0,-0.01153831854430286,-0.10468684861088118,0.012603989,17807,-19.873960304260255,0.14542236328125,0.2,1.0017045736312866,0.9537531733512878,0.2491062879562378,0.00027468672,1.0276983588933946,-0.011827965220436453
0.00020453546312637627,29.75776,0.0,0.0,0.0,0.0,-0.3858263873460656,-0.0824766496548311,1812,-0.1071312963143821,0.0,414,0.0,0.65,0.07311903779131475,0.7336266150637337,4211,-145.93485909,244.39,0.0,-0.03021466554656119,-0.6081620747714483,7630848,0.01,0.0,0.0,0.0,-0.18645091928303303,-0.1710760131884649,-0.5,-0.5230625637692911,0.0,0.0,-5.083770712132716e-08,-0.7211035137128566,-0.22248432362853476,-0.007910580681194112,0.0,-0.00819319510871234,-0.1049324845192436,0.012035251,17811,-19.877149772644042,0.13985595703125,0.2,1.0017718076705933,0.9358155131340027,0.3512221574783325,0.00027462528,1.4862407743930817,-0.010438208223786206
6.239145942446258e-05,29.769280000000002,0.0,0.0,0.0,0.0,-0.4021025382667347,-0.09286612699572896,1816,-0.10961767190142889,0.0,415,0.0,0.65,0.07356183063215947,0.8612180601140252,4211,-144.65815109000002,236.15,0.0,-0.030738641991370767,-0.6363045480748513,7649280,0.01,0.0,0.0,0.0,-0.18843329047229848,-0.1628112912279955,-0.5,-0.5610764892669018,0.0,0.0,-4.84589407841862e-08,-0.7451345782758785,-0.22318436888995297,-0.010916771531655713,0.0,-0.009077113862278767,-0.10456239279264823,0.014281148,17815,-19.873839378356934,0.15452880859375,0.2,1.0013558864593506,0.936616837978363,0.4028349220752716,0.00027456383999999997,1.3856024086475371,-0.012814998516114428
0.00017578107912817763,29.7808,0.0,0.0,0.0,0.0,-0.3992765379850316,-0.08393715354361601,1820,-0.1181815502580221,0.0,416,0.0,0.65,0.07672917212789711,0.8294647740493246,4211,-144.91770308,235.41,0.0,-0.029825819588820374,-0.6307743814671818,7667712,0.01,0.0,0.0,0.0,-0.16784651732934086,-0.18797207368019336,-0.5,-0.5228129195443844,0.0,0.0,-4.4207390138839584e-08,-0.7298893371880475,-0.22873742042078846,-0.04340550978205066,0.0,-0.009024081277958531,-0.10517292741904578,0.01306278,17819,-19.873845767974853,0.1400634765625,0.2,1.0015430450439453,0.9509223103523254,0.3279861807823181,0.00027450239999999996,1.1710977733135224,-0.011079367459751665
0.00014865434625082545,29.79232,0.0,0.0,0.0,0.0,-0.4157510204846759,-0.09522031703551732,1825,-0.11093637842963228,0.0,417,0.0,0.65,0.07397343790774584,0.9670173521840808,4211,-143.58061390999998,235.76,0.0,-0.030301877923547518,-0.6427403854744799,7686144,0.01,0.0,0.0,0.0,-0.19387873915377576,-0.1631832712902568,-0.5,-0.5296854061519077,0.0,0.0,-4.781883266272339e-08,-0.7384540529303173,-0.2219616410421421,-0.013066762786943846,0.0,-0.010181710693157382,-0.10460928954968245,0.01603821,17823,-19.875691604614257,0.17005615234375,0.2,1.0014896392822266,0.9511200189590454,0.21353089809417725,0.00027444096,1.1238609433174134,-0.01124684135429561
0.00017144088633358479,29.80384,0.0,0.0,0.0,0.0,-0.37843443518922304,-0.09886617179406065,1829,-0.11950703532405561,0.0,418,0.0,0.65,0.07677231644887864,0.7803798738952851,4211,-144.09581927,237.18,0.0,-0.0306380195410293,-0.6373465548642274,7704576,0.01,0.0,0.0,0.0,-0.20463181640390962,-0.1754333521607715,-0.5,-0.5392415556771168,0.0,0.0,-5.102448293249819e-08,-0.7246532743594275,-0.2191776289553629,-0.020058206778427908,0.0,-0.0084744933620742,-0.10481063441731611,0.015030811,17827,-19.87135057449341,0.17093505859375,0.2,1.0011444091796875,0.9511987566947937,0.2866738438606262,0.00027437952,1.1556820452213288,-0.010330149775836617
0.00014919691926075352,29.81536,0.0,0.0,0.0,0.0,-0.40649179264365626,-0.08735293999955553,1833,-0.11487457516643935,0.0,419,0.0,0.65,0.07341780884449352,0.9693836078441271,4211,-144.0909151,237.12,0.0,-0.030383008302269327,-0.6640699402349717,7723008,0.01,0.0,0.0,0.0,-0.16820867430176484,-0.16183980900560987,-0.5,-0.5208333841443844,0.0,0.0,-5.361803837225121e-08,-0.7527435956420244,-0.22321027399055574,-0.008631773967608482,0.0,-0.0098606709507294,-0.10495386688155452,0.016324721,17831,-19.87433843612671,0.16759033203125,0.2,1.0017129182815552,0.9393786191940308,0.4113295078277588,0.00027431807999999996,1.45967658162117,-0.013284562760964036
8.463531331573095e-05,29.82688,0.0,0.0,0.0,0.0,-0.3901781012789469,-0.09510343287014356,1838,-0.10638190722256557,0.0,420,0.0,0.65,0.06974962095845329,0.8478789294877846,4211,-146.08824167,250.04,0.0,-0.029933877424469527,-0.6056738525185801,7741440,0.01,0.0,0.0,0.0,-0.1768351566886358,-0.17675178705212183,-0.5,-0.5426532205948573,0.0,0.0,-4.632758228454285e-08,-0.7551557974568894,-0.21497712144683864,-0.012971636812757266,0.0,-0.010509133769018162,-0.10490524785867905,0.012670835,17835,-19.87242670059204,0.1410888671875,0.2,1.0011301040649414,0.9472711086273193,0.30636629462242126,0.00027425664,1.2400316298007965,-0.011443901911843569
6.673173306302892e-05,29.8384,0.0,0.0,0.0,0.0,-0.3862253879190985,-0.09938335430221393,1842,-0.11532880915897409,0.0,421,0.0,0.65,0.06628281346408714,0.782691061462327,4211,-148.55517951,257.66,0.0,-0.030499763780879787,-0.6249576681494533,7759872,0.01,0.0,0.0,0.0,-0.18455697471389923,-0.18818417157947892,-0.5,-0.5787503236156168,0.0,0.0,-5.329998404006918e-08,-0.7564643799567439,-0.22724862060911544,-0.030012344781692537,0.0,-0.011793850651075546,-0.10506925781824435,0.013760721,17839,-19.870765972137452,0.136669921875,0.2,1.0015448331832886,0.9502401947975159,0.35651689767837524,0.0002741952,1.2098438411951065,-0.011778856278397143
8.680543073246049e-05,29.84992,0.0,0.0,0.0,0.0,-0.40349811038352407,-0.0863229865603738,1846,-0.10319276179380793,0.0,422,0.0,0.65,0.07141612799124973,0.7690200116499916,4211,-145.92869182,242.6,0.0,-0.030320482089030813,-0.6240047766785248,7778304,0.01,0.0,0.0,0.0,-0.1713084113935729,-0.16863442526151473,-0.5,-0.535060524609418,0.0,0.0,-5.102222818147384e-08,-0.755911380193746,-0.21910907886370767,-0.006258146009787645,0.0,-0.010133833186248213,-0.10486298111162265,0.01715287,17843,-19.87712640762329,0.1767822265625,0.2,1.0018807649612427,0.9491403698921204,0.24871887266635895,0.00027413375999999997,1.1418661594390869,-0.014756397437304258
0.0001432291141504215,29.861439999999998,0.0,0.0,0.0,0.0,-0.41187482793691377,-0.09277376917620737,1851,-0.1088521905884475,0.0,423,0.0,0.65,0.0712493970018305,1.0078946380615157,4211,-144.78094990000002,244.08,0.0,-0.03057222762303333,-0.6191512044772286,7796736,0.01,0.0,0.0,0.0,-0.17916389900107077,-0.16617971361025935,-0.5,-0.5245828173302782,0.0,0.0,-5.176844506527702e-08,-0.7523381968696506,-0.22569731949109853,-0.008478304884911105,0.0,-0.00847340880783223,-0.10487479281277651,0.015413379,17847,-19.872354602813722,0.15975341796875,0.2,1.0011096000671387,0.9540040493011475,0.32034245133399963,0.00027407232,1.1009563237428666,-0.014265859313309193
6.0763805069857175e-05,29.87296,0.0,0.0,0.0,0.0,-0.3926588347781805,-0.09161485422078729,1855,-0.10346352059709826,0.0,424,0.0,0.65,0.07739074940074092,0.9750698162737452,4211,-144.78482646999998,245.4,0.0,-0.030364830496813093,-0.6354190055024623,7815168,0.01,0.0,0.0,0.0,-0.19402789939110968,-0.169134935061349,-0.5,-0.5179630080258342,0.0,0.0,-5.1277105043678644e-08,-0.7353984675004237,-0.2224137795824409,-0.010818799314730034,0.0,-0.008770445109500239,-0.10486237621016421,0.014615238,17851,-19.87015390396118,0.1647705078125,0.2,1.00113046169281,0.9470812678337097,0.3213704526424408,0.00027401088,1.2330570638179779,-0.01257703120354563
0.0,29.88448,0.0,0.0,0.0,0.0,-0.3887622128694178,-0.09553631932768866,1859,-0.0978561001924144,0.0,425,0.0,0.65,0.06990171229956194,0.8664816447425686,4211,-146.08136910000002,248.77,0.0,-0.02944823969104464,-0.6291958435444613,7833600,0.01,0.0,0.0,0.0,-0.1838165440323197,-0.17398047706927444,-0.5,-0.5279740053935688,0.0,0.0,-4.965062766205038e-08,-0.7336213315809171,-0.22666103108722993,-0.004251766067848087,0.0,-0.00684282643325989,-0.1050845689848934,0.014597927,17855,-19.873869037628175,0.16126708984375,0.2,1.0015701055526733,0.9527536630630493,0.29572275280952454,0.00027394944,1.185792538523674,-0.012593349278904497
0.0,29.896,0.0,0.0,0.0,0.0,-0.3924499680569596,-0.08690674167840168,1864,-0.09443813393989212,0.0,426,0.0,0.65,0.07204745525326013,0.7334361908965978,4211,-145.78263076,245.89,0.0,-0.02989068210352492,-0.6121397391066236,7852032,0.01,0.0,0.0,0.0,-0.17277590233229875,-0.17308614654767643,-0.5,-0.5570937644357832,0.0,0.0,-4.6194756733911736e-08,-0.7751463590384042,-0.21976640730192448,-0.0016627210031219084,0.0,-0.00884829923517019,-0.1050559491391285,0.015487073,17859,-19.876868724822998,0.1566162109375,0.2,1.001776933670044,0.9600053429603577,0.280383825302124,0.00027388799999999996,1.0498794674873353,-0.011789013305678964
0.00011121948935194976,29.907519999999998,0.0,0.0,0.0,0.0,-0.3806496263292747,-0.09005816701334099,1868,-0.09707667865690182,0.0,427,0.0,0.65,0.07117515234243517,0.7783684948327351,4212,-147.26819075,254.2,0.0,-0.02975802963173846,-0.6405176808643726,7870464,0.01,0.0,0.0,0.0,-0.17311814023500902,-0.16573483881831222,-0.5,-0.5361291230667024,0.0,0.0,-5.1230903512046454e-08,-0.7540153441811869,-0.2267416997385321,-0.001093535273493777,0.0,-0.008336146696819924,-0.10530888101554592,0.01610459,17863,-19.87305736541748,0.1611572265625,0.2,1.0011671781539917,0.9520954489707947,0.34896188974380493,0.00027382656,1.2730149567127227,-0.013614838034845889
7.921003270894289e-05,29.91904,0.0,0.0,0.0,0.0,-0.3834780194264311,-0.10301040266710541,1872,-0.10060257786840673,0.0,428,0.0,0.65,0.07005833052460966,0.9461535923521439,4212,-146.21761525,252.5,0.0,-0.02969816192095108,-0.6340198548061295,7888896,0.01,0.0,0.0,0.0,-0.18487451403818422,-0.17247802761515799,-0.5,-0.5510365695973738,0.0,0.0,-4.7438756468120766e-08,-0.7327487256625224,-0.2325348424904277,-0.021357160549610607,0.0,-0.011079332375730801,-0.10522058583406864,0.016982345,17867,-19.871642303466796,0.1664306640625,0.2,1.0013612508773804,0.9603238105773926,0.21139369904994965,0.00027376512,1.0189870804548264,-0.012199490866623818
0.00013671864225115214,29.93056,0.0,0.0,0.0,0.0,-0.38911082706791134,-0.09073757197752393,1877,-0.09739663430718787,0.0,429,0.0,0.65,0.0709617730620602,0.9298914031771326,4212,-146.08667057000002,253.97,0.0,-0.030087548603738374,-0.6197736466603841,7907328,0.01,0.0,0.0,0.0,-0.16885163423225183,-0.1667095581791938,-0.5,-0.5309897243434808,0.0,0.0,-5.0236226411424906e-08,-0.7529884466711225,-0.2217404905384037,-0.0031954791482276222,0.0,-0.010268516785193546,-0.1050155418507177,0.014988748,17871,-19.8722843170166,0.158447265625,0.2,1.0013014078140259,0.9584846496582031,0.19247868657112122,0.00027370367999999997,1.0326108932495117,-0.010575836920179427
7.866743706270224e-05,29.94208,0.0,0.0,0.0,0.0,-0.41652688350948563,-0.09867309512859818,1881,-0.09771213875076955,0.0,430,0.0,0.65,0.07300115772307937,1.0384162792655305,4212,-146.42921018,253.55,0.0,-0.03011873122574862,-0.6456764442265438,7925760,0.01,0.0,0.0,0.0,-0.18506219340499114,-0.16551528619882444,-0.5,-0.5494306601011515,0.0,0.0,-4.9276672058128814e-08,-0.7638298436247748,-0.22957846528571638,-0.006298761015949053,0.0,-0.01213401670813457,-0.10484386294958235,0.015254855,17875,-19.872435665130617,0.16510009765625,0.2,1.0015515089035034,0.9577831029891968,0.24489766359329224,0.00027364223999999996,1.1221675843000412,-0.013376463542226703
4.882812370649642e-05,29.9536,0.0,0.0,0.0,0.0,-0.391705455486771,-0.0978052368297894,1885,-0.09384976107227844,0.0,431,0.0,0.65,0.06551054432925318,0.9614412056438023,4212,-147.30188788,258.53,0.0,-0.030541557443987122,-0.6129220625509564,7944192,0.01,0.0,0.0,0.0,-0.1639437403826643,-0.16356589120331727,-0.5,-0.5415129524585792,0.0,0.0,-4.7745059137512593e-08,-0.7691090876296863,-0.2274671975745772,-0.006206426658920062,0.0,-0.016197592794520058,-0.10499012703281418,0.016681068,17879,-19.87237548828125,0.16910400390625,0.2,1.0013139247894287,0.9569656252861023,0.24509455263614655,0.0002735808,1.0717685848474503,-0.012114529800601303
7.86674985041221e-05,29.96512,0.0,0.0,0.0,0.0,-0.3997488183231031,-0.09222327985664994,1890,-0.09943004345605402,0.0,432,0.0,0.65,0.07553038289958287,0.9181695679050189,4212,-146.12333325999998,252.34,0.0,-0.029161481285550708,-0.6368938547932449,7962624,0.01,0.0,0.0,0.0,-0.17833952943177636,-0.16945193489583096,-0.5,-0.5326755106125158,0.0,0.0,-5.0483883704714256e-08,-0.761291117217689,-0.21860777142050267,-0.014645111917564386,0.0,-0.008161865365562133,-0.10500576877784958,0.016593086,17883,-19.874162483215333,0.19193115234375,0.2,1.0015357732772827,0.9568430185317993,0.27976149320602417,0.00027351936,1.099904191493988,-0.011150712356902659
5.805119548717307e-05,29.97664,0.0,0.0,0.0,0.0,-0.3890230149223468,-0.09403421963392891,1894,-0.09498059333354664,0.0,433,0.0,0.65,0.07719542277895987,0.9873337268285355,4212,-144.25465659000002,240.15,0.0,-0.029726503741788052,-0.6520513297149289,7981056,0.01,0.0,0.0,0.0,-0.19290681122341402,-0.15959347865547457,-0.5,-0.5425538030625859,0.0,0.0,-5.0785415859599056e-08,-0.7457374306015375,-0.22933751861528565,-0.008788361637040245,0.0,-0.009884538437796032,-0.1051686342802976,0.015316894,17887,-19.87322053909302,0.17196044921875,0.2,1.0013803243637085,0.9657739996910095,0.19990621507167816,0.00027345791999999996,0.9641415923833847,-0.012353915465064346
0.00014702679214274717,29.98816,0.0,0.0,0.0,0.0,-0.3764523649738558,-0.09239341017893761,1898,-0.10040661336398288,0.0,434,0.0,0.65,0.07406168430674191,0.9242195754874025,4212,-144.43780794999998,241.74,0.0,-0.029850154953971895,-0.6428171661615454,7999488,0.01,0.0,0.0,0.0,-0.17808164184285644,-0.16981288797036242,-0.5,-0.5105566789081482,0.0,0.0,-4.878549694381191e-08,-0.7332987368214736,-0.22561396899464828,-0.007025944381322623,0.0,-0.008459439407387335,-0.10497692542911007,0.013911197,17891,-19.868628406524657,0.14842529296875,0.2,1.000971794128418,0.962997317314148,0.2944759726524353,0.00027339648,1.048474344611168,-0.009036436025053263
0.00014648437111948928,29.999679999999998,0.0,0.0,0.0,0.0,-0.3692883590657501,-0.09495574028782981,1904,-0.10059309758261409,0.0,435,0.0,0.65,0.07332720736074141,0.8795273743860943,4209,-146.83343983999998,253.06,0.0,-0.029962389870995157,-0.6498219823909693,8017920,0.01,0.0,0.0,0.0,-0.188212861304529,-0.17248668925797342,-0.5,-0.5180350608987553,0.0,0.0,-5.750031352333796e-08,-0.7251144562599285,-0.21751658340013758,-0.01572981921792052,0.0,-0.010659415093767974,-0.1051323337705015,0.016659375,17895,-19.86817331314087,0.17037353515625,0.2,1.0008238554000854,0.9475279450416565,0.49958306550979614,0.00027333504,1.4607378780841827,-0.011875899904407562
0.00023383231342045797,30.0112,0.0,0.0,0.0,0.0,-0.38695517649317296,-0.0962896975780221,1908,-0.10949456291693939,0.0,436,0.0,0.65,0.07497210797741309,0.9474627808526306,4209,-145.05732418,249.69,0.0,-0.029988362242971703,-0.6474697052559041,8036352,0.01,0.0,0.0,0.0,-0.18517456438482285,-0.17538068623994618,-0.5,-0.5400309544738066,0.0,0.0,-5.389067759721755e-08,-0.7278098648300906,-0.2352471986717323,-0.02080320077215957,0.0,-0.011090590188460838,-0.10507808468032416,0.015440406,17899,-19.87137851715088,0.16844482421875,0.2,1.0012238025665283,0.9587078094482422,0.2960541248321533,0.00027327359999999997,1.1772692859172822,-0.012635617598425597
9.602855425328016e-05,30.02272,0.0,0.0,0.0,0.0,-0.37184777238709377,-0.09575162114670632,1913,-0.11698726741157633,0.0,437,0.0,0.65,0.07261337479101211,0.9362058686230337,4209,-145.76958224999998,250.09,0.0,-0.030403098654950056,-0.6581109700575735,8054784,0.01,0.0,0.0,0.0,-0.18945571520870516,-0.1763075216962049,-0.5,-0.5482696306509984,0.0,0.0,-5.2687006139929945e-08,-0.712447855806684,-0.23733602337502654,-0.02268921478388687,0.0,-0.01088618995304892,-0.1049723002259152,0.016566794,17903,-19.87660655975342,0.15440673828125,0.2,1.0017927885055542,0.9596008658409119,0.3410152196884155,0.00027321215999999996,1.1852371394634247,-0.011469311849214136
0.0002012801996897906,30.03424,0.0,0.0,0.0,0.0,-0.37436753015616175,-0.09206786473382357,1917,-0.10608206102924582,0.0,438,0.0,0.65,0.07378080194651623,0.8478485382701723,4209,-145.14764864999998,246.71,0.0,-0.030127383932069145,-0.6278557915411155,8073216,0.01,0.0,0.0,0.0,-0.18893284951891431,-0.17362013484777447,-0.5,-0.5096112317657101,0.0,0.0,-5.75620015637357e-08,-0.7276703443707354,-0.21599561404604792,-0.010312018591100754,0.0,-0.007647403152077459,-0.105056675074885,0.014522692,17907,-19.87635087966919,0.1726806640625,0.2,1.0018107891082764,0.9435245394706726,0.573655366897583,0.00027315072,1.5615445375442505,-0.010612245812080801
0.00019042963524245552,30.04576,0.0,0.0,0.0,0.0,-0.38025252402975324,-0.0931507415664034,1922,-0.11051472918161082,0.0,439,0.0,0.65,0.07866174905021978,1.0023831774764669,4209,-145.38523518999997,253.09,0.0,-0.030584716467464874,-0.6631009924546887,8091648,0.01,0.0,0.0,0.0,-0.17770351893078068,-0.1848663111919552,-0.5,-0.5205245247128096,0.0,0.0,-6.906982081323178e-08,-0.7434470529862492,-0.2181213765832232,-0.012191882014642476,0.0,-0.009924142695834033,-0.10485410700838513,0.0142735075,17911,-19.87383403778076,0.14853515625,0.2,1.001143455505371,0.9566451907157898,0.34709253907203674,0.00027308928,1.259044486284256,-0.012212856765836477
0.00021864129424405596,30.05728,0.0,0.0,0.0,0.0,-0.37988979190930006,-0.08869087997527327,1926,-0.10412138825492467,0.0,440,0.0,0.65,0.08032760363484912,0.9330287942351071,4210,-142.91338359,234.31,0.0,-0.030217221297210915,-0.6607362714864743,8110080,0.01,0.0,0.0,0.0,-0.1846796340217465,-0.17373569690903495,-0.5,-0.49305816616525977,0.0,0.0,-5.2582358684834405e-08,-0.7174746943142355,-0.21529510164499663,-0.0178398458839943,0.0,-0.006041638861966526,-0.10509548058138368,0.011186691,17915,-19.86905574798584,0.140673828125,0.2,1.0007195472717285,0.9383127689361572,0.494091272354126,0.00027302783999999996,1.6133120894432067,-0.011824539513327181
0.00017849382129497826,30.0688,0.0,0.0,0.0,0.0,-0.3990034409724389,-0.09585554743051374,1930,-0.10744479521096273,0.0,441,0.0,0.65,0.07419710976470378,0.9306198645844062,4210,-143.16101569,242.92,0.0,-0.029892842919799687,-0.6419207778740306,8128512,0.01,0.0,0.0,0.0,-0.18417420491061456,-0.17910898953847434,-0.5,-0.5143146669512791,0.0,0.0,-6.109656003593114e-08,-0.7345420040264417,-0.21540755780333976,-0.00958962921417324,0.0,-0.0069813075161720105,-0.10514532047405926,0.013406202,17919,-19.870673179626465,0.13756103515625,0.2,1.0011823177337646,0.9452333450317383,0.4992862343788147,0.0002729664,1.6241680204868316,-0.01162234479561448
9.385845623910427e-05,30.08032,0.0,0.0,0.0,0.0,-0.38229220936233277,-0.09850336010951435,1934,-0.11211885510690796,0.0,442,0.0,0.65,0.06921032128077134,0.8574188241090173,4210,-145.26492211000001,251.18,0.0,-0.030130636317524297,-0.6267785290648367,8146944,0.01,0.0,0.0,0.0,-0.17770717615363316,-0.18118814734708144,-0.5,-0.5321981408225923,0.0,0.0,-5.810043617206777e-08,-0.7373676293098895,-0.21205957343185236,-0.0066377238968687675,0.0,-0.011203437841484427,-0.10517339462258034,0.014414224,17923,-19.87303466796875,0.134033203125,0.2,1.0015119314193726,0.9545885920524597,0.34934842586517334,0.00027290496,1.3035109043121338,-0.012953793199267238
0.00018608925165608525,30.091839999999998,0.0,0.0,0.0,0.0,-0.3794205942584436,-0.08906299984086362,1939,-0.12006311039095535,0.0,443,0.0,0.65,0.07756797001686833,0.8799768894880752,4210,-143.62374054000003,239.17,0.0,-0.030157128555650378,-0.6352056518268543,8165376,0.01,0.0,0.0,0.0,-0.19700249228059233,-0.18454437455103745,-0.5,-0.5047479445094837,0.0,0.0,-5.688407682219925e-08,-0.7151221906029179,-0.21572370506485894,-0.015565477827114229,0.0,-0.008649732330619978,-0.10513425908994387,0.0127751455,17927,-19.87664165496826,0.13397216796875,0.2,1.0018337965011597,0.9464372992515564,0.5619052648544312,0.00027284351999999997,1.5461342453956604,-0.012647457083221524
0.00020996078577203056,30.103360000000002,0.0,0.0,0.0,0.0,-0.38790162841005965,-0.08534555771697386,1943,-0.11782409779042381,0.0,444,0.0,0.65,0.0739374261426776,0.8910817607604218,4210,-147.03433357,251.55,0.0,-0.030357171755815895,-0.6284558972869941,8183808,0.01,0.0,0.0,0.0,-0.17175216588803746,-0.17229074119339902,-0.5,-0.5165390367300501,0.0,0.0,-4.968449062408042e-08,-0.7415810309274998,-0.22229512688874012,-0.009937145140862656,0.0,-0.014710926112861166,-0.10491282662515368,0.013185114,17931,-19.87486982345581,0.14051513671875,0.2,1.0013067722320557,0.9494200348854065,0.33509108424186707,0.00027278207999999996,1.472237116098404,-0.012752359360456466
9.494345350604918e-05,30.11488,0.0,0.0,0.0,0.0,-0.39385153841679355,-0.09454064470223082,1948,-0.11764788858438702,0.0,445,0.0,0.65,0.07512000292105092,0.9238334968956264,4210,-145.75090937000002,251.52,0.0,-0.029881309123772008,-0.633680242356367,8202240,0.01,0.0,0.0,0.0,-0.18759076163293478,-0.17102354802480982,-0.5,-0.5263356326520358,0.0,0.0,-5.016713655051793e-08,-0.7203327725506898,-0.22889377836363753,-0.011910117986651958,0.0,-0.009311216296434091,-0.1049584744618667,0.014764739,17935,-19.87208127975464,0.15809326171875,0.2,1.0012438297271729,0.9477406144142151,0.4806942641735077,0.00027272064,1.4957199692726135,-0.01168149346485734
8.626297737161319e-05,30.1264,0.0,0.0,0.0,0.0,-0.3958282153981264,-0.09367786938801236,1952,-0.1033312730057567,0.0,446,0.0,0.65,0.07475092296332449,0.9728075314081673,4210,-144.81278472000002,254.21,0.0,-0.030232839202100723,-0.6313876831746531,8220672,0.01,0.0,0.0,0.0,-0.17180910369531058,-0.1730358344915322,-0.5,-0.5085449084821213,0.0,0.0,-5.113666879779449e-08,-0.7542911127992822,-0.21628702674969827,-0.004918469598048983,0.0,-0.010768730799706342,-0.10481457063965725,0.014276017,17939,-19.87540159225464,0.1479248046875,0.2,1.0016664266586304,0.9537762999534607,0.3252292275428772,0.0002726592,1.3107019424438477,-0.012964577809907497
0.0001329209125186834,30.13792,0.0,0.0,0.0,0.0,-0.38446296412426184,-0.09594799786142776,1956,-0.10903301545745497,0.0,447,0.0,0.65,0.06985354955858682,0.91036963534321,4210,-146.08916415,256.05,0.0,-0.030198632319948276,-0.6528467593410208,8239104,0.01,0.0,0.0,0.0,-0.18531758626072986,-0.16875016177699584,-0.5,-0.544116751984662,0.0,0.0,-5.323024379195427e-08,-0.7555991303248183,-0.22005731933808298,-0.006828039571809142,0.0,-0.011058173198964343,-0.105045986938176,0.0136734005,17943,-19.874636459350587,0.13701171875,0.2,1.0014396905899048,0.9500302672386169,0.4313560128211975,0.00027259775999999996,1.3575677156448365,-0.011127450194908305
0.0002631292962986562,30.14944,0.0,0.0,0.0,0.0,-0.3673816846711293,-0.08891533796757779,1961,-0.1107774376812072,0.0,448,0.0,0.65,0.0707146174166807,0.8033289538760495,4210,-147.90888216999997,259.63,0.0,-0.030247351416651785,-0.6338676852148937,8257536,0.01,0.0,0.0,0.0,-0.16529986308593714,-0.17698475740600564,-0.5,-0.539756558773693,0.0,0.0,-5.355883885335669e-08,-0.7451536662579366,-0.22284099993491083,-0.0188292395769424,0.0,-0.010951160155754123,-0.10515600870189046,0.015320629,17947,-19.873589038848877,0.156591796875,0.2,1.001255989074707,0.9530985355377197,0.3578951954841614,0.00027253632,1.299069231748581,-0.0127930672140792
8.13800337103506e-06,30.16096,0.0,0.0,0.0,0.0,-0.37845226032322565,-0.09121086958270597,1965,-0.10505235008758089,0.0,449,0.0,0.65,0.0707729437377451,0.9512089136825652,4210,-148.25585279999999,261.69,0.0,-0.029978012894109094,-0.6719301661550069,8275968,0.01,0.0,0.0,0.0,-0.18023220700969186,-0.1655289826915174,-0.5,-0.528703606919536,0.0,0.0,-5.2499960058007265e-08,-0.7437049028891676,-0.22269504251895444,-0.000750337531597272,0.0,-0.012033788823626108,-0.10509591455146719,0.01829895,17951,-19.87565097808838,0.18270263671875,0.2,1.0017750263214111,0.9576435089111328,0.3511929512023926,0.00027247488,1.2444410026073456,-0.01274337269132957
0.00017686621868051589,30.17248,0.0,0.0,0.0,0.0,-0.38725304939269606,-0.09465267713553255,1969,-0.10806649737100052,0.0,450,0.0,0.65,0.06819468019833597,0.990527138595437,4211,-143.924534,246.25,0.0,-0.030438676434918117,-0.6436967485492167,8294400,0.01,0.0,0.0,0.0,-0.1716842886801467,-0.16829462431489262,-0.5,-0.5156318109428852,0.0,0.0,-5.626317583785659e-08,-0.742148860764472,-0.2232157175075293,-0.009499046072872185,0.0,-0.011621868194197305,-0.10497731275953527,0.017192869,17955,-19.873467922210693,0.172216796875,0.2,1.0012943744659424,0.9488034248352051,0.36805248260498047,0.00027241343999999997,1.4177208304405213,-0.011148699931800366
4.1775117602406274e-05,30.184,0.0,0.0,0.0,0.0,-0.3961397858242463,-0.09395527336759821,1974,-0.10249840619257194,0.0,451,0.0,0.65,0.07495662895182503,0.9183140133325944,4211,-145.77855785999998,248.77,0.0,-0.029938692234138833,-0.6606520587644268,8312832,0.01,0.0,0.0,0.0,-0.1833913954785722,-0.16578776185339592,-0.5,-0.5367761784018119,0.0,0.0,-5.0351584721744624e-08,-0.759498857773733,-0.21952822180198517,-0.003060923580877775,0.0,-0.013852356155338284,-0.10502161822743858,0.015356558,17959,-19.870491886138915,0.15198974609375,0.2,1.0008461475372314,0.9462742805480957,0.5132315158843994,0.000272352,1.5739965856075286,-0.010324369894806295
4.2860195713324676e-05,30.195520000000002,0.0,0.0,0.0,0.0,-0.4102079891114391,-0.10087337797041539,1978,-0.10211757779296453,0.0,452,0.0,0.65,0.07448081552504368,1.059807044842408,4211,-144.81616638,256.69,0.0,-0.030044742977789998,-0.6558027808322932,8331264,0.01,0.0,0.0,0.0,-0.173214476760378,-0.16428888477879972,-0.5,-0.5163646662467688,0.0,0.0,-4.579793233931427e-08,-0.7622700297813721,-0.20643637071729148,-0.0014496188308776626,0.0,-0.009120513565398546,-0.10503680127683956,0.016804788,17963,-19.870308303833006,0.16788330078125,0.2,1.0009865760803223,0.9487587809562683,0.4820430874824524,0.00027229056,1.4915519893169402,-0.0102026462322101
0.00018717437827338776,30.20704,0.0,0.0,0.0,0.0,-0.39771003691166423,-0.09077496384918632,1982,-0.11423251564030625,0.0,453,0.0,0.65,0.06770791247865564,0.8993643393216089,4211,-146.44128662,259.78,0.0,-0.03086204734900861,-0.6133652102250265,8349696,0.01,0.0,0.0,0.0,-0.1613586535094525,-0.16788573875566357,-0.5,-0.5381098963703078,0.0,0.0,-4.7522002183830384e-08,-0.7622718690628392,-0.21901235945780761,-0.008387873297273314,0.0,-0.012043957009963278,-0.10484976463480117,0.014660774,17967,-19.86931324005127,0.14261474609375,0.2,1.0007880926132202,0.9607980847358704,0.22924835979938507,0.00027222912,1.1174802899360656,-0.009905845485627651
8.517785722182857e-05,30.21856,0.0,0.0,0.0,0.0,-0.4092763814818133,-0.10115219975254117,1987,-0.10427993058686584,0.0,454,0.0,0.65,0.06987931474626748,1.0410823492035381,4211,-146.07454271999998,261.61,0.0,-0.03026514398018204,-0.6449688530626242,8368128,0.01,0.0,0.0,0.0,-0.16235701754523138,-0.1686677751121032,-0.5,-0.5355382427054125,0.0,0.0,-4.543305855590015e-08,-0.7632618815498637,-0.2204698234601351,-0.000664052446367461,0.0,-0.014413065399922844,-0.10513836639358214,0.017119959,17971,-19.872222805023192,0.1781494140625,0.2,1.0013313293457031,0.9575082063674927,0.31682515144348145,0.00027216767999999996,1.246543824672699,-0.012670946819707752
0.00013509104933796657,30.23008,0.0,0.0,0.0,0.0,-0.38833298134483013,-0.09138332995214175,1991,-0.10675516723118862,0.0,455,0.0,0.65,0.06800110911600771,0.9136273028023294,4211,-145.64227637000002,258.43,0.0,-0.030240667635861838,-0.6236551438168535,8386560,0.01,0.0,0.0,0.0,-0.16714960231989318,-0.17155806649187355,-0.5,-0.5342368364133463,0.0,0.0,-4.5950161411069986e-08,-0.7661943188276333,-0.22374226331341798,-0.0007240320961895351,0.0,-0.012403522593861757,-0.10511746016072902,0.016972575,17975,-19.874190711975096,0.175634765625,0.2,1.0013011693954468,0.9567906856536865,0.36217010021209717,0.00027210624,1.2792093396186828,-0.012109041423536837
9.765624741299285e-05,30.2416,0.0,0.0,0.0,0.0,-0.4027927943366977,-0.08896217283910489,1995,-0.10147152099524093,0.0,456,0.0,0.65,0.0686649924867513,1.0287198510187754,4211,-144.50963216999997,249.86,0.0,-0.030167992306072353,-0.6275737384461961,8404992,0.01,0.0,0.0,0.0,-0.15598097876186962,-0.16390207591116657,-0.5,-0.5281430758779327,0.0,0.0,-4.71150442048247e-08,-0.7877596626222458,-0.22024655495303025,-0.008153018691373741,0.0,-0.01134883998990214,-0.10523516979723592,0.01850603,17979,-19.870476913452148,0.1938720703125,0.2,1.0010502338409424,0.9607932567596436,0.33631598949432373,0.0002720448,1.226866888999939,-0.01240074187517166
0.000255533662210736,30.25312,0.0,0.0,0.0,0.0,-0.3769620520732697,-0.09741548043813336,2000,-0.10042129144378582,0.0,457,0.0,0.65,0.07482287064744525,0.9554335172310301,4211,-147.78534402000003,264.55,0.0,-0.029831861310348786,-0.6489949269855443,8423424,0.01,0.0,0.0,0.0,-0.16998885718659118,-0.17789096541988444,-0.5,-0.5150509572124783,0.0,0.0,-4.872926462810491e-08,-0.7456269348186042,-0.2257217903647096,-0.011765241603752724,0.0,-0.012235342204803601,-0.1052207787478727,0.01654215,17983,-19.868777084350587,0.17843017578125,0.2,1.00104558467865,0.9569109082221985,0.24937060475349426,0.00027198335999999997,1.2262200236320495,-0.012500024144537747
0.00010145391570404172,30.26464,0.0,0.0,0.0,0.0,-0.4035507502798221,-0.09830100330430222,2004,-0.10025375513285774,0.0,458,0.0,0.65,0.0689177519729245,1.0320765278633044,4211,-146.0363694,258.33,0.0,-0.02949917558717378,-0.626401172134075,8441856,0.01,0.0,0.0,0.0,-0.1756044791332009,-0.17178250117107124,-0.5,-0.5203913476355351,0.0,0.0,-4.885879061816108e-08,-0.757796794004125,-0.22321473294885422,-0.0021825269138447054,0.0,-0.01007076092193731,-0.10524691432612819,0.017180983,17987,-19.87216987609863,0.178515625,0.2,1.0012359619140625,0.9542039632797241,0.4050534665584564,0.00027192192,1.3582934021949769,-0.012142212595790625
0.00013454856687328883,30.27616,0.0,0.0,0.0,0.0,-0.39726056023819617,-0.101123899009638,2008,-0.10119720102606661,0.0,459,0.0,0.65,0.07088354184779906,0.9544926315367798,4211,-147.25690385,263.36,0.0,-0.02918814826988607,-0.6323818816736482,8460288,0.01,0.0,0.0,0.0,-0.17517874908363798,-0.17195248028004603,-0.5,-0.5705952504984612,0.0,0.0,-4.5716033122924774e-08,-0.7607244311702843,-0.21528177366715,-0.0004563115330484062,0.0,-0.011644244358952468,-0.10538611194450455,0.0147275375,17991,-19.86626033782959,0.155078125,0.2,1.0005099773406982,0.9584597945213318,0.3247685432434082,0.00027186048,1.2800556302070618,-0.011297477688640357
0.0001036240622246017,30.28768,0.0,0.0,0.0,0.0,-0.36453302419992384,-0.09853891629138894,2012,-0.10396505458316989,0.0,460,0.0,0.65,0.06444944666666935,0.7464261473192991,4211,-150.22594377,272.25,0.0,-0.0298133301165717,-0.5972325774497746,8478720,0.01,0.0,0.0,0.0,-0.16377992089846333,-0.16729569194243593,-0.5,-0.5659020282780279,0.0,0.0,-4.692732876385404e-08,-0.7553123721035688,-0.2211685596000954,-0.002611693741813106,0.0,-0.014670635534760853,-0.10542300355387794,0.015568644,17995,-19.86527576446533,0.16500244140625,0.2,1.0006166696548462,0.9615575671195984,0.28357744216918945,0.00027179904,1.1978745460510254,-0.009951343736611306
7.812496429930131e-05,30.2992,0.0,0.0,0.0,0.0,-0.3837128066333649,-0.09911458732116911,2017,-0.100799107422322,0.0,461,0.0,0.65,0.0718992366702236,0.9702569357130518,4212,-148.08820078,269.34,0.0,-0.02950293076546814,-0.6313208449780974,8497152,0.01,0.0,0.0,0.0,-0.17352500515516311,-0.17066458792970118,-0.5,-0.5237597955449692,0.0,0.0,-4.403198501465094e-08,-0.7528328525722643,-0.22086968999576254,-0.0020142468052441413,0.0,-0.01140837931759759,-0.10531901610078881,0.015093165,17999,-19.863371658325196,0.17359619140625,0.2,1.000575304031372,0.9595707654953003,0.34361863136291504,0.00027173759999999996,1.2531374752521516,-0.012018395797349512
0.00017740871084647046,30.31072,0.0,0.0,0.0,0.0,-0.4054140820875284,-0.09403539826109868,2022,-0.10655182470674958,0.0,462,0.0,0.65,0.07415114939963535,0.9968470274971408,4209,-145.26386216,257.76,0.0,-0.030196481174185566,-0.65581571473072,8515584,0.01,0.0,0.0,0.0,-0.17820737923269456,-0.16544906079748098,-0.5,-0.5266370283831159,0.0,0.0,-5.2933650477396746e-08,-0.7569756597305148,-0.21578281057375576,-0.0002955077721346911,0.0,-0.007964782643183652,-0.10529262142490663,0.013439092,18003,-19.860170936584474,0.155224609375,0.2,1.000159740447998,0.9569540023803711,0.4222218990325928,0.00027167616,1.382804024219513,-0.010611374117434024
0.00014648437111948928,30.32224,0.0,0.0,0.0,0.0,-0.38973726449353857,-0.09700322071588464,2027,-0.10658258611942671,0.0,463,0.0,0.65,0.0714715098884599,1.0139843613420156,4209,-147.26355761000002,263.38,0.0,-0.029582965810596367,-0.6387566997493516,8534016,0.01,0.0,0.0,0.0,-0.17633839193178485,-0.1691508762165,-0.5,-0.5291455102023925,0.0,0.0,-4.8102192329499686e-08,-0.7452493985054525,-0.2138447143251706,-0.006002066047475452,0.0,-0.014027190354277587,-0.10527509135134068,0.015555737,18007,-19.86010913848877,0.1682861328125,0.2,1.0000847578048706,0.9542478919029236,0.43336912989616394,0.00027161472,1.4679422795772552,-0.012577456887811422
0.00010959193847763042,30.333759999999998,0.0,0.0,0.0,0.0,-0.35974522955890603,-0.09865621389190188,2031,-0.09918273221287409,0.0,464,0.0,0.65,0.06878234274575017,0.9570036665857966,4209,-146.37718427,262.38,0.0,-0.029745825461130256,-0.6185318729564693,8552448,0.01,0.0,0.0,0.0,-0.17729499966943718,-0.178473568532595,-0.5,-0.5533869853261197,0.0,0.0,-5.437681016363368e-08,-0.7321200734989417,-0.2206732832302515,-0.008733163642163146,0.0,-0.01776932060278745,-0.10512290923243874,0.0146431755,18011,-19.864247131347657,0.14615478515625,0.2,1.000834584236145,0.9637264609336853,0.256070613861084,0.00027155327999999997,1.183869367837906,-0.0118287845980376
0.00012532548539133536,30.34528,0.0,0.0,0.0,0.0,-0.37835274165851773,-0.08685052741199967,2035,-0.10409116004977503,0.0,465,0.0,0.65,0.06646765314855102,0.9282688967460155,4209,-150.1188974,277.0,0.0,-0.030305520078375787,-0.6057500576266291,8570880,0.01,0.0,0.0,0.0,-0.1606844228776298,-0.17638597042646242,-0.5,-0.5082771426503025,0.0,0.0,-4.860734501983199e-08,-0.7610867071243521,-0.2172366071105499,-0.009670466935663598,0.0,-0.013841376245384,-0.10524412988781416,0.017609995,18015,-19.87552194595337,0.18741455078125,0.2,1.0019865036010742,0.9561435580253601,0.3335638642311096,0.00027149184,1.3620891213417052,-0.012382659688591957
0.00026367166558177106,30.3568,0.0,0.0,0.0,0.0,-0.4114882977227109,-0.09801890200223712,2040,-0.10123851986145799,0.0,466,0.0,0.65,0.06632326575797945,1.1056886993142812,4210,-148.35766784999998,276.05,0.0,-0.029509372460644112,-0.634607006287855,8589312,0.01,0.0,0.0,0.0,-0.17297893527503883,-0.1706389199565153,-0.5,-0.5287100819210269,0.0,0.0,-5.1295689264884145e-08,-0.7560612654106198,-0.212326966415663,-0.0017336389903641264,0.0,-0.010746487303145437,-0.1051635508684727,0.016288042,18019,-19.877695083618164,0.17396240234375,0.2,1.0017114877700806,0.9590586423873901,0.2972564995288849,0.0002714304,1.2269488751888276,-0.011532324913423509
0.0001703558179239432,30.36832,0.0,0.0,0.0,0.0,-0.38383153278988763,-0.09536739435165618,2044,-0.10200507760219615,0.0,467,0.0,0.65,0.07293266280186418,0.9090049671536211,4210,-147.21767481,266.56,0.0,-0.029466155739522864,-0.6022878397581306,8607744,0.01,0.0,0.0,0.0,-0.1807987459552524,-0.16960743083540838,-0.5,-0.5210369873642863,0.0,0.0,-5.3299952840233045e-08,-0.7446700547267621,-0.2059557202747724,-0.0015957951217569538,0.0,-0.01026173670996084,-0.10527876061693026,0.014357102,18023,-19.872234535217284,0.14952392578125,0.2,1.0010547637939453,0.947304368019104,0.3878411054611206,0.00027136896,1.4780402302742004,-0.012540682376129552
0.0003282332876955883,30.37984,0.0,0.0,0.0,0.0,-0.3743952179789098,-0.09552159126591445,2048,-0.1202678492889447,0.0,468,0.0,0.65,0.07440416841845585,0.939446173587473,4210,-146.54728449,261.52,0.0,-0.02980187635039839,-0.6132731602279796,8626176,0.01,0.0,0.0,0.0,-0.16477785365034275,-0.20795148889316584,-0.5,-0.5198191156598404,0.0,0.0,-5.702666422765763e-08,-0.7188845602862559,-0.21628251478799923,-0.05956262279334203,0.0,-0.01202253181125141,-0.10524804248875301,0.01871224,18027,-19.872994136810302,0.1794189453125,0.2,1.0013635158538818,0.9595305323600769,0.39653536677360535,0.00027130751999999996,1.285813969373703,-0.011585732409730553
0.00015624987362470065,30.39136,0.0,0.0,0.0,0.0,-0.4016846605008675,-0.09499583368469816,2053,-0.09138229743712895,0.0,469,0.0,0.65,0.06682309485757858,1.016167165244851,4210,-146.90459681000002,268.71,0.0,-0.029201186116395512,-0.6457071257387104,8644608,0.01,0.0,0.0,0.0,-0.16573505016399015,-0.168852214051202,-0.5,-0.5200353675567188,0.0,0.0,-5.001864587904313e-08,-0.7639961566221443,-0.20983966827064884,-0.0001561223905487846,0.0,-0.02276429280431734,-0.10555164109181453,0.015344644,18031,-19.8763388633728,0.18638916015625,0.2,1.0016947984695435,0.9512993693351746,0.4475960433483124,0.00027124608,1.5668989717960358,-0.013431418978143483
0.00023925764576738907,30.40288,0.0,0.0,0.0,0.0,-0.355942981801557,-0.09802510757789741,2057,-0.10392912212997013,0.0,470,0.0,0.65,0.0702595625948173,0.764836169607128,4210,-148.6411577,272.9,0.0,-0.029149561479661554,-0.6121541471963539,8663040,0.01,0.0,0.0,0.0,-0.17513217441658324,-0.19046016133076815,-0.5,-0.5285720289432024,0.0,0.0,-4.960000351154795e-08,-0.7371935448963429,-0.2159966963790147,-0.019378560939981995,0.0,-0.012595580522126207,-0.10574865167685917,0.01550851,18035,-19.87877502441406,0.1416015625,0.2,1.0022099018096924,0.9596730470657349,0.3547406792640686,0.00027118464,1.245900160074234,-0.012568468909012153
9.657112726320823e-05,30.4144,0.0,0.0,0.0,0.0,-0.36177270064636524,-0.09357244338914844,2061,-0.10523387204587738,0.0,471,0.0,0.65,0.06617556090398029,0.880409203401612,4210,-147.8445598,262.52,0.0,-0.02989751900016286,-0.6217226005736523,8681472,0.01,0.0,0.0,0.0,-0.165007942596429,-0.17709297337781119,-0.5,-0.5010221203749652,0.0,0.0,-4.725534765677427e-08,-0.7337885102722597,-0.21837783980820943,-0.011830471550314449,0.0,-0.010526222603706023,-0.1052786352439761,0.013886906,18039,-19.876139545440672,0.1625,0.2,1.0014474391937256,0.9626247882843018,0.39504700899124146,0.00027112319999999997,1.3505779266357423,-0.012842775473836809
0.00023871514390015768,30.425919999999998,0.0,0.0,0.0,0.0,-0.35611947218297435,-0.09380916852453539,2066,-0.11167287985919604,0.0,472,0.0,0.65,0.06672255990859122,0.8652048013512947,4210,-151.95005611,283.68,0.0,-0.030428543579197095,-0.6009901904181463,8699904,0.01,0.0,0.0,0.0,-0.1688477599032204,-0.17682859146890598,-0.5,-0.5265490032959884,0.0,0.0,-5.2888153878285825e-08,-0.743642089257422,-0.21896193463185146,-0.021683760334356757,0.0,-0.01375036342748596,-0.10543554047794589,0.015999021,18043,-19.875731563568117,0.16839599609375,0.2,1.0019725561141968,0.9509906768798828,0.5159764289855957,0.00027106176,1.649984109401703,-0.013186970085371286
8.246516679517097e-05,30.43744,0.0,0.0,0.0,0.0,-0.38609594219732263,-0.10545593133563921,2070,-0.09278843662092405,0.0,473,0.0,0.65,0.06963675352999969,1.0718507990867603,4210,-151.43292219,295.37,0.0,-0.029589180928170773,-0.6212831714692546,8718336,0.01,0.0,0.0,0.0,-0.1688044257845994,-0.1783480129247892,-0.5,-0.5119061794127321,0.0,0.0,-4.689310625370047e-08,-0.7589568542844944,-0.2114601362586484,-0.0014159253580122494,0.0,-0.014424593765094565,-0.1054283572037357,0.013095553,18047,-19.876069164276124,0.1434814453125,0.2,1.001406192779541,0.9537644982337952,0.4488270878791809,0.00027100032,1.619918417930603,-0.013156268466264009
3.146697741208805e-05,30.44896,0.0,0.0,0.0,0.0,-0.3802393730653338,-0.11186402315405794,2074,-0.09857203264787343,0.0,474,0.0,0.65,0.05964315094961311,0.9417158905594499,4210,-149.73521371999996,285.89,0.0,-0.030395988707515087,-0.6281572145397288,8736768,0.01,0.0,0.0,0.0,-0.1699172161548912,-0.16161489956315178,-0.5,-0.5511489366225756,0.0,0.0,-4.7580183715541765e-08,-0.7739357816589064,-0.21416389073695674,-0.00355984439634294,0.0,-0.018387665461179696,-0.10531050285558895,0.012463775,18051,-19.87193555831909,0.141796875,0.2,1.0010982751846313,0.9602707028388977,0.3536279797554016,0.00027093888,1.3079083144664765,-0.011067370930686594
7.64973099446959e-05,30.46048,0.0,0.0,0.0,0.0,-0.38299289499723144,-0.09559373927354714,2079,-0.09601065667357972,0.0,475,0.0,0.65,0.06461215605329335,0.9034189393456413,4210,-149.95635201,280.77,0.0,-0.029702907893199175,-0.6184235431358984,8755200,0.01,0.0,0.0,0.0,-0.16589797817367447,-0.1605030060369167,-0.5,-0.5459361911260247,0.0,0.0,-4.5114828101672404e-08,-0.7860816268175738,-0.21866542674089812,-0.002670836793036707,0.0,-0.011501558310960213,-0.10534231043347936,0.01616222,18055,-19.871161365509032,0.15814208984375,0.2,1.0010945796966553,0.9620441198348999,0.30570727586746216,0.00027087744,1.2505445957183838,-0.01301344893872738
8.083763532340527e-05,30.472,0.0,0.0,0.0,0.0,-0.38807588991588365,-0.10405064106973347,2083,-0.09664576660126305,0.0,476,0.0,0.65,0.06750027995195228,0.9434320305320136,4210,-147.60996218,274.87,0.0,-0.030186747407834842,-0.6296699591578687,8773632,0.01,0.0,0.0,0.0,-0.17115661095929316,-0.170763711102454,-0.5,-0.5246052324794075,0.0,0.0,-5.0604740522020925e-08,-0.7464719964693297,-0.20999564254498237,-0.0005438433823250787,0.0,-0.015028297445193553,-0.10533113527365146,0.014528465,18059,-19.8734920501709,0.15576171875,0.2,1.0013524293899536,0.9660131931304932,0.32704493403434753,0.000270816,1.2501568436622619,-0.011993208806961775
7.975250547234382e-05,30.48352,0.0,0.0,0.0,0.0,-0.3962955935348138,-0.10252196856917721,2087,-0.1049067423041517,0.0,477,0.0,0.65,0.07086616777670668,1.0888564229009952,4210,-145.59076896,269.84,0.0,-0.030012371749726652,-0.65369316391839,8792064,0.01,0.0,0.0,0.0,-0.16873667955992425,-0.15899443662601087,-0.5,-0.5137927309266097,0.0,0.0,-4.913412602402119e-08,-0.7384096003248466,-0.21957597940402565,-0.004765410338703412,0.0,-0.014146681207219243,-0.10511979973118889,0.016398717,18063,-19.869079303741454,0.15870361328125,0.2,1.000760555267334,0.9664053320884705,0.3291172981262207,0.00027075456,1.2381221055984497,-0.014209703844971954
9.765624741299285e-05,30.49504,0.0,0.0,0.0,0.0,-0.3763018345800278,-0.09896172359951763,2092,-0.10576546370168195,0.0,478,0.0,0.65,0.06802489908415979,0.9246214150459257,4210,-147.56232018,274.18,0.0,-0.030376571559131482,-0.63384652605463,8810496,0.01,0.0,0.0,0.0,-0.1637882477927772,-0.16952671570118688,-0.5,-0.5111457850945048,0.0,0.0,-5.377892606729989e-08,-0.7518202680725673,-0.2110288467770266,-0.0075685800731303725,0.0,-0.013912441884814244,-0.10540135111003368,0.016012464,18067,-19.869959449768068,0.1750244140625,0.2,1.0010870695114136,0.9636432528495789,0.3387279510498047,0.00027069311999999997,1.277608036994934,-0.013570049870759248
6.239144972318577e-05,30.50656,0.0,0.0,0.0,0.0,-0.3919846541499716,-0.09344682906431649,2096,-0.10028482782628184,0.0,479,0.0,0.65,0.07449994352932832,1.0559797971642446,4210,-143.43055464999998,259.34,0.0,-0.029913909761313955,-0.6778784164709953,8828928,0.01,0.0,0.0,0.0,-0.1636860061446531,-0.16547666509362943,-0.5,-0.47411058587104776,0.0,0.0,-5.585281925438321e-08,-0.7432180307539967,-0.21476206133496822,-0.010092591366530797,0.0,-0.013783454241800226,-0.1053617757555963,0.0156671,18071,-19.87194938659668,0.160986328125,0.2,1.0013692378997803,0.9637036919593811,0.33677563071250916,0.00027063168,1.3455124199390411,-0.014823290472850203
0.00017849382129497826,30.518079999999998,0.0,0.0,0.0,0.0,-0.33078552659741906,-0.10248746351680196,2100,-0.10407866055032754,0.0,480,0.0,0.65,0.07058219277613978,0.8176754732580496,4211,-147.32647505999998,269.5,0.0,-0.029857657183156645,-0.6355525411783403,8847360,0.01,0.0,0.0,0.0,-0.17335362517896813,-0.18183403500744363,-0.5,-0.5109825177710382,0.0,0.0,-5.001188338150733e-08,-0.7101035427936558,-0.2242069474627407,-0.010369626989242178,0.0,-0.015851593780098483,-0.10562345002763049,0.019242514,18075,-19.865682792663574,0.17213134765625,0.2,1.0002912282943726,0.9573351144790649,0.41467249393463135,0.00027057024,1.4795526564121246,-0.01271451443899423
0.00022949188779522147,30.529600000000002,0.0,0.0,0.0,0.0,-0.3858707814201398,-0.08844689765160058,2105,-0.09857944452583783,0.0,481,0.0,0.65,0.07649303922798335,0.9197886057772549,4211,-145.27999581999998,255.21,0.0,-0.029798487371372053,-0.6236035738663067,8865792,0.01,0.0,0.0,0.0,-0.1675650326911772,-0.1731710321228993,-0.5,-0.4975774546714962,0.0,0.0,-5.0175919786995526e-08,-0.7366811162908996,-0.21225993109104552,-0.012939616389147805,0.0,-0.011642621299769316,-0.10553195786411479,0.015205647,18079,-19.864612865448,0.1372802734375,0.2,1.000586748123169,0.9478738903999329,0.5821885466575623,0.0002705088,1.8649630546569824,-0.013009322271682323
0.00015407974003917642,30.54112,0.0,0.0,0.0,0.0,-0.36800973147000454,-0.10852796353280797,2109,-0.10063047930638906,0.0,482,0.0,0.65,0.06606380669980788,0.9623587860622208,4211,-144.58831623,263.67,0.0,-0.029258687273175082,-0.6466457541469952,8884224,0.01,0.0,0.0,0.0,-0.16920473568948924,-0.16931131197662927,-0.5,-0.5236673510794329,0.0,0.0,-4.9744953042615076e-08,-0.7383422774861693,-0.2165598153802962,-0.00817308556947107,0.0,-0.014136780076013464,-0.10556719099878441,0.01257849,18083,-19.868732929229736,0.13450927734375,0.2,1.0009896755218506,0.9563286304473877,0.6055095195770264,0.00027044736,1.7516254484653473,-0.011833413958083839
8.13799366975824e-06,30.55264,0.0,0.0,0.0,0.0,-0.36840377924608886,-0.0995734688819731,2113,-0.1020150017735692,0.0,483,0.0,0.65,0.06773020767990787,1.0179504712329785,4211,-145.59900441000002,271.11,0.0,-0.029410225744178856,-0.6135453106670244,8902656,0.01,0.0,0.0,0.0,-0.1686667171030413,-0.1690002009137176,-0.5,-0.5150914161732023,0.0,0.0,-4.520422711548375e-08,-0.7302152791131761,-0.21110420605105848,-0.015388053052657533,0.0,-0.01032358521317494,-0.10547868857067247,0.012705514,18087,-19.870742797851562,0.1279296875,0.2,1.0008118152618408,0.961101233959198,0.5412604808807373,0.00027038592,1.4868525922298432,-0.010930305859073997
0.00032280781629702286,30.56416,0.0,0.0,0.0,0.0,-0.36218907646495235,-0.09857795014217267,2118,-0.11252460940978572,0.0,484,0.0,0.65,0.07129142637261104,0.738375023298754,4211,-150.36662056,285.43,0.0,-0.0297669551013734,-0.602888758514912,8921088,0.01,0.0,0.0,0.0,-0.1668980426691211,-0.18675344047883524,-0.5,-0.5285380981514441,0.0,0.0,-4.590618157844634e-08,-0.7350261067424181,-0.20894610550907466,-0.027584899075748435,0.0,-0.020528235986906413,-0.10553529433305703,0.015079418,18091,-19.868241596221925,0.13131103515625,0.2,1.0005772113800049,0.9552376866340637,0.41034042835235596,0.00027032448,1.6361514747142791,-0.011244134686421603
5.425345605342752e-05,30.57568,0.0,0.0,0.0,0.0,-0.3677113931129791,-0.09493649606329872,2122,-0.10714686542372508,0.0,485,0.0,0.65,0.06572469773949377,0.891810285472293,4211,-151.65354460000003,288.9,0.0,-0.029320760602061686,-0.6246670800785892,8939520,0.01,0.0,0.0,0.0,-0.16585362454458236,-0.1717342943433335,-0.5,-0.5106539542568584,0.0,0.0,-5.397313369060958e-08,-0.7392978341175002,-0.2123883767954466,-0.00031979768084535023,0.0,-0.02082270667758874,-0.10583770879640005,0.016492374,18095,-19.870082950592042,0.16546630859375,0.2,1.000929355621338,0.9576407670974731,0.39251965284347534,0.00027026304,1.5074700951576232,-0.015119654568843543
0.00012695302656437788,30.5872,0.0,0.0,0.0,0.0,-0.3970118027073486,-0.09854255456149194,2126,-0.09801558426417181,0.0,486,0.0,0.65,0.06694091091321158,1.0337986296797075,4211,-146.62804777999997,269.61,0.0,-0.02865317584703221,-0.6346733326276491,8957952,0.01,0.0,0.0,0.0,-0.16151541351061172,-0.16470952827835073,-0.5,-0.5145102323311304,0.0,0.0,-5.194192708439624e-08,-0.7523527555839312,-0.21535451457482807,-0.007762276146478135,0.0,-0.02281827429477643,-0.10565687140160415,0.01356487,18099,-19.869387912750245,0.1416748046875,0.2,1.0009865760803223,0.9549973607063293,0.4311876893043518,0.0002702016,1.482426381111145,-0.01213955192361027
0.00023111962946131825,30.59872,0.0,0.0,0.0,0.0,-0.3872429537374739,-0.09460846121307309,2131,-0.10265275123054327,0.0,487,0.0,0.65,0.07066970696380988,0.8908925738751601,4211,-146.11135117,265.74,0.0,-0.029202647224182348,-0.609337524884257,8976384,0.01,0.0,0.0,0.0,-0.170700542858116,-0.16712490746792918,-0.5,-0.5198138449691145,0.0,0.0,-5.1156815616640366e-08,-0.7295488279387811,-0.2156164742724281,-0.0019540317058819915,0.0,-0.009640807646469006,-0.1056182335298947,0.012227972,18103,-19.86493835449219,0.118212890625,0.2,1.0001758337020874,0.9594480991363525,0.3319874107837677,0.00027014016,1.3786206066608429,-0.010225937934592366
0.0001367186228485985,30.61024,0.0,0.0,0.0,0.0,-0.37387788566686475,-0.09347338968499738,2135,-0.10310726738147374,0.0,488,0.0,0.65,0.07251330896037136,0.9455887833680366,4211,-148.35273921,278.29,0.0,-0.03032823568841765,-0.6332332002877341,8994816,0.01,0.0,0.0,0.0,-0.18437743073286145,-0.17246329588776457,-0.5,-0.4948562616896413,0.0,0.0,-6.013431858996066e-08,-0.7091436802779597,-0.20240216572313272,-0.0034625705403726146,0.0,-0.009661016641378714,-0.1058132143992495,0.015431618,18107,-19.863075923919677,0.1509033203125,0.2,1.0005145072937012,0.950779378414154,0.534416139125824,0.00027007872,1.6550855457782745,-0.013761815475299954
8.843306245075332e-05,30.621760000000002,0.0,0.0,0.0,0.0,-0.3871673175501636,-0.09543549656856713,2141,-0.10174555124422638,0.0,489,0.0,0.65,0.06654130670251057,0.9220234355794611,4209,-147.32842466999998,275.53,0.0,-0.02867754687142577,-0.6034563335634244,9013248,0.01,0.0,0.0,0.0,-0.15225761013493455,-0.16637190825498696,-0.5,-0.5113890844845509,0.0,0.0,-4.466851237699834e-08,-0.7580703251293335,-0.21656582580556188,-0.00893489023602774,0.0,-0.012678858355179222,-0.10603880431778832,0.014814293,18111,-19.86692714691162,0.15865478515625,0.2,1.0008219480514526,0.9516812562942505,0.5710738301277161,0.00027001728,1.809393048286438,-0.013430516357766464
0.00014811186055238877,30.63328,0.0,0.0,0.0,0.0,-0.37211529881295047,-0.09269049816849469,2145,-0.10062208569657834,0.0,490,0.0,0.65,0.06851650608471035,0.9071724064557449,4209,-144.74869378999998,260.69,0.0,-0.028700685717570593,-0.6490316112638259,9031680,0.01,0.0,0.0,0.0,-0.17123259760357368,-0.17414556024147673,-0.5,-0.4843614720317886,0.0,0.0,-5.3374662795015395e-08,-0.7120296168250724,-0.21625676647343023,-0.01286909652572872,0.0,-0.009049850042275567,-0.10575888958379423,0.011614047,18115,-19.865909576416016,0.122265625,0.2,1.0006630420684814,0.9621438384056091,0.4397793412208557,0.00026995584,1.3788258850574493,-0.011690297478344292
0.00015462221927009523,30.6448,0.0,0.0,0.0,0.0,-0.37072442032077724,-0.10168053232842145,2149,-0.10576093158744704,0.0,491,0.0,0.65,0.06757935954518451,0.8977880557055842,4209,-145.65741929,267.4,0.0,-0.02904152299149136,-0.643120808563725,9050112,0.01,0.0,0.0,0.0,-0.16536947743100824,-0.1623525270426879,-0.5,-0.5009000857849758,0.0,0.0,-4.884221669368856e-08,-0.7428538440798387,-0.21369223751651775,-0.001642258589290344,0.0,-0.014665613714088168,-0.10573488421095677,0.013545463,18119,-19.865069007873537,0.13331298828125,0.2,1.0007375478744507,0.9546820521354675,0.544869065284729,0.0002698944,1.8463880956172942,-0.010815308173187077
8.789056058352192e-05,30.65632,0.0,0.0,0.0,0.0,-0.3665211312490013,-0.09640694413613625,2154,-0.10184122653206612,0.0,492,0.0,0.65,0.06418909445228728,0.8236852191249443,4209,-151.44028199000002,289.08,0.0,-0.028771133180805722,-0.6048099945764324,9068544,0.01,0.0,0.0,0.0,-0.16778846720365365,-0.16315426275331207,-0.5,-0.5341881887675399,0.0,0.0,-4.938096259449508e-08,-0.7453896154936955,-0.21243938205922153,-0.0010755786071819343,0.0,-0.010969337016124174,-0.10588179752961638,0.015513264,18123,-19.86772918701172,0.17503662109375,0.2,1.0007758140563965,0.9583554267883301,0.5685220956802368,0.00026983296000000003,1.630665934085846,-0.012455537484493106
0.000158420000742707,30.667839999999998,0.0,0.0,0.0,0.0,-0.38079255316356947,-0.09594525880227762,2158,-0.09792534418567321,0.0,493,0.0,0.65,0.07037812113742895,1.0771744584133853,4209,-148.41008629,275.68,0.0,-0.02884928900388483,-0.6428348933586823,9086976,0.01,0.0,0.0,0.0,-0.17304250754130832,-0.16736195056532743,-0.5,-0.5192502793771714,0.0,0.0,-5.111854685644882e-08,-0.7508146865944376,-0.21835950308182525,-0.014618691255281542,0.0,-0.01235876437891016,-0.10594431281315027,0.015426924,18127,-19.866918659210206,0.14268798828125,0.2,1.0010788440704346,0.9593479633331299,0.4783891439437866,0.00026977152,1.5370582580566405,-0.013354728044942022
0.00019802490714937449,30.67936,0.0,0.0,0.0,0.0,-0.3729239011994926,-0.09595434725120627,2162,-0.1045807007380341,0.0,494,0.0,0.65,0.07234715646737161,0.9765972764107295,4209,-146.70664771,269.26,0.0,-0.029104689136862445,-0.6541192171934266,9105408,0.01,0.0,0.0,0.0,-0.1692879102121523,-0.16351252459934346,-0.5,-0.4957659889784502,0.0,0.0,-4.830565135871672e-08,-0.717978517330869,-0.21923668436452842,-0.004643080191246469,0.0,-0.012969250559561059,-0.10576459035732011,0.015507402,18131,-19.872425270080566,0.13907470703125,0.2,1.0015074014663696,0.9578215479850769,0.47524696588516235,0.00026971008,1.5016059398651123,-0.012682804744690657
0.00023003456751919456,30.69088,0.0,0.0,0.0,0.0,-0.3646695130520299,-0.09066269039575926,2167,-0.11041800747385103,0.0,495,0.0,0.65,0.06809873981464296,0.9476397188398528,4209,-146.85762411,273.0,0.0,-0.02826308208781657,-0.6218268377810591,9123840,0.01,0.0,0.0,0.0,-0.15239527366369024,-0.1834569231648281,-0.5,-0.5127829960973285,0.0,0.0,-4.775827370047917e-08,-0.7296015200644157,-0.2148877756288337,-0.03334706136013319,0.0,-0.017704077886365768,-0.1058631642943661,0.01441482,18135,-19.875100517272948,0.15465087890625,0.2,1.001579999923706,0.9608863592147827,0.35871729254722595,0.00026964864,1.4552307903766633,-0.01190546658472158
0.00024576804652396176,30.7024,0.0,0.0,0.0,0.0,-0.3836514678568666,-0.1027161642827762,2171,-0.10474266464869916,0.0,496,0.0,0.65,0.06927575478939385,0.9967383032943009,4209,-147.5792783,282.26,0.0,-0.02940702772430747,-0.6287433499804671,9142272,0.01,0.0,0.0,0.0,-0.16893406805157862,-0.18106494759522887,-0.5,-0.5070535095833765,0.0,0.0,-4.5467348385905357e-08,-0.7225030585194668,-0.20405934438899365,-0.03238615202058446,0.0,-0.019967398714571673,-0.10567911212261137,0.013868704,18139,-19.875220108032227,0.157958984375,0.2,1.0015020370483398,0.9568714499473572,0.519006609916687,0.0002695872,1.627554315328598,-0.011692464759107679
0.000222439059547873,30.71392,0.0,0.0,0.0,0.0,-0.3689402726089926,-0.08574437422801134,2175,-0.11183408955891866,0.0,497,0.0,0.65,0.06536019408736465,0.9451951611774498,4210,-146.55393786000002,273.84,0.0,-0.029222151066283897,-0.6257602060609312,9160704,0.01,0.0,0.0,0.0,-0.1515326197072119,-0.16603153877472454,-0.5,-0.5076114997908241,0.0,0.0,-5.1512340445124245e-08,-0.7393730845696608,-0.2174904411196105,-0.022573021257159133,0.0,-0.01447939321547488,-0.1057800876647489,0.014874962,18143,-19.87423620223999,0.15074462890625,0.2,1.0013214349746704,0.9631473422050476,0.4100213944911957,0.00026952576,1.5135068535804748,-0.01119446930824779
8.355029664623241e-05,30.72544,0.0,0.0,0.0,0.0,-0.35189207505842524,-0.09476108937575567,2180,-0.11216416946465037,0.0,498,0.0,0.65,0.07143863528705449,0.7839267973203524,4210,-149.77909783,283.16,0.0,-0.029630395460925565,-0.5956533480774392,9179136,0.01,0.0,0.0,0.0,-0.19309238809563622,-0.1738130917005387,-0.5,-0.5039114368226887,0.0,0.0,-5.259601530721027e-08,-0.6980600510513005,-0.20175780872589144,-0.019770874938727426,0.0,-0.009810620403085422,-0.1059288201898761,0.01604716,18147,-19.870663261413576,0.1684814453125,0.2,1.0013068914413452,0.9589195251464844,0.4657551646232605,0.00026946432,1.560863184928894,-0.014659428922459482
0.00015733490969675282,30.73696,0.0,0.0,0.0,0.0,-0.3790752731764015,-0.09574640277210932,2184,-0.11073123512192753,0.0,499,0.0,0.65,0.06405417067925054,0.9864229610597156,4210,-148.48470163,281.94,0.0,-0.02938601529307673,-0.641210214376218,9197568,0.01,0.0,0.0,0.0,-0.16908183141249322,-0.16491277947325356,-0.5,-0.4972186114123114,0.0,0.0,-4.659319354437784e-08,-0.736304459451536,-0.2214436347982805,-0.012361845711778778,0.0,-0.01663243514970721,-0.10593495182960896,0.01620983,18151,-19.87269821166992,0.18094482421875,0.2,1.001395583152771,0.9554757475852966,0.5732179284095764,0.00026940288,1.8486051321029664,-0.012198160227853805
0.00011447477865860694,30.74848,0.0,0.0,0.0,0.0,-0.3759415632370348,-0.08883617727760311,2188,-0.10966454705135054,0.0,500,0.0,0.65,0.07106649639025962,0.9188939215467504,4210,-147.37799538,271.45,0.0,-0.028573015405726827,-0.6332772472655288,9216000,0.01,0.0,0.0,0.0,-0.17821970281971186,-0.15826807081372327,-0.5,-0.4990765407079513,0.0,0.0,-5.365840081672092e-08,-0.7195081644088067,-0.22087464598317713,-0.0011488416614449518,0.0,-0.011517568263419284,-0.10584218155722783,0.014199778,18155,-19.86916275024414,0.14632568359375,0.2,1.0006167888641357,0.9460984468460083,0.5926920175552368,0.00026934144,1.818106758594513,-0.012884292181115597
4.069003949148787e-05,30.759999999999998,0.0,0.0,0.0,0.0,-0.3933149167548009,-0.0898635942488624,2193,-0.1073420465999166,0.0,501,0.0,0.65,0.06832176192307715,1.007872694269808,4210,-147.20182265,269.87,0.0,-0.02927084115045966,-0.6388870037918115,9234432,0.01,0.0,0.0,0.0,-0.16395648952820696,-0.15839218508733102,-0.5,-0.4783058602654551,0.0,0.0,-5.0639317896600964e-08,-0.7386223215650936,-0.2140574267287566,-0.00034905741533725683,0.0,-0.013352685189197978,-0.10590114783958901,0.014328872,18159,-19.869367694854738,0.14332275390625,0.2,1.0012385845184326,0.962706446647644,0.504522442817688,0.00026928,1.4828676998615264,-0.013063119596336038
0.00021538615045655105,30.77152,0.0,0.0,0.0,0.0,-0.3861889022060218,-0.09694843872379483,2197,-0.11057436267604967,0.0,502,0.0,0.65,0.06599599222025325,1.025231857571701,4210,-145.94746694,275.77,0.0,-0.028656888860940928,-0.6534242948338214,9252864,0.01,0.0,0.0,0.0,-0.16307634419748868,-0.1622874586913944,-0.5,-0.46911806802485906,0.0,0.0,-5.001931565450725e-08,-0.7230362078848727,-0.22211010234636214,-0.0070434873924292195,0.0,-0.013516392416527702,-0.10582734844957305,0.013736373,18163,-19.871605587005615,0.1523193359375,0.2,1.0010411739349365,0.9522061944007874,0.5808165669441223,0.00026921856,1.7480225443840027,-0.01170972160762176
0.0,30.78304,0.0,0.0,0.0,0.0,-0.38841655644530027,-0.10103324024192306,2201,-0.10443058725732475,0.0,503,0.0,0.65,0.06729089463995398,0.9079702740686775,4210,-149.24517982999998,280.49,0.0,-0.02888642510343346,-0.6350400631066273,9271296,0.01,0.0,0.0,0.0,-0.17737626621930203,-0.16747545029293773,-0.5,-0.5507656417907909,0.0,0.0,-4.8676581102747064e-08,-0.7361328546415282,-0.21374893215867355,-0.01206106602791269,0.0,-0.015070754168037739,-0.10596947612748277,0.015671512,18167,-19.8713418006897,0.1551025390625,0.2,1.0012167692184448,0.9594030976295471,0.3751358091831207,0.00026915712,1.5314041018486022,-0.014241126598790288
1.085058708364765e-06,30.79456,0.0,0.0,0.0,0.0,-0.39985162559906623,-0.09671438202009124,2206,-0.09766190167370684,0.0,504,0.0,0.65,0.06743152286213876,1.0540321311838572,4210,-144.69419071000002,269.73,0.0,-0.02917477520472711,-0.6443947030655267,9289728,0.01,0.0,0.0,0.0,-0.1650966875316716,-0.1595967888007326,-0.5,-0.5098713101973334,0.0,0.0,-5.175682232992025e-08,-0.7678396659279243,-0.21741242932024868,-0.010644945192721498,0.0,-0.013241871978001049,-0.10569182791960975,0.014767234,18171,-19.871880340576173,0.15345458984375,0.2,1.0013004541397095,0.9672769904136658,0.4455873370170593,0.00026909568,1.4255893886089326,-0.011568425758741795
0.00010525166483906408,30.80608,0.0,0.0,0.0,0.0,-0.38938577015669523,-0.09125999333889193,2210,-0.10193749366931239,0.0,505,0.0,0.65,0.06412416714300018,0.9104293329650943,4210,-147.41760892,281.95,0.0,-0.02868604127997228,-0.5794115083935503,9308160,0.01,0.0,0.0,0.0,-0.1543021011170766,-0.1586910270035966,-0.5,-0.4830923392842078,0.0,0.0,-4.220406804067547e-08,-0.7384011484266985,-0.2187951176101682,-0.008459530555474017,0.0,-0.011255250550069226,-0.10602529008308748,0.015836574,18175,-19.871025371551514,0.1534912109375,0.2,1.0010716915130615,0.9664870500564575,0.43261319398880005,0.00026903424,1.4512571454048158,-0.011348240519873798
0.0003325735581003957,30.8176,0.0,0.0,0.0,0.0,-0.3789456940508387,-0.09296703828551227,2214,-0.1068688120545371,0.0,506,0.0,0.65,0.06923608024314498,0.9028653389352509,4210,-148.28411154000003,282.61,0.0,-0.029386202633983734,-0.6195124087805861,9326592,0.01,0.0,0.0,0.0,-0.16236652410355082,-0.16776761341197333,-0.5,-0.48812344564843485,0.0,0.0,-5.140298802990748e-08,-0.7197789116587862,-0.21428160500698734,-0.01608408810245394,0.0,-0.01511944638170664,-0.10582906034283751,0.01585767,18179,-19.870351314544678,0.16630859375,0.2,1.000819206237793,0.9600415229797363,0.4445549249649048,0.00026897280000000003,1.4729596197605133,-0.009549855103250593
9.657112726320823e-05,30.82912,0.0,0.0,0.0,0.0,-0.37644867953637223,-0.10531162001089744,2219,-0.10407741756430505,0.0,507,0.0,0.65,0.06246753972624245,1.0131959574041396,4211,-147.56506376000002,286.91,0.0,-0.028813404753918095,-0.623453153531131,9345024,0.01,0.0,0.0,0.0,-0.1664815628814286,-0.16115274803660426,-0.5,-0.5295118600579904,0.0,0.0,-4.849757896077877e-08,-0.7417072660349537,-0.21167188145593807,-0.009436347461401406,0.0,-0.015486195677011792,-0.10600120720407105,0.015070525,18183,-19.869579601287843,0.15423583984375,0.2,1.000970482826233,0.9651473760604858,0.40140730142593384,0.00026891136,1.4530628204345704,-0.011300694046076388
9.765624741299285e-05,30.84064,0.0,0.0,0.0,0.0,-0.40240266953706505,-0.1005022104242344,2223,-0.09733155563513052,0.0,508,0.0,0.65,0.06377891015600406,0.9792384578073619,4211,-148.84468846,287.1,0.0,-0.028550494398351087,-0.6273287213743882,9363456,0.01,0.0,0.0,0.0,-0.16065159986085825,-0.16119748309758888,-0.5,-0.5099533902854241,0.0,0.0,-4.8454645586001694e-08,-0.7644242844855008,-0.20933308791582717,-0.016112070999917787,0.0,-0.01766948627482634,-0.10577123380764585,0.013758908,18187,-19.868429470062257,0.16004638671875,0.2,1.0007896423339844,0.9651241302490234,0.4110719859600067,0.00026884992,1.4146810293197631,-0.009530567121692002
0.00015679244016711082,30.852159999999998,0.0,0.0,0.0,0.0,-0.3729267031938563,-0.09524772318337743,2227,-0.11416816119944381,0.0,509,0.0,0.65,0.06692013915762311,0.8961179323085662,4211,-148.15836438999997,276.27,0.0,-0.028897944851486865,-0.6583032935129671,9381888,0.01,0.0,0.0,0.0,-0.17424998619238669,-0.164749370516049,-0.5,-0.5327275690249496,0.0,0.0,-5.202160718585236e-08,-0.7134434182717267,-0.2162842393948919,-0.01922522012002957,0.0,-0.016610327545398224,-0.10581207334225645,0.015929453,18191,-19.871462059020995,0.18018798828125,0.2,1.0014294385910034,0.9648979902267456,0.44765087962150574,0.00026878848,1.5465511500835418,-0.011435850465204567
9.765624741299285e-05,30.86368,0.0,0.0,0.0,0.0,-0.38132435973624124,-0.11096239180803436,2232,-0.10583637947480379,0.0,510,0.0,0.65,0.06640638443382586,1.0673429415937528,4211,-145.98203894999997,280.67,0.0,-0.028454627300436623,-0.6699586264331289,9400320,0.01,0.0,0.0,0.0,-0.1678882422707585,-0.1651263955296557,-0.5,-0.4885778387103049,0.0,0.0,-4.956934207360349e-08,-0.7278294465352451,-0.2131362796760238,-0.006229264728443086,0.0,-0.019537836175812926,-0.1057995815820293,0.017850976,18195,-19.873858547210695,0.16529541015625,0.2,1.0014841556549072,0.9601927995681763,0.5347654819488525,0.00026872704,1.798633062839508,-0.011427205754444003
4.7200469351891014e-05,30.8752,0.0,0.0,0.0,0.0,-0.38621953474888326,-0.09739750323059697,2236,-0.1076932950706162,0.0,511,0.0,0.65,0.0647981504169266,0.9315972992757726,4211,-147.21283293,286.98,0.0,-0.028788093903902294,-0.6309741781667114,9418752,0.01,0.0,0.0,0.0,-0.1503479669332229,-0.1611567117916994,-0.5,-0.5141718524732747,0.0,0.0,-5.0093805188258055e-08,-0.7288285356774474,-0.2172672449559817,-0.014560730800704934,0.0,-0.023133481648983434,-0.10598824500159491,0.013250129,18199,-19.872830295562743,0.1391357421875,0.2,1.001330852508545,0.9571289420127869,0.5742328763008118,0.0002686656,1.7907850980758666,-0.00901686034630984
5.3710912147329916e-05,30.88672,0.0,0.0,0.0,0.0,-0.391057995771731,-0.10226169550109124,2240,-0.0998930057904587,0.0,512,0.0,0.65,0.06754680944385984,0.9519337224654731,4211,-147.63745063999997,288.53,0.0,-0.02895804852654268,-0.6307790427968221,9437184,0.01,0.0,0.0,0.0,-0.1682251586233117,-0.15588637567897032,-0.5,-0.5069867143249389,0.0,0.0,-5.145171004581879e-08,-0.7414986020426031,-0.21049123986393503,-0.00024272032042929975,0.0,-0.015064782306176817,-0.1057405438897512,0.013552539,18203,-19.873987674713135,0.12958984375,0.2,1.0013498067855835,0.9577595591545105,0.6515345573425293,0.00026860416,1.9035549879074096,-0.011520833685062825
5.2625801698822113e-05,30.89824,0.0,0.0,0.0,0.0,-0.381305843258945,-0.1027395129402481,2245,-0.1117203435860554,0.0,513,0.0,0.65,0.06549742605903816,1.0218363510524962,4211,-148.89883114000003,286.44,0.0,-0.02911763073926861,-0.6446925553050804,9455616,0.01,0.0,0.0,0.0,-0.15828348616166799,-0.15946214141345447,-0.5,-0.51042202074085,0.0,0.0,-4.751094087213829e-08,-0.7311254516927882,-0.21798167990611783,-0.00986645051052694,0.0,-0.017266386403611653,-0.10590219010359558,0.013028401,18207,-19.870514965057374,0.13482666015625,0.2,1.000769019126892,0.9710721969604492,0.3874189257621765,0.00026854272,1.3514903783798218,-0.010600600228644907
0.00015896248644114367,30.90976,0.0,0.0,0.0,0.0,-0.38428041256046974,-0.09798659645107882,2249,-0.10464074456390995,0.0,514,0.0,0.65,0.06551113256381427,1.0346217695285027,4211,-146.78006489,283.09,0.0,-0.029298168900106128,-0.6483416205366678,9474048,0.01,0.0,0.0,0.0,-0.15772177512456084,-0.15578335028498638,-0.5,-0.5000595728888011,0.0,0.0,-4.839479721705296e-08,-0.7444873908669974,-0.2119841824397504,-0.0008455724198080674,0.0,-0.022069028554445442,-0.10598386495081959,0.012226032,18211,-19.866210746765137,0.1334716796875,0.2,1.0005654096603394,0.959683358669281,0.5830026865005493,0.00026848128,1.6833531081676483,-0.011883033416233956
8.300775920765268e-05,30.92128,0.0,0.0,0.0,0.0,-0.39259613380232783,-0.09873485961026778,2253,-0.10684134435281654,0.0,515,0.0,0.65,0.06923615432786336,0.984964877239694,4211,-146.21725646999997,281.21,0.0,-0.028609391371307122,-0.6561882916006898,9492480,0.01,0.0,0.0,0.0,-0.1667087778660109,-0.1603753480267736,-0.5,-0.4970900236278087,0.0,0.0,-5.112279238927374e-08,-0.7464797170663044,-0.21408558470770955,-0.011847256598098495,0.0,-0.018891136375411104,-0.10606435080616052,0.015763447,18215,-19.872732162475586,0.17315673828125,0.2,1.0015215873718262,0.9596068263053894,0.5824117064476013,0.00026841984,1.8147263884544373,-0.013722102832980454
9.765624741299285e-05,30.9328,0.0,0.0,0.0,0.0,-0.3922344495863468,-0.11827413126227015,2259,-0.09818504077946526,0.0,516,0.0,0.65,0.05833792294590523,1.044787834086485,4209,-147.97696434000002,296.94,0.0,-0.028701722103970023,-0.6332466238798514,9510912,0.01,0.0,0.0,0.0,-0.14279335542098665,-0.16374922850137266,-0.5,-0.5173697393301626,0.0,0.0,-4.6940712492635835e-08,-0.7499546653333186,-0.2188626180904003,-0.007085265575891598,0.0,-0.03142881748822725,-0.10580022136863611,0.013957811,18219,-19.8753981590271,0.13360595703125,0.2,1.0016071796417236,0.9613873958587646,0.6378605365753174,0.0002683584,1.8228650093078613,-0.011445959855336696
7.486975583661761e-05,30.944319999999998,0.0,0.0,0.0,0.0,-0.385463870127325,-0.0915269897881416,2263,-0.10435499685881687,0.0,517,0.0,0.65,0.06283566680622876,1.0812030646417012,4209,-147.87156267999998,292.43,0.0,-0.02892324046351404,-0.6547726841778663,9529344,0.01,0.0,0.0,0.0,-0.15455813239026825,-0.1592410584738905,-0.5,-0.46638613446769056,0.0,0.0,-5.0228199042345e-08,-0.7326092347212408,-0.21763687146291882,-0.018273678221334272,0.0,-0.024139753756268572,-0.10601099097407474,0.0127925575,18223,-19.875111865997315,0.13148193359375,0.2,1.0013550519943237,0.9663017988204956,0.4343394935131073,0.00026829696,1.4933053731918335,-0.01042597631458193
0.0001101344629811744,30.955840000000002,0.0,0.0,0.0,0.0,-0.3883746747070193,-0.09431652215595945,2267,-0.11127576995855268,0.0,518,0.0,0.65,0.06556705086451829,1.0903140122097739,4209,-145.92616065,280.66,0.0,-0.028758592654026083,-0.6519838891550046,9547776,0.01,0.0,0.0,0.0,-0.1554536161091117,-0.1582294469310582,-0.5,-0.494221680467366,0.0,0.0,-5.012097879712753e-08,-0.7274531173784569,-0.22661969043691077,-0.008216435749229043,0.0,-0.017543078401811525,-0.10604611112220408,0.014022117,18227,-19.87115306854248,0.16326904296875,0.2,1.0008537769317627,0.9561662673950195,0.6057568788528442,0.00026823552,1.9284255743026733,-0.01129879681393504
5.099825082450277e-05,30.96736,0.0,0.0,0.0,0.0,-0.39866566988316915,-0.10620814261729222,2272,-0.09819896155458908,0.0,519,0.0,0.65,0.06868131700125833,1.1126245984338232,4209,-146.38028892999998,286.61,0.0,-0.028623134548539684,-0.6450395425475776,9566208,0.01,0.0,0.0,0.0,-0.1611085530930328,-0.153785494758858,-0.5,-0.49568605469821647,0.0,0.0,-4.8508862778294136e-08,-0.7295185244978452,-0.21133485499865545,-0.00015274800384829407,0.0,-0.018317001878232177,-0.10565350004108165,0.0152473925,18231,-19.869182586669922,0.1495849609375,0.2,1.0010005235671997,0.9537985920906067,0.645548403263092,0.00026817408,1.9820962727069855,-0.010930321435444057
0.00022243913715808757,30.97888,0.0,0.0,0.0,0.0,-0.39689424246320126,-0.099234273952927,2276,-0.10712154359112587,0.0,520,0.0,0.65,0.0673534773097032,1.056419641946814,4209,-143.24820966,269.1,0.0,-0.029039021014853617,-0.6563984654166155,9584640,0.01,0.0,0.0,0.0,-0.1596963796617514,-0.15728610591912706,-0.5,-0.49596586452273794,0.0,0.0,-5.046680998136718e-08,-0.7336247899839304,-0.21674962384886864,-0.0002712091782319573,0.0,-0.01767098009683347,-0.10582980838380328,0.013370963,18235,-19.873341846466065,0.1554931640625,0.2,1.0013014078140259,0.9572643041610718,0.6812194585800171,0.00026811264000000003,1.9956620335578918,-0.008370660722721367
7.486975583661761e-05,30.9904,0.0,0.0,0.0,0.0,-0.39526226042353874,-0.10211169217058956,2281,-0.10060140742732748,0.0,521,0.0,0.65,0.06631027680254713,1.059302052730221,4209,-146.18629175,280.06,0.0,-0.027838679195843992,-0.6428351048959189,9603072,0.01,0.0,0.0,0.0,-0.16125130063747792,-0.1566952668411415,-0.5,-0.5081449529733839,0.0,0.0,-4.811101895270869e-08,-0.7414137108870702,-0.2154940147684773,-0.0056024348680016045,0.0,-0.013857103483234014,-0.10606677494081967,0.012725535,18239,-19.8724027633667,0.13056640625,0.2,1.0012321472167969,0.9592281579971313,0.5221927165985107,0.0002680512,1.8287095546722412,-0.01265750448219478
0.00012586795492097735,31.00192,0.0,0.0,0.0,0.0,-0.3897242551565595,-0.10563762446613519,2285,-0.0983530209424321,0.0,522,0.0,0.65,0.06735806389492208,1.1207571526594422,4210,-146.71497823,287.22,0.0,-0.028684001517311146,-0.6476606250790566,9621504,0.01,0.0,0.0,0.0,-0.15893606752048361,-0.16821754897779112,-0.5,-0.502153718219319,0.0,0.0,-4.545198849558072e-08,-0.7264754160954815,-0.2179086328640552,-0.0003266585928825847,0.0,-0.025125400491459813,-0.10595610616958219,0.014464957,18243,-19.87378873825073,0.16427001953125,0.2,1.001408338546753,0.965459942817688,0.5901422500610352,0.00026798976,1.6085376501083375,-0.01066470993682742
7.59548242462592e-05,31.01344,0.0,0.0,0.0,0.0,-0.4045266626214194,-0.10206314011158119,2289,-0.09617517003129736,0.0,523,0.0,0.65,0.06514666179761464,1.139008133428563,4210,-144.87964414,281.49,0.0,-0.028282611380664607,-0.6576804202883502,9639936,0.01,0.0,0.0,0.0,-0.14231358934247418,-0.15742829500570343,-0.5,-0.48994445664969366,0.0,0.0,-4.5219303157434146e-08,-0.7453139293703825,-0.22277396246984413,-0.009586482187069778,0.0,-0.023699205376841646,-0.10593119594976902,0.013374791,18247,-19.87234220504761,0.1467529296875,0.2,1.0012568235397339,0.9583044052124023,0.7333297729492188,0.00026792832,1.8981458961963653,-0.010203017620369792
2.54990979253004e-05,31.02496,0.0,0.0,0.0,0.0,-0.38133786013927273,-0.10652951522034264,2294,-0.10663147372148667,0.0,524,0.0,0.65,0.06532662597044178,0.956491128441217,4210,-144.96618076,276.69,0.0,-0.028850596366124685,-0.5915979983193309,9658368,0.01,0.0,0.0,0.0,-0.15494040249642824,-0.17080082692300336,-0.5,-0.499262089614034,0.0,0.0,-4.776480925543221e-08,-0.7191456839052883,-0.2095717968012872,-0.009549592758380718,0.0,-0.01578635539044626,-0.10589368094419324,0.0155681195,18251,-19.875132274627685,0.1738037109375,0.2,1.0017921924591064,0.9695402383804321,0.47672411799430847,0.00026786688,1.4256738126277924,-0.012373484997078776
9.765624741299285e-05,31.03648,0.0,0.0,0.0,0.0,-0.3594939826046712,-0.10440328270863888,2298,-0.10011184277206131,0.0,525,0.0,0.65,0.061787383697794275,0.8970345201137785,4210,-148.48567906000002,288.58,0.0,-0.028227743442143627,-0.594352873545895,9676800,0.01,0.0,0.0,0.0,-0.1643430600081751,-0.16869763454795925,-0.5,-0.5351719849921788,0.0,0.0,-4.273148295206343e-08,-0.7267026230556528,-0.2127736899063858,-0.009169311570887241,0.0,-0.017894502148717746,-0.10583480180366464,0.013922399,18255,-19.871798515319824,0.14464111328125,0.2,1.0011032819747925,0.9622525572776794,0.5410533547401428,0.00026780544,1.7898272454738617,-0.01066830646013841
4.882812370649642e-05,31.048000000000002,0.0,0.0,0.0,0.0,-0.3849592994841143,-0.10212494561716018,2302,-0.10635052597592819,0.0,526,0.0,0.65,0.06443151779802528,0.8654611848336958,4210,-148.5505459,289.76,0.0,-0.02845610599221149,-0.6184636450791338,9695232,0.01,0.0,0.0,0.0,-0.15506497934723015,-0.161808998552215,-0.5,-0.5536967800283453,0.0,0.0,-4.436085998447269e-08,-0.7443655998328468,-0.2162802294363872,-0.0012769067890484964,0.0,-0.020652881073248055,-0.10596303829647219,0.01298507,18259,-19.87057580947876,0.1441650390625,0.2,1.001185655593872,0.9555918574333191,0.6441442370414734,0.000267744,1.9777860701084138,-0.010459102818276732
3.200951161690884e-05,31.05952,0.0,0.0,0.0,0.0,-0.38034783447322296,-0.10068748742076132,2307,-0.09615165585301277,0.0,527,0.0,0.65,0.06608507614457046,0.9363681365787636,4210,-148.22788333,286.25,0.0,-0.02838465904900807,-0.612147070140364,9713664,0.01,0.0,0.0,0.0,-0.16511288678189087,-0.16014305820929595,-0.5,-0.494507868665816,0.0,0.0,-4.7887259470458355e-08,-0.7174379222744869,-0.20838328444022003,-0.005394083198319848,0.0,-0.014384720944993509,-0.10579496138471284,0.013608994,18263,-19.87086534500122,0.13974609375,0.2,1.0009931325912476,0.9595658779144287,0.6018058657646179,0.00026768256,1.9514183938503264,-0.010841201536823063
0.0001795789511460397,31.07104,0.0,0.0,0.0,0.0,-0.4042940558884029,-0.10983550583906482,2311,-0.1104264788400458,0.0,528,0.0,0.65,0.06846558606401162,1.1990839418585086,4210,-143.09597401000002,275.85,0.0,-0.028833631973522282,-0.6664858121450321,9732096,0.01,0.0,0.0,0.0,-0.1494759506235965,-0.16217251801386653,-0.5,-0.4944491720205598,0.0,0.0,-4.745010778009927e-08,-0.7231866863985049,-0.21498920714061442,-0.0038964169870001567,0.0,-0.0238066262956838,-0.10556809260437994,0.016373035,18267,-19.873582553863525,0.14256591796875,0.2,1.0013431310653687,0.9627721905708313,0.622707188129425,0.00026762112,1.836588716506958,-0.011936286184936761
0.00021375859958223172,31.08256,0.0,0.0,0.0,0.0,-0.37632704416817964,-0.10644424959556738,2315,-0.10449043717939338,0.0,529,0.0,0.65,0.06482565239386608,0.9796530070192139,4210,-143.36932323,278.15,0.0,-0.02903355852251964,-0.6272762942023443,9750528,0.01,0.0,0.0,0.0,-0.15904303857028054,-0.16209240930401736,-0.5,-0.4931871491918895,0.0,0.0,-4.668759272610309e-08,-0.7106582797204347,-0.2142550373021116,-0.006804061887732308,0.0,-0.024965888437388156,-0.10585998532980069,0.01225993,18271,-19.869547367095947,0.13333740234375,0.2,1.000674843788147,0.9637027978897095,0.4993467330932617,0.00026755968,1.7147962272167205,-0.008072576648555697
9.006071680535872e-05,31.094079999999998,0.0,0.0,0.0,0.0,-0.3934915263212393,-0.10215380995738955,2320,-0.10158179145229018,0.0,530,0.0,0.65,0.06763015705417867,1.0136700704367947,4210,-145.51157135000003,279.3,0.0,-0.028598054814277716,-0.6158410399741103,9768960,0.01,0.0,0.0,0.0,-0.1545923927705239,-0.16346628192656817,-0.5,-0.5017213660564555,0.0,0.0,-4.626516532163573e-08,-0.7292826273897633,-0.2211295099174116,-0.005115345738272598,0.0,-0.018778833373087563,-0.10593162905876558,0.014194958,18275,-19.86716890335083,0.14991455078125,0.2,1.0007884502410889,0.9592790007591248,0.6220285296440125,0.00026749824,1.9884780049324036,-0.01349563393741846
9.765624741299285e-05,31.1056,0.0,0.0,0.0,0.0,-0.4022302820820412,-0.10434690008124987,2324,-0.11123973090940388,0.0,531,0.0,0.65,0.06992983033059474,1.0515338131283534,4210,-145.19774016,276.22,0.0,-0.029017869371140332,-0.6396803072476742,9787392,0.01,0.0,0.0,0.0,-0.1579552069920761,-0.1645233542249397,-0.5,-0.4899777635892321,0.0,0.0,-4.7086603209742655e-08,-0.7338674093755106,-0.21542755194097366,-0.016746688164032488,0.0,-0.0169445255467306,-0.10571248659213732,0.014501353,18279,-19.87201271057129,0.1615478515625,0.2,1.0014545917510986,0.9616275429725647,0.583650529384613,0.0002674368,1.8360610783100129,-0.012625720433425159
8.029503644340568e-05,31.11712,0.0,0.0,0.0,0.0,-0.39455763198816807,-0.10371725767112072,2328,-0.09839806015247206,0.0,532,0.0,0.65,0.0654638120285868,1.124523735401561,4210,-142.04330265,265.4,0.0,-0.02860095036673148,-0.6370804449738526,9805824,0.01,0.0,0.0,0.0,-0.15429859109032484,-0.16131170572770237,-0.5,-0.4906142502927817,0.0,0.0,-4.6386704216541374e-08,-0.7387842997677183,-0.2165581155055476,-0.0003777984687457739,0.0,-0.017702715238556266,-0.10576814500846977,0.013849515,18283,-19.872729873657228,0.15220947265625,0.2,1.0013740062713623,0.9678572416305542,0.5623857975006104,0.00026737536,1.6567005515098572,-0.01153189167380333
0.00012207027692865167,31.12864,0.0,0.0,0.0,0.0,-0.39279480235888,-0.11010269146075215,2333,-0.11224900380970289,0.0,533,0.0,0.65,0.06622359204337883,1.0687637142572697,4210,-145.38075029,285.96,0.0,-0.02918108345227282,-0.6298022623152671,9824256,0.01,0.0,0.0,0.0,-0.15071696781760174,-0.16291950462994587,-0.5,-0.5050622461579489,0.0,0.0,-4.693170985130859e-08,-0.7157163445232888,-0.21921920642998302,-0.006959357959020782,0.0,-0.018150982607039623,-0.1055935554885399,0.014057821,18287,-19.867790126800536,0.16260986328125,0.2,1.0006654262542725,0.9632120132446289,0.5376465320587158,0.00026731392,1.775941652059555,-0.011207786097656935
0.00010796437790203426,31.14016,0.0,0.0,0.0,0.0,-0.3897799697719063,-0.10897525424864675,2337,-0.10703714396707781,0.0,534,0.0,0.65,0.06552283924450758,1.0920615263158875,4210,-143.92611819,278.24,0.0,-0.028843376131028036,-0.6274118628830876,9842688,0.01,0.0,0.0,0.0,-0.15003201087149373,-0.16265451487669985,-0.5,-0.5018762064858754,0.0,0.0,-4.414001430844201e-08,-0.723662481013832,-0.21433618005145053,-0.006557467559383481,0.0,-0.021362922721891664,-0.10571255682681195,0.014035133,18291,-19.86054210662842,0.15030517578125,0.2,1.000044822692871,0.9608727693557739,0.6269936561584473,0.00026725248,1.8499323964118957,-0.01266407750081271
9.874130612135761e-05,31.15168,0.0,0.0,0.0,0.0,-0.39284713649824204,-0.11265966756022314,2341,-0.10992999497410122,0.0,535,0.0,0.65,0.06364405701478831,1.0798950076720055,4210,-143.93150297000003,274.78,0.0,-0.029472717119297522,-0.6605534041208106,9861120,0.01,0.0,0.0,0.0,-0.14933124061330882,-0.1670079428667786,-0.5,-0.5139805091544294,0.0,0.0,-4.8008940935591245e-08,-0.7309369908275719,-0.2190913095519087,-0.003051693984802467,0.0,-0.025791626085669525,-0.10579551832339772,0.0144981565,18295,-19.86275272369385,0.16080322265625,0.2,1.0006356239318848,0.9592951536178589,0.578716516494751,0.00026719104,1.8304982364177704,-0.011708008381538093
0.000123697827802971,31.1632,0.0,0.0,0.0,0.0,-0.3901977852534127,-0.10755219419992548,2346,-0.10312706007102383,0.0,536,0.0,0.65,0.0649052196411864,1.062176180050167,4210,-145.53438559999998,277.24,0.0,-0.02855344560441427,-0.6274639615523191,9879552,0.01,0.0,0.0,0.0,-0.14675854413375655,-0.15987448564326212,-0.5,-0.49831186063756316,0.0,0.0,-4.360794060042008e-08,-0.7397949627561231,-0.2129048477934924,-0.0015744079193426002,0.0,-0.028969109118204668,-0.10601341460445776,0.014222381,18299,-19.868071174621583,0.1311279296875,0.2,1.0009642839431763,0.9502476453781128,0.7793741226196289,0.0002671296,2.2374672412872316,-0.012860474654007702
0.00026150163224277395,31.17472,0.0,0.0,0.0,0.0,-0.3817317831627698,-0.10511898721818869,2350,-0.11324701368510826,0.0,537,0.0,0.65,0.06395209611627108,0.9523230828181126,4210,-147.22604004000002,285.66,0.0,-0.028966960056742912,-0.6125437397682215,9897984,0.01,0.0,0.0,0.0,-0.15327563911028888,-0.17981247785371957,-0.5,-0.5277803093047475,0.0,0.0,-4.474929682542949e-08,-0.7261895460802854,-0.21073967494307633,-0.02390924477111792,0.0,-0.02262905934832007,-0.10583587555671786,0.014735122,18303,-19.873726558685302,0.14205322265625,0.2,1.0015876293182373,0.9493730664253235,0.8154915571212769,0.00026706816,2.1734315037727354,-0.011679174585151487
0.00013183583117400607,31.18624,0.0,0.0,0.0,0.0,-0.38896795986236987,-0.10268310104825397,2354,-0.11437441442591305,0.0,538,0.0,0.65,0.06596745372595546,0.9868185008481039,4210,-146.26529135999996,279.83,0.0,-0.028601322436764047,-0.6363416317240299,9916416,0.01,0.0,0.0,0.0,-0.15363220113635592,-0.15926007961344613,-0.5,-0.5086409660632665,0.0,0.0,-4.5129404162415097e-08,-0.7406087925724719,-0.21350059232796625,-0.0009648222553072647,0.0,-0.02055752935120836,-0.1060688993302428,0.013088929,18307,-19.874264335632326,0.14720458984375,0.2,1.0012837648391724,0.9583078622817993,0.5206825137138367,0.00026700672,1.8903775334358215,-0.010137236397713422
0.00020453556660666235,31.19776,0.0,0.0,0.0,0.0,-0.3886918773185797,-0.10136723766042288,2359,-0.12005157106037273,0.0,539,0.0,0.65,0.06721236166861888,0.9628373525232896,4210,-149.17748697,292.67,0.0,-0.029119845952609375,-0.622925992425509,9934848,0.01,0.0,0.0,0.0,-0.15350167248599655,-0.16759712137520621,-0.5,-0.5098753027855767,0.0,0.0,-5.007216503784225e-08,-0.7267522901385349,-0.20897599796801455,-0.026936050083467125,0.0,-0.027000666529703368,-0.10597586745324902,0.017227266,18311,-19.871836757659914,0.16065673828125,0.2,1.000976800918579,0.9556580781936646,0.5872726440429688,0.00026694528,1.940371072292328,-0.012212453130632638
0.00015299472013591893,31.20928,0.0,0.0,0.0,0.0,-0.3882191196785867,-0.10818400968755927,2363,-0.10027944360624881,0.0,540,0.0,0.65,0.06999642426216303,1.0872669803804875,4211,-143.05266122000003,275.56,0.0,-0.0284055176809146,-0.6645968602148505,9953280,0.01,0.0,0.0,0.0,-0.15372192717696198,-0.16830070661265017,-0.5,-0.47854873256405295,0.0,0.0,-4.7950986949023204e-08,-0.7145207637850188,-0.2118426984906147,-0.003490977294902558,0.0,-0.016554986091149557,-0.10598561243009665,0.013889268,18315,-19.870607948303224,0.14078369140625,0.2,1.0010954141616821,0.9606919884681702,0.638168454170227,0.00026688384,1.8887920022010802,-0.013349004846531898
0.00013888874996660484,31.2208,0.0,0.0,0.0,0.0,-0.3715933447885112,-0.10604162628335774,2368,-0.11549223871896976,0.0,541,0.0,0.65,0.06889083627376996,1.0297517259128188,4211,-142.45964845,272.23,0.0,-0.028553981378884003,-0.6300173926741851,9971712,0.01,0.0,0.0,0.0,-0.16083616206503304,-0.17078094523076395,-0.5,-0.5002590670329873,0.0,0.0,-4.4765679417567204e-08,-0.7139933910314544,-0.20751548526148195,-0.02517724093878594,0.0,-0.021402118260286644,-0.10600536026980525,0.017059227,18319,-19.876880359649657,0.1808349609375,0.2,1.00199556350708,0.9690662026405334,0.43004918098449707,0.0002668224,1.4421054124832153,-0.013649908604566007
5.262585343896515e-05,31.23232,0.0,0.0,0.0,0.0,-0.38532574471438863,-0.11156904150430955,2372,-0.10945176566171166,0.0,542,0.0,0.65,0.06543706953892749,1.1114200200080755,4211,-144.95997121,284.58,0.0,-0.028364311522823173,-0.6548955252490283,9990144,0.01,0.0,0.0,0.0,-0.16377098574901083,-0.17291848623459583,-0.5,-0.5091786658989248,0.0,0.0,-5.1807633902135996e-08,-0.7126483176996469,-0.20657260411727543,-0.015197590357600115,0.0,-0.020359644357490145,-0.10590216376063616,0.015186849,18323,-19.875063800811766,0.1626953125,0.2,1.001417636871338,0.9571654200553894,0.5780878663063049,0.00026676096,1.969858205318451,-0.008261847472749651
0.00030978724114700325,31.24384,0.0,0.0,0.0,0.0,-0.39294211528709494,-0.09560948778654466,2377,-0.10992701473754779,0.0,543,0.0,0.65,0.06922878427131346,1.041327704476976,4208,-144.48516083,280.34,0.0,-0.028653262079246386,-0.604964955153542,10008576,0.01,0.0,0.0,0.0,-0.14258217255302585,-0.16292317960260572,-0.5,-0.48424966103726574,0.0,0.0,-4.398477420243056e-08,-0.7111458141773084,-0.21328780079504503,-0.01998173404434848,0.0,-0.01970629951554454,-0.10606051076024708,0.01354979,18327,-19.873148250579835,0.15352783203125,0.2,1.0012472867965698,0.9589268565177917,0.609968900680542,0.00026669952,1.9053236544132233,-0.011577943502925337
0.0002924261465927379,31.25536,0.0,0.0,0.0,0.0,-0.384028631510615,-0.11594962111287684,2382,-0.12054585155212988,0.0,544,0.0,0.65,0.0658398706910601,0.9966068507822201,4208,-146.59516464,285.66,0.0,-0.028889741110383543,-0.6457201602121656,10027008,0.01,0.0,0.0,0.0,-0.15655652970103906,-0.1724714407434493,-0.5,-0.5106267406298493,0.0,0.0,-4.6243769509498215e-08,-0.7250468110710149,-0.21162632979678533,-0.020236424717170496,0.0,-0.025210707040969282,-0.10587542143302146,0.014247577,18331,-19.87129411697388,0.13819580078125,0.2,1.000929832458496,0.9623106122016907,0.5216771960258484,0.00026663808,1.778378564119339,-0.011966138653224333
4.9370648210040396e-05,31.26688,0.0,0.0,0.0,0.0,-0.38826241831378694,-0.10452762805812786,2386,-0.10402197588216139,0.0,545,0.0,0.65,0.06816724884309461,1.0333816747700948,4209,-145.90324441,285.88,0.0,-0.02836584353864939,-0.6248895477706216,10045440,0.01,0.0,0.0,0.0,-0.15567394960640557,-0.16560655511978042,-0.5,-0.4992895876549041,0.0,0.0,-4.67975983447258e-08,-0.7313213063551638,-0.21210221038167879,-0.008755704975802817,0.0,-0.016507922647482094,-0.10599967917981168,0.016203765,18335,-19.87299156188965,0.163232421875,0.2,1.001535415649414,0.9680368304252625,0.4513632655143738,0.00026657663999999997,1.6183930575847625,-0.013442807307001203
9.765624741299285e-05,31.278399999999998,0.0,0.0,0.0,0.0,-0.39542335348993085,-0.10152371302082973,2391,-0.10893432833223293,0.0,546,0.0,0.65,0.06875299994984042,1.075111897558771,4209,-143.68891561,274.29,0.0,-0.028729002976748526,-0.6529607776044908,10063872,0.01,0.0,0.0,0.0,-0.15175855288927984,-0.16130019099113663,-0.5,-0.4995494173374049,0.0,0.0,-5.024185342706642e-08,-0.7206746166060611,-0.2139995289461985,-0.009212430533065537,0.0,-0.019159965789488826,-0.10618752386405415,0.0138529185,18339,-19.872880840301512,0.14832763671875,0.2,1.0011396408081055,0.9580134153366089,0.6729544401168823,0.0002665152,2.037832111120224,-0.009857497946359216
7.54122900414384e-05,31.28992,0.0,0.0,0.0,0.0,-0.412066255300051,-0.10590467032449959,2395,-0.10510754850192258,0.0,547,0.0,0.65,0.06722298962614816,1.1481326509605074,4209,-141.34379433,270.91,0.0,-0.02873099971322787,-0.647371083499289,10082304,0.01,0.0,0.0,0.0,-0.1349334279757588,-0.15838806877131734,-0.5,-0.48942296606531155,0.0,0.0,-4.2205538931746075e-08,-0.7533083570783555,-0.21578435389691353,-0.0017149105640140235,0.0,-0.025078195237761572,-0.10597541599379166,0.014210519,18343,-19.8661847114563,0.15599365234375,0.2,1.0004746913909912,0.9633073210716248,0.6834313869476318,0.00026645376,1.880559515953064,-0.014720164332538843
0.00016493046294069954,31.30144,0.0,0.0,0.0,0.0,-0.3952807022660989,-0.10657916913280084,2399,-0.10919961342694717,0.0,548,0.0,0.65,0.06008585557765562,1.0725462780519797,4209,-145.45922611999998,294.15,0.0,-0.028893744567604556,-0.6199740559621345,10100736,0.01,0.0,0.0,0.0,-0.13831680243937128,-0.15965861355853786,-0.5,-0.48881512855341774,0.0,0.0,-4.446001229755318e-08,-0.7457817383005022,-0.21510787761445402,-0.0004611151371854504,0.0,-0.033756436700868,-0.10584579319255862,0.01276915,18347,-19.862500858306884,0.1455078125,0.2,1.0003337860107422,0.9637623429298401,0.5591293573379517,0.00026639232,1.7771804749965667,-0.009909998730290682
9.765624741299285e-05,31.31296,0.0,0.0,0.0,0.0,-0.38732187124331824,-0.09825223436227659,2404,-0.11179232818144452,0.0,549,0.0,0.65,0.06512720337595287,1.0353354661004746,4209,-144.15931109,280.43,0.0,-0.028075748271623673,-0.6289007523426463,10119168,0.01,0.0,0.0,0.0,-0.14050305524252404,-0.15953238623960722,-0.5,-0.5028277390489785,0.0,0.0,-4.3906497280571034e-08,-0.7398226735745125,-0.21687629895091753,-0.013112128033132634,0.0,-0.023157220023373764,-0.10615243152604863,0.0123406425,18351,-19.86339416503906,0.12174072265625,0.2,1.0005402565002441,0.9612799286842346,0.6287895441055298,0.00026633088,1.8174324989318849,-0.012134787545073777
4.882812370649642e-05,31.32448,0.0,0.0,0.0,0.0,-0.3852777223104321,-0.10403988693466373,2408,-0.1047384983636272,0.0,550,0.0,0.65,0.0694073402501895,1.0382019311375335,4209,-142.55668230999999,274.98,0.0,-0.02812458665462452,-0.6296791543265311,10137600,0.01,0.0,0.0,0.0,-0.1620752979060725,-0.15967469575427548,-0.5,-0.4709773646425251,0.0,0.0,-4.3659304277248255e-08,-0.7194911810596641,-0.2121538083140931,-0.006395324099257509,0.0,-0.016454618808994483,-0.10600567071383897,0.01307168,18355,-19.86741132736206,0.1604248046875,0.2,1.0011212825775146,0.9569777250289917,0.7363100647926331,0.00026626944,2.0988046884536744,-0.011061177600640803
5.58810586678899e-05,31.336,0.0,0.0,0.0,0.0,-0.4075848840774193,-0.10494719442863516,2412,-0.10554277884450378,0.0,551,0.0,0.65,0.06553177055990353,1.2266017570366898,4209,-141.12422144,278.74,0.0,-0.028070448579182457,-0.6472411028460879,10156032,0.01,0.0,0.0,0.0,-0.1402470524511355,-0.15007137785769248,-0.5,-0.47791369781378507,0.0,0.0,-4.318587954283815e-08,-0.7301859135909937,-0.21025173075904147,-0.000402777294104227,0.0,-0.024224244470436435,-0.10602529483956497,0.012960935,18359,-19.872499656677245,0.1448486328125,0.2,1.0011756420135498,0.9660826325416565,0.6508713364601135,0.000266208,1.9448020815849305,-0.01090765701374039
6.18489349209186e-05,31.34752,0.0,0.0,0.0,0.0,-0.39153310520264445,-0.09826180095657631,2417,-0.11848281345726387,0.0,552,0.0,0.65,0.06927273808019357,1.058019874425274,4209,-143.03442192,273.74,0.0,-0.028156345467524276,-0.617130467872549,10174464,0.01,0.0,0.0,0.0,-0.15925234656023185,-0.15594487429157294,-0.5,-0.506580215124096,0.0,0.0,-4.5313489218669725e-08,-0.7277178042140059,-0.21624736460612654,-0.012522293585109721,0.0,-0.01697178957692813,-0.10618549548818551,0.014618196,18363,-19.874164485931395,0.159814453125,0.2,1.0016378164291382,0.9537211060523987,0.7835719585418701,0.00026614656,2.2558854460716247,-0.010614998824894428
9.765624741299285e-05,31.35904,0.0,0.0,0.0,0.0,-0.3896050900845567,-0.10429516257891441,2421,-0.11496171250192863,0.0,553,0.0,0.65,0.06957954718431607,1.0943312465916963,4209,-144.18989359999998,279.18,0.0,-0.028513231849025322,-0.640083679178026,10192896,0.01,0.0,0.0,0.0,-0.16131527240904245,-0.16403201938977316,-0.5,-0.4979487212209633,0.0,0.0,-4.637874324409934e-08,-0.7195315338931954,-0.2132291982170219,-0.01309277745096888,0.0,-0.020949646415020753,-0.10606479007236919,0.01129327,18367,-19.87624912261963,0.13587646484375,0.2,1.0015760660171509,0.9583731293678284,0.6591394543647766,0.00026608512,2.153878688812256,-0.010984502092469484
0.00014648437111948928,31.370559999999998,0.0,0.0,0.0,0.0,-0.37354871831686914,-0.10635272557387822,2425,-0.11450258533070382,0.0,554,0.0,0.65,0.06788662928136877,1.0805887417066833,4209,-140.60365679000003,271.2,0.0,-0.02887297073536019,-0.6126674161453082,10211328,0.01,0.0,0.0,0.0,-0.15997891419981722,-0.15640620052727158,-0.5,-0.47972914211617035,0.0,0.0,-4.348891015375281e-08,-0.695483073266687,-0.21045480058102534,-0.014888505944378912,0.0,-0.01682232178670044,-0.10603544779294813,0.013838328,18371,-19.871527481079102,0.14031982421875,0.2,1.000990390777588,0.9631041288375854,0.5375910997390747,0.00026602368,1.912335640192032,-0.014377804892137646
0.00023003466453196274,31.382080000000002,0.0,0.0,0.0,0.0,-0.3841272319507623,-0.10409649714473267,2430,-0.11142484157062878,0.0,555,0.0,0.65,0.06498465824267023,1.0226440316806895,4209,-143.56091859999998,283.27,0.0,-0.028682071118863204,-0.6235742901739493,10229760,0.01,0.0,0.0,0.0,-0.16326127652470052,-0.1595894347094861,-0.5,-0.48431914962835837,0.0,0.0,-4.835433829629905e-08,-0.6923670692624493,-0.20981420508970264,-0.0066054411894346365,0.0,-0.022601528827282082,-0.10609734488631706,0.014488307,18375,-19.870543575286867,0.15306396484375,0.2,1.0010039806365967,0.9662553668022156,0.6617695093154907,0.00026596224,1.9050341248512268,-0.012179510504938661
0.0001491970227410396,31.3936,0.0,0.0,0.0,0.0,-0.3757254922248774,-0.10652547502837083,2434,-0.11580541316619225,0.0,556,0.0,0.65,0.06856833963835603,1.1540641272227838,4209,-142.20763995999997,277.35,0.0,-0.028067983685920568,-0.6430766975078629,10248192,0.01,0.0,0.0,0.0,-0.15933852730310397,-0.15465029098133373,-0.5,-0.5000754796838423,0.0,0.0,-4.2606329699251936e-08,-0.7141680807331453,-0.2127077014404667,-0.009936048704506725,0.0,-0.02665208565465744,-0.10619298828934022,0.014139992,18379,-19.8724609375,0.14073486328125,0.2,1.00133216381073,0.9575705528259277,0.9671937227249146,0.0002659008,2.4141287446022033,-0.011071484466083348
9.765624741299285e-05,31.40512,0.0,0.0,0.0,0.0,-0.38579428020088824,-0.10605394055881982,2438,-0.12130287336344409,0.0,557,0.0,0.65,0.06486370178839511,1.1280592229992348,4209,-141.78816255,279.47,0.0,-0.028891204404274992,-0.6572387709766825,10266624,0.01,0.0,0.0,0.0,-0.14384550139442198,-0.15826694269820593,-0.5,-0.4694704600378388,0.0,0.0,-4.603177448594894e-08,-0.72161997262547,-0.22217622205149026,-0.012060768512334752,0.0,-0.019729487893831294,-0.10587150309095957,0.012839144,18383,-19.874223518371583,0.1452880859375,0.2,1.00123929977417,0.9680456519126892,0.5423235893249512,0.00026583936,1.727963000535965,-0.011138353787828237
4.882812370649642e-05,31.41664,0.0,0.0,0.0,0.0,-0.3690360410486869,-0.10856338909773298,2443,-0.11689125121880964,0.0,558,0.0,0.65,0.06724916075379546,1.0361317888280337,4209,-142.63391533,279.41,0.0,-0.02877826296854304,-0.625466535594637,10285056,0.01,0.0,0.0,0.0,-0.15182466978661335,-0.163013956754904,-0.5,-0.48862439330748786,0.0,0.0,-4.0073789806727e-08,-0.7039636721362357,-0.2149105811174864,-0.022402099505749576,0.0,-0.015801680094834108,-0.10578782251817097,0.016245514,18387,-19.86932153701782,0.15859375,0.2,1.0006341934204102,0.9633765816688538,0.5943471193313599,0.00026577792,1.9220351994037628,-0.012205528607591987
0.0,31.42816,0.0,0.0,0.0,0.0,-0.40355367387901164,-0.11284633316495087,2447,-0.10001080652135529,0.0,559,0.0,0.65,0.0631924959539751,1.1360312827790244,4209,-141.61769755999998,276.33,0.0,-0.02842662591848212,-0.6214578327512871,10303488,0.01,0.0,0.0,0.0,-0.13891845496689642,-0.15267453751558463,-0.5,-0.46225546314630794,0.0,0.0,-4.003430757247341e-08,-0.7343652384222957,-0.21239072472009,-0.0012866621932857286,0.0,-0.024578921718380622,-0.10600608981578219,0.013695839,18391,-19.866203117370606,0.13896484375,0.2,1.0002468824386597,0.9672759771347046,0.6385726928710938,0.00026571647999999997,1.9861095666885376,-0.010154417820740492
0.00022189665145965086,31.43968,0.0,0.0,0.0,0.0,-0.3923500430254067,-0.10897756126354884,2452,-0.10815100791107524,0.0,560,0.0,0.65,0.0649755109954603,1.1380848785143156,4209,-143.35988830999997,288.18,0.0,-0.02854305285991969,-0.6297018974078668,10321920,0.01,0.0,0.0,0.0,-0.14509258904848746,-0.15960540178384658,-0.5,-0.4842799922818245,0.0,0.0,-4.6520652473761864e-08,-0.7142093271835802,-0.21678389609327164,-0.004245561629808559,0.0,-0.026646520100055367,-0.105761706987394,0.012192553,18395,-19.868246841430665,0.11617431640625,0.2,1.0008431673049927,0.9654227495193481,0.5445358753204346,0.00026565504,1.8459322154521942,-0.009790346003137529
0.00014105897733113833,31.4512,0.0,0.0,0.0,0.0,-0.3761046306452259,-0.10234955741672264,2456,-0.109977307307731,0.0,561,0.0,0.65,0.06673425865257179,1.0534176919473202,4209,-143.38162526,285.73,0.0,-0.028542471586848955,-0.607955690347324,10340352,0.01,0.0,0.0,0.0,-0.14868784004312394,-0.157079778130903,-0.5,-0.49829131288901024,0.0,0.0,-4.066983545085929e-08,-0.7165895537797669,-0.21082258502735526,-0.005481494979348105,0.0,-0.015509659193210408,-0.10608689121811968,0.014415999,18399,-19.873604583740235,0.1549072265625,0.2,1.0014622211456299,0.9635617733001709,0.6331795454025269,0.0002655936,2.0226213574409484,-0.011197748268023134
0.00014648437111948928,31.46272,0.0,0.0,0.0,0.0,-0.374570770554891,-0.11657833887519548,2460,-0.1088984577288136,0.0,562,0.0,0.65,0.06132417455777967,1.077509369143509,4209,-143.55509647,288.24,0.0,-0.028871738788238573,-0.6297087242036148,10358784,0.01,0.0,0.0,0.0,-0.14656415843504017,-0.15656905425152393,-0.5,-0.5191217615965465,0.0,0.0,-4.3945018506420776e-08,-0.7054567240462982,-0.21347499969329062,-0.004218928419786671,0.0,-0.02128818357596174,-0.10585297016225972,0.013777064,18403,-19.871407413482665,0.14881591796875,0.2,1.0009877681732178,0.9670094847679138,0.6306006908416748,0.00026553216,1.8951423406600951,-0.01328231836669147
5.479593851810528e-05,31.47424,0.0,0.0,0.0,0.0,-0.39036877637508033,-0.11194863969451078,2465,-0.10746366502739566,0.0,563,0.0,0.65,0.06388730219516837,1.115591453544269,4209,-142.8452992,287.03,0.0,-0.029170441648689142,-0.6324377192336096,10377216,0.01,0.0,0.0,0.0,-0.14715085609704096,-0.16123822540753546,-0.5,-0.49658945495011303,0.0,0.0,-4.470919914846401e-08,-0.7091023960811679,-0.21569623081707967,-0.013451794045054963,0.0,-0.022469958966313344,-0.10580043361618306,0.015237786,18407,-19.870012760162354,0.14578857421875,0.2,1.0009504556655884,0.965461015701294,0.5868494510650635,0.00026547072,1.929065179824829,-0.012943846662528813
0.00015679245956966447,31.48576,0.0,0.0,0.0,0.0,-0.4074447656523872,-0.10015144578183455,2469,-0.1095977570875972,0.0,564,0.0,0.65,0.07166577512414829,1.1309191243777532,4209,-139.4028193,265.58,0.0,-0.0289750249124849,-0.6509934724846256,10395648,0.01,0.0,0.0,0.0,-0.1446114237695872,-0.15710074336703805,-0.5,-0.4652133188075124,0.0,0.0,-4.568141105058141e-08,-0.7209878513386275,-0.2153240589651464,-0.004698224675800198,0.0,-0.013502827745267294,-0.10590683165705489,0.017053071,18411,-19.871836566925047,0.1655029296875,0.2,1.0012595653533936,0.96872878074646,0.6666160821914673,0.00026540928,1.8959794342517853,-0.011670251516625285
0.0002490234166745924,31.49728,0.0,0.0,0.0,0.0,-0.39322099155958395,-0.1144956583859251,2473,-0.1139760500727289,0.0,565,0.0,0.65,0.058621200867880266,1.1283689240390737,4209,-143.33476289,283.07,0.0,-0.028838295767547577,-0.6162479786259358,10414080,0.01,0.0,0.0,0.0,-0.13788815102985347,-0.1572332478607011,-0.5,-0.5015851047609964,0.0,0.0,-3.957921815042358e-08,-0.725012123794385,-0.21613499536844427,-0.01697078356258814,0.0,-0.029545549644454796,-0.10602393972735744,0.012510004,18415,-19.87228488922119,0.14462890625,0.2,1.0011197328567505,0.9609211087226868,0.6779307126998901,0.00026534784,2.325543761253357,-0.010247775376774371
0.00019856768065235682,31.5088,0.0,0.0,0.0,0.0,-0.37975862010717704,-0.11477351931859656,2478,-0.11226514423666581,0.0,566,0.0,0.65,0.06221906175736088,1.0327196064062736,4209,-145.68274427999998,297.15,0.0,-0.028888699163835345,-0.6385499956658329,10432512,0.01,0.0,0.0,0.0,-0.14402292492934796,-0.16172768444979274,-0.5,-0.5244336110066319,0.0,0.0,-4.0097008530152986e-08,-0.7167296290351408,-0.21436531116829893,-0.015290960400673178,0.0,-0.0293293478429809,-0.10575831026059168,0.013460663,18419,-19.869710063934328,0.15377197265625,0.2,1.0006928443908691,0.9661433696746826,0.5658270120620728,0.0002652864,1.8918110072612762,-0.010928108938969672
7.921003270894289e-05,31.520319999999998,0.0,0.0,0.0,0.0,-0.40190695632801315,-0.10943536617819433,2482,-0.10811421851854587,0.0,567,0.0,0.65,0.0653243810234369,1.0720246938892901,4209,-145.78674549999997,293.64,0.0,-0.028711582536222444,-0.6185975441766128,10450944,0.01,0.0,0.0,0.0,-0.14697871616402708,-0.15229001161458536,-0.5,-0.48215215488524227,0.0,0.0,-3.977037305404059e-08,-0.7271118975294613,-0.21085909352345783,-0.0005969917689188461,0.0,-0.03213072484908884,-0.10602943007536379,0.013061948,18423,-19.868182945251466,0.14134521484375,0.2,1.0007141828536987,0.9612457156181335,0.9099085330963135,0.00026522496,2.3127681255340575,-0.011740625742822886
0.0,31.53184,0.0,0.0,0.0,0.0,-0.39509735085300607,-0.11755962619766781,2486,-0.10658588516709204,0.0,568,0.0,0.65,0.05927310152156694,1.040434216891758,4209,-146.22892231999995,296.07,0.0,-0.028568128635855998,-0.62177410100364,10469376,0.01,0.0,0.0,0.0,-0.13726081173893787,-0.16024877135745627,-0.5,-0.5119209551803205,0.0,0.0,-4.018397106132042e-08,-0.7539754356086896,-0.21937382697444108,-0.0005274072752439179,0.0,-0.026396817754074518,-0.10604672586585294,0.013329385,18427,-19.870766258239748,0.14847412109375,0.2,1.0010385513305664,0.9695642590522766,0.5745292901992798,0.00026516352,1.8053170561790466,-0.011449918802827596
4.882812370649642e-05,31.54336,0.0,0.0,0.0,0.0,-0.38874915093686924,-0.12110439962550162,2491,-0.10778338159527273,0.0,569,0.0,0.65,0.06330341044138836,1.016857713740511,4209,-145.91711975,291.0,0.0,-0.029102065220081536,-0.6307885473230392,10487808,0.01,0.0,0.0,0.0,-0.14652254086443026,-0.16080757697080306,-0.5,-0.5299248738064116,0.0,0.0,-4.6220516600359257e-08,-0.725331141434137,-0.21083970664225266,-0.0005024817811873572,0.0,-0.029404898269502964,-0.10581637474377074,0.013246027,18431,-19.86953201293945,0.13343505859375,0.2,1.0008620023727417,0.9636063575744629,0.6173676252365112,0.00026510208,1.8719575464725495,-0.011973773583304138
4.882812370649642e-05,31.55488,0.0,0.0,0.0,0.0,-0.39939117236781185,-0.11185598036576407,2496,-0.11376987829327782,0.0,570,0.0,0.65,0.057711622089351954,1.0221354161965885,4207,-146.17699605,300.55,0.0,-0.028131392501658574,-0.6016024453212351,10506240,0.01,0.0,0.0,0.0,-0.13172967211531109,-0.1537423773783169,-0.5,-0.49668537758908016,0.0,0.0,-3.6871799389110425e-08,-0.747829298769087,-0.21490709774537403,-0.0010121820448396998,0.0,-0.03321755506557464,-0.10608313601926046,0.01471096,18435,-19.86432466506958,0.163818359375,0.2,1.0002381801605225,0.9714593887329102,0.49326467514038086,0.00026504064,1.670656979084015,-0.012380707031115889
0.00010850687006798883,31.5664,0.0,0.0,0.0,0.0,-0.38893142971280614,-0.11419904436739331,2501,-0.11471092372051861,0.0,571,0.0,0.65,0.06083156660753676,1.1165383077268014,4207,-145.02351199999998,296.83,0.0,-0.02873955252858796,-0.6228664623468604,10524672,0.01,0.0,0.0,0.0,-0.13946281032696928,-0.155388854964042,-0.5,-0.4968196607072995,0.0,0.0,-4.2991067445324736e-08,-0.7343818796612012,-0.21406907658436794,-0.0007099796157791374,0.0,-0.03358661615412631,-0.10583011509401975,0.013116384,18439,-19.861454963684082,0.139208984375,0.2,1.0002343654632568,0.9675375819206238,0.49667349457740784,0.0002649792,1.5845511436462403,-0.010364747070707381
4.882812370649642e-05,31.57792,0.0,0.0,0.0,0.0,-0.3776960206869673,-0.10866504599116057,2505,-0.11163019863217667,0.0,572,0.0,0.65,0.0601489916631531,0.9546499267370177,4207,-146.55313771000002,299.34,0.0,-0.028402891021902892,-0.608041432634002,10543104,0.01,0.0,0.0,0.0,-0.14215018895735917,-0.16111366941741345,-0.5,-0.5129544586903022,0.0,0.0,-4.0902394026363766e-08,-0.7337966196503771,-0.21476420102897353,-0.006960725875297054,0.0,-0.03005553484965478,-0.10597640681611634,0.014806834,18443,-19.858813285827637,0.14495849609375,0.2,0.9999149441719055,0.9606634974479675,0.7701691389083862,0.00026491776,2.120076930522919,-0.012095724593382328
0.00013346343702222739,31.58944,0.0,0.0,0.0,0.0,-0.3739004821439551,-0.11145346761127733,2509,-0.11589997621534448,0.0,573,0.0,0.65,0.05812340027079031,0.9231613212562925,4207,-148.33609628,303.55,0.0,-0.02868448946668166,-0.6032091158609658,10561536,0.01,0.0,0.0,0.0,-0.1382392355338216,-0.16166162086549915,-0.5,-0.5221033727590237,0.0,0.0,-4.0608486590933e-08,-0.7213577766939829,-0.21256811682048338,-0.0034318279464203693,0.0,-0.026852146751480177,-0.10599543111798843,0.014480921,18447,-19.858847618103027,0.1470703125,0.2,1.0001153945922852,0.9605333209037781,0.6473188400268555,0.00026485631999999997,2.1398329615592955,-0.010516450623981655
0.0,31.60096,0.0,0.0,0.0,0.0,-0.39659386967598786,-0.11012905005801163,2514,-0.10798604689740054,0.0,574,0.0,0.65,0.06377501107587548,1.014924564366636,4207,-146.85822612,302.83,0.0,-0.028448723345482665,-0.5935167939723102,10579968,0.01,0.0,0.0,0.0,-0.15809915405834354,-0.15591022323961262,-0.5,-0.5144995322942381,0.0,0.0,-4.155890724600082e-08,-0.7158440500089721,-0.20189601278872035,-0.0008406271959198513,0.0,-0.018473792979623087,-0.10599013151330311,0.013420388,18451,-19.864678573608398,0.1276123046875,0.2,1.0006860494613647,0.9554802179336548,1.069474697113037,0.00026479488,2.5912522435188294,-0.011932399112265558
5.208331923414436e-05,31.61248,0.0,0.0,0.0,0.0,-0.39943469640475593,-0.12335984059627367,2518,-0.11043992169224323,0.0,575,0.0,0.65,0.0625497467707357,1.1755610759534976,4207,-140.19178607,284.48,0.0,-0.0287490315240257,-0.6765982991603875,10598400,0.01,0.0,0.0,0.0,-0.14164652201281627,-0.15898701316360697,-0.5,-0.45327437447724184,0.0,0.0,-4.3582707611584367e-08,-0.7200121328694712,-0.21691730587863636,-0.0015278571756667063,0.0,-0.027328480730324775,-0.10570938553765485,0.015528575,18455,-19.87301559448242,0.15595703125,0.2,1.0014737844467163,0.9688522815704346,0.5489621758460999,0.00026473344,1.7303743839263916,-0.013741256913635879
0.00010036885699567695,31.624,0.0,0.0,0.0,0.0,-0.40243955545203913,-0.11340100562019145,2523,-0.1084386330109912,0.0,576,0.0,0.65,0.06304329135985383,1.0479622044301442,4207,-142.08532971,287.45,0.0,-0.02909205522456447,-0.6482684310491844,10616832,0.01,0.0,0.0,0.0,-0.14799111650905603,-0.15844449818001619,-0.5,-0.4902727395739479,0.0,0.0,-3.988821805617239e-08,-0.7173991358494204,-0.20348381228439116,-0.0016591209374468697,0.0,-0.029317281220250554,-0.10579823208045841,0.0145786945,18459,-19.874296474456788,0.1383544921875,0.2,1.0015219449996948,0.9584865570068359,0.7498918771743774,0.000264672,2.271130883693695,-0.010816077212803065
0.0,31.63552,0.0,0.0,0.0,0.0,-0.39629906826360134,-0.11431993150069314,2527,-0.12206029143449126,0.0,577,0.0,0.65,0.061323901438206777,1.0451535402073757,4208,-143.21385136,286.53,0.0,-0.028467343763596206,-0.6213480929551749,10635264,0.01,0.0,0.0,0.0,-0.13620718345776847,-0.1528815768317645,-0.5,-0.4969267222252706,0.0,0.0,-4.1167902748531675e-08,-0.739197663887166,-0.2142822409368731,-0.0011141247557005087,0.0,-0.03138582490727357,-0.10601469824641405,0.015039593,18463,-19.8762414932251,0.15367431640625,0.2,1.0016587972640991,0.9637420177459717,0.6464315056800842,0.00026461056,2.07365545630455,-0.012840803677681834
0.00010416664816956554,31.64704,0.0,0.0,0.0,0.0,-0.4052697931968012,-0.12023783016161338,2531,-0.11005979584678746,0.0,578,0.0,0.65,0.05859251775016223,1.1404359431924134,4208,-143.22419055,290.64,0.0,-0.02915930018238455,-0.6438169468105408,10653696,0.01,0.0,0.0,0.0,-0.13592491614688113,-0.15119199425174912,-0.5,-0.5078295768454388,0.0,0.0,-4.068393761462568e-08,-0.7411392043174617,-0.20988695195917087,-0.005026094772160665,0.0,-0.03567373704249298,-0.10582254050564045,0.01607201,18467,-19.876811695098876,0.15321044921875,0.2,1.0017393827438354,0.9605200290679932,0.638472855091095,0.00026454912,2.063404643535614,-0.01305799174006097
9.765624741299285e-05,31.65856,0.0,0.0,0.0,0.0,-0.40504190578712806,-0.10717250819158142,2535,-0.11002920937084716,0.0,579,0.0,0.65,0.06464651151642864,1.064411842254477,4208,-144.04132687,294.44,0.0,-0.028321150708505216,-0.6091213399577222,10672128,0.01,0.0,0.0,0.0,-0.14003023603645082,-0.15612462239000446,-0.5,-0.5051786600022589,0.0,0.0,-4.330393870991878e-08,-0.7322179156774458,-0.20248742041687487,-0.0008845991143422245,0.0,-0.025073988411653165,-0.10616788724531413,0.014449638,18471,-19.873674201965333,0.14180908203125,0.2,1.0012727975845337,0.9641762971878052,0.7875306010246277,0.00026448768,2.085109794139862,-0.010951075330376625
0.00013943128740518459,31.67008,0.0,0.0,0.0,0.0,-0.3861406523558508,-0.10371143299648206,2540,-0.11294595629686449,0.0,580,0.0,0.65,0.06989305777647384,1.037775071405116,4208,-141.42204876000002,276.0,0.0,-0.02874784332952299,-0.614786525380313,10690560,0.01,0.0,0.0,0.0,-0.148640403244784,-0.16414259209603524,-0.5,-0.4707520041418794,0.0,0.0,-4.429398793352235e-08,-0.7247938644856997,-0.20048754541533295,-0.00905694592043506,0.0,-0.017415990624512132,-0.10583153383845467,0.013043818,18475,-19.872544384002687,0.14180908203125,0.2,1.001152753829956,0.9675729274749756,0.5442720651626587,0.00026442624,1.7765986621379852,-0.01081691068247892
9.765624741299285e-05,31.6816,0.0,0.0,0.0,0.0,-0.38488028732557156,-0.09891405401668846,2544,-0.12164787548989074,0.0,581,0.0,0.65,0.06244573479553633,0.9499847046041712,4208,-145.58304105,293.79,0.0,-0.028669866108909862,-0.5953504804140887,10708992,0.01,0.0,0.0,0.0,-0.14762769872166162,-0.14902856801150643,-0.5,-0.5069290799934855,0.0,0.0,-4.419570696020033e-08,-0.7511736422692825,-0.19972085497484196,-0.002655051386289285,0.0,-0.03355352864956432,-0.10595612608461949,0.014274141,18479,-19.872215938568115,0.16671142578125,0.2,1.0013140439987183,0.9536088109016418,0.9353631734848022,0.0002643648,2.712232828140259,-0.011608120054006577
9.98263745309992e-05,31.69312,0.0,0.0,0.0,0.0,-0.40234506168765655,-0.11524240224640721,2549,-0.11672828541107205,0.0,582,0.0,0.65,0.057101067760019726,1.0395248722582926,4208,-148.52039924,313.65,0.0,-0.02895981258163335,-0.626715528018188,10727424,0.01,0.0,0.0,0.0,-0.1400394167443021,-0.1542585740478277,-0.5,-0.4951778113484501,0.0,0.0,-4.3909584670688656e-08,-0.7464885434066172,-0.2093787809767183,-0.005254766278190565,0.0,-0.03498051477880734,-0.10590070713173168,0.013403024,18483,-19.866783905029298,0.13741455078125,0.2,1.0001569986343384,0.9623740315437317,0.7704542875289917,0.00026430336,2.3005483865737917,-0.012936371110845358
5.642350879497826e-05,31.704639999999998,0.0,0.0,0.0,0.0,-0.3843349105892915,-0.1042397514729292,2553,-0.12278902068817267,0.0,583,0.0,0.65,0.0646286799878011,1.0584154962595465,4208,-146.38773025,293.42,0.0,-0.028757434247183817,-0.6578026059911967,10745856,0.01,0.0,0.0,0.0,-0.14961916687514176,-0.16132885057803903,-0.5,-0.48889805350395577,0.0,0.0,-4.8070419424804286e-08,-0.7262297720242007,-0.21625499763350284,-0.02665191625213043,0.0,-0.027363614791991293,-0.10574203336204208,0.0128215505,18487,-19.86381330490112,0.1369384765625,0.2,1.000229835510254,0.9616156816482544,0.8228973150253296,0.00026424192,2.1749200224876404,-0.011662815639283508
0.00014648437111948928,31.71616,0.0,0.0,0.0,0.0,-0.4105652998319064,-0.11441764811085108,2557,-0.11446654059383538,0.0,584,0.0,0.65,0.06392477880015494,1.21285501800903,4208,-143.01650030000002,292.88,0.0,-0.029621818185645868,-0.6752613053578045,10764288,0.01,0.0,0.0,0.0,-0.13229731564131647,-0.15237675977935095,-0.5,-0.48457612533107547,0.0,0.0,-4.305419513728195e-08,-0.7362639533259414,-0.21048080743989453,-0.0016702571734002235,0.0,-0.03719134487134094,-0.10559386988843261,0.011850563,18491,-19.861000537872314,0.1369384765625,0.2,0.999992847442627,0.9600769877433777,1.0034652948379517,0.00026418048,2.5022680163383484,-0.01178100483957678
7.921002300766607e-05,31.72768,0.0,0.0,0.0,0.0,-0.39050716319177803,-0.10191868148021366,2562,-0.11146816670139018,0.0,585,0.0,0.65,0.06674719140901923,1.0133496714711017,4208,-143.07339619,290.37,0.0,-0.028681021295820786,-0.6370551894240113,10782720,0.01,0.0,0.0,0.0,-0.14057482730068013,-0.15223356150932713,-0.5,-0.5037962690012174,0.0,0.0,-4.124280423930862e-08,-0.7379925653904796,-0.2077675242104616,-0.003508543112264634,0.0,-0.02480706525966525,-0.10572017238149686,0.013094321,18495,-19.860408306121826,0.1256103515625,0.2,1.0001531839370728,0.9624132513999939,0.7356339693069458,0.00026411904,2.248217058181763,-0.00964274894213304
5.3710912147329916e-05,31.7392,0.0,0.0,0.0,0.0,-0.403867025479875,-0.11612144009247645,2566,-0.10993540009533695,0.0,586,0.0,0.65,0.061448820567924015,1.1379678936983437,4208,-144.56985266,292.0,0.0,-0.02885635344619099,-0.6522746725337057,10801152,0.01,0.0,0.0,0.0,-0.1391770727088878,-0.15525401240613101,-0.5,-0.4730504940226266,0.0,0.0,-4.5584511701397696e-08,-0.7385552617324387,-0.2157129720551559,-0.005261950027369013,0.0,-0.020845476547644164,-0.10574489346551492,0.014262319,18499,-19.86546106338501,0.15982666015625,0.2,1.0007373094558716,0.9668545722961426,0.7806901335716248,0.0002640576,2.168946999311447,-0.012310783145949244
3.2551955276479325e-06,31.75072,0.0,0.0,0.0,0.0,-0.39767540219661446,-0.10860791773837251,2570,-0.10740327196122797,0.0,587,0.0,0.65,0.06268857525154141,1.0908620910827522,4208,-144.12378779000002,294.16,0.0,-0.028989076155329214,-0.6490413687211795,10819584,0.01,0.0,0.0,0.0,-0.13238270511328615,-0.15878539772364408,-0.5,-0.47093788983564583,0.0,0.0,-4.57993533653741e-08,-0.7245342153229423,-0.21589798408628036,-0.01351233136400819,0.0,-0.03181415766367637,-0.10590025883046095,0.014710871,18503,-19.868613243103027,0.15111083984375,0.2,1.0006498098373413,0.9670867919921875,0.6069715023040771,0.00026399615999999997,1.8997385323047637,-0.013150313566438854
0.0,31.76224,0.0,0.0,0.0,0.0,-0.3976608282868366,-0.10701006658154245,2575,-0.11613229681021041,0.0,588,0.0,0.65,0.06505605084796802,1.1620941488976975,4208,-142.70794213,290.17,0.0,-0.029218284467311315,-0.6660843083333544,10838016,0.01,0.0,0.0,0.0,-0.14196628872240388,-0.15373508749629405,-0.5,-0.47349117059460205,0.0,0.0,-4.2686677778082894e-08,-0.7389078969163837,-0.21248874043185753,-0.015543130204871683,0.0,-0.03174498470616527,-0.10552989148887212,0.0136871785,18507,-19.869894409179686,0.1432861328125,0.2,1.0007781982421875,0.9645475149154663,0.7408369779586792,0.00026393472,2.173108142614365,-0.013476738729514182
2.8754306387984092e-05,31.77376,0.0,0.0,0.0,0.0,-0.40126720835798113,-0.10946084425561414,2579,-0.10719043732632294,0.0,589,0.0,0.65,0.05897035644356452,1.0674742401115356,4208,-143.08356759,286.41,0.0,-0.02878171065164642,-0.6126114743975694,10856448,0.01,0.0,0.0,0.0,-0.14777664147629477,-0.14942911032699385,-0.5,-0.5135511037853985,0.0,0.0,-4.1906953134197826e-08,-0.7536221463252485,-0.2062768100455461,-0.0006179477777871926,0.0,-0.021830992174929835,-0.10597277543116558,0.015782587,18511,-19.867206382751466,0.1588623046875,0.2,1.000830054283142,0.9628936648368835,0.8981336355209351,0.00026387328,2.318218541145325,-0.011638445721473545
7.812496429930131e-05,31.78528,0.0,0.0,0.0,0.0,-0.3958828746742164,-0.12172797093706651,2583,-0.10400400843768398,0.0,590,0.0,0.65,0.05802923106489655,1.1074990724160976,4209,-144.84964286000002,305.55,0.0,-0.029176693142775198,-0.6472825449884301,10874880,0.01,0.0,0.0,0.0,-0.13317598946479248,-0.1584440194617421,-0.5,-0.5045327628353425,0.0,0.0,-4.6731564609191665e-08,-0.7306541866429629,-0.20912218782264902,-0.0018019654143283362,0.0,-0.028425351139352035,-0.10574193603810862,0.013744822,18515,-19.868406772613525,0.13427734375,0.2,1.000902533531189,0.964622974395752,0.7421233654022217,0.00026381184,2.1098025739192963,-0.013605174637632445
4.882812370649642e-05,31.796799999999998,0.0,0.0,0.0,0.0,-0.4109548921886316,-0.11002367498338834,2588,-0.10614623464611406,0.0,591,0.0,0.65,0.06428600213818718,1.1320237765663872,4209,-142.45018331,295.56,0.0,-0.02945343094305129,-0.6477124471641699,10893312,0.01,0.0,0.0,0.0,-0.12904193617084628,-0.15305863125634314,-0.5,-0.47716380929009017,0.0,0.0,-4.2862480323589136e-08,-0.7308950106173442,-0.20999937420307593,-0.0038619817748816753,0.0,-0.022126126573615085,-0.10554305724761887,0.014323736,18519,-19.872706794738768,0.1553466796875,0.2,1.0011829137802124,0.9675775170326233,0.641497790813446,0.0002637504,2.0409311294555663,-0.011666137422434986
6.998694799323048e-05,31.808320000000002,0.0,0.0,0.0,0.0,-0.39781111391400337,-0.109959707579447,2592,-0.10808584852813577,0.0,592,0.0,0.65,0.06103476020911171,1.0971128910015588,4209,-141.31974275,291.61,0.0,-0.028876645730535572,-0.6379752070613963,10911744,0.01,0.0,0.0,0.0,-0.1270880226210326,-0.15826556128303385,-0.5,-0.48662863509965504,0.0,0.0,-4.359611132437837e-08,-0.7379821610813053,-0.21141474742810282,-0.010116352096381849,0.0,-0.028079079609597102,-0.10586129976356526,0.016348708,18523,-19.869051456451416,0.1641845703125,0.2,1.0009093284606934,0.971731960773468,0.5319274663925171,0.00026368896,1.782239603996277,-0.011626667203381657
9.765624741299285e-05,31.81984,0.0,0.0,0.0,0.0,-0.3817213553588883,-0.11474312853968979,2596,-0.11146045598295368,0.0,593,0.0,0.65,0.05868200612387617,0.9740796154578624,4209,-147.19520148,315.27,0.0,-0.029122722109679804,-0.6015091673322426,10930176,0.01,0.0,0.0,0.0,-0.1503858944048675,-0.1583063752226175,-0.5,-0.5165214034651981,0.0,0.0,-4.188703032648062e-08,-0.7347154596928692,-0.2061869823318382,-0.0039194504472060375,0.0,-0.02951490061079514,-0.10565975964982537,0.013152231,18527,-19.865874767303467,0.15570068359375,0.2,1.0001578330993652,0.9631548523902893,0.6877458691596985,0.00026362752,2.2437662899494173,-0.010121087852166966
0.00015624992536484369,31.83136,0.0,0.0,0.0,0.0,-0.4027227755170554,-0.11321803693430899,2601,-0.12043354189797793,0.0,594,0.0,0.65,0.06144471132951671,1.11778199600987,4209,-147.62104871,317.03,0.0,-0.02917212243181462,-0.6230291022124924,10948608,0.01,0.0,0.0,0.0,-0.1324500914530244,-0.15835759921781214,-0.5,-0.5218981384895194,0.0,0.0,-4.909669937120028e-08,-0.7252426662732506,-0.21190652849866887,-0.00752525789736599,0.0,-0.03264627210996372,-0.10549086645409751,0.013440518,18531,-19.863500308990478,0.17391357421875,0.2,1.0002931356430054,0.9631466865539551,0.7878563404083252,0.00026356608,2.3226163923740386,-0.01015176463406533
0.00013292089311612977,31.84288,0.0,0.0,0.0,0.0,-0.3838261014535321,-0.10005441794406184,2605,-0.12255359493047385,0.0,595,0.0,0.65,0.06412700971028967,1.0830240424508326,4209,-143.4444403,292.96,0.0,-0.02915730175933932,-0.6482275941093679,10967040,0.01,0.0,0.0,0.0,-0.13484943861447093,-0.15762954393119294,-0.5,-0.4786608627518176,0.0,0.0,-4.185061810784206e-08,-0.7168370830682051,-0.2120753941508242,-0.021774781435173238,0.0,-0.03579677202894042,-0.10551318087306544,0.013017272,18535,-19.868536853790282,0.1309326171875,0.2,1.0009115934371948,0.9654053449630737,0.7394201755523682,0.00026350464,2.106397444009781,-0.01150716959964484
4.882812370649642e-05,31.8544,0.0,0.0,0.0,0.0,-0.401876347172938,-0.10586681433624026,2609,-0.11769169132540674,0.0,596,0.0,0.65,0.06386569794885971,1.1612684176061907,4209,-142.55133544000003,290.07,0.0,-0.02867352336866035,-0.6306539433163407,10985472,0.01,0.0,0.0,0.0,-0.1361196823922849,-0.1533102421701587,-0.5,-0.48994178306377606,0.0,0.0,-4.204136914549319e-08,-0.7266594069046562,-0.21101563486436403,-0.006042432448847626,0.0,-0.03304503348125662,-0.1058264463096944,0.012263236,18539,-19.87161922454834,0.13909912109375,0.2,1.0013232231140137,0.9560859799385071,1.0600178241729736,0.0002634432,2.868902158737183,-0.011447762581519782
9.765624741299285e-05,31.86592,0.0,0.0,0.0,0.0,-0.39708427098865595,-0.10887068077266378,2615,-0.12096928927518366,0.0,597,0.0,0.65,0.05857672683058874,1.0835514281765013,4207,-144.09502996999998,301.06,0.0,-0.028928450483245795,-0.6382287328170689,11003904,0.01,0.0,0.0,0.0,-0.13659671673470966,-0.1603916038085759,-0.5,-0.4844994433719234,0.0,0.0,-4.1716875361112505e-08,-0.7421233800365221,-0.20983692303416301,-0.007836517532621485,0.0,-0.03029587515791516,-0.10566200493118971,0.016025629,18543,-19.870630264282227,0.148486328125,0.2,1.0008795261383057,0.9681056141853333,0.5909532904624939,0.00026338176,1.914962148666382,-0.01190044970717281
9.657111756193142e-05,31.87744,0.0,0.0,0.0,0.0,-0.40676124977346634,-0.1169088210594329,2619,-0.12076721358058186,0.0,598,0.0,0.65,0.05855172951079839,1.0884965241324625,4207,-145.82023476,316.57,0.0,-0.02915885898337872,-0.6373863851150061,11022336,0.01,0.0,0.0,0.0,-0.142388199765917,-0.1649622741950589,-0.5,-0.4946684374756089,0.0,0.0,-4.519855691947509e-08,-0.7468177131996216,-0.2062351191140004,-0.020742748598000876,0.0,-0.035031788935561456,-0.10567543799631068,0.01388753,18547,-19.871921634674074,0.16973876953125,0.2,1.0011489391326904,0.9678264856338501,0.7448664903640747,0.00026332032,2.1004587948322295,-0.011259941942989826
5.316838764378594e-05,31.88896,0.0,0.0,0.0,0.0,-0.41162469320365846,-0.11208379831594767,2624,-0.10457585920109466,0.0,599,0.0,0.65,0.06820184632740213,1.2112749926049433,4207,-141.86591285999998,298.92,0.0,-0.028862802207468632,-0.6740246441337362,11040768,0.01,0.0,0.0,0.0,-0.1330004842550329,-0.1648767633499677,-0.5,-0.4931754431030235,0.0,0.0,-4.848500263702759e-08,-0.721021966769731,-0.2020924153773896,-0.00026193021799833575,0.0,-0.033144719290754035,-0.10585158432204746,0.01401297,18551,-19.872520542144777,0.1415771484375,0.2,1.0011696815490723,0.9638488292694092,0.6977235078811646,0.00026325888,2.222278881072998,-0.010838524287100882
2.6584166334941983e-05,31.90048,0.0,0.0,0.0,0.0,-0.4097037501140311,-0.10788816466896434,2628,-0.11430026807240795,0.0,600,0.0,0.65,0.06358210409751378,1.1534184828760576,4207,-142.82717393999997,298.8,0.0,-0.029145201941219105,-0.6381144656261089,11059200,0.01,0.0,0.0,0.0,-0.13144825566188306,-0.1548075503007471,-0.5,-0.4848640620204907,0.0,0.0,-4.0450655833706315e-08,-0.7517476964051161,-0.21177775181088873,-0.010692476105378887,0.0,-0.031470868831901394,-0.10566806914749645,0.012179287,18555,-19.871461963653566,0.13087158203125,0.2,1.001218318939209,0.9646448493003845,0.7975449562072754,0.00026319744,2.254253160953522,-0.010996046289801598
0.0,31.912,0.0,0.0,0.0,0.0,-0.41474429368041665,-0.11364388726746502,2632,-0.11251649244547107,0.0,601,0.0,0.65,0.06072717705813565,1.2051514783754769,4207,-143.23902897,300.35,0.0,-0.029433966163068117,-0.648286076554932,11077632,0.01,0.0,0.0,0.0,-0.13235684669393338,-0.1480846329453487,-0.5,-0.48611955312459404,0.0,0.0,-4.077040929458303e-08,-0.75716616300102,-0.2113839405764781,-0.002037618504157435,0.0,-0.030276206899240304,-0.10575630887347959,0.013283046,18559,-19.872528648376466,0.14417724609375,0.2,1.0014036893844604,0.9679293036460876,0.6899113059043884,0.00026313599999999997,2.1461211442947388,-0.012590324017219245
0.0001258679678560131,31.92352,0.0,0.0,0.0,0.0,-0.4043616894727318,-0.113405527241117,2637,-0.11241246296061123,0.0,602,0.0,0.65,0.06147680744466249,1.1169058669345666,4207,-143.99489424,305.46,0.0,-0.029094971941224384,-0.6400421203000304,11096064,0.01,0.0,0.0,0.0,-0.12923930565197583,-0.16928274225911422,-0.5,-0.49516589718628207,0.0,0.0,-4.548512533082401e-08,-0.7450275170555783,-0.2069215727496554,-0.01393123000190405,0.0,-0.03448491850738517,-0.10574582345602691,0.014631051,18563,-19.87349100112915,0.15927734375,0.2,1.001391887664795,0.972913384437561,0.6112130880355835,0.00026307456,1.8208574116230012,-0.010594758408842608
4.882812370649642e-05,31.93504,0.0,0.0,0.0,0.0,-0.4178441228739858,-0.11362164440884578,2641,-0.11039648571291048,0.0,603,0.0,0.65,0.06397226706335155,1.267828941868312,4207,-141.39009222999996,295.05,0.0,-0.029024841126244316,-0.6736882555080159,11114496,0.01,0.0,0.0,0.0,-0.1300455309713443,-0.15397121436597397,-0.5,-0.4870994848500113,0.0,0.0,-4.2505262899115177e-08,-0.7494118946889576,-0.21087539050089396,-0.004853001096841874,0.0,-0.02673007061336345,-0.10565012102637579,0.014634453,18567,-19.873690032958983,0.15037841796875,0.2,1.0013747215270996,0.96213698387146,0.8242830038070679,0.00026301312,2.4012939810752867,-0.012901201541535557
4.882812370649642e-05,31.946559999999998,0.0,0.0,0.0,0.0,-0.42221063584039675,-0.10985461291060811,2645,-0.11351519448795863,0.0,604,0.0,0.65,0.06119785570781707,1.1836601254835744,4207,-139.429668,292.18,0.0,-0.028629541945087236,-0.6571138809066728,11132928,0.01,0.0,0.0,0.0,-0.13211540166739114,-0.1536245055966159,-0.5,-0.4892292841898577,0.0,0.0,-4.0381537119139166e-08,-0.7421281045520943,-0.20572477714820622,-0.003451881609881815,0.0,-0.02919601833208516,-0.105660869212014,0.013411519,18571,-19.874490833282472,0.14991455078125,0.2,1.001409888267517,0.966495931148529,0.8221241235733032,0.00026295168,2.134021300077438,-0.01081557945581153
0.00013400594859073559,31.958080000000002,0.0,0.0,0.0,0.0,-0.3698527054460571,-0.11176271041962621,2650,-0.11454120290842296,0.0,605,0.0,0.65,0.06658682091397965,1.0877691089436565,4207,-141.18593898,289.8,0.0,-0.028361288017254817,-0.6470887128140963,11151360,0.01,0.0,0.0,0.0,-0.1442010928672393,-0.16365398196870978,-0.5,-0.48441901285628014,0.0,0.0,-4.552072650107519e-08,-0.7056452165402943,-0.21001077432353146,-0.010186835362759326,0.0,-0.025490653030121595,-0.10575762579946218,0.013589345,18575,-19.8732271194458,0.16639404296875,0.2,1.0012476444244385,0.9719303250312805,0.6427575945854187,0.00026289023999999996,1.9140058994293212,-0.013456559320911766
4.882812370649642e-05,31.9696,0.0,0.0,0.0,0.0,-0.3956069331637035,-0.11576886601162983,2654,-0.10983222536180551,0.0,606,0.0,0.65,0.06127822782591043,1.108319282741423,4207,-143.40728309,304.58,0.0,-0.029002154259268515,-0.6295767559050062,11169792,0.01,0.0,0.0,0.0,-0.1359658003277502,-0.16614065933179467,-0.5,-0.5175823987277566,0.0,0.0,-4.5248083246080984e-08,-0.7409289213642284,-0.2031418176469301,-0.012007533191828545,0.0,-0.03877948036663131,-0.10576014991791474,0.012715815,18579,-19.870594882965086,0.13876953125,0.2,1.0008618831634521,0.9655178785324097,0.8737549185752869,0.0002628288,2.4383459448814393,-0.011447511980077252
0.00022406669773368372,31.98112,0.0,0.0,0.0,0.0,-0.3932681085151387,-0.09945555781807054,2658,-0.11895340568985861,0.0,607,0.0,0.65,0.061775098548645255,1.0907247010286252,4208,-144.38783368000003,315.54,0.0,-0.029167635105845913,-0.6325780884851205,11188224,0.01,0.0,0.0,0.0,-0.13281802269600648,-0.15948516885033556,-0.5,-0.4697356204603573,0.0,0.0,-4.006941100856803e-08,-0.7278367989472824,-0.20720333392189227,-0.017777617076615508,0.0,-0.027004738524232783,-0.10599526114277373,0.012381438,18583,-19.867527103424074,0.1334228515625,0.2,1.0006097555160522,0.9653540849685669,0.752341091632843,0.00026276736,2.3239497184753417,-0.01239564319839701
0.00010742178872331149,31.99264,0.0,0.0,0.0,0.0,-0.38708023349476617,-0.11315880107462235,2663,-0.10669176855623407,0.0,608,0.0,0.65,0.06333514443201689,1.0120290663687053,4208,-143.31846944999998,300.44,0.0,-0.028980267407766564,-0.6351227515437521,11206656,0.01,0.0,0.0,0.0,-0.1321249478295915,-0.16260220107724674,-0.5,-0.49587984426650916,0.0,0.0,-4.345532927256156e-08,-0.7182736049121119,-0.20574351715349506,-0.008610817824304416,0.0,-0.02494310207354526,-0.10598175043237151,0.015575749,18587,-19.870168495178223,0.14564208984375,0.2,1.0011729001998901,0.9679344296455383,0.7305060625076294,0.00026270591999999997,2.2660459756851195,-0.01327052591368556
0.0001953124948259857,32.00416,0.0,0.0,0.0,0.0,-0.3940020921661808,-0.11048590813136824,2667,-0.11600865295796524,0.0,609,0.0,0.65,0.06109304448994151,1.10443687897984,4208,-143.49334236,297.45,0.0,-0.028455227421459235,-0.6391704865405382,11225088,0.01,0.0,0.0,0.0,-0.13803415689212584,-0.15143198887198475,-0.5,-0.509053627285107,0.0,0.0,-4.433461584630327e-08,-0.7267250210868542,-0.19870780221316398,-0.0016566489303355106,0.0,-0.02939648679360592,-0.10585729532504691,0.013661613,18591,-19.86929397583008,0.15975341796875,0.2,1.0009775161743164,0.9618085622787476,0.996462345123291,0.00026264448,2.7369020700454714,-0.010403135442174971
0.00014648437111948928,32.01568,0.0,0.0,0.0,0.0,-0.3900845203417978,-0.10755746709846946,2671,-0.11228788320060433,0.0,610,0.0,0.65,0.0599715538774302,1.0549400989864521,4208,-144.37708983,310.44,0.0,-0.02947555544097506,-0.6185746390993916,11243520,0.01,0.0,0.0,0.0,-0.1365050967809333,-0.15326988317099766,-0.5,-0.4817541281825666,0.0,0.0,-4.553026760894319e-08,-0.7453224078745776,-0.2038720532881984,-0.004040265338128685,0.0,-0.034685926401935935,-0.10589561139316589,0.01301606,18595,-19.87199125289917,0.12581787109375,0.2,1.0013022422790527,0.9644404053688049,0.9675678014755249,0.00026258304,2.575025236606598,-0.011435311316745356
0.00011610238127306932,32.0272,0.0,0.0,0.0,0.0,-0.4122365564222332,-0.11800162720796398,2676,-0.11275316743659597,0.0,611,0.0,0.65,0.06166022819888539,1.1963322343745995,4208,-143.38943669,301.07,0.0,-0.028932732892399473,-0.6569815450536866,11261952,0.01,0.0,0.0,0.0,-0.1300940037366968,-0.15391532647055697,-0.5,-0.46802005323619333,0.0,0.0,-4.158790527710768e-08,-0.7202317519417295,-0.20832034531637178,-0.004879530937412775,0.0,-0.0274925970410954,-0.10572462336239627,0.013305512,18599,-19.87151517868042,0.13592529296875,0.2,1.0011372566223145,0.9654200673103333,0.773690402507782,0.0002625216,2.334275782108307,-0.013365685008466244
3.363711423137122e-05,32.03872,0.0,0.0,0.0,0.0,-0.40416965032348523,-0.11420494274178347,2680,-0.11261436720774709,0.0,612,0.0,0.65,0.05898820521008078,1.1923385621579579,4208,-140.48073023,294.16,0.0,-0.029235896217783268,-0.6524875147128552,11280384,0.01,0.0,0.0,0.0,-0.1294560231608854,-0.1516181254736377,-0.5,-0.47702959732503913,0.0,0.0,-4.072082496824121e-08,-0.7432562383946394,-0.21353863908201548,-0.0015534532708144874,0.0,-0.026876009339402016,-0.10571213159634335,0.013772915,18603,-19.870293426513673,0.165087890625,0.2,1.0010385513305664,0.9665970802307129,0.9568887948989868,0.00026246016,2.4055440187454225,-0.009599467483349144
2.7126700539762776e-05,32.05024,0.0,0.0,0.0,0.0,-0.4096252654550055,-0.11046165054397658,2684,-0.1036933550574234,0.0,613,0.0,0.65,0.06335302084387363,1.2438831903497212,4208,-140.54449678000003,295.94,0.0,-0.028921133057391246,-0.6279157408508491,11298816,0.01,0.0,0.0,0.0,-0.1343412464036445,-0.15056428671806069,-0.5,-0.44902098113668537,0.0,0.0,-4.145142734792846e-08,-0.7233779708275945,-0.20401492557610013,-0.0004920854517447384,0.0,-0.027037009850674722,-0.10569867089331987,0.013920548,18607,-19.870845317840576,0.14520263671875,0.2,1.0010391473770142,0.9680771231651306,0.9043706655502319,0.00026239872,2.3830363512039185,-0.012195941270329058
7.324214352087842e-05,32.06176,0.0,0.0,0.0,0.0,-0.4098930283408924,-0.1050099147271259,2689,-0.11038286860729946,0.0,614,0.0,0.65,0.06758511249070981,1.108159212438182,4208,-138.6500226,283.73,0.0,-0.028577763819679088,-0.6337298949520256,11317248,0.01,0.0,0.0,0.0,-0.15004266400300098,-0.1476770384280847,-0.5,-0.47207187453594407,0.0,0.0,-4.2002847107125895e-08,-0.719748622701511,-0.20717395598103178,-0.007564216563618146,0.0,-0.029058763294920534,-0.10579845008187994,0.012575038,18611,-19.86910800933838,0.1340576171875,0.2,1.0007221698760986,0.9673445224761963,0.8017390966415405,0.00026233728,2.330366539955139,-0.01199320200830698
0.00017957887676958408,32.07328,0.0,0.0,0.0,0.0,-0.4058453446760267,-0.11410814019179351,2693,-0.11803911591406119,0.0,615,0.0,0.65,0.06370176231221465,1.2319774103447627,4208,-140.87193725999998,296.12,0.0,-0.029237684848897865,-0.6515863121168727,11335680,0.01,0.0,0.0,0.0,-0.13819071327983862,-0.150915292744927,-0.5,-0.47224092491846037,0.0,0.0,-4.076802442118514e-08,-0.7221972780265039,-0.21234782526341783,-0.014018991984827296,0.0,-0.03714929914147231,-0.10564390733930418,0.0135283815,18615,-19.86628293991089,0.14520263671875,0.2,1.0004096031188965,0.9633070826530457,0.9282327890396118,0.00026227583999999997,2.6973754167556763,-0.011027933633886277
0.00011935753476185103,32.0848,0.0,0.0,0.0,0.0,-0.37687679994201473,-0.10435985527039789,2697,-0.11811315491937578,0.0,616,0.0,0.65,0.0653832933989571,1.0717714793772766,4208,-141.38839644,293.16,0.0,-0.028787667387996676,-0.6406002206963078,11354112,0.01,0.0,0.0,0.0,-0.14347626605949101,-0.15519137221187143,-0.5,-0.4996396663799487,0.0,0.0,-4.610230375097954e-08,-0.70907011709353,-0.20955344749398516,-0.006651837695321655,0.0,-0.031672695059872545,-0.10583391361134929,0.015673582,18619,-19.862405872344972,0.1578857421875,0.2,1.000149130821228,0.9689857959747314,0.7628259658813477,0.0002622144,2.2242391705513,-0.010101170965936036
0.0,32.09632,0.0,0.0,0.0,0.0,-0.38977593195559646,-0.11261579150338778,2702,-0.10623621125214731,0.0,617,0.0,0.65,0.0625219061310372,1.0926189971659488,4208,-140.79689225,288.71,0.0,-0.028751381722981917,-0.6302048717614231,11372544,0.01,0.0,0.0,0.0,-0.1354835746261997,-0.1562905412624657,-0.5,-0.47967026199042473,0.0,0.0,-4.2374347235748586e-08,-0.7348109153586071,-0.20495264117341197,-0.007398122952661814,0.0,-0.020158766472983796,-0.10594729447463594,0.013343711,18623,-19.863991069793702,0.13848876953125,0.2,1.0004498958587646,0.9621956944465637,0.9545056819915771,0.00026215296,2.736708867549896,-0.010889699612744153
0.0,32.10784,0.0,0.0,0.0,0.0,-0.39780582706505163,-0.11104005680109014,2706,-0.11102922720775575,0.0,618,0.0,0.65,0.06110367611530005,1.1333692613903472,4208,-140.15045870000003,288.14,0.0,-0.028622633609621917,-0.6305387069688055,11390976,0.01,0.0,0.0,0.0,-0.13115219836577346,-0.15256641960657452,-0.5,-0.45544663867791424,0.0,0.0,-4.159518964713989e-08,-0.7220071120498159,-0.2035021705966617,-0.014926156200841848,0.0,-0.02657138056141169,-0.10584571516208716,0.013644746,18627,-19.869201278686525,0.1421875,0.2,1.0011590719223022,0.9586730003356934,0.9762556552886963,0.00026209152,2.999531626701355,-0.012793453841004521
0.00014865449823749563,32.11936,0.0,0.0,0.0,0.0,-0.392892446002243,-0.11710985518870966,2710,-0.11126986469954467,0.0,619,0.0,0.65,0.06213286284432037,1.1750839227591845,4208,-140.99461733,300.07,0.0,-0.029076677649057123,-0.6435253974153002,11409408,0.01,0.0,0.0,0.0,-0.13536352181882727,-0.1691506752733479,-0.5,-0.4645357215731829,0.0,0.0,-4.6643367664319256e-08,-0.7175888317608653,-0.20395232265023858,-0.005625967776665581,0.0,-0.03017909501957345,-0.10560433376977789,0.0125993285,18631,-19.869648361206053,0.13704833984375,0.2,1.0009666681289673,0.9678266644477844,0.825890302658081,0.00026203007999999996,2.336063492298126,-0.01102698054164648
0.0001095919287763536,32.13088,0.0,0.0,0.0,0.0,-0.40951594092978,-0.12091072835954539,2715,-0.10366345728872485,0.0,620,0.0,0.65,0.06235047097411439,1.2901544062103822,4208,-137.81833846,289.56,0.0,-0.02867824000063541,-0.6644867704254851,11427840,0.01,0.0,0.0,0.0,-0.1316747342560423,-0.15217573011280774,-0.5,-0.47560332040495,0.0,0.0,-4.2395677742357976e-08,-0.7415947674937005,-0.21057812818599386,-0.006440993435856108,0.0,-0.0320574826635291,-0.10565508014553715,0.011447479,18635,-19.86384515762329,0.10806884765625,0.2,1.000147819519043,0.9629083871841431,0.9077993035316467,0.00026196864,2.7732980251312256,-0.010726403072476387
4.882812370649642e-05,32.1424,0.0,0.0,0.0,0.0,-0.3846901351831504,-0.12725283089342024,2719,-0.1041834669890631,0.0,621,0.0,0.65,0.06032353781931042,1.1563917270327257,4208,-139.33735183000002,299.33,0.0,-0.029150076035875876,-0.6370640700590805,11446272,0.01,0.0,0.0,0.0,-0.14875799240375387,-0.16501458363961757,-0.5,-0.5074157261326024,0.0,0.0,-5.0584184098317004e-08,-0.7057862231813373,-0.19887234231023848,-0.008823184528318316,0.0,-0.03325363312615082,-0.1056037805973584,0.013690864,18639,-19.866159534454347,0.13958740234375,0.2,1.0007871389389038,0.9641984701156616,0.9227584600448608,0.0002619072,2.546608364582062,-0.010210371273569763
0.0001101344629811744,32.15392,0.0,0.0,0.0,0.0,-0.3890123575202391,-0.11830928227441787,2724,-0.10948650728666115,0.0,622,0.0,0.65,0.06598146966389891,1.1320105397718176,4208,-139.89140337999999,296.77,0.0,-0.029058046310569883,-0.6557280217503201,11464704,0.01,0.0,0.0,0.0,-0.15032791476922114,-0.16294844103630612,-0.5,-0.4545435679859648,0.0,0.0,-4.835011043488388e-08,-0.7015759853556451,-0.21187340417143308,-0.0059516241093842265,0.0,-0.027153389612471476,-0.10565031307414273,0.013121761,18643,-19.869404602050782,0.13507080078125,0.2,1.0009512901306152,0.9650676250457764,1.0207408666610718,0.00026184575999999997,2.758158040046692,-0.0133198416326195
0.0,32.165440000000004,0.0,0.0,0.0,0.0,-0.4006665199720039,-0.11299729685162235,2728,-0.10983748863842979,0.0,623,0.0,0.65,0.05986079355293973,1.212703937511289,4208,-139.8326201,298.06,0.0,-0.029029101665092254,-0.676409458185369,11483136,0.01,0.0,0.0,0.0,-0.12294076198803033,-0.16065699839798742,-0.5,-0.45758191153434935,0.0,0.0,-4.799591035548542e-08,-0.7442389611854461,-0.20866185148779645,-0.0012637397548478275,0.0,-0.03339143739301815,-0.10581824150313672,0.016868014,18647,-19.868177127838134,0.16229248046875,0.2,1.0007306337356567,0.9683907628059387,0.8981351852416992,0.00026178432,2.5013308048248293,-0.013632929814048112
4.882812370649642e-05,32.17696,0.0,0.0,0.0,0.0,-0.39496743009384955,-0.11021280712024334,2734,-0.10361515465807862,0.0,624,0.0,0.65,0.061716256101203446,1.0855458865175804,4206,-143.22553141,314.65,0.0,-0.028428994829334038,-0.6249177156890028,11501568,0.01,0.0,0.0,0.0,-0.14335738215867636,-0.1563181359941544,-0.5,-0.4872592349559114,0.0,0.0,-4.509653839607859e-08,-0.7292523703239637,-0.19474334930534704,-0.0016928707340083367,0.0,-0.03539515809421169,-0.10567016807700425,0.015571845,18651,-19.873073673248292,0.1822998046875,0.2,1.0015723705291748,0.9599709510803223,1.121725082397461,0.00026172288,2.952667510509491,-0.009090285433921963
0.0,32.18848,0.0,0.0,0.0,0.0,-0.38909436727906965,-0.11462075998851569,2738,-0.10179630581141302,0.0,625,0.0,0.65,0.060693983378887414,1.1951828383990482,4206,-140.20897428,303.25,0.0,-0.028599671221328005,-0.6552216213352829,11520000,0.01,0.0,0.0,0.0,-0.13187906721096895,-0.15834663072004512,-0.5,-0.46291782596797276,0.0,0.0,-4.3293278422699516e-08,-0.7153167344717702,-0.20832645708934666,-0.003916580274914209,0.0,-0.027262159542361688,-0.10576416457126456,0.013285993,18655,-19.87075424194336,0.14407958984375,0.2,1.0008748769760132,0.9700014591217041,0.9207993745803833,0.00026166144,2.490483057498932,-0.010739572311285884
4.2860195713324676e-05,32.2,0.0,0.0,0.0,0.0,-0.395329609377906,-0.10518983765610672,2742,-0.10629080661778441,0.0,626,0.0,0.65,0.06325240199847243,1.049912426278208,4206,-141.20116255000002,301.1,0.0,-0.02813540780928807,-0.6171861165230129,11538432,0.01,0.0,0.0,0.0,-0.14371273738893298,-0.152300946028684,-0.5,-0.4941186236701562,0.0,0.0,-4.5942298518340466e-08,-0.7228422700395367,-0.1968467046634762,-0.0035980966484738183,0.0,-0.02805277478667752,-0.10620856497597825,0.013271244,18659,-19.86746597290039,0.13890380859375,0.2,1.0007697343826294,0.9669169783592224,0.9136484861373901,0.0002616,2.691261386871338,-0.012989130627829581
4.882812370649642e-05,32.21152,0.0,0.0,0.0,0.0,-0.3921982864232493,-0.12143435028096901,2747,-0.10973489675552171,0.0,627,0.0,0.65,0.059090601108441415,1.1855670257281048,4206,-139.47213742,301.36,0.0,-0.02891810117830866,-0.6328108084023311,11556864,0.01,0.0,0.0,0.0,-0.13080338471557554,-0.1526495878371644,-0.5,-0.4726351049960328,0.0,0.0,-4.147704411533383e-08,-0.7202718689422254,-0.20064620579118697,-0.0054905399002965136,0.0,-0.025405066915684275,-0.1058561818735812,0.013784468,18663,-19.87041664123535,0.146044921875,0.2,1.0008915662765503,0.9680094122886658,1.0028831958770752,0.00026153856,2.697123146057129,-0.011148788849823177
0.0,32.22304,0.0,0.0,0.0,0.0,-0.38235209889686833,-0.11201058465023572,2751,-0.1104921541748861,0.0,628,0.0,0.65,0.05986514171381829,1.0400155096831734,4206,-140.87340215000003,303.23,0.0,-0.028690567696751854,-0.6225367193667758,11575296,0.01,0.0,0.0,0.0,-0.14623306731045074,-0.15319326913485926,-0.5,-0.48609693353697225,0.0,0.0,-4.403943922190218e-08,-0.7193445807355779,-0.20683135656285148,-0.005233433656042942,0.0,-0.027467237994036015,-0.10580384748962493,0.013352856,18667,-19.86656847000122,0.14830322265625,0.2,1.0002946853637695,0.9655312299728394,1.0920884609222412,0.00026147712,2.7489381432533264,-0.010779764037579298
0.00013834628690448072,32.23456,0.0,0.0,0.0,0.0,-0.3995706582197436,-0.11275165006050734,2755,-0.11504253182910656,0.0,629,0.0,0.65,0.06057776694445754,1.1647318196703131,4206,-142.48912983999998,309.81,0.0,-0.028701177529667762,-0.6231840922948847,11593728,0.01,0.0,0.0,0.0,-0.13220424099013278,-0.14912608284477163,-0.5,-0.48058835712579856,0.0,0.0,-4.3192410401860474e-08,-0.7149859696966471,-0.2050255416307493,-0.013061937888225923,0.0,-0.03497700013556621,-0.10563579787644727,0.015714515,18671,-19.866072940826417,0.1426513671875,0.2,1.0005511045455933,0.9668222069740295,0.8959115743637085,0.00026141567999999997,2.674733304977417,-0.012355262588243932
0.00014539925096970465,32.24608,0.0,0.0,0.0,0.0,-0.39187647758349975,-0.10079800937085656,2760,-0.12366540823306733,0.0,630,0.0,0.65,0.06423050730938014,1.1225095701972276,4206,-141.93081787,298.92,0.0,-0.028559713408511427,-0.6310386312115006,11612160,0.01,0.0,0.0,0.0,-0.1435262644610724,-0.14829470086037147,-0.5,-0.460052403086016,0.0,0.0,-4.3585901940692916e-08,-0.7055410603258205,-0.2062565421569381,-0.008670577212208586,0.0,-0.02517991606954537,-0.10601485988729042,0.013975319,18675,-19.870507621765135,0.15418701171875,0.2,1.0011495351791382,0.9682542681694031,0.7980684041976929,0.00026135424,2.542483949661255,-0.010800253553315996
4.882812370649642e-05,32.257600000000004,0.0,0.0,0.0,0.0,-0.41617890738676244,-0.12394227885240713,2764,-0.10652566289417909,0.0,631,0.0,0.65,0.06104322735746045,1.343449290388441,4207,-139.65327674,301.43,0.0,-0.02884181234880119,-0.6537249760170982,11630592,0.01,0.0,0.0,0.0,-0.13818721048408084,-0.1440541102962883,-0.5,-0.4903843325271061,0.0,0.0,-4.315740033836718e-08,-0.7260246824247628,-0.21148044906849817,-0.00109438392383356,0.0,-0.03224262167512077,-0.10557455326395145,0.01422449,18679,-19.87218894958496,0.15887451171875,0.2,1.0010550022125244,0.9615097045898438,1.0742344856262207,0.0002612928,3.1812304854393005,-0.01059955069795251
0.00012641053116466437,32.26912,0.0,0.0,0.0,0.0,-0.4051116440639865,-0.11722376903212023,2768,-0.10627145774898136,0.0,632,0.0,0.65,0.062325836292578964,1.2662181179752743,4207,-137.88326082999998,303.04,0.0,-0.029105726488133088,-0.6452936886990742,11649024,0.01,0.0,0.0,0.0,-0.13335029937313245,-0.15405673599052966,-0.5,-0.4628988169794667,0.0,0.0,-4.48427399490316e-08,-0.7152648364717669,-0.20459934582199882,-0.006015523070049034,0.0,-0.03529274798670991,-0.10565893236848413,0.013071174,18683,-19.871188926696778,0.12283935546875,0.2,1.0011920928955078,0.9659550786018372,0.8460664749145508,0.00026123136,2.5400984048843385,-0.010965501004830003
2.1701271180063486e-06,32.28064,0.0,0.0,0.0,0.0,-0.40132644027701314,-0.11088082069003184,2773,-0.11875486705559792,0.0,633,0.0,0.65,0.06452965225037827,1.158923500435741,4207,-138.9711597,304.87,0.0,-0.02910675004513258,-0.6228259941404801,11667456,0.01,0.0,0.0,0.0,-0.14904314720942688,-0.15590054367652542,-0.5,-0.48016718012663073,0.0,0.0,-4.4949811424799694e-08,-0.7207642509265164,-0.1988436096579972,-0.013300848308236066,0.0,-0.02584221683759501,-0.10592205843651564,0.013252055,18687,-19.86985836029053,0.14993896484375,0.2,1.0007853507995605,0.9670146703720093,0.9968181252479553,0.00026116991999999996,2.7577792406082153,-0.01159194455249235
9.71136517667522e-05,32.29216,0.0,0.0,0.0,0.0,-0.3941313989900275,-0.12013433447369937,2777,-0.10785656904139335,0.0,634,0.0,0.65,0.06437856511042458,1.2277295994870008,4207,-139.32470851,302.57,0.0,-0.02894668827532078,-0.6378257880671634,11685888,0.01,0.0,0.0,0.0,-0.14910460448384583,-0.15081675553249896,-0.5,-0.4830819559334546,0.0,0.0,-4.675563127187032e-08,-0.706833424004675,-0.19858525248640524,-0.002130982074844163,0.0,-0.028862914148097236,-0.10583051069777816,0.014929391,18691,-19.86946029663086,0.1544189453125,0.2,1.0010530948638916,0.9665139317512512,1.079827070236206,0.00026110848,2.8544955134391783,-0.012332847504876555
0.0002864582703397092,32.30368,0.0,0.0,0.0,0.0,-0.38928109438026576,-0.10783509293188984,2781,-0.11050556039188764,0.0,635,0.0,0.65,0.06431129692574328,1.1369860906691902,4207,-138.90998184,295.33,0.0,-0.02832358680308128,-0.6330049049359202,11704320,0.01,0.0,0.0,0.0,-0.14278264067180613,-0.14719060971070608,-0.5,-0.4714157723800152,0.0,0.0,-4.271765440265397e-08,-0.7163648082520782,-0.2015299078222468,-0.006044045779422165,0.0,-0.03270215562628841,-0.10595051757199618,0.013430992,18695,-19.870414161682127,0.1425537109375,0.2,1.0009238719940186,0.9626173973083496,1.1403696537017822,0.00026104704,3.0722078323364257,-0.0105836286325939
4.7200469351891014e-05,32.3152,0.0,0.0,0.0,0.0,-0.4030489765001198,-0.10349277072788349,2786,-0.11309339994300073,0.0,636,0.0,0.65,0.06461864706943646,1.1386533151282079,4207,-142.3733273,298.74,0.0,-0.02888334355408094,-0.6415508398006889,11722752,0.01,0.0,0.0,0.0,-0.14173635721059763,-0.14972898296336534,-0.5,-0.46208318513573254,0.0,0.0,-4.4146005202111096e-08,-0.7117519246329405,-0.19735360281851494,-0.005680598346058716,0.0,-0.020136388325934403,-0.10595754449086968,0.013431224,18699,-19.869158840179445,0.13035888671875,0.2,1.0009238719940186,0.9624794125556946,1.1131782531738281,0.00026098559999999997,3.230465602874756,-0.011801993544213473
0.00016872826381586492,32.32672,0.0,0.0,0.0,0.0,-0.4155489666929,-0.11487090714954092,2790,-0.1092235078657723,0.0,637,0.0,0.65,0.06475669744363179,1.315194441177141,4207,-137.68831287999998,294.86,0.0,-0.02886693084270851,-0.6664345333995754,11741184,0.01,0.0,0.0,0.0,-0.12946211528604573,-0.14761693784034172,-0.5,-0.46272667380070004,0.0,0.0,-4.3947704162389215e-08,-0.7176050443164154,-0.20052533247923543,-0.007169092071238576,0.0,-0.02792798286180995,-0.10563315670602287,0.013571866,18703,-19.869879531860352,0.11881103515625,0.2,1.0009092092514038,0.9643777012825012,1.130929946899414,0.00026092416,3.1372125506401063,-0.010694659408181905
0.00014377163542020653,32.33824,0.0,0.0,0.0,0.0,-0.40434320974089843,-0.11059174285263376,2794,-0.11204179877825646,0.0,638,0.0,0.65,0.06651344021636763,1.2352439079986774,4207,-136.53815745,286.96,0.0,-0.028800421526140225,-0.6481943437809918,11759616,0.01,0.0,0.0,0.0,-0.14555487362143713,-0.14835708309147544,-0.5,-0.45461054559505865,0.0,0.0,-4.7454772809999506e-08,-0.7109180511607466,-0.19420435436620548,-0.0009944908388748587,0.0,-0.025988295913622197,-0.10575301838564662,0.0127869565,18707,-19.868026351928712,0.1267333984375,0.2,1.000558614730835,0.972237229347229,0.9172358512878418,0.00026086272,2.3453396439552305,-0.009123602963518352
6.510400756572683e-06,32.34976,0.0,0.0,0.0,0.0,-0.40163437778655386,-0.11416056607240223,2799,-0.1124476109923509,0.0,639,0.0,0.65,0.06456698048989774,1.2133911978030634,4207,-137.83670919,290.01,0.0,-0.028598701506205384,-0.6728162405205579,11778048,0.01,0.0,0.0,0.0,-0.1516588996865162,-0.146100356213987,-0.5,-0.4683791824003562,0.0,0.0,-4.619645023957891e-08,-0.716704652083163,-0.20280694712909642,-0.004563908655646078,0.0,-0.028334075127430778,-0.10566519645187539,0.0123776775,18711,-19.867119598388673,0.12271728515625,0.2,1.0009188652038574,0.9587293863296509,1.1999154090881348,0.00026080128,3.3412333130836487,-0.010314217105042189
0.00015462237449052432,32.36128,0.0,0.0,0.0,0.0,-0.39856333475723,-0.11471691107796514,2803,-0.11792703582911239,0.0,640,0.0,0.65,0.06360566405653995,1.1935099443488495,4207,-139.58674385,301.81,0.0,-0.029060081554940276,-0.6283867291539293,11796480,0.01,0.0,0.0,0.0,-0.13253341949857428,-0.1498128938469171,-0.5,-0.4750038286428493,0.0,0.0,-4.483554280579928e-08,-0.7068472881437631,-0.20677016929111125,-0.006965393524477761,0.0,-0.03363314310263377,-0.10562755706643386,0.013595084,18715,-19.8692608833313,0.13154296875,0.2,1.0007776021957397,0.9677881002426147,0.8710319399833679,0.00026073984,2.6434678196907044,-0.011433633009437472
0.00012641054086594118,32.3728,0.0,0.0,0.0,0.0,-0.4028740588633558,-0.1269993803578398,2807,-0.10991490127202062,0.0,641,0.0,0.65,0.06014519891408591,1.3169519886273056,4207,-139.18839766000002,299.55,0.0,-0.029123961996998318,-0.684743190808479,11814912,0.01,0.0,0.0,0.0,-0.14153727805904412,-0.14719904418329835,-0.5,-0.477040664951032,0.0,0.0,-4.8184188278643793e-08,-0.7114433159926592,-0.21014308138270196,-0.000739894339618638,0.0,-0.032591332338698625,-0.10569150738848081,0.0142079415,18719,-19.87017183303833,0.14141845703125,0.2,1.001046061515808,0.963173508644104,1.0444782972335815,0.0002606784,2.889238381385803,-0.012873399187810719
0.0003108723095566448,32.38432,0.0,0.0,0.0,0.0,-0.3904691702103243,-0.10768240249651712,2812,-0.12357515297033385,0.0,642,0.0,0.65,0.06651096154043458,1.182589056612928,4207,-137.68306065000002,291.68,0.0,-0.028901301485804744,-0.6415581272725749,11833344,0.01,0.0,0.0,0.0,-0.1546463361115175,-0.14538486511875778,-0.5,-0.46044388432779093,0.0,0.0,-4.6047854062355697e-08,-0.6941430075628863,-0.19944377181944586,-0.0054596527498165116,0.0,-0.03158290376045948,-0.10569403344529957,0.0143498685,18723,-19.869809436798096,0.13946533203125,0.2,1.0007277727127075,0.9649924635887146,1.01507568359375,0.00026061696,2.93116409778595,-0.01348470269003883
0.0002137586480886158,32.39584,0.0,0.0,0.0,0.0,-0.3925255351012733,-0.10974560305145473,2816,-0.1303183256869027,0.0,643,0.0,0.65,0.06183496443343314,1.0722905260559843,4207,-140.63346414,310.94,0.0,-0.02905281159024733,-0.6449788596671796,11851776,0.01,0.0,0.0,0.0,-0.13469181347608614,-0.1546331691983722,-0.5,-0.48608903353403676,0.0,0.0,-4.378899241213989e-08,-0.7276214027457516,-0.20090302083509703,-0.01941478000921608,0.0,-0.0360444319796645,-0.1056966381885658,0.015128009,18727,-19.865986919403078,0.15850830078125,0.2,1.0004839897155762,0.9694119691848755,0.9737162590026855,0.00026055551999999997,2.6444481730461122,-0.013925035274587572
0.0,32.40736,0.0,0.0,0.0,0.0,-0.40936599750602454,-0.11742868507152698,2820,-0.11524924450623678,0.0,644,0.0,0.65,0.06211793585155545,1.2062807323464355,4207,-142.17214004999997,313.33,0.0,-0.02871128157370518,-0.6508642763877694,11870208,0.01,0.0,0.0,0.0,-0.14410108090054918,-0.1484315498071087,-0.5,-0.4977169431898034,0.0,0.0,-4.271454115951568e-08,-0.7383314617194111,-0.19519674456524153,-0.005649562598705162,0.0,-0.040424040095078655,-0.10606418592399967,0.01638421,18731,-19.86771183013916,0.1664794921875,0.2,1.0008549690246582,0.9716440439224243,1.0164613723754883,0.00026049408,2.6710809111595153,-0.012852675537578762
4.882812370649642e-05,32.41888,0.0,0.0,0.0,0.0,-0.39412705080200333,-0.12149800439324461,2825,-0.11322365453478724,0.0,645,0.0,0.65,0.0634061603090298,1.2033961809587235,4207,-139.82269871,309.0,0.0,-0.028908960217285156,-0.6455908533017973,11888640,0.01,0.0,0.0,0.0,-0.13989319718258997,-0.15281537182352578,-0.5,-0.4674051332215019,0.0,0.0,-4.394911805639293e-08,-0.7192966705934292,-0.2014147789205617,-0.0036113361081983367,0.0,-0.03110777657194477,-0.10581494385040653,0.014124105,18735,-19.867925453186036,0.130615234375,0.2,1.0006954669952393,0.9691097140312195,0.9025141000747681,0.00026043264,2.6468733310699464,-0.011375838378444313
0.0,32.4304,0.0,0.0,0.0,0.0,-0.4036136800468786,-0.11048212644018551,2829,-0.10681371328042458,0.0,646,0.0,0.65,0.05917842527264541,1.122485577700997,4208,-142.49464261,314.48,0.0,-0.02871195376190388,-0.6272944678035444,11907072,0.01,0.0,0.0,0.0,-0.13849607153780238,-0.15176023373161307,-0.5,-0.4982627849920987,0.0,0.0,-4.2639788094628895e-08,-0.7405794661599758,-0.19340632009246592,-0.00321667958387838,0.0,-0.051769115979873784,-0.10592755684122444,0.01619706,18739,-19.867238807678223,0.1660888671875,0.2,1.000738263130188,0.9661744832992554,1.1974595785140991,0.0002603712,3.0115638375282288,-0.011426838824991136
9.765624741299285e-05,32.441919999999996,0.0,0.0,0.0,0.0,-0.4073316549407574,-0.11892559820795302,2833,-0.11477360313737672,0.0,647,0.0,0.65,0.06035791242886847,1.1751275590288917,4208,-143.46151354,319.53,0.0,-0.02801195187412756,-0.6527951132093208,11925504,0.01,0.0,0.0,0.0,-0.13432307344558508,-0.15056474795327068,-0.5,-0.5112751417345621,0.0,0.0,-4.2404565958671895e-08,-0.739157592005776,-0.2028039962490248,-0.0013570921941840758,0.0,-0.03729510235522563,-0.10607211157925164,0.012674162,18743,-19.865193367004395,0.14085693359375,0.2,1.000594973564148,0.9724103212356567,0.9123206734657288,0.00026030975999999996,2.5159375190734865,-0.00985753706190735
7.378467772569921e-05,32.45344,0.0,0.0,0.0,0.0,-0.4267881388678592,-0.11219164496304507,2838,-0.12104389885419227,0.0,648,0.0,0.65,0.061768164625654265,1.287262414134207,4208,-140.91241265,312.63,0.0,-0.02867205092671788,-0.6602453645321797,11943936,0.01,0.0,0.0,0.0,-0.1245475713514664,-0.14417726206345616,-0.5,-0.4640957773905081,0.0,0.0,-4.434470492384931e-08,-0.7376345331667946,-0.20386760483827657,-0.000655021930583695,0.0,-0.04260814814834804,-0.10606882633032173,0.0152114285,18747,-19.8676344871521,0.156103515625,0.2,1.0009369850158691,0.9661133289337158,0.9191501140594482,0.00026024832,2.668415665626526,-0.013488584733568131
5.425339461200767e-05,32.46496,0.0,0.0,0.0,0.0,-0.4061740558010928,-0.11777117873348557,2842,-0.11322075202697907,0.0,649,0.0,0.65,0.06033307575337061,1.2547089525734108,4208,-139.62393275,307.58,0.0,-0.02880092499881329,-0.6419956408938304,11962368,0.01,0.0,0.0,0.0,-0.13435024018370423,-0.15318827848364555,-0.5,-0.49855135459511746,0.0,0.0,-4.258240569442648e-08,-0.7386848819534362,-0.19910245650901123,-0.018597400839781557,0.0,-0.034601283390657045,-0.1059738956233459,0.015254987,18751,-19.86596508026123,0.1483154296875,0.2,1.0005747079849243,0.9622405767440796,1.2292988300323486,0.00026018688,3.1049812197685243,-0.011852225102484227
0.00017198346904478967,32.47648,0.0,0.0,0.0,0.0,-0.3930789244996879,-0.11365019409108869,2846,-0.11257204792755313,0.0,650,0.0,0.65,0.06200729445608209,1.0831157002792302,4208,-142.49043301,319.49,0.0,-0.02874488396132048,-0.6309371958276914,11980800,0.01,0.0,0.0,0.0,-0.13326371085128094,-0.15764641439250004,-0.5,-0.4857258472968637,0.0,0.0,-4.657802278244627e-08,-0.7329729526899894,-0.19922961322463562,-0.005501190478830739,0.0,-0.050162533944886595,-0.10617178996885918,0.013106218,18755,-19.861352729797364,0.1416748046875,0.2,1.0002822875976562,0.9669762849807739,1.133353590965271,0.00026012543999999997,2.759764587879181,-0.012065676401834934
0.00017415349268250994,32.488,0.0,0.0,0.0,0.0,-0.41165991732135176,-0.11451632028753389,2851,-0.11547078904892166,0.0,651,0.0,0.65,0.06376131954706948,1.2198790490350988,4208,-138.92403344000002,295.14,0.0,-0.02861373296303169,-0.6462513218862143,11999232,0.01,0.0,0.0,0.0,-0.14177803462772043,-0.14600722900040666,-0.5,-0.47851171848432617,0.0,0.0,-4.316892679886057e-08,-0.7133201064481324,-0.1962230094891795,-0.0032500327597612434,0.0,-0.02726866826641425,-0.10570249840155121,0.014567721,18759,-19.860826206207275,0.14237060546875,0.2,1.0000587701797485,0.9683766961097717,0.9724640250205994,0.000260064,2.6848292708396913,-0.013030308485031127
4.882812370649642e-05,32.499520000000004,0.0,0.0,0.0,0.0,-0.40491674754414064,-0.11363289014032404,2856,-0.11671474247357971,0.0,652,0.0,0.65,0.05871232127550415,1.1774677130728088,4206,-139.90804548,297.37,0.0,-0.028868825391682548,-0.6513663194304269,12017664,0.01,0.0,0.0,0.0,-0.14277989612538733,-0.1460652379563739,-0.5,-0.4778231984602644,0.0,0.0,-4.467030515493843e-08,-0.7436570078695477,-0.1986588527010568,-0.0032371342850071472,0.0,-0.037462884007254615,-0.10598961063879195,0.013399795,18763,-19.859883785247803,0.1482666015625,0.2,1.0001411437988281,0.961717963218689,1.1766188144683838,0.00026000256,3.1671679496765135,-0.012036278867162764
4.231766150850389e-05,32.51104,0.0,0.0,0.0,0.0,-0.3933712635920277,-0.11872690187406872,2861,-0.1102671280715979,0.0,653,0.0,0.65,0.058464083646802015,1.1751805552769312,4206,-144.24320541,322.27,0.0,-0.029049315513273073,-0.6366948365412091,12036096,0.01,0.0,0.0,0.0,-0.1391957688638137,-0.1567518167966022,-0.5,-0.49309884863667314,0.0,0.0,-4.4899915559924394e-08,-0.7406298349300676,-0.1960642340313818,-0.0030010525329054825,0.0,-0.047823655003513627,-0.10591516621520572,0.014045482,18767,-19.86595392227173,0.138330078125,0.2,1.000985026359558,0.9666377305984497,0.9075860381126404,0.00025994112,2.6947888374328612,-0.013619170582387596
9.765624741299285e-05,32.52256,0.0,0.0,0.0,0.0,-0.4176737067801879,-0.11884950729568684,2865,-0.11266998056051047,0.0,654,0.0,0.65,0.05710757068910022,1.2370019782698038,4206,-144.08258161,332.87,0.0,-0.029399044536955885,-0.6153905747630877,12054528,0.01,0.0,0.0,0.0,-0.13736191716150314,-0.14857783977142797,-0.5,-0.48926927432657735,0.0,0.0,-4.060572073405987e-08,-0.7458295262381571,-0.20342060425039116,-0.006705461636032461,0.0,-0.04448164773606954,-0.10589759989903316,0.014303146,18771,-19.86956787109375,0.14718017578125,0.2,1.0012233257293701,0.9627174139022827,1.2217155694961548,0.00025987968,3.069256031513214,-0.01052643753355369
4.882812370649642e-05,32.53408,0.0,0.0,0.0,0.0,-0.3922985433982993,-0.11839740874757299,2869,-0.10969010299273413,0.0,655,0.0,0.65,0.06370645419027031,1.18734995380659,4206,-139.78173462,322.27,0.0,-0.028966620013319882,-0.6594206662987627,12072960,0.01,0.0,0.0,0.0,-0.13956704268577838,-0.15912235602072458,-0.5,-0.4378081202656583,0.0,0.0,-4.393040055341552e-08,-0.6948675855573669,-0.19911343819467947,-0.008430382108363013,0.0,-0.03284198597248178,-0.10574438164331312,0.015540662,18775,-19.87001323699951,0.1429931640625,0.2,1.0013991594314575,0.96346515417099,0.9663547873497009,0.00025981824,2.620624506473541,-0.013402976392535492
0.000148111954331398,32.5456,0.0,0.0,0.0,0.0,-0.39292023393459624,-0.12086029749938519,2874,-0.11358953131124148,0.0,656,0.0,0.65,0.05545344041135427,1.142070436780852,4206,-139.29854612999998,315.03,0.0,-0.02861077407960209,-0.6294505946421637,12091392,0.01,0.0,0.0,0.0,-0.13712893817516247,-0.14424270223396915,-0.5,-0.4930268188650478,0.0,0.0,-4.193197695521524e-08,-0.7381776881899921,-0.20228650439740192,-0.002213758797412376,0.0,-0.04588776357478411,-0.10590396092983863,0.0124260895,18779,-19.870671463012695,0.12913818359375,0.2,1.0010509490966797,0.9717341661453247,0.8108561635017395,0.0002597568,2.4372899889945985,-0.009826741833239793
0.00014648437111948928,32.55712,0.0,0.0,0.0,0.0,-0.39916111919786845,-0.11167134063966902,2878,-0.1197732521602256,0.0,657,0.0,0.65,0.06324208541909278,1.2423357205664085,4206,-140.56391673,319.84,0.0,-0.029158605100995803,-0.642570447652502,12109824,0.01,0.0,0.0,0.0,-0.14025032744701338,-0.14503899055212865,-0.5,-0.4690363077869714,0.0,0.0,-4.485059555303322e-08,-0.7207592061964953,-0.19945200254721904,-0.0007861083524712383,0.0,-0.033224469598887175,-0.10568780927087056,0.0133626815,18783,-19.86822900772095,0.13321533203125,0.2,1.0005273818969727,0.9710756540298462,0.8921710252761841,0.00025969535999999997,2.3875365257263184,-0.012275227787904441
0.0,32.56864,0.0,0.0,0.0,0.0,-0.3968617598620357,-0.11464363866579462,2883,-0.10776858900267154,0.0,658,0.0,0.65,0.05952736195290358,1.168230784792418,4206,-139.13597053,312.12,0.0,-0.028771058063268476,-0.6194535050443405,12128256,0.01,0.0,0.0,0.0,-0.13671691389202667,-0.15418506115082717,-0.5,-0.487472500212468,0.0,0.0,-4.316349773483245e-08,-0.7353087574909719,-0.1989731923183764,-0.00042610626833601296,0.0,-0.037789625807717026,-0.10579443441091896,0.014400306,18787,-19.866356563568115,0.15531005859375,0.2,1.0007332563400269,0.9681752920150757,0.9974703788757324,0.00025963392,2.6419069170951843,-0.01090637855231762
0.00014648437111948928,32.58016,0.0,0.0,0.0,0.0,-0.3896512008172796,-0.10382748725459631,2887,-0.11450834553904671,0.0,659,0.0,0.65,0.06617616001789106,1.0954313947592342,4206,-140.69969396,312.01,0.0,-0.028274332423104436,-0.6204721597547587,12146688,0.01,0.0,0.0,0.0,-0.15177406425805376,-0.15133552759364066,-0.5,-0.46602759572949026,0.0,0.0,-4.347643660850395e-08,-0.7108732857035113,-0.18515899141076375,-0.005913881682629211,0.0,-0.02973272934387852,-0.10595603080739348,0.014416553,18791,-19.868993854522706,0.15584716796875,0.2,1.0009994506835938,0.9621787071228027,1.2061978578567505,0.00025957248,2.9863126397132875,-0.01331260324222967
0.00011393226385633979,32.59168,0.0,0.0,0.0,0.0,-0.40697866302684255,-0.12215764630090163,2891,-0.10123633071409963,0.0,660,0.0,0.65,0.05872680529061331,1.227383485472843,4206,-139.53156934000003,305.22,0.0,-0.028726173798341876,-0.6732911233313807,12165120,0.01,0.0,0.0,0.0,-0.14157754217571739,-0.14838359247488814,-0.5,-0.5021169516370408,0.0,0.0,-4.62581698892207e-08,-0.7194983794986665,-0.20280977620898272,-0.0008098798956598753,0.0,-0.0372776084356398,-0.10558614615613661,0.012742376,18795,-19.86753616333008,0.11815185546875,0.2,1.0006657838821411,0.9699915647506714,0.9971203804016113,0.00025951104,2.9088627457618714,-0.009673919272609055
0.00011393216037605371,32.6032,0.0,0.0,0.0,0.0,-0.4241050037958064,-0.1181747950696643,2896,-0.1079840867842994,0.0,661,0.0,0.65,0.06174445988280995,1.3567638633144044,4206,-137.17140988,310.7,0.0,-0.028879870052411463,-0.6384100732866725,12183552,0.01,0.0,0.0,0.0,-0.12543709608959275,-0.1514721066584425,-0.5,-0.4612228407176668,0.0,0.0,-3.997620349272778e-08,-0.7378767760891076,-0.20354126686383706,-0.0005012980293639667,0.0,-0.04116976120955466,-0.10566450021745277,0.011762639,18799,-19.86561212539673,0.112060546875,0.2,1.0004841089248657,0.9685047268867493,0.9561893343925476,0.00025944959999999996,2.8061829924583437,-0.010737436509225517
0.0,32.61472,0.0,0.0,0.0,0.0,-0.40013417666411966,-0.11410854097824605,2900,-0.1079479453652948,0.0,662,0.0,0.65,0.06270796335814904,1.250953808155519,4206,-136.89583476,308.27,0.0,-0.028558586332752173,-0.6302597888608202,12201984,0.01,0.0,0.0,0.0,-0.14432965188647917,-0.14627253907375823,-0.5,-0.4887909954959071,0.0,0.0,-4.282344288822985e-08,-0.7223803117302434,-0.1936754404412221,-0.010266754868012864,0.0,-0.03298494197467031,-0.1056600343510217,0.015137638,18803,-19.868119716644287,0.1352783203125,0.2,1.0009756088256836,0.959143877029419,1.0778621435165405,0.00025938816,2.9199873208999634,-0.012403615220682696
2.4956563720479608e-05,32.62624,0.0,0.0,0.0,0.0,-0.4118267604542772,-0.12293618866630468,2904,-0.10392906871536337,0.0,663,0.0,0.65,0.06401495462070819,1.3333228953189005,4207,-134.25656597,296.5,0.0,-0.02926430187127951,-0.6594163862212123,12220416,0.01,0.0,0.0,0.0,-0.13831470277227165,-0.1485987224317582,-0.5,-0.45324309047324335,0.0,0.0,-4.5467129506337566e-08,-0.7227351583969094,-0.1989012135320487,-0.0010411173333528105,0.0,-0.03169086208638166,-0.1055485752496988,0.013985271,18807,-19.87198429107666,0.14891357421875,0.2,1.0013104677200317,0.9703567624092102,0.9980101585388184,0.00025932672,2.601473331451416,-0.009413676662370562
0.0,32.63776,0.0,0.0,0.0,0.0,-0.39579965172995574,-0.12404075997996114,2909,-0.10745151415124649,0.0,664,0.0,0.65,0.058534867289886695,1.2211920590388547,4207,-135.33364782,306.42,0.0,-0.028963253516813187,-0.6464497746924092,12238848,0.01,0.0,0.0,0.0,-0.13786103688639073,-0.145739033575226,-0.5,-0.45823277533018203,0.0,0.0,-4.161483646245948e-08,-0.7254854559502295,-0.20628557672560469,-0.0016235947106593353,0.0,-0.03779952530264078,-0.10590371532163957,0.01293466,18811,-19.87033700942993,0.12938232421875,0.2,1.000946044921875,0.9723067283630371,0.8479326963424683,0.00025926527999999997,2.343535977602005,-0.011028661695308983
4.882812370649642e-05,32.64928,0.0,0.0,0.0,0.0,-0.39665147108555915,-0.11687353031926517,2913,-0.10896922138991309,0.0,665,0.0,0.65,0.06441031748221869,1.27911097863105,4207,-137.38372622999998,308.93,0.0,-0.02913572277224808,-0.6448085382162924,12257280,0.01,0.0,0.0,0.0,-0.1399889396187549,-0.14696126025037934,-0.5,-0.485564548082271,0.0,0.0,-4.297342091239916e-08,-0.7147624574495776,-0.19616193468873075,-0.0004562611870822828,0.0,-0.029575392725140166,-0.10584227254429583,0.015466122,18815,-19.873687648773192,0.16009521484375,0.2,1.0014604330062866,0.9766503572463989,0.7185302972793579,0.00025920384,2.160437834262848,-0.009895268303807825
4.882812370649642e-05,32.6608,0.0,0.0,0.0,0.0,-0.40229004346799574,-0.1180859716454757,2917,-0.10907392090370391,0.0,666,0.0,0.65,0.05816936821507195,1.3003431700150803,4207,-138.89011488999998,315.42,0.0,-0.028852973056468237,-0.6332311002525093,12275712,0.01,0.0,0.0,0.0,-0.13120470528023098,-0.15141395902556082,-0.5,-0.48748158337990094,0.0,0.0,-4.558113062960255e-08,-0.7260901451901975,-0.20518100860718486,-0.00043583215980123137,0.0,-0.05686689435484974,-0.10594037600093971,0.016985089,18819,-19.875050640106203,0.16107177734375,0.2,1.001586675643921,0.9694284796714783,1.0458357334136963,0.0002591424,2.622726118564606,-0.011149148480035365
0.0,32.67232,0.0,0.0,0.0,0.0,-0.3855962958173923,-0.11004400505013362,2922,-0.10748468909167354,0.0,667,0.0,0.65,0.06627562551793692,1.122874524108599,4207,-139.80076439,314.86,0.0,-0.02866443943111328,-0.6364167143505455,12294144,0.01,0.0,0.0,0.0,-0.142643374057591,-0.14439000606732447,-0.5,-0.45713225332589225,0.0,0.0,-4.627206486266864e-08,-0.6874442247715846,-0.20038431461756356,-0.0012917993578796339,0.0,-0.02555060523607406,-0.10584336162356624,0.014617844,18823,-19.87223062515259,0.1425048828125,0.2,1.001045823097229,0.9680281281471252,0.8738779425621033,0.00025908096,2.6449512243270874,-0.012698508671019227
0.0001155597953281055,32.683840000000004,0.0,0.0,0.0,0.0,-0.40154973674199756,-0.10551096187467615,2926,-0.1099796594707517,0.0,668,0.0,0.65,0.05670354847273681,1.05882845668735,4207,-141.68066548000002,316.08,0.0,-0.029030357333424645,-0.5993281986762287,12312576,0.01,0.0,0.0,0.0,-0.13059232975271817,-0.1474890681090887,-0.5,-0.4794759007185872,0.0,0.0,-4.18408501285311e-08,-0.7117842576657555,-0.20782763052314343,-0.010123995012784402,0.0,-0.04086457377383744,-0.10579592325049758,0.013681349,18827,-19.86805591583252,0.1363525390625,0.2,1.000628113746643,0.9683905243873596,1.034589409828186,0.00025901951999999996,3.1382649540901184,-0.012025317898951471
5.154078502932357e-05,32.69536,0.0,0.0,0.0,0.0,-0.390509659706223,-0.11369968687142272,2930,-0.11098772379657319,0.0,669,0.0,0.65,0.05600257545057438,1.0595596467541422,4207,-145.99133015,339.09,0.0,-0.029203546994259207,-0.6013384017582636,12331008,0.01,0.0,0.0,0.0,-0.13559320757850946,-0.1529408253203347,-0.5,-0.48336669082463135,0.0,0.0,-4.4758290775603144e-08,-0.7225524771519191,-0.20353005962491025,-0.009897271473751074,0.0,-0.0477558456801085,-0.10577526762040462,0.011792881,18831,-19.865622425079344,0.1122802734375,0.2,1.0006260871887207,0.9550912380218506,1.2884464263916016,0.00025895808,4.069105768203736,-0.01073107387055643
8.300776244141161e-05,32.70688,0.0,0.0,0.0,0.0,-0.39416427680572946,-0.12498745459503288,2935,-0.11374577643279646,0.0,670,0.0,0.65,0.05975116279860472,1.1876831957212748,4207,-143.86491519,332.16,0.0,-0.028931924946758177,-0.6253507708935125,12349440,0.01,0.0,0.0,0.0,-0.1420572363900127,-0.14513850354404093,-0.5,-0.48898046395517003,0.0,0.0,-4.352420389281692e-08,-0.7140374201161884,-0.1987775330097678,-0.006630990443007596,0.0,-0.03377826749702864,-0.10587129762627646,0.01296,18835,-19.86872844696045,0.123193359375,0.2,1.0010275840759277,0.969953715801239,1.0961194038391113,0.00025889664,2.7551553726196287,-0.01169879490043968
4.882812370649642e-05,32.7184,0.0,0.0,0.0,0.0,-0.4061043267653592,-0.11989387745732347,2939,-0.10789604884929112,0.0,671,0.0,0.65,0.06364832829627379,1.2766867733665286,4207,-137.84804788000002,305.53,0.0,-0.028721297113856452,-0.6470228048474171,12367872,0.01,0.0,0.0,0.0,-0.14437678027155765,-0.14279615862729042,-0.5,-0.44096047434705954,0.0,0.0,-4.213214794470057e-08,-0.7139102660541021,-0.19829566079813063,-0.0007551250307595469,0.0,-0.030856848749358,-0.10583237630596877,0.013534459,18839,-19.87310733795166,0.1289794921875,0.2,1.0014418363571167,0.9659157395362854,1.235347032546997,0.00025883519999999997,3.1580700874328613,-0.011940397194121034
4.882812370649642e-05,32.72992,0.0,0.0,0.0,0.0,-0.41051147394249704,-0.1282030718734035,2943,-0.11325019290615256,0.0,672,0.0,0.65,0.06200304131369256,1.3157685238642198,4207,-135.760178,298.71,0.0,-0.029120903266845813,-0.6335677931707329,12386304,0.01,0.0,0.0,0.0,-0.13686256460357357,-0.14342200759177962,-0.5,-0.47628806650825045,0.0,0.0,-4.21637987312784e-08,-0.7248332968317203,-0.1965287904286533,-0.004710203022192313,0.0,-0.030362737819410138,-0.10559007511150337,0.0147624165,18843,-19.871096897125245,0.12257080078125,0.2,1.0010013580322266,0.9698992371559143,1.0936294794082642,0.00025877376,2.9205547332763673,-0.010135058430023491
0.00010959199021777345,32.74144,0.0,0.0,0.0,0.0,-0.38891328073546866,-0.12175856838702355,2948,-0.11008585959283067,0.0,673,0.0,0.65,0.059176344179367,1.1594878901531613,4207,-137.13727905000002,311.48,0.0,-0.02904680684295881,-0.6246120373391234,12404736,0.01,0.0,0.0,0.0,-0.14190863788806107,-0.15195853349327873,-0.5,-0.4718668920056571,0.0,0.0,-4.3902977889467745e-08,-0.7056646990590539,-0.2026385799914124,-0.012592155727611626,0.0,-0.031171250145740084,-0.10569198983988014,0.015458216,18847,-19.86824026107788,0.1509033203125,0.2,1.000667929649353,0.9681113958358765,1.063472867012024,0.00025871232,2.98356831073761,-0.012411136040464043
0.0,32.75296,0.0,0.0,0.0,0.0,-0.40435758162644175,-0.11667594557738442,2952,-0.11334155854436274,0.0,674,0.0,0.65,0.06202665469556149,1.2916704154353684,4207,-139.21772651,318.26,0.0,-0.028789942723605595,-0.6268488678286973,12423168,0.01,0.0,0.0,0.0,-0.1354160077055016,-0.14404766469787325,-0.5,-0.4665730180798632,0.0,0.0,-4.285826770465463e-08,-0.7154355380074702,-0.20562328182620432,-0.013069433467201465,0.0,-0.034627740027240686,-0.10586822918136324,0.014568408,18851,-19.867321300506593,0.1460205078125,0.2,1.0008853673934937,0.9690181016921997,0.9551160335540771,0.00025865088,3.021294105052948,-0.012213915889151394
4.5030322831331025e-05,32.76448,0.0,0.0,0.0,0.0,-0.4140295411752572,-0.13215884480702203,2956,-0.10768225448024267,0.0,675,0.0,0.65,0.05763746559536794,1.3717479190827975,4207,-136.17319772,316.09,0.0,-0.02912660345105963,-0.6528481657423241,12441600,0.01,0.0,0.0,0.0,-0.12654584707595212,-0.14946403024713195,-0.5,-0.4652429921418509,0.0,0.0,-4.510790256231551e-08,-0.7224055551981864,-0.20517165270345544,-0.0003967675181539834,0.0,-0.043412037659436464,-0.1056679233337635,0.014382753,18855,-19.87056169509888,0.1534912109375,0.2,1.0008652210235596,0.9702808856964111,0.9839076399803162,0.00025858943999999996,2.738618862628937,-0.011875898391008378
7.324215322215523e-05,32.775999999999996,0.0,0.0,0.0,0.0,-0.41888057651578947,-0.1174137214224721,2961,-0.10600128497452081,0.0,676,0.0,0.65,0.06367472657961899,1.2843721085683573,4207,-135.33685529,306.78,0.0,-0.029249876836136737,-0.6493394574717529,12460032,0.01,0.0,0.0,0.0,-0.13720007265909925,-0.14639057228232233,-0.5,-0.4570907207738354,0.0,0.0,-4.969498647863123e-08,-0.7271612345852063,-0.20002776686157495,-0.0036069221904006955,0.0,-0.02582186589198601,-0.10574837789999371,0.013411773,18859,-19.86973829269409,0.14117431640625,0.2,1.0007222890853882,0.9737157821655273,0.7022746801376343,0.000258528,2.1634559869766234,-0.008045037405099719
0.00012912321189004515,32.78752,0.0,0.0,0.0,0.0,-0.39109114907696146,-0.11416282785064638,2965,-0.11214247087937607,0.0,677,0.0,0.65,0.062323559671184844,1.2066159174057904,4207,-137.56824742000003,308.46,0.0,-0.029257865835214877,-0.6194078420256512,12478464,0.01,0.0,0.0,0.0,-0.13408498063115143,-0.1497262423591627,-0.5,-0.4726135681884511,0.0,0.0,-4.292939758277582e-08,-0.7075890456723083,-0.1994677724903507,-0.010942739928752302,0.0,-0.04021380410671958,-0.105678949501186,0.015371298,18863,-19.868532848358154,0.16429443359375,0.2,1.0007219314575195,0.9674066305160522,1.0577839612960815,0.00025846656,3.0197938442230225,-0.010599785600788891
0.0001953124948259857,32.79904,0.0,0.0,0.0,0.0,-0.39009477918953916,-0.1211707997146323,2969,-0.10817635093654804,0.0,678,0.0,0.65,0.062207261713223105,1.1941417988798944,4207,-140.25389458,322.07,0.0,-0.02930708371605713,-0.6152361563646974,12496896,0.01,0.0,0.0,0.0,-0.14549956261523156,-0.14477553263808834,-0.5,-0.48573123316148525,0.0,0.0,-4.2444561380636234e-08,-0.7131865515137134,-0.1915248761014018,-0.008811318212684986,0.0,-0.032803198953236766,-0.10569197925834187,0.0139792655,18867,-19.868807125091553,0.1616455078125,0.2,1.0008928775787354,0.96886146068573,1.1156704425811768,0.00025840511999999997,2.8095449566841126,-0.00973526641028002
0.0003146699390425864,32.81056,0.0,0.0,0.0,0.0,-0.39998161520426495,-0.11377742873725914,2975,-0.11861794022590663,0.0,679,0.0,0.65,0.06147221406719198,1.2346625773081312,4205,-138.49760108,310.15,0.0,-0.029338455763064382,-0.63652965958371,12515328,0.01,0.0,0.0,0.0,-0.12823834397016817,-0.14772712151509154,-0.5,-0.476055208731043,0.0,0.0,-5.044452611969173e-08,-0.7081043072519909,-0.21573787601081537,-0.007866038770024172,0.0,-0.03792051088950959,-0.10559172964959224,0.016479943,18871,-19.864396572113037,0.16451416015625,0.2,1.0003056526184082,0.9718132019042969,0.9179295897483826,0.00025834367999999996,2.636177861690521,-0.013032214296981693
0.0,32.82208,0.0,0.0,0.0,0.0,-0.4023304489458125,-0.13564276242191098,2980,-0.1058069820723377,0.0,680,0.0,0.65,0.055125632272023196,1.3114562028905292,4205,-137.86555482,312.47,0.0,-0.029452107305788802,-0.6598788678370777,12533760,0.01,0.0,0.0,0.0,-0.1374337671204967,-0.149258280569365,-0.5,-0.4731236477274744,0.0,0.0,-4.489747847321687e-08,-0.721936262262369,-0.2001144542596896,-0.0020359817167906564,0.0,-0.04558217422810332,-0.10567718240897556,0.013783781,18875,-19.86136598587036,0.13717041015625,0.2,1.0002994537353516,0.9605000615119934,1.3857990503311157,0.00025828224,3.8198131918907166,-0.012593903834931553
9.765624741299285e-05,32.8336,0.0,0.0,0.0,0.0,-0.38682260280100694,-0.11135238211705167,2984,-0.11849899354445102,0.0,681,0.0,0.65,0.058328406625696175,1.077992236838238,4206,-140.67889293,323.06,0.0,-0.029089939760875247,-0.6114030573367832,12552192,0.01,0.0,0.0,0.0,-0.1431506559406467,-0.14686023765533118,-0.5,-0.48788381902540057,0.0,0.0,-4.6170640671371583e-08,-0.7204916970058795,-0.19948234417243685,-0.004128630109923291,0.0,-0.043813657482840225,-0.10568556988549567,0.014301089,18879,-19.864804172515868,0.137255859375,0.2,1.0006440877914429,0.9644661545753479,1.123621940612793,0.0002582208,3.3808561682701113,-0.011956640961579978
2.6584166334941983e-05,32.84512,0.0,0.0,0.0,0.0,-0.3880045402586647,-0.12625337714519314,2988,-0.10531131723749171,0.0,682,0.0,0.65,0.06040019618895519,1.1654644522992144,4206,-142.69995139,326.07,0.0,-0.029071780997915297,-0.6351949309151927,12570624,0.01,0.0,0.0,0.0,-0.1406895737133039,-0.14804415915851485,-0.5,-0.5141705803502428,0.0,0.0,-4.689233289477708e-08,-0.7100262491332292,-0.1943598460747952,-0.004017785318309658,0.0,-0.036408472382592864,-0.10560429615917584,0.014961226,18883,-19.865255260467528,0.1425537109375,0.2,1.0007743835449219,0.9673017263412476,1.3491156101226807,0.00025815935999999996,3.251533329486847,-0.013061323785223067
7.54122900414384e-05,32.85664,0.0,0.0,0.0,0.0,-0.3792560787609531,-0.12351280463592319,2992,-0.10852524067400607,0.0,683,0.0,0.65,0.0562902018982713,1.1961537702912801,4206,-143.13599118000002,334.94,0.0,-0.029556396994732767,-0.6296460789601057,12589056,0.01,0.0,0.0,0.0,-0.13000807625496175,-0.15523871061757244,-0.5,-0.4705536437648658,0.0,0.0,-4.7601180381481506e-08,-0.7064181914964827,-0.19973415663021526,-0.0009859516295445438,0.0,-0.054535743292136535,-0.10572789368967389,0.015003686,18887,-19.870783233642577,0.15323486328125,0.2,1.0014429092407227,0.9742380380630493,0.8913878202438354,0.00025809792,2.556098186969757,-0.011761707137338817
0.00010308157975992395,32.86816,0.0,0.0,0.0,0.0,-0.3885096975807232,-0.12648850496590947,2997,-0.1108073324714455,0.0,684,0.0,0.65,0.05684733251934168,1.1887958059151689,4206,-142.87543881000002,340.7,0.0,-0.02966961608497759,-0.6198245376124083,12607488,0.01,0.0,0.0,0.0,-0.1395087752319443,-0.15980442629028196,-0.5,-0.4849581261577318,0.0,0.0,-4.460340908471295e-08,-0.7092126101045788,-0.1961384699106548,-0.008302021691917344,0.0,-0.053100753226317465,-0.10546817391369193,0.015867434,18891,-19.872492504119872,0.1681396484375,0.2,1.001247525215149,0.9640246629714966,1.4035773277282715,0.00025803648,3.609246051311493,-0.01148945392924361
9.494349231115646e-05,32.87968,0.0,0.0,0.0,0.0,-0.38435670333411237,-0.11406133310900975,3001,-0.11490715207560147,0.0,685,0.0,0.65,0.06291953644217703,1.1564763881806277,4206,-140.71359097,330.47,0.0,-0.029426539924748325,-0.6303568628798414,12625920,0.01,0.0,0.0,0.0,-0.14714134012329583,-0.15453321486899765,-0.5,-0.48988767922127274,0.0,0.0,-4.6849678335519275e-08,-0.7017888705546517,-0.19147372670736582,-0.018712397789012465,0.0,-0.033037027811385795,-0.10570158837181415,0.013897054,18895,-19.87239465713501,0.1355224609375,0.2,1.0011811256408691,0.9731389880180359,0.9745215773582458,0.00025797503999999997,2.7239667654037474,-0.011631345411296934
9.765624741299285e-05,32.8912,0.0,0.0,0.0,0.0,-0.3940066307113106,-0.12321354328456685,3005,-0.11294128238073171,0.0,686,0.0,0.65,0.058413151705282176,1.1900673663139287,4206,-138.61564878000001,321.78,0.0,-0.029611866968065417,-0.633248066326716,12644352,0.01,0.0,0.0,0.0,-0.13868023305037067,-0.15018649955082497,-0.5,-0.47246518220956457,0.0,0.0,-4.6654358178570073e-08,-0.712917834480604,-0.19356489682402409,-0.006287924365010366,0.0,-0.043083131344044685,-0.10560742117129279,0.015312719,18899,-19.873160076141357,0.1734375,0.2,1.0013293027877808,0.9719536304473877,1.0395443439483643,0.0002579136,2.9357229232788087,-0.012312891194596887
5.154078502932357e-05,32.90272,0.0,0.0,0.0,0.0,-0.3902211518968712,-0.12154427275968331,3010,-0.11669592006564379,0.0,687,0.0,0.65,0.05631223843656641,1.2553412907460764,4206,-138.91818375,325.96,0.0,-0.02931675692834916,-0.6169305396941428,12662784,0.01,0.0,0.0,0.0,-0.12747972377490027,-0.14776780813522672,-0.5,-0.46367617979745973,0.0,0.0,-4.3609992831414966e-08,-0.7151006566689199,-0.20140730497326848,-0.002427266117891147,0.0,-0.04936905922012455,-0.10571771123112547,0.01312359,18903,-19.87385425567627,0.141943359375,0.2,1.0013874769210815,0.9651824831962585,1.287028193473816,0.00025785216,3.4698708176612856,-0.009635545359924436
4.7200469351891014e-05,32.91424,0.0,0.0,0.0,0.0,-0.3987184264418136,-0.11767983435934008,3014,-0.10870280254075947,0.0,688,0.0,0.65,0.056089499482989705,1.1829638539258254,4206,-140.13195493999999,336.58,0.0,-0.029054131716193383,-0.6278484683611653,12681216,0.01,0.0,0.0,0.0,-0.14294340127615235,-0.15242315824852384,-0.5,-0.4834852656828628,0.0,0.0,-4.362016510855048e-08,-0.7185685560296564,-0.19120934006403403,-0.0031418860962070805,0.0,-0.054111222375973336,-0.10572052621472476,0.014534123,18907,-19.8737322807312,0.14913330078125,0.2,1.0012695789337158,0.9689130783081055,1.1256792545318604,0.00025779072,2.9865524053573607,-0.010456166183575987
1.0850674395139018e-05,32.92576,0.0,0.0,0.0,0.0,-0.40178400412274723,-0.12005062524176384,3018,-0.1131352585575137,0.0,689,0.0,0.65,0.058267884574270706,1.3283899976328366,4206,-139.43780359,331.67,0.0,-0.02879551016724107,-0.6353619315267541,12699648,0.01,0.0,0.0,0.0,-0.1335949501485307,-0.13850412915217739,-0.5,-0.4628409021373956,0.0,0.0,-4.5050831741730996e-08,-0.7288547725748302,-0.19356884103924973,-0.0002924744953757268,0.0,-0.04467247759910404,-0.10576941826415066,0.01404793,18911,-19.87056941986084,0.1460205078125,0.2,1.0009336471557617,0.9704276919364929,1.1044167280197144,0.00025772927999999996,2.9321444392204286,-0.010996445163618774
1.3020811214422187e-05,32.93728,0.0,0.0,0.0,0.0,-0.40709520893000767,-0.11163389103236614,3023,-0.11578116915799505,0.0,690,0.0,0.65,0.055482028165132424,1.1964647515771059,4206,-139.84948588999998,327.34,0.0,-0.029078171725552507,-0.6426609583631099,12718080,0.01,0.0,0.0,0.0,-0.1353239294171772,-0.13456854673095764,-0.5,-0.48092437165451307,0.0,0.0,-4.7666061605800804e-08,-0.7416803606853667,-0.20655803996436511,-0.001578947711809891,0.0,-0.03588925988393991,-0.10584546402883917,0.01544743,18915,-19.871149253845214,0.14188232421875,0.2,1.0011805295944214,0.9714064598083496,0.8896524906158447,0.00025766784,2.6206809401512148,-0.012532647349871695
4.991318241486119e-05,32.9488,0.0,0.0,0.0,0.0,-0.3847655016861937,-0.12096485884721081,3027,-0.11877533127402118,0.0,691,0.0,0.65,0.05929354285453524,1.2877837169642492,4206,-140.0295958,327.53,0.0,-0.028828339979598813,-0.6256619436643857,12736512,0.01,0.0,0.0,0.0,-0.13945416369741476,-0.14307601482745078,-0.5,-0.46051517314618867,0.0,0.0,-4.56068628904119e-08,-0.7055135341004131,-0.18876806749205688,-0.0017534778308792645,0.0,-0.04601416829003332,-0.10564890160339534,0.014966773,18919,-19.873525142669678,0.1552978515625,0.2,1.0012744665145874,0.963989794254303,1.2218372821807861,0.0002576064,3.582369637489319,-0.011070498521439731
9.765624741299285e-05,32.96032,0.0,0.0,0.0,0.0,-0.3902028886655574,-0.11892994020206366,3031,-0.12294039909508817,0.0,692,0.0,0.65,0.0543326292536691,1.179213417870675,4206,-139.90252969999997,336.2,0.0,-0.02942909741141594,-0.608812444325216,12754944,0.01,0.0,0.0,0.0,-0.14212092055319203,-0.14341674315514166,-0.5,-0.478672069639488,0.0,0.0,-4.448168928135216e-08,-0.7272026377883475,-0.19718346278208732,-0.005079204971958452,0.0,-0.049654302775808096,-0.10591028157240705,0.013745944,18923,-19.87187442779541,0.14100341796875,0.2,1.0010682344436646,0.9698913097381592,0.9274975657463074,0.00025754495999999997,2.8942445635795595,-0.01292175876442343
0.00015842011392426988,32.97184,0.0,0.0,0.0,0.0,-0.38137471451947935,-0.11207698441816466,3036,-0.11709255533044353,0.0,693,0.0,0.65,0.05748475848159519,1.1978080729529035,4206,-143.73543817,355.22,0.0,-0.02903320483533562,-0.6012619736373076,12773376,0.01,0.0,0.0,0.0,-0.1437553447280427,-0.1404716180597919,-0.5,-0.4734981366633925,0.0,0.0,-4.478054095877798e-08,-0.7097577007740273,-0.19131391271482145,-0.005669397441472562,0.0,-0.04579621028581945,-0.10606121693157763,0.014195031,18927,-19.869610023498534,0.13743896484375,0.2,1.0008876323699951,0.9685778617858887,1.1003062725067139,0.00025748351999999996,3.0251355171203613,-0.012043366860598325
9.765624741299285e-05,32.98336,0.0,0.0,0.0,0.0,-0.4002481065286576,-0.12557308247799964,3040,-0.11225671664981479,0.0,694,0.0,0.65,0.060341994295734086,1.3174298327593839,4206,-137.62162457,327.15,0.0,-0.028844170497475966,-0.6341317029589931,12791808,0.01,0.0,0.0,0.0,-0.15175690909838768,-0.14259002704271137,-0.5,-0.47470483535077346,0.0,0.0,-4.4610933722993505e-08,-0.7180927603332318,-0.1927571242659326,-0.0029043525634538637,0.0,-0.027841723705124524,-0.10578006886601593,0.015337234,18931,-19.86588535308838,0.14447021484375,0.2,1.0002593994140625,0.9735071659088135,1.2066752910614014,0.00025742208,2.85959255695343,-0.011969580536242575
9.765624741299285e-05,32.99488,0.0,0.0,0.0,0.0,-0.39416977033480355,-0.12499996399733775,3044,-0.1190308581604107,0.0,695,0.0,0.65,0.06004348667728296,1.294707491116408,4207,-135.01920919999998,308.95,0.0,-0.028882126304656974,-0.6270563706499719,12810240,0.01,0.0,0.0,0.0,-0.142529157421146,-0.15039300620858684,-0.5,-0.4506955216480889,0.0,0.0,-4.658289931546297e-08,-0.695556973987096,-0.19362478683173345,-0.0008911160205327232,0.0,-0.030439370428211987,-0.1057524329952241,0.013749786,18935,-19.865335178375243,0.144189453125,0.2,1.0004695653915405,0.9683242440223694,1.3107025623321533,0.00025736064,3.4288076996803283,-0.012758812389802188
0.0,33.0064,0.0,0.0,0.0,0.0,-0.40196125900307444,-0.12374814333067317,3049,-0.11167537546152603,0.0,696,0.0,0.65,0.05987376292573478,1.3108023910303022,4207,-135.33240368,315.74,0.0,-0.02880820212196638,-0.6314722415425537,12828672,0.01,0.0,0.0,0.0,-0.13811135636109628,-0.14895595102998066,-0.5,-0.44535156752904004,0.0,0.0,-4.342748301988104e-08,-0.720348253262546,-0.1998498808630833,-0.00037124948229426283,0.0,-0.03456805913528013,-0.10613370264935085,0.016782984,18939,-19.863563346862794,0.16531982421875,0.2,1.0002248287200928,0.9706658720970154,1.2119160890579224,0.00025729919999999996,3.3588650107383726,-0.013094738288782538
1.6275929131855567e-06,33.017920000000004,0.0,0.0,0.0,0.0,-0.37499837051675394,-0.12314156040568294,3053,-0.109415934648735,0.0,697,0.0,0.65,0.05792770341353489,1.2804655516746435,4207,-137.16796703000003,321.33,0.0,-0.0285400015909225,-0.6404169630186467,12847104,0.01,0.0,0.0,0.0,-0.1485349100908011,-0.14046025770671863,-0.5,-0.46524894288568025,0.0,0.0,-4.357060796380899e-08,-0.6938756675925271,-0.1928590805539445,-0.0025643579376785587,0.0,-0.041443178021129116,-0.10599008256215305,0.0153494375,18943,-19.864087677001955,0.157763671875,0.2,1.0004323720932007,0.9673812389373779,1.1169753074645996,0.00025723776,3.0827781200408935,-0.012697760667651891
9.006070710408191e-05,33.02944,0.0,0.0,0.0,0.0,-0.38489091051378077,-0.11968682317609233,3057,-0.11767193051303997,0.0,698,0.0,0.65,0.06514148712559832,1.1580803978831848,4207,-137.5510843,316.97,0.0,-0.029289230860310093,-0.5995844319348553,12865536,0.01,0.0,0.0,0.0,-0.15706024022301623,-0.14580180765964187,-0.5,-0.48227143919881565,0.0,0.0,-4.377997488202875e-08,-0.6811799264996063,-0.19372164648781412,-0.008074506197986948,0.0,-0.03397995744631367,-0.10552978737787536,0.013643324,18947,-19.87090015411377,0.16807861328125,0.2,1.0009955167770386,0.9669663906097412,1.1626601219177246,0.00025717632,3.447979378700256,-0.009998009214177728
5.208331923414436e-05,33.04096,0.0,0.0,0.0,0.0,-0.3868229974833572,-0.12700239331695823,3062,-0.10467606518982066,0.0,699,0.0,0.65,0.062059239827308384,1.4194249114386754,4207,-133.76082449,313.77,0.0,-0.028773708339094095,-0.6254315132455299,12883968,0.01,0.0,0.0,0.0,-0.13838048458571411,-0.14404578510303867,-0.5,-0.43699638776520344,0.0,0.0,-4.309019881038156e-08,-0.698999164429465,-0.19398332533001128,-0.006091373180978205,0.0,-0.036295348891548604,-0.10585456485526905,0.013502705,18951,-19.870978450775148,0.1406494140625,0.2,1.0012120008468628,0.9736612439155579,1.132777214050293,0.00025711487999999997,3.116272246837616,-0.012050714122597127
9.006069416904615e-05,33.05248,0.0,0.0,0.0,0.0,-0.39053273870140504,-0.13133345801525453,3066,-0.1053796246931893,0.0,700,0.0,0.65,0.06120050075769204,1.3800155371141196,4207,-131.75780892999998,312.5,0.0,-0.029292732831751236,-0.6404798404824056,12902400,0.01,0.0,0.0,0.0,-0.15123933662777053,-0.1435328260808727,-0.5,-0.454415008861116,0.0,0.0,-4.5308894170617726e-08,-0.6959912156209893,-0.1957204579980317,-0.005694952435368119,0.0,-0.03112472607204432,-0.10557047552054084,0.014149482,18955,-19.87340202331543,0.13096923828125,0.2,1.0013878345489502,0.9667696356773376,1.1800600290298462,0.00025705344,3.3074531078338625,-0.009876437118509784
8.355028694495559e-05,33.064,0.0,0.0,0.0,0.0,-0.39391953212952346,-0.12730163214916312,3070,-0.11537275365066398,0.0,701,0.0,0.65,0.06358175928460363,1.3985220921724126,4207,-132.59733573,308.95,0.0,-0.028761315078714697,-0.6685802693605781,12920832,0.01,0.0,0.0,0.0,-0.14712971729088084,-0.14233392289724103,-0.5,-0.4523194741719176,0.0,0.0,-4.560542237000214e-08,-0.6959597331752511,-0.19227107915922803,-0.000441472590120255,0.0,-0.030394205031269748,-0.10588079538160935,0.015989475,18959,-19.87045602798462,0.15216064453125,0.2,1.000841498374939,0.9762395024299622,0.9610822200775146,0.000256992,2.6753087878227233,-0.012671878468245268
0.0001633028732612729,33.07552,0.0,0.0,0.0,0.0,-0.376562908525881,-0.11754553749427926,3075,-0.11264438695127674,0.0,702,0.0,0.65,0.06464632985739546,1.353459321352248,4207,-132.25111255000002,303.25,0.0,-0.028684152160098866,-0.6438898730733182,12939264,0.01,0.0,0.0,0.0,-0.1400116590406001,-0.14586069677248092,-0.5,-0.4391901151269627,0.0,0.0,-4.483576597977798e-08,-0.6819897971763184,-0.21198623113461496,-0.005733068602429659,0.0,-0.037803871658979915,-0.1058828920640014,0.015024677,18963,-19.864986991882326,0.153271484375,0.2,1.0004791021347046,0.969946563243866,1.2654597759246826,0.00025693056,3.2370071053504943,-0.012640738626942039
0.0,33.08704,0.0,0.0,0.0,0.0,-0.3899033788152601,-0.1174944898530361,3079,-0.10839011942378533,0.0,703,0.0,0.65,0.06135156517164696,1.2203035382674399,4207,-133.22337049,308.28,0.0,-0.02873753430857455,-0.5946581595201281,12957696,0.01,0.0,0.0,0.0,-0.14687009036057633,-0.14528348440214375,-0.5,-0.45755463183962797,0.0,0.0,-4.207681835133828e-08,-0.6995170449343928,-0.18949837655506283,-0.0009501663607594013,0.0,-0.037956452981840506,-0.10591874294197828,0.012776352,18967,-19.862787818908693,0.13243408203125,0.2,1.0003175735473633,0.961120069026947,1.7256033420562744,0.00025686911999999996,4.166163742542267,-0.010926773503888399
0.00012098520851901008,33.09856,0.0,0.0,0.0,0.0,-0.38793366928478545,-0.11413995336129062,3083,-0.1158289494568659,0.0,704,0.0,0.65,0.060345781765596324,1.2290516900983637,4207,-136.36325885,316.73,0.0,-0.028358922521223115,-0.6344764753801192,12976128,0.01,0.0,0.0,0.0,-0.14341712484113317,-0.14511245819337917,-0.5,-0.45248791454576764,0.0,0.0,-4.4895263448193945e-08,-0.7007404793733529,-0.19253108194770113,-0.004004698166636311,0.0,-0.04780263748640815,-0.10598975496141742,0.013122072,18971,-19.867201232910155,0.11732177734375,0.2,1.0009710788726807,0.9673578143119812,1.1823946237564087,0.00025680768,3.3195013880729674,-0.012131446303101256
0.00011827248575476308,33.110079999999996,0.0,0.0,0.0,0.0,-0.39697429454508465,-0.11600428932539159,3088,-0.11132871219799322,0.0,705,0.0,0.65,0.06424531323080324,1.3402370958103489,4207,-135.30540164,316.24,0.0,-0.028769112244390185,-0.644367409792202,12994560,0.01,0.0,0.0,0.0,-0.13601611052811188,-0.14547955632006646,-0.5,-0.4286133373994694,0.0,0.0,-5.490880057722492e-08,-0.6956800112872435,-0.1963187972525248,-0.0004752531947745158,0.0,-0.0349773974222545,-0.10617123969012955,0.0152748,18975,-19.87568531036377,0.1515869140625,0.2,1.0016123056411743,0.9658975601196289,1.5199406147003174,0.00025674624,3.890959584712982,-0.011978978849947452
7.324215322215523e-05,33.1216,0.0,0.0,0.0,0.0,-0.3867875879588541,-0.10990950844392408,3093,-0.11720884720456169,0.0,706,0.0,0.65,0.06106492400218549,1.2231803621359694,4205,-132.81015394,314.96,0.0,-0.028840610390901203,-0.6205631473057331,13012992,0.01,0.0,0.0,0.0,-0.1358474922952693,-0.14520362293033467,-0.5,-0.4406778380342693,0.0,0.0,-4.367780499688063e-08,-0.6822534346780367,-0.19476343451356307,-0.007890547118425649,0.0,-0.037884698398152575,-0.10601913068362769,0.012071408,18979,-19.87367868423462,0.1269775390625,0.2,1.0012402534484863,0.9696013927459717,1.2105286121368408,0.00025668479999999997,3.2294824838638307,-0.011278833355754614
7.0529349613934755e-06,33.13312,0.0,0.0,0.0,0.0,-0.4010391212799618,-0.10638105616375643,3098,-0.11518703924878317,0.0,707,0.0,0.65,0.059981825662620086,1.2776938504874087,4206,-134.62324044,311.42,0.0,-0.028229697549681118,-0.6361099806967964,13031424,0.01,0.0,0.0,0.0,-0.14141535121244334,-0.14912347587545483,-0.5,-0.46596160246121404,0.0,0.0,-4.6858645514231974e-08,-0.7100426088816323,-0.19407920612755497,-0.0005280645126922829,0.0,-0.04330069543923148,-0.10626781940679976,0.015154791,18983,-19.869745635986327,0.151513671875,0.2,1.0009372234344482,0.9668384790420532,1.7769337892532349,0.00025662335999999996,4.142093372344971,-0.012663345132023097
9.765624741299285e-05,33.14464,0.0,0.0,0.0,0.0,-0.3888876769211663,-0.11969507585337553,3102,-0.11315857923395539,0.0,708,0.0,0.65,0.05854599107857191,1.3695900817019142,4206,-134.59524632,315.72,0.0,-0.02804132814498876,-0.6415616646075293,13049856,0.01,0.0,0.0,0.0,-0.1402801874695317,-0.14959720600432286,-0.5,-0.43499473260579513,0.0,0.0,-4.299148067412597e-08,-0.6913207704305558,-0.19872422677210963,-0.004287092676266638,0.0,-0.05027400512739809,-0.10600866097000711,0.015304098,18987,-19.867899703979493,0.145458984375,0.2,1.0008851289749146,0.975281298160553,1.1219849586486816,0.00025656192,2.8858242511749266,-0.012202751147560776
5.805114374703003e-05,33.15616,0.0,0.0,0.0,0.0,-0.38920862076429985,-0.113503609791879,3106,-0.1194247604271831,0.0,709,0.0,0.65,0.05917426748936288,1.2535471378479122,4206,-134.99680972000002,326.87,0.0,-0.02845409330516569,-0.614944874520355,13068288,0.01,0.0,0.0,0.0,-0.12784656462499167,-0.14956194293769678,-0.5,-0.4771641809724401,0.0,0.0,-4.371591158135383e-08,-0.6969202864296168,-0.19651840827882006,-0.011440000755516818,0.0,-0.05031864394550212,-0.10617378309604496,0.015060723,18991,-19.86700220108032,0.15753173828125,0.2,1.0008471012115479,0.9705816507339478,1.3719791173934937,0.00025650048,3.27831369638443,-0.010468657512683421
0.00014648431937934624,33.16768,0.0,0.0,0.0,0.0,-0.39172410895247484,-0.12305921615135312,3111,-0.11421284694084946,0.0,710,0.0,0.65,0.05724738428660154,1.3392175407964269,4206,-135.81608889,330.96,0.0,-0.02892627377761004,-0.6278511280399994,13086720,0.01,0.0,0.0,0.0,-0.13534925096277375,-0.14791428859214972,-0.5,-0.46063245630694144,0.0,0.0,-4.305586504513505e-08,-0.702937436584242,-0.1960443739409858,-0.0007623146487441769,0.0,-0.049155164236759044,-0.1058274455950326,0.013574868,18995,-19.868595695495607,0.12547607421875,0.2,1.000745177268982,0.9701007008552551,1.3027812242507935,0.00025643903999999996,3.4503425478935243,-0.012340539996512235
9.54860071134236e-05,33.1792,0.0,0.0,0.0,0.0,-0.4021425394192967,-0.12205458521278986,3115,-0.10634955554958087,0.0,711,0.0,0.65,0.06052743553700094,1.3509206101101119,4206,-133.92135153,320.87,0.0,-0.028483478705269422,-0.6485486306817676,13105152,0.01,0.0,0.0,0.0,-0.13426721967149408,-0.15455922708337874,-0.5,-0.44149714547760915,0.0,0.0,-4.383346286312915e-08,-0.7117595823219246,-0.19692280106918603,-0.000968346772018903,0.0,-0.04407339001287861,-0.10614904242995303,0.014634021,18999,-19.865514278411865,0.14208984375,0.2,1.0005989074707031,0.9703877568244934,1.1617838144302368,0.0002563776,3.201421844959259,-0.012661293242126703
4.882812370649642e-05,33.19072,0.0,0.0,0.0,0.0,-0.3973726409795425,-0.13182918898498555,3119,-0.10324141123552023,0.0,712,0.0,0.65,0.056619115803803154,1.3073218569195422,4206,-135.04817726,328.92,0.0,-0.028634360145350875,-0.6367096948091926,13123584,0.01,0.0,0.0,0.0,-0.13235922740479844,-0.1585735469710415,-0.5,-0.46795906037031126,0.0,0.0,-4.4773219494348016e-08,-0.713478034468953,-0.1999042064172154,-0.0005757633710259795,0.0,-0.046708335611684665,-0.10614809184657886,0.012677011,19003,-19.863314628601074,0.13060302734375,0.2,1.0003077983856201,0.9720959067344666,1.0971306562423706,0.00025631616,2.980938673019409,-0.01108586557675153
0.00020399302270056473,33.20224,0.0,0.0,0.0,0.0,-0.3720367039346541,-0.11051640925300338,3124,-0.10316355532511255,0.0,713,0.0,0.65,0.059153271014237396,1.1635590936330626,4206,-137.67266164999998,338.73,0.0,-0.02842357271375925,-0.6132572625559272,13142016,0.01,0.0,0.0,0.0,-0.14060819554876158,-0.1585789819616319,-0.5,-0.4625082619115276,0.0,0.0,-4.6347431700571706e-08,-0.6825167313069612,-0.1905183036106011,-0.004480862598840418,0.0,-0.051840588484386295,-0.10631173627779303,0.015816903,19007,-19.863186264038085,0.158251953125,0.2,1.0003753900527954,0.9738226532936096,0.9744298458099365,0.00025625471999999997,2.825620400905609,-0.011031483532860875
0.0,33.21376,0.0,0.0,0.0,0.0,-0.3842637824658228,-0.11816108862368507,3128,-0.10495261855774685,0.0,714,0.0,0.65,0.061092479116918924,1.243848036566724,4206,-137.34838825,327.07,0.0,-0.02780066489197384,-0.6427031464587818,13160448,0.01,0.0,0.0,0.0,-0.1373073654162252,-0.15405743307423905,-0.5,-0.47183178746859095,0.0,0.0,-4.719838462695088e-08,-0.692841846473539,-0.18945771999374486,-0.0019010321295457368,0.0,-0.04090621225865713,-0.1062060871667802,0.013193965,19011,-19.867387104034425,0.12738037109375,0.2,1.0011000633239746,0.9745309352874756,0.9881985187530518,0.00025619328,3.0170888662338258,-0.011469413904706016
0.0,33.22528,0.0,0.0,0.0,0.0,-0.3824020083699782,-0.1089267184631106,3133,-0.1038781628955478,0.0,715,0.0,0.65,0.05623665038050437,1.1520038768815997,4206,-139.05867945999998,328.48,0.0,-0.0280192094787522,-0.6147349278212295,13178880,0.01,0.0,0.0,0.0,-0.14104648626664465,-0.1513044730436971,-0.5,-0.4783144050672152,0.0,0.0,-4.531692458504748e-08,-0.7134969363075225,-0.19746348422989568,-0.0027229191078853698,0.0,-0.04887549542925424,-0.10649402673253536,0.012721887,19015,-19.872231101989748,0.15687255859375,0.2,1.0012199878692627,0.9626146554946899,1.9926908016204834,0.00025613184,4.550145173072815,-0.007812935893889516
0.0,33.2368,0.0,0.0,0.0,0.0,-0.4047617773153824,-0.11953549146129551,3137,-0.10073000535505588,0.0,716,0.0,0.65,0.0517838138021033,1.2660949472848577,4206,-141.33896838,348.5,0.0,-0.02845402843394237,-0.6313615611286918,13197312,0.01,0.0,0.0,0.0,-0.12141402643951296,-0.15081907301421615,-0.5,-0.47787762098932934,0.0,0.0,-4.208346445408035e-08,-0.7138629946488597,-0.19910490854714863,-0.0006893308143867446,0.0,-0.0733105617206699,-0.1060892637936676,0.014391953,19019,-19.86935977935791,0.14127197265625,0.2,1.000809669494629,0.9743664264678955,1.3117669820785522,0.0002560704,3.1834227681159972,-0.012772026081802324
0.0,33.24832,0.0,0.0,0.0,0.0,-0.3753326872294822,-0.11379802321857,3141,-0.10668870742980947,0.0,717,0.0,0.65,0.05804674670696132,1.1954016438499793,4206,-139.59531837000003,348.36,0.0,-0.028443447985882792,-0.6063642103775094,13215744,0.01,0.0,0.0,0.0,-0.14455707362937242,-0.15370316108994514,-0.5,-0.48275285144908786,0.0,0.0,-4.6049800994905386e-08,-0.6889731202782216,-0.18189164882126965,-0.002458821677005479,0.0,-0.05569500749051157,-0.10631617525780274,0.012431865,19023,-19.865160846710204,0.1232421875,0.2,1.0002405643463135,0.9661273956298828,1.3478586673736572,0.00025600895999999996,3.4577254176139833,-0.010773654864169657
9.765624741299285e-05,33.25984,0.0,0.0,0.0,0.0,-0.3948019347556684,-0.11016915422934179,3146,-0.10850095621057197,0.0,718,0.0,0.65,0.062163843877412944,1.200001453281387,4206,-137.89027380000005,325.78,0.0,-0.02838080563945415,-0.6283424779762764,13234176,0.01,0.0,0.0,0.0,-0.1491839132082966,-0.14401268972465342,-0.5,-0.46898919027131225,0.0,0.0,-4.505325795360767e-08,-0.7041967481036715,-0.19158739509694353,-0.0016247450708060406,0.0,-0.03980649016254271,-0.10628015800801051,0.012311131,19027,-19.864939594268797,0.1136474609375,0.2,1.000769019126892,0.9710871577262878,1.257620096206665,0.00025594752,3.4302828431129457,-0.01019989448832348
1.085058708364765e-06,33.27136,0.0,0.0,0.0,0.0,-0.4058220240645817,-0.11963940511815425,3150,-0.10694572553195232,0.0,719,0.0,0.65,0.06209136588060176,1.332883804673815,4206,-136.05296568000003,318.16,0.0,-0.02846736700896551,-0.6476221105289984,13252608,0.01,0.0,0.0,0.0,-0.13839166407154802,-0.14813267411275108,-0.5,-0.47293706121486895,0.0,0.0,-4.3925840485719014e-08,-0.7228849106591031,-0.19107785727385965,-0.0012359146198991746,0.0,-0.03792267949514402,-0.10626744726892429,0.013640672,19031,-19.86830577850342,0.13455810546875,0.2,1.0008809566497803,0.9730864763259888,1.2426490783691406,0.00025588608,3.2502208828926085,-0.010862465400714427
7.703989588965972e-05,33.28288,0.0,0.0,0.0,0.0,-0.3980626451664949,-0.10941524785435768,3154,-0.10614978172398652,0.0,720,0.0,0.65,0.061422615976998655,1.3073625621610683,4206,-134.36651412999998,310.19,0.0,-0.02815386759891295,-0.6407015899862577,13271040,0.01,0.0,0.0,0.0,-0.13516980377412258,-0.14385363414824623,-0.5,-0.47120919995470145,0.0,0.0,-4.29242828283787e-08,-0.6889394626483006,-0.1902268906201538,-0.006002268761626738,0.0,-0.04749311032355763,-0.10595367437486045,0.012046682,19035,-19.866104888916016,0.13265380859375,0.2,1.0006040334701538,0.970888078212738,1.253097653388977,0.00025582463999999997,3.4361907243728638,-0.011160547379404306
4.77430035567118e-05,33.294399999999996,0.0,0.0,0.0,0.0,-0.3856480499235713,-0.11357652867699677,3159,-0.10377657151538376,0.0,721,0.0,0.65,0.05603130612948811,1.1337110975112619,4206,-137.31285384000003,330.1,0.0,-0.028407573177260496,-0.6094764847172714,13289472,0.01,0.0,0.0,0.0,-0.13811653080455727,-0.150141183684247,-0.5,-0.47464001755802343,0.0,0.0,-4.39532332709096e-08,-0.7041083844548858,-0.19292849156911374,-0.0081462216874885,0.0,-0.06073284940470734,-0.10645023573422116,0.013726723,19039,-19.866406631469726,0.1286865234375,0.2,1.0007227659225464,0.9715398550033569,1.2620375156402588,0.00025576319999999996,3.3996008157730104,-0.011488115019164979
0.00014648437111948928,33.30592,0.0,0.0,0.0,0.0,-0.38474793593690815,-0.1150653251049339,3163,-0.10649365242547021,0.0,722,0.0,0.65,0.05808029880952917,1.2889068919894557,4206,-138.731633,342.5,0.0,-0.028510897801769488,-0.6300998460400982,13307904,0.01,0.0,0.0,0.0,-0.1294195082433541,-0.1516270332885332,-0.5,-0.4414103793313506,0.0,0.0,-4.8492908171775496e-08,-0.7023273933067895,-0.1982303173689263,-0.0008731843837933939,0.0,-0.05995146774188874,-0.10622338312143911,0.014638749,19043,-19.866550159454345,0.147900390625,0.2,1.0006623268127441,0.9731894135475159,1.2707300186157227,0.00025570176,3.3098851680755614,-0.010155049117747695
5.154078502932357e-05,33.31744,0.0,0.0,0.0,0.0,-0.3991434905842603,-0.12013317274697105,3167,-0.10160030594645807,0.0,723,0.0,0.65,0.06096078398387192,1.3433235099186414,4206,-133.77027524,324.47,0.0,-0.028670099201974966,-0.6482678831042876,13326336,0.01,0.0,0.0,0.0,-0.1351591605248823,-0.151726678953982,-0.5,-0.45245146092485794,0.0,0.0,-4.649796928818158e-08,-0.7011934538101694,-0.18699311814967431,-0.0006260859110504926,0.0,-0.04011261571819583,-0.10612178832994727,0.013227813,19047,-19.86409196853638,0.12012939453125,0.2,1.0005090236663818,0.9716759324073792,1.262448787689209,0.00025564032,3.2194132208824158,-0.010678979801014066
0.00010091144294064079,33.32896,0.0,0.0,0.0,0.0,-0.3882186790478443,-0.11905368943770488,3172,-0.11193230529948879,0.0,724,0.0,0.65,0.0618402755728568,1.3599392150655785,4206,-133.38928581,318.2,0.0,-0.028522075337685346,-0.6141818589447667,13344768,0.01,0.0,0.0,0.0,-0.1400453168804393,-0.14669580638995697,-0.5,-0.4762129864290326,0.0,0.0,-4.363905130182453e-08,-0.6945316093087559,-0.18575587800991544,-0.006059774667212902,0.0,-0.051567004173800036,-0.10626053493067872,0.0143733565,19051,-19.86698818206787,0.1407470703125,0.2,1.0009357929229736,0.9733936786651611,0.9541372060775757,0.00025557887999999996,3.130331981182098,-0.011400306888390332
0.0,33.34048,0.0,0.0,0.0,0.0,-0.3897380807332029,-0.11164377891503476,3176,-0.11014878072389839,0.0,725,0.0,0.65,0.06087826331835237,1.3422349418718953,4206,-134.60311657000003,323.64,0.0,-0.028237103965264094,-0.6147963136336241,13363200,0.01,0.0,0.0,0.0,-0.12978332625422284,-0.1469939525706969,-0.5,-0.45822548546679037,0.0,0.0,-4.181286283097188e-08,-0.7086186576207971,-0.19100473754050679,-0.0013032103778280882,0.0,-0.0398683362566064,-0.10632851823054314,0.013804754,19055,-19.871246814727783,0.1487548828125,0.2,1.0011789798736572,0.9742516279220581,0.9733731746673584,0.00025551744,2.9146618604660035,-0.010334845713805408
4.720044671557844e-05,33.352000000000004,0.0,0.0,0.0,0.0,-0.3784930789053713,-0.12375725620737987,3180,-0.10759132400135324,0.0,726,0.0,0.65,0.060972237224072606,1.3461671855401367,4206,-132.77528325999998,323.11,0.0,-0.027865054657555628,-0.6284832712228492,13381632,0.01,0.0,0.0,0.0,-0.143006879379637,-0.1540826381140605,-0.5,-0.4685041849516965,0.0,0.0,-4.8440522197201966e-08,-0.6852486552435678,-0.19064834423858282,-0.003211091339689489,0.0,-0.037829631638790794,-0.10627596253777948,0.012544465,19059,-19.868973636627196,0.12568359375,0.2,1.000745177268982,0.9733302593231201,1.2021231651306152,0.000255456,3.2385791897773744,-0.009468868875410407
0.00014648437111948928,33.36352,0.0,0.0,0.0,0.0,-0.3794203123624289,-0.10641376894623739,3185,-0.11406756786803118,0.0,727,0.0,0.65,0.05922731154411144,1.1913456596071574,4207,-137.73246626,329.92,0.0,-0.028194265912380532,-0.612903123370082,13400064,0.01,0.0,0.0,0.0,-0.145941871033995,-0.15092814738931123,-0.5,-0.46920050326074786,0.0,0.0,-4.788279749269319e-08,-0.6978163843935687,-0.19149533884616793,-0.008414632774632967,0.0,-0.04737755239410843,-0.10625786689108385,0.014130786,19063,-19.86418800354004,0.1471435546875,0.2,1.000055193901062,0.9686458706855774,1.4005566835403442,0.00025539455999999997,3.945678699016571,-0.012019571545533837
4.882812370649642e-05,33.37504,0.0,0.0,0.0,0.0,-0.3981448981896932,-0.12554315516516473,3189,-0.10329505985776283,0.0,728,0.0,0.65,0.055960508662718546,1.3771462415176534,4207,-137.55547421999998,343.56,0.0,-0.028584825264473104,-0.6211672627192475,13418496,0.01,0.0,0.0,0.0,-0.1242525934800291,-0.1551804607509082,-0.5,-0.4653942537651722,0.0,0.0,-4.367448098817952e-08,-0.7178182484222497,-0.19172354974490693,-0.0037167618894863685,0.0,-0.0648839115634069,-0.10630655356485987,0.015108514,19067,-19.86295928955078,0.14041748046875,0.2,1.0004326105117798,0.9764626622200012,1.1915829181671143,0.00025533312,3.173028755187988,-0.011948507372289896
4.882812370649642e-05,33.38656,0.0,0.0,0.0,0.0,-0.3849782360946052,-0.12075497422713248,3193,-0.1053119455576455,0.0,729,0.0,0.65,0.057402483428973645,1.3511857580835651,4207,-135.62643929,349.55,0.0,-0.028557230308700055,-0.6381547536020485,13436928,0.01,0.0,0.0,0.0,-0.12338100401728593,-0.1530008763363575,-0.5,-0.4760912779079505,0.0,0.0,-4.5405652791192146e-08,-0.6999773948286094,-0.193334468669264,-0.0031593113820281528,0.0,-0.060836603439788126,-0.1061458488613722,0.0129426215,19071,-19.865751457214355,0.13453369140625,0.2,1.000845193862915,0.9751158356666565,0.9575053453445435,0.00025527168,2.725847041606903,-0.01017325697466731
9.765624741299285e-05,33.39808,0.0,0.0,0.0,0.0,-0.38312273820224796,-0.11306241004993528,3198,-0.10396627726319359,0.0,730,0.0,0.65,0.059528556084466645,1.283667346803622,4207,-134.62956165,336.69,0.0,-0.02830270389272887,-0.632894345838642,13455360,0.01,0.0,0.0,0.0,-0.13584032737320123,-0.1527726589420286,-0.5,-0.45388250451920226,0.0,0.0,-4.894590275920739e-08,-0.7038053553152531,-0.18788497824136252,-0.002309484126590457,0.0,-0.038432250329707235,-0.10633871980035402,0.012477845,19075,-19.870310497283935,0.13729248046875,0.2,1.00110924243927,0.9746289253234863,1.1173561811447144,0.00025521024,2.9937947630882262,-0.008473661128664389
4.882812370649642e-05,33.4096,0.0,0.0,0.0,0.0,-0.375905682464949,-0.11438187895316314,3202,-0.09966105584739589,0.0,731,0.0,0.65,0.05443181061657498,1.1376998720855385,4207,-138.28318956,338.94,0.0,-0.02815795312080763,-0.6022527767061626,13473792,0.01,0.0,0.0,0.0,-0.13828977372797727,-0.14903278563401315,-0.5,-0.4853630096748744,0.0,0.0,-4.618886974295877e-08,-0.6806043005798798,-0.18288396326149167,-0.00604499856672026,0.0,-0.055565888152664736,-0.10618380017838652,0.013975163,19079,-19.87141284942627,0.12919921875,0.2,1.001078724861145,0.9749438166618347,1.190477967262268,0.00025514879999999997,3.208812963962555,-0.011491408664733171
4.882812370649642e-05,33.42112,0.0,0.0,0.0,0.0,-0.39472311935764787,-0.12360427654892729,3206,-0.10115604850117611,0.0,732,0.0,0.65,0.05875584742018955,1.4307758917336946,4207,-135.52856848,329.44,0.0,-0.028589737539633744,-0.6699444304595574,13492224,0.01,0.0,0.0,0.0,-0.12387398152357153,-0.14923164925073604,-0.5,-0.4449440648299688,0.0,0.0,-4.3910594779743014e-08,-0.7140916808086426,-0.19856785861424883,-0.0011149903465840676,0.0,-0.04630251969016778,-0.10613741122969719,0.015050056,19083,-19.870746517181395,0.15953369140625,0.2,1.000929594039917,0.9787274599075317,1.0398927927017212,0.00025508736,2.916683614253998,-0.009602157678455115
0.0,33.43264,0.0,0.0,0.0,0.0,-0.381705066619544,-0.11472074822128635,3212,-0.10621967447595132,0.0,733,0.0,0.65,0.05900631069342672,1.2365560747922144,4205,-135.50025095000004,329.99,0.0,-0.02872452749526072,-0.6123162387475909,13510656,0.01,0.0,0.0,0.0,-0.13566607207014955,-0.1539988034182879,-0.5,-0.4746308271413801,0.0,0.0,-4.34909975214394e-08,-0.7049021690894459,-0.18234083891200364,-0.0025557937819304863,0.0,-0.03936757908377331,-0.10621172327641845,0.016652433,19087,-19.867959403991698,0.1586669921875,0.2,1.0008559226989746,0.9775705337524414,0.8734386563301086,0.00025502592,2.7629620313644407,-0.01079278828110546
0.0,33.44416,0.0,0.0,0.0,0.0,-0.385117571068588,-0.126772969520089,3217,-0.10520815979568371,0.0,734,0.0,0.65,0.05511994767702014,1.3213632920536609,4205,-137.84284099,340.32,0.0,-0.028387019846551113,-0.6261651647338005,13529088,0.01,0.0,0.0,0.0,-0.13181621646552,-0.1536300037887786,-0.5,-0.46023818347380896,0.0,0.0,-4.945137221845679e-08,-0.7017603608238872,-0.19642068539490937,-0.0012802612652929766,0.0,-0.041965092373882525,-0.10616061217164563,0.012947139,19091,-19.87435636520386,0.1455810546875,0.2,1.0016257762908936,0.9716851711273193,1.7900116443634033,0.00025496448,3.8261706948280336,-0.009816028538625687
0.0,33.45568,0.0,0.0,0.0,0.0,-0.3972949142837876,-0.12280144997880396,3221,-0.10353741292432875,0.0,735,0.0,0.65,0.057268224456057476,1.3624459767856925,4205,-133.61857343000003,336.95,0.0,-0.02873474439558858,-0.6265506245076606,13547520,0.01,0.0,0.0,0.0,-0.1267063646762041,-0.15251540007872627,-0.5,-0.4512849437626265,0.0,0.0,-4.575441972597972e-08,-0.7045656226766231,-0.19611219343843775,-0.0023158882229808685,0.0,-0.05353653994421216,-0.10624847920990145,0.015807679,19095,-19.876182270050048,0.1457275390625,0.2,1.0016276836395264,0.9710321426391602,1.3313384056091309,0.00025490303999999996,3.5122071743011474,-0.011266740807332098
4.882812370649642e-05,33.4672,0.0,0.0,0.0,0.0,-0.3796083680033748,-0.12489794372034997,3225,-0.1065391313141903,0.0,736,0.0,0.65,0.058870071257451334,1.3546499026932513,4205,-133.15778063999997,340.76,0.0,-0.027957509183256086,-0.6202659634720327,13565952,0.01,0.0,0.0,0.0,-0.14011852292240368,-0.1547113493697493,-0.5,-0.4524724388055927,0.0,0.0,-4.3899673052682135e-08,-0.687566723869363,-0.18486084499955274,-0.0029895951189244014,0.0,-0.04548764078612698,-0.10644921301372903,0.01519067,19099,-19.873016834259033,0.1466552734375,0.2,1.0013127326965332,0.9716967344284058,1.0568139553070068,0.0002548416,3.0956541419029238,-0.011935346468817443
0.00014648437111948928,33.478719999999996,0.0,0.0,0.0,0.0,-0.3811237407140891,-0.1213939761270587,3230,-0.11047845600020305,0.0,737,0.0,0.65,0.06068803052299416,1.338362143263262,4205,-131.46451751,322.53,0.0,-0.028328988357075105,-0.6345868844839107,13584384,0.01,0.0,0.0,0.0,-0.13623488428003783,-0.15116571887902353,-0.5,-0.4476614482486185,0.0,0.0,-4.680058840713099e-08,-0.6879405756258751,-0.1953484814014793,-0.0017612970344276998,0.0,-0.03320141120477476,-0.10617479258565507,0.014989299,19103,-19.87406063079834,0.14091796875,0.2,1.0014125108718872,0.970132052898407,1.8227280378341675,0.00025478016,3.66276136636734,-0.010308740253094584
0.00010036890873581999,33.49024,0.0,0.0,0.0,0.0,-0.36102042321871636,-0.12117910095608016,3234,-0.11336769940412883,0.0,738,0.0,0.65,0.06036818976888054,1.3448238315147032,4205,-132.07885614,318.64,0.0,-0.02816127219069377,-0.6358997700721535,13602816,0.01,0.0,0.0,0.0,-0.14723942209175506,-0.15496138342620874,-0.5,-0.4715868321761797,0.0,0.0,-4.9216544769209496e-08,-0.675690128384359,-0.1910917755349081,-0.008579677426441078,0.0,-0.041549921019597806,-0.10619685675138318,0.013704632,19107,-19.873253631591798,0.13809814453125,0.2,1.0013688802719116,0.9722112417221069,0.9525246024131775,0.00025471871999999997,3.3857343792915344,-0.011318781203590334
4.882812370649642e-05,33.50176,0.0,0.0,0.0,0.0,-0.3762095523933852,-0.11715998713015449,3238,-0.11004494418842031,0.0,739,0.0,0.65,0.05756347071542529,1.3257421495751074,4205,-133.42496516,331.47,0.0,-0.02809532653145273,-0.6083913134652916,13621248,0.01,0.0,0.0,0.0,-0.13327076782006547,-0.15349945380130625,-0.5,-0.47234522491924646,0.0,0.0,-4.611849289819507e-08,-0.679464138026128,-0.18725583010693242,-0.0042474142751069265,0.0,-0.05084231422289223,-0.10606931144317139,0.01480363,19111,-19.873292541503908,0.142236328125,0.2,1.0012099742889404,0.9718225598335266,1.4528876543045044,0.00025465728,3.697199273109436,-0.01177230286411941
0.0,33.51328,0.0,0.0,0.0,0.0,-0.38578772935965217,-0.12018851542879094,3243,-0.11356926626275816,0.0,740,0.0,0.65,0.06113525368776564,1.3520923764758777,4205,-133.93405525,336.37,0.0,-0.028131438682811975,-0.6105060028339416,13639680,0.01,0.0,0.0,0.0,-0.1242761323214015,-0.15176570073087253,-0.5,-0.4587595029420939,0.0,0.0,-4.297112762602024e-08,-0.7037780220039812,-0.18911695499202408,-0.0020449912363448884,0.0,-0.0474223167224813,-0.10629411242917478,0.013673216,19115,-19.873120498657226,0.15032958984375,0.2,1.0012062788009644,0.9746400713920593,1.0842410326004028,0.00025459584,3.062489426136017,-0.011976322589907796
4.882812370649642e-05,33.5248,0.0,0.0,0.0,0.0,-0.3924634560169059,-0.11746783923312162,3247,-0.12051233461401398,0.0,741,0.0,0.65,0.05894227247409017,1.3106335963107258,4205,-135.34846294,329.35,0.0,-0.028208445711556267,-0.6272057471824614,13658112,0.01,0.0,0.0,0.0,-0.1298415172888071,-0.15166685144771583,-0.5,-0.4692500685629281,0.0,0.0,-4.6086316521484676e-08,-0.705176770227337,-0.19333729582993872,-0.0017130115427652186,0.0,-0.05605579593005435,-0.10631967698263414,0.014471598,19119,-19.873813152313232,0.15166015625,0.2,1.0012786388397217,0.9719811081886292,1.1992677450180054,0.0002545344,3.3239720821380616,-0.010441659262869506
0.0,33.53632,0.0,0.0,0.0,0.0,-0.3855111694709145,-0.13036233366180974,3251,-0.10649928541193308,0.0,742,0.0,0.65,0.05777497536210758,1.3491247216462317,4205,-135.23745128,334.21,0.0,-0.028180879186100443,-0.6427989192128878,13676544,0.01,0.0,0.0,0.0,-0.13733033533137415,-0.15920973763577473,-0.5,-0.46856202286900256,0.0,0.0,-4.803325555951049e-08,-0.7009703002470462,-0.1922086573092132,-0.002592080138455109,0.0,-0.05009713851743274,-0.10623043703720429,0.015591678,19123,-19.873818969726564,0.1499267578125,0.2,1.0013669729232788,0.9703212380409241,1.2133506536483765,0.00025447295999999996,3.547075402736664,-0.011744556366465986
0.0,33.54784,0.0,0.0,0.0,0.0,-0.3741923400767554,-0.1230546168810425,3256,-0.10448027939183552,0.0,743,0.0,0.65,0.05274761386628782,1.3363649244106888,4205,-135.32235504,347.39,0.0,-0.027763881315244626,-0.6122501035851801,13694976,0.01,0.0,0.0,0.0,-0.12326389244653993,-0.15473674795637365,-0.5,-0.48400459591497813,0.0,0.0,-4.5875663781621895e-08,-0.6963652677797124,-0.19059754660109907,-0.0015652845709300547,0.0,-0.06474257735438489,-0.10650685083347768,0.015453918,19127,-19.87220678329468,0.16026611328125,0.2,1.0010652542114258,0.9762370586395264,0.9827650785446167,0.00025441152,2.9666457653045653,-0.010500593367032707
0.00014648437111948928,33.55936,0.0,0.0,0.0,0.0,-0.3642216857939716,-0.12280171747948317,3260,-0.11399162939558785,0.0,744,0.0,0.65,0.0625037406952612,1.2580282730443162,4206,-136.64197066999998,346.97,0.0,-0.02832089917914408,-0.6241728209033621,13713408,0.01,0.0,0.0,0.0,-0.13244353289378058,-0.1672522263086623,-0.5,-0.47822356489949797,0.0,0.0,-4.644763122064157e-08,-0.6699143027833954,-0.18586500345626145,-0.02090376031936701,0.0,-0.04464061094848956,-0.10623969236102673,0.011473356,19131,-19.86913194656372,0.14056396484375,0.2,1.0007585287094116,0.9703927636146545,1.3895361423492432,0.00025435008,3.701814043521881,-0.00955752849113196
9.765624741299285e-05,33.57088,0.0,0.0,0.0,0.0,-0.3794476165727722,-0.12081652186303689,3264,-0.11038435573992317,0.0,745,0.0,0.65,0.055333316348045544,1.274186673194881,4206,-134.40149378,335.19,0.0,-0.028284631084364416,-0.5988876398535715,13731840,0.01,0.0,0.0,0.0,-0.12882060619956853,-0.1593932718493919,-0.5,-0.4700343523114749,0.0,0.0,-4.671602618368079e-08,-0.6682339970132353,-0.18980346710246054,-0.011228897463393716,0.0,-0.04946277700138227,-0.10608232340525757,0.014149648,19135,-19.87163782119751,0.14249267578125,0.2,1.0010349750518799,0.9749122262001038,1.5809918642044067,0.00025428863999999997,3.489852261543274,-0.012632318108808249
4.882812370649642e-05,33.5824,0.0,0.0,0.0,0.0,-0.3803127533688302,-0.11779697740174945,3269,-0.10515543702472373,0.0,746,0.0,0.65,0.05958804835353934,1.3403756710557901,4206,-134.12900766,336.56,0.0,-0.027711645474662178,-0.628386850393965,13750272,0.01,0.0,0.0,0.0,-0.13932794787267247,-0.15653451418224282,-0.5,-0.45505566690400884,0.0,0.0,-4.594476196017821e-08,-0.6815326167062028,-0.1878384993622282,-0.003410926906458096,0.0,-0.052661169297708615,-0.10613030252708519,0.016045019,19139,-19.870933532714844,0.16026611328125,0.2,1.0010461807250977,0.9686150550842285,1.9671037197113037,0.0002542272,4.135939812660217,-0.012046494864625857
6.022127086503638e-05,33.59392,0.0,0.0,0.0,0.0,-0.38165897273508964,-0.11371865712635082,3273,-0.11284613462993548,0.0,747,0.0,0.65,0.06355069623423819,1.422565746736989,4206,-129.63279582,323.92,0.0,-0.02793391027237451,-0.6232723140849423,13768704,0.01,0.0,0.0,0.0,-0.12431971744407815,-0.14802381339491616,-0.5,-0.4426835061953907,0.0,0.0,-4.31487452941314e-08,-0.6880458324078627,-0.18459699992329237,-0.0023417320213819093,0.0,-0.04500179521952911,-0.10620134516263181,0.01577392,19143,-19.869330406188965,0.14837646484375,0.2,1.0009899139404297,0.9771535396575928,1.0278749465942383,0.00025416576,2.9322418093681337,-0.012596510280855
4.882812370649642e-05,33.60544,0.0,0.0,0.0,0.0,-0.3757610978493749,-0.11051622178510079,3277,-0.11584434669201499,0.0,748,0.0,0.65,0.06103630863057092,1.1236447078673815,4206,-135.40645492,329.87,0.0,-0.027658803003537555,-0.6074152827620616,13787136,0.01,0.0,0.0,0.0,-0.12916358555342866,-0.1574509481324763,-0.5,-0.4702882678680677,0.0,0.0,-4.727185616573373e-08,-0.6823189931587983,-0.18957958262247687,-0.00594177272003425,0.0,-0.043814330835529186,-0.10663086867231314,0.017564971,19147,-19.870298004150392,0.17734375,0.2,1.000981092453003,0.9738703966140747,1.4513659477233887,0.00025410432,3.211981678009033,-0.011058361793402582
9.765624741299285e-05,33.61696,0.0,0.0,0.0,0.0,-0.38380817572299364,-0.11503704826116347,3282,-0.1130219253991568,0.0,749,0.0,0.65,0.060410007143986005,1.2679163026779736,4206,-137.56384976,334.18,0.0,-0.02806637395989427,-0.6000852271185582,13805568,0.01,0.0,0.0,0.0,-0.13437239687166652,-0.1490158168532732,-0.5,-0.48535161895963275,0.0,0.0,-4.4115870563506576e-08,-0.6895220611504325,-0.18249137469829488,-0.016067753918128244,0.0,-0.03959436417466754,-0.10631642479329165,0.0134989815,19151,-19.8693058013916,0.1626708984375,0.2,1.0010104179382324,0.9736400246620178,1.3632960319519043,0.00025404287999999996,3.839701271057129,-0.011162899225018919
1.08506646938622e-05,33.628479999999996,0.0,0.0,0.0,0.0,-0.37514746650803865,-0.11952732266689194,3286,-0.11389187453464378,0.0,750,0.0,0.65,0.06296596684562952,1.3135590862295456,4206,-134.52269164,328.59,0.0,-0.028205769529012256,-0.627468260302901,13824000,0.01,0.0,0.0,0.0,-0.14532860717065327,-0.1578356094887098,-0.5,-0.4520393966783636,0.0,0.0,-4.946055237583537e-08,-0.6939802879670145,-0.19015148768900567,-0.0044248011257623475,0.0,-0.03764436033250402,-0.10630368713843458,0.0122911865,19155,-19.866673755645753,0.12066650390625,0.2,1.0004568099975586,0.9771057367324829,1.2193979024887085,0.00025398144,3.221195936203003,-0.010967222112230956
9.765624741299285e-05,33.64,0.0,0.0,0.0,0.0,-0.38065925766648157,-0.11648355083349293,3290,-0.11861118204874337,0.0,751,0.0,0.65,0.06361290219204623,1.4113881898687877,4206,-129.62394340999998,319.82,0.0,-0.02775382074850771,-0.6070046156857709,13842432,0.01,0.0,0.0,0.0,-0.12605349031990878,-0.14789873084141433,-0.5,-0.4618936605544246,0.0,0.0,-4.2786988291507845e-08,-0.6791271292197147,-0.19222007185906131,-0.003469851672621632,0.0,-0.042273528518206954,-0.1064457032915988,0.015651606,19159,-19.86719379425049,0.148828125,0.2,1.0006771087646484,0.9751789569854736,1.1715987920761108,0.00025392,3.30105574131012,-0.014617453794926405
4.882812370649642e-05,33.65152,0.0,0.0,0.0,0.0,-0.39431454715050224,-0.12184027816472291,3295,-0.1133957146939998,0.0,752,0.0,0.65,0.05702390260793173,1.3346772067682584,4206,-131.16310007,328.77,0.0,-0.028159640792369673,-0.6270844427349381,13860864,0.01,0.0,0.0,0.0,-0.12703064146170592,-0.15780374940323372,-0.5,-0.46969850471148766,0.0,0.0,-4.778635620257737e-08,-0.7007809341044455,-0.19366730102302127,-0.0032188773079445867,0.0,-0.059108503036744274,-0.10633336162371688,0.015223692,19163,-19.869826126098634,0.1522705078125,0.2,1.0011119842529297,0.9745951294898987,0.9136097431182861,0.00025385855999999997,3.1671105146408083,-0.010548415849916637
5.425345605342752e-05,33.66304,0.0,0.0,0.0,0.0,-0.39620600460278643,-0.12717624594346214,3299,-0.10957104315669502,0.0,753,0.0,0.65,0.05887883302993359,1.3315892668380505,4206,-135.19506654,334.47,0.0,-0.02784751758280367,-0.6491017220172964,13879296,0.01,0.0,0.0,0.0,-0.12592234868052093,-0.15428899580177668,-0.5,-0.46519471938661194,0.0,0.0,-4.4836229948576344e-08,-0.7089207346291903,-0.19707480237077346,-0.004029740227760413,0.0,-0.04653608579731857,-0.10640894359979534,0.012736405,19167,-19.87373580932617,0.1406005859375,0.2,1.001356601715088,0.9705464243888855,1.3482298851013184,0.00025379712,3.699957001209259,-0.011127231153659522
4.882812370649642e-05,33.67456,0.0,0.0,0.0,0.0,-0.37212151437454355,-0.1203774543993442,3303,-0.12079950375785892,0.0,754,0.0,0.65,0.05970688528538145,1.2644027154116018,4206,-134.91683403000002,325.84,0.0,-0.027441041673340286,-0.6210720901454816,13897728,0.01,0.0,0.0,0.0,-0.13178445639780134,-0.15096635845559367,-0.5,-0.46951869009325276,0.0,0.0,-4.386110412217326e-08,-0.7079776517316674,-0.1946010781132377,-0.011176595867775078,0.0,-0.05244876483629923,-0.10660538179119189,0.01345845,19171,-19.872465991973876,0.14273681640625,0.2,1.0012083053588867,0.9771585464477539,1.1075583696365356,0.00025373568,3.178117644786835,-0.010229660442564636
0.0,33.686080000000004,0.0,0.0,0.0,0.0,-0.38538794132642845,-0.12633038073827466,3308,-0.11229739214349237,0.0,755,0.0,0.65,0.056116976879244565,1.3248221973747822,4206,-134.99125321,332.28,0.0,-0.028149219157716763,-0.6153418542383037,13916160,0.01,0.0,0.0,0.0,-0.1261320433141375,-0.14963338279957872,-0.5,-0.47280787621710324,0.0,0.0,-4.571375056811237e-08,-0.7026822933360098,-0.19333327502000144,-0.004909125729760609,0.0,-0.05101484391909455,-0.10635595328760555,0.013151897,19175,-19.872172260284422,0.136572265625,0.2,1.0010584592819214,0.9726700782775879,1.461650013923645,0.00025367424,3.6285634875297545,-0.011341278231702745
4.882812370649642e-05,33.6976,0.0,0.0,0.0,0.0,-0.3896093888277232,-0.120033505573291,3312,-0.11027740877551735,0.0,756,0.0,0.65,0.05395632612006834,1.2781595478583108,4206,-137.03766923,352.88,0.0,-0.027812456560547056,-0.6080104566010749,13934592,0.01,0.0,0.0,0.0,-0.12187091136020567,-0.14972775249047732,-0.5,-0.4737165096978869,0.0,0.0,-4.493457967134061e-08,-0.6985316259827303,-0.19337183304626737,-0.0035778140268887676,0.0,-0.06836833581554755,-0.10645375973647506,0.0134019805,19179,-19.868289375305174,0.1226318359375,0.2,1.0006868839263916,0.9733872413635254,1.207437515258789,0.00025361279999999996,3.343776285648346,-0.0097873859165702
0.0,33.70912,0.0,0.0,0.0,0.0,-0.3918683965155395,-0.12350489333273457,3316,-0.11449485990709846,0.0,757,0.0,0.65,0.05584532632778351,1.4074466994283066,4206,-135.72042470999997,356.37,0.0,-0.02817551735203639,-0.6388426725155646,13953024,0.01,0.0,0.0,0.0,-0.12034922444280155,-0.14732041966121223,-0.5,-0.45734100818757756,0.0,0.0,-4.638048013837737e-08,-0.6959805255842788,-0.19754161289315653,-0.0012086526030801413,0.0,-0.07182943580038328,-0.10632348381944151,0.013547242,19183,-19.86737451553345,0.15096435546875,0.2,1.000771164894104,0.9743918776512146,1.175103783607483,0.00025355136,3.2411691427230833,-0.011370339593850077
0.0,33.72064,0.0,0.0,0.0,0.0,-0.39273828934681015,-0.1431585601684871,3321,-0.10501356245818394,0.0,758,0.0,0.65,0.054842958188735545,1.5161723172801471,4206,-130.38310631000002,346.15,0.0,-0.027982682883590786,-0.6410211024891154,13971456,0.01,0.0,0.0,0.0,-0.11092830867403682,-0.1545419973296537,-0.5,-0.47607060922441047,0.0,0.0,-4.316118792084712e-08,-0.7067857903676216,-0.1972764492287609,-0.001775461652425456,0.0,-0.06267280109588885,-0.10642504459846254,0.012636401,19187,-19.86848077774048,0.137255859375,0.2,1.0007081031799316,0.9775891304016113,0.8497752547264099,0.00025348992,2.4853617310523988,-0.01108139255666174
0.0,33.73216,0.0,0.0,0.0,0.0,-0.360081542863315,-0.12168172800458928,3325,-0.11019769843894549,0.0,759,0.0,0.65,0.05858875760959617,1.2918810031650843,4207,-132.01505397999998,343.92,0.0,-0.02817237508634361,-0.6273223486351417,13989888,0.01,0.0,0.0,0.0,-0.13882997434145472,-0.1521601724837723,-0.5,-0.4655133766767689,0.0,0.0,-5.025113650264098e-08,-0.6757141509804354,-0.19046162209741938,-0.0027952450693086934,0.0,-0.059726861936117835,-0.10639370405927934,0.012805669,19191,-19.865299892425536,0.11552734375,0.2,1.000290870666504,0.9732599258422852,1.1166867017745972,0.00025342847999999997,3.161502945423126,-0.009744205325841904
9.765624741299285e-05,33.74368,0.0,0.0,0.0,0.0,-0.3652165250221446,-0.13441142802980843,3331,-0.11009913015810414,0.0,760,0.0,0.65,0.0604781797069639,1.2581386662856695,4205,-135.74283765,337.6,0.0,-0.028441397903607637,-0.6242437698294512,14008320,0.01,0.0,0.0,0.0,-0.13807941038360871,-0.15255180894930906,-0.5,-0.472112575731117,0.0,0.0,-4.8846506777053026e-08,-0.6795702134241568,-0.19914332958582007,-0.003690615726966403,0.0,-0.04613867690042955,-0.10631089406317622,0.013073762,19195,-19.865129661560058,0.14376220703125,0.2,1.000563621520996,0.9766135215759277,1.2692676782608032,0.00025336704,3.5507538318634033,-0.012363937764894218
0.0,33.7552,0.0,0.0,0.0,0.0,-0.3653528853166972,-0.13415958417929988,3335,-0.10837398871115533,0.0,761,0.0,0.65,0.05908754185454247,1.4818953083085156,4205,-131.50239706,335.2,0.0,-0.02780342489264351,-0.6546863366916751,14026752,0.01,0.0,0.0,0.0,-0.13792507934856035,-0.15170539725123175,-0.5,-0.4653846947529614,0.0,0.0,-4.571256207337163e-08,-0.6797596154796215,-0.1962744156275545,-0.0004802337825561956,0.0,-0.05835952858453513,-0.10646458652330373,0.0131387655,19199,-19.869554424285887,0.12862548828125,0.2,1.0007429122924805,0.9750465750694275,1.4502687454223633,0.0002533056,3.6254363298416137,-0.011777966178487986
0.0,33.76672,0.0,0.0,0.0,0.0,-0.3622035876930369,-0.12262457336485011,3339,-0.11532607679359402,0.0,762,0.0,0.65,0.062007106540332924,1.1619163030803636,4205,-134.00628444,326.53,0.0,-0.02814567144610693,-0.5969637999602652,14045184,0.01,0.0,0.0,0.0,-0.14922032307073174,-0.14864765547633205,-0.5,-0.4784306906436411,0.0,0.0,-4.456766493263111e-08,-0.6706274929648691,-0.18179696320116878,-0.00925016788749678,0.0,-0.03790694628130748,-0.10655694757166431,0.013546327,19203,-19.870763206481932,0.1257080078125,0.2,1.0011097192764282,0.9708309173583984,1.3544522523880005,0.00025324416,3.8317023873329163,-0.009954541054321453
4.882812370649642e-05,33.77824,0.0,0.0,0.0,0.0,-0.36058534209428644,-0.13384633727948952,3344,-0.10931760132765496,0.0,763,0.0,0.65,0.061856926691852006,1.283172671456651,4205,-134.59690747,321.04,0.0,-0.028889826661745104,-0.6310501937396722,14063616,0.01,0.0,0.0,0.0,-0.13296003610682272,-0.15371313087528787,-0.5,-0.4572502029736449,0.0,0.0,-4.518627754099035e-08,-0.6925318448712594,-0.1992477444298747,-0.0069212997173176485,0.0,-0.037902885850700035,-0.10644127466543037,0.011606859,19207,-19.869185161590575,0.12628173828125,0.2,1.0007843971252441,0.9701223969459534,1.7777228355407715,0.00025318272,4.48382158279419,-0.010564630746375769
9.765624741299285e-05,33.78976,0.0,0.0,0.0,0.0,-0.3631646893354672,-0.13654684173857368,3348,-0.10995554692119551,0.0,764,0.0,0.65,0.058411518809489395,1.3485335640334162,4205,-134.58245688,326.3,0.0,-0.028367829822166204,-0.6391972015322799,14082048,0.01,0.0,0.0,0.0,-0.13709079246007227,-0.1541543001442031,-0.5,-0.45907045218066056,0.0,0.0,-4.405377361799188e-08,-0.6825348287885679,-0.19171530550284632,-0.0025584737578397384,0.0,-0.05227189738393968,-0.1064358135254402,0.014058357,19211,-19.868601417541505,0.13826904296875,0.2,1.0010520219802856,0.9721264839172363,1.4700309038162231,0.00025312128,3.9309361457824705,-0.01140419919975102
3.7977297324687243e-06,33.80128,0.0,0.0,0.0,0.0,-0.3783680650741158,-0.13776243072547564,3352,-0.10923803567079146,0.0,765,0.0,0.65,0.05665010490757948,1.4078694188126226,4205,-131.39051598999998,333.3,0.0,-0.028328020983507132,-0.6650049984040713,14100480,0.01,0.0,0.0,0.0,-0.13150424188430765,-0.1521939392544499,-0.5,-0.4623182785888022,0.0,0.0,-4.5792581217939156e-08,-0.6969101449053544,-0.20142579241479433,-0.00720870974639042,0.0,-0.05499730847562508,-0.10640962132477684,0.012888652,19215,-19.873462009429932,0.130029296875,0.2,1.0012646913528442,0.970540463924408,1.2922194004058838,0.00025305984,3.814912033081055,-0.01084427030873485
1.4648413828884562e-05,33.812799999999996,0.0,0.0,0.0,0.0,-0.36997412471140445,-0.13157948516835075,3357,-0.11086634950952895,0.0,766,0.0,0.65,0.060127667677865385,1.3243620068899367,4205,-133.06020989,329.41,0.0,-0.02792420672390506,-0.647166557851548,14118912,0.01,0.0,0.0,0.0,-0.13716060942191813,-0.1516757940680985,-0.5,-0.46503829247673256,0.0,0.0,-4.322716287489582e-08,-0.6916842235320914,-0.20004887330013582,-0.009469425457389134,0.0,-0.047493795270889275,-0.1063882025000184,0.01629619,19219,-19.87235631942749,0.17191162109375,0.2,1.0011119842529297,0.9753521680831909,1.3236411809921265,0.00025299839999999997,3.417069065570831,-0.010541920247487725
0.0,33.82432,0.0,0.0,0.0,0.0,-0.34969954221432525,-0.13329386171145904,3361,-0.10701886620146611,0.0,767,0.0,0.65,0.05744018076377814,1.2889640926724437,4205,-133.78544217,330.75,0.0,-0.028029363079874463,-0.6150923402672315,14137344,0.01,0.0,0.0,0.0,-0.13546916178075005,-0.15482937667439606,-0.5,-0.46376292767490745,0.0,0.0,-4.514866054284419e-08,-0.6764233583151286,-0.18871103094687317,-0.006821062546459085,0.0,-0.06265098412566455,-0.10646167269322616,0.013071239,19223,-19.87162914276123,0.146630859375,0.2,1.001015305519104,0.9751720428466797,1.4753210544586182,0.00025293696,3.798142445087433,-0.009432840859517455
7.54122900414384e-05,33.835840000000005,0.0,0.0,0.0,0.0,-0.3617474032304204,-0.13061207141634346,3365,-0.10710587276241093,0.0,768,0.0,0.65,0.06033592266733348,1.4112430779704874,4205,-131.82663353,332.26,0.0,-0.027663520451871166,-0.6146446614682688,14155776,0.01,0.0,0.0,0.0,-0.13029469821646375,-0.15886253316414384,-0.5,-0.45546795296416204,0.0,0.0,-4.5131433091201643e-08,-0.6868857415412633,-0.19137769759839401,-0.0006670877951960442,0.0,-0.05341217682871502,-0.10675207442219672,0.012993817,19227,-19.870709037780763,0.1374267578125,0.2,1.0010857582092285,0.9689970016479492,1.6325651407241821,0.00025287552,4.330562722682953,-0.010191707039484754
4.882812370649642e-05,33.84736,0.0,0.0,0.0,0.0,-0.3782343777745291,-0.125754556046706,3370,-0.11195019751428904,0.0,769,0.0,0.65,0.05428949246768323,1.3401226203732646,4205,-134.07607345,341.65,0.0,-0.02760784328430556,-0.6117259807434126,14174208,0.01,0.0,0.0,0.0,-0.13061062945058155,-0.15425447160362585,-0.5,-0.4656359829564482,0.0,0.0,-4.331671800952084e-08,-0.6958519868658702,-0.1966667000660984,-0.0010306766083930789,0.0,-0.07169326217101318,-0.10654825397382887,0.012872932,19231,-19.87071943283081,0.13963623046875,0.2,1.0008467435836792,0.9643858671188354,1.8493181467056274,0.00025281408,4.434287655353546,-0.009983794519212098
9.765624741299285e-05,33.85888,0.0,0.0,0.0,0.0,-0.3432173781554528,-0.1275873808103548,3374,-0.11009934919743289,0.0,770,0.0,0.65,0.05833244327602035,1.314648475228676,4205,-134.00183036,342.02,0.0,-0.027547122603596288,-0.6153363859705153,14192640,0.01,0.0,0.0,0.0,-0.13043537853415488,-0.14901909422572904,-0.5,-0.45576615353442207,0.0,0.0,-4.204313791001753e-08,-0.6693676703677259,-0.1971824442565604,-0.003534336928521251,0.0,-0.0565986046664572,-0.10652431283168405,0.01363028,19235,-19.87024564743042,0.12938232421875,0.2,1.0010699033737183,0.9712640643119812,1.3595952987670898,0.00025275264,3.733275890350342,-0.012334575899876654
4.882812370649642e-05,33.870400000000004,0.0,0.0,0.0,0.0,-0.35321991708980865,-0.12735410227691352,3378,-0.11243208553294098,0.0,771,0.0,0.65,0.06088448415210698,1.2901166783762166,4206,-133.33724451999998,334.1,0.0,-0.02722623821331617,-0.6202998101936572,14211072,0.01,0.0,0.0,0.0,-0.1532234101334098,-0.14650383871229658,-0.5,-0.4640280204369056,0.0,0.0,-4.116892161164077e-08,-0.6747455782070144,-0.18827814980055943,-0.008961964290904973,0.0,-0.041549115876680136,-0.10659540638104127,0.014026543,19239,-19.874131774902345,0.1416259765625,0.2,1.001469612121582,0.9763563871383667,1.134554386138916,0.0002526912,3.1806288361549377,-0.013390317291487009
8.626297737161319e-05,33.88192,0.0,0.0,0.0,0.0,-0.35679444150259393,-0.136630977673567,3383,-0.11609006020689121,0.0,772,0.0,0.65,0.061491408758148576,1.3380003378669896,4206,-131.19953283,325.31,0.0,-0.02756612870118481,-0.5922308286423594,14229504,0.01,0.0,0.0,0.0,-0.1395315627873466,-0.1418147827695601,-0.5,-0.450624510697585,0.0,0.0,-4.317351958021861e-08,-0.6879479163200504,-0.19540313627956934,-0.0048753503886661805,0.0,-0.046804245176543996,-0.10697972752661382,0.012812068,19243,-19.870909118652342,0.13785400390625,0.2,1.0008318424224854,0.9739936590194702,1.1741005182266235,0.00025262976,3.6436403036117553,-0.011705999402329326
0.0,33.89344,0.0,0.0,0.0,0.0,-0.3727862126701136,-0.12441141668714867,3387,-0.11174524820249301,0.0,773,0.0,0.65,0.06389463414967449,1.4343501565467207,4206,-129.91825329,317.92,0.0,-0.027806949477150147,-0.6372243016422634,14247936,0.01,0.0,0.0,0.0,-0.12630571686908698,-0.14802416704969218,-0.5,-0.4464076046021209,0.0,0.0,-4.289946346250149e-08,-0.6999514900566989,-0.1928581986804444,-0.0007689431244420182,0.0,-0.039184482013095275,-0.10645173994790537,0.015028058,19247,-19.871761131286622,0.146240234375,0.2,1.0015196800231934,0.974056601524353,1.0176681280136108,0.00025256831999999997,3.3528421401977537,-0.012181370041798801
0.0,33.90496,0.0,0.0,0.0,0.0,-0.37570143503168174,-0.1256185103061013,3391,-0.1115471439967923,0.0,774,0.0,0.65,0.054130830241223636,1.3669056127569597,4206,-130.55254829,322.97,0.0,-0.028047497831054886,-0.6297442372981332,14266368,0.01,0.0,0.0,0.0,-0.1315359656430738,-0.14264116130666754,-0.5,-0.44962572370076515,0.0,0.0,-4.160158569049763e-08,-0.6970784670930464,-0.19283731520068537,-0.00534297509855224,0.0,-0.05385215247062863,-0.10657673573711983,0.014245692,19251,-19.875023460388185,0.13519287109375,0.2,1.0013576745986938,0.971088707447052,1.432280421257019,0.00025250688,3.869495689868927,-0.01137030094396323
0.0,33.91648,0.0,0.0,0.0,0.0,-0.36245799714443,-0.12745017710247072,3396,-0.10863336559158303,0.0,775,0.0,0.65,0.05528551447197038,1.311670518682349,4206,-134.83817441,346.48,0.0,-0.028117723679235707,-0.5916365171434219,14284800,0.01,0.0,0.0,0.0,-0.1278734546239324,-0.1457403512552097,-0.5,-0.45847929824352424,0.0,0.0,-4.0916113344086006e-08,-0.694134695929873,-0.18887764861885795,-0.0022636475554244397,0.0,-0.047356122153966375,-0.10660767158138007,0.014174962,19255,-19.868713855743408,0.1328125,0.2,1.00062096118927,0.9730042815208435,1.382939338684082,0.00025244544,3.800874638557434,-0.012861002341378481
0.00014648437111948928,33.928,0.0,0.0,0.0,0.0,-0.3665908470061776,-0.1268589065346929,3400,-0.1103137114994257,0.0,776,0.0,0.65,0.05974122769613315,1.3044590766011974,4206,-133.79182770999995,337.27,0.0,-0.027874992697404274,-0.6233945082273338,14303232,0.01,0.0,0.0,0.0,-0.1392736345845228,-0.15054664403414758,-0.5,-0.46261092080214117,0.0,0.0,-4.250493723434685e-08,-0.6919201418500079,-0.18969748148463056,-0.015034683715943239,0.0,-0.041747538136809856,-0.10655240515989664,0.0152649935,19259,-19.86781244277954,0.13720703125,0.2,1.0007768869400024,0.9767367839813232,1.0162155628204346,0.000252384,3.055828022956848,-0.01101081776432693
0.0,33.93952,0.0,0.0,0.0,0.0,-0.3752214399292952,-0.1220830740001437,3404,-0.11027348955173481,0.0,777,0.0,0.65,0.05527708727519342,1.3024288262850152,4206,-135.61530239,345.7,0.0,-0.027973731834892088,-0.6049508361978835,14321664,0.01,0.0,0.0,0.0,-0.12531943399590387,-0.1411927329222124,-0.5,-0.4730246704781813,0.0,0.0,-4.300622371316229e-08,-0.7023495228349085,-0.1948800668116155,-0.001897703715845343,0.0,-0.07639486207012346,-0.1067864183975234,0.014091676,19263,-19.86938018798828,0.13656005859375,0.2,1.0008238554000854,0.9765067100524902,1.253036618232727,0.00025232256,3.4997727632522584,-0.011346030654385686
4.882812370649642e-05,33.95104,0.0,0.0,0.0,0.0,-0.3585024798864434,-0.13440504264445033,3409,-0.10652943366778923,0.0,778,0.0,0.65,0.056507955414221996,1.3257463368519082,4206,-135.40544946999998,358.17,0.0,-0.02778090417280118,-0.5924653483908267,14340096,0.01,0.0,0.0,0.0,-0.13281039695974728,-0.14727229695473548,-0.5,-0.46128304342649595,0.0,0.0,-4.186219552478358e-08,-0.7044654879581635,-0.19034864730663814,-0.0004920314092734982,0.0,-0.052374561351219505,-0.10672961207650779,0.01344426,19267,-19.87060680389404,0.14578857421875,0.2,1.000933289527893,0.9789076447486877,1.008112907409668,0.00025226112,2.8351266741752625,-0.011234593205153942
9.765624741299285e-05,33.962559999999996,0.0,0.0,0.0,0.0,-0.3734570658564554,-0.12424807563893658,3413,-0.11225721342479902,0.0,779,0.0,0.65,0.05630269552179522,1.2897041943222756,4206,-135.26127916000002,345.02,0.0,-0.027511096738364382,-0.5977580025299496,14358528,0.01,0.0,0.0,0.0,-0.1362458297623578,-0.13766940858086688,-0.5,-0.47088209560626954,0.0,0.0,-4.433731225274887e-08,-0.7005953523030661,-0.19277278454974509,-0.0011943341614542398,0.0,-0.04407502548322858,-0.10679179115312139,0.0161596,19271,-19.873762798309325,0.14984130859375,0.2,1.0015162229537964,0.9810680747032166,0.8863687515258789,0.00025219968,2.7098122596740724,-0.013450592895969749
0.0,33.97408,0.0,0.0,0.0,0.0,-0.3755032659549008,-0.1332578937239741,3417,-0.10996132779316702,0.0,780,0.0,0.65,0.05633671307058855,1.3517596688023126,4206,-135.64470525,339.73,0.0,-0.028028274444985093,-0.6395246012128054,14376960,0.01,0.0,0.0,0.0,-0.13695087658819935,-0.14472973103445583,-0.5,-0.45533660916406365,0.0,0.0,-4.27624145731859e-08,-0.702455493565777,-0.2012841955897389,-0.004625130057339642,0.0,-0.05004003609873406,-0.10678616305826066,0.01367484,19275,-19.871228218078613,0.15274658203125,0.2,1.000976324081421,0.9749106168746948,1.191703200340271,0.00025213824,3.6063085556030274,-0.011472764308564365
4.882812370649642e-05,33.9856,0.0,0.0,0.0,0.0,-0.38081995364981847,-0.1369496943205722,3422,-0.10849990236166679,0.0,781,0.0,0.65,0.06108624049051212,1.4813580486995164,4206,-129.59720554,324.11,0.0,-0.027685833862215146,-0.6377134871543733,14395392,0.01,0.0,0.0,0.0,-0.12579042777887747,-0.14147517631394874,-0.5,-0.4509866757020563,0.0,0.0,-4.045550895400697e-08,-0.7009976759513656,-0.195499338425662,-0.004377109734924051,0.0,-0.043340551492292434,-0.10677734425044676,0.015444432,19279,-19.869082355499266,0.14420166015625,0.2,1.0008575916290283,0.9770111441612244,1.177497148513794,0.0002520768,3.3512696981430055,-0.011174668534658849
0.0,33.99712,0.0,0.0,0.0,0.0,-0.3722992234325034,-0.1392400387720777,3426,-0.10384046206441425,0.0,782,0.0,0.65,0.06201870284875213,1.4552668739550314,4206,-126.01924192,319.19,0.0,-0.027060065661809265,-0.6536441781287471,14413824,0.01,0.0,0.0,0.0,-0.13422612977601475,-0.1388508129259278,-0.5,-0.44337293767776187,0.0,0.0,-4.1529780012859057e-08,-0.7010402878891075,-0.19806825270656434,-0.0014484040747281429,0.0,-0.03623647907321962,-0.10701836190494601,0.018340562,19283,-19.866987228393555,0.1804443359375,0.2,1.0006918907165527,0.9819318056106567,0.7417874932289124,0.00025201536,2.3534068882465364,-0.012375152157619595
0.0,34.00864,0.0,0.0,0.0,0.0,-0.35949190150029114,-0.13454031059324245,3430,-0.10485031484643802,0.0,783,0.0,0.65,0.057893505789611804,1.3387899932095262,4206,-129.27640561,325.32,0.0,-0.027277603579479823,-0.6103652017817722,14432256,0.01,0.0,0.0,0.0,-0.126894733555881,-0.14488704839094493,-0.5,-0.4551594343485307,0.0,0.0,-4.0285557670840474e-08,-0.6810156570479134,-0.1964836530275061,-0.00597367255713906,0.0,-0.05858929851092398,-0.10674500181217367,0.015479907,19287,-19.86731834411621,0.16932373046875,0.2,1.0008221864700317,0.9786814451217651,1.174081563949585,0.00025195392,2.86946325302124,-0.011501616006717086
2.1701271180063486e-06,34.02016,0.0,0.0,0.0,0.0,-0.3738030512292406,-0.12050883182508948,3435,-0.10868213133067113,0.0,784,0.0,0.65,0.05870901332907208,1.2999084677753585,4206,-133.20569712,335.18,0.0,-0.027709097566221457,-0.6384681334684877,14450688,0.01,0.0,0.0,0.0,-0.1258649910887824,-0.15053073484867333,-0.5,-0.4578877962234251,0.0,0.0,-4.468057570577402e-08,-0.6797994002227834,-0.1974514391168794,-0.0016239545243268182,0.0,-0.04601009924954269,-0.10676106007560192,0.017293856,19291,-19.86937313079834,0.1684814453125,0.2,1.000931978225708,0.9775013327598572,1.0285100936889648,0.00025189248,3.188177537918091,-0.011563080875203014
0.0,34.03168,0.0,0.0,0.0,0.0,-0.38311023081495393,-0.1288504404626357,3439,-0.10400450831436808,0.0,785,0.0,0.65,0.05487734044817821,1.3579501256984792,4206,-133.44407378999998,337.09,0.0,-0.027448145545660316,-0.6149970679994364,14469120,0.01,0.0,0.0,0.0,-0.1200183982806114,-0.1469185252864401,-0.5,-0.46104192822995604,0.0,0.0,-4.074887748115783e-08,-0.6980223614308946,-0.19007545937645,-0.004062530838661564,0.0,-0.05699491783485024,-0.10664465169163191,0.014307271,19295,-19.86792697906494,0.15938720703125,0.2,1.0006730556488037,0.9715197682380676,1.6476247310638428,0.00025183104,4.351900839805603,-0.009443586086854338
0.00012912321189004515,34.0432,0.0,0.0,0.0,0.0,-0.3778701109752194,-0.12167333634440225,3443,-0.10274178865115442,0.0,786,0.0,0.65,0.055462546627004,1.3329328009458634,4206,-134.26807317,342.53,0.0,-0.02726146105781503,-0.6055926814610288,14487552,0.01,0.0,0.0,0.0,-0.12363821136282059,-0.15392482066315308,-0.5,-0.4837141202874587,0.0,0.0,-4.5308286721794126e-08,-0.6878370310523713,-0.1903522825956401,-0.0007530865953936463,0.0,-0.07152088297071815,-0.10690930545443726,0.013619361,19299,-19.86797752380371,0.12117919921875,0.2,1.0009162425994873,0.9736968278884888,1.432928204536438,0.0002517696,3.717786133289337,-0.011318941961508244
4.882812370649642e-05,34.05472,0.0,0.0,0.0,0.0,-0.3674278980803489,-0.11995217369792847,3449,-0.10495597665190115,0.0,787,0.0,0.65,0.05995098958039259,1.371890412383182,4205,-136.06130342,356.38,0.0,-0.027510341074951428,-0.6036044513478092,14505984,0.01,0.0,0.0,0.0,-0.12661241522611666,-0.14915610488641878,-0.5,-0.4688567338766101,0.0,0.0,-4.259893322882001e-08,-0.6808330642916034,-0.18783111058920265,-0.001039535099913278,0.0,-0.05665651661628443,-0.10691082574563394,0.012854246,19303,-19.869941902160644,0.131298828125,0.2,1.0011342763900757,0.9702479839324951,1.4435811042785645,0.00025170816,3.919036531448364,-0.011219164868816734
0.0001394313553141223,34.06624,0.0,0.0,0.0,0.0,-0.36694383175778494,-0.12408683181335357,3453,-0.11074888598634282,0.0,788,0.0,0.65,0.061084048462588164,1.3528539019150303,4205,-133.71470199,346.69,0.0,-0.027364491808797218,-0.6100115048093195,14524416,0.01,0.0,0.0,0.0,-0.12758578058861106,-0.1476130523267874,-0.5,-0.4558819685690867,0.0,0.0,-4.472314101096876e-08,-0.6725887266217265,-0.1984248804398293,-0.0017501688422397138,0.0,-0.05367393669601168,-0.10669683703102548,0.013718337,19307,-19.873868465423584,0.135205078125,0.2,1.0017485618591309,0.9772231578826904,1.0824905633926392,0.00025164672,2.877674961090088,-0.012171827349811792
4.9370648210040396e-05,34.07776,0.0,0.0,0.0,0.0,-0.37346997423160144,-0.12793054798809975,3458,-0.11132314027387097,0.0,789,0.0,0.65,0.06082190862876919,1.4549982992968955,4205,-130.95387251,334.06,0.0,-0.02713931101618803,-0.6230579358656078,14542848,0.01,0.0,0.0,0.0,-0.12313098191346722,-0.1437830456156474,-0.5,-0.4680640944933771,0.0,0.0,-4.293427014910387e-08,-0.6909142332626828,-0.1924428593844206,-0.004099945853806094,0.0,-0.049694036172392465,-0.10676630514273157,0.013302712,19311,-19.87254571914673,0.14439697265625,0.2,1.0009921789169312,0.9746828079223633,1.287546992301941,0.00025158528,3.71985410451889,-0.012770327017642557
4.882812370649642e-05,34.08928,0.0,0.0,0.0,0.0,-0.3689180245736712,-0.1305488757520371,3462,-0.11190975330757874,0.0,790,0.0,0.65,0.057150582707340254,1.3589915372911816,4205,-130.14369206,336.58,0.0,-0.027303837239548476,-0.606405892085347,14561280,0.01,0.0,0.0,0.0,-0.12910033746190097,-0.1420207537928918,-0.5,-0.47820942955510126,0.0,0.0,-4.18145087510575e-08,-0.6989495074926955,-0.1876590383496197,-0.0061049499636122535,0.0,-0.05698895366771871,-0.1069195340874925,0.014430435,19315,-19.86881732940674,0.15634765625,0.2,1.0009514093399048,0.9792704582214355,1.0526865720748901,0.00025152384,2.9079698443412783,-0.012030546728055924
0.0,34.1008,0.0,0.0,0.0,0.0,-0.3535951849130645,-0.12713369230166652,3466,-0.12437041130069132,0.0,791,0.0,0.65,0.05493548881272391,1.2246723643996047,4205,-134.97902036,357.99,0.0,-0.028007570859217235,-0.5911383783732476,14579712,0.01,0.0,0.0,0.0,-0.12462844550849031,-0.16310689624006905,-0.5,-0.4830013219314117,0.0,0.0,-4.361345033614817e-08,-0.6870649063496431,-0.19114169228759623,-0.02236334089939251,0.0,-0.06382000515036958,-0.1066736573430485,0.014891873,19319,-19.871950531005858,0.15958251953125,0.2,1.0013554096221924,0.9767953753471375,1.1974140405654907,0.0002514624,3.2756343603134157,-0.012486694206018
0.0,34.11232,0.0,0.0,0.0,0.0,-0.3432025220615711,-0.12461019470316637,3471,-0.1217837463291686,0.0,792,0.0,0.65,0.058623548484256695,1.2560455553907397,4205,-136.58228865,361.25,0.0,-0.02773892519606282,-0.5856756160314485,14598144,0.01,0.0,0.0,0.0,-0.1306357660815183,-0.14253962822217636,-0.5,-0.4875588727537331,0.0,0.0,-4.386670703775491e-08,-0.6747237457577802,-0.18998339829666677,-0.0066489449920152256,0.0,-0.04450836134654108,-0.10689378272408345,0.015823212,19323,-19.87021827697754,0.17269287109375,0.2,1.0010366439819336,0.9727141857147217,1.437780737876892,0.00025140096,3.8601099610328675,-0.01233900423394516
0.0,34.12384,0.0,0.0,0.0,0.0,-0.36837717927417846,-0.13087505177114203,3475,-0.11819034790588007,0.0,793,0.0,0.65,0.062175824076105085,1.419196789433341,4205,-131.41248053,341.2,0.0,-0.027238693173514853,-0.6135128075295695,14616576,0.01,0.0,0.0,0.0,-0.12564040775903954,-0.1422382151271469,-0.5,-0.45403179469863303,0.0,0.0,-4.2230342547129787e-08,-0.6908816068584285,-0.19324920656715233,-0.0006788433598221181,0.0,-0.041716755455126986,-0.10699850177604116,0.014442039,19327,-19.868814945220947,0.14869384765625,0.2,1.0008560419082642,0.9772353172302246,1.545874834060669,0.00025133952,3.74390594959259,-0.013037291419459507
4.882812370649642e-05,34.13536,0.0,0.0,0.0,0.0,-0.3618093478811452,-0.13294480145582097,3479,-0.1133628678442336,0.0,794,0.0,0.65,0.05540414068135835,1.3834573974271849,4205,-129.04306531999998,333.78,0.0,-0.02702714740247753,-0.6370186503825549,14635008,0.01,0.0,0.0,0.0,-0.11863691005698611,-0.13992671737826393,-0.5,-0.47716937210082644,0.0,0.0,-4.1777327503626037e-08,-0.7020984695818372,-0.2028527542833104,-0.000767411767795596,0.0,-0.06262412563632501,-0.10717599460652133,0.0137129305,19331,-19.867800140380858,0.12830810546875,0.2,1.000694751739502,0.9760979413986206,1.1403952836990356,0.00025127808,3.1225425958633424,-0.011807524494361132
0.0,34.146879999999996,0.0,0.0,0.0,0.0,-0.35868869804597564,-0.1338305628650893,3484,-0.11501256317682247,0.0,795,0.0,0.65,0.05842181945478735,1.4225488046705805,4205,-131.77473174,350.42,0.0,-0.027274632813887863,-0.6018159884226286,14653440,0.01,0.0,0.0,0.0,-0.12195385060440556,-0.14534803278231342,-0.5,-0.4656889475449051,0.0,0.0,-3.99359269921573e-08,-0.6793164189797548,-0.18810032454793882,-0.0009926824765511808,0.0,-0.05736044937738269,-0.10686454674108492,0.014339594,19335,-19.86400785446167,0.1441650390625,0.2,1.0002961158752441,0.9738389849662781,1.2513389587402344,0.00025121664,3.586308550834656,-0.01156882639916148
0.0,34.1584,0.0,0.0,0.0,0.0,-0.36243973792448597,-0.13982835312109462,3488,-0.1144321740497037,0.0,796,0.0,0.65,0.05832946678553563,1.4156885901402678,4205,-131.23416691,343.91,0.0,-0.02713788281450752,-0.6296640751133984,14671872,0.01,0.0,0.0,0.0,-0.1315401621918588,-0.14359935551146893,-0.5,-0.48299175558800367,0.0,0.0,-4.3227548383673556e-08,-0.6899288538756482,-0.192870391969462,-0.0005884964033358852,0.0,-0.05357844987560788,-0.10691128968780289,0.013222429,19339,-19.866449642181397,0.14637451171875,0.2,1.0008668899536133,0.9738730788230896,1.0900710821151733,0.0002511552,3.156715178489685,-0.012594447110313923
4.882812370649642e-05,34.16992,0.0,0.0,0.0,0.0,-0.35956405715261297,-0.14039328918268187,3492,-0.12095507826015554,0.0,797,0.0,0.65,0.05712901193103784,1.4237104331634882,4205,-129.71650187,334.88,0.0,-0.027775184157056463,-0.6104983025714604,14690304,0.01,0.0,0.0,0.0,-0.13075995738325805,-0.13956699186826457,-0.5,-0.45803210397538774,0.0,0.0,-4.111811976692569e-08,-0.6773408435404381,-0.1959869273935756,-0.0009565767384116085,0.0,-0.04986154498732907,-0.10657918888490253,0.014232075,19343,-19.871381282806396,0.14775390625,0.2,1.001246690750122,0.975216269493103,1.2042473554611206,0.00025109376,3.2950700640678408,-0.012430922221392393
9.765624741299285e-05,34.18144,0.0,0.0,0.0,0.0,-0.3623747595219313,-0.13606854433771626,3497,-0.12111550001339648,0.0,798,0.0,0.65,0.05985172514263716,1.3143926534408745,4205,-129.89927312,330.94,0.0,-0.02713674293657973,-0.6071820402670369,14708736,0.01,0.0,0.0,0.0,-0.13429822108606396,-0.14128599922960156,-0.5,-0.46593299435098995,0.0,0.0,-4.08433541677716e-08,-0.6865397818005243,-0.19329937063122787,-0.0016164046148614256,0.0,-0.040654334213791624,-0.10674783002258113,0.015771374,19347,-19.873746395111084,0.16942138671875,0.2,1.0013426542282104,0.9776731729507446,1.0691637992858887,0.00025103232,3.0221925497055055,-0.013392192078754306
4.882812370649642e-05,34.19296,0.0,0.0,0.0,0.0,-0.37543635133808295,-0.12189050579442677,3501,-0.10947372413335198,0.0,799,0.0,0.65,0.056099845548724256,1.3276059068995112,4205,-132.03583251,336.66,0.0,-0.02736055743682153,-0.6156582012778081,14727168,0.01,0.0,0.0,0.0,-0.11952643075338419,-0.13473341961260443,-0.5,-0.46164872495906145,0.0,0.0,-4.047121533314645e-08,-0.697828495150183,-0.19701971516267186,-0.002397748914289755,0.0,-0.05663942338853505,-0.10668896836997441,0.0152258575,19351,-19.872940826416016,0.1615966796875,0.2,1.0012708902359009,0.9774443507194519,1.2233831882476807,0.00025097088,3.3999045491218567,-0.013279517984483392
0.0,34.204480000000004,0.0,0.0,0.0,0.0,-0.35485010916241355,-0.12674231768687463,3506,-0.10870170336862738,0.0,800,0.0,0.65,0.058577140795705,1.4445473866124923,4205,-131.26572321,338.19,0.0,-0.027056664657715637,-0.5962517044609337,14745600,0.01,0.0,0.0,0.0,-0.12873010901011847,-0.13969296723009117,-0.5,-0.4722409146756539,0.0,0.0,-4.2208901134515856e-08,-0.6757465500316023,-0.18557319576525338,-0.0006505934417335713,0.0,-0.05435970096894178,-0.10680850304914609,0.014956178,19355,-19.87376413345337,0.15970458984375,0.2,1.0013766288757324,0.9822961688041687,0.7250994443893433,0.00025090944,2.661822634935379,-0.012506180675700307
5.42524503543973e-07,34.216,0.0,0.0,0.0,0.0,-0.3513481597985155,-0.1260244795538527,3510,-0.1094306479035128,0.0,801,0.0,0.65,0.056040623183899824,1.2274756687946238,4205,-132.44907915,348.54,0.0,-0.02745648291431552,-0.5828472831136836,14764032,0.01,0.0,0.0,0.0,-0.12550867680335143,-0.14566289746499242,-0.5,-0.47812628319779943,0.0,0.0,-4.4723452646581106e-08,-0.6952922487438968,-0.19665574823743304,-0.002463087564865416,0.0,-0.052224829529425025,-0.10683116206316359,0.016740778,19359,-19.872984981536867,0.1716796875,0.2,1.0013391971588135,0.9785223603248596,1.0444817543029785,0.000250848,3.0811179876327515,-0.012478672445286065
0.0,34.22752,0.0,0.0,0.0,0.0,-0.35101287263361924,-0.11968896894954978,3514,-0.11464590079720664,0.0,802,0.0,0.65,0.060089766142888114,1.1531971006848218,4205,-137.60494591,357.9,0.0,-0.027646860225375006,-0.5855105924239442,14782464,0.01,0.0,0.0,0.0,-0.14065180068392566,-0.1461707994130531,-0.5,-0.4768472620808057,0.0,0.0,-4.412796039782003e-08,-0.6688185249299177,-0.18989273880561766,-0.00535207581087562,0.0,-0.05111290613260482,-0.10678481641720894,0.014823084,19363,-19.872607231140137,0.15731201171875,0.2,1.0013178586959839,0.9788697957992554,1.069472312927246,0.00025078656,3.1386309623718263,-0.012649854109622539
4.882812370649642e-05,34.23904,0.0,0.0,0.0,0.0,-0.3551632751523288,-0.12433181193538366,3519,-0.11305255299807092,0.0,803,0.0,0.65,0.056281050499493473,1.2572211502308777,4205,-136.92702648,344.55,0.0,-0.027832975088990186,-0.6018411948460219,14800896,0.01,0.0,0.0,0.0,-0.12689121148461163,-0.14310677660415377,-0.5,-0.45526618067627705,0.0,0.0,-4.150515077891207e-08,-0.6879422942660206,-0.19607715630731598,-0.004230315163414043,0.0,-0.05189741299060794,-0.1068587802397325,0.012791216,19367,-19.8733980178833,0.14989013671875,0.2,1.0014369487762451,0.9788702130317688,1.03645658493042,0.00025072512,3.4323249220848084,-0.011008857714477927
0.00016655811729530493,34.25056,0.0,0.0,0.0,0.0,-0.35173373829788246,-0.1396623477315932,3523,-0.12319074388700454,0.0,804,0.0,0.65,0.05801159592161304,1.3364172869204887,4205,-133.78452858,340.25,0.0,-0.027740329044956213,-0.6145951047766235,14819328,0.01,0.0,0.0,0.0,-0.13409084528356402,-0.14974983179826154,-0.5,-0.4803066723297848,0.0,0.0,-4.7651248335499335e-08,-0.6870900245998192,-0.20300367780584802,-0.007191306234746508,0.0,-0.04857573792428917,-0.10666622883380031,0.014107397,19371,-19.874733543395998,0.1425537109375,0.2,1.0015363693237305,0.973230242729187,1.6027312278747559,0.00025066368,4.379103446006775,-0.011463218205608427
4.991318241486119e-05,34.26208,0.0,0.0,0.0,0.0,-0.36096821265446205,-0.13204741881491613,3527,-0.11261415613079478,0.0,805,0.0,0.65,0.055104976041209355,1.413028535660838,4205,-132.38582269000003,345.42,0.0,-0.02764789064487815,-0.6242237872852932,14837760,0.01,0.0,0.0,0.0,-0.1250874476041456,-0.13636300564498452,-0.5,-0.4620983289861196,0.0,0.0,-4.304973087680826e-08,-0.6917766684783652,-0.20164496994621348,-0.0012138403959076728,0.0,-0.05004342907664573,-0.10668996098595845,0.015986998,19375,-19.87375154495239,0.14859619140625,0.2,1.0011889934539795,0.9767001271247864,1.4948045015335083,0.00025060224,3.690501391887665,-0.013878715346800163
0.0,34.2736,0.0,0.0,0.0,0.0,-0.3699837596666111,-0.14088600524267364,3532,-0.11053034413146541,0.0,806,0.0,0.65,0.05550224563010744,1.4894789344337285,4205,-129.88777068,344.74,0.0,-0.02731989927736371,-0.6282932987288459,14856192,0.01,0.0,0.0,0.0,-0.12187642531587883,-0.1412713632933296,-0.5,-0.4723976437330847,0.0,0.0,-4.353213543738349e-08,-0.6918090240834873,-0.20146455221106466,-0.0007684623595768371,0.0,-0.06249255060295885,-0.10684730713780925,0.013664834,19379,-19.870988368988037,0.14722900390625,0.2,1.00091552734375,0.9810699224472046,1.0261869430541992,0.0002505408,2.8259826779365538,-0.012812896864488721
4.882812370649642e-05,34.28512,0.0,0.0,0.0,0.0,-0.3603669128524086,-0.1338782814081881,3536,-0.11241337423630071,0.0,807,0.0,0.65,0.059610369747759635,1.3894945926914348,4206,-128.50712087,338.12,0.0,-0.027307826463057194,-0.6018943666076277,14874624,0.01,0.0,0.0,0.0,-0.12710583129569636,-0.13986321959693568,-0.5,-0.4691234547738439,0.0,0.0,-4.282850456056203e-08,-0.6864460278940385,-0.19552294195551354,-0.0009148866461179689,0.0,-0.052377822467759766,-0.10695625386062974,0.0151551515,19383,-19.871751594543458,0.14638671875,0.2,1.0011273622512817,0.9777538776397705,0.9139059782028198,0.00025047936,2.863406789302826,-0.010125943983439356
4.882812370649642e-05,34.29664,0.0,0.0,0.0,0.0,-0.36331801196706764,-0.13122104388592373,3540,-0.1164651974366244,0.0,808,0.0,0.65,0.05718412410136417,1.411428380296742,4206,-130.00101808,342.71,0.0,-0.027773298073573136,-0.6079561844662158,14893056,0.01,0.0,0.0,0.0,-0.12508192911836646,-0.1475766254059507,-0.5,-0.4466709366354656,0.0,0.0,-4.53012431990419e-08,-0.684513479185749,-0.19685504526784137,-0.0035019793054331897,0.0,-0.06420357413622292,-0.10664122354126453,0.014359094,19387,-19.877260971069337,0.14219970703125,0.2,1.0019882917404175,0.9739829897880554,1.192821979522705,0.00025041792,3.4209610342979433,-0.011694842833094299
0.0,34.30816,0.0,0.0,0.0,0.0,-0.3510821584883569,-0.14389343537607016,3545,-0.11119172817012463,0.0,809,0.0,0.65,0.05900721289488323,1.4821441968499098,4206,-127.32256447,335.99,0.0,-0.02754441338126613,-0.6203015451273284,14911488,0.01,0.0,0.0,0.0,-0.131308931347403,-0.1390716696999182,-0.5,-0.453780132858897,0.0,0.0,-4.079838154402537e-08,-0.6859386849506097,-0.190800879376804,-0.0008297898298465165,0.0,-0.04474951653618417,-0.10698056259310693,0.012586681,19391,-19.874983501434325,0.1337890625,0.2,1.0012660026550293,0.974899172782898,1.2192044258117676,0.00025035648,3.3388722419738768,-0.010419704345986247
8.300777214268844e-05,34.31968,0.0,0.0,0.0,0.0,-0.3612909953987161,-0.12864574139178886,3549,-0.10950397980189598,0.0,810,0.0,0.65,0.05718334702286543,1.437049297393071,4206,-128.49289514,336.52,0.0,-0.027720600895879317,-0.6053175228427355,14929920,0.01,0.0,0.0,0.0,-0.12157312118471547,-0.14251886187558713,-0.5,-0.4638045430047079,0.0,0.0,-4.560858067521284e-08,-0.6877862834487513,-0.1958031238237665,-0.0010794011133173204,0.0,-0.061663823860322334,-0.106961784266457,0.016593488,19395,-19.872964668273926,0.15240478515625,0.2,1.0015406608581543,0.9777233004570007,1.0619932413101196,0.00025029504,2.9974339246749877,-0.012258079671300947
0.0,34.331199999999995,0.0,0.0,0.0,0.0,-0.37066330670536823,-0.1285706511045482,3553,-0.11480845558708758,0.0,811,0.0,0.65,0.052794137763403554,1.3260013368123709,4206,-132.68800301,348.34,0.0,-0.027416533496399335,-0.604076826640995,14948352,0.01,0.0,0.0,0.0,-0.12148415811672808,-0.13992432838391397,-0.5,-0.4940767279853542,0.0,0.0,-4.0701707896225384e-08,-0.7033525709728908,-0.20095702623999315,-0.00144519394815684,0.0,-0.06742703326421583,-0.10687572113680997,0.016123667,19399,-19.872479820251463,0.1603515625,0.2,1.0012617111206055,0.9726425409317017,1.5010392665863037,0.00025023360000000003,3.527420401573181,-0.01161927500506863
9.765624741299285e-05,34.34272,0.0,0.0,0.0,0.0,-0.36417800870318673,-0.13398357542964584,3558,-0.1131265658707066,0.0,812,0.0,0.65,0.05756655001737281,1.3801937345568023,4206,-134.15841804000004,343.13,0.0,-0.028264633354158422,-0.6166393369528658,14966784,0.01,0.0,0.0,0.0,-0.12036333085993325,-0.143184188635404,-0.5,-0.4580590401453487,0.0,0.0,-3.964978573002975e-08,-0.6959658818460208,-0.19654577332826056,-0.004352970972737513,0.0,-0.06190403712066149,-0.10654290297752089,0.014833188,19403,-19.87016658782959,0.1652099609375,0.2,1.0010038614273071,0.9750604033470154,1.5204139947891235,0.00025017216,3.815906655788422,-0.010969707055483013
9.765624741299285e-05,34.354240000000004,0.0,0.0,0.0,0.0,-0.33853681095845184,-0.12841813028466817,3562,-0.11543412779915589,0.0,813,0.0,0.65,0.0592335439180793,1.2827346154921424,4206,-133.92901087,345.27,0.0,-0.02777895607632592,-0.5717988935569431,14985216,0.01,0.0,0.0,0.0,-0.14033392932319155,-0.15606139675281708,-0.5,-0.48976812589728325,0.0,0.0,-4.2769854472743056e-08,-0.6796071702013768,-0.1893158164548984,-0.007041943869920765,0.0,-0.06133181197219528,-0.10680350307163508,0.010666421,19407,-19.868208026885988,0.11785888671875,0.2,1.000646710395813,0.9673974514007568,1.691465973854065,0.00025011072,4.3769983649253845,-0.009472495480440556
0.0,34.36576,0.0,0.0,0.0,0.0,-0.36725949989699597,-0.1332766685565989,3568,-0.11010921693951657,0.0,814,0.0,0.65,0.054934070455831874,1.2822957173639002,4204,-135.33396514999998,359.54,0.0,-0.027463277668245595,-0.6157159687468425,15003648,0.01,0.0,0.0,0.0,-0.118669656087465,-0.14546730428590238,-0.5,-0.48099590462697317,0.0,0.0,-4.501443454353058e-08,-0.6939970968433513,-0.2010622596534785,-0.0015216144550144679,0.0,-0.06216310196355658,-0.10671171717131736,0.015206987,19411,-19.868111324310302,0.14661865234375,0.2,1.0007572174072266,0.976101279258728,1.2008631229400635,0.00025004928,3.6293190836906435,-0.011415786109864712
4.882812370649642e-05,34.37728,0.0,0.0,0.0,0.0,-0.3722476646804597,-0.1332726033592192,3572,-0.1121644199226094,0.0,815,0.0,0.65,0.05468789416756617,1.4205740318067985,4204,-131.84637884,354.19,0.0,-0.02783033638017503,-0.6040643149763096,15022080,0.01,0.0,0.0,0.0,-0.11613958637952959,-0.14570209837306514,-0.5,-0.47449333210105554,0.0,0.0,-4.2834625447322344e-08,-0.6941776192509687,-0.19233639803029645,-0.002665757101450571,0.0,-0.0710873899531887,-0.10680556862492989,0.014052309,19415,-19.869905090332033,0.13736572265625,0.2,1.0010182857513428,0.9773343205451965,1.227391242980957,0.00024998784,3.521235537528992,-0.011375719483476132
0.0,34.3888,0.0,0.0,0.0,0.0,-0.36133288250305307,-0.12704855468218496,3577,-0.11723059482292279,0.0,816,0.0,0.65,0.05670160732082071,1.3292108724371896,4204,-132.50540282,357.54,0.0,-0.02793266760837189,-0.6173514530219741,15040512,0.01,0.0,0.0,0.0,-0.11649258218670663,-0.14927671578948737,-0.5,-0.4743010896977043,0.0,0.0,-4.348839708742388e-08,-0.7016770843845576,-0.1977144063205301,-0.0009229117064510801,0.0,-0.06339315653895028,-0.1068770497540025,0.013794112,19419,-19.869256019592285,0.14561767578125,0.2,1.0009770393371582,0.9808464646339417,0.9234604835510254,0.0002499264,2.592684841156006,-0.010229599801823497
4.882812370649642e-05,34.40032,0.0,0.0,0.0,0.0,-0.3652478680491899,-0.1268925940730265,3581,-0.10889604830505338,0.0,817,0.0,0.65,0.059397047234376506,1.3742450759865574,4204,-130.66097108999998,346.27,0.0,-0.028163768136090648,-0.6014792201086523,15058944,0.01,0.0,0.0,0.0,-0.13022339877795916,-0.13851048392481474,-0.5,-0.448532841592563,0.0,0.0,-4.161963205053826e-08,-0.6817424660353856,-0.19033268661508046,-0.006883161337390053,0.0,-0.0450804618853403,-0.10650852562011887,0.013429481,19423,-19.870071983337404,0.15989990234375,0.2,1.000854253768921,0.9750822186470032,1.4091390371322632,0.00024986496,3.4133968472480776,-0.009370989957824349
0.0,34.41184,0.0,0.0,0.0,0.0,-0.36942226646174736,-0.1399938628484897,3585,-0.11687335730965508,0.0,818,0.0,0.65,0.05808214007946296,1.4001911758301144,4204,-127.41610071999997,331.19,0.0,-0.027443225568927795,-0.6223164935618072,15077376,0.01,0.0,0.0,0.0,-0.12487092580137081,-0.1377898406742361,-0.5,-0.4613669832076496,0.0,0.0,-4.085372048606891e-08,-0.6951355224997942,-0.19773829399006104,-0.001188882884771844,0.0,-0.04589575245174476,-0.10678404897055672,0.01511988,19427,-19.86995906829834,0.15413818359375,0.2,1.0008769035339355,0.9793460369110107,1.083586573600769,0.00024980352,3.000157105922699,-0.011726303130853922
0.0,34.42336,0.0,0.0,0.0,0.0,-0.3683402068653976,-0.1389759879701367,3590,-0.106366710554812,0.0,819,0.0,0.65,0.05940543854499189,1.4764279631928698,4204,-124.95834092,323.36,0.0,-0.027703735711489284,-0.6252344498885956,15095808,0.01,0.0,0.0,0.0,-0.127943208619159,-0.13779876099849617,-0.5,-0.43566733795501716,0.0,0.0,-4.101995818216829e-08,-0.6829957671463512,-0.19389592034082628,-0.0017982683101907526,0.0,-0.049414227548469275,-0.10666848804190059,0.017261898,19431,-19.867867183685302,0.17308349609375,0.2,1.000604271888733,0.9820758700370789,0.8685007691383362,0.00024974208,2.5432172775268556,-0.011755172861739993
4.882812370649642e-05,34.43488,0.0,0.0,0.0,0.0,-0.3728825436867122,-0.13803482794373334,3594,-0.11703485115275586,0.0,820,0.0,0.65,0.056326997791979055,1.4241157758899883,4204,-126.45739051999998,338.97,0.0,-0.027698326185461808,-0.6182343461523607,15114240,0.01,0.0,0.0,0.0,-0.12242960305149106,-0.14718893168134883,-0.5,-0.4825483033415924,0.0,0.0,-4.547117305942501e-08,-0.6895902185043313,-0.1948471815583043,-0.009693545277613779,0.0,-0.06404107702676104,-0.10657024457384984,0.0127392365,19435,-19.865464687347412,0.14305419921875,0.2,1.000359296798706,0.9791197776794434,1.0870938301086426,0.00024968064,3.0838875651359556,-0.008981639740522952
4.882812370649642e-05,34.4464,0.0,0.0,0.0,0.0,-0.37190955780516305,-0.13040014807851485,3598,-0.11065967230068768,0.0,821,0.0,0.65,0.059957968022485625,1.3630386259563059,4205,-128.75630740000003,348.03,0.0,-0.027755266623357398,-0.6150252554730877,15132672,0.01,0.0,0.0,0.0,-0.11927881424700505,-0.138870589068257,-0.5,-0.472994873619176,0.0,0.0,-4.176562879792021e-08,-0.6898668478414623,-0.19849993048019607,-0.002145217208340062,0.0,-0.047259959091510005,-0.10684671383461859,0.014420381,19439,-19.865570545196533,0.15185546875,0.2,1.0008416175842285,0.9803639054298401,0.9848262071609497,0.0002496192,2.8673927903175356,-0.010452063567936421
4.503031313005421e-05,34.45792,0.0,0.0,0.0,0.0,-0.360919918867602,-0.13291184330088346,3603,-0.11186901956681397,0.0,822,0.0,0.65,0.056621328684454825,1.449011901395937,4205,-126.82465431999998,338.39,0.0,-0.027884168714171504,-0.610278978951651,15151104,0.01,0.0,0.0,0.0,-0.11944563672717903,-0.13879596270314462,-0.5,-0.4592479035476937,0.0,0.0,-4.0755570300321315e-08,-0.6694304363303251,-0.20070707516346842,-0.004081898826152584,0.0,-0.06289511367665707,-0.10683163762435086,0.017742444,19443,-19.874926948547362,0.1663330078125,0.2,1.0018088817596436,0.9843850135803223,0.7722791433334351,0.00024955775999999997,2.3415590286254884,-0.012469367380253971
0.0,34.46944,0.0,0.0,0.0,0.0,-0.3741689407503115,-0.13244871258674584,3607,-0.11102739965141864,0.0,823,0.0,0.65,0.05648568205700171,1.3984173444088663,4205,-131.29569841,348.94,0.0,-0.027537839088896197,-0.6236720988937702,15169536,0.01,0.0,0.0,0.0,-0.1270051082045437,-0.1444083885245172,-0.5,-0.4738994007203887,0.0,0.0,-4.1006252573296976e-08,-0.6954814253150304,-0.1961347581710008,-0.0020275752340930386,0.0,-0.07318253101321817,-0.1065417325293698,0.018785242,19447,-19.876919174194335,0.1972412109375,0.2,1.0018744468688965,0.9774218797683716,1.0563507080078125,0.00024949632,3.081429088115692,-0.011484682862646877
0.0,34.480959999999996,0.0,0.0,0.0,0.0,-0.37765080019879577,-0.13087501736340068,3611,-0.11297708485726966,0.0,824,0.0,0.65,0.05583529037427107,1.4593945497570504,4205,-131.15862686,352.07,0.0,-0.027809840465886495,-0.6229332829761085,15187968,0.01,0.0,0.0,0.0,-0.11404021872182768,-0.14221867765084106,-0.5,-0.4664304657410081,0.0,0.0,-4.249279567853705e-08,-0.6886241408061897,-0.19675080706192397,-0.002686576586318642,0.0,-0.06619793690010232,-0.10662582287739854,0.0133607015,19451,-19.870862770080567,0.14375,0.2,1.0009931325912476,0.977043867111206,1.3927223682403564,0.00024943488,3.6506021499633787,-0.01011240070220083
0.00015190970346642038,34.49248,0.0,0.0,0.0,0.0,-0.3812466942804123,-0.1171348997429812,3616,-0.11197669826721847,0.0,825,0.0,0.65,0.060446118672101715,1.355895932045559,4205,-130.0448443,347.9,0.0,-0.027342400452486072,-0.6168383957510181,15206400,0.01,0.0,0.0,0.0,-0.12328663968847525,-0.1358107496131963,-0.5,-0.4789786784661061,0.0,0.0,-3.871342670337913e-08,-0.688378953390001,-0.20244390936532308,-0.001156255304352765,0.0,-0.05036759009817615,-0.10677740208094628,0.014706485,19455,-19.868590259552,0.14764404296875,0.2,1.0010223388671875,0.9809547066688538,0.8763924837112427,0.00024937344000000003,2.5947346687316895,-0.009075058868620544
0.00012261281113347245,34.504,0.0,0.0,0.0,0.0,-0.35869177603529134,-0.12054028540649044,3620,-0.10389094261861721,0.0,826,0.0,0.65,0.052613888278513966,1.1164919085083256,4205,-134.11538443999999,347.71,0.0,-0.02822712489852926,-0.5864034664838381,15224832,0.01,0.0,0.0,0.0,-0.12460446273325933,-0.14839982468625754,-0.5,-0.47964729586822025,0.0,0.0,-4.446459399640084e-08,-0.6666397294554625,-0.18922422018751486,-0.010417730724351211,0.0,-0.06356122252246779,-0.10641092407031066,0.0141334925,19459,-19.873141765594482,0.15831298828125,0.2,1.0016117095947266,0.9784550070762634,1.1110029220581055,0.000249312,3.3772499322891236,-0.010468469094485044
0.00014648437111948928,34.51552,0.0,0.0,0.0,0.0,-0.36479989937401197,-0.12382713187947313,3624,-0.11072455502370745,0.0,827,0.0,0.65,0.0549938559486377,1.1843280557789457,4205,-137.3360047,364.95,0.0,-0.028491780300254343,-0.5979969326481798,15243264,0.01,0.0,0.0,0.0,-0.12997610301637075,-0.15094953710890976,-0.5,-0.4768880603517537,0.0,0.0,-4.5598291358953305e-08,-0.6821119373572464,-0.20177775382642718,-0.025473776914164307,0.0,-0.06067506926612825,-0.10637241653989099,0.012400386,19463,-19.873346424102785,0.13243408203125,0.2,1.001233696937561,0.9822790026664734,1.2735384702682495,0.00024925056,3.3629390954971314,-0.008385108946822584
3.7977297324687243e-06,34.52704,0.0,0.0,0.0,0.0,-0.371914769062375,-0.12652516801308483,3628,-0.10461656620991526,0.0,828,0.0,0.65,0.056952618034934864,1.30655764563146,4205,-134.47728604999998,361.4,0.0,-0.02783011958906337,-0.6000437491652056,15261696,0.01,0.0,0.0,0.0,-0.11805418037134895,-0.14345263557864185,-0.5,-0.4904459752683203,0.0,0.0,-4.254956273907607e-08,-0.6887213165946451,-0.1940370301332511,-0.0016221836031516288,0.0,-0.05948229616236252,-0.1065553997349425,0.01473479,19467,-19.8715763092041,0.16025390625,0.2,1.0011157989501953,0.979383647441864,1.6342133283615112,0.00024918912,3.791661775112152,-0.009980846976395697
4.882812370649642e-05,34.538560000000004,0.0,0.0,0.0,0.0,-0.3848887626390953,-0.12365382940764238,3633,-0.10521470181812792,0.0,829,0.0,0.65,0.05397334509772269,1.3667094995892395,4205,-133.29517608,361.88,0.0,-0.027871115466777674,-0.6054456137929211,15280128,0.01,0.0,0.0,0.0,-0.11259617963561712,-0.14309090094318314,-0.5,-0.4764188123129849,0.0,0.0,-4.2395634004887625e-08,-0.6888959783217997,-0.19273379641316218,-0.013767603983942374,0.0,-0.07329414781512848,-0.10652140974782259,0.0130225,19471,-19.87065382003784,0.1367919921875,0.2,1.0008983612060547,0.9822111129760742,1.0965229272842407,0.00024912768,2.9444663643836977,-0.012829479051288218
2.604163213012119e-05,34.55008,0.0,0.0,0.0,0.0,-0.3685164704723525,-0.12920801583444508,3637,-0.10808201192894047,0.0,830,0.0,0.65,0.057701211322468575,1.403773416564029,4205,-131.46941060999998,355.98,0.0,-0.028148769553659872,-0.6171964996422017,15298560,0.01,0.0,0.0,0.0,-0.11906656957916138,-0.1429664921468133,-0.5,-0.4519665188271772,0.0,0.0,-4.32432052526445e-08,-0.679283787508168,-0.19724691316269025,-0.004323467463855164,0.0,-0.06290298220927878,-0.10650533755521235,0.016207246,19475,-19.864558029174805,0.15760498046875,0.2,1.0001871585845947,0.9842432737350464,0.8957870006561279,0.00024906624,2.6046311020851136,-0.011708600865676998
0.0,34.5616,0.0,0.0,0.0,0.0,-0.3733424280827465,-0.139248006071475,3641,-0.10627583088942154,0.0,831,0.0,0.65,0.0535314896608255,1.4683681593706004,4205,-128.00236029,347.41,0.0,-0.02788212329534902,-0.6197832347673491,15316992,0.01,0.0,0.0,0.0,-0.11260137916305994,-0.1389575356614396,-0.5,-0.47206138091973915,0.0,0.0,-4.2346073397169224e-08,-0.6961455948825421,-0.200180789173516,-0.001127331024478084,0.0,-0.06098186334323449,-0.10667703743772736,0.014644936,19479,-19.85963840484619,0.15555419921875,0.2,1.0001169443130493,0.9775761961936951,1.2563529014587402,0.0002490048,3.3903193831443788,-0.01068250616081059
0.0,34.57312,0.0,0.0,0.0,0.0,-0.3600375744366567,-0.12886727746208015,3646,-0.10557117615804862,0.0,832,0.0,0.65,0.057982303134464654,1.2560437000197018,4205,-130.5556682,351.12,0.0,-0.028344472263345483,-0.6036499074154427,15335424,0.01,0.0,0.0,0.0,-0.12534929620647836,-0.14162945008135794,-0.5,-0.4651828829555557,0.0,0.0,-4.077741747284328e-08,-0.6952975069522558,-0.19773030988332246,-0.004389910957774722,0.0,-0.06176921782510666,-0.10650459847302193,0.0129183065,19483,-19.863540267944337,0.1358642578125,0.2,1.0004147291183472,0.9797719717025757,0.9895297288894653,0.00024894336,2.780824160575867,-0.01031256045680493
4.448779832778705e-05,34.58464,0.0,0.0,0.0,0.0,-0.3737952201991895,-0.13300578557474196,3650,-0.1044545824952611,0.0,833,0.0,0.65,0.056632654433664706,1.4467420995274813,4205,-130.96439865999997,344.82,0.0,-0.027791152271781902,-0.6307987534816033,15353856,0.01,0.0,0.0,0.0,-0.11444938322031303,-0.14627149077985868,-0.5,-0.4505170667900533,0.0,0.0,-4.410534383498374e-08,-0.6944246188485618,-0.20603613856218572,-0.0017716790949517977,0.0,-0.05510730490398904,-0.10658915971296418,0.014170891,19487,-19.869942092895506,0.1470703125,0.2,1.001158356666565,0.9820641279220581,0.9925793409347534,0.00024888192,3.0504278779029845,-0.012210436677560211
0.0,34.59616,0.0,0.0,0.0,0.0,-0.37177338374721297,-0.1263844516482933,3654,-0.10282634227021695,0.0,834,0.0,0.65,0.05855171960921911,1.3138487496819553,4205,-130.63019741999997,345.42,0.0,-0.028316705163580178,-0.5989827335265083,15372288,0.01,0.0,0.0,0.0,-0.1285516055216922,-0.14649963017894818,-0.5,-0.4662376865520147,0.0,0.0,-4.500564925169776e-08,-0.6898521950759414,-0.19955654595902558,-0.003578588499156334,0.0,-0.05763321481127706,-0.10644710059844847,0.016110338,19491,-19.868337059020995,0.15975341796875,0.2,1.000518560409546,0.9788904786109924,1.1046767234802246,0.00024882048,3.2594848394393923,-0.01258673620177433
0.0,34.60768,0.0,0.0,0.0,0.0,-0.3596385794747597,-0.1297626008193164,3659,-0.10377623103544681,0.0,835,0.0,0.65,0.05411316965327536,1.3676394176163744,4205,-132.82365189,354.41,0.0,-0.028205803061770025,-0.5997490955517133,15390720,0.01,0.0,0.0,0.0,-0.11837834178203593,-0.14460309798000143,-0.5,-0.46976311622894457,0.0,0.0,-4.413603963985555e-08,-0.6880231876461086,-0.19619233938078914,-0.0066302968709304015,0.0,-0.06755819875979796,-0.10656189826546365,0.013269137,19495,-19.867158508300783,0.15526123046875,0.2,1.000847578048706,0.9796532988548279,1.3209736347198486,0.00024875904,3.437142288684845,-0.009427459840662778
0.0,34.6192,0.0,0.0,0.0,0.0,-0.3602225504286006,-0.11355606032839488,3663,-0.10658410725503314,0.0,836,0.0,0.65,0.05654580709056467,1.1605114206756568,4205,-135.39810640000002,366.04,0.0,-0.028567160810315476,-0.5838306402194288,15409152,0.01,0.0,0.0,0.0,-0.12497757689550862,-0.14949133424223515,-0.5,-0.4761756253536876,0.0,0.0,-4.3153942386085934e-08,-0.6823429044343634,-0.19869741459415546,-0.012856470329256292,0.0,-0.060904426833278395,-0.10657769430927586,0.0141028,19499,-19.86936511993408,0.13277587890625,0.2,1.0010244846343994,0.9790383577346802,1.3015297651290894,0.00024869759999999997,3.588417720794678,-0.011218291416298598
0.0,34.63072,0.0,0.0,0.0,0.0,-0.37586853607110027,-0.13216063211405313,3667,-0.1021301959980916,0.0,837,0.0,0.65,0.05732266211729704,1.4157148016544734,4206,-133.3807779,350.42,0.0,-0.028436165382893477,-0.6413918197224177,15427584,0.01,0.0,0.0,0.0,-0.12897489141552096,-0.13816235407221283,-0.5,-0.46206862716114216,0.0,0.0,-4.4659012004239863e-08,-0.6894094247428416,-0.2024251334522191,-0.01326532715916511,0.0,-0.055404474203694716,-0.10629970739797504,0.0146471085,19503,-19.867512226104736,0.14954833984375,0.2,1.0007773637771606,0.9848689436912537,0.9026160836219788,0.00024863616,2.7022470474243163,-0.011944069701712579
4.882812370649642e-05,34.64224,0.0,0.0,0.0,0.0,-0.3554858839789633,-0.12585103539573408,3672,-0.10326131147000345,0.0,838,0.0,0.65,0.06380964255183746,1.4176134197063404,4206,-127.09362970000002,326.19,0.0,-0.027825862258703354,-0.6089831777815502,15446016,0.01,0.0,0.0,0.0,-0.12581121067819342,-0.14322098765929603,-0.5,-0.4624151309036939,0.0,0.0,-4.476696602075837e-08,-0.6858678424460741,-0.199095018321682,-0.0018083282320684204,0.0,-0.05824383764411323,-0.10682566092959694,0.014047071,19507,-19.868317985534667,0.155810546875,0.2,1.0009899139404297,0.9814154505729675,1.300330400466919,0.00024857472,3.10992431640625,-0.009875567292328923
4.882812370649642e-05,34.65376,0.0,0.0,0.0,0.0,-0.35290126153645623,-0.12162128178905822,3676,-0.10194765248879861,0.0,839,0.0,0.65,0.05458283635460494,1.17603472851808,4206,-130.74138583,341.05,0.0,-0.02850949452453748,-0.596981778226302,15464448,0.01,0.0,0.0,0.0,-0.12817064121791158,-0.14041382706706096,-0.5,-0.4765989588949563,0.0,0.0,-4.579627731779404e-08,-0.6780694964230771,-0.1990675554809864,-0.00434938343888548,0.0,-0.06253188073363465,-0.10662040211117317,0.013676311,19511,-19.869238662719727,0.14373779296875,0.2,1.0011944770812988,0.9757865071296692,1.5593767166137695,0.00024851328000000003,3.7169324278831484,-0.010500410932581871
0.0,34.665279999999996,0.0,0.0,0.0,0.0,-0.3647378748226864,-0.13587379195782226,3681,-0.10361318752354713,0.0,840,0.0,0.65,0.05756082862837142,1.4141003097609601,4206,-131.76300596999997,345.02,0.0,-0.027973883603677457,-0.6198783357314558,15482880,0.01,0.0,0.0,0.0,-0.13031090455415278,-0.13727853656826505,-0.5,-0.46512248624183905,0.0,0.0,-4.3944960819108655e-08,-0.6950243462817173,-0.20514545976102572,-0.003439378080631895,0.0,-0.05778513320385375,-0.10674589529106795,0.012362084,19515,-19.867068576812745,0.117529296875,0.2,1.00079345703125,0.9804798364639282,1.4548838138580322,0.00024845184,3.7408539175987245,-0.011552961671259254
2.7126700539762776e-05,34.6768,0.0,0.0,0.0,0.0,-0.3519882956581014,-0.13090573068287265,3686,-0.10579554009823379,0.0,841,0.0,0.65,0.06426430484733127,1.424380824321171,4204,-125.05771043,325.49,0.0,-0.02789467724863498,-0.6218020497071757,15501312,0.01,0.0,0.0,0.0,-0.1271717160340285,-0.14405088423861281,-0.5,-0.4448747776357136,0.0,0.0,-4.41132385590904e-08,-0.6718546214584928,-0.19790080379057037,-0.007766375813077365,0.0,-0.03721955388027709,-0.1067489013285754,0.013884721,19519,-19.86142635345459,0.1427734375,0.2,1.0001020431518555,0.98070228099823,0.9427525401115417,0.0002483904,3.1154712200164796,-0.01340130940079689
0.0,34.688320000000004,0.0,0.0,0.0,0.0,-0.35026558682402353,-0.1325572499543312,3691,-0.10263011552067741,0.0,842,0.0,0.65,0.059598006878306395,1.4087683817563568,4204,-126.01392183,329.82,0.0,-0.027501535109574884,-0.5968633225011951,15519744,0.01,0.0,0.0,0.0,-0.13100348889218633,-0.14711612208301644,-0.5,-0.47761778451794,0.0,0.0,-4.378075209946902e-08,-0.6648760546851548,-0.1891469038491655,-0.0024152060019064932,0.0,-0.06474583895437212,-0.10666195932757057,0.015504835,19523,-19.859939575195312,0.15460205078125,0.2,1.0000113248825073,0.9772741198539734,1.5745800733566284,0.00024832896,3.80747127532959,-0.012039792898576707
4.882812370649642e-05,34.69984,0.0,0.0,0.0,0.0,-0.3687154187770543,-0.1319505498137198,3695,-0.1045658293730732,0.0,843,0.0,0.65,0.05901059803091577,1.4940802017056483,4204,-127.13730928999999,334.19,0.0,-0.02709469138768273,-0.6060910714161546,15538176,0.01,0.0,0.0,0.0,-0.12232733643765949,-0.13434446232840633,-0.5,-0.47537115121659973,0.0,0.0,-4.3237026881104246e-08,-0.6776974309470682,-0.19904866210697184,-0.001964286089813897,0.0,-0.05542631362914108,-0.10661689110118802,0.015323261,19527,-19.863352394104005,0.14136962890625,0.2,1.000538945198059,0.9783746600151062,1.1566370725631714,0.00024826752,3.4655186891555787,-0.012249126611277462
