time/fps,rollout/ep_len_mean,time/iterations,curriculum/ctrl_drop_prob,time/time_elapsed,reward_terms/stop,reward_terms/foot_ahead,rollout/ep_rew_mean,ankle/ankle_defl_peak,curriculum/ctrl_jitter_ms,reward_terms/assist_pen,ankle/ankle_spring_energy_peak,reward_terms/coef_rate,reward_terms/overrun,curriculum/sprint_dist_m,reward_terms/residual,reward_terms/height,curriculum/ent_coef,reward_terms/stance,reward_terms/vz,reward_terms/action_rate,reward_terms/clearance,curriculum/stance_ratio,reward_terms/stance_time,ankle/ankle_spring_trq_peak,reward_terms/foot_slip,time/total_timesteps,reward_terms/duty_sym,reward_terms/alive,reward_terms/air_time,reward_terms/ang_xy,reward_terms/energy,reward_terms/torque,reward_terms/step_rate,reward_terms/lat_vel,reward_terms/phase_contact,reward_terms/angmom,reward_terms/hip_roll,curriculum/eff_scale,reward_terms/upright,reward_terms/motor_vel,reward_terms/fwd_speed,reward_terms/residual_rate,reward_terms/time,train/clip_fraction,train/loss,train/std,train/n_updates,train/learning_rate,train/policy_gradient_loss,train/explained_variance,train/value_loss,train/approx_kl,train/clip_range,train/entropy_loss
2164,182.23,1,0.0,8,0.0,0.0,-119.11715473,0.7968756457224062,0.0,0.0,19.442688050526453,-0.4680012416737558,0.0,61.2496375,-0.10498584387129581,-0.010145190839216812,0.01,-2.130269206533434e-07,-0.12310286218494726,-0.053988440114476205,0.03563470957119348,0.5944172225000001,-0.01676941262040701,32.990651732907615,-0.38816889539141736,58017852,0.0,0.0,7.161435334839755e-05,-0.24774677511097767,-0.014851887337457117,-0.14838314719119944,-0.00955946180555548,-4.7250619620751846e-08,-0.48879444061630944,-0.08217197607927648,-0.06336848370887005,0.24166425,-0.20867192224072045,-0.0023348588767755007,1.0268505089443662,0.0,-0.5,,,,,,,,,,,
2549,211.27,2,0.0,14,0.0,0.0,-118.25338923999999,0.7278978190827194,0.0,0.0,14.712103790169158,-0.40602895784158327,0.0,61.2611575,-0.10677379029212516,-0.011751065341945387,0.01,-4.007143385083578e-05,-0.1289842867958259,-0.048474868802886165,0.03235862199719161,0.5943995585,-0.022228243060655788,30.134969710024585,-0.36971255642630396,58036284,0.0,0.0,1.7903541447594762e-05,-0.23522449329707168,-0.014228151116039749,-0.14468942718984268,-0.009624565972222141,-4.378476769638297e-08,-0.49829267438264246,-0.0930053651356973,-0.05483220501070786,0.24174105,-0.23266163150378658,-0.002265227165616326,1.27867454313147,0.0,-0.5,0.1888427734375,0.5836814641952515,1.0020081996917725,12577,0.00027099107399999997,-0.016005341568961738,0.9455585479736328,2.718620091676712,0.018097173,0.2,-34.07693939208984
2918,225.18,3,0.0,18,0.0,0.0,-120.09143146000001,0.7217283366738538,0.0,0.0,13.219992340338658,-0.406537616665401,0.0,61.2726775,-0.10658844645554505,-0.011120646284196773,0.01,-0.00011285007613441078,-0.12858965543191989,-0.04949331230666266,0.03288524618231052,0.5943818945,-0.02020934224775475,29.87955313829755,-0.3591332073880637,58054716,0.0,0.0,2.3328815586864948e-05,-0.23798683221591663,-0.01426804480595338,-0.14647782612768367,-0.009418402777777708,-4.305609339981328e-08,-0.4915599635543406,-0.09115082974855866,-0.05704537018626569,0.24181785,-0.23065428842228622,-0.00226837629285766,1.2519164244878904,0.0,-0.5,0.21217041015625,0.41965728998184204,1.0024322271347046,12581,0.000270981858,-0.009194734366610646,0.978177547454834,1.142429918050766,0.02382927,0.2,-34.08127059936523
3140,223.8,4,0.0,23,0.0,0.0,-119.09986933,0.7630649254273014,0.0,0.0,17.528564162211286,-0.41125267443600544,0.0,61.2841975,-0.10672382740245878,-0.011088366544651987,0.01,-2.404398751871315e-05,-0.13177214300894305,-0.04826756054992902,0.03331783564725531,0.5943642305,-0.02042866024324515,31.590887912690278,-0.370827257235641,58073148,0.0,0.0,2.4956398798773687e-05,-0.2378425154047791,-0.014453375192377752,-0.14565767919023165,-0.009592013888888808,-4.415467764658341e-08,-0.4911308733240516,-0.09136839640376815,-0.05757187340677558,0.24189465,-0.2282712831609356,-0.0022956981896563927,1.286394587264149,0.0,-0.5,0.20899658203125,-0.1934145838022232,1.0022618770599365,12585,0.000270972642,-0.011168168793665246,0.9774279594421387,0.9186080902814865,0.02346625,0.2,-34.079674339294435
3287,231.69,5,0.0,28,0.0,0.0,-119.69846812999998,0.7481576570060047,0.0,0.0,17.25673099391001,-0.4090568018838832,0.0,61.2957175,-0.10692698710887144,-0.011497945910685694,0.01,-1.2915449112044745e-05,-0.13356637558767162,-0.04788413879985952,0.032914150920126735,0.5943465665000001,-0.019784944186944306,30.97372700004859,-0.362491040784698,58091580,0.0,0.0,2.604146720841527e-05,-0.2393613962527094,-0.014483423292881452,-0.14592207150925451,-0.009494357638888814,-4.351716632936265e-08,-0.4898421084112415,-0.09361661324912957,-0.05615679408523987,0.24197145,-0.23220580752085532,-0.0022832487767802958,1.2785301568699028,0.0,-0.5,0.29136962890625,0.20767271518707275,1.0023912191390991,12589,0.000270963426,-0.00891721125226468,0.9794484972953796,1.0358858674764633,0.03968128,0.2,-34.08187007904053
3390,218.96,6,0.0,32,0.0,0.0,-119.09886779000003,0.7646129414020091,0.0,0.0,16.966579329331065,-0.4061576256069041,0.0,61.3072375,-0.10669008253728023,-0.011241966398011095,0.01,-2.7929744568663502e-05,-0.12895017204116266,-0.0489615514913588,0.03319707597342971,0.5943289025,-0.019518153164729785,31.654975774043177,-0.37839332207915705,58110012,0.0,0.0,1.2478179996833205e-05,-0.23726445389905232,-0.014415056530241702,-0.14606684306070394,-0.009570312499999921,-4.5512257248077464e-08,-0.4932231404795629,-0.09314779304917832,-0.057335179830799415,0.24204825,-0.22989006572455084,-0.002297536934987869,1.2773711736702535,0.0,-0.5,0.26317138671875,0.21494174003601074,1.0023823976516724,12593,0.00027095421,-0.011831747042015195,0.984089732170105,0.7637413263320922,0.028941741,0.2,-34.08022689819336
3473,229.49,7,0.0,37,0.0,0.0,-119.91567995000003,0.772008567841282,0.0,0.0,17.74297154184587,-0.40603541063095594,0.0,61.318757500000004,-0.10683784182408472,-0.011343752956310321,0.01,-8.367258789465988e-05,-0.13322066854143935,-0.04803082907723438,0.032529960748898364,0.5943112385,-0.020270104046277184,31.961154708629074,-0.3682523724018459,58128444,0.0,0.0,1.356324840647479e-05,-0.23721982660547467,-0.014452029279310484,-0.1449373742379335,-0.009505208333333258,-4.457214157194087e-08,-0.4836265969714549,-0.09431372898611462,-0.05854438340767714,0.24212505,-0.22775956936107333,-0.0022825159881007255,1.291029927843178,0.0,-0.5,0.255224609375,0.141539067029953,1.0029842853546143,12597,0.000270944994,-0.01152790868654847,0.9773603677749634,1.0825773268938064,0.028467601,0.2,-34.087458801269534
3537,223.76,8,0.0,41,0.0,0.0,-119.5279384,0.7374500374275939,0.0,0.0,15.400530662552388,-0.4107334353100398,0.0,61.3302775,-0.10690086505956403,-0.011789543061829603,0.01,-7.40907248906632e-05,-0.13948850980155783,-0.049097348472646234,0.03432283034692941,0.5942935745,-0.019885719535523094,30.530431549502385,-0.36557966658581187,58146876,0.0,0.0,5.208307023470601e-05,-0.24080798391935965,-0.014495423782681562,-0.1444687907674445,-0.009353298611111041,-4.538024149689855e-08,-0.4921087575656822,-0.0921155602600527,-0.060048079044839914,0.24220185,-0.22872627697492265,-0.0023069888796749564,1.2672780513625868,0.0,-0.5,0.27620849609375,0.022707819938659668,1.0026652812957764,12601,0.00027093577799999996,-0.011549904360435903,0.9771862626075745,1.097582969069481,0.0370375,0.2,-34.08577613830566
3593,208.92,9,0.0,46,0.0,0.0,-118.22568739,0.7199730817698127,0.0,0.0,12.742571417654203,-0.4086444150291552,0.0,61.3417975,-0.10670118201549444,-0.011347482282955665,0.01,-8.881646108992171e-05,-0.13250615683876743,-0.048615168883825076,0.03411931854930887,0.5942759105000001,-0.02128437172117022,29.806885585270244,-0.3693628710656633,58165308,0.0,0.0,2.4956427902604144e-05,-0.2324445353033451,-0.014342727423077862,-0.14450361270133324,-0.009711371527777693,-4.61441248112346e-08,-0.49009938433801664,-0.09016120044938006,-0.06017326107460181,0.24227865,-0.21962808387933752,-0.002276528579972866,1.25986345315438,0.0,-0.5,0.25513916015625,-0.05149528384208679,1.0023587942123413,12605,0.000270926562,-0.010795407625846565,0.9832136034965515,0.8456851154565811,0.026165089,0.2,-34.081251335144046
3637,216.22,10,0.0,50,0.0,0.0,-118.60623342000001,0.7168233070682415,0.0,0.0,14.004900190975883,-0.39930054811331,0.0,61.3533175,-0.10686787269035622,-0.011689681512648355,0.01,-2.177807242230671e-05,-0.13685929560187604,-0.04886227435089236,0.03347289069743307,0.5942582465,-0.019155469110248506,29.676484912625195,-0.3694946498311622,58183740,0.0,0.0,2.278626197949052e-05,-0.23425795964168994,-0.014249740953018203,-0.1451176445370407,-0.009233940972222162,-4.2207665479319956e-08,-0.4907378486527947,-0.09012702699054331,-0.05825971942526061,0.24235545,-0.22838257122202388,-0.00226913160926538,1.274531575061748,0.0,-0.5,0.240478515625,0.21177786588668823,1.0022977590560913,12609,0.000270917346,-0.008865538542158902,0.9785036444664001,0.971373587846756,0.023562893,0.2,-34.081057929992674
3675,215.4,11,0.0,55,0.0,0.0,-119.00528477,0.8259707535728051,0.0,0.0,20.49797860729719,-0.41031996291152706,0.0,61.3648375,-0.10665893741239975,-0.011459194618969217,0.01,-7.443879021596251e-05,-0.13503641992455168,-0.04953612654129463,0.033550408202489085,0.5942405825,-0.01949401143388564,34.19518919791413,-0.3563743553332227,58202172,0.0,0.0,4.34025035550197e-05,-0.23508409075422973,-0.014458671542326813,-0.14537217044020262,-0.00945095486111104,-4.518453020507518e-08,-0.4865354946297919,-0.09154287337025295,-0.0587159078959146,0.24243225,-0.22287461961168895,-0.002298154115763005,1.2615318335979926,0.0,-0.5,0.21561279296875,-0.2014133632183075,1.002188801765442,12613,0.00027090813,-0.013352149433922022,0.9890720844268799,0.4904553979635239,0.026252681,0.2,-34.07897129058838
3705,210.54,12,0.0,59,0.0,0.0,-117.90533341999998,0.763701506776177,0.0,0.0,16.0165405680358,-0.40926170791759475,0.0,61.3763575,-0.10658468156894504,-0.011747015901872156,0.01,-1.2486607013922609e-05,-0.13448554331764428,-0.04844424386146565,0.033759857984571796,0.5942229185,-0.021584663588631276,31.617242380533725,-0.37443526657938553,58220604,0.0,0.0,2.007365886432429e-05,-0.23638033481856707,-0.014480826615959933,-0.14206390812711617,-0.009418402777777708,-4.427242673089551e-08,-0.49513208723384733,-0.09178160362393734,-0.05649331068168468,0.24250905,-0.22464315497162288,-0.0023071519590299396,1.27323329246171,0.0,-0.5,0.30985107421875,-0.15176449716091156,1.0028431415557861,12617,0.000270898914,-0.011083666665945202,0.9820625185966492,0.8606414839625358,0.03110302,0.2,-34.08437633514404
3732,226.5,13,0.0,64,0.0,0.0,-119.59499992,0.8687156077737823,0.0,0.0,16.132464332058984,-0.40513582986135954,0.0,61.3878775,-0.106744021667434,-0.011712865295351222,0.01,-4.44658542648882e-05,-0.1323864718147078,-0.04836718592329171,0.033178700883518236,0.5942052545000001,-0.02110601292062913,35.96482616183459,-0.37036966402516647,58239036,0.0,0.0,3.146679955534637e-05,-0.23268802962149893,-0.014288363037925942,-0.14413708252729693,-0.009016927083333286,-4.2482439973762e-08,-0.49101489312059265,-0.09153335766958832,-0.05937441353797933,0.24258585,-0.2250615656076669,-0.0022923640323116177,1.2708896371394809,0.0,-0.5,0.2561767578125,-0.25313401222229004,1.002403736114502,12621,0.000270889698,-0.01244507806841284,0.9903883337974548,0.4360223993659019,0.028365236,0.2,-34.08239917755127
3757,230.13,14,0.0,68,0.0,0.0,-119.71337772000003,0.8664034142827084,0.0,0.0,17.4336109862841,-0.40036094646575004,0.0,61.3993975,-0.10712066940530551,-0.011430959719274594,0.01,-6.149618212296955e-05,-0.13396703896651402,-0.048139657166661444,0.03290221523915741,0.5941875905,-0.01946132179162103,35.869101351304124,-0.3647944763299059,58257468,0.0,0.0,4.285999845402936e-05,-0.23013794782406427,-0.014221363980095995,-0.14292634773891785,-0.00937499999999993,-4.268985239828331e-08,-0.490780140863434,-0.09339898760276916,-0.0599019094168722,0.24266265,-0.2292605120503259,-0.002257326225439861,1.2883814325559932,0.0,-0.5,0.251025390625,-0.1499103605747223,1.0026705265045166,12625,0.000270880482,-0.011905373045010492,0.9881237149238586,0.5473612904548645,0.026681721,0.2,-34.08391208648682
3778,226.7,15,0.0,73,0.0,0.0,-119.69002633000002,0.6844324889702147,0.0,0.0,12.754838605535827,-0.40065995043444097,0.0,61.4109175,-0.10685722902224887,-0.011456741986638354,0.01,-0.00010102935398151077,-0.13294593557998466,-0.0478040966972825,0.03286743875364032,0.5941699265,-0.024389833947578963,28.335505043366886,-0.34494844206197417,58275900,0.0,0.0,3.743461760071417e-05,-0.23155145947333539,-0.014284142206765318,-0.14429261211699024,-0.008930121527777736,-4.2108017811124896e-08,-0.49417333144694847,-0.0945440197602682,-0.06013919904835947,0.24273945,-0.22684853295247237,-0.0022627260223362926,1.2855047951894352,0.0,-0.5,0.2444091796875,0.03716972470283508,1.003195881843567,12629,0.00027087126599999997,-0.011507013393566013,0.9908066987991333,0.4716836951673031,0.024820978,0.2,-34.0905481338501
3797,222.76,16,0.0,77,0.0,0.0,-119.41610683,0.7338884830878216,0.0,0.0,15.536948457340252,-0.40645923038359666,0.0,61.4224375,-0.10708297111274795,-0.011021382444977778,0.01,-0.0002580368600987908,-0.13095777875558928,-0.048412974904677754,0.03285997246010487,0.5941522625,-0.023092092199173447,30.382983199835813,-0.34948891837825197,58294332,0.0,0.0,3.5264529287815094e-05,-0.2305208321693978,-0.014260782044302653,-0.14592733233473795,-0.009190538194444384,-4.1817502049109876e-08,-0.4943840869246647,-0.09368571324835091,-0.06165212322121835,0.24281625,-0.2240183931768763,-0.0022549841799700317,1.2632816465708283,0.0,-0.5,0.26285400390625,0.4725179970264435,1.002666711807251,12633,0.00027086205,-0.010311855608597398,0.9858745336532593,0.6751629516482354,0.029299844,0.2,-34.08566780090332
3812,225.56,17,0.0,82,0.0,0.0,-120.08540043999997,0.7873811107705073,0.0,0.0,18.557022465892885,-0.411846335521312,0.0,61.4339575,-0.10690090904152814,-0.011631351293887475,0.01,-9.404009501700372e-05,-0.1353098345443215,-0.048635432854162365,0.0348227619971611,0.5941345985,-0.021013104586422235,32.597577985899,-0.35889909280190196,58312764,0.0,0.0,3.092429445435604e-05,-0.23259644520201306,-0.014438532357944213,-0.1448914048205788,-0.009602864583333252,-4.2626874960745765e-08,-0.49784892683926585,-0.0924964455313386,-0.05819588214525927,0.24289305,-0.21948053115625873,-0.0022935591157376253,1.257702119040565,0.0,-0.5,0.2464599609375,-0.13433879613876343,1.0025644302368164,12637,0.000270852834,-0.014092977510881611,0.9904457926750183,0.48218331187963487,0.027151067,0.2,-34.08357124328613
3827,231.03,18,0.0,86,0.0,0.0,-119.88967174000001,0.7093478331209491,0.0,0.0,13.019689568214568,-0.3998192128019893,0.0,61.445477499999996,-0.10712269646858251,-0.01192485143445004,0.01,-0.00029608099206412545,-0.13617918974020526,-0.04802874472900434,0.034200123022684055,0.5941169345,-0.019662331259395514,29.36700029120729,-0.3602034819523719,58331196,0.0,0.0,3.960476412127415e-05,-0.23252500525452044,-0.014414161871292587,-0.1472352328600119,-0.009364149305555488,-4.4449795643685246e-08,-0.491487525207688,-0.09279425426183274,-0.061500777288002025,0.24296985,-0.22569243530093852,-0.0022625934765056455,1.2692393874712926,0.0,-0.5,0.25587158203125,0.16707277297973633,1.002179503440857,12641,0.000270843618,-0.009502367791719734,0.9772243499755859,1.0005769729614258,0.024733257,0.2,-34.080593490600585
3840,208.12,19,0.0,91,0.0,0.0,-117.64983980000001,0.7046300977683524,0.0,0.0,14.03730963917296,-0.4021708630003881,0.0,61.4569975,-0.10687157138757244,-0.011454714316819655,0.01,-0.00013983820464993048,-0.1316125072859388,-0.048530022367972596,0.03320061453655934,0.5940992705,-0.021139649923295818,29.17168604760979,-0.3646612702141992,58349628,0.0,0.0,3.472203388810158e-05,-0.23218902468243222,-0.014482413926997138,-0.14649760379785703,-0.009233940972222162,-4.31494673968439e-08,-0.49159962576157096,-0.09381809974939691,-0.05866771503300659,0.24304665,-0.22440669994852266,-0.0022855404228395372,1.2766269851731873,0.0,-0.5,0.2395263671875,-0.06309279799461365,1.002601146697998,12645,0.000270834402,-0.011981718335300684,0.9904170036315918,0.445618724822998,0.0277449,0.2,-34.081842041015626
3852,221.49,20,0.0,95,0.0,0.0,-119.56993633999998,0.7245807545127196,0.0,0.0,13.617840610519691,-0.40460226906596186,0.0,61.4685175,-0.10686491640926649,-0.0112725984410612,0.01,-5.786665473202998e-05,-0.13071277876214987,-0.048813640915835274,0.03412982334226823,0.5940816065,-0.02128315088500838,29.99764323682659,-0.36436500482523065,58368060,0.0,0.0,3.146681895790001e-05,-0.22976240008934834,-0.01455220264421125,-0.1467566180989925,-0.009440104166666597,-4.3767539092566845e-08,-0.4931971367399416,-0.09204011634777706,-0.05670996006992173,0.24312345,-0.2241249949452238,-0.002272149953086026,1.2593172192430593,0.0,-0.5,0.247412109375,-0.1702883392572403,1.0033936500549316,12649,0.000270825186,-0.0106622792663984,0.9875934720039368,0.6509948208928108,0.024525259,0.2,-34.092966842651364
3864,206.64,21,0.0,100,0.0,0.0,-117.71654005000002,0.7459435114497159,0.0,0.0,13.486847690411768,-0.40052340579281037,0.0,61.4800375,-0.10706792021013946,-0.011470713243070762,0.01,-0.0001609530191079582,-0.13100841679530462,-0.047186851626014145,0.033048614651265705,0.5940639425,-0.02085956717524419,30.88206137401824,-0.34289886520361335,58386492,0.0,0.0,2.9839177538330357e-05,-0.23589898009986154,-0.014450136816259476,-0.14372067891260654,-0.00941840277777771,-4.3860492950020654e-08,-0.49175485870279534,-0.09281878033884891,-0.05795706032215875,0.24320025,-0.22215176134714143,-0.0023049320519977273,1.2676669399989544,0.0,-0.5,0.30992431640625,0.02263602614402771,1.0022341012954712,12653,0.00027081596999999996,-0.008481721894349903,0.9743961691856384,1.2306725054979324,0.028934961,0.2,-34.08320770263672
3873,212.89,22,0.0,104,0.0,0.0,-118.50360745000002,0.7611612496154692,0.0,0.0,17.01071949449701,-0.40493567141578074,0.0,61.4915575,-0.10691631563875043,-0.011652497028411406,0.01,-4.9516771205546986e-05,-0.1329361518656063,-0.04838394722473602,0.03310113322041853,0.5940462785,-0.02025884793450435,31.512075734080423,-0.3582666168599085,58404924,0.0,0.0,2.658401111451288e-05,-0.23641199641337435,-0.014508472880145895,-0.14351215528737005,-0.00976562499999991,-4.336762190459661e-08,-0.49907502175227325,-0.09329389875183794,-0.05838093364007614,0.24327705,-0.22191974000133813,-0.0023219854677957296,1.2472299019733806,0.0,-0.5,0.2566162109375,0.20191335678100586,1.0029704570770264,12657,0.000270806754,-0.008920202846638858,0.981323778629303,0.9585467845201492,0.027445232,0.2,-34.08455276489258
3882,227.63,23,0.0,109,0.0,0.0,-120.05179567999998,0.7126455699643401,0.0,0.0,15.25324537351058,-0.398336027931426,0.0,61.5030775,-0.10722302728151166,-0.011768848941648742,0.01,-4.799890432677018e-05,-0.131884559231345,-0.048309695627325434,0.03273895413678634,0.5940286145,-0.022173854359102227,29.50352659652368,-0.3487012423212301,58423356,0.0,0.0,3.3636936374629535e-05,-0.23832783674374408,-0.014425254950838387,-0.1420749377315975,-0.009700520833333247,-4.315567586545547e-08,-0.49956539399376165,-0.09317164066994356,-0.05445161671546651,0.24335385,-0.22272756081048645,-0.0023102427944929425,1.2603892138117418,0.0,-0.5,0.23216552734375,0.2812885344028473,1.003037691116333,12661,0.000270797538,-0.009732065553544089,0.9786162376403809,0.9855532437562943,0.02216579,0.2,-34.090770149230956
3890,217.0,24,0.0,113,0.0,0.0,-118.94278688,0.7212307557699851,0.0,0.0,13.13090811092628,-0.39794129226096314,0.0,61.5145975,-0.107083109385787,-0.011688370821575957,0.01,-3.855008207955841e-05,-0.13384535756183433,-0.04816462228197259,0.03468134113040643,0.5940109505,-0.021883462814407215,29.85895328887738,-0.3491002825567914,58441788,0.0,0.0,3.09242750518024e-05,-0.23255778816447745,-0.01440011972019115,-0.1427595523659354,-0.009624565972222141,-4.297594694558131e-08,-0.4972032308177243,-0.09218943956123049,-0.055783388650742456,0.24343065,-0.22416386561465362,-0.0022978651392312555,1.274277078941152,0.0,-0.5,0.230322265625,-0.21443472802639008,1.0027097463607788,12665,0.000270788322,-0.011939694453030825,0.9854567646980286,0.6821199208498001,0.026838288,0.2,-34.08579654693604
3898,225.78,25,0.0,118,0.0,0.0,-119.59076293,0.761602543153336,0.0,0.0,17.79832561024697,-0.3971331415216928,0.0,61.5261175,-0.10716789005227803,-0.012117801317098909,0.01,-4.433161280334782e-06,-0.13432448596012375,-0.04868152909090289,0.03282454626648218,0.5939932865,-0.021666857108357362,31.53034528654811,-0.34652910423877636,58460220,0.0,0.0,3.7434695210928716e-05,-0.2328364479231943,-0.014286018769153554,-0.1407671112589003,-0.009548611111111032,-4.541763747551697e-08,-0.4951414423241277,-0.09088728138682897,-0.052258719637670176,0.24350745,-0.22171592026276984,-0.0022817088474602508,1.2604517629204062,0.0,-0.5,0.288720703125,0.20281994342803955,1.0021742582321167,12669,0.000270779106,-0.006572545366361737,0.9697849750518799,1.4603433400392531,0.03328783,0.2,-34.08034420013428
3906,230.05,26,0.0,122,0.0,0.0,-119.85592584999999,0.7237964769438836,0.0,0.0,13.677341446924027,-0.39902709852295715,0.0,61.5376375,-0.10723777750622604,-0.012219872530396008,0.01,-4.185953348448231e-05,-0.1376939968808423,-0.04833682337446125,0.03371187927334974,0.5939756225,-0.02053377566496945,29.96517414547678,-0.3658228335922709,58478652,0.0,0.0,3.4179489982003965e-05,-0.23844584913431652,-0.014482573477218506,-0.14035907968760863,-0.009418402777777706,-4.357665029924174e-08,-0.4935582263773941,-0.0903257302849535,-0.056557324571500374,0.24358425,-0.22220113992101986,-0.0023378939512549335,1.2705943326104454,0.0,-0.5,0.17789306640625,-0.12178707122802734,1.001750111579895,12673,0.00027076989,-0.013391442201100289,0.9875462651252747,0.5460134625434876,0.019860713,0.2,-34.073693656921385
3912,217.2,27,0.0,127,0.0,0.0,-118.68240635999999,0.7840068516804872,0.0,0.0,17.942926677225685,-0.3917338028552668,0.0,61.5491575,-0.10703569298319798,-0.011915092799209147,0.01,-2.4490413657915665e-05,-0.13207791183373713,-0.04783845306711011,0.0339690171643116,0.5939579585,-0.021974609763775434,32.45788365957217,-0.3539514435372368,58497084,0.0,0.0,2.9296730645000935e-05,-0.2337302975304342,-0.014435452613559071,-0.14167375245107494,-0.009407552083333263,-4.5142921010271254e-08,-0.4891110858353484,-0.09158343083699816,-0.05479024147049721,0.24366105,-0.22368628133139318,-0.0023059674717244524,1.272868872668044,0.0,-0.5,0.264404296875,0.0728861391544342,1.0029926300048828,12677,0.000270760674,-0.012376058148220181,0.9904840588569641,0.4535717785358429,0.030069787,0.2,-34.08533916473389
3866,211.6,28,0.0,133,0.0,0.0,-118.32918491999999,0.7795326844858845,0.0,0.0,15.033781442047452,-0.39967893533345683,0.0,61.560677500000004,-0.10700207822243929,-0.012074291749942253,0.01,-6.768322476872762e-05,-0.13835995249160052,-0.048495664598643046,0.034307302058005626,0.5939402945,-0.021140328561563768,32.272653137715615,-0.3447224900240655,58515516,0.0,0.0,4.611520368295411e-05,-0.23504498505912375,-0.014286322212301812,-0.14161537503321148,-0.009461805555555482,-4.341240623973653e-08,-0.49267640276549785,-0.09097706131269707,-0.0571972198288582,0.24373785,-0.2241792340638271,-0.002303576076185875,1.2704547827616326,0.0,-0.5,0.2666259765625,-0.10553202033042908,1.0032856464385986,12681,0.00027075145799999997,-0.013064353982917965,0.9893741011619568,0.5125785060226917,0.03265617,0.2,-34.09270133972168
3873,225.0,29,0.0,137,0.0,0.0,-119.42445701000001,0.7393043480110266,0.0,0.0,16.440050818123122,-0.4023715924109925,0.0,61.5721975,-0.10711577169892172,-0.012107596354539455,0.01,-6.800045810723404e-05,-0.13776749649694978,-0.04879561989424955,0.033356415295495705,0.5939226305,-0.019738150585908443,30.607200007656502,-0.3537951698878938,58533948,0.0,0.0,2.4956389097496867e-05,-0.24117279140138598,-0.014704502784956892,-0.1436810031887476,-0.009299045138888825,-4.4750010052071546e-08,-0.4908461319021539,-0.09025995723119,-0.05998474930539504,0.24381465,-0.22740492260619913,-0.0023619489847136357,1.269958125226764,0.0,-0.5,0.2490478515625,-0.27083781361579895,1.0026922225952148,12685,0.000270742242,-0.010692307178396731,0.9888283014297485,0.5452595941722393,0.027786102,0.2,-34.086472511291504
3879,226.8,30,0.0,142,0.0,0.0,-119.75346117,0.7233170495350201,0.0,0.0,14.394287195923997,-0.3984214749516804,0.0,61.5837175,-0.10705985806097189,-0.011668116094289898,0.01,-1.714045403234551e-05,-0.13563824186109796,-0.04800193171806899,0.03419474837468328,0.5939049665,-0.022982637887859408,29.94532585074983,-0.36038342366694764,58552380,0.0,0.0,4.4487552562107645e-05,-0.23414753300883367,-0.01432793466161917,-0.142163281311279,-0.009212239583333276,-4.3353697604699135e-08,-0.4985703188862354,-0.09102322275067548,-0.05594663927264295,0.24389145,-0.22772796284795108,-0.002322740116001009,1.2748572086033152,0.0,-0.5,0.2548583984375,0.13923168182373047,1.0027105808258057,12689,0.000270733026,-0.00855116590973921,0.9851794242858887,0.6978283271193504,0.03228525,0.2,-34.08396339416504
3885,226.24,31,0.0,147,0.0,0.0,-119.39635292000001,0.7304158043277602,0.0,0.0,14.299412653828815,-0.3996768730362829,0.0,61.595237499999996,-0.1071803173677459,-0.011710321620190539,0.01,-7.364744956895207e-06,-0.13020371610111864,-0.048345601618223884,0.03312321715380578,0.5938873025,-0.021971760227137968,30.239214299169273,-0.3564946176988404,58570812,0.0,0.0,3.092424594797194e-05,-0.23490345607598784,-0.01451385122430359,-0.14430236911334227,-0.0093424479166666,-4.280059611834205e-08,-0.49808691782876824,-0.0925381667937422,-0.05623597688568475,0.24396825,-0.2283683497616279,-0.0023298270719757054,1.2856758258848027,0.0,-0.5,0.2618896484375,-0.15424126386642456,1.0028691291809082,12693,0.00027072381,-0.011240064247976989,0.9845638871192932,0.6987797394394875,0.033955805,0.2,-34.087103843688965
3891,225.02,32,0.0,151,0.0,0.0,-119.57041125999999,0.7909600864093262,0.0,0.0,18.002306348745115,-0.39876810869110757,0.0,61.6067575,-0.10706873387402485,-0.011737113337800063,0.01,-1.70942146860672e-05,-0.13509038772356957,-0.048018662609747055,0.034088576142834434,0.5938696385,-0.020460805487042915,32.74574757734611,-0.3477152761878984,58589244,0.0,0.0,4.394507656494776e-05,-0.23669510345971936,-0.014398563146774797,-0.1419689624884533,-0.009765624999999912,-4.430975734775894e-08,-0.4889079297562733,-0.09186959202015484,-0.05644107849868549,0.24404505,-0.22900117345140292,-0.0023266175336435543,1.2829213377539337,0.0,-0.5,0.23099365234375,-0.25620099902153015,1.003173589706421,12697,0.000270714594,-0.012917984114028513,0.9907985329627991,0.4462638832628727,0.029391969,0.2,-34.08994541168213
3896,219.58,33,0.0,156,0.0,0.0,-118.97733536000001,0.8178378277534375,0.0,0.0,20.774062817409163,-0.4025713218844047,0.0,61.6182775,-0.10696683705070281,-0.012045962917612878,0.01,-3.387565931873624e-05,-0.13479650225170373,-0.04852307879914539,0.0330459463212944,0.5938519745,-0.02225754109935628,33.85848606899231,-0.36012927172484477,58607676,0.0,0.0,4.177493004438778e-05,-0.24015282948688993,-0.014542554829582607,-0.14194972411835616,-0.009472656249999926,-4.403497772435983e-08,-0.49532426069178637,-0.09269829273907486,-0.05421172939930966,0.24412185,-0.23329705168845147,-0.0023396358053928566,1.281869076300569,0.0,-0.5,0.2524169921875,-0.01862761378288269,1.0029008388519287,12701,0.000270705378,-0.008995642187073827,0.9839357137680054,0.8116798281669617,0.025023753,0.2,-34.087046432495114
3902,226.85,34,0.0,160,0.0,0.0,-119.38577888,0.7875816567961418,0.0,0.0,13.636934082579963,-0.394319538973394,0.0,61.629797499999995,-0.10708333033256831,-0.012457561857450963,0.01,-2.3343973253885798e-05,-0.1404663689802702,-0.04757082304385408,0.03463690901792202,0.5938343105,-0.021030600808444433,32.60588059136027,-0.34306942686402464,58626108,0.0,0.0,4.177486213545004e-05,-0.2350963589458532,-0.014359301941027858,-0.14243145627670684,-0.009320746527777712,-4.490229867977247e-08,-0.49334946426870296,-0.09204127191469051,-0.05502640248382246,0.24419865,-0.23214433876342241,-0.0023134981875336954,1.2995918101215067,0.0,-0.5,0.22987060546875,-0.06331735849380493,1.0027236938476562,12705,0.00027069616199999996,-0.011677092243917286,0.9877618551254272,0.6799905650317669,0.02475982,0.2,-34.086242485046384
3907,219.51,35,0.0,165,0.0,0.0,-118.99182734000001,0.726615540107572,0.0,0.0,14.87439688490663,-0.40286932315768575,0.0,61.6413175,-0.1070242096815576,-0.012140173862002982,0.01,-6.720052910821757e-05,-0.13673824577841437,-0.04814694341675514,0.03378748160692431,0.5938166465,-0.02152607085170328,30.08188336045348,-0.3596116433744439,58644540,0.0,0.0,3.146679955534637e-05,-0.24207321116264774,-0.01470888571268634,-0.144194285793027,-0.009505208333333258,-4.497714918715198e-08,-0.49336199927440105,-0.09310424888721881,-0.055988966222506625,0.24427545,-0.2235715745927393,-0.0023647075746009313,1.2642651023275504,0.0,-0.5,0.264013671875,-0.08826276659965515,1.0029224157333374,12709,0.000270686946,-0.012221806531306357,0.9926663637161255,0.3750756226480007,0.028069282,0.2,-34.08577651977539
3911,225.21,36,0.0,169,0.0,0.0,-119.22008658000003,0.7478161687811331,0.0,0.0,17.992821189772044,-0.4017159562128136,0.0,61.6528375,-0.10710255153694564,-0.012044930194827226,0.01,-5.1012624635264776e-05,-0.1383181742279527,-0.04838094229223586,0.034566537768222744,0.5937989825000001,-0.02188997366950692,30.95958938753891,-0.35952832979052934,58662972,0.0,0.0,4.3402513256296515e-05,-0.2372400182578038,-0.014591269497381003,-0.14301987649326692,-0.009863281249999904,-4.4283481121514206e-08,-0.4963550767285404,-0.09319299683731003,-0.055567594836922765,0.24435225,-0.2263066769616889,-0.0023524793216145525,1.2823821484018902,0.0,-0.5,0.26614990234375,0.3267914950847626,1.0033700466156006,12713,0.00027067773,-0.007387691922485828,0.9821804761886597,0.9331485331058502,0.028397467,0.2,-34.093146896362306
3914,213.41,37,0.0,174,0.0,0.0,-118.56669566000001,0.7179129153556902,0.0,0.0,14.080114889904927,-0.3976317192169272,0.0,61.6643575,-0.10700387465014824,-0.012126458140944903,0.01,-6.9147871010181e-06,-0.1354355686463103,-0.04795971462980786,0.03341295956856549,0.5937813185,-0.02175176339612032,29.721594695725575,-0.3573611214707443,58681404,0.0,0.0,3.309437306597829e-05,-0.23931590946239542,-0.014568091231021707,-0.14332347343035304,-0.009266493055555495,-4.347804463028307e-08,-0.4939400994266895,-0.09218291907598607,-0.05475220129590412,0.24442905,-0.22427005628509708,-0.0023302937457622057,1.2751765358520584,0.0,-0.5,0.2503173828125,-0.19931279122829437,1.003253698348999,12717,0.000270668514,-0.01182696536416188,0.9933624863624573,0.34998341649770737,0.030169178,0.2,-34.09156169891357
3918,215.16,38,0.0,178,0.0,0.0,-118.62234967000002,0.7149422330683259,0.0,0.0,15.295011731977755,-0.40800783207622787,0.0,61.6758775,-0.10696690958659766,-0.012311811928041875,0.01,-4.95920482751179e-06,-0.138772028061675,-0.04926662899163027,0.03365094119506083,0.5937636545,-0.019650532498619415,29.598608449028692,-0.3593014679999559,58699836,0.0,0.0,6.510384264402092e-05,-0.244929491430594,-0.014745998011901594,-0.14344160436610837,-0.009613715277777695,-4.7140420201258865e-08,-0.4881214623621053,-0.09241531684516918,-0.055592057882098235,0.24450585,-0.22611998363918995,-0.002368344173856939,1.264383253940607,0.0,-0.5,0.24541015625,-0.13246192038059235,1.0032026767730713,12721,0.000270659298,-0.008341226656921209,0.9864671230316162,0.7296106815338135,0.02650756,0.2,-34.08858242034912
3922,228.38,39,0.0,183,0.0,0.0,-119.63182917999998,0.7184558330981272,0.0,0.0,14.742080063185085,-0.4003851865157256,0.0,61.6873975,-0.10706729644162329,-0.011959815122619193,0.01,-6.563733003081649e-06,-0.1361802185070227,-0.048364946162392425,0.033683083398204056,0.5937459905,-0.020977026215405203,29.744071490262467,-0.3521557254506307,58718268,0.0,0.0,5.9678500595813e-05,-0.23728015729083493,-0.014503022893298597,-0.1453194026514684,-0.009472656249999926,-4.5550797046558556e-08,-0.49386768558288163,-0.09204426852800457,-0.054955593199771474,0.24458265,-0.2300383510034782,-0.0023380413425302515,1.275228145109003,0.0,-0.5,0.27989501953125,-0.26014888286590576,1.003600835800171,12725,0.000270650082,-0.006971113313920796,0.9829012155532837,0.8439677245914936,0.028130572,0.2,-34.09488773345947
3926,225.78,40,0.0,187,0.0,0.0,-119.63745873000002,0.7842714703960518,0.0,0.0,12.947654596163584,-0.3997036034801234,0.0,61.6989175,-0.10705699706613614,-0.011342036248417802,0.01,-2.4209294548365917e-05,-0.12883576290555412,-0.047791750986536125,0.03308507307830036,0.5937283265,-0.021079157648879725,32.468838874396546,-0.3618371754144501,58736700,0.0,0.0,3.0381750548258424e-05,-0.23032137543130077,-0.014391810116884686,-0.1449125535589325,-0.009299045138888826,-4.388019178658902e-08,-0.49224527662388645,-0.09075346971876183,-0.05576984250242226,0.24465945,-0.22289607105881581,-0.002298584611243303,1.2742837023770233,0.0,-0.5,0.27054443359375,0.007509559392929077,1.0032782554626465,12729,0.000270640866,-0.0069125763606280085,0.9840783476829529,0.784140832722187,0.033525173,0.2,-34.09104537963867
3930,224.49,41,0.0,192,0.0,0.0,-119.90300988999999,0.8073866807362142,0.0,0.0,20.66381998720481,-0.40710755141460087,0.0,61.7104375,-0.10687822068353134,-0.011494883227606952,0.01,-4.2729210502554915e-06,-0.13098947290792531,-0.048811477846927256,0.03213795382539418,0.5937106625,-0.022337564352912724,33.42580858247927,-0.37235281327252534,58755132,0.0,0.0,2.0616202770421903e-05,-0.23578691163658544,-0.014761905992304702,-0.1462082624581128,-0.009613715277777699,-4.361167482688279e-08,-0.5025347887959052,-0.09242442596704664,-0.054316743131764815,0.24473625,-0.2250589785893722,-0.00235806314172028,1.2684798964063326,0.0,-0.5,0.25196533203125,-0.15377241373062134,1.002928376197815,12733,0.00027063164999999997,-0.010659097868483514,0.982072651386261,0.8181322991847992,0.029154371,0.2,-34.088744163513184
3933,228.58,42,0.0,196,0.0,0.0,-119.79930741,0.7043172017447705,0.0,0.0,13.394947912299855,-0.40316547336025566,0.0,61.7219575,-0.10702774447100089,-0.011417612092099799,0.01,-7.901246818322124e-05,-0.13521186627467088,-0.04810473517272303,0.03349154697753879,0.5936929985,-0.022140082080214698,29.158732152233497,-0.35915694179924224,58773564,0.0,0.0,3.7977180909365416e-05,-0.23638632342514093,-0.014677847580971647,-0.14468438076107182,-0.009884982638888793,-4.634001306766933e-08,-0.4938494674638981,-0.09099571586092688,-0.052770395403471594,0.24481305,-0.21958946561015105,-0.0023658728636531093,1.272487482945374,0.0,-0.5,0.27515869140625,-0.08055782318115234,1.002739667892456,12737,0.000270622434,-0.014019029773771763,0.9815368056297302,0.8874792993068695,0.030597065,0.2,-34.08580493927002
3937,226.35,43,0.0,201,0.0,0.0,-119.56639083,0.7265624492908971,0.0,0.0,14.340614132075192,-0.4011970412751111,0.0,61.7334775,-0.10688534517294679,-0.01204788136889432,0.01,-2.6089285453863472e-05,-0.1377542108557621,-0.048159057887067445,0.03423573009648697,0.5936753345,-0.020488473969938543,30.07968540064314,-0.3476660950203524,58791996,0.0,0.0,5.6423285665611424e-05,-0.2383192425934191,-0.014586893684241079,-0.14319571835423972,-0.009776475694444356,-4.55240001704525e-08,-0.49654443982133056,-0.09238951122630085,-0.0549603730695297,0.24488985,-0.2274751675831517,-0.0023614295815995562,1.268720186048834,0.0,-0.5,0.2284423828125,-0.18312938511371613,1.0026204586029053,12741,0.000270613218,-0.014225097722373903,0.9898911714553833,0.4917962275445461,0.02433905,0.2,-34.08507308959961
3940,232.55,44,0.0,205,0.0,0.0,-120.27940937,0.7220898034330592,0.0,0.0,13.906553785927766,-0.4068562258903517,0.0,61.744997500000004,-0.10689610974551664,-0.01190050879335662,0.01,-4.980266046480238e-07,-0.13700903640418682,-0.04907889637830936,0.033409884290656375,0.5936576705000001,-0.021219538835187752,29.894517862128648,-0.3624294532229134,58810428,0.0,0.0,4.611520368295411e-05,-0.24320829991469134,-0.014848212257128993,-0.1481675829789887,-0.009548611111111032,-4.678064181146567e-08,-0.49276738846215473,-0.09201918896387545,-0.05452335522565861,0.24496665,-0.2293855613731687,-0.0023619514291391423,1.2634954974364008,0.0,-0.5,0.2763671875,-0.15531539916992188,1.002484917640686,12745,0.000270604002,-0.007793778355699032,0.9843758344650269,0.6991629362106323,0.031787705,0.2,-34.08102245330811
3943,221.68,45,0.0,210,0.0,0.0,-119.58263379,0.7712329103645486,0.0,0.0,14.549353239422183,-0.40091403343768667,0.0,61.7565175,-0.1070155957967892,-0.012029691925986038,0.01,-2.3483867007090032e-05,-0.14071112582211406,-0.04830441990377307,0.034898207859316736,0.5936400065,-0.019424702661732834,31.92904248909231,-0.34750635631844495,58828860,0.0,0.0,4.503007706565162e-05,-0.2398737730647789,-0.014617556388058454,-0.1445962051287067,-0.009526909722222147,-4.4918344136924923e-08,-0.48424800367074844,-0.09226250386593456,-0.05309946125650678,0.24504345,-0.22554014690185953,-0.0023433152091775823,1.2651701830818387,0.0,-0.5,0.27305908203125,-0.05131462216377258,1.0026025772094727,12749,0.000270594786,-0.011540093063376843,0.9767221808433533,1.0302959442138673,0.030295338,0.2,-34.08283748626709
3946,238.7,46,0.0,214,0.0,0.0,-120.80195053000001,0.8265455686651413,0.0,0.0,14.245341173052479,-0.40894866154995363,0.0,61.7680375,-0.10706864088804599,-0.011435341516709331,0.01,-1.011334230839098e-05,-0.1379999955923067,-0.04891651151734003,0.03337974461839098,0.5936223425,-0.021776993375776026,34.21898654273685,-0.355865260989758,58847292,0.0,0.0,3.3636955777183175e-05,-0.24212983972261362,-0.014953176547841793,-0.14430418785279162,-0.010123697916666558,-4.551476660112925e-08,-0.48903123400598836,-0.09226160561879573,-0.052250020291886703,0.24512025,-0.22494310324384145,-0.0024041070149567016,1.2689854301535077,0.0,-0.5,0.253125,-0.16420724987983704,1.0018961429595947,12753,0.00027058557,-0.008287253871094436,0.9763376712799072,1.0206949949264525,0.0269645,0.2,-34.078463554382324
3948,222.08,47,0.0,219,0.0,0.0,-119.16002791,0.8267714698268469,0.0,0.0,20.428953047578528,-0.40012902353390545,0.0,61.7795575,-0.10706358862269588,-0.012314134919605785,0.01,-2.0200004108540493e-05,-0.1386702175659954,-0.04833825261406525,0.034081981324956455,0.5936046785,-0.019486415715719987,34.22833885083146,-0.3626539265745776,58865724,0.0,0.0,4.068989073857665e-05,-0.239367706664305,-0.014671896170820046,-0.14619946298970282,-0.00979817708333324,-4.52402556562287e-08,-0.49204934285042,-0.09275207222035216,-0.05302197463276945,0.24519705,-0.2339522806038209,-0.0023389171358422335,1.2790508256578352,0.0,-0.5,0.2344970703125,-0.222105011343956,1.0019246339797974,12757,0.00027057635399999996,-0.017549566365778445,0.989683985710144,0.4396389976143837,0.026485983,0.2,-34.07558345794678
3951,233.38,48,0.0,223,0.0,0.0,-120.25204825999998,0.6930093081862743,0.0,0.0,12.896278717108995,-0.3986054739217175,0.0,61.7910775,-0.10695795674503955,-0.011857314381483732,0.01,-2.277769403836385e-05,-0.13609657677046486,-0.047968956117078874,0.03381180418701018,0.5935870145000001,-0.021052438185304508,28.690585358911754,-0.3518391282572828,58884156,0.0,0.0,9.765518674006065e-06,-0.236177411867375,-0.014610060451943241,-0.14364104230314068,-0.009516059027777699,-4.580939462754453e-08,-0.4835727894767582,-0.09205584732647437,-0.052272653576418665,0.24527385,-0.2271297934628069,-0.002330057831577463,1.2757215528772323,0.0,-0.5,0.25330810546875,-0.158860445022583,1.0022742748260498,12761,0.000270567138,-0.012929618550697342,0.9877628684043884,0.5632330812513828,0.027789647,0.2,-34.07988719940185
3953,215.6,49,0.0,228,0.0,0.0,-119.31799857000004,0.7865047794172604,0.0,0.0,17.78085430527621,-0.39327497180294846,0.0,61.8025975,-0.10692441359688437,-0.012012286278513657,0.01,-2.0323176114748844e-06,-0.13465715993145763,-0.048044406786961334,0.033470508459979204,0.5935693505,-0.02215120469433411,32.56129786787458,-0.36046101384917595,58902588,0.0,0.0,4.720032059897979e-05,-0.23624894959764375,-0.014614627009931066,-0.1439507112991138,-0.009299045138888826,-4.6113759493423305e-08,-0.4895413075368824,-0.09249709035066389,-0.051613394048310585,0.24535065,-0.22799465134772678,-0.002343781650229543,1.2757910110693453,0.0,-0.5,0.26810302734375,-0.10588961839675903,1.0021334886550903,12765,0.000270557922,-0.010621593263931573,0.9861088991165161,0.5414629690349102,0.028347429,0.2,-34.07835941314697
3956,221.04,50,0.0,232,0.0,0.0,-119.10724682999998,0.7153977733484043,0.0,0.0,12.980066328753402,-0.39951984990347267,0.0,61.8141175,-0.10707758030189349,-0.011644352967472328,0.01,-1.904738080672005e-05,-0.13520971079765365,-0.048040039346308266,0.03331743242370941,0.5935516865,-0.022340413415804505,29.617467816623936,-0.3539159641899369,58921020,0.0,0.0,2.2243815086161096e-05,-0.2367795346200484,-0.014764253896658051,-0.1450469226980794,-0.009505208333333258,-4.598309256326465e-08,-0.4937951166205708,-0.0926160357048175,-0.05439021423514487,0.24542745,-0.2231365268434636,-0.0023609533753102224,1.2811590453877686,0.0,-0.5,0.26070556640625,-0.19958986341953278,1.0025432109832764,12769,0.000270548706,-0.012044002139009535,0.9831442832946777,0.8186256214976311,0.030070478,0.2,-34.08296699523926
3958,233.08,51,0.0,237,0.0,0.0,-120.06976343000001,0.7005566625928485,0.0,0.0,12.986600201082346,-0.4046223408799053,0.0,61.8256375,-0.10690416259795076,-0.011595337647988636,0.01,-5.0150587324318024e-05,-0.1405346097148118,-0.048660948731960724,0.03406362158553438,0.5935340225,-0.021788114917904347,29.00304583134393,-0.3577251803306557,58939452,0.0,0.0,4.7742845102523766e-05,-0.24081248382287734,-0.014930048126458829,-0.1466434734319532,-0.009407552083333263,-4.792441617897056e-08,-0.4925922966247952,-0.090632421456015,-0.055447548892166236,0.24550425,-0.2174722720558526,-0.0023997092647662834,1.2630831028206746,0.0,-0.5,0.254931640625,-0.29896116256713867,1.0022368431091309,12773,0.00027053948999999997,-0.013694312726147472,0.9899965524673462,0.4654605969786644,0.029251251,0.2,-34.07843647003174
3960,238.45,52,0.0,242,0.0,0.0,-120.77141101000001,0.7841142305923536,0.0,0.0,18.525668337379827,-0.3964121726681729,0.0,61.837157499999996,-0.10707993409846946,-0.011395288690424586,0.01,-2.5864912265511784e-05,-0.1349840383370377,-0.04842126447143717,0.03334768646974226,0.5935163585000001,-0.020542863458912406,32.46232914652344,-0.3557768087745029,58957884,0.0,0.0,3.3637023686120905e-05,-0.23707161655825348,-0.014619000676684165,-0.14366366675290732,-0.009722222222222134,-4.68509158836867e-08,-0.4945436775876167,-0.09208572867404544,-0.05316637744395757,0.24558105,-0.21719031712357853,-0.002350641183740795,1.2742738883519404,0.0,-0.5,0.3095947265625,-0.027970939874649048,1.0028036832809448,12777,0.000270530274,-0.007066495367325842,0.9857540130615234,0.7252974644303322,0.035251226,0.2,-34.08561382293701
3961,222.3,53,0.0,246,0.0,0.0,-119.67200684999997,0.7141487033545761,0.0,0.0,13.157342428145114,-0.40240359731528574,0.0,61.8486775,-0.10702506262786905,-0.011319781122018405,0.01,-8.660837144092572e-06,-0.13319511074544066,-0.048059906039439916,0.03278818291779093,0.5934986945,-0.022362387215252966,29.56575631887945,-0.3548288034231891,58976316,0.0,0.0,2.0073600656663377e-05,-0.23898971547250708,-0.014663494262489831,-0.14562908638408364,-0.009602864583333252,-4.707809013588198e-08,-0.4925997847777937,-0.0918430148779724,-0.0536460058381507,0.24565785,-0.21779841467552002,-0.0023488575637284786,1.2559983850870144,0.0,-0.5,0.2317138671875,-0.08194810152053833,1.0026087760925293,12781,0.000270521058,-0.015742674376815556,0.9908109307289124,0.4635910265147686,0.02831223,0.2,-34.084458351135254
3963,227.25,54,0.0,251,0.0,0.0,-119.24974231,0.7700749176909265,0.0,0.0,13.203343224038246,-0.400370919098305,0.0,61.8601975,-0.10698785583542508,-0.012200279706312139,0.01,-3.643171999766574e-05,-0.1420439673824357,-0.04843377217227131,0.03565394757305494,0.5934810305,-0.0175050843164273,31.881101592404356,-0.3659765899552377,58994748,0.0,0.0,4.231745454793175e-05,-0.24871511469017227,-0.015168061324441987,-0.14574169581730237,-0.009939236111111012,-4.80460838964609e-08,-0.4784609999267588,-0.09402497772576082,-0.05417549988548345,0.24573465,-0.2262756582160983,-0.0024384032022619433,1.2832284390250213,0.0,-0.5,0.20015869140625,-0.10899227857589722,1.0021567344665527,12785,0.00027051184199999997,-0.010791536536999047,0.9857548475265503,0.648626022040844,0.022470567,0.2,-34.07940788269043
3935,228.34,55,0.0,257,0.0,0.0,-119.47341352,0.826078326274801,0.0,0.0,18.785993824901563,-0.4044117462002873,0.0,61.871717499999995,-0.10708373427279448,-0.01195063460670984,0.01,-1.4339878045557382e-05,-0.13839916744461556,-0.04790612757972863,0.03360809888130905,0.5934633665,-0.01932067077238268,34.19964270777676,-0.3638253512722799,59013180,0.0,0.0,3.634962680128714e-05,-0.24282690370293192,-0.014938934953062595,-0.14483067827640825,-0.00997178819444434,-4.776756460499926e-08,-0.49005567817996387,-0.09407562559743593,-0.05235904201873873,0.24581145,-0.22561689595669648,-0.0024127979935563105,1.29283412589986,0.0,-0.5,0.2331298828125,0.0666668713092804,1.0020697116851807,12789,0.000270502626,-0.009750828344840557,0.9841652512550354,0.6208209671080113,0.026536265,0.2,-34.07769012451172
3937,215.33,56,0.0,262,0.0,0.0,-118.35866768000001,0.7203967591668023,0.0,0.0,14.853056962411173,-0.3977251446405232,0.0,61.8832375,-0.1068221750544006,-0.011931450517669683,0.01,-1.7700200135697274e-05,-0.134779493545285,-0.048241224243771016,0.03386333991236675,0.5934457025000001,-0.020720814176860988,29.824425829505618,-0.36769490956737616,59031612,0.0,0.0,2.8211642832805712e-05,-0.24096714882887607,-0.014882085722613245,-0.1413429605445613,-0.009787326388888799,-4.962347083022123e-08,-0.4913462844881555,-0.09127655817573242,-0.051857294605486146,0.24588825,-0.21828817799701544,-0.0024116852095420476,1.283480819800216,0.0,-0.5,0.2263671875,-0.23821599781513214,1.002705454826355,12793,0.00027049341,-0.0132010193541646,0.9894329309463501,0.5172644346952439,0.02601195,0.2,-34.084305381774904
3939,222.86,57,0.0,266,0.0,0.0,-119.33662510999999,0.7157550031991773,0.0,0.0,14.193504900182091,-0.39710294852714584,0.0,61.8947575,-0.10698935232277451,-0.012848382573646363,0.01,-7.527041530756205e-05,-0.1430808313234333,-0.048273609341947035,0.03308155901334535,0.5934280385,-0.017948604466962732,29.63225713244594,-0.3591392475804058,59050044,0.0,0.0,3.4179509384557605e-05,-0.2498098793954434,-0.015064182889076315,-0.14501853186153735,-0.009776475694444354,-4.909324540971585e-08,-0.47748281561708583,-0.0936828181572075,-0.052817700027495085,0.24596505,-0.2284645373006735,-0.0024183378007417455,1.2829593207996441,0.0,-0.5,0.23839111328125,-0.17313152551651,1.003022313117981,12797,0.000270484194,-0.010878387268166988,0.9891276955604553,0.548395811021328,0.025507903,0.2,-34.08760871887207
3942,215.33,58,0.0,271,0.0,0.0,-118.63423388,0.7352610178340835,0.0,0.0,15.717937919082466,-0.4007518724016036,0.0,61.9062775,-0.10704355993998546,-0.011603827515738938,0.01,-1.173988490167657e-05,-0.13698657848670812,-0.04738349110025737,0.0341153512798042,0.5934103745,-0.018729310807733174,30.439806138331054,-0.35967111680899966,59068476,0.0,0.0,2.5498942704871297e-05,-0.23997104973576583,-0.01491646738461218,-0.14467003693282468,-0.009960937499999899,-4.810320677626831e-08,-0.4851683994361797,-0.0902887014370675,-0.0525613652308911,0.24604185,-0.22197027362286995,-0.002405119292297497,1.2593984148831565,0.0,-0.5,0.27725830078125,-0.16319993138313293,1.0030169486999512,12801,0.000270474978,-0.012587584683205932,0.9912332892417908,0.45333638191223147,0.030081594,0.2,-34.09024887084961
3944,226.48,59,0.0,275,0.0,0.0,-119.25064195,0.7269877159157705,0.0,0.0,14.37136927124066,-0.3986851326515084,0.0,61.9177975,-0.10721379528534042,-0.011911023912070327,0.01,-1.6278511149122695e-05,-0.1400379919492639,-0.047435676917747124,0.03428107632761985,0.5933927105,-0.02050814265708646,30.097291438912897,-0.36045046186864743,59086908,0.0,0.0,2.5498971808701754e-05,-0.2380616607622025,-0.014772627463117536,-0.14525666624634775,-0.009895833333333236,-4.5796372864665865e-08,-0.49036491935861065,-0.0903597174094731,-0.05221996838229482,0.24611865,-0.2201506343434232,-0.0024011110411603087,1.279220177457143,0.0,-0.5,0.27015380859375,-0.25409945845603943,1.0028011798858643,12805,0.000270465762,-0.00990339640993625,0.9831809401512146,0.7851455725729466,0.026642555,0.2,-34.08488235473633
3947,212.04,60,0.0,280,0.0,0.0,-118.35691827999999,0.7164445705583669,0.0,0.0,14.221749762353255,-0.39810213227439417,0.0,61.9293175,-0.10707611934514037,-0.0118550188595991,0.01,-3.5014181661456e-05,-0.13878119704646752,-0.04752383330415521,0.032453810277876104,0.5933750465000001,-0.022379203877385914,29.660805221116387,-0.35312238719492994,59105340,0.0,0.0,2.712658412444095e-05,-0.23628245519991906,-0.014632249809675911,-0.14401147118563198,-0.010427517361110987,-4.670791498225183e-08,-0.4965781218219656,-0.09121404821362833,-0.04995477146234266,0.24619545,-0.22311179629767297,-0.002369365476437135,1.2847980528344913,0.0,-0.5,0.24388427734375,-0.29141271114349365,1.0029048919677734,12809,0.000270456546,-0.011130593018606305,0.9911515116691589,0.44376239031553266,0.026710952,0.2,-34.08776969909668
3949,218.16,61,0.0,284,0.0,0.0,-119.41520139999999,0.7296153830827179,0.0,0.0,13.61466192248379,-0.3989988267183513,0.0,61.9408375,-0.10692533237738444,-0.011541780369255638,0.01,-2.5500703856000247e-05,-0.14022356168049596,-0.04701590735450845,0.03379412666371276,0.5933573825,-0.02091829689743463,30.20607685962452,-0.34561183756750063,59123772,0.0,0.0,2.929667243734002e-05,-0.23966267417438317,-0.014857639750972778,-0.14624795958333917,-0.009982638888888786,-4.6951786625741626e-08,-0.4979181355039261,-0.09035359968604993,-0.05379730025055454,0.24627225,-0.22324196023749746,-0.0024134440224315673,1.2637180000563957,0.0,-0.5,0.2722900390625,-0.04987990856170654,1.0029070377349854,12813,0.00027044733,-0.007707959518302232,0.9788838028907776,1.1131294131278993,0.03227438,0.2,-34.08632965087891
3951,224.37,62,0.0,289,0.0,0.0,-119.95097335,0.7426964045597422,0.0,0.0,14.096066894434443,-0.40039477629780285,0.0,61.952357500000005,-0.10713965302082594,-0.011381503857356179,0.01,-3.5479546152882105e-05,-0.1324231501098262,-0.047605310737914644,0.031443464561192916,0.5933397185,-0.02282381148769572,30.747631148773326,-0.3545614525191086,59142204,0.0,0.0,3.092431385690967e-05,-0.23900382478568696,-0.014738603473319392,-0.14687413528332038,-0.009678819444444358,-4.6755224290603746e-08,-0.4995545791667092,-0.08964046561709245,-0.05357964311617312,0.24634905,-0.2189990131862982,-0.0023889367277896536,1.2586210327851644,0.0,-0.5,0.25123291015625,-0.20723935961723328,1.0025074481964111,12817,0.000270438114,-0.012315932265482842,0.9873578548431396,0.6174438089132309,0.024551773,0.2,-34.083893585205075
3953,229.29,63,0.0,293,0.0,0.0,-120.10215601000002,0.717018276072455,0.0,0.0,13.606675344346646,-0.40306670838256103,0.0,61.9638775,-0.10704844824408948,-0.011171428307253775,0.01,-3.915684666637851e-06,-0.13627924318482507,-0.04762169661082654,0.0339396330703275,0.5933220545,-0.020580162630519934,29.684556629399637,-0.3638401702904309,59160636,0.0,0.0,1.1935636090735594e-05,-0.2376640473648036,-0.014892301549111734,-0.14667517765404658,-0.01010199652777767,-4.839627568952705e-08,-0.49760644740073307,-0.0919160041661929,-0.05207313970230697,0.24642585,-0.21814182210127586,-0.0024081093901646383,1.277305494501099,0.0,-0.5,0.23243408203125,0.050727277994155884,1.0017151832580566,12821,0.000270428898,-0.010214559326414019,0.9848648309707642,0.7474568709731102,0.027954573,0.2,-34.07379570007324
3954,221.63,64,0.0,298,0.0,0.0,-119.13154857999999,0.7413602938559847,0.0,0.0,15.244146941104413,-0.39677002370767367,0.0,61.9753975,-0.10696702354905029,-0.011876647854540012,0.01,-2.682007151077978e-05,-0.14543237170791648,-0.047828973036211926,0.03377199071362475,0.5933043905000001,-0.019590176051780064,30.692316165637763,-0.3554168183931319,59179068,0.0,0.0,4.014734683247904e-05,-0.23851800520693298,-0.014800181966314722,-0.14690067611061713,-0.010145399305555441,-4.8409761243591596e-08,-0.4893563754060961,-0.09228276310789521,-0.05286000741601876,0.24650265,-0.22223230094742108,-0.0024033875471707092,1.277909399148738,0.0,-0.5,0.23272705078125,0.07541680335998535,1.0018391609191895,12825,0.00027041968199999997,-0.008906306745484472,0.98580002784729,0.6911259770393372,0.024952061,0.2,-34.074598121643064
3956,224.74,65,0.0,302,0.0,0.0,-119.91558988000001,0.7676473993007809,0.0,0.0,16.96173452947443,-0.40569148201776095,0.0,61.986917500000004,-0.10730764754432591,-0.012083971976314242,0.01,-5.12859098466662e-05,-0.14891362331319904,-0.04830158094891836,0.0359369541770402,0.5932867265,-0.019777078760348052,31.780602331052325,-0.3616308010633878,59197500,0.0,0.0,3.2009314357613526e-05,-0.24715457268105023,-0.015145290580574601,-0.14913933989347722,-0.009906684027777687,-4.95284299320262e-08,-0.49061448771350935,-0.09393733717535296,-0.055251509358159895,0.24657945,-0.2271882901943563,-0.002451491451502534,1.2658229496059095,0.0,-0.5,0.266015625,0.018652111291885376,1.0022563934326172,12829,0.000270410466,-0.009794996259734035,0.980935275554657,1.0148548156023025,0.030227318,0.2,-34.07968883514404
3958,219.7,66,0.0,307,0.0,0.0,-118.79058563000001,0.7188698007356351,0.0,0.0,13.966760016688259,-0.39466156613272657,0.0,61.9984375,-0.10732039040104058,-0.011359217831141362,0.01,-1.2990415907394942e-05,-0.14585555230075611,-0.04735580684102555,0.03543605878779629,0.5932690625,-0.020881947257698305,29.761209750455293,-0.3618130484684553,59215932,0.0,0.0,3.0381711743151147e-05,-0.2404682662535119,-0.01491961623503312,-0.14800511526860194,-0.00985243055555546,-4.745613462533394e-08,-0.4997338747113773,-0.09342177845861158,-0.05226365574499439,0.24665625,-0.21744837191486777,-0.0024324451314605656,1.285816950578359,0.0,-0.5,0.22158203125,0.0658225417137146,1.0019233226776123,12833,0.00027040125,-0.010701141075696797,0.9756694436073303,1.10720252096653,0.019320164,0.2,-34.07726345062256
3960,233.3,67,0.0,311,0.0,0.0,-120.08324152999998,0.7003166869870047,0.0,0.0,13.088375933398213,-0.3964506090384972,0.0,62.0099575,-0.10719726973600222,-0.011305544851916054,0.01,-5.511419946634334e-05,-0.14295407398624124,-0.046605125513155446,0.03464326576196988,0.5932513985,-0.02120706035283446,28.99311084126199,-0.3584743280460523,59234364,0.0,0.0,3.472203388810158e-05,-0.23760385264628375,-0.014864579909910643,-0.14803089879309037,-0.00993923611111101,-4.5594235092475414e-08,-0.5014079583449668,-0.09213272416520782,-0.05314932160534101,0.24673305,-0.21630435123968425,-0.002420727780965021,1.2771344330234036,0.0,-0.5,0.19566650390625,-0.2936709523200989,1.0026791095733643,12837,0.00027039203399999997,-0.011260143900290131,0.9891932606697083,0.4968640089035034,0.021509213,0.2,-34.08297996520996
3962,222.73,68,0.0,316,0.0,0.0,-119.33293382,0.7249747612427591,0.0,0.0,12.896203848582644,-0.3978001351793436,0.0,62.0214775,-0.10701375571167292,-0.01160074383885062,0.01,-6.175988417958026e-05,-0.13799145800555626,-0.04761011881576657,0.03389121585674192,0.5932337345,-0.02291835028315998,30.013955115450223,-0.3635866688319377,59252796,0.0,0.0,2.2786300784597795e-05,-0.2412105250524993,-0.01502927022702244,-0.14805504105955325,-0.009863281249999908,-4.783265155957918e-08,-0.4940350634231491,-0.09443218478378256,-0.05306599255963376,0.24680985,-0.22560103007980484,-0.0024252880917286237,1.266924428102993,0.0,-0.5,0.28446044921875,0.40998375415802,1.0028138160705566,12841,0.000270382818,-0.008150429592933505,0.978509247303009,1.0561225295066834,0.034789898,0.2,-34.08733215332031
3964,220.56,69,0.0,320,0.0,0.0,-119.39046863,0.751524060216596,0.0,0.0,17.08587397886066,-0.40803314268863905,0.0,62.0329975,-0.10738029356037256,-0.01158690541636443,0.01,-0.00010489856462582363,-0.1441166366618286,-0.04797887510126003,0.03522497394008855,0.5932160705,-0.01877596854238719,31.113096092967073,-0.356030040135996,59271228,0.0,0.0,3.797722941574951e-05,-0.2477999918219195,-0.015247572634829102,-0.15059022719706083,-0.010058593749999891,-4.789957445911685e-08,-0.49654827914777944,-0.09300676758835918,-0.05440775470309145,0.24688665,-0.22098709222957244,-0.002468560312466288,1.2666974566120366,0.0,-0.5,0.17650146484375,0.17233940958976746,1.0022900104522705,12845,0.000270373602,-0.011277078464627267,0.9694337844848633,1.4098118901252747,0.021829924,0.2,-34.08053131103516
3965,231.55,70,0.0,325,0.0,0.0,-119.98425332,0.7783997652364683,0.0,0.0,18.83942189369423,-0.40071802897661185,0.0,62.0445175,-0.10726494470274923,-0.011591311339108568,0.01,-9.659904205052658e-05,-0.1419406482280826,-0.047279645529722206,0.033761309512793415,0.5931984065,-0.021265518287287302,32.22575028078978,-0.35836431700546173,59289660,0.0,0.0,3.5264529287815094e-05,-0.2388331854344795,-0.014710081760038149,-0.14805422781647523,-0.01008029513888878,-4.649966895610168e-08,-0.5026413736098054,-0.09455487401952119,-0.05106392327411899,0.24696345,-0.22495518377646034,-0.0023831778198826073,1.28410206719118,0.0,-0.5,0.2411865234375,0.17165455222129822,1.0020067691802979,12849,0.000270364386,-0.011061334679834545,0.970775306224823,1.3099267899990081,0.024955735,0.2,-34.07774276733399
3967,216.28,71,0.0,329,0.0,0.0,-118.68082958,0.7257635528237605,0.0,0.0,14.08140849266228,-0.39888413103002346,0.0,62.056037499999995,-0.1076462485030092,-0.011441954179825737,0.01,-7.454745545977745e-05,-0.14284347975506806,-0.0474313395262001,0.03518254807364116,0.5931807425,-0.020317441500891518,30.046611086903685,-0.34820147396777273,59308092,0.0,0.0,1.8446027146031458e-05,-0.23917623367380647,-0.014791089023661719,-0.14989047870719635,-0.010319010416666547,-4.835801137457143e-08,-0.4952969457019367,-0.09405550654096924,-0.051470468891957194,0.24704025,-0.22172932997924905,-0.002387917945090302,1.297136386170968,0.0,-0.5,0.21754150390625,-0.11506384611129761,1.0019301176071167,12853,0.00027035517,-0.014447034196928143,0.9872685074806213,0.565820038318634,0.023810532,0.2,-34.075890159606935
3968,209.61,72,0.0,334,0.0,0.0,-118.05816225999999,0.712003565113186,0.0,0.0,13.473122762347646,-0.4010622593400648,0.0,62.0675575,-0.10726825795157778,-0.011885953598402926,0.01,-0.00018408793329374495,-0.15165907165095038,-0.04727444774390339,0.035338259116215,0.5931630785,-0.01918436050376234,29.4769475956859,-0.36218220193905726,59326524,0.0,0.0,4.448759136721492e-05,-0.24020248887842152,-0.014928824609276529,-0.1508954447514415,-0.010101996527777666,-4.9819309141341285e-08,-0.4966633629760914,-0.09243953378830554,-0.054035725602623236,0.24711705,-0.2250956691081887,-0.002407777860086973,1.2888683495537312,0.0,-0.5,0.2476318359375,-0.12497268617153168,1.0024394989013672,12857,0.000270345954,-0.010087820363696664,0.9819542765617371,0.8809950962662697,0.031498745,0.2,-34.07998771667481
3969,229.02,73,0.0,338,0.0,0.0,-120.93861872000001,0.7393177538856377,0.0,0.0,15.139383002555027,-0.3926037493588984,0.0,62.0790775,-0.10723567183027821,-0.010901989530105509,0.01,-6.212432861806285e-05,-0.13838870929944755,-0.047461007673298077,0.03311946399505827,0.5931454145,-0.023233838463460818,30.6077550108654,-0.36043769665667036,59344956,0.0,0.0,2.1158669066304963e-05,-0.23823453004373973,-0.01488871961260981,-0.15281005313119572,-0.010101996527777666,-4.844071046398383e-08,-0.49344897647663566,-0.0910155038532751,-0.053712547571840005,0.24719385,-0.21992837790608047,-0.002386762800110269,1.252554305803678,0.0,-0.5,0.25174560546875,0.21665671467781067,1.0023181438446045,12861,0.000270336738,-0.00737793582957238,0.9667003154754639,1.6310455918312072,0.03157938,0.2,-34.082614517211915
3971,229.44,74,0.0,343,0.0,0.0,-120.64449122,0.7792852096983311,0.0,0.0,13.065168830544266,-0.3979632971669122,0.0,62.0905975,-0.10764354424340457,-0.01143807283009217,0.01,-3.7533305427053055e-05,-0.14615421892337038,-0.04722222128334423,0.034560850140074546,0.5931277505,-0.021049048727339443,32.26240768151091,-0.35086874699719295,59363388,0.0,0.0,4.503012557203571e-05,-0.2393679818359412,-0.014909433094022198,-0.15101438392219527,-0.010373263888888767,-4.7816455910374295e-08,-0.49902768935228903,-0.09410156263685683,-0.053176065068166446,0.24727065,-0.22516930820686676,-0.0023976989965763165,1.2975289899851994,0.0,-0.5,0.12828369140625,0.35532909631729126,1.0012743473052979,12865,0.000270327522,-0.009392358257900923,0.9621021151542664,1.6406275570392608,0.012972416,0.2,-34.069150352478026
3972,229.9,75,0.0,347,0.0,0.0,-119.67067521000001,0.8037029263802058,0.0,0.0,19.217603946609476,-0.3917627687533848,0.0,62.1021175,-0.10748329431462617,-0.011826158479675634,0.01,-0.00011423372869929072,-0.1403596071931406,-0.04722649609211588,0.03350230159626324,0.5931100865,-0.02050448011626334,33.27330115214052,-0.3602759202867063,59381820,0.0,0.0,2.8211623430252075e-05,-0.2387070692413896,-0.014828866426326297,-0.148770265172599,-0.01017795138888878,-4.71166008426805e-08,-0.4963280714027704,-0.09303444917728977,-0.052105479992208915,0.24734745,-0.2229904682716276,-0.0024099550047856923,1.2943071300069633,0.0,-0.5,0.1918701171875,0.0014489293098449707,1.0013920068740845,12869,0.000270318306,-0.011460772529244424,0.9763867855072021,1.1428259879350662,0.019330809,0.2,-34.069088745117185
3973,231.18,76,0.0,352,0.0,0.0,-119.42131062,0.7236244604401076,0.0,0.0,13.229877516611667,-0.392868175814556,0.0,62.1136375,-0.10753046791091773,-0.01106318421001986,0.01,-6.175421009950208e-05,-0.13821062174077056,-0.04738621143261248,0.03389235814368782,0.5930924225,-0.02026101808102491,29.958052662220457,-0.3556510174871425,59400252,0.0,0.0,5.0997992123787604e-05,-0.23701755119933698,-0.01490632688326609,-0.14928446203520973,-0.01008029513888878,-4.798215063821508e-08,-0.498303923498654,-0.09174160237498531,-0.051269674014912066,0.24742425,-0.21749371648848723,-0.0024019380232491536,1.2857518732624582,0.0,-0.5,0.206494140625,-0.13934291899204254,1.0020153522491455,12873,0.00027030909,-0.013906224316451698,0.988414466381073,0.5402435258030891,0.022699807,0.2,-34.07456245422363
3975,227.37,77,0.0,357,0.0,0.0,-119.41243353,0.7334688024238947,0.0,0.0,13.6189687324995,-0.4012637654204359,0.0,62.1251575,-0.10748825894141384,-0.011333179236627565,0.01,-5.3592307931192505e-05,-0.14140328613717892,-0.04755986232963804,0.03359090202865436,0.5930747585,-0.021257653159813747,30.36560842034924,-0.3602854118244227,59418684,0.0,0.0,3.255189706881841e-05,-0.2387915528125689,-0.014907448450096082,-0.14881876277956366,-0.010210503472222104,-4.873117039757559e-08,-0.4969945984990391,-0.09254464608736383,-0.051847383067982616,0.24750105,-0.21751996229152046,-0.0024102689341033174,1.2768499457607474,0.0,-0.5,0.26512451171875,-0.2894457280635834,1.0023858547210693,12877,0.00027029987399999997,-0.010817925503943115,0.9923831224441528,0.38832631036639215,0.03143453,0.2,-34.08189430236816
3976,222.89,78,0.0,361,0.0,0.0,-119.24658303,0.7202092653805472,0.0,0.0,14.497107514818364,-0.40274724533336803,0.0,62.1366775,-0.10749653233621947,-0.011113974732442428,0.01,-5.809472686510807e-05,-0.13767886727902665,-0.047005683757662335,0.0339478435565895,0.5930570945,-0.01963059418873551,29.816663586754654,-0.3618866326456726,59437116,0.0,0.0,3.9604773822550975e-05,-0.23741701389870443,-0.01488780740236351,-0.1494592195853094,-0.010438368055555432,-4.7923061764610376e-08,-0.4969558330376321,-0.09135089076617987,-0.05261286503930799,0.24757785,-0.21803931874765953,-0.0024142689795214004,1.265542339238624,0.0,-0.5,0.25164794921875,-0.27970415353775024,1.0026202201843262,12881,0.000270290658,-0.014839933451730758,0.9921470284461975,0.3698577955365181,0.027450288,0.2,-34.08218765258789
3977,228.5,79,0.0,366,0.0,0.0,-120.00675328,0.7113290424536183,0.0,0.0,13.889484749280998,-0.3950754450286874,0.0,62.1481975,-0.10747043888911773,-0.011154618357678493,0.01,-6.365987227921772e-05,-0.14149243541202355,-0.047018345347939645,0.03338763230741511,0.5930394305,-0.019415480802611757,29.449022357579796,-0.363778451973991,59455548,0.0,0.0,2.3871378895516198e-05,-0.23350546751567297,-0.014810179532755216,-0.1493679115246639,-0.010004340277777675,-4.912440404028982e-08,-0.4956945381112246,-0.09142022451228822,-0.050884544347273325,0.24765465,-0.21665548291638262,-0.002398046866999866,1.264736442098747,0.0,-0.5,0.28724365234375,-0.119900643825531,1.0027084350585938,12885,0.000270281442,-0.010458227421622723,0.9855859875679016,0.6890716657042504,0.029947573,0.2,-34.085377883911136
3979,235.54,80,0.0,370,0.0,0.0,-120.08029941000001,0.7202693469864245,0.0,0.0,12.958838179451977,-0.3995960144292168,0.0,62.1597175,-0.10755450730876236,-0.011209473091106323,0.01,-4.548939583397906e-05,-0.1379386059472786,-0.046626629720612746,0.03353820012784721,0.5930217665,-0.021370092809471924,29.819150965237974,-0.3621591151052357,59473980,0.0,0.0,1.3020743305484453e-05,-0.2356272963236412,-0.014862696292139163,-0.14775733418799378,-0.009993489583333234,-4.932825813029796e-08,-0.5006972064048285,-0.09236536237204034,-0.05170918143266448,0.24773145,-0.21516822444743264,-0.002401751559027844,1.2754524637962326,0.0,-0.5,0.24600830078125,-0.03717339038848877,1.0026472806930542,12889,0.00027027222599999997,-0.01113328798674047,0.9856368899345398,0.6488440692424774,0.026548171,0.2,-34.083580589294435
3980,213.67,81,0.0,375,0.0,0.0,-119.13164365,0.7156022688387147,0.0,0.0,13.075753787083372,-0.40329464016902494,0.0,62.171237500000004,-0.10741388680079562,-0.010684201762285753,0.01,-4.6345941124462654e-05,-0.13493286665001603,-0.04716173608398565,0.032778414327986345,0.5930041025,-0.01823777862753357,29.625933929922788,-0.361053644341808,59492412,0.0,0.0,1.7360949035113055e-05,-0.2365306034246854,-0.015041202096444637,-0.15010811182440578,-0.010308159722222102,-4.6568614608975477e-08,-0.4898662470110638,-0.09161583812266148,-0.05184419075206749,0.24780825,-0.2101362701069506,-0.0024301176503305293,1.2416970846084263,0.0,-0.5,0.22783203125,-0.3124740719795227,1.0028815269470215,12893,0.00027026301,-0.014383371081203222,0.9934766888618469,0.301009813696146,0.0233863,0.2,-34.08691349029541
3964,226.33,82,0.0,381,0.0,0.0,-119.45129125000001,0.7251461985233405,0.0,0.0,13.936482349761873,-0.39349178205888946,0.0,62.1827575,-0.10765853556232005,-0.010821470869450308,0.01,-5.711287912186697e-05,-0.14184501949326753,-0.04559849789511436,0.03369321287745937,0.5929864385,-0.01777947000421894,30.021052618866296,-0.35912148975593955,59510844,0.0,0.0,2.2243747177223366e-05,-0.2292064341314559,-0.01473531094109594,-0.14674355251285431,-0.010677083333333191,-4.644108504245242e-08,-0.5013333518630774,-0.09332925056969922,-0.05021460792405115,0.24788505,-0.21869679294544941,-0.002392815956110992,1.2989986173823795,0.0,-0.5,0.31710205078125,0.6812448501586914,1.0020411014556885,12897,0.000270253794,-0.008995361416600645,0.9535871744155884,2.118719959259033,0.037210166,0.2,-34.07888069152832
3965,211.03,83,0.0,385,0.0,0.0,-117.8116297,0.7398370248970163,0.0,0.0,14.602477405543304,-0.39247165401394324,0.0,62.1942775,-0.10756808141216356,-0.011169779395946617,0.01,-7.668202392286257e-05,-0.13619495314295052,-0.046560752375195316,0.032890663933817316,0.5929687745,-0.018126554879321095,30.629252830736473,-0.3536649030274029,59529276,0.0,0.0,2.9296691839893658e-05,-0.23135549210807074,-0.014731458922288308,-0.14557979622570136,-0.010275607638888769,-4.664150623959847e-08,-0.490037630196275,-0.09291859909966955,-0.05022210430934838,0.24796185,-0.21821799210322698,-0.0023879277538205197,1.2920634444749126,0.0,-0.5,0.1576171875,-0.20029450953006744,1.0016016960144043,12901,0.000270244578,-0.010842269042041153,0.9838049411773682,0.7650034964084625,0.016756117,0.2,-34.072677040100096
3966,229.18,84,0.0,390,0.0,0.0,-119.23935151000002,0.6984910077791594,0.0,0.0,12.849826487701165,-0.3961793074336599,0.0,62.2057975,-0.10775025066778438,-0.010913510643260153,0.01,-0.00011668573718957432,-0.14159934781071878,-0.04632871304756254,0.03445496988663263,0.5929511105,-0.0191509953244046,28.917527722057198,-0.3497772945739897,59547708,0.0,0.0,1.8446036847308278e-05,-0.23040696949388473,-0.014854498142980824,-0.14898654079470236,-0.010188802083333219,-4.680002628488893e-08,-0.49113621863660306,-0.09451981959819022,-0.05166846869381323,0.24803865,-0.21788925558898972,-0.0023859501457169042,1.2835269087814827,0.0,-0.5,0.2462890625,-0.29195815324783325,1.002089500427246,12905,0.000270235362,-0.012093624554108829,0.9884622693061829,0.5558561071753502,0.027905112,0.2,-34.077063369750974
3967,217.36,85,0.0,394,0.0,0.0,-118.62897684,0.7386707073142107,0.0,0.0,15.793707606537126,-0.40152920871262626,0.0,62.2173175,-0.10750649244652978,-0.010997786575898645,0.01,-8.001677507425275e-05,-0.1406696767803962,-0.04756349409873961,0.03351385194005943,0.5929334465,-0.02033032751933206,30.58096728280832,-0.3535168344579689,59566140,0.0,0.0,4.123240554084381e-05,-0.23195960012320363,-0.014823580460795273,-0.14848960683907347,-0.010449218749999873,-4.614559778169778e-08,-0.49983849027735616,-0.09310266191221038,-0.05124922727223437,0.24811545,-0.22107383083496362,-0.0023918537894180364,1.2715544611132832,0.0,-0.5,0.25394287109375,-0.30930712819099426,1.002685308456421,12909,0.000270226146,-0.011563613032922148,0.9926906228065491,0.3341536194086075,0.02619794,0.2,-34.08246994018555
3968,219.55,86,0.0,399,0.0,0.0,-119.01480326999999,0.7051749372095613,0.0,0.0,12.846382592028931,-0.3966112430997749,0.0,62.2288375,-0.10771020257748465,-0.011322276894968368,0.01,-7.529905092979839e-06,-0.1430745610466831,-0.046554116487772926,0.03428959344453753,0.5929157825,-0.017126804086728953,29.194242400475837,-0.37452265917450117,59584572,0.0,0.0,2.6041496312245727e-05,-0.236908606658728,-0.015033528259528485,-0.14727539589608576,-0.010557725694444312,-4.70964559923532e-08,-0.49255881362374204,-0.09265030234810546,-0.05256765711974312,0.24819225,-0.22197504988700534,-0.0024703104520786036,1.2802081270259162,0.0,-0.5,0.2335205078125,-0.16536065936088562,1.003232479095459,12913,0.00027021693,-0.009928460628725589,0.9864240884780884,0.6829960748553277,0.02594927,0.2,-34.090584182739256
3969,217.6,87,0.0,403,0.0,0.0,-118.58921537,0.7219926633735565,0.0,0.0,13.27809865941683,-0.39526345453213135,0.0,62.2403575,-0.10738112635418473,-0.011111443561755169,0.01,-2.867301203107342e-05,-0.14112795800613206,-0.0470967356589819,0.03423740335173468,0.5928981185,-0.01556864673491671,29.890496263665238,-0.3643210876064396,59603004,0.0,0.0,3.1466848061730467e-05,-0.23571008877322233,-0.014900711840188893,-0.14778802744642397,-0.01034071180555543,-4.853509437665983e-08,-0.4885021942519392,-0.09279399600935773,-0.05336485696398888,0.24826905,-0.22270322721000102,-0.002419778736494371,1.2889532023268937,0.0,-0.5,0.28701171875,0.19116827845573425,1.0027198791503906,12917,0.000270207714,-0.007943954737856983,0.9743921756744385,1.2693173259496688,0.03464094,0.2,-34.086584854125974
3970,213.38,88,0.0,408,0.0,0.0,-118.31895689000001,0.7181246253576907,0.0,0.0,13.856698071960228,-0.39073906124626623,0.0,62.2518775,-0.10752608172579518,-0.011205337183527163,0.01,-5.368525269142428e-05,-0.13786855870021236,-0.04569663787185493,0.032850684356440736,0.5928804545,-0.01735846534817635,29.730359489808396,-0.3533695952196443,59621436,0.0,0.0,2.007365886432429e-05,-0.23515075669516752,-0.01486270160212978,-0.14511279375107222,-0.010286458333333217,-4.5069738630519006e-08,-0.49247817565229773,-0.09212638210644908,-0.05205139635888856,0.24834585,-0.22273095527522552,-0.0024316476633981076,1.2722911618902795,0.0,-0.5,0.2094970703125,-0.03293025493621826,1.0023467540740967,12921,0.000270198498,-0.012288852035999298,0.9867687821388245,0.636795025318861,0.024438636,0.2,-34.08122863769531
3971,205.16,89,0.0,413,0.0,0.0,-117.46086078999998,0.7540767302533375,0.0,0.0,12.93480610281063,-0.4042052767630737,0.0,62.263397499999996,-0.10736768285317698,-0.010942471662619207,0.01,-9.013824486154652e-06,-0.13921551788586564,-0.04656919668584871,0.0343798797456257,0.5928627905,-0.01691874072194979,31.218776632488172,-0.3707295284627033,59639868,0.0,0.0,2.061613486148417e-05,-0.24295861899972815,-0.015179803056671307,-0.1486918235847862,-0.010319010416666545,-4.722373355028967e-08,-0.48757618379325557,-0.09092197978437432,-0.05220362535098106,0.24842265,-0.22124280697899767,-0.002465593209421559,1.2722140433326539,0.0,-0.5,0.27298583984375,0.421504944562912,1.0026915073394775,12925,0.00027018928199999996,-0.007948816218413413,0.9740158915519714,1.3511332243680954,0.03463446,0.2,-34.08310413360596
3972,217.16,90,0.0,417,0.0,0.0,-118.65720998,0.8586746647775614,0.0,0.0,15.361257071633505,-0.3933258004645822,0.0,62.2749175,-0.10756864208683606,-0.010931630564421174,0.01,-2.355490721668707e-05,-0.13643119800776157,-0.046845749477316886,0.03362754585239783,0.5928451265,-0.019910405100543156,35.54913112179104,-0.3670107821630439,59658300,0.0,0.0,2.3871378895516198e-05,-0.2323724230218277,-0.014814430735958478,-0.14703349525968057,-0.010329861111110986,-4.836831220673355e-08,-0.5002117277319199,-0.09252880955817498,-0.0506092221940737,0.24849945,-0.21822119196314027,-0.0024109530857545887,1.2903686957873757,0.0,-0.5,0.2909423828125,0.007738202810287476,1.0023114681243896,12929,0.00027018006599999997,-0.007734486449044198,0.9703643321990967,1.3858858615159988,0.027748615,0.2,-34.08148403167725
3973,213.13,91,0.0,422,0.0,0.0,-118.09981579000001,0.7094341648836733,0.0,0.0,13.44652519150474,-0.3954482872320868,0.0,62.2864375,-0.10736839452322502,-0.011126744837000182,0.01,-2.2586233572093243e-05,-0.13743386624876067,-0.04682511869689767,0.03347064510606139,0.5928274625000001,-0.016429648062007293,29.370574426184074,-0.36829332656214653,59676732,0.0,0.0,2.983922604471445e-05,-0.24145380015866832,-0.015275127492435045,-0.14772104363253344,-0.010861545138888738,-4.6770007241703763e-08,-0.49241422499270004,-0.09208555298841119,-0.050206712605990404,0.24857625,-0.21617590204860346,-0.0025011264056321943,1.2581722016222758,0.0,-0.5,0.23978271484375,-0.16414111852645874,1.0024009943008423,12933,0.00027017085,-0.012518611608538777,0.9854302406311035,0.676551716029644,0.025807869,0.2,-34.080040550231935
3974,217.6,92,0.0,426,0.0,0.0,-118.87556915999998,0.7092308940212979,0.0,0.0,14.034895727791644,-0.3944425871250657,0.0,62.297957499999995,-0.10743904790371153,-0.011193391815200317,0.01,-1.9089206008855133e-05,-0.13519605044103827,-0.047282770257450896,0.03298811486088182,0.5928097985,-0.01683993911622868,29.362159012481733,-0.35897196111090524,59695164,0.0,0.0,2.3328854391972225e-05,-0.23434376777423338,-0.015078471947920613,-0.1458590206323523,-0.010460069444444319,-4.719515341731115e-08,-0.4875180079326253,-0.08994200351564316,-0.04982221105161582,0.24865305,-0.21168174743774001,-0.00246714649423253,1.261456123856196,0.0,-0.5,0.265234375,-0.04266655445098877,1.0026739835739136,12937,0.000270161634,-0.008744695479981602,0.9850317239761353,0.731474581360817,0.026649276,0.2,-34.083815002441405
3975,219.55,93,0.0,431,0.0,0.0,-118.76522757000001,0.7306669639629744,0.0,0.0,14.201599552792416,-0.3913758180324673,0.0,62.3094775,-0.10757804099427465,-0.010863688718853022,0.01,-5.228148047854258e-06,-0.13600968604279917,-0.04726959775429407,0.03342415112799246,0.5927921345,-0.018528844056870893,30.24961230806714,-0.3682127168101082,59713596,0.0,0.0,3.1466809256623186e-05,-0.23195269435757637,-0.015078323229641295,-0.14635406919050323,-0.010362413194444321,-4.59840956767827e-08,-0.4986206179754304,-0.0908637153247274,-0.0487962977282731,0.24872985,-0.21934957952047532,-0.002455145172273986,1.2727400772848534,0.0,-0.5,0.2515869140625,-0.056608229875564575,1.0030343532562256,12941,0.000270152418,-0.009515050979098305,0.9834982752799988,0.7813647240400314,0.026569169,0.2,-34.089019012451175
3975,224.41,94,0.0,435,0.0,0.0,-119.31226142,0.759043462707716,0.0,0.0,15.980125234379337,-0.39349989937201596,0.0,62.3209975,-0.1075729525290894,-0.01096129742778785,0.01,-2.3190714847108746e-05,-0.13334349208332752,-0.04670563150018407,0.03358969409753552,0.5927744705,-0.01980610439204611,31.424399356099443,-0.37147065329705575,59732028,0.0,0.0,2.4956398798773687e-05,-0.23590776275106068,-0.015093130368357141,-0.14671393255784132,-0.010145399305555445,-4.708397509573438e-08,-0.49265978306099445,-0.09131213980003022,-0.050104883524237885,0.24880665,-0.21769959177068332,-0.002457482764242914,1.2698725949495442,0.0,-0.5,0.2140869140625,-0.020025283098220825,1.002568244934082,12945,0.000270143202,-0.00927221670281142,0.9886673092842102,0.5302897721529007,0.023624817,0.2,-34.083876037597655
3976,225.87,95,0.0,440,0.0,0.0,-119.83154293,0.7038597997937142,0.0,0.0,13.417959736725738,-0.3937004707079871,0.0,62.3325175,-0.10749273638764997,-0.010556974713183453,0.01,-2.1976780368477785e-05,-0.12950460911896164,-0.04654130093727996,0.03295403120976757,0.5927568065,-0.019784947284885373,29.139795711459765,-0.35215608473298066,59750460,0.0,0.0,2.658410812728107e-05,-0.23322240256915933,-0.015037080281384245,-0.1462939703802984,-0.01046006944444432,-4.708381885574349e-08,-0.4950417850281484,-0.0933398869577799,-0.05008146948934154,0.24888345,-0.218709729850019,-0.00245650294688858,1.2632822895419735,0.0,-0.5,0.244482421875,-0.16036012768745422,1.0027873516082764,12949,0.000270133986,-0.009562053647823632,0.991065502166748,0.43603445291519166,0.027396912,0.2,-34.08530941009521
3976,233.77,96,0.0,444,0.0,0.0,-120.01006869999999,0.7480361451678212,0.0,0.0,14.813688084594315,-0.3917275363395501,0.0,62.3440375,-0.10744092915476817,-0.010111438806327585,0.01,-1.2092020696654879e-05,-0.12554197104252812,-0.046711398348660775,0.03197700319276756,0.5927391425,-0.020108159215952683,30.9686964099478,-0.3651661301745137,59768892,0.0,0.0,1.4105782611295581e-05,-0.22623984702273756,-0.014903141296932229,-0.14687150416772887,-0.010134548611110997,-4.7945860066954586e-08,-0.5077961769888568,-0.09022177350190697,-0.048202518421254476,0.24896025,-0.21566568374106576,-0.002413402489423702,1.262755589739869,0.0,-0.5,0.2334716796875,-0.08120700716972351,1.0023647546768188,12953,0.00027012476999999996,-0.011567658092826606,0.9906004071235657,0.4699716791510582,0.02511395,0.2,-34.0813648223877
3977,231.88,97,0.0,449,0.0,0.0,-119.80460493000001,0.7062711116259732,0.0,0.0,12.932378165655674,-0.39235653158880274,0.0,62.3555575,-0.10751071199012878,-0.010402950800902703,0.01,-0.00010555362861023239,-0.13038773620415334,-0.04684235167714926,0.03211724041355333,0.5927214785,-0.02002922042609296,29.23962402131529,-0.3646082751475884,59787324,0.0,0.0,1.3020733604207635e-05,-0.2312298577713026,-0.01495878983862656,-0.14710466054790156,-0.010199652777777662,-4.53990377127688e-08,-0.5025069888621803,-0.0921670839950894,-0.0498037919259917,0.24903705,-0.21779833956903305,-0.0024340864765746272,1.27830929205236,0.0,-0.5,0.25220947265625,0.09751656651496887,1.0025304555892944,12957,0.000270115554,-0.014781791111454367,0.9943698048591614,0.3024230655282736,0.028434407,0.2,-34.08361968994141
3976,228.51,98,0.0,454,0.0,0.0,-119.45774736000001,0.7896831201765315,0.0,0.0,13.587627821647683,-0.3936959535481409,0.0,62.3670775,-0.10768889858746604,-0.011070873010601064,0.01,-3.909849707048714e-05,-0.13831581796693515,-0.04675196245212146,0.03333779655833568,0.5927038145,-0.017717214362669945,32.69288117530841,-0.3571376177750481,59805756,0.0,0.0,2.2243776281053822e-05,-0.23108419598478924,-0.014971334176322772,-0.146570143685918,-0.010644531249999862,-4.5102422537470064e-08,-0.4936523528730901,-0.09287816173455223,-0.05037128352821869,0.24911385,-0.22087222796317613,-0.0024486205103591303,1.287308838239258,0.0,-0.5,0.261328125,-0.16993366181850433,1.0027844905853271,12961,0.000270106338,-0.012753364315722137,0.9938004612922668,0.3167062696069479,0.028049866,0.2,-34.085892868041995
3975,242.69,99,0.0,459,0.0,0.0,-120.7221103,0.7334003255783554,0.0,0.0,15.151513953306402,-0.3862826015367691,0.0,62.378597500000005,-0.10760945805555082,-0.01139450642056233,0.01,-3.239552769812348e-05,-0.13711920431503793,-0.046150921588233265,0.03303453141437415,0.5926861505000001,-0.015569732529305233,30.362773478943915,-0.34963011129142996,59824188,0.0,0.0,4.0147308027371764e-05,-0.2336080668736152,-0.014956003802585363,-0.14652675365839277,-0.010416666666666545,-4.6639866905846604e-08,-0.49492927524419916,-0.09227444853281802,-0.05024993608888829,0.24919065,-0.22186239794788162,-0.002453980912343299,1.2780425601979095,0.0,-0.5,0.281689453125,0.024921774864196777,1.002636194229126,12965,0.000270097122,-0.006111836759373546,0.9869820475578308,0.5109455026686192,0.033630952,0.2,-34.08360576629639
3975,227.69,100,0.0,463,0.0,0.0,-119.36672923999998,0.7106746929658447,0.0,0.0,13.372445063711902,-0.38813818046125853,0.0,62.3901175,-0.1075757266322948,-0.011114093536052994,0.01,-2.2608125723397267e-05,-0.13726539836231944,-0.04621494611261396,0.03365423567919259,0.5926684865,-0.017948063169670705,29.42193228878597,-0.3581707498526003,59842620,0.0,0.0,2.6041447805861633e-05,-0.2325513981861905,-0.015066479953398429,-0.1472176635846436,-0.010536024305555428,-4.694537595603144e-08,-0.4886222387848274,-0.09206889372911681,-0.050478295975172276,0.24926745,-0.2246814437210197,-0.0024542170116716865,1.2824162065688665,0.0,-0.5,0.257177734375,-0.10134157538414001,1.003136157989502,12969,0.000270087906,-0.012439690809696913,0.9880635738372803,0.5226270511746407,0.028871804,0.2,-34.089412689208984
3975,218.9,101,0.0,468,0.0,0.0,-119.53030641000001,0.7910272753893783,0.0,0.0,14.424302631542325,-0.39479671739231065,0.0,62.4016375,-0.10753860691244119,-0.010255523966484846,0.01,-3.2220851866547525e-06,-0.12224255842450879,-0.04723814771020675,0.030821697609423264,0.5926508225,-0.01951368065460378,32.74852920112026,-0.3510272960168189,59861052,0.0,0.0,2.224378598233064e-05,-0.22868836020504546,-0.015001615214590893,-0.1490136671428767,-0.010525173611110985,-4.669575629156939e-08,-0.5043646993429393,-0.0907199938783337,-0.04669965007939955,0.24934425,-0.2221152413381677,-0.0024308110364766877,1.2492028627003162,0.0,-0.5,0.234033203125,-0.16831673681735992,1.0027925968170166,12973,0.00027007869,-0.010499220690689981,0.9902486801147461,0.47183980643749235,0.028401474,0.2,-34.08754920959473
3976,223.95,102,0.0,472,0.0,0.0,-119.28214656,0.7141809749295112,0.0,0.0,13.91840819509903,-0.38498650444406846,0.0,62.413157500000004,-0.1074094961847117,-0.010703375275305526,0.01,-4.982114704072198e-06,-0.13096569796919663,-0.046415769468444154,0.03216858104724756,0.5926331585,-0.01858337012365357,29.567092362081763,-0.3565947806969942,59879484,0.0,0.0,1.41057923125724e-05,-0.22783907533380474,-0.014987877192055346,-0.1473427268532093,-0.010546874999999867,-4.599301806864837e-08,-0.5010146580680197,-0.0921741270946321,-0.0469865743419094,0.24942105,-0.22289746208895866,-0.002419988522289438,1.2746467224489062,0.0,-0.5,0.25625,-0.017170608043670654,1.0019892454147339,12977,0.00027006947399999995,-0.008415738120675087,0.9824573397636414,0.7394323602318764,0.019617971,0.2,-34.077621650695804
3977,227.86,103,0.0,477,0.0,0.0,-119.30309641000002,0.7168349481559104,0.0,0.0,13.664984211303846,-0.39222172407328887,0.0,62.4246775,-0.1075360328280243,-0.010271801671787407,0.01,-3.313813976711536e-05,-0.13436502707395392,-0.0464785487144262,0.03372679864610179,0.5926154945000001,-0.01680915097596072,29.67696685365469,-0.3564138511979951,59897916,0.0,0.0,1.57333561219275e-05,-0.23189378425572102,-0.015164720430937731,-0.14886086501363238,-0.010904947916666512,-4.5996092026872286e-08,-0.4918572724317605,-0.0933632746341197,-0.04960440739501171,0.24949785,-0.21957618629782336,-0.002455255728274297,1.2686048777077157,0.0,-0.5,0.2303466796875,-0.2952737510204315,1.0027868747711182,12981,0.00027006025799999997,-0.010737304878421127,0.991435706615448,0.42331480905413627,0.025625115,0.2,-34.08543682098389
3977,215.5,104,0.0,481,0.0,0.0,-118.34984218000001,0.7135685882057976,0.0,0.0,12.958144961413398,-0.3939977269958358,0.0,62.4361975,-0.10736566417721888,-0.01063275790581755,0.01,-0.00011435297609982127,-0.13539053997693407,-0.047433033515597696,0.033082066919848524,0.5925978305,-0.01665764830896579,29.54173955172002,-0.3444074129980044,59916348,0.0,0.0,3.092426535052558e-05,-0.23225898669010514,-0.014937308386817965,-0.14755334804976472,-0.010904947916666512,-4.56789520435964e-08,-0.49690352584436365,-0.09244010416538492,-0.049109947387576985,0.24957465,-0.2197889219292816,-0.0024163079296301597,1.2767462191984216,0.0,-0.5,0.2296875,-0.1703788936138153,1.0022954940795898,12985,0.000270051042,-0.011079770838841796,0.9902833700180054,0.4931804001331329,0.025861394,0.2,-34.08029842376709
3978,220.12,105,0.0,486,0.0,0.0,-118.90954209,0.7102573130407008,0.0,0.0,13.226214600557672,-0.39074106682981213,0.0,62.447717499999996,-0.10771640082555918,-0.010943263637982077,0.01,-4.533967002701717e-05,-0.14047306285552508,-0.04708838925847572,0.033528790275525175,0.5925801665,-0.018575774479864374,29.404652759885014,-0.3559227061148925,59934780,0.0,0.0,3.309439246853193e-05,-0.23558171786956766,-0.015120119914751266,-0.14837347877669935,-0.010796440972222073,-4.669024887060234e-08,-0.5004390487736418,-0.09490974533825046,-0.049573586751306783,0.24965145,-0.22611562914684902,-0.0024517893228248656,1.2815186844841202,0.0,-0.5,0.2517578125,0.055378109216690063,1.002160668373108,12989,0.000270041826,-0.010180093918461353,0.9900609850883484,0.5395365573465825,0.027299631,0.2,-34.078772926330565
3979,214.2,106,0.0,490,0.0,0.0,-118.56064552999999,0.7066452957040352,0.0,0.0,13.708757339521618,-0.3885546824040449,0.0,62.4592375,-0.10749513771739598,-0.01032522371337151,0.01,-3.458311032501329e-05,-0.13993698610741098,-0.04596869439213352,0.034279038601709604,0.5925625025,-0.018051552657400154,29.255115242147056,-0.34723357290075757,59953212,0.0,0.0,3.0381740846981604e-05,-0.23400186896028352,-0.015193463721770313,-0.14807469427449013,-0.010622829861110971,-4.686441090582702e-08,-0.48899827744550933,-0.09267626460058782,-0.05085884408232978,0.24972825,-0.2255755634590465,-0.0024630410327670643,1.2903053278854744,0.0,-0.5,0.25845947265625,-0.26459115743637085,1.0028010606765747,12993,0.00027003261,-0.012559201987460255,0.9914110898971558,0.42807106375694276,0.029858846,0.2,-34.0850341796875
3979,211.04,107,0.0,495,0.0,0.0,-117.50099679999995,0.7286113740507056,0.0,0.0,13.280943344070963,-0.39458464623110295,0.0,62.4707575,-0.10741368283653545,-0.010962924059843601,0.01,-3.991621099113228e-05,-0.14008500267074728,-0.0464820200744753,0.034207997633553956,0.5925448385000001,-0.014612296622039543,30.16451088569921,-0.36480391740569984,59971644,0.0,0.0,2.441388399650653e-05,-0.23640721528425696,-0.015350865666852703,-0.14805260843277196,-0.01103515624999984,-4.798607633269648e-08,-0.48894362924025825,-0.09151905630376789,-0.051613654638123015,0.24980505,-0.2223486728722864,-0.0025006934284391323,1.2877860607372311,0.0,-0.5,0.24072265625,-0.1713254749774933,1.002336859703064,12997,0.000270023394,-0.009000995277892799,0.9893863797187805,0.5721074126660823,0.02498528,0.2,-34.080716133117676
3980,223.34,108,0.0,500,0.0,0.0,-118.43660795,0.7307416536477933,0.0,0.0,14.340928784050003,-0.3871363463464508,0.0,62.482277499999995,-0.10749854922604216,-0.011276338842623319,0.01,-0.00010003346860284104,-0.13998426274908676,-0.046332350146313574,0.0337568533132355,0.5925271745,-0.014143684442387894,30.25270446101864,-0.35421587070063004,59990076,0.0,0.0,4.231748365176221e-05,-0.2381914253874146,-0.015096687433652988,-0.1479230443774298,-0.010579427083333197,-4.690007603834458e-08,-0.47796631498664977,-0.09316935357848251,-0.05078885209051162,0.24988185,-0.22767647867787583,-0.0024551464592582643,1.2922753432752039,0.0,-0.5,0.221923828125,0.18307766318321228,1.0024170875549316,13001,0.000270014178,-0.008173858968075366,0.989443838596344,0.5730653136968613,0.024151996,0.2,-34.080126953125
3966,225.57,109,0.0,506,0.0,0.0,-118.58787905000001,0.7127317697455731,0.0,0.0,13.999939524274076,-0.3969793084157457,0.0,62.4937975,-0.10752951795961234,-0.010659541971659603,0.01,-1.4912995856078963e-05,-0.13469558170116794,-0.04706631569362572,0.033500903124055466,0.5925095105,-0.01537849042021359,29.507095267466724,-0.35524090822776827,60008508,0.0,0.0,1.953110525694986e-05,-0.23740213283709755,-0.015227739344824458,-0.1490724689873003,-0.010644531249999862,-4.542731250673966e-08,-0.4865982508829172,-0.09389051332079851,-0.04789487619281487,0.24995865,-0.22338231456082347,-0.002466419039518382,1.2815580395261945,0.0,-0.5,0.22093505859375,-0.283916175365448,1.002798318862915,13005,0.00027000496199999996,-0.008671112614683807,0.9923895001411438,0.39426068142056464,0.021274641,0.2,-34.085018157958984
3967,222.75,110,0.0,510,0.0,0.0,-118.84301684000002,0.7331003453053724,0.0,0.0,14.155457462552139,-0.3964709853935447,0.0,62.5053175,-0.107502996127471,-0.01062129815122487,0.01,-2.996690681795344e-05,-0.1387653254897978,-0.04717173983175363,0.03537929000379866,0.5924918465,-0.014974708942140246,30.350354295642415,-0.3575151040143237,60026940,0.0,0.0,6.184867622020344e-05,-0.2347796034526264,-0.015272580687285384,-0.14782220554651296,-0.010677083333333191,-4.865766094187476e-08,-0.48776458852118487,-0.09141570632139376,-0.049324209350689416,0.25003545,-0.21727533729267076,-0.0024788906384772265,1.2724973009760754,0.0,-0.5,0.2314697265625,-0.3180391192436218,1.003003716468811,13009,0.000269995746,-0.010078636207617819,0.9928616285324097,0.35902174226939676,0.023981899,0.2,-34.088864135742185
3968,220.35,111,0.0,515,0.0,0.0,-118.80365105000001,0.7487823448775195,0.0,0.0,14.674442850954314,-0.3932115679771047,0.0,62.516837499999994,-0.1072693414746318,-0.010650020516869087,0.01,-6.97886786756548e-05,-0.13382396511274453,-0.04665498972970454,0.03319294044720821,0.5924741825000001,-0.016050416394136846,30.999589077929304,-0.3467047144637312,60045372,0.0,0.0,2.7669108627984922e-05,-0.2304819471089169,-0.014993974943537899,-0.14795607803607247,-0.010622829861110976,-4.704611474602099e-08,-0.4841664600180453,-0.09040184441472843,-0.05050913710072514,0.25011225,-0.2216835433881544,-0.0024288116035752565,1.2866386627100785,0.0,-0.5,0.27117919921875,0.01274767518043518,1.0025471448898315,13013,0.00026998653,-0.008646511402912439,0.9831385612487793,0.8068668961524963,0.03130603,0.2,-34.08285026550293
3969,212.49,112,0.0,520,0.0,0.0,-118.15141604,0.762787569341931,0.0,0.0,17.048520317496507,-0.3980650490087573,0.0,62.528357500000006,-0.10722376574177508,-0.009995960660300344,0.01,-8.440271723067774e-05,-0.12744555971677002,-0.04733388524913664,0.03349639865779934,0.5924565185,-0.014837992193254953,31.579405370755943,-0.35334120291432486,60063804,0.0,0.0,2.387141770062347e-05,-0.2332540988560351,-0.015210181090723866,-0.1481992480004889,-0.010904947916666517,-4.757229885226992e-08,-0.4865001853947638,-0.08982658004473532,-0.0483060520656716,0.25018905,-0.2150650496314238,-0.002473080524231945,1.261916557207171,0.0,-0.5,0.1971435546875,-0.06598252058029175,1.0024335384368896,13017,0.000269977314,-0.009770459367427976,0.9894725680351257,0.5607723087072373,0.020629669,0.2,-34.08169746398926
3971,230.66,113,0.0,524,0.0,0.0,-119.41444075000001,0.729461302816709,0.0,0.0,13.914510023031136,-0.3949536993968874,0.0,62.5398775,-0.1074026334577478,-0.010602814681095361,0.01,-4.135102664020155e-05,-0.134437300009412,-0.04647705470600201,0.034167330437171343,0.5924388545,-0.015230920624970976,30.19969793661175,-0.350214839906867,60082236,0.0,0.0,2.6041535117353003e-05,-0.23284740340566198,-0.01520872229563199,-0.14697100156901208,-0.010590277777777641,-4.706868597624025e-08,-0.4789764148720481,-0.09226068760572909,-0.05011235457017241,0.25026585,-0.21853088793745407,-0.0024583114094387662,1.2901592665480597,0.0,-0.5,0.2190673828125,-0.12047633528709412,1.0026862621307373,13021,0.000269968098,-0.009399435273371637,0.9872400760650635,0.6205697119235992,0.02335709,0.2,-34.08397464752197
3971,230.91,114,0.0,529,0.0,0.0,-119.34086647,0.7307087342139342,0.0,0.0,15.293895631009583,-0.39010197454623136,0.0,62.5513975,-0.10743229927140589,-0.010585065682331338,0.01,-2.2909881351876792e-05,-0.13247237730489161,-0.04678097683472431,0.03387803324741739,0.5924211905,-0.014158060779057754,30.251341596456875,-0.3501008755230969,60100668,0.0,0.0,2.712656472188731e-05,-0.23432689451294897,-0.015165147702161522,-0.14654661868724864,-0.010948350694444291,-4.640535904511311e-08,-0.481105048920664,-0.09292819450008871,-0.048695195078399575,0.25034265,-0.22214765531588354,-0.0024690302637953056,1.2792823263050273,0.0,-0.5,0.252099609375,-0.02887415885925293,1.0030314922332764,13025,0.000269958882,-0.009305309155024588,0.9849664568901062,0.7243832990527153,0.027987346,0.2,-34.08765888214111
3972,222.36,115,0.0,533,0.0,0.0,-119.35688890000002,0.8305596636422872,0.0,0.0,14.476079601222398,-0.4032296046376488,0.0,62.5629175,-0.10758562860027401,-0.010377915603188048,0.01,-4.5545247463669895e-05,-0.12898040962213642,-0.04811737041174312,0.034408191226823925,0.5924035265,-0.015870026513261512,34.385170074790686,-0.345753786540324,60119100,0.0,0.0,4.394505716239413e-05,-0.23403637441450031,-0.015297582411355141,-0.1499839546030851,-0.010286458333333217,-4.638521307726e-08,-0.47341479999881364,-0.09102423573833267,-0.05199040858729112,0.25041945,-0.21641543775210467,-0.0024913031197712305,1.2549738969505204,0.0,-0.5,0.24822998046875,0.0355147123336792,1.0027730464935303,13029,0.00026994966599999995,-0.00919894624967128,0.9904487133026123,0.4363489806652069,0.02789322,0.2,-34.08653545379639
3973,224.56,116,0.0,538,0.0,0.0,-119.29056861999999,0.7334489100377102,0.0,0.0,13.8674665001278,-0.3968418495906778,0.0,62.574437499999995,-0.107333533234988,-0.010529268877484009,0.01,-4.616348588090325e-05,-0.13738488032908056,-0.04749117885857489,0.034902345547642794,0.5923858625,-0.01727098218139468,30.3647848755612,-0.34997471523930607,60137532,0.0,0.0,6.347627883466582e-05,-0.23414658521599951,-0.015184391144667122,-0.1492426229266726,-0.010362413194444326,-4.452766874579148e-08,-0.49143387712742903,-0.09079994679258369,-0.052094646743247215,0.25049625,-0.2163768826673157,-0.0024549995220066556,1.2690762558163988,0.0,-0.5,0.2529052734375,-0.20703980326652527,1.0021517276763916,13033,0.00026994044999999997,-0.014695690083317458,0.9852114319801331,0.5834499418735504,0.027775506,0.2,-34.078861999511716
3974,220.18,117,0.0,542,0.0,0.0,-118.29640709000002,0.7813375522203501,0.0,0.0,17.378500114157394,-0.39057267243224314,0.0,62.585957500000006,-0.10732220183561263,-0.011183768784265528,0.01,-9.222562721036744e-06,-0.13576422377675215,-0.04654790681053764,0.033416889375712217,0.5923681985,-0.013437035432111265,32.347374661922494,-0.3509856487532022,60155964,0.0,0.0,5.642335357454916e-05,-0.2377640184000954,-0.015159080986756742,-0.1448799174648933,-0.010687934027777637,-4.557379829171644e-08,-0.4765296557477494,-0.0918034021957978,-0.04935098145489777,0.25057305,-0.21906741699507074,-0.0024756256055515247,1.2758213948561585,0.0,-0.5,0.25106201171875,-0.08746567368507385,1.0021312236785889,13037,0.000269931234,-0.00940815224312246,0.986056923866272,0.7326002389192581,0.024523634,0.2,-34.07839832305908
3975,215.18,118,0.0,547,0.0,0.0,-118.51438481999999,0.7114736321425488,0.0,0.0,13.13666700112105,-0.39801704034932606,0.0,62.597477500000004,-0.10738727986384627,-0.010858377582115174,0.01,-2.400470650904557e-05,-0.14094598761939783,-0.047038989897553056,0.03475338242450929,0.5923505345,-0.014626539355958812,29.455008370701517,-0.3333630650581168,60174396,0.0,0.0,6.72739891645809e-05,-0.2405759587843874,-0.015342693168665702,-0.14851802506906983,-0.010666232638888749,-4.936447587537507e-08,-0.4770592521301351,-0.09198858661454332,-0.05100266741272438,0.25064985,-0.21676281993209473,-0.0024971335252997307,1.2566686382639964,0.0,-0.5,0.20572509765625,0.13482704758644104,1.0023386478424072,13041,0.000269922018,-0.010771437222138048,0.989874005317688,0.5083233091980219,0.023273436,0.2,-34.08035430908203
3976,218.93,119,0.0,551,0.0,0.0,-118.73240114000002,0.7238603183474444,0.0,0.0,13.260062590246278,-0.4063402087370334,0.0,62.6089975,-0.10743730924116575,-0.011096482341250723,0.01,-4.253250461240703e-05,-0.14050245188874755,-0.04679715701638228,0.03497261804406811,0.5923328705,-0.014968336580851529,29.967817179584195,-0.32983053261684414,60192828,0.0,0.0,4.5572640374302864e-05,-0.23905477612382187,-0.015049750191046032,-0.1457886664447555,-0.01082899305555541,-4.5485978449065324e-08,-0.4789294803540337,-0.0941874346420693,-0.05165898252991666,0.25072665,-0.21980519547778535,-0.002455809862658509,1.2722877283708733,0.0,-0.5,0.24940185546875,0.2521432340145111,1.0021591186523438,13045,0.000269912802,-0.011327756789978594,0.9696540832519531,1.4304933428764344,0.02881078,0.2,-34.07896900177002
3977,223.33,120,0.0,556,0.0,0.0,-118.71303581000001,0.7204454817445445,0.0,0.0,13.049670314035929,-0.3923844074547764,0.0,62.6205175,-0.10774583605474918,-0.010562396298246512,0.01,-1.7626534177363462e-05,-0.13941263532983353,-0.046100446908112575,0.035370101481449215,0.5923152065,-0.014765969611794895,29.82644294422414,-0.33634606787506427,60211260,0.0,0.0,3.63496073987335e-05,-0.2290545700231017,-0.014763386978783719,-0.14532385265718167,-0.01041666666666654,-4.3678551028757016e-08,-0.4904490092953565,-0.0924453444495924,-0.048337313876337384,0.25080345,-0.21742916190988257,-0.0024218102799345676,1.291945856736004,0.0,-0.5,0.19293212890625,0.15255621075630188,1.0017662048339844,13049,0.000269903586,-0.015637833159416914,0.975108802318573,1.2288186192512511,0.022840073,0.2,-34.074748039245605
3978,228.28,121,0.0,560,0.0,0.0,-120.14367326999998,0.7503970611466615,0.0,0.0,16.31190460544312,-0.3959750211742045,0.0,62.6320375,-0.10749672651272119,-0.010991811045680429,0.01,-2.291879501277172e-05,-0.14025395446489744,-0.04691479488933689,0.03558493818085304,0.5922975425,-0.01995815014298488,31.066438331471783,-0.33633040992672186,60229692,0.0,0.0,3.200932405889034e-05,-0.23142445394380473,-0.015063189081175841,-0.14483937944869474,-0.0103081597222221,-4.763264672769966e-08,-0.4895190551491368,-0.09082400627084089,-0.04983308299951453,0.25088025,-0.2143064038004031,-0.0024483458449660253,1.27671100667238,0.0,-0.5,0.2173095703125,-0.19780337810516357,1.0018854141235352,13053,0.00026989437,-0.01485318070044741,0.989435613155365,0.5208735138177871,0.026840826,0.2,-34.074869346618655
3978,237.74,122,0.0,565,0.0,0.0,-120.92109921,0.7979544839190211,0.0,0.0,13.995106898852429,-0.38823828904694546,0.0,62.6435575,-0.10753102909824463,-0.010416348280911893,0.01,-7.582239812739549e-07,-0.13193242602670205,-0.04637125730462116,0.03254708567232688,0.5922798785,-0.017893268647539016,33.035315634247475,-0.3423840921802881,60248124,0.0,0.0,2.0616173666591447e-05,-0.22470642137137103,-0.014702323328217732,-0.14747252508507133,-0.010253906249999882,-4.345653185009205e-08,-0.49644156735195705,-0.09092265997183137,-0.044818269620872604,0.25095705,-0.2122914033805828,-0.0023921155897681868,1.2748888408372006,0.0,-0.5,0.26722412109375,0.051181674003601074,1.0021588802337646,13057,0.00026988515399999996,-0.0104341231752187,0.9806137084960938,0.983714148402214,0.030934647,0.2,-34.07788715362549
3979,227.43,123,0.0,569,0.0,0.0,-120.06546247,0.7150243050670886,0.0,0.0,13.670665770614065,-0.38949266755858486,0.0,62.6550775,-0.10767810283875924,-0.01056186753275299,0.01,-3.4518461005001946e-06,-0.13333766126399907,-0.0463182070029824,0.03388162350519971,0.5922622145,-0.021329405112838786,29.602006229777466,-0.3398045187598437,60266556,0.0,0.0,2.5498981509978574e-05,-0.22567222090592048,-0.014781532592625733,-0.14747529284471722,-0.010232204861110997,-4.542005161513075e-08,-0.5006148422573982,-0.09113737066400299,-0.046188098192123286,0.25103385,-0.21603853477524448,-0.0023950843916318762,1.2810775047213052,0.0,-0.5,0.24140625,-0.252821147441864,1.0026512145996094,13061,0.000269875938,-0.015832455275813118,0.9921675324440002,0.38264974057674406,0.027664164,0.2,-34.08331718444824
3980,236.66,124,0.0,574,0.0,0.0,-120.92399590000001,0.8016371736654471,0.0,0.0,16.69892176982728,-0.39565409638892135,0.0,62.6665975,-0.10748556195632801,-0.010317531297962267,0.01,-1.3921897263691742e-06,-0.13177447761471547,-0.04670627594536946,0.032829426500228645,0.5922445505,-0.01860751238483418,33.18777898974951,-0.34391268559688953,60284988,0.0,0.0,2.332882528814177e-05,-0.2260869794854489,-0.014843763078587334,-0.14671634085045518,-0.009950086805555454,-4.4651771280736555e-08,-0.5051154305460249,-0.09084379248777034,-0.044930970834911266,0.25111065,-0.21311258553273904,-0.0024025460781869823,1.2634584327638505,0.0,-0.5,0.27554931640625,-0.20122501254081726,1.0028817653656006,13065,0.000269866722,-0.013005242578219622,0.9887530207633972,0.547101552784443,0.03047494,0.2,-34.08643131256103
3981,222.76,125,0.0,578,0.0,0.0,-119.0898999,0.7835449319309151,0.0,0.0,13.753704371593006,-0.3977902419852874,0.0,62.6781175,-0.10776719012816881,-0.010473015063500233,0.01,-5.8345107936651685e-06,-0.13636723920639587,-0.04596577092616756,0.03408866483927819,0.5922268865,-0.017469686038869742,32.438760181939884,-0.3492352401194913,60303420,0.0,0.0,1.356324840647479e-05,-0.22573561182128646,-0.014786929965579886,-0.1470753134161834,-0.010536024305555426,-4.5644694678025176e-08,-0.49823825577683994,-0.09308199699164793,-0.046564426814509625,0.25118745,-0.22009557656025425,-0.0023970837158489053,1.2833883744029793,0.0,-0.5,0.2693115234375,-0.2459360659122467,1.0027997493743896,13069,0.000269857506,-0.014372865622863173,0.9901277422904968,0.4746953196823597,0.030812675,0.2,-34.08768882751465
3981,218.07,126,0.0,583,0.0,0.0,-119.14790602999997,0.8682661866900496,0.0,0.0,15.842783720838769,-0.39415402935380905,0.0,62.6896375,-0.10776799349409116,-0.010837002866097718,0.01,-4.6628922124660045e-06,-0.13629198955870456,-0.04591418363533319,0.03416990182026284,0.5922092225,-0.015834625858891133,35.94622012896805,-0.33281002718074504,60321852,0.0,0.0,2.766903101777037e-05,-0.22796200279441964,-0.014788043746290823,-0.14814789428350314,-0.010351562499999876,-4.50186672261816e-08,-0.4922961409128504,-0.09255913208494136,-0.048702114738926376,0.25126425,-0.21776548069365884,-0.0023912710561772646,1.2826004802506306,0.0,-0.5,0.222314453125,-0.1372673213481903,1.0022497177124023,13073,0.00026984829000000003,-0.010213894146727399,0.9848459959030151,0.7648318633437157,0.023278799,0.2,-34.079715156555174
3982,222.41,127,0.0,587,0.0,0.0,-118.91431856,0.7139296168500724,0.0,0.0,13.157285595128677,-0.38719387540421907,0.0,62.7011575,-0.10772770164569365,-0.010667714287658612,0.01,-3.586389707872187e-06,-0.13409341081977075,-0.04543927635953944,0.034013402770885465,0.5921915585,-0.015830148881327152,29.556686137592997,-0.32867578845555406,60340284,0.0,0.0,2.11586884688586e-05,-0.22603789481704906,-0.014683787468972306,-0.14656947233214798,-0.010156249999999888,-4.620345179712899e-08,-0.4922711395321388,-0.09145159712594925,-0.04606089465163925,0.25134105,-0.21725411994844043,-0.002373565558096943,1.2882111860415506,0.0,-0.5,0.23660888671875,0.01736512780189514,1.0025217533111572,13077,0.000269839074,-0.011685451143421233,0.982583224773407,0.8765523582696915,0.026452377,0.2,-34.080265808105466
3983,218.53,128,0.0,592,0.0,0.0,-118.85850188,0.7424964446610449,0.0,0.0,15.915718929589117,-0.39321352223553885,0.0,62.7126775,-0.10763020917409295,-0.01082808039646504,0.01,-9.418743800397567e-07,-0.1328804482020871,-0.04604449068681652,0.033206988886377735,0.5921738945,-0.01768520648248442,30.739352808967258,-0.3423082511744467,60358716,0.0,0.0,2.929668213861684e-05,-0.22461714647991135,-0.01475423059445131,-0.14650147486079823,-0.010069444444444338,-4.4556858207714714e-08,-0.49873000324769706,-0.09280414263700859,-0.04569347730729921,0.25141785,-0.2153658334782839,-0.0023853708365905576,1.2769796412775605,0.0,-0.5,0.25416259765625,-0.3048832416534424,1.0032082796096802,13081,0.00026982985799999995,-0.01164829875342548,0.9898664355278015,0.5230421453714371,0.029134858,0.2,-34.0906120300293
3984,226.09,129,0.0,596,0.0,0.0,-119.72064765,0.7275932671217458,0.0,0.0,14.71015252652185,-0.3952952705362628,0.0,62.724197499999995,-0.10762410669526964,-0.011165387290184379,0.01,-7.56677716504625e-07,-0.13621047739738593,-0.046617490780331394,0.034288350508006056,0.5921562305,-0.016934883331284963,30.122361258840275,-0.3342877851895334,60377148,0.0,0.0,2.8754138232519228e-05,-0.22750282723440962,-0.014818583041848113,-0.14521539580526452,-0.010405815972222099,-4.3225899714856523e-08,-0.49716306165345814,-0.08921102886213524,-0.046077974184173684,0.25149465,-0.21480840881218596,-0.002413425474366659,1.2748059807041863,0.0,-0.5,0.2841796875,-0.20433710515499115,1.0033751726150513,13085,0.00026982064199999997,-0.012035201280377805,0.9912470579147339,0.4608624666929245,0.029685304,0.2,-34.09159889221191
3984,227.34,130,0.0,601,0.0,0.0,-119.19171234000001,0.8429619885539634,0.0,0.0,14.938608372685863,-0.38670297258894193,0.0,62.73571749999999,-0.10777968751226365,-0.011155745948254032,0.01,-6.762896092884896e-06,-0.1362202573379977,-0.04592208899509213,0.034276644989310406,0.5921385665000001,-0.01588074050960131,34.898626326134085,-0.3247875252515677,60395580,0.0,0.0,3.309436336470147e-05,-0.22630549328221708,-0.014767492919853095,-0.14659908853719436,-0.010156249999999888,-4.685139925884638e-08,-0.4905465381583446,-0.09219636734483762,-0.04731172847970058,0.25157145,-0.22058522769225872,-0.0023949443466766587,1.285177168144154,0.0,-0.5,0.2614013671875,-0.13584408164024353,1.0027776956558228,13089,0.000269811426,-0.008145930687896907,0.9857175946235657,0.7484138369560241,0.024229653,0.2,-34.086860275268556
3985,231.21,131,0.0,605,0.0,0.0,-120.40970890999998,0.7417956972288966,0.0,0.0,15.018699518264969,-0.3988527678875901,0.0,62.747237500000004,-0.10761448694852384,-0.01111441791005686,0.01,-1.4001078367766983e-06,-0.13892255529847078,-0.046423183926281864,0.03391464902494332,0.5921209025,-0.016035633976571262,30.71034186527632,-0.33789584593841604,60414012,0.0,0.0,3.417943177434305e-05,-0.2332230770812084,-0.015029174139910624,-0.14840993916206127,-0.010232204861110993,-4.637294055924165e-08,-0.49732874706010666,-0.091027775613366,-0.04760524529096702,0.25164825,-0.2174055798686367,-0.0024300724961122265,1.270451383651983,0.0,-0.5,0.2400634765625,0.15664049983024597,1.0024758577346802,13093,0.00026980221,-0.01073739978019148,0.9878531694412231,0.6500345826148987,0.023999363,0.2,-34.08217430114746
3986,217.15,132,0.0,610,0.0,0.0,-118.50166865,0.7306267981002852,0.0,0.0,13.982018210905089,-0.38662196720526026,0.0,62.7587575,-0.1077001442701359,-0.011306029688489672,0.01,-6.1002921282207264e-05,-0.13842916832255717,-0.045920611781084184,0.034965057782014405,0.5921032385,-0.01636251009929563,30.247949441351807,-0.33115083923365307,60432444,0.0,0.0,4.5030086766928434e-05,-0.22744676763835592,-0.014683760142756812,-0.1449865631401594,-0.010340711805555437,-4.607393872443408e-08,-0.49614098789412764,-0.09101011664002896,-0.04746691422752823,0.25172505,-0.21773859640926355,-0.0023796026420467337,1.2844441765156136,0.0,-0.5,0.22177734375,-0.0007880032062530518,1.0022472143173218,13097,0.000269792994,-0.007864966918714345,0.9720449447631836,1.2301603585481644,0.025883898,0.2,-34.079809951782224
3986,229.08,133,0.0,614,0.0,0.0,-119.37589904000001,0.7349359139589844,0.0,0.0,14.118539972976585,-0.395376838754309,0.0,62.7702775,-0.10769112875111254,-0.011039442403625081,0.01,-4.444329077880286e-06,-0.13597969586492475,-0.04664582912250404,0.03514090590920943,0.5920855745,-0.01653137250104919,30.426346837901953,-0.35078917746628907,60450876,0.0,0.0,4.340248415246606e-05,-0.23221945368474753,-0.015090032755989505,-0.14702418504692538,-0.010188802083333219,-4.5742583568962874e-08,-0.49592250715540487,-0.08901303833285609,-0.04805388537163154,0.25180185,-0.21965056827713883,-0.002461073202957916,1.2854478389454194,0.0,-0.5,0.17933349609375,-0.18540072441101074,1.002161979675293,13101,0.000269783778,-0.0106046810047701,0.9863361716270447,0.5973483428359032,0.021775236,0.2,-34.07843284606933
3987,215.43,134,0.0,619,0.0,0.0,-117.99267298999997,0.7446243764491021,0.0,0.0,12.824172475380845,-0.3912199434612338,0.0,62.781797499999996,-0.107686464959048,-0.011017128338711485,0.01,-6.418147216603785e-05,-0.1341899382120115,-0.04654544983711765,0.03481866426641377,0.5920679105,-0.016155261467146274,30.827449184992826,-0.3375899725251885,60469308,0.0,0.0,4.7200204183657966e-05,-0.23705976806516216,-0.015038782635637713,-0.1493081580392209,-0.010546874999999865,-4.5456819421253585e-08,-0.4870963315359878,-0.09326233327828858,-0.04864040253503768,0.25187865,-0.22354729930988856,-0.0024416693834855892,1.2992593660975817,0.0,-0.5,0.24168701171875,-0.06663855910301208,1.0021730661392212,13105,0.000269774562,-0.013264905859250576,0.993323028087616,0.349043981730938,0.026447479,0.2,-34.08001976013183
3988,226.73,135,0.0,623,0.0,0.0,-119.22595871999998,0.721152716962461,0.0,0.0,13.655700811212741,-0.39366665804183487,0.0,62.7933175,-0.1075962971530478,-0.011479852917176799,0.01,-2.6058227092397838e-05,-0.1410060275103523,-0.04671029174992316,0.034996961507738976,0.5920502465,-0.017661606571184367,29.855722482245884,-0.3399384605210136,60487740,0.0,0.0,4.557260156919559e-05,-0.2312008205876871,-0.015022156041037106,-0.1486767081384729,-0.010101996527777669,-4.507858299331567e-08,-0.49365652962281864,-0.09253274312698512,-0.04843091148373762,0.25195545,-0.21721101814217852,-0.0024191666704993643,1.293052473925339,0.0,-0.5,0.2084716796875,-0.051762133836746216,1.0023448467254639,13109,0.00026976534599999996,-0.010574892233125865,0.9879618287086487,0.643475989997387,0.021870315,0.2,-34.078551292419434
3977,221.03,136,0.0,630,0.0,0.0,-119.05126129000001,0.7379951278661936,0.0,0.0,13.538825326094974,-0.40310256653839577,0.0,62.804837500000005,-0.10747300956194904,-0.011360972216190727,0.01,-4.4605407752070366e-05,-0.13828861072342558,-0.047471810911731235,0.03536482365062446,0.5920325825,-0.017057495717179134,30.552998293660412,-0.3514441578447045,60506172,0.0,0.0,3.5264509885261454e-05,-0.2365656284843148,-0.015279445665770787,-0.15226886218399563,-0.01050347222222209,-4.6941661482292e-08,-0.492506549684625,-0.0911439126941146,-0.04941238933570593,0.25203225,-0.21971095688392042,-0.0024636166295031138,1.2721169030115125,0.0,-0.5,0.23736572265625,-0.039651185274124146,1.0026732683181763,13113,0.00026975613,-0.01249941069399938,0.9936742186546326,0.3592496275901794,0.025827339,0.2,-34.08446979522705
3977,229.51,137,0.0,634,0.0,0.0,-119.72476990999999,0.74129593056668,0.0,0.0,13.809687476896006,-0.4035532950163767,0.0,62.8163575,-0.10742035662749426,-0.010656892242835487,0.01,-3.0944738669335104e-05,-0.13763251653966932,-0.047634916847680474,0.03612209469459173,0.5920149185,-0.015346481235206334,30.68965152546055,-0.34584203042983586,60524604,0.0,0.0,4.285990144126117e-05,-0.23730088757918522,-0.015489935926405074,-0.15140799354780693,-0.010438368055555433,-4.777397460515005e-08,-0.4853259600806491,-0.09042938829142999,-0.05147591269383388,0.25210905,-0.21602366027659362,-0.0025004953605301697,1.2638325610426333,0.0,-0.5,0.26270751953125,0.27003446221351624,1.0028562545776367,13117,0.000269746914,-0.008498148756916634,0.9760423898696899,1.2847203254699706,0.033991132,0.2,-34.08513889312744
3978,207.33,138,0.0,639,0.0,0.0,-117.43603966999999,0.7246021778014016,0.0,0.0,14.088485428443017,-0.38789705730789303,0.0,62.8278775,-0.10742649506807944,-0.011040068980367515,0.01,-1.7352657897619167e-05,-0.13685307353376105,-0.046490018525250726,0.035541890356017986,0.5919972545000001,-0.014465814842777844,29.998530160978024,-0.3461851880517942,60543036,0.0,0.0,3.309439246853193e-05,-0.22979906095829788,-0.015104127730935363,-0.1512505718874712,-0.010579427083333197,-4.464695851410122e-08,-0.4854839513658441,-0.09081657797349398,-0.04822396399731642,0.25218585,-0.21656986084583682,-0.002438906190377978,1.2721037598534988,0.0,-0.5,0.24837646484375,-0.15259796380996704,1.0028619766235352,13121,0.000269737698,-0.010435138817410917,0.986228883266449,0.7059462130069732,0.026771123,0.2,-34.088431167602536
3979,226.07,139,0.0,643,0.0,0.0,-119.59780572,0.7733575278112959,0.0,0.0,13.35741567590797,-0.39411172793728744,0.0,62.8393975,-0.1071812906908083,-0.011272493557946694,0.01,-7.359970391227273e-07,-0.13701320471238204,-0.04696409366841717,0.03623523752843104,0.5919795905,-0.0153028064410642,32.017001651387645,-0.3407868225896361,60561468,0.0,0.0,7.215677760541439e-05,-0.2303029235609233,-0.01504609138604207,-0.1494378893278956,-0.010199652777777662,-4.57589291182856e-08,-0.48765409165834,-0.09082657334446392,-0.04763981311161543,0.25226265,-0.2178679568802593,-0.0024266050310445316,1.277883414554325,0.0,-0.5,0.25753173828125,0.16032102704048157,1.002328872680664,13125,0.00026972848200000003,-0.005821338086389005,0.9785663485527039,1.1067378103733063,0.034597393,0.2,-34.080819320678714
3979,227.64,140,0.0,648,0.0,0.0,-119.40866940000002,0.7821895508551837,0.0,0.0,19.133744451301748,-0.39629855349099175,0.0,62.8509175,-0.10732711231355749,-0.012209982998371699,0.01,-8.33877723903379e-05,-0.1446108255278316,-0.04683980460283213,0.03642486393636763,0.5919619265,-0.016105214277760953,32.382647405404605,-0.34243966237152823,60579900,0.0,0.0,7.378433171349268e-05,-0.23737170364259294,-0.015180207535736246,-0.14935567754498827,-0.01026475694444433,-4.638941974795621e-08,-0.48340760688921214,-0.09243565435932324,-0.04919035045877365,0.25233945,-0.2215759389776508,-0.002466841911975528,1.2945312750926972,0.0,-0.5,0.29609375,0.22028687596321106,1.0022244453430176,13129,0.000269719266,-0.0070765082025900485,0.9762821793556213,1.1964759826660156,0.037689485,0.2,-34.07942142486572
3980,230.61,141,0.0,652,0.0,0.0,-119.99398396000001,0.7257207411530839,0.0,0.0,13.57832575734384,-0.3945390913132176,0.0,62.8624375,-0.10738456649029426,-0.01106524318281745,0.01,-4.193916344278744e-06,-0.13900535704564845,-0.04679212346837052,0.035736410320930195,0.5919442625,-0.02073587305171208,30.044838683737673,-0.3437116649384603,60598332,0.0,0.0,4.177491064183414e-05,-0.233087307707264,-0.015219325339881355,-0.15108215977169837,-0.010264756944444326,-4.623103867033969e-08,-0.5000495371249134,-0.09208623089124657,-0.0479643833000068,0.25241625,-0.21595026674382142,-0.002455511407271357,1.2770022951319924,0.0,-0.5,0.233349609375,0.05674999952316284,1.0021605491638184,13133,0.00026971004999999995,-0.008993915456812829,0.9830518960952759,0.968783649802208,0.024356386,0.2,-34.07797050476074
3980,222.27,142,0.0,657,0.0,0.0,-118.85229967,0.7186279600613943,0.0,0.0,13.54784421744907,-0.39195995091712077,0.0,62.8739575,-0.10748388751111082,-0.012007594826032192,0.01,-2.6265390409375544e-06,-0.14029920154864572,-0.04704555971642194,0.035955308838961586,0.5919265985,-0.01799784249063426,29.75119754654172,-0.32515241229528447,60616764,0.0,0.0,6.239113281480968e-05,-0.23916512086266944,-0.015279796692521531,-0.14875423209066063,-0.01018880208333323,-4.528599893917477e-08,-0.4841728203438254,-0.09291357635593216,-0.048376663445749334,0.25249305,-0.21811054828208828,-0.0024677905005322373,1.2843500035006854,0.0,-0.5,0.2310791015625,-0.1842310130596161,1.0032930374145508,13137,0.00026970083399999997,-0.012958975392393768,0.9916369915008545,0.4070048451423645,0.026454385,0.2,-34.0906042098999
3981,215.26,143,0.0,662,0.0,0.0,-118.75556110999997,0.7339518317586173,0.0,0.0,13.824819834725021,-0.39797194460913254,0.0,62.8854775,-0.1072386599833184,-0.012222181427689976,0.01,-1.1499115241585037e-05,-0.14098966278493974,-0.04752421797443657,0.03650155763598367,0.5919089345,-0.01679436668119807,30.385605834806757,-0.33515421077227525,60635196,0.0,0.0,8.897524094209075e-05,-0.23909412904089475,-0.015220383820630243,-0.14972638572742014,-0.010026041666666562,-4.7732713214757785e-08,-0.4837850353753928,-0.0922698244105859,-0.04882153072278871,0.25256985,-0.2175096490437306,-0.0024685011922383118,1.2753036221660181,0.0,-0.5,0.24835205078125,-0.29415854811668396,1.0027737617492676,13141,0.000269691618,-0.010431709606200457,0.9903030395507812,0.5141666054725647,0.023219582,0.2,-34.08803100585938
3981,227.64,144,0.0,666,0.0,0.0,-119.77857606000002,0.7259789760774822,0.0,0.0,13.515621436116824,-0.3907827562705257,0.0,62.8969975,-0.10742468802534887,-0.011697854092291633,0.01,-1.0993357778187544e-05,-0.13908414634175478,-0.04654199558856572,0.03586574822155225,0.5918912705,-0.019162930523937877,30.05552960960776,-0.33218137687845223,60653628,0.0,0.0,5.0455506425350904e-05,-0.231134559328906,-0.01496132926403766,-0.14745426192475405,-0.010514322916666539,-4.467507085645045e-08,-0.49748076092025634,-0.09218977486071196,-0.048115330107965454,0.25264665,-0.21246354721051083,-0.0024209396939658947,1.2839840412173564,0.0,-0.5,0.23336181640625,0.3122694790363312,1.0020427703857422,13145,0.000269682402,-0.009731341991573573,0.9766044616699219,1.0382760405540465,0.025304338,0.2,-34.078149223327635
3982,220.09,145,0.0,671,0.0,0.0,-119.04114827000004,0.7902986767059834,0.0,0.0,15.750502315224622,-0.396767108816428,0.0,62.9085175,-0.107460466565633,-0.011982250920566115,0.01,-4.671774237522056e-06,-0.14221410907005252,-0.04705362061655885,0.037005859863542864,0.5918736065,-0.016728855512661137,32.71836521562771,-0.33188040191462054,60672060,0.0,0.0,8.734774504167338e-05,-0.2359296466454042,-0.015084554170362157,-0.14823776722817977,-0.010058593749999897,-4.6502854986642733e-08,-0.48638887828347127,-0.09076651012578636,-0.04825850039161253,0.25272345,-0.214473249538052,-0.002439605747785353,1.2689687923742103,0.0,-0.5,0.235107421875,-0.26995062828063965,1.0020551681518555,13149,0.00026967318599999997,-0.012266254128189758,0.9920415878295898,0.41092532575130464,0.026733315,0.2,-34.07606601715088
3983,239.27,146,0.0,675,0.0,0.0,-120.96006811000001,0.7184334856782648,0.0,0.0,13.32876578094357,-0.3916959282683287,0.0,62.9200375,-0.10761519218249964,-0.011950578475115419,0.01,-2.2980158837181364e-05,-0.14111898618917623,-0.04683384638425189,0.0359089635885636,0.5918559425000001,-0.019607267326339044,29.743146307080163,-0.3299861274348967,60690492,0.0,0.0,6.130609350899856e-05,-0.23474787048207318,-0.014948075265382749,-0.14807932655813183,-0.010004340277777682,-4.4089644494148935e-08,-0.4875561857775545,-0.09291947862602139,-0.04864357063992914,0.25280025,-0.21604678138175995,-0.002400179880374718,1.2780938543732971,0.0,-0.5,0.3010498046875,-0.16896362602710724,1.0025408267974854,13153,0.00026966397,-0.008015989972045645,0.9834948778152466,0.7775272086262703,0.034264136,0.2,-34.08226432800293
3983,224.81,147,0.0,680,0.0,0.0,-119.32259712999998,0.706418652969232,0.0,0.0,12.91859518710572,-0.39273569433672556,0.0,62.9315575,-0.10731968334285714,-0.012072917581923113,0.01,-1.228446864224393e-05,-0.1386031055473298,-0.046919182929074155,0.03615066944947873,0.5918382785,-0.016618043421961676,29.245732232926205,-0.3261529237115639,60708924,0.0,0.0,5.26255559331427e-05,-0.23958602172397953,-0.015348904773298502,-0.14918428925016483,-0.010416666666666541,-4.637427288650108e-08,-0.4751271846119665,-0.09253717597145332,-0.048090045791840084,0.25287705,-0.21296729331867592,-0.0024748036223938524,1.2861837901227713,0.0,-0.5,0.23309326171875,-0.28436052799224854,1.0024235248565674,13157,0.000269654754,-0.01309180639218539,0.9907721281051636,0.43607497215270996,0.027425285,0.2,-34.08142719268799
3984,223.93,148,0.0,684,0.0,0.0,-119.09991195,0.8151301706499072,0.0,0.0,14.001679205209523,-0.39627497397811934,0.0,62.943077499999994,-0.10750520394236322,-0.011407613374229313,0.01,-1.52664369101649e-05,-0.13728125522380058,-0.046618523187488325,0.037551632079927844,0.5918206145,-0.014068679809699662,33.74638906490616,-0.33147236759255805,60727356,0.0,0.0,4.014733713120222e-05,-0.23894499548836842,-0.015310852315731392,-0.1509279956773591,-0.010384114583333213,-4.5926815798489657e-08,-0.4743090111863118,-0.09354112875974113,-0.049043582499268344,0.25295385,-0.2149103510160755,-0.0024765507104212827,1.2740281590364233,0.0,-0.5,0.2967041015625,-0.17050179839134216,1.002726435661316,13161,0.00026964553799999996,-0.007804965833202004,0.9818289875984192,0.9333555787801743,0.031257734,0.2,-34.08552932739258
3984,231.76,149,0.0,689,0.0,0.0,-120.68868686999998,0.8635596121708768,0.0,0.0,15.464979935270554,-0.3932588674099706,0.0,62.954597500000006,-0.10763138361303874,-0.011901799578537606,0.01,-1.3053427210088701e-05,-0.1429625933102446,-0.04692071709139413,0.03757195778163499,0.5918029505,-0.015214644469475994,35.7513679438743,-0.3310895006544062,60745788,0.0,0.0,4.3402513256296515e-05,-0.23540322987797488,-0.015073173185996942,-0.14964866265435825,-0.010232204861110998,-4.71601346038479e-08,-0.476456326648328,-0.09274455891225197,-0.04667525796667575,0.25303065,-0.21293592714894113,-0.002422701103109797,1.2757603884627748,0.0,-0.5,0.26461181640625,-0.2317897379398346,1.002537488937378,13165,0.000269636322,-0.011439416860230266,0.9870650172233582,0.600307135283947,0.026676033,0.2,-34.08295307159424
3985,226.33,150,0.0,693,0.0,0.0,-119.45105388000002,0.8978479146863911,0.0,0.0,17.04244915376321,-0.3932831604554675,0.0,62.9661175,-0.1075912041225654,-0.011321182447787043,0.01,-3.440146500602504e-05,-0.13756790776464511,-0.046264288724714095,0.0358109290639073,0.5917852865,-0.017124905288154777,37.17090366801659,-0.32707993737121965,60764220,0.0,0.0,4.503013527331253e-05,-0.23155765026955644,-0.015060688042499628,-0.14922876759462023,-0.01043836805555543,-4.6295853027292066e-08,-0.48430080950218446,-0.0915324012180312,-0.04838119122268028,0.25310745,-0.2164056018333537,-0.0024209930698778277,1.2811303633647741,0.0,-0.5,0.248681640625,-0.06940054893493652,1.0023272037506104,13169,0.000269627106,-0.011467270774301142,0.9777540564537048,0.9409689337015152,0.025813857,0.2,-34.08054523468017
3985,220.97,151,0.0,698,0.0,0.0,-118.83707025000001,0.7157068066949985,0.0,0.0,13.411882303117562,-0.39838072696853877,0.0,62.9776375,-0.10757226829699502,-0.011458777975757983,0.01,-5.6080284619674344e-05,-0.14374419407770808,-0.046378426138109635,0.038964793002762343,0.5917676225,-0.013832676458858058,29.63026179717294,-0.32102497151363246,60782652,0.0,0.0,7.052916528967519e-05,-0.2344325828628249,-0.01522403599977687,-0.15021472640888062,-0.01041666666666654,-4.86652412808261e-08,-0.46416775053232623,-0.09351019914069435,-0.04851197762218508,0.25318425,-0.2176712354162176,-0.002451390682632901,1.2913509252317326,0.0,-0.5,0.229052734375,-0.10955801606178284,1.002155065536499,13173,0.00026961789,-0.014139114646241069,0.983495831489563,0.796722537279129,0.024654767,0.2,-34.07875156402588
3986,214.05,152,0.0,702,0.0,0.0,-118.51242183999997,0.7961692918485319,0.0,0.0,19.559366600262642,-0.40026169628893493,0.0,62.9891575,-0.10745668270154941,-0.012123010961588986,0.01,-1.037143842757411e-05,-0.1473407011557547,-0.04683035359534916,0.03868378981900685,0.5917499585,-0.0155049011761245,32.96140868252922,-0.3164683504099416,60801084,0.0,0.0,8.300742289672296e-05,-0.2382792739365899,-0.015191346045193474,-0.14898964216579502,-0.010308159722222104,-4.6272008390917803e-08,-0.4691476774108809,-0.0928749520358098,-0.04949212112437947,0.25326105,-0.2198329372317658,-0.002468033652952765,1.2918233404627366,0.0,-0.5,0.27310791015625,0.39003580808639526,1.0019084215164185,13177,0.000269608674,-0.0102167088072747,0.9729037284851074,1.317599293589592,0.027415838,0.2,-34.07750129699707
3986,216.12,153,0.0,707,0.0,0.0,-118.97866943,0.8312682001829328,0.0,0.0,20.002933526483915,-0.3980780258627007,0.0,63.000677499999995,-0.1074597571943833,-0.011823456462239442,0.01,-3.598481150389734e-07,-0.14122198432609148,-0.04629317298703172,0.036827467033455887,0.5917322945,-0.015652742005638882,34.41450348757342,-0.32014837388672157,60819516,0.0,0.0,6.456133754303058e-05,-0.24024114602879512,-0.0152301944446206,-0.14921843226610002,-0.010590277777777643,-4.536316713902329e-08,-0.4761841652834459,-0.0914309305883908,-0.04608271502756796,0.25333785,-0.21736478551515337,-0.00245556220023023,1.2690400526573813,0.0,-0.5,0.18787841796875,0.07744640111923218,1.002042531967163,13181,0.000269599458,-0.012802032311446965,0.9719294309616089,1.4046328336000442,0.025031546,0.2,-34.07595500946045
3987,223.6,154,0.0,711,0.0,0.0,-119.24537295,0.8742451495372578,0.0,0.0,16.107673034347744,-0.394825743752353,0.0,63.012197500000006,-0.10759558174853873,-0.011933123506574463,0.01,-2.291412568936924e-06,-0.13861183862862583,-0.04640887160040265,0.03537446112432893,0.5917146305000001,-0.016277195599589806,36.193749190842475,-0.32740581967882265,60837948,0.0,0.0,5.859350009510914e-05,-0.22927444685113751,-0.015034004449054977,-0.14983089945042097,-0.010275607638888774,-4.786987702854817e-08,-0.48975529080495583,-0.0916072886786766,-0.045319487647686126,0.25341465,-0.2201737127812939,-0.0024121090936289574,1.28275167325623,0.0,-0.5,0.1693359375,0.38378727436065674,1.0016589164733887,13185,0.000269590242,-0.011198350484482944,0.9722006916999817,1.2704975068569184,0.018354421,0.2,-34.074687767028806
3988,225.02,155,0.0,716,0.0,0.0,-119.38369699999996,0.7308346311072003,0.0,0.0,13.696902471871537,-0.4004354661950492,0.0,63.023717500000004,-0.10745928367114074,-0.011488133320385443,0.01,-1.256660210526542e-07,-0.13860695621203786,-0.04682875965162583,0.0361394976952135,0.5916969665,-0.019308875056190625,30.25655372783809,-0.324905875135651,60856380,0.0,0.0,3.960480292638143e-05,-0.23280172576004934,-0.015092416330294409,-0.14841365149971586,-0.01036241319444432,-4.5914960572104395e-08,-0.4863682306459429,-0.08876647676917614,-0.047045138995223244,0.25349145,-0.20873245020063963,-0.0024416626550625583,1.2644671336704734,0.0,-0.5,0.1919921875,0.06376340985298157,1.0011709928512573,13189,0.00026958102599999997,-0.013892033451702446,0.9758650660514832,1.188060137629509,0.023662396,0.2,-34.06822490692139
3988,243.05,156,0.0,720,0.0,0.0,-120.84495607999999,0.7053223809581455,0.0,0.0,12.558965109426229,-0.39654961418004886,0.0,63.0352375,-0.10774032043210385,-0.01124002615177838,0.01,-1.554866638221261e-05,-0.1371678437177745,-0.046089502961141456,0.03527991919346096,0.5916793025,-0.017326186469290406,29.20034657166722,-0.33339018700906076,60874812,0.0,0.0,3.472202418682476e-05,-0.2301038336000008,-0.015065515298967373,-0.14900581348700975,-0.010243055555555441,-4.5394109891379424e-08,-0.49349151731339524,-0.09059001695941021,-0.046585468064281384,0.25356825,-0.21292025896283914,-0.002419990001500683,1.2895174387778943,0.0,-0.5,0.22918701171875,0.39611196517944336,1.0020480155944824,13193,0.00026957181,-0.011414299951866269,0.9799544811248779,1.019717237353325,0.024412993,0.2,-34.07537479400635
3989,213.63,157,0.0,725,0.0,0.0,-118.72097994000002,0.7059268820107925,0.0,0.0,12.44020024767156,-0.3973746886973958,0.0,63.0467575,-0.10744084229218752,-0.011631290731529737,0.01,-2.059369479830575e-05,-0.1377315728374271,-0.046440906809767285,0.035649450107614555,0.5916616385,-0.01598924753812349,29.22537291524681,-0.3281616771170377,60893244,0.0,0.0,4.882787470705807e-05,-0.23322763377680505,-0.014946159886225614,-0.14873659278059595,-0.010514322916666532,-4.509425358078009e-08,-0.4892806581855391,-0.09233154742809326,-0.04760121094344654,0.25364505,-0.21944874916809662,-0.00240475212177057,1.2706156881977888,0.0,-0.5,0.25604248046875,-0.27004337310791016,1.0020959377288818,13197,0.000269562594,-0.01604030056623742,0.9906914830207825,0.4322434440255165,0.03011184,0.2,-34.078256607055664
3988,224.44,158,0.0,730,0.0,0.0,-119.46474766,0.8576034578295404,0.0,0.0,15.697787900781732,-0.3880056194840009,0.0,63.0582775,-0.10764635883818412,-0.011893620128563218,0.01,-2.3146087661954608e-05,-0.14261661409019413,-0.04558437685746648,0.035456722664871626,0.5916439745000001,-0.017357516786432825,35.50478315414297,-0.3257002167451162,60911676,0.0,0.0,5.588079996717473e-05,-0.23367121561828041,-0.014931460574209953,-0.1476285331965357,-0.010568576388888756,-4.609067054855525e-08,-0.48628228383240646,-0.0915805602240243,-0.047278858880171325,0.25372185,-0.2152241904756532,-0.0023995806171987124,1.2841524461808134,0.0,-0.5,0.27432861328125,0.22769546508789062,1.001992106437683,13201,0.00026955337799999997,-0.009727151080733165,0.9699810743331909,1.4351257681846619,0.023661386,0.2,-34.0778284072876
3988,218.6,159,0.0,734,0.0,0.0,-118.87768591,0.7054441631716613,0.0,0.0,12.20386456911698,-0.3941381842350469,0.0,63.0697975,-0.10752983653571331,-0.011514120372535918,0.01,-2.8217159193385617e-05,-0.1403069406850097,-0.04631078990334095,0.03584571457508109,0.5916263105,-0.016588204659961373,29.205388355306773,-0.3199148266465811,60930108,0.0,0.0,5.099800182506442e-05,-0.2310039920927404,-0.014908142017753485,-0.1490265086107995,-0.010503472222222095,-4.668481484385288e-08,-0.48988195369778204,-0.09134777779427908,-0.04706204274110451,0.25379865,-0.21841244033659557,-0.0024011157982205614,1.2869695733040896,0.0,-0.5,0.25550537109375,-0.2830723226070404,1.001884937286377,13205,0.000269544162,-0.01507504255278036,0.9916823506355286,0.37281031906604767,0.030098338,0.2,-34.0755729675293
3988,218.49,160,0.0,739,0.0,0.0,-118.6968315,0.7823800039884266,0.0,0.0,13.14075787745424,-0.40392106413378664,0.0,63.0813175,-0.10748048135044345,-0.01197063790215714,0.01,-2.3654107781020434e-05,-0.14430689388800444,-0.04668280917791479,0.036900242232753275,0.5916086465,-0.015989520300839406,32.39053216512086,-0.3259713650730335,60948540,0.0,0.0,6.727396976202726e-05,-0.23467258115803316,-0.015241528560508696,-0.1512600992859892,-0.010622829861110978,-4.6254633699601395e-08,-0.48514804513503407,-0.09122444867888689,-0.04798714652678385,0.25387545,-0.21958882745099306,-0.0024572100941442636,1.2692652559359312,0.0,-0.5,0.27083740234375,0.08153077960014343,1.0026967525482178,13209,0.000269534946,-0.009462096833158285,0.9826682209968567,0.910117757320404,0.0286773,0.2,-34.08370494842529
3988,227.03,161,0.0,744,0.0,0.0,-119.9451966,0.7142112367465598,0.0,0.0,13.244912374131204,-0.39466930026007624,0.0,63.0928375,-0.10785650615841036,-0.011879655292368653,0.01,-8.319478612142429e-06,-0.14060056110957697,-0.04558680670446799,0.034936056622402414,0.5915909825,-0.016875747069005027,29.568345201307576,-0.32406594144793005,60966972,0.0,0.0,5.1540506926054754e-05,-0.23113265890030593,-0.014995144108103736,-0.1490149823113289,-0.0105794270833332,-4.567559571727498e-08,-0.48730553568579094,-0.0944904164046302,-0.04513039051184339,0.25395225,-0.22252612421045853,-0.0024161377000787966,1.2877820595248943,0.0,-0.5,0.27095947265625,0.06430289149284363,1.0024032592773438,13213,0.00026952572999999996,-0.009896777314133942,0.9678287506103516,1.4870079159736633,0.030889377,0.2,-34.08252944946289
3988,226.15,162,0.0,748,0.0,0.0,-119.26984101,0.7323549181480811,0.0,0.0,14.275653177442106,-0.3924567524020429,0.0,63.1043575,-0.1075056326588947,-0.011583145675806667,0.01,-6.710354001914051e-06,-0.1396573606722929,-0.04634061279291772,0.03530918520035062,0.5915733185000001,-0.016559315323118225,30.319493611330554,-0.3215099721277125,60985404,0.0,0.0,3.472203388810158e-05,-0.23234267481532248,-0.015075814471415126,-0.15015010334878467,-0.0105794270833332,-4.612397935995767e-08,-0.48775802799110174,-0.09214870603609518,-0.04411508393758757,0.25402905,-0.21990546785596687,-0.002415073716523688,1.2952772506011,0.0,-0.5,0.22547607421875,-0.12036097049713135,1.0022244453430176,13217,0.000269516514,-0.012958286353386939,0.9815117120742798,0.8176760286092758,0.022320807,0.2,-34.07968578338623
3980,224.1,163,0.0,754,0.0,0.0,-119.37389991999999,0.7163177580097451,0.0,0.0,12.492491013848444,-0.39339773229631636,0.0,63.1158775,-0.10774938641439527,-0.01156684185327019,0.01,-1.536907655425079e-05,-0.13524821269403337,-0.04540182080636427,0.034122723448087984,0.5915556545,-0.016864353098854836,29.655555181603443,-0.31584419221557863,61003836,0.0,0.0,4.177497855077187e-05,-0.22564129214355416,-0.014750597683577091,-0.14799813856600347,-0.01037326388888877,-4.3738935108732714e-08,-0.4904366724611911,-0.09256746522281283,-0.0446133747403028,0.25410585,-0.21615427185184125,-0.0023834087310190895,1.295225522785417,0.0,-0.5,0.22720947265625,-0.15687008202075958,1.0023703575134277,13221,0.000269507298,-0.013479961268603801,0.990211546421051,0.5161872923374176,0.026450083,0.2,-34.07891273498535
3980,229.02,164,0.0,759,0.0,0.0,-119.40386774000001,0.7525123209924307,0.0,0.0,13.34692536926212,-0.3959633935172024,0.0,63.1273975,-0.10768401365713672,-0.01216293290845017,0.01,-1.2738979105502328e-05,-0.1431968415258676,-0.04560164902149491,0.036183457372327615,0.5915379905,-0.016019628920023225,31.15401008908663,-0.32053890096497006,61022268,0.0,0.0,4.394507656494776e-05,-0.23646798468457375,-0.01524789084388613,-0.14778502845460065,-0.010536024305555421,-4.625333496464933e-08,-0.4823636260252769,-0.09626108410624494,-0.04468161031932875,0.25418265,-0.22229890425221668,-0.002468492253329182,1.2993182264243823,0.0,-0.5,0.259423828125,0.1190464198589325,1.0026297569274902,13225,0.000269498082,-0.008665283722802997,0.9868482947349548,0.5710364058613777,0.02314252,0.2,-34.08345470428467
3981,224.99,165,0.0,763,0.0,0.0,-119.18012393,0.7077298329776558,0.0,0.0,13.076017994769233,-0.39307590346003357,0.0,63.1389175,-0.10766204650073358,-0.011632235925404556,0.01,-2.5154880921407526e-05,-0.14025060677139525,-0.04588938296670733,0.036107194137005055,0.5915203265,-0.016428972246810898,29.30001508527495,-0.3136465215858953,61040700,0.0,0.0,3.689215130483111e-05,-0.2335254762549535,-0.015082301439966521,-0.14908251746693102,-0.010579427083333197,-4.511454273443713e-08,-0.4862615081023595,-0.09234426048250081,-0.045439563555681,0.25425945,-0.21752898719888158,-0.0024236226672469906,1.2849146793094735,0.0,-0.5,0.2468994140625,0.1776680052280426,1.002511978149414,13229,0.000269488866,-0.008887420978862793,0.9836972951889038,0.8270878493785858,0.027550954,0.2,-34.08391399383545
3981,234.27,166,0.0,768,0.0,0.0,-120.48057311999999,0.8348296284266898,0.0,0.0,14.568265090016295,-0.39962028754535267,0.0,63.150437499999995,-0.1075878873070458,-0.011960203379494294,0.01,-7.658231206577896e-06,-0.13920834248748262,-0.04709094286030026,0.036503642699173416,0.5915026625,-0.016596613214157212,34.56194661686496,-0.3338694433533393,61059132,0.0,0.0,4.1232434644674264e-05,-0.23943353478668655,-0.015303057488938196,-0.14846835603377254,-0.01052517361111098,-4.8540799725245183e-08,-0.48548259075153194,-0.09305258469860786,-0.04468491363361041,0.25433625,-0.21576643006513635,-0.002493059246871891,1.281984107397532,0.0,-0.5,0.22459716796875,-0.018712669610977173,1.0024232864379883,13233,0.00026947965,-0.014952074771281331,0.9897730350494385,0.5028394438326359,0.027423035,0.2,-34.08121738433838
3981,226.54,167,0.0,773,0.0,0.0,-120.07989181,0.7545191418485406,0.0,0.0,15.055301254786277,-0.3950025418223843,0.0,63.16195749999999,-0.10748598897535418,-0.011680134055169907,0.01,-1.0597783280577915e-06,-0.1355655972434839,-0.046888275545161846,0.03466880745243031,0.5914849985,-0.021007686661000155,31.237092472529582,-0.3200072551954765,61077564,0.0,0.0,2.8754167336349685e-05,-0.2356220395223349,-0.015099928597691418,-0.14867288814405694,-0.010319010416666545,-4.755950909954849e-08,-0.4954562973604068,-0.09231876460097023,-0.04454954153544308,0.25441305,-0.2172950834176931,-0.0024322244601874894,1.2644442151621638,0.0,-0.5,0.2685302734375,0.0730774998664856,1.0021947622299194,13237,0.000269470434,-0.011077069933526218,0.9787904024124146,0.8353641211986542,0.030779585,0.2,-34.08115787506104
3982,238.84,168,0.0,777,0.0,0.0,-120.60673777,0.7231779892717713,0.0,0.0,12.643508966184747,-0.39289282728484487,0.0,63.173477500000004,-0.10745647669461299,-0.011760098126327601,0.01,0.0,-0.14175101546882463,-0.04674454132740816,0.03460830149925426,0.5914673345,-0.0164864800220433,29.939568755851333,-0.33125247159090626,61095996,0.0,0.0,1.681845363539954e-05,-0.23274797183088106,-0.015080781061764898,-0.14754559689051067,-0.010525173611110977,-4.651156283467346e-08,-0.4920550862534496,-0.09119475448318726,-0.04360108825446356,0.25448985,-0.21320512412907114,-0.00243092515684708,1.2780784828811436,0.0,-0.5,0.25670166015625,0.22687524557113647,1.0020232200622559,13241,0.00026946121799999997,-0.013502070930553601,0.9739434719085693,1.2784418374300004,0.028187659,0.2,-34.07864055633545
3982,226.53,169,0.0,782,0.0,0.0,-119.31038273,0.7312680981558408,0.0,0.0,14.379917069334047,-0.39335535530014126,0.0,63.1849975,-0.10753970166829638,-0.011487623533471407,0.01,-3.083983783399117e-07,-0.1370242244933495,-0.04680015971154188,0.033974855747711454,0.5914496705,-0.017027655883187737,30.27449926365181,-0.32302723986327325,61114428,0.0,0.0,1.8446065951138735e-05,-0.23277102234699887,-0.01509615277473117,-0.14815515032104332,-0.010297309027777658,-4.7843525690343e-08,-0.496246399310431,-0.09183657615959043,-0.04285534161030181,0.25456665,-0.21174007556873178,-0.002430251141209008,1.2772642475396578,0.0,-0.5,0.23572998046875,-0.07670071721076965,1.0021743774414062,13245,0.000269452002,-0.013816595647949726,0.9887816905975342,0.5236157640814781,0.02740631,0.2,-34.077615356445314
3982,217.04,170,0.0,786,0.0,0.0,-118.86692025,0.745140721436006,0.0,0.0,14.113862461486505,-0.3922279082380659,0.0,63.1965175,-0.10733893802023914,-0.012487745662885954,0.01,-4.399657070668608e-06,-0.14351095721453372,-0.04645114615700686,0.03532983979208775,0.5914320065,-0.016545886059045896,30.848825867450646,-0.32608872307426723,61132860,0.0,0.0,2.4413932502890628e-05,-0.23656894284796007,-0.014993616818956609,-0.144653355309042,-0.01024305555555544,-4.550624822541139e-08,-0.4917735288096608,-0.09113952071646012,-0.04344637471148041,0.25464345,-0.20866144254616775,-0.002445779780334329,1.2788675730197987,0.0,-0.5,0.2299560546875,0.0314384400844574,1.0022611618041992,13249,0.000269442786,-0.014052867353893817,0.9885850548744202,0.5712422780692578,0.026349228,0.2,-34.07976760864258
3982,223.38,171,0.0,791,0.0,0.0,-119.26894386,0.7172115987502754,0.0,0.0,13.37195536101228,-0.39799039937032993,0.0,63.208037499999996,-0.10755348469853808,-0.012069444440245276,0.01,-4.70242520750479e-06,-0.1438240405069757,-0.046538676171602934,0.035935449685240956,0.5914143425,-0.01665181563455715,29.6925601882614,-0.3227131682534528,61151292,0.0,0.0,4.7200272092595696e-05,-0.2364318936363843,-0.015189185246346694,-0.14588408656348617,-0.010557725694444313,-4.695879775009468e-08,-0.48887092993717235,-0.09031745579450896,-0.044983851313981055,0.25472025,-0.2118980512021554,-0.0024661646120044383,1.2737671090262062,0.0,-0.5,0.26943359375,0.4117854833602905,1.0028914213180542,13253,0.00026943356999999997,-0.01214834810816683,0.9887437224388123,0.669363434612751,0.028164018,0.2,-34.08575992584228
3983,219.56,172,0.0,795,0.0,0.0,-118.81176344,0.7381218708779427,0.0,0.0,16.482705737924025,-0.3952824051605732,0.0,63.2195575,-0.10742182320789821,-0.011634449527625719,0.01,-8.398884034624203e-06,-0.14102219556127096,-0.046852156977472914,0.03540032630643758,0.5913966785,-0.016944513080589887,30.558245454346824,-0.3234729386499016,61169724,0.0,0.0,3.3636955777183175e-05,-0.23446459148714208,-0.015079254850784108,-0.1492276703982819,-0.010384114583333211,-4.580205080209737e-08,-0.49349152769799853,-0.09156600768382571,-0.044623033047345016,0.25479705,-0.21613637548572429,-0.002411387295487386,1.2850640031362193,0.0,-0.5,0.25723876953125,-0.1920524537563324,1.003101110458374,13257,0.000269424354,-0.01098521277308464,0.9894287586212158,0.5378002196550369,0.0269822,0.2,-34.08898029327393
3983,224.64,173,0.0,800,0.0,0.0,-119.35060927999999,0.6993659082853274,0.0,0.0,13.094162992671052,-0.39462944917334625,0.0,63.231077500000005,-0.1075082690448802,-0.011527254685693702,0.01,-1.6374275469022534e-05,-0.1389215873094663,-0.046438589561081614,0.03514379250716508,0.5913790145,-0.018255680576354887,28.953748603012553,-0.33771438091742456,61188156,0.0,0.0,1.7360987840220332e-05,-0.23428971819324096,-0.015092493504697775,-0.1480351497435704,-0.010394965277777652,-4.690652778433366e-08,-0.49061471317551913,-0.09024584788438092,-0.04346280858993767,0.25487385,-0.21192427487891774,-0.0024275017983721447,1.2784635349994342,0.0,-0.5,0.22237548828125,0.07948863506317139,1.002646803855896,13261,0.000269415138,-0.010457899468019605,0.9874961376190186,0.6786884859204292,0.021937674,0.2,-34.08476238250732
3983,233.42,174,0.0,805,0.0,0.0,-120.21294617,0.8483381746231584,0.0,0.0,15.124669133299108,-0.3993608509128966,0.0,63.2425975,-0.10751897901269894,-0.011671620024880132,0.01,-1.3022354908785137e-05,-0.13950751821064145,-0.04693909872837589,0.03607034508921073,0.5913613505,-0.015100984657894716,35.121200429398755,-0.32390505242990336,61206588,0.0,0.0,4.1232434644674264e-05,-0.23758271228393404,-0.015322436014066652,-0.14888992607683427,-0.010405815972222097,-4.796032412516253e-08,-0.48426194143291545,-0.09112319536664122,-0.045715329607168904,0.25495065,-0.2197531922506312,-0.002480554816677631,1.2770253289805114,0.0,-0.5,0.2541015625,0.066976398229599,1.003185510635376,13265,0.00026940592199999996,-0.010400131461210549,0.9867736101150513,0.7553161576390266,0.02692714,0.2,-34.09043445587158
3984,230.5,175,0.0,809,0.0,0.0,-119.76003922000001,0.7140244839627554,0.0,0.0,14.329330717735168,-0.39534742154433866,0.0,63.2541175,-0.10777468410070623,-0.011617085348519606,0.01,-2.1666186229037944e-05,-0.14602940255441355,-0.04637810196404838,0.037184758140142916,0.5913436865,-0.01472636466658312,29.560613636058072,-0.3307877246378305,61225020,0.0,0.0,2.115867876758178e-05,-0.23577515270311522,-0.015200997506589646,-0.1483617388576198,-0.01043836805555543,-4.911019462684145e-08,-0.4874439628807193,-0.09236788871588562,-0.04525586320870548,0.25502745,-0.22272302083487702,-0.002462507447136388,1.3007622533332601,0.0,-0.5,0.2705322265625,0.03678813576698303,1.0022556781768799,13269,0.000269396706,-0.009885213430970907,0.9740673303604126,1.2820661664009094,0.029875755,0.2,-34.08289566040039
3984,231.09,176,0.0,814,0.0,0.0,-119.55954795,0.7244875494160132,0.0,0.0,13.335576162346602,-0.38619961194265506,0.0,63.2656375,-0.10752098913274477,-0.011720420332375414,0.01,-2.8596233000426436e-05,-0.13785751600402688,-0.04617045063449791,0.03447720255778188,0.5913260225,-0.017925956163607124,29.993784545822948,-0.3326556920858126,61243452,0.0,0.0,2.0616163965314627e-05,-0.23289548652916048,-0.0150881547502579,-0.14679707788249863,-0.010232204861110998,-4.4935341627927134e-08,-0.49611447532755204,-0.09203041192572207,-0.04430357583338765,0.25510425,-0.21840695987653325,-0.0024382249298419314,1.2996158746335487,0.0,-0.5,0.22808837890625,-0.265918493270874,1.0020387172698975,13273,0.00026938749,-0.017180063942214475,0.9872229099273682,0.5768971160054207,0.029166028,0.2,-34.07495269775391
3984,221.36,177,0.0,818,0.0,0.0,-118.76771245999998,0.7341263504388069,0.0,0.0,13.436674969207466,-0.3998572469885822,0.0,63.2771575,-0.10759149915916871,-0.011984925664808375,0.01,-2.279225788944056e-07,-0.1430203966302015,-0.04637520694761342,0.03664777334860692,0.5913083585,-0.01628424872210922,30.392830908166605,-0.34762500385204415,61261884,0.0,0.0,4.44875816659381e-05,-0.24149057582109335,-0.015529209698430663,-0.15017823076109457,-0.010568576388888754,-4.786027786934842e-08,-0.49016815851351253,-0.09106535711930934,-0.047391858607994004,0.25518105,-0.21786538098145214,-0.002494048837094737,1.2862873760451714,0.0,-0.5,0.26976318359375,-0.2909097969532013,1.0029137134552002,13277,0.000269378274,-0.012271708296611904,0.9882270693778992,0.6280352734029293,0.029715743,0.2,-34.08716297149658
3985,225.23,178,0.0,823,0.0,0.0,-119.58577595000001,0.7709566324499686,0.0,0.0,12.781360884265563,-0.394347820776197,0.0,63.2886775,-0.10748761080887964,-0.011296700089620117,0.01,-6.531758672919349e-06,-0.14119575842818802,-0.04619774451715114,0.0359222960512158,0.5912906945,-0.017552150263024185,31.917604583428698,-0.33417047441216263,61280316,0.0,0.0,4.231748365176221e-05,-0.23312766162203444,-0.015043466731146466,-0.1485871383185857,-0.010026041666666562,-4.565069839962394e-08,-0.5018130995998545,-0.09149828457092873,-0.045462157451173005,0.25525785,-0.21227745981659435,-0.002415732763235477,1.2822200337508423,0.0,-0.5,0.29898681640625,-0.12853634357452393,1.0029377937316895,13281,0.000269369058,-0.008284277783241123,0.985403835773468,0.7720135614275933,0.028206024,0.2,-34.08744850158691
3985,223.08,179,0.0,827,0.0,0.0,-119.27779772000002,0.7817225098678986,0.0,0.0,12.977204945034165,-0.39697764199161617,0.0,63.300197499999996,-0.10779593629858814,-0.011896072263020814,0.01,-1.2979502854763867e-05,-0.14387973461671277,-0.04639271803058079,0.03622152121513265,0.5912730305,-0.01788567254293917,32.363311908531,-0.32476494109368764,61298748,0.0,0.0,3.5807063492635884e-05,-0.23208582656944676,-0.014925644737862977,-0.15102567566595024,-0.010297309027777656,-4.6944546583036516e-08,-0.49835446097188885,-0.09193765259418407,-0.045613997201607775,0.25533465,-0.22085567626814062,-0.0024106658562128205,1.2897804462066675,0.0,-0.5,0.2644287109375,0.10714888572692871,1.0025455951690674,13285,0.000269359842,-0.010467654943931847,0.97926926612854,1.1357287168502808,0.029100996,0.2,-34.0853193283081
3985,218.87,180,0.0,832,0.0,0.0,-119.99367257,0.7370148361844597,0.0,0.0,14.930628403652179,-0.3984424630894414,0.0,63.3117175,-0.10742862947035844,-0.01209360092756819,0.01,-1.2390127355329246e-05,-0.1445564231217752,-0.046823046695415885,0.036215085887081604,0.5912553665,-0.01739481727418024,30.512414218036632,-0.3391298796198112,61317180,0.0,0.0,3.85197636205703e-05,-0.23839490684290976,-0.015267577496408422,-0.14938769032419869,-0.010199652777777665,-4.788243514738618e-08,-0.49159998137673594,-0.08988495214701847,-0.04677830132882269,0.25541145,-0.21277375457775655,-0.0024775674344754283,1.2589829287798056,0.0,-0.5,0.2168212890625,0.06511515378952026,1.0022773742675781,13289,0.000269350626,-0.011517369817011059,0.9850282073020935,0.7252144396305085,0.023923527,0.2,-34.07826118469238
3985,213.29,181,0.0,836,0.0,0.0,-119.20950109000003,0.7789659649328282,0.0,0.0,13.331322271910768,-0.3947141603611458,0.0,63.3232375,-0.10741023380101776,-0.01202107396506525,0.01,-2.9183208580599116e-06,-0.141394749033797,-0.046943984590935406,0.03561680568051523,0.5912377025,-0.02027824552270532,32.24919094821909,-0.3200979391490021,61335612,0.0,0.0,2.7126555020610493e-05,-0.2330620913731846,-0.015041956520502213,-0.14990748936403442,-0.009960937499999902,-4.749492847556396e-08,-0.505250625406911,-0.09330895809133548,-0.045760658553967985,0.25548825,-0.21380703415730123,-0.002415634823328043,1.2709013962232818,0.0,-0.5,0.195556640625,0.22045445442199707,1.001735806465149,13293,0.00026934140999999997,-0.011104238242842257,0.9604973196983337,1.8106257915496826,0.018643728,0.2,-34.07549571990967
3986,225.01,182,0.0,841,0.0,0.0,-119.74854443000002,0.7186457898405092,0.0,0.0,13.996308538970604,-0.386670548770134,0.0,63.3347575,-0.10750601359174725,-0.011685470429914078,0.01,-1.4154220655158635e-05,-0.13630988779749054,-0.04691775589878151,0.03477385311956322,0.5912200385,-0.018033785672741942,29.75193569939708,-0.33063224458832857,61354044,0.0,0.0,3.580709259646634e-05,-0.23483080237652254,-0.01517734759367543,-0.1491214329571779,-0.009971788194444345,-4.556991786080112e-08,-0.4919897640277131,-0.09155641677663695,-0.04525293595609428,0.25556505,-0.20990478066821666,-0.0024357540590225126,1.2697496814765608,0.0,-0.5,0.237060546875,0.33164188265800476,1.0014420747756958,13297,0.000269332194,-0.01086090023163706,0.9671446084976196,1.7249287784099578,0.021227077,0.2,-34.070108795166014
3986,231.81,183,0.0,846,0.0,0.0,-119.72524089999999,0.7055805672399611,0.0,0.0,12.337088319839243,-0.39199759365068193,0.0,63.3462775,-0.1075101432569565,-0.012212414585376466,0.01,-1.9864353340708148e-05,-0.14699211656258496,-0.04630252123777034,0.03565725264383995,0.5912023745,-0.017538452140999854,29.21103548373439,-0.32441919233015465,61372476,0.0,0.0,2.8754157635072868e-05,-0.23986455551194055,-0.015309972173088502,-0.14903224503762036,-0.01029730902777766,-4.560241492416369e-08,-0.49216933723657164,-0.09441997258892348,-0.04554111732302137,0.25564185,-0.21733303441114868,-0.0024847264709872236,1.304419312162395,0.0,-0.5,0.27574462890625,0.011340558528900146,1.0019476413726807,13301,0.000269322978,-0.014156945468857884,0.9804450273513794,0.8813624665141105,0.029331636,0.2,-34.07534122467041
3985,236.29,184,0.0,850,0.0,0.0,-120.56384732999999,0.7741747029921848,0.0,0.0,12.79918832067078,-0.39498867148525146,0.0,63.3577975,-0.1075371019667921,-0.012211159721689504,0.01,-5.884618095228838e-06,-0.1473222594086444,-0.04635685658740328,0.03603271460425829,0.5911847105,-0.020709423849540245,32.05083270387645,-0.3327694092474728,61390908,0.0,0.0,4.611520368295411e-05,-0.24154852983910832,-0.015324952591490424,-0.14966022545069102,-0.009971788194444341,-4.8212125186006574e-08,-0.5023261792036868,-0.09306694075242498,-0.04704213382375738,0.25571865,-0.20958315407392325,-0.0024585014943463274,1.264877576196593,0.0,-0.5,0.27257080078125,-0.08218830823898315,1.002772569656372,13305,0.00026931376199999997,-0.011092585767619312,0.982212245464325,0.8140246391296386,0.036975645,0.2,-34.085028076171874
3985,233.4,185,0.0,855,0.0,0.0,-120.56003297,0.8358050182122989,0.0,0.0,14.760948646619893,-0.398312192640834,0.0,63.369317499999994,-0.10749727825185547,-0.012065388018697167,0.01,-1.1207015161841932e-05,-0.14306531246023135,-0.04702210034298731,0.036936940682056045,0.5911670465000001,-0.020676057818087026,34.60232775398917,-0.3362766287832216,61409340,0.0,0.0,6.944412598386407e-05,-0.2402900435869505,-0.01542665412284507,-0.1484412592829859,-0.009667968749999915,-4.677993836562119e-08,-0.4957775068713134,-0.09375983225644743,-0.047044021911938835,0.25579545,-0.2153074180642202,-0.002484011454320216,1.2760110122186208,0.0,-0.5,0.2533203125,0.06280279159545898,1.0025379657745361,13309,0.000269304546,-0.009048509213607758,0.9707236886024475,1.2921622276306153,0.03034766,0.2,-34.082611846923825
3986,217.85,186,0.0,860,0.0,0.0,-119.16132553999998,0.8458279436337068,0.0,0.0,14.82297590093085,-0.3906073135881005,0.0,63.380837500000005,-0.10762351778755265,-0.012110753389557073,0.01,-3.900966535354675e-06,-0.1410354848469626,-0.04610974600807711,0.035796736682680935,0.5911493825,-0.01677998910599854,35.01727686643546,-0.32817971769837057,61427772,0.0,0.0,5.154053602988521e-05,-0.23622338423402148,-0.015257423714910932,-0.1486989454737055,-0.010427517361110984,-4.621313071567252e-08,-0.49758349563086823,-0.09248742481835089,-0.04537613453545311,0.25587225,-0.2194374733390935,-0.002470833453900916,1.2838687637271036,0.0,-0.5,0.24481201171875,0.1428350806236267,1.002268671989441,13313,0.00026929533,-0.016186985466629267,0.9849634766578674,0.7522138819098473,0.030079853,0.2,-34.0813549041748
3986,209.06,187,0.0,864,0.0,0.0,-117.87217427,0.7407009546669574,0.0,0.0,13.970335113725369,-0.3951755642038721,0.0,63.3923575,-0.10726141550549828,-0.011516852695217369,0.01,-4.646805600695338e-05,-0.13531284067029584,-0.04651434423829259,0.03598183832026748,0.5911317185,-0.016161500668709375,30.665019523212035,-0.3411921964042527,61446204,0.0,0.0,4.177495914821824e-05,-0.23966964007223884,-0.015465610218095387,-0.1500818338041712,-0.010601128472222086,-4.6295410511237625e-08,-0.49558526297189925,-0.09256544901281671,-0.04599875139872742,0.25594905,-0.21344031051335047,-0.0024942351732851666,1.2713729884010403,0.0,-0.5,0.2366455078125,-0.07043373584747314,1.0019416809082031,13317,0.000269286114,-0.013320495188236237,0.981050968170166,0.9832318246364593,0.025459718,0.2,-34.075426292419436
3986,213.8,188,0.0,869,0.0,0.0,-118.59652467,0.7381840666904542,0.0,0.0,12.968671572782092,-0.4007811480508641,0.0,63.4038775,-0.10744204806089935,-0.01126011406000171,0.01,-3.72125391484985e-05,-0.13779657269123968,-0.04665859303762865,0.03545974219656649,0.5911140545,-0.01824822106249889,30.560820360984803,-0.34132040401173724,61464636,0.0,0.0,3.0381760249535244e-05,-0.23965765865554645,-0.015451338127590622,-0.1503688377344452,-0.010091145833333225,-4.516778071042995e-08,-0.4986773488941431,-0.09173916148887158,-0.047316147514405056,0.25602585,-0.2196335636839892,-0.002490864929515991,1.2782552312865645,0.0,-0.5,0.2364013671875,-0.001051187515258789,1.002340316772461,13321,0.000269276898,-0.012271675013471395,0.9815226197242737,0.9367602199316025,0.027390638,0.2,-34.080685424804685
3987,227.83,189,0.0,873,0.0,0.0,-118.91994672000001,0.7246095905299288,0.0,0.0,14.264348004065436,-0.39788715722444595,0.0,63.4153975,-0.10758584642907269,-0.011573419796632605,0.01,-3.893924840661978e-05,-0.1409453353062874,-0.04714934992415958,0.03782675691160788,0.5910963905,-0.015135162152647454,29.998837047939052,-0.3329565855702816,61483068,0.0,0.0,5.099796301995715e-05,-0.24184420574546162,-0.015553429926204771,-0.15045062229164455,-0.010340711805555434,-4.662437020343386e-08,-0.48779138671117855,-0.09344106974349226,-0.047800657244794126,0.25610265,-0.2177469353601594,-0.0025189062795763746,1.2932358338415522,0.0,-0.5,0.23780517578125,-0.12368693947792053,1.002305030822754,13325,0.000269267682,-0.011792750610038639,0.983464241027832,0.7763345897197723,0.02674906,0.2,-34.08108501434326
3979,222.47,190,0.0,880,0.0,0.0,-118.89761171999999,0.724975309521706,0.0,0.0,13.206756500976114,-0.39610796120234143,0.0,63.426917499999995,-0.10735025095571188,-0.011762730575186358,0.01,-1.3119622312275663e-05,-0.14295616488693963,-0.04677101987616675,0.035463046268669376,0.5910787265,-0.01741475341259502,30.013977814198626,-0.33536788856377636,61501500,0.0,0.0,5.5338217255969845e-05,-0.2393795524116802,-0.015403632036786371,-0.1499733618915966,-0.010221354166666556,-4.68473287332722e-08,-0.4943268387231831,-0.0927524219078422,-0.047281739853302224,0.25617945,-0.2226255680752985,-0.0024835121635778503,1.2869910206298938,0.0,-0.5,0.2418701171875,-0.30379027128219604,1.0025694370269775,13329,0.000269258466,-0.013603154011070729,0.9914718270301819,0.42995118647813796,0.027504291,0.2,-34.08201103210449
3979,231.82,191,0.0,884,0.0,0.0,-119.93955445999997,0.8473548592016609,0.0,0.0,18.115360422972465,-0.4032351890698711,0.0,63.438437500000006,-0.10745208948901502,-0.012154767686879566,0.01,-1.3781296797283638e-05,-0.14234530647407972,-0.04710038594501614,0.03701317833230685,0.5910610625,-0.018807030109908536,35.08049117094876,-0.34004124903353994,61519932,0.0,0.0,5.913598579354584e-05,-0.24426180063526962,-0.01561152440575776,-0.15033222752155387,-0.01006944444444434,-4.5856939266197185e-08,-0.4930117683443966,-0.0908016908062097,-0.04869574313061939,0.25625625,-0.21633718062360963,-0.002530680305940166,1.2639235471091395,0.0,-0.5,0.24384765625,0.11982578039169312,1.0024954080581665,13333,0.00026924925,-0.009380625386256725,0.9861700534820557,0.5941351935267448,0.023763422,0.2,-34.0830753326416
3980,228.86,192,0.0,889,0.0,0.0,-119.71964423000001,0.7133324120316606,0.0,0.0,13.82501308483761,-0.3926819711915794,0.0,63.449957500000004,-0.10751432040792185,-0.012648090869121095,0.01,-5.440198527453538e-07,-0.1467220037939096,-0.04739056133109692,0.035904535543327204,0.5910433985,-0.01588955616332694,29.53196185811075,-0.34928344693295993,61538364,0.0,0.0,8.789022103883326e-05,-0.2461720157782963,-0.015457393829751094,-0.14972930405772256,-0.010112847222222115,-4.7105832161068944e-08,-0.4993318135631008,-0.09255367514351992,-0.047802950743524336,0.25633305,-0.22363931472020182,-0.0025095153737853208,1.282650408383296,0.0,-0.5,0.252392578125,-0.18959547579288483,1.0027494430541992,13337,0.000269240034,-0.010418060270603746,0.9811944365501404,0.9002968862652778,0.02546494,0.2,-34.08287506103515
3980,225.32,193,0.0,893,0.0,0.0,-118.83097808999997,0.7291958859758825,0.0,0.0,13.714455618620962,-0.3975572353290417,0.0,63.4614775,-0.10746808643714097,-0.011694132505463797,0.01,-1.8951348066374807e-06,-0.1412093208390801,-0.047586218889290814,0.03715659467979261,0.5910257345000001,-0.016504382103448734,30.188709679401533,-0.3320325296046814,61556796,0.0,0.0,5.479574125880996e-05,-0.24253588179029592,-0.015598696717025715,-0.1497826526210648,-0.010232204861110995,-4.70760804870415e-08,-0.49336183640449427,-0.09149437258929151,-0.04848774687875045,0.25640985,-0.2205166279950287,-0.0025341596866437933,1.294491258543364,0.0,-0.5,0.24493408203125,-0.1322568655014038,1.003249168395996,13341,0.000269230818,-0.014438541955314577,0.988842248916626,0.49333913922309874,0.028362583,0.2,-34.09086437225342
3980,225.22,194,0.0,898,0.0,0.0,-119.28107911000001,0.7655383080153333,0.0,0.0,16.958394505663676,-0.40188784110728437,0.0,63.4729975,-0.10735445971330432,-0.011829061093163746,0.01,-6.387456422127943e-07,-0.140228470817595,-0.047655441767069116,0.03625079288079222,0.5910080705,-0.019092945160486527,31.6932859518348,-0.34722775327934374,61575228,0.0,0.0,5.316808043668667e-05,-0.24360275495179234,-0.015509104485099262,-0.14953030669245904,-0.010340711805555432,-4.648794217340957e-08,-0.49984394455246967,-0.0893983575607217,-0.047837864291299804,0.25648665,-0.21950757555051437,-0.0025153688650023953,1.283115314481416,0.0,-0.5,0.2921630859375,-0.30207255482673645,1.0031137466430664,13345,0.00026922160199999997,-0.012520633055828512,0.9922176599502563,0.37025773376226423,0.034361113,0.2,-34.090596771240236
3981,228.12,195,0.0,902,0.0,0.0,-119.15749108000001,0.7288990074142059,0.0,0.0,14.736055395014525,-0.3920146011374188,0.0,63.4845175,-0.10744842758311485,-0.0121062385392107,0.01,-1.386666649318911e-06,-0.15130823738862537,-0.047686136016669364,0.03783008005168568,0.5909904065,-0.016985066060442477,30.176418906948122,-0.3337837909501247,61593660,0.0,0.0,0.00010036852715226512,-0.24543739147518653,-0.01565473051513542,-0.14822087822416016,-0.010655381944444306,-4.654124817295389e-08,-0.4983493550245712,-0.09365531073750631,-0.04703341393268299,0.25656345,-0.2215712508220461,-0.00253870284800471,1.3023533614688338,0.0,-0.5,0.3294189453125,0.04086288809776306,1.002983808517456,13349,0.000269212386,-0.006877981254365295,0.9825258255004883,0.8658901691436768,0.039115395,0.2,-34.08809833526611
3981,228.5,196,0.0,907,0.0,0.0,-120.34197859000001,0.7330619320197833,0.0,0.0,14.616756293023279,-0.40154905798143675,0.0,63.4960375,-0.10752097018919887,-0.011422064466412937,0.01,-2.053242691686418e-06,-0.14186276566492043,-0.04832808126678589,0.038541632164992706,0.5909727425,-0.0182695132308355,30.34876398561903,-0.33791449615358754,61612092,0.0,0.0,9.223050437867641e-05,-0.2425510066597589,-0.015647041644462026,-0.15139202712286223,-0.010546874999999865,-4.863760176610276e-08,-0.4975827138569955,-0.09074177670825462,-0.048939161621473194,0.25664025,-0.21907401749064356,-0.002532569515742839,1.2798628353415251,0.0,-0.5,0.239208984375,-0.2852485179901123,1.0026235580444336,13353,0.00026920317,-0.01204620482167229,0.9915012717247009,0.4406281940639019,0.027560031,0.2,-34.08520431518555
3982,230.34,197,0.0,911,0.0,0.0,-119.82804021,0.8199516713302466,0.0,0.0,20.60449227064035,-0.40480536053493776,0.0,63.5075575,-0.10746016701662708,-0.012198798583303763,0.01,-5.689412810544082e-07,-0.15416791266472285,-0.04837543324407994,0.039501331590962946,0.5909550785000001,-0.01574524373993174,33.94599919307221,-0.34964101552921384,61630524,0.0,0.0,8.517758881983657e-05,-0.2495664770950866,-0.015963202243412033,-0.15183324383071523,-0.010818142361110965,-4.925071005757824e-08,-0.4871225644719044,-0.09317673709371575,-0.04890699656587446,0.25671705,-0.22088754880276013,-0.002576017986144336,1.2817818256680764,0.0,-0.5,0.2807861328125,-0.12814153730869293,1.0019689798355103,13357,0.00026919395399999996,-0.008594815607648344,0.9764047265052795,1.0825194075703621,0.02332385,0.2,-34.07716407775879
3982,208.59,198,0.0,916,0.0,0.0,-118.3055578,0.8473768176925851,0.0,0.0,22.864116446184216,-0.3936655614587597,0.0,63.5190775,-0.10752634049113079,-0.01239707833818165,0.01,-1.7403367776224245e-05,-0.15115828413918597,-0.04770983476193839,0.03838907498827611,0.5909374145,-0.017264743275720522,35.081400252473024,-0.3192028514782125,61648956,0.0,0.0,0.00011881466101234157,-0.24402472280398,-0.0153926932258669,-0.1506534702079165,-0.010167100694444334,-4.675549716521815e-08,-0.4887756935901348,-0.09170636801719934,-0.04852663611461255,0.25679385,-0.22232782129081288,-0.002484222222393118,1.2793541408489533,0.0,-0.5,0.25130615234375,0.08674749732017517,1.0020201206207275,13361,0.000269184738,-0.014554578624665738,0.9859875440597534,0.6893606230616569,0.029773097,0.2,-34.07725486755371
3983,227.13,199,0.0,920,0.0,0.0,-119.63489079000003,0.7201110395292867,0.0,0.0,15.034538751735713,-0.3930486510207326,0.0,63.5305975,-0.1075240952458823,-0.01174574504052827,0.01,-1.0419535904118607e-05,-0.13968596014964313,-0.04733729825305679,0.036341034764461905,0.5909197505,-0.017897473117854033,29.812597036512468,-0.33457621204999916,61667388,0.0,0.0,7.758208084851503e-05,-0.23935554774723006,-0.01552702091792818,-0.153003470383633,-0.010080295138888782,-4.670509547439945e-08,-0.49564052130213887,-0.09351333786548381,-0.047269220814719466,0.25687065,-0.2224739031263004,-0.0024904427424497716,1.2845110193546392,0.0,-0.5,0.21654052734375,0.08932068943977356,1.0017731189727783,13365,0.000269175522,-0.012894911610055714,0.9832940697669983,0.807126808166504,0.02162126,0.2,-34.073771476745605
3983,233.77,200,0.0,925,0.0,0.0,-120.55362736999997,0.7190116318424142,0.0,0.0,13.12917093787023,-0.39898244747469325,0.0,63.5421175,-0.1076943583920838,-0.012120122279062152,0.01,-4.405292095156679e-06,-0.1473162432492811,-0.04765744500014954,0.03764980321822103,0.5909020865,-0.015714048577744204,29.767081558275947,-0.3311303270096723,61685820,0.0,0.0,0.00011338928015902638,-0.24673565009451984,-0.015604569758729876,-0.15279082296892907,-0.010036892361111004,-4.7829243927534944e-08,-0.4920307855982805,-0.08989139750144143,-0.049706654610959675,0.25694745,-0.22292057990359965,-0.0025329287516816417,1.2734856056791513,0.0,-0.5,0.22017822265625,0.17406684160232544,1.0022251605987549,13369,0.000269166306,-0.015114167355932295,0.9875239133834839,0.5823211550712586,0.025820822,0.2,-34.07902774810791
3983,215.63,201,0.0,929,0.0,0.0,-118.9009508,0.726043453510943,0.0,0.0,13.994218955555551,-0.3981183950868747,0.0,63.5536375,-0.10742161896640257,-0.012303981588723135,0.01,-3.514622517391362e-06,-0.15100963048317415,-0.047537102617444475,0.036775520556796816,0.5908844225000001,-0.01685852177292367,30.05819897535304,-0.3412894904072534,61704252,0.0,0.0,9.494318510405719e-05,-0.2472885328671598,-0.015901987270044424,-0.1511162781311743,-0.010948350694444295,-4.6972490373234814e-08,-0.4969287194384451,-0.09044568840404392,-0.049035217758697555,0.25702425,-0.22225871065934935,-0.0025853938092043256,1.2768150582423834,0.0,-0.5,0.29195556640625,0.09161588549613953,1.0026601552963257,13373,0.00026915709,-0.009544361522421241,0.9825550317764282,0.8343507200479507,0.031165024,0.2,-34.082808303833005
3984,217.38,202,0.0,934,0.0,0.0,-118.62913228999997,0.7285401637119588,0.0,0.0,14.223632261563937,-0.3902326823848425,0.0,63.5651575,-0.10774556359794854,-0.011830870983040136,0.01,-1.567804625702223e-05,-0.14937698108365913,-0.04707970710204201,0.03868884002521753,0.5908667585,-0.017315334308983035,30.161562777675094,-0.32524176240358527,61722684,0.0,0.0,6.130610321027537e-05,-0.24434298499364931,-0.015602212145002943,-0.14950423092649007,-0.010232204861111,-4.71796538083595e-08,-0.4932743932722395,-0.09105367968630323,-0.049265789108765994,0.25710105,-0.2150765235631137,-0.0025446961945332267,1.2892192384543248,0.0,-0.5,0.2264892578125,0.4449740946292877,1.0021648406982422,13377,0.000269147874,-0.00985411877045408,0.9616765975952148,1.8151978373527526,0.022810765,0.2,-34.080553436279295
3984,216.77,203,0.0,939,0.0,0.0,-118.56296060000001,0.7262739533967193,0.0,0.0,13.1573313365732,-0.39428599947937104,0.0,63.576677499999995,-0.10768548950426743,-0.012002387564369214,0.01,-4.872956713516746e-06,-0.14815204706319773,-0.047124933873376906,0.03795990695426706,0.5908490945,-0.018664343468521513,30.067741670624176,-0.3160222448165999,61741116,0.0,0.0,8.572007451827328e-05,-0.24183182138669038,-0.015521538636450317,-0.1490093499197939,-0.01004774305555545,-4.6534835483739024e-08,-0.4979057630915525,-0.0929811243435135,-0.049862204268887766,0.25717785,-0.22344279214581414,-0.0025267927861126254,1.29013498447394,0.0,-0.5,0.2370361328125,0.28561463952064514,1.0019999742507935,13381,0.000269138658,-0.012888127437327057,0.9843199253082275,0.7570155769586563,0.024618078,0.2,-34.077628707885744
3985,224.0,204,0.0,943,0.0,0.0,-119.54647507,0.7297902178830444,0.0,0.0,13.326752159661213,-0.3911487252658403,0.0,63.58819749999999,-0.10763516900911485,-0.011980681435115605,0.01,-9.034628038430523e-06,-0.14428930971429058,-0.04707463832323638,0.036915154115656115,0.5908314305,-0.01735710838693194,30.21331502035804,-0.3263616338004951,61759548,0.0,0.0,9.982597354489069e-05,-0.24117832421294194,-0.0155214600613477,-0.14857296635283315,-0.010177951388888778,-4.6168277732346426e-08,-0.4947799299558586,-0.09197548660478633,-0.04831883958320389,0.25725465,-0.21955338758803666,-0.0025287838563769214,1.2826428135761314,0.0,-0.5,0.269921875,-0.1206333190202713,1.0021519660949707,13385,0.000269129442,-0.009212021541316062,0.9838650226593018,0.8119476206600666,0.03157483,0.2,-34.0777307510376
3985,228.76,205,0.0,948,0.0,0.0,-119.53454396,0.8366317705903827,0.0,0.0,15.372167549036249,-0.3895790990367638,0.0,63.599717500000004,-0.10776091424993595,-0.012314819792065022,0.01,-2.052988764186058e-05,-0.15144578044561288,-0.047068587265337476,0.03777014526741888,0.5908137665000001,-0.01694261358352378,34.63655530244184,-0.3276764348480135,61777980,0.0,0.0,6.727393095691998e-05,-0.2420080504908054,-0.015496286821348706,-0.15058923144326408,-0.010351562499999876,-4.693125407281349e-08,-0.4929602676176688,-0.09463173656922133,-0.04865871408186503,0.25733145,-0.22783146477676508,-0.0025214019264615927,1.3175467163889654,0.0,-0.5,0.27608642578125,0.2756238579750061,1.0026928186416626,13389,0.000269120226,-0.0105830317013897,0.9845711588859558,0.7383694678544999,0.02953979,0.2,-34.08407287597656
3986,226.32,206,0.0,952,0.0,0.0,-119.33156152,0.8515583303845786,0.0,0.0,20.83589739913288,-0.4006144790121342,0.0,63.6112375,-0.10770467264629757,-0.011561714854856495,0.01,-2.5221336196117327e-05,-0.14931480476608805,-0.04718402655874644,0.03783991060217967,0.5907961025,-0.01613193367342723,35.25451487792155,-0.33241322089305503,61796412,0.0,0.0,9.114546507286529e-05,-0.24897121892418614,-0.015777445299020025,-0.15195374658496139,-0.010275607638888774,-4.706322831801783e-08,-0.4946895134401198,-0.09314332763573835,-0.05106949932815971,0.25740825,-0.2257161108837409,-0.0025578381257455153,1.2940079558360116,0.0,-0.5,0.2156005859375,-0.20961898565292358,1.0021661520004272,13393,0.00026911101,-0.014214955072384327,0.9892334342002869,0.5517049983143807,0.02474783,0.2,-34.079823112487794
3986,228.84,207,0.0,957,0.0,0.0,-119.5142352,0.7494992851483073,0.0,0.0,16.914272289940907,-0.3985841720943313,0.0,63.6227575,-0.10773668274655838,-0.011865318470070217,0.01,-2.9912588051848536e-05,-0.150763781621736,-0.04673816216434426,0.03845807698357838,0.5907784385,-0.015224410196727453,31.029270405139922,-0.33405511889025885,61814844,0.0,0.0,8.137984938609104e-05,-0.2457737219428721,-0.01574188040490034,-0.15160877515807536,-0.010438368055555432,-4.86922629676784e-08,-0.48657588496268683,-0.09416963922587716,-0.05124491124379506,0.25748505,-0.2201567618507404,-0.002560700171022738,1.2944821525017087,0.0,-0.5,0.27540283203125,-0.27527916431427,1.002256155014038,13397,0.00026910179399999997,-0.014580071996897459,0.988662600517273,0.5224325202405453,0.03162982,0.2,-34.07855777740478
3986,228.35,208,0.0,961,0.0,0.0,-119.46363304000002,0.7247607343991007,0.0,0.0,14.307681219027844,-0.39310220099879223,0.0,63.634277499999996,-0.10795139023355083,-0.01195905804643417,0.01,-0.00018239239402232824,-0.14863647311042658,-0.04698415392029734,0.037429505499048825,0.5907607745,-0.015287751165386807,30.00509440412277,-0.3183554986454733,61833276,0.0,0.0,9.494314629894991e-05,-0.24390667045047587,-0.015655294327064542,-0.14862285944318457,-0.010101996527777667,-4.557498687315924e-08,-0.48296550002255473,-0.09374292058508243,-0.05259796033573555,0.25756185,-0.22092293604221847,-0.002552363355276846,1.3023654556138737,0.0,-0.5,0.31705322265625,-0.06436276435852051,1.0029224157333374,13401,0.000269092578,-0.009736763127148152,0.9829877614974976,0.8132773280143738,0.039401434,0.2,-34.085891532897946
3986,206.95,209,0.0,966,0.0,0.0,-117.29969064999997,0.742019077571072,0.0,0.0,15.07904209070853,-0.3934796447686011,0.0,63.6457975,-0.10795087424721758,-0.011703256471544408,0.01,-2.7963221902148826e-05,-0.14510283533105411,-0.04689280352593736,0.03534070212813317,0.5907431105000001,-0.016560669742628105,30.71958981144238,-0.3341809572141837,61851708,0.0,0.0,6.29337349285682e-05,-0.24570813581834589,-0.015724259031809202,-0.14929640053449045,-0.01063368055555542,-4.7273385075852134e-08,-0.4962912535805558,-0.09522006234494845,-0.048441486621847024,0.25763865,-0.22283512100773495,-0.0025685015106531916,1.308528441665648,0.0,-0.5,0.230517578125,0.09410551190376282,1.002727746963501,13405,0.000269083362,-0.012608781619928778,0.9870189428329468,0.6306116193532944,0.027979344,0.2,-34.08649845123291
3987,232.87,210,0.0,970,0.0,0.0,-119.97998849000001,0.7726261817711968,0.0,0.0,15.115601806295732,-0.39629432541175996,0.0,63.657317500000005,-0.10795070321087487,-0.011630588438664538,0.01,-7.82439797173664e-05,-0.14999469305298951,-0.04630976779338177,0.037122033419676216,0.5907254465,-0.01489970413967967,31.986723925327546,-0.3376416618042872,61870140,0.0,0.0,5.479570245370269e-05,-0.2437459360897712,-0.01580868997692647,-0.15259452268569904,-0.010536024305555423,-4.63899874115833e-08,-0.49527618223384845,-0.0942834668164961,-0.050872357124788624,0.25771545,-0.22590558154282034,-0.002545207370275962,1.2826742545311451,0.0,-0.5,0.2437255859375,-0.16542471945285797,1.002295970916748,13409,0.00026907414599999996,-0.008102781686466188,0.9870688915252686,0.6954458206892014,0.026377266,0.2,-34.0811466217041
3987,242.99,211,0.0,975,0.0,0.0,-120.55967364,0.7165123567874216,0.0,0.0,13.671164489191186,-0.39607086979520195,0.0,63.6688375,-0.10796266962981518,-0.011571167525725718,0.01,-3.190638103892561e-05,-0.15084625628304008,-0.04609554109491379,0.03703063633994245,0.5907077825,-0.013484099988191802,29.663611570999254,-0.3289845662935684,61888572,0.0,0.0,8.68051138240844e-05,-0.24460137207470092,-0.01582945033564316,-0.15135775432670337,-0.010362413194444323,-4.721659901932791e-08,-0.484123233134825,-0.09197616636198466,-0.05221224442177377,0.25779225,-0.21940149048942004,-0.0025570437702312093,1.2897532697163685,0.0,-0.5,0.2750244140625,-0.1844046413898468,1.002159595489502,13413,0.00026906493,-0.010667266510426997,0.9887864589691162,0.5411151975393296,0.030408233,0.2,-34.07862243652344
3987,233.86,212,0.0,979,0.0,0.0,-119.97096818999998,0.8575320658686791,0.0,0.0,21.455979374239615,-0.4039946841558497,0.0,63.6803575,-0.10784403461307668,-0.011653946944502204,0.01,-7.097276139567878e-05,-0.14264937333848818,-0.04686454210206261,0.036640515461631655,0.5906901185,-0.015280156687367707,35.50182752696332,-0.3398877930240874,61907004,0.0,0.0,9.277310649243493e-05,-0.2470969731492873,-0.01592889850907313,-0.15192432564679947,-0.010536024305555426,-4.67993586681182e-08,-0.49431100365804576,-0.09275319096102763,-0.0499416429740685,0.25786905,-0.2226856467569291,-0.002596205793030138,1.2847072791673313,0.0,-0.5,0.2875732421875,0.10414767265319824,1.002626895904541,13417,0.000269055714,-0.010189732210710645,0.984515905380249,0.767491152882576,0.029513896,0.2,-34.08302898406983
3988,216.27,213,0.0,984,0.0,0.0,-118.1773272,0.7877969211417728,0.0,0.0,17.51425228073027,-0.39822088295753366,0.0,63.6918775,-0.10782630679721644,-0.011623604284122811,0.01,-1.6607189133435054e-05,-0.1472306621422227,-0.047444401533250094,0.035892445747845184,0.5906724545,-0.012339354533145929,32.614792535269395,-0.3453607816360531,61925436,0.0,0.0,7.70395757475247e-05,-0.24963889085192337,-0.016082983179227732,-0.15407920872642827,-0.010774739583333191,-4.74766167192555e-08,-0.4911957744147554,-0.09392865586775334,-0.04934625330686829,0.25794585,-0.22441819694782345,-0.002601026621772277,1.2784546750145955,0.0,-0.5,0.25718994140625,-0.004194170236587524,1.002565860748291,13421,0.000269046498,-0.014776862657163293,0.9883055090904236,0.5572554275393486,0.030360764,0.2,-34.08273582458496
3988,220.98,214,0.0,988,0.0,0.0,-118.53958277,0.7642418026916327,0.0,0.0,12.862624323418897,-0.38627443711908255,0.0,63.7033975,-0.10802970778819451,-0.01173436261941551,0.01,-2.8227432434660572e-05,-0.14521307423776314,-0.046214629278853336,0.035611634894234134,0.5906547905,-0.015542878513871174,31.63961063143359,-0.31951741249866916,61943868,0.0,0.0,5.750834437397619e-05,-0.2421412482927681,-0.015577643634262117,-0.14855035531527086,-0.010666232638888752,-4.441466357761942e-08,-0.4907005427190264,-0.09507981910846906,-0.04716136720568598,0.25802265,-0.22280747768646902,-0.002521063763149039,1.2999671382325,0.0,-0.5,0.28634033203125,-0.07266241312026978,1.0027439594268799,13425,0.000269037282,-0.011701302393339575,0.9854063391685486,0.7410330414772034,0.026823103,0.2,-34.08535366058349
3989,232.36,215,0.0,993,0.0,0.0,-118.98547943,0.7191163733310031,0.0,0.0,13.075590989170545,-0.38867343355250383,0.0,63.7149175,-0.10793570850079726,-0.011953677651914678,0.01,-3.6461571130380316e-05,-0.151293599461651,-0.046413594201013764,0.0363462764028922,0.5906371265,-0.013062550765526895,29.771417855903525,-0.32143666581245844,61962300,0.0,0.0,0.00010091098374687135,-0.24532550711180667,-0.015707051537064143,-0.14990819719433932,-0.010514322916666537,-4.725067845752044e-08,-0.49002006340677945,-0.09546964927896577,-0.0482034790737653,0.25809945,-0.223515472358864,-0.002538073518483228,1.3106856521935952,0.0,-0.5,0.25096435546875,-0.26767653226852417,1.0027220249176025,13429,0.000269028066,-0.012334879743866623,0.9917747974395752,0.4229493848979473,0.025339851,0.2,-34.08661251068115
3989,232.32,216,0.0,998,0.0,0.0,-119.14402205,0.9079225505679518,0.0,0.0,17.34358368139371,-0.3920161568875226,0.0,63.7264375,-0.10792966245116409,-0.011571314421043848,0.01,-5.9028882849717375e-05,-0.14534551562217246,-0.04640284409198341,0.036542526415048154,0.5906194625,-0.012647513122323694,37.587993593513204,-0.3211256765254873,61980732,0.0,0.0,7.432690472342074e-05,-0.242937109759993,-0.015821988792767413,-0.1501467924827556,-0.010818142361110963,-4.453202641263954e-08,-0.48185259529692714,-0.09438162650293243,-0.0491145341975723,0.25817625,-0.22273291391554662,-0.002580572631326922,1.2935571921045759,0.0,-0.5,0.26014404296875,-0.31043922901153564,1.0026524066925049,13433,0.00026901885,-0.010607854963745922,0.9945515990257263,0.280678940936923,0.029727027,0.2,-34.08296546936035
3988,215.62,217,0.0,1002,0.0,0.0,-118.66442433000002,0.7261743515305306,0.0,0.0,15.422247343309454,-0.3995281158795922,0.0,63.7379575,-0.10767170713772284,-0.011438661666611538,0.01,-7.424285419106044e-05,-0.13913028433203048,-0.04715508751991768,0.035773942490770434,0.5906017985,-0.013660966387962818,30.063618153363965,-0.32190153088054463,61999164,0.0,0.0,7.432687561959028e-05,-0.24728823260354213,-0.015914813664346453,-0.15332749505487053,-0.010601128472222086,-4.6318916629767586e-08,-0.48688074233142653,-0.0949153990240804,-0.049501475089903095,0.25825305,-0.22317543746334445,-0.0025762207088748856,1.2666134777510905,0.0,-0.5,0.265185546875,-0.017840802669525146,1.0024614334106445,13437,0.00026900963399999997,-0.010241917637176811,0.9890312552452087,0.5736038982868195,0.028399745,0.2,-34.082482528686526
3980,220.12,218,0.0,1009,0.0,0.0,-119.32431322000001,0.7882405486005135,0.0,0.0,19.95234502777607,-0.4003091107912104,0.0,63.749477500000005,-0.10786604798427263,-0.01160948207309889,0.01,-4.43562499636642e-05,-0.14558478628940583,-0.047231588569765164,0.03751377706176677,0.5905841345,-0.010818498849403113,32.63315871206126,-0.32423610988728624,62017596,0.0,0.0,0.00010687889880500734,-0.25029531606509603,-0.016104331366774367,-0.15238169534702098,-0.010850694444444291,-4.8963852823643654e-08,-0.47268274487707995,-0.09304520448462071,-0.04837406566367756,0.25832985,-0.22049402171874732,-0.00260181067930161,1.2811810230168796,0.0,-0.5,0.22562255859375,0.15683889389038086,1.0017833709716797,13441,0.000269000418,-0.011642096657305956,0.9738404750823975,1.3347532123327255,0.022299971,0.2,-34.074309730529784
3981,216.76,219,0.0,1013,0.0,0.0,-117.92266579000002,0.7193943890685852,0.0,0.0,14.157882399437376,-0.3935835058734032,0.0,63.7609975,-0.10772309159476197,-0.01192046935971728,0.01,-1.0796160521474905e-05,-0.14611724842637958,-0.046521225651227044,0.03605639838552039,0.5905664705,-0.012249023677820029,29.782927707439427,-0.33330161389846213,62036028,0.0,0.0,5.045542881513635e-05,-0.24548071086121104,-0.01594682666500997,-0.14894602978160226,-0.011154513888888728,-4.631007879803445e-08,-0.47489033068457215,-0.09323669741235235,-0.04701621642348588,0.25840665,-0.2220723048683342,-0.0025954254392496273,1.2958513909435216,0.0,-0.5,0.2338623046875,0.15619322657585144,1.002421259880066,13445,0.000268991202,-0.01300034485757351,0.9756307005882263,1.2163338214159012,0.026126808,0.2,-34.078504943847655
3981,229.91,220,0.0,1018,0.0,0.0,-119.09756130999999,0.7019240265443711,0.0,0.0,13.687143445299908,-0.39301763880364676,0.0,63.7725175,-0.1077639575151801,-0.011447101702628347,0.01,-3.9033049741888265e-05,-0.1426845715469055,-0.047178769932977385,0.03578264055105013,0.5905488065,-0.01486254016829965,29.059654698936964,-0.3362717686630252,62054460,0.0,0.0,4.991292371414602e-05,-0.24111023235666762,-0.015686986753505074,-0.1503253889453021,-0.010427517361110986,-4.6405510830859126e-08,-0.49898371270955333,-0.09365496272906682,-0.04523987813203703,0.25848345,-0.2204879077030797,-0.0025418179428206788,1.2922108871456728,0.0,-0.5,0.23431396484375,-0.07136356830596924,1.0027146339416504,13449,0.000268981986,-0.011989575385814532,0.9894850254058838,0.5444412000477314,0.02541937,0.2,-34.08530826568604
3981,213.86,221,0.0,1023,0.0,0.0,-118.39463219999999,0.7055943743606976,0.0,0.0,14.06809424168992,-0.4078548088957647,0.0,63.7840375,-0.10748489981775125,-0.011579112235851853,0.01,-3.350675182579986e-05,-0.14311927664554322,-0.04751588616868538,0.036586295776022175,0.5905311425,-0.013869569353927445,29.21160709853288,-0.3382661553846625,62072892,0.0,0.0,5.154049722477794e-05,-0.25241989097445877,-0.016325019143332127,-0.15191312496385748,-0.010915798611110961,-4.765785028455932e-08,-0.4897272145270793,-0.0932809110202502,-0.047947463223971046,0.25856025,-0.21694265354497155,-0.0026417666445405544,1.2570648336718997,0.0,-0.5,0.2476318359375,-0.27879565954208374,1.0024453401565552,13453,0.00026897277,-0.011646536435000599,0.9910683035850525,0.44552415907382964,0.028261919,0.2,-34.08313274383545
3982,217.43,222,0.0,1027,0.0,0.0,-118.43974141999999,0.8362825474559752,0.0,0.0,21.052950999675254,-0.3948127203463981,0.0,63.795557499999994,-0.10748920857216845,-0.011982892855962293,0.01,-0.00012958666700150806,-0.14242630955972468,-0.04742252379587743,0.03706877817044344,0.5905134785,-0.013235077140658783,34.622097464677374,-0.33124784069970303,62091324,0.0,0.0,8.951788186095655e-05,-0.24836909265873608,-0.01608200328423829,-0.1499098536562801,-0.01069878472222208,-4.5140331414046985e-08,-0.488862091000694,-0.09224015893374402,-0.048426657283020834,0.25863705,-0.22014827474976162,-0.002618646323712307,1.268737334759726,0.0,-0.5,0.282861328125,0.03176257014274597,1.0019652843475342,13457,0.000268963554,-0.008891693223267794,0.9680883884429932,1.5918722718954086,0.027456831,0.2,-34.0766716003418
3982,225.48,223,0.0,1032,0.0,0.0,-119.01185229999999,0.7145098311354661,0.0,0.0,13.671076406481065,-0.39813819358350755,0.0,63.807077500000005,-0.10776627827049894,-0.011876297588266742,0.01,-2.311760195250449e-06,-0.14764723889954204,-0.04675799622006712,0.03689934658221716,0.5904958145,-0.012472681461885158,29.580707009008293,-0.3362089322010291,62109756,0.0,0.0,6.835904787294567e-05,-0.2506603815637226,-0.016073716668324606,-0.1496820452573221,-0.010568576388888758,-4.411370334263309e-08,-0.49027009183850734,-0.09389163023826044,-0.047786024327447475,0.25871385,-0.22334755575900622,-0.0026070904991261127,1.2818017119286638,0.0,-0.5,0.22640380859375,0.13338598608970642,1.002200722694397,13461,0.00026895433799999996,-0.012887598888482898,0.9825332760810852,0.7887578949332237,0.025866842,0.2,-34.076599502563475
3983,225.04,224,0.0,1036,0.0,0.0,-118.80968078,0.8009342842838731,0.0,0.0,13.86211253662654,-0.3886144140723134,0.0,63.8185975,-0.10780921938392128,-0.011689772570175486,0.01,-9.672177932332286e-06,-0.14376783577903818,-0.046128033151060205,0.0366427356171162,0.5904781505,-0.014450894068836028,33.15867936935235,-0.3141179092752296,62128188,0.0,0.0,6.510386204657455e-05,-0.23864838392248958,-0.015443309452710826,-0.14623406056561225,-0.010525173611110984,-4.241650143958007e-08,-0.4852435418851836,-0.0918199440504122,-0.04724082825400504,0.25879065,-0.21839092510319752,-0.0025325833461577827,1.2882833124099955,0.0,-0.5,0.25897216796875,0.04578593373298645,1.0027351379394531,13465,0.000268945122,-0.01014401379507035,0.980387270450592,0.9371005684137345,0.028892243,0.2,-34.08579444885254
3983,230.16,225,0.0,1041,0.0,0.0,-119.90069722,0.7896460422579075,0.0,0.0,18.91414502762721,-0.39999382809806705,0.0,63.8301175,-0.10746913102241906,-0.011732076378179032,0.01,-0.0002214211006689317,-0.14858883895998598,-0.04753677016941618,0.03699397415976671,0.5904604865,-0.013621224784098255,32.69134614947737,-0.3269579320672413,62146620,0.0,0.0,8.843280375003815e-05,-0.24847048860758095,-0.01602451399316954,-0.1497648171849267,-0.010774739583333186,-4.4816974973324576e-08,-0.4909038544403585,-0.09490149159929313,-0.04767026763198466,0.25886745,-0.22359224567227537,-0.002590014973789809,1.2756884049249901,0.0,-0.5,0.2400146484375,-0.2869817018508911,1.0023425817489624,13469,0.000268935906,-0.015881084196735173,0.9877923130989075,0.5422657787799835,0.028129328,0.2,-34.081542587280275
3983,226.75,226,0.0,1045,0.0,0.0,-119.34817475,0.7285108828102567,0.0,0.0,14.97973763581887,-0.39365632964654096,0.0,63.8416375,-0.10753114793892107,-0.011583514073146927,0.01,-1.4387010750797608e-05,-0.14367784822018276,-0.04687527063932605,0.03692636869082325,0.5904428225,-0.012566405569992235,30.160350548344624,-0.3251006390577451,62165052,0.0,0.0,6.076356900545458e-05,-0.24299118982416942,-0.015699111252762715,-0.1467327967270543,-0.010937499999999847,-4.469506242990798e-08,-0.4855265830566374,-0.09218019423654636,-0.0458713308804158,0.25894425,-0.2194887561528595,-0.00257770478722588,1.2778305780510772,0.0,-0.5,0.28115234375,-0.001834571361541748,1.002548098564148,13473,0.00026892669,-0.016724502947181464,0.9886075854301453,0.5543582364916801,0.032176692,0.2,-34.082471656799314
3984,216.05,227,0.0,1050,0.0,0.0,-118.62297150999999,0.7746653203345082,0.0,0.0,19.054189840548847,-0.3915788185359024,0.0,63.853157499999995,-0.1074437998551989,-0.011766304817834767,0.01,-4.4302965082183145e-06,-0.1496132331424822,-0.04663261361574561,0.036483636682483014,0.5904251585,-0.01313484456073234,32.07114426184864,-0.31475177918957553,62183484,0.0,0.0,8.300741319544613e-05,-0.24629934553105162,-0.01580111538255625,-0.14742344666972426,-0.010590277777777641,-4.499527457556568e-08,-0.48551642517374055,-0.09102907050716913,-0.046919250258946256,0.25902105,-0.21899325442223844,-0.0025801502300124854,1.2814454529788752,0.0,-0.5,0.2815185546875,-0.13819867372512817,1.0031472444534302,13477,0.000268917474,-0.014599910494871438,0.9912777543067932,0.440946988761425,0.031246793,0.2,-34.08871631622314
3984,213.22,228,0.0,1054,0.0,0.0,-117.75004961999998,0.7287008622851305,0.0,0.0,14.22204428621017,-0.3946923276425067,0.0,63.864677500000006,-0.10741664788458795,-0.011667603248441898,0.01,-6.604782315238165e-06,-0.14133411415102842,-0.0466231136283971,0.034852645657246065,0.5904074945,-0.012547686712221347,30.168215698604403,-0.3362219550657445,62201916,0.0,0.0,4.991292371414602e-05,-0.24848683192603527,-0.015972821365676532,-0.14882520946956806,-0.01082899305555541,-4.439417739341072e-08,-0.4911841895522666,-0.09032044105736549,-0.044323161567594,0.25909785,-0.21555511326401391,-0.0026218535846898668,1.2797425692959672,0.0,-0.5,0.2494873046875,-0.058776676654815674,1.0024254322052002,13481,0.000268908258,-0.01105868398444727,0.9773805141448975,1.0783912897109986,0.027201425,0.2,-34.08326950073242
3985,203.16,229,0.0,1059,0.0,0.0,-117.37363626999999,0.7327024782443019,0.0,0.0,14.120692443681337,-0.3978539423407177,0.0,63.8761975,-0.10743698785651914,-0.011749117429271448,0.01,-4.000375357156182e-05,-0.14449918593402106,-0.04758319291455608,0.035647890726159474,0.5903898305,-0.011853381071381995,30.333882599314098,-0.3254878996050028,62220348,0.0,0.0,7.649709975036482e-05,-0.24883006614673947,-0.015947944752683976,-0.15199224313625734,-0.010861545138888741,-4.698633343526117e-08,-0.485550987909697,-0.09212823804651574,-0.046294465741508556,0.25917465,-0.22626651400764158,-0.00259338358255282,1.2701315840692007,0.0,-0.5,0.2345703125,-0.050949037075042725,1.0025204420089722,13485,0.000268899042,-0.012116798758506775,0.9900671243667603,0.5092792324721813,0.024652828,0.2,-34.081649208068846
3985,230.73,230,0.0,1063,0.0,0.0,-119.34273207999999,0.7108333532868845,0.0,0.0,13.308766498975997,-0.39287161461418263,0.0,63.8877175,-0.10762793789629926,-0.011218543270659753,0.01,-5.418414011178684e-06,-0.1462716053108521,-0.04692151113329644,0.03560955626382851,0.5903721665,-0.012583495095087629,29.428500826077016,-0.3155032474424152,62238780,0.0,0.0,6.673141615465283e-05,-0.2465826046937073,-0.015787354277657695,-0.1502845292693215,-0.010861545138888746,-4.46718233174197e-08,-0.4846460656979478,-0.0924577039206927,-0.04576790819660829,0.25925145,-0.2212833929391989,-0.0025736215584312534,1.2934703917198276,0.0,-0.5,0.251806640625,0.12833967804908752,1.002678632736206,13489,0.00026888982599999997,-0.008263561339117587,0.977310061454773,1.092887270450592,0.026335603,0.2,-34.08566780090332
3985,231.74,231,0.0,1068,0.0,0.0,-119.99660868,0.8533177592797032,0.0,0.0,18.5922781230149,-0.39677947773917066,0.0,63.8992375,-0.10752549543514257,-0.011594405894346823,0.01,-3.3003305945204076e-05,-0.1450353408665875,-0.047093505785110096,0.03606786883432941,0.5903545025,-0.013384139842754748,35.32735523417971,-0.3260564859748437,62257212,0.0,0.0,6.347625943211217e-05,-0.2500746109019031,-0.015921201873437436,-0.15003076903814735,-0.011208767361110945,-4.5105704142279173e-08,-0.487286231236731,-0.09184070412062512,-0.04772536824586823,0.25932825,-0.21825042964374475,-0.0026002485713061806,1.2671342020280951,0.0,-0.5,0.24051513671875,-0.28173673152923584,1.0022233724594116,13493,0.00026888061,-0.011756389506626875,0.9898184537887573,0.47552167177200316,0.026215147,0.2,-34.07926006317139
3986,225.27,232,0.0,1072,0.0,0.0,-119.44257386,0.8051237924556816,0.0,0.0,19.49545771062679,-0.3989881868077795,0.0,63.9107575,-0.1074164720052301,-0.011561565708472431,0.01,-2.6544627904541484e-05,-0.14099029836775256,-0.047491345424113554,0.03644837319721019,0.5903368385,-0.011509686503106624,33.33212500766521,-0.3351538263075978,62275644,0.0,0.0,6.184867622020344e-05,-0.2512489988656934,-0.01603503670909402,-0.14864072916626145,-0.011056857638888728,-4.670742949264104e-08,-0.4794942305809641,-0.09119524965882328,-0.04634251748769677,0.25940505,-0.2207503605300422,-0.002648297746039121,1.2622061225889718,0.0,-0.5,0.26065673828125,-0.17639878392219543,1.0021283626556396,13497,0.000268871394,-0.011249367974232882,0.9800232648849487,0.8336127385497093,0.027397105,0.2,-34.078291702270505
3986,223.1,233,0.0,1077,0.0,0.0,-119.21928445999998,0.8852069607962372,0.0,0.0,17.881753901675427,-0.3937343121420214,0.0,63.9222775,-0.10744664314350305,-0.012109424172285308,0.01,-3.904047283689779e-05,-0.14771686738823755,-0.04747868761082387,0.03558403514296517,0.5903191745,-0.011271107962885354,36.64756817696422,-0.32571849458158364,62294076,0.0,0.0,8.789020163627963e-05,-0.25240666728723354,-0.015964144936858406,-0.14933876777953956,-0.010850694444444298,-4.539826783330741e-08,-0.48344010992212993,-0.08976887567768038,-0.048010132491136746,0.25948185,-0.21892057367016113,-0.002627625929123392,1.2669766473651152,0.0,-0.5,0.24027099609375,-0.007847338914871216,1.001643419265747,13501,0.000268862178,-0.012681161356158554,0.9781678915023804,1.1290617078542708,0.024571214,0.2,-34.07338390350342
3986,217.9,234,0.0,1081,0.0,0.0,-118.46874156999998,0.8034858856184386,0.0,0.0,19.538303520144716,-0.3966963642581876,0.0,63.9337975,-0.10738650503050337,-0.011803737573298322,0.01,-4.7685668818901224e-05,-0.14403928939591973,-0.04665298204234788,0.03618785051661669,0.5903015105,-0.013990963000752445,33.26431566460336,-0.32972569419265135,62312508,0.0,0.0,5.53382463598003e-05,-0.24800217177940148,-0.015916530365954945,-0.1495804225276253,-0.01080729166666652,-4.346870908498752e-08,-0.49092693275665955,-0.09169487516705915,-0.04819701982038833,0.25955865,-0.22152079787866116,-0.002607436171194204,1.2704526364429072,0.0,-0.5,0.23568115234375,-0.13915440440177917,1.0023469924926758,13505,0.000268852962,-0.01333605363033712,0.9863954186439514,0.6865201190114021,0.028278906,0.2,-34.077841186523436
3987,231.88,235,0.0,1086,0.0,0.0,-119.77368495,0.7184389452558213,0.0,0.0,13.1301021201341,-0.39833944718969255,0.0,63.9453175,-0.10759432529061816,-0.011757444903531143,0.01,-2.5179796585698788e-05,-0.14106705235744726,-0.04745818073757278,0.036038676909865924,0.5902838465,-0.013990013307193294,29.743372333591,-0.32925429224957864,62330940,0.0,0.0,4.2317473950485386e-05,-0.24424779880045255,-0.015747562635585435,-0.14847257433602445,-0.010872395833333185,-4.419103157887838e-08,-0.489341145054799,-0.09086924461188234,-0.046470235574791026,0.25963545,-0.22207560703198997,-0.0025930042772371337,1.279292708787836,0.0,-0.5,0.26295166015625,0.14266017079353333,1.0030977725982666,13509,0.000268843746,-0.011004087061155587,0.9801759123802185,0.9569491058588028,0.028654214,0.2,-34.08879776000977
3987,222.66,236,0.0,1090,0.0,0.0,-118.95288772000002,0.7153074514527173,0.0,0.0,13.473795989133514,-0.39292018971490206,0.0,63.9568375,-0.10755654734713889,-0.011564533245608105,0.01,-0.00016512450640915723,-0.14614869285359955,-0.04669418236441428,0.03760197917872488,0.5902661825000001,-0.014481005920161907,29.613728490142496,-0.330239017531867,62349372,0.0,0.0,7.215675820286076e-05,-0.2460362303534904,-0.01567607115325639,-0.15032109981666322,-0.01061197916666653,-4.490349622622883e-08,-0.4976555065993231,-0.09295973843887384,-0.04888149757626092,0.25971225,-0.2237210330442418,-0.0025646800186005353,1.2787668415968763,0.0,-0.5,0.24246826171875,-0.26886215806007385,1.0029124021530151,13513,0.00026883452999999996,-0.017959262989461423,0.9910408854484558,0.44012887626886366,0.027710348,0.2,-34.08752880096436
3987,232.49,237,0.0,1095,0.0,0.0,-119.83664493999999,0.7741344376763297,0.0,0.0,14.819511269578193,-0.38996571920113315,0.0,63.9683575,-0.1076598159464109,-0.011164797070846673,0.01,-4.549997763151403e-05,-0.1406804879369957,-0.046436538166590415,0.03440328790694089,0.5902485185,-0.015403855692258932,32.04916571980005,-0.31209012775583167,62367804,0.0,0.0,5.6965839272985853e-05,-0.24221952024135943,-0.015636067733180728,-0.151108431352899,-0.010785590277777632,-4.212412964111958e-08,-0.4867968801237704,-0.09247954301237388,-0.0466193273190601,0.25978905,-0.22889991630643147,-0.0025553676774774294,1.2916572571411524,0.0,-0.5,0.25478515625,-0.1920337677001953,1.0022337436676025,13517,0.000268825314,-0.012758301105350256,0.9879743456840515,0.5994401305913926,0.02858383,0.2,-34.08099880218506
3988,217.18,238,0.0,1099,0.0,0.0,-117.9164779,0.7125370258291064,0.0,0.0,13.219359533442978,-0.3906080411171704,0.0,63.9798775,-0.10766121544466573,-0.01129924077845142,0.01,-2.3747612349974622e-05,-0.14105437380850433,-0.04685775271449851,0.036140844601358434,0.5902308545,-0.012696205724043667,29.499032869325003,-0.324080435129475,62386236,0.0,0.0,5.96784520894289e-05,-0.24026612791033453,-0.015771421261654133,-0.14963499112681086,-0.010785590277777635,-4.428213771033048e-08,-0.49416094251952486,-0.09204036768708125,-0.04645289927855097,0.25986585,-0.22624098557799055,-0.0025682510786546996,1.2982085341710354,0.0,-0.5,0.25821533203125,-0.0189913809299469,1.0019136667251587,13521,0.000268816098,-0.017774788290262224,0.9932817220687866,0.3491734884679317,0.028014988,0.2,-34.07559947967529
3988,230.06,239,0.0,1104,0.0,0.0,-119.45023248000001,0.7221787703334539,0.0,0.0,14.021718737357723,-0.39200772690473684,0.0,63.9913975,-0.10752169297228295,-0.011754131575068334,0.01,-3.748357834494882e-05,-0.14740343774693115,-0.047438723041255314,0.03668596503360132,0.5902131905,-0.013097679688750455,29.89820109180499,-0.30926114829620444,62404668,0.0,0.0,8.843277464620769e-05,-0.24605446799946662,-0.015753193226557084,-0.1468115147438449,-0.010709635416666531,-4.508358793793348e-08,-0.48063247185178665,-0.09137471932526992,-0.04634847629183844,0.25994265,-0.2201802175078612,-0.0025963055230485014,1.3009662376739528,0.0,-0.5,0.2305419921875,-0.07025021314620972,1.0025299787521362,13525,0.000268806882,-0.00988082862459123,0.9902271032333374,0.5142695210874081,0.026613722,0.2,-34.0814245223999
3989,239.07,240,0.0,1108,0.0,0.0,-120.74654064,0.7308337352565704,0.0,0.0,14.401983852504433,-0.39305493113457685,0.0,64.0029175,-0.1075866927385221,-0.011277174388847348,0.01,-2.469322605737379e-05,-0.14283826187827722,-0.04786906659701539,0.03680257429840873,0.5901955265000001,-0.014842740041785873,30.256516639622014,-0.32410962862934733,62423100,0.0,0.0,5.967848119325936e-05,-0.2446489634256547,-0.015733117096818953,-0.14805076205577425,-0.010319010416666547,-4.483966516589313e-08,-0.4913190862347679,-0.08754725479728351,-0.047383161580192665,0.26001945,-0.2193215644133739,-0.002569510475225077,1.272275219395784,0.0,-0.5,0.24013671875,-0.15287083387374878,1.0017716884613037,13529,0.000268797666,-0.01361762434244156,0.9922551512718201,0.41433842182159425,0.028127503,0.2,-34.07521419525146
3989,228.41,241,0.0,1113,0.0,0.0,-119.46994982,0.7278427415674813,0.0,0.0,13.703016277451788,-0.3964800556612195,0.0,64.01443749999999,-0.10736372883874137,-0.011514679452415282,0.01,-7.447760339722534e-05,-0.1422598329477477,-0.047517435098137335,0.0364449673518396,0.5901778625,-0.015193622720996953,30.132689500893726,-0.3058363532937258,62441532,0.0,0.0,9.711330252078672e-05,-0.24693834464987047,-0.015625582345466137,-0.14634264345304762,-0.010557725694444317,-4.280013541686894e-08,-0.4918604041852403,-0.09071550948155194,-0.047772805066679185,0.26009625,-0.22697246602149834,-0.002575284804653282,1.2887766643016627,0.0,-0.5,0.263671875,-0.2772970497608185,1.0019515752792358,13533,0.00026878845,-0.009720601968001574,0.9902138710021973,0.4743538349866867,0.02979663,0.2,-34.07484035491943
3989,220.88,242,0.0,1117,0.0,0.0,-119.00597303,0.8101403879323104,0.0,0.0,13.880707474671844,-0.3933381019467111,0.0,64.0259575,-0.10729124563026626,-0.011927424863597042,0.01,-4.84360543501501e-05,-0.14663001532176714,-0.04866293357896914,0.036292154112118384,0.5901601985,-0.01536235076491721,33.53981206039765,-0.3156310622370656,62459964,0.0,0.0,9.223048497612278e-05,-0.24632215713568176,-0.015867963029394905,-0.14956141353647934,-0.01055772569444431,-4.6362002389606644e-08,-0.49068287556435713,-0.09164113437841115,-0.04696592380475759,0.26017305,-0.2302536664047241,-0.002574064677030178,1.2830876961552595,0.0,-0.5,0.21396484375,-0.1766497641801834,1.0023607015609741,13537,0.000268779234,-0.009909783524926752,0.9870515465736389,0.542034064233303,0.025397908,0.2,-34.07982273101807
3990,218.38,243,0.0,1122,0.0,0.0,-118.50972777999999,0.724722484842653,0.0,0.0,14.366487176666976,-0.39787079127541364,0.0,64.0374775,-0.10736728219285552,-0.011520287475235312,0.01,-2.800338729883837e-05,-0.14411541440625564,-0.04786998178726655,0.036519868267621824,0.5901425345,-0.015626971029430732,30.003510872485833,-0.33186439814091573,62478396,0.0,0.0,7.866712015432616e-05,-0.24795501299482195,-0.015912443272388402,-0.14847869455686713,-0.010449218749999873,-4.3909779879971094e-08,-0.5031844043557745,-0.0901024262866335,-0.04644364695454575,0.26024985,-0.22170247302065393,-0.002609652022409982,1.271668906483492,0.0,-0.5,0.242431640625,0.1945260465145111,1.0023744106292725,13541,0.00026877001799999997,-0.00913932581897825,0.9804887771606445,0.8751351237297058,0.025695994,0.2,-34.081149101257324
3990,215.69,244,0.0,1127,0.0,0.0,-118.62853128,0.7769999139074768,0.0,0.0,17.591135314946534,-0.3976586755667733,0.0,64.0489975,-0.10710926863016121,-0.012126953241849835,0.01,-4.4577446887898076e-05,-0.1504321372496918,-0.048150061225162494,0.03701901794588244,0.5901248705000001,-0.012212944263915738,32.16779643576954,-0.31557638834934454,62496828,0.0,0.0,8.08372375710557e-05,-0.25111255606516125,-0.016019723270931936,-0.1497549175268588,-0.01046006944444432,-4.689620508373106e-08,-0.47991252797032086,-0.08768361200420073,-0.04777662300239702,0.26032665,-0.21821853563736407,-0.002616292797173651,1.257480932320531,0.0,-0.5,0.1888671875,0.2343447506427765,1.002705454826355,13545,0.000268760802,-0.01138190741185099,0.9887444376945496,0.6247063905000687,0.021271026,0.2,-34.084197425842284
3984,220.16,245,0.0,1133,0.0,0.0,-118.91748649999998,0.8674367892752795,0.0,0.0,15.9091761023482,-0.38242481814350476,0.0,64.0605175,-0.10733086880637409,-0.01172694106074234,0.01,-6.564205978403716e-05,-0.14392697346552086,-0.04729185992944322,0.03504680396764149,0.5901072065,-0.014830124622676522,35.91188307599657,-0.3199925093825724,62515260,0.0,0.0,6.401872572799523e-05,-0.2458749262125034,-0.015622814458421393,-0.14657068073500634,-0.010319010416666554,-4.196511704234695e-08,-0.49498389923085323,-0.08889955955211154,-0.046848468064839936,0.26040345,-0.21840524380844628,-0.0025608632594445024,1.2698043804050232,0.0,-0.5,0.27332763671875,0.11698266863822937,1.0025969743728638,13549,0.000268751586,-0.009700408962089568,0.9722676873207092,1.4674070566892623,0.031101596,0.2,-34.083916091918944
3984,224.31,246,0.0,1137,0.0,0.0,-119.33108145,0.8258012536847119,0.0,0.0,21.048773271715202,-0.3951551444443789,0.0,64.0720375,-0.1072375600383018,-0.012232235103843223,0.01,-4.7833560238192556e-05,-0.14486487658927366,-0.04818059804879749,0.035779174127755484,0.5900895425,-0.017124770472744584,34.18817190254707,-0.32291101496215713,62533692,0.0,0.0,8.897528944847484e-05,-0.2565647961113285,-0.016013944915505503,-0.14834828225424132,-0.010481770833333206,-4.45241754369208e-08,-0.4958486936749553,-0.09077405606590715,-0.04547517485168705,0.26048025,-0.22071454807246135,-0.0026399734574367065,1.2700673899962702,0.0,-0.5,0.21600341796875,-0.030546218156814575,1.0023118257522583,13553,0.00026874237,-0.01034173193620518,0.9866418242454529,0.6658125907182694,0.024577044,0.2,-34.08072967529297
3985,236.5,247,0.0,1142,0.0,0.0,-120.70667877999999,0.7182503176104944,0.0,0.0,13.836365744942992,-0.38537078785350776,0.0,64.08355750000001,-0.1074430497251094,-0.011625524898045783,0.01,-0.00023692480122340035,-0.1413198143597712,-0.04720196540305115,0.03548513705693057,0.5900718785,-0.017644923662171803,29.735563149074466,-0.32563570269455494,62552124,0.0,0.0,5.9136024598653116e-05,-0.24367336752546315,-0.015645376281812205,-0.14696013748776993,-0.010438368055555432,-4.388642382593533e-08,-0.5037716414326927,-0.08910786945112832,-0.045512802264493515,0.26055705,-0.2127262005187258,-0.0025626580775744297,1.2735746112602726,0.0,-0.5,0.262158203125,0.04391065239906311,1.002231478691101,13557,0.000268733154,-0.009928878885693848,0.9830109477043152,0.8220941931009292,0.038019616,0.2,-34.08028106689453
3985,234.32,248,0.0,1146,0.0,0.0,-120.13461844,0.7655051772440971,0.0,0.0,14.543570697893843,-0.38626866930020815,0.0,64.0950775,-0.10730720815280712,-0.012196364033323817,0.01,-2.0966541203253815e-05,-0.14679468322701172,-0.047784972929708555,0.03514253610409087,0.5900542145000001,-0.014269687555497512,31.69191433790562,-0.31542795224858966,62570556,0.0,0.0,6.07635787067314e-05,-0.2522184597511453,-0.01592236753657654,-0.14841585020560152,-0.010959201388888737,-4.329318893952629e-08,-0.4923454537800884,-0.08986104482724286,-0.046084154773358456,0.26063385,-0.2139659396515664,-0.0026132626032256147,1.2837494768964683,0.0,-0.5,0.23890380859375,-0.20524710416793823,1.0021897554397583,13561,0.000268723938,-0.015210370073327794,0.9924836158752441,0.3957162268459797,0.028743122,0.2,-34.07848262786865
3985,220.35,249,0.0,1151,0.0,0.0,-119.73458191,0.7786782630587892,0.0,0.0,17.63622754298111,-0.3976939698391957,0.0,64.10659749999999,-0.1071950946743262,-0.012004976198920046,0.01,-3.130533693000047e-05,-0.14414579510884815,-0.04758010849033809,0.035378241950254345,0.5900365505,-0.016802506210903328,32.237280090633874,-0.31629086975344556,62588988,0.0,0.0,6.781657187578578e-05,-0.25114763628689024,-0.016023641467240723,-0.14881471020968212,-0.010503472222222096,-4.520481253022541e-08,-0.49978259221729193,-0.08942798915221858,-0.04650244441488379,0.26071065,-0.212076233408261,-0.002624991553183154,1.2486190933759682,0.0,-0.5,0.29693603515625,-0.11855921149253845,1.0026038885116577,13565,0.00026871472199999996,-0.009330345259513706,0.986903190612793,0.7272775307297706,0.030118361,0.2,-34.082451248168944
3986,214.39,250,0.0,1156,0.0,0.0,-118.99964581,0.7272167836912571,0.0,0.0,14.648010003487236,-0.39463323603317757,0.0,64.1181175,-0.10722762561328181,-0.01202418375379274,0.01,-8.955401166734874e-05,-0.14360282587981213,-0.04751016333332299,0.035469007712188944,0.5900188865,-0.018258528059555426,30.10677484481804,-0.3249279200584746,62607420,0.0,0.0,5.262564324463407e-05,-0.24853353066496175,-0.015779937558188302,-0.14570606096601318,-0.01019965277777766,-4.3982566244503715e-08,-0.5096216577955606,-0.09021809697060316,-0.04615011754719631,0.26078745,-0.2140293807543334,-0.002586370993242726,1.2598764458789615,0.0,-0.5,0.229052734375,-0.15585950016975403,1.002083420753479,13569,0.000268705506,-0.013845201279036701,0.9813845753669739,0.8858169436454773,0.025013104,0.2,-34.07815246582031
3986,234.8,251,0.0,1160,0.0,0.0,-120.18499544999997,0.705250384800262,0.0,0.0,13.071259728507473,-0.3921883465859596,0.0,64.1296375,-0.10731583672011213,-0.01137450578456333,0.01,-4.3580255714457434e-05,-0.13805746739708785,-0.04723198492939662,0.03405714301935106,0.5900012225,-0.01855841367796529,29.197365930730847,-0.34245178257640796,62625852,0.0,0.0,3.038177965208888e-05,-0.24747968628277095,-0.01590738273118947,-0.14758275677658128,-0.010123697916666556,-4.333317433442915e-08,-0.5126266837631207,-0.0901283241301965,-0.04534472802924264,0.26086425,-0.2194601781036571,-0.0026302855979327714,1.2793109138130694,0.0,-0.5,0.252490234375,-0.16943058371543884,1.0025006532669067,13573,0.00026869629,-0.011659316183067859,0.9866295456886292,0.6840015575289726,0.028146908,0.2,-34.08039436340332
3986,228.41,252,0.0,1165,0.0,0.0,-119.64184879999999,0.7198760103984463,0.0,0.0,14.427524631171082,-0.39748940944628725,0.0,64.14115749999999,-0.10719145142492616,-0.012000221573356855,0.01,-2.508232704313925e-05,-0.14048279429056576,-0.04741909712415786,0.03436248134093694,0.5899835585000001,-0.01854390248869701,29.802866830495674,-0.33243562767385787,62644284,0.0,0.0,2.9296623930955928e-05,-0.2521095209131249,-0.01604490816845636,-0.14929829127359648,-0.010373263888888765,-4.5641197734937194e-08,-0.49782748424361334,-0.0907584239140379,-0.04618725864157999,0.26094105,-0.22256988705114025,-0.002634671401787159,1.2813491219426023,0.0,-0.5,0.27371826171875,-0.05793684720993042,1.002350091934204,13577,0.000268687074,-0.012099824636243284,0.9922840595245361,0.3645666137337685,0.028313965,0.2,-34.08106632232666
3987,231.12,253,0.0,1169,0.0,0.0,-119.89509934,0.7094219271404114,0.0,0.0,12.779305564709556,-0.391353412563441,0.0,64.1526775,-0.10724967113959186,-0.011871493442114623,0.01,-2.090367274346769e-05,-0.14385954222529965,-0.0476344776010817,0.0349716678217037,0.5899658945,-0.017417872814500395,29.37006778361303,-0.33164590375563435,62662716,0.0,0.0,6.130613231410582e-05,-0.24335095417757374,-0.015818004168481926,-0.14701243748382772,-0.010394965277777654,-4.391337236800012e-08,-0.5046977764010976,-0.08878053392434918,-0.04541322775746276,0.26101785,-0.21841163572434197,-0.002604786903846161,1.281988166671673,0.0,-0.5,0.28016357421875,0.25646641850471497,1.0026273727416992,13581,0.000268677858,-0.008341204246971757,0.9831104874610901,0.9252777934074402,0.034824494,0.2,-34.079393577575686
3987,233.07,254,0.0,1174,0.0,0.0,-120.48160416999997,0.7589159488398245,0.0,0.0,17.277755103251764,-0.3959055175306817,0.0,64.1641975,-0.10725574825157994,-0.011623963056111577,0.01,-2.3091626769312015e-05,-0.14059075772211077,-0.047901014384516966,0.03530987526357291,0.5899482305,-0.017843355770714373,31.419120281968734,-0.33979791610327426,62681148,0.0,0.0,5.479577036264042e-05,-0.24810946568889003,-0.016072177892149726,-0.14837846748982292,-0.010373263888888769,-4.580151373777924e-08,-0.5033083420410436,-0.08769304373731061,-0.04542790312772265,0.26109465,-0.2179859979875489,-0.002642421524379864,1.2635236115299053,0.0,-0.5,0.24635009765625,-0.16729529201984406,1.0035377740859985,13585,0.000268668642,-0.012303539464483038,0.9931469559669495,0.3783469520509243,0.02957494,0.2,-34.09201831817627
3987,235.44,255,0.0,1178,0.0,0.0,-121.03489356999998,0.7393347192163762,0.0,0.0,15.725907020995749,-0.3941386280768719,0.0,64.1757175,-0.10714561871254798,-0.011046431908128977,0.01,-7.93054073074523e-06,-0.1356805366801998,-0.04810203031580725,0.034489077418921904,0.5899305665,-0.017838745394126616,30.608457375557972,-0.33755798180850893,62699580,0.0,0.0,3.9604773822550975e-05,-0.2476836985410348,-0.01594384793800311,-0.15023897897120658,-0.010405815972222099,-4.265351676187065e-08,-0.5059868615774372,-0.08822466544512182,-0.043604526570558,0.26117145,-0.2200214122155961,-0.002621680167423825,1.2557907084135904,0.0,-0.5,0.30360107421875,-0.1855655014514923,1.002774715423584,13589,0.000268659426,-0.008935573976486921,0.9792252779006958,0.9342206954956055,0.028641608,0.2,-34.088856887817386
3986,220.77,256,0.0,1183,0.0,0.0,-119.03237461000002,0.7114936355245169,0.0,0.0,12.993169905345855,-0.39475613753605526,0.0,64.18723750000001,-0.1072408155279777,-0.01131715560744229,0.01,-5.078822024678718e-05,-0.13692477247886298,-0.04792120397580371,0.0344235951387488,0.5899129025000001,-0.017385864121024497,29.455836510715,-0.3375492939376424,62718012,0.0,0.0,5.9135956689715385e-05,-0.2456324438733916,-0.015773496919946048,-0.15039724738673643,-0.010297309027777656,-4.39389028223504e-08,-0.5063826622617893,-0.08848443441474772,-0.0455483570553294,0.26124825,-0.2247777189248894,-0.0025814563861978226,1.2755684397595017,0.0,-0.5,0.21661376953125,0.33576300740242004,1.0019710063934326,13593,0.00026865020999999997,-0.01125292747747153,0.9795635938644409,0.9936182558536529,0.022715349,0.2,-34.07701873779297
3986,219.52,257,0.0,1188,0.0,0.0,-118.62374517999999,0.7213666994735697,0.0,0.0,13.729195566741925,-0.39311198902210587,0.0,64.1987575,-0.10706885700626911,-0.011288216810303377,0.01,-1.4245415661896609e-05,-0.13954496639888478,-0.0474126438677419,0.033705652037727823,0.5898952385,-0.01626526009446631,29.864581358205783,-0.3346454283829868,62736444,0.0,0.0,4.828536960606774e-05,-0.2472837257143165,-0.01587358303782177,-0.14767876645165257,-0.010362413194444324,-4.325774668292463e-08,-0.5075479093071791,-0.08909194804700242,-0.04503950935594468,0.26132505,-0.2235180466542751,-0.002620556539705259,1.276441905132576,0.0,-0.5,0.204248046875,0.15575462579727173,1.0018246173858643,13597,0.000268640994,-0.008812857232987881,0.9801480770111084,0.9088973701000214,0.023407418,0.2,-34.07596302032471
3985,215.55,258,0.0,1193,0.0,0.0,-118.60440833000001,0.7237716620037093,0.0,0.0,13.620167231918181,-0.38517518639655407,0.0,64.21027749999999,-0.10702657412659969,-0.011075235510502213,0.01,-1.537235722595014e-06,-0.132617703700703,-0.04735557738681396,0.03306004706862637,0.5898775745,-0.019955437824440498,29.964146806953565,-0.3275702504982976,62754876,0.0,0.0,3.0381760249535244e-05,-0.24059158015567306,-0.015624866396216087,-0.14649462778954128,-0.010384114583333213,-4.117005666849364e-08,-0.5140027369040134,-0.08883579054599974,-0.04217387208695873,0.26140185,-0.21904186018569172,-0.0025624866813483242,1.2713102117196546,0.0,-0.5,0.22288818359375,-0.09406065940856934,1.0022952556610107,13601,0.000268631778,-0.010948803904466332,0.9893854856491089,0.5372863642871379,0.02782638,0.2,-34.079983139038085
3985,224.66,259,0.0,1197,0.0,0.0,-118.96178007999997,0.7668248077320072,0.0,0.0,17.334634913370806,-0.4055854023641226,0.0,64.2217975,-0.10689447042571443,-0.011230886101225659,0.01,-6.064429130734919e-06,-0.1409414593676633,-0.04775227855447487,0.034602416839231515,0.5898599105,-0.015196470485534519,31.7465470401051,-0.33741973820042276,62773308,0.0,0.0,5.7508383179083467e-05,-0.2524109752424221,-0.016240318565080156,-0.15018295667586382,-0.010742187499999856,-4.602254963023224e-08,-0.49628454453067505,-0.08908009133313018,-0.04585444912215939,0.26147865,-0.22310008154168204,-0.0026726093115969065,1.2678319403699423,0.0,-0.5,0.234375,-0.1375945508480072,1.0029710531234741,13605,0.000268622562,-0.009658493776805699,0.9889975786209106,0.5907216534018517,0.029312547,0.2,-34.08661727905273
3985,224.29,260,0.0,1202,0.0,0.0,-119.03304697,0.7322607989829664,0.0,0.0,13.67976159182798,-0.39556565861984205,0.0,64.2333175,-0.10728985157433907,-0.011382882751295106,0.01,-2.0877080176522187e-05,-0.13599953954059402,-0.047128821447888734,0.03362749436681261,0.5898422465000001,-0.01699903871081511,30.315597077894807,-0.3374694006540222,62791740,0.0,0.0,4.0689881037299834e-05,-0.2453129165667468,-0.015819774770786704,-0.1494257442897053,-0.011024305555555402,-4.4498320686180354e-08,-0.503736762674815,-0.08937475224293605,-0.04427183343634536,0.26155545,-0.22072347727701677,-0.0025940730387443325,1.280771544751185,0.0,-0.5,0.27850341796875,-0.14745822548866272,1.002539038658142,13609,0.000268613346,-0.008520207949914038,0.9779858589172363,1.0519014179706574,0.027669933,0.2,-34.08356971740723
3985,239.39,261,0.0,1206,0.0,0.0,-120.66861892000001,0.7363472521726451,0.0,0.0,13.23178198835895,-0.3890309079012153,0.0,64.2448375,-0.1073199683044276,-0.011562579128428268,0.01,-5.7069861401696555e-06,-0.1394962251997297,-0.046345755810196974,0.0341744510440068,0.5898245825,-0.01586487080688433,30.484776239947504,-0.3128596725266115,62810172,0.0,0.0,4.286000815530618e-05,-0.24354665868642028,-0.01564919823330779,-0.14670808740477137,-0.010416666666666541,-4.3919394740951875e-08,-0.5024158455007561,-0.08789220497331103,-0.044177859526249516,0.26163225,-0.21626695168965593,-0.0025725779799776276,1.2796011947182833,0.0,-0.5,0.212109375,-0.028368055820465088,1.0028343200683594,13613,0.00026860413,-0.012134433269966393,0.9883002638816833,0.6103319399058819,0.026281679,0.2,-34.08443202972412
3986,231.37,262,0.0,1211,0.0,0.0,-119.646891,0.8756601265430148,0.0,0.0,15.924715939932636,-0.3950460138280147,0.0,64.25635750000001,-0.10743825720780882,-0.011626691239313884,0.01,-2.614556051733913e-05,-0.13923501469660274,-0.046998547640393865,0.034253480048656915,0.5898069185,-0.015128382978016615,36.25232923888081,-0.336626101681517,62828604,0.0,0.0,3.3094421572362385e-05,-0.2496573041178251,-0.015993004581767396,-0.14831995525786457,-0.010959201388888732,-4.586000337786267e-08,-0.4999471621690588,-0.09166500927216183,-0.045051588320696924,0.26170905,-0.22396082805156092,-0.002638705827417945,1.294027666569428,0.0,-0.5,0.27506103515625,-0.17518995702266693,1.003424882888794,13617,0.00026859491399999996,-0.013831164315342903,0.9933500289916992,0.364506908506155,0.031821452,0.2,-34.09379959106445
3986,214.42,263,0.0,1215,0.0,0.0,-118.21017679999999,0.8418255433303556,0.0,0.0,20.555137751538975,-0.39485001452010754,0.0,64.2678775,-0.10733992485388631,-0.011617837444675417,0.01,-1.0315240745304702e-05,-0.14051834211194308,-0.04668853495634613,0.03469740716666275,0.5897892545,-0.015100440581186881,34.851577493876725,-0.31476156887169554,62847036,0.0,0.0,6.0763598109285034e-05,-0.24111621093914382,-0.015587594652851903,-0.14745333262450744,-0.010514322916666537,-4.474012073457399e-08,-0.5011102403577548,-0.09079615326687768,-0.04482341283587518,0.26178585,-0.22193599991205978,-0.002558486680147598,1.2825132275738853,0.0,-0.5,0.28170166015625,-0.1696016490459442,1.0028666257858276,13621,0.000268585698,-0.010126393032260239,0.9906367063522339,0.46795096099376676,0.030846933,0.2,-34.08827075958252
3986,232.3,264,0.0,1220,0.0,0.0,-119.92689422999997,0.8024203146642139,0.0,0.0,19.413504266595737,-0.3936734062748149,0.0,64.27939749999999,-0.1074914105411268,-0.011416321956065355,0.01,-6.577655289218058e-05,-0.1438123072872471,-0.046323135426890746,0.035008465809393194,0.5897715905,-0.017928669169325277,33.220201027098454,-0.3160212294163503,62865468,0.0,0.0,6.727397946330409e-05,-0.23980185097757076,-0.015558356423611811,-0.14744577778202783,-0.009950086805555454,-4.378393760370481e-08,-0.502072541259102,-0.09153904615960617,-0.0464054128854498,0.26186265,-0.22017993381034903,-0.002551032859022217,1.2858725825778228,0.0,-0.5,0.23822021484375,-0.02815273404121399,1.002838134765625,13625,0.000268576482,-0.010262793774018064,0.9867703914642334,0.7493125215172768,0.023437385,0.2,-34.08633117675781
3987,230.72,265,0.0,1225,0.0,0.0,-119.65644447000001,0.806620008220869,0.0,0.0,18.24931614838273,-0.3942951284926438,0.0,64.2909175,-0.10740486963839305,-0.011280497223247737,0.01,-2.4363681306034657e-05,-0.1385755544496208,-0.04696279981178662,0.03468267031067465,0.5897539265,-0.015430709153103331,33.39406834034398,-0.3221598870812982,62883900,0.0,0.0,3.5807063492635884e-05,-0.23816031509914215,-0.015634602982234194,-0.1471333648703719,-0.010481770833333202,-4.293321143668549e-08,-0.5027529757076709,-0.09198299032137446,-0.04435601514771765,0.26193945,-0.22543941443393273,-0.00256480988553426,1.281457559315794,0.0,-0.5,0.2954833984375,-0.15911471843719482,1.0027371644973755,13629,0.000268567266,-0.01440711496397853,0.9936413764953613,0.3424689628183842,0.038005456,0.2,-34.08690719604492
3987,236.97,266,0.0,1229,0.0,0.0,-120.33825168000001,0.7377371972333244,0.0,0.0,14.3298947117245,-0.3977461054885495,0.0,64.3024375,-0.10760090585056054,-0.011373323047389465,0.01,-9.601596039717282e-06,-0.14117499806594067,-0.04650666400712475,0.03565192518932522,0.5897362625,-0.01626919504552562,30.54231996545963,-0.323864116622784,62902332,0.0,0.0,6.727394065819681e-05,-0.23873221945167034,-0.015797671405782556,-0.14759809501370952,-0.010101996527777672,-4.263726758147281e-08,-0.5031256651075311,-0.0908052121819528,-0.04477529316236816,0.26201625,-0.22475246404130061,-0.00258377275733359,1.2805823618919403,0.0,-0.5,0.27950439453125,0.12932953238487244,1.0026836395263672,13633,0.00026855805,-0.0077412962797097865,0.987748920917511,0.6907991215586662,0.02989541,0.2,-34.08403701782227
3987,223.34,267,0.0,1234,0.0,0.0,-118.89126710000001,0.7147366749958528,0.0,0.0,12.300151877700518,-0.39516350626096786,0.0,64.3139575,-0.10737278550589352,-0.011033936715150577,0.01,-6.236854863535233e-05,-0.13916201353298227,-0.04703333876584801,0.03495014640475164,0.5897185985,-0.015307147946764922,29.590098344828306,-0.32019864101292334,62920764,0.0,0.0,4.177491064183414e-05,-0.23667062922909243,-0.015730823212835074,-0.1493077528253339,-0.010753038194444299,-4.503498159871439e-08,-0.4983581157241522,-0.09096343118724814,-0.04601679036413711,0.26209305,-0.22243464746110453,-0.0025676892676213376,1.2933000331092817,0.0,-0.5,0.25765380859375,-0.17888464033603668,1.0026049613952637,13637,0.000268548834,-0.01400977319572121,0.9935411810874939,0.34338961616158487,0.029553745,0.2,-34.083861351013184
3988,211.92,268,0.0,1238,0.0,0.0,-118.14312173999998,0.7059645259655645,0.0,0.0,13.147236534429243,-0.4028817364027811,0.0,64.3254775,-0.10718926622056472,-0.011081003599299494,0.01,-7.812452703459959e-06,-0.1430979334254193,-0.04774074062832542,0.03577443012315721,0.5897009345,-0.013492508944990631,29.226931374974367,-0.3277105435072357,62939196,0.0,0.0,5.750841228291392e-05,-0.24315093078011252,-0.01600511038736989,-0.1511597267699901,-0.01094835069444429,-4.5517720642411666e-08,-0.5001777109983961,-0.09227600058079881,-0.04457392112269042,0.26216985,-0.22019011954787704,-0.0026086515794171974,1.2697532790878534,0.0,-0.5,0.22398681640625,-0.2739866375923157,1.0026562213897705,13641,0.000268539618,-0.007986926112789661,0.9882689714431763,0.6297346547245979,0.0222218,0.2,-34.08315734863281
3988,227.79,269,0.0,1243,0.0,0.0,-120.33961872999998,0.7279575173907347,0.0,0.0,14.583088496642446,-0.39896109583867023,0.0,64.3369975,-0.10724724438752396,-0.010752233794099803,0.01,-0.00010615447473180596,-0.13568711359875663,-0.047551599390196424,0.034627712645942776,0.5896832705,-0.017776896160082996,30.137441219976413,-0.3335602382578829,62957628,0.0,0.0,5.913600519609948e-05,-0.24060737388859416,-0.01587650030649566,-0.14978247542423415,-0.010427517361110989,-4.2801485426539885e-08,-0.5060602258179793,-0.09062626521289771,-0.04479210059771105,0.26224665,-0.21857308366275766,-0.002586340022314975,1.2697103803025789,0.0,-0.5,0.23309326171875,0.25590041279792786,1.002663493156433,13645,0.00026853040199999997,-0.009775348694529385,0.9800204038619995,0.900915302336216,0.02289446,0.2,-34.083734130859376
3988,228.12,270,0.0,1247,0.0,0.0,-119.92578502000002,0.7413382987139276,0.0,0.0,16.65483497794468,-0.39950146822922483,0.0,64.3485175,-0.10715102553398298,-0.01092406753791779,0.01,-2.648263136561098e-05,-0.139952155586018,-0.04823607332160682,0.0351907056154703,0.5896656065,-0.01424663127788032,30.691405566756604,-0.3218084020080675,62976060,0.0,0.0,5.8050917383904256e-05,-0.23811588382778043,-0.01573722456777927,-0.14749277598122068,-0.010850694444444297,-4.39766075648834e-08,-0.4938064324105828,-0.08723925129928284,-0.043814148184797994,0.26232345,-0.21442239334107915,-0.0025862644034906545,1.2757924474727615,0.0,-0.5,0.2503662109375,-0.005627691745758057,1.0026779174804688,13649,0.000268521186,-0.014034824748523533,0.9743645787239075,1.2572032988071442,0.030281123,0.2,-34.08547496795654
3989,233.13,271,0.0,1252,0.0,0.0,-119.21654314999999,0.7183471366893717,0.0,0.0,15.302575641416734,-0.39222123908924367,0.0,64.3600375,-0.10714941982931209,-0.011019337615467613,0.01,-1.0754891978200637e-05,-0.14192431237047612,-0.04673321606539383,0.03605800486570991,0.5896479425,-0.013730138514397873,29.739571458939984,-0.30920344960483886,62994492,0.0,0.0,6.456127933536966e-05,-0.2418215872528313,-0.0158352259681869,-0.14986134124735742,-0.01064453124999986,-4.589178473695673e-08,-0.48796771887129914,-0.09067019129134998,-0.044286018055181765,0.26240025,-0.22100694375144933,-0.002591269973409309,1.3035892871843098,0.0,-0.5,0.27310791015625,0.22658511996269226,1.0026471614837646,13653,0.00026851197,-0.010357113927602768,0.9790878295898438,1.1191999405622481,0.034826268,0.2,-34.084588623046876
3983,219.2,272,0.0,1258,0.0,0.0,-118.15784609,0.7791487155923555,0.0,0.0,17.367397340672596,-0.4021885219610624,0.0,64.3715575,-0.10708843953659251,-0.011881735914080729,0.01,-1.2571898838616345e-05,-0.1422301518158785,-0.04762249830370714,0.0355956302179031,0.5896302785,-0.012991342556132521,32.25675682552352,-0.3287674008293031,63012924,0.0,0.0,6.184862771381934e-05,-0.24398943950391272,-0.015949423114019687,-0.14767436214920965,-0.010926649305555406,-4.3877399565039944e-08,-0.49301160388156834,-0.09124714259804963,-0.04331090703110489,0.26247705,-0.22288621816638196,-0.002619639702430549,1.3074343026571185,0.0,-0.5,0.25458984375,-0.23710766434669495,1.0019882917404175,13657,0.000268502754,-0.013330796011723578,0.985981822013855,0.586339208483696,0.030182648,0.2,-34.0779914855957
3983,230.46,273,0.0,1263,0.0,0.0,-119.66004266999998,0.7725987982172171,0.0,0.0,14.174135219732278,-0.403508544622239,0.0,64.3830775,-0.10702580029218642,-0.01105972496245076,0.01,-5.578278402871788e-05,-0.1344554630497023,-0.04834917600079195,0.03417072907476879,0.5896126145,-0.015507343133018972,31.985590246192785,-0.3243519700227266,63031356,0.0,0.0,5.371061464150747e-05,-0.24297847842211354,-0.015983597461584835,-0.1496059403714298,-0.010742187499999858,-4.497655046175321e-08,-0.5013717846080419,-0.08980881069599106,-0.04500568809056213,0.26255385,-0.2192859504108148,-0.0026214266858462236,1.2634191119757359,0.0,-0.5,0.22366943359375,-0.04048091173171997,1.0021312236785889,13661,0.000268493538,-0.010567153850570322,0.9847957491874695,0.7767921343445778,0.026550924,0.2,-34.077850341796875
3984,225.54,274,0.0,1267,0.0,0.0,-119.22896994999999,0.7272502676766419,0.0,0.0,13.91008420215539,-0.39741739587468505,0.0,64.3945975,-0.10697775989998085,-0.01077002007600618,0.01,-1.031149490060641e-05,-0.13902391055873775,-0.047680899548187806,0.0361883527875104,0.5895949505,-0.014859558432362974,30.108161081812973,-0.3246831318614891,63049788,0.0,0.0,4.7200252690042056e-05,-0.23588048963154154,-0.015811233455453003,-0.14870180204448694,-0.010904947916666513,-4.325214495537096e-08,-0.4993615238794049,-0.08693545206218535,-0.0427905388513341,0.26263065,-0.2141746110008725,-0.002581961646929113,1.262758517396164,0.0,-0.5,0.266650390625,-0.22439056634902954,1.0016701221466064,13665,0.000268484322,-0.01347273230785504,0.982014536857605,0.6853977054357528,0.026212785,0.2,-34.07433643341064
3984,213.55,275,0.0,1272,0.0,0.0,-118.09149985000002,0.8391399585051584,0.0,0.0,14.629926303930658,-0.3957243774325996,0.0,64.4061175,-0.10699178944432464,-0.011292956042036282,0.01,-3.4000016680171488e-06,-0.13950896720234102,-0.04792350064325067,0.03479547696974344,0.5895772865,-0.016202734510039188,34.740394282113556,-0.33667587442056324,63068220,0.0,0.0,4.937036040549477e-05,-0.24333004963718835,-0.016004860922770807,-0.15069693727102287,-0.010818142361110967,-4.442189033868681e-08,-0.5081414891393741,-0.09293076289961627,-0.04356496236109649,0.26270745,-0.22470767633003547,-0.002609328196296771,1.2941766630169291,0.0,-0.5,0.23177490234375,0.11752530932426453,1.002083659172058,13669,0.00026847510599999996,-0.00936199291027151,0.981489360332489,0.9831167712807656,0.023683572,0.2,-34.076059913635255
3984,219.68,276,0.0,1276,0.0,0.0,-118.60215894999999,0.7336041154965518,0.0,0.0,13.292359376296247,-0.40273569316514296,0.0,64.4176375,-0.10745032987915663,-0.01125831889507784,0.01,-1.7264676589771725e-06,-0.13665189311021958,-0.047332319007011056,0.03461001009114847,0.5895596225,-0.017284681301033642,30.371210381557244,-0.3295768308890317,63086652,0.0,0.0,5.3710624342784286e-05,-0.23980861576425308,-0.01598392401395672,-0.14923772901223015,-0.010872395833333184,-4.4681291620487896e-08,-0.5095370701005478,-0.0926799767772061,-0.043271711765053296,0.26278425,-0.22679609120008148,-0.0026272582125616527,1.2913881706907189,0.0,-0.5,0.22144775390625,-0.2880769670009613,1.0025895833969116,13673,0.00026846589,-0.011822015780489891,0.9871650338172913,0.6575322479009629,0.025538836,0.2,-34.08337116241455
3984,227.42,277,0.0,1281,0.0,0.0,-119.13607756000002,0.7410159013270199,0.0,0.0,14.451642766621886,-0.40113154612054,0.0,64.4291575,-0.10714996076588319,-0.010798939931472283,0.01,-9.904060899060646e-07,-0.13659191764941564,-0.047432459952508936,0.035372493979089134,0.5895419585,-0.016265396832346193,30.67805831493862,-0.32983944648963426,63105084,0.0,0.0,6.727396006075044e-05,-0.2384809937363677,-0.016068201492280623,-0.15141116009834327,-0.010828993055555406,-4.513544889950968e-08,-0.5067554230801457,-0.09107442974368779,-0.04319216797145799,0.26286105,-0.2191982440554724,-0.002608675134888017,1.281398450457295,0.0,-0.5,0.26728515625,-0.10974428057670593,1.0023839473724365,13677,0.000268456674,-0.011182735220063477,0.9823319911956787,0.804540342092514,0.0317546,0.2,-34.08079776763916
3985,226.11,278,0.0,1285,0.0,0.0,-119.80397925000001,0.7384685255943797,0.0,0.0,13.912260566924239,-0.3922653230892685,0.0,64.44067749999999,-0.10726151748927328,-0.011120460591432261,0.01,0.0,-0.1394809132256421,-0.04705698365987811,0.03574310697316028,0.5895242945,-0.016957127406688716,30.572596959607317,-0.32613705485667416,63123516,0.0,0.0,7.161427250442405e-05,-0.23461506562997828,-0.01583864517113327,-0.15031477533206805,-0.010525173611110977,-4.3032390617673845e-08,-0.5062957203747317,-0.08962170284280778,-0.04282339500406479,0.26293785,-0.22085884505009007,-0.002571971342422724,1.2543102050304185,0.0,-0.5,0.2406982421875,0.28796738386154175,1.002766728401184,13681,0.000268447458,-0.009198798215948045,0.9853121638298035,0.8376248478889465,0.034259327,0.2,-34.08566741943359
3985,215.87,279,0.0,1290,0.0,0.0,-118.80332128000002,0.7499194412543129,0.0,0.0,14.34230109291023,-0.40860831577759454,0.0,64.45219750000001,-0.10707205984370165,-0.010782322274596932,0.01,-1.950690331069628e-05,-0.1358548432846677,-0.048095592682050034,0.03428948042249485,0.5895066305,-0.018157888556339055,31.046664867928552,-0.3264704495311068,63141948,0.0,0.0,6.0763598109285034e-05,-0.24033303999468444,-0.01605828850380623,-0.14899596728885683,-0.01035156249999988,-4.512369921716318e-08,-0.5088619799713601,-0.09101345122128071,-0.043836368251548796,0.26301465,-0.21962440145190312,-0.002624059903402769,1.2745332952886037,0.0,-0.5,0.25069580078125,0.5098539590835571,1.0022953748703003,13685,0.000268438242,-0.009932190732797608,0.971138596534729,1.441669774055481,0.025835609,0.2,-34.08148250579834
3985,223.61,280,0.0,1294,0.0,0.0,-119.00550981000002,0.7231397533351491,0.0,0.0,13.484574784168466,-0.39514286293648726,0.0,64.4637175,-0.10716519092003995,-0.010959664538370249,0.01,0.0,-0.13942874174901498,-0.047375332205920356,0.0350643162532353,0.5894889665,-0.01558478855198094,29.937985788075174,-0.33606900072451357,63160380,0.0,0.0,4.8827826200673975e-05,-0.24188672429040917,-0.016064320099811697,-0.1524242357332105,-0.010655381944444306,-4.2960907703434006e-08,-0.5125635852618327,-0.09004873713756038,-0.044419155765230464,0.26309145,-0.224021729128058,-0.002616562270321418,1.2687499179421238,0.0,-0.5,0.20902099609375,0.43281644582748413,1.0019866228103638,13689,0.000268429026,-0.013508993410505354,0.9740319848060608,1.2934701770544053,0.025079802,0.2,-34.07692604064941
3985,221.39,281,0.0,1299,0.0,0.0,-118.46582470000001,0.7097769269513516,0.0,0.0,13.31485298267566,-0.3949568694304288,0.0,64.47523749999999,-0.10734535106063277,-0.011239201802602815,0.01,-8.632465697230306e-08,-0.13919468277797653,-0.04746079208189328,0.03513302853242993,0.5894713025,-0.016940172388179537,29.384764775785957,-0.33342494999507866,63178812,0.0,0.0,3.906223961773018e-05,-0.23958351487697926,-0.015947688605278437,-0.1484139280006238,-0.010601128472222086,-4.2356901324759074e-08,-0.5131081016231729,-0.09095227938986167,-0.0438833323550804,0.26316825,-0.2168633672802669,-0.002601753739216523,1.2724694708503248,0.0,-0.5,0.2286865234375,0.08052706718444824,1.002505898475647,13693,0.00026841981,-0.011148009035969153,0.9800900220870972,0.9428540945053101,0.026838046,0.2,-34.081560134887695
3986,236.38,282,0.0,1303,0.0,0.0,-120.27761633,0.7144927439492008,0.0,0.0,13.095089783414322,-0.39083986018955574,0.0,64.4867575,-0.10743790612218536,-0.011016631401780502,0.01,-4.678952129791201e-06,-0.14189110099165766,-0.04681861426938832,0.0350991906315659,0.5894536385,-0.0174375398249443,29.57999959949691,-0.32468146351162885,63197244,0.0,0.0,3.417946087817351e-05,-0.2366336144976256,-0.01589630535110538,-0.14807594294064305,-0.010579427083333197,-4.4579407706446296e-08,-0.5104858070339949,-0.08886687501886328,-0.042155935625899255,0.26324505,-0.21175718732152252,-0.0025958357974405683,1.279331025051718,0.0,-0.5,0.24832763671875,-0.03885924816131592,1.0025790929794312,13697,0.00026841059399999997,-0.013203366904053836,0.9913735389709473,0.4474758431315422,0.028839007,0.2,-34.0835765838623
3986,239.25,283,0.0,1308,0.0,0.0,-120.5382316,0.731971121960425,0.0,0.0,14.327093564443295,-0.3926897832349581,0.0,64.4982775,-0.10740558166002828,-0.011020277693979943,0.01,-9.555326362638861e-06,-0.14297358039612562,-0.0462303374463519,0.035731036317586846,0.5894359745,-0.019249736451052338,30.303604449161593,-0.3221490376873948,63215676,0.0,0.0,6.130602560006082e-05,-0.23820484570410835,-0.015793865771162752,-0.14640645379947373,-0.01019965277777767,-4.3310053052036466e-08,-0.5090805182504747,-0.08799593768967057,-0.04435114358936517,0.26332185,-0.2147405179144742,-0.0025888012226112367,1.274557853977549,0.0,-0.5,0.27974853515625,-0.32229405641555786,1.0027356147766113,13701,0.000268401378,-0.01642268381547183,0.9952127933502197,0.2274698093533516,0.0312475,0.2,-34.084587287902835
3986,227.47,284,0.0,1313,0.0,0.0,-119.90553257999998,0.7389339911839581,0.0,0.0,16.73754107435765,-0.3887314354054314,0.0,64.5097975,-0.10737072239995032,-0.011117561571197875,0.01,-4.283229233141315e-06,-0.14027471123055948,-0.04631344354392744,0.03413107059103456,0.5894183105,-0.019021194167887896,30.591867235015865,-0.3199754708337925,63234108,0.0,0.0,4.991290431159238e-05,-0.23504391490921728,-0.015672764959155684,-0.14652647705583408,-0.010167100694444332,-4.4401871282811964e-08,-0.5143005323029217,-0.08955620923605007,-0.04298136336197575,0.26339865,-0.21208628036151297,-0.00254208771881627,1.27084304313371,0.0,-0.5,0.25595703125,-0.05210217833518982,1.0028043985366821,13705,0.000268392162,-0.009683412534650415,0.9925913214683533,0.3897269979119301,0.028966326,0.2,-34.08441047668457
3987,223.35,285,0.0,1317,0.0,0.0,-118.92212579,0.7264523360317914,0.0,0.0,13.221122183066482,-0.39888251344066517,0.0,64.52131750000001,-0.10742531629102027,-0.011174055762535948,0.01,-4.6231654138045006e-07,-0.13900683058871996,-0.0474807491607359,0.03484424142641588,0.5894006465,-0.015310131244607166,30.075126711716162,-0.32881535183234534,63252540,0.0,0.0,5.099796301995715e-05,-0.24145596192417415,-0.016030888451623877,-0.1487061488976243,-0.010470920138888761,-4.478726555620953e-08,-0.5046769927899732,-0.08972949416139096,-0.044251083577187184,0.26347545,-0.21595817192274722,-0.002609659826398157,1.2668773109767555,0.0,-0.5,0.28564453125,0.24238845705986023,1.0033143758773804,13709,0.000268382946,-0.010365127678960561,0.9836605787277222,0.951386384665966,0.032069076,0.2,-34.0911943435669
3987,203.18,286,0.0,1322,0.0,0.0,-117.18318073999998,0.7524787251604566,0.0,0.0,14.604074340638851,-0.3889368206000803,0.0,64.5328375,-0.10723067920863223,-0.010947042483165083,0.01,-1.0661018102942356e-05,-0.1389604858901708,-0.046341001402398156,0.035151094407392856,0.5893829825,-0.019034216384170577,31.1526192216429,-0.32849994921017645,63270972,0.0,0.0,5.9135976092269026e-05,-0.23721464817880122,-0.01578964998041928,-0.1459872196121311,-0.010601128472222086,-4.3192603524345414e-08,-0.5148433485001751,-0.08808215145527469,-0.0430930544243365,0.26355225,-0.21254483663006848,-0.0025738039984412875,1.2766668370623828,0.0,-0.5,0.2862548828125,-0.00877612829208374,1.0025447607040405,13713,0.00026837373,-0.009253025351790711,0.985899806022644,0.7120355144143105,0.031557567,0.2,-34.08509540557861
3987,224.81,287,0.0,1326,0.0,0.0,-119.70423283,0.7282639173676411,0.0,0.0,14.34174766235732,-0.3973059036217408,0.0,64.54435749999999,-0.10740022837849118,-0.01117870365907079,0.01,-5.60723303510896e-06,-0.14062894843344045,-0.04692579346611757,0.03473950606551283,0.5893653185000001,-0.017728202214736182,30.15012617902034,-0.3310518207533782,63289404,0.0,0.0,6.998656317591667e-05,-0.24215528549709767,-0.015925203028956218,-0.15032429065129704,-0.010394965277777654,-4.2741567088113394e-08,-0.5116489419879179,-0.0902529720831258,-0.04595462228178954,0.26362905,-0.21680743903980204,-0.0025830176236789158,1.2678665072470892,0.0,-0.5,0.22601318359375,0.2465357780456543,1.002467155456543,13717,0.000268364514,-0.009523259964771569,0.9812483191490173,1.0135306909680366,0.025249148,0.2,-34.080996704101565
3987,225.36,288,0.0,1331,0.0,0.0,-119.47864555000002,0.7270181859850922,0.0,0.0,14.105927424745964,-0.3957351192823393,0.0,64.55587750000001,-0.10738055182574224,-0.010904887504139872,0.01,-1.6277459160785723e-06,-0.13941550286085916,-0.0463200461956246,0.03428144167124378,0.5893476545,-0.01945562838550864,30.098552899782813,-0.3332630346446113,63307836,0.0,0.0,4.231748365176221e-05,-0.23972360147158023,-0.01591637829932703,-0.14851913648892653,-0.010373263888888767,-4.304454204981955e-08,-0.511787962086923,-0.09011125339120254,-0.04390134747895691,0.26370585,-0.21621627521794437,-0.002585791235998053,1.2789088752784104,0.0,-0.5,0.22548828125,-0.06610408425331116,1.0019596815109253,13721,0.00026835529799999996,-0.00974792691413313,0.980042040348053,0.7921085268259048,0.018781707,0.2,-34.07787971496582
3988,225.48,289,0.0,1335,0.0,0.0,-119.45252215999999,0.70102383955345,0.0,0.0,12.920081613001747,-0.390013395486795,0.0,64.5673975,-0.10730119923386278,-0.010546073798024086,0.01,-7.640526470095764e-06,-0.13404117101673177,-0.04644985543611149,0.03539699710670381,0.5893299905,-0.019690409343133472,29.022386957512833,-0.3253876351281391,63326268,0.0,0.0,4.665771848522127e-05,-0.2351445661320447,-0.01568883155446475,-0.14733542845543302,-0.010026041666666562,-4.300397804550075e-08,-0.5134036482984521,-0.08620675352020814,-0.045646210717708066,0.26378265,-0.20817281525796272,-0.00254469278124426,1.2629408828361235,0.0,-0.5,0.2207763671875,-0.2733250856399536,1.0025558471679688,13725,0.000268346082,-0.015366131864720956,0.9894737005233765,0.4947718679904938,0.02582306,0.2,-34.081397438049315
3988,223.9,290,0.0,1340,0.0,0.0,-119.02098087,0.7250222767538312,0.0,0.0,15.085887315305133,-0.391263154033473,0.0,64.5789175,-0.10723043929659792,-0.010285416783228947,0.01,-8.066131183040888e-06,-0.13240182925659374,-0.04701385005291028,0.03440481652487279,0.5893123265,-0.018698523665079847,30.01592225760861,-0.3307513073235715,63344700,0.0,0.0,5.154046812094748e-05,-0.23119407486806523,-0.015712545574522507,-0.14709032454434745,-0.010177951388888776,-4.2693257334034454e-08,-0.521806270635883,-0.08821958424349817,-0.04384365603113879,0.26385945,-0.2122022453702239,-0.0025522555317605677,1.2735935572132808,0.0,-0.5,0.26337890625,0.3800561726093292,1.0024261474609375,13729,0.000268336866,-0.009188106225337833,0.9749373197555542,1.343305656313896,0.031306483,0.2,-34.08173294067383
3989,216.85,291,0.0,1344,0.0,0.0,-118.90996233999998,0.7205223892799322,0.0,0.0,13.670547220568741,-0.399409235981331,0.0,64.59043750000001,-0.1072307477920405,-0.010536889727008532,0.01,-1.6862056996556785e-05,-0.13401013656899888,-0.04745150608528607,0.03487776987518463,0.5892946625000001,-0.02161748839070141,29.82962691618919,-0.3269244200439306,63363132,0.0,0.0,5.0997972721233964e-05,-0.23799960078929208,-0.015864216847352203,-0.148789140618388,-0.010525173611110978,-4.381556817332455e-08,-0.5215445263017922,-0.09016958479572984,-0.044381000314263536,0.26393625,-0.21581287504242244,-0.0025781324540836096,1.2658964002968984,0.0,-0.5,0.17939453125,-0.04018431901931763,1.0020517110824585,13733,0.00026832765,-0.009965751587878912,0.9759254455566406,1.2358002722263337,0.019092133,0.2,-34.07748641967773
3989,228.09,292,0.0,1349,0.0,0.0,-120.07930129000002,0.7328688791667808,0.0,0.0,14.230602415839035,-0.3975450327280458,0.0,64.6019575,-0.10712771108705595,-0.010317695761429529,0.01,-6.450110716912416e-06,-0.131659284533516,-0.04676486419420015,0.03445138598440099,0.5892769985,-0.018306678219232708,30.340771597504723,-0.34214525092514836,63381564,0.0,0.0,4.285994994764527e-05,-0.24201208609889704,-0.016277243595815793,-0.15202983385555663,-0.010253906249999882,-4.465491680366011e-08,-0.5169524697981024,-0.0879227870887446,-0.04534251356937183,0.26401305,-0.21360869946506156,-0.0026397587823833108,1.25405952408806,0.0,-0.5,0.2434326171875,-0.19854864478111267,1.0021448135375977,13737,0.000268318434,-0.011593122885096818,0.980096697807312,0.9133097261190415,0.02453877,0.2,-34.07848262786865
3989,218.51,293,0.0,1353,0.0,0.0,-118.49857914000002,0.718390541806954,0.0,0.0,13.084721495377636,-0.396020569493889,0.0,64.6134775,-0.10735103747226124,-0.010817181640605496,0.01,-5.796792498992273e-06,-0.13486333301770778,-0.04627336437466205,0.03502637368230753,0.5892593345,-0.02001362433818738,29.741368430807896,-0.3275422966454542,63399996,0.0,0.0,5.8593403082340956e-05,-0.2414866042058224,-0.016069035442027875,-0.15030721697301588,-0.010319010416666547,-4.333846940474905e-08,-0.5099577071503231,-0.08858399713850883,-0.046341242704950686,0.26408985,-0.21769745670607815,-0.002603219730286472,1.2745691881430468,0.0,-0.5,0.24266357421875,0.4037966728210449,1.0023492574691772,13741,0.000268309218,-0.010068559518549592,0.9673877358436584,1.6904126107692719,0.030256107,0.2,-34.07994766235352
3989,218.98,294,0.0,1358,0.0,0.0,-118.83924861999999,0.7506980429969221,0.0,0.0,15.814830854099945,-0.39163648862531575,0.0,64.6249975,-0.10738523442171154,-0.011227177526743239,0.01,-2.5899284723138637e-06,-0.1392617624531507,-0.04614877019892691,0.03442763933904693,0.5892416705,-0.019682950427522883,31.078898980072573,-0.32894308640176795,63418428,0.0,0.0,7.812462475461264e-05,-0.23975507397020168,-0.015993000536361192,-0.14905126316265152,-0.009863281249999903,-4.385844697475021e-08,-0.5084624827538731,-0.08861108142915684,-0.045659211869099985,0.26416665,-0.21740910144092093,-0.002600045596077743,1.274375883504775,0.0,-0.5,0.2029296875,0.3659782111644745,1.001967430114746,13745,0.000268300002,-0.011054110538680106,0.9697673916816711,1.5490667641162872,0.025021091,0.2,-34.078054428100586
3990,217.99,295,0.0,1362,0.0,0.0,-118.49465985,0.7300165047497393,0.0,0.0,14.086962357465591,-0.39479048271820333,0.0,64.6365175,-0.1072434002626608,-0.010792637829942393,0.01,-2.585428161555047e-06,-0.13720553017243683,-0.046757473855924665,0.034915199673320324,0.5892240065000001,-0.01676954596284001,30.222683296639207,-0.3347144502916146,63436860,0.0,0.0,7.649700273759663e-05,-0.24314135382456292,-0.01610967745880336,-0.15026646528571908,-0.010297309027777654,-4.4566365199642546e-08,-0.5090860179933382,-0.08947448948494513,-0.044414001068570755,0.26424345,-0.21602283857092133,-0.002594628816536906,1.2716014675935263,0.0,-0.5,0.21212158203125,-0.09736794233322144,1.0021460056304932,13749,0.00026829078599999997,-0.011761892813956365,0.9838019609451294,0.7696884870529175,0.021587923,0.2,-34.07730236053467
3990,213.29,296,0.0,1367,0.0,0.0,-118.11868226,0.825479515424147,0.0,0.0,14.460269135599283,-0.39202524559156526,0.0,64.64803749999999,-0.10722022622106858,-0.010354651182925464,0.01,-5.939788038226542e-06,-0.13126851518593619,-0.04655090624179004,0.034036481431039704,0.5892063425,-0.017484739485856455,34.174851938559684,-0.3207183983218855,63455292,0.0,0.0,4.9370379808048405e-05,-0.23632841845896527,-0.015889396675486875,-0.15008249336921922,-0.010286458333333215,-4.474509337149889e-08,-0.5078824993461202,-0.08807763007960492,-0.043601763126157426,0.26432025,-0.21358473833348585,-0.0025623102144118446,1.2652921028696733,0.0,-0.5,0.19881591796875,-0.07876688241958618,1.002280354499817,13753,0.00026828157,-0.009379454178269953,0.9865064024925232,0.7172854453325271,0.022110606,0.2,-34.08047218322754
3990,221.77,297,0.0,1371,0.0,0.0,-118.86086661999998,0.7233867861126428,0.0,0.0,13.74142441622165,-0.39417503112417257,0.0,64.6595575,-0.1072800073813337,-0.010634217723593133,0.01,-8.119089514297668e-06,-0.13187554040261054,-0.04675656711686079,0.034103354315438934,0.5891886785,-0.017586058167378522,29.948212945063414,-0.3237177308991984,63473724,0.0,0.0,3.7977180909365416e-05,-0.23790933901283318,-0.015866399300976733,-0.14925381217243205,-0.010622829861110974,-4.478600230616996e-08,-0.5084717234368219,-0.08763033101826133,-0.044006613663762115,0.26439705,-0.21226685540121826,-0.0025710556274913584,1.2677819418150522,0.0,-0.5,0.22210693359375,-0.002169787883758545,1.002288579940796,13757,0.000268272354,-0.011351905553601683,0.984272837638855,0.7656065300107002,0.02429725,0.2,-34.080185127258304
3991,219.59,298,0.0,1376,0.0,0.0,-118.59849413999999,0.7246630321077716,0.0,0.0,15.664937173186017,-0.39306738114644657,0.0,64.6710775,-0.10734127090444434,-0.01044240112937642,0.01,-8.763725497234743e-06,-0.13349933473641087,-0.04617009888736254,0.03433567063217994,0.5891710145,-0.01787075281996901,30.001049529261742,-0.3229451932580023,63492156,0.0,0.0,4.8285311398406826e-05,-0.2367798518823309,-0.015919676281012377,-0.15108210373031203,-0.010601128472222086,-4.2345625217815525e-08,-0.5181390750200984,-0.08894960030694576,-0.044152146823735645,0.26447385,-0.21280864944873992,-0.0025836532912149202,1.2584763530084075,0.0,-0.5,0.2317138671875,-0.19350716471672058,1.0024926662445068,13761,0.000268263138,-0.010487440484575927,0.9844526052474976,0.8017286047339439,0.024877263,0.2,-34.08168468475342
3986,217.63,299,0.0,1382,0.0,0.0,-118.65648431000001,0.7226245445464634,0.0,0.0,13.939083133777112,-0.39438392323897353,0.0,64.6825975,-0.1073512139920038,-0.010890550616939046,0.01,-2.225853805498325e-05,-0.1379619601551139,-0.04640509458537144,0.036470850683529864,0.5891533505000001,-0.01868373870416286,29.916656144223584,-0.3218945230342396,63510588,0.0,0.0,5.371059523895383e-05,-0.24102522953906527,-0.016074709436277118,-0.14969448049237272,-0.010557725694444308,-4.478299191621935e-08,-0.5097760427963808,-0.08839401500330168,-0.04441497718671434,0.26455065,-0.20967308469363446,-0.0026135281178471144,1.2674024823679124,0.0,-0.5,0.2318115234375,-0.15369266271591187,1.0031001567840576,13765,0.000268253922,-0.010343673737952485,0.9876841306686401,0.6276508167386055,0.026769692,0.2,-34.08877964019776
3986,235.86,300,0.0,1387,0.0,0.0,-120.23714137000003,0.7064145833841549,0.0,0.0,12.740053274161927,-0.38450270773402323,0.0,64.6941175,-0.10756567673155039,-0.01121286495820869,0.01,-3.6161715391558094e-05,-0.1363513776726754,-0.04653220090697858,0.03471316465211808,0.5891356865,-0.01919941666710656,29.24556375210401,-0.3223816795007616,63529020,0.0,0.0,5.262561414080361e-05,-0.23777513758408983,-0.015985624090760243,-0.15163300813823843,-0.010427517361110986,-4.292336088687199e-08,-0.5148772649853495,-0.09081789688827374,-0.04487928884890211,0.26462745,-0.2118329914395885,-0.0025692411383100838,1.2691042310739225,0.0,-0.5,0.30399169921875,0.3758699297904968,1.00295889377594,13769,0.000268244706,-0.00929647609591484,0.9770058393478394,1.2629684776067733,0.034782987,0.2,-34.08970203399658
3987,235.98,301,0.0,1391,0.0,0.0,-120.39542590999997,0.715959952064001,0.0,0.0,14.508623156973785,-0.39706723103731467,0.0,64.7056375,-0.10747294599125051,-0.011009189307245714,0.01,-9.904862872318836e-06,-0.13385840605522514,-0.047068526310622215,0.03579445227678264,0.5891180225,-0.019252991646579985,29.64074201544964,-0.3281252396481923,63547452,0.0,0.0,3.255185826371113e-05,-0.24512246079814387,-0.016330374651528173,-0.1524092538506622,-0.010394965277777652,-4.4213183214987804e-08,-0.5094560847017825,-0.09065295203081908,-0.04730710983506087,0.26470425,-0.21715207678709617,-0.0026366092937045007,1.2709905998892017,0.0,-0.5,0.247705078125,-0.3153263330459595,1.0027281045913696,13773,0.00026823548999999996,-0.0159143703058362,0.9913583993911743,0.41773773916065693,0.0287381,0.2,-34.08350505828857
3987,230.61,302,0.0,1395,0.0,0.0,-119.86814337000001,0.7543115068732382,0.0,0.0,15.144229822582515,-0.391359100155022,0.0,64.71715750000001,-0.10737509323462123,-0.011087320071190003,0.01,-2.8519623373232895e-05,-0.1366950869436055,-0.04617298128451839,0.03491906936214704,0.5891003585,-0.018599781367811374,31.228496384552063,-0.3313881669860763,63565884,0.0,0.0,6.998666988996168e-05,-0.24052463499239607,-0.0160544778278833,-0.15087200207103013,-0.010449218749999873,-4.300056955057286e-08,-0.5121700504603672,-0.0902960902350552,-0.04577815735659964,0.26478105,-0.2111570900905369,-0.0026100594290446983,1.2758153102230385,0.0,-0.5,0.2771484375,-0.08989164233207703,1.0026038885116577,13777,0.000268226274,-0.011073358287103475,0.9884589314460754,0.47518415525555613,0.029922444,0.2,-34.08448600769043
3987,231.72,303,0.0,1400,0.0,0.0,-119.90828937,0.7401076811895784,0.0,0.0,14.48631545684017,-0.3974045334655923,0.0,64.7286775,-0.10741325456514793,-0.010856359375706703,0.01,-1.9319515586080234e-05,-0.1337720032880554,-0.04728741293649569,0.034417637454026546,0.5890826945000001,-0.019284865380743414,30.640458001248543,-0.3293119056514757,63584316,0.0,0.0,5.425323615781963e-05,-0.24438978269903966,-0.01629547252449606,-0.1532258945355973,-0.009971788194444347,-4.23172743640524e-08,-0.5194800233787213,-0.08911620870929088,-0.045558471045455635,0.26485785,-0.21208901680513073,-0.002648627629185907,1.270801599288943,0.0,-0.5,0.23773193359375,-0.10329371690750122,1.0023471117019653,13781,0.000268217058,-0.012602947163395583,0.9855606555938721,0.6041847370564938,0.024668748,0.2,-34.0808931350708
3988,230.5,304,0.0,1405,0.0,0.0,-119.66718104,0.754521090360476,0.0,0.0,14.454786405658686,-0.38853165927108785,0.0,64.7401975,-0.10762855091730678,-0.011232993409857747,0.01,-8.141872407158829e-05,-0.13707437828239233,-0.046700985947348755,0.03594969820755687,0.5890650305,-0.018253509120161954,31.237173140923705,-0.3234579110723121,63602748,0.0,0.0,6.781648456429441e-05,-0.24347819696046663,-0.016093386623142022,-0.15045301911522033,-0.01038411458333321,-4.341076094538837e-08,-0.5042691906923991,-0.09211787995170558,-0.04593314225173016,0.26493465,-0.21558533476376054,-0.00260523779409358,1.2935235046263702,0.0,-0.5,0.2177734375,-0.24083730578422546,1.002798080444336,13785,0.000268207842,-0.010044605121947825,0.9878937602043152,0.5597480110824108,0.026081648,0.2,-34.08473224639893
3988,228.73,305,0.0,1409,0.0,0.0,-119.45611153,0.7180134116459831,0.0,0.0,13.362173208737893,-0.38951238144211725,0.0,64.7517175,-0.10729546375602365,-0.011324282281947394,0.01,-3.453705290125033e-05,-0.1414507212880577,-0.046142979607808485,0.03530541750921507,0.5890473665,-0.018163176463632327,29.7257552421437,-0.3271587188955921,63621180,0.0,0.0,6.998664078613122e-05,-0.24713065431454678,-0.016201956989438993,-0.14988381321690053,-0.010232204861110998,-4.45820029075954e-08,-0.5127587905073362,-0.09245474619354865,-0.04591737784825536,0.26501145,-0.21522108346361252,-0.002625331276921167,1.2848397781728893,0.0,-0.5,0.20916748046875,-0.23921547830104828,1.0023502111434937,13789,0.000268198626,-0.01432941951788962,0.9870598912239075,0.6142793864011764,0.025098404,0.2,-34.08140525817871
3988,232.67,306,0.0,1414,0.0,0.0,-120.39072698999999,0.7467859297422914,0.0,0.0,14.560828988096402,-0.39917850485258627,0.0,64.7632375,-0.10755275681527138,-0.011274272949573507,0.01,-4.655346536300479e-05,-0.13828072861818386,-0.04708611442101155,0.03425738666578357,0.5890297025,-0.01951544276542134,30.916937491330863,-0.3279832734359637,63639612,0.0,0.0,7.975225647290547e-05,-0.2491633548567082,-0.016367408003759007,-0.14916215521938697,-0.010210503472222111,-4.2688322219810484e-08,-0.5114230202189234,-0.08779927294411477,-0.0467779973629255,0.26508825,-0.20607352544767055,-0.0026715115988712205,1.2595883186274144,0.0,-0.5,0.26494140625,0.04101493954658508,1.0023784637451172,13793,0.00026818941,-0.009593305340968073,0.9789489507675171,1.141311264038086,0.035172977,0.2,-34.08039035797119
3988,223.16,307,0.0,1418,0.0,0.0,-119.45410322,0.7339985701560756,0.0,0.0,13.8317744624374,-0.3944890989969839,0.0,64.77475749999999,-0.1073606874456789,-0.01069418091329888,0.01,-0.00011164773920193905,-0.13814216257008186,-0.0459867079838793,0.03625296945806007,0.5890120385000001,-0.020311340875600256,30.38754080446153,-0.32554912500478356,63658044,0.0,0.0,4.7742738388478756e-05,-0.2440763666271947,-0.016177321563481617,-0.14781558578185294,-0.010243055555555438,-4.207876702987531e-08,-0.5073933032844701,-0.08723594223355739,-0.046246330537228375,0.26516505,-0.20723989951035837,-0.0026513728249964157,1.2581515891895199,0.0,-0.5,0.251318359375,-0.13167837262153625,1.0024067163467407,13797,0.000268180194,-0.012566807237453759,0.9918408989906311,0.42396276742219924,0.02884381,0.2,-34.08243942260742
3989,218.32,308,0.0,1423,0.0,0.0,-118.83237908000001,0.7401902842986403,0.0,0.0,15.187490267663863,-0.3942918119198071,0.0,64.7862775,-0.10729877413964523,-0.011143058479690021,0.01,-2.2042477252609004e-05,-0.13689339579568863,-0.04649814538566006,0.03460155708925625,0.5889943745,-0.01938157342697701,30.64387776996371,-0.3237421833880464,63676476,0.0,0.0,5.371067284916838e-05,-0.2428395225023784,-0.01583858429969202,-0.14521293984060776,-0.010557725694444312,-4.1884094898704395e-08,-0.5118505091230607,-0.08712832704494328,-0.043094956787933486,0.26524185,-0.20914475638084434,-0.0026022565021404554,1.2638519586773156,0.0,-0.5,0.27818603515625,0.06331846117973328,1.002624750137329,13801,0.00026817097799999997,-0.009561334451427683,0.977425217628479,1.0560574427247047,0.027988946,0.2,-34.08336563110352
3989,234.21,309,0.0,1427,0.0,0.0,-120.61228356999999,0.7953825586161081,0.0,0.0,19.273644513445085,-0.39109795750807796,0.0,64.7977975,-0.10738581522595475,-0.011804970430372375,0.01,-1.0605215928187886e-05,-0.14502338185393907,-0.04678661322675956,0.035954128510891234,0.5889767105,-0.01629510033591133,32.928837926706876,-0.319329241604506,63694908,0.0,0.0,0.00012586760567501187,-0.24936121779697867,-0.016152935720752347,-0.1471980645736396,-0.010026041666666572,-4.2328337503390475e-08,-0.49860431524660825,-0.0874794180197301,-0.04644499339837475,0.26531865,-0.20828082213453147,-0.002639051158434642,1.2510738199378575,0.0,-0.5,0.23232421875,0.25400298833847046,1.0024911165237427,13805,0.000268161762,-0.013629902829416096,0.986971914768219,0.671485124528408,0.025068056,0.2,-34.08242321014404
3989,220.6,310,0.0,1432,0.0,0.0,-119.82823409000001,0.8569643881871645,0.0,0.0,20.556054464810803,-0.3872712472811227,0.0,64.80931749999999,-0.10752292553403156,-0.01197498249518525,0.01,-4.6005460824990076e-05,-0.14064248045045974,-0.04661736981626376,0.035402406147093196,0.5889590465,-0.015580311715085473,35.47832567094861,-0.3184282192597887,63713340,0.0,0.0,0.00010525134469692905,-0.2474924195413517,-0.016017577480473943,-0.1447371691564179,-0.01035156249999988,-4.321735856451411e-08,-0.5041349138371881,-0.09160434105994018,-0.0451155430059799,0.26539545,-0.21723163629424624,-0.0026240955258458264,1.2649639265235495,0.0,-0.5,0.244775390625,0.3473747968673706,1.0019989013671875,13809,0.000268152546,-0.008904580108355731,0.9745166301727295,1.174348810315132,0.025894662,0.2,-34.078048896789554
3990,225.41,311,0.0,1436,0.0,0.0,-119.34832372999999,0.7258015420859023,0.0,0.0,13.869215396633065,-0.3961206913668225,0.0,64.82083750000001,-0.10744096837636943,-0.011385737098647696,0.01,-5.081600579668336e-05,-0.14410049187190055,-0.046869074436522135,0.036149623479445614,0.5889413825,-0.017937077859338995,30.048183842356355,-0.32123295506804705,63731772,0.0,0.0,0.00011881464160978794,-0.24904567968242086,-0.016283012214890195,-0.14706366100758317,-0.00999348958333323,-4.437707545231004e-08,-0.5074760524632469,-0.08879648837660946,-0.04640597929433726,0.26547225,-0.2075080774309616,-0.0026599252173529885,1.2657013400543957,0.0,-0.5,0.1952880859375,0.04778316617012024,1.002204418182373,13813,0.00026814333,-0.013728081819135696,0.9825882315635681,0.8628602802753449,0.024517559,0.2,-34.0784351348877
3990,236.84,312,0.0,1441,0.0,0.0,-120.30019175,0.7336948582902105,0.0,0.0,13.853380091031596,-0.3885025455876694,0.0,64.8323575,-0.107683342728841,-0.011438731222100618,0.01,-5.146450785832962e-05,-0.14049792158016144,-0.04655191780362064,0.03564524290971062,0.5889237185,-0.018842293224426813,30.374967133214714,-0.3210145126029291,63750204,0.0,0.0,7.81246538584431e-05,-0.24884033654036422,-0.0162235993159527,-0.14714255386377645,-0.01014539930555545,-4.237556409977595e-08,-0.5063310685797827,-0.08923339576153726,-0.04616605888779956,0.26554905,-0.20709361029136134,-0.0026538538019255827,1.2739004372335923,0.0,-0.5,0.23746337890625,-0.21919967234134674,1.0021448135375977,13817,0.000268134114,-0.01006020928034559,0.9850194454193115,0.6879895433783532,0.030915445,0.2,-34.07902240753174
3990,234.66,313,0.0,1445,0.0,0.0,-120.72776432,0.7173074397681467,0.0,0.0,13.804830446075716,-0.3942225605759436,0.0,64.84387749999999,-0.10740620654524208,-0.011665504202846429,0.01,-1.3195139666418906e-05,-0.14512486342516323,-0.04641604022585979,0.03599473628086677,0.5889060545,-0.018452892120371364,29.696528006401273,-0.32068081566602297,63768636,0.0,0.0,6.0763617511838675e-05,-0.24749623931824136,-0.016205696510030423,-0.14890406352874883,-0.010633680555555417,-4.4444401290446965e-08,-0.507214546794803,-0.08878854623329223,-0.0462322275724586,0.26562585,-0.20432382343279995,-0.002640632143623045,1.254539415061438,0.0,-0.5,0.2256103515625,-0.2962399125099182,1.0022310018539429,13821,0.000268124898,-0.01410737179685384,0.9911574125289917,0.3783004403114319,0.027053043,0.2,-34.07821960449219
3991,220.26,314,0.0,1450,0.0,0.0,-118.93530722999998,0.7335552062127606,0.0,0.0,14.265904903927208,-0.39342440149545077,0.0,64.8553975,-0.10748521006904656,-0.012086018273346332,0.01,-1.2805538212357052e-05,-0.14610562287528667,-0.0464386358214056,0.03581325360196419,0.5888883905,-0.01614427567983512,30.36918553720829,-0.33492924387759637,63787068,0.0,0.0,9.874088573269546e-05,-0.25077149074941824,-0.016324603073251454,-0.14881416648579843,-0.01062282986111098,-4.219924247359803e-08,-0.5103464872911188,-0.0901313541616661,-0.04596111513080673,0.26570265,-0.2123712280017244,-0.002676928691632217,1.2663155323725692,0.0,-0.5,0.2739501953125,-0.202991783618927,1.0022971630096436,13825,0.000268115682,-0.012752627907320856,0.9837927222251892,0.7031307026743889,0.028058877,0.2,-34.08012008666992
3991,226.88,315,0.0,1454,0.0,0.0,-119.55971894999999,0.7073576164088198,0.0,0.0,13.64606560681944,-0.3876378478379458,0.0,64.8669175,-0.10765445186485732,-0.01137967119099545,0.01,-3.8993182615497876e-05,-0.13988096294839292,-0.046709534274776615,0.035471606620872044,0.5888707265,-0.01888800225828567,29.284605319325138,-0.32497592209260073,63805500,0.0,0.0,8.029482948283355e-05,-0.2488460334115772,-0.016216539701800328,-0.14800561544690688,-0.010058593749999893,-4.1566249167041064e-08,-0.5144713125016567,-0.08890203979230668,-0.04552046198036342,0.26577945,-0.20402368971880278,-0.0026453375929803807,1.2574157509311394,0.0,-0.5,0.21363525390625,0.22239571809768677,1.0023236274719238,13829,0.000268106466,-0.010782701568678022,0.977109432220459,1.2248466521501542,0.02302118,0.2,-34.080328941345215
3992,228.38,316,0.0,1459,0.0,0.0,-120.06712445,0.8217875828160228,0.0,0.0,19.752529834458134,-0.38887899086699723,0.0,64.8784375,-0.10750111764185664,-0.011710354107827737,0.01,-1.8175256568596248e-05,-0.14349246911885083,-0.046197283812506304,0.0357250645461243,0.5888530625,-0.0202014761275172,34.02200592858335,-0.3267952927723131,63823932,0.0,0.0,0.00012261240044608712,-0.24757000886000224,-0.01609393890102339,-0.14709053109002557,-0.010026041666666563,-4.15219971162662e-08,-0.5133027193536895,-0.09114230601571688,-0.04696061952847103,0.26585625,-0.21121540724558532,-0.0026485772319010106,1.2662217809013745,0.0,-0.5,0.24111328125,-0.06785714626312256,1.002360463142395,13833,0.00026809725,-0.011668288381770253,0.9788095951080322,0.9905888825654984,0.02383373,0.2,-34.08012371063232
3992,225.21,317,0.0,1463,0.0,0.0,-119.11495587999998,0.7202879778794562,0.0,0.0,13.761667170613592,-0.388469830642116,0.0,64.88995750000001,-0.1075725934142176,-0.011565600405051312,0.01,-2.7333470025965513e-05,-0.14399912373709206,-0.04645356451574051,0.03615014350201672,0.5888353985,-0.01919860283507862,29.819922284209486,-0.31937312790105127,63842364,0.0,0.0,8.78901919350028e-05,-0.25095190234342674,-0.016219683350690375,-0.14854209560938852,-0.010264756944444325,-4.388250086650855e-08,-0.5133344747793978,-0.09095220014173172,-0.04630409743205019,0.26593305,-0.20748230044708704,-0.0026449111021202834,1.2666948359821175,0.0,-0.5,0.27945556640625,0.2789580225944519,1.0022740364074707,13837,0.00026808803399999996,-0.007642665260937065,0.9721096158027649,1.4390354573726654,0.03106321,0.2,-34.0806282043457
3992,234.18,318,0.0,1467,0.0,0.0,-120.47417781999998,0.8194673036250795,0.0,0.0,19.522795206144266,-0.38692284942550276,0.0,64.9014775,-0.10751756713072082,-0.011216799106865244,0.01,-2.2375905149804503e-05,-0.13953765502581966,-0.047259830556098684,0.03496876598179635,0.5888177345,-0.020965907986262917,33.925946370078286,-0.3281576300392261,63860796,0.0,0.0,4.937040891187886e-05,-0.25180529960662695,-0.0163006308057342,-0.14944247955740636,-0.010481770833333202,-4.300996883601356e-08,-0.5147182131193482,-0.08895321809129969,-0.044379014593759945,0.26600985,-0.20434273200252134,-0.00265713054314472,1.2551143478771931,0.0,-0.5,0.2195556640625,-0.08580920100212097,1.002626895904541,13841,0.000268078818,-0.01297084465622902,0.9888695478439331,0.5455555424094201,0.027776167,0.2,-34.08289127349853
3993,230.22,319,0.0,1472,0.0,0.0,-119.74492684999997,0.7321059132632708,0.0,0.0,14.666559553288124,-0.3851497595499803,0.0,64.91299749999999,-0.10752543670415407,-0.011577044927683343,0.01,-1.0182840278591738e-05,-0.14213134484875029,-0.04633223315562344,0.03621674364664464,0.5888000705,-0.01874409551318321,30.30918480909941,-0.32275853711335606,63879228,0.0,0.0,8.029473247006536e-05,-0.24761171889016412,-0.01607611810102296,-0.1481386037177582,-0.009982638888888791,-4.28934067672006e-08,-0.5098247761223808,-0.08965845347472981,-0.04696015232950715,0.26608665,-0.20932967475883857,-0.0026146683506536685,1.2688307189261385,0.0,-0.5,0.27840576171875,0.14186957478523254,1.0028376579284668,13845,0.000268069602,-0.009636139462236315,0.9843267202377319,0.7776221588253975,0.030296862,0.2,-34.08673572540283
3993,207.32,320,0.0,1476,0.0,0.0,-118.16559079000001,0.7322455715222911,0.0,0.0,14.847511089585623,-0.3883311734275598,0.0,64.92451750000001,-0.10744858638190007,-0.012022163963217395,0.01,-3.58460172916956e-05,-0.1446595633353976,-0.047012615373140575,0.037432238535001855,0.5887824065,-0.0190754481138558,30.31496666102285,-0.31369964405690315,63897660,0.0,0.0,9.7113341325894e-05,-0.24982471787142904,-0.016157956445924798,-0.14743001025553376,-0.010210503472222111,-4.431855315025282e-08,-0.5100066137029766,-0.08929252913032373,-0.04691051240417395,0.26616345,-0.2072966346434916,-0.002637994584269561,1.2520994301442556,0.0,-0.5,0.21055908203125,-0.07954028248786926,1.002455234527588,13849,0.000268060386,-0.013372297922614962,0.9903907775878906,0.5056338518857956,0.024065375,0.2,-34.08200206756592
3993,214.02,321,0.0,1481,0.0,0.0,-119.16463773000001,0.7475934605734422,0.0,0.0,14.85142436406057,-0.3933034207704492,0.0,64.9360375,-0.10752964985492307,-0.011497238753221669,0.01,-1.1529974377490254e-05,-0.1431135613086245,-0.0469729481278587,0.03587697937095572,0.5887647425,-0.01959275294858445,30.950369267740506,-0.31851280409255095,63916092,0.0,0.0,6.401878393565615e-05,-0.24542238134619124,-0.016271066182622113,-0.14684513646952135,-0.010503472222222098,-4.515391186435751e-08,-0.5164456054776614,-0.08851676430825271,-0.0455604715761055,0.26624025,-0.20254005503081735,-0.002660036477559705,1.259652423041424,0.0,-0.5,0.2179931640625,0.571675181388855,1.0022796392440796,13853,0.00026805116999999997,-0.011169113428331911,0.9731736183166504,1.3473185837268828,0.024969408,0.2,-34.079273796081544
3994,202.78,322,0.0,1485,0.0,0.0,-117.28424765000001,0.7223092247307852,0.0,0.0,14.594160006080298,-0.39477748518543465,0.0,64.9475575,-0.10744604615261133,-0.011644629877851713,0.01,-3.845790439385007e-05,-0.1467232164597137,-0.046873812912524064,0.035855613319302225,0.5887470785,-0.017690767330350354,29.903601903854504,-0.31937050295799085,63934524,0.0,0.0,7.486940982441108e-05,-0.25121844370826096,-0.0163041472556096,-0.14724646268346717,-0.010492621527777652,-4.3197948714544644e-08,-0.5069487232817954,-0.08964509260423309,-0.04627580280395453,0.26631705,-0.20816948931049276,-0.0026806576581581425,1.2705905875151315,0.0,-0.5,0.2139404296875,0.45598310232162476,1.0030888319015503,13857,0.000268041954,-0.010005682084010915,0.9830173254013062,0.9416840851306916,0.02750521,0.2,-34.08791923522949
3994,220.52,323,0.0,1490,0.0,0.0,-118.77087003000001,0.782945817538196,0.0,0.0,19.275730039769073,-0.38835447797167266,0.0,64.9590775,-0.10750680703089271,-0.012080820928530104,0.01,-1.3596440251050185e-05,-0.1504953877328513,-0.04692408601464579,0.03746652237434324,0.5887294145,-0.015969850873160694,32.41395684608131,-0.3189391133185522,63952956,0.0,0.0,9.44006508992364e-05,-0.24947631843904094,-0.016281754770593845,-0.14858159730367645,-0.01067708333333319,-4.377651914391817e-08,-0.4996161435263442,-0.08846077047680113,-0.046605780483414495,0.26639385,-0.20838059263834588,-0.0026525233821018284,1.2649881740546858,0.0,-0.5,0.2040283203125,0.0406758189201355,1.0031297206878662,13861,0.000268032738,-0.007980179763399065,0.9883251190185547,0.6254442751407623,0.022962142,0.2,-34.09074783325195
3994,212.7,324,0.0,1495,0.0,0.0,-117.83520841,0.850172321902072,0.0,0.0,21.066257109209026,-0.39439374267570343,0.0,64.9705975,-0.10771361852558944,-0.011624882763583817,0.01,-4.251992504418712e-05,-0.1459939986349323,-0.047106907811284064,0.03693947161674376,0.5887117505,-0.015166359796744978,35.19713412674578,-0.3263193801705376,63971388,0.0,0.0,7.649702214015026e-05,-0.2531899320129124,-0.016563264886616663,-0.15035124506022135,-0.010460069444444314,-4.3156378322997725e-08,-0.5062602312237866,-0.0907555411277806,-0.04815411331210947,0.26647065,-0.21287636146103683,-0.0027111833953341333,1.259299113542533,0.0,-0.5,0.2586181640625,-0.04249581694602966,1.0027503967285156,13865,0.00026802352199999997,-0.008693197462707757,0.9822590947151184,0.9457448929548263,0.03063165,0.2,-34.085645484924314
3994,229.63,325,0.0,1499,0.0,0.0,-119.86496939999999,0.7989332081579901,0.0,0.0,19.008311545764528,-0.38758792670457937,0.0,64.9821175,-0.10779635901515566,-0.012021800982609278,0.01,-8.020375373367216e-05,-0.15114217683309394,-0.0464617742478041,0.039094634619791485,0.5886940865,-0.014425667429653307,33.07583481774079,-0.3114645721166071,63989820,0.0,0.0,0.00010796395751337211,-0.25320869240400457,-0.016471804127360132,-0.14857327424154285,-0.010275607638888767,-4.330485455144645e-08,-0.494232671397897,-0.08951977669534732,-0.048373977897210846,0.26654745,-0.2089496116330303,-0.002703730369667664,1.2650672640189717,0.0,-0.5,0.25828857421875,-0.24372395873069763,1.0024350881576538,13869,0.000268014306,-0.011285329714883118,0.9893551468849182,0.5239477723836898,0.027422205,0.2,-34.08244705200195
3990,232.12,326,0.0,1505,0.0,0.0,-119.87610494999997,0.7538375983683978,0.0,0.0,16.577914602098744,-0.3899319000202129,0.0,64.9936375,-0.10772138843716099,-0.011524059079044737,0.01,-5.1705187630369595e-05,-0.14451567686586086,-0.04656292088482561,0.03721624210056703,0.5886764225,-0.01650818030045937,31.20887657245167,-0.3182961807388613,64008252,0.0,0.0,0.00010253859606261055,-0.2537732564569419,-0.016415202080850476,-0.15056367217706423,-0.010286458333333217,-4.159549321600027e-08,-0.5094252322996401,-0.08899494201475361,-0.047628361238433635,0.26662425,-0.21146296501052605,-0.0026764167599189234,1.2721853348864425,0.0,-0.5,0.25692138671875,0.18925723433494568,1.0021584033966064,13873,0.00026800509,-0.011522632394917309,0.9844223856925964,0.6914156839251518,0.029765403,0.2,-34.07907066345215
3990,231.06,327,0.0,1510,0.0,0.0,-119.77288444000001,0.7572449583718119,0.0,0.0,13.895469465821636,-0.387189652595114,0.0,65.0051575,-0.10782224036489747,-0.011819361651691658,0.01,-2.0010169362052672e-05,-0.14748540672232469,-0.046174559099382666,0.03711188839073351,0.5886587585,-0.01712666860354754,31.349941276593015,-0.32165809675894186,64026684,0.0,0.0,7.215674850158393e-05,-0.2551444384721301,-0.01653049019014671,-0.14874424412601012,-0.010243055555555441,-4.1839447198038456e-08,-0.5093369170307358,-0.09040458158486003,-0.047347818262614125,0.26670105,-0.20829850869520194,-0.0027167446688391847,1.2815729138610945,0.0,-0.5,0.230859375,-0.11138004064559937,1.0024718046188354,13877,0.000267995874,-0.016984190850052983,0.9906892776489258,0.49421377629041674,0.026848907,0.2,-34.08056411743164
3991,239.89,328,0.0,1514,0.0,0.0,-120.38808552,0.8197756566916516,0.0,0.0,20.34853937515399,-0.38707427356217994,0.0,65.0166775,-0.10786563001838345,-0.011911179430711832,0.01,-5.4548858151440296e-05,-0.14867443659883708,-0.045901090703614374,0.03804174064860949,0.5886410945,-0.016195273060778465,33.938712187034376,-0.30166884863420707,64045116,0.0,0.0,8.572007451827328e-05,-0.2488710166149603,-0.016270186045504682,-0.14751721822596298,-0.010015190972222122,-4.060393575087042e-08,-0.5020733147352892,-0.09253430910177889,-0.04864853182715272,0.26677785,-0.21106538164722616,-0.0026753025006514912,1.2968079373276231,0.0,-0.5,0.2847412109375,-0.13501006364822388,1.0024597644805908,13881,0.000267986658,-0.013630942115560174,0.9920027852058411,0.39931737780570986,0.033259243,0.2,-34.08296356201172
3991,230.91,329,0.0,1519,0.0,0.0,-119.54102469999998,0.7102540915552793,0.0,0.0,12.86623646596824,-0.38626779946531137,0.0,65.0281975,-0.10788736994574502,-0.011495070777321668,0.01,-6.553726726162278e-05,-0.14959692986767006,-0.0458397425259434,0.038107969605325226,0.5886234305,-0.015288699216196418,29.40451939038856,-0.2957133551283797,64063548,0.0,0.0,0.00011718700989149511,-0.2522866748104086,-0.01644981462721247,-0.14934145273701616,-0.010101996527777669,-4.338710125763875e-08,-0.49270569780794105,-0.09011984336885212,-0.049435713071371463,0.26685465,-0.20386536172570613,-0.002689281477423904,1.281924197542885,0.0,-0.5,0.26424560546875,-0.1937130093574524,1.0021839141845703,13885,0.000267977442,-0.011943771736696362,0.9903519749641418,0.46027571260929107,0.03283871,0.2,-34.07902793884277
3991,215.47,330,0.0,1523,0.0,0.0,-118.11136907000002,0.772838169112976,0.0,0.0,16.997472897486197,-0.3932808158080545,0.0,65.0397175,-0.10764934671868683,-0.01202621566749526,0.01,-9.010037594542214e-05,-0.15044851260228687,-0.04630043394283754,0.037382518411279556,0.5886057665,-0.01598449980762477,31.995500201277206,-0.3061698548130645,64081980,0.0,0.0,0.00010091100314942499,-0.256267751042808,-0.016525574256220095,-0.14846801883000016,-0.010145399305555447,-4.4035796592001934e-08,-0.4949074316965667,-0.09177837287910749,-0.04836876424668217,0.26693145,-0.2071626713849311,-0.002703011848575211,1.2693472687709348,0.0,-0.5,0.2548583984375,-0.025744706392288208,1.0025321245193481,13889,0.00026796822599999996,-0.010800825175829231,0.9831555485725403,0.8744485646486282,0.027778108,0.2,-34.080373764038086
3991,208.44,331,0.0,1528,0.0,0.0,-118.59909621999999,0.7631847105230303,0.0,0.0,17.206592883602,-0.39861703728816766,0.0,65.0512375,-0.10755647172820951,-0.011632513374597468,0.01,-4.944402266225643e-05,-0.14688502169650863,-0.04681687393712283,0.039185379813428685,0.5885881025,-0.015103155064732872,31.59584701565345,-0.3222481433225505,64100412,0.0,0.0,0.0001307503553107381,-0.25807692083715084,-0.01665464584844386,-0.15150576139503288,-0.01025390624999988,-4.340464900055491e-08,-0.4995024615777337,-0.08870267639821726,-0.05101782614024265,0.26700825,-0.20376802083511497,-0.00271743857467505,1.2255574683542536,0.0,-0.5,0.23045654296875,-0.06262421607971191,1.002455711364746,13893,0.00026795901,-0.008726374711841345,0.9817022085189819,1.013060635328293,0.022719745,0.2,-34.083482933044436
3991,228.87,332,0.0,1532,0.0,0.0,-119.48898626,0.733245473070743,0.0,0.0,14.042238346189928,-0.38328883488093524,0.0,65.0627575,-0.10771878344689148,-0.011351035822586368,0.01,-3.9932412764118434e-05,-0.14266336318789632,-0.04616003657994968,0.03675132454569622,0.5885704385,-0.014769496320190633,30.356362585128757,-0.3020767909980339,64118844,0.0,0.0,7.161421429676314e-05,-0.2522961285261914,-0.01642340730061877,-0.14824725283079926,-0.010243055555555443,-4.272649008522285e-08,-0.4966783039208508,-0.08844880523464059,-0.04800020254210528,0.26708505,-0.19721687314762967,-0.0026979574843702513,1.255953307937429,0.0,-0.5,0.20406494140625,0.6620060205459595,1.001786708831787,13897,0.000267949794,-0.011452811630442738,0.9587626457214355,2.0321013212203978,0.021632811,0.2,-34.075617980957034
3992,212.3,333,0.0,1537,0.0,0.0,-118.70332575,0.7197999712157463,0.0,0.0,14.65098841973407,-0.3874304825913554,0.0,65.0742775,-0.10777773239507171,-0.011585184730060503,0.01,-4.5553203230014864e-05,-0.1493169882560332,-0.046402647442125314,0.03779576133616067,0.5885527745,-0.017447442458231106,29.799718808331896,-0.30974386314182123,64137276,0.0,0.0,8.409248160508771e-05,-0.2527355826117408,-0.016321296861546267,-0.14919068803692093,-0.00984157986111102,-4.2534858824524586e-08,-0.5039401447024416,-0.08988494617052649,-0.049564888674686204,0.26716185,-0.199889463977797,-0.0026567443574500573,1.2411234397223168,0.0,-0.5,0.21839599609375,0.026315927505493164,1.0022789239883423,13901,0.000267940578,-0.012827273190487177,0.9857062697410583,0.7289379864931107,0.025594493,0.2,-34.0782829284668
3992,222.25,334,0.0,1541,0.0,0.0,-118.80729915000002,0.8286308394507973,0.0,0.0,18.91988444992637,-0.3913281861908338,0.0,65.08579750000001,-0.1076422919839754,-0.011740612848832991,0.01,-0.00010889196010129699,-0.1491815697833974,-0.04608895262453064,0.038039091414186724,0.5885351105,-0.015936892520080112,34.30531675326301,-0.32688413497711044,64155708,0.0,0.0,0.00010145348884786169,-0.25876964661616303,-0.01673933994156807,-0.15090824949883744,-0.01022135416666655,-4.3299116134771035e-08,-0.5007938870907936,-0.09054607907995788,-0.05052078446812274,0.26723865,-0.20884041596185632,-0.0027483314981714083,1.2715251532609746,0.0,-0.5,0.25570068359375,0.4371372163295746,1.0026683807373047,13905,0.00026793136199999997,-0.011328393849544227,0.9708338379859924,1.496366560459137,0.03236404,0.2,-34.083267784118654
3992,223.9,335,0.0,1546,0.0,0.0,-118.65969729000003,0.7449500260020663,0.0,0.0,14.168634646880852,-0.380837618369531,0.0,65.0973175,-0.10794214451338903,-0.011520337169064362,0.01,-2.2301088165381424e-05,-0.14346404950259636,-0.045586603969651064,0.03802724232922695,0.5885174465,-0.01564962106931489,30.840931076485543,-0.3067282468055008,64174140,0.0,0.0,7.16141948942095e-05,-0.25202193689130487,-0.01639033494888066,-0.14928608992419756,-0.010112847222222115,-4.270266771602426e-08,-0.4977092153941376,-0.09067235234813942,-0.048296453082951815,0.26731545,-0.20235548803980014,-0.002677168200248132,1.2660789837004016,0.0,-0.5,0.2388671875,-0.08106750249862671,1.0027427673339844,13909,0.000267922146,-0.01171491383574903,0.9884796738624573,0.5981797218322754,0.025785025,0.2,-34.08573818206787
3993,235.65,336,0.0,1550,0.0,0.0,-120.00337934,0.7437951910220004,0.0,0.0,14.194606560430202,-0.39060151330532233,0.0,65.10883749999999,-0.10789259637958273,-0.011405342614262674,0.01,-7.236106840215428e-05,-0.1408317432745572,-0.04561649002128541,0.036886790228979886,0.5884997825,-0.01540575225953944,30.793120908310815,-0.32078647902272217,64192572,0.0,0.0,6.456135694558422e-05,-0.2525991056470614,-0.016403368960712206,-0.14805259337320473,-0.0099609374999999,-4.112227348856745e-08,-0.5006565616519117,-0.09206225770723749,-0.047628499813446384,0.26739225,-0.2061270422463504,-0.0026870184821953056,1.2713359753777143,0.0,-0.5,0.22452392578125,-0.15034982562065125,1.0027892589569092,13913,0.00026791293,-0.010732405527960509,0.9868822693824768,0.606590773165226,0.02437948,0.2,-34.08359546661377
3993,219.49,337,0.0,1555,0.0,0.0,-118.94038816999999,0.7389845470681957,0.0,0.0,13.98833928779074,-0.38788184010101023,0.0,65.1203575,-0.10767857218209469,-0.011134878145496345,0.01,-4.43394668116998e-05,-0.14306719308354693,-0.04558766481613285,0.03627486070967003,0.5884821185,-0.01716912043048069,30.5939602486233,-0.319159316583202,64211004,0.0,0.0,3.906219111134609e-05,-0.24901627681796018,-0.016327402804921162,-0.14874217756111827,-0.009874131944444349,-4.01793185379319e-08,-0.5081479279867982,-0.09078721010333754,-0.048453684250615366,0.26746905,-0.20136621888544204,-0.002679047043448202,1.2664524085289128,0.0,-0.5,0.22947998046875,-0.2808244526386261,1.002599835395813,13917,0.00026790371399999997,-0.012570418522227556,0.9887573719024658,0.40529681742191315,0.023482403,0.2,-34.08503532409668
3993,224.3,338,0.0,1560,0.0,0.0,-119.07763224000001,0.7388089669749867,0.0,0.0,13.29388792832444,-0.3880556124834003,0.0,65.1318775,-0.10783418949711655,-0.011217717393626437,0.01,-1.8135805080351934e-05,-0.14718769865577555,-0.045654001882263165,0.03800318853284405,0.5884644545000001,-0.016890800386641383,30.586691232764448,-0.3086899359940461,64229436,0.0,0.0,6.293363791580002e-05,-0.24880165083066932,-0.016321727041694826,-0.14793369037664914,-0.009950086805555458,-4.144012808212917e-08,-0.5102128961931776,-0.09052137306936628,-0.047960135187032606,0.26754585,-0.20273863275707207,-0.002677064532690721,1.2696504042957872,0.0,-0.5,0.25074462890625,0.21955758333206177,1.0022811889648438,13921,0.000267894498,-0.010321857046801598,0.9803063869476318,0.9706961303949356,0.028548438,0.2,-34.080194091796876
3993,225.98,339,0.0,1564,0.0,0.0,-119.00702151000002,0.7244630655050037,0.0,0.0,13.381854761697099,-0.3865445797802083,0.0,65.1433975,-0.10796274576238817,-0.011423770935213816,0.01,-1.206817523398659e-05,-0.14733716144850592,-0.045709486817907465,0.03813325100005097,0.5884467905,-0.017801986150314204,29.992770911907154,-0.31837549362805345,64247868,0.0,0.0,6.618888194983204e-05,-0.25415590788684594,-0.016465336507230525,-0.14759211884577414,-0.009950086805555456,-4.151095624913764e-08,-0.49684177457278156,-0.09180950811267591,-0.049057356619133276,0.26762265,-0.20700272082996607,-0.002704792638752902,1.2837814125094171,0.0,-0.5,0.256103515625,-0.0851433277130127,1.0024254322052002,13925,0.000267885282,-0.008788667269982398,0.9875066876411438,0.7131581157445908,0.02685591,0.2,-34.08225574493408
3993,231.87,340,0.0,1569,0.0,0.0,-119.71337578,0.7751001836637748,0.0,0.0,17.731667314671505,-0.38869358350342204,0.0,65.15491750000001,-0.10780174071372231,-0.011500489815663211,0.01,-1.7276234099996195e-05,-0.1466356463227479,-0.04575063344580657,0.03766378048692022,0.5884291265,-0.01615526226750161,32.089147603680274,-0.3168482277013125,64266300,0.0,0.0,7.6496983335043e-05,-0.2549721196032199,-0.016548069054678725,-0.1505823314041354,-0.010080295138888784,-4.226679372507774e-08,-0.49475882715475766,-0.09036687620543986,-0.0483668777894472,0.26769945,-0.20722224499017117,-0.0026971796068158463,1.281928410429214,0.0,-0.5,0.21092529296875,-0.017313450574874878,1.0022783279418945,13929,0.000267876066,-0.010561788373161107,0.9911826848983765,0.49052947014570236,0.021918911,0.2,-34.08001556396484
3994,230.83,341,0.0,1573,0.0,0.0,-119.95957031,0.8562788102172254,0.0,0.0,19.709910540031338,-0.3944720148661604,0.0,65.1664375,-0.1077573069337137,-0.011360678594012083,0.01,-3.417105982724542e-05,-0.14903208125494224,-0.04636177326423382,0.03721943650441091,0.5884114625,-0.016929864162294608,35.44994274299313,-0.32838105850120597,64284732,0.0,0.0,7.16141948942095e-05,-0.25322716160447745,-0.016642738285003348,-0.15232698371739364,-0.009830729166666573,-4.3195091614137344e-08,-0.5054081274004726,-0.09157311485657137,-0.04990072621023233,0.26777625,-0.21128913462208238,-0.002687816201678109,1.262626746780987,0.0,-0.5,0.2456298828125,-0.1737581342458725,1.002373218536377,13933,0.00026786685,-0.01394857233390212,0.9932585954666138,0.38453921154141424,0.027432363,0.2,-34.081502532958986
3994,211.4,342,0.0,1578,0.0,0.0,-118.35738703000001,0.7312067622195555,0.0,0.0,14.819141191745,-0.3943779101811181,0.0,65.17795749999999,-0.10784862046516946,-0.011005395994243897,0.01,-5.86121209380417e-05,-0.14270309331662212,-0.04623288483601695,0.03788628318484958,0.5883937985000001,-0.017673406214776657,30.271959955889596,-0.31904027185182693,64303164,0.0,0.0,6.184853070105116e-05,-0.24938754088016266,-0.01650380457630443,-0.14914005496797364,-0.009993489583333228,-4.1480116572202456e-08,-0.5062258601052447,-0.09148655713197484,-0.04992908220442958,0.26785305,-0.20721479312745222,-0.0027053391429582726,1.2691098961101437,0.0,-0.5,0.33157958984375,0.06309869885444641,1.0026469230651855,13937,0.000267857634,-0.011936621193308383,0.9843069911003113,0.8121935740113259,0.0350247,0.2,-34.08340606689453
3994,222.77,343,0.0,1582,0.0,0.0,-118.83993418999998,0.7207941196997769,0.0,0.0,13.801069149657364,-0.38734854203169633,0.0,65.18947750000001,-0.10774274882011829,-0.011460016573114813,0.01,-4.0868838648869665e-05,-0.14247907048048017,-0.04581293567856564,0.03655658064100456,0.5883761345,-0.01737324792419612,29.840876555570762,-0.33663204444341316,64321596,0.0,0.0,3.7434627301990986e-05,-0.2521449063856904,-0.016477372560262132,-0.14943664921758668,-0.01012369791666656,-4.179151311377108e-08,-0.5109973930071923,-0.09169042003348384,-0.04682966107826676,0.26792985,-0.20875926363164518,-0.002686238411663315,1.2914148943535186,0.0,-0.5,0.24195556640625,0.245317280292511,1.0028055906295776,13941,0.00026784841799999996,-0.00926038067555055,0.9776874780654907,1.2178701251745223,0.025941202,0.2,-34.08599452972412
3994,205.79,344,0.0,1587,0.0,0.0,-117.78630778,0.7348351088933163,0.0,0.0,13.258303053352158,-0.3910225048600094,0.0,65.2009975,-0.1076211981716127,-0.011549558854309559,0.01,-6.678742322154789e-05,-0.14596448165687062,-0.04538650006691127,0.03679680341547811,0.5883584705,-0.017862343732202943,30.422173508183292,-0.323782239217834,64340028,0.0,0.0,3.580704409008225e-05,-0.24798879494764778,-0.016425630732971933,-0.14844269560083542,-0.010112847222222112,-4.3954263784528367e-08,-0.5105104410556592,-0.08903128014460557,-0.04846758176670898,0.26800665,-0.20187955514265066,-0.0026811978293207043,1.2615529652430455,0.0,-0.5,0.240673828125,-0.17285002768039703,1.0029653310775757,13945,0.000267839202,-0.010808954224921763,0.992060124874115,0.4460482642054558,0.02991488,0.2,-34.08570575714111
3994,216.51,345,0.0,1591,0.0,0.0,-118.36902631,0.741756467032183,0.0,0.0,14.53309933186381,-0.3893910268865199,0.0,65.21251749999999,-0.10775494876054066,-0.011059741578228375,0.01,-9.954627683418889e-05,-0.13841595333917212,-0.04610774081771142,0.035592667900698184,0.5883408065,-0.017634615415267438,30.708717735132375,-0.330121712591109,64358460,0.0,0.0,3.580704409008225e-05,-0.24864719258469403,-0.016549164610523363,-0.14997453664183588,-0.010145399305555443,-4.045897794284555e-08,-0.5141532413921336,-0.0883456851303854,-0.047481013100370714,0.26808345,-0.20286066894464433,-0.002703913660313078,1.268413566957416,0.0,-0.5,0.2864990234375,0.42876437306404114,1.0029675960540771,13949,0.000267829986,-0.005613074928987771,0.9789164662361145,1.179784542322159,0.027415454,0.2,-34.08675651550293
3994,235.54,346,0.0,1596,0.0,0.0,-119.91140693000001,0.7230184323485069,0.0,0.0,13.485064106806723,-0.392332634340833,0.0,65.22403750000001,-0.10783179320474935,-0.010948773648974076,0.01,-5.570866349531223e-06,-0.13958977206730303,-0.04633376824758237,0.03539142747273226,0.5883231425000001,-0.016406456564760044,29.932963099228186,-0.32044434725606497,64376892,0.0,0.0,4.8827845603227615e-05,-0.2512507281570248,-0.01657879290614979,-0.15006103371538257,-0.010340711805555436,-4.2740366841725096e-08,-0.5011929778724118,-0.08808892057564607,-0.04625975005258027,0.26816025,-0.20007216177119785,-0.002709890156209153,1.2661187745680111,0.0,-0.5,0.25177001953125,-0.005648612976074219,1.003204584121704,13953,0.00026782077,-0.011374468565918505,0.9916049242019653,0.4565986663103104,0.027936295,0.2,-34.091384696960446
3995,217.76,347,0.0,1600,0.0,0.0,-118.91467108000002,0.7215479418084916,0.0,0.0,13.579652572622846,-0.394004018978954,0.0,65.2355575,-0.10777584278934367,-0.010406724776967668,0.01,-1.797021482106847e-05,-0.13542820152267043,-0.045819892484044326,0.03601710086630166,0.5883054785,-0.01660434505255479,29.87208479087155,-0.3243580159353765,64395324,0.0,0.0,4.6115174579123654e-05,-0.25003431369417606,-0.016524724567419647,-0.1506246533998747,-0.010470920138888761,-4.1620860074360805e-08,-0.5028710767521518,-0.09050434683185268,-0.045913508048578584,0.26823705,-0.19996741419523018,-0.00269556077662173,1.2528007546093258,0.0,-0.5,0.28267822265625,0.11454495787620544,1.0027759075164795,13957,0.000267811554,-0.007964517711661756,0.9869133830070496,0.727685134112835,0.03126554,0.2,-34.08440170288086
3995,229.07,348,0.0,1605,0.0,0.0,-119.89309422000002,0.7102292235948751,0.0,0.0,13.802546598160802,-0.3901245594115381,0.0,65.2470775,-0.10781109751909936,-0.010745981015306143,0.01,-2.5627289760291967e-05,-0.1383624429765013,-0.04581825286738769,0.036132507793830294,0.5882878145,-0.015743886450460803,29.403489856827825,-0.3327679244142287,64413756,0.0,0.0,3.6349655905117593e-05,-0.2547142007536835,-0.016568670395952844,-0.1510088805207966,-0.01060112847222209,-4.233392529588061e-08,-0.5018448567487952,-0.09219273858230834,-0.04513110789143762,0.26831385,-0.20623517563275356,-0.002710883930607105,1.2785765989802043,0.0,-0.5,0.24429931640625,0.32533687353134155,1.002385139465332,13961,0.000267802338,-0.008326228125952184,0.9746439456939697,1.330138799548149,0.026473528,0.2,-34.082434463500974
3995,227.06,349,0.0,1609,0.0,0.0,-119.58023857000002,0.7079421315625258,0.0,0.0,13.601874077877042,-0.3947922302753696,0.0,65.25859750000001,-0.10781568244395508,-0.011108393865520837,0.01,-2.4671321983625673e-05,-0.14104653977464993,-0.0465067466129793,0.036773955041203586,0.5882701505,-0.016558635504528258,29.308804246688567,-0.3299335432708499,64432188,0.0,0.0,5.316814834562441e-05,-0.25266230689717345,-0.016660974351158507,-0.14927122737634918,-0.010481770833333202,-4.380062644231365e-08,-0.500447801456997,-0.09133852188149288,-0.047525275576577417,0.26839065,-0.20485393439118438,-0.0027334434419618286,1.267670036232161,0.0,-0.5,0.22359619140625,-0.06517800688743591,1.0023066997528076,13965,0.000267793122,-0.011829130200203508,0.9842148423194885,0.7421530544757843,0.021161094,0.2,-34.080665588378906
3995,225.27,350,0.0,1614,0.0,0.0,-119.09532377999999,0.7493694662530757,0.0,0.0,14.463455396929058,-0.3891291384359576,0.0,65.2701175,-0.10770930806400394,-0.0111951627701772,0.01,-2.5542897102140926e-05,-0.1432598388815452,-0.04570403343452402,0.03629690684083663,0.5882524865000001,-0.014658953844142767,31.02389590287733,-0.32370044900563993,64450620,0.0,0.0,5.316812894307077e-05,-0.24788390243551625,-0.016491376670409424,-0.1497802012502904,-0.010036892361111006,-4.191353854029761e-08,-0.4988946019359442,-0.08941550380822559,-0.04812276422736377,0.26846745,-0.20639559079547817,-0.0027026773739942025,1.2804797189757817,0.0,-0.5,0.22584228515625,-0.005894124507904053,1.0027462244033813,13969,0.00026778390599999997,-0.00990240965038538,0.9805123805999756,1.0451038211584092,0.027157212,0.2,-34.08352222442627
3995,217.91,351,0.0,1619,0.0,0.0,-118.25818463,0.7254659619847332,0.0,0.0,13.965830368844108,-0.39604525413151115,0.0,65.28163749999999,-0.10774699601750615,-0.011151189459060035,0.01,-8.330445626572697e-05,-0.1415381143201573,-0.04559907135105987,0.03619945159606457,0.5882348225,-0.013895204774194604,30.034290826167954,-0.31616252589355487,64469052,0.0,0.0,5.6423285665611424e-05,-0.25303354855860455,-0.01669536249601989,-0.1498404746620977,-0.010818142361110962,-4.2763199992823985e-08,-0.49240399124304457,-0.09195480843215591,-0.04831708496631099,0.26854425,-0.20622934532956683,-0.002744166671689035,1.279854141127275,0.0,-0.5,0.259619140625,0.02728450298309326,1.0023223161697388,13973,0.00026777469,-0.012183497857768089,0.9826167821884155,0.8720320552587509,0.023486834,0.2,-34.08235244750976
3996,205.18,352,0.0,1623,0.0,0.0,-117.26873873000001,0.730023389835919,0.0,0.0,14.884082198685814,-0.3989288713238105,0.0,65.29315749999999,-0.10757610388370754,-0.011122397224475628,0.01,-2.806969832919676e-05,-0.14181219151996483,-0.04618687625751287,0.037278356340772444,0.5882171585,-0.014290303289372887,30.222968339207043,-0.33417819132183124,64487484,0.0,0.0,7.758207114723821e-05,-0.2577156803301119,-0.016934826772771115,-0.15170644577088271,-0.010167100694444329,-4.5125453552503515e-08,-0.4928544962952487,-0.09333041161531956,-0.04893207196320739,0.26862105,-0.21276005903521625,-0.0027678241967418107,1.2596319024802443,0.0,-0.5,0.23687744140625,0.08673620223999023,1.0021307468414307,13977,0.000267765474,-0.00928308580769226,0.9823035001754761,1.015863512456417,0.026382059,0.2,-34.07809600830078
3991,213.8,353,0.0,1629,0.0,0.0,-118.11057217000001,0.8059890069501776,0.0,0.0,19.186742397989832,-0.3972098458429105,0.0,65.3046775,-0.10782110986623408,-0.011474617220770072,0.01,-6.349318342367066e-05,-0.14784923187249543,-0.04638515877447299,0.03720590804445634,0.5881994945,-0.0144358376775118,33.36794488773735,-0.32295079965716045,64505916,0.0,0.0,7.269927300512791e-05,-0.2571797632625434,-0.01677372033743188,-0.15119863102101203,-0.01041666666666654,-4.139314912137251e-08,-0.499088173243351,-0.09511129056026763,-0.04746343061652312,0.26869785,-0.21708559099447883,-0.002743177028609797,1.2763600682497378,0.0,-0.5,0.21199951171875,0.19361889362335205,1.0020103454589844,13981,0.000267756258,-0.009013647842220963,0.9777430295944214,1.1271120816469193,0.020784296,0.2,-34.07756385803223
3992,226.28,354,0.0,1634,0.0,0.0,-119.34759472,0.7173719459183503,0.0,0.0,13.021124285127485,-0.3933317901393614,0.0,65.3161975,-0.10777619575568197,-0.0111297888841249,0.01,-7.379697435303243e-05,-0.14165199374462187,-0.04625877764362571,0.036679156289874754,0.5881818305000001,-0.015684885226720426,29.699198561019703,-0.3244430734076324,64524348,0.0,0.0,7.486940982441108e-05,-0.25552588367811546,-0.01680362983641956,-0.15039946347901714,-0.010145399305555445,-4.157904028668668e-08,-0.5019168928432488,-0.09458950067366557,-0.050309839334382093,0.26877465,-0.21171991475727045,-0.0027638131260316855,1.2690159046253642,0.0,-0.5,0.2183837890625,0.060603201389312744,1.0021554231643677,13985,0.000267747042,-0.012571514281444252,0.9836153388023376,0.7975649192929268,0.023532744,0.2,-34.07825908660889
3992,232.69,355,0.0,1638,0.0,0.0,-119.61282471000003,0.7424844740276197,0.0,0.0,15.73083157209215,-0.39764444235663704,0.0,65.3277175,-0.10806590190524362,-0.011540632487070927,0.01,-5.525645036526503e-05,-0.15258212032545074,-0.046620039951332244,0.03813397297036108,0.5881641665,-0.013926941091388775,30.738857224743455,-0.33235332277088436,64542780,0.0,0.0,6.401871602671842e-05,-0.2626446417922101,-0.016886244838677834,-0.1515268004650166,-0.010329861111110988,-4.621954190368312e-08,-0.4953623468649238,-0.09584088539423138,-0.04886905395002101,0.26885145,-0.21335166370073813,-0.0027647646724239124,1.2865522574249006,0.0,-0.5,0.246484375,0.07047659158706665,1.0023870468139648,13989,0.000267737826,-0.012235219043213874,0.9866354465484619,0.7138239532709122,0.026579026,0.2,-34.08072566986084
3992,217.42,356,0.0,1643,0.0,0.0,-117.98846404999999,0.7258604114371277,0.0,0.0,14.827122398069964,-0.3967759319362727,0.0,65.3392375,-0.10789873456067389,-0.01147121224773703,0.01,-8.894266589845639e-06,-0.14974952088810842,-0.04609564401225946,0.036809564792813186,0.5881465025,-0.014500670941844065,30.050621033497084,-0.3277911599158314,64561212,0.0,0.0,6.564641565394898e-05,-0.25853937635873925,-0.01679496627135425,-0.14933614081359195,-0.01082899305555541,-4.282187791576614e-08,-0.4920964931713121,-0.09424541058028107,-0.04812535137369713,0.26892825,-0.21460674706604388,-0.0027685407844060318,1.2913838503842705,0.0,-0.5,0.24666748046875,-0.16752104461193085,1.0025079250335693,13993,0.00026772860999999996,-0.012120137503370643,0.9884143471717834,0.5056848526000977,0.027274186,0.2,-34.081912231445315
3992,221.02,357,0.0,1648,0.0,0.0,-118.73680372000001,0.7284113161132473,0.0,0.0,14.651641477174149,-0.3939992835403081,0.0,65.3507575,-0.10811785925494925,-0.01143469070271746,0.01,-8.393639927816045e-05,-0.14554121466021064,-0.045990128678390106,0.03758272289430077,0.5881288385,-0.01235278180683963,30.156228487088438,-0.3192614758424963,64579644,0.0,0.0,5.5338217255969845e-05,-0.25346185805340193,-0.016664373129614683,-0.14758002668725745,-0.010362413194444328,-4.4419331880447145e-08,-0.4896472753130587,-0.09046421943472552,-0.04732883787500491,0.26900505,-0.2017801679690401,-0.0027364106534334726,1.2665856841837237,0.0,-0.5,0.19473876953125,-0.04033863544464111,1.0024194717407227,13997,0.000267719394,-0.01087790837045759,0.9840348958969116,0.8093293637037278,0.022689963,0.2,-34.082593536376955
3993,211.4,358,0.0,1652,0.0,0.0,-117.88007576,0.7243911586810998,0.0,0.0,13.532933291191839,-0.3963880960747121,0.0,65.3622775,-0.10778213111139505,-0.011533998237216018,0.01,-1.122267745395182e-06,-0.14967097297360318,-0.0461389959339779,0.03771599717563032,0.5881111745000001,-0.011480389620474953,29.98979396939753,-0.3200426109143891,64598076,0.0,0.0,8.409248160508771e-05,-0.26107147985587154,-0.017015788397285278,-0.15120553541112997,-0.01063368055555542,-4.430013901269871e-08,-0.49093239184633714,-0.09261446842155935,-0.047112249870720976,0.26908185,-0.21315860583719903,-0.0027993964887548573,1.2792411031715865,0.0,-0.5,0.25457763671875,0.0015197396278381348,1.0023647546768188,14001,0.000267710178,-0.009087378636468201,0.9782519936561584,1.165693336725235,0.03111439,0.2,-34.08076725006104
3993,214.19,359,0.0,1657,0.0,0.0,-117.80419586000002,0.72546794506853,0.0,0.0,13.205424764812284,-0.4001787618954359,0.0,65.3737975,-0.10800842721044047,-0.011018630337325539,0.01,-7.306747024482501e-06,-0.15042797092796373,-0.04605319874882058,0.03860987120373874,0.5880935105,-0.012341117466955135,30.03437292583714,-0.3124929435397137,64616508,0.0,0.0,5.208306053342918e-05,-0.2575352428260229,-0.01685442478501288,-0.14934803829476545,-0.01110026041666651,-4.615302328742935e-08,-0.4862170386765994,-0.09310950714197867,-0.04670243625361712,0.26915865,-0.20884341574710963,-0.0027776644804427923,1.2846281870557859,0.0,-0.5,0.2382568359375,0.8096171617507935,1.0023932456970215,14005,0.000267700962,-0.008994473342318088,0.9688075184822083,1.7223755478858949,0.02811284,0.2,-34.08228740692139
3993,210.89,360,0.0,1661,0.0,0.0,-117.75923238000003,0.8089471910247759,0.0,0.0,19.628207991416065,-0.3943510708398518,0.0,65.3853175,-0.10802363239288398,-0.011939480855942299,0.01,-4.0206093047608465e-06,-0.15254821670460372,-0.045668634060650956,0.03810822796418084,0.5880758465,-0.010559438016369112,33.49041370842572,-0.3183450017429561,64634940,0.0,0.0,9.277306768732767e-05,-0.26096059630364216,-0.016821161946238488,-0.14911559943195352,-0.010807291666666519,-4.538355504809642e-08,-0.48659187866752096,-0.09433372492126839,-0.04559212852776327,0.26923545,-0.21611666907791546,-0.002763715118213918,1.2756796777347115,0.0,-0.5,0.23585205078125,0.3719217777252197,1.0022441148757935,14009,0.000267691746,-0.010884346324019134,0.9764767289161682,1.1936109244823456,0.027317697,0.2,-34.0797945022583
3993,215.93,361,0.0,1666,0.0,0.0,-118.7997705,0.7667159646341679,0.0,0.0,14.792448092124777,-0.39004925849271793,0.0,65.3968375,-0.10801562865507129,-0.012137660777812411,0.01,-1.5244805446846687e-05,-0.15477747918157475,-0.04526825779990676,0.03844970023068447,0.5880581825,-0.014251514093808105,31.74204093585455,-0.3055138657603067,64653372,0.0,0.0,5.9678442388152085e-05,-0.2598279191506839,-0.016670260887682094,-0.14856994945170376,-0.010590277777777641,-4.351717863136313e-08,-0.48839692771003723,-0.09505308387335343,-0.04777929773739643,0.26931225,-0.21189990001569556,-0.002759105055902224,1.2828315473809695,0.0,-0.5,0.2050537109375,0.14218348264694214,1.0019068717956543,14013,0.00026768253,-0.01325889565050602,0.9768534302711487,1.1577542006969452,0.02267647,0.2,-34.07686004638672
3994,213.2,362,0.0,1670,0.0,0.0,-117.88851745999999,0.7264743397032953,0.0,0.0,13.62862436446644,-0.3941642743737984,0.0,65.4083575,-0.10786090881059532,-0.01252138739962042,0.01,-0.00010409394655836719,-0.15993905487018564,-0.045863808206233175,0.03904645057211301,0.5880405185,-0.013364742400072929,30.076037663716427,-0.32004422153344586,64671804,0.0,0.0,8.354991829643647e-05,-0.2619690703914629,-0.01675679393371799,-0.14830915260216926,-0.010514322916666537,-4.6406329386814114e-08,-0.4907398455971429,-0.09524521025496782,-0.04838816590856988,0.26938905,-0.2168568071857994,-0.0027738185826621012,1.2958723817915772,0.0,-0.5,0.20960693359375,0.007243305444717407,1.0019906759262085,14017,0.000267673314,-0.01399497154634446,0.9817997217178345,0.8162516564130783,0.022763208,0.2,-34.075306510925294
3994,215.97,363,0.0,1675,0.0,0.0,-117.79567037000001,0.7196516411432463,0.0,0.0,13.945514753217003,-0.389347548091246,0.0,65.4198775,-0.10837072198100249,-0.0122028715035531,0.01,-1.9830933511616988e-05,-0.15708777092192175,-0.0452778672922431,0.038735227358678966,0.5880228545,-0.013183806146520914,29.793577943330398,-0.3096563553603657,64690236,0.0,0.0,6.835901876911521e-05,-0.2577644367177341,-0.016630964564348205,-0.14716685823878545,-0.010937499999999847,-4.329559580359699e-08,-0.4930207031966177,-0.09490711307045324,-0.04618314557605038,0.26946585,-0.21520147104945786,-0.0027569698498533753,1.3037199112371534,0.0,-0.5,0.22899169921875,0.19046559929847717,1.0027493238449097,14021,0.00026766409799999996,-0.010412233148235828,0.985237717628479,0.8396551012992859,0.023234185,0.2,-34.084380340576175
3994,228.14,364,0.0,1679,0.0,0.0,-118.48319106999999,0.719177123190724,0.0,0.0,13.919731176851718,-0.39638189180250716,0.0,65.4313975,-0.10821383059018767,-0.012039789876463794,0.01,-1.8014245814419442e-05,-0.15682534493867095,-0.04541493914345997,0.03831806271956221,0.5880051905,-0.01001649780502905,29.773932900095975,-0.31663141873765316,64708668,0.0,0.0,8.626263782692452e-05,-0.26187311225112736,-0.017002693748958585,-0.15007569612530555,-0.01098090277777762,-4.549487740425321e-08,-0.48094566318819126,-0.09514386737928832,-0.04579455655830589,0.26954265,-0.21907919093591063,-0.0027933772515909387,1.2973714071792288,0.0,-0.5,0.255712890625,-0.12765230238437653,1.0027251243591309,14025,0.000267654882,-0.012191041687037796,0.9911203384399414,0.4733502134680748,0.026616553,0.2,-34.08498573303223
3994,216.64,365,0.0,1684,0.0,0.0,-117.66655691,0.7162409311864828,0.0,0.0,13.7762794243772,-0.39593967274051095,0.0,65.4429175,-0.10809542740660547,-0.011912288529405013,0.01,-7.892831844685509e-07,-0.15640180636190382,-0.04629316905695468,0.038620927472247886,0.5879875265,-0.01040291818693125,29.65237455112039,-0.3170893531286978,64727100,0.0,0.0,7.215671939775348e-05,-0.26700032910055915,-0.017207135644128967,-0.1502084588671108,-0.011273871527777606,-4.544925290870985e-08,-0.48596192068168764,-0.09345496464983162,-0.04643273210293897,0.26961945,-0.21133792344487135,-0.002841524296306759,1.286775218099028,0.0,-0.5,0.24171142578125,-0.2028534710407257,1.0024421215057373,14029,0.000267645666,-0.011809547536540777,0.9863632321357727,0.6309652015566826,0.026065212,0.2,-34.08280925750732
3995,227.94,366,0.0,1688,0.0,0.0,-119.35654498999999,0.7499865881958687,0.0,0.0,14.400210392648694,-0.3945860820355867,0.0,65.45443750000001,-0.1080034856677766,-0.01209117286323688,0.01,-1.4121577788108188e-05,-0.15203520846784416,-0.04534854828936179,0.03665091217490055,0.5879698625,-0.013749128209181234,31.049444751308965,-0.31312020522854045,64745532,0.0,0.0,8.192238359091182e-05,-0.26018321084994,-0.016671938586836615,-0.14941955270576454,-0.010980902777777619,-4.259885317701758e-08,-0.5041701905615549,-0.09298881313981965,-0.046746133481271795,0.26969625,-0.21336171116606562,-0.002737222727702459,1.2587813362371496,0.0,-0.5,0.24952392578125,0.06779375672340393,1.0025697946548462,14033,0.00026763645,-0.009184136497788131,0.9784401655197144,0.9889247983694076,0.034705423,0.2,-34.08295593261719
3995,220.04,367,0.0,1693,0.0,0.0,-117.98870774000001,0.7312769255452731,0.0,0.0,14.629141128130804,-0.386835028830969,0.0,65.4659575,-0.10813123594728816,-0.012408285232202061,0.01,-8.905715074016339e-06,-0.15390618879830595,-0.04590111109948326,0.036764666820452874,0.5879521985,-0.012290254183527496,30.274864717574307,-0.3036714949316528,64763964,0.0,0.0,0.0001139318822727849,-0.26057189247644064,-0.016577725754129274,-0.146819653139674,-0.010818142361110967,-4.41016546739959e-08,-0.4976043470967946,-0.09523980633385595,-0.044102455162759936,0.26977305,-0.21540031355901468,-0.0027534718580203696,1.2919163607932258,0.0,-0.5,0.2455078125,0.037010639905929565,1.0024309158325195,14037,0.000267627234,-0.011045266268774867,0.9728660583496094,1.3546771645545959,0.026723236,0.2,-34.08181190490723
3995,233.69,368,0.0,1697,0.0,0.0,-119.61277801000001,0.8064479007142471,0.0,0.0,18.19158600428517,-0.4005647705058252,0.0,65.47747749999999,-0.10836070915916425,-0.012455060304330108,0.01,-3.6071943478538116e-06,-0.15887582729212293,-0.04532411947420665,0.03864121784377444,0.5879345345,-0.01418247512386491,33.386943089569826,-0.30583236082858617,64782396,0.0,0.0,9.819836122915149e-05,-0.2622705384815152,-0.01699313819044117,-0.1485151022775347,-0.010590277777777641,-4.424252592594011e-08,-0.5002566283123944,-0.09564854880883668,-0.04632715737071358,0.26984985,-0.21768501891967554,-0.0027995563202176583,1.2937167722865734,0.0,-0.5,0.24735107421875,-0.24721267819404602,1.002708911895752,14041,0.000267618018,-0.013703022722620518,0.9898726940155029,0.5210596866905689,0.0305491,0.2,-34.08519344329834
3996,217.37,369,0.0,1701,0.0,0.0,-118.1596932,0.7150716210662773,0.0,0.0,14.115035961196522,-0.39455150307247133,0.0,65.4889975,-0.1081996651460177,-0.012454334252925534,0.01,-4.3432341300995e-06,-0.1584982701649916,-0.04546880695489912,0.0388672675413859,0.5879168705,-0.012139973212874288,29.60396511214388,-0.3056929740329926,64800828,0.0,0.0,9.385807788930833e-05,-0.2597614349131063,-0.016851054595011707,-0.1465347097811159,-0.011056857638888732,-4.448250451594923e-08,-0.4984855975145568,-0.09559994756090562,-0.04562395960878862,0.26992665,-0.21834318420781773,-0.0027881958053036634,1.278213538995033,0.0,-0.5,0.25543212890625,-0.04138907790184021,1.0021681785583496,14045,0.00026760880199999996,-0.009559017076389864,0.9802265763282776,0.8254905715584755,0.026851472,0.2,-34.07893257141113
3996,219.62,370,0.0,1706,0.0,0.0,-118.97767995,0.7291866948449073,0.0,0.0,13.41423126339747,-0.39634333056773813,0.0,65.5005175,-0.107878205209549,-0.011995724089865462,0.01,-1.2603424711417122e-05,-0.15731146280603647,-0.045965694644091705,0.03766937123367376,0.5878992065,-0.014738165045855567,30.18832916657916,-0.30806987630090427,64819260,0.0,0.0,7.432687561959028e-05,-0.26065081889868985,-0.016798785287808052,-0.1481861667144175,-0.01004774305555545,-4.276384461375845e-08,-0.5006368674867625,-0.09525964616751809,-0.04566724300740148,0.27000345,-0.2124877046582279,-0.0027562365321393122,1.2487769161018212,0.0,-0.5,0.20743408203125,0.23609837889671326,1.0025209188461304,14049,0.000267599586,-0.01122512983274646,0.9760576486587524,1.1224413722753526,0.023215707,0.2,-34.0827018737793
3996,228.26,371,0.0,1711,0.0,0.0,-119.03774386,0.7392281721475593,0.0,0.0,14.412154556960717,-0.38498764409966957,0.0,65.5120375,-0.10791019743043409,-0.012577358182379018,0.01,-1.975143437045876e-05,-0.15817853695285775,-0.044934032399951696,0.03714144633994221,0.5878815425,-0.014818869338745976,30.604046326908954,-0.2960929953357151,64837692,0.0,0.0,7.215674850158393e-05,-0.25420849691419195,-0.016481413207352583,-0.1452792647830227,-0.010698784722222085,-4.404270568053465e-08,-0.5054689191466032,-0.09676282861474841,-0.04347632953025889,0.27008025,-0.21627459438519298,-0.0027118359806741488,1.2945846308330307,0.0,-0.5,0.2224609375,0.3803945481777191,1.002333402633667,14053,0.00026759037,-0.014156496326904744,0.9716629385948181,1.4168443769216537,0.025869008,0.2,-34.08167724609375
3996,223.05,372,0.0,1715,0.0,0.0,-118.4168654,0.7210353842794286,0.0,0.0,18.070152384266844,-0.40253856938523597,0.0,65.52355750000001,-0.10820812478815092,-0.012599092241555105,0.01,-3.399000079792244e-05,-0.16249542279219006,-0.04559431530337731,0.03889767378206113,0.5878638785,-0.01218242704797174,29.850864909168344,-0.3220422248179419,64856124,0.0,0.0,9.277299977838993e-05,-0.2690787897624236,-0.0171876971487965,-0.14776099480779648,-0.01093749999999985,-4.6491586033090014e-08,-0.4969309817430998,-0.09635622428977733,-0.04564602889618186,0.27015705,-0.21765819919043236,-0.0028352831290394593,1.2737679136595146,0.0,-0.5,0.23358154296875,-0.2651081085205078,1.0020443201065063,14057,0.000267581154,-0.016015826468355955,0.9910591840744019,0.4794052094221115,0.025323246,0.2,-34.077864456176755
3997,220.88,373,0.0,1720,0.0,0.0,-118.67739607000001,0.7137921316981493,0.0,0.0,14.452547345003904,-0.391816407579852,0.0,65.5350775,-0.10814407061001413,-0.011954458787111204,0.01,-2.125907781574101e-06,-0.16158856513401176,-0.04504093822140017,0.039595870007160146,0.5878462145,-0.01300545031133677,29.55099425230338,-0.3032238330184468,64874556,0.0,0.0,5.208301202704509e-05,-0.2593877842387695,-0.01666853460531308,-0.1452268434788524,-0.01082899305555541,-4.2826839148161695e-08,-0.49367150364509893,-0.0942240298967018,-0.044971660454314735,0.27023385,-0.21496454365311482,-0.002764074324444918,1.2856058256205314,0.0,-0.5,0.28018798828125,0.1785810887813568,1.0029196739196777,14061,0.00026757193799999997,-0.013415049412287772,0.9892207980155945,0.5802003152668476,0.029991787,0.2,-34.08520927429199
3997,211.49,374,0.0,1724,0.0,0.0,-117.53681546,0.8446606622221351,0.0,0.0,20.918395246301998,-0.3889335046711469,0.0,65.54659749999999,-0.10809932472084648,-0.012555917519162808,0.01,-6.04788808290967e-07,-0.1578558791252188,-0.04543140371442713,0.038379722566709275,0.5878285505,-0.011136829528065087,34.96895141599639,-0.31145225509437946,64892988,0.0,0.0,0.00010904902592301369,-0.26532108848783365,-0.01681832340647722,-0.14599289708802188,-0.010731336805555415,-4.6006438659480823e-08,-0.4932013044569275,-0.09594183639512743,-0.045345468550202425,0.27031065,-0.22321157675248987,-0.0027897000352931625,1.2949083324646529,0.0,-0.5,0.2660888671875,-0.11646135151386261,1.002758502960205,14065,0.000267562722,-0.009577065892517566,0.9856817126274109,0.7154287472367287,0.026010934,0.2,-34.08577003479004
3997,218.24,375,0.0,1729,0.0,0.0,-117.82400577000003,0.7542955045279407,0.0,0.0,17.040942347524073,-0.3984949137968602,0.0,65.5581175,-0.10824215194241849,-0.012329061902120426,0.01,-2.7968409009605457e-06,-0.1631828582194013,-0.04596299851279864,0.03941795425281171,0.5878108865,-0.012207789034518,31.227833887456743,-0.3075790353189183,64911420,0.0,0.0,0.00010959150192017357,-0.2665092580823435,-0.017035979206120978,-0.14547068999275925,-0.010937499999999843,-4.6295049010643496e-08,-0.48775784866869437,-0.09522503432144885,-0.04643855535394278,0.27038745,-0.21831843672501697,-0.0028147454831032835,1.2972991929013384,0.0,-0.5,0.2705078125,0.5990747809410095,1.0024139881134033,14069,0.000267553506,-0.008508186717517675,0.976182758808136,1.3397604405879975,0.027971635,0.2,-34.08314876556396
3997,221.75,376,0.0,1733,0.0,0.0,-118.25749794000001,0.8433700793281855,0.0,0.0,21.847131315897066,-0.3982035913431991,0.0,65.5696375,-0.10810465637147665,-0.012862815133680459,0.01,-1.7793736514155545e-06,-0.16312410436533342,-0.0456083618871802,0.03931884965763805,0.5877932225,-0.011672580918659352,34.91552128418688,-0.32321209818750063,64929852,0.0,0.0,8.78901919350028e-05,-0.2659463055659871,-0.01707697277039803,-0.14503144624549905,-0.0107530381944443,-4.720100999080725e-08,-0.4907035045856875,-0.09422971049126076,-0.045133399809352985,0.27046425,-0.21991736851154992,-0.0028301185704079864,1.2990016325074203,0.0,-0.5,0.24547119140625,-0.1671057939529419,1.002518892288208,14073,0.00026754428999999996,-0.013270109158474952,0.991085946559906,0.5181468307971955,0.02947982,0.2,-34.082045555114746
3998,221.21,377,0.0,1738,0.0,0.0,-117.97751889999999,0.7363973318451633,0.0,0.0,13.811807982011363,-0.3935152541897338,0.0,65.5811575,-0.10815937511503779,-0.012694537533595535,0.01,-4.909851958787076e-07,-0.16233945618264864,-0.04560491537461367,0.03797810959684935,0.5877755585,-0.012858693405481366,30.48684953838976,-0.3061300926191594,64948284,0.0,0.0,9.49431365976731e-05,-0.26190334681320226,-0.016764376571129707,-0.1461266005139253,-0.010199652777777667,-4.493826037271257e-08,-0.4956492887814211,-0.0942512442450196,-0.04595423338121409,0.27054105,-0.2179539130093685,-0.0027700598906254957,1.2944716332904713,0.0,-0.5,0.285107421875,0.01795351505279541,1.002630352973938,14077,0.000267535074,-0.01405853044707328,0.9899299144744873,0.5381279125809669,0.03451713,0.2,-34.084111022949216
3998,213.72,378,0.0,1742,0.0,0.0,-118.14417076,0.8116529377548531,0.0,0.0,17.932735259832953,-0.40030432847371106,0.0,65.59267750000001,-0.10805947406518196,-0.012324560729889801,0.01,-1.3212847903219615e-06,-0.16209363840796612,-0.046297740738093195,0.03853142911193971,0.5877578945,-0.012650090830801573,33.60243162305092,-0.3113232730694833,64966716,0.0,0.0,7.595447823405266e-05,-0.2676740246791286,-0.01723736396844601,-0.14833090178668995,-0.01098090277777762,-4.714121558821607e-08,-0.49117316826819873,-0.09108213070029707,-0.04889515041576256,0.27061785,-0.21599081861561045,-0.0028498875726484787,1.2609178248086796,0.0,-0.5,0.25128173828125,-0.25902506709098816,1.0026649236679077,14081,0.000267525858,-0.01071629635989666,0.9904714226722717,0.46417653635144235,0.0269723,0.2,-34.085819244384766
3998,212.98,379,0.0,1747,0.0,0.0,-118.05226923999999,0.7176970119081765,0.0,0.0,13.176336531390556,-0.38207823260355656,0.0,65.6041975,-0.10796686408659255,-0.01161594568450202,0.01,-1.7227559646347326e-06,-0.15592595048704969,-0.04504420814893187,0.036644042828718415,0.5877402305,-0.01067092913823823,29.712656292998506,-0.309080613245843,64985148,0.0,0.0,6.835899936656158e-05,-0.25766167598515377,-0.016601887288051967,-0.14532275531949565,-0.010622829861110971,-4.390622519514504e-08,-0.49559749319136404,-0.09129179517912861,-0.0452643406915953,0.27069465,-0.2185958879853868,-0.0027479202787591933,1.2838161687019818,0.0,-0.5,0.26942138671875,0.34839534759521484,1.0021820068359375,14085,0.000267516642,-0.010294632951263339,0.9726101756095886,1.4820597648620606,0.028640937,0.2,-34.080037689208986
3994,209.58,380,0.0,1753,0.0,0.0,-117.24033248999999,0.8006246620855195,0.0,0.0,16.466124738087835,-0.3931309741379663,0.0,65.6157175,-0.10835107448571618,-0.011948265422715272,0.01,-1.9198605498842107e-05,-0.15804553405097052,-0.044914517725349185,0.03750128080765601,0.5877225665,-0.011172636488077438,33.145861010340504,-0.30461649501800037,65003580,0.0,0.0,6.510385234529774e-05,-0.2602140838884155,-0.01668314499203724,-0.1451048029272547,-0.011002604166666504,-4.390292145711679e-08,-0.49607770482670177,-0.09420387623392158,-0.046661791787982895,0.27077145,-0.22371182761809655,-0.0027765175974576203,1.3089742909004753,0.0,-0.5,0.247998046875,0.5260950922966003,1.00191068649292,14089,0.000267507426,-0.012085647438652813,0.976815402507782,1.229321613907814,0.025766578,0.2,-34.07645225524902
3994,223.41,381,0.0,1757,0.0,0.0,-118.14074473000001,0.7737977307049915,0.0,0.0,15.155890818349413,-0.3828866289879638,0.0,65.6272375,-0.1082023275347768,-0.012303321678604434,0.01,-2.392533525224808e-06,-0.15419743451002915,-0.0447873807775753,0.03718090566378221,0.5877049025,-0.01339281916928788,32.03522605118665,-0.3046963196996323,65022012,0.0,0.0,6.022103480063379e-05,-0.259886113535394,-0.01673704790501564,-0.14481262465885902,-0.010904947916666517,-4.253718610370531e-08,-0.4949710909515442,-0.09375414705331282,-0.04491814496487041,0.27084825,-0.22420491575197576,-0.0027911010882889307,1.3142503165945927,0.0,-0.5,0.22677001953125,-0.14925771951675415,1.002020001411438,14093,0.00026749821,-0.01249074914958328,0.9879592061042786,0.6468926340341568,0.025644213,0.2,-34.0764123916626
3994,221.86,382,0.0,1762,0.0,0.0,-118.28756209000001,0.771313837037926,0.0,0.0,16.356376793606636,-0.3933138806083593,0.0,65.6387575,-0.10833377958867627,-0.011843442603209232,0.01,0.0,-0.15294190948341388,-0.04517592319289856,0.03782063700765025,0.5876872385,-0.011875623643087843,31.932392853370136,-0.3118763365916586,65040444,0.0,0.0,6.401875483182569e-05,-0.25771104448143783,-0.01671748709510064,-0.14310457982298608,-0.010785590277777637,-4.4193877644400513e-08,-0.4955381640402132,-0.09041923939773702,-0.045867160368758916,0.27092505,-0.22149707656871814,-0.0027812255631399422,1.3064437704274534,0.0,-0.5,0.2628173828125,0.02542009949684143,1.0023431777954102,14097,0.00026748899399999996,-0.010939365159720183,0.9903809428215027,0.5689665749669075,0.02918033,0.2,-34.080826377868654
3995,222.6,383,0.0,1766,0.0,0.0,-118.40675024999999,0.8671747423041751,0.0,0.0,15.644669262774537,-0.38368050967738565,0.0,65.6502775,-0.10834572565695419,-0.012877951999358199,0.01,-1.8765952913699985e-05,-0.1630952942324141,-0.044931838728279404,0.038561548335803615,0.5876695745,-0.011053142766791603,35.90103433139285,-0.3062159080933564,65058876,0.0,0.0,6.835898966528475e-05,-0.2539896252116617,-0.016451011029595744,-0.1438363838318696,-0.010991753472222067,-4.3386703193790184e-08,-0.4920806003322441,-0.09387790868175198,-0.04612324921478878,0.27100185,-0.22228775565526945,-0.0027363478091694655,1.3063516312936565,0.0,-0.5,0.22535400390625,-0.12358313798904419,1.0023715496063232,14101,0.00026747977799999997,-0.01007694888394326,0.9866786599159241,0.5941415101289749,0.02292704,0.2,-34.07908611297607
3995,223.43,384,0.0,1771,0.0,0.0,-118.55264227999999,0.741142203631528,0.0,0.0,13.774965707670253,-0.38523273357059773,0.0,65.6617975,-0.10812020721780498,-0.011960784013599728,0.01,-1.0049679537873218e-05,-0.15506390144830395,-0.04519785851832463,0.03638783743997237,0.5876519105,-0.012160588545763554,30.68328723034526,-0.32135605597331873,65077308,0.0,0.0,3.6892161006107926e-05,-0.2543022077661654,-0.016632021554986425,-0.14649479516530828,-0.010796440972222078,-4.3937568915378706e-08,-0.5017672156874675,-0.09273442603014243,-0.044845241890180326,0.27107865,-0.22168044722443922,-0.0027286958896998543,1.2975083297612338,0.0,-0.5,0.26895751953125,-0.11256080865859985,1.002915382385254,14105,0.000267470562,-0.012269102968275547,0.9900568723678589,0.5515078656375408,0.032897584,0.2,-34.087349319458006
3995,222.3,385,0.0,1776,0.0,0.0,-118.60702220000002,0.717967633747957,0.0,0.0,14.433451050149165,-0.3964134476941481,0.0,65.6733175,-0.10795034385129393,-0.011959025083987858,0.01,-1.2341815004980893e-05,-0.15756698539211267,-0.046592585606142406,0.03722308700816953,0.5876342465,-0.013569413516153064,29.72386003716542,-0.3108344712274572,65095740,0.0,0.0,6.61889110536625e-05,-0.26236897904852285,-0.017008796402131918,-0.1487719264305234,-0.010872395833333184,-4.4598707164636e-08,-0.4989961778178132,-0.09183823627962494,-0.04677399228254185,0.27115545,-0.21845469350968552,-0.0028100810683851585,1.2785282079979856,0.0,-0.5,0.2496337890625,0.0009777247905731201,1.0028114318847656,14109,0.000267461346,-0.010003417928237468,0.9901618957519531,0.614960914105177,0.026352713,0.2,-34.08611068725586
3995,218.07,386,0.0,1780,0.0,0.0,-117.99765483000002,0.7409552917400459,0.0,0.0,14.337776802530296,-0.39225596340157926,0.0,65.6848375,-0.10818428240361572,-0.012274904016781078,0.01,-1.4959236878360457e-05,-0.15910800215698223,-0.04581994192311362,0.03802100749904794,0.5876165825,-0.011318579400216954,30.6755490780379,-0.3273789505243354,65114172,0.0,0.0,8.083733458382388e-05,-0.2639764443483351,-0.017021593168538754,-0.14839114604151635,-0.01124131944444428,-4.537994685310643e-08,-0.49692644705489564,-0.09112973852718396,-0.04628228172073471,0.27123225,-0.22025217468087577,-0.0028089192976907275,1.2912713254146337,0.0,-0.5,0.27447509765625,-0.25803929567337036,1.002962350845337,14113,0.00026745212999999997,-0.010530427889898419,0.989482045173645,0.5628303542733193,0.028020915,0.2,-34.0871524810791
3996,217.87,387,0.0,1785,0.0,0.0,-117.74212996000001,0.7162583633467516,0.0,0.0,13.710524491134588,-0.39390546974214574,0.0,65.6963575,-0.108206319615686,-0.011982944201094227,0.01,-1.771324720990917e-05,-0.1575730039132963,-0.04588726624343203,0.03800433906643786,0.5875989185,-0.010150233977280246,29.653096242555517,-0.3053652543505458,65132604,0.0,0.0,6.40188130394866e-05,-0.26111253803715917,-0.016954200027454278,-0.14613805188469028,-0.01103515624999984,-4.3234874227816244e-08,-0.48086833381877564,-0.09193956872406288,-0.04698495153935345,0.27130905,-0.22588518903827579,-0.0027936609292036393,1.3099108360025404,0.0,-0.5,0.25914306640625,0.3484415113925934,1.0024008750915527,14117,0.000267442914,-0.008942672447301448,0.9767192602157593,1.246305638551712,0.033369884,0.2,-34.082810401916504
3996,215.46,388,0.0,1789,0.0,0.0,-117.54694401999997,0.8033660680644197,0.0,0.0,18.864483028811755,-0.388848941591538,0.0,65.7078775,-0.10813301996931084,-0.01247201423975627,0.01,-3.265771479491598e-05,-0.1584479980074488,-0.04567667709962633,0.03815555931777731,0.5875812545,-0.010654517494711198,33.259355217866975,-0.30129779170778803,65151036,0.0,0.0,9.385802938292424e-05,-0.26273607737991944,-0.016708988742271245,-0.1462094552088513,-0.010568576388888758,-4.3806966024422334e-08,-0.49057997563709954,-0.091418396023808,-0.04715957435477251,0.27138585,-0.22628088501584318,-0.002779205368738131,1.303841932473909,0.0,-0.5,0.2321533203125,0.03627365827560425,1.0025508403778076,14121,0.000267433698,-0.011886714072898031,0.9806129336357117,1.0349331468343734,0.023610055,0.2,-34.081169509887694
3996,210.7,389,0.0,1794,0.0,0.0,-117.32692587,0.7625350910720641,0.0,0.0,16.159669074074476,-0.39199514552737563,0.0,65.71939750000001,-0.10802818156445251,-0.012781554050385125,0.01,-1.1727612868728204e-05,-0.1628413542664295,-0.04550102413345693,0.03856062055224084,0.5875635905,-0.011232314450252388,31.56895277038345,-0.3071094680616499,65169468,0.0,0.0,6.944405807492633e-05,-0.26113047636327646,-0.01681966157467974,-0.14704786632860997,-0.010904947916666519,-4.4656818085423394e-08,-0.48949078854395495,-0.0951313439270239,-0.04696942931982568,0.27146265,-0.23517028544922627,-0.0027953911380942447,1.3239509628998125,0.0,-0.5,0.261328125,-0.004156380891799927,1.0023893117904663,14125,0.00026742448199999996,-0.009651250601746143,0.9879925847053528,0.6567783340811729,0.02684635,0.2,-34.082298851013185
3996,220.46,390,0.0,1798,0.0,0.0,-118.50521779,0.8846043890574766,0.0,0.0,21.747541558858877,-0.39224625160724846,0.0,65.7309175,-0.1080967194159014,-0.01243842859352426,0.01,-8.076050730201323e-05,-0.16168062873420974,-0.04568677864838877,0.0390341626817591,0.5875459265,-0.010033859108160768,36.62262170697953,-0.2981316123058524,65187900,0.0,0.0,7.70395757475247e-05,-0.26003652264610366,-0.016726738537528086,-0.14606739720504675,-0.010785590277777639,-4.462558509610796e-08,-0.4848253904216796,-0.09045525835870821,-0.0490342181643446,0.27153945,-0.22396191179348415,-0.0027683551445118306,1.2837848621978512,0.0,-0.5,0.25433349609375,-0.2634578049182892,1.0022015571594238,14129,0.000267415266,-0.010208697151392698,0.9864715933799744,0.7301449812948704,0.025441255,0.2,-34.078436279296874
3996,220.61,391,0.0,1803,0.0,0.0,-117.81251252,0.746255950122305,0.0,0.0,13.675430344897862,-0.3921671202367351,0.0,65.7424375,-0.10810889889519858,-0.012434491640899385,0.01,-3.6697750685606293e-07,-0.15992773915261851,-0.04593971425988675,0.038988487630316565,0.5875282625,-0.011407553263577737,30.894996335063425,-0.30102536023827586,65206332,0.0,0.0,6.34762206270049e-05,-0.25849083469378925,-0.016537685620478103,-0.14509511341990977,-0.010557725694444312,-4.470452260262297e-08,-0.4942833843064073,-0.0901758851882133,-0.04594749527911774,0.27161625,-0.21936350434662183,-0.002738908795722972,1.3010409758004207,0.0,-0.5,0.24678955078125,-0.17480576038360596,1.0025173425674438,14133,0.00026740605,-0.010129248560406267,0.9866786003112793,0.6311748147010803,0.025505394,0.2,-34.08105278015137
3997,211.23,392,0.0,1807,0.0,0.0,-117.66592316999999,0.7494092769548568,0.0,0.0,13.999464750861078,-0.3896217294697822,0.0,65.7539575,-0.10794820017305459,-0.012012410217487529,0.01,-6.462495474171915e-06,-0.15782387545342969,-0.04513920253159906,0.038608730274104774,0.5875105985,-0.01161534441538,31.025544065931072,-0.29780578889538584,65224764,0.0,0.0,6.727391155436635e-05,-0.25700808315712337,-0.016613655895695335,-0.14465384051296426,-0.010894097222222069,-4.1234344605981467e-08,-0.4890379062452613,-0.0907474515245888,-0.047340166500060406,0.27169305,-0.21794117707937075,-0.002762217945411439,1.2842800335072952,0.0,-0.5,0.21448974609375,-0.1896590292453766,1.0026469230651855,14137,0.000267396834,-0.010994307103101165,0.9891097545623779,0.6087691709399223,0.027064309,0.2,-34.083170318603514
3997,230.18,393,0.0,1812,0.0,0.0,-119.31824753,0.7305450839139438,0.0,0.0,14.035097334460954,-0.38996035138257346,0.0,65.7654775,-0.10839045679868016,-0.01227143151681875,0.01,-1.8034757513158683e-05,-0.1583390604130352,-0.04612196381258061,0.03797677089189003,0.5874929345000001,-0.01093365154196767,30.24456647403727,-0.30695794030683515,65243196,0.0,0.0,9.548566110121708e-05,-0.2624998360972847,-0.016904855442460794,-0.14947445139328336,-0.01062282986111097,-4.206570735110251e-08,-0.49643847352535797,-0.09319921182396408,-0.0477391990629816,0.27176985,-0.22395546511959827,-0.0027831234701918947,1.2988725962024477,0.0,-0.5,0.23551025390625,0.130077064037323,1.0024306774139404,14141,0.000267387618,-0.010151585610583425,0.9802135229110718,1.0755927950143813,0.024559868,0.2,-34.08359851837158
3997,230.65,394,0.0,1816,0.0,0.0,-118.6279676,0.7333955222573725,0.0,0.0,14.368835850846414,-0.39043009152569347,0.0,65.7769975,-0.10828846371933534,-0.01240082639333346,0.01,-7.389573268492447e-06,-0.1598550973655351,-0.045618382921504025,0.038299562144429505,0.5874752705,-0.012358206828745702,30.36257462145522,-0.3114467889731831,65261628,0.0,0.0,8.083727637616296e-05,-0.2617238586859366,-0.016826132235418796,-0.14457278069297766,-0.010286458333333215,-4.5617112475029034e-08,-0.4927652598521606,-0.09418111157820072,-0.046947643527763684,0.27184665,-0.22667262708592448,-0.0028036842401471442,1.3361077042014697,0.0,-0.5,0.19696044921875,0.10353618860244751,1.0024352073669434,14145,0.000267378402,-0.012481009803013875,0.9852973818778992,0.6957133531570434,0.019906746,0.2,-34.08022041320801
3997,230.9,395,0.0,1821,0.0,0.0,-118.90464462,0.8654233385969516,0.0,0.0,21.70115284428992,-0.39404424721503356,0.0,65.78851750000001,-0.10830763824810023,-0.013367268308361184,0.01,-1.226936968830212e-05,-0.16269737226095426,-0.04594545306830898,0.039324709279504995,0.5874576065,-0.01012554653829688,35.8285262179138,-0.30049832958228406,65280060,0.0,0.0,0.00012695261587699255,-0.26322762172091163,-0.016798179855340687,-0.1435461732494185,-0.010536024305555423,-4.357150819030279e-08,-0.4871065554820273,-0.09238314800433385,-0.048592209626864065,0.27192345,-0.2216866419614848,-0.0028054039753387695,1.3090041713585607,0.0,-0.5,0.24974365234375,-0.29838109016418457,1.0027196407318115,14149,0.00026736918599999996,-0.010391498438548297,0.9926846027374268,0.33167970217764375,0.029006753,0.2,-34.085785675048825
3997,221.53,396,0.0,1825,0.0,0.0,-118.04819939000001,0.8514981066539071,0.0,0.0,20.857262940212188,-0.3947580864283443,0.0,65.8000375,-0.108160893678488,-0.012884604025743691,0.01,-2.369547871209965e-05,-0.16419097773106428,-0.04569542422883674,0.03909118563982203,0.5874399425,-0.010870445681373693,35.252021615471755,-0.3084613424580727,65298492,0.0,0.0,7.324181691122551e-05,-0.26413810835941454,-0.016832094422178614,-0.14411507864090112,-0.010948350694444296,-4.357309444215929e-08,-0.490583729414208,-0.09128595292660618,-0.04847006471241892,0.27200025,-0.2200993869922564,-0.002820989952541955,1.306587250763022,0.0,-0.5,0.27738037109375,-0.10196724534034729,1.0025910139083862,14153,0.00026735996999999997,-0.016286108188796788,0.9943071603775024,0.2991705983877182,0.031707246,0.2,-34.08486785888672
3998,232.26,397,0.0,1830,0.0,0.0,-118.84946910000001,0.7401652235124363,0.0,0.0,13.69120055769529,-0.39648920353453604,0.0,65.81155749999999,-0.10820549198323953,-0.01203940040455338,0.01,-2.8064393858415213e-05,-0.1611384848910818,-0.04576624306488084,0.037882676609260306,0.5874222785000001,-0.01231860258202586,30.64284025341486,-0.296059303215346,65316924,0.0,0.0,6.184862771381934e-05,-0.26204465723139336,-0.016840509570260655,-0.14531492435672844,-0.010774739583333191,-4.588238209660399e-08,-0.492492778640593,-0.0907689709044379,-0.048396432606316674,0.27207705,-0.2170445994760873,-0.0027999817399944975,1.2968916946031082,0.0,-0.5,0.2545166015625,0.06160235404968262,1.0022943019866943,14157,0.000267350754,-0.01137741613201797,0.9886008501052856,0.6307695582509041,0.026987985,0.2,-34.07970218658447
3998,221.68,398,0.0,1834,0.0,0.0,-118.67291818999998,0.7538302950682398,0.0,0.0,14.299270389240553,-0.4004426308887887,0.0,65.8230775,-0.10781911946463812,-0.012221047658156825,0.01,-7.5146991670125635e-06,-0.1596536564013929,-0.047115381822911515,0.038571403494675166,0.5874046145,-0.011653457614657883,31.208574215825127,-0.320666563508519,65335356,0.0,0.0,8.626256021670997e-05,-0.2644229403719478,-0.016916451501660892,-0.1455931386714151,-0.010709635416666531,-4.4215642698844006e-08,-0.5037392437942548,-0.08796561122502738,-0.04738348308252093,0.27215385,-0.21523996713721663,-0.0028342648450341156,1.266276946773256,0.0,-0.5,0.20350341796875,-0.30768221616744995,1.002934217453003,14161,0.000267341538,-0.01142432497581467,0.9932252168655396,0.3187673859298229,0.022690315,0.2,-34.085382270812985
3998,220.11,399,0.0,1839,0.0,0.0,-118.18712033999998,0.7238371161743529,0.0,0.0,13.649577729016023,-0.38801346137799375,0.0,65.8345975,-0.1082146079262196,-0.011768203280319661,0.01,-3.387716613853687e-06,-0.15732653471231856,-0.04610993180494446,0.038089277403551,0.5873869505,-0.01211447446904559,29.96685660961821,-0.3056939011825012,65353788,0.0,0.0,5.2625604439526796e-05,-0.2569313041125156,-0.016505815864511206,-0.14259928559956514,-0.01073133680555541,-4.221325053440484e-08,-0.5013286875172142,-0.08936466131216175,-0.04550256539434658,0.27223065,-0.21093015423278919,-0.002755420440530102,1.3058208355467498,0.0,-0.5,0.238623046875,0.013281762599945068,1.0025970935821533,14165,0.00026733232199999997,-0.010698159667663276,0.9763813018798828,1.103974598646164,0.025336748,0.2,-34.08455390930176
3998,215.1,400,0.0,1843,0.0,0.0,-117.56636198000002,0.7979170475056607,0.0,0.0,17.693477806738205,-0.3962153011071241,0.0,65.84611749999999,-0.1078363685835886,-0.011509042999899263,0.01,-8.931765618223323e-06,-0.1551965200977931,-0.046228057120746596,0.03807763069783237,0.5873692865,-0.011147815367116386,33.033765766734355,-0.3088029912004845,65372220,0.0,0.0,8.246492749700944e-05,-0.2641498528656989,-0.017081166839314963,-0.14634780574792727,-0.010904947916666513,-4.5000375245174054e-08,-0.49457207703743106,-0.08935702752443789,-0.04664222631365793,0.27230745,-0.2111697323927142,-0.002835054975123189,1.2884398023938575,0.0,-0.5,0.22396240234375,-0.17328330874443054,1.0021514892578125,14169,0.000267323106,-0.010143351508304477,0.9872209429740906,0.7059677243232727,0.02577656,0.2,-34.079603004455564
3998,219.8,401,0.0,1848,0.0,0.0,-118.56101838999999,0.7736534700971656,0.0,0.0,16.53971488305774,-0.39394776402173987,0.0,65.8576375,-0.10804934792414612,-0.012481976570689446,0.01,-2.219734949863836e-05,-0.15962073065757074,-0.0464578121883507,0.03806297686234404,0.5873516225000001,-0.011980199170971496,32.029253662022654,-0.3202581588741061,65390652,0.0,0.0,7.758212935489912e-05,-0.26554303304904203,-0.016902864579551282,-0.14422122813184018,-0.010980902777777617,-4.312688426421687e-08,-0.4992989554232079,-0.08945016526198607,-0.04754678615431204,0.27238425,-0.21530349946410848,-0.0028365914313325255,1.2771707992604342,0.0,-0.5,0.2892578125,0.47427210211753845,1.0024710893630981,14173,0.00026731389,-0.008292589033953846,0.9751899242401123,1.4403050243854523,0.035286043,0.2,-34.08084907531738
3999,214.73,402,0.0,1852,0.0,0.0,-118.65601454000002,0.7965028963382772,0.0,0.0,18.158078424317814,-0.39046350572449495,0.0,65.8691575,-0.10786698039784398,-0.011921120946385574,0.01,-3.0971446664293624e-05,-0.15299264737340978,-0.046485196078287716,0.037492582105486734,0.5873339585,-0.011824218929784061,32.975219908404675,-0.3129024535304027,65409084,0.0,0.0,6.401877423437934e-05,-0.25814426355537695,-0.016886556830866546,-0.14575092908237572,-0.010503472222222093,-4.4468608778505805e-08,-0.49232299303582167,-0.0905742547835325,-0.046600478171382215,0.27246105,-0.2149590316087343,-0.002784673728398651,1.2864095080146216,0.0,-0.5,0.235302734375,-0.16902494430541992,1.002321481704712,14177,0.00026730467399999996,-0.013968537840992213,0.9875475764274597,0.6558194130659103,0.025964001,0.2,-34.08144054412842
3999,228.46,403,0.0,1857,0.0,0.0,-118.58215944,0.7754015247204171,0.0,0.0,15.356017245802802,-0.39742137990092136,0.0,65.8806775,-0.10802726037970324,-0.011865363353649258,0.01,-1.5870740958138718e-06,-0.15249919340440293,-0.04626905390804608,0.03798967295021825,0.5873162945,-0.011412843494326808,32.10162312342527,-0.3135110823033334,65427516,0.0,0.0,7.378440932370722e-05,-0.26605614353345364,-0.017283572549422838,-0.14851837179543614,-0.010883246527777628,-4.5339927541005265e-08,-0.4931871643495659,-0.09253699167959564,-0.045765358500906975,0.27253785,-0.2198273569555408,-0.002877400769742726,1.3088205084557083,0.0,-0.5,0.21337890625,-0.05219066143035889,1.0022310018539429,14181,0.000267295458,-0.012550329626537859,0.9828063249588013,0.8236176997423172,0.023501312,0.2,-34.07968921661377
3999,194.11,404,0.0,1861,0.0,0.0,-116.62376444000002,0.7421917461864955,0.0,0.0,13.640631378209486,-0.39823128274084263,0.0,65.89219750000001,-0.10762786596932652,-0.012100171060634336,0.01,-6.606223564295202e-06,-0.15533395543099493,-0.04693525748284726,0.0374672674703315,0.5872986305,-0.012316296987895234,30.726738292120913,-0.319191168815342,65445948,0.0,0.0,6.998666018868487e-05,-0.2628398165427646,-0.0170941933102318,-0.1469814482972907,-0.010818142361110962,-4.459542815750579e-08,-0.49923676187917326,-0.09064054371452529,-0.04692732842820166,0.27261465,-0.21352172035099,-0.0028309350416719655,1.2850693364416095,0.0,-0.5,0.22852783203125,-0.013582050800323486,1.002549648284912,14185,0.000267286242,-0.01358875606674701,0.9902089834213257,0.45711326897144317,0.025988352,0.2,-34.08155860900879
3999,210.24,405,0.0,1866,0.0,0.0,-117.21337021,0.7453751847328185,0.0,0.0,14.124488800612394,-0.39401741020095943,0.0,65.9037175,-0.10787636652833857,-0.012108510611895756,0.01,-1.6859190917190825e-05,-0.15768103599029287,-0.04707644405634914,0.03790711682945325,0.5872809665000001,-0.012555825077773383,30.858532647938684,-0.322453279516301,65464380,0.0,0.0,4.231746424920857e-05,-0.26562749887923726,-0.0170569000490178,-0.146036085256638,-0.011187065972222054,-4.416335898971487e-08,-0.4987178981786539,-0.09205172253524721,-0.04595894328797678,0.27269145,-0.21663050439217446,-0.0028553595281812314,1.302501502126076,0.0,-0.5,0.22239990234375,0.28363028168678284,1.0018689632415771,14189,0.000267277026,-0.010625694354530424,0.9645379185676575,1.8588869750499726,0.022298848,0.2,-34.07650604248047
3999,225.41,406,0.0,1870,0.0,0.0,-118.67700980000001,0.7350565567519509,0.0,0.0,14.195994460436062,-0.3945600101793729,0.0,65.91523749999999,-0.10821249459140733,-0.012104526556364188,0.01,-3.118289568187248e-05,-0.15636911527122052,-0.046038219210975305,0.03920004673464679,0.5872633025,-0.01413568324157192,30.431341449530766,-0.3071789047383518,65482812,0.0,0.0,7.324184601505597e-05,-0.265009648024295,-0.017080536816191424,-0.14470102196179896,-0.01031901041666655,-4.4298718911360965e-08,-0.49075118107423255,-0.09115202369466179,-0.04700038845096612,0.27276825,-0.22079876757654737,-0.0028623794092700154,1.3045314767364529,0.0,-0.5,0.221923828125,-0.1437806785106659,1.00192391872406,14193,0.00026726781,-0.013118259678594767,0.9870292544364929,0.690241739153862,0.025181064,0.2,-34.07512493133545
3996,231.13,407,0.0,1877,0.0,0.0,-118.79460461000002,0.746219290536428,0.0,0.0,15.529867695911431,-0.39385317166589745,0.0,65.9267575,-0.10801241833912578,-0.012802358535777068,0.01,-2.592741843580066e-05,-0.16149004608220452,-0.04690452677260695,0.03834068961035236,0.5872456385,-0.011242758686421439,30.89347862820812,-0.305985164515189,65501244,0.0,0.0,8.951776544563472e-05,-0.2625259343892409,-0.017026526181675175,-0.14499836817402884,-0.010894097222222072,-4.3767192279661565e-08,-0.4916286784886881,-0.09157066586983527,-0.04854031436508153,0.27284505,-0.2160939428687529,-0.002859657542216376,1.30145460318298,0.0,-0.5,0.22744140625,-0.15314200520515442,1.0025975704193115,14197,0.000267258594,-0.014622138056438416,0.990429699420929,0.47269974946975707,0.026245635,0.2,-34.08101615905762
3996,213.55,408,0.0,1881,0.0,0.0,-117.67900616000001,0.8595633920204484,0.0,0.0,21.645434476459815,-0.3940222570129199,0.0,65.9382775,-0.10799581958430744,-0.011953869524607676,0.01,-1.6602075671642307e-05,-0.15685821981293468,-0.046917362356581324,0.038208008664649594,0.5872279745,-0.010812259403691214,35.58592442964656,-0.30886562615126434,65519676,0.0,0.0,5.9135956689715385e-05,-0.2583967277772658,-0.017075474663622206,-0.14662868130629747,-0.011512586805555369,-4.3702903795085386e-08,-0.48476751593532785,-0.08999610147365378,-0.046256692182341325,0.27292185,-0.21124110883064887,-0.0028474535688348232,1.3015489080929332,0.0,-0.5,0.21010335286458334,0.0327763557434082,1.00136137008667,14200,0.000267249378,-0.004293816474576791,0.9814248085021973,0.9547825753688812,0.043621518,0.2,-34.07112471262614
3996,217.25,409,0.0,1886,0.0,0.0,-117.96707017999998,0.8164413149626555,0.0,0.0,18.719832895528544,-0.3911483984865326,0.0,65.9497975,-0.10797766374401924,-0.012555191819938544,0.01,-4.396890850841828e-06,-0.16201293403813324,-0.046899241733250205,0.039834970512523486,0.5872103105,-0.008695836849963397,33.80067043945394,-0.3054343942164021,65538108,0.0,0.0,8.843282315259178e-05,-0.2607008424549371,-0.01686667949210268,-0.14423506502695135,-0.010894097222222074,-4.514057565391371e-08,-0.4781634489099805,-0.08911137951133882,-0.04499729107064815,0.27299865,-0.20804115384821897,-0.0028099053244257646,1.293098280565124,0.0,-0.5,0.2230712890625,0.34508082270622253,1.0023592710494995,14204,0.00026724016199999997,-0.013239973888266832,0.9813936352729797,0.9431037068367004,0.027515609,0.2,-34.07968883514404
3996,218.86,410,0.0,1890,0.0,0.0,-118.85962858,0.736355875147648,0.0,0.0,13.882715418580965,-0.3866560412977682,0.0,65.9613175,-0.10780968106612286,-0.011974921591271238,0.01,-9.260811525749169e-06,-0.1547717537151264,-0.046810948989822625,0.03823064206806553,0.5871926465,-0.012872122794053413,30.485133231112627,-0.29624644088328855,65556540,0.0,0.0,8.083730547999342e-05,-0.2542195826990369,-0.016604953224644163,-0.1444644015796651,-0.010514322916666534,-4.605589609624187e-08,-0.4942010841979183,-0.08698093275999591,-0.0446052364598355,0.27307545,-0.20595690792492738,-0.0027696390019212058,1.2652469512710263,0.0,-0.5,0.2221923828125,-0.14434978365898132,1.0026131868362427,14208,0.000267230946,-0.01212194813415408,0.9831138253211975,0.8874780267477036,0.023077846,0.2,-34.08323707580566
3996,220.46,411,0.0,1895,0.0,0.0,-118.95343052,0.7791370172760832,0.0,0.0,18.022447256297507,-0.3976468509955509,0.0,65.9728375,-0.10777698603607941,-0.012357736986824852,0.01,-9.326298853016099e-06,-0.16515053519338427,-0.047310456607982915,0.040645082738308205,0.5871749825,-0.011743111272355437,32.256272515229846,-0.3045282444318982,65574972,0.0,0.0,0.00012586755716862777,-0.2635175338150945,-0.017059047651045947,-0.14794940719941724,-0.010655381944444306,-4.591793635981591e-08,-0.493740282507213,-0.09088652672538058,-0.048404037701170056,0.27315225,-0.21244433326509313,-0.0028321348755501892,1.2670787350471127,0.0,-0.5,0.21910400390625,0.0984446108341217,1.0025269985198975,14212,0.00026722173,-0.012666440708562732,0.9738709330558777,1.230209732055664,0.026009563,0.2,-34.08255825042725
3997,225.12,412,0.0,1899,0.0,0.0,-118.48451312999998,0.7167049359799509,0.0,0.0,13.093363815692443,-0.38794714536224223,0.0,65.98435749999999,-0.10807361217160444,-0.012137940255345604,0.01,-6.2011984587872105e-06,-0.16018568334329136,-0.04613266614135615,0.03785294852755795,0.5871573185,-0.013285125848293925,29.671584349569965,-0.3071710573274425,65593404,0.0,0.0,9.331544667171936e-05,-0.25422588872814367,-0.016708206149506594,-0.1463454704203167,-0.010872395833333185,-4.2316066023255846e-08,-0.5104740180661155,-0.09257182619796907,-0.045227948192245106,0.27322905,-0.21442321216674615,-0.0027971402195982997,1.3092144799683132,0.0,-0.5,0.22864990234375,0.684152364730835,1.002252459526062,14216,0.00026721251399999997,-0.012692572746891529,0.9625619053840637,1.8896238088607789,0.025687773,0.2,-34.08072128295898
3997,233.58,413,0.0,1904,0.0,0.0,-119.47171215999998,0.7350776488573596,0.0,0.0,13.614991248004221,-0.38857848283772356,0.0,65.9958775,-0.10798987321486062,-0.011898560174209847,0.01,-5.0760092643545554e-05,-0.15474805399379069,-0.04649820212423558,0.03854408735033246,0.5871396545,-0.014442349150259461,30.432214662694687,-0.3104022697845966,65611836,0.0,0.0,7.97521691614141e-05,-0.25170851792792526,-0.016748643129569803,-0.14555306721867345,-0.010536024305555426,-4.237315361265177e-08,-0.501745870002995,-0.09212624564703276,-0.04682166670821681,0.27330585,-0.21208747557296928,-0.002790456306237912,1.3035258429358203,0.0,-0.5,0.20433349609375,-0.27471721172332764,1.0018458366394043,14220,0.000267203298,-0.014630718628177419,0.9899183511734009,0.4321529075503349,0.0249714,0.2,-34.07603759765625
3997,221.85,414,0.0,1908,0.0,0.0,-118.69694884,0.7309245213611655,0.0,0.0,13.163428638335123,-0.3873617279060449,0.0,66.0073975,-0.10773050805614465,-0.012393240616510145,0.01,-4.1122848686835276e-05,-0.16197913378115777,-0.04644759130032164,0.039289664215229746,0.5871219905,-0.013638585524555916,30.26027518435225,-0.306189153918899,65630268,0.0,0.0,8.083726667488615e-05,-0.25606881523316094,-0.016753024004685594,-0.14504138937068495,-0.010264756944444326,-4.553693138218306e-08,-0.4979551145336312,-0.09101578409406925,-0.04693535855829963,0.27338265,-0.20875327956810624,-0.002800122520870175,1.2863766472303182,0.0,-0.5,0.254296875,-0.07920503616333008,1.0018959045410156,14224,0.000267194082,-0.01137471942929551,0.9863653182983398,0.6178076237440109,0.02323215,0.2,-34.07548599243164
3997,225.46,415,0.0,1913,0.0,0.0,-118.70960296000001,0.7121595731845778,0.0,0.0,13.570646395033268,-0.38819128610966375,0.0,66.0189175,-0.10808524767919804,-0.012048638201681503,0.01,-7.164910491396289e-06,-0.15494012596717072,-0.04633713206784326,0.03789433790682258,0.5871043265,-0.014924525301062709,29.483406329841518,-0.29175461776485556,65648700,0.0,0.0,8.517753061217566e-05,-0.25272559461352784,-0.016722808390126426,-0.1452312007340063,-0.010362413194444317,-4.3586222246193304e-08,-0.5022242867592926,-0.09137872194451423,-0.044970011434854275,0.27345945,-0.20859204989312305,-0.002790286744509068,1.3028392967617528,0.0,-0.5,0.24771728515625,-0.018827974796295166,1.0018882751464844,14228,0.00026718486599999996,-0.01038869854528457,0.9741379022598267,1.2379180490970612,0.02329678,0.2,-34.07497329711914
3997,223.7,416,0.0,1917,0.0,0.0,-118.27780054,0.730460000470105,0.0,0.0,14.037190186851568,-0.393680917687089,0.0,66.0304375,-0.10795557733837148,-0.011989998981294247,0.01,-1.2660749565100578e-05,-0.15412952139211938,-0.046534222831420766,0.03862770062428393,0.5870866625,-0.014954907374986861,30.241044019462343,-0.30515673947422106,65667132,0.0,0.0,8.246484018551807e-05,-0.25379214422245455,-0.016901878834016136,-0.14512066228326664,-0.010286458333333214,-4.463415293644095e-08,-0.5099364840636887,-0.09179784200409545,-0.046882209568960775,0.27353625,-0.21107098279259331,-0.0028314349916702666,1.2994230431944194,0.0,-0.5,0.2348876953125,-0.17157715559005737,1.002471923828125,14232,0.00026717565,-0.015200520679354668,0.9916722178459167,0.42438487634062766,0.029652249,0.2,-34.08219814300537
3997,230.58,417,0.0,1922,0.0,0.0,-119.24926136000002,0.7393076149883417,0.0,0.0,14.328674023560298,-0.3936854512176733,0.0,66.0419575,-0.10788990877197455,-0.011409587678063564,0.01,-6.795791408306388e-09,-0.15216241396916008,-0.046431868914975374,0.038295530013459506,0.5870689985,-0.013130096472903259,30.607335260517345,-0.3127517469415681,65685564,0.0,0.0,5.6423217756673694e-05,-0.2557808913794811,-0.016961916256104385,-0.14616530210499223,-0.010438368055555427,-4.45036377123065e-08,-0.5009858931627821,-0.08862506643221185,-0.04609068848076278,0.27361305,-0.2062542353217601,-0.002827347391338953,1.274476366776994,0.0,-0.5,0.276904296875,-0.03867977857589722,1.0021395683288574,14236,0.000267166434,-0.008457723795436323,0.9882361888885498,0.5895566955208779,0.029422468,0.2,-34.078030586242676
3998,229.27,418,0.0,1927,0.0,0.0,-119.81230791000002,0.7452066590141646,0.0,0.0,14.033084846232185,-0.3842465614215431,0.0,66.0534775,-0.10796820062565365,-0.011808916953083346,0.01,-7.225781423755783e-07,-0.1483128140724213,-0.04669536715320776,0.03690036580849956,0.5870513345,-0.013474197626540748,30.851555683186415,-0.311760699892152,65703996,0.0,0.0,6.347621092572808e-05,-0.25457351824751245,-0.016828059079580307,-0.14547546306011644,-0.01036241319444432,-4.3527871608384524e-08,-0.5078117872499014,-0.08838441076738715,-0.04581129719720878,0.27368985,-0.20244862450679577,-0.002804119343170987,1.2673918385101797,0.0,-0.5,0.25611572265625,-0.2535245418548584,1.0025181770324707,14240,0.000267157218,-0.012321809865534305,0.9873329401016235,0.5316247470676899,0.026992783,0.2,-34.081802177429196
3998,219.04,419,0.0,1931,0.0,0.0,-118.66708935000001,0.7278475561346422,0.0,0.0,14.019503292503844,-0.38291049377416353,0.0,66.0649975,-0.10778357030891911,-0.011532570411847022,0.01,-9.708815653185565e-06,-0.1546055054508101,-0.04693765024027899,0.03786597056132482,0.5870336705,-0.01398024750879914,30.132888823974188,-0.3083453226247502,65722428,0.0,0.0,6.998663108485441e-05,-0.2540128081649184,-0.01680151304294649,-0.14491032121650937,-0.010145399305555445,-4.4636085816631844e-08,-0.5086574714224731,-0.08879639100654838,-0.04663411982865352,0.27376665,-0.20524758705824744,-0.0027965227164569208,1.2818821742600117,0.0,-0.5,0.28077392578125,0.1754089891910553,1.0029387474060059,14244,0.000267148002,-0.010631435853429138,0.9784098863601685,1.1710324078798293,0.038175985,0.2,-34.08466968536377
3998,223.05,420,0.0,1936,0.0,0.0,-118.65242615,0.7299600025315229,0.0,0.0,14.71094943744499,-0.3893452180491652,0.0,66.0765175,-0.10799210627701343,-0.011884885878385338,0.01,-6.662345688929702e-06,-0.1546508194249499,-0.04621097007001427,0.03751525116818766,0.5870160065000001,-0.014174607931636274,30.220344104805047,-0.3062758242826088,65740860,0.0,0.0,7.215675820286076e-05,-0.2552849907920212,-0.017003567099462283,-0.14528714046961552,-0.010384114583333208,-4.3907503575673656e-08,-0.5068082953493598,-0.08866972693365054,-0.047751323851071954,0.27384345,-0.204192146126708,-0.0028354255649033653,1.2767156427475939,0.0,-0.5,0.3039306640625,-0.03482091426849365,1.002728819847107,14248,0.000267138786,-0.008155401842668653,0.9828983545303345,0.9235367715358734,0.029123351,0.2,-34.0867618560791
3998,221.46,421,0.0,1940,0.0,0.0,-118.88023679999998,0.7454485819293724,0.0,0.0,14.188233371018743,-0.3947490474404063,0.0,66.0880375,-0.10772178802483329,-0.011308445135836924,0.01,-2.5734204565344578e-05,-0.14730319809812797,-0.04727883775726637,0.037036133469218115,0.5869983425,-0.01330926819840291,30.861571291876015,-0.33317671182026265,65759292,0.0,0.0,6.781648456429441e-05,-0.26075289206384494,-0.017336405221681502,-0.149598403317056,-0.010514322916666534,-4.235184796214248e-08,-0.5109192512423052,-0.08801047565915397,-0.047655694035914124,0.27392025,-0.20433305288592607,-0.0029006833995179494,1.2606364173469926,0.0,-0.5,0.2572509765625,-0.013812869787216187,1.0031541585922241,14252,0.00026712957,-0.010774695768486709,0.9894224405288696,0.6126624993979931,0.02797835,0.2,-34.087130546569824
3998,230.27,422,0.0,1945,0.0,0.0,-119.38650302999999,0.7651338906975393,0.0,0.0,16.882514938880238,-0.3843653781870888,0.0,66.0995575,-0.10790810039308107,-0.011955348655678303,0.01,-5.666852737228336e-09,-0.15094255631056436,-0.04701055888677777,0.03600983783020524,0.5869806785,-0.013754686654364277,31.67654307487813,-0.318337056183912,65777724,0.0,0.0,8.029478097644945e-05,-0.25689364969412154,-0.01706032604490912,-0.1467472572891576,-0.010199652777777665,-4.374948752753542e-08,-0.5060929879123552,-0.08858824281009903,-0.04599042200945426,0.27399705,-0.21285461093857852,-0.002853211112249531,1.2915448969625654,0.0,-0.5,0.2426513671875,0.49532079696655273,1.002399206161499,14256,0.00026712035399999997,-0.010324097995180637,0.9710888266563416,1.5150049716234206,0.025568804,0.2,-34.08477611541748
3999,222.95,423,0.0,1949,0.0,0.0,-119.086615,0.7854640423258548,0.0,0.0,17.584687601514865,-0.38986393473125736,0.0,66.1110775,-0.10763437895581457,-0.011464659166673405,0.01,-7.582115875809585e-06,-0.14982301975606388,-0.047304223010985594,0.037007292953170394,0.5869630145,-0.014466763000301499,32.518211352290386,-0.32863802882892484,65796156,0.0,0.0,5.588072235696018e-05,-0.25598702871785545,-0.017095270147599744,-0.14740145871571617,-0.010134548611111007,-4.454661076201115e-08,-0.5113308833205018,-0.0870166804356221,-0.046723397683937344,0.27407385,-0.20683547849263606,-0.0028559587478709904,1.271903999928349,0.0,-0.5,0.250146484375,-0.30412840843200684,1.002058982849121,14260,0.000267111138,-0.014909276866819709,0.9918167591094971,0.43464226871728895,0.028082747,0.2,-34.0770263671875
3999,219.89,424,0.0,1954,0.0,0.0,-118.94735372999999,0.7370606436758753,0.0,0.0,14.107882999305039,-0.39605000681105973,0.0,66.1225975,-0.10809480934322119,-0.011277350823730327,0.01,-7.197283009673854e-06,-0.15460216657182635,-0.04664624775646394,0.03841809448678932,0.5869453505,-0.012503877728401372,30.514310648181237,-0.31368279004633304,65814588,0.0,0.0,4.61151454752932e-05,-0.2538728639225135,-0.01695583592291792,-0.1466480408958958,-0.010828993055555406,-4.3418162185959166e-08,-0.5051854489684808,-0.08853188986897008,-0.047525005844509624,0.27415065,-0.2061079117884333,-0.0028568057573878525,1.2662129983188402,0.0,-0.5,0.28858642578125,0.2210381031036377,1.002089023590088,14264,0.000267101922,-0.007755357911810279,0.9799997806549072,1.0840039253234863,0.02497067,0.2,-34.07839469909668
3999,219.69,425,0.0,1958,0.0,0.0,-118.28516633000001,0.8052549310879884,0.0,0.0,16.96984509968943,-0.3863978033151316,0.0,66.1341175,-0.10771521471358453,-0.011454880818455011,0.01,-2.649659262607969e-05,-0.15606571642987607,-0.04645022352038612,0.03828352311332458,0.5869276865,-0.013361893460063988,33.33755414704272,-0.31643292764831016,65833020,0.0,0.0,6.293370582473774e-05,-0.2515135293323825,-0.016894048458075846,-0.14653395920076887,-0.010427517361110989,-4.186828900134743e-08,-0.5107302210806842,-0.09105309888142618,-0.04696934665834657,0.27422745,-0.20924004082764117,-0.002819460724197859,1.2914754724034716,0.0,-0.5,0.23592529296875,-0.043112099170684814,1.0019819736480713,14268,0.00026709270599999997,-0.008835172583349048,0.9729875326156616,1.428234001994133,0.027190711,0.2,-34.07630386352539
3999,231.21,426,0.0,1963,0.0,0.0,-119.42998837,0.7594219084803258,0.0,0.0,15.011048118303565,-0.3846117960475938,0.0,66.1456375,-0.10769500950023819,-0.011875373134458102,0.01,-4.316038709301164e-06,-0.1548493334110803,-0.046231835469719054,0.0370965027352482,0.5869100225,-0.016361561175371107,31.440067011085485,-0.30830112322452286,65851452,0.0,0.0,7.378438021987677e-05,-0.24939413794994636,-0.016560124770316917,-0.14444251367259434,-0.01024305555555544,-4.14369032835106e-08,-0.5140537855040036,-0.08967338320839198,-0.0447456617171331,0.27430425,-0.21144458035883984,-0.0027742046837963986,1.2915766035804357,0.0,-0.5,0.20888671875,0.2377566695213318,1.0021281242370605,14272,0.00026708349,-0.010866164462640882,0.9848994612693787,0.8097134411334992,0.020981254,0.2,-34.076944541931155
3999,225.45,427,0.0,1967,0.0,0.0,-118.87215991000001,0.7528825437012787,0.0,0.0,15.013574467719756,-0.3896333132417874,0.0,66.15715750000001,-0.10777695519986595,-0.011404938875076149,0.01,-2.399186273813066e-05,-0.1509163940449965,-0.04653597537949405,0.037402052284181385,0.5868923585,-0.01478170297115058,31.169337309232937,-0.3245675571753175,65869884,0.0,0.0,3.4179422073066235e-05,-0.25273908626043134,-0.01693611395539136,-0.14612431042850085,-0.010557725694444312,-4.3430185128382264e-08,-0.5095434642587834,-0.08850762842247395,-0.046760529515511934,0.27438105,-0.2090093497667206,-0.0028240903698337084,1.2779140364543764,0.0,-0.5,0.24888916015625,-0.21128202974796295,1.0032172203063965,14276,0.000267074274,-0.012248929822817445,0.9918070435523987,0.43820972219109533,0.029585231,0.2,-34.08986206054688
3999,233.22,428,0.0,1972,0.0,0.0,-119.30495400999999,0.7367453945455262,0.0,0.0,14.817296364932425,-0.3913466666036789,0.0,66.1686775,-0.10788482591649436,-0.01181921100586632,0.01,-9.549364012091595e-07,-0.1515575004593556,-0.04633887284228558,0.03700617246963522,0.5868746945000001,-0.012909285753266886,30.501259334184784,-0.32702629715424125,65888316,0.0,0.0,4.0689881037299834e-05,-0.25552008527718645,-0.01706874206847004,-0.14541801312881864,-0.010655381944444304,-4.268621010798942e-08,-0.5096665815296809,-0.09076974462441059,-0.04607249318458354,0.27445785,-0.21122228293809486,-0.002865880565399986,1.2952668989064864,0.0,-0.5,0.2958984375,-0.10159915685653687,1.0032587051391602,14280,0.00026706505799999996,-0.006213448115158826,0.9858340620994568,0.7701698020100594,0.03648947,0.2,-34.091478538513186
4000,235.63,429,0.0,1976,0.0,0.0,-119.85648017000001,0.7164966520785219,0.0,0.0,14.79569875357954,-0.37755758752759094,0.0,66.18019749999999,-0.10796408239061929,-0.011652582923067806,0.01,-2.276713018054608e-05,-0.15310406810986615,-0.04590029201635974,0.038058697329743554,0.5868570305,-0.016735095506495174,29.662961396050804,-0.2994132650462083,65906748,0.0,0.0,5.154048752350112e-05,-0.24429861897138616,-0.0165616714343101,-0.14449581893295219,-0.010460069444444322,-4.272791136778189e-08,-0.5088865892529094,-0.0896929860708525,-0.04595038169245204,0.27453465,-0.21089107580902816,-0.0027602104198857303,1.2882128312041594,0.0,-0.5,0.28995361328125,0.08826079964637756,1.0028647184371948,14284,0.000267055842,-0.008775732654612511,0.9860979318618774,0.7558794558048249,0.041072328,0.2,-34.0868423461914
4000,225.87,430,0.0,1981,0.0,0.0,-119.02758683,0.7303497404104138,0.0,0.0,13.574068071518631,-0.38750785785119884,0.0,66.1917175,-0.1079792595378932,-0.011932500589339602,0.01,-3.6813380525712124e-05,-0.15672675499143693,-0.045865822327982114,0.03736396853170329,0.5868393665,-0.012512693949651698,30.23647925299113,-0.31274934302578716,65925180,0.0,0.0,5.3168138644347586e-05,-0.25582311346614445,-0.016896663241749998,-0.1465609924565037,-0.010611979166666534,-4.154031691724091e-08,-0.4995957462348438,-0.08861877090889937,-0.04609913476981946,0.27461145,-0.20873281490239873,-0.0028153158804484118,1.2899099159332712,0.0,-0.5,0.26400146484375,-0.05858299136161804,1.0026981830596924,14288,0.000267046626,-0.01498213498853147,0.9937964677810669,0.34001697674393655,0.030854601,0.2,-34.08421020507812
4000,202.59,431,0.0,1985,0.0,0.0,-117.32635973999999,0.7653175955124829,0.0,0.0,16.473841874109006,-0.38497748778502694,0.0,66.2032375,-0.10790510704934989,-0.012148286658804412,0.01,-1.106672635662118e-05,-0.15550203169956398,-0.04609953082853148,0.03826434603956898,0.5868217025,-0.01356222475038117,31.684148454216793,-0.3083946343731789,65943612,0.0,0.0,8.083727637616296e-05,-0.2551095692985681,-0.016845889572853486,-0.14471856341237277,-0.010492621527777654,-4.45255995972581e-08,-0.5037411989879673,-0.08988124273809164,-0.04690213777545604,0.27468825,-0.20877999653251988,-0.0028003394825887266,1.2820096836234955,0.0,-0.5,0.26783447265625,-0.16485372185707092,1.002766489982605,14292,0.00026703741,-0.011631748115178198,0.9921010732650757,0.42657371163368224,0.030137092,0.2,-34.08534927368164
4000,233.62,432,0.0,1990,0.0,0.0,-119.73838807,0.7277243777452778,0.0,0.0,13.732052871330046,-0.38427359221576585,0.0,66.2147575,-0.10803628252364393,-0.011473994751933801,0.01,-5.856924523250562e-05,-0.15173859442601267,-0.046546483295575716,0.038073263486690316,0.5868040385,-0.014381992360641662,30.127789238654497,-0.3259408858530674,65962044,0.0,0.0,5.588076116206745e-05,-0.25413806394071453,-0.01687533123985536,-0.1478456643571124,-0.010319010416666545,-4.175025270922097e-08,-0.5103627559166259,-0.09130171861486171,-0.04735597102088841,0.27476505,-0.20919308217759258,-0.0027962941284832084,1.2847603759017563,0.0,-0.5,0.26453857421875,0.5444456338882446,1.0025444030761719,14296,0.000267028194,-0.00870490405941382,0.976893961429596,1.291124814748764,0.029382914,0.2,-34.08143215179443
4000,221.89,433,0.0,1994,0.0,0.0,-119.40478544999996,0.7375432531506945,0.0,0.0,14.080394620343917,-0.38541218575520836,0.0,66.22627750000001,-0.10783275331336262,-0.011370512441920262,0.01,-2.259817963002464e-05,-0.15296640352473173,-0.04606157189988093,0.03759907163543551,0.5867863745,-0.014079800341278315,30.53429068043875,-0.3212225043951108,65980476,0.0,0.0,4.7200204183657966e-05,-0.2551872381318821,-0.016878439264105552,-0.1474955517769848,-0.01036241319444432,-4.156632624168021e-08,-0.507606684123634,-0.09046887141899834,-0.04757772494987386,0.27484185,-0.21062222736394856,-0.002798346571314328,1.2721064498022268,0.0,-0.5,0.24306640625,-0.11802157759666443,1.0027110576629639,14300,0.000267018978,-0.011484360491158441,0.9865591526031494,0.5451950088143349,0.027649129,0.2,-34.08594970703125
4001,231.29,434,0.0,1999,0.0,0.0,-119.88645566999998,0.7822306988917787,0.0,0.0,14.690322725985729,-0.38536920638529365,0.0,66.2377975,-0.10790625814410028,-0.012353645252887558,0.01,-1.9321537160588088e-05,-0.15645080214133084,-0.046557462133336586,0.038522972307495976,0.5867687105,-0.014563876574458037,32.38435093411964,-0.31235802475812396,65998908,0.0,0.0,8.300736468906204e-05,-0.25137124917707143,-0.01675415767943701,-0.1474912380187425,-0.010145399305555447,-4.1813069642183367e-08,-0.5017658958640072,-0.08964888556776301,-0.04857204125614928,0.27491865,-0.21284657135389354,-0.002764385867571933,1.2841751404700106,0.0,-0.5,0.26612548828125,0.8933264017105103,1.002007246017456,14304,0.000267009762,-0.011429260193835944,0.951905369758606,2.58997665643692,0.025817508,0.2,-34.07778472900391
3997,215.46,435,0.0,2005,0.0,0.0,-117.88983702,0.7450248001400943,0.0,0.0,15.735575330630331,-0.3873782085108474,0.0,66.24931749999999,-0.10787027847451265,-0.01153604366112023,0.01,-3.7511679705569485e-05,-0.1532797023068542,-0.046247170421417495,0.03897548880405066,0.5867510465,-0.012540634500005076,30.844026725799903,-0.3213832971331364,66017340,0.0,0.0,3.580702468752861e-05,-0.26051237211959755,-0.017305208155584853,-0.14860104599568832,-0.010709635416666531,-4.206972702741773e-08,-0.49472858395658226,-0.09018164343810503,-0.04926265356997436,0.27499545,-0.21009874355815392,-0.002884263364984859,1.2982117893337324,0.0,-0.5,0.216943359375,-0.021801501512527466,1.0022106170654297,14308,0.00026700054599999997,-0.01467225287342444,0.9842157959938049,0.6945214867591858,0.024057169,0.2,-34.07829360961914
3997,223.38,436,0.0,2010,0.0,0.0,-118.60256228,0.7345317210521893,0.0,0.0,14.578752849469842,-0.3868948238996672,0.0,66.26083750000001,-0.10791940650199257,-0.011188430859574647,0.01,-8.373786734559208e-05,-0.1502773866019721,-0.04633763306912464,0.03753113664843372,0.5867333825000001,-0.013614035787112597,30.409613251560636,-0.3263293708755828,66035772,0.0,0.0,4.3402532658850156e-05,-0.25656106882216356,-0.01721336666212301,-0.14838379953877381,-0.010611979166666528,-4.247028129844008e-08,-0.5087678712495688,-0.0911731305525805,-0.047627273001798046,0.27507225,-0.20764614072407195,-0.002845905286676947,1.293756150461588,0.0,-0.5,0.25640869140625,-0.02356240153312683,1.0024890899658203,14312,0.00026699133,-0.012744424934498965,0.9876999855041504,0.6013151630759239,0.031041961,0.2,-34.0825159072876
3998,202.49,437,0.0,2014,0.0,0.0,-117.11202946999998,0.7328494402878685,0.0,0.0,15.197361758595328,-0.384331526111997,0.0,66.2723575,-0.1078851206055453,-0.011889556613064399,0.01,-4.417691802807937e-05,-0.15323129747788683,-0.04629661558814747,0.03919105609420207,0.5867157185,-0.01184103598158496,30.339966827917753,-0.322287015461905,66054204,0.0,0.0,7.16142434005936e-05,-0.25416934732845914,-0.017113353796356288,-0.14774167231086585,-0.01064453124999986,-4.212170017779614e-08,-0.49907093633832755,-0.08890291355413422,-0.04819521396424712,0.27514905,-0.20880384528770599,-0.0028473194856629878,1.2864802218275504,0.0,-0.5,0.23114013671875,-0.041260212659835815,1.0019941329956055,14316,0.000266982114,-0.01346807050285861,0.9828218221664429,0.8809522569179535,0.026996557,0.2,-34.076127433776854
3998,212.64,438,0.0,2019,0.0,0.0,-117.61206333,0.7551238446405286,0.0,0.0,14.591987383595507,-0.3940138945013293,0.0,66.2838775,-0.10779208459645889,-0.011553468743124476,0.01,-4.47321021612759e-05,-0.15965496551612396,-0.04700236168933064,0.03861384085912847,0.5866980545,-0.010110763824842352,31.262127168117885,-0.3319612844072589,66072636,0.0,0.0,7.541198283433914e-05,-0.2634603798484386,-0.017647029297560984,-0.1531874951930883,-0.01080729166666652,-4.3765683046710966e-08,-0.49457851854375673,-0.08846312092268757,-0.0501578833786109,0.27522585,-0.21039085586269227,-0.002900841133222196,1.2661812587278616,0.0,-0.5,0.24481201171875,0.6356959342956543,1.0018870830535889,14320,0.00026697289799999997,-0.010696786921471357,0.9654455184936523,1.6430140733718872,0.024498994,0.2,-34.076640129089355
3998,210.76,439,0.0,2023,0.0,0.0,-117.82690199999999,0.7182593400919728,0.0,0.0,13.987546964805874,-0.38376048324149226,0.0,66.2953975,-0.10791514092447535,-0.012161934008659912,0.01,-3.973028448780332e-05,-0.1572571768689528,-0.045896737115231206,0.03824669506513597,0.5866803905,-0.01129294310360112,29.735936679807672,-0.32645840502503326,66091068,0.0,0.0,6.998661168230076e-05,-0.2587090082933162,-0.017060505401088777,-0.14683628723511832,-0.01093749999999985,-4.172668918524882e-08,-0.49634662658160483,-0.08985172786250663,-0.048941426007443375,0.27530265,-0.20826181996304466,-0.0028709931802460126,1.274294718128563,0.0,-0.5,0.2021728515625,0.1402072012424469,1.0015809535980225,14324,0.000266963682,-0.012190718692727387,0.9714272022247314,1.5048931956291198,0.024017861,0.2,-34.07205352783203
3998,223.22,440,0.0,2028,0.0,0.0,-118.53587739000001,0.7350005143494955,0.0,0.0,14.399772326415896,-0.38154128819728145,0.0,66.3069175,-0.1079757674323209,-0.012090360315211074,0.01,-9.979244026638903e-06,-0.15373900329198154,-0.04638842791601642,0.036726178519024426,0.5866627265,-0.011246692704541298,30.429021294069113,-0.324938091584803,66109500,0.0,0.0,6.130607410644491e-05,-0.25410812685585876,-0.01707297962525445,-0.14773014284699673,-0.01078559027777764,-4.0032992043335777e-08,-0.5050536564302708,-0.08910311761088716,-0.04738581627100751,0.27537945,-0.21185299169728544,-0.0028283927421887314,1.2865556044689404,0.0,-0.5,0.22264404296875,-0.011988520622253418,1.0020166635513306,14328,0.000266954466,-0.012910502555314451,0.9788132905960083,1.047404059767723,0.02302743,0.2,-34.075745010375975
3998,213.01,441,0.0,2032,0.0,0.0,-117.54529633,0.7437423417384774,0.0,0.0,14.711669635179565,-0.39011306692982717,0.0,66.3184375,-0.10801029371244522,-0.011671945458166596,0.01,-5.2900415267154476e-05,-0.15296163142895813,-0.046401516238911505,0.037606300775446605,0.5866450625,-0.011524469349145269,30.790932947972966,-0.3253172930580425,66127932,0.0,0.0,7.052915558839838e-05,-0.25842970588571845,-0.017282230466907685,-0.14905028938785964,-0.010622829861110973,-4.194530401449803e-08,-0.5044941757179465,-0.09021162455877339,-0.048503205579315506,0.27545625,-0.21280910906821643,-0.0028667820888075716,1.2839201844689248,0.0,-0.5,0.20760498046875,-0.08280959725379944,1.0021896362304688,14332,0.00026694525,-0.0159262927249074,0.9873949885368347,0.6145467638969422,0.024322953,0.2,-34.07671070098877
3998,231.52,442,0.0,2037,0.0,0.0,-119.32611016000001,0.7477288267561881,0.0,0.0,15.500220073503828,-0.38112473257662904,0.0,66.3299575,-0.10812577838496164,-0.011713052467604294,0.01,-5.5046901079760084e-05,-0.15261446452294727,-0.04593552676844163,0.038148089050446365,0.5866273985,-0.014027038885008855,30.955973427706187,-0.3186320470874302,66146364,0.0,0.0,4.611518428040048e-05,-0.25229671100304046,-0.016932535346675208,-0.14572309286551385,-0.010796440972222078,-4.244830539608958e-08,-0.5133188345925507,-0.09176970510230396,-0.04806457163654879,0.27553305,-0.21238107086186003,-0.0028305202402540675,1.2811252540763645,0.0,-0.5,0.226904296875,0.22204327583312988,1.0020065307617188,14336,0.000266936034,-0.010545774991624058,0.9798693656921387,1.0580441862344743,0.024982039,0.2,-34.07804222106934
3999,220.81,443,0.0,2041,0.0,0.0,-118.50194441,0.7249685461190445,0.0,0.0,14.916178927771814,-0.3773527040187943,0.0,66.3414775,-0.10809807485695316,-0.012393677056920628,0.01,-0.00012748138300206364,-0.1613661365409224,-0.04570995036334013,0.03956644382787791,0.5866097345,-0.013488032869645394,30.01369780932844,-0.30056039751685726,66164796,0.0,0.0,0.00010308113026743133,-0.24918209207081798,-0.016747938962899035,-0.1446329680237008,-0.010536024305555421,-4.268753852308028e-08,-0.5086532210435553,-0.09206209210414264,-0.04966139277418189,0.27560985,-0.20840994643483945,-0.0027864141859429204,1.2940826693944691,0.0,-0.5,0.23724365234375,-0.2209022045135498,1.0028014183044434,14340,0.000266926818,-0.01134775109239854,0.986535370349884,0.7119008079171181,0.026215572,0.2,-34.08396911621094
3999,217.61,444,0.0,2046,0.0,0.0,-118.51717618,0.7269728596799399,0.0,0.0,14.028065253255395,-0.3806622356993417,0.0,66.35299749999999,-0.10807592632607511,-0.011790155865701767,0.01,-9.241093161575267e-05,-0.15323545661228405,-0.04588896910497608,0.03722297764851328,0.5865920705000001,-0.013713997591467988,30.096676390749508,-0.307201210417942,66183228,0.0,0.0,8.843280375003815e-05,-0.25177651579669497,-0.016945350265686356,-0.14681508116109263,-0.010579427083333199,-4.306054954503961e-08,-0.5081039884009312,-0.0901467965515406,-0.04849366548902226,0.27568665,-0.2026198423061173,-0.002804094429587621,1.2699220321950977,0.0,-0.5,0.28602294921875,0.02076852321624756,1.0029423236846924,14344,0.000266917602,-0.007738946552854032,0.9799293875694275,1.126529586315155,0.032291546,0.2,-34.08766918182373
3999,232.34,445,0.0,2050,0.0,0.0,-119.65440584999999,0.8279995171049317,0.0,0.0,21.51199395056735,-0.38128740038869974,0.0,66.3645175,-0.10805562553281042,-0.012263676631384494,0.01,-5.6389615649521094e-05,-0.15898312420332364,-0.045866278401030115,0.03861083928964821,0.5865744065,-0.011496393595330624,34.27918000814417,-0.30821160927083563,66201660,0.0,0.0,7.541192462667823e-05,-0.2553154847920085,-0.017233475221256678,-0.14742217724577011,-0.010536024305555424,-4.2145968736270666e-08,-0.501701203191579,-0.08860285742356433,-0.0492145995419259,0.27576345,-0.20309557768557865,-0.0028609193934731104,1.271073311374609,0.0,-0.5,0.2723388671875,0.010914891958236694,1.0029938220977783,14348,0.000266908386,-0.011673896061256527,0.9809408783912659,0.9906530827283859,0.035088785,0.2,-34.088588905334475
3999,224.88,446,0.0,2055,0.0,0.0,-118.7340393,0.7536816207005803,0.0,0.0,16.200984838819128,-0.38818623088028337,0.0,66.3760375,-0.10801965229096265,-0.011726697317834399,0.01,-5.164738473099001e-05,-0.15140728103784237,-0.047173083898029364,0.03726771802845592,0.5865567425,-0.01333517497470085,31.202419097004025,-0.31118807347606237,66220092,0.0,0.0,6.727392125564317e-05,-0.25261868910375607,-0.017122050673963718,-0.1490905094081161,-0.0107530381944443,-4.120790188768126e-08,-0.5150736571454035,-0.08977059828595216,-0.04906478483205349,0.27584025,-0.20953531424709365,-0.002826745953160664,1.274298843279989,0.0,-0.5,0.31181640625,0.1770358383655548,1.0029252767562866,14352,0.00026689917,-0.01087991453241557,0.9836310744285583,0.8810427635908127,0.03286364,0.2,-34.08584060668945
3999,222.82,447,0.0,2059,0.0,0.0,-119.09103716000001,0.730210871082235,0.0,0.0,14.689198724215826,-0.3807285344710842,0.0,66.3875575,-0.10808084058694284,-0.012139013610801306,0.01,-5.87979888878897e-05,-0.1541653502583774,-0.04632162373530821,0.03715055751070219,0.5865390785,-0.01486267621415512,30.23073006280453,-0.31410556001722867,66238524,0.0,0.0,0.00012261238104353348,-0.2555812479464309,-0.01712950551673218,-0.1488193024637136,-0.010167100694444329,-4.1683616214556974e-08,-0.5116276126694068,-0.0898316364963202,-0.04897927968558329,0.27591705,-0.20476526256922928,-0.0028172815117993425,1.2615003982225819,0.0,-0.5,0.26160888671875,0.02475118637084961,1.0026891231536865,14356,0.000266889954,-0.011500061943661422,0.9866988658905029,0.6960316233336925,0.027377259,0.2,-34.086014938354495
3999,230.28,448,0.0,2064,0.0,0.0,-119.41155467999997,0.7327854131742375,0.0,0.0,14.519967468009927,-0.38006793850613474,0.0,66.3990775,-0.10813132980892853,-0.011970154290145307,0.01,-0.00016355595540466978,-0.15199178723062734,-0.046209942436579644,0.037292061211190664,0.5865214145000001,-0.015217357871329619,30.337316105413432,-0.3097376447974048,66256956,0.0,0.0,0.00010199612976672749,-0.24997529122923046,-0.016945372111628377,-0.14792093477120208,-0.010394965277777652,-4.2782626936819895e-08,-0.5106937204607221,-0.08970591490464364,-0.05041492969823875,0.27599385,-0.2059542164290892,-0.0028020401355868907,1.275105693658586,0.0,-0.5,0.253515625,0.20637643337249756,1.0024194717407227,14360,0.00026688073799999997,-0.011448414938058704,0.9778008460998535,1.0941280096769332,0.02449258,0.2,-34.08164234161377
3999,226.84,449,0.0,2068,0.0,0.0,-119.17285234,0.7323073303336312,0.0,0.0,14.683016412069009,-0.37951833738936197,0.0,66.4105975,-0.10811424164694351,-0.01226075730784583,0.01,-0.00010919617847726144,-0.15703877689800855,-0.04591281403519234,0.03804980918364111,0.5865037505,-0.013845018863018291,30.31752347581233,-0.3065648977288347,66275388,0.0,0.0,0.00010091102255197863,-0.2522625701491893,-0.01707540831870745,-0.14822244635354345,-0.010774739583333191,-4.158746291175351e-08,-0.5102834683541703,-0.09156521295879139,-0.04926835375641239,0.27607065,-0.21088152577912472,-0.0028228666213009047,1.2789963057548066,0.0,-0.5,0.244970703125,-0.28113508224487305,1.0025445222854614,14364,0.000266871522,-0.015541176008991898,0.9896324872970581,0.550130595266819,0.026486319,0.2,-34.082698822021484
4000,211.64,450,0.0,2073,0.0,0.0,-117.95922184000001,0.7547707014193141,0.0,0.0,15.985882062004368,-0.38644478764771817,0.0,66.42211750000001,-0.10798356938995268,-0.011334000270069474,0.01,-0.0001719127360169738,-0.1482755895465824,-0.04678408063821639,0.036928969602527444,0.5864860865,-0.01445984637313005,31.247507038759604,-0.3115640862887342,66293820,0.0,0.0,7.541199253561597e-05,-0.24687882311380133,-0.017075072930937872,-0.15022008527238462,-0.01077473958333319,-3.981772204695053e-08,-0.5139059447091089,-0.09017399417742211,-0.0484841668312795,0.27614745,-0.20662264537172292,-0.0028172094133420643,1.2740657693795236,0.0,-0.5,0.28607177734375,-0.23721963167190552,1.0028541088104248,14368,0.000266862306,-0.01073779899161309,0.9860767722129822,0.6324515685439109,0.032551676,0.2,-34.085521125793456
4000,215.15,451,0.0,2078,0.0,0.0,-118.17917064,0.7265290423345492,0.0,0.0,13.495862781373003,-0.379630237377754,0.0,66.4336375,-0.1082683753927154,-0.0119856777342136,0.01,-0.00017344047087464095,-0.154203756590355,-0.04531257012841591,0.0384645748199841,0.5864684225,-0.015257370763316026,30.078302352650336,-0.31962378020463195,66312252,0.0,0.0,4.394503775984049e-05,-0.2526128442847267,-0.01710635821957924,-0.1471122002180455,-0.011056857638888728,-3.9225761217887126e-08,-0.5165407777436193,-0.08905172949411576,-0.049302767394356364,0.27622425,-0.20848398627593745,-0.0028553683462784803,1.2954704399880583,0.0,-0.5,0.309033203125,-0.04947879910469055,1.002678632736206,14372,0.00026685308999999997,-0.009559142380021512,0.9791943430900574,0.9782502174377441,0.032462567,0.2,-34.08564910888672
4000,227.17,452,0.0,2082,0.0,0.0,-118.79688386,0.7847469096014603,0.0,0.0,17.824289627899837,-0.3845883214773465,0.0,66.4451575,-0.10821471930792378,-0.012364108684968735,0.01,-8.921746937894375e-05,-0.1544011408001568,-0.04559339133328015,0.038046672422662735,0.5864507585000001,-0.013658931090806922,32.488522057500454,-0.31546663631403604,66330684,0.0,0.0,8.192243209729592e-05,-0.25543024304524997,-0.01731234945997071,-0.14763472278368736,-0.010861545138888741,-4.169829080983854e-08,-0.5076575524699529,-0.0903530635109745,-0.05013980154821172,0.27630105,-0.2069482339893176,-0.002882107723861228,1.2916802390622526,0.0,-0.5,0.2667236328125,-0.2047790288925171,1.0021202564239502,14376,0.000266843874,-0.011145910632330924,0.9859669208526611,0.7781983494758606,0.02744112,0.2,-34.07838516235351
4000,208.56,453,0.0,2087,0.0,0.0,-117.70886919,0.864858652274813,0.0,0.0,20.628026192632177,-0.3826322011368693,0.0,66.4566775,-0.10806669021601127,-0.011748413724973983,0.01,-0.00010145665002000271,-0.1516682483127956,-0.045640202282348614,0.039164750889441616,0.5864330945,-0.01211474623091312,35.80514820417726,-0.3214062002543726,66349116,0.0,0.0,7.107170919577281e-05,-0.2548045554997498,-0.01729121489909532,-0.14914360285735426,-0.010850694444444298,-3.9620331340854604e-08,-0.50193760383504,-0.08504310956074879,-0.04962575335789193,0.27637785,-0.19625834122158867,-0.0028546297218004202,1.2610152525327072,0.0,-0.5,0.23900146484375,0.05550578236579895,1.0022674798965454,14380,0.000266834658,-0.013468930288217962,0.9898995757102966,0.5003699839115143,0.026049864,0.2,-34.07900905609131
4000,229.99,454,0.0,2091,0.0,0.0,-118.97128336,0.7399701958074907,0.0,0.0,14.542494738973337,-0.38880808738849254,0.0,66.4681975,-0.10825788339871925,-0.01208546780864917,0.01,-4.771748610697927e-05,-0.15171602745898338,-0.04579967654879577,0.037222998920441376,0.5864154305,-0.014293150981150879,30.634766106430114,-0.3094647506838689,66367548,0.0,0.0,9.548569990632434e-05,-0.253203573842966,-0.0169975511541807,-0.14686841879832763,-0.010709635416666523,-3.98190786659822e-08,-0.519253165689888,-0.09064678875592264,-0.04855879673157996,0.27645465,-0.21023156850643762,-0.002843102211620815,1.291784951051307,0.0,-0.5,0.28746337890625,0.018857091665267944,1.002384066581726,14384,0.000266825442,-0.009347836021333933,0.9681375026702881,1.7079401195049286,0.033709347,0.2,-34.081532096862794
4000,215.32,455,0.0,2096,0.0,0.0,-118.16256141000002,0.7260231370192793,0.0,0.0,14.999219525881585,-0.38428620888087417,0.0,66.47971749999999,-0.10801093364895455,-0.012391699584242058,0.01,-6.45825949726911e-05,-0.15377208959473376,-0.04556085347549729,0.037223847420734625,0.5863977665,-0.01282139538509202,30.057357872598164,-0.31238351233899886,66385980,0.0,0.0,8.843275524365406e-05,-0.25337462665945093,-0.017166588051602108,-0.14832862568015776,-0.010818142361110967,-4.088633166692637e-08,-0.5093233262415365,-0.08799166449488688,-0.0474173777963186,0.27653145,-0.20600471514397062,-0.002846324319958954,1.2727936019493749,0.0,-0.5,0.2498291015625,0.09792029857635498,1.0027258396148682,14388,0.000266816226,-0.012222761765588074,0.9837058782577515,0.8293377012014389,0.030421857,0.2,-34.0833345413208
4001,231.03,456,0.0,2100,0.0,0.0,-119.11210645999999,0.7346187194393423,0.0,0.0,15.036994747704963,-0.38944723024411426,0.0,66.4912375,-0.10822958420086716,-0.011896008992888785,0.01,-5.201873852653247e-05,-0.14594780550870015,-0.04605830314609488,0.03691195778786141,0.5863801025000001,-0.013548524749542898,30.41321498478877,-0.31659925311204085,66404412,0.0,0.0,4.068985193346938e-05,-0.2536468756022525,-0.017334754281688482,-0.15131725187511952,-0.01095920138888873,-4.107866791311015e-08,-0.516171458661768,-0.0891919346437445,-0.04724156572492027,0.27660825,-0.21152320432656171,-0.002878668225618345,1.2946238121769305,0.0,-0.5,0.2745361328125,0.2852542996406555,1.0027973651885986,14392,0.00026680701,-0.00940771702444181,0.9819042682647705,1.00996233522892,0.029381102,0.2,-34.0865665435791
4001,220.57,457,0.0,2105,0.0,0.0,-118.12324260999999,0.715816282235372,0.0,0.0,13.823616527631268,-0.38495501913293567,0.0,66.5027575,-0.10804702964851129,-0.012311614637886341,0.01,-7.242066588696769e-05,-0.15479341413148584,-0.04599659282957469,0.03844401376457201,0.5863624385,-0.014395555030205287,29.6347940845444,-0.32623300450661413,66422844,0.0,0.0,4.6115193981677294e-05,-0.25346455240007404,-0.01732995964420523,-0.14880719148282576,-0.010980902777777617,-4.065918601407746e-08,-0.5150850748191234,-0.08891646819315618,-0.04755280928197517,0.27668505,-0.20734287085027403,-0.00287353671548001,1.2864357584109098,0.0,-0.5,0.23868408203125,-0.0039205849170684814,1.00264310836792,14396,0.000266797794,-0.008980331826023757,0.9871519207954407,0.6609203606843949,0.025617268,0.2,-34.08279895782471
4001,225.39,458,0.0,2109,0.0,0.0,-118.55481784,0.752413083210459,0.0,0.0,13.98112892518285,-0.38043059990987266,0.0,66.51427749999999,-0.10805651985181836,-0.011829805059184396,0.01,-5.056795578069219e-05,-0.15020338988813645,-0.045815705687029515,0.03777644454537151,0.5863447745,-0.013799039650216905,31.149901644913,-0.30870054325479457,66441276,0.0,0.0,3.63496073987335e-05,-0.2503550945164607,-0.017168551609492246,-0.1485388818063017,-0.010698784722222084,-4.103468298861044e-08,-0.5132411599520249,-0.08812903325654184,-0.04723479684377726,0.27676185,-0.20176255251994443,-0.0028445173129584118,1.28685146579486,0.0,-0.5,0.25865478515625,-0.018129199743270874,1.0024571418762207,14400,0.000266788578,-0.007984906435012817,0.9755569100379944,1.0132892102003097,0.032287426,0.2,-34.082268714904785
4001,219.57,459,0.0,2114,0.0,0.0,-118.44931391999998,0.7214324968859187,0.0,0.0,14.085337388708066,-0.37391560255643574,0.0,66.52579750000001,-0.10809405871316127,-0.011728697224920735,0.01,-9.519660435231011e-05,-0.14728085231609336,-0.045605288622361156,0.03705217191051404,0.5863271105,-0.01602695308974944,29.867305371077034,-0.3135797263084956,66459708,0.0,0.0,4.937034100294113e-05,-0.2481433147258786,-0.01688687893660161,-0.14601254670089683,-0.010557725694444313,-4.1910722780034786e-08,-0.5226616799755395,-0.08821025273557792,-0.0454592186919239,0.27683865,-0.19909546548848023,-0.002807125546609295,1.2814539460279748,0.0,-0.5,0.23157958984375,-0.2816193699836731,1.0030701160430908,14404,0.000266779362,-0.013786090991925449,0.9908465147018433,0.48522522300481796,0.02764802,0.2,-34.08798351287842
4001,228.51,460,0.0,2118,0.0,0.0,-119.05302464000002,0.7043121400459977,0.0,0.0,13.398897654906511,-0.3873308382358606,0.0,66.5373175,-0.10823447007974984,-0.011850350185921397,0.01,-0.00022036860569472563,-0.15119637835930222,-0.045806011402933305,0.0376213423805842,0.5863094465,-0.014572149309161533,29.158522597904305,-0.31088922862229673,66478140,0.0,0.0,2.7126506514226396e-05,-0.2505134660469686,-0.016958551283546678,-0.14712657892603367,-0.010959201388888735,-3.9624038917466116e-08,-0.5220325359215443,-0.08848941082043639,-0.04656942174763292,0.27691545,-0.20302482822556495,-0.002831126660882062,1.2870902521816265,0.0,-0.5,0.246240234375,-0.1908453404903412,1.002738356590271,14408,0.000266770146,-0.009317596582695842,0.9906038641929626,0.4993371650576591,0.02599131,0.2,-34.085890197753905
4001,213.24,461,0.0,2123,0.0,0.0,-117.78705974999998,0.7198692530265602,0.0,0.0,13.65501693110429,-0.376607594080544,0.0,66.54883749999999,-0.10807182685522347,-0.01171475712443023,0.01,-6.135996640150349e-05,-0.15370443162100805,-0.045799706901778224,0.0385826804452791,0.5862917825,-0.015412669353989057,29.80258707529959,-0.31864017679847234,66496572,0.0,0.0,6.781648456429441e-05,-0.25054268590352197,-0.017201087322906452,-0.14793758161363266,-0.010818142361110967,-4.074206962028513e-08,-0.5147656584091709,-0.08821371063533705,-0.04726569250852135,0.27699225,-0.20112490308944136,-0.0028355445924483917,1.2925925069553281,0.0,-0.5,0.250341796875,-0.3052116930484772,1.003007173538208,14412,0.00026676092999999997,-0.009452565829269588,0.9934924840927124,0.35148290917277336,0.029723644,0.2,-34.08743114471436
3998,211.65,462,0.0,2129,0.0,0.0,-118.43400418000002,0.7530033422813349,0.0,0.0,15.377690929205173,-0.384791437088652,0.0,66.5603575,-0.10801872009018681,-0.01163060051124238,0.01,-0.00010187626504130426,-0.15067268123090186,-0.0456122344888997,0.038082542618336546,0.5862741185,-0.014960197411710396,31.174338370447266,-0.32643483990060457,66515004,0.0,0.0,6.347628853594263e-05,-0.2534467795247604,-0.017047095569552285,-0.1476797976982448,-0.010774739583333193,-4.210884181727017e-08,-0.5104473920301419,-0.08682512628093567,-0.04757565766722941,0.27706905,-0.2027058932719164,-0.0028425752780093442,1.261014855145929,0.0,-0.5,0.30682373046875,0.15985700488090515,1.0027636289596558,14416,0.000266751714,-0.004891449399292469,0.9778685569763184,1.241821500658989,0.031086704,0.2,-34.08578720092773
3998,221.37,463,0.0,2134,0.0,0.0,-118.90105518999997,0.7068223459903751,0.0,0.0,13.712795492085377,-0.3841007009513831,0.0,66.5718775,-0.10824088270337534,-0.011344138658922297,0.01,-0.00013296227913477866,-0.1482239856588941,-0.04593931046968329,0.03829509543439771,0.5862564545,-0.014767733148700144,29.262445124001527,-0.31760807588900436,66533436,0.0,0.0,6.727400856713454e-05,-0.24992945337221079,-0.01711955049847303,-0.1476568532737101,-0.010655381944444308,-4.078891323011041e-08,-0.5099314919349315,-0.08914090693477784,-0.048876542471701416,0.27714585,-0.2050771317691387,-0.0028466664229525314,1.2746464865840597,0.0,-0.5,0.18880615234375,0.37221387028694153,1.0021153688430786,14420,0.000266742498,-0.009656206401996315,0.972663164138794,1.3527456521987915,0.01819541,0.2,-34.0791130065918
3998,230.28,464,0.0,2138,0.0,0.0,-119.04313110999999,0.7278258560384738,0.0,0.0,14.823947508412719,-0.3801519225166227,0.0,66.5833975,-0.10808685997600792,-0.011699938166906941,0.01,-4.8228086201595056e-05,-0.148630678311052,-0.045798763992279085,0.03775194140981613,0.5862387905,-0.016889445189412475,30.131990439992816,-0.3206924903899397,66551868,0.0,0.0,7.920969316425423e-05,-0.24743076583638615,-0.01710163020490502,-0.14761231751325224,-0.010264756944444325,-3.9654433582143465e-08,-0.5205946226044205,-0.08659961895913812,-0.045874179877124464,0.27722265,-0.20144342201002452,-0.0028334582590535218,1.2827488598084904,0.0,-0.5,0.2197998046875,-0.12691470980644226,1.0019898414611816,14424,0.00026673328199999997,-0.010950788226909935,0.9838288426399231,0.7419514000415802,0.02065548,0.2,-34.07702770233154
3999,231.72,465,0.0,2143,0.0,0.0,-119.50185073,0.7087314067260466,0.0,0.0,14.016921997120248,-0.37588310802177055,0.0,66.59491750000001,-0.10824667841220909,-0.011385229562314527,0.01,-8.469149114786617e-05,-0.14609277788062616,-0.045969489420272645,0.03669801157968688,0.5862211265,-0.016573419191344228,29.341480238458328,-0.31612622169454135,66570300,0.0,0.0,4.177495914821824e-05,-0.2497331689122594,-0.017168888214965386,-0.14826781104716824,-0.010731336805555415,-3.978016229206279e-08,-0.5166950828217795,-0.08906635056314083,-0.04435786995007916,0.27729945,-0.2025947618505621,-0.002844566814727805,1.2973083693713627,0.0,-0.5,0.23851318359375,-0.30412232875823975,1.0021132230758667,14428,0.000266724066,-0.015100539615377783,0.992998480796814,0.32837009727954863,0.027802309,0.2,-34.07871570587158
3999,234.29,466,0.0,2147,0.0,0.0,-119.90486361,0.7269031366228285,0.0,0.0,14.013757353369964,-0.3805184381284632,0.0,66.6064375,-0.10817185591859962,-0.011112020664448403,0.01,-2.4291705883059004e-05,-0.14436585251442705,-0.04526323380893498,0.03732671058938079,0.5862034625,-0.018553801456518058,30.093789856185097,-0.32717510590627835,66588732,0.0,0.0,3.906222991645336e-05,-0.24484817110965762,-0.017055059224853706,-0.14703834501333476,-0.010145399305555441,-3.930110638300911e-08,-0.5223758432138355,-0.08776878536876768,-0.045446089949114796,0.27737625,-0.19476364641158772,-0.002821387777289972,1.2746543431824178,0.0,-0.5,0.24708251953125,-0.0485861599445343,1.0025486946105957,14432,0.00026671485,-0.008675550029147416,0.9927480220794678,0.4028365984559059,0.027834272,0.2,-34.08036136627197
3999,234.86,467,0.0,2152,0.0,0.0,-119.76788683999999,0.7331846900700203,0.0,0.0,15.921612047436575,-0.38296876605718705,0.0,66.61795749999999,-0.10802518854006901,-0.011476287938567158,0.01,-4.6856325970073816e-05,-0.14491725587212023,-0.04628691195002499,0.0376315172329114,0.5861857985000001,-0.016346370544245776,30.35384616889884,-0.3322751230261005,66607164,0.0,0.0,4.6657728186498083e-05,-0.2517405559271635,-0.017292893535746413,-0.1493644550531194,-0.010731336805555415,-3.86252330812512e-08,-0.5192880345353648,-0.0883865575641765,-0.04511505402769872,0.27745305,-0.19970229194185282,-0.0028662959987011123,1.275366941704791,0.0,-0.5,0.23008219401041666,-0.036976128816604614,1.0015640258789062,14435,0.000266705634,-0.0032264545443467796,0.9879139065742493,0.7259679064154625,0.044280704,0.2,-34.072971979777016
3999,221.33,468,0.0,2156,0.0,0.0,-118.93533740999999,0.7425358012967185,0.0,0.0,15.334349103257054,-0.3789971900813847,0.0,66.62947750000001,-0.10780887609611446,-0.011107975390924372,0.01,-5.5712599837842125e-06,-0.13756376652533223,-0.045775672381670435,0.03693623230958962,0.5861681345,-0.016394248180505302,30.740982173684145,-0.3295617424867362,66625596,0.0,0.0,3.526453898909191e-05,-0.24755524333539006,-0.017164141780024844,-0.14806494010719373,-0.010666232638888749,-4.015469546024383e-08,-0.521223922418896,-0.0860387765848411,-0.04375807270196559,0.27752985,-0.19673649292484377,-0.0028395117616446335,1.2610045470580409,0.0,-0.5,0.2816162109375,0.0016707777976989746,1.0028094053268433,14439,0.000266696418,-0.011189701710827648,0.9867666363716125,0.723328846693039,0.03359322,0.2,-34.08561267852783
3999,224.52,469,0.0,2161,0.0,0.0,-118.79391197,0.7485944596040988,0.0,0.0,13.426525644504068,-0.38667651940545317,0.0,66.6409975,-0.1081868243210756,-0.011702848530371311,0.01,-2.5636847282831755e-05,-0.14706332731738747,-0.04577383267415141,0.03782704226814583,0.5861504705,-0.015187652345048264,30.991810627609688,-0.31985758316217106,66644028,0.0,0.0,3.309441187108556e-05,-0.2488867385947247,-0.017078991702987868,-0.14971169339462978,-0.010796440972222082,-4.106570721785171e-08,-0.5177378341375362,-0.08835893769575774,-0.044388394705107505,0.27760665,-0.20071911670882972,-0.0028193209260338383,1.2866260955484854,0.0,-0.5,0.26644287109375,-0.09883204102516174,1.0025018453598022,14443,0.000266687202,-0.0052818203112110496,0.9784450531005859,0.9882328271865845,0.027743125,0.2,-34.084863090515135
4000,231.38,470,0.0,2165,0.0,0.0,-120.34785472999998,0.7444099433485114,0.0,0.0,14.77025079187368,-0.3848765105453782,0.0,66.6525175,-0.1078031551362806,-0.011622038396470304,0.01,-3.116060500839678e-05,-0.1445548291987479,-0.04630944663425345,0.03724551541846535,0.5861328065,-0.018011270251008682,30.81857165462837,-0.30989997766471045,66662460,0.0,0.0,3.7434646704544626e-05,-0.25230499521512895,-0.017176806307225224,-0.14948351576017307,-0.010340711805555436,-3.801437518307732e-08,-0.5186069566839763,-0.08820238970963411,-0.04387049159413467,0.27768345,-0.20128651163338565,-0.002831145851755807,1.266422829222192,0.0,-0.5,0.2447998046875,0.16292008757591248,1.002359390258789,14447,0.000266677986,-0.008389931952115149,0.9712452292442322,1.5793524622917174,0.03341619,0.2,-34.079969787597655
4000,230.38,471,0.0,2170,0.0,0.0,-119.29622805,0.871284725515338,0.0,0.0,22.9539731544608,-0.3849366765054548,0.0,66.6640375,-0.10794335350083134,-0.011617383615668324,0.01,-2.216191255677493e-05,-0.14183690664684015,-0.04558892704452919,0.036862300066346415,0.5861151425,-0.016167197764540713,36.07118763633499,-0.32441816978401106,66680892,0.0,0.0,2.9296701541170478e-05,-0.2502422849247621,-0.017285789794102908,-0.15012727638453272,-0.011208767361110946,-4.033117504259532e-08,-0.5225509842154552,-0.08742566268083256,-0.04267875039411289,0.27776025,-0.19863011397724073,-0.0028513830571046494,1.276227826146248,0.0,-0.5,0.227197265625,0.29056674242019653,1.0019659996032715,14451,0.00026666877,-0.011462972010485828,0.9658164381980896,1.615504875779152,0.02710399,0.2,-34.077639961242674
4000,219.26,472,0.0,2174,0.0,0.0,-119.10848214000002,0.7522994302874466,0.0,0.0,15.39642040666629,-0.38506775701737506,0.0,66.6755575,-0.10797632593155257,-0.01189207061413354,0.01,-8.53791215239292e-06,-0.1417962907052019,-0.04594303224601656,0.037028823221998367,0.5860974785,-0.017989025053490575,31.14519641390029,-0.32665161193795644,66699324,0.0,0.0,6.022107360574106e-05,-0.24897124001812726,-0.017254417189489377,-0.15039637155859323,-0.010405815972222099,-3.950153104903031e-08,-0.5210979280054208,-0.08521637915748327,-0.04369099590202243,0.27783705,-0.2007469928084344,-0.002825937683566152,1.2649127470879482,0.0,-0.5,0.2002197265625,-0.21197295188903809,1.002196192741394,14455,0.000266659554,-0.015577591711189599,0.9914981722831726,0.40523614883422854,0.023872515,0.2,-34.07808971405029
4000,224.32,473,0.0,2179,0.0,0.0,-118.90368409000001,0.8518922330583474,0.0,0.0,21.005810796500626,-0.3841162737441226,0.0,66.6870775,-0.10810562495019434,-0.011808290174293561,0.01,-2.3835641133277414e-05,-0.1435750645933915,-0.04600471990890622,0.0374607605593553,0.5860798145,-0.01565192662302353,35.26833844861558,-0.3261754649982565,66717756,0.0,0.0,4.3945047461117305e-05,-0.24577405208419278,-0.017293972586701668,-0.1512923767004604,-0.010514322916666534,-3.998436454524681e-08,-0.5234201354154195,-0.08553383326795776,-0.04464430982905311,0.27791385,-0.1993962592764923,-0.0028276098352064,1.2719773627199202,0.0,-0.5,0.27000732421875,0.43338117003440857,1.0022239685058594,14459,0.000266650338,-0.010920044709928333,0.9752452373504639,1.2724510341882707,0.029320363,0.2,-34.07900733947754
4000,214.92,474,0.0,2183,0.0,0.0,-118.41768163000002,0.7452919093273269,0.0,0.0,14.18344400596602,-0.3806940340575947,0.0,66.6985975,-0.1079936156254728,-0.01151101886206928,0.01,-8.543043353010444e-06,-0.13713551027496818,-0.045314744276086096,0.03632414178874293,0.5860621505,-0.01990376118919812,30.855085046151334,-0.3171694251492888,66736188,0.0,0.0,5.4253177950158715e-05,-0.24597321683878523,-0.017176655317148248,-0.1506600310606133,-0.009906684027777678,-3.920906425451144e-08,-0.5251513969243448,-0.08709973171279878,-0.04312076651243216,0.27799065,-0.19851859790271986,-0.0027999360325104143,1.2732867413642874,0.0,-0.5,0.25283203125,-0.17411303520202637,1.0034492015838623,14463,0.000266641122,-0.01372867387253791,0.9927311539649963,0.38991361409425734,0.030596232,0.2,-34.09248294830322
4001,208.24,475,0.0,2188,0.0,0.0,-117.45701242,0.7448376655786844,0.0,0.0,13.776425220438691,-0.38707520320009203,0.0,66.7101175,-0.10800202523736638,-0.012059570769819884,0.01,-4.8310108463133226e-05,-0.1466225075521136,-0.04612952071273118,0.037598841672203384,0.5860444865000001,-0.016366578806709085,30.836279354957533,-0.32237557267609634,66754620,0.0,0.0,5.7508402581637107e-05,-0.2536414380522795,-0.017524374093532028,-0.15090281707927283,-0.010774739583333188,-3.8928995620099175e-08,-0.5114791130837272,-0.08576071104171996,-0.044943432293645856,0.27806745,-0.20354347652447943,-0.002895541250700834,1.2856325027644417,0.0,-0.5,0.24918212890625,-0.296878457069397,1.0028986930847168,14467,0.000266631906,-0.013303167559206486,0.9899399280548096,0.5190143138170242,0.027462762,0.2,-34.08872985839844
4001,220.58,476,0.0,2192,0.0,0.0,-118.61908293,0.723372240679955,0.0,0.0,14.72658020599227,-0.3814886031959517,0.0,66.7216375,-0.108001159985188,-0.011726573952579514,0.01,-3.2246665370033094e-05,-0.14658260423482755,-0.04600308000552843,0.036727825456412455,0.5860268225,-0.01609761849977076,29.947610764150134,-0.3261419403211786,66773052,0.0,0.0,5.4253197352712355e-05,-0.25204493251936966,-0.01741002443531355,-0.15044158720758055,-0.010503472222222091,-3.9370255999551235e-08,-0.5183054147281341,-0.08660545949503323,-0.04602421254187591,0.27814425,-0.19844255071347153,-0.00285900141107698,1.2679148719373436,0.0,-0.5,0.28673095703125,-0.03037390112876892,1.0028889179229736,14471,0.00026662269,-0.008546957280486822,0.983608603477478,0.8851205736398697,0.036886882,0.2,-34.08669662475586
4001,208.75,477,0.0,2197,0.0,0.0,-118.12037209,0.7666725762250786,0.0,0.0,15.448395424635594,-0.37821504378923626,0.0,66.7331575,-0.10793549344451508,-0.011579372061526637,0.01,-8.326158649143159e-05,-0.14094679119116776,-0.0454891706366798,0.036862074714614695,0.5860091585,-0.018229773738615524,31.74024465571825,-0.32369911840811916,66791484,0.0,0.0,5.913605370248357e-05,-0.24542087417888186,-0.017052628143998563,-0.15008746320588132,-0.010373263888888767,-3.770752662040359e-08,-0.5255416374034635,-0.0855846671518284,-0.04447870881147452,0.27822105,-0.20004690598786584,-0.0027910160895579855,1.2679364209585422,0.0,-0.5,0.2199462890625,-0.019543319940567017,1.0026429891586304,14475,0.00026661347399999997,-0.01295578492572531,0.9890868663787842,0.5906510859727859,0.026777785,0.2,-34.08349742889404
4001,228.94,478,0.0,2201,0.0,0.0,-118.96118469999998,0.7296584624839577,0.0,0.0,14.017263556738623,-0.38251655072258983,0.0,66.7446775,-0.10809868490730933,-0.01152598727570933,0.01,-1.6728609788147053e-05,-0.14742681117273218,-0.04592068313459081,0.038445632700505133,0.5859914945,-0.01512526204816014,30.207860346835847,-0.31686310546741425,66809916,0.0,0.0,5.588076116206745e-05,-0.24752054356907235,-0.01717561501578045,-0.1484991620267587,-0.010731336805555415,-3.855850289761851e-08,-0.5092903992940883,-0.08636131142594777,-0.04452538345925202,0.27829785,-0.19716810145060368,-0.002844404639077616,1.29074729322744,0.0,-0.5,0.25401611328125,0.22838276624679565,1.0026618242263794,14479,0.000266604258,-0.009954302164260298,0.9850713014602661,0.8090476021170616,0.027088737,0.2,-34.085470581054686
4001,224.11,479,0.0,2206,0.0,0.0,-119.70843246999999,0.7334887151470169,0.0,0.0,13.288004554905603,-0.3852555553600216,0.0,66.7561975,-0.1078676172771559,-0.011434819741339154,0.01,-2.4934225725895297e-05,-0.14162461241199492,-0.04632708814644189,0.037568960534016774,0.5859738305,-0.015900001958167802,30.366432807086497,-0.33981134817665004,66828348,0.0,0.0,5.750841228291392e-05,-0.25036743067842715,-0.0174841881945646,-0.15195014803689166,-0.010590277777777643,-4.015786068993554e-08,-0.5161619539621272,-0.08613079123494034,-0.04612776718728632,0.27837465,-0.19531068840278676,-0.0028591640694096763,1.24977686433564,0.0,-0.5,0.21439208984375,-0.0660879909992218,1.0030711889266968,14483,0.000266595042,-0.011403085361234844,0.992567241191864,0.4343246132135391,0.025201783,0.2,-34.08652133941651
4001,220.11,480,0.0,2210,0.0,0.0,-118.39514392000001,0.7297551218501526,0.0,0.0,14.98690165561058,-0.3790969254944089,0.0,66.7677175,-0.10782273054301789,-0.012109823312801403,0.01,-4.1045487853177734e-05,-0.14978734347714623,-0.04636218436202437,0.03800049379361629,0.5859561665,-0.013439611087152217,30.211862044596316,-0.31377084471575056,66846780,0.0,0.0,9.65708071210732e-05,-0.24924421101615135,-0.017300149815279213,-0.15039916143068885,-0.010210503472222106,-3.968758772193622e-08,-0.5092890695069126,-0.08637687847766527,-0.04529245786551855,0.27845145,-0.20666669119279305,-0.0028410152369425365,1.2801070743764962,0.0,-0.5,0.27845458984375,0.6097136735916138,1.0026397705078125,14487,0.000266585826,-0.009768409212119878,0.9633219242095947,1.842676478624344,0.025606472,0.2,-34.08711833953858
4002,230.53,481,0.0,2215,0.0,0.0,-119.24040614000002,0.8579575966303421,0.0,0.0,21.980401596858805,-0.3849183083397989,0.0,66.7792375,-0.10806489389344481,-0.012272567688746468,0.01,-2.3578152790515344e-05,-0.1483442208419985,-0.04667294651701191,0.03776350354505244,0.5859385025,-0.013578228988788195,35.519444500496164,-0.3308083130742398,66865212,0.0,0.0,7.378440932370722e-05,-0.25664556359449503,-0.017582316241907217,-0.1510573940580798,-0.010579427083333199,-4.122741543436196e-08,-0.5045596839854803,-0.08916226996891286,-0.04483123789931224,0.27852825,-0.2069357336084696,-0.002898951778149044,1.2864719457869973,0.0,-0.5,0.1880859375,-0.20999732613563538,1.00225830078125,14491,0.00026657661,-0.012156416673678904,0.98209547996521,0.8523671731352807,0.023340492,0.2,-34.08071918487549
4002,223.03,482,0.0,2219,0.0,0.0,-118.63176089000001,0.860272576928208,0.0,0.0,21.986542170486704,-0.3823919582242927,0.0,66.79075750000001,-0.10799003687960329,-0.01220619383111563,0.01,-2.7980518601716546e-05,-0.14819198658093924,-0.04623617534054304,0.03848978209981189,0.5859208385,-0.013474198236104308,35.61528468482781,-0.3232525888148116,66883644,0.0,0.0,8.137979117843012e-05,-0.25567216105665935,-0.017483883525386365,-0.1497155164924572,-0.010492621527777652,-4.054857107290213e-08,-0.5072416917153004,-0.08915668558166706,-0.04595879967054733,0.27860505,-0.20609345606975538,-0.0029026513567757314,1.284547314377629,0.0,-0.5,0.261376953125,0.05752551555633545,1.0024890899658203,14495,0.000266567394,-0.012685109465382993,0.9848465919494629,0.7133010178804398,0.029281098,0.2,-34.08147830963135
4002,212.36,483,0.0,2224,0.0,0.0,-117.77174037,0.8059681551985125,0.0,0.0,18.91959646749326,-0.3789608046020168,0.0,66.8022775,-0.10809914237170902,-0.011847089305516777,0.01,-4.2710049969799866e-05,-0.14492291213280584,-0.04602356360088853,0.03780804183467892,0.5859031745000001,-0.016081070609895203,33.36708162521842,-0.3170907453112796,66902076,0.0,0.0,7.975224677162866e-05,-0.25245165371570455,-0.01734707942797745,-0.14817564588548746,-0.010351562499999878,-4.0282419555015626e-08,-0.5141685150698467,-0.0899785487249109,-0.04480342631791266,0.27868185,-0.20503821641094172,-0.0028616574449013255,1.2919404498760427,0.0,-0.5,0.219091796875,-0.14661172032356262,1.0025207996368408,14499,0.000266558178,-0.01184491312596947,0.9868292212486267,0.6590219259262085,0.025220979,0.2,-34.08352222442627
4002,229.39,484,0.0,2228,0.0,0.0,-119.35616784000001,0.7331965256492152,0.0,0.0,15.315571391711957,-0.37753397068956773,0.0,66.81379749999999,-0.10821920061308919,-0.011950787701888328,0.01,-5.080375532378459e-05,-0.14849912060134382,-0.04560976627860617,0.03877672271394553,0.5858855105,-0.015789729695016932,30.35433616187751,-0.3115324497296289,66920508,0.0,0.0,8.029472276878853e-05,-0.2527681614633661,-0.017206634761249034,-0.14814931151874677,-0.01015624999999989,-3.960637155570299e-08,-0.5101179539260655,-0.08936893034636322,-0.04621203758711289,0.27875865,-0.20158836693759175,-0.0028463349146578333,1.2793287656232468,0.0,-0.5,0.27613525390625,0.22986313700675964,1.0023664236068726,14503,0.000266548962,-0.010603871091734617,0.980682373046875,1.0372028440237044,0.031495314,0.2,-34.080397605895996
4002,215.4,485,0.0,2233,0.0,0.0,-117.76907436000002,0.7493378858191977,0.0,0.0,15.424828758038423,-0.3807503008040205,0.0,66.8253175,-0.10806800031542732,-0.01225060426717927,0.01,-5.585270640427804e-05,-0.15316929758402595,-0.04590875660789476,0.03727226248550832,0.5858678465,-0.014256936932926893,31.022588472914784,-0.3209434908652018,66938940,0.0,0.0,7.32418557163328e-05,-0.25308514774356433,-0.017344918677520704,-0.1511767228850434,-0.010644531249999863,-4.2394669402149664e-08,-0.5135840921190512,-0.08985359435101631,-0.04620004954919935,0.27883545,-0.20673145070935495,-0.0028478046102180864,1.2986388488621108,0.0,-0.5,0.22445068359375,0.018305450677871704,1.0022250413894653,14507,0.000266539746,-0.009302733850199729,0.9861641526222229,0.6524094559252263,0.023209138,0.2,-34.07968864440918
4003,227.4,486,0.0,2237,0.0,0.0,-118.73267509000001,0.7686012692557256,0.0,0.0,16.967463859006624,-0.38068149216726943,0.0,66.8368375,-0.10809438822801569,-0.012543437617545618,0.01,-3.934655580740843e-05,-0.1524801603828969,-0.045774729611395636,0.036978910491536766,0.5858501825,-0.014646477429778315,31.820092547187038,-0.3322108917328508,66957372,0.0,0.0,7.70395272411406e-05,-0.25916814860885296,-0.017525492894287852,-0.15038828540535454,-0.010232204861110998,-4.194656358307917e-08,-0.512411502932985,-0.09023395198042766,-0.04661087372057862,0.27891225,-0.21028426267167774,-0.0029090280213689155,1.291377051421239,0.0,-0.5,0.194580078125,-0.04712146520614624,1.002092957496643,14511,0.00026653053,-0.008787573967128991,0.9843137860298157,0.6693491548299789,0.02506018,0.2,-34.07714290618897
4003,213.94,487,0.0,2242,0.0,0.0,-117.85258747999998,0.7441878596503753,0.0,0.0,13.898210465912264,-0.38261457233100726,0.0,66.8483575,-0.10795100324432277,-0.011781915243356374,0.01,-3.4007030514231124e-05,-0.14632187231582805,-0.045810397255210106,0.037014981896204655,0.5858325185,-0.015193758215496523,30.809377389525533,-0.3143702975679463,66975804,0.0,0.0,8.68052108368526e-05,-0.2576398681717685,-0.01755380372805214,-0.14997078286964885,-0.010568576388888756,-4.1062458331560255e-08,-0.515644432005113,-0.0905002738385089,-0.04649531774268255,0.27898905,-0.2069749282342367,-0.002902815426584406,1.2684940663226492,0.0,-0.5,0.2796142578125,-0.2380431592464447,1.0031774044036865,14515,0.000266521314,-0.010861385776661337,0.9872015118598938,0.6644830897450447,0.031218644,0.2,-34.087764739990234
4003,218.65,488,0.0,2246,0.0,0.0,-118.61754361000001,0.8286977972594447,0.0,0.0,19.46880164217342,-0.3928284518211417,0.0,66.85987750000001,-0.10818217085445042,-0.011926332113316833,0.01,-9.150251582145687e-05,-0.14824127907239715,-0.04651412913872525,0.03891659075925993,0.5858148545,-0.016384754567601096,34.30808880654101,-0.324071018971615,66994236,0.0,0.0,9.060294056932132e-05,-0.25884878995778915,-0.01753371115049706,-0.1510153373330917,-0.01032986111111099,-3.896003748147322e-08,-0.5188868397640186,-0.09175125214160092,-0.04787267980017427,0.27906585,-0.21208186380354258,-0.002907326353915131,1.2896898350069992,0.0,-0.5,0.248681640625,0.2839091122150421,1.0021498203277588,14519,0.000266512098,-0.006931981735397131,0.9763827323913574,1.184194388985634,0.021345338,0.2,-34.08265361785889
3999,227.42,489,0.0,2253,0.0,0.0,-119.29029142000003,0.7339232878752315,0.0,0.0,14.716945777536882,-0.3748557371119994,0.0,66.8713975,-0.10802498825907843,-0.012076106529145371,0.01,-6.241117124108697e-05,-0.15039905972072173,-0.04576156780214086,0.03701406016491997,0.5857971905,-0.016708645736798644,30.384424118034584,-0.3165055346918693,67012668,0.0,0.0,6.022100569680333e-05,-0.25432365732371,-0.017162849552986068,-0.15003003761847292,-0.010091145833333225,-4.101115278108101e-08,-0.5207162687523511,-0.08964507678556291,-0.04481055879385763,0.27914265,-0.20308945604391984,-0.0028192641092648963,1.279533413907484,0.0,-0.5,0.23262939453125,0.036191314458847046,1.0023086071014404,14523,0.000266502882,-0.015846285538282247,0.9866135120391846,0.6411561354994774,0.02762254,0.2,-34.078182220458984
3999,222.02,490,0.0,2258,0.0,0.0,-118.68312524999999,0.8650791820468713,0.0,0.0,22.786123038025508,-0.37609990339894256,0.0,66.88291749999999,-0.10809838209775488,-0.011874080060923761,0.01,-5.423383316052007e-05,-0.15483466180558333,-0.04568731807583923,0.039117630092562854,0.5857795265,-0.016558500375443447,35.81427813674047,-0.3208860248225455,67031100,0.0,0.0,9.494319480533402e-05,-0.25477820952123736,-0.01736697400609661,-0.15068170439423534,-0.01000434027777768,-4.044642747516348e-08,-0.5084765909888962,-0.08962664334783679,-0.046471571425543666,0.27921945,-0.2022259090773504,-0.00284438637790868,1.2781189986939447,0.0,-0.5,0.2600830078125,-0.02774357795715332,1.0032994747161865,14527,0.00026649366599999997,-0.006504366861190647,0.9853715896606445,0.8352352619171143,0.02858479,0.2,-34.09010677337646
4000,230.64,491,0.0,2262,0.0,0.0,-119.03796802,0.7674545453743602,0.0,0.0,16.505990713795505,-0.3820604929148316,0.0,66.89443750000001,-0.10812949028537859,-0.012472777602034144,0.01,-7.061809409082504e-05,-0.15444395802139052,-0.04599751311754068,0.038414374869606846,0.5857618625000001,-0.014703984207396084,31.77261817849851,-0.3214875931721858,67049532,0.0,0.0,7.541200223689278e-05,-0.25633004094964607,-0.017420551022675618,-0.14913390596771914,-0.010611979166666534,-4.297146625088584e-08,-0.5125498702611152,-0.09026333379282014,-0.045863020542379555,0.27929625,-0.2006418785556533,-0.0028729409060074384,1.286335988092187,0.0,-0.5,0.28104248046875,0.11952826380729675,1.0030887126922607,14531,0.00026648445,-0.008114910637959837,0.9843811392784119,0.8143635541200638,0.03124426,0.2,-34.08830032348633
4000,229.53,492,0.0,2267,0.0,0.0,-119.04003730000001,0.7351557333088874,0.0,0.0,13.68811461883531,-0.3815956925853611,0.0,66.9059575,-0.10809822030481599,-0.012098944110692919,0.01,-3.356319928976366e-05,-0.15136988046018934,-0.0449928632338936,0.0390920734028493,0.5857441985,-0.01519904672426896,30.435447358987936,-0.3162301073867896,67067964,0.0,0.0,6.130612261282901e-05,-0.2534328830679046,-0.017338903685782683,-0.1498416428001186,-0.010416666666666541,-3.8735494824956484e-08,-0.5059759755730958,-0.08704944415963052,-0.04539601309882198,0.27937305,-0.2060049875036036,-0.002868085005279308,1.2859660805020006,0.0,-0.5,0.2547607421875,-0.12403301894664764,1.0028290748596191,14535,0.000266475234,-0.013386324548628181,0.9905822277069092,0.47756477519869805,0.03254106,0.2,-34.08610095977783
4000,230.24,493,0.0,2271,0.0,0.0,-119.78270011000002,0.7366522884105657,0.0,0.0,14.300567411420769,-0.38312604983760357,0.0,66.91747749999999,-0.10803014400679292,-0.012016616783971649,0.01,-1.2165824310071833e-05,-0.14691861343410248,-0.04631626836317898,0.036392687375622366,0.5857265345,-0.015105054408195429,30.49740474019742,-0.31402586814668276,67086396,0.0,0.0,6.944412598386407e-05,-0.25846677281568264,-0.017369403861423424,-0.15005987155150569,-0.010514322916666537,-3.889095522397504e-08,-0.5167707359420962,-0.0884114556864329,-0.044285765380596975,0.27944985,-0.20097937581636002,-0.0028612529291740644,1.2634871872088937,0.0,-0.5,0.27708740234375,-0.2988511919975281,1.0030865669250488,14539,0.000266466018,-0.012395437294617295,0.9941495656967163,0.3177384190261364,0.031365912,0.2,-34.08866596221924
4000,214.24,494,0.0,2275,0.0,0.0,-118.55468766,0.7436974457974144,0.0,0.0,14.999973858605376,-0.3845677963100912,0.0,66.92899750000001,-0.10779514695255993,-0.01183790047664983,0.01,-1.537605858031279e-05,-0.1454395575195678,-0.046228351515225245,0.036909073968260736,0.5857088705,-0.014334927343750477,30.789074256012952,-0.326542777142984,67104828,0.0,0.0,7.215681641052167e-05,-0.25831561940833575,-0.017744231560207054,-0.15136212663412396,-0.010503472222222096,-4.1377831079531276e-08,-0.5068973032619735,-0.08591042389120997,-0.04516062960789569,0.27952665,-0.19868498033155604,-0.0029364877552321565,1.265132082825916,0.0,-0.5,0.27220458984375,-0.1449826955795288,1.0028586387634277,14543,0.000266456802,-0.009740129602141679,0.979529082775116,0.9879026025533676,0.0280778,0.2,-34.08624820709228
4000,220.14,495,0.0,2280,0.0,0.0,-118.98410810999998,0.7551288617686327,0.0,0.0,14.11490217716522,-0.3866123501346619,0.0,66.9405175,-0.10798774693898916,-0.01161264226462249,0.01,-5.5657066249168185e-05,-0.1456054350650256,-0.04567838132536278,0.037831426146790685,0.5856912065000001,-0.014543259692598239,31.26233487722139,-0.3218485045419945,67123260,0.0,0.0,4.774281599869331e-05,-0.25503370918340557,-0.017531510477672832,-0.14974078623264772,-0.010492621527777647,-3.955170099613859e-08,-0.5102226918908072,-0.08813439555939852,-0.04616398166858123,0.27960345,-0.2003000489720197,-0.0028997084063781733,1.278173605825967,0.0,-0.5,0.238330078125,0.38674473762512207,1.0022982358932495,14547,0.000266447586,-0.011647398176137358,0.9698474407196045,1.5192897617816925,0.023802878,0.2,-34.082145309448244
4001,221.26,496,0.0,2284,0.0,0.0,-118.09646269000002,0.738188606722477,0.0,0.0,14.811071082090557,-0.3793250953264552,0.0,66.9520375,-0.10815471486477025,-0.01248625830203397,0.01,-1.0561340011446218e-05,-0.15218243413355878,-0.04563926987063601,0.03867621197608931,0.5856735425,-0.013259625833597966,30.561008318310545,-0.3176234963922911,67141692,0.0,0.0,7.975227587545912e-05,-0.25508297000326896,-0.017504164051349653,-0.14820315289850053,-0.01087239583333318,-4.043038177302161e-08,-0.5088848710384969,-0.08989825488135411,-0.045679814777988215,0.27968025,-0.20653757031187306,-0.0029326856680050497,1.2958325352895794,0.0,-0.5,0.219580078125,0.3937216103076935,1.0020767450332642,14551,0.00026643837,-0.011609159561339765,0.9777488112449646,1.1732459500432015,0.023354588,0.2,-34.078073501586914
4001,221.82,497,0.0,2289,0.0,0.0,-118.97800151999998,0.7544149291876845,0.0,0.0,14.300137036413794,-0.39201461554896283,0.0,66.96355750000001,-0.10808389953982933,-0.011777662910023702,0.01,-5.7337256272859084e-05,-0.1507138714978209,-0.046148121782274724,0.03735258783219261,0.5856558785,-0.01316983817216371,31.232778068370138,-0.3349058678416838,67160124,0.0,0.0,6.944406777620316e-05,-0.2611977772607628,-0.01788063436970712,-0.15406699066089857,-0.010872395833333185,-4.2992083757516066e-08,-0.5063878969204212,-0.08873133731340804,-0.0459818140839264,0.27975705,-0.20450275404205,-0.002937382737694506,1.264197402069283,0.0,-0.5,0.2318359375,-0.23634539544582367,1.0022563934326172,14555,0.000266429154,-0.01129361572675407,0.9847874045372009,0.7873151212930679,0.027140712,0.2,-34.07894592285156
4000,223.52,498,0.0,2294,0.0,0.0,-118.43371475,0.731072451735542,0.0,0.0,14.305184627929496,-0.38105836889641354,0.0,66.9750775,-0.10825525340351076,-0.012067673799164088,0.01,-1.3711917062348957e-05,-0.1467058735585738,-0.04507460090108563,0.03672894971136976,0.5856382145,-0.013449512454422398,30.26639950185144,-0.3153910865730534,67178556,0.0,0.0,9.00603966632237e-05,-0.2575006509640418,-0.017399507837923087,-0.14817889257377062,-0.010503472222222095,-3.93825858557889e-08,-0.5189940858277896,-0.0900267931640457,-0.04425063458747582,0.27983385,-0.2075387331350897,-0.002909647837057398,1.2810115617146223,0.0,-0.5,0.25443115234375,0.17634597420692444,1.0019351243972778,14559,0.000266419938,-0.011049764603376389,0.9648511409759521,1.8410040080547332,0.02751789,0.2,-34.077792167663574
4000,209.03,499,0.0,2298,0.0,0.0,-117.47269179000001,0.7525916787324323,0.0,0.0,14.488439520974048,-0.3782832112402455,0.0,66.98659749999999,-0.10807558935910953,-0.011744501823026422,0.01,-2.8695269880108782e-05,-0.1443926302353232,-0.04546965241979201,0.037549926837274726,0.5856205505000001,-0.012661076626197124,31.157295499522697,-0.3229590350966778,67196988,0.0,0.0,5.588078056462109e-05,-0.25941469127495176,-0.017541857045639164,-0.15109749023919944,-0.010503472222222096,-3.9576635653150756e-08,-0.5081005281766672,-0.09008462352407508,-0.043712385874637896,0.27991065,-0.2037268447248885,-0.002900672520965932,1.2793329671800648,0.0,-0.5,0.20286865234375,-0.22214987874031067,1.0015830993652344,14563,0.000266410722,-0.015027071489021182,0.9848038554191589,0.6585586369037628,0.021259695,0.2,-34.07247428894043
4000,219.78,500,0.0,2303,0.0,0.0,-118.20648158000002,0.7354255425880167,0.0,0.0,15.311644239058356,-0.3765463019120179,0.0,66.9981175,-0.10822917184248514,-0.0120627383513614,0.01,-5.617378126915118e-05,-0.14731522086015703,-0.04592594186535862,0.036537089305164666,0.5856028865,-0.013924771596470641,30.44661746314389,-0.3324264757662111,67215420,0.0,0.0,7.052919439350565e-05,-0.2643408263871027,-0.01775022199763751,-0.1492684052708945,-0.010427517361110986,-3.9680237776010315e-08,-0.5073338974889203,-0.09063484203558567,-0.04492675715721086,0.27998745,-0.20744414043030074,-0.002973337114801441,1.3035553309892975,0.0,-0.5,0.23011474609375,0.10887143015861511,1.0018812417984009,14567,0.000266401506,-0.010724154370836913,0.9810054898262024,0.9585094183683396,0.024442151,0.2,-34.07429237365723
4001,222.47,501,0.0,2307,0.0,0.0,-118.73975214000001,0.8109353819570424,0.0,0.0,17.474782320276855,-0.3853697173429032,0.0,67.0096375,-0.10819583765761454,-0.011799264963874843,0.01,-5.019044514443741e-05,-0.14624550781355206,-0.045850745237212484,0.037729318554855965,0.5855852225,-0.013188011921657663,33.57272481302155,-0.31883089091799727,67233852,0.0,0.0,6.40188615458707e-05,-0.2659301849409251,-0.017934812574325908,-0.15200495275879905,-0.010611979166666535,-4.3223791845735154e-08,-0.5106466972213992,-0.09050594096294472,-0.045898840810395705,0.28006425,-0.2028535698353031,-0.002998788447745422,1.2706554157630188,0.0,-0.5,0.20086669921875,0.20561379194259644,1.0020053386688232,14571,0.00026639229,-0.010312687559053301,0.9842615127563477,0.8766997575759887,0.020942613,0.2,-34.075886726379395
4001,218.44,502,0.0,2312,0.0,0.0,-118.25719249999999,0.7264282186223712,0.0,0.0,14.129288648515999,-0.38409803032466283,0.0,67.0211575,-0.10835407275482468,-0.011547945311637223,0.01,-3.88996182095358e-05,-0.14530734302385617,-0.04579446417719327,0.03780903441642514,0.5855675585,-0.013902665164399272,30.074128250966165,-0.3291549944111237,67252284,0.0,0.0,4.5030106169482074e-05,-0.26149512516810514,-0.01772571538721602,-0.15246359849542893,-0.01046006944444432,-4.0441483363521676e-08,-0.5096563818922966,-0.08921843500075904,-0.047739385088813424,0.28014105,-0.20148868522200503,-0.0029492029385000595,1.2664819089033583,0.0,-0.5,0.226513671875,0.1016983687877655,1.0020630359649658,14575,0.000266383074,-0.011171315575484186,0.9823522567749023,0.8557804256677628,0.02503271,0.2,-34.078603744506836
4001,220.64,503,0.0,2316,0.0,0.0,-118.41747676000001,0.7451425290120444,0.0,0.0,14.246721544940083,-0.37717975959373884,0.0,67.0326775,-0.1081987979591564,-0.012480074261248484,0.01,-4.5638501167359165e-05,-0.14917527954184717,-0.04543312582414408,0.038154331793169294,0.5855498945000001,-0.015234990236220054,30.848900701098636,-0.3263800328269506,67270716,0.0,0.0,6.184867622020344e-05,-0.26262136170983336,-0.01764892666506789,-0.15190197497636762,-0.010492621527777652,-3.9587250680027394e-08,-0.5048526657773761,-0.09241539312401079,-0.04545075066951209,0.28021785,-0.20886659501127508,-0.0029369483273751222,1.3014680000941186,0.0,-0.5,0.22991943359375,0.12726351618766785,1.0022013187408447,14579,0.00026637385799999997,-0.010279568110127002,0.9815784692764282,1.0047139719128608,0.022242166,0.2,-34.07842388153076
4001,225.59,504,0.0,2321,0.0,0.0,-118.63185208000003,0.7650350382524878,0.0,0.0,15.390049747144912,-0.3790602272876208,0.0,67.0441975,-0.10828320015212635,-0.011807959290937529,0.01,-7.281738394221304e-05,-0.14368068649737675,-0.04623231815853073,0.03652754794805956,0.5855322305,-0.012150146274103059,31.672450583652992,-0.32442916776961594,67289148,0.0,0.0,6.781655247323215e-05,-0.26438329215990586,-0.017961154757405208,-0.15376647302632238,-0.010579427083333204,-4.1405121981767535e-08,-0.4974422168274885,-0.09024868592195175,-0.04581868010780339,0.28029465,-0.20706054771049598,-0.002976309971348295,1.2868882749398072,0.0,-0.5,0.201513671875,-0.07794782519340515,1.0021710395812988,14583,0.000266364642,-0.01277258361224085,0.980234682559967,0.8361117646098137,0.02178287,0.2,-34.07899780273438
4001,232.51,505,0.0,2325,0.0,0.0,-119.58974670999999,0.7849694821962363,0.0,0.0,16.777893959484324,-0.38002536000385223,0.0,67.0557175,-0.10803331831939507,-0.012518881411368404,0.01,-2.7268517713649532e-05,-0.15100828751289977,-0.04588463263069013,0.038200070590316444,0.5855145665,-0.012844046107299315,32.49773656292418,-0.3260305688561561,67307580,0.0,0.0,7.324189452144007e-05,-0.2701535883835223,-0.01792704179342623,-0.15243541548393066,-0.010655381944444306,-4.169158640916478e-08,-0.5010889965897426,-0.09118825752356499,-0.04724333272821804,0.28037145,-0.21021888244463197,-0.0029795761808241584,1.2726940341174895,0.0,-0.5,0.23311767578125,0.009364128112792969,1.0019181966781616,14587,0.000266355426,-0.014802874985616655,0.9891022443771362,0.5687316790223121,0.025648717,0.2,-34.07672519683838
4002,226.84,506,0.0,2330,0.0,0.0,-119.15590527,0.7415727671530272,0.0,0.0,14.060073999687557,-0.38175355929529564,0.0,67.0672375,-0.10831947462673809,-0.012365112089523735,0.01,-4.572931682569541e-05,-0.14958713554918154,-0.0461097152190508,0.03677858907333799,0.5854969025,-0.011926622409696898,30.701112560135325,-0.33153013558314165,67326012,0.0,0.0,6.83590672754993e-05,-0.26634242941326947,-0.017833298459855564,-0.15419741330060513,-0.011024305555555397,-4.110104274511764e-08,-0.5034884443289267,-0.09223251964824869,-0.046452066565613945,0.28044825,-0.2104748021287517,-0.002961642791974016,1.2854981634424396,0.0,-0.5,0.25013427734375,0.3517385721206665,1.0025238990783691,14591,0.00026634621,-0.013212513993494213,0.983226478099823,0.8492533579468727,0.030634696,0.2,-34.08119068145752
4002,236.29,507,0.0,2334,0.0,0.0,-120.16949628999998,0.7279228445146182,0.0,0.0,14.245221688983968,-0.3710746134931444,0.0,67.0787575,-0.10829055034440564,-0.0118778688886126,0.01,-8.983388594177786e-05,-0.14532205897539885,-0.045435410936392424,0.037348135942844106,0.5854792385,-0.013617833436001092,30.136005762905192,-0.3345202545578886,67344444,0.0,0.0,4.340257146395743e-05,-0.2552653367512956,-0.01749606299140002,-0.15223322606047965,-0.01031901041666655,-4.156393270856317e-08,-0.5101800402065854,-0.09069514070263375,-0.04563139453757645,0.28052505,-0.2038167156148638,-0.0028762603180570866,1.2710628821804884,0.0,-0.5,0.25484619140625,-0.22111555933952332,1.0025947093963623,14595,0.000266336994,-0.013699928508140146,0.9887523651123047,0.5822334200143814,0.028975252,0.2,-34.08404979705811
4002,234.76,508,0.0,2339,0.0,0.0,-119.60227976,0.708659274515548,0.0,0.0,13.397943838110024,-0.3751564402280125,0.0,67.0902775,-0.1083402279414533,-0.012128580488840426,0.01,-0.00020428200309139974,-0.15156500298198136,-0.04558366083018061,0.03734886870995288,0.5854615745,-0.013362299337232899,29.338493964943687,-0.3180807902324485,67362876,0.0,0.0,0.00011284686236952741,-0.2655524603609536,-0.01780124113446989,-0.15159030325888795,-0.010351562499999876,-4.1418001233577175e-08,-0.49596176823626503,-0.09287456302448725,-0.04777028019276334,0.28060185,-0.2108794135206763,-0.0029437260713397325,1.2967055044989972,0.0,-0.5,0.28426513671875,-0.09567230939865112,1.0021175146102905,14599,0.000266327778,-0.011824713391251861,0.9854669570922852,0.6972175762057304,0.02822412,0.2,-34.0780252456665
4002,216.71,509,0.0,2343,0.0,0.0,-118.38993718,0.8415877508956211,0.0,0.0,20.21436503710275,-0.38124499722197946,0.0,67.1017975,-0.10815781732287426,-0.012409401323844806,0.01,-0.00011837299850562654,-0.1511127774729624,-0.046252984548425635,0.037623674103266364,0.5854439105,-0.014407898029377166,34.84173288707871,-0.3236790508880919,67381308,0.0,0.0,4.6115193981677294e-05,-0.26093722302595906,-0.01773630213508994,-0.15398174878981913,-0.0104058159722221,-4.05595293420263e-08,-0.5133624803170417,-0.09044102041166381,-0.0461715055472268,0.28067865,-0.2111440427626047,-0.00290919011456677,1.2800414185311042,0.0,-0.5,0.25247802734375,-0.2433382272720337,1.0025758743286133,14603,0.00026631856199999996,-0.01137695824727416,0.9885436296463013,0.4811003543436527,0.025049517,0.2,-34.082618713378906
4002,212.91,510,0.0,2348,0.0,0.0,-117.73503048000002,0.7188439754729072,0.0,0.0,14.446062450613734,-0.378274815144731,0.0,67.1133175,-0.10814508905732229,-0.012212244980593643,0.01,-3.17771631539614e-05,-0.1503469590468353,-0.04544500990001507,0.038227304169024555,0.5854262465,-0.011964463733925691,29.76014058457836,-0.30472469309893097,67399740,0.0,0.0,8.083729577871661e-05,-0.260988647652663,-0.017546909989713373,-0.15037245674013136,-0.010709635416666525,-4.0508317369198275e-08,-0.5019817745861155,-0.09072976163136504,-0.045559983003605496,0.28075545,-0.21073749220429758,-0.002927418930350067,1.2756923618595524,0.0,-0.5,0.26767578125,-0.1547086089849472,1.00258469581604,14607,0.000266309346,-0.010541997314430774,0.9775537848472595,1.1358264461159706,0.030615062,0.2,-34.08351173400879
4003,209.5,511,0.0,2352,0.0,0.0,-117.40085327000001,0.7472459851851654,0.0,0.0,14.643253864507434,-0.3712383553356875,0.0,67.1248375,-0.10812030578405013,-0.012442037334010357,0.01,-5.151197098643311e-05,-0.1504253261853542,-0.045491729973509545,0.03752947023631498,0.5854085825,-0.012523137104128383,30.935983786665847,-0.3222405457424619,67418172,0.0,0.0,6.0221083307017885e-05,-0.258761400578613,-0.017635202100090154,-0.1525002853833497,-0.010926649305555404,-4.1056869563953745e-08,-0.49753635411024205,-0.09037097822888075,-0.044600039593787943,0.28083225,-0.20695680407287959,-0.0029034724337681224,1.2964734958223358,0.0,-0.5,0.24979248046875,0.4132154583930969,1.0023894309997559,14611,0.00026630013,-0.009434480080381035,0.981041669845581,0.9851951524615288,0.029001826,0.2,-34.08196582794189
4003,212.2,512,0.0,2357,0.0,0.0,-117.91274401000001,0.7119295408577455,0.0,0.0,14.084974328689427,-0.37323540413859124,0.0,67.1363575,-0.10807583393155457,-0.011931204131573012,0.01,-9.279744839748033e-05,-0.1496860949374887,-0.045667827878505186,0.03796276625370664,0.5853909185,-0.013811110719365792,29.473882991510663,-0.32255168927746575,67436604,0.0,0.0,4.611524248806139e-05,-0.2591637868605738,-0.01761201305631339,-0.15087824360517796,-0.010340711805555439,-4.218606691876845e-08,-0.5102762670806301,-0.0891794957606031,-0.046297765279418895,0.28090905,-0.20327142357550054,-0.0028921247540903226,1.273434510823871,0.0,-0.5,0.2109130859375,-0.03070393204689026,1.0025591850280762,14615,0.000266290914,-0.01179847529856488,0.9883490204811096,0.6542273312807083,0.026495453,0.2,-34.082004928588866
4003,222.26,513,0.0,2361,0.0,0.0,-118.61419525,0.7375565293076987,0.0,0.0,13.683224115661194,-0.3789549908839599,0.0,67.14787749999999,-0.10824021341792585,-0.012325009324349058,0.01,-4.6870876241268024e-05,-0.15416716760884827,-0.046105315419899075,0.038591991114054626,0.5853732545,-0.014134188819702508,30.534840313338723,-0.3188833117909707,67455036,0.0,0.0,8.626269603458543e-05,-0.2588122935027166,-0.017642624435373188,-0.15201854885410818,-0.010525173611110984,-4.043022720337872e-08,-0.5108133578072729,-0.08859932692003979,-0.0447671883734612,0.28098585,-0.20504842091234157,-0.0028984207355610206,1.2808052006617225,0.0,-0.5,0.27674560546875,-0.12937024235725403,1.0031177997589111,14619,0.000266281698,-0.012004153640009462,0.9887437224388123,0.5782430291175842,0.028687507,0.2,-34.09017677307129
4003,227.37,514,0.0,2366,0.0,0.0,-119.44880786,0.7639284713875116,0.0,0.0,16.200814690577133,-0.3796124622180118,0.0,67.15939750000001,-0.10820199220300246,-0.011921708284280363,0.01,-0.00010851819052504539,-0.15209528803399952,-0.04592674097700325,0.0393988460058014,0.5853555905,-0.014650953990187392,31.62663871544298,-0.31171168091987134,67473468,0.0,0.0,8.192239329218864e-05,-0.25863394083419095,-0.017695068276929227,-0.15142085690331206,-0.010394965277777658,-4.2121692749485575e-08,-0.4987037871892313,-0.08905232486494968,-0.045909447379449075,0.28106265,-0.2003148026466034,-0.002933068907679413,1.2747731990776254,0.0,-0.5,0.2203125,-0.19915248453617096,1.0021705627441406,14623,0.000266272482,-0.011835319059900939,0.9919548630714417,0.44539663270115853,0.025432348,0.2,-34.080796241760254
4003,224.86,515,0.0,2371,0.0,0.0,-119.30261614999999,0.7188652015078156,0.0,0.0,14.651493239824173,-0.3745061590840962,0.0,67.1709175,-0.10797468399497095,-0.011431562376893271,0.01,-6.04799629443174e-05,-0.14450256441284567,-0.04613045323889216,0.038367439038323035,0.5853379265,-0.014700593538388299,29.761019342423566,-0.3141525847202609,67491900,0.0,0.0,7.59545461429904e-05,-0.25301699587401993,-0.017430625956597928,-0.1546315469019743,-0.010275607638888774,-4.1948047664332e-08,-0.5117880571187491,-0.09172647283378677,-0.04385947884456584,0.28113945,-0.20505321922417044,-0.0028356087304230314,1.2599422118110335,0.0,-0.5,0.26798095703125,-0.17659567296504974,1.0024774074554443,14627,0.000266263266,-0.011598629760555923,0.9827083945274353,0.7870352610945701,0.030489419,0.2,-34.080498695373535
4000,215.31,516,0.0,2377,0.0,0.0,-118.19713039,0.7527017797661384,0.0,0.0,14.45601278537112,-0.3778907856697235,0.0,67.18243749999999,-0.10812957862384545,-0.011743199542825402,0.01,-0.00013881307032481382,-0.14990021358595434,-0.04559221641316048,0.03893281813430195,0.5853202625,-0.015179517200320132,31.161853682318128,-0.3097599919570009,67510332,0.0,0.0,4.774277719358603e-05,-0.25479415477776096,-0.017588103974705765,-0.15292405107192575,-0.010546874999999865,-4.147735671086932e-08,-0.5117642567090593,-0.09051335773037378,-0.04681580512586146,0.28121625,-0.20506187237195134,-0.0029029494468893677,1.2872030651376611,0.0,-0.5,0.206884765625,-0.09696877002716064,1.0020208358764648,14631,0.00026625404999999997,-0.010898257576627657,0.9730173349380493,1.1601609677076339,0.019822313,0.2,-34.078948974609375
4000,215.8,517,0.0,2381,0.0,0.0,-118.23813377,0.7693609187527581,0.0,0.0,14.538687358874009,-0.37731421511468954,0.0,67.1939575,-0.10818833755727944,-0.011960925833318193,0.01,-0.0001594188722314569,-0.15253685746241377,-0.045280846673088376,0.038285162905673735,0.5853025985,-0.017015718918022078,31.851542036364187,-0.3236645503256986,67528764,0.0,0.0,4.9370399210602045e-05,-0.2524128993743894,-0.01750004741019381,-0.15223204847033572,-0.010503472222222095,-4.097895481935443e-08,-0.5224243089783661,-0.0904788708452373,-0.04436871728258837,0.28129305,-0.20602657107153036,-0.002883945921849769,1.2957221713392875,0.0,-0.5,0.1900390625,-0.10787469148635864,1.0019959211349487,14635,0.000266244834,-0.012314353184774519,0.9846115708351135,0.8119047403335571,0.021104354,0.2,-34.07586498260498
4000,223.97,518,0.0,2386,0.0,0.0,-118.94449117999999,0.7275304263679747,0.0,0.0,14.69098982730792,-0.37997629047135095,0.0,67.2054775,-0.10808952069150882,-0.01209929618809386,0.01,-2.9966220543909037e-05,-0.14943350429773405,-0.04583491810342517,0.039154963954032514,0.5852849345,-0.014496601935307909,30.11975965163415,-0.32344271027653343,67547196,0.0,0.0,6.0763617511838675e-05,-0.2556104289388674,-0.017669797438631042,-0.15260442656758558,-0.010633680555555419,-4.168681422404721e-08,-0.5108518669681295,-0.09103029455904071,-0.04462255587407396,0.28136985,-0.20406070780186625,-0.0028983131831949453,1.2802856572086538,0.0,-0.5,0.23485107421875,0.055094748735427856,1.0018768310546875,14639,0.000266235618,-0.011165592982433737,0.9798135757446289,1.0391561150550843,0.022546273,0.2,-34.076435279846194
4001,223.3,519,0.0,2390,0.0,0.0,-118.80158611,0.7259965627544753,0.0,0.0,14.298943753659152,-0.3784106905813296,0.0,67.2169975,-0.10830801576375698,-0.012202679276926667,0.01,-4.506683238956905e-05,-0.15690737742442873,-0.04582754036421724,0.03897293282852634,0.5852672705,-0.013778558793193143,30.056257698035278,-0.31856268476917626,67565628,0.0,0.0,8.192237388963501e-05,-0.2561055438143546,-0.017615810272824616,-0.15144434994291758,-0.010449218749999873,-3.9880206263762615e-08,-0.5024572788800402,-0.09105248774346977,-0.046399613397128316,0.28144665,-0.20612865975489533,-0.002914670763651332,1.292525065190392,0.0,-0.5,0.2229248046875,0.33648034930229187,1.00174880027771,14643,0.000266226402,-0.012341072713024915,0.9798406958580017,1.0170463502407074,0.024385242,0.2,-34.073886489868165
4001,224.71,520,0.0,2395,0.0,0.0,-118.76092925999997,0.752501300746822,0.0,0.0,14.370326069438821,-0.38061147549449936,0.0,67.22851750000001,-0.10813542467659848,-0.012451410565017211,0.01,-0.00011824027304111534,-0.15586767615961353,-0.045968551111151036,0.038700135378933305,0.5852496065,-0.013547168346121907,31.153553850918428,-0.32331134773645,67584060,0.0,0.0,8.897537675996621e-05,-0.25670728317520797,-0.01764482229665937,-0.15330812164742216,-0.01079644097222208,-4.319579173658734e-08,-0.49994260264898366,-0.0908965560563837,-0.04454730907491506,0.28152345,-0.2030044704702978,-0.002896109227578233,1.2818390337000107,0.0,-0.5,0.23876953125,-0.13176454603672028,1.002094030380249,14647,0.000266217186,-0.014829394733533263,0.988579511642456,0.5889255940914154,0.02782246,0.2,-34.077660369873044
4001,215.92,521,0.0,2399,0.0,0.0,-118.43575654000001,0.7633508064170975,0.0,0.0,16.129438674166078,-0.3769195243033028,0.0,67.2400375,-0.1081470257623956,-0.012623200744161154,0.01,-0.0005431611742452438,-0.15546340465711903,-0.046193650370856876,0.03841018906149767,0.5852319425,-0.015394765810924582,31.602723385667836,-0.3172375809514318,67602492,0.0,0.0,0.00011501697978625695,-0.26233772697152064,-0.017853071627985762,-0.15207171811637582,-0.01043836805555543,-4.047415812550024e-08,-0.5075055283327227,-0.0911472705365961,-0.045623324490217616,0.28160025,-0.20610043035243514,-0.002971645535063731,1.2816830491849893,0.0,-0.5,0.27271728515625,-0.054045170545578,1.0029531717300415,14651,0.00026620797,-0.015673818229697645,0.9890390634536743,0.5680849924683571,0.03168569,0.2,-34.08643131256103
4001,225.88,522,0.0,2404,0.0,0.0,-119.34870286999998,0.7563972640393719,0.0,0.0,16.766861225902463,-0.3829870766814326,0.0,67.25155749999999,-0.10829644421313779,-0.012515408509162919,0.01,-9.87860600334465e-05,-0.15457104626892496,-0.04614153806262389,0.03798819487713402,0.5852142785000001,-0.014024055638906753,31.314846731229995,-0.3194374097736502,67620924,0.0,0.0,7.866721716709435e-05,-0.26166757903661897,-0.017741744459072006,-0.15104442552049557,-0.010861545138888736,-4.200626331363759e-08,-0.5049190585612046,-0.08996956459948262,-0.04498253841503376,0.28167705,-0.20378612169977994,-0.0029291887017012792,1.2761990083249646,0.0,-0.5,0.246923828125,-0.14565244317054749,1.002650499343872,14655,0.00026619875399999996,-0.013798084296286105,0.988885223865509,0.5795606434345245,0.029251155,0.2,-34.084529876708984
4001,229.2,523,0.0,2408,0.0,0.0,-119.21394944,0.7321266071879791,0.0,0.0,16.14246721451502,-0.37259435098288995,0.0,67.2630775,-0.10823328377795909,-0.01218236881021804,0.01,-0.00012062576410988363,-0.1530834430012356,-0.04596403370768157,0.03825811109952419,0.5851966145,-0.015382965580405047,30.310041537582332,-0.3132654576284235,67639356,0.0,0.0,6.184863741509616e-05,-0.25940822455795853,-0.017471124573301584,-0.14995266384395856,-0.010644531249999865,-4.07996085724102e-08,-0.5105752381285897,-0.09293748288029088,-0.04382156868680521,0.28175385,-0.20895436428584016,-0.0029071886104620197,1.2901688977295427,0.0,-0.5,0.26492919921875,0.09813553094863892,1.0027252435684204,14659,0.000266189538,-0.011632679926697165,0.9818904995918274,0.8203712671995163,0.029405862,0.2,-34.08475589752197
4001,214.56,524,0.0,2413,0.0,0.0,-118.70912037,0.7305276850055538,0.0,0.0,14.32402199102674,-0.3849743170900331,0.0,67.2745975,-0.1080392552884531,-0.012313355882989983,0.01,-0.00010639335325284875,-0.1570985609039811,-0.04608554795837703,0.039724154293565905,0.5851789505,-0.015225497438223101,30.243846159229925,-0.3118008499155127,67657788,0.0,0.0,7.595460435065131e-05,-0.26378518204593915,-0.017778107920140132,-0.15380737014834892,-0.010894097222222067,-4.376375056758038e-08,-0.4941890388978206,-0.09252455289510843,-0.04483667360136201,0.28183065,-0.20831540844488308,-0.002958966070841066,1.2797504679798715,0.0,-0.5,0.23699951171875,5.8770179748535156e-05,1.0025466680526733,14663,0.000266180322,-0.01613743689376861,0.9893494844436646,0.5238033711910248,0.029664103,0.2,-34.0843563079834
4002,230.17,525,0.0,2417,0.0,0.0,-119.74639822,0.77594916734367,0.0,0.0,15.519324100887909,-0.3774383375458529,0.0,67.2861175,-0.10819567498101126,-0.012567543025227295,0.01,-3.988665638591508e-05,-0.1532514660090205,-0.04529430480972982,0.037714369354610824,0.5851612865,-0.016158925168888852,32.124295528027936,-0.3160326313800868,67676220,0.0,0.0,4.503013527331253e-05,-0.256043188022014,-0.017448213460633293,-0.14962794213982622,-0.010763888888888752,-4.1289987278312475e-08,-0.5126225483912568,-0.0926748236892881,-0.043195302260461095,0.28190745,-0.20355457514746467,-0.002898808311630559,1.2838505257536106,0.0,-0.5,0.225537109375,-0.09555739164352417,1.0021145343780518,14667,0.000266171106,-0.011475353583227843,0.9793054461479187,1.0475082695484161,0.022177495,0.2,-34.07850513458252
4002,231.47,526,0.0,2422,0.0,0.0,-119.59765649,0.7370849920905744,0.0,0.0,14.170157150390054,-0.3846421628464098,0.0,67.29763750000001,-0.10819575072617342,-0.012422380544870297,0.01,-7.987901694660051e-05,-0.15826294235958632,-0.04610480993014257,0.038255682257472695,0.5851436225,-0.015309046808397397,30.515318672549782,-0.3116650793750298,67694652,0.0,0.0,0.00010199612006545067,-0.2593319445156086,-0.017486012781837004,-0.150815230309261,-0.010514322916666534,-4.213366599485559e-08,-0.5072935724187029,-0.09014539294987095,-0.0443163385097826,0.28198425,-0.2053992944440267,-0.002911449055969422,1.2842003218478586,0.0,-0.5,0.246044921875,0.19603383541107178,1.002138376235962,14671,0.00026616189,-0.015398370509501547,0.9884129166603088,0.6426178321242333,0.030136948,0.2,-34.07755317687988
4002,220.7,527,0.0,2426,0.0,0.0,-118.50881265999999,0.722356612672322,0.0,0.0,14.358454827487138,-0.3795700762121512,0.0,67.3091575,-0.10816954746017655,-0.012202198809147559,0.01,-3.321396873502869e-05,-0.15798081777446205,-0.046263716345586174,0.03916427918493251,0.5851259585,-0.014044671951624978,29.905563764634127,-0.3018135976047224,67713084,0.0,0.0,9.006042576705416e-05,-0.2598924735976791,-0.017693572475225114,-0.15311376704376803,-0.011230468749999828,-4.3321585996835455e-08,-0.4985072598006921,-0.09261930202968598,-0.04330997687096801,0.28206105,-0.20727020741349156,-0.002922075567555195,1.2914928016483844,0.0,-0.5,0.2603759765625,-0.2805272936820984,1.0026053190231323,14675,0.000266152674,-0.014387962617911398,0.9920576810836792,0.42885248735547066,0.034669176,0.2,-34.083971214294436
4002,234.17,528,0.0,2431,0.0,0.0,-119.74483788999999,0.8541845166522495,0.0,0.0,21.33057083752369,-0.3794112121950978,0.0,67.3206775,-0.10833596426406239,-0.01277661022910544,0.01,-3.948457853352433e-05,-0.1631395067064435,-0.04612660380451858,0.04129131050490495,0.5851082945,-0.011659695873580253,35.36323898940313,-0.2963894238118667,67731516,0.0,0.0,0.00012803773279301822,-0.25912343311966546,-0.017532725982332766,-0.15124075900432316,-0.010438368055555428,-4.237733031438374e-08,-0.48024753233647843,-0.09118122961000052,-0.043807804771209165,0.28213785,-0.2081150503943067,-0.0029045807225807053,1.296447056248781,0.0,-0.5,0.231982421875,-0.11999078094959259,1.0024076700210571,14679,0.000266143458,-0.009891656425315887,0.9884132742881775,0.6519577503204346,0.023224674,0.2,-34.08204536437988
4002,214.07,529,0.0,2435,0.0,0.0,-117.72140244,0.7217603229144491,0.0,0.0,14.549733892619724,-0.38115220014044876,0.0,67.3321975,-0.10839568695205296,-0.012554568101416417,0.01,-0.00014910384692576664,-0.16180757367063536,-0.04619198740957443,0.04012643090194658,0.5850906305,-0.009271735060287433,29.880877368658194,-0.2993541381797845,67749948,0.0,0.0,0.000121527361140276,-0.26260129605637705,-0.01763889372092357,-0.15098334890848364,-0.011089409722222054,-4.4139626822210134e-08,-0.48904467312757205,-0.09054947981937234,-0.044599986342685125,0.28221465,-0.20662871607302433,-0.0029466131580605705,1.3012154621243455,0.0,-0.5,0.22471923828125,-0.27937838435173035,1.0020854473114014,14683,0.00026613424199999996,-0.01095241216244176,0.9875120520591736,0.5054476298391819,0.023128657,0.2,-34.077402877807614
4002,217.4,530,0.0,2440,0.0,0.0,-118.60270716999997,0.7385932353431228,0.0,0.0,13.939220312673,-0.3764868976856019,0.0,67.3437175,-0.1081322743608761,-0.012143052778511096,0.01,-9.082614495026575e-05,-0.15566210733084457,-0.0468141876701809,0.03883700782750978,0.5850729665000001,-0.01315261210321397,30.577759943205283,-0.30169132561538853,67768380,0.0,0.0,0.00011555952369235456,-0.25998075623611294,-0.01766852567879342,-0.15317646173327162,-0.011035156249999846,-4.3066308244240033e-08,-0.4905353981164074,-0.0904412001731534,-0.04273839626254434,0.28229145,-0.2019632336486573,-0.0029044723447475647,1.2950611471408662,0.0,-0.5,0.2021240234375,0.0002929270267486572,1.0027480125427246,14687,0.000266125026,-0.008843368745874613,0.986409604549408,0.6242910772562027,0.027295351,0.2,-34.08269710540772
4003,211.89,531,0.0,2444,0.0,0.0,-117.76374521999998,0.7419076487948988,0.0,0.0,14.26533891975804,-0.38144142344329235,0.0,67.3552375,-0.10810164878418264,-0.012357967271208177,0.01,-6.0895421881752486e-05,-0.1604753063935799,-0.04600881165508874,0.039752670837099685,0.5850553025,-0.012358749980598481,30.71497666010881,-0.3083033550615309,67786812,0.0,0.0,5.588079996717473e-05,-0.26562343434474367,-0.017953791755256063,-0.15289990425994782,-0.011295572916666491,-4.285177612347641e-08,-0.4835359414153756,-0.09167192893436765,-0.04455696983131524,0.28236825,-0.20538520287715356,-0.0029736751798102486,1.3057215333858634,0.0,-0.5,0.27684326171875,0.35422077775001526,1.0029120445251465,14691,0.00026611581,-0.010701858531683683,0.9654035568237305,1.8574292421340943,0.03490949,0.2,-34.08861675262451
4003,216.18,532,0.0,2449,0.0,0.0,-118.13419402,0.7576255663063851,0.0,0.0,14.758244398767276,-0.38248001370827023,0.0,67.3667575,-0.108157866323311,-0.012325963721472911,0.01,-1.8908209054166094e-05,-0.15676826000809396,-0.046926711527569526,0.03765431783812325,0.5850376385,-0.01282085226881059,31.36569844508434,-0.318316761154825,67805244,0.0,0.0,9.440066060051322e-05,-0.2659636009856455,-0.017768456010557685,-0.15234987248892412,-0.01113281249999984,-4.4856106684652035e-08,-0.49863283187508756,-0.08881897468968296,-0.04327071030575476,0.28244505,-0.20314168887013145,-0.0029525317385413214,1.286058195179027,0.0,-0.5,0.1871826171875,-0.013685107231140137,1.0022112131118774,14695,0.000266106594,-0.011456803110195323,0.9810032844543457,0.9238096669316291,0.024130082,0.2,-34.078871154785155
4003,222.67,533,0.0,2453,0.0,0.0,-118.78944166999997,0.7509756470787046,0.0,0.0,16.22522467295137,-0.3812994901991937,0.0,67.3782775,-0.10833670335070995,-0.012374648424504206,0.01,-9.058379643073558e-05,-0.15798712250456998,-0.04668366861239929,0.04012128189419481,0.5850199745,-0.013024980538628168,31.09039178905837,-0.30004765532931627,67823676,0.0,0.0,9.277303858349721e-05,-0.26332107054728904,-0.017760567116888365,-0.15039477551063907,-0.011046006944444287,-4.471049645218592e-08,-0.4903781969339214,-0.08963177066112424,-0.04459917299501229,0.28252185,-0.20326792046382267,-0.0029383767527810353,1.2915961925623392,0.0,-0.5,0.22772216796875,-0.2386290431022644,1.0024698972702026,14699,0.000266097378,-0.012390348315238952,0.9899638295173645,0.5456842266023159,0.028614512,0.2,-34.08188591003418
4003,238.24,534,0.0,2458,0.0,0.0,-119.84583901,0.7550903370753448,0.0,0.0,14.448306683163139,-0.3824606049986556,0.0,67.3897975,-0.10825710414075386,-0.012287864298779672,0.01,-7.2892413050296265e-06,-0.15744264203428346,-0.046633843388102024,0.038542523375966684,0.5850023105,-0.012167235795964694,31.260739954919273,-0.3079743131901261,67842108,0.0,0.0,6.673151316742103e-05,-0.25826337072043465,-0.017676784235971604,-0.15017512621961393,-0.011751302083333132,-4.440677948408606e-08,-0.4968953126060876,-0.08989228036286584,-0.043262693905511074,0.28259865,-0.20169631732009893,-0.002944876742667477,1.2976841560231285,0.0,-0.5,0.23759765625,0.0875198245048523,1.0022408962249756,14703,0.000266088162,-0.008788962473045104,0.9854913353919983,0.7847236126661301,0.025613869,0.2,-34.07894859313965
4003,220.15,535,0.0,2462,0.0,0.0,-118.40565735000001,0.738206944736951,0.0,0.0,14.869325677239472,-0.37895347940368135,0.0,67.4013175,-0.10820866080646548,-0.012923864214657554,0.01,-5.617663200659983e-05,-0.16269495960107047,-0.04552602094228897,0.03973351197617701,0.5849846465,-0.011493272983999405,30.56176751210977,-0.2952595188102274,67860540,0.0,0.0,9.494312689639628e-05,-0.2629173717422534,-0.017459932003065393,-0.14887661944922423,-0.011263020833333163,-4.557820038210169e-08,-0.48764055239238807,-0.0879552354235118,-0.044257348919867406,0.28267545,-0.20066436492128414,-0.0029247578434591233,1.2826008507949234,0.0,-0.5,0.2722900390625,0.05989477038383484,1.0023655891418457,14707,0.000266078946,-0.010922595363808796,0.9874700903892517,0.6225542917847633,0.029346067,0.2,-34.08209362030029
4004,228.44,536,0.0,2467,0.0,0.0,-119.82229755999998,0.7551169069668788,0.0,0.0,15.4914260815493,-0.37907206500209223,0.0,67.4128375,-0.10803031793002851,-0.012253621266155701,0.01,-6.404630095091909e-06,-0.15884139780375642,-0.04723540681031817,0.040754027295478654,0.5849669825,-0.012903588843376687,31.261839948428783,-0.30249708082665616,67878972,0.0,0.0,5.479569275242587e-05,-0.2602168684946039,-0.017539578493215618,-0.15118948432531332,-0.010904947916666513,-4.4184939472639076e-08,-0.4831280526335747,-0.08723001180686471,-0.04302750034026565,0.28275225,-0.19513959835331368,-0.002903689383094189,1.268087745528495,0.0,-0.5,0.234619140625,0.244829922914505,1.0022457838058472,14711,0.00026606973,-0.009235683898441493,0.9814147353172302,0.9693953320384026,0.024151696,0.2,-34.078232765197754
4004,222.59,537,0.0,2471,0.0,0.0,-119.98294750999999,0.7301776597997705,0.0,0.0,14.457478908654668,-0.3803761587485577,0.0,67.42435750000001,-0.10804047540776383,-0.012199563595304656,0.01,-2.502459038395813e-05,-0.16016045988483446,-0.047160262278667674,0.04094339367296995,0.5849493185,-0.0138066366408667,30.229355115710497,-0.29523855298873064,67897404,0.0,0.0,7.32418557163328e-05,-0.26238237541977744,-0.01754754575370234,-0.14960815918249473,-0.01116536458333317,-4.50439934225404e-08,-0.4860732407365572,-0.08835976677776186,-0.0413944631577385,0.28282905,-0.19371004682449794,-0.002919815878671213,1.2693895548546554,0.0,-0.5,0.23277587890625,-0.1713545024394989,1.0023176670074463,14715,0.000266060514,-0.011449449765495955,0.9813940525054932,0.8282205000519752,0.01888656,0.2,-34.08182334899902
4004,209.88,538,0.0,2476,0.0,0.0,-118.22716956999999,0.7334777503295462,0.0,0.0,15.474607522323598,-0.38403102630882097,0.0,67.4358775,-0.10824305841297496,-0.012424585662137728,0.01,-3.2746262074442776e-05,-0.16093789145949378,-0.04647729102324378,0.039145544350370286,0.5849316545000001,-0.011596761747366853,30.36597886364321,-0.3144841424000359,67915836,0.0,0.0,7.161420459548633e-05,-0.2720410938065031,-0.01798910771792073,-0.15174358883720546,-0.011219618055555387,-4.634930128196368e-08,-0.4910181516123774,-0.09028774859449623,-0.043426363891817754,0.28290585,-0.2014279660195884,-0.0030017590558486323,1.2884299733553375,0.0,-0.5,0.21142578125,0.3439374268054962,1.0021188259124756,14719,0.000266051298,-0.013607378606684506,0.9669786691665649,1.6941156089305878,0.021823227,0.2,-34.07922229766846
4004,211.01,539,0.0,2480,0.0,0.0,-117.57065727000003,0.8150957364469964,0.0,0.0,14.305806524719078,-0.3767420646747577,0.0,67.4473975,-0.1082824464536915,-0.012707856569684983,0.01,-2.676794808849752e-05,-0.16233463503004408,-0.04681104658724264,0.041257917410184065,0.5849139905,-0.010386369606648158,33.74496348890565,-0.29646575004529413,67934268,0.0,0.0,7.052919439350565e-05,-0.26252406618281887,-0.017614643642679548,-0.14967885261912312,-0.011176215277777613,-4.525293320336707e-08,-0.47812499438448036,-0.09039881081512093,-0.04262465432027182,0.28298265,-0.20236660688829186,-0.0029316378249540785,1.2897381146507778,0.0,-0.5,0.2094970703125,0.12360849976539612,1.0019451379776,14723,0.000266042082,-0.012314046244136989,0.9779157638549805,1.1555810540914535,0.022432823,0.2,-34.075686073303224
4004,222.55,540,0.0,2485,0.0,0.0,-118.66852746999999,0.8245347802562963,0.0,0.0,20.36414040035781,-0.3782896389947896,0.0,67.4589175,-0.10809416564091313,-0.012323225285081486,0.01,-1.6577374350694267e-05,-0.16021468891329738,-0.046974127091365,0.03836868731969568,0.5848963265,-0.012502521292642794,34.135739902610666,-0.30797300305044767,67952700,0.0,0.0,5.533827546363076e-05,-0.2703747273788029,-0.01791444749779404,-0.14988398889117482,-0.011371527777777606,-4.511584194737593e-08,-0.49338133830631303,-0.09026325433120579,-0.04329927322985801,0.28305945,-0.20506831606802708,-0.00300693385882084,1.2955424212598248,0.0,-0.5,0.24737548828125,0.4001857340335846,1.0019534826278687,14727,0.000266032866,-0.014198828942608089,0.9773880839347839,1.0993426710367202,0.02672249,0.2,-34.076490592956546
4005,222.39,541,0.0,2489,0.0,0.0,-118.89058369,0.7415714248869989,0.0,0.0,14.58970890519706,-0.3844125703608036,0.0,67.4704375,-0.10813684239735573,-0.012348599804088202,0.01,-6.450824212162089e-06,-0.16265054652815683,-0.04743497479060779,0.041041105563652064,0.5848786625,-0.010913306103450142,30.701056990321753,-0.2882921665470932,67971132,0.0,0.0,6.18486568176498e-05,-0.26293969239859805,-0.017701623967434896,-0.14736137601305344,-0.011447482638888708,-4.630944593823453e-08,-0.4917128229981469,-0.08986463128946622,-0.043192052813333284,0.28313625,-0.19816102407782676,-0.002977650889534791,1.2874094871030453,0.0,-0.5,0.20950927734375,0.1721855103969574,1.002103328704834,14731,0.00026602365,-0.012327133340295404,0.9823280572891235,0.8881058156490326,0.023151422,0.2,-34.078369140625
4005,222.86,542,0.0,2494,0.0,0.0,-118.68907585000001,0.7357361695343922,0.0,0.0,14.663407272436647,-0.37413264037229976,0.0,67.4819575,-0.10832203613536062,-0.012722763194229911,0.01,-1.3450838082637709e-05,-0.1625214991381153,-0.046355356921613446,0.040928376222279385,0.5848609985,-0.010776993671445072,30.45947741872384,-0.29226245204371226,67989564,0.0,0.0,7.703963395518561e-05,-0.2614757887578949,-0.017640169439353256,-0.1461759882149001,-0.011111111111110952,-4.297054038878383e-08,-0.4846615289249607,-0.09055196218978817,-0.04286073692100298,0.28321305,-0.1995639745048715,-0.0029504200575998342,1.3004780082513028,0.0,-0.5,0.2439453125,-0.019119739532470703,1.0021241903305054,14735,0.00026601443399999996,-0.01106278778752312,0.9813913106918335,0.9348139137029647,0.02752534,0.2,-34.0767520904541
4002,223.07,543,0.0,2500,0.0,0.0,-118.4671451,0.7254306640766139,0.0,0.0,13.70155085271739,-0.3801835431877801,0.0,67.49347750000001,-0.10828110305239613,-0.012624433621874083,0.01,-4.492272910693982e-06,-0.16312988110163207,-0.04666477442050187,0.03908439537202919,0.5848433345,-0.012389266766452542,30.032829492771818,-0.30678497934432536,68007996,0.0,0.0,6.076358840800822e-05,-0.2661072060047497,-0.0177502799074342,-0.14743438280067964,-0.011143663194444285,-4.640334079158403e-08,-0.49850643422326496,-0.09020453815293622,-0.04307765507281522,0.28328985,-0.20050909277240772,-0.002970131116099827,1.2933037491488912,0.0,-0.5,0.2750244140625,0.8423248529434204,1.0023319721221924,14739,0.000266005218,-0.009995900269132107,0.9676125049591064,1.858559364080429,0.03452649,0.2,-34.08120746612549
4002,220.15,544,0.0,2505,0.0,0.0,-118.38665541999998,0.7532899751618778,0.0,0.0,15.94019657342517,-0.38215922288397913,0.0,67.5049975,-0.10806014690477206,-0.012558864061099332,0.01,-1.430406762725851e-05,-0.16540294075112089,-0.04748686378723024,0.03949433607878555,0.5848256705,-0.011872097769001912,31.186204971701738,-0.3095472294408453,68026428,0.0,0.0,0.0001177295926027,-0.2660397494976452,-0.017749570236172078,-0.14656496754423715,-0.011024305555555398,-4.491069771248907e-08,-0.49565159457383356,-0.08767761317120937,-0.04317202121536645,0.28336665,-0.20152291030950692,-0.0029760043352372446,1.2814402087323786,0.0,-0.5,0.2189453125,-0.2590330243110657,1.0020030736923218,14743,0.000265996002,-0.01092400480993092,0.9865574240684509,0.6256207376718521,0.023184873,0.2,-34.07638988494873
4002,229.09,545,0.0,2509,0.0,0.0,-119.48296261000002,0.8583167865177128,0.0,0.0,21.846307402004665,-0.3820753386128997,0.0,67.51651749999999,-0.10823057251103169,-0.012783686381897731,0.01,-1.000489951764163e-05,-0.16295517325586026,-0.04636987037045865,0.038681389118486925,0.5848080065,-0.01280457645124342,35.53431496183331,-0.3139475120434314,68044860,0.0,0.0,9.982597354489069e-05,-0.2688167443197974,-0.017783929358304654,-0.14668557113871344,-0.011414930555555376,-4.484576737302526e-08,-0.5034440223377964,-0.09008511125717183,-0.04177378636419973,0.28344345,-0.20723907934107821,-0.0029975009217934794,1.296148876254398,0.0,-0.5,0.2546875,0.014220088720321655,1.002463459968567,14747,0.00026598678599999996,-0.010992440767586232,0.9739586710929871,1.4190450340509415,0.029405007,0.2,-34.08126392364502
4003,210.98,546,0.0,2514,0.0,0.0,-117.91053653999998,0.7217280432293232,0.0,0.0,14.315169068065174,-0.3861275203545516,0.0,67.5280375,-0.10805916496899676,-0.012345278470545529,0.01,-2.86959931897723e-06,-0.16207818377504996,-0.04679962133177953,0.040446111060500084,0.5847903425000001,-0.012511338409644345,29.87954098969398,-0.3046554094184495,68063292,0.0,0.0,0.00010091105165580909,-0.2661434207863371,-0.017819063734733062,-0.14866038455920466,-0.01106770833333317,-4.426051336826883e-08,-0.49015863107031027,-0.09040715620619487,-0.04323305647793391,0.28352025,-0.20294243858457411,-0.0029798260909479905,1.2890942150427491,0.0,-0.5,0.28802490234375,-0.03732767701148987,1.0027438402175903,14751,0.00026597757,-0.011392240517307074,0.9830127358436584,0.9043013334274292,0.034344602,0.2,-34.08488845825195
4003,221.58,547,0.0,2518,0.0,0.0,-118.46795444000001,0.8154517995074608,0.0,0.0,14.596064434191675,-0.3811830620531969,0.0,67.5395575,-0.10827182680056674,-0.012511481256507244,0.01,-3.459466008938317e-06,-0.16105681672467986,-0.04697536322234124,0.03916076534091559,0.5847726785,-0.013124941541011341,33.75970449960888,-0.30465033487909166,68081724,0.0,0.0,6.998665048740804e-05,-0.2651322376451697,-0.017673234292279245,-0.14779668971721008,-0.011002604166666506,-4.3011009362498404e-08,-0.5049383570692589,-0.0920631421573263,-0.04194066245682176,0.28359705,-0.20495794503814369,-0.0029482435725148933,1.3049131818081745,0.0,-0.5,0.28634033203125,0.17572283744812012,1.0029577016830444,14755,0.000265968354,-0.009905231976881623,0.9768628478050232,1.213968601822853,0.028977498,0.2,-34.089429473876955
4003,210.69,548,0.0,2522,0.0,0.0,-118.37920282,0.7300778732958135,0.0,0.0,14.074521098495072,-0.38240470783552083,0.0,67.55107749999999,-0.10798797728340792,-0.01233021583531227,0.01,-1.0934090833599068e-06,-0.15842173295663586,-0.04671019681245,0.038622784851800956,0.5847550145,-0.016726957756974217,30.22522395444668,-0.30956115525065003,68100156,0.0,0.0,6.3476269133389e-05,-0.26144560599814,-0.017591158534700085,-0.14747179181231124,-0.010687934027777637,-4.2915294258801095e-08,-0.5124715126797332,-0.09074979784997649,-0.043543540841871876,0.28367385,-0.20156783190097366,-0.002940806335861117,1.278836466515095,0.0,-0.5,0.22410888671875,-0.06600099802017212,1.0022319555282593,14759,0.000265959138,-0.013195820932742209,0.9851858615875244,0.7749143540859222,0.026724447,0.2,-34.07937126159668
4003,222.52,549,0.0,2527,0.0,0.0,-119.20060694,0.7700243661206201,0.0,0.0,16.35108075228799,-0.37451208714480794,0.0,67.5625975,-0.10810485831950893,-0.0125164273231866,0.01,-1.0211570511019682e-05,-0.15383453955792958,-0.04718945398123048,0.0376194348358825,0.5847373505,-0.014850334269188655,31.87900875739367,-0.3196130797215799,68118588,0.0,0.0,3.851972481546303e-05,-0.2650384229668506,-0.017629546634141263,-0.14608323602752393,-0.011187065972222058,-4.181688285544313e-08,-0.5110172376217181,-0.09100231011900797,-0.04166789853506059,0.28375065,-0.20540792341277564,-0.0029615095550815274,1.3028182092405753,0.0,-0.5,0.23819580078125,0.0823209285736084,1.0020828247070312,14763,0.00026594992199999997,-0.010562807117821649,0.9793562293052673,1.1238015979528426,0.024491716,0.2,-34.077573204040526
4003,230.62,550,0.0,2531,0.0,0.0,-120.2801627,0.7448009298668852,0.0,0.0,14.489314855125148,-0.37739710838496754,0.0,67.5741175,-0.10801212484492329,-0.012174426831925189,0.01,-3.871300322767865e-06,-0.1541175468711836,-0.04741720614851081,0.03718603455588962,0.5847196865000001,-0.017989027068122394,30.834758496489044,-0.31484506900306575,68137020,0.0,0.0,4.7200252690042056e-05,-0.2581954783017998,-0.017496683093218664,-0.148258552186901,-0.010720486111110974,-4.135490471701319e-08,-0.5112946331536548,-0.09165012535461635,-0.04197986326574049,0.28382745,-0.2043634011111251,-0.0029024176580537777,1.2908940263757358,0.0,-0.5,0.23233642578125,0.018151938915252686,1.0020804405212402,14767,0.000265940706,-0.01217195579665713,0.9804361462593079,0.950326469540596,0.025531102,0.2,-34.0772668838501
4003,233.26,551,0.0,2536,0.0,0.0,-119.77398874000001,0.7735459804410576,0.0,0.0,13.593327705740148,-0.3850588272170829,0.0,67.5856375,-0.10811667608725307,-0.011994156158998381,0.01,-7.904176064257025e-06,-0.15455929232295101,-0.04711207735376465,0.037954335522087525,0.5847020225,-0.013316049646366283,32.024803590259786,-0.31290704655899515,68155452,0.0,0.0,5.533822695724666e-05,-0.26492673640519393,-0.01781782481946336,-0.14638590455055797,-0.010915798611110961,-4.542094664234454e-08,-0.5024153513623728,-0.08895610336946495,-0.043127240254092335,0.28390425,-0.20090883870207418,-0.0029794270234573617,1.2816712570872524,0.0,-0.5,0.2445068359375,-0.15372368693351746,1.0019264221191406,14771,0.00026593149,-0.015241296321619302,0.9813945889472961,0.9145314931869507,0.024646087,0.2,-34.077103996276854
4004,221.94,552,0.0,2540,0.0,0.0,-118.97838221000002,0.7403666164212912,0.0,0.0,14.444285896899242,-0.3931453112071703,0.0,67.59715750000001,-0.10782316977184939,-0.012287456256948258,0.01,-1.3688593423509036e-06,-0.15629398065187777,-0.047946766467667594,0.038272165529267814,0.5846843585,-0.013092799154239602,30.651177919841455,-0.3271494369908738,68173884,0.0,0.0,6.835905757422249e-05,-0.27009946037299665,-0.018291533333632357,-0.15031727583798904,-0.011642795138888707,-4.518923680117453e-08,-0.5037251851672493,-0.09117582236434138,-0.04560525981275456,0.28398105,-0.2090275758726993,-0.003076336189030565,1.2840562887188351,0.0,-0.5,0.27823486328125,-0.24056392908096313,1.002303957939148,14775,0.00026592227399999997,-0.01709242445649579,0.9894539713859558,0.5173794656991959,0.03386097,0.2,-34.07824516296387
4004,231.92,553,0.0,2545,0.0,0.0,-119.33056029000001,0.721701249763735,0.0,0.0,14.018796031272476,-0.38171821192741,0.0,67.6086775,-0.10818610627912582,-0.01271655961377583,0.01,-1.36863226292496e-07,-0.16064408692211363,-0.04726392841845298,0.03935285564741161,0.5846666945,-0.011405247831135057,29.878431740218627,-0.32179689195590044,68192316,0.0,0.0,6.293368642218411e-05,-0.2661684271868982,-0.017773631136562013,-0.14603749109025044,-0.011241319444444276,-4.302353987261364e-08,-0.49586278133323586,-0.0896339701734616,-0.041734742636046256,0.28405785,-0.20578600518837623,-0.002986154046921498,1.292068791157716,0.0,-0.5,0.30423583984375,0.16965249180793762,1.0024926662445068,14779,0.000265913058,-0.01014339701505378,0.9834455847740173,0.8401281893253326,0.032628734,0.2,-34.08261566162109
4004,210.33,554,0.0,2549,0.0,0.0,-118.43338076000002,0.7729891279779912,0.0,0.0,13.537070014491142,-0.37823534360712413,0.0,67.62019749999999,-0.10794675045495115,-0.01195527985003209,0.01,-8.900137056339073e-08,-0.15709059234992825,-0.04708958259659493,0.03897413355230132,0.5846490305,-0.012229220209216388,32.001749898288836,-0.3026298226659206,68210748,0.0,0.0,4.720023328748842e-05,-0.2625469314975352,-0.017665332930046882,-0.1471739966718379,-0.011317274305555384,-4.5319442707089485e-08,-0.49837555183632165,-0.08924756361352648,-0.04328066086145613,0.28413465,-0.20488011704807324,-0.002955441139663333,1.2783507414029922,0.0,-0.5,0.2802056206597222,-0.07185143232345581,1.002015471458435,14783,0.000265903842,-0.013639175307212604,0.9914109110832214,0.46051529546578723,0.041697588,0.2,-34.078621334499786
4004,223.91,555,0.0,2554,0.0,0.0,-118.85102054000001,0.718958772922071,0.0,0.0,13.63993394754052,-0.38034977813021187,0.0,67.6317175,-0.10811963906885136,-0.012016343400581003,0.01,-3.468392297532158e-06,-0.15866684094640143,-0.046413323229168454,0.03826988652266817,0.5846313665,-0.012255533795622695,29.764893198973738,-0.31304206558072883,68229180,0.0,0.0,4.774276749230921e-05,-0.2620914705225994,-0.0177816962366195,-0.14830005883786546,-0.011458333333333152,-4.186522505892178e-08,-0.5058985677542208,-0.092796627935922,-0.042361090251870806,0.28421145,-0.21411953708840065,-0.002971322167426866,1.2971788052125501,0.0,-0.5,0.28311767578125,0.34778326749801636,1.0020592212677002,14787,0.00026589462599999996,-0.01109098510351032,0.9667865633964539,1.7749872624874115,0.025260359,0.2,-34.07742176055908
4004,214.85,556,0.0,2558,0.0,0.0,-118.0305548,0.7369642050191594,0.0,0.0,14.014296355170002,-0.38459743094485943,0.0,67.6432375,-0.10815093455991688,-0.012329556611748161,0.01,-8.277872415246363e-06,-0.16153840615789408,-0.04720779516016569,0.0394065091346541,0.5846137025,-0.012116509142086014,30.5103180877932,-0.32485906784720026,68247612,0.0,0.0,4.448757196466128e-05,-0.27052272446580944,-0.018060700755510955,-0.1488911616700789,-0.01117621527777761,-4.357975656390009e-08,-0.5025567489543901,-0.09009142535310602,-0.04430187617721659,0.28428825,-0.2114616489111315,-0.0030461888980336596,1.2914674964480632,0.0,-0.5,0.24613037109375,-0.04476010799407959,1.0022010803222656,14791,0.00026588541,-0.013241129752714187,0.9815502166748047,0.909926226735115,0.027516764,0.2,-34.07854671478272
4005,233.85,557,0.0,2563,0.0,0.0,-119.67959568999999,0.7543119678476564,0.0,0.0,15.184515101197626,-0.38184062094564125,0.0,67.6547575,-0.10842490141772104,-0.012277639439862337,0.01,-9.435885165635723e-07,-0.1556705574480126,-0.04723076405679363,0.03778267032166944,0.5845960385,-0.013029185859421786,31.228515468892976,-0.3233083279759874,68266044,0.0,0.0,5.2083031429598727e-05,-0.2657400421378353,-0.017794022697749413,-0.14767256290305728,-0.010818142361110969,-4.3961007486237183e-08,-0.5072425730994623,-0.0899201704855459,-0.0434886609858685,0.28436505,-0.2077934498889098,-0.0029987098348547357,1.2940765708129023,0.0,-0.5,0.2507568359375,0.22410306334495544,1.0025904178619385,14795,0.000265876194,-0.01028087999438867,0.9816743731498718,0.9909398138523102,0.029933136,0.2,-34.08212013244629
4005,238.63,558,0.0,2567,0.0,0.0,-120.34944533999999,0.7398215193167359,0.0,0.0,14.342407108247881,-0.3761506627122224,0.0,67.6662775,-0.10816681823679042,-0.012422995064296078,0.01,-3.195288702593972e-05,-0.15707445149731816,-0.04663206220842828,0.037945681132594784,0.5845783745,-0.014252733334109912,30.628610899712864,-0.331710660128085,68284476,0.0,0.0,4.665775729032854e-05,-0.26939528798581097,-0.01799637052438309,-0.1483247124307627,-0.01087239583333318,-4.146395684303789e-08,-0.5202251162231614,-0.09185780455578575,-0.043374661014145645,0.28444185,-0.211779853927251,-0.00302862764104988,1.2822401069466822,0.0,-0.5,0.2873291015625,-0.30760979652404785,1.0029282569885254,14799,0.00026586697799999996,-0.01577310839202255,0.9943040609359741,0.31375201642513273,0.033531047,0.2,-34.087747955322264
4005,226.9,559,0.0,2572,0.0,0.0,-119.34785762999998,0.7596712441580145,0.0,0.0,15.387804500268992,-0.38500617102800105,0.0,67.6777975,-0.10830900118606525,-0.011784166194972882,0.01,-1.0470845606193838e-05,-0.15752599538618745,-0.04691775082835459,0.039414569587305194,0.5845607105,-0.015100170939048339,31.450389508141797,-0.3222643631393972,68302908,0.0,0.0,7.324183631377916e-05,-0.27111960283913183,-0.017965111518794773,-0.15027541086397275,-0.010731336805555415,-4.437915408705723e-08,-0.5075062816693303,-0.09171403509881904,-0.044859295190209904,0.28451865,-0.2081548919726317,-0.0029961039913542257,1.2784610384041146,0.0,-0.5,0.290283203125,-0.29137182235717773,1.0022683143615723,14803,0.000265857762,-0.013034700183197856,0.9938917756080627,0.3208679348230362,0.033376873,0.2,-34.07979564666748
4005,228.3,560,0.0,2576,0.0,0.0,-119.46282588999996,0.7291351499707006,0.0,0.0,14.271662182095412,-0.3909076366061214,0.0,67.6893175,-0.1082151975215356,-0.012122626467821198,0.01,-6.930543639245809e-07,-0.15646626640803846,-0.04776890823312227,0.038393396692805976,0.5845430465,-0.012225287419924926,30.186195208787005,-0.32076249217686115,68321340,0.0,0.0,4.9370331301664315e-05,-0.2690830441257137,-0.018053966270058078,-0.14852648916315359,-0.011121961805555395,-4.4991228981402134e-08,-0.513701538374874,-0.0908843512583897,-0.04393490036794732,0.28459545,-0.20314379946598063,-0.0030301721267393207,1.2671281602884077,0.0,-0.5,0.28095703125,-0.05553489923477173,1.0023975372314453,14807,0.000265848546,-0.011544226354453712,0.9875011444091797,0.5947910591959953,0.029215265,0.2,-34.07995834350586
4005,230.65,561,0.0,2581,0.0,0.0,-119.38658808000002,0.8765466570116038,0.0,0.0,21.363878564972016,-0.37743301039229243,0.0,67.7008375,-0.10816991167754592,-0.011804353126158011,0.01,-7.403153304896738e-06,-0.15249763009479408,-0.04709389808128736,0.03804650162209078,0.5845253825,-0.013799853516199315,36.289031600280396,-0.3163435037559857,68339772,0.0,0.0,4.9370418613155685e-05,-0.26422651764072447,-0.0178064202092829,-0.14836747152497953,-0.010970052083333185,-4.3144045334952386e-08,-0.5096787819930616,-0.09171152114221781,-0.04311166127748064,0.28467225,-0.202125304317602,-0.0029882870418390583,1.2915031976131337,0.0,-0.5,0.2869873046875,-0.215089350938797,1.0029714107513428,14811,0.00026583933,-0.009433402109425514,0.9833036661148071,0.8157657139003277,0.033129796,0.2,-34.086654853820804
4005,235.13,562,0.0,2585,0.0,0.0,-119.90486075999999,0.8788647951244253,0.0,0.0,21.728046967696418,-0.38915083737475364,0.0,67.7123575,-0.10833103571615033,-0.011758706093452686,0.01,-1.4307272868268119e-05,-0.15583544682240788,-0.04710033325967186,0.039248722454413285,0.5845077185,-0.013283634289918054,36.385002518151204,-0.310990776808031,68358204,0.0,0.0,5.4795712154979505e-05,-0.26454923356891547,-0.017723292994073127,-0.1485520778722755,-0.010872395833333182,-4.4220512851520726e-08,-0.5071335868993251,-0.09041714683695423,-0.043862839996507086,0.28474905,-0.20373670367995145,-0.0029598068792856622,1.2887752519422673,0.0,-0.5,0.25963134765625,-0.014890193939208984,1.0028598308563232,14815,0.00026583011399999997,-0.009085928509011864,0.9807018041610718,0.9388263493776321,0.030752027,0.2,-34.08647785186768
4006,214.32,563,0.0,2590,0.0,0.0,-118.38974607,0.6986300920827659,0.0,0.0,13.019429781963833,-0.3812233015267825,0.0,67.7238775,-0.10830264970054715,-0.012159308418785252,0.01,-1.4392089184666642e-05,-0.15970312273508094,-0.04634622926957202,0.03901935511439634,0.5844900545,-0.016784600219883334,28.92328581222651,-0.30435559639110704,68376636,0.0,0.0,6.835903817166884e-05,-0.26054375334598906,-0.017489993435737462,-0.14685035537300334,-0.010666232638888756,-4.116476200924849e-08,-0.5140762587416092,-0.09172211170997258,-0.04301991439177047,0.28482585,-0.20471885516771238,-0.0029079833864950346,1.2931378435118348,0.0,-0.5,0.2514404296875,-0.11406949162483215,1.0025672912597656,14819,0.000265820898,-0.014631687058135867,0.9824841022491455,0.7895897075533866,0.028401801,0.2,-34.08378868103027
4006,226.61,564,0.0,2594,0.0,0.0,-119.05466996000003,0.8106160923161361,0.0,0.0,17.351721439943308,-0.387810899013074,0.0,67.7353975,-0.10841529746027932,-0.01214177085506826,0.01,-1.209586851292321e-05,-0.16056309014534703,-0.046884074664937866,0.04014356291834572,0.5844723905,-0.01486281378634481,33.559506221888036,-0.3099220957142195,68395068,0.0,0.0,7.81246538584431e-05,-0.27017368788210816,-0.01800630171439164,-0.14879644879036696,-0.01108940972222206,-4.356179836242201e-08,-0.5036611604160883,-0.08994655483989619,-0.04471815275935154,0.28490265,-0.20588340047992887,-0.0030234947288380327,1.2882380703752414,0.0,-0.5,0.26051025390625,0.24110999703407288,1.002467393875122,14823,0.000265811682,-0.010838890867307781,0.9705429673194885,1.7347892642021179,0.031697616,0.2,-34.082834243774414
4006,222.31,565,0.0,2599,0.0,0.0,-118.73364823000001,0.7428952385848839,0.0,0.0,14.690963479992131,-0.3881618294886057,0.0,67.7469175,-0.10821712938638996,-0.01182030901521017,0.01,-7.290135348207363e-06,-0.15863874848919768,-0.0462461620950575,0.040267309294506996,0.5844547265,-0.013054684283108346,30.755862877414195,-0.3070831716652806,68413500,0.0,0.0,3.8519734516739845e-05,-0.2629066097089383,-0.017749670340761456,-0.147315807341564,-0.011143663194444282,-4.389767250237639e-08,-0.5068623663816774,-0.08985463548024039,-0.043852263735955854,0.28497945,-0.19855182555954826,-0.0029696838252368917,1.2755479835395194,0.0,-0.5,0.22490234375,-0.007938116788864136,1.0020391941070557,14827,0.00026580246599999997,-0.016032250970602034,0.985724687576294,0.6858290702104568,0.025929997,0.2,-34.07815151214599
4006,225.22,566,0.0,2603,0.0,0.0,-118.82544931999999,0.7315577660703807,0.0,0.0,13.849115337689451,-0.3843671523377905,0.0,67.7584375,-0.10827757723672173,-0.011647764807549785,0.01,-7.35399243462295e-07,-0.1557487280321666,-0.046729036073056396,0.03900459412492099,0.5844370625,-0.014151279517035518,30.28649151531376,-0.32743779595864214,68431932,0.0,0.0,4.068987133602301e-05,-0.26143739621359763,-0.017641291961478053,-0.1464184965722726,-0.010850694444444298,-4.2859298456127e-08,-0.5114169404729331,-0.0885866279394451,-0.04307200723499727,0.28505625,-0.19867330478606426,-0.00295147457485173,1.281222735106071,0.0,-0.5,0.25030517578125,0.6022570729255676,1.0022284984588623,14831,0.00026579325,-0.009839212452061475,0.9755361676216125,1.3345022648572922,0.027061904,0.2,-34.07923812866211
4006,221.52,567,0.0,2608,0.0,0.0,-118.74904274000001,0.7180141124818324,0.0,0.0,14.554475106077005,-0.3834204054992662,0.0,67.7699575,-0.10813136094289777,-0.011450497928751911,0.01,-2.518870760376911e-06,-0.1526077362374999,-0.04674508078700405,0.03884782767495893,0.5844193985,-0.013907682971977111,29.72578425674786,-0.30862565115031604,68450364,0.0,0.0,4.014734683247904e-05,-0.2603679468261229,-0.017584922761042864,-0.14630108119226204,-0.01060112847222209,-4.3548696747408834e-08,-0.5060016464896191,-0.08702627911133133,-0.04202523282522164,0.28513305,-0.1958722703617689,-0.002943366246665817,1.2727863320713775,0.0,-0.5,0.2348388671875,-0.05512434244155884,1.002614140510559,14835,0.000265784034,-0.013857518404256553,0.99106764793396,0.45056278482079504,0.029110145,0.2,-34.08287086486816
4006,230.63,568,0.0,2612,0.0,0.0,-119.46448513,0.7697715086854,0.0,0.0,16.044406219545493,-0.381514631843518,0.0,67.7814775,-0.10816034630607294,-0.011356758728153159,0.01,-1.8163152006113276e-06,-0.15552147957866105,-0.04671916427581778,0.03951873741074733,0.5844017345,-0.012156385368952114,31.86854045957556,-0.3099694438253759,68468796,0.0,0.0,6.239115221736331e-05,-0.2644122254174459,-0.017682818508375605,-0.14641168955420492,-0.01124131944444428,-4.265315147801136e-08,-0.49799084705544305,-0.08807580616447591,-0.04301965415985268,0.28520985,-0.20009018790487523,-0.0029784273119317075,1.281951558089826,0.0,-0.5,0.23077392578125,0.05666065216064453,1.0030105113983154,14839,0.000265774818,-0.011231629026588053,0.9887404441833496,0.6301864117383957,0.026187658,0.2,-34.08768424987793
4007,223.04,569,0.0,2617,0.0,0.0,-119.06325480000001,0.7448186739351992,0.0,0.0,14.98990477101515,-0.3813879160029913,0.0,67.7929975,-0.10806318857150844,-0.011605028426574822,0.01,-2.76734771217447e-06,-0.14952240993842741,-0.04654630750773237,0.03745323160097566,0.5843840705000001,-0.013938064253630323,30.835493100917244,-0.3142047909317808,68487228,0.0,0.0,6.184867622020344e-05,-0.2580070943412347,-0.017584296794615137,-0.14690726980589475,-0.010818142361110965,-4.327943101628304e-08,-0.5106573248394718,-0.09100405948019252,-0.04283706629008537,0.28528665,-0.20789072595609948,-0.0029495849318023257,1.290115173860787,0.0,-0.5,0.25506591796875,-0.23926064372062683,1.0028998851776123,14843,0.000265765602,-0.009071135451085866,0.9901490211486816,0.5720672450959683,0.025488555,0.2,-34.08836822509765
4004,226.47,570,0.0,2623,0.0,0.0,-119.05531954999998,0.7308379698636516,0.0,0.0,14.40452784667778,-0.39105748247513306,0.0,67.8045175,-0.10818318417673316,-0.011693442498670978,0.01,-3.4801260955493934e-06,-0.15738944516211922,-0.046620569877239955,0.0393060471816433,0.5843664065,-0.013798363021730134,30.256691952355173,-0.31906705436672467,68505660,0.0,0.0,5.371072135555247e-05,-0.26488175158797433,-0.017910506581457587,-0.14813496066276013,-0.011100260416666511,-4.274069103570886e-08,-0.5078962543235557,-0.08864350631333025,-0.043784254760229416,0.28536345,-0.2031405812430699,-0.0030227151830019396,1.297891775396568,0.0,-0.5,0.28055419921875,0.2728220820426941,1.0022579431533813,14847,0.000265756386,-0.009485753090120851,0.9736019968986511,1.375869756937027,0.02451092,0.2,-34.08020172119141
4004,216.3,571,0.0,2628,0.0,0.0,-118.30285233000001,0.7473151466725019,0.0,0.0,14.669504972007108,-0.3846642635602984,0.0,67.8160375,-0.10809902503571914,-0.011631447997653803,0.01,-2.9420088120335524e-07,-0.1499300983282551,-0.04721552639081876,0.03804396446045089,0.5843487425,-0.01446025325923175,30.938847072241575,-0.325013188410762,68524092,0.0,0.0,4.3945047461117305e-05,-0.2643263048140181,-0.0178454373375149,-0.14774128283801413,-0.0110243055555554,-4.085639683519707e-08,-0.5089077252297367,-0.09041839652250416,-0.043106092791362204,0.28544025,-0.21088477417463566,-0.0030073669868608834,1.290035954832969,0.0,-0.5,0.20772705078125,-0.14124682545661926,1.0020453929901123,14851,0.00026574716999999996,-0.012452550686430187,0.9886629581451416,0.49216742143034936,0.02253088,0.2,-34.07775726318359
4004,210.93,572,0.0,2632,0.0,0.0,-118.70116969,0.7370753859619095,0.0,0.0,14.62118063092064,-0.3872473779862427,0.0,67.8275575,-0.10790601819290262,-0.01150320245154885,0.01,-1.2372402802447268e-05,-0.15203139294372417,-0.04661882606692855,0.039594547137715014,0.5843310785,-0.01396777032480006,30.51492097882305,-0.3101959327399354,68542524,0.0,0.0,3.4721975680440664e-05,-0.26477205619486877,-0.017795311834936843,-0.15066005038053776,-0.010774739583333193,-4.311632032748194e-08,-0.5050261103890965,-0.09207520361616375,-0.04452457650303337,0.28551705,-0.20628639615474412,-0.002976217679834967,1.2649445062825437,0.0,-0.5,0.25576171875,0.1466541588306427,1.0021440982818604,14855,0.000265737954,-0.01003801147453487,0.9744352102279663,1.3218853384256364,0.027076691,0.2,-34.07762699127197
4004,224.96,573,0.0,2637,0.0,0.0,-119.24074558999999,0.7298562259630126,0.0,0.0,13.474666100920729,-0.3787565899296915,0.0,67.8390775,-0.10819774240219414,-0.011741706287001268,0.01,-1.7024426913829253e-06,-0.15493711902560792,-0.04708478418986385,0.03766997984096373,0.5843134145,-0.015181009002844803,30.21604775486872,-0.3192993895542368,68560956,0.0,0.0,2.6583982010682423e-05,-0.2575638047706932,-0.017522315919262246,-0.1463454382908752,-0.010807291666666522,-4.2536051108979707e-08,-0.5114017419723889,-0.091445410020588,-0.04298668273921288,0.28559385,-0.20610374442088936,-0.002937956086447389,1.3128506976014953,0.0,-0.5,0.1938720703125,0.3297596871852875,1.0017987489700317,14859,0.000265728738,-0.010717891436070204,0.9639272689819336,1.8224454343318939,0.020397076,0.2,-34.07509937286377
4005,218.41,574,0.0,2641,0.0,0.0,-119.13388157000001,0.731681046066416,0.0,0.0,14.355109375651448,-0.38437296762489814,0.0,67.8505975,-0.10799903164623292,-0.011964188046511559,0.01,-1.1386265788758674e-05,-0.15109560215879003,-0.04640044983687191,0.038427665865495036,0.5842957505,-0.014238356167980883,30.291595307149624,-0.30692219226304207,68579388,0.0,0.0,4.611518428040048e-05,-0.2615593720844966,-0.01770385310084323,-0.14616495229169568,-0.010948350694444291,-4.1637872268053507e-08,-0.506529018031884,-0.09019875910903168,-0.044194656659464114,0.28567065,-0.20558738951312056,-0.002991083795217421,1.2892675810618504,0.0,-0.5,0.218017578125,-0.11261981725692749,1.00161874294281,14863,0.000265719522,-0.015790811693295836,0.9889509081840515,0.5616797924041748,0.02299714,0.2,-34.07322063446045
4005,216.22,575,0.0,2646,0.0,0.0,-118.48713015999999,0.7529385278779235,0.0,0.0,14.511969771814037,-0.3878750256164297,0.0,67.86211750000001,-0.10816631737836617,-0.011276674957918452,0.01,-3.303621765347987e-07,-0.14902793286547894,-0.04641995154323722,0.03769560475087639,0.5842780865,-0.014667364576275254,31.17165505414603,-0.3182241679616268,68597820,0.0,0.0,2.3871281882748008e-05,-0.2573253883828126,-0.017762958117775896,-0.1481775656015568,-0.010937499999999847,-4.075174782171404e-08,-0.5213300111578155,-0.08984908045439341,-0.04392333037332997,0.28574745,-0.20157315464190836,-0.0029649161255620783,1.2709656236157896,0.0,-0.5,0.2262939453125,-0.018432527780532837,1.001994013786316,14867,0.00026571030599999997,-0.012118120293598622,0.9822835326194763,0.9658253461122512,0.0222389,0.2,-34.074544715881345
4005,234.38,576,0.0,2650,0.0,0.0,-120.01121298,0.7309243225178108,0.0,0.0,13.372305093624409,-0.3839188939185277,0.0,67.8736375,-0.10815829957540816,-0.011496203974843779,0.01,-9.582298363303643e-06,-0.1477046037139335,-0.046127433334216074,0.03815367777912467,0.5842604225,-0.016319920611244418,30.260266952237366,-0.3279798193829133,68616252,0.0,0.0,3.255180005605022e-05,-0.2559665726936553,-0.017569533056639594,-0.14712854077075338,-0.010622829861110973,-4.126767124939785e-08,-0.5204439104906727,-0.09177368026128509,-0.043085608814193724,0.28582425,-0.2045256383529238,-0.0029462996048220925,1.2855910091647578,0.0,-0.5,0.2522705078125,0.5669939517974854,1.0024280548095703,14871,0.00026570109,-0.010989572014659643,0.9786130785942078,1.1523077994585038,0.02604713,0.2,-34.081254959106445
4005,231.07,577,0.0,2655,0.0,0.0,-119.35941954000002,0.855427347899888,0.0,0.0,22.24177567745445,-0.3727444786850725,0.0,67.88515749999999,-0.10824958068424141,-0.012048138972254313,0.01,-6.0435411995802e-08,-0.15741902904359859,-0.04580647118546913,0.039428316348310406,0.5842427585000001,-0.015051342587361837,35.41469220305536,-0.31602986365360103,68634684,0.0,0.0,6.0763530200347304e-05,-0.2604133398214156,-0.01762349418643017,-0.14575913991847608,-0.010687934027777644,-3.9616135908125776e-08,-0.5073137338164716,-0.09062956117502789,-0.044026360026080597,0.28590105,-0.2065178348071374,-0.0029651044493942897,1.2996097449494188,0.0,-0.5,0.2330322265625,-0.03712260723114014,1.0025227069854736,14875,0.000265691874,-0.010772532573901117,0.9861241579055786,0.6817148312926292,0.024134204,0.2,-34.08274211883545
4005,212.13,578,0.0,2659,0.0,0.0,-117.97277478,0.710244378972787,0.0,0.0,13.128992491339254,-0.38963208971279684,0.0,67.8966775,-0.10826155939028359,-0.01201812851950131,0.01,-8.467561008242257e-07,-0.15784761546052475,-0.04664527318611286,0.0387356534598722,0.5842250945,-0.01740024206325567,29.404117289473383,-0.3095236909601115,68653116,0.0,0.0,5.3710624342784286e-05,-0.261297764508142,-0.017639912341995682,-0.14730567530282176,-0.010904947916666513,-4.10136426998805e-08,-0.5162107667579758,-0.09092481000585548,-0.045245235476320284,0.28597785,-0.20633409581744175,-0.0029584418109661944,1.2810633654942383,0.0,-0.5,0.25609130859375,-0.24508920311927795,1.0027590990066528,14879,0.00026568265799999997,-0.013372625666670501,0.9865840673446655,0.6640720404684544,0.029250849,0.2,-34.084123611450195
4005,223.5,579,0.0,2664,0.0,0.0,-119.24617051,0.8180372295398479,0.0,0.0,19.119178657951338,-0.3825215116807911,0.0,67.9081975,-0.10813039378142274,-0.011441916425064947,0.01,-2.948313040701791e-06,-0.15097747244068044,-0.04659568745433025,0.03893599721505783,0.5842074305,-0.013983637862515429,33.866741302949706,-0.3060273524837344,68671548,0.0,0.0,4.8285311398406826e-05,-0.26157469369459746,-0.017778338723067482,-0.14906762280367486,-0.01078559027777763,-4.04612094458886e-08,-0.504231997968509,-0.09413851799378807,-0.04335588702026293,0.28605465,-0.20848622998440847,-0.002971071781626593,1.2787760836280255,0.0,-0.5,0.264404296875,-0.18342895805835724,1.0027192831039429,14883,0.000265673442,-0.01120794122107327,0.9811496138572693,0.891506738960743,0.025184732,0.2,-34.08544063568115
4005,228.2,580,0.0,2668,0.0,0.0,-119.42835107,0.7634957406363942,0.0,0.0,16.941266347552016,-0.387333536897526,0.0,67.9197175,-0.10828454959968041,-0.0118760171871184,0.01,-1.262781551679025e-06,-0.15510531931985877,-0.04647457273897466,0.03858836679494465,0.5841897665,-0.015623174138858708,31.60872366234672,-0.31021535289857227,68689980,0.0,0.0,4.8285291995853186e-05,-0.26475930209015464,-0.017819414842962397,-0.14625182509997053,-0.010915798611110956,-4.134422352375468e-08,-0.5046000188420764,-0.08956825031700316,-0.0438039183205657,0.28613145,-0.20295027583440212,-0.002992052922121932,1.2855157851324348,0.0,-0.5,0.24078369140625,-0.05671718716621399,1.0025088787078857,14887,0.000265664226,-0.01316413008607924,0.9826989769935608,0.8236898258328438,0.025138503,0.2,-34.083241081237794
4006,216.96,581,0.0,2673,0.0,0.0,-118.20206137999999,0.7358351193177759,0.0,0.0,13.716461312549484,-0.3783708240295648,0.0,67.93123750000001,-0.10830661476936507,-0.01167657093880607,0.01,-4.2544292222732336e-07,-0.15604126591449705,-0.046262754701034,0.03897011240161341,0.5841721025,-0.014139072610608613,30.46357393975592,-0.2946251696720912,68708412,0.0,0.0,5.5338197853416204e-05,-0.2555553826277477,-0.017515702950746746,-0.14575575996154116,-0.011143663194444282,-4.094789718566121e-08,-0.5068619852122979,-0.08783916024319445,-0.04324802111742215,0.28620825,-0.199212981394283,-0.0029508764688765603,1.284386481770571,0.0,-0.5,0.22744140625,-0.208003431558609,1.0023869276046753,14891,0.00026565501,-0.014523094065953045,0.9853718280792236,0.6726728647947311,0.023226205,0.2,-34.08214092254639
4006,223.38,582,0.0,2677,0.0,0.0,-119.02248694000002,0.7528367482701783,0.0,0.0,14.36160924148057,-0.37949784044457774,0.0,67.9427575,-0.1084825078332482,-0.011401937910699952,0.01,-4.940039294773096e-06,-0.15012064371085404,-0.04591551365864102,0.03853507722749972,0.5841544385,-0.015002785533498455,31.16744137838538,-0.3110260605923965,68726844,0.0,0.0,6.61889110536625e-05,-0.25590946399190484,-0.01750913980906947,-0.14507647553163616,-0.010579427083333204,-3.9387195674138276e-08,-0.5169357983249133,-0.08804131346221859,-0.043476761923177815,0.28628505,-0.2024635104230733,-0.002959219049361142,1.289513008594363,0.0,-0.5,0.2618408203125,-0.1324159801006317,1.0026636123657227,14895,0.000265645794,-0.011507870187051595,0.9896772503852844,0.5669070571660996,0.029574225,0.2,-34.083366775512694
4006,222.58,583,0.0,2682,0.0,0.0,-119.28928879999998,0.7514962829626697,0.0,0.0,14.508988084818284,-0.3859683557989756,0.0,67.95427749999999,-0.10826594709618563,-0.011425627088993494,0.01,-5.910287237959545e-06,-0.15215861268269273,-0.04603685012749034,0.038347513152540515,0.5841367745,-0.015392732200173972,31.111946114654522,-0.3078596477542882,68745276,0.0,0.0,7.43268853208671e-05,-0.2620615970230944,-0.017774789520742715,-0.1472706154311372,-0.01091579861111096,-4.3074480191095556e-08,-0.5059444817652158,-0.088438964247112,-0.043947736740385074,0.28636185,-0.20323471611626528,-0.00298995961958413,1.2721869853894108,0.0,-0.5,0.2691162109375,-0.21199950575828552,1.003026008605957,14899,0.000265636578,-0.011105211661197245,0.9887077212333679,0.5796289131045341,0.027199473,0.2,-34.08867855072022
4006,215.42,584,0.0,2686,0.0,0.0,-118.70908839999998,0.74292006288186,0.0,0.0,13.980241339537528,-0.38382168262874095,0.0,67.96579750000001,-0.10824290796575632,-0.010928784563584265,0.01,-3.2393467729963546e-07,-0.15018510687362918,-0.04656483083428568,0.03866062047478694,0.5841191105,-0.014292474257268218,30.756890603309003,-0.31052978248562657,68763708,0.0,0.0,4.5572708283240594e-05,-0.25688163628096294,-0.01774317150716539,-0.14618647525517092,-0.011176215277777615,-4.209003880359779e-08,-0.5141204418006263,-0.08701436971318283,-0.044158664307945274,0.28643865,-0.1975035104014687,-0.0029867416636958754,1.2721853607372302,0.0,-0.5,0.26341552734375,-0.07264870405197144,1.0024813413619995,14903,0.00026562736199999996,-0.010449424851685762,0.981018602848053,1.0414083033800126,0.028860852,0.2,-34.08270626068115
4006,200.75,585,0.0,2691,0.0,0.0,-116.62638113999999,0.7262215146776754,0.0,0.0,13.635200357315702,-0.3829134560343503,0.0,67.9773175,-0.10811325751346607,-0.011202481336136376,0.01,0.0,-0.15522275397830762,-0.04539388140323921,0.038545024998741496,0.5841014465000001,-0.013780051966831606,30.06557070765576,-0.30965016240661636,68782140,0.0,0.0,3.8519734516739845e-05,-0.2605614494532493,-0.01781951032478868,-0.145431589659189,-0.011577690972222034,-4.3411303263051705e-08,-0.5018545569860335,-0.08812645192935482,-0.04344792937394246,0.28651545,-0.20570041667862005,-0.0030182699402683307,1.3021642057428446,0.0,-0.5,0.2283203125,-0.238462895154953,1.0019474029541016,14907,0.000265618146,-0.010140340309590101,0.9868309497833252,0.7214668527245521,0.02332289,0.2,-34.077625846862794
4006,215.02,586,0.0,2695,0.0,0.0,-118.14932758,0.7965266456216442,0.0,0.0,19.386052059975512,-0.38589118452236904,0.0,67.9888375,-0.10841162678367586,-0.012053258963588399,0.01,-3.0413153833986455e-06,-0.1585141240536999,-0.04641934306378825,0.04011110461879932,0.5840837825,-0.012657142886180535,32.97620312873607,-0.3156869470289227,68800572,0.0,0.0,7.758210995234549e-05,-0.26191719010085884,-0.017834372380216866,-0.14515680364594213,-0.01120876736111094,-4.271979396919439e-08,-0.4950309644284261,-0.08566288678510406,-0.04487368072571138,0.28659225,-0.20315333823710785,-0.0030067868470638488,1.2655405530465205,0.0,-0.5,0.2087158203125,-0.17131513357162476,1.0022571086883545,14911,0.00026560893,-0.008148873166646808,0.9863017201423645,0.8162996336817742,0.022556908,0.2,-34.07687873840332
4007,238.05,587,0.0,2700,0.0,0.0,-119.60752930999999,0.7796939394964286,0.0,0.0,16.397656783381372,-0.38510836192353615,0.0,68.0003575,-0.10836116342763323,-0.011850771325577334,0.01,-1.631148520564135e-08,-0.15710375522242515,-0.045973677104467564,0.037707831650878126,0.5840661185,-0.012376110408998406,32.27932909515214,-0.31792020970087204,68819004,0.0,0.0,4.8827826200673975e-05,-0.2675933876716634,-0.018034591703002718,-0.14779792240277748,-0.011197916666666504,-4.390693648114827e-08,-0.5015030821319689,-0.0883707911978517,-0.044320470958688594,0.28666905,-0.21151131756291455,-0.0030520481482861485,1.2956431178945662,0.0,-0.5,0.2673095703125,0.012841194868087769,1.0025389194488525,14915,0.000265599714,-0.009868359472602607,0.9762314558029175,1.1974265784025193,0.02946134,0.2,-34.0829252243042
4007,222.66,588,0.0,2704,0.0,0.0,-118.19055984,0.8014339423036807,0.0,0.0,18.96235979132014,-0.38543985098052674,0.0,68.0118775,-0.10840316308208327,-0.012259067887552703,0.01,-3.2023802347108776e-06,-0.16064578879326652,-0.045541961500103784,0.03966206808803831,0.5840484545,-0.013869704078792388,33.17936521137238,-0.312904681459029,68837436,0.0,0.0,0.0001052513155930986,-0.26355595083710814,-0.017807056356700716,-0.14416053079612398,-0.011545138888888702,-4.10053651786345e-08,-0.5101172134102749,-0.08899339192430628,-0.044356420170976324,0.28674585,-0.2165983703687192,-0.0030482462482172455,1.3010903211875524,0.0,-0.5,0.2610107421875,-0.27702128887176514,1.0031092166900635,14919,0.00026559049799999997,-0.015247568814083933,0.9929440021514893,0.3454786084592342,0.03002562,0.2,-34.087137603759764
4007,218.3,589,0.0,2709,0.0,0.0,-118.21332229999999,0.7420520455042328,0.0,0.0,15.26402446875003,-0.3774983014884359,0.0,68.0233975,-0.1085334387507048,-0.01281614731597393,0.01,0.0,-0.16686115081687114,-0.045735118913174645,0.03961887783911754,0.5840307905,-0.013145152888480678,30.720954683875235,-0.3043821088793677,68855868,0.0,0.0,8.354995710154374e-05,-0.2643988872010615,-0.017757071717926464,-0.14487036377500404,-0.011577690972222034,-4.2484326126142466e-08,-0.491162667919692,-0.09099611578438996,-0.043090314199178394,0.28682265,-0.21769445052156156,-0.003022621223367751,1.3177978713365313,0.0,-0.5,0.24329833984375,0.13861802220344543,1.0031324625015259,14923,0.000265581282,-0.009198465303052216,0.9883540868759155,0.6029134772717952,0.028521884,0.2,-34.08973217010498
4007,218.85,590,0.0,2713,0.0,0.0,-118.13041390000002,0.7456753395571849,0.0,0.0,14.81659771005857,-0.3833381669067347,0.0,68.0349175,-0.10844090159960545,-0.012235291228614529,0.01,-2.992187264784935e-07,-0.16333139697413565,-0.04559517524252313,0.040541609250191124,0.5840131265,-0.011393854559476798,30.870959057667452,-0.3043830404198874,68874300,0.0,0.0,6.781649426557124e-05,-0.2651320429019049,-0.018061980544395784,-0.14649744110376164,-0.011414930555555371,-4.191388838308558e-08,-0.4975815520075769,-0.0906453130832682,-0.04375618426000096,0.28689945,-0.21365096541881062,-0.0030565171707354964,1.3048874874897944,0.0,-0.5,0.27611083984375,0.10293763875961304,1.0026730298995972,14927,0.000265572066,-0.008302153256954626,0.9762393236160278,1.3248675674200059,0.036116403,0.2,-34.085767555236814
4007,225.1,591,0.0,2718,0.0,0.0,-119.14541985000001,0.7280171424373509,0.0,0.0,13.48605531414534,-0.3883208388702137,0.0,68.0464375,-0.10838547892803949,-0.01154557877858626,0.01,0.0,-0.15427771873819693,-0.046070119207698115,0.03887469509290734,0.5839954625,-0.01595561244984209,30.13990969690633,-0.3185580092548877,68892732,0.0,0.0,5.045547732152045e-05,-0.25890460657047815,-0.017714769661350372,-0.14364172935194405,-0.010926649305555399,-4.339624300896799e-08,-0.5117805761216834,-0.0853279875801039,-0.04367874876464712,0.28697625,-0.20305670480168467,-0.0029950730084339575,1.2754841108155661,0.0,-0.5,0.2513916015625,0.043821901082992554,1.0025057792663574,14931,0.00026556284999999997,-0.01424092911183834,0.9913050532341003,0.4870687037706375,0.028758716,0.2,-34.08272438049316
4007,212.45,592,0.0,2722,0.0,0.0,-118.69987558999999,0.7730164433277684,0.0,0.0,15.991432869944253,-0.3871933830777717,0.0,68.05795749999999,-0.10833367645904392,-0.011953465268596287,0.01,-7.646327444960289e-06,-0.15919059230634466,-0.045889757124548146,0.039021876632062025,0.5839777985,-0.015394904560202526,32.00288075376961,-0.3023405205538009,68911164,0.0,0.0,6.076353990162412e-05,-0.2606802774457462,-0.017909109616071513,-0.14531350810273608,-0.011317274305555396,-4.407596259001836e-08,-0.49968558604985247,-0.08774723342065059,-0.043703488970204846,0.28705305,-0.2047433831089438,-0.003034584947293206,1.2905558472554295,0.0,-0.5,0.28035888671875,0.0434095561504364,1.0023210048675537,14935,0.000265553634,-0.010302034235792235,0.9862649440765381,0.7587976574897766,0.03257048,0.2,-34.08095417022705
4007,230.5,593,0.0,2727,0.0,0.0,-118.82852960999999,0.8100774886621567,0.0,0.0,19.20674145618371,-0.38011748421774,0.0,68.0694775,-0.10840737513670934,-0.012451931912465762,0.01,-5.862841692374926e-06,-0.16480913783404333,-0.045614383918786146,0.04062171985492767,0.5839601345000001,-0.009414286726193192,33.537208030613286,-0.2910805166003362,68929596,0.0,0.0,8.463500610863169e-05,-0.26173966921489245,-0.017778216621428408,-0.14349151453662212,-0.011263020833333167,-4.139994876443125e-08,-0.4822325823866873,-0.08725575943583208,-0.04312490878284688,0.28712985,-0.20824366112879433,-0.0030301011095183613,1.3115659934020891,0.0,-0.5,0.23760986328125,0.030691862106323242,1.00184965133667,14939,0.000265544418,-0.009140479087363929,0.9731687307357788,1.4124489665031432,0.025438812,0.2,-34.07589321136474
4007,206.98,594,0.0,2731,0.0,0.0,-117.18636392,0.7726366690792106,0.0,0.0,15.556021404501498,-0.3853977691089983,0.0,68.0809975,-0.10813451192670932,-0.011879568169522094,0.01,-5.867843162766063e-06,-0.15814780732628597,-0.045938166414285414,0.0408277950588877,0.5839424705,-0.011785563742806617,31.987158099879316,-0.29621090191454447,68948028,0.0,0.0,0.00011176170664839447,-0.2623913088270728,-0.017936638911866015,-0.14525072503353018,-0.011230468749999833,-4.267572659295386e-08,-0.4886542407412338,-0.08894756660288917,-0.04452949748693232,0.28720665,-0.2070313494481551,-0.003034343221837147,1.2932329728403036,0.0,-0.5,0.2573486328125,-0.0068766772747039795,1.002272367477417,14943,0.000265535202,-0.011423963913694024,0.9872930645942688,0.6553435981273651,0.0346714,0.2,-34.077100944519046
4008,213.5,595,0.0,2736,0.0,0.0,-118.059535,0.7648047409676331,0.0,0.0,15.309757280563602,-0.38414537828497897,0.0,68.0925175,-0.10848084137133568,-0.012127023326435659,0.01,0.0,-0.1667599161689048,-0.04570258133297937,0.04144200873129175,0.5839248065,-0.010498946084731465,31.66291627606001,-0.28904933995484733,68966460,0.0,0.0,9.331543697044253e-05,-0.26137232520609416,-0.017763747689211486,-0.1445654318507116,-0.011349826388888712,-4.2277514256082684e-08,-0.4809860984384959,-0.08667899685120269,-0.04404820020270845,0.28728345,-0.2017484866924713,-0.003006837835090043,1.2962638862821965,0.0,-0.5,0.2381591796875,-0.006829202175140381,1.0020480155944824,14947,0.000265525986,-0.011647438071668148,0.977340042591095,0.9782178983092308,0.02975214,0.2,-34.078247261047366
4008,220.97,596,0.0,2740,0.0,0.0,-118.08899041,0.7122921211592421,0.0,0.0,13.561998196776464,-0.3829880796171001,0.0,68.1040375,-0.10828487466954487,-0.01167248906116097,0.01,-7.289114179438491e-07,-0.15854106032780355,-0.046077286150021546,0.03918848240032646,0.5839071425,-0.011571940815580698,29.488893815992622,-0.2972305537632676,68984892,0.0,0.0,7.595452674043675e-05,-0.2606008022204802,-0.018095259421350315,-0.1474954667803707,-0.011197916666666499,-4.4302957952144196e-08,-0.4924203974540408,-0.08661552370807432,-0.04419220248996248,0.28736025,-0.20293762981437485,-0.0030400935774919525,1.295926199552042,0.0,-0.5,0.2260986328125,0.11119717359542847,1.0022313594818115,14951,0.00026551677,-0.01179354767082259,0.9810137748718262,0.9703395038843154,0.023043398,0.2,-34.07810344696045
4005,226.31,597,0.0,2747,0.0,0.0,-118.86811110000001,0.8478681877967147,0.0,0.0,20.71191056878055,-0.3779778783802321,0.0,68.1155575,-0.10841423135085486,-0.012025854170405047,0.01,-3.214220891781401e-07,-0.1601427778004932,-0.04525708963510877,0.04065604545681729,0.5838894785,-0.01193828718128821,35.10174297478399,-0.30604090202454015,69003324,0.0,0.0,0.00010308114966998498,-0.2579932350803223,-0.01789481754728448,-0.14463859133830742,-0.011284722222222059,-4.274647917455086e-08,-0.4946059395883634,-0.0888594440132375,-0.04377227883783923,0.28743705,-0.21049801073221758,-0.0030262396499785636,1.3109145210895166,0.0,-0.5,0.18670654296875,0.3881545066833496,1.001701831817627,14955,0.00026550755399999996,-0.010863701318157837,0.9795201420783997,1.049146294593811,0.021741714,0.2,-34.07401447296142
4005,208.8,598,0.0,2751,0.0,0.0,-117.71567497,0.7703156231495294,0.0,0.0,14.13454519868115,-0.3819395697841903,0.0,68.12707750000001,-0.10825699046033162,-0.011980013039807632,0.01,-6.359962279771494e-08,-0.15758731247782698,-0.04531487802685137,0.04055492017554688,0.5838718145,-0.013459957188590325,31.891066798390515,-0.30433461488341645,69021756,0.0,0.0,0.00010470878138827781,-0.2654607279082199,-0.018175219847832328,-0.1471613128024675,-0.011056857638888728,-4.5521519657221444e-08,-0.49455409224732566,-0.08923791602181544,-0.04450701738184752,0.28751385,-0.20802324596450425,-0.0030560826504126503,1.294454988591629,0.0,-0.5,0.217822265625,-0.2504999339580536,1.0017746686935425,14959,0.000265498338,-0.012070478138048202,0.9877787232398987,0.5773958764970303,0.023019316,0.2,-34.07262115478515
4005,211.77,599,0.0,2756,0.0,0.0,-117.65805576999999,0.80157302810946,0.0,0.0,18.424225633324692,-0.3817722298427407,0.0,68.1385975,-0.10844096929219409,-0.01231578056721764,0.01,-6.644048838879634e-06,-0.160664918598693,-0.045672958754629595,0.03954944696035834,0.5838541505,-0.012449895684969507,33.18512336373164,-0.31359499427195847,69040188,0.0,0.0,9.711330252078672e-05,-0.26369818560976316,-0.018119213601841613,-0.14649648544857277,-0.0115451388888887,-4.171363322416828e-08,-0.4988206536714712,-0.08915645817656744,-0.04459949708498986,0.28759065,-0.21150882231389403,-0.003087520507707384,1.2945114092528804,0.0,-0.5,0.234375,0.105934739112854,1.002683162689209,14963,0.000265489122,-0.012496013240888715,0.982181191444397,0.9480546981096267,0.026443904,0.2,-34.08348903656006
4006,218.12,600,0.0,2760,0.0,0.0,-118.78354304999999,0.757070787114253,0.0,0.0,16.636325464892398,-0.3839133998455142,0.0,68.1501175,-0.10826186888531811,-0.012270993288564177,0.01,-1.3805723376415486e-05,-0.16302700595837372,-0.04673615058255239,0.04025965421553856,0.5838364865,-0.012721300076615686,31.342730586530074,-0.30381563694417113,69058620,0.0,0.0,0.0001497389942718049,-0.2688192197462878,-0.018140997741075318,-0.1477046426283591,-0.011187065972222056,-4.370423536870428e-08,-0.49545243191909627,-0.08644228747074527,-0.044957820099534834,0.28766745,-0.20642267828094177,-0.003077338763907813,1.2562569554822354,0.0,-0.5,0.25269775390625,-0.08734330534934998,1.002936601638794,14967,0.000265479906,-0.012310001684818416,0.9863569140434265,0.7335010021924973,0.026964867,0.2,-34.08828754425049
4006,220.56,601,0.0,2765,0.0,0.0,-118.70715560999999,0.8343218072086886,0.0,0.0,21.175503064559212,-0.37774487171524995,0.0,68.1616375,-0.10815140142108819,-0.012844777710521931,0.01,-3.749465436085736e-07,-0.16641442498045744,-0.046025978200097434,0.04088092689433369,0.5838188225000001,-0.011027780783479102,34.54092281843971,-0.3052663790853007,69077052,0.0,0.0,0.00014485623493480185,-0.2699071049140354,-0.018127636581485276,-0.1470927962630972,-0.011089409722222061,-4.247285293877468e-08,-0.4914944490432737,-0.09226808864087618,-0.04257348950679813,0.28774425,-0.21506875932410596,-0.0030764799417102723,1.3016371698817375,0.0,-0.5,0.23736572265625,0.15043410658836365,1.0023374557495117,14971,0.00026547068999999997,-0.011323196429293603,0.971128523349762,1.5546270668506623,0.026527781,0.2,-34.08149871826172
4006,212.49,602,0.0,2769,0.0,0.0,-118.83841190999998,0.7530882703099753,0.0,0.0,15.649268028723537,-0.38785353955612867,0.0,68.1731575,-0.10810348121750608,-0.012222891412794444,0.01,0.0,-0.1592487985052956,-0.04594239834725844,0.0405044294866746,0.5838011585,-0.012309107787182761,31.177854390832977,-0.2986765117480136,69095484,0.0,0.0,0.00011989970031815271,-0.2674915462936302,-0.01804140714525618,-0.14639020225643062,-0.0109266493055554,-4.100281573311479e-08,-0.48906183131174735,-0.09045029956643257,-0.04478352426174066,0.28782105,-0.21406936458544734,-0.0030700879925015232,1.285181254478288,0.0,-0.5,0.20799560546875,0.25850772857666016,1.0019162893295288,14975,0.000265461474,-0.011372041405411436,0.9810827374458313,0.9704375445842743,0.022166664,0.2,-34.075728034973146
4006,223.98,603,0.0,2774,0.0,0.0,-118.78011795,0.8450304484466147,0.0,0.0,21.028670919161332,-0.3821629696724902,0.0,68.18467749999999,-0.10831272558124191,-0.013220347100573512,0.01,-4.0253465830417125e-06,-0.16874365517023485,-0.0459885568404853,0.039813102097859196,0.5837834945,-0.011556886189888852,34.984260565689844,-0.3116503203608853,69113916,0.0,0.0,0.00015028151877534887,-0.26940350484815,-0.01803278433217749,-0.14571781232454592,-0.011121961805555393,-4.317782474833154e-08,-0.5000816641714477,-0.08968332149297091,-0.0441951241385545,0.28789785,-0.2119320936649537,-0.003074282470989176,1.2854069513648851,0.0,-0.5,0.2360595703125,0.14246609807014465,1.0021250247955322,14979,0.000265452258,-0.014216389670036734,0.9778349995613098,1.1241599291563034,0.025683522,0.2,-34.07802124023438
4006,211.64,604,0.0,2778,0.0,0.0,-117.80734496000001,0.8571722882401531,0.0,0.0,23.06950023431894,-0.37470668720494565,0.0,68.1961975,-0.10798040887142696,-0.013108365295190806,0.01,0.0,-0.16943808623672477,-0.046615717906542474,0.04069990293400427,0.5837658305,-0.013007892866476646,35.48693273314234,-0.295011789281157,69132348,0.0,0.0,0.00014648383754926422,-0.2714121550959377,-0.018245608121303568,-0.14461996818051348,-0.01099175347222207,-4.465507581075734e-08,-0.48481466242371174,-0.08973122372513283,-0.04409986311228012,0.28797465,-0.2090479613179595,-0.0031066980685358248,1.3066684136212268,0.0,-0.5,0.2407958984375,-0.10698547959327698,1.002572774887085,14983,0.00026544304199999997,-0.015546318027190864,0.976132333278656,1.19896140396595,0.0269728,0.2,-34.08171195983887
4006,206.9,605,0.0,2783,0.0,0.0,-117.54664615000002,0.74891037511968,0.0,0.0,15.013680527463508,-0.38563089363735875,0.0,68.2077175,-0.1082471479334962,-0.013221251984958266,0.01,-1.974374237186254e-06,-0.16720397288632546,-0.04602622493276576,0.04078929148275363,0.5837481665,-0.012101181810269028,31.00488952995475,-0.3002608350116284,69150780,0.0,0.0,0.0001117616193369031,-0.27044040470116437,-0.01813004536725267,-0.1448289763004545,-0.011154513888888724,-4.5663795930995117e-08,-0.49593140842803624,-0.08985753830931756,-0.045270708906605894,0.28805145,-0.20776682659833817,-0.0030974626889920757,1.289471376766183,0.0,-0.5,0.26026611328125,0.10032394528388977,1.002219557762146,14987,0.000265433826,-0.012881180772092193,0.9781325459480286,1.042638009786606,0.026869565,0.2,-34.08177604675293
4006,231.49,606,0.0,2787,0.0,0.0,-119.32543023000002,0.7652363033206675,0.0,0.0,16.32656160600454,-0.37591908604313207,0.0,68.21923749999999,-0.10851002040094868,-0.013309523371096602,0.01,0.0,-0.17084604098654288,-0.04577450442838343,0.03972399434552622,0.5837305025,-0.01249031413559957,31.680782957475632,-0.3046205707422014,69169212,0.0,0.0,0.0001139317755587399,-0.2681961779997202,-0.01795569666781728,-0.1443426717555212,-0.011089409722222061,-4.3248935564607236e-08,-0.5067174845776484,-0.09043316501429426,-0.04329997345886828,0.28812825,-0.21040668211187408,-0.003071961196328329,1.3012036675412064,0.0,-0.5,0.209814453125,0.2720506191253662,1.0020568370819092,14991,0.00026542461,-0.012602771655656398,0.9839465618133545,0.9109311938285828,0.0230123,0.2,-34.07632560729981
4007,237.56,607,0.0,2792,0.0,0.0,-119.97255381999999,0.748814798774478,0.0,0.0,15.82011176510337,-0.377383039215263,0.0,68.23075750000001,-0.10847255512901718,-0.012467230394971699,0.01,-9.94640807124821e-07,-0.16022238231924055,-0.04563112952888897,0.03942400373141068,0.5837128385,-0.015420672899280261,31.00093266926339,-0.3117997523133615,69187644,0.0,0.0,6.401877423437934e-05,-0.26257800197713305,-0.017917284775328324,-0.14276654613764198,-0.010731336805555412,-4.1026392994152994e-08,-0.5076551135731348,-0.0891782645840553,-0.043344496112267684,0.28820505,-0.2002788278242148,-0.00306511128619769,1.2922823948919642,0.0,-0.5,0.24720458984375,-0.27151891589164734,1.0031129121780396,14995,0.000265415394,-0.013152141391765326,0.994543194770813,0.2665523089468479,0.029976135,0.2,-34.085627746582034
4007,218.24,608,0.0,2796,0.0,0.0,-118.76962252999999,0.7813068088158195,0.0,0.0,15.42118584219071,-0.37923234637082026,0.0,68.2422775,-0.10828793939032504,-0.012805338123713072,0.01,-5.542698126335222e-06,-0.1634224052027595,-0.045688055691001726,0.04083061243075101,0.5836951745,-0.01428040312991167,32.34610188497493,-0.28656143826373054,69206076,0.0,0.0,0.00012803768428663412,-0.25861819214335074,-0.017647758485669574,-0.14112755360672993,-0.010861545138888738,-4.188572728116041e-08,-0.5022446043645014,-0.0867962795140683,-0.043239566256780694,0.28828185,-0.19958431227731563,-0.0030109155269218155,1.2948229319567368,0.0,-0.5,0.2900146484375,0.07748839259147644,1.0031499862670898,14999,0.000265406178,-0.01159973272588104,0.9891529679298401,0.5969160839915275,0.033415414,0.2,-34.09153823852539
4007,223.16,609,0.0,2801,0.0,0.0,-119.54365471000003,0.7476788350022561,0.0,0.0,14.849415362645736,-0.3809537013100296,0.0,68.25379749999999,-0.10823825103770597,-0.012464924259578718,0.01,-2.860447420142982e-07,-0.16297902345829499,-0.04676334536328498,0.03964325333240817,0.5836775105,-0.013175263823035898,30.9539037690934,-0.2872314443030224,69224508,0.0,0.0,9.765585612816115e-05,-0.26253003504665934,-0.017748210577342004,-0.14287878643205085,-0.01078559027777763,-4.171845181420501e-08,-0.4967876996200795,-0.08806010320772266,-0.04320690420926937,0.28835865,-0.20090690049572182,-0.0030213428496163293,1.2669009052788103,0.0,-0.5,0.27205810546875,-0.004233330488204956,1.0025423765182495,15003,0.000265396962,-0.00983657967299223,0.9828492403030396,0.9409664243459701,0.034878056,0.2,-34.08314380645752
4007,232.11,610,0.0,2805,0.0,0.0,-120.13663174999999,0.8588917208698399,0.0,0.0,20.6962680887928,-0.3800719677986941,0.0,68.2653175,-0.10841862504019834,-0.01248589953522292,0.01,-4.889723808951977e-10,-0.1607484246865134,-0.0458179198084815,0.03998992786909243,0.5836598465,-0.012921357789309695,35.55811724401137,-0.30338425401685026,69242940,0.0,0.0,5.913591788460811e-05,-0.26188143237529116,-0.018019906154189705,-0.143850245996367,-0.01124131944444428,-4.208409190362455e-08,-0.49789095471823797,-0.0882434298456356,-0.04449129833653334,0.28843545,-0.1992586468508462,-0.0030750758739254928,1.2797162051015922,0.0,-0.5,0.2552490234375,0.1459195911884308,1.0025734901428223,15007,0.00026538774599999996,-0.012042797479080037,0.9812822341918945,0.9962114840745926,0.02806524,0.2,-34.082790565490725
4007,224.44,611,0.0,2810,0.0,0.0,-119.10738851,0.73615120021432,0.0,0.0,13.801288501561164,-0.378996973377492,0.0,68.2768375,-0.1084183205854921,-0.012556496972377158,0.01,-9.872558653406084e-06,-0.16079615262152464,-0.04570102766193671,0.040097146326166344,0.5836421825,-0.01469327283040103,30.476659688872846,-0.3031980382490302,69261372,0.0,0.0,5.9678490894536175e-05,-0.2653704289876903,-0.01782089284867715,-0.14231433379026232,-0.011046006944444286,-4.082039255348949e-08,-0.5014431737378022,-0.08709748238406766,-0.0441866625963137,0.28851225,-0.19809365091171938,-0.0030534248993252383,1.2850894522222078,0.0,-0.5,0.274560546875,0.23429948091506958,1.0025017261505127,15011,0.00026537853,-0.012635050408425741,0.9737930297851562,1.3748390913009643,0.037053738,0.2,-34.081747436523436
4007,220.75,612,0.0,2814,0.0,0.0,-119.05363752000001,0.8384598866720996,0.0,0.0,16.24134089302802,-0.3874231818523538,0.0,68.2883575,-0.10821339943578989,-0.012550461455381728,0.01,-3.118089647960238e-06,-0.1611568385551447,-0.04670620249023487,0.04125233551681782,0.5836245185,-0.012755886093752148,34.71223930822492,-0.3110857751653511,69279804,0.0,0.0,0.0001074214718149354,-0.26510777237834376,-0.017960039783570372,-0.14301324633811338,-0.011219618055555382,-4.133893410503224e-08,-0.5053326158499523,-0.0885126693336083,-0.044588960450075404,0.28858905,-0.2015180904347877,-0.0030899375412487954,1.2764543911606339,0.0,-0.5,0.27713623046875,0.23940804600715637,1.0028166770935059,15015,0.000265369314,-0.012079371861182154,0.98305344581604,0.8637498065829277,0.032920036,0.2,-34.086626815795896
4007,235.78,613,0.0,2819,0.0,0.0,-120.39469414,0.8586188098465473,0.0,0.0,20.708785539579907,-0.3744394980147278,0.0,68.29987750000001,-0.10844402897074444,-0.01292028746573131,0.01,0.0,-0.16524642984177051,-0.04594701528095396,0.04007488842300321,0.5836068545,-0.016239355607669696,35.54681872764706,-0.30590805619119626,69298236,0.0,0.0,0.0001074214718149354,-0.26428470783856833,-0.017741465486643068,-0.14122654601060478,-0.010894097222222072,-4.081071850256509e-08,-0.5181430780854169,-0.0921568422066364,-0.04259815026910432,0.28866585,-0.2041449068117541,-0.0030554783979558765,1.299875847519518,0.0,-0.5,0.2426025390625,0.3583838939666748,1.002143383026123,15019,0.000265360098,-0.01339759307447821,0.9755204916000366,1.1587212413549424,0.02758584,0.2,-34.079693984985354
4007,224.94,614,0.0,2823,0.0,0.0,-119.78362899,0.7720643889141583,0.0,0.0,16.158013545184524,-0.37246787278680576,0.0,68.3113975,-0.10821411513039962,-0.012754850067643904,0.01,-2.1261638669237615e-06,-0.1678402170985693,-0.04591435428501717,0.040799319963471935,0.5835891905,-0.014392977753434226,31.963465701046154,-0.30720284430623834,69316668,0.0,0.0,5.750833467269937e-05,-0.2624075307877093,-0.017839040252893797,-0.14325535435968073,-0.01091579861111096,-4.178704495163128e-08,-0.5063911458644029,-0.09122432530728669,-0.04339671261897796,0.28874265,-0.20117674083137793,-0.0030305898349146524,1.2957107032058428,0.0,-0.5,0.2429443359375,-0.11020156741142273,1.0017495155334473,15023,0.00026535088199999997,-0.018711130670271813,0.9873346090316772,0.5856232509016991,0.029394288,0.2,-34.07366409301758
4008,226.16,615,0.0,2828,0.0,0.0,-119.85805042,0.7919241318243828,0.0,0.0,17.053288758956477,-0.3823520584283036,0.0,68.32291749999999,-0.10815762904934813,-0.012127986967774403,0.01,0.0,-0.16455909306104477,-0.04617165344060735,0.041001735785830135,0.5835715265,-0.01196148011755819,32.78565905752945,-0.3178047386644419,69335100,0.0,0.0,6.293359911069274e-05,-0.27110894155170495,-0.018333383795932162,-0.14525645980789617,-0.011501736111110926,-4.427219475233784e-08,-0.5092055324413047,-0.08873157561520122,-0.04496475673481101,0.28881945,-0.20042298291377628,-0.0031367942455049567,1.2865913115508598,0.0,-0.5,0.2775146484375,-0.08549091219902039,1.0023307800292969,15027,0.000265341666,-0.012717904610326514,0.9785683155059814,1.1141245812177658,0.03186419,0.2,-34.078291702270505
4008,235.41,616,0.0,2832,0.0,0.0,-120.18806542,0.777820076477252,0.0,0.0,17.284855168353907,-0.38998761693527745,0.0,68.3344375,-0.10822858331652133,-0.01234861320012483,0.01,0.0,-0.1681998104254067,-0.04658903208493136,0.04197344743976449,0.5835538625,-0.013350501114877665,32.20175116615823,-0.3079078921105981,69353532,0.0,0.0,7.324179750867188e-05,-0.26773363202341793,-0.018363740850075454,-0.14590900045936742,-0.011382378472222046,-4.363105577602015e-08,-0.5027481092010597,-0.08799452315149138,-0.04642768656131803,0.28889625,-0.19836365514618967,-0.0031121871937837583,1.2739693069704512,0.0,-0.5,0.2684326171875,-0.0004245340824127197,1.0021083354949951,15031,0.00026533245,-0.011983928736299276,0.9740802049636841,1.2808960020542144,0.026999572,0.2,-34.07999973297119
4008,231.81,617,0.0,2837,0.0,0.0,-119.78378512,0.8816660138524726,0.0,0.0,22.84456117608483,-0.38194852727659473,0.0,68.3459575,-0.10816637387022826,-0.012142078229116152,0.01,0.0,-0.16345119550718246,-0.046628243880689195,0.041019437592152964,0.5835361985,-0.011788007154892612,36.50097297349236,-0.3202202923489834,69371964,0.0,0.0,6.401875483182569e-05,-0.2666441801209444,-0.018255891688239715,-0.14689799549714294,-0.011631944444444252,-4.3201088618101176e-08,-0.5000444244206315,-0.08889803299371697,-0.0443754181359648,0.28897305,-0.2017953283271752,-0.0031020863712052276,1.2770654814080997,0.0,-0.5,0.23634033203125,0.5073601007461548,1.0019314289093018,15035,0.00026532323399999997,-0.014002297027036547,0.9782548546791077,1.1078370273113252,0.02777638,0.2,-34.07573356628418
4008,225.26,618,0.0,2841,0.0,0.0,-119.10003408000003,0.8244093007982902,0.0,0.0,19.052129259696567,-0.38524531661626704,0.0,68.3574775,-0.10828036859789292,-0.012675932376438997,0.01,0.0,-0.16895876462103646,-0.04600638357563376,0.041767378134198445,0.5835185345,-0.013322155274282623,34.13054505304921,-0.3250251985977803,69390396,0.0,0.0,7.486938072058062e-05,-0.27658098426750233,-0.018556332508455196,-0.14750502550788672,-0.011295572916666493,-4.3410596123003135e-08,-0.49995102517831225,-0.09088243779379444,-0.0451000236720272,0.28904985,-0.2048872263159599,-0.003165478022722242,1.2885428013925797,0.0,-0.5,0.24918212890625,0.4304404854774475,1.0022523403167725,15039,0.000265314018,-0.012158167618326842,0.9740660190582275,1.3129465758800507,0.029160807,0.2,-34.07817821502685
4008,220.99,619,0.0,2846,0.0,0.0,-118.82262510000001,0.7745514371507871,0.0,0.0,16.519102598092285,-0.3813361638717023,0.0,68.3689975,-0.1082703829061404,-0.012383382775516897,0.01,-3.826888081112602e-06,-0.1660889040706146,-0.045835846534028425,0.04094594348946384,0.5835008705,-0.013134165253076289,32.06642949804259,-0.3119502862147496,69408828,0.0,0.0,7.86670910504957e-05,-0.26511682269178594,-0.01803858853577088,-0.14449759982072433,-0.010883246527777628,-4.3077440151718315e-08,-0.5035092989080998,-0.09012134946399607,-0.043964552469383474,0.28912665,-0.19932805959627947,-0.0030705538150510416,1.293299350252472,0.0,-0.5,0.25780029296875,-0.2680906057357788,1.0031700134277344,15043,0.000265304802,-0.01526183462701738,0.9905092120170593,0.4320025935769081,0.030349016,0.2,-34.089206314086915
4008,229.22,620,0.0,2850,0.0,0.0,-118.91052279999998,0.8219725802124074,0.0,0.0,19.217326057640694,-0.3765163944819882,0.0,68.3805175,-0.10825996894533216,-0.012393047444714403,0.01,0.0,-0.1697801119743222,-0.04595728000169494,0.04147682418714341,0.5834832065,-0.011346111067622486,34.02966482079366,-0.31604683824063273,69427260,0.0,0.0,0.00011664448538795114,-0.2785403381163613,-0.01834547976245447,-0.14542820856247923,-0.011263020833333158,-4.4220486392712034e-08,-0.5037062236697429,-0.09187829381249851,-0.04427035322941152,0.28920345,-0.20508229138517806,-0.0031642999741553716,1.3110606023200118,0.0,-0.5,0.28773193359375,0.4462430477142334,1.0027415752410889,15047,0.000265295586,-0.011304669268429279,0.9802209138870239,1.0899586349725723,0.030861164,0.2,-34.08688240051269
4008,216.82,621,0.0,2855,0.0,0.0,-117.96046520000002,0.7525631932130299,0.0,0.0,14.881720340347721,-0.3827952400266907,0.0,68.3920375,-0.10814716897516102,-0.012194308014227176,0.01,-2.9049333449283673e-06,-0.16499682511382519,-0.04635517661785772,0.04028262520910152,0.5834655425,-0.013137963681300689,31.156116199019436,-0.31288122152633374,69445692,0.0,0.0,9.765585612816115e-05,-0.27307088444133676,-0.018306916578643292,-0.1455109833094261,-0.011436631944444265,-4.500894981122579e-08,-0.5024766072447919,-0.08959342498878443,-0.04392537111016179,0.28928025,-0.19837855292511053,-0.0031562673117884097,1.280117302950001,0.0,-0.5,0.22608642578125,-0.2159244418144226,1.0024924278259277,15051,0.00026528637,-0.013411133596673609,0.9897250533103943,0.5188667491078377,0.027304137,0.2,-34.08243389129639
4009,211.6,622,0.0,2859,0.0,0.0,-118.21041925,0.7752975647409641,0.0,0.0,16.744928137632122,-0.37922473635748694,0.0,68.4035575,-0.10821574542664601,-0.012679948893927033,0.01,-1.8293219092384162e-06,-0.1716328919461721,-0.04548003831013732,0.041625876830939566,0.5834478785,-0.01252693794797071,32.09731918027591,-0.31345922397930465,69464124,0.0,0.0,0.00011230420204810798,-0.27382485467547535,-0.01808789785123374,-0.14388202273340742,-0.011447482638888708,-4.3184197287905226e-08,-0.49735349090589476,-0.08972441295681098,-0.04388721748676202,0.28935705,-0.2034170528440823,-0.003112941755711871,1.2935992896892665,0.0,-0.5,0.26873779296875,0.10521522164344788,1.0025293827056885,15055,0.000265277154,-0.009181781706865877,0.9732469916343689,1.351730042695999,0.034047715,0.2,-34.083143615722655
4008,224.28,623,0.0,2864,0.0,0.0,-119.27771838999999,0.7338961958774646,0.0,0.0,15.204607732381048,-0.38454881992770384,0.0,68.4150775,-0.10849025523013242,-0.012310875032522251,0.01,-1.2758859375612638e-07,-0.16947401536148937,-0.04560292353099923,0.042815742599029816,0.5834302145,-0.01247051188612305,30.38330250932703,-0.30503502894866075,69482556,0.0,0.0,8.192232538325091e-05,-0.2726521365202928,-0.018250411525287363,-0.14433363676084843,-0.011306423611110937,-4.3301709661282476e-08,-0.49606496279625023,-0.09098257164587438,-0.045909424213168126,0.28943385,-0.20720309301857445,-0.0031499353868596337,1.2933578142078705,0.0,-0.5,0.20482177734375,0.3191085457801819,1.0022602081298828,15059,0.00026526793799999996,-0.014306132902856917,0.967261552810669,1.7466732382774353,0.025520708,0.2,-34.08021926879883
4006,227.18,624,0.0,2870,0.0,0.0,-118.87779111,0.753721787626487,0.0,0.0,13.837325674349259,-0.3781368446383168,0.0,68.4265975,-0.10837211199394968,-0.012129994583346453,0.01,0.0,-0.17232996446988144,-0.045687792171902906,0.04018575262378379,0.5834125505000001,-0.011809842015888231,31.20408200773656,-0.30896888252013816,69500988,0.0,0.0,6.78164748630176e-05,-0.2727575374663478,-0.01830453847542363,-0.143659935686177,-0.011295572916666498,-4.613288185222393e-08,-0.5016445466333133,-0.09033444891458606,-0.04364596537050831,0.28951065,-0.20163826241335525,-0.0031432711204595117,1.3066441072116204,0.0,-0.5,0.237451171875,0.09214708209037781,1.0020661354064941,15063,0.000265258722,-0.012719287839718162,0.9787997007369995,1.1353155285120011,0.028496534,0.2,-34.07866458892822
4006,229.72,625,0.0,2875,0.0,0.0,-119.26667984000001,0.7750046252374654,0.0,0.0,14.315455104349608,-0.38442497660751235,0.0,68.4381175,-0.1082292372624331,-0.0132521539950428,0.01,-8.5355076894547e-06,-0.17732623541798992,-0.046496414438747156,0.04221901602410408,0.5833948865,-0.009259799982020114,32.085191484831064,-0.3104624226803073,69519420,0.0,0.0,0.00011121902692442139,-0.278174001412562,-0.018497917387287968,-0.14499308510527872,-0.011046006944444287,-4.458876273427628e-08,-0.4890156532230115,-0.08734360261726967,-0.04781323126396737,0.28958745,-0.20350984779259557,-0.003190197340899885,1.2758261991867554,0.0,-0.5,0.2719482421875,0.2542697489261627,1.0022603273391724,15067,0.000265249506,-0.011122627719305455,0.9838650822639465,0.8749752074480057,0.029511953,0.2,-34.07866516113281
4006,215.69,626,0.0,2880,0.0,0.0,-117.53138112999999,0.7529521558211361,0.0,0.0,15.568100687046805,-0.3811327257807023,0.0,68.4496375,-0.10812249509257162,-0.012512547626285736,0.01,-2.2034304083403867e-06,-0.17259504175980678,-0.04579699369970408,0.04156582829210385,0.5833772225,-0.010204622355457913,31.17221925099503,-0.3151195465680576,69537852,0.0,0.0,0.00010633629669124882,-0.2788559163017047,-0.01842230549024958,-0.14358965043093108,-0.01165364583333314,-4.410018692287759e-08,-0.498173360427901,-0.08997823408159746,-0.04549720752086341,0.28966425,-0.20672900057137303,-0.003211235737570658,1.2947036890929229,0.0,-0.5,0.2338623046875,0.21338284015655518,1.0018696784973145,15071,0.00026524029,-0.011362897488288582,0.976841390132904,1.2142006695270537,0.02645815,0.2,-34.076437377929686
4006,209.33,627,0.0,2884,0.0,0.0,-117.24652613,0.7635627804489116,0.0,0.0,15.452538013973234,-0.3723878981959335,0.0,68.4611575,-0.10812285418414962,-0.012110270376708832,0.01,-3.2204881024255775e-06,-0.16850474472791588,-0.04605475992029352,0.04062537816023877,0.5833595585,-0.01124547216103464,31.611499110584937,-0.3128237249580378,69556284,0.0,0.0,8.409243309870362e-05,-0.2774020315430596,-0.018398306585402306,-0.14561641425934976,-0.011176215277777617,-4.555611533390188e-08,-0.4997916377706284,-0.09142620767912919,-0.043725953072076745,0.28974105,-0.20629870438844777,-0.003189261392995947,1.3045759071144678,0.0,-0.5,0.22900390625,0.36628857254981995,1.0025051832199097,15075,0.00026523107399999997,-0.012883701821556315,0.9877623319625854,0.6535298399627208,0.026338547,0.2,-34.08023338317871
4006,226.23,628,0.0,2889,0.0,0.0,-119.25916078999998,0.8317154704951402,0.0,0.0,19.2263227418135,-0.3856268338327227,0.0,68.4726775,-0.10824368393902498,-0.01266761564837244,0.01,-9.968435629376447e-06,-0.1648305294579661,-0.04582470090319019,0.04109068105803214,0.5833418945,-0.012653481933133056,34.433020478498804,-0.31790251755771193,69574716,0.0,0.0,9.440057328902185e-05,-0.2752387433892862,-0.018485345220140406,-0.14569129168472958,-0.010980902777777624,-4.345900857477687e-08,-0.49323928823661384,-0.08969846588700144,-0.046137340692592545,0.28981785,-0.20714497566501833,-0.003184448470710988,1.2856034635303268,0.0,-0.5,0.28270263671875,0.2420853078365326,1.0026392936706543,15079,0.000265221858,-0.007414425478782505,0.9821697473526001,0.9580010324716568,0.028220352,0.2,-34.08430576324463
4006,211.29,629,0.0,2893,0.0,0.0,-117.80470001999998,0.7682978873087107,0.0,0.0,15.469507375399717,-0.3813869960009514,0.0,68.4841975,-0.10826424415803304,-0.012107676812878665,0.01,-4.019919314715e-06,-0.16396857942791923,-0.046348401079083924,0.04116365806415063,0.5833242305,-0.012466444727680128,31.807532534580623,-0.3142816446863609,69593148,0.0,0.0,0.00011718701959277193,-0.2762478485210829,-0.018621598714611026,-0.1455741294348549,-0.010980902777777626,-4.46523373653074e-08,-0.5013794112836945,-0.08963181361887101,-0.04492525219541972,0.28989465,-0.20410899982703326,-0.0032197390717877547,1.2842211010764053,0.0,-0.5,0.2352783203125,-0.10842859745025635,1.002629280090332,15083,0.000265212642,-0.014095656923018396,0.978295087814331,1.0805977493524552,0.027925026,0.2,-34.08405075073242
4006,206.3,630,0.0,2898,0.0,0.0,-117.57506851999999,0.7661301144417705,0.0,0.0,16.131217548607182,-0.37982198110472487,0.0,68.49571750000001,-0.10824026419009194,-0.012074319596179418,0.01,-2.1198837609077264e-06,-0.1681022907797121,-0.04603110294376752,0.04095819066656707,0.5833065665,-0.010945315530989319,31.7177867378893,-0.3241042591719748,69611580,0.0,0.0,7.703950783858697e-05,-0.2800728174101496,-0.018767284218061564,-0.14719433231609327,-0.011469184027777598,-4.5891908745728735e-08,-0.4982991084129862,-0.08791378313715076,-0.044787370319985316,0.28997145,-0.20327384515318825,-0.003239489326159862,1.288958109625122,0.0,-0.5,0.27413330078125,0.4343602955341339,1.0033636093139648,15087,0.00026520342599999997,-0.010580829740501941,0.9710619449615479,1.561086618900299,0.032858487,0.2,-34.091654014587405
4006,208.29,631,0.0,2902,0.0,0.0,-117.43989404000001,0.7673142711916385,0.0,0.0,16.15717989948425,-0.3782377138089513,0.0,68.5072375,-0.10820090534216285,-0.012834999260433482,0.01,-7.93970094438477e-07,-0.17146535241557265,-0.04608693263930406,0.040950947424885385,0.5832889025,-0.011878202096947158,31.766810827333835,-0.30611812389845017,69630012,0.0,0.0,0.00012695257707188526,-0.2738725967692699,-0.018363312401784737,-0.14335546784088102,-0.011035156249999843,-4.376878740871942e-08,-0.499415063132881,-0.08691453830260093,-0.044585074247810684,0.29004825,-0.20332865817645973,-0.0031944432388704416,1.2792639734506652,0.0,-0.5,0.28282470703125,0.26807036995887756,1.0031765699386597,15091,0.00026519421,-0.008910457568708808,0.9654616117477417,1.908153134584427,0.030725723,0.2,-34.09181098937988
4007,221.31,632,0.0,2907,0.0,0.0,-118.94404278000002,0.7459726601000192,0.0,0.0,15.456897828046692,-0.3831984267316907,0.0,68.51875749999999,-0.10829481926187631,-0.012397857008914145,0.01,0.0,-0.1660911425978843,-0.04585731263174905,0.041617156809146016,0.5832712385000001,-0.011527724610964974,30.88326812814079,-0.299457011322871,69648444,0.0,0.0,9.711329281950991e-05,-0.2741037010035219,-0.018304250771845686,-0.1429285597603098,-0.01061197916666653,-4.30528005452669e-08,-0.4946660791310645,-0.09065818427249842,-0.04398763422800947,0.29012505,-0.20277754127606515,-0.0031620630749833126,1.2833122942324677,0.0,-0.5,0.2542236328125,0.5889722108840942,1.0027165412902832,15095,0.000265184994,-0.009754801413509994,0.9750814437866211,1.3197360008955001,0.03050661,0.2,-34.08642711639404
4007,228.51,633,0.0,2911,0.0,0.0,-119.31652636000001,0.7754612386246533,0.0,0.0,15.383933510609033,-0.393688085173127,0.0,68.5302775,-0.10824667320297227,-0.012327065279994073,0.01,-2.49885991549748e-06,-0.16357793820188446,-0.046559079677393284,0.041679635917448436,0.5832535745,-0.012925562075300453,32.104095279060644,-0.3178895802535166,69666876,0.0,0.0,0.00010199612006545067,-0.2812245251139378,-0.018805907161129076,-0.1456115210426939,-0.011197916666666499,-4.474453389063485e-08,-0.49590981706871884,-0.08794710536147639,-0.04533931472699785,0.29020185,-0.1977536526326352,-0.003251226911218513,1.2681086148920167,0.0,-0.5,0.23138427734375,-0.14010079205036163,1.0023647546768188,15099,0.000265175778,-0.01461891820654273,0.986259937286377,0.6793504118919372,0.02706043,0.2,-34.081152534484865
4007,233.08,634,0.0,2916,0.0,0.0,-119.50460255,0.8577472095169185,0.0,0.0,21.70034440393105,-0.37898766428971825,0.0,68.5417975,-0.10851752390194774,-0.011964161945063693,0.01,-9.56114028790163e-07,-0.16350318358299354,-0.04579194398260913,0.040728666627756344,0.5832359105,-0.012218098545822108,35.51073447400042,-0.3178671506862378,69685308,0.0,0.0,0.00010470875228444736,-0.27286990859756355,-0.01816729874346415,-0.14172730278018328,-0.010818142361110965,-4.3311051165372836e-08,-0.497895695745596,-0.08661894609628598,-0.04406685466354351,0.29027865,-0.19615949711935785,-0.0031603989085002126,1.278189451538261,0.0,-0.5,0.2810791015625,0.03505891561508179,1.0022692680358887,15103,0.000265166562,-0.011421447491738946,0.977020800113678,1.2003386795520783,0.033523053,0.2,-34.0792179107666
4007,213.69,635,0.0,2920,0.0,0.0,-117.97712361999997,0.7736382729443738,0.0,0.0,17.03913961607202,-0.38231494046439185,0.0,68.5533175,-0.10810945390369964,-0.012013953264685063,0.01,0.0,-0.1645900362915071,-0.04560258024243196,0.040633180633160466,0.5832182465,-0.012121391970948834,32.02862449989708,-0.3044888230899751,69703740,0.0,0.0,0.00011230420204810798,-0.27146379641178686,-0.018229194653654142,-0.14194207683325927,-0.011132812499999839,-4.3286602217663275e-08,-0.49716782531962334,-0.0863423507900854,-0.044127938428044494,0.29035545,-0.18941654860937862,-0.0031839662845112612,1.2669746135989397,0.0,-0.5,0.269580078125,-0.23749737441539764,1.002747893333435,15107,0.000265157346,-0.010211949341464788,0.9887601733207703,0.5839975595474243,0.034955017,0.2,-34.08631896972656
4007,228.7,636,0.0,2924,0.0,0.0,-119.22249121,0.7419330781261877,0.0,0.0,13.867066416333637,-0.3843767227355429,0.0,68.56483750000001,-0.10839486129725237,-0.011841938244725592,0.01,-5.603198150519604e-07,-0.16257577357542907,-0.046183373238709295,0.04164394972924568,0.5832005825,-0.012608315021174753,30.71602943442417,-0.31564077117012695,69722172,0.0,0.0,7.052915558839838e-05,-0.27230711737203567,-0.01842256186343992,-0.14379091863262033,-0.011013454861110949,-4.375321901498017e-08,-0.4991273661816575,-0.08636499000537375,-0.044423879427844926,0.29043225,-0.1966695571760931,-0.003200638363817896,1.2778940911852266,0.0,-0.5,0.31458740234375,0.6342371702194214,1.0029466152191162,15111,0.00026514812999999996,-0.007702182303182781,0.9698348641395569,1.6673680186271667,0.034335084,0.2,-34.085523796081546
4007,207.41,637,0.0,2929,0.0,0.0,-117.34838326,0.8519239039372406,0.0,0.0,22.198227637382807,-0.37862261601187996,0.0,68.5763575,-0.10829634208619021,-0.012081270773962354,0.01,-3.7391647411539716e-06,-0.16433215509691226,-0.04571807305848242,0.040878685944658884,0.5831829185,-0.01129199380617744,35.26964962300176,-0.32055073853692884,69740604,0.0,0.0,9.006033845556279e-05,-0.2699049056727066,-0.01822258366586119,-0.14195933292037918,-0.011165364583333162,-4.361159008334111e-08,-0.5012982573709411,-0.08644990684212657,-0.043618983418378506,0.29050905,-0.19698107411327373,-0.0031856623748517674,1.278320378153967,0.0,-0.5,0.29122314453125,-0.0037078559398651123,1.003576636314392,15115,0.000265138914,-0.011119372537359595,0.9824203848838806,0.9220305532217026,0.03586626,0.2,-34.095823097229
4007,224.89,638,0.0,2934,0.0,0.0,-119.3028717,0.7367349846001954,0.0,0.0,14.413983333831828,-0.3832115537314558,0.0,68.58787749999999,-0.10839473976717204,-0.011975540251283088,0.01,-1.4508056067014923e-06,-0.16384625838496716,-0.046082850468859834,0.040755683705378104,0.5831652545,-0.01508484481180656,30.500828362448086,-0.3063872959167875,69759036,0.0,0.0,7.052907797818382e-05,-0.2749036413143488,-0.01829821354167068,-0.14197787393933636,-0.010536024305555424,-4.4220453998293104e-08,-0.4978138443981317,-0.08417990144533813,-0.044438264746675005,0.29058585,-0.19518090528318624,-0.0032067931995259646,1.2754629425330475,0.0,-0.5,0.3173828125,0.34198376536369324,1.0027470588684082,15119,0.000265129698,-0.009051355440169573,0.9768959283828735,1.2422089576721191,0.03372813,0.2,-34.086792182922366
4008,224.75,639,0.0,2938,0.0,0.0,-119.26055271,0.7583461950401331,0.0,0.0,16.48157576543801,-0.3840321730640214,0.0,68.59939750000001,-0.10821110279804218,-0.011891933197589067,0.01,-1.4018723597327687e-07,-0.16345710997254442,-0.045718687425455456,0.04127246313492536,0.5831475905,-0.0127442194740676,31.39553247466151,-0.3043497061398053,69777468,0.0,0.0,6.890148506499827e-05,-0.2681832044479604,-0.018168542231326898,-0.1416570143048799,-0.01083984374999985,-4.4108201278764275e-08,-0.5089153055555838,-0.08599158339555249,-0.043466965424790754,0.29066265,-0.1922038414855817,-0.003184500123343705,1.2789194760327955,0.0,-0.5,0.2158935546875,-0.11956758797168732,1.002288579940796,15123,0.000265120482,-0.011500594532117247,0.9837380647659302,0.7256270229816437,0.021787006,0.2,-34.081213760375974
4008,220.79,640,0.0,2943,0.0,0.0,-118.55504361000001,0.75324322286907,0.0,0.0,15.142963739665806,-0.3773448058394387,0.0,68.6109175,-0.10817481115696337,-0.011967775841739357,0.01,-1.2312914229918103e-06,-0.16177482754310807,-0.04597978533169388,0.03971356093309723,0.5831299265000001,-0.013991504298044473,31.184269426779498,-0.3215390916777918,69795900,0.0,0.0,6.673140645337601e-05,-0.2717871234633443,-0.01848604965914262,-0.14191057057498932,-0.011046006944444287,-4.311758254575105e-08,-0.500006808853651,-0.08508772456658069,-0.04303824645380451,0.29073945,-0.19956568750758016,-0.0032537641452894,1.2946372493559695,0.0,-0.5,0.241650390625,-0.16362407803535461,1.0023999214172363,15127,0.00026511126599999997,-0.011425134213641285,0.9853944778442383,0.7492262095212936,0.029446483,0.2,-34.081201171875
4008,208.55,641,0.0,2947,0.0,0.0,-117.24740066,0.7398303866299321,0.0,0.0,15.216289833963348,-0.3858238490391279,0.0,68.62243749999999,-0.10817601861079616,-0.012133141862016488,0.01,-1.961111038237039e-06,-0.16709931515467033,-0.046442641519731244,0.04134709901708285,0.5831122625,-0.012022243812680244,30.628978006479187,-0.31776992317152275,69814332,0.0,0.0,8.626252141160269e-05,-0.2767700594392417,-0.01866750333500727,-0.14323360123686557,-0.010850694444444293,-4.4516280342938054e-08,-0.49096207987197654,-0.0849619251863966,-0.045808954940565666,0.29081625,-0.19925718806998158,-0.003258528830450063,1.2890796808016356,0.0,-0.5,0.26640625,0.3229339122772217,1.0024784803390503,15131,0.00026510205,-0.008556593849789351,0.9808369874954224,1.1338519662618638,0.026315963,0.2,-34.08144817352295
4008,215.21,642,0.0,2952,0.0,0.0,-117.57378274999999,0.7582416588127432,0.0,0.0,16.005408157486954,-0.38145797387727653,0.0,68.63395750000001,-0.10812985566787586,-0.012390566868864967,0.01,-1.1278079039821942e-05,-0.16349807515388606,-0.04609634878067077,0.04074099857062422,0.5830945985,-0.013716574287779318,31.391204674847568,-0.3095020017195069,69832764,0.0,0.0,0.00011610185417036216,-0.27179035842978494,-0.018290597877554597,-0.14149167956753692,-0.010503472222222091,-4.364600982092106e-08,-0.5040745274712864,-0.08622996828637498,-0.044316911605842696,0.29089305,-0.20103951648896595,-0.0032090888458861217,1.2940417316129214,0.0,-0.5,0.2338134765625,0.007259994745254517,1.0027796030044556,15135,0.000265092834,-0.010908979992382228,0.9693108797073364,1.5724270045757294,0.027787056,0.2,-34.08562889099121
4007,210.48,643,0.0,2957,0.0,0.0,-117.19670760999999,0.7824373578562867,0.0,0.0,15.823138456966234,-0.38604506631037877,0.0,68.6454775,-0.10818008327238327,-0.012587209308559772,0.01,-1.6771053724363048e-06,-0.1672773138533377,-0.046642675720001685,0.0431246848213723,0.5830769345,-0.01096267618575237,32.39290661525027,-0.3202379671094548,69851196,0.0,0.0,0.00012478241114877164,-0.27508647502809436,-0.018495074326355013,-0.14383465845019142,-0.01116536458333317,-4.5189505361895304e-08,-0.4840808043243558,-0.08457533559855805,-0.04606777103514341,0.29096985,-0.19961973802972643,-0.0032417617132314393,1.28284696938807,0.0,-0.5,0.22813720703125,-0.2326643317937851,1.0023895502090454,15139,0.00026508361799999997,-0.016152598813641818,0.9882159233093262,0.6281479224562645,0.02649403,0.2,-34.08258953094482
4008,223.36,644,0.0,2961,0.0,0.0,-118.39543343999998,0.7439348414504261,0.0,0.0,15.141538568997737,-0.3807837790941431,0.0,68.6569975,-0.10824176461294258,-0.011916874233919843,0.01,-2.904618035572661e-06,-0.16097887558594662,-0.04563315850652629,0.039974841905046826,0.5830592705,-0.013303571366122924,30.79890243604764,-0.31774525748471,69869628,0.0,0.0,0.0001242399545541654,-0.2709648504799818,-0.018211164240328665,-0.14202418603674904,-0.010590277777777643,-4.562308538580894e-08,-0.49954330781961837,-0.08503612027294469,-0.04477105380551575,0.29104665,-0.202468267452108,-0.0031900765686918757,1.2871973255172222,0.0,-0.5,0.2604736328125,0.3729337453842163,1.0022263526916504,15143,0.000265074402,-0.00718485438846983,0.974887490272522,1.3471251457929612,0.029401977,0.2,-34.078704833984375
4008,225.97,645,0.0,2966,0.0,0.0,-119.40602706000001,0.8497955931536858,0.0,0.0,21.775580541666322,-0.3887531473995883,0.0,68.66851750000001,-0.10831724369838441,-0.012575876365068144,0.01,-1.3850982769679805e-06,-0.16629599994409644,-0.04683900806475263,0.0415708555885779,0.5830416065,-0.011434273703748154,35.18153755656259,-0.3205617301764655,69888060,0.0,0.0,0.00017903580252702037,-0.27989862852649344,-0.018710725085515884,-0.14491892900720654,-0.010872395833333182,-4.6934086971218336e-08,-0.4883984936244492,-0.08461888725554426,-0.046378801040337495,0.29112345,-0.20022275187007446,-0.0032707707663458385,1.260083617185913,0.0,-0.5,0.25562744140625,-0.03366157412528992,1.0024065971374512,15147,0.000265065186,-0.015624610322993249,0.9914536476135254,0.462414538860321,0.030263186,0.2,-34.08206272125244
4008,218.23,646,0.0,2970,0.0,0.0,-118.64336826,0.8210246823390397,0.0,0.0,18.969979897848194,-0.3865519768306419,0.0,68.6800375,-0.10826212623143167,-0.013020196210921094,0.01,-3.456622789917642e-06,-0.1703973798728685,-0.04618296236574638,0.043043972758522855,0.5830239425,-0.010242057964205742,33.99042184883624,-0.30907978689834736,69906492,0.0,0.0,0.00018771634010287622,-0.2803731238691964,-0.01862636784987312,-0.1449927037004895,-0.01103515624999985,-4.605860008969706e-08,-0.4790146201505771,-0.08866617249642753,-0.04619940645693421,0.29120025,-0.20991908041237906,-0.00326223455191414,1.2851184641399256,0.0,-0.5,0.26217041015625,0.6068036556243896,1.0025899410247803,15151,0.00026505597,-0.010636968119069935,0.9630576372146606,2.045951062440872,0.031508196,0.2,-34.08116855621338
4008,223.79,647,0.0,2975,0.0,0.0,-119.30876853,0.7410254472408229,0.0,0.0,14.780544950545764,-0.3921573695382497,0.0,68.69155749999999,-0.10821232866473365,-0.012623671605562006,0.01,-1.1146645211869961e-06,-0.16575433843517795,-0.0470679060552642,0.04139420491993799,0.5830062785,-0.012009631093759607,30.678453515770066,-0.3217728003729406,69924924,0.0,0.0,0.00015516420050213733,-0.2757302279327728,-0.018587607786753554,-0.14629670985767929,-0.010774739583333194,-4.673234409049448e-08,-0.490430633169112,-0.08442570515909387,-0.04839060944128446,0.29127705,-0.19667624487096141,-0.0032357077162153284,1.2425764026979391,0.0,-0.5,0.20101318359375,0.004445850849151611,1.002365231513977,15155,0.000265046754,-0.013285618519876152,0.9745151996612549,1.1083622366189956,0.021233229,0.2,-34.08227882385254
4008,210.8,648,0.0,2979,0.0,0.0,-117.29781509,0.7459376658985022,0.0,0.0,15.068148810449927,-0.3802626033780147,0.0,68.7030775,-0.10811598907560953,-0.01239987438833396,0.01,-1.9998033086220118e-05,-0.16963363236814777,-0.04594301983556334,0.042621955923181944,0.5829886145000001,-0.009385396487131301,30.88181936819799,-0.30841652932384755,69943356,0.0,0.0,0.00013346293902335068,-0.2751517008639453,-0.018373797071457594,-0.1431568619868106,-0.010948350694444293,-4.6870127711810476e-08,-0.48949128108796713,-0.08605649318325966,-0.04390224721879223,0.29135385,-0.1984497491783294,-0.003222272653321777,1.2834158759749974,0.0,-0.5,0.21173095703125,0.3965940475463867,1.0019612312316895,15159,0.000265037538,-0.012577554432209582,0.9648032784461975,1.8271527230739593,0.020927202,0.2,-34.07744102478027
4008,207.96,649,0.0,2984,0.0,0.0,-117.41447138999996,0.759380605214308,0.0,0.0,16.712653237249068,-0.3879900260686429,0.0,68.7145975,-0.10829598404549856,-0.012698947800119216,0.01,-4.016710630267076e-06,-0.16454985853430049,-0.046275619174917876,0.041266619195640716,0.5829709505,-0.009553582363878377,31.43835705587235,-0.30998282414676914,69961788,0.0,0.0,0.00016004703744935492,-0.2801154252582315,-0.018556770815098197,-0.14378693959847835,-0.01087239583333318,-4.361172504867159e-08,-0.4926773406166122,-0.08681781787301882,-0.04625907654447877,0.29143065,-0.20131467949171875,-0.0032687523546467835,1.2699241343172836,0.0,-0.5,0.23912353515625,0.17107313871383667,1.002244472503662,15163,0.00026502832199999996,-0.011775633203797042,0.9814548492431641,1.0344720989465714,0.026104623,0.2,-34.07979888916016
4008,229.44,650,0.0,2988,0.0,0.0,-118.79693161000002,0.8621421618485179,0.0,0.0,20.740522217552382,-0.3825512900018345,0.0,68.7261175,-0.10850618846932997,-0.01208691088303239,0.01,-8.620960236853943e-06,-0.16765960704093685,-0.0463279778232881,0.042607153343733904,0.5829532865,-0.009456875358915163,35.69268550052864,-0.31261301136518793,69980220,0.0,0.0,0.0001188145737008502,-0.2777963414356191,-0.018582146009860162,-0.14260017844939504,-0.01106770833333317,-4.6414409285304065e-08,-0.48234325147106066,-0.08530646523678867,-0.04475081549544015,0.29150745,-0.19420531101565822,-0.0032556255341228027,1.2941934287083743,0.0,-0.5,0.24326171875,0.08117833733558655,1.0025420188903809,15167,0.000265019106,-0.014716853643767536,0.9828906655311584,0.8219179823994637,0.029181907,0.2,-34.08324508666992
4008,227.62,651,0.0,2993,0.0,0.0,-118.53722800999999,0.7669558428633176,0.0,0.0,14.626354414978811,-0.38557268742250883,0.0,68.7376375,-0.10823762522228163,-0.01182489382533644,0.01,-4.376917617155516e-06,-0.1598026870895165,-0.04570305083163232,0.040990025864467775,0.5829356225,-0.009356099591564594,31.75197189454135,-0.3138653249622243,69998652,0.0,0.0,9.385798087654014e-05,-0.27365944233493816,-0.01857158209227592,-0.1443258445733648,-0.010883246527777628,-4.625166887365835e-08,-0.48209669135523825,-0.08457616179524723,-0.04529219242591705,0.29158425,-0.1915627082550645,-0.0032484070211732815,1.276676811206518,0.0,-0.5,0.28233642578125,0.4087890088558197,1.0029939413070679,15171,0.00026500989,-0.011076228332240135,0.9773937463760376,1.2308183580636978,0.034421343,0.2,-34.087310791015625
4006,220.14,652,0.0,2999,0.0,0.0,-118.12684442999998,0.7371473995787068,0.0,0.0,13.402628412104068,-0.37645699437346225,0.0,68.7491575,-0.10835681667750238,-0.011703526995965082,0.01,-2.383652092799821e-06,-0.16112428338799611,-0.04583846040471061,0.04121953964481467,0.5829179585,-0.0115106349031622,30.51790234255846,-0.3151516863825809,70017084,0.0,0.0,7.812457624822855e-05,-0.27569230746878975,-0.01863463515133202,-0.14413100483721455,-0.011219618055555387,-4.391094813128229e-08,-0.4964710235634357,-0.08701439590114954,-0.04421357354827577,0.29166105,-0.19629829026957724,-0.0032734538672536226,1.2843356075633556,0.0,-0.5,0.2487548828125,0.06512913107872009,1.0028249025344849,15175,0.000265000674,-0.009442706150002778,0.9843361973762512,0.8459370002150536,0.029031292,0.2,-34.086787414550784
4006,233.95,653,0.0,3003,0.0,0.0,-119.52627837000001,0.7102303124818632,0.0,0.0,12.914942542514767,-0.3836742770690778,0.0,68.7606775,-0.10832786741992945,-0.011502875786424449,0.01,-8.992787484018019e-07,-0.16459363719519782,-0.046186744379627526,0.04187239115972461,0.5829002945,-0.011212242196456322,29.403534936749136,-0.3025832750546693,70035516,0.0,0.0,9.982588623339932e-05,-0.2759966770797393,-0.018562594372476256,-0.14291578832245075,-0.01094835069444429,-4.6213267355817055e-08,-0.48513278669114,-0.08501497357282409,-0.045928860627371844,0.29173785,-0.18717623352262494,-0.0032665056149457435,1.254996037286633,0.0,-0.5,0.27205810546875,-0.21991334855556488,1.0023390054702759,15179,0.00026499145799999997,-0.008670930023072287,0.9858570098876953,0.6846875786781311,0.027084941,0.2,-34.08142147064209
4007,216.28,654,0.0,3008,0.0,0.0,-118.3258363,0.7854026417584419,0.0,0.0,16.409457612258507,-0.37934249377088,0.0,68.7721975,-0.10825061331569052,-0.01161748593382589,0.01,-8.562226671856418e-07,-0.1565066130944041,-0.0465124457531701,0.04252831147729313,0.5828826305,-0.013032307930795165,32.51566936879949,-0.3114789117094522,70053948,0.0,0.0,8.409244279998045e-05,-0.27292018346290836,-0.018417205784373992,-0.14268748998755873,-0.010991753472222076,-4.509785557459293e-08,-0.490909038455348,-0.08468482229231813,-0.045159566351000546,0.29181465,-0.1882888536270457,-0.003242600477885419,1.253461985476388,0.0,-0.5,0.25853271484375,0.37097278237342834,1.0030134916305542,15183,0.000264982242,-0.011741661932319403,0.9837194085121155,0.8121664069592953,0.027510926,0.2,-34.086085891723634
4007,223.45,655,0.0,3012,0.0,0.0,-118.71063831,0.772362340402529,0.0,0.0,15.926205622869215,-0.37505113263712625,0.0,68.7837175,-0.10845238214198863,-0.01178028027844489,0.01,0.0,-0.16113461049253058,-0.045204568577799455,0.04118292178478731,0.5828649665,-0.011755181801466582,31.9758008926647,-0.31389937269185647,70072380,0.0,0.0,9.548560289355616e-05,-0.2744637666347734,-0.018354932116583914,-0.1422327221404935,-0.011100260416666514,-4.535293728562685e-08,-0.48808586794344655,-0.08482941378723917,-0.04466763603971596,0.29189145,-0.19220800741416233,-0.003233124570667928,1.2750845767916157,0.0,-0.5,0.2724365234375,1.274984359741211,1.002923607826233,15187,0.000264973026,-0.01088360722642392,0.9529223442077637,2.561597263813019,0.029984033,0.2,-34.08859558105469
4007,223.4,656,0.0,3017,0.0,0.0,-118.09355824000001,0.7569393935460964,0.0,0.0,14.886540180530016,-0.3763275974476692,0.0,68.7952375,-0.10839789916454337,-0.011696371340069284,0.01,-1.5351968441075152e-05,-0.15949505656493118,-0.044829193512818805,0.041220019218163886,0.5828473025,-0.010022464956920076,31.33729089280839,-0.31019015379568904,70090812,0.0,0.0,7.595441032511492e-05,-0.27682375685983085,-0.018534718907455956,-0.14223520151307276,-0.011295572916666495,-4.493261211928509e-08,-0.4894956092882472,-0.08655931088723179,-0.04515006265665154,0.29196825,-0.1954699221048695,-0.003255405719939684,1.2886732253633804,0.0,-0.5,0.2574951171875,0.723434329032898,1.0029659271240234,15191,0.00026496380999999997,-0.010516034020110965,0.9649738073348999,2.0137028336524962,0.029809793,0.2,-34.087434959411624
4007,228.26,657,0.0,3021,0.0,0.0,-118.61186314000001,0.7382346163979339,0.0,0.0,14.333131298817118,-0.38622419244458467,0.0,68.8067575,-0.10839042875925847,-0.011627297903307354,0.01,0.0,-0.16217981616714716,-0.045713523398915254,0.04162211126121344,0.5828296385,-0.012205619453905255,30.562913118874462,-0.3244950514476016,70109244,0.0,0.0,6.130603530133764e-05,-0.2802016810875939,-0.018762470539718593,-0.14315434679285338,-0.01126302083333316,-4.506401787389787e-08,-0.49904661698230224,-0.08664340997933201,-0.045203155141998214,0.29204505,-0.19633401100490824,-0.0033064799659305207,1.2760820593537607,0.0,-0.5,0.23917236328125,0.12230899930000305,1.002532720565796,15195,0.000264954594,-0.010553106677252799,0.9810182452201843,0.9807675123214722,0.027763471,0.2,-34.08433303833008
4007,231.98,658,0.0,3026,0.0,0.0,-119.43348839999999,0.7830387883130399,0.0,0.0,16.061122085406073,-0.3857342300913135,0.0,68.8182775,-0.10838693227535078,-0.012447409599470157,0.01,-4.965614672664336e-06,-0.1637898991757685,-0.047027762448840334,0.041305448604169306,0.5828119745,-0.010861765007979961,32.41780583615985,-0.3305046373401982,70127676,0.0,0.0,0.00011284672655165195,-0.2856382872380764,-0.01894312123855862,-0.14500409065001166,-0.011100260416666504,-4.370033238006546e-08,-0.48562530763337697,-0.08528158478465085,-0.04597699594730446,0.29212185,-0.2009957447464876,-0.0033252268763096556,1.2681809586318549,0.0,-0.5,0.23369140625,-0.21238797903060913,1.0019736289978027,15199,0.000264945378,-0.014860053593292833,0.9901934862136841,0.47657829970121385,0.024888728,0.2,-34.07687397003174
4007,225.71,659,0.0,3030,0.0,0.0,-118.49397976,0.8291134265936058,0.0,0.0,20.000831185749576,-0.3778835179770482,0.0,68.8297975,-0.10830531955312815,-0.01207427731497624,0.01,-8.892522684512367e-07,-0.15749675752845535,-0.04598061428471147,0.03970284689204149,0.5827943105,-0.010660078790452745,34.325295860975274,-0.3276377883746777,70146108,0.0,0.0,0.00011664449508922796,-0.27995433441466294,-0.018649447378837884,-0.14335907393376865,-0.01082899305555541,-4.438575815669048e-08,-0.48812113513147043,-0.08462067645608978,-0.045253423198722824,0.29219865,-0.19816103953202047,-0.003287988648062489,1.268992681759476,0.0,-0.5,0.25916748046875,-0.277182936668396,1.0023802518844604,15203,0.000264936162,-0.01320222404319793,0.9891679286956787,0.48687503337860105,0.031261425,0.2,-34.079000091552736
4007,224.21,660,0.0,3035,0.0,0.0,-119.14864187999997,0.8164774748753636,0.0,0.0,18.213849567211753,-0.38772660861783115,0.0,68.8413175,-0.10852693884180604,-0.01159463008992715,0.01,-7.409301277595228e-07,-0.15515889910767078,-0.04590976602995594,0.04103264865632759,0.5827766465,-0.012289306802105986,33.80216745984005,-0.32525030371023755,70164540,0.0,0.0,9.765572031028569e-05,-0.2780302275491465,-0.018526501878790978,-0.14347293752149806,-0.010687934027777644,-4.4844731091314757e-08,-0.49149237652294797,-0.08474839262250883,-0.04569913150970393,0.29227545,-0.19659194670173,-0.003265110056213162,1.2645710323787223,0.0,-0.5,0.28082275390625,-0.21452459692955017,1.0030574798583984,15207,0.000264926946,-0.011660400638356805,0.9836390018463135,0.8347829729318619,0.03794005,0.2,-34.08787612915039
4008,214.7,661,0.0,3039,0.0,0.0,-117.52054788,0.7684911105555541,0.0,0.0,15.201132132237309,-0.3810301997950316,0.0,68.85283749999999,-0.10845326789431653,-0.011943426635658939,0.01,-2.5797939911226514e-06,-0.15874151563588887,-0.0455371447102062,0.040607563064455,0.5827589825,-0.010037656664887132,31.81553197699994,-0.3264924107336782,70182972,0.0,0.0,0.00010742139420472085,-0.2797742913132839,-0.018623965890716507,-0.1422220130276304,-0.010926649305555404,-4.613050812205892e-08,-0.4918337834814797,-0.08681037623177244,-0.04458249045424578,0.29235225,-0.20196270217745926,-0.0032943020273587505,1.3016172963922648,0.0,-0.5,0.262890625,0.015486925840377808,1.0021089315414429,15211,0.00026491773,-0.01128134546452202,0.9765670895576477,1.0202666491270065,0.023732575,0.2,-34.08074436187744
4008,217.65,662,0.0,3044,0.0,0.0,-118.01521741999998,0.7677819334346234,0.0,0.0,15.790194421547422,-0.3809534797145104,0.0,68.86435750000001,-0.10840340547909656,-0.01233496266694941,0.01,-4.736197760389887e-06,-0.15762291589697588,-0.04501628866233073,0.04048363259643106,0.5827413185,-0.011494900863100257,31.786172044193407,-0.33375567093853525,70201404,0.0,0.0,8.572000660933554e-05,-0.27839305092390304,-0.018597134515614705,-0.1413034396527129,-0.011121961805555396,-4.350929273716406e-08,-0.49780029779916674,-0.08518350959569232,-0.04554474574949206,0.29242905,-0.20223966740900964,-0.0033172141433362766,1.2882314042035412,0.0,-0.5,0.177490234375,0.034516841173172,1.0020756721496582,15215,0.000264908514,-0.012879727315157652,0.9812719821929932,0.8972911030054093,0.022878624,0.2,-34.07633800506592
4008,222.97,663,0.0,3048,0.0,0.0,-118.66895905,0.7787015067118459,0.0,0.0,16.19185235963976,-0.3775686748783298,0.0,68.8758775,-0.108374359163835,-0.011960962266185777,0.01,-2.108737119907331e-06,-0.15374596304780497,-0.045147018941041867,0.03938848862379439,0.5827236545,-0.01341316343880155,32.23824237787042,-0.34577683938253023,70219836,0.0,0.0,6.94440386723727e-05,-0.27938856906704584,-0.01856337179027567,-0.14028956768343678,-0.010948350694444291,-4.225219947527754e-08,-0.5018275399814844,-0.08386331802582575,-0.045650172929996596,0.29250585,-0.19587378491501256,-0.0033143895646751396,1.275491093244912,0.0,-0.5,0.2568603515625,-0.04322376847267151,1.0016732215881348,15219,0.000264899298,-0.010844682669267058,0.9823591113090515,0.8417211145162582,0.029784882,0.2,-34.07410106658936
4008,209.49,664,0.0,3053,0.0,0.0,-117.51992597999998,0.7663735678812724,0.0,0.0,17.069742107608675,-0.38112472825242427,0.0,68.88739749999999,-0.10817607384892712,-0.011740970473309742,0.01,-2.261245230705574e-06,-0.15511108038707302,-0.0455309413353018,0.04009112074075747,0.5827059905,-0.013743430429409878,31.72786571028468,-0.32941910235435173,70238268,0.0,0.0,8.463498670607805e-05,-0.27783665976279837,-0.01855598010950538,-0.1421656733681102,-0.010926649305555406,-4.464856237373068e-08,-0.5010102372074648,-0.08541197525119536,-0.044877567085707504,0.29258265,-0.20183688764941654,-0.0032722303689074407,1.2820759764139809,0.0,-0.5,0.23912353515625,-0.13086947798728943,1.002020001411438,15223,0.000264890082,-0.01385048592928797,0.9890300631523132,0.5480312429368496,0.027084064,0.2,-34.07605667114258
4008,227.83,665,0.0,3057,0.0,0.0,-119.64042967999998,0.761945631176095,0.0,0.0,16.099281617434755,-0.3849146140808954,0.0,68.8989175,-0.10860171200724114,-0.01163224472562216,0.01,0.0,-0.15438454193602494,-0.045982221339649146,0.03964877471978162,0.5826883265,-0.010357886738751808,31.544549130690335,-0.33222689949201983,70256700,0.0,0.0,6.564626043351988e-05,-0.28201817176688504,-0.01870237871335521,-0.1430915090652957,-0.01134982638888871,-4.58179119232793e-08,-0.4941716781396266,-0.08490310060994455,-0.0454749674576205,0.29265945,-0.19701760964460296,-0.003331136000011401,1.2653647021657652,0.0,-0.5,0.27359619140625,-0.10447743535041809,1.0024335384368896,15227,0.000264880866,-0.009306020173244178,0.985602617263794,0.7603815495967865,0.02954952,0.2,-34.07697353363037
4008,221.15,666,0.0,3062,0.0,0.0,-118.86135798999997,0.7708706254948952,0.0,0.0,14.518239060194347,-0.38605182095555324,0.0,68.9104375,-0.10839769952880873,-0.011719638041494389,0.01,-1.7128432556291734e-06,-0.15494141724980703,-0.04554343460539553,0.04011057629519972,0.5826706625,-0.012892602947734607,31.914043895488657,-0.3436608260841567,70275132,0.0,0.0,8.08372375710557e-05,-0.2839503425360405,-0.018818253692233885,-0.14318236596841358,-0.010839843749999849,-4.621026572502911e-08,-0.49213138826478214,-0.08515034762337782,-0.046289638639427116,0.29273625,-0.2006095048309638,-0.0033375749594830497,1.2772365234631287,0.0,-0.5,0.27882080078125,0.2777905762195587,1.002711534500122,15231,0.00026487164999999997,-0.012359814345836639,0.9757993221282959,1.2502668797969818,0.035472594,0.2,-34.08587436676025
4008,212.3,667,0.0,3066,0.0,0.0,-118.65317895,0.7609969614567424,0.0,0.0,15.136818482486243,-0.3791135285518115,0.0,68.9219575,-0.10818961124415687,-0.011997793777437293,0.01,-3.778842308485095e-07,-0.15704304847591255,-0.045630924339890015,0.039291025998393535,0.5826529985,-0.01326953057691248,31.505274204309135,-0.34407331648106554,70293564,0.0,0.0,8.951772664052744e-05,-0.28364385175288587,-0.018668197088827464,-0.14416430577739725,-0.011328124999999824,-4.575899149278953e-08,-0.49209358205451903,-0.08373194073756646,-0.04560275819588991,0.29281305,-0.19755339917248776,-0.0032889330336426186,1.2449935188409804,0.0,-0.5,0.21905517578125,0.5133861303329468,1.001835823059082,15235,0.000264862434,-0.012929515447467566,0.9758281111717224,1.323885428905487,0.023617063,0.2,-34.076812171936034
4009,219.39,668,0.0,3071,0.0,0.0,-118.71863593999998,0.8462790824887125,0.0,0.0,21.86980269247289,-0.3767510382850342,0.0,68.93347750000001,-0.10838398765586386,-0.012048301850113586,0.01,-1.2661986684749304e-07,-0.15509915144961706,-0.04521847827385516,0.03869343080130004,0.5826353345,-0.010254806536573192,35.0359540150327,-0.3368784995734143,70311996,0.0,0.0,0.00011664440777773659,-0.2837074218614408,-0.0186494361248803,-0.14372593430384012,-0.01105685763888873,-4.4613614894931484e-08,-0.4939702017375065,-0.08522915382066669,-0.04513088015426759,0.29288985,-0.203796792047923,-0.0033162745225415124,1.2723038154282675,0.0,-0.5,0.2233642578125,0.3047408163547516,1.0022177696228027,15239,0.000264853218,-0.011397436005063355,0.971916913986206,1.5962772011756896,0.023846226,0.2,-34.07723426818848
4009,231.2,669,0.0,3075,0.0,0.0,-119.27922861,0.7633642067274642,0.0,0.0,16.424561698901464,-0.37963380965893884,0.0,68.9449975,-0.1084199516395596,-0.011564023098358751,0.01,-1.1428736609805399e-09,-0.15704843011805006,-0.04565410249416378,0.03965950462181776,0.5826176705,-0.011499378885168375,31.603278158517018,-0.3181696103035937,70330428,0.0,0.0,6.835897996400793e-05,-0.28671207301960616,-0.018990966342234697,-0.14561322260155546,-0.011816406249999798,-4.615365034758319e-08,-0.48664358932872254,-0.08640290991249036,-0.044661712894182255,0.29296665,-0.20355574622024708,-0.0033439385829163336,1.2834601693941894,0.0,-0.5,0.21697998046875,-0.1155640184879303,1.0026901960372925,15243,0.00026484400199999997,-0.01116615931969136,0.9760165810585022,1.188851886987686,0.023065943,0.2,-34.08604793548584
4009,224.32,670,0.0,3080,0.0,0.0,-118.65779429999999,0.7620933069369957,0.0,0.0,15.355979710861288,-0.38156982457258787,0.0,68.95651749999999,-0.10863739702575335,-0.012187687028509786,0.01,-1.0117074613914953e-06,-0.15285895098596994,-0.04510225065759248,0.04001318984698166,0.5826000065,-0.012322942086029798,31.550662907191622,-0.32612420686038246,70348860,0.0,0.0,0.00010796387020188074,-0.28278776472115946,-0.01861830310309715,-0.14128175422984493,-0.011111111111110945,-4.3515918863325835e-08,-0.4983429362941171,-0.0881641447307891,-0.045766502020334214,0.29304345,-0.2061690730209238,-0.003322266307094033,1.2893595932015405,0.0,-0.5,0.27662353515625,0.18159449100494385,1.0025031566619873,15247,0.000264834786,-0.013698941795155406,0.9869877099990845,0.6648051545023919,0.029605303,0.2,-34.08198356628418
4009,226.16,671,0.0,3084,0.0,0.0,-118.93760652,0.7709624831947601,0.0,0.0,15.329825750171725,-0.3727573787892827,0.0,68.96803750000001,-0.10843011456649672,-0.012147736476220035,0.01,-1.380157136789767e-06,-0.15647135468762202,-0.04470357961280364,0.039841342621137844,0.5825823425,-0.010994956539232388,31.917846804263068,-0.31664100958225455,70367292,0.0,0.0,7.64969348286589e-05,-0.27969599770835674,-0.018465139750558083,-0.14084214206870738,-0.011263020833333163,-4.361831322737715e-08,-0.4852465189920653,-0.08491425666561053,-0.04487550065216922,0.29312025,-0.19457306031216556,-0.0032812768454371457,1.2770964652773078,0.0,-0.5,0.22479248046875,-0.21768811345100403,1.002634882926941,15251,0.00026482557,-0.012319813156500459,0.9861359000205994,0.6496368899941445,0.02514256,0.2,-34.08251457214355
4009,207.77,672,0.0,3089,0.0,0.0,-117.39697662,0.8560928076103089,0.0,0.0,22.44316961948126,-0.3939922598621484,0.0,68.9795575,-0.10829921234940858,-0.012027724211105421,0.01,-2.8997724601779796e-08,-0.15513601245465458,-0.04554931611906777,0.04097002023336394,0.5825646785,-0.010606231913293919,35.442242235066786,-0.3175809690049362,70385724,0.0,0.0,0.00011121921124868095,-0.2909853701532883,-0.019172985681241702,-0.14405163320027936,-0.011187065972222054,-4.6513351051204006e-08,-0.4840549803372974,-0.08339447242164222,-0.04778410477199845,0.29319705,-0.19713541332374554,-0.0033975356500299883,1.2552441401429464,0.0,-0.5,0.267919921875,-0.20611467957496643,1.0026764869689941,15255,0.000264816354,-0.013454394391737878,0.9852308630943298,0.7264388918876648,0.029163256,0.2,-34.085773658752444
4009,212.59,673,0.0,3093,0.0,0.0,-117.88465281000002,0.7958942391356596,0.0,0.0,18.62376955857604,-0.37771628170444244,0.0,68.9910775,-0.10819618772969408,-0.012247468432488959,0.01,0.0,-0.1568905461789778,-0.04519732290028833,0.040190643409360814,0.5825470145,-0.013233314940912856,32.95002150021631,-0.3248382940366441,70404156,0.0,0.0,0.00012044213751020531,-0.28276574185484926,-0.018491348530414908,-0.14128071990366953,-0.011219618055555387,-4.3829565427201675e-08,-0.4971430258257849,-0.0843657103822992,-0.04553011469837671,0.29327385,-0.20021038782910502,-0.0032887543391659888,1.2542514908117819,0.0,-0.5,0.2537841796875,0.25462111830711365,1.0023068189620972,15259,0.000264807138,-0.01002620705985464,0.9719194769859314,1.29227235019207,0.026106635,0.2,-34.08056240081787
4009,214.59,674,0.0,3098,0.0,0.0,-117.75860656000003,0.7776109607825124,0.0,0.0,16.487197131989785,-0.37494860115115275,0.0,69.00259750000001,-0.10843945825312956,-0.011362245051625608,0.01,0.0,-0.15414348659863095,-0.044748043054943266,0.03952072687285992,0.5825293505,-0.013814367426675744,32.19309377639601,-0.3067580778187727,70422588,0.0,0.0,8.626252141160269e-05,-0.2808278462947936,-0.01821545077637182,-0.13973092671736387,-0.011013454861110957,-4.345430568033103e-08,-0.5055458992918473,-0.08566957462680835,-0.04344961282470092,0.29335065,-0.19965790039486098,-0.003246816663080829,1.268436871454015,0.0,-0.5,0.21529541015625,0.16518160700798035,1.0023629665374756,15263,0.000264797922,-0.01341947028413415,0.9774324297904968,1.1215569138526917,0.023832541,0.2,-34.08116073608399
4010,214.55,675,0.0,3102,0.0,0.0,-117.99521216000001,0.7762151980466476,0.0,0.0,15.87592696840673,-0.37908480967723607,0.0,69.0141175,-0.10834807456239844,-0.011815480135471679,0.01,0.0,-0.1572283953616135,-0.04535240843077395,0.04086191389219842,0.5825116865,-0.010385963155487034,32.135309199131214,-0.3274775711476509,70441020,0.0,0.0,7.975214975886047e-05,-0.28212255914320195,-0.018558205661877276,-0.14149683276226027,-0.011371527777777599,-4.501419218081392e-08,-0.497490978027364,-0.08699946460083464,-0.043378000303694195,0.29342745,-0.20317748117763204,-0.0033130183061206723,1.2878389266831656,0.0,-0.5,0.2364501953125,0.15660503506660461,1.0024755001068115,15267,0.000264788706,-0.013031842664349823,0.9870400428771973,0.6730896398425102,0.026350876,0.2,-34.081457901000974
4010,203.96,676,0.0,3107,0.0,0.0,-117.09133962,0.778559173824962,0.0,0.0,15.47467221095534,-0.382004883365462,0.0,69.0256375,-0.10833965593423828,-0.012446100627953982,0.01,0.0,-0.1584696442945233,-0.0447652951151536,0.040627005724376025,0.5824940225,-0.011982367614917975,32.232349796353425,-0.3215271729237722,70459452,0.0,0.0,0.00010742133599705994,-0.2861006009344239,-0.018742720002557153,-0.14140565079517434,-0.011328124999999826,-4.762735058775385e-08,-0.4897714489290926,-0.0866287831678357,-0.04749366697933242,0.29350425,-0.20152651891544607,-0.0033362934366604246,1.2624016258416544,0.0,-0.5,0.22080078125,-0.0898984968662262,1.0022298097610474,15271,0.00026477949,-0.012311179377138614,0.9762970805168152,1.0002110481262207,0.022658259,0.2,-34.08042659759521
4010,224.29,677,0.0,3111,0.0,0.0,-119.03985574999999,0.7921028495160343,0.0,0.0,16.06264449952472,-0.37839544463292457,0.0,69.0371575,-0.1084300927108352,-0.012223532278274775,0.01,0.0,-0.16125225565318393,-0.045027186676350674,0.040750202277292216,0.5824763585,-0.012461287779539513,32.79305796996382,-0.31259255790366297,70477884,0.0,0.0,9.060282415399949e-05,-0.28096691324603135,-0.018450094369173855,-0.13898922720609141,-0.011035156249999843,-4.3740527062943805e-08,-0.4978194613396665,-0.08587813065796185,-0.045217364567531865,0.29358105,-0.19879073374086964,-0.0032924241214450744,1.2753681651311526,0.0,-0.5,0.2593505859375,0.7201331853866577,1.0026330947875977,15275,0.000264770274,-0.011181335966102778,0.9631546139717102,1.9430295646190643,0.037970267,0.2,-34.08313903808594
4010,215.48,678,0.0,3116,0.0,0.0,-118.26100325999998,0.773639103400581,0.0,0.0,16.250587269333725,-0.3769279932275461,0.0,69.0486775,-0.10869838571709328,-0.011777962417858915,0.01,0.0,-0.15362793168998182,-0.04467353587636836,0.039165864876832504,0.5824586945,-0.012402560387272388,32.02865888078405,-0.3196480186681383,70496316,0.0,0.0,7.920966406042378e-05,-0.27738686634637744,-0.01832893973582722,-0.1409660213918068,-0.011555989583333145,-4.4310744648383495e-08,-0.49440375627618405,-0.08564448917266415,-0.04464126019213923,0.29365785,-0.20044216991662012,-0.0032688927415481955,1.271002451322487,0.0,-0.5,0.24765625,-0.11196637153625488,1.0026965141296387,15279,0.000264761058,-0.013524541718652472,0.988357663154602,0.5338029250502586,0.030786514,0.2,-34.083679008483884
4008,211.72,679,0.0,3122,0.0,0.0,-117.96819724999999,0.7634277942860646,0.0,0.0,15.85755560509246,-0.37442548329627806,0.0,69.0601975,-0.10837654708253831,-0.011792207923330265,0.01,-1.8246151785098553e-06,-0.1580451624836297,-0.04473312306482074,0.03892855923190772,0.5824410305000001,-0.013494409022516467,31.60591068344307,-0.3243253150331277,70514748,0.0,0.0,8.409246220253408e-05,-0.27825204707103823,-0.018422017830186887,-0.1401249471754112,-0.011187065972222052,-4.467059565825114e-08,-0.5055233435088974,-0.08623589248179457,-0.043940098493290586,0.29373465,-0.19928674942996874,-0.003263107732699752,1.2799446904875769,0.0,-0.5,0.26650390625,-0.08913278579711914,1.002588152885437,15283,0.00026475184199999997,-0.016021516639739275,0.9851467609405518,0.7068073898553848,0.030898709,0.2,-34.083259201049806
4008,216.82,680,0.0,3127,0.0,0.0,-117.97388484000001,0.7892969542344839,0.0,0.0,16.146030358328794,-0.3741117574990045,0.0,69.0717175,-0.10841547945535883,-0.012263501629107646,0.01,0.0,-0.16108529519818274,-0.044465773134116156,0.039546416849789844,0.5824233665,-0.012988495236236809,32.67689390530763,-0.3222547849866967,70533180,0.0,0.0,6.347608480912943e-05,-0.28297519007144856,-0.01864507440834212,-0.1417537316123627,-0.011480034722222036,-4.550036796171148e-08,-0.496959278277504,-0.08813813046948785,-0.0442839395025841,0.29381145,-0.2016633004465445,-0.0033046988423472007,1.2832870142496053,0.0,-0.5,0.27816162109375,0.2308390736579895,1.0029222965240479,15287,0.000264742626,-0.010233975091250614,0.979724645614624,1.090458381175995,0.036464587,0.2,-34.0875358581543
4008,204.6,681,0.0,3131,0.0,0.0,-117.19763938999999,0.8299196391586181,0.0,0.0,18.740116522834754,-0.384580354238762,0.0,69.0832375,-0.10821437288712814,-0.013006589730980121,0.01,-1.360218789943294e-05,-0.16752359662477867,-0.04513402188483815,0.041242384312678085,0.5824057025,-0.010743493534391746,34.35867306116679,-0.3352916186815997,70551612,0.0,0.0,0.00014051592249112824,-0.2926607843038855,-0.019052951036005475,-0.1426088785591414,-0.011328124999999826,-4.475507947826506e-08,-0.494061028603292,-0.08777886956170733,-0.04675215583782036,0.29388825,-0.20673132604856123,-0.00339136614868363,1.271960129286533,0.0,-0.5,0.25238037109375,-0.06573918461799622,1.002666711807251,15291,0.00026473341,-0.010288945399224758,0.9878562092781067,0.6616076871752739,0.02393933,0.2,-34.08514804840088
4008,209.03,682,0.0,3136,0.0,0.0,-117.59403827999999,0.7674656912035851,0.0,0.0,15.61107756088476,-0.37692946390617693,0.0,69.0947575,-0.10844921383617054,-0.011273667352777723,0.01,-5.8693971123044725e-06,-0.1564151673119648,-0.04471403196780056,0.04017646394876769,0.5823880385,-0.012216199281586645,31.773079615828422,-0.3173701077429159,70570044,0.0,0.0,7.107163158555825e-05,-0.27817208396179277,-0.018613394926934233,-0.14257502844704176,-0.011393229166666493,-4.4875304213956004e-08,-0.5005625308215796,-0.08853862134172381,-0.045079840921092386,0.29396505,-0.19924398929670378,-0.003282059073710481,1.2745851878180572,0.0,-0.5,0.2760498046875,0.21371588110923767,1.0027883052825928,15295,0.00026472419399999997,-0.010106501227710396,0.9820284843444824,0.9746423661708832,0.033945974,0.2,-34.08302478790283
4008,221.13,683,0.0,3140,0.0,0.0,-117.98021849999999,0.7812457676696123,0.0,0.0,15.31987109982749,-0.3807977989294334,0.0,69.1062775,-0.10839120311927847,-0.012610458942629556,0.01,0.0,-0.16733053983211676,-0.04527460315993702,0.0391834661536124,0.5823703745,-0.011050567300925549,32.343574781521944,-0.3148852627810967,70588476,0.0,0.0,0.00010579382069408894,-0.28791805138013005,-0.018630718418941573,-0.14153032452101338,-0.01165364583333315,-4.4286818183464577e-08,-0.48379085061887245,-0.08981081907971142,-0.044303494563130735,0.29404185,-0.20699720166738003,-0.003327819407711512,1.2992150388927772,0.0,-0.5,0.253173828125,0.05424341559410095,1.0026562213897705,15299,0.000264714978,-0.009971612578374334,0.9834056496620178,0.734546548128128,0.025882253,0.2,-34.08497657775879
4008,220.7,684,0.0,3145,0.0,0.0,-117.92156393000003,0.7625236820829735,0.0,0.0,15.520732100938398,-0.3778596771421781,0.0,69.1177975,-0.10834203481276679,-0.011762915659442846,0.01,-2.1327197377792066e-06,-0.15594348945085912,-0.04444304916807885,0.04024428437147438,0.5823527105,-0.009923453303700727,31.568480438235103,-0.322059069886885,70606908,0.0,0.0,6.401871602671842e-05,-0.2857396248072802,-0.01885087046903454,-0.14301223525718856,-0.011783854166666469,-4.4546825918747305e-08,-0.48957474193220474,-0.09029051329946357,-0.04438489422408032,0.29411865,-0.20553767657924304,-0.003337718458893901,1.302746997571383,0.0,-0.5,0.25194091796875,-0.1475515365600586,1.0029833316802979,15303,0.000264705762,-0.013651074469089508,0.9916913509368896,0.4334303855895996,0.028107846,0.2,-34.087104606628415
4008,214.59,685,0.0,3149,0.0,0.0,-117.79560686999999,0.9189509172194117,0.0,0.0,25.16815771861939,-0.37450552360160316,0.0,69.12931750000001,-0.10832596829697276,-0.012199265306615453,0.01,0.0,-0.16010427942488475,-0.04474169664528403,0.0413279130820123,0.5823350465,-0.01028179754212033,38.04456797288364,-0.31785588195573794,70625340,0.0,0.0,9.060284355655313e-05,-0.28277095599869706,-0.018793666832792114,-0.14249804857608483,-0.011707899305555361,-4.422265145391487e-08,-0.4892135009588391,-0.08936674533053685,-0.04450828026676159,0.29419545,-0.20472535364200434,-0.0033177885316049635,1.2858509594711678,0.0,-0.5,0.27847900390625,-0.1546601951122284,1.0024265050888062,15307,0.000264696546,-0.008602270833216607,0.9910455346107483,0.5204210832715035,0.030544436,0.2,-34.082607460021975
4009,223.61,686,0.0,3153,0.0,0.0,-118.44163995999999,0.7730084278518181,0.0,0.0,16.83109496171614,-0.38370885465051613,0.0,69.1408375,-0.1085488137611863,-0.01165883331004966,0.01,-2.1479389387686783e-05,-0.16067778801909816,-0.045012180013705966,0.04197946199397765,0.5823173825,-0.01106101028886365,32.00254891306527,-0.31477214307728374,70643772,0.0,0.0,8.30073452865084e-05,-0.28438819815764793,-0.01889382040423836,-0.14427540048094534,-0.01144748263888871,-4.4386549545305045e-08,-0.4952352296345871,-0.0881605755951343,-0.04668909533924279,0.29427225,-0.2023662627071915,-0.0033414133210227484,1.2727801875499984,0.0,-0.5,0.31005859375,0.33785727620124817,1.0022433996200562,15311,0.00026468733,-0.00730456315795891,0.9767757058143616,1.3298266530036926,0.045896586,0.2,-34.079288482666016
4009,222.41,687,0.0,3158,0.0,0.0,-118.15497001,0.7620932433749554,0.0,0.0,15.179105575440222,-0.37826350434035294,0.0,69.1523575,-0.10845666252377349,-0.011953354385022815,0.01,0.0,-0.1613467872463619,-0.044354177576793746,0.04043361432500805,0.5822997185000001,-0.011253473664207073,31.550660275723153,-0.3212573375233008,70662204,0.0,0.0,6.45612502315392e-05,-0.2812745355438789,-0.01860084192093894,-0.14165029903546186,-0.011718749999999802,-4.276467284882669e-08,-0.49448128182255274,-0.09113388934609867,-0.044382611485693876,0.29434905,-0.20531361880773735,-0.003305481442594984,1.3102704641220466,0.0,-0.5,0.25062255859375,0.05821850895881653,1.002274990081787,15315,0.000264678114,-0.011185521597508342,0.9810652136802673,0.9032805591821671,0.029746205,0.2,-34.08284244537354
4009,215.53,688,0.0,3162,0.0,0.0,-118.17063207,0.7457065714754234,0.0,0.0,14.75409109747693,-0.38379660472371485,0.0,69.1638775,-0.10829595771913461,-0.01161195341755647,0.01,-5.4343236426180764e-08,-0.16079979671464434,-0.04511120245646777,0.039271179606926485,0.5822820545,-0.011596898176422756,30.872252059082527,-0.3258652713329451,70680636,0.0,0.0,7.595448793532948e-05,-0.28785599606841106,-0.01907497615853093,-0.14392782847744698,-0.011295572916666491,-4.5722566862205596e-08,-0.4956531941499381,-0.08697818673719943,-0.045401687284139985,0.29442585,-0.19990451432344844,-0.0033731877627233555,1.2652753225610762,0.0,-0.5,0.2161865234375,-0.15412595868110657,1.0020325183868408,15319,0.000264668898,-0.009645471256226302,0.9826130867004395,0.9105510666966439,0.029998977,0.2,-34.076448631286624
4009,214.83,689,0.0,3167,0.0,0.0,-117.29035384000002,0.7461868187992258,0.0,0.0,14.558712812478849,-0.385717023367097,0.0,69.1753975,-0.10823563856607164,-0.011675638839118015,0.01,0.0,-0.16163497377801786,-0.04547445682271264,0.042052712375233864,0.5822643905,-0.009852382745723136,30.892134298287946,-0.3114219237770024,70699068,0.0,0.0,8.843265823088586e-05,-0.28157345949960355,-0.01883108798500419,-0.14228857063315475,-0.011599392361110922,-4.3035420408249654e-08,-0.48786451733897973,-0.08843565032170154,-0.04670358689137069,0.29450265,-0.2002200855569415,-0.0033307747786357742,1.276993415282285,0.0,-0.5,0.25966796875,0.3580494821071625,1.0023117065429688,15323,0.000264659682,-0.011669279006309808,0.9694100022315979,1.583833259344101,0.028256705,0.2,-34.080442237854
4009,208.32,690,0.0,3171,0.0,0.0,-117.02244445999999,0.7489646105790797,0.0,0.0,14.790122449092955,-0.3757315468500549,0.0,69.18691749999999,-0.10858410135362531,-0.011154045575557416,0.01,0.0,-0.15807049495435754,-0.04475300691650481,0.040190891722736884,0.5822467265,-0.00979636602763397,31.0071348779739,-0.310053693353435,70717500,0.0,0.0,6.130610321027537e-05,-0.28477171668484846,-0.018806291544281345,-0.1437419691502511,-0.0116210937499998,-4.4184084995323125e-08,-0.4857460415313101,-0.08941764805217865,-0.04465295068286286,0.29457945,-0.20069337185091599,-0.003313881164385648,1.286141220113993,0.0,-0.5,0.24652099609375,-0.18214330077171326,1.0022248029708862,15327,0.000264650466,-0.009440600615926087,0.9790757894515991,0.9651882648468018,0.028668072,0.2,-34.07889060974121
4009,205.06,691,0.0,3176,0.0,0.0,-116.51206791999998,0.7612654799929428,0.0,0.0,15.104710056377616,-0.3832904990372452,0.0,69.19843750000001,-0.10833912564259175,-0.011678704548973188,0.01,-1.7384806938551537e-07,-0.1579587611073886,-0.045177031891584014,0.04138476338520816,0.5822290625,-0.008794578618512282,31.51639087170783,-0.31574201647663785,70735932,0.0,0.0,6.673137734954555e-05,-0.2874184932846904,-0.019027332487614394,-0.1430507372368862,-0.011718749999999811,-4.155143616873452e-08,-0.47714843030820897,-0.08903080333012156,-0.045804776006167364,0.29465625,-0.1975709491393508,-0.0033800529239989903,1.2784381981745294,0.0,-0.5,0.24451904296875,0.2083374559879303,1.0021470785140991,15331,0.00026464125,-0.013463537360075861,0.9858174324035645,0.6380706928670407,0.026625028,0.2,-34.07907543182373
4009,228.3,692,0.0,3180,0.0,0.0,-119.06369715000001,0.7586239728032409,0.0,0.0,15.49595686085825,-0.37899280348119846,0.0,69.2099575,-0.10831629618831615,-0.011044976805863818,0.01,-3.992841736694194e-07,-0.1573387843476659,-0.04532257450414507,0.04116668907264655,0.5822113985,-0.010764925430218378,31.407032474054173,-0.3148959232101608,70754364,0.0,0.0,7.758208084851503e-05,-0.28536328003932704,-0.018701392344727688,-0.14169475074019,-0.011273871527777613,-4.4221522612362645e-08,-0.4934346024643809,-0.08821287582982104,-0.04426308913513473,0.29473305,-0.19746132996318722,-0.003323112937196458,1.2767965266640606,0.0,-0.5,0.24571533203125,0.14211484789848328,1.002509593963623,15335,0.00026463203399999997,-0.012488401168957353,0.969536304473877,1.6697360038757325,0.02685445,0.2,-34.08207607269287
4010,220.59,693,0.0,3185,0.0,0.0,-118.48211289999999,0.8326842180579894,0.0,0.0,19.757972286007238,-0.3902777390309514,0.0,69.22147749999999,-0.1084178466237,-0.01147883605584608,0.01,-1.0350005167958053e-06,-0.16450752527792967,-0.045488397953983434,0.0427948748027844,0.5821937345,-0.008630734585393738,34.47312662760076,-0.30200129489378114,70772796,0.0,0.0,0.00012532497445742288,-0.28808910165090956,-0.019127657759233595,-0.14432155918291628,-0.011512586805555369,-4.4785693315125816e-08,-0.46667512495384234,-0.09061957442849092,-0.047015337005977244,0.29480985,-0.19980067033951654,-0.003359065485039962,1.2783712877176638,0.0,-0.5,0.22755126953125,-0.013397306203842163,1.0020763874053955,15339,0.000264622818,-0.014282369916327298,0.9796883463859558,0.9178135797381402,0.027280739,0.2,-34.07810878753662
4010,206.88,694,0.0,3189,0.0,0.0,-116.96490281000003,0.8683050479360874,0.0,0.0,21.147052440333237,-0.38437197954819813,0.0,69.2329975,-0.10839733301662649,-0.01211707574904768,0.01,-1.2536615824945456e-05,-0.16164524998904434,-0.045824393551757756,0.04007982300684814,0.5821760705,-0.008648229685301581,35.94782898455402,-0.32106639385739055,70791228,0.0,0.0,6.727392125564317e-05,-0.2863125604635789,-0.018859358854016246,-0.14136924161570336,-0.01169704861111092,-4.5591991175192886e-08,-0.48330406087206346,-0.08646365995044963,-0.04611653132909637,0.29488665,-0.1986872699947445,-0.0033644111331584277,1.2840033016896466,0.0,-0.5,0.21241455078125,0.6779131889343262,1.0016505718231201,15343,0.000264613602,-0.012820141843985767,0.966195821762085,1.6963197380304336,0.02207287,0.2,-34.07314491271973
4010,214.36,695,0.0,3194,0.0,0.0,-117.6781906,0.7564558815219533,0.0,0.0,16.09752943323631,-0.37466371853217606,0.0,69.2445175,-0.10834777986850845,-0.012148977466870731,0.01,-4.891282199314792e-06,-0.16569063703566744,-0.04500742685718748,0.0419178428926853,0.5821584065000001,-0.008265066154611608,31.317273495008866,-0.29677412420825283,70809660,0.0,0.0,0.00010904893861152232,-0.2874118359539992,-0.018649705321621142,-0.1417341592412979,-0.011176215277777618,-4.280775684650756e-08,-0.4709659631134337,-0.08802404097687418,-0.04491326575119468,0.29496345,-0.19939781986503272,-0.0032899486630832836,1.285833855576249,0.0,-0.5,0.21719970703125,0.014361172914505005,1.001755952835083,15347,0.000264604386,-0.016498690703883767,0.9848835468292236,0.7977736830711365,0.02403818,0.2,-34.07277507781983
4010,209.29,696,0.0,3198,0.0,0.0,-116.94480158000002,0.7604670679709971,0.0,0.0,14.697820977324529,-0.3817285887095212,0.0,69.25603749999999,-0.10834355871428566,-0.011865922152799784,0.01,-6.654555431888897e-07,-0.16445321336931856,-0.04523487396705876,0.04085481937877917,0.5821407425,-0.00939055177635358,31.483336613999278,-0.32960001667536665,70828092,0.0,0.0,9.602812739710014e-05,-0.28872134140143335,-0.018884403198465124,-0.1434204861212177,-0.011675347222222026,-4.448425124172786e-08,-0.48692807072705946,-0.08942627638955551,-0.04581355746309142,0.29504025,-0.2021010747467802,-0.003342161913623724,1.2784741709860807,0.0,-0.5,0.27572021484375,0.21922928094863892,1.002190351486206,15351,0.00026459517,-0.01351625365205109,0.9757295846939087,1.2704689383506775,0.031228304,0.2,-34.07866725921631
4010,210.9,697,0.0,3203,0.0,0.0,-117.27781480999998,0.7866968599909492,0.0,0.0,17.361971139278428,-0.38926530746416016,0.0,69.2675575,-0.1083886414397725,-0.011347122578125724,0.01,-8.438458020628578e-08,-0.1605421918154467,-0.04616413335504542,0.04112229754845706,0.5821230785,-0.007439195015144328,32.56925000362529,-0.31666831073432306,70846524,0.0,0.0,8.30073937928925e-05,-0.29397947723351847,-0.01914347440818943,-0.14434758161583447,-0.01172960069444425,-4.4978604458426395e-08,-0.4819571580112753,-0.08847609217208191,-0.04515722994885349,0.29511705,-0.1992351617018227,-0.003386911804932178,1.272284475093852,0.0,-0.5,0.2128662109375,0.1376820206642151,1.0021216869354248,15355,0.000264585954,-0.012867645116057248,0.9809927344322205,0.9286923110485077,0.023378307,0.2,-34.07725028991699
4010,228.26,698,0.0,3207,0.0,0.0,-118.81247429999999,0.8949512156723871,0.0,0.0,24.551406492818373,-0.3765805044086888,0.0,69.2790775,-0.10857180537526728,-0.011909590431169449,0.01,-1.399376550123319e-06,-0.15982236303539626,-0.045229718893825294,0.04061898092361727,0.5821054145,-0.00890633894111185,37.05098032883682,-0.31572167330325857,70864956,0.0,0.0,8.029475187261899e-05,-0.2847420186099603,-0.018758019413097144,-0.14099824534015498,-0.011588541666666485,-4.409762859056253e-08,-0.484029495660146,-0.08995942942465737,-0.04405363988223579,0.29519385,-0.1996562686157836,-0.003330110360129978,1.300395481519758,0.0,-0.5,0.25362548828125,-0.08552876114845276,1.002306580543518,15359,0.000264576738,-0.014914218755438923,0.9800950288772583,1.0007131814956665,0.029720068,0.2,-34.079793739318845
4010,213.81,699,0.0,3212,0.0,0.0,-117.20542408,0.7822524255551793,0.0,0.0,17.45602223114055,-0.38898802053112547,0.0,69.2905975,-0.10838882068961059,-0.012386279742867155,0.01,-2.7272743703656282e-06,-0.16723613388521283,-0.045915025907792895,0.04144924552841669,0.5820877505,-0.008705331515456136,32.38525041798442,-0.30928999261590695,70883388,0.0,0.0,0.00014702637175408503,-0.291065473763424,-0.019191383204343437,-0.14415377076636668,-0.01151258680555537,-4.7588631331878416e-08,-0.4769091824889593,-0.08817202423835505,-0.04490646014922525,0.29527065,-0.19889846329864225,-0.0033830855799326003,1.2935736704777676,0.0,-0.5,0.28990478515625,0.04137149453163147,1.0026038885116577,15363,0.000264567522,-0.010876278067007661,0.9816070199012756,0.9145887315273284,0.028130764,0.2,-34.084381103515625
4010,215.04,700,0.0,3216,0.0,0.0,-117.47286787000002,0.866370225882495,0.0,0.0,23.74937145771849,-0.38443290946691494,0.0,69.30211750000001,-0.10837677480527387,-0.011630043702469705,0.01,-1.2167470594462625e-05,-0.15792850281020201,-0.04570459872842554,0.040201364848296034,0.5820700865,-0.011627009872528207,35.867727351535294,-0.3060280537047025,70901820,0.0,0.0,7.432689502214392e-05,-0.29073073991129683,-0.019020221858427194,-0.1430197576062994,-0.011284722222222049,-4.655516497171426e-08,-0.4909890533867825,-0.09013810856010562,-0.044923148989340876,0.29534745,-0.19781819705891113,-0.0033907575193126787,1.277572170995139,0.0,-0.5,0.2602294921875,0.13007673621177673,1.0025310516357422,15367,0.000264558306,-0.011190980166429654,0.9789794683456421,1.148847398161888,0.031120842,0.2,-34.08135147094727
4011,210.79,701,0.0,3221,0.0,0.0,-117.25536545000001,0.7650738361890623,0.0,0.0,15.342679205575708,-0.3749513167754347,0.0,69.3136375,-0.10819867164449123,-0.01220717327725259,0.01,-1.1030274350622884e-06,-0.16169731643841734,-0.04598352737892358,0.041101551125671085,0.5820524225,-0.009946647321663072,31.67405681822718,-0.3130394218069077,70920252,0.0,0.0,0.00010579373338259757,-0.28289989211330663,-0.018646673475514266,-0.14031391558713768,-0.011588541666666483,-4.356910832213834e-08,-0.48942209304244233,-0.08555226206282843,-0.043749765029708024,0.29542425,-0.19149208879174281,-0.0033221049650926865,1.2796697036221507,0.0,-0.5,0.26126708984375,0.05335208773612976,1.0024913549423218,15371,0.00026454909,-0.0149544189684093,0.9877883195877075,0.6117303937673568,0.02902022,0.2,-34.08284454345703
4011,212.4,702,0.0,3225,0.0,0.0,-117.34967027,0.7783929087395005,0.0,0.0,15.942421012550014,-0.38589334678881815,0.0,69.32515749999999,-0.10834903618071182,-0.011663346638427734,0.01,0.0,-0.15715301066585835,-0.046014637582209944,0.03942739528162144,0.5820347585,-0.01185202447393547,32.22546642181532,-0.3202923168409654,70938684,0.0,0.0,6.564629923862715e-05,-0.28829251103587045,-0.01892998581822013,-0.1417683588398892,-0.011827256944444248,-4.530830528120018e-08,-0.49743774569722743,-0.088240459416251,-0.045451186054927074,0.29550105,-0.19732958167022405,-0.003375913935991528,1.2826880088401447,0.0,-0.5,0.255322265625,0.48743680119514465,1.0021592378616333,15375,0.000264539874,-0.009892066335305571,0.981754720211029,0.9865999400615693,0.026687872,0.2,-34.07842254638672
4011,228.5,703,0.0,3230,0.0,0.0,-118.63115941000002,0.7697683844850749,0.0,0.0,16.077162250588277,-0.3749005122872858,0.0,69.3366775,-0.10841479032823198,-0.011695330538855226,0.01,0.0,-0.15718458171389935,-0.04587216109923282,0.039838170427334216,0.5820170945,-0.009929286286933348,31.8684111176821,-0.30459918885818693,70957116,0.0,0.0,0.00010525123798288405,-0.281811391984992,-0.01849237757936054,-0.14012231466714123,-0.011707899305555363,-4.375226675594682e-08,-0.4940773244851079,-0.08497109177787596,-0.04428688409351937,0.29557785,-0.19214754131134762,-0.003307521960604176,1.2700655063856192,0.0,-0.5,0.226708984375,0.20659670233726501,1.0023130178451538,15379,0.000264530658,-0.011821382795460522,0.9832893013954163,0.8601222991943359,0.028729314,0.2,-34.0800968170166
4011,216.55,704,0.0,3234,0.0,0.0,-118.66037334999999,0.8879407657355576,0.0,0.0,22.497367697658625,-0.37917483224272647,0.0,69.3481975,-0.10839952086434036,-0.011507949039577157,0.01,-2.1419142430904795e-06,-0.15470985598456147,-0.04540099778003216,0.041356657031058085,0.5819994305,-0.01283482284472686,36.76074770145208,-0.3016301751011138,70975548,0.0,0.0,9.060285325782995e-05,-0.2775887318296836,-0.01842934515252054,-0.1382564540473133,-0.010839843749999857,-4.462066367898252e-08,-0.49621737889687684,-0.08798096852506418,-0.0430731715730679,0.29565465,-0.19444196248275467,-0.0032869390833765288,1.2767651068315955,0.0,-0.5,0.2652587890625,-0.22093363106250763,1.0027809143066406,15383,0.000264521442,-0.013006748881889508,0.9845616221427917,0.7866013690829277,0.034105245,0.2,-34.084919929504395
4011,223.39,705,0.0,3239,0.0,0.0,-118.57692107999999,0.7940702822548644,0.0,0.0,18.82002078411476,-0.37067477788384606,0.0,69.3597175,-0.10850248266371261,-0.01252390896289329,0.01,-5.045177256593594e-06,-0.1604955957172677,-0.044993095213437535,0.04033394624548123,0.5819817665,-0.011997421259163983,32.874509685351384,-0.30560301976787096,70993980,0.0,0.0,0.00011501682456582785,-0.2811740567664856,-0.01837086191810882,-0.13920775114573813,-0.011035156249999843,-4.351958908758306e-08,-0.4929232004724314,-0.08900796118277089,-0.04431323125586742,0.29573145,-0.20250835442712747,-0.0032937268347897138,1.3110802768425336,0.0,-0.5,0.28331298828125,0.5524367094039917,1.0027862787246704,15387,0.00026451222599999997,-0.013930892362259329,0.9773548245429993,1.258474525809288,0.029903864,0.2,-34.08481330871582
4009,228.05,706,0.0,3245,0.0,0.0,-119.35993905999997,0.7688528653604227,0.0,0.0,16.98292140288124,-0.380857652427286,0.0,69.3712375,-0.10831471189017589,-0.011799346431673416,0.01,-1.9228521111835002e-06,-0.1594412065328672,-0.04640772083919554,0.04046318934893313,0.5819641025,-0.013345619860855449,31.8305086259215,-0.3091930297474496,71012412,0.0,0.0,9.494306868873537e-05,-0.28330496375306596,-0.01882870058992651,-0.1415055927900805,-0.011024305555555397,-4.6979468140966906e-08,-0.4936932332917113,-0.08291930058085192,-0.0454648687983122,0.29580825,-0.18538602645154653,-0.003336867184224032,1.2398148759092407,0.0,-0.5,0.237890625,0.25159868597984314,1.0026897192001343,15391,0.00026450301,-0.012942418165039271,0.9880133271217346,0.6758419156074524,0.032896496,0.2,-34.08560657501221
4009,225.96,707,0.0,3250,0.0,0.0,-119.37029512999999,0.829351113457464,0.0,0.0,15.948147673698708,-0.38392799697830365,0.0,69.3827575,-0.10834367421543528,-0.012021567141937558,0.01,-3.581490746934847e-06,-0.16017190510297732,-0.04653287429008087,0.04188971717574714,0.5819464385,-0.0106486859036118,34.335136097139014,-0.30041204242304337,71030844,0.0,0.0,0.00010959151162145038,-0.28329937074070277,-0.018662138129283926,-0.14274295418577843,-0.011328124999999828,-4.6556070684303286e-08,-0.49058254414091806,-0.08646385458894355,-0.045096250762123265,0.29588505,-0.19086879017034575,-0.0033274999867512686,1.2526519992642404,0.0,-0.5,0.2869384765625,0.5403738021850586,1.0029939413070679,15395,0.000264493794,-0.011234068835619837,0.9735275506973267,1.435915720462799,0.035337005,0.2,-34.08682518005371
4009,222.55,708,0.0,3254,0.0,0.0,-119.58079448999999,0.7681222530587462,0.0,0.0,16.799982869663676,-0.38089416842403884,0.0,69.3942775,-0.10843872928768511,-0.011921272664064241,0.01,-1.3587421846532413e-06,-0.15771064987415248,-0.0460509152461068,0.040479511719835284,0.5819287745,-0.011466690094999244,31.80026127663209,-0.31631483892876133,71049276,0.0,0.0,0.00010470863586912553,-0.28663398142119906,-0.01888355457388002,-0.14440817332947076,-0.011306423611110943,-4.4617085871975916e-08,-0.4962169123212109,-0.08637871574005712,-0.046112003163609194,0.29596185,-0.19587868391865762,-0.0033525763731471433,1.2555913636870082,0.0,-0.5,0.270458984375,0.12522554397583008,1.0028499364852905,15399,0.000264484578,-0.015474424278363586,0.9733114838600159,1.3978289663791656,0.031979434,0.2,-34.08896427154541
4009,221.42,709,0.0,3259,0.0,0.0,-118.21306819,0.7527206766570909,0.0,0.0,14.188158098726085,-0.37399515753877904,0.0,69.4057975,-0.10851041304815362,-0.01226519525456459,0.01,-7.226824210787455e-06,-0.16663589310047833,-0.04537509676558123,0.040979164616704394,0.5819111105,-0.01193869306492464,31.16263601360356,-0.303704625296626,71067708,0.0,0.0,0.00010687880179223914,-0.2798699446610448,-0.01847918105459196,-0.14149848008475568,-0.011317274305555385,-4.6030479153312235e-08,-0.49872678702480094,-0.09243342582200668,-0.04358051581251831,0.29603865,-0.2025862378999197,-0.00329545624848873,1.3098853138205482,0.0,-0.5,0.2233154296875,0.49057233333587646,1.0022056102752686,15403,0.000264475362,-0.011450167465955018,0.974328875541687,1.168647548556328,0.026987474,0.2,-34.07957096099854
4009,219.55,710,0.0,3263,0.0,0.0,-118.16281873,0.751594300435767,0.0,0.0,15.723226840420537,-0.3767107994815093,0.0,69.4173175,-0.10836554272924372,-0.011792020852132302,0.01,-4.537334202285315e-06,-0.1563439086684493,-0.045992145376110606,0.03954553563351407,0.5818934465,-0.011725070708457174,31.116004038040753,-0.30520354969159685,71086140,0.0,0.0,0.00013943085408148667,-0.2820090688905359,-0.018690328828950234,-0.13980340846721695,-0.010872395833333184,-4.63864701559597e-08,-0.49896217949489774,-0.08503303968098742,-0.04414600177879645,0.29611545,-0.18636446472031948,-0.003347830392460047,1.2604154056083805,0.0,-0.5,0.2248779296875,-0.14070981740951538,1.0025622844696045,15407,0.000264466146,-0.014774020877666771,0.9856359958648682,0.6670581087470054,0.025198404,0.2,-34.08155403137207
4009,214.38,711,0.0,3268,0.0,0.0,-117.91254894000002,0.7841388664417694,0.0,0.0,16.952070584048812,-0.38153212079642235,0.0,69.4288375,-0.10847244812814688,-0.012432912871106259,0.01,-3.5203456561173754e-08,-0.1576388873284621,-0.04576407872164631,0.04026701486780063,0.5818757825,-0.010832603362764025,32.463349070689254,-0.30984938982394616,71104572,0.0,0.0,0.00011338916374370456,-0.2915537234396327,-0.01893054742186848,-0.14166040238715027,-0.011740451388888695,-4.5939807541521955e-08,-0.49346760276421897,-0.08592252428989874,-0.04549521119005875,0.29619225,-0.193855107579879,-0.0033901564846016436,1.2707413502022074,0.0,-0.5,0.2789306640625,0.18647444248199463,1.002830982208252,15411,0.00026445693,-0.012375822092872113,0.9798389673233032,1.0239395081996918,0.03144627,0.2,-34.08629531860352
4010,219.84,712,0.0,3272,0.0,0.0,-118.18770298,0.8827576685013239,0.0,0.0,24.02864735139682,-0.371982465172189,0.0,69.4403575,-0.10856145148183263,-0.012072543043851027,0.01,-1.9977743573351035e-07,-0.1598171007597936,-0.04544547390024742,0.04089846916260733,0.5818581185,-0.012085584464431223,36.54616747595481,-0.3219119328481185,71123004,0.0,0.0,0.00012803764548152685,-0.29171041200446646,-0.01901167196886321,-0.14248524557810113,-0.0113715277777776,-4.801886268515136e-08,-0.49922291510650507,-0.08792863175105381,-0.0430939585607473,0.29626905,-0.19766111708950324,-0.0034092089261437315,1.2920092751802263,0.0,-0.5,0.255419921875,0.22302746772766113,1.0030357837677002,15415,0.000264447714,-0.010021883342415095,0.97911536693573,1.1161455422639848,0.028636515,0.2,-34.08841552734375
4010,219.17,713,0.0,3277,0.0,0.0,-118.26065956000001,0.7897810489920649,0.0,0.0,16.68268196954271,-0.37475057144405827,0.0,69.4518775,-0.10843686289859668,-0.012047287955426497,0.01,-1.2025068012691932e-07,-0.15559868360989515,-0.04577479632432289,0.038948299476491276,0.5818404545,-0.011891356352457983,32.69693542827149,-0.31732892619542746,71141436,0.0,0.0,0.00010850646261436243,-0.2855521117028602,-0.018795328085131912,-0.1410833797505714,-0.011545138888888702,-4.5907085581532024e-08,-0.5058363690767304,-0.08783783909046178,-0.043988188305823454,0.29634585,-0.1962844412087016,-0.0033533222019400365,1.2717457751246046,0.0,-0.5,0.2482666015625,-0.10585781931877136,1.0026345252990723,15419,0.000264438498,-0.012859619199298322,0.9878032803535461,0.6395772188901901,0.02811506,0.2,-34.0854076385498
4010,220.33,714,0.0,3281,0.0,0.0,-118.45674518000001,0.7879341009562717,0.0,0.0,16.957712891624453,-0.3750854241135116,0.0,69.4633975,-0.10849160709625863,-0.01211598213549251,0.01,-4.618918967655589e-06,-0.1600603370952592,-0.04587424508205865,0.039514657471393475,0.5818227905,-0.012463729754219659,32.62047177958965,-0.30879257056735365,71159868,0.0,0.0,9.277291246689856e-05,-0.28632210248676737,-0.018612705438301604,-0.14058617997984316,-0.01157769097222203,-4.675621150590878e-08,-0.5033309482265778,-0.08846375616563155,-0.04445058758260387,0.29642265,-0.19273571937162848,-0.003336831794520907,1.2786127442684416,0.0,-0.5,0.267236328125,-0.12154611945152283,1.002638339996338,15423,0.000264429282,-0.009844995848834515,0.9832144975662231,0.9006026148796081,0.033022743,0.2,-34.08312568664551
4010,217.0,715,0.0,3286,0.0,0.0,-117.72327566000001,0.7476631722945624,0.0,0.0,15.875349031189275,-0.3753069781134083,0.0,69.4749175,-0.10856338003074675,-0.011626566287747952,0.01,-5.9071660674379785e-06,-0.15689387118055176,-0.04564320459481504,0.040064099775251195,0.5818051265,-0.014344421973671868,30.953255332994882,-0.3111435567309179,71178300,0.0,0.0,9.223043646973868e-05,-0.28486108009972905,-0.018741695436539065,-0.14093928420778618,-0.011154513888888728,-4.6113665963967395e-08,-0.49731684802125564,-0.0875140476943986,-0.04425353872351408,0.29649945,-0.19142564171871226,-0.0033435987577192148,1.2811040681836927,0.0,-0.5,0.27730712890625,0.46250778436660767,1.0036461353302002,15427,0.00026442006599999997,-0.010027329018339515,0.9830327033996582,0.9701348319649696,0.029738318,0.2,-34.09396476745606
4010,211.72,716,0.0,3290,0.0,0.0,-117.91744270000001,0.7922957519887446,0.0,0.0,17.767670468916155,-0.37655005342790526,0.0,69.4864375,-0.10848014022734681,-0.012073883082352724,0.01,-8.317856250916555e-06,-0.16085173239437303,-0.045743736971917026,0.04035434104323901,0.5817874625,-0.011766439227762425,32.80104413233403,-0.3004950060265089,71196732,0.0,0.0,0.0001090489774166296,-0.28719672198290963,-0.018730202018013314,-0.14067146691626614,-0.011577690972222035,-4.727073592647158e-08,-0.4997876234590368,-0.08862602944094214,-0.044528965949214204,0.29657625,-0.19165452617516887,-0.003349872973225146,1.2734462355162737,0.0,-0.5,0.235205078125,-0.03322023153305054,1.003251552581787,15431,0.00026441085,-0.013020837330259383,0.9895215630531311,0.5886984467506409,0.026664633,0.2,-34.09179420471192
4010,212.89,717,0.0,3295,0.0,0.0,-118.18484881999997,0.7779480298842643,0.0,0.0,16.763504049629173,-0.3753080606163372,0.0,69.4979575,-0.10851294064845872,-0.012197715979182854,0.01,-4.743890516149138e-05,-0.16324275309928457,-0.045999465496637,0.04141799388063439,0.5817697985,-0.012003390197706822,32.20704843720854,-0.30465047195072886,71215164,0.0,0.0,0.00010959147281634311,-0.28973127972725826,-0.01860736584440789,-0.14134098758827024,-0.011338975694444265,-4.626846296932046e-08,-0.4961886383455172,-0.08807978906542162,-0.044537512587806215,0.29665305,-0.19159274339592136,-0.003320688698409198,1.2688604281898077,0.0,-0.5,0.27679443359375,0.23293456435203552,1.0029065608978271,15435,0.000264401634,-0.009408004290889949,0.9806723594665527,1.0669182330369948,0.032580398,0.2,-34.0881893157959
4010,230.46,718,0.0,3299,0.0,0.0,-119.38520183000003,0.7587050128551813,0.0,0.0,15.908252419022576,-0.37454610967845947,0.0,69.5094775,-0.10842495627417555,-0.012012444793871273,0.01,-1.4100203278615122e-05,-0.16204460967630444,-0.04568400441860829,0.041345465366993614,0.5817521345,-0.012249564166672321,31.410387532204506,-0.30479160504015285,71233596,0.0,0.0,0.00010416613076813519,-0.28629834468746007,-0.01863799706217096,-0.14193231733473669,-0.01101345486111096,-4.444700616376834e-08,-0.49826431506665336,-0.08941490446196408,-0.04399884216241415,0.29672985,-0.1940327615683994,-0.0033326706815106993,1.2659961668380901,0.0,-0.5,0.23612060546875,0.4093897342681885,1.002349853515625,15439,0.00026439241799999997,-0.011172387143597006,0.9722744822502136,1.5295066237449646,0.028649185,0.2,-34.08105297088623
4010,217.92,719,0.0,3304,0.0,0.0,-118.17709932,0.7515684167989451,0.0,0.0,16.272920159910505,-0.3727866452876501,0.0,69.5209975,-0.10834268000834343,-0.01230685660636162,0.01,-2.1245000247084482e-05,-0.16274231479885132,-0.04554186328151914,0.040454168992374834,0.5817344705,-0.014293829878119545,31.11493245547633,-0.2973969462276936,71252028,0.0,0.0,0.00011935714671077828,-0.2847697750438488,-0.01853104670184918,-0.14031230346270213,-0.01106770833333317,-4.640078704711721e-08,-0.5047312202356573,-0.08936821323536706,-0.044827820790033016,0.29680665,-0.19770172029316713,-0.003326397822778639,1.2801290115348032,0.0,-0.5,0.24141845703125,-0.20338836312294006,1.0023980140686035,15443,0.000264383202,-0.014423239440657199,0.9862009882926941,0.5747287392616272,0.02780523,0.2,-34.080648803710936
4011,225.43,720,0.0,3308,0.0,0.0,-118.59785539000002,0.7766423552183741,0.0,0.0,16.22460467561655,-0.38286231508189883,0.0,69.5325175,-0.10856333289940917,-0.011932564449859394,0.01,-2.222234064007395e-06,-0.16129868001255301,-0.04565233304137651,0.04177480551035439,0.5817168065,-0.012477292669548964,32.15299350604069,-0.2952223467708294,71270460,0.0,0.0,0.00011284661983760695,-0.284968880601247,-0.01861788818912836,-0.13975526051667783,-0.010937499999999857,-4.4937906695106204e-08,-0.49134183660735936,-0.08846545586228885,-0.044982150145698965,0.29688345,-0.1944434422986046,-0.0033592494142528203,1.2797642618430483,0.0,-0.5,0.2468505859375,-0.002572178840637207,1.0027168989181519,15447,0.000264373986,-0.010881788120605052,0.9887963533401489,0.5880356818437577,0.02575713,0.2,-34.08393383026123
4011,217.27,721,0.0,3313,0.0,0.0,-117.58427971,0.7820492165402368,0.0,0.0,17.318579023599273,-0.3775293891185533,0.0,69.5440375,-0.10852798869339873,-0.012342084996309864,0.01,-5.03292790237524e-06,-0.16027268656763105,-0.045731928826864665,0.04172108166678139,0.5816991425,-0.010412682560854591,32.37683756476581,-0.3042690238310758,71288892,0.0,0.0,0.00011772947618737817,-0.2810965951364026,-0.018433905191818187,-0.13775857046961082,-0.011187065972222068,-4.7252731461637565e-08,-0.48775821761800064,-0.08599159532111879,-0.04413411763162997,0.29696025,-0.19111218292907545,-0.0033435030969881105,1.2862832434299643,0.0,-0.5,0.24332275390625,-0.04537200927734375,1.003097414970398,15451,0.00026436477,-0.011780637432821095,0.9845420718193054,0.7805151894688607,0.02545548,0.2,-34.09009265899658
4011,226.91,722,0.0,3317,0.0,0.0,-118.95024388000002,0.7519567621735175,0.0,0.0,15.723918073001045,-0.375698167625927,0.0,69.5555575,-0.10857935912344863,-0.011649600762363412,0.01,-1.0737630774583455e-05,-0.154174690960441,-0.04578864218206315,0.04104330617062665,0.5816814785,-0.014097026269559542,31.13100995398362,-0.2994990989053495,71307324,0.0,0.0,0.00010253860576388736,-0.2760289555008427,-0.018471622794682604,-0.13766374201971168,-0.010926649305555406,-4.4926488869645847e-08,-0.4988571693270523,-0.0866441414802297,-0.043441263359130386,0.29703705,-0.19151890787816417,-0.0033029501240933526,1.2746484609629098,0.0,-0.5,0.231494140625,-0.15673446655273438,1.0029723644256592,15455,0.000264355554,-0.01405123082222417,0.9908451437950134,0.48301207572221755,0.028452838,0.2,-34.08749790191651
4011,233.79,723,0.0,3322,0.0,0.0,-119.59660025000002,0.7453147884111664,0.0,0.0,15.079646762411697,-0.3720604994757071,0.0,69.56707750000001,-0.10862770827014463,-0.012042624479169421,0.01,-1.3778408485699809e-05,-0.16219936495341586,-0.045429048942116,0.0427378902933434,0.5816638145,-0.011588894233379202,30.856032240222287,-0.2882508126834076,71325756,0.0,0.0,7.161416579037905e-05,-0.2767491545840764,-0.018567008493360914,-0.1397740055916749,-0.01063368055555542,-4.7114826753991215e-08,-0.4804655939218546,-0.08800112995408726,-0.044245278358376994,0.29711385,-0.18753678092351977,-0.003303750984634574,1.2748138952244985,0.0,-0.5,0.264453125,-0.083629310131073,1.002806544303894,15459,0.000264346338,-0.012479343661107123,0.9875920414924622,0.537531977891922,0.028574616,0.2,-34.0877908706665
4011,232.07,724,0.0,3326,0.0,0.0,-120.52745883000001,0.8190518283900157,0.0,0.0,19.610280975181297,-0.3788233795187538,0.0,69.5785975,-0.10827290990266855,-0.011629042552882224,0.01,-3.067268411500801e-05,-0.15602973179466934,-0.04590930115627504,0.04074830701983741,0.5816461505,-0.013918940241435647,33.908745695346646,-0.3072019858390344,71344188,0.0,0.0,0.00011121910453463595,-0.27587096272056516,-0.01844940280118424,-0.14094140510354616,-0.01072048611111097,-4.656857684652475e-08,-0.4991866183734452,-0.0862549119256527,-0.0451048344149856,0.29719065,-0.18952713007875274,-0.003266131662523563,1.243733942178367,0.0,-0.5,0.282421875,-0.2586115002632141,1.002587914466858,15463,0.000264337122,-0.013622309785569086,0.9884819984436035,0.5178783908486366,0.034058843,0.2,-34.084449195861815
4011,205.18,725,0.0,3331,0.0,0.0,-117.21769150000002,0.8111315994538328,0.0,0.0,20.63676787523236,-0.3786310182515112,0.0,69.59011749999999,-0.10821553068470627,-0.011822543782945907,0.01,-5.412371901471106e-06,-0.16267229388600601,-0.04593993026365657,0.04188764780371928,0.5816284865,-0.01115608963300474,33.58084821738868,-0.30408017193187264,71362620,0.0,0.0,9.494311719511946e-05,-0.2853071546856275,-0.018933033482069397,-0.14311212096661097,-0.011360677083333152,-4.6629229192264446e-08,-0.48877535785241055,-0.08841733660187807,-0.04487999815165107,0.29726745,-0.1918977168483361,-0.003366894735951687,1.2654948060218034,0.0,-0.5,0.271044921875,0.31541022658348083,1.0024220943450928,15467,0.000264327906,-0.011984035896603018,0.9687962532043457,1.6020166844129562,0.031691883,0.2,-34.08133182525635
4011,218.16,726,0.0,3335,0.0,0.0,-117.92266250000003,0.7502111442246024,0.0,0.0,15.379034767281887,-0.3796604019404634,0.0,69.6016375,-0.10841527017491248,-0.011811068609364926,0.01,-4.969562242081083e-06,-0.16511998063433583,-0.045505759791781154,0.04272886661939507,0.5816108225000001,-0.011213054678389907,31.05874137089854,-0.3007898204465294,71381052,0.0,0.0,0.00010036843984077375,-0.28008309998952285,-0.018540746277890895,-0.14044605907998037,-0.011306423611110936,-4.611357204200002e-08,-0.4879531209110849,-0.09088443160266384,-0.044232859674264824,0.29734425,-0.19488798725157072,-0.003300888418200681,1.2723734401981839,0.0,-0.5,0.27490234375,0.01919323205947876,1.0026655197143555,15471,0.00026431869,-0.010374329210026189,0.979752779006958,1.0958075731992722,0.034133624,0.2,-34.08429584503174
4011,221.46,727,0.0,3340,0.0,0.0,-118.60656553000001,0.7892880759137346,0.0,0.0,18.19886889734882,-0.3768096337472523,0.0,69.6131575,-0.10841122143236484,-0.01139687736093188,0.01,-5.584010601269281e-06,-0.16246127627354798,-0.04575759033126772,0.04307978824425321,0.5815931585,-0.011147679689909436,32.67652634282861,-0.3027014008460905,71399484,0.0,0.0,8.517754031345248e-05,-0.2819771520188445,-0.018787893281875565,-0.14171745998468943,-0.011447482638888715,-4.7362669786862065e-08,-0.4927233355194331,-0.08848835604040614,-0.043918900370515046,0.29742105,-0.18893122365874082,-0.003349195547013918,1.2678274001762893,0.0,-0.5,0.243115234375,-0.2118755280971527,1.0028855800628662,15475,0.000264309474,-0.013486749026924372,0.9861969351768494,0.7424122124910355,0.027053216,0.2,-34.08636627197266
4012,239.09,728,0.0,3344,0.0,0.0,-119.40223588,0.783638569399054,0.0,0.0,16.177761963462586,-0.3776868593722433,0.0,69.6246775,-0.10859548286463998,-0.011476470006672465,0.01,-1.8367136980409165e-05,-0.15910403030485976,-0.04583368167012033,0.041904176960108695,0.5815754945,-0.01196839653291843,32.44263677312083,-0.3037169037506214,71417916,0.0,0.0,8.463497700480123e-05,-0.2798745370736397,-0.018854375741317233,-0.1422580245656371,-0.011035156249999838,-4.620134407681936e-08,-0.48984896758772273,-0.0890410197296472,-0.04472280098158121,0.29749785,-0.19242324239590797,-0.003336012404977768,1.2731280728611059,0.0,-0.5,0.24320068359375,-0.027136266231536865,1.0026371479034424,15479,0.000264300258,-0.01175238701980561,0.9871193170547485,0.6606380015611648,0.026602129,0.2,-34.08533935546875
4012,226.7,729,0.0,3349,0.0,0.0,-119.29882728000001,0.7564136002760848,0.0,0.0,15.416771745925066,-0.3796419960372888,0.0,69.63619750000001,-0.10818776040553905,-0.0116963870245314,0.01,-6.5790164107997745e-06,-0.1609751244435888,-0.0461110327088927,0.043146635460531116,0.5815578305,-0.012719128276027428,31.31552305142991,-0.30589609190955014,71436348,0.0,0.0,8.789012402606507e-05,-0.28212312915499504,-0.018814285686393675,-0.14289681312870336,-0.010460069444444322,-4.472637202726117e-08,-0.4824359507501993,-0.09171147794845622,-0.044837176036487375,0.29757465,-0.18791204975625395,-0.0033108728568199994,1.2541334588951927,0.0,-0.5,0.2582763671875,-0.29786592721939087,1.0020368099212646,15483,0.000264291042,-0.01679115437436849,0.9954348206520081,0.23384734019637107,0.029670745,0.2,-34.07785587310791
4012,213.82,730,0.0,3353,0.0,0.0,-118.13980619,0.7632276248380583,0.0,0.0,16.76619282735212,-0.3764090819892767,0.0,69.6477175,-0.10834137031850312,-0.011075783735510207,0.01,-5.824676652983195e-05,-0.15686463045122032,-0.045194331313289385,0.04291380551636234,0.5815401665,-0.010074548824276362,31.59762366829561,-0.30346047197875314,71454780,0.0,0.0,6.673143555720647e-05,-0.27611717003540615,-0.018670678860864546,-0.14284413457537667,-0.011252170138888722,-4.653949304567173e-08,-0.4844088659130954,-0.0906671105533972,-0.04383255856333467,0.29765145,-0.1872611725693311,-0.0032914680582266974,1.2734076524650337,0.0,-0.5,0.28782958984375,-0.1089804470539093,1.002166509628296,15487,0.00026428182599999995,-0.010861524799838661,0.9746501445770264,1.1200768858194352,0.028191144,0.2,-34.078910446166994
4012,214.71,731,0.0,3358,0.0,0.0,-117.88383980999998,0.7706978267167737,0.0,0.0,17.552036812070845,-0.3777005824537516,0.0,69.6592375,-0.108549840521673,-0.011768734057038016,0.01,-5.051618340625121e-05,-0.16362687544517027,-0.04573030675828915,0.04304627549068421,0.5815225025,-0.010930260450954342,31.90689002607443,-0.29295185076359787,71473212,0.0,0.0,7.107164128683507e-05,-0.2791768096669665,-0.01879666371958076,-0.14093460843951985,-0.011371527777777597,-4.588275802646041e-08,-0.4768785397812323,-0.09040978458245144,-0.0441527906756398,0.29772825,-0.1885099001837118,-0.003313186497704983,1.2833717433020437,0.0,-0.5,0.2314208984375,0.28598251938819885,1.0021257400512695,15491,0.00026427260999999997,-0.011829832196235656,0.9813332557678223,0.9142465859651565,0.024178322,0.2,-34.07794952392578
4012,220.43,732,0.0,3362,0.0,0.0,-117.57781939,0.7704611810113071,0.0,0.0,15.467595435870262,-0.37567134207194536,0.0,69.67075750000001,-0.10831300791723321,-0.011589269568297289,0.01,-2.1812264261423532e-05,-0.15951391314670543,-0.045842545260298406,0.04221160623606303,0.5815048385,-0.009710101976654388,31.897092893868113,-0.30452687894578667,71491644,0.0,0.0,6.944407747747998e-05,-0.27816227253711046,-0.018869619908792473,-0.14226410701822545,-0.011121961805555393,-4.689715269954623e-08,-0.472601546412603,-0.08984358115988543,-0.04482473535444002,0.29780505,-0.19037264873519666,-0.0033321061924530397,1.2889643067072838,0.0,-0.5,0.23839111328125,-0.05523988604545593,1.0021326541900635,15495,0.000264263394,-0.014398091821931303,0.9870399236679077,0.630879531800747,0.026789557,0.2,-34.07942562103271
4010,213.86,733,0.0,3369,0.0,0.0,-117.93275600000003,0.7614930552377279,0.0,0.0,15.802362694753844,-0.38231705449070863,0.0,69.6822775,-0.108471638223076,-0.011727326804626828,0.01,-3.4875284475442e-05,-0.1623882894909866,-0.04621218711017147,0.041834692780005296,0.5814871745,-0.010430994678042933,31.525812486841936,-0.30035470491403976,71510076,0.0,0.0,0.0001036236450696985,-0.2830677322939471,-0.01891010106558419,-0.14237657755711788,-0.011566840277777591,-4.781840140562425e-08,-0.4810408353690888,-0.09119610326128447,-0.04562257596175795,0.29788185,-0.1948479921509783,-0.00336702308728306,1.2760912555089023,0.0,-0.5,0.25938720703125,-0.12083075940608978,1.002478837966919,15499,0.000264254178,-0.011194120801519603,0.9888013601303101,0.6096432358026505,0.028700566,0.2,-34.08158283233642
4010,216.88,734,0.0,3373,0.0,0.0,-117.69862036999997,0.7560950143950242,0.0,0.0,16.007815423704375,-0.38540320414592133,0.0,69.6937975,-0.10831901111690412,-0.011490129272049654,0.01,-3.459109642826466e-05,-0.15931961646273668,-0.045750915908687226,0.04365061540070279,0.5814695105000001,-0.01075230939022731,31.302333595954003,-0.30053578483882415,71528508,0.0,0.0,8.083718906467159e-05,-0.280752582346053,-0.01907411486712545,-0.14192772777096593,-0.010807291666666526,-4.5962346389004655e-08,-0.4798458103215407,-0.08907816637966526,-0.0471476568133294,0.29795865,-0.19178508280236273,-0.0033823756223400805,1.2612515497516155,0.0,-0.5,0.2553466796875,-0.021650761365890503,1.0021477937698364,15503,0.000264244962,-0.010745409759692848,0.9836826920509338,0.7621183753013611,0.02711488,0.2,-34.07863216400146
4010,212.51,735,0.0,3378,0.0,0.0,-117.61909084000001,0.7674887867895193,0.0,0.0,16.084958937187658,-0.37696160052072075,0.0,69.7053175,-0.10850437294383028,-0.01173468297263963,0.01,-3.755557200077814e-05,-0.1615763039043813,-0.04609478493964803,0.04305034337995856,0.5814518465,-0.01139778923890036,31.774035773086098,-0.31247164226299834,71546940,0.0,0.0,6.618882374217112e-05,-0.27812640054023585,-0.018733458003533536,-0.1401336593015613,-0.011404079861110937,-4.5402213857717934e-08,-0.48727562008890435,-0.08795441420322819,-0.04570038807391438,0.29803545,-0.19223060002821685,-0.0033202896473649986,1.2870339916674631,0.0,-0.5,0.244775390625,-0.02728286385536194,1.002448558807373,15507,0.000264235746,-0.011136930529028177,0.9776099324226379,1.1437866181135177,0.024648199,0.2,-34.08289546966553
4010,213.27,736,0.0,3382,0.0,0.0,-117.27962083,0.7718448225858532,0.0,0.0,16.14681800453375,-0.3799389178876653,0.0,69.7168375,-0.1085512008793666,-0.012027666951315715,0.01,-2.5329209178150052e-05,-0.16354020876231462,-0.045872376917591835,0.043464940952546216,0.5814341825,-0.01044971049122978,31.95437565505432,-0.30656533183073076,71565372,0.0,0.0,9.602813709837695e-05,-0.27678742525820416,-0.018875741643594575,-0.1396012767361386,-0.01104600694444428,-4.4591920701226635e-08,-0.47825513431043415,-0.09018641048708374,-0.046462102913026,0.29811225,-0.19807756873098337,-0.003353216327000416,1.2981997338734645,0.0,-0.5,0.214892578125,0.005676448345184326,1.0019153356552124,15511,0.00026422653,-0.011211678758263588,0.9737797975540161,1.299420502781868,0.022964189,0.2,-34.07683486938477
4010,213.29,737,0.0,3387,0.0,0.0,-117.73408633999999,0.7728241497401802,0.0,0.0,15.384733683214666,-0.3804094265097915,0.0,69.7283575,-0.10833848471039759,-0.012173759986207488,0.01,-3.065221139147644e-05,-0.16404046492272925,-0.046263411317753855,0.04413403714068399,0.5814165185,-0.009822270635696542,31.99491979924346,-0.3108385416261971,71583804,0.0,0.0,9.65705936929832e-05,-0.2776329706422246,-0.019006363930915163,-0.1426261618765256,-0.011404079861110937,-4.688428147578452e-08,-0.47838044767583693,-0.08741108400294871,-0.04744163193931925,0.29818905,-0.19424728770310795,-0.003347848942380041,1.2713146713071415,0.0,-0.5,0.21240234375,-0.19146303832530975,1.0018917322158813,15515,0.00026421731399999996,-0.014014144148677587,0.9846112728118896,0.7742286935448647,0.026827043,0.2,-34.07539234161377
4010,222.63,738,0.0,3391,0.0,0.0,-117.96940581999999,0.7624307324340549,0.0,0.0,15.707645136628624,-0.3927310744272022,0.0,69.7398775,-0.10854871744986103,-0.011583231681440695,0.01,-3.220673335440943e-05,-0.1634109488144988,-0.046178870128782155,0.04257042285787718,0.5813988545,-0.00821827180010991,31.56463232276987,-0.3191287594144359,71602236,0.0,0.0,8.572007451827328e-05,-0.2873196030895344,-0.019585584431629503,-0.14515541960962314,-0.0116427951388887,-4.650362847892629e-08,-0.4769188741410806,-0.08893695929030328,-0.04714773866590042,0.29826585,-0.19948689124966232,-0.0034682062661061165,1.2831688490475255,0.0,-0.5,0.25828857421875,0.21819502115249634,1.001842975616455,15519,0.000264208098,-0.0126571464817971,0.9711162447929382,1.4183720797300339,0.028321719,0.2,-34.075850296020505
4010,231.94,739,0.0,3396,0.0,0.0,-119.53907358999999,0.7815710069699995,0.0,0.0,16.460100871801853,-0.38238968051518163,0.0,69.7513975,-0.10855586426210087,-0.011819316037082353,0.01,-3.810576977281437e-05,-0.16667584600578575,-0.045126795402101745,0.042937085725986916,0.5813811905,-0.01118457328832139,32.357039688557975,-0.3207023186077799,71620668,0.0,0.0,0.00010470866497295599,-0.27832433038120497,-0.01884504535932179,-0.14273689740248008,-0.011121961805555391,-4.4962703917980266e-08,-0.4952184905533606,-0.09231741091537285,-0.04728644444330524,0.29834265,-0.2060286825987898,-0.0033343887239382255,1.289919027578675,0.0,-0.5,0.23546142578125,0.24404850602149963,1.0020111799240112,15523,0.000264198882,-0.013027643389068543,0.9818741083145142,0.9194121539592743,0.030900592,0.2,-34.07637348175049
4010,223.95,740,0.0,3400,0.0,0.0,-118.72258624,0.7361829545442662,0.0,0.0,14.915519542776847,-0.3808659790956498,0.0,69.76291749999999,-0.10848228262592112,-0.011763483386735834,0.01,-6.028237099313944e-05,-0.16306576782755206,-0.04562838762184513,0.04219639178479442,0.5813635265,-0.011850260599102411,30.47797431813262,-0.3158327826446299,71639100,0.0,0.0,7.21567290990303e-05,-0.2748310230386415,-0.018701914341438555,-0.14211378995113533,-0.011100260416666504,-4.4839130608447824e-08,-0.49879965282724675,-0.09094939632045966,-0.046276397847262216,0.29841945,-0.1994082805478967,-0.0032701321034414367,1.2940260461678856,0.0,-0.5,0.2368896484375,0.004034578800201416,1.0018423795700073,15527,0.000264189666,-0.013243047578725964,0.9827936291694641,0.7432904243469238,0.024852892,0.2,-34.07506103515625
4010,220.84,741,0.0,3405,0.0,0.0,-118.20739271000001,0.9223026241418664,0.0,0.0,24.95322591092097,-0.38388828112869133,0.0,69.7744375,-0.10843171938758528,-0.012020820718400873,0.01,-5.655578877088167e-05,-0.164336044097531,-0.04566654416611021,0.04215662137053539,0.5813458625,-0.011156225167926297,38.18332863947327,-0.3223687221502952,71657532,0.0,0.0,9.928335202857852e-05,-0.2775787556700257,-0.019007845144636475,-0.14248990204204764,-0.01121961805555538,-4.6833479875960694e-08,-0.4877083345505355,-0.09109501614082793,-0.04726515721599915,0.29849625,-0.2054566854470107,-0.003331239143272762,1.300891916292462,0.0,-0.5,0.258349609375,0.10697901248931885,1.0025993585586548,15531,0.00026418045,-0.01641159930732101,0.9843453168869019,0.7671711355447769,0.027906898,0.2,-34.08253993988037
4011,213.49,742,0.0,3409,0.0,0.0,-117.16841683000001,0.7696238126284745,0.0,0.0,15.91299326369425,-0.38322579068317747,0.0,69.7859575,-0.10848258387040513,-0.011628708945653892,0.01,-1.1983224310543759e-05,-0.16712130701086414,-0.04623141751625111,0.043136011402330476,0.5813281985000001,-0.01122214323549997,31.86242584281884,-0.3274546299704111,71675964,0.0,0.0,7.975218856396775e-05,-0.2831973169223299,-0.019201101322928262,-0.14424731004598118,-0.011490885416666485,-4.588636015657004e-08,-0.4964727510923763,-0.09139584382123249,-0.047539463632192976,0.29857305,-0.20187517329502683,-0.003383544864593319,1.2978364664634465,0.0,-0.5,0.2499755859375,-0.054931193590164185,1.0022114515304565,15535,0.000264171234,-0.012360998475924135,0.976919412612915,1.101168617606163,0.026845783,0.2,-34.081200790405276
4011,222.76,743,0.0,3414,0.0,0.0,-118.10283148,0.7679117528026054,0.0,0.0,15.74794979634349,-0.3813608882113879,0.0,69.7974775,-0.10843459098750777,-0.01194706556155654,0.01,-8.979682399853997e-06,-0.16298630145642623,-0.04524672679772565,0.04124066178791168,0.5813105345,-0.01205683040219204,31.79154656602786,-0.32213963419443836,71694396,0.0,0.0,8.680513322663803e-05,-0.27803336312058374,-0.019020051711313088,-0.1408516934827331,-0.01108940972222206,-4.4954584622618736e-08,-0.49208005192873533,-0.08981299679535656,-0.04648774304847021,0.29864985,-0.20370421212711015,-0.003372649580644283,1.3035124627548675,0.0,-0.5,0.242822265625,-0.05450856685638428,1.0021182298660278,15539,0.00026416201799999995,-0.013321396638639271,0.9847026467323303,0.7375042617321015,0.029408868,0.2,-34.077450561523435
4011,223.3,744,0.0,3418,0.0,0.0,-118.05647987,0.7642036764862348,0.0,0.0,16.219360961289013,-0.3733374052985415,0.0,69.8089975,-0.10861183276009641,-0.012081136909015014,0.01,-8.16414509723893e-05,-0.16286649348311671,-0.0445902758777313,0.04247898670276327,0.5812928705,-0.011776882815562809,31.63803220653012,-0.30731412416089915,71712828,0.0,0.0,0.0001090489774166296,-0.2713598669956141,-0.01875971553986462,-0.14075691831119339,-0.01106770833333317,-4.3765545353013005e-08,-0.49736867231604287,-0.090923174374323,-0.046620231162880936,0.29872665,-0.20164655949685698,-0.0033160373645027864,1.294717907359191,0.0,-0.5,0.2298828125,0.15421274304389954,1.0023797750473022,15543,0.00026415280199999997,-0.010326664661988616,0.9789972901344299,1.1396744787693023,0.026700163,0.2,-34.08029479980469
4011,224.58,745,0.0,3423,0.0,0.0,-118.38671934999998,0.7808809267295989,0.0,0.0,16.155325662945252,-0.3963492820990659,0.0,69.8205175,-0.10843365229906933,-0.012115695566102017,0.01,-9.157662046641684e-05,-0.16655560464184269,-0.046629567555001715,0.04306341342640725,0.5812752065,-0.010261452071265213,32.328470366605394,-0.3259734865113291,71731260,0.0,0.0,8.897523124081393e-05,-0.28144501058217597,-0.019354453573017846,-0.14446763757737682,-0.011762152777777578,-4.6567399321567364e-08,-0.49463001019404984,-0.09043616960377358,-0.04739645471292101,0.29880345,-0.20337728414011377,-0.0034158632667160836,1.287930747367191,0.0,-0.5,0.2352294921875,0.07945483922958374,1.003216028213501,15547,0.000264143586,-0.012157814227975905,0.989542543888092,0.5438926711678504,0.026153425,0.2,-34.090023803710935
4011,212.75,746,0.0,3427,0.0,0.0,-117.36625071,0.7654504837480125,0.0,0.0,14.369177925855274,-0.3785374764308738,0.0,69.83203750000001,-0.108458540802968,-0.011397666393592208,0.01,-2.8311796218802052e-05,-0.15899543114584214,-0.04571988992728024,0.042685298915597726,0.5812575425,-0.012420326938606903,31.689650027167716,-0.31776246425489585,71749692,0.0,0.0,7.541192462667823e-05,-0.27174881516724786,-0.01880714447440125,-0.1410539412309913,-0.01130642361111094,-4.6621324133533336e-08,-0.5016247857964067,-0.09023035983082706,-0.04642788036519674,0.29888025,-0.2029016434026333,-0.003294299866265748,1.2879385404607406,0.0,-0.5,0.26680908203125,-0.05397844314575195,1.0025289058685303,15551,0.00026413437,-0.011437972355633975,0.987021803855896,0.5724500477313995,0.028665844,0.2,-34.08426761627197
4011,229.56,747,0.0,3432,0.0,0.0,-119.18757692,0.7606917493142913,0.0,0.0,15.13479265673464,-0.3781674039120737,0.0,69.8435575,-0.10855959771199802,-0.011936548583174347,0.01,-1.9594099499439764e-05,-0.16417204875700397,-0.04522192444373474,0.04253636138818317,0.5812398785,-0.011760877943339033,31.49263842161166,-0.31548213248976353,71768124,0.0,0.0,0.00010036843013949692,-0.2741258159856902,-0.01875912550212018,-0.14215536634626358,-0.011371527777777604,-4.5882407836354463e-08,-0.49639209164855536,-0.09324437233419364,-0.04669050342272678,0.29895705,-0.20144224978394376,-0.0032907499117231314,1.2914992491416453,0.0,-0.5,0.22557373046875,0.19213137030601501,1.00203537940979,15555,0.000264125154,-0.008676293690223246,0.9795092940330505,0.8302064269781113,0.020452455,0.2,-34.07772350311279
4011,222.65,748,0.0,3436,0.0,0.0,-118.59388518999998,0.8503852277813861,0.0,0.0,20.46494275930921,-0.38167789965387233,0.0,69.8550775,-0.10842362939870918,-0.012392192842751238,0.01,-2.1207093566983756e-05,-0.16961444820318805,-0.04512474013831987,0.04128294463115639,0.5812222145,-0.012999210572969686,35.205948430149384,-0.3122071264225361,71786556,0.0,0.0,0.00011067661883619924,-0.27386169578767583,-0.018626165781454842,-0.14104483328307763,-0.011067708333333178,-4.724872411485449e-08,-0.5049186005205467,-0.09065909746732154,-0.04633777906058627,0.29903385,-0.20316608848031986,-0.00329050883675703,1.2932970995646282,0.0,-0.5,0.244140625,-0.15484437346458435,1.002105712890625,15559,0.000264115938,-0.013405357603915036,0.97977215051651,0.7970442295074462,0.0260255,0.2,-34.07753276824951
4011,211.37,749,0.0,3441,0.0,0.0,-117.30681750999996,0.7737682765752814,0.0,0.0,15.621312294765067,-0.38319464281239884,0.0,69.8665975,-0.10847399105598857,-0.01221141965956671,0.01,-8.403650348486833e-05,-0.1669766075632654,-0.04548197532639882,0.04254931177705028,0.5812045505,-0.01229825687672322,32.03400665021665,-0.31088830168834275,71804988,0.0,0.0,0.00011610195118313034,-0.27441912993985745,-0.01886205189471684,-0.14182129031119045,-0.011056857638888728,-4.950780384882683e-08,-0.49655449804068486,-0.09090475040836245,-0.04810970578276721,0.29911065,-0.20127763126345263,-0.0032989967620546895,1.292387882525604,0.0,-0.5,0.23062744140625,0.24485108256340027,1.0020627975463867,15563,0.000264106722,-0.011475221696309745,0.9729893803596497,1.3459401845932006,0.025513103,0.2,-34.078346252441406
4011,206.2,750,0.0,3445,0.0,0.0,-117.20701432000001,0.7619200688255763,0.0,0.0,16.169471590217903,-0.3876237880148323,0.0,69.8781175,-0.10858114330233634,-0.012447060293681513,0.01,-5.955051190565122e-05,-0.17241604584757583,-0.045375929143839595,0.04368320698427772,0.5811868865,-0.010703616647838822,31.543490849378856,-0.311952720508292,71823420,0.0,0.0,0.0001584195221463839,-0.27959936408078023,-0.019137645278451108,-0.1416496093976881,-0.011490885416666484,-4.6959600556021765e-08,-0.4903553500134096,-0.09166017029163,-0.048630485740038865,0.29918745,-0.20586040409345413,-0.0033867823915364244,1.2997356776548672,0.0,-0.5,0.26832275390625,-0.05372899770736694,1.002492070198059,15567,0.00026409750599999996,-0.011897076456807553,0.9807693958282471,1.0102209091186523,0.03282396,0.2,-34.08067665100098
4011,216.57,751,0.0,3450,0.0,0.0,-117.19853827999995,0.7613578398534455,0.0,0.0,16.55647670110754,-0.3849718917957935,0.0,69.88963749999999,-0.108513637172634,-0.012745647397469494,0.01,-3.714672207225235e-05,-0.17527177511712616,-0.045784720302178256,0.04388284284220598,0.5811692225,-0.00930727167320179,31.520214569932644,-0.30628252493258973,71841852,0.0,0.0,0.00017361046047881246,-0.27986316059856553,-0.019040640086569884,-0.14203035987068463,-0.011621093749999804,-4.7681187310962714e-08,-0.4925247803373374,-0.09112378711403962,-0.04948914374008995,0.29926425,-0.20559170848298533,-0.0033606531576335493,1.2897232248332506,0.0,-0.5,0.26041259765625,-0.2236989438533783,1.0023787021636963,15571,0.00026408829,-0.012778937164694072,0.9857438802719116,0.6928375750780106,0.027995324,0.2,-34.082200813293454
4012,208.18,752,0.0,3454,0.0,0.0,-117.04119871000003,0.8827442718406209,0.0,0.0,24.498804751554594,-0.37765273445650166,0.0,69.9011575,-0.10838063962328112,-0.012133490427381257,0.01,-2.2198936672747994e-05,-0.16935439560923718,-0.04592420227994802,0.042265470593511725,0.5811515585,-0.009728412730813337,36.5456128542017,-0.3074825971041926,71860284,0.0,0.0,0.00018337605676303306,-0.2760467814696051,-0.018877558740762888,-0.1405894076757186,-0.011154513888888721,-4.690052124553777e-08,-0.49353134358319206,-0.08739600633560975,-0.04717350550092148,0.29934105,-0.20065367999067166,-0.003334007722621088,1.270850312306665,0.0,-0.5,0.25693359375,-0.3116530776023865,1.002547025680542,15575,0.000264079074,-0.014035602461080997,0.9911921620368958,0.42846979573369026,0.029986003,0.2,-34.08308868408203
4012,213.94,753,0.0,3459,0.0,0.0,-117.37284549000002,0.7519111002960182,0.0,0.0,15.23495518752604,-0.3827894257514113,0.0,69.9126775,-0.1086252683483663,-0.01195475365364646,0.01,-2.188980796734647e-05,-0.16474186698401916,-0.0449191950451738,0.04236444255747307,0.5811338945,-0.009230502520545593,31.12911955225515,-0.30766052131005023,71878716,0.0,0.0,0.00011230417294427752,-0.27364237480177345,-0.018846941144554877,-0.14361357530493546,-0.011382378472222053,-4.6000122973607345e-08,-0.4902319484355714,-0.0921442759984954,-0.048442326217357376,0.29941785,-0.2065398579603687,-0.00328779418965941,1.2907021247113029,0.0,-0.5,0.31878662109375,0.12200912833213806,1.0032801628112793,15579,0.000264069858,-0.009012619819259271,0.9737744927406311,1.4016965836286546,0.041436065,0.2,-34.089751434326175
4012,205.1,754,0.0,3463,0.0,0.0,-116.92875656999996,0.7743717020871439,0.0,0.0,17.53910502074249,-0.3843349229549597,0.0,69.92419749999999,-0.10846188127245103,-0.011817641807249648,0.01,-5.568981337602696e-05,-0.16916374369976492,-0.04546944746388171,0.04344456994439509,0.5811162305,-0.011167210971406247,32.058988466407754,-0.3135957351599087,71897148,0.0,0.0,0.00015407921940398714,-0.2736979261066741,-0.01875512947319151,-0.14175342511935418,-0.011469184027777593,-4.593046154600924e-08,-0.5003240880732994,-0.09118835105178193,-0.04898721704422476,0.29949465,-0.19989365440079385,-0.0033118269850598635,1.2718644509639239,0.0,-0.5,0.21033935546875,0.46515271067619324,1.0025067329406738,15583,0.000264060642,-0.01406615786254406,0.9813283681869507,0.8839977771043778,0.024708739,0.2,-34.08458957672119
4012,224.46,755,0.0,3468,0.0,0.0,-118.41026076,0.7606524137722732,0.0,0.0,17.04489763635029,-0.37550444415662326,0.0,69.93571750000001,-0.10867940131564648,-0.011843881015231268,0.01,-6.046409885518414e-06,-0.1664653076245797,-0.044425438557385614,0.04091313864297062,0.5810985665,-0.012719670671180615,31.491009930172112,-0.30695870345440773,71915580,0.0,0.0,0.00014756876043975353,-0.2649503106197535,-0.018507484180382856,-0.13999675183638702,-0.010687934027777637,-4.6358352492249224e-08,-0.5031153624101823,-0.08857932311286344,-0.04748423521458294,0.29957145,-0.20017124183682405,-0.003232325521804232,1.2934925029574205,0.0,-0.5,0.2206787109375,0.48782357573509216,1.0025749206542969,15587,0.000264051426,-0.0107118655112572,0.9616378545761108,1.9562556445598602,0.027520936,0.2,-34.083493041992185
4012,224.19,756,0.0,3472,0.0,0.0,-118.32280739,0.8361436743682409,0.0,0.0,20.611696367510135,-0.38239598386612145,0.0,69.9472375,-0.10837666545569938,-0.01224436706193473,0.01,-6.693755270369874e-05,-0.16795660100979445,-0.04466607997742864,0.04168713841867341,0.5810809025,-0.010974746397955136,34.616348118845174,-0.31250558177222676,71934012,0.0,0.0,0.00012315479883303246,-0.2724298055253531,-0.018668891751291022,-0.1405799541802694,-0.01123046874999983,-4.542902919604943e-08,-0.4938484383288131,-0.08957709292703836,-0.04963858461379761,0.29964825,-0.19744807412310203,-0.00328280213056262,1.283413872831465,0.0,-0.5,0.24998779296875,-0.11246967315673828,1.0027729272842407,15591,0.00026404221,-0.01608747033169493,0.9917314648628235,0.3699524290859699,0.030725216,0.2,-34.08515892028809
4012,216.09,757,0.0,3477,0.0,0.0,-117.69078015999999,0.7621293171024184,0.0,0.0,14.704317626925333,-0.38026004270458214,0.0,69.95875749999999,-0.10844069705150683,-0.011872809117875475,0.01,-7.057015941252056e-05,-0.16513383184378147,-0.045043060973518984,0.040868606215264947,0.5810632385,-0.011449736082189096,31.55215372804012,-0.31779947052484137,71952444,0.0,0.0,0.00013346293902335068,-0.2744064289960714,-0.018664775900593976,-0.14096051996767234,-0.011252170138888715,-4.502991802507003e-08,-0.504388533675971,-0.08785820399277651,-0.0489048613095524,0.29972505,-0.19974912814111323,-0.003272291887271063,1.2785834107320324,0.0,-0.5,0.27806396484375,0.0651763379573822,1.0026428699493408,15595,0.00026403299399999997,-0.00903945328318514,0.9782411456108093,1.0696135699748992,0.030506456,0.2,-34.08465805053711
4012,228.17,758,0.0,3481,0.0,0.0,-119.00698880000002,0.7422671381202595,0.0,0.0,15.684824014397915,-0.376328211886215,0.0,69.9702775,-0.10865857761750548,-0.01215550090410067,0.01,-6.623884290596886e-05,-0.16640072589788996,-0.04548135671608862,0.04155912270037292,0.5810455745,-0.013046410461861847,30.729859518178742,-0.3113677356836439,71970876,0.0,0.0,0.00010742138450344403,-0.27204177857592177,-0.018555347275032632,-0.14102141499446563,-0.011176215277777617,-4.607372489688181e-08,-0.5060976064009797,-0.08899267317137938,-0.04929167384240182,0.29980185,-0.19907025136000345,-0.003258524052504948,1.2816305784552642,0.0,-0.5,0.23822021484375,-0.0035544633865356445,1.0025662183761597,15599,0.000264023778,-0.012357947614509613,0.9805049300193787,0.9518484935164452,0.02852342,0.2,-34.082491874694824
4012,221.58,759,0.0,3486,0.0,0.0,-118.58253172999999,0.8015771676147734,0.0,0.0,17.968209178693684,-0.3811807545444145,0.0,69.9817975,-0.10834567373420957,-0.01171998310958593,0.01,-6.776844608750022e-05,-0.1651465676099094,-0.045515020378216205,0.04046532636931302,0.5810279105,-0.011584148761661103,33.18529473925162,-0.31715777474318707,71989308,0.0,0.0,0.00011284672655165195,-0.2749420933040463,-0.01884837639208666,-0.14266688859528653,-0.01110026041666651,-4.6356049488614933e-08,-0.509446944079733,-0.09026325663003398,-0.048172642441646964,0.29987865,-0.20036475552259603,-0.0032972852924652188,1.2653773995475996,0.0,-0.5,0.29755859375,0.26760369539260864,1.003688097000122,15603,0.000264014562,-0.011013208911754191,0.9858119487762451,0.7742333576083184,0.03588157,0.2,-34.09454402923584
4010,219.26,760,0.0,3492,0.0,0.0,-117.72105773,0.769330446183117,0.0,0.0,15.976589563499829,-0.37586610594560743,0.0,69.9933175,-0.10864787010925252,-0.012128022573407622,0.01,-8.214023481854241e-05,-0.16717796086031486,-0.04489440555487227,0.04098390102924574,0.5810102465,-0.010150503616185032,31.85028047198104,-0.3101943193365526,72007740,0.0,0.0,0.00013454798803043863,-0.272660112761678,-0.018525098844284358,-0.1397421080787551,-0.011208767361110945,-4.542741707375501e-08,-0.5015450135812906,-0.09103578706304534,-0.04680931157242867,0.29995545,-0.20250182376056744,-0.0032692005190636847,1.303026141171616,0.0,-0.5,0.2683837890625,0.3443891704082489,1.0029411315917969,15607,0.000264005346,-0.010618965851608663,0.978093683719635,1.107091623544693,0.030034278,0.2,-34.09031639099121
4010,209.23,761,0.0,3497,0.0,0.0,-117.25116996000001,0.8218270421231244,0.0,0.0,18.157534105255074,-0.37431658920428607,0.0,70.00483750000001,-0.1085164851662549,-0.012326383557365867,0.01,-5.728688114484405e-05,-0.16598544180810176,-0.044708950274144094,0.04141276858660731,0.5809925825,-0.011230008516577072,34.023639543897346,-0.3129155026404409,72026172,0.0,0.0,0.00014322856441140175,-0.27604216828000677,-0.01860011894825959,-0.13962220803825742,-0.011078559027777615,-4.551353753190128e-08,-0.5012484179004506,-0.09270238271615412,-0.048625560704767444,0.30003225,-0.20554211833019748,-0.003296979173640701,1.3074751453263815,0.0,-0.5,0.2403564453125,0.3472662568092346,1.0023733377456665,15611,0.00026399613,-0.01291696315165609,0.9861223101615906,0.7323399156332016,0.02557068,0.2,-34.08078746795654
4010,223.44,762,0.0,3501,0.0,0.0,-119.03788141999998,0.778387603426973,0.0,0.0,16.63843834762546,-0.3830878447706022,0.0,70.0163575,-0.10831303947971804,-0.012293839701157352,0.01,-0.00011939339950929124,-0.1659741493577877,-0.04561828180985291,0.04116492028250742,0.5809749185,-0.013291229037956024,32.22524678187668,-0.30745981464778194,72044604,0.0,0.0,0.00011555931996554136,-0.2757626759162648,-0.01899985500597349,-0.14168859374114826,-0.01089409722222207,-4.6429216695387806e-08,-0.49744355973031973,-0.08972614285119446,-0.05047907923992426,0.30010905,-0.20219515785594352,-0.003325003435274639,1.2852047072366592,0.0,-0.5,0.21572265625,0.6313303112983704,1.0022330284118652,15615,0.000263986914,-0.013429646636359394,0.9775755405426025,1.1762128710746764,0.022773761,0.2,-34.080176734924315
4010,225.91,763,0.0,3506,0.0,0.0,-118.56346594,0.732014729417499,0.0,0.0,14.654731731613236,-0.3790086586984524,0.0,70.02787749999999,-0.10853311766354298,-0.01226494661602012,0.01,-7.828273861500132e-05,-0.16947606682443506,-0.04605372850055853,0.040988751768073234,0.5809572545,-0.010235138350657912,30.305409797884458,-0.3121482026624313,72063036,0.0,0.0,0.0001236973136352996,-0.27538268879627786,-0.018691702584730907,-0.14148713695035717,-0.011100260416666502,-4.601770884789728e-08,-0.4930462137931531,-0.08934121475925488,-0.05011448887946996,0.30018585,-0.19829854960386634,-0.0032814512472461644,1.2778432966380737,0.0,-0.5,0.26898193359375,0.23683297634124756,1.0023977756500244,15619,0.00026397769799999996,-0.013104230677708984,0.9822490215301514,0.9970719039440155,0.030283296,0.2,-34.08025951385498
4011,223.12,764,0.0,3510,0.0,0.0,-118.87842714000003,0.7391884383341898,0.0,0.0,15.48035312659087,-0.38421998244478545,0.0,70.0393975,-0.1084478684087718,-0.01204600755647821,0.01,-0.00010412870657551948,-0.16713769709205847,-0.045569582606956704,0.041469897344402866,0.5809395905,-0.011062231197785068,30.602401347035457,-0.31543879211217096,72081468,0.0,0.0,0.00010959151162145038,-0.2812285022997372,-0.01902272005922976,-0.14322284770365767,-0.010959201388888737,-4.716102858823217e-08,-0.5042308539348948,-0.09036360444295198,-0.05083750098183938,0.30026265,-0.19923449375958058,-0.0033426967872202734,1.2723978440184176,0.0,-0.5,0.24044189453125,0.43050146102905273,1.0017950534820557,15623,0.000263968482,-0.009331528504844755,0.9805381298065186,1.0303896844387055,0.022122879,0.2,-34.0759464263916
4011,234.37,765,0.0,3515,0.0,0.0,-119.48972759,0.737966992439409,0.0,0.0,14.597639392448588,-0.37774693725374764,0.0,70.0509175,-0.10868684261653726,-0.011721052745455183,0.01,-8.435762126155416e-05,-0.16366377566670687,-0.04601823409137667,0.0406266440738199,0.5809219265,-0.01115066264982387,30.55183348699153,-0.3142097291525243,72099900,0.0,0.0,8.192230598069727e-05,-0.2728633199047308,-0.018591912071674845,-0.14043951059529955,-0.011121961805555391,-4.4481942538818564e-08,-0.5016594083509311,-0.08916353129168395,-0.04797509918570311,0.30033945,-0.19677078896539288,-0.0032821963592833403,1.2952249791358375,0.0,-0.5,0.2172119140625,-0.06317436695098877,1.0019192695617676,15627,0.000263959266,-0.013152893958613276,0.9720953702926636,1.3094252943992615,0.0262196,0.2,-34.074722862243654
4011,238.02,766,0.0,3519,0.0,0.0,-120.87287901000002,0.7594824824597928,0.0,0.0,15.952371552910154,-0.3773882168415081,0.0,70.0624375,-0.10860535947236151,-0.012083614048661463,0.01,-0.0001059399264561654,-0.15730936861297729,-0.046146051924805205,0.04002882122402666,0.5809042625,-0.014075461349825168,31.44257477383542,-0.3101613165756215,72118332,0.0,0.0,0.00012044216661403577,-0.27096768773315527,-0.018443631889495125,-0.14234521256630506,-0.010470920138888763,-4.418482622810145e-08,-0.510496471532835,-0.09033552182388034,-0.04876053577929116,0.30041625,-0.19889592582772442,-0.0032226584601000577,1.2586798095166218,0.0,-0.5,0.24248046875,-0.06138402223587036,1.0021299123764038,15631,0.00026395005,-0.0128112779580988,0.9893625378608704,0.5471977695822716,0.025088226,0.2,-34.07924194335938
4011,213.84,767,0.0,3524,0.0,0.0,-118.16513265000002,0.8445436851048729,0.0,0.0,21.179701219688045,-0.3763067998436642,0.0,70.0739575,-0.10851002072674047,-0.012337794799912944,0.01,-7.829348785244929e-05,-0.1655018928830411,-0.04532328970680469,0.041095135855644366,0.5808865985,-0.012724554392560903,34.96410856334174,-0.30566448385737954,72136764,0.0,0.0,0.00010416615987196565,-0.27765971622696317,-0.018586490703002705,-0.13929842541037746,-0.011208767361110945,-4.595807650682574e-08,-0.4939927238178136,-0.08947735457531775,-0.0489280664347596,0.30049305,-0.20105753673775886,-0.0032972630499229173,1.2930470983322682,0.0,-0.5,0.25325927734375,0.09615570306777954,1.0017707347869873,15635,0.000263940834,-0.013643115293234587,0.9725117683410645,1.308274433016777,0.02509838,0.2,-34.07487277984619
4011,229.3,768,0.0,3528,0.0,0.0,-118.69619520999998,0.7928851963430681,0.0,0.0,17.27776059200379,-0.38136357316890335,0.0,70.0854775,-0.10855558549351804,-0.012494723270583563,0.01,-0.00014909256120233317,-0.16704208192017586,-0.04602296677427575,0.040563091687059814,0.5808689345,-0.010215336665472327,32.82544712860302,-0.3152616315390066,72155196,0.0,0.0,0.00013129293802194297,-0.27479878086189813,-0.018779059104781115,-0.14231272118198823,-0.011263020833333163,-4.421050647939344e-08,-0.5015374390754469,-0.08996518990356477,-0.048676754546742404,0.30056985,-0.20068942666808356,-0.0032998734250479405,1.289870014091191,0.0,-0.5,0.2551025390625,0.5375999212265015,1.0028175115585327,15639,0.000263931618,-0.013195427157916129,0.9750985503196716,1.3685984790325165,0.028765958,0.2,-34.083615684509276
4011,217.02,769,0.0,3533,0.0,0.0,-118.45114372,0.7680020930812119,0.0,0.0,16.646033708813157,-0.36969161891009683,0.0,70.0969975,-0.10861367119707849,-0.012247764816552537,0.01,-0.00015489924213684894,-0.1663932258949403,-0.04515978180375157,0.04129392632000268,0.5808512705,-0.012563420154037885,31.795286653562172,-0.3044138637088081,72173628,0.0,0.0,0.00010416613076813519,-0.2719743436096898,-0.018560032841141653,-0.13921362520446323,-0.010991753472222065,-4.488010473111503e-08,-0.5010396878427721,-0.0895645867088334,-0.049163816096362806,0.30064665,-0.19730003065195234,-0.003279481415959932,1.288307582655163,0.0,-0.5,0.24393310546875,0.014925956726074219,1.0025358200073242,15643,0.000263922402,-0.01705993739888072,0.9898819327354431,0.47904168963432314,0.026190078,0.2,-34.08454608917236
4011,228.61,770,0.0,3537,0.0,0.0,-119.36747817,0.7367198440879361,0.0,0.0,15.37359575918822,-0.3791255065057441,0.0,70.1085175,-0.1086183863718977,-0.011771587938086065,0.01,-0.00014168672923215247,-0.16169961880693953,-0.045018856664051775,0.040463717901034896,0.5808336065,-0.013506207335416952,30.500201545240554,-0.31279455127535866,72192060,0.0,0.0,7.812455684567492e-05,-0.26977533797750525,-0.018771070994510773,-0.14157609059446424,-0.010948350694444288,-4.6223977290478726e-08,-0.5077305232282455,-0.0887208881154727,-0.048736483644948515,0.30072345,-0.1966131786136588,-0.003295234157678974,1.2829780269214068,0.0,-0.5,0.27255859375,0.5167601704597473,1.0024983882904053,15647,0.00026391318599999997,-0.009109032910782845,0.9728291630744934,1.4547318726778031,0.028318739,0.2,-34.081609916687015
4011,220.03,771,0.0,3542,0.0,0.0,-118.11563498000004,0.7488595707760257,0.0,0.0,15.104928048457511,-0.3788044261112274,0.0,70.1200375,-0.10853181727085642,-0.012200115731747015,0.01,-5.172360436564125e-05,-0.16441994230086715,-0.04523796879539402,0.04087920874238866,0.5808159425,-0.010964303296835473,31.002786230127462,-0.3104327045815868,72210492,0.0,0.0,8.626259902181725e-05,-0.27237173598391373,-0.01868101160966599,-0.1394080207467713,-0.01111111111111095,-4.5366220976096073e-08,-0.5004477242955901,-0.08835752120857125,-0.048157494346294835,0.30080025,-0.19650731020650272,-0.003303045465023261,1.292617280602292,0.0,-0.5,0.228173828125,0.04012101888656616,1.0023349523544312,15651,0.00026390397,-0.016031646041665227,0.981642484664917,0.8981589138507843,0.024362523,0.2,-34.08151741027832
4011,228.02,772,0.0,3546,0.0,0.0,-119.30126584000001,0.7596381398568139,0.0,0.0,17.388750454539956,-0.3848554965319277,0.0,70.1315575,-0.10868585729420362,-0.01196792603720197,0.01,-3.9201545259602246e-05,-0.16451756136764284,-0.04596762229619163,0.039191658017458574,0.5807982785,-0.012365666596451774,31.449018990072098,-0.3194627230813452,72228924,0.0,0.0,7.595448793532948e-05,-0.27716880611104017,-0.018947206915386636,-0.14166805611902386,-0.01123046874999983,-4.5632673752306395e-08,-0.5081355384396802,-0.08783486809803567,-0.04907767994886315,0.30087705,-0.19957026282741497,-0.0033439516067437654,1.2791380621939883,0.0,-0.5,0.255078125,0.01019895076751709,1.0021344423294067,15655,0.000263894754,-0.013560199819039553,0.9853897094726562,0.7540650591254234,0.02911828,0.2,-34.0786247253418
4012,215.95,773,0.0,3551,0.0,0.0,-118.06921012000001,0.7627910191236773,0.0,0.0,16.057959374853244,-0.3789464202173435,0.0,70.1430775,-0.10877172485359199,-0.012305881259153318,0.01,-0.00015636920744078095,-0.16825304699401636,-0.044691328707638485,0.041712166064526005,0.5807806145,-0.011618870116459826,31.57954819172024,-0.318662207050554,72247356,0.0,0.0,0.00011772952469376226,-0.27442662249493643,-0.018918696323771012,-0.14063603298888777,-0.011208767361110945,-4.4649687852322174e-08,-0.5045114655257769,-0.08977941515505451,-0.050001867678172246,0.30095385,-0.20299385006025458,-0.003352134709447364,1.2999051362683869,0.0,-0.5,0.28448486328125,0.21688589453697205,1.0019829273223877,15659,0.00026388553799999996,-0.01276977276429534,0.9836645722389221,0.8656161069869995,0.02845031,0.2,-34.075943565368654
4012,213.96,774,0.0,3555,0.0,0.0,-117.59820199999999,0.7293214927507945,0.0,0.0,13.832488010074865,-0.3744080705324071,0.0,70.1545975,-0.10866102575813424,-0.012478160808335642,0.01,-0.00011866877918570741,-0.17337807826972815,-0.04562926502257707,0.04171491848886354,0.5807629505,-0.013226260521656109,30.193909799882892,-0.31035574466058313,72265788,0.0,0.0,9.711321520929535e-05,-0.2689666141941197,-0.01844615260738132,-0.13847726608309463,-0.01077473958333319,-4.6873414751785454e-08,-0.5012828740561543,-0.08702144891375482,-0.04981433737137128,0.30103065,-0.19670778253575755,-0.003269774727122343,1.2897781552351362,0.0,-0.5,0.2385009765625,-0.09010383486747742,1.002293348312378,15663,0.000263876322,-0.012237158161588014,0.9835357069969177,0.796686339378357,0.025343198,0.2,-34.079342651367185
4012,209.39,775,0.0,3560,0.0,0.0,-117.44190939,0.7783820760329243,0.0,0.0,15.57896744534246,-0.3756289430494819,0.0,70.1661175,-0.10852074129304166,-0.012641980666905134,0.01,-0.00010147376177593291,-0.16925184158403173,-0.045197551102512556,0.03989631478691677,0.5807452865,-0.010460832781973295,32.225017947763064,-0.30932487750399223,72284220,0.0,0.0,0.00013129288951555887,-0.2798444724409764,-0.018853144720006886,-0.1387767375406569,-0.011382378472222045,-4.4809343397315754e-08,-0.4967063487128265,-0.08766028600856135,-0.04968936394657021,0.30110745,-0.20021793316437225,-0.0033463355461194333,1.2922798009999084,0.0,-0.5,0.2754150390625,0.36326155066490173,1.0025618076324463,15667,0.000263867106,-0.010092096030712127,0.9825330972671509,1.0188100665807724,0.031351954,0.2,-34.08251304626465
4012,223.53,776,0.0,3564,0.0,0.0,-118.40501731999998,0.7826594444925776,0.0,0.0,17.17161312714871,-0.3760154287915556,0.0,70.1776375,-0.10878984818336694,-0.012928982772111073,0.01,-8.209493666875516e-05,-0.17004950494718296,-0.04538633802584477,0.04162555541427254,0.5807276225,-0.010045523375285685,32.40210100199271,-0.29647639063738257,72302652,0.0,0.0,0.00013237795792520046,-0.2760134568709647,-0.01869643410351321,-0.1385064064181094,-0.011100260416666506,-4.4687432586291206e-08,-0.4945207931872194,-0.08933355955026913,-0.04945062684972019,0.30118425,-0.20286521135886634,-0.0033217115784472356,1.304224431770897,0.0,-0.5,0.25860595703125,0.3881346583366394,1.0025355815887451,15671,0.00026385788999999996,-0.009819271927699446,0.9781475067138672,1.2227090060710908,0.026553432,0.2,-34.08357963562012
4012,221.39,777,0.0,3569,0.0,0.0,-118.26979992000003,0.7488032087805383,0.0,0.0,15.529977807862203,-0.37223103604859253,0.0,70.1891575,-0.10865870300028087,-0.012596416015767664,0.01,-7.722930825559045e-05,-0.1663691905384456,-0.045092684876737635,0.040214998021229326,0.5807099585,-0.011864636321358072,31.000452843514285,-0.3003335118692538,72321084,0.0,0.0,8.463498670607805e-05,-0.2714738692280347,-0.018487683996356644,-0.13747399754117456,-0.011241319444444271,-4.5052060000334966e-08,-0.5036239245201948,-0.09076202738135802,-0.048590981273593056,0.30126105,-0.20673393100794463,-0.003287350381065652,1.3135994879051736,0.0,-0.5,0.25487060546875,0.25402170419692993,1.0023366212844849,15675,0.000263848674,-0.010966935544274747,0.9830061793327332,0.8303630664944649,0.033117212,0.2,-34.08087673187256
4012,224.0,778,0.0,3573,0.0,0.0,-118.87146142,0.7747171480415975,0.0,0.0,16.367775440859255,-0.38279075479749686,0.0,70.20067750000001,-0.10894632115768368,-0.012682707494152144,0.01,-8.176747871083972e-05,-0.1675195635124272,-0.04511410291655346,0.04093102695705849,0.5806922945,-0.014341437869006768,32.07328992892214,-0.29030972865380145,72339516,0.0,0.0,0.00014865396466727057,-0.268491068728523,-0.018540779342833234,-0.13758257640729588,-0.010438368055555428,-4.4967911243614376e-08,-0.5012817787532394,-0.08676742076826274,-0.04988400860377562,0.30133785,-0.201973948317187,-0.0032817861611713884,1.2855052235502558,0.0,-0.5,0.2434326171875,0.4197311997413635,1.0026955604553223,15679,0.000263839458,-0.011128009413369,0.9730953574180603,1.4619576275348662,0.02935404,0.2,-34.08204326629639
4012,226.37,779,0.0,3578,0.0,0.0,-119.46419911000001,0.8572204134890504,0.0,0.0,18.274373846391153,-0.3777987908200846,0.0,70.2121975,-0.10883686171895712,-0.01265253145185516,0.01,-0.0001252985727919988,-0.16857366150561226,-0.04529350032533783,0.04103683539346094,0.5806746305,-0.012140244725742377,35.48892511844669,-0.30330811920050565,72357948,0.0,0.0,0.00013454805593937635,-0.27514710039316786,-0.018800002407904803,-0.13913951392517748,-0.010796440972222073,-4.3743906536701107e-08,-0.5027641295131104,-0.08598292571441978,-0.05036505235007037,0.30141465,-0.20053766398499726,-0.003330287286718248,1.2786836323261737,0.0,-0.5,0.23179931640625,0.038941919803619385,1.003105640411377,15683,0.000263830242,-0.015134293236769736,0.9849793314933777,0.6988257512450218,0.030199131,0.2,-34.089012145996094
4012,230.02,780,0.0,3582,0.0,0.0,-119.40523359999999,0.7485182750514427,0.0,0.0,14.826614406580964,-0.37992322156106784,0.0,70.22371749999999,-0.10884289732414285,-0.012595501919274284,0.01,-6.719194427688848e-05,-0.16569780229589434,-0.045168672398323985,0.04146998502014759,0.5806569665,-0.012072427963074814,30.98865658712973,-0.3016949872970339,72376380,0.0,0.0,0.00010525121858033042,-0.27193138219003377,-0.018560246216952205,-0.1380416864593601,-0.010698784722222084,-4.3818371297252705e-08,-0.5009154410464085,-0.08854121112580679,-0.04931020517150787,0.30149145,-0.20024966619950954,-0.0033036798236969252,1.2709857027638998,0.0,-0.5,0.2465087890625,0.008639812469482422,1.002862572669983,15687,0.00026382102599999997,-0.011428676400100812,0.9842622876167297,0.8262193486094475,0.03280399,0.2,-34.08779888153076
4012,229.32,781,0.0,3587,0.0,0.0,-119.07355968999998,0.7847776567667646,0.0,0.0,17.44462697173475,-0.36974486532937906,0.0,70.2352375,-0.1090094791233967,-0.012425823192658262,0.01,-8.768671666312559e-05,-0.16683486811975531,-0.04484837428495092,0.03939899771429044,0.5806393025000001,-0.012964081250376895,32.489794990144055,-0.30436145546626603,72394812,0.0,0.0,0.00010362370327735941,-0.2697241065438747,-0.018322905414546085,-0.13852718780584306,-0.011002604166666508,-4.44974979402078e-08,-0.5053011263231574,-0.08600675826816423,-0.047844345865299016,0.30156825,-0.19785429743040017,-0.003216033412711372,1.2931691375639227,0.0,-0.5,0.261962890625,0.18360599875450134,1.0025044679641724,15691,0.00026381181,-0.013858759473077954,0.9854000806808472,0.781723515689373,0.027929474,0.2,-34.08356533050537
4013,226.33,782,0.0,3591,0.0,0.0,-118.66443061999999,0.7923511367452931,0.0,0.0,16.24139361083685,-0.37556830966759447,0.0,70.2467575,-0.10895063624403471,-0.012087747381637454,0.01,-5.494306272835044e-05,-0.16485194067909947,-0.04457551708340046,0.04068718261173212,0.5806216385,-0.012762259024182439,32.803337061255135,-0.3062260322716162,72413244,0.0,0.0,9.874083722631137e-05,-0.2722399926811297,-0.01880216523614307,-0.13822365438886208,-0.010872395833333184,-4.4992617610474504e-08,-0.5053551888998339,-0.08781962434554505,-0.04907499715499218,0.30164505,-0.19949272387814865,-0.0033357149881138564,1.3075004188480985,0.0,-0.5,0.2438232421875,-0.09768354892730713,1.0024560689926147,15695,0.000263802594,-0.013231783779338003,0.9915945529937744,0.47846696227788926,0.028896328,0.2,-34.08194084167481
4013,226.01,783,0.0,3596,0.0,0.0,-118.33010609000002,0.7360873969163286,0.0,0.0,14.184101606533625,-0.3677621592430788,0.0,70.2582775,-0.1090342579579238,-0.012313533273480308,0.01,-0.0001193543588344952,-0.16845260648822646,-0.044582383466777196,0.04268879490714967,0.5806039745,-0.01237705975654535,30.474018232336004,-0.2976045711594689,72431676,0.0,0.0,0.00012423989634650448,-0.2666471418903817,-0.018476638107137535,-0.13835237149353327,-0.01097005208333318,-4.234410854327753e-08,-0.5005994661967763,-0.08902595980019902,-0.04989399765472626,0.30172185,-0.20153491657813644,-0.003272321115554768,1.3091336090491401,0.0,-0.5,0.26319580078125,-0.0026765763759613037,1.002607822418213,15699,0.00026379337799999997,-0.010410820809192955,0.9887977242469788,0.6437361016869545,0.030312875,0.2,-34.08402309417725
4013,230.49,784,0.0,3600,0.0,0.0,-118.97390031,0.7805134254820723,0.0,0.0,15.013712162372999,-0.381120450077479,0.0,70.26979750000001,-0.10894867397529066,-0.012831489799750401,0.01,-7.156707659851577e-05,-0.17004074549207895,-0.04538585781628249,0.04186785778009235,0.5805863105,-0.010738880920042802,32.31325581495779,-0.299460546403116,72450108,0.0,0.0,0.00013563312434901795,-0.2725979089874014,-0.018672626504163126,-0.14024341088964937,-0.01106770833333317,-4.722768477150065e-08,-0.4982120882799651,-0.08799686242493228,-0.05112787995791427,0.30179865,-0.20109569631121105,-0.0032994738879174317,1.2890190912495343,0.0,-0.5,0.24739990234375,-0.2944358289241791,1.0024102926254272,15703,0.000263784162,-0.013140483567258342,0.9916806817054749,0.4262893319129944,0.026081135,0.2,-34.08290615081787
4013,219.41,785,0.0,3605,0.0,0.0,-117.86220595,0.736369802155326,0.0,0.0,14.278123488848996,-0.3823655721220699,0.0,70.2813175,-0.10869079796342458,-0.012845346620973771,0.01,-0.00010768788570049104,-0.17535973678127897,-0.04547330016643451,0.041275130049014924,0.5805686465,-0.010098149492276005,30.485709809230496,-0.3014519517829496,72468540,0.0,0.0,9.440057328902185e-05,-0.2780104513984274,-0.019062604805767748,-0.14297676666858922,-0.011458333333333149,-4.741440010973371e-08,-0.4978893566996795,-0.09024920089864436,-0.04943744961338204,0.30187545,-0.20501713918819592,-0.003353141871591774,1.2956220492013601,0.0,-0.5,0.25830078125,0.023214012384414673,1.0010465383529663,15706,0.000263774946,-0.0017261859876188364,0.9833213686943054,0.9237449602647261,0.051275324,0.2,-34.06683349609375
4013,222.45,786,0.0,3609,0.0,0.0,-118.21677489000001,0.8504201372105065,0.0,0.0,20.965104721965382,-0.3807546377908214,0.0,70.29283749999999,-0.10881987276348647,-0.013126836005079141,0.01,-0.00018586532931851835,-0.17274969742352658,-0.044897294323181215,0.04226268866926386,0.5805509825,-0.01240812099907392,35.20739368051497,-0.3061809448962507,72486972,0.0,0.0,0.00012966524809598923,-0.27452931487666876,-0.0187914067055184,-0.13984118116269612,-0.011284722222222049,-4.5398094521530856e-08,-0.5022999846567948,-0.09214518335803613,-0.05069230675976915,0.30195225,-0.20713817653490818,-0.0033462347132978613,1.2968935458308746,0.0,-0.5,0.25220947265625,-0.02059030532836914,1.0018548965454102,15710,0.00026376572999999996,-0.009432238712906837,0.9863544702529907,0.7186364144086838,0.02573145,0.2,-34.07565879821777
4011,225.02,787,0.0,3616,0.0,0.0,-118.05100290000001,0.7259084500639981,0.0,0.0,15.204408391211942,-0.36274448654371,0.0,70.30435750000001,-0.10916270973335478,-0.012775860938018713,0.01,-8.098889024425302e-05,-0.17444566153233923,-0.04405564060867155,0.04223034332279811,0.5805333185,-0.010335372144860836,30.05260983264952,-0.30426102894009877,72505404,0.0,0.0,9.92833908336858e-05,-0.2723801551043772,-0.01855166172936265,-0.13790525216372201,-0.011317274305555382,-4.3862833203524776e-08,-0.4961477314145076,-0.08864617961765128,-0.047542700004641225,0.30202905,-0.20572494889746906,-0.003301476494782427,1.3157117419591675,0.0,-0.5,0.2662841796875,-0.08248591423034668,1.002044677734375,15714,0.000263756514,-0.012888008425943554,0.9878227114677429,0.6464745283126831,0.030805066,0.2,-34.07641162872314
4011,204.22,788,0.0,3620,0.0,0.0,-117.01994468999999,0.7480665567988685,0.0,0.0,15.085358680751089,-0.38352128727511087,0.0,70.3158775,-0.10882228629623175,-0.01258211167929432,0.01,-0.00011538825292585645,-0.17084426185561127,-0.045136870327812384,0.04199351634222577,0.5805156545,-0.00994705390864207,30.969955451473155,-0.2957247314340312,72523836,0.0,0.0,0.00011338926075647275,-0.27556181547700853,-0.01903533375058271,-0.14245230556807906,-0.011121961805555396,-4.388446496421953e-08,-0.4863227097167033,-0.08917097392116452,-0.050246391690340626,0.30210585,-0.2013836071645069,-0.003359462473967671,1.2874492730781844,0.0,-0.5,0.2383056640625,-0.24715019762516022,1.0030229091644287,15718,0.000263747298,-0.009850895463023335,0.9898875951766968,0.5624009609222412,0.025849331,0.2,-34.08692398071289
4011,230.9,789,0.0,3624,0.0,0.0,-118.71406614,0.7560113160183135,0.0,0.0,15.920720575041996,-0.3703751761597289,0.0,70.32739749999999,-0.10896923541145703,-0.01245850936384283,0.01,-4.27698152785463e-05,-0.16790038013743858,-0.04492139983211746,0.04180610878485546,0.5804979905000001,-0.01051101688386148,31.298868483158177,-0.30939764647779283,72542268,0.0,0.0,0.00010687884059734643,-0.27361800313650686,-0.018759244538988855,-0.13745881746112068,-0.011078559027777617,-4.436043739783392e-08,-0.49612511744612875,-0.08978894447961236,-0.04721768128878625,0.30218265,-0.20508737158966017,-0.0033599982470955284,1.3024720018536202,0.0,-0.5,0.25490025111607145,0.47791558504104614,1.0016694068908691,15721,0.000263738082,-0.00732675746881536,0.9731464982032776,1.5137270987033844,0.042035334,0.2,-34.07556424822126
4011,217.41,790,0.0,3629,0.0,0.0,-118.31581648999997,0.7973685284913528,0.0,0.0,17.025033096031517,-0.37564071721772696,0.0,70.33891750000001,-0.1088872078804656,-0.012822545146876448,0.01,-5.674678990151293e-05,-0.16760000946091821,-0.04554486863334628,0.0404280670883241,0.5804803265,-0.012308701808150444,33.011057079542006,-0.3101586835142544,72560700,0.0,0.0,0.00016113216406665742,-0.2763074257695391,-0.018902905119547356,-0.13961009200044744,-0.01105685763888873,-4.5606392914075695e-08,-0.5032233684419815,-0.08782752248270033,-0.050196000092820756,0.30225945,-0.208583315055916,-0.003360903649757189,1.2871420831951612,0.0,-0.5,0.2478271484375,0.002846956253051758,1.0030807256698608,15725,0.000263728866,-0.015136770741082727,0.9931016564369202,0.33705835565924647,0.030047178,0.2,-34.086850547790526
4012,230.92,791,0.0,3633,0.0,0.0,-118.95425606,0.7888585490306275,0.0,0.0,17.04580847679804,-0.3765483922671691,0.0,70.3504375,-0.1088884206488257,-0.012441338236982746,0.01,-6.696741214028776e-05,-0.16696228790239587,-0.04495328230221642,0.04107469306903323,0.5804626625,-0.012244681598127095,32.658743929867974,-0.310171365265343,72579132,0.0,0.0,8.843263882833223e-05,-0.27373078809183676,-0.018880256304881667,-0.13980880741144955,-0.011197916666666504,-4.531403390183998e-08,-0.5066709935397331,-0.08839819809133484,-0.049078441233214566,0.30233625,-0.20698787749739297,-0.003363666446082664,1.3030683931967868,0.0,-0.5,0.25147705078125,0.03479963541030884,1.002695918083191,15729,0.00026371965,-0.012628238776233047,0.9888222217559814,0.5944913819432258,0.027628541,0.2,-34.088050079345706
4012,229.83,792,0.0,3638,0.0,0.0,-118.33127304000001,0.768771992381611,0.0,0.0,15.973200948381223,-0.37039181374077845,0.0,70.3619575,-0.10902286879433189,-0.01274701188366524,0.01,-4.443628599767485e-05,-0.17271686398977107,-0.04413330586618794,0.0425763509946308,0.5804449985,-0.010997126396331523,31.827160484598693,-0.3030962833936104,72597564,0.0,0.0,0.00010579373338259757,-0.274763339941958,-0.018900082287608422,-0.1386931876472479,-0.01116536458333317,-4.580522234018842e-08,-0.49518678231187835,-0.08937264122034566,-0.04877819133599765,0.30241305,-0.20450556239412407,-0.0033767349322170862,1.3033741219420947,0.0,-0.5,0.233740234375,-0.012893974781036377,1.0021922588348389,15733,0.000263710434,-0.012715239240787924,0.9924279451370239,0.37876126989722253,0.028676933,0.2,-34.07744579315185
4012,232.76,793,0.0,3642,0.0,0.0,-119.18176209,0.7619430657644217,0.0,0.0,15.103386706075433,-0.38017438295116457,0.0,70.3734775,-0.10887148710876075,-0.012821581467398806,0.01,-5.134281409955274e-05,-0.17153306250393754,-0.045431274765036035,0.041860449854291416,0.5804273345,-0.011896376431751478,31.544442922647058,-0.30718664292003406,72615996,0.0,0.0,0.00010091091583793362,-0.2760563494503925,-0.018894850251025413,-0.1383350521434505,-0.011295572916666491,-4.490457456670134e-08,-0.4972443458401684,-0.09000843843897904,-0.047823472142391216,0.30248985,-0.2022289404532533,-0.0033729434385939127,1.291898168933501,0.0,-0.5,0.24837646484375,-0.3205893337726593,1.0027811527252197,15737,0.00026370121799999997,-0.009732671594247223,0.9932616353034973,0.3516248404979706,0.029850226,0.2,-34.08246688842773
4012,219.21,794,0.0,3647,0.0,0.0,-117.89995723999999,0.9247541491081364,0.0,0.0,25.046994869566745,-0.3748964818835388,0.0,70.3849975,-0.10888618302132864,-0.012248363094855037,0.01,-6.265524634136483e-05,-0.1663989515103258,-0.045949385582632736,0.04062825634588028,0.5804096705,-0.010431671359886726,38.28482177307684,-0.30634918954135576,72634428,0.0,0.0,0.00010579387890174985,-0.2746615418090703,-0.019002034726917135,-0.14028068269927274,-0.01128472222222206,-4.4714501555698324e-08,-0.5027332952884802,-0.08878765241389662,-0.048648797221142084,0.30256665,-0.20168905837897952,-0.003365189158657785,1.2859018900106625,0.0,-0.5,0.2875244140625,-0.28058016300201416,1.0032615661621094,15741,0.000263692002,-0.014465804561041296,0.9924622178077698,0.38949709162116053,0.032753106,0.2,-34.09024314880371
4012,220.81,795,0.0,3651,0.0,0.0,-118.44113298,0.7810322401795706,0.0,0.0,16.858787501361327,-0.37410438091987835,0.0,70.39651749999999,-0.10882464480552985,-0.01247755887578904,0.01,-4.2786887766525474e-05,-0.16310622822289744,-0.04491537094931447,0.03991669769430712,0.5803920065,-0.01048782379398795,32.334734743434225,-0.3081632593521009,72652860,0.0,0.0,9.223047527484596e-05,-0.27349970013202946,-0.018825725662751744,-0.13838163724601896,-0.011252170138888719,-4.513392575449219e-08,-0.4985542031784236,-0.0890394027382659,-0.04636179042708818,0.30264345,-0.2023747212688376,-0.003328024915122836,1.2852787465143163,0.0,-0.5,0.30225830078125,-0.020025789737701416,1.003035306930542,15745,0.000263682786,-0.008896329603157938,0.9893686771392822,0.5697086460888385,0.03461991,0.2,-34.09102096557617
4012,224.75,796,0.0,3656,0.0,0.0,-118.46321681,0.7832825296814736,0.0,0.0,16.710809063681495,-0.37328289080017624,0.0,70.4080375,-0.10894152687920133,-0.012497576190286292,0.01,-2.439148967676385e-05,-0.16189198841682453,-0.044725955169579334,0.038882010421379704,0.5803743425,-0.011550104738691717,32.427896728813,-0.31073368585382893,72671292,0.0,0.0,8.354992799771328e-05,-0.2781276203728241,-0.01891800310233584,-0.1383293128246587,-0.011414930555555376,-4.409253270012997e-08,-0.5014573797989987,-0.08936487470989062,-0.04607566330861413,0.30272025,-0.2024560553530753,-0.003372289145350152,1.3061883192278034,0.0,-0.5,0.29036865234375,-0.051620423793792725,1.0028175115585327,15749,0.00026367356999999997,-0.009875525272218511,0.9821304082870483,1.0069178342819214,0.03179421,0.2,-34.08645458221436
4012,220.2,797,0.0,3660,0.0,0.0,-118.09828467999999,0.7445363621141821,0.0,0.0,14.458534223063806,-0.38323022543590035,0.0,70.4195575,-0.10895405578575262,-0.01220704538707212,0.01,-2.9492591983187346e-05,-0.16455544748491607,-0.044879078182590175,0.04160146523057692,0.5803566785000001,-0.01099482106413537,30.823805391527138,-0.3092147457154877,72689724,0.0,0.0,7.32417587035646e-05,-0.27250942756388674,-0.018899617954726486,-0.14055357655621498,-0.011371527777777597,-4.6376663071157485e-08,-0.5055037996302152,-0.09097570009629005,-0.04881223684094185,0.30279705,-0.2026130815839736,-0.00333839247429139,1.2877718489962886,0.0,-0.5,0.24444580078125,-0.17840786278247833,1.0028960704803467,15753,0.000263664354,-0.011428345739841462,0.9922632575035095,0.43979547172784805,0.025610572,0.2,-34.086172103881836
4012,231.19,798,0.0,3665,0.0,0.0,-118.88991369,0.7851575868237444,0.0,0.0,17.299107085988243,-0.37114212830051035,0.0,70.4310775,-0.10913590061908136,-0.01348290579313066,0.01,-0.00011829969770456284,-0.16922391667189168,-0.04399138577218473,0.03990590307000598,0.5803390145,-0.010747697815531865,32.505524094503016,-0.30421170812865805,72708156,0.0,0.0,0.00010633626758741836,-0.27186421228551844,-0.018695367139814185,-0.13820670735776017,-0.011241319444444274,-4.4581723987134125e-08,-0.4848563822487273,-0.09195621844080987,-0.04850281077846792,0.30287385,-0.20457578574290736,-0.0033069682961667946,1.320258122443128,0.0,-0.5,0.2932861328125,0.12316733598709106,1.0033361911773682,15757,0.000263655138,-0.008940377121325583,0.9869562983512878,0.6839126855134964,0.030042674,0.2,-34.09152488708496
4012,203.3,799,0.0,3670,0.0,0.0,-116.52469967,0.7450399258638007,0.0,0.0,15.293096154756034,-0.37209212511551953,0.0,70.4425975,-0.10885445711487453,-0.012788058781537891,0.01,-2.5038899064978295e-05,-0.16886436160209078,-0.04473107338586071,0.04118457983336398,0.5803213505,-0.008969680178173197,30.84465293076135,-0.31983951731484633,72726588,0.0,0.0,8.897525064336757e-05,-0.27321733627475386,-0.018858974691467374,-0.13972082532740812,-0.01162109374999981,-4.5343766896556036e-08,-0.49479445203674516,-0.08993529805278017,-0.04745429651702178,0.30295065,-0.20193624653954537,-0.003320148661992787,1.3005224619902265,0.0,-0.5,0.2742431640625,-0.2693774104118347,1.0024679899215698,15761,0.00026364592199999996,-0.011090857471572235,0.9907076358795166,0.4624054417014122,0.03127823,0.2,-34.084280776977536
4012,215.83,800,0.0,3674,0.0,0.0,-117.36668000999998,0.7375873741498902,0.0,0.0,14.466033471773024,-0.3778966898390934,0.0,70.4541175,-0.10909823917976022,-0.012947595014453101,0.01,-2.9175577355933656e-05,-0.17223727984540493,-0.04457568937779562,0.04105775399343836,0.5803036865,-0.009093106569101414,30.536117289805453,-0.31513768781814355,72745020,0.0,0.0,9.16879022649179e-05,-0.2775759495708953,-0.019172287003239603,-0.13968923742677583,-0.011762152777777583,-4.6061666443991376e-08,-0.49043580583854457,-0.09124411294714067,-0.04747232357715994,0.30302745,-0.20313766407076755,-0.0033854749063202735,1.3189971178972728,0.0,-0.5,0.2611328125,0.26704779267311096,1.0023773908615112,15765,0.000263636706,-0.007948966813273728,0.9652970433235168,1.8587257623672486,0.028310936,0.2,-34.08120174407959
4013,214.14,801,0.0,3679,0.0,0.0,-117.63458296000003,0.7340075556736425,0.0,0.0,16.528438691458362,-0.3731110323688502,0.0,70.4656375,-0.108922542686003,-0.012433002054515049,0.01,-0.00010194622752335167,-0.16376763737595107,-0.04435508007406776,0.04140077581722244,0.5802860225,-0.01014480716872236,30.3879128048888,-0.2942052036970051,72763452,0.0,0.0,8.409248160508771e-05,-0.2681355674957678,-0.018661315616050354,-0.1379906679740335,-0.01123046874999983,-4.257980382614877e-08,-0.48732795614372404,-0.09022874728280031,-0.04652726504522913,0.30310425,-0.19562118382815902,-0.003292035430741849,1.294789246443751,0.0,-0.5,0.26943359375,-0.08629408478736877,1.0026568174362183,15769,0.00026362749,-0.009375430725049228,0.9824467897415161,0.9650978565216064,0.02771475,0.2,-34.08448314666748
4013,211.21,802,0.0,3683,0.0,0.0,-117.69665310999999,0.7643300081700983,0.0,0.0,16.34542369393776,-0.379411451021356,0.0,70.4771575,-0.10899446176474313,-0.012114907739555774,0.01,-0.00012378983188861056,-0.16442921110411882,-0.044139961524892225,0.04089402732669579,0.5802683585,-0.010929309887514036,31.64326233824207,-0.3115900041548792,72781884,0.0,0.0,8.734762862635155e-05,-0.27576270283386756,-0.018818369120742147,-0.13916500064358295,-0.011154513888888724,-4.623374172941804e-08,-0.4983641632164511,-0.09085906510126357,-0.048109197604883046,0.30318105,-0.19669696897119085,-0.003336270943874886,1.2883197998405314,0.0,-0.5,0.24490966796875,-0.12691909074783325,1.002464771270752,15773,0.000263618274,-0.014065604796633125,0.9848739504814148,0.7287281438708305,0.0263414,0.2,-34.08232479095459
4013,216.23,803,0.0,3688,0.0,0.0,-117.56762368,0.7633322111772807,0.0,0.0,14.360791705947012,-0.3704876064599943,0.0,70.4886775,-0.10904267497049291,-0.012310305222902778,0.01,-8.81547860380007e-05,-0.16663929776815306,-0.04416165500434131,0.04189390926379824,0.5802506945,-0.01102045596861798,31.60195354273942,-0.2989043093349416,72800316,0.0,0.0,8.300730648140113e-05,-0.26715472609162927,-0.018632699127297543,-0.13737852335182105,-0.011100260416666499,-4.523216548969587e-08,-0.4899469393592113,-0.08923413282866825,-0.04814162924542198,0.30325785,-0.19538090732167757,-0.0032833807883962595,1.3000833579671742,0.0,-0.5,0.21754150390625,0.05002513527870178,1.0019354820251465,15777,0.000263609058,-0.010518067027442157,0.9757851362228394,1.2229625970125197,0.022604758,0.2,-34.076005935668945
4013,201.63,804,0.0,3692,0.0,0.0,-117.06556925000001,0.7775440826830289,0.0,0.0,17.52430294856432,-0.37763204505350534,0.0,70.5001975,-0.10876201865515121,-0.01204617342748916,0.01,-6.59433317329327e-05,-0.159969788120873,-0.04542983536379162,0.038935451078374754,0.5802330305,-0.012127901679680994,32.19032502307739,-0.3110628517294,72818748,0.0,0.0,8.029473247006536e-05,-0.27439352084780944,-0.01897323654961268,-0.14040947060851605,-0.010926649305555406,-4.7364764486719245e-08,-0.5103557465488849,-0.08790229301782276,-0.048110581662226266,0.30333465,-0.20086741749456077,-0.0033430815827530176,1.2776875213435386,0.0,-0.5,0.24967041015625,-0.05206656455993652,1.00240957736969,15781,0.000263599842,-0.00993422701722011,0.9815065264701843,1.0196143299341203,0.030789495,0.2,-34.08046646118164
4013,227.69,805,0.0,3697,0.0,0.0,-118.83317668000001,0.8194634398092169,0.0,0.0,19.646503863183327,-0.3797647840171537,0.0,70.5117175,-0.10902557280720732,-0.012569212407962861,0.01,-8.568468988398711e-05,-0.16327256967768122,-0.04504582941236281,0.041261363284334815,0.5802153665,-0.011471843388992257,33.92578640810158,-0.30580748822146153,72837180,0.0,0.0,0.00010579381099281211,-0.270738362973795,-0.018875041029865126,-0.1378334768808548,-0.010481770833333208,-4.478547371664527e-08,-0.4940515500882725,-0.0862853077328988,-0.04862930660832036,0.30341145,-0.19316369590287716,-0.003343137015498126,1.289289324214951,0.0,-0.5,0.2209716796875,-0.013863176107406616,1.002194881439209,15785,0.000263590626,-0.011813003779388964,0.9770231246948242,1.253638717532158,0.02260161,0.2,-34.080387115478516
4013,228.92,806,0.0,3701,0.0,0.0,-119.08159199999999,0.7366604757979054,0.0,0.0,14.74595300249014,-0.3765709340527648,0.0,70.5232375,-0.10894913895736781,-0.012446548287303003,0.01,-6.571026932590575e-05,-0.16790670693339785,-0.044998953119681336,0.04097221742166061,0.5801977025,-0.011820963444834989,30.497743698033283,-0.30384403640561053,72855612,0.0,0.0,9.657074891341229e-05,-0.2714704837742195,-0.018956867796810536,-0.13959753714892748,-0.01126302083333316,-4.917444352130103e-08,-0.49426056000407914,-0.08698193908393398,-0.048724497999875105,0.30348825,-0.19234985217386444,-0.003330028325468036,1.2843557970337764,0.0,-0.5,0.25919189453125,0.07859969139099121,1.0022424459457397,15789,0.00026358140999999997,-0.01563549186103046,0.9903424382209778,0.48784240558743475,0.02885809,0.2,-34.07975311279297
4013,235.87,807,0.0,3706,0.0,0.0,-119.65164213000004,0.7785945704043717,0.0,0.0,17.073202288715745,-0.37328304679654845,0.0,70.5347575,-0.10894298759033173,-0.01316081650378118,0.01,-0.00010167141314687382,-0.16819537379446092,-0.04521618859611266,0.04135539732115048,0.5801800385,-0.011304337306581955,32.233815214740986,-0.3131674086307431,72874044,0.0,0.0,0.00013075028740180036,-0.2685664260101391,-0.01864302695178043,-0.1392412725192043,-0.010828993055555411,-4.5651716944477166e-08,-0.49755361093240985,-0.08950615444159443,-0.04885967393189624,0.30356505,-0.19884004985926507,-0.003289580812178713,1.2708166744081724,0.0,-0.5,0.266748046875,0.2091376781463623,1.002052903175354,15793,0.000263572194,-0.007945616787765175,0.9802308678627014,1.0700725346803666,0.028946355,0.2,-34.077442741394044
4013,231.4,808,0.0,3710,0.0,0.0,-119.12304841999999,0.7551995538169551,0.0,0.0,15.17457733436627,-0.3732245649230494,0.0,70.5462775,-0.10903326051514217,-0.01222834210899587,0.01,-3.885210632882898e-05,-0.16291768699798015,-0.04454784964616255,0.03984925732171407,0.5801623745,-0.01256491216352313,31.26526152802194,-0.30587532416875,72892476,0.0,0.0,8.789020163627963e-05,-0.2675830175909331,-0.018483393698498496,-0.13655984305483193,-0.011176215277777611,-4.5847751056244534e-08,-0.5041176391388984,-0.08869184033195607,-0.04483815001339022,0.30364185,-0.1978191624229184,-0.003281518450748569,1.3187315230356966,0.0,-0.5,0.2329345703125,0.019700855016708374,1.0018776655197144,15797,0.000263562978,-0.012206450884696097,0.9759358763694763,1.1474691092967988,0.024237523,0.2,-34.07645206451416
4013,211.95,809,0.0,3715,0.0,0.0,-117.44722194,0.7271316394352538,0.0,0.0,14.007795196877979,-0.3749558012673427,0.0,70.55779749999999,-0.10895171057111788,-0.012303511637481113,0.01,-4.0615506812885045e-05,-0.16840396114454315,-0.04458149987951159,0.04172379758874952,0.5801447105,-0.011877521591183418,30.103249872619507,-0.3056069424901626,72910908,0.0,0.0,9.711325401440263e-05,-0.2669256535419759,-0.018909303372239967,-0.13830632776845564,-0.011208767361110945,-4.660952256327775e-08,-0.4939101642098027,-0.0878489451750028,-0.04772735953248865,0.30371865,-0.19412708587396535,-0.0033322591642077517,1.2989405709356199,0.0,-0.5,0.232470703125,0.04390901327133179,1.0024874210357666,15801,0.00026355376199999997,-0.012115361634641886,0.9837407469749451,0.8685653612017632,0.025608,0.2,-34.08011093139648
4013,219.8,810,0.0,3719,0.0,0.0,-117.61742695999999,0.7727641250296933,0.0,0.0,15.984992076946131,-0.38020723058866457,0.0,70.56931750000001,-0.10904200050119754,-0.012360375031257873,0.01,-3.78775003308077e-05,-0.16808651763926175,-0.04513816449797112,0.041428295764907266,0.5801270465,-0.010465714912344184,31.9924347762293,-0.31329978242947665,72929340,0.0,0.0,0.00010959149221889675,-0.27682034761974333,-0.019208976189034697,-0.1404957948215483,-0.011263020833333167,-4.688552375861143e-08,-0.4986476538343032,-0.08910889659335684,-0.048099094361047326,0.30379545,-0.19971159881309827,-0.0034070696154765443,1.2986913640637303,0.0,-0.5,0.2693115234375,0.3872576653957367,1.002279281616211,15805,0.000263544546,-0.007596774288685992,0.9759514927864075,1.2151300370693208,0.027519125,0.2,-34.08211669921875
4014,219.6,811,0.0,3724,0.0,0.0,-117.40459612000001,0.7569292505776446,0.0,0.0,16.60836250092209,-0.3734468633395672,0.0,70.5808375,-0.10909762045667692,-0.012701606177727448,0.01,-6.276300991778759e-05,-0.17427730067579483,-0.044121195720617,0.04123882792540066,0.5801093825,-0.010291290978784673,31.336870973914486,-0.31081769705723133,72947772,0.0,0.0,9.92833423273017e-05,-0.2702723704037417,-0.018814827107006007,-0.13786174853862634,-0.011480034722222036,-4.891962649638164e-08,-0.49339291514323513,-0.08668351098177289,-0.04706937896160341,0.30387225,-0.20070082453334587,-0.0033485640403360713,1.3116925701720041,0.0,-0.5,0.203369140625,-0.07560184597969055,1.0016095638275146,15809,0.00026353533,-0.01320134811103344,0.986659824848175,0.6554774567484856,0.02439047,0.2,-34.0726713180542
4014,227.59,812,0.0,3728,0.0,0.0,-118.36235355999999,0.7392120598166629,0.0,0.0,13.756800671646177,-0.37055338412248046,0.0,70.59235749999999,-0.10907383052679057,-0.012583758224881718,0.01,-1.8482568962768785e-05,-0.1668127641762492,-0.04415907887813034,0.039853199617521595,0.5800917185,-0.011730631396252042,30.603379276409843,-0.3016743657964762,72966204,0.0,0.0,8.626261842437088e-05,-0.26697437336400676,-0.01881204661523706,-0.13851845025995113,-0.01112196180555539,-4.513540461295325e-08,-0.4945386344642333,-0.0882700392612291,-0.04675703480619983,0.30394905,-0.19576605259307867,-0.003341723599686054,1.3056505902620779,0.0,-0.5,0.26644287109375,-0.18898797035217285,1.0024561882019043,15813,0.00026352611399999996,-0.011158450099173933,0.9918386936187744,0.47539301961660385,0.027626041,0.2,-34.07938861846924
4014,224.44,813,0.0,3733,0.0,0.0,-118.50165284,0.7200167033975591,0.0,0.0,13.948912829476667,-0.3792128699549882,0.0,70.6038775,-0.10914538298215352,-0.012567364691655796,0.01,-3.160861369231825e-07,-0.17505295210054708,-0.045189768694280014,0.042583894320430006,0.5800740545,-0.010053933114654178,29.808691520658943,-0.2896707389850872,72984636,0.0,0.0,0.00012641007197089493,-0.2742561827606258,-0.01898324222820689,-0.1395632281477346,-0.011154513888888723,-4.8535998668684884e-08,-0.4816823353450479,-0.0905224268933896,-0.04564557640180432,0.30402585,-0.19597938103771617,-0.0033738512787194813,1.290160115006714,0.0,-0.5,0.27606201171875,-0.0027363598346710205,1.003044605255127,15817,0.000263516898,-0.011424727638950572,0.9915465712547302,0.4923912718892097,0.030768251,0.2,-34.088654327392575
4012,233.05,814,0.0,3739,0.0,0.0,-118.92718810000002,0.7456719592597743,0.0,0.0,14.44721981022155,-0.3788724728248307,0.0,70.6153975,-0.10916268462660186,-0.012703634914462893,0.01,-4.935703513528732e-05,-0.16779744624030854,-0.043721648214024314,0.040853490937493735,0.5800563905,-0.011567194047125263,30.870819113354653,-0.2901538497835585,73003068,0.0,0.0,8.192226717559e-05,-0.27207648229907433,-0.018793879121835336,-0.13846044237915162,-0.011306423611110943,-4.509095159591033e-08,-0.4913115073924677,-0.0893827200815146,-0.04723159126172768,0.30410265,-0.19871627136054237,-0.0033691527008430384,1.3015411513227673,0.0,-0.5,0.31065673828125,0.2504851520061493,1.0027976036071777,15821,0.000263507682,-0.0047987020341679456,0.978660523891449,1.1313433229923249,0.03643234,0.2,-34.0856632232666
4012,230.68,815,0.0,3743,0.0,0.0,-119.31178428999999,0.742113956995563,0.0,0.0,15.773823348294707,-0.37153744666550925,0.0,70.6269175,-0.10909691431046495,-0.012500086039728447,0.01,-2.6143667180591512e-05,-0.16940653630651625,-0.04436998570999314,0.04118782678951482,0.5800387265,-0.010503150525942652,30.72351781961631,-0.29971399169246404,73021500,0.0,0.0,0.00011664444658284386,-0.2716190652650968,-0.018747170362507615,-0.13744953962779602,-0.010818142361110967,-4.662188519895316e-08,-0.49544162735040853,-0.08894201028689437,-0.045835816686618576,0.30417945,-0.2001623387735602,-0.0033586315944178604,1.2931023794224936,0.0,-0.5,0.2479248046875,-0.15586748719215393,1.0027470588684082,15825,0.000263498466,-0.012863951921463012,0.990594208240509,0.48457479774951934,0.0253968,0.2,-34.08634719848633
4012,235.34,816,0.0,3748,0.0,0.0,-119.60216448,0.8942579882238002,0.0,0.0,24.327895418489515,-0.3698845976166041,0.0,70.63843750000001,-0.10912177811638507,-0.012722897598782475,0.01,-7.019542169073927e-06,-0.17115731735742312,-0.043987371213610994,0.041328565253418346,0.5800210625,-0.011257814288708486,37.022280712465324,-0.28284776214691937,73039932,0.0,0.0,0.0001497389554666976,-0.2718250651131378,-0.018589315852458325,-0.13652669255514815,-0.01105685763888873,-4.769910859859181e-08,-0.4886924050649372,-0.08895187516326584,-0.04447147747415686,0.30425625,-0.2046993093595746,-0.0033258329985975917,1.3065211761498288,0.0,-0.5,0.293212890625,0.3105670213699341,1.0030927658081055,15829,0.00026348925,-0.008619534352328628,0.9812551736831665,1.0956043511629106,0.034816235,0.2,-34.08870658874512
4012,226.74,817,0.0,3752,0.0,0.0,-118.79692585999999,0.7577012313455094,0.0,0.0,16.58579073881528,-0.373932061701906,0.0,70.6499575,-0.1091807350902858,-0.01278227999577404,0.01,-1.653653759319526e-05,-0.16821480303528055,-0.04427913669443931,0.04312018077937604,0.5800033985,-0.01035422395054613,31.368830977704086,-0.2829489942823503,73058364,0.0,0.0,0.00015570686082355678,-0.26803683918807286,-0.0185115885801048,-0.13740801639105066,-0.010763888888888745,-4.401699077771288e-08,-0.48688705502161184,-0.08881291616065845,-0.04571696255991146,0.30433305,-0.1992567689155615,-0.0033102905254628746,1.3012754656426258,0.0,-0.5,0.2851318359375,-0.03377455472946167,1.0030666589736938,15833,0.000263480034,-0.014549309900030494,0.9888810515403748,0.5928478993475437,0.031391658,0.2,-34.089640045166014
4012,222.75,818,0.0,3757,0.0,0.0,-118.63091488000002,0.7388193259580951,0.0,0.0,14.61393482846587,-0.3745190173909518,0.0,70.66147749999999,-0.10902844344303426,-0.012596699073619861,0.01,-8.743680570351291e-06,-0.16693992901190885,-0.04417672921347286,0.040516521745843144,0.5799857345,-0.011421252785819687,30.587120094665135,-0.2984256696058477,73076796,0.0,0.0,0.00012206981773488224,-0.2741241123498489,-0.01886777109179374,-0.13865133998863527,-0.011501736111110931,-4.58708594698412e-08,-0.498958077747043,-0.0895259797943219,-0.0453665336635286,0.30440985,-0.19986598590025847,-0.003360121164231461,1.295400495357284,0.0,-0.5,0.269970703125,-0.21764543652534485,1.0023350715637207,15837,0.000263470818,-0.011104948085267097,0.9867613315582275,0.6279700413346291,0.027585763,0.2,-34.08221073150635
4012,226.29,819,0.0,3761,0.0,0.0,-118.78596875000001,0.7358759699237851,0.0,0.0,14.974988044831807,-0.3787702922793178,0.0,70.67299750000001,-0.10897553134421686,-0.012369219368262567,0.01,-2.2425192377056847e-05,-0.16504691808953031,-0.044558559075525674,0.04066754002718723,0.5799680705,-0.009195780475339334,30.465265154844705,-0.29456686102151863,73095228,0.0,0.0,0.00011664452419305842,-0.2708034182446146,-0.018964192032950727,-0.14052135847670175,-0.011588541666666476,-4.807681631895227e-08,-0.4919458321376892,-0.08715611800063998,-0.0466203549896926,0.30448665,-0.1962451119263777,-0.0033624670114004757,1.2902402959889165,0.0,-0.5,0.25440673828125,-0.2479628473520279,1.0028462409973145,15841,0.00026346160199999997,-0.014545768348034472,0.9894534349441528,0.5517850428819656,0.03023826,0.2,-34.08394222259521
4012,241.08,820,0.0,3766,0.0,0.0,-119.53868582,0.7954093848949635,0.0,0.0,18.306888026317054,-0.3754901407937495,0.0,70.6845175,-0.10919875341884522,-0.013159272962013297,0.01,-1.9682881439934238e-05,-0.1720442414523327,-0.04356179335997047,0.0420416456785273,0.5799504065,-0.010009581063059159,32.92994853465149,-0.2872200576092875,73113660,0.0,0.0,0.00011447434856866796,-0.2697382569010223,-0.01878334426360773,-0.13984247354445778,-0.011317274305555382,-4.594432132256883e-08,-0.485640918459231,-0.08849402284406181,-0.044786038851076494,0.30456345,-0.1982302416698877,-0.0033391872968426156,1.3156880282444705,0.0,-0.5,0.28455810546875,0.07702860236167908,1.0024025440216064,15845,0.000263452386,-0.00894905135501176,0.9841634035110474,0.849449411034584,0.03267638,0.2,-34.083697128295896
4012,228.21,821,0.0,3770,0.0,0.0,-119.18750231,0.7508305316386032,0.0,0.0,15.209720355462943,-0.37462647241549074,0.0,70.6960375,-0.1090913028170312,-0.012976499771586544,0.01,-3.0310696650311195e-05,-0.1719029121740939,-0.0449005066738564,0.04099799448160066,0.5799327425,-0.010854304955703102,31.084384009838175,-0.29773635202017107,73132092,0.0,0.0,0.00015462182151774564,-0.2766457623882112,-0.019030454848313685,-0.14061140594005328,-0.011154513888888728,-4.8473164202973644e-08,-0.491475446166264,-0.08905489474944071,-0.04536443095369351,0.30464025,-0.20461977539761375,-0.003373773956503906,1.3130080750395736,0.0,-0.5,0.247802734375,-0.15002155303955078,1.0022590160369873,15849,0.00026344317,-0.01566697015077807,0.9940846562385559,0.3201552055776119,0.029174173,0.2,-34.079034423828126
4013,232.53,822,0.0,3775,0.0,0.0,-118.9764644,0.7512047354497315,0.0,0.0,14.698106845809743,-0.3765411985519631,0.0,70.70755750000001,-0.10922689064963778,-0.013139329320016524,0.01,-8.917976337906807e-06,-0.17220800029145658,-0.04388841418616377,0.04321008042317213,0.5799150785,-0.008851000946985247,31.099876047618885,-0.28305300300087377,73150524,0.0,0.0,0.00011935711760694782,-0.26496931562486403,-0.018759638205619624,-0.138020084287881,-0.011425781249999819,-4.621405870272359e-08,-0.47656233113393726,-0.08710953721809259,-0.045364242035555356,0.30471705,-0.19824294596038913,-0.00334180167383019,1.3174129652689759,0.0,-0.5,0.2489501953125,-0.1368015706539154,1.0026452541351318,15853,0.000263433954,-0.011345961762708611,0.9905663132667542,0.5400750197470188,0.026361722,0.2,-34.082442092895505
4013,224.47,823,0.0,3779,0.0,0.0,-118.23669173999998,0.7451781917580771,0.0,0.0,14.960930943881664,-0.3761053178220636,0.0,70.7190775,-0.10921156396362741,-0.012613569789112374,0.01,-1.7382448529178344e-05,-0.17107046739754483,-0.04467548291957325,0.04252186712934711,0.5798974145,-0.009680262989907836,30.850377138784392,-0.2899320020726437,73168956,0.0,0.0,0.00010362366447225213,-0.27189672904012174,-0.018778607247114748,-0.13945458582724665,-0.011295572916666496,-4.772875967908331e-08,-0.48197972974059916,-0.08741982062640175,-0.045431333339199104,0.30479385,-0.19789178962795217,-0.0033439563956803825,1.3056827220195972,0.0,-0.5,0.24947509765625,-0.04105257987976074,1.0028870105743408,15857,0.000263424738,-0.010181796608958394,0.9930654168128967,0.3969706237316132,0.030006131,0.2,-34.08605880737305
4013,219.25,824,0.0,3784,0.0,0.0,-117.72238015999997,0.7480792007319135,0.0,0.0,15.070459031834712,-0.3724818778013926,0.0,70.7305975,-0.10907666419834482,-0.01347017783734867,0.01,-2.5585361816397843e-06,-0.17754671128120547,-0.04417092780598496,0.04211291476983589,0.5798797505,-0.010195940804098629,30.970478910301217,-0.2903966966506762,73187388,0.0,0.0,0.00015299423830583692,-0.27584037394131916,-0.01867872306558503,-0.1391954854088527,-0.010959201388888737,-4.637328809379299e-08,-0.4857284490910363,-0.08878197283892116,-0.04440589621393361,0.30487065,-0.20599119950566763,-0.0033176004091694192,1.3116184326503624,0.0,-0.5,0.30797119140625,0.008376985788345337,1.0037935972213745,15861,0.000263415522,-0.00947768532205373,0.9855537414550781,0.7822639584541321,0.037487257,0.2,-34.09484329223633
4013,220.32,825,0.0,3788,0.0,0.0,-118.44866286,0.7626682790090538,0.0,0.0,15.6589986129542,-0.3885916384410588,0.0,70.7421175,-0.10884787166732442,-0.01265750555994351,0.01,-1.5345635493615413e-05,-0.16966054152037552,-0.04423661797612879,0.043929386395063025,0.5798620865,-0.008949336896572882,31.574466750974825,-0.3029634865572312,73205820,0.0,0.0,0.0001464838181467106,-0.2780354579542984,-0.019228262029655732,-0.14146271994850493,-0.01105685763888873,-4.684120141450388e-08,-0.4733353063236512,-0.08674015404839147,-0.047155912137920045,0.30494745,-0.19861748207133487,-0.003428574392522324,1.2768243312869614,0.0,-0.5,0.2516357421875,-0.1465672254562378,1.0035384893417358,15865,0.00026340630599999996,-0.00972467233077623,0.9918277859687805,0.46002824753522875,0.028935622,0.2,-34.09750480651856
4013,223.38,826,0.0,3793,0.0,0.0,-119.53462895999998,0.8017358419471035,0.0,0.0,16.46802029495115,-0.3823566858110575,0.0,70.7536375,-0.1089752405702401,-0.012488136295580207,0.01,-1.919173375028388e-05,-0.165520698239368,-0.04462714492274172,0.04177808285805815,0.5798444225,-0.011962701737906577,33.191863856610084,-0.28985937686066704,73224252,0.0,0.0,0.00012261236164097986,-0.27339577852758,-0.018951607333668144,-0.1398660278082193,-0.010742187499999858,-4.753561006404432e-08,-0.4926307631508487,-0.08721669237511859,-0.04547045269714786,0.30502425,-0.19841756669985464,-0.0033795549981156187,1.28826038798313,0.0,-0.5,0.2584716796875,0.01316109299659729,1.0025148391723633,15869,0.00026339709,-0.012705700064543635,0.9777444005012512,1.013195239007473,0.02463499,0.2,-34.08391399383545
4013,215.92,827,0.0,3797,0.0,0.0,-117.92988143999997,0.7495417180946973,0.0,0.0,15.333051100343335,-0.3756995373954627,0.0,70.7651575,-0.109212247294945,-0.012938042025517116,0.01,-8.661524394155138e-06,-0.1683591683151965,-0.04433642882761067,0.04211352616698556,0.5798267585,-0.009266174994991161,31.031027129120467,-0.2897296788894192,73242684,0.0,0.0,0.00013237789971753955,-0.2716753745735226,-0.019004750853612584,-0.14016539661410451,-0.011078559027777615,-4.420558569694844e-08,-0.48068517751470324,-0.08657047395600939,-0.043784623577825595,0.30510105,-0.19870571874090323,-0.003387697620945311,1.298895570171731,0.0,-0.5,0.22906494140625,0.10428681969642639,1.002145767211914,15873,0.000263387874,-0.010827386868186295,0.9717692732810974,1.3993105828762054,0.027026702,0.2,-34.079017066955565
4013,219.51,828,0.0,3802,0.0,0.0,-118.097526,0.7600297496843584,0.0,0.0,16.444495694180954,-0.37552476145479957,0.0,70.7766775,-0.10917101779805327,-0.012431589611393576,0.01,-1.9230829677536987e-05,-0.16481891889481037,-0.04431619172624144,0.04359566361467315,0.5798090945000001,-0.010198654196250977,31.465231636932437,-0.2831145949026266,73261116,0.0,0.0,0.00013997330097481608,-0.27168449381320464,-0.019052910302070843,-0.13879825008536475,-0.010460069444444322,-4.643091779691038e-08,-0.4709011002276958,-0.08510220883056444,-0.04528802127263093,0.30517785,-0.1955413548218036,-0.00339651562803122,1.2998706942644498,0.0,-0.5,0.19698486328125,0.3429613411426544,1.0019307136535645,15877,0.000263378658,-0.012987783353310078,0.9770793914794922,1.105817621946335,0.02305189,0.2,-34.076116752624515
4013,232.17,829,0.0,3806,0.0,0.0,-119.20615871,0.7597373248059516,0.0,0.0,14.911225663115813,-0.3724809864948326,0.0,70.7881975,-0.10905917969352401,-0.01331589077961113,0.01,-9.042589938979443e-06,-0.1724842292462016,-0.04435496984463385,0.042091485898538096,0.5797914305,-0.010424347532938959,31.453125246966394,-0.29120483880425346,73279548,0.0,0.0,0.00015353667549788952,-0.2704366939027973,-0.01894114582760479,-0.13916847677188834,-0.010850694444444295,-4.759017267569203e-08,-0.4780912352607335,-0.08730778447099767,-0.0457602549615505,0.30525465,-0.19983765045620436,-0.0033756143398886167,1.3041011769992261,0.0,-0.5,0.22935791015625,0.378325879573822,1.0020079612731934,15881,0.000263369442,-0.012943638136493973,0.9833126068115234,0.8122928187251091,0.026512677,0.2,-34.07519359588623
4013,203.33,830,0.0,3811,0.0,0.0,-116.75230401,0.9029354414369428,0.0,0.0,25.455250115335623,-0.3774839169686035,0.0,70.7997175,-0.10898928566864793,-0.012561058486807716,0.01,-8.344789734370076e-06,-0.1674238895023781,-0.04444855216147659,0.04175760075768006,0.5797737665,-0.009978791593716273,37.38152727548943,-0.3011474793625447,73297980,0.0,0.0,0.00012749514038053653,-0.2700224296057997,-0.018911632285097676,-0.13794285877582,-0.011349826388888717,-4.706620173780011e-08,-0.48431718185728023,-0.0846095885478478,-0.04423527407186297,0.30533145,-0.19834549393812806,-0.003356031725200657,1.3020461567314052,0.0,-0.5,0.26527099609375,-0.02637377381324768,1.0025066137313843,15885,0.000263360226,-0.01528198029845953,0.9923181533813477,0.41237273439764977,0.030997057,0.2,-34.081607246398924
4013,217.95,831,0.0,3815,0.0,0.0,-117.76406326,0.7634268083933726,0.0,0.0,16.599936430775166,-0.3744260077771248,0.0,70.8112375,-0.10914474867053056,-0.012917192940431392,0.01,-2.059836591765027e-05,-0.17011936991798304,-0.044425122025055094,0.04324026389524749,0.5797561025,-0.010101947435436564,31.605869867485627,-0.2951334125195103,73316412,0.0,0.0,0.0001421435251055906,-0.263585301747863,-0.01896110528442976,-0.13840214194316333,-0.010861545138888748,-4.716264538208578e-08,-0.4843786002065042,-0.08478180788384254,-0.045724779150653906,0.30540825,-0.19661848767913703,-0.003364554215003295,1.2934135197147403,0.0,-0.5,0.2923828125,0.18593406677246094,1.0024689435958862,15889,0.00026335101,-0.008449455071240664,0.9832667112350464,0.9480035692453385,0.033228975,0.2,-34.08199291229248
4014,230.0,832,0.0,3820,0.0,0.0,-118.61751719,0.7814286327095472,0.0,0.0,16.77623892900655,-0.3768259116939031,0.0,70.8227575,-0.10915340802713265,-0.013397057424311276,0.01,-2.2144793758059976e-05,-0.17201740435059776,-0.044110363033672606,0.04214069827041833,0.5797384385,-0.009332499634991918,32.351145394175255,-0.29887775702522756,73334844,0.0,0.0,0.00016872766233670214,-0.26919138419749017,-0.018820233712195062,-0.13844605374469252,-0.011132812499999834,-4.7560958048805295e-08,-0.4868484155361117,-0.0844364389974041,-0.045639808003790194,0.30548505,-0.20034216049829257,-0.0033754983072771293,1.2940984941010756,0.0,-0.5,0.2275146484375,-0.16932184994220734,1.0025125741958618,15893,0.00026334179399999997,-0.010280070058070124,0.9897270202636719,0.5872709318995476,0.025083521,0.2,-34.0817590713501
4014,230.02,833,0.0,3824,0.0,0.0,-119.00882062999999,0.8520128130876847,0.0,0.0,20.733175700509577,-0.3677782511340075,0.0,70.83427750000001,-0.1090592070129624,-0.013061053264629837,0.01,-1.349861520544444e-05,-0.1667526415994068,-0.043883057843101037,0.04109828399665669,0.5797207745,-0.010296716094469756,35.27333046183015,-0.3005918383561161,73353276,0.0,0.0,0.00012152728353006144,-0.2632412291368904,-0.0184844919201818,-0.13562380897409007,-0.01108940972222206,-4.7101717844453215e-08,-0.48944515121131615,-0.08563382361710895,-0.04333868462777661,0.30556185,-0.19902995827083697,-0.0032961568372724907,1.3098665700214076,0.0,-0.5,0.26802978515625,0.02984720468521118,1.0024268627166748,15897,0.000263332578,-0.01252290247939527,0.9901083707809448,0.5396384596824646,0.02986375,0.2,-34.08189220428467
4014,231.63,834,0.0,3829,0.0,0.0,-118.81683663,0.7984822764455535,0.0,0.0,17.558876150314383,-0.3771786178704053,0.0,70.8457975,-0.10911797277117859,-0.012728272807793392,0.01,-3.2687567093973784e-05,-0.17017947075050277,-0.04382709045496216,0.04316198465557111,0.5797031105,-0.010447269877962148,33.05716624484591,-0.29707683707999033,73371708,0.0,0.0,9.114532925498982e-05,-0.2690233226904416,-0.01889012869229977,-0.137373052460863,-0.011176215277777613,-4.7487464638421024e-08,-0.48064769251389655,-0.08457768564119406,-0.0459949015756267,0.30563865,-0.19697760177087895,-0.003380943770218268,1.2962485180619716,0.0,-0.5,0.275927734375,-0.07375568151473999,1.002761721611023,15901,0.000263323362,-0.013714661356061697,0.9924789667129517,0.3906789742410183,0.032854058,0.2,-34.08500957489014
4014,223.0,835,0.0,3833,0.0,0.0,-118.36112531,0.7425843828229914,0.0,0.0,15.16593986171403,-0.3747415309845787,0.0,70.8573175,-0.10898296876663027,-0.01249195458056715,0.01,-2.3302134599617715e-05,-0.16705099119486133,-0.043794815077346436,0.043341022224559156,0.5796854465,-0.010079025189043023,30.742993448871843,-0.2922348912758378,73390140,0.0,0.0,0.00014051590308857462,-0.26300531987737963,-0.018744356204612095,-0.1379765937586615,-0.010579427083333197,-4.696498672066463e-08,-0.4861379550213317,-0.08488835966682134,-0.045178949943030906,0.30571545,-0.19403709922052334,-0.003330842264847413,1.2849251216445117,0.0,-0.5,0.28685302734375,-0.10183793306350708,1.0036053657531738,15905,0.000263314146,-0.010622464853804558,0.9900920987129211,0.483101174980402,0.03085512,0.2,-34.093575668334964
4014,223.74,836,0.0,3838,0.0,0.0,-118.87541345,0.8287736241205652,0.0,0.0,19.835150873932825,-0.3702967278125196,0.0,70.8688375,-0.10902439053490637,-0.012933775473498742,0.01,-3.170487217784213e-05,-0.1679856422530844,-0.043840937569262356,0.043133432506670066,0.5796677825000001,-0.01165006675324144,34.3112280385914,-0.28271583573831804,73408572,0.0,0.0,0.00015136654837988317,-0.26272942882939454,-0.01861968389958195,-0.1363976669747207,-0.011197916666666499,-4.811457850575224e-08,-0.4772278160871223,-0.08546049439110642,-0.04463126871365772,0.30579225,-0.19149332768933897,-0.0033334006698583847,1.2870705501663406,0.0,-0.5,0.2735595703125,0.00716206431388855,1.003652811050415,15909,0.00026330493,-0.010394262382760644,0.9826083779335022,0.9561403214931488,0.029964268,0.2,-34.09696617126465
4014,227.23,837,0.0,3842,0.0,0.0,-119.30836248999998,0.7295309760547781,0.0,0.0,14.478040150311141,-0.3810447919231781,0.0,70.8803575,-0.10889840262902774,-0.013406583851804155,0.01,-3.343982752334844e-05,-0.1697738436103312,-0.04423234148643121,0.04277880774098901,0.5796501185,-0.010347714743046608,30.202582408667812,-0.2903375529351046,73427004,0.0,0.0,0.00013454805593937635,-0.26553702879019325,-0.018642810644325394,-0.13869406073063478,-0.010818142361110965,-4.5457445494154264e-08,-0.4869963722451336,-0.08613118556096362,-0.04587289739187272,0.30586905,-0.2001206515481026,-0.0033267547432110425,1.2918340568444218,0.0,-0.5,0.24072265625,0.7557832598686218,1.0030291080474854,15913,0.000263295714,-0.010587283037602901,0.9794217348098755,1.1834791451692581,0.02567644,0.2,-34.08907680511474
4014,217.4,838,0.0,3847,0.0,0.0,-118.19918080999997,0.7918598912545396,0.0,0.0,17.032969918557814,-0.3779760354809137,0.0,70.89187749999999,-0.10884177055334751,-0.01251584843366838,0.01,-1.0060441314903966e-05,-0.16144437978704895,-0.044894142484345534,0.04225821402357965,0.5796324545,-0.010322216026704863,32.782999497937936,-0.29463603807405536,73445436,0.0,0.0,8.354990859515965e-05,-0.2637223341214208,-0.018987099300138352,-0.13886725048754736,-0.011035156249999848,-4.668166338066891e-08,-0.4803988838384909,-0.08673547799669529,-0.045289756104955746,0.30594585,-0.1924459395161413,-0.0033876247837797326,1.2905654068610783,0.0,-0.5,0.249755859375,0.33849507570266724,1.0021986961364746,15917,0.00026328649799999996,-0.009752655331976712,0.9743576645851135,1.3929343342781066,0.029566566,0.2,-34.080608177185056
4014,235.92,839,0.0,3851,0.0,0.0,-120.27463260000002,0.775512052316556,0.0,0.0,15.445783821951018,-0.38082002253845615,0.0,70.90339750000001,-0.10903943472669995,-0.01341117651138727,0.01,-9.386131008291522e-06,-0.16638759740922895,-0.04451330898594705,0.0423598433402341,0.5796147905,-0.013122638423940063,32.10619896590541,-0.3003306080290789,73463868,0.0,0.0,0.0001529942286045601,-0.2644463116781172,-0.01871970912773637,-0.1388816527391254,-0.011013454861110957,-4.554140100747387e-08,-0.48907503100571437,-0.08687699018956281,-0.046145576368547415,0.30602265,-0.20033221311015903,-0.003330939629483635,1.2848441501579408,0.0,-0.5,0.20838623046875,0.02096983790397644,1.0018467903137207,15921,0.000263277282,-0.013024055445566774,0.9722520112991333,1.4332677841186523,0.023602698,0.2,-34.07527847290039
4014,222.69,840,0.0,3856,0.0,0.0,-118.83970868999997,0.8099194179363192,0.0,0.0,18.859576681243823,-0.369364329360108,0.0,70.9149175,-0.10890876140094755,-0.012476697085257355,0.01,-1.6665600647709806e-05,-0.16374005402438074,-0.044083001458286745,0.04195138050374108,0.5795971265000001,-0.010438724671581035,33.53066390256361,-0.2928771917536854,73482300,0.0,0.0,8.734760922379792e-05,-0.26536095725352976,-0.01874375291980583,-0.1373732597544423,-0.010872395833333187,-4.9944334458871445e-08,-0.4820284232338621,-0.08454124037637228,-0.04420309246507778,0.30609945,-0.19259115491084447,-0.0033310413919452942,1.286201971220901,0.0,-0.5,0.22376708984375,-0.1568252146244049,1.0020697116851807,15925,0.000263268066,-0.015621067606844008,0.9857978224754333,0.6587057769298553,0.023522442,0.2,-34.07771453857422
4013,220.61,841,0.0,3862,0.0,0.0,-118.52927953999998,0.7826166224717908,0.0,0.0,16.599471303498248,-0.3774578787876785,0.0,70.92643749999999,-0.10896563442493677,-0.013445157571173674,0.01,-5.254703392571622e-05,-0.17067125694882931,-0.04417854490205715,0.04421682143515342,0.5795794625,-0.010181970364000235,32.40032817033214,-0.2961840276034687,73500732,0.0,0.0,0.00012858012147868672,-0.2670438291934304,-0.019085553183307753,-0.14076431818373647,-0.011132812499999837,-4.837784219761847e-08,-0.48224570034633973,-0.08567953725171423,-0.04683934250238919,0.30617625,-0.19687205214355394,-0.0033886835352811328,1.28738197703873,0.0,-0.5,0.24471435546875,0.31245067715644836,1.0022358894348145,15929,0.00026325885,-0.011734774918295443,0.9754138588905334,1.2967424243688583,0.025906732,0.2,-34.079921340942384
4013,216.03,842,0.0,3867,0.0,0.0,-117.98930741999999,0.8663259722320686,0.0,0.0,23.14080115831164,-0.3699035630636348,0.0,70.93795750000001,-0.1089013580206095,-0.013024566217098575,0.01,-2.953012219831067e-05,-0.16673217287437225,-0.04349429204084923,0.04157976024514856,0.5795617985,-0.011704318792908452,35.86589525040764,-0.29756704242498405,73519164,0.0,0.0,0.00013726068815837303,-0.2646085616145438,-0.018593263540703314,-0.1360721876650245,-0.011100260416666506,-4.610094962825902e-08,-0.49269348976684857,-0.08312697073290519,-0.045047580105575726,0.30625305,-0.1935033752538227,-0.0033280657798782486,1.282313370102963,0.0,-0.5,0.1909423828125,0.1458534598350525,1.00194251537323,15933,0.000263249634,-0.013172686425969004,0.9755336046218872,1.3150174647569657,0.023196796,0.2,-34.07691135406494
4013,235.47,843,0.0,3871,0.0,0.0,-119.07878267999999,0.7834545595868023,0.0,0.0,16.731368250247023,-0.3731340772711684,0.0,70.9494775,-0.10915354217149671,-0.013210158980842405,0.01,-2.4073694868845418e-05,-0.1731820798170193,-0.044187780089366,0.041257765922328694,0.5795441345,-0.009813319193199277,32.43501876689361,-0.29414377235672545,73537596,0.0,0.0,0.00011393173675363262,-0.273267884008623,-0.0190980879668332,-0.14044191750764867,-0.011610243055555374,-4.849609101709474e-08,-0.4876996013959107,-0.08667112410086378,-0.045967895116199406,0.30632985,-0.20007953071033532,-0.0034098696847606035,1.3009251595934848,0.0,-0.5,0.20970458984375,0.03847220540046692,1.002119541168213,15937,0.000263240418,-0.013041511503979563,0.98386150598526,0.8263265877962113,0.023564687,0.2,-34.077713584899904
4013,229.43,844,0.0,3876,0.0,0.0,-118.92164986000002,0.7414008924580977,0.0,0.0,14.655546217447938,-0.3739286075393324,0.0,70.96099749999999,-0.10915572114367346,-0.013183812514293737,0.01,-3.261424370327688e-05,-0.17065842551060847,-0.04406338954485106,0.04236989387216289,0.5795264705000001,-0.011281415791017935,30.693996947765243,-0.2916374633149819,73556028,0.0,0.0,0.00012044214721148212,-0.27110362521034437,-0.018935251518046356,-0.13796833658408597,-0.011219618055555398,-4.798456948043732e-08,-0.4825438869337612,-0.08697998181739215,-0.04640122499139081,0.30640665,-0.19774357225675016,-0.0033964893925269865,1.2968577204958904,0.0,-0.5,0.23187255859375,-0.14449433982372284,1.0020745992660522,15941,0.000263231202,-0.012908364192117005,0.9875795841217041,0.6061274215579033,0.024748309,0.2,-34.076579856872556
4013,228.85,845,0.0,3880,0.0,0.0,-119.70512770999999,0.8186987081282227,0.0,0.0,14.84995442250523,-0.382114988413745,0.0,70.9725175,-0.10900114099446645,-0.013483005557721191,0.01,-2.5436092058030397e-05,-0.17310370867081887,-0.044507856143714726,0.043713287362445306,0.5795088065,-0.009589661210257974,33.894126516508415,-0.2943350625224601,73574460,0.0,0.0,0.0001654724086013933,-0.27134760065535635,-0.019071194183670124,-0.1448657402123516,-0.011219618055555389,-4.647542459659707e-08,-0.4777421190167701,-0.08834700961539159,-0.046640725870541626,0.30648345,-0.20301947778073773,-0.0033743937180001973,1.2608728539153629,0.0,-0.5,0.22669677734375,-0.060306817293167114,1.0023173093795776,15945,0.00026322198599999997,-0.015459883993025869,0.9847316741943359,0.7509861633181572,0.025043046,0.2,-34.080352210998534
4013,229.63,846,0.0,3885,0.0,0.0,-119.5088349,0.7505078548179749,0.0,0.0,14.49810193045903,-0.3733150151223416,0.0,70.9840375,-0.10905983853910511,-0.01308432688200561,0.01,-4.2090628767124004e-05,-0.17210478731836262,-0.04340269857372043,0.042495551216774716,0.5794911425,-0.011364964847517613,31.07102518946416,-0.2928579159048918,73592892,0.0,0.0,0.00016764257452450693,-0.26653577201083545,-0.018670833170798557,-0.13807967699818338,-0.011024305555555398,-4.643014394254368e-08,-0.4942710188279649,-0.08587210139124316,-0.04654993012956988,0.30656025,-0.19568782945249652,-0.0033293587039137508,1.282469203710372,0.0,-0.5,0.2215087890625,-0.06542053818702698,1.00179123878479,15949,0.00026321277,-0.016252344631357118,0.9794695377349854,0.9625679403543472,0.024060529,0.2,-34.07514114379883
4013,222.24,847,0.0,3889,0.0,0.0,-118.9585605,0.7376076659666164,0.0,0.0,14.404009971008024,-0.3718410653439539,0.0,70.9955575,-0.10884361148199635,-0.012810867119861225,0.01,-6.052120435312046e-06,-0.1680159764678194,-0.044508748316208296,0.04136068456544183,0.5794734785,-0.010526751003150517,30.53695737101792,-0.30591065755109514,73611324,0.0,0.0,0.00014594127424061298,-0.26899381751198814,-0.018843151212457828,-0.13991784544426442,-0.011165364583333169,-4.7808371633740254e-08,-0.4958453267810578,-0.08644409092277659,-0.04501236921978112,0.30663705,-0.19709618267973705,-0.0033568375934163457,1.2815973770081746,0.0,-0.5,0.23643798828125,-0.12397545576095581,1.0022040605545044,15953,0.000263203554,-0.014476093137636781,0.979130208492279,1.0392624408006668,0.029368877,0.2,-34.079066848754884
4013,222.37,848,0.0,3894,0.0,0.0,-118.31047714999997,0.780629666833381,0.0,0.0,16.863843725868403,-0.3763510519592822,0.0,71.00707750000001,-0.10909106294711315,-0.013419082238351109,0.01,-2.702124658124835e-05,-0.17471841669461374,-0.04393731991920585,0.043914369288268945,0.5794558145,-0.009308357548434287,32.31806820690197,-0.290106882655789,73629756,0.0,0.0,0.00018066340514148274,-0.2748037692091656,-0.019173725607080094,-0.14017775479043104,-0.011371527777777604,-4.746200050358598e-08,-0.47599770770482486,-0.08733784585208496,-0.046992300034828675,0.30671385,-0.2018740884637229,-0.0034149878039833434,1.3101034935415221,0.0,-0.5,0.25623779296875,-0.058463335037231445,1.0020543336868286,15957,0.000263194338,-0.015213642857270315,0.9831434488296509,0.8312619924545288,0.026849544,0.2,-34.078380012512206
4013,226.4,849,0.0,3898,0.0,0.0,-118.40498676000001,0.7463353309276575,0.0,0.0,15.379628443113873,-0.3785779926568358,0.0,71.0185975,-0.10916741913631883,-0.01304077454896447,0.01,-1.3305828467790663e-05,-0.17359078653375992,-0.04402213949040237,0.04430035476815715,0.5794381505,-0.008904169096947752,30.89828270040502,-0.2937806558353706,73648188,0.0,0.0,0.00011935703999673326,-0.2719126952833479,-0.019039270794383282,-0.14093911616486354,-0.011414930555555383,-4.853844383506546e-08,-0.4827592722826405,-0.08804651372726936,-0.04568535283963285,0.30679065,-0.19922736750560785,-0.0033924562528310975,1.3061508322723328,0.0,-0.5,0.24176025390625,-0.05679348111152649,1.0019506216049194,15961,0.000263185122,-0.012934839399531484,0.9871038794517517,0.662132978439331,0.025024746,0.2,-34.07680702209473
4013,216.35,850,0.0,3903,0.0,0.0,-117.70997109000001,0.8126003782882445,0.0,0.0,18.75730145299651,-0.3788954773222215,0.0,71.03011749999999,-0.10902067491541405,-0.013047627635316455,0.01,-1.4655157289305879e-05,-0.16920697367244944,-0.04406404317377876,0.041684510216448506,0.5794204865,-0.012498452546424232,33.64165566113332,-0.3046277340445449,73666620,0.0,0.0,0.00014648384725054106,-0.2726206913467346,-0.019156369703633887,-0.14116185692844885,-0.01089409722222207,-4.709511016376661e-08,-0.49507176082989507,-0.08833586596168308,-0.04716622486856265,0.30686745,-0.20608450123147254,-0.00339126528447593,1.3098752506926248,0.0,-0.5,0.21712646484375,0.1310705542564392,1.00191068649292,15965,0.000263175906,-0.012958099786192178,0.9845637083053589,0.7893840059638023,0.024570737,0.2,-34.07550182342529
4013,209.33,851,0.0,3907,0.0,0.0,-118.09387758999999,0.7728128838104289,0.0,0.0,15.72797352698933,-0.3891100691364368,0.0,71.0416375,-0.10891595334523307,-0.013290349529829137,0.01,-3.744198296634399e-05,-0.17380227047028204,-0.04419846196053213,0.044599441478055515,0.5794028225,-0.010139247156783111,31.994453389751754,-0.2944180557482198,73685052,0.0,0.0,0.00018880138910996416,-0.27675557310128396,-0.019307334812595136,-0.14313568103422766,-0.011252170138888715,-4.8359585969624205e-08,-0.479262588002366,-0.08994161058527378,-0.04912593458217922,0.30694425,-0.20101199299135908,-0.003427937934995615,1.2704038691132675,0.0,-0.5,0.2367919921875,-0.1623513400554657,1.0021024942398071,15969,0.00026316668999999996,-0.014594427024712786,0.9844257235527039,0.7907372504472733,0.025180692,0.2,-34.077115058898926
4013,218.9,852,0.0,3912,0.0,0.0,-118.32320371999998,0.8723784608639034,0.0,0.0,22.315629879910933,-0.37917117032849273,0.0,71.0531575,-0.10913645824908806,-0.013733022914991825,0.01,-4.035332812907502e-05,-0.17809616186480728,-0.044463260488847293,0.045438269773056116,0.5793851585,-0.007961382580106147,36.1164682797656,-0.30094706439888447,73703484,0.0,0.0,0.00014594123543550572,-0.2761301579521144,-0.019382528110404904,-0.1430841391231422,-0.011469184027777597,-4.92304964240578e-08,-0.4780158612092764,-0.08720350955785798,-0.04809199941272617,0.30702105,-0.20228280498323783,-0.0034384148636890603,1.2962571739934625,0.0,-0.5,0.229150390625,0.4119628965854645,1.0017988681793213,15973,0.000263157474,-0.01107867113314569,0.9660677313804626,1.7585333675146102,0.021614864,0.2,-34.07543506622314
4014,222.96,853,0.0,3916,0.0,0.0,-118.52470519000002,0.7534543116676786,0.0,0.0,15.983168970415273,-0.37334734512542694,0.0,71.0646775,-0.10916434614992637,-0.01407630690937718,0.01,-7.949676938031812e-05,-0.17926989042925182,-0.04367720405849465,0.044172574005384296,0.5793674945,-0.009222636023575129,31.193008503041895,-0.2966809947519249,73721916,0.0,0.0,0.0002218959367989252,-0.27520403329888227,-0.01909181736271648,-0.14040416649049833,-0.011176215277777608,-4.732356467852517e-08,-0.47752562823541683,-0.08800033458300563,-0.04810795575790155,0.30709785,-0.20299259870387465,-0.003398892858617599,1.3007944171334935,0.0,-0.5,0.186376953125,0.057511359453201294,1.0019488334655762,15977,0.000263148258,-0.013738210964947938,0.9701142907142639,1.4567000776529313,0.02285174,0.2,-34.075612449645995
4014,225.61,854,0.0,3921,0.0,0.0,-118.01021455000001,0.779510426272136,0.0,0.0,16.64750705952482,-0.3812644012513524,0.0,71.0761975,-0.10907343163539693,-0.013996916607137502,0.01,-1.8245903202581193e-05,-0.1808831611731586,-0.043816782009064824,0.044117510863794306,0.5793498305,-0.007770546828396618,32.27173164766643,-0.286924480730206,73740348,0.0,0.0,0.0001692701868402461,-0.2800808447536148,-0.019284776549586612,-0.13948933044857864,-0.01151258680555537,-4.778145064890541e-08,-0.4718825014657435,-0.08547461493262512,-0.04891738148677465,0.30717465,-0.20154477351766797,-0.003463459511484657,1.294615107626794,0.0,-0.5,0.20511474609375,-0.1087057888507843,1.0018764734268188,15981,0.000263139042,-0.015853061398956925,0.982971727848053,0.8518873900175095,0.025494933,0.2,-34.07537059783935
4014,223.76,855,0.0,3926,0.0,0.0,-118.36322308000001,0.8207303400003427,0.0,0.0,19.97529970278434,-0.3778087171523486,0.0,71.0877175,-0.10902023836385094,-0.013508983995241372,0.01,-1.2891665966128519e-05,-0.17497522131477597,-0.04416674782829373,0.04450177765251801,0.5793321665,-0.010844947712030262,33.97823607601419,-0.3013162883598134,73758780,0.0,0.0,0.00016492989379912615,-0.2771438571784708,-0.0190757576581478,-0.13829267645880783,-0.011013454861110954,-4.88691996301588e-08,-0.4846024225513141,-0.08453524016722341,-0.04779205644388214,0.30725145,-0.19610740447866687,-0.0034335587256316452,1.270512450418022,0.0,-0.5,0.246826171875,-0.1899072825908661,1.001509666442871,15985,0.000263129826,-0.010958392277825624,0.9891699552536011,0.5900465272367,0.028698355,0.2,-34.0719217300415
4013,217.68,856,0.0,3930,0.0,0.0,-117.30882675,0.884909835296499,0.0,0.0,24.1647466411425,-0.3726734371613454,0.0,71.0992375,-0.10937054573957318,-0.013723899504743908,0.01,-1.3464361711288524e-05,-0.17766597829154263,-0.043424598357701856,0.04454437965992327,0.5793145025,-0.00845359509306339,36.63526718127506,-0.292047614237115,73777212,0.0,0.0,0.00019097154533180097,-0.2764135656849734,-0.019052322700909112,-0.13797146456127102,-0.011545138888888702,-4.8263872686336914e-08,-0.4826890204144244,-0.0864833303017118,-0.0466924067888465,0.30732825,-0.1994663724452275,-0.0034280279465764315,1.306724702836341,0.0,-0.5,0.23961181640625,0.2735676169395447,1.0018188953399658,15989,0.00026312061,-0.015449388083652593,0.9831356406211853,0.8200385242700576,0.028698409,0.2,-34.07331485748291
