ISO-10303-21;
HEADER;
/* Generated by software containing ST-Developer
 * from STEP Tools, Inc. (www.steptools.com) 
 */

FILE_DESCRIPTION(
/* description */ (''),
/* implementation_level */ '2;1');

FILE_NAME(
/* name */ 
'C:\\Users\\Nathann\\ClawdDrive\\Objet3D\\RunningRobot\\PartURDF\\HipL
eftNCS.stp',
/* time_stamp */ '2026-06-19T10:43:33+02:00',
/* author */ ('Nathann'),
/* organization */ (''),
/* preprocessor_version */ 'ST-DEVELOPER v19',
/* originating_system */ 'Autodesk Inventor 2023',
/* authorisation */ '');

FILE_SCHEMA (('AUTOMOTIVE_DESIGN { 1 0 10303 214 3 1 1 }'));
ENDSEC;

DATA;
#10=MECHANICAL_DESIGN_GEOMETRIC_PRESENTATION_REPRESENTATION('',(#6214,#6215,
#6216,#6217,#6218,#6219,#6220,#6221,#6222,#6223,#6224,#6225,#6226,#6227,
#6228,#6229,#6230,#6231,#6232,#6233,#6234,#6235,#6236,#6237,#6238,#6239,
#6240,#6241,#6242,#6243,#6244,#6245,#6246,#6247,#6248,#6249,#6250,#6251,
#6252,#6253,#6254,#6255,#6256,#6257,#6258,#6259,#6260,#6261,#6262,#6263,
#6264,#6265,#6266,#6267,#6268,#6269,#6270,#6271,#6272,#6273,#6274,#6275,
#6276,#6277,#6278,#6279,#6280,#6281,#6282,#6283,#6284,#6285,#6286,#6287,
#6288,#6289,#6290,#6291,#6292,#6293,#6294,#6295,#6296,#6297,#6298,#6299,
#6300,#6301,#6302,#6303,#6304,#6305,#6306,#6307,#6308,#6309,#6310,#6311,
#6312,#6313,#6314,#6315,#6316,#6317,#6318,#6319,#6320,#6321,#6322,#6323,
#6324,#6325,#6326,#6327,#6328,#6329,#6330,#6331,#6332,#6333,#6334,#6335,
#6336,#6337,#6338,#6339,#6340,#6341,#6342,#6343,#6344,#6345,#6346,#6347,
#6348,#6349,#6350,#6351,#6352,#6353,#6354,#6355,#6356,#6357,#6358,#6359,
#6360,#6361,#6362,#6363,#6364,#6365,#6366,#6367,#6368,#6369,#6370,#6371,
#6372,#6373,#6374,#6375,#6376,#6377,#6378,#6379,#6380,#6381,#6382,#6383,
#6384,#6385,#6386,#6387,#6388,#6389,#6390,#6391,#6392,#6393,#6394,#6395,
#6396,#6397,#6398,#6399,#6400,#6401,#6402,#6403,#6404,#6405,#6406,#6407,
#6408,#6409,#6410,#6411,#6412,#6413,#6414,#6415,#6416,#6417,#6418,#6419,
#6420,#6421,#6422,#6423,#6424,#6425,#6426,#6427,#6428,#6429,#6430,#6431,
#6432,#6433,#6434,#6435,#6436,#6437,#6438,#6439,#6440,#6441,#6442,#6443,
#6444,#6445,#6446,#6447,#6448,#6449,#6450,#6451,#6452,#6453,#6454,#6455,
#6456,#6457,#6458,#6459,#6460,#6461,#6462,#6463,#6464,#6465,#6466,#6467,
#6468,#6469,#6470,#6471,#6472,#6473,#6474,#6475,#6476,#6477,#6478,#6479,
#6480,#6481,#6482,#6483,#6484,#6485,#6486,#6487,#6488,#6489,#6490,#6491,
#6492,#6493,#6494,#6495,#6496,#6497,#6498,#6499,#6500,#6501,#6502,#6503,
#6504,#6505,#6506,#6507,#6508,#6509,#6510,#6511,#6512,#6513,#6514,#6515,
#6516,#6517,#6518,#6519,#6520,#6521,#6522,#6523,#6524,#6525,#6526,#6527,
#6528,#6529,#6530,#6531,#6532,#6533,#6534,#6535,#6536,#6537,#6538,#6539,
#6540,#6541,#6542,#6543,#6544,#6545,#6546,#6547,#6548,#6549,#6550,#6551,
#6552,#6553,#6554,#6555,#6556,#6557,#6558,#6559,#6560,#6561,#6562,#6563,
#6564,#6565,#6566,#6567,#6568,#6569,#6570,#6571,#6572,#6573,#6574,#6575,
#6576,#6577,#6578,#6579,#6580,#6581,#6582,#6583,#6584,#6585,#6586,#6587,
#6588,#6589,#6590,#6591,#6592,#6593,#6594,#6595,#6596,#6597,#6598,#6599,
#6600,#6601,#6602,#6603,#6604,#6605,#6606,#6607,#6608,#6609,#6610,#6611,
#6612,#6613,#6614,#6615,#6616,#6617,#6618,#6619,#6620,#6621),#11711);
#11=SHAPE_REPRESENTATION_RELATIONSHIP('SRR','None',#11718,#12);
#12=ADVANCED_BREP_SHAPE_REPRESENTATION('',(#13),#11710);
#13=MANIFOLD_SOLID_BREP('Solid1',#7029);
#14=B_SPLINE_CURVE_WITH_KNOTS('',3,(#11204,#11205,#11206,#11207,#11208,
#11209,#11210,#11211,#11212,#11213,#11214,#11215,#11216,#11217,#11218,#11219,
#11220,#11221,#11222,#11223,#11224,#11225,#11226,#11227,#11228,#11229,#11230,
#11231,#11232,#11233,#11234,#11235,#11236,#11237,#11238,#11239,#11240,#11241),
 .UNSPECIFIED.,.T.,.F.,(4,2,2,2,2,2,2,2,2,2,2,2,2,2,2,2,2,2,4),(-1.09468417297492,
-1.03299293316856,-0.971301693362203,-0.903100086780063,-0.834898480197922,
-0.755340400929815,-0.675782321661708,-0.611649410434897,-0.579582954821492,
-0.547516499208086,-0.512922531322982,-0.478328563437877,-0.409140627667668,
-0.334460897258027,-0.259781166848385,-0.192596801347601,-0.125412435846818,
-0.0627062179234088,0.),.UNSPECIFIED.);
#15=B_SPLINE_CURVE_WITH_KNOTS('',3,(#11249,#11250,#11251,#11252,#11253,
#11254,#11255,#11256,#11257,#11258,#11259,#11260,#11261,#11262,#11263,#11264,
#11265,#11266,#11267,#11268,#11269,#11270,#11271,#11272,#11273,#11274,#11275,
#11276,#11277,#11278,#11279,#11280,#11281,#11282,#11283,#11284,#11285,#11286),
 .UNSPECIFIED.,.T.,.F.,(4,2,2,2,2,2,2,2,2,2,2,2,2,2,2,2,2,2,4),(-1.09468417297492,
-1.03197795505152,-0.969271737128106,-0.902087371627322,-0.834903006126538,
-0.760223275716897,-0.685543545307256,-0.616355609537047,-0.581761641651942,
-0.547167673766838,-0.515101218153432,-0.483034762540027,-0.418901851313215,
-0.339343772045109,-0.259785692777002,-0.191584086194861,-0.123382479612721,
-0.0616912398063604,0.),.UNSPECIFIED.);
#16=B_SPLINE_CURVE_WITH_KNOTS('',3,(#11358,#11359,#11360,#11361,#11362,
#11363,#11364,#11365),.UNSPECIFIED.,.F.,.F.,(4,2,2,4),(0.628661603609404,
0.726266174794528,0.861801617823719,0.948487238150279),.UNSPECIFIED.);
#17=B_SPLINE_CURVE_WITH_KNOTS('',3,(#11368,#11369,#11370,#11371,#11372,
#11373,#11374,#11375),.UNSPECIFIED.,.F.,.F.,(4,2,2,4),(1.82974006560009,
1.91642568592665,2.05196112895584,2.14956570014097),.UNSPECIFIED.);
#18=B_SPLINE_CURVE_WITH_KNOTS('',3,(#11386,#11387,#11388,#11389,#11390,
#11391,#11392,#11393),.UNSPECIFIED.,.F.,.F.,(4,2,2,4),(0.628661603609404,
0.726266174794528,0.861801617823719,0.948487238150279),.UNSPECIFIED.);
#19=B_SPLINE_CURVE_WITH_KNOTS('',3,(#11396,#11397,#11398,#11399,#11400,
#11401,#11402,#11403),.UNSPECIFIED.,.F.,.F.,(4,2,2,4),(1.82974006560009,
1.91642568592665,2.05196112895584,2.14956570014097),.UNSPECIFIED.);
#20=CONICAL_SURFACE('',#7063,2.,0.785398163397453);
#21=CONICAL_SURFACE('',#7139,2.,0.785398163397453);
#22=CONICAL_SURFACE('',#7158,2.,0.785398163397453);
#23=CONICAL_SURFACE('',#7177,2.,0.785398163397453);
#24=CONICAL_SURFACE('',#7196,2.,0.785398163397453);
#25=CONICAL_SURFACE('',#7215,2.,0.785398163397453);
#26=CONICAL_SURFACE('',#7234,2.,0.785398163397453);
#27=CONICAL_SURFACE('',#7410,1.65,1.02974425867665);
#28=CONICAL_SURFACE('',#7413,1.65,1.02974425867665);
#29=CONICAL_SURFACE('',#7416,1.65,1.02974425867665);
#30=CONICAL_SURFACE('',#7419,2.1,1.02974425867665);
#31=CONICAL_SURFACE('',#7422,2.1,1.02974425867665);
#32=CONICAL_SURFACE('',#7425,2.1,1.02974425867665);
#33=CONICAL_SURFACE('',#7428,2.1,1.02974425867665);
#34=CONICAL_SURFACE('',#7431,2.1,1.02974425867665);
#35=CONICAL_SURFACE('',#7434,2.1,1.02974425867665);
#36=CONICAL_SURFACE('',#7471,1.65,1.02974425867665);
#37=CONICAL_SURFACE('',#7474,1.65,1.02974425867665);
#38=CONICAL_SURFACE('',#7477,1.65,1.02974425867665);
#39=CONICAL_SURFACE('',#7480,1.65,1.02974425867665);
#40=CONICAL_SURFACE('',#7483,2.1,1.02974425867665);
#41=CONICAL_SURFACE('',#7486,2.1,1.02974425867665);
#42=CONICAL_SURFACE('',#7489,2.1,1.02974425867665);
#43=CONICAL_SURFACE('',#7492,2.1,1.02974425867665);
#44=CONICAL_SURFACE('',#7495,2.1,1.02974425867665);
#45=CONICAL_SURFACE('',#7498,2.1,1.02974425867665);
#46=CONICAL_SURFACE('',#7736,2.,0.785398163397453);
#47=FACE_BOUND('',#816,.T.);
#48=FACE_BOUND('',#827,.T.);
#49=FACE_BOUND('',#838,.T.);
#50=FACE_BOUND('',#848,.T.);
#51=FACE_BOUND('',#858,.T.);
#52=FACE_BOUND('',#868,.T.);
#53=FACE_BOUND('',#878,.T.);
#54=FACE_BOUND('',#887,.T.);
#55=FACE_BOUND('',#892,.T.);
#56=FACE_BOUND('',#902,.T.);
#57=FACE_BOUND('',#907,.T.);
#58=FACE_BOUND('',#917,.T.);
#59=FACE_BOUND('',#922,.T.);
#60=FACE_BOUND('',#932,.T.);
#61=FACE_BOUND('',#937,.T.);
#62=FACE_BOUND('',#947,.T.);
#63=FACE_BOUND('',#952,.T.);
#64=FACE_BOUND('',#962,.T.);
#65=FACE_BOUND('',#967,.T.);
#66=FACE_BOUND('',#977,.T.);
#67=FACE_BOUND('',#992,.T.);
#68=FACE_BOUND('',#993,.T.);
#69=FACE_BOUND('',#994,.T.);
#70=FACE_BOUND('',#995,.T.);
#71=FACE_BOUND('',#996,.T.);
#72=FACE_BOUND('',#997,.T.);
#73=FACE_BOUND('',#998,.T.);
#74=FACE_BOUND('',#999,.T.);
#75=FACE_BOUND('',#1000,.T.);
#76=FACE_BOUND('',#1001,.T.);
#77=FACE_BOUND('',#1002,.T.);
#78=FACE_BOUND('',#1003,.T.);
#79=FACE_BOUND('',#1005,.T.);
#80=FACE_BOUND('',#1007,.T.);
#81=FACE_BOUND('',#1009,.T.);
#82=FACE_BOUND('',#1011,.T.);
#83=FACE_BOUND('',#1013,.T.);
#84=FACE_BOUND('',#1015,.T.);
#85=FACE_BOUND('',#1022,.T.);
#86=FACE_BOUND('',#1037,.T.);
#87=FACE_BOUND('',#1038,.T.);
#88=FACE_BOUND('',#1039,.T.);
#89=FACE_BOUND('',#1040,.T.);
#90=FACE_BOUND('',#1041,.T.);
#91=FACE_BOUND('',#1042,.T.);
#92=FACE_BOUND('',#1043,.T.);
#93=FACE_BOUND('',#1044,.T.);
#94=FACE_BOUND('',#1045,.T.);
#95=FACE_BOUND('',#1046,.T.);
#96=FACE_BOUND('',#1047,.T.);
#97=FACE_BOUND('',#1048,.T.);
#98=FACE_BOUND('',#1050,.T.);
#99=FACE_BOUND('',#1052,.T.);
#100=FACE_BOUND('',#1054,.T.);
#101=FACE_BOUND('',#1056,.T.);
#102=FACE_BOUND('',#1058,.T.);
#103=FACE_BOUND('',#1060,.T.);
#104=FACE_BOUND('',#1067,.T.);
#105=FACE_BOUND('',#1078,.T.);
#106=FACE_BOUND('',#1089,.T.);
#107=FACE_BOUND('',#1090,.T.);
#108=FACE_BOUND('',#1091,.T.);
#109=FACE_BOUND('',#1117,.T.);
#110=FACE_BOUND('',#1119,.T.);
#111=FACE_BOUND('',#1121,.T.);
#112=FACE_BOUND('',#1124,.T.);
#113=FACE_BOUND('',#1125,.T.);
#114=FACE_BOUND('',#1126,.T.);
#115=FACE_BOUND('',#1127,.T.);
#116=FACE_BOUND('',#1155,.T.);
#117=FACE_BOUND('',#1157,.T.);
#118=FACE_BOUND('',#1159,.T.);
#119=FACE_BOUND('',#1172,.T.);
#120=FACE_BOUND('',#1173,.T.);
#121=FACE_BOUND('',#1174,.T.);
#122=FACE_BOUND('',#1175,.T.);
#123=FACE_BOUND('',#1176,.T.);
#124=FACE_BOUND('',#1179,.T.);
#125=FACE_BOUND('',#1180,.T.);
#126=FACE_BOUND('',#1181,.T.);
#127=FACE_BOUND('',#1182,.T.);
#128=FACE_BOUND('',#1183,.T.);
#129=FACE_BOUND('',#1184,.T.);
#130=FACE_BOUND('',#1185,.T.);
#131=FACE_BOUND('',#1186,.T.);
#132=FACE_BOUND('',#1187,.T.);
#133=FACE_BOUND('',#1188,.T.);
#134=FACE_BOUND('',#1190,.T.);
#135=FACE_BOUND('',#1234,.T.);
#136=FACE_BOUND('',#1235,.T.);
#137=FACE_BOUND('',#1236,.T.);
#138=FACE_BOUND('',#1237,.T.);
#139=FACE_BOUND('',#1238,.T.);
#140=FACE_BOUND('',#1239,.T.);
#141=FACE_BOUND('',#1241,.T.);
#142=FACE_BOUND('',#1242,.T.);
#143=FACE_BOUND('',#1243,.T.);
#144=FACE_BOUND('',#1244,.T.);
#145=FACE_BOUND('',#1245,.T.);
#146=FACE_BOUND('',#1246,.T.);
#147=FACE_BOUND('',#1247,.T.);
#148=FACE_BOUND('',#1255,.T.);
#149=FACE_BOUND('',#1257,.T.);
#150=FACE_BOUND('',#1267,.T.);
#151=FACE_BOUND('',#1277,.T.);
#152=FACE_BOUND('',#1287,.T.);
#153=FACE_BOUND('',#1297,.T.);
#154=FACE_BOUND('',#1307,.T.);
#155=FACE_BOUND('',#1317,.T.);
#156=FACE_BOUND('',#1328,.T.);
#157=PLANE('',#7055);
#158=PLANE('',#7056);
#159=PLANE('',#7057);
#160=PLANE('',#7058);
#161=PLANE('',#7059);
#162=PLANE('',#7060);
#163=PLANE('',#7061);
#164=PLANE('',#7062);
#165=PLANE('',#7070);
#166=PLANE('',#7071);
#167=PLANE('',#7072);
#168=PLANE('',#7073);
#169=PLANE('',#7074);
#170=PLANE('',#7075);
#171=PLANE('',#7076);
#172=PLANE('',#7077);
#173=PLANE('',#7078);
#174=PLANE('',#7082);
#175=PLANE('',#7083);
#176=PLANE('',#7084);
#177=PLANE('',#7085);
#178=PLANE('',#7086);
#179=PLANE('',#7087);
#180=PLANE('',#7088);
#181=PLANE('',#7089);
#182=PLANE('',#7093);
#183=PLANE('',#7094);
#184=PLANE('',#7095);
#185=PLANE('',#7096);
#186=PLANE('',#7097);
#187=PLANE('',#7098);
#188=PLANE('',#7099);
#189=PLANE('',#7100);
#190=PLANE('',#7104);
#191=PLANE('',#7105);
#192=PLANE('',#7106);
#193=PLANE('',#7107);
#194=PLANE('',#7108);
#195=PLANE('',#7109);
#196=PLANE('',#7110);
#197=PLANE('',#7111);
#198=PLANE('',#7115);
#199=PLANE('',#7116);
#200=PLANE('',#7117);
#201=PLANE('',#7118);
#202=PLANE('',#7119);
#203=PLANE('',#7120);
#204=PLANE('',#7121);
#205=PLANE('',#7122);
#206=PLANE('',#7126);
#207=PLANE('',#7127);
#208=PLANE('',#7128);
#209=PLANE('',#7129);
#210=PLANE('',#7130);
#211=PLANE('',#7131);
#212=PLANE('',#7132);
#213=PLANE('',#7133);
#214=PLANE('',#7134);
#215=PLANE('',#7144);
#216=PLANE('',#7145);
#217=PLANE('',#7146);
#218=PLANE('',#7147);
#219=PLANE('',#7148);
#220=PLANE('',#7149);
#221=PLANE('',#7150);
#222=PLANE('',#7151);
#223=PLANE('',#7152);
#224=PLANE('',#7153);
#225=PLANE('',#7163);
#226=PLANE('',#7164);
#227=PLANE('',#7165);
#228=PLANE('',#7166);
#229=PLANE('',#7167);
#230=PLANE('',#7168);
#231=PLANE('',#7169);
#232=PLANE('',#7170);
#233=PLANE('',#7171);
#234=PLANE('',#7172);
#235=PLANE('',#7182);
#236=PLANE('',#7183);
#237=PLANE('',#7184);
#238=PLANE('',#7185);
#239=PLANE('',#7186);
#240=PLANE('',#7187);
#241=PLANE('',#7188);
#242=PLANE('',#7189);
#243=PLANE('',#7190);
#244=PLANE('',#7191);
#245=PLANE('',#7201);
#246=PLANE('',#7202);
#247=PLANE('',#7203);
#248=PLANE('',#7204);
#249=PLANE('',#7205);
#250=PLANE('',#7206);
#251=PLANE('',#7207);
#252=PLANE('',#7208);
#253=PLANE('',#7209);
#254=PLANE('',#7210);
#255=PLANE('',#7220);
#256=PLANE('',#7221);
#257=PLANE('',#7222);
#258=PLANE('',#7223);
#259=PLANE('',#7224);
#260=PLANE('',#7225);
#261=PLANE('',#7226);
#262=PLANE('',#7227);
#263=PLANE('',#7228);
#264=PLANE('',#7229);
#265=PLANE('',#7239);
#266=PLANE('',#7240);
#267=PLANE('',#7241);
#268=PLANE('',#7242);
#269=PLANE('',#7243);
#270=PLANE('',#7244);
#271=PLANE('',#7245);
#272=PLANE('',#7246);
#273=PLANE('',#7247);
#274=PLANE('',#7248);
#275=PLANE('',#7289);
#276=PLANE('',#7290);
#277=PLANE('',#7292);
#278=PLANE('',#7294);
#279=PLANE('',#7296);
#280=PLANE('',#7298);
#281=PLANE('',#7300);
#282=PLANE('',#7302);
#283=PLANE('',#7303);
#284=PLANE('',#7304);
#285=PLANE('',#7305);
#286=PLANE('',#7306);
#287=PLANE('',#7307);
#288=PLANE('',#7348);
#289=PLANE('',#7349);
#290=PLANE('',#7351);
#291=PLANE('',#7353);
#292=PLANE('',#7355);
#293=PLANE('',#7357);
#294=PLANE('',#7359);
#295=PLANE('',#7361);
#296=PLANE('',#7362);
#297=PLANE('',#7363);
#298=PLANE('',#7364);
#299=PLANE('',#7365);
#300=PLANE('',#7366);
#301=PLANE('',#7371);
#302=PLANE('',#7374);
#303=PLANE('',#7375);
#304=PLANE('',#7376);
#305=PLANE('',#7379);
#306=PLANE('',#7382);
#307=PLANE('',#7383);
#308=PLANE('',#7388);
#309=PLANE('',#7391);
#310=PLANE('',#7392);
#311=PLANE('',#7393);
#312=PLANE('',#7396);
#313=PLANE('',#7399);
#314=PLANE('',#7400);
#315=PLANE('',#7450);
#316=PLANE('',#7451);
#317=PLANE('',#7452);
#318=PLANE('',#7453);
#319=PLANE('',#7454);
#320=PLANE('',#7460);
#321=PLANE('',#7514);
#322=PLANE('',#7515);
#323=PLANE('',#7516);
#324=PLANE('',#7517);
#325=PLANE('',#7518);
#326=PLANE('',#7548);
#327=PLANE('',#7561);
#328=PLANE('',#7565);
#329=PLANE('',#7582);
#330=PLANE('',#7592);
#331=PLANE('',#7593);
#332=PLANE('',#7597);
#333=PLANE('',#7599);
#334=PLANE('',#7601);
#335=PLANE('',#7603);
#336=PLANE('',#7608);
#337=PLANE('',#7612);
#338=PLANE('',#7613);
#339=PLANE('',#7617);
#340=PLANE('',#7622);
#341=PLANE('',#7642);
#342=PLANE('',#7647);
#343=PLANE('',#7649);
#344=PLANE('',#7650);
#345=PLANE('',#7653);
#346=PLANE('',#7655);
#347=PLANE('',#7656);
#348=PLANE('',#7660);
#349=PLANE('',#7663);
#350=PLANE('',#7664);
#351=PLANE('',#7665);
#352=PLANE('',#7666);
#353=PLANE('',#7667);
#354=PLANE('',#7668);
#355=PLANE('',#7669);
#356=PLANE('',#7670);
#357=PLANE('',#7671);
#358=PLANE('',#7674);
#359=PLANE('',#7675);
#360=PLANE('',#7676);
#361=PLANE('',#7677);
#362=PLANE('',#7678);
#363=PLANE('',#7679);
#364=PLANE('',#7680);
#365=PLANE('',#7681);
#366=PLANE('',#7684);
#367=PLANE('',#7685);
#368=PLANE('',#7686);
#369=PLANE('',#7687);
#370=PLANE('',#7688);
#371=PLANE('',#7689);
#372=PLANE('',#7690);
#373=PLANE('',#7691);
#374=PLANE('',#7694);
#375=PLANE('',#7695);
#376=PLANE('',#7696);
#377=PLANE('',#7697);
#378=PLANE('',#7698);
#379=PLANE('',#7699);
#380=PLANE('',#7700);
#381=PLANE('',#7701);
#382=PLANE('',#7704);
#383=PLANE('',#7705);
#384=PLANE('',#7706);
#385=PLANE('',#7707);
#386=PLANE('',#7708);
#387=PLANE('',#7709);
#388=PLANE('',#7710);
#389=PLANE('',#7711);
#390=PLANE('',#7714);
#391=PLANE('',#7715);
#392=PLANE('',#7716);
#393=PLANE('',#7717);
#394=PLANE('',#7718);
#395=PLANE('',#7719);
#396=PLANE('',#7720);
#397=PLANE('',#7721);
#398=PLANE('',#7724);
#399=PLANE('',#7725);
#400=PLANE('',#7726);
#401=PLANE('',#7727);
#402=PLANE('',#7728);
#403=PLANE('',#7729);
#404=PLANE('',#7730);
#405=PLANE('',#7731);
#406=PLANE('',#7733);
#407=FACE_OUTER_BOUND('',#814,.T.);
#408=FACE_OUTER_BOUND('',#815,.T.);
#409=FACE_OUTER_BOUND('',#817,.T.);
#410=FACE_OUTER_BOUND('',#818,.T.);
#411=FACE_OUTER_BOUND('',#819,.T.);
#412=FACE_OUTER_BOUND('',#820,.T.);
#413=FACE_OUTER_BOUND('',#821,.T.);
#414=FACE_OUTER_BOUND('',#822,.T.);
#415=FACE_OUTER_BOUND('',#823,.T.);
#416=FACE_OUTER_BOUND('',#824,.T.);
#417=FACE_OUTER_BOUND('',#825,.T.);
#418=FACE_OUTER_BOUND('',#826,.T.);
#419=FACE_OUTER_BOUND('',#828,.T.);
#420=FACE_OUTER_BOUND('',#829,.T.);
#421=FACE_OUTER_BOUND('',#830,.T.);
#422=FACE_OUTER_BOUND('',#831,.T.);
#423=FACE_OUTER_BOUND('',#832,.T.);
#424=FACE_OUTER_BOUND('',#833,.T.);
#425=FACE_OUTER_BOUND('',#834,.T.);
#426=FACE_OUTER_BOUND('',#835,.T.);
#427=FACE_OUTER_BOUND('',#836,.T.);
#428=FACE_OUTER_BOUND('',#837,.T.);
#429=FACE_OUTER_BOUND('',#839,.T.);
#430=FACE_OUTER_BOUND('',#840,.T.);
#431=FACE_OUTER_BOUND('',#841,.T.);
#432=FACE_OUTER_BOUND('',#842,.T.);
#433=FACE_OUTER_BOUND('',#843,.T.);
#434=FACE_OUTER_BOUND('',#844,.T.);
#435=FACE_OUTER_BOUND('',#845,.T.);
#436=FACE_OUTER_BOUND('',#846,.T.);
#437=FACE_OUTER_BOUND('',#847,.T.);
#438=FACE_OUTER_BOUND('',#849,.T.);
#439=FACE_OUTER_BOUND('',#850,.T.);
#440=FACE_OUTER_BOUND('',#851,.T.);
#441=FACE_OUTER_BOUND('',#852,.T.);
#442=FACE_OUTER_BOUND('',#853,.T.);
#443=FACE_OUTER_BOUND('',#854,.T.);
#444=FACE_OUTER_BOUND('',#855,.T.);
#445=FACE_OUTER_BOUND('',#856,.T.);
#446=FACE_OUTER_BOUND('',#857,.T.);
#447=FACE_OUTER_BOUND('',#859,.T.);
#448=FACE_OUTER_BOUND('',#860,.T.);
#449=FACE_OUTER_BOUND('',#861,.T.);
#450=FACE_OUTER_BOUND('',#862,.T.);
#451=FACE_OUTER_BOUND('',#863,.T.);
#452=FACE_OUTER_BOUND('',#864,.T.);
#453=FACE_OUTER_BOUND('',#865,.T.);
#454=FACE_OUTER_BOUND('',#866,.T.);
#455=FACE_OUTER_BOUND('',#867,.T.);
#456=FACE_OUTER_BOUND('',#869,.T.);
#457=FACE_OUTER_BOUND('',#870,.T.);
#458=FACE_OUTER_BOUND('',#871,.T.);
#459=FACE_OUTER_BOUND('',#872,.T.);
#460=FACE_OUTER_BOUND('',#873,.T.);
#461=FACE_OUTER_BOUND('',#874,.T.);
#462=FACE_OUTER_BOUND('',#875,.T.);
#463=FACE_OUTER_BOUND('',#876,.T.);
#464=FACE_OUTER_BOUND('',#877,.T.);
#465=FACE_OUTER_BOUND('',#879,.T.);
#466=FACE_OUTER_BOUND('',#880,.T.);
#467=FACE_OUTER_BOUND('',#881,.T.);
#468=FACE_OUTER_BOUND('',#882,.T.);
#469=FACE_OUTER_BOUND('',#883,.T.);
#470=FACE_OUTER_BOUND('',#884,.T.);
#471=FACE_OUTER_BOUND('',#885,.T.);
#472=FACE_OUTER_BOUND('',#886,.T.);
#473=FACE_OUTER_BOUND('',#888,.T.);
#474=FACE_OUTER_BOUND('',#889,.T.);
#475=FACE_OUTER_BOUND('',#890,.T.);
#476=FACE_OUTER_BOUND('',#891,.T.);
#477=FACE_OUTER_BOUND('',#893,.T.);
#478=FACE_OUTER_BOUND('',#894,.T.);
#479=FACE_OUTER_BOUND('',#895,.T.);
#480=FACE_OUTER_BOUND('',#896,.T.);
#481=FACE_OUTER_BOUND('',#897,.T.);
#482=FACE_OUTER_BOUND('',#898,.T.);
#483=FACE_OUTER_BOUND('',#899,.T.);
#484=FACE_OUTER_BOUND('',#900,.T.);
#485=FACE_OUTER_BOUND('',#901,.T.);
#486=FACE_OUTER_BOUND('',#903,.T.);
#487=FACE_OUTER_BOUND('',#904,.T.);
#488=FACE_OUTER_BOUND('',#905,.T.);
#489=FACE_OUTER_BOUND('',#906,.T.);
#490=FACE_OUTER_BOUND('',#908,.T.);
#491=FACE_OUTER_BOUND('',#909,.T.);
#492=FACE_OUTER_BOUND('',#910,.T.);
#493=FACE_OUTER_BOUND('',#911,.T.);
#494=FACE_OUTER_BOUND('',#912,.T.);
#495=FACE_OUTER_BOUND('',#913,.T.);
#496=FACE_OUTER_BOUND('',#914,.T.);
#497=FACE_OUTER_BOUND('',#915,.T.);
#498=FACE_OUTER_BOUND('',#916,.T.);
#499=FACE_OUTER_BOUND('',#918,.T.);
#500=FACE_OUTER_BOUND('',#919,.T.);
#501=FACE_OUTER_BOUND('',#920,.T.);
#502=FACE_OUTER_BOUND('',#921,.T.);
#503=FACE_OUTER_BOUND('',#923,.T.);
#504=FACE_OUTER_BOUND('',#924,.T.);
#505=FACE_OUTER_BOUND('',#925,.T.);
#506=FACE_OUTER_BOUND('',#926,.T.);
#507=FACE_OUTER_BOUND('',#927,.T.);
#508=FACE_OUTER_BOUND('',#928,.T.);
#509=FACE_OUTER_BOUND('',#929,.T.);
#510=FACE_OUTER_BOUND('',#930,.T.);
#511=FACE_OUTER_BOUND('',#931,.T.);
#512=FACE_OUTER_BOUND('',#933,.T.);
#513=FACE_OUTER_BOUND('',#934,.T.);
#514=FACE_OUTER_BOUND('',#935,.T.);
#515=FACE_OUTER_BOUND('',#936,.T.);
#516=FACE_OUTER_BOUND('',#938,.T.);
#517=FACE_OUTER_BOUND('',#939,.T.);
#518=FACE_OUTER_BOUND('',#940,.T.);
#519=FACE_OUTER_BOUND('',#941,.T.);
#520=FACE_OUTER_BOUND('',#942,.T.);
#521=FACE_OUTER_BOUND('',#943,.T.);
#522=FACE_OUTER_BOUND('',#944,.T.);
#523=FACE_OUTER_BOUND('',#945,.T.);
#524=FACE_OUTER_BOUND('',#946,.T.);
#525=FACE_OUTER_BOUND('',#948,.T.);
#526=FACE_OUTER_BOUND('',#949,.T.);
#527=FACE_OUTER_BOUND('',#950,.T.);
#528=FACE_OUTER_BOUND('',#951,.T.);
#529=FACE_OUTER_BOUND('',#953,.T.);
#530=FACE_OUTER_BOUND('',#954,.T.);
#531=FACE_OUTER_BOUND('',#955,.T.);
#532=FACE_OUTER_BOUND('',#956,.T.);
#533=FACE_OUTER_BOUND('',#957,.T.);
#534=FACE_OUTER_BOUND('',#958,.T.);
#535=FACE_OUTER_BOUND('',#959,.T.);
#536=FACE_OUTER_BOUND('',#960,.T.);
#537=FACE_OUTER_BOUND('',#961,.T.);
#538=FACE_OUTER_BOUND('',#963,.T.);
#539=FACE_OUTER_BOUND('',#964,.T.);
#540=FACE_OUTER_BOUND('',#965,.T.);
#541=FACE_OUTER_BOUND('',#966,.T.);
#542=FACE_OUTER_BOUND('',#968,.T.);
#543=FACE_OUTER_BOUND('',#969,.T.);
#544=FACE_OUTER_BOUND('',#970,.T.);
#545=FACE_OUTER_BOUND('',#971,.T.);
#546=FACE_OUTER_BOUND('',#972,.T.);
#547=FACE_OUTER_BOUND('',#973,.T.);
#548=FACE_OUTER_BOUND('',#974,.T.);
#549=FACE_OUTER_BOUND('',#975,.T.);
#550=FACE_OUTER_BOUND('',#976,.T.);
#551=FACE_OUTER_BOUND('',#978,.T.);
#552=FACE_OUTER_BOUND('',#979,.T.);
#553=FACE_OUTER_BOUND('',#980,.T.);
#554=FACE_OUTER_BOUND('',#981,.T.);
#555=FACE_OUTER_BOUND('',#982,.T.);
#556=FACE_OUTER_BOUND('',#983,.T.);
#557=FACE_OUTER_BOUND('',#984,.T.);
#558=FACE_OUTER_BOUND('',#985,.T.);
#559=FACE_OUTER_BOUND('',#986,.T.);
#560=FACE_OUTER_BOUND('',#987,.T.);
#561=FACE_OUTER_BOUND('',#988,.T.);
#562=FACE_OUTER_BOUND('',#989,.T.);
#563=FACE_OUTER_BOUND('',#990,.T.);
#564=FACE_OUTER_BOUND('',#991,.T.);
#565=FACE_OUTER_BOUND('',#1004,.T.);
#566=FACE_OUTER_BOUND('',#1006,.T.);
#567=FACE_OUTER_BOUND('',#1008,.T.);
#568=FACE_OUTER_BOUND('',#1010,.T.);
#569=FACE_OUTER_BOUND('',#1012,.T.);
#570=FACE_OUTER_BOUND('',#1014,.T.);
#571=FACE_OUTER_BOUND('',#1016,.T.);
#572=FACE_OUTER_BOUND('',#1017,.T.);
#573=FACE_OUTER_BOUND('',#1018,.T.);
#574=FACE_OUTER_BOUND('',#1019,.T.);
#575=FACE_OUTER_BOUND('',#1020,.T.);
#576=FACE_OUTER_BOUND('',#1021,.T.);
#577=FACE_OUTER_BOUND('',#1023,.T.);
#578=FACE_OUTER_BOUND('',#1024,.T.);
#579=FACE_OUTER_BOUND('',#1025,.T.);
#580=FACE_OUTER_BOUND('',#1026,.T.);
#581=FACE_OUTER_BOUND('',#1027,.T.);
#582=FACE_OUTER_BOUND('',#1028,.T.);
#583=FACE_OUTER_BOUND('',#1029,.T.);
#584=FACE_OUTER_BOUND('',#1030,.T.);
#585=FACE_OUTER_BOUND('',#1031,.T.);
#586=FACE_OUTER_BOUND('',#1032,.T.);
#587=FACE_OUTER_BOUND('',#1033,.T.);
#588=FACE_OUTER_BOUND('',#1034,.T.);
#589=FACE_OUTER_BOUND('',#1035,.T.);
#590=FACE_OUTER_BOUND('',#1036,.T.);
#591=FACE_OUTER_BOUND('',#1049,.T.);
#592=FACE_OUTER_BOUND('',#1051,.T.);
#593=FACE_OUTER_BOUND('',#1053,.T.);
#594=FACE_OUTER_BOUND('',#1055,.T.);
#595=FACE_OUTER_BOUND('',#1057,.T.);
#596=FACE_OUTER_BOUND('',#1059,.T.);
#597=FACE_OUTER_BOUND('',#1061,.T.);
#598=FACE_OUTER_BOUND('',#1062,.T.);
#599=FACE_OUTER_BOUND('',#1063,.T.);
#600=FACE_OUTER_BOUND('',#1064,.T.);
#601=FACE_OUTER_BOUND('',#1065,.T.);
#602=FACE_OUTER_BOUND('',#1066,.T.);
#603=FACE_OUTER_BOUND('',#1068,.T.);
#604=FACE_OUTER_BOUND('',#1069,.T.);
#605=FACE_OUTER_BOUND('',#1070,.T.);
#606=FACE_OUTER_BOUND('',#1071,.T.);
#607=FACE_OUTER_BOUND('',#1072,.T.);
#608=FACE_OUTER_BOUND('',#1073,.T.);
#609=FACE_OUTER_BOUND('',#1074,.T.);
#610=FACE_OUTER_BOUND('',#1075,.T.);
#611=FACE_OUTER_BOUND('',#1076,.T.);
#612=FACE_OUTER_BOUND('',#1077,.T.);
#613=FACE_OUTER_BOUND('',#1079,.T.);
#614=FACE_OUTER_BOUND('',#1080,.T.);
#615=FACE_OUTER_BOUND('',#1081,.T.);
#616=FACE_OUTER_BOUND('',#1082,.T.);
#617=FACE_OUTER_BOUND('',#1083,.T.);
#618=FACE_OUTER_BOUND('',#1084,.T.);
#619=FACE_OUTER_BOUND('',#1085,.T.);
#620=FACE_OUTER_BOUND('',#1086,.T.);
#621=FACE_OUTER_BOUND('',#1087,.T.);
#622=FACE_OUTER_BOUND('',#1088,.T.);
#623=FACE_OUTER_BOUND('',#1092,.T.);
#624=FACE_OUTER_BOUND('',#1093,.T.);
#625=FACE_OUTER_BOUND('',#1094,.T.);
#626=FACE_OUTER_BOUND('',#1095,.T.);
#627=FACE_OUTER_BOUND('',#1096,.T.);
#628=FACE_OUTER_BOUND('',#1097,.T.);
#629=FACE_OUTER_BOUND('',#1098,.T.);
#630=FACE_OUTER_BOUND('',#1099,.T.);
#631=FACE_OUTER_BOUND('',#1100,.T.);
#632=FACE_OUTER_BOUND('',#1101,.T.);
#633=FACE_OUTER_BOUND('',#1102,.T.);
#634=FACE_OUTER_BOUND('',#1103,.T.);
#635=FACE_OUTER_BOUND('',#1104,.T.);
#636=FACE_OUTER_BOUND('',#1105,.T.);
#637=FACE_OUTER_BOUND('',#1106,.T.);
#638=FACE_OUTER_BOUND('',#1107,.T.);
#639=FACE_OUTER_BOUND('',#1108,.T.);
#640=FACE_OUTER_BOUND('',#1109,.T.);
#641=FACE_OUTER_BOUND('',#1110,.T.);
#642=FACE_OUTER_BOUND('',#1111,.T.);
#643=FACE_OUTER_BOUND('',#1112,.T.);
#644=FACE_OUTER_BOUND('',#1113,.T.);
#645=FACE_OUTER_BOUND('',#1114,.T.);
#646=FACE_OUTER_BOUND('',#1115,.T.);
#647=FACE_OUTER_BOUND('',#1116,.T.);
#648=FACE_OUTER_BOUND('',#1118,.T.);
#649=FACE_OUTER_BOUND('',#1120,.T.);
#650=FACE_OUTER_BOUND('',#1122,.T.);
#651=FACE_OUTER_BOUND('',#1123,.T.);
#652=FACE_OUTER_BOUND('',#1128,.T.);
#653=FACE_OUTER_BOUND('',#1129,.T.);
#654=FACE_OUTER_BOUND('',#1130,.T.);
#655=FACE_OUTER_BOUND('',#1131,.T.);
#656=FACE_OUTER_BOUND('',#1132,.T.);
#657=FACE_OUTER_BOUND('',#1133,.T.);
#658=FACE_OUTER_BOUND('',#1134,.T.);
#659=FACE_OUTER_BOUND('',#1135,.T.);
#660=FACE_OUTER_BOUND('',#1136,.T.);
#661=FACE_OUTER_BOUND('',#1137,.T.);
#662=FACE_OUTER_BOUND('',#1138,.T.);
#663=FACE_OUTER_BOUND('',#1139,.T.);
#664=FACE_OUTER_BOUND('',#1140,.T.);
#665=FACE_OUTER_BOUND('',#1141,.T.);
#666=FACE_OUTER_BOUND('',#1142,.T.);
#667=FACE_OUTER_BOUND('',#1143,.T.);
#668=FACE_OUTER_BOUND('',#1144,.T.);
#669=FACE_OUTER_BOUND('',#1145,.T.);
#670=FACE_OUTER_BOUND('',#1146,.T.);
#671=FACE_OUTER_BOUND('',#1147,.T.);
#672=FACE_OUTER_BOUND('',#1148,.T.);
#673=FACE_OUTER_BOUND('',#1149,.T.);
#674=FACE_OUTER_BOUND('',#1150,.T.);
#675=FACE_OUTER_BOUND('',#1151,.T.);
#676=FACE_OUTER_BOUND('',#1152,.T.);
#677=FACE_OUTER_BOUND('',#1153,.T.);
#678=FACE_OUTER_BOUND('',#1154,.T.);
#679=FACE_OUTER_BOUND('',#1156,.T.);
#680=FACE_OUTER_BOUND('',#1158,.T.);
#681=FACE_OUTER_BOUND('',#1160,.T.);
#682=FACE_OUTER_BOUND('',#1161,.T.);
#683=FACE_OUTER_BOUND('',#1162,.T.);
#684=FACE_OUTER_BOUND('',#1163,.T.);
#685=FACE_OUTER_BOUND('',#1164,.T.);
#686=FACE_OUTER_BOUND('',#1165,.T.);
#687=FACE_OUTER_BOUND('',#1166,.T.);
#688=FACE_OUTER_BOUND('',#1167,.T.);
#689=FACE_OUTER_BOUND('',#1168,.T.);
#690=FACE_OUTER_BOUND('',#1169,.T.);
#691=FACE_OUTER_BOUND('',#1170,.T.);
#692=FACE_OUTER_BOUND('',#1171,.T.);
#693=FACE_OUTER_BOUND('',#1177,.T.);
#694=FACE_OUTER_BOUND('',#1178,.T.);
#695=FACE_OUTER_BOUND('',#1189,.T.);
#696=FACE_OUTER_BOUND('',#1191,.T.);
#697=FACE_OUTER_BOUND('',#1192,.T.);
#698=FACE_OUTER_BOUND('',#1193,.T.);
#699=FACE_OUTER_BOUND('',#1194,.T.);
#700=FACE_OUTER_BOUND('',#1195,.T.);
#701=FACE_OUTER_BOUND('',#1196,.T.);
#702=FACE_OUTER_BOUND('',#1197,.T.);
#703=FACE_OUTER_BOUND('',#1198,.T.);
#704=FACE_OUTER_BOUND('',#1199,.T.);
#705=FACE_OUTER_BOUND('',#1200,.T.);
#706=FACE_OUTER_BOUND('',#1201,.T.);
#707=FACE_OUTER_BOUND('',#1202,.T.);
#708=FACE_OUTER_BOUND('',#1203,.T.);
#709=FACE_OUTER_BOUND('',#1204,.T.);
#710=FACE_OUTER_BOUND('',#1205,.T.);
#711=FACE_OUTER_BOUND('',#1206,.T.);
#712=FACE_OUTER_BOUND('',#1207,.T.);
#713=FACE_OUTER_BOUND('',#1208,.T.);
#714=FACE_OUTER_BOUND('',#1209,.T.);
#715=FACE_OUTER_BOUND('',#1210,.T.);
#716=FACE_OUTER_BOUND('',#1211,.T.);
#717=FACE_OUTER_BOUND('',#1212,.T.);
#718=FACE_OUTER_BOUND('',#1213,.T.);
#719=FACE_OUTER_BOUND('',#1214,.T.);
#720=FACE_OUTER_BOUND('',#1215,.T.);
#721=FACE_OUTER_BOUND('',#1216,.T.);
#722=FACE_OUTER_BOUND('',#1217,.T.);
#723=FACE_OUTER_BOUND('',#1218,.T.);
#724=FACE_OUTER_BOUND('',#1219,.T.);
#725=FACE_OUTER_BOUND('',#1220,.T.);
#726=FACE_OUTER_BOUND('',#1221,.T.);
#727=FACE_OUTER_BOUND('',#1222,.T.);
#728=FACE_OUTER_BOUND('',#1223,.T.);
#729=FACE_OUTER_BOUND('',#1224,.T.);
#730=FACE_OUTER_BOUND('',#1225,.T.);
#731=FACE_OUTER_BOUND('',#1226,.T.);
#732=FACE_OUTER_BOUND('',#1227,.T.);
#733=FACE_OUTER_BOUND('',#1228,.T.);
#734=FACE_OUTER_BOUND('',#1229,.T.);
#735=FACE_OUTER_BOUND('',#1230,.T.);
#736=FACE_OUTER_BOUND('',#1231,.T.);
#737=FACE_OUTER_BOUND('',#1232,.T.);
#738=FACE_OUTER_BOUND('',#1233,.T.);
#739=FACE_OUTER_BOUND('',#1240,.T.);
#740=FACE_OUTER_BOUND('',#1248,.T.);
#741=FACE_OUTER_BOUND('',#1249,.T.);
#742=FACE_OUTER_BOUND('',#1250,.T.);
#743=FACE_OUTER_BOUND('',#1251,.T.);
#744=FACE_OUTER_BOUND('',#1252,.T.);
#745=FACE_OUTER_BOUND('',#1253,.T.);
#746=FACE_OUTER_BOUND('',#1254,.T.);
#747=FACE_OUTER_BOUND('',#1256,.T.);
#748=FACE_OUTER_BOUND('',#1258,.T.);
#749=FACE_OUTER_BOUND('',#1259,.T.);
#750=FACE_OUTER_BOUND('',#1260,.T.);
#751=FACE_OUTER_BOUND('',#1261,.T.);
#752=FACE_OUTER_BOUND('',#1262,.T.);
#753=FACE_OUTER_BOUND('',#1263,.T.);
#754=FACE_OUTER_BOUND('',#1264,.T.);
#755=FACE_OUTER_BOUND('',#1265,.T.);
#756=FACE_OUTER_BOUND('',#1266,.T.);
#757=FACE_OUTER_BOUND('',#1268,.T.);
#758=FACE_OUTER_BOUND('',#1269,.T.);
#759=FACE_OUTER_BOUND('',#1270,.T.);
#760=FACE_OUTER_BOUND('',#1271,.T.);
#761=FACE_OUTER_BOUND('',#1272,.T.);
#762=FACE_OUTER_BOUND('',#1273,.T.);
#763=FACE_OUTER_BOUND('',#1274,.T.);
#764=FACE_OUTER_BOUND('',#1275,.T.);
#765=FACE_OUTER_BOUND('',#1276,.T.);
#766=FACE_OUTER_BOUND('',#1278,.T.);
#767=FACE_OUTER_BOUND('',#1279,.T.);
#768=FACE_OUTER_BOUND('',#1280,.T.);
#769=FACE_OUTER_BOUND('',#1281,.T.);
#770=FACE_OUTER_BOUND('',#1282,.T.);
#771=FACE_OUTER_BOUND('',#1283,.T.);
#772=FACE_OUTER_BOUND('',#1284,.T.);
#773=FACE_OUTER_BOUND('',#1285,.T.);
#774=FACE_OUTER_BOUND('',#1286,.T.);
#775=FACE_OUTER_BOUND('',#1288,.T.);
#776=FACE_OUTER_BOUND('',#1289,.T.);
#777=FACE_OUTER_BOUND('',#1290,.T.);
#778=FACE_OUTER_BOUND('',#1291,.T.);
#779=FACE_OUTER_BOUND('',#1292,.T.);
#780=FACE_OUTER_BOUND('',#1293,.T.);
#781=FACE_OUTER_BOUND('',#1294,.T.);
#782=FACE_OUTER_BOUND('',#1295,.T.);
#783=FACE_OUTER_BOUND('',#1296,.T.);
#784=FACE_OUTER_BOUND('',#1298,.T.);
#785=FACE_OUTER_BOUND('',#1299,.T.);
#786=FACE_OUTER_BOUND('',#1300,.T.);
#787=FACE_OUTER_BOUND('',#1301,.T.);
#788=FACE_OUTER_BOUND('',#1302,.T.);
#789=FACE_OUTER_BOUND('',#1303,.T.);
#790=FACE_OUTER_BOUND('',#1304,.T.);
#791=FACE_OUTER_BOUND('',#1305,.T.);
#792=FACE_OUTER_BOUND('',#1306,.T.);
#793=FACE_OUTER_BOUND('',#1308,.T.);
#794=FACE_OUTER_BOUND('',#1309,.T.);
#795=FACE_OUTER_BOUND('',#1310,.T.);
#796=FACE_OUTER_BOUND('',#1311,.T.);
#797=FACE_OUTER_BOUND('',#1312,.T.);
#798=FACE_OUTER_BOUND('',#1313,.T.);
#799=FACE_OUTER_BOUND('',#1314,.T.);
#800=FACE_OUTER_BOUND('',#1315,.T.);
#801=FACE_OUTER_BOUND('',#1316,.T.);
#802=FACE_OUTER_BOUND('',#1318,.T.);
#803=FACE_OUTER_BOUND('',#1319,.T.);
#804=FACE_OUTER_BOUND('',#1320,.T.);
#805=FACE_OUTER_BOUND('',#1321,.T.);
#806=FACE_OUTER_BOUND('',#1322,.T.);
#807=FACE_OUTER_BOUND('',#1323,.T.);
#808=FACE_OUTER_BOUND('',#1324,.T.);
#809=FACE_OUTER_BOUND('',#1325,.T.);
#810=FACE_OUTER_BOUND('',#1326,.T.);
#811=FACE_OUTER_BOUND('',#1327,.T.);
#812=FACE_OUTER_BOUND('',#1329,.T.);
#813=FACE_OUTER_BOUND('',#1330,.T.);
#814=EDGE_LOOP('',(#4304,#4305,#4306,#4307));
#815=EDGE_LOOP('',(#4308));
#816=EDGE_LOOP('',(#4309,#4310,#4311,#4312,#4313,#4314));
#817=EDGE_LOOP('',(#4315,#4316,#4317,#4318));
#818=EDGE_LOOP('',(#4319,#4320,#4321,#4322));
#819=EDGE_LOOP('',(#4323,#4324,#4325,#4326));
#820=EDGE_LOOP('',(#4327,#4328,#4329,#4330));
#821=EDGE_LOOP('',(#4331,#4332,#4333,#4334));
#822=EDGE_LOOP('',(#4335,#4336,#4337,#4338));
#823=EDGE_LOOP('',(#4339,#4340,#4341,#4342,#4343,#4344));
#824=EDGE_LOOP('',(#4345,#4346,#4347,#4348,#4349));
#825=EDGE_LOOP('',(#4350,#4351,#4352,#4353));
#826=EDGE_LOOP('',(#4354));
#827=EDGE_LOOP('',(#4355,#4356,#4357,#4358,#4359,#4360));
#828=EDGE_LOOP('',(#4361));
#829=EDGE_LOOP('',(#4362,#4363,#4364,#4365));
#830=EDGE_LOOP('',(#4366,#4367,#4368,#4369));
#831=EDGE_LOOP('',(#4370,#4371,#4372,#4373));
#832=EDGE_LOOP('',(#4374,#4375,#4376,#4377));
#833=EDGE_LOOP('',(#4378,#4379,#4380,#4381));
#834=EDGE_LOOP('',(#4382,#4383,#4384,#4385));
#835=EDGE_LOOP('',(#4386,#4387,#4388,#4389,#4390,#4391));
#836=EDGE_LOOP('',(#4392,#4393,#4394,#4395));
#837=EDGE_LOOP('',(#4396));
#838=EDGE_LOOP('',(#4397,#4398,#4399,#4400,#4401,#4402));
#839=EDGE_LOOP('',(#4403,#4404,#4405,#4406));
#840=EDGE_LOOP('',(#4407,#4408,#4409,#4410));
#841=EDGE_LOOP('',(#4411,#4412,#4413,#4414));
#842=EDGE_LOOP('',(#4415,#4416,#4417,#4418));
#843=EDGE_LOOP('',(#4419,#4420,#4421,#4422));
#844=EDGE_LOOP('',(#4423,#4424,#4425,#4426));
#845=EDGE_LOOP('',(#4427,#4428,#4429,#4430,#4431,#4432));
#846=EDGE_LOOP('',(#4433,#4434,#4435,#4436));
#847=EDGE_LOOP('',(#4437));
#848=EDGE_LOOP('',(#4438,#4439,#4440,#4441,#4442,#4443));
#849=EDGE_LOOP('',(#4444,#4445,#4446,#4447));
#850=EDGE_LOOP('',(#4448,#4449,#4450,#4451));
#851=EDGE_LOOP('',(#4452,#4453,#4454,#4455));
#852=EDGE_LOOP('',(#4456,#4457,#4458,#4459));
#853=EDGE_LOOP('',(#4460,#4461,#4462,#4463));
#854=EDGE_LOOP('',(#4464,#4465,#4466,#4467));
#855=EDGE_LOOP('',(#4468,#4469,#4470,#4471,#4472,#4473));
#856=EDGE_LOOP('',(#4474,#4475,#4476,#4477));
#857=EDGE_LOOP('',(#4478));
#858=EDGE_LOOP('',(#4479,#4480,#4481,#4482,#4483,#4484));
#859=EDGE_LOOP('',(#4485,#4486,#4487,#4488));
#860=EDGE_LOOP('',(#4489,#4490,#4491,#4492));
#861=EDGE_LOOP('',(#4493,#4494,#4495,#4496));
#862=EDGE_LOOP('',(#4497,#4498,#4499,#4500));
#863=EDGE_LOOP('',(#4501,#4502,#4503,#4504));
#864=EDGE_LOOP('',(#4505,#4506,#4507,#4508));
#865=EDGE_LOOP('',(#4509,#4510,#4511,#4512,#4513,#4514));
#866=EDGE_LOOP('',(#4515,#4516,#4517,#4518));
#867=EDGE_LOOP('',(#4519));
#868=EDGE_LOOP('',(#4520,#4521,#4522,#4523,#4524,#4525));
#869=EDGE_LOOP('',(#4526,#4527,#4528,#4529));
#870=EDGE_LOOP('',(#4530,#4531,#4532,#4533));
#871=EDGE_LOOP('',(#4534,#4535,#4536,#4537));
#872=EDGE_LOOP('',(#4538,#4539,#4540,#4541));
#873=EDGE_LOOP('',(#4542,#4543,#4544,#4545));
#874=EDGE_LOOP('',(#4546,#4547,#4548,#4549));
#875=EDGE_LOOP('',(#4550,#4551,#4552,#4553,#4554,#4555));
#876=EDGE_LOOP('',(#4556,#4557,#4558,#4559));
#877=EDGE_LOOP('',(#4560));
#878=EDGE_LOOP('',(#4561,#4562,#4563,#4564,#4565,#4566));
#879=EDGE_LOOP('',(#4567,#4568,#4569,#4570));
#880=EDGE_LOOP('',(#4571,#4572,#4573,#4574));
#881=EDGE_LOOP('',(#4575,#4576,#4577,#4578));
#882=EDGE_LOOP('',(#4579,#4580,#4581,#4582));
#883=EDGE_LOOP('',(#4583,#4584,#4585,#4586));
#884=EDGE_LOOP('',(#4587,#4588,#4589,#4590));
#885=EDGE_LOOP('',(#4591,#4592,#4593,#4594,#4595,#4596));
#886=EDGE_LOOP('',(#4597));
#887=EDGE_LOOP('',(#4598));
#888=EDGE_LOOP('',(#4599,#4600,#4601,#4602));
#889=EDGE_LOOP('',(#4603,#4604,#4605,#4606));
#890=EDGE_LOOP('',(#4607,#4608,#4609,#4610));
#891=EDGE_LOOP('',(#4611));
#892=EDGE_LOOP('',(#4612,#4613,#4614,#4615,#4616,#4617));
#893=EDGE_LOOP('',(#4618));
#894=EDGE_LOOP('',(#4619,#4620,#4621,#4622));
#895=EDGE_LOOP('',(#4623,#4624,#4625,#4626));
#896=EDGE_LOOP('',(#4627,#4628,#4629,#4630));
#897=EDGE_LOOP('',(#4631,#4632,#4633,#4634));
#898=EDGE_LOOP('',(#4635,#4636,#4637,#4638));
#899=EDGE_LOOP('',(#4639,#4640,#4641,#4642));
#900=EDGE_LOOP('',(#4643,#4644,#4645,#4646,#4647,#4648));
#901=EDGE_LOOP('',(#4649));
#902=EDGE_LOOP('',(#4650));
#903=EDGE_LOOP('',(#4651,#4652,#4653,#4654));
#904=EDGE_LOOP('',(#4655,#4656,#4657,#4658));
#905=EDGE_LOOP('',(#4659,#4660,#4661,#4662));
#906=EDGE_LOOP('',(#4663));
#907=EDGE_LOOP('',(#4664,#4665,#4666,#4667,#4668,#4669));
#908=EDGE_LOOP('',(#4670));
#909=EDGE_LOOP('',(#4671,#4672,#4673,#4674));
#910=EDGE_LOOP('',(#4675,#4676,#4677,#4678));
#911=EDGE_LOOP('',(#4679,#4680,#4681,#4682));
#912=EDGE_LOOP('',(#4683,#4684,#4685,#4686));
#913=EDGE_LOOP('',(#4687,#4688,#4689,#4690));
#914=EDGE_LOOP('',(#4691,#4692,#4693,#4694));
#915=EDGE_LOOP('',(#4695,#4696,#4697,#4698,#4699,#4700));
#916=EDGE_LOOP('',(#4701));
#917=EDGE_LOOP('',(#4702));
#918=EDGE_LOOP('',(#4703,#4704,#4705,#4706));
#919=EDGE_LOOP('',(#4707,#4708,#4709,#4710));
#920=EDGE_LOOP('',(#4711,#4712,#4713,#4714));
#921=EDGE_LOOP('',(#4715));
#922=EDGE_LOOP('',(#4716,#4717,#4718,#4719,#4720,#4721));
#923=EDGE_LOOP('',(#4722));
#924=EDGE_LOOP('',(#4723,#4724,#4725,#4726));
#925=EDGE_LOOP('',(#4727,#4728,#4729,#4730));
#926=EDGE_LOOP('',(#4731,#4732,#4733,#4734));
#927=EDGE_LOOP('',(#4735,#4736,#4737,#4738));
#928=EDGE_LOOP('',(#4739,#4740,#4741,#4742));
#929=EDGE_LOOP('',(#4743,#4744,#4745,#4746));
#930=EDGE_LOOP('',(#4747,#4748,#4749,#4750,#4751,#4752));
#931=EDGE_LOOP('',(#4753));
#932=EDGE_LOOP('',(#4754));
#933=EDGE_LOOP('',(#4755,#4756,#4757,#4758));
#934=EDGE_LOOP('',(#4759,#4760,#4761,#4762));
#935=EDGE_LOOP('',(#4763,#4764,#4765,#4766));
#936=EDGE_LOOP('',(#4767));
#937=EDGE_LOOP('',(#4768,#4769,#4770,#4771,#4772,#4773));
#938=EDGE_LOOP('',(#4774));
#939=EDGE_LOOP('',(#4775,#4776,#4777,#4778));
#940=EDGE_LOOP('',(#4779,#4780,#4781,#4782));
#941=EDGE_LOOP('',(#4783,#4784,#4785,#4786));
#942=EDGE_LOOP('',(#4787,#4788,#4789,#4790));
#943=EDGE_LOOP('',(#4791,#4792,#4793,#4794));
#944=EDGE_LOOP('',(#4795,#4796,#4797,#4798));
#945=EDGE_LOOP('',(#4799,#4800,#4801,#4802,#4803,#4804));
#946=EDGE_LOOP('',(#4805));
#947=EDGE_LOOP('',(#4806));
#948=EDGE_LOOP('',(#4807,#4808,#4809,#4810));
#949=EDGE_LOOP('',(#4811,#4812,#4813,#4814));
#950=EDGE_LOOP('',(#4815,#4816,#4817,#4818));
#951=EDGE_LOOP('',(#4819));
#952=EDGE_LOOP('',(#4820,#4821,#4822,#4823,#4824,#4825));
#953=EDGE_LOOP('',(#4826));
#954=EDGE_LOOP('',(#4827,#4828,#4829,#4830));
#955=EDGE_LOOP('',(#4831,#4832,#4833,#4834));
#956=EDGE_LOOP('',(#4835,#4836,#4837,#4838));
#957=EDGE_LOOP('',(#4839,#4840,#4841,#4842));
#958=EDGE_LOOP('',(#4843,#4844,#4845,#4846));
#959=EDGE_LOOP('',(#4847,#4848,#4849,#4850));
#960=EDGE_LOOP('',(#4851,#4852,#4853,#4854,#4855,#4856));
#961=EDGE_LOOP('',(#4857));
#962=EDGE_LOOP('',(#4858));
#963=EDGE_LOOP('',(#4859,#4860,#4861,#4862));
#964=EDGE_LOOP('',(#4863,#4864,#4865,#4866));
#965=EDGE_LOOP('',(#4867,#4868,#4869,#4870));
#966=EDGE_LOOP('',(#4871));
#967=EDGE_LOOP('',(#4872,#4873,#4874,#4875,#4876,#4877));
#968=EDGE_LOOP('',(#4878));
#969=EDGE_LOOP('',(#4879,#4880,#4881,#4882));
#970=EDGE_LOOP('',(#4883,#4884,#4885,#4886));
#971=EDGE_LOOP('',(#4887,#4888,#4889,#4890));
#972=EDGE_LOOP('',(#4891,#4892,#4893,#4894));
#973=EDGE_LOOP('',(#4895,#4896,#4897,#4898));
#974=EDGE_LOOP('',(#4899,#4900,#4901,#4902));
#975=EDGE_LOOP('',(#4903,#4904,#4905,#4906,#4907,#4908));
#976=EDGE_LOOP('',(#4909));
#977=EDGE_LOOP('',(#4910));
#978=EDGE_LOOP('',(#4911,#4912,#4913,#4914));
#979=EDGE_LOOP('',(#4915,#4916,#4917,#4918));
#980=EDGE_LOOP('',(#4919,#4920,#4921,#4922));
#981=EDGE_LOOP('',(#4923,#4924,#4925,#4926));
#982=EDGE_LOOP('',(#4927,#4928,#4929,#4930));
#983=EDGE_LOOP('',(#4931,#4932,#4933,#4934));
#984=EDGE_LOOP('',(#4935,#4936,#4937,#4938));
#985=EDGE_LOOP('',(#4939,#4940,#4941,#4942));
#986=EDGE_LOOP('',(#4943,#4944,#4945,#4946));
#987=EDGE_LOOP('',(#4947,#4948,#4949,#4950));
#988=EDGE_LOOP('',(#4951,#4952,#4953,#4954));
#989=EDGE_LOOP('',(#4955,#4956,#4957,#4958));
#990=EDGE_LOOP('',(#4959,#4960,#4961,#4962));
#991=EDGE_LOOP('',(#4963));
#992=EDGE_LOOP('',(#4964));
#993=EDGE_LOOP('',(#4965));
#994=EDGE_LOOP('',(#4966));
#995=EDGE_LOOP('',(#4967));
#996=EDGE_LOOP('',(#4968));
#997=EDGE_LOOP('',(#4969));
#998=EDGE_LOOP('',(#4970));
#999=EDGE_LOOP('',(#4971));
#1000=EDGE_LOOP('',(#4972));
#1001=EDGE_LOOP('',(#4973));
#1002=EDGE_LOOP('',(#4974));
#1003=EDGE_LOOP('',(#4975));
#1004=EDGE_LOOP('',(#4976));
#1005=EDGE_LOOP('',(#4977));
#1006=EDGE_LOOP('',(#4978));
#1007=EDGE_LOOP('',(#4979));
#1008=EDGE_LOOP('',(#4980));
#1009=EDGE_LOOP('',(#4981));
#1010=EDGE_LOOP('',(#4982));
#1011=EDGE_LOOP('',(#4983));
#1012=EDGE_LOOP('',(#4984));
#1013=EDGE_LOOP('',(#4985));
#1014=EDGE_LOOP('',(#4986));
#1015=EDGE_LOOP('',(#4987));
#1016=EDGE_LOOP('',(#4988));
#1017=EDGE_LOOP('',(#4989));
#1018=EDGE_LOOP('',(#4990));
#1019=EDGE_LOOP('',(#4991));
#1020=EDGE_LOOP('',(#4992));
#1021=EDGE_LOOP('',(#4993));
#1022=EDGE_LOOP('',(#4994));
#1023=EDGE_LOOP('',(#4995,#4996,#4997,#4998));
#1024=EDGE_LOOP('',(#4999,#5000,#5001,#5002));
#1025=EDGE_LOOP('',(#5003,#5004,#5005,#5006));
#1026=EDGE_LOOP('',(#5007,#5008,#5009,#5010));
#1027=EDGE_LOOP('',(#5011,#5012,#5013,#5014));
#1028=EDGE_LOOP('',(#5015,#5016,#5017,#5018));
#1029=EDGE_LOOP('',(#5019,#5020,#5021,#5022));
#1030=EDGE_LOOP('',(#5023,#5024,#5025,#5026));
#1031=EDGE_LOOP('',(#5027,#5028,#5029,#5030));
#1032=EDGE_LOOP('',(#5031,#5032,#5033,#5034));
#1033=EDGE_LOOP('',(#5035,#5036,#5037,#5038));
#1034=EDGE_LOOP('',(#5039,#5040,#5041,#5042));
#1035=EDGE_LOOP('',(#5043,#5044,#5045,#5046));
#1036=EDGE_LOOP('',(#5047));
#1037=EDGE_LOOP('',(#5048));
#1038=EDGE_LOOP('',(#5049));
#1039=EDGE_LOOP('',(#5050));
#1040=EDGE_LOOP('',(#5051));
#1041=EDGE_LOOP('',(#5052));
#1042=EDGE_LOOP('',(#5053));
#1043=EDGE_LOOP('',(#5054));
#1044=EDGE_LOOP('',(#5055));
#1045=EDGE_LOOP('',(#5056));
#1046=EDGE_LOOP('',(#5057));
#1047=EDGE_LOOP('',(#5058));
#1048=EDGE_LOOP('',(#5059));
#1049=EDGE_LOOP('',(#5060));
#1050=EDGE_LOOP('',(#5061));
#1051=EDGE_LOOP('',(#5062));
#1052=EDGE_LOOP('',(#5063));
#1053=EDGE_LOOP('',(#5064));
#1054=EDGE_LOOP('',(#5065));
#1055=EDGE_LOOP('',(#5066));
#1056=EDGE_LOOP('',(#5067));
#1057=EDGE_LOOP('',(#5068));
#1058=EDGE_LOOP('',(#5069));
#1059=EDGE_LOOP('',(#5070));
#1060=EDGE_LOOP('',(#5071));
#1061=EDGE_LOOP('',(#5072));
#1062=EDGE_LOOP('',(#5073));
#1063=EDGE_LOOP('',(#5074));
#1064=EDGE_LOOP('',(#5075));
#1065=EDGE_LOOP('',(#5076));
#1066=EDGE_LOOP('',(#5077,#5078,#5079,#5080,#5081,#5082,#5083,#5084));
#1067=EDGE_LOOP('',(#5085));
#1068=EDGE_LOOP('',(#5086,#5087,#5088,#5089));
#1069=EDGE_LOOP('',(#5090,#5091,#5092,#5093));
#1070=EDGE_LOOP('',(#5094,#5095,#5096,#5097));
#1071=EDGE_LOOP('',(#5098,#5099,#5100,#5101));
#1072=EDGE_LOOP('',(#5102,#5103,#5104,#5105));
#1073=EDGE_LOOP('',(#5106,#5107,#5108,#5109));
#1074=EDGE_LOOP('',(#5110,#5111,#5112,#5113));
#1075=EDGE_LOOP('',(#5114,#5115,#5116,#5117));
#1076=EDGE_LOOP('',(#5118,#5119,#5120,#5121,#5122,#5123,#5124,#5125));
#1077=EDGE_LOOP('',(#5126,#5127,#5128,#5129,#5130,#5131,#5132,#5133));
#1078=EDGE_LOOP('',(#5134));
#1079=EDGE_LOOP('',(#5135,#5136,#5137,#5138));
#1080=EDGE_LOOP('',(#5139,#5140,#5141,#5142));
#1081=EDGE_LOOP('',(#5143,#5144,#5145,#5146));
#1082=EDGE_LOOP('',(#5147,#5148,#5149,#5150));
#1083=EDGE_LOOP('',(#5151,#5152,#5153,#5154));
#1084=EDGE_LOOP('',(#5155,#5156,#5157,#5158));
#1085=EDGE_LOOP('',(#5159,#5160,#5161,#5162));
#1086=EDGE_LOOP('',(#5163,#5164,#5165,#5166));
#1087=EDGE_LOOP('',(#5167,#5168,#5169,#5170,#5171,#5172,#5173,#5174));
#1088=EDGE_LOOP('',(#5175,#5176,#5177,#5178));
#1089=EDGE_LOOP('',(#5179));
#1090=EDGE_LOOP('',(#5180));
#1091=EDGE_LOOP('',(#5181));
#1092=EDGE_LOOP('',(#5182,#5183,#5184,#5185));
#1093=EDGE_LOOP('',(#5186,#5187,#5188));
#1094=EDGE_LOOP('',(#5189,#5190,#5191,#5192));
#1095=EDGE_LOOP('',(#5193,#5194,#5195));
#1096=EDGE_LOOP('',(#5196,#5197,#5198,#5199));
#1097=EDGE_LOOP('',(#5200,#5201,#5202));
#1098=EDGE_LOOP('',(#5203,#5204,#5205,#5206));
#1099=EDGE_LOOP('',(#5207,#5208,#5209));
#1100=EDGE_LOOP('',(#5210,#5211,#5212,#5213));
#1101=EDGE_LOOP('',(#5214,#5215,#5216));
#1102=EDGE_LOOP('',(#5217,#5218,#5219,#5220));
#1103=EDGE_LOOP('',(#5221,#5222,#5223));
#1104=EDGE_LOOP('',(#5224,#5225,#5226,#5227));
#1105=EDGE_LOOP('',(#5228,#5229,#5230));
#1106=EDGE_LOOP('',(#5231,#5232,#5233,#5234));
#1107=EDGE_LOOP('',(#5235,#5236,#5237));
#1108=EDGE_LOOP('',(#5238,#5239,#5240,#5241));
#1109=EDGE_LOOP('',(#5242,#5243,#5244));
#1110=EDGE_LOOP('',(#5245,#5246,#5247,#5248));
#1111=EDGE_LOOP('',(#5249,#5250,#5251,#5252));
#1112=EDGE_LOOP('',(#5253,#5254,#5255,#5256,#5257,#5258));
#1113=EDGE_LOOP('',(#5259,#5260,#5261,#5262,#5263,#5264));
#1114=EDGE_LOOP('',(#5265,#5266,#5267,#5268));
#1115=EDGE_LOOP('',(#5269));
#1116=EDGE_LOOP('',(#5270));
#1117=EDGE_LOOP('',(#5271));
#1118=EDGE_LOOP('',(#5272));
#1119=EDGE_LOOP('',(#5273));
#1120=EDGE_LOOP('',(#5274));
#1121=EDGE_LOOP('',(#5275));
#1122=EDGE_LOOP('',(#5276,#5277,#5278,#5279,#5280,#5281,#5282));
#1123=EDGE_LOOP('',(#5283,#5284,#5285,#5286));
#1124=EDGE_LOOP('',(#5287));
#1125=EDGE_LOOP('',(#5288));
#1126=EDGE_LOOP('',(#5289));
#1127=EDGE_LOOP('',(#5290));
#1128=EDGE_LOOP('',(#5291,#5292,#5293,#5294));
#1129=EDGE_LOOP('',(#5295,#5296,#5297));
#1130=EDGE_LOOP('',(#5298,#5299,#5300,#5301));
#1131=EDGE_LOOP('',(#5302,#5303,#5304));
#1132=EDGE_LOOP('',(#5305,#5306,#5307,#5308));
#1133=EDGE_LOOP('',(#5309,#5310,#5311));
#1134=EDGE_LOOP('',(#5312,#5313,#5314,#5315));
#1135=EDGE_LOOP('',(#5316,#5317,#5318));
#1136=EDGE_LOOP('',(#5319,#5320,#5321,#5322));
#1137=EDGE_LOOP('',(#5323,#5324,#5325));
#1138=EDGE_LOOP('',(#5326,#5327,#5328,#5329));
#1139=EDGE_LOOP('',(#5330,#5331,#5332));
#1140=EDGE_LOOP('',(#5333,#5334,#5335,#5336));
#1141=EDGE_LOOP('',(#5337,#5338,#5339));
#1142=EDGE_LOOP('',(#5340,#5341,#5342,#5343));
#1143=EDGE_LOOP('',(#5344,#5345,#5346));
#1144=EDGE_LOOP('',(#5347,#5348,#5349,#5350));
#1145=EDGE_LOOP('',(#5351,#5352,#5353));
#1146=EDGE_LOOP('',(#5354,#5355,#5356,#5357));
#1147=EDGE_LOOP('',(#5358,#5359,#5360));
#1148=EDGE_LOOP('',(#5361,#5362,#5363,#5364));
#1149=EDGE_LOOP('',(#5365,#5366,#5367,#5368));
#1150=EDGE_LOOP('',(#5369,#5370,#5371,#5372,#5373,#5374));
#1151=EDGE_LOOP('',(#5375,#5376,#5377,#5378,#5379,#5380));
#1152=EDGE_LOOP('',(#5381,#5382,#5383,#5384));
#1153=EDGE_LOOP('',(#5385));
#1154=EDGE_LOOP('',(#5386));
#1155=EDGE_LOOP('',(#5387));
#1156=EDGE_LOOP('',(#5388));
#1157=EDGE_LOOP('',(#5389));
#1158=EDGE_LOOP('',(#5390));
#1159=EDGE_LOOP('',(#5391));
#1160=EDGE_LOOP('',(#5392,#5393,#5394,#5395,#5396,#5397,#5398));
#1161=EDGE_LOOP('',(#5399,#5400,#5401,#5402));
#1162=EDGE_LOOP('',(#5403,#5404,#5405,#5406));
#1163=EDGE_LOOP('',(#5407,#5408,#5409,#5410));
#1164=EDGE_LOOP('',(#5411,#5412,#5413,#5414));
#1165=EDGE_LOOP('',(#5415,#5416,#5417,#5418,#5419));
#1166=EDGE_LOOP('',(#5420,#5421,#5422,#5423,#5424));
#1167=EDGE_LOOP('',(#5425,#5426,#5427,#5428));
#1168=EDGE_LOOP('',(#5429,#5430,#5431,#5432));
#1169=EDGE_LOOP('',(#5433,#5434,#5435,#5436,#5437));
#1170=EDGE_LOOP('',(#5438,#5439,#5440,#5441));
#1171=EDGE_LOOP('',(#5442,#5443,#5444,#5445,#5446,#5447,#5448,#5449,#5450,
#5451,#5452,#5453,#5454,#5455,#5456,#5457,#5458,#5459));
#1172=EDGE_LOOP('',(#5460));
#1173=EDGE_LOOP('',(#5461));
#1174=EDGE_LOOP('',(#5462));
#1175=EDGE_LOOP('',(#5463));
#1176=EDGE_LOOP('',(#5464));
#1177=EDGE_LOOP('',(#5465,#5466,#5467,#5468,#5469,#5470,#5471,#5472));
#1178=EDGE_LOOP('',(#5473,#5474,#5475,#5476,#5477,#5478,#5479,#5480,#5481,
#5482,#5483,#5484,#5485,#5486,#5487,#5488,#5489,#5490));
#1179=EDGE_LOOP('',(#5491));
#1180=EDGE_LOOP('',(#5492));
#1181=EDGE_LOOP('',(#5493));
#1182=EDGE_LOOP('',(#5494));
#1183=EDGE_LOOP('',(#5495));
#1184=EDGE_LOOP('',(#5496));
#1185=EDGE_LOOP('',(#5497));
#1186=EDGE_LOOP('',(#5498));
#1187=EDGE_LOOP('',(#5499));
#1188=EDGE_LOOP('',(#5500,#5501,#5502,#5503,#5504,#5505,#5506,#5507));
#1189=EDGE_LOOP('',(#5508,#5509,#5510,#5511,#5512,#5513,#5514,#5515));
#1190=EDGE_LOOP('',(#5516,#5517,#5518,#5519,#5520,#5521,#5522,#5523,#5524,
#5525,#5526,#5527,#5528,#5529,#5530,#5531));
#1191=EDGE_LOOP('',(#5532,#5533,#5534,#5535));
#1192=EDGE_LOOP('',(#5536,#5537,#5538,#5539,#5540,#5541,#5542,#5543,#5544,
#5545));
#1193=EDGE_LOOP('',(#5546,#5547,#5548,#5549,#5550,#5551,#5552,#5553,#5554,
#5555));
#1194=EDGE_LOOP('',(#5556,#5557,#5558,#5559,#5560));
#1195=EDGE_LOOP('',(#5561,#5562,#5563,#5564));
#1196=EDGE_LOOP('',(#5565,#5566,#5567,#5568));
#1197=EDGE_LOOP('',(#5569,#5570,#5571,#5572));
#1198=EDGE_LOOP('',(#5573,#5574,#5575,#5576));
#1199=EDGE_LOOP('',(#5577,#5578,#5579,#5580));
#1200=EDGE_LOOP('',(#5581,#5582,#5583,#5584));
#1201=EDGE_LOOP('',(#5585,#5586,#5587,#5588));
#1202=EDGE_LOOP('',(#5589,#5590,#5591,#5592));
#1203=EDGE_LOOP('',(#5593,#5594,#5595,#5596));
#1204=EDGE_LOOP('',(#5597,#5598,#5599,#5600,#5601));
#1205=EDGE_LOOP('',(#5602,#5603,#5604,#5605,#5606));
#1206=EDGE_LOOP('',(#5607,#5608,#5609,#5610));
#1207=EDGE_LOOP('',(#5611,#5612,#5613,#5614));
#1208=EDGE_LOOP('',(#5615,#5616,#5617,#5618));
#1209=EDGE_LOOP('',(#5619,#5620,#5621,#5622));
#1210=EDGE_LOOP('',(#5623,#5624,#5625,#5626));
#1211=EDGE_LOOP('',(#5627,#5628,#5629,#5630));
#1212=EDGE_LOOP('',(#5631,#5632,#5633,#5634));
#1213=EDGE_LOOP('',(#5635,#5636,#5637,#5638));
#1214=EDGE_LOOP('',(#5639,#5640,#5641,#5642));
#1215=EDGE_LOOP('',(#5643,#5644,#5645,#5646));
#1216=EDGE_LOOP('',(#5647,#5648,#5649,#5650));
#1217=EDGE_LOOP('',(#5651,#5652,#5653,#5654));
#1218=EDGE_LOOP('',(#5655,#5656,#5657,#5658));
#1219=EDGE_LOOP('',(#5659,#5660,#5661,#5662));
#1220=EDGE_LOOP('',(#5663));
#1221=EDGE_LOOP('',(#5664,#5665,#5666,#5667,#5668));
#1222=EDGE_LOOP('',(#5669,#5670,#5671,#5672,#5673));
#1223=EDGE_LOOP('',(#5674,#5675,#5676,#5677));
#1224=EDGE_LOOP('',(#5678,#5679,#5680,#5681));
#1225=EDGE_LOOP('',(#5682,#5683,#5684,#5685));
#1226=EDGE_LOOP('',(#5686,#5687,#5688,#5689));
#1227=EDGE_LOOP('',(#5690,#5691,#5692,#5693));
#1228=EDGE_LOOP('',(#5694,#5695,#5696,#5697));
#1229=EDGE_LOOP('',(#5698,#5699,#5700,#5701));
#1230=EDGE_LOOP('',(#5702,#5703,#5704,#5705,#5706,#5707));
#1231=EDGE_LOOP('',(#5708,#5709,#5710,#5711));
#1232=EDGE_LOOP('',(#5712,#5713,#5714,#5715,#5716,#5717));
#1233=EDGE_LOOP('',(#5718,#5719,#5720,#5721,#5722,#5723,#5724,#5725,#5726,
#5727));
#1234=EDGE_LOOP('',(#5728));
#1235=EDGE_LOOP('',(#5729));
#1236=EDGE_LOOP('',(#5730));
#1237=EDGE_LOOP('',(#5731));
#1238=EDGE_LOOP('',(#5732));
#1239=EDGE_LOOP('',(#5733));
#1240=EDGE_LOOP('',(#5734,#5735,#5736,#5737,#5738,#5739,#5740,#5741));
#1241=EDGE_LOOP('',(#5742));
#1242=EDGE_LOOP('',(#5743));
#1243=EDGE_LOOP('',(#5744));
#1244=EDGE_LOOP('',(#5745));
#1245=EDGE_LOOP('',(#5746));
#1246=EDGE_LOOP('',(#5747));
#1247=EDGE_LOOP('',(#5748));
#1248=EDGE_LOOP('',(#5749,#5750,#5751,#5752,#5753,#5754));
#1249=EDGE_LOOP('',(#5755,#5756,#5757,#5758));
#1250=EDGE_LOOP('',(#5759,#5760));
#1251=EDGE_LOOP('',(#5761,#5762,#5763,#5764));
#1252=EDGE_LOOP('',(#5765,#5766,#5767,#5768,#5769,#5770));
#1253=EDGE_LOOP('',(#5771,#5772));
#1254=EDGE_LOOP('',(#5773,#5774,#5775,#5776,#5777,#5778));
#1255=EDGE_LOOP('',(#5779));
#1256=EDGE_LOOP('',(#5780,#5781,#5782,#5783,#5784,#5785));
#1257=EDGE_LOOP('',(#5786));
#1258=EDGE_LOOP('',(#5787,#5788,#5789,#5790));
#1259=EDGE_LOOP('',(#5791,#5792,#5793,#5794,#5795,#5796));
#1260=EDGE_LOOP('',(#5797,#5798,#5799,#5800));
#1261=EDGE_LOOP('',(#5801,#5802,#5803,#5804));
#1262=EDGE_LOOP('',(#5805,#5806,#5807,#5808));
#1263=EDGE_LOOP('',(#5809,#5810,#5811,#5812));
#1264=EDGE_LOOP('',(#5813,#5814,#5815,#5816));
#1265=EDGE_LOOP('',(#5817,#5818,#5819,#5820));
#1266=EDGE_LOOP('',(#5821));
#1267=EDGE_LOOP('',(#5822,#5823,#5824,#5825,#5826,#5827));
#1268=EDGE_LOOP('',(#5828,#5829,#5830,#5831));
#1269=EDGE_LOOP('',(#5832,#5833,#5834,#5835,#5836,#5837));
#1270=EDGE_LOOP('',(#5838,#5839,#5840,#5841));
#1271=EDGE_LOOP('',(#5842,#5843,#5844,#5845));
#1272=EDGE_LOOP('',(#5846,#5847,#5848,#5849));
#1273=EDGE_LOOP('',(#5850,#5851,#5852,#5853));
#1274=EDGE_LOOP('',(#5854,#5855,#5856,#5857));
#1275=EDGE_LOOP('',(#5858,#5859,#5860,#5861));
#1276=EDGE_LOOP('',(#5862));
#1277=EDGE_LOOP('',(#5863,#5864,#5865,#5866,#5867,#5868));
#1278=EDGE_LOOP('',(#5869,#5870,#5871,#5872));
#1279=EDGE_LOOP('',(#5873,#5874,#5875,#5876,#5877,#5878));
#1280=EDGE_LOOP('',(#5879,#5880,#5881,#5882));
#1281=EDGE_LOOP('',(#5883,#5884,#5885,#5886));
#1282=EDGE_LOOP('',(#5887,#5888,#5889,#5890));
#1283=EDGE_LOOP('',(#5891,#5892,#5893,#5894));
#1284=EDGE_LOOP('',(#5895,#5896,#5897,#5898));
#1285=EDGE_LOOP('',(#5899,#5900,#5901,#5902));
#1286=EDGE_LOOP('',(#5903));
#1287=EDGE_LOOP('',(#5904,#5905,#5906,#5907,#5908,#5909));
#1288=EDGE_LOOP('',(#5910,#5911,#5912,#5913));
#1289=EDGE_LOOP('',(#5914,#5915,#5916,#5917,#5918,#5919));
#1290=EDGE_LOOP('',(#5920,#5921,#5922,#5923));
#1291=EDGE_LOOP('',(#5924,#5925,#5926,#5927));
#1292=EDGE_LOOP('',(#5928,#5929,#5930,#5931));
#1293=EDGE_LOOP('',(#5932,#5933,#5934,#5935));
#1294=EDGE_LOOP('',(#5936,#5937,#5938,#5939));
#1295=EDGE_LOOP('',(#5940,#5941,#5942,#5943));
#1296=EDGE_LOOP('',(#5944));
#1297=EDGE_LOOP('',(#5945,#5946,#5947,#5948,#5949,#5950));
#1298=EDGE_LOOP('',(#5951,#5952,#5953,#5954));
#1299=EDGE_LOOP('',(#5955,#5956,#5957,#5958,#5959,#5960));
#1300=EDGE_LOOP('',(#5961,#5962,#5963,#5964));
#1301=EDGE_LOOP('',(#5965,#5966,#5967,#5968));
#1302=EDGE_LOOP('',(#5969,#5970,#5971,#5972));
#1303=EDGE_LOOP('',(#5973,#5974,#5975,#5976));
#1304=EDGE_LOOP('',(#5977,#5978,#5979,#5980));
#1305=EDGE_LOOP('',(#5981,#5982,#5983,#5984));
#1306=EDGE_LOOP('',(#5985));
#1307=EDGE_LOOP('',(#5986,#5987,#5988,#5989,#5990,#5991));
#1308=EDGE_LOOP('',(#5992,#5993,#5994,#5995));
#1309=EDGE_LOOP('',(#5996,#5997,#5998,#5999,#6000,#6001));
#1310=EDGE_LOOP('',(#6002,#6003,#6004,#6005));
#1311=EDGE_LOOP('',(#6006,#6007,#6008,#6009));
#1312=EDGE_LOOP('',(#6010,#6011,#6012,#6013));
#1313=EDGE_LOOP('',(#6014,#6015,#6016,#6017));
#1314=EDGE_LOOP('',(#6018,#6019,#6020,#6021));
#1315=EDGE_LOOP('',(#6022,#6023,#6024,#6025));
#1316=EDGE_LOOP('',(#6026));
#1317=EDGE_LOOP('',(#6027,#6028,#6029,#6030,#6031,#6032));
#1318=EDGE_LOOP('',(#6033,#6034,#6035,#6036));
#1319=EDGE_LOOP('',(#6037,#6038,#6039,#6040,#6041,#6042));
#1320=EDGE_LOOP('',(#6043,#6044,#6045,#6046));
#1321=EDGE_LOOP('',(#6047,#6048,#6049,#6050));
#1322=EDGE_LOOP('',(#6051,#6052,#6053,#6054));
#1323=EDGE_LOOP('',(#6055,#6056,#6057,#6058));
#1324=EDGE_LOOP('',(#6059,#6060,#6061,#6062));
#1325=EDGE_LOOP('',(#6063,#6064,#6065,#6066));
#1326=EDGE_LOOP('',(#6067));
#1327=EDGE_LOOP('',(#6068));
#1328=EDGE_LOOP('',(#6069,#6070,#6071,#6072,#6073,#6074));
#1329=EDGE_LOOP('',(#6075,#6076,#6077,#6078));
#1330=EDGE_LOOP('',(#6079,#6080,#6081,#6082,#6083));
#1331=LINE('',#9720,#1937);
#1332=LINE('',#9725,#1938);
#1333=LINE('',#9727,#1939);
#1334=LINE('',#9729,#1940);
#1335=LINE('',#9731,#1941);
#1336=LINE('',#9733,#1942);
#1337=LINE('',#9734,#1943);
#1338=LINE('',#9737,#1944);
#1339=LINE('',#9739,#1945);
#1340=LINE('',#9740,#1946);
#1341=LINE('',#9743,#1947);
#1342=LINE('',#9744,#1948);
#1343=LINE('',#9747,#1949);
#1344=LINE('',#9748,#1950);
#1345=LINE('',#9751,#1951);
#1346=LINE('',#9752,#1952);
#1347=LINE('',#9755,#1953);
#1348=LINE('',#9756,#1954);
#1349=LINE('',#9758,#1955);
#1350=LINE('',#9766,#1956);
#1351=LINE('',#9772,#1957);
#1352=LINE('',#9777,#1958);
#1353=LINE('',#9779,#1959);
#1354=LINE('',#9781,#1960);
#1355=LINE('',#9783,#1961);
#1356=LINE('',#9785,#1962);
#1357=LINE('',#9786,#1963);
#1358=LINE('',#9790,#1964);
#1359=LINE('',#9792,#1965);
#1360=LINE('',#9793,#1966);
#1361=LINE('',#9796,#1967);
#1362=LINE('',#9797,#1968);
#1363=LINE('',#9800,#1969);
#1364=LINE('',#9801,#1970);
#1365=LINE('',#9804,#1971);
#1366=LINE('',#9805,#1972);
#1367=LINE('',#9808,#1973);
#1368=LINE('',#9809,#1974);
#1369=LINE('',#9811,#1975);
#1370=LINE('',#9817,#1976);
#1371=LINE('',#9822,#1977);
#1372=LINE('',#9824,#1978);
#1373=LINE('',#9826,#1979);
#1374=LINE('',#9828,#1980);
#1375=LINE('',#9830,#1981);
#1376=LINE('',#9831,#1982);
#1377=LINE('',#9834,#1983);
#1378=LINE('',#9836,#1984);
#1379=LINE('',#9837,#1985);
#1380=LINE('',#9840,#1986);
#1381=LINE('',#9841,#1987);
#1382=LINE('',#9844,#1988);
#1383=LINE('',#9845,#1989);
#1384=LINE('',#9848,#1990);
#1385=LINE('',#9849,#1991);
#1386=LINE('',#9852,#1992);
#1387=LINE('',#9853,#1993);
#1388=LINE('',#9855,#1994);
#1389=LINE('',#9861,#1995);
#1390=LINE('',#9866,#1996);
#1391=LINE('',#9868,#1997);
#1392=LINE('',#9870,#1998);
#1393=LINE('',#9872,#1999);
#1394=LINE('',#9874,#2000);
#1395=LINE('',#9875,#2001);
#1396=LINE('',#9878,#2002);
#1397=LINE('',#9880,#2003);
#1398=LINE('',#9881,#2004);
#1399=LINE('',#9884,#2005);
#1400=LINE('',#9885,#2006);
#1401=LINE('',#9888,#2007);
#1402=LINE('',#9889,#2008);
#1403=LINE('',#9892,#2009);
#1404=LINE('',#9893,#2010);
#1405=LINE('',#9896,#2011);
#1406=LINE('',#9897,#2012);
#1407=LINE('',#9899,#2013);
#1408=LINE('',#9905,#2014);
#1409=LINE('',#9910,#2015);
#1410=LINE('',#9912,#2016);
#1411=LINE('',#9914,#2017);
#1412=LINE('',#9916,#2018);
#1413=LINE('',#9918,#2019);
#1414=LINE('',#9919,#2020);
#1415=LINE('',#9922,#2021);
#1416=LINE('',#9924,#2022);
#1417=LINE('',#9925,#2023);
#1418=LINE('',#9928,#2024);
#1419=LINE('',#9929,#2025);
#1420=LINE('',#9932,#2026);
#1421=LINE('',#9933,#2027);
#1422=LINE('',#9936,#2028);
#1423=LINE('',#9937,#2029);
#1424=LINE('',#9940,#2030);
#1425=LINE('',#9941,#2031);
#1426=LINE('',#9943,#2032);
#1427=LINE('',#9949,#2033);
#1428=LINE('',#9954,#2034);
#1429=LINE('',#9956,#2035);
#1430=LINE('',#9958,#2036);
#1431=LINE('',#9960,#2037);
#1432=LINE('',#9962,#2038);
#1433=LINE('',#9963,#2039);
#1434=LINE('',#9966,#2040);
#1435=LINE('',#9968,#2041);
#1436=LINE('',#9969,#2042);
#1437=LINE('',#9972,#2043);
#1438=LINE('',#9973,#2044);
#1439=LINE('',#9976,#2045);
#1440=LINE('',#9977,#2046);
#1441=LINE('',#9980,#2047);
#1442=LINE('',#9981,#2048);
#1443=LINE('',#9984,#2049);
#1444=LINE('',#9985,#2050);
#1445=LINE('',#9987,#2051);
#1446=LINE('',#9993,#2052);
#1447=LINE('',#9998,#2053);
#1448=LINE('',#10000,#2054);
#1449=LINE('',#10002,#2055);
#1450=LINE('',#10004,#2056);
#1451=LINE('',#10006,#2057);
#1452=LINE('',#10007,#2058);
#1453=LINE('',#10010,#2059);
#1454=LINE('',#10012,#2060);
#1455=LINE('',#10013,#2061);
#1456=LINE('',#10016,#2062);
#1457=LINE('',#10017,#2063);
#1458=LINE('',#10020,#2064);
#1459=LINE('',#10021,#2065);
#1460=LINE('',#10024,#2066);
#1461=LINE('',#10025,#2067);
#1462=LINE('',#10028,#2068);
#1463=LINE('',#10029,#2069);
#1464=LINE('',#10031,#2070);
#1465=LINE('',#10040,#2071);
#1466=LINE('',#10044,#2072);
#1467=LINE('',#10050,#2073);
#1468=LINE('',#10055,#2074);
#1469=LINE('',#10057,#2075);
#1470=LINE('',#10059,#2076);
#1471=LINE('',#10061,#2077);
#1472=LINE('',#10063,#2078);
#1473=LINE('',#10064,#2079);
#1474=LINE('',#10068,#2080);
#1475=LINE('',#10070,#2081);
#1476=LINE('',#10071,#2082);
#1477=LINE('',#10074,#2083);
#1478=LINE('',#10075,#2084);
#1479=LINE('',#10078,#2085);
#1480=LINE('',#10079,#2086);
#1481=LINE('',#10082,#2087);
#1482=LINE('',#10083,#2088);
#1483=LINE('',#10086,#2089);
#1484=LINE('',#10087,#2090);
#1485=LINE('',#10089,#2091);
#1486=LINE('',#10098,#2092);
#1487=LINE('',#10102,#2093);
#1488=LINE('',#10108,#2094);
#1489=LINE('',#10113,#2095);
#1490=LINE('',#10115,#2096);
#1491=LINE('',#10117,#2097);
#1492=LINE('',#10119,#2098);
#1493=LINE('',#10121,#2099);
#1494=LINE('',#10122,#2100);
#1495=LINE('',#10126,#2101);
#1496=LINE('',#10128,#2102);
#1497=LINE('',#10129,#2103);
#1498=LINE('',#10132,#2104);
#1499=LINE('',#10133,#2105);
#1500=LINE('',#10136,#2106);
#1501=LINE('',#10137,#2107);
#1502=LINE('',#10140,#2108);
#1503=LINE('',#10141,#2109);
#1504=LINE('',#10144,#2110);
#1505=LINE('',#10145,#2111);
#1506=LINE('',#10147,#2112);
#1507=LINE('',#10156,#2113);
#1508=LINE('',#10160,#2114);
#1509=LINE('',#10166,#2115);
#1510=LINE('',#10171,#2116);
#1511=LINE('',#10173,#2117);
#1512=LINE('',#10175,#2118);
#1513=LINE('',#10177,#2119);
#1514=LINE('',#10179,#2120);
#1515=LINE('',#10180,#2121);
#1516=LINE('',#10184,#2122);
#1517=LINE('',#10186,#2123);
#1518=LINE('',#10187,#2124);
#1519=LINE('',#10190,#2125);
#1520=LINE('',#10191,#2126);
#1521=LINE('',#10194,#2127);
#1522=LINE('',#10195,#2128);
#1523=LINE('',#10198,#2129);
#1524=LINE('',#10199,#2130);
#1525=LINE('',#10202,#2131);
#1526=LINE('',#10203,#2132);
#1527=LINE('',#10205,#2133);
#1528=LINE('',#10214,#2134);
#1529=LINE('',#10218,#2135);
#1530=LINE('',#10224,#2136);
#1531=LINE('',#10229,#2137);
#1532=LINE('',#10231,#2138);
#1533=LINE('',#10233,#2139);
#1534=LINE('',#10235,#2140);
#1535=LINE('',#10237,#2141);
#1536=LINE('',#10238,#2142);
#1537=LINE('',#10242,#2143);
#1538=LINE('',#10244,#2144);
#1539=LINE('',#10245,#2145);
#1540=LINE('',#10248,#2146);
#1541=LINE('',#10249,#2147);
#1542=LINE('',#10252,#2148);
#1543=LINE('',#10253,#2149);
#1544=LINE('',#10256,#2150);
#1545=LINE('',#10257,#2151);
#1546=LINE('',#10260,#2152);
#1547=LINE('',#10261,#2153);
#1548=LINE('',#10263,#2154);
#1549=LINE('',#10272,#2155);
#1550=LINE('',#10276,#2156);
#1551=LINE('',#10282,#2157);
#1552=LINE('',#10287,#2158);
#1553=LINE('',#10289,#2159);
#1554=LINE('',#10291,#2160);
#1555=LINE('',#10293,#2161);
#1556=LINE('',#10295,#2162);
#1557=LINE('',#10296,#2163);
#1558=LINE('',#10300,#2164);
#1559=LINE('',#10302,#2165);
#1560=LINE('',#10303,#2166);
#1561=LINE('',#10306,#2167);
#1562=LINE('',#10307,#2168);
#1563=LINE('',#10310,#2169);
#1564=LINE('',#10311,#2170);
#1565=LINE('',#10314,#2171);
#1566=LINE('',#10315,#2172);
#1567=LINE('',#10318,#2173);
#1568=LINE('',#10319,#2174);
#1569=LINE('',#10321,#2175);
#1570=LINE('',#10330,#2176);
#1571=LINE('',#10334,#2177);
#1572=LINE('',#10340,#2178);
#1573=LINE('',#10345,#2179);
#1574=LINE('',#10347,#2180);
#1575=LINE('',#10349,#2181);
#1576=LINE('',#10351,#2182);
#1577=LINE('',#10353,#2183);
#1578=LINE('',#10354,#2184);
#1579=LINE('',#10358,#2185);
#1580=LINE('',#10360,#2186);
#1581=LINE('',#10361,#2187);
#1582=LINE('',#10364,#2188);
#1583=LINE('',#10365,#2189);
#1584=LINE('',#10368,#2190);
#1585=LINE('',#10369,#2191);
#1586=LINE('',#10372,#2192);
#1587=LINE('',#10373,#2193);
#1588=LINE('',#10376,#2194);
#1589=LINE('',#10377,#2195);
#1590=LINE('',#10379,#2196);
#1591=LINE('',#10390,#2197);
#1592=LINE('',#10396,#2198);
#1593=LINE('',#10402,#2199);
#1594=LINE('',#10408,#2200);
#1595=LINE('',#10414,#2201);
#1596=LINE('',#10420,#2202);
#1597=LINE('',#10426,#2203);
#1598=LINE('',#10432,#2204);
#1599=LINE('',#10438,#2205);
#1600=LINE('',#10444,#2206);
#1601=LINE('',#10450,#2207);
#1602=LINE('',#10456,#2208);
#1603=LINE('',#10460,#2209);
#1604=LINE('',#10495,#2210);
#1605=LINE('',#10501,#2211);
#1606=LINE('',#10507,#2212);
#1607=LINE('',#10513,#2213);
#1608=LINE('',#10519,#2214);
#1609=LINE('',#10525,#2215);
#1610=LINE('',#10531,#2216);
#1611=LINE('',#10537,#2217);
#1612=LINE('',#10543,#2218);
#1613=LINE('',#10549,#2219);
#1614=LINE('',#10555,#2220);
#1615=LINE('',#10561,#2221);
#1616=LINE('',#10566,#2222);
#1617=LINE('',#10594,#2223);
#1618=LINE('',#10598,#2224);
#1619=LINE('',#10600,#2225);
#1620=LINE('',#10602,#2226);
#1621=LINE('',#10606,#2227);
#1622=LINE('',#10613,#2228);
#1623=LINE('',#10614,#2229);
#1624=LINE('',#10615,#2230);
#1625=LINE('',#10619,#2231);
#1626=LINE('',#10622,#2232);
#1627=LINE('',#10623,#2233);
#1628=LINE('',#10626,#2234);
#1629=LINE('',#10627,#2235);
#1630=LINE('',#10630,#2236);
#1631=LINE('',#10631,#2237);
#1632=LINE('',#10635,#2238);
#1633=LINE('',#10638,#2239);
#1634=LINE('',#10639,#2240);
#1635=LINE('',#10646,#2241);
#1636=LINE('',#10650,#2242);
#1637=LINE('',#10652,#2243);
#1638=LINE('',#10654,#2244);
#1639=LINE('',#10658,#2245);
#1640=LINE('',#10665,#2246);
#1641=LINE('',#10666,#2247);
#1642=LINE('',#10667,#2248);
#1643=LINE('',#10671,#2249);
#1644=LINE('',#10674,#2250);
#1645=LINE('',#10675,#2251);
#1646=LINE('',#10678,#2252);
#1647=LINE('',#10679,#2253);
#1648=LINE('',#10682,#2254);
#1649=LINE('',#10683,#2255);
#1650=LINE('',#10687,#2256);
#1651=LINE('',#10690,#2257);
#1652=LINE('',#10691,#2258);
#1653=LINE('',#10713,#2259);
#1654=LINE('',#10716,#2260);
#1655=LINE('',#10720,#2261);
#1656=LINE('',#10723,#2262);
#1657=LINE('',#10727,#2263);
#1658=LINE('',#10730,#2264);
#1659=LINE('',#10734,#2265);
#1660=LINE('',#10737,#2266);
#1661=LINE('',#10741,#2267);
#1662=LINE('',#10744,#2268);
#1663=LINE('',#10748,#2269);
#1664=LINE('',#10751,#2270);
#1665=LINE('',#10755,#2271);
#1666=LINE('',#10758,#2272);
#1667=LINE('',#10762,#2273);
#1668=LINE('',#10765,#2274);
#1669=LINE('',#10769,#2275);
#1670=LINE('',#10772,#2276);
#1671=LINE('',#10776,#2277);
#1672=LINE('',#10781,#2278);
#1673=LINE('',#10788,#2279);
#1674=LINE('',#10794,#2280);
#1675=LINE('',#10799,#2281);
#1676=LINE('',#10835,#2282);
#1677=LINE('',#10838,#2283);
#1678=LINE('',#10842,#2284);
#1679=LINE('',#10845,#2285);
#1680=LINE('',#10849,#2286);
#1681=LINE('',#10852,#2287);
#1682=LINE('',#10856,#2288);
#1683=LINE('',#10859,#2289);
#1684=LINE('',#10863,#2290);
#1685=LINE('',#10866,#2291);
#1686=LINE('',#10870,#2292);
#1687=LINE('',#10873,#2293);
#1688=LINE('',#10877,#2294);
#1689=LINE('',#10880,#2295);
#1690=LINE('',#10884,#2296);
#1691=LINE('',#10887,#2297);
#1692=LINE('',#10891,#2298);
#1693=LINE('',#10894,#2299);
#1694=LINE('',#10898,#2300);
#1695=LINE('',#10901,#2301);
#1696=LINE('',#10905,#2302);
#1697=LINE('',#10910,#2303);
#1698=LINE('',#10916,#2304);
#1699=LINE('',#10923,#2305);
#1700=LINE('',#10928,#2306);
#1701=LINE('',#10949,#2307);
#1702=LINE('',#10952,#2308);
#1703=LINE('',#10958,#2309);
#1704=LINE('',#10961,#2310);
#1705=LINE('',#10966,#2311);
#1706=LINE('',#10967,#2312);
#1707=LINE('',#10972,#2313);
#1708=LINE('',#10973,#2314);
#1709=LINE('',#10976,#2315);
#1710=LINE('',#10979,#2316);
#1711=LINE('',#10982,#2317);
#1712=LINE('',#10985,#2318);
#1713=LINE('',#10991,#2319);
#1714=LINE('',#10994,#2320);
#1715=LINE('',#11000,#2321);
#1716=LINE('',#11003,#2322);
#1717=LINE('',#11010,#2323);
#1718=LINE('',#11011,#2324);
#1719=LINE('',#11015,#2325);
#1720=LINE('',#11019,#2326);
#1721=LINE('',#11026,#2327);
#1722=LINE('',#11028,#2328);
#1723=LINE('',#11035,#2329);
#1724=LINE('',#11037,#2330);
#1725=LINE('',#11050,#2331);
#1726=LINE('',#11053,#2332);
#1727=LINE('',#11056,#2333);
#1728=LINE('',#11058,#2334);
#1729=LINE('',#11066,#2335);
#1730=LINE('',#11070,#2336);
#1731=LINE('',#11077,#2337);
#1732=LINE('',#11078,#2338);
#1733=LINE('',#11091,#2339);
#1734=LINE('',#11095,#2340);
#1735=LINE('',#11099,#2341);
#1736=LINE('',#11103,#2342);
#1737=LINE('',#11106,#2343);
#1738=LINE('',#11108,#2344);
#1739=LINE('',#11112,#2345);
#1740=LINE('',#11116,#2346);
#1741=LINE('',#11120,#2347);
#1742=LINE('',#11124,#2348);
#1743=LINE('',#11128,#2349);
#1744=LINE('',#11130,#2350);
#1745=LINE('',#11134,#2351);
#1746=LINE('',#11136,#2352);
#1747=LINE('',#11138,#2353);
#1748=LINE('',#11141,#2354);
#1749=LINE('',#11144,#2355);
#1750=LINE('',#11145,#2356);
#1751=LINE('',#11147,#2357);
#1752=LINE('',#11148,#2358);
#1753=LINE('',#11150,#2359);
#1754=LINE('',#11151,#2360);
#1755=LINE('',#11154,#2361);
#1756=LINE('',#11155,#2362);
#1757=LINE('',#11157,#2363);
#1758=LINE('',#11159,#2364);
#1759=LINE('',#11161,#2365);
#1760=LINE('',#11163,#2366);
#1761=LINE('',#11165,#2367);
#1762=LINE('',#11166,#2368);
#1763=LINE('',#11168,#2369);
#1764=LINE('',#11175,#2370);
#1765=LINE('',#11177,#2371);
#1766=LINE('',#11179,#2372);
#1767=LINE('',#11181,#2373);
#1768=LINE('',#11183,#2374);
#1769=LINE('',#11185,#2375);
#1770=LINE('',#11186,#2376);
#1771=LINE('',#11188,#2377);
#1772=LINE('',#11190,#2378);
#1773=LINE('',#11192,#2379);
#1774=LINE('',#11199,#2380);
#1775=LINE('',#11243,#2381);
#1776=LINE('',#11287,#2382);
#1777=LINE('',#11291,#2383);
#1778=LINE('',#11295,#2384);
#1779=LINE('',#11299,#2385);
#1780=LINE('',#11303,#2386);
#1781=LINE('',#11307,#2387);
#1782=LINE('',#11311,#2388);
#1783=LINE('',#11317,#2389);
#1784=LINE('',#11320,#2390);
#1785=LINE('',#11323,#2391);
#1786=LINE('',#11325,#2392);
#1787=LINE('',#11327,#2393);
#1788=LINE('',#11330,#2394);
#1789=LINE('',#11335,#2395);
#1790=LINE('',#11338,#2396);
#1791=LINE('',#11340,#2397);
#1792=LINE('',#11343,#2398);
#1793=LINE('',#11345,#2399);
#1794=LINE('',#11347,#2400);
#1795=LINE('',#11348,#2401);
#1796=LINE('',#11350,#2402);
#1797=LINE('',#11351,#2403);
#1798=LINE('',#11353,#2404);
#1799=LINE('',#11356,#2405);
#1800=LINE('',#11379,#2406);
#1801=LINE('',#11382,#2407);
#1802=LINE('',#11405,#2408);
#1803=LINE('',#11412,#2409);
#1804=LINE('',#11414,#2410);
#1805=LINE('',#11416,#2411);
#1806=LINE('',#11418,#2412);
#1807=LINE('',#11420,#2413);
#1808=LINE('',#11421,#2414);
#1809=LINE('',#11425,#2415);
#1810=LINE('',#11426,#2416);
#1811=LINE('',#11427,#2417);
#1812=LINE('',#11430,#2418);
#1813=LINE('',#11431,#2419);
#1814=LINE('',#11434,#2420);
#1815=LINE('',#11435,#2421);
#1816=LINE('',#11438,#2422);
#1817=LINE('',#11439,#2423);
#1818=LINE('',#11442,#2424);
#1819=LINE('',#11443,#2425);
#1820=LINE('',#11445,#2426);
#1821=LINE('',#11450,#2427);
#1822=LINE('',#11454,#2428);
#1823=LINE('',#11456,#2429);
#1824=LINE('',#11458,#2430);
#1825=LINE('',#11460,#2431);
#1826=LINE('',#11462,#2432);
#1827=LINE('',#11463,#2433);
#1828=LINE('',#11467,#2434);
#1829=LINE('',#11468,#2435);
#1830=LINE('',#11469,#2436);
#1831=LINE('',#11472,#2437);
#1832=LINE('',#11473,#2438);
#1833=LINE('',#11476,#2439);
#1834=LINE('',#11477,#2440);
#1835=LINE('',#11480,#2441);
#1836=LINE('',#11481,#2442);
#1837=LINE('',#11484,#2443);
#1838=LINE('',#11485,#2444);
#1839=LINE('',#11487,#2445);
#1840=LINE('',#11492,#2446);
#1841=LINE('',#11496,#2447);
#1842=LINE('',#11498,#2448);
#1843=LINE('',#11500,#2449);
#1844=LINE('',#11502,#2450);
#1845=LINE('',#11504,#2451);
#1846=LINE('',#11505,#2452);
#1847=LINE('',#11509,#2453);
#1848=LINE('',#11510,#2454);
#1849=LINE('',#11511,#2455);
#1850=LINE('',#11514,#2456);
#1851=LINE('',#11515,#2457);
#1852=LINE('',#11518,#2458);
#1853=LINE('',#11519,#2459);
#1854=LINE('',#11522,#2460);
#1855=LINE('',#11523,#2461);
#1856=LINE('',#11526,#2462);
#1857=LINE('',#11527,#2463);
#1858=LINE('',#11529,#2464);
#1859=LINE('',#11534,#2465);
#1860=LINE('',#11538,#2466);
#1861=LINE('',#11540,#2467);
#1862=LINE('',#11542,#2468);
#1863=LINE('',#11544,#2469);
#1864=LINE('',#11546,#2470);
#1865=LINE('',#11547,#2471);
#1866=LINE('',#11551,#2472);
#1867=LINE('',#11552,#2473);
#1868=LINE('',#11553,#2474);
#1869=LINE('',#11556,#2475);
#1870=LINE('',#11557,#2476);
#1871=LINE('',#11560,#2477);
#1872=LINE('',#11561,#2478);
#1873=LINE('',#11564,#2479);
#1874=LINE('',#11565,#2480);
#1875=LINE('',#11568,#2481);
#1876=LINE('',#11569,#2482);
#1877=LINE('',#11571,#2483);
#1878=LINE('',#11576,#2484);
#1879=LINE('',#11580,#2485);
#1880=LINE('',#11582,#2486);
#1881=LINE('',#11584,#2487);
#1882=LINE('',#11586,#2488);
#1883=LINE('',#11588,#2489);
#1884=LINE('',#11589,#2490);
#1885=LINE('',#11593,#2491);
#1886=LINE('',#11594,#2492);
#1887=LINE('',#11595,#2493);
#1888=LINE('',#11598,#2494);
#1889=LINE('',#11599,#2495);
#1890=LINE('',#11602,#2496);
#1891=LINE('',#11603,#2497);
#1892=LINE('',#11606,#2498);
#1893=LINE('',#11607,#2499);
#1894=LINE('',#11610,#2500);
#1895=LINE('',#11611,#2501);
#1896=LINE('',#11613,#2502);
#1897=LINE('',#11618,#2503);
#1898=LINE('',#11622,#2504);
#1899=LINE('',#11624,#2505);
#1900=LINE('',#11626,#2506);
#1901=LINE('',#11628,#2507);
#1902=LINE('',#11630,#2508);
#1903=LINE('',#11631,#2509);
#1904=LINE('',#11635,#2510);
#1905=LINE('',#11636,#2511);
#1906=LINE('',#11637,#2512);
#1907=LINE('',#11640,#2513);
#1908=LINE('',#11641,#2514);
#1909=LINE('',#11644,#2515);
#1910=LINE('',#11645,#2516);
#1911=LINE('',#11648,#2517);
#1912=LINE('',#11649,#2518);
#1913=LINE('',#11652,#2519);
#1914=LINE('',#11653,#2520);
#1915=LINE('',#11655,#2521);
#1916=LINE('',#11660,#2522);
#1917=LINE('',#11664,#2523);
#1918=LINE('',#11666,#2524);
#1919=LINE('',#11668,#2525);
#1920=LINE('',#11670,#2526);
#1921=LINE('',#11672,#2527);
#1922=LINE('',#11673,#2528);
#1923=LINE('',#11677,#2529);
#1924=LINE('',#11678,#2530);
#1925=LINE('',#11679,#2531);
#1926=LINE('',#11682,#2532);
#1927=LINE('',#11683,#2533);
#1928=LINE('',#11686,#2534);
#1929=LINE('',#11687,#2535);
#1930=LINE('',#11690,#2536);
#1931=LINE('',#11691,#2537);
#1932=LINE('',#11694,#2538);
#1933=LINE('',#11695,#2539);
#1934=LINE('',#11697,#2540);
#1935=LINE('',#11705,#2541);
#1936=LINE('',#11707,#2542);
#1937=VECTOR('',#7743,3.5);
#1938=VECTOR('',#7748,1000.);
#1939=VECTOR('',#7749,1000.);
#1940=VECTOR('',#7750,1000.);
#1941=VECTOR('',#7751,1000.);
#1942=VECTOR('',#7752,1000.);
#1943=VECTOR('',#7753,1000.);
#1944=VECTOR('',#7756,1000.);
#1945=VECTOR('',#7757,1000.);
#1946=VECTOR('',#7758,1000.);
#1947=VECTOR('',#7761,1000.);
#1948=VECTOR('',#7762,1000.);
#1949=VECTOR('',#7765,1000.);
#1950=VECTOR('',#7766,1000.);
#1951=VECTOR('',#7769,1000.);
#1952=VECTOR('',#7770,1000.);
#1953=VECTOR('',#7773,1000.);
#1954=VECTOR('',#7774,1000.);
#1955=VECTOR('',#7777,1000.);
#1956=VECTOR('',#7786,2.);
#1957=VECTOR('',#7793,3.5);
#1958=VECTOR('',#7798,1000.);
#1959=VECTOR('',#7799,1000.);
#1960=VECTOR('',#7800,1000.);
#1961=VECTOR('',#7801,1000.);
#1962=VECTOR('',#7802,1000.);
#1963=VECTOR('',#7803,1000.);
#1964=VECTOR('',#7808,1000.);
#1965=VECTOR('',#7809,1000.);
#1966=VECTOR('',#7810,1000.);
#1967=VECTOR('',#7813,1000.);
#1968=VECTOR('',#7814,1000.);
#1969=VECTOR('',#7817,1000.);
#1970=VECTOR('',#7818,1000.);
#1971=VECTOR('',#7821,1000.);
#1972=VECTOR('',#7822,1000.);
#1973=VECTOR('',#7825,1000.);
#1974=VECTOR('',#7826,1000.);
#1975=VECTOR('',#7829,1000.);
#1976=VECTOR('',#7836,3.5);
#1977=VECTOR('',#7841,1000.);
#1978=VECTOR('',#7842,1000.);
#1979=VECTOR('',#7843,1000.);
#1980=VECTOR('',#7844,1000.);
#1981=VECTOR('',#7845,1000.);
#1982=VECTOR('',#7846,1000.);
#1983=VECTOR('',#7849,1000.);
#1984=VECTOR('',#7850,1000.);
#1985=VECTOR('',#7851,1000.);
#1986=VECTOR('',#7854,1000.);
#1987=VECTOR('',#7855,1000.);
#1988=VECTOR('',#7858,1000.);
#1989=VECTOR('',#7859,1000.);
#1990=VECTOR('',#7862,1000.);
#1991=VECTOR('',#7863,1000.);
#1992=VECTOR('',#7866,1000.);
#1993=VECTOR('',#7867,1000.);
#1994=VECTOR('',#7870,1000.);
#1995=VECTOR('',#7877,3.5);
#1996=VECTOR('',#7882,1000.);
#1997=VECTOR('',#7883,1000.);
#1998=VECTOR('',#7884,1000.);
#1999=VECTOR('',#7885,1000.);
#2000=VECTOR('',#7886,1000.);
#2001=VECTOR('',#7887,1000.);
#2002=VECTOR('',#7890,1000.);
#2003=VECTOR('',#7891,1000.);
#2004=VECTOR('',#7892,1000.);
#2005=VECTOR('',#7895,1000.);
#2006=VECTOR('',#7896,1000.);
#2007=VECTOR('',#7899,1000.);
#2008=VECTOR('',#7900,1000.);
#2009=VECTOR('',#7903,1000.);
#2010=VECTOR('',#7904,1000.);
#2011=VECTOR('',#7907,1000.);
#2012=VECTOR('',#7908,1000.);
#2013=VECTOR('',#7911,1000.);
#2014=VECTOR('',#7918,3.5);
#2015=VECTOR('',#7923,1000.);
#2016=VECTOR('',#7924,1000.);
#2017=VECTOR('',#7925,1000.);
#2018=VECTOR('',#7926,1000.);
#2019=VECTOR('',#7927,1000.);
#2020=VECTOR('',#7928,1000.);
#2021=VECTOR('',#7931,1000.);
#2022=VECTOR('',#7932,1000.);
#2023=VECTOR('',#7933,1000.);
#2024=VECTOR('',#7936,1000.);
#2025=VECTOR('',#7937,1000.);
#2026=VECTOR('',#7940,1000.);
#2027=VECTOR('',#7941,1000.);
#2028=VECTOR('',#7944,1000.);
#2029=VECTOR('',#7945,1000.);
#2030=VECTOR('',#7948,1000.);
#2031=VECTOR('',#7949,1000.);
#2032=VECTOR('',#7952,1000.);
#2033=VECTOR('',#7959,3.5);
#2034=VECTOR('',#7964,1000.);
#2035=VECTOR('',#7965,1000.);
#2036=VECTOR('',#7966,1000.);
#2037=VECTOR('',#7967,1000.);
#2038=VECTOR('',#7968,1000.);
#2039=VECTOR('',#7969,1000.);
#2040=VECTOR('',#7972,1000.);
#2041=VECTOR('',#7973,1000.);
#2042=VECTOR('',#7974,1000.);
#2043=VECTOR('',#7977,1000.);
#2044=VECTOR('',#7978,1000.);
#2045=VECTOR('',#7981,1000.);
#2046=VECTOR('',#7982,1000.);
#2047=VECTOR('',#7985,1000.);
#2048=VECTOR('',#7986,1000.);
#2049=VECTOR('',#7989,1000.);
#2050=VECTOR('',#7990,1000.);
#2051=VECTOR('',#7993,1000.);
#2052=VECTOR('',#8000,3.5);
#2053=VECTOR('',#8005,1000.);
#2054=VECTOR('',#8006,1000.);
#2055=VECTOR('',#8007,1000.);
#2056=VECTOR('',#8008,1000.);
#2057=VECTOR('',#8009,1000.);
#2058=VECTOR('',#8010,1000.);
#2059=VECTOR('',#8013,1000.);
#2060=VECTOR('',#8014,1000.);
#2061=VECTOR('',#8015,1000.);
#2062=VECTOR('',#8018,1000.);
#2063=VECTOR('',#8019,1000.);
#2064=VECTOR('',#8022,1000.);
#2065=VECTOR('',#8023,1000.);
#2066=VECTOR('',#8026,1000.);
#2067=VECTOR('',#8027,1000.);
#2068=VECTOR('',#8030,1000.);
#2069=VECTOR('',#8031,1000.);
#2070=VECTOR('',#8034,1000.);
#2071=VECTOR('',#8045,2.);
#2072=VECTOR('',#8050,2.);
#2073=VECTOR('',#8057,3.5);
#2074=VECTOR('',#8062,1000.);
#2075=VECTOR('',#8063,1000.);
#2076=VECTOR('',#8064,1000.);
#2077=VECTOR('',#8065,1000.);
#2078=VECTOR('',#8066,1000.);
#2079=VECTOR('',#8067,1000.);
#2080=VECTOR('',#8072,1000.);
#2081=VECTOR('',#8073,1000.);
#2082=VECTOR('',#8074,1000.);
#2083=VECTOR('',#8077,1000.);
#2084=VECTOR('',#8078,1000.);
#2085=VECTOR('',#8081,1000.);
#2086=VECTOR('',#8082,1000.);
#2087=VECTOR('',#8085,1000.);
#2088=VECTOR('',#8086,1000.);
#2089=VECTOR('',#8089,1000.);
#2090=VECTOR('',#8090,1000.);
#2091=VECTOR('',#8093,1000.);
#2092=VECTOR('',#8104,2.);
#2093=VECTOR('',#8109,2.);
#2094=VECTOR('',#8116,3.5);
#2095=VECTOR('',#8121,1000.);
#2096=VECTOR('',#8122,1000.);
#2097=VECTOR('',#8123,1000.);
#2098=VECTOR('',#8124,1000.);
#2099=VECTOR('',#8125,1000.);
#2100=VECTOR('',#8126,1000.);
#2101=VECTOR('',#8131,1000.);
#2102=VECTOR('',#8132,1000.);
#2103=VECTOR('',#8133,1000.);
#2104=VECTOR('',#8136,1000.);
#2105=VECTOR('',#8137,1000.);
#2106=VECTOR('',#8140,1000.);
#2107=VECTOR('',#8141,1000.);
#2108=VECTOR('',#8144,1000.);
#2109=VECTOR('',#8145,1000.);
#2110=VECTOR('',#8148,1000.);
#2111=VECTOR('',#8149,1000.);
#2112=VECTOR('',#8152,1000.);
#2113=VECTOR('',#8163,2.);
#2114=VECTOR('',#8168,2.);
#2115=VECTOR('',#8175,3.5);
#2116=VECTOR('',#8180,1000.);
#2117=VECTOR('',#8181,1000.);
#2118=VECTOR('',#8182,1000.);
#2119=VECTOR('',#8183,1000.);
#2120=VECTOR('',#8184,1000.);
#2121=VECTOR('',#8185,1000.);
#2122=VECTOR('',#8190,1000.);
#2123=VECTOR('',#8191,1000.);
#2124=VECTOR('',#8192,1000.);
#2125=VECTOR('',#8195,1000.);
#2126=VECTOR('',#8196,1000.);
#2127=VECTOR('',#8199,1000.);
#2128=VECTOR('',#8200,1000.);
#2129=VECTOR('',#8203,1000.);
#2130=VECTOR('',#8204,1000.);
#2131=VECTOR('',#8207,1000.);
#2132=VECTOR('',#8208,1000.);
#2133=VECTOR('',#8211,1000.);
#2134=VECTOR('',#8222,2.);
#2135=VECTOR('',#8227,2.);
#2136=VECTOR('',#8234,3.5);
#2137=VECTOR('',#8239,1000.);
#2138=VECTOR('',#8240,1000.);
#2139=VECTOR('',#8241,1000.);
#2140=VECTOR('',#8242,1000.);
#2141=VECTOR('',#8243,1000.);
#2142=VECTOR('',#8244,1000.);
#2143=VECTOR('',#8249,1000.);
#2144=VECTOR('',#8250,1000.);
#2145=VECTOR('',#8251,1000.);
#2146=VECTOR('',#8254,1000.);
#2147=VECTOR('',#8255,1000.);
#2148=VECTOR('',#8258,1000.);
#2149=VECTOR('',#8259,1000.);
#2150=VECTOR('',#8262,1000.);
#2151=VECTOR('',#8263,1000.);
#2152=VECTOR('',#8266,1000.);
#2153=VECTOR('',#8267,1000.);
#2154=VECTOR('',#8270,1000.);
#2155=VECTOR('',#8281,2.);
#2156=VECTOR('',#8286,2.);
#2157=VECTOR('',#8293,3.5);
#2158=VECTOR('',#8298,1000.);
#2159=VECTOR('',#8299,1000.);
#2160=VECTOR('',#8300,1000.);
#2161=VECTOR('',#8301,1000.);
#2162=VECTOR('',#8302,1000.);
#2163=VECTOR('',#8303,1000.);
#2164=VECTOR('',#8308,1000.);
#2165=VECTOR('',#8309,1000.);
#2166=VECTOR('',#8310,1000.);
#2167=VECTOR('',#8313,1000.);
#2168=VECTOR('',#8314,1000.);
#2169=VECTOR('',#8317,1000.);
#2170=VECTOR('',#8318,1000.);
#2171=VECTOR('',#8321,1000.);
#2172=VECTOR('',#8322,1000.);
#2173=VECTOR('',#8325,1000.);
#2174=VECTOR('',#8326,1000.);
#2175=VECTOR('',#8329,1000.);
#2176=VECTOR('',#8340,2.);
#2177=VECTOR('',#8345,2.);
#2178=VECTOR('',#8352,3.5);
#2179=VECTOR('',#8357,1000.);
#2180=VECTOR('',#8358,1000.);
#2181=VECTOR('',#8359,1000.);
#2182=VECTOR('',#8360,1000.);
#2183=VECTOR('',#8361,1000.);
#2184=VECTOR('',#8362,1000.);
#2185=VECTOR('',#8367,1000.);
#2186=VECTOR('',#8368,1000.);
#2187=VECTOR('',#8369,1000.);
#2188=VECTOR('',#8372,1000.);
#2189=VECTOR('',#8373,1000.);
#2190=VECTOR('',#8376,1000.);
#2191=VECTOR('',#8377,1000.);
#2192=VECTOR('',#8380,1000.);
#2193=VECTOR('',#8381,1000.);
#2194=VECTOR('',#8384,1000.);
#2195=VECTOR('',#8385,1000.);
#2196=VECTOR('',#8388,1000.);
#2197=VECTOR('',#8401,2.25);
#2198=VECTOR('',#8408,2.25);
#2199=VECTOR('',#8415,2.25);
#2200=VECTOR('',#8422,2.25);
#2201=VECTOR('',#8429,2.25);
#2202=VECTOR('',#8436,2.25);
#2203=VECTOR('',#8443,2.75);
#2204=VECTOR('',#8450,2.75);
#2205=VECTOR('',#8457,2.75);
#2206=VECTOR('',#8464,2.75);
#2207=VECTOR('',#8471,2.75);
#2208=VECTOR('',#8478,2.75);
#2209=VECTOR('',#8483,30.);
#2210=VECTOR('',#8532,2.25);
#2211=VECTOR('',#8539,2.25);
#2212=VECTOR('',#8546,2.25);
#2213=VECTOR('',#8553,2.25);
#2214=VECTOR('',#8560,2.25);
#2215=VECTOR('',#8567,2.25);
#2216=VECTOR('',#8574,2.75);
#2217=VECTOR('',#8581,2.75);
#2218=VECTOR('',#8588,2.75);
#2219=VECTOR('',#8595,2.75);
#2220=VECTOR('',#8602,2.75);
#2221=VECTOR('',#8609,2.75);
#2222=VECTOR('',#8616,30.);
#2223=VECTOR('',#8655,1000.);
#2224=VECTOR('',#8658,1000.);
#2225=VECTOR('',#8659,1000.);
#2226=VECTOR('',#8660,1000.);
#2227=VECTOR('',#8663,1000.);
#2228=VECTOR('',#8670,1000.);
#2229=VECTOR('',#8671,1000.);
#2230=VECTOR('',#8672,1000.);
#2231=VECTOR('',#8677,1000.);
#2232=VECTOR('',#8680,1000.);
#2233=VECTOR('',#8681,1000.);
#2234=VECTOR('',#8684,1000.);
#2235=VECTOR('',#8685,1000.);
#2236=VECTOR('',#8688,1000.);
#2237=VECTOR('',#8689,1000.);
#2238=VECTOR('',#8694,1000.);
#2239=VECTOR('',#8697,1000.);
#2240=VECTOR('',#8698,1000.);
#2241=VECTOR('',#8707,1000.);
#2242=VECTOR('',#8710,1000.);
#2243=VECTOR('',#8711,1000.);
#2244=VECTOR('',#8712,1000.);
#2245=VECTOR('',#8715,1000.);
#2246=VECTOR('',#8722,1000.);
#2247=VECTOR('',#8723,1000.);
#2248=VECTOR('',#8724,1000.);
#2249=VECTOR('',#8729,1000.);
#2250=VECTOR('',#8732,1000.);
#2251=VECTOR('',#8733,1000.);
#2252=VECTOR('',#8736,1000.);
#2253=VECTOR('',#8737,1000.);
#2254=VECTOR('',#8740,1000.);
#2255=VECTOR('',#8741,1000.);
#2256=VECTOR('',#8746,1000.);
#2257=VECTOR('',#8749,1000.);
#2258=VECTOR('',#8750,1000.);
#2259=VECTOR('',#8777,1.65);
#2260=VECTOR('',#8780,1.65);
#2261=VECTOR('',#8785,1.65);
#2262=VECTOR('',#8788,1.65);
#2263=VECTOR('',#8793,1.65);
#2264=VECTOR('',#8796,1.65);
#2265=VECTOR('',#8801,2.09999999999999);
#2266=VECTOR('',#8804,2.1);
#2267=VECTOR('',#8809,2.09999999999999);
#2268=VECTOR('',#8812,2.1);
#2269=VECTOR('',#8817,2.09999999999999);
#2270=VECTOR('',#8820,2.1);
#2271=VECTOR('',#8825,2.09999999999999);
#2272=VECTOR('',#8828,2.1);
#2273=VECTOR('',#8833,2.09999999999999);
#2274=VECTOR('',#8836,2.1);
#2275=VECTOR('',#8841,2.09999999999999);
#2276=VECTOR('',#8844,2.1);
#2277=VECTOR('',#8849,4.);
#2278=VECTOR('',#8854,53.75);
#2279=VECTOR('',#8863,41.);
#2280=VECTOR('',#8870,32.5);
#2281=VECTOR('',#8877,26.5);
#2282=VECTOR('',#8922,1.65);
#2283=VECTOR('',#8925,1.65);
#2284=VECTOR('',#8930,1.65);
#2285=VECTOR('',#8933,1.65);
#2286=VECTOR('',#8938,1.65);
#2287=VECTOR('',#8941,1.65);
#2288=VECTOR('',#8946,1.65);
#2289=VECTOR('',#8949,1.65);
#2290=VECTOR('',#8954,2.09999999999999);
#2291=VECTOR('',#8957,2.1);
#2292=VECTOR('',#8962,2.09999999999999);
#2293=VECTOR('',#8965,2.1);
#2294=VECTOR('',#8970,2.09999999999999);
#2295=VECTOR('',#8973,2.1);
#2296=VECTOR('',#8978,2.09999999999999);
#2297=VECTOR('',#8981,2.1);
#2298=VECTOR('',#8986,2.09999999999999);
#2299=VECTOR('',#8989,2.1);
#2300=VECTOR('',#8994,2.09999999999999);
#2301=VECTOR('',#8997,2.1);
#2302=VECTOR('',#9002,4.);
#2303=VECTOR('',#9007,53.75);
#2304=VECTOR('',#9014,41.);
#2305=VECTOR('',#9023,32.5);
#2306=VECTOR('',#9030,26.5);
#2307=VECTOR('',#9057,1000.);
#2308=VECTOR('',#9060,1000.);
#2309=VECTOR('',#9065,1000.);
#2310=VECTOR('',#9068,1000.);
#2311=VECTOR('',#9073,1000.);
#2312=VECTOR('',#9074,1000.);
#2313=VECTOR('',#9079,1000.);
#2314=VECTOR('',#9080,1000.);
#2315=VECTOR('',#9083,1000.);
#2316=VECTOR('',#9086,1000.);
#2317=VECTOR('',#9089,1000.);
#2318=VECTOR('',#9092,1000.);
#2319=VECTOR('',#9097,1000.);
#2320=VECTOR('',#9100,1000.);
#2321=VECTOR('',#9105,1000.);
#2322=VECTOR('',#9108,1000.);
#2323=VECTOR('',#9117,1000.);
#2324=VECTOR('',#9118,1000.);
#2325=VECTOR('',#9121,1000.);
#2326=VECTOR('',#9124,1000.);
#2327=VECTOR('',#9131,1000.);
#2328=VECTOR('',#9132,1000.);
#2329=VECTOR('',#9139,1000.);
#2330=VECTOR('',#9140,1000.);
#2331=VECTOR('',#9155,1000.);
#2332=VECTOR('',#9158,1000.);
#2333=VECTOR('',#9163,1000.);
#2334=VECTOR('',#9164,1000.);
#2335=VECTOR('',#9171,1000.);
#2336=VECTOR('',#9174,1000.);
#2337=VECTOR('',#9181,1000.);
#2338=VECTOR('',#9182,1000.);
#2339=VECTOR('',#9193,1000.);
#2340=VECTOR('',#9196,1000.);
#2341=VECTOR('',#9199,1000.);
#2342=VECTOR('',#9202,1000.);
#2343=VECTOR('',#9207,1000.);
#2344=VECTOR('',#9210,1000.);
#2345=VECTOR('',#9213,1000.);
#2346=VECTOR('',#9216,1000.);
#2347=VECTOR('',#9219,1000.);
#2348=VECTOR('',#9222,1000.);
#2349=VECTOR('',#9225,1000.);
#2350=VECTOR('',#9226,1000.);
#2351=VECTOR('',#9229,1000.);
#2352=VECTOR('',#9230,1000.);
#2353=VECTOR('',#9231,1000.);
#2354=VECTOR('',#9234,1000.);
#2355=VECTOR('',#9239,1000.);
#2356=VECTOR('',#9240,1000.);
#2357=VECTOR('',#9243,1000.);
#2358=VECTOR('',#9244,1000.);
#2359=VECTOR('',#9247,1000.);
#2360=VECTOR('',#9248,1000.);
#2361=VECTOR('',#9253,1000.);
#2362=VECTOR('',#9254,1000.);
#2363=VECTOR('',#9257,1000.);
#2364=VECTOR('',#9260,1000.);
#2365=VECTOR('',#9263,1000.);
#2366=VECTOR('',#9266,1000.);
#2367=VECTOR('',#9269,1000.);
#2368=VECTOR('',#9270,1000.);
#2369=VECTOR('',#9273,1000.);
#2370=VECTOR('',#9286,1000.);
#2371=VECTOR('',#9289,1000.);
#2372=VECTOR('',#9292,1000.);
#2373=VECTOR('',#9295,1000.);
#2374=VECTOR('',#9298,1000.);
#2375=VECTOR('',#9301,1000.);
#2376=VECTOR('',#9302,1000.);
#2377=VECTOR('',#9305,1000.);
#2378=VECTOR('',#9308,1000.);
#2379=VECTOR('',#9311,1000.);
#2380=VECTOR('',#9320,5.23435305963093);
#2381=VECTOR('',#9327,1.64999999999999);
#2382=VECTOR('',#9334,1.64999999999999);
#2383=VECTOR('',#9339,2.25);
#2384=VECTOR('',#9344,2.25);
#2385=VECTOR('',#9349,2.25);
#2386=VECTOR('',#9354,2.25);
#2387=VECTOR('',#9359,2.25);
#2388=VECTOR('',#9364,2.25);
#2389=VECTOR('',#9369,1000.);
#2390=VECTOR('',#9372,1000.);
#2391=VECTOR('',#9375,1000.);
#2392=VECTOR('',#9376,1000.);
#2393=VECTOR('',#9377,1000.);
#2394=VECTOR('',#9380,1000.);
#2395=VECTOR('',#9385,1000.);
#2396=VECTOR('',#9390,1000.);
#2397=VECTOR('',#9391,1000.);
#2398=VECTOR('',#9394,1000.);
#2399=VECTOR('',#9397,1000.);
#2400=VECTOR('',#9398,1000.);
#2401=VECTOR('',#9399,1000.);
#2402=VECTOR('',#9400,1000.);
#2403=VECTOR('',#9401,1000.);
#2404=VECTOR('',#9404,1000.);
#2405=VECTOR('',#9407,1000.);
#2406=VECTOR('',#9416,1000.);
#2407=VECTOR('',#9419,1000.);
#2408=VECTOR('',#9428,1000.);
#2409=VECTOR('',#9437,1000.);
#2410=VECTOR('',#9438,1000.);
#2411=VECTOR('',#9439,1000.);
#2412=VECTOR('',#9440,1000.);
#2413=VECTOR('',#9441,1000.);
#2414=VECTOR('',#9442,1000.);
#2415=VECTOR('',#9445,1000.);
#2416=VECTOR('',#9446,1000.);
#2417=VECTOR('',#9447,1000.);
#2418=VECTOR('',#9450,1000.);
#2419=VECTOR('',#9451,1000.);
#2420=VECTOR('',#9454,1000.);
#2421=VECTOR('',#9455,1000.);
#2422=VECTOR('',#9458,1000.);
#2423=VECTOR('',#9459,1000.);
#2424=VECTOR('',#9462,1000.);
#2425=VECTOR('',#9463,1000.);
#2426=VECTOR('',#9466,1000.);
#2427=VECTOR('',#9473,3.5);
#2428=VECTOR('',#9476,1000.);
#2429=VECTOR('',#9477,1000.);
#2430=VECTOR('',#9478,1000.);
#2431=VECTOR('',#9479,1000.);
#2432=VECTOR('',#9480,1000.);
#2433=VECTOR('',#9481,1000.);
#2434=VECTOR('',#9484,1000.);
#2435=VECTOR('',#9485,1000.);
#2436=VECTOR('',#9486,1000.);
#2437=VECTOR('',#9489,1000.);
#2438=VECTOR('',#9490,1000.);
#2439=VECTOR('',#9493,1000.);
#2440=VECTOR('',#9494,1000.);
#2441=VECTOR('',#9497,1000.);
#2442=VECTOR('',#9498,1000.);
#2443=VECTOR('',#9501,1000.);
#2444=VECTOR('',#9502,1000.);
#2445=VECTOR('',#9505,1000.);
#2446=VECTOR('',#9512,3.5);
#2447=VECTOR('',#9515,1000.);
#2448=VECTOR('',#9516,1000.);
#2449=VECTOR('',#9517,1000.);
#2450=VECTOR('',#9518,1000.);
#2451=VECTOR('',#9519,1000.);
#2452=VECTOR('',#9520,1000.);
#2453=VECTOR('',#9523,1000.);
#2454=VECTOR('',#9524,1000.);
#2455=VECTOR('',#9525,1000.);
#2456=VECTOR('',#9528,1000.);
#2457=VECTOR('',#9529,1000.);
#2458=VECTOR('',#9532,1000.);
#2459=VECTOR('',#9533,1000.);
#2460=VECTOR('',#9536,1000.);
#2461=VECTOR('',#9537,1000.);
#2462=VECTOR('',#9540,1000.);
#2463=VECTOR('',#9541,1000.);
#2464=VECTOR('',#9544,1000.);
#2465=VECTOR('',#9551,3.5);
#2466=VECTOR('',#9554,1000.);
#2467=VECTOR('',#9555,1000.);
#2468=VECTOR('',#9556,1000.);
#2469=VECTOR('',#9557,1000.);
#2470=VECTOR('',#9558,1000.);
#2471=VECTOR('',#9559,1000.);
#2472=VECTOR('',#9562,1000.);
#2473=VECTOR('',#9563,1000.);
#2474=VECTOR('',#9564,1000.);
#2475=VECTOR('',#9567,1000.);
#2476=VECTOR('',#9568,1000.);
#2477=VECTOR('',#9571,1000.);
#2478=VECTOR('',#9572,1000.);
#2479=VECTOR('',#9575,1000.);
#2480=VECTOR('',#9576,1000.);
#2481=VECTOR('',#9579,1000.);
#2482=VECTOR('',#9580,1000.);
#2483=VECTOR('',#9583,1000.);
#2484=VECTOR('',#9590,3.5);
#2485=VECTOR('',#9593,1000.);
#2486=VECTOR('',#9594,1000.);
#2487=VECTOR('',#9595,1000.);
#2488=VECTOR('',#9596,1000.);
#2489=VECTOR('',#9597,1000.);
#2490=VECTOR('',#9598,1000.);
#2491=VECTOR('',#9601,1000.);
#2492=VECTOR('',#9602,1000.);
#2493=VECTOR('',#9603,1000.);
#2494=VECTOR('',#9606,1000.);
#2495=VECTOR('',#9607,1000.);
#2496=VECTOR('',#9610,1000.);
#2497=VECTOR('',#9611,1000.);
#2498=VECTOR('',#9614,1000.);
#2499=VECTOR('',#9615,1000.);
#2500=VECTOR('',#9618,1000.);
#2501=VECTOR('',#9619,1000.);
#2502=VECTOR('',#9622,1000.);
#2503=VECTOR('',#9629,3.5);
#2504=VECTOR('',#9632,1000.);
#2505=VECTOR('',#9633,1000.);
#2506=VECTOR('',#9634,1000.);
#2507=VECTOR('',#9635,1000.);
#2508=VECTOR('',#9636,1000.);
#2509=VECTOR('',#9637,1000.);
#2510=VECTOR('',#9640,1000.);
#2511=VECTOR('',#9641,1000.);
#2512=VECTOR('',#9642,1000.);
#2513=VECTOR('',#9645,1000.);
#2514=VECTOR('',#9646,1000.);
#2515=VECTOR('',#9649,1000.);
#2516=VECTOR('',#9650,1000.);
#2517=VECTOR('',#9653,1000.);
#2518=VECTOR('',#9654,1000.);
#2519=VECTOR('',#9657,1000.);
#2520=VECTOR('',#9658,1000.);
#2521=VECTOR('',#9661,1000.);
#2522=VECTOR('',#9668,3.5);
#2523=VECTOR('',#9671,1000.);
#2524=VECTOR('',#9672,1000.);
#2525=VECTOR('',#9673,1000.);
#2526=VECTOR('',#9674,1000.);
#2527=VECTOR('',#9675,1000.);
#2528=VECTOR('',#9676,1000.);
#2529=VECTOR('',#9679,1000.);
#2530=VECTOR('',#9680,1000.);
#2531=VECTOR('',#9681,1000.);
#2532=VECTOR('',#9684,1000.);
#2533=VECTOR('',#9685,1000.);
#2534=VECTOR('',#9688,1000.);
#2535=VECTOR('',#9689,1000.);
#2536=VECTOR('',#9692,1000.);
#2537=VECTOR('',#9693,1000.);
#2538=VECTOR('',#9696,1000.);
#2539=VECTOR('',#9697,1000.);
#2540=VECTOR('',#9700,1000.);
#2541=VECTOR('',#9711,3.5);
#2542=VECTOR('',#9714,2.);
#2543=CIRCLE('',#7053,3.5);
#2544=CIRCLE('',#7054,3.5);
#2545=CIRCLE('',#7064,1.64999999999999);
#2546=CIRCLE('',#7065,1.64999999999999);
#2547=CIRCLE('',#7066,1.61);
#2548=CIRCLE('',#7068,3.5);
#2549=CIRCLE('',#7069,3.5);
#2550=CIRCLE('',#7080,3.5);
#2551=CIRCLE('',#7081,3.5);
#2552=CIRCLE('',#7091,3.5);
#2553=CIRCLE('',#7092,3.5);
#2554=CIRCLE('',#7102,3.5);
#2555=CIRCLE('',#7103,3.5);
#2556=CIRCLE('',#7113,3.5);
#2557=CIRCLE('',#7114,3.5);
#2558=CIRCLE('',#7124,3.5);
#2559=CIRCLE('',#7125,3.5);
#2560=CIRCLE('',#7135,2.25);
#2561=CIRCLE('',#7136,2.);
#2562=CIRCLE('',#7138,2.);
#2563=CIRCLE('',#7140,1.61);
#2564=CIRCLE('',#7142,3.5);
#2565=CIRCLE('',#7143,3.5);
#2566=CIRCLE('',#7154,2.25);
#2567=CIRCLE('',#7155,2.);
#2568=CIRCLE('',#7157,2.);
#2569=CIRCLE('',#7159,1.61);
#2570=CIRCLE('',#7161,3.5);
#2571=CIRCLE('',#7162,3.5);
#2572=CIRCLE('',#7173,2.25);
#2573=CIRCLE('',#7174,2.);
#2574=CIRCLE('',#7176,2.);
#2575=CIRCLE('',#7178,1.61);
#2576=CIRCLE('',#7180,3.5);
#2577=CIRCLE('',#7181,3.5);
#2578=CIRCLE('',#7192,2.25);
#2579=CIRCLE('',#7193,2.);
#2580=CIRCLE('',#7195,2.);
#2581=CIRCLE('',#7197,1.61);
#2582=CIRCLE('',#7199,3.5);
#2583=CIRCLE('',#7200,3.5);
#2584=CIRCLE('',#7211,2.25);
#2585=CIRCLE('',#7212,2.);
#2586=CIRCLE('',#7214,2.);
#2587=CIRCLE('',#7216,1.61);
#2588=CIRCLE('',#7218,3.5);
#2589=CIRCLE('',#7219,3.5);
#2590=CIRCLE('',#7230,2.25);
#2591=CIRCLE('',#7231,2.);
#2592=CIRCLE('',#7233,2.);
#2593=CIRCLE('',#7235,1.61);
#2594=CIRCLE('',#7237,3.5);
#2595=CIRCLE('',#7238,3.5);
#2596=CIRCLE('',#7249,30.);
#2597=CIRCLE('',#7250,26.5);
#2598=CIRCLE('',#7252,2.25);
#2599=CIRCLE('',#7253,2.25);
#2600=CIRCLE('',#7255,2.25);
#2601=CIRCLE('',#7256,2.25);
#2602=CIRCLE('',#7258,2.25);
#2603=CIRCLE('',#7259,2.25);
#2604=CIRCLE('',#7261,2.25);
#2605=CIRCLE('',#7262,2.25);
#2606=CIRCLE('',#7264,2.25);
#2607=CIRCLE('',#7265,2.25);
#2608=CIRCLE('',#7267,2.25);
#2609=CIRCLE('',#7268,2.25);
#2610=CIRCLE('',#7270,2.75);
#2611=CIRCLE('',#7271,2.75);
#2612=CIRCLE('',#7273,2.75);
#2613=CIRCLE('',#7274,2.75);
#2614=CIRCLE('',#7276,2.75);
#2615=CIRCLE('',#7277,2.75);
#2616=CIRCLE('',#7279,2.75);
#2617=CIRCLE('',#7280,2.75);
#2618=CIRCLE('',#7282,2.75);
#2619=CIRCLE('',#7283,2.75);
#2620=CIRCLE('',#7285,2.75);
#2621=CIRCLE('',#7286,2.75);
#2622=CIRCLE('',#7288,30.);
#2623=CIRCLE('',#7291,2.09999999999999);
#2624=CIRCLE('',#7293,2.09999999999999);
#2625=CIRCLE('',#7295,2.09999999999999);
#2626=CIRCLE('',#7297,2.09999999999999);
#2627=CIRCLE('',#7299,2.09999999999999);
#2628=CIRCLE('',#7301,2.09999999999999);
#2629=CIRCLE('',#7308,30.);
#2630=CIRCLE('',#7309,26.5);
#2631=CIRCLE('',#7311,2.25);
#2632=CIRCLE('',#7312,2.25);
#2633=CIRCLE('',#7314,2.25);
#2634=CIRCLE('',#7315,2.25);
#2635=CIRCLE('',#7317,2.25);
#2636=CIRCLE('',#7318,2.25);
#2637=CIRCLE('',#7320,2.25);
#2638=CIRCLE('',#7321,2.25);
#2639=CIRCLE('',#7323,2.25);
#2640=CIRCLE('',#7324,2.25);
#2641=CIRCLE('',#7326,2.25);
#2642=CIRCLE('',#7327,2.25);
#2643=CIRCLE('',#7329,2.75);
#2644=CIRCLE('',#7330,2.75);
#2645=CIRCLE('',#7332,2.75);
#2646=CIRCLE('',#7333,2.75);
#2647=CIRCLE('',#7335,2.75);
#2648=CIRCLE('',#7336,2.75);
#2649=CIRCLE('',#7338,2.75);
#2650=CIRCLE('',#7339,2.75);
#2651=CIRCLE('',#7341,2.75);
#2652=CIRCLE('',#7342,2.75);
#2653=CIRCLE('',#7344,2.75);
#2654=CIRCLE('',#7345,2.75);
#2655=CIRCLE('',#7347,30.);
#2656=CIRCLE('',#7350,2.09999999999999);
#2657=CIRCLE('',#7352,2.09999999999999);
#2658=CIRCLE('',#7354,2.09999999999999);
#2659=CIRCLE('',#7356,2.09999999999999);
#2660=CIRCLE('',#7358,2.09999999999999);
#2661=CIRCLE('',#7360,2.09999999999999);
#2662=CIRCLE('',#7367,40.);
#2663=CIRCLE('',#7368,40.);
#2664=CIRCLE('',#7369,40.);
#2665=CIRCLE('',#7370,4.);
#2666=CIRCLE('',#7373,40.);
#2667=CIRCLE('',#7378,40.);
#2668=CIRCLE('',#7381,40.);
#2669=CIRCLE('',#7384,40.);
#2670=CIRCLE('',#7385,40.);
#2671=CIRCLE('',#7386,40.);
#2672=CIRCLE('',#7387,4.);
#2673=CIRCLE('',#7390,40.);
#2674=CIRCLE('',#7395,40.);
#2675=CIRCLE('',#7398,40.);
#2676=CIRCLE('',#7401,8.75);
#2677=CIRCLE('',#7402,41.);
#2678=CIRCLE('',#7403,8.75);
#2679=CIRCLE('',#7404,32.5);
#2680=CIRCLE('',#7405,1.65);
#2681=CIRCLE('',#7406,1.65);
#2682=CIRCLE('',#7407,1.65);
#2683=CIRCLE('',#7409,1.65);
#2684=CIRCLE('',#7412,1.65);
#2685=CIRCLE('',#7415,1.65);
#2686=CIRCLE('',#7418,2.1);
#2687=CIRCLE('',#7421,2.1);
#2688=CIRCLE('',#7424,2.1);
#2689=CIRCLE('',#7427,2.1);
#2690=CIRCLE('',#7430,2.1);
#2691=CIRCLE('',#7433,2.1);
#2692=CIRCLE('',#7436,4.);
#2693=CIRCLE('',#7438,53.75);
#2694=CIRCLE('',#7439,53.75);
#2695=CIRCLE('',#7441,41.);
#2696=CIRCLE('',#7442,41.);
#2697=CIRCLE('',#7443,41.);
#2698=CIRCLE('',#7445,32.5);
#2699=CIRCLE('',#7446,32.5);
#2700=CIRCLE('',#7447,32.5);
#2701=CIRCLE('',#7449,26.5);
#2702=CIRCLE('',#7455,8.75);
#2703=CIRCLE('',#7456,4.25);
#2704=CIRCLE('',#7457,41.5);
#2705=CIRCLE('',#7458,4.25);
#2706=CIRCLE('',#7459,8.75);
#2707=CIRCLE('',#7461,8.75000000000001);
#2708=CIRCLE('',#7462,32.5);
#2709=CIRCLE('',#7463,8.75000000000001);
#2710=CIRCLE('',#7464,41.);
#2711=CIRCLE('',#7465,1.65);
#2712=CIRCLE('',#7466,1.65);
#2713=CIRCLE('',#7467,1.65);
#2714=CIRCLE('',#7468,1.65);
#2715=CIRCLE('',#7470,1.65);
#2716=CIRCLE('',#7473,1.65);
#2717=CIRCLE('',#7476,1.65);
#2718=CIRCLE('',#7479,1.65);
#2719=CIRCLE('',#7482,2.1);
#2720=CIRCLE('',#7485,2.1);
#2721=CIRCLE('',#7488,2.1);
#2722=CIRCLE('',#7491,2.1);
#2723=CIRCLE('',#7494,2.1);
#2724=CIRCLE('',#7497,2.1);
#2725=CIRCLE('',#7500,4.);
#2726=CIRCLE('',#7502,53.75);
#2727=CIRCLE('',#7503,53.75);
#2728=CIRCLE('',#7505,41.);
#2729=CIRCLE('',#7506,41.);
#2730=CIRCLE('',#7507,41.);
#2731=CIRCLE('',#7509,32.5);
#2732=CIRCLE('',#7510,32.5);
#2733=CIRCLE('',#7511,32.5);
#2734=CIRCLE('',#7513,26.5);
#2735=CIRCLE('',#7519,8.75000000000001);
#2736=CIRCLE('',#7520,4.25);
#2737=CIRCLE('',#7521,41.5);
#2738=CIRCLE('',#7522,4.25);
#2739=CIRCLE('',#7523,8.75000000000001);
#2740=CIRCLE('',#7525,2.5);
#2741=CIRCLE('',#7526,2.5);
#2742=CIRCLE('',#7528,2.5);
#2743=CIRCLE('',#7529,2.5);
#2744=CIRCLE('',#7531,4.25);
#2745=CIRCLE('',#7533,4.25);
#2746=CIRCLE('',#7535,8.75000000000001);
#2747=CIRCLE('',#7537,8.75000000000001);
#2748=CIRCLE('',#7539,10.);
#2749=CIRCLE('',#7540,10.);
#2750=CIRCLE('',#7542,10.);
#2751=CIRCLE('',#7543,10.);
#2752=CIRCLE('',#7545,32.5);
#2753=CIRCLE('',#7547,41.5);
#2754=CIRCLE('',#7549,5.);
#2755=CIRCLE('',#7550,6.);
#2756=CIRCLE('',#7551,46.5);
#2757=CIRCLE('',#7552,6.00000000000001);
#2758=CIRCLE('',#7553,8.75);
#2759=CIRCLE('',#7554,32.5);
#2760=CIRCLE('',#7555,8.75);
#2761=CIRCLE('',#7556,6.00000000000001);
#2762=CIRCLE('',#7557,46.5);
#2763=CIRCLE('',#7558,6.);
#2764=CIRCLE('',#7559,3.5);
#2765=CIRCLE('',#7560,3.5);
#2766=CIRCLE('',#7562,4.25);
#2767=CIRCLE('',#7563,55.);
#2768=CIRCLE('',#7564,4.25);
#2769=CIRCLE('',#7566,6.00000000000001);
#2770=CIRCLE('',#7567,46.5);
#2771=CIRCLE('',#7568,6.);
#2772=CIRCLE('',#7569,5.);
#2773=CIRCLE('',#7570,6.);
#2774=CIRCLE('',#7571,46.5);
#2775=CIRCLE('',#7572,6.00000000000001);
#2776=CIRCLE('',#7573,3.5);
#2777=CIRCLE('',#7574,3.5);
#2778=CIRCLE('',#7575,3.5);
#2779=CIRCLE('',#7576,3.5);
#2780=CIRCLE('',#7577,3.5);
#2781=CIRCLE('',#7578,7.49999999999999);
#2782=CIRCLE('',#7579,7.50000000000001);
#2783=CIRCLE('',#7580,7.50000000000001);
#2784=CIRCLE('',#7581,7.50000000000001);
#2785=CIRCLE('',#7583,41.5);
#2786=CIRCLE('',#7584,55.);
#2787=CIRCLE('',#7585,7.50000000000001);
#2788=CIRCLE('',#7586,7.49999999999999);
#2789=CIRCLE('',#7587,7.50000000000001);
#2790=CIRCLE('',#7588,7.50000000000001);
#2791=CIRCLE('',#7589,5.);
#2792=CIRCLE('',#7590,5.);
#2793=CIRCLE('',#7620,5.23435305963093);
#2794=CIRCLE('',#7621,5.23435305963093);
#2795=CIRCLE('',#7624,1.64999999999999);
#2796=CIRCLE('',#7625,1.64999999999999);
#2797=CIRCLE('',#7628,2.25);
#2798=CIRCLE('',#7630,2.25);
#2799=CIRCLE('',#7632,2.25);
#2800=CIRCLE('',#7634,2.25);
#2801=CIRCLE('',#7636,2.25);
#2802=CIRCLE('',#7638,2.25);
#2803=CIRCLE('',#7640,20.);
#2804=CIRCLE('',#7641,20.);
#2805=CIRCLE('',#7643,6.);
#2806=CIRCLE('',#7645,20.);
#2807=CIRCLE('',#7646,20.);
#2808=CIRCLE('',#7648,6.);
#2809=CIRCLE('',#7652,5.);
#2810=CIRCLE('',#7654,6.);
#2811=CIRCLE('',#7657,6.);
#2812=CIRCLE('',#7659,5.);
#2813=CIRCLE('',#7672,3.5);
#2814=CIRCLE('',#7682,3.5);
#2815=CIRCLE('',#7692,3.5);
#2816=CIRCLE('',#7702,3.5);
#2817=CIRCLE('',#7712,3.5);
#2818=CIRCLE('',#7722,3.5);
#2819=CIRCLE('',#7732,1.61);
#2820=CIRCLE('',#7734,3.5);
#2821=VERTEX_POINT('',#9717);
#2822=VERTEX_POINT('',#9719);
#2823=VERTEX_POINT('',#9723);
#2824=VERTEX_POINT('',#9724);
#2825=VERTEX_POINT('',#9726);
#2826=VERTEX_POINT('',#9728);
#2827=VERTEX_POINT('',#9730);
#2828=VERTEX_POINT('',#9732);
#2829=VERTEX_POINT('',#9736);
#2830=VERTEX_POINT('',#9738);
#2831=VERTEX_POINT('',#9742);
#2832=VERTEX_POINT('',#9746);
#2833=VERTEX_POINT('',#9750);
#2834=VERTEX_POINT('',#9754);
#2835=VERTEX_POINT('',#9761);
#2836=VERTEX_POINT('',#9762);
#2837=VERTEX_POINT('',#9765);
#2838=VERTEX_POINT('',#9769);
#2839=VERTEX_POINT('',#9771);
#2840=VERTEX_POINT('',#9775);
#2841=VERTEX_POINT('',#9776);
#2842=VERTEX_POINT('',#9778);
#2843=VERTEX_POINT('',#9780);
#2844=VERTEX_POINT('',#9782);
#2845=VERTEX_POINT('',#9784);
#2846=VERTEX_POINT('',#9789);
#2847=VERTEX_POINT('',#9791);
#2848=VERTEX_POINT('',#9795);
#2849=VERTEX_POINT('',#9799);
#2850=VERTEX_POINT('',#9803);
#2851=VERTEX_POINT('',#9807);
#2852=VERTEX_POINT('',#9814);
#2853=VERTEX_POINT('',#9816);
#2854=VERTEX_POINT('',#9820);
#2855=VERTEX_POINT('',#9821);
#2856=VERTEX_POINT('',#9823);
#2857=VERTEX_POINT('',#9825);
#2858=VERTEX_POINT('',#9827);
#2859=VERTEX_POINT('',#9829);
#2860=VERTEX_POINT('',#9833);
#2861=VERTEX_POINT('',#9835);
#2862=VERTEX_POINT('',#9839);
#2863=VERTEX_POINT('',#9843);
#2864=VERTEX_POINT('',#9847);
#2865=VERTEX_POINT('',#9851);
#2866=VERTEX_POINT('',#9858);
#2867=VERTEX_POINT('',#9860);
#2868=VERTEX_POINT('',#9864);
#2869=VERTEX_POINT('',#9865);
#2870=VERTEX_POINT('',#9867);
#2871=VERTEX_POINT('',#9869);
#2872=VERTEX_POINT('',#9871);
#2873=VERTEX_POINT('',#9873);
#2874=VERTEX_POINT('',#9877);
#2875=VERTEX_POINT('',#9879);
#2876=VERTEX_POINT('',#9883);
#2877=VERTEX_POINT('',#9887);
#2878=VERTEX_POINT('',#9891);
#2879=VERTEX_POINT('',#9895);
#2880=VERTEX_POINT('',#9902);
#2881=VERTEX_POINT('',#9904);
#2882=VERTEX_POINT('',#9908);
#2883=VERTEX_POINT('',#9909);
#2884=VERTEX_POINT('',#9911);
#2885=VERTEX_POINT('',#9913);
#2886=VERTEX_POINT('',#9915);
#2887=VERTEX_POINT('',#9917);
#2888=VERTEX_POINT('',#9921);
#2889=VERTEX_POINT('',#9923);
#2890=VERTEX_POINT('',#9927);
#2891=VERTEX_POINT('',#9931);
#2892=VERTEX_POINT('',#9935);
#2893=VERTEX_POINT('',#9939);
#2894=VERTEX_POINT('',#9946);
#2895=VERTEX_POINT('',#9948);
#2896=VERTEX_POINT('',#9952);
#2897=VERTEX_POINT('',#9953);
#2898=VERTEX_POINT('',#9955);
#2899=VERTEX_POINT('',#9957);
#2900=VERTEX_POINT('',#9959);
#2901=VERTEX_POINT('',#9961);
#2902=VERTEX_POINT('',#9965);
#2903=VERTEX_POINT('',#9967);
#2904=VERTEX_POINT('',#9971);
#2905=VERTEX_POINT('',#9975);
#2906=VERTEX_POINT('',#9979);
#2907=VERTEX_POINT('',#9983);
#2908=VERTEX_POINT('',#9990);
#2909=VERTEX_POINT('',#9992);
#2910=VERTEX_POINT('',#9996);
#2911=VERTEX_POINT('',#9997);
#2912=VERTEX_POINT('',#9999);
#2913=VERTEX_POINT('',#10001);
#2914=VERTEX_POINT('',#10003);
#2915=VERTEX_POINT('',#10005);
#2916=VERTEX_POINT('',#10009);
#2917=VERTEX_POINT('',#10011);
#2918=VERTEX_POINT('',#10015);
#2919=VERTEX_POINT('',#10019);
#2920=VERTEX_POINT('',#10023);
#2921=VERTEX_POINT('',#10027);
#2922=VERTEX_POINT('',#10034);
#2923=VERTEX_POINT('',#10036);
#2924=VERTEX_POINT('',#10039);
#2925=VERTEX_POINT('',#10043);
#2926=VERTEX_POINT('',#10047);
#2927=VERTEX_POINT('',#10049);
#2928=VERTEX_POINT('',#10053);
#2929=VERTEX_POINT('',#10054);
#2930=VERTEX_POINT('',#10056);
#2931=VERTEX_POINT('',#10058);
#2932=VERTEX_POINT('',#10060);
#2933=VERTEX_POINT('',#10062);
#2934=VERTEX_POINT('',#10067);
#2935=VERTEX_POINT('',#10069);
#2936=VERTEX_POINT('',#10073);
#2937=VERTEX_POINT('',#10077);
#2938=VERTEX_POINT('',#10081);
#2939=VERTEX_POINT('',#10085);
#2940=VERTEX_POINT('',#10092);
#2941=VERTEX_POINT('',#10094);
#2942=VERTEX_POINT('',#10097);
#2943=VERTEX_POINT('',#10101);
#2944=VERTEX_POINT('',#10105);
#2945=VERTEX_POINT('',#10107);
#2946=VERTEX_POINT('',#10111);
#2947=VERTEX_POINT('',#10112);
#2948=VERTEX_POINT('',#10114);
#2949=VERTEX_POINT('',#10116);
#2950=VERTEX_POINT('',#10118);
#2951=VERTEX_POINT('',#10120);
#2952=VERTEX_POINT('',#10125);
#2953=VERTEX_POINT('',#10127);
#2954=VERTEX_POINT('',#10131);
#2955=VERTEX_POINT('',#10135);
#2956=VERTEX_POINT('',#10139);
#2957=VERTEX_POINT('',#10143);
#2958=VERTEX_POINT('',#10150);
#2959=VERTEX_POINT('',#10152);
#2960=VERTEX_POINT('',#10155);
#2961=VERTEX_POINT('',#10159);
#2962=VERTEX_POINT('',#10163);
#2963=VERTEX_POINT('',#10165);
#2964=VERTEX_POINT('',#10169);
#2965=VERTEX_POINT('',#10170);
#2966=VERTEX_POINT('',#10172);
#2967=VERTEX_POINT('',#10174);
#2968=VERTEX_POINT('',#10176);
#2969=VERTEX_POINT('',#10178);
#2970=VERTEX_POINT('',#10183);
#2971=VERTEX_POINT('',#10185);
#2972=VERTEX_POINT('',#10189);
#2973=VERTEX_POINT('',#10193);
#2974=VERTEX_POINT('',#10197);
#2975=VERTEX_POINT('',#10201);
#2976=VERTEX_POINT('',#10208);
#2977=VERTEX_POINT('',#10210);
#2978=VERTEX_POINT('',#10213);
#2979=VERTEX_POINT('',#10217);
#2980=VERTEX_POINT('',#10221);
#2981=VERTEX_POINT('',#10223);
#2982=VERTEX_POINT('',#10227);
#2983=VERTEX_POINT('',#10228);
#2984=VERTEX_POINT('',#10230);
#2985=VERTEX_POINT('',#10232);
#2986=VERTEX_POINT('',#10234);
#2987=VERTEX_POINT('',#10236);
#2988=VERTEX_POINT('',#10241);
#2989=VERTEX_POINT('',#10243);
#2990=VERTEX_POINT('',#10247);
#2991=VERTEX_POINT('',#10251);
#2992=VERTEX_POINT('',#10255);
#2993=VERTEX_POINT('',#10259);
#2994=VERTEX_POINT('',#10266);
#2995=VERTEX_POINT('',#10268);
#2996=VERTEX_POINT('',#10271);
#2997=VERTEX_POINT('',#10275);
#2998=VERTEX_POINT('',#10279);
#2999=VERTEX_POINT('',#10281);
#3000=VERTEX_POINT('',#10285);
#3001=VERTEX_POINT('',#10286);
#3002=VERTEX_POINT('',#10288);
#3003=VERTEX_POINT('',#10290);
#3004=VERTEX_POINT('',#10292);
#3005=VERTEX_POINT('',#10294);
#3006=VERTEX_POINT('',#10299);
#3007=VERTEX_POINT('',#10301);
#3008=VERTEX_POINT('',#10305);
#3009=VERTEX_POINT('',#10309);
#3010=VERTEX_POINT('',#10313);
#3011=VERTEX_POINT('',#10317);
#3012=VERTEX_POINT('',#10324);
#3013=VERTEX_POINT('',#10326);
#3014=VERTEX_POINT('',#10329);
#3015=VERTEX_POINT('',#10333);
#3016=VERTEX_POINT('',#10337);
#3017=VERTEX_POINT('',#10339);
#3018=VERTEX_POINT('',#10343);
#3019=VERTEX_POINT('',#10344);
#3020=VERTEX_POINT('',#10346);
#3021=VERTEX_POINT('',#10348);
#3022=VERTEX_POINT('',#10350);
#3023=VERTEX_POINT('',#10352);
#3024=VERTEX_POINT('',#10357);
#3025=VERTEX_POINT('',#10359);
#3026=VERTEX_POINT('',#10363);
#3027=VERTEX_POINT('',#10367);
#3028=VERTEX_POINT('',#10371);
#3029=VERTEX_POINT('',#10375);
#3030=VERTEX_POINT('',#10382);
#3031=VERTEX_POINT('',#10384);
#3032=VERTEX_POINT('',#10387);
#3033=VERTEX_POINT('',#10389);
#3034=VERTEX_POINT('',#10393);
#3035=VERTEX_POINT('',#10395);
#3036=VERTEX_POINT('',#10399);
#3037=VERTEX_POINT('',#10401);
#3038=VERTEX_POINT('',#10405);
#3039=VERTEX_POINT('',#10407);
#3040=VERTEX_POINT('',#10411);
#3041=VERTEX_POINT('',#10413);
#3042=VERTEX_POINT('',#10417);
#3043=VERTEX_POINT('',#10419);
#3044=VERTEX_POINT('',#10423);
#3045=VERTEX_POINT('',#10425);
#3046=VERTEX_POINT('',#10429);
#3047=VERTEX_POINT('',#10431);
#3048=VERTEX_POINT('',#10435);
#3049=VERTEX_POINT('',#10437);
#3050=VERTEX_POINT('',#10441);
#3051=VERTEX_POINT('',#10443);
#3052=VERTEX_POINT('',#10447);
#3053=VERTEX_POINT('',#10449);
#3054=VERTEX_POINT('',#10453);
#3055=VERTEX_POINT('',#10455);
#3056=VERTEX_POINT('',#10459);
#3057=VERTEX_POINT('',#10464);
#3058=VERTEX_POINT('',#10467);
#3059=VERTEX_POINT('',#10470);
#3060=VERTEX_POINT('',#10473);
#3061=VERTEX_POINT('',#10476);
#3062=VERTEX_POINT('',#10479);
#3063=VERTEX_POINT('',#10487);
#3064=VERTEX_POINT('',#10489);
#3065=VERTEX_POINT('',#10492);
#3066=VERTEX_POINT('',#10494);
#3067=VERTEX_POINT('',#10498);
#3068=VERTEX_POINT('',#10500);
#3069=VERTEX_POINT('',#10504);
#3070=VERTEX_POINT('',#10506);
#3071=VERTEX_POINT('',#10510);
#3072=VERTEX_POINT('',#10512);
#3073=VERTEX_POINT('',#10516);
#3074=VERTEX_POINT('',#10518);
#3075=VERTEX_POINT('',#10522);
#3076=VERTEX_POINT('',#10524);
#3077=VERTEX_POINT('',#10528);
#3078=VERTEX_POINT('',#10530);
#3079=VERTEX_POINT('',#10534);
#3080=VERTEX_POINT('',#10536);
#3081=VERTEX_POINT('',#10540);
#3082=VERTEX_POINT('',#10542);
#3083=VERTEX_POINT('',#10546);
#3084=VERTEX_POINT('',#10548);
#3085=VERTEX_POINT('',#10552);
#3086=VERTEX_POINT('',#10554);
#3087=VERTEX_POINT('',#10558);
#3088=VERTEX_POINT('',#10560);
#3089=VERTEX_POINT('',#10564);
#3090=VERTEX_POINT('',#10569);
#3091=VERTEX_POINT('',#10572);
#3092=VERTEX_POINT('',#10575);
#3093=VERTEX_POINT('',#10578);
#3094=VERTEX_POINT('',#10581);
#3095=VERTEX_POINT('',#10584);
#3096=VERTEX_POINT('',#10592);
#3097=VERTEX_POINT('',#10593);
#3098=VERTEX_POINT('',#10595);
#3099=VERTEX_POINT('',#10597);
#3100=VERTEX_POINT('',#10599);
#3101=VERTEX_POINT('',#10601);
#3102=VERTEX_POINT('',#10603);
#3103=VERTEX_POINT('',#10605);
#3104=VERTEX_POINT('',#10608);
#3105=VERTEX_POINT('',#10611);
#3106=VERTEX_POINT('',#10612);
#3107=VERTEX_POINT('',#10617);
#3108=VERTEX_POINT('',#10621);
#3109=VERTEX_POINT('',#10625);
#3110=VERTEX_POINT('',#10629);
#3111=VERTEX_POINT('',#10633);
#3112=VERTEX_POINT('',#10637);
#3113=VERTEX_POINT('',#10644);
#3114=VERTEX_POINT('',#10645);
#3115=VERTEX_POINT('',#10647);
#3116=VERTEX_POINT('',#10649);
#3117=VERTEX_POINT('',#10651);
#3118=VERTEX_POINT('',#10653);
#3119=VERTEX_POINT('',#10655);
#3120=VERTEX_POINT('',#10657);
#3121=VERTEX_POINT('',#10660);
#3122=VERTEX_POINT('',#10663);
#3123=VERTEX_POINT('',#10664);
#3124=VERTEX_POINT('',#10669);
#3125=VERTEX_POINT('',#10673);
#3126=VERTEX_POINT('',#10677);
#3127=VERTEX_POINT('',#10681);
#3128=VERTEX_POINT('',#10685);
#3129=VERTEX_POINT('',#10689);
#3130=VERTEX_POINT('',#10696);
#3131=VERTEX_POINT('',#10697);
#3132=VERTEX_POINT('',#10699);
#3133=VERTEX_POINT('',#10701);
#3134=VERTEX_POINT('',#10704);
#3135=VERTEX_POINT('',#10706);
#3136=VERTEX_POINT('',#10708);
#3137=VERTEX_POINT('',#10711);
#3138=VERTEX_POINT('',#10715);
#3139=VERTEX_POINT('',#10718);
#3140=VERTEX_POINT('',#10722);
#3141=VERTEX_POINT('',#10725);
#3142=VERTEX_POINT('',#10729);
#3143=VERTEX_POINT('',#10732);
#3144=VERTEX_POINT('',#10736);
#3145=VERTEX_POINT('',#10739);
#3146=VERTEX_POINT('',#10743);
#3147=VERTEX_POINT('',#10746);
#3148=VERTEX_POINT('',#10750);
#3149=VERTEX_POINT('',#10753);
#3150=VERTEX_POINT('',#10757);
#3151=VERTEX_POINT('',#10760);
#3152=VERTEX_POINT('',#10764);
#3153=VERTEX_POINT('',#10767);
#3154=VERTEX_POINT('',#10771);
#3155=VERTEX_POINT('',#10774);
#3156=VERTEX_POINT('',#10778);
#3157=VERTEX_POINT('',#10780);
#3158=VERTEX_POINT('',#10784);
#3159=VERTEX_POINT('',#10787);
#3160=VERTEX_POINT('',#10791);
#3161=VERTEX_POINT('',#10793);
#3162=VERTEX_POINT('',#10798);
#3163=VERTEX_POINT('',#10806);
#3164=VERTEX_POINT('',#10808);
#3165=VERTEX_POINT('',#10810);
#3166=VERTEX_POINT('',#10812);
#3167=VERTEX_POINT('',#10816);
#3168=VERTEX_POINT('',#10817);
#3169=VERTEX_POINT('',#10819);
#3170=VERTEX_POINT('',#10821);
#3171=VERTEX_POINT('',#10824);
#3172=VERTEX_POINT('',#10826);
#3173=VERTEX_POINT('',#10828);
#3174=VERTEX_POINT('',#10830);
#3175=VERTEX_POINT('',#10833);
#3176=VERTEX_POINT('',#10837);
#3177=VERTEX_POINT('',#10840);
#3178=VERTEX_POINT('',#10844);
#3179=VERTEX_POINT('',#10847);
#3180=VERTEX_POINT('',#10851);
#3181=VERTEX_POINT('',#10854);
#3182=VERTEX_POINT('',#10858);
#3183=VERTEX_POINT('',#10861);
#3184=VERTEX_POINT('',#10865);
#3185=VERTEX_POINT('',#10868);
#3186=VERTEX_POINT('',#10872);
#3187=VERTEX_POINT('',#10875);
#3188=VERTEX_POINT('',#10879);
#3189=VERTEX_POINT('',#10882);
#3190=VERTEX_POINT('',#10886);
#3191=VERTEX_POINT('',#10889);
#3192=VERTEX_POINT('',#10893);
#3193=VERTEX_POINT('',#10896);
#3194=VERTEX_POINT('',#10900);
#3195=VERTEX_POINT('',#10903);
#3196=VERTEX_POINT('',#10907);
#3197=VERTEX_POINT('',#10909);
#3198=VERTEX_POINT('',#10913);
#3199=VERTEX_POINT('',#10915);
#3200=VERTEX_POINT('',#10920);
#3201=VERTEX_POINT('',#10922);
#3202=VERTEX_POINT('',#10927);
#3203=VERTEX_POINT('',#10935);
#3204=VERTEX_POINT('',#10937);
#3205=VERTEX_POINT('',#10939);
#3206=VERTEX_POINT('',#10941);
#3207=VERTEX_POINT('',#10945);
#3208=VERTEX_POINT('',#10946);
#3209=VERTEX_POINT('',#10948);
#3210=VERTEX_POINT('',#10950);
#3211=VERTEX_POINT('',#10954);
#3212=VERTEX_POINT('',#10955);
#3213=VERTEX_POINT('',#10957);
#3214=VERTEX_POINT('',#10959);
#3215=VERTEX_POINT('',#10963);
#3216=VERTEX_POINT('',#10964);
#3217=VERTEX_POINT('',#10969);
#3218=VERTEX_POINT('',#10970);
#3219=VERTEX_POINT('',#10975);
#3220=VERTEX_POINT('',#10977);
#3221=VERTEX_POINT('',#10981);
#3222=VERTEX_POINT('',#10983);
#3223=VERTEX_POINT('',#10987);
#3224=VERTEX_POINT('',#10988);
#3225=VERTEX_POINT('',#10990);
#3226=VERTEX_POINT('',#10992);
#3227=VERTEX_POINT('',#10996);
#3228=VERTEX_POINT('',#10997);
#3229=VERTEX_POINT('',#10999);
#3230=VERTEX_POINT('',#11001);
#3231=VERTEX_POINT('',#11007);
#3232=VERTEX_POINT('',#11008);
#3233=VERTEX_POINT('',#11013);
#3234=VERTEX_POINT('',#11014);
#3235=VERTEX_POINT('',#11016);
#3236=VERTEX_POINT('',#11018);
#3237=VERTEX_POINT('',#11020);
#3238=VERTEX_POINT('',#11022);
#3239=VERTEX_POINT('',#11024);
#3240=VERTEX_POINT('',#11027);
#3241=VERTEX_POINT('',#11029);
#3242=VERTEX_POINT('',#11031);
#3243=VERTEX_POINT('',#11033);
#3244=VERTEX_POINT('',#11036);
#3245=VERTEX_POINT('',#11038);
#3246=VERTEX_POINT('',#11040);
#3247=VERTEX_POINT('',#11043);
#3248=VERTEX_POINT('',#11045);
#3249=VERTEX_POINT('',#11048);
#3250=VERTEX_POINT('',#11052);
#3251=VERTEX_POINT('',#11057);
#3252=VERTEX_POINT('',#11059);
#3253=VERTEX_POINT('',#11061);
#3254=VERTEX_POINT('',#11063);
#3255=VERTEX_POINT('',#11065);
#3256=VERTEX_POINT('',#11067);
#3257=VERTEX_POINT('',#11069);
#3258=VERTEX_POINT('',#11071);
#3259=VERTEX_POINT('',#11073);
#3260=VERTEX_POINT('',#11075);
#3261=VERTEX_POINT('',#11079);
#3262=VERTEX_POINT('',#11081);
#3263=VERTEX_POINT('',#11083);
#3264=VERTEX_POINT('',#11085);
#3265=VERTEX_POINT('',#11087);
#3266=VERTEX_POINT('',#11089);
#3267=VERTEX_POINT('',#11090);
#3268=VERTEX_POINT('',#11092);
#3269=VERTEX_POINT('',#11094);
#3270=VERTEX_POINT('',#11096);
#3271=VERTEX_POINT('',#11098);
#3272=VERTEX_POINT('',#11100);
#3273=VERTEX_POINT('',#11102);
#3274=VERTEX_POINT('',#11110);
#3275=VERTEX_POINT('',#11111);
#3276=VERTEX_POINT('',#11113);
#3277=VERTEX_POINT('',#11115);
#3278=VERTEX_POINT('',#11117);
#3279=VERTEX_POINT('',#11119);
#3280=VERTEX_POINT('',#11121);
#3281=VERTEX_POINT('',#11123);
#3282=VERTEX_POINT('',#11125);
#3283=VERTEX_POINT('',#11127);
#3284=VERTEX_POINT('',#11129);
#3285=VERTEX_POINT('',#11131);
#3286=VERTEX_POINT('',#11133);
#3287=VERTEX_POINT('',#11135);
#3288=VERTEX_POINT('',#11137);
#3289=VERTEX_POINT('',#11139);
#3290=VERTEX_POINT('',#11196);
#3291=VERTEX_POINT('',#11198);
#3292=VERTEX_POINT('',#11203);
#3293=VERTEX_POINT('',#11242);
#3294=VERTEX_POINT('',#11244);
#3295=VERTEX_POINT('',#11248);
#3296=VERTEX_POINT('',#11289);
#3297=VERTEX_POINT('',#11293);
#3298=VERTEX_POINT('',#11297);
#3299=VERTEX_POINT('',#11301);
#3300=VERTEX_POINT('',#11305);
#3301=VERTEX_POINT('',#11309);
#3302=VERTEX_POINT('',#11313);
#3303=VERTEX_POINT('',#11314);
#3304=VERTEX_POINT('',#11316);
#3305=VERTEX_POINT('',#11318);
#3306=VERTEX_POINT('',#11322);
#3307=VERTEX_POINT('',#11324);
#3308=VERTEX_POINT('',#11326);
#3309=VERTEX_POINT('',#11328);
#3310=VERTEX_POINT('',#11332);
#3311=VERTEX_POINT('',#11334);
#3312=VERTEX_POINT('',#11339);
#3313=VERTEX_POINT('',#11341);
#3314=VERTEX_POINT('',#11346);
#3315=VERTEX_POINT('',#11349);
#3316=VERTEX_POINT('',#11355);
#3317=VERTEX_POINT('',#11357);
#3318=VERTEX_POINT('',#11366);
#3319=VERTEX_POINT('',#11381);
#3320=VERTEX_POINT('',#11385);
#3321=VERTEX_POINT('',#11394);
#3322=VERTEX_POINT('',#11410);
#3323=VERTEX_POINT('',#11411);
#3324=VERTEX_POINT('',#11413);
#3325=VERTEX_POINT('',#11415);
#3326=VERTEX_POINT('',#11417);
#3327=VERTEX_POINT('',#11419);
#3328=VERTEX_POINT('',#11423);
#3329=VERTEX_POINT('',#11424);
#3330=VERTEX_POINT('',#11429);
#3331=VERTEX_POINT('',#11433);
#3332=VERTEX_POINT('',#11437);
#3333=VERTEX_POINT('',#11441);
#3334=VERTEX_POINT('',#11447);
#3335=VERTEX_POINT('',#11452);
#3336=VERTEX_POINT('',#11453);
#3337=VERTEX_POINT('',#11455);
#3338=VERTEX_POINT('',#11457);
#3339=VERTEX_POINT('',#11459);
#3340=VERTEX_POINT('',#11461);
#3341=VERTEX_POINT('',#11465);
#3342=VERTEX_POINT('',#11466);
#3343=VERTEX_POINT('',#11471);
#3344=VERTEX_POINT('',#11475);
#3345=VERTEX_POINT('',#11479);
#3346=VERTEX_POINT('',#11483);
#3347=VERTEX_POINT('',#11489);
#3348=VERTEX_POINT('',#11494);
#3349=VERTEX_POINT('',#11495);
#3350=VERTEX_POINT('',#11497);
#3351=VERTEX_POINT('',#11499);
#3352=VERTEX_POINT('',#11501);
#3353=VERTEX_POINT('',#11503);
#3354=VERTEX_POINT('',#11507);
#3355=VERTEX_POINT('',#11508);
#3356=VERTEX_POINT('',#11513);
#3357=VERTEX_POINT('',#11517);
#3358=VERTEX_POINT('',#11521);
#3359=VERTEX_POINT('',#11525);
#3360=VERTEX_POINT('',#11531);
#3361=VERTEX_POINT('',#11536);
#3362=VERTEX_POINT('',#11537);
#3363=VERTEX_POINT('',#11539);
#3364=VERTEX_POINT('',#11541);
#3365=VERTEX_POINT('',#11543);
#3366=VERTEX_POINT('',#11545);
#3367=VERTEX_POINT('',#11549);
#3368=VERTEX_POINT('',#11550);
#3369=VERTEX_POINT('',#11555);
#3370=VERTEX_POINT('',#11559);
#3371=VERTEX_POINT('',#11563);
#3372=VERTEX_POINT('',#11567);
#3373=VERTEX_POINT('',#11573);
#3374=VERTEX_POINT('',#11578);
#3375=VERTEX_POINT('',#11579);
#3376=VERTEX_POINT('',#11581);
#3377=VERTEX_POINT('',#11583);
#3378=VERTEX_POINT('',#11585);
#3379=VERTEX_POINT('',#11587);
#3380=VERTEX_POINT('',#11591);
#3381=VERTEX_POINT('',#11592);
#3382=VERTEX_POINT('',#11597);
#3383=VERTEX_POINT('',#11601);
#3384=VERTEX_POINT('',#11605);
#3385=VERTEX_POINT('',#11609);
#3386=VERTEX_POINT('',#11615);
#3387=VERTEX_POINT('',#11620);
#3388=VERTEX_POINT('',#11621);
#3389=VERTEX_POINT('',#11623);
#3390=VERTEX_POINT('',#11625);
#3391=VERTEX_POINT('',#11627);
#3392=VERTEX_POINT('',#11629);
#3393=VERTEX_POINT('',#11633);
#3394=VERTEX_POINT('',#11634);
#3395=VERTEX_POINT('',#11639);
#3396=VERTEX_POINT('',#11643);
#3397=VERTEX_POINT('',#11647);
#3398=VERTEX_POINT('',#11651);
#3399=VERTEX_POINT('',#11657);
#3400=VERTEX_POINT('',#11662);
#3401=VERTEX_POINT('',#11663);
#3402=VERTEX_POINT('',#11665);
#3403=VERTEX_POINT('',#11667);
#3404=VERTEX_POINT('',#11669);
#3405=VERTEX_POINT('',#11671);
#3406=VERTEX_POINT('',#11675);
#3407=VERTEX_POINT('',#11676);
#3408=VERTEX_POINT('',#11681);
#3409=VERTEX_POINT('',#11685);
#3410=VERTEX_POINT('',#11689);
#3411=VERTEX_POINT('',#11693);
#3412=VERTEX_POINT('',#11699);
#3413=VERTEX_POINT('',#11702);
#3414=EDGE_CURVE('',#2821,#2821,#2543,.T.);
#3415=EDGE_CURVE('',#2821,#2822,#1331,.T.);
#3416=EDGE_CURVE('',#2822,#2822,#2544,.T.);
#3417=EDGE_CURVE('',#2823,#2824,#1332,.T.);
#3418=EDGE_CURVE('',#2825,#2823,#1333,.T.);
#3419=EDGE_CURVE('',#2826,#2825,#1334,.T.);
#3420=EDGE_CURVE('',#2827,#2826,#1335,.T.);
#3421=EDGE_CURVE('',#2828,#2827,#1336,.T.);
#3422=EDGE_CURVE('',#2824,#2828,#1337,.T.);
#3423=EDGE_CURVE('',#2829,#2823,#1338,.T.);
#3424=EDGE_CURVE('',#2830,#2829,#1339,.T.);
#3425=EDGE_CURVE('',#2830,#2825,#1340,.T.);
#3426=EDGE_CURVE('',#2831,#2830,#1341,.T.);
#3427=EDGE_CURVE('',#2831,#2826,#1342,.T.);
#3428=EDGE_CURVE('',#2832,#2831,#1343,.T.);
#3429=EDGE_CURVE('',#2832,#2827,#1344,.T.);
#3430=EDGE_CURVE('',#2833,#2832,#1345,.T.);
#3431=EDGE_CURVE('',#2833,#2828,#1346,.T.);
#3432=EDGE_CURVE('',#2834,#2833,#1347,.T.);
#3433=EDGE_CURVE('',#2834,#2824,#1348,.T.);
#3434=EDGE_CURVE('',#2829,#2834,#1349,.T.);
#3435=EDGE_CURVE('',#2835,#2836,#2545,.T.);
#3436=EDGE_CURVE('',#2836,#2835,#2546,.T.);
#3437=EDGE_CURVE('',#2836,#2837,#1350,.T.);
#3438=EDGE_CURVE('',#2837,#2837,#2547,.T.);
#3439=EDGE_CURVE('',#2838,#2838,#2548,.T.);
#3440=EDGE_CURVE('',#2838,#2839,#1351,.T.);
#3441=EDGE_CURVE('',#2839,#2839,#2549,.T.);
#3442=EDGE_CURVE('',#2840,#2841,#1352,.T.);
#3443=EDGE_CURVE('',#2842,#2840,#1353,.T.);
#3444=EDGE_CURVE('',#2843,#2842,#1354,.T.);
#3445=EDGE_CURVE('',#2844,#2843,#1355,.T.);
#3446=EDGE_CURVE('',#2845,#2844,#1356,.T.);
#3447=EDGE_CURVE('',#2841,#2845,#1357,.T.);
#3448=EDGE_CURVE('',#2846,#2840,#1358,.T.);
#3449=EDGE_CURVE('',#2847,#2846,#1359,.T.);
#3450=EDGE_CURVE('',#2847,#2842,#1360,.T.);
#3451=EDGE_CURVE('',#2848,#2847,#1361,.T.);
#3452=EDGE_CURVE('',#2848,#2843,#1362,.T.);
#3453=EDGE_CURVE('',#2849,#2848,#1363,.T.);
#3454=EDGE_CURVE('',#2849,#2844,#1364,.T.);
#3455=EDGE_CURVE('',#2850,#2849,#1365,.T.);
#3456=EDGE_CURVE('',#2850,#2845,#1366,.T.);
#3457=EDGE_CURVE('',#2851,#2850,#1367,.T.);
#3458=EDGE_CURVE('',#2851,#2841,#1368,.T.);
#3459=EDGE_CURVE('',#2846,#2851,#1369,.T.);
#3460=EDGE_CURVE('',#2852,#2852,#2550,.T.);
#3461=EDGE_CURVE('',#2852,#2853,#1370,.T.);
#3462=EDGE_CURVE('',#2853,#2853,#2551,.T.);
#3463=EDGE_CURVE('',#2854,#2855,#1371,.T.);
#3464=EDGE_CURVE('',#2856,#2854,#1372,.T.);
#3465=EDGE_CURVE('',#2857,#2856,#1373,.T.);
#3466=EDGE_CURVE('',#2858,#2857,#1374,.T.);
#3467=EDGE_CURVE('',#2859,#2858,#1375,.T.);
#3468=EDGE_CURVE('',#2855,#2859,#1376,.T.);
#3469=EDGE_CURVE('',#2860,#2854,#1377,.T.);
#3470=EDGE_CURVE('',#2861,#2860,#1378,.T.);
#3471=EDGE_CURVE('',#2861,#2856,#1379,.T.);
#3472=EDGE_CURVE('',#2862,#2861,#1380,.T.);
#3473=EDGE_CURVE('',#2862,#2857,#1381,.T.);
#3474=EDGE_CURVE('',#2863,#2862,#1382,.T.);
#3475=EDGE_CURVE('',#2863,#2858,#1383,.T.);
#3476=EDGE_CURVE('',#2864,#2863,#1384,.T.);
#3477=EDGE_CURVE('',#2864,#2859,#1385,.T.);
#3478=EDGE_CURVE('',#2865,#2864,#1386,.T.);
#3479=EDGE_CURVE('',#2865,#2855,#1387,.T.);
#3480=EDGE_CURVE('',#2860,#2865,#1388,.T.);
#3481=EDGE_CURVE('',#2866,#2866,#2552,.T.);
#3482=EDGE_CURVE('',#2866,#2867,#1389,.T.);
#3483=EDGE_CURVE('',#2867,#2867,#2553,.T.);
#3484=EDGE_CURVE('',#2868,#2869,#1390,.T.);
#3485=EDGE_CURVE('',#2870,#2868,#1391,.T.);
#3486=EDGE_CURVE('',#2871,#2870,#1392,.T.);
#3487=EDGE_CURVE('',#2872,#2871,#1393,.T.);
#3488=EDGE_CURVE('',#2873,#2872,#1394,.T.);
#3489=EDGE_CURVE('',#2869,#2873,#1395,.T.);
#3490=EDGE_CURVE('',#2874,#2868,#1396,.T.);
#3491=EDGE_CURVE('',#2875,#2874,#1397,.T.);
#3492=EDGE_CURVE('',#2875,#2870,#1398,.T.);
#3493=EDGE_CURVE('',#2876,#2875,#1399,.T.);
#3494=EDGE_CURVE('',#2876,#2871,#1400,.T.);
#3495=EDGE_CURVE('',#2877,#2876,#1401,.T.);
#3496=EDGE_CURVE('',#2877,#2872,#1402,.T.);
#3497=EDGE_CURVE('',#2878,#2877,#1403,.T.);
#3498=EDGE_CURVE('',#2878,#2873,#1404,.T.);
#3499=EDGE_CURVE('',#2879,#2878,#1405,.T.);
#3500=EDGE_CURVE('',#2879,#2869,#1406,.T.);
#3501=EDGE_CURVE('',#2874,#2879,#1407,.T.);
#3502=EDGE_CURVE('',#2880,#2880,#2554,.T.);
#3503=EDGE_CURVE('',#2880,#2881,#1408,.T.);
#3504=EDGE_CURVE('',#2881,#2881,#2555,.T.);
#3505=EDGE_CURVE('',#2882,#2883,#1409,.T.);
#3506=EDGE_CURVE('',#2884,#2882,#1410,.T.);
#3507=EDGE_CURVE('',#2885,#2884,#1411,.T.);
#3508=EDGE_CURVE('',#2886,#2885,#1412,.T.);
#3509=EDGE_CURVE('',#2887,#2886,#1413,.T.);
#3510=EDGE_CURVE('',#2883,#2887,#1414,.T.);
#3511=EDGE_CURVE('',#2888,#2882,#1415,.T.);
#3512=EDGE_CURVE('',#2889,#2888,#1416,.T.);
#3513=EDGE_CURVE('',#2889,#2884,#1417,.T.);
#3514=EDGE_CURVE('',#2890,#2889,#1418,.T.);
#3515=EDGE_CURVE('',#2890,#2885,#1419,.T.);
#3516=EDGE_CURVE('',#2891,#2890,#1420,.T.);
#3517=EDGE_CURVE('',#2891,#2886,#1421,.T.);
#3518=EDGE_CURVE('',#2892,#2891,#1422,.T.);
#3519=EDGE_CURVE('',#2892,#2887,#1423,.T.);
#3520=EDGE_CURVE('',#2893,#2892,#1424,.T.);
#3521=EDGE_CURVE('',#2893,#2883,#1425,.T.);
#3522=EDGE_CURVE('',#2888,#2893,#1426,.T.);
#3523=EDGE_CURVE('',#2894,#2894,#2556,.T.);
#3524=EDGE_CURVE('',#2894,#2895,#1427,.T.);
#3525=EDGE_CURVE('',#2895,#2895,#2557,.T.);
#3526=EDGE_CURVE('',#2896,#2897,#1428,.T.);
#3527=EDGE_CURVE('',#2898,#2896,#1429,.T.);
#3528=EDGE_CURVE('',#2899,#2898,#1430,.T.);
#3529=EDGE_CURVE('',#2900,#2899,#1431,.T.);
#3530=EDGE_CURVE('',#2901,#2900,#1432,.T.);
#3531=EDGE_CURVE('',#2897,#2901,#1433,.T.);
#3532=EDGE_CURVE('',#2902,#2896,#1434,.T.);
#3533=EDGE_CURVE('',#2903,#2902,#1435,.T.);
#3534=EDGE_CURVE('',#2903,#2898,#1436,.T.);
#3535=EDGE_CURVE('',#2904,#2903,#1437,.T.);
#3536=EDGE_CURVE('',#2904,#2899,#1438,.T.);
#3537=EDGE_CURVE('',#2905,#2904,#1439,.T.);
#3538=EDGE_CURVE('',#2905,#2900,#1440,.T.);
#3539=EDGE_CURVE('',#2906,#2905,#1441,.T.);
#3540=EDGE_CURVE('',#2906,#2901,#1442,.T.);
#3541=EDGE_CURVE('',#2907,#2906,#1443,.T.);
#3542=EDGE_CURVE('',#2907,#2897,#1444,.T.);
#3543=EDGE_CURVE('',#2902,#2907,#1445,.T.);
#3544=EDGE_CURVE('',#2908,#2908,#2558,.T.);
#3545=EDGE_CURVE('',#2908,#2909,#1446,.T.);
#3546=EDGE_CURVE('',#2909,#2909,#2559,.T.);
#3547=EDGE_CURVE('',#2910,#2911,#1447,.T.);
#3548=EDGE_CURVE('',#2912,#2910,#1448,.T.);
#3549=EDGE_CURVE('',#2913,#2912,#1449,.T.);
#3550=EDGE_CURVE('',#2914,#2913,#1450,.T.);
#3551=EDGE_CURVE('',#2915,#2914,#1451,.T.);
#3552=EDGE_CURVE('',#2911,#2915,#1452,.T.);
#3553=EDGE_CURVE('',#2916,#2910,#1453,.T.);
#3554=EDGE_CURVE('',#2917,#2916,#1454,.T.);
#3555=EDGE_CURVE('',#2917,#2912,#1455,.T.);
#3556=EDGE_CURVE('',#2918,#2917,#1456,.T.);
#3557=EDGE_CURVE('',#2918,#2913,#1457,.T.);
#3558=EDGE_CURVE('',#2919,#2918,#1458,.T.);
#3559=EDGE_CURVE('',#2919,#2914,#1459,.T.);
#3560=EDGE_CURVE('',#2920,#2919,#1460,.T.);
#3561=EDGE_CURVE('',#2920,#2915,#1461,.T.);
#3562=EDGE_CURVE('',#2921,#2920,#1462,.T.);
#3563=EDGE_CURVE('',#2921,#2911,#1463,.T.);
#3564=EDGE_CURVE('',#2916,#2921,#1464,.T.);
#3565=EDGE_CURVE('',#2922,#2922,#2560,.T.);
#3566=EDGE_CURVE('',#2923,#2923,#2561,.T.);
#3567=EDGE_CURVE('',#2923,#2924,#1465,.T.);
#3568=EDGE_CURVE('',#2924,#2924,#2562,.T.);
#3569=EDGE_CURVE('',#2924,#2925,#1466,.T.);
#3570=EDGE_CURVE('',#2925,#2925,#2563,.T.);
#3571=EDGE_CURVE('',#2926,#2926,#2564,.T.);
#3572=EDGE_CURVE('',#2926,#2927,#1467,.T.);
#3573=EDGE_CURVE('',#2927,#2927,#2565,.T.);
#3574=EDGE_CURVE('',#2928,#2929,#1468,.T.);
#3575=EDGE_CURVE('',#2930,#2928,#1469,.T.);
#3576=EDGE_CURVE('',#2931,#2930,#1470,.T.);
#3577=EDGE_CURVE('',#2932,#2931,#1471,.T.);
#3578=EDGE_CURVE('',#2933,#2932,#1472,.T.);
#3579=EDGE_CURVE('',#2929,#2933,#1473,.T.);
#3580=EDGE_CURVE('',#2934,#2928,#1474,.T.);
#3581=EDGE_CURVE('',#2935,#2934,#1475,.T.);
#3582=EDGE_CURVE('',#2935,#2930,#1476,.T.);
#3583=EDGE_CURVE('',#2936,#2935,#1477,.T.);
#3584=EDGE_CURVE('',#2936,#2931,#1478,.T.);
#3585=EDGE_CURVE('',#2937,#2936,#1479,.T.);
#3586=EDGE_CURVE('',#2937,#2932,#1480,.T.);
#3587=EDGE_CURVE('',#2938,#2937,#1481,.T.);
#3588=EDGE_CURVE('',#2938,#2933,#1482,.T.);
#3589=EDGE_CURVE('',#2939,#2938,#1483,.T.);
#3590=EDGE_CURVE('',#2939,#2929,#1484,.T.);
#3591=EDGE_CURVE('',#2934,#2939,#1485,.T.);
#3592=EDGE_CURVE('',#2940,#2940,#2566,.T.);
#3593=EDGE_CURVE('',#2941,#2941,#2567,.T.);
#3594=EDGE_CURVE('',#2941,#2942,#1486,.T.);
#3595=EDGE_CURVE('',#2942,#2942,#2568,.T.);
#3596=EDGE_CURVE('',#2942,#2943,#1487,.T.);
#3597=EDGE_CURVE('',#2943,#2943,#2569,.T.);
#3598=EDGE_CURVE('',#2944,#2944,#2570,.T.);
#3599=EDGE_CURVE('',#2944,#2945,#1488,.T.);
#3600=EDGE_CURVE('',#2945,#2945,#2571,.T.);
#3601=EDGE_CURVE('',#2946,#2947,#1489,.T.);
#3602=EDGE_CURVE('',#2948,#2946,#1490,.T.);
#3603=EDGE_CURVE('',#2949,#2948,#1491,.T.);
#3604=EDGE_CURVE('',#2950,#2949,#1492,.T.);
#3605=EDGE_CURVE('',#2951,#2950,#1493,.T.);
#3606=EDGE_CURVE('',#2947,#2951,#1494,.T.);
#3607=EDGE_CURVE('',#2952,#2946,#1495,.T.);
#3608=EDGE_CURVE('',#2953,#2952,#1496,.T.);
#3609=EDGE_CURVE('',#2953,#2948,#1497,.T.);
#3610=EDGE_CURVE('',#2954,#2953,#1498,.T.);
#3611=EDGE_CURVE('',#2954,#2949,#1499,.T.);
#3612=EDGE_CURVE('',#2955,#2954,#1500,.T.);
#3613=EDGE_CURVE('',#2955,#2950,#1501,.T.);
#3614=EDGE_CURVE('',#2956,#2955,#1502,.T.);
#3615=EDGE_CURVE('',#2956,#2951,#1503,.T.);
#3616=EDGE_CURVE('',#2957,#2956,#1504,.T.);
#3617=EDGE_CURVE('',#2957,#2947,#1505,.T.);
#3618=EDGE_CURVE('',#2952,#2957,#1506,.T.);
#3619=EDGE_CURVE('',#2958,#2958,#2572,.T.);
#3620=EDGE_CURVE('',#2959,#2959,#2573,.T.);
#3621=EDGE_CURVE('',#2959,#2960,#1507,.T.);
#3622=EDGE_CURVE('',#2960,#2960,#2574,.T.);
#3623=EDGE_CURVE('',#2960,#2961,#1508,.T.);
#3624=EDGE_CURVE('',#2961,#2961,#2575,.T.);
#3625=EDGE_CURVE('',#2962,#2962,#2576,.T.);
#3626=EDGE_CURVE('',#2962,#2963,#1509,.T.);
#3627=EDGE_CURVE('',#2963,#2963,#2577,.T.);
#3628=EDGE_CURVE('',#2964,#2965,#1510,.T.);
#3629=EDGE_CURVE('',#2966,#2964,#1511,.T.);
#3630=EDGE_CURVE('',#2967,#2966,#1512,.T.);
#3631=EDGE_CURVE('',#2968,#2967,#1513,.T.);
#3632=EDGE_CURVE('',#2969,#2968,#1514,.T.);
#3633=EDGE_CURVE('',#2965,#2969,#1515,.T.);
#3634=EDGE_CURVE('',#2970,#2964,#1516,.T.);
#3635=EDGE_CURVE('',#2971,#2970,#1517,.T.);
#3636=EDGE_CURVE('',#2971,#2966,#1518,.T.);
#3637=EDGE_CURVE('',#2972,#2971,#1519,.T.);
#3638=EDGE_CURVE('',#2972,#2967,#1520,.T.);
#3639=EDGE_CURVE('',#2973,#2972,#1521,.T.);
#3640=EDGE_CURVE('',#2973,#2968,#1522,.T.);
#3641=EDGE_CURVE('',#2974,#2973,#1523,.T.);
#3642=EDGE_CURVE('',#2974,#2969,#1524,.T.);
#3643=EDGE_CURVE('',#2975,#2974,#1525,.T.);
#3644=EDGE_CURVE('',#2975,#2965,#1526,.T.);
#3645=EDGE_CURVE('',#2970,#2975,#1527,.T.);
#3646=EDGE_CURVE('',#2976,#2976,#2578,.T.);
#3647=EDGE_CURVE('',#2977,#2977,#2579,.T.);
#3648=EDGE_CURVE('',#2977,#2978,#1528,.T.);
#3649=EDGE_CURVE('',#2978,#2978,#2580,.T.);
#3650=EDGE_CURVE('',#2978,#2979,#1529,.T.);
#3651=EDGE_CURVE('',#2979,#2979,#2581,.T.);
#3652=EDGE_CURVE('',#2980,#2980,#2582,.T.);
#3653=EDGE_CURVE('',#2980,#2981,#1530,.T.);
#3654=EDGE_CURVE('',#2981,#2981,#2583,.T.);
#3655=EDGE_CURVE('',#2982,#2983,#1531,.T.);
#3656=EDGE_CURVE('',#2984,#2982,#1532,.T.);
#3657=EDGE_CURVE('',#2985,#2984,#1533,.T.);
#3658=EDGE_CURVE('',#2986,#2985,#1534,.T.);
#3659=EDGE_CURVE('',#2987,#2986,#1535,.T.);
#3660=EDGE_CURVE('',#2983,#2987,#1536,.T.);
#3661=EDGE_CURVE('',#2988,#2982,#1537,.T.);
#3662=EDGE_CURVE('',#2989,#2988,#1538,.T.);
#3663=EDGE_CURVE('',#2989,#2984,#1539,.T.);
#3664=EDGE_CURVE('',#2990,#2989,#1540,.T.);
#3665=EDGE_CURVE('',#2990,#2985,#1541,.T.);
#3666=EDGE_CURVE('',#2991,#2990,#1542,.T.);
#3667=EDGE_CURVE('',#2991,#2986,#1543,.T.);
#3668=EDGE_CURVE('',#2992,#2991,#1544,.T.);
#3669=EDGE_CURVE('',#2992,#2987,#1545,.T.);
#3670=EDGE_CURVE('',#2993,#2992,#1546,.T.);
#3671=EDGE_CURVE('',#2993,#2983,#1547,.T.);
#3672=EDGE_CURVE('',#2988,#2993,#1548,.T.);
#3673=EDGE_CURVE('',#2994,#2994,#2584,.T.);
#3674=EDGE_CURVE('',#2995,#2995,#2585,.T.);
#3675=EDGE_CURVE('',#2995,#2996,#1549,.T.);
#3676=EDGE_CURVE('',#2996,#2996,#2586,.T.);
#3677=EDGE_CURVE('',#2996,#2997,#1550,.T.);
#3678=EDGE_CURVE('',#2997,#2997,#2587,.T.);
#3679=EDGE_CURVE('',#2998,#2998,#2588,.T.);
#3680=EDGE_CURVE('',#2998,#2999,#1551,.T.);
#3681=EDGE_CURVE('',#2999,#2999,#2589,.T.);
#3682=EDGE_CURVE('',#3000,#3001,#1552,.T.);
#3683=EDGE_CURVE('',#3002,#3000,#1553,.T.);
#3684=EDGE_CURVE('',#3003,#3002,#1554,.T.);
#3685=EDGE_CURVE('',#3004,#3003,#1555,.T.);
#3686=EDGE_CURVE('',#3005,#3004,#1556,.T.);
#3687=EDGE_CURVE('',#3001,#3005,#1557,.T.);
#3688=EDGE_CURVE('',#3006,#3000,#1558,.T.);
#3689=EDGE_CURVE('',#3007,#3006,#1559,.T.);
#3690=EDGE_CURVE('',#3007,#3002,#1560,.T.);
#3691=EDGE_CURVE('',#3008,#3007,#1561,.T.);
#3692=EDGE_CURVE('',#3008,#3003,#1562,.T.);
#3693=EDGE_CURVE('',#3009,#3008,#1563,.T.);
#3694=EDGE_CURVE('',#3009,#3004,#1564,.T.);
#3695=EDGE_CURVE('',#3010,#3009,#1565,.T.);
#3696=EDGE_CURVE('',#3010,#3005,#1566,.T.);
#3697=EDGE_CURVE('',#3011,#3010,#1567,.T.);
#3698=EDGE_CURVE('',#3011,#3001,#1568,.T.);
#3699=EDGE_CURVE('',#3006,#3011,#1569,.T.);
#3700=EDGE_CURVE('',#3012,#3012,#2590,.T.);
#3701=EDGE_CURVE('',#3013,#3013,#2591,.T.);
#3702=EDGE_CURVE('',#3013,#3014,#1570,.T.);
#3703=EDGE_CURVE('',#3014,#3014,#2592,.T.);
#3704=EDGE_CURVE('',#3014,#3015,#1571,.T.);
#3705=EDGE_CURVE('',#3015,#3015,#2593,.T.);
#3706=EDGE_CURVE('',#3016,#3016,#2594,.T.);
#3707=EDGE_CURVE('',#3016,#3017,#1572,.T.);
#3708=EDGE_CURVE('',#3017,#3017,#2595,.T.);
#3709=EDGE_CURVE('',#3018,#3019,#1573,.T.);
#3710=EDGE_CURVE('',#3020,#3018,#1574,.T.);
#3711=EDGE_CURVE('',#3021,#3020,#1575,.T.);
#3712=EDGE_CURVE('',#3022,#3021,#1576,.T.);
#3713=EDGE_CURVE('',#3023,#3022,#1577,.T.);
#3714=EDGE_CURVE('',#3019,#3023,#1578,.T.);
#3715=EDGE_CURVE('',#3024,#3018,#1579,.T.);
#3716=EDGE_CURVE('',#3025,#3024,#1580,.T.);
#3717=EDGE_CURVE('',#3025,#3020,#1581,.T.);
#3718=EDGE_CURVE('',#3026,#3025,#1582,.T.);
#3719=EDGE_CURVE('',#3026,#3021,#1583,.T.);
#3720=EDGE_CURVE('',#3027,#3026,#1584,.T.);
#3721=EDGE_CURVE('',#3027,#3022,#1585,.T.);
#3722=EDGE_CURVE('',#3028,#3027,#1586,.T.);
#3723=EDGE_CURVE('',#3028,#3023,#1587,.T.);
#3724=EDGE_CURVE('',#3029,#3028,#1588,.T.);
#3725=EDGE_CURVE('',#3029,#3019,#1589,.T.);
#3726=EDGE_CURVE('',#3024,#3029,#1590,.T.);
#3727=EDGE_CURVE('',#3030,#3030,#2596,.T.);
#3728=EDGE_CURVE('',#3031,#3031,#2597,.T.);
#3729=EDGE_CURVE('',#3032,#3032,#2598,.T.);
#3730=EDGE_CURVE('',#3032,#3033,#1591,.T.);
#3731=EDGE_CURVE('',#3033,#3033,#2599,.T.);
#3732=EDGE_CURVE('',#3034,#3034,#2600,.T.);
#3733=EDGE_CURVE('',#3034,#3035,#1592,.T.);
#3734=EDGE_CURVE('',#3035,#3035,#2601,.T.);
#3735=EDGE_CURVE('',#3036,#3036,#2602,.T.);
#3736=EDGE_CURVE('',#3036,#3037,#1593,.T.);
#3737=EDGE_CURVE('',#3037,#3037,#2603,.T.);
#3738=EDGE_CURVE('',#3038,#3038,#2604,.T.);
#3739=EDGE_CURVE('',#3038,#3039,#1594,.T.);
#3740=EDGE_CURVE('',#3039,#3039,#2605,.T.);
#3741=EDGE_CURVE('',#3040,#3040,#2606,.T.);
#3742=EDGE_CURVE('',#3040,#3041,#1595,.T.);
#3743=EDGE_CURVE('',#3041,#3041,#2607,.T.);
#3744=EDGE_CURVE('',#3042,#3042,#2608,.T.);
#3745=EDGE_CURVE('',#3042,#3043,#1596,.T.);
#3746=EDGE_CURVE('',#3043,#3043,#2609,.T.);
#3747=EDGE_CURVE('',#3044,#3044,#2610,.T.);
#3748=EDGE_CURVE('',#3044,#3045,#1597,.T.);
#3749=EDGE_CURVE('',#3045,#3045,#2611,.T.);
#3750=EDGE_CURVE('',#3046,#3046,#2612,.T.);
#3751=EDGE_CURVE('',#3046,#3047,#1598,.T.);
#3752=EDGE_CURVE('',#3047,#3047,#2613,.T.);
#3753=EDGE_CURVE('',#3048,#3048,#2614,.T.);
#3754=EDGE_CURVE('',#3048,#3049,#1599,.T.);
#3755=EDGE_CURVE('',#3049,#3049,#2615,.T.);
#3756=EDGE_CURVE('',#3050,#3050,#2616,.T.);
#3757=EDGE_CURVE('',#3050,#3051,#1600,.T.);
#3758=EDGE_CURVE('',#3051,#3051,#2617,.T.);
#3759=EDGE_CURVE('',#3052,#3052,#2618,.T.);
#3760=EDGE_CURVE('',#3052,#3053,#1601,.T.);
#3761=EDGE_CURVE('',#3053,#3053,#2619,.T.);
#3762=EDGE_CURVE('',#3054,#3054,#2620,.T.);
#3763=EDGE_CURVE('',#3054,#3055,#1602,.T.);
#3764=EDGE_CURVE('',#3055,#3055,#2621,.T.);
#3765=EDGE_CURVE('',#3030,#3056,#1603,.T.);
#3766=EDGE_CURVE('',#3056,#3056,#2622,.T.);
#3767=EDGE_CURVE('',#3057,#3057,#2623,.T.);
#3768=EDGE_CURVE('',#3058,#3058,#2624,.T.);
#3769=EDGE_CURVE('',#3059,#3059,#2625,.T.);
#3770=EDGE_CURVE('',#3060,#3060,#2626,.T.);
#3771=EDGE_CURVE('',#3061,#3061,#2627,.T.);
#3772=EDGE_CURVE('',#3062,#3062,#2628,.T.);
#3773=EDGE_CURVE('',#3063,#3063,#2629,.T.);
#3774=EDGE_CURVE('',#3064,#3064,#2630,.T.);
#3775=EDGE_CURVE('',#3065,#3065,#2631,.T.);
#3776=EDGE_CURVE('',#3065,#3066,#1604,.T.);
#3777=EDGE_CURVE('',#3066,#3066,#2632,.T.);
#3778=EDGE_CURVE('',#3067,#3067,#2633,.T.);
#3779=EDGE_CURVE('',#3067,#3068,#1605,.T.);
#3780=EDGE_CURVE('',#3068,#3068,#2634,.T.);
#3781=EDGE_CURVE('',#3069,#3069,#2635,.T.);
#3782=EDGE_CURVE('',#3069,#3070,#1606,.T.);
#3783=EDGE_CURVE('',#3070,#3070,#2636,.T.);
#3784=EDGE_CURVE('',#3071,#3071,#2637,.T.);
#3785=EDGE_CURVE('',#3071,#3072,#1607,.T.);
#3786=EDGE_CURVE('',#3072,#3072,#2638,.T.);
#3787=EDGE_CURVE('',#3073,#3073,#2639,.T.);
#3788=EDGE_CURVE('',#3073,#3074,#1608,.T.);
#3789=EDGE_CURVE('',#3074,#3074,#2640,.T.);
#3790=EDGE_CURVE('',#3075,#3075,#2641,.T.);
#3791=EDGE_CURVE('',#3075,#3076,#1609,.T.);
#3792=EDGE_CURVE('',#3076,#3076,#2642,.T.);
#3793=EDGE_CURVE('',#3077,#3077,#2643,.T.);
#3794=EDGE_CURVE('',#3077,#3078,#1610,.T.);
#3795=EDGE_CURVE('',#3078,#3078,#2644,.T.);
#3796=EDGE_CURVE('',#3079,#3079,#2645,.T.);
#3797=EDGE_CURVE('',#3079,#3080,#1611,.T.);
#3798=EDGE_CURVE('',#3080,#3080,#2646,.T.);
#3799=EDGE_CURVE('',#3081,#3081,#2647,.T.);
#3800=EDGE_CURVE('',#3081,#3082,#1612,.T.);
#3801=EDGE_CURVE('',#3082,#3082,#2648,.T.);
#3802=EDGE_CURVE('',#3083,#3083,#2649,.T.);
#3803=EDGE_CURVE('',#3083,#3084,#1613,.T.);
#3804=EDGE_CURVE('',#3084,#3084,#2650,.T.);
#3805=EDGE_CURVE('',#3085,#3085,#2651,.T.);
#3806=EDGE_CURVE('',#3085,#3086,#1614,.T.);
#3807=EDGE_CURVE('',#3086,#3086,#2652,.T.);
#3808=EDGE_CURVE('',#3087,#3087,#2653,.T.);
#3809=EDGE_CURVE('',#3087,#3088,#1615,.T.);
#3810=EDGE_CURVE('',#3088,#3088,#2654,.T.);
#3811=EDGE_CURVE('',#3089,#3089,#2655,.T.);
#3812=EDGE_CURVE('',#3089,#3063,#1616,.T.);
#3813=EDGE_CURVE('',#3090,#3090,#2656,.T.);
#3814=EDGE_CURVE('',#3091,#3091,#2657,.T.);
#3815=EDGE_CURVE('',#3092,#3092,#2658,.T.);
#3816=EDGE_CURVE('',#3093,#3093,#2659,.T.);
#3817=EDGE_CURVE('',#3094,#3094,#2660,.T.);
#3818=EDGE_CURVE('',#3095,#3095,#2661,.T.);
#3819=EDGE_CURVE('',#3096,#3097,#1617,.T.);
#3820=EDGE_CURVE('',#3096,#3098,#2662,.T.);
#3821=EDGE_CURVE('',#3099,#3098,#1618,.T.);
#3822=EDGE_CURVE('',#3100,#3099,#1619,.T.);
#3823=EDGE_CURVE('',#3101,#3100,#1620,.T.);
#3824=EDGE_CURVE('',#3101,#3102,#2663,.T.);
#3825=EDGE_CURVE('',#3102,#3103,#1621,.T.);
#3826=EDGE_CURVE('',#3103,#3097,#2664,.T.);
#3827=EDGE_CURVE('',#3104,#3104,#2665,.T.);
#3828=EDGE_CURVE('',#3105,#3106,#1622,.T.);
#3829=EDGE_CURVE('',#3096,#3105,#1623,.T.);
#3830=EDGE_CURVE('',#3097,#3106,#1624,.T.);
#3831=EDGE_CURVE('',#3105,#3107,#2666,.T.);
#3832=EDGE_CURVE('',#3098,#3107,#1625,.T.);
#3833=EDGE_CURVE('',#3108,#3107,#1626,.T.);
#3834=EDGE_CURVE('',#3099,#3108,#1627,.T.);
#3835=EDGE_CURVE('',#3109,#3108,#1628,.T.);
#3836=EDGE_CURVE('',#3100,#3109,#1629,.T.);
#3837=EDGE_CURVE('',#3110,#3109,#1630,.T.);
#3838=EDGE_CURVE('',#3101,#3110,#1631,.T.);
#3839=EDGE_CURVE('',#3110,#3111,#2667,.T.);
#3840=EDGE_CURVE('',#3102,#3111,#1632,.T.);
#3841=EDGE_CURVE('',#3111,#3112,#1633,.T.);
#3842=EDGE_CURVE('',#3103,#3112,#1634,.T.);
#3843=EDGE_CURVE('',#3112,#3106,#2668,.T.);
#3844=EDGE_CURVE('',#3113,#3114,#1635,.T.);
#3845=EDGE_CURVE('',#3113,#3115,#2669,.T.);
#3846=EDGE_CURVE('',#3116,#3115,#1636,.T.);
#3847=EDGE_CURVE('',#3117,#3116,#1637,.T.);
#3848=EDGE_CURVE('',#3118,#3117,#1638,.T.);
#3849=EDGE_CURVE('',#3118,#3119,#2670,.T.);
#3850=EDGE_CURVE('',#3119,#3120,#1639,.T.);
#3851=EDGE_CURVE('',#3120,#3114,#2671,.T.);
#3852=EDGE_CURVE('',#3121,#3121,#2672,.T.);
#3853=EDGE_CURVE('',#3122,#3123,#1640,.T.);
#3854=EDGE_CURVE('',#3113,#3122,#1641,.T.);
#3855=EDGE_CURVE('',#3114,#3123,#1642,.T.);
#3856=EDGE_CURVE('',#3122,#3124,#2673,.T.);
#3857=EDGE_CURVE('',#3115,#3124,#1643,.T.);
#3858=EDGE_CURVE('',#3125,#3124,#1644,.T.);
#3859=EDGE_CURVE('',#3116,#3125,#1645,.T.);
#3860=EDGE_CURVE('',#3126,#3125,#1646,.T.);
#3861=EDGE_CURVE('',#3117,#3126,#1647,.T.);
#3862=EDGE_CURVE('',#3127,#3126,#1648,.T.);
#3863=EDGE_CURVE('',#3118,#3127,#1649,.T.);
#3864=EDGE_CURVE('',#3127,#3128,#2674,.T.);
#3865=EDGE_CURVE('',#3119,#3128,#1650,.T.);
#3866=EDGE_CURVE('',#3128,#3129,#1651,.T.);
#3867=EDGE_CURVE('',#3120,#3129,#1652,.T.);
#3868=EDGE_CURVE('',#3129,#3123,#2675,.T.);
#3869=EDGE_CURVE('',#3130,#3131,#2676,.T.);
#3870=EDGE_CURVE('',#3130,#3132,#2677,.T.);
#3871=EDGE_CURVE('',#3132,#3133,#2678,.T.);
#3872=EDGE_CURVE('',#3131,#3133,#2679,.T.);
#3873=EDGE_CURVE('',#3134,#3134,#2680,.T.);
#3874=EDGE_CURVE('',#3135,#3135,#2681,.T.);
#3875=EDGE_CURVE('',#3136,#3136,#2682,.T.);
#3876=EDGE_CURVE('',#3137,#3137,#2683,.T.);
#3877=EDGE_CURVE('',#3137,#3136,#1653,.T.);
#3878=EDGE_CURVE('',#3138,#3137,#1654,.T.);
#3879=EDGE_CURVE('',#3139,#3139,#2684,.T.);
#3880=EDGE_CURVE('',#3139,#3135,#1655,.T.);
#3881=EDGE_CURVE('',#3140,#3139,#1656,.T.);
#3882=EDGE_CURVE('',#3141,#3141,#2685,.T.);
#3883=EDGE_CURVE('',#3141,#3134,#1657,.T.);
#3884=EDGE_CURVE('',#3142,#3141,#1658,.T.);
#3885=EDGE_CURVE('',#3143,#3143,#2686,.T.);
#3886=EDGE_CURVE('',#3143,#3094,#1659,.T.);
#3887=EDGE_CURVE('',#3144,#3143,#1660,.T.);
#3888=EDGE_CURVE('',#3145,#3145,#2687,.T.);
#3889=EDGE_CURVE('',#3145,#3095,#1661,.T.);
#3890=EDGE_CURVE('',#3146,#3145,#1662,.T.);
#3891=EDGE_CURVE('',#3147,#3147,#2688,.T.);
#3892=EDGE_CURVE('',#3147,#3090,#1663,.T.);
#3893=EDGE_CURVE('',#3148,#3147,#1664,.T.);
#3894=EDGE_CURVE('',#3149,#3149,#2689,.T.);
#3895=EDGE_CURVE('',#3149,#3091,#1665,.T.);
#3896=EDGE_CURVE('',#3150,#3149,#1666,.T.);
#3897=EDGE_CURVE('',#3151,#3151,#2690,.T.);
#3898=EDGE_CURVE('',#3151,#3092,#1667,.T.);
#3899=EDGE_CURVE('',#3152,#3151,#1668,.T.);
#3900=EDGE_CURVE('',#3153,#3153,#2691,.T.);
#3901=EDGE_CURVE('',#3153,#3093,#1669,.T.);
#3902=EDGE_CURVE('',#3154,#3153,#1670,.T.);
#3903=EDGE_CURVE('',#3155,#3155,#2692,.T.);
#3904=EDGE_CURVE('',#3155,#3104,#1671,.T.);
#3905=EDGE_CURVE('',#3156,#3156,#2693,.T.);
#3906=EDGE_CURVE('',#3156,#3157,#1672,.T.);
#3907=EDGE_CURVE('',#3157,#3157,#2694,.T.);
#3908=EDGE_CURVE('',#3132,#3158,#2695,.T.);
#3909=EDGE_CURVE('',#3158,#3130,#2696,.T.);
#3910=EDGE_CURVE('',#3158,#3159,#1673,.T.);
#3911=EDGE_CURVE('',#3159,#3159,#2697,.T.);
#3912=EDGE_CURVE('',#3160,#3160,#2698,.T.);
#3913=EDGE_CURVE('',#3160,#3161,#1674,.T.);
#3914=EDGE_CURVE('',#3161,#3131,#2699,.T.);
#3915=EDGE_CURVE('',#3133,#3161,#2700,.T.);
#3916=EDGE_CURVE('',#3064,#3162,#1675,.T.);
#3917=EDGE_CURVE('',#3162,#3162,#2701,.T.);
#3918=EDGE_CURVE('',#3163,#3130,#2702,.T.);
#3919=EDGE_CURVE('',#3163,#3164,#2703,.T.);
#3920=EDGE_CURVE('',#3164,#3165,#2704,.T.);
#3921=EDGE_CURVE('',#3165,#3166,#2705,.T.);
#3922=EDGE_CURVE('',#3166,#3132,#2706,.T.);
#3923=EDGE_CURVE('',#3167,#3168,#2707,.T.);
#3924=EDGE_CURVE('',#3169,#3167,#2708,.T.);
#3925=EDGE_CURVE('',#3169,#3170,#2709,.T.);
#3926=EDGE_CURVE('',#3170,#3168,#2710,.T.);
#3927=EDGE_CURVE('',#3171,#3171,#2711,.T.);
#3928=EDGE_CURVE('',#3172,#3172,#2712,.T.);
#3929=EDGE_CURVE('',#3173,#3173,#2713,.T.);
#3930=EDGE_CURVE('',#3174,#3174,#2714,.T.);
#3931=EDGE_CURVE('',#3175,#3175,#2715,.T.);
#3932=EDGE_CURVE('',#3175,#3174,#1676,.T.);
#3933=EDGE_CURVE('',#3176,#3175,#1677,.T.);
#3934=EDGE_CURVE('',#3177,#3177,#2716,.T.);
#3935=EDGE_CURVE('',#3177,#3173,#1678,.T.);
#3936=EDGE_CURVE('',#3178,#3177,#1679,.T.);
#3937=EDGE_CURVE('',#3179,#3179,#2717,.T.);
#3938=EDGE_CURVE('',#3179,#3172,#1680,.T.);
#3939=EDGE_CURVE('',#3180,#3179,#1681,.T.);
#3940=EDGE_CURVE('',#3181,#3181,#2718,.T.);
#3941=EDGE_CURVE('',#3181,#3171,#1682,.T.);
#3942=EDGE_CURVE('',#3182,#3181,#1683,.T.);
#3943=EDGE_CURVE('',#3183,#3183,#2719,.T.);
#3944=EDGE_CURVE('',#3183,#3058,#1684,.T.);
#3945=EDGE_CURVE('',#3184,#3183,#1685,.T.);
#3946=EDGE_CURVE('',#3185,#3185,#2720,.T.);
#3947=EDGE_CURVE('',#3185,#3057,#1686,.T.);
#3948=EDGE_CURVE('',#3186,#3185,#1687,.T.);
#3949=EDGE_CURVE('',#3187,#3187,#2721,.T.);
#3950=EDGE_CURVE('',#3187,#3062,#1688,.T.);
#3951=EDGE_CURVE('',#3188,#3187,#1689,.T.);
#3952=EDGE_CURVE('',#3189,#3189,#2722,.T.);
#3953=EDGE_CURVE('',#3189,#3061,#1690,.T.);
#3954=EDGE_CURVE('',#3190,#3189,#1691,.T.);
#3955=EDGE_CURVE('',#3191,#3191,#2723,.T.);
#3956=EDGE_CURVE('',#3191,#3060,#1692,.T.);
#3957=EDGE_CURVE('',#3192,#3191,#1693,.T.);
#3958=EDGE_CURVE('',#3193,#3193,#2724,.T.);
#3959=EDGE_CURVE('',#3193,#3059,#1694,.T.);
#3960=EDGE_CURVE('',#3194,#3193,#1695,.T.);
#3961=EDGE_CURVE('',#3195,#3195,#2725,.T.);
#3962=EDGE_CURVE('',#3195,#3121,#1696,.T.);
#3963=EDGE_CURVE('',#3196,#3196,#2726,.T.);
#3964=EDGE_CURVE('',#3196,#3197,#1697,.T.);
#3965=EDGE_CURVE('',#3197,#3197,#2727,.T.);
#3966=EDGE_CURVE('',#3198,#3170,#2728,.T.);
#3967=EDGE_CURVE('',#3198,#3199,#1698,.T.);
#3968=EDGE_CURVE('',#3199,#3199,#2729,.T.);
#3969=EDGE_CURVE('',#3168,#3198,#2730,.T.);
#3970=EDGE_CURVE('',#3200,#3200,#2731,.T.);
#3971=EDGE_CURVE('',#3200,#3201,#1699,.T.);
#3972=EDGE_CURVE('',#3201,#3169,#2732,.T.);
#3973=EDGE_CURVE('',#3167,#3201,#2733,.T.);
#3974=EDGE_CURVE('',#3031,#3202,#1700,.T.);
#3975=EDGE_CURVE('',#3202,#3202,#2734,.T.);
#3976=EDGE_CURVE('',#3170,#3203,#2735,.T.);
#3977=EDGE_CURVE('',#3203,#3204,#2736,.T.);
#3978=EDGE_CURVE('',#3205,#3204,#2737,.T.);
#3979=EDGE_CURVE('',#3205,#3206,#2738,.T.);
#3980=EDGE_CURVE('',#3168,#3206,#2739,.T.);
#3981=EDGE_CURVE('',#3207,#3208,#2740,.T.);
#3982=EDGE_CURVE('',#3207,#3209,#1701,.T.);
#3983=EDGE_CURVE('',#3209,#3210,#2741,.T.);
#3984=EDGE_CURVE('',#3208,#3210,#1702,.T.);
#3985=EDGE_CURVE('',#3211,#3212,#2742,.T.);
#3986=EDGE_CURVE('',#3211,#3213,#1703,.T.);
#3987=EDGE_CURVE('',#3213,#3214,#2743,.T.);
#3988=EDGE_CURVE('',#3212,#3214,#1704,.T.);
#3989=EDGE_CURVE('',#3215,#3216,#2744,.T.);
#3990=EDGE_CURVE('',#3204,#3215,#1705,.T.);
#3991=EDGE_CURVE('',#3203,#3216,#1706,.T.);
#3992=EDGE_CURVE('',#3217,#3218,#2745,.T.);
#3993=EDGE_CURVE('',#3206,#3217,#1707,.T.);
#3994=EDGE_CURVE('',#3218,#3205,#1708,.T.);
#3995=EDGE_CURVE('',#3219,#3206,#1709,.T.);
#3996=EDGE_CURVE('',#3220,#3219,#2746,.T.);
#3997=EDGE_CURVE('',#3167,#3220,#1710,.T.);
#3998=EDGE_CURVE('',#3169,#3221,#1711,.T.);
#3999=EDGE_CURVE('',#3221,#3222,#2747,.T.);
#4000=EDGE_CURVE('',#3222,#3203,#1712,.T.);
#4001=EDGE_CURVE('',#3223,#3224,#2748,.T.);
#4002=EDGE_CURVE('',#3225,#3223,#1713,.T.);
#4003=EDGE_CURVE('',#3226,#3225,#2749,.T.);
#4004=EDGE_CURVE('',#3224,#3226,#1714,.T.);
#4005=EDGE_CURVE('',#3227,#3228,#2750,.T.);
#4006=EDGE_CURVE('',#3229,#3227,#1715,.T.);
#4007=EDGE_CURVE('',#3230,#3229,#2751,.T.);
#4008=EDGE_CURVE('',#3228,#3230,#1716,.T.);
#4009=EDGE_CURVE('',#3220,#3221,#2752,.T.);
#4010=EDGE_CURVE('',#3231,#3232,#2753,.T.);
#4011=EDGE_CURVE('',#3232,#3165,#1717,.T.);
#4012=EDGE_CURVE('',#3164,#3231,#1718,.T.);
#4013=EDGE_CURVE('',#3233,#3234,#1719,.T.);
#4014=EDGE_CURVE('',#3233,#3235,#2754,.T.);
#4015=EDGE_CURVE('',#3236,#3235,#1720,.T.);
#4016=EDGE_CURVE('',#3237,#3236,#2755,.T.);
#4017=EDGE_CURVE('',#3238,#3237,#2756,.T.);
#4018=EDGE_CURVE('',#3239,#3238,#2757,.T.);
#4019=EDGE_CURVE('',#3214,#3239,#1721,.T.);
#4020=EDGE_CURVE('',#3213,#3240,#1722,.T.);
#4021=EDGE_CURVE('',#3240,#3241,#2758,.T.);
#4022=EDGE_CURVE('',#3242,#3241,#2759,.T.);
#4023=EDGE_CURVE('',#3243,#3242,#2760,.T.);
#4024=EDGE_CURVE('',#3243,#3210,#1723,.T.);
#4025=EDGE_CURVE('',#3244,#3209,#1724,.T.);
#4026=EDGE_CURVE('',#3245,#3244,#2761,.T.);
#4027=EDGE_CURVE('',#3246,#3245,#2762,.T.);
#4028=EDGE_CURVE('',#3234,#3246,#2763,.T.);
#4029=EDGE_CURVE('',#3247,#3247,#2764,.T.);
#4030=EDGE_CURVE('',#3248,#3248,#2765,.T.);
#4031=EDGE_CURVE('',#3231,#3249,#2766,.T.);
#4032=EDGE_CURVE('',#3249,#3223,#1725,.T.);
#4033=EDGE_CURVE('',#3227,#3224,#2767,.T.);
#4034=EDGE_CURVE('',#3228,#3250,#1726,.T.);
#4035=EDGE_CURVE('',#3250,#3232,#2768,.T.);
#4036=EDGE_CURVE('',#3219,#3211,#1727,.T.);
#4037=EDGE_CURVE('',#3212,#3251,#1728,.T.);
#4038=EDGE_CURVE('',#3251,#3252,#2769,.T.);
#4039=EDGE_CURVE('',#3252,#3253,#2770,.T.);
#4040=EDGE_CURVE('',#3253,#3254,#2771,.T.);
#4041=EDGE_CURVE('',#3254,#3255,#1729,.T.);
#4042=EDGE_CURVE('',#3255,#3256,#2772,.T.);
#4043=EDGE_CURVE('',#3256,#3257,#1730,.T.);
#4044=EDGE_CURVE('',#3257,#3258,#2773,.T.);
#4045=EDGE_CURVE('',#3258,#3259,#2774,.T.);
#4046=EDGE_CURVE('',#3259,#3260,#2775,.T.);
#4047=EDGE_CURVE('',#3260,#3207,#1731,.T.);
#4048=EDGE_CURVE('',#3208,#3222,#1732,.T.);
#4049=EDGE_CURVE('',#3261,#3261,#2776,.T.);
#4050=EDGE_CURVE('',#3262,#3262,#2777,.T.);
#4051=EDGE_CURVE('',#3263,#3263,#2778,.T.);
#4052=EDGE_CURVE('',#3264,#3264,#2779,.T.);
#4053=EDGE_CURVE('',#3265,#3265,#2780,.T.);
#4054=EDGE_CURVE('',#3266,#3267,#1733,.T.);
#4055=EDGE_CURVE('',#3266,#3268,#2781,.T.);
#4056=EDGE_CURVE('',#3269,#3268,#1734,.T.);
#4057=EDGE_CURVE('',#3269,#3270,#2782,.T.);
#4058=EDGE_CURVE('',#3270,#3271,#1735,.T.);
#4059=EDGE_CURVE('',#3271,#3272,#2783,.T.);
#4060=EDGE_CURVE('',#3272,#3273,#1736,.T.);
#4061=EDGE_CURVE('',#3273,#3267,#2784,.T.);
#4062=EDGE_CURVE('',#3225,#3217,#1737,.T.);
#4063=EDGE_CURVE('',#3215,#3218,#2785,.T.);
#4064=EDGE_CURVE('',#3216,#3230,#1738,.T.);
#4065=EDGE_CURVE('',#3229,#3226,#2786,.T.);
#4066=EDGE_CURVE('',#3274,#3275,#1739,.T.);
#4067=EDGE_CURVE('',#3276,#3275,#2787,.T.);
#4068=EDGE_CURVE('',#3276,#3277,#1740,.T.);
#4069=EDGE_CURVE('',#3278,#3277,#2788,.T.);
#4070=EDGE_CURVE('',#3278,#3279,#1741,.T.);
#4071=EDGE_CURVE('',#3280,#3279,#2789,.T.);
#4072=EDGE_CURVE('',#3281,#3280,#1742,.T.);
#4073=EDGE_CURVE('',#3282,#3281,#2790,.T.);
#4074=EDGE_CURVE('',#3282,#3283,#1743,.T.);
#4075=EDGE_CURVE('',#3284,#3283,#1744,.T.);
#4076=EDGE_CURVE('',#3285,#3284,#2791,.T.);
#4077=EDGE_CURVE('',#3285,#3286,#1745,.T.);
#4078=EDGE_CURVE('',#3287,#3286,#1746,.T.);
#4079=EDGE_CURVE('',#3288,#3287,#1747,.T.);
#4080=EDGE_CURVE('',#3288,#3289,#2792,.T.);
#4081=EDGE_CURVE('',#3289,#3274,#1748,.T.);
#4082=EDGE_CURVE('',#3243,#3166,#1749,.T.);
#4083=EDGE_CURVE('',#3166,#3250,#1750,.T.);
#4084=EDGE_CURVE('',#3163,#3249,#1751,.T.);
#4085=EDGE_CURVE('',#3240,#3163,#1752,.T.);
#4086=EDGE_CURVE('',#3133,#3242,#1753,.T.);
#4087=EDGE_CURVE('',#3131,#3241,#1754,.T.);
#4088=EDGE_CURVE('',#3266,#3278,#1755,.T.);
#4089=EDGE_CURVE('',#3268,#3277,#1756,.T.);
#4090=EDGE_CURVE('',#3267,#3279,#1757,.T.);
#4091=EDGE_CURVE('',#3273,#3280,#1758,.T.);
#4092=EDGE_CURVE('',#3272,#3281,#1759,.T.);
#4093=EDGE_CURVE('',#3271,#3282,#1760,.T.);
#4094=EDGE_CURVE('',#3270,#3275,#1761,.T.);
#4095=EDGE_CURVE('',#3275,#3282,#1762,.T.);
#4096=EDGE_CURVE('',#3269,#3276,#1763,.T.);
#4097=EDGE_CURVE('',#3251,#3239,#1764,.T.);
#4098=EDGE_CURVE('',#3252,#3238,#1765,.T.);
#4099=EDGE_CURVE('',#3253,#3237,#1766,.T.);
#4100=EDGE_CURVE('',#3254,#3236,#1767,.T.);
#4101=EDGE_CURVE('',#3235,#3255,#1768,.T.);
#4102=EDGE_CURVE('',#3256,#3233,#1769,.T.);
#4103=EDGE_CURVE('',#3257,#3234,#1770,.T.);
#4104=EDGE_CURVE('',#3258,#3246,#1771,.T.);
#4105=EDGE_CURVE('',#3259,#3245,#1772,.T.);
#4106=EDGE_CURVE('',#3260,#3244,#1773,.T.);
#4107=EDGE_CURVE('',#3290,#3290,#2793,.T.);
#4108=EDGE_CURVE('',#3290,#3291,#1774,.T.);
#4109=EDGE_CURVE('',#3291,#3291,#2794,.T.);
#4110=EDGE_CURVE('',#3292,#3292,#14,.T.);
#4111=EDGE_CURVE('',#3292,#3293,#1775,.T.);
#4112=EDGE_CURVE('',#3293,#3294,#2795,.T.);
#4113=EDGE_CURVE('',#3294,#3293,#2796,.T.);
#4114=EDGE_CURVE('',#3295,#3295,#15,.T.);
#4115=EDGE_CURVE('',#3295,#2835,#1776,.T.);
#4116=EDGE_CURVE('',#3296,#3296,#2797,.T.);
#4117=EDGE_CURVE('',#3296,#2940,#1777,.T.);
#4118=EDGE_CURVE('',#3297,#3297,#2798,.T.);
#4119=EDGE_CURVE('',#3297,#2922,#1778,.T.);
#4120=EDGE_CURVE('',#3298,#3298,#2799,.T.);
#4121=EDGE_CURVE('',#3298,#3012,#1779,.T.);
#4122=EDGE_CURVE('',#3299,#3299,#2800,.T.);
#4123=EDGE_CURVE('',#3299,#2958,#1780,.T.);
#4124=EDGE_CURVE('',#3300,#3300,#2801,.T.);
#4125=EDGE_CURVE('',#3300,#2976,#1781,.T.);
#4126=EDGE_CURVE('',#3301,#3301,#2802,.T.);
#4127=EDGE_CURVE('',#3301,#2994,#1782,.T.);
#4128=EDGE_CURVE('',#3302,#3303,#2803,.T.);
#4129=EDGE_CURVE('',#3304,#3302,#1783,.T.);
#4130=EDGE_CURVE('',#3304,#3305,#2804,.T.);
#4131=EDGE_CURVE('',#3303,#3305,#1784,.T.);
#4132=EDGE_CURVE('',#3283,#3306,#1785,.T.);
#4133=EDGE_CURVE('',#3307,#3306,#1786,.T.);
#4134=EDGE_CURVE('',#3308,#3307,#1787,.T.);
#4135=EDGE_CURVE('',#3308,#3309,#2805,.T.);
#4136=EDGE_CURVE('',#3309,#3284,#1788,.T.);
#4137=EDGE_CURVE('',#3306,#3310,#2806,.T.);
#4138=EDGE_CURVE('',#3310,#3311,#1789,.T.);
#4139=EDGE_CURVE('',#3307,#3311,#2807,.T.);
#4140=EDGE_CURVE('',#3305,#3274,#1790,.T.);
#4141=EDGE_CURVE('',#3312,#3289,#1791,.T.);
#4142=EDGE_CURVE('',#3312,#3313,#2808,.T.);
#4143=EDGE_CURVE('',#3303,#3313,#1792,.T.);
#4144=EDGE_CURVE('',#3302,#3311,#1793,.T.);
#4145=EDGE_CURVE('',#3313,#3314,#1794,.T.);
#4146=EDGE_CURVE('',#3314,#3287,#1795,.T.);
#4147=EDGE_CURVE('',#3315,#3286,#1796,.T.);
#4148=EDGE_CURVE('',#3315,#3308,#1797,.T.);
#4149=EDGE_CURVE('',#3304,#3310,#1798,.T.);
#4150=EDGE_CURVE('',#3316,#3288,#1799,.T.);
#4151=EDGE_CURVE('',#3316,#3317,#16,.T.);
#4152=EDGE_CURVE('',#3317,#3318,#2809,.T.);
#4153=EDGE_CURVE('',#3318,#3312,#17,.T.);
#4154=EDGE_CURVE('',#3314,#3316,#2810,.T.);
#4155=EDGE_CURVE('',#3317,#3318,#1800,.T.);
#4156=EDGE_CURVE('',#3319,#3285,#1801,.T.);
#4157=EDGE_CURVE('',#3319,#3315,#2811,.T.);
#4158=EDGE_CURVE('',#3309,#3320,#18,.T.);
#4159=EDGE_CURVE('',#3321,#3320,#2812,.T.);
#4160=EDGE_CURVE('',#3321,#3319,#19,.T.);
#4161=EDGE_CURVE('',#3320,#3321,#1802,.T.);
#4162=EDGE_CURVE('',#3322,#3323,#1803,.T.);
#4163=EDGE_CURVE('',#3323,#3324,#1804,.T.);
#4164=EDGE_CURVE('',#3324,#3325,#1805,.T.);
#4165=EDGE_CURVE('',#3325,#3326,#1806,.T.);
#4166=EDGE_CURVE('',#3326,#3327,#1807,.T.);
#4167=EDGE_CURVE('',#3327,#3322,#1808,.T.);
#4168=EDGE_CURVE('',#3328,#3329,#1809,.T.);
#4169=EDGE_CURVE('',#3324,#3329,#1810,.T.);
#4170=EDGE_CURVE('',#3323,#3328,#1811,.T.);
#4171=EDGE_CURVE('',#3329,#3330,#1812,.T.);
#4172=EDGE_CURVE('',#3325,#3330,#1813,.T.);
#4173=EDGE_CURVE('',#3330,#3331,#1814,.T.);
#4174=EDGE_CURVE('',#3326,#3331,#1815,.T.);
#4175=EDGE_CURVE('',#3331,#3332,#1816,.T.);
#4176=EDGE_CURVE('',#3327,#3332,#1817,.T.);
#4177=EDGE_CURVE('',#3332,#3333,#1818,.T.);
#4178=EDGE_CURVE('',#3322,#3333,#1819,.T.);
#4179=EDGE_CURVE('',#3333,#3328,#1820,.T.);
#4180=EDGE_CURVE('',#3334,#3334,#2813,.T.);
#4181=EDGE_CURVE('',#3334,#3248,#1821,.T.);
#4182=EDGE_CURVE('',#3335,#3336,#1822,.T.);
#4183=EDGE_CURVE('',#3336,#3337,#1823,.T.);
#4184=EDGE_CURVE('',#3337,#3338,#1824,.T.);
#4185=EDGE_CURVE('',#3338,#3339,#1825,.T.);
#4186=EDGE_CURVE('',#3339,#3340,#1826,.T.);
#4187=EDGE_CURVE('',#3340,#3335,#1827,.T.);
#4188=EDGE_CURVE('',#3341,#3342,#1828,.T.);
#4189=EDGE_CURVE('',#3337,#3342,#1829,.T.);
#4190=EDGE_CURVE('',#3336,#3341,#1830,.T.);
#4191=EDGE_CURVE('',#3342,#3343,#1831,.T.);
#4192=EDGE_CURVE('',#3338,#3343,#1832,.T.);
#4193=EDGE_CURVE('',#3343,#3344,#1833,.T.);
#4194=EDGE_CURVE('',#3339,#3344,#1834,.T.);
#4195=EDGE_CURVE('',#3344,#3345,#1835,.T.);
#4196=EDGE_CURVE('',#3340,#3345,#1836,.T.);
#4197=EDGE_CURVE('',#3345,#3346,#1837,.T.);
#4198=EDGE_CURVE('',#3335,#3346,#1838,.T.);
#4199=EDGE_CURVE('',#3346,#3341,#1839,.T.);
#4200=EDGE_CURVE('',#3347,#3347,#2814,.T.);
#4201=EDGE_CURVE('',#3347,#3247,#1840,.T.);
#4202=EDGE_CURVE('',#3348,#3349,#1841,.T.);
#4203=EDGE_CURVE('',#3349,#3350,#1842,.T.);
#4204=EDGE_CURVE('',#3350,#3351,#1843,.T.);
#4205=EDGE_CURVE('',#3351,#3352,#1844,.T.);
#4206=EDGE_CURVE('',#3352,#3353,#1845,.T.);
#4207=EDGE_CURVE('',#3353,#3348,#1846,.T.);
#4208=EDGE_CURVE('',#3354,#3355,#1847,.T.);
#4209=EDGE_CURVE('',#3350,#3355,#1848,.T.);
#4210=EDGE_CURVE('',#3349,#3354,#1849,.T.);
#4211=EDGE_CURVE('',#3355,#3356,#1850,.T.);
#4212=EDGE_CURVE('',#3351,#3356,#1851,.T.);
#4213=EDGE_CURVE('',#3356,#3357,#1852,.T.);
#4214=EDGE_CURVE('',#3352,#3357,#1853,.T.);
#4215=EDGE_CURVE('',#3357,#3358,#1854,.T.);
#4216=EDGE_CURVE('',#3353,#3358,#1855,.T.);
#4217=EDGE_CURVE('',#3358,#3359,#1856,.T.);
#4218=EDGE_CURVE('',#3348,#3359,#1857,.T.);
#4219=EDGE_CURVE('',#3359,#3354,#1858,.T.);
#4220=EDGE_CURVE('',#3360,#3360,#2815,.T.);
#4221=EDGE_CURVE('',#3360,#3265,#1859,.T.);
#4222=EDGE_CURVE('',#3361,#3362,#1860,.T.);
#4223=EDGE_CURVE('',#3362,#3363,#1861,.T.);
#4224=EDGE_CURVE('',#3363,#3364,#1862,.T.);
#4225=EDGE_CURVE('',#3364,#3365,#1863,.T.);
#4226=EDGE_CURVE('',#3365,#3366,#1864,.T.);
#4227=EDGE_CURVE('',#3366,#3361,#1865,.T.);
#4228=EDGE_CURVE('',#3367,#3368,#1866,.T.);
#4229=EDGE_CURVE('',#3363,#3368,#1867,.T.);
#4230=EDGE_CURVE('',#3362,#3367,#1868,.T.);
#4231=EDGE_CURVE('',#3368,#3369,#1869,.T.);
#4232=EDGE_CURVE('',#3364,#3369,#1870,.T.);
#4233=EDGE_CURVE('',#3369,#3370,#1871,.T.);
#4234=EDGE_CURVE('',#3365,#3370,#1872,.T.);
#4235=EDGE_CURVE('',#3370,#3371,#1873,.T.);
#4236=EDGE_CURVE('',#3366,#3371,#1874,.T.);
#4237=EDGE_CURVE('',#3371,#3372,#1875,.T.);
#4238=EDGE_CURVE('',#3361,#3372,#1876,.T.);
#4239=EDGE_CURVE('',#3372,#3367,#1877,.T.);
#4240=EDGE_CURVE('',#3373,#3373,#2816,.T.);
#4241=EDGE_CURVE('',#3373,#3264,#1878,.T.);
#4242=EDGE_CURVE('',#3374,#3375,#1879,.T.);
#4243=EDGE_CURVE('',#3375,#3376,#1880,.T.);
#4244=EDGE_CURVE('',#3376,#3377,#1881,.T.);
#4245=EDGE_CURVE('',#3377,#3378,#1882,.T.);
#4246=EDGE_CURVE('',#3378,#3379,#1883,.T.);
#4247=EDGE_CURVE('',#3379,#3374,#1884,.T.);
#4248=EDGE_CURVE('',#3380,#3381,#1885,.T.);
#4249=EDGE_CURVE('',#3376,#3381,#1886,.T.);
#4250=EDGE_CURVE('',#3375,#3380,#1887,.T.);
#4251=EDGE_CURVE('',#3381,#3382,#1888,.T.);
#4252=EDGE_CURVE('',#3377,#3382,#1889,.T.);
#4253=EDGE_CURVE('',#3382,#3383,#1890,.T.);
#4254=EDGE_CURVE('',#3378,#3383,#1891,.T.);
#4255=EDGE_CURVE('',#3383,#3384,#1892,.T.);
#4256=EDGE_CURVE('',#3379,#3384,#1893,.T.);
#4257=EDGE_CURVE('',#3384,#3385,#1894,.T.);
#4258=EDGE_CURVE('',#3374,#3385,#1895,.T.);
#4259=EDGE_CURVE('',#3385,#3380,#1896,.T.);
#4260=EDGE_CURVE('',#3386,#3386,#2817,.T.);
#4261=EDGE_CURVE('',#3386,#3263,#1897,.T.);
#4262=EDGE_CURVE('',#3387,#3388,#1898,.T.);
#4263=EDGE_CURVE('',#3388,#3389,#1899,.T.);
#4264=EDGE_CURVE('',#3389,#3390,#1900,.T.);
#4265=EDGE_CURVE('',#3390,#3391,#1901,.T.);
#4266=EDGE_CURVE('',#3391,#3392,#1902,.T.);
#4267=EDGE_CURVE('',#3392,#3387,#1903,.T.);
#4268=EDGE_CURVE('',#3393,#3394,#1904,.T.);
#4269=EDGE_CURVE('',#3389,#3394,#1905,.T.);
#4270=EDGE_CURVE('',#3388,#3393,#1906,.T.);
#4271=EDGE_CURVE('',#3394,#3395,#1907,.T.);
#4272=EDGE_CURVE('',#3390,#3395,#1908,.T.);
#4273=EDGE_CURVE('',#3395,#3396,#1909,.T.);
#4274=EDGE_CURVE('',#3391,#3396,#1910,.T.);
#4275=EDGE_CURVE('',#3396,#3397,#1911,.T.);
#4276=EDGE_CURVE('',#3392,#3397,#1912,.T.);
#4277=EDGE_CURVE('',#3397,#3398,#1913,.T.);
#4278=EDGE_CURVE('',#3387,#3398,#1914,.T.);
#4279=EDGE_CURVE('',#3398,#3393,#1915,.T.);
#4280=EDGE_CURVE('',#3399,#3399,#2818,.T.);
#4281=EDGE_CURVE('',#3399,#3262,#1916,.T.);
#4282=EDGE_CURVE('',#3400,#3401,#1917,.T.);
#4283=EDGE_CURVE('',#3401,#3402,#1918,.T.);
#4284=EDGE_CURVE('',#3402,#3403,#1919,.T.);
#4285=EDGE_CURVE('',#3403,#3404,#1920,.T.);
#4286=EDGE_CURVE('',#3404,#3405,#1921,.T.);
#4287=EDGE_CURVE('',#3405,#3400,#1922,.T.);
#4288=EDGE_CURVE('',#3406,#3407,#1923,.T.);
#4289=EDGE_CURVE('',#3402,#3407,#1924,.T.);
#4290=EDGE_CURVE('',#3401,#3406,#1925,.T.);
#4291=EDGE_CURVE('',#3407,#3408,#1926,.T.);
#4292=EDGE_CURVE('',#3403,#3408,#1927,.T.);
#4293=EDGE_CURVE('',#3408,#3409,#1928,.T.);
#4294=EDGE_CURVE('',#3404,#3409,#1929,.T.);
#4295=EDGE_CURVE('',#3409,#3410,#1930,.T.);
#4296=EDGE_CURVE('',#3405,#3410,#1931,.T.);
#4297=EDGE_CURVE('',#3410,#3411,#1932,.T.);
#4298=EDGE_CURVE('',#3400,#3411,#1933,.T.);
#4299=EDGE_CURVE('',#3411,#3406,#1934,.T.);
#4300=EDGE_CURVE('',#3412,#3412,#2819,.T.);
#4301=EDGE_CURVE('',#3413,#3413,#2820,.T.);
#4302=EDGE_CURVE('',#3413,#3261,#1935,.T.);
#4303=EDGE_CURVE('',#3294,#3412,#1936,.T.);
#4304=ORIENTED_EDGE('',*,*,#3414,.T.);
#4305=ORIENTED_EDGE('',*,*,#3415,.T.);
#4306=ORIENTED_EDGE('',*,*,#3416,.F.);
#4307=ORIENTED_EDGE('',*,*,#3415,.F.);
#4308=ORIENTED_EDGE('',*,*,#3414,.F.);
#4309=ORIENTED_EDGE('',*,*,#3417,.F.);
#4310=ORIENTED_EDGE('',*,*,#3418,.F.);
#4311=ORIENTED_EDGE('',*,*,#3419,.F.);
#4312=ORIENTED_EDGE('',*,*,#3420,.F.);
#4313=ORIENTED_EDGE('',*,*,#3421,.F.);
#4314=ORIENTED_EDGE('',*,*,#3422,.F.);
#4315=ORIENTED_EDGE('',*,*,#3418,.T.);
#4316=ORIENTED_EDGE('',*,*,#3423,.F.);
#4317=ORIENTED_EDGE('',*,*,#3424,.F.);
#4318=ORIENTED_EDGE('',*,*,#3425,.T.);
#4319=ORIENTED_EDGE('',*,*,#3419,.T.);
#4320=ORIENTED_EDGE('',*,*,#3425,.F.);
#4321=ORIENTED_EDGE('',*,*,#3426,.F.);
#4322=ORIENTED_EDGE('',*,*,#3427,.T.);
#4323=ORIENTED_EDGE('',*,*,#3420,.T.);
#4324=ORIENTED_EDGE('',*,*,#3427,.F.);
#4325=ORIENTED_EDGE('',*,*,#3428,.F.);
#4326=ORIENTED_EDGE('',*,*,#3429,.T.);
#4327=ORIENTED_EDGE('',*,*,#3421,.T.);
#4328=ORIENTED_EDGE('',*,*,#3429,.F.);
#4329=ORIENTED_EDGE('',*,*,#3430,.F.);
#4330=ORIENTED_EDGE('',*,*,#3431,.T.);
#4331=ORIENTED_EDGE('',*,*,#3422,.T.);
#4332=ORIENTED_EDGE('',*,*,#3431,.F.);
#4333=ORIENTED_EDGE('',*,*,#3432,.F.);
#4334=ORIENTED_EDGE('',*,*,#3433,.T.);
#4335=ORIENTED_EDGE('',*,*,#3417,.T.);
#4336=ORIENTED_EDGE('',*,*,#3433,.F.);
#4337=ORIENTED_EDGE('',*,*,#3434,.F.);
#4338=ORIENTED_EDGE('',*,*,#3423,.T.);
#4339=ORIENTED_EDGE('',*,*,#3424,.T.);
#4340=ORIENTED_EDGE('',*,*,#3434,.T.);
#4341=ORIENTED_EDGE('',*,*,#3432,.T.);
#4342=ORIENTED_EDGE('',*,*,#3430,.T.);
#4343=ORIENTED_EDGE('',*,*,#3428,.T.);
#4344=ORIENTED_EDGE('',*,*,#3426,.T.);
#4345=ORIENTED_EDGE('',*,*,#3435,.F.);
#4346=ORIENTED_EDGE('',*,*,#3436,.F.);
#4347=ORIENTED_EDGE('',*,*,#3437,.T.);
#4348=ORIENTED_EDGE('',*,*,#3438,.T.);
#4349=ORIENTED_EDGE('',*,*,#3437,.F.);
#4350=ORIENTED_EDGE('',*,*,#3439,.T.);
#4351=ORIENTED_EDGE('',*,*,#3440,.T.);
#4352=ORIENTED_EDGE('',*,*,#3441,.F.);
#4353=ORIENTED_EDGE('',*,*,#3440,.F.);
#4354=ORIENTED_EDGE('',*,*,#3439,.F.);
#4355=ORIENTED_EDGE('',*,*,#3442,.F.);
#4356=ORIENTED_EDGE('',*,*,#3443,.F.);
#4357=ORIENTED_EDGE('',*,*,#3444,.F.);
#4358=ORIENTED_EDGE('',*,*,#3445,.F.);
#4359=ORIENTED_EDGE('',*,*,#3446,.F.);
#4360=ORIENTED_EDGE('',*,*,#3447,.F.);
#4361=ORIENTED_EDGE('',*,*,#3438,.F.);
#4362=ORIENTED_EDGE('',*,*,#3443,.T.);
#4363=ORIENTED_EDGE('',*,*,#3448,.F.);
#4364=ORIENTED_EDGE('',*,*,#3449,.F.);
#4365=ORIENTED_EDGE('',*,*,#3450,.T.);
#4366=ORIENTED_EDGE('',*,*,#3444,.T.);
#4367=ORIENTED_EDGE('',*,*,#3450,.F.);
#4368=ORIENTED_EDGE('',*,*,#3451,.F.);
#4369=ORIENTED_EDGE('',*,*,#3452,.T.);
#4370=ORIENTED_EDGE('',*,*,#3445,.T.);
#4371=ORIENTED_EDGE('',*,*,#3452,.F.);
#4372=ORIENTED_EDGE('',*,*,#3453,.F.);
#4373=ORIENTED_EDGE('',*,*,#3454,.T.);
#4374=ORIENTED_EDGE('',*,*,#3446,.T.);
#4375=ORIENTED_EDGE('',*,*,#3454,.F.);
#4376=ORIENTED_EDGE('',*,*,#3455,.F.);
#4377=ORIENTED_EDGE('',*,*,#3456,.T.);
#4378=ORIENTED_EDGE('',*,*,#3447,.T.);
#4379=ORIENTED_EDGE('',*,*,#3456,.F.);
#4380=ORIENTED_EDGE('',*,*,#3457,.F.);
#4381=ORIENTED_EDGE('',*,*,#3458,.T.);
#4382=ORIENTED_EDGE('',*,*,#3442,.T.);
#4383=ORIENTED_EDGE('',*,*,#3458,.F.);
#4384=ORIENTED_EDGE('',*,*,#3459,.F.);
#4385=ORIENTED_EDGE('',*,*,#3448,.T.);
#4386=ORIENTED_EDGE('',*,*,#3449,.T.);
#4387=ORIENTED_EDGE('',*,*,#3459,.T.);
#4388=ORIENTED_EDGE('',*,*,#3457,.T.);
#4389=ORIENTED_EDGE('',*,*,#3455,.T.);
#4390=ORIENTED_EDGE('',*,*,#3453,.T.);
#4391=ORIENTED_EDGE('',*,*,#3451,.T.);
#4392=ORIENTED_EDGE('',*,*,#3460,.T.);
#4393=ORIENTED_EDGE('',*,*,#3461,.T.);
#4394=ORIENTED_EDGE('',*,*,#3462,.F.);
#4395=ORIENTED_EDGE('',*,*,#3461,.F.);
#4396=ORIENTED_EDGE('',*,*,#3460,.F.);
#4397=ORIENTED_EDGE('',*,*,#3463,.F.);
#4398=ORIENTED_EDGE('',*,*,#3464,.F.);
#4399=ORIENTED_EDGE('',*,*,#3465,.F.);
#4400=ORIENTED_EDGE('',*,*,#3466,.F.);
#4401=ORIENTED_EDGE('',*,*,#3467,.F.);
#4402=ORIENTED_EDGE('',*,*,#3468,.F.);
#4403=ORIENTED_EDGE('',*,*,#3464,.T.);
#4404=ORIENTED_EDGE('',*,*,#3469,.F.);
#4405=ORIENTED_EDGE('',*,*,#3470,.F.);
#4406=ORIENTED_EDGE('',*,*,#3471,.T.);
#4407=ORIENTED_EDGE('',*,*,#3465,.T.);
#4408=ORIENTED_EDGE('',*,*,#3471,.F.);
#4409=ORIENTED_EDGE('',*,*,#3472,.F.);
#4410=ORIENTED_EDGE('',*,*,#3473,.T.);
#4411=ORIENTED_EDGE('',*,*,#3466,.T.);
#4412=ORIENTED_EDGE('',*,*,#3473,.F.);
#4413=ORIENTED_EDGE('',*,*,#3474,.F.);
#4414=ORIENTED_EDGE('',*,*,#3475,.T.);
#4415=ORIENTED_EDGE('',*,*,#3467,.T.);
#4416=ORIENTED_EDGE('',*,*,#3475,.F.);
#4417=ORIENTED_EDGE('',*,*,#3476,.F.);
#4418=ORIENTED_EDGE('',*,*,#3477,.T.);
#4419=ORIENTED_EDGE('',*,*,#3468,.T.);
#4420=ORIENTED_EDGE('',*,*,#3477,.F.);
#4421=ORIENTED_EDGE('',*,*,#3478,.F.);
#4422=ORIENTED_EDGE('',*,*,#3479,.T.);
#4423=ORIENTED_EDGE('',*,*,#3463,.T.);
#4424=ORIENTED_EDGE('',*,*,#3479,.F.);
#4425=ORIENTED_EDGE('',*,*,#3480,.F.);
#4426=ORIENTED_EDGE('',*,*,#3469,.T.);
#4427=ORIENTED_EDGE('',*,*,#3470,.T.);
#4428=ORIENTED_EDGE('',*,*,#3480,.T.);
#4429=ORIENTED_EDGE('',*,*,#3478,.T.);
#4430=ORIENTED_EDGE('',*,*,#3476,.T.);
#4431=ORIENTED_EDGE('',*,*,#3474,.T.);
#4432=ORIENTED_EDGE('',*,*,#3472,.T.);
#4433=ORIENTED_EDGE('',*,*,#3481,.T.);
#4434=ORIENTED_EDGE('',*,*,#3482,.T.);
#4435=ORIENTED_EDGE('',*,*,#3483,.F.);
#4436=ORIENTED_EDGE('',*,*,#3482,.F.);
#4437=ORIENTED_EDGE('',*,*,#3481,.F.);
#4438=ORIENTED_EDGE('',*,*,#3484,.F.);
#4439=ORIENTED_EDGE('',*,*,#3485,.F.);
#4440=ORIENTED_EDGE('',*,*,#3486,.F.);
#4441=ORIENTED_EDGE('',*,*,#3487,.F.);
#4442=ORIENTED_EDGE('',*,*,#3488,.F.);
#4443=ORIENTED_EDGE('',*,*,#3489,.F.);
#4444=ORIENTED_EDGE('',*,*,#3485,.T.);
#4445=ORIENTED_EDGE('',*,*,#3490,.F.);
#4446=ORIENTED_EDGE('',*,*,#3491,.F.);
#4447=ORIENTED_EDGE('',*,*,#3492,.T.);
#4448=ORIENTED_EDGE('',*,*,#3486,.T.);
#4449=ORIENTED_EDGE('',*,*,#3492,.F.);
#4450=ORIENTED_EDGE('',*,*,#3493,.F.);
#4451=ORIENTED_EDGE('',*,*,#3494,.T.);
#4452=ORIENTED_EDGE('',*,*,#3487,.T.);
#4453=ORIENTED_EDGE('',*,*,#3494,.F.);
#4454=ORIENTED_EDGE('',*,*,#3495,.F.);
#4455=ORIENTED_EDGE('',*,*,#3496,.T.);
#4456=ORIENTED_EDGE('',*,*,#3488,.T.);
#4457=ORIENTED_EDGE('',*,*,#3496,.F.);
#4458=ORIENTED_EDGE('',*,*,#3497,.F.);
#4459=ORIENTED_EDGE('',*,*,#3498,.T.);
#4460=ORIENTED_EDGE('',*,*,#3489,.T.);
#4461=ORIENTED_EDGE('',*,*,#3498,.F.);
#4462=ORIENTED_EDGE('',*,*,#3499,.F.);
#4463=ORIENTED_EDGE('',*,*,#3500,.T.);
#4464=ORIENTED_EDGE('',*,*,#3484,.T.);
#4465=ORIENTED_EDGE('',*,*,#3500,.F.);
#4466=ORIENTED_EDGE('',*,*,#3501,.F.);
#4467=ORIENTED_EDGE('',*,*,#3490,.T.);
#4468=ORIENTED_EDGE('',*,*,#3491,.T.);
#4469=ORIENTED_EDGE('',*,*,#3501,.T.);
#4470=ORIENTED_EDGE('',*,*,#3499,.T.);
#4471=ORIENTED_EDGE('',*,*,#3497,.T.);
#4472=ORIENTED_EDGE('',*,*,#3495,.T.);
#4473=ORIENTED_EDGE('',*,*,#3493,.T.);
#4474=ORIENTED_EDGE('',*,*,#3502,.T.);
#4475=ORIENTED_EDGE('',*,*,#3503,.T.);
#4476=ORIENTED_EDGE('',*,*,#3504,.F.);
#4477=ORIENTED_EDGE('',*,*,#3503,.F.);
#4478=ORIENTED_EDGE('',*,*,#3502,.F.);
#4479=ORIENTED_EDGE('',*,*,#3505,.F.);
#4480=ORIENTED_EDGE('',*,*,#3506,.F.);
#4481=ORIENTED_EDGE('',*,*,#3507,.F.);
#4482=ORIENTED_EDGE('',*,*,#3508,.F.);
#4483=ORIENTED_EDGE('',*,*,#3509,.F.);
#4484=ORIENTED_EDGE('',*,*,#3510,.F.);
#4485=ORIENTED_EDGE('',*,*,#3506,.T.);
#4486=ORIENTED_EDGE('',*,*,#3511,.F.);
#4487=ORIENTED_EDGE('',*,*,#3512,.F.);
#4488=ORIENTED_EDGE('',*,*,#3513,.T.);
#4489=ORIENTED_EDGE('',*,*,#3507,.T.);
#4490=ORIENTED_EDGE('',*,*,#3513,.F.);
#4491=ORIENTED_EDGE('',*,*,#3514,.F.);
#4492=ORIENTED_EDGE('',*,*,#3515,.T.);
#4493=ORIENTED_EDGE('',*,*,#3508,.T.);
#4494=ORIENTED_EDGE('',*,*,#3515,.F.);
#4495=ORIENTED_EDGE('',*,*,#3516,.F.);
#4496=ORIENTED_EDGE('',*,*,#3517,.T.);
#4497=ORIENTED_EDGE('',*,*,#3509,.T.);
#4498=ORIENTED_EDGE('',*,*,#3517,.F.);
#4499=ORIENTED_EDGE('',*,*,#3518,.F.);
#4500=ORIENTED_EDGE('',*,*,#3519,.T.);
#4501=ORIENTED_EDGE('',*,*,#3510,.T.);
#4502=ORIENTED_EDGE('',*,*,#3519,.F.);
#4503=ORIENTED_EDGE('',*,*,#3520,.F.);
#4504=ORIENTED_EDGE('',*,*,#3521,.T.);
#4505=ORIENTED_EDGE('',*,*,#3505,.T.);
#4506=ORIENTED_EDGE('',*,*,#3521,.F.);
#4507=ORIENTED_EDGE('',*,*,#3522,.F.);
#4508=ORIENTED_EDGE('',*,*,#3511,.T.);
#4509=ORIENTED_EDGE('',*,*,#3512,.T.);
#4510=ORIENTED_EDGE('',*,*,#3522,.T.);
#4511=ORIENTED_EDGE('',*,*,#3520,.T.);
#4512=ORIENTED_EDGE('',*,*,#3518,.T.);
#4513=ORIENTED_EDGE('',*,*,#3516,.T.);
#4514=ORIENTED_EDGE('',*,*,#3514,.T.);
#4515=ORIENTED_EDGE('',*,*,#3523,.T.);
#4516=ORIENTED_EDGE('',*,*,#3524,.T.);
#4517=ORIENTED_EDGE('',*,*,#3525,.F.);
#4518=ORIENTED_EDGE('',*,*,#3524,.F.);
#4519=ORIENTED_EDGE('',*,*,#3523,.F.);
#4520=ORIENTED_EDGE('',*,*,#3526,.F.);
#4521=ORIENTED_EDGE('',*,*,#3527,.F.);
#4522=ORIENTED_EDGE('',*,*,#3528,.F.);
#4523=ORIENTED_EDGE('',*,*,#3529,.F.);
#4524=ORIENTED_EDGE('',*,*,#3530,.F.);
#4525=ORIENTED_EDGE('',*,*,#3531,.F.);
#4526=ORIENTED_EDGE('',*,*,#3527,.T.);
#4527=ORIENTED_EDGE('',*,*,#3532,.F.);
#4528=ORIENTED_EDGE('',*,*,#3533,.F.);
#4529=ORIENTED_EDGE('',*,*,#3534,.T.);
#4530=ORIENTED_EDGE('',*,*,#3528,.T.);
#4531=ORIENTED_EDGE('',*,*,#3534,.F.);
#4532=ORIENTED_EDGE('',*,*,#3535,.F.);
#4533=ORIENTED_EDGE('',*,*,#3536,.T.);
#4534=ORIENTED_EDGE('',*,*,#3529,.T.);
#4535=ORIENTED_EDGE('',*,*,#3536,.F.);
#4536=ORIENTED_EDGE('',*,*,#3537,.F.);
#4537=ORIENTED_EDGE('',*,*,#3538,.T.);
#4538=ORIENTED_EDGE('',*,*,#3530,.T.);
#4539=ORIENTED_EDGE('',*,*,#3538,.F.);
#4540=ORIENTED_EDGE('',*,*,#3539,.F.);
#4541=ORIENTED_EDGE('',*,*,#3540,.T.);
#4542=ORIENTED_EDGE('',*,*,#3531,.T.);
#4543=ORIENTED_EDGE('',*,*,#3540,.F.);
#4544=ORIENTED_EDGE('',*,*,#3541,.F.);
#4545=ORIENTED_EDGE('',*,*,#3542,.T.);
#4546=ORIENTED_EDGE('',*,*,#3526,.T.);
#4547=ORIENTED_EDGE('',*,*,#3542,.F.);
#4548=ORIENTED_EDGE('',*,*,#3543,.F.);
#4549=ORIENTED_EDGE('',*,*,#3532,.T.);
#4550=ORIENTED_EDGE('',*,*,#3533,.T.);
#4551=ORIENTED_EDGE('',*,*,#3543,.T.);
#4552=ORIENTED_EDGE('',*,*,#3541,.T.);
#4553=ORIENTED_EDGE('',*,*,#3539,.T.);
#4554=ORIENTED_EDGE('',*,*,#3537,.T.);
#4555=ORIENTED_EDGE('',*,*,#3535,.T.);
#4556=ORIENTED_EDGE('',*,*,#3544,.T.);
#4557=ORIENTED_EDGE('',*,*,#3545,.T.);
#4558=ORIENTED_EDGE('',*,*,#3546,.F.);
#4559=ORIENTED_EDGE('',*,*,#3545,.F.);
#4560=ORIENTED_EDGE('',*,*,#3544,.F.);
#4561=ORIENTED_EDGE('',*,*,#3547,.F.);
#4562=ORIENTED_EDGE('',*,*,#3548,.F.);
#4563=ORIENTED_EDGE('',*,*,#3549,.F.);
#4564=ORIENTED_EDGE('',*,*,#3550,.F.);
#4565=ORIENTED_EDGE('',*,*,#3551,.F.);
#4566=ORIENTED_EDGE('',*,*,#3552,.F.);
#4567=ORIENTED_EDGE('',*,*,#3548,.T.);
#4568=ORIENTED_EDGE('',*,*,#3553,.F.);
#4569=ORIENTED_EDGE('',*,*,#3554,.F.);
#4570=ORIENTED_EDGE('',*,*,#3555,.T.);
#4571=ORIENTED_EDGE('',*,*,#3549,.T.);
#4572=ORIENTED_EDGE('',*,*,#3555,.F.);
#4573=ORIENTED_EDGE('',*,*,#3556,.F.);
#4574=ORIENTED_EDGE('',*,*,#3557,.T.);
#4575=ORIENTED_EDGE('',*,*,#3550,.T.);
#4576=ORIENTED_EDGE('',*,*,#3557,.F.);
#4577=ORIENTED_EDGE('',*,*,#3558,.F.);
#4578=ORIENTED_EDGE('',*,*,#3559,.T.);
#4579=ORIENTED_EDGE('',*,*,#3551,.T.);
#4580=ORIENTED_EDGE('',*,*,#3559,.F.);
#4581=ORIENTED_EDGE('',*,*,#3560,.F.);
#4582=ORIENTED_EDGE('',*,*,#3561,.T.);
#4583=ORIENTED_EDGE('',*,*,#3552,.T.);
#4584=ORIENTED_EDGE('',*,*,#3561,.F.);
#4585=ORIENTED_EDGE('',*,*,#3562,.F.);
#4586=ORIENTED_EDGE('',*,*,#3563,.T.);
#4587=ORIENTED_EDGE('',*,*,#3547,.T.);
#4588=ORIENTED_EDGE('',*,*,#3563,.F.);
#4589=ORIENTED_EDGE('',*,*,#3564,.F.);
#4590=ORIENTED_EDGE('',*,*,#3553,.T.);
#4591=ORIENTED_EDGE('',*,*,#3554,.T.);
#4592=ORIENTED_EDGE('',*,*,#3564,.T.);
#4593=ORIENTED_EDGE('',*,*,#3562,.T.);
#4594=ORIENTED_EDGE('',*,*,#3560,.T.);
#4595=ORIENTED_EDGE('',*,*,#3558,.T.);
#4596=ORIENTED_EDGE('',*,*,#3556,.T.);
#4597=ORIENTED_EDGE('',*,*,#3565,.F.);
#4598=ORIENTED_EDGE('',*,*,#3566,.T.);
#4599=ORIENTED_EDGE('',*,*,#3566,.F.);
#4600=ORIENTED_EDGE('',*,*,#3567,.T.);
#4601=ORIENTED_EDGE('',*,*,#3568,.T.);
#4602=ORIENTED_EDGE('',*,*,#3567,.F.);
#4603=ORIENTED_EDGE('',*,*,#3568,.F.);
#4604=ORIENTED_EDGE('',*,*,#3569,.T.);
#4605=ORIENTED_EDGE('',*,*,#3570,.T.);
#4606=ORIENTED_EDGE('',*,*,#3569,.F.);
#4607=ORIENTED_EDGE('',*,*,#3571,.T.);
#4608=ORIENTED_EDGE('',*,*,#3572,.T.);
#4609=ORIENTED_EDGE('',*,*,#3573,.F.);
#4610=ORIENTED_EDGE('',*,*,#3572,.F.);
#4611=ORIENTED_EDGE('',*,*,#3571,.F.);
#4612=ORIENTED_EDGE('',*,*,#3574,.F.);
#4613=ORIENTED_EDGE('',*,*,#3575,.F.);
#4614=ORIENTED_EDGE('',*,*,#3576,.F.);
#4615=ORIENTED_EDGE('',*,*,#3577,.F.);
#4616=ORIENTED_EDGE('',*,*,#3578,.F.);
#4617=ORIENTED_EDGE('',*,*,#3579,.F.);
#4618=ORIENTED_EDGE('',*,*,#3570,.F.);
#4619=ORIENTED_EDGE('',*,*,#3575,.T.);
#4620=ORIENTED_EDGE('',*,*,#3580,.F.);
#4621=ORIENTED_EDGE('',*,*,#3581,.F.);
#4622=ORIENTED_EDGE('',*,*,#3582,.T.);
#4623=ORIENTED_EDGE('',*,*,#3576,.T.);
#4624=ORIENTED_EDGE('',*,*,#3582,.F.);
#4625=ORIENTED_EDGE('',*,*,#3583,.F.);
#4626=ORIENTED_EDGE('',*,*,#3584,.T.);
#4627=ORIENTED_EDGE('',*,*,#3577,.T.);
#4628=ORIENTED_EDGE('',*,*,#3584,.F.);
#4629=ORIENTED_EDGE('',*,*,#3585,.F.);
#4630=ORIENTED_EDGE('',*,*,#3586,.T.);
#4631=ORIENTED_EDGE('',*,*,#3578,.T.);
#4632=ORIENTED_EDGE('',*,*,#3586,.F.);
#4633=ORIENTED_EDGE('',*,*,#3587,.F.);
#4634=ORIENTED_EDGE('',*,*,#3588,.T.);
#4635=ORIENTED_EDGE('',*,*,#3579,.T.);
#4636=ORIENTED_EDGE('',*,*,#3588,.F.);
#4637=ORIENTED_EDGE('',*,*,#3589,.F.);
#4638=ORIENTED_EDGE('',*,*,#3590,.T.);
#4639=ORIENTED_EDGE('',*,*,#3574,.T.);
#4640=ORIENTED_EDGE('',*,*,#3590,.F.);
#4641=ORIENTED_EDGE('',*,*,#3591,.F.);
#4642=ORIENTED_EDGE('',*,*,#3580,.T.);
#4643=ORIENTED_EDGE('',*,*,#3581,.T.);
#4644=ORIENTED_EDGE('',*,*,#3591,.T.);
#4645=ORIENTED_EDGE('',*,*,#3589,.T.);
#4646=ORIENTED_EDGE('',*,*,#3587,.T.);
#4647=ORIENTED_EDGE('',*,*,#3585,.T.);
#4648=ORIENTED_EDGE('',*,*,#3583,.T.);
#4649=ORIENTED_EDGE('',*,*,#3592,.F.);
#4650=ORIENTED_EDGE('',*,*,#3593,.T.);
#4651=ORIENTED_EDGE('',*,*,#3593,.F.);
#4652=ORIENTED_EDGE('',*,*,#3594,.T.);
#4653=ORIENTED_EDGE('',*,*,#3595,.T.);
#4654=ORIENTED_EDGE('',*,*,#3594,.F.);
#4655=ORIENTED_EDGE('',*,*,#3595,.F.);
#4656=ORIENTED_EDGE('',*,*,#3596,.T.);
#4657=ORIENTED_EDGE('',*,*,#3597,.T.);
#4658=ORIENTED_EDGE('',*,*,#3596,.F.);
#4659=ORIENTED_EDGE('',*,*,#3598,.T.);
#4660=ORIENTED_EDGE('',*,*,#3599,.T.);
#4661=ORIENTED_EDGE('',*,*,#3600,.F.);
#4662=ORIENTED_EDGE('',*,*,#3599,.F.);
#4663=ORIENTED_EDGE('',*,*,#3598,.F.);
#4664=ORIENTED_EDGE('',*,*,#3601,.F.);
#4665=ORIENTED_EDGE('',*,*,#3602,.F.);
#4666=ORIENTED_EDGE('',*,*,#3603,.F.);
#4667=ORIENTED_EDGE('',*,*,#3604,.F.);
#4668=ORIENTED_EDGE('',*,*,#3605,.F.);
#4669=ORIENTED_EDGE('',*,*,#3606,.F.);
#4670=ORIENTED_EDGE('',*,*,#3597,.F.);
#4671=ORIENTED_EDGE('',*,*,#3602,.T.);
#4672=ORIENTED_EDGE('',*,*,#3607,.F.);
#4673=ORIENTED_EDGE('',*,*,#3608,.F.);
#4674=ORIENTED_EDGE('',*,*,#3609,.T.);
#4675=ORIENTED_EDGE('',*,*,#3603,.T.);
#4676=ORIENTED_EDGE('',*,*,#3609,.F.);
#4677=ORIENTED_EDGE('',*,*,#3610,.F.);
#4678=ORIENTED_EDGE('',*,*,#3611,.T.);
#4679=ORIENTED_EDGE('',*,*,#3604,.T.);
#4680=ORIENTED_EDGE('',*,*,#3611,.F.);
#4681=ORIENTED_EDGE('',*,*,#3612,.F.);
#4682=ORIENTED_EDGE('',*,*,#3613,.T.);
#4683=ORIENTED_EDGE('',*,*,#3605,.T.);
#4684=ORIENTED_EDGE('',*,*,#3613,.F.);
#4685=ORIENTED_EDGE('',*,*,#3614,.F.);
#4686=ORIENTED_EDGE('',*,*,#3615,.T.);
#4687=ORIENTED_EDGE('',*,*,#3606,.T.);
#4688=ORIENTED_EDGE('',*,*,#3615,.F.);
#4689=ORIENTED_EDGE('',*,*,#3616,.F.);
#4690=ORIENTED_EDGE('',*,*,#3617,.T.);
#4691=ORIENTED_EDGE('',*,*,#3601,.T.);
#4692=ORIENTED_EDGE('',*,*,#3617,.F.);
#4693=ORIENTED_EDGE('',*,*,#3618,.F.);
#4694=ORIENTED_EDGE('',*,*,#3607,.T.);
#4695=ORIENTED_EDGE('',*,*,#3608,.T.);
#4696=ORIENTED_EDGE('',*,*,#3618,.T.);
#4697=ORIENTED_EDGE('',*,*,#3616,.T.);
#4698=ORIENTED_EDGE('',*,*,#3614,.T.);
#4699=ORIENTED_EDGE('',*,*,#3612,.T.);
#4700=ORIENTED_EDGE('',*,*,#3610,.T.);
#4701=ORIENTED_EDGE('',*,*,#3619,.F.);
#4702=ORIENTED_EDGE('',*,*,#3620,.T.);
#4703=ORIENTED_EDGE('',*,*,#3620,.F.);
#4704=ORIENTED_EDGE('',*,*,#3621,.T.);
#4705=ORIENTED_EDGE('',*,*,#3622,.T.);
#4706=ORIENTED_EDGE('',*,*,#3621,.F.);
#4707=ORIENTED_EDGE('',*,*,#3622,.F.);
#4708=ORIENTED_EDGE('',*,*,#3623,.T.);
#4709=ORIENTED_EDGE('',*,*,#3624,.T.);
#4710=ORIENTED_EDGE('',*,*,#3623,.F.);
#4711=ORIENTED_EDGE('',*,*,#3625,.T.);
#4712=ORIENTED_EDGE('',*,*,#3626,.T.);
#4713=ORIENTED_EDGE('',*,*,#3627,.F.);
#4714=ORIENTED_EDGE('',*,*,#3626,.F.);
#4715=ORIENTED_EDGE('',*,*,#3625,.F.);
#4716=ORIENTED_EDGE('',*,*,#3628,.F.);
#4717=ORIENTED_EDGE('',*,*,#3629,.F.);
#4718=ORIENTED_EDGE('',*,*,#3630,.F.);
#4719=ORIENTED_EDGE('',*,*,#3631,.F.);
#4720=ORIENTED_EDGE('',*,*,#3632,.F.);
#4721=ORIENTED_EDGE('',*,*,#3633,.F.);
#4722=ORIENTED_EDGE('',*,*,#3624,.F.);
#4723=ORIENTED_EDGE('',*,*,#3629,.T.);
#4724=ORIENTED_EDGE('',*,*,#3634,.F.);
#4725=ORIENTED_EDGE('',*,*,#3635,.F.);
#4726=ORIENTED_EDGE('',*,*,#3636,.T.);
#4727=ORIENTED_EDGE('',*,*,#3630,.T.);
#4728=ORIENTED_EDGE('',*,*,#3636,.F.);
#4729=ORIENTED_EDGE('',*,*,#3637,.F.);
#4730=ORIENTED_EDGE('',*,*,#3638,.T.);
#4731=ORIENTED_EDGE('',*,*,#3631,.T.);
#4732=ORIENTED_EDGE('',*,*,#3638,.F.);
#4733=ORIENTED_EDGE('',*,*,#3639,.F.);
#4734=ORIENTED_EDGE('',*,*,#3640,.T.);
#4735=ORIENTED_EDGE('',*,*,#3632,.T.);
#4736=ORIENTED_EDGE('',*,*,#3640,.F.);
#4737=ORIENTED_EDGE('',*,*,#3641,.F.);
#4738=ORIENTED_EDGE('',*,*,#3642,.T.);
#4739=ORIENTED_EDGE('',*,*,#3633,.T.);
#4740=ORIENTED_EDGE('',*,*,#3642,.F.);
#4741=ORIENTED_EDGE('',*,*,#3643,.F.);
#4742=ORIENTED_EDGE('',*,*,#3644,.T.);
#4743=ORIENTED_EDGE('',*,*,#3628,.T.);
#4744=ORIENTED_EDGE('',*,*,#3644,.F.);
#4745=ORIENTED_EDGE('',*,*,#3645,.F.);
#4746=ORIENTED_EDGE('',*,*,#3634,.T.);
#4747=ORIENTED_EDGE('',*,*,#3635,.T.);
#4748=ORIENTED_EDGE('',*,*,#3645,.T.);
#4749=ORIENTED_EDGE('',*,*,#3643,.T.);
#4750=ORIENTED_EDGE('',*,*,#3641,.T.);
#4751=ORIENTED_EDGE('',*,*,#3639,.T.);
#4752=ORIENTED_EDGE('',*,*,#3637,.T.);
#4753=ORIENTED_EDGE('',*,*,#3646,.F.);
#4754=ORIENTED_EDGE('',*,*,#3647,.T.);
#4755=ORIENTED_EDGE('',*,*,#3647,.F.);
#4756=ORIENTED_EDGE('',*,*,#3648,.T.);
#4757=ORIENTED_EDGE('',*,*,#3649,.T.);
#4758=ORIENTED_EDGE('',*,*,#3648,.F.);
#4759=ORIENTED_EDGE('',*,*,#3649,.F.);
#4760=ORIENTED_EDGE('',*,*,#3650,.T.);
#4761=ORIENTED_EDGE('',*,*,#3651,.T.);
#4762=ORIENTED_EDGE('',*,*,#3650,.F.);
#4763=ORIENTED_EDGE('',*,*,#3652,.T.);
#4764=ORIENTED_EDGE('',*,*,#3653,.T.);
#4765=ORIENTED_EDGE('',*,*,#3654,.F.);
#4766=ORIENTED_EDGE('',*,*,#3653,.F.);
#4767=ORIENTED_EDGE('',*,*,#3652,.F.);
#4768=ORIENTED_EDGE('',*,*,#3655,.F.);
#4769=ORIENTED_EDGE('',*,*,#3656,.F.);
#4770=ORIENTED_EDGE('',*,*,#3657,.F.);
#4771=ORIENTED_EDGE('',*,*,#3658,.F.);
#4772=ORIENTED_EDGE('',*,*,#3659,.F.);
#4773=ORIENTED_EDGE('',*,*,#3660,.F.);
#4774=ORIENTED_EDGE('',*,*,#3651,.F.);
#4775=ORIENTED_EDGE('',*,*,#3656,.T.);
#4776=ORIENTED_EDGE('',*,*,#3661,.F.);
#4777=ORIENTED_EDGE('',*,*,#3662,.F.);
#4778=ORIENTED_EDGE('',*,*,#3663,.T.);
#4779=ORIENTED_EDGE('',*,*,#3657,.T.);
#4780=ORIENTED_EDGE('',*,*,#3663,.F.);
#4781=ORIENTED_EDGE('',*,*,#3664,.F.);
#4782=ORIENTED_EDGE('',*,*,#3665,.T.);
#4783=ORIENTED_EDGE('',*,*,#3658,.T.);
#4784=ORIENTED_EDGE('',*,*,#3665,.F.);
#4785=ORIENTED_EDGE('',*,*,#3666,.F.);
#4786=ORIENTED_EDGE('',*,*,#3667,.T.);
#4787=ORIENTED_EDGE('',*,*,#3659,.T.);
#4788=ORIENTED_EDGE('',*,*,#3667,.F.);
#4789=ORIENTED_EDGE('',*,*,#3668,.F.);
#4790=ORIENTED_EDGE('',*,*,#3669,.T.);
#4791=ORIENTED_EDGE('',*,*,#3660,.T.);
#4792=ORIENTED_EDGE('',*,*,#3669,.F.);
#4793=ORIENTED_EDGE('',*,*,#3670,.F.);
#4794=ORIENTED_EDGE('',*,*,#3671,.T.);
#4795=ORIENTED_EDGE('',*,*,#3655,.T.);
#4796=ORIENTED_EDGE('',*,*,#3671,.F.);
#4797=ORIENTED_EDGE('',*,*,#3672,.F.);
#4798=ORIENTED_EDGE('',*,*,#3661,.T.);
#4799=ORIENTED_EDGE('',*,*,#3662,.T.);
#4800=ORIENTED_EDGE('',*,*,#3672,.T.);
#4801=ORIENTED_EDGE('',*,*,#3670,.T.);
#4802=ORIENTED_EDGE('',*,*,#3668,.T.);
#4803=ORIENTED_EDGE('',*,*,#3666,.T.);
#4804=ORIENTED_EDGE('',*,*,#3664,.T.);
#4805=ORIENTED_EDGE('',*,*,#3673,.F.);
#4806=ORIENTED_EDGE('',*,*,#3674,.T.);
#4807=ORIENTED_EDGE('',*,*,#3674,.F.);
#4808=ORIENTED_EDGE('',*,*,#3675,.T.);
#4809=ORIENTED_EDGE('',*,*,#3676,.T.);
#4810=ORIENTED_EDGE('',*,*,#3675,.F.);
#4811=ORIENTED_EDGE('',*,*,#3676,.F.);
#4812=ORIENTED_EDGE('',*,*,#3677,.T.);
#4813=ORIENTED_EDGE('',*,*,#3678,.T.);
#4814=ORIENTED_EDGE('',*,*,#3677,.F.);
#4815=ORIENTED_EDGE('',*,*,#3679,.T.);
#4816=ORIENTED_EDGE('',*,*,#3680,.T.);
#4817=ORIENTED_EDGE('',*,*,#3681,.F.);
#4818=ORIENTED_EDGE('',*,*,#3680,.F.);
#4819=ORIENTED_EDGE('',*,*,#3679,.F.);
#4820=ORIENTED_EDGE('',*,*,#3682,.F.);
#4821=ORIENTED_EDGE('',*,*,#3683,.F.);
#4822=ORIENTED_EDGE('',*,*,#3684,.F.);
#4823=ORIENTED_EDGE('',*,*,#3685,.F.);
#4824=ORIENTED_EDGE('',*,*,#3686,.F.);
#4825=ORIENTED_EDGE('',*,*,#3687,.F.);
#4826=ORIENTED_EDGE('',*,*,#3678,.F.);
#4827=ORIENTED_EDGE('',*,*,#3683,.T.);
#4828=ORIENTED_EDGE('',*,*,#3688,.F.);
#4829=ORIENTED_EDGE('',*,*,#3689,.F.);
#4830=ORIENTED_EDGE('',*,*,#3690,.T.);
#4831=ORIENTED_EDGE('',*,*,#3684,.T.);
#4832=ORIENTED_EDGE('',*,*,#3690,.F.);
#4833=ORIENTED_EDGE('',*,*,#3691,.F.);
#4834=ORIENTED_EDGE('',*,*,#3692,.T.);
#4835=ORIENTED_EDGE('',*,*,#3685,.T.);
#4836=ORIENTED_EDGE('',*,*,#3692,.F.);
#4837=ORIENTED_EDGE('',*,*,#3693,.F.);
#4838=ORIENTED_EDGE('',*,*,#3694,.T.);
#4839=ORIENTED_EDGE('',*,*,#3686,.T.);
#4840=ORIENTED_EDGE('',*,*,#3694,.F.);
#4841=ORIENTED_EDGE('',*,*,#3695,.F.);
#4842=ORIENTED_EDGE('',*,*,#3696,.T.);
#4843=ORIENTED_EDGE('',*,*,#3687,.T.);
#4844=ORIENTED_EDGE('',*,*,#3696,.F.);
#4845=ORIENTED_EDGE('',*,*,#3697,.F.);
#4846=ORIENTED_EDGE('',*,*,#3698,.T.);
#4847=ORIENTED_EDGE('',*,*,#3682,.T.);
#4848=ORIENTED_EDGE('',*,*,#3698,.F.);
#4849=ORIENTED_EDGE('',*,*,#3699,.F.);
#4850=ORIENTED_EDGE('',*,*,#3688,.T.);
#4851=ORIENTED_EDGE('',*,*,#3689,.T.);
#4852=ORIENTED_EDGE('',*,*,#3699,.T.);
#4853=ORIENTED_EDGE('',*,*,#3697,.T.);
#4854=ORIENTED_EDGE('',*,*,#3695,.T.);
#4855=ORIENTED_EDGE('',*,*,#3693,.T.);
#4856=ORIENTED_EDGE('',*,*,#3691,.T.);
#4857=ORIENTED_EDGE('',*,*,#3700,.F.);
#4858=ORIENTED_EDGE('',*,*,#3701,.T.);
#4859=ORIENTED_EDGE('',*,*,#3701,.F.);
#4860=ORIENTED_EDGE('',*,*,#3702,.T.);
#4861=ORIENTED_EDGE('',*,*,#3703,.T.);
#4862=ORIENTED_EDGE('',*,*,#3702,.F.);
#4863=ORIENTED_EDGE('',*,*,#3703,.F.);
#4864=ORIENTED_EDGE('',*,*,#3704,.T.);
#4865=ORIENTED_EDGE('',*,*,#3705,.T.);
#4866=ORIENTED_EDGE('',*,*,#3704,.F.);
#4867=ORIENTED_EDGE('',*,*,#3706,.T.);
#4868=ORIENTED_EDGE('',*,*,#3707,.T.);
#4869=ORIENTED_EDGE('',*,*,#3708,.F.);
#4870=ORIENTED_EDGE('',*,*,#3707,.F.);
#4871=ORIENTED_EDGE('',*,*,#3706,.F.);
#4872=ORIENTED_EDGE('',*,*,#3709,.F.);
#4873=ORIENTED_EDGE('',*,*,#3710,.F.);
#4874=ORIENTED_EDGE('',*,*,#3711,.F.);
#4875=ORIENTED_EDGE('',*,*,#3712,.F.);
#4876=ORIENTED_EDGE('',*,*,#3713,.F.);
#4877=ORIENTED_EDGE('',*,*,#3714,.F.);
#4878=ORIENTED_EDGE('',*,*,#3705,.F.);
#4879=ORIENTED_EDGE('',*,*,#3710,.T.);
#4880=ORIENTED_EDGE('',*,*,#3715,.F.);
#4881=ORIENTED_EDGE('',*,*,#3716,.F.);
#4882=ORIENTED_EDGE('',*,*,#3717,.T.);
#4883=ORIENTED_EDGE('',*,*,#3711,.T.);
#4884=ORIENTED_EDGE('',*,*,#3717,.F.);
#4885=ORIENTED_EDGE('',*,*,#3718,.F.);
#4886=ORIENTED_EDGE('',*,*,#3719,.T.);
#4887=ORIENTED_EDGE('',*,*,#3712,.T.);
#4888=ORIENTED_EDGE('',*,*,#3719,.F.);
#4889=ORIENTED_EDGE('',*,*,#3720,.F.);
#4890=ORIENTED_EDGE('',*,*,#3721,.T.);
#4891=ORIENTED_EDGE('',*,*,#3713,.T.);
#4892=ORIENTED_EDGE('',*,*,#3721,.F.);
#4893=ORIENTED_EDGE('',*,*,#3722,.F.);
#4894=ORIENTED_EDGE('',*,*,#3723,.T.);
#4895=ORIENTED_EDGE('',*,*,#3714,.T.);
#4896=ORIENTED_EDGE('',*,*,#3723,.F.);
#4897=ORIENTED_EDGE('',*,*,#3724,.F.);
#4898=ORIENTED_EDGE('',*,*,#3725,.T.);
#4899=ORIENTED_EDGE('',*,*,#3709,.T.);
#4900=ORIENTED_EDGE('',*,*,#3725,.F.);
#4901=ORIENTED_EDGE('',*,*,#3726,.F.);
#4902=ORIENTED_EDGE('',*,*,#3715,.T.);
#4903=ORIENTED_EDGE('',*,*,#3716,.T.);
#4904=ORIENTED_EDGE('',*,*,#3726,.T.);
#4905=ORIENTED_EDGE('',*,*,#3724,.T.);
#4906=ORIENTED_EDGE('',*,*,#3722,.T.);
#4907=ORIENTED_EDGE('',*,*,#3720,.T.);
#4908=ORIENTED_EDGE('',*,*,#3718,.T.);
#4909=ORIENTED_EDGE('',*,*,#3727,.F.);
#4910=ORIENTED_EDGE('',*,*,#3728,.T.);
#4911=ORIENTED_EDGE('',*,*,#3729,.F.);
#4912=ORIENTED_EDGE('',*,*,#3730,.T.);
#4913=ORIENTED_EDGE('',*,*,#3731,.T.);
#4914=ORIENTED_EDGE('',*,*,#3730,.F.);
#4915=ORIENTED_EDGE('',*,*,#3732,.F.);
#4916=ORIENTED_EDGE('',*,*,#3733,.T.);
#4917=ORIENTED_EDGE('',*,*,#3734,.T.);
#4918=ORIENTED_EDGE('',*,*,#3733,.F.);
#4919=ORIENTED_EDGE('',*,*,#3735,.F.);
#4920=ORIENTED_EDGE('',*,*,#3736,.T.);
#4921=ORIENTED_EDGE('',*,*,#3737,.T.);
#4922=ORIENTED_EDGE('',*,*,#3736,.F.);
#4923=ORIENTED_EDGE('',*,*,#3738,.F.);
#4924=ORIENTED_EDGE('',*,*,#3739,.T.);
#4925=ORIENTED_EDGE('',*,*,#3740,.T.);
#4926=ORIENTED_EDGE('',*,*,#3739,.F.);
#4927=ORIENTED_EDGE('',*,*,#3741,.F.);
#4928=ORIENTED_EDGE('',*,*,#3742,.T.);
#4929=ORIENTED_EDGE('',*,*,#3743,.T.);
#4930=ORIENTED_EDGE('',*,*,#3742,.F.);
#4931=ORIENTED_EDGE('',*,*,#3744,.F.);
#4932=ORIENTED_EDGE('',*,*,#3745,.T.);
#4933=ORIENTED_EDGE('',*,*,#3746,.T.);
#4934=ORIENTED_EDGE('',*,*,#3745,.F.);
#4935=ORIENTED_EDGE('',*,*,#3747,.F.);
#4936=ORIENTED_EDGE('',*,*,#3748,.T.);
#4937=ORIENTED_EDGE('',*,*,#3749,.T.);
#4938=ORIENTED_EDGE('',*,*,#3748,.F.);
#4939=ORIENTED_EDGE('',*,*,#3750,.F.);
#4940=ORIENTED_EDGE('',*,*,#3751,.T.);
#4941=ORIENTED_EDGE('',*,*,#3752,.T.);
#4942=ORIENTED_EDGE('',*,*,#3751,.F.);
#4943=ORIENTED_EDGE('',*,*,#3753,.F.);
#4944=ORIENTED_EDGE('',*,*,#3754,.T.);
#4945=ORIENTED_EDGE('',*,*,#3755,.T.);
#4946=ORIENTED_EDGE('',*,*,#3754,.F.);
#4947=ORIENTED_EDGE('',*,*,#3756,.F.);
#4948=ORIENTED_EDGE('',*,*,#3757,.T.);
#4949=ORIENTED_EDGE('',*,*,#3758,.T.);
#4950=ORIENTED_EDGE('',*,*,#3757,.F.);
#4951=ORIENTED_EDGE('',*,*,#3759,.F.);
#4952=ORIENTED_EDGE('',*,*,#3760,.T.);
#4953=ORIENTED_EDGE('',*,*,#3761,.T.);
#4954=ORIENTED_EDGE('',*,*,#3760,.F.);
#4955=ORIENTED_EDGE('',*,*,#3762,.F.);
#4956=ORIENTED_EDGE('',*,*,#3763,.T.);
#4957=ORIENTED_EDGE('',*,*,#3764,.T.);
#4958=ORIENTED_EDGE('',*,*,#3763,.F.);
#4959=ORIENTED_EDGE('',*,*,#3727,.T.);
#4960=ORIENTED_EDGE('',*,*,#3765,.T.);
#4961=ORIENTED_EDGE('',*,*,#3766,.F.);
#4962=ORIENTED_EDGE('',*,*,#3765,.F.);
#4963=ORIENTED_EDGE('',*,*,#3766,.T.);
#4964=ORIENTED_EDGE('',*,*,#3731,.F.);
#4965=ORIENTED_EDGE('',*,*,#3734,.F.);
#4966=ORIENTED_EDGE('',*,*,#3737,.F.);
#4967=ORIENTED_EDGE('',*,*,#3740,.F.);
#4968=ORIENTED_EDGE('',*,*,#3743,.F.);
#4969=ORIENTED_EDGE('',*,*,#3746,.F.);
#4970=ORIENTED_EDGE('',*,*,#3749,.F.);
#4971=ORIENTED_EDGE('',*,*,#3752,.F.);
#4972=ORIENTED_EDGE('',*,*,#3755,.F.);
#4973=ORIENTED_EDGE('',*,*,#3758,.F.);
#4974=ORIENTED_EDGE('',*,*,#3761,.F.);
#4975=ORIENTED_EDGE('',*,*,#3764,.F.);
#4976=ORIENTED_EDGE('',*,*,#3762,.T.);
#4977=ORIENTED_EDGE('',*,*,#3767,.F.);
#4978=ORIENTED_EDGE('',*,*,#3759,.T.);
#4979=ORIENTED_EDGE('',*,*,#3768,.F.);
#4980=ORIENTED_EDGE('',*,*,#3756,.T.);
#4981=ORIENTED_EDGE('',*,*,#3769,.F.);
#4982=ORIENTED_EDGE('',*,*,#3753,.T.);
#4983=ORIENTED_EDGE('',*,*,#3770,.F.);
#4984=ORIENTED_EDGE('',*,*,#3750,.T.);
#4985=ORIENTED_EDGE('',*,*,#3771,.F.);
#4986=ORIENTED_EDGE('',*,*,#3747,.T.);
#4987=ORIENTED_EDGE('',*,*,#3772,.F.);
#4988=ORIENTED_EDGE('',*,*,#3744,.T.);
#4989=ORIENTED_EDGE('',*,*,#3741,.T.);
#4990=ORIENTED_EDGE('',*,*,#3738,.T.);
#4991=ORIENTED_EDGE('',*,*,#3735,.T.);
#4992=ORIENTED_EDGE('',*,*,#3732,.T.);
#4993=ORIENTED_EDGE('',*,*,#3773,.T.);
#4994=ORIENTED_EDGE('',*,*,#3774,.T.);
#4995=ORIENTED_EDGE('',*,*,#3775,.F.);
#4996=ORIENTED_EDGE('',*,*,#3776,.T.);
#4997=ORIENTED_EDGE('',*,*,#3777,.F.);
#4998=ORIENTED_EDGE('',*,*,#3776,.F.);
#4999=ORIENTED_EDGE('',*,*,#3778,.F.);
#5000=ORIENTED_EDGE('',*,*,#3779,.T.);
#5001=ORIENTED_EDGE('',*,*,#3780,.F.);
#5002=ORIENTED_EDGE('',*,*,#3779,.F.);
#5003=ORIENTED_EDGE('',*,*,#3781,.F.);
#5004=ORIENTED_EDGE('',*,*,#3782,.T.);
#5005=ORIENTED_EDGE('',*,*,#3783,.F.);
#5006=ORIENTED_EDGE('',*,*,#3782,.F.);
#5007=ORIENTED_EDGE('',*,*,#3784,.F.);
#5008=ORIENTED_EDGE('',*,*,#3785,.T.);
#5009=ORIENTED_EDGE('',*,*,#3786,.F.);
#5010=ORIENTED_EDGE('',*,*,#3785,.F.);
#5011=ORIENTED_EDGE('',*,*,#3787,.F.);
#5012=ORIENTED_EDGE('',*,*,#3788,.T.);
#5013=ORIENTED_EDGE('',*,*,#3789,.F.);
#5014=ORIENTED_EDGE('',*,*,#3788,.F.);
#5015=ORIENTED_EDGE('',*,*,#3790,.F.);
#5016=ORIENTED_EDGE('',*,*,#3791,.T.);
#5017=ORIENTED_EDGE('',*,*,#3792,.F.);
#5018=ORIENTED_EDGE('',*,*,#3791,.F.);
#5019=ORIENTED_EDGE('',*,*,#3793,.F.);
#5020=ORIENTED_EDGE('',*,*,#3794,.T.);
#5021=ORIENTED_EDGE('',*,*,#3795,.F.);
#5022=ORIENTED_EDGE('',*,*,#3794,.F.);
#5023=ORIENTED_EDGE('',*,*,#3796,.F.);
#5024=ORIENTED_EDGE('',*,*,#3797,.T.);
#5025=ORIENTED_EDGE('',*,*,#3798,.F.);
#5026=ORIENTED_EDGE('',*,*,#3797,.F.);
#5027=ORIENTED_EDGE('',*,*,#3799,.F.);
#5028=ORIENTED_EDGE('',*,*,#3800,.T.);
#5029=ORIENTED_EDGE('',*,*,#3801,.F.);
#5030=ORIENTED_EDGE('',*,*,#3800,.F.);
#5031=ORIENTED_EDGE('',*,*,#3802,.F.);
#5032=ORIENTED_EDGE('',*,*,#3803,.T.);
#5033=ORIENTED_EDGE('',*,*,#3804,.F.);
#5034=ORIENTED_EDGE('',*,*,#3803,.F.);
#5035=ORIENTED_EDGE('',*,*,#3805,.F.);
#5036=ORIENTED_EDGE('',*,*,#3806,.T.);
#5037=ORIENTED_EDGE('',*,*,#3807,.F.);
#5038=ORIENTED_EDGE('',*,*,#3806,.F.);
#5039=ORIENTED_EDGE('',*,*,#3808,.F.);
#5040=ORIENTED_EDGE('',*,*,#3809,.T.);
#5041=ORIENTED_EDGE('',*,*,#3810,.F.);
#5042=ORIENTED_EDGE('',*,*,#3809,.F.);
#5043=ORIENTED_EDGE('',*,*,#3811,.T.);
#5044=ORIENTED_EDGE('',*,*,#3812,.T.);
#5045=ORIENTED_EDGE('',*,*,#3773,.F.);
#5046=ORIENTED_EDGE('',*,*,#3812,.F.);
#5047=ORIENTED_EDGE('',*,*,#3811,.F.);
#5048=ORIENTED_EDGE('',*,*,#3775,.T.);
#5049=ORIENTED_EDGE('',*,*,#3778,.T.);
#5050=ORIENTED_EDGE('',*,*,#3781,.T.);
#5051=ORIENTED_EDGE('',*,*,#3784,.T.);
#5052=ORIENTED_EDGE('',*,*,#3787,.T.);
#5053=ORIENTED_EDGE('',*,*,#3790,.T.);
#5054=ORIENTED_EDGE('',*,*,#3793,.T.);
#5055=ORIENTED_EDGE('',*,*,#3796,.T.);
#5056=ORIENTED_EDGE('',*,*,#3799,.T.);
#5057=ORIENTED_EDGE('',*,*,#3802,.T.);
#5058=ORIENTED_EDGE('',*,*,#3805,.T.);
#5059=ORIENTED_EDGE('',*,*,#3808,.T.);
#5060=ORIENTED_EDGE('',*,*,#3810,.T.);
#5061=ORIENTED_EDGE('',*,*,#3813,.F.);
#5062=ORIENTED_EDGE('',*,*,#3807,.T.);
#5063=ORIENTED_EDGE('',*,*,#3814,.F.);
#5064=ORIENTED_EDGE('',*,*,#3804,.T.);
#5065=ORIENTED_EDGE('',*,*,#3815,.F.);
#5066=ORIENTED_EDGE('',*,*,#3801,.T.);
#5067=ORIENTED_EDGE('',*,*,#3816,.F.);
#5068=ORIENTED_EDGE('',*,*,#3798,.T.);
#5069=ORIENTED_EDGE('',*,*,#3817,.F.);
#5070=ORIENTED_EDGE('',*,*,#3795,.T.);
#5071=ORIENTED_EDGE('',*,*,#3818,.F.);
#5072=ORIENTED_EDGE('',*,*,#3792,.T.);
#5073=ORIENTED_EDGE('',*,*,#3789,.T.);
#5074=ORIENTED_EDGE('',*,*,#3786,.T.);
#5075=ORIENTED_EDGE('',*,*,#3783,.T.);
#5076=ORIENTED_EDGE('',*,*,#3780,.T.);
#5077=ORIENTED_EDGE('',*,*,#3819,.F.);
#5078=ORIENTED_EDGE('',*,*,#3820,.T.);
#5079=ORIENTED_EDGE('',*,*,#3821,.F.);
#5080=ORIENTED_EDGE('',*,*,#3822,.F.);
#5081=ORIENTED_EDGE('',*,*,#3823,.F.);
#5082=ORIENTED_EDGE('',*,*,#3824,.T.);
#5083=ORIENTED_EDGE('',*,*,#3825,.T.);
#5084=ORIENTED_EDGE('',*,*,#3826,.T.);
#5085=ORIENTED_EDGE('',*,*,#3827,.F.);
#5086=ORIENTED_EDGE('',*,*,#3828,.F.);
#5087=ORIENTED_EDGE('',*,*,#3829,.F.);
#5088=ORIENTED_EDGE('',*,*,#3819,.T.);
#5089=ORIENTED_EDGE('',*,*,#3830,.T.);
#5090=ORIENTED_EDGE('',*,*,#3831,.T.);
#5091=ORIENTED_EDGE('',*,*,#3832,.F.);
#5092=ORIENTED_EDGE('',*,*,#3820,.F.);
#5093=ORIENTED_EDGE('',*,*,#3829,.T.);
#5094=ORIENTED_EDGE('',*,*,#3833,.F.);
#5095=ORIENTED_EDGE('',*,*,#3834,.F.);
#5096=ORIENTED_EDGE('',*,*,#3821,.T.);
#5097=ORIENTED_EDGE('',*,*,#3832,.T.);
#5098=ORIENTED_EDGE('',*,*,#3835,.F.);
#5099=ORIENTED_EDGE('',*,*,#3836,.F.);
#5100=ORIENTED_EDGE('',*,*,#3822,.T.);
#5101=ORIENTED_EDGE('',*,*,#3834,.T.);
#5102=ORIENTED_EDGE('',*,*,#3837,.F.);
#5103=ORIENTED_EDGE('',*,*,#3838,.F.);
#5104=ORIENTED_EDGE('',*,*,#3823,.T.);
#5105=ORIENTED_EDGE('',*,*,#3836,.T.);
#5106=ORIENTED_EDGE('',*,*,#3839,.T.);
#5107=ORIENTED_EDGE('',*,*,#3840,.F.);
#5108=ORIENTED_EDGE('',*,*,#3824,.F.);
#5109=ORIENTED_EDGE('',*,*,#3838,.T.);
#5110=ORIENTED_EDGE('',*,*,#3841,.T.);
#5111=ORIENTED_EDGE('',*,*,#3842,.F.);
#5112=ORIENTED_EDGE('',*,*,#3825,.F.);
#5113=ORIENTED_EDGE('',*,*,#3840,.T.);
#5114=ORIENTED_EDGE('',*,*,#3843,.T.);
#5115=ORIENTED_EDGE('',*,*,#3830,.F.);
#5116=ORIENTED_EDGE('',*,*,#3826,.F.);
#5117=ORIENTED_EDGE('',*,*,#3842,.T.);
#5118=ORIENTED_EDGE('',*,*,#3828,.T.);
#5119=ORIENTED_EDGE('',*,*,#3843,.F.);
#5120=ORIENTED_EDGE('',*,*,#3841,.F.);
#5121=ORIENTED_EDGE('',*,*,#3839,.F.);
#5122=ORIENTED_EDGE('',*,*,#3837,.T.);
#5123=ORIENTED_EDGE('',*,*,#3835,.T.);
#5124=ORIENTED_EDGE('',*,*,#3833,.T.);
#5125=ORIENTED_EDGE('',*,*,#3831,.F.);
#5126=ORIENTED_EDGE('',*,*,#3844,.F.);
#5127=ORIENTED_EDGE('',*,*,#3845,.T.);
#5128=ORIENTED_EDGE('',*,*,#3846,.F.);
#5129=ORIENTED_EDGE('',*,*,#3847,.F.);
#5130=ORIENTED_EDGE('',*,*,#3848,.F.);
#5131=ORIENTED_EDGE('',*,*,#3849,.T.);
#5132=ORIENTED_EDGE('',*,*,#3850,.T.);
#5133=ORIENTED_EDGE('',*,*,#3851,.T.);
#5134=ORIENTED_EDGE('',*,*,#3852,.F.);
#5135=ORIENTED_EDGE('',*,*,#3853,.F.);
#5136=ORIENTED_EDGE('',*,*,#3854,.F.);
#5137=ORIENTED_EDGE('',*,*,#3844,.T.);
#5138=ORIENTED_EDGE('',*,*,#3855,.T.);
#5139=ORIENTED_EDGE('',*,*,#3856,.T.);
#5140=ORIENTED_EDGE('',*,*,#3857,.F.);
#5141=ORIENTED_EDGE('',*,*,#3845,.F.);
#5142=ORIENTED_EDGE('',*,*,#3854,.T.);
#5143=ORIENTED_EDGE('',*,*,#3858,.F.);
#5144=ORIENTED_EDGE('',*,*,#3859,.F.);
#5145=ORIENTED_EDGE('',*,*,#3846,.T.);
#5146=ORIENTED_EDGE('',*,*,#3857,.T.);
#5147=ORIENTED_EDGE('',*,*,#3860,.F.);
#5148=ORIENTED_EDGE('',*,*,#3861,.F.);
#5149=ORIENTED_EDGE('',*,*,#3847,.T.);
#5150=ORIENTED_EDGE('',*,*,#3859,.T.);
#5151=ORIENTED_EDGE('',*,*,#3862,.F.);
#5152=ORIENTED_EDGE('',*,*,#3863,.F.);
#5153=ORIENTED_EDGE('',*,*,#3848,.T.);
#5154=ORIENTED_EDGE('',*,*,#3861,.T.);
#5155=ORIENTED_EDGE('',*,*,#3864,.T.);
#5156=ORIENTED_EDGE('',*,*,#3865,.F.);
#5157=ORIENTED_EDGE('',*,*,#3849,.F.);
#5158=ORIENTED_EDGE('',*,*,#3863,.T.);
#5159=ORIENTED_EDGE('',*,*,#3866,.T.);
#5160=ORIENTED_EDGE('',*,*,#3867,.F.);
#5161=ORIENTED_EDGE('',*,*,#3850,.F.);
#5162=ORIENTED_EDGE('',*,*,#3865,.T.);
#5163=ORIENTED_EDGE('',*,*,#3868,.T.);
#5164=ORIENTED_EDGE('',*,*,#3855,.F.);
#5165=ORIENTED_EDGE('',*,*,#3851,.F.);
#5166=ORIENTED_EDGE('',*,*,#3867,.T.);
#5167=ORIENTED_EDGE('',*,*,#3853,.T.);
#5168=ORIENTED_EDGE('',*,*,#3868,.F.);
#5169=ORIENTED_EDGE('',*,*,#3866,.F.);
#5170=ORIENTED_EDGE('',*,*,#3864,.F.);
#5171=ORIENTED_EDGE('',*,*,#3862,.T.);
#5172=ORIENTED_EDGE('',*,*,#3860,.T.);
#5173=ORIENTED_EDGE('',*,*,#3858,.T.);
#5174=ORIENTED_EDGE('',*,*,#3856,.F.);
#5175=ORIENTED_EDGE('',*,*,#3869,.F.);
#5176=ORIENTED_EDGE('',*,*,#3870,.T.);
#5177=ORIENTED_EDGE('',*,*,#3871,.T.);
#5178=ORIENTED_EDGE('',*,*,#3872,.F.);
#5179=ORIENTED_EDGE('',*,*,#3873,.F.);
#5180=ORIENTED_EDGE('',*,*,#3874,.F.);
#5181=ORIENTED_EDGE('',*,*,#3875,.F.);
#5182=ORIENTED_EDGE('',*,*,#3876,.F.);
#5183=ORIENTED_EDGE('',*,*,#3877,.T.);
#5184=ORIENTED_EDGE('',*,*,#3875,.T.);
#5185=ORIENTED_EDGE('',*,*,#3877,.F.);
#5186=ORIENTED_EDGE('',*,*,#3878,.T.);
#5187=ORIENTED_EDGE('',*,*,#3876,.T.);
#5188=ORIENTED_EDGE('',*,*,#3878,.F.);
#5189=ORIENTED_EDGE('',*,*,#3879,.F.);
#5190=ORIENTED_EDGE('',*,*,#3880,.T.);
#5191=ORIENTED_EDGE('',*,*,#3874,.T.);
#5192=ORIENTED_EDGE('',*,*,#3880,.F.);
#5193=ORIENTED_EDGE('',*,*,#3881,.T.);
#5194=ORIENTED_EDGE('',*,*,#3879,.T.);
#5195=ORIENTED_EDGE('',*,*,#3881,.F.);
#5196=ORIENTED_EDGE('',*,*,#3882,.F.);
#5197=ORIENTED_EDGE('',*,*,#3883,.T.);
#5198=ORIENTED_EDGE('',*,*,#3873,.T.);
#5199=ORIENTED_EDGE('',*,*,#3883,.F.);
#5200=ORIENTED_EDGE('',*,*,#3884,.T.);
#5201=ORIENTED_EDGE('',*,*,#3882,.T.);
#5202=ORIENTED_EDGE('',*,*,#3884,.F.);
#5203=ORIENTED_EDGE('',*,*,#3885,.F.);
#5204=ORIENTED_EDGE('',*,*,#3886,.T.);
#5205=ORIENTED_EDGE('',*,*,#3817,.T.);
#5206=ORIENTED_EDGE('',*,*,#3886,.F.);
#5207=ORIENTED_EDGE('',*,*,#3887,.T.);
#5208=ORIENTED_EDGE('',*,*,#3885,.T.);
#5209=ORIENTED_EDGE('',*,*,#3887,.F.);
#5210=ORIENTED_EDGE('',*,*,#3888,.F.);
#5211=ORIENTED_EDGE('',*,*,#3889,.T.);
#5212=ORIENTED_EDGE('',*,*,#3818,.T.);
#5213=ORIENTED_EDGE('',*,*,#3889,.F.);
#5214=ORIENTED_EDGE('',*,*,#3890,.T.);
#5215=ORIENTED_EDGE('',*,*,#3888,.T.);
#5216=ORIENTED_EDGE('',*,*,#3890,.F.);
#5217=ORIENTED_EDGE('',*,*,#3891,.F.);
#5218=ORIENTED_EDGE('',*,*,#3892,.T.);
#5219=ORIENTED_EDGE('',*,*,#3813,.T.);
#5220=ORIENTED_EDGE('',*,*,#3892,.F.);
#5221=ORIENTED_EDGE('',*,*,#3893,.T.);
#5222=ORIENTED_EDGE('',*,*,#3891,.T.);
#5223=ORIENTED_EDGE('',*,*,#3893,.F.);
#5224=ORIENTED_EDGE('',*,*,#3894,.F.);
#5225=ORIENTED_EDGE('',*,*,#3895,.T.);
#5226=ORIENTED_EDGE('',*,*,#3814,.T.);
#5227=ORIENTED_EDGE('',*,*,#3895,.F.);
#5228=ORIENTED_EDGE('',*,*,#3896,.T.);
#5229=ORIENTED_EDGE('',*,*,#3894,.T.);
#5230=ORIENTED_EDGE('',*,*,#3896,.F.);
#5231=ORIENTED_EDGE('',*,*,#3897,.F.);
#5232=ORIENTED_EDGE('',*,*,#3898,.T.);
#5233=ORIENTED_EDGE('',*,*,#3815,.T.);
#5234=ORIENTED_EDGE('',*,*,#3898,.F.);
#5235=ORIENTED_EDGE('',*,*,#3899,.T.);
#5236=ORIENTED_EDGE('',*,*,#3897,.T.);
#5237=ORIENTED_EDGE('',*,*,#3899,.F.);
#5238=ORIENTED_EDGE('',*,*,#3900,.F.);
#5239=ORIENTED_EDGE('',*,*,#3901,.T.);
#5240=ORIENTED_EDGE('',*,*,#3816,.T.);
#5241=ORIENTED_EDGE('',*,*,#3901,.F.);
#5242=ORIENTED_EDGE('',*,*,#3902,.T.);
#5243=ORIENTED_EDGE('',*,*,#3900,.T.);
#5244=ORIENTED_EDGE('',*,*,#3902,.F.);
#5245=ORIENTED_EDGE('',*,*,#3903,.F.);
#5246=ORIENTED_EDGE('',*,*,#3904,.T.);
#5247=ORIENTED_EDGE('',*,*,#3827,.T.);
#5248=ORIENTED_EDGE('',*,*,#3904,.F.);
#5249=ORIENTED_EDGE('',*,*,#3905,.F.);
#5250=ORIENTED_EDGE('',*,*,#3906,.T.);
#5251=ORIENTED_EDGE('',*,*,#3907,.T.);
#5252=ORIENTED_EDGE('',*,*,#3906,.F.);
#5253=ORIENTED_EDGE('',*,*,#3908,.F.);
#5254=ORIENTED_EDGE('',*,*,#3870,.F.);
#5255=ORIENTED_EDGE('',*,*,#3909,.F.);
#5256=ORIENTED_EDGE('',*,*,#3910,.T.);
#5257=ORIENTED_EDGE('',*,*,#3911,.T.);
#5258=ORIENTED_EDGE('',*,*,#3910,.F.);
#5259=ORIENTED_EDGE('',*,*,#3912,.F.);
#5260=ORIENTED_EDGE('',*,*,#3913,.T.);
#5261=ORIENTED_EDGE('',*,*,#3914,.T.);
#5262=ORIENTED_EDGE('',*,*,#3872,.T.);
#5263=ORIENTED_EDGE('',*,*,#3915,.T.);
#5264=ORIENTED_EDGE('',*,*,#3913,.F.);
#5265=ORIENTED_EDGE('',*,*,#3774,.F.);
#5266=ORIENTED_EDGE('',*,*,#3916,.T.);
#5267=ORIENTED_EDGE('',*,*,#3917,.T.);
#5268=ORIENTED_EDGE('',*,*,#3916,.F.);
#5269=ORIENTED_EDGE('',*,*,#3777,.T.);
#5270=ORIENTED_EDGE('',*,*,#3912,.T.);
#5271=ORIENTED_EDGE('',*,*,#3917,.F.);
#5272=ORIENTED_EDGE('',*,*,#3905,.T.);
#5273=ORIENTED_EDGE('',*,*,#3911,.F.);
#5274=ORIENTED_EDGE('',*,*,#3907,.F.);
#5275=ORIENTED_EDGE('',*,*,#3903,.T.);
#5276=ORIENTED_EDGE('',*,*,#3908,.T.);
#5277=ORIENTED_EDGE('',*,*,#3909,.T.);
#5278=ORIENTED_EDGE('',*,*,#3918,.F.);
#5279=ORIENTED_EDGE('',*,*,#3919,.T.);
#5280=ORIENTED_EDGE('',*,*,#3920,.T.);
#5281=ORIENTED_EDGE('',*,*,#3921,.T.);
#5282=ORIENTED_EDGE('',*,*,#3922,.T.);
#5283=ORIENTED_EDGE('',*,*,#3923,.F.);
#5284=ORIENTED_EDGE('',*,*,#3924,.F.);
#5285=ORIENTED_EDGE('',*,*,#3925,.T.);
#5286=ORIENTED_EDGE('',*,*,#3926,.T.);
#5287=ORIENTED_EDGE('',*,*,#3927,.F.);
#5288=ORIENTED_EDGE('',*,*,#3928,.F.);
#5289=ORIENTED_EDGE('',*,*,#3929,.F.);
#5290=ORIENTED_EDGE('',*,*,#3930,.F.);
#5291=ORIENTED_EDGE('',*,*,#3931,.F.);
#5292=ORIENTED_EDGE('',*,*,#3932,.T.);
#5293=ORIENTED_EDGE('',*,*,#3930,.T.);
#5294=ORIENTED_EDGE('',*,*,#3932,.F.);
#5295=ORIENTED_EDGE('',*,*,#3933,.T.);
#5296=ORIENTED_EDGE('',*,*,#3931,.T.);
#5297=ORIENTED_EDGE('',*,*,#3933,.F.);
#5298=ORIENTED_EDGE('',*,*,#3934,.F.);
#5299=ORIENTED_EDGE('',*,*,#3935,.T.);
#5300=ORIENTED_EDGE('',*,*,#3929,.T.);
#5301=ORIENTED_EDGE('',*,*,#3935,.F.);
#5302=ORIENTED_EDGE('',*,*,#3936,.T.);
#5303=ORIENTED_EDGE('',*,*,#3934,.T.);
#5304=ORIENTED_EDGE('',*,*,#3936,.F.);
#5305=ORIENTED_EDGE('',*,*,#3937,.F.);
#5306=ORIENTED_EDGE('',*,*,#3938,.T.);
#5307=ORIENTED_EDGE('',*,*,#3928,.T.);
#5308=ORIENTED_EDGE('',*,*,#3938,.F.);
#5309=ORIENTED_EDGE('',*,*,#3939,.T.);
#5310=ORIENTED_EDGE('',*,*,#3937,.T.);
#5311=ORIENTED_EDGE('',*,*,#3939,.F.);
#5312=ORIENTED_EDGE('',*,*,#3940,.F.);
#5313=ORIENTED_EDGE('',*,*,#3941,.T.);
#5314=ORIENTED_EDGE('',*,*,#3927,.T.);
#5315=ORIENTED_EDGE('',*,*,#3941,.F.);
#5316=ORIENTED_EDGE('',*,*,#3942,.T.);
#5317=ORIENTED_EDGE('',*,*,#3940,.T.);
#5318=ORIENTED_EDGE('',*,*,#3942,.F.);
#5319=ORIENTED_EDGE('',*,*,#3943,.F.);
#5320=ORIENTED_EDGE('',*,*,#3944,.T.);
#5321=ORIENTED_EDGE('',*,*,#3768,.T.);
#5322=ORIENTED_EDGE('',*,*,#3944,.F.);
#5323=ORIENTED_EDGE('',*,*,#3945,.T.);
#5324=ORIENTED_EDGE('',*,*,#3943,.T.);
#5325=ORIENTED_EDGE('',*,*,#3945,.F.);
#5326=ORIENTED_EDGE('',*,*,#3946,.F.);
#5327=ORIENTED_EDGE('',*,*,#3947,.T.);
#5328=ORIENTED_EDGE('',*,*,#3767,.T.);
#5329=ORIENTED_EDGE('',*,*,#3947,.F.);
#5330=ORIENTED_EDGE('',*,*,#3948,.T.);
#5331=ORIENTED_EDGE('',*,*,#3946,.T.);
#5332=ORIENTED_EDGE('',*,*,#3948,.F.);
#5333=ORIENTED_EDGE('',*,*,#3949,.F.);
#5334=ORIENTED_EDGE('',*,*,#3950,.T.);
#5335=ORIENTED_EDGE('',*,*,#3772,.T.);
#5336=ORIENTED_EDGE('',*,*,#3950,.F.);
#5337=ORIENTED_EDGE('',*,*,#3951,.T.);
#5338=ORIENTED_EDGE('',*,*,#3949,.T.);
#5339=ORIENTED_EDGE('',*,*,#3951,.F.);
#5340=ORIENTED_EDGE('',*,*,#3952,.F.);
#5341=ORIENTED_EDGE('',*,*,#3953,.T.);
#5342=ORIENTED_EDGE('',*,*,#3771,.T.);
#5343=ORIENTED_EDGE('',*,*,#3953,.F.);
#5344=ORIENTED_EDGE('',*,*,#3954,.T.);
#5345=ORIENTED_EDGE('',*,*,#3952,.T.);
#5346=ORIENTED_EDGE('',*,*,#3954,.F.);
#5347=ORIENTED_EDGE('',*,*,#3955,.F.);
#5348=ORIENTED_EDGE('',*,*,#3956,.T.);
#5349=ORIENTED_EDGE('',*,*,#3770,.T.);
#5350=ORIENTED_EDGE('',*,*,#3956,.F.);
#5351=ORIENTED_EDGE('',*,*,#3957,.T.);
#5352=ORIENTED_EDGE('',*,*,#3955,.T.);
#5353=ORIENTED_EDGE('',*,*,#3957,.F.);
#5354=ORIENTED_EDGE('',*,*,#3958,.F.);
#5355=ORIENTED_EDGE('',*,*,#3959,.T.);
#5356=ORIENTED_EDGE('',*,*,#3769,.T.);
#5357=ORIENTED_EDGE('',*,*,#3959,.F.);
#5358=ORIENTED_EDGE('',*,*,#3960,.T.);
#5359=ORIENTED_EDGE('',*,*,#3958,.T.);
#5360=ORIENTED_EDGE('',*,*,#3960,.F.);
#5361=ORIENTED_EDGE('',*,*,#3961,.F.);
#5362=ORIENTED_EDGE('',*,*,#3962,.T.);
#5363=ORIENTED_EDGE('',*,*,#3852,.T.);
#5364=ORIENTED_EDGE('',*,*,#3962,.F.);
#5365=ORIENTED_EDGE('',*,*,#3963,.F.);
#5366=ORIENTED_EDGE('',*,*,#3964,.T.);
#5367=ORIENTED_EDGE('',*,*,#3965,.T.);
#5368=ORIENTED_EDGE('',*,*,#3964,.F.);
#5369=ORIENTED_EDGE('',*,*,#3926,.F.);
#5370=ORIENTED_EDGE('',*,*,#3966,.F.);
#5371=ORIENTED_EDGE('',*,*,#3967,.T.);
#5372=ORIENTED_EDGE('',*,*,#3968,.T.);
#5373=ORIENTED_EDGE('',*,*,#3967,.F.);
#5374=ORIENTED_EDGE('',*,*,#3969,.F.);
#5375=ORIENTED_EDGE('',*,*,#3970,.F.);
#5376=ORIENTED_EDGE('',*,*,#3971,.T.);
#5377=ORIENTED_EDGE('',*,*,#3972,.T.);
#5378=ORIENTED_EDGE('',*,*,#3924,.T.);
#5379=ORIENTED_EDGE('',*,*,#3973,.T.);
#5380=ORIENTED_EDGE('',*,*,#3971,.F.);
#5381=ORIENTED_EDGE('',*,*,#3728,.F.);
#5382=ORIENTED_EDGE('',*,*,#3974,.T.);
#5383=ORIENTED_EDGE('',*,*,#3975,.T.);
#5384=ORIENTED_EDGE('',*,*,#3974,.F.);
#5385=ORIENTED_EDGE('',*,*,#3729,.T.);
#5386=ORIENTED_EDGE('',*,*,#3970,.T.);
#5387=ORIENTED_EDGE('',*,*,#3975,.F.);
#5388=ORIENTED_EDGE('',*,*,#3963,.T.);
#5389=ORIENTED_EDGE('',*,*,#3968,.F.);
#5390=ORIENTED_EDGE('',*,*,#3965,.F.);
#5391=ORIENTED_EDGE('',*,*,#3961,.T.);
#5392=ORIENTED_EDGE('',*,*,#3969,.T.);
#5393=ORIENTED_EDGE('',*,*,#3966,.T.);
#5394=ORIENTED_EDGE('',*,*,#3976,.T.);
#5395=ORIENTED_EDGE('',*,*,#3977,.T.);
#5396=ORIENTED_EDGE('',*,*,#3978,.F.);
#5397=ORIENTED_EDGE('',*,*,#3979,.T.);
#5398=ORIENTED_EDGE('',*,*,#3980,.F.);
#5399=ORIENTED_EDGE('',*,*,#3981,.F.);
#5400=ORIENTED_EDGE('',*,*,#3982,.T.);
#5401=ORIENTED_EDGE('',*,*,#3983,.T.);
#5402=ORIENTED_EDGE('',*,*,#3984,.F.);
#5403=ORIENTED_EDGE('',*,*,#3985,.F.);
#5404=ORIENTED_EDGE('',*,*,#3986,.T.);
#5405=ORIENTED_EDGE('',*,*,#3987,.T.);
#5406=ORIENTED_EDGE('',*,*,#3988,.F.);
#5407=ORIENTED_EDGE('',*,*,#3989,.F.);
#5408=ORIENTED_EDGE('',*,*,#3990,.F.);
#5409=ORIENTED_EDGE('',*,*,#3977,.F.);
#5410=ORIENTED_EDGE('',*,*,#3991,.T.);
#5411=ORIENTED_EDGE('',*,*,#3992,.F.);
#5412=ORIENTED_EDGE('',*,*,#3993,.F.);
#5413=ORIENTED_EDGE('',*,*,#3979,.F.);
#5414=ORIENTED_EDGE('',*,*,#3994,.F.);
#5415=ORIENTED_EDGE('',*,*,#3923,.T.);
#5416=ORIENTED_EDGE('',*,*,#3980,.T.);
#5417=ORIENTED_EDGE('',*,*,#3995,.F.);
#5418=ORIENTED_EDGE('',*,*,#3996,.F.);
#5419=ORIENTED_EDGE('',*,*,#3997,.F.);
#5420=ORIENTED_EDGE('',*,*,#3925,.F.);
#5421=ORIENTED_EDGE('',*,*,#3998,.T.);
#5422=ORIENTED_EDGE('',*,*,#3999,.T.);
#5423=ORIENTED_EDGE('',*,*,#4000,.T.);
#5424=ORIENTED_EDGE('',*,*,#3976,.F.);
#5425=ORIENTED_EDGE('',*,*,#4001,.F.);
#5426=ORIENTED_EDGE('',*,*,#4002,.F.);
#5427=ORIENTED_EDGE('',*,*,#4003,.F.);
#5428=ORIENTED_EDGE('',*,*,#4004,.F.);
#5429=ORIENTED_EDGE('',*,*,#4005,.F.);
#5430=ORIENTED_EDGE('',*,*,#4006,.F.);
#5431=ORIENTED_EDGE('',*,*,#4007,.F.);
#5432=ORIENTED_EDGE('',*,*,#4008,.F.);
#5433=ORIENTED_EDGE('',*,*,#4009,.T.);
#5434=ORIENTED_EDGE('',*,*,#3998,.F.);
#5435=ORIENTED_EDGE('',*,*,#3972,.F.);
#5436=ORIENTED_EDGE('',*,*,#3973,.F.);
#5437=ORIENTED_EDGE('',*,*,#3997,.T.);
#5438=ORIENTED_EDGE('',*,*,#4010,.T.);
#5439=ORIENTED_EDGE('',*,*,#4011,.T.);
#5440=ORIENTED_EDGE('',*,*,#3920,.F.);
#5441=ORIENTED_EDGE('',*,*,#4012,.T.);
#5442=ORIENTED_EDGE('',*,*,#4013,.F.);
#5443=ORIENTED_EDGE('',*,*,#4014,.T.);
#5444=ORIENTED_EDGE('',*,*,#4015,.F.);
#5445=ORIENTED_EDGE('',*,*,#4016,.F.);
#5446=ORIENTED_EDGE('',*,*,#4017,.F.);
#5447=ORIENTED_EDGE('',*,*,#4018,.F.);
#5448=ORIENTED_EDGE('',*,*,#4019,.F.);
#5449=ORIENTED_EDGE('',*,*,#3987,.F.);
#5450=ORIENTED_EDGE('',*,*,#4020,.T.);
#5451=ORIENTED_EDGE('',*,*,#4021,.T.);
#5452=ORIENTED_EDGE('',*,*,#4022,.F.);
#5453=ORIENTED_EDGE('',*,*,#4023,.F.);
#5454=ORIENTED_EDGE('',*,*,#4024,.T.);
#5455=ORIENTED_EDGE('',*,*,#3983,.F.);
#5456=ORIENTED_EDGE('',*,*,#4025,.F.);
#5457=ORIENTED_EDGE('',*,*,#4026,.F.);
#5458=ORIENTED_EDGE('',*,*,#4027,.F.);
#5459=ORIENTED_EDGE('',*,*,#4028,.F.);
#5460=ORIENTED_EDGE('',*,*,#3504,.T.);
#5461=ORIENTED_EDGE('',*,*,#4029,.T.);
#5462=ORIENTED_EDGE('',*,*,#3525,.T.);
#5463=ORIENTED_EDGE('',*,*,#4030,.T.);
#5464=ORIENTED_EDGE('',*,*,#3546,.T.);
#5465=ORIENTED_EDGE('',*,*,#4010,.F.);
#5466=ORIENTED_EDGE('',*,*,#4031,.T.);
#5467=ORIENTED_EDGE('',*,*,#4032,.T.);
#5468=ORIENTED_EDGE('',*,*,#4001,.T.);
#5469=ORIENTED_EDGE('',*,*,#4033,.F.);
#5470=ORIENTED_EDGE('',*,*,#4005,.T.);
#5471=ORIENTED_EDGE('',*,*,#4034,.T.);
#5472=ORIENTED_EDGE('',*,*,#4035,.T.);
#5473=ORIENTED_EDGE('',*,*,#4009,.F.);
#5474=ORIENTED_EDGE('',*,*,#3996,.T.);
#5475=ORIENTED_EDGE('',*,*,#4036,.T.);
#5476=ORIENTED_EDGE('',*,*,#3985,.T.);
#5477=ORIENTED_EDGE('',*,*,#4037,.T.);
#5478=ORIENTED_EDGE('',*,*,#4038,.T.);
#5479=ORIENTED_EDGE('',*,*,#4039,.T.);
#5480=ORIENTED_EDGE('',*,*,#4040,.T.);
#5481=ORIENTED_EDGE('',*,*,#4041,.T.);
#5482=ORIENTED_EDGE('',*,*,#4042,.T.);
#5483=ORIENTED_EDGE('',*,*,#4043,.T.);
#5484=ORIENTED_EDGE('',*,*,#4044,.T.);
#5485=ORIENTED_EDGE('',*,*,#4045,.T.);
#5486=ORIENTED_EDGE('',*,*,#4046,.T.);
#5487=ORIENTED_EDGE('',*,*,#4047,.T.);
#5488=ORIENTED_EDGE('',*,*,#3981,.T.);
#5489=ORIENTED_EDGE('',*,*,#4048,.T.);
#5490=ORIENTED_EDGE('',*,*,#3999,.F.);
#5491=ORIENTED_EDGE('',*,*,#4049,.T.);
#5492=ORIENTED_EDGE('',*,*,#3416,.T.);
#5493=ORIENTED_EDGE('',*,*,#4050,.T.);
#5494=ORIENTED_EDGE('',*,*,#3441,.T.);
#5495=ORIENTED_EDGE('',*,*,#4051,.T.);
#5496=ORIENTED_EDGE('',*,*,#3462,.T.);
#5497=ORIENTED_EDGE('',*,*,#4052,.T.);
#5498=ORIENTED_EDGE('',*,*,#3483,.T.);
#5499=ORIENTED_EDGE('',*,*,#4053,.T.);
#5500=ORIENTED_EDGE('',*,*,#4054,.F.);
#5501=ORIENTED_EDGE('',*,*,#4055,.T.);
#5502=ORIENTED_EDGE('',*,*,#4056,.F.);
#5503=ORIENTED_EDGE('',*,*,#4057,.T.);
#5504=ORIENTED_EDGE('',*,*,#4058,.T.);
#5505=ORIENTED_EDGE('',*,*,#4059,.T.);
#5506=ORIENTED_EDGE('',*,*,#4060,.T.);
#5507=ORIENTED_EDGE('',*,*,#4061,.T.);
#5508=ORIENTED_EDGE('',*,*,#4062,.T.);
#5509=ORIENTED_EDGE('',*,*,#3992,.T.);
#5510=ORIENTED_EDGE('',*,*,#4063,.F.);
#5511=ORIENTED_EDGE('',*,*,#3989,.T.);
#5512=ORIENTED_EDGE('',*,*,#4064,.T.);
#5513=ORIENTED_EDGE('',*,*,#4007,.T.);
#5514=ORIENTED_EDGE('',*,*,#4065,.T.);
#5515=ORIENTED_EDGE('',*,*,#4003,.T.);
#5516=ORIENTED_EDGE('',*,*,#4066,.T.);
#5517=ORIENTED_EDGE('',*,*,#4067,.F.);
#5518=ORIENTED_EDGE('',*,*,#4068,.T.);
#5519=ORIENTED_EDGE('',*,*,#4069,.F.);
#5520=ORIENTED_EDGE('',*,*,#4070,.T.);
#5521=ORIENTED_EDGE('',*,*,#4071,.F.);
#5522=ORIENTED_EDGE('',*,*,#4072,.F.);
#5523=ORIENTED_EDGE('',*,*,#4073,.F.);
#5524=ORIENTED_EDGE('',*,*,#4074,.T.);
#5525=ORIENTED_EDGE('',*,*,#4075,.F.);
#5526=ORIENTED_EDGE('',*,*,#4076,.F.);
#5527=ORIENTED_EDGE('',*,*,#4077,.T.);
#5528=ORIENTED_EDGE('',*,*,#4078,.F.);
#5529=ORIENTED_EDGE('',*,*,#4079,.F.);
#5530=ORIENTED_EDGE('',*,*,#4080,.T.);
#5531=ORIENTED_EDGE('',*,*,#4081,.T.);
#5532=ORIENTED_EDGE('',*,*,#4063,.T.);
#5533=ORIENTED_EDGE('',*,*,#3994,.T.);
#5534=ORIENTED_EDGE('',*,*,#3978,.T.);
#5535=ORIENTED_EDGE('',*,*,#3990,.T.);
#5536=ORIENTED_EDGE('',*,*,#4048,.F.);
#5537=ORIENTED_EDGE('',*,*,#3984,.T.);
#5538=ORIENTED_EDGE('',*,*,#4024,.F.);
#5539=ORIENTED_EDGE('',*,*,#4082,.T.);
#5540=ORIENTED_EDGE('',*,*,#4083,.T.);
#5541=ORIENTED_EDGE('',*,*,#4034,.F.);
#5542=ORIENTED_EDGE('',*,*,#4008,.T.);
#5543=ORIENTED_EDGE('',*,*,#4064,.F.);
#5544=ORIENTED_EDGE('',*,*,#3991,.F.);
#5545=ORIENTED_EDGE('',*,*,#4000,.F.);
#5546=ORIENTED_EDGE('',*,*,#3986,.F.);
#5547=ORIENTED_EDGE('',*,*,#4036,.F.);
#5548=ORIENTED_EDGE('',*,*,#3995,.T.);
#5549=ORIENTED_EDGE('',*,*,#3993,.T.);
#5550=ORIENTED_EDGE('',*,*,#4062,.F.);
#5551=ORIENTED_EDGE('',*,*,#4002,.T.);
#5552=ORIENTED_EDGE('',*,*,#4032,.F.);
#5553=ORIENTED_EDGE('',*,*,#4084,.F.);
#5554=ORIENTED_EDGE('',*,*,#4085,.F.);
#5555=ORIENTED_EDGE('',*,*,#4020,.F.);
#5556=ORIENTED_EDGE('',*,*,#3915,.F.);
#5557=ORIENTED_EDGE('',*,*,#4086,.T.);
#5558=ORIENTED_EDGE('',*,*,#4022,.T.);
#5559=ORIENTED_EDGE('',*,*,#4087,.F.);
#5560=ORIENTED_EDGE('',*,*,#3914,.F.);
#5561=ORIENTED_EDGE('',*,*,#4065,.F.);
#5562=ORIENTED_EDGE('',*,*,#4006,.T.);
#5563=ORIENTED_EDGE('',*,*,#4033,.T.);
#5564=ORIENTED_EDGE('',*,*,#4004,.T.);
#5565=ORIENTED_EDGE('',*,*,#4088,.T.);
#5566=ORIENTED_EDGE('',*,*,#4069,.T.);
#5567=ORIENTED_EDGE('',*,*,#4089,.F.);
#5568=ORIENTED_EDGE('',*,*,#4055,.F.);
#5569=ORIENTED_EDGE('',*,*,#4054,.T.);
#5570=ORIENTED_EDGE('',*,*,#4090,.T.);
#5571=ORIENTED_EDGE('',*,*,#4070,.F.);
#5572=ORIENTED_EDGE('',*,*,#4088,.F.);
#5573=ORIENTED_EDGE('',*,*,#4091,.T.);
#5574=ORIENTED_EDGE('',*,*,#4071,.T.);
#5575=ORIENTED_EDGE('',*,*,#4090,.F.);
#5576=ORIENTED_EDGE('',*,*,#4061,.F.);
#5577=ORIENTED_EDGE('',*,*,#4092,.T.);
#5578=ORIENTED_EDGE('',*,*,#4072,.T.);
#5579=ORIENTED_EDGE('',*,*,#4091,.F.);
#5580=ORIENTED_EDGE('',*,*,#4060,.F.);
#5581=ORIENTED_EDGE('',*,*,#4093,.T.);
#5582=ORIENTED_EDGE('',*,*,#4073,.T.);
#5583=ORIENTED_EDGE('',*,*,#4092,.F.);
#5584=ORIENTED_EDGE('',*,*,#4059,.F.);
#5585=ORIENTED_EDGE('',*,*,#4094,.T.);
#5586=ORIENTED_EDGE('',*,*,#4095,.T.);
#5587=ORIENTED_EDGE('',*,*,#4093,.F.);
#5588=ORIENTED_EDGE('',*,*,#4058,.F.);
#5589=ORIENTED_EDGE('',*,*,#4096,.T.);
#5590=ORIENTED_EDGE('',*,*,#4067,.T.);
#5591=ORIENTED_EDGE('',*,*,#4094,.F.);
#5592=ORIENTED_EDGE('',*,*,#4057,.F.);
#5593=ORIENTED_EDGE('',*,*,#4056,.T.);
#5594=ORIENTED_EDGE('',*,*,#4089,.T.);
#5595=ORIENTED_EDGE('',*,*,#4068,.F.);
#5596=ORIENTED_EDGE('',*,*,#4096,.F.);
#5597=ORIENTED_EDGE('',*,*,#4085,.T.);
#5598=ORIENTED_EDGE('',*,*,#3918,.T.);
#5599=ORIENTED_EDGE('',*,*,#3869,.T.);
#5600=ORIENTED_EDGE('',*,*,#4087,.T.);
#5601=ORIENTED_EDGE('',*,*,#4021,.F.);
#5602=ORIENTED_EDGE('',*,*,#3922,.F.);
#5603=ORIENTED_EDGE('',*,*,#4082,.F.);
#5604=ORIENTED_EDGE('',*,*,#4023,.T.);
#5605=ORIENTED_EDGE('',*,*,#4086,.F.);
#5606=ORIENTED_EDGE('',*,*,#3871,.F.);
#5607=ORIENTED_EDGE('',*,*,#3919,.F.);
#5608=ORIENTED_EDGE('',*,*,#4084,.T.);
#5609=ORIENTED_EDGE('',*,*,#4031,.F.);
#5610=ORIENTED_EDGE('',*,*,#4012,.F.);
#5611=ORIENTED_EDGE('',*,*,#3921,.F.);
#5612=ORIENTED_EDGE('',*,*,#4011,.F.);
#5613=ORIENTED_EDGE('',*,*,#4035,.F.);
#5614=ORIENTED_EDGE('',*,*,#4083,.F.);
#5615=ORIENTED_EDGE('',*,*,#3988,.T.);
#5616=ORIENTED_EDGE('',*,*,#4019,.T.);
#5617=ORIENTED_EDGE('',*,*,#4097,.F.);
#5618=ORIENTED_EDGE('',*,*,#4037,.F.);
#5619=ORIENTED_EDGE('',*,*,#4097,.T.);
#5620=ORIENTED_EDGE('',*,*,#4018,.T.);
#5621=ORIENTED_EDGE('',*,*,#4098,.F.);
#5622=ORIENTED_EDGE('',*,*,#4038,.F.);
#5623=ORIENTED_EDGE('',*,*,#4098,.T.);
#5624=ORIENTED_EDGE('',*,*,#4017,.T.);
#5625=ORIENTED_EDGE('',*,*,#4099,.F.);
#5626=ORIENTED_EDGE('',*,*,#4039,.F.);
#5627=ORIENTED_EDGE('',*,*,#4099,.T.);
#5628=ORIENTED_EDGE('',*,*,#4016,.T.);
#5629=ORIENTED_EDGE('',*,*,#4100,.F.);
#5630=ORIENTED_EDGE('',*,*,#4040,.F.);
#5631=ORIENTED_EDGE('',*,*,#4015,.T.);
#5632=ORIENTED_EDGE('',*,*,#4101,.T.);
#5633=ORIENTED_EDGE('',*,*,#4041,.F.);
#5634=ORIENTED_EDGE('',*,*,#4100,.T.);
#5635=ORIENTED_EDGE('',*,*,#4043,.F.);
#5636=ORIENTED_EDGE('',*,*,#4102,.T.);
#5637=ORIENTED_EDGE('',*,*,#4013,.T.);
#5638=ORIENTED_EDGE('',*,*,#4103,.F.);
#5639=ORIENTED_EDGE('',*,*,#4103,.T.);
#5640=ORIENTED_EDGE('',*,*,#4028,.T.);
#5641=ORIENTED_EDGE('',*,*,#4104,.F.);
#5642=ORIENTED_EDGE('',*,*,#4044,.F.);
#5643=ORIENTED_EDGE('',*,*,#4104,.T.);
#5644=ORIENTED_EDGE('',*,*,#4027,.T.);
#5645=ORIENTED_EDGE('',*,*,#4105,.F.);
#5646=ORIENTED_EDGE('',*,*,#4045,.F.);
#5647=ORIENTED_EDGE('',*,*,#4105,.T.);
#5648=ORIENTED_EDGE('',*,*,#4026,.T.);
#5649=ORIENTED_EDGE('',*,*,#4106,.F.);
#5650=ORIENTED_EDGE('',*,*,#4046,.F.);
#5651=ORIENTED_EDGE('',*,*,#4106,.T.);
#5652=ORIENTED_EDGE('',*,*,#4025,.T.);
#5653=ORIENTED_EDGE('',*,*,#3982,.F.);
#5654=ORIENTED_EDGE('',*,*,#4047,.F.);
#5655=ORIENTED_EDGE('',*,*,#4042,.F.);
#5656=ORIENTED_EDGE('',*,*,#4101,.F.);
#5657=ORIENTED_EDGE('',*,*,#4014,.F.);
#5658=ORIENTED_EDGE('',*,*,#4102,.F.);
#5659=ORIENTED_EDGE('',*,*,#4107,.F.);
#5660=ORIENTED_EDGE('',*,*,#4108,.T.);
#5661=ORIENTED_EDGE('',*,*,#4109,.T.);
#5662=ORIENTED_EDGE('',*,*,#4108,.F.);
#5663=ORIENTED_EDGE('',*,*,#4109,.F.);
#5664=ORIENTED_EDGE('',*,*,#4110,.F.);
#5665=ORIENTED_EDGE('',*,*,#4111,.T.);
#5666=ORIENTED_EDGE('',*,*,#4112,.T.);
#5667=ORIENTED_EDGE('',*,*,#4113,.T.);
#5668=ORIENTED_EDGE('',*,*,#4111,.F.);
#5669=ORIENTED_EDGE('',*,*,#4114,.F.);
#5670=ORIENTED_EDGE('',*,*,#4115,.T.);
#5671=ORIENTED_EDGE('',*,*,#3435,.T.);
#5672=ORIENTED_EDGE('',*,*,#3436,.T.);
#5673=ORIENTED_EDGE('',*,*,#4115,.F.);
#5674=ORIENTED_EDGE('',*,*,#4116,.F.);
#5675=ORIENTED_EDGE('',*,*,#4117,.T.);
#5676=ORIENTED_EDGE('',*,*,#3592,.T.);
#5677=ORIENTED_EDGE('',*,*,#4117,.F.);
#5678=ORIENTED_EDGE('',*,*,#4118,.F.);
#5679=ORIENTED_EDGE('',*,*,#4119,.T.);
#5680=ORIENTED_EDGE('',*,*,#3565,.T.);
#5681=ORIENTED_EDGE('',*,*,#4119,.F.);
#5682=ORIENTED_EDGE('',*,*,#4120,.F.);
#5683=ORIENTED_EDGE('',*,*,#4121,.T.);
#5684=ORIENTED_EDGE('',*,*,#3700,.T.);
#5685=ORIENTED_EDGE('',*,*,#4121,.F.);
#5686=ORIENTED_EDGE('',*,*,#4122,.F.);
#5687=ORIENTED_EDGE('',*,*,#4123,.T.);
#5688=ORIENTED_EDGE('',*,*,#3619,.T.);
#5689=ORIENTED_EDGE('',*,*,#4123,.F.);
#5690=ORIENTED_EDGE('',*,*,#4124,.F.);
#5691=ORIENTED_EDGE('',*,*,#4125,.T.);
#5692=ORIENTED_EDGE('',*,*,#3646,.T.);
#5693=ORIENTED_EDGE('',*,*,#4125,.F.);
#5694=ORIENTED_EDGE('',*,*,#4126,.F.);
#5695=ORIENTED_EDGE('',*,*,#4127,.T.);
#5696=ORIENTED_EDGE('',*,*,#3673,.T.);
#5697=ORIENTED_EDGE('',*,*,#4127,.F.);
#5698=ORIENTED_EDGE('',*,*,#4128,.F.);
#5699=ORIENTED_EDGE('',*,*,#4129,.F.);
#5700=ORIENTED_EDGE('',*,*,#4130,.T.);
#5701=ORIENTED_EDGE('',*,*,#4131,.F.);
#5702=ORIENTED_EDGE('',*,*,#4132,.T.);
#5703=ORIENTED_EDGE('',*,*,#4133,.F.);
#5704=ORIENTED_EDGE('',*,*,#4134,.F.);
#5705=ORIENTED_EDGE('',*,*,#4135,.T.);
#5706=ORIENTED_EDGE('',*,*,#4136,.T.);
#5707=ORIENTED_EDGE('',*,*,#4075,.T.);
#5708=ORIENTED_EDGE('',*,*,#4137,.T.);
#5709=ORIENTED_EDGE('',*,*,#4138,.T.);
#5710=ORIENTED_EDGE('',*,*,#4139,.F.);
#5711=ORIENTED_EDGE('',*,*,#4133,.T.);
#5712=ORIENTED_EDGE('',*,*,#4140,.T.);
#5713=ORIENTED_EDGE('',*,*,#4081,.F.);
#5714=ORIENTED_EDGE('',*,*,#4141,.F.);
#5715=ORIENTED_EDGE('',*,*,#4142,.T.);
#5716=ORIENTED_EDGE('',*,*,#4143,.F.);
#5717=ORIENTED_EDGE('',*,*,#4131,.T.);
#5718=ORIENTED_EDGE('',*,*,#4144,.F.);
#5719=ORIENTED_EDGE('',*,*,#4128,.T.);
#5720=ORIENTED_EDGE('',*,*,#4143,.T.);
#5721=ORIENTED_EDGE('',*,*,#4145,.T.);
#5722=ORIENTED_EDGE('',*,*,#4146,.T.);
#5723=ORIENTED_EDGE('',*,*,#4078,.T.);
#5724=ORIENTED_EDGE('',*,*,#4147,.F.);
#5725=ORIENTED_EDGE('',*,*,#4148,.T.);
#5726=ORIENTED_EDGE('',*,*,#4134,.T.);
#5727=ORIENTED_EDGE('',*,*,#4139,.T.);
#5728=ORIENTED_EDGE('',*,*,#3573,.T.);
#5729=ORIENTED_EDGE('',*,*,#3600,.T.);
#5730=ORIENTED_EDGE('',*,*,#3627,.T.);
#5731=ORIENTED_EDGE('',*,*,#3654,.T.);
#5732=ORIENTED_EDGE('',*,*,#3681,.T.);
#5733=ORIENTED_EDGE('',*,*,#3708,.T.);
#5734=ORIENTED_EDGE('',*,*,#4130,.F.);
#5735=ORIENTED_EDGE('',*,*,#4149,.T.);
#5736=ORIENTED_EDGE('',*,*,#4137,.F.);
#5737=ORIENTED_EDGE('',*,*,#4132,.F.);
#5738=ORIENTED_EDGE('',*,*,#4074,.F.);
#5739=ORIENTED_EDGE('',*,*,#4095,.F.);
#5740=ORIENTED_EDGE('',*,*,#4066,.F.);
#5741=ORIENTED_EDGE('',*,*,#4140,.F.);
#5742=ORIENTED_EDGE('',*,*,#4107,.T.);
#5743=ORIENTED_EDGE('',*,*,#4116,.T.);
#5744=ORIENTED_EDGE('',*,*,#4118,.T.);
#5745=ORIENTED_EDGE('',*,*,#4120,.T.);
#5746=ORIENTED_EDGE('',*,*,#4122,.T.);
#5747=ORIENTED_EDGE('',*,*,#4124,.T.);
#5748=ORIENTED_EDGE('',*,*,#4126,.T.);
#5749=ORIENTED_EDGE('',*,*,#4080,.F.);
#5750=ORIENTED_EDGE('',*,*,#4150,.F.);
#5751=ORIENTED_EDGE('',*,*,#4151,.T.);
#5752=ORIENTED_EDGE('',*,*,#4152,.T.);
#5753=ORIENTED_EDGE('',*,*,#4153,.T.);
#5754=ORIENTED_EDGE('',*,*,#4141,.T.);
#5755=ORIENTED_EDGE('',*,*,#4079,.T.);
#5756=ORIENTED_EDGE('',*,*,#4146,.F.);
#5757=ORIENTED_EDGE('',*,*,#4154,.T.);
#5758=ORIENTED_EDGE('',*,*,#4150,.T.);
#5759=ORIENTED_EDGE('',*,*,#4152,.F.);
#5760=ORIENTED_EDGE('',*,*,#4155,.T.);
#5761=ORIENTED_EDGE('',*,*,#4077,.F.);
#5762=ORIENTED_EDGE('',*,*,#4156,.F.);
#5763=ORIENTED_EDGE('',*,*,#4157,.T.);
#5764=ORIENTED_EDGE('',*,*,#4147,.T.);
#5765=ORIENTED_EDGE('',*,*,#4076,.T.);
#5766=ORIENTED_EDGE('',*,*,#4136,.F.);
#5767=ORIENTED_EDGE('',*,*,#4158,.T.);
#5768=ORIENTED_EDGE('',*,*,#4159,.F.);
#5769=ORIENTED_EDGE('',*,*,#4160,.T.);
#5770=ORIENTED_EDGE('',*,*,#4156,.T.);
#5771=ORIENTED_EDGE('',*,*,#4159,.T.);
#5772=ORIENTED_EDGE('',*,*,#4161,.T.);
#5773=ORIENTED_EDGE('',*,*,#4135,.F.);
#5774=ORIENTED_EDGE('',*,*,#4148,.F.);
#5775=ORIENTED_EDGE('',*,*,#4157,.F.);
#5776=ORIENTED_EDGE('',*,*,#4160,.F.);
#5777=ORIENTED_EDGE('',*,*,#4161,.F.);
#5778=ORIENTED_EDGE('',*,*,#4158,.F.);
#5779=ORIENTED_EDGE('',*,*,#4110,.T.);
#5780=ORIENTED_EDGE('',*,*,#4154,.F.);
#5781=ORIENTED_EDGE('',*,*,#4145,.F.);
#5782=ORIENTED_EDGE('',*,*,#4142,.F.);
#5783=ORIENTED_EDGE('',*,*,#4153,.F.);
#5784=ORIENTED_EDGE('',*,*,#4155,.F.);
#5785=ORIENTED_EDGE('',*,*,#4151,.F.);
#5786=ORIENTED_EDGE('',*,*,#4114,.T.);
#5787=ORIENTED_EDGE('',*,*,#4144,.T.);
#5788=ORIENTED_EDGE('',*,*,#4138,.F.);
#5789=ORIENTED_EDGE('',*,*,#4149,.F.);
#5790=ORIENTED_EDGE('',*,*,#4129,.T.);
#5791=ORIENTED_EDGE('',*,*,#4162,.T.);
#5792=ORIENTED_EDGE('',*,*,#4163,.T.);
#5793=ORIENTED_EDGE('',*,*,#4164,.T.);
#5794=ORIENTED_EDGE('',*,*,#4165,.T.);
#5795=ORIENTED_EDGE('',*,*,#4166,.T.);
#5796=ORIENTED_EDGE('',*,*,#4167,.T.);
#5797=ORIENTED_EDGE('',*,*,#4168,.T.);
#5798=ORIENTED_EDGE('',*,*,#4169,.F.);
#5799=ORIENTED_EDGE('',*,*,#4163,.F.);
#5800=ORIENTED_EDGE('',*,*,#4170,.T.);
#5801=ORIENTED_EDGE('',*,*,#4171,.T.);
#5802=ORIENTED_EDGE('',*,*,#4172,.F.);
#5803=ORIENTED_EDGE('',*,*,#4164,.F.);
#5804=ORIENTED_EDGE('',*,*,#4169,.T.);
#5805=ORIENTED_EDGE('',*,*,#4173,.T.);
#5806=ORIENTED_EDGE('',*,*,#4174,.F.);
#5807=ORIENTED_EDGE('',*,*,#4165,.F.);
#5808=ORIENTED_EDGE('',*,*,#4172,.T.);
#5809=ORIENTED_EDGE('',*,*,#4175,.T.);
#5810=ORIENTED_EDGE('',*,*,#4176,.F.);
#5811=ORIENTED_EDGE('',*,*,#4166,.F.);
#5812=ORIENTED_EDGE('',*,*,#4174,.T.);
#5813=ORIENTED_EDGE('',*,*,#4177,.T.);
#5814=ORIENTED_EDGE('',*,*,#4178,.F.);
#5815=ORIENTED_EDGE('',*,*,#4167,.F.);
#5816=ORIENTED_EDGE('',*,*,#4176,.T.);
#5817=ORIENTED_EDGE('',*,*,#4179,.T.);
#5818=ORIENTED_EDGE('',*,*,#4170,.F.);
#5819=ORIENTED_EDGE('',*,*,#4162,.F.);
#5820=ORIENTED_EDGE('',*,*,#4178,.T.);
#5821=ORIENTED_EDGE('',*,*,#4180,.F.);
#5822=ORIENTED_EDGE('',*,*,#4168,.F.);
#5823=ORIENTED_EDGE('',*,*,#4179,.F.);
#5824=ORIENTED_EDGE('',*,*,#4177,.F.);
#5825=ORIENTED_EDGE('',*,*,#4175,.F.);
#5826=ORIENTED_EDGE('',*,*,#4173,.F.);
#5827=ORIENTED_EDGE('',*,*,#4171,.F.);
#5828=ORIENTED_EDGE('',*,*,#4180,.T.);
#5829=ORIENTED_EDGE('',*,*,#4181,.T.);
#5830=ORIENTED_EDGE('',*,*,#4030,.F.);
#5831=ORIENTED_EDGE('',*,*,#4181,.F.);
#5832=ORIENTED_EDGE('',*,*,#4182,.T.);
#5833=ORIENTED_EDGE('',*,*,#4183,.T.);
#5834=ORIENTED_EDGE('',*,*,#4184,.T.);
#5835=ORIENTED_EDGE('',*,*,#4185,.T.);
#5836=ORIENTED_EDGE('',*,*,#4186,.T.);
#5837=ORIENTED_EDGE('',*,*,#4187,.T.);
#5838=ORIENTED_EDGE('',*,*,#4188,.T.);
#5839=ORIENTED_EDGE('',*,*,#4189,.F.);
#5840=ORIENTED_EDGE('',*,*,#4183,.F.);
#5841=ORIENTED_EDGE('',*,*,#4190,.T.);
#5842=ORIENTED_EDGE('',*,*,#4191,.T.);
#5843=ORIENTED_EDGE('',*,*,#4192,.F.);
#5844=ORIENTED_EDGE('',*,*,#4184,.F.);
#5845=ORIENTED_EDGE('',*,*,#4189,.T.);
#5846=ORIENTED_EDGE('',*,*,#4193,.T.);
#5847=ORIENTED_EDGE('',*,*,#4194,.F.);
#5848=ORIENTED_EDGE('',*,*,#4185,.F.);
#5849=ORIENTED_EDGE('',*,*,#4192,.T.);
#5850=ORIENTED_EDGE('',*,*,#4195,.T.);
#5851=ORIENTED_EDGE('',*,*,#4196,.F.);
#5852=ORIENTED_EDGE('',*,*,#4186,.F.);
#5853=ORIENTED_EDGE('',*,*,#4194,.T.);
#5854=ORIENTED_EDGE('',*,*,#4197,.T.);
#5855=ORIENTED_EDGE('',*,*,#4198,.F.);
#5856=ORIENTED_EDGE('',*,*,#4187,.F.);
#5857=ORIENTED_EDGE('',*,*,#4196,.T.);
#5858=ORIENTED_EDGE('',*,*,#4199,.T.);
#5859=ORIENTED_EDGE('',*,*,#4190,.F.);
#5860=ORIENTED_EDGE('',*,*,#4182,.F.);
#5861=ORIENTED_EDGE('',*,*,#4198,.T.);
#5862=ORIENTED_EDGE('',*,*,#4200,.F.);
#5863=ORIENTED_EDGE('',*,*,#4188,.F.);
#5864=ORIENTED_EDGE('',*,*,#4199,.F.);
#5865=ORIENTED_EDGE('',*,*,#4197,.F.);
#5866=ORIENTED_EDGE('',*,*,#4195,.F.);
#5867=ORIENTED_EDGE('',*,*,#4193,.F.);
#5868=ORIENTED_EDGE('',*,*,#4191,.F.);
#5869=ORIENTED_EDGE('',*,*,#4200,.T.);
#5870=ORIENTED_EDGE('',*,*,#4201,.T.);
#5871=ORIENTED_EDGE('',*,*,#4029,.F.);
#5872=ORIENTED_EDGE('',*,*,#4201,.F.);
#5873=ORIENTED_EDGE('',*,*,#4202,.T.);
#5874=ORIENTED_EDGE('',*,*,#4203,.T.);
#5875=ORIENTED_EDGE('',*,*,#4204,.T.);
#5876=ORIENTED_EDGE('',*,*,#4205,.T.);
#5877=ORIENTED_EDGE('',*,*,#4206,.T.);
#5878=ORIENTED_EDGE('',*,*,#4207,.T.);
#5879=ORIENTED_EDGE('',*,*,#4208,.T.);
#5880=ORIENTED_EDGE('',*,*,#4209,.F.);
#5881=ORIENTED_EDGE('',*,*,#4203,.F.);
#5882=ORIENTED_EDGE('',*,*,#4210,.T.);
#5883=ORIENTED_EDGE('',*,*,#4211,.T.);
#5884=ORIENTED_EDGE('',*,*,#4212,.F.);
#5885=ORIENTED_EDGE('',*,*,#4204,.F.);
#5886=ORIENTED_EDGE('',*,*,#4209,.T.);
#5887=ORIENTED_EDGE('',*,*,#4213,.T.);
#5888=ORIENTED_EDGE('',*,*,#4214,.F.);
#5889=ORIENTED_EDGE('',*,*,#4205,.F.);
#5890=ORIENTED_EDGE('',*,*,#4212,.T.);
#5891=ORIENTED_EDGE('',*,*,#4215,.T.);
#5892=ORIENTED_EDGE('',*,*,#4216,.F.);
#5893=ORIENTED_EDGE('',*,*,#4206,.F.);
#5894=ORIENTED_EDGE('',*,*,#4214,.T.);
#5895=ORIENTED_EDGE('',*,*,#4217,.T.);
#5896=ORIENTED_EDGE('',*,*,#4218,.F.);
#5897=ORIENTED_EDGE('',*,*,#4207,.F.);
#5898=ORIENTED_EDGE('',*,*,#4216,.T.);
#5899=ORIENTED_EDGE('',*,*,#4219,.T.);
#5900=ORIENTED_EDGE('',*,*,#4210,.F.);
#5901=ORIENTED_EDGE('',*,*,#4202,.F.);
#5902=ORIENTED_EDGE('',*,*,#4218,.T.);
#5903=ORIENTED_EDGE('',*,*,#4220,.F.);
#5904=ORIENTED_EDGE('',*,*,#4208,.F.);
#5905=ORIENTED_EDGE('',*,*,#4219,.F.);
#5906=ORIENTED_EDGE('',*,*,#4217,.F.);
#5907=ORIENTED_EDGE('',*,*,#4215,.F.);
#5908=ORIENTED_EDGE('',*,*,#4213,.F.);
#5909=ORIENTED_EDGE('',*,*,#4211,.F.);
#5910=ORIENTED_EDGE('',*,*,#4220,.T.);
#5911=ORIENTED_EDGE('',*,*,#4221,.T.);
#5912=ORIENTED_EDGE('',*,*,#4053,.F.);
#5913=ORIENTED_EDGE('',*,*,#4221,.F.);
#5914=ORIENTED_EDGE('',*,*,#4222,.T.);
#5915=ORIENTED_EDGE('',*,*,#4223,.T.);
#5916=ORIENTED_EDGE('',*,*,#4224,.T.);
#5917=ORIENTED_EDGE('',*,*,#4225,.T.);
#5918=ORIENTED_EDGE('',*,*,#4226,.T.);
#5919=ORIENTED_EDGE('',*,*,#4227,.T.);
#5920=ORIENTED_EDGE('',*,*,#4228,.T.);
#5921=ORIENTED_EDGE('',*,*,#4229,.F.);
#5922=ORIENTED_EDGE('',*,*,#4223,.F.);
#5923=ORIENTED_EDGE('',*,*,#4230,.T.);
#5924=ORIENTED_EDGE('',*,*,#4231,.T.);
#5925=ORIENTED_EDGE('',*,*,#4232,.F.);
#5926=ORIENTED_EDGE('',*,*,#4224,.F.);
#5927=ORIENTED_EDGE('',*,*,#4229,.T.);
#5928=ORIENTED_EDGE('',*,*,#4233,.T.);
#5929=ORIENTED_EDGE('',*,*,#4234,.F.);
#5930=ORIENTED_EDGE('',*,*,#4225,.F.);
#5931=ORIENTED_EDGE('',*,*,#4232,.T.);
#5932=ORIENTED_EDGE('',*,*,#4235,.T.);
#5933=ORIENTED_EDGE('',*,*,#4236,.F.);
#5934=ORIENTED_EDGE('',*,*,#4226,.F.);
#5935=ORIENTED_EDGE('',*,*,#4234,.T.);
#5936=ORIENTED_EDGE('',*,*,#4237,.T.);
#5937=ORIENTED_EDGE('',*,*,#4238,.F.);
#5938=ORIENTED_EDGE('',*,*,#4227,.F.);
#5939=ORIENTED_EDGE('',*,*,#4236,.T.);
#5940=ORIENTED_EDGE('',*,*,#4239,.T.);
#5941=ORIENTED_EDGE('',*,*,#4230,.F.);
#5942=ORIENTED_EDGE('',*,*,#4222,.F.);
#5943=ORIENTED_EDGE('',*,*,#4238,.T.);
#5944=ORIENTED_EDGE('',*,*,#4240,.F.);
#5945=ORIENTED_EDGE('',*,*,#4228,.F.);
#5946=ORIENTED_EDGE('',*,*,#4239,.F.);
#5947=ORIENTED_EDGE('',*,*,#4237,.F.);
#5948=ORIENTED_EDGE('',*,*,#4235,.F.);
#5949=ORIENTED_EDGE('',*,*,#4233,.F.);
#5950=ORIENTED_EDGE('',*,*,#4231,.F.);
#5951=ORIENTED_EDGE('',*,*,#4240,.T.);
#5952=ORIENTED_EDGE('',*,*,#4241,.T.);
#5953=ORIENTED_EDGE('',*,*,#4052,.F.);
#5954=ORIENTED_EDGE('',*,*,#4241,.F.);
#5955=ORIENTED_EDGE('',*,*,#4242,.T.);
#5956=ORIENTED_EDGE('',*,*,#4243,.T.);
#5957=ORIENTED_EDGE('',*,*,#4244,.T.);
#5958=ORIENTED_EDGE('',*,*,#4245,.T.);
#5959=ORIENTED_EDGE('',*,*,#4246,.T.);
#5960=ORIENTED_EDGE('',*,*,#4247,.T.);
#5961=ORIENTED_EDGE('',*,*,#4248,.T.);
#5962=ORIENTED_EDGE('',*,*,#4249,.F.);
#5963=ORIENTED_EDGE('',*,*,#4243,.F.);
#5964=ORIENTED_EDGE('',*,*,#4250,.T.);
#5965=ORIENTED_EDGE('',*,*,#4251,.T.);
#5966=ORIENTED_EDGE('',*,*,#4252,.F.);
#5967=ORIENTED_EDGE('',*,*,#4244,.F.);
#5968=ORIENTED_EDGE('',*,*,#4249,.T.);
#5969=ORIENTED_EDGE('',*,*,#4253,.T.);
#5970=ORIENTED_EDGE('',*,*,#4254,.F.);
#5971=ORIENTED_EDGE('',*,*,#4245,.F.);
#5972=ORIENTED_EDGE('',*,*,#4252,.T.);
#5973=ORIENTED_EDGE('',*,*,#4255,.T.);
#5974=ORIENTED_EDGE('',*,*,#4256,.F.);
#5975=ORIENTED_EDGE('',*,*,#4246,.F.);
#5976=ORIENTED_EDGE('',*,*,#4254,.T.);
#5977=ORIENTED_EDGE('',*,*,#4257,.T.);
#5978=ORIENTED_EDGE('',*,*,#4258,.F.);
#5979=ORIENTED_EDGE('',*,*,#4247,.F.);
#5980=ORIENTED_EDGE('',*,*,#4256,.T.);
#5981=ORIENTED_EDGE('',*,*,#4259,.T.);
#5982=ORIENTED_EDGE('',*,*,#4250,.F.);
#5983=ORIENTED_EDGE('',*,*,#4242,.F.);
#5984=ORIENTED_EDGE('',*,*,#4258,.T.);
#5985=ORIENTED_EDGE('',*,*,#4260,.F.);
#5986=ORIENTED_EDGE('',*,*,#4248,.F.);
#5987=ORIENTED_EDGE('',*,*,#4259,.F.);
#5988=ORIENTED_EDGE('',*,*,#4257,.F.);
#5989=ORIENTED_EDGE('',*,*,#4255,.F.);
#5990=ORIENTED_EDGE('',*,*,#4253,.F.);
#5991=ORIENTED_EDGE('',*,*,#4251,.F.);
#5992=ORIENTED_EDGE('',*,*,#4260,.T.);
#5993=ORIENTED_EDGE('',*,*,#4261,.T.);
#5994=ORIENTED_EDGE('',*,*,#4051,.F.);
#5995=ORIENTED_EDGE('',*,*,#4261,.F.);
#5996=ORIENTED_EDGE('',*,*,#4262,.T.);
#5997=ORIENTED_EDGE('',*,*,#4263,.T.);
#5998=ORIENTED_EDGE('',*,*,#4264,.T.);
#5999=ORIENTED_EDGE('',*,*,#4265,.T.);
#6000=ORIENTED_EDGE('',*,*,#4266,.T.);
#6001=ORIENTED_EDGE('',*,*,#4267,.T.);
#6002=ORIENTED_EDGE('',*,*,#4268,.T.);
#6003=ORIENTED_EDGE('',*,*,#4269,.F.);
#6004=ORIENTED_EDGE('',*,*,#4263,.F.);
#6005=ORIENTED_EDGE('',*,*,#4270,.T.);
#6006=ORIENTED_EDGE('',*,*,#4271,.T.);
#6007=ORIENTED_EDGE('',*,*,#4272,.F.);
#6008=ORIENTED_EDGE('',*,*,#4264,.F.);
#6009=ORIENTED_EDGE('',*,*,#4269,.T.);
#6010=ORIENTED_EDGE('',*,*,#4273,.T.);
#6011=ORIENTED_EDGE('',*,*,#4274,.F.);
#6012=ORIENTED_EDGE('',*,*,#4265,.F.);
#6013=ORIENTED_EDGE('',*,*,#4272,.T.);
#6014=ORIENTED_EDGE('',*,*,#4275,.T.);
#6015=ORIENTED_EDGE('',*,*,#4276,.F.);
#6016=ORIENTED_EDGE('',*,*,#4266,.F.);
#6017=ORIENTED_EDGE('',*,*,#4274,.T.);
#6018=ORIENTED_EDGE('',*,*,#4277,.T.);
#6019=ORIENTED_EDGE('',*,*,#4278,.F.);
#6020=ORIENTED_EDGE('',*,*,#4267,.F.);
#6021=ORIENTED_EDGE('',*,*,#4276,.T.);
#6022=ORIENTED_EDGE('',*,*,#4279,.T.);
#6023=ORIENTED_EDGE('',*,*,#4270,.F.);
#6024=ORIENTED_EDGE('',*,*,#4262,.F.);
#6025=ORIENTED_EDGE('',*,*,#4278,.T.);
#6026=ORIENTED_EDGE('',*,*,#4280,.F.);
#6027=ORIENTED_EDGE('',*,*,#4268,.F.);
#6028=ORIENTED_EDGE('',*,*,#4279,.F.);
#6029=ORIENTED_EDGE('',*,*,#4277,.F.);
#6030=ORIENTED_EDGE('',*,*,#4275,.F.);
#6031=ORIENTED_EDGE('',*,*,#4273,.F.);
#6032=ORIENTED_EDGE('',*,*,#4271,.F.);
#6033=ORIENTED_EDGE('',*,*,#4280,.T.);
#6034=ORIENTED_EDGE('',*,*,#4281,.T.);
#6035=ORIENTED_EDGE('',*,*,#4050,.F.);
#6036=ORIENTED_EDGE('',*,*,#4281,.F.);
#6037=ORIENTED_EDGE('',*,*,#4282,.T.);
#6038=ORIENTED_EDGE('',*,*,#4283,.T.);
#6039=ORIENTED_EDGE('',*,*,#4284,.T.);
#6040=ORIENTED_EDGE('',*,*,#4285,.T.);
#6041=ORIENTED_EDGE('',*,*,#4286,.T.);
#6042=ORIENTED_EDGE('',*,*,#4287,.T.);
#6043=ORIENTED_EDGE('',*,*,#4288,.T.);
#6044=ORIENTED_EDGE('',*,*,#4289,.F.);
#6045=ORIENTED_EDGE('',*,*,#4283,.F.);
#6046=ORIENTED_EDGE('',*,*,#4290,.T.);
#6047=ORIENTED_EDGE('',*,*,#4291,.T.);
#6048=ORIENTED_EDGE('',*,*,#4292,.F.);
#6049=ORIENTED_EDGE('',*,*,#4284,.F.);
#6050=ORIENTED_EDGE('',*,*,#4289,.T.);
#6051=ORIENTED_EDGE('',*,*,#4293,.T.);
#6052=ORIENTED_EDGE('',*,*,#4294,.F.);
#6053=ORIENTED_EDGE('',*,*,#4285,.F.);
#6054=ORIENTED_EDGE('',*,*,#4292,.T.);
#6055=ORIENTED_EDGE('',*,*,#4295,.T.);
#6056=ORIENTED_EDGE('',*,*,#4296,.F.);
#6057=ORIENTED_EDGE('',*,*,#4286,.F.);
#6058=ORIENTED_EDGE('',*,*,#4294,.T.);
#6059=ORIENTED_EDGE('',*,*,#4297,.T.);
#6060=ORIENTED_EDGE('',*,*,#4298,.F.);
#6061=ORIENTED_EDGE('',*,*,#4287,.F.);
#6062=ORIENTED_EDGE('',*,*,#4296,.T.);
#6063=ORIENTED_EDGE('',*,*,#4299,.T.);
#6064=ORIENTED_EDGE('',*,*,#4290,.F.);
#6065=ORIENTED_EDGE('',*,*,#4282,.F.);
#6066=ORIENTED_EDGE('',*,*,#4298,.T.);
#6067=ORIENTED_EDGE('',*,*,#4300,.F.);
#6068=ORIENTED_EDGE('',*,*,#4301,.F.);
#6069=ORIENTED_EDGE('',*,*,#4288,.F.);
#6070=ORIENTED_EDGE('',*,*,#4299,.F.);
#6071=ORIENTED_EDGE('',*,*,#4297,.F.);
#6072=ORIENTED_EDGE('',*,*,#4295,.F.);
#6073=ORIENTED_EDGE('',*,*,#4293,.F.);
#6074=ORIENTED_EDGE('',*,*,#4291,.F.);
#6075=ORIENTED_EDGE('',*,*,#4301,.T.);
#6076=ORIENTED_EDGE('',*,*,#4302,.T.);
#6077=ORIENTED_EDGE('',*,*,#4049,.F.);
#6078=ORIENTED_EDGE('',*,*,#4302,.F.);
#6079=ORIENTED_EDGE('',*,*,#4112,.F.);
#6080=ORIENTED_EDGE('',*,*,#4113,.F.);
#6081=ORIENTED_EDGE('',*,*,#4303,.T.);
#6082=ORIENTED_EDGE('',*,*,#4300,.T.);
#6083=ORIENTED_EDGE('',*,*,#4303,.F.);
#6084=CYLINDRICAL_SURFACE('',#7052,3.5);
#6085=CYLINDRICAL_SURFACE('',#7067,3.5);
#6086=CYLINDRICAL_SURFACE('',#7079,3.5);
#6087=CYLINDRICAL_SURFACE('',#7090,3.5);
#6088=CYLINDRICAL_SURFACE('',#7101,3.5);
#6089=CYLINDRICAL_SURFACE('',#7112,3.5);
#6090=CYLINDRICAL_SURFACE('',#7123,3.5);
#6091=CYLINDRICAL_SURFACE('',#7137,2.);
#6092=CYLINDRICAL_SURFACE('',#7141,3.5);
#6093=CYLINDRICAL_SURFACE('',#7156,2.);
#6094=CYLINDRICAL_SURFACE('',#7160,3.5);
#6095=CYLINDRICAL_SURFACE('',#7175,2.);
#6096=CYLINDRICAL_SURFACE('',#7179,3.5);
#6097=CYLINDRICAL_SURFACE('',#7194,2.);
#6098=CYLINDRICAL_SURFACE('',#7198,3.5);
#6099=CYLINDRICAL_SURFACE('',#7213,2.);
#6100=CYLINDRICAL_SURFACE('',#7217,3.5);
#6101=CYLINDRICAL_SURFACE('',#7232,2.);
#6102=CYLINDRICAL_SURFACE('',#7236,3.5);
#6103=CYLINDRICAL_SURFACE('',#7251,2.25);
#6104=CYLINDRICAL_SURFACE('',#7254,2.25);
#6105=CYLINDRICAL_SURFACE('',#7257,2.25);
#6106=CYLINDRICAL_SURFACE('',#7260,2.25);
#6107=CYLINDRICAL_SURFACE('',#7263,2.25);
#6108=CYLINDRICAL_SURFACE('',#7266,2.25);
#6109=CYLINDRICAL_SURFACE('',#7269,2.75);
#6110=CYLINDRICAL_SURFACE('',#7272,2.75);
#6111=CYLINDRICAL_SURFACE('',#7275,2.75);
#6112=CYLINDRICAL_SURFACE('',#7278,2.75);
#6113=CYLINDRICAL_SURFACE('',#7281,2.75);
#6114=CYLINDRICAL_SURFACE('',#7284,2.75);
#6115=CYLINDRICAL_SURFACE('',#7287,30.);
#6116=CYLINDRICAL_SURFACE('',#7310,2.25);
#6117=CYLINDRICAL_SURFACE('',#7313,2.25);
#6118=CYLINDRICAL_SURFACE('',#7316,2.25);
#6119=CYLINDRICAL_SURFACE('',#7319,2.25);
#6120=CYLINDRICAL_SURFACE('',#7322,2.25);
#6121=CYLINDRICAL_SURFACE('',#7325,2.25);
#6122=CYLINDRICAL_SURFACE('',#7328,2.75);
#6123=CYLINDRICAL_SURFACE('',#7331,2.75);
#6124=CYLINDRICAL_SURFACE('',#7334,2.75);
#6125=CYLINDRICAL_SURFACE('',#7337,2.75);
#6126=CYLINDRICAL_SURFACE('',#7340,2.75);
#6127=CYLINDRICAL_SURFACE('',#7343,2.75);
#6128=CYLINDRICAL_SURFACE('',#7346,30.);
#6129=CYLINDRICAL_SURFACE('',#7372,40.);
#6130=CYLINDRICAL_SURFACE('',#7377,40.);
#6131=CYLINDRICAL_SURFACE('',#7380,40.);
#6132=CYLINDRICAL_SURFACE('',#7389,40.);
#6133=CYLINDRICAL_SURFACE('',#7394,40.);
#6134=CYLINDRICAL_SURFACE('',#7397,40.);
#6135=CYLINDRICAL_SURFACE('',#7408,1.65);
#6136=CYLINDRICAL_SURFACE('',#7411,1.65);
#6137=CYLINDRICAL_SURFACE('',#7414,1.65);
#6138=CYLINDRICAL_SURFACE('',#7417,2.09999999999999);
#6139=CYLINDRICAL_SURFACE('',#7420,2.09999999999999);
#6140=CYLINDRICAL_SURFACE('',#7423,2.09999999999999);
#6141=CYLINDRICAL_SURFACE('',#7426,2.09999999999999);
#6142=CYLINDRICAL_SURFACE('',#7429,2.09999999999999);
#6143=CYLINDRICAL_SURFACE('',#7432,2.09999999999999);
#6144=CYLINDRICAL_SURFACE('',#7435,4.);
#6145=CYLINDRICAL_SURFACE('',#7437,53.75);
#6146=CYLINDRICAL_SURFACE('',#7440,41.);
#6147=CYLINDRICAL_SURFACE('',#7444,32.5);
#6148=CYLINDRICAL_SURFACE('',#7448,26.5);
#6149=CYLINDRICAL_SURFACE('',#7469,1.65);
#6150=CYLINDRICAL_SURFACE('',#7472,1.65);
#6151=CYLINDRICAL_SURFACE('',#7475,1.65);
#6152=CYLINDRICAL_SURFACE('',#7478,1.65);
#6153=CYLINDRICAL_SURFACE('',#7481,2.09999999999999);
#6154=CYLINDRICAL_SURFACE('',#7484,2.09999999999999);
#6155=CYLINDRICAL_SURFACE('',#7487,2.09999999999999);
#6156=CYLINDRICAL_SURFACE('',#7490,2.09999999999999);
#6157=CYLINDRICAL_SURFACE('',#7493,2.09999999999999);
#6158=CYLINDRICAL_SURFACE('',#7496,2.09999999999999);
#6159=CYLINDRICAL_SURFACE('',#7499,4.);
#6160=CYLINDRICAL_SURFACE('',#7501,53.75);
#6161=CYLINDRICAL_SURFACE('',#7504,41.);
#6162=CYLINDRICAL_SURFACE('',#7508,32.5);
#6163=CYLINDRICAL_SURFACE('',#7512,26.5);
#6164=CYLINDRICAL_SURFACE('',#7524,2.5);
#6165=CYLINDRICAL_SURFACE('',#7527,2.5);
#6166=CYLINDRICAL_SURFACE('',#7530,4.24999999999998);
#6167=CYLINDRICAL_SURFACE('',#7532,4.24999999999998);
#6168=CYLINDRICAL_SURFACE('',#7534,8.75000000000004);
#6169=CYLINDRICAL_SURFACE('',#7536,8.75000000000004);
#6170=CYLINDRICAL_SURFACE('',#7538,10.);
#6171=CYLINDRICAL_SURFACE('',#7541,10.);
#6172=CYLINDRICAL_SURFACE('',#7544,32.5);
#6173=CYLINDRICAL_SURFACE('',#7546,41.5);
#6174=CYLINDRICAL_SURFACE('',#7591,41.5);
#6175=CYLINDRICAL_SURFACE('',#7594,32.5);
#6176=CYLINDRICAL_SURFACE('',#7595,55.);
#6177=CYLINDRICAL_SURFACE('',#7596,7.49999999999999);
#6178=CYLINDRICAL_SURFACE('',#7598,7.50000000000001);
#6179=CYLINDRICAL_SURFACE('',#7600,7.50000000000001);
#6180=CYLINDRICAL_SURFACE('',#7602,7.50000000000001);
#6181=CYLINDRICAL_SURFACE('',#7604,8.75);
#6182=CYLINDRICAL_SURFACE('',#7605,8.75);
#6183=CYLINDRICAL_SURFACE('',#7606,4.25);
#6184=CYLINDRICAL_SURFACE('',#7607,4.25);
#6185=CYLINDRICAL_SURFACE('',#7609,6.);
#6186=CYLINDRICAL_SURFACE('',#7610,46.5);
#6187=CYLINDRICAL_SURFACE('',#7611,6.);
#6188=CYLINDRICAL_SURFACE('',#7614,6.);
#6189=CYLINDRICAL_SURFACE('',#7615,46.5);
#6190=CYLINDRICAL_SURFACE('',#7616,6.);
#6191=CYLINDRICAL_SURFACE('',#7618,5.);
#6192=CYLINDRICAL_SURFACE('',#7619,5.23435305963093);
#6193=CYLINDRICAL_SURFACE('',#7623,1.64999999999999);
#6194=CYLINDRICAL_SURFACE('',#7626,1.64999999999999);
#6195=CYLINDRICAL_SURFACE('',#7627,2.25);
#6196=CYLINDRICAL_SURFACE('',#7629,2.25);
#6197=CYLINDRICAL_SURFACE('',#7631,2.25);
#6198=CYLINDRICAL_SURFACE('',#7633,2.25);
#6199=CYLINDRICAL_SURFACE('',#7635,2.25);
#6200=CYLINDRICAL_SURFACE('',#7637,2.25);
#6201=CYLINDRICAL_SURFACE('',#7639,20.);
#6202=CYLINDRICAL_SURFACE('',#7644,20.);
#6203=CYLINDRICAL_SURFACE('',#7651,5.);
#6204=CYLINDRICAL_SURFACE('',#7658,5.);
#6205=CYLINDRICAL_SURFACE('',#7661,6.);
#6206=CYLINDRICAL_SURFACE('',#7662,6.);
#6207=CYLINDRICAL_SURFACE('',#7673,3.5);
#6208=CYLINDRICAL_SURFACE('',#7683,3.5);
#6209=CYLINDRICAL_SURFACE('',#7693,3.5);
#6210=CYLINDRICAL_SURFACE('',#7703,3.5);
#6211=CYLINDRICAL_SURFACE('',#7713,3.5);
#6212=CYLINDRICAL_SURFACE('',#7723,3.5);
#6213=CYLINDRICAL_SURFACE('',#7735,3.5);
#6214=STYLED_ITEM('',(#11727),#6622);
#6215=STYLED_ITEM('',(#11727),#6623);
#6216=STYLED_ITEM('',(#11727),#6624);
#6217=STYLED_ITEM('',(#11727),#6625);
#6218=STYLED_ITEM('',(#11727),#6626);
#6219=STYLED_ITEM('',(#11727),#6627);
#6220=STYLED_ITEM('',(#11727),#6628);
#6221=STYLED_ITEM('',(#11727),#6629);
#6222=STYLED_ITEM('',(#11727),#6630);
#6223=STYLED_ITEM('',(#11727),#6631);
#6224=STYLED_ITEM('',(#11727),#6632);
#6225=STYLED_ITEM('',(#11727),#6633);
#6226=STYLED_ITEM('',(#11727),#6634);
#6227=STYLED_ITEM('',(#11727),#6635);
#6228=STYLED_ITEM('',(#11727),#6636);
#6229=STYLED_ITEM('',(#11727),#6637);
#6230=STYLED_ITEM('',(#11727),#6638);
#6231=STYLED_ITEM('',(#11727),#6639);
#6232=STYLED_ITEM('',(#11727),#6640);
#6233=STYLED_ITEM('',(#11727),#6641);
#6234=STYLED_ITEM('',(#11727),#6642);
#6235=STYLED_ITEM('',(#11727),#6643);
#6236=STYLED_ITEM('',(#11727),#6644);
#6237=STYLED_ITEM('',(#11727),#6645);
#6238=STYLED_ITEM('',(#11727),#6646);
#6239=STYLED_ITEM('',(#11727),#6647);
#6240=STYLED_ITEM('',(#11727),#6648);
#6241=STYLED_ITEM('',(#11727),#6649);
#6242=STYLED_ITEM('',(#11727),#6650);
#6243=STYLED_ITEM('',(#11727),#6651);
#6244=STYLED_ITEM('',(#11727),#6652);
#6245=STYLED_ITEM('',(#11727),#6653);
#6246=STYLED_ITEM('',(#11727),#6654);
#6247=STYLED_ITEM('',(#11727),#6655);
#6248=STYLED_ITEM('',(#11727),#6656);
#6249=STYLED_ITEM('',(#11727),#6657);
#6250=STYLED_ITEM('',(#11727),#6658);
#6251=STYLED_ITEM('',(#11727),#6659);
#6252=STYLED_ITEM('',(#11727),#6660);
#6253=STYLED_ITEM('',(#11727),#6661);
#6254=STYLED_ITEM('',(#11727),#6662);
#6255=STYLED_ITEM('',(#11727),#6663);
#6256=STYLED_ITEM('',(#11727),#6664);
#6257=STYLED_ITEM('',(#11727),#6665);
#6258=STYLED_ITEM('',(#11727),#6666);
#6259=STYLED_ITEM('',(#11727),#6667);
#6260=STYLED_ITEM('',(#11727),#6668);
#6261=STYLED_ITEM('',(#11727),#6669);
#6262=STYLED_ITEM('',(#11727),#6670);
#6263=STYLED_ITEM('',(#11727),#6671);
#6264=STYLED_ITEM('',(#11727),#6672);
#6265=STYLED_ITEM('',(#11727),#6673);
#6266=STYLED_ITEM('',(#11727),#6674);
#6267=STYLED_ITEM('',(#11727),#6675);
#6268=STYLED_ITEM('',(#11727),#6676);
#6269=STYLED_ITEM('',(#11727),#6677);
#6270=STYLED_ITEM('',(#11727),#6678);
#6271=STYLED_ITEM('',(#11727),#6679);
#6272=STYLED_ITEM('',(#11727),#6680);
#6273=STYLED_ITEM('',(#11727),#6681);
#6274=STYLED_ITEM('',(#11727),#6682);
#6275=STYLED_ITEM('',(#11727),#6683);
#6276=STYLED_ITEM('',(#11727),#6684);
#6277=STYLED_ITEM('',(#11727),#6685);
#6278=STYLED_ITEM('',(#11727),#6686);
#6279=STYLED_ITEM('',(#11727),#6687);
#6280=STYLED_ITEM('',(#11727),#6688);
#6281=STYLED_ITEM('',(#11727),#6689);
#6282=STYLED_ITEM('',(#11727),#6690);
#6283=STYLED_ITEM('',(#11727),#6691);
#6284=STYLED_ITEM('',(#11727),#6692);
#6285=STYLED_ITEM('',(#11727),#6693);
#6286=STYLED_ITEM('',(#11727),#6694);
#6287=STYLED_ITEM('',(#11727),#6695);
#6288=STYLED_ITEM('',(#11727),#6696);
#6289=STYLED_ITEM('',(#11727),#6697);
#6290=STYLED_ITEM('',(#11727),#6698);
#6291=STYLED_ITEM('',(#11727),#6699);
#6292=STYLED_ITEM('',(#11727),#6700);
#6293=STYLED_ITEM('',(#11727),#6701);
#6294=STYLED_ITEM('',(#11727),#6702);
#6295=STYLED_ITEM('',(#11727),#6703);
#6296=STYLED_ITEM('',(#11727),#6704);
#6297=STYLED_ITEM('',(#11727),#6705);
#6298=STYLED_ITEM('',(#11727),#6706);
#6299=STYLED_ITEM('',(#11727),#6707);
#6300=STYLED_ITEM('',(#11727),#6708);
#6301=STYLED_ITEM('',(#11727),#6709);
#6302=STYLED_ITEM('',(#11727),#6710);
#6303=STYLED_ITEM('',(#11727),#6711);
#6304=STYLED_ITEM('',(#11727),#6712);
#6305=STYLED_ITEM('',(#11727),#6713);
#6306=STYLED_ITEM('',(#11727),#6714);
#6307=STYLED_ITEM('',(#11727),#6715);
#6308=STYLED_ITEM('',(#11727),#6716);
#6309=STYLED_ITEM('',(#11727),#6717);
#6310=STYLED_ITEM('',(#11727),#6718);
#6311=STYLED_ITEM('',(#11727),#6719);
#6312=STYLED_ITEM('',(#11727),#6720);
#6313=STYLED_ITEM('',(#11727),#6721);
#6314=STYLED_ITEM('',(#11727),#6722);
#6315=STYLED_ITEM('',(#11727),#6723);
#6316=STYLED_ITEM('',(#11727),#6724);
#6317=STYLED_ITEM('',(#11727),#6725);
#6318=STYLED_ITEM('',(#11727),#6726);
#6319=STYLED_ITEM('',(#11727),#6727);
#6320=STYLED_ITEM('',(#11727),#6728);
#6321=STYLED_ITEM('',(#11727),#6729);
#6322=STYLED_ITEM('',(#11727),#6730);
#6323=STYLED_ITEM('',(#11727),#6731);
#6324=STYLED_ITEM('',(#11727),#6732);
#6325=STYLED_ITEM('',(#11727),#6733);
#6326=STYLED_ITEM('',(#11727),#6734);
#6327=STYLED_ITEM('',(#11727),#6735);
#6328=STYLED_ITEM('',(#11727),#6736);
#6329=STYLED_ITEM('',(#11727),#6737);
#6330=STYLED_ITEM('',(#11727),#6738);
#6331=STYLED_ITEM('',(#11727),#6739);
#6332=STYLED_ITEM('',(#11727),#6740);
#6333=STYLED_ITEM('',(#11727),#6741);
#6334=STYLED_ITEM('',(#11727),#6742);
#6335=STYLED_ITEM('',(#11727),#6743);
#6336=STYLED_ITEM('',(#11727),#6744);
#6337=STYLED_ITEM('',(#11727),#6745);
#6338=STYLED_ITEM('',(#11727),#6746);
#6339=STYLED_ITEM('',(#11727),#6747);
#6340=STYLED_ITEM('',(#11727),#6748);
#6341=STYLED_ITEM('',(#11727),#6749);
#6342=STYLED_ITEM('',(#11727),#6750);
#6343=STYLED_ITEM('',(#11727),#6751);
#6344=STYLED_ITEM('',(#11727),#6752);
#6345=STYLED_ITEM('',(#11727),#6753);
#6346=STYLED_ITEM('',(#11727),#6754);
#6347=STYLED_ITEM('',(#11727),#6755);
#6348=STYLED_ITEM('',(#11727),#6756);
#6349=STYLED_ITEM('',(#11727),#6757);
#6350=STYLED_ITEM('',(#11727),#6758);
#6351=STYLED_ITEM('',(#11727),#6759);
#6352=STYLED_ITEM('',(#11727),#6760);
#6353=STYLED_ITEM('',(#11727),#6761);
#6354=STYLED_ITEM('',(#11727),#6762);
#6355=STYLED_ITEM('',(#11727),#6763);
#6356=STYLED_ITEM('',(#11727),#6764);
#6357=STYLED_ITEM('',(#11727),#6765);
#6358=STYLED_ITEM('',(#11727),#6766);
#6359=STYLED_ITEM('',(#11727),#6767);
#6360=STYLED_ITEM('',(#11727),#6768);
#6361=STYLED_ITEM('',(#11727),#6769);
#6362=STYLED_ITEM('',(#11727),#6770);
#6363=STYLED_ITEM('',(#11727),#6771);
#6364=STYLED_ITEM('',(#11727),#6772);
#6365=STYLED_ITEM('',(#11727),#6773);
#6366=STYLED_ITEM('',(#11727),#6774);
#6367=STYLED_ITEM('',(#11727),#6775);
#6368=STYLED_ITEM('',(#11727),#6776);
#6369=STYLED_ITEM('',(#11727),#6777);
#6370=STYLED_ITEM('',(#11727),#6778);
#6371=STYLED_ITEM('',(#11727),#6779);
#6372=STYLED_ITEM('',(#11727),#6780);
#6373=STYLED_ITEM('',(#11727),#6781);
#6374=STYLED_ITEM('',(#11727),#6782);
#6375=STYLED_ITEM('',(#11727),#6783);
#6376=STYLED_ITEM('',(#11727),#6784);
#6377=STYLED_ITEM('',(#11727),#6785);
#6378=STYLED_ITEM('',(#11727),#6786);
#6379=STYLED_ITEM('',(#11727),#6787);
#6380=STYLED_ITEM('',(#11727),#6788);
#6381=STYLED_ITEM('',(#11727),#6789);
#6382=STYLED_ITEM('',(#11727),#6790);
#6383=STYLED_ITEM('',(#11727),#6791);
#6384=STYLED_ITEM('',(#11727),#6792);
#6385=STYLED_ITEM('',(#11727),#6793);
#6386=STYLED_ITEM('',(#11727),#6794);
#6387=STYLED_ITEM('',(#11727),#6795);
#6388=STYLED_ITEM('',(#11727),#6796);
#6389=STYLED_ITEM('',(#11727),#6797);
#6390=STYLED_ITEM('',(#11727),#6798);
#6391=STYLED_ITEM('',(#11727),#6799);
#6392=STYLED_ITEM('',(#11727),#6800);
#6393=STYLED_ITEM('',(#11727),#6801);
#6394=STYLED_ITEM('',(#11727),#6802);
#6395=STYLED_ITEM('',(#11727),#6803);
#6396=STYLED_ITEM('',(#11727),#6804);
#6397=STYLED_ITEM('',(#11727),#6805);
#6398=STYLED_ITEM('',(#11727),#6806);
#6399=STYLED_ITEM('',(#11727),#6807);
#6400=STYLED_ITEM('',(#11727),#6808);
#6401=STYLED_ITEM('',(#11727),#6809);
#6402=STYLED_ITEM('',(#11727),#6810);
#6403=STYLED_ITEM('',(#11727),#6811);
#6404=STYLED_ITEM('',(#11727),#6812);
#6405=STYLED_ITEM('',(#11727),#6813);
#6406=STYLED_ITEM('',(#11727),#6814);
#6407=STYLED_ITEM('',(#11727),#6815);
#6408=STYLED_ITEM('',(#11727),#6816);
#6409=STYLED_ITEM('',(#11727),#6817);
#6410=STYLED_ITEM('',(#11727),#6818);
#6411=STYLED_ITEM('',(#11727),#6819);
#6412=STYLED_ITEM('',(#11727),#6820);
#6413=STYLED_ITEM('',(#11727),#6821);
#6414=STYLED_ITEM('',(#11727),#6822);
#6415=STYLED_ITEM('',(#11727),#6823);
#6416=STYLED_ITEM('',(#11727),#6824);
#6417=STYLED_ITEM('',(#11727),#6825);
#6418=STYLED_ITEM('',(#11727),#6826);
#6419=STYLED_ITEM('',(#11727),#6827);
#6420=STYLED_ITEM('',(#11727),#6828);
#6421=STYLED_ITEM('',(#11727),#6829);
#6422=STYLED_ITEM('',(#11727),#6830);
#6423=STYLED_ITEM('',(#11727),#6831);
#6424=STYLED_ITEM('',(#11727),#6832);
#6425=STYLED_ITEM('',(#11727),#6833);
#6426=STYLED_ITEM('',(#11727),#6834);
#6427=STYLED_ITEM('',(#11727),#6835);
#6428=STYLED_ITEM('',(#11727),#6836);
#6429=STYLED_ITEM('',(#11727),#6837);
#6430=STYLED_ITEM('',(#11727),#6838);
#6431=STYLED_ITEM('',(#11727),#6839);
#6432=STYLED_ITEM('',(#11727),#6840);
#6433=STYLED_ITEM('',(#11727),#6841);
#6434=STYLED_ITEM('',(#11727),#6842);
#6435=STYLED_ITEM('',(#11727),#6843);
#6436=STYLED_ITEM('',(#11727),#6844);
#6437=STYLED_ITEM('',(#11727),#6845);
#6438=STYLED_ITEM('',(#11727),#6846);
#6439=STYLED_ITEM('',(#11727),#6847);
#6440=STYLED_ITEM('',(#11727),#6848);
#6441=STYLED_ITEM('',(#11727),#6849);
#6442=STYLED_ITEM('',(#11727),#6850);
#6443=STYLED_ITEM('',(#11727),#6851);
#6444=STYLED_ITEM('',(#11727),#6852);
#6445=STYLED_ITEM('',(#11727),#6853);
#6446=STYLED_ITEM('',(#11727),#6854);
#6447=STYLED_ITEM('',(#11727),#6855);
#6448=STYLED_ITEM('',(#11727),#6856);
#6449=STYLED_ITEM('',(#11727),#6857);
#6450=STYLED_ITEM('',(#11727),#6858);
#6451=STYLED_ITEM('',(#11727),#6859);
#6452=STYLED_ITEM('',(#11727),#6860);
#6453=STYLED_ITEM('',(#11727),#6861);
#6454=STYLED_ITEM('',(#11727),#6862);
#6455=STYLED_ITEM('',(#11727),#6863);
#6456=STYLED_ITEM('',(#11727),#6864);
#6457=STYLED_ITEM('',(#11727),#6865);
#6458=STYLED_ITEM('',(#11727),#6866);
#6459=STYLED_ITEM('',(#11727),#6867);
#6460=STYLED_ITEM('',(#11727),#6868);
#6461=STYLED_ITEM('',(#11727),#6869);
#6462=STYLED_ITEM('',(#11727),#6870);
#6463=STYLED_ITEM('',(#11727),#6871);
#6464=STYLED_ITEM('',(#11727),#6872);
#6465=STYLED_ITEM('',(#11727),#6873);
#6466=STYLED_ITEM('',(#11727),#6874);
#6467=STYLED_ITEM('',(#11727),#6875);
#6468=STYLED_ITEM('',(#11727),#6876);
#6469=STYLED_ITEM('',(#11727),#6877);
#6470=STYLED_ITEM('',(#11727),#6878);
#6471=STYLED_ITEM('',(#11727),#6879);
#6472=STYLED_ITEM('',(#11727),#6880);
#6473=STYLED_ITEM('',(#11727),#6881);
#6474=STYLED_ITEM('',(#11727),#6882);
#6475=STYLED_ITEM('',(#11727),#6883);
#6476=STYLED_ITEM('',(#11727),#6884);
#6477=STYLED_ITEM('',(#11727),#6885);
#6478=STYLED_ITEM('',(#11727),#6886);
#6479=STYLED_ITEM('',(#11727),#6887);
#6480=STYLED_ITEM('',(#11727),#6888);
#6481=STYLED_ITEM('',(#11727),#6889);
#6482=STYLED_ITEM('',(#11727),#6890);
#6483=STYLED_ITEM('',(#11727),#6891);
#6484=STYLED_ITEM('',(#11727),#6892);
#6485=STYLED_ITEM('',(#11727),#6893);
#6486=STYLED_ITEM('',(#11727),#6894);
#6487=STYLED_ITEM('',(#11727),#6895);
#6488=STYLED_ITEM('',(#11727),#6896);
#6489=STYLED_ITEM('',(#11727),#6897);
#6490=STYLED_ITEM('',(#11727),#6898);
#6491=STYLED_ITEM('',(#11727),#6899);
#6492=STYLED_ITEM('',(#11727),#6900);
#6493=STYLED_ITEM('',(#11727),#6901);
#6494=STYLED_ITEM('',(#11727),#6902);
#6495=STYLED_ITEM('',(#11727),#6903);
#6496=STYLED_ITEM('',(#11727),#6904);
#6497=STYLED_ITEM('',(#11727),#6905);
#6498=STYLED_ITEM('',(#11727),#6906);
#6499=STYLED_ITEM('',(#11727),#6907);
#6500=STYLED_ITEM('',(#11727),#6908);
#6501=STYLED_ITEM('',(#11727),#6909);
#6502=STYLED_ITEM('',(#11727),#6910);
#6503=STYLED_ITEM('',(#11727),#6911);
#6504=STYLED_ITEM('',(#11727),#6912);
#6505=STYLED_ITEM('',(#11727),#6913);
#6506=STYLED_ITEM('',(#11727),#6914);
#6507=STYLED_ITEM('',(#11727),#6915);
#6508=STYLED_ITEM('',(#11727),#6916);
#6509=STYLED_ITEM('',(#11727),#6917);
#6510=STYLED_ITEM('',(#11727),#6918);
#6511=STYLED_ITEM('',(#11727),#6919);
#6512=STYLED_ITEM('',(#11727),#6920);
#6513=STYLED_ITEM('',(#11727),#6921);
#6514=STYLED_ITEM('',(#11727),#6922);
#6515=STYLED_ITEM('',(#11727),#6923);
#6516=STYLED_ITEM('',(#11727),#6924);
#6517=STYLED_ITEM('',(#11727),#6925);
#6518=STYLED_ITEM('',(#11727),#6926);
#6519=STYLED_ITEM('',(#11727),#6927);
#6520=STYLED_ITEM('',(#11727),#6928);
#6521=STYLED_ITEM('',(#11727),#6929);
#6522=STYLED_ITEM('',(#11727),#6930);
#6523=STYLED_ITEM('',(#11727),#6931);
#6524=STYLED_ITEM('',(#11727),#6932);
#6525=STYLED_ITEM('',(#11727),#6933);
#6526=STYLED_ITEM('',(#11727),#6934);
#6527=STYLED_ITEM('',(#11727),#6935);
#6528=STYLED_ITEM('',(#11727),#6936);
#6529=STYLED_ITEM('',(#11727),#6937);
#6530=STYLED_ITEM('',(#11727),#6938);
#6531=STYLED_ITEM('',(#11727),#6939);
#6532=STYLED_ITEM('',(#11727),#6940);
#6533=STYLED_ITEM('',(#11727),#6941);
#6534=STYLED_ITEM('',(#11727),#6942);
#6535=STYLED_ITEM('',(#11727),#6943);
#6536=STYLED_ITEM('',(#11727),#6944);
#6537=STYLED_ITEM('',(#11727),#6945);
#6538=STYLED_ITEM('',(#11727),#6946);
#6539=STYLED_ITEM('',(#11727),#6947);
#6540=STYLED_ITEM('',(#11727),#6948);
#6541=STYLED_ITEM('',(#11727),#6949);
#6542=STYLED_ITEM('',(#11727),#6950);
#6543=STYLED_ITEM('',(#11727),#6951);
#6544=STYLED_ITEM('',(#11727),#6952);
#6545=STYLED_ITEM('',(#11727),#6953);
#6546=STYLED_ITEM('',(#11727),#6954);
#6547=STYLED_ITEM('',(#11727),#6955);
#6548=STYLED_ITEM('',(#11727),#6956);
#6549=STYLED_ITEM('',(#11727),#6957);
#6550=STYLED_ITEM('',(#11727),#6958);
#6551=STYLED_ITEM('',(#11727),#6959);
#6552=STYLED_ITEM('',(#11727),#6960);
#6553=STYLED_ITEM('',(#11727),#6961);
#6554=STYLED_ITEM('',(#11727),#6962);
#6555=STYLED_ITEM('',(#11727),#6963);
#6556=STYLED_ITEM('',(#11727),#6964);
#6557=STYLED_ITEM('',(#11727),#6965);
#6558=STYLED_ITEM('',(#11727),#6966);
#6559=STYLED_ITEM('',(#11727),#6967);
#6560=STYLED_ITEM('',(#11727),#6968);
#6561=STYLED_ITEM('',(#11727),#6969);
#6562=STYLED_ITEM('',(#11727),#6970);
#6563=STYLED_ITEM('',(#11727),#6971);
#6564=STYLED_ITEM('',(#11727),#6972);
#6565=STYLED_ITEM('',(#11727),#6973);
#6566=STYLED_ITEM('',(#11727),#6974);
#6567=STYLED_ITEM('',(#11727),#6975);
#6568=STYLED_ITEM('',(#11727),#6976);
#6569=STYLED_ITEM('',(#11727),#6977);
#6570=STYLED_ITEM('',(#11727),#6978);
#6571=STYLED_ITEM('',(#11727),#6979);
#6572=STYLED_ITEM('',(#11727),#6980);
#6573=STYLED_ITEM('',(#11727),#6981);
#6574=STYLED_ITEM('',(#11727),#6982);
#6575=STYLED_ITEM('',(#11727),#6983);
#6576=STYLED_ITEM('',(#11727),#6984);
#6577=STYLED_ITEM('',(#11727),#6985);
#6578=STYLED_ITEM('',(#11727),#6986);
#6579=STYLED_ITEM('',(#11727),#6987);
#6580=STYLED_ITEM('',(#11727),#6988);
#6581=STYLED_ITEM('',(#11727),#6989);
#6582=STYLED_ITEM('',(#11727),#6990);
#6583=STYLED_ITEM('',(#11727),#6991);
#6584=STYLED_ITEM('',(#11727),#6992);
#6585=STYLED_ITEM('',(#11727),#6993);
#6586=STYLED_ITEM('',(#11727),#6994);
#6587=STYLED_ITEM('',(#11727),#6995);
#6588=STYLED_ITEM('',(#11727),#6996);
#6589=STYLED_ITEM('',(#11727),#6997);
#6590=STYLED_ITEM('',(#11727),#6998);
#6591=STYLED_ITEM('',(#11727),#6999);
#6592=STYLED_ITEM('',(#11727),#7000);
#6593=STYLED_ITEM('',(#11727),#7001);
#6594=STYLED_ITEM('',(#11727),#7002);
#6595=STYLED_ITEM('',(#11727),#7003);
#6596=STYLED_ITEM('',(#11727),#7004);
#6597=STYLED_ITEM('',(#11727),#7005);
#6598=STYLED_ITEM('',(#11727),#7006);
#6599=STYLED_ITEM('',(#11727),#7007);
#6600=STYLED_ITEM('',(#11727),#7008);
#6601=STYLED_ITEM('',(#11727),#7009);
#6602=STYLED_ITEM('',(#11727),#7010);
#6603=STYLED_ITEM('',(#11727),#7011);
#6604=STYLED_ITEM('',(#11727),#7012);
#6605=STYLED_ITEM('',(#11727),#7013);
#6606=STYLED_ITEM('',(#11727),#7014);
#6607=STYLED_ITEM('',(#11727),#7015);
#6608=STYLED_ITEM('',(#11727),#7016);
#6609=STYLED_ITEM('',(#11727),#7017);
#6610=STYLED_ITEM('',(#11727),#7018);
#6611=STYLED_ITEM('',(#11727),#7019);
#6612=STYLED_ITEM('',(#11727),#7020);
#6613=STYLED_ITEM('',(#11727),#7021);
#6614=STYLED_ITEM('',(#11727),#7022);
#6615=STYLED_ITEM('',(#11727),#7023);
#6616=STYLED_ITEM('',(#11727),#7024);
#6617=STYLED_ITEM('',(#11727),#7025);
#6618=STYLED_ITEM('',(#11727),#7026);
#6619=STYLED_ITEM('',(#11727),#7027);
#6620=STYLED_ITEM('',(#11727),#7028);
#6621=STYLED_ITEM('',(#11727),#13);
#6622=ADVANCED_FACE('',(#407),#6084,.T.);
#6623=ADVANCED_FACE('',(#408,#47),#157,.F.);
#6624=ADVANCED_FACE('',(#409),#158,.F.);
#6625=ADVANCED_FACE('',(#410),#159,.F.);
#6626=ADVANCED_FACE('',(#411),#160,.F.);
#6627=ADVANCED_FACE('',(#412),#161,.F.);
#6628=ADVANCED_FACE('',(#413),#162,.F.);
#6629=ADVANCED_FACE('',(#414),#163,.F.);
#6630=ADVANCED_FACE('',(#415),#164,.T.);
#6631=ADVANCED_FACE('',(#416),#20,.T.);
#6632=ADVANCED_FACE('',(#417),#6085,.T.);
#6633=ADVANCED_FACE('',(#418,#48),#165,.F.);
#6634=ADVANCED_FACE('',(#419),#166,.T.);
#6635=ADVANCED_FACE('',(#420),#167,.F.);
#6636=ADVANCED_FACE('',(#421),#168,.F.);
#6637=ADVANCED_FACE('',(#422),#169,.F.);
#6638=ADVANCED_FACE('',(#423),#170,.F.);
#6639=ADVANCED_FACE('',(#424),#171,.F.);
#6640=ADVANCED_FACE('',(#425),#172,.F.);
#6641=ADVANCED_FACE('',(#426),#173,.T.);
#6642=ADVANCED_FACE('',(#427),#6086,.T.);
#6643=ADVANCED_FACE('',(#428,#49),#174,.F.);
#6644=ADVANCED_FACE('',(#429),#175,.F.);
#6645=ADVANCED_FACE('',(#430),#176,.F.);
#6646=ADVANCED_FACE('',(#431),#177,.F.);
#6647=ADVANCED_FACE('',(#432),#178,.F.);
#6648=ADVANCED_FACE('',(#433),#179,.F.);
#6649=ADVANCED_FACE('',(#434),#180,.F.);
#6650=ADVANCED_FACE('',(#435),#181,.T.);
#6651=ADVANCED_FACE('',(#436),#6087,.T.);
#6652=ADVANCED_FACE('',(#437,#50),#182,.F.);
#6653=ADVANCED_FACE('',(#438),#183,.F.);
#6654=ADVANCED_FACE('',(#439),#184,.F.);
#6655=ADVANCED_FACE('',(#440),#185,.F.);
#6656=ADVANCED_FACE('',(#441),#186,.F.);
#6657=ADVANCED_FACE('',(#442),#187,.F.);
#6658=ADVANCED_FACE('',(#443),#188,.F.);
#6659=ADVANCED_FACE('',(#444),#189,.T.);
#6660=ADVANCED_FACE('',(#445),#6088,.T.);
#6661=ADVANCED_FACE('',(#446,#51),#190,.F.);
#6662=ADVANCED_FACE('',(#447),#191,.F.);
#6663=ADVANCED_FACE('',(#448),#192,.F.);
#6664=ADVANCED_FACE('',(#449),#193,.F.);
#6665=ADVANCED_FACE('',(#450),#194,.F.);
#6666=ADVANCED_FACE('',(#451),#195,.F.);
#6667=ADVANCED_FACE('',(#452),#196,.F.);
#6668=ADVANCED_FACE('',(#453),#197,.T.);
#6669=ADVANCED_FACE('',(#454),#6089,.T.);
#6670=ADVANCED_FACE('',(#455,#52),#198,.F.);
#6671=ADVANCED_FACE('',(#456),#199,.F.);
#6672=ADVANCED_FACE('',(#457),#200,.F.);
#6673=ADVANCED_FACE('',(#458),#201,.F.);
#6674=ADVANCED_FACE('',(#459),#202,.F.);
#6675=ADVANCED_FACE('',(#460),#203,.F.);
#6676=ADVANCED_FACE('',(#461),#204,.F.);
#6677=ADVANCED_FACE('',(#462),#205,.T.);
#6678=ADVANCED_FACE('',(#463),#6090,.T.);
#6679=ADVANCED_FACE('',(#464,#53),#206,.F.);
#6680=ADVANCED_FACE('',(#465),#207,.F.);
#6681=ADVANCED_FACE('',(#466),#208,.F.);
#6682=ADVANCED_FACE('',(#467),#209,.F.);
#6683=ADVANCED_FACE('',(#468),#210,.F.);
#6684=ADVANCED_FACE('',(#469),#211,.F.);
#6685=ADVANCED_FACE('',(#470),#212,.F.);
#6686=ADVANCED_FACE('',(#471),#213,.T.);
#6687=ADVANCED_FACE('',(#472,#54),#214,.T.);
#6688=ADVANCED_FACE('',(#473),#6091,.T.);
#6689=ADVANCED_FACE('',(#474),#21,.T.);
#6690=ADVANCED_FACE('',(#475),#6092,.T.);
#6691=ADVANCED_FACE('',(#476,#55),#215,.F.);
#6692=ADVANCED_FACE('',(#477),#216,.T.);
#6693=ADVANCED_FACE('',(#478),#217,.F.);
#6694=ADVANCED_FACE('',(#479),#218,.F.);
#6695=ADVANCED_FACE('',(#480),#219,.F.);
#6696=ADVANCED_FACE('',(#481),#220,.F.);
#6697=ADVANCED_FACE('',(#482),#221,.F.);
#6698=ADVANCED_FACE('',(#483),#222,.F.);
#6699=ADVANCED_FACE('',(#484),#223,.T.);
#6700=ADVANCED_FACE('',(#485,#56),#224,.T.);
#6701=ADVANCED_FACE('',(#486),#6093,.T.);
#6702=ADVANCED_FACE('',(#487),#22,.T.);
#6703=ADVANCED_FACE('',(#488),#6094,.T.);
#6704=ADVANCED_FACE('',(#489,#57),#225,.F.);
#6705=ADVANCED_FACE('',(#490),#226,.T.);
#6706=ADVANCED_FACE('',(#491),#227,.F.);
#6707=ADVANCED_FACE('',(#492),#228,.F.);
#6708=ADVANCED_FACE('',(#493),#229,.F.);
#6709=ADVANCED_FACE('',(#494),#230,.F.);
#6710=ADVANCED_FACE('',(#495),#231,.F.);
#6711=ADVANCED_FACE('',(#496),#232,.F.);
#6712=ADVANCED_FACE('',(#497),#233,.T.);
#6713=ADVANCED_FACE('',(#498,#58),#234,.T.);
#6714=ADVANCED_FACE('',(#499),#6095,.T.);
#6715=ADVANCED_FACE('',(#500),#23,.T.);
#6716=ADVANCED_FACE('',(#501),#6096,.T.);
#6717=ADVANCED_FACE('',(#502,#59),#235,.F.);
#6718=ADVANCED_FACE('',(#503),#236,.T.);
#6719=ADVANCED_FACE('',(#504),#237,.F.);
#6720=ADVANCED_FACE('',(#505),#238,.F.);
#6721=ADVANCED_FACE('',(#506),#239,.F.);
#6722=ADVANCED_FACE('',(#507),#240,.F.);
#6723=ADVANCED_FACE('',(#508),#241,.F.);
#6724=ADVANCED_FACE('',(#509),#242,.F.);
#6725=ADVANCED_FACE('',(#510),#243,.T.);
#6726=ADVANCED_FACE('',(#511,#60),#244,.T.);
#6727=ADVANCED_FACE('',(#512),#6097,.T.);
#6728=ADVANCED_FACE('',(#513),#24,.T.);
#6729=ADVANCED_FACE('',(#514),#6098,.T.);
#6730=ADVANCED_FACE('',(#515,#61),#245,.F.);
#6731=ADVANCED_FACE('',(#516),#246,.T.);
#6732=ADVANCED_FACE('',(#517),#247,.F.);
#6733=ADVANCED_FACE('',(#518),#248,.F.);
#6734=ADVANCED_FACE('',(#519),#249,.F.);
#6735=ADVANCED_FACE('',(#520),#250,.F.);
#6736=ADVANCED_FACE('',(#521),#251,.F.);
#6737=ADVANCED_FACE('',(#522),#252,.F.);
#6738=ADVANCED_FACE('',(#523),#253,.T.);
#6739=ADVANCED_FACE('',(#524,#62),#254,.T.);
#6740=ADVANCED_FACE('',(#525),#6099,.T.);
#6741=ADVANCED_FACE('',(#526),#25,.T.);
#6742=ADVANCED_FACE('',(#527),#6100,.T.);
#6743=ADVANCED_FACE('',(#528,#63),#255,.F.);
#6744=ADVANCED_FACE('',(#529),#256,.T.);
#6745=ADVANCED_FACE('',(#530),#257,.F.);
#6746=ADVANCED_FACE('',(#531),#258,.F.);
#6747=ADVANCED_FACE('',(#532),#259,.F.);
#6748=ADVANCED_FACE('',(#533),#260,.F.);
#6749=ADVANCED_FACE('',(#534),#261,.F.);
#6750=ADVANCED_FACE('',(#535),#262,.F.);
#6751=ADVANCED_FACE('',(#536),#263,.T.);
#6752=ADVANCED_FACE('',(#537,#64),#264,.T.);
#6753=ADVANCED_FACE('',(#538),#6101,.T.);
#6754=ADVANCED_FACE('',(#539),#26,.T.);
#6755=ADVANCED_FACE('',(#540),#6102,.T.);
#6756=ADVANCED_FACE('',(#541,#65),#265,.F.);
#6757=ADVANCED_FACE('',(#542),#266,.T.);
#6758=ADVANCED_FACE('',(#543),#267,.F.);
#6759=ADVANCED_FACE('',(#544),#268,.F.);
#6760=ADVANCED_FACE('',(#545),#269,.F.);
#6761=ADVANCED_FACE('',(#546),#270,.F.);
#6762=ADVANCED_FACE('',(#547),#271,.F.);
#6763=ADVANCED_FACE('',(#548),#272,.F.);
#6764=ADVANCED_FACE('',(#549),#273,.T.);
#6765=ADVANCED_FACE('',(#550,#66),#274,.F.);
#6766=ADVANCED_FACE('',(#551),#6103,.F.);
#6767=ADVANCED_FACE('',(#552),#6104,.F.);
#6768=ADVANCED_FACE('',(#553),#6105,.F.);
#6769=ADVANCED_FACE('',(#554),#6106,.F.);
#6770=ADVANCED_FACE('',(#555),#6107,.F.);
#6771=ADVANCED_FACE('',(#556),#6108,.F.);
#6772=ADVANCED_FACE('',(#557),#6109,.F.);
#6773=ADVANCED_FACE('',(#558),#6110,.F.);
#6774=ADVANCED_FACE('',(#559),#6111,.F.);
#6775=ADVANCED_FACE('',(#560),#6112,.F.);
#6776=ADVANCED_FACE('',(#561),#6113,.F.);
#6777=ADVANCED_FACE('',(#562),#6114,.F.);
#6778=ADVANCED_FACE('',(#563),#6115,.T.);
#6779=ADVANCED_FACE('',(#564,#67,#68,#69,#70,#71,#72,#73,#74,#75,#76,#77,
#78),#275,.T.);
#6780=ADVANCED_FACE('',(#565,#79),#276,.T.);
#6781=ADVANCED_FACE('',(#566,#80),#277,.T.);
#6782=ADVANCED_FACE('',(#567,#81),#278,.T.);
#6783=ADVANCED_FACE('',(#568,#82),#279,.T.);
#6784=ADVANCED_FACE('',(#569,#83),#280,.T.);
#6785=ADVANCED_FACE('',(#570,#84),#281,.T.);
#6786=ADVANCED_FACE('',(#571),#282,.T.);
#6787=ADVANCED_FACE('',(#572),#283,.T.);
#6788=ADVANCED_FACE('',(#573),#284,.T.);
#6789=ADVANCED_FACE('',(#574),#285,.T.);
#6790=ADVANCED_FACE('',(#575),#286,.T.);
#6791=ADVANCED_FACE('',(#576,#85),#287,.T.);
#6792=ADVANCED_FACE('',(#577),#6116,.F.);
#6793=ADVANCED_FACE('',(#578),#6117,.F.);
#6794=ADVANCED_FACE('',(#579),#6118,.F.);
#6795=ADVANCED_FACE('',(#580),#6119,.F.);
#6796=ADVANCED_FACE('',(#581),#6120,.F.);
#6797=ADVANCED_FACE('',(#582),#6121,.F.);
#6798=ADVANCED_FACE('',(#583),#6122,.F.);
#6799=ADVANCED_FACE('',(#584),#6123,.F.);
#6800=ADVANCED_FACE('',(#585),#6124,.F.);
#6801=ADVANCED_FACE('',(#586),#6125,.F.);
#6802=ADVANCED_FACE('',(#587),#6126,.F.);
#6803=ADVANCED_FACE('',(#588),#6127,.F.);
#6804=ADVANCED_FACE('',(#589),#6128,.T.);
#6805=ADVANCED_FACE('',(#590,#86,#87,#88,#89,#90,#91,#92,#93,#94,#95,#96,
#97),#288,.F.);
#6806=ADVANCED_FACE('',(#591,#98),#289,.T.);
#6807=ADVANCED_FACE('',(#592,#99),#290,.T.);
#6808=ADVANCED_FACE('',(#593,#100),#291,.T.);
#6809=ADVANCED_FACE('',(#594,#101),#292,.T.);
#6810=ADVANCED_FACE('',(#595,#102),#293,.T.);
#6811=ADVANCED_FACE('',(#596,#103),#294,.T.);
#6812=ADVANCED_FACE('',(#597),#295,.T.);
#6813=ADVANCED_FACE('',(#598),#296,.T.);
#6814=ADVANCED_FACE('',(#599),#297,.T.);
#6815=ADVANCED_FACE('',(#600),#298,.T.);
#6816=ADVANCED_FACE('',(#601),#299,.T.);
#6817=ADVANCED_FACE('',(#602,#104),#300,.T.);
#6818=ADVANCED_FACE('',(#603),#301,.T.);
#6819=ADVANCED_FACE('',(#604),#6129,.T.);
#6820=ADVANCED_FACE('',(#605),#302,.T.);
#6821=ADVANCED_FACE('',(#606),#303,.T.);
#6822=ADVANCED_FACE('',(#607),#304,.T.);
#6823=ADVANCED_FACE('',(#608),#6130,.T.);
#6824=ADVANCED_FACE('',(#609),#305,.F.);
#6825=ADVANCED_FACE('',(#610),#6131,.T.);
#6826=ADVANCED_FACE('',(#611),#306,.F.);
#6827=ADVANCED_FACE('',(#612,#105),#307,.T.);
#6828=ADVANCED_FACE('',(#613),#308,.T.);
#6829=ADVANCED_FACE('',(#614),#6132,.T.);
#6830=ADVANCED_FACE('',(#615),#309,.T.);
#6831=ADVANCED_FACE('',(#616),#310,.T.);
#6832=ADVANCED_FACE('',(#617),#311,.T.);
#6833=ADVANCED_FACE('',(#618),#6133,.T.);
#6834=ADVANCED_FACE('',(#619),#312,.F.);
#6835=ADVANCED_FACE('',(#620),#6134,.T.);
#6836=ADVANCED_FACE('',(#621),#313,.F.);
#6837=ADVANCED_FACE('',(#622,#106,#107,#108),#314,.T.);
#6838=ADVANCED_FACE('',(#623),#6135,.F.);
#6839=ADVANCED_FACE('',(#624),#27,.F.);
#6840=ADVANCED_FACE('',(#625),#6136,.F.);
#6841=ADVANCED_FACE('',(#626),#28,.F.);
#6842=ADVANCED_FACE('',(#627),#6137,.F.);
#6843=ADVANCED_FACE('',(#628),#29,.F.);
#6844=ADVANCED_FACE('',(#629),#6138,.F.);
#6845=ADVANCED_FACE('',(#630),#30,.F.);
#6846=ADVANCED_FACE('',(#631),#6139,.F.);
#6847=ADVANCED_FACE('',(#632),#31,.F.);
#6848=ADVANCED_FACE('',(#633),#6140,.F.);
#6849=ADVANCED_FACE('',(#634),#32,.F.);
#6850=ADVANCED_FACE('',(#635),#6141,.F.);
#6851=ADVANCED_FACE('',(#636),#33,.F.);
#6852=ADVANCED_FACE('',(#637),#6142,.F.);
#6853=ADVANCED_FACE('',(#638),#34,.F.);
#6854=ADVANCED_FACE('',(#639),#6143,.F.);
#6855=ADVANCED_FACE('',(#640),#35,.F.);
#6856=ADVANCED_FACE('',(#641),#6144,.T.);
#6857=ADVANCED_FACE('',(#642),#6145,.T.);
#6858=ADVANCED_FACE('',(#643),#6146,.T.);
#6859=ADVANCED_FACE('',(#644),#6147,.F.);
#6860=ADVANCED_FACE('',(#645),#6148,.T.);
#6861=ADVANCED_FACE('',(#646),#315,.T.);
#6862=ADVANCED_FACE('',(#647,#109),#316,.T.);
#6863=ADVANCED_FACE('',(#648,#110),#317,.T.);
#6864=ADVANCED_FACE('',(#649,#111),#318,.T.);
#6865=ADVANCED_FACE('',(#650),#319,.F.);
#6866=ADVANCED_FACE('',(#651,#112,#113,#114,#115),#320,.T.);
#6867=ADVANCED_FACE('',(#652),#6149,.F.);
#6868=ADVANCED_FACE('',(#653),#36,.F.);
#6869=ADVANCED_FACE('',(#654),#6150,.F.);
#6870=ADVANCED_FACE('',(#655),#37,.F.);
#6871=ADVANCED_FACE('',(#656),#6151,.F.);
#6872=ADVANCED_FACE('',(#657),#38,.F.);
#6873=ADVANCED_FACE('',(#658),#6152,.F.);
#6874=ADVANCED_FACE('',(#659),#39,.F.);
#6875=ADVANCED_FACE('',(#660),#6153,.F.);
#6876=ADVANCED_FACE('',(#661),#40,.F.);
#6877=ADVANCED_FACE('',(#662),#6154,.F.);
#6878=ADVANCED_FACE('',(#663),#41,.F.);
#6879=ADVANCED_FACE('',(#664),#6155,.F.);
#6880=ADVANCED_FACE('',(#665),#42,.F.);
#6881=ADVANCED_FACE('',(#666),#6156,.F.);
#6882=ADVANCED_FACE('',(#667),#43,.F.);
#6883=ADVANCED_FACE('',(#668),#6157,.F.);
#6884=ADVANCED_FACE('',(#669),#44,.F.);
#6885=ADVANCED_FACE('',(#670),#6158,.F.);
#6886=ADVANCED_FACE('',(#671),#45,.F.);
#6887=ADVANCED_FACE('',(#672),#6159,.T.);
#6888=ADVANCED_FACE('',(#673),#6160,.T.);
#6889=ADVANCED_FACE('',(#674),#6161,.T.);
#6890=ADVANCED_FACE('',(#675),#6162,.F.);
#6891=ADVANCED_FACE('',(#676),#6163,.T.);
#6892=ADVANCED_FACE('',(#677),#321,.T.);
#6893=ADVANCED_FACE('',(#678,#116),#322,.T.);
#6894=ADVANCED_FACE('',(#679,#117),#323,.T.);
#6895=ADVANCED_FACE('',(#680,#118),#324,.T.);
#6896=ADVANCED_FACE('',(#681),#325,.T.);
#6897=ADVANCED_FACE('',(#682),#6164,.T.);
#6898=ADVANCED_FACE('',(#683),#6165,.T.);
#6899=ADVANCED_FACE('',(#684),#6166,.T.);
#6900=ADVANCED_FACE('',(#685),#6167,.T.);
#6901=ADVANCED_FACE('',(#686),#6168,.T.);
#6902=ADVANCED_FACE('',(#687),#6169,.T.);
#6903=ADVANCED_FACE('',(#688),#6170,.T.);
#6904=ADVANCED_FACE('',(#689),#6171,.T.);
#6905=ADVANCED_FACE('',(#690),#6172,.F.);
#6906=ADVANCED_FACE('',(#691),#6173,.F.);
#6907=ADVANCED_FACE('',(#692,#119,#120,#121,#122,#123),#326,.T.);
#6908=ADVANCED_FACE('',(#693),#327,.F.);
#6909=ADVANCED_FACE('',(#694,#124,#125,#126,#127,#128,#129,#130,#131,#132,
#133),#328,.F.);
#6910=ADVANCED_FACE('',(#695,#134),#329,.T.);
#6911=ADVANCED_FACE('',(#696),#6174,.F.);
#6912=ADVANCED_FACE('',(#697),#330,.F.);
#6913=ADVANCED_FACE('',(#698),#331,.F.);
#6914=ADVANCED_FACE('',(#699),#6175,.F.);
#6915=ADVANCED_FACE('',(#700),#6176,.F.);
#6916=ADVANCED_FACE('',(#701),#6177,.F.);
#6917=ADVANCED_FACE('',(#702),#332,.T.);
#6918=ADVANCED_FACE('',(#703),#6178,.F.);
#6919=ADVANCED_FACE('',(#704),#333,.F.);
#6920=ADVANCED_FACE('',(#705),#6179,.F.);
#6921=ADVANCED_FACE('',(#706),#334,.F.);
#6922=ADVANCED_FACE('',(#707),#6180,.F.);
#6923=ADVANCED_FACE('',(#708),#335,.T.);
#6924=ADVANCED_FACE('',(#709),#6181,.T.);
#6925=ADVANCED_FACE('',(#710),#6182,.T.);
#6926=ADVANCED_FACE('',(#711),#6183,.T.);
#6927=ADVANCED_FACE('',(#712),#6184,.T.);
#6928=ADVANCED_FACE('',(#713),#336,.F.);
#6929=ADVANCED_FACE('',(#714),#6185,.F.);
#6930=ADVANCED_FACE('',(#715),#6186,.T.);
#6931=ADVANCED_FACE('',(#716),#6187,.F.);
#6932=ADVANCED_FACE('',(#717),#337,.F.);
#6933=ADVANCED_FACE('',(#718),#338,.F.);
#6934=ADVANCED_FACE('',(#719),#6188,.F.);
#6935=ADVANCED_FACE('',(#720),#6189,.T.);
#6936=ADVANCED_FACE('',(#721),#6190,.F.);
#6937=ADVANCED_FACE('',(#722),#339,.F.);
#6938=ADVANCED_FACE('',(#723),#6191,.T.);
#6939=ADVANCED_FACE('',(#724),#6192,.F.);
#6940=ADVANCED_FACE('',(#725),#340,.T.);
#6941=ADVANCED_FACE('',(#726),#6193,.F.);
#6942=ADVANCED_FACE('',(#727),#6194,.F.);
#6943=ADVANCED_FACE('',(#728),#6195,.F.);
#6944=ADVANCED_FACE('',(#729),#6196,.F.);
#6945=ADVANCED_FACE('',(#730),#6197,.F.);
#6946=ADVANCED_FACE('',(#731),#6198,.F.);
#6947=ADVANCED_FACE('',(#732),#6199,.F.);
#6948=ADVANCED_FACE('',(#733),#6200,.F.);
#6949=ADVANCED_FACE('',(#734),#6201,.T.);
#6950=ADVANCED_FACE('',(#735),#341,.F.);
#6951=ADVANCED_FACE('',(#736),#6202,.T.);
#6952=ADVANCED_FACE('',(#737),#342,.F.);
#6953=ADVANCED_FACE('',(#738,#135,#136,#137,#138,#139,#140),#343,.T.);
#6954=ADVANCED_FACE('',(#739,#141,#142,#143,#144,#145,#146,#147),#344,.F.);
#6955=ADVANCED_FACE('',(#740),#6203,.T.);
#6956=ADVANCED_FACE('',(#741),#345,.F.);
#6957=ADVANCED_FACE('',(#742),#346,.F.);
#6958=ADVANCED_FACE('',(#743),#347,.T.);
#6959=ADVANCED_FACE('',(#744),#6204,.T.);
#6960=ADVANCED_FACE('',(#745),#348,.F.);
#6961=ADVANCED_FACE('',(#746,#148),#6205,.F.);
#6962=ADVANCED_FACE('',(#747,#149),#6206,.F.);
#6963=ADVANCED_FACE('',(#748),#349,.F.);
#6964=ADVANCED_FACE('',(#749),#350,.T.);
#6965=ADVANCED_FACE('',(#750),#351,.F.);
#6966=ADVANCED_FACE('',(#751),#352,.F.);
#6967=ADVANCED_FACE('',(#752),#353,.F.);
#6968=ADVANCED_FACE('',(#753),#354,.F.);
#6969=ADVANCED_FACE('',(#754),#355,.F.);
#6970=ADVANCED_FACE('',(#755),#356,.F.);
#6971=ADVANCED_FACE('',(#756,#150),#357,.F.);
#6972=ADVANCED_FACE('',(#757),#6207,.T.);
#6973=ADVANCED_FACE('',(#758),#358,.T.);
#6974=ADVANCED_FACE('',(#759),#359,.F.);
#6975=ADVANCED_FACE('',(#760),#360,.F.);
#6976=ADVANCED_FACE('',(#761),#361,.F.);
#6977=ADVANCED_FACE('',(#762),#362,.F.);
#6978=ADVANCED_FACE('',(#763),#363,.F.);
#6979=ADVANCED_FACE('',(#764),#364,.F.);
#6980=ADVANCED_FACE('',(#765,#151),#365,.F.);
#6981=ADVANCED_FACE('',(#766),#6208,.T.);
#6982=ADVANCED_FACE('',(#767),#366,.T.);
#6983=ADVANCED_FACE('',(#768),#367,.F.);
#6984=ADVANCED_FACE('',(#769),#368,.F.);
#6985=ADVANCED_FACE('',(#770),#369,.F.);
#6986=ADVANCED_FACE('',(#771),#370,.F.);
#6987=ADVANCED_FACE('',(#772),#371,.F.);
#6988=ADVANCED_FACE('',(#773),#372,.F.);
#6989=ADVANCED_FACE('',(#774,#152),#373,.F.);
#6990=ADVANCED_FACE('',(#775),#6209,.T.);
#6991=ADVANCED_FACE('',(#776),#374,.T.);
#6992=ADVANCED_FACE('',(#777),#375,.F.);
#6993=ADVANCED_FACE('',(#778),#376,.F.);
#6994=ADVANCED_FACE('',(#779),#377,.F.);
#6995=ADVANCED_FACE('',(#780),#378,.F.);
#6996=ADVANCED_FACE('',(#781),#379,.F.);
#6997=ADVANCED_FACE('',(#782),#380,.F.);
#6998=ADVANCED_FACE('',(#783,#153),#381,.F.);
#6999=ADVANCED_FACE('',(#784),#6210,.T.);
#7000=ADVANCED_FACE('',(#785),#382,.T.);
#7001=ADVANCED_FACE('',(#786),#383,.F.);
#7002=ADVANCED_FACE('',(#787),#384,.F.);
#7003=ADVANCED_FACE('',(#788),#385,.F.);
#7004=ADVANCED_FACE('',(#789),#386,.F.);
#7005=ADVANCED_FACE('',(#790),#387,.F.);
#7006=ADVANCED_FACE('',(#791),#388,.F.);
#7007=ADVANCED_FACE('',(#792,#154),#389,.F.);
#7008=ADVANCED_FACE('',(#793),#6211,.T.);
#7009=ADVANCED_FACE('',(#794),#390,.T.);
#7010=ADVANCED_FACE('',(#795),#391,.F.);
#7011=ADVANCED_FACE('',(#796),#392,.F.);
#7012=ADVANCED_FACE('',(#797),#393,.F.);
#7013=ADVANCED_FACE('',(#798),#394,.F.);
#7014=ADVANCED_FACE('',(#799),#395,.F.);
#7015=ADVANCED_FACE('',(#800),#396,.F.);
#7016=ADVANCED_FACE('',(#801,#155),#397,.F.);
#7017=ADVANCED_FACE('',(#802),#6212,.T.);
#7018=ADVANCED_FACE('',(#803),#398,.T.);
#7019=ADVANCED_FACE('',(#804),#399,.F.);
#7020=ADVANCED_FACE('',(#805),#400,.F.);
#7021=ADVANCED_FACE('',(#806),#401,.F.);
#7022=ADVANCED_FACE('',(#807),#402,.F.);
#7023=ADVANCED_FACE('',(#808),#403,.F.);
#7024=ADVANCED_FACE('',(#809),#404,.F.);
#7025=ADVANCED_FACE('',(#810),#405,.T.);
#7026=ADVANCED_FACE('',(#811,#156),#406,.F.);
#7027=ADVANCED_FACE('',(#812),#6213,.T.);
#7028=ADVANCED_FACE('',(#813),#46,.T.);
#7029=CLOSED_SHELL('',(#6622,#6623,#6624,#6625,#6626,#6627,#6628,#6629,
#6630,#6631,#6632,#6633,#6634,#6635,#6636,#6637,#6638,#6639,#6640,#6641,
#6642,#6643,#6644,#6645,#6646,#6647,#6648,#6649,#6650,#6651,#6652,#6653,
#6654,#6655,#6656,#6657,#6658,#6659,#6660,#6661,#6662,#6663,#6664,#6665,
#6666,#6667,#6668,#6669,#6670,#6671,#6672,#6673,#6674,#6675,#6676,#6677,
#6678,#6679,#6680,#6681,#6682,#6683,#6684,#6685,#6686,#6687,#6688,#6689,
#6690,#6691,#6692,#6693,#6694,#6695,#6696,#6697,#6698,#6699,#6700,#6701,
#6702,#6703,#6704,#6705,#6706,#6707,#6708,#6709,#6710,#6711,#6712,#6713,
#6714,#6715,#6716,#6717,#6718,#6719,#6720,#6721,#6722,#6723,#6724,#6725,
#6726,#6727,#6728,#6729,#6730,#6731,#6732,#6733,#6734,#6735,#6736,#6737,
#6738,#6739,#6740,#6741,#6742,#6743,#6744,#6745,#6746,#6747,#6748,#6749,
#6750,#6751,#6752,#6753,#6754,#6755,#6756,#6757,#6758,#6759,#6760,#6761,
#6762,#6763,#6764,#6765,#6766,#6767,#6768,#6769,#6770,#6771,#6772,#6773,
#6774,#6775,#6776,#6777,#6778,#6779,#6780,#6781,#6782,#6783,#6784,#6785,
#6786,#6787,#6788,#6789,#6790,#6791,#6792,#6793,#6794,#6795,#6796,#6797,
#6798,#6799,#6800,#6801,#6802,#6803,#6804,#6805,#6806,#6807,#6808,#6809,
#6810,#6811,#6812,#6813,#6814,#6815,#6816,#6817,#6818,#6819,#6820,#6821,
#6822,#6823,#6824,#6825,#6826,#6827,#6828,#6829,#6830,#6831,#6832,#6833,
#6834,#6835,#6836,#6837,#6838,#6839,#6840,#6841,#6842,#6843,#6844,#6845,
#6846,#6847,#6848,#6849,#6850,#6851,#6852,#6853,#6854,#6855,#6856,#6857,
#6858,#6859,#6860,#6861,#6862,#6863,#6864,#6865,#6866,#6867,#6868,#6869,
#6870,#6871,#6872,#6873,#6874,#6875,#6876,#6877,#6878,#6879,#6880,#6881,
#6882,#6883,#6884,#6885,#6886,#6887,#6888,#6889,#6890,#6891,#6892,#6893,
#6894,#6895,#6896,#6897,#6898,#6899,#6900,#6901,#6902,#6903,#6904,#6905,
#6906,#6907,#6908,#6909,#6910,#6911,#6912,#6913,#6914,#6915,#6916,#6917,
#6918,#6919,#6920,#6921,#6922,#6923,#6924,#6925,#6926,#6927,#6928,#6929,
#6930,#6931,#6932,#6933,#6934,#6935,#6936,#6937,#6938,#6939,#6940,#6941,
#6942,#6943,#6944,#6945,#6946,#6947,#6948,#6949,#6950,#6951,#6952,#6953,
#6954,#6955,#6956,#6957,#6958,#6959,#6960,#6961,#6962,#6963,#6964,#6965,
#6966,#6967,#6968,#6969,#6970,#6971,#6972,#6973,#6974,#6975,#6976,#6977,
#6978,#6979,#6980,#6981,#6982,#6983,#6984,#6985,#6986,#6987,#6988,#6989,
#6990,#6991,#6992,#6993,#6994,#6995,#6996,#6997,#6998,#6999,#7000,#7001,
#7002,#7003,#7004,#7005,#7006,#7007,#7008,#7009,#7010,#7011,#7012,#7013,
#7014,#7015,#7016,#7017,#7018,#7019,#7020,#7021,#7022,#7023,#7024,#7025,
#7026,#7027,#7028));
#7030=DERIVED_UNIT_ELEMENT(#7033,1.);
#7031=DERIVED_UNIT_ELEMENT(#11713,-3.);
#7032=DIMENSIONAL_EXPONENTS(1.,0.,0.,0.,0.,0.,0.);
#7033=(
CONVERSION_BASED_UNIT('gram',#7035)
MASS_UNIT()
NAMED_UNIT(#7032)
);
#7034=(
MASS_UNIT()
NAMED_UNIT(*)
SI_UNIT(.KILO.,.GRAM.)
);
#7035=MASS_MEASURE_WITH_UNIT(MASS_MEASURE(0.001),#7034);
#7036=DERIVED_UNIT((#7030,#7031));
#7037=MEASURE_REPRESENTATION_ITEM('density measure',
POSITIVE_RATIO_MEASURE(1.),#7036);
#7038=PROPERTY_DEFINITION_REPRESENTATION(#7043,#7040);
#7039=PROPERTY_DEFINITION_REPRESENTATION(#7044,#7041);
#7040=REPRESENTATION('material name',(#7042),#11710);
#7041=REPRESENTATION('density',(#7037),#11710);
#7042=DESCRIPTIVE_REPRESENTATION_ITEM('Generic','Generic');
#7043=PROPERTY_DEFINITION('material property','material name',#11720);
#7044=PROPERTY_DEFINITION('material property','density of part',#11720);
#7045=DATE_TIME_ROLE('creation_date');
#7046=APPLIED_DATE_AND_TIME_ASSIGNMENT(#7047,#7045,(#11720));
#7047=DATE_AND_TIME(#7048,#7049);
#7048=CALENDAR_DATE(2026,19,6);
#7049=LOCAL_TIME(0,0,0.,#7050);
#7050=COORDINATED_UNIVERSAL_TIME_OFFSET(0,0,.BEHIND.);
#7051=AXIS2_PLACEMENT_3D('placement',#9715,#7737,#7738);
#7052=AXIS2_PLACEMENT_3D('',#9716,#7739,#7740);
#7053=AXIS2_PLACEMENT_3D('',#9718,#7741,#7742);
#7054=AXIS2_PLACEMENT_3D('',#9721,#7744,#7745);
#7055=AXIS2_PLACEMENT_3D('',#9722,#7746,#7747);
#7056=AXIS2_PLACEMENT_3D('',#9735,#7754,#7755);
#7057=AXIS2_PLACEMENT_3D('',#9741,#7759,#7760);
#7058=AXIS2_PLACEMENT_3D('',#9745,#7763,#7764);
#7059=AXIS2_PLACEMENT_3D('',#9749,#7767,#7768);
#7060=AXIS2_PLACEMENT_3D('',#9753,#7771,#7772);
#7061=AXIS2_PLACEMENT_3D('',#9757,#7775,#7776);
#7062=AXIS2_PLACEMENT_3D('',#9759,#7778,#7779);
#7063=AXIS2_PLACEMENT_3D('',#9760,#7780,#7781);
#7064=AXIS2_PLACEMENT_3D('',#9763,#7782,#7783);
#7065=AXIS2_PLACEMENT_3D('',#9764,#7784,#7785);
#7066=AXIS2_PLACEMENT_3D('',#9767,#7787,#7788);
#7067=AXIS2_PLACEMENT_3D('',#9768,#7789,#7790);
#7068=AXIS2_PLACEMENT_3D('',#9770,#7791,#7792);
#7069=AXIS2_PLACEMENT_3D('',#9773,#7794,#7795);
#7070=AXIS2_PLACEMENT_3D('',#9774,#7796,#7797);
#7071=AXIS2_PLACEMENT_3D('',#9787,#7804,#7805);
#7072=AXIS2_PLACEMENT_3D('',#9788,#7806,#7807);
#7073=AXIS2_PLACEMENT_3D('',#9794,#7811,#7812);
#7074=AXIS2_PLACEMENT_3D('',#9798,#7815,#7816);
#7075=AXIS2_PLACEMENT_3D('',#9802,#7819,#7820);
#7076=AXIS2_PLACEMENT_3D('',#9806,#7823,#7824);
#7077=AXIS2_PLACEMENT_3D('',#9810,#7827,#7828);
#7078=AXIS2_PLACEMENT_3D('',#9812,#7830,#7831);
#7079=AXIS2_PLACEMENT_3D('',#9813,#7832,#7833);
#7080=AXIS2_PLACEMENT_3D('',#9815,#7834,#7835);
#7081=AXIS2_PLACEMENT_3D('',#9818,#7837,#7838);
#7082=AXIS2_PLACEMENT_3D('',#9819,#7839,#7840);
#7083=AXIS2_PLACEMENT_3D('',#9832,#7847,#7848);
#7084=AXIS2_PLACEMENT_3D('',#9838,#7852,#7853);
#7085=AXIS2_PLACEMENT_3D('',#9842,#7856,#7857);
#7086=AXIS2_PLACEMENT_3D('',#9846,#7860,#7861);
#7087=AXIS2_PLACEMENT_3D('',#9850,#7864,#7865);
#7088=AXIS2_PLACEMENT_3D('',#9854,#7868,#7869);
#7089=AXIS2_PLACEMENT_3D('',#9856,#7871,#7872);
#7090=AXIS2_PLACEMENT_3D('',#9857,#7873,#7874);
#7091=AXIS2_PLACEMENT_3D('',#9859,#7875,#7876);
#7092=AXIS2_PLACEMENT_3D('',#9862,#7878,#7879);
#7093=AXIS2_PLACEMENT_3D('',#9863,#7880,#7881);
#7094=AXIS2_PLACEMENT_3D('',#9876,#7888,#7889);
#7095=AXIS2_PLACEMENT_3D('',#9882,#7893,#7894);
#7096=AXIS2_PLACEMENT_3D('',#9886,#7897,#7898);
#7097=AXIS2_PLACEMENT_3D('',#9890,#7901,#7902);
#7098=AXIS2_PLACEMENT_3D('',#9894,#7905,#7906);
#7099=AXIS2_PLACEMENT_3D('',#9898,#7909,#7910);
#7100=AXIS2_PLACEMENT_3D('',#9900,#7912,#7913);
#7101=AXIS2_PLACEMENT_3D('',#9901,#7914,#7915);
#7102=AXIS2_PLACEMENT_3D('',#9903,#7916,#7917);
#7103=AXIS2_PLACEMENT_3D('',#9906,#7919,#7920);
#7104=AXIS2_PLACEMENT_3D('',#9907,#7921,#7922);
#7105=AXIS2_PLACEMENT_3D('',#9920,#7929,#7930);
#7106=AXIS2_PLACEMENT_3D('',#9926,#7934,#7935);
#7107=AXIS2_PLACEMENT_3D('',#9930,#7938,#7939);
#7108=AXIS2_PLACEMENT_3D('',#9934,#7942,#7943);
#7109=AXIS2_PLACEMENT_3D('',#9938,#7946,#7947);
#7110=AXIS2_PLACEMENT_3D('',#9942,#7950,#7951);
#7111=AXIS2_PLACEMENT_3D('',#9944,#7953,#7954);
#7112=AXIS2_PLACEMENT_3D('',#9945,#7955,#7956);
#7113=AXIS2_PLACEMENT_3D('',#9947,#7957,#7958);
#7114=AXIS2_PLACEMENT_3D('',#9950,#7960,#7961);
#7115=AXIS2_PLACEMENT_3D('',#9951,#7962,#7963);
#7116=AXIS2_PLACEMENT_3D('',#9964,#7970,#7971);
#7117=AXIS2_PLACEMENT_3D('',#9970,#7975,#7976);
#7118=AXIS2_PLACEMENT_3D('',#9974,#7979,#7980);
#7119=AXIS2_PLACEMENT_3D('',#9978,#7983,#7984);
#7120=AXIS2_PLACEMENT_3D('',#9982,#7987,#7988);
#7121=AXIS2_PLACEMENT_3D('',#9986,#7991,#7992);
#7122=AXIS2_PLACEMENT_3D('',#9988,#7994,#7995);
#7123=AXIS2_PLACEMENT_3D('',#9989,#7996,#7997);
#7124=AXIS2_PLACEMENT_3D('',#9991,#7998,#7999);
#7125=AXIS2_PLACEMENT_3D('',#9994,#8001,#8002);
#7126=AXIS2_PLACEMENT_3D('',#9995,#8003,#8004);
#7127=AXIS2_PLACEMENT_3D('',#10008,#8011,#8012);
#7128=AXIS2_PLACEMENT_3D('',#10014,#8016,#8017);
#7129=AXIS2_PLACEMENT_3D('',#10018,#8020,#8021);
#7130=AXIS2_PLACEMENT_3D('',#10022,#8024,#8025);
#7131=AXIS2_PLACEMENT_3D('',#10026,#8028,#8029);
#7132=AXIS2_PLACEMENT_3D('',#10030,#8032,#8033);
#7133=AXIS2_PLACEMENT_3D('',#10032,#8035,#8036);
#7134=AXIS2_PLACEMENT_3D('',#10033,#8037,#8038);
#7135=AXIS2_PLACEMENT_3D('',#10035,#8039,#8040);
#7136=AXIS2_PLACEMENT_3D('',#10037,#8041,#8042);
#7137=AXIS2_PLACEMENT_3D('',#10038,#8043,#8044);
#7138=AXIS2_PLACEMENT_3D('',#10041,#8046,#8047);
#7139=AXIS2_PLACEMENT_3D('',#10042,#8048,#8049);
#7140=AXIS2_PLACEMENT_3D('',#10045,#8051,#8052);
#7141=AXIS2_PLACEMENT_3D('',#10046,#8053,#8054);
#7142=AXIS2_PLACEMENT_3D('',#10048,#8055,#8056);
#7143=AXIS2_PLACEMENT_3D('',#10051,#8058,#8059);
#7144=AXIS2_PLACEMENT_3D('',#10052,#8060,#8061);
#7145=AXIS2_PLACEMENT_3D('',#10065,#8068,#8069);
#7146=AXIS2_PLACEMENT_3D('',#10066,#8070,#8071);
#7147=AXIS2_PLACEMENT_3D('',#10072,#8075,#8076);
#7148=AXIS2_PLACEMENT_3D('',#10076,#8079,#8080);
#7149=AXIS2_PLACEMENT_3D('',#10080,#8083,#8084);
#7150=AXIS2_PLACEMENT_3D('',#10084,#8087,#8088);
#7151=AXIS2_PLACEMENT_3D('',#10088,#8091,#8092);
#7152=AXIS2_PLACEMENT_3D('',#10090,#8094,#8095);
#7153=AXIS2_PLACEMENT_3D('',#10091,#8096,#8097);
#7154=AXIS2_PLACEMENT_3D('',#10093,#8098,#8099);
#7155=AXIS2_PLACEMENT_3D('',#10095,#8100,#8101);
#7156=AXIS2_PLACEMENT_3D('',#10096,#8102,#8103);
#7157=AXIS2_PLACEMENT_3D('',#10099,#8105,#8106);
#7158=AXIS2_PLACEMENT_3D('',#10100,#8107,#8108);
#7159=AXIS2_PLACEMENT_3D('',#10103,#8110,#8111);
#7160=AXIS2_PLACEMENT_3D('',#10104,#8112,#8113);
#7161=AXIS2_PLACEMENT_3D('',#10106,#8114,#8115);
#7162=AXIS2_PLACEMENT_3D('',#10109,#8117,#8118);
#7163=AXIS2_PLACEMENT_3D('',#10110,#8119,#8120);
#7164=AXIS2_PLACEMENT_3D('',#10123,#8127,#8128);
#7165=AXIS2_PLACEMENT_3D('',#10124,#8129,#8130);
#7166=AXIS2_PLACEMENT_3D('',#10130,#8134,#8135);
#7167=AXIS2_PLACEMENT_3D('',#10134,#8138,#8139);
#7168=AXIS2_PLACEMENT_3D('',#10138,#8142,#8143);
#7169=AXIS2_PLACEMENT_3D('',#10142,#8146,#8147);
#7170=AXIS2_PLACEMENT_3D('',#10146,#8150,#8151);
#7171=AXIS2_PLACEMENT_3D('',#10148,#8153,#8154);
#7172=AXIS2_PLACEMENT_3D('',#10149,#8155,#8156);
#7173=AXIS2_PLACEMENT_3D('',#10151,#8157,#8158);
#7174=AXIS2_PLACEMENT_3D('',#10153,#8159,#8160);
#7175=AXIS2_PLACEMENT_3D('',#10154,#8161,#8162);
#7176=AXIS2_PLACEMENT_3D('',#10157,#8164,#8165);
#7177=AXIS2_PLACEMENT_3D('',#10158,#8166,#8167);
#7178=AXIS2_PLACEMENT_3D('',#10161,#8169,#8170);
#7179=AXIS2_PLACEMENT_3D('',#10162,#8171,#8172);
#7180=AXIS2_PLACEMENT_3D('',#10164,#8173,#8174);
#7181=AXIS2_PLACEMENT_3D('',#10167,#8176,#8177);
#7182=AXIS2_PLACEMENT_3D('',#10168,#8178,#8179);
#7183=AXIS2_PLACEMENT_3D('',#10181,#8186,#8187);
#7184=AXIS2_PLACEMENT_3D('',#10182,#8188,#8189);
#7185=AXIS2_PLACEMENT_3D('',#10188,#8193,#8194);
#7186=AXIS2_PLACEMENT_3D('',#10192,#8197,#8198);
#7187=AXIS2_PLACEMENT_3D('',#10196,#8201,#8202);
#7188=AXIS2_PLACEMENT_3D('',#10200,#8205,#8206);
#7189=AXIS2_PLACEMENT_3D('',#10204,#8209,#8210);
#7190=AXIS2_PLACEMENT_3D('',#10206,#8212,#8213);
#7191=AXIS2_PLACEMENT_3D('',#10207,#8214,#8215);
#7192=AXIS2_PLACEMENT_3D('',#10209,#8216,#8217);
#7193=AXIS2_PLACEMENT_3D('',#10211,#8218,#8219);
#7194=AXIS2_PLACEMENT_3D('',#10212,#8220,#8221);
#7195=AXIS2_PLACEMENT_3D('',#10215,#8223,#8224);
#7196=AXIS2_PLACEMENT_3D('',#10216,#8225,#8226);
#7197=AXIS2_PLACEMENT_3D('',#10219,#8228,#8229);
#7198=AXIS2_PLACEMENT_3D('',#10220,#8230,#8231);
#7199=AXIS2_PLACEMENT_3D('',#10222,#8232,#8233);
#7200=AXIS2_PLACEMENT_3D('',#10225,#8235,#8236);
#7201=AXIS2_PLACEMENT_3D('',#10226,#8237,#8238);
#7202=AXIS2_PLACEMENT_3D('',#10239,#8245,#8246);
#7203=AXIS2_PLACEMENT_3D('',#10240,#8247,#8248);
#7204=AXIS2_PLACEMENT_3D('',#10246,#8252,#8253);
#7205=AXIS2_PLACEMENT_3D('',#10250,#8256,#8257);
#7206=AXIS2_PLACEMENT_3D('',#10254,#8260,#8261);
#7207=AXIS2_PLACEMENT_3D('',#10258,#8264,#8265);
#7208=AXIS2_PLACEMENT_3D('',#10262,#8268,#8269);
#7209=AXIS2_PLACEMENT_3D('',#10264,#8271,#8272);
#7210=AXIS2_PLACEMENT_3D('',#10265,#8273,#8274);
#7211=AXIS2_PLACEMENT_3D('',#10267,#8275,#8276);
#7212=AXIS2_PLACEMENT_3D('',#10269,#8277,#8278);
#7213=AXIS2_PLACEMENT_3D('',#10270,#8279,#8280);
#7214=AXIS2_PLACEMENT_3D('',#10273,#8282,#8283);
#7215=AXIS2_PLACEMENT_3D('',#10274,#8284,#8285);
#7216=AXIS2_PLACEMENT_3D('',#10277,#8287,#8288);
#7217=AXIS2_PLACEMENT_3D('',#10278,#8289,#8290);
#7218=AXIS2_PLACEMENT_3D('',#10280,#8291,#8292);
#7219=AXIS2_PLACEMENT_3D('',#10283,#8294,#8295);
#7220=AXIS2_PLACEMENT_3D('',#10284,#8296,#8297);
#7221=AXIS2_PLACEMENT_3D('',#10297,#8304,#8305);
#7222=AXIS2_PLACEMENT_3D('',#10298,#8306,#8307);
#7223=AXIS2_PLACEMENT_3D('',#10304,#8311,#8312);
#7224=AXIS2_PLACEMENT_3D('',#10308,#8315,#8316);
#7225=AXIS2_PLACEMENT_3D('',#10312,#8319,#8320);
#7226=AXIS2_PLACEMENT_3D('',#10316,#8323,#8324);
#7227=AXIS2_PLACEMENT_3D('',#10320,#8327,#8328);
#7228=AXIS2_PLACEMENT_3D('',#10322,#8330,#8331);
#7229=AXIS2_PLACEMENT_3D('',#10323,#8332,#8333);
#7230=AXIS2_PLACEMENT_3D('',#10325,#8334,#8335);
#7231=AXIS2_PLACEMENT_3D('',#10327,#8336,#8337);
#7232=AXIS2_PLACEMENT_3D('',#10328,#8338,#8339);
#7233=AXIS2_PLACEMENT_3D('',#10331,#8341,#8342);
#7234=AXIS2_PLACEMENT_3D('',#10332,#8343,#8344);
#7235=AXIS2_PLACEMENT_3D('',#10335,#8346,#8347);
#7236=AXIS2_PLACEMENT_3D('',#10336,#8348,#8349);
#7237=AXIS2_PLACEMENT_3D('',#10338,#8350,#8351);
#7238=AXIS2_PLACEMENT_3D('',#10341,#8353,#8354);
#7239=AXIS2_PLACEMENT_3D('',#10342,#8355,#8356);
#7240=AXIS2_PLACEMENT_3D('',#10355,#8363,#8364);
#7241=AXIS2_PLACEMENT_3D('',#10356,#8365,#8366);
#7242=AXIS2_PLACEMENT_3D('',#10362,#8370,#8371);
#7243=AXIS2_PLACEMENT_3D('',#10366,#8374,#8375);
#7244=AXIS2_PLACEMENT_3D('',#10370,#8378,#8379);
#7245=AXIS2_PLACEMENT_3D('',#10374,#8382,#8383);
#7246=AXIS2_PLACEMENT_3D('',#10378,#8386,#8387);
#7247=AXIS2_PLACEMENT_3D('',#10380,#8389,#8390);
#7248=AXIS2_PLACEMENT_3D('',#10381,#8391,#8392);
#7249=AXIS2_PLACEMENT_3D('',#10383,#8393,#8394);
#7250=AXIS2_PLACEMENT_3D('',#10385,#8395,#8396);
#7251=AXIS2_PLACEMENT_3D('',#10386,#8397,#8398);
#7252=AXIS2_PLACEMENT_3D('',#10388,#8399,#8400);
#7253=AXIS2_PLACEMENT_3D('',#10391,#8402,#8403);
#7254=AXIS2_PLACEMENT_3D('',#10392,#8404,#8405);
#7255=AXIS2_PLACEMENT_3D('',#10394,#8406,#8407);
#7256=AXIS2_PLACEMENT_3D('',#10397,#8409,#8410);
#7257=AXIS2_PLACEMENT_3D('',#10398,#8411,#8412);
#7258=AXIS2_PLACEMENT_3D('',#10400,#8413,#8414);
#7259=AXIS2_PLACEMENT_3D('',#10403,#8416,#8417);
#7260=AXIS2_PLACEMENT_3D('',#10404,#8418,#8419);
#7261=AXIS2_PLACEMENT_3D('',#10406,#8420,#8421);
#7262=AXIS2_PLACEMENT_3D('',#10409,#8423,#8424);
#7263=AXIS2_PLACEMENT_3D('',#10410,#8425,#8426);
#7264=AXIS2_PLACEMENT_3D('',#10412,#8427,#8428);
#7265=AXIS2_PLACEMENT_3D('',#10415,#8430,#8431);
#7266=AXIS2_PLACEMENT_3D('',#10416,#8432,#8433);
#7267=AXIS2_PLACEMENT_3D('',#10418,#8434,#8435);
#7268=AXIS2_PLACEMENT_3D('',#10421,#8437,#8438);
#7269=AXIS2_PLACEMENT_3D('',#10422,#8439,#8440);
#7270=AXIS2_PLACEMENT_3D('',#10424,#8441,#8442);
#7271=AXIS2_PLACEMENT_3D('',#10427,#8444,#8445);
#7272=AXIS2_PLACEMENT_3D('',#10428,#8446,#8447);
#7273=AXIS2_PLACEMENT_3D('',#10430,#8448,#8449);
#7274=AXIS2_PLACEMENT_3D('',#10433,#8451,#8452);
#7275=AXIS2_PLACEMENT_3D('',#10434,#8453,#8454);
#7276=AXIS2_PLACEMENT_3D('',#10436,#8455,#8456);
#7277=AXIS2_PLACEMENT_3D('',#10439,#8458,#8459);
#7278=AXIS2_PLACEMENT_3D('',#10440,#8460,#8461);
#7279=AXIS2_PLACEMENT_3D('',#10442,#8462,#8463);
#7280=AXIS2_PLACEMENT_3D('',#10445,#8465,#8466);
#7281=AXIS2_PLACEMENT_3D('',#10446,#8467,#8468);
#7282=AXIS2_PLACEMENT_3D('',#10448,#8469,#8470);
#7283=AXIS2_PLACEMENT_3D('',#10451,#8472,#8473);
#7284=AXIS2_PLACEMENT_3D('',#10452,#8474,#8475);
#7285=AXIS2_PLACEMENT_3D('',#10454,#8476,#8477);
#7286=AXIS2_PLACEMENT_3D('',#10457,#8479,#8480);
#7287=AXIS2_PLACEMENT_3D('',#10458,#8481,#8482);
#7288=AXIS2_PLACEMENT_3D('',#10461,#8484,#8485);
#7289=AXIS2_PLACEMENT_3D('',#10462,#8486,#8487);
#7290=AXIS2_PLACEMENT_3D('',#10463,#8488,#8489);
#7291=AXIS2_PLACEMENT_3D('',#10465,#8490,#8491);
#7292=AXIS2_PLACEMENT_3D('',#10466,#8492,#8493);
#7293=AXIS2_PLACEMENT_3D('',#10468,#8494,#8495);
#7294=AXIS2_PLACEMENT_3D('',#10469,#8496,#8497);
#7295=AXIS2_PLACEMENT_3D('',#10471,#8498,#8499);
#7296=AXIS2_PLACEMENT_3D('',#10472,#8500,#8501);
#7297=AXIS2_PLACEMENT_3D('',#10474,#8502,#8503);
#7298=AXIS2_PLACEMENT_3D('',#10475,#8504,#8505);
#7299=AXIS2_PLACEMENT_3D('',#10477,#8506,#8507);
#7300=AXIS2_PLACEMENT_3D('',#10478,#8508,#8509);
#7301=AXIS2_PLACEMENT_3D('',#10480,#8510,#8511);
#7302=AXIS2_PLACEMENT_3D('',#10481,#8512,#8513);
#7303=AXIS2_PLACEMENT_3D('',#10482,#8514,#8515);
#7304=AXIS2_PLACEMENT_3D('',#10483,#8516,#8517);
#7305=AXIS2_PLACEMENT_3D('',#10484,#8518,#8519);
#7306=AXIS2_PLACEMENT_3D('',#10485,#8520,#8521);
#7307=AXIS2_PLACEMENT_3D('',#10486,#8522,#8523);
#7308=AXIS2_PLACEMENT_3D('',#10488,#8524,#8525);
#7309=AXIS2_PLACEMENT_3D('',#10490,#8526,#8527);
#7310=AXIS2_PLACEMENT_3D('',#10491,#8528,#8529);
#7311=AXIS2_PLACEMENT_3D('',#10493,#8530,#8531);
#7312=AXIS2_PLACEMENT_3D('',#10496,#8533,#8534);
#7313=AXIS2_PLACEMENT_3D('',#10497,#8535,#8536);
#7314=AXIS2_PLACEMENT_3D('',#10499,#8537,#8538);
#7315=AXIS2_PLACEMENT_3D('',#10502,#8540,#8541);
#7316=AXIS2_PLACEMENT_3D('',#10503,#8542,#8543);
#7317=AXIS2_PLACEMENT_3D('',#10505,#8544,#8545);
#7318=AXIS2_PLACEMENT_3D('',#10508,#8547,#8548);
#7319=AXIS2_PLACEMENT_3D('',#10509,#8549,#8550);
#7320=AXIS2_PLACEMENT_3D('',#10511,#8551,#8552);
#7321=AXIS2_PLACEMENT_3D('',#10514,#8554,#8555);
#7322=AXIS2_PLACEMENT_3D('',#10515,#8556,#8557);
#7323=AXIS2_PLACEMENT_3D('',#10517,#8558,#8559);
#7324=AXIS2_PLACEMENT_3D('',#10520,#8561,#8562);
#7325=AXIS2_PLACEMENT_3D('',#10521,#8563,#8564);
#7326=AXIS2_PLACEMENT_3D('',#10523,#8565,#8566);
#7327=AXIS2_PLACEMENT_3D('',#10526,#8568,#8569);
#7328=AXIS2_PLACEMENT_3D('',#10527,#8570,#8571);
#7329=AXIS2_PLACEMENT_3D('',#10529,#8572,#8573);
#7330=AXIS2_PLACEMENT_3D('',#10532,#8575,#8576);
#7331=AXIS2_PLACEMENT_3D('',#10533,#8577,#8578);
#7332=AXIS2_PLACEMENT_3D('',#10535,#8579,#8580);
#7333=AXIS2_PLACEMENT_3D('',#10538,#8582,#8583);
#7334=AXIS2_PLACEMENT_3D('',#10539,#8584,#8585);
#7335=AXIS2_PLACEMENT_3D('',#10541,#8586,#8587);
#7336=AXIS2_PLACEMENT_3D('',#10544,#8589,#8590);
#7337=AXIS2_PLACEMENT_3D('',#10545,#8591,#8592);
#7338=AXIS2_PLACEMENT_3D('',#10547,#8593,#8594);
#7339=AXIS2_PLACEMENT_3D('',#10550,#8596,#8597);
#7340=AXIS2_PLACEMENT_3D('',#10551,#8598,#8599);
#7341=AXIS2_PLACEMENT_3D('',#10553,#8600,#8601);
#7342=AXIS2_PLACEMENT_3D('',#10556,#8603,#8604);
#7343=AXIS2_PLACEMENT_3D('',#10557,#8605,#8606);
#7344=AXIS2_PLACEMENT_3D('',#10559,#8607,#8608);
#7345=AXIS2_PLACEMENT_3D('',#10562,#8610,#8611);
#7346=AXIS2_PLACEMENT_3D('',#10563,#8612,#8613);
#7347=AXIS2_PLACEMENT_3D('',#10565,#8614,#8615);
#7348=AXIS2_PLACEMENT_3D('',#10567,#8617,#8618);
#7349=AXIS2_PLACEMENT_3D('',#10568,#8619,#8620);
#7350=AXIS2_PLACEMENT_3D('',#10570,#8621,#8622);
#7351=AXIS2_PLACEMENT_3D('',#10571,#8623,#8624);
#7352=AXIS2_PLACEMENT_3D('',#10573,#8625,#8626);
#7353=AXIS2_PLACEMENT_3D('',#10574,#8627,#8628);
#7354=AXIS2_PLACEMENT_3D('',#10576,#8629,#8630);
#7355=AXIS2_PLACEMENT_3D('',#10577,#8631,#8632);
#7356=AXIS2_PLACEMENT_3D('',#10579,#8633,#8634);
#7357=AXIS2_PLACEMENT_3D('',#10580,#8635,#8636);
#7358=AXIS2_PLACEMENT_3D('',#10582,#8637,#8638);
#7359=AXIS2_PLACEMENT_3D('',#10583,#8639,#8640);
#7360=AXIS2_PLACEMENT_3D('',#10585,#8641,#8642);
#7361=AXIS2_PLACEMENT_3D('',#10586,#8643,#8644);
#7362=AXIS2_PLACEMENT_3D('',#10587,#8645,#8646);
#7363=AXIS2_PLACEMENT_3D('',#10588,#8647,#8648);
#7364=AXIS2_PLACEMENT_3D('',#10589,#8649,#8650);
#7365=AXIS2_PLACEMENT_3D('',#10590,#8651,#8652);
#7366=AXIS2_PLACEMENT_3D('',#10591,#8653,#8654);
#7367=AXIS2_PLACEMENT_3D('',#10596,#8656,#8657);
#7368=AXIS2_PLACEMENT_3D('',#10604,#8661,#8662);
#7369=AXIS2_PLACEMENT_3D('',#10607,#8664,#8665);
#7370=AXIS2_PLACEMENT_3D('',#10609,#8666,#8667);
#7371=AXIS2_PLACEMENT_3D('',#10610,#8668,#8669);
#7372=AXIS2_PLACEMENT_3D('',#10616,#8673,#8674);
#7373=AXIS2_PLACEMENT_3D('',#10618,#8675,#8676);
#7374=AXIS2_PLACEMENT_3D('',#10620,#8678,#8679);
#7375=AXIS2_PLACEMENT_3D('',#10624,#8682,#8683);
#7376=AXIS2_PLACEMENT_3D('',#10628,#8686,#8687);
#7377=AXIS2_PLACEMENT_3D('',#10632,#8690,#8691);
#7378=AXIS2_PLACEMENT_3D('',#10634,#8692,#8693);
#7379=AXIS2_PLACEMENT_3D('',#10636,#8695,#8696);
#7380=AXIS2_PLACEMENT_3D('',#10640,#8699,#8700);
#7381=AXIS2_PLACEMENT_3D('',#10641,#8701,#8702);
#7382=AXIS2_PLACEMENT_3D('',#10642,#8703,#8704);
#7383=AXIS2_PLACEMENT_3D('',#10643,#8705,#8706);
#7384=AXIS2_PLACEMENT_3D('',#10648,#8708,#8709);
#7385=AXIS2_PLACEMENT_3D('',#10656,#8713,#8714);
#7386=AXIS2_PLACEMENT_3D('',#10659,#8716,#8717);
#7387=AXIS2_PLACEMENT_3D('',#10661,#8718,#8719);
#7388=AXIS2_PLACEMENT_3D('',#10662,#8720,#8721);
#7389=AXIS2_PLACEMENT_3D('',#10668,#8725,#8726);
#7390=AXIS2_PLACEMENT_3D('',#10670,#8727,#8728);
#7391=AXIS2_PLACEMENT_3D('',#10672,#8730,#8731);
#7392=AXIS2_PLACEMENT_3D('',#10676,#8734,#8735);
#7393=AXIS2_PLACEMENT_3D('',#10680,#8738,#8739);
#7394=AXIS2_PLACEMENT_3D('',#10684,#8742,#8743);
#7395=AXIS2_PLACEMENT_3D('',#10686,#8744,#8745);
#7396=AXIS2_PLACEMENT_3D('',#10688,#8747,#8748);
#7397=AXIS2_PLACEMENT_3D('',#10692,#8751,#8752);
#7398=AXIS2_PLACEMENT_3D('',#10693,#8753,#8754);
#7399=AXIS2_PLACEMENT_3D('',#10694,#8755,#8756);
#7400=AXIS2_PLACEMENT_3D('',#10695,#8757,#8758);
#7401=AXIS2_PLACEMENT_3D('',#10698,#8759,#8760);
#7402=AXIS2_PLACEMENT_3D('',#10700,#8761,#8762);
#7403=AXIS2_PLACEMENT_3D('',#10702,#8763,#8764);
#7404=AXIS2_PLACEMENT_3D('',#10703,#8765,#8766);
#7405=AXIS2_PLACEMENT_3D('',#10705,#8767,#8768);
#7406=AXIS2_PLACEMENT_3D('',#10707,#8769,#8770);
#7407=AXIS2_PLACEMENT_3D('',#10709,#8771,#8772);
#7408=AXIS2_PLACEMENT_3D('',#10710,#8773,#8774);
#7409=AXIS2_PLACEMENT_3D('',#10712,#8775,#8776);
#7410=AXIS2_PLACEMENT_3D('',#10714,#8778,#8779);
#7411=AXIS2_PLACEMENT_3D('',#10717,#8781,#8782);
#7412=AXIS2_PLACEMENT_3D('',#10719,#8783,#8784);
#7413=AXIS2_PLACEMENT_3D('',#10721,#8786,#8787);
#7414=AXIS2_PLACEMENT_3D('',#10724,#8789,#8790);
#7415=AXIS2_PLACEMENT_3D('',#10726,#8791,#8792);
#7416=AXIS2_PLACEMENT_3D('',#10728,#8794,#8795);
#7417=AXIS2_PLACEMENT_3D('',#10731,#8797,#8798);
#7418=AXIS2_PLACEMENT_3D('',#10733,#8799,#8800);
#7419=AXIS2_PLACEMENT_3D('',#10735,#8802,#8803);
#7420=AXIS2_PLACEMENT_3D('',#10738,#8805,#8806);
#7421=AXIS2_PLACEMENT_3D('',#10740,#8807,#8808);
#7422=AXIS2_PLACEMENT_3D('',#10742,#8810,#8811);
#7423=AXIS2_PLACEMENT_3D('',#10745,#8813,#8814);
#7424=AXIS2_PLACEMENT_3D('',#10747,#8815,#8816);
#7425=AXIS2_PLACEMENT_3D('',#10749,#8818,#8819);
#7426=AXIS2_PLACEMENT_3D('',#10752,#8821,#8822);
#7427=AXIS2_PLACEMENT_3D('',#10754,#8823,#8824);
#7428=AXIS2_PLACEMENT_3D('',#10756,#8826,#8827);
#7429=AXIS2_PLACEMENT_3D('',#10759,#8829,#8830);
#7430=AXIS2_PLACEMENT_3D('',#10761,#8831,#8832);
#7431=AXIS2_PLACEMENT_3D('',#10763,#8834,#8835);
#7432=AXIS2_PLACEMENT_3D('',#10766,#8837,#8838);
#7433=AXIS2_PLACEMENT_3D('',#10768,#8839,#8840);
#7434=AXIS2_PLACEMENT_3D('',#10770,#8842,#8843);
#7435=AXIS2_PLACEMENT_3D('',#10773,#8845,#8846);
#7436=AXIS2_PLACEMENT_3D('',#10775,#8847,#8848);
#7437=AXIS2_PLACEMENT_3D('',#10777,#8850,#8851);
#7438=AXIS2_PLACEMENT_3D('',#10779,#8852,#8853);
#7439=AXIS2_PLACEMENT_3D('',#10782,#8855,#8856);
#7440=AXIS2_PLACEMENT_3D('',#10783,#8857,#8858);
#7441=AXIS2_PLACEMENT_3D('',#10785,#8859,#8860);
#7442=AXIS2_PLACEMENT_3D('',#10786,#8861,#8862);
#7443=AXIS2_PLACEMENT_3D('',#10789,#8864,#8865);
#7444=AXIS2_PLACEMENT_3D('',#10790,#8866,#8867);
#7445=AXIS2_PLACEMENT_3D('',#10792,#8868,#8869);
#7446=AXIS2_PLACEMENT_3D('',#10795,#8871,#8872);
#7447=AXIS2_PLACEMENT_3D('',#10796,#8873,#8874);
#7448=AXIS2_PLACEMENT_3D('',#10797,#8875,#8876);
#7449=AXIS2_PLACEMENT_3D('',#10800,#8878,#8879);
#7450=AXIS2_PLACEMENT_3D('',#10801,#8880,#8881);
#7451=AXIS2_PLACEMENT_3D('',#10802,#8882,#8883);
#7452=AXIS2_PLACEMENT_3D('',#10803,#8884,#8885);
#7453=AXIS2_PLACEMENT_3D('',#10804,#8886,#8887);
#7454=AXIS2_PLACEMENT_3D('',#10805,#8888,#8889);
#7455=AXIS2_PLACEMENT_3D('',#10807,#8890,#8891);
#7456=AXIS2_PLACEMENT_3D('',#10809,#8892,#8893);
#7457=AXIS2_PLACEMENT_3D('',#10811,#8894,#8895);
#7458=AXIS2_PLACEMENT_3D('',#10813,#8896,#8897);
#7459=AXIS2_PLACEMENT_3D('',#10814,#8898,#8899);
#7460=AXIS2_PLACEMENT_3D('',#10815,#8900,#8901);
#7461=AXIS2_PLACEMENT_3D('',#10818,#8902,#8903);
#7462=AXIS2_PLACEMENT_3D('',#10820,#8904,#8905);
#7463=AXIS2_PLACEMENT_3D('',#10822,#8906,#8907);
#7464=AXIS2_PLACEMENT_3D('',#10823,#8908,#8909);
#7465=AXIS2_PLACEMENT_3D('',#10825,#8910,#8911);
#7466=AXIS2_PLACEMENT_3D('',#10827,#8912,#8913);
#7467=AXIS2_PLACEMENT_3D('',#10829,#8914,#8915);
#7468=AXIS2_PLACEMENT_3D('',#10831,#8916,#8917);
#7469=AXIS2_PLACEMENT_3D('',#10832,#8918,#8919);
#7470=AXIS2_PLACEMENT_3D('',#10834,#8920,#8921);
#7471=AXIS2_PLACEMENT_3D('',#10836,#8923,#8924);
#7472=AXIS2_PLACEMENT_3D('',#10839,#8926,#8927);
#7473=AXIS2_PLACEMENT_3D('',#10841,#8928,#8929);
#7474=AXIS2_PLACEMENT_3D('',#10843,#8931,#8932);
#7475=AXIS2_PLACEMENT_3D('',#10846,#8934,#8935);
#7476=AXIS2_PLACEMENT_3D('',#10848,#8936,#8937);
#7477=AXIS2_PLACEMENT_3D('',#10850,#8939,#8940);
#7478=AXIS2_PLACEMENT_3D('',#10853,#8942,#8943);
#7479=AXIS2_PLACEMENT_3D('',#10855,#8944,#8945);
#7480=AXIS2_PLACEMENT_3D('',#10857,#8947,#8948);
#7481=AXIS2_PLACEMENT_3D('',#10860,#8950,#8951);
#7482=AXIS2_PLACEMENT_3D('',#10862,#8952,#8953);
#7483=AXIS2_PLACEMENT_3D('',#10864,#8955,#8956);
#7484=AXIS2_PLACEMENT_3D('',#10867,#8958,#8959);
#7485=AXIS2_PLACEMENT_3D('',#10869,#8960,#8961);
#7486=AXIS2_PLACEMENT_3D('',#10871,#8963,#8964);
#7487=AXIS2_PLACEMENT_3D('',#10874,#8966,#8967);
#7488=AXIS2_PLACEMENT_3D('',#10876,#8968,#8969);
#7489=AXIS2_PLACEMENT_3D('',#10878,#8971,#8972);
#7490=AXIS2_PLACEMENT_3D('',#10881,#8974,#8975);
#7491=AXIS2_PLACEMENT_3D('',#10883,#8976,#8977);
#7492=AXIS2_PLACEMENT_3D('',#10885,#8979,#8980);
#7493=AXIS2_PLACEMENT_3D('',#10888,#8982,#8983);
#7494=AXIS2_PLACEMENT_3D('',#10890,#8984,#8985);
#7495=AXIS2_PLACEMENT_3D('',#10892,#8987,#8988);
#7496=AXIS2_PLACEMENT_3D('',#10895,#8990,#8991);
#7497=AXIS2_PLACEMENT_3D('',#10897,#8992,#8993);
#7498=AXIS2_PLACEMENT_3D('',#10899,#8995,#8996);
#7499=AXIS2_PLACEMENT_3D('',#10902,#8998,#8999);
#7500=AXIS2_PLACEMENT_3D('',#10904,#9000,#9001);
#7501=AXIS2_PLACEMENT_3D('',#10906,#9003,#9004);
#7502=AXIS2_PLACEMENT_3D('',#10908,#9005,#9006);
#7503=AXIS2_PLACEMENT_3D('',#10911,#9008,#9009);
#7504=AXIS2_PLACEMENT_3D('',#10912,#9010,#9011);
#7505=AXIS2_PLACEMENT_3D('',#10914,#9012,#9013);
#7506=AXIS2_PLACEMENT_3D('',#10917,#9015,#9016);
#7507=AXIS2_PLACEMENT_3D('',#10918,#9017,#9018);
#7508=AXIS2_PLACEMENT_3D('',#10919,#9019,#9020);
#7509=AXIS2_PLACEMENT_3D('',#10921,#9021,#9022);
#7510=AXIS2_PLACEMENT_3D('',#10924,#9024,#9025);
#7511=AXIS2_PLACEMENT_3D('',#10925,#9026,#9027);
#7512=AXIS2_PLACEMENT_3D('',#10926,#9028,#9029);
#7513=AXIS2_PLACEMENT_3D('',#10929,#9031,#9032);
#7514=AXIS2_PLACEMENT_3D('',#10930,#9033,#9034);
#7515=AXIS2_PLACEMENT_3D('',#10931,#9035,#9036);
#7516=AXIS2_PLACEMENT_3D('',#10932,#9037,#9038);
#7517=AXIS2_PLACEMENT_3D('',#10933,#9039,#9040);
#7518=AXIS2_PLACEMENT_3D('',#10934,#9041,#9042);
#7519=AXIS2_PLACEMENT_3D('',#10936,#9043,#9044);
#7520=AXIS2_PLACEMENT_3D('',#10938,#9045,#9046);
#7521=AXIS2_PLACEMENT_3D('',#10940,#9047,#9048);
#7522=AXIS2_PLACEMENT_3D('',#10942,#9049,#9050);
#7523=AXIS2_PLACEMENT_3D('',#10943,#9051,#9052);
#7524=AXIS2_PLACEMENT_3D('',#10944,#9053,#9054);
#7525=AXIS2_PLACEMENT_3D('',#10947,#9055,#9056);
#7526=AXIS2_PLACEMENT_3D('',#10951,#9058,#9059);
#7527=AXIS2_PLACEMENT_3D('',#10953,#9061,#9062);
#7528=AXIS2_PLACEMENT_3D('',#10956,#9063,#9064);
#7529=AXIS2_PLACEMENT_3D('',#10960,#9066,#9067);
#7530=AXIS2_PLACEMENT_3D('',#10962,#9069,#9070);
#7531=AXIS2_PLACEMENT_3D('',#10965,#9071,#9072);
#7532=AXIS2_PLACEMENT_3D('',#10968,#9075,#9076);
#7533=AXIS2_PLACEMENT_3D('',#10971,#9077,#9078);
#7534=AXIS2_PLACEMENT_3D('',#10974,#9081,#9082);
#7535=AXIS2_PLACEMENT_3D('',#10978,#9084,#9085);
#7536=AXIS2_PLACEMENT_3D('',#10980,#9087,#9088);
#7537=AXIS2_PLACEMENT_3D('',#10984,#9090,#9091);
#7538=AXIS2_PLACEMENT_3D('',#10986,#9093,#9094);
#7539=AXIS2_PLACEMENT_3D('',#10989,#9095,#9096);
#7540=AXIS2_PLACEMENT_3D('',#10993,#9098,#9099);
#7541=AXIS2_PLACEMENT_3D('',#10995,#9101,#9102);
#7542=AXIS2_PLACEMENT_3D('',#10998,#9103,#9104);
#7543=AXIS2_PLACEMENT_3D('',#11002,#9106,#9107);
#7544=AXIS2_PLACEMENT_3D('',#11004,#9109,#9110);
#7545=AXIS2_PLACEMENT_3D('',#11005,#9111,#9112);
#7546=AXIS2_PLACEMENT_3D('',#11006,#9113,#9114);
#7547=AXIS2_PLACEMENT_3D('',#11009,#9115,#9116);
#7548=AXIS2_PLACEMENT_3D('',#11012,#9119,#9120);
#7549=AXIS2_PLACEMENT_3D('',#11017,#9122,#9123);
#7550=AXIS2_PLACEMENT_3D('',#11021,#9125,#9126);
#7551=AXIS2_PLACEMENT_3D('',#11023,#9127,#9128);
#7552=AXIS2_PLACEMENT_3D('',#11025,#9129,#9130);
#7553=AXIS2_PLACEMENT_3D('',#11030,#9133,#9134);
#7554=AXIS2_PLACEMENT_3D('',#11032,#9135,#9136);
#7555=AXIS2_PLACEMENT_3D('',#11034,#9137,#9138);
#7556=AXIS2_PLACEMENT_3D('',#11039,#9141,#9142);
#7557=AXIS2_PLACEMENT_3D('',#11041,#9143,#9144);
#7558=AXIS2_PLACEMENT_3D('',#11042,#9145,#9146);
#7559=AXIS2_PLACEMENT_3D('',#11044,#9147,#9148);
#7560=AXIS2_PLACEMENT_3D('',#11046,#9149,#9150);
#7561=AXIS2_PLACEMENT_3D('',#11047,#9151,#9152);
#7562=AXIS2_PLACEMENT_3D('',#11049,#9153,#9154);
#7563=AXIS2_PLACEMENT_3D('',#11051,#9156,#9157);
#7564=AXIS2_PLACEMENT_3D('',#11054,#9159,#9160);
#7565=AXIS2_PLACEMENT_3D('',#11055,#9161,#9162);
#7566=AXIS2_PLACEMENT_3D('',#11060,#9165,#9166);
#7567=AXIS2_PLACEMENT_3D('',#11062,#9167,#9168);
#7568=AXIS2_PLACEMENT_3D('',#11064,#9169,#9170);
#7569=AXIS2_PLACEMENT_3D('',#11068,#9172,#9173);
#7570=AXIS2_PLACEMENT_3D('',#11072,#9175,#9176);
#7571=AXIS2_PLACEMENT_3D('',#11074,#9177,#9178);
#7572=AXIS2_PLACEMENT_3D('',#11076,#9179,#9180);
#7573=AXIS2_PLACEMENT_3D('',#11080,#9183,#9184);
#7574=AXIS2_PLACEMENT_3D('',#11082,#9185,#9186);
#7575=AXIS2_PLACEMENT_3D('',#11084,#9187,#9188);
#7576=AXIS2_PLACEMENT_3D('',#11086,#9189,#9190);
#7577=AXIS2_PLACEMENT_3D('',#11088,#9191,#9192);
#7578=AXIS2_PLACEMENT_3D('',#11093,#9194,#9195);
#7579=AXIS2_PLACEMENT_3D('',#11097,#9197,#9198);
#7580=AXIS2_PLACEMENT_3D('',#11101,#9200,#9201);
#7581=AXIS2_PLACEMENT_3D('',#11104,#9203,#9204);
#7582=AXIS2_PLACEMENT_3D('',#11105,#9205,#9206);
#7583=AXIS2_PLACEMENT_3D('',#11107,#9208,#9209);
#7584=AXIS2_PLACEMENT_3D('',#11109,#9211,#9212);
#7585=AXIS2_PLACEMENT_3D('',#11114,#9214,#9215);
#7586=AXIS2_PLACEMENT_3D('',#11118,#9217,#9218);
#7587=AXIS2_PLACEMENT_3D('',#11122,#9220,#9221);
#7588=AXIS2_PLACEMENT_3D('',#11126,#9223,#9224);
#7589=AXIS2_PLACEMENT_3D('',#11132,#9227,#9228);
#7590=AXIS2_PLACEMENT_3D('',#11140,#9232,#9233);
#7591=AXIS2_PLACEMENT_3D('',#11142,#9235,#9236);
#7592=AXIS2_PLACEMENT_3D('',#11143,#9237,#9238);
#7593=AXIS2_PLACEMENT_3D('',#11146,#9241,#9242);
#7594=AXIS2_PLACEMENT_3D('',#11149,#9245,#9246);
#7595=AXIS2_PLACEMENT_3D('',#11152,#9249,#9250);
#7596=AXIS2_PLACEMENT_3D('',#11153,#9251,#9252);
#7597=AXIS2_PLACEMENT_3D('',#11156,#9255,#9256);
#7598=AXIS2_PLACEMENT_3D('',#11158,#9258,#9259);
#7599=AXIS2_PLACEMENT_3D('',#11160,#9261,#9262);
#7600=AXIS2_PLACEMENT_3D('',#11162,#9264,#9265);
#7601=AXIS2_PLACEMENT_3D('',#11164,#9267,#9268);
#7602=AXIS2_PLACEMENT_3D('',#11167,#9271,#9272);
#7603=AXIS2_PLACEMENT_3D('',#11169,#9274,#9275);
#7604=AXIS2_PLACEMENT_3D('',#11170,#9276,#9277);
#7605=AXIS2_PLACEMENT_3D('',#11171,#9278,#9279);
#7606=AXIS2_PLACEMENT_3D('',#11172,#9280,#9281);
#7607=AXIS2_PLACEMENT_3D('',#11173,#9282,#9283);
#7608=AXIS2_PLACEMENT_3D('',#11174,#9284,#9285);
#7609=AXIS2_PLACEMENT_3D('',#11176,#9287,#9288);
#7610=AXIS2_PLACEMENT_3D('',#11178,#9290,#9291);
#7611=AXIS2_PLACEMENT_3D('',#11180,#9293,#9294);
#7612=AXIS2_PLACEMENT_3D('',#11182,#9296,#9297);
#7613=AXIS2_PLACEMENT_3D('',#11184,#9299,#9300);
#7614=AXIS2_PLACEMENT_3D('',#11187,#9303,#9304);
#7615=AXIS2_PLACEMENT_3D('',#11189,#9306,#9307);
#7616=AXIS2_PLACEMENT_3D('',#11191,#9309,#9310);
#7617=AXIS2_PLACEMENT_3D('',#11193,#9312,#9313);
#7618=AXIS2_PLACEMENT_3D('',#11194,#9314,#9315);
#7619=AXIS2_PLACEMENT_3D('',#11195,#9316,#9317);
#7620=AXIS2_PLACEMENT_3D('',#11197,#9318,#9319);
#7621=AXIS2_PLACEMENT_3D('',#11200,#9321,#9322);
#7622=AXIS2_PLACEMENT_3D('',#11201,#9323,#9324);
#7623=AXIS2_PLACEMENT_3D('',#11202,#9325,#9326);
#7624=AXIS2_PLACEMENT_3D('',#11245,#9328,#9329);
#7625=AXIS2_PLACEMENT_3D('',#11246,#9330,#9331);
#7626=AXIS2_PLACEMENT_3D('',#11247,#9332,#9333);
#7627=AXIS2_PLACEMENT_3D('',#11288,#9335,#9336);
#7628=AXIS2_PLACEMENT_3D('',#11290,#9337,#9338);
#7629=AXIS2_PLACEMENT_3D('',#11292,#9340,#9341);
#7630=AXIS2_PLACEMENT_3D('',#11294,#9342,#9343);
#7631=AXIS2_PLACEMENT_3D('',#11296,#9345,#9346);
#7632=AXIS2_PLACEMENT_3D('',#11298,#9347,#9348);
#7633=AXIS2_PLACEMENT_3D('',#11300,#9350,#9351);
#7634=AXIS2_PLACEMENT_3D('',#11302,#9352,#9353);
#7635=AXIS2_PLACEMENT_3D('',#11304,#9355,#9356);
#7636=AXIS2_PLACEMENT_3D('',#11306,#9357,#9358);
#7637=AXIS2_PLACEMENT_3D('',#11308,#9360,#9361);
#7638=AXIS2_PLACEMENT_3D('',#11310,#9362,#9363);
#7639=AXIS2_PLACEMENT_3D('',#11312,#9365,#9366);
#7640=AXIS2_PLACEMENT_3D('',#11315,#9367,#9368);
#7641=AXIS2_PLACEMENT_3D('',#11319,#9370,#9371);
#7642=AXIS2_PLACEMENT_3D('',#11321,#9373,#9374);
#7643=AXIS2_PLACEMENT_3D('',#11329,#9378,#9379);
#7644=AXIS2_PLACEMENT_3D('',#11331,#9381,#9382);
#7645=AXIS2_PLACEMENT_3D('',#11333,#9383,#9384);
#7646=AXIS2_PLACEMENT_3D('',#11336,#9386,#9387);
#7647=AXIS2_PLACEMENT_3D('',#11337,#9388,#9389);
#7648=AXIS2_PLACEMENT_3D('',#11342,#9392,#9393);
#7649=AXIS2_PLACEMENT_3D('',#11344,#9395,#9396);
#7650=AXIS2_PLACEMENT_3D('',#11352,#9402,#9403);
#7651=AXIS2_PLACEMENT_3D('',#11354,#9405,#9406);
#7652=AXIS2_PLACEMENT_3D('',#11367,#9408,#9409);
#7653=AXIS2_PLACEMENT_3D('',#11376,#9410,#9411);
#7654=AXIS2_PLACEMENT_3D('',#11377,#9412,#9413);
#7655=AXIS2_PLACEMENT_3D('',#11378,#9414,#9415);
#7656=AXIS2_PLACEMENT_3D('',#11380,#9417,#9418);
#7657=AXIS2_PLACEMENT_3D('',#11383,#9420,#9421);
#7658=AXIS2_PLACEMENT_3D('',#11384,#9422,#9423);
#7659=AXIS2_PLACEMENT_3D('',#11395,#9424,#9425);
#7660=AXIS2_PLACEMENT_3D('',#11404,#9426,#9427);
#7661=AXIS2_PLACEMENT_3D('',#11406,#9429,#9430);
#7662=AXIS2_PLACEMENT_3D('',#11407,#9431,#9432);
#7663=AXIS2_PLACEMENT_3D('',#11408,#9433,#9434);
#7664=AXIS2_PLACEMENT_3D('',#11409,#9435,#9436);
#7665=AXIS2_PLACEMENT_3D('',#11422,#9443,#9444);
#7666=AXIS2_PLACEMENT_3D('',#11428,#9448,#9449);
#7667=AXIS2_PLACEMENT_3D('',#11432,#9452,#9453);
#7668=AXIS2_PLACEMENT_3D('',#11436,#9456,#9457);
#7669=AXIS2_PLACEMENT_3D('',#11440,#9460,#9461);
#7670=AXIS2_PLACEMENT_3D('',#11444,#9464,#9465);
#7671=AXIS2_PLACEMENT_3D('',#11446,#9467,#9468);
#7672=AXIS2_PLACEMENT_3D('',#11448,#9469,#9470);
#7673=AXIS2_PLACEMENT_3D('',#11449,#9471,#9472);
#7674=AXIS2_PLACEMENT_3D('',#11451,#9474,#9475);
#7675=AXIS2_PLACEMENT_3D('',#11464,#9482,#9483);
#7676=AXIS2_PLACEMENT_3D('',#11470,#9487,#9488);
#7677=AXIS2_PLACEMENT_3D('',#11474,#9491,#9492);
#7678=AXIS2_PLACEMENT_3D('',#11478,#9495,#9496);
#7679=AXIS2_PLACEMENT_3D('',#11482,#9499,#9500);
#7680=AXIS2_PLACEMENT_3D('',#11486,#9503,#9504);
#7681=AXIS2_PLACEMENT_3D('',#11488,#9506,#9507);
#7682=AXIS2_PLACEMENT_3D('',#11490,#9508,#9509);
#7683=AXIS2_PLACEMENT_3D('',#11491,#9510,#9511);
#7684=AXIS2_PLACEMENT_3D('',#11493,#9513,#9514);
#7685=AXIS2_PLACEMENT_3D('',#11506,#9521,#9522);
#7686=AXIS2_PLACEMENT_3D('',#11512,#9526,#9527);
#7687=AXIS2_PLACEMENT_3D('',#11516,#9530,#9531);
#7688=AXIS2_PLACEMENT_3D('',#11520,#9534,#9535);
#7689=AXIS2_PLACEMENT_3D('',#11524,#9538,#9539);
#7690=AXIS2_PLACEMENT_3D('',#11528,#9542,#9543);
#7691=AXIS2_PLACEMENT_3D('',#11530,#9545,#9546);
#7692=AXIS2_PLACEMENT_3D('',#11532,#9547,#9548);
#7693=AXIS2_PLACEMENT_3D('',#11533,#9549,#9550);
#7694=AXIS2_PLACEMENT_3D('',#11535,#9552,#9553);
#7695=AXIS2_PLACEMENT_3D('',#11548,#9560,#9561);
#7696=AXIS2_PLACEMENT_3D('',#11554,#9565,#9566);
#7697=AXIS2_PLACEMENT_3D('',#11558,#9569,#9570);
#7698=AXIS2_PLACEMENT_3D('',#11562,#9573,#9574);
#7699=AXIS2_PLACEMENT_3D('',#11566,#9577,#9578);
#7700=AXIS2_PLACEMENT_3D('',#11570,#9581,#9582);
#7701=AXIS2_PLACEMENT_3D('',#11572,#9584,#9585);
#7702=AXIS2_PLACEMENT_3D('',#11574,#9586,#9587);
#7703=AXIS2_PLACEMENT_3D('',#11575,#9588,#9589);
#7704=AXIS2_PLACEMENT_3D('',#11577,#9591,#9592);
#7705=AXIS2_PLACEMENT_3D('',#11590,#9599,#9600);
#7706=AXIS2_PLACEMENT_3D('',#11596,#9604,#9605);
#7707=AXIS2_PLACEMENT_3D('',#11600,#9608,#9609);
#7708=AXIS2_PLACEMENT_3D('',#11604,#9612,#9613);
#7709=AXIS2_PLACEMENT_3D('',#11608,#9616,#9617);
#7710=AXIS2_PLACEMENT_3D('',#11612,#9620,#9621);
#7711=AXIS2_PLACEMENT_3D('',#11614,#9623,#9624);
#7712=AXIS2_PLACEMENT_3D('',#11616,#9625,#9626);
#7713=AXIS2_PLACEMENT_3D('',#11617,#9627,#9628);
#7714=AXIS2_PLACEMENT_3D('',#11619,#9630,#9631);
#7715=AXIS2_PLACEMENT_3D('',#11632,#9638,#9639);
#7716=AXIS2_PLACEMENT_3D('',#11638,#9643,#9644);
#7717=AXIS2_PLACEMENT_3D('',#11642,#9647,#9648);
#7718=AXIS2_PLACEMENT_3D('',#11646,#9651,#9652);
#7719=AXIS2_PLACEMENT_3D('',#11650,#9655,#9656);
#7720=AXIS2_PLACEMENT_3D('',#11654,#9659,#9660);
#7721=AXIS2_PLACEMENT_3D('',#11656,#9662,#9663);
#7722=AXIS2_PLACEMENT_3D('',#11658,#9664,#9665);
#7723=AXIS2_PLACEMENT_3D('',#11659,#9666,#9667);
#7724=AXIS2_PLACEMENT_3D('',#11661,#9669,#9670);
#7725=AXIS2_PLACEMENT_3D('',#11674,#9677,#9678);
#7726=AXIS2_PLACEMENT_3D('',#11680,#9682,#9683);
#7727=AXIS2_PLACEMENT_3D('',#11684,#9686,#9687);
#7728=AXIS2_PLACEMENT_3D('',#11688,#9690,#9691);
#7729=AXIS2_PLACEMENT_3D('',#11692,#9694,#9695);
#7730=AXIS2_PLACEMENT_3D('',#11696,#9698,#9699);
#7731=AXIS2_PLACEMENT_3D('',#11698,#9701,#9702);
#7732=AXIS2_PLACEMENT_3D('',#11700,#9703,#9704);
#7733=AXIS2_PLACEMENT_3D('',#11701,#9705,#9706);
#7734=AXIS2_PLACEMENT_3D('',#11703,#9707,#9708);
#7735=AXIS2_PLACEMENT_3D('',#11704,#9709,#9710);
#7736=AXIS2_PLACEMENT_3D('',#11706,#9712,#9713);
#7737=DIRECTION('axis',(0.,0.,1.));
#7738=DIRECTION('refdir',(1.,0.,0.));
#7739=DIRECTION('center_axis',(-1.03858425924646E-15,1.,1.63410951437015E-15));
#7740=DIRECTION('ref_axis',(-7.04459991920967E-13,1.63410951436942E-15,
-1.));
#7741=DIRECTION('center_axis',(1.03858425924646E-15,-1.,-1.63410951437015E-15));
#7742=DIRECTION('ref_axis',(7.04459991920967E-13,-1.63410951436942E-15,
1.));
#7743=DIRECTION('',(1.03858425924646E-15,-1.,-1.63410951437015E-15));
#7744=DIRECTION('center_axis',(1.03858443530263E-15,-1.,-1.41206490944512E-15));
#7745=DIRECTION('ref_axis',(-7.04459991920967E-13,1.63410951436942E-15,
-1.));
#7746=DIRECTION('center_axis',(1.03858425924646E-15,-1.,-1.63410951437015E-15));
#7747=DIRECTION('ref_axis',(7.04459991920967E-13,-1.63410951436942E-15,
1.));
#7748=DIRECTION('',(1.,1.03858425924761E-15,-7.04585184804196E-13));
#7749=DIRECTION('',(0.50000000000061,-8.9588822238596E-16,0.866025403784086));
#7750=DIRECTION('',(-0.49999999999939,-1.93447248163357E-15,0.866025403784791));
#7751=DIRECTION('',(-1.,-1.03858425924761E-15,7.04209606154511E-13));
#7752=DIRECTION('',(-0.50000000000061,8.9588822238596E-16,-0.866025403784087));
#7753=DIRECTION('',(0.49999999999939,1.93447248163357E-15,-0.866025403784791));
#7754=DIRECTION('center_axis',(-0.866025403784086,-1.71649510966378E-15,
0.50000000000061));
#7755=DIRECTION('ref_axis',(-0.50000000000061,8.9588822238596E-16,-0.866025403784087));
#7756=DIRECTION('',(-1.03858425924646E-15,1.,1.63410951437015E-15));
#7757=DIRECTION('',(0.50000000000061,-8.9588822238596E-16,0.866025403784086));
#7758=DIRECTION('',(-1.03858425924646E-15,1.,1.63410951437015E-15));
#7759=DIRECTION('center_axis',(-0.866025403784791,-8.23855952943674E-17,
-0.49999999999939));
#7760=DIRECTION('ref_axis',(0.49999999999939,1.93447248163357E-15,-0.866025403784791));
#7761=DIRECTION('',(-0.49999999999939,-1.93447248163357E-15,0.866025403784791));
#7762=DIRECTION('',(-1.03858425924646E-15,1.,1.63410951437015E-15));
#7763=DIRECTION('center_axis',(-7.04209606154511E-13,1.63410951436942E-15,
-1.));
#7764=DIRECTION('ref_axis',(1.,1.03858425924761E-15,-7.04209606154511E-13));
#7765=DIRECTION('',(-1.,-1.03858425924761E-15,7.04209606154511E-13));
#7766=DIRECTION('',(-1.03858425924646E-15,1.,1.63410951437015E-15));
#7767=DIRECTION('center_axis',(0.866025403784086,1.71649510966378E-15,-0.50000000000061));
#7768=DIRECTION('ref_axis',(0.50000000000061,-8.9588822238596E-16,0.866025403784087));
#7769=DIRECTION('',(-0.50000000000061,8.9588822238596E-16,-0.866025403784087));
#7770=DIRECTION('',(-1.03858425924646E-15,1.,1.63410951437015E-15));
#7771=DIRECTION('center_axis',(0.866025403784791,8.23855952943674E-17,0.49999999999939));
#7772=DIRECTION('ref_axis',(-0.49999999999939,-1.93447248163357E-15,0.866025403784791));
#7773=DIRECTION('',(0.49999999999939,1.93447248163357E-15,-0.866025403784791));
#7774=DIRECTION('',(-1.03858425924646E-15,1.,1.63410951437015E-15));
#7775=DIRECTION('center_axis',(7.04585184804196E-13,-1.63410951436942E-15,
1.));
#7776=DIRECTION('ref_axis',(-1.,-1.03858425924761E-15,7.04585184804195E-13));
#7777=DIRECTION('',(1.,1.03858425924761E-15,-7.04585184804196E-13));
#7778=DIRECTION('center_axis',(-1.03858425924646E-15,1.,1.63410951437015E-15));
#7779=DIRECTION('ref_axis',(-7.04459991920967E-13,1.63410951436942E-15,
-1.));
#7780=DIRECTION('center_axis',(-1.03858425924646E-15,1.,1.63410951437015E-15));
#7781=DIRECTION('ref_axis',(-7.04459991920967E-13,1.63410951436942E-15,
-1.));
#7782=DIRECTION('center_axis',(-1.03858687060608E-15,1.,1.74513181683266E-15));
#7783=DIRECTION('ref_axis',(-1.,-1.03858687060607E-15,-2.15060487902769E-16));
#7784=DIRECTION('center_axis',(-1.03858687060608E-15,1.,1.74513181683266E-15));
#7785=DIRECTION('ref_axis',(-1.,-1.03858687060607E-15,-2.15060487902769E-16));
#7786=DIRECTION('',(-4.97480642995016E-13,-0.707106781186543,-0.707106781186552));
#7787=DIRECTION('center_axis',(-1.03858425924646E-15,1.,1.63410951437015E-15));
#7788=DIRECTION('ref_axis',(-7.04459991920967E-13,1.63410951436942E-15,
-1.));
#7789=DIRECTION('center_axis',(-1.03858425924646E-15,1.,1.63410951437015E-15));
#7790=DIRECTION('ref_axis',(-7.04459991920967E-13,1.63410951436942E-15,
-1.));
#7791=DIRECTION('center_axis',(1.03858425924646E-15,-1.,-1.63410951437015E-15));
#7792=DIRECTION('ref_axis',(7.04459991920967E-13,-1.63410951436942E-15,
1.));
#7793=DIRECTION('',(1.03858425924646E-15,-1.,-1.63410951437015E-15));
#7794=DIRECTION('center_axis',(1.03858443530263E-15,-1.,-1.41206490944512E-15));
#7795=DIRECTION('ref_axis',(-7.04459991920967E-13,1.63410951436942E-15,
-1.));
#7796=DIRECTION('center_axis',(1.03858425924646E-15,-1.,-1.63410951437015E-15));
#7797=DIRECTION('ref_axis',(7.04459991920967E-13,-1.63410951436942E-15,
1.));
#7798=DIRECTION('',(1.,1.03858425924761E-15,-7.04585184804196E-13));
#7799=DIRECTION('',(0.50000000000061,-8.9588822238596E-16,0.866025403784086));
#7800=DIRECTION('',(-0.49999999999939,-1.93447248163357E-15,0.866025403784791));
#7801=DIRECTION('',(-1.,-1.03858425924761E-15,7.04209606154511E-13));
#7802=DIRECTION('',(-0.50000000000061,8.9588822238596E-16,-0.866025403784087));
#7803=DIRECTION('',(0.49999999999939,1.93447248163357E-15,-0.866025403784791));
#7804=DIRECTION('center_axis',(1.03858425924646E-15,-1.,-1.63410951437015E-15));
#7805=DIRECTION('ref_axis',(7.04459991920967E-13,-1.63410951436942E-15,
1.));
#7806=DIRECTION('center_axis',(-0.866025403784086,-1.71649510966378E-15,
0.50000000000061));
#7807=DIRECTION('ref_axis',(-0.50000000000061,8.9588822238596E-16,-0.866025403784087));
#7808=DIRECTION('',(-1.03858425924646E-15,1.,1.63410951437015E-15));
#7809=DIRECTION('',(0.50000000000061,-8.9588822238596E-16,0.866025403784086));
#7810=DIRECTION('',(-1.03858425924646E-15,1.,1.63410951437015E-15));
#7811=DIRECTION('center_axis',(-0.866025403784791,-8.23855952943674E-17,
-0.49999999999939));
#7812=DIRECTION('ref_axis',(0.49999999999939,1.93447248163357E-15,-0.866025403784791));
#7813=DIRECTION('',(-0.49999999999939,-1.93447248163357E-15,0.866025403784791));
#7814=DIRECTION('',(-1.03858425924646E-15,1.,1.63410951437015E-15));
#7815=DIRECTION('center_axis',(-7.04209606154511E-13,1.63410951436942E-15,
-1.));
#7816=DIRECTION('ref_axis',(1.,1.03858425924761E-15,-7.04209606154511E-13));
#7817=DIRECTION('',(-1.,-1.03858425924761E-15,7.04209606154511E-13));
#7818=DIRECTION('',(-1.03858425924646E-15,1.,1.63410951437015E-15));
#7819=DIRECTION('center_axis',(0.866025403784086,1.71649510966378E-15,-0.50000000000061));
#7820=DIRECTION('ref_axis',(0.50000000000061,-8.9588822238596E-16,0.866025403784087));
#7821=DIRECTION('',(-0.50000000000061,8.9588822238596E-16,-0.866025403784087));
#7822=DIRECTION('',(-1.03858425924646E-15,1.,1.63410951437015E-15));
#7823=DIRECTION('center_axis',(0.866025403784791,8.23855952943674E-17,0.49999999999939));
#7824=DIRECTION('ref_axis',(-0.49999999999939,-1.93447248163357E-15,0.866025403784791));
#7825=DIRECTION('',(0.49999999999939,1.93447248163357E-15,-0.866025403784791));
#7826=DIRECTION('',(-1.03858425924646E-15,1.,1.63410951437015E-15));
#7827=DIRECTION('center_axis',(7.04585184804196E-13,-1.63410951436942E-15,
1.));
#7828=DIRECTION('ref_axis',(-1.,-1.03858425924761E-15,7.04585184804195E-13));
#7829=DIRECTION('',(1.,1.03858425924761E-15,-7.04585184804196E-13));
#7830=DIRECTION('center_axis',(-1.03858425924646E-15,1.,1.63410951437015E-15));
#7831=DIRECTION('ref_axis',(-7.04459991920967E-13,1.63410951436942E-15,
-1.));
#7832=DIRECTION('center_axis',(-1.03858431884704E-15,1.,1.13450915328883E-15));
#7833=DIRECTION('ref_axis',(2.66117576695989E-16,1.13450915328883E-15,-1.));
#7834=DIRECTION('center_axis',(1.03858431884704E-15,-1.,-1.13450915328883E-15));
#7835=DIRECTION('ref_axis',(-2.66117576695989E-16,-1.13450915328883E-15,
1.));
#7836=DIRECTION('',(1.03858431884704E-15,-1.,-1.13450915328883E-15));
#7837=DIRECTION('center_axis',(1.03858443530263E-15,-1.,-1.41206490944512E-15));
#7838=DIRECTION('ref_axis',(2.66117576695989E-16,1.13450915328883E-15,-1.));
#7839=DIRECTION('center_axis',(1.03858431884704E-15,-1.,-1.13450915328883E-15));
#7840=DIRECTION('ref_axis',(-2.66117576695989E-16,-1.13450915328883E-15,
1.));
#7841=DIRECTION('',(1.,1.03858431884704E-15,1.40924693467894E-16));
#7842=DIRECTION('',(0.5,-4.63221588150581E-16,0.866025403784439));
#7843=DIRECTION('',(-0.500000000000001,-1.50180590699762E-15,0.866025403784438));
#7844=DIRECTION('',(-1.,-1.03858431884703E-15,-5.16503343152184E-16));
#7845=DIRECTION('',(-0.5,4.63221588150581E-16,-0.866025403784439));
#7846=DIRECTION('',(0.500000000000001,1.50180590699762E-15,-0.866025403784438));
#7847=DIRECTION('center_axis',(-0.866025403784439,-1.4666949807381E-15,
0.5));
#7848=DIRECTION('ref_axis',(-0.5,4.63221588150582E-16,-0.866025403784439));
#7849=DIRECTION('',(-1.03858431884704E-15,1.,1.13450915328883E-15));
#7850=DIRECTION('',(0.5,-4.63221588150581E-16,0.866025403784439));
#7851=DIRECTION('',(-1.03858431884704E-15,1.,1.13450915328883E-15));
#7852=DIRECTION('center_axis',(-0.866025403784438,-3.32185827449275E-16,
-0.500000000000001));
#7853=DIRECTION('ref_axis',(0.500000000000001,1.50180590699762E-15,-0.866025403784438));
#7854=DIRECTION('',(-0.500000000000001,-1.50180590699762E-15,0.866025403784438));
#7855=DIRECTION('',(-1.03858431884704E-15,1.,1.13450915328883E-15));
#7856=DIRECTION('center_axis',(5.16503343152182E-16,1.13450915328883E-15,
-1.));
#7857=DIRECTION('ref_axis',(1.,1.03858431884703E-15,5.16503343152184E-16));
#7858=DIRECTION('',(-1.,-1.03858431884703E-15,-5.16503343152184E-16));
#7859=DIRECTION('',(-1.03858431884704E-15,1.,1.13450915328883E-15));
#7860=DIRECTION('center_axis',(0.866025403784439,1.4666949807381E-15,-0.5));
#7861=DIRECTION('ref_axis',(0.5,-4.63221588150582E-16,0.866025403784439));
#7862=DIRECTION('',(-0.5,4.63221588150581E-16,-0.866025403784439));
#7863=DIRECTION('',(-1.03858431884704E-15,1.,1.13450915328883E-15));
#7864=DIRECTION('center_axis',(0.866025403784438,3.32185827449275E-16,0.500000000000001));
#7865=DIRECTION('ref_axis',(-0.500000000000001,-1.50180590699762E-15,0.866025403784438));
#7866=DIRECTION('',(0.500000000000001,1.50180590699762E-15,-0.866025403784438));
#7867=DIRECTION('',(-1.03858431884704E-15,1.,1.13450915328883E-15));
#7868=DIRECTION('center_axis',(-1.40924693467893E-16,-1.13450915328883E-15,
1.));
#7869=DIRECTION('ref_axis',(-1.,-1.03858431884704E-15,-1.40924693467894E-16));
#7870=DIRECTION('',(1.,1.03858431884704E-15,1.40924693467894E-16));
#7871=DIRECTION('center_axis',(-1.03858431884704E-15,1.,1.13450915328883E-15));
#7872=DIRECTION('ref_axis',(2.66117576695989E-16,1.13450915328883E-15,-1.));
#7873=DIRECTION('center_axis',(-1.03858431884704E-15,1.,1.13450915328883E-15));
#7874=DIRECTION('ref_axis',(2.66117576695989E-16,1.13450915328883E-15,-1.));
#7875=DIRECTION('center_axis',(1.03858431884704E-15,-1.,-1.13450915328883E-15));
#7876=DIRECTION('ref_axis',(-2.66117576695989E-16,-1.13450915328883E-15,
1.));
#7877=DIRECTION('',(1.03858431884704E-15,-1.,-1.13450915328883E-15));
#7878=DIRECTION('center_axis',(1.03858443530263E-15,-1.,-1.41206490944512E-15));
#7879=DIRECTION('ref_axis',(2.66117576695989E-16,1.13450915328883E-15,-1.));
#7880=DIRECTION('center_axis',(1.03858431884704E-15,-1.,-1.13450915328883E-15));
#7881=DIRECTION('ref_axis',(-2.66117576695989E-16,-1.13450915328883E-15,
1.));
#7882=DIRECTION('',(1.,1.03858431884704E-15,1.40924693467894E-16));
#7883=DIRECTION('',(0.5,-4.63221588150581E-16,0.866025403784439));
#7884=DIRECTION('',(-0.500000000000001,-1.50180590699762E-15,0.866025403784438));
#7885=DIRECTION('',(-1.,-1.03858431884703E-15,-5.16503343152184E-16));
#7886=DIRECTION('',(-0.5,4.63221588150581E-16,-0.866025403784439));
#7887=DIRECTION('',(0.500000000000001,1.50180590699762E-15,-0.866025403784438));
#7888=DIRECTION('center_axis',(-0.866025403784439,-1.4666949807381E-15,
0.5));
#7889=DIRECTION('ref_axis',(-0.5,4.63221588150582E-16,-0.866025403784439));
#7890=DIRECTION('',(-1.03858431884704E-15,1.,1.13450915328883E-15));
#7891=DIRECTION('',(0.5,-4.63221588150581E-16,0.866025403784439));
#7892=DIRECTION('',(-1.03858431884704E-15,1.,1.13450915328883E-15));
#7893=DIRECTION('center_axis',(-0.866025403784438,-3.32185827449275E-16,
-0.500000000000001));
#7894=DIRECTION('ref_axis',(0.500000000000001,1.50180590699762E-15,-0.866025403784438));
#7895=DIRECTION('',(-0.500000000000001,-1.50180590699762E-15,0.866025403784438));
#7896=DIRECTION('',(-1.03858431884704E-15,1.,1.13450915328883E-15));
#7897=DIRECTION('center_axis',(5.16503343152182E-16,1.13450915328883E-15,
-1.));
#7898=DIRECTION('ref_axis',(1.,1.03858431884703E-15,5.16503343152184E-16));
#7899=DIRECTION('',(-1.,-1.03858431884703E-15,-5.16503343152184E-16));
#7900=DIRECTION('',(-1.03858431884704E-15,1.,1.13450915328883E-15));
#7901=DIRECTION('center_axis',(0.866025403784439,1.4666949807381E-15,-0.5));
#7902=DIRECTION('ref_axis',(0.5,-4.63221588150582E-16,0.866025403784439));
#7903=DIRECTION('',(-0.5,4.63221588150581E-16,-0.866025403784439));
#7904=DIRECTION('',(-1.03858431884704E-15,1.,1.13450915328883E-15));
#7905=DIRECTION('center_axis',(0.866025403784438,3.32185827449275E-16,0.500000000000001));
#7906=DIRECTION('ref_axis',(-0.500000000000001,-1.50180590699762E-15,0.866025403784438));
#7907=DIRECTION('',(0.500000000000001,1.50180590699762E-15,-0.866025403784438));
#7908=DIRECTION('',(-1.03858431884704E-15,1.,1.13450915328883E-15));
#7909=DIRECTION('center_axis',(-1.40924693467893E-16,-1.13450915328883E-15,
1.));
#7910=DIRECTION('ref_axis',(-1.,-1.03858431884704E-15,-1.40924693467894E-16));
#7911=DIRECTION('',(1.,1.03858431884704E-15,1.40924693467894E-16));
#7912=DIRECTION('center_axis',(-1.03858431884704E-15,1.,1.13450915328883E-15));
#7913=DIRECTION('ref_axis',(2.66117576695989E-16,1.13450915328883E-15,-1.));
#7914=DIRECTION('center_axis',(-1.03858425924646E-15,1.,1.63410951437015E-15));
#7915=DIRECTION('ref_axis',(-7.04459991920967E-13,1.63410951436942E-15,
-1.));
#7916=DIRECTION('center_axis',(1.03858425924646E-15,-1.,-1.63410951437015E-15));
#7917=DIRECTION('ref_axis',(7.04459991920967E-13,-1.63410951436942E-15,
1.));
#7918=DIRECTION('',(1.03858425924646E-15,-1.,-1.63410951437015E-15));
#7919=DIRECTION('center_axis',(1.03858443530263E-15,-1.,-1.41206490944512E-15));
#7920=DIRECTION('ref_axis',(-7.04459991920967E-13,1.63410951436942E-15,
-1.));
#7921=DIRECTION('center_axis',(1.03858425924646E-15,-1.,-1.63410951437015E-15));
#7922=DIRECTION('ref_axis',(7.04459991920967E-13,-1.63410951436942E-15,
1.));
#7923=DIRECTION('',(1.,1.03858425924761E-15,-7.04585184804196E-13));
#7924=DIRECTION('',(0.50000000000061,-8.9588822238596E-16,0.866025403784086));
#7925=DIRECTION('',(-0.49999999999939,-1.93447248163357E-15,0.866025403784791));
#7926=DIRECTION('',(-1.,-1.03858425924761E-15,7.04209606154511E-13));
#7927=DIRECTION('',(-0.50000000000061,8.9588822238596E-16,-0.866025403784087));
#7928=DIRECTION('',(0.49999999999939,1.93447248163357E-15,-0.866025403784791));
#7929=DIRECTION('center_axis',(-0.866025403784086,-1.71649510966378E-15,
0.50000000000061));
#7930=DIRECTION('ref_axis',(-0.50000000000061,8.9588822238596E-16,-0.866025403784087));
#7931=DIRECTION('',(-1.03858425924646E-15,1.,1.63410951437015E-15));
#7932=DIRECTION('',(0.50000000000061,-8.9588822238596E-16,0.866025403784086));
#7933=DIRECTION('',(-1.03858425924646E-15,1.,1.63410951437015E-15));
#7934=DIRECTION('center_axis',(-0.866025403784791,-8.23855952943674E-17,
-0.49999999999939));
#7935=DIRECTION('ref_axis',(0.49999999999939,1.93447248163357E-15,-0.866025403784791));
#7936=DIRECTION('',(-0.49999999999939,-1.93447248163357E-15,0.866025403784791));
#7937=DIRECTION('',(-1.03858425924646E-15,1.,1.63410951437015E-15));
#7938=DIRECTION('center_axis',(-7.04209606154511E-13,1.63410951436942E-15,
-1.));
#7939=DIRECTION('ref_axis',(1.,1.03858425924761E-15,-7.04209606154511E-13));
#7940=DIRECTION('',(-1.,-1.03858425924761E-15,7.04209606154511E-13));
#7941=DIRECTION('',(-1.03858425924646E-15,1.,1.63410951437015E-15));
#7942=DIRECTION('center_axis',(0.866025403784086,1.71649510966378E-15,-0.50000000000061));
#7943=DIRECTION('ref_axis',(0.50000000000061,-8.9588822238596E-16,0.866025403784087));
#7944=DIRECTION('',(-0.50000000000061,8.9588822238596E-16,-0.866025403784087));
#7945=DIRECTION('',(-1.03858425924646E-15,1.,1.63410951437015E-15));
#7946=DIRECTION('center_axis',(0.866025403784791,8.23855952943674E-17,0.49999999999939));
#7947=DIRECTION('ref_axis',(-0.49999999999939,-1.93447248163357E-15,0.866025403784791));
#7948=DIRECTION('',(0.49999999999939,1.93447248163357E-15,-0.866025403784791));
#7949=DIRECTION('',(-1.03858425924646E-15,1.,1.63410951437015E-15));
#7950=DIRECTION('center_axis',(7.04585184804196E-13,-1.63410951436942E-15,
1.));
#7951=DIRECTION('ref_axis',(-1.,-1.03858425924761E-15,7.04585184804195E-13));
#7952=DIRECTION('',(1.,1.03858425924761E-15,-7.04585184804196E-13));
#7953=DIRECTION('center_axis',(-1.03858425924646E-15,1.,1.63410951437015E-15));
#7954=DIRECTION('ref_axis',(-7.04459991920967E-13,1.63410951436942E-15,
-1.));
#7955=DIRECTION('center_axis',(-1.03858425924646E-15,1.,1.63410951437015E-15));
#7956=DIRECTION('ref_axis',(-7.04459991920967E-13,1.63410951436942E-15,
-1.));
#7957=DIRECTION('center_axis',(1.03858425924646E-15,-1.,-1.63410951437015E-15));
#7958=DIRECTION('ref_axis',(7.04459991920967E-13,-1.63410951436942E-15,
1.));
#7959=DIRECTION('',(1.03858425924646E-15,-1.,-1.63410951437015E-15));
#7960=DIRECTION('center_axis',(1.03858443530263E-15,-1.,-1.41206490944512E-15));
#7961=DIRECTION('ref_axis',(-7.04459991920967E-13,1.63410951436942E-15,
-1.));
#7962=DIRECTION('center_axis',(1.03858425924646E-15,-1.,-1.63410951437015E-15));
#7963=DIRECTION('ref_axis',(7.04459991920967E-13,-1.63410951436942E-15,
1.));
#7964=DIRECTION('',(1.,1.03858425924761E-15,-7.04585184804196E-13));
#7965=DIRECTION('',(0.50000000000061,-8.9588822238596E-16,0.866025403784086));
#7966=DIRECTION('',(-0.49999999999939,-1.93447248163357E-15,0.866025403784791));
#7967=DIRECTION('',(-1.,-1.03858425924761E-15,7.04209606154511E-13));
#7968=DIRECTION('',(-0.50000000000061,8.9588822238596E-16,-0.866025403784087));
#7969=DIRECTION('',(0.49999999999939,1.93447248163357E-15,-0.866025403784791));
#7970=DIRECTION('center_axis',(-0.866025403784086,-1.71649510966378E-15,
0.50000000000061));
#7971=DIRECTION('ref_axis',(-0.50000000000061,8.9588822238596E-16,-0.866025403784087));
#7972=DIRECTION('',(-1.03858425924646E-15,1.,1.63410951437015E-15));
#7973=DIRECTION('',(0.50000000000061,-8.9588822238596E-16,0.866025403784086));
#7974=DIRECTION('',(-1.03858425924646E-15,1.,1.63410951437015E-15));
#7975=DIRECTION('center_axis',(-0.866025403784791,-8.23855952943674E-17,
-0.49999999999939));
#7976=DIRECTION('ref_axis',(0.49999999999939,1.93447248163357E-15,-0.866025403784791));
#7977=DIRECTION('',(-0.49999999999939,-1.93447248163357E-15,0.866025403784791));
#7978=DIRECTION('',(-1.03858425924646E-15,1.,1.63410951437015E-15));
#7979=DIRECTION('center_axis',(-7.04209606154511E-13,1.63410951436942E-15,
-1.));
#7980=DIRECTION('ref_axis',(1.,1.03858425924761E-15,-7.04209606154511E-13));
#7981=DIRECTION('',(-1.,-1.03858425924761E-15,7.04209606154511E-13));
#7982=DIRECTION('',(-1.03858425924646E-15,1.,1.63410951437015E-15));
#7983=DIRECTION('center_axis',(0.866025403784086,1.71649510966378E-15,-0.50000000000061));
#7984=DIRECTION('ref_axis',(0.50000000000061,-8.9588822238596E-16,0.866025403784087));
#7985=DIRECTION('',(-0.50000000000061,8.9588822238596E-16,-0.866025403784087));
#7986=DIRECTION('',(-1.03858425924646E-15,1.,1.63410951437015E-15));
#7987=DIRECTION('center_axis',(0.866025403784791,8.23855952943674E-17,0.49999999999939));
#7988=DIRECTION('ref_axis',(-0.49999999999939,-1.93447248163357E-15,0.866025403784791));
#7989=DIRECTION('',(0.49999999999939,1.93447248163357E-15,-0.866025403784791));
#7990=DIRECTION('',(-1.03858425924646E-15,1.,1.63410951437015E-15));
#7991=DIRECTION('center_axis',(7.04585184804196E-13,-1.63410951436942E-15,
1.));
#7992=DIRECTION('ref_axis',(-1.,-1.03858425924761E-15,7.04585184804195E-13));
#7993=DIRECTION('',(1.,1.03858425924761E-15,-7.04585184804196E-13));
#7994=DIRECTION('center_axis',(-1.03858425924646E-15,1.,1.63410951437015E-15));
#7995=DIRECTION('ref_axis',(-7.04459991920967E-13,1.63410951436942E-15,
-1.));
#7996=DIRECTION('center_axis',(-1.03858425924646E-15,1.,1.63410951437015E-15));
#7997=DIRECTION('ref_axis',(-7.04459991920967E-13,1.63410951436942E-15,
-1.));
#7998=DIRECTION('center_axis',(1.03858425924646E-15,-1.,-1.63410951437015E-15));
#7999=DIRECTION('ref_axis',(7.04459991920967E-13,-1.63410951436942E-15,
1.));
#8000=DIRECTION('',(1.03858425924646E-15,-1.,-1.63410951437015E-15));
#8001=DIRECTION('center_axis',(1.03858443530263E-15,-1.,-1.41206490944512E-15));
#8002=DIRECTION('ref_axis',(-7.04459991920967E-13,1.63410951436942E-15,
-1.));
#8003=DIRECTION('center_axis',(1.03858425924646E-15,-1.,-1.63410951437015E-15));
#8004=DIRECTION('ref_axis',(7.04459991920967E-13,-1.63410951436942E-15,
1.));
#8005=DIRECTION('',(1.,1.03858425924761E-15,-7.04585184804196E-13));
#8006=DIRECTION('',(0.50000000000061,-8.9588822238596E-16,0.866025403784086));
#8007=DIRECTION('',(-0.49999999999939,-1.93447248163357E-15,0.866025403784791));
#8008=DIRECTION('',(-1.,-1.03858425924761E-15,7.04209606154511E-13));
#8009=DIRECTION('',(-0.50000000000061,8.9588822238596E-16,-0.866025403784087));
#8010=DIRECTION('',(0.49999999999939,1.93447248163357E-15,-0.866025403784791));
#8011=DIRECTION('center_axis',(-0.866025403784086,-1.71649510966378E-15,
0.50000000000061));
#8012=DIRECTION('ref_axis',(-0.50000000000061,8.9588822238596E-16,-0.866025403784087));
#8013=DIRECTION('',(-1.03858425924646E-15,1.,1.63410951437015E-15));
#8014=DIRECTION('',(0.50000000000061,-8.9588822238596E-16,0.866025403784086));
#8015=DIRECTION('',(-1.03858425924646E-15,1.,1.63410951437015E-15));
#8016=DIRECTION('center_axis',(-0.866025403784791,-8.23855952943674E-17,
-0.49999999999939));
#8017=DIRECTION('ref_axis',(0.49999999999939,1.93447248163357E-15,-0.866025403784791));
#8018=DIRECTION('',(-0.49999999999939,-1.93447248163357E-15,0.866025403784791));
#8019=DIRECTION('',(-1.03858425924646E-15,1.,1.63410951437015E-15));
#8020=DIRECTION('center_axis',(-7.04209606154511E-13,1.63410951436942E-15,
-1.));
#8021=DIRECTION('ref_axis',(1.,1.03858425924761E-15,-7.04209606154511E-13));
#8022=DIRECTION('',(-1.,-1.03858425924761E-15,7.04209606154511E-13));
#8023=DIRECTION('',(-1.03858425924646E-15,1.,1.63410951437015E-15));
#8024=DIRECTION('center_axis',(0.866025403784086,1.71649510966378E-15,-0.50000000000061));
#8025=DIRECTION('ref_axis',(0.50000000000061,-8.9588822238596E-16,0.866025403784087));
#8026=DIRECTION('',(-0.50000000000061,8.9588822238596E-16,-0.866025403784087));
#8027=DIRECTION('',(-1.03858425924646E-15,1.,1.63410951437015E-15));
#8028=DIRECTION('center_axis',(0.866025403784791,8.23855952943674E-17,0.49999999999939));
#8029=DIRECTION('ref_axis',(-0.49999999999939,-1.93447248163357E-15,0.866025403784791));
#8030=DIRECTION('',(0.49999999999939,1.93447248163357E-15,-0.866025403784791));
#8031=DIRECTION('',(-1.03858425924646E-15,1.,1.63410951437015E-15));
#8032=DIRECTION('center_axis',(7.04585184804196E-13,-1.63410951436942E-15,
1.));
#8033=DIRECTION('ref_axis',(-1.,-1.03858425924761E-15,7.04585184804195E-13));
#8034=DIRECTION('',(1.,1.03858425924761E-15,-7.04585184804196E-13));
#8035=DIRECTION('center_axis',(-1.03858425924646E-15,1.,1.63410951437015E-15));
#8036=DIRECTION('ref_axis',(-7.04459991920967E-13,1.63410951436942E-15,
-1.));
#8037=DIRECTION('center_axis',(-1.,-1.03858537750428E-15,-2.15059147379629E-16));
#8038=DIRECTION('ref_axis',(-1.03932137202821E-15,0.919135409179837,0.393941746444591));
#8039=DIRECTION('center_axis',(1.,1.03858687060607E-15,2.15060487902769E-16));
#8040=DIRECTION('ref_axis',(-2.15060487902767E-16,-1.74513181683266E-15,
1.));
#8041=DIRECTION('center_axis',(1.,1.03858537750428E-15,2.15059147379629E-16));
#8042=DIRECTION('ref_axis',(1.03932137202821E-15,-0.919135409179837,-0.393941746444591));
#8043=DIRECTION('center_axis',(1.,1.03858537750428E-15,2.15059147379629E-16));
#8044=DIRECTION('ref_axis',(1.03932137202821E-15,-0.919135409179837,-0.393941746444591));
#8045=DIRECTION('',(-1.,-1.03858537750428E-15,-2.15059147379629E-16));
#8046=DIRECTION('center_axis',(1.,1.03858537750428E-15,2.15059147379629E-16));
#8047=DIRECTION('ref_axis',(1.03932137202821E-15,-0.919135409179836,-0.393941746444591));
#8048=DIRECTION('center_axis',(1.,1.03858537750428E-15,2.15059147379629E-16));
#8049=DIRECTION('ref_axis',(1.03932137202821E-15,-0.919135409179836,-0.393941746444591));
#8050=DIRECTION('',(-0.707106781186543,-0.649926880659738,-0.278558880303443));
#8051=DIRECTION('center_axis',(1.,1.03858537750428E-15,2.15059147379629E-16));
#8052=DIRECTION('ref_axis',(1.03932137202821E-15,-0.919135409179836,-0.393941746444591));
#8053=DIRECTION('center_axis',(1.,1.03858537750428E-15,2.15059147379629E-16));
#8054=DIRECTION('ref_axis',(1.03932137202821E-15,-0.919135409179836,-0.393941746444591));
#8055=DIRECTION('center_axis',(-1.,-1.03858537750428E-15,-2.15059147379629E-16));
#8056=DIRECTION('ref_axis',(-1.03932137202821E-15,0.919135409179836,0.393941746444591));
#8057=DIRECTION('',(-1.,-1.03858537750428E-15,-2.15059147379629E-16));
#8058=DIRECTION('center_axis',(-1.,-1.03858687060607E-15,-2.15060487902769E-16));
#8059=DIRECTION('ref_axis',(1.03932137202821E-15,-0.919135409179836,-0.393941746444591));
#8060=DIRECTION('center_axis',(-1.,-1.03858537750428E-15,-2.15059147379629E-16));
#8061=DIRECTION('ref_axis',(-1.03932137202821E-15,0.919135409179837,0.393941746444591));
#8062=DIRECTION('',(2.11473660021209E-16,-0.393941746444591,0.919135409179836));
#8063=DIRECTION('',(-7.94341880861921E-16,0.599023740645248,0.800731264622142));
#8064=DIRECTION('',(-1.00581554088313E-15,0.992965487089839,-0.118404144557695));
#8065=DIRECTION('',(-2.11473660021208E-16,0.393941746444591,-0.919135409179837));
#8066=DIRECTION('',(7.9434188086192E-16,-0.599023740645248,-0.800731264622142));
#8067=DIRECTION('',(1.00581554088313E-15,-0.992965487089839,0.118404144557695));
#8068=DIRECTION('center_axis',(-1.,-1.03858537750428E-15,-2.15059147379629E-16));
#8069=DIRECTION('ref_axis',(-1.03932137202821E-15,0.919135409179837,0.393941746444591));
#8070=DIRECTION('center_axis',(-7.02802247823744E-16,0.800731264622142,
-0.599023740645248));
#8071=DIRECTION('ref_axis',(7.94341880861921E-16,-0.599023740645248,-0.800731264622142));
#8072=DIRECTION('',(1.,1.03858537750428E-15,2.15059147379629E-16));
#8073=DIRECTION('',(-7.94341880861921E-16,0.599023740645248,0.800731264622142));
#8074=DIRECTION('',(1.,1.03858537750428E-15,2.15059147379629E-16));
#8075=DIRECTION('center_axis',(3.36519124204464E-16,-0.118404144557695,
-0.992965487089839));
#8076=DIRECTION('ref_axis',(1.00581554088313E-15,-0.992965487089839,0.118404144557695));
#8077=DIRECTION('',(-1.00581554088313E-15,0.992965487089839,-0.118404144557695));
#8078=DIRECTION('',(1.,1.03858537750428E-15,2.15059147379629E-16));
#8079=DIRECTION('center_axis',(1.03932137202821E-15,-0.919135409179837,
-0.393941746444591));
#8080=DIRECTION('ref_axis',(2.11473660021208E-16,-0.393941746444591,0.919135409179837));
#8081=DIRECTION('',(-2.11473660021208E-16,0.393941746444591,-0.919135409179837));
#8082=DIRECTION('',(1.,1.03858537750428E-15,2.15059147379629E-16));
#8083=DIRECTION('center_axis',(7.02802247823744E-16,-0.800731264622142,
0.599023740645248));
#8084=DIRECTION('ref_axis',(-7.94341880861921E-16,0.599023740645248,0.800731264622142));
#8085=DIRECTION('',(7.9434188086192E-16,-0.599023740645248,-0.800731264622142));
#8086=DIRECTION('',(1.,1.03858537750428E-15,2.15059147379629E-16));
#8087=DIRECTION('center_axis',(-3.36519124204464E-16,0.118404144557695,
0.992965487089839));
#8088=DIRECTION('ref_axis',(-1.00581554088313E-15,0.992965487089839,-0.118404144557695));
#8089=DIRECTION('',(1.00581554088313E-15,-0.992965487089839,0.118404144557695));
#8090=DIRECTION('',(1.,1.03858537750428E-15,2.15059147379629E-16));
#8091=DIRECTION('center_axis',(-1.03932137202821E-15,0.919135409179837,
0.393941746444591));
#8092=DIRECTION('ref_axis',(-2.11473660021209E-16,0.393941746444591,-0.919135409179836));
#8093=DIRECTION('',(2.11473660021209E-16,-0.393941746444591,0.919135409179836));
#8094=DIRECTION('center_axis',(1.,1.03858537750428E-15,2.15059147379629E-16));
#8095=DIRECTION('ref_axis',(1.03932137202821E-15,-0.919135409179837,-0.393941746444591));
#8096=DIRECTION('center_axis',(-1.,-1.03858537750428E-15,-2.15059147379629E-16));
#8097=DIRECTION('ref_axis',(-1.03932137202821E-15,0.919135409179837,0.393941746444591));
#8098=DIRECTION('center_axis',(1.,1.03858687060607E-15,2.15060487902769E-16));
#8099=DIRECTION('ref_axis',(-2.15060487902767E-16,-1.74513181683266E-15,
1.));
#8100=DIRECTION('center_axis',(1.,1.03858537750428E-15,2.15059147379629E-16));
#8101=DIRECTION('ref_axis',(1.03932137202821E-15,-0.919135409179837,-0.393941746444591));
#8102=DIRECTION('center_axis',(1.,1.03858537750428E-15,2.15059147379629E-16));
#8103=DIRECTION('ref_axis',(1.03932137202821E-15,-0.919135409179837,-0.393941746444591));
#8104=DIRECTION('',(-1.,-1.03858537750428E-15,-2.15059147379629E-16));
#8105=DIRECTION('center_axis',(1.,1.03858537750428E-15,2.15059147379629E-16));
#8106=DIRECTION('ref_axis',(1.03932137202821E-15,-0.919135409179836,-0.393941746444591));
#8107=DIRECTION('center_axis',(1.,1.03858537750428E-15,2.15059147379629E-16));
#8108=DIRECTION('ref_axis',(1.03932137202821E-15,-0.919135409179836,-0.393941746444591));
#8109=DIRECTION('',(-0.707106781186543,-0.649926880659738,-0.278558880303443));
#8110=DIRECTION('center_axis',(1.,1.03858537750428E-15,2.15059147379629E-16));
#8111=DIRECTION('ref_axis',(1.03932137202821E-15,-0.919135409179836,-0.393941746444591));
#8112=DIRECTION('center_axis',(1.,1.03858537750428E-15,2.15059147379629E-16));
#8113=DIRECTION('ref_axis',(1.03932137202821E-15,-0.919135409179836,-0.393941746444591));
#8114=DIRECTION('center_axis',(-1.,-1.03858537750428E-15,-2.15059147379629E-16));
#8115=DIRECTION('ref_axis',(-1.03932137202821E-15,0.919135409179836,0.393941746444591));
#8116=DIRECTION('',(-1.,-1.03858537750428E-15,-2.15059147379629E-16));
#8117=DIRECTION('center_axis',(-1.,-1.03858687060607E-15,-2.15060487902769E-16));
#8118=DIRECTION('ref_axis',(1.03932137202821E-15,-0.919135409179836,-0.393941746444591));
#8119=DIRECTION('center_axis',(-1.,-1.03858537750428E-15,-2.15059147379629E-16));
#8120=DIRECTION('ref_axis',(-1.03932137202821E-15,0.919135409179837,0.393941746444591));
#8121=DIRECTION('',(2.11473660021209E-16,-0.393941746444591,0.919135409179836));
#8122=DIRECTION('',(-7.94341880861921E-16,0.599023740645248,0.800731264622142));
#8123=DIRECTION('',(-1.00581554088313E-15,0.992965487089839,-0.118404144557695));
#8124=DIRECTION('',(-2.11473660021208E-16,0.393941746444591,-0.919135409179837));
#8125=DIRECTION('',(7.9434188086192E-16,-0.599023740645248,-0.800731264622142));
#8126=DIRECTION('',(1.00581554088313E-15,-0.992965487089839,0.118404144557695));
#8127=DIRECTION('center_axis',(-1.,-1.03858537750428E-15,-2.15059147379629E-16));
#8128=DIRECTION('ref_axis',(-1.03932137202821E-15,0.919135409179837,0.393941746444591));
#8129=DIRECTION('center_axis',(-7.02802247823744E-16,0.800731264622142,
-0.599023740645248));
#8130=DIRECTION('ref_axis',(7.94341880861921E-16,-0.599023740645248,-0.800731264622142));
#8131=DIRECTION('',(1.,1.03858537750428E-15,2.15059147379629E-16));
#8132=DIRECTION('',(-7.94341880861921E-16,0.599023740645248,0.800731264622142));
#8133=DIRECTION('',(1.,1.03858537750428E-15,2.15059147379629E-16));
#8134=DIRECTION('center_axis',(3.36519124204464E-16,-0.118404144557695,
-0.992965487089839));
#8135=DIRECTION('ref_axis',(1.00581554088313E-15,-0.992965487089839,0.118404144557695));
#8136=DIRECTION('',(-1.00581554088313E-15,0.992965487089839,-0.118404144557695));
#8137=DIRECTION('',(1.,1.03858537750428E-15,2.15059147379629E-16));
#8138=DIRECTION('center_axis',(1.03932137202821E-15,-0.919135409179837,
-0.393941746444591));
#8139=DIRECTION('ref_axis',(2.11473660021208E-16,-0.393941746444591,0.919135409179837));
#8140=DIRECTION('',(-2.11473660021208E-16,0.393941746444591,-0.919135409179837));
#8141=DIRECTION('',(1.,1.03858537750428E-15,2.15059147379629E-16));
#8142=DIRECTION('center_axis',(7.02802247823744E-16,-0.800731264622142,
0.599023740645248));
#8143=DIRECTION('ref_axis',(-7.94341880861921E-16,0.599023740645248,0.800731264622142));
#8144=DIRECTION('',(7.9434188086192E-16,-0.599023740645248,-0.800731264622142));
#8145=DIRECTION('',(1.,1.03858537750428E-15,2.15059147379629E-16));
#8146=DIRECTION('center_axis',(-3.36519124204464E-16,0.118404144557695,
0.992965487089839));
#8147=DIRECTION('ref_axis',(-1.00581554088313E-15,0.992965487089839,-0.118404144557695));
#8148=DIRECTION('',(1.00581554088313E-15,-0.992965487089839,0.118404144557695));
#8149=DIRECTION('',(1.,1.03858537750428E-15,2.15059147379629E-16));
#8150=DIRECTION('center_axis',(-1.03932137202821E-15,0.919135409179837,
0.393941746444591));
#8151=DIRECTION('ref_axis',(-2.11473660021209E-16,0.393941746444591,-0.919135409179836));
#8152=DIRECTION('',(2.11473660021209E-16,-0.393941746444591,0.919135409179836));
#8153=DIRECTION('center_axis',(1.,1.03858537750428E-15,2.15059147379629E-16));
#8154=DIRECTION('ref_axis',(1.03932137202821E-15,-0.919135409179837,-0.393941746444591));
#8155=DIRECTION('center_axis',(-1.,-1.03858537750428E-15,-2.15059147379629E-16));
#8156=DIRECTION('ref_axis',(-1.03932137202821E-15,0.919135409179837,0.393941746444591));
#8157=DIRECTION('center_axis',(1.,1.03858687060607E-15,2.15060487902769E-16));
#8158=DIRECTION('ref_axis',(-2.15060487902767E-16,-1.74513181683266E-15,
1.));
#8159=DIRECTION('center_axis',(1.,1.03858537750428E-15,2.15059147379629E-16));
#8160=DIRECTION('ref_axis',(1.03932137202821E-15,-0.919135409179837,-0.393941746444591));
#8161=DIRECTION('center_axis',(1.,1.03858537750428E-15,2.15059147379629E-16));
#8162=DIRECTION('ref_axis',(1.03932137202821E-15,-0.919135409179837,-0.393941746444591));
#8163=DIRECTION('',(-1.,-1.03858537750428E-15,-2.15059147379629E-16));
#8164=DIRECTION('center_axis',(1.,1.03858537750428E-15,2.15059147379629E-16));
#8165=DIRECTION('ref_axis',(1.03932137202821E-15,-0.919135409179836,-0.393941746444591));
#8166=DIRECTION('center_axis',(1.,1.03858537750428E-15,2.15059147379629E-16));
#8167=DIRECTION('ref_axis',(1.03932137202821E-15,-0.919135409179836,-0.393941746444591));
#8168=DIRECTION('',(-0.707106781186543,-0.649926880659738,-0.278558880303443));
#8169=DIRECTION('center_axis',(1.,1.03858537750428E-15,2.15059147379629E-16));
#8170=DIRECTION('ref_axis',(1.03932137202821E-15,-0.919135409179836,-0.393941746444591));
#8171=DIRECTION('center_axis',(1.,1.03858537750428E-15,2.15059147379629E-16));
#8172=DIRECTION('ref_axis',(1.03932137202821E-15,-0.919135409179836,-0.393941746444591));
#8173=DIRECTION('center_axis',(-1.,-1.03858537750428E-15,-2.15059147379629E-16));
#8174=DIRECTION('ref_axis',(-1.03932137202821E-15,0.919135409179836,0.393941746444591));
#8175=DIRECTION('',(-1.,-1.03858537750428E-15,-2.15059147379629E-16));
#8176=DIRECTION('center_axis',(-1.,-1.03858687060607E-15,-2.15060487902769E-16));
#8177=DIRECTION('ref_axis',(1.03932137202821E-15,-0.919135409179836,-0.393941746444591));
#8178=DIRECTION('center_axis',(-1.,-1.03858537750428E-15,-2.15059147379629E-16));
#8179=DIRECTION('ref_axis',(-1.03932137202821E-15,0.919135409179837,0.393941746444591));
#8180=DIRECTION('',(2.11473660021209E-16,-0.393941746444591,0.919135409179836));
#8181=DIRECTION('',(-7.94341880861921E-16,0.599023740645248,0.800731264622142));
#8182=DIRECTION('',(-1.00581554088313E-15,0.992965487089839,-0.118404144557695));
#8183=DIRECTION('',(-2.11473660021208E-16,0.393941746444591,-0.919135409179837));
#8184=DIRECTION('',(7.9434188086192E-16,-0.599023740645248,-0.800731264622142));
#8185=DIRECTION('',(1.00581554088313E-15,-0.992965487089839,0.118404144557695));
#8186=DIRECTION('center_axis',(-1.,-1.03858537750428E-15,-2.15059147379629E-16));
#8187=DIRECTION('ref_axis',(-1.03932137202821E-15,0.919135409179837,0.393941746444591));
#8188=DIRECTION('center_axis',(-7.02802247823744E-16,0.800731264622142,
-0.599023740645248));
#8189=DIRECTION('ref_axis',(7.94341880861921E-16,-0.599023740645248,-0.800731264622142));
#8190=DIRECTION('',(1.,1.03858537750428E-15,2.15059147379629E-16));
#8191=DIRECTION('',(-7.94341880861921E-16,0.599023740645248,0.800731264622142));
#8192=DIRECTION('',(1.,1.03858537750428E-15,2.15059147379629E-16));
#8193=DIRECTION('center_axis',(3.36519124204464E-16,-0.118404144557695,
-0.992965487089839));
#8194=DIRECTION('ref_axis',(1.00581554088313E-15,-0.992965487089839,0.118404144557695));
#8195=DIRECTION('',(-1.00581554088313E-15,0.992965487089839,-0.118404144557695));
#8196=DIRECTION('',(1.,1.03858537750428E-15,2.15059147379629E-16));
#8197=DIRECTION('center_axis',(1.03932137202821E-15,-0.919135409179837,
-0.393941746444591));
#8198=DIRECTION('ref_axis',(2.11473660021208E-16,-0.393941746444591,0.919135409179837));
#8199=DIRECTION('',(-2.11473660021208E-16,0.393941746444591,-0.919135409179837));
#8200=DIRECTION('',(1.,1.03858537750428E-15,2.15059147379629E-16));
#8201=DIRECTION('center_axis',(7.02802247823744E-16,-0.800731264622142,
0.599023740645248));
#8202=DIRECTION('ref_axis',(-7.94341880861921E-16,0.599023740645248,0.800731264622142));
#8203=DIRECTION('',(7.9434188086192E-16,-0.599023740645248,-0.800731264622142));
#8204=DIRECTION('',(1.,1.03858537750428E-15,2.15059147379629E-16));
#8205=DIRECTION('center_axis',(-3.36519124204464E-16,0.118404144557695,
0.992965487089839));
#8206=DIRECTION('ref_axis',(-1.00581554088313E-15,0.992965487089839,-0.118404144557695));
#8207=DIRECTION('',(1.00581554088313E-15,-0.992965487089839,0.118404144557695));
#8208=DIRECTION('',(1.,1.03858537750428E-15,2.15059147379629E-16));
#8209=DIRECTION('center_axis',(-1.03932137202821E-15,0.919135409179837,
0.393941746444591));
#8210=DIRECTION('ref_axis',(-2.11473660021209E-16,0.393941746444591,-0.919135409179836));
#8211=DIRECTION('',(2.11473660021209E-16,-0.393941746444591,0.919135409179836));
#8212=DIRECTION('center_axis',(1.,1.03858537750428E-15,2.15059147379629E-16));
#8213=DIRECTION('ref_axis',(1.03932137202821E-15,-0.919135409179837,-0.393941746444591));
#8214=DIRECTION('center_axis',(-1.,-1.03858537750428E-15,-2.15059147379629E-16));
#8215=DIRECTION('ref_axis',(-1.03932137202821E-15,0.919135409179837,0.393941746444591));
#8216=DIRECTION('center_axis',(1.,1.03858687060607E-15,2.15060487902769E-16));
#8217=DIRECTION('ref_axis',(-2.15060487902767E-16,-1.74513181683266E-15,
1.));
#8218=DIRECTION('center_axis',(1.,1.03858537750428E-15,2.15059147379629E-16));
#8219=DIRECTION('ref_axis',(1.03932137202821E-15,-0.919135409179837,-0.393941746444591));
#8220=DIRECTION('center_axis',(1.,1.03858537750428E-15,2.15059147379629E-16));
#8221=DIRECTION('ref_axis',(1.03932137202821E-15,-0.919135409179837,-0.393941746444591));
#8222=DIRECTION('',(-1.,-1.03858537750428E-15,-2.15059147379629E-16));
#8223=DIRECTION('center_axis',(1.,1.03858537750428E-15,2.15059147379629E-16));
#8224=DIRECTION('ref_axis',(1.03932137202821E-15,-0.919135409179836,-0.393941746444591));
#8225=DIRECTION('center_axis',(1.,1.03858537750428E-15,2.15059147379629E-16));
#8226=DIRECTION('ref_axis',(1.03932137202821E-15,-0.919135409179836,-0.393941746444591));
#8227=DIRECTION('',(-0.707106781186543,-0.649926880659738,-0.278558880303443));
#8228=DIRECTION('center_axis',(1.,1.03858537750428E-15,2.15059147379629E-16));
#8229=DIRECTION('ref_axis',(1.03932137202821E-15,-0.919135409179836,-0.393941746444591));
#8230=DIRECTION('center_axis',(1.,1.03858537750428E-15,2.15059147379629E-16));
#8231=DIRECTION('ref_axis',(1.03932137202821E-15,-0.919135409179836,-0.393941746444591));
#8232=DIRECTION('center_axis',(-1.,-1.03858537750428E-15,-2.15059147379629E-16));
#8233=DIRECTION('ref_axis',(-1.03932137202821E-15,0.919135409179836,0.393941746444591));
#8234=DIRECTION('',(-1.,-1.03858537750428E-15,-2.15059147379629E-16));
#8235=DIRECTION('center_axis',(-1.,-1.03858687060607E-15,-2.15060487902769E-16));
#8236=DIRECTION('ref_axis',(1.03932137202821E-15,-0.919135409179836,-0.393941746444591));
#8237=DIRECTION('center_axis',(-1.,-1.03858537750428E-15,-2.15059147379629E-16));
#8238=DIRECTION('ref_axis',(-1.03932137202821E-15,0.919135409179837,0.393941746444591));
#8239=DIRECTION('',(2.11473660021209E-16,-0.393941746444591,0.919135409179836));
#8240=DIRECTION('',(-7.94341880861921E-16,0.599023740645248,0.800731264622142));
#8241=DIRECTION('',(-1.00581554088313E-15,0.992965487089839,-0.118404144557695));
#8242=DIRECTION('',(-2.11473660021208E-16,0.393941746444591,-0.919135409179837));
#8243=DIRECTION('',(7.9434188086192E-16,-0.599023740645248,-0.800731264622142));
#8244=DIRECTION('',(1.00581554088313E-15,-0.992965487089839,0.118404144557695));
#8245=DIRECTION('center_axis',(-1.,-1.03858537750428E-15,-2.15059147379629E-16));
#8246=DIRECTION('ref_axis',(-1.03932137202821E-15,0.919135409179837,0.393941746444591));
#8247=DIRECTION('center_axis',(-7.02802247823744E-16,0.800731264622142,
-0.599023740645248));
#8248=DIRECTION('ref_axis',(7.94341880861921E-16,-0.599023740645248,-0.800731264622142));
#8249=DIRECTION('',(1.,1.03858537750428E-15,2.15059147379629E-16));
#8250=DIRECTION('',(-7.94341880861921E-16,0.599023740645248,0.800731264622142));
#8251=DIRECTION('',(1.,1.03858537750428E-15,2.15059147379629E-16));
#8252=DIRECTION('center_axis',(3.36519124204464E-16,-0.118404144557695,
-0.992965487089839));
#8253=DIRECTION('ref_axis',(1.00581554088313E-15,-0.992965487089839,0.118404144557695));
#8254=DIRECTION('',(-1.00581554088313E-15,0.992965487089839,-0.118404144557695));
#8255=DIRECTION('',(1.,1.03858537750428E-15,2.15059147379629E-16));
#8256=DIRECTION('center_axis',(1.03932137202821E-15,-0.919135409179837,
-0.393941746444591));
#8257=DIRECTION('ref_axis',(2.11473660021208E-16,-0.393941746444591,0.919135409179837));
#8258=DIRECTION('',(-2.11473660021208E-16,0.393941746444591,-0.919135409179837));
#8259=DIRECTION('',(1.,1.03858537750428E-15,2.15059147379629E-16));
#8260=DIRECTION('center_axis',(7.02802247823744E-16,-0.800731264622142,
0.599023740645248));
#8261=DIRECTION('ref_axis',(-7.94341880861921E-16,0.599023740645248,0.800731264622142));
#8262=DIRECTION('',(7.9434188086192E-16,-0.599023740645248,-0.800731264622142));
#8263=DIRECTION('',(1.,1.03858537750428E-15,2.15059147379629E-16));
#8264=DIRECTION('center_axis',(-3.36519124204464E-16,0.118404144557695,
0.992965487089839));
#8265=DIRECTION('ref_axis',(-1.00581554088313E-15,0.992965487089839,-0.118404144557695));
#8266=DIRECTION('',(1.00581554088313E-15,-0.992965487089839,0.118404144557695));
#8267=DIRECTION('',(1.,1.03858537750428E-15,2.15059147379629E-16));
#8268=DIRECTION('center_axis',(-1.03932137202821E-15,0.919135409179837,
0.393941746444591));
#8269=DIRECTION('ref_axis',(-2.11473660021209E-16,0.393941746444591,-0.919135409179836));
#8270=DIRECTION('',(2.11473660021209E-16,-0.393941746444591,0.919135409179836));
#8271=DIRECTION('center_axis',(1.,1.03858537750428E-15,2.15059147379629E-16));
#8272=DIRECTION('ref_axis',(1.03932137202821E-15,-0.919135409179837,-0.393941746444591));
#8273=DIRECTION('center_axis',(-1.,-1.03858537750428E-15,-2.15059147379629E-16));
#8274=DIRECTION('ref_axis',(-1.03932137202821E-15,0.919135409179837,0.393941746444591));
#8275=DIRECTION('center_axis',(1.,1.03858687060607E-15,2.15060487902769E-16));
#8276=DIRECTION('ref_axis',(-2.15060487902767E-16,-1.74513181683266E-15,
1.));
#8277=DIRECTION('center_axis',(1.,1.03858537750428E-15,2.15059147379629E-16));
#8278=DIRECTION('ref_axis',(1.03932137202821E-15,-0.919135409179837,-0.393941746444591));
#8279=DIRECTION('center_axis',(1.,1.03858537750428E-15,2.15059147379629E-16));
#8280=DIRECTION('ref_axis',(1.03932137202821E-15,-0.919135409179837,-0.393941746444591));
#8281=DIRECTION('',(-1.,-1.03858537750428E-15,-2.15059147379629E-16));
#8282=DIRECTION('center_axis',(1.,1.03858537750428E-15,2.15059147379629E-16));
#8283=DIRECTION('ref_axis',(1.03932137202821E-15,-0.919135409179836,-0.393941746444591));
#8284=DIRECTION('center_axis',(1.,1.03858537750428E-15,2.15059147379629E-16));
#8285=DIRECTION('ref_axis',(1.03932137202821E-15,-0.919135409179836,-0.393941746444591));
#8286=DIRECTION('',(-0.707106781186543,-0.649926880659738,-0.278558880303443));
#8287=DIRECTION('center_axis',(1.,1.03858537750428E-15,2.15059147379629E-16));
#8288=DIRECTION('ref_axis',(1.03932137202821E-15,-0.919135409179836,-0.393941746444591));
#8289=DIRECTION('center_axis',(1.,1.03858537750428E-15,2.15059147379629E-16));
#8290=DIRECTION('ref_axis',(1.03932137202821E-15,-0.919135409179836,-0.393941746444591));
#8291=DIRECTION('center_axis',(-1.,-1.03858537750428E-15,-2.15059147379629E-16));
#8292=DIRECTION('ref_axis',(-1.03932137202821E-15,0.919135409179836,0.393941746444591));
#8293=DIRECTION('',(-1.,-1.03858537750428E-15,-2.15059147379629E-16));
#8294=DIRECTION('center_axis',(-1.,-1.03858687060607E-15,-2.15060487902769E-16));
#8295=DIRECTION('ref_axis',(1.03932137202821E-15,-0.919135409179836,-0.393941746444591));
#8296=DIRECTION('center_axis',(-1.,-1.03858537750428E-15,-2.15059147379629E-16));
#8297=DIRECTION('ref_axis',(-1.03932137202821E-15,0.919135409179837,0.393941746444591));
#8298=DIRECTION('',(2.11473660021209E-16,-0.393941746444591,0.919135409179836));
#8299=DIRECTION('',(-7.94341880861921E-16,0.599023740645248,0.800731264622142));
#8300=DIRECTION('',(-1.00581554088313E-15,0.992965487089839,-0.118404144557695));
#8301=DIRECTION('',(-2.11473660021208E-16,0.393941746444591,-0.919135409179837));
#8302=DIRECTION('',(7.9434188086192E-16,-0.599023740645248,-0.800731264622142));
#8303=DIRECTION('',(1.00581554088313E-15,-0.992965487089839,0.118404144557695));
#8304=DIRECTION('center_axis',(-1.,-1.03858537750428E-15,-2.15059147379629E-16));
#8305=DIRECTION('ref_axis',(-1.03932137202821E-15,0.919135409179837,0.393941746444591));
#8306=DIRECTION('center_axis',(-7.02802247823744E-16,0.800731264622142,
-0.599023740645248));
#8307=DIRECTION('ref_axis',(7.94341880861921E-16,-0.599023740645248,-0.800731264622142));
#8308=DIRECTION('',(1.,1.03858537750428E-15,2.15059147379629E-16));
#8309=DIRECTION('',(-7.94341880861921E-16,0.599023740645248,0.800731264622142));
#8310=DIRECTION('',(1.,1.03858537750428E-15,2.15059147379629E-16));
#8311=DIRECTION('center_axis',(3.36519124204464E-16,-0.118404144557695,
-0.992965487089839));
#8312=DIRECTION('ref_axis',(1.00581554088313E-15,-0.992965487089839,0.118404144557695));
#8313=DIRECTION('',(-1.00581554088313E-15,0.992965487089839,-0.118404144557695));
#8314=DIRECTION('',(1.,1.03858537750428E-15,2.15059147379629E-16));
#8315=DIRECTION('center_axis',(1.03932137202821E-15,-0.919135409179837,
-0.393941746444591));
#8316=DIRECTION('ref_axis',(2.11473660021208E-16,-0.393941746444591,0.919135409179837));
#8317=DIRECTION('',(-2.11473660021208E-16,0.393941746444591,-0.919135409179837));
#8318=DIRECTION('',(1.,1.03858537750428E-15,2.15059147379629E-16));
#8319=DIRECTION('center_axis',(7.02802247823744E-16,-0.800731264622142,
0.599023740645248));
#8320=DIRECTION('ref_axis',(-7.94341880861921E-16,0.599023740645248,0.800731264622142));
#8321=DIRECTION('',(7.9434188086192E-16,-0.599023740645248,-0.800731264622142));
#8322=DIRECTION('',(1.,1.03858537750428E-15,2.15059147379629E-16));
#8323=DIRECTION('center_axis',(-3.36519124204464E-16,0.118404144557695,
0.992965487089839));
#8324=DIRECTION('ref_axis',(-1.00581554088313E-15,0.992965487089839,-0.118404144557695));
#8325=DIRECTION('',(1.00581554088313E-15,-0.992965487089839,0.118404144557695));
#8326=DIRECTION('',(1.,1.03858537750428E-15,2.15059147379629E-16));
#8327=DIRECTION('center_axis',(-1.03932137202821E-15,0.919135409179837,
0.393941746444591));
#8328=DIRECTION('ref_axis',(-2.11473660021209E-16,0.393941746444591,-0.919135409179836));
#8329=DIRECTION('',(2.11473660021209E-16,-0.393941746444591,0.919135409179836));
#8330=DIRECTION('center_axis',(1.,1.03858537750428E-15,2.15059147379629E-16));
#8331=DIRECTION('ref_axis',(1.03932137202821E-15,-0.919135409179837,-0.393941746444591));
#8332=DIRECTION('center_axis',(-1.,-1.03858537750428E-15,-2.15059147379629E-16));
#8333=DIRECTION('ref_axis',(-1.03932137202821E-15,0.919135409179837,0.393941746444591));
#8334=DIRECTION('center_axis',(1.,1.03858687060607E-15,2.15060487902769E-16));
#8335=DIRECTION('ref_axis',(-2.15060487902767E-16,-1.74513181683266E-15,
1.));
#8336=DIRECTION('center_axis',(1.,1.03858537750428E-15,2.15059147379629E-16));
#8337=DIRECTION('ref_axis',(1.03932137202821E-15,-0.919135409179837,-0.393941746444591));
#8338=DIRECTION('center_axis',(1.,1.03858537750428E-15,2.15059147379629E-16));
#8339=DIRECTION('ref_axis',(1.03932137202821E-15,-0.919135409179837,-0.393941746444591));
#8340=DIRECTION('',(-1.,-1.03858537750428E-15,-2.15059147379629E-16));
#8341=DIRECTION('center_axis',(1.,1.03858537750428E-15,2.15059147379629E-16));
#8342=DIRECTION('ref_axis',(1.03932137202821E-15,-0.919135409179836,-0.393941746444591));
#8343=DIRECTION('center_axis',(1.,1.03858537750428E-15,2.15059147379629E-16));
#8344=DIRECTION('ref_axis',(1.03932137202821E-15,-0.919135409179836,-0.393941746444591));
#8345=DIRECTION('',(-0.707106781186543,-0.649926880659738,-0.278558880303443));
#8346=DIRECTION('center_axis',(1.,1.03858537750428E-15,2.15059147379629E-16));
#8347=DIRECTION('ref_axis',(1.03932137202821E-15,-0.919135409179836,-0.393941746444591));
#8348=DIRECTION('center_axis',(1.,1.03858537750428E-15,2.15059147379629E-16));
#8349=DIRECTION('ref_axis',(1.03932137202821E-15,-0.919135409179836,-0.393941746444591));
#8350=DIRECTION('center_axis',(-1.,-1.03858537750428E-15,-2.15059147379629E-16));
#8351=DIRECTION('ref_axis',(-1.03932137202821E-15,0.919135409179836,0.393941746444591));
#8352=DIRECTION('',(-1.,-1.03858537750428E-15,-2.15059147379629E-16));
#8353=DIRECTION('center_axis',(-1.,-1.03858687060607E-15,-2.15060487902769E-16));
#8354=DIRECTION('ref_axis',(1.03932137202821E-15,-0.919135409179836,-0.393941746444591));
#8355=DIRECTION('center_axis',(-1.,-1.03858537750428E-15,-2.15059147379629E-16));
#8356=DIRECTION('ref_axis',(-1.03932137202821E-15,0.919135409179837,0.393941746444591));
#8357=DIRECTION('',(2.11473660021209E-16,-0.393941746444591,0.919135409179836));
#8358=DIRECTION('',(-7.94341880861921E-16,0.599023740645248,0.800731264622142));
#8359=DIRECTION('',(-1.00581554088313E-15,0.992965487089839,-0.118404144557695));
#8360=DIRECTION('',(-2.11473660021208E-16,0.393941746444591,-0.919135409179837));
#8361=DIRECTION('',(7.9434188086192E-16,-0.599023740645248,-0.800731264622142));
#8362=DIRECTION('',(1.00581554088313E-15,-0.992965487089839,0.118404144557695));
#8363=DIRECTION('center_axis',(-1.,-1.03858537750428E-15,-2.15059147379629E-16));
#8364=DIRECTION('ref_axis',(-1.03932137202821E-15,0.919135409179837,0.393941746444591));
#8365=DIRECTION('center_axis',(-7.02802247823744E-16,0.800731264622142,
-0.599023740645248));
#8366=DIRECTION('ref_axis',(7.94341880861921E-16,-0.599023740645248,-0.800731264622142));
#8367=DIRECTION('',(1.,1.03858537750428E-15,2.15059147379629E-16));
#8368=DIRECTION('',(-7.94341880861921E-16,0.599023740645248,0.800731264622142));
#8369=DIRECTION('',(1.,1.03858537750428E-15,2.15059147379629E-16));
#8370=DIRECTION('center_axis',(3.36519124204464E-16,-0.118404144557695,
-0.992965487089839));
#8371=DIRECTION('ref_axis',(1.00581554088313E-15,-0.992965487089839,0.118404144557695));
#8372=DIRECTION('',(-1.00581554088313E-15,0.992965487089839,-0.118404144557695));
#8373=DIRECTION('',(1.,1.03858537750428E-15,2.15059147379629E-16));
#8374=DIRECTION('center_axis',(1.03932137202821E-15,-0.919135409179837,
-0.393941746444591));
#8375=DIRECTION('ref_axis',(2.11473660021208E-16,-0.393941746444591,0.919135409179837));
#8376=DIRECTION('',(-2.11473660021208E-16,0.393941746444591,-0.919135409179837));
#8377=DIRECTION('',(1.,1.03858537750428E-15,2.15059147379629E-16));
#8378=DIRECTION('center_axis',(7.02802247823744E-16,-0.800731264622142,
0.599023740645248));
#8379=DIRECTION('ref_axis',(-7.94341880861921E-16,0.599023740645248,0.800731264622142));
#8380=DIRECTION('',(7.9434188086192E-16,-0.599023740645248,-0.800731264622142));
#8381=DIRECTION('',(1.,1.03858537750428E-15,2.15059147379629E-16));
#8382=DIRECTION('center_axis',(-3.36519124204464E-16,0.118404144557695,
0.992965487089839));
#8383=DIRECTION('ref_axis',(-1.00581554088313E-15,0.992965487089839,-0.118404144557695));
#8384=DIRECTION('',(1.00581554088313E-15,-0.992965487089839,0.118404144557695));
#8385=DIRECTION('',(1.,1.03858537750428E-15,2.15059147379629E-16));
#8386=DIRECTION('center_axis',(-1.03932137202821E-15,0.919135409179837,
0.393941746444591));
#8387=DIRECTION('ref_axis',(-2.11473660021209E-16,0.393941746444591,-0.919135409179836));
#8388=DIRECTION('',(2.11473660021209E-16,-0.393941746444591,0.919135409179836));
#8389=DIRECTION('center_axis',(1.,1.03858537750428E-15,2.15059147379629E-16));
#8390=DIRECTION('ref_axis',(1.03932137202821E-15,-0.919135409179837,-0.393941746444591));
#8391=DIRECTION('center_axis',(-2.24607606790463E-15,1.,1.25254902308212E-15));
#8392=DIRECTION('ref_axis',(-0.86602540378444,-2.57143344517873E-15,0.499999999999998));
#8393=DIRECTION('center_axis',(-2.24607606790463E-15,1.,1.25254902308212E-15));
#8394=DIRECTION('ref_axis',(-0.86602540378444,-2.57143344517873E-15,0.499999999999998));
#8395=DIRECTION('center_axis',(-8.40318687709204E-16,1.,1.96240804653874E-15));
#8396=DIRECTION('ref_axis',(0.866025403784438,-2.53466692438403E-16,0.500000000000002));
#8397=DIRECTION('center_axis',(-2.24607606790463E-15,1.,1.25254902308212E-15));
#8398=DIRECTION('ref_axis',(-0.86602540378444,-2.57143344517873E-15,0.499999999999998));
#8399=DIRECTION('center_axis',(-8.40318687709204E-16,1.,1.96240804653874E-15));
#8400=DIRECTION('ref_axis',(-0.86602540378444,-2.57143344517873E-15,0.499999999999998));
#8401=DIRECTION('',(-2.24607606790463E-15,1.,1.25254902308212E-15));
#8402=DIRECTION('center_axis',(-2.24607606790463E-15,1.,1.25254902308212E-15));
#8403=DIRECTION('ref_axis',(-0.86602540378444,-2.57143344517873E-15,0.499999999999998));
#8404=DIRECTION('center_axis',(-2.24607606790463E-15,1.,1.25254902308212E-15));
#8405=DIRECTION('ref_axis',(-0.86602540378444,-2.57143344517873E-15,0.499999999999998));
#8406=DIRECTION('center_axis',(-8.40318687709204E-16,1.,1.96240804653874E-15));
#8407=DIRECTION('ref_axis',(-0.86602540378444,-2.57143344517873E-15,0.499999999999998));
#8408=DIRECTION('',(-2.24607606790463E-15,1.,1.25254902308212E-15));
#8409=DIRECTION('center_axis',(-2.24607606790463E-15,1.,1.25254902308212E-15));
#8410=DIRECTION('ref_axis',(-0.86602540378444,-2.57143344517873E-15,0.499999999999998));
#8411=DIRECTION('center_axis',(-2.24607606790463E-15,1.,1.25254902308212E-15));
#8412=DIRECTION('ref_axis',(-0.86602540378444,-2.57143344517873E-15,0.499999999999998));
#8413=DIRECTION('center_axis',(-8.40318687709204E-16,1.,1.96240804653874E-15));
#8414=DIRECTION('ref_axis',(-0.86602540378444,-2.57143344517873E-15,0.499999999999998));
#8415=DIRECTION('',(-2.24607606790463E-15,1.,1.25254902308212E-15));
#8416=DIRECTION('center_axis',(-2.24607606790463E-15,1.,1.25254902308212E-15));
#8417=DIRECTION('ref_axis',(-0.86602540378444,-2.57143344517873E-15,0.499999999999998));
#8418=DIRECTION('center_axis',(-2.24607606790463E-15,1.,1.25254902308212E-15));
#8419=DIRECTION('ref_axis',(-0.86602540378444,-2.57143344517873E-15,0.499999999999998));
#8420=DIRECTION('center_axis',(-8.40318687709204E-16,1.,1.96240804653874E-15));
#8421=DIRECTION('ref_axis',(-0.86602540378444,-2.57143344517873E-15,0.499999999999998));
#8422=DIRECTION('',(-2.24607606790463E-15,1.,1.25254902308212E-15));
#8423=DIRECTION('center_axis',(-2.24607606790463E-15,1.,1.25254902308212E-15));
#8424=DIRECTION('ref_axis',(-0.86602540378444,-2.57143344517873E-15,0.499999999999998));
#8425=DIRECTION('center_axis',(-2.24607606790463E-15,1.,1.25254902308212E-15));
#8426=DIRECTION('ref_axis',(-0.86602540378444,-2.57143344517873E-15,0.499999999999998));
#8427=DIRECTION('center_axis',(-8.40318687709204E-16,1.,1.96240804653874E-15));
#8428=DIRECTION('ref_axis',(-0.86602540378444,-2.57143344517873E-15,0.499999999999998));
#8429=DIRECTION('',(-2.24607606790463E-15,1.,1.25254902308212E-15));
#8430=DIRECTION('center_axis',(-2.24607606790463E-15,1.,1.25254902308212E-15));
#8431=DIRECTION('ref_axis',(-0.86602540378444,-2.57143344517873E-15,0.499999999999998));
#8432=DIRECTION('center_axis',(-2.24607606790463E-15,1.,1.25254902308212E-15));
#8433=DIRECTION('ref_axis',(-0.86602540378444,-2.57143344517873E-15,0.499999999999998));
#8434=DIRECTION('center_axis',(-8.40318687709204E-16,1.,1.96240804653874E-15));
#8435=DIRECTION('ref_axis',(-0.86602540378444,-2.57143344517873E-15,0.499999999999998));
#8436=DIRECTION('',(-2.24607606790463E-15,1.,1.25254902308212E-15));
#8437=DIRECTION('center_axis',(-2.24607606790463E-15,1.,1.25254902308212E-15));
#8438=DIRECTION('ref_axis',(-0.86602540378444,-2.57143344517873E-15,0.499999999999998));
#8439=DIRECTION('center_axis',(-2.24607606790463E-15,1.,1.25254902308212E-15));
#8440=DIRECTION('ref_axis',(-0.86602540378444,-2.57143344517873E-15,0.499999999999998));
#8441=DIRECTION('center_axis',(-8.40318687709204E-16,1.,1.96240804653874E-15));
#8442=DIRECTION('ref_axis',(-0.86602540378444,-2.57143344517873E-15,0.499999999999998));
#8443=DIRECTION('',(-2.24607606790463E-15,1.,1.25254902308212E-15));
#8444=DIRECTION('center_axis',(-2.24607606790463E-15,1.,1.25254902308212E-15));
#8445=DIRECTION('ref_axis',(-0.86602540378444,-2.57143344517873E-15,0.499999999999998));
#8446=DIRECTION('center_axis',(-2.24607606790463E-15,1.,1.25254902308212E-15));
#8447=DIRECTION('ref_axis',(-0.86602540378444,-2.57143344517873E-15,0.499999999999998));
#8448=DIRECTION('center_axis',(-8.40318687709204E-16,1.,1.96240804653874E-15));
#8449=DIRECTION('ref_axis',(-0.86602540378444,-2.57143344517873E-15,0.499999999999998));
#8450=DIRECTION('',(-2.24607606790463E-15,1.,1.25254902308212E-15));
#8451=DIRECTION('center_axis',(-2.24607606790463E-15,1.,1.25254902308212E-15));
#8452=DIRECTION('ref_axis',(-0.86602540378444,-2.57143344517873E-15,0.499999999999998));
#8453=DIRECTION('center_axis',(-2.24607606790463E-15,1.,1.25254902308212E-15));
#8454=DIRECTION('ref_axis',(-0.86602540378444,-2.57143344517873E-15,0.499999999999998));
#8455=DIRECTION('center_axis',(-8.40318687709204E-16,1.,1.96240804653874E-15));
#8456=DIRECTION('ref_axis',(-0.86602540378444,-2.57143344517873E-15,0.499999999999998));
#8457=DIRECTION('',(-2.24607606790463E-15,1.,1.25254902308212E-15));
#8458=DIRECTION('center_axis',(-2.24607606790463E-15,1.,1.25254902308212E-15));
#8459=DIRECTION('ref_axis',(-0.86602540378444,-2.57143344517873E-15,0.499999999999998));
#8460=DIRECTION('center_axis',(-2.24607606790463E-15,1.,1.25254902308212E-15));
#8461=DIRECTION('ref_axis',(-0.86602540378444,-2.57143344517873E-15,0.499999999999998));
#8462=DIRECTION('center_axis',(-8.40318687709204E-16,1.,1.96240804653874E-15));
#8463=DIRECTION('ref_axis',(-0.86602540378444,-2.57143344517873E-15,0.499999999999998));
#8464=DIRECTION('',(-2.24607606790463E-15,1.,1.25254902308212E-15));
#8465=DIRECTION('center_axis',(-2.24607606790463E-15,1.,1.25254902308212E-15));
#8466=DIRECTION('ref_axis',(-0.86602540378444,-2.57143344517873E-15,0.499999999999998));
#8467=DIRECTION('center_axis',(-2.24607606790463E-15,1.,1.25254902308212E-15));
#8468=DIRECTION('ref_axis',(-0.86602540378444,-2.57143344517873E-15,0.499999999999998));
#8469=DIRECTION('center_axis',(-8.40318687709204E-16,1.,1.96240804653874E-15));
#8470=DIRECTION('ref_axis',(-0.86602540378444,-2.57143344517873E-15,0.499999999999998));
#8471=DIRECTION('',(-2.24607606790463E-15,1.,1.25254902308212E-15));
#8472=DIRECTION('center_axis',(-2.24607606790463E-15,1.,1.25254902308212E-15));
#8473=DIRECTION('ref_axis',(-0.86602540378444,-2.57143344517873E-15,0.499999999999998));
#8474=DIRECTION('center_axis',(-2.24607606790463E-15,1.,1.25254902308212E-15));
#8475=DIRECTION('ref_axis',(-0.86602540378444,-2.57143344517873E-15,0.499999999999998));
#8476=DIRECTION('center_axis',(-8.40318687709204E-16,1.,1.96240804653874E-15));
#8477=DIRECTION('ref_axis',(-0.86602540378444,-2.57143344517873E-15,0.499999999999998));
#8478=DIRECTION('',(-2.24607606790463E-15,1.,1.25254902308212E-15));
#8479=DIRECTION('center_axis',(-2.24607606790463E-15,1.,1.25254902308212E-15));
#8480=DIRECTION('ref_axis',(-0.86602540378444,-2.57143344517873E-15,0.499999999999998));
#8481=DIRECTION('center_axis',(2.24607606790463E-15,-1.,-1.25254902308212E-15));
#8482=DIRECTION('ref_axis',(0.86602540378444,2.57143344517873E-15,-0.499999999999998));
#8483=DIRECTION('',(-2.24607606790463E-15,1.,1.25254902308212E-15));
#8484=DIRECTION('center_axis',(-2.24607606790463E-15,1.,1.25254902308212E-15));
#8485=DIRECTION('ref_axis',(-0.86602540378444,-2.57143344517873E-15,0.499999999999998));
#8486=DIRECTION('center_axis',(-2.24607606790463E-15,1.,1.25254902308212E-15));
#8487=DIRECTION('ref_axis',(-0.86602540378444,-2.57143344517873E-15,0.499999999999998));
#8488=DIRECTION('center_axis',(-8.40318687709204E-16,1.,1.96240804653874E-15));
#8489=DIRECTION('ref_axis',(0.866025403784437,-2.53466692438403E-16,0.500000000000002));
#8490=DIRECTION('center_axis',(-8.40318687709204E-16,1.,1.96240804653874E-15));
#8491=DIRECTION('ref_axis',(0.866025403784438,-2.53466692438403E-16,0.500000000000002));
#8492=DIRECTION('center_axis',(-8.40318687709204E-16,1.,1.96240804653874E-15));
#8493=DIRECTION('ref_axis',(0.866025403784437,-2.53466692438403E-16,0.500000000000002));
#8494=DIRECTION('center_axis',(-8.40318687709204E-16,1.,1.96240804653874E-15));
#8495=DIRECTION('ref_axis',(0.866025403784438,-2.53466692438403E-16,0.500000000000002));
#8496=DIRECTION('center_axis',(-8.40318687709204E-16,1.,1.96240804653874E-15));
#8497=DIRECTION('ref_axis',(0.866025403784437,-2.53466692438403E-16,0.500000000000002));
#8498=DIRECTION('center_axis',(-8.40318687709204E-16,1.,1.96240804653874E-15));
#8499=DIRECTION('ref_axis',(0.866025403784438,-2.53466692438403E-16,0.500000000000002));
#8500=DIRECTION('center_axis',(-8.40318687709204E-16,1.,1.96240804653874E-15));
#8501=DIRECTION('ref_axis',(0.866025403784437,-2.53466692438403E-16,0.500000000000002));
#8502=DIRECTION('center_axis',(-8.40318687709204E-16,1.,1.96240804653874E-15));
#8503=DIRECTION('ref_axis',(0.866025403784438,-2.53466692438403E-16,0.500000000000002));
#8504=DIRECTION('center_axis',(-8.40318687709204E-16,1.,1.96240804653874E-15));
#8505=DIRECTION('ref_axis',(0.866025403784437,-2.53466692438403E-16,0.500000000000002));
#8506=DIRECTION('center_axis',(-8.40318687709204E-16,1.,1.96240804653874E-15));
#8507=DIRECTION('ref_axis',(0.866025403784438,-2.53466692438403E-16,0.500000000000002));
#8508=DIRECTION('center_axis',(-8.40318687709204E-16,1.,1.96240804653874E-15));
#8509=DIRECTION('ref_axis',(0.866025403784437,-2.53466692438403E-16,0.500000000000002));
#8510=DIRECTION('center_axis',(-8.40318687709204E-16,1.,1.96240804653874E-15));
#8511=DIRECTION('ref_axis',(0.866025403784438,-2.53466692438403E-16,0.500000000000002));
#8512=DIRECTION('center_axis',(-8.40318687709204E-16,1.,1.96240804653874E-15));
#8513=DIRECTION('ref_axis',(0.866025403784437,-2.53466692438403E-16,0.500000000000002));
#8514=DIRECTION('center_axis',(-8.40318687709204E-16,1.,1.96240804653874E-15));
#8515=DIRECTION('ref_axis',(0.866025403784437,-2.53466692438403E-16,0.500000000000002));
#8516=DIRECTION('center_axis',(-8.40318687709204E-16,1.,1.96240804653874E-15));
#8517=DIRECTION('ref_axis',(0.866025403784437,-2.53466692438403E-16,0.500000000000002));
#8518=DIRECTION('center_axis',(-8.40318687709204E-16,1.,1.96240804653874E-15));
#8519=DIRECTION('ref_axis',(0.866025403784437,-2.53466692438403E-16,0.500000000000002));
#8520=DIRECTION('center_axis',(-8.40318687709204E-16,1.,1.96240804653874E-15));
#8521=DIRECTION('ref_axis',(0.866025403784437,-2.53466692438403E-16,0.500000000000002));
#8522=DIRECTION('center_axis',(6.47161247784784E-16,-1.,-4.66088647883318E-16));
#8523=DIRECTION('ref_axis',(0.875899641461412,7.91732970913387E-16,-0.482493334759943));
#8524=DIRECTION('center_axis',(6.47161247784784E-16,-1.,-4.66088647883318E-16));
#8525=DIRECTION('ref_axis',(0.875899641461412,7.91732970913387E-16,-0.482493334759943));
#8526=DIRECTION('center_axis',(-3.21606798866776E-16,1.,1.70795889733722E-15));
#8527=DIRECTION('ref_axis',(-0.0200983356719238,-1.71407766478913E-15,0.999798008051236));
#8528=DIRECTION('center_axis',(6.47161247784784E-16,-1.,-4.66088647883318E-16));
#8529=DIRECTION('ref_axis',(0.875899641461412,7.91732970913387E-16,-0.482493334759943));
#8530=DIRECTION('center_axis',(6.47161247784784E-16,-1.,-4.66088647883318E-16));
#8531=DIRECTION('ref_axis',(0.875899641461412,7.91732970913387E-16,-0.482493334759943));
#8532=DIRECTION('',(6.47161247784784E-16,-1.,-4.66088647883318E-16));
#8533=DIRECTION('center_axis',(-3.21606798866776E-16,1.,1.70795889733722E-15));
#8534=DIRECTION('ref_axis',(0.875899641461412,7.91732970913387E-16,-0.482493334759943));
#8535=DIRECTION('center_axis',(6.47161247784784E-16,-1.,-4.66088647883318E-16));
#8536=DIRECTION('ref_axis',(0.875899641461412,7.91732970913387E-16,-0.482493334759943));
#8537=DIRECTION('center_axis',(6.47161247784784E-16,-1.,-4.66088647883318E-16));
#8538=DIRECTION('ref_axis',(0.875899641461412,7.91732970913387E-16,-0.482493334759943));
#8539=DIRECTION('',(6.47161247784784E-16,-1.,-4.66088647883318E-16));
#8540=DIRECTION('center_axis',(-3.21606798866776E-16,1.,1.70795889733722E-15));
#8541=DIRECTION('ref_axis',(0.875899641461412,7.91732970913387E-16,-0.482493334759943));
#8542=DIRECTION('center_axis',(6.47161247784784E-16,-1.,-4.66088647883318E-16));
#8543=DIRECTION('ref_axis',(0.875899641461412,7.91732970913387E-16,-0.482493334759943));
#8544=DIRECTION('center_axis',(6.47161247784784E-16,-1.,-4.66088647883318E-16));
#8545=DIRECTION('ref_axis',(0.875899641461412,7.91732970913387E-16,-0.482493334759943));
#8546=DIRECTION('',(6.47161247784784E-16,-1.,-4.66088647883318E-16));
#8547=DIRECTION('center_axis',(-3.21606798866776E-16,1.,1.70795889733722E-15));
#8548=DIRECTION('ref_axis',(0.875899641461412,7.91732970913387E-16,-0.482493334759943));
#8549=DIRECTION('center_axis',(6.47161247784784E-16,-1.,-4.66088647883318E-16));
#8550=DIRECTION('ref_axis',(0.875899641461412,7.91732970913387E-16,-0.482493334759943));
#8551=DIRECTION('center_axis',(6.47161247784784E-16,-1.,-4.66088647883318E-16));
#8552=DIRECTION('ref_axis',(0.875899641461412,7.91732970913387E-16,-0.482493334759943));
#8553=DIRECTION('',(6.47161247784784E-16,-1.,-4.66088647883318E-16));
#8554=DIRECTION('center_axis',(-3.21606798866776E-16,1.,1.70795889733722E-15));
#8555=DIRECTION('ref_axis',(0.875899641461412,7.91732970913387E-16,-0.482493334759943));
#8556=DIRECTION('center_axis',(6.47161247784784E-16,-1.,-4.66088647883318E-16));
#8557=DIRECTION('ref_axis',(0.875899641461412,7.91732970913387E-16,-0.482493334759943));
#8558=DIRECTION('center_axis',(6.47161247784784E-16,-1.,-4.66088647883318E-16));
#8559=DIRECTION('ref_axis',(0.875899641461412,7.91732970913387E-16,-0.482493334759943));
#8560=DIRECTION('',(6.47161247784784E-16,-1.,-4.66088647883318E-16));
#8561=DIRECTION('center_axis',(-3.21606798866776E-16,1.,1.70795889733722E-15));
#8562=DIRECTION('ref_axis',(0.875899641461412,7.91732970913387E-16,-0.482493334759943));
#8563=DIRECTION('center_axis',(6.47161247784784E-16,-1.,-4.66088647883318E-16));
#8564=DIRECTION('ref_axis',(0.875899641461412,7.91732970913387E-16,-0.482493334759943));
#8565=DIRECTION('center_axis',(6.47161247784784E-16,-1.,-4.66088647883318E-16));
#8566=DIRECTION('ref_axis',(0.875899641461412,7.91732970913387E-16,-0.482493334759943));
#8567=DIRECTION('',(6.47161247784784E-16,-1.,-4.66088647883318E-16));
#8568=DIRECTION('center_axis',(-3.21606798866776E-16,1.,1.70795889733722E-15));
#8569=DIRECTION('ref_axis',(0.875899641461412,7.91732970913387E-16,-0.482493334759943));
#8570=DIRECTION('center_axis',(6.47161247784784E-16,-1.,-4.66088647883318E-16));
#8571=DIRECTION('ref_axis',(0.875899641461412,7.91732970913387E-16,-0.482493334759943));
#8572=DIRECTION('center_axis',(6.47161247784784E-16,-1.,-4.66088647883318E-16));
#8573=DIRECTION('ref_axis',(0.875899641461412,7.91732970913387E-16,-0.482493334759943));
#8574=DIRECTION('',(6.47161247784784E-16,-1.,-4.66088647883318E-16));
#8575=DIRECTION('center_axis',(-3.21606798866776E-16,1.,1.70795889733722E-15));
#8576=DIRECTION('ref_axis',(0.875899641461412,7.91732970913387E-16,-0.482493334759943));
#8577=DIRECTION('center_axis',(6.47161247784784E-16,-1.,-4.66088647883318E-16));
#8578=DIRECTION('ref_axis',(0.875899641461412,7.91732970913387E-16,-0.482493334759943));
#8579=DIRECTION('center_axis',(6.47161247784784E-16,-1.,-4.66088647883318E-16));
#8580=DIRECTION('ref_axis',(0.875899641461412,7.91732970913387E-16,-0.482493334759943));
#8581=DIRECTION('',(6.47161247784784E-16,-1.,-4.66088647883318E-16));
#8582=DIRECTION('center_axis',(-3.21606798866776E-16,1.,1.70795889733722E-15));
#8583=DIRECTION('ref_axis',(0.875899641461412,7.91732970913387E-16,-0.482493334759943));
#8584=DIRECTION('center_axis',(6.47161247784784E-16,-1.,-4.66088647883318E-16));
#8585=DIRECTION('ref_axis',(0.875899641461412,7.91732970913387E-16,-0.482493334759943));
#8586=DIRECTION('center_axis',(6.47161247784784E-16,-1.,-4.66088647883318E-16));
#8587=DIRECTION('ref_axis',(0.875899641461412,7.91732970913387E-16,-0.482493334759943));
#8588=DIRECTION('',(6.47161247784784E-16,-1.,-4.66088647883318E-16));
#8589=DIRECTION('center_axis',(-3.21606798866776E-16,1.,1.70795889733722E-15));
#8590=DIRECTION('ref_axis',(0.875899641461412,7.91732970913387E-16,-0.482493334759943));
#8591=DIRECTION('center_axis',(6.47161247784784E-16,-1.,-4.66088647883318E-16));
#8592=DIRECTION('ref_axis',(0.875899641461412,7.91732970913387E-16,-0.482493334759943));
#8593=DIRECTION('center_axis',(6.47161247784784E-16,-1.,-4.66088647883318E-16));
#8594=DIRECTION('ref_axis',(0.875899641461412,7.91732970913387E-16,-0.482493334759943));
#8595=DIRECTION('',(6.47161247784784E-16,-1.,-4.66088647883318E-16));
#8596=DIRECTION('center_axis',(-3.21606798866776E-16,1.,1.70795889733722E-15));
#8597=DIRECTION('ref_axis',(0.875899641461412,7.91732970913387E-16,-0.482493334759943));
#8598=DIRECTION('center_axis',(6.47161247784784E-16,-1.,-4.66088647883318E-16));
#8599=DIRECTION('ref_axis',(0.875899641461412,7.91732970913387E-16,-0.482493334759943));
#8600=DIRECTION('center_axis',(6.47161247784784E-16,-1.,-4.66088647883318E-16));
#8601=DIRECTION('ref_axis',(0.875899641461412,7.91732970913387E-16,-0.482493334759943));
#8602=DIRECTION('',(6.47161247784784E-16,-1.,-4.66088647883318E-16));
#8603=DIRECTION('center_axis',(-3.21606798866776E-16,1.,1.70795889733722E-15));
#8604=DIRECTION('ref_axis',(0.875899641461412,7.91732970913387E-16,-0.482493334759943));
#8605=DIRECTION('center_axis',(6.47161247784784E-16,-1.,-4.66088647883318E-16));
#8606=DIRECTION('ref_axis',(0.875899641461412,7.91732970913387E-16,-0.482493334759943));
#8607=DIRECTION('center_axis',(6.47161247784784E-16,-1.,-4.66088647883318E-16));
#8608=DIRECTION('ref_axis',(0.875899641461412,7.91732970913387E-16,-0.482493334759943));
#8609=DIRECTION('',(6.47161247784784E-16,-1.,-4.66088647883318E-16));
#8610=DIRECTION('center_axis',(-3.21606798866776E-16,1.,1.70795889733722E-15));
#8611=DIRECTION('ref_axis',(0.875899641461412,7.91732970913387E-16,-0.482493334759943));
#8612=DIRECTION('center_axis',(-6.47161247784784E-16,1.,4.66088647883318E-16));
#8613=DIRECTION('ref_axis',(-0.875899641461412,-7.91732970913387E-16,0.482493334759943));
#8614=DIRECTION('center_axis',(6.47161247784784E-16,-1.,-4.66088647883318E-16));
#8615=DIRECTION('ref_axis',(0.875899641461412,7.91732970913387E-16,-0.482493334759943));
#8616=DIRECTION('',(6.47161247784784E-16,-1.,-4.66088647883318E-16));
#8617=DIRECTION('center_axis',(6.47161247784784E-16,-1.,-4.66088647883318E-16));
#8618=DIRECTION('ref_axis',(0.875899641461412,7.91732970913387E-16,-0.482493334759943));
#8619=DIRECTION('center_axis',(-3.21606798866776E-16,1.,1.70795889733722E-15));
#8620=DIRECTION('ref_axis',(-0.0200983356719238,-1.71407766478913E-15,0.999798008051236));
#8621=DIRECTION('center_axis',(-3.21606798866776E-16,1.,1.70795889733722E-15));
#8622=DIRECTION('ref_axis',(-0.0200983356719238,-1.71407766478913E-15,0.999798008051236));
#8623=DIRECTION('center_axis',(-3.21606798866776E-16,1.,1.70795889733722E-15));
#8624=DIRECTION('ref_axis',(-0.0200983356719238,-1.71407766478913E-15,0.999798008051236));
#8625=DIRECTION('center_axis',(-3.21606798866776E-16,1.,1.70795889733722E-15));
#8626=DIRECTION('ref_axis',(-0.0200983356719238,-1.71407766478913E-15,0.999798008051236));
#8627=DIRECTION('center_axis',(-3.21606798866776E-16,1.,1.70795889733722E-15));
#8628=DIRECTION('ref_axis',(-0.0200983356719238,-1.71407766478913E-15,0.999798008051236));
#8629=DIRECTION('center_axis',(-3.21606798866776E-16,1.,1.70795889733722E-15));
#8630=DIRECTION('ref_axis',(-0.0200983356719238,-1.71407766478913E-15,0.999798008051236));
#8631=DIRECTION('center_axis',(-3.21606798866776E-16,1.,1.70795889733722E-15));
#8632=DIRECTION('ref_axis',(-0.0200983356719238,-1.71407766478913E-15,0.999798008051236));
#8633=DIRECTION('center_axis',(-3.21606798866776E-16,1.,1.70795889733722E-15));
#8634=DIRECTION('ref_axis',(-0.0200983356719238,-1.71407766478913E-15,0.999798008051236));
#8635=DIRECTION('center_axis',(-3.21606798866776E-16,1.,1.70795889733722E-15));
#8636=DIRECTION('ref_axis',(-0.0200983356719238,-1.71407766478913E-15,0.999798008051236));
#8637=DIRECTION('center_axis',(-3.21606798866776E-16,1.,1.70795889733722E-15));
#8638=DIRECTION('ref_axis',(-0.0200983356719238,-1.71407766478913E-15,0.999798008051236));
#8639=DIRECTION('center_axis',(-3.21606798866776E-16,1.,1.70795889733722E-15));
#8640=DIRECTION('ref_axis',(-0.0200983356719238,-1.71407766478913E-15,0.999798008051236));
#8641=DIRECTION('center_axis',(-3.21606798866776E-16,1.,1.70795889733722E-15));
#8642=DIRECTION('ref_axis',(-0.0200983356719238,-1.71407766478913E-15,0.999798008051236));
#8643=DIRECTION('center_axis',(-3.21606798866776E-16,1.,1.70795889733722E-15));
#8644=DIRECTION('ref_axis',(-0.0200983356719238,-1.71407766478913E-15,0.999798008051236));
#8645=DIRECTION('center_axis',(-3.21606798866776E-16,1.,1.70795889733722E-15));
#8646=DIRECTION('ref_axis',(-0.0200983356719238,-1.71407766478913E-15,0.999798008051236));
#8647=DIRECTION('center_axis',(-3.21606798866776E-16,1.,1.70795889733722E-15));
#8648=DIRECTION('ref_axis',(-0.0200983356719238,-1.71407766478913E-15,0.999798008051236));
#8649=DIRECTION('center_axis',(-3.21606798866776E-16,1.,1.70795889733722E-15));
#8650=DIRECTION('ref_axis',(-0.0200983356719238,-1.71407766478913E-15,0.999798008051236));
#8651=DIRECTION('center_axis',(-3.21606798866776E-16,1.,1.70795889733722E-15));
#8652=DIRECTION('ref_axis',(-0.0200983356719238,-1.71407766478913E-15,0.999798008051236));
#8653=DIRECTION('center_axis',(-1.03858421890792E-15,1.,1.24553145575134E-15));
#8654=DIRECTION('ref_axis',(3.19144466954143E-16,1.24553145575134E-15,-1.));
#8655=DIRECTION('',(3.19144466954143E-16,1.24553145575134E-15,-1.));
#8656=DIRECTION('center_axis',(-1.03858421890792E-15,1.,1.24553145575134E-15));
#8657=DIRECTION('ref_axis',(3.19144466954143E-16,1.24553145575134E-15,-1.));
#8658=DIRECTION('',(-4.7191052643752E-16,1.24553145575134E-15,-1.));
#8659=DIRECTION('',(-1.,-1.03858421890792E-15,-3.19144466954144E-16));
#8660=DIRECTION('',(7.6383029741689E-17,-1.24553145575134E-15,1.));
#8661=DIRECTION('center_axis',(-1.03858421890792E-15,1.,1.24553145575134E-15));
#8662=DIRECTION('ref_axis',(3.19144466954143E-16,1.24553145575134E-15,-1.));
#8663=DIRECTION('',(3.19144466954143E-16,1.24553145575134E-15,-1.));
#8664=DIRECTION('center_axis',(-1.03858421890792E-15,1.,1.24553145575134E-15));
#8665=DIRECTION('ref_axis',(3.19144466954143E-16,1.24553145575134E-15,-1.));
#8666=DIRECTION('center_axis',(-3.21606798866776E-16,1.,1.70795889733722E-15));
#8667=DIRECTION('ref_axis',(-0.0200983356719238,-1.71407766478913E-15,0.999798008051236));
#8668=DIRECTION('center_axis',(-1.,-1.03858421890792E-15,-3.19144466954144E-16));
#8669=DIRECTION('ref_axis',(-3.19144466954143E-16,-1.24553145575134E-15,
1.));
#8670=DIRECTION('',(3.19144466954143E-16,1.24553145575134E-15,-1.));
#8671=DIRECTION('',(1.03858421890792E-15,-1.,-1.24553145575134E-15));
#8672=DIRECTION('',(1.03858421890792E-15,-1.,-1.24553145575134E-15));
#8673=DIRECTION('center_axis',(1.03858421890792E-15,-1.,-1.24553145575134E-15));
#8674=DIRECTION('ref_axis',(-3.19144466954143E-16,-1.24553145575134E-15,
1.));
#8675=DIRECTION('center_axis',(-1.03858421890792E-15,1.,1.24553145575134E-15));
#8676=DIRECTION('ref_axis',(3.19144466954143E-16,1.24553145575134E-15,-1.));
#8677=DIRECTION('',(1.03858421890792E-15,-1.,-1.24553145575134E-15));
#8678=DIRECTION('center_axis',(-1.,-1.03858421890792E-15,4.71910526437519E-16));
#8679=DIRECTION('ref_axis',(4.7191052643752E-16,-1.24553145575134E-15,1.));
#8680=DIRECTION('',(-4.7191052643752E-16,1.24553145575134E-15,-1.));
#8681=DIRECTION('',(1.03858421890792E-15,-1.,-1.24553145575134E-15));
#8682=DIRECTION('center_axis',(-3.19144466954143E-16,-1.24553145575134E-15,
1.));
#8683=DIRECTION('ref_axis',(1.,1.03858421890792E-15,3.19144466954144E-16));
#8684=DIRECTION('',(-1.,-1.03858421890792E-15,-3.19144466954144E-16));
#8685=DIRECTION('',(1.03858421890792E-15,-1.,-1.24553145575134E-15));
#8686=DIRECTION('center_axis',(1.,1.03858421890792E-15,-7.63830297416878E-17));
#8687=DIRECTION('ref_axis',(-7.6383029741689E-17,1.24553145575134E-15,-1.));
#8688=DIRECTION('',(7.6383029741689E-17,-1.24553145575134E-15,1.));
#8689=DIRECTION('',(1.03858421890792E-15,-1.,-1.24553145575134E-15));
#8690=DIRECTION('center_axis',(1.03858421890792E-15,-1.,-1.24553145575134E-15));
#8691=DIRECTION('ref_axis',(-3.19144466954143E-16,-1.24553145575134E-15,
1.));
#8692=DIRECTION('center_axis',(-1.03858421890792E-15,1.,1.24553145575134E-15));
#8693=DIRECTION('ref_axis',(3.19144466954143E-16,1.24553145575134E-15,-1.));
#8694=DIRECTION('',(1.03858421890792E-15,-1.,-1.24553145575134E-15));
#8695=DIRECTION('center_axis',(-1.,-1.03858421890792E-15,-3.19144466954144E-16));
#8696=DIRECTION('ref_axis',(-3.19144466954143E-16,-1.24553145575134E-15,
1.));
#8697=DIRECTION('',(3.19144466954143E-16,1.24553145575134E-15,-1.));
#8698=DIRECTION('',(1.03858421890792E-15,-1.,-1.24553145575134E-15));
#8699=DIRECTION('center_axis',(1.03858421890792E-15,-1.,-1.24553145575134E-15));
#8700=DIRECTION('ref_axis',(6.4076899688947E-16,1.24553145575134E-15,-1.));
#8701=DIRECTION('center_axis',(-1.03858421890792E-15,1.,1.24553145575134E-15));
#8702=DIRECTION('ref_axis',(3.19144466954143E-16,1.24553145575134E-15,-1.));
#8703=DIRECTION('center_axis',(-1.03858421890792E-15,1.,1.24553145575134E-15));
#8704=DIRECTION('ref_axis',(3.19144466954143E-16,1.24553145575134E-15,-1.));
#8705=DIRECTION('center_axis',(-1.03858421890792E-15,1.,1.24553145575134E-15));
#8706=DIRECTION('ref_axis',(3.19144466954143E-16,1.24553145575134E-15,-1.));
#8707=DIRECTION('',(3.19144466954143E-16,1.24553145575134E-15,-1.));
#8708=DIRECTION('center_axis',(-1.03858421890792E-15,1.,1.24553145575134E-15));
#8709=DIRECTION('ref_axis',(3.19144466954143E-16,1.24553145575134E-15,-1.));
#8710=DIRECTION('',(-4.7191052643752E-16,1.24553145575134E-15,-1.));
#8711=DIRECTION('',(-1.,-1.03858421890792E-15,-3.19144466954144E-16));
#8712=DIRECTION('',(7.6383029741689E-17,-1.24553145575134E-15,1.));
#8713=DIRECTION('center_axis',(-1.03858421890792E-15,1.,1.24553145575134E-15));
#8714=DIRECTION('ref_axis',(3.19144466954143E-16,1.24553145575134E-15,-1.));
#8715=DIRECTION('',(3.19144466954143E-16,1.24553145575134E-15,-1.));
#8716=DIRECTION('center_axis',(-1.03858421890792E-15,1.,1.24553145575134E-15));
#8717=DIRECTION('ref_axis',(3.19144466954143E-16,1.24553145575134E-15,-1.));
#8718=DIRECTION('center_axis',(-8.40318687709204E-16,1.,1.96240804653874E-15));
#8719=DIRECTION('ref_axis',(0.866025403784437,-2.53466692438403E-16,0.500000000000002));
#8720=DIRECTION('center_axis',(-1.,-1.03858421890792E-15,-3.19144466954144E-16));
#8721=DIRECTION('ref_axis',(-3.19144466954143E-16,-1.24553145575134E-15,
1.));
#8722=DIRECTION('',(3.19144466954143E-16,1.24553145575134E-15,-1.));
#8723=DIRECTION('',(1.03858421890792E-15,-1.,-1.24553145575134E-15));
#8724=DIRECTION('',(1.03858421890792E-15,-1.,-1.24553145575134E-15));
#8725=DIRECTION('center_axis',(1.03858421890792E-15,-1.,-1.24553145575134E-15));
#8726=DIRECTION('ref_axis',(-3.19144466954143E-16,-1.24553145575134E-15,
1.));
#8727=DIRECTION('center_axis',(-1.03858421890792E-15,1.,1.24553145575134E-15));
#8728=DIRECTION('ref_axis',(3.19144466954143E-16,1.24553145575134E-15,-1.));
#8729=DIRECTION('',(1.03858421890792E-15,-1.,-1.24553145575134E-15));
#8730=DIRECTION('center_axis',(-1.,-1.03858421890792E-15,4.71910526437519E-16));
#8731=DIRECTION('ref_axis',(4.7191052643752E-16,-1.24553145575134E-15,1.));
#8732=DIRECTION('',(-4.7191052643752E-16,1.24553145575134E-15,-1.));
#8733=DIRECTION('',(1.03858421890792E-15,-1.,-1.24553145575134E-15));
#8734=DIRECTION('center_axis',(-3.19144466954143E-16,-1.24553145575134E-15,
1.));
#8735=DIRECTION('ref_axis',(1.,1.03858421890792E-15,3.19144466954144E-16));
#8736=DIRECTION('',(-1.,-1.03858421890792E-15,-3.19144466954144E-16));
#8737=DIRECTION('',(1.03858421890792E-15,-1.,-1.24553145575134E-15));
#8738=DIRECTION('center_axis',(1.,1.03858421890792E-15,-7.63830297416878E-17));
#8739=DIRECTION('ref_axis',(-7.6383029741689E-17,1.24553145575134E-15,-1.));
#8740=DIRECTION('',(7.6383029741689E-17,-1.24553145575134E-15,1.));
#8741=DIRECTION('',(1.03858421890792E-15,-1.,-1.24553145575134E-15));
#8742=DIRECTION('center_axis',(1.03858421890792E-15,-1.,-1.24553145575134E-15));
#8743=DIRECTION('ref_axis',(-3.19144466954143E-16,-1.24553145575134E-15,
1.));
#8744=DIRECTION('center_axis',(-1.03858421890792E-15,1.,1.24553145575134E-15));
#8745=DIRECTION('ref_axis',(3.19144466954143E-16,1.24553145575134E-15,-1.));
#8746=DIRECTION('',(1.03858421890792E-15,-1.,-1.24553145575134E-15));
#8747=DIRECTION('center_axis',(-1.,-1.03858421890792E-15,-3.19144466954144E-16));
#8748=DIRECTION('ref_axis',(-3.19144466954143E-16,-1.24553145575134E-15,
1.));
#8749=DIRECTION('',(3.19144466954143E-16,1.24553145575134E-15,-1.));
#8750=DIRECTION('',(1.03858421890792E-15,-1.,-1.24553145575134E-15));
#8751=DIRECTION('center_axis',(1.03858421890792E-15,-1.,-1.24553145575134E-15));
#8752=DIRECTION('ref_axis',(6.4076899688947E-16,1.24553145575134E-15,-1.));
#8753=DIRECTION('center_axis',(-1.03858421890792E-15,1.,1.24553145575134E-15));
#8754=DIRECTION('ref_axis',(3.19144466954143E-16,1.24553145575134E-15,-1.));
#8755=DIRECTION('center_axis',(-1.03858421890792E-15,1.,1.24553145575134E-15));
#8756=DIRECTION('ref_axis',(3.19144466954143E-16,1.24553145575134E-15,-1.));
#8757=DIRECTION('center_axis',(-3.21606798866776E-16,1.,1.70795889733722E-15));
#8758=DIRECTION('ref_axis',(-0.0200983356719238,-1.71407766478913E-15,0.999798008051236));
#8759=DIRECTION('center_axis',(-1.03858443530263E-15,1.,1.41206490944512E-15));
#8760=DIRECTION('ref_axis',(1.,1.03858443530263E-15,-2.9390583444529E-16));
#8761=DIRECTION('center_axis',(-3.21606798866776E-16,1.,1.70795889733722E-15));
#8762=DIRECTION('ref_axis',(-0.0200983356719238,-1.71407766478913E-15,0.999798008051236));
#8763=DIRECTION('center_axis',(1.03858443530263E-15,-1.,-1.41206490944512E-15));
#8764=DIRECTION('ref_axis',(1.,1.03858443530263E-15,-2.9390583444529E-16));
#8765=DIRECTION('center_axis',(-3.21606798866776E-16,1.,1.70795889733722E-15));
#8766=DIRECTION('ref_axis',(-0.0200983356719238,-1.71407766478913E-15,0.999798008051236));
#8767=DIRECTION('center_axis',(-3.21606798866776E-16,1.,1.70795889733722E-15));
#8768=DIRECTION('ref_axis',(-0.0200983356719238,-1.71407766478913E-15,0.999798008051236));
#8769=DIRECTION('center_axis',(-3.21606798866776E-16,1.,1.70795889733722E-15));
#8770=DIRECTION('ref_axis',(-0.0200983356719238,-1.71407766478913E-15,0.999798008051236));
#8771=DIRECTION('center_axis',(-3.21606798866776E-16,1.,1.70795889733722E-15));
#8772=DIRECTION('ref_axis',(-0.0200983356719238,-1.71407766478913E-15,0.999798008051236));
#8773=DIRECTION('center_axis',(-3.21606798866776E-16,1.,1.70795889733722E-15));
#8774=DIRECTION('ref_axis',(-0.0200983356719238,-1.71407766478913E-15,0.999798008051236));
#8775=DIRECTION('center_axis',(-3.21606798866776E-16,1.,1.70795889733722E-15));
#8776=DIRECTION('ref_axis',(-0.0200983356719238,-1.71407766478913E-15,0.999798008051236));
#8777=DIRECTION('',(-3.21606798866776E-16,1.,1.70795889733722E-15));
#8778=DIRECTION('center_axis',(-3.21606798866776E-16,1.,1.70795889733722E-15));
#8779=DIRECTION('ref_axis',(-0.0200983356719238,-1.71407766478913E-15,0.999798008051236));
#8780=DIRECTION('',(0.0172276361365076,0.515038074910057,-0.856994159808625));
#8781=DIRECTION('center_axis',(-3.21606798866776E-16,1.,1.70795889733722E-15));
#8782=DIRECTION('ref_axis',(-0.0200983356719238,-1.71407766478913E-15,0.999798008051236));
#8783=DIRECTION('center_axis',(-3.21606798866776E-16,1.,1.70795889733722E-15));
#8784=DIRECTION('ref_axis',(-0.0200983356719238,-1.71407766478913E-15,0.999798008051236));
#8785=DIRECTION('',(-3.21606798866776E-16,1.,1.70795889733722E-15));
#8786=DIRECTION('center_axis',(-3.21606798866776E-16,1.,1.70795889733722E-15));
#8787=DIRECTION('ref_axis',(-0.0200983356719238,-1.71407766478913E-15,0.999798008051236));
#8788=DIRECTION('',(0.0172276361365076,0.515038074910056,-0.856994159808625));
#8789=DIRECTION('center_axis',(-3.21606798866776E-16,1.,1.70795889733722E-15));
#8790=DIRECTION('ref_axis',(-0.0200983356719238,-1.71407766478913E-15,0.999798008051236));
#8791=DIRECTION('center_axis',(-3.21606798866776E-16,1.,1.70795889733722E-15));
#8792=DIRECTION('ref_axis',(-0.0200983356719238,-1.71407766478913E-15,0.999798008051236));
#8793=DIRECTION('',(-3.21606798866776E-16,1.,1.70795889733722E-15));
#8794=DIRECTION('center_axis',(-3.21606798866776E-16,1.,1.70795889733722E-15));
#8795=DIRECTION('ref_axis',(-0.0200983356719238,-1.71407766478913E-15,0.999798008051236));
#8796=DIRECTION('',(0.0172276361365076,0.515038074910057,-0.856994159808625));
#8797=DIRECTION('center_axis',(-3.21606798866776E-16,1.,1.70795889733722E-15));
#8798=DIRECTION('ref_axis',(-0.0200983356719238,-1.71407766478913E-15,0.999798008051236));
#8799=DIRECTION('center_axis',(-3.21606798866776E-16,1.,1.70795889733722E-15));
#8800=DIRECTION('ref_axis',(-0.0200983356719238,-1.71407766478913E-15,0.999798008051236));
#8801=DIRECTION('',(-3.21606798866776E-16,1.,1.70795889733722E-15));
#8802=DIRECTION('center_axis',(-3.21606798866776E-16,1.,1.70795889733722E-15));
#8803=DIRECTION('ref_axis',(-0.0200983356719238,-1.71407766478913E-15,0.999798008051236));
#8804=DIRECTION('',(0.0172276361365076,0.515038074910056,-0.856994159808625));
#8805=DIRECTION('center_axis',(-3.21606798866776E-16,1.,1.70795889733722E-15));
#8806=DIRECTION('ref_axis',(-0.0200983356719238,-1.71407766478913E-15,0.999798008051236));
#8807=DIRECTION('center_axis',(-3.21606798866776E-16,1.,1.70795889733722E-15));
#8808=DIRECTION('ref_axis',(-0.0200983356719238,-1.71407766478913E-15,0.999798008051236));
#8809=DIRECTION('',(-3.21606798866776E-16,1.,1.70795889733722E-15));
#8810=DIRECTION('center_axis',(-3.21606798866776E-16,1.,1.70795889733722E-15));
#8811=DIRECTION('ref_axis',(-0.0200983356719238,-1.71407766478913E-15,0.999798008051236));
#8812=DIRECTION('',(0.0172276361365076,0.515038074910056,-0.856994159808625));
#8813=DIRECTION('center_axis',(-3.21606798866776E-16,1.,1.70795889733722E-15));
#8814=DIRECTION('ref_axis',(-0.0200983356719238,-1.71407766478913E-15,0.999798008051236));
#8815=DIRECTION('center_axis',(-3.21606798866776E-16,1.,1.70795889733722E-15));
#8816=DIRECTION('ref_axis',(-0.0200983356719238,-1.71407766478913E-15,0.999798008051236));
#8817=DIRECTION('',(-3.21606798866776E-16,1.,1.70795889733722E-15));
#8818=DIRECTION('center_axis',(-3.21606798866776E-16,1.,1.70795889733722E-15));
#8819=DIRECTION('ref_axis',(-0.0200983356719238,-1.71407766478913E-15,0.999798008051236));
#8820=DIRECTION('',(0.0172276361365076,0.515038074910056,-0.856994159808625));
#8821=DIRECTION('center_axis',(-3.21606798866776E-16,1.,1.70795889733722E-15));
#8822=DIRECTION('ref_axis',(-0.0200983356719238,-1.71407766478913E-15,0.999798008051236));
#8823=DIRECTION('center_axis',(-3.21606798866776E-16,1.,1.70795889733722E-15));
#8824=DIRECTION('ref_axis',(-0.0200983356719238,-1.71407766478913E-15,0.999798008051236));
#8825=DIRECTION('',(-3.21606798866776E-16,1.,1.70795889733722E-15));
#8826=DIRECTION('center_axis',(-3.21606798866776E-16,1.,1.70795889733722E-15));
#8827=DIRECTION('ref_axis',(-0.0200983356719238,-1.71407766478913E-15,0.999798008051236));
#8828=DIRECTION('',(0.0172276361365076,0.515038074910056,-0.856994159808625));
#8829=DIRECTION('center_axis',(-3.21606798866776E-16,1.,1.70795889733722E-15));
#8830=DIRECTION('ref_axis',(-0.0200983356719238,-1.71407766478913E-15,0.999798008051236));
#8831=DIRECTION('center_axis',(-3.21606798866776E-16,1.,1.70795889733722E-15));
#8832=DIRECTION('ref_axis',(-0.0200983356719238,-1.71407766478913E-15,0.999798008051236));
#8833=DIRECTION('',(-3.21606798866776E-16,1.,1.70795889733722E-15));
#8834=DIRECTION('center_axis',(-3.21606798866776E-16,1.,1.70795889733722E-15));
#8835=DIRECTION('ref_axis',(-0.0200983356719238,-1.71407766478913E-15,0.999798008051236));
#8836=DIRECTION('',(0.0172276361365076,0.515038074910056,-0.856994159808625));
#8837=DIRECTION('center_axis',(-3.21606798866776E-16,1.,1.70795889733722E-15));
#8838=DIRECTION('ref_axis',(-0.0200983356719238,-1.71407766478913E-15,0.999798008051236));
#8839=DIRECTION('center_axis',(-3.21606798866776E-16,1.,1.70795889733722E-15));
#8840=DIRECTION('ref_axis',(-0.0200983356719238,-1.71407766478913E-15,0.999798008051236));
#8841=DIRECTION('',(-3.21606798866776E-16,1.,1.70795889733722E-15));
#8842=DIRECTION('center_axis',(-3.21606798866776E-16,1.,1.70795889733722E-15));
#8843=DIRECTION('ref_axis',(-0.0200983356719238,-1.71407766478913E-15,0.999798008051236));
#8844=DIRECTION('',(0.0172276361365076,0.515038074910056,-0.856994159808625));
#8845=DIRECTION('center_axis',(-3.21606798866776E-16,1.,1.70795889733722E-15));
#8846=DIRECTION('ref_axis',(-0.0200983356719238,-1.71407766478913E-15,0.999798008051236));
#8847=DIRECTION('center_axis',(-3.21606798866776E-16,1.,1.70795889733722E-15));
#8848=DIRECTION('ref_axis',(-0.0200983356719238,-1.71407766478913E-15,0.999798008051236));
#8849=DIRECTION('',(3.21606798866776E-16,-1.,-1.70795889733722E-15));
#8850=DIRECTION('center_axis',(-3.21606798866776E-16,1.,1.70795889733722E-15));
#8851=DIRECTION('ref_axis',(-0.0200983356719238,-1.71407766478913E-15,0.999798008051236));
#8852=DIRECTION('center_axis',(-3.21606798866776E-16,1.,1.70795889733722E-15));
#8853=DIRECTION('ref_axis',(-0.0200983356719238,-1.71407766478913E-15,0.999798008051236));
#8854=DIRECTION('',(3.21606798866776E-16,-1.,-1.70795889733722E-15));
#8855=DIRECTION('center_axis',(-3.21606798866776E-16,1.,1.70795889733722E-15));
#8856=DIRECTION('ref_axis',(-0.0200983356719238,-1.71407766478913E-15,0.999798008051236));
#8857=DIRECTION('center_axis',(-3.21606798866776E-16,1.,1.70795889733722E-15));
#8858=DIRECTION('ref_axis',(-0.0200983356719238,-1.71407766478913E-15,0.999798008051236));
#8859=DIRECTION('center_axis',(-1.03858443530263E-15,1.,1.41206490944512E-15));
#8860=DIRECTION('ref_axis',(-0.0200983356719238,-1.71407766478913E-15,0.999798008051236));
#8861=DIRECTION('center_axis',(-1.03858443530263E-15,1.,1.41206490944512E-15));
#8862=DIRECTION('ref_axis',(-0.0200983356719238,-1.71407766478913E-15,0.999798008051236));
#8863=DIRECTION('',(3.21606798866776E-16,-1.,-1.70795889733722E-15));
#8864=DIRECTION('center_axis',(-3.21606798866776E-16,1.,1.70795889733722E-15));
#8865=DIRECTION('ref_axis',(-0.0200983356719238,-1.71407766478913E-15,0.999798008051236));
#8866=DIRECTION('center_axis',(-3.21606798866776E-16,1.,1.70795889733722E-15));
#8867=DIRECTION('ref_axis',(-0.0200983356719238,-1.71407766478913E-15,0.999798008051236));
#8868=DIRECTION('center_axis',(-3.21606798866776E-16,1.,1.70795889733722E-15));
#8869=DIRECTION('ref_axis',(-0.0200983356719238,-1.71407766478913E-15,0.999798008051236));
#8870=DIRECTION('',(-3.21606798866776E-16,1.,1.70795889733722E-15));
#8871=DIRECTION('center_axis',(-1.03858443530263E-15,1.,1.41206490944512E-15));
#8872=DIRECTION('ref_axis',(1.,1.03858443530263E-15,-2.9390583444529E-16));
#8873=DIRECTION('center_axis',(-1.03858443530263E-15,1.,1.41206490944512E-15));
#8874=DIRECTION('ref_axis',(1.,1.03858443530263E-15,-2.9390583444529E-16));
#8875=DIRECTION('center_axis',(-3.21606798866776E-16,1.,1.70795889733722E-15));
#8876=DIRECTION('ref_axis',(-0.0200983356719238,-1.71407766478913E-15,0.999798008051236));
#8877=DIRECTION('',(3.21606798866776E-16,-1.,-1.70795889733722E-15));
#8878=DIRECTION('center_axis',(-3.21606798866776E-16,1.,1.70795889733722E-15));
#8879=DIRECTION('ref_axis',(-0.0200983356719238,-1.71407766478913E-15,0.999798008051236));
#8880=DIRECTION('center_axis',(-3.21606798866776E-16,1.,1.70795889733722E-15));
#8881=DIRECTION('ref_axis',(-0.0200983356719238,-1.71407766478913E-15,0.999798008051236));
#8882=DIRECTION('center_axis',(-3.21606798866776E-16,1.,1.70795889733722E-15));
#8883=DIRECTION('ref_axis',(-0.0200983356719238,-1.71407766478913E-15,0.999798008051236));
#8884=DIRECTION('center_axis',(-3.21606798866776E-16,1.,1.70795889733722E-15));
#8885=DIRECTION('ref_axis',(-0.0200983356719238,-1.71407766478913E-15,0.999798008051236));
#8886=DIRECTION('center_axis',(3.21606798866776E-16,-1.,-1.70795889733722E-15));
#8887=DIRECTION('ref_axis',(0.0200983356719238,1.71407766478913E-15,-0.999798008051236));
#8888=DIRECTION('center_axis',(-1.03858443530263E-15,1.,1.41206490944512E-15));
#8889=DIRECTION('ref_axis',(1.,1.03858443530263E-15,-2.9390583444529E-16));
#8890=DIRECTION('center_axis',(-1.03858443530263E-15,1.,1.41206490944512E-15));
#8891=DIRECTION('ref_axis',(1.,1.03858443530263E-15,-2.9390583444529E-16));
#8892=DIRECTION('center_axis',(-1.03858443530263E-15,1.,1.41206490944512E-15));
#8893=DIRECTION('ref_axis',(1.,1.03858443530263E-15,-2.9390583444529E-16));
#8894=DIRECTION('center_axis',(1.03858443530263E-15,-1.,-1.41206490944512E-15));
#8895=DIRECTION('ref_axis',(-1.,-1.03858443530263E-15,2.9390583444529E-16));
#8896=DIRECTION('center_axis',(-1.03858443530263E-15,1.,1.41206490944512E-15));
#8897=DIRECTION('ref_axis',(1.,1.03858443530263E-15,-2.9390583444529E-16));
#8898=DIRECTION('center_axis',(1.03858443530263E-15,-1.,-1.41206490944512E-15));
#8899=DIRECTION('ref_axis',(1.,1.03858443530263E-15,-2.9390583444529E-16));
#8900=DIRECTION('center_axis',(-8.40318687709204E-16,1.,1.96240804653874E-15));
#8901=DIRECTION('ref_axis',(0.866025403784437,-2.53466692438403E-16,0.500000000000002));
#8902=DIRECTION('center_axis',(-1.03858443530263E-15,1.,1.41206490944512E-15));
#8903=DIRECTION('ref_axis',(-1.,-1.03858443530263E-15,2.9390583444529E-16));
#8904=DIRECTION('center_axis',(-8.40318687709204E-16,1.,1.96240804653874E-15));
#8905=DIRECTION('ref_axis',(0.866025403784438,-2.53466692438403E-16,0.500000000000002));
#8906=DIRECTION('center_axis',(1.03858443530263E-15,-1.,-1.41206490944512E-15));
#8907=DIRECTION('ref_axis',(-1.,-1.03858443530263E-15,2.9390583444529E-16));
#8908=DIRECTION('center_axis',(-8.40318687709204E-16,1.,1.96240804653874E-15));
#8909=DIRECTION('ref_axis',(0.866025403784438,-2.53466692438403E-16,0.500000000000002));
#8910=DIRECTION('center_axis',(-8.40318687709204E-16,1.,1.96240804653874E-15));
#8911=DIRECTION('ref_axis',(0.866025403784437,-2.53466692438403E-16,0.500000000000002));
#8912=DIRECTION('center_axis',(-8.40318687709204E-16,1.,1.96240804653874E-15));
#8913=DIRECTION('ref_axis',(0.866025403784437,-2.53466692438403E-16,0.500000000000002));
#8914=DIRECTION('center_axis',(-8.40318687709204E-16,1.,1.96240804653874E-15));
#8915=DIRECTION('ref_axis',(0.866025403784437,-2.53466692438403E-16,0.500000000000002));
#8916=DIRECTION('center_axis',(-8.40318687709204E-16,1.,1.96240804653874E-15));
#8917=DIRECTION('ref_axis',(0.866025403784437,-2.53466692438403E-16,0.500000000000002));
#8918=DIRECTION('center_axis',(-8.40318687709204E-16,1.,1.96240804653874E-15));
#8919=DIRECTION('ref_axis',(0.866025403784437,-2.53466692438403E-16,0.500000000000002));
#8920=DIRECTION('center_axis',(-8.40318687709204E-16,1.,1.96240804653874E-15));
#8921=DIRECTION('ref_axis',(0.866025403784437,-2.53466692438403E-16,0.500000000000002));
#8922=DIRECTION('',(-8.40318687709204E-16,1.,1.96240804653874E-15));
#8923=DIRECTION('center_axis',(-8.40318687709204E-16,1.,1.96240804653874E-15));
#8924=DIRECTION('ref_axis',(0.866025403784437,-2.53466692438403E-16,0.500000000000002));
#8925=DIRECTION('',(-0.742328657701363,0.515038074910055,-0.428583650351056));
#8926=DIRECTION('center_axis',(-8.40318687709204E-16,1.,1.96240804653874E-15));
#8927=DIRECTION('ref_axis',(0.866025403784437,-2.53466692438403E-16,0.500000000000002));
#8928=DIRECTION('center_axis',(-8.40318687709204E-16,1.,1.96240804653874E-15));
#8929=DIRECTION('ref_axis',(0.866025403784437,-2.53466692438403E-16,0.500000000000002));
#8930=DIRECTION('',(-8.40318687709204E-16,1.,1.96240804653874E-15));
#8931=DIRECTION('center_axis',(-8.40318687709204E-16,1.,1.96240804653874E-15));
#8932=DIRECTION('ref_axis',(0.866025403784437,-2.53466692438403E-16,0.500000000000002));
#8933=DIRECTION('',(-0.742328657701363,0.515038074910056,-0.428583650351056));
#8934=DIRECTION('center_axis',(-8.40318687709204E-16,1.,1.96240804653874E-15));
#8935=DIRECTION('ref_axis',(0.866025403784437,-2.53466692438403E-16,0.500000000000002));
#8936=DIRECTION('center_axis',(-8.40318687709204E-16,1.,1.96240804653874E-15));
#8937=DIRECTION('ref_axis',(0.866025403784437,-2.53466692438403E-16,0.500000000000002));
#8938=DIRECTION('',(-8.40318687709204E-16,1.,1.96240804653874E-15));
#8939=DIRECTION('center_axis',(-8.40318687709204E-16,1.,1.96240804653874E-15));
#8940=DIRECTION('ref_axis',(0.866025403784437,-2.53466692438403E-16,0.500000000000002));
#8941=DIRECTION('',(-0.742328657701363,0.515038074910056,-0.428583650351056));
#8942=DIRECTION('center_axis',(-8.40318687709204E-16,1.,1.96240804653874E-15));
#8943=DIRECTION('ref_axis',(0.866025403784437,-2.53466692438403E-16,0.500000000000002));
#8944=DIRECTION('center_axis',(-8.40318687709204E-16,1.,1.96240804653874E-15));
#8945=DIRECTION('ref_axis',(0.866025403784437,-2.53466692438403E-16,0.500000000000002));
#8946=DIRECTION('',(-8.40318687709204E-16,1.,1.96240804653874E-15));
#8947=DIRECTION('center_axis',(-8.40318687709204E-16,1.,1.96240804653874E-15));
#8948=DIRECTION('ref_axis',(0.866025403784437,-2.53466692438403E-16,0.500000000000002));
#8949=DIRECTION('',(-0.742328657701363,0.515038074910056,-0.428583650351056));
#8950=DIRECTION('center_axis',(-8.40318687709204E-16,1.,1.96240804653874E-15));
#8951=DIRECTION('ref_axis',(0.866025403784437,-2.53466692438403E-16,0.500000000000002));
#8952=DIRECTION('center_axis',(-8.40318687709204E-16,1.,1.96240804653874E-15));
#8953=DIRECTION('ref_axis',(0.866025403784438,-2.53466692438403E-16,0.500000000000002));
#8954=DIRECTION('',(-8.40318687709204E-16,1.,1.96240804653874E-15));
#8955=DIRECTION('center_axis',(-8.40318687709204E-16,1.,1.96240804653874E-15));
#8956=DIRECTION('ref_axis',(0.866025403784438,-2.53466692438403E-16,0.500000000000002));
#8957=DIRECTION('',(-0.742328657701363,0.515038074910055,-0.428583650351056));
#8958=DIRECTION('center_axis',(-8.40318687709204E-16,1.,1.96240804653874E-15));
#8959=DIRECTION('ref_axis',(0.866025403784438,-2.53466692438403E-16,0.500000000000002));
#8960=DIRECTION('center_axis',(-8.40318687709204E-16,1.,1.96240804653874E-15));
#8961=DIRECTION('ref_axis',(0.866025403784438,-2.53466692438403E-16,0.500000000000002));
#8962=DIRECTION('',(-8.40318687709204E-16,1.,1.96240804653874E-15));
#8963=DIRECTION('center_axis',(-8.40318687709204E-16,1.,1.96240804653874E-15));
#8964=DIRECTION('ref_axis',(0.866025403784438,-2.53466692438403E-16,0.500000000000002));
#8965=DIRECTION('',(-0.742328657701363,0.515038074910055,-0.428583650351056));
#8966=DIRECTION('center_axis',(-8.40318687709204E-16,1.,1.96240804653874E-15));
#8967=DIRECTION('ref_axis',(0.866025403784438,-2.53466692438403E-16,0.500000000000002));
#8968=DIRECTION('center_axis',(-8.40318687709204E-16,1.,1.96240804653874E-15));
#8969=DIRECTION('ref_axis',(0.866025403784438,-2.53466692438403E-16,0.500000000000002));
#8970=DIRECTION('',(-8.40318687709204E-16,1.,1.96240804653874E-15));
#8971=DIRECTION('center_axis',(-8.40318687709204E-16,1.,1.96240804653874E-15));
#8972=DIRECTION('ref_axis',(0.866025403784438,-2.53466692438403E-16,0.500000000000002));
#8973=DIRECTION('',(-0.742328657701363,0.515038074910055,-0.428583650351056));
#8974=DIRECTION('center_axis',(-8.40318687709204E-16,1.,1.96240804653874E-15));
#8975=DIRECTION('ref_axis',(0.866025403784437,-2.53466692438403E-16,0.500000000000002));
#8976=DIRECTION('center_axis',(-8.40318687709204E-16,1.,1.96240804653874E-15));
#8977=DIRECTION('ref_axis',(0.866025403784438,-2.53466692438403E-16,0.500000000000002));
#8978=DIRECTION('',(-8.40318687709204E-16,1.,1.96240804653874E-15));
#8979=DIRECTION('center_axis',(-8.40318687709204E-16,1.,1.96240804653874E-15));
#8980=DIRECTION('ref_axis',(0.866025403784438,-2.53466692438403E-16,0.500000000000002));
#8981=DIRECTION('',(-0.742328657701363,0.515038074910055,-0.428583650351056));
#8982=DIRECTION('center_axis',(-8.40318687709204E-16,1.,1.96240804653874E-15));
#8983=DIRECTION('ref_axis',(0.866025403784438,-2.53466692438403E-16,0.500000000000002));
#8984=DIRECTION('center_axis',(-8.40318687709204E-16,1.,1.96240804653874E-15));
#8985=DIRECTION('ref_axis',(0.866025403784438,-2.53466692438403E-16,0.500000000000002));
#8986=DIRECTION('',(-8.40318687709204E-16,1.,1.96240804653874E-15));
#8987=DIRECTION('center_axis',(-8.40318687709204E-16,1.,1.96240804653874E-15));
#8988=DIRECTION('ref_axis',(0.866025403784438,-2.53466692438403E-16,0.500000000000002));
#8989=DIRECTION('',(-0.742328657701363,0.515038074910055,-0.428583650351056));
#8990=DIRECTION('center_axis',(-8.40318687709204E-16,1.,1.96240804653874E-15));
#8991=DIRECTION('ref_axis',(0.866025403784438,-2.53466692438403E-16,0.500000000000002));
#8992=DIRECTION('center_axis',(-8.40318687709204E-16,1.,1.96240804653874E-15));
#8993=DIRECTION('ref_axis',(0.866025403784438,-2.53466692438403E-16,0.500000000000002));
#8994=DIRECTION('',(-8.40318687709204E-16,1.,1.96240804653874E-15));
#8995=DIRECTION('center_axis',(-8.40318687709204E-16,1.,1.96240804653874E-15));
#8996=DIRECTION('ref_axis',(0.866025403784438,-2.53466692438403E-16,0.500000000000002));
#8997=DIRECTION('',(-0.742328657701363,0.515038074910055,-0.428583650351056));
#8998=DIRECTION('center_axis',(-8.40318687709204E-16,1.,1.96240804653874E-15));
#8999=DIRECTION('ref_axis',(0.866025403784437,-2.53466692438403E-16,0.500000000000002));
#9000=DIRECTION('center_axis',(-8.40318687709204E-16,1.,1.96240804653874E-15));
#9001=DIRECTION('ref_axis',(0.866025403784438,-2.53466692438403E-16,0.500000000000002));
#9002=DIRECTION('',(8.40318687709204E-16,-1.,-1.96240804653874E-15));
#9003=DIRECTION('center_axis',(-8.40318687709204E-16,1.,1.96240804653874E-15));
#9004=DIRECTION('ref_axis',(0.866025403784438,-2.53466692438403E-16,0.500000000000002));
#9005=DIRECTION('center_axis',(-8.40318687709204E-16,1.,1.96240804653874E-15));
#9006=DIRECTION('ref_axis',(0.866025403784438,-2.53466692438403E-16,0.500000000000002));
#9007=DIRECTION('',(8.40318687709204E-16,-1.,-1.96240804653874E-15));
#9008=DIRECTION('center_axis',(-8.40318687709204E-16,1.,1.96240804653874E-15));
#9009=DIRECTION('ref_axis',(0.866025403784438,-2.53466692438403E-16,0.500000000000002));
#9010=DIRECTION('center_axis',(-8.40318687709204E-16,1.,1.96240804653874E-15));
#9011=DIRECTION('ref_axis',(0.866025403784438,-2.53466692438403E-16,0.500000000000002));
#9012=DIRECTION('center_axis',(-1.03858443530263E-15,1.,1.41206490944512E-15));
#9013=DIRECTION('ref_axis',(0.866025403784438,-2.53466692438403E-16,0.500000000000002));
#9014=DIRECTION('',(8.40318687709204E-16,-1.,-1.96240804653874E-15));
#9015=DIRECTION('center_axis',(-8.40318687709204E-16,1.,1.96240804653874E-15));
#9016=DIRECTION('ref_axis',(0.866025403784438,-2.53466692438403E-16,0.500000000000002));
#9017=DIRECTION('center_axis',(-1.03858443530263E-15,1.,1.41206490944512E-15));
#9018=DIRECTION('ref_axis',(0.866025403784438,-2.53466692438403E-16,0.500000000000002));
#9019=DIRECTION('center_axis',(-8.40318687709204E-16,1.,1.96240804653874E-15));
#9020=DIRECTION('ref_axis',(0.866025403784438,-2.53466692438403E-16,0.500000000000002));
#9021=DIRECTION('center_axis',(-8.40318687709204E-16,1.,1.96240804653874E-15));
#9022=DIRECTION('ref_axis',(0.866025403784438,-2.53466692438403E-16,0.500000000000002));
#9023=DIRECTION('',(-8.40318687709204E-16,1.,1.96240804653874E-15));
#9024=DIRECTION('center_axis',(-1.03858443530263E-15,1.,1.41206490944512E-15));
#9025=DIRECTION('ref_axis',(1.,1.03858443530263E-15,-2.9390583444529E-16));
#9026=DIRECTION('center_axis',(-1.03858443530263E-15,1.,1.41206490944512E-15));
#9027=DIRECTION('ref_axis',(1.,1.03858443530263E-15,-2.9390583444529E-16));
#9028=DIRECTION('center_axis',(-8.40318687709204E-16,1.,1.96240804653874E-15));
#9029=DIRECTION('ref_axis',(0.866025403784438,-2.53466692438403E-16,0.500000000000002));
#9030=DIRECTION('',(8.40318687709204E-16,-1.,-1.96240804653874E-15));
#9031=DIRECTION('center_axis',(-8.40318687709204E-16,1.,1.96240804653874E-15));
#9032=DIRECTION('ref_axis',(0.866025403784438,-2.53466692438403E-16,0.500000000000002));
#9033=DIRECTION('center_axis',(-8.40318687709204E-16,1.,1.96240804653874E-15));
#9034=DIRECTION('ref_axis',(0.866025403784437,-2.53466692438403E-16,0.500000000000002));
#9035=DIRECTION('center_axis',(-8.40318687709204E-16,1.,1.96240804653874E-15));
#9036=DIRECTION('ref_axis',(0.866025403784437,-2.53466692438403E-16,0.500000000000002));
#9037=DIRECTION('center_axis',(-8.40318687709204E-16,1.,1.96240804653874E-15));
#9038=DIRECTION('ref_axis',(0.866025403784437,-2.53466692438403E-16,0.500000000000002));
#9039=DIRECTION('center_axis',(8.40318687709204E-16,-1.,-1.96240804653874E-15));
#9040=DIRECTION('ref_axis',(-0.866025403784437,2.53466692438403E-16,-0.500000000000002));
#9041=DIRECTION('center_axis',(1.03858443530263E-15,-1.,-1.41206490944512E-15));
#9042=DIRECTION('ref_axis',(-1.,-1.03858443530263E-15,2.9390583444529E-16));
#9043=DIRECTION('center_axis',(1.03858443530263E-15,-1.,-1.41206490944512E-15));
#9044=DIRECTION('ref_axis',(-1.,-1.03858443530263E-15,2.9390583444529E-16));
#9045=DIRECTION('center_axis',(-1.03858443530263E-15,1.,1.41206490944512E-15));
#9046=DIRECTION('ref_axis',(-1.,-1.03858443530263E-15,2.9390583444529E-16));
#9047=DIRECTION('center_axis',(-1.03858443530263E-15,1.,1.41206490944512E-15));
#9048=DIRECTION('ref_axis',(-1.,-1.03858443530263E-15,2.9390583444529E-16));
#9049=DIRECTION('center_axis',(-1.03858443530263E-15,1.,1.41206490944512E-15));
#9050=DIRECTION('ref_axis',(-1.,-1.03858443530263E-15,2.9390583444529E-16));
#9051=DIRECTION('center_axis',(-1.03858443530263E-15,1.,1.41206490944512E-15));
#9052=DIRECTION('ref_axis',(-1.,-1.03858443530263E-15,2.9390583444529E-16));
#9053=DIRECTION('center_axis',(-1.03858443530263E-15,1.,1.41206490944512E-15));
#9054=DIRECTION('ref_axis',(1.,1.03858443530263E-15,-2.9390583444529E-16));
#9055=DIRECTION('center_axis',(1.03858443530263E-15,-1.,-1.41206490944512E-15));
#9056=DIRECTION('ref_axis',(-1.,-1.03858443530263E-15,2.9390583444529E-16));
#9057=DIRECTION('',(-1.03858443530263E-15,1.,1.41206490944512E-15));
#9058=DIRECTION('center_axis',(1.03858443530263E-15,-1.,-1.41206490944512E-15));
#9059=DIRECTION('ref_axis',(-1.,-1.03858443530263E-15,2.9390583444529E-16));
#9060=DIRECTION('',(-1.03858443530263E-15,1.,1.41206490944512E-15));
#9061=DIRECTION('center_axis',(-1.03858443530263E-15,1.,1.41206490944512E-15));
#9062=DIRECTION('ref_axis',(1.,1.03858443530263E-15,-2.9390583444529E-16));
#9063=DIRECTION('center_axis',(1.03858443530263E-15,-1.,-1.41206490944512E-15));
#9064=DIRECTION('ref_axis',(-1.,-1.03858443530263E-15,2.9390583444529E-16));
#9065=DIRECTION('',(-1.03858443530263E-15,1.,1.41206490944512E-15));
#9066=DIRECTION('center_axis',(1.03858443530263E-15,-1.,-1.41206490944512E-15));
#9067=DIRECTION('ref_axis',(1.,1.03858443530263E-15,-2.9390583444529E-16));
#9068=DIRECTION('',(-1.03858443530263E-15,1.,1.41206490944512E-15));
#9069=DIRECTION('center_axis',(-1.03858443530263E-15,1.,1.41206490944512E-15));
#9070=DIRECTION('ref_axis',(1.,1.03858443530263E-15,-2.9390583444529E-16));
#9071=DIRECTION('center_axis',(1.03858443530263E-15,-1.,-1.41206490944512E-15));
#9072=DIRECTION('ref_axis',(-1.,-1.03858443530263E-15,2.9390583444529E-16));
#9073=DIRECTION('',(1.03858443530263E-15,-1.,-1.41206490944512E-15));
#9074=DIRECTION('',(1.03858443530263E-15,-1.,-1.41206490944512E-15));
#9075=DIRECTION('center_axis',(-1.03858443530263E-15,1.,1.41206490944512E-15));
#9076=DIRECTION('ref_axis',(1.,1.03858443530263E-15,-2.9390583444529E-16));
#9077=DIRECTION('center_axis',(1.03858443530263E-15,-1.,-1.41206490944512E-15));
#9078=DIRECTION('ref_axis',(-1.,-1.03858443530263E-15,2.9390583444529E-16));
#9079=DIRECTION('',(1.03858443530263E-15,-1.,-1.41206490944512E-15));
#9080=DIRECTION('',(-1.03858443530263E-15,1.,1.41206490944512E-15));
#9081=DIRECTION('center_axis',(-1.03858443530263E-15,1.,1.41206490944512E-15));
#9082=DIRECTION('ref_axis',(1.,1.03858443530263E-15,-2.9390583444529E-16));
#9083=DIRECTION('',(1.03858443530263E-15,-1.,-1.41206490944512E-15));
#9084=DIRECTION('center_axis',(-1.03858443530263E-15,1.,1.41206490944512E-15));
#9085=DIRECTION('ref_axis',(-1.,-1.03858443530263E-15,2.9390583444529E-16));
#9086=DIRECTION('',(-1.03858443530263E-15,1.,1.41206490944512E-15));
#9087=DIRECTION('center_axis',(-1.03858443530263E-15,1.,1.41206490944512E-15));
#9088=DIRECTION('ref_axis',(1.,1.03858443530263E-15,-2.9390583444529E-16));
#9089=DIRECTION('',(-1.03858443530263E-15,1.,1.41206490944512E-15));
#9090=DIRECTION('center_axis',(1.03858443530263E-15,-1.,-1.41206490944512E-15));
#9091=DIRECTION('ref_axis',(-1.,-1.03858443530263E-15,2.9390583444529E-16));
#9092=DIRECTION('',(1.03858443530263E-15,-1.,-1.41206490944512E-15));
#9093=DIRECTION('center_axis',(1.03858443530263E-15,-1.,-1.41206490944512E-15));
#9094=DIRECTION('ref_axis',(-1.,-1.03858443530263E-15,2.9390583444529E-16));
#9095=DIRECTION('center_axis',(-1.03858443530263E-15,1.,1.41206490944512E-15));
#9096=DIRECTION('ref_axis',(1.,1.03858443530263E-15,-2.9390583444529E-16));
#9097=DIRECTION('',(-1.03858443530263E-15,1.,1.41206490944512E-15));
#9098=DIRECTION('center_axis',(1.03858443530263E-15,-1.,-1.41206490944512E-15));
#9099=DIRECTION('ref_axis',(-1.,-1.03858443530263E-15,2.9390583444529E-16));
#9100=DIRECTION('',(1.03858443530263E-15,-1.,-1.41206490944512E-15));
#9101=DIRECTION('center_axis',(1.03858443530263E-15,-1.,-1.41206490944512E-15));
#9102=DIRECTION('ref_axis',(-1.,-1.03858443530263E-15,2.9390583444529E-16));
#9103=DIRECTION('center_axis',(-1.03858443530263E-15,1.,1.41206490944512E-15));
#9104=DIRECTION('ref_axis',(1.,1.03858443530263E-15,-2.9390583444529E-16));
#9105=DIRECTION('',(-1.03858443530263E-15,1.,1.41206490944512E-15));
#9106=DIRECTION('center_axis',(1.03858443530263E-15,-1.,-1.41206490944512E-15));
#9107=DIRECTION('ref_axis',(-1.,-1.03858443530263E-15,2.9390583444529E-16));
#9108=DIRECTION('',(1.03858443530263E-15,-1.,-1.41206490944512E-15));
#9109=DIRECTION('center_axis',(1.03858443530263E-15,-1.,-1.41206490944512E-15));
#9110=DIRECTION('ref_axis',(-1.,-1.03858443530263E-15,2.9390583444529E-16));
#9111=DIRECTION('center_axis',(-1.03858443530263E-15,1.,1.41206490944512E-15));
#9112=DIRECTION('ref_axis',(1.,1.03858443530263E-15,-2.9390583444529E-16));
#9113=DIRECTION('center_axis',(-1.03858443530263E-15,1.,1.41206490944512E-15));
#9114=DIRECTION('ref_axis',(1.,1.03858443530263E-15,-2.9390583444529E-16));
#9115=DIRECTION('center_axis',(1.03858443530263E-15,-1.,-1.41206490944512E-15));
#9116=DIRECTION('ref_axis',(-1.,-1.03858443530263E-15,2.9390583444529E-16));
#9117=DIRECTION('',(-1.03858443530263E-15,1.,1.41206490944512E-15));
#9118=DIRECTION('',(1.03858443530263E-15,-1.,-1.41206490944512E-15));
#9119=DIRECTION('center_axis',(-1.03858443530263E-15,1.,1.41206490944512E-15));
#9120=DIRECTION('ref_axis',(1.,1.03858443530263E-15,-2.9390583444529E-16));
#9121=DIRECTION('',(-1.,-1.03858443530263E-15,5.15374393330672E-16));
#9122=DIRECTION('center_axis',(-1.03858443530263E-15,1.,1.41206490944512E-15));
#9123=DIRECTION('ref_axis',(1.,1.03858443530263E-15,-2.9390583444529E-16));
#9124=DIRECTION('',(1.,1.03858443530263E-15,-3.55258490790107E-17));
#9125=DIRECTION('center_axis',(-1.03858443530263E-15,1.,1.41206490944512E-15));
#9126=DIRECTION('ref_axis',(-1.,-1.03858443530263E-15,2.9390583444529E-16));
#9127=DIRECTION('center_axis',(1.03858443530263E-15,-1.,-1.41206490944512E-15));
#9128=DIRECTION('ref_axis',(1.,1.03858443530263E-15,-2.9390583444529E-16));
#9129=DIRECTION('center_axis',(-1.03858443530263E-15,1.,1.41206490944512E-15));
#9130=DIRECTION('ref_axis',(1.,1.03858443530263E-15,-2.9390583444529E-16));
#9131=DIRECTION('',(-1.,-1.03858443530263E-15,-6.46215085815591E-17));
#9132=DIRECTION('',(-1.,-1.03858443530263E-15,5.42159249770017E-16));
#9133=DIRECTION('center_axis',(-1.03858443530263E-15,1.,1.41206490944512E-15));
#9134=DIRECTION('ref_axis',(1.,1.03858443530263E-15,-2.9390583444529E-16));
#9135=DIRECTION('center_axis',(-1.03858443530263E-15,1.,1.41206490944512E-15));
#9136=DIRECTION('ref_axis',(1.,1.03858443530263E-15,-2.9390583444529E-16));
#9137=DIRECTION('center_axis',(1.03858443530263E-15,-1.,-1.41206490944512E-15));
#9138=DIRECTION('ref_axis',(1.,1.03858443530263E-15,-2.9390583444529E-16));
#9139=DIRECTION('',(1.,1.03858443530263E-15,-4.56524191205626E-17));
#9140=DIRECTION('',(1.,1.03858443530263E-15,-6.52433177472139E-16));
#9141=DIRECTION('center_axis',(-1.03858443530263E-15,1.,1.41206490944512E-15));
#9142=DIRECTION('ref_axis',(-1.,-1.03858443530263E-15,2.9390583444529E-16));
#9143=DIRECTION('center_axis',(1.03858443530263E-15,-1.,-1.41206490944512E-15));
#9144=DIRECTION('ref_axis',(-1.,-1.03858443530263E-15,2.9390583444529E-16));
#9145=DIRECTION('center_axis',(-1.03858443530263E-15,1.,1.41206490944512E-15));
#9146=DIRECTION('ref_axis',(1.,1.03858443530263E-15,-2.9390583444529E-16));
#9147=DIRECTION('center_axis',(1.03858443530263E-15,-1.,-1.41206490944512E-15));
#9148=DIRECTION('ref_axis',(-7.04459991920967E-13,1.63410951436942E-15,
-1.));
#9149=DIRECTION('center_axis',(1.03858443530263E-15,-1.,-1.41206490944512E-15));
#9150=DIRECTION('ref_axis',(-7.04459991920967E-13,1.63410951436942E-15,
-1.));
#9151=DIRECTION('center_axis',(-1.03858443530263E-15,1.,1.41206490944512E-15));
#9152=DIRECTION('ref_axis',(1.,1.03858443530263E-15,-2.9390583444529E-16));
#9153=DIRECTION('center_axis',(1.03858443530263E-15,-1.,-1.41206490944512E-15));
#9154=DIRECTION('ref_axis',(1.,1.03858443530263E-15,-2.9390583444529E-16));
#9155=DIRECTION('',(1.,1.03858443530263E-15,-4.18032542107654E-16));
#9156=DIRECTION('center_axis',(-1.03858443530263E-15,1.,1.41206490944512E-15));
#9157=DIRECTION('ref_axis',(1.,1.03858443530263E-15,-2.9390583444529E-16));
#9158=DIRECTION('',(-1.,-1.03858443530263E-15,1.69779126782927E-16));
#9159=DIRECTION('center_axis',(1.03858443530263E-15,-1.,-1.41206490944512E-15));
#9160=DIRECTION('ref_axis',(1.,1.03858443530263E-15,-2.9390583444529E-16));
#9161=DIRECTION('center_axis',(1.03858443530263E-15,-1.,-1.41206490944512E-15));
#9162=DIRECTION('ref_axis',(-1.,-1.03858443530263E-15,2.9390583444529E-16));
#9163=DIRECTION('',(-1.,-1.03858443530263E-15,2.02237572626181E-16));
#9164=DIRECTION('',(-1.,-1.03858443530263E-15,-6.46215085815591E-17));
#9165=DIRECTION('center_axis',(-1.03858443530263E-15,1.,1.41206490944512E-15));
#9166=DIRECTION('ref_axis',(-1.,-1.03858443530263E-15,2.9390583444529E-16));
#9167=DIRECTION('center_axis',(1.03858443530263E-15,-1.,-1.41206490944512E-15));
#9168=DIRECTION('ref_axis',(-1.,-1.03858443530263E-15,2.9390583444529E-16));
#9169=DIRECTION('center_axis',(-1.03858443530263E-15,1.,1.41206490944512E-15));
#9170=DIRECTION('ref_axis',(-1.,-1.03858443530263E-15,2.9390583444529E-16));
#9171=DIRECTION('',(1.,1.03858443530263E-15,-3.55258490790108E-17));
#9172=DIRECTION('center_axis',(1.03858443530263E-15,-1.,-1.41206490944512E-15));
#9173=DIRECTION('ref_axis',(-1.,-1.03858443530263E-15,2.9390583444529E-16));
#9174=DIRECTION('',(-1.,-1.03858443530263E-15,5.15374393330672E-16));
#9175=DIRECTION('center_axis',(-1.03858443530263E-15,1.,1.41206490944512E-15));
#9176=DIRECTION('ref_axis',(-1.,-1.03858443530263E-15,2.0286293104221E-15));
#9177=DIRECTION('center_axis',(1.03858443530263E-15,-1.,-1.41206490944512E-15));
#9178=DIRECTION('ref_axis',(-1.,-1.03858443530263E-15,2.9390583444529E-16));
#9179=DIRECTION('center_axis',(-1.03858443530263E-15,1.,1.41206490944512E-15));
#9180=DIRECTION('ref_axis',(-1.,-1.03858443530263E-15,2.9390583444529E-16));
#9181=DIRECTION('',(1.,1.03858443530263E-15,-6.52433177472139E-16));
#9182=DIRECTION('',(1.,1.03858443530263E-15,-3.85574096264399E-16));
#9183=DIRECTION('center_axis',(1.03858443530263E-15,-1.,-1.41206490944512E-15));
#9184=DIRECTION('ref_axis',(-7.04459991920967E-13,1.63410951436942E-15,
-1.));
#9185=DIRECTION('center_axis',(1.03858443530263E-15,-1.,-1.41206490944512E-15));
#9186=DIRECTION('ref_axis',(-7.04459991920967E-13,1.63410951436942E-15,
-1.));
#9187=DIRECTION('center_axis',(1.03858443530263E-15,-1.,-1.41206490944512E-15));
#9188=DIRECTION('ref_axis',(2.66117576695989E-16,1.13450915328883E-15,-1.));
#9189=DIRECTION('center_axis',(1.03858443530263E-15,-1.,-1.41206490944512E-15));
#9190=DIRECTION('ref_axis',(2.66117576695989E-16,1.13450915328883E-15,-1.));
#9191=DIRECTION('center_axis',(1.03858443530263E-15,-1.,-1.41206490944512E-15));
#9192=DIRECTION('ref_axis',(2.66117576695989E-16,1.13450915328883E-15,-1.));
#9193=DIRECTION('',(2.93905834445291E-16,-1.41206490944512E-15,1.));
#9194=DIRECTION('center_axis',(1.03858443530263E-15,-1.,-1.41206490944512E-15));
#9195=DIRECTION('ref_axis',(-1.,-1.03858443530263E-15,2.9390583444529E-16));
#9196=DIRECTION('',(-1.,-1.03858443530263E-15,1.13674823954193E-16));
#9197=DIRECTION('center_axis',(1.03858443530263E-15,-1.,-1.41206490944512E-15));
#9198=DIRECTION('ref_axis',(-1.,-1.03858443530263E-15,2.9390583444529E-16));
#9199=DIRECTION('',(2.93905834445291E-16,-1.41206490944512E-15,1.));
#9200=DIRECTION('center_axis',(1.03858443530263E-15,-1.,-1.41206490944512E-15));
#9201=DIRECTION('ref_axis',(-1.,-1.03858443530263E-15,2.9390583444529E-16));
#9202=DIRECTION('',(-1.,-1.03858443530263E-15,2.9390583444529E-16));
#9203=DIRECTION('center_axis',(1.03858443530263E-15,-1.,-1.41206490944512E-15));
#9204=DIRECTION('ref_axis',(-1.,-1.03858443530263E-15,2.9390583444529E-16));
#9205=DIRECTION('center_axis',(1.03858443530263E-15,-1.,-1.41206490944512E-15));
#9206=DIRECTION('ref_axis',(-1.,-1.03858443530263E-15,2.9390583444529E-16));
#9207=DIRECTION('',(1.,1.03858443530263E-15,-2.02237572626181E-16));
#9208=DIRECTION('center_axis',(1.03858443530263E-15,-1.,-1.41206490944512E-15));
#9209=DIRECTION('ref_axis',(-1.,-1.03858443530263E-15,2.9390583444529E-16));
#9210=DIRECTION('',(-1.,-1.03858443530263E-15,2.02237572626181E-16));
#9211=DIRECTION('center_axis',(-1.03858443530263E-15,1.,1.41206490944512E-15));
#9212=DIRECTION('ref_axis',(-1.,-1.03858443530263E-15,2.9390583444529E-16));
#9213=DIRECTION('',(-2.15060487902767E-16,-1.74513181683266E-15,1.));
#9214=DIRECTION('center_axis',(1.03858443530263E-15,-1.,-1.41206490944512E-15));
#9215=DIRECTION('ref_axis',(-1.,-1.03858443530263E-15,2.9390583444529E-16));
#9216=DIRECTION('',(-1.,-1.03858443530263E-15,1.13674823954193E-16));
#9217=DIRECTION('center_axis',(1.03858443530263E-15,-1.,-1.41206490944512E-15));
#9218=DIRECTION('ref_axis',(-1.,-1.03858443530263E-15,2.9390583444529E-16));
#9219=DIRECTION('',(2.93905834445291E-16,-1.41206490944512E-15,1.));
#9220=DIRECTION('center_axis',(1.03858443530263E-15,-1.,-1.41206490944512E-15));
#9221=DIRECTION('ref_axis',(-1.,-1.03858443530263E-15,2.9390583444529E-16));
#9222=DIRECTION('',(-1.,-1.03858443530263E-15,2.9390583444529E-16));
#9223=DIRECTION('center_axis',(1.03858443530263E-15,-1.,-1.41206490944512E-15));
#9224=DIRECTION('ref_axis',(-1.,-1.03858443530263E-15,2.9390583444529E-16));
#9225=DIRECTION('',(-2.15060487902767E-16,-1.74513181683266E-15,1.));
#9226=DIRECTION('',(-1.,-1.03858687060607E-15,-2.15060487902769E-16));
#9227=DIRECTION('center_axis',(1.03858687060608E-15,-1.,-1.74513181683266E-15));
#9228=DIRECTION('ref_axis',(-1.,-1.03858687060608E-15,8.25773597683315E-16));
#9229=DIRECTION('',(-1.,-1.03858687060607E-15,-2.15060487902769E-16));
#9230=DIRECTION('',(-2.15060487902767E-16,-1.74513181683266E-15,1.));
#9231=DIRECTION('',(-1.,-1.03858687060607E-15,-2.15060487902769E-16));
#9232=DIRECTION('center_axis',(-1.03858687060608E-15,1.,1.74513181683266E-15));
#9233=DIRECTION('ref_axis',(-1.,-1.03858687060607E-15,-2.15060487902769E-16));
#9234=DIRECTION('',(-1.,-1.03858687060607E-15,-2.15060487902769E-16));
#9235=DIRECTION('center_axis',(-1.03858443530263E-15,1.,1.41206490944512E-15));
#9236=DIRECTION('ref_axis',(-1.,-1.03858443530263E-15,1.71441154530555E-16));
#9237=DIRECTION('center_axis',(-4.56524191205641E-17,1.41206490944512E-15,
-1.));
#9238=DIRECTION('ref_axis',(-1.,-1.03858443530263E-15,4.56524191205625E-17));
#9239=DIRECTION('',(1.03858443530263E-15,-1.,-1.41206490944512E-15));
#9240=DIRECTION('',(1.03858443530263E-15,-1.,-1.41206490944512E-15));
#9241=DIRECTION('center_axis',(5.42159249770019E-16,-1.41206490944512E-15,
1.));
#9242=DIRECTION('ref_axis',(1.,1.03858443530263E-15,-5.42159249770017E-16));
#9243=DIRECTION('',(1.03858443530263E-15,-1.,-1.41206490944512E-15));
#9244=DIRECTION('',(1.03858443530263E-15,-1.,-1.41206490944512E-15));
#9245=DIRECTION('center_axis',(1.03858443530263E-15,-1.,-1.41206490944512E-15));
#9246=DIRECTION('ref_axis',(1.,1.03858443530263E-15,-4.16370514360025E-16));
#9247=DIRECTION('',(-1.03858443530263E-15,1.,1.41206490944512E-15));
#9248=DIRECTION('',(-1.03858443530263E-15,1.,1.41206490944512E-15));
#9249=DIRECTION('center_axis',(1.03858443530263E-15,-1.,-1.41206490944512E-15));
#9250=DIRECTION('ref_axis',(1.,1.03858443530263E-15,-4.16370514360025E-16));
#9251=DIRECTION('center_axis',(1.03858443530263E-15,-1.,-1.41206490944512E-15));
#9252=DIRECTION('ref_axis',(-1.,-1.03858443530263E-15,2.9390583444529E-16));
#9253=DIRECTION('',(1.03858443530263E-15,-1.,-1.41206490944512E-15));
#9254=DIRECTION('',(1.03858443530263E-15,-1.,-1.41206490944512E-15));
#9255=DIRECTION('center_axis',(1.,1.03858443530263E-15,-2.9390583444529E-16));
#9256=DIRECTION('ref_axis',(1.03858443530263E-15,-1.,-1.41206490944512E-15));
#9257=DIRECTION('',(1.03858443530263E-15,-1.,-1.41206490944512E-15));
#9258=DIRECTION('center_axis',(1.03858443530263E-15,-1.,-1.41206490944512E-15));
#9259=DIRECTION('ref_axis',(-1.,-1.03858443530263E-15,2.9390583444529E-16));
#9260=DIRECTION('',(1.03858443530263E-15,-1.,-1.41206490944512E-15));
#9261=DIRECTION('center_axis',(2.93905834445291E-16,-1.41206490944512E-15,
1.));
#9262=DIRECTION('ref_axis',(1.03858443530263E-15,-1.,-1.41206490944512E-15));
#9263=DIRECTION('',(1.03858443530263E-15,-1.,-1.41206490944512E-15));
#9264=DIRECTION('center_axis',(1.03858443530263E-15,-1.,-1.41206490944512E-15));
#9265=DIRECTION('ref_axis',(-1.,-1.03858443530263E-15,2.9390583444529E-16));
#9266=DIRECTION('',(1.03858443530263E-15,-1.,-1.41206490944512E-15));
#9267=DIRECTION('center_axis',(1.,1.03858443530263E-15,-2.9390583444529E-16));
#9268=DIRECTION('ref_axis',(1.03858443530263E-15,-1.,-1.41206490944512E-15));
#9269=DIRECTION('',(1.03858443530263E-15,-1.,-1.41206490944512E-15));
#9270=DIRECTION('',(-2.15060487902767E-16,-1.74513181683266E-15,1.));
#9271=DIRECTION('center_axis',(1.03858443530263E-15,-1.,-1.41206490944512E-15));
#9272=DIRECTION('ref_axis',(-1.,-1.03858443530263E-15,2.9390583444529E-16));
#9273=DIRECTION('',(1.03858443530263E-15,-1.,-1.41206490944512E-15));
#9274=DIRECTION('center_axis',(1.13674823954195E-16,-1.41206490944512E-15,
1.));
#9275=DIRECTION('ref_axis',(1.,1.03858443530263E-15,-1.13674823954193E-16));
#9276=DIRECTION('center_axis',(-1.03858443530263E-15,1.,1.41206490944512E-15));
#9277=DIRECTION('ref_axis',(-1.,-1.03858443530263E-15,1.71441154530555E-16));
#9278=DIRECTION('center_axis',(-1.03858443530263E-15,1.,1.41206490944512E-15));
#9279=DIRECTION('ref_axis',(-1.,-1.03858443530263E-15,1.71441154530555E-16));
#9280=DIRECTION('center_axis',(-1.03858443530263E-15,1.,1.41206490944512E-15));
#9281=DIRECTION('ref_axis',(-1.,-1.03858443530263E-15,1.94779799393081E-15));
#9282=DIRECTION('center_axis',(-1.03858443530263E-15,1.,1.41206490944512E-15));
#9283=DIRECTION('ref_axis',(-1.,-1.03858443530263E-15,1.71441154530555E-16));
#9284=DIRECTION('center_axis',(6.46215085815576E-17,1.41206490944512E-15,
-1.));
#9285=DIRECTION('ref_axis',(-1.,-1.03858443530263E-15,-6.46215085815591E-17));
#9286=DIRECTION('',(-1.03858443530263E-15,1.,1.41206490944512E-15));
#9287=DIRECTION('center_axis',(-1.03858443530263E-15,1.,1.41206490944512E-15));
#9288=DIRECTION('ref_axis',(-0.933503385868831,-4.63199973463875E-16,-0.358568582800317));
#9289=DIRECTION('',(-1.03858443530263E-15,1.,1.41206490944512E-15));
#9290=DIRECTION('center_axis',(-1.03858443530263E-15,1.,1.41206490944512E-15));
#9291=DIRECTION('ref_axis',(1.,1.03858443530263E-15,-2.9390583444529E-16));
#9292=DIRECTION('',(-1.03858443530263E-15,1.,1.41206490944512E-15));
#9293=DIRECTION('center_axis',(-1.03858443530263E-15,1.,1.41206490944512E-15));
#9294=DIRECTION('ref_axis',(1.,1.03858443530263E-15,-2.9390583444529E-16));
#9295=DIRECTION('',(-1.03858443530263E-15,1.,1.41206490944512E-15));
#9296=DIRECTION('center_axis',(3.55258490790122E-17,-1.41206490944512E-15,
1.));
#9297=DIRECTION('ref_axis',(1.,1.03858443530263E-15,-3.55258490790107E-17));
#9298=DIRECTION('',(1.03858443530263E-15,-1.,-1.41206490944512E-15));
#9299=DIRECTION('center_axis',(-5.15374393330674E-16,1.41206490944512E-15,
-1.));
#9300=DIRECTION('ref_axis',(-1.,-1.03858443530263E-15,5.15374393330672E-16));
#9301=DIRECTION('',(-1.03858443530263E-15,1.,1.41206490944512E-15));
#9302=DIRECTION('',(-1.03858443530263E-15,1.,1.41206490944512E-15));
#9303=DIRECTION('center_axis',(-1.03858443530263E-15,1.,1.41206490944512E-15));
#9304=DIRECTION('ref_axis',(1.,1.03858443530263E-15,-2.9390583444529E-16));
#9305=DIRECTION('',(-1.03858443530263E-15,1.,1.41206490944512E-15));
#9306=DIRECTION('center_axis',(-1.03858443530263E-15,1.,1.41206490944512E-15));
#9307=DIRECTION('ref_axis',(1.,1.03858443530263E-15,-2.9390583444529E-16));
#9308=DIRECTION('',(-1.03858443530263E-15,1.,1.41206490944512E-15));
#9309=DIRECTION('center_axis',(-1.03858443530263E-15,1.,1.41206490944512E-15));
#9310=DIRECTION('ref_axis',(-0.933503385868831,-1.47584420026746E-15,0.358568582800317));
#9311=DIRECTION('',(-1.03858443530263E-15,1.,1.41206490944512E-15));
#9312=DIRECTION('center_axis',(6.5243317747214E-16,-1.41206490944512E-15,
1.));
#9313=DIRECTION('ref_axis',(1.,1.03858443530263E-15,-6.52433177472139E-16));
#9314=DIRECTION('center_axis',(1.03858443530263E-15,-1.,-1.41206490944512E-15));
#9315=DIRECTION('ref_axis',(1.,1.03858443530263E-15,-4.16370514360025E-16));
#9316=DIRECTION('center_axis',(1.,1.03858687060607E-15,2.15060487902769E-16));
#9317=DIRECTION('ref_axis',(2.15060487902767E-16,1.74513181683266E-15,-1.));
#9318=DIRECTION('center_axis',(1.,1.03858687060607E-15,2.15060487902769E-16));
#9319=DIRECTION('ref_axis',(2.15060487902767E-16,1.74513181683266E-15,-1.));
#9320=DIRECTION('',(1.,1.03858687060607E-15,2.15060487902769E-16));
#9321=DIRECTION('center_axis',(1.,1.03858687060607E-15,2.15060487902769E-16));
#9322=DIRECTION('ref_axis',(2.15060487902767E-16,1.74513181683266E-15,-1.));
#9323=DIRECTION('center_axis',(-1.,-1.03858687060607E-15,-2.15060487902769E-16));
#9324=DIRECTION('ref_axis',(2.15060487902767E-16,1.74513181683266E-15,-1.));
#9325=DIRECTION('center_axis',(-1.03858687060608E-15,1.,1.74513181683266E-15));
#9326=DIRECTION('ref_axis',(-1.,-1.03858687060607E-15,-2.15060487902769E-16));
#9327=DIRECTION('',(-1.03858687060608E-15,1.,1.74513181683266E-15));
#9328=DIRECTION('center_axis',(-1.03858687060608E-15,1.,1.74513181683266E-15));
#9329=DIRECTION('ref_axis',(-1.,-1.03858687060607E-15,-2.15060487902769E-16));
#9330=DIRECTION('center_axis',(-1.03858687060608E-15,1.,1.74513181683266E-15));
#9331=DIRECTION('ref_axis',(-1.,-1.03858687060607E-15,-2.15060487902769E-16));
#9332=DIRECTION('center_axis',(-1.03858687060608E-15,1.,1.74513181683266E-15));
#9333=DIRECTION('ref_axis',(-1.,-1.03858687060607E-15,-2.15060487902769E-16));
#9334=DIRECTION('',(-1.03858687060608E-15,1.,1.74513181683266E-15));
#9335=DIRECTION('center_axis',(1.,1.03858687060607E-15,2.15060487902769E-16));
#9336=DIRECTION('ref_axis',(-2.15060487902767E-16,-1.74513181683266E-15,
1.));
#9337=DIRECTION('center_axis',(1.,1.03858687060607E-15,2.15060487902769E-16));
#9338=DIRECTION('ref_axis',(-2.15060487902767E-16,-1.74513181683266E-15,
1.));
#9339=DIRECTION('',(1.,1.03858687060607E-15,2.15060487902769E-16));
#9340=DIRECTION('center_axis',(1.,1.03858687060607E-15,2.15060487902769E-16));
#9341=DIRECTION('ref_axis',(-2.15060487902767E-16,-1.74513181683266E-15,
1.));
#9342=DIRECTION('center_axis',(1.,1.03858687060607E-15,2.15060487902769E-16));
#9343=DIRECTION('ref_axis',(-2.15060487902767E-16,-1.74513181683266E-15,
1.));
#9344=DIRECTION('',(1.,1.03858687060607E-15,2.15060487902769E-16));
#9345=DIRECTION('center_axis',(1.,1.03858687060607E-15,2.15060487902769E-16));
#9346=DIRECTION('ref_axis',(-2.15060487902767E-16,-1.74513181683266E-15,
1.));
#9347=DIRECTION('center_axis',(1.,1.03858687060607E-15,2.15060487902769E-16));
#9348=DIRECTION('ref_axis',(-2.15060487902767E-16,-1.74513181683266E-15,
1.));
#9349=DIRECTION('',(1.,1.03858687060607E-15,2.15060487902769E-16));
#9350=DIRECTION('center_axis',(1.,1.03858687060607E-15,2.15060487902769E-16));
#9351=DIRECTION('ref_axis',(-2.15060487902767E-16,-1.74513181683266E-15,
1.));
#9352=DIRECTION('center_axis',(1.,1.03858687060607E-15,2.15060487902769E-16));
#9353=DIRECTION('ref_axis',(-2.15060487902767E-16,-1.74513181683266E-15,
1.));
#9354=DIRECTION('',(1.,1.03858687060607E-15,2.15060487902769E-16));
#9355=DIRECTION('center_axis',(1.,1.03858687060607E-15,2.15060487902769E-16));
#9356=DIRECTION('ref_axis',(-2.15060487902767E-16,-1.74513181683266E-15,
1.));
#9357=DIRECTION('center_axis',(1.,1.03858687060607E-15,2.15060487902769E-16));
#9358=DIRECTION('ref_axis',(-2.15060487902767E-16,-1.74513181683266E-15,
1.));
#9359=DIRECTION('',(1.,1.03858687060607E-15,2.15060487902769E-16));
#9360=DIRECTION('center_axis',(1.,1.03858687060607E-15,2.15060487902769E-16));
#9361=DIRECTION('ref_axis',(-2.15060487902767E-16,-1.74513181683266E-15,
1.));
#9362=DIRECTION('center_axis',(1.,1.03858687060607E-15,2.15060487902769E-16));
#9363=DIRECTION('ref_axis',(-2.15060487902767E-16,-1.74513181683266E-15,
1.));
#9364=DIRECTION('',(1.,1.03858687060607E-15,2.15060487902769E-16));
#9365=DIRECTION('center_axis',(-1.,-1.03858687060607E-15,-2.15060487902769E-16));
#9366=DIRECTION('ref_axis',(2.15060487902767E-16,1.74513181683266E-15,-1.));
#9367=DIRECTION('center_axis',(1.,1.03858687060607E-15,2.15060487902769E-16));
#9368=DIRECTION('ref_axis',(-2.15060487902767E-16,-1.74513181683266E-15,
1.));
#9369=DIRECTION('',(1.,1.03858687060607E-15,2.15060487902769E-16));
#9370=DIRECTION('center_axis',(1.,1.03858687060607E-15,2.15060487902769E-16));
#9371=DIRECTION('ref_axis',(-2.15060487902767E-16,-1.74513181683266E-15,
1.));
#9372=DIRECTION('',(-1.,-1.03858687060607E-15,-2.15060487902769E-16));
#9373=DIRECTION('center_axis',(2.15060487902767E-16,1.74513181683266E-15,
-1.));
#9374=DIRECTION('ref_axis',(1.,1.03858687060607E-15,2.15060487902769E-16));
#9375=DIRECTION('',(1.03858687060608E-15,-1.,-1.74513181683266E-15));
#9376=DIRECTION('',(-1.,-1.03858687060607E-15,-2.15060487902769E-16));
#9377=DIRECTION('',(1.03858687060608E-15,-1.,-1.74513181683266E-15));
#9378=DIRECTION('center_axis',(2.15060487902767E-16,1.74513181683266E-15,
-1.));
#9379=DIRECTION('ref_axis',(1.,1.03858687060608E-15,2.15060487902769E-16));
#9380=DIRECTION('',(-1.03858687060608E-15,1.,1.74513181683266E-15));
#9381=DIRECTION('center_axis',(-1.,-1.03858687060607E-15,-2.15060487902769E-16));
#9382=DIRECTION('ref_axis',(2.15060487902767E-16,1.74513181683266E-15,-1.));
#9383=DIRECTION('center_axis',(1.,1.03858687060607E-15,2.15060487902769E-16));
#9384=DIRECTION('ref_axis',(-2.15060487902767E-16,-1.74513181683266E-15,
1.));
#9385=DIRECTION('',(1.,1.03858687060607E-15,2.15060487902769E-16));
#9386=DIRECTION('center_axis',(1.,1.03858687060607E-15,2.15060487902769E-16));
#9387=DIRECTION('ref_axis',(-2.15060487902767E-16,-1.74513181683266E-15,
1.));
#9388=DIRECTION('center_axis',(-2.15060487902767E-16,-1.74513181683266E-15,
1.));
#9389=DIRECTION('ref_axis',(-1.,-1.03858687060607E-15,-2.15060487902769E-16));
#9390=DIRECTION('',(-1.03858687060608E-15,1.,1.74513181683266E-15));
#9391=DIRECTION('',(-1.03858687060608E-15,1.,1.74513181683266E-15));
#9392=DIRECTION('center_axis',(-2.15060487902767E-16,-1.74513181683266E-15,
1.));
#9393=DIRECTION('ref_axis',(-1.,-1.03858687060607E-15,-2.15060487902769E-16));
#9394=DIRECTION('',(-1.03858687060608E-15,1.,1.74513181683266E-15));
#9395=DIRECTION('center_axis',(1.,1.03858687060607E-15,2.15060487902769E-16));
#9396=DIRECTION('ref_axis',(-2.15060487902767E-16,-1.74513181683266E-15,
1.));
#9397=DIRECTION('',(-2.15060487902767E-16,-1.74513181683266E-15,1.));
#9398=DIRECTION('',(-2.15060487902767E-16,-1.74513181683266E-15,1.));
#9399=DIRECTION('',(-1.03858687060608E-15,1.,1.74513181683266E-15));
#9400=DIRECTION('',(-1.03858687060608E-15,1.,1.74513181683266E-15));
#9401=DIRECTION('',(-2.15060487902767E-16,-1.74513181683266E-15,1.));
#9402=DIRECTION('center_axis',(1.,1.03858687060607E-15,2.15060487902769E-16));
#9403=DIRECTION('ref_axis',(-2.15060487902767E-16,-1.74513181683266E-15,
1.));
#9404=DIRECTION('',(-2.15060487902767E-16,-1.74513181683266E-15,1.));
#9405=DIRECTION('center_axis',(-1.03858687060608E-15,1.,1.74513181683266E-15));
#9406=DIRECTION('ref_axis',(1.,1.03858687060607E-15,1.22570358751763E-15));
#9407=DIRECTION('',(-1.03858687060608E-15,1.,1.74513181683266E-15));
#9408=DIRECTION('center_axis',(-1.03858687060608E-15,1.,1.74513181683266E-15));
#9409=DIRECTION('ref_axis',(-1.,-1.03858687060607E-15,-2.15060487902769E-16));
#9410=DIRECTION('center_axis',(2.15060487902767E-16,1.74513181683266E-15,
-1.));
#9411=DIRECTION('ref_axis',(1.,1.03858687060607E-15,2.15060487902769E-16));
#9412=DIRECTION('center_axis',(2.15060487902767E-16,1.74513181683266E-15,
-1.));
#9413=DIRECTION('ref_axis',(1.,1.03858687060608E-15,2.15060487902769E-16));
#9414=DIRECTION('center_axis',(-1.03858687060608E-15,1.,1.74513181683266E-15));
#9415=DIRECTION('ref_axis',(-1.,-1.03858687060607E-15,-2.15060487902769E-16));
#9416=DIRECTION('',(2.15060487902767E-16,1.74513181683266E-15,-1.));
#9417=DIRECTION('center_axis',(2.15060487902767E-16,1.74513181683266E-15,
-1.));
#9418=DIRECTION('ref_axis',(1.,1.03858687060607E-15,2.15060487902769E-16));
#9419=DIRECTION('',(-1.03858687060608E-15,1.,1.74513181683266E-15));
#9420=DIRECTION('center_axis',(-2.15060487902767E-16,-1.74513181683266E-15,
1.));
#9421=DIRECTION('ref_axis',(1.,1.03858687060608E-15,2.15060487902769E-16));
#9422=DIRECTION('center_axis',(-1.03858687060608E-15,1.,1.74513181683266E-15));
#9423=DIRECTION('ref_axis',(1.,1.03858687060607E-15,3.37525167817504E-16));
#9424=DIRECTION('center_axis',(1.03858687060608E-15,-1.,-1.74513181683266E-15));
#9425=DIRECTION('ref_axis',(-1.,-1.03858687060607E-15,-2.15060487902769E-16));
#9426=DIRECTION('center_axis',(-1.03858687060608E-15,1.,1.74513181683266E-15));
#9427=DIRECTION('ref_axis',(-1.,-1.03858687060607E-15,-2.15060487902769E-16));
#9428=DIRECTION('',(2.15060487902767E-16,1.74513181683266E-15,-1.));
#9429=DIRECTION('center_axis',(2.15060487902767E-16,1.74513181683266E-15,
-1.));
#9430=DIRECTION('ref_axis',(1.,1.03858687060608E-15,2.15060487902769E-16));
#9431=DIRECTION('center_axis',(2.15060487902767E-16,1.74513181683266E-15,
-1.));
#9432=DIRECTION('ref_axis',(1.,1.03858687060608E-15,2.15060487902769E-16));
#9433=DIRECTION('center_axis',(-1.03858687060608E-15,1.,1.74513181683266E-15));
#9434=DIRECTION('ref_axis',(-1.,-1.03858687060607E-15,-2.15060487902769E-16));
#9435=DIRECTION('center_axis',(-1.03858425924646E-15,1.,1.63410951437015E-15));
#9436=DIRECTION('ref_axis',(-7.04459991920967E-13,1.63410951436942E-15,
-1.));
#9437=DIRECTION('',(0.50000000000061,-8.9588822238596E-16,0.866025403784086));
#9438=DIRECTION('',(1.,1.03858425924761E-15,-7.04585184804196E-13));
#9439=DIRECTION('',(0.49999999999939,1.93447248163357E-15,-0.866025403784791));
#9440=DIRECTION('',(-0.50000000000061,8.9588822238596E-16,-0.866025403784087));
#9441=DIRECTION('',(-1.,-1.03858425924761E-15,7.04209606154511E-13));
#9442=DIRECTION('',(-0.49999999999939,-1.93447248163357E-15,0.866025403784791));
#9443=DIRECTION('center_axis',(7.04585184804196E-13,-1.63410951436942E-15,
1.));
#9444=DIRECTION('ref_axis',(-1.,-1.03858425924761E-15,7.04585184804195E-13));
#9445=DIRECTION('',(1.,1.03858425924761E-15,-7.04585184804196E-13));
#9446=DIRECTION('',(-1.03858425924646E-15,1.,1.63410951437015E-15));
#9447=DIRECTION('',(-1.03858425924646E-15,1.,1.63410951437015E-15));
#9448=DIRECTION('center_axis',(0.866025403784791,8.23855952943674E-17,0.49999999999939));
#9449=DIRECTION('ref_axis',(-0.49999999999939,-1.93447248163357E-15,0.866025403784791));
#9450=DIRECTION('',(0.49999999999939,1.93447248163357E-15,-0.866025403784791));
#9451=DIRECTION('',(-1.03858425924646E-15,1.,1.63410951437015E-15));
#9452=DIRECTION('center_axis',(0.866025403784086,1.71649510966378E-15,-0.50000000000061));
#9453=DIRECTION('ref_axis',(0.50000000000061,-8.9588822238596E-16,0.866025403784087));
#9454=DIRECTION('',(-0.50000000000061,8.9588822238596E-16,-0.866025403784087));
#9455=DIRECTION('',(-1.03858425924646E-15,1.,1.63410951437015E-15));
#9456=DIRECTION('center_axis',(-7.04209606154511E-13,1.63410951436942E-15,
-1.));
#9457=DIRECTION('ref_axis',(1.,1.03858425924761E-15,-7.04209606154511E-13));
#9458=DIRECTION('',(-1.,-1.03858425924761E-15,7.04209606154511E-13));
#9459=DIRECTION('',(-1.03858425924646E-15,1.,1.63410951437015E-15));
#9460=DIRECTION('center_axis',(-0.866025403784791,-8.23855952943674E-17,
-0.49999999999939));
#9461=DIRECTION('ref_axis',(0.49999999999939,1.93447248163357E-15,-0.866025403784791));
#9462=DIRECTION('',(-0.49999999999939,-1.93447248163357E-15,0.866025403784791));
#9463=DIRECTION('',(-1.03858425924646E-15,1.,1.63410951437015E-15));
#9464=DIRECTION('center_axis',(-0.866025403784086,-1.71649510966378E-15,
0.50000000000061));
#9465=DIRECTION('ref_axis',(-0.50000000000061,8.9588822238596E-16,-0.866025403784087));
#9466=DIRECTION('',(0.50000000000061,-8.9588822238596E-16,0.866025403784086));
#9467=DIRECTION('center_axis',(1.03858425924646E-15,-1.,-1.63410951437015E-15));
#9468=DIRECTION('ref_axis',(7.04459991920967E-13,-1.63410951436942E-15,
1.));
#9469=DIRECTION('center_axis',(1.03858425924646E-15,-1.,-1.63410951437015E-15));
#9470=DIRECTION('ref_axis',(7.04459991920967E-13,-1.63410951436942E-15,
1.));
#9471=DIRECTION('center_axis',(-1.03858425924646E-15,1.,1.63410951437015E-15));
#9472=DIRECTION('ref_axis',(-7.04459991920967E-13,1.63410951436942E-15,
-1.));
#9473=DIRECTION('',(1.03858425924646E-15,-1.,-1.63410951437015E-15));
#9474=DIRECTION('center_axis',(-1.03858425924646E-15,1.,1.63410951437015E-15));
#9475=DIRECTION('ref_axis',(-7.04459991920967E-13,1.63410951436942E-15,
-1.));
#9476=DIRECTION('',(0.50000000000061,-8.9588822238596E-16,0.866025403784086));
#9477=DIRECTION('',(1.,1.03858425924761E-15,-7.04585184804196E-13));
#9478=DIRECTION('',(0.49999999999939,1.93447248163357E-15,-0.866025403784791));
#9479=DIRECTION('',(-0.50000000000061,8.9588822238596E-16,-0.866025403784087));
#9480=DIRECTION('',(-1.,-1.03858425924761E-15,7.04209606154511E-13));
#9481=DIRECTION('',(-0.49999999999939,-1.93447248163357E-15,0.866025403784791));
#9482=DIRECTION('center_axis',(7.04585184804196E-13,-1.63410951436942E-15,
1.));
#9483=DIRECTION('ref_axis',(-1.,-1.03858425924761E-15,7.04585184804195E-13));
#9484=DIRECTION('',(1.,1.03858425924761E-15,-7.04585184804196E-13));
#9485=DIRECTION('',(-1.03858425924646E-15,1.,1.63410951437015E-15));
#9486=DIRECTION('',(-1.03858425924646E-15,1.,1.63410951437015E-15));
#9487=DIRECTION('center_axis',(0.866025403784791,8.23855952943674E-17,0.49999999999939));
#9488=DIRECTION('ref_axis',(-0.49999999999939,-1.93447248163357E-15,0.866025403784791));
#9489=DIRECTION('',(0.49999999999939,1.93447248163357E-15,-0.866025403784791));
#9490=DIRECTION('',(-1.03858425924646E-15,1.,1.63410951437015E-15));
#9491=DIRECTION('center_axis',(0.866025403784086,1.71649510966378E-15,-0.50000000000061));
#9492=DIRECTION('ref_axis',(0.50000000000061,-8.9588822238596E-16,0.866025403784087));
#9493=DIRECTION('',(-0.50000000000061,8.9588822238596E-16,-0.866025403784087));
#9494=DIRECTION('',(-1.03858425924646E-15,1.,1.63410951437015E-15));
#9495=DIRECTION('center_axis',(-7.04209606154511E-13,1.63410951436942E-15,
-1.));
#9496=DIRECTION('ref_axis',(1.,1.03858425924761E-15,-7.04209606154511E-13));
#9497=DIRECTION('',(-1.,-1.03858425924761E-15,7.04209606154511E-13));
#9498=DIRECTION('',(-1.03858425924646E-15,1.,1.63410951437015E-15));
#9499=DIRECTION('center_axis',(-0.866025403784791,-8.23855952943674E-17,
-0.49999999999939));
#9500=DIRECTION('ref_axis',(0.49999999999939,1.93447248163357E-15,-0.866025403784791));
#9501=DIRECTION('',(-0.49999999999939,-1.93447248163357E-15,0.866025403784791));
#9502=DIRECTION('',(-1.03858425924646E-15,1.,1.63410951437015E-15));
#9503=DIRECTION('center_axis',(-0.866025403784086,-1.71649510966378E-15,
0.50000000000061));
#9504=DIRECTION('ref_axis',(-0.50000000000061,8.9588822238596E-16,-0.866025403784087));
#9505=DIRECTION('',(0.50000000000061,-8.9588822238596E-16,0.866025403784086));
#9506=DIRECTION('center_axis',(1.03858425924646E-15,-1.,-1.63410951437015E-15));
#9507=DIRECTION('ref_axis',(7.04459991920967E-13,-1.63410951436942E-15,
1.));
#9508=DIRECTION('center_axis',(1.03858425924646E-15,-1.,-1.63410951437015E-15));
#9509=DIRECTION('ref_axis',(7.04459991920967E-13,-1.63410951436942E-15,
1.));
#9510=DIRECTION('center_axis',(-1.03858425924646E-15,1.,1.63410951437015E-15));
#9511=DIRECTION('ref_axis',(-7.04459991920967E-13,1.63410951436942E-15,
-1.));
#9512=DIRECTION('',(1.03858425924646E-15,-1.,-1.63410951437015E-15));
#9513=DIRECTION('center_axis',(-1.03858431884704E-15,1.,1.13450915328883E-15));
#9514=DIRECTION('ref_axis',(2.66117576695989E-16,1.13450915328883E-15,-1.));
#9515=DIRECTION('',(0.5,-4.63221588150581E-16,0.866025403784439));
#9516=DIRECTION('',(1.,1.03858431884704E-15,1.40924693467894E-16));
#9517=DIRECTION('',(0.500000000000001,1.50180590699762E-15,-0.866025403784438));
#9518=DIRECTION('',(-0.5,4.63221588150581E-16,-0.866025403784439));
#9519=DIRECTION('',(-1.,-1.03858431884703E-15,-5.16503343152184E-16));
#9520=DIRECTION('',(-0.500000000000001,-1.50180590699762E-15,0.866025403784438));
#9521=DIRECTION('center_axis',(-1.40924693467893E-16,-1.13450915328883E-15,
1.));
#9522=DIRECTION('ref_axis',(-1.,-1.03858431884704E-15,-1.40924693467894E-16));
#9523=DIRECTION('',(1.,1.03858431884704E-15,1.40924693467894E-16));
#9524=DIRECTION('',(-1.03858431884704E-15,1.,1.13450915328883E-15));
#9525=DIRECTION('',(-1.03858431884704E-15,1.,1.13450915328883E-15));
#9526=DIRECTION('center_axis',(0.866025403784438,3.32185827449275E-16,0.500000000000001));
#9527=DIRECTION('ref_axis',(-0.500000000000001,-1.50180590699762E-15,0.866025403784438));
#9528=DIRECTION('',(0.500000000000001,1.50180590699762E-15,-0.866025403784438));
#9529=DIRECTION('',(-1.03858431884704E-15,1.,1.13450915328883E-15));
#9530=DIRECTION('center_axis',(0.866025403784439,1.4666949807381E-15,-0.5));
#9531=DIRECTION('ref_axis',(0.5,-4.63221588150582E-16,0.866025403784439));
#9532=DIRECTION('',(-0.5,4.63221588150581E-16,-0.866025403784439));
#9533=DIRECTION('',(-1.03858431884704E-15,1.,1.13450915328883E-15));
#9534=DIRECTION('center_axis',(5.16503343152182E-16,1.13450915328883E-15,
-1.));
#9535=DIRECTION('ref_axis',(1.,1.03858431884703E-15,5.16503343152184E-16));
#9536=DIRECTION('',(-1.,-1.03858431884703E-15,-5.16503343152184E-16));
#9537=DIRECTION('',(-1.03858431884704E-15,1.,1.13450915328883E-15));
#9538=DIRECTION('center_axis',(-0.866025403784438,-3.32185827449275E-16,
-0.500000000000001));
#9539=DIRECTION('ref_axis',(0.500000000000001,1.50180590699762E-15,-0.866025403784438));
#9540=DIRECTION('',(-0.500000000000001,-1.50180590699762E-15,0.866025403784438));
#9541=DIRECTION('',(-1.03858431884704E-15,1.,1.13450915328883E-15));
#9542=DIRECTION('center_axis',(-0.866025403784439,-1.4666949807381E-15,
0.5));
#9543=DIRECTION('ref_axis',(-0.5,4.63221588150582E-16,-0.866025403784439));
#9544=DIRECTION('',(0.5,-4.63221588150581E-16,0.866025403784439));
#9545=DIRECTION('center_axis',(1.03858431884704E-15,-1.,-1.13450915328883E-15));
#9546=DIRECTION('ref_axis',(-2.66117576695989E-16,-1.13450915328883E-15,
1.));
#9547=DIRECTION('center_axis',(1.03858431884704E-15,-1.,-1.13450915328883E-15));
#9548=DIRECTION('ref_axis',(-2.66117576695989E-16,-1.13450915328883E-15,
1.));
#9549=DIRECTION('center_axis',(-1.03858431884704E-15,1.,1.13450915328883E-15));
#9550=DIRECTION('ref_axis',(2.66117576695989E-16,1.13450915328883E-15,-1.));
#9551=DIRECTION('',(1.03858431884704E-15,-1.,-1.13450915328883E-15));
#9552=DIRECTION('center_axis',(-1.03858431884704E-15,1.,1.13450915328883E-15));
#9553=DIRECTION('ref_axis',(2.66117576695989E-16,1.13450915328883E-15,-1.));
#9554=DIRECTION('',(0.5,-4.63221588150581E-16,0.866025403784439));
#9555=DIRECTION('',(1.,1.03858431884704E-15,1.40924693467894E-16));
#9556=DIRECTION('',(0.500000000000001,1.50180590699762E-15,-0.866025403784438));
#9557=DIRECTION('',(-0.5,4.63221588150581E-16,-0.866025403784439));
#9558=DIRECTION('',(-1.,-1.03858431884703E-15,-5.16503343152184E-16));
#9559=DIRECTION('',(-0.500000000000001,-1.50180590699762E-15,0.866025403784438));
#9560=DIRECTION('center_axis',(-1.40924693467893E-16,-1.13450915328883E-15,
1.));
#9561=DIRECTION('ref_axis',(-1.,-1.03858431884704E-15,-1.40924693467894E-16));
#9562=DIRECTION('',(1.,1.03858431884704E-15,1.40924693467894E-16));
#9563=DIRECTION('',(-1.03858431884704E-15,1.,1.13450915328883E-15));
#9564=DIRECTION('',(-1.03858431884704E-15,1.,1.13450915328883E-15));
#9565=DIRECTION('center_axis',(0.866025403784438,3.32185827449275E-16,0.500000000000001));
#9566=DIRECTION('ref_axis',(-0.500000000000001,-1.50180590699762E-15,0.866025403784438));
#9567=DIRECTION('',(0.500000000000001,1.50180590699762E-15,-0.866025403784438));
#9568=DIRECTION('',(-1.03858431884704E-15,1.,1.13450915328883E-15));
#9569=DIRECTION('center_axis',(0.866025403784439,1.4666949807381E-15,-0.5));
#9570=DIRECTION('ref_axis',(0.5,-4.63221588150582E-16,0.866025403784439));
#9571=DIRECTION('',(-0.5,4.63221588150581E-16,-0.866025403784439));
#9572=DIRECTION('',(-1.03858431884704E-15,1.,1.13450915328883E-15));
#9573=DIRECTION('center_axis',(5.16503343152182E-16,1.13450915328883E-15,
-1.));
#9574=DIRECTION('ref_axis',(1.,1.03858431884703E-15,5.16503343152184E-16));
#9575=DIRECTION('',(-1.,-1.03858431884703E-15,-5.16503343152184E-16));
#9576=DIRECTION('',(-1.03858431884704E-15,1.,1.13450915328883E-15));
#9577=DIRECTION('center_axis',(-0.866025403784438,-3.32185827449275E-16,
-0.500000000000001));
#9578=DIRECTION('ref_axis',(0.500000000000001,1.50180590699762E-15,-0.866025403784438));
#9579=DIRECTION('',(-0.500000000000001,-1.50180590699762E-15,0.866025403784438));
#9580=DIRECTION('',(-1.03858431884704E-15,1.,1.13450915328883E-15));
#9581=DIRECTION('center_axis',(-0.866025403784439,-1.4666949807381E-15,
0.5));
#9582=DIRECTION('ref_axis',(-0.5,4.63221588150582E-16,-0.866025403784439));
#9583=DIRECTION('',(0.5,-4.63221588150581E-16,0.866025403784439));
#9584=DIRECTION('center_axis',(1.03858431884704E-15,-1.,-1.13450915328883E-15));
#9585=DIRECTION('ref_axis',(-2.66117576695989E-16,-1.13450915328883E-15,
1.));
#9586=DIRECTION('center_axis',(1.03858431884704E-15,-1.,-1.13450915328883E-15));
#9587=DIRECTION('ref_axis',(-2.66117576695989E-16,-1.13450915328883E-15,
1.));
#9588=DIRECTION('center_axis',(-1.03858431884704E-15,1.,1.13450915328883E-15));
#9589=DIRECTION('ref_axis',(2.66117576695989E-16,1.13450915328883E-15,-1.));
#9590=DIRECTION('',(1.03858431884704E-15,-1.,-1.13450915328883E-15));
#9591=DIRECTION('center_axis',(-1.03858431884704E-15,1.,1.13450915328883E-15));
#9592=DIRECTION('ref_axis',(2.66117576695989E-16,1.13450915328883E-15,-1.));
#9593=DIRECTION('',(0.5,-4.63221588150581E-16,0.866025403784439));
#9594=DIRECTION('',(1.,1.03858431884704E-15,1.40924693467894E-16));
#9595=DIRECTION('',(0.500000000000001,1.50180590699762E-15,-0.866025403784438));
#9596=DIRECTION('',(-0.5,4.63221588150581E-16,-0.866025403784439));
#9597=DIRECTION('',(-1.,-1.03858431884703E-15,-5.16503343152184E-16));
#9598=DIRECTION('',(-0.500000000000001,-1.50180590699762E-15,0.866025403784438));
#9599=DIRECTION('center_axis',(-1.40924693467893E-16,-1.13450915328883E-15,
1.));
#9600=DIRECTION('ref_axis',(-1.,-1.03858431884704E-15,-1.40924693467894E-16));
#9601=DIRECTION('',(1.,1.03858431884704E-15,1.40924693467894E-16));
#9602=DIRECTION('',(-1.03858431884704E-15,1.,1.13450915328883E-15));
#9603=DIRECTION('',(-1.03858431884704E-15,1.,1.13450915328883E-15));
#9604=DIRECTION('center_axis',(0.866025403784438,3.32185827449275E-16,0.500000000000001));
#9605=DIRECTION('ref_axis',(-0.500000000000001,-1.50180590699762E-15,0.866025403784438));
#9606=DIRECTION('',(0.500000000000001,1.50180590699762E-15,-0.866025403784438));
#9607=DIRECTION('',(-1.03858431884704E-15,1.,1.13450915328883E-15));
#9608=DIRECTION('center_axis',(0.866025403784439,1.4666949807381E-15,-0.5));
#9609=DIRECTION('ref_axis',(0.5,-4.63221588150582E-16,0.866025403784439));
#9610=DIRECTION('',(-0.5,4.63221588150581E-16,-0.866025403784439));
#9611=DIRECTION('',(-1.03858431884704E-15,1.,1.13450915328883E-15));
#9612=DIRECTION('center_axis',(5.16503343152182E-16,1.13450915328883E-15,
-1.));
#9613=DIRECTION('ref_axis',(1.,1.03858431884703E-15,5.16503343152184E-16));
#9614=DIRECTION('',(-1.,-1.03858431884703E-15,-5.16503343152184E-16));
#9615=DIRECTION('',(-1.03858431884704E-15,1.,1.13450915328883E-15));
#9616=DIRECTION('center_axis',(-0.866025403784438,-3.32185827449275E-16,
-0.500000000000001));
#9617=DIRECTION('ref_axis',(0.500000000000001,1.50180590699762E-15,-0.866025403784438));
#9618=DIRECTION('',(-0.500000000000001,-1.50180590699762E-15,0.866025403784438));
#9619=DIRECTION('',(-1.03858431884704E-15,1.,1.13450915328883E-15));
#9620=DIRECTION('center_axis',(-0.866025403784439,-1.4666949807381E-15,
0.5));
#9621=DIRECTION('ref_axis',(-0.5,4.63221588150582E-16,-0.866025403784439));
#9622=DIRECTION('',(0.5,-4.63221588150581E-16,0.866025403784439));
#9623=DIRECTION('center_axis',(1.03858431884704E-15,-1.,-1.13450915328883E-15));
#9624=DIRECTION('ref_axis',(-2.66117576695989E-16,-1.13450915328883E-15,
1.));
#9625=DIRECTION('center_axis',(1.03858431884704E-15,-1.,-1.13450915328883E-15));
#9626=DIRECTION('ref_axis',(-2.66117576695989E-16,-1.13450915328883E-15,
1.));
#9627=DIRECTION('center_axis',(-1.03858431884704E-15,1.,1.13450915328883E-15));
#9628=DIRECTION('ref_axis',(2.66117576695989E-16,1.13450915328883E-15,-1.));
#9629=DIRECTION('',(1.03858431884704E-15,-1.,-1.13450915328883E-15));
#9630=DIRECTION('center_axis',(-1.03858425924646E-15,1.,1.63410951437015E-15));
#9631=DIRECTION('ref_axis',(-7.04459991920967E-13,1.63410951436942E-15,
-1.));
#9632=DIRECTION('',(0.50000000000061,-8.9588822238596E-16,0.866025403784086));
#9633=DIRECTION('',(1.,1.03858425924761E-15,-7.04585184804196E-13));
#9634=DIRECTION('',(0.49999999999939,1.93447248163357E-15,-0.866025403784791));
#9635=DIRECTION('',(-0.50000000000061,8.9588822238596E-16,-0.866025403784087));
#9636=DIRECTION('',(-1.,-1.03858425924761E-15,7.04209606154511E-13));
#9637=DIRECTION('',(-0.49999999999939,-1.93447248163357E-15,0.866025403784791));
#9638=DIRECTION('center_axis',(7.04585184804196E-13,-1.63410951436942E-15,
1.));
#9639=DIRECTION('ref_axis',(-1.,-1.03858425924761E-15,7.04585184804195E-13));
#9640=DIRECTION('',(1.,1.03858425924761E-15,-7.04585184804196E-13));
#9641=DIRECTION('',(-1.03858425924646E-15,1.,1.63410951437015E-15));
#9642=DIRECTION('',(-1.03858425924646E-15,1.,1.63410951437015E-15));
#9643=DIRECTION('center_axis',(0.866025403784791,8.23855952943674E-17,0.49999999999939));
#9644=DIRECTION('ref_axis',(-0.49999999999939,-1.93447248163357E-15,0.866025403784791));
#9645=DIRECTION('',(0.49999999999939,1.93447248163357E-15,-0.866025403784791));
#9646=DIRECTION('',(-1.03858425924646E-15,1.,1.63410951437015E-15));
#9647=DIRECTION('center_axis',(0.866025403784086,1.71649510966378E-15,-0.50000000000061));
#9648=DIRECTION('ref_axis',(0.50000000000061,-8.9588822238596E-16,0.866025403784087));
#9649=DIRECTION('',(-0.50000000000061,8.9588822238596E-16,-0.866025403784087));
#9650=DIRECTION('',(-1.03858425924646E-15,1.,1.63410951437015E-15));
#9651=DIRECTION('center_axis',(-7.04209606154511E-13,1.63410951436942E-15,
-1.));
#9652=DIRECTION('ref_axis',(1.,1.03858425924761E-15,-7.04209606154511E-13));
#9653=DIRECTION('',(-1.,-1.03858425924761E-15,7.04209606154511E-13));
#9654=DIRECTION('',(-1.03858425924646E-15,1.,1.63410951437015E-15));
#9655=DIRECTION('center_axis',(-0.866025403784791,-8.23855952943674E-17,
-0.49999999999939));
#9656=DIRECTION('ref_axis',(0.49999999999939,1.93447248163357E-15,-0.866025403784791));
#9657=DIRECTION('',(-0.49999999999939,-1.93447248163357E-15,0.866025403784791));
#9658=DIRECTION('',(-1.03858425924646E-15,1.,1.63410951437015E-15));
#9659=DIRECTION('center_axis',(-0.866025403784086,-1.71649510966378E-15,
0.50000000000061));
#9660=DIRECTION('ref_axis',(-0.50000000000061,8.9588822238596E-16,-0.866025403784087));
#9661=DIRECTION('',(0.50000000000061,-8.9588822238596E-16,0.866025403784086));
#9662=DIRECTION('center_axis',(1.03858425924646E-15,-1.,-1.63410951437015E-15));
#9663=DIRECTION('ref_axis',(7.04459991920967E-13,-1.63410951436942E-15,
1.));
#9664=DIRECTION('center_axis',(1.03858425924646E-15,-1.,-1.63410951437015E-15));
#9665=DIRECTION('ref_axis',(7.04459991920967E-13,-1.63410951436942E-15,
1.));
#9666=DIRECTION('center_axis',(-1.03858425924646E-15,1.,1.63410951437015E-15));
#9667=DIRECTION('ref_axis',(-7.04459991920967E-13,1.63410951436942E-15,
-1.));
#9668=DIRECTION('',(1.03858425924646E-15,-1.,-1.63410951437015E-15));
#9669=DIRECTION('center_axis',(-1.03858425924646E-15,1.,1.63410951437015E-15));
#9670=DIRECTION('ref_axis',(-7.04459991920967E-13,1.63410951436942E-15,
-1.));
#9671=DIRECTION('',(0.50000000000061,-8.9588822238596E-16,0.866025403784086));
#9672=DIRECTION('',(1.,1.03858425924761E-15,-7.04585184804196E-13));
#9673=DIRECTION('',(0.49999999999939,1.93447248163357E-15,-0.866025403784791));
#9674=DIRECTION('',(-0.50000000000061,8.9588822238596E-16,-0.866025403784087));
#9675=DIRECTION('',(-1.,-1.03858425924761E-15,7.04209606154511E-13));
#9676=DIRECTION('',(-0.49999999999939,-1.93447248163357E-15,0.866025403784791));
#9677=DIRECTION('center_axis',(7.04585184804196E-13,-1.63410951436942E-15,
1.));
#9678=DIRECTION('ref_axis',(-1.,-1.03858425924761E-15,7.04585184804195E-13));
#9679=DIRECTION('',(1.,1.03858425924761E-15,-7.04585184804196E-13));
#9680=DIRECTION('',(-1.03858425924646E-15,1.,1.63410951437015E-15));
#9681=DIRECTION('',(-1.03858425924646E-15,1.,1.63410951437015E-15));
#9682=DIRECTION('center_axis',(0.866025403784791,8.23855952943674E-17,0.49999999999939));
#9683=DIRECTION('ref_axis',(-0.49999999999939,-1.93447248163357E-15,0.866025403784791));
#9684=DIRECTION('',(0.49999999999939,1.93447248163357E-15,-0.866025403784791));
#9685=DIRECTION('',(-1.03858425924646E-15,1.,1.63410951437015E-15));
#9686=DIRECTION('center_axis',(0.866025403784086,1.71649510966378E-15,-0.50000000000061));
#9687=DIRECTION('ref_axis',(0.50000000000061,-8.9588822238596E-16,0.866025403784087));
#9688=DIRECTION('',(-0.50000000000061,8.9588822238596E-16,-0.866025403784087));
#9689=DIRECTION('',(-1.03858425924646E-15,1.,1.63410951437015E-15));
#9690=DIRECTION('center_axis',(-7.04209606154511E-13,1.63410951436942E-15,
-1.));
#9691=DIRECTION('ref_axis',(1.,1.03858425924761E-15,-7.04209606154511E-13));
#9692=DIRECTION('',(-1.,-1.03858425924761E-15,7.04209606154511E-13));
#9693=DIRECTION('',(-1.03858425924646E-15,1.,1.63410951437015E-15));
#9694=DIRECTION('center_axis',(-0.866025403784791,-8.23855952943674E-17,
-0.49999999999939));
#9695=DIRECTION('ref_axis',(0.49999999999939,1.93447248163357E-15,-0.866025403784791));
#9696=DIRECTION('',(-0.49999999999939,-1.93447248163357E-15,0.866025403784791));
#9697=DIRECTION('',(-1.03858425924646E-15,1.,1.63410951437015E-15));
#9698=DIRECTION('center_axis',(-0.866025403784086,-1.71649510966378E-15,
0.50000000000061));
#9699=DIRECTION('ref_axis',(-0.50000000000061,8.9588822238596E-16,-0.866025403784087));
#9700=DIRECTION('',(0.50000000000061,-8.9588822238596E-16,0.866025403784086));
#9701=DIRECTION('center_axis',(1.03858425924646E-15,-1.,-1.63410951437015E-15));
#9702=DIRECTION('ref_axis',(7.04459991920967E-13,-1.63410951436942E-15,
1.));
#9703=DIRECTION('center_axis',(-1.03858425924646E-15,1.,1.63410951437015E-15));
#9704=DIRECTION('ref_axis',(-7.04459991920967E-13,1.63410951436942E-15,
-1.));
#9705=DIRECTION('center_axis',(1.03858425924646E-15,-1.,-1.63410951437015E-15));
#9706=DIRECTION('ref_axis',(7.04459991920967E-13,-1.63410951436942E-15,
1.));
#9707=DIRECTION('center_axis',(1.03858425924646E-15,-1.,-1.63410951437015E-15));
#9708=DIRECTION('ref_axis',(7.04459991920967E-13,-1.63410951436942E-15,
1.));
#9709=DIRECTION('center_axis',(-1.03858425924646E-15,1.,1.63410951437015E-15));
#9710=DIRECTION('ref_axis',(-7.04459991920967E-13,1.63410951436942E-15,
-1.));
#9711=DIRECTION('',(1.03858425924646E-15,-1.,-1.63410951437015E-15));
#9712=DIRECTION('center_axis',(-1.03858425924646E-15,1.,1.63410951437015E-15));
#9713=DIRECTION('ref_axis',(-7.04459991920967E-13,1.63410951436942E-15,
-1.));
#9714=DIRECTION('',(-4.97480642995016E-13,-0.707106781186543,-0.707106781186552));
#9715=CARTESIAN_POINT('',(0.,0.,0.));
#9716=CARTESIAN_POINT('Origin',(5.00000000000015,39.5000000000003,-14.9999999999999));
#9717=CARTESIAN_POINT('',(5.00000000000261,43.5000000000003,-11.4999999999998));
#9718=CARTESIAN_POINT('Origin',(5.00000000000014,43.5000000000003,-14.9999999999998));
#9719=CARTESIAN_POINT('',(5.00000000000261,39.5000000000003,-11.4999999999999));
#9720=CARTESIAN_POINT('',(5.00000000000261,39.5000000000003,-11.4999999999999));
#9721=CARTESIAN_POINT('Origin',(5.00000000000015,39.5000000000003,-14.9999999999999));
#9722=CARTESIAN_POINT('Origin',(5.00000000000014,43.5000000000003,-14.9999999999998));
#9723=CARTESIAN_POINT('',(4.13397459621676,43.5000000000003,-13.4999999999992));
#9724=CARTESIAN_POINT('',(5.86602540378564,43.5000000000003,-13.5000000000005));
#9725=CARTESIAN_POINT('',(4.13397459621676,43.5000000000003,-13.4999999999992));
#9726=CARTESIAN_POINT('',(3.26794919243127,43.5000000000003,-14.9999999999986));
#9727=CARTESIAN_POINT('',(3.26794919243127,43.5000000000003,-14.9999999999986));
#9728=CARTESIAN_POINT('',(4.13397459621465,43.5000000000003,-16.4999999999992));
#9729=CARTESIAN_POINT('',(4.13397459621465,43.5000000000003,-16.4999999999992));
#9730=CARTESIAN_POINT('',(5.86602540378352,43.5000000000003,-16.5000000000005));
#9731=CARTESIAN_POINT('',(5.86602540378352,43.5000000000003,-16.5000000000005));
#9732=CARTESIAN_POINT('',(6.73205080756902,43.5000000000003,-15.0000000000011));
#9733=CARTESIAN_POINT('',(6.73205080756902,43.5000000000003,-15.0000000000011));
#9734=CARTESIAN_POINT('',(5.86602540378564,43.5000000000003,-13.5000000000005));
#9735=CARTESIAN_POINT('Origin',(3.26794919243127,41.5000000000003,-14.9999999999986));
#9736=CARTESIAN_POINT('',(4.13397459621677,41.5000000000003,-13.4999999999992));
#9737=CARTESIAN_POINT('',(4.13397459621677,41.5000000000003,-13.4999999999992));
#9738=CARTESIAN_POINT('',(3.26794919243127,41.5000000000003,-14.9999999999986));
#9739=CARTESIAN_POINT('',(3.26794919243127,41.5000000000003,-14.9999999999986));
#9740=CARTESIAN_POINT('',(3.26794919243127,41.5000000000003,-14.9999999999986));
#9741=CARTESIAN_POINT('Origin',(4.13397459621465,41.5000000000003,-16.4999999999992));
#9742=CARTESIAN_POINT('',(4.13397459621465,41.5000000000003,-16.4999999999992));
#9743=CARTESIAN_POINT('',(4.13397459621465,41.5000000000003,-16.4999999999992));
#9744=CARTESIAN_POINT('',(4.13397459621465,41.5000000000003,-16.4999999999992));
#9745=CARTESIAN_POINT('Origin',(5.86602540378353,41.5000000000003,-16.5000000000005));
#9746=CARTESIAN_POINT('',(5.86602540378353,41.5000000000003,-16.5000000000005));
#9747=CARTESIAN_POINT('',(5.86602540378353,41.5000000000003,-16.5000000000005));
#9748=CARTESIAN_POINT('',(5.86602540378353,41.5000000000003,-16.5000000000005));
#9749=CARTESIAN_POINT('Origin',(6.73205080756902,41.5000000000003,-15.0000000000011));
#9750=CARTESIAN_POINT('',(6.73205080756902,41.5000000000003,-15.0000000000011));
#9751=CARTESIAN_POINT('',(6.73205080756902,41.5000000000003,-15.0000000000011));
#9752=CARTESIAN_POINT('',(6.73205080756902,41.5000000000003,-15.0000000000011));
#9753=CARTESIAN_POINT('Origin',(5.86602540378564,41.5000000000003,-13.5000000000005));
#9754=CARTESIAN_POINT('',(5.86602540378564,41.5000000000003,-13.5000000000005));
#9755=CARTESIAN_POINT('',(5.86602540378564,41.5000000000003,-13.5000000000005));
#9756=CARTESIAN_POINT('',(5.86602540378564,41.5000000000003,-13.5000000000005));
#9757=CARTESIAN_POINT('Origin',(4.13397459621677,41.5000000000003,-13.4999999999992));
#9758=CARTESIAN_POINT('',(4.13397459621677,41.5000000000003,-13.4999999999992));
#9759=CARTESIAN_POINT('Origin',(5.00000000000015,41.5000000000003,-14.9999999999998));
#9760=CARTESIAN_POINT('Origin',(15.0000000000002,23.8900000000003,-14.9999999999999));
#9761=CARTESIAN_POINT('',(16.6500000000002,23.5400000000003,-14.9999999999999));
#9762=CARTESIAN_POINT('',(15.0000000000013,23.5400000000003,-13.3499999999999));
#9763=CARTESIAN_POINT('Origin',(15.0000000000002,23.5400000000003,-14.9999999999999));
#9764=CARTESIAN_POINT('Origin',(15.0000000000002,23.5400000000003,-14.9999999999999));
#9765=CARTESIAN_POINT('',(15.0000000000013,23.5000000000003,-13.3899999999999));
#9766=CARTESIAN_POINT('',(15.0000000000016,23.8900000000003,-12.9999999999999));
#9767=CARTESIAN_POINT('Origin',(15.0000000000002,23.5000000000003,-14.9999999999999));
#9768=CARTESIAN_POINT('Origin',(15.0000000000002,39.5000000000003,-14.9999999999999));
#9769=CARTESIAN_POINT('',(15.0000000000026,43.5000000000003,-11.4999999999998));
#9770=CARTESIAN_POINT('Origin',(15.0000000000002,43.5000000000003,-14.9999999999998));
#9771=CARTESIAN_POINT('',(15.0000000000026,39.5000000000003,-11.4999999999999));
#9772=CARTESIAN_POINT('',(15.0000000000026,39.5000000000003,-11.4999999999999));
#9773=CARTESIAN_POINT('Origin',(15.0000000000002,39.5000000000003,-14.9999999999999));
#9774=CARTESIAN_POINT('Origin',(15.0000000000002,43.5000000000003,-14.9999999999998));
#9775=CARTESIAN_POINT('',(14.1339745962168,43.5000000000003,-13.4999999999992));
#9776=CARTESIAN_POINT('',(15.8660254037857,43.5000000000003,-13.5000000000005));
#9777=CARTESIAN_POINT('',(14.1339745962168,43.5000000000003,-13.4999999999992));
#9778=CARTESIAN_POINT('',(13.2679491924313,43.5000000000003,-14.9999999999986));
#9779=CARTESIAN_POINT('',(13.2679491924313,43.5000000000003,-14.9999999999986));
#9780=CARTESIAN_POINT('',(14.1339745962147,43.5000000000003,-16.4999999999992));
#9781=CARTESIAN_POINT('',(14.1339745962147,43.5000000000003,-16.4999999999992));
#9782=CARTESIAN_POINT('',(15.8660254037835,43.5000000000003,-16.5000000000005));
#9783=CARTESIAN_POINT('',(15.8660254037835,43.5000000000003,-16.5000000000005));
#9784=CARTESIAN_POINT('',(16.732050807569,43.5000000000003,-15.0000000000011));
#9785=CARTESIAN_POINT('',(16.732050807569,43.5000000000003,-15.0000000000011));
#9786=CARTESIAN_POINT('',(15.8660254037857,43.5000000000003,-13.5000000000005));
#9787=CARTESIAN_POINT('Origin',(13.3900000000002,23.5000000000003,-14.9999999999987));
#9788=CARTESIAN_POINT('Origin',(13.2679491924313,41.5000000000003,-14.9999999999986));
#9789=CARTESIAN_POINT('',(14.1339745962168,41.5000000000003,-13.4999999999992));
#9790=CARTESIAN_POINT('',(14.1339745962168,41.5000000000003,-13.4999999999992));
#9791=CARTESIAN_POINT('',(13.2679491924313,41.5000000000003,-14.9999999999986));
#9792=CARTESIAN_POINT('',(13.2679491924313,41.5000000000003,-14.9999999999986));
#9793=CARTESIAN_POINT('',(13.2679491924313,41.5000000000003,-14.9999999999986));
#9794=CARTESIAN_POINT('Origin',(14.1339745962147,41.5000000000003,-16.4999999999992));
#9795=CARTESIAN_POINT('',(14.1339745962147,41.5000000000003,-16.4999999999992));
#9796=CARTESIAN_POINT('',(14.1339745962147,41.5000000000003,-16.4999999999992));
#9797=CARTESIAN_POINT('',(14.1339745962147,41.5000000000003,-16.4999999999992));
#9798=CARTESIAN_POINT('Origin',(15.8660254037835,41.5000000000003,-16.5000000000005));
#9799=CARTESIAN_POINT('',(15.8660254037835,41.5000000000003,-16.5000000000005));
#9800=CARTESIAN_POINT('',(15.8660254037835,41.5000000000003,-16.5000000000005));
#9801=CARTESIAN_POINT('',(15.8660254037835,41.5000000000003,-16.5000000000005));
#9802=CARTESIAN_POINT('Origin',(16.732050807569,41.5000000000003,-15.0000000000011));
#9803=CARTESIAN_POINT('',(16.732050807569,41.5000000000003,-15.0000000000011));
#9804=CARTESIAN_POINT('',(16.732050807569,41.5000000000003,-15.0000000000011));
#9805=CARTESIAN_POINT('',(16.732050807569,41.5000000000003,-15.0000000000011));
#9806=CARTESIAN_POINT('Origin',(15.8660254037857,41.5000000000003,-13.5000000000005));
#9807=CARTESIAN_POINT('',(15.8660254037857,41.5000000000003,-13.5000000000005));
#9808=CARTESIAN_POINT('',(15.8660254037857,41.5000000000003,-13.5000000000005));
#9809=CARTESIAN_POINT('',(15.8660254037857,41.5000000000003,-13.5000000000005));
#9810=CARTESIAN_POINT('Origin',(14.1339745962168,41.5000000000003,-13.4999999999992));
#9811=CARTESIAN_POINT('',(14.1339745962168,41.5000000000003,-13.4999999999992));
#9812=CARTESIAN_POINT('Origin',(15.0000000000002,41.5000000000003,-14.9999999999998));
#9813=CARTESIAN_POINT('Origin',(75.0138257913945,39.5000000000003,25.9861742086057));
#9814=CARTESIAN_POINT('',(75.0138257913945,43.5000000000003,29.4861742086057));
#9815=CARTESIAN_POINT('Origin',(75.0138257913945,43.5000000000003,25.9861742086057));
#9816=CARTESIAN_POINT('',(75.0138257913945,39.5000000000003,29.4861742086057));
#9817=CARTESIAN_POINT('',(75.0138257913945,39.5000000000003,29.4861742086057));
#9818=CARTESIAN_POINT('Origin',(75.0138257913945,39.5000000000003,25.9861742086057));
#9819=CARTESIAN_POINT('Origin',(75.0138257913945,43.5000000000003,25.9861742086057));
#9820=CARTESIAN_POINT('',(74.1478003876101,43.5000000000003,27.4861742086057));
#9821=CARTESIAN_POINT('',(75.8798511951789,43.5000000000003,27.4861742086057));
#9822=CARTESIAN_POINT('',(74.1478003876101,43.5000000000003,27.4861742086057));
#9823=CARTESIAN_POINT('',(73.2817749838256,43.5000000000003,25.9861742086057));
#9824=CARTESIAN_POINT('',(73.2817749838256,43.5000000000003,25.9861742086057));
#9825=CARTESIAN_POINT('',(74.1478003876101,43.5000000000003,24.4861742086057));
#9826=CARTESIAN_POINT('',(74.1478003876101,43.5000000000003,24.4861742086057));
#9827=CARTESIAN_POINT('',(75.8798511951789,43.5000000000003,24.4861742086057));
#9828=CARTESIAN_POINT('',(75.8798511951789,43.5000000000003,24.4861742086057));
#9829=CARTESIAN_POINT('',(76.7458765989634,43.5000000000003,25.9861742086057));
#9830=CARTESIAN_POINT('',(76.7458765989634,43.5000000000003,25.9861742086057));
#9831=CARTESIAN_POINT('',(75.8798511951789,43.5000000000003,27.4861742086057));
#9832=CARTESIAN_POINT('Origin',(73.2817749838256,41.5000000000003,25.9861742086057));
#9833=CARTESIAN_POINT('',(74.1478003876101,41.5000000000003,27.4861742086057));
#9834=CARTESIAN_POINT('',(74.1478003876101,41.5000000000003,27.4861742086057));
#9835=CARTESIAN_POINT('',(73.2817749838256,41.5000000000003,25.9861742086057));
#9836=CARTESIAN_POINT('',(73.2817749838256,41.5000000000003,25.9861742086057));
#9837=CARTESIAN_POINT('',(73.2817749838256,41.5000000000003,25.9861742086057));
#9838=CARTESIAN_POINT('Origin',(74.1478003876101,41.5000000000003,24.4861742086057));
#9839=CARTESIAN_POINT('',(74.1478003876101,41.5000000000003,24.4861742086057));
#9840=CARTESIAN_POINT('',(74.1478003876101,41.5000000000003,24.4861742086057));
#9841=CARTESIAN_POINT('',(74.1478003876101,41.5000000000003,24.4861742086057));
#9842=CARTESIAN_POINT('Origin',(75.8798511951789,41.5000000000003,24.4861742086057));
#9843=CARTESIAN_POINT('',(75.8798511951789,41.5000000000003,24.4861742086057));
#9844=CARTESIAN_POINT('',(75.8798511951789,41.5000000000003,24.4861742086057));
#9845=CARTESIAN_POINT('',(75.8798511951789,41.5000000000003,24.4861742086057));
#9846=CARTESIAN_POINT('Origin',(76.7458765989634,41.5000000000003,25.9861742086057));
#9847=CARTESIAN_POINT('',(76.7458765989634,41.5000000000003,25.9861742086057));
#9848=CARTESIAN_POINT('',(76.7458765989634,41.5000000000003,25.9861742086057));
#9849=CARTESIAN_POINT('',(76.7458765989634,41.5000000000003,25.9861742086057));
#9850=CARTESIAN_POINT('Origin',(75.8798511951789,41.5000000000003,27.4861742086057));
#9851=CARTESIAN_POINT('',(75.8798511951789,41.5000000000003,27.4861742086057));
#9852=CARTESIAN_POINT('',(75.8798511951789,41.5000000000003,27.4861742086057));
#9853=CARTESIAN_POINT('',(75.8798511951789,41.5000000000003,27.4861742086057));
#9854=CARTESIAN_POINT('Origin',(74.1478003876101,41.5000000000003,27.4861742086057));
#9855=CARTESIAN_POINT('',(74.1478003876101,41.5000000000003,27.4861742086057));
#9856=CARTESIAN_POINT('Origin',(75.0138257913945,41.5000000000003,25.9861742086057));
#9857=CARTESIAN_POINT('Origin',(75.0138257913945,39.5000000000004,-25.9861742086056));
#9858=CARTESIAN_POINT('',(75.0138257913945,43.5000000000004,-22.4861742086056));
#9859=CARTESIAN_POINT('Origin',(75.0138257913944,43.5000000000004,-25.9861742086056));
#9860=CARTESIAN_POINT('',(75.0138257913945,39.5000000000004,-22.4861742086056));
#9861=CARTESIAN_POINT('',(75.0138257913945,39.5000000000004,-22.4861742086056));
#9862=CARTESIAN_POINT('Origin',(75.0138257913945,39.5000000000004,-25.9861742086056));
#9863=CARTESIAN_POINT('Origin',(75.0138257913944,43.5000000000004,-25.9861742086056));
#9864=CARTESIAN_POINT('',(74.14780038761,43.5000000000004,-24.4861742086056));
#9865=CARTESIAN_POINT('',(75.8798511951789,43.5000000000004,-24.4861742086056));
#9866=CARTESIAN_POINT('',(74.14780038761,43.5000000000004,-24.4861742086056));
#9867=CARTESIAN_POINT('',(73.2817749838256,43.5000000000004,-25.9861742086056));
#9868=CARTESIAN_POINT('',(73.2817749838256,43.5000000000004,-25.9861742086056));
#9869=CARTESIAN_POINT('',(74.14780038761,43.5000000000004,-27.4861742086056));
#9870=CARTESIAN_POINT('',(74.14780038761,43.5000000000004,-27.4861742086056));
#9871=CARTESIAN_POINT('',(75.8798511951789,43.5000000000004,-27.4861742086056));
#9872=CARTESIAN_POINT('',(75.8798511951789,43.5000000000004,-27.4861742086056));
#9873=CARTESIAN_POINT('',(76.7458765989633,43.5000000000004,-25.9861742086056));
#9874=CARTESIAN_POINT('',(76.7458765989633,43.5000000000004,-25.9861742086056));
#9875=CARTESIAN_POINT('',(75.8798511951789,43.5000000000004,-24.4861742086056));
#9876=CARTESIAN_POINT('Origin',(73.2817749838256,41.5000000000004,-25.9861742086056));
#9877=CARTESIAN_POINT('',(74.14780038761,41.5000000000004,-24.4861742086056));
#9878=CARTESIAN_POINT('',(74.14780038761,41.5000000000004,-24.4861742086056));
#9879=CARTESIAN_POINT('',(73.2817749838256,41.5000000000004,-25.9861742086056));
#9880=CARTESIAN_POINT('',(73.2817749838256,41.5000000000004,-25.9861742086056));
#9881=CARTESIAN_POINT('',(73.2817749838256,41.5000000000004,-25.9861742086056));
#9882=CARTESIAN_POINT('Origin',(74.14780038761,41.5000000000004,-27.4861742086056));
#9883=CARTESIAN_POINT('',(74.14780038761,41.5000000000004,-27.4861742086056));
#9884=CARTESIAN_POINT('',(74.14780038761,41.5000000000004,-27.4861742086056));
#9885=CARTESIAN_POINT('',(74.14780038761,41.5000000000004,-27.4861742086056));
#9886=CARTESIAN_POINT('Origin',(75.8798511951789,41.5000000000004,-27.4861742086056));
#9887=CARTESIAN_POINT('',(75.8798511951789,41.5000000000004,-27.4861742086056));
#9888=CARTESIAN_POINT('',(75.8798511951789,41.5000000000004,-27.4861742086056));
#9889=CARTESIAN_POINT('',(75.8798511951789,41.5000000000004,-27.4861742086056));
#9890=CARTESIAN_POINT('Origin',(76.7458765989633,41.5000000000004,-25.9861742086056));
#9891=CARTESIAN_POINT('',(76.7458765989633,41.5000000000004,-25.9861742086056));
#9892=CARTESIAN_POINT('',(76.7458765989633,41.5000000000004,-25.9861742086056));
#9893=CARTESIAN_POINT('',(76.7458765989633,41.5000000000004,-25.9861742086056));
#9894=CARTESIAN_POINT('Origin',(75.8798511951789,41.5000000000004,-24.4861742086056));
#9895=CARTESIAN_POINT('',(75.8798511951789,41.5000000000004,-24.4861742086056));
#9896=CARTESIAN_POINT('',(75.8798511951789,41.5000000000004,-24.4861742086056));
#9897=CARTESIAN_POINT('',(75.8798511951789,41.5000000000004,-24.4861742086056));
#9898=CARTESIAN_POINT('Origin',(74.14780038761,41.5000000000004,-24.4861742086056));
#9899=CARTESIAN_POINT('',(74.14780038761,41.5000000000004,-24.4861742086056));
#9900=CARTESIAN_POINT('Origin',(75.0138257913944,41.5000000000004,-25.9861742086056));
#9901=CARTESIAN_POINT('Origin',(-123.013825791394,45.3000000000001,-25.9861742086055));
#9902=CARTESIAN_POINT('',(-123.013825791392,49.3000000000001,-22.4861742086055));
#9903=CARTESIAN_POINT('Origin',(-123.013825791394,49.3000000000001,-25.9861742086055));
#9904=CARTESIAN_POINT('',(-123.013825791392,45.3000000000002,-22.4861742086055));
#9905=CARTESIAN_POINT('',(-123.013825791392,45.3000000000001,-22.4861742086055));
#9906=CARTESIAN_POINT('Origin',(-123.013825791394,45.3000000000002,-25.9861742086055));
#9907=CARTESIAN_POINT('Origin',(-123.013825791394,49.3000000000001,-25.9861742086055));
#9908=CARTESIAN_POINT('',(-123.879851195178,49.3000000000001,-24.4861742086048));
#9909=CARTESIAN_POINT('',(-122.147800387609,49.3000000000001,-24.4861742086061));
#9910=CARTESIAN_POINT('',(-123.879851195178,49.3000000000001,-24.4861742086048));
#9911=CARTESIAN_POINT('',(-124.745876598963,49.3000000000001,-25.9861742086042));
#9912=CARTESIAN_POINT('',(-124.745876598963,49.3000000000001,-25.9861742086042));
#9913=CARTESIAN_POINT('',(-123.87985119518,49.3000000000001,-27.4861742086049));
#9914=CARTESIAN_POINT('',(-123.87985119518,49.3000000000001,-27.4861742086049));
#9915=CARTESIAN_POINT('',(-122.147800387611,49.3000000000001,-27.4861742086061));
#9916=CARTESIAN_POINT('',(-122.147800387611,49.3000000000001,-27.4861742086061));
#9917=CARTESIAN_POINT('',(-121.281774983825,49.3000000000001,-25.9861742086067));
#9918=CARTESIAN_POINT('',(-121.281774983825,49.3000000000001,-25.9861742086067));
#9919=CARTESIAN_POINT('',(-122.147800387609,49.3000000000001,-24.4861742086061));
#9920=CARTESIAN_POINT('Origin',(-124.745876598963,47.3000000000002,-25.9861742086042));
#9921=CARTESIAN_POINT('',(-123.879851195178,47.3000000000002,-24.4861742086049));
#9922=CARTESIAN_POINT('',(-123.879851195178,47.3000000000002,-24.4861742086049));
#9923=CARTESIAN_POINT('',(-124.745876598963,47.3000000000002,-25.9861742086042));
#9924=CARTESIAN_POINT('',(-124.745876598963,47.3000000000002,-25.9861742086042));
#9925=CARTESIAN_POINT('',(-124.745876598963,47.3000000000002,-25.9861742086042));
#9926=CARTESIAN_POINT('Origin',(-123.87985119518,47.3000000000002,-27.4861742086049));
#9927=CARTESIAN_POINT('',(-123.87985119518,47.3000000000002,-27.4861742086049));
#9928=CARTESIAN_POINT('',(-123.87985119518,47.3000000000002,-27.4861742086049));
#9929=CARTESIAN_POINT('',(-123.87985119518,47.3000000000002,-27.4861742086049));
#9930=CARTESIAN_POINT('Origin',(-122.147800387611,47.3000000000002,-27.4861742086061));
#9931=CARTESIAN_POINT('',(-122.147800387611,47.3000000000002,-27.4861742086061));
#9932=CARTESIAN_POINT('',(-122.147800387611,47.3000000000002,-27.4861742086061));
#9933=CARTESIAN_POINT('',(-122.147800387611,47.3000000000002,-27.4861742086061));
#9934=CARTESIAN_POINT('Origin',(-121.281774983825,47.3000000000002,-25.9861742086067));
#9935=CARTESIAN_POINT('',(-121.281774983825,47.3000000000002,-25.9861742086067));
#9936=CARTESIAN_POINT('',(-121.281774983825,47.3000000000002,-25.9861742086067));
#9937=CARTESIAN_POINT('',(-121.281774983825,47.3000000000002,-25.9861742086067));
#9938=CARTESIAN_POINT('Origin',(-122.147800387609,47.3000000000002,-24.4861742086061));
#9939=CARTESIAN_POINT('',(-122.147800387609,47.3000000000002,-24.4861742086061));
#9940=CARTESIAN_POINT('',(-122.147800387609,47.3000000000002,-24.4861742086061));
#9941=CARTESIAN_POINT('',(-122.147800387609,47.3000000000002,-24.4861742086061));
#9942=CARTESIAN_POINT('Origin',(-123.879851195178,47.3000000000002,-24.4861742086049));
#9943=CARTESIAN_POINT('',(-123.879851195178,47.3000000000002,-24.4861742086049));
#9944=CARTESIAN_POINT('Origin',(-123.013825791394,47.3000000000002,-25.9861742086055));
#9945=CARTESIAN_POINT('Origin',(-123.013825791394,45.3000000000001,25.9861742086058));
#9946=CARTESIAN_POINT('',(-123.013825791392,49.3000000000001,29.4861742086058));
#9947=CARTESIAN_POINT('Origin',(-123.013825791394,49.3000000000001,25.9861742086058));
#9948=CARTESIAN_POINT('',(-123.013825791392,45.3000000000001,29.4861742086058));
#9949=CARTESIAN_POINT('',(-123.013825791392,45.3000000000001,29.4861742086058));
#9950=CARTESIAN_POINT('Origin',(-123.013825791394,45.3000000000001,25.9861742086058));
#9951=CARTESIAN_POINT('Origin',(-123.013825791394,49.3000000000001,25.9861742086058));
#9952=CARTESIAN_POINT('',(-123.879851195178,49.3000000000001,27.4861742086064));
#9953=CARTESIAN_POINT('',(-122.147800387609,49.3000000000001,27.4861742086052));
#9954=CARTESIAN_POINT('',(-123.879851195178,49.3000000000001,27.4861742086064));
#9955=CARTESIAN_POINT('',(-124.745876598963,49.3000000000001,25.986174208607));
#9956=CARTESIAN_POINT('',(-124.745876598963,49.3000000000001,25.986174208607));
#9957=CARTESIAN_POINT('',(-123.87985119518,49.3000000000001,24.4861742086064));
#9958=CARTESIAN_POINT('',(-123.87985119518,49.3000000000001,24.4861742086064));
#9959=CARTESIAN_POINT('',(-122.147800387611,49.3000000000001,24.4861742086052));
#9960=CARTESIAN_POINT('',(-122.147800387611,49.3000000000001,24.4861742086052));
#9961=CARTESIAN_POINT('',(-121.281774983825,49.3000000000001,25.9861742086046));
#9962=CARTESIAN_POINT('',(-121.281774983825,49.3000000000001,25.9861742086046));
#9963=CARTESIAN_POINT('',(-122.147800387609,49.3000000000001,27.4861742086052));
#9964=CARTESIAN_POINT('Origin',(-124.745876598963,47.3000000000001,25.986174208607));
#9965=CARTESIAN_POINT('',(-123.879851195178,47.3000000000001,27.4861742086064));
#9966=CARTESIAN_POINT('',(-123.879851195178,47.3000000000001,27.4861742086064));
#9967=CARTESIAN_POINT('',(-124.745876598963,47.3000000000001,25.986174208607));
#9968=CARTESIAN_POINT('',(-124.745876598963,47.3000000000001,25.986174208607));
#9969=CARTESIAN_POINT('',(-124.745876598963,47.3000000000001,25.986174208607));
#9970=CARTESIAN_POINT('Origin',(-123.87985119518,47.3000000000001,24.4861742086064));
#9971=CARTESIAN_POINT('',(-123.87985119518,47.3000000000001,24.4861742086064));
#9972=CARTESIAN_POINT('',(-123.87985119518,47.3000000000001,24.4861742086064));
#9973=CARTESIAN_POINT('',(-123.87985119518,47.3000000000001,24.4861742086064));
#9974=CARTESIAN_POINT('Origin',(-122.147800387611,47.3000000000001,24.4861742086052));
#9975=CARTESIAN_POINT('',(-122.147800387611,47.3000000000001,24.4861742086052));
#9976=CARTESIAN_POINT('',(-122.147800387611,47.3000000000001,24.4861742086052));
#9977=CARTESIAN_POINT('',(-122.147800387611,47.3000000000001,24.4861742086052));
#9978=CARTESIAN_POINT('Origin',(-121.281774983825,47.3000000000001,25.9861742086046));
#9979=CARTESIAN_POINT('',(-121.281774983825,47.3000000000001,25.9861742086046));
#9980=CARTESIAN_POINT('',(-121.281774983825,47.3000000000001,25.9861742086046));
#9981=CARTESIAN_POINT('',(-121.281774983825,47.3000000000001,25.9861742086046));
#9982=CARTESIAN_POINT('Origin',(-122.147800387609,47.3000000000001,27.4861742086052));
#9983=CARTESIAN_POINT('',(-122.147800387609,47.3000000000001,27.4861742086052));
#9984=CARTESIAN_POINT('',(-122.147800387609,47.3000000000001,27.4861742086052));
#9985=CARTESIAN_POINT('',(-122.147800387609,47.3000000000001,27.4861742086052));
#9986=CARTESIAN_POINT('Origin',(-123.879851195178,47.3000000000001,27.4861742086064));
#9987=CARTESIAN_POINT('',(-123.879851195178,47.3000000000001,27.4861742086064));
#9988=CARTESIAN_POINT('Origin',(-123.013825791394,47.3000000000001,25.9861742086058));
#9989=CARTESIAN_POINT('Origin',(-149.,45.3,36.7500000000002));
#9990=CARTESIAN_POINT('',(-148.999999999997,49.3,40.2500000000002));
#9991=CARTESIAN_POINT('Origin',(-149.,49.3,36.7500000000002));
#9992=CARTESIAN_POINT('',(-148.999999999997,45.3,40.2500000000002));
#9993=CARTESIAN_POINT('',(-148.999999999997,45.3,40.2500000000002));
#9994=CARTESIAN_POINT('Origin',(-149.,45.3,36.7500000000002));
#9995=CARTESIAN_POINT('Origin',(-149.,49.3,36.7500000000002));
#9996=CARTESIAN_POINT('',(-149.866025403783,49.3,38.2500000000008));
#9997=CARTESIAN_POINT('',(-148.133974596214,49.3,38.2499999999996));
#9998=CARTESIAN_POINT('',(-149.866025403783,49.3,38.2500000000008));
#9999=CARTESIAN_POINT('',(-150.732050807569,49.3,36.7500000000014));
#10000=CARTESIAN_POINT('',(-150.732050807569,49.3,36.7500000000014));
#10001=CARTESIAN_POINT('',(-149.866025403785,49.3,35.2500000000008));
#10002=CARTESIAN_POINT('',(-149.866025403785,49.3,35.2500000000008));
#10003=CARTESIAN_POINT('',(-148.133974596217,49.3,35.2499999999996));
#10004=CARTESIAN_POINT('',(-148.133974596217,49.3,35.2499999999996));
#10005=CARTESIAN_POINT('',(-147.267949192431,49.3,36.749999999999));
#10006=CARTESIAN_POINT('',(-147.267949192431,49.3,36.749999999999));
#10007=CARTESIAN_POINT('',(-148.133974596214,49.3,38.2499999999996));
#10008=CARTESIAN_POINT('Origin',(-150.732050807569,47.3,36.7500000000014));
#10009=CARTESIAN_POINT('',(-149.866025403783,47.3,38.2500000000008));
#10010=CARTESIAN_POINT('',(-149.866025403783,47.3,38.2500000000008));
#10011=CARTESIAN_POINT('',(-150.732050807569,47.3,36.7500000000014));
#10012=CARTESIAN_POINT('',(-150.732050807569,47.3,36.7500000000014));
#10013=CARTESIAN_POINT('',(-150.732050807569,47.3,36.7500000000014));
#10014=CARTESIAN_POINT('Origin',(-149.866025403785,47.3,35.2500000000008));
#10015=CARTESIAN_POINT('',(-149.866025403785,47.3,35.2500000000008));
#10016=CARTESIAN_POINT('',(-149.866025403785,47.3,35.2500000000008));
#10017=CARTESIAN_POINT('',(-149.866025403785,47.3,35.2500000000008));
#10018=CARTESIAN_POINT('Origin',(-148.133974596217,47.3,35.2499999999996));
#10019=CARTESIAN_POINT('',(-148.133974596217,47.3,35.2499999999996));
#10020=CARTESIAN_POINT('',(-148.133974596217,47.3,35.2499999999996));
#10021=CARTESIAN_POINT('',(-148.133974596217,47.3,35.2499999999996));
#10022=CARTESIAN_POINT('Origin',(-147.267949192431,47.3,36.749999999999));
#10023=CARTESIAN_POINT('',(-147.267949192431,47.3,36.749999999999));
#10024=CARTESIAN_POINT('',(-147.267949192431,47.3,36.749999999999));
#10025=CARTESIAN_POINT('',(-147.267949192431,47.3,36.749999999999));
#10026=CARTESIAN_POINT('Origin',(-148.133974596214,47.3,38.2499999999996));
#10027=CARTESIAN_POINT('',(-148.133974596214,47.3,38.2499999999996));
#10028=CARTESIAN_POINT('',(-148.133974596214,47.3,38.2499999999996));
#10029=CARTESIAN_POINT('',(-148.133974596214,47.3,38.2499999999996));
#10030=CARTESIAN_POINT('Origin',(-149.866025403783,47.3,38.2500000000008));
#10031=CARTESIAN_POINT('',(-149.866025403783,47.3,38.2500000000008));
#10032=CARTESIAN_POINT('Origin',(-149.,47.3,36.7500000000002));
#10033=CARTESIAN_POINT('Origin',(12.0000000000002,7.12500000000031,12.3408620039284));
#10034=CARTESIAN_POINT('',(12.0000000000002,7.12500000000027,10.0908620039284));
#10035=CARTESIAN_POINT('Origin',(12.0000000000002,7.12500000000026,12.3408620039284));
#10036=CARTESIAN_POINT('',(12.0000000000002,8.96327081835999,13.1287454968175));
#10037=CARTESIAN_POINT('Origin',(12.0000000000002,7.12500000000031,12.3408620039284));
#10038=CARTESIAN_POINT('Origin',(12.0000000000002,7.12500000000031,12.3408620039284));
#10039=CARTESIAN_POINT('',(-3.60999999999983,8.96327081835997,13.1287454968175));
#10040=CARTESIAN_POINT('',(12.0000000000002,8.96327081835999,13.1287454968175));
#10041=CARTESIAN_POINT('Origin',(-3.60999999999983,7.1250000000003,12.3408620039284));
#10042=CARTESIAN_POINT('Origin',(-3.60999999999983,7.1250000000003,12.3408620039284));
#10043=CARTESIAN_POINT('',(-3.99999999999983,8.60480800877983,12.9751082157042));
#10044=CARTESIAN_POINT('',(-3.60999999999983,8.96327081835997,13.1287454968175));
#10045=CARTESIAN_POINT('Origin',(-3.99999999999982,7.1250000000003,12.3408620039284));
#10046=CARTESIAN_POINT('Origin',(12.0000000000002,7.12500000000031,12.3408620039284));
#10047=CARTESIAN_POINT('',(16.0000000000002,10.3419739321297,13.7196581164844));
#10048=CARTESIAN_POINT('Origin',(16.0000000000002,7.12500000000031,12.3408620039284));
#10049=CARTESIAN_POINT('',(12.0000000000002,10.3419739321297,13.7196581164844));
#10050=CARTESIAN_POINT('',(12.0000000000002,10.3419739321297,13.7196581164844));
#10051=CARTESIAN_POINT('Origin',(12.0000000000002,7.12500000000031,12.3408620039284));
#10052=CARTESIAN_POINT('Origin',(16.0000000000002,7.12500000000031,12.3408620039284));
#10053=CARTESIAN_POINT('',(16.0000000000002,8.84486667380229,12.1357800097277));
#10054=CARTESIAN_POINT('',(16.0000000000002,8.16253955373785,13.7277692374628));
#10055=CARTESIAN_POINT('',(16.0000000000002,8.84486667380229,12.1357800097277));
#10056=CARTESIAN_POINT('',(16.0000000000002,7.80732712006477,10.7488727761933));
#10057=CARTESIAN_POINT('',(16.0000000000002,7.80732712006477,10.7488727761933));
#10058=CARTESIAN_POINT('',(16.0000000000002,6.08746044626279,10.9539547703939));
#10059=CARTESIAN_POINT('',(16.0000000000002,6.08746044626279,10.9539547703939));
#10060=CARTESIAN_POINT('',(16.0000000000002,5.40513332619834,12.545943998129));
#10061=CARTESIAN_POINT('',(16.0000000000002,5.40513332619834,12.545943998129));
#10062=CARTESIAN_POINT('',(16.0000000000002,6.44267287993586,13.9328512316635));
#10063=CARTESIAN_POINT('',(16.0000000000002,6.44267287993586,13.9328512316635));
#10064=CARTESIAN_POINT('',(16.0000000000002,8.16253955373785,13.7277692374628));
#10065=CARTESIAN_POINT('Origin',(-3.99999999999982,7.75924621177609,10.8610539951488));
#10066=CARTESIAN_POINT('Origin',(14.0000000000002,7.80732712006476,10.7488727761933));
#10067=CARTESIAN_POINT('',(14.0000000000002,8.84486667380229,12.1357800097277));
#10068=CARTESIAN_POINT('',(14.0000000000002,8.84486667380229,12.1357800097277));
#10069=CARTESIAN_POINT('',(14.0000000000002,7.80732712006476,10.7488727761933));
#10070=CARTESIAN_POINT('',(14.0000000000002,7.80732712006476,10.7488727761933));
#10071=CARTESIAN_POINT('',(14.0000000000002,7.80732712006476,10.7488727761933));
#10072=CARTESIAN_POINT('Origin',(14.0000000000002,6.08746044626278,10.9539547703939));
#10073=CARTESIAN_POINT('',(14.0000000000002,6.08746044626278,10.9539547703939));
#10074=CARTESIAN_POINT('',(14.0000000000002,6.08746044626278,10.9539547703939));
#10075=CARTESIAN_POINT('',(14.0000000000002,6.08746044626278,10.9539547703939));
#10076=CARTESIAN_POINT('Origin',(14.0000000000002,5.40513332619834,12.545943998129));
#10077=CARTESIAN_POINT('',(14.0000000000002,5.40513332619834,12.545943998129));
#10078=CARTESIAN_POINT('',(14.0000000000002,5.40513332619834,12.545943998129));
#10079=CARTESIAN_POINT('',(14.0000000000002,5.40513332619834,12.545943998129));
#10080=CARTESIAN_POINT('Origin',(14.0000000000002,6.44267287993586,13.9328512316635));
#10081=CARTESIAN_POINT('',(14.0000000000002,6.44267287993586,13.9328512316635));
#10082=CARTESIAN_POINT('',(14.0000000000002,6.44267287993586,13.9328512316635));
#10083=CARTESIAN_POINT('',(14.0000000000002,6.44267287993586,13.9328512316635));
#10084=CARTESIAN_POINT('Origin',(14.0000000000002,8.16253955373785,13.7277692374628));
#10085=CARTESIAN_POINT('',(14.0000000000002,8.16253955373785,13.7277692374628));
#10086=CARTESIAN_POINT('',(14.0000000000002,8.16253955373785,13.7277692374628));
#10087=CARTESIAN_POINT('',(14.0000000000002,8.16253955373785,13.7277692374628));
#10088=CARTESIAN_POINT('Origin',(14.0000000000002,8.84486667380229,12.1357800097277));
#10089=CARTESIAN_POINT('',(14.0000000000002,8.84486667380229,12.1357800097277));
#10090=CARTESIAN_POINT('Origin',(14.0000000000002,7.12500000000031,12.3408620039284));
#10091=CARTESIAN_POINT('Origin',(12.0000000000002,-14.2499999999997,7.02777363065162E-14));
#10092=CARTESIAN_POINT('',(12.0000000000002,-14.2499999999997,-2.24999999999994));
#10093=CARTESIAN_POINT('Origin',(12.0000000000002,-14.2499999999997,6.14930821341927E-14));
#10094=CARTESIAN_POINT('',(12.0000000000002,-12.41172918164,0.787883492889252));
#10095=CARTESIAN_POINT('Origin',(12.0000000000002,-14.2499999999997,7.02777363065162E-14));
#10096=CARTESIAN_POINT('Origin',(12.0000000000002,-14.2499999999997,7.02777363065162E-14));
#10097=CARTESIAN_POINT('',(-3.6099999999998,-12.41172918164,0.787883492889249));
#10098=CARTESIAN_POINT('',(12.0000000000002,-12.41172918164,0.787883492889252));
#10099=CARTESIAN_POINT('Origin',(-3.6099999999998,-14.2499999999997,6.69206630159201E-14));
#10100=CARTESIAN_POINT('Origin',(-3.6099999999998,-14.2499999999997,6.69206630159201E-14));
#10101=CARTESIAN_POINT('',(-3.9999999999998,-12.7701919912202,0.634246211775858));
#10102=CARTESIAN_POINT('',(-3.6099999999998,-12.41172918164,0.787883492889249));
#10103=CARTESIAN_POINT('Origin',(-3.99999999999979,-14.2499999999997,6.68367899484421E-14));
#10104=CARTESIAN_POINT('Origin',(12.0000000000002,-14.2499999999997,7.02777363065162E-14));
#10105=CARTESIAN_POINT('',(16.0000000000002,-11.0330260678703,1.37879611255614));
#10106=CARTESIAN_POINT('Origin',(16.0000000000002,-14.2499999999997,7.11379728960347E-14));
#10107=CARTESIAN_POINT('',(12.0000000000002,-11.0330260678703,1.37879611255614));
#10108=CARTESIAN_POINT('',(12.0000000000002,-11.0330260678703,1.37879611255614));
#10109=CARTESIAN_POINT('Origin',(12.0000000000002,-14.2499999999997,7.02777363065162E-14));
#10110=CARTESIAN_POINT('Origin',(16.0000000000002,-14.2499999999997,7.11379728960347E-14));
#10111=CARTESIAN_POINT('',(16.0000000000002,-12.5301333261977,-0.205081994200586));
#10112=CARTESIAN_POINT('',(16.0000000000002,-13.2124604462621,1.3869072335345));
#10113=CARTESIAN_POINT('',(16.0000000000002,-12.5301333261977,-0.205081994200586));
#10114=CARTESIAN_POINT('',(16.0000000000002,-13.5676728799352,-1.59198922773502));
#10115=CARTESIAN_POINT('',(16.0000000000002,-13.5676728799352,-1.59198922773502));
#10116=CARTESIAN_POINT('',(16.0000000000002,-15.2875395537372,-1.38690723353436));
#10117=CARTESIAN_POINT('',(16.0000000000002,-15.2875395537372,-1.38690723353436));
#10118=CARTESIAN_POINT('',(16.0000000000002,-15.9698666738017,0.205081994200728));
#10119=CARTESIAN_POINT('',(16.0000000000002,-15.9698666738017,0.205081994200728));
#10120=CARTESIAN_POINT('',(16.0000000000002,-14.9323271200641,1.59198922773516));
#10121=CARTESIAN_POINT('',(16.0000000000002,-14.9323271200641,1.59198922773516));
#10122=CARTESIAN_POINT('',(16.0000000000002,-13.2124604462621,1.3869072335345));
#10123=CARTESIAN_POINT('Origin',(-3.99999999999979,-13.6157537882239,-1.47980800877947));
#10124=CARTESIAN_POINT('Origin',(14.0000000000002,-13.5676728799352,-1.59198922773502));
#10125=CARTESIAN_POINT('',(14.0000000000002,-12.5301333261977,-0.205081994200586));
#10126=CARTESIAN_POINT('',(14.0000000000002,-12.5301333261977,-0.205081994200586));
#10127=CARTESIAN_POINT('',(14.0000000000002,-13.5676728799352,-1.59198922773502));
#10128=CARTESIAN_POINT('',(14.0000000000002,-13.5676728799352,-1.59198922773502));
#10129=CARTESIAN_POINT('',(14.0000000000002,-13.5676728799352,-1.59198922773502));
#10130=CARTESIAN_POINT('Origin',(14.0000000000002,-15.2875395537372,-1.38690723353436));
#10131=CARTESIAN_POINT('',(14.0000000000002,-15.2875395537372,-1.38690723353436));
#10132=CARTESIAN_POINT('',(14.0000000000002,-15.2875395537372,-1.38690723353436));
#10133=CARTESIAN_POINT('',(14.0000000000002,-15.2875395537372,-1.38690723353436));
#10134=CARTESIAN_POINT('Origin',(14.0000000000002,-15.9698666738017,0.205081994200728));
#10135=CARTESIAN_POINT('',(14.0000000000002,-15.9698666738017,0.205081994200728));
#10136=CARTESIAN_POINT('',(14.0000000000002,-15.9698666738017,0.205081994200728));
#10137=CARTESIAN_POINT('',(14.0000000000002,-15.9698666738017,0.205081994200728));
#10138=CARTESIAN_POINT('Origin',(14.0000000000002,-14.9323271200641,1.59198922773516));
#10139=CARTESIAN_POINT('',(14.0000000000002,-14.9323271200641,1.59198922773516));
#10140=CARTESIAN_POINT('',(14.0000000000002,-14.9323271200641,1.59198922773516));
#10141=CARTESIAN_POINT('',(14.0000000000002,-14.9323271200641,1.59198922773516));
#10142=CARTESIAN_POINT('Origin',(14.0000000000002,-13.2124604462621,1.3869072335345));
#10143=CARTESIAN_POINT('',(14.0000000000002,-13.2124604462621,1.3869072335345));
#10144=CARTESIAN_POINT('',(14.0000000000002,-13.2124604462621,1.3869072335345));
#10145=CARTESIAN_POINT('',(14.0000000000002,-13.2124604462621,1.3869072335345));
#10146=CARTESIAN_POINT('Origin',(14.0000000000002,-12.5301333261977,-0.205081994200586));
#10147=CARTESIAN_POINT('',(14.0000000000002,-12.5301333261977,-0.205081994200586));
#10148=CARTESIAN_POINT('Origin',(14.0000000000002,-14.2499999999997,7.07078546012754E-14));
#10149=CARTESIAN_POINT('Origin',(12.0000000000002,15.0000000000003,1.20587319195057E-13));
#10150=CARTESIAN_POINT('',(12.0000000000002,15.0000000000003,-2.24999999999989));
#10151=CARTESIAN_POINT('Origin',(12.0000000000002,15.0000000000003,1.12538187776548E-13));
#10152=CARTESIAN_POINT('',(12.0000000000002,16.83827081836,0.787883492889303));
#10153=CARTESIAN_POINT('Origin',(12.0000000000002,15.0000000000003,1.20587319195057E-13));
#10154=CARTESIAN_POINT('Origin',(12.0000000000002,15.0000000000003,1.20587319195057E-13));
#10155=CARTESIAN_POINT('',(-3.60999999999984,16.83827081836,0.787883492889299));
#10156=CARTESIAN_POINT('',(12.0000000000002,16.83827081836,0.787883492889303));
#10157=CARTESIAN_POINT('Origin',(-3.60999999999983,15.0000000000003,1.17230245904461E-13));
#10158=CARTESIAN_POINT('Origin',(-3.60999999999983,15.0000000000003,1.17230245904461E-13));
#10159=CARTESIAN_POINT('',(-3.99999999999983,16.4798080087799,0.634246211775909));
#10160=CARTESIAN_POINT('',(-3.60999999999984,16.83827081836,0.787883492889299));
#10161=CARTESIAN_POINT('Origin',(-3.99999999999983,15.0000000000003,1.17146372836983E-13));
#10162=CARTESIAN_POINT('Origin',(12.0000000000002,15.0000000000003,1.20587319195057E-13));
#10163=CARTESIAN_POINT('',(16.0000000000002,18.2169739321298,1.37879611255619));
#10164=CARTESIAN_POINT('Origin',(16.0000000000002,15.0000000000003,1.21447555784576E-13));
#10165=CARTESIAN_POINT('',(12.0000000000002,18.2169739321298,1.37879611255619));
#10166=CARTESIAN_POINT('',(12.0000000000002,18.2169739321298,1.37879611255619));
#10167=CARTESIAN_POINT('Origin',(12.0000000000002,15.0000000000003,1.20587319195057E-13));
#10168=CARTESIAN_POINT('Origin',(16.0000000000002,15.0000000000003,1.21447555784576E-13));
#10169=CARTESIAN_POINT('',(16.0000000000002,16.7198666738023,-0.205081994200535));
#10170=CARTESIAN_POINT('',(16.0000000000002,16.0375395537379,1.38690723353455));
#10171=CARTESIAN_POINT('',(16.0000000000002,16.7198666738023,-0.205081994200535));
#10172=CARTESIAN_POINT('',(16.0000000000002,15.6823271200648,-1.59198922773497));
#10173=CARTESIAN_POINT('',(16.0000000000002,15.6823271200648,-1.59198922773497));
#10174=CARTESIAN_POINT('',(16.0000000000002,13.9624604462628,-1.38690723353431));
#10175=CARTESIAN_POINT('',(16.0000000000002,13.9624604462628,-1.38690723353431));
#10176=CARTESIAN_POINT('',(16.0000000000002,13.2801333261984,0.205081994200779));
#10177=CARTESIAN_POINT('',(16.0000000000002,13.2801333261984,0.205081994200779));
#10178=CARTESIAN_POINT('',(16.0000000000002,14.3176728799359,1.59198922773521));
#10179=CARTESIAN_POINT('',(16.0000000000002,14.3176728799359,1.59198922773521));
#10180=CARTESIAN_POINT('',(16.0000000000002,16.0375395537379,1.38690723353455));
#10181=CARTESIAN_POINT('Origin',(-3.99999999999983,15.6342462117761,-1.47980800877942));
#10182=CARTESIAN_POINT('Origin',(14.0000000000002,15.6823271200648,-1.59198922773497));
#10183=CARTESIAN_POINT('',(14.0000000000002,16.7198666738023,-0.205081994200536));
#10184=CARTESIAN_POINT('',(14.0000000000002,16.7198666738023,-0.205081994200536));
#10185=CARTESIAN_POINT('',(14.0000000000002,15.6823271200648,-1.59198922773497));
#10186=CARTESIAN_POINT('',(14.0000000000002,15.6823271200648,-1.59198922773497));
#10187=CARTESIAN_POINT('',(14.0000000000002,15.6823271200648,-1.59198922773497));
#10188=CARTESIAN_POINT('Origin',(14.0000000000002,13.9624604462628,-1.38690723353431));
#10189=CARTESIAN_POINT('',(14.0000000000002,13.9624604462628,-1.38690723353431));
#10190=CARTESIAN_POINT('',(14.0000000000002,13.9624604462628,-1.38690723353431));
#10191=CARTESIAN_POINT('',(14.0000000000002,13.9624604462628,-1.38690723353431));
#10192=CARTESIAN_POINT('Origin',(14.0000000000002,13.2801333261984,0.205081994200778));
#10193=CARTESIAN_POINT('',(14.0000000000002,13.2801333261984,0.205081994200778));
#10194=CARTESIAN_POINT('',(14.0000000000002,13.2801333261984,0.205081994200778));
#10195=CARTESIAN_POINT('',(14.0000000000002,13.2801333261984,0.205081994200778));
#10196=CARTESIAN_POINT('Origin',(14.0000000000002,14.3176728799359,1.59198922773521));
#10197=CARTESIAN_POINT('',(14.0000000000002,14.3176728799359,1.59198922773521));
#10198=CARTESIAN_POINT('',(14.0000000000002,14.3176728799359,1.59198922773521));
#10199=CARTESIAN_POINT('',(14.0000000000002,14.3176728799359,1.59198922773521));
#10200=CARTESIAN_POINT('Origin',(14.0000000000002,16.0375395537379,1.38690723353455));
#10201=CARTESIAN_POINT('',(14.0000000000002,16.0375395537379,1.38690723353455));
#10202=CARTESIAN_POINT('',(14.0000000000002,16.0375395537379,1.38690723353455));
#10203=CARTESIAN_POINT('',(14.0000000000002,16.0375395537379,1.38690723353455));
#10204=CARTESIAN_POINT('Origin',(14.0000000000002,16.7198666738023,-0.205081994200536));
#10205=CARTESIAN_POINT('',(14.0000000000002,16.7198666738023,-0.205081994200536));
#10206=CARTESIAN_POINT('Origin',(14.0000000000002,15.0000000000003,1.21017437489817E-13));
#10207=CARTESIAN_POINT('Origin',(12.0000000000002,-7.49999999999964,-12.9903810567665));
#10208=CARTESIAN_POINT('',(12.0000000000002,-7.49999999999969,-15.2403810567665));
#10209=CARTESIAN_POINT('Origin',(12.0000000000002,-7.4999999999997,-12.9903810567665));
#10210=CARTESIAN_POINT('',(12.0000000000002,-5.66172918163997,-12.2024975638773));
#10211=CARTESIAN_POINT('Origin',(12.0000000000002,-7.49999999999964,-12.9903810567665));
#10212=CARTESIAN_POINT('Origin',(12.0000000000002,-7.49999999999964,-12.9903810567665));
#10213=CARTESIAN_POINT('',(-3.60999999999981,-5.66172918163999,-12.2024975638773));
#10214=CARTESIAN_POINT('',(12.0000000000002,-5.66172918163997,-12.2024975638773));
#10215=CARTESIAN_POINT('Origin',(-3.60999999999981,-7.49999999999965,-12.9903810567665));
#10216=CARTESIAN_POINT('Origin',(-3.60999999999981,-7.49999999999965,-12.9903810567665));
#10217=CARTESIAN_POINT('',(-3.9999999999998,-6.02019199122012,-12.3561348449907));
#10218=CARTESIAN_POINT('',(-3.60999999999981,-5.66172918163998,-12.2024975638773));
#10219=CARTESIAN_POINT('Origin',(-3.9999999999998,-7.49999999999965,-12.9903810567665));
#10220=CARTESIAN_POINT('Origin',(12.0000000000002,-7.49999999999964,-12.9903810567665));
#10221=CARTESIAN_POINT('',(16.0000000000002,-4.28302606787021,-11.6115849442104));
#10222=CARTESIAN_POINT('Origin',(16.0000000000002,-7.49999999999964,-12.9903810567665));
#10223=CARTESIAN_POINT('',(12.0000000000002,-4.28302606787022,-11.6115849442104));
#10224=CARTESIAN_POINT('',(12.0000000000002,-4.28302606787022,-11.6115849442104));
#10225=CARTESIAN_POINT('Origin',(12.0000000000002,-7.49999999999964,-12.9903810567665));
#10226=CARTESIAN_POINT('Origin',(16.0000000000002,-7.49999999999964,-12.9903810567665));
#10227=CARTESIAN_POINT('',(16.0000000000002,-5.78013332619766,-13.1954630509672));
#10228=CARTESIAN_POINT('',(16.0000000000002,-6.4624604462621,-11.6034738232321));
#10229=CARTESIAN_POINT('',(16.0000000000002,-5.78013332619766,-13.1954630509672));
#10230=CARTESIAN_POINT('',(16.0000000000002,-6.81767287993519,-14.5823702845016));
#10231=CARTESIAN_POINT('',(16.0000000000002,-6.81767287993519,-14.5823702845016));
#10232=CARTESIAN_POINT('',(16.0000000000002,-8.53753955373717,-14.3772882903009));
#10233=CARTESIAN_POINT('',(16.0000000000002,-8.53753955373717,-14.3772882903009));
#10234=CARTESIAN_POINT('',(16.0000000000002,-9.21986667380161,-12.7852990625659));
#10235=CARTESIAN_POINT('',(16.0000000000002,-9.21986667380161,-12.7852990625659));
#10236=CARTESIAN_POINT('',(16.0000000000002,-8.18232712006409,-11.3983918290314));
#10237=CARTESIAN_POINT('',(16.0000000000002,-8.18232712006409,-11.3983918290314));
#10238=CARTESIAN_POINT('',(16.0000000000002,-6.4624604462621,-11.6034738232321));
#10239=CARTESIAN_POINT('Origin',(-3.9999999999998,-6.86575378822386,-14.4701890655461));
#10240=CARTESIAN_POINT('Origin',(14.0000000000002,-6.81767287993519,-14.5823702845016));
#10241=CARTESIAN_POINT('',(14.0000000000002,-5.78013332619766,-13.1954630509672));
#10242=CARTESIAN_POINT('',(14.0000000000002,-5.78013332619766,-13.1954630509672));
#10243=CARTESIAN_POINT('',(14.0000000000002,-6.81767287993519,-14.5823702845016));
#10244=CARTESIAN_POINT('',(14.0000000000002,-6.81767287993519,-14.5823702845016));
#10245=CARTESIAN_POINT('',(14.0000000000002,-6.81767287993519,-14.5823702845016));
#10246=CARTESIAN_POINT('Origin',(14.0000000000002,-8.53753955373717,-14.3772882903009));
#10247=CARTESIAN_POINT('',(14.0000000000002,-8.53753955373717,-14.3772882903009));
#10248=CARTESIAN_POINT('',(14.0000000000002,-8.53753955373717,-14.3772882903009));
#10249=CARTESIAN_POINT('',(14.0000000000002,-8.53753955373717,-14.3772882903009));
#10250=CARTESIAN_POINT('Origin',(14.0000000000002,-9.21986667380161,-12.7852990625659));
#10251=CARTESIAN_POINT('',(14.0000000000002,-9.21986667380161,-12.7852990625659));
#10252=CARTESIAN_POINT('',(14.0000000000002,-9.21986667380161,-12.7852990625659));
#10253=CARTESIAN_POINT('',(14.0000000000002,-9.21986667380161,-12.7852990625659));
#10254=CARTESIAN_POINT('Origin',(14.0000000000002,-8.18232712006409,-11.3983918290314));
#10255=CARTESIAN_POINT('',(14.0000000000002,-8.18232712006409,-11.3983918290314));
#10256=CARTESIAN_POINT('',(14.0000000000002,-8.18232712006409,-11.3983918290314));
#10257=CARTESIAN_POINT('',(14.0000000000002,-8.18232712006409,-11.3983918290314));
#10258=CARTESIAN_POINT('Origin',(14.0000000000002,-6.46246044626211,-11.6034738232321));
#10259=CARTESIAN_POINT('',(14.0000000000002,-6.46246044626211,-11.6034738232321));
#10260=CARTESIAN_POINT('',(14.0000000000002,-6.46246044626211,-11.6034738232321));
#10261=CARTESIAN_POINT('',(14.0000000000002,-6.46246044626211,-11.6034738232321));
#10262=CARTESIAN_POINT('Origin',(14.0000000000002,-5.78013332619766,-13.1954630509672));
#10263=CARTESIAN_POINT('',(14.0000000000002,-5.78013332619766,-13.1954630509672));
#10264=CARTESIAN_POINT('Origin',(14.0000000000002,-7.49999999999964,-12.9903810567665));
#10265=CARTESIAN_POINT('Origin',(12.0000000000002,-7.49999999999958,12.9903810567667));
#10266=CARTESIAN_POINT('',(12.0000000000002,-7.49999999999961,10.7403810567667));
#10267=CARTESIAN_POINT('Origin',(12.0000000000002,-7.49999999999962,12.9903810567667));
#10268=CARTESIAN_POINT('',(12.0000000000002,-5.66172918163991,13.7782645496559));
#10269=CARTESIAN_POINT('Origin',(12.0000000000002,-7.49999999999958,12.9903810567667));
#10270=CARTESIAN_POINT('Origin',(12.0000000000002,-7.49999999999958,12.9903810567667));
#10271=CARTESIAN_POINT('',(-3.60999999999982,-5.66172918163993,13.7782645496559));
#10272=CARTESIAN_POINT('',(12.0000000000002,-5.66172918163991,13.7782645496559));
#10273=CARTESIAN_POINT('Origin',(-3.60999999999982,-7.4999999999996,12.9903810567667));
#10274=CARTESIAN_POINT('Origin',(-3.60999999999982,-7.4999999999996,12.9903810567667));
#10275=CARTESIAN_POINT('',(-3.99999999999981,-6.02019199122006,13.6246272685425));
#10276=CARTESIAN_POINT('',(-3.60999999999982,-5.66172918163993,13.7782645496559));
#10277=CARTESIAN_POINT('Origin',(-3.99999999999981,-7.4999999999996,12.9903810567667));
#10278=CARTESIAN_POINT('Origin',(12.0000000000002,-7.49999999999958,12.9903810567667));
#10279=CARTESIAN_POINT('',(16.0000000000002,-4.28302606787015,14.3691771693228));
#10280=CARTESIAN_POINT('Origin',(16.0000000000002,-7.49999999999958,12.9903810567667));
#10281=CARTESIAN_POINT('',(12.0000000000002,-4.28302606787015,14.3691771693228));
#10282=CARTESIAN_POINT('',(12.0000000000002,-4.28302606787015,14.3691771693228));
#10283=CARTESIAN_POINT('Origin',(12.0000000000002,-7.49999999999958,12.9903810567667));
#10284=CARTESIAN_POINT('Origin',(16.0000000000002,-7.49999999999958,12.9903810567667));
#10285=CARTESIAN_POINT('',(16.0000000000002,-5.78013332619761,12.7852990625661));
#10286=CARTESIAN_POINT('',(16.0000000000002,-6.46246044626205,14.3772882903012));
#10287=CARTESIAN_POINT('',(16.0000000000002,-5.78013332619761,12.7852990625661));
#10288=CARTESIAN_POINT('',(16.0000000000002,-6.81767287993513,11.3983918290316));
#10289=CARTESIAN_POINT('',(16.0000000000002,-6.81767287993513,11.3983918290316));
#10290=CARTESIAN_POINT('',(16.0000000000002,-8.53753955373712,11.6034738232323));
#10291=CARTESIAN_POINT('',(16.0000000000002,-8.53753955373712,11.6034738232323));
#10292=CARTESIAN_POINT('',(16.0000000000002,-9.21986667380156,13.1954630509674));
#10293=CARTESIAN_POINT('',(16.0000000000002,-9.21986667380156,13.1954630509674));
#10294=CARTESIAN_POINT('',(16.0000000000002,-8.18232712006403,14.5823702845018));
#10295=CARTESIAN_POINT('',(16.0000000000002,-8.18232712006403,14.5823702845018));
#10296=CARTESIAN_POINT('',(16.0000000000002,-6.46246044626205,14.3772882903012));
#10297=CARTESIAN_POINT('Origin',(-3.99999999999981,-6.86575378822381,11.5105730479872));
#10298=CARTESIAN_POINT('Origin',(14.0000000000002,-6.81767287993513,11.3983918290316));
#10299=CARTESIAN_POINT('',(14.0000000000002,-5.78013332619761,12.7852990625661));
#10300=CARTESIAN_POINT('',(14.0000000000002,-5.78013332619761,12.7852990625661));
#10301=CARTESIAN_POINT('',(14.0000000000002,-6.81767287993513,11.3983918290316));
#10302=CARTESIAN_POINT('',(14.0000000000002,-6.81767287993513,11.3983918290316));
#10303=CARTESIAN_POINT('',(14.0000000000002,-6.81767287993513,11.3983918290316));
#10304=CARTESIAN_POINT('Origin',(14.0000000000002,-8.53753955373712,11.6034738232323));
#10305=CARTESIAN_POINT('',(14.0000000000002,-8.53753955373712,11.6034738232323));
#10306=CARTESIAN_POINT('',(14.0000000000002,-8.53753955373712,11.6034738232323));
#10307=CARTESIAN_POINT('',(14.0000000000002,-8.53753955373712,11.6034738232323));
#10308=CARTESIAN_POINT('Origin',(14.0000000000002,-9.21986667380156,13.1954630509674));
#10309=CARTESIAN_POINT('',(14.0000000000002,-9.21986667380156,13.1954630509674));
#10310=CARTESIAN_POINT('',(14.0000000000002,-9.21986667380156,13.1954630509674));
#10311=CARTESIAN_POINT('',(14.0000000000002,-9.21986667380156,13.1954630509674));
#10312=CARTESIAN_POINT('Origin',(14.0000000000002,-8.18232712006403,14.5823702845018));
#10313=CARTESIAN_POINT('',(14.0000000000002,-8.18232712006403,14.5823702845018));
#10314=CARTESIAN_POINT('',(14.0000000000002,-8.18232712006403,14.5823702845018));
#10315=CARTESIAN_POINT('',(14.0000000000002,-8.18232712006403,14.5823702845018));
#10316=CARTESIAN_POINT('Origin',(14.0000000000002,-6.46246044626205,14.3772882903012));
#10317=CARTESIAN_POINT('',(14.0000000000002,-6.46246044626205,14.3772882903012));
#10318=CARTESIAN_POINT('',(14.0000000000002,-6.46246044626205,14.3772882903012));
#10319=CARTESIAN_POINT('',(14.0000000000002,-6.46246044626205,14.3772882903012));
#10320=CARTESIAN_POINT('Origin',(14.0000000000002,-5.78013332619761,12.7852990625661));
#10321=CARTESIAN_POINT('',(14.0000000000002,-5.78013332619761,12.7852990625661));
#10322=CARTESIAN_POINT('Origin',(14.0000000000002,-7.49999999999958,12.9903810567667));
#10323=CARTESIAN_POINT('Origin',(12.0000000000002,7.12500000000037,-12.3408620039281));
#10324=CARTESIAN_POINT('',(12.0000000000002,7.12500000000031,-14.5908620039281));
#10325=CARTESIAN_POINT('Origin',(12.0000000000002,7.12500000000031,-12.3408620039281));
#10326=CARTESIAN_POINT('',(12.0000000000002,8.96327081836004,-11.552978511039));
#10327=CARTESIAN_POINT('Origin',(12.0000000000002,7.12500000000037,-12.3408620039281));
#10328=CARTESIAN_POINT('Origin',(12.0000000000002,7.12500000000037,-12.3408620039281));
#10329=CARTESIAN_POINT('',(-3.60999999999982,8.96327081836002,-11.552978511039));
#10330=CARTESIAN_POINT('',(12.0000000000002,8.96327081836004,-11.552978511039));
#10331=CARTESIAN_POINT('Origin',(-3.60999999999982,7.12500000000035,-12.3408620039281));
#10332=CARTESIAN_POINT('Origin',(-3.60999999999982,7.12500000000035,-12.3408620039281));
#10333=CARTESIAN_POINT('',(-3.99999999999982,8.60480800877989,-11.7066157921524));
#10334=CARTESIAN_POINT('',(-3.60999999999982,8.96327081836002,-11.552978511039));
#10335=CARTESIAN_POINT('Origin',(-3.99999999999981,7.12500000000035,-12.3408620039281));
#10336=CARTESIAN_POINT('Origin',(12.0000000000002,7.12500000000037,-12.3408620039281));
#10337=CARTESIAN_POINT('',(16.0000000000002,10.3419739321298,-10.9620658913721));
#10338=CARTESIAN_POINT('Origin',(16.0000000000002,7.12500000000038,-12.3408620039281));
#10339=CARTESIAN_POINT('',(12.0000000000002,10.3419739321298,-10.9620658913721));
#10340=CARTESIAN_POINT('',(12.0000000000002,10.3419739321298,-10.9620658913721));
#10341=CARTESIAN_POINT('Origin',(12.0000000000002,7.12500000000037,-12.3408620039281));
#10342=CARTESIAN_POINT('Origin',(16.0000000000002,7.12500000000038,-12.3408620039281));
#10343=CARTESIAN_POINT('',(16.0000000000002,8.84486667380235,-12.5459439981288));
#10344=CARTESIAN_POINT('',(16.0000000000002,8.16253955373791,-10.9539547703937));
#10345=CARTESIAN_POINT('',(16.0000000000002,8.84486667380235,-12.5459439981288));
#10346=CARTESIAN_POINT('',(16.0000000000002,7.80732712006483,-13.9328512316632));
#10347=CARTESIAN_POINT('',(16.0000000000002,7.80732712006483,-13.9328512316632));
#10348=CARTESIAN_POINT('',(16.0000000000002,6.08746044626284,-13.7277692374626));
#10349=CARTESIAN_POINT('',(16.0000000000002,6.08746044626284,-13.7277692374626));
#10350=CARTESIAN_POINT('',(16.0000000000002,5.4051333261984,-12.1357800097275));
#10351=CARTESIAN_POINT('',(16.0000000000002,5.4051333261984,-12.1357800097275));
#10352=CARTESIAN_POINT('',(16.0000000000002,6.44267287993593,-10.7488727761931));
#10353=CARTESIAN_POINT('',(16.0000000000002,6.44267287993593,-10.7488727761931));
#10354=CARTESIAN_POINT('',(16.0000000000002,8.16253955373791,-10.9539547703937));
#10355=CARTESIAN_POINT('Origin',(-3.99999999999981,7.75924621177615,-13.8206700127077));
#10356=CARTESIAN_POINT('Origin',(14.0000000000002,7.80732712006483,-13.9328512316632));
#10357=CARTESIAN_POINT('',(14.0000000000002,8.84486667380235,-12.5459439981288));
#10358=CARTESIAN_POINT('',(14.0000000000002,8.84486667380235,-12.5459439981288));
#10359=CARTESIAN_POINT('',(14.0000000000002,7.80732712006483,-13.9328512316632));
#10360=CARTESIAN_POINT('',(14.0000000000002,7.80732712006483,-13.9328512316632));
#10361=CARTESIAN_POINT('',(14.0000000000002,7.80732712006483,-13.9328512316632));
#10362=CARTESIAN_POINT('Origin',(14.0000000000002,6.08746044626284,-13.7277692374626));
#10363=CARTESIAN_POINT('',(14.0000000000002,6.08746044626284,-13.7277692374626));
#10364=CARTESIAN_POINT('',(14.0000000000002,6.08746044626284,-13.7277692374626));
#10365=CARTESIAN_POINT('',(14.0000000000002,6.08746044626284,-13.7277692374626));
#10366=CARTESIAN_POINT('Origin',(14.0000000000002,5.4051333261984,-12.1357800097275));
#10367=CARTESIAN_POINT('',(14.0000000000002,5.4051333261984,-12.1357800097275));
#10368=CARTESIAN_POINT('',(14.0000000000002,5.4051333261984,-12.1357800097275));
#10369=CARTESIAN_POINT('',(14.0000000000002,5.4051333261984,-12.1357800097275));
#10370=CARTESIAN_POINT('Origin',(14.0000000000002,6.44267287993592,-10.7488727761931));
#10371=CARTESIAN_POINT('',(14.0000000000002,6.44267287993592,-10.7488727761931));
#10372=CARTESIAN_POINT('',(14.0000000000002,6.44267287993592,-10.7488727761931));
#10373=CARTESIAN_POINT('',(14.0000000000002,6.44267287993592,-10.7488727761931));
#10374=CARTESIAN_POINT('Origin',(14.0000000000002,8.1625395537379,-10.9539547703937));
#10375=CARTESIAN_POINT('',(14.0000000000002,8.1625395537379,-10.9539547703937));
#10376=CARTESIAN_POINT('',(14.0000000000002,8.1625395537379,-10.9539547703937));
#10377=CARTESIAN_POINT('',(14.0000000000002,8.1625395537379,-10.9539547703937));
#10378=CARTESIAN_POINT('Origin',(14.0000000000002,8.84486667380235,-12.5459439981288));
#10379=CARTESIAN_POINT('',(14.0000000000002,8.84486667380235,-12.5459439981288));
#10380=CARTESIAN_POINT('Origin',(14.0000000000002,7.12500000000038,-12.3408620039281));
#10381=CARTESIAN_POINT('Origin',(101.,34.5000000000003,-4.24027382402217E-12));
#10382=CARTESIAN_POINT('',(75.0192378864668,34.5000000000003,14.9999999999957));
#10383=CARTESIAN_POINT('Origin',(101.,34.5000000000003,-4.24027382402217E-12));
#10384=CARTESIAN_POINT('',(78.0503267997125,34.5000000000003,-13.250000000004));
#10385=CARTESIAN_POINT('Origin',(101.,34.5000000000003,-3.92108470444244E-12));
#10386=CARTESIAN_POINT('Origin',(110.526279441629,46.1000000000004,-5.5000000000042));
#10387=CARTESIAN_POINT('',(112.474836600144,34.5000000000004,-6.62500000000421));
#10388=CARTESIAN_POINT('Origin',(110.526279441629,34.5000000000004,-5.50000000000422));
#10389=CARTESIAN_POINT('',(112.474836600144,46.1000000000004,-6.6250000000042));
#10390=CARTESIAN_POINT('',(112.474836600144,46.1000000000004,-6.6250000000042));
#10391=CARTESIAN_POINT('Origin',(110.526279441629,46.1000000000004,-5.5000000000042));
#10392=CARTESIAN_POINT('Origin',(110.526279441629,46.1000000000004,5.4999999999958));
#10393=CARTESIAN_POINT('',(112.474836600144,34.5000000000004,4.37499999999578));
#10394=CARTESIAN_POINT('Origin',(110.526279441629,34.5000000000004,5.49999999999578));
#10395=CARTESIAN_POINT('',(112.474836600144,46.1000000000004,4.3749999999958));
#10396=CARTESIAN_POINT('',(112.474836600144,46.1000000000004,4.3749999999958));
#10397=CARTESIAN_POINT('Origin',(110.526279441629,46.1000000000004,5.4999999999958));
#10398=CARTESIAN_POINT('Origin',(101.,46.1000000000003,10.9999999999958));
#10399=CARTESIAN_POINT('',(102.948557158515,34.5000000000003,9.87499999999576));
#10400=CARTESIAN_POINT('Origin',(101.,34.5000000000003,10.9999999999958));
#10401=CARTESIAN_POINT('',(102.948557158515,46.1000000000003,9.87499999999578));
#10402=CARTESIAN_POINT('',(102.948557158515,46.1000000000003,9.87499999999578));
#10403=CARTESIAN_POINT('Origin',(101.,46.1000000000003,10.9999999999958));
#10404=CARTESIAN_POINT('Origin',(91.4737205583712,46.1000000000003,5.49999999999575));
#10405=CARTESIAN_POINT('',(93.4222777168862,34.5000000000003,4.37499999999574));
#10406=CARTESIAN_POINT('Origin',(91.4737205583712,34.5000000000003,5.49999999999574));
#10407=CARTESIAN_POINT('',(93.4222777168862,46.1000000000003,4.37499999999576));
#10408=CARTESIAN_POINT('',(93.4222777168862,46.1000000000003,4.37499999999576));
#10409=CARTESIAN_POINT('Origin',(91.4737205583712,46.1000000000003,5.49999999999575));
#10410=CARTESIAN_POINT('Origin',(91.4737205583712,46.1000000000003,-5.50000000000424));
#10411=CARTESIAN_POINT('',(93.4222777168862,34.5000000000003,-6.62500000000425));
#10412=CARTESIAN_POINT('Origin',(91.4737205583712,34.5000000000003,-5.50000000000426));
#10413=CARTESIAN_POINT('',(93.4222777168862,46.1000000000003,-6.62500000000424));
#10414=CARTESIAN_POINT('',(93.4222777168862,46.1000000000003,-6.62500000000424));
#10415=CARTESIAN_POINT('Origin',(91.4737205583712,46.1000000000003,-5.50000000000424));
#10416=CARTESIAN_POINT('Origin',(101.,46.1000000000004,-11.0000000000042));
#10417=CARTESIAN_POINT('',(102.948557158515,34.5000000000004,-12.1250000000042));
#10418=CARTESIAN_POINT('Origin',(101.,34.5000000000004,-11.0000000000042));
#10419=CARTESIAN_POINT('',(102.948557158515,46.1000000000004,-12.1250000000042));
#10420=CARTESIAN_POINT('',(102.948557158515,46.1000000000004,-12.1250000000042));
#10421=CARTESIAN_POINT('Origin',(101.,46.1000000000004,-11.0000000000042));
#10422=CARTESIAN_POINT('Origin',(111.,46.1000000000004,17.3205080756846));
#10423=CARTESIAN_POINT('',(113.381569860407,34.5000000000004,15.9455080756846));
#10424=CARTESIAN_POINT('Origin',(111.,34.5000000000004,17.3205080756846));
#10425=CARTESIAN_POINT('',(113.381569860407,46.1000000000004,15.9455080756846));
#10426=CARTESIAN_POINT('',(113.381569860407,46.1000000000004,15.9455080756846));
#10427=CARTESIAN_POINT('Origin',(111.,46.1000000000004,17.3205080756846));
#10428=CARTESIAN_POINT('Origin',(91.,46.1000000000003,17.3205080756845));
#10429=CARTESIAN_POINT('',(93.3815698604072,34.5000000000003,15.9455080756845));
#10430=CARTESIAN_POINT('Origin',(91.,34.5000000000003,17.3205080756845));
#10431=CARTESIAN_POINT('',(93.3815698604072,46.1000000000003,15.9455080756845));
#10432=CARTESIAN_POINT('',(93.3815698604072,46.1000000000003,15.9455080756845));
#10433=CARTESIAN_POINT('Origin',(91.,46.1000000000003,17.3205080756845));
#10434=CARTESIAN_POINT('Origin',(81.,46.1000000000003,-4.2676542814815E-12));
#10435=CARTESIAN_POINT('',(83.3815698604072,34.5000000000003,-1.37500000000428));
#10436=CARTESIAN_POINT('Origin',(81.0000000000001,34.5000000000003,-4.28218385014926E-12));
#10437=CARTESIAN_POINT('',(83.3815698604072,46.1000000000003,-1.37500000000426));
#10438=CARTESIAN_POINT('',(83.3815698604072,46.1000000000003,-1.37500000000426));
#10439=CARTESIAN_POINT('Origin',(81.,46.1000000000003,-4.2676542814815E-12));
#10440=CARTESIAN_POINT('Origin',(91.0000000000001,46.1000000000003,-17.320508075693));
#10441=CARTESIAN_POINT('',(93.3815698604073,34.5000000000003,-18.695508075693));
#10442=CARTESIAN_POINT('Origin',(91.0000000000001,34.5000000000003,-17.320508075693));
#10443=CARTESIAN_POINT('',(93.3815698604073,46.1000000000003,-18.695508075693));
#10444=CARTESIAN_POINT('',(93.3815698604073,46.1000000000003,-18.695508075693));
#10445=CARTESIAN_POINT('Origin',(91.0000000000001,46.1000000000003,-17.320508075693));
#10446=CARTESIAN_POINT('Origin',(111.,46.1000000000004,-17.320508075693));
#10447=CARTESIAN_POINT('',(113.381569860407,34.5000000000004,-18.695508075693));
#10448=CARTESIAN_POINT('Origin',(111.,34.5000000000004,-17.320508075693));
#10449=CARTESIAN_POINT('',(113.381569860407,46.1000000000004,-18.695508075693));
#10450=CARTESIAN_POINT('',(113.381569860407,46.1000000000004,-18.695508075693));
#10451=CARTESIAN_POINT('Origin',(111.,46.1000000000004,-17.320508075693));
#10452=CARTESIAN_POINT('Origin',(121.,46.1000000000004,-4.17939333712883E-12));
#10453=CARTESIAN_POINT('',(123.381569860407,34.5000000000004,-1.37500000000419));
#10454=CARTESIAN_POINT('Origin',(121.,34.5000000000004,-4.19392290579658E-12));
#10455=CARTESIAN_POINT('',(123.381569860407,46.1000000000004,-1.37500000000417));
#10456=CARTESIAN_POINT('',(123.381569860407,46.1000000000004,-1.37500000000417));
#10457=CARTESIAN_POINT('Origin',(121.,46.1000000000004,-4.17939333712883E-12));
#10458=CARTESIAN_POINT('Origin',(101.,46.1000000000003,-4.22574425535442E-12));
#10459=CARTESIAN_POINT('',(75.0192378864668,46.1000000000003,14.9999999999957));
#10460=CARTESIAN_POINT('',(75.0192378864668,46.1000000000003,14.9999999999957));
#10461=CARTESIAN_POINT('Origin',(101.,46.1000000000003,-4.22574425535442E-12));
#10462=CARTESIAN_POINT('Origin',(101.,46.1000000000003,-4.22574425535442E-12));
#10463=CARTESIAN_POINT('Origin',(101.,34.5000000000003,-3.92108470444244E-12));
#10464=CARTESIAN_POINT('',(119.181346652053,34.5000000000004,-1.05000000000383));
#10465=CARTESIAN_POINT('Origin',(121.,34.5000000000004,-3.83143508825647E-12));
#10466=CARTESIAN_POINT('Origin',(101.,34.5000000000003,-3.92108470444244E-12));
#10467=CARTESIAN_POINT('',(109.181346652053,34.5000000000004,-18.3705080756927));
#10468=CARTESIAN_POINT('Origin',(111.,34.5000000000004,-17.3205080756927));
#10469=CARTESIAN_POINT('Origin',(101.,34.5000000000003,-3.92108470444244E-12));
#10470=CARTESIAN_POINT('',(89.181346652053,34.5000000000004,-18.3705080756928));
#10471=CARTESIAN_POINT('Origin',(91.0000000000003,34.5000000000004,-17.3205080756928));
#10472=CARTESIAN_POINT('Origin',(101.,34.5000000000003,-3.92108470444244E-12));
#10473=CARTESIAN_POINT('',(79.1813466520527,34.5000000000003,-1.05000000000415));
#10474=CARTESIAN_POINT('Origin',(81.0000000000001,34.5000000000003,-4.14951219870655E-12));
#10475=CARTESIAN_POINT('Origin',(101.,34.5000000000003,-3.92108470444244E-12));
#10476=CARTESIAN_POINT('',(89.1813466520526,34.5000000000003,16.2705080756848));
#10477=CARTESIAN_POINT('Origin',(90.9999999999999,34.5000000000003,17.3205080756848));
#10478=CARTESIAN_POINT('Origin',(101.,34.5000000000003,-3.92108470444244E-12));
#10479=CARTESIAN_POINT('',(109.181346652053,34.5000000000003,16.2705080756849));
#10480=CARTESIAN_POINT('Origin',(111.,34.5000000000003,17.3205080756849));
#10481=CARTESIAN_POINT('Origin',(101.,34.5000000000003,-3.92108470444244E-12));
#10482=CARTESIAN_POINT('Origin',(101.,34.5000000000003,-3.92108470444244E-12));
#10483=CARTESIAN_POINT('Origin',(101.,34.5000000000003,-3.92108470444244E-12));
#10484=CARTESIAN_POINT('Origin',(101.,34.5000000000003,-3.92108470444244E-12));
#10485=CARTESIAN_POINT('Origin',(101.,34.5000000000003,-3.92108470444244E-12));
#10486=CARTESIAN_POINT('Origin',(-149.,40.3000000000006,-2.94356769392238E-14));
#10487=CARTESIAN_POINT('',(-122.723010756157,40.3000000000006,-14.4748000427983));
#10488=CARTESIAN_POINT('Origin',(-149.,40.3000000000006,-2.94356769392238E-14));
#10489=CARTESIAN_POINT('',(-148.467394104694,40.3000000000006,-26.4946472133578));
#10490=CARTESIAN_POINT('Origin',(-149.,40.3000000000006,-3.84772135104928E-14));
#10491=CARTESIAN_POINT('Origin',(-158.634896056075,40.3000000000005,5.30742668235935));
#10492=CARTESIAN_POINT('',(-160.605670249363,51.9000000000005,6.39303668556922));
#10493=CARTESIAN_POINT('Origin',(-158.634896056075,51.9000000000005,5.30742668235935));
#10494=CARTESIAN_POINT('',(-160.605670249363,40.3000000000005,6.39303668556922));
#10495=CARTESIAN_POINT('',(-160.605670249363,40.3000000000005,6.39303668556922));
#10496=CARTESIAN_POINT('Origin',(-158.634896056075,40.3000000000005,5.30742668235935));
#10497=CARTESIAN_POINT('Origin',(-149.221081692391,40.3000000000005,10.9977780885636));
#10498=CARTESIAN_POINT('',(-151.191855885679,51.9000000000005,12.0833880917734));
#10499=CARTESIAN_POINT('Origin',(-149.221081692391,51.9000000000005,10.9977780885636));
#10500=CARTESIAN_POINT('',(-151.191855885679,40.3000000000005,12.0833880917734));
#10501=CARTESIAN_POINT('',(-151.191855885679,40.3000000000005,12.0833880917734));
#10502=CARTESIAN_POINT('Origin',(-149.221081692391,40.3000000000005,10.9977780885636));
#10503=CARTESIAN_POINT('Origin',(-139.586185636315,40.3000000000006,5.69035140620419));
#10504=CARTESIAN_POINT('',(-141.556959829604,51.9000000000006,6.77596140941407));
#10505=CARTESIAN_POINT('Origin',(-139.586185636315,51.9000000000006,5.6903514062042));
#10506=CARTESIAN_POINT('',(-141.556959829604,40.3000000000006,6.77596140941406));
#10507=CARTESIAN_POINT('',(-141.556959829604,40.3000000000006,6.77596140941406));
#10508=CARTESIAN_POINT('Origin',(-139.586185636315,40.3000000000006,5.69035140620419));
#10509=CARTESIAN_POINT('Origin',(-139.365103943924,40.3000000000006,-5.3074266823594));
#10510=CARTESIAN_POINT('',(-141.335878137212,51.9000000000006,-4.22181667914953));
#10511=CARTESIAN_POINT('Origin',(-139.365103943924,51.9000000000006,-5.3074266823594));
#10512=CARTESIAN_POINT('',(-141.335878137212,40.3000000000006,-4.22181667914953));
#10513=CARTESIAN_POINT('',(-141.335878137212,40.3000000000006,-4.22181667914953));
#10514=CARTESIAN_POINT('Origin',(-139.365103943924,40.3000000000006,-5.3074266823594));
#10515=CARTESIAN_POINT('Origin',(-148.778918307609,40.3000000000006,-10.9977780885636));
#10516=CARTESIAN_POINT('',(-150.749692500897,51.9000000000006,-9.91216808535375));
#10517=CARTESIAN_POINT('Origin',(-148.778918307609,51.9000000000006,-10.9977780885636));
#10518=CARTESIAN_POINT('',(-150.749692500897,40.3000000000006,-9.91216808535375));
#10519=CARTESIAN_POINT('',(-150.749692500897,40.3000000000006,-9.91216808535375));
#10520=CARTESIAN_POINT('Origin',(-148.778918307609,40.3000000000006,-10.9977780885636));
#10521=CARTESIAN_POINT('Origin',(-158.413814363684,40.3000000000006,-5.69035140620425));
#10522=CARTESIAN_POINT('',(-160.384588556972,51.9000000000006,-4.60474140299437));
#10523=CARTESIAN_POINT('Origin',(-158.413814363684,51.9000000000006,-5.69035140620424));
#10524=CARTESIAN_POINT('',(-160.384588556972,40.3000000000006,-4.60474140299437));
#10525=CARTESIAN_POINT('',(-160.384588556972,40.3000000000006,-4.60474140299437));
#10526=CARTESIAN_POINT('Origin',(-158.413814363684,40.3000000000006,-5.69035140620425));
#10527=CARTESIAN_POINT('Origin',(-139.350133304801,40.3000000000005,17.5179928292282));
#10528=CARTESIAN_POINT('',(-141.75885731882,51.9000000000006,18.8448494998181));
#10529=CARTESIAN_POINT('Origin',(-139.350133304801,51.9000000000006,17.5179928292282));
#10530=CARTESIAN_POINT('',(-141.75885731882,40.3000000000006,18.844849499818));
#10531=CARTESIAN_POINT('',(-141.75885731882,40.3000000000005,18.844849499818));
#10532=CARTESIAN_POINT('Origin',(-139.350133304801,40.3000000000006,17.5179928292282));
#10533=CARTESIAN_POINT('Origin',(-129.004039838975,40.3000000000006,0.401966713438487));
#10534=CARTESIAN_POINT('',(-131.412763852994,51.9000000000006,1.72882338402834));
#10535=CARTESIAN_POINT('Origin',(-129.004039838975,51.9000000000006,0.401966713438492));
#10536=CARTESIAN_POINT('',(-131.412763852994,40.3000000000006,1.72882338402833));
#10537=CARTESIAN_POINT('',(-131.412763852994,40.3000000000006,1.72882338402833));
#10538=CARTESIAN_POINT('Origin',(-129.004039838975,40.3000000000006,0.401966713438487));
#10539=CARTESIAN_POINT('Origin',(-138.653906534174,40.3000000000006,-17.1160261157898));
#10540=CARTESIAN_POINT('',(-141.062630548193,51.9000000000006,-15.7891694451999));
#10541=CARTESIAN_POINT('Origin',(-138.653906534174,51.9000000000006,-17.1160261157897));
#10542=CARTESIAN_POINT('',(-141.062630548193,40.3000000000006,-15.7891694451999));
#10543=CARTESIAN_POINT('',(-141.062630548193,40.3000000000006,-15.7891694451999));
#10544=CARTESIAN_POINT('Origin',(-138.653906534174,40.3000000000006,-17.1160261157898));
#10545=CARTESIAN_POINT('Origin',(-158.649866695199,40.3000000000006,-17.5179928292283));
#10546=CARTESIAN_POINT('',(-161.058590709218,51.9000000000006,-16.1911361586384));
#10547=CARTESIAN_POINT('Origin',(-158.649866695199,51.9000000000006,-17.5179928292283));
#10548=CARTESIAN_POINT('',(-161.058590709218,40.3000000000006,-16.1911361586384));
#10549=CARTESIAN_POINT('',(-161.058590709218,40.3000000000006,-16.1911361586384));
#10550=CARTESIAN_POINT('Origin',(-158.649866695199,40.3000000000006,-17.5179928292283));
#10551=CARTESIAN_POINT('Origin',(-168.995960161024,40.3000000000005,-0.401966713438551));
#10552=CARTESIAN_POINT('',(-171.404684175043,51.9000000000005,0.924889957151298));
#10553=CARTESIAN_POINT('Origin',(-168.995960161024,51.9000000000005,-0.401966713438546));
#10554=CARTESIAN_POINT('',(-171.404684175043,40.3000000000005,0.924889957151292));
#10555=CARTESIAN_POINT('',(-171.404684175043,40.3000000000005,0.924889957151292));
#10556=CARTESIAN_POINT('Origin',(-168.995960161024,40.3000000000005,-0.401966713438551));
#10557=CARTESIAN_POINT('Origin',(-159.346093465826,40.3000000000005,17.1160261157897));
#10558=CARTESIAN_POINT('',(-161.754817479844,51.9000000000005,18.4428827863795));
#10559=CARTESIAN_POINT('Origin',(-159.346093465826,51.9000000000005,17.1160261157897));
#10560=CARTESIAN_POINT('',(-161.754817479844,40.3000000000005,18.4428827863795));
#10561=CARTESIAN_POINT('',(-161.754817479844,40.3000000000005,18.4428827863795));
#10562=CARTESIAN_POINT('Origin',(-159.346093465826,40.3000000000005,17.1160261157897));
#10563=CARTESIAN_POINT('Origin',(-149.,40.3000000000006,-2.94356769392238E-14));
#10564=CARTESIAN_POINT('',(-122.723010756157,51.9000000000006,-14.4748000427983));
#10565=CARTESIAN_POINT('Origin',(-149.,51.9000000000006,-2.40290486237773E-14));
#10566=CARTESIAN_POINT('',(-122.723010756157,40.3000000000006,-14.4748000427983));
#10567=CARTESIAN_POINT('Origin',(-149.,51.9000000000006,-2.40290486237773E-14));
#10568=CARTESIAN_POINT('Origin',(-149.,40.3000000000006,-3.84772135104928E-14));
#10569=CARTESIAN_POINT('',(-159.303886960915,40.3000000000005,15.0164502988821));
#10570=CARTESIAN_POINT('Origin',(-159.346093465826,40.3000000000005,17.1160261157897));
#10571=CARTESIAN_POINT('Origin',(-149.,40.3000000000006,-3.84772135104928E-14));
#10572=CARTESIAN_POINT('',(-168.953753656113,40.3000000000006,-2.50154253034624));
#10573=CARTESIAN_POINT('Origin',(-168.995960161024,40.3000000000006,-0.401966713438654));
#10574=CARTESIAN_POINT('Origin',(-149.,40.3000000000006,-3.84772135104928E-14));
#10575=CARTESIAN_POINT('',(-158.607660190287,40.3000000000006,-19.6175686461359));
#10576=CARTESIAN_POINT('Origin',(-158.649866695198,40.3000000000006,-17.5179928292283));
#10577=CARTESIAN_POINT('Origin',(-149.,40.3000000000006,-3.84772135104928E-14));
#10578=CARTESIAN_POINT('',(-138.611700029263,40.3000000000006,-19.2156019326973));
#10579=CARTESIAN_POINT('Origin',(-138.653906534174,40.3000000000006,-17.1160261157897));
#10580=CARTESIAN_POINT('Origin',(-149.,40.3000000000006,-3.84772135104928E-14));
#10581=CARTESIAN_POINT('',(-128.961833334064,40.3000000000006,-1.69760910346915));
#10582=CARTESIAN_POINT('Origin',(-129.004039838975,40.3000000000006,0.401966713438437));
#10583=CARTESIAN_POINT('Origin',(-149.,40.3000000000006,-3.84772135104928E-14));
#10584=CARTESIAN_POINT('',(-139.30792679989,40.3000000000005,15.4184170123206));
#10585=CARTESIAN_POINT('Origin',(-139.350133304801,40.3000000000005,17.5179928292282));
#10586=CARTESIAN_POINT('Origin',(-149.,40.3000000000006,-3.84772135104928E-14));
#10587=CARTESIAN_POINT('Origin',(-149.,40.3000000000006,-3.84772135104928E-14));
#10588=CARTESIAN_POINT('Origin',(-149.,40.3000000000006,-3.84772135104928E-14));
#10589=CARTESIAN_POINT('Origin',(-149.,40.3000000000006,-3.84772135104928E-14));
#10590=CARTESIAN_POINT('Origin',(-149.,40.3000000000006,-3.84772135104928E-14));
#10591=CARTESIAN_POINT('Origin',(-149.,-3.19999999999991,1.43264560897169E-13));
#10592=CARTESIAN_POINT('',(-187.16,-3.19999999999996,11.9922641732078));
#10593=CARTESIAN_POINT('',(-187.16,-3.19999999999993,-11.9922641732076));
#10594=CARTESIAN_POINT('',(-187.16,-3.19999999999995,1.31086008038199E-13));
#10595=CARTESIAN_POINT('',(-165.5,-3.19999999999997,36.4383040220042));
#10596=CARTESIAN_POINT('Origin',(-149.,-3.19999999999991,1.43264560897169E-13));
#10597=CARTESIAN_POINT('',(-165.5,-3.19999999999999,45.2100000000001));
#10598=CARTESIAN_POINT('',(-165.5,-3.19999999999992,1.51051084583388E-13));
#10599=CARTESIAN_POINT('',(-132.5,-3.19999999999995,45.2100000000002));
#10600=CARTESIAN_POINT('',(-149.,-3.19999999999997,45.2100000000002));
#10601=CARTESIAN_POINT('',(-132.5,-3.19999999999993,36.4383040220042));
#10602=CARTESIAN_POINT('',(-132.5,-3.19999999999989,1.42004240906431E-13));
#10603=CARTESIAN_POINT('',(-110.84,-3.19999999999988,11.9922641732078));
#10604=CARTESIAN_POINT('Origin',(-149.,-3.19999999999991,1.43264560897169E-13));
#10605=CARTESIAN_POINT('',(-110.84,-3.19999999999985,-11.9922641732075));
#10606=CARTESIAN_POINT('',(-110.84,-3.19999999999987,1.55443113756139E-13));
#10607=CARTESIAN_POINT('Origin',(-149.,-3.19999999999991,1.43264560897169E-13));
#10608=CARTESIAN_POINT('',(-148.919606657312,-3.19999999999944,-3.99919203220506));
#10609=CARTESIAN_POINT('Origin',(-149.,-3.19999999999945,-1.12773425544662E-13));
#10610=CARTESIAN_POINT('Origin',(-187.16,-3.19999999999995,1.31086008038199E-13));
#10611=CARTESIAN_POINT('',(-187.16,-14.7,11.9922641732078));
#10612=CARTESIAN_POINT('',(-187.16,-14.6999999999999,-11.9922641732076));
#10613=CARTESIAN_POINT('',(-187.16,-14.6999999999999,1.16762396297058E-13));
#10614=CARTESIAN_POINT('',(-187.16,-3.19999999999996,11.9922641732078));
#10615=CARTESIAN_POINT('',(-187.16,-3.19999999999993,-11.9922641732076));
#10616=CARTESIAN_POINT('Origin',(-149.,-3.19999999999991,1.43264560897169E-13));
#10617=CARTESIAN_POINT('',(-165.5,-14.7,36.4383040220042));
#10618=CARTESIAN_POINT('Origin',(-149.,-14.6999999999999,1.28940949156028E-13));
#10619=CARTESIAN_POINT('',(-165.5,-3.19999999999997,36.4383040220042));
#10620=CARTESIAN_POINT('Origin',(-165.5,-3.19999999999992,1.51051084583388E-13));
#10621=CARTESIAN_POINT('',(-165.5,-14.7,45.2100000000001));
#10622=CARTESIAN_POINT('',(-165.5,-14.6999999999999,1.36727472842247E-13));
#10623=CARTESIAN_POINT('',(-165.5,-3.19999999999999,45.2100000000001));
#10624=CARTESIAN_POINT('Origin',(-149.,-3.19999999999997,45.2100000000002));
#10625=CARTESIAN_POINT('',(-132.5,-14.6999999999999,45.2100000000001));
#10626=CARTESIAN_POINT('',(-149.,-14.7,45.2100000000001));
#10627=CARTESIAN_POINT('',(-132.5,-3.19999999999995,45.2100000000002));
#10628=CARTESIAN_POINT('Origin',(-132.5,-3.19999999999989,1.42004240906431E-13));
#10629=CARTESIAN_POINT('',(-132.5,-14.6999999999999,36.4383040220042));
#10630=CARTESIAN_POINT('',(-132.5,-14.6999999999999,1.27680629165291E-13));
#10631=CARTESIAN_POINT('',(-132.5,-3.19999999999993,36.4383040220042));
#10632=CARTESIAN_POINT('Origin',(-149.,-3.19999999999991,1.43264560897169E-13));
#10633=CARTESIAN_POINT('',(-110.84,-14.6999999999999,11.9922641732078));
#10634=CARTESIAN_POINT('Origin',(-149.,-14.6999999999999,1.28940949156028E-13));
#10635=CARTESIAN_POINT('',(-110.84,-3.19999999999988,11.9922641732078));
#10636=CARTESIAN_POINT('Origin',(-110.84,-3.19999999999987,1.55443113756139E-13));
#10637=CARTESIAN_POINT('',(-110.84,-14.6999999999999,-11.9922641732075));
#10638=CARTESIAN_POINT('',(-110.84,-14.6999999999999,1.41119502014999E-13));
#10639=CARTESIAN_POINT('',(-110.84,-3.19999999999985,-11.9922641732075));
#10640=CARTESIAN_POINT('Origin',(-149.,-3.19999999999991,1.43264560897169E-13));
#10641=CARTESIAN_POINT('Origin',(-149.,-14.6999999999999,1.28940949156028E-13));
#10642=CARTESIAN_POINT('Origin',(-149.,-14.6999999999999,1.28940949156028E-13));
#10643=CARTESIAN_POINT('Origin',(101.,-8.99999999999958,7.65977807513025E-15));
#10644=CARTESIAN_POINT('',(62.8400000000001,-8.99999999999963,11.9922641732077));
#10645=CARTESIAN_POINT('',(62.8400000000001,-8.9999999999996,-11.9922641732077));
#10646=CARTESIAN_POINT('',(62.8400000000001,-8.99999999999961,-4.51877478383987E-15));
#10647=CARTESIAN_POINT('',(84.5000000000001,-8.99999999999964,36.4383040220041));
#10648=CARTESIAN_POINT('Origin',(101.,-8.99999999999958,7.65977807513025E-15));
#10649=CARTESIAN_POINT('',(84.5000000000001,-8.99999999999965,45.21));
#10650=CARTESIAN_POINT('',(84.5000000000001,-8.99999999999959,1.54463017613493E-14));
#10651=CARTESIAN_POINT('',(117.5,-8.99999999999961,45.21));
#10652=CARTESIAN_POINT('',(101.,-8.99999999999963,45.21));
#10653=CARTESIAN_POINT('',(117.5,-8.9999999999996,36.4383040220041));
#10654=CARTESIAN_POINT('',(117.5,-8.99999999999956,6.3994580843924E-15));
#10655=CARTESIAN_POINT('',(139.16,-8.99999999999955,11.9922641732077));
#10656=CARTESIAN_POINT('Origin',(101.,-8.99999999999958,7.65977807513025E-15));
#10657=CARTESIAN_POINT('',(139.16,-8.99999999999952,-11.9922641732076));
#10658=CARTESIAN_POINT('',(139.16,-8.99999999999954,1.98383309341004E-14));
#10659=CARTESIAN_POINT('Origin',(101.,-8.99999999999958,7.65977807513025E-15));
#10660=CARTESIAN_POINT('',(97.5358983848623,-8.99999999999966,-2.00000000000401));
#10661=CARTESIAN_POINT('Origin',(101.,-8.99999999999966,-4.00644945446687E-12));
#10662=CARTESIAN_POINT('Origin',(62.8400000000001,-8.99999999999961,-4.51877478383987E-15));
#10663=CARTESIAN_POINT('',(62.8400000000002,-20.4999999999996,11.9922641732077));
#10664=CARTESIAN_POINT('',(62.8400000000002,-20.4999999999996,-11.9922641732077));
#10665=CARTESIAN_POINT('',(62.8400000000002,-20.4999999999996,-1.88423865249803E-14));
#10666=CARTESIAN_POINT('',(62.8400000000001,-8.99999999999963,11.9922641732077));
#10667=CARTESIAN_POINT('',(62.8400000000001,-8.9999999999996,-11.9922641732077));
#10668=CARTESIAN_POINT('Origin',(101.,-8.99999999999958,7.65977807513025E-15));
#10669=CARTESIAN_POINT('',(84.5000000000001,-20.4999999999996,36.4383040220041));
#10670=CARTESIAN_POINT('Origin',(101.,-20.4999999999996,-6.6638336660102E-15));
#10671=CARTESIAN_POINT('',(84.5000000000001,-8.99999999999964,36.4383040220041));
#10672=CARTESIAN_POINT('Origin',(84.5000000000001,-8.99999999999959,1.54463017613493E-14));
#10673=CARTESIAN_POINT('',(84.5000000000001,-20.4999999999997,45.21));
#10674=CARTESIAN_POINT('',(84.5000000000001,-20.4999999999996,1.12269002020888E-15));
#10675=CARTESIAN_POINT('',(84.5000000000001,-8.99999999999965,45.21));
#10676=CARTESIAN_POINT('Origin',(101.,-8.99999999999963,45.21));
#10677=CARTESIAN_POINT('',(117.5,-20.4999999999996,45.21));
#10678=CARTESIAN_POINT('',(101.,-20.4999999999996,45.21));
#10679=CARTESIAN_POINT('',(117.5,-8.99999999999961,45.21));
#10680=CARTESIAN_POINT('Origin',(117.5,-8.99999999999956,6.3994580843924E-15));
#10681=CARTESIAN_POINT('',(117.5,-20.4999999999996,36.4383040220041));
#10682=CARTESIAN_POINT('',(117.5,-20.4999999999996,-7.92415365674805E-15));
#10683=CARTESIAN_POINT('',(117.5,-8.9999999999996,36.4383040220041));
#10684=CARTESIAN_POINT('Origin',(101.,-8.99999999999958,7.65977807513025E-15));
#10685=CARTESIAN_POINT('',(139.16,-20.4999999999996,11.9922641732077));
#10686=CARTESIAN_POINT('Origin',(101.,-20.4999999999996,-6.6638336660102E-15));
#10687=CARTESIAN_POINT('',(139.16,-8.99999999999955,11.9922641732077));
#10688=CARTESIAN_POINT('Origin',(139.16,-8.99999999999954,1.98383309341004E-14));
#10689=CARTESIAN_POINT('',(139.16,-20.4999999999995,-11.9922641732076));
#10690=CARTESIAN_POINT('',(139.16,-20.4999999999995,5.51471919295993E-15));
#10691=CARTESIAN_POINT('',(139.16,-8.99999999999952,-11.9922641732076));
#10692=CARTESIAN_POINT('Origin',(101.,-8.99999999999958,7.65977807513025E-15));
#10693=CARTESIAN_POINT('Origin',(101.,-20.4999999999996,-6.6638336660102E-15));
#10694=CARTESIAN_POINT('Origin',(101.,-20.4999999999996,-6.6638336660102E-15));
#10695=CARTESIAN_POINT('Origin',(-149.653195909337,39.3000000000005,32.4934352616651));
#10696=CARTESIAN_POINT('',(-157.670439949946,39.3000000000001,-40.0727272727273));
#10697=CARTESIAN_POINT('',(-149.,39.3000000000001,-32.4999999999998));
#10698=CARTESIAN_POINT('Origin',(-149.,39.3000000000002,-41.2499999999998));
#10699=CARTESIAN_POINT('',(-157.670439949946,39.3000000000001,40.0727272727272));
#10700=CARTESIAN_POINT('Origin',(-149.,39.3000000000006,-4.01851724078301E-14));
#10701=CARTESIAN_POINT('',(-149.,39.3000000000001,32.5000000000002));
#10702=CARTESIAN_POINT('Origin',(-149.,39.3000000000001,41.2500000000002));
#10703=CARTESIAN_POINT('Origin',(-149.,39.3000000000006,-4.01851724078301E-14));
#10704=CARTESIAN_POINT('',(-174.425484104704,39.3000000000006,-28.1528707759945));
#10705=CARTESIAN_POINT('Origin',(-174.458646358562,39.3000000000006,-26.50320406271));
#10706=CARTESIAN_POINT('',(-185.709414542024,39.3000000000005,-2.38828054922778));
#10707=CARTESIAN_POINT('Origin',(-185.742576795883,39.3000000000005,-0.738613835943239));
#10708=CARTESIAN_POINT('',(-175.470041808851,39.3000000000005,23.8089796452781));
#10709=CARTESIAN_POINT('Origin',(-175.50320406271,39.3000000000005,25.4586463585626));
#10710=CARTESIAN_POINT('Origin',(-175.50320406271,39.3000000000005,25.4586463585626));
#10711=CARTESIAN_POINT('',(-175.470041808851,29.2000000000005,23.8089796452781));
#10712=CARTESIAN_POINT('Origin',(-175.50320406271,29.2000000000005,25.4586463585626));
#10713=CARTESIAN_POINT('',(-175.470041808851,39.3000000000005,23.8089796452781));
#10714=CARTESIAN_POINT('Origin',(-175.50320406271,29.2000000000005,25.4586463585626));
#10715=CARTESIAN_POINT('',(-175.50320406271,28.208579978605,25.4586463585626));
#10716=CARTESIAN_POINT('',(-175.470041808851,29.2000000000005,23.8089796452781));
#10717=CARTESIAN_POINT('Origin',(-185.742576795883,39.3000000000005,-0.738613835943239));
#10718=CARTESIAN_POINT('',(-185.709414542024,29.2000000000005,-2.38828054922779));
#10719=CARTESIAN_POINT('Origin',(-185.742576795883,29.2000000000005,-0.738613835943257));
#10720=CARTESIAN_POINT('',(-185.709414542024,39.3000000000005,-2.38828054922778));
#10721=CARTESIAN_POINT('Origin',(-185.742576795883,29.2000000000005,-0.738613835943257));
#10722=CARTESIAN_POINT('',(-185.742576795883,28.2085799786051,-0.738613835943258));
#10723=CARTESIAN_POINT('',(-185.709414542024,29.2000000000005,-2.38828054922779));
#10724=CARTESIAN_POINT('Origin',(-174.458646358562,39.3000000000006,-26.50320406271));
#10725=CARTESIAN_POINT('',(-174.425484104704,29.2000000000006,-28.1528707759945));
#10726=CARTESIAN_POINT('Origin',(-174.458646358562,29.2000000000006,-26.50320406271));
#10727=CARTESIAN_POINT('',(-174.425484104704,39.3000000000006,-28.1528707759945));
#10728=CARTESIAN_POINT('Origin',(-174.458646358562,29.2000000000006,-26.50320406271));
#10729=CARTESIAN_POINT('',(-174.458646358562,28.2085799786051,-26.50320406271));
#10730=CARTESIAN_POINT('',(-174.425484104704,29.2000000000006,-28.1528707759945));
#10731=CARTESIAN_POINT('Origin',(-129.004039838975,40.3000000000006,0.401966713438437));
#10732=CARTESIAN_POINT('',(-128.961833334064,29.9000000000006,-1.69760910346917));
#10733=CARTESIAN_POINT('Origin',(-129.004039838975,29.9000000000006,0.401966713438419));
#10734=CARTESIAN_POINT('',(-128.961833334064,40.3000000000006,-1.69760910346915));
#10735=CARTESIAN_POINT('Origin',(-129.004039838975,29.9000000000006,0.401966713438419));
#10736=CARTESIAN_POINT('',(-129.004039838975,28.6381927000427,0.401966713438417));
#10737=CARTESIAN_POINT('',(-128.961833334064,29.9000000000006,-1.69760910346917));
#10738=CARTESIAN_POINT('Origin',(-139.350133304801,40.3000000000005,17.5179928292282));
#10739=CARTESIAN_POINT('',(-139.30792679989,29.9000000000005,15.4184170123206));
#10740=CARTESIAN_POINT('Origin',(-139.350133304801,29.9000000000005,17.5179928292282));
#10741=CARTESIAN_POINT('',(-139.30792679989,40.3000000000005,15.4184170123206));
#10742=CARTESIAN_POINT('Origin',(-139.350133304801,29.9000000000005,17.5179928292282));
#10743=CARTESIAN_POINT('',(-139.350133304801,28.6381927000426,17.5179928292282));
#10744=CARTESIAN_POINT('',(-139.30792679989,29.9000000000005,15.4184170123206));
#10745=CARTESIAN_POINT('Origin',(-159.346093465826,40.3000000000005,17.1160261157897));
#10746=CARTESIAN_POINT('',(-159.303886960915,29.9000000000005,15.0164502988821));
#10747=CARTESIAN_POINT('Origin',(-159.346093465826,29.9000000000005,17.1160261157896));
#10748=CARTESIAN_POINT('',(-159.303886960915,40.3000000000005,15.0164502988821));
#10749=CARTESIAN_POINT('Origin',(-159.346093465826,29.9000000000005,17.1160261157896));
#10750=CARTESIAN_POINT('',(-159.346093465826,28.6381927000426,17.1160261157896));
#10751=CARTESIAN_POINT('',(-159.303886960915,29.9000000000005,15.016450298882));
#10752=CARTESIAN_POINT('Origin',(-168.995960161024,40.3000000000006,-0.401966713438654));
#10753=CARTESIAN_POINT('',(-168.953753656113,29.9000000000005,-2.50154253034626));
#10754=CARTESIAN_POINT('Origin',(-168.995960161024,29.9000000000005,-0.401966713438671));
#10755=CARTESIAN_POINT('',(-168.953753656113,40.3000000000006,-2.50154253034624));
#10756=CARTESIAN_POINT('Origin',(-168.995960161024,29.9000000000005,-0.401966713438671));
#10757=CARTESIAN_POINT('',(-168.995960161024,28.6381927000427,-0.401966713438674));
#10758=CARTESIAN_POINT('',(-168.953753656113,29.9000000000005,-2.50154253034626));
#10759=CARTESIAN_POINT('Origin',(-158.649866695198,40.3000000000006,-17.5179928292283));
#10760=CARTESIAN_POINT('',(-158.607660190287,29.9000000000006,-19.6175686461359));
#10761=CARTESIAN_POINT('Origin',(-158.649866695198,29.9000000000006,-17.5179928292284));
#10762=CARTESIAN_POINT('',(-158.607660190287,40.3000000000006,-19.6175686461359));
#10763=CARTESIAN_POINT('Origin',(-158.649866695198,29.9000000000006,-17.5179928292284));
#10764=CARTESIAN_POINT('',(-158.649866695198,28.6381927000427,-17.5179928292284));
#10765=CARTESIAN_POINT('',(-158.607660190287,29.9000000000006,-19.617568646136));
#10766=CARTESIAN_POINT('Origin',(-138.653906534174,40.3000000000006,-17.1160261157897));
#10767=CARTESIAN_POINT('',(-138.611700029263,29.9000000000006,-19.2156019326973));
#10768=CARTESIAN_POINT('Origin',(-138.653906534174,29.9000000000006,-17.1160261157897));
#10769=CARTESIAN_POINT('',(-138.611700029263,40.3000000000006,-19.2156019326973));
#10770=CARTESIAN_POINT('Origin',(-138.653906534174,29.9000000000006,-17.1160261157897));
#10771=CARTESIAN_POINT('',(-138.653906534174,28.6381927000427,-17.1160261157897));
#10772=CARTESIAN_POINT('',(-138.611700029263,29.9000000000006,-19.2156019326973));
#10773=CARTESIAN_POINT('Origin',(-149.,40.3000000000006,-3.84772135104928E-14));
#10774=CARTESIAN_POINT('',(-148.919606657312,-2.19999999999943,-3.99919203220505));
#10775=CARTESIAN_POINT('Origin',(-149.,-2.19999999999944,-1.11065466647325E-13));
#10776=CARTESIAN_POINT('',(-148.919606657312,40.3000000000006,-3.99919203220498));
#10777=CARTESIAN_POINT('Origin',(-149.,40.3000000000006,-3.84772135104928E-14));
#10778=CARTESIAN_POINT('',(-147.919714457634,31.3000000000007,-53.739142932754));
#10779=CARTESIAN_POINT('Origin',(-149.,31.3000000000006,-5.38488435865278E-14));
#10780=CARTESIAN_POINT('',(-147.919714457634,-2.19999999999935,-53.739142932754));
#10781=CARTESIAN_POINT('',(-147.919714457634,40.3000000000006,-53.739142932754));
#10782=CARTESIAN_POINT('Origin',(-149.,-2.19999999999944,-1.11065466647325E-13));
#10783=CARTESIAN_POINT('Origin',(-149.,40.3000000000006,-3.84772135104928E-14));
#10784=CARTESIAN_POINT('',(-148.175968237451,39.3000000000006,-40.9917183301007));
#10785=CARTESIAN_POINT('Origin',(-149.,39.3000000000001,-4.01851724078308E-14));
#10786=CARTESIAN_POINT('Origin',(-149.,39.3000000000001,-4.01851724078308E-14));
#10787=CARTESIAN_POINT('',(-148.175968237451,31.3000000000006,-40.9917183301007));
#10788=CARTESIAN_POINT('',(-148.175968237451,40.3000000000006,-40.9917183301007));
#10789=CARTESIAN_POINT('Origin',(-149.,31.3000000000006,-5.38488435865278E-14));
#10790=CARTESIAN_POINT('Origin',(-149.,40.3000000000006,-3.84772135104928E-14));
#10791=CARTESIAN_POINT('',(-148.346804090662,32.3000000000006,-32.4934352616652));
#10792=CARTESIAN_POINT('Origin',(-149.,32.3000000000006,-5.21408846891906E-14));
#10793=CARTESIAN_POINT('',(-148.346804090662,39.3000000000006,-32.4934352616652));
#10794=CARTESIAN_POINT('',(-148.346804090662,40.3000000000006,-32.4934352616652));
#10795=CARTESIAN_POINT('Origin',(-149.,39.3000000000001,1.96199647766601E-13));
#10796=CARTESIAN_POINT('Origin',(-149.,39.3000000000001,1.96199647766601E-13));
#10797=CARTESIAN_POINT('Origin',(-149.,40.3000000000006,-3.84772135104928E-14));
#10798=CARTESIAN_POINT('',(-148.467394104694,32.3000000000006,-26.4946472133578));
#10799=CARTESIAN_POINT('',(-148.467394104694,40.3000000000006,-26.4946472133578));
#10800=CARTESIAN_POINT('Origin',(-149.,32.3000000000005,-5.21408846891906E-14));
#10801=CARTESIAN_POINT('Origin',(-149.,40.3000000000006,-3.84772135104928E-14));
#10802=CARTESIAN_POINT('Origin',(-149.532605895306,32.3000000000005,26.4946472133577));
#10803=CARTESIAN_POINT('Origin',(-149.824031762549,31.3000000000005,40.9917183301006));
#10804=CARTESIAN_POINT('Origin',(-150.080285542366,-2.19999999999953,53.7391429327538));
#10805=CARTESIAN_POINT('Origin',(-149.,39.3000000000001,1.96199647766601E-13));
#10806=CARTESIAN_POINT('',(-149.,39.3000000000002,-49.9999999999998));
#10807=CARTESIAN_POINT('Origin',(-149.,39.3000000000002,-41.2499999999998));
#10808=CARTESIAN_POINT('',(-149.,39.3000000000002,-41.4999999999998));
#10809=CARTESIAN_POINT('Origin',(-149.,39.3000000000002,-45.7499999999998));
#10810=CARTESIAN_POINT('',(-149.,39.3000000000001,41.5000000000002));
#10811=CARTESIAN_POINT('Origin',(-149.,39.3000000000001,1.96199647766601E-13));
#10812=CARTESIAN_POINT('',(-149.,39.3,50.0000000000002));
#10813=CARTESIAN_POINT('Origin',(-149.,39.3000000000001,45.7500000000002));
#10814=CARTESIAN_POINT('Origin',(-149.,39.3000000000001,41.2500000000002));
#10815=CARTESIAN_POINT('Origin',(129.145825622994,33.5000000000003,16.2499999999961));
#10816=CARTESIAN_POINT('',(101.,33.5000000000004,-32.4999999999999));
#10817=CARTESIAN_POINT('',(109.670439949947,33.5000000000004,-40.0727272727311));
#10818=CARTESIAN_POINT('Origin',(101.,33.5000000000004,-41.2499999999999));
#10819=CARTESIAN_POINT('',(101.,33.5000000000003,32.5000000000001));
#10820=CARTESIAN_POINT('Origin',(101.,33.5000000000003,-3.92304711248897E-12));
#10821=CARTESIAN_POINT('',(109.670439949946,33.5000000000003,40.0727272727234));
#10822=CARTESIAN_POINT('Origin',(101.,33.5000000000003,41.2500000000001));
#10823=CARTESIAN_POINT('Origin',(101.,33.5000000000003,-3.92304711248897E-12));
#10824=CARTESIAN_POINT('',(109.082657991273,33.5000000000003,34.6727741161194));
#10825=CARTESIAN_POINT('Origin',(110.511599907518,33.5000000000003,35.4977741161194));
#10826=CARTESIAN_POINT('',(131.397491672834,33.5000000000003,17.5499999999962));
#10827=CARTESIAN_POINT('Origin',(132.826433589078,33.5000000000003,18.3749999999962));
#10828=CARTESIAN_POINT('',(135.068832199879,33.5000000000004,-10.3365999075215));
#10829=CARTESIAN_POINT('Origin',(136.497774116123,33.5000000000004,-9.51159990752148));
#10830=CARTESIAN_POINT('',(117.946058083756,33.5000000000004,-32.651433589082));
#10831=CARTESIAN_POINT('Origin',(119.375,33.5000000000004,-31.826433589082));
#10832=CARTESIAN_POINT('Origin',(119.375,33.5000000000004,-31.826433589082));
#10833=CARTESIAN_POINT('',(117.946058083756,23.4000000000004,-32.651433589082));
#10834=CARTESIAN_POINT('Origin',(119.375,23.4000000000004,-31.826433589082));
#10835=CARTESIAN_POINT('',(117.946058083756,33.5000000000004,-32.651433589082));
#10836=CARTESIAN_POINT('Origin',(119.375,23.4000000000004,-31.826433589082));
#10837=CARTESIAN_POINT('',(119.375,22.408579978605,-31.826433589082));
#10838=CARTESIAN_POINT('',(117.946058083756,23.4000000000004,-32.651433589082));
#10839=CARTESIAN_POINT('Origin',(136.497774116123,33.5000000000004,-9.51159990752148));
#10840=CARTESIAN_POINT('',(135.068832199879,23.4000000000004,-10.3365999075215));
#10841=CARTESIAN_POINT('Origin',(136.497774116123,23.4000000000004,-9.51159990752151));
#10842=CARTESIAN_POINT('',(135.068832199879,33.5000000000004,-10.3365999075215));
#10843=CARTESIAN_POINT('Origin',(136.497774116123,23.4000000000004,-9.51159990752151));
#10844=CARTESIAN_POINT('',(136.497774116123,22.4085799786049,-9.5115999075215));
#10845=CARTESIAN_POINT('',(135.068832199879,23.4000000000004,-10.3365999075215));
#10846=CARTESIAN_POINT('Origin',(132.826433589078,33.5000000000003,18.3749999999962));
#10847=CARTESIAN_POINT('',(131.397491672834,23.4000000000003,17.5499999999961));
#10848=CARTESIAN_POINT('Origin',(132.826433589078,23.4000000000003,18.3749999999961));
#10849=CARTESIAN_POINT('',(131.397491672834,33.5000000000003,17.5499999999962));
#10850=CARTESIAN_POINT('Origin',(132.826433589078,23.4000000000003,18.3749999999961));
#10851=CARTESIAN_POINT('',(132.826433589078,22.4085799786049,18.3749999999961));
#10852=CARTESIAN_POINT('',(131.397491672834,23.4000000000003,17.5499999999961));
#10853=CARTESIAN_POINT('Origin',(110.511599907518,33.5000000000003,35.4977741161194));
#10854=CARTESIAN_POINT('',(109.082657991273,23.4000000000003,34.6727741161194));
#10855=CARTESIAN_POINT('Origin',(110.511599907518,23.4000000000003,35.4977741161194));
#10856=CARTESIAN_POINT('',(109.082657991273,33.5000000000003,34.6727741161194));
#10857=CARTESIAN_POINT('Origin',(110.511599907518,23.4000000000003,35.4977741161194));
#10858=CARTESIAN_POINT('',(110.511599907518,22.4085799786048,35.4977741161194));
#10859=CARTESIAN_POINT('',(109.082657991273,23.4000000000003,34.6727741161193));
#10860=CARTESIAN_POINT('Origin',(111.,34.5000000000004,-17.3205080756927));
#10861=CARTESIAN_POINT('',(109.181346652053,24.1000000000004,-18.3705080756927));
#10862=CARTESIAN_POINT('Origin',(111.,24.1000000000004,-17.3205080756927));
#10863=CARTESIAN_POINT('',(109.181346652053,34.5000000000004,-18.3705080756927));
#10864=CARTESIAN_POINT('Origin',(111.,24.1000000000004,-17.3205080756927));
#10865=CARTESIAN_POINT('',(111.,22.8381927000425,-17.3205080756927));
#10866=CARTESIAN_POINT('',(109.181346652053,24.1000000000004,-18.3705080756927));
#10867=CARTESIAN_POINT('Origin',(121.,34.5000000000004,-3.83143508825647E-12));
#10868=CARTESIAN_POINT('',(119.181346652053,24.1000000000004,-1.05000000000385));
#10869=CARTESIAN_POINT('Origin',(121.,24.1000000000004,-3.85216017656866E-12));
#10870=CARTESIAN_POINT('',(119.181346652053,34.5000000000004,-1.05000000000383));
#10871=CARTESIAN_POINT('Origin',(121.,24.1000000000004,-3.85216017656866E-12));
#10872=CARTESIAN_POINT('',(121.,22.8381927000425,-3.85040112817798E-12));
#10873=CARTESIAN_POINT('',(119.181346652053,24.1000000000004,-1.05000000000385));
#10874=CARTESIAN_POINT('Origin',(111.,34.5000000000003,17.3205080756849));
#10875=CARTESIAN_POINT('',(109.181346652053,24.1000000000003,16.2705080756849));
#10876=CARTESIAN_POINT('Origin',(111.,24.1000000000003,17.3205080756849));
#10877=CARTESIAN_POINT('',(109.181346652053,34.5000000000003,16.2705080756849));
#10878=CARTESIAN_POINT('Origin',(111.,24.1000000000003,17.3205080756849));
#10879=CARTESIAN_POINT('',(111.,22.8381927000424,17.3205080756849));
#10880=CARTESIAN_POINT('',(109.181346652053,24.1000000000003,16.2705080756849));
#10881=CARTESIAN_POINT('Origin',(90.9999999999999,34.5000000000003,17.3205080756848));
#10882=CARTESIAN_POINT('',(89.1813466520526,24.1000000000003,16.2705080756847));
#10883=CARTESIAN_POINT('Origin',(90.9999999999999,24.1000000000003,17.3205080756847));
#10884=CARTESIAN_POINT('',(89.1813466520526,34.5000000000003,16.2705080756848));
#10885=CARTESIAN_POINT('Origin',(90.9999999999999,24.1000000000003,17.3205080756847));
#10886=CARTESIAN_POINT('',(90.9999999999999,22.8381927000424,17.3205080756847));
#10887=CARTESIAN_POINT('',(89.1813466520526,24.1000000000003,16.2705080756847));
#10888=CARTESIAN_POINT('Origin',(81.0000000000001,34.5000000000003,-4.14951219870655E-12));
#10889=CARTESIAN_POINT('',(79.1813466520527,24.1000000000003,-1.05000000000417));
#10890=CARTESIAN_POINT('Origin',(81.0000000000001,24.1000000000003,-4.17134751004336E-12));
#10891=CARTESIAN_POINT('',(79.1813466520527,34.5000000000003,-1.05000000000415));
#10892=CARTESIAN_POINT('Origin',(81.0000000000001,24.1000000000003,-4.17134751004336E-12));
#10893=CARTESIAN_POINT('',(81.0000000000001,22.8381927000425,-4.16958846165268E-12));
#10894=CARTESIAN_POINT('',(79.1813466520527,24.1000000000003,-1.05000000000417));
#10895=CARTESIAN_POINT('Origin',(91.0000000000003,34.5000000000004,-17.3205080756928));
#10896=CARTESIAN_POINT('',(89.181346652053,24.1000000000004,-18.3705080756929));
#10897=CARTESIAN_POINT('Origin',(91.0000000000003,24.1000000000004,-17.3205080756929));
#10898=CARTESIAN_POINT('',(89.181346652053,34.5000000000004,-18.3705080756928));
#10899=CARTESIAN_POINT('Origin',(91.0000000000003,24.1000000000004,-17.3205080756929));
#10900=CARTESIAN_POINT('',(91.0000000000003,22.8381927000425,-17.3205080756929));
#10901=CARTESIAN_POINT('',(89.181346652053,24.1000000000004,-18.3705080756929));
#10902=CARTESIAN_POINT('Origin',(101.,34.5000000000003,-3.92108470444244E-12));
#10903=CARTESIAN_POINT('',(97.5358983848623,-7.99999999999964,-2.00000000000401));
#10904=CARTESIAN_POINT('Origin',(101.,-7.99999999999964,-4.00448704642033E-12));
#10905=CARTESIAN_POINT('',(97.5358983848623,34.5000000000003,-2.00000000000393));
#10906=CARTESIAN_POINT('Origin',(101.,34.5000000000003,-3.92108470444244E-12));
#10907=CARTESIAN_POINT('',(54.4511345465865,25.5000000000004,-26.875000000004));
#10908=CARTESIAN_POINT('Origin',(101.,25.5000000000004,-3.93874637686128E-12));
#10909=CARTESIAN_POINT('',(54.4511345465866,-7.99999999999963,-26.8750000000041));
#10910=CARTESIAN_POINT('',(54.4511345465865,34.5000000000004,-26.875000000004));
#10911=CARTESIAN_POINT('Origin',(101.,-7.99999999999964,-4.00448704642033E-12));
#10912=CARTESIAN_POINT('Origin',(101.,34.5000000000003,-3.92108470444244E-12));
#10913=CARTESIAN_POINT('',(65.4929584448381,33.5000000000004,-20.500000000004));
#10914=CARTESIAN_POINT('Origin',(101.,33.5000000000004,-3.92304711248897E-12));
#10915=CARTESIAN_POINT('',(65.4929584448381,25.5000000000004,-20.500000000004));
#10916=CARTESIAN_POINT('',(65.4929584448381,34.5000000000003,-20.500000000004));
#10917=CARTESIAN_POINT('Origin',(101.,25.5000000000004,-3.93874637686128E-12));
#10918=CARTESIAN_POINT('Origin',(101.,33.5000000000004,-3.92304711248897E-12));
#10919=CARTESIAN_POINT('Origin',(101.,34.5000000000003,-3.92108470444244E-12));
#10920=CARTESIAN_POINT('',(72.8541743770058,26.5000000000004,-16.250000000004));
#10921=CARTESIAN_POINT('Origin',(101.,26.5000000000003,-3.93678396881475E-12));
#10922=CARTESIAN_POINT('',(72.8541743770058,33.5000000000004,-16.250000000004));
#10923=CARTESIAN_POINT('',(72.8541743770058,34.5000000000003,-16.250000000004));
#10924=CARTESIAN_POINT('Origin',(101.,33.5000000000004,1.14533212680497E-13));
#10925=CARTESIAN_POINT('Origin',(101.,33.5000000000004,1.14533212680497E-13));
#10926=CARTESIAN_POINT('Origin',(101.,34.5000000000003,-3.92108470444244E-12));
#10927=CARTESIAN_POINT('',(78.0503267997125,26.5000000000004,-13.250000000004));
#10928=CARTESIAN_POINT('',(78.0503267997125,34.5000000000003,-13.250000000004));
#10929=CARTESIAN_POINT('Origin',(101.,26.5000000000003,-3.93678396881475E-12));
#10930=CARTESIAN_POINT('Origin',(101.,34.5000000000003,-3.92108470444244E-12));
#10931=CARTESIAN_POINT('Origin',(123.949673200288,26.5000000000003,13.2499999999961));
#10932=CARTESIAN_POINT('Origin',(136.507041555162,25.5000000000003,20.4999999999961));
#10933=CARTESIAN_POINT('Origin',(147.548865453414,-7.99999999999965,26.8749999999961));
#10934=CARTESIAN_POINT('Origin',(101.,33.5000000000004,1.14533212680497E-13));
#10935=CARTESIAN_POINT('',(101.,33.5000000000003,50.0000000000001));
#10936=CARTESIAN_POINT('Origin',(101.,33.5000000000003,41.2500000000001));
#10937=CARTESIAN_POINT('',(101.,33.5000000000003,41.5000000000001));
#10938=CARTESIAN_POINT('Origin',(101.,33.5000000000003,45.7500000000001));
#10939=CARTESIAN_POINT('',(101.,33.5000000000004,-41.4999999999999));
#10940=CARTESIAN_POINT('Origin',(101.,33.5000000000004,1.14533212680497E-13));
#10941=CARTESIAN_POINT('',(101.,33.5000000000004,-49.9999999999999));
#10942=CARTESIAN_POINT('Origin',(101.,33.5000000000004,-45.7499999999999));
#10943=CARTESIAN_POINT('Origin',(101.,33.5000000000004,-41.2499999999999));
#10944=CARTESIAN_POINT('Origin',(-94.4999999999998,-24.6272498996635,47.5000000000001));
#10945=CARTESIAN_POINT('',(-94.4999999999999,39.5000000000001,45.0000000000002));
#10946=CARTESIAN_POINT('',(-94.4999999999999,39.5000000000001,50.0000000000002));
#10947=CARTESIAN_POINT('Origin',(-94.4999999999999,39.5000000000001,47.5000000000002));
#10948=CARTESIAN_POINT('',(-94.4999999999999,45.3000000000001,45.0000000000002));
#10949=CARTESIAN_POINT('',(-94.4999999999998,-24.6272498996635,45.0000000000001));
#10950=CARTESIAN_POINT('',(-94.4999999999999,45.3000000000001,50.0000000000002));
#10951=CARTESIAN_POINT('Origin',(-94.4999999999999,45.3000000000001,47.5000000000002));
#10952=CARTESIAN_POINT('',(-94.4999999999998,-24.6272498996635,50.0000000000001));
#10953=CARTESIAN_POINT('Origin',(-94.4999999999999,-24.6272498996634,-47.4999999999999));
#10954=CARTESIAN_POINT('',(-94.4999999999999,39.5000000000002,-49.9999999999998));
#10955=CARTESIAN_POINT('',(-94.4999999999999,39.5000000000002,-44.9999999999998));
#10956=CARTESIAN_POINT('Origin',(-94.4999999999999,39.5000000000002,-47.4999999999998));
#10957=CARTESIAN_POINT('',(-94.4999999999999,45.3000000000003,-49.9999999999998));
#10958=CARTESIAN_POINT('',(-94.4999999999999,-24.6272498996634,-49.9999999999999));
#10959=CARTESIAN_POINT('',(-94.4999999999999,45.3000000000002,-44.9999999999998));
#10960=CARTESIAN_POINT('Origin',(-94.4999999999999,45.3000000000002,-47.4999999999998));
#10961=CARTESIAN_POINT('',(-94.4999999999999,-24.6272498996634,-44.9999999999999));
#10962=CARTESIAN_POINT('Origin',(101.,30.5000000000003,45.7500000000001));
#10963=CARTESIAN_POINT('',(101.,30.5000000000003,41.5000000000001));
#10964=CARTESIAN_POINT('',(101.,30.5000000000003,50.0000000000001));
#10965=CARTESIAN_POINT('Origin',(101.,30.5000000000003,45.7500000000001));
#10966=CARTESIAN_POINT('',(101.,30.5000000000003,41.5000000000001));
#10967=CARTESIAN_POINT('',(101.,39.5000000000003,50.0000000000001));
#10968=CARTESIAN_POINT('Origin',(101.,30.5000000000004,-45.7499999999999));
#10969=CARTESIAN_POINT('',(101.,30.5000000000004,-49.9999999999999));
#10970=CARTESIAN_POINT('',(101.,30.5000000000004,-41.4999999999999));
#10971=CARTESIAN_POINT('Origin',(101.,30.5000000000004,-45.7499999999999));
#10972=CARTESIAN_POINT('',(101.,39.5000000000004,-49.9999999999999));
#10973=CARTESIAN_POINT('',(101.,30.5000000000004,-41.4999999999999));
#10974=CARTESIAN_POINT('Origin',(101.,30.5000000000004,-41.2499999999999));
#10975=CARTESIAN_POINT('',(101.,39.5000000000004,-49.9999999999999));
#10976=CARTESIAN_POINT('',(101.,39.5000000000004,-49.9999999999999));
#10977=CARTESIAN_POINT('',(101.,39.5000000000004,-32.4999999999998));
#10978=CARTESIAN_POINT('Origin',(101.,39.5000000000004,-41.2499999999999));
#10979=CARTESIAN_POINT('',(101.,30.5000000000004,-32.4999999999999));
#10980=CARTESIAN_POINT('Origin',(101.,30.5000000000003,41.2500000000001));
#10981=CARTESIAN_POINT('',(101.,39.5000000000003,32.5000000000001));
#10982=CARTESIAN_POINT('',(101.,30.5000000000003,32.5000000000001));
#10983=CARTESIAN_POINT('',(101.,39.5000000000003,50.0000000000001));
#10984=CARTESIAN_POINT('Origin',(101.,39.5000000000003,41.2500000000001));
#10985=CARTESIAN_POINT('',(101.,39.5000000000003,50.0000000000001));
#10986=CARTESIAN_POINT('Origin',(-97.7652461702019,39.5000000000002,-39.9999999999998));
#10987=CARTESIAN_POINT('',(-97.7652461702019,35.3000000000002,-49.9999999999998));
#10988=CARTESIAN_POINT('',(-105.647515990171,35.3000000000002,-33.8461538461537));
#10989=CARTESIAN_POINT('Origin',(-97.7652461702019,35.3000000000002,-39.9999999999998));
#10990=CARTESIAN_POINT('',(-97.7652461702019,30.5000000000002,-49.9999999999999));
#10991=CARTESIAN_POINT('',(-97.7652461702019,45.3000000000002,-49.9999999999998));
#10992=CARTESIAN_POINT('',(-105.647515990171,30.5000000000002,-33.8461538461537));
#10993=CARTESIAN_POINT('Origin',(-97.7652461702019,30.5000000000002,-39.9999999999998));
#10994=CARTESIAN_POINT('',(-105.647515990171,39.5000000000002,-33.8461538461537));
#10995=CARTESIAN_POINT('Origin',(-97.7652461702019,39.5000000000001,40.0000000000002));
#10996=CARTESIAN_POINT('',(-105.647515990171,35.3000000000001,33.846153846154));
#10997=CARTESIAN_POINT('',(-97.7652461702019,35.3000000000001,50.0000000000002));
#10998=CARTESIAN_POINT('Origin',(-97.7652461702019,35.3000000000001,40.0000000000002));
#10999=CARTESIAN_POINT('',(-105.647515990171,30.5000000000001,33.846153846154));
#11000=CARTESIAN_POINT('',(-105.647515990171,39.5000000000001,33.846153846154));
#11001=CARTESIAN_POINT('',(-97.7652461702019,30.5000000000001,50.0000000000002));
#11002=CARTESIAN_POINT('Origin',(-97.7652461702019,30.5000000000001,40.0000000000002));
#11003=CARTESIAN_POINT('',(-97.7652461702019,45.3000000000001,50.0000000000002));
#11004=CARTESIAN_POINT('Origin',(101.,39.5000000000004,1.23005602137168E-13));
#11005=CARTESIAN_POINT('Origin',(101.,39.5000000000004,1.23005602137168E-13));
#11006=CARTESIAN_POINT('Origin',(-149.,35.3000000000001,1.9055138812882E-13));
#11007=CARTESIAN_POINT('',(-149.,35.3000000000002,-41.4999999999998));
#11008=CARTESIAN_POINT('',(-149.,35.3000000000001,41.5000000000002));
#11009=CARTESIAN_POINT('Origin',(-149.,35.3000000000001,1.9055138812882E-13));
#11010=CARTESIAN_POINT('',(-149.,35.3000000000001,41.5000000000002));
#11011=CARTESIAN_POINT('',(-149.,35.3000000000002,-41.4999999999998));
#11012=CARTESIAN_POINT('Origin',(-149.,45.3000000000001,2.04672037223272E-13));
#11013=CARTESIAN_POINT('',(-78.9999999999999,45.3000000000002,5.00000000000019));
#11014=CARTESIAN_POINT('',(-97.665313870639,45.3000000000002,5.0000000000002));
#11015=CARTESIAN_POINT('',(-74.1668522645211,45.3000000000002,5.00000000000018));
#11016=CARTESIAN_POINT('',(-78.9999999999999,45.3000000000002,-4.99999999999982));
#11017=CARTESIAN_POINT('Origin',(-78.9999999999999,45.3000000000002,1.86036380813946E-13));
#11018=CARTESIAN_POINT('',(-97.665313870639,45.3000000000002,-4.99999999999982));
#11019=CARTESIAN_POINT('',(-74.1668522645211,45.3000000000002,-4.99999999999982));
#11020=CARTESIAN_POINT('',(-103.532135142566,45.3000000000002,-9.74285714285696));
#11021=CARTESIAN_POINT('Origin',(-97.665313870639,45.3000000000002,-10.9999999999998));
#11022=CARTESIAN_POINT('',(-117.870576291743,45.3000000000002,-34.542857142857));
#11023=CARTESIAN_POINT('Origin',(-149.,45.3000000000001,2.04672037223272E-13));
#11024=CARTESIAN_POINT('',(-113.85387645842,45.3000000000002,-44.9999999999998));
#11025=CARTESIAN_POINT('Origin',(-113.85387645842,45.3000000000002,-38.9999999999998));
#11026=CARTESIAN_POINT('',(-94.4999999999999,45.3000000000002,-44.9999999999998));
#11027=CARTESIAN_POINT('',(-149.,45.3000000000002,-49.9999999999998));
#11028=CARTESIAN_POINT('',(-149.,45.3000000000002,-49.9999999999998));
#11029=CARTESIAN_POINT('',(-149.,45.3000000000002,-32.4999999999998));
#11030=CARTESIAN_POINT('Origin',(-149.,45.3000000000002,-41.2499999999998));
#11031=CARTESIAN_POINT('',(-149.,45.3000000000001,32.5000000000002));
#11032=CARTESIAN_POINT('Origin',(-149.,45.3000000000001,2.04672037223272E-13));
#11033=CARTESIAN_POINT('',(-149.,45.3,50.0000000000002));
#11034=CARTESIAN_POINT('Origin',(-149.,45.3000000000001,41.2500000000002));
#11035=CARTESIAN_POINT('',(-93.0983005625052,45.3000000000001,50.0000000000002));
#11036=CARTESIAN_POINT('',(-113.85387645842,45.3000000000001,45.0000000000002));
#11037=CARTESIAN_POINT('',(-94.4999999999999,45.3000000000001,45.0000000000002));
#11038=CARTESIAN_POINT('',(-117.870576291743,45.3000000000001,34.5428571428573));
#11039=CARTESIAN_POINT('Origin',(-113.85387645842,45.3000000000001,39.0000000000002));
#11040=CARTESIAN_POINT('',(-103.532135142566,45.3000000000001,9.74285714285732));
#11041=CARTESIAN_POINT('Origin',(-149.,45.3000000000001,2.04672037223272E-13));
#11042=CARTESIAN_POINT('Origin',(-97.665313870639,45.3000000000001,11.0000000000002));
#11043=CARTESIAN_POINT('',(-112.249999999997,45.3000000000001,3.50000000000016));
#11044=CARTESIAN_POINT('Origin',(-112.25,45.3000000000001,1.58335932195941E-13));
#11045=CARTESIAN_POINT('',(-148.999999999997,45.3000000000002,-33.2499999999998));
#11046=CARTESIAN_POINT('Origin',(-149.,45.3000000000002,-36.7499999999998));
#11047=CARTESIAN_POINT('Origin',(-149.,35.3000000000001,1.9055138812882E-13));
#11048=CARTESIAN_POINT('',(-149.,35.3000000000002,-49.9999999999998));
#11049=CARTESIAN_POINT('Origin',(-149.,35.3000000000002,-45.7499999999998));
#11050=CARTESIAN_POINT('',(-149.,35.3000000000002,-49.9999999999998));
#11051=CARTESIAN_POINT('Origin',(-149.,35.3000000000001,1.9055138812882E-13));
#11052=CARTESIAN_POINT('',(-149.,35.3,50.0000000000002));
#11053=CARTESIAN_POINT('',(-93.0983005625052,35.3000000000001,50.0000000000002));
#11054=CARTESIAN_POINT('Origin',(-149.,35.3000000000001,45.7500000000002));
#11055=CARTESIAN_POINT('Origin',(101.,39.5000000000004,1.23005602137168E-13));
#11056=CARTESIAN_POINT('',(101.,39.5000000000004,-49.9999999999999));
#11057=CARTESIAN_POINT('',(-113.85387645842,39.5000000000002,-44.9999999999998));
#11058=CARTESIAN_POINT('',(-94.4999999999999,39.5000000000002,-44.9999999999998));
#11059=CARTESIAN_POINT('',(-117.870576291743,39.5000000000002,-34.542857142857));
#11060=CARTESIAN_POINT('Origin',(-113.85387645842,39.5000000000002,-38.9999999999998));
#11061=CARTESIAN_POINT('',(-103.532135142566,39.5000000000002,-9.74285714285697));
#11062=CARTESIAN_POINT('Origin',(-149.,39.5000000000001,1.9648206074849E-13));
#11063=CARTESIAN_POINT('',(-97.665313870639,39.5000000000002,-4.99999999999983));
#11064=CARTESIAN_POINT('Origin',(-97.665313870639,39.5000000000002,-10.9999999999998));
#11065=CARTESIAN_POINT('',(-78.9999999999999,39.5000000000002,-4.99999999999983));
#11066=CARTESIAN_POINT('',(-74.1668522645211,39.5000000000002,-4.99999999999983));
#11067=CARTESIAN_POINT('',(-78.9999999999999,39.5000000000002,5.00000000000018));
#11068=CARTESIAN_POINT('Origin',(-78.9999999999999,39.5000000000002,1.74659863696154E-13));
#11069=CARTESIAN_POINT('',(-97.665313870639,39.5000000000002,5.00000000000019));
#11070=CARTESIAN_POINT('',(-74.1668522645211,39.5000000000002,5.00000000000018));
#11071=CARTESIAN_POINT('',(-103.532135142566,39.5000000000001,9.74285714285732));
#11072=CARTESIAN_POINT('Origin',(-97.665313870639,39.5000000000001,11.0000000000002));
#11073=CARTESIAN_POINT('',(-117.870576291743,39.5000000000001,34.5428571428573));
#11074=CARTESIAN_POINT('Origin',(-149.,39.5000000000001,1.9648206074849E-13));
#11075=CARTESIAN_POINT('',(-113.85387645842,39.5000000000001,45.0000000000002));
#11076=CARTESIAN_POINT('Origin',(-113.85387645842,39.5000000000001,39.0000000000002));
#11077=CARTESIAN_POINT('',(-94.4999999999999,39.5000000000001,45.0000000000002));
#11078=CARTESIAN_POINT('',(101.,39.5000000000003,50.0000000000001));
#11079=CARTESIAN_POINT('',(15.0000000000026,39.5000000000002,18.5000000000001));
#11080=CARTESIAN_POINT('Origin',(15.0000000000001,39.5000000000002,15.0000000000001));
#11081=CARTESIAN_POINT('',(5.0000000000026,39.5000000000002,18.5000000000002));
#11082=CARTESIAN_POINT('Origin',(5.00000000000014,39.5000000000002,15.0000000000002));
#11083=CARTESIAN_POINT('',(101.,39.5000000000004,-33.2499999999999));
#11084=CARTESIAN_POINT('Origin',(101.,39.5000000000004,-36.7499999999999));
#11085=CARTESIAN_POINT('',(64.2500000000001,39.5000000000003,3.5000000000001));
#11086=CARTESIAN_POINT('Origin',(64.2500000000001,39.5000000000003,9.8416947151799E-14));
#11087=CARTESIAN_POINT('',(101.,39.5000000000003,40.2500000000001));
#11088=CARTESIAN_POINT('Origin',(101.,39.5000000000003,36.7500000000001));
#11089=CARTESIAN_POINT('',(-53.4999999999999,39.5000000000002,-19.4999999999998));
#11090=CARTESIAN_POINT('',(-53.4999999999999,39.5000000000002,19.5000000000002));
#11091=CARTESIAN_POINT('',(-53.4999999999999,39.5000000000002,1.68414053558965E-13));
#11092=CARTESIAN_POINT('',(-45.9999999999999,39.5000000000003,-26.9999999999998));
#11093=CARTESIAN_POINT('Origin',(-45.9999999999999,39.5000000000002,-19.4999999999998));
#11094=CARTESIAN_POINT('',(-7.49999999999988,39.5000000000003,-26.9999999999998));
#11095=CARTESIAN_POINT('',(101.,39.5000000000004,-26.9999999999999));
#11096=CARTESIAN_POINT('',(1.19904086659517E-13,39.5000000000003,-19.4999999999998));
#11097=CARTESIAN_POINT('Origin',(-7.49999999999988,39.5000000000003,-19.4999999999998));
#11098=CARTESIAN_POINT('',(1.46549439250521E-13,39.5000000000002,19.5000000000002));
#11099=CARTESIAN_POINT('',(1.33226762955019E-13,39.5000000000003,1.52690091416142E-13));
#11100=CARTESIAN_POINT('',(-7.49999999999986,39.5000000000002,27.0000000000002));
#11101=CARTESIAN_POINT('Origin',(-7.49999999999986,39.5000000000002,19.5000000000002));
#11102=CARTESIAN_POINT('',(-45.9999999999999,39.5000000000002,27.0000000000002));
#11103=CARTESIAN_POINT('',(101.,39.5000000000003,27.0000000000001));
#11104=CARTESIAN_POINT('Origin',(-45.9999999999999,39.5000000000002,19.5000000000002));
#11105=CARTESIAN_POINT('Origin',(-149.,30.5000000000001,1.83773476563484E-13));
#11106=CARTESIAN_POINT('',(101.,30.5000000000004,-49.9999999999999));
#11107=CARTESIAN_POINT('Origin',(101.,30.5000000000004,1.10297017952161E-13));
#11108=CARTESIAN_POINT('',(101.,30.5000000000003,50.0000000000002));
#11109=CARTESIAN_POINT('Origin',(-149.,30.5000000000001,1.83773476563484E-13));
#11110=CARTESIAN_POINT('',(1.46549439250521E-13,30.5000000000003,-19.9999999999999));
#11111=CARTESIAN_POINT('',(1.28785870856518E-13,30.5000000000003,-19.4999999999999));
#11112=CARTESIAN_POINT('',(1.4210854715202E-13,30.5000000000003,1.37007005082621E-13));
#11113=CARTESIAN_POINT('',(-7.49999999999987,30.5000000000003,-26.9999999999999));
#11114=CARTESIAN_POINT('Origin',(-7.49999999999987,30.5000000000003,-19.4999999999999));
#11115=CARTESIAN_POINT('',(-45.9999999999999,30.5000000000003,-26.9999999999998));
#11116=CARTESIAN_POINT('',(-149.,30.5000000000002,-26.9999999999998));
#11117=CARTESIAN_POINT('',(-53.4999999999999,30.5000000000002,-19.4999999999999));
#11118=CARTESIAN_POINT('Origin',(-45.9999999999999,30.5000000000002,-19.4999999999999));
#11119=CARTESIAN_POINT('',(-53.4999999999999,30.5000000000002,19.5000000000002));
#11120=CARTESIAN_POINT('',(-53.4999999999999,30.5000000000002,1.55705469373959E-13));
#11121=CARTESIAN_POINT('',(-45.9999999999999,30.5000000000002,27.0000000000002));
#11122=CARTESIAN_POINT('Origin',(-45.9999999999999,30.5000000000002,19.5000000000002));
#11123=CARTESIAN_POINT('',(-7.49999999999985,30.5000000000002,27.0000000000002));
#11124=CARTESIAN_POINT('',(-149.,30.5000000000001,27.0000000000002));
#11125=CARTESIAN_POINT('',(1.55431223447522E-13,30.5000000000002,19.5000000000002));
#11126=CARTESIAN_POINT('Origin',(-7.49999999999985,30.5000000000002,19.5000000000001));
#11127=CARTESIAN_POINT('',(1.37667655053519E-13,30.5000000000002,20.0000000000001));
#11128=CARTESIAN_POINT('',(1.4210854715202E-13,30.5000000000003,1.37007005082621E-13));
#11129=CARTESIAN_POINT('',(15.0000000000001,30.5000000000002,20.0000000000001));
#11130=CARTESIAN_POINT('',(12.0000000000001,30.5000000000002,20.0000000000001));
#11131=CARTESIAN_POINT('',(15.0000000000001,30.5000000000003,10.0000000000001));
#11132=CARTESIAN_POINT('Origin',(15.0000000000001,30.5000000000002,15.0000000000001));
#11133=CARTESIAN_POINT('',(12.0000000000001,30.5000000000003,10.0000000000001));
#11134=CARTESIAN_POINT('',(1.37667655053519E-13,30.5000000000003,10.0000000000001));
#11135=CARTESIAN_POINT('',(12.0000000000001,30.5000000000003,-9.99999999999986));
#11136=CARTESIAN_POINT('',(12.0000000000001,30.5000000000003,1.39587730937454E-13));
#11137=CARTESIAN_POINT('',(15.0000000000001,30.5000000000003,-9.99999999999985));
#11138=CARTESIAN_POINT('',(1.46549439250521E-13,30.5000000000003,-9.99999999999986));
#11139=CARTESIAN_POINT('',(15.0000000000002,30.5000000000003,-19.9999999999999));
#11140=CARTESIAN_POINT('Origin',(15.0000000000002,30.5000000000003,-14.9999999999999));
#11141=CARTESIAN_POINT('',(12.0000000000001,30.5000000000003,-19.9999999999999));
#11142=CARTESIAN_POINT('Origin',(101.,30.5000000000004,1.10297017952161E-13));
#11143=CARTESIAN_POINT('Origin',(-93.0983005625052,45.3000000000001,50.0000000000002));
#11144=CARTESIAN_POINT('',(-149.,45.3,50.0000000000002));
#11145=CARTESIAN_POINT('',(-149.,45.3,50.0000000000002));
#11146=CARTESIAN_POINT('Origin',(-149.,45.3000000000002,-49.9999999999998));
#11147=CARTESIAN_POINT('',(-149.,45.3000000000002,-49.9999999999998));
#11148=CARTESIAN_POINT('',(-149.,45.3000000000002,-49.9999999999998));
#11149=CARTESIAN_POINT('Origin',(-149.,45.3000000000001,2.04672037223272E-13));
#11150=CARTESIAN_POINT('',(-149.,30.5000000000001,32.5000000000002));
#11151=CARTESIAN_POINT('',(-149.,30.5000000000002,-32.4999999999998));
#11152=CARTESIAN_POINT('Origin',(-149.,39.5000000000001,1.9648206074849E-13));
#11153=CARTESIAN_POINT('Origin',(-45.9999999999999,45.3000000000002,-19.4999999999998));
#11154=CARTESIAN_POINT('',(-53.4999999999999,45.3000000000002,-19.4999999999998));
#11155=CARTESIAN_POINT('',(-45.9999999999999,45.3000000000003,-26.9999999999998));
#11156=CARTESIAN_POINT('Origin',(-53.4999999999999,45.3000000000002,1.76604030033746E-13));
#11157=CARTESIAN_POINT('',(-53.4999999999999,45.3000000000002,19.5000000000002));
#11158=CARTESIAN_POINT('Origin',(-45.9999999999999,45.3000000000002,19.5000000000002));
#11159=CARTESIAN_POINT('',(-45.9999999999999,45.3000000000002,27.0000000000002));
#11160=CARTESIAN_POINT('Origin',(-149.,45.3000000000001,27.0000000000002));
#11161=CARTESIAN_POINT('',(-7.49999999999986,45.3000000000002,27.0000000000002));
#11162=CARTESIAN_POINT('Origin',(-7.49999999999986,45.3000000000002,19.5000000000002));
#11163=CARTESIAN_POINT('',(1.4210854715202E-13,45.3000000000002,19.5000000000002));
#11164=CARTESIAN_POINT('Origin',(1.28785870856518E-13,45.3000000000003,
1.60880067890923E-13));
#11165=CARTESIAN_POINT('',(1.15463194561016E-13,45.3000000000003,-19.4999999999998));
#11166=CARTESIAN_POINT('',(1.4210854715202E-13,30.5000000000003,1.37007005082621E-13));
#11167=CARTESIAN_POINT('Origin',(-7.49999999999988,45.3000000000003,-19.4999999999998));
#11168=CARTESIAN_POINT('',(-7.49999999999988,45.3000000000003,-26.9999999999998));
#11169=CARTESIAN_POINT('Origin',(-149.,45.3000000000002,-26.9999999999998));
#11170=CARTESIAN_POINT('Origin',(-149.,30.5000000000002,-41.2499999999998));
#11171=CARTESIAN_POINT('Origin',(-149.,30.5,41.2500000000002));
#11172=CARTESIAN_POINT('Origin',(-149.,30.5000000000002,-45.7499999999998));
#11173=CARTESIAN_POINT('Origin',(-149.,35.3000000000001,45.7500000000002));
#11174=CARTESIAN_POINT('Origin',(-94.4999999999999,-24.6272498996634,-44.9999999999999));
#11175=CARTESIAN_POINT('',(-113.85387645842,-24.6272498996634,-44.9999999999999));
#11176=CARTESIAN_POINT('Origin',(-113.85387645842,-24.6272498996634,-38.9999999999999));
#11177=CARTESIAN_POINT('',(-117.870576291743,-24.6272498996634,-34.542857142857));
#11178=CARTESIAN_POINT('Origin',(-149.,-24.6272498996635,1.05930221425957E-13));
#11179=CARTESIAN_POINT('',(-103.532135142566,-24.6272498996634,-9.74285714285706));
#11180=CARTESIAN_POINT('Origin',(-97.6653138706389,-24.6272498996634,-10.9999999999999));
#11181=CARTESIAN_POINT('',(-97.6653138706389,-24.6272498996634,-4.99999999999992));
#11182=CARTESIAN_POINT('Origin',(-74.166852264521,-24.6272498996634,-4.99999999999992));
#11183=CARTESIAN_POINT('',(-78.9999999999998,-24.6272498996634,-4.99999999999992));
#11184=CARTESIAN_POINT('Origin',(-74.166852264521,-24.6272498996634,5.00000000000009));
#11185=CARTESIAN_POINT('',(-78.9999999999998,-24.6272498996634,5.00000000000009));
#11186=CARTESIAN_POINT('',(-97.6653138706389,-24.6272498996635,5.0000000000001));
#11187=CARTESIAN_POINT('Origin',(-97.6653138706389,-24.6272498996635,11.0000000000001));
#11188=CARTESIAN_POINT('',(-103.532135142566,-24.6272498996635,9.74285714285723));
#11189=CARTESIAN_POINT('Origin',(-149.,-24.6272498996635,1.05930221425957E-13));
#11190=CARTESIAN_POINT('',(-117.870576291743,-24.6272498996635,34.5428571428572));
#11191=CARTESIAN_POINT('Origin',(-113.85387645842,-24.6272498996635,39.0000000000001));
#11192=CARTESIAN_POINT('',(-113.85387645842,-24.6272498996635,45.0000000000001));
#11193=CARTESIAN_POINT('Origin',(-94.4999999999998,-24.6272498996635,45.0000000000001));
#11194=CARTESIAN_POINT('Origin',(-78.9999999999999,45.3000000000002,1.82849840170935E-13));
#11195=CARTESIAN_POINT('Origin',(1.73194791841524E-13,2.66453525910038E-13,
8.3780484669225E-14));
#11196=CARTESIAN_POINT('',(1.72069089318665E-13,2.56677866473132E-13,5.23435305963101));
#11197=CARTESIAN_POINT('Origin',(1.73194791841524E-13,2.66453525910038E-13,
8.3780484669225E-14));
#11198=CARTESIAN_POINT('',(1.00000000000017,2.57716453343738E-13,5.23435305963101));
#11199=CARTESIAN_POINT('',(1.72069089318665E-13,2.56677866473132E-13,5.23435305963101));
#11200=CARTESIAN_POINT('Origin',(1.00000000000017,2.66453525910038E-13,
8.39955451571277E-14));
#11201=CARTESIAN_POINT('Origin',(1.00000000000017,2.66453525910038E-13,
8.39955451571277E-14));
#11202=CARTESIAN_POINT('Origin',(15.0000000000001,30.5000000000002,15.0000000000001));
#11203=CARTESIAN_POINT('',(16.6500000000001,23.3461525809718,15.0000000000001));
#11204=CARTESIAN_POINT('Ctrl Pts',(16.6500000000001,23.3461525809718,15.0000000000001));
#11205=CARTESIAN_POINT('Ctrl Pts',(16.6500000000001,23.3461525809718,14.7943625339789));
#11206=CARTESIAN_POINT('Ctrl Pts',(16.609115863013,23.3371783072205,14.5752943172901));
#11207=CARTESIAN_POINT('Ctrl Pts',(16.4444978495535,23.2954829465613,14.1735289188483));
#11208=CARTESIAN_POINT('Ctrl Pts',(16.3207910877833,23.2621104069517,13.9908885017496));
#11209=CARTESIAN_POINT('Ctrl Pts',(16.0255113464081,23.168144853126,13.6884836414971));
#11210=CARTESIAN_POINT('Ctrl Pts',(15.8302352177844,23.0984889381153,13.5566319423186));
#11211=CARTESIAN_POINT('Ctrl Pts',(15.4157002610578,22.9196266234804,13.3876120493322));
#11212=CARTESIAN_POINT('Ctrl Pts',(15.196881079597,22.8098217670104,13.3500000000001));
#11213=CARTESIAN_POINT('Ctrl Pts',(14.7703356075919,22.5635556239267,13.3500000000001));
#11214=CARTESIAN_POINT('Ctrl Pts',(14.5352472861219,22.4057988985798,13.3999752009947));
#11215=CARTESIAN_POINT('Ctrl Pts',(14.1129465549768,22.0784483673843,13.5896062053951));
#11216=CARTESIAN_POINT('Ctrl Pts',(13.9252815006102,21.9091055200335,13.7286864142082));
#11217=CARTESIAN_POINT('Ctrl Pts',(13.6575572355802,21.6438491207139,14.0242790242023));
#11218=CARTESIAN_POINT('Ctrl Pts',(13.5471443346883,21.5231613631739,14.1914100670535));
#11219=CARTESIAN_POINT('Ctrl Pts',(13.4317953801468,21.3903655936103,14.4767784394546));
#11220=CARTESIAN_POINT('Ctrl Pts',(13.4014181322172,21.354092704211,14.577726395832));
#11221=CARTESIAN_POINT('Ctrl Pts',(13.3605244097601,21.3047777096874,14.7858900975178));
#11222=CARTESIAN_POINT('Ctrl Pts',(13.3500000000002,21.2917673979296,14.8931118146221));
#11223=CARTESIAN_POINT('Ctrl Pts',(13.3500000000002,21.2917673979296,15.1153132262838));
#11224=CARTESIAN_POINT('Ctrl Pts',(13.362214425972,21.3068788857945,15.2300857751769));
#11225=CARTESIAN_POINT('Ctrl Pts',(13.4089598884915,21.3631131583556,15.451592132607));
#11226=CARTESIAN_POINT('Ctrl Pts',(13.443506790874,21.4041945981599,15.5583330869484));
#11227=CARTESIAN_POINT('Ctrl Pts',(13.5741308235728,21.5532881381229,15.8585021456779));
#11228=CARTESIAN_POINT('Ctrl Pts',(13.6985748048733,21.6872169789839,16.0320271827889));
#11229=CARTESIAN_POINT('Ctrl Pts',(13.9786645551825,21.9575430596707,16.312116933098));
#11230=CARTESIAN_POINT('Ctrl Pts',(14.159607174176,22.116872806149,16.4366401617752));
#11231=CARTESIAN_POINT('Ctrl Pts',(14.5623017277068,22.4240595365265,16.6058067391442));
#11232=CARTESIAN_POINT('Ctrl Pts',(14.7844181877251,22.5716862053575,16.6500000000001));
#11233=CARTESIAN_POINT('Ctrl Pts',(15.1939445575362,22.8081263652082,16.6500000000001));
#11234=CARTESIAN_POINT('Ctrl Pts',(15.4095384261546,22.9165742888684,16.6135110554746));
#11235=CARTESIAN_POINT('Ctrl Pts',(15.8189249625609,23.0939860223592,16.4493107974232));
#11236=CARTESIAN_POINT('Ctrl Pts',(16.012296681107,23.1635094860313,16.3211556968088));
#11237=CARTESIAN_POINT('Ctrl Pts',(16.3108622584277,23.2593166389378,16.0225901194881));
#11238=CARTESIAN_POINT('Ctrl Pts',(16.4381867946102,23.2938236866942,15.8382618485564));
#11239=CARTESIAN_POINT('Ctrl Pts',(16.6077683860845,23.3368950875496,15.4314456127126));
#11240=CARTESIAN_POINT('Ctrl Pts',(16.6500000000001,23.3461525809718,15.2090207264115));
#11241=CARTESIAN_POINT('Ctrl Pts',(16.6500000000001,23.3461525809718,15.0000000000001));
#11242=CARTESIAN_POINT('',(16.6500000000001,23.5400000000002,15.0000000000001));
#11243=CARTESIAN_POINT('',(16.6500000000001,30.5000000000002,15.0000000000001));
#11244=CARTESIAN_POINT('',(15.0000000000013,23.5400000000002,16.6500000000001));
#11245=CARTESIAN_POINT('Origin',(15.0000000000001,23.5400000000002,15.0000000000001));
#11246=CARTESIAN_POINT('Origin',(15.0000000000001,23.5400000000002,15.0000000000001));
#11247=CARTESIAN_POINT('Origin',(15.0000000000002,30.5000000000003,-14.9999999999999));
#11248=CARTESIAN_POINT('',(16.6500000000002,23.3461525809718,-14.9999999999999));
#11249=CARTESIAN_POINT('Ctrl Pts',(16.6500000000001,23.3461525809718,-14.9999999999999));
#11250=CARTESIAN_POINT('Ctrl Pts',(16.6500000000001,23.3461525809718,-15.2090207264112));
#11251=CARTESIAN_POINT('Ctrl Pts',(16.6077683860845,23.3368950875497,-15.4314456127123));
#11252=CARTESIAN_POINT('Ctrl Pts',(16.4381867946102,23.2938236866942,-15.8382618485561));
#11253=CARTESIAN_POINT('Ctrl Pts',(16.3108622584277,23.2593166389379,-16.0225901194879));
#11254=CARTESIAN_POINT('Ctrl Pts',(16.012296681107,23.1635094860313,-16.3211556968086));
#11255=CARTESIAN_POINT('Ctrl Pts',(15.8189249625609,23.0939860223592,-16.4493107974229));
#11256=CARTESIAN_POINT('Ctrl Pts',(15.4095384261546,22.9165742888685,-16.6135110554743));
#11257=CARTESIAN_POINT('Ctrl Pts',(15.1939445575362,22.8081263652082,-16.6499999999999));
#11258=CARTESIAN_POINT('Ctrl Pts',(14.7844181877251,22.5716862053575,-16.6499999999999));
#11259=CARTESIAN_POINT('Ctrl Pts',(14.5623017277068,22.4240595365266,-16.605806739144));
#11260=CARTESIAN_POINT('Ctrl Pts',(14.159607174176,22.1168728061491,-16.4366401617749));
#11261=CARTESIAN_POINT('Ctrl Pts',(13.9786645551825,21.9575430596708,-16.3121169330978));
#11262=CARTESIAN_POINT('Ctrl Pts',(13.6985748048733,21.687216978984,-16.0320271827886));
#11263=CARTESIAN_POINT('Ctrl Pts',(13.5741308235728,21.553288138123,-15.8585021456776));
#11264=CARTESIAN_POINT('Ctrl Pts',(13.443506790874,21.4041945981599,-15.5583330869481));
#11265=CARTESIAN_POINT('Ctrl Pts',(13.4089598884915,21.3631131583557,-15.4515921326068));
#11266=CARTESIAN_POINT('Ctrl Pts',(13.362214425972,21.3068788857946,-15.2300857751766));
#11267=CARTESIAN_POINT('Ctrl Pts',(13.3500000000002,21.2917673979297,-15.1153132262836));
#11268=CARTESIAN_POINT('Ctrl Pts',(13.3500000000002,21.2917673979297,-14.8931118146219));
#11269=CARTESIAN_POINT('Ctrl Pts',(13.3605244097601,21.3047777096874,-14.7858900975176));
#11270=CARTESIAN_POINT('Ctrl Pts',(13.4014181322172,21.354092704211,-14.5777263958318));
#11271=CARTESIAN_POINT('Ctrl Pts',(13.4317953801468,21.3903655936103,-14.4767784394543));
#11272=CARTESIAN_POINT('Ctrl Pts',(13.5471443346884,21.5231613631739,-14.1914100670532));
#11273=CARTESIAN_POINT('Ctrl Pts',(13.6575572355803,21.6438491207139,-14.0242790242021));
#11274=CARTESIAN_POINT('Ctrl Pts',(13.9252815006102,21.9091055200335,-13.7286864142079));
#11275=CARTESIAN_POINT('Ctrl Pts',(14.1129465549768,22.0784483673843,-13.5896062053948));
#11276=CARTESIAN_POINT('Ctrl Pts',(14.5352472861219,22.4057988985798,-13.3999752009944));
#11277=CARTESIAN_POINT('Ctrl Pts',(14.7703356075919,22.5635556239268,-13.3499999999999));
#11278=CARTESIAN_POINT('Ctrl Pts',(15.196881079597,22.8098217670105,-13.3499999999999));
#11279=CARTESIAN_POINT('Ctrl Pts',(15.4157002610578,22.9196266234805,-13.387612049332));
#11280=CARTESIAN_POINT('Ctrl Pts',(15.8302352177844,23.0984889381153,-13.5566319423184));
#11281=CARTESIAN_POINT('Ctrl Pts',(16.025511346408,23.1681448531261,-13.6884836414968));
#11282=CARTESIAN_POINT('Ctrl Pts',(16.3207910877833,23.2621104069518,-13.9908885017494));
#11283=CARTESIAN_POINT('Ctrl Pts',(16.4444978495535,23.2954829465613,-14.1735289188481));
#11284=CARTESIAN_POINT('Ctrl Pts',(16.609115863013,23.3371783072205,-14.5752943172899));
#11285=CARTESIAN_POINT('Ctrl Pts',(16.6500000000001,23.3461525809718,-14.7943625339787));
#11286=CARTESIAN_POINT('Ctrl Pts',(16.6500000000001,23.3461525809718,-14.9999999999999));
#11287=CARTESIAN_POINT('',(16.6500000000001,30.5000000000003,-14.9999999999999));
#11288=CARTESIAN_POINT('Origin',(12.0000000000002,-14.2499999999997,6.14930821341927E-14));
#11289=CARTESIAN_POINT('',(1.90958360235527E-13,-14.2499999999997,-2.24999999999994));
#11290=CARTESIAN_POINT('Origin',(1.90958360235527E-13,-14.2499999999997,
5.89123562793595E-14));
#11291=CARTESIAN_POINT('',(12.0000000000002,-14.2499999999997,-2.24999999999994));
#11292=CARTESIAN_POINT('Origin',(12.0000000000002,7.12500000000026,12.3408620039284));
#11293=CARTESIAN_POINT('',(1.64313007644523E-13,7.12500000000025,10.0908620039284));
#11294=CARTESIAN_POINT('Origin',(1.64313007644523E-13,7.12500000000024,
12.3408620039284));
#11295=CARTESIAN_POINT('',(12.0000000000002,7.12500000000027,10.0908620039284));
#11296=CARTESIAN_POINT('Origin',(12.0000000000002,7.12500000000031,-12.3408620039281));
#11297=CARTESIAN_POINT('',(1.73194791841524E-13,7.1250000000003,-14.5908620039282));
#11298=CARTESIAN_POINT('Origin',(1.73194791841524E-13,7.1250000000003,-12.3408620039281));
#11299=CARTESIAN_POINT('',(12.0000000000002,7.12500000000031,-14.5908620039281));
#11300=CARTESIAN_POINT('Origin',(12.0000000000002,15.0000000000003,1.12538187776548E-13));
#11301=CARTESIAN_POINT('',(1.59872115546023E-13,15.0000000000003,-2.24999999999989));
#11302=CARTESIAN_POINT('Origin',(1.59872115546023E-13,15.0000000000003,
1.09957461921715E-13));
#11303=CARTESIAN_POINT('',(12.0000000000002,15.0000000000003,-2.24999999999989));
#11304=CARTESIAN_POINT('Origin',(12.0000000000002,-7.4999999999997,-12.9903810567665));
#11305=CARTESIAN_POINT('',(1.86517468137026E-13,-7.49999999999971,-15.2403810567665));
#11306=CARTESIAN_POINT('Origin',(1.86517468137026E-13,-7.49999999999971,
-12.9903810567665));
#11307=CARTESIAN_POINT('',(12.0000000000002,-7.49999999999969,-15.2403810567665));
#11308=CARTESIAN_POINT('Origin',(12.0000000000002,-7.49999999999962,12.9903810567667));
#11309=CARTESIAN_POINT('',(1.77635683940025E-13,-7.49999999999963,10.7403810567667));
#11310=CARTESIAN_POINT('Origin',(1.77635683940025E-13,-7.49999999999964,
12.9903810567667));
#11311=CARTESIAN_POINT('',(12.0000000000002,-7.49999999999961,10.7403810567667));
#11312=CARTESIAN_POINT('Origin',(12.0000000000002,2.8421709430404E-13,8.63612105240582E-14));
#11313=CARTESIAN_POINT('',(12.0000000000002,-18.9999999999997,-6.24499799839835));
#11314=CARTESIAN_POINT('',(12.0000000000002,3.10862446895044E-13,-19.9999999999999));
#11315=CARTESIAN_POINT('Origin',(12.0000000000002,2.8421709430404E-13,8.63612105240582E-14));
#11316=CARTESIAN_POINT('',(1.95399252334028E-13,-18.9999999999997,-6.24499799839835));
#11317=CARTESIAN_POINT('',(1.95399252334028E-13,-18.9999999999997,-6.24499799839835));
#11318=CARTESIAN_POINT('',(1.77635683940025E-13,3.01980662698043E-13,-19.9999999999999));
#11319=CARTESIAN_POINT('Origin',(1.73194791841524E-13,2.66453525910038E-13,
8.3780484669225E-14));
#11320=CARTESIAN_POINT('',(12.0000000000002,3.10862446895044E-13,-19.9999999999999));
#11321=CARTESIAN_POINT('Origin',(12.0000000000002,2.48689957516035E-13,
20.0000000000001));
#11322=CARTESIAN_POINT('',(1.68753899743024E-13,2.30926389122033E-13,20.0000000000001));
#11323=CARTESIAN_POINT('',(1.68753899743024E-13,2.30926389122033E-13,20.0000000000001));
#11324=CARTESIAN_POINT('',(12.0000000000002,2.48689957516035E-13,20.0000000000001));
#11325=CARTESIAN_POINT('',(12.0000000000002,2.48689957516035E-13,20.0000000000001));
#11326=CARTESIAN_POINT('',(12.0000000000002,17.5000000000002,20.0000000000001));
#11327=CARTESIAN_POINT('',(12.0000000000002,2.48689957516035E-13,20.0000000000001));
#11328=CARTESIAN_POINT('',(15.0000000000001,22.6961524227069,20.0000000000001));
#11329=CARTESIAN_POINT('Origin',(18.0000000000002,17.5000000000002,20.0000000000001));
#11330=CARTESIAN_POINT('',(15.0000000000001,23.5000000000003,20.0000000000001));
#11331=CARTESIAN_POINT('Origin',(12.0000000000002,2.8421709430404E-13,8.63612105240582E-14));
#11332=CARTESIAN_POINT('',(1.95399252334028E-13,-18.9999999999997,6.24499799839845));
#11333=CARTESIAN_POINT('Origin',(1.73194791841524E-13,2.66453525910038E-13,
8.3780484669225E-14));
#11334=CARTESIAN_POINT('',(12.0000000000002,-18.9999999999997,6.24499799839845));
#11335=CARTESIAN_POINT('',(1.95399252334028E-13,-18.9999999999997,6.24499799839845));
#11336=CARTESIAN_POINT('Origin',(12.0000000000002,2.8421709430404E-13,8.63612105240582E-14));
#11337=CARTESIAN_POINT('Origin',(12.0000000000002,3.10862446895044E-13,
-19.9999999999999));
#11338=CARTESIAN_POINT('',(1.77635683940025E-13,3.01980662698043E-13,-19.9999999999999));
#11339=CARTESIAN_POINT('',(15.0000000000002,22.696152422707,-19.9999999999999));
#11340=CARTESIAN_POINT('',(15.0000000000002,23.5000000000003,-19.9999999999999));
#11341=CARTESIAN_POINT('',(12.0000000000002,17.5000000000003,-19.9999999999999));
#11342=CARTESIAN_POINT('Origin',(18.0000000000002,17.5000000000003,-19.9999999999999));
#11343=CARTESIAN_POINT('',(12.0000000000002,3.10862446895044E-13,-19.9999999999999));
#11344=CARTESIAN_POINT('Origin',(12.0000000000002,2.8421709430404E-13,8.63612105240582E-14));
#11345=CARTESIAN_POINT('',(12.0000000000002,-18.9999999999997,-6.24499799839835));
#11346=CARTESIAN_POINT('',(12.0000000000002,17.5000000000003,-9.99999999999988));
#11347=CARTESIAN_POINT('',(12.0000000000002,17.5000000000003,1.1690101731863E-13));
#11348=CARTESIAN_POINT('',(12.0000000000002,23.5000000000003,-9.99999999999987));
#11349=CARTESIAN_POINT('',(12.0000000000002,17.5000000000003,10.0000000000001));
#11350=CARTESIAN_POINT('',(12.0000000000001,23.5000000000003,10.0000000000001));
#11351=CARTESIAN_POINT('',(12.0000000000002,17.5000000000003,1.1690101731863E-13));
#11352=CARTESIAN_POINT('Origin',(1.73194791841524E-13,2.66453525910038E-13,
8.3780484669225E-14));
#11353=CARTESIAN_POINT('',(1.95399252334028E-13,-18.9999999999997,-6.24499799839835));
#11354=CARTESIAN_POINT('Origin',(15.0000000000002,23.5000000000003,-14.9999999999999));
#11355=CARTESIAN_POINT('',(15.0000000000002,22.6961524227069,-9.99999999999987));
#11356=CARTESIAN_POINT('',(15.0000000000002,23.5000000000003,-9.99999999999987));
#11357=CARTESIAN_POINT('',(18.0000000000002,23.5000000000003,-10.9999999999999));
#11358=CARTESIAN_POINT('Ctrl Pts',(15.0000000000002,22.6961524227069,-9.99999999999987));
#11359=CARTESIAN_POINT('Ctrl Pts',(15.2923484433638,22.8649398751801,-9.99999999999987));
#11360=CARTESIAN_POINT('Ctrl Pts',(15.6103145071336,23.0142574472189,-10.0265795278801));
#11361=CARTESIAN_POINT('Ctrl Pts',(16.3793657318367,23.2965825052645,-10.1725331727347));
#11362=CARTESIAN_POINT('Ctrl Pts',(16.8346167434931,23.3996356333904,-10.3271384279969));
#11363=CARTESIAN_POINT('Ctrl Pts',(17.4928277480291,23.4841280241447,-10.6562439302649));
#11364=CARTESIAN_POINT('Ctrl Pts',(17.7531661667684,23.5000000000003,-10.814874625076));
#11365=CARTESIAN_POINT('Ctrl Pts',(18.0000000000002,23.5000000000003,-10.9999999999999));
#11366=CARTESIAN_POINT('',(18.0000000000002,23.5000000000003,-18.9999999999999));
#11367=CARTESIAN_POINT('Origin',(15.0000000000002,23.5000000000003,-14.9999999999999));
#11368=CARTESIAN_POINT('Ctrl Pts',(18.0000000000002,23.5000000000003,-18.9999999999999));
#11369=CARTESIAN_POINT('Ctrl Pts',(17.7531661667684,23.5000000000003,-19.1851253749237));
#11370=CARTESIAN_POINT('Ctrl Pts',(17.4928277480291,23.4841280241447,-19.3437560697349));
#11371=CARTESIAN_POINT('Ctrl Pts',(16.8346167434931,23.3996356333904,-19.6728615720029));
#11372=CARTESIAN_POINT('Ctrl Pts',(16.3793657318367,23.2965825052646,-19.827466827265));
#11373=CARTESIAN_POINT('Ctrl Pts',(15.6103145071336,23.0142574472189,-19.9734204721196));
#11374=CARTESIAN_POINT('Ctrl Pts',(15.2923484433638,22.8649398751801,-19.9999999999999));
#11375=CARTESIAN_POINT('Ctrl Pts',(15.0000000000002,22.6961524227069,-19.9999999999999));
#11376=CARTESIAN_POINT('Origin',(1.55431223447522E-13,23.5000000000003,
-9.99999999999987));
#11377=CARTESIAN_POINT('Origin',(18.0000000000002,17.5000000000003,-9.99999999999988));
#11378=CARTESIAN_POINT('Origin',(1.50990331349021E-13,23.5000000000003,
1.24791082364793E-13));
#11379=CARTESIAN_POINT('',(18.0000000000002,23.5000000000003,1.28662171147042E-13));
#11380=CARTESIAN_POINT('Origin',(1.46549439250521E-13,23.5000000000003,
10.0000000000001));
#11381=CARTESIAN_POINT('',(15.0000000000002,22.6961524227069,10.0000000000001));
#11382=CARTESIAN_POINT('',(15.0000000000002,23.5000000000003,10.0000000000001));
#11383=CARTESIAN_POINT('Origin',(18.0000000000002,17.5000000000003,10.0000000000001));
#11384=CARTESIAN_POINT('Origin',(15.0000000000001,23.5000000000003,15.0000000000001));
#11385=CARTESIAN_POINT('',(18.0000000000001,23.5000000000003,19.0000000000001));
#11386=CARTESIAN_POINT('Ctrl Pts',(15.0000000000001,22.6961524227069,20.0000000000001));
#11387=CARTESIAN_POINT('Ctrl Pts',(15.2923484433638,22.86493987518,20.0000000000001));
#11388=CARTESIAN_POINT('Ctrl Pts',(15.6103145071335,23.0142574472188,19.9734204721199));
#11389=CARTESIAN_POINT('Ctrl Pts',(16.3793657318367,23.2965825052645,19.8274668272653));
#11390=CARTESIAN_POINT('Ctrl Pts',(16.8346167434931,23.3996356333904,19.6728615720031));
#11391=CARTESIAN_POINT('Ctrl Pts',(17.4928277480291,23.4841280241446,19.3437560697351));
#11392=CARTESIAN_POINT('Ctrl Pts',(17.7531661667684,23.5000000000002,19.1851253749239));
#11393=CARTESIAN_POINT('Ctrl Pts',(18.0000000000001,23.5000000000002,19.0000000000001));
#11394=CARTESIAN_POINT('',(18.0000000000002,23.5000000000003,11.0000000000001));
#11395=CARTESIAN_POINT('Origin',(15.0000000000001,23.5000000000003,15.0000000000001));
#11396=CARTESIAN_POINT('Ctrl Pts',(18.0000000000002,23.5000000000003,11.0000000000001));
#11397=CARTESIAN_POINT('Ctrl Pts',(17.7531661667684,23.5000000000003,10.8148746250763));
#11398=CARTESIAN_POINT('Ctrl Pts',(17.4928277480291,23.4841280241446,10.6562439302651));
#11399=CARTESIAN_POINT('Ctrl Pts',(16.8346167434931,23.3996356333904,10.3271384279971));
#11400=CARTESIAN_POINT('Ctrl Pts',(16.3793657318367,23.2965825052645,10.172533172735));
#11401=CARTESIAN_POINT('Ctrl Pts',(15.6103145071336,23.0142574472189,10.0265795278804));
#11402=CARTESIAN_POINT('Ctrl Pts',(15.2923484433638,22.86493987518,10.0000000000001));
#11403=CARTESIAN_POINT('Ctrl Pts',(15.0000000000002,22.6961524227069,10.0000000000001));
#11404=CARTESIAN_POINT('Origin',(1.50990331349021E-13,23.5000000000003,
1.24791082364793E-13));
#11405=CARTESIAN_POINT('',(18.0000000000002,23.5000000000003,1.28662171147042E-13));
#11406=CARTESIAN_POINT('Origin',(18.0000000000002,17.5000000000003,1.18191380246046E-13));
#11407=CARTESIAN_POINT('Origin',(18.0000000000002,17.5000000000003,1.18191380246046E-13));
#11408=CARTESIAN_POINT('Origin',(1.95399252334028E-13,-18.9999999999997,
-6.24499799839835));
#11409=CARTESIAN_POINT('Origin',(-149.,47.3000000000001,-36.7499999999998));
#11410=CARTESIAN_POINT('',(-150.732050807569,47.3000000000001,-36.7499999999986));
#11411=CARTESIAN_POINT('',(-149.866025403783,47.3000000000001,-35.2499999999992));
#11412=CARTESIAN_POINT('',(-150.732050807569,47.3000000000001,-36.7499999999986));
#11413=CARTESIAN_POINT('',(-148.133974596214,47.3000000000001,-35.2500000000004));
#11414=CARTESIAN_POINT('',(-149.866025403783,47.3000000000001,-35.2499999999992));
#11415=CARTESIAN_POINT('',(-147.267949192431,47.3000000000002,-36.7500000000011));
#11416=CARTESIAN_POINT('',(-148.133974596214,47.3000000000001,-35.2500000000004));
#11417=CARTESIAN_POINT('',(-148.133974596217,47.3000000000002,-38.2500000000004));
#11418=CARTESIAN_POINT('',(-147.267949192431,47.3000000000002,-36.7500000000011));
#11419=CARTESIAN_POINT('',(-149.866025403785,47.3000000000002,-38.2499999999992));
#11420=CARTESIAN_POINT('',(-148.133974596217,47.3000000000002,-38.2500000000004));
#11421=CARTESIAN_POINT('',(-149.866025403785,47.3000000000002,-38.2499999999992));
#11422=CARTESIAN_POINT('Origin',(-149.866025403783,47.3000000000001,-35.2499999999992));
#11423=CARTESIAN_POINT('',(-149.866025403783,49.3000000000001,-35.2499999999992));
#11424=CARTESIAN_POINT('',(-148.133974596214,49.3000000000001,-35.2500000000004));
#11425=CARTESIAN_POINT('',(-149.866025403783,49.3000000000001,-35.2499999999992));
#11426=CARTESIAN_POINT('',(-148.133974596214,47.3000000000001,-35.2500000000004));
#11427=CARTESIAN_POINT('',(-149.866025403783,47.3000000000001,-35.2499999999992));
#11428=CARTESIAN_POINT('Origin',(-148.133974596214,47.3000000000001,-35.2500000000004));
#11429=CARTESIAN_POINT('',(-147.267949192431,49.3000000000001,-36.750000000001));
#11430=CARTESIAN_POINT('',(-148.133974596214,49.3000000000001,-35.2500000000004));
#11431=CARTESIAN_POINT('',(-147.267949192431,47.3000000000002,-36.7500000000011));
#11432=CARTESIAN_POINT('Origin',(-147.267949192431,47.3000000000002,-36.7500000000011));
#11433=CARTESIAN_POINT('',(-148.133974596217,49.3000000000001,-38.2500000000004));
#11434=CARTESIAN_POINT('',(-147.267949192431,49.3000000000001,-36.750000000001));
#11435=CARTESIAN_POINT('',(-148.133974596217,47.3000000000002,-38.2500000000004));
#11436=CARTESIAN_POINT('Origin',(-148.133974596217,47.3000000000002,-38.2500000000004));
#11437=CARTESIAN_POINT('',(-149.866025403785,49.3000000000001,-38.2499999999992));
#11438=CARTESIAN_POINT('',(-148.133974596217,49.3000000000001,-38.2500000000004));
#11439=CARTESIAN_POINT('',(-149.866025403785,47.3000000000002,-38.2499999999992));
#11440=CARTESIAN_POINT('Origin',(-149.866025403785,47.3000000000002,-38.2499999999992));
#11441=CARTESIAN_POINT('',(-150.732050807569,49.3000000000001,-36.7499999999986));
#11442=CARTESIAN_POINT('',(-149.866025403785,49.3000000000001,-38.2499999999992));
#11443=CARTESIAN_POINT('',(-150.732050807569,47.3000000000001,-36.7499999999986));
#11444=CARTESIAN_POINT('Origin',(-150.732050807569,47.3000000000001,-36.7499999999986));
#11445=CARTESIAN_POINT('',(-150.732050807569,49.3000000000001,-36.7499999999986));
#11446=CARTESIAN_POINT('Origin',(-149.,49.3000000000001,-36.7499999999998));
#11447=CARTESIAN_POINT('',(-148.999999999997,49.3000000000001,-33.2499999999998));
#11448=CARTESIAN_POINT('Origin',(-149.,49.3000000000001,-36.7499999999998));
#11449=CARTESIAN_POINT('Origin',(-149.,45.3000000000001,-36.7499999999998));
#11450=CARTESIAN_POINT('',(-148.999999999997,45.3000000000001,-33.2499999999998));
#11451=CARTESIAN_POINT('Origin',(-112.25,47.3000000000001,1.61604151224681E-13));
#11452=CARTESIAN_POINT('',(-113.982050807569,47.3000000000001,1.38205305241656E-12));
#11453=CARTESIAN_POINT('',(-113.116025403783,47.3000000000001,1.50000000000077));
#11454=CARTESIAN_POINT('',(-113.982050807569,47.3000000000001,1.38205305241656E-12));
#11455=CARTESIAN_POINT('',(-111.383974596214,47.3000000000001,1.49999999999955));
#11456=CARTESIAN_POINT('',(-113.116025403783,47.3000000000001,1.50000000000077));
#11457=CARTESIAN_POINT('',(-110.517949192431,47.3000000000001,-1.05812299848226E-12));
#11458=CARTESIAN_POINT('',(-111.383974596214,47.3000000000001,1.49999999999955));
#11459=CARTESIAN_POINT('',(-111.383974596217,47.3000000000001,-1.50000000000045));
#11460=CARTESIAN_POINT('',(-110.517949192431,47.3000000000001,-1.05812299848226E-12));
#11461=CARTESIAN_POINT('',(-113.116025403785,47.3000000000001,-1.49999999999923));
#11462=CARTESIAN_POINT('',(-111.383974596217,47.3000000000001,-1.50000000000045));
#11463=CARTESIAN_POINT('',(-113.116025403785,47.3000000000001,-1.49999999999923));
#11464=CARTESIAN_POINT('Origin',(-113.116025403783,47.3000000000001,1.50000000000077));
#11465=CARTESIAN_POINT('',(-113.116025403783,49.3000000000001,1.50000000000078));
#11466=CARTESIAN_POINT('',(-111.383974596214,49.3000000000001,1.49999999999956));
#11467=CARTESIAN_POINT('',(-113.116025403783,49.3000000000001,1.50000000000078));
#11468=CARTESIAN_POINT('',(-111.383974596214,47.3000000000001,1.49999999999955));
#11469=CARTESIAN_POINT('',(-113.116025403783,47.3000000000001,1.50000000000077));
#11470=CARTESIAN_POINT('Origin',(-111.383974596214,47.3000000000001,1.49999999999955));
#11471=CARTESIAN_POINT('',(-110.517949192431,49.3000000000001,-1.05485477945351E-12));
#11472=CARTESIAN_POINT('',(-111.383974596214,49.3000000000001,1.49999999999956));
#11473=CARTESIAN_POINT('',(-110.517949192431,47.3000000000001,-1.05812299848226E-12));
#11474=CARTESIAN_POINT('Origin',(-110.517949192431,47.3000000000001,-1.05812299848226E-12));
#11475=CARTESIAN_POINT('',(-111.383974596217,49.3000000000001,-1.50000000000044));
#11476=CARTESIAN_POINT('',(-110.517949192431,49.3000000000001,-1.05485477945351E-12));
#11477=CARTESIAN_POINT('',(-111.383974596217,47.3000000000001,-1.50000000000045));
#11478=CARTESIAN_POINT('Origin',(-111.383974596217,47.3000000000001,-1.50000000000045));
#11479=CARTESIAN_POINT('',(-113.116025403785,49.3000000000001,-1.49999999999923));
#11480=CARTESIAN_POINT('',(-111.383974596217,49.3000000000001,-1.50000000000044));
#11481=CARTESIAN_POINT('',(-113.116025403785,47.3000000000001,-1.49999999999923));
#11482=CARTESIAN_POINT('Origin',(-113.116025403785,47.3000000000001,-1.49999999999923));
#11483=CARTESIAN_POINT('',(-113.982050807569,49.3000000000001,1.3853212714453E-12));
#11484=CARTESIAN_POINT('',(-113.116025403785,49.3000000000001,-1.49999999999923));
#11485=CARTESIAN_POINT('',(-113.982050807569,47.3000000000001,1.38205305241656E-12));
#11486=CARTESIAN_POINT('Origin',(-113.982050807569,47.3000000000001,1.38205305241656E-12));
#11487=CARTESIAN_POINT('',(-113.982050807569,49.3000000000001,1.3853212714453E-12));
#11488=CARTESIAN_POINT('Origin',(-112.25,49.3000000000001,1.64872370253421E-13));
#11489=CARTESIAN_POINT('',(-112.249999999997,49.3000000000001,3.50000000000017));
#11490=CARTESIAN_POINT('Origin',(-112.25,49.3000000000001,1.64872370253421E-13));
#11491=CARTESIAN_POINT('Origin',(-112.25,45.3000000000001,1.58335932195941E-13));
#11492=CARTESIAN_POINT('',(-112.249999999997,45.3000000000001,3.50000000000016));
#11493=CARTESIAN_POINT('Origin',(101.,41.5000000000004,36.7500000000001));
#11494=CARTESIAN_POINT('',(99.2679491924312,41.5000000000004,36.7500000000001));
#11495=CARTESIAN_POINT('',(100.133974596216,41.5000000000004,38.2500000000001));
#11496=CARTESIAN_POINT('',(99.2679491924312,41.5000000000004,36.7500000000001));
#11497=CARTESIAN_POINT('',(101.866025403785,41.5000000000004,38.2500000000001));
#11498=CARTESIAN_POINT('',(100.133974596216,41.5000000000004,38.2500000000001));
#11499=CARTESIAN_POINT('',(102.732050807569,41.5000000000004,36.7500000000001));
#11500=CARTESIAN_POINT('',(101.866025403785,41.5000000000004,38.2500000000001));
#11501=CARTESIAN_POINT('',(101.866025403785,41.5000000000004,35.2500000000001));
#11502=CARTESIAN_POINT('',(102.732050807569,41.5000000000004,36.7500000000001));
#11503=CARTESIAN_POINT('',(100.133974596216,41.5000000000004,35.2500000000001));
#11504=CARTESIAN_POINT('',(101.866025403785,41.5000000000004,35.2500000000001));
#11505=CARTESIAN_POINT('',(100.133974596216,41.5000000000004,35.2500000000001));
#11506=CARTESIAN_POINT('Origin',(100.133974596216,41.5000000000004,38.2500000000001));
#11507=CARTESIAN_POINT('',(100.133974596216,43.5000000000004,38.2500000000001));
#11508=CARTESIAN_POINT('',(101.866025403785,43.5000000000004,38.2500000000001));
#11509=CARTESIAN_POINT('',(100.133974596216,43.5000000000004,38.2500000000001));
#11510=CARTESIAN_POINT('',(101.866025403785,41.5000000000004,38.2500000000001));
#11511=CARTESIAN_POINT('',(100.133974596216,41.5000000000004,38.2500000000001));
#11512=CARTESIAN_POINT('Origin',(101.866025403785,41.5000000000004,38.2500000000001));
#11513=CARTESIAN_POINT('',(102.732050807569,43.5000000000004,36.7500000000001));
#11514=CARTESIAN_POINT('',(101.866025403785,43.5000000000004,38.2500000000001));
#11515=CARTESIAN_POINT('',(102.732050807569,41.5000000000004,36.7500000000001));
#11516=CARTESIAN_POINT('Origin',(102.732050807569,41.5000000000004,36.7500000000001));
#11517=CARTESIAN_POINT('',(101.866025403785,43.5000000000004,35.2500000000001));
#11518=CARTESIAN_POINT('',(102.732050807569,43.5000000000004,36.7500000000001));
#11519=CARTESIAN_POINT('',(101.866025403785,41.5000000000004,35.2500000000001));
#11520=CARTESIAN_POINT('Origin',(101.866025403785,41.5000000000004,35.2500000000001));
#11521=CARTESIAN_POINT('',(100.133974596216,43.5000000000004,35.2500000000001));
#11522=CARTESIAN_POINT('',(101.866025403785,43.5000000000004,35.2500000000001));
#11523=CARTESIAN_POINT('',(100.133974596216,41.5000000000004,35.2500000000001));
#11524=CARTESIAN_POINT('Origin',(100.133974596216,41.5000000000004,35.2500000000001));
#11525=CARTESIAN_POINT('',(99.2679491924312,43.5000000000004,36.7500000000001));
#11526=CARTESIAN_POINT('',(100.133974596216,43.5000000000004,35.2500000000001));
#11527=CARTESIAN_POINT('',(99.2679491924312,41.5000000000004,36.7500000000001));
#11528=CARTESIAN_POINT('Origin',(99.2679491924312,41.5000000000004,36.7500000000001));
#11529=CARTESIAN_POINT('',(99.2679491924312,43.5000000000004,36.7500000000001));
#11530=CARTESIAN_POINT('Origin',(101.,43.5000000000004,36.7500000000001));
#11531=CARTESIAN_POINT('',(101.,43.5000000000004,40.2500000000001));
#11532=CARTESIAN_POINT('Origin',(101.,43.5000000000004,36.7500000000001));
#11533=CARTESIAN_POINT('Origin',(101.,39.5000000000004,36.7500000000001));
#11534=CARTESIAN_POINT('',(101.,39.5000000000004,40.2500000000001));
#11535=CARTESIAN_POINT('Origin',(64.2500000000001,41.5000000000004,1.00685965458377E-13));
#11536=CARTESIAN_POINT('',(62.5179491924312,41.5000000000004,1.00513439579959E-13));
#11537=CARTESIAN_POINT('',(63.3839745962157,41.5000000000004,1.5000000000001));
#11538=CARTESIAN_POINT('',(62.5179491924312,41.5000000000004,1.00513439579959E-13));
#11539=CARTESIAN_POINT('',(65.1160254037845,41.5000000000004,1.5000000000001));
#11540=CARTESIAN_POINT('',(63.3839745962157,41.5000000000004,1.5000000000001));
#11541=CARTESIAN_POINT('',(65.982050807569,41.5000000000004,1.01580242821742E-13));
#11542=CARTESIAN_POINT('',(65.1160254037845,41.5000000000004,1.5000000000001));
#11543=CARTESIAN_POINT('',(65.1160254037845,41.5000000000004,-1.4999999999999));
#11544=CARTESIAN_POINT('',(65.982050807569,41.5000000000004,1.01580242821742E-13));
#11545=CARTESIAN_POINT('',(63.3839745962157,41.5000000000004,-1.4999999999999));
#11546=CARTESIAN_POINT('',(65.1160254037845,41.5000000000004,-1.4999999999999));
#11547=CARTESIAN_POINT('',(63.3839745962157,41.5000000000004,-1.4999999999999));
#11548=CARTESIAN_POINT('Origin',(63.3839745962157,41.5000000000004,1.5000000000001));
#11549=CARTESIAN_POINT('',(63.3839745962157,43.5000000000004,1.5000000000001));
#11550=CARTESIAN_POINT('',(65.1160254037845,43.5000000000004,1.5000000000001));
#11551=CARTESIAN_POINT('',(63.3839745962157,43.5000000000004,1.5000000000001));
#11552=CARTESIAN_POINT('',(65.1160254037845,41.5000000000004,1.5000000000001));
#11553=CARTESIAN_POINT('',(63.3839745962157,41.5000000000004,1.5000000000001));
#11554=CARTESIAN_POINT('Origin',(65.1160254037845,41.5000000000004,1.5000000000001));
#11555=CARTESIAN_POINT('',(65.982050807569,43.5000000000004,1.03849261128319E-13));
#11556=CARTESIAN_POINT('',(65.1160254037845,43.5000000000004,1.5000000000001));
#11557=CARTESIAN_POINT('',(65.982050807569,41.5000000000004,1.01580242821742E-13));
#11558=CARTESIAN_POINT('Origin',(65.982050807569,41.5000000000004,1.01580242821742E-13));
#11559=CARTESIAN_POINT('',(65.1160254037845,43.5000000000004,-1.4999999999999));
#11560=CARTESIAN_POINT('',(65.982050807569,43.5000000000004,1.03849261128319E-13));
#11561=CARTESIAN_POINT('',(65.1160254037845,41.5000000000004,-1.4999999999999));
#11562=CARTESIAN_POINT('Origin',(65.1160254037845,41.5000000000004,-1.4999999999999));
#11563=CARTESIAN_POINT('',(63.3839745962157,43.5000000000004,-1.4999999999999));
#11564=CARTESIAN_POINT('',(65.1160254037845,43.5000000000004,-1.4999999999999));
#11565=CARTESIAN_POINT('',(63.3839745962157,41.5000000000004,-1.4999999999999));
#11566=CARTESIAN_POINT('Origin',(63.3839745962157,41.5000000000004,-1.4999999999999));
#11567=CARTESIAN_POINT('',(62.5179491924312,43.5000000000004,1.02782457886536E-13));
#11568=CARTESIAN_POINT('',(63.3839745962157,43.5000000000004,-1.4999999999999));
#11569=CARTESIAN_POINT('',(62.5179491924312,41.5000000000004,1.00513439579959E-13));
#11570=CARTESIAN_POINT('Origin',(62.5179491924312,41.5000000000004,1.00513439579959E-13));
#11571=CARTESIAN_POINT('',(62.5179491924312,43.5000000000004,1.02782457886536E-13));
#11572=CARTESIAN_POINT('Origin',(64.2500000000001,43.5000000000004,1.02954983764954E-13));
#11573=CARTESIAN_POINT('',(64.2500000000001,43.5000000000004,3.5000000000001));
#11574=CARTESIAN_POINT('Origin',(64.2500000000001,43.5000000000004,1.02954983764954E-13));
#11575=CARTESIAN_POINT('Origin',(64.2500000000001,39.5000000000004,9.8416947151799E-14));
#11576=CARTESIAN_POINT('',(64.2500000000001,39.5000000000004,3.5000000000001));
#11577=CARTESIAN_POINT('Origin',(101.,41.5000000000005,-36.7499999999999));
#11578=CARTESIAN_POINT('',(99.2679491924312,41.5000000000005,-36.7499999999999));
#11579=CARTESIAN_POINT('',(100.133974596216,41.5000000000005,-35.2499999999999));
#11580=CARTESIAN_POINT('',(99.2679491924312,41.5000000000005,-36.7499999999999));
#11581=CARTESIAN_POINT('',(101.866025403785,41.5000000000005,-35.2499999999999));
#11582=CARTESIAN_POINT('',(100.133974596216,41.5000000000005,-35.2499999999999));
#11583=CARTESIAN_POINT('',(102.732050807569,41.5000000000005,-36.7499999999999));
#11584=CARTESIAN_POINT('',(101.866025403785,41.5000000000005,-35.2499999999999));
#11585=CARTESIAN_POINT('',(101.866025403785,41.5000000000005,-38.2499999999999));
#11586=CARTESIAN_POINT('',(102.732050807569,41.5000000000005,-36.7499999999999));
#11587=CARTESIAN_POINT('',(100.133974596216,41.5000000000005,-38.2499999999999));
#11588=CARTESIAN_POINT('',(101.866025403785,41.5000000000005,-38.2499999999999));
#11589=CARTESIAN_POINT('',(100.133974596216,41.5000000000005,-38.2499999999999));
#11590=CARTESIAN_POINT('Origin',(100.133974596216,41.5000000000005,-35.2499999999999));
#11591=CARTESIAN_POINT('',(100.133974596216,43.5000000000004,-35.2499999999999));
#11592=CARTESIAN_POINT('',(101.866025403785,43.5000000000004,-35.2499999999999));
#11593=CARTESIAN_POINT('',(100.133974596216,43.5000000000004,-35.2499999999999));
#11594=CARTESIAN_POINT('',(101.866025403785,41.5000000000005,-35.2499999999999));
#11595=CARTESIAN_POINT('',(100.133974596216,41.5000000000005,-35.2499999999999));
#11596=CARTESIAN_POINT('Origin',(101.866025403785,41.5000000000005,-35.2499999999999));
#11597=CARTESIAN_POINT('',(102.732050807569,43.5000000000004,-36.7499999999999));
#11598=CARTESIAN_POINT('',(101.866025403785,43.5000000000004,-35.2499999999999));
#11599=CARTESIAN_POINT('',(102.732050807569,41.5000000000005,-36.7499999999999));
#11600=CARTESIAN_POINT('Origin',(102.732050807569,41.5000000000005,-36.7499999999999));
#11601=CARTESIAN_POINT('',(101.866025403785,43.5000000000004,-38.2499999999999));
#11602=CARTESIAN_POINT('',(102.732050807569,43.5000000000004,-36.7499999999999));
#11603=CARTESIAN_POINT('',(101.866025403785,41.5000000000005,-38.2499999999999));
#11604=CARTESIAN_POINT('Origin',(101.866025403785,41.5000000000005,-38.2499999999999));
#11605=CARTESIAN_POINT('',(100.133974596216,43.5000000000004,-38.2499999999999));
#11606=CARTESIAN_POINT('',(101.866025403785,43.5000000000004,-38.2499999999999));
#11607=CARTESIAN_POINT('',(100.133974596216,41.5000000000005,-38.2499999999999));
#11608=CARTESIAN_POINT('Origin',(100.133974596216,41.5000000000005,-38.2499999999999));
#11609=CARTESIAN_POINT('',(99.2679491924312,43.5000000000004,-36.7499999999999));
#11610=CARTESIAN_POINT('',(100.133974596216,43.5000000000004,-38.2499999999999));
#11611=CARTESIAN_POINT('',(99.2679491924312,41.5000000000005,-36.7499999999999));
#11612=CARTESIAN_POINT('Origin',(99.2679491924312,41.5000000000005,-36.7499999999999));
#11613=CARTESIAN_POINT('',(99.2679491924312,43.5000000000004,-36.7499999999999));
#11614=CARTESIAN_POINT('Origin',(101.,43.5000000000004,-36.7499999999999));
#11615=CARTESIAN_POINT('',(101.,43.5000000000004,-33.2499999999999));
#11616=CARTESIAN_POINT('Origin',(101.,43.5000000000004,-36.7499999999999));
#11617=CARTESIAN_POINT('Origin',(101.,39.5000000000004,-36.7499999999999));
#11618=CARTESIAN_POINT('',(101.,39.5000000000004,-33.2499999999999));
#11619=CARTESIAN_POINT('Origin',(5.00000000000014,41.5000000000002,15.0000000000002));
#11620=CARTESIAN_POINT('',(3.26794919243126,41.5000000000002,15.0000000000014));
#11621=CARTESIAN_POINT('',(4.13397459621676,41.5000000000002,16.5000000000008));
#11622=CARTESIAN_POINT('',(3.26794919243126,41.5000000000002,15.0000000000014));
#11623=CARTESIAN_POINT('',(5.86602540378563,41.5000000000002,16.4999999999996));
#11624=CARTESIAN_POINT('',(4.13397459621676,41.5000000000002,16.5000000000008));
#11625=CARTESIAN_POINT('',(6.73205080756901,41.5000000000002,14.9999999999989));
#11626=CARTESIAN_POINT('',(5.86602540378563,41.5000000000002,16.4999999999996));
#11627=CARTESIAN_POINT('',(5.86602540378352,41.5000000000002,13.4999999999996));
#11628=CARTESIAN_POINT('',(6.73205080756901,41.5000000000002,14.9999999999989));
#11629=CARTESIAN_POINT('',(4.13397459621464,41.5000000000002,13.5000000000008));
#11630=CARTESIAN_POINT('',(5.86602540378352,41.5000000000002,13.4999999999996));
#11631=CARTESIAN_POINT('',(4.13397459621464,41.5000000000002,13.5000000000008));
#11632=CARTESIAN_POINT('Origin',(4.13397459621676,41.5000000000002,16.5000000000008));
#11633=CARTESIAN_POINT('',(4.13397459621675,43.5000000000002,16.5000000000008));
#11634=CARTESIAN_POINT('',(5.86602540378563,43.5000000000002,16.4999999999996));
#11635=CARTESIAN_POINT('',(4.13397459621675,43.5000000000002,16.5000000000008));
#11636=CARTESIAN_POINT('',(5.86602540378563,41.5000000000002,16.4999999999996));
#11637=CARTESIAN_POINT('',(4.13397459621676,41.5000000000002,16.5000000000008));
#11638=CARTESIAN_POINT('Origin',(5.86602540378563,41.5000000000002,16.4999999999996));
#11639=CARTESIAN_POINT('',(6.73205080756901,43.5000000000002,14.9999999999989));
#11640=CARTESIAN_POINT('',(5.86602540378563,43.5000000000002,16.4999999999996));
#11641=CARTESIAN_POINT('',(6.73205080756901,41.5000000000002,14.9999999999989));
#11642=CARTESIAN_POINT('Origin',(6.73205080756901,41.5000000000002,14.9999999999989));
#11643=CARTESIAN_POINT('',(5.86602540378351,43.5000000000002,13.4999999999996));
#11644=CARTESIAN_POINT('',(6.73205080756901,43.5000000000002,14.9999999999989));
#11645=CARTESIAN_POINT('',(5.86602540378352,41.5000000000002,13.4999999999996));
#11646=CARTESIAN_POINT('Origin',(5.86602540378352,41.5000000000002,13.4999999999996));
#11647=CARTESIAN_POINT('',(4.13397459621464,43.5000000000002,13.5000000000008));
#11648=CARTESIAN_POINT('',(5.86602540378351,43.5000000000002,13.4999999999996));
#11649=CARTESIAN_POINT('',(4.13397459621464,41.5000000000002,13.5000000000008));
#11650=CARTESIAN_POINT('Origin',(4.13397459621464,41.5000000000002,13.5000000000008));
#11651=CARTESIAN_POINT('',(3.26794919243126,43.5000000000002,15.0000000000014));
#11652=CARTESIAN_POINT('',(4.13397459621464,43.5000000000002,13.5000000000008));
#11653=CARTESIAN_POINT('',(3.26794919243126,41.5000000000002,15.0000000000014));
#11654=CARTESIAN_POINT('Origin',(3.26794919243126,41.5000000000002,15.0000000000014));
#11655=CARTESIAN_POINT('',(3.26794919243126,43.5000000000002,15.0000000000014));
#11656=CARTESIAN_POINT('Origin',(5.00000000000013,43.5000000000002,15.0000000000002));
#11657=CARTESIAN_POINT('',(5.0000000000026,43.5000000000002,18.5000000000002));
#11658=CARTESIAN_POINT('Origin',(5.00000000000013,43.5000000000002,15.0000000000002));
#11659=CARTESIAN_POINT('Origin',(5.00000000000014,39.5000000000002,15.0000000000002));
#11660=CARTESIAN_POINT('',(5.0000000000026,39.5000000000002,18.5000000000002));
#11661=CARTESIAN_POINT('Origin',(15.0000000000001,41.5000000000002,15.0000000000002));
#11662=CARTESIAN_POINT('',(13.2679491924313,41.5000000000002,15.0000000000014));
#11663=CARTESIAN_POINT('',(14.1339745962168,41.5000000000002,16.5000000000008));
#11664=CARTESIAN_POINT('',(13.2679491924313,41.5000000000002,15.0000000000014));
#11665=CARTESIAN_POINT('',(15.8660254037856,41.5000000000002,16.4999999999995));
#11666=CARTESIAN_POINT('',(14.1339745962168,41.5000000000002,16.5000000000008));
#11667=CARTESIAN_POINT('',(16.732050807569,41.5000000000003,14.9999999999989));
#11668=CARTESIAN_POINT('',(15.8660254037856,41.5000000000002,16.4999999999995));
#11669=CARTESIAN_POINT('',(15.8660254037835,41.5000000000003,13.4999999999995));
#11670=CARTESIAN_POINT('',(16.732050807569,41.5000000000003,14.9999999999989));
#11671=CARTESIAN_POINT('',(14.1339745962147,41.5000000000002,13.5000000000008));
#11672=CARTESIAN_POINT('',(15.8660254037835,41.5000000000003,13.4999999999995));
#11673=CARTESIAN_POINT('',(14.1339745962147,41.5000000000002,13.5000000000008));
#11674=CARTESIAN_POINT('Origin',(14.1339745962168,41.5000000000002,16.5000000000008));
#11675=CARTESIAN_POINT('',(14.1339745962168,43.5000000000002,16.5000000000008));
#11676=CARTESIAN_POINT('',(15.8660254037856,43.5000000000002,16.4999999999995));
#11677=CARTESIAN_POINT('',(14.1339745962168,43.5000000000002,16.5000000000008));
#11678=CARTESIAN_POINT('',(15.8660254037856,41.5000000000002,16.4999999999995));
#11679=CARTESIAN_POINT('',(14.1339745962168,41.5000000000002,16.5000000000008));
#11680=CARTESIAN_POINT('Origin',(15.8660254037856,41.5000000000002,16.4999999999995));
#11681=CARTESIAN_POINT('',(16.732050807569,43.5000000000003,14.9999999999989));
#11682=CARTESIAN_POINT('',(15.8660254037856,43.5000000000002,16.4999999999995));
#11683=CARTESIAN_POINT('',(16.732050807569,41.5000000000003,14.9999999999989));
#11684=CARTESIAN_POINT('Origin',(16.732050807569,41.5000000000003,14.9999999999989));
#11685=CARTESIAN_POINT('',(15.8660254037835,43.5000000000003,13.4999999999995));
#11686=CARTESIAN_POINT('',(16.732050807569,43.5000000000003,14.9999999999989));
#11687=CARTESIAN_POINT('',(15.8660254037835,41.5000000000003,13.4999999999995));
#11688=CARTESIAN_POINT('Origin',(15.8660254037835,41.5000000000003,13.4999999999995));
#11689=CARTESIAN_POINT('',(14.1339745962147,43.5000000000002,13.5000000000008));
#11690=CARTESIAN_POINT('',(15.8660254037835,43.5000000000003,13.4999999999995));
#11691=CARTESIAN_POINT('',(14.1339745962147,41.5000000000002,13.5000000000008));
#11692=CARTESIAN_POINT('Origin',(14.1339745962147,41.5000000000002,13.5000000000008));
#11693=CARTESIAN_POINT('',(13.2679491924313,43.5000000000002,15.0000000000014));
#11694=CARTESIAN_POINT('',(14.1339745962147,43.5000000000002,13.5000000000008));
#11695=CARTESIAN_POINT('',(13.2679491924313,41.5000000000002,15.0000000000014));
#11696=CARTESIAN_POINT('Origin',(13.2679491924313,41.5000000000002,15.0000000000014));
#11697=CARTESIAN_POINT('',(13.2679491924313,43.5000000000002,15.0000000000014));
#11698=CARTESIAN_POINT('Origin',(13.3900000000002,23.5000000000002,15.0000000000013));
#11699=CARTESIAN_POINT('',(15.0000000000013,23.5000000000002,16.6100000000001));
#11700=CARTESIAN_POINT('Origin',(15.0000000000002,23.5000000000002,15.0000000000001));
#11701=CARTESIAN_POINT('Origin',(15.0000000000001,43.5000000000002,15.0000000000002));
#11702=CARTESIAN_POINT('',(15.0000000000026,43.5000000000002,18.5000000000002));
#11703=CARTESIAN_POINT('Origin',(15.0000000000001,43.5000000000002,15.0000000000002));
#11704=CARTESIAN_POINT('Origin',(15.0000000000001,39.5000000000002,15.0000000000001));
#11705=CARTESIAN_POINT('',(15.0000000000026,39.5000000000002,18.5000000000001));
#11706=CARTESIAN_POINT('Origin',(15.0000000000002,23.8900000000002,15.0000000000001));
#11707=CARTESIAN_POINT('',(15.0000000000016,23.8900000000002,17.0000000000001));
#11708=UNCERTAINTY_MEASURE_WITH_UNIT(LENGTH_MEASURE(0.01),#11712,
'DISTANCE_ACCURACY_VALUE',
'Maximum model space distance between geometric entities at asserted c
onnectivities');
#11709=UNCERTAINTY_MEASURE_WITH_UNIT(LENGTH_MEASURE(0.01),#11712,
'DISTANCE_ACCURACY_VALUE',
'Maximum model space distance between geometric entities at asserted c
onnectivities');
#11710=(
GEOMETRIC_REPRESENTATION_CONTEXT(3)
GLOBAL_UNCERTAINTY_ASSIGNED_CONTEXT((#11708))
GLOBAL_UNIT_ASSIGNED_CONTEXT((#11712,#11714,#11715))
REPRESENTATION_CONTEXT('','3D')
);
#11711=(
GEOMETRIC_REPRESENTATION_CONTEXT(3)
GLOBAL_UNCERTAINTY_ASSIGNED_CONTEXT((#11709))
GLOBAL_UNIT_ASSIGNED_CONTEXT((#11712,#11714,#11715))
REPRESENTATION_CONTEXT('','3D')
);
#11712=(
LENGTH_UNIT()
NAMED_UNIT(*)
SI_UNIT(.MILLI.,.METRE.)
);
#11713=(
LENGTH_UNIT()
NAMED_UNIT(*)
SI_UNIT(.CENTI.,.METRE.)
);
#11714=(
NAMED_UNIT(*)
PLANE_ANGLE_UNIT()
SI_UNIT($,.RADIAN.)
);
#11715=(
NAMED_UNIT(*)
SI_UNIT($,.STERADIAN.)
SOLID_ANGLE_UNIT()
);
#11716=SHAPE_DEFINITION_REPRESENTATION(#11717,#11718);
#11717=PRODUCT_DEFINITION_SHAPE('',$,#11720);
#11718=SHAPE_REPRESENTATION('',(#7051),#11710);
#11719=PRODUCT_DEFINITION_CONTEXT('part definition',#11724,'design');
#11720=PRODUCT_DEFINITION('HipLeftNCS','HipLeftNCS',#11721,#11719);
#11721=PRODUCT_DEFINITION_FORMATION('',$,#11726);
#11722=PRODUCT_RELATED_PRODUCT_CATEGORY('HipLeftNCS','HipLeftNCS',(#11726));
#11723=APPLICATION_PROTOCOL_DEFINITION('international standard',
'automotive_design',2009,#11724);
#11724=APPLICATION_CONTEXT(
'Core Data for Automotive Mechanical Design Process');
#11725=PRODUCT_CONTEXT('part definition',#11724,'mechanical');
#11726=PRODUCT('HipLeftNCS','HipLeftNCS',$,(#11725));
#11727=PRESENTATION_STYLE_ASSIGNMENT((#11728));
#11728=SURFACE_STYLE_USAGE(.BOTH.,#11731);
#11729=SURFACE_STYLE_RENDERING_WITH_PROPERTIES($,#11735,(#11730));
#11730=SURFACE_STYLE_TRANSPARENT(0.);
#11731=SURFACE_SIDE_STYLE('',(#11732,#11729));
#11732=SURFACE_STYLE_FILL_AREA(#11733);
#11733=FILL_AREA_STYLE('',(#11734));
#11734=FILL_AREA_STYLE_COLOUR('',#11735);
#11735=COLOUR_RGB('',0.749019607843137,0.749019607843137,0.749019607843137);
ENDSEC;
END-ISO-10303-21;
