ISO-10303-21;
HEADER;
/* Generated by software containing ST-Developer
 * from STEP Tools, Inc. (www.steptools.com) 
 */

FILE_DESCRIPTION(
/* description */ (''),
/* implementation_level */ '2;1');

FILE_NAME(
/* name */ 
'C:\\Users\\Nathann\\ClawdDrive\\Objet3D\\RunningRobot\\PartURDF\\Push
rodLeftNCS.stp',
/* time_stamp */ '2026-06-19T10:44:08+02:00',
/* author */ ('Nathann'),
/* organization */ (''),
/* preprocessor_version */ 'ST-DEVELOPER v19',
/* originating_system */ 'Autodesk Inventor 2023',
/* authorisation */ '');

FILE_SCHEMA (('AUTOMOTIVE_DESIGN { 1 0 10303 214 3 1 1 }'));
ENDSEC;

DATA;
#10=MECHANICAL_DESIGN_GEOMETRIC_PRESENTATION_REPRESENTATION('',(#4080,#4081,
#4082,#4083,#4084,#4085,#4086,#4087,#4088,#4089,#4090,#4091,#4092,#4093,
#4094,#4095,#4096,#4097,#4098,#4099,#4100,#4101,#4102,#4103,#4104,#4105,
#4106,#4107,#4108,#4109,#4110,#4111,#4112,#4113,#4114,#4115,#4116,#4117,
#4118,#4119,#4120,#4121,#4122,#4123,#4124,#4125,#4126,#4127,#4128,#4129,
#4130,#4131,#4132,#4133,#4134,#4135,#4136,#4137,#4138,#4139,#4140,#4141,
#4142,#4143,#4144,#4145,#4146,#4147,#4148,#4149,#4150,#4151,#4152,#4153,
#4154,#4155,#4156,#4157,#4158,#4159,#4160,#4161,#4162,#4163,#4164,#4165,
#4166,#4167,#4168,#4169,#4170,#4171,#4172,#4173,#4174,#4175,#4176,#4177,
#4178,#4179,#4180,#4181,#4182,#4183,#4184,#4185,#4186,#4187,#4188,#4189,
#4190,#4191,#4192,#4193,#4194,#4195,#4196,#4197,#4198,#4199,#4200,#4201,
#4202,#4203,#4204,#4205,#4206,#4207,#4208,#4209,#4210,#4211,#4212,#4213,
#4214,#4215,#4216,#4217,#4218,#4219,#4220,#4221,#4222,#4223,#4224,#4225,
#4226,#4227,#4228,#4229,#4230,#4231,#4232,#4233,#4234,#4235,#4236,#4237,
#4238,#4239,#4240,#4241,#4242,#4243,#4244,#4245,#4246,#4247,#4248,#4249,
#4250,#4251,#4252,#4253,#4254,#4255,#4256,#4257,#4258,#4259,#4260,#4261,
#4262,#4263,#4264,#4265,#4266,#4267,#4268,#4269,#4270,#4271,#4272,#4273,
#4274,#4275,#4276,#4277,#4278,#4279,#4280,#4281,#4282,#4283,#4284,#4285,
#4286,#4287,#4288,#4289,#4290,#4291,#4292,#4293,#4294,#4295,#4296,#4297,
#4298,#4299,#4300,#4301,#4302,#4303,#4304,#4305,#4306,#4307,#4308,#4309,
#4310,#4311,#4312,#4313,#4314,#4315,#4316,#4317,#4318,#4319,#4320,#4321,
#4322,#4323,#4324,#4325,#4326,#4327,#4328,#4329,#4330,#4331,#4332,#4333,
#4334,#4335,#4336,#4337,#4338,#4339,#4340,#4341,#4342,#4343,#4344,#4345,
#4346,#4347,#4348,#4349,#4350,#4351,#4352,#4353,#4354,#4355,#4356,#4357,
#4358,#4359,#4360,#4361,#4362,#4363,#4364,#4365,#4366),#7706);
#11=SHAPE_REPRESENTATION_RELATIONSHIP('SRR','None',#7713,#12);
#12=ADVANCED_BREP_SHAPE_REPRESENTATION('',(#15,#16,#17,#18,#19,#20,#21,
#22,#23,#24,#25,#26,#27,#28,#29,#30,#31,#32,#33,#34),#7705);
#13=TOROIDAL_SURFACE('',#4810,5.2499,0.2499);
#14=TOROIDAL_SURFACE('',#4959,5.2499,0.2499);
#15=MANIFOLD_SOLID_BREP('Solid1',#4634);
#16=MANIFOLD_SOLID_BREP('Solid2',#4635);
#17=MANIFOLD_SOLID_BREP('Solid3',#4636);
#18=MANIFOLD_SOLID_BREP('Solid4',#4637);
#19=MANIFOLD_SOLID_BREP('Solid5',#4638);
#20=MANIFOLD_SOLID_BREP('Solid6',#4639);
#21=MANIFOLD_SOLID_BREP('Solid7',#4640);
#22=MANIFOLD_SOLID_BREP('Solid8',#4641);
#23=MANIFOLD_SOLID_BREP('Solid9',#4642);
#24=MANIFOLD_SOLID_BREP('Solid10',#4643);
#25=MANIFOLD_SOLID_BREP('Solid11',#4644);
#26=MANIFOLD_SOLID_BREP('Solid12',#4645);
#27=MANIFOLD_SOLID_BREP('Solid13',#4646);
#28=MANIFOLD_SOLID_BREP('Solid14',#4647);
#29=MANIFOLD_SOLID_BREP('Solid15',#4648);
#30=MANIFOLD_SOLID_BREP('Solid16',#4649);
#31=MANIFOLD_SOLID_BREP('Solid17',#4650);
#32=MANIFOLD_SOLID_BREP('Solid18',#4651);
#33=MANIFOLD_SOLID_BREP('Solid19',#4652);
#34=MANIFOLD_SOLID_BREP('Solid20',#4653);
#35=FACE_BOUND('',#565,.T.);
#36=FACE_BOUND('',#566,.T.);
#37=FACE_BOUND('',#573,.T.);
#38=FACE_BOUND('',#574,.T.);
#39=FACE_BOUND('',#575,.T.);
#40=FACE_BOUND('',#576,.T.);
#41=FACE_BOUND('',#578,.T.);
#42=FACE_BOUND('',#579,.T.);
#43=FACE_BOUND('',#585,.T.);
#44=FACE_BOUND('',#596,.T.);
#45=FACE_BOUND('',#597,.T.);
#46=FACE_BOUND('',#605,.T.);
#47=FACE_BOUND('',#606,.T.);
#48=FACE_BOUND('',#616,.T.);
#49=FACE_BOUND('',#618,.T.);
#50=FACE_BOUND('',#619,.T.);
#51=FACE_BOUND('',#620,.T.);
#52=FACE_BOUND('',#625,.T.);
#53=FACE_BOUND('',#626,.T.);
#54=FACE_BOUND('',#633,.T.);
#55=FACE_BOUND('',#635,.T.);
#56=FACE_BOUND('',#637,.T.);
#57=FACE_BOUND('',#647,.T.);
#58=FACE_BOUND('',#649,.T.);
#59=FACE_BOUND('',#651,.T.);
#60=FACE_BOUND('',#656,.T.);
#61=FACE_BOUND('',#657,.T.);
#62=FACE_BOUND('',#659,.T.);
#63=FACE_BOUND('',#660,.T.);
#64=FACE_BOUND('',#664,.T.);
#65=FACE_BOUND('',#666,.T.);
#66=FACE_BOUND('',#676,.T.);
#67=FACE_BOUND('',#678,.T.);
#68=FACE_BOUND('',#679,.T.);
#69=FACE_BOUND('',#680,.T.);
#70=FACE_BOUND('',#685,.T.);
#71=FACE_BOUND('',#686,.T.);
#72=FACE_BOUND('',#698,.T.);
#73=FACE_BOUND('',#699,.T.);
#74=FACE_BOUND('',#706,.T.);
#75=FACE_BOUND('',#707,.T.);
#76=FACE_BOUND('',#708,.T.);
#77=FACE_BOUND('',#709,.T.);
#78=FACE_BOUND('',#711,.T.);
#79=FACE_BOUND('',#712,.T.);
#80=FACE_BOUND('',#718,.T.);
#81=FACE_BOUND('',#729,.T.);
#82=FACE_BOUND('',#730,.T.);
#83=FACE_BOUND('',#738,.T.);
#84=FACE_BOUND('',#739,.T.);
#85=FACE_BOUND('',#749,.T.);
#86=FACE_BOUND('',#751,.T.);
#87=FACE_BOUND('',#753,.T.);
#88=FACE_BOUND('',#758,.T.);
#89=FACE_BOUND('',#759,.T.);
#90=FACE_BOUND('',#761,.T.);
#91=FACE_BOUND('',#762,.T.);
#92=FACE_BOUND('',#769,.T.);
#93=FACE_BOUND('',#776,.T.);
#94=FACE_BOUND('',#781,.T.);
#95=FACE_BOUND('',#783,.T.);
#96=FACE_BOUND('',#796,.T.);
#97=FACE_BOUND('',#798,.T.);
#98=FACE_BOUND('',#811,.T.);
#99=FACE_BOUND('',#813,.T.);
#100=FACE_BOUND('',#826,.T.);
#101=FACE_BOUND('',#828,.T.);
#102=FACE_BOUND('',#841,.T.);
#103=FACE_BOUND('',#843,.T.);
#104=FACE_BOUND('',#856,.T.);
#105=FACE_BOUND('',#858,.T.);
#106=FACE_BOUND('',#871,.T.);
#107=FACE_BOUND('',#873,.T.);
#108=FACE_BOUND('',#886,.T.);
#109=FACE_BOUND('',#888,.T.);
#110=PLANE('',#4703);
#111=PLANE('',#4707);
#112=PLANE('',#4708);
#113=PLANE('',#4709);
#114=PLANE('',#4717);
#115=PLANE('',#4720);
#116=PLANE('',#4723);
#117=PLANE('',#4724);
#118=PLANE('',#4725);
#119=PLANE('',#4726);
#120=PLANE('',#4730);
#121=PLANE('',#4735);
#122=PLANE('',#4737);
#123=PLANE('',#4740);
#124=PLANE('',#4744);
#125=PLANE('',#4747);
#126=PLANE('',#4748);
#127=PLANE('',#4751);
#128=PLANE('',#4754);
#129=PLANE('',#4766);
#130=PLANE('',#4770);
#131=PLANE('',#4771);
#132=PLANE('',#4772);
#133=PLANE('',#4775);
#134=PLANE('',#4778);
#135=PLANE('',#4781);
#136=PLANE('',#4782);
#137=PLANE('',#4795);
#138=PLANE('',#4796);
#139=PLANE('',#4797);
#140=PLANE('',#4818);
#141=PLANE('',#4819);
#142=PLANE('',#4820);
#143=PLANE('',#4830);
#144=PLANE('',#4831);
#145=PLANE('',#4838);
#146=PLANE('',#4839);
#147=PLANE('',#4851);
#148=PLANE('',#4855);
#149=PLANE('',#4856);
#150=PLANE('',#4857);
#151=PLANE('',#4860);
#152=PLANE('',#4863);
#153=PLANE('',#4866);
#154=PLANE('',#4867);
#155=PLANE('',#4895);
#156=PLANE('',#4899);
#157=PLANE('',#4900);
#158=PLANE('',#4901);
#159=PLANE('',#4909);
#160=PLANE('',#4912);
#161=PLANE('',#4915);
#162=PLANE('',#4916);
#163=PLANE('',#4917);
#164=PLANE('',#4918);
#165=PLANE('',#4922);
#166=PLANE('',#4927);
#167=PLANE('',#4929);
#168=PLANE('',#4932);
#169=PLANE('',#4936);
#170=PLANE('',#4939);
#171=PLANE('',#4940);
#172=PLANE('',#4943);
#173=PLANE('',#4946);
#174=PLANE('',#4967);
#175=PLANE('',#4968);
#176=PLANE('',#4969);
#177=PLANE('',#4979);
#178=PLANE('',#4980);
#179=PLANE('',#4989);
#180=PLANE('',#4990);
#181=PLANE('',#4991);
#182=PLANE('',#5000);
#183=PLANE('',#5001);
#184=PLANE('',#5002);
#185=PLANE('',#5011);
#186=PLANE('',#5012);
#187=PLANE('',#5013);
#188=PLANE('',#5014);
#189=PLANE('',#5015);
#190=PLANE('',#5016);
#191=PLANE('',#5017);
#192=PLANE('',#5018);
#193=PLANE('',#5019);
#194=PLANE('',#5020);
#195=PLANE('',#5029);
#196=PLANE('',#5030);
#197=PLANE('',#5031);
#198=PLANE('',#5032);
#199=PLANE('',#5033);
#200=PLANE('',#5034);
#201=PLANE('',#5035);
#202=PLANE('',#5036);
#203=PLANE('',#5037);
#204=PLANE('',#5038);
#205=PLANE('',#5047);
#206=PLANE('',#5048);
#207=PLANE('',#5049);
#208=PLANE('',#5050);
#209=PLANE('',#5051);
#210=PLANE('',#5052);
#211=PLANE('',#5053);
#212=PLANE('',#5054);
#213=PLANE('',#5055);
#214=PLANE('',#5056);
#215=PLANE('',#5065);
#216=PLANE('',#5066);
#217=PLANE('',#5067);
#218=PLANE('',#5068);
#219=PLANE('',#5069);
#220=PLANE('',#5070);
#221=PLANE('',#5071);
#222=PLANE('',#5072);
#223=PLANE('',#5073);
#224=PLANE('',#5074);
#225=PLANE('',#5083);
#226=PLANE('',#5084);
#227=PLANE('',#5085);
#228=PLANE('',#5086);
#229=PLANE('',#5087);
#230=PLANE('',#5088);
#231=PLANE('',#5089);
#232=PLANE('',#5090);
#233=PLANE('',#5091);
#234=PLANE('',#5092);
#235=PLANE('',#5101);
#236=PLANE('',#5102);
#237=PLANE('',#5103);
#238=PLANE('',#5104);
#239=PLANE('',#5105);
#240=PLANE('',#5106);
#241=PLANE('',#5107);
#242=PLANE('',#5108);
#243=PLANE('',#5109);
#244=PLANE('',#5110);
#245=PLANE('',#5119);
#246=PLANE('',#5120);
#247=PLANE('',#5121);
#248=PLANE('',#5122);
#249=PLANE('',#5123);
#250=PLANE('',#5124);
#251=PLANE('',#5125);
#252=PLANE('',#5126);
#253=PLANE('',#5127);
#254=PLANE('',#5128);
#255=PLANE('',#5137);
#256=PLANE('',#5138);
#257=PLANE('',#5139);
#258=PLANE('',#5140);
#259=PLANE('',#5141);
#260=PLANE('',#5142);
#261=PLANE('',#5143);
#262=PLANE('',#5144);
#263=PLANE('',#5145);
#264=PLANE('',#5146);
#265=CONICAL_SURFACE('',#4692,3.,0.785398163397448);
#266=CONICAL_SURFACE('',#4761,4.5,0.785398163397426);
#267=CONICAL_SURFACE('',#4783,5.57735026918963,0.523598775598297);
#268=CONICAL_SURFACE('',#4798,7.5,0.436332312999);
#269=CONICAL_SURFACE('',#4801,4.,0.436332312999);
#270=CONICAL_SURFACE('',#4808,4.,0.436332312999);
#271=CONICAL_SURFACE('',#4816,5.,0.523598775598);
#272=CONICAL_SURFACE('',#4846,4.5,0.785398163397426);
#273=CONICAL_SURFACE('',#4884,3.,0.785398163397448);
#274=CONICAL_SURFACE('',#4947,7.5,0.436332312999);
#275=CONICAL_SURFACE('',#4950,4.,0.436332312999);
#276=CONICAL_SURFACE('',#4957,4.,0.436332312999);
#277=CONICAL_SURFACE('',#4965,5.,0.523598775598);
#278=CONICAL_SURFACE('',#4987,5.95,0.523598775598293);
#279=CONICAL_SURFACE('',#4998,5.95000000000001,0.523598775598293);
#280=CONICAL_SURFACE('',#5006,2.,0.785398163397453);
#281=CONICAL_SURFACE('',#5024,2.,0.785398163397453);
#282=CONICAL_SURFACE('',#5042,2.,0.785398163397453);
#283=CONICAL_SURFACE('',#5060,2.,0.785398163397453);
#284=CONICAL_SURFACE('',#5078,2.,0.785398163397453);
#285=CONICAL_SURFACE('',#5096,2.,0.785398163397453);
#286=CONICAL_SURFACE('',#5114,2.,0.785398163397453);
#287=CONICAL_SURFACE('',#5132,2.,0.785398163397453);
#288=FACE_OUTER_BOUND('',#555,.T.);
#289=FACE_OUTER_BOUND('',#556,.T.);
#290=FACE_OUTER_BOUND('',#557,.T.);
#291=FACE_OUTER_BOUND('',#558,.T.);
#292=FACE_OUTER_BOUND('',#559,.T.);
#293=FACE_OUTER_BOUND('',#560,.T.);
#294=FACE_OUTER_BOUND('',#561,.T.);
#295=FACE_OUTER_BOUND('',#562,.T.);
#296=FACE_OUTER_BOUND('',#563,.T.);
#297=FACE_OUTER_BOUND('',#564,.T.);
#298=FACE_OUTER_BOUND('',#567,.T.);
#299=FACE_OUTER_BOUND('',#568,.T.);
#300=FACE_OUTER_BOUND('',#569,.T.);
#301=FACE_OUTER_BOUND('',#570,.T.);
#302=FACE_OUTER_BOUND('',#571,.T.);
#303=FACE_OUTER_BOUND('',#572,.T.);
#304=FACE_OUTER_BOUND('',#577,.T.);
#305=FACE_OUTER_BOUND('',#580,.T.);
#306=FACE_OUTER_BOUND('',#581,.T.);
#307=FACE_OUTER_BOUND('',#582,.T.);
#308=FACE_OUTER_BOUND('',#583,.T.);
#309=FACE_OUTER_BOUND('',#584,.T.);
#310=FACE_OUTER_BOUND('',#586,.T.);
#311=FACE_OUTER_BOUND('',#587,.T.);
#312=FACE_OUTER_BOUND('',#588,.T.);
#313=FACE_OUTER_BOUND('',#589,.T.);
#314=FACE_OUTER_BOUND('',#590,.T.);
#315=FACE_OUTER_BOUND('',#591,.T.);
#316=FACE_OUTER_BOUND('',#592,.T.);
#317=FACE_OUTER_BOUND('',#593,.T.);
#318=FACE_OUTER_BOUND('',#594,.T.);
#319=FACE_OUTER_BOUND('',#595,.T.);
#320=FACE_OUTER_BOUND('',#598,.T.);
#321=FACE_OUTER_BOUND('',#599,.T.);
#322=FACE_OUTER_BOUND('',#600,.T.);
#323=FACE_OUTER_BOUND('',#601,.T.);
#324=FACE_OUTER_BOUND('',#602,.T.);
#325=FACE_OUTER_BOUND('',#603,.T.);
#326=FACE_OUTER_BOUND('',#604,.T.);
#327=FACE_OUTER_BOUND('',#607,.T.);
#328=FACE_OUTER_BOUND('',#608,.T.);
#329=FACE_OUTER_BOUND('',#609,.T.);
#330=FACE_OUTER_BOUND('',#610,.T.);
#331=FACE_OUTER_BOUND('',#611,.T.);
#332=FACE_OUTER_BOUND('',#612,.T.);
#333=FACE_OUTER_BOUND('',#613,.T.);
#334=FACE_OUTER_BOUND('',#614,.T.);
#335=FACE_OUTER_BOUND('',#615,.T.);
#336=FACE_OUTER_BOUND('',#617,.T.);
#337=FACE_OUTER_BOUND('',#621,.T.);
#338=FACE_OUTER_BOUND('',#622,.T.);
#339=FACE_OUTER_BOUND('',#623,.T.);
#340=FACE_OUTER_BOUND('',#624,.T.);
#341=FACE_OUTER_BOUND('',#627,.T.);
#342=FACE_OUTER_BOUND('',#628,.T.);
#343=FACE_OUTER_BOUND('',#629,.T.);
#344=FACE_OUTER_BOUND('',#630,.T.);
#345=FACE_OUTER_BOUND('',#631,.T.);
#346=FACE_OUTER_BOUND('',#632,.T.);
#347=FACE_OUTER_BOUND('',#634,.T.);
#348=FACE_OUTER_BOUND('',#636,.T.);
#349=FACE_OUTER_BOUND('',#638,.T.);
#350=FACE_OUTER_BOUND('',#639,.T.);
#351=FACE_OUTER_BOUND('',#640,.T.);
#352=FACE_OUTER_BOUND('',#641,.T.);
#353=FACE_OUTER_BOUND('',#642,.T.);
#354=FACE_OUTER_BOUND('',#643,.T.);
#355=FACE_OUTER_BOUND('',#644,.T.);
#356=FACE_OUTER_BOUND('',#645,.T.);
#357=FACE_OUTER_BOUND('',#646,.T.);
#358=FACE_OUTER_BOUND('',#648,.T.);
#359=FACE_OUTER_BOUND('',#650,.T.);
#360=FACE_OUTER_BOUND('',#652,.T.);
#361=FACE_OUTER_BOUND('',#653,.T.);
#362=FACE_OUTER_BOUND('',#654,.T.);
#363=FACE_OUTER_BOUND('',#655,.T.);
#364=FACE_OUTER_BOUND('',#658,.T.);
#365=FACE_OUTER_BOUND('',#661,.T.);
#366=FACE_OUTER_BOUND('',#662,.T.);
#367=FACE_OUTER_BOUND('',#663,.T.);
#368=FACE_OUTER_BOUND('',#665,.T.);
#369=FACE_OUTER_BOUND('',#667,.T.);
#370=FACE_OUTER_BOUND('',#668,.T.);
#371=FACE_OUTER_BOUND('',#669,.T.);
#372=FACE_OUTER_BOUND('',#670,.T.);
#373=FACE_OUTER_BOUND('',#671,.T.);
#374=FACE_OUTER_BOUND('',#672,.T.);
#375=FACE_OUTER_BOUND('',#673,.T.);
#376=FACE_OUTER_BOUND('',#674,.T.);
#377=FACE_OUTER_BOUND('',#675,.T.);
#378=FACE_OUTER_BOUND('',#677,.T.);
#379=FACE_OUTER_BOUND('',#681,.T.);
#380=FACE_OUTER_BOUND('',#682,.T.);
#381=FACE_OUTER_BOUND('',#683,.T.);
#382=FACE_OUTER_BOUND('',#684,.T.);
#383=FACE_OUTER_BOUND('',#687,.T.);
#384=FACE_OUTER_BOUND('',#688,.T.);
#385=FACE_OUTER_BOUND('',#689,.T.);
#386=FACE_OUTER_BOUND('',#690,.T.);
#387=FACE_OUTER_BOUND('',#691,.T.);
#388=FACE_OUTER_BOUND('',#692,.T.);
#389=FACE_OUTER_BOUND('',#693,.T.);
#390=FACE_OUTER_BOUND('',#694,.T.);
#391=FACE_OUTER_BOUND('',#695,.T.);
#392=FACE_OUTER_BOUND('',#696,.T.);
#393=FACE_OUTER_BOUND('',#697,.T.);
#394=FACE_OUTER_BOUND('',#700,.T.);
#395=FACE_OUTER_BOUND('',#701,.T.);
#396=FACE_OUTER_BOUND('',#702,.T.);
#397=FACE_OUTER_BOUND('',#703,.T.);
#398=FACE_OUTER_BOUND('',#704,.T.);
#399=FACE_OUTER_BOUND('',#705,.T.);
#400=FACE_OUTER_BOUND('',#710,.T.);
#401=FACE_OUTER_BOUND('',#713,.T.);
#402=FACE_OUTER_BOUND('',#714,.T.);
#403=FACE_OUTER_BOUND('',#715,.T.);
#404=FACE_OUTER_BOUND('',#716,.T.);
#405=FACE_OUTER_BOUND('',#717,.T.);
#406=FACE_OUTER_BOUND('',#719,.T.);
#407=FACE_OUTER_BOUND('',#720,.T.);
#408=FACE_OUTER_BOUND('',#721,.T.);
#409=FACE_OUTER_BOUND('',#722,.T.);
#410=FACE_OUTER_BOUND('',#723,.T.);
#411=FACE_OUTER_BOUND('',#724,.T.);
#412=FACE_OUTER_BOUND('',#725,.T.);
#413=FACE_OUTER_BOUND('',#726,.T.);
#414=FACE_OUTER_BOUND('',#727,.T.);
#415=FACE_OUTER_BOUND('',#728,.T.);
#416=FACE_OUTER_BOUND('',#731,.T.);
#417=FACE_OUTER_BOUND('',#732,.T.);
#418=FACE_OUTER_BOUND('',#733,.T.);
#419=FACE_OUTER_BOUND('',#734,.T.);
#420=FACE_OUTER_BOUND('',#735,.T.);
#421=FACE_OUTER_BOUND('',#736,.T.);
#422=FACE_OUTER_BOUND('',#737,.T.);
#423=FACE_OUTER_BOUND('',#740,.T.);
#424=FACE_OUTER_BOUND('',#741,.T.);
#425=FACE_OUTER_BOUND('',#742,.T.);
#426=FACE_OUTER_BOUND('',#743,.T.);
#427=FACE_OUTER_BOUND('',#744,.T.);
#428=FACE_OUTER_BOUND('',#745,.T.);
#429=FACE_OUTER_BOUND('',#746,.T.);
#430=FACE_OUTER_BOUND('',#747,.T.);
#431=FACE_OUTER_BOUND('',#748,.T.);
#432=FACE_OUTER_BOUND('',#750,.T.);
#433=FACE_OUTER_BOUND('',#752,.T.);
#434=FACE_OUTER_BOUND('',#754,.T.);
#435=FACE_OUTER_BOUND('',#755,.T.);
#436=FACE_OUTER_BOUND('',#756,.T.);
#437=FACE_OUTER_BOUND('',#757,.T.);
#438=FACE_OUTER_BOUND('',#760,.T.);
#439=FACE_OUTER_BOUND('',#763,.T.);
#440=FACE_OUTER_BOUND('',#764,.T.);
#441=FACE_OUTER_BOUND('',#765,.T.);
#442=FACE_OUTER_BOUND('',#766,.T.);
#443=FACE_OUTER_BOUND('',#767,.T.);
#444=FACE_OUTER_BOUND('',#768,.T.);
#445=FACE_OUTER_BOUND('',#770,.T.);
#446=FACE_OUTER_BOUND('',#771,.T.);
#447=FACE_OUTER_BOUND('',#772,.T.);
#448=FACE_OUTER_BOUND('',#773,.T.);
#449=FACE_OUTER_BOUND('',#774,.T.);
#450=FACE_OUTER_BOUND('',#775,.T.);
#451=FACE_OUTER_BOUND('',#777,.T.);
#452=FACE_OUTER_BOUND('',#778,.T.);
#453=FACE_OUTER_BOUND('',#779,.T.);
#454=FACE_OUTER_BOUND('',#780,.T.);
#455=FACE_OUTER_BOUND('',#782,.T.);
#456=FACE_OUTER_BOUND('',#784,.T.);
#457=FACE_OUTER_BOUND('',#785,.T.);
#458=FACE_OUTER_BOUND('',#786,.T.);
#459=FACE_OUTER_BOUND('',#787,.T.);
#460=FACE_OUTER_BOUND('',#788,.T.);
#461=FACE_OUTER_BOUND('',#789,.T.);
#462=FACE_OUTER_BOUND('',#790,.T.);
#463=FACE_OUTER_BOUND('',#791,.T.);
#464=FACE_OUTER_BOUND('',#792,.T.);
#465=FACE_OUTER_BOUND('',#793,.T.);
#466=FACE_OUTER_BOUND('',#794,.T.);
#467=FACE_OUTER_BOUND('',#795,.T.);
#468=FACE_OUTER_BOUND('',#797,.T.);
#469=FACE_OUTER_BOUND('',#799,.T.);
#470=FACE_OUTER_BOUND('',#800,.T.);
#471=FACE_OUTER_BOUND('',#801,.T.);
#472=FACE_OUTER_BOUND('',#802,.T.);
#473=FACE_OUTER_BOUND('',#803,.T.);
#474=FACE_OUTER_BOUND('',#804,.T.);
#475=FACE_OUTER_BOUND('',#805,.T.);
#476=FACE_OUTER_BOUND('',#806,.T.);
#477=FACE_OUTER_BOUND('',#807,.T.);
#478=FACE_OUTER_BOUND('',#808,.T.);
#479=FACE_OUTER_BOUND('',#809,.T.);
#480=FACE_OUTER_BOUND('',#810,.T.);
#481=FACE_OUTER_BOUND('',#812,.T.);
#482=FACE_OUTER_BOUND('',#814,.T.);
#483=FACE_OUTER_BOUND('',#815,.T.);
#484=FACE_OUTER_BOUND('',#816,.T.);
#485=FACE_OUTER_BOUND('',#817,.T.);
#486=FACE_OUTER_BOUND('',#818,.T.);
#487=FACE_OUTER_BOUND('',#819,.T.);
#488=FACE_OUTER_BOUND('',#820,.T.);
#489=FACE_OUTER_BOUND('',#821,.T.);
#490=FACE_OUTER_BOUND('',#822,.T.);
#491=FACE_OUTER_BOUND('',#823,.T.);
#492=FACE_OUTER_BOUND('',#824,.T.);
#493=FACE_OUTER_BOUND('',#825,.T.);
#494=FACE_OUTER_BOUND('',#827,.T.);
#495=FACE_OUTER_BOUND('',#829,.T.);
#496=FACE_OUTER_BOUND('',#830,.T.);
#497=FACE_OUTER_BOUND('',#831,.T.);
#498=FACE_OUTER_BOUND('',#832,.T.);
#499=FACE_OUTER_BOUND('',#833,.T.);
#500=FACE_OUTER_BOUND('',#834,.T.);
#501=FACE_OUTER_BOUND('',#835,.T.);
#502=FACE_OUTER_BOUND('',#836,.T.);
#503=FACE_OUTER_BOUND('',#837,.T.);
#504=FACE_OUTER_BOUND('',#838,.T.);
#505=FACE_OUTER_BOUND('',#839,.T.);
#506=FACE_OUTER_BOUND('',#840,.T.);
#507=FACE_OUTER_BOUND('',#842,.T.);
#508=FACE_OUTER_BOUND('',#844,.T.);
#509=FACE_OUTER_BOUND('',#845,.T.);
#510=FACE_OUTER_BOUND('',#846,.T.);
#511=FACE_OUTER_BOUND('',#847,.T.);
#512=FACE_OUTER_BOUND('',#848,.T.);
#513=FACE_OUTER_BOUND('',#849,.T.);
#514=FACE_OUTER_BOUND('',#850,.T.);
#515=FACE_OUTER_BOUND('',#851,.T.);
#516=FACE_OUTER_BOUND('',#852,.T.);
#517=FACE_OUTER_BOUND('',#853,.T.);
#518=FACE_OUTER_BOUND('',#854,.T.);
#519=FACE_OUTER_BOUND('',#855,.T.);
#520=FACE_OUTER_BOUND('',#857,.T.);
#521=FACE_OUTER_BOUND('',#859,.T.);
#522=FACE_OUTER_BOUND('',#860,.T.);
#523=FACE_OUTER_BOUND('',#861,.T.);
#524=FACE_OUTER_BOUND('',#862,.T.);
#525=FACE_OUTER_BOUND('',#863,.T.);
#526=FACE_OUTER_BOUND('',#864,.T.);
#527=FACE_OUTER_BOUND('',#865,.T.);
#528=FACE_OUTER_BOUND('',#866,.T.);
#529=FACE_OUTER_BOUND('',#867,.T.);
#530=FACE_OUTER_BOUND('',#868,.T.);
#531=FACE_OUTER_BOUND('',#869,.T.);
#532=FACE_OUTER_BOUND('',#870,.T.);
#533=FACE_OUTER_BOUND('',#872,.T.);
#534=FACE_OUTER_BOUND('',#874,.T.);
#535=FACE_OUTER_BOUND('',#875,.T.);
#536=FACE_OUTER_BOUND('',#876,.T.);
#537=FACE_OUTER_BOUND('',#877,.T.);
#538=FACE_OUTER_BOUND('',#878,.T.);
#539=FACE_OUTER_BOUND('',#879,.T.);
#540=FACE_OUTER_BOUND('',#880,.T.);
#541=FACE_OUTER_BOUND('',#881,.T.);
#542=FACE_OUTER_BOUND('',#882,.T.);
#543=FACE_OUTER_BOUND('',#883,.T.);
#544=FACE_OUTER_BOUND('',#884,.T.);
#545=FACE_OUTER_BOUND('',#885,.T.);
#546=FACE_OUTER_BOUND('',#887,.T.);
#547=FACE_OUTER_BOUND('',#889,.T.);
#548=FACE_OUTER_BOUND('',#890,.T.);
#549=FACE_OUTER_BOUND('',#891,.T.);
#550=FACE_OUTER_BOUND('',#892,.T.);
#551=FACE_OUTER_BOUND('',#893,.T.);
#552=FACE_OUTER_BOUND('',#894,.T.);
#553=FACE_OUTER_BOUND('',#895,.T.);
#554=FACE_OUTER_BOUND('',#896,.T.);
#555=EDGE_LOOP('',(#2825,#2826,#2827,#2828));
#556=EDGE_LOOP('',(#2829,#2830,#2831,#2832));
#557=EDGE_LOOP('',(#2833,#2834,#2835,#2836,#2837));
#558=EDGE_LOOP('',(#2838,#2839,#2840,#2841));
#559=EDGE_LOOP('',(#2842,#2843,#2844,#2845));
#560=EDGE_LOOP('',(#2846,#2847,#2848,#2849));
#561=EDGE_LOOP('',(#2850,#2851,#2852,#2853));
#562=EDGE_LOOP('',(#2854,#2855,#2856,#2857));
#563=EDGE_LOOP('',(#2858,#2859,#2860,#2861));
#564=EDGE_LOOP('',(#2862,#2863,#2864,#2865,#2866,#2867,#2868,#2869));
#565=EDGE_LOOP('',(#2870));
#566=EDGE_LOOP('',(#2871));
#567=EDGE_LOOP('',(#2872,#2873,#2874,#2875));
#568=EDGE_LOOP('',(#2876,#2877,#2878,#2879));
#569=EDGE_LOOP('',(#2880,#2881,#2882,#2883,#2884,#2885,#2886,#2887,#2888,
#2889,#2890));
#570=EDGE_LOOP('',(#2891,#2892,#2893,#2894));
#571=EDGE_LOOP('',(#2895,#2896,#2897,#2898));
#572=EDGE_LOOP('',(#2899,#2900,#2901,#2902,#2903,#2904,#2905,#2906,#2907,
#2908,#2909,#2910,#2911));
#573=EDGE_LOOP('',(#2912));
#574=EDGE_LOOP('',(#2913));
#575=EDGE_LOOP('',(#2914));
#576=EDGE_LOOP('',(#2915));
#577=EDGE_LOOP('',(#2916,#2917,#2918,#2919,#2920,#2921));
#578=EDGE_LOOP('',(#2922));
#579=EDGE_LOOP('',(#2923));
#580=EDGE_LOOP('',(#2924,#2925));
#581=EDGE_LOOP('',(#2926,#2927,#2928,#2929,#2930,#2931,#2932,#2933,#2934));
#582=EDGE_LOOP('',(#2935,#2936,#2937,#2938,#2939,#2940,#2941,#2942,#2943,
#2944));
#583=EDGE_LOOP('',(#2945,#2946,#2947,#2948,#2949,#2950));
#584=EDGE_LOOP('',(#2951,#2952,#2953,#2954,#2955,#2956));
#585=EDGE_LOOP('',(#2957));
#586=EDGE_LOOP('',(#2958,#2959,#2960,#2961));
#587=EDGE_LOOP('',(#2962));
#588=EDGE_LOOP('',(#2963,#2964,#2965,#2966));
#589=EDGE_LOOP('',(#2967,#2968,#2969,#2970));
#590=EDGE_LOOP('',(#2971,#2972,#2973,#2974));
#591=EDGE_LOOP('',(#2975,#2976,#2977,#2978));
#592=EDGE_LOOP('',(#2979,#2980,#2981,#2982));
#593=EDGE_LOOP('',(#2983,#2984,#2985,#2986));
#594=EDGE_LOOP('',(#2987,#2988,#2989,#2990));
#595=EDGE_LOOP('',(#2991,#2992,#2993,#2994,#2995,#2996));
#596=EDGE_LOOP('',(#2997));
#597=EDGE_LOOP('',(#2998));
#598=EDGE_LOOP('',(#2999,#3000,#3001,#3002));
#599=EDGE_LOOP('',(#3003,#3004,#3005,#3006,#3007,#3008));
#600=EDGE_LOOP('',(#3009,#3010,#3011,#3012));
#601=EDGE_LOOP('',(#3013,#3014,#3015,#3016));
#602=EDGE_LOOP('',(#3017,#3018,#3019,#3020));
#603=EDGE_LOOP('',(#3021,#3022,#3023,#3024));
#604=EDGE_LOOP('',(#3025,#3026,#3027,#3028,#3029,#3030,#3031,#3032));
#605=EDGE_LOOP('',(#3033));
#606=EDGE_LOOP('',(#3034));
#607=EDGE_LOOP('',(#3035,#3036,#3037,#3038));
#608=EDGE_LOOP('',(#3039,#3040,#3041,#3042));
#609=EDGE_LOOP('',(#3043,#3044,#3045,#3046));
#610=EDGE_LOOP('',(#3047,#3048,#3049,#3050));
#611=EDGE_LOOP('',(#3051,#3052,#3053,#3054,#3055,#3056,#3057));
#612=EDGE_LOOP('',(#3058,#3059,#3060,#3061));
#613=EDGE_LOOP('',(#3062,#3063,#3064,#3065,#3066,#3067,#3068));
#614=EDGE_LOOP('',(#3069,#3070,#3071,#3072));
#615=EDGE_LOOP('',(#3073,#3074,#3075,#3076,#3077,#3078));
#616=EDGE_LOOP('',(#3079));
#617=EDGE_LOOP('',(#3080,#3081,#3082,#3083));
#618=EDGE_LOOP('',(#3084));
#619=EDGE_LOOP('',(#3085));
#620=EDGE_LOOP('',(#3086));
#621=EDGE_LOOP('',(#3087,#3088,#3089,#3090));
#622=EDGE_LOOP('',(#3091,#3092,#3093,#3094));
#623=EDGE_LOOP('',(#3095,#3096,#3097,#3098));
#624=EDGE_LOOP('',(#3099,#3100,#3101,#3102,#3103,#3104));
#625=EDGE_LOOP('',(#3105));
#626=EDGE_LOOP('',(#3106));
#627=EDGE_LOOP('',(#3107,#3108,#3109,#3110));
#628=EDGE_LOOP('',(#3111,#3112,#3113,#3114,#3115));
#629=EDGE_LOOP('',(#3116,#3117,#3118,#3119));
#630=EDGE_LOOP('',(#3120,#3121,#3122,#3123));
#631=EDGE_LOOP('',(#3124,#3125,#3126,#3127,#3128));
#632=EDGE_LOOP('',(#3129));
#633=EDGE_LOOP('',(#3130));
#634=EDGE_LOOP('',(#3131));
#635=EDGE_LOOP('',(#3132));
#636=EDGE_LOOP('',(#3133));
#637=EDGE_LOOP('',(#3134));
#638=EDGE_LOOP('',(#3135,#3136,#3137,#3138));
#639=EDGE_LOOP('',(#3139,#3140,#3141,#3142));
#640=EDGE_LOOP('',(#3143,#3144,#3145,#3146));
#641=EDGE_LOOP('',(#3147,#3148,#3149,#3150));
#642=EDGE_LOOP('',(#3151,#3152,#3153,#3154));
#643=EDGE_LOOP('',(#3155,#3156,#3157,#3158));
#644=EDGE_LOOP('',(#3159,#3160,#3161,#3162));
#645=EDGE_LOOP('',(#3163,#3164,#3165,#3166));
#646=EDGE_LOOP('',(#3167));
#647=EDGE_LOOP('',(#3168));
#648=EDGE_LOOP('',(#3169));
#649=EDGE_LOOP('',(#3170));
#650=EDGE_LOOP('',(#3171));
#651=EDGE_LOOP('',(#3172));
#652=EDGE_LOOP('',(#3173,#3174,#3175,#3176));
#653=EDGE_LOOP('',(#3177,#3178,#3179,#3180));
#654=EDGE_LOOP('',(#3181,#3182,#3183,#3184));
#655=EDGE_LOOP('',(#3185));
#656=EDGE_LOOP('',(#3186));
#657=EDGE_LOOP('',(#3187));
#658=EDGE_LOOP('',(#3188));
#659=EDGE_LOOP('',(#3189));
#660=EDGE_LOOP('',(#3190));
#661=EDGE_LOOP('',(#3191,#3192,#3193,#3194));
#662=EDGE_LOOP('',(#3195,#3196,#3197,#3198));
#663=EDGE_LOOP('',(#3199));
#664=EDGE_LOOP('',(#3200));
#665=EDGE_LOOP('',(#3201));
#666=EDGE_LOOP('',(#3202));
#667=EDGE_LOOP('',(#3203,#3204,#3205,#3206));
#668=EDGE_LOOP('',(#3207,#3208,#3209,#3210));
#669=EDGE_LOOP('',(#3211,#3212,#3213,#3214));
#670=EDGE_LOOP('',(#3215,#3216,#3217,#3218));
#671=EDGE_LOOP('',(#3219,#3220,#3221,#3222,#3223,#3224,#3225));
#672=EDGE_LOOP('',(#3226,#3227,#3228,#3229));
#673=EDGE_LOOP('',(#3230,#3231,#3232,#3233,#3234,#3235,#3236));
#674=EDGE_LOOP('',(#3237,#3238,#3239,#3240));
#675=EDGE_LOOP('',(#3241,#3242,#3243,#3244,#3245,#3246));
#676=EDGE_LOOP('',(#3247));
#677=EDGE_LOOP('',(#3248,#3249,#3250,#3251));
#678=EDGE_LOOP('',(#3252));
#679=EDGE_LOOP('',(#3253));
#680=EDGE_LOOP('',(#3254));
#681=EDGE_LOOP('',(#3255,#3256,#3257,#3258));
#682=EDGE_LOOP('',(#3259,#3260,#3261,#3262));
#683=EDGE_LOOP('',(#3263,#3264,#3265,#3266));
#684=EDGE_LOOP('',(#3267,#3268,#3269,#3270,#3271,#3272));
#685=EDGE_LOOP('',(#3273));
#686=EDGE_LOOP('',(#3274));
#687=EDGE_LOOP('',(#3275,#3276,#3277,#3278));
#688=EDGE_LOOP('',(#3279,#3280,#3281,#3282));
#689=EDGE_LOOP('',(#3283,#3284,#3285,#3286));
#690=EDGE_LOOP('',(#3287,#3288,#3289,#3290,#3291));
#691=EDGE_LOOP('',(#3292,#3293,#3294,#3295));
#692=EDGE_LOOP('',(#3296,#3297,#3298,#3299));
#693=EDGE_LOOP('',(#3300,#3301,#3302,#3303));
#694=EDGE_LOOP('',(#3304,#3305,#3306,#3307));
#695=EDGE_LOOP('',(#3308,#3309,#3310,#3311));
#696=EDGE_LOOP('',(#3312,#3313,#3314,#3315));
#697=EDGE_LOOP('',(#3316,#3317,#3318,#3319,#3320,#3321,#3322,#3323));
#698=EDGE_LOOP('',(#3324));
#699=EDGE_LOOP('',(#3325));
#700=EDGE_LOOP('',(#3326,#3327,#3328,#3329));
#701=EDGE_LOOP('',(#3330,#3331,#3332,#3333));
#702=EDGE_LOOP('',(#3334,#3335,#3336,#3337,#3338,#3339,#3340,#3341,#3342,
#3343,#3344));
#703=EDGE_LOOP('',(#3345,#3346,#3347,#3348));
#704=EDGE_LOOP('',(#3349,#3350,#3351,#3352));
#705=EDGE_LOOP('',(#3353,#3354,#3355,#3356,#3357,#3358,#3359,#3360,#3361,
#3362,#3363,#3364,#3365));
#706=EDGE_LOOP('',(#3366));
#707=EDGE_LOOP('',(#3367));
#708=EDGE_LOOP('',(#3368));
#709=EDGE_LOOP('',(#3369));
#710=EDGE_LOOP('',(#3370,#3371,#3372,#3373,#3374,#3375));
#711=EDGE_LOOP('',(#3376));
#712=EDGE_LOOP('',(#3377));
#713=EDGE_LOOP('',(#3378,#3379));
#714=EDGE_LOOP('',(#3380,#3381,#3382,#3383,#3384,#3385,#3386,#3387,#3388));
#715=EDGE_LOOP('',(#3389,#3390,#3391,#3392,#3393,#3394,#3395,#3396,#3397,
#3398));
#716=EDGE_LOOP('',(#3399,#3400,#3401,#3402,#3403,#3404));
#717=EDGE_LOOP('',(#3405,#3406,#3407,#3408,#3409,#3410));
#718=EDGE_LOOP('',(#3411));
#719=EDGE_LOOP('',(#3412,#3413,#3414,#3415));
#720=EDGE_LOOP('',(#3416));
#721=EDGE_LOOP('',(#3417,#3418,#3419,#3420));
#722=EDGE_LOOP('',(#3421,#3422,#3423,#3424));
#723=EDGE_LOOP('',(#3425,#3426,#3427,#3428));
#724=EDGE_LOOP('',(#3429,#3430,#3431,#3432));
#725=EDGE_LOOP('',(#3433,#3434,#3435,#3436));
#726=EDGE_LOOP('',(#3437,#3438,#3439,#3440));
#727=EDGE_LOOP('',(#3441,#3442,#3443,#3444));
#728=EDGE_LOOP('',(#3445,#3446,#3447,#3448,#3449,#3450));
#729=EDGE_LOOP('',(#3451));
#730=EDGE_LOOP('',(#3452));
#731=EDGE_LOOP('',(#3453,#3454,#3455,#3456));
#732=EDGE_LOOP('',(#3457,#3458,#3459,#3460,#3461,#3462));
#733=EDGE_LOOP('',(#3463,#3464,#3465,#3466));
#734=EDGE_LOOP('',(#3467,#3468,#3469,#3470));
#735=EDGE_LOOP('',(#3471,#3472,#3473,#3474));
#736=EDGE_LOOP('',(#3475,#3476,#3477,#3478));
#737=EDGE_LOOP('',(#3479,#3480,#3481,#3482,#3483,#3484,#3485,#3486));
#738=EDGE_LOOP('',(#3487));
#739=EDGE_LOOP('',(#3488));
#740=EDGE_LOOP('',(#3489,#3490,#3491,#3492));
#741=EDGE_LOOP('',(#3493,#3494,#3495,#3496));
#742=EDGE_LOOP('',(#3497,#3498,#3499,#3500));
#743=EDGE_LOOP('',(#3501,#3502,#3503,#3504));
#744=EDGE_LOOP('',(#3505,#3506,#3507,#3508));
#745=EDGE_LOOP('',(#3509,#3510,#3511,#3512));
#746=EDGE_LOOP('',(#3513,#3514,#3515,#3516));
#747=EDGE_LOOP('',(#3517,#3518,#3519,#3520));
#748=EDGE_LOOP('',(#3521));
#749=EDGE_LOOP('',(#3522));
#750=EDGE_LOOP('',(#3523));
#751=EDGE_LOOP('',(#3524));
#752=EDGE_LOOP('',(#3525));
#753=EDGE_LOOP('',(#3526));
#754=EDGE_LOOP('',(#3527,#3528,#3529,#3530));
#755=EDGE_LOOP('',(#3531,#3532,#3533,#3534));
#756=EDGE_LOOP('',(#3535,#3536,#3537,#3538));
#757=EDGE_LOOP('',(#3539));
#758=EDGE_LOOP('',(#3540));
#759=EDGE_LOOP('',(#3541));
#760=EDGE_LOOP('',(#3542));
#761=EDGE_LOOP('',(#3543));
#762=EDGE_LOOP('',(#3544));
#763=EDGE_LOOP('',(#3545,#3546,#3547,#3548));
#764=EDGE_LOOP('',(#3549,#3550,#3551,#3552));
#765=EDGE_LOOP('',(#3553,#3554,#3555,#3556));
#766=EDGE_LOOP('',(#3557));
#767=EDGE_LOOP('',(#3558));
#768=EDGE_LOOP('',(#3559));
#769=EDGE_LOOP('',(#3560));
#770=EDGE_LOOP('',(#3561,#3562,#3563,#3564));
#771=EDGE_LOOP('',(#3565,#3566,#3567,#3568));
#772=EDGE_LOOP('',(#3569,#3570,#3571,#3572));
#773=EDGE_LOOP('',(#3573));
#774=EDGE_LOOP('',(#3574));
#775=EDGE_LOOP('',(#3575));
#776=EDGE_LOOP('',(#3576));
#777=EDGE_LOOP('',(#3577,#3578,#3579,#3580));
#778=EDGE_LOOP('',(#3581,#3582,#3583,#3584));
#779=EDGE_LOOP('',(#3585,#3586,#3587,#3588));
#780=EDGE_LOOP('',(#3589));
#781=EDGE_LOOP('',(#3590));
#782=EDGE_LOOP('',(#3591));
#783=EDGE_LOOP('',(#3592,#3593,#3594,#3595,#3596,#3597));
#784=EDGE_LOOP('',(#3598));
#785=EDGE_LOOP('',(#3599,#3600,#3601,#3602));
#786=EDGE_LOOP('',(#3603,#3604,#3605,#3606));
#787=EDGE_LOOP('',(#3607,#3608,#3609,#3610));
#788=EDGE_LOOP('',(#3611,#3612,#3613,#3614));
#789=EDGE_LOOP('',(#3615,#3616,#3617,#3618));
#790=EDGE_LOOP('',(#3619,#3620,#3621,#3622));
#791=EDGE_LOOP('',(#3623,#3624,#3625,#3626,#3627,#3628));
#792=EDGE_LOOP('',(#3629,#3630,#3631,#3632));
#793=EDGE_LOOP('',(#3633,#3634,#3635,#3636));
#794=EDGE_LOOP('',(#3637,#3638,#3639,#3640));
#795=EDGE_LOOP('',(#3641));
#796=EDGE_LOOP('',(#3642));
#797=EDGE_LOOP('',(#3643));
#798=EDGE_LOOP('',(#3644,#3645,#3646,#3647,#3648,#3649));
#799=EDGE_LOOP('',(#3650));
#800=EDGE_LOOP('',(#3651,#3652,#3653,#3654));
#801=EDGE_LOOP('',(#3655,#3656,#3657,#3658));
#802=EDGE_LOOP('',(#3659,#3660,#3661,#3662));
#803=EDGE_LOOP('',(#3663,#3664,#3665,#3666));
#804=EDGE_LOOP('',(#3667,#3668,#3669,#3670));
#805=EDGE_LOOP('',(#3671,#3672,#3673,#3674));
#806=EDGE_LOOP('',(#3675,#3676,#3677,#3678,#3679,#3680));
#807=EDGE_LOOP('',(#3681,#3682,#3683,#3684));
#808=EDGE_LOOP('',(#3685,#3686,#3687,#3688));
#809=EDGE_LOOP('',(#3689,#3690,#3691,#3692));
#810=EDGE_LOOP('',(#3693));
#811=EDGE_LOOP('',(#3694));
#812=EDGE_LOOP('',(#3695));
#813=EDGE_LOOP('',(#3696,#3697,#3698,#3699,#3700,#3701));
#814=EDGE_LOOP('',(#3702));
#815=EDGE_LOOP('',(#3703,#3704,#3705,#3706));
#816=EDGE_LOOP('',(#3707,#3708,#3709,#3710));
#817=EDGE_LOOP('',(#3711,#3712,#3713,#3714));
#818=EDGE_LOOP('',(#3715,#3716,#3717,#3718));
#819=EDGE_LOOP('',(#3719,#3720,#3721,#3722));
#820=EDGE_LOOP('',(#3723,#3724,#3725,#3726));
#821=EDGE_LOOP('',(#3727,#3728,#3729,#3730,#3731,#3732));
#822=EDGE_LOOP('',(#3733,#3734,#3735,#3736));
#823=EDGE_LOOP('',(#3737,#3738,#3739,#3740));
#824=EDGE_LOOP('',(#3741,#3742,#3743,#3744));
#825=EDGE_LOOP('',(#3745));
#826=EDGE_LOOP('',(#3746));
#827=EDGE_LOOP('',(#3747));
#828=EDGE_LOOP('',(#3748,#3749,#3750,#3751,#3752,#3753));
#829=EDGE_LOOP('',(#3754));
#830=EDGE_LOOP('',(#3755,#3756,#3757,#3758));
#831=EDGE_LOOP('',(#3759,#3760,#3761,#3762));
#832=EDGE_LOOP('',(#3763,#3764,#3765,#3766));
#833=EDGE_LOOP('',(#3767,#3768,#3769,#3770));
#834=EDGE_LOOP('',(#3771,#3772,#3773,#3774));
#835=EDGE_LOOP('',(#3775,#3776,#3777,#3778));
#836=EDGE_LOOP('',(#3779,#3780,#3781,#3782,#3783,#3784));
#837=EDGE_LOOP('',(#3785,#3786,#3787,#3788));
#838=EDGE_LOOP('',(#3789,#3790,#3791,#3792));
#839=EDGE_LOOP('',(#3793,#3794,#3795,#3796));
#840=EDGE_LOOP('',(#3797));
#841=EDGE_LOOP('',(#3798));
#842=EDGE_LOOP('',(#3799));
#843=EDGE_LOOP('',(#3800,#3801,#3802,#3803,#3804,#3805));
#844=EDGE_LOOP('',(#3806));
#845=EDGE_LOOP('',(#3807,#3808,#3809,#3810));
#846=EDGE_LOOP('',(#3811,#3812,#3813,#3814));
#847=EDGE_LOOP('',(#3815,#3816,#3817,#3818));
#848=EDGE_LOOP('',(#3819,#3820,#3821,#3822));
#849=EDGE_LOOP('',(#3823,#3824,#3825,#3826));
#850=EDGE_LOOP('',(#3827,#3828,#3829,#3830));
#851=EDGE_LOOP('',(#3831,#3832,#3833,#3834,#3835,#3836));
#852=EDGE_LOOP('',(#3837,#3838,#3839,#3840));
#853=EDGE_LOOP('',(#3841,#3842,#3843,#3844));
#854=EDGE_LOOP('',(#3845,#3846,#3847,#3848));
#855=EDGE_LOOP('',(#3849));
#856=EDGE_LOOP('',(#3850));
#857=EDGE_LOOP('',(#3851));
#858=EDGE_LOOP('',(#3852,#3853,#3854,#3855,#3856,#3857));
#859=EDGE_LOOP('',(#3858));
#860=EDGE_LOOP('',(#3859,#3860,#3861,#3862));
#861=EDGE_LOOP('',(#3863,#3864,#3865,#3866));
#862=EDGE_LOOP('',(#3867,#3868,#3869,#3870));
#863=EDGE_LOOP('',(#3871,#3872,#3873,#3874));
#864=EDGE_LOOP('',(#3875,#3876,#3877,#3878));
#865=EDGE_LOOP('',(#3879,#3880,#3881,#3882));
#866=EDGE_LOOP('',(#3883,#3884,#3885,#3886,#3887,#3888));
#867=EDGE_LOOP('',(#3889,#3890,#3891,#3892));
#868=EDGE_LOOP('',(#3893,#3894,#3895,#3896));
#869=EDGE_LOOP('',(#3897,#3898,#3899,#3900));
#870=EDGE_LOOP('',(#3901));
#871=EDGE_LOOP('',(#3902));
#872=EDGE_LOOP('',(#3903));
#873=EDGE_LOOP('',(#3904,#3905,#3906,#3907,#3908,#3909));
#874=EDGE_LOOP('',(#3910));
#875=EDGE_LOOP('',(#3911,#3912,#3913,#3914));
#876=EDGE_LOOP('',(#3915,#3916,#3917,#3918));
#877=EDGE_LOOP('',(#3919,#3920,#3921,#3922));
#878=EDGE_LOOP('',(#3923,#3924,#3925,#3926));
#879=EDGE_LOOP('',(#3927,#3928,#3929,#3930));
#880=EDGE_LOOP('',(#3931,#3932,#3933,#3934));
#881=EDGE_LOOP('',(#3935,#3936,#3937,#3938,#3939,#3940));
#882=EDGE_LOOP('',(#3941,#3942,#3943,#3944));
#883=EDGE_LOOP('',(#3945,#3946,#3947,#3948));
#884=EDGE_LOOP('',(#3949,#3950,#3951,#3952));
#885=EDGE_LOOP('',(#3953));
#886=EDGE_LOOP('',(#3954));
#887=EDGE_LOOP('',(#3955));
#888=EDGE_LOOP('',(#3956,#3957,#3958,#3959,#3960,#3961));
#889=EDGE_LOOP('',(#3962));
#890=EDGE_LOOP('',(#3963,#3964,#3965,#3966));
#891=EDGE_LOOP('',(#3967,#3968,#3969,#3970));
#892=EDGE_LOOP('',(#3971,#3972,#3973,#3974));
#893=EDGE_LOOP('',(#3975,#3976,#3977,#3978));
#894=EDGE_LOOP('',(#3979,#3980,#3981,#3982));
#895=EDGE_LOOP('',(#3983,#3984,#3985,#3986));
#896=EDGE_LOOP('',(#3987,#3988,#3989,#3990,#3991,#3992));
#897=LINE('',#6476,#1277);
#898=LINE('',#6482,#1278);
#899=LINE('',#6489,#1279);
#900=LINE('',#6494,#1280);
#901=LINE('',#6499,#1281);
#902=LINE('',#6505,#1282);
#903=LINE('',#6511,#1283);
#904=LINE('',#6516,#1284);
#905=LINE('',#6521,#1285);
#906=LINE('',#6527,#1286);
#907=LINE('',#6534,#1287);
#908=LINE('',#6538,#1288);
#909=LINE('',#6542,#1289);
#910=LINE('',#6544,#1290);
#911=LINE('',#6545,#1291);
#912=LINE('',#6549,#1292);
#913=LINE('',#6551,#1293);
#914=LINE('',#6553,#1294);
#915=LINE('',#6554,#1295);
#916=LINE('',#6558,#1296);
#917=LINE('',#6560,#1297);
#918=LINE('',#6562,#1298);
#919=LINE('',#6563,#1299);
#920=LINE('',#6566,#1300);
#921=LINE('',#6570,#1301);
#922=LINE('',#6572,#1302);
#923=LINE('',#6573,#1303);
#924=LINE('',#6575,#1304);
#925=LINE('',#6577,#1305);
#926=LINE('',#6579,#1306);
#927=LINE('',#6580,#1307);
#928=LINE('',#6588,#1308);
#929=LINE('',#6590,#1309);
#930=LINE('',#6592,#1310);
#931=LINE('',#6596,#1311);
#932=LINE('',#6599,#1312);
#933=LINE('',#6602,#1313);
#934=LINE('',#6604,#1314);
#935=LINE('',#6608,#1315);
#936=LINE('',#6614,#1316);
#937=LINE('',#6616,#1317);
#938=LINE('',#6618,#1318);
#939=LINE('',#6619,#1319);
#940=LINE('',#6620,#1320);
#941=LINE('',#6621,#1321);
#942=LINE('',#6624,#1322);
#943=LINE('',#6626,#1323);
#944=LINE('',#6628,#1324);
#945=LINE('',#6630,#1325);
#946=LINE('',#6631,#1326);
#947=LINE('',#6633,#1327);
#948=LINE('',#6634,#1328);
#949=LINE('',#6638,#1329);
#950=LINE('',#6648,#1330);
#951=LINE('',#6652,#1331);
#952=LINE('',#6654,#1332);
#953=LINE('',#6657,#1333);
#954=LINE('',#6659,#1334);
#955=LINE('',#6666,#1335);
#956=LINE('',#6669,#1336);
#957=LINE('',#6672,#1337);
#958=LINE('',#6673,#1338);
#959=LINE('',#6675,#1339);
#960=LINE('',#6680,#1340);
#961=LINE('',#6681,#1341);
#962=LINE('',#6689,#1342);
#963=LINE('',#6695,#1343);
#964=LINE('',#6701,#1344);
#965=LINE('',#6706,#1345);
#966=LINE('',#6710,#1346);
#967=LINE('',#6712,#1347);
#968=LINE('',#6714,#1348);
#969=LINE('',#6716,#1349);
#970=LINE('',#6718,#1350);
#971=LINE('',#6720,#1351);
#972=LINE('',#6721,#1352);
#973=LINE('',#6726,#1353);
#974=LINE('',#6731,#1354);
#975=LINE('',#6733,#1355);
#976=LINE('',#6735,#1356);
#977=LINE('',#6737,#1357);
#978=LINE('',#6738,#1358);
#979=LINE('',#6739,#1359);
#980=LINE('',#6741,#1360);
#981=LINE('',#6742,#1361);
#982=LINE('',#6747,#1362);
#983=LINE('',#6752,#1363);
#984=LINE('',#6756,#1364);
#985=LINE('',#6757,#1365);
#986=LINE('',#6761,#1366);
#987=LINE('',#6769,#1367);
#988=LINE('',#6775,#1368);
#989=LINE('',#6781,#1369);
#990=LINE('',#6785,#1370);
#991=LINE('',#6794,#1371);
#992=LINE('',#6800,#1372);
#993=LINE('',#6804,#1373);
#994=LINE('',#6809,#1374);
#995=LINE('',#6812,#1375);
#996=LINE('',#6822,#1376);
#997=LINE('',#6826,#1377);
#998=LINE('',#6835,#1378);
#999=LINE('',#6841,#1379);
#1000=LINE('',#6847,#1380);
#1001=LINE('',#6855,#1381);
#1002=LINE('',#6861,#1382);
#1003=LINE('',#6869,#1383);
#1004=LINE('',#6875,#1384);
#1005=LINE('',#6881,#1385);
#1006=LINE('',#6886,#1386);
#1007=LINE('',#6890,#1387);
#1008=LINE('',#6892,#1388);
#1009=LINE('',#6894,#1389);
#1010=LINE('',#6896,#1390);
#1011=LINE('',#6898,#1391);
#1012=LINE('',#6900,#1392);
#1013=LINE('',#6901,#1393);
#1014=LINE('',#6906,#1394);
#1015=LINE('',#6911,#1395);
#1016=LINE('',#6913,#1396);
#1017=LINE('',#6915,#1397);
#1018=LINE('',#6917,#1398);
#1019=LINE('',#6918,#1399);
#1020=LINE('',#6919,#1400);
#1021=LINE('',#6921,#1401);
#1022=LINE('',#6922,#1402);
#1023=LINE('',#6927,#1403);
#1024=LINE('',#6932,#1404);
#1025=LINE('',#6936,#1405);
#1026=LINE('',#6937,#1406);
#1027=LINE('',#6941,#1407);
#1028=LINE('',#6947,#1408);
#1029=LINE('',#6953,#1409);
#1030=LINE('',#6960,#1410);
#1031=LINE('',#6965,#1411);
#1032=LINE('',#6970,#1412);
#1033=LINE('',#6976,#1413);
#1034=LINE('',#6982,#1414);
#1035=LINE('',#6987,#1415);
#1036=LINE('',#6992,#1416);
#1037=LINE('',#6998,#1417);
#1038=LINE('',#7005,#1418);
#1039=LINE('',#7007,#1419);
#1040=LINE('',#7009,#1420);
#1041=LINE('',#7013,#1421);
#1042=LINE('',#7016,#1422);
#1043=LINE('',#7020,#1423);
#1044=LINE('',#7022,#1424);
#1045=LINE('',#7024,#1425);
#1046=LINE('',#7025,#1426);
#1047=LINE('',#7029,#1427);
#1048=LINE('',#7031,#1428);
#1049=LINE('',#7033,#1429);
#1050=LINE('',#7034,#1430);
#1051=LINE('',#7037,#1431);
#1052=LINE('',#7039,#1432);
#1053=LINE('',#7041,#1433);
#1054=LINE('',#7042,#1434);
#1055=LINE('',#7044,#1435);
#1056=LINE('',#7046,#1436);
#1057=LINE('',#7048,#1437);
#1058=LINE('',#7051,#1438);
#1059=LINE('',#7060,#1439);
#1060=LINE('',#7064,#1440);
#1061=LINE('',#7068,#1441);
#1062=LINE('',#7069,#1442);
#1063=LINE('',#7070,#1443);
#1064=LINE('',#7075,#1444);
#1065=LINE('',#7079,#1445);
#1066=LINE('',#7080,#1446);
#1067=LINE('',#7085,#1447);
#1068=LINE('',#7086,#1448);
#1069=LINE('',#7087,#1449);
#1070=LINE('',#7089,#1450);
#1071=LINE('',#7091,#1451);
#1072=LINE('',#7092,#1452);
#1073=LINE('',#7095,#1453);
#1074=LINE('',#7096,#1454);
#1075=LINE('',#7098,#1455);
#1076=LINE('',#7100,#1456);
#1077=LINE('',#7102,#1457);
#1078=LINE('',#7104,#1458);
#1079=LINE('',#7105,#1459);
#1080=LINE('',#7109,#1460);
#1081=LINE('',#7117,#1461);
#1082=LINE('',#7123,#1462);
#1083=LINE('',#7125,#1463);
#1084=LINE('',#7128,#1464);
#1085=LINE('',#7130,#1465);
#1086=LINE('',#7137,#1466);
#1087=LINE('',#7140,#1467);
#1088=LINE('',#7143,#1468);
#1089=LINE('',#7144,#1469);
#1090=LINE('',#7146,#1470);
#1091=LINE('',#7151,#1471);
#1092=LINE('',#7152,#1472);
#1093=LINE('',#7160,#1473);
#1094=LINE('',#7166,#1474);
#1095=LINE('',#7170,#1475);
#1096=LINE('',#7175,#1476);
#1097=LINE('',#7178,#1477);
#1098=LINE('',#7188,#1478);
#1099=LINE('',#7192,#1479);
#1100=LINE('',#7201,#1480);
#1101=LINE('',#7207,#1481);
#1102=LINE('',#7213,#1482);
#1103=LINE('',#7221,#1483);
#1104=LINE('',#7227,#1484);
#1105=LINE('',#7231,#1485);
#1106=LINE('',#7240,#1486);
#1107=LINE('',#7246,#1487);
#1108=LINE('',#7250,#1488);
#1109=LINE('',#7259,#1489);
#1110=LINE('',#7263,#1490);
#1111=LINE('',#7269,#1491);
#1112=LINE('',#7275,#1492);
#1113=LINE('',#7277,#1493);
#1114=LINE('',#7279,#1494);
#1115=LINE('',#7281,#1495);
#1116=LINE('',#7283,#1496);
#1117=LINE('',#7284,#1497);
#1118=LINE('',#7288,#1498);
#1119=LINE('',#7290,#1499);
#1120=LINE('',#7291,#1500);
#1121=LINE('',#7294,#1501);
#1122=LINE('',#7295,#1502);
#1123=LINE('',#7298,#1503);
#1124=LINE('',#7299,#1504);
#1125=LINE('',#7302,#1505);
#1126=LINE('',#7303,#1506);
#1127=LINE('',#7306,#1507);
#1128=LINE('',#7307,#1508);
#1129=LINE('',#7309,#1509);
#1130=LINE('',#7315,#1510);
#1131=LINE('',#7319,#1511);
#1132=LINE('',#7325,#1512);
#1133=LINE('',#7331,#1513);
#1134=LINE('',#7333,#1514);
#1135=LINE('',#7335,#1515);
#1136=LINE('',#7337,#1516);
#1137=LINE('',#7339,#1517);
#1138=LINE('',#7340,#1518);
#1139=LINE('',#7344,#1519);
#1140=LINE('',#7346,#1520);
#1141=LINE('',#7347,#1521);
#1142=LINE('',#7350,#1522);
#1143=LINE('',#7351,#1523);
#1144=LINE('',#7354,#1524);
#1145=LINE('',#7355,#1525);
#1146=LINE('',#7358,#1526);
#1147=LINE('',#7359,#1527);
#1148=LINE('',#7362,#1528);
#1149=LINE('',#7363,#1529);
#1150=LINE('',#7365,#1530);
#1151=LINE('',#7371,#1531);
#1152=LINE('',#7375,#1532);
#1153=LINE('',#7381,#1533);
#1154=LINE('',#7387,#1534);
#1155=LINE('',#7389,#1535);
#1156=LINE('',#7391,#1536);
#1157=LINE('',#7393,#1537);
#1158=LINE('',#7395,#1538);
#1159=LINE('',#7396,#1539);
#1160=LINE('',#7400,#1540);
#1161=LINE('',#7402,#1541);
#1162=LINE('',#7403,#1542);
#1163=LINE('',#7406,#1543);
#1164=LINE('',#7407,#1544);
#1165=LINE('',#7410,#1545);
#1166=LINE('',#7411,#1546);
#1167=LINE('',#7414,#1547);
#1168=LINE('',#7415,#1548);
#1169=LINE('',#7418,#1549);
#1170=LINE('',#7419,#1550);
#1171=LINE('',#7421,#1551);
#1172=LINE('',#7427,#1552);
#1173=LINE('',#7431,#1553);
#1174=LINE('',#7437,#1554);
#1175=LINE('',#7443,#1555);
#1176=LINE('',#7445,#1556);
#1177=LINE('',#7447,#1557);
#1178=LINE('',#7449,#1558);
#1179=LINE('',#7451,#1559);
#1180=LINE('',#7452,#1560);
#1181=LINE('',#7456,#1561);
#1182=LINE('',#7458,#1562);
#1183=LINE('',#7459,#1563);
#1184=LINE('',#7462,#1564);
#1185=LINE('',#7463,#1565);
#1186=LINE('',#7466,#1566);
#1187=LINE('',#7467,#1567);
#1188=LINE('',#7470,#1568);
#1189=LINE('',#7471,#1569);
#1190=LINE('',#7474,#1570);
#1191=LINE('',#7475,#1571);
#1192=LINE('',#7477,#1572);
#1193=LINE('',#7483,#1573);
#1194=LINE('',#7487,#1574);
#1195=LINE('',#7493,#1575);
#1196=LINE('',#7499,#1576);
#1197=LINE('',#7501,#1577);
#1198=LINE('',#7503,#1578);
#1199=LINE('',#7505,#1579);
#1200=LINE('',#7507,#1580);
#1201=LINE('',#7508,#1581);
#1202=LINE('',#7512,#1582);
#1203=LINE('',#7514,#1583);
#1204=LINE('',#7515,#1584);
#1205=LINE('',#7518,#1585);
#1206=LINE('',#7519,#1586);
#1207=LINE('',#7522,#1587);
#1208=LINE('',#7523,#1588);
#1209=LINE('',#7526,#1589);
#1210=LINE('',#7527,#1590);
#1211=LINE('',#7530,#1591);
#1212=LINE('',#7531,#1592);
#1213=LINE('',#7533,#1593);
#1214=LINE('',#7539,#1594);
#1215=LINE('',#7543,#1595);
#1216=LINE('',#7549,#1596);
#1217=LINE('',#7555,#1597);
#1218=LINE('',#7557,#1598);
#1219=LINE('',#7559,#1599);
#1220=LINE('',#7561,#1600);
#1221=LINE('',#7563,#1601);
#1222=LINE('',#7564,#1602);
#1223=LINE('',#7568,#1603);
#1224=LINE('',#7570,#1604);
#1225=LINE('',#7571,#1605);
#1226=LINE('',#7574,#1606);
#1227=LINE('',#7575,#1607);
#1228=LINE('',#7578,#1608);
#1229=LINE('',#7579,#1609);
#1230=LINE('',#7582,#1610);
#1231=LINE('',#7583,#1611);
#1232=LINE('',#7586,#1612);
#1233=LINE('',#7587,#1613);
#1234=LINE('',#7589,#1614);
#1235=LINE('',#7595,#1615);
#1236=LINE('',#7599,#1616);
#1237=LINE('',#7605,#1617);
#1238=LINE('',#7611,#1618);
#1239=LINE('',#7613,#1619);
#1240=LINE('',#7615,#1620);
#1241=LINE('',#7617,#1621);
#1242=LINE('',#7619,#1622);
#1243=LINE('',#7620,#1623);
#1244=LINE('',#7624,#1624);
#1245=LINE('',#7626,#1625);
#1246=LINE('',#7627,#1626);
#1247=LINE('',#7630,#1627);
#1248=LINE('',#7631,#1628);
#1249=LINE('',#7634,#1629);
#1250=LINE('',#7635,#1630);
#1251=LINE('',#7638,#1631);
#1252=LINE('',#7639,#1632);
#1253=LINE('',#7642,#1633);
#1254=LINE('',#7643,#1634);
#1255=LINE('',#7645,#1635);
#1256=LINE('',#7651,#1636);
#1257=LINE('',#7655,#1637);
#1258=LINE('',#7661,#1638);
#1259=LINE('',#7667,#1639);
#1260=LINE('',#7669,#1640);
#1261=LINE('',#7671,#1641);
#1262=LINE('',#7673,#1642);
#1263=LINE('',#7675,#1643);
#1264=LINE('',#7676,#1644);
#1265=LINE('',#7680,#1645);
#1266=LINE('',#7682,#1646);
#1267=LINE('',#7683,#1647);
#1268=LINE('',#7686,#1648);
#1269=LINE('',#7687,#1649);
#1270=LINE('',#7690,#1650);
#1271=LINE('',#7691,#1651);
#1272=LINE('',#7694,#1652);
#1273=LINE('',#7695,#1653);
#1274=LINE('',#7698,#1654);
#1275=LINE('',#7699,#1655);
#1276=LINE('',#7701,#1656);
#1277=VECTOR('',#5153,1.65);
#1278=VECTOR('',#5160,1.65);
#1279=VECTOR('',#5167,1000.);
#1280=VECTOR('',#5172,1000.);
#1281=VECTOR('',#5177,2.25);
#1282=VECTOR('',#5184,2.25);
#1283=VECTOR('',#5191,3.);
#1284=VECTOR('',#5198,4.);
#1285=VECTOR('',#5203,2.25);
#1286=VECTOR('',#5210,2.25);
#1287=VECTOR('',#5217,1000.);
#1288=VECTOR('',#5220,1000.);
#1289=VECTOR('',#5223,1000.);
#1290=VECTOR('',#5224,1000.);
#1291=VECTOR('',#5225,1000.);
#1292=VECTOR('',#5228,1000.);
#1293=VECTOR('',#5229,1000.);
#1294=VECTOR('',#5230,1000.);
#1295=VECTOR('',#5231,1000.);
#1296=VECTOR('',#5234,1000.);
#1297=VECTOR('',#5235,1000.);
#1298=VECTOR('',#5236,1000.);
#1299=VECTOR('',#5237,1000.);
#1300=VECTOR('',#5240,1000.);
#1301=VECTOR('',#5243,1000.);
#1302=VECTOR('',#5244,1000.);
#1303=VECTOR('',#5245,1000.);
#1304=VECTOR('',#5246,1000.);
#1305=VECTOR('',#5247,1000.);
#1306=VECTOR('',#5248,1000.);
#1307=VECTOR('',#5249,1000.);
#1308=VECTOR('',#5264,1000.);
#1309=VECTOR('',#5265,1000.);
#1310=VECTOR('',#5266,1000.);
#1311=VECTOR('',#5269,1000.);
#1312=VECTOR('',#5272,1000.);
#1313=VECTOR('',#5275,1000.);
#1314=VECTOR('',#5276,1000.);
#1315=VECTOR('',#5279,1000.);
#1316=VECTOR('',#5286,1000.);
#1317=VECTOR('',#5287,1000.);
#1318=VECTOR('',#5288,1000.);
#1319=VECTOR('',#5289,1000.);
#1320=VECTOR('',#5290,1000.);
#1321=VECTOR('',#5291,1000.);
#1322=VECTOR('',#5294,1000.);
#1323=VECTOR('',#5295,1000.);
#1324=VECTOR('',#5296,1000.);
#1325=VECTOR('',#5297,1000.);
#1326=VECTOR('',#5298,1000.);
#1327=VECTOR('',#5299,1000.);
#1328=VECTOR('',#5300,1000.);
#1329=VECTOR('',#5303,1000.);
#1330=VECTOR('',#5318,1000.);
#1331=VECTOR('',#5325,1000.);
#1332=VECTOR('',#5328,1000.);
#1333=VECTOR('',#5333,1000.);
#1334=VECTOR('',#5336,1000.);
#1335=VECTOR('',#5345,1000.);
#1336=VECTOR('',#5348,1000.);
#1337=VECTOR('',#5353,1000.);
#1338=VECTOR('',#5354,1000.);
#1339=VECTOR('',#5357,1000.);
#1340=VECTOR('',#5364,1000.);
#1341=VECTOR('',#5365,1000.);
#1342=VECTOR('',#5376,1.65);
#1343=VECTOR('',#5383,1.65);
#1344=VECTOR('',#5390,4.5);
#1345=VECTOR('',#5397,4.);
#1346=VECTOR('',#5400,1000.);
#1347=VECTOR('',#5401,1000.);
#1348=VECTOR('',#5402,1000.);
#1349=VECTOR('',#5403,1000.);
#1350=VECTOR('',#5404,1000.);
#1351=VECTOR('',#5405,1000.);
#1352=VECTOR('',#5406,1000.);
#1353=VECTOR('',#5411,1000.);
#1354=VECTOR('',#5416,1000.);
#1355=VECTOR('',#5417,1000.);
#1356=VECTOR('',#5418,1000.);
#1357=VECTOR('',#5419,1000.);
#1358=VECTOR('',#5420,1000.);
#1359=VECTOR('',#5421,1000.);
#1360=VECTOR('',#5424,1000.);
#1361=VECTOR('',#5425,1000.);
#1362=VECTOR('',#5430,1000.);
#1363=VECTOR('',#5437,1000.);
#1364=VECTOR('',#5442,1000.);
#1365=VECTOR('',#5443,1000.);
#1366=VECTOR('',#5450,1000.);
#1367=VECTOR('',#5459,5.57735026918963);
#1368=VECTOR('',#5466,10.0000000000001);
#1369=VECTOR('',#5473,7.);
#1370=VECTOR('',#5478,5.);
#1371=VECTOR('',#5491,7.5);
#1372=VECTOR('',#5498,4.);
#1373=VECTOR('',#5503,7.5);
#1374=VECTOR('',#5510,4.);
#1375=VECTOR('',#5513,4.);
#1376=VECTOR('',#5526,5.);
#1377=VECTOR('',#5531,5.);
#1378=VECTOR('',#5544,9.);
#1379=VECTOR('',#5551,4.);
#1380=VECTOR('',#5558,0.75);
#1381=VECTOR('',#5569,6.);
#1382=VECTOR('',#5576,7.);
#1383=VECTOR('',#5587,1.65);
#1384=VECTOR('',#5594,1.65);
#1385=VECTOR('',#5601,4.5);
#1386=VECTOR('',#5608,4.);
#1387=VECTOR('',#5611,1000.);
#1388=VECTOR('',#5612,1000.);
#1389=VECTOR('',#5613,1000.);
#1390=VECTOR('',#5614,1000.);
#1391=VECTOR('',#5615,1000.);
#1392=VECTOR('',#5616,1000.);
#1393=VECTOR('',#5617,1000.);
#1394=VECTOR('',#5622,1000.);
#1395=VECTOR('',#5627,1000.);
#1396=VECTOR('',#5628,1000.);
#1397=VECTOR('',#5629,1000.);
#1398=VECTOR('',#5630,1000.);
#1399=VECTOR('',#5631,1000.);
#1400=VECTOR('',#5632,1000.);
#1401=VECTOR('',#5635,1000.);
#1402=VECTOR('',#5636,1000.);
#1403=VECTOR('',#5641,1000.);
#1404=VECTOR('',#5648,1000.);
#1405=VECTOR('',#5653,1000.);
#1406=VECTOR('',#5654,1000.);
#1407=VECTOR('',#5661,1000.);
#1408=VECTOR('',#5668,1.65);
#1409=VECTOR('',#5675,1.65);
#1410=VECTOR('',#5682,1000.);
#1411=VECTOR('',#5687,1000.);
#1412=VECTOR('',#5692,2.25);
#1413=VECTOR('',#5699,2.25);
#1414=VECTOR('',#5706,3.);
#1415=VECTOR('',#5713,4.);
#1416=VECTOR('',#5718,2.25);
#1417=VECTOR('',#5725,2.25);
#1418=VECTOR('',#5732,1000.);
#1419=VECTOR('',#5733,1000.);
#1420=VECTOR('',#5734,1000.);
#1421=VECTOR('',#5737,1000.);
#1422=VECTOR('',#5740,1000.);
#1423=VECTOR('',#5743,1000.);
#1424=VECTOR('',#5744,1000.);
#1425=VECTOR('',#5745,1000.);
#1426=VECTOR('',#5746,1000.);
#1427=VECTOR('',#5749,1000.);
#1428=VECTOR('',#5750,1000.);
#1429=VECTOR('',#5751,1000.);
#1430=VECTOR('',#5752,1000.);
#1431=VECTOR('',#5755,1000.);
#1432=VECTOR('',#5756,1000.);
#1433=VECTOR('',#5757,1000.);
#1434=VECTOR('',#5758,1000.);
#1435=VECTOR('',#5759,1000.);
#1436=VECTOR('',#5760,1000.);
#1437=VECTOR('',#5761,1000.);
#1438=VECTOR('',#5764,1000.);
#1439=VECTOR('',#5779,1000.);
#1440=VECTOR('',#5782,1000.);
#1441=VECTOR('',#5785,1000.);
#1442=VECTOR('',#5786,1000.);
#1443=VECTOR('',#5787,1000.);
#1444=VECTOR('',#5792,1000.);
#1445=VECTOR('',#5795,1000.);
#1446=VECTOR('',#5796,1000.);
#1447=VECTOR('',#5801,1000.);
#1448=VECTOR('',#5802,1000.);
#1449=VECTOR('',#5803,1000.);
#1450=VECTOR('',#5804,1000.);
#1451=VECTOR('',#5805,1000.);
#1452=VECTOR('',#5806,1000.);
#1453=VECTOR('',#5809,1000.);
#1454=VECTOR('',#5810,1000.);
#1455=VECTOR('',#5811,1000.);
#1456=VECTOR('',#5812,1000.);
#1457=VECTOR('',#5813,1000.);
#1458=VECTOR('',#5814,1000.);
#1459=VECTOR('',#5815,1000.);
#1460=VECTOR('',#5818,1000.);
#1461=VECTOR('',#5829,1000.);
#1462=VECTOR('',#5840,1000.);
#1463=VECTOR('',#5843,1000.);
#1464=VECTOR('',#5848,1000.);
#1465=VECTOR('',#5851,1000.);
#1466=VECTOR('',#5860,1000.);
#1467=VECTOR('',#5863,1000.);
#1468=VECTOR('',#5868,1000.);
#1469=VECTOR('',#5869,1000.);
#1470=VECTOR('',#5872,1000.);
#1471=VECTOR('',#5879,1000.);
#1472=VECTOR('',#5880,1000.);
#1473=VECTOR('',#5891,7.5);
#1474=VECTOR('',#5898,4.);
#1475=VECTOR('',#5903,7.5);
#1476=VECTOR('',#5910,4.);
#1477=VECTOR('',#5913,4.);
#1478=VECTOR('',#5926,5.);
#1479=VECTOR('',#5931,5.);
#1480=VECTOR('',#5944,9.);
#1481=VECTOR('',#5951,4.);
#1482=VECTOR('',#5958,0.75);
#1483=VECTOR('',#5969,6.95);
#1484=VECTOR('',#5976,5.95);
#1485=VECTOR('',#5981,5.95);
#1486=VECTOR('',#5994,6.95);
#1487=VECTOR('',#6001,5.95);
#1488=VECTOR('',#6006,5.95);
#1489=VECTOR('',#6019,2.);
#1490=VECTOR('',#6024,2.);
#1491=VECTOR('',#6031,3.5);
#1492=VECTOR('',#6038,1000.);
#1493=VECTOR('',#6039,1000.);
#1494=VECTOR('',#6040,1000.);
#1495=VECTOR('',#6041,1000.);
#1496=VECTOR('',#6042,1000.);
#1497=VECTOR('',#6043,1000.);
#1498=VECTOR('',#6048,1000.);
#1499=VECTOR('',#6049,1000.);
#1500=VECTOR('',#6050,1000.);
#1501=VECTOR('',#6053,1000.);
#1502=VECTOR('',#6054,1000.);
#1503=VECTOR('',#6057,1000.);
#1504=VECTOR('',#6058,1000.);
#1505=VECTOR('',#6061,1000.);
#1506=VECTOR('',#6062,1000.);
#1507=VECTOR('',#6065,1000.);
#1508=VECTOR('',#6066,1000.);
#1509=VECTOR('',#6069,1000.);
#1510=VECTOR('',#6076,2.);
#1511=VECTOR('',#6081,2.);
#1512=VECTOR('',#6088,3.5);
#1513=VECTOR('',#6095,1000.);
#1514=VECTOR('',#6096,1000.);
#1515=VECTOR('',#6097,1000.);
#1516=VECTOR('',#6098,1000.);
#1517=VECTOR('',#6099,1000.);
#1518=VECTOR('',#6100,1000.);
#1519=VECTOR('',#6105,1000.);
#1520=VECTOR('',#6106,1000.);
#1521=VECTOR('',#6107,1000.);
#1522=VECTOR('',#6110,1000.);
#1523=VECTOR('',#6111,1000.);
#1524=VECTOR('',#6114,1000.);
#1525=VECTOR('',#6115,1000.);
#1526=VECTOR('',#6118,1000.);
#1527=VECTOR('',#6119,1000.);
#1528=VECTOR('',#6122,1000.);
#1529=VECTOR('',#6123,1000.);
#1530=VECTOR('',#6126,1000.);
#1531=VECTOR('',#6133,2.);
#1532=VECTOR('',#6138,2.);
#1533=VECTOR('',#6145,3.5);
#1534=VECTOR('',#6152,1000.);
#1535=VECTOR('',#6153,1000.);
#1536=VECTOR('',#6154,1000.);
#1537=VECTOR('',#6155,1000.);
#1538=VECTOR('',#6156,1000.);
#1539=VECTOR('',#6157,1000.);
#1540=VECTOR('',#6162,1000.);
#1541=VECTOR('',#6163,1000.);
#1542=VECTOR('',#6164,1000.);
#1543=VECTOR('',#6167,1000.);
#1544=VECTOR('',#6168,1000.);
#1545=VECTOR('',#6171,1000.);
#1546=VECTOR('',#6172,1000.);
#1547=VECTOR('',#6175,1000.);
#1548=VECTOR('',#6176,1000.);
#1549=VECTOR('',#6179,1000.);
#1550=VECTOR('',#6180,1000.);
#1551=VECTOR('',#6183,1000.);
#1552=VECTOR('',#6190,2.);
#1553=VECTOR('',#6195,2.);
#1554=VECTOR('',#6202,3.5);
#1555=VECTOR('',#6209,1000.);
#1556=VECTOR('',#6210,1000.);
#1557=VECTOR('',#6211,1000.);
#1558=VECTOR('',#6212,1000.);
#1559=VECTOR('',#6213,1000.);
#1560=VECTOR('',#6214,1000.);
#1561=VECTOR('',#6219,1000.);
#1562=VECTOR('',#6220,1000.);
#1563=VECTOR('',#6221,1000.);
#1564=VECTOR('',#6224,1000.);
#1565=VECTOR('',#6225,1000.);
#1566=VECTOR('',#6228,1000.);
#1567=VECTOR('',#6229,1000.);
#1568=VECTOR('',#6232,1000.);
#1569=VECTOR('',#6233,1000.);
#1570=VECTOR('',#6236,1000.);
#1571=VECTOR('',#6237,1000.);
#1572=VECTOR('',#6240,1000.);
#1573=VECTOR('',#6247,2.);
#1574=VECTOR('',#6252,2.);
#1575=VECTOR('',#6259,3.5);
#1576=VECTOR('',#6266,1000.);
#1577=VECTOR('',#6267,1000.);
#1578=VECTOR('',#6268,1000.);
#1579=VECTOR('',#6269,1000.);
#1580=VECTOR('',#6270,1000.);
#1581=VECTOR('',#6271,1000.);
#1582=VECTOR('',#6276,1000.);
#1583=VECTOR('',#6277,1000.);
#1584=VECTOR('',#6278,1000.);
#1585=VECTOR('',#6281,1000.);
#1586=VECTOR('',#6282,1000.);
#1587=VECTOR('',#6285,1000.);
#1588=VECTOR('',#6286,1000.);
#1589=VECTOR('',#6289,1000.);
#1590=VECTOR('',#6290,1000.);
#1591=VECTOR('',#6293,1000.);
#1592=VECTOR('',#6294,1000.);
#1593=VECTOR('',#6297,1000.);
#1594=VECTOR('',#6304,2.);
#1595=VECTOR('',#6309,2.);
#1596=VECTOR('',#6316,3.5);
#1597=VECTOR('',#6323,1000.);
#1598=VECTOR('',#6324,1000.);
#1599=VECTOR('',#6325,1000.);
#1600=VECTOR('',#6326,1000.);
#1601=VECTOR('',#6327,1000.);
#1602=VECTOR('',#6328,1000.);
#1603=VECTOR('',#6333,1000.);
#1604=VECTOR('',#6334,1000.);
#1605=VECTOR('',#6335,1000.);
#1606=VECTOR('',#6338,1000.);
#1607=VECTOR('',#6339,1000.);
#1608=VECTOR('',#6342,1000.);
#1609=VECTOR('',#6343,1000.);
#1610=VECTOR('',#6346,1000.);
#1611=VECTOR('',#6347,1000.);
#1612=VECTOR('',#6350,1000.);
#1613=VECTOR('',#6351,1000.);
#1614=VECTOR('',#6354,1000.);
#1615=VECTOR('',#6361,2.);
#1616=VECTOR('',#6366,2.);
#1617=VECTOR('',#6373,3.5);
#1618=VECTOR('',#6380,1000.);
#1619=VECTOR('',#6381,1000.);
#1620=VECTOR('',#6382,1000.);
#1621=VECTOR('',#6383,1000.);
#1622=VECTOR('',#6384,1000.);
#1623=VECTOR('',#6385,1000.);
#1624=VECTOR('',#6390,1000.);
#1625=VECTOR('',#6391,1000.);
#1626=VECTOR('',#6392,1000.);
#1627=VECTOR('',#6395,1000.);
#1628=VECTOR('',#6396,1000.);
#1629=VECTOR('',#6399,1000.);
#1630=VECTOR('',#6400,1000.);
#1631=VECTOR('',#6403,1000.);
#1632=VECTOR('',#6404,1000.);
#1633=VECTOR('',#6407,1000.);
#1634=VECTOR('',#6408,1000.);
#1635=VECTOR('',#6411,1000.);
#1636=VECTOR('',#6418,2.);
#1637=VECTOR('',#6423,2.);
#1638=VECTOR('',#6430,3.5);
#1639=VECTOR('',#6437,1000.);
#1640=VECTOR('',#6438,1000.);
#1641=VECTOR('',#6439,1000.);
#1642=VECTOR('',#6440,1000.);
#1643=VECTOR('',#6441,1000.);
#1644=VECTOR('',#6442,1000.);
#1645=VECTOR('',#6447,1000.);
#1646=VECTOR('',#6448,1000.);
#1647=VECTOR('',#6449,1000.);
#1648=VECTOR('',#6452,1000.);
#1649=VECTOR('',#6453,1000.);
#1650=VECTOR('',#6456,1000.);
#1651=VECTOR('',#6457,1000.);
#1652=VECTOR('',#6460,1000.);
#1653=VECTOR('',#6461,1000.);
#1654=VECTOR('',#6464,1000.);
#1655=VECTOR('',#6465,1000.);
#1656=VECTOR('',#6468,1000.);
#1657=CIRCLE('',#4677,1.65);
#1658=CIRCLE('',#4678,1.65);
#1659=CIRCLE('',#4680,1.65);
#1660=CIRCLE('',#4681,1.65);
#1661=CIRCLE('',#4683,7.);
#1662=CIRCLE('',#4684,7.);
#1663=CIRCLE('',#4685,7.);
#1664=CIRCLE('',#4687,2.25);
#1665=CIRCLE('',#4688,2.25);
#1666=CIRCLE('',#4690,2.25);
#1667=CIRCLE('',#4691,2.25);
#1668=CIRCLE('',#4693,4.);
#1669=CIRCLE('',#4694,3.);
#1670=CIRCLE('',#4696,4.);
#1671=CIRCLE('',#4698,2.25);
#1672=CIRCLE('',#4699,2.25);
#1673=CIRCLE('',#4701,2.25);
#1674=CIRCLE('',#4702,2.25);
#1675=CIRCLE('',#4704,5.);
#1676=CIRCLE('',#4705,4.);
#1677=CIRCLE('',#4706,4.);
#1678=CIRCLE('',#4710,9.);
#1679=CIRCLE('',#4712,5.);
#1680=CIRCLE('',#4713,5.);
#1681=CIRCLE('',#4715,5.);
#1682=CIRCLE('',#4716,5.);
#1683=CIRCLE('',#4718,4.);
#1684=CIRCLE('',#4719,4.);
#1685=CIRCLE('',#4721,5.);
#1686=CIRCLE('',#4722,5.);
#1687=CIRCLE('',#4727,4.);
#1688=CIRCLE('',#4728,9.);
#1689=CIRCLE('',#4729,4.);
#1690=CIRCLE('',#4731,4.);
#1691=CIRCLE('',#4732,9.);
#1692=CIRCLE('',#4733,4.);
#1693=CIRCLE('',#4743,9.);
#1694=CIRCLE('',#4745,5.);
#1695=CIRCLE('',#4746,5.);
#1696=CIRCLE('',#4753,5.);
#1697=CIRCLE('',#4756,1.65);
#1698=CIRCLE('',#4757,1.65);
#1699=CIRCLE('',#4759,1.65);
#1700=CIRCLE('',#4760,1.65);
#1701=CIRCLE('',#4762,4.);
#1702=CIRCLE('',#4763,4.5);
#1703=CIRCLE('',#4765,4.);
#1704=CIRCLE('',#4768,9.);
#1705=CIRCLE('',#4769,9.);
#1706=CIRCLE('',#4773,4.);
#1707=CIRCLE('',#4774,4.);
#1708=CIRCLE('',#4777,4.);
#1709=CIRCLE('',#4780,4.);
#1710=CIRCLE('',#4784,5.);
#1711=CIRCLE('',#4785,5.);
#1712=CIRCLE('',#4786,5.57735026918963);
#1713=CIRCLE('',#4788,10.0000000000001);
#1714=CIRCLE('',#4789,10.);
#1715=CIRCLE('',#4791,7.);
#1716=CIRCLE('',#4792,7.);
#1717=CIRCLE('',#4794,5.);
#1718=CIRCLE('',#4799,7.5);
#1719=CIRCLE('',#4800,7.495336923418);
#1720=CIRCLE('',#4802,4.);
#1721=CIRCLE('',#4803,4.004663076582);
#1722=CIRCLE('',#4805,7.5);
#1723=CIRCLE('',#4807,4.);
#1724=CIRCLE('',#4809,4.004663076582);
#1725=CIRCLE('',#4811,5.);
#1726=CIRCLE('',#4812,0.2499);
#1727=CIRCLE('',#4813,5.2499);
#1728=CIRCLE('',#4815,5.);
#1729=CIRCLE('',#4817,4.711324865405);
#1730=CIRCLE('',#4822,9.);
#1731=CIRCLE('',#4823,9.);
#1732=CIRCLE('',#4825,4.);
#1733=CIRCLE('',#4826,4.);
#1734=CIRCLE('',#4828,0.75);
#1735=CIRCLE('',#4829,0.75);
#1736=CIRCLE('',#4833,6.);
#1737=CIRCLE('',#4834,6.);
#1738=CIRCLE('',#4836,7.);
#1739=CIRCLE('',#4837,7.);
#1740=CIRCLE('',#4841,1.65);
#1741=CIRCLE('',#4842,1.65);
#1742=CIRCLE('',#4844,1.65);
#1743=CIRCLE('',#4845,1.65);
#1744=CIRCLE('',#4847,4.);
#1745=CIRCLE('',#4848,4.5);
#1746=CIRCLE('',#4850,4.);
#1747=CIRCLE('',#4853,9.);
#1748=CIRCLE('',#4854,9.);
#1749=CIRCLE('',#4858,4.);
#1750=CIRCLE('',#4859,4.);
#1751=CIRCLE('',#4862,4.);
#1752=CIRCLE('',#4865,4.);
#1753=CIRCLE('',#4869,1.65);
#1754=CIRCLE('',#4870,1.65);
#1755=CIRCLE('',#4872,1.65);
#1756=CIRCLE('',#4873,1.65);
#1757=CIRCLE('',#4875,7.);
#1758=CIRCLE('',#4876,7.);
#1759=CIRCLE('',#4877,7.);
#1760=CIRCLE('',#4879,2.25);
#1761=CIRCLE('',#4880,2.25);
#1762=CIRCLE('',#4882,2.25);
#1763=CIRCLE('',#4883,2.25);
#1764=CIRCLE('',#4885,4.);
#1765=CIRCLE('',#4886,3.);
#1766=CIRCLE('',#4888,4.);
#1767=CIRCLE('',#4890,2.25);
#1768=CIRCLE('',#4891,2.25);
#1769=CIRCLE('',#4893,2.25);
#1770=CIRCLE('',#4894,2.25);
#1771=CIRCLE('',#4896,5.);
#1772=CIRCLE('',#4897,4.);
#1773=CIRCLE('',#4898,4.);
#1774=CIRCLE('',#4902,9.);
#1775=CIRCLE('',#4904,5.);
#1776=CIRCLE('',#4905,5.);
#1777=CIRCLE('',#4907,5.);
#1778=CIRCLE('',#4908,5.);
#1779=CIRCLE('',#4910,4.);
#1780=CIRCLE('',#4911,4.);
#1781=CIRCLE('',#4913,5.);
#1782=CIRCLE('',#4914,5.);
#1783=CIRCLE('',#4919,4.);
#1784=CIRCLE('',#4920,9.);
#1785=CIRCLE('',#4921,4.);
#1786=CIRCLE('',#4923,4.);
#1787=CIRCLE('',#4924,4.);
#1788=CIRCLE('',#4925,9.);
#1789=CIRCLE('',#4935,9.);
#1790=CIRCLE('',#4937,5.);
#1791=CIRCLE('',#4938,5.);
#1792=CIRCLE('',#4945,5.);
#1793=CIRCLE('',#4948,7.5);
#1794=CIRCLE('',#4949,7.495336923418);
#1795=CIRCLE('',#4951,4.);
#1796=CIRCLE('',#4952,4.004663076582);
#1797=CIRCLE('',#4954,7.5);
#1798=CIRCLE('',#4956,4.);
#1799=CIRCLE('',#4958,4.004663076582);
#1800=CIRCLE('',#4960,5.);
#1801=CIRCLE('',#4961,0.2499);
#1802=CIRCLE('',#4962,5.2499);
#1803=CIRCLE('',#4964,5.);
#1804=CIRCLE('',#4966,4.711324865405);
#1805=CIRCLE('',#4971,9.);
#1806=CIRCLE('',#4972,9.);
#1807=CIRCLE('',#4974,4.);
#1808=CIRCLE('',#4975,4.);
#1809=CIRCLE('',#4977,0.75);
#1810=CIRCLE('',#4978,0.75);
#1811=CIRCLE('',#4982,6.95);
#1812=CIRCLE('',#4983,6.95);
#1813=CIRCLE('',#4985,5.95);
#1814=CIRCLE('',#4986,5.95);
#1815=CIRCLE('',#4988,5.45);
#1816=CIRCLE('',#4993,6.95);
#1817=CIRCLE('',#4994,6.95);
#1818=CIRCLE('',#4996,5.95);
#1819=CIRCLE('',#4997,5.95000000000001);
#1820=CIRCLE('',#4999,5.45);
#1821=CIRCLE('',#5004,2.);
#1822=CIRCLE('',#5005,2.);
#1823=CIRCLE('',#5007,1.61);
#1824=CIRCLE('',#5009,3.5);
#1825=CIRCLE('',#5010,3.5);
#1826=CIRCLE('',#5022,2.);
#1827=CIRCLE('',#5023,2.);
#1828=CIRCLE('',#5025,1.61);
#1829=CIRCLE('',#5027,3.5);
#1830=CIRCLE('',#5028,3.5);
#1831=CIRCLE('',#5040,2.);
#1832=CIRCLE('',#5041,2.);
#1833=CIRCLE('',#5043,1.61);
#1834=CIRCLE('',#5045,3.5);
#1835=CIRCLE('',#5046,3.5);
#1836=CIRCLE('',#5058,2.);
#1837=CIRCLE('',#5059,2.);
#1838=CIRCLE('',#5061,1.61);
#1839=CIRCLE('',#5063,3.5);
#1840=CIRCLE('',#5064,3.5);
#1841=CIRCLE('',#5076,2.);
#1842=CIRCLE('',#5077,2.);
#1843=CIRCLE('',#5079,1.61);
#1844=CIRCLE('',#5081,3.5);
#1845=CIRCLE('',#5082,3.5);
#1846=CIRCLE('',#5094,2.);
#1847=CIRCLE('',#5095,2.);
#1848=CIRCLE('',#5097,1.61);
#1849=CIRCLE('',#5099,3.5);
#1850=CIRCLE('',#5100,3.5);
#1851=CIRCLE('',#5112,2.);
#1852=CIRCLE('',#5113,2.);
#1853=CIRCLE('',#5115,1.61);
#1854=CIRCLE('',#5117,3.5);
#1855=CIRCLE('',#5118,3.5);
#1856=CIRCLE('',#5130,2.);
#1857=CIRCLE('',#5131,2.);
#1858=CIRCLE('',#5133,1.61);
#1859=CIRCLE('',#5135,3.5);
#1860=CIRCLE('',#5136,3.5);
#1861=VERTEX_POINT('',#6473);
#1862=VERTEX_POINT('',#6475);
#1863=VERTEX_POINT('',#6479);
#1864=VERTEX_POINT('',#6481);
#1865=VERTEX_POINT('',#6485);
#1866=VERTEX_POINT('',#6486);
#1867=VERTEX_POINT('',#6488);
#1868=VERTEX_POINT('',#6490);
#1869=VERTEX_POINT('',#6492);
#1870=VERTEX_POINT('',#6496);
#1871=VERTEX_POINT('',#6498);
#1872=VERTEX_POINT('',#6502);
#1873=VERTEX_POINT('',#6504);
#1874=VERTEX_POINT('',#6508);
#1875=VERTEX_POINT('',#6510);
#1876=VERTEX_POINT('',#6514);
#1877=VERTEX_POINT('',#6518);
#1878=VERTEX_POINT('',#6520);
#1879=VERTEX_POINT('',#6524);
#1880=VERTEX_POINT('',#6526);
#1881=VERTEX_POINT('',#6530);
#1882=VERTEX_POINT('',#6531);
#1883=VERTEX_POINT('',#6533);
#1884=VERTEX_POINT('',#6535);
#1885=VERTEX_POINT('',#6537);
#1886=VERTEX_POINT('',#6539);
#1887=VERTEX_POINT('',#6541);
#1888=VERTEX_POINT('',#6543);
#1889=VERTEX_POINT('',#6547);
#1890=VERTEX_POINT('',#6548);
#1891=VERTEX_POINT('',#6550);
#1892=VERTEX_POINT('',#6552);
#1893=VERTEX_POINT('',#6556);
#1894=VERTEX_POINT('',#6557);
#1895=VERTEX_POINT('',#6559);
#1896=VERTEX_POINT('',#6561);
#1897=VERTEX_POINT('',#6565);
#1898=VERTEX_POINT('',#6567);
#1899=VERTEX_POINT('',#6569);
#1900=VERTEX_POINT('',#6571);
#1901=VERTEX_POINT('',#6574);
#1902=VERTEX_POINT('',#6576);
#1903=VERTEX_POINT('',#6578);
#1904=VERTEX_POINT('',#6589);
#1905=VERTEX_POINT('',#6591);
#1906=VERTEX_POINT('',#6593);
#1907=VERTEX_POINT('',#6595);
#1908=VERTEX_POINT('',#6597);
#1909=VERTEX_POINT('',#6601);
#1910=VERTEX_POINT('',#6603);
#1911=VERTEX_POINT('',#6605);
#1912=VERTEX_POINT('',#6607);
#1913=VERTEX_POINT('',#6612);
#1914=VERTEX_POINT('',#6613);
#1915=VERTEX_POINT('',#6615);
#1916=VERTEX_POINT('',#6617);
#1917=VERTEX_POINT('',#6623);
#1918=VERTEX_POINT('',#6625);
#1919=VERTEX_POINT('',#6627);
#1920=VERTEX_POINT('',#6629);
#1921=VERTEX_POINT('',#6632);
#1922=VERTEX_POINT('',#6636);
#1923=VERTEX_POINT('',#6637);
#1924=VERTEX_POINT('',#6643);
#1925=VERTEX_POINT('',#6646);
#1926=VERTEX_POINT('',#6664);
#1927=VERTEX_POINT('',#6665);
#1928=VERTEX_POINT('',#6667);
#1929=VERTEX_POINT('',#6679);
#1930=VERTEX_POINT('',#6686);
#1931=VERTEX_POINT('',#6688);
#1932=VERTEX_POINT('',#6692);
#1933=VERTEX_POINT('',#6694);
#1934=VERTEX_POINT('',#6698);
#1935=VERTEX_POINT('',#6700);
#1936=VERTEX_POINT('',#6704);
#1937=VERTEX_POINT('',#6708);
#1938=VERTEX_POINT('',#6709);
#1939=VERTEX_POINT('',#6711);
#1940=VERTEX_POINT('',#6713);
#1941=VERTEX_POINT('',#6715);
#1942=VERTEX_POINT('',#6717);
#1943=VERTEX_POINT('',#6719);
#1944=VERTEX_POINT('',#6723);
#1945=VERTEX_POINT('',#6725);
#1946=VERTEX_POINT('',#6729);
#1947=VERTEX_POINT('',#6730);
#1948=VERTEX_POINT('',#6732);
#1949=VERTEX_POINT('',#6734);
#1950=VERTEX_POINT('',#6736);
#1951=VERTEX_POINT('',#6744);
#1952=VERTEX_POINT('',#6746);
#1953=VERTEX_POINT('',#6751);
#1954=VERTEX_POINT('',#6755);
#1955=VERTEX_POINT('',#6764);
#1956=VERTEX_POINT('',#6765);
#1957=VERTEX_POINT('',#6768);
#1958=VERTEX_POINT('',#6772);
#1959=VERTEX_POINT('',#6774);
#1960=VERTEX_POINT('',#6778);
#1961=VERTEX_POINT('',#6780);
#1962=VERTEX_POINT('',#6784);
#1963=VERTEX_POINT('',#6791);
#1964=VERTEX_POINT('',#6793);
#1965=VERTEX_POINT('',#6797);
#1966=VERTEX_POINT('',#6799);
#1967=VERTEX_POINT('',#6803);
#1968=VERTEX_POINT('',#6807);
#1969=VERTEX_POINT('',#6811);
#1970=VERTEX_POINT('',#6815);
#1971=VERTEX_POINT('',#6817);
#1972=VERTEX_POINT('',#6821);
#1973=VERTEX_POINT('',#6825);
#1974=VERTEX_POINT('',#6832);
#1975=VERTEX_POINT('',#6834);
#1976=VERTEX_POINT('',#6838);
#1977=VERTEX_POINT('',#6840);
#1978=VERTEX_POINT('',#6844);
#1979=VERTEX_POINT('',#6846);
#1980=VERTEX_POINT('',#6852);
#1981=VERTEX_POINT('',#6854);
#1982=VERTEX_POINT('',#6858);
#1983=VERTEX_POINT('',#6860);
#1984=VERTEX_POINT('',#6866);
#1985=VERTEX_POINT('',#6868);
#1986=VERTEX_POINT('',#6872);
#1987=VERTEX_POINT('',#6874);
#1988=VERTEX_POINT('',#6878);
#1989=VERTEX_POINT('',#6880);
#1990=VERTEX_POINT('',#6884);
#1991=VERTEX_POINT('',#6888);
#1992=VERTEX_POINT('',#6889);
#1993=VERTEX_POINT('',#6891);
#1994=VERTEX_POINT('',#6893);
#1995=VERTEX_POINT('',#6895);
#1996=VERTEX_POINT('',#6897);
#1997=VERTEX_POINT('',#6899);
#1998=VERTEX_POINT('',#6903);
#1999=VERTEX_POINT('',#6905);
#2000=VERTEX_POINT('',#6909);
#2001=VERTEX_POINT('',#6910);
#2002=VERTEX_POINT('',#6912);
#2003=VERTEX_POINT('',#6914);
#2004=VERTEX_POINT('',#6916);
#2005=VERTEX_POINT('',#6924);
#2006=VERTEX_POINT('',#6926);
#2007=VERTEX_POINT('',#6931);
#2008=VERTEX_POINT('',#6935);
#2009=VERTEX_POINT('',#6944);
#2010=VERTEX_POINT('',#6946);
#2011=VERTEX_POINT('',#6950);
#2012=VERTEX_POINT('',#6952);
#2013=VERTEX_POINT('',#6956);
#2014=VERTEX_POINT('',#6957);
#2015=VERTEX_POINT('',#6959);
#2016=VERTEX_POINT('',#6961);
#2017=VERTEX_POINT('',#6963);
#2018=VERTEX_POINT('',#6967);
#2019=VERTEX_POINT('',#6969);
#2020=VERTEX_POINT('',#6973);
#2021=VERTEX_POINT('',#6975);
#2022=VERTEX_POINT('',#6979);
#2023=VERTEX_POINT('',#6981);
#2024=VERTEX_POINT('',#6985);
#2025=VERTEX_POINT('',#6989);
#2026=VERTEX_POINT('',#6991);
#2027=VERTEX_POINT('',#6995);
#2028=VERTEX_POINT('',#6997);
#2029=VERTEX_POINT('',#7001);
#2030=VERTEX_POINT('',#7002);
#2031=VERTEX_POINT('',#7004);
#2032=VERTEX_POINT('',#7006);
#2033=VERTEX_POINT('',#7008);
#2034=VERTEX_POINT('',#7010);
#2035=VERTEX_POINT('',#7012);
#2036=VERTEX_POINT('',#7014);
#2037=VERTEX_POINT('',#7018);
#2038=VERTEX_POINT('',#7019);
#2039=VERTEX_POINT('',#7021);
#2040=VERTEX_POINT('',#7023);
#2041=VERTEX_POINT('',#7027);
#2042=VERTEX_POINT('',#7028);
#2043=VERTEX_POINT('',#7030);
#2044=VERTEX_POINT('',#7032);
#2045=VERTEX_POINT('',#7036);
#2046=VERTEX_POINT('',#7038);
#2047=VERTEX_POINT('',#7040);
#2048=VERTEX_POINT('',#7043);
#2049=VERTEX_POINT('',#7045);
#2050=VERTEX_POINT('',#7047);
#2051=VERTEX_POINT('',#7049);
#2052=VERTEX_POINT('',#7059);
#2053=VERTEX_POINT('',#7061);
#2054=VERTEX_POINT('',#7063);
#2055=VERTEX_POINT('',#7065);
#2056=VERTEX_POINT('',#7067);
#2057=VERTEX_POINT('',#7072);
#2058=VERTEX_POINT('',#7074);
#2059=VERTEX_POINT('',#7076);
#2060=VERTEX_POINT('',#7078);
#2061=VERTEX_POINT('',#7083);
#2062=VERTEX_POINT('',#7084);
#2063=VERTEX_POINT('',#7088);
#2064=VERTEX_POINT('',#7090);
#2065=VERTEX_POINT('',#7094);
#2066=VERTEX_POINT('',#7097);
#2067=VERTEX_POINT('',#7099);
#2068=VERTEX_POINT('',#7101);
#2069=VERTEX_POINT('',#7103);
#2070=VERTEX_POINT('',#7107);
#2071=VERTEX_POINT('',#7108);
#2072=VERTEX_POINT('',#7114);
#2073=VERTEX_POINT('',#7116);
#2074=VERTEX_POINT('',#7135);
#2075=VERTEX_POINT('',#7136);
#2076=VERTEX_POINT('',#7139);
#2077=VERTEX_POINT('',#7150);
#2078=VERTEX_POINT('',#7157);
#2079=VERTEX_POINT('',#7159);
#2080=VERTEX_POINT('',#7163);
#2081=VERTEX_POINT('',#7165);
#2082=VERTEX_POINT('',#7169);
#2083=VERTEX_POINT('',#7173);
#2084=VERTEX_POINT('',#7177);
#2085=VERTEX_POINT('',#7181);
#2086=VERTEX_POINT('',#7183);
#2087=VERTEX_POINT('',#7187);
#2088=VERTEX_POINT('',#7191);
#2089=VERTEX_POINT('',#7198);
#2090=VERTEX_POINT('',#7200);
#2091=VERTEX_POINT('',#7204);
#2092=VERTEX_POINT('',#7206);
#2093=VERTEX_POINT('',#7210);
#2094=VERTEX_POINT('',#7212);
#2095=VERTEX_POINT('',#7218);
#2096=VERTEX_POINT('',#7220);
#2097=VERTEX_POINT('',#7224);
#2098=VERTEX_POINT('',#7226);
#2099=VERTEX_POINT('',#7230);
#2100=VERTEX_POINT('',#7237);
#2101=VERTEX_POINT('',#7239);
#2102=VERTEX_POINT('',#7243);
#2103=VERTEX_POINT('',#7245);
#2104=VERTEX_POINT('',#7249);
#2105=VERTEX_POINT('',#7256);
#2106=VERTEX_POINT('',#7258);
#2107=VERTEX_POINT('',#7262);
#2108=VERTEX_POINT('',#7266);
#2109=VERTEX_POINT('',#7268);
#2110=VERTEX_POINT('',#7273);
#2111=VERTEX_POINT('',#7274);
#2112=VERTEX_POINT('',#7276);
#2113=VERTEX_POINT('',#7278);
#2114=VERTEX_POINT('',#7280);
#2115=VERTEX_POINT('',#7282);
#2116=VERTEX_POINT('',#7287);
#2117=VERTEX_POINT('',#7289);
#2118=VERTEX_POINT('',#7293);
#2119=VERTEX_POINT('',#7297);
#2120=VERTEX_POINT('',#7301);
#2121=VERTEX_POINT('',#7305);
#2122=VERTEX_POINT('',#7312);
#2123=VERTEX_POINT('',#7314);
#2124=VERTEX_POINT('',#7318);
#2125=VERTEX_POINT('',#7322);
#2126=VERTEX_POINT('',#7324);
#2127=VERTEX_POINT('',#7329);
#2128=VERTEX_POINT('',#7330);
#2129=VERTEX_POINT('',#7332);
#2130=VERTEX_POINT('',#7334);
#2131=VERTEX_POINT('',#7336);
#2132=VERTEX_POINT('',#7338);
#2133=VERTEX_POINT('',#7343);
#2134=VERTEX_POINT('',#7345);
#2135=VERTEX_POINT('',#7349);
#2136=VERTEX_POINT('',#7353);
#2137=VERTEX_POINT('',#7357);
#2138=VERTEX_POINT('',#7361);
#2139=VERTEX_POINT('',#7368);
#2140=VERTEX_POINT('',#7370);
#2141=VERTEX_POINT('',#7374);
#2142=VERTEX_POINT('',#7378);
#2143=VERTEX_POINT('',#7380);
#2144=VERTEX_POINT('',#7385);
#2145=VERTEX_POINT('',#7386);
#2146=VERTEX_POINT('',#7388);
#2147=VERTEX_POINT('',#7390);
#2148=VERTEX_POINT('',#7392);
#2149=VERTEX_POINT('',#7394);
#2150=VERTEX_POINT('',#7399);
#2151=VERTEX_POINT('',#7401);
#2152=VERTEX_POINT('',#7405);
#2153=VERTEX_POINT('',#7409);
#2154=VERTEX_POINT('',#7413);
#2155=VERTEX_POINT('',#7417);
#2156=VERTEX_POINT('',#7424);
#2157=VERTEX_POINT('',#7426);
#2158=VERTEX_POINT('',#7430);
#2159=VERTEX_POINT('',#7434);
#2160=VERTEX_POINT('',#7436);
#2161=VERTEX_POINT('',#7441);
#2162=VERTEX_POINT('',#7442);
#2163=VERTEX_POINT('',#7444);
#2164=VERTEX_POINT('',#7446);
#2165=VERTEX_POINT('',#7448);
#2166=VERTEX_POINT('',#7450);
#2167=VERTEX_POINT('',#7455);
#2168=VERTEX_POINT('',#7457);
#2169=VERTEX_POINT('',#7461);
#2170=VERTEX_POINT('',#7465);
#2171=VERTEX_POINT('',#7469);
#2172=VERTEX_POINT('',#7473);
#2173=VERTEX_POINT('',#7480);
#2174=VERTEX_POINT('',#7482);
#2175=VERTEX_POINT('',#7486);
#2176=VERTEX_POINT('',#7490);
#2177=VERTEX_POINT('',#7492);
#2178=VERTEX_POINT('',#7497);
#2179=VERTEX_POINT('',#7498);
#2180=VERTEX_POINT('',#7500);
#2181=VERTEX_POINT('',#7502);
#2182=VERTEX_POINT('',#7504);
#2183=VERTEX_POINT('',#7506);
#2184=VERTEX_POINT('',#7511);
#2185=VERTEX_POINT('',#7513);
#2186=VERTEX_POINT('',#7517);
#2187=VERTEX_POINT('',#7521);
#2188=VERTEX_POINT('',#7525);
#2189=VERTEX_POINT('',#7529);
#2190=VERTEX_POINT('',#7536);
#2191=VERTEX_POINT('',#7538);
#2192=VERTEX_POINT('',#7542);
#2193=VERTEX_POINT('',#7546);
#2194=VERTEX_POINT('',#7548);
#2195=VERTEX_POINT('',#7553);
#2196=VERTEX_POINT('',#7554);
#2197=VERTEX_POINT('',#7556);
#2198=VERTEX_POINT('',#7558);
#2199=VERTEX_POINT('',#7560);
#2200=VERTEX_POINT('',#7562);
#2201=VERTEX_POINT('',#7567);
#2202=VERTEX_POINT('',#7569);
#2203=VERTEX_POINT('',#7573);
#2204=VERTEX_POINT('',#7577);
#2205=VERTEX_POINT('',#7581);
#2206=VERTEX_POINT('',#7585);
#2207=VERTEX_POINT('',#7592);
#2208=VERTEX_POINT('',#7594);
#2209=VERTEX_POINT('',#7598);
#2210=VERTEX_POINT('',#7602);
#2211=VERTEX_POINT('',#7604);
#2212=VERTEX_POINT('',#7609);
#2213=VERTEX_POINT('',#7610);
#2214=VERTEX_POINT('',#7612);
#2215=VERTEX_POINT('',#7614);
#2216=VERTEX_POINT('',#7616);
#2217=VERTEX_POINT('',#7618);
#2218=VERTEX_POINT('',#7623);
#2219=VERTEX_POINT('',#7625);
#2220=VERTEX_POINT('',#7629);
#2221=VERTEX_POINT('',#7633);
#2222=VERTEX_POINT('',#7637);
#2223=VERTEX_POINT('',#7641);
#2224=VERTEX_POINT('',#7648);
#2225=VERTEX_POINT('',#7650);
#2226=VERTEX_POINT('',#7654);
#2227=VERTEX_POINT('',#7658);
#2228=VERTEX_POINT('',#7660);
#2229=VERTEX_POINT('',#7665);
#2230=VERTEX_POINT('',#7666);
#2231=VERTEX_POINT('',#7668);
#2232=VERTEX_POINT('',#7670);
#2233=VERTEX_POINT('',#7672);
#2234=VERTEX_POINT('',#7674);
#2235=VERTEX_POINT('',#7679);
#2236=VERTEX_POINT('',#7681);
#2237=VERTEX_POINT('',#7685);
#2238=VERTEX_POINT('',#7689);
#2239=VERTEX_POINT('',#7693);
#2240=VERTEX_POINT('',#7697);
#2241=EDGE_CURVE('',#1861,#1861,#1657,.T.);
#2242=EDGE_CURVE('',#1861,#1862,#897,.T.);
#2243=EDGE_CURVE('',#1862,#1862,#1658,.T.);
#2244=EDGE_CURVE('',#1863,#1863,#1659,.T.);
#2245=EDGE_CURVE('',#1863,#1864,#898,.T.);
#2246=EDGE_CURVE('',#1864,#1864,#1660,.T.);
#2247=EDGE_CURVE('',#1865,#1866,#1661,.T.);
#2248=EDGE_CURVE('',#1865,#1867,#899,.T.);
#2249=EDGE_CURVE('',#1867,#1868,#1662,.T.);
#2250=EDGE_CURVE('',#1868,#1869,#1663,.T.);
#2251=EDGE_CURVE('',#1866,#1869,#900,.T.);
#2252=EDGE_CURVE('',#1870,#1870,#1664,.T.);
#2253=EDGE_CURVE('',#1870,#1871,#901,.T.);
#2254=EDGE_CURVE('',#1871,#1871,#1665,.T.);
#2255=EDGE_CURVE('',#1872,#1872,#1666,.T.);
#2256=EDGE_CURVE('',#1872,#1873,#902,.T.);
#2257=EDGE_CURVE('',#1873,#1873,#1667,.T.);
#2258=EDGE_CURVE('',#1874,#1874,#1668,.T.);
#2259=EDGE_CURVE('',#1874,#1875,#903,.T.);
#2260=EDGE_CURVE('',#1875,#1875,#1669,.T.);
#2261=EDGE_CURVE('',#1876,#1876,#1670,.T.);
#2262=EDGE_CURVE('',#1876,#1874,#904,.T.);
#2263=EDGE_CURVE('',#1877,#1877,#1671,.T.);
#2264=EDGE_CURVE('',#1877,#1878,#905,.T.);
#2265=EDGE_CURVE('',#1878,#1878,#1672,.T.);
#2266=EDGE_CURVE('',#1879,#1879,#1673,.T.);
#2267=EDGE_CURVE('',#1879,#1880,#906,.T.);
#2268=EDGE_CURVE('',#1880,#1880,#1674,.T.);
#2269=EDGE_CURVE('',#1881,#1882,#1675,.T.);
#2270=EDGE_CURVE('',#1882,#1883,#907,.T.);
#2271=EDGE_CURVE('',#1883,#1884,#1676,.T.);
#2272=EDGE_CURVE('',#1884,#1885,#908,.T.);
#2273=EDGE_CURVE('',#1885,#1886,#1677,.T.);
#2274=EDGE_CURVE('',#1886,#1887,#909,.T.);
#2275=EDGE_CURVE('',#1887,#1888,#910,.T.);
#2276=EDGE_CURVE('',#1881,#1888,#911,.T.);
#2277=EDGE_CURVE('',#1889,#1890,#912,.T.);
#2278=EDGE_CURVE('',#1891,#1890,#913,.T.);
#2279=EDGE_CURVE('',#1891,#1892,#914,.T.);
#2280=EDGE_CURVE('',#1892,#1889,#915,.T.);
#2281=EDGE_CURVE('',#1893,#1894,#916,.T.);
#2282=EDGE_CURVE('',#1893,#1895,#917,.T.);
#2283=EDGE_CURVE('',#1896,#1895,#918,.T.);
#2284=EDGE_CURVE('',#1896,#1894,#919,.T.);
#2285=EDGE_CURVE('',#1897,#1887,#920,.T.);
#2286=EDGE_CURVE('',#1897,#1898,#1678,.T.);
#2287=EDGE_CURVE('',#1899,#1898,#921,.T.);
#2288=EDGE_CURVE('',#1900,#1899,#922,.T.);
#2289=EDGE_CURVE('',#1865,#1900,#923,.T.);
#2290=EDGE_CURVE('',#1901,#1866,#924,.T.);
#2291=EDGE_CURVE('',#1902,#1901,#925,.T.);
#2292=EDGE_CURVE('',#1902,#1903,#926,.T.);
#2293=EDGE_CURVE('',#1903,#1888,#927,.T.);
#2294=EDGE_CURVE('',#1901,#1893,#1679,.T.);
#2295=EDGE_CURVE('',#1894,#1902,#1680,.T.);
#2296=EDGE_CURVE('',#1895,#1891,#1681,.T.);
#2297=EDGE_CURVE('',#1890,#1896,#1682,.T.);
#2298=EDGE_CURVE('',#1868,#1869,#928,.T.);
#2299=EDGE_CURVE('',#1904,#1868,#929,.T.);
#2300=EDGE_CURVE('',#1905,#1904,#930,.T.);
#2301=EDGE_CURVE('',#1906,#1905,#1683,.T.);
#2302=EDGE_CURVE('',#1907,#1906,#931,.T.);
#2303=EDGE_CURVE('',#1908,#1907,#1684,.T.);
#2304=EDGE_CURVE('',#1892,#1908,#932,.T.);
#2305=EDGE_CURVE('',#1898,#1909,#933,.T.);
#2306=EDGE_CURVE('',#1910,#1909,#934,.T.);
#2307=EDGE_CURVE('',#1911,#1910,#1685,.T.);
#2308=EDGE_CURVE('',#1912,#1911,#935,.T.);
#2309=EDGE_CURVE('',#1899,#1912,#1686,.T.);
#2310=EDGE_CURVE('',#1913,#1914,#936,.T.);
#2311=EDGE_CURVE('',#1915,#1913,#937,.T.);
#2312=EDGE_CURVE('',#1915,#1916,#938,.T.);
#2313=EDGE_CURVE('',#1916,#1905,#939,.T.);
#2314=EDGE_CURVE('',#1897,#1904,#940,.T.);
#2315=EDGE_CURVE('',#1886,#1914,#941,.T.);
#2316=EDGE_CURVE('',#1917,#1908,#942,.T.);
#2317=EDGE_CURVE('',#1917,#1918,#943,.T.);
#2318=EDGE_CURVE('',#1918,#1919,#944,.T.);
#2319=EDGE_CURVE('',#1920,#1919,#945,.T.);
#2320=EDGE_CURVE('',#1883,#1920,#946,.T.);
#2321=EDGE_CURVE('',#1921,#1882,#947,.T.);
#2322=EDGE_CURVE('',#1921,#1889,#948,.T.);
#2323=EDGE_CURVE('',#1922,#1923,#949,.T.);
#2324=EDGE_CURVE('',#1920,#1922,#1687,.T.);
#2325=EDGE_CURVE('',#1919,#1913,#1688,.T.);
#2326=EDGE_CURVE('',#1923,#1914,#1689,.T.);
#2327=EDGE_CURVE('',#1924,#1916,#1690,.T.);
#2328=EDGE_CURVE('',#1918,#1915,#1691,.T.);
#2329=EDGE_CURVE('',#1917,#1925,#1692,.T.);
#2330=EDGE_CURVE('',#1925,#1924,#950,.T.);
#2331=EDGE_CURVE('',#1925,#1907,#951,.T.);
#2332=EDGE_CURVE('',#1924,#1906,#952,.T.);
#2333=EDGE_CURVE('',#1885,#1923,#953,.T.);
#2334=EDGE_CURVE('',#1884,#1922,#954,.T.);
#2335=EDGE_CURVE('',#1904,#1909,#1693,.T.);
#2336=EDGE_CURVE('',#1926,#1927,#955,.T.);
#2337=EDGE_CURVE('',#1928,#1927,#1694,.T.);
#2338=EDGE_CURVE('',#1867,#1928,#956,.T.);
#2339=EDGE_CURVE('',#1926,#1900,#1695,.T.);
#2340=EDGE_CURVE('',#1927,#1911,#957,.T.);
#2341=EDGE_CURVE('',#1912,#1926,#958,.T.);
#2342=EDGE_CURVE('',#1910,#1928,#959,.T.);
#2343=EDGE_CURVE('',#1929,#1903,#960,.T.);
#2344=EDGE_CURVE('',#1929,#1881,#961,.T.);
#2345=EDGE_CURVE('',#1929,#1921,#1696,.T.);
#2346=EDGE_CURVE('',#1930,#1930,#1697,.T.);
#2347=EDGE_CURVE('',#1930,#1931,#962,.T.);
#2348=EDGE_CURVE('',#1931,#1931,#1698,.T.);
#2349=EDGE_CURVE('',#1932,#1932,#1699,.T.);
#2350=EDGE_CURVE('',#1932,#1933,#963,.T.);
#2351=EDGE_CURVE('',#1933,#1933,#1700,.T.);
#2352=EDGE_CURVE('',#1934,#1934,#1701,.T.);
#2353=EDGE_CURVE('',#1934,#1935,#964,.T.);
#2354=EDGE_CURVE('',#1935,#1935,#1702,.T.);
#2355=EDGE_CURVE('',#1936,#1936,#1703,.T.);
#2356=EDGE_CURVE('',#1936,#1934,#965,.T.);
#2357=EDGE_CURVE('',#1937,#1938,#966,.T.);
#2358=EDGE_CURVE('',#1937,#1939,#967,.T.);
#2359=EDGE_CURVE('',#1939,#1940,#968,.T.);
#2360=EDGE_CURVE('',#1940,#1941,#969,.T.);
#2361=EDGE_CURVE('',#1942,#1941,#970,.T.);
#2362=EDGE_CURVE('',#1943,#1942,#971,.T.);
#2363=EDGE_CURVE('',#1938,#1943,#972,.T.);
#2364=EDGE_CURVE('',#1941,#1944,#1704,.T.);
#2365=EDGE_CURVE('',#1945,#1944,#973,.T.);
#2366=EDGE_CURVE('',#1942,#1945,#1705,.T.);
#2367=EDGE_CURVE('',#1946,#1947,#974,.T.);
#2368=EDGE_CURVE('',#1946,#1948,#975,.T.);
#2369=EDGE_CURVE('',#1949,#1948,#976,.T.);
#2370=EDGE_CURVE('',#1949,#1950,#977,.T.);
#2371=EDGE_CURVE('',#1945,#1950,#978,.T.);
#2372=EDGE_CURVE('',#1944,#1947,#979,.T.);
#2373=EDGE_CURVE('',#1939,#1946,#980,.T.);
#2374=EDGE_CURVE('',#1947,#1940,#981,.T.);
#2375=EDGE_CURVE('',#1951,#1950,#1706,.T.);
#2376=EDGE_CURVE('',#1952,#1951,#982,.T.);
#2377=EDGE_CURVE('',#1943,#1952,#1707,.T.);
#2378=EDGE_CURVE('',#1953,#1952,#983,.T.);
#2379=EDGE_CURVE('',#1938,#1953,#1708,.T.);
#2380=EDGE_CURVE('',#1954,#1951,#984,.T.);
#2381=EDGE_CURVE('',#1953,#1954,#985,.T.);
#2382=EDGE_CURVE('',#1954,#1949,#1709,.T.);
#2383=EDGE_CURVE('',#1948,#1937,#986,.T.);
#2384=EDGE_CURVE('',#1955,#1956,#1710,.T.);
#2385=EDGE_CURVE('',#1956,#1955,#1711,.T.);
#2386=EDGE_CURVE('',#1956,#1957,#987,.T.);
#2387=EDGE_CURVE('',#1957,#1957,#1712,.T.);
#2388=EDGE_CURVE('',#1958,#1958,#1713,.T.);
#2389=EDGE_CURVE('',#1958,#1959,#988,.T.);
#2390=EDGE_CURVE('',#1959,#1959,#1714,.T.);
#2391=EDGE_CURVE('',#1960,#1960,#1715,.T.);
#2392=EDGE_CURVE('',#1960,#1961,#989,.T.);
#2393=EDGE_CURVE('',#1961,#1961,#1716,.T.);
#2394=EDGE_CURVE('',#1955,#1962,#990,.T.);
#2395=EDGE_CURVE('',#1962,#1962,#1717,.T.);
#2396=EDGE_CURVE('',#1963,#1963,#1718,.T.);
#2397=EDGE_CURVE('',#1963,#1964,#991,.T.);
#2398=EDGE_CURVE('',#1964,#1964,#1719,.T.);
#2399=EDGE_CURVE('',#1965,#1965,#1720,.T.);
#2400=EDGE_CURVE('',#1965,#1966,#992,.T.);
#2401=EDGE_CURVE('',#1966,#1966,#1721,.T.);
#2402=EDGE_CURVE('',#1963,#1967,#993,.T.);
#2403=EDGE_CURVE('',#1967,#1967,#1722,.T.);
#2404=EDGE_CURVE('',#1968,#1968,#1723,.T.);
#2405=EDGE_CURVE('',#1968,#1965,#994,.T.);
#2406=EDGE_CURVE('',#1968,#1969,#995,.T.);
#2407=EDGE_CURVE('',#1969,#1969,#1724,.T.);
#2408=EDGE_CURVE('',#1970,#1970,#1725,.T.);
#2409=EDGE_CURVE('',#1970,#1971,#1726,.T.);
#2410=EDGE_CURVE('',#1971,#1971,#1727,.T.);
#2411=EDGE_CURVE('',#1970,#1972,#996,.T.);
#2412=EDGE_CURVE('',#1972,#1972,#1728,.T.);
#2413=EDGE_CURVE('',#1972,#1973,#997,.T.);
#2414=EDGE_CURVE('',#1973,#1973,#1729,.T.);
#2415=EDGE_CURVE('',#1974,#1974,#1730,.T.);
#2416=EDGE_CURVE('',#1974,#1975,#998,.T.);
#2417=EDGE_CURVE('',#1975,#1975,#1731,.T.);
#2418=EDGE_CURVE('',#1976,#1976,#1732,.T.);
#2419=EDGE_CURVE('',#1976,#1977,#999,.T.);
#2420=EDGE_CURVE('',#1977,#1977,#1733,.T.);
#2421=EDGE_CURVE('',#1978,#1978,#1734,.T.);
#2422=EDGE_CURVE('',#1978,#1979,#1000,.T.);
#2423=EDGE_CURVE('',#1979,#1979,#1735,.T.);
#2424=EDGE_CURVE('',#1980,#1980,#1736,.T.);
#2425=EDGE_CURVE('',#1980,#1981,#1001,.T.);
#2426=EDGE_CURVE('',#1981,#1981,#1737,.T.);
#2427=EDGE_CURVE('',#1982,#1982,#1738,.T.);
#2428=EDGE_CURVE('',#1982,#1983,#1002,.T.);
#2429=EDGE_CURVE('',#1983,#1983,#1739,.T.);
#2430=EDGE_CURVE('',#1984,#1984,#1740,.T.);
#2431=EDGE_CURVE('',#1984,#1985,#1003,.T.);
#2432=EDGE_CURVE('',#1985,#1985,#1741,.T.);
#2433=EDGE_CURVE('',#1986,#1986,#1742,.T.);
#2434=EDGE_CURVE('',#1986,#1987,#1004,.T.);
#2435=EDGE_CURVE('',#1987,#1987,#1743,.T.);
#2436=EDGE_CURVE('',#1988,#1988,#1744,.T.);
#2437=EDGE_CURVE('',#1988,#1989,#1005,.T.);
#2438=EDGE_CURVE('',#1989,#1989,#1745,.T.);
#2439=EDGE_CURVE('',#1990,#1990,#1746,.T.);
#2440=EDGE_CURVE('',#1990,#1988,#1006,.T.);
#2441=EDGE_CURVE('',#1991,#1992,#1007,.T.);
#2442=EDGE_CURVE('',#1991,#1993,#1008,.T.);
#2443=EDGE_CURVE('',#1993,#1994,#1009,.T.);
#2444=EDGE_CURVE('',#1994,#1995,#1010,.T.);
#2445=EDGE_CURVE('',#1996,#1995,#1011,.T.);
#2446=EDGE_CURVE('',#1997,#1996,#1012,.T.);
#2447=EDGE_CURVE('',#1992,#1997,#1013,.T.);
#2448=EDGE_CURVE('',#1995,#1998,#1747,.T.);
#2449=EDGE_CURVE('',#1999,#1998,#1014,.T.);
#2450=EDGE_CURVE('',#1996,#1999,#1748,.T.);
#2451=EDGE_CURVE('',#2000,#2001,#1015,.T.);
#2452=EDGE_CURVE('',#2000,#2002,#1016,.T.);
#2453=EDGE_CURVE('',#2003,#2002,#1017,.T.);
#2454=EDGE_CURVE('',#2003,#2004,#1018,.T.);
#2455=EDGE_CURVE('',#1999,#2004,#1019,.T.);
#2456=EDGE_CURVE('',#1998,#2001,#1020,.T.);
#2457=EDGE_CURVE('',#1993,#2000,#1021,.T.);
#2458=EDGE_CURVE('',#2001,#1994,#1022,.T.);
#2459=EDGE_CURVE('',#2005,#2004,#1749,.T.);
#2460=EDGE_CURVE('',#2006,#2005,#1023,.T.);
#2461=EDGE_CURVE('',#1997,#2006,#1750,.T.);
#2462=EDGE_CURVE('',#2007,#2006,#1024,.T.);
#2463=EDGE_CURVE('',#1992,#2007,#1751,.T.);
#2464=EDGE_CURVE('',#2008,#2005,#1025,.T.);
#2465=EDGE_CURVE('',#2007,#2008,#1026,.T.);
#2466=EDGE_CURVE('',#2008,#2003,#1752,.T.);
#2467=EDGE_CURVE('',#2002,#1991,#1027,.T.);
#2468=EDGE_CURVE('',#2009,#2009,#1753,.T.);
#2469=EDGE_CURVE('',#2009,#2010,#1028,.T.);
#2470=EDGE_CURVE('',#2010,#2010,#1754,.T.);
#2471=EDGE_CURVE('',#2011,#2011,#1755,.T.);
#2472=EDGE_CURVE('',#2011,#2012,#1029,.T.);
#2473=EDGE_CURVE('',#2012,#2012,#1756,.T.);
#2474=EDGE_CURVE('',#2013,#2014,#1757,.T.);
#2475=EDGE_CURVE('',#2014,#2015,#1030,.T.);
#2476=EDGE_CURVE('',#2016,#2015,#1758,.T.);
#2477=EDGE_CURVE('',#2017,#2016,#1759,.T.);
#2478=EDGE_CURVE('',#2013,#2017,#1031,.T.);
#2479=EDGE_CURVE('',#2018,#2018,#1760,.T.);
#2480=EDGE_CURVE('',#2018,#2019,#1032,.T.);
#2481=EDGE_CURVE('',#2019,#2019,#1761,.T.);
#2482=EDGE_CURVE('',#2020,#2020,#1762,.T.);
#2483=EDGE_CURVE('',#2020,#2021,#1033,.T.);
#2484=EDGE_CURVE('',#2021,#2021,#1763,.T.);
#2485=EDGE_CURVE('',#2022,#2022,#1764,.T.);
#2486=EDGE_CURVE('',#2022,#2023,#1034,.T.);
#2487=EDGE_CURVE('',#2023,#2023,#1765,.T.);
#2488=EDGE_CURVE('',#2024,#2024,#1766,.T.);
#2489=EDGE_CURVE('',#2024,#2022,#1035,.T.);
#2490=EDGE_CURVE('',#2025,#2025,#1767,.T.);
#2491=EDGE_CURVE('',#2025,#2026,#1036,.T.);
#2492=EDGE_CURVE('',#2026,#2026,#1768,.T.);
#2493=EDGE_CURVE('',#2027,#2027,#1769,.T.);
#2494=EDGE_CURVE('',#2027,#2028,#1037,.T.);
#2495=EDGE_CURVE('',#2028,#2028,#1770,.T.);
#2496=EDGE_CURVE('',#2029,#2030,#1771,.T.);
#2497=EDGE_CURVE('',#2029,#2031,#1038,.T.);
#2498=EDGE_CURVE('',#2032,#2031,#1039,.T.);
#2499=EDGE_CURVE('',#2033,#2032,#1040,.T.);
#2500=EDGE_CURVE('',#2034,#2033,#1772,.T.);
#2501=EDGE_CURVE('',#2035,#2034,#1041,.T.);
#2502=EDGE_CURVE('',#2036,#2035,#1773,.T.);
#2503=EDGE_CURVE('',#2030,#2036,#1042,.T.);
#2504=EDGE_CURVE('',#2037,#2038,#1043,.T.);
#2505=EDGE_CURVE('',#2039,#2037,#1044,.T.);
#2506=EDGE_CURVE('',#2040,#2039,#1045,.T.);
#2507=EDGE_CURVE('',#2040,#2038,#1046,.T.);
#2508=EDGE_CURVE('',#2041,#2042,#1047,.T.);
#2509=EDGE_CURVE('',#2043,#2042,#1048,.T.);
#2510=EDGE_CURVE('',#2043,#2044,#1049,.T.);
#2511=EDGE_CURVE('',#2041,#2044,#1050,.T.);
#2512=EDGE_CURVE('',#2045,#2031,#1051,.T.);
#2513=EDGE_CURVE('',#2046,#2045,#1052,.T.);
#2514=EDGE_CURVE('',#2046,#2047,#1053,.T.);
#2515=EDGE_CURVE('',#2047,#2014,#1054,.T.);
#2516=EDGE_CURVE('',#2013,#2048,#1055,.T.);
#2517=EDGE_CURVE('',#2048,#2049,#1056,.T.);
#2518=EDGE_CURVE('',#2049,#2050,#1057,.T.);
#2519=EDGE_CURVE('',#2051,#2050,#1774,.T.);
#2520=EDGE_CURVE('',#2051,#2032,#1058,.T.);
#2521=EDGE_CURVE('',#2042,#2046,#1775,.T.);
#2522=EDGE_CURVE('',#2047,#2041,#1776,.T.);
#2523=EDGE_CURVE('',#2038,#2043,#1777,.T.);
#2524=EDGE_CURVE('',#2044,#2040,#1778,.T.);
#2525=EDGE_CURVE('',#2039,#2052,#1059,.T.);
#2526=EDGE_CURVE('',#2052,#2053,#1779,.T.);
#2527=EDGE_CURVE('',#2053,#2054,#1060,.T.);
#2528=EDGE_CURVE('',#2054,#2055,#1780,.T.);
#2529=EDGE_CURVE('',#2055,#2056,#1061,.T.);
#2530=EDGE_CURVE('',#2056,#2016,#1062,.T.);
#2531=EDGE_CURVE('',#2016,#2015,#1063,.T.);
#2532=EDGE_CURVE('',#2049,#2057,#1781,.T.);
#2533=EDGE_CURVE('',#2057,#2058,#1064,.T.);
#2534=EDGE_CURVE('',#2058,#2059,#1782,.T.);
#2535=EDGE_CURVE('',#2059,#2060,#1065,.T.);
#2536=EDGE_CURVE('',#2050,#2060,#1066,.T.);
#2537=EDGE_CURVE('',#2061,#2062,#1067,.T.);
#2538=EDGE_CURVE('',#2033,#2062,#1068,.T.);
#2539=EDGE_CURVE('',#2051,#2056,#1069,.T.);
#2540=EDGE_CURVE('',#2063,#2055,#1070,.T.);
#2541=EDGE_CURVE('',#2064,#2063,#1071,.T.);
#2542=EDGE_CURVE('',#2064,#2061,#1072,.T.);
#2543=EDGE_CURVE('',#2065,#2037,#1073,.T.);
#2544=EDGE_CURVE('',#2065,#2030,#1074,.T.);
#2545=EDGE_CURVE('',#2036,#2066,#1075,.T.);
#2546=EDGE_CURVE('',#2066,#2067,#1076,.T.);
#2547=EDGE_CURVE('',#2068,#2067,#1077,.T.);
#2548=EDGE_CURVE('',#2069,#2068,#1078,.T.);
#2549=EDGE_CURVE('',#2069,#2052,#1079,.T.);
#2550=EDGE_CURVE('',#2070,#2071,#1080,.T.);
#2551=EDGE_CURVE('',#2071,#2062,#1783,.T.);
#2552=EDGE_CURVE('',#2067,#2061,#1784,.T.);
#2553=EDGE_CURVE('',#2066,#2070,#1785,.T.);
#2554=EDGE_CURVE('',#2072,#2063,#1786,.T.);
#2555=EDGE_CURVE('',#2073,#2072,#1081,.T.);
#2556=EDGE_CURVE('',#2069,#2073,#1787,.T.);
#2557=EDGE_CURVE('',#2068,#2064,#1788,.T.);
#2558=EDGE_CURVE('',#2073,#2053,#1082,.T.);
#2559=EDGE_CURVE('',#2072,#2054,#1083,.T.);
#2560=EDGE_CURVE('',#2034,#2071,#1084,.T.);
#2561=EDGE_CURVE('',#2035,#2070,#1085,.T.);
#2562=EDGE_CURVE('',#2056,#2060,#1789,.T.);
#2563=EDGE_CURVE('',#2074,#2075,#1086,.T.);
#2564=EDGE_CURVE('',#2074,#2048,#1790,.T.);
#2565=EDGE_CURVE('',#2017,#2076,#1087,.T.);
#2566=EDGE_CURVE('',#2076,#2075,#1791,.T.);
#2567=EDGE_CURVE('',#2057,#2074,#1088,.T.);
#2568=EDGE_CURVE('',#2075,#2058,#1089,.T.);
#2569=EDGE_CURVE('',#2059,#2076,#1090,.T.);
#2570=EDGE_CURVE('',#2077,#2029,#1091,.T.);
#2571=EDGE_CURVE('',#2077,#2045,#1092,.T.);
#2572=EDGE_CURVE('',#2077,#2065,#1792,.T.);
#2573=EDGE_CURVE('',#2078,#2078,#1793,.T.);
#2574=EDGE_CURVE('',#2078,#2079,#1093,.T.);
#2575=EDGE_CURVE('',#2079,#2079,#1794,.T.);
#2576=EDGE_CURVE('',#2080,#2080,#1795,.T.);
#2577=EDGE_CURVE('',#2080,#2081,#1094,.T.);
#2578=EDGE_CURVE('',#2081,#2081,#1796,.T.);
#2579=EDGE_CURVE('',#2078,#2082,#1095,.T.);
#2580=EDGE_CURVE('',#2082,#2082,#1797,.T.);
#2581=EDGE_CURVE('',#2083,#2083,#1798,.T.);
#2582=EDGE_CURVE('',#2083,#2080,#1096,.T.);
#2583=EDGE_CURVE('',#2083,#2084,#1097,.T.);
#2584=EDGE_CURVE('',#2084,#2084,#1799,.T.);
#2585=EDGE_CURVE('',#2085,#2085,#1800,.T.);
#2586=EDGE_CURVE('',#2085,#2086,#1801,.T.);
#2587=EDGE_CURVE('',#2086,#2086,#1802,.T.);
#2588=EDGE_CURVE('',#2085,#2087,#1098,.T.);
#2589=EDGE_CURVE('',#2087,#2087,#1803,.T.);
#2590=EDGE_CURVE('',#2087,#2088,#1099,.T.);
#2591=EDGE_CURVE('',#2088,#2088,#1804,.T.);
#2592=EDGE_CURVE('',#2089,#2089,#1805,.T.);
#2593=EDGE_CURVE('',#2089,#2090,#1100,.T.);
#2594=EDGE_CURVE('',#2090,#2090,#1806,.T.);
#2595=EDGE_CURVE('',#2091,#2091,#1807,.T.);
#2596=EDGE_CURVE('',#2091,#2092,#1101,.T.);
#2597=EDGE_CURVE('',#2092,#2092,#1808,.T.);
#2598=EDGE_CURVE('',#2093,#2093,#1809,.T.);
#2599=EDGE_CURVE('',#2093,#2094,#1102,.T.);
#2600=EDGE_CURVE('',#2094,#2094,#1810,.T.);
#2601=EDGE_CURVE('',#2095,#2095,#1811,.T.);
#2602=EDGE_CURVE('',#2095,#2096,#1103,.T.);
#2603=EDGE_CURVE('',#2096,#2096,#1812,.T.);
#2604=EDGE_CURVE('',#2097,#2097,#1813,.T.);
#2605=EDGE_CURVE('',#2097,#2098,#1104,.T.);
#2606=EDGE_CURVE('',#2098,#2098,#1814,.T.);
#2607=EDGE_CURVE('',#2098,#2099,#1105,.T.);
#2608=EDGE_CURVE('',#2099,#2099,#1815,.T.);
#2609=EDGE_CURVE('',#2100,#2100,#1816,.T.);
#2610=EDGE_CURVE('',#2100,#2101,#1106,.T.);
#2611=EDGE_CURVE('',#2101,#2101,#1817,.T.);
#2612=EDGE_CURVE('',#2102,#2102,#1818,.T.);
#2613=EDGE_CURVE('',#2102,#2103,#1107,.T.);
#2614=EDGE_CURVE('',#2103,#2103,#1819,.T.);
#2615=EDGE_CURVE('',#2103,#2104,#1108,.T.);
#2616=EDGE_CURVE('',#2104,#2104,#1820,.T.);
#2617=EDGE_CURVE('',#2105,#2105,#1821,.T.);
#2618=EDGE_CURVE('',#2105,#2106,#1109,.T.);
#2619=EDGE_CURVE('',#2106,#2106,#1822,.T.);
#2620=EDGE_CURVE('',#2106,#2107,#1110,.T.);
#2621=EDGE_CURVE('',#2107,#2107,#1823,.T.);
#2622=EDGE_CURVE('',#2108,#2108,#1824,.T.);
#2623=EDGE_CURVE('',#2108,#2109,#1111,.T.);
#2624=EDGE_CURVE('',#2109,#2109,#1825,.T.);
#2625=EDGE_CURVE('',#2110,#2111,#1112,.T.);
#2626=EDGE_CURVE('',#2112,#2110,#1113,.T.);
#2627=EDGE_CURVE('',#2113,#2112,#1114,.T.);
#2628=EDGE_CURVE('',#2114,#2113,#1115,.T.);
#2629=EDGE_CURVE('',#2115,#2114,#1116,.T.);
#2630=EDGE_CURVE('',#2111,#2115,#1117,.T.);
#2631=EDGE_CURVE('',#2116,#2110,#1118,.T.);
#2632=EDGE_CURVE('',#2117,#2116,#1119,.T.);
#2633=EDGE_CURVE('',#2117,#2112,#1120,.T.);
#2634=EDGE_CURVE('',#2118,#2117,#1121,.T.);
#2635=EDGE_CURVE('',#2118,#2113,#1122,.T.);
#2636=EDGE_CURVE('',#2119,#2118,#1123,.T.);
#2637=EDGE_CURVE('',#2119,#2114,#1124,.T.);
#2638=EDGE_CURVE('',#2120,#2119,#1125,.T.);
#2639=EDGE_CURVE('',#2120,#2115,#1126,.T.);
#2640=EDGE_CURVE('',#2121,#2120,#1127,.T.);
#2641=EDGE_CURVE('',#2121,#2111,#1128,.T.);
#2642=EDGE_CURVE('',#2116,#2121,#1129,.T.);
#2643=EDGE_CURVE('',#2122,#2122,#1826,.T.);
#2644=EDGE_CURVE('',#2122,#2123,#1130,.T.);
#2645=EDGE_CURVE('',#2123,#2123,#1827,.T.);
#2646=EDGE_CURVE('',#2123,#2124,#1131,.T.);
#2647=EDGE_CURVE('',#2124,#2124,#1828,.T.);
#2648=EDGE_CURVE('',#2125,#2125,#1829,.T.);
#2649=EDGE_CURVE('',#2125,#2126,#1132,.T.);
#2650=EDGE_CURVE('',#2126,#2126,#1830,.T.);
#2651=EDGE_CURVE('',#2127,#2128,#1133,.T.);
#2652=EDGE_CURVE('',#2129,#2127,#1134,.T.);
#2653=EDGE_CURVE('',#2130,#2129,#1135,.T.);
#2654=EDGE_CURVE('',#2131,#2130,#1136,.T.);
#2655=EDGE_CURVE('',#2132,#2131,#1137,.T.);
#2656=EDGE_CURVE('',#2128,#2132,#1138,.T.);
#2657=EDGE_CURVE('',#2133,#2127,#1139,.T.);
#2658=EDGE_CURVE('',#2134,#2133,#1140,.T.);
#2659=EDGE_CURVE('',#2134,#2129,#1141,.T.);
#2660=EDGE_CURVE('',#2135,#2134,#1142,.T.);
#2661=EDGE_CURVE('',#2135,#2130,#1143,.T.);
#2662=EDGE_CURVE('',#2136,#2135,#1144,.T.);
#2663=EDGE_CURVE('',#2136,#2131,#1145,.T.);
#2664=EDGE_CURVE('',#2137,#2136,#1146,.T.);
#2665=EDGE_CURVE('',#2137,#2132,#1147,.T.);
#2666=EDGE_CURVE('',#2138,#2137,#1148,.T.);
#2667=EDGE_CURVE('',#2138,#2128,#1149,.T.);
#2668=EDGE_CURVE('',#2133,#2138,#1150,.T.);
#2669=EDGE_CURVE('',#2139,#2139,#1831,.T.);
#2670=EDGE_CURVE('',#2139,#2140,#1151,.T.);
#2671=EDGE_CURVE('',#2140,#2140,#1832,.T.);
#2672=EDGE_CURVE('',#2140,#2141,#1152,.T.);
#2673=EDGE_CURVE('',#2141,#2141,#1833,.T.);
#2674=EDGE_CURVE('',#2142,#2142,#1834,.T.);
#2675=EDGE_CURVE('',#2142,#2143,#1153,.T.);
#2676=EDGE_CURVE('',#2143,#2143,#1835,.T.);
#2677=EDGE_CURVE('',#2144,#2145,#1154,.T.);
#2678=EDGE_CURVE('',#2146,#2144,#1155,.T.);
#2679=EDGE_CURVE('',#2147,#2146,#1156,.T.);
#2680=EDGE_CURVE('',#2148,#2147,#1157,.T.);
#2681=EDGE_CURVE('',#2149,#2148,#1158,.T.);
#2682=EDGE_CURVE('',#2145,#2149,#1159,.T.);
#2683=EDGE_CURVE('',#2150,#2144,#1160,.T.);
#2684=EDGE_CURVE('',#2151,#2150,#1161,.T.);
#2685=EDGE_CURVE('',#2151,#2146,#1162,.T.);
#2686=EDGE_CURVE('',#2152,#2151,#1163,.T.);
#2687=EDGE_CURVE('',#2152,#2147,#1164,.T.);
#2688=EDGE_CURVE('',#2153,#2152,#1165,.T.);
#2689=EDGE_CURVE('',#2153,#2148,#1166,.T.);
#2690=EDGE_CURVE('',#2154,#2153,#1167,.T.);
#2691=EDGE_CURVE('',#2154,#2149,#1168,.T.);
#2692=EDGE_CURVE('',#2155,#2154,#1169,.T.);
#2693=EDGE_CURVE('',#2155,#2145,#1170,.T.);
#2694=EDGE_CURVE('',#2150,#2155,#1171,.T.);
#2695=EDGE_CURVE('',#2156,#2156,#1836,.T.);
#2696=EDGE_CURVE('',#2156,#2157,#1172,.T.);
#2697=EDGE_CURVE('',#2157,#2157,#1837,.T.);
#2698=EDGE_CURVE('',#2157,#2158,#1173,.T.);
#2699=EDGE_CURVE('',#2158,#2158,#1838,.T.);
#2700=EDGE_CURVE('',#2159,#2159,#1839,.T.);
#2701=EDGE_CURVE('',#2159,#2160,#1174,.T.);
#2702=EDGE_CURVE('',#2160,#2160,#1840,.T.);
#2703=EDGE_CURVE('',#2161,#2162,#1175,.T.);
#2704=EDGE_CURVE('',#2163,#2161,#1176,.T.);
#2705=EDGE_CURVE('',#2164,#2163,#1177,.T.);
#2706=EDGE_CURVE('',#2165,#2164,#1178,.T.);
#2707=EDGE_CURVE('',#2166,#2165,#1179,.T.);
#2708=EDGE_CURVE('',#2162,#2166,#1180,.T.);
#2709=EDGE_CURVE('',#2167,#2161,#1181,.T.);
#2710=EDGE_CURVE('',#2168,#2167,#1182,.T.);
#2711=EDGE_CURVE('',#2168,#2163,#1183,.T.);
#2712=EDGE_CURVE('',#2169,#2168,#1184,.T.);
#2713=EDGE_CURVE('',#2169,#2164,#1185,.T.);
#2714=EDGE_CURVE('',#2170,#2169,#1186,.T.);
#2715=EDGE_CURVE('',#2170,#2165,#1187,.T.);
#2716=EDGE_CURVE('',#2171,#2170,#1188,.T.);
#2717=EDGE_CURVE('',#2171,#2166,#1189,.T.);
#2718=EDGE_CURVE('',#2172,#2171,#1190,.T.);
#2719=EDGE_CURVE('',#2172,#2162,#1191,.T.);
#2720=EDGE_CURVE('',#2167,#2172,#1192,.T.);
#2721=EDGE_CURVE('',#2173,#2173,#1841,.T.);
#2722=EDGE_CURVE('',#2173,#2174,#1193,.T.);
#2723=EDGE_CURVE('',#2174,#2174,#1842,.T.);
#2724=EDGE_CURVE('',#2174,#2175,#1194,.T.);
#2725=EDGE_CURVE('',#2175,#2175,#1843,.T.);
#2726=EDGE_CURVE('',#2176,#2176,#1844,.T.);
#2727=EDGE_CURVE('',#2176,#2177,#1195,.T.);
#2728=EDGE_CURVE('',#2177,#2177,#1845,.T.);
#2729=EDGE_CURVE('',#2178,#2179,#1196,.T.);
#2730=EDGE_CURVE('',#2180,#2178,#1197,.T.);
#2731=EDGE_CURVE('',#2181,#2180,#1198,.T.);
#2732=EDGE_CURVE('',#2182,#2181,#1199,.T.);
#2733=EDGE_CURVE('',#2183,#2182,#1200,.T.);
#2734=EDGE_CURVE('',#2179,#2183,#1201,.T.);
#2735=EDGE_CURVE('',#2184,#2178,#1202,.T.);
#2736=EDGE_CURVE('',#2185,#2184,#1203,.T.);
#2737=EDGE_CURVE('',#2185,#2180,#1204,.T.);
#2738=EDGE_CURVE('',#2186,#2185,#1205,.T.);
#2739=EDGE_CURVE('',#2186,#2181,#1206,.T.);
#2740=EDGE_CURVE('',#2187,#2186,#1207,.T.);
#2741=EDGE_CURVE('',#2187,#2182,#1208,.T.);
#2742=EDGE_CURVE('',#2188,#2187,#1209,.T.);
#2743=EDGE_CURVE('',#2188,#2183,#1210,.T.);
#2744=EDGE_CURVE('',#2189,#2188,#1211,.T.);
#2745=EDGE_CURVE('',#2189,#2179,#1212,.T.);
#2746=EDGE_CURVE('',#2184,#2189,#1213,.T.);
#2747=EDGE_CURVE('',#2190,#2190,#1846,.T.);
#2748=EDGE_CURVE('',#2190,#2191,#1214,.T.);
#2749=EDGE_CURVE('',#2191,#2191,#1847,.T.);
#2750=EDGE_CURVE('',#2191,#2192,#1215,.T.);
#2751=EDGE_CURVE('',#2192,#2192,#1848,.T.);
#2752=EDGE_CURVE('',#2193,#2193,#1849,.T.);
#2753=EDGE_CURVE('',#2193,#2194,#1216,.T.);
#2754=EDGE_CURVE('',#2194,#2194,#1850,.T.);
#2755=EDGE_CURVE('',#2195,#2196,#1217,.T.);
#2756=EDGE_CURVE('',#2197,#2195,#1218,.T.);
#2757=EDGE_CURVE('',#2198,#2197,#1219,.T.);
#2758=EDGE_CURVE('',#2199,#2198,#1220,.T.);
#2759=EDGE_CURVE('',#2200,#2199,#1221,.T.);
#2760=EDGE_CURVE('',#2196,#2200,#1222,.T.);
#2761=EDGE_CURVE('',#2201,#2195,#1223,.T.);
#2762=EDGE_CURVE('',#2202,#2201,#1224,.T.);
#2763=EDGE_CURVE('',#2202,#2197,#1225,.T.);
#2764=EDGE_CURVE('',#2203,#2202,#1226,.T.);
#2765=EDGE_CURVE('',#2203,#2198,#1227,.T.);
#2766=EDGE_CURVE('',#2204,#2203,#1228,.T.);
#2767=EDGE_CURVE('',#2204,#2199,#1229,.T.);
#2768=EDGE_CURVE('',#2205,#2204,#1230,.T.);
#2769=EDGE_CURVE('',#2205,#2200,#1231,.T.);
#2770=EDGE_CURVE('',#2206,#2205,#1232,.T.);
#2771=EDGE_CURVE('',#2206,#2196,#1233,.T.);
#2772=EDGE_CURVE('',#2201,#2206,#1234,.T.);
#2773=EDGE_CURVE('',#2207,#2207,#1851,.T.);
#2774=EDGE_CURVE('',#2207,#2208,#1235,.T.);
#2775=EDGE_CURVE('',#2208,#2208,#1852,.T.);
#2776=EDGE_CURVE('',#2208,#2209,#1236,.T.);
#2777=EDGE_CURVE('',#2209,#2209,#1853,.T.);
#2778=EDGE_CURVE('',#2210,#2210,#1854,.T.);
#2779=EDGE_CURVE('',#2210,#2211,#1237,.T.);
#2780=EDGE_CURVE('',#2211,#2211,#1855,.T.);
#2781=EDGE_CURVE('',#2212,#2213,#1238,.T.);
#2782=EDGE_CURVE('',#2214,#2212,#1239,.T.);
#2783=EDGE_CURVE('',#2215,#2214,#1240,.T.);
#2784=EDGE_CURVE('',#2216,#2215,#1241,.T.);
#2785=EDGE_CURVE('',#2217,#2216,#1242,.T.);
#2786=EDGE_CURVE('',#2213,#2217,#1243,.T.);
#2787=EDGE_CURVE('',#2218,#2212,#1244,.T.);
#2788=EDGE_CURVE('',#2219,#2218,#1245,.T.);
#2789=EDGE_CURVE('',#2219,#2214,#1246,.T.);
#2790=EDGE_CURVE('',#2220,#2219,#1247,.T.);
#2791=EDGE_CURVE('',#2220,#2215,#1248,.T.);
#2792=EDGE_CURVE('',#2221,#2220,#1249,.T.);
#2793=EDGE_CURVE('',#2221,#2216,#1250,.T.);
#2794=EDGE_CURVE('',#2222,#2221,#1251,.T.);
#2795=EDGE_CURVE('',#2222,#2217,#1252,.T.);
#2796=EDGE_CURVE('',#2223,#2222,#1253,.T.);
#2797=EDGE_CURVE('',#2223,#2213,#1254,.T.);
#2798=EDGE_CURVE('',#2218,#2223,#1255,.T.);
#2799=EDGE_CURVE('',#2224,#2224,#1856,.T.);
#2800=EDGE_CURVE('',#2224,#2225,#1256,.T.);
#2801=EDGE_CURVE('',#2225,#2225,#1857,.T.);
#2802=EDGE_CURVE('',#2225,#2226,#1257,.T.);
#2803=EDGE_CURVE('',#2226,#2226,#1858,.T.);
#2804=EDGE_CURVE('',#2227,#2227,#1859,.T.);
#2805=EDGE_CURVE('',#2227,#2228,#1258,.T.);
#2806=EDGE_CURVE('',#2228,#2228,#1860,.T.);
#2807=EDGE_CURVE('',#2229,#2230,#1259,.T.);
#2808=EDGE_CURVE('',#2231,#2229,#1260,.T.);
#2809=EDGE_CURVE('',#2232,#2231,#1261,.T.);
#2810=EDGE_CURVE('',#2233,#2232,#1262,.T.);
#2811=EDGE_CURVE('',#2234,#2233,#1263,.T.);
#2812=EDGE_CURVE('',#2230,#2234,#1264,.T.);
#2813=EDGE_CURVE('',#2235,#2229,#1265,.T.);
#2814=EDGE_CURVE('',#2236,#2235,#1266,.T.);
#2815=EDGE_CURVE('',#2236,#2231,#1267,.T.);
#2816=EDGE_CURVE('',#2237,#2236,#1268,.T.);
#2817=EDGE_CURVE('',#2237,#2232,#1269,.T.);
#2818=EDGE_CURVE('',#2238,#2237,#1270,.T.);
#2819=EDGE_CURVE('',#2238,#2233,#1271,.T.);
#2820=EDGE_CURVE('',#2239,#2238,#1272,.T.);
#2821=EDGE_CURVE('',#2239,#2234,#1273,.T.);
#2822=EDGE_CURVE('',#2240,#2239,#1274,.T.);
#2823=EDGE_CURVE('',#2240,#2230,#1275,.T.);
#2824=EDGE_CURVE('',#2235,#2240,#1276,.T.);
#2825=ORIENTED_EDGE('',*,*,#2241,.T.);
#2826=ORIENTED_EDGE('',*,*,#2242,.T.);
#2827=ORIENTED_EDGE('',*,*,#2243,.F.);
#2828=ORIENTED_EDGE('',*,*,#2242,.F.);
#2829=ORIENTED_EDGE('',*,*,#2244,.T.);
#2830=ORIENTED_EDGE('',*,*,#2245,.T.);
#2831=ORIENTED_EDGE('',*,*,#2246,.F.);
#2832=ORIENTED_EDGE('',*,*,#2245,.F.);
#2833=ORIENTED_EDGE('',*,*,#2247,.F.);
#2834=ORIENTED_EDGE('',*,*,#2248,.T.);
#2835=ORIENTED_EDGE('',*,*,#2249,.T.);
#2836=ORIENTED_EDGE('',*,*,#2250,.T.);
#2837=ORIENTED_EDGE('',*,*,#2251,.F.);
#2838=ORIENTED_EDGE('',*,*,#2252,.T.);
#2839=ORIENTED_EDGE('',*,*,#2253,.T.);
#2840=ORIENTED_EDGE('',*,*,#2254,.F.);
#2841=ORIENTED_EDGE('',*,*,#2253,.F.);
#2842=ORIENTED_EDGE('',*,*,#2255,.T.);
#2843=ORIENTED_EDGE('',*,*,#2256,.T.);
#2844=ORIENTED_EDGE('',*,*,#2257,.F.);
#2845=ORIENTED_EDGE('',*,*,#2256,.F.);
#2846=ORIENTED_EDGE('',*,*,#2258,.T.);
#2847=ORIENTED_EDGE('',*,*,#2259,.T.);
#2848=ORIENTED_EDGE('',*,*,#2260,.T.);
#2849=ORIENTED_EDGE('',*,*,#2259,.F.);
#2850=ORIENTED_EDGE('',*,*,#2261,.F.);
#2851=ORIENTED_EDGE('',*,*,#2262,.T.);
#2852=ORIENTED_EDGE('',*,*,#2258,.F.);
#2853=ORIENTED_EDGE('',*,*,#2262,.F.);
#2854=ORIENTED_EDGE('',*,*,#2263,.T.);
#2855=ORIENTED_EDGE('',*,*,#2264,.T.);
#2856=ORIENTED_EDGE('',*,*,#2265,.F.);
#2857=ORIENTED_EDGE('',*,*,#2264,.F.);
#2858=ORIENTED_EDGE('',*,*,#2266,.T.);
#2859=ORIENTED_EDGE('',*,*,#2267,.T.);
#2860=ORIENTED_EDGE('',*,*,#2268,.F.);
#2861=ORIENTED_EDGE('',*,*,#2267,.F.);
#2862=ORIENTED_EDGE('',*,*,#2269,.T.);
#2863=ORIENTED_EDGE('',*,*,#2270,.T.);
#2864=ORIENTED_EDGE('',*,*,#2271,.T.);
#2865=ORIENTED_EDGE('',*,*,#2272,.T.);
#2866=ORIENTED_EDGE('',*,*,#2273,.T.);
#2867=ORIENTED_EDGE('',*,*,#2274,.T.);
#2868=ORIENTED_EDGE('',*,*,#2275,.T.);
#2869=ORIENTED_EDGE('',*,*,#2276,.F.);
#2870=ORIENTED_EDGE('',*,*,#2255,.F.);
#2871=ORIENTED_EDGE('',*,*,#2252,.F.);
#2872=ORIENTED_EDGE('',*,*,#2277,.T.);
#2873=ORIENTED_EDGE('',*,*,#2278,.F.);
#2874=ORIENTED_EDGE('',*,*,#2279,.T.);
#2875=ORIENTED_EDGE('',*,*,#2280,.T.);
#2876=ORIENTED_EDGE('',*,*,#2281,.F.);
#2877=ORIENTED_EDGE('',*,*,#2282,.T.);
#2878=ORIENTED_EDGE('',*,*,#2283,.F.);
#2879=ORIENTED_EDGE('',*,*,#2284,.T.);
#2880=ORIENTED_EDGE('',*,*,#2275,.F.);
#2881=ORIENTED_EDGE('',*,*,#2285,.F.);
#2882=ORIENTED_EDGE('',*,*,#2286,.T.);
#2883=ORIENTED_EDGE('',*,*,#2287,.F.);
#2884=ORIENTED_EDGE('',*,*,#2288,.F.);
#2885=ORIENTED_EDGE('',*,*,#2289,.F.);
#2886=ORIENTED_EDGE('',*,*,#2247,.T.);
#2887=ORIENTED_EDGE('',*,*,#2290,.F.);
#2888=ORIENTED_EDGE('',*,*,#2291,.F.);
#2889=ORIENTED_EDGE('',*,*,#2292,.T.);
#2890=ORIENTED_EDGE('',*,*,#2293,.T.);
#2891=ORIENTED_EDGE('',*,*,#2291,.T.);
#2892=ORIENTED_EDGE('',*,*,#2294,.T.);
#2893=ORIENTED_EDGE('',*,*,#2281,.T.);
#2894=ORIENTED_EDGE('',*,*,#2295,.T.);
#2895=ORIENTED_EDGE('',*,*,#2283,.T.);
#2896=ORIENTED_EDGE('',*,*,#2296,.T.);
#2897=ORIENTED_EDGE('',*,*,#2278,.T.);
#2898=ORIENTED_EDGE('',*,*,#2297,.T.);
#2899=ORIENTED_EDGE('',*,*,#2290,.T.);
#2900=ORIENTED_EDGE('',*,*,#2251,.T.);
#2901=ORIENTED_EDGE('',*,*,#2298,.F.);
#2902=ORIENTED_EDGE('',*,*,#2299,.F.);
#2903=ORIENTED_EDGE('',*,*,#2300,.F.);
#2904=ORIENTED_EDGE('',*,*,#2301,.F.);
#2905=ORIENTED_EDGE('',*,*,#2302,.F.);
#2906=ORIENTED_EDGE('',*,*,#2303,.F.);
#2907=ORIENTED_EDGE('',*,*,#2304,.F.);
#2908=ORIENTED_EDGE('',*,*,#2279,.F.);
#2909=ORIENTED_EDGE('',*,*,#2296,.F.);
#2910=ORIENTED_EDGE('',*,*,#2282,.F.);
#2911=ORIENTED_EDGE('',*,*,#2294,.F.);
#2912=ORIENTED_EDGE('',*,*,#2268,.T.);
#2913=ORIENTED_EDGE('',*,*,#2265,.T.);
#2914=ORIENTED_EDGE('',*,*,#2254,.T.);
#2915=ORIENTED_EDGE('',*,*,#2257,.T.);
#2916=ORIENTED_EDGE('',*,*,#2287,.T.);
#2917=ORIENTED_EDGE('',*,*,#2305,.T.);
#2918=ORIENTED_EDGE('',*,*,#2306,.F.);
#2919=ORIENTED_EDGE('',*,*,#2307,.F.);
#2920=ORIENTED_EDGE('',*,*,#2308,.F.);
#2921=ORIENTED_EDGE('',*,*,#2309,.F.);
#2922=ORIENTED_EDGE('',*,*,#2246,.T.);
#2923=ORIENTED_EDGE('',*,*,#2243,.T.);
#2924=ORIENTED_EDGE('',*,*,#2298,.T.);
#2925=ORIENTED_EDGE('',*,*,#2250,.F.);
#2926=ORIENTED_EDGE('',*,*,#2310,.F.);
#2927=ORIENTED_EDGE('',*,*,#2311,.F.);
#2928=ORIENTED_EDGE('',*,*,#2312,.T.);
#2929=ORIENTED_EDGE('',*,*,#2313,.T.);
#2930=ORIENTED_EDGE('',*,*,#2300,.T.);
#2931=ORIENTED_EDGE('',*,*,#2314,.F.);
#2932=ORIENTED_EDGE('',*,*,#2285,.T.);
#2933=ORIENTED_EDGE('',*,*,#2274,.F.);
#2934=ORIENTED_EDGE('',*,*,#2315,.T.);
#2935=ORIENTED_EDGE('',*,*,#2280,.F.);
#2936=ORIENTED_EDGE('',*,*,#2304,.T.);
#2937=ORIENTED_EDGE('',*,*,#2316,.F.);
#2938=ORIENTED_EDGE('',*,*,#2317,.T.);
#2939=ORIENTED_EDGE('',*,*,#2318,.T.);
#2940=ORIENTED_EDGE('',*,*,#2319,.F.);
#2941=ORIENTED_EDGE('',*,*,#2320,.F.);
#2942=ORIENTED_EDGE('',*,*,#2270,.F.);
#2943=ORIENTED_EDGE('',*,*,#2321,.F.);
#2944=ORIENTED_EDGE('',*,*,#2322,.T.);
#2945=ORIENTED_EDGE('',*,*,#2323,.F.);
#2946=ORIENTED_EDGE('',*,*,#2324,.F.);
#2947=ORIENTED_EDGE('',*,*,#2319,.T.);
#2948=ORIENTED_EDGE('',*,*,#2325,.T.);
#2949=ORIENTED_EDGE('',*,*,#2310,.T.);
#2950=ORIENTED_EDGE('',*,*,#2326,.F.);
#2951=ORIENTED_EDGE('',*,*,#2327,.T.);
#2952=ORIENTED_EDGE('',*,*,#2312,.F.);
#2953=ORIENTED_EDGE('',*,*,#2328,.F.);
#2954=ORIENTED_EDGE('',*,*,#2317,.F.);
#2955=ORIENTED_EDGE('',*,*,#2329,.T.);
#2956=ORIENTED_EDGE('',*,*,#2330,.T.);
#2957=ORIENTED_EDGE('',*,*,#2261,.T.);
#2958=ORIENTED_EDGE('',*,*,#2325,.F.);
#2959=ORIENTED_EDGE('',*,*,#2318,.F.);
#2960=ORIENTED_EDGE('',*,*,#2328,.T.);
#2961=ORIENTED_EDGE('',*,*,#2311,.T.);
#2962=ORIENTED_EDGE('',*,*,#2260,.F.);
#2963=ORIENTED_EDGE('',*,*,#2316,.T.);
#2964=ORIENTED_EDGE('',*,*,#2303,.T.);
#2965=ORIENTED_EDGE('',*,*,#2331,.F.);
#2966=ORIENTED_EDGE('',*,*,#2329,.F.);
#2967=ORIENTED_EDGE('',*,*,#2331,.T.);
#2968=ORIENTED_EDGE('',*,*,#2302,.T.);
#2969=ORIENTED_EDGE('',*,*,#2332,.F.);
#2970=ORIENTED_EDGE('',*,*,#2330,.F.);
#2971=ORIENTED_EDGE('',*,*,#2332,.T.);
#2972=ORIENTED_EDGE('',*,*,#2301,.T.);
#2973=ORIENTED_EDGE('',*,*,#2313,.F.);
#2974=ORIENTED_EDGE('',*,*,#2327,.F.);
#2975=ORIENTED_EDGE('',*,*,#2326,.T.);
#2976=ORIENTED_EDGE('',*,*,#2315,.F.);
#2977=ORIENTED_EDGE('',*,*,#2273,.F.);
#2978=ORIENTED_EDGE('',*,*,#2333,.T.);
#2979=ORIENTED_EDGE('',*,*,#2323,.T.);
#2980=ORIENTED_EDGE('',*,*,#2333,.F.);
#2981=ORIENTED_EDGE('',*,*,#2272,.F.);
#2982=ORIENTED_EDGE('',*,*,#2334,.T.);
#2983=ORIENTED_EDGE('',*,*,#2324,.T.);
#2984=ORIENTED_EDGE('',*,*,#2334,.F.);
#2985=ORIENTED_EDGE('',*,*,#2271,.F.);
#2986=ORIENTED_EDGE('',*,*,#2320,.T.);
#2987=ORIENTED_EDGE('',*,*,#2335,.T.);
#2988=ORIENTED_EDGE('',*,*,#2305,.F.);
#2989=ORIENTED_EDGE('',*,*,#2286,.F.);
#2990=ORIENTED_EDGE('',*,*,#2314,.T.);
#2991=ORIENTED_EDGE('',*,*,#2336,.T.);
#2992=ORIENTED_EDGE('',*,*,#2337,.F.);
#2993=ORIENTED_EDGE('',*,*,#2338,.F.);
#2994=ORIENTED_EDGE('',*,*,#2248,.F.);
#2995=ORIENTED_EDGE('',*,*,#2289,.T.);
#2996=ORIENTED_EDGE('',*,*,#2339,.F.);
#2997=ORIENTED_EDGE('',*,*,#2241,.F.);
#2998=ORIENTED_EDGE('',*,*,#2244,.F.);
#2999=ORIENTED_EDGE('',*,*,#2308,.T.);
#3000=ORIENTED_EDGE('',*,*,#2340,.F.);
#3001=ORIENTED_EDGE('',*,*,#2336,.F.);
#3002=ORIENTED_EDGE('',*,*,#2341,.F.);
#3003=ORIENTED_EDGE('',*,*,#2306,.T.);
#3004=ORIENTED_EDGE('',*,*,#2335,.F.);
#3005=ORIENTED_EDGE('',*,*,#2299,.T.);
#3006=ORIENTED_EDGE('',*,*,#2249,.F.);
#3007=ORIENTED_EDGE('',*,*,#2338,.T.);
#3008=ORIENTED_EDGE('',*,*,#2342,.F.);
#3009=ORIENTED_EDGE('',*,*,#2339,.T.);
#3010=ORIENTED_EDGE('',*,*,#2288,.T.);
#3011=ORIENTED_EDGE('',*,*,#2309,.T.);
#3012=ORIENTED_EDGE('',*,*,#2341,.T.);
#3013=ORIENTED_EDGE('',*,*,#2337,.T.);
#3014=ORIENTED_EDGE('',*,*,#2340,.T.);
#3015=ORIENTED_EDGE('',*,*,#2307,.T.);
#3016=ORIENTED_EDGE('',*,*,#2342,.T.);
#3017=ORIENTED_EDGE('',*,*,#2276,.T.);
#3018=ORIENTED_EDGE('',*,*,#2293,.F.);
#3019=ORIENTED_EDGE('',*,*,#2343,.F.);
#3020=ORIENTED_EDGE('',*,*,#2344,.T.);
#3021=ORIENTED_EDGE('',*,*,#2269,.F.);
#3022=ORIENTED_EDGE('',*,*,#2344,.F.);
#3023=ORIENTED_EDGE('',*,*,#2345,.T.);
#3024=ORIENTED_EDGE('',*,*,#2321,.T.);
#3025=ORIENTED_EDGE('',*,*,#2343,.T.);
#3026=ORIENTED_EDGE('',*,*,#2292,.F.);
#3027=ORIENTED_EDGE('',*,*,#2295,.F.);
#3028=ORIENTED_EDGE('',*,*,#2284,.F.);
#3029=ORIENTED_EDGE('',*,*,#2297,.F.);
#3030=ORIENTED_EDGE('',*,*,#2277,.F.);
#3031=ORIENTED_EDGE('',*,*,#2322,.F.);
#3032=ORIENTED_EDGE('',*,*,#2345,.F.);
#3033=ORIENTED_EDGE('',*,*,#2263,.F.);
#3034=ORIENTED_EDGE('',*,*,#2266,.F.);
#3035=ORIENTED_EDGE('',*,*,#2346,.F.);
#3036=ORIENTED_EDGE('',*,*,#2347,.T.);
#3037=ORIENTED_EDGE('',*,*,#2348,.T.);
#3038=ORIENTED_EDGE('',*,*,#2347,.F.);
#3039=ORIENTED_EDGE('',*,*,#2349,.F.);
#3040=ORIENTED_EDGE('',*,*,#2350,.T.);
#3041=ORIENTED_EDGE('',*,*,#2351,.T.);
#3042=ORIENTED_EDGE('',*,*,#2350,.F.);
#3043=ORIENTED_EDGE('',*,*,#2352,.F.);
#3044=ORIENTED_EDGE('',*,*,#2353,.T.);
#3045=ORIENTED_EDGE('',*,*,#2354,.T.);
#3046=ORIENTED_EDGE('',*,*,#2353,.F.);
#3047=ORIENTED_EDGE('',*,*,#2355,.F.);
#3048=ORIENTED_EDGE('',*,*,#2356,.T.);
#3049=ORIENTED_EDGE('',*,*,#2352,.T.);
#3050=ORIENTED_EDGE('',*,*,#2356,.F.);
#3051=ORIENTED_EDGE('',*,*,#2357,.F.);
#3052=ORIENTED_EDGE('',*,*,#2358,.T.);
#3053=ORIENTED_EDGE('',*,*,#2359,.T.);
#3054=ORIENTED_EDGE('',*,*,#2360,.T.);
#3055=ORIENTED_EDGE('',*,*,#2361,.F.);
#3056=ORIENTED_EDGE('',*,*,#2362,.F.);
#3057=ORIENTED_EDGE('',*,*,#2363,.F.);
#3058=ORIENTED_EDGE('',*,*,#2364,.T.);
#3059=ORIENTED_EDGE('',*,*,#2365,.F.);
#3060=ORIENTED_EDGE('',*,*,#2366,.F.);
#3061=ORIENTED_EDGE('',*,*,#2361,.T.);
#3062=ORIENTED_EDGE('',*,*,#2367,.F.);
#3063=ORIENTED_EDGE('',*,*,#2368,.T.);
#3064=ORIENTED_EDGE('',*,*,#2369,.F.);
#3065=ORIENTED_EDGE('',*,*,#2370,.T.);
#3066=ORIENTED_EDGE('',*,*,#2371,.F.);
#3067=ORIENTED_EDGE('',*,*,#2365,.T.);
#3068=ORIENTED_EDGE('',*,*,#2372,.T.);
#3069=ORIENTED_EDGE('',*,*,#2359,.F.);
#3070=ORIENTED_EDGE('',*,*,#2373,.T.);
#3071=ORIENTED_EDGE('',*,*,#2367,.T.);
#3072=ORIENTED_EDGE('',*,*,#2374,.T.);
#3073=ORIENTED_EDGE('',*,*,#2375,.F.);
#3074=ORIENTED_EDGE('',*,*,#2376,.F.);
#3075=ORIENTED_EDGE('',*,*,#2377,.F.);
#3076=ORIENTED_EDGE('',*,*,#2362,.T.);
#3077=ORIENTED_EDGE('',*,*,#2366,.T.);
#3078=ORIENTED_EDGE('',*,*,#2371,.T.);
#3079=ORIENTED_EDGE('',*,*,#2354,.F.);
#3080=ORIENTED_EDGE('',*,*,#2360,.F.);
#3081=ORIENTED_EDGE('',*,*,#2374,.F.);
#3082=ORIENTED_EDGE('',*,*,#2372,.F.);
#3083=ORIENTED_EDGE('',*,*,#2364,.F.);
#3084=ORIENTED_EDGE('',*,*,#2346,.T.);
#3085=ORIENTED_EDGE('',*,*,#2349,.T.);
#3086=ORIENTED_EDGE('',*,*,#2355,.T.);
#3087=ORIENTED_EDGE('',*,*,#2377,.T.);
#3088=ORIENTED_EDGE('',*,*,#2378,.F.);
#3089=ORIENTED_EDGE('',*,*,#2379,.F.);
#3090=ORIENTED_EDGE('',*,*,#2363,.T.);
#3091=ORIENTED_EDGE('',*,*,#2376,.T.);
#3092=ORIENTED_EDGE('',*,*,#2380,.F.);
#3093=ORIENTED_EDGE('',*,*,#2381,.F.);
#3094=ORIENTED_EDGE('',*,*,#2378,.T.);
#3095=ORIENTED_EDGE('',*,*,#2375,.T.);
#3096=ORIENTED_EDGE('',*,*,#2370,.F.);
#3097=ORIENTED_EDGE('',*,*,#2382,.F.);
#3098=ORIENTED_EDGE('',*,*,#2380,.T.);
#3099=ORIENTED_EDGE('',*,*,#2369,.T.);
#3100=ORIENTED_EDGE('',*,*,#2383,.T.);
#3101=ORIENTED_EDGE('',*,*,#2357,.T.);
#3102=ORIENTED_EDGE('',*,*,#2379,.T.);
#3103=ORIENTED_EDGE('',*,*,#2381,.T.);
#3104=ORIENTED_EDGE('',*,*,#2382,.T.);
#3105=ORIENTED_EDGE('',*,*,#2348,.F.);
#3106=ORIENTED_EDGE('',*,*,#2351,.F.);
#3107=ORIENTED_EDGE('',*,*,#2368,.F.);
#3108=ORIENTED_EDGE('',*,*,#2373,.F.);
#3109=ORIENTED_EDGE('',*,*,#2358,.F.);
#3110=ORIENTED_EDGE('',*,*,#2383,.F.);
#3111=ORIENTED_EDGE('',*,*,#2384,.F.);
#3112=ORIENTED_EDGE('',*,*,#2385,.F.);
#3113=ORIENTED_EDGE('',*,*,#2386,.T.);
#3114=ORIENTED_EDGE('',*,*,#2387,.F.);
#3115=ORIENTED_EDGE('',*,*,#2386,.F.);
#3116=ORIENTED_EDGE('',*,*,#2388,.F.);
#3117=ORIENTED_EDGE('',*,*,#2389,.T.);
#3118=ORIENTED_EDGE('',*,*,#2390,.T.);
#3119=ORIENTED_EDGE('',*,*,#2389,.F.);
#3120=ORIENTED_EDGE('',*,*,#2391,.F.);
#3121=ORIENTED_EDGE('',*,*,#2392,.T.);
#3122=ORIENTED_EDGE('',*,*,#2393,.T.);
#3123=ORIENTED_EDGE('',*,*,#2392,.F.);
#3124=ORIENTED_EDGE('',*,*,#2384,.T.);
#3125=ORIENTED_EDGE('',*,*,#2385,.T.);
#3126=ORIENTED_EDGE('',*,*,#2394,.T.);
#3127=ORIENTED_EDGE('',*,*,#2395,.T.);
#3128=ORIENTED_EDGE('',*,*,#2394,.F.);
#3129=ORIENTED_EDGE('',*,*,#2388,.T.);
#3130=ORIENTED_EDGE('',*,*,#2395,.F.);
#3131=ORIENTED_EDGE('',*,*,#2393,.F.);
#3132=ORIENTED_EDGE('',*,*,#2387,.T.);
#3133=ORIENTED_EDGE('',*,*,#2390,.F.);
#3134=ORIENTED_EDGE('',*,*,#2391,.T.);
#3135=ORIENTED_EDGE('',*,*,#2396,.F.);
#3136=ORIENTED_EDGE('',*,*,#2397,.T.);
#3137=ORIENTED_EDGE('',*,*,#2398,.T.);
#3138=ORIENTED_EDGE('',*,*,#2397,.F.);
#3139=ORIENTED_EDGE('',*,*,#2399,.T.);
#3140=ORIENTED_EDGE('',*,*,#2400,.T.);
#3141=ORIENTED_EDGE('',*,*,#2401,.F.);
#3142=ORIENTED_EDGE('',*,*,#2400,.F.);
#3143=ORIENTED_EDGE('',*,*,#2396,.T.);
#3144=ORIENTED_EDGE('',*,*,#2402,.T.);
#3145=ORIENTED_EDGE('',*,*,#2403,.F.);
#3146=ORIENTED_EDGE('',*,*,#2402,.F.);
#3147=ORIENTED_EDGE('',*,*,#2404,.T.);
#3148=ORIENTED_EDGE('',*,*,#2405,.T.);
#3149=ORIENTED_EDGE('',*,*,#2399,.F.);
#3150=ORIENTED_EDGE('',*,*,#2405,.F.);
#3151=ORIENTED_EDGE('',*,*,#2404,.F.);
#3152=ORIENTED_EDGE('',*,*,#2406,.T.);
#3153=ORIENTED_EDGE('',*,*,#2407,.T.);
#3154=ORIENTED_EDGE('',*,*,#2406,.F.);
#3155=ORIENTED_EDGE('',*,*,#2408,.T.);
#3156=ORIENTED_EDGE('',*,*,#2409,.T.);
#3157=ORIENTED_EDGE('',*,*,#2410,.F.);
#3158=ORIENTED_EDGE('',*,*,#2409,.F.);
#3159=ORIENTED_EDGE('',*,*,#2408,.F.);
#3160=ORIENTED_EDGE('',*,*,#2411,.T.);
#3161=ORIENTED_EDGE('',*,*,#2412,.F.);
#3162=ORIENTED_EDGE('',*,*,#2411,.F.);
#3163=ORIENTED_EDGE('',*,*,#2412,.T.);
#3164=ORIENTED_EDGE('',*,*,#2413,.T.);
#3165=ORIENTED_EDGE('',*,*,#2414,.F.);
#3166=ORIENTED_EDGE('',*,*,#2413,.F.);
#3167=ORIENTED_EDGE('',*,*,#2414,.T.);
#3168=ORIENTED_EDGE('',*,*,#2407,.F.);
#3169=ORIENTED_EDGE('',*,*,#2403,.T.);
#3170=ORIENTED_EDGE('',*,*,#2410,.T.);
#3171=ORIENTED_EDGE('',*,*,#2398,.F.);
#3172=ORIENTED_EDGE('',*,*,#2401,.T.);
#3173=ORIENTED_EDGE('',*,*,#2415,.T.);
#3174=ORIENTED_EDGE('',*,*,#2416,.T.);
#3175=ORIENTED_EDGE('',*,*,#2417,.F.);
#3176=ORIENTED_EDGE('',*,*,#2416,.F.);
#3177=ORIENTED_EDGE('',*,*,#2418,.T.);
#3178=ORIENTED_EDGE('',*,*,#2419,.T.);
#3179=ORIENTED_EDGE('',*,*,#2420,.F.);
#3180=ORIENTED_EDGE('',*,*,#2419,.F.);
#3181=ORIENTED_EDGE('',*,*,#2421,.F.);
#3182=ORIENTED_EDGE('',*,*,#2422,.T.);
#3183=ORIENTED_EDGE('',*,*,#2423,.T.);
#3184=ORIENTED_EDGE('',*,*,#2422,.F.);
#3185=ORIENTED_EDGE('',*,*,#2417,.T.);
#3186=ORIENTED_EDGE('',*,*,#2421,.T.);
#3187=ORIENTED_EDGE('',*,*,#2418,.F.);
#3188=ORIENTED_EDGE('',*,*,#2415,.F.);
#3189=ORIENTED_EDGE('',*,*,#2423,.F.);
#3190=ORIENTED_EDGE('',*,*,#2420,.T.);
#3191=ORIENTED_EDGE('',*,*,#2424,.T.);
#3192=ORIENTED_EDGE('',*,*,#2425,.T.);
#3193=ORIENTED_EDGE('',*,*,#2426,.F.);
#3194=ORIENTED_EDGE('',*,*,#2425,.F.);
#3195=ORIENTED_EDGE('',*,*,#2427,.T.);
#3196=ORIENTED_EDGE('',*,*,#2428,.T.);
#3197=ORIENTED_EDGE('',*,*,#2429,.F.);
#3198=ORIENTED_EDGE('',*,*,#2428,.F.);
#3199=ORIENTED_EDGE('',*,*,#2429,.T.);
#3200=ORIENTED_EDGE('',*,*,#2424,.F.);
#3201=ORIENTED_EDGE('',*,*,#2427,.F.);
#3202=ORIENTED_EDGE('',*,*,#2426,.T.);
#3203=ORIENTED_EDGE('',*,*,#2430,.F.);
#3204=ORIENTED_EDGE('',*,*,#2431,.T.);
#3205=ORIENTED_EDGE('',*,*,#2432,.T.);
#3206=ORIENTED_EDGE('',*,*,#2431,.F.);
#3207=ORIENTED_EDGE('',*,*,#2433,.F.);
#3208=ORIENTED_EDGE('',*,*,#2434,.T.);
#3209=ORIENTED_EDGE('',*,*,#2435,.T.);
#3210=ORIENTED_EDGE('',*,*,#2434,.F.);
#3211=ORIENTED_EDGE('',*,*,#2436,.F.);
#3212=ORIENTED_EDGE('',*,*,#2437,.T.);
#3213=ORIENTED_EDGE('',*,*,#2438,.T.);
#3214=ORIENTED_EDGE('',*,*,#2437,.F.);
#3215=ORIENTED_EDGE('',*,*,#2439,.F.);
#3216=ORIENTED_EDGE('',*,*,#2440,.T.);
#3217=ORIENTED_EDGE('',*,*,#2436,.T.);
#3218=ORIENTED_EDGE('',*,*,#2440,.F.);
#3219=ORIENTED_EDGE('',*,*,#2441,.F.);
#3220=ORIENTED_EDGE('',*,*,#2442,.T.);
#3221=ORIENTED_EDGE('',*,*,#2443,.T.);
#3222=ORIENTED_EDGE('',*,*,#2444,.T.);
#3223=ORIENTED_EDGE('',*,*,#2445,.F.);
#3224=ORIENTED_EDGE('',*,*,#2446,.F.);
#3225=ORIENTED_EDGE('',*,*,#2447,.F.);
#3226=ORIENTED_EDGE('',*,*,#2448,.T.);
#3227=ORIENTED_EDGE('',*,*,#2449,.F.);
#3228=ORIENTED_EDGE('',*,*,#2450,.F.);
#3229=ORIENTED_EDGE('',*,*,#2445,.T.);
#3230=ORIENTED_EDGE('',*,*,#2451,.F.);
#3231=ORIENTED_EDGE('',*,*,#2452,.T.);
#3232=ORIENTED_EDGE('',*,*,#2453,.F.);
#3233=ORIENTED_EDGE('',*,*,#2454,.T.);
#3234=ORIENTED_EDGE('',*,*,#2455,.F.);
#3235=ORIENTED_EDGE('',*,*,#2449,.T.);
#3236=ORIENTED_EDGE('',*,*,#2456,.T.);
#3237=ORIENTED_EDGE('',*,*,#2443,.F.);
#3238=ORIENTED_EDGE('',*,*,#2457,.T.);
#3239=ORIENTED_EDGE('',*,*,#2451,.T.);
#3240=ORIENTED_EDGE('',*,*,#2458,.T.);
#3241=ORIENTED_EDGE('',*,*,#2459,.F.);
#3242=ORIENTED_EDGE('',*,*,#2460,.F.);
#3243=ORIENTED_EDGE('',*,*,#2461,.F.);
#3244=ORIENTED_EDGE('',*,*,#2446,.T.);
#3245=ORIENTED_EDGE('',*,*,#2450,.T.);
#3246=ORIENTED_EDGE('',*,*,#2455,.T.);
#3247=ORIENTED_EDGE('',*,*,#2438,.F.);
#3248=ORIENTED_EDGE('',*,*,#2444,.F.);
#3249=ORIENTED_EDGE('',*,*,#2458,.F.);
#3250=ORIENTED_EDGE('',*,*,#2456,.F.);
#3251=ORIENTED_EDGE('',*,*,#2448,.F.);
#3252=ORIENTED_EDGE('',*,*,#2430,.T.);
#3253=ORIENTED_EDGE('',*,*,#2433,.T.);
#3254=ORIENTED_EDGE('',*,*,#2439,.T.);
#3255=ORIENTED_EDGE('',*,*,#2461,.T.);
#3256=ORIENTED_EDGE('',*,*,#2462,.F.);
#3257=ORIENTED_EDGE('',*,*,#2463,.F.);
#3258=ORIENTED_EDGE('',*,*,#2447,.T.);
#3259=ORIENTED_EDGE('',*,*,#2460,.T.);
#3260=ORIENTED_EDGE('',*,*,#2464,.F.);
#3261=ORIENTED_EDGE('',*,*,#2465,.F.);
#3262=ORIENTED_EDGE('',*,*,#2462,.T.);
#3263=ORIENTED_EDGE('',*,*,#2459,.T.);
#3264=ORIENTED_EDGE('',*,*,#2454,.F.);
#3265=ORIENTED_EDGE('',*,*,#2466,.F.);
#3266=ORIENTED_EDGE('',*,*,#2464,.T.);
#3267=ORIENTED_EDGE('',*,*,#2453,.T.);
#3268=ORIENTED_EDGE('',*,*,#2467,.T.);
#3269=ORIENTED_EDGE('',*,*,#2441,.T.);
#3270=ORIENTED_EDGE('',*,*,#2463,.T.);
#3271=ORIENTED_EDGE('',*,*,#2465,.T.);
#3272=ORIENTED_EDGE('',*,*,#2466,.T.);
#3273=ORIENTED_EDGE('',*,*,#2432,.F.);
#3274=ORIENTED_EDGE('',*,*,#2435,.F.);
#3275=ORIENTED_EDGE('',*,*,#2452,.F.);
#3276=ORIENTED_EDGE('',*,*,#2457,.F.);
#3277=ORIENTED_EDGE('',*,*,#2442,.F.);
#3278=ORIENTED_EDGE('',*,*,#2467,.F.);
#3279=ORIENTED_EDGE('',*,*,#2468,.F.);
#3280=ORIENTED_EDGE('',*,*,#2469,.T.);
#3281=ORIENTED_EDGE('',*,*,#2470,.T.);
#3282=ORIENTED_EDGE('',*,*,#2469,.F.);
#3283=ORIENTED_EDGE('',*,*,#2471,.F.);
#3284=ORIENTED_EDGE('',*,*,#2472,.T.);
#3285=ORIENTED_EDGE('',*,*,#2473,.T.);
#3286=ORIENTED_EDGE('',*,*,#2472,.F.);
#3287=ORIENTED_EDGE('',*,*,#2474,.T.);
#3288=ORIENTED_EDGE('',*,*,#2475,.T.);
#3289=ORIENTED_EDGE('',*,*,#2476,.F.);
#3290=ORIENTED_EDGE('',*,*,#2477,.F.);
#3291=ORIENTED_EDGE('',*,*,#2478,.F.);
#3292=ORIENTED_EDGE('',*,*,#2479,.F.);
#3293=ORIENTED_EDGE('',*,*,#2480,.T.);
#3294=ORIENTED_EDGE('',*,*,#2481,.T.);
#3295=ORIENTED_EDGE('',*,*,#2480,.F.);
#3296=ORIENTED_EDGE('',*,*,#2482,.F.);
#3297=ORIENTED_EDGE('',*,*,#2483,.T.);
#3298=ORIENTED_EDGE('',*,*,#2484,.T.);
#3299=ORIENTED_EDGE('',*,*,#2483,.F.);
#3300=ORIENTED_EDGE('',*,*,#2485,.F.);
#3301=ORIENTED_EDGE('',*,*,#2486,.T.);
#3302=ORIENTED_EDGE('',*,*,#2487,.F.);
#3303=ORIENTED_EDGE('',*,*,#2486,.F.);
#3304=ORIENTED_EDGE('',*,*,#2488,.T.);
#3305=ORIENTED_EDGE('',*,*,#2489,.T.);
#3306=ORIENTED_EDGE('',*,*,#2485,.T.);
#3307=ORIENTED_EDGE('',*,*,#2489,.F.);
#3308=ORIENTED_EDGE('',*,*,#2490,.F.);
#3309=ORIENTED_EDGE('',*,*,#2491,.T.);
#3310=ORIENTED_EDGE('',*,*,#2492,.T.);
#3311=ORIENTED_EDGE('',*,*,#2491,.F.);
#3312=ORIENTED_EDGE('',*,*,#2493,.F.);
#3313=ORIENTED_EDGE('',*,*,#2494,.T.);
#3314=ORIENTED_EDGE('',*,*,#2495,.T.);
#3315=ORIENTED_EDGE('',*,*,#2494,.F.);
#3316=ORIENTED_EDGE('',*,*,#2496,.F.);
#3317=ORIENTED_EDGE('',*,*,#2497,.T.);
#3318=ORIENTED_EDGE('',*,*,#2498,.F.);
#3319=ORIENTED_EDGE('',*,*,#2499,.F.);
#3320=ORIENTED_EDGE('',*,*,#2500,.F.);
#3321=ORIENTED_EDGE('',*,*,#2501,.F.);
#3322=ORIENTED_EDGE('',*,*,#2502,.F.);
#3323=ORIENTED_EDGE('',*,*,#2503,.F.);
#3324=ORIENTED_EDGE('',*,*,#2482,.T.);
#3325=ORIENTED_EDGE('',*,*,#2479,.T.);
#3326=ORIENTED_EDGE('',*,*,#2504,.F.);
#3327=ORIENTED_EDGE('',*,*,#2505,.F.);
#3328=ORIENTED_EDGE('',*,*,#2506,.F.);
#3329=ORIENTED_EDGE('',*,*,#2507,.T.);
#3330=ORIENTED_EDGE('',*,*,#2508,.T.);
#3331=ORIENTED_EDGE('',*,*,#2509,.F.);
#3332=ORIENTED_EDGE('',*,*,#2510,.T.);
#3333=ORIENTED_EDGE('',*,*,#2511,.F.);
#3334=ORIENTED_EDGE('',*,*,#2498,.T.);
#3335=ORIENTED_EDGE('',*,*,#2512,.F.);
#3336=ORIENTED_EDGE('',*,*,#2513,.F.);
#3337=ORIENTED_EDGE('',*,*,#2514,.T.);
#3338=ORIENTED_EDGE('',*,*,#2515,.T.);
#3339=ORIENTED_EDGE('',*,*,#2474,.F.);
#3340=ORIENTED_EDGE('',*,*,#2516,.T.);
#3341=ORIENTED_EDGE('',*,*,#2517,.T.);
#3342=ORIENTED_EDGE('',*,*,#2518,.T.);
#3343=ORIENTED_EDGE('',*,*,#2519,.F.);
#3344=ORIENTED_EDGE('',*,*,#2520,.T.);
#3345=ORIENTED_EDGE('',*,*,#2514,.F.);
#3346=ORIENTED_EDGE('',*,*,#2521,.F.);
#3347=ORIENTED_EDGE('',*,*,#2508,.F.);
#3348=ORIENTED_EDGE('',*,*,#2522,.F.);
#3349=ORIENTED_EDGE('',*,*,#2510,.F.);
#3350=ORIENTED_EDGE('',*,*,#2523,.F.);
#3351=ORIENTED_EDGE('',*,*,#2507,.F.);
#3352=ORIENTED_EDGE('',*,*,#2524,.F.);
#3353=ORIENTED_EDGE('',*,*,#2515,.F.);
#3354=ORIENTED_EDGE('',*,*,#2522,.T.);
#3355=ORIENTED_EDGE('',*,*,#2511,.T.);
#3356=ORIENTED_EDGE('',*,*,#2524,.T.);
#3357=ORIENTED_EDGE('',*,*,#2506,.T.);
#3358=ORIENTED_EDGE('',*,*,#2525,.T.);
#3359=ORIENTED_EDGE('',*,*,#2526,.T.);
#3360=ORIENTED_EDGE('',*,*,#2527,.T.);
#3361=ORIENTED_EDGE('',*,*,#2528,.T.);
#3362=ORIENTED_EDGE('',*,*,#2529,.T.);
#3363=ORIENTED_EDGE('',*,*,#2530,.T.);
#3364=ORIENTED_EDGE('',*,*,#2531,.T.);
#3365=ORIENTED_EDGE('',*,*,#2475,.F.);
#3366=ORIENTED_EDGE('',*,*,#2495,.F.);
#3367=ORIENTED_EDGE('',*,*,#2492,.F.);
#3368=ORIENTED_EDGE('',*,*,#2481,.F.);
#3369=ORIENTED_EDGE('',*,*,#2484,.F.);
#3370=ORIENTED_EDGE('',*,*,#2518,.F.);
#3371=ORIENTED_EDGE('',*,*,#2532,.T.);
#3372=ORIENTED_EDGE('',*,*,#2533,.T.);
#3373=ORIENTED_EDGE('',*,*,#2534,.T.);
#3374=ORIENTED_EDGE('',*,*,#2535,.T.);
#3375=ORIENTED_EDGE('',*,*,#2536,.F.);
#3376=ORIENTED_EDGE('',*,*,#2473,.F.);
#3377=ORIENTED_EDGE('',*,*,#2470,.F.);
#3378=ORIENTED_EDGE('',*,*,#2531,.F.);
#3379=ORIENTED_EDGE('',*,*,#2476,.T.);
#3380=ORIENTED_EDGE('',*,*,#2537,.T.);
#3381=ORIENTED_EDGE('',*,*,#2538,.F.);
#3382=ORIENTED_EDGE('',*,*,#2499,.T.);
#3383=ORIENTED_EDGE('',*,*,#2520,.F.);
#3384=ORIENTED_EDGE('',*,*,#2539,.T.);
#3385=ORIENTED_EDGE('',*,*,#2529,.F.);
#3386=ORIENTED_EDGE('',*,*,#2540,.F.);
#3387=ORIENTED_EDGE('',*,*,#2541,.F.);
#3388=ORIENTED_EDGE('',*,*,#2542,.T.);
#3389=ORIENTED_EDGE('',*,*,#2505,.T.);
#3390=ORIENTED_EDGE('',*,*,#2543,.F.);
#3391=ORIENTED_EDGE('',*,*,#2544,.T.);
#3392=ORIENTED_EDGE('',*,*,#2503,.T.);
#3393=ORIENTED_EDGE('',*,*,#2545,.T.);
#3394=ORIENTED_EDGE('',*,*,#2546,.T.);
#3395=ORIENTED_EDGE('',*,*,#2547,.F.);
#3396=ORIENTED_EDGE('',*,*,#2548,.F.);
#3397=ORIENTED_EDGE('',*,*,#2549,.T.);
#3398=ORIENTED_EDGE('',*,*,#2525,.F.);
#3399=ORIENTED_EDGE('',*,*,#2550,.T.);
#3400=ORIENTED_EDGE('',*,*,#2551,.T.);
#3401=ORIENTED_EDGE('',*,*,#2537,.F.);
#3402=ORIENTED_EDGE('',*,*,#2552,.F.);
#3403=ORIENTED_EDGE('',*,*,#2546,.F.);
#3404=ORIENTED_EDGE('',*,*,#2553,.T.);
#3405=ORIENTED_EDGE('',*,*,#2554,.F.);
#3406=ORIENTED_EDGE('',*,*,#2555,.F.);
#3407=ORIENTED_EDGE('',*,*,#2556,.F.);
#3408=ORIENTED_EDGE('',*,*,#2548,.T.);
#3409=ORIENTED_EDGE('',*,*,#2557,.T.);
#3410=ORIENTED_EDGE('',*,*,#2541,.T.);
#3411=ORIENTED_EDGE('',*,*,#2488,.F.);
#3412=ORIENTED_EDGE('',*,*,#2552,.T.);
#3413=ORIENTED_EDGE('',*,*,#2542,.F.);
#3414=ORIENTED_EDGE('',*,*,#2557,.F.);
#3415=ORIENTED_EDGE('',*,*,#2547,.T.);
#3416=ORIENTED_EDGE('',*,*,#2487,.T.);
#3417=ORIENTED_EDGE('',*,*,#2549,.F.);
#3418=ORIENTED_EDGE('',*,*,#2556,.T.);
#3419=ORIENTED_EDGE('',*,*,#2558,.T.);
#3420=ORIENTED_EDGE('',*,*,#2526,.F.);
#3421=ORIENTED_EDGE('',*,*,#2558,.F.);
#3422=ORIENTED_EDGE('',*,*,#2555,.T.);
#3423=ORIENTED_EDGE('',*,*,#2559,.T.);
#3424=ORIENTED_EDGE('',*,*,#2527,.F.);
#3425=ORIENTED_EDGE('',*,*,#2559,.F.);
#3426=ORIENTED_EDGE('',*,*,#2554,.T.);
#3427=ORIENTED_EDGE('',*,*,#2540,.T.);
#3428=ORIENTED_EDGE('',*,*,#2528,.F.);
#3429=ORIENTED_EDGE('',*,*,#2551,.F.);
#3430=ORIENTED_EDGE('',*,*,#2560,.F.);
#3431=ORIENTED_EDGE('',*,*,#2500,.T.);
#3432=ORIENTED_EDGE('',*,*,#2538,.T.);
#3433=ORIENTED_EDGE('',*,*,#2550,.F.);
#3434=ORIENTED_EDGE('',*,*,#2561,.F.);
#3435=ORIENTED_EDGE('',*,*,#2501,.T.);
#3436=ORIENTED_EDGE('',*,*,#2560,.T.);
#3437=ORIENTED_EDGE('',*,*,#2553,.F.);
#3438=ORIENTED_EDGE('',*,*,#2545,.F.);
#3439=ORIENTED_EDGE('',*,*,#2502,.T.);
#3440=ORIENTED_EDGE('',*,*,#2561,.T.);
#3441=ORIENTED_EDGE('',*,*,#2562,.F.);
#3442=ORIENTED_EDGE('',*,*,#2539,.F.);
#3443=ORIENTED_EDGE('',*,*,#2519,.T.);
#3444=ORIENTED_EDGE('',*,*,#2536,.T.);
#3445=ORIENTED_EDGE('',*,*,#2563,.F.);
#3446=ORIENTED_EDGE('',*,*,#2564,.T.);
#3447=ORIENTED_EDGE('',*,*,#2516,.F.);
#3448=ORIENTED_EDGE('',*,*,#2478,.T.);
#3449=ORIENTED_EDGE('',*,*,#2565,.T.);
#3450=ORIENTED_EDGE('',*,*,#2566,.T.);
#3451=ORIENTED_EDGE('',*,*,#2468,.T.);
#3452=ORIENTED_EDGE('',*,*,#2471,.T.);
#3453=ORIENTED_EDGE('',*,*,#2533,.F.);
#3454=ORIENTED_EDGE('',*,*,#2567,.T.);
#3455=ORIENTED_EDGE('',*,*,#2563,.T.);
#3456=ORIENTED_EDGE('',*,*,#2568,.T.);
#3457=ORIENTED_EDGE('',*,*,#2535,.F.);
#3458=ORIENTED_EDGE('',*,*,#2569,.T.);
#3459=ORIENTED_EDGE('',*,*,#2565,.F.);
#3460=ORIENTED_EDGE('',*,*,#2477,.T.);
#3461=ORIENTED_EDGE('',*,*,#2530,.F.);
#3462=ORIENTED_EDGE('',*,*,#2562,.T.);
#3463=ORIENTED_EDGE('',*,*,#2564,.F.);
#3464=ORIENTED_EDGE('',*,*,#2567,.F.);
#3465=ORIENTED_EDGE('',*,*,#2532,.F.);
#3466=ORIENTED_EDGE('',*,*,#2517,.F.);
#3467=ORIENTED_EDGE('',*,*,#2566,.F.);
#3468=ORIENTED_EDGE('',*,*,#2569,.F.);
#3469=ORIENTED_EDGE('',*,*,#2534,.F.);
#3470=ORIENTED_EDGE('',*,*,#2568,.F.);
#3471=ORIENTED_EDGE('',*,*,#2497,.F.);
#3472=ORIENTED_EDGE('',*,*,#2570,.F.);
#3473=ORIENTED_EDGE('',*,*,#2571,.T.);
#3474=ORIENTED_EDGE('',*,*,#2512,.T.);
#3475=ORIENTED_EDGE('',*,*,#2496,.T.);
#3476=ORIENTED_EDGE('',*,*,#2544,.F.);
#3477=ORIENTED_EDGE('',*,*,#2572,.F.);
#3478=ORIENTED_EDGE('',*,*,#2570,.T.);
#3479=ORIENTED_EDGE('',*,*,#2571,.F.);
#3480=ORIENTED_EDGE('',*,*,#2572,.T.);
#3481=ORIENTED_EDGE('',*,*,#2543,.T.);
#3482=ORIENTED_EDGE('',*,*,#2504,.T.);
#3483=ORIENTED_EDGE('',*,*,#2523,.T.);
#3484=ORIENTED_EDGE('',*,*,#2509,.T.);
#3485=ORIENTED_EDGE('',*,*,#2521,.T.);
#3486=ORIENTED_EDGE('',*,*,#2513,.T.);
#3487=ORIENTED_EDGE('',*,*,#2490,.T.);
#3488=ORIENTED_EDGE('',*,*,#2493,.T.);
#3489=ORIENTED_EDGE('',*,*,#2573,.F.);
#3490=ORIENTED_EDGE('',*,*,#2574,.T.);
#3491=ORIENTED_EDGE('',*,*,#2575,.T.);
#3492=ORIENTED_EDGE('',*,*,#2574,.F.);
#3493=ORIENTED_EDGE('',*,*,#2576,.T.);
#3494=ORIENTED_EDGE('',*,*,#2577,.T.);
#3495=ORIENTED_EDGE('',*,*,#2578,.F.);
#3496=ORIENTED_EDGE('',*,*,#2577,.F.);
#3497=ORIENTED_EDGE('',*,*,#2573,.T.);
#3498=ORIENTED_EDGE('',*,*,#2579,.T.);
#3499=ORIENTED_EDGE('',*,*,#2580,.F.);
#3500=ORIENTED_EDGE('',*,*,#2579,.F.);
#3501=ORIENTED_EDGE('',*,*,#2581,.T.);
#3502=ORIENTED_EDGE('',*,*,#2582,.T.);
#3503=ORIENTED_EDGE('',*,*,#2576,.F.);
#3504=ORIENTED_EDGE('',*,*,#2582,.F.);
#3505=ORIENTED_EDGE('',*,*,#2581,.F.);
#3506=ORIENTED_EDGE('',*,*,#2583,.T.);
#3507=ORIENTED_EDGE('',*,*,#2584,.T.);
#3508=ORIENTED_EDGE('',*,*,#2583,.F.);
#3509=ORIENTED_EDGE('',*,*,#2585,.T.);
#3510=ORIENTED_EDGE('',*,*,#2586,.T.);
#3511=ORIENTED_EDGE('',*,*,#2587,.F.);
#3512=ORIENTED_EDGE('',*,*,#2586,.F.);
#3513=ORIENTED_EDGE('',*,*,#2585,.F.);
#3514=ORIENTED_EDGE('',*,*,#2588,.T.);
#3515=ORIENTED_EDGE('',*,*,#2589,.F.);
#3516=ORIENTED_EDGE('',*,*,#2588,.F.);
#3517=ORIENTED_EDGE('',*,*,#2589,.T.);
#3518=ORIENTED_EDGE('',*,*,#2590,.T.);
#3519=ORIENTED_EDGE('',*,*,#2591,.F.);
#3520=ORIENTED_EDGE('',*,*,#2590,.F.);
#3521=ORIENTED_EDGE('',*,*,#2591,.T.);
#3522=ORIENTED_EDGE('',*,*,#2584,.F.);
#3523=ORIENTED_EDGE('',*,*,#2580,.T.);
#3524=ORIENTED_EDGE('',*,*,#2587,.T.);
#3525=ORIENTED_EDGE('',*,*,#2575,.F.);
#3526=ORIENTED_EDGE('',*,*,#2578,.T.);
#3527=ORIENTED_EDGE('',*,*,#2592,.T.);
#3528=ORIENTED_EDGE('',*,*,#2593,.T.);
#3529=ORIENTED_EDGE('',*,*,#2594,.F.);
#3530=ORIENTED_EDGE('',*,*,#2593,.F.);
#3531=ORIENTED_EDGE('',*,*,#2595,.T.);
#3532=ORIENTED_EDGE('',*,*,#2596,.T.);
#3533=ORIENTED_EDGE('',*,*,#2597,.F.);
#3534=ORIENTED_EDGE('',*,*,#2596,.F.);
#3535=ORIENTED_EDGE('',*,*,#2598,.F.);
#3536=ORIENTED_EDGE('',*,*,#2599,.T.);
#3537=ORIENTED_EDGE('',*,*,#2600,.T.);
#3538=ORIENTED_EDGE('',*,*,#2599,.F.);
#3539=ORIENTED_EDGE('',*,*,#2594,.T.);
#3540=ORIENTED_EDGE('',*,*,#2598,.T.);
#3541=ORIENTED_EDGE('',*,*,#2595,.F.);
#3542=ORIENTED_EDGE('',*,*,#2592,.F.);
#3543=ORIENTED_EDGE('',*,*,#2600,.F.);
#3544=ORIENTED_EDGE('',*,*,#2597,.T.);
#3545=ORIENTED_EDGE('',*,*,#2601,.F.);
#3546=ORIENTED_EDGE('',*,*,#2602,.T.);
#3547=ORIENTED_EDGE('',*,*,#2603,.T.);
#3548=ORIENTED_EDGE('',*,*,#2602,.F.);
#3549=ORIENTED_EDGE('',*,*,#2604,.F.);
#3550=ORIENTED_EDGE('',*,*,#2605,.T.);
#3551=ORIENTED_EDGE('',*,*,#2606,.T.);
#3552=ORIENTED_EDGE('',*,*,#2605,.F.);
#3553=ORIENTED_EDGE('',*,*,#2606,.F.);
#3554=ORIENTED_EDGE('',*,*,#2607,.T.);
#3555=ORIENTED_EDGE('',*,*,#2608,.T.);
#3556=ORIENTED_EDGE('',*,*,#2607,.F.);
#3557=ORIENTED_EDGE('',*,*,#2601,.T.);
#3558=ORIENTED_EDGE('',*,*,#2608,.F.);
#3559=ORIENTED_EDGE('',*,*,#2603,.F.);
#3560=ORIENTED_EDGE('',*,*,#2604,.T.);
#3561=ORIENTED_EDGE('',*,*,#2609,.F.);
#3562=ORIENTED_EDGE('',*,*,#2610,.T.);
#3563=ORIENTED_EDGE('',*,*,#2611,.T.);
#3564=ORIENTED_EDGE('',*,*,#2610,.F.);
#3565=ORIENTED_EDGE('',*,*,#2612,.F.);
#3566=ORIENTED_EDGE('',*,*,#2613,.T.);
#3567=ORIENTED_EDGE('',*,*,#2614,.T.);
#3568=ORIENTED_EDGE('',*,*,#2613,.F.);
#3569=ORIENTED_EDGE('',*,*,#2614,.F.);
#3570=ORIENTED_EDGE('',*,*,#2615,.T.);
#3571=ORIENTED_EDGE('',*,*,#2616,.T.);
#3572=ORIENTED_EDGE('',*,*,#2615,.F.);
#3573=ORIENTED_EDGE('',*,*,#2609,.T.);
#3574=ORIENTED_EDGE('',*,*,#2616,.F.);
#3575=ORIENTED_EDGE('',*,*,#2611,.F.);
#3576=ORIENTED_EDGE('',*,*,#2612,.T.);
#3577=ORIENTED_EDGE('',*,*,#2617,.F.);
#3578=ORIENTED_EDGE('',*,*,#2618,.T.);
#3579=ORIENTED_EDGE('',*,*,#2619,.T.);
#3580=ORIENTED_EDGE('',*,*,#2618,.F.);
#3581=ORIENTED_EDGE('',*,*,#2619,.F.);
#3582=ORIENTED_EDGE('',*,*,#2620,.T.);
#3583=ORIENTED_EDGE('',*,*,#2621,.T.);
#3584=ORIENTED_EDGE('',*,*,#2620,.F.);
#3585=ORIENTED_EDGE('',*,*,#2622,.T.);
#3586=ORIENTED_EDGE('',*,*,#2623,.T.);
#3587=ORIENTED_EDGE('',*,*,#2624,.F.);
#3588=ORIENTED_EDGE('',*,*,#2623,.F.);
#3589=ORIENTED_EDGE('',*,*,#2624,.T.);
#3590=ORIENTED_EDGE('',*,*,#2617,.T.);
#3591=ORIENTED_EDGE('',*,*,#2622,.F.);
#3592=ORIENTED_EDGE('',*,*,#2625,.F.);
#3593=ORIENTED_EDGE('',*,*,#2626,.F.);
#3594=ORIENTED_EDGE('',*,*,#2627,.F.);
#3595=ORIENTED_EDGE('',*,*,#2628,.F.);
#3596=ORIENTED_EDGE('',*,*,#2629,.F.);
#3597=ORIENTED_EDGE('',*,*,#2630,.F.);
#3598=ORIENTED_EDGE('',*,*,#2621,.F.);
#3599=ORIENTED_EDGE('',*,*,#2626,.T.);
#3600=ORIENTED_EDGE('',*,*,#2631,.F.);
#3601=ORIENTED_EDGE('',*,*,#2632,.F.);
#3602=ORIENTED_EDGE('',*,*,#2633,.T.);
#3603=ORIENTED_EDGE('',*,*,#2627,.T.);
#3604=ORIENTED_EDGE('',*,*,#2633,.F.);
#3605=ORIENTED_EDGE('',*,*,#2634,.F.);
#3606=ORIENTED_EDGE('',*,*,#2635,.T.);
#3607=ORIENTED_EDGE('',*,*,#2628,.T.);
#3608=ORIENTED_EDGE('',*,*,#2635,.F.);
#3609=ORIENTED_EDGE('',*,*,#2636,.F.);
#3610=ORIENTED_EDGE('',*,*,#2637,.T.);
#3611=ORIENTED_EDGE('',*,*,#2629,.T.);
#3612=ORIENTED_EDGE('',*,*,#2637,.F.);
#3613=ORIENTED_EDGE('',*,*,#2638,.F.);
#3614=ORIENTED_EDGE('',*,*,#2639,.T.);
#3615=ORIENTED_EDGE('',*,*,#2630,.T.);
#3616=ORIENTED_EDGE('',*,*,#2639,.F.);
#3617=ORIENTED_EDGE('',*,*,#2640,.F.);
#3618=ORIENTED_EDGE('',*,*,#2641,.T.);
#3619=ORIENTED_EDGE('',*,*,#2625,.T.);
#3620=ORIENTED_EDGE('',*,*,#2641,.F.);
#3621=ORIENTED_EDGE('',*,*,#2642,.F.);
#3622=ORIENTED_EDGE('',*,*,#2631,.T.);
#3623=ORIENTED_EDGE('',*,*,#2632,.T.);
#3624=ORIENTED_EDGE('',*,*,#2642,.T.);
#3625=ORIENTED_EDGE('',*,*,#2640,.T.);
#3626=ORIENTED_EDGE('',*,*,#2638,.T.);
#3627=ORIENTED_EDGE('',*,*,#2636,.T.);
#3628=ORIENTED_EDGE('',*,*,#2634,.T.);
#3629=ORIENTED_EDGE('',*,*,#2643,.F.);
#3630=ORIENTED_EDGE('',*,*,#2644,.T.);
#3631=ORIENTED_EDGE('',*,*,#2645,.T.);
#3632=ORIENTED_EDGE('',*,*,#2644,.F.);
#3633=ORIENTED_EDGE('',*,*,#2645,.F.);
#3634=ORIENTED_EDGE('',*,*,#2646,.T.);
#3635=ORIENTED_EDGE('',*,*,#2647,.T.);
#3636=ORIENTED_EDGE('',*,*,#2646,.F.);
#3637=ORIENTED_EDGE('',*,*,#2648,.T.);
#3638=ORIENTED_EDGE('',*,*,#2649,.T.);
#3639=ORIENTED_EDGE('',*,*,#2650,.F.);
#3640=ORIENTED_EDGE('',*,*,#2649,.F.);
#3641=ORIENTED_EDGE('',*,*,#2650,.T.);
#3642=ORIENTED_EDGE('',*,*,#2643,.T.);
#3643=ORIENTED_EDGE('',*,*,#2648,.F.);
#3644=ORIENTED_EDGE('',*,*,#2651,.F.);
#3645=ORIENTED_EDGE('',*,*,#2652,.F.);
#3646=ORIENTED_EDGE('',*,*,#2653,.F.);
#3647=ORIENTED_EDGE('',*,*,#2654,.F.);
#3648=ORIENTED_EDGE('',*,*,#2655,.F.);
#3649=ORIENTED_EDGE('',*,*,#2656,.F.);
#3650=ORIENTED_EDGE('',*,*,#2647,.F.);
#3651=ORIENTED_EDGE('',*,*,#2652,.T.);
#3652=ORIENTED_EDGE('',*,*,#2657,.F.);
#3653=ORIENTED_EDGE('',*,*,#2658,.F.);
#3654=ORIENTED_EDGE('',*,*,#2659,.T.);
#3655=ORIENTED_EDGE('',*,*,#2653,.T.);
#3656=ORIENTED_EDGE('',*,*,#2659,.F.);
#3657=ORIENTED_EDGE('',*,*,#2660,.F.);
#3658=ORIENTED_EDGE('',*,*,#2661,.T.);
#3659=ORIENTED_EDGE('',*,*,#2654,.T.);
#3660=ORIENTED_EDGE('',*,*,#2661,.F.);
#3661=ORIENTED_EDGE('',*,*,#2662,.F.);
#3662=ORIENTED_EDGE('',*,*,#2663,.T.);
#3663=ORIENTED_EDGE('',*,*,#2655,.T.);
#3664=ORIENTED_EDGE('',*,*,#2663,.F.);
#3665=ORIENTED_EDGE('',*,*,#2664,.F.);
#3666=ORIENTED_EDGE('',*,*,#2665,.T.);
#3667=ORIENTED_EDGE('',*,*,#2656,.T.);
#3668=ORIENTED_EDGE('',*,*,#2665,.F.);
#3669=ORIENTED_EDGE('',*,*,#2666,.F.);
#3670=ORIENTED_EDGE('',*,*,#2667,.T.);
#3671=ORIENTED_EDGE('',*,*,#2651,.T.);
#3672=ORIENTED_EDGE('',*,*,#2667,.F.);
#3673=ORIENTED_EDGE('',*,*,#2668,.F.);
#3674=ORIENTED_EDGE('',*,*,#2657,.T.);
#3675=ORIENTED_EDGE('',*,*,#2658,.T.);
#3676=ORIENTED_EDGE('',*,*,#2668,.T.);
#3677=ORIENTED_EDGE('',*,*,#2666,.T.);
#3678=ORIENTED_EDGE('',*,*,#2664,.T.);
#3679=ORIENTED_EDGE('',*,*,#2662,.T.);
#3680=ORIENTED_EDGE('',*,*,#2660,.T.);
#3681=ORIENTED_EDGE('',*,*,#2669,.F.);
#3682=ORIENTED_EDGE('',*,*,#2670,.T.);
#3683=ORIENTED_EDGE('',*,*,#2671,.T.);
#3684=ORIENTED_EDGE('',*,*,#2670,.F.);
#3685=ORIENTED_EDGE('',*,*,#2671,.F.);
#3686=ORIENTED_EDGE('',*,*,#2672,.T.);
#3687=ORIENTED_EDGE('',*,*,#2673,.T.);
#3688=ORIENTED_EDGE('',*,*,#2672,.F.);
#3689=ORIENTED_EDGE('',*,*,#2674,.T.);
#3690=ORIENTED_EDGE('',*,*,#2675,.T.);
#3691=ORIENTED_EDGE('',*,*,#2676,.F.);
#3692=ORIENTED_EDGE('',*,*,#2675,.F.);
#3693=ORIENTED_EDGE('',*,*,#2676,.T.);
#3694=ORIENTED_EDGE('',*,*,#2669,.T.);
#3695=ORIENTED_EDGE('',*,*,#2674,.F.);
#3696=ORIENTED_EDGE('',*,*,#2677,.F.);
#3697=ORIENTED_EDGE('',*,*,#2678,.F.);
#3698=ORIENTED_EDGE('',*,*,#2679,.F.);
#3699=ORIENTED_EDGE('',*,*,#2680,.F.);
#3700=ORIENTED_EDGE('',*,*,#2681,.F.);
#3701=ORIENTED_EDGE('',*,*,#2682,.F.);
#3702=ORIENTED_EDGE('',*,*,#2673,.F.);
#3703=ORIENTED_EDGE('',*,*,#2678,.T.);
#3704=ORIENTED_EDGE('',*,*,#2683,.F.);
#3705=ORIENTED_EDGE('',*,*,#2684,.F.);
#3706=ORIENTED_EDGE('',*,*,#2685,.T.);
#3707=ORIENTED_EDGE('',*,*,#2679,.T.);
#3708=ORIENTED_EDGE('',*,*,#2685,.F.);
#3709=ORIENTED_EDGE('',*,*,#2686,.F.);
#3710=ORIENTED_EDGE('',*,*,#2687,.T.);
#3711=ORIENTED_EDGE('',*,*,#2680,.T.);
#3712=ORIENTED_EDGE('',*,*,#2687,.F.);
#3713=ORIENTED_EDGE('',*,*,#2688,.F.);
#3714=ORIENTED_EDGE('',*,*,#2689,.T.);
#3715=ORIENTED_EDGE('',*,*,#2681,.T.);
#3716=ORIENTED_EDGE('',*,*,#2689,.F.);
#3717=ORIENTED_EDGE('',*,*,#2690,.F.);
#3718=ORIENTED_EDGE('',*,*,#2691,.T.);
#3719=ORIENTED_EDGE('',*,*,#2682,.T.);
#3720=ORIENTED_EDGE('',*,*,#2691,.F.);
#3721=ORIENTED_EDGE('',*,*,#2692,.F.);
#3722=ORIENTED_EDGE('',*,*,#2693,.T.);
#3723=ORIENTED_EDGE('',*,*,#2677,.T.);
#3724=ORIENTED_EDGE('',*,*,#2693,.F.);
#3725=ORIENTED_EDGE('',*,*,#2694,.F.);
#3726=ORIENTED_EDGE('',*,*,#2683,.T.);
#3727=ORIENTED_EDGE('',*,*,#2684,.T.);
#3728=ORIENTED_EDGE('',*,*,#2694,.T.);
#3729=ORIENTED_EDGE('',*,*,#2692,.T.);
#3730=ORIENTED_EDGE('',*,*,#2690,.T.);
#3731=ORIENTED_EDGE('',*,*,#2688,.T.);
#3732=ORIENTED_EDGE('',*,*,#2686,.T.);
#3733=ORIENTED_EDGE('',*,*,#2695,.F.);
#3734=ORIENTED_EDGE('',*,*,#2696,.T.);
#3735=ORIENTED_EDGE('',*,*,#2697,.T.);
#3736=ORIENTED_EDGE('',*,*,#2696,.F.);
#3737=ORIENTED_EDGE('',*,*,#2697,.F.);
#3738=ORIENTED_EDGE('',*,*,#2698,.T.);
#3739=ORIENTED_EDGE('',*,*,#2699,.T.);
#3740=ORIENTED_EDGE('',*,*,#2698,.F.);
#3741=ORIENTED_EDGE('',*,*,#2700,.T.);
#3742=ORIENTED_EDGE('',*,*,#2701,.T.);
#3743=ORIENTED_EDGE('',*,*,#2702,.F.);
#3744=ORIENTED_EDGE('',*,*,#2701,.F.);
#3745=ORIENTED_EDGE('',*,*,#2702,.T.);
#3746=ORIENTED_EDGE('',*,*,#2695,.T.);
#3747=ORIENTED_EDGE('',*,*,#2700,.F.);
#3748=ORIENTED_EDGE('',*,*,#2703,.F.);
#3749=ORIENTED_EDGE('',*,*,#2704,.F.);
#3750=ORIENTED_EDGE('',*,*,#2705,.F.);
#3751=ORIENTED_EDGE('',*,*,#2706,.F.);
#3752=ORIENTED_EDGE('',*,*,#2707,.F.);
#3753=ORIENTED_EDGE('',*,*,#2708,.F.);
#3754=ORIENTED_EDGE('',*,*,#2699,.F.);
#3755=ORIENTED_EDGE('',*,*,#2704,.T.);
#3756=ORIENTED_EDGE('',*,*,#2709,.F.);
#3757=ORIENTED_EDGE('',*,*,#2710,.F.);
#3758=ORIENTED_EDGE('',*,*,#2711,.T.);
#3759=ORIENTED_EDGE('',*,*,#2705,.T.);
#3760=ORIENTED_EDGE('',*,*,#2711,.F.);
#3761=ORIENTED_EDGE('',*,*,#2712,.F.);
#3762=ORIENTED_EDGE('',*,*,#2713,.T.);
#3763=ORIENTED_EDGE('',*,*,#2706,.T.);
#3764=ORIENTED_EDGE('',*,*,#2713,.F.);
#3765=ORIENTED_EDGE('',*,*,#2714,.F.);
#3766=ORIENTED_EDGE('',*,*,#2715,.T.);
#3767=ORIENTED_EDGE('',*,*,#2707,.T.);
#3768=ORIENTED_EDGE('',*,*,#2715,.F.);
#3769=ORIENTED_EDGE('',*,*,#2716,.F.);
#3770=ORIENTED_EDGE('',*,*,#2717,.T.);
#3771=ORIENTED_EDGE('',*,*,#2708,.T.);
#3772=ORIENTED_EDGE('',*,*,#2717,.F.);
#3773=ORIENTED_EDGE('',*,*,#2718,.F.);
#3774=ORIENTED_EDGE('',*,*,#2719,.T.);
#3775=ORIENTED_EDGE('',*,*,#2703,.T.);
#3776=ORIENTED_EDGE('',*,*,#2719,.F.);
#3777=ORIENTED_EDGE('',*,*,#2720,.F.);
#3778=ORIENTED_EDGE('',*,*,#2709,.T.);
#3779=ORIENTED_EDGE('',*,*,#2710,.T.);
#3780=ORIENTED_EDGE('',*,*,#2720,.T.);
#3781=ORIENTED_EDGE('',*,*,#2718,.T.);
#3782=ORIENTED_EDGE('',*,*,#2716,.T.);
#3783=ORIENTED_EDGE('',*,*,#2714,.T.);
#3784=ORIENTED_EDGE('',*,*,#2712,.T.);
#3785=ORIENTED_EDGE('',*,*,#2721,.F.);
#3786=ORIENTED_EDGE('',*,*,#2722,.T.);
#3787=ORIENTED_EDGE('',*,*,#2723,.T.);
#3788=ORIENTED_EDGE('',*,*,#2722,.F.);
#3789=ORIENTED_EDGE('',*,*,#2723,.F.);
#3790=ORIENTED_EDGE('',*,*,#2724,.T.);
#3791=ORIENTED_EDGE('',*,*,#2725,.T.);
#3792=ORIENTED_EDGE('',*,*,#2724,.F.);
#3793=ORIENTED_EDGE('',*,*,#2726,.T.);
#3794=ORIENTED_EDGE('',*,*,#2727,.T.);
#3795=ORIENTED_EDGE('',*,*,#2728,.F.);
#3796=ORIENTED_EDGE('',*,*,#2727,.F.);
#3797=ORIENTED_EDGE('',*,*,#2728,.T.);
#3798=ORIENTED_EDGE('',*,*,#2721,.T.);
#3799=ORIENTED_EDGE('',*,*,#2726,.F.);
#3800=ORIENTED_EDGE('',*,*,#2729,.F.);
#3801=ORIENTED_EDGE('',*,*,#2730,.F.);
#3802=ORIENTED_EDGE('',*,*,#2731,.F.);
#3803=ORIENTED_EDGE('',*,*,#2732,.F.);
#3804=ORIENTED_EDGE('',*,*,#2733,.F.);
#3805=ORIENTED_EDGE('',*,*,#2734,.F.);
#3806=ORIENTED_EDGE('',*,*,#2725,.F.);
#3807=ORIENTED_EDGE('',*,*,#2730,.T.);
#3808=ORIENTED_EDGE('',*,*,#2735,.F.);
#3809=ORIENTED_EDGE('',*,*,#2736,.F.);
#3810=ORIENTED_EDGE('',*,*,#2737,.T.);
#3811=ORIENTED_EDGE('',*,*,#2731,.T.);
#3812=ORIENTED_EDGE('',*,*,#2737,.F.);
#3813=ORIENTED_EDGE('',*,*,#2738,.F.);
#3814=ORIENTED_EDGE('',*,*,#2739,.T.);
#3815=ORIENTED_EDGE('',*,*,#2732,.T.);
#3816=ORIENTED_EDGE('',*,*,#2739,.F.);
#3817=ORIENTED_EDGE('',*,*,#2740,.F.);
#3818=ORIENTED_EDGE('',*,*,#2741,.T.);
#3819=ORIENTED_EDGE('',*,*,#2733,.T.);
#3820=ORIENTED_EDGE('',*,*,#2741,.F.);
#3821=ORIENTED_EDGE('',*,*,#2742,.F.);
#3822=ORIENTED_EDGE('',*,*,#2743,.T.);
#3823=ORIENTED_EDGE('',*,*,#2734,.T.);
#3824=ORIENTED_EDGE('',*,*,#2743,.F.);
#3825=ORIENTED_EDGE('',*,*,#2744,.F.);
#3826=ORIENTED_EDGE('',*,*,#2745,.T.);
#3827=ORIENTED_EDGE('',*,*,#2729,.T.);
#3828=ORIENTED_EDGE('',*,*,#2745,.F.);
#3829=ORIENTED_EDGE('',*,*,#2746,.F.);
#3830=ORIENTED_EDGE('',*,*,#2735,.T.);
#3831=ORIENTED_EDGE('',*,*,#2736,.T.);
#3832=ORIENTED_EDGE('',*,*,#2746,.T.);
#3833=ORIENTED_EDGE('',*,*,#2744,.T.);
#3834=ORIENTED_EDGE('',*,*,#2742,.T.);
#3835=ORIENTED_EDGE('',*,*,#2740,.T.);
#3836=ORIENTED_EDGE('',*,*,#2738,.T.);
#3837=ORIENTED_EDGE('',*,*,#2747,.F.);
#3838=ORIENTED_EDGE('',*,*,#2748,.T.);
#3839=ORIENTED_EDGE('',*,*,#2749,.T.);
#3840=ORIENTED_EDGE('',*,*,#2748,.F.);
#3841=ORIENTED_EDGE('',*,*,#2749,.F.);
#3842=ORIENTED_EDGE('',*,*,#2750,.T.);
#3843=ORIENTED_EDGE('',*,*,#2751,.T.);
#3844=ORIENTED_EDGE('',*,*,#2750,.F.);
#3845=ORIENTED_EDGE('',*,*,#2752,.T.);
#3846=ORIENTED_EDGE('',*,*,#2753,.T.);
#3847=ORIENTED_EDGE('',*,*,#2754,.F.);
#3848=ORIENTED_EDGE('',*,*,#2753,.F.);
#3849=ORIENTED_EDGE('',*,*,#2754,.T.);
#3850=ORIENTED_EDGE('',*,*,#2747,.T.);
#3851=ORIENTED_EDGE('',*,*,#2752,.F.);
#3852=ORIENTED_EDGE('',*,*,#2755,.F.);
#3853=ORIENTED_EDGE('',*,*,#2756,.F.);
#3854=ORIENTED_EDGE('',*,*,#2757,.F.);
#3855=ORIENTED_EDGE('',*,*,#2758,.F.);
#3856=ORIENTED_EDGE('',*,*,#2759,.F.);
#3857=ORIENTED_EDGE('',*,*,#2760,.F.);
#3858=ORIENTED_EDGE('',*,*,#2751,.F.);
#3859=ORIENTED_EDGE('',*,*,#2756,.T.);
#3860=ORIENTED_EDGE('',*,*,#2761,.F.);
#3861=ORIENTED_EDGE('',*,*,#2762,.F.);
#3862=ORIENTED_EDGE('',*,*,#2763,.T.);
#3863=ORIENTED_EDGE('',*,*,#2757,.T.);
#3864=ORIENTED_EDGE('',*,*,#2763,.F.);
#3865=ORIENTED_EDGE('',*,*,#2764,.F.);
#3866=ORIENTED_EDGE('',*,*,#2765,.T.);
#3867=ORIENTED_EDGE('',*,*,#2758,.T.);
#3868=ORIENTED_EDGE('',*,*,#2765,.F.);
#3869=ORIENTED_EDGE('',*,*,#2766,.F.);
#3870=ORIENTED_EDGE('',*,*,#2767,.T.);
#3871=ORIENTED_EDGE('',*,*,#2759,.T.);
#3872=ORIENTED_EDGE('',*,*,#2767,.F.);
#3873=ORIENTED_EDGE('',*,*,#2768,.F.);
#3874=ORIENTED_EDGE('',*,*,#2769,.T.);
#3875=ORIENTED_EDGE('',*,*,#2760,.T.);
#3876=ORIENTED_EDGE('',*,*,#2769,.F.);
#3877=ORIENTED_EDGE('',*,*,#2770,.F.);
#3878=ORIENTED_EDGE('',*,*,#2771,.T.);
#3879=ORIENTED_EDGE('',*,*,#2755,.T.);
#3880=ORIENTED_EDGE('',*,*,#2771,.F.);
#3881=ORIENTED_EDGE('',*,*,#2772,.F.);
#3882=ORIENTED_EDGE('',*,*,#2761,.T.);
#3883=ORIENTED_EDGE('',*,*,#2762,.T.);
#3884=ORIENTED_EDGE('',*,*,#2772,.T.);
#3885=ORIENTED_EDGE('',*,*,#2770,.T.);
#3886=ORIENTED_EDGE('',*,*,#2768,.T.);
#3887=ORIENTED_EDGE('',*,*,#2766,.T.);
#3888=ORIENTED_EDGE('',*,*,#2764,.T.);
#3889=ORIENTED_EDGE('',*,*,#2773,.F.);
#3890=ORIENTED_EDGE('',*,*,#2774,.T.);
#3891=ORIENTED_EDGE('',*,*,#2775,.T.);
#3892=ORIENTED_EDGE('',*,*,#2774,.F.);
#3893=ORIENTED_EDGE('',*,*,#2775,.F.);
#3894=ORIENTED_EDGE('',*,*,#2776,.T.);
#3895=ORIENTED_EDGE('',*,*,#2777,.T.);
#3896=ORIENTED_EDGE('',*,*,#2776,.F.);
#3897=ORIENTED_EDGE('',*,*,#2778,.T.);
#3898=ORIENTED_EDGE('',*,*,#2779,.T.);
#3899=ORIENTED_EDGE('',*,*,#2780,.F.);
#3900=ORIENTED_EDGE('',*,*,#2779,.F.);
#3901=ORIENTED_EDGE('',*,*,#2780,.T.);
#3902=ORIENTED_EDGE('',*,*,#2773,.T.);
#3903=ORIENTED_EDGE('',*,*,#2778,.F.);
#3904=ORIENTED_EDGE('',*,*,#2781,.F.);
#3905=ORIENTED_EDGE('',*,*,#2782,.F.);
#3906=ORIENTED_EDGE('',*,*,#2783,.F.);
#3907=ORIENTED_EDGE('',*,*,#2784,.F.);
#3908=ORIENTED_EDGE('',*,*,#2785,.F.);
#3909=ORIENTED_EDGE('',*,*,#2786,.F.);
#3910=ORIENTED_EDGE('',*,*,#2777,.F.);
#3911=ORIENTED_EDGE('',*,*,#2782,.T.);
#3912=ORIENTED_EDGE('',*,*,#2787,.F.);
#3913=ORIENTED_EDGE('',*,*,#2788,.F.);
#3914=ORIENTED_EDGE('',*,*,#2789,.T.);
#3915=ORIENTED_EDGE('',*,*,#2783,.T.);
#3916=ORIENTED_EDGE('',*,*,#2789,.F.);
#3917=ORIENTED_EDGE('',*,*,#2790,.F.);
#3918=ORIENTED_EDGE('',*,*,#2791,.T.);
#3919=ORIENTED_EDGE('',*,*,#2784,.T.);
#3920=ORIENTED_EDGE('',*,*,#2791,.F.);
#3921=ORIENTED_EDGE('',*,*,#2792,.F.);
#3922=ORIENTED_EDGE('',*,*,#2793,.T.);
#3923=ORIENTED_EDGE('',*,*,#2785,.T.);
#3924=ORIENTED_EDGE('',*,*,#2793,.F.);
#3925=ORIENTED_EDGE('',*,*,#2794,.F.);
#3926=ORIENTED_EDGE('',*,*,#2795,.T.);
#3927=ORIENTED_EDGE('',*,*,#2786,.T.);
#3928=ORIENTED_EDGE('',*,*,#2795,.F.);
#3929=ORIENTED_EDGE('',*,*,#2796,.F.);
#3930=ORIENTED_EDGE('',*,*,#2797,.T.);
#3931=ORIENTED_EDGE('',*,*,#2781,.T.);
#3932=ORIENTED_EDGE('',*,*,#2797,.F.);
#3933=ORIENTED_EDGE('',*,*,#2798,.F.);
#3934=ORIENTED_EDGE('',*,*,#2787,.T.);
#3935=ORIENTED_EDGE('',*,*,#2788,.T.);
#3936=ORIENTED_EDGE('',*,*,#2798,.T.);
#3937=ORIENTED_EDGE('',*,*,#2796,.T.);
#3938=ORIENTED_EDGE('',*,*,#2794,.T.);
#3939=ORIENTED_EDGE('',*,*,#2792,.T.);
#3940=ORIENTED_EDGE('',*,*,#2790,.T.);
#3941=ORIENTED_EDGE('',*,*,#2799,.F.);
#3942=ORIENTED_EDGE('',*,*,#2800,.T.);
#3943=ORIENTED_EDGE('',*,*,#2801,.T.);
#3944=ORIENTED_EDGE('',*,*,#2800,.F.);
#3945=ORIENTED_EDGE('',*,*,#2801,.F.);
#3946=ORIENTED_EDGE('',*,*,#2802,.T.);
#3947=ORIENTED_EDGE('',*,*,#2803,.T.);
#3948=ORIENTED_EDGE('',*,*,#2802,.F.);
#3949=ORIENTED_EDGE('',*,*,#2804,.T.);
#3950=ORIENTED_EDGE('',*,*,#2805,.T.);
#3951=ORIENTED_EDGE('',*,*,#2806,.F.);
#3952=ORIENTED_EDGE('',*,*,#2805,.F.);
#3953=ORIENTED_EDGE('',*,*,#2806,.T.);
#3954=ORIENTED_EDGE('',*,*,#2799,.T.);
#3955=ORIENTED_EDGE('',*,*,#2804,.F.);
#3956=ORIENTED_EDGE('',*,*,#2807,.F.);
#3957=ORIENTED_EDGE('',*,*,#2808,.F.);
#3958=ORIENTED_EDGE('',*,*,#2809,.F.);
#3959=ORIENTED_EDGE('',*,*,#2810,.F.);
#3960=ORIENTED_EDGE('',*,*,#2811,.F.);
#3961=ORIENTED_EDGE('',*,*,#2812,.F.);
#3962=ORIENTED_EDGE('',*,*,#2803,.F.);
#3963=ORIENTED_EDGE('',*,*,#2808,.T.);
#3964=ORIENTED_EDGE('',*,*,#2813,.F.);
#3965=ORIENTED_EDGE('',*,*,#2814,.F.);
#3966=ORIENTED_EDGE('',*,*,#2815,.T.);
#3967=ORIENTED_EDGE('',*,*,#2809,.T.);
#3968=ORIENTED_EDGE('',*,*,#2815,.F.);
#3969=ORIENTED_EDGE('',*,*,#2816,.F.);
#3970=ORIENTED_EDGE('',*,*,#2817,.T.);
#3971=ORIENTED_EDGE('',*,*,#2810,.T.);
#3972=ORIENTED_EDGE('',*,*,#2817,.F.);
#3973=ORIENTED_EDGE('',*,*,#2818,.F.);
#3974=ORIENTED_EDGE('',*,*,#2819,.T.);
#3975=ORIENTED_EDGE('',*,*,#2811,.T.);
#3976=ORIENTED_EDGE('',*,*,#2819,.F.);
#3977=ORIENTED_EDGE('',*,*,#2820,.F.);
#3978=ORIENTED_EDGE('',*,*,#2821,.T.);
#3979=ORIENTED_EDGE('',*,*,#2812,.T.);
#3980=ORIENTED_EDGE('',*,*,#2821,.F.);
#3981=ORIENTED_EDGE('',*,*,#2822,.F.);
#3982=ORIENTED_EDGE('',*,*,#2823,.T.);
#3983=ORIENTED_EDGE('',*,*,#2807,.T.);
#3984=ORIENTED_EDGE('',*,*,#2823,.F.);
#3985=ORIENTED_EDGE('',*,*,#2824,.F.);
#3986=ORIENTED_EDGE('',*,*,#2813,.T.);
#3987=ORIENTED_EDGE('',*,*,#2814,.T.);
#3988=ORIENTED_EDGE('',*,*,#2824,.T.);
#3989=ORIENTED_EDGE('',*,*,#2822,.T.);
#3990=ORIENTED_EDGE('',*,*,#2820,.T.);
#3991=ORIENTED_EDGE('',*,*,#2818,.T.);
#3992=ORIENTED_EDGE('',*,*,#2816,.T.);
#3993=CYLINDRICAL_SURFACE('',#4676,1.65);
#3994=CYLINDRICAL_SURFACE('',#4679,1.65);
#3995=CYLINDRICAL_SURFACE('',#4682,7.);
#3996=CYLINDRICAL_SURFACE('',#4686,2.25);
#3997=CYLINDRICAL_SURFACE('',#4689,2.25);
#3998=CYLINDRICAL_SURFACE('',#4695,4.);
#3999=CYLINDRICAL_SURFACE('',#4697,2.25);
#4000=CYLINDRICAL_SURFACE('',#4700,2.25);
#4001=CYLINDRICAL_SURFACE('',#4711,5.);
#4002=CYLINDRICAL_SURFACE('',#4714,5.);
#4003=CYLINDRICAL_SURFACE('',#4734,9.);
#4004=CYLINDRICAL_SURFACE('',#4736,4.);
#4005=CYLINDRICAL_SURFACE('',#4738,4.);
#4006=CYLINDRICAL_SURFACE('',#4739,4.);
#4007=CYLINDRICAL_SURFACE('',#4741,4.);
#4008=CYLINDRICAL_SURFACE('',#4742,9.);
#4009=CYLINDRICAL_SURFACE('',#4749,5.);
#4010=CYLINDRICAL_SURFACE('',#4750,5.);
#4011=CYLINDRICAL_SURFACE('',#4752,5.);
#4012=CYLINDRICAL_SURFACE('',#4755,1.65);
#4013=CYLINDRICAL_SURFACE('',#4758,1.65);
#4014=CYLINDRICAL_SURFACE('',#4764,4.);
#4015=CYLINDRICAL_SURFACE('',#4767,9.);
#4016=CYLINDRICAL_SURFACE('',#4776,4.);
#4017=CYLINDRICAL_SURFACE('',#4779,4.);
#4018=CYLINDRICAL_SURFACE('',#4787,10.0000000000001);
#4019=CYLINDRICAL_SURFACE('',#4790,7.);
#4020=CYLINDRICAL_SURFACE('',#4793,5.);
#4021=CYLINDRICAL_SURFACE('',#4804,7.5);
#4022=CYLINDRICAL_SURFACE('',#4806,4.);
#4023=CYLINDRICAL_SURFACE('',#4814,5.);
#4024=CYLINDRICAL_SURFACE('',#4821,9.);
#4025=CYLINDRICAL_SURFACE('',#4824,4.);
#4026=CYLINDRICAL_SURFACE('',#4827,0.75);
#4027=CYLINDRICAL_SURFACE('',#4832,6.);
#4028=CYLINDRICAL_SURFACE('',#4835,7.);
#4029=CYLINDRICAL_SURFACE('',#4840,1.65);
#4030=CYLINDRICAL_SURFACE('',#4843,1.65);
#4031=CYLINDRICAL_SURFACE('',#4849,4.);
#4032=CYLINDRICAL_SURFACE('',#4852,9.);
#4033=CYLINDRICAL_SURFACE('',#4861,4.);
#4034=CYLINDRICAL_SURFACE('',#4864,4.);
#4035=CYLINDRICAL_SURFACE('',#4868,1.65);
#4036=CYLINDRICAL_SURFACE('',#4871,1.65);
#4037=CYLINDRICAL_SURFACE('',#4874,7.);
#4038=CYLINDRICAL_SURFACE('',#4878,2.25);
#4039=CYLINDRICAL_SURFACE('',#4881,2.25);
#4040=CYLINDRICAL_SURFACE('',#4887,4.);
#4041=CYLINDRICAL_SURFACE('',#4889,2.25);
#4042=CYLINDRICAL_SURFACE('',#4892,2.25);
#4043=CYLINDRICAL_SURFACE('',#4903,5.);
#4044=CYLINDRICAL_SURFACE('',#4906,5.);
#4045=CYLINDRICAL_SURFACE('',#4926,9.);
#4046=CYLINDRICAL_SURFACE('',#4928,4.);
#4047=CYLINDRICAL_SURFACE('',#4930,4.);
#4048=CYLINDRICAL_SURFACE('',#4931,4.);
#4049=CYLINDRICAL_SURFACE('',#4933,4.);
#4050=CYLINDRICAL_SURFACE('',#4934,9.);
#4051=CYLINDRICAL_SURFACE('',#4941,5.);
#4052=CYLINDRICAL_SURFACE('',#4942,5.);
#4053=CYLINDRICAL_SURFACE('',#4944,5.);
#4054=CYLINDRICAL_SURFACE('',#4953,7.5);
#4055=CYLINDRICAL_SURFACE('',#4955,4.);
#4056=CYLINDRICAL_SURFACE('',#4963,5.);
#4057=CYLINDRICAL_SURFACE('',#4970,9.);
#4058=CYLINDRICAL_SURFACE('',#4973,4.);
#4059=CYLINDRICAL_SURFACE('',#4976,0.75);
#4060=CYLINDRICAL_SURFACE('',#4981,6.95);
#4061=CYLINDRICAL_SURFACE('',#4984,5.95);
#4062=CYLINDRICAL_SURFACE('',#4992,6.95);
#4063=CYLINDRICAL_SURFACE('',#4995,5.95);
#4064=CYLINDRICAL_SURFACE('',#5003,2.);
#4065=CYLINDRICAL_SURFACE('',#5008,3.5);
#4066=CYLINDRICAL_SURFACE('',#5021,2.);
#4067=CYLINDRICAL_SURFACE('',#5026,3.5);
#4068=CYLINDRICAL_SURFACE('',#5039,2.);
#4069=CYLINDRICAL_SURFACE('',#5044,3.5);
#4070=CYLINDRICAL_SURFACE('',#5057,2.);
#4071=CYLINDRICAL_SURFACE('',#5062,3.5);
#4072=CYLINDRICAL_SURFACE('',#5075,2.);
#4073=CYLINDRICAL_SURFACE('',#5080,3.5);
#4074=CYLINDRICAL_SURFACE('',#5093,2.);
#4075=CYLINDRICAL_SURFACE('',#5098,3.5);
#4076=CYLINDRICAL_SURFACE('',#5111,2.);
#4077=CYLINDRICAL_SURFACE('',#5116,3.5);
#4078=CYLINDRICAL_SURFACE('',#5129,2.);
#4079=CYLINDRICAL_SURFACE('',#5134,3.5);
#4080=STYLED_ITEM('',(#7722),#4367);
#4081=STYLED_ITEM('',(#7722),#4368);
#4082=STYLED_ITEM('',(#7722),#4369);
#4083=STYLED_ITEM('',(#7722),#4370);
#4084=STYLED_ITEM('',(#7722),#4371);
#4085=STYLED_ITEM('',(#7722),#4372);
#4086=STYLED_ITEM('',(#7722),#4373);
#4087=STYLED_ITEM('',(#7722),#4374);
#4088=STYLED_ITEM('',(#7722),#4375);
#4089=STYLED_ITEM('',(#7722),#4376);
#4090=STYLED_ITEM('',(#7722),#4377);
#4091=STYLED_ITEM('',(#7722),#4378);
#4092=STYLED_ITEM('',(#7722),#4379);
#4093=STYLED_ITEM('',(#7722),#4380);
#4094=STYLED_ITEM('',(#7722),#4381);
#4095=STYLED_ITEM('',(#7722),#4382);
#4096=STYLED_ITEM('',(#7722),#4383);
#4097=STYLED_ITEM('',(#7722),#4384);
#4098=STYLED_ITEM('',(#7722),#4385);
#4099=STYLED_ITEM('',(#7722),#4386);
#4100=STYLED_ITEM('',(#7722),#4387);
#4101=STYLED_ITEM('',(#7722),#4388);
#4102=STYLED_ITEM('',(#7722),#4389);
#4103=STYLED_ITEM('',(#7722),#4390);
#4104=STYLED_ITEM('',(#7722),#4391);
#4105=STYLED_ITEM('',(#7722),#4392);
#4106=STYLED_ITEM('',(#7722),#4393);
#4107=STYLED_ITEM('',(#7722),#4394);
#4108=STYLED_ITEM('',(#7722),#4395);
#4109=STYLED_ITEM('',(#7722),#4396);
#4110=STYLED_ITEM('',(#7722),#4397);
#4111=STYLED_ITEM('',(#7722),#4398);
#4112=STYLED_ITEM('',(#7722),#4399);
#4113=STYLED_ITEM('',(#7722),#4400);
#4114=STYLED_ITEM('',(#7722),#4401);
#4115=STYLED_ITEM('',(#7722),#4402);
#4116=STYLED_ITEM('',(#7722),#4403);
#4117=STYLED_ITEM('',(#7722),#4404);
#4118=STYLED_ITEM('',(#7722),#4405);
#4119=STYLED_ITEM('',(#7722),#15);
#4120=STYLED_ITEM('',(#7722),#4406);
#4121=STYLED_ITEM('',(#7722),#4407);
#4122=STYLED_ITEM('',(#7722),#4408);
#4123=STYLED_ITEM('',(#7722),#4409);
#4124=STYLED_ITEM('',(#7722),#4410);
#4125=STYLED_ITEM('',(#7722),#4411);
#4126=STYLED_ITEM('',(#7722),#4412);
#4127=STYLED_ITEM('',(#7722),#4413);
#4128=STYLED_ITEM('',(#7722),#4414);
#4129=STYLED_ITEM('',(#7722),#4415);
#4130=STYLED_ITEM('',(#7722),#4416);
#4131=STYLED_ITEM('',(#7722),#4417);
#4132=STYLED_ITEM('',(#7722),#4418);
#4133=STYLED_ITEM('',(#7722),#4419);
#4134=STYLED_ITEM('',(#7722),#4420);
#4135=STYLED_ITEM('',(#7722),#16);
#4136=STYLED_ITEM('',(#7722),#4421);
#4137=STYLED_ITEM('',(#7722),#4422);
#4138=STYLED_ITEM('',(#7722),#4423);
#4139=STYLED_ITEM('',(#7722),#4424);
#4140=STYLED_ITEM('',(#7722),#4425);
#4141=STYLED_ITEM('',(#7722),#4426);
#4142=STYLED_ITEM('',(#7722),#4427);
#4143=STYLED_ITEM('',(#7722),#17);
#4144=STYLED_ITEM('',(#7722),#4428);
#4145=STYLED_ITEM('',(#7722),#4429);
#4146=STYLED_ITEM('',(#7722),#4430);
#4147=STYLED_ITEM('',(#7722),#4431);
#4148=STYLED_ITEM('',(#7722),#4432);
#4149=STYLED_ITEM('',(#7722),#4433);
#4150=STYLED_ITEM('',(#7722),#4434);
#4151=STYLED_ITEM('',(#7722),#4435);
#4152=STYLED_ITEM('',(#7722),#4436);
#4153=STYLED_ITEM('',(#7722),#4437);
#4154=STYLED_ITEM('',(#7722),#4438);
#4155=STYLED_ITEM('',(#7722),#18);
#4156=STYLED_ITEM('',(#7722),#4439);
#4157=STYLED_ITEM('',(#7722),#4440);
#4158=STYLED_ITEM('',(#7722),#4441);
#4159=STYLED_ITEM('',(#7722),#4442);
#4160=STYLED_ITEM('',(#7722),#4443);
#4161=STYLED_ITEM('',(#7722),#19);
#4162=STYLED_ITEM('',(#7722),#4444);
#4163=STYLED_ITEM('',(#7722),#4445);
#4164=STYLED_ITEM('',(#7722),#4446);
#4165=STYLED_ITEM('',(#7722),#4447);
#4166=STYLED_ITEM('',(#7722),#20);
#4167=STYLED_ITEM('',(#7722),#4448);
#4168=STYLED_ITEM('',(#7722),#4449);
#4169=STYLED_ITEM('',(#7722),#4450);
#4170=STYLED_ITEM('',(#7722),#4451);
#4171=STYLED_ITEM('',(#7722),#4452);
#4172=STYLED_ITEM('',(#7722),#4453);
#4173=STYLED_ITEM('',(#7722),#4454);
#4174=STYLED_ITEM('',(#7722),#4455);
#4175=STYLED_ITEM('',(#7722),#4456);
#4176=STYLED_ITEM('',(#7722),#4457);
#4177=STYLED_ITEM('',(#7722),#4458);
#4178=STYLED_ITEM('',(#7722),#4459);
#4179=STYLED_ITEM('',(#7722),#4460);
#4180=STYLED_ITEM('',(#7722),#4461);
#4181=STYLED_ITEM('',(#7722),#4462);
#4182=STYLED_ITEM('',(#7722),#21);
#4183=STYLED_ITEM('',(#7722),#4463);
#4184=STYLED_ITEM('',(#7722),#4464);
#4185=STYLED_ITEM('',(#7722),#4465);
#4186=STYLED_ITEM('',(#7722),#4466);
#4187=STYLED_ITEM('',(#7722),#4467);
#4188=STYLED_ITEM('',(#7722),#4468);
#4189=STYLED_ITEM('',(#7722),#4469);
#4190=STYLED_ITEM('',(#7722),#4470);
#4191=STYLED_ITEM('',(#7722),#4471);
#4192=STYLED_ITEM('',(#7722),#4472);
#4193=STYLED_ITEM('',(#7722),#4473);
#4194=STYLED_ITEM('',(#7722),#4474);
#4195=STYLED_ITEM('',(#7722),#4475);
#4196=STYLED_ITEM('',(#7722),#4476);
#4197=STYLED_ITEM('',(#7722),#4477);
#4198=STYLED_ITEM('',(#7722),#4478);
#4199=STYLED_ITEM('',(#7722),#4479);
#4200=STYLED_ITEM('',(#7722),#4480);
#4201=STYLED_ITEM('',(#7722),#4481);
#4202=STYLED_ITEM('',(#7722),#4482);
#4203=STYLED_ITEM('',(#7722),#4483);
#4204=STYLED_ITEM('',(#7722),#4484);
#4205=STYLED_ITEM('',(#7722),#4485);
#4206=STYLED_ITEM('',(#7722),#4486);
#4207=STYLED_ITEM('',(#7722),#4487);
#4208=STYLED_ITEM('',(#7722),#4488);
#4209=STYLED_ITEM('',(#7722),#4489);
#4210=STYLED_ITEM('',(#7722),#4490);
#4211=STYLED_ITEM('',(#7722),#4491);
#4212=STYLED_ITEM('',(#7722),#4492);
#4213=STYLED_ITEM('',(#7722),#4493);
#4214=STYLED_ITEM('',(#7722),#4494);
#4215=STYLED_ITEM('',(#7722),#4495);
#4216=STYLED_ITEM('',(#7722),#4496);
#4217=STYLED_ITEM('',(#7722),#4497);
#4218=STYLED_ITEM('',(#7722),#4498);
#4219=STYLED_ITEM('',(#7722),#4499);
#4220=STYLED_ITEM('',(#7722),#4500);
#4221=STYLED_ITEM('',(#7722),#4501);
#4222=STYLED_ITEM('',(#7722),#22);
#4223=STYLED_ITEM('',(#7722),#4502);
#4224=STYLED_ITEM('',(#7722),#4503);
#4225=STYLED_ITEM('',(#7722),#4504);
#4226=STYLED_ITEM('',(#7722),#4505);
#4227=STYLED_ITEM('',(#7722),#4506);
#4228=STYLED_ITEM('',(#7722),#4507);
#4229=STYLED_ITEM('',(#7722),#4508);
#4230=STYLED_ITEM('',(#7722),#4509);
#4231=STYLED_ITEM('',(#7722),#4510);
#4232=STYLED_ITEM('',(#7722),#4511);
#4233=STYLED_ITEM('',(#7722),#4512);
#4234=STYLED_ITEM('',(#7722),#23);
#4235=STYLED_ITEM('',(#7722),#4513);
#4236=STYLED_ITEM('',(#7722),#4514);
#4237=STYLED_ITEM('',(#7722),#4515);
#4238=STYLED_ITEM('',(#7722),#4516);
#4239=STYLED_ITEM('',(#7722),#4517);
#4240=STYLED_ITEM('',(#7722),#24);
#4241=STYLED_ITEM('',(#7722),#4518);
#4242=STYLED_ITEM('',(#7722),#4519);
#4243=STYLED_ITEM('',(#7722),#4520);
#4244=STYLED_ITEM('',(#7722),#4521);
#4245=STYLED_ITEM('',(#7722),#4522);
#4246=STYLED_ITEM('',(#7722),#4523);
#4247=STYLED_ITEM('',(#7722),#25);
#4248=STYLED_ITEM('',(#7722),#4524);
#4249=STYLED_ITEM('',(#7722),#4525);
#4250=STYLED_ITEM('',(#7722),#4526);
#4251=STYLED_ITEM('',(#7722),#4527);
#4252=STYLED_ITEM('',(#7722),#4528);
#4253=STYLED_ITEM('',(#7722),#4529);
#4254=STYLED_ITEM('',(#7722),#26);
#4255=STYLED_ITEM('',(#7722),#4530);
#4256=STYLED_ITEM('',(#7722),#4531);
#4257=STYLED_ITEM('',(#7722),#4532);
#4258=STYLED_ITEM('',(#7722),#4533);
#4259=STYLED_ITEM('',(#7722),#4534);
#4260=STYLED_ITEM('',(#7722),#4535);
#4261=STYLED_ITEM('',(#7722),#4536);
#4262=STYLED_ITEM('',(#7722),#4537);
#4263=STYLED_ITEM('',(#7722),#4538);
#4264=STYLED_ITEM('',(#7722),#4539);
#4265=STYLED_ITEM('',(#7722),#4540);
#4266=STYLED_ITEM('',(#7722),#4541);
#4267=STYLED_ITEM('',(#7722),#4542);
#4268=STYLED_ITEM('',(#7722),#27);
#4269=STYLED_ITEM('',(#7722),#4543);
#4270=STYLED_ITEM('',(#7722),#4544);
#4271=STYLED_ITEM('',(#7722),#4545);
#4272=STYLED_ITEM('',(#7722),#4546);
#4273=STYLED_ITEM('',(#7722),#4547);
#4274=STYLED_ITEM('',(#7722),#4548);
#4275=STYLED_ITEM('',(#7722),#4549);
#4276=STYLED_ITEM('',(#7722),#4550);
#4277=STYLED_ITEM('',(#7722),#4551);
#4278=STYLED_ITEM('',(#7722),#4552);
#4279=STYLED_ITEM('',(#7722),#4553);
#4280=STYLED_ITEM('',(#7722),#4554);
#4281=STYLED_ITEM('',(#7722),#4555);
#4282=STYLED_ITEM('',(#7722),#28);
#4283=STYLED_ITEM('',(#7722),#4556);
#4284=STYLED_ITEM('',(#7722),#4557);
#4285=STYLED_ITEM('',(#7722),#4558);
#4286=STYLED_ITEM('',(#7722),#4559);
#4287=STYLED_ITEM('',(#7722),#4560);
#4288=STYLED_ITEM('',(#7722),#4561);
#4289=STYLED_ITEM('',(#7722),#4562);
#4290=STYLED_ITEM('',(#7722),#4563);
#4291=STYLED_ITEM('',(#7722),#4564);
#4292=STYLED_ITEM('',(#7722),#4565);
#4293=STYLED_ITEM('',(#7722),#4566);
#4294=STYLED_ITEM('',(#7722),#4567);
#4295=STYLED_ITEM('',(#7722),#4568);
#4296=STYLED_ITEM('',(#7722),#29);
#4297=STYLED_ITEM('',(#7722),#4569);
#4298=STYLED_ITEM('',(#7722),#4570);
#4299=STYLED_ITEM('',(#7722),#4571);
#4300=STYLED_ITEM('',(#7722),#4572);
#4301=STYLED_ITEM('',(#7722),#4573);
#4302=STYLED_ITEM('',(#7722),#4574);
#4303=STYLED_ITEM('',(#7722),#4575);
#4304=STYLED_ITEM('',(#7722),#4576);
#4305=STYLED_ITEM('',(#7722),#4577);
#4306=STYLED_ITEM('',(#7722),#4578);
#4307=STYLED_ITEM('',(#7722),#4579);
#4308=STYLED_ITEM('',(#7722),#4580);
#4309=STYLED_ITEM('',(#7722),#4581);
#4310=STYLED_ITEM('',(#7722),#30);
#4311=STYLED_ITEM('',(#7722),#4582);
#4312=STYLED_ITEM('',(#7722),#4583);
#4313=STYLED_ITEM('',(#7722),#4584);
#4314=STYLED_ITEM('',(#7722),#4585);
#4315=STYLED_ITEM('',(#7722),#4586);
#4316=STYLED_ITEM('',(#7722),#4587);
#4317=STYLED_ITEM('',(#7722),#4588);
#4318=STYLED_ITEM('',(#7722),#4589);
#4319=STYLED_ITEM('',(#7722),#4590);
#4320=STYLED_ITEM('',(#7722),#4591);
#4321=STYLED_ITEM('',(#7722),#4592);
#4322=STYLED_ITEM('',(#7722),#4593);
#4323=STYLED_ITEM('',(#7722),#4594);
#4324=STYLED_ITEM('',(#7722),#31);
#4325=STYLED_ITEM('',(#7722),#4595);
#4326=STYLED_ITEM('',(#7722),#4596);
#4327=STYLED_ITEM('',(#7722),#4597);
#4328=STYLED_ITEM('',(#7722),#4598);
#4329=STYLED_ITEM('',(#7722),#4599);
#4330=STYLED_ITEM('',(#7722),#4600);
#4331=STYLED_ITEM('',(#7722),#4601);
#4332=STYLED_ITEM('',(#7722),#4602);
#4333=STYLED_ITEM('',(#7722),#4603);
#4334=STYLED_ITEM('',(#7722),#4604);
#4335=STYLED_ITEM('',(#7722),#4605);
#4336=STYLED_ITEM('',(#7722),#4606);
#4337=STYLED_ITEM('',(#7722),#4607);
#4338=STYLED_ITEM('',(#7722),#32);
#4339=STYLED_ITEM('',(#7722),#4608);
#4340=STYLED_ITEM('',(#7722),#4609);
#4341=STYLED_ITEM('',(#7722),#4610);
#4342=STYLED_ITEM('',(#7722),#4611);
#4343=STYLED_ITEM('',(#7722),#4612);
#4344=STYLED_ITEM('',(#7722),#4613);
#4345=STYLED_ITEM('',(#7722),#4614);
#4346=STYLED_ITEM('',(#7722),#4615);
#4347=STYLED_ITEM('',(#7722),#4616);
#4348=STYLED_ITEM('',(#7722),#4617);
#4349=STYLED_ITEM('',(#7722),#4618);
#4350=STYLED_ITEM('',(#7722),#4619);
#4351=STYLED_ITEM('',(#7722),#4620);
#4352=STYLED_ITEM('',(#7722),#33);
#4353=STYLED_ITEM('',(#7722),#4621);
#4354=STYLED_ITEM('',(#7722),#4622);
#4355=STYLED_ITEM('',(#7722),#4623);
#4356=STYLED_ITEM('',(#7722),#4624);
#4357=STYLED_ITEM('',(#7722),#4625);
#4358=STYLED_ITEM('',(#7722),#4626);
#4359=STYLED_ITEM('',(#7722),#4627);
#4360=STYLED_ITEM('',(#7722),#4628);
#4361=STYLED_ITEM('',(#7722),#4629);
#4362=STYLED_ITEM('',(#7722),#4630);
#4363=STYLED_ITEM('',(#7722),#4631);
#4364=STYLED_ITEM('',(#7722),#4632);
#4365=STYLED_ITEM('',(#7722),#4633);
#4366=STYLED_ITEM('',(#7722),#34);
#4367=ADVANCED_FACE('',(#288),#3993,.F.);
#4368=ADVANCED_FACE('',(#289),#3994,.F.);
#4369=ADVANCED_FACE('',(#290),#3995,.F.);
#4370=ADVANCED_FACE('',(#291),#3996,.F.);
#4371=ADVANCED_FACE('',(#292),#3997,.F.);
#4372=ADVANCED_FACE('',(#293),#265,.T.);
#4373=ADVANCED_FACE('',(#294),#3998,.T.);
#4374=ADVANCED_FACE('',(#295),#3999,.F.);
#4375=ADVANCED_FACE('',(#296),#4000,.F.);
#4376=ADVANCED_FACE('',(#297,#35,#36),#110,.T.);
#4377=ADVANCED_FACE('',(#298),#111,.F.);
#4378=ADVANCED_FACE('',(#299),#112,.T.);
#4379=ADVANCED_FACE('',(#300),#113,.T.);
#4380=ADVANCED_FACE('',(#301),#4001,.T.);
#4381=ADVANCED_FACE('',(#302),#4002,.T.);
#4382=ADVANCED_FACE('',(#303,#37,#38,#39,#40),#114,.F.);
#4383=ADVANCED_FACE('',(#304,#41,#42),#115,.F.);
#4384=ADVANCED_FACE('',(#305),#116,.F.);
#4385=ADVANCED_FACE('',(#306),#117,.F.);
#4386=ADVANCED_FACE('',(#307),#118,.F.);
#4387=ADVANCED_FACE('',(#308),#119,.F.);
#4388=ADVANCED_FACE('',(#309,#43),#120,.T.);
#4389=ADVANCED_FACE('',(#310),#4003,.T.);
#4390=ADVANCED_FACE('',(#311),#121,.T.);
#4391=ADVANCED_FACE('',(#312),#4004,.T.);
#4392=ADVANCED_FACE('',(#313),#122,.T.);
#4393=ADVANCED_FACE('',(#314),#4005,.T.);
#4394=ADVANCED_FACE('',(#315),#4006,.T.);
#4395=ADVANCED_FACE('',(#316),#123,.T.);
#4396=ADVANCED_FACE('',(#317),#4007,.T.);
#4397=ADVANCED_FACE('',(#318),#4008,.T.);
#4398=ADVANCED_FACE('',(#319,#44,#45),#124,.F.);
#4399=ADVANCED_FACE('',(#320),#125,.F.);
#4400=ADVANCED_FACE('',(#321),#126,.F.);
#4401=ADVANCED_FACE('',(#322),#4009,.T.);
#4402=ADVANCED_FACE('',(#323),#4010,.T.);
#4403=ADVANCED_FACE('',(#324),#127,.T.);
#4404=ADVANCED_FACE('',(#325),#4011,.F.);
#4405=ADVANCED_FACE('',(#326,#46,#47),#128,.T.);
#4406=ADVANCED_FACE('',(#327),#4012,.F.);
#4407=ADVANCED_FACE('',(#328),#4013,.F.);
#4408=ADVANCED_FACE('',(#329),#266,.F.);
#4409=ADVANCED_FACE('',(#330),#4014,.F.);
#4410=ADVANCED_FACE('',(#331),#129,.F.);
#4411=ADVANCED_FACE('',(#332),#4015,.T.);
#4412=ADVANCED_FACE('',(#333),#130,.F.);
#4413=ADVANCED_FACE('',(#334),#131,.F.);
#4414=ADVANCED_FACE('',(#335,#48),#132,.T.);
#4415=ADVANCED_FACE('',(#336,#49,#50,#51),#133,.F.);
#4416=ADVANCED_FACE('',(#337),#4016,.T.);
#4417=ADVANCED_FACE('',(#338),#134,.F.);
#4418=ADVANCED_FACE('',(#339),#4017,.T.);
#4419=ADVANCED_FACE('',(#340,#52,#53),#135,.F.);
#4420=ADVANCED_FACE('',(#341),#136,.F.);
#4421=ADVANCED_FACE('',(#342),#267,.F.);
#4422=ADVANCED_FACE('',(#343),#4018,.T.);
#4423=ADVANCED_FACE('',(#344),#4019,.T.);
#4424=ADVANCED_FACE('',(#345),#4020,.F.);
#4425=ADVANCED_FACE('',(#346,#54),#137,.F.);
#4426=ADVANCED_FACE('',(#347,#55),#138,.F.);
#4427=ADVANCED_FACE('',(#348,#56),#139,.F.);
#4428=ADVANCED_FACE('',(#349),#268,.T.);
#4429=ADVANCED_FACE('',(#350),#269,.F.);
#4430=ADVANCED_FACE('',(#351),#4021,.T.);
#4431=ADVANCED_FACE('',(#352),#4022,.F.);
#4432=ADVANCED_FACE('',(#353),#270,.F.);
#4433=ADVANCED_FACE('',(#354),#13,.F.);
#4434=ADVANCED_FACE('',(#355),#4023,.T.);
#4435=ADVANCED_FACE('',(#356),#271,.T.);
#4436=ADVANCED_FACE('',(#357,#57),#140,.T.);
#4437=ADVANCED_FACE('',(#358,#58),#141,.T.);
#4438=ADVANCED_FACE('',(#359,#59),#142,.F.);
#4439=ADVANCED_FACE('',(#360),#4024,.T.);
#4440=ADVANCED_FACE('',(#361),#4025,.F.);
#4441=ADVANCED_FACE('',(#362),#4026,.F.);
#4442=ADVANCED_FACE('',(#363,#60,#61),#143,.T.);
#4443=ADVANCED_FACE('',(#364,#62,#63),#144,.F.);
#4444=ADVANCED_FACE('',(#365),#4027,.F.);
#4445=ADVANCED_FACE('',(#366),#4028,.T.);
#4446=ADVANCED_FACE('',(#367,#64),#145,.T.);
#4447=ADVANCED_FACE('',(#368,#65),#146,.F.);
#4448=ADVANCED_FACE('',(#369),#4029,.F.);
#4449=ADVANCED_FACE('',(#370),#4030,.F.);
#4450=ADVANCED_FACE('',(#371),#272,.F.);
#4451=ADVANCED_FACE('',(#372),#4031,.F.);
#4452=ADVANCED_FACE('',(#373),#147,.F.);
#4453=ADVANCED_FACE('',(#374),#4032,.T.);
#4454=ADVANCED_FACE('',(#375),#148,.F.);
#4455=ADVANCED_FACE('',(#376),#149,.F.);
#4456=ADVANCED_FACE('',(#377,#66),#150,.T.);
#4457=ADVANCED_FACE('',(#378,#67,#68,#69),#151,.F.);
#4458=ADVANCED_FACE('',(#379),#4033,.T.);
#4459=ADVANCED_FACE('',(#380),#152,.F.);
#4460=ADVANCED_FACE('',(#381),#4034,.T.);
#4461=ADVANCED_FACE('',(#382,#70,#71),#153,.F.);
#4462=ADVANCED_FACE('',(#383),#154,.F.);
#4463=ADVANCED_FACE('',(#384),#4035,.F.);
#4464=ADVANCED_FACE('',(#385),#4036,.F.);
#4465=ADVANCED_FACE('',(#386),#4037,.F.);
#4466=ADVANCED_FACE('',(#387),#4038,.F.);
#4467=ADVANCED_FACE('',(#388),#4039,.F.);
#4468=ADVANCED_FACE('',(#389),#273,.T.);
#4469=ADVANCED_FACE('',(#390),#4040,.T.);
#4470=ADVANCED_FACE('',(#391),#4041,.F.);
#4471=ADVANCED_FACE('',(#392),#4042,.F.);
#4472=ADVANCED_FACE('',(#393,#72,#73),#155,.T.);
#4473=ADVANCED_FACE('',(#394),#156,.F.);
#4474=ADVANCED_FACE('',(#395),#157,.T.);
#4475=ADVANCED_FACE('',(#396),#158,.T.);
#4476=ADVANCED_FACE('',(#397),#4043,.T.);
#4477=ADVANCED_FACE('',(#398),#4044,.T.);
#4478=ADVANCED_FACE('',(#399,#74,#75,#76,#77),#159,.F.);
#4479=ADVANCED_FACE('',(#400,#78,#79),#160,.F.);
#4480=ADVANCED_FACE('',(#401),#161,.F.);
#4481=ADVANCED_FACE('',(#402),#162,.F.);
#4482=ADVANCED_FACE('',(#403),#163,.F.);
#4483=ADVANCED_FACE('',(#404),#164,.F.);
#4484=ADVANCED_FACE('',(#405,#80),#165,.T.);
#4485=ADVANCED_FACE('',(#406),#4045,.T.);
#4486=ADVANCED_FACE('',(#407),#166,.T.);
#4487=ADVANCED_FACE('',(#408),#4046,.T.);
#4488=ADVANCED_FACE('',(#409),#167,.T.);
#4489=ADVANCED_FACE('',(#410),#4047,.T.);
#4490=ADVANCED_FACE('',(#411),#4048,.T.);
#4491=ADVANCED_FACE('',(#412),#168,.T.);
#4492=ADVANCED_FACE('',(#413),#4049,.T.);
#4493=ADVANCED_FACE('',(#414),#4050,.T.);
#4494=ADVANCED_FACE('',(#415,#81,#82),#169,.F.);
#4495=ADVANCED_FACE('',(#416),#170,.F.);
#4496=ADVANCED_FACE('',(#417),#171,.F.);
#4497=ADVANCED_FACE('',(#418),#4051,.T.);
#4498=ADVANCED_FACE('',(#419),#4052,.T.);
#4499=ADVANCED_FACE('',(#420),#172,.T.);
#4500=ADVANCED_FACE('',(#421),#4053,.F.);
#4501=ADVANCED_FACE('',(#422,#83,#84),#173,.T.);
#4502=ADVANCED_FACE('',(#423),#274,.T.);
#4503=ADVANCED_FACE('',(#424),#275,.F.);
#4504=ADVANCED_FACE('',(#425),#4054,.T.);
#4505=ADVANCED_FACE('',(#426),#4055,.F.);
#4506=ADVANCED_FACE('',(#427),#276,.F.);
#4507=ADVANCED_FACE('',(#428),#14,.F.);
#4508=ADVANCED_FACE('',(#429),#4056,.T.);
#4509=ADVANCED_FACE('',(#430),#277,.T.);
#4510=ADVANCED_FACE('',(#431,#85),#174,.T.);
#4511=ADVANCED_FACE('',(#432,#86),#175,.T.);
#4512=ADVANCED_FACE('',(#433,#87),#176,.F.);
#4513=ADVANCED_FACE('',(#434),#4057,.T.);
#4514=ADVANCED_FACE('',(#435),#4058,.F.);
#4515=ADVANCED_FACE('',(#436),#4059,.F.);
#4516=ADVANCED_FACE('',(#437,#88,#89),#177,.T.);
#4517=ADVANCED_FACE('',(#438,#90,#91),#178,.F.);
#4518=ADVANCED_FACE('',(#439),#4060,.T.);
#4519=ADVANCED_FACE('',(#440),#4061,.T.);
#4520=ADVANCED_FACE('',(#441),#278,.T.);
#4521=ADVANCED_FACE('',(#442),#179,.F.);
#4522=ADVANCED_FACE('',(#443),#180,.T.);
#4523=ADVANCED_FACE('',(#444,#92),#181,.F.);
#4524=ADVANCED_FACE('',(#445),#4062,.T.);
#4525=ADVANCED_FACE('',(#446),#4063,.T.);
#4526=ADVANCED_FACE('',(#447),#279,.T.);
#4527=ADVANCED_FACE('',(#448),#182,.F.);
#4528=ADVANCED_FACE('',(#449),#183,.T.);
#4529=ADVANCED_FACE('',(#450,#93),#184,.F.);
#4530=ADVANCED_FACE('',(#451),#4064,.T.);
#4531=ADVANCED_FACE('',(#452),#280,.T.);
#4532=ADVANCED_FACE('',(#453),#4065,.T.);
#4533=ADVANCED_FACE('',(#454,#94),#185,.T.);
#4534=ADVANCED_FACE('',(#455,#95),#186,.F.);
#4535=ADVANCED_FACE('',(#456),#187,.T.);
#4536=ADVANCED_FACE('',(#457),#188,.F.);
#4537=ADVANCED_FACE('',(#458),#189,.F.);
#4538=ADVANCED_FACE('',(#459),#190,.F.);
#4539=ADVANCED_FACE('',(#460),#191,.F.);
#4540=ADVANCED_FACE('',(#461),#192,.F.);
#4541=ADVANCED_FACE('',(#462),#193,.F.);
#4542=ADVANCED_FACE('',(#463),#194,.T.);
#4543=ADVANCED_FACE('',(#464),#4066,.T.);
#4544=ADVANCED_FACE('',(#465),#281,.T.);
#4545=ADVANCED_FACE('',(#466),#4067,.T.);
#4546=ADVANCED_FACE('',(#467,#96),#195,.T.);
#4547=ADVANCED_FACE('',(#468,#97),#196,.F.);
#4548=ADVANCED_FACE('',(#469),#197,.T.);
#4549=ADVANCED_FACE('',(#470),#198,.F.);
#4550=ADVANCED_FACE('',(#471),#199,.F.);
#4551=ADVANCED_FACE('',(#472),#200,.F.);
#4552=ADVANCED_FACE('',(#473),#201,.F.);
#4553=ADVANCED_FACE('',(#474),#202,.F.);
#4554=ADVANCED_FACE('',(#475),#203,.F.);
#4555=ADVANCED_FACE('',(#476),#204,.T.);
#4556=ADVANCED_FACE('',(#477),#4068,.T.);
#4557=ADVANCED_FACE('',(#478),#282,.T.);
#4558=ADVANCED_FACE('',(#479),#4069,.T.);
#4559=ADVANCED_FACE('',(#480,#98),#205,.T.);
#4560=ADVANCED_FACE('',(#481,#99),#206,.F.);
#4561=ADVANCED_FACE('',(#482),#207,.T.);
#4562=ADVANCED_FACE('',(#483),#208,.F.);
#4563=ADVANCED_FACE('',(#484),#209,.F.);
#4564=ADVANCED_FACE('',(#485),#210,.F.);
#4565=ADVANCED_FACE('',(#486),#211,.F.);
#4566=ADVANCED_FACE('',(#487),#212,.F.);
#4567=ADVANCED_FACE('',(#488),#213,.F.);
#4568=ADVANCED_FACE('',(#489),#214,.T.);
#4569=ADVANCED_FACE('',(#490),#4070,.T.);
#4570=ADVANCED_FACE('',(#491),#283,.T.);
#4571=ADVANCED_FACE('',(#492),#4071,.T.);
#4572=ADVANCED_FACE('',(#493,#100),#215,.T.);
#4573=ADVANCED_FACE('',(#494,#101),#216,.F.);
#4574=ADVANCED_FACE('',(#495),#217,.T.);
#4575=ADVANCED_FACE('',(#496),#218,.F.);
#4576=ADVANCED_FACE('',(#497),#219,.F.);
#4577=ADVANCED_FACE('',(#498),#220,.F.);
#4578=ADVANCED_FACE('',(#499),#221,.F.);
#4579=ADVANCED_FACE('',(#500),#222,.F.);
#4580=ADVANCED_FACE('',(#501),#223,.F.);
#4581=ADVANCED_FACE('',(#502),#224,.T.);
#4582=ADVANCED_FACE('',(#503),#4072,.T.);
#4583=ADVANCED_FACE('',(#504),#284,.T.);
#4584=ADVANCED_FACE('',(#505),#4073,.T.);
#4585=ADVANCED_FACE('',(#506,#102),#225,.T.);
#4586=ADVANCED_FACE('',(#507,#103),#226,.F.);
#4587=ADVANCED_FACE('',(#508),#227,.T.);
#4588=ADVANCED_FACE('',(#509),#228,.F.);
#4589=ADVANCED_FACE('',(#510),#229,.F.);
#4590=ADVANCED_FACE('',(#511),#230,.F.);
#4591=ADVANCED_FACE('',(#512),#231,.F.);
#4592=ADVANCED_FACE('',(#513),#232,.F.);
#4593=ADVANCED_FACE('',(#514),#233,.F.);
#4594=ADVANCED_FACE('',(#515),#234,.T.);
#4595=ADVANCED_FACE('',(#516),#4074,.T.);
#4596=ADVANCED_FACE('',(#517),#285,.T.);
#4597=ADVANCED_FACE('',(#518),#4075,.T.);
#4598=ADVANCED_FACE('',(#519,#104),#235,.T.);
#4599=ADVANCED_FACE('',(#520,#105),#236,.F.);
#4600=ADVANCED_FACE('',(#521),#237,.T.);
#4601=ADVANCED_FACE('',(#522),#238,.F.);
#4602=ADVANCED_FACE('',(#523),#239,.F.);
#4603=ADVANCED_FACE('',(#524),#240,.F.);
#4604=ADVANCED_FACE('',(#525),#241,.F.);
#4605=ADVANCED_FACE('',(#526),#242,.F.);
#4606=ADVANCED_FACE('',(#527),#243,.F.);
#4607=ADVANCED_FACE('',(#528),#244,.T.);
#4608=ADVANCED_FACE('',(#529),#4076,.T.);
#4609=ADVANCED_FACE('',(#530),#286,.T.);
#4610=ADVANCED_FACE('',(#531),#4077,.T.);
#4611=ADVANCED_FACE('',(#532,#106),#245,.T.);
#4612=ADVANCED_FACE('',(#533,#107),#246,.F.);
#4613=ADVANCED_FACE('',(#534),#247,.T.);
#4614=ADVANCED_FACE('',(#535),#248,.F.);
#4615=ADVANCED_FACE('',(#536),#249,.F.);
#4616=ADVANCED_FACE('',(#537),#250,.F.);
#4617=ADVANCED_FACE('',(#538),#251,.F.);
#4618=ADVANCED_FACE('',(#539),#252,.F.);
#4619=ADVANCED_FACE('',(#540),#253,.F.);
#4620=ADVANCED_FACE('',(#541),#254,.T.);
#4621=ADVANCED_FACE('',(#542),#4078,.T.);
#4622=ADVANCED_FACE('',(#543),#287,.T.);
#4623=ADVANCED_FACE('',(#544),#4079,.T.);
#4624=ADVANCED_FACE('',(#545,#108),#255,.T.);
#4625=ADVANCED_FACE('',(#546,#109),#256,.F.);
#4626=ADVANCED_FACE('',(#547),#257,.T.);
#4627=ADVANCED_FACE('',(#548),#258,.F.);
#4628=ADVANCED_FACE('',(#549),#259,.F.);
#4629=ADVANCED_FACE('',(#550),#260,.F.);
#4630=ADVANCED_FACE('',(#551),#261,.F.);
#4631=ADVANCED_FACE('',(#552),#262,.F.);
#4632=ADVANCED_FACE('',(#553),#263,.F.);
#4633=ADVANCED_FACE('',(#554),#264,.T.);
#4634=CLOSED_SHELL('',(#4367,#4368,#4369,#4370,#4371,#4372,#4373,#4374,
#4375,#4376,#4377,#4378,#4379,#4380,#4381,#4382,#4383,#4384,#4385,#4386,
#4387,#4388,#4389,#4390,#4391,#4392,#4393,#4394,#4395,#4396,#4397,#4398,
#4399,#4400,#4401,#4402,#4403,#4404,#4405));
#4635=CLOSED_SHELL('',(#4406,#4407,#4408,#4409,#4410,#4411,#4412,#4413,
#4414,#4415,#4416,#4417,#4418,#4419,#4420));
#4636=CLOSED_SHELL('',(#4421,#4422,#4423,#4424,#4425,#4426,#4427));
#4637=CLOSED_SHELL('',(#4428,#4429,#4430,#4431,#4432,#4433,#4434,#4435,
#4436,#4437,#4438));
#4638=CLOSED_SHELL('',(#4439,#4440,#4441,#4442,#4443));
#4639=CLOSED_SHELL('',(#4444,#4445,#4446,#4447));
#4640=CLOSED_SHELL('',(#4448,#4449,#4450,#4451,#4452,#4453,#4454,#4455,
#4456,#4457,#4458,#4459,#4460,#4461,#4462));
#4641=CLOSED_SHELL('',(#4463,#4464,#4465,#4466,#4467,#4468,#4469,#4470,
#4471,#4472,#4473,#4474,#4475,#4476,#4477,#4478,#4479,#4480,#4481,#4482,
#4483,#4484,#4485,#4486,#4487,#4488,#4489,#4490,#4491,#4492,#4493,#4494,
#4495,#4496,#4497,#4498,#4499,#4500,#4501));
#4642=CLOSED_SHELL('',(#4502,#4503,#4504,#4505,#4506,#4507,#4508,#4509,
#4510,#4511,#4512));
#4643=CLOSED_SHELL('',(#4513,#4514,#4515,#4516,#4517));
#4644=CLOSED_SHELL('',(#4518,#4519,#4520,#4521,#4522,#4523));
#4645=CLOSED_SHELL('',(#4524,#4525,#4526,#4527,#4528,#4529));
#4646=CLOSED_SHELL('',(#4530,#4531,#4532,#4533,#4534,#4535,#4536,#4537,
#4538,#4539,#4540,#4541,#4542));
#4647=CLOSED_SHELL('',(#4543,#4544,#4545,#4546,#4547,#4548,#4549,#4550,
#4551,#4552,#4553,#4554,#4555));
#4648=CLOSED_SHELL('',(#4556,#4557,#4558,#4559,#4560,#4561,#4562,#4563,
#4564,#4565,#4566,#4567,#4568));
#4649=CLOSED_SHELL('',(#4569,#4570,#4571,#4572,#4573,#4574,#4575,#4576,
#4577,#4578,#4579,#4580,#4581));
#4650=CLOSED_SHELL('',(#4582,#4583,#4584,#4585,#4586,#4587,#4588,#4589,
#4590,#4591,#4592,#4593,#4594));
#4651=CLOSED_SHELL('',(#4595,#4596,#4597,#4598,#4599,#4600,#4601,#4602,
#4603,#4604,#4605,#4606,#4607));
#4652=CLOSED_SHELL('',(#4608,#4609,#4610,#4611,#4612,#4613,#4614,#4615,
#4616,#4617,#4618,#4619,#4620));
#4653=CLOSED_SHELL('',(#4621,#4622,#4623,#4624,#4625,#4626,#4627,#4628,
#4629,#4630,#4631,#4632,#4633));
#4654=DERIVED_UNIT_ELEMENT(#4657,1.);
#4655=DERIVED_UNIT_ELEMENT(#7708,-3.);
#4656=DIMENSIONAL_EXPONENTS(1.,0.,0.,0.,0.,0.,0.);
#4657=(
CONVERSION_BASED_UNIT('gram',#4659)
MASS_UNIT()
NAMED_UNIT(#4656)
);
#4658=(
MASS_UNIT()
NAMED_UNIT(*)
SI_UNIT(.KILO.,.GRAM.)
);
#4659=MASS_MEASURE_WITH_UNIT(MASS_MEASURE(0.001),#4658);
#4660=DERIVED_UNIT((#4654,#4655));
#4661=MEASURE_REPRESENTATION_ITEM('density measure',
POSITIVE_RATIO_MEASURE(1.),#4660);
#4662=PROPERTY_DEFINITION_REPRESENTATION(#4667,#4664);
#4663=PROPERTY_DEFINITION_REPRESENTATION(#4668,#4665);
#4664=REPRESENTATION('material name',(#4666),#7705);
#4665=REPRESENTATION('density',(#4661),#7705);
#4666=DESCRIPTIVE_REPRESENTATION_ITEM('Generic','Generic');
#4667=PROPERTY_DEFINITION('material property','material name',#7715);
#4668=PROPERTY_DEFINITION('material property','density of part',#7715);
#4669=DATE_TIME_ROLE('creation_date');
#4670=APPLIED_DATE_AND_TIME_ASSIGNMENT(#4671,#4669,(#7715));
#4671=DATE_AND_TIME(#4672,#4673);
#4672=CALENDAR_DATE(2026,19,6);
#4673=LOCAL_TIME(0,0,0.,#4674);
#4674=COORDINATED_UNIVERSAL_TIME_OFFSET(0,0,.BEHIND.);
#4675=AXIS2_PLACEMENT_3D('placement',#6471,#5147,#5148);
#4676=AXIS2_PLACEMENT_3D('',#6472,#5149,#5150);
#4677=AXIS2_PLACEMENT_3D('',#6474,#5151,#5152);
#4678=AXIS2_PLACEMENT_3D('',#6477,#5154,#5155);
#4679=AXIS2_PLACEMENT_3D('',#6478,#5156,#5157);
#4680=AXIS2_PLACEMENT_3D('',#6480,#5158,#5159);
#4681=AXIS2_PLACEMENT_3D('',#6483,#5161,#5162);
#4682=AXIS2_PLACEMENT_3D('',#6484,#5163,#5164);
#4683=AXIS2_PLACEMENT_3D('',#6487,#5165,#5166);
#4684=AXIS2_PLACEMENT_3D('',#6491,#5168,#5169);
#4685=AXIS2_PLACEMENT_3D('',#6493,#5170,#5171);
#4686=AXIS2_PLACEMENT_3D('',#6495,#5173,#5174);
#4687=AXIS2_PLACEMENT_3D('',#6497,#5175,#5176);
#4688=AXIS2_PLACEMENT_3D('',#6500,#5178,#5179);
#4689=AXIS2_PLACEMENT_3D('',#6501,#5180,#5181);
#4690=AXIS2_PLACEMENT_3D('',#6503,#5182,#5183);
#4691=AXIS2_PLACEMENT_3D('',#6506,#5185,#5186);
#4692=AXIS2_PLACEMENT_3D('',#6507,#5187,#5188);
#4693=AXIS2_PLACEMENT_3D('',#6509,#5189,#5190);
#4694=AXIS2_PLACEMENT_3D('',#6512,#5192,#5193);
#4695=AXIS2_PLACEMENT_3D('',#6513,#5194,#5195);
#4696=AXIS2_PLACEMENT_3D('',#6515,#5196,#5197);
#4697=AXIS2_PLACEMENT_3D('',#6517,#5199,#5200);
#4698=AXIS2_PLACEMENT_3D('',#6519,#5201,#5202);
#4699=AXIS2_PLACEMENT_3D('',#6522,#5204,#5205);
#4700=AXIS2_PLACEMENT_3D('',#6523,#5206,#5207);
#4701=AXIS2_PLACEMENT_3D('',#6525,#5208,#5209);
#4702=AXIS2_PLACEMENT_3D('',#6528,#5211,#5212);
#4703=AXIS2_PLACEMENT_3D('',#6529,#5213,#5214);
#4704=AXIS2_PLACEMENT_3D('',#6532,#5215,#5216);
#4705=AXIS2_PLACEMENT_3D('',#6536,#5218,#5219);
#4706=AXIS2_PLACEMENT_3D('',#6540,#5221,#5222);
#4707=AXIS2_PLACEMENT_3D('',#6546,#5226,#5227);
#4708=AXIS2_PLACEMENT_3D('',#6555,#5232,#5233);
#4709=AXIS2_PLACEMENT_3D('',#6564,#5238,#5239);
#4710=AXIS2_PLACEMENT_3D('',#6568,#5241,#5242);
#4711=AXIS2_PLACEMENT_3D('',#6581,#5250,#5251);
#4712=AXIS2_PLACEMENT_3D('',#6582,#5252,#5253);
#4713=AXIS2_PLACEMENT_3D('',#6583,#5254,#5255);
#4714=AXIS2_PLACEMENT_3D('',#6584,#5256,#5257);
#4715=AXIS2_PLACEMENT_3D('',#6585,#5258,#5259);
#4716=AXIS2_PLACEMENT_3D('',#6586,#5260,#5261);
#4717=AXIS2_PLACEMENT_3D('',#6587,#5262,#5263);
#4718=AXIS2_PLACEMENT_3D('',#6594,#5267,#5268);
#4719=AXIS2_PLACEMENT_3D('',#6598,#5270,#5271);
#4720=AXIS2_PLACEMENT_3D('',#6600,#5273,#5274);
#4721=AXIS2_PLACEMENT_3D('',#6606,#5277,#5278);
#4722=AXIS2_PLACEMENT_3D('',#6609,#5280,#5281);
#4723=AXIS2_PLACEMENT_3D('',#6610,#5282,#5283);
#4724=AXIS2_PLACEMENT_3D('',#6611,#5284,#5285);
#4725=AXIS2_PLACEMENT_3D('',#6622,#5292,#5293);
#4726=AXIS2_PLACEMENT_3D('',#6635,#5301,#5302);
#4727=AXIS2_PLACEMENT_3D('',#6639,#5304,#5305);
#4728=AXIS2_PLACEMENT_3D('',#6640,#5306,#5307);
#4729=AXIS2_PLACEMENT_3D('',#6641,#5308,#5309);
#4730=AXIS2_PLACEMENT_3D('',#6642,#5310,#5311);
#4731=AXIS2_PLACEMENT_3D('',#6644,#5312,#5313);
#4732=AXIS2_PLACEMENT_3D('',#6645,#5314,#5315);
#4733=AXIS2_PLACEMENT_3D('',#6647,#5316,#5317);
#4734=AXIS2_PLACEMENT_3D('',#6649,#5319,#5320);
#4735=AXIS2_PLACEMENT_3D('',#6650,#5321,#5322);
#4736=AXIS2_PLACEMENT_3D('',#6651,#5323,#5324);
#4737=AXIS2_PLACEMENT_3D('',#6653,#5326,#5327);
#4738=AXIS2_PLACEMENT_3D('',#6655,#5329,#5330);
#4739=AXIS2_PLACEMENT_3D('',#6656,#5331,#5332);
#4740=AXIS2_PLACEMENT_3D('',#6658,#5334,#5335);
#4741=AXIS2_PLACEMENT_3D('',#6660,#5337,#5338);
#4742=AXIS2_PLACEMENT_3D('',#6661,#5339,#5340);
#4743=AXIS2_PLACEMENT_3D('',#6662,#5341,#5342);
#4744=AXIS2_PLACEMENT_3D('',#6663,#5343,#5344);
#4745=AXIS2_PLACEMENT_3D('',#6668,#5346,#5347);
#4746=AXIS2_PLACEMENT_3D('',#6670,#5349,#5350);
#4747=AXIS2_PLACEMENT_3D('',#6671,#5351,#5352);
#4748=AXIS2_PLACEMENT_3D('',#6674,#5355,#5356);
#4749=AXIS2_PLACEMENT_3D('',#6676,#5358,#5359);
#4750=AXIS2_PLACEMENT_3D('',#6677,#5360,#5361);
#4751=AXIS2_PLACEMENT_3D('',#6678,#5362,#5363);
#4752=AXIS2_PLACEMENT_3D('',#6682,#5366,#5367);
#4753=AXIS2_PLACEMENT_3D('',#6683,#5368,#5369);
#4754=AXIS2_PLACEMENT_3D('',#6684,#5370,#5371);
#4755=AXIS2_PLACEMENT_3D('',#6685,#5372,#5373);
#4756=AXIS2_PLACEMENT_3D('',#6687,#5374,#5375);
#4757=AXIS2_PLACEMENT_3D('',#6690,#5377,#5378);
#4758=AXIS2_PLACEMENT_3D('',#6691,#5379,#5380);
#4759=AXIS2_PLACEMENT_3D('',#6693,#5381,#5382);
#4760=AXIS2_PLACEMENT_3D('',#6696,#5384,#5385);
#4761=AXIS2_PLACEMENT_3D('',#6697,#5386,#5387);
#4762=AXIS2_PLACEMENT_3D('',#6699,#5388,#5389);
#4763=AXIS2_PLACEMENT_3D('',#6702,#5391,#5392);
#4764=AXIS2_PLACEMENT_3D('',#6703,#5393,#5394);
#4765=AXIS2_PLACEMENT_3D('',#6705,#5395,#5396);
#4766=AXIS2_PLACEMENT_3D('',#6707,#5398,#5399);
#4767=AXIS2_PLACEMENT_3D('',#6722,#5407,#5408);
#4768=AXIS2_PLACEMENT_3D('',#6724,#5409,#5410);
#4769=AXIS2_PLACEMENT_3D('',#6727,#5412,#5413);
#4770=AXIS2_PLACEMENT_3D('',#6728,#5414,#5415);
#4771=AXIS2_PLACEMENT_3D('',#6740,#5422,#5423);
#4772=AXIS2_PLACEMENT_3D('',#6743,#5426,#5427);
#4773=AXIS2_PLACEMENT_3D('',#6745,#5428,#5429);
#4774=AXIS2_PLACEMENT_3D('',#6748,#5431,#5432);
#4775=AXIS2_PLACEMENT_3D('',#6749,#5433,#5434);
#4776=AXIS2_PLACEMENT_3D('',#6750,#5435,#5436);
#4777=AXIS2_PLACEMENT_3D('',#6753,#5438,#5439);
#4778=AXIS2_PLACEMENT_3D('',#6754,#5440,#5441);
#4779=AXIS2_PLACEMENT_3D('',#6758,#5444,#5445);
#4780=AXIS2_PLACEMENT_3D('',#6759,#5446,#5447);
#4781=AXIS2_PLACEMENT_3D('',#6760,#5448,#5449);
#4782=AXIS2_PLACEMENT_3D('',#6762,#5451,#5452);
#4783=AXIS2_PLACEMENT_3D('',#6763,#5453,#5454);
#4784=AXIS2_PLACEMENT_3D('',#6766,#5455,#5456);
#4785=AXIS2_PLACEMENT_3D('',#6767,#5457,#5458);
#4786=AXIS2_PLACEMENT_3D('',#6770,#5460,#5461);
#4787=AXIS2_PLACEMENT_3D('',#6771,#5462,#5463);
#4788=AXIS2_PLACEMENT_3D('',#6773,#5464,#5465);
#4789=AXIS2_PLACEMENT_3D('',#6776,#5467,#5468);
#4790=AXIS2_PLACEMENT_3D('',#6777,#5469,#5470);
#4791=AXIS2_PLACEMENT_3D('',#6779,#5471,#5472);
#4792=AXIS2_PLACEMENT_3D('',#6782,#5474,#5475);
#4793=AXIS2_PLACEMENT_3D('',#6783,#5476,#5477);
#4794=AXIS2_PLACEMENT_3D('',#6786,#5479,#5480);
#4795=AXIS2_PLACEMENT_3D('',#6787,#5481,#5482);
#4796=AXIS2_PLACEMENT_3D('',#6788,#5483,#5484);
#4797=AXIS2_PLACEMENT_3D('',#6789,#5485,#5486);
#4798=AXIS2_PLACEMENT_3D('',#6790,#5487,#5488);
#4799=AXIS2_PLACEMENT_3D('',#6792,#5489,#5490);
#4800=AXIS2_PLACEMENT_3D('',#6795,#5492,#5493);
#4801=AXIS2_PLACEMENT_3D('',#6796,#5494,#5495);
#4802=AXIS2_PLACEMENT_3D('',#6798,#5496,#5497);
#4803=AXIS2_PLACEMENT_3D('',#6801,#5499,#5500);
#4804=AXIS2_PLACEMENT_3D('',#6802,#5501,#5502);
#4805=AXIS2_PLACEMENT_3D('',#6805,#5504,#5505);
#4806=AXIS2_PLACEMENT_3D('',#6806,#5506,#5507);
#4807=AXIS2_PLACEMENT_3D('',#6808,#5508,#5509);
#4808=AXIS2_PLACEMENT_3D('',#6810,#5511,#5512);
#4809=AXIS2_PLACEMENT_3D('',#6813,#5514,#5515);
#4810=AXIS2_PLACEMENT_3D('',#6814,#5516,#5517);
#4811=AXIS2_PLACEMENT_3D('',#6816,#5518,#5519);
#4812=AXIS2_PLACEMENT_3D('',#6818,#5520,#5521);
#4813=AXIS2_PLACEMENT_3D('',#6819,#5522,#5523);
#4814=AXIS2_PLACEMENT_3D('',#6820,#5524,#5525);
#4815=AXIS2_PLACEMENT_3D('',#6823,#5527,#5528);
#4816=AXIS2_PLACEMENT_3D('',#6824,#5529,#5530);
#4817=AXIS2_PLACEMENT_3D('',#6827,#5532,#5533);
#4818=AXIS2_PLACEMENT_3D('',#6828,#5534,#5535);
#4819=AXIS2_PLACEMENT_3D('',#6829,#5536,#5537);
#4820=AXIS2_PLACEMENT_3D('',#6830,#5538,#5539);
#4821=AXIS2_PLACEMENT_3D('',#6831,#5540,#5541);
#4822=AXIS2_PLACEMENT_3D('',#6833,#5542,#5543);
#4823=AXIS2_PLACEMENT_3D('',#6836,#5545,#5546);
#4824=AXIS2_PLACEMENT_3D('',#6837,#5547,#5548);
#4825=AXIS2_PLACEMENT_3D('',#6839,#5549,#5550);
#4826=AXIS2_PLACEMENT_3D('',#6842,#5552,#5553);
#4827=AXIS2_PLACEMENT_3D('',#6843,#5554,#5555);
#4828=AXIS2_PLACEMENT_3D('',#6845,#5556,#5557);
#4829=AXIS2_PLACEMENT_3D('',#6848,#5559,#5560);
#4830=AXIS2_PLACEMENT_3D('',#6849,#5561,#5562);
#4831=AXIS2_PLACEMENT_3D('',#6850,#5563,#5564);
#4832=AXIS2_PLACEMENT_3D('',#6851,#5565,#5566);
#4833=AXIS2_PLACEMENT_3D('',#6853,#5567,#5568);
#4834=AXIS2_PLACEMENT_3D('',#6856,#5570,#5571);
#4835=AXIS2_PLACEMENT_3D('',#6857,#5572,#5573);
#4836=AXIS2_PLACEMENT_3D('',#6859,#5574,#5575);
#4837=AXIS2_PLACEMENT_3D('',#6862,#5577,#5578);
#4838=AXIS2_PLACEMENT_3D('',#6863,#5579,#5580);
#4839=AXIS2_PLACEMENT_3D('',#6864,#5581,#5582);
#4840=AXIS2_PLACEMENT_3D('',#6865,#5583,#5584);
#4841=AXIS2_PLACEMENT_3D('',#6867,#5585,#5586);
#4842=AXIS2_PLACEMENT_3D('',#6870,#5588,#5589);
#4843=AXIS2_PLACEMENT_3D('',#6871,#5590,#5591);
#4844=AXIS2_PLACEMENT_3D('',#6873,#5592,#5593);
#4845=AXIS2_PLACEMENT_3D('',#6876,#5595,#5596);
#4846=AXIS2_PLACEMENT_3D('',#6877,#5597,#5598);
#4847=AXIS2_PLACEMENT_3D('',#6879,#5599,#5600);
#4848=AXIS2_PLACEMENT_3D('',#6882,#5602,#5603);
#4849=AXIS2_PLACEMENT_3D('',#6883,#5604,#5605);
#4850=AXIS2_PLACEMENT_3D('',#6885,#5606,#5607);
#4851=AXIS2_PLACEMENT_3D('',#6887,#5609,#5610);
#4852=AXIS2_PLACEMENT_3D('',#6902,#5618,#5619);
#4853=AXIS2_PLACEMENT_3D('',#6904,#5620,#5621);
#4854=AXIS2_PLACEMENT_3D('',#6907,#5623,#5624);
#4855=AXIS2_PLACEMENT_3D('',#6908,#5625,#5626);
#4856=AXIS2_PLACEMENT_3D('',#6920,#5633,#5634);
#4857=AXIS2_PLACEMENT_3D('',#6923,#5637,#5638);
#4858=AXIS2_PLACEMENT_3D('',#6925,#5639,#5640);
#4859=AXIS2_PLACEMENT_3D('',#6928,#5642,#5643);
#4860=AXIS2_PLACEMENT_3D('',#6929,#5644,#5645);
#4861=AXIS2_PLACEMENT_3D('',#6930,#5646,#5647);
#4862=AXIS2_PLACEMENT_3D('',#6933,#5649,#5650);
#4863=AXIS2_PLACEMENT_3D('',#6934,#5651,#5652);
#4864=AXIS2_PLACEMENT_3D('',#6938,#5655,#5656);
#4865=AXIS2_PLACEMENT_3D('',#6939,#5657,#5658);
#4866=AXIS2_PLACEMENT_3D('',#6940,#5659,#5660);
#4867=AXIS2_PLACEMENT_3D('',#6942,#5662,#5663);
#4868=AXIS2_PLACEMENT_3D('',#6943,#5664,#5665);
#4869=AXIS2_PLACEMENT_3D('',#6945,#5666,#5667);
#4870=AXIS2_PLACEMENT_3D('',#6948,#5669,#5670);
#4871=AXIS2_PLACEMENT_3D('',#6949,#5671,#5672);
#4872=AXIS2_PLACEMENT_3D('',#6951,#5673,#5674);
#4873=AXIS2_PLACEMENT_3D('',#6954,#5676,#5677);
#4874=AXIS2_PLACEMENT_3D('',#6955,#5678,#5679);
#4875=AXIS2_PLACEMENT_3D('',#6958,#5680,#5681);
#4876=AXIS2_PLACEMENT_3D('',#6962,#5683,#5684);
#4877=AXIS2_PLACEMENT_3D('',#6964,#5685,#5686);
#4878=AXIS2_PLACEMENT_3D('',#6966,#5688,#5689);
#4879=AXIS2_PLACEMENT_3D('',#6968,#5690,#5691);
#4880=AXIS2_PLACEMENT_3D('',#6971,#5693,#5694);
#4881=AXIS2_PLACEMENT_3D('',#6972,#5695,#5696);
#4882=AXIS2_PLACEMENT_3D('',#6974,#5697,#5698);
#4883=AXIS2_PLACEMENT_3D('',#6977,#5700,#5701);
#4884=AXIS2_PLACEMENT_3D('',#6978,#5702,#5703);
#4885=AXIS2_PLACEMENT_3D('',#6980,#5704,#5705);
#4886=AXIS2_PLACEMENT_3D('',#6983,#5707,#5708);
#4887=AXIS2_PLACEMENT_3D('',#6984,#5709,#5710);
#4888=AXIS2_PLACEMENT_3D('',#6986,#5711,#5712);
#4889=AXIS2_PLACEMENT_3D('',#6988,#5714,#5715);
#4890=AXIS2_PLACEMENT_3D('',#6990,#5716,#5717);
#4891=AXIS2_PLACEMENT_3D('',#6993,#5719,#5720);
#4892=AXIS2_PLACEMENT_3D('',#6994,#5721,#5722);
#4893=AXIS2_PLACEMENT_3D('',#6996,#5723,#5724);
#4894=AXIS2_PLACEMENT_3D('',#6999,#5726,#5727);
#4895=AXIS2_PLACEMENT_3D('',#7000,#5728,#5729);
#4896=AXIS2_PLACEMENT_3D('',#7003,#5730,#5731);
#4897=AXIS2_PLACEMENT_3D('',#7011,#5735,#5736);
#4898=AXIS2_PLACEMENT_3D('',#7015,#5738,#5739);
#4899=AXIS2_PLACEMENT_3D('',#7017,#5741,#5742);
#4900=AXIS2_PLACEMENT_3D('',#7026,#5747,#5748);
#4901=AXIS2_PLACEMENT_3D('',#7035,#5753,#5754);
#4902=AXIS2_PLACEMENT_3D('',#7050,#5762,#5763);
#4903=AXIS2_PLACEMENT_3D('',#7052,#5765,#5766);
#4904=AXIS2_PLACEMENT_3D('',#7053,#5767,#5768);
#4905=AXIS2_PLACEMENT_3D('',#7054,#5769,#5770);
#4906=AXIS2_PLACEMENT_3D('',#7055,#5771,#5772);
#4907=AXIS2_PLACEMENT_3D('',#7056,#5773,#5774);
#4908=AXIS2_PLACEMENT_3D('',#7057,#5775,#5776);
#4909=AXIS2_PLACEMENT_3D('',#7058,#5777,#5778);
#4910=AXIS2_PLACEMENT_3D('',#7062,#5780,#5781);
#4911=AXIS2_PLACEMENT_3D('',#7066,#5783,#5784);
#4912=AXIS2_PLACEMENT_3D('',#7071,#5788,#5789);
#4913=AXIS2_PLACEMENT_3D('',#7073,#5790,#5791);
#4914=AXIS2_PLACEMENT_3D('',#7077,#5793,#5794);
#4915=AXIS2_PLACEMENT_3D('',#7081,#5797,#5798);
#4916=AXIS2_PLACEMENT_3D('',#7082,#5799,#5800);
#4917=AXIS2_PLACEMENT_3D('',#7093,#5807,#5808);
#4918=AXIS2_PLACEMENT_3D('',#7106,#5816,#5817);
#4919=AXIS2_PLACEMENT_3D('',#7110,#5819,#5820);
#4920=AXIS2_PLACEMENT_3D('',#7111,#5821,#5822);
#4921=AXIS2_PLACEMENT_3D('',#7112,#5823,#5824);
#4922=AXIS2_PLACEMENT_3D('',#7113,#5825,#5826);
#4923=AXIS2_PLACEMENT_3D('',#7115,#5827,#5828);
#4924=AXIS2_PLACEMENT_3D('',#7118,#5830,#5831);
#4925=AXIS2_PLACEMENT_3D('',#7119,#5832,#5833);
#4926=AXIS2_PLACEMENT_3D('',#7120,#5834,#5835);
#4927=AXIS2_PLACEMENT_3D('',#7121,#5836,#5837);
#4928=AXIS2_PLACEMENT_3D('',#7122,#5838,#5839);
#4929=AXIS2_PLACEMENT_3D('',#7124,#5841,#5842);
#4930=AXIS2_PLACEMENT_3D('',#7126,#5844,#5845);
#4931=AXIS2_PLACEMENT_3D('',#7127,#5846,#5847);
#4932=AXIS2_PLACEMENT_3D('',#7129,#5849,#5850);
#4933=AXIS2_PLACEMENT_3D('',#7131,#5852,#5853);
#4934=AXIS2_PLACEMENT_3D('',#7132,#5854,#5855);
#4935=AXIS2_PLACEMENT_3D('',#7133,#5856,#5857);
#4936=AXIS2_PLACEMENT_3D('',#7134,#5858,#5859);
#4937=AXIS2_PLACEMENT_3D('',#7138,#5861,#5862);
#4938=AXIS2_PLACEMENT_3D('',#7141,#5864,#5865);
#4939=AXIS2_PLACEMENT_3D('',#7142,#5866,#5867);
#4940=AXIS2_PLACEMENT_3D('',#7145,#5870,#5871);
#4941=AXIS2_PLACEMENT_3D('',#7147,#5873,#5874);
#4942=AXIS2_PLACEMENT_3D('',#7148,#5875,#5876);
#4943=AXIS2_PLACEMENT_3D('',#7149,#5877,#5878);
#4944=AXIS2_PLACEMENT_3D('',#7153,#5881,#5882);
#4945=AXIS2_PLACEMENT_3D('',#7154,#5883,#5884);
#4946=AXIS2_PLACEMENT_3D('',#7155,#5885,#5886);
#4947=AXIS2_PLACEMENT_3D('',#7156,#5887,#5888);
#4948=AXIS2_PLACEMENT_3D('',#7158,#5889,#5890);
#4949=AXIS2_PLACEMENT_3D('',#7161,#5892,#5893);
#4950=AXIS2_PLACEMENT_3D('',#7162,#5894,#5895);
#4951=AXIS2_PLACEMENT_3D('',#7164,#5896,#5897);
#4952=AXIS2_PLACEMENT_3D('',#7167,#5899,#5900);
#4953=AXIS2_PLACEMENT_3D('',#7168,#5901,#5902);
#4954=AXIS2_PLACEMENT_3D('',#7171,#5904,#5905);
#4955=AXIS2_PLACEMENT_3D('',#7172,#5906,#5907);
#4956=AXIS2_PLACEMENT_3D('',#7174,#5908,#5909);
#4957=AXIS2_PLACEMENT_3D('',#7176,#5911,#5912);
#4958=AXIS2_PLACEMENT_3D('',#7179,#5914,#5915);
#4959=AXIS2_PLACEMENT_3D('',#7180,#5916,#5917);
#4960=AXIS2_PLACEMENT_3D('',#7182,#5918,#5919);
#4961=AXIS2_PLACEMENT_3D('',#7184,#5920,#5921);
#4962=AXIS2_PLACEMENT_3D('',#7185,#5922,#5923);
#4963=AXIS2_PLACEMENT_3D('',#7186,#5924,#5925);
#4964=AXIS2_PLACEMENT_3D('',#7189,#5927,#5928);
#4965=AXIS2_PLACEMENT_3D('',#7190,#5929,#5930);
#4966=AXIS2_PLACEMENT_3D('',#7193,#5932,#5933);
#4967=AXIS2_PLACEMENT_3D('',#7194,#5934,#5935);
#4968=AXIS2_PLACEMENT_3D('',#7195,#5936,#5937);
#4969=AXIS2_PLACEMENT_3D('',#7196,#5938,#5939);
#4970=AXIS2_PLACEMENT_3D('',#7197,#5940,#5941);
#4971=AXIS2_PLACEMENT_3D('',#7199,#5942,#5943);
#4972=AXIS2_PLACEMENT_3D('',#7202,#5945,#5946);
#4973=AXIS2_PLACEMENT_3D('',#7203,#5947,#5948);
#4974=AXIS2_PLACEMENT_3D('',#7205,#5949,#5950);
#4975=AXIS2_PLACEMENT_3D('',#7208,#5952,#5953);
#4976=AXIS2_PLACEMENT_3D('',#7209,#5954,#5955);
#4977=AXIS2_PLACEMENT_3D('',#7211,#5956,#5957);
#4978=AXIS2_PLACEMENT_3D('',#7214,#5959,#5960);
#4979=AXIS2_PLACEMENT_3D('',#7215,#5961,#5962);
#4980=AXIS2_PLACEMENT_3D('',#7216,#5963,#5964);
#4981=AXIS2_PLACEMENT_3D('',#7217,#5965,#5966);
#4982=AXIS2_PLACEMENT_3D('',#7219,#5967,#5968);
#4983=AXIS2_PLACEMENT_3D('',#7222,#5970,#5971);
#4984=AXIS2_PLACEMENT_3D('',#7223,#5972,#5973);
#4985=AXIS2_PLACEMENT_3D('',#7225,#5974,#5975);
#4986=AXIS2_PLACEMENT_3D('',#7228,#5977,#5978);
#4987=AXIS2_PLACEMENT_3D('',#7229,#5979,#5980);
#4988=AXIS2_PLACEMENT_3D('',#7232,#5982,#5983);
#4989=AXIS2_PLACEMENT_3D('',#7233,#5984,#5985);
#4990=AXIS2_PLACEMENT_3D('',#7234,#5986,#5987);
#4991=AXIS2_PLACEMENT_3D('',#7235,#5988,#5989);
#4992=AXIS2_PLACEMENT_3D('',#7236,#5990,#5991);
#4993=AXIS2_PLACEMENT_3D('',#7238,#5992,#5993);
#4994=AXIS2_PLACEMENT_3D('',#7241,#5995,#5996);
#4995=AXIS2_PLACEMENT_3D('',#7242,#5997,#5998);
#4996=AXIS2_PLACEMENT_3D('',#7244,#5999,#6000);
#4997=AXIS2_PLACEMENT_3D('',#7247,#6002,#6003);
#4998=AXIS2_PLACEMENT_3D('',#7248,#6004,#6005);
#4999=AXIS2_PLACEMENT_3D('',#7251,#6007,#6008);
#5000=AXIS2_PLACEMENT_3D('',#7252,#6009,#6010);
#5001=AXIS2_PLACEMENT_3D('',#7253,#6011,#6012);
#5002=AXIS2_PLACEMENT_3D('',#7254,#6013,#6014);
#5003=AXIS2_PLACEMENT_3D('',#7255,#6015,#6016);
#5004=AXIS2_PLACEMENT_3D('',#7257,#6017,#6018);
#5005=AXIS2_PLACEMENT_3D('',#7260,#6020,#6021);
#5006=AXIS2_PLACEMENT_3D('',#7261,#6022,#6023);
#5007=AXIS2_PLACEMENT_3D('',#7264,#6025,#6026);
#5008=AXIS2_PLACEMENT_3D('',#7265,#6027,#6028);
#5009=AXIS2_PLACEMENT_3D('',#7267,#6029,#6030);
#5010=AXIS2_PLACEMENT_3D('',#7270,#6032,#6033);
#5011=AXIS2_PLACEMENT_3D('',#7271,#6034,#6035);
#5012=AXIS2_PLACEMENT_3D('',#7272,#6036,#6037);
#5013=AXIS2_PLACEMENT_3D('',#7285,#6044,#6045);
#5014=AXIS2_PLACEMENT_3D('',#7286,#6046,#6047);
#5015=AXIS2_PLACEMENT_3D('',#7292,#6051,#6052);
#5016=AXIS2_PLACEMENT_3D('',#7296,#6055,#6056);
#5017=AXIS2_PLACEMENT_3D('',#7300,#6059,#6060);
#5018=AXIS2_PLACEMENT_3D('',#7304,#6063,#6064);
#5019=AXIS2_PLACEMENT_3D('',#7308,#6067,#6068);
#5020=AXIS2_PLACEMENT_3D('',#7310,#6070,#6071);
#5021=AXIS2_PLACEMENT_3D('',#7311,#6072,#6073);
#5022=AXIS2_PLACEMENT_3D('',#7313,#6074,#6075);
#5023=AXIS2_PLACEMENT_3D('',#7316,#6077,#6078);
#5024=AXIS2_PLACEMENT_3D('',#7317,#6079,#6080);
#5025=AXIS2_PLACEMENT_3D('',#7320,#6082,#6083);
#5026=AXIS2_PLACEMENT_3D('',#7321,#6084,#6085);
#5027=AXIS2_PLACEMENT_3D('',#7323,#6086,#6087);
#5028=AXIS2_PLACEMENT_3D('',#7326,#6089,#6090);
#5029=AXIS2_PLACEMENT_3D('',#7327,#6091,#6092);
#5030=AXIS2_PLACEMENT_3D('',#7328,#6093,#6094);
#5031=AXIS2_PLACEMENT_3D('',#7341,#6101,#6102);
#5032=AXIS2_PLACEMENT_3D('',#7342,#6103,#6104);
#5033=AXIS2_PLACEMENT_3D('',#7348,#6108,#6109);
#5034=AXIS2_PLACEMENT_3D('',#7352,#6112,#6113);
#5035=AXIS2_PLACEMENT_3D('',#7356,#6116,#6117);
#5036=AXIS2_PLACEMENT_3D('',#7360,#6120,#6121);
#5037=AXIS2_PLACEMENT_3D('',#7364,#6124,#6125);
#5038=AXIS2_PLACEMENT_3D('',#7366,#6127,#6128);
#5039=AXIS2_PLACEMENT_3D('',#7367,#6129,#6130);
#5040=AXIS2_PLACEMENT_3D('',#7369,#6131,#6132);
#5041=AXIS2_PLACEMENT_3D('',#7372,#6134,#6135);
#5042=AXIS2_PLACEMENT_3D('',#7373,#6136,#6137);
#5043=AXIS2_PLACEMENT_3D('',#7376,#6139,#6140);
#5044=AXIS2_PLACEMENT_3D('',#7377,#6141,#6142);
#5045=AXIS2_PLACEMENT_3D('',#7379,#6143,#6144);
#5046=AXIS2_PLACEMENT_3D('',#7382,#6146,#6147);
#5047=AXIS2_PLACEMENT_3D('',#7383,#6148,#6149);
#5048=AXIS2_PLACEMENT_3D('',#7384,#6150,#6151);
#5049=AXIS2_PLACEMENT_3D('',#7397,#6158,#6159);
#5050=AXIS2_PLACEMENT_3D('',#7398,#6160,#6161);
#5051=AXIS2_PLACEMENT_3D('',#7404,#6165,#6166);
#5052=AXIS2_PLACEMENT_3D('',#7408,#6169,#6170);
#5053=AXIS2_PLACEMENT_3D('',#7412,#6173,#6174);
#5054=AXIS2_PLACEMENT_3D('',#7416,#6177,#6178);
#5055=AXIS2_PLACEMENT_3D('',#7420,#6181,#6182);
#5056=AXIS2_PLACEMENT_3D('',#7422,#6184,#6185);
#5057=AXIS2_PLACEMENT_3D('',#7423,#6186,#6187);
#5058=AXIS2_PLACEMENT_3D('',#7425,#6188,#6189);
#5059=AXIS2_PLACEMENT_3D('',#7428,#6191,#6192);
#5060=AXIS2_PLACEMENT_3D('',#7429,#6193,#6194);
#5061=AXIS2_PLACEMENT_3D('',#7432,#6196,#6197);
#5062=AXIS2_PLACEMENT_3D('',#7433,#6198,#6199);
#5063=AXIS2_PLACEMENT_3D('',#7435,#6200,#6201);
#5064=AXIS2_PLACEMENT_3D('',#7438,#6203,#6204);
#5065=AXIS2_PLACEMENT_3D('',#7439,#6205,#6206);
#5066=AXIS2_PLACEMENT_3D('',#7440,#6207,#6208);
#5067=AXIS2_PLACEMENT_3D('',#7453,#6215,#6216);
#5068=AXIS2_PLACEMENT_3D('',#7454,#6217,#6218);
#5069=AXIS2_PLACEMENT_3D('',#7460,#6222,#6223);
#5070=AXIS2_PLACEMENT_3D('',#7464,#6226,#6227);
#5071=AXIS2_PLACEMENT_3D('',#7468,#6230,#6231);
#5072=AXIS2_PLACEMENT_3D('',#7472,#6234,#6235);
#5073=AXIS2_PLACEMENT_3D('',#7476,#6238,#6239);
#5074=AXIS2_PLACEMENT_3D('',#7478,#6241,#6242);
#5075=AXIS2_PLACEMENT_3D('',#7479,#6243,#6244);
#5076=AXIS2_PLACEMENT_3D('',#7481,#6245,#6246);
#5077=AXIS2_PLACEMENT_3D('',#7484,#6248,#6249);
#5078=AXIS2_PLACEMENT_3D('',#7485,#6250,#6251);
#5079=AXIS2_PLACEMENT_3D('',#7488,#6253,#6254);
#5080=AXIS2_PLACEMENT_3D('',#7489,#6255,#6256);
#5081=AXIS2_PLACEMENT_3D('',#7491,#6257,#6258);
#5082=AXIS2_PLACEMENT_3D('',#7494,#6260,#6261);
#5083=AXIS2_PLACEMENT_3D('',#7495,#6262,#6263);
#5084=AXIS2_PLACEMENT_3D('',#7496,#6264,#6265);
#5085=AXIS2_PLACEMENT_3D('',#7509,#6272,#6273);
#5086=AXIS2_PLACEMENT_3D('',#7510,#6274,#6275);
#5087=AXIS2_PLACEMENT_3D('',#7516,#6279,#6280);
#5088=AXIS2_PLACEMENT_3D('',#7520,#6283,#6284);
#5089=AXIS2_PLACEMENT_3D('',#7524,#6287,#6288);
#5090=AXIS2_PLACEMENT_3D('',#7528,#6291,#6292);
#5091=AXIS2_PLACEMENT_3D('',#7532,#6295,#6296);
#5092=AXIS2_PLACEMENT_3D('',#7534,#6298,#6299);
#5093=AXIS2_PLACEMENT_3D('',#7535,#6300,#6301);
#5094=AXIS2_PLACEMENT_3D('',#7537,#6302,#6303);
#5095=AXIS2_PLACEMENT_3D('',#7540,#6305,#6306);
#5096=AXIS2_PLACEMENT_3D('',#7541,#6307,#6308);
#5097=AXIS2_PLACEMENT_3D('',#7544,#6310,#6311);
#5098=AXIS2_PLACEMENT_3D('',#7545,#6312,#6313);
#5099=AXIS2_PLACEMENT_3D('',#7547,#6314,#6315);
#5100=AXIS2_PLACEMENT_3D('',#7550,#6317,#6318);
#5101=AXIS2_PLACEMENT_3D('',#7551,#6319,#6320);
#5102=AXIS2_PLACEMENT_3D('',#7552,#6321,#6322);
#5103=AXIS2_PLACEMENT_3D('',#7565,#6329,#6330);
#5104=AXIS2_PLACEMENT_3D('',#7566,#6331,#6332);
#5105=AXIS2_PLACEMENT_3D('',#7572,#6336,#6337);
#5106=AXIS2_PLACEMENT_3D('',#7576,#6340,#6341);
#5107=AXIS2_PLACEMENT_3D('',#7580,#6344,#6345);
#5108=AXIS2_PLACEMENT_3D('',#7584,#6348,#6349);
#5109=AXIS2_PLACEMENT_3D('',#7588,#6352,#6353);
#5110=AXIS2_PLACEMENT_3D('',#7590,#6355,#6356);
#5111=AXIS2_PLACEMENT_3D('',#7591,#6357,#6358);
#5112=AXIS2_PLACEMENT_3D('',#7593,#6359,#6360);
#5113=AXIS2_PLACEMENT_3D('',#7596,#6362,#6363);
#5114=AXIS2_PLACEMENT_3D('',#7597,#6364,#6365);
#5115=AXIS2_PLACEMENT_3D('',#7600,#6367,#6368);
#5116=AXIS2_PLACEMENT_3D('',#7601,#6369,#6370);
#5117=AXIS2_PLACEMENT_3D('',#7603,#6371,#6372);
#5118=AXIS2_PLACEMENT_3D('',#7606,#6374,#6375);
#5119=AXIS2_PLACEMENT_3D('',#7607,#6376,#6377);
#5120=AXIS2_PLACEMENT_3D('',#7608,#6378,#6379);
#5121=AXIS2_PLACEMENT_3D('',#7621,#6386,#6387);
#5122=AXIS2_PLACEMENT_3D('',#7622,#6388,#6389);
#5123=AXIS2_PLACEMENT_3D('',#7628,#6393,#6394);
#5124=AXIS2_PLACEMENT_3D('',#7632,#6397,#6398);
#5125=AXIS2_PLACEMENT_3D('',#7636,#6401,#6402);
#5126=AXIS2_PLACEMENT_3D('',#7640,#6405,#6406);
#5127=AXIS2_PLACEMENT_3D('',#7644,#6409,#6410);
#5128=AXIS2_PLACEMENT_3D('',#7646,#6412,#6413);
#5129=AXIS2_PLACEMENT_3D('',#7647,#6414,#6415);
#5130=AXIS2_PLACEMENT_3D('',#7649,#6416,#6417);
#5131=AXIS2_PLACEMENT_3D('',#7652,#6419,#6420);
#5132=AXIS2_PLACEMENT_3D('',#7653,#6421,#6422);
#5133=AXIS2_PLACEMENT_3D('',#7656,#6424,#6425);
#5134=AXIS2_PLACEMENT_3D('',#7657,#6426,#6427);
#5135=AXIS2_PLACEMENT_3D('',#7659,#6428,#6429);
#5136=AXIS2_PLACEMENT_3D('',#7662,#6431,#6432);
#5137=AXIS2_PLACEMENT_3D('',#7663,#6433,#6434);
#5138=AXIS2_PLACEMENT_3D('',#7664,#6435,#6436);
#5139=AXIS2_PLACEMENT_3D('',#7677,#6443,#6444);
#5140=AXIS2_PLACEMENT_3D('',#7678,#6445,#6446);
#5141=AXIS2_PLACEMENT_3D('',#7684,#6450,#6451);
#5142=AXIS2_PLACEMENT_3D('',#7688,#6454,#6455);
#5143=AXIS2_PLACEMENT_3D('',#7692,#6458,#6459);
#5144=AXIS2_PLACEMENT_3D('',#7696,#6462,#6463);
#5145=AXIS2_PLACEMENT_3D('',#7700,#6466,#6467);
#5146=AXIS2_PLACEMENT_3D('',#7702,#6469,#6470);
#5147=DIRECTION('axis',(0.,0.,1.));
#5148=DIRECTION('refdir',(1.,0.,0.));
#5149=DIRECTION('center_axis',(5.3623933488821E-16,-1.,1.72090302779919E-15));
#5150=DIRECTION('ref_axis',(6.10622663543841E-16,1.72090302779919E-15,1.));
#5151=DIRECTION('center_axis',(-7.04793342818343E-16,1.,-1.72090302779919E-15));
#5152=DIRECTION('ref_axis',(-1.,-7.04793342818342E-16,6.10622663543843E-16));
#5153=DIRECTION('',(5.3623933488821E-16,-1.,1.72090302779919E-15));
#5154=DIRECTION('center_axis',(-5.3623933488821E-16,1.,-1.72090302779919E-15));
#5155=DIRECTION('ref_axis',(6.10622663543841E-16,1.72090302779919E-15,1.));
#5156=DIRECTION('center_axis',(5.3623933488821E-16,-1.,1.72090302779919E-15));
#5157=DIRECTION('ref_axis',(6.10622663543841E-16,1.72090302779919E-15,1.));
#5158=DIRECTION('center_axis',(-7.04793342818343E-16,1.,-1.72090302779919E-15));
#5159=DIRECTION('ref_axis',(-1.,-7.04793342818342E-16,6.10622663543843E-16));
#5160=DIRECTION('',(5.3623933488821E-16,-1.,1.72090302779919E-15));
#5161=DIRECTION('center_axis',(-5.3623933488821E-16,1.,-1.72090302779919E-15));
#5162=DIRECTION('ref_axis',(6.10622663543841E-16,1.72090302779919E-15,1.));
#5163=DIRECTION('center_axis',(6.10622663543841E-16,1.72090302779919E-15,
1.));
#5164=DIRECTION('ref_axis',(0.989523836878099,0.144369582149583,-8.52671731957948E-16));
#5165=DIRECTION('center_axis',(6.10622663543841E-16,1.72090302779919E-15,
1.));
#5166=DIRECTION('ref_axis',(5.3623933488821E-16,-1.,1.72090302779919E-15));
#5167=DIRECTION('',(6.10622663543841E-16,1.72090302779919E-15,1.));
#5168=DIRECTION('center_axis',(6.10622663543841E-16,1.72090302779919E-15,
1.));
#5169=DIRECTION('ref_axis',(5.3623933488821E-16,-1.,1.72090302779919E-15));
#5170=DIRECTION('center_axis',(6.10622663543841E-16,1.72090302779919E-15,
1.));
#5171=DIRECTION('ref_axis',(5.3623933488821E-16,-1.,1.72090302779919E-15));
#5172=DIRECTION('',(6.10622663543841E-16,1.72090302779919E-15,1.));
#5173=DIRECTION('center_axis',(5.3623933488821E-16,-1.,1.72090302779919E-15));
#5174=DIRECTION('ref_axis',(6.10622663543841E-16,1.72090302779919E-15,1.));
#5175=DIRECTION('center_axis',(-5.3623933488821E-16,1.,-1.72090302779919E-15));
#5176=DIRECTION('ref_axis',(6.10622663543841E-16,1.72090302779919E-15,1.));
#5177=DIRECTION('',(5.3623933488821E-16,-1.,1.72090302779919E-15));
#5178=DIRECTION('center_axis',(-5.3623933488821E-16,1.,-1.72090302779919E-15));
#5179=DIRECTION('ref_axis',(6.10622663543841E-16,1.72090302779919E-15,1.));
#5180=DIRECTION('center_axis',(5.3623933488821E-16,-1.,1.72090302779919E-15));
#5181=DIRECTION('ref_axis',(6.10622663543841E-16,1.72090302779919E-15,1.));
#5182=DIRECTION('center_axis',(-5.3623933488821E-16,1.,-1.72090302779919E-15));
#5183=DIRECTION('ref_axis',(6.10622663543841E-16,1.72090302779919E-15,1.));
#5184=DIRECTION('',(5.3623933488821E-16,-1.,1.72090302779919E-15));
#5185=DIRECTION('center_axis',(-5.3623933488821E-16,1.,-1.72090302779919E-15));
#5186=DIRECTION('ref_axis',(6.10622663543841E-16,1.72090302779919E-15,1.));
#5187=DIRECTION('center_axis',(-5.3623933488821E-16,1.,-1.72090302779919E-15));
#5188=DIRECTION('ref_axis',(-6.10622663543841E-16,-1.72090302779919E-15,
-1.));
#5189=DIRECTION('center_axis',(5.3623933488821E-16,-1.,1.72090302779919E-15));
#5190=DIRECTION('ref_axis',(6.10622663543841E-16,1.7209030277992E-15,1.));
#5191=DIRECTION('',(-1.39192561723174E-16,-0.707106781186549,-0.707106781186546));
#5192=DIRECTION('center_axis',(-5.3623933488821E-16,1.,-1.72090302779919E-15));
#5193=DIRECTION('ref_axis',(6.10622663543841E-16,1.72090302779919E-15,1.));
#5194=DIRECTION('center_axis',(-5.3623933488821E-16,1.,-1.72090302779919E-15));
#5195=DIRECTION('ref_axis',(-6.10622663543841E-16,-1.7209030277992E-15,
-1.));
#5196=DIRECTION('center_axis',(-5.3623933488821E-16,1.,-1.72090302779919E-15));
#5197=DIRECTION('ref_axis',(6.10622663543841E-16,1.7209030277992E-15,1.));
#5198=DIRECTION('',(5.3623933488821E-16,-1.,1.72090302779919E-15));
#5199=DIRECTION('center_axis',(5.3623933488821E-16,-1.,1.72090302779919E-15));
#5200=DIRECTION('ref_axis',(6.10622663543841E-16,1.72090302779919E-15,1.));
#5201=DIRECTION('center_axis',(-5.3623933488821E-16,1.,-1.72090302779919E-15));
#5202=DIRECTION('ref_axis',(-6.10622663543841E-16,-1.72090302779919E-15,
-1.));
#5203=DIRECTION('',(5.3623933488821E-16,-1.,1.72090302779919E-15));
#5204=DIRECTION('center_axis',(-5.3623933488821E-16,1.,-1.72090302779919E-15));
#5205=DIRECTION('ref_axis',(6.10622663543841E-16,1.72090302779919E-15,1.));
#5206=DIRECTION('center_axis',(5.3623933488821E-16,-1.,1.72090302779919E-15));
#5207=DIRECTION('ref_axis',(6.10622663543841E-16,1.72090302779919E-15,1.));
#5208=DIRECTION('center_axis',(-5.3623933488821E-16,1.,-1.72090302779919E-15));
#5209=DIRECTION('ref_axis',(-6.10622663543841E-16,-1.72090302779919E-15,
-1.));
#5210=DIRECTION('',(5.3623933488821E-16,-1.,1.72090302779919E-15));
#5211=DIRECTION('center_axis',(-5.3623933488821E-16,1.,-1.72090302779919E-15));
#5212=DIRECTION('ref_axis',(6.10622663543841E-16,1.72090302779919E-15,1.));
#5213=DIRECTION('center_axis',(-5.3623933488821E-16,1.,-1.72090302779919E-15));
#5214=DIRECTION('ref_axis',(-6.10622663543841E-16,-1.7209030277992E-15,
-1.));
#5215=DIRECTION('center_axis',(5.3623933488821E-16,-1.,1.72090302779919E-15));
#5216=DIRECTION('ref_axis',(-6.10622663543841E-16,-1.72090302779919E-15,
-1.));
#5217=DIRECTION('',(2.34534613952065E-15,1.7209030277992E-15,1.));
#5218=DIRECTION('center_axis',(-5.3623933488821E-16,1.,-1.72090302779919E-15));
#5219=DIRECTION('ref_axis',(6.10622663543841E-16,1.7209030277992E-15,1.));
#5220=DIRECTION('',(1.,5.36239334888209E-16,-6.10622663543842E-16));
#5221=DIRECTION('center_axis',(-5.3623933488821E-16,1.,-1.72090302779919E-15));
#5222=DIRECTION('ref_axis',(-6.10622663543841E-16,-1.72090302779919E-15,
-1.));
#5223=DIRECTION('',(-6.10622663543841E-16,-1.72090302779919E-15,-1.));
#5224=DIRECTION('',(-1.,-5.36239334888209E-16,6.10622663543842E-16));
#5225=DIRECTION('',(-6.10622663543841E-16,-1.72090302779919E-15,-1.));
#5226=DIRECTION('center_axis',(-6.10622663543841E-16,-1.72090302779919E-15,
-1.));
#5227=DIRECTION('ref_axis',(5.3623933488821E-16,-1.,1.72090302779919E-15));
#5228=DIRECTION('',(-1.,-5.36239334888209E-16,6.10622663543842E-16));
#5229=DIRECTION('',(-9.01444277199117E-16,1.,-1.72090302779919E-15));
#5230=DIRECTION('',(1.,5.36239334888209E-16,-6.10622663543842E-16));
#5231=DIRECTION('',(-5.3623933488821E-16,1.,-1.72090302779919E-15));
#5232=DIRECTION('center_axis',(-1.,-9.01444277199116E-16,6.10622663543843E-16));
#5233=DIRECTION('ref_axis',(-9.01444277199117E-16,1.,-1.72090302779919E-15));
#5234=DIRECTION('',(-9.01444277199117E-16,1.,-1.72090302779919E-15));
#5235=DIRECTION('',(6.10622663543841E-16,1.72090302779919E-15,1.));
#5236=DIRECTION('',(9.01444277199117E-16,-1.,1.72090302779919E-15));
#5237=DIRECTION('',(-6.10622663543841E-16,-1.72090302779919E-15,-1.));
#5238=DIRECTION('center_axis',(-6.10622663543841E-16,-1.72090302779919E-15,
-1.));
#5239=DIRECTION('ref_axis',(5.3623933488821E-16,-1.,1.72090302779919E-15));
#5240=DIRECTION('',(-5.3623933488821E-16,1.,-1.72090302779919E-15));
#5241=DIRECTION('center_axis',(-6.10622663543841E-16,-1.72090302779919E-15,
-1.));
#5242=DIRECTION('ref_axis',(-1.1984841410886E-15,-1.,1.7209030277992E-15));
#5243=DIRECTION('',(1.,5.36239334888209E-16,-6.10622663543842E-16));
#5244=DIRECTION('',(5.3623933488821E-16,-1.,1.72090302779919E-15));
#5245=DIRECTION('',(-1.,-7.04793342818342E-16,6.10622663543842E-16));
#5246=DIRECTION('',(1.,5.36239334888209E-16,-6.10622663543842E-16));
#5247=DIRECTION('',(9.01444277199117E-16,-1.,1.72090302779919E-15));
#5248=DIRECTION('',(1.,5.36239334888209E-16,-6.10622663543842E-16));
#5249=DIRECTION('',(-5.3623933488821E-16,1.,-1.72090302779919E-15));
#5250=DIRECTION('center_axis',(-9.01444277199117E-16,1.,-1.72090302779919E-15));
#5251=DIRECTION('ref_axis',(1.,9.01444277199116E-16,-6.10622663543843E-16));
#5252=DIRECTION('center_axis',(-5.3623933488821E-16,1.,-1.72090302779919E-15));
#5253=DIRECTION('ref_axis',(-6.10622663543841E-16,-1.72090302779919E-15,
-1.));
#5254=DIRECTION('center_axis',(5.3623933488821E-16,-1.,1.72090302779919E-15));
#5255=DIRECTION('ref_axis',(-6.10622663543841E-16,-1.72090302779919E-15,
-1.));
#5256=DIRECTION('center_axis',(9.01444277199117E-16,-1.,1.72090302779919E-15));
#5257=DIRECTION('ref_axis',(-1.,-9.01444277199116E-16,6.10622663543843E-16));
#5258=DIRECTION('center_axis',(-5.3623933488821E-16,1.,-1.72090302779919E-15));
#5259=DIRECTION('ref_axis',(-6.10622663543841E-16,-1.72090302779919E-15,
-1.));
#5260=DIRECTION('center_axis',(5.3623933488821E-16,-1.,1.72090302779919E-15));
#5261=DIRECTION('ref_axis',(-6.10622663543841E-16,-1.72090302779919E-15,
-1.));
#5262=DIRECTION('center_axis',(-5.3623933488821E-16,1.,-1.72090302779919E-15));
#5263=DIRECTION('ref_axis',(-6.10622663543841E-16,-1.7209030277992E-15,
-1.));
#5264=DIRECTION('',(-1.,-5.36239334888209E-16,8.03369716430154E-16));
#5265=DIRECTION('',(-1.,-5.36239334888209E-16,8.03369716430154E-16));
#5266=DIRECTION('',(-6.10622663543841E-16,-1.72090302779919E-15,-1.));
#5267=DIRECTION('center_axis',(-5.3623933488821E-16,1.,-1.72090302779919E-15));
#5268=DIRECTION('ref_axis',(-6.10622663543841E-16,-1.72090302779919E-15,
-1.));
#5269=DIRECTION('',(1.,5.36239334888209E-16,-6.10622663543842E-16));
#5270=DIRECTION('center_axis',(-5.3623933488821E-16,1.,-1.72090302779919E-15));
#5271=DIRECTION('ref_axis',(6.10622663543841E-16,1.7209030277992E-15,1.));
#5272=DIRECTION('',(2.34534613952065E-15,1.7209030277992E-15,1.));
#5273=DIRECTION('center_axis',(-5.3623933488821E-16,1.,-1.72090302779919E-15));
#5274=DIRECTION('ref_axis',(-6.10622663543841E-16,-1.7209030277992E-15,
-1.));
#5275=DIRECTION('',(6.10622663543841E-16,1.72090302779919E-15,1.));
#5276=DIRECTION('',(1.,5.36239334888209E-16,-6.10622663543842E-16));
#5277=DIRECTION('center_axis',(-5.3623933488821E-16,1.,-1.72090302779919E-15));
#5278=DIRECTION('ref_axis',(-6.10622663543841E-16,-1.72090302779919E-15,
-1.));
#5279=DIRECTION('',(6.10622663543841E-16,1.72090302779919E-15,1.));
#5280=DIRECTION('center_axis',(-5.3623933488821E-16,1.,-1.72090302779919E-15));
#5281=DIRECTION('ref_axis',(-6.10622663543841E-16,-1.72090302779919E-15,
-1.));
#5282=DIRECTION('center_axis',(6.10622663543841E-16,1.72090302779919E-15,
1.));
#5283=DIRECTION('ref_axis',(-5.3623933488821E-16,1.,-1.72090302779919E-15));
#5284=DIRECTION('center_axis',(-1.,-5.36239334888209E-16,6.68446779409736E-16));
#5285=DIRECTION('ref_axis',(6.68446779409735E-16,1.7209030277992E-15,1.));
#5286=DIRECTION('',(-6.68446779409735E-16,-1.72090302779919E-15,-1.));
#5287=DIRECTION('',(-5.3623933488821E-16,1.,-1.72090302779919E-15));
#5288=DIRECTION('',(-6.68446779409735E-16,-1.72090302779919E-15,-1.));
#5289=DIRECTION('',(5.3623933488821E-16,-1.,1.72090302779919E-15));
#5290=DIRECTION('',(6.10622663543841E-16,1.72090302779919E-15,1.));
#5291=DIRECTION('',(5.3623933488821E-16,-1.,1.72090302779919E-15));
#5292=DIRECTION('center_axis',(1.,5.36239334888209E-16,-5.52798547677949E-16));
#5293=DIRECTION('ref_axis',(-5.52798547677948E-16,-1.7209030277992E-15,
-1.));
#5294=DIRECTION('',(5.3623933488821E-16,-1.,1.72090302779919E-15));
#5295=DIRECTION('',(5.52798547677948E-16,1.72090302779919E-15,1.));
#5296=DIRECTION('',(-5.3623933488821E-16,1.,-1.72090302779919E-15));
#5297=DIRECTION('',(5.52798547677948E-16,1.72090302779919E-15,1.));
#5298=DIRECTION('',(5.3623933488821E-16,-1.,1.72090302779919E-15));
#5299=DIRECTION('',(-5.3623933488821E-16,1.,-1.72090302779919E-15));
#5300=DIRECTION('',(-1.12410081243297E-15,1.72090302779919E-15,1.));
#5301=DIRECTION('center_axis',(5.3623933488821E-16,-1.,1.72090302779919E-15));
#5302=DIRECTION('ref_axis',(6.10622663543841E-16,1.7209030277992E-15,1.));
#5303=DIRECTION('',(1.,5.36239334888209E-16,-6.10622663543842E-16));
#5304=DIRECTION('center_axis',(-5.3623933488821E-16,1.,-1.72090302779919E-15));
#5305=DIRECTION('ref_axis',(6.10622663543841E-16,1.7209030277992E-15,1.));
#5306=DIRECTION('center_axis',(-5.3623933488821E-16,1.,-1.72090302779919E-15));
#5307=DIRECTION('ref_axis',(6.10622663543841E-16,1.72090302779919E-15,1.));
#5308=DIRECTION('center_axis',(-5.3623933488821E-16,1.,-1.72090302779919E-15));
#5309=DIRECTION('ref_axis',(6.10622663543841E-16,1.7209030277992E-15,1.));
#5310=DIRECTION('center_axis',(5.3623933488821E-16,-1.,1.72090302779919E-15));
#5311=DIRECTION('ref_axis',(6.10622663543841E-16,1.7209030277992E-15,1.));
#5312=DIRECTION('center_axis',(-5.3623933488821E-16,1.,-1.72090302779919E-15));
#5313=DIRECTION('ref_axis',(6.10622663543841E-16,1.7209030277992E-15,1.));
#5314=DIRECTION('center_axis',(-5.3623933488821E-16,1.,-1.72090302779919E-15));
#5315=DIRECTION('ref_axis',(6.10622663543841E-16,1.72090302779919E-15,1.));
#5316=DIRECTION('center_axis',(-5.3623933488821E-16,1.,-1.72090302779919E-15));
#5317=DIRECTION('ref_axis',(6.10622663543841E-16,1.7209030277992E-15,1.));
#5318=DIRECTION('',(1.,5.36239334888209E-16,-6.10622663543842E-16));
#5319=DIRECTION('center_axis',(-5.3623933488821E-16,1.,-1.72090302779919E-15));
#5320=DIRECTION('ref_axis',(4.88157983629106E-16,1.7209030277992E-15,1.));
#5321=DIRECTION('center_axis',(5.3623933488821E-16,-1.,1.72090302779919E-15));
#5322=DIRECTION('ref_axis',(6.10622663543841E-16,1.7209030277992E-15,1.));
#5323=DIRECTION('center_axis',(5.3623933488821E-16,-1.,1.72090302779919E-15));
#5324=DIRECTION('ref_axis',(6.10622663543841E-16,1.7209030277992E-15,1.));
#5325=DIRECTION('',(5.3623933488821E-16,-1.,1.72090302779919E-15));
#5326=DIRECTION('center_axis',(6.10622663543841E-16,1.72090302779919E-15,
1.));
#5327=DIRECTION('ref_axis',(-5.3623933488821E-16,1.,-1.72090302779919E-15));
#5328=DIRECTION('',(5.3623933488821E-16,-1.,1.72090302779919E-15));
#5329=DIRECTION('center_axis',(5.3623933488821E-16,-1.,1.72090302779919E-15));
#5330=DIRECTION('ref_axis',(6.10622663543841E-16,1.7209030277992E-15,1.));
#5331=DIRECTION('center_axis',(5.3623933488821E-16,-1.,1.72090302779919E-15));
#5332=DIRECTION('ref_axis',(6.10622663543841E-16,1.7209030277992E-15,1.));
#5333=DIRECTION('',(5.3623933488821E-16,-1.,1.72090302779919E-15));
#5334=DIRECTION('center_axis',(6.10622663543841E-16,1.72090302779919E-15,
1.));
#5335=DIRECTION('ref_axis',(-5.3623933488821E-16,1.,-1.72090302779919E-15));
#5336=DIRECTION('',(5.3623933488821E-16,-1.,1.72090302779919E-15));
#5337=DIRECTION('center_axis',(5.3623933488821E-16,-1.,1.72090302779919E-15));
#5338=DIRECTION('ref_axis',(6.10622663543841E-16,1.7209030277992E-15,1.));
#5339=DIRECTION('center_axis',(6.10622663543841E-16,1.72090302779919E-15,
1.));
#5340=DIRECTION('ref_axis',(-5.3623933488821E-16,1.,-1.72090302779919E-15));
#5341=DIRECTION('center_axis',(-6.10622663543841E-16,-1.72090302779919E-15,
-1.));
#5342=DIRECTION('ref_axis',(-1.1984841410886E-15,-1.,1.7209030277992E-15));
#5343=DIRECTION('center_axis',(7.04793342818343E-16,-1.,1.72090302779919E-15));
#5344=DIRECTION('ref_axis',(-1.,-7.04793342818342E-16,6.10622663543842E-16));
#5345=DIRECTION('',(6.10622663543841E-16,1.72090302779919E-15,1.));
#5346=DIRECTION('center_axis',(7.04793342818343E-16,-1.,1.72090302779919E-15));
#5347=DIRECTION('ref_axis',(-1.,-7.04793342818341E-16,6.10622663543843E-16));
#5348=DIRECTION('',(-1.,-7.04793342818342E-16,6.10622663543842E-16));
#5349=DIRECTION('center_axis',(7.04793342818343E-16,-1.,1.72090302779919E-15));
#5350=DIRECTION('ref_axis',(-1.,-7.04793342818341E-16,6.10622663543843E-16));
#5351=DIRECTION('center_axis',(1.,5.36239334888209E-16,-6.10622663543842E-16));
#5352=DIRECTION('ref_axis',(5.3623933488821E-16,-1.,1.72090302779919E-15));
#5353=DIRECTION('',(5.3623933488821E-16,-1.,1.72090302779919E-15));
#5354=DIRECTION('',(-5.3623933488821E-16,1.,-1.72090302779919E-15));
#5355=DIRECTION('center_axis',(-6.10622663543841E-16,-1.72090302779919E-15,
-1.));
#5356=DIRECTION('ref_axis',(5.3623933488821E-16,-1.,1.72090302779919E-15));
#5357=DIRECTION('',(-5.3623933488821E-16,1.,-1.72090302779919E-15));
#5358=DIRECTION('center_axis',(-5.3623933488821E-16,1.,-1.72090302779919E-15));
#5359=DIRECTION('ref_axis',(-6.10622663543841E-16,-1.72090302779919E-15,
-1.));
#5360=DIRECTION('center_axis',(5.3623933488821E-16,-1.,1.72090302779919E-15));
#5361=DIRECTION('ref_axis',(6.10622663543841E-16,1.72090302779919E-15,1.));
#5362=DIRECTION('center_axis',(-1.,-5.36239334888209E-16,6.10622663543842E-16));
#5363=DIRECTION('ref_axis',(-5.3623933488821E-16,1.,-1.72090302779919E-15));
#5364=DIRECTION('',(-6.10622663543841E-16,-1.72090302779919E-15,-1.));
#5365=DIRECTION('',(-5.3623933488821E-16,1.,-1.72090302779919E-15));
#5366=DIRECTION('center_axis',(-5.3623933488821E-16,1.,-1.72090302779919E-15));
#5367=DIRECTION('ref_axis',(-6.10622663543841E-16,-1.72090302779919E-15,
-1.));
#5368=DIRECTION('center_axis',(5.3623933488821E-16,-1.,1.72090302779919E-15));
#5369=DIRECTION('ref_axis',(-6.10622663543841E-16,-1.72090302779919E-15,
-1.));
#5370=DIRECTION('center_axis',(-5.3623933488821E-16,1.,-1.72090302779919E-15));
#5371=DIRECTION('ref_axis',(-6.10622663543841E-16,-1.7209030277992E-15,
-1.));
#5372=DIRECTION('center_axis',(-1.11354690310174E-15,1.,-1.79916033220142E-15));
#5373=DIRECTION('ref_axis',(9.71445146547019E-16,1.79916033220142E-15,1.));
#5374=DIRECTION('center_axis',(-1.11354690310174E-15,1.,-1.79916033220142E-15));
#5375=DIRECTION('ref_axis',(9.71445146547019E-16,1.79916033220142E-15,1.));
#5376=DIRECTION('',(-1.11354690310174E-15,1.,-1.79916033220142E-15));
#5377=DIRECTION('center_axis',(-1.11354690310174E-15,1.,-1.79916033220142E-15));
#5378=DIRECTION('ref_axis',(9.71445146547019E-16,1.79916033220142E-15,1.));
#5379=DIRECTION('center_axis',(-1.11354690310174E-15,1.,-1.79916033220142E-15));
#5380=DIRECTION('ref_axis',(9.71445146547019E-16,1.79916033220142E-15,1.));
#5381=DIRECTION('center_axis',(-1.11354690310174E-15,1.,-1.79916033220142E-15));
#5382=DIRECTION('ref_axis',(9.71445146547019E-16,1.79916033220142E-15,1.));
#5383=DIRECTION('',(-1.11354690310174E-15,1.,-1.79916033220142E-15));
#5384=DIRECTION('center_axis',(-1.11354690310174E-15,1.,-1.79916033220142E-15));
#5385=DIRECTION('ref_axis',(9.71445146547019E-16,1.79916033220142E-15,1.));
#5386=DIRECTION('center_axis',(-1.11354690310174E-15,1.,-1.79916033220142E-15));
#5387=DIRECTION('ref_axis',(9.71445146547019E-16,1.79916033220142E-15,1.));
#5388=DIRECTION('center_axis',(-1.11354690310174E-15,1.,-1.79916033220142E-15));
#5389=DIRECTION('ref_axis',(9.71445146547019E-16,1.79916033220142E-15,1.));
#5390=DIRECTION('',(-1.56090762265022E-15,0.707106781186562,-0.707106781186533));
#5391=DIRECTION('center_axis',(-1.11354690310174E-15,1.,-1.79916033220142E-15));
#5392=DIRECTION('ref_axis',(9.71445146547019E-16,1.79916033220142E-15,1.));
#5393=DIRECTION('center_axis',(-1.11354690310174E-15,1.,-1.79916033220142E-15));
#5394=DIRECTION('ref_axis',(9.71445146547019E-16,1.79916033220142E-15,1.));
#5395=DIRECTION('center_axis',(-1.11354690310174E-15,1.,-1.79916033220142E-15));
#5396=DIRECTION('ref_axis',(9.71445146547019E-16,1.79916033220142E-15,1.));
#5397=DIRECTION('',(-1.11354690310174E-15,1.,-1.79916033220142E-15));
#5398=DIRECTION('center_axis',(1.,1.11354690310173E-15,-9.71445146547021E-16));
#5399=DIRECTION('ref_axis',(-1.11354690310174E-15,1.,-1.79916033220142E-15));
#5400=DIRECTION('',(9.71445146547019E-16,1.79916033220142E-15,1.));
#5401=DIRECTION('',(1.0048111567837E-16,-0.707106781186554,-0.707106781186541));
#5402=DIRECTION('',(1.11354690310174E-15,-1.,1.79916033220142E-15));
#5403=DIRECTION('',(9.71445146547019E-16,1.79916033220142E-15,1.));
#5404=DIRECTION('',(1.11354690310174E-15,-1.,1.79916033220142E-15));
#5405=DIRECTION('',(9.71445146547019E-16,1.79916033220142E-15,1.));
#5406=DIRECTION('',(1.11354690310174E-15,-1.,1.79916033220142E-15));
#5407=DIRECTION('center_axis',(1.11354690310174E-15,-1.,1.79916033220142E-15));
#5408=DIRECTION('ref_axis',(1.09390982646175E-15,1.79916033220142E-15,1.));
#5409=DIRECTION('center_axis',(-1.11354690310174E-15,1.,-1.79916033220142E-15));
#5410=DIRECTION('ref_axis',(9.71445146547019E-16,1.79916033220142E-15,1.));
#5411=DIRECTION('',(1.11354690310174E-15,-1.,1.79916033220142E-15));
#5412=DIRECTION('center_axis',(-1.11354690310174E-15,1.,-1.79916033220142E-15));
#5413=DIRECTION('ref_axis',(9.71445146547019E-16,1.79916033220142E-15,1.));
#5414=DIRECTION('center_axis',(-1.,-1.11354690310173E-15,9.71445146547021E-16));
#5415=DIRECTION('ref_axis',(1.11354690310174E-15,-1.,1.79916033220142E-15));
#5416=DIRECTION('',(1.11354690310174E-15,-1.,1.79916033220142E-15));
#5417=DIRECTION('',(-1.0048111567837E-16,0.707106781186554,0.707106781186541));
#5418=DIRECTION('',(-9.71445146547019E-16,-1.79916033220142E-15,-1.));
#5419=DIRECTION('',(1.11354690310174E-15,-1.,1.79916033220142E-15));
#5420=DIRECTION('',(-9.71445146547019E-16,-1.79916033220142E-15,-1.));
#5421=DIRECTION('',(-9.71445146547019E-16,-1.79916033220142E-15,-1.));
#5422=DIRECTION('center_axis',(9.71445146547019E-16,1.79916033220142E-15,
1.));
#5423=DIRECTION('ref_axis',(1.11354690310174E-15,-1.,1.79916033220142E-15));
#5424=DIRECTION('',(1.,1.11354690310173E-15,-9.71445146547021E-16));
#5425=DIRECTION('',(-1.,-1.11354690310173E-15,9.71445146547021E-16));
#5426=DIRECTION('center_axis',(-1.11354690310174E-15,1.,-1.79916033220142E-15));
#5427=DIRECTION('ref_axis',(9.71445146547019E-16,1.79916033220142E-15,1.));
#5428=DIRECTION('center_axis',(-1.11354690310174E-15,1.,-1.79916033220142E-15));
#5429=DIRECTION('ref_axis',(-9.71445146547019E-16,-1.79916033220142E-15,
-1.));
#5430=DIRECTION('',(1.,1.11354690310173E-15,-9.71445146547021E-16));
#5431=DIRECTION('center_axis',(-1.11354690310174E-15,1.,-1.79916033220142E-15));
#5432=DIRECTION('ref_axis',(9.71445146547019E-16,1.79916033220142E-15,1.));
#5433=DIRECTION('center_axis',(-1.11354690310174E-15,1.,-1.79916033220142E-15));
#5434=DIRECTION('ref_axis',(9.71445146547019E-16,1.79916033220142E-15,1.));
#5435=DIRECTION('center_axis',(1.11354690310174E-15,-1.,1.79916033220142E-15));
#5436=DIRECTION('ref_axis',(-9.71445146547019E-16,-1.79916033220142E-15,
-1.));
#5437=DIRECTION('',(1.11354690310174E-15,-1.,1.79916033220142E-15));
#5438=DIRECTION('center_axis',(-1.11354690310174E-15,1.,-1.79916033220142E-15));
#5439=DIRECTION('ref_axis',(9.71445146547019E-16,1.79916033220142E-15,1.));
#5440=DIRECTION('center_axis',(-9.71445146547019E-16,-1.79916033220142E-15,
-1.));
#5441=DIRECTION('ref_axis',(-1.11354690310174E-15,1.,-1.79916033220142E-15));
#5442=DIRECTION('',(1.11354690310174E-15,-1.,1.79916033220142E-15));
#5443=DIRECTION('',(1.,1.11354690310173E-15,-9.71445146547021E-16));
#5444=DIRECTION('center_axis',(1.11354690310174E-15,-1.,1.79916033220142E-15));
#5445=DIRECTION('ref_axis',(-9.71445146547019E-16,-1.79916033220142E-15,
-1.));
#5446=DIRECTION('center_axis',(-1.11354690310174E-15,1.,-1.79916033220142E-15));
#5447=DIRECTION('ref_axis',(-9.71445146547019E-16,-1.79916033220142E-15,
-1.));
#5448=DIRECTION('center_axis',(1.11354690310174E-15,-1.,1.79916033220142E-15));
#5449=DIRECTION('ref_axis',(-9.71445146547019E-16,-1.79916033220142E-15,
-1.));
#5450=DIRECTION('',(-1.,-1.11354690310173E-15,9.71445146547021E-16));
#5451=DIRECTION('center_axis',(1.47431201702667E-15,-0.707106781186541,
0.707106781186554));
#5452=DIRECTION('ref_axis',(-1.,-1.11354690310173E-15,9.71445146547021E-16));
#5453=DIRECTION('center_axis',(-6.63771127012713E-17,-1.,-2.5610844135728E-16));
#5454=DIRECTION('ref_axis',(0.224431473793135,-2.64472195852451E-16,0.97448987350872));
#5455=DIRECTION('center_axis',(-6.63771127012713E-17,-1.,-2.5610844135728E-16));
#5456=DIRECTION('ref_axis',(-0.224431473793135,2.64472195852451E-16,-0.97448987350872));
#5457=DIRECTION('center_axis',(-6.63771127012713E-17,-1.,-2.5610844135728E-16));
#5458=DIRECTION('ref_axis',(-0.224431473793135,2.64472195852451E-16,-0.97448987350872));
#5459=DIRECTION('',(-0.112215736896567,-0.866025403784439,-0.487244936754359));
#5460=DIRECTION('center_axis',(6.63771127012713E-17,1.,2.5610844135728E-16));
#5461=DIRECTION('ref_axis',(-0.224431473793135,2.64472195852451E-16,-0.97448987350872));
#5462=DIRECTION('center_axis',(6.63771127012713E-17,1.,2.5610844135728E-16));
#5463=DIRECTION('ref_axis',(-0.224431473793135,2.64472195852451E-16,-0.97448987350872));
#5464=DIRECTION('center_axis',(6.63771127012713E-17,1.,2.5610844135728E-16));
#5465=DIRECTION('ref_axis',(-0.224431473793135,2.64472195852451E-16,-0.97448987350872));
#5466=DIRECTION('',(-6.63771127012713E-17,-1.,-2.5610844135728E-16));
#5467=DIRECTION('center_axis',(6.63771127012713E-17,1.,2.5610844135728E-16));
#5468=DIRECTION('ref_axis',(-0.224431473793135,2.64472195852451E-16,-0.97448987350872));
#5469=DIRECTION('center_axis',(6.63771127012713E-17,1.,2.5610844135728E-16));
#5470=DIRECTION('ref_axis',(-0.224431473793135,2.64472195852451E-16,-0.97448987350872));
#5471=DIRECTION('center_axis',(6.63771127012713E-17,1.,2.5610844135728E-16));
#5472=DIRECTION('ref_axis',(-0.224431473793135,2.64472195852451E-16,-0.97448987350872));
#5473=DIRECTION('',(-6.63771127012713E-17,-1.,-2.5610844135728E-16));
#5474=DIRECTION('center_axis',(6.63771127012713E-17,1.,2.5610844135728E-16));
#5475=DIRECTION('ref_axis',(-0.224431473793135,2.64472195852451E-16,-0.97448987350872));
#5476=DIRECTION('center_axis',(6.63771127012713E-17,1.,2.5610844135728E-16));
#5477=DIRECTION('ref_axis',(-0.224431473793135,2.64472195852451E-16,-0.97448987350872));
#5478=DIRECTION('',(6.63771127012713E-17,1.,2.5610844135728E-16));
#5479=DIRECTION('center_axis',(6.63771127012713E-17,1.,2.5610844135728E-16));
#5480=DIRECTION('ref_axis',(-0.224431473793135,2.64472195852451E-16,-0.97448987350872));
#5481=DIRECTION('center_axis',(-6.63771127012713E-17,-1.,-2.5610844135728E-16));
#5482=DIRECTION('ref_axis',(0.224431473793135,-2.64472195852451E-16,0.97448987350872));
#5483=DIRECTION('center_axis',(6.63771127012713E-17,1.,2.5610844135728E-16));
#5484=DIRECTION('ref_axis',(-0.224431473793135,2.64472195852451E-16,-0.97448987350872));
#5485=DIRECTION('center_axis',(6.63771127012713E-17,1.,2.5610844135728E-16));
#5486=DIRECTION('ref_axis',(-0.224431473793135,2.64472195852451E-16,-0.97448987350872));
#5487=DIRECTION('center_axis',(-9.9243159907121E-16,1.,-8.43630102662611E-16));
#5488=DIRECTION('ref_axis',(2.3869795029441E-15,8.43630102662613E-16,1.));
#5489=DIRECTION('center_axis',(-9.9243159907121E-16,1.,-8.43630102662611E-16));
#5490=DIRECTION('ref_axis',(2.3869795029441E-15,8.43630102662613E-16,1.));
#5491=DIRECTION('',(1.95998542483536E-15,-0.906307787036473,0.422618261741078));
#5492=DIRECTION('center_axis',(-9.9243159907121E-16,1.,-8.43630102662611E-16));
#5493=DIRECTION('ref_axis',(2.3869795029441E-15,8.43630102662613E-16,1.));
#5494=DIRECTION('center_axis',(9.9243159907121E-16,-1.,8.43630102662611E-16));
#5495=DIRECTION('ref_axis',(2.3869795029441E-15,8.43630102662613E-16,1.));
#5496=DIRECTION('center_axis',(-9.9243159907121E-16,1.,-8.43630102662611E-16));
#5497=DIRECTION('ref_axis',(2.3869795029441E-15,8.43630102662613E-16,1.));
#5498=DIRECTION('',(-5.75768318562768E-17,-0.906307787036474,-0.422618261741077));
#5499=DIRECTION('center_axis',(-9.9243159907121E-16,1.,-8.43630102662611E-16));
#5500=DIRECTION('ref_axis',(2.3869795029441E-15,8.43630102662613E-16,1.));
#5501=DIRECTION('center_axis',(9.9243159907121E-16,-1.,8.43630102662611E-16));
#5502=DIRECTION('ref_axis',(2.3869795029441E-15,8.43630102662613E-16,1.));
#5503=DIRECTION('',(-9.9243159907121E-16,1.,-8.43630102662611E-16));
#5504=DIRECTION('center_axis',(-9.9243159907121E-16,1.,-8.43630102662611E-16));
#5505=DIRECTION('ref_axis',(2.3869795029441E-15,8.43630102662613E-16,1.));
#5506=DIRECTION('center_axis',(9.9243159907121E-16,-1.,8.43630102662611E-16));
#5507=DIRECTION('ref_axis',(2.3869795029441E-15,8.43630102662613E-16,1.));
#5508=DIRECTION('center_axis',(-9.9243159907121E-16,1.,-8.43630102662611E-16));
#5509=DIRECTION('ref_axis',(2.3869795029441E-15,8.43630102662613E-16,1.));
#5510=DIRECTION('',(9.9243159907121E-16,-1.,8.43630102662611E-16));
#5511=DIRECTION('center_axis',(-9.9243159907121E-16,1.,-8.43630102662611E-16));
#5512=DIRECTION('ref_axis',(2.3869795029441E-15,8.43630102662613E-16,1.));
#5513=DIRECTION('',(-1.95998542483536E-15,0.906307787036473,-0.422618261741079));
#5514=DIRECTION('center_axis',(-9.9243159907121E-16,1.,-8.43630102662611E-16));
#5515=DIRECTION('ref_axis',(2.3869795029441E-15,8.43630102662613E-16,1.));
#5516=DIRECTION('center_axis',(-9.9243159907121E-16,1.,-8.43630102662611E-16));
#5517=DIRECTION('ref_axis',(2.1420501431146E-15,8.47837503804803E-16,1.));
#5518=DIRECTION('center_axis',(9.9243159907121E-16,-1.,8.43630102662611E-16));
#5519=DIRECTION('ref_axis',(2.1420501431146E-15,8.43630102662613E-16,1.));
#5520=DIRECTION('center_axis',(1.,9.92431599071209E-16,-2.26451482302934E-15));
#5521=DIRECTION('ref_axis',(-2.26451482302934E-15,-8.57930807421527E-16,
-1.));
#5522=DIRECTION('center_axis',(9.9243159907121E-16,-1.,8.43630102662611E-16));
#5523=DIRECTION('ref_axis',(2.1420501431146E-15,8.43630102662613E-16,1.));
#5524=DIRECTION('center_axis',(9.9243159907121E-16,-1.,8.43630102662611E-16));
#5525=DIRECTION('ref_axis',(2.3869795029441E-15,8.43630102662613E-16,1.));
#5526=DIRECTION('',(-9.9243159907121E-16,1.,-8.43630102662611E-16));
#5527=DIRECTION('center_axis',(-9.9243159907121E-16,1.,-8.43630102662611E-16));
#5528=DIRECTION('ref_axis',(2.3869795029441E-15,8.43630102662613E-16,1.));
#5529=DIRECTION('center_axis',(9.9243159907121E-16,-1.,8.43630102662611E-16));
#5530=DIRECTION('ref_axis',(2.3869795029441E-15,8.43630102662613E-16,1.));
#5531=DIRECTION('',(2.72786435199867E-16,0.866025403784589,0.49999999999974));
#5532=DIRECTION('center_axis',(-9.9243159907121E-16,1.,-8.43630102662611E-16));
#5533=DIRECTION('ref_axis',(2.3869795029441E-15,8.43630102662613E-16,1.));
#5534=DIRECTION('center_axis',(-9.9243159907121E-16,1.,-8.43630102662611E-16));
#5535=DIRECTION('ref_axis',(2.3869795029441E-15,8.43630102662613E-16,1.));
#5536=DIRECTION('center_axis',(-9.9243159907121E-16,1.,-8.43630102662611E-16));
#5537=DIRECTION('ref_axis',(2.3869795029441E-15,8.43630102662613E-16,1.));
#5538=DIRECTION('center_axis',(-9.9243159907121E-16,1.,-8.43630102662611E-16));
#5539=DIRECTION('ref_axis',(2.3869795029441E-15,8.43630102662613E-16,1.));
#5540=DIRECTION('center_axis',(1.0311399818031E-15,1.,-2.35775564310665E-16));
#5541=DIRECTION('ref_axis',(-0.974489873508765,1.05775092781974E-15,0.224431473792942));
#5542=DIRECTION('center_axis',(-1.0311399818031E-15,-1.,2.35775564310665E-16));
#5543=DIRECTION('ref_axis',(-0.974489873508765,1.05775092781974E-15,0.224431473792942));
#5544=DIRECTION('',(-1.0311399818031E-15,-1.,2.35775564310665E-16));
#5545=DIRECTION('center_axis',(-1.0311399818031E-15,-1.,2.35775564310665E-16));
#5546=DIRECTION('ref_axis',(-0.974489873508765,1.05775092781974E-15,0.224431473792942));
#5547=DIRECTION('center_axis',(1.0311399818031E-15,1.,-2.35775564310665E-16));
#5548=DIRECTION('ref_axis',(-0.974489873508765,1.05775092781974E-15,0.224431473792942));
#5549=DIRECTION('center_axis',(-1.0311399818031E-15,-1.,2.35775564310665E-16));
#5550=DIRECTION('ref_axis',(-0.974489873508765,1.05775092781974E-15,0.224431473792942));
#5551=DIRECTION('',(1.0311399818031E-15,1.,-2.35775564310665E-16));
#5552=DIRECTION('center_axis',(-1.0311399818031E-15,-1.,2.35775564310665E-16));
#5553=DIRECTION('ref_axis',(-0.974489873508765,1.05775092781974E-15,0.224431473792942));
#5554=DIRECTION('center_axis',(1.0311399818031E-15,1.,-2.35775564310665E-16));
#5555=DIRECTION('ref_axis',(-0.974489873508765,1.05775092781974E-15,0.224431473792942));
#5556=DIRECTION('center_axis',(1.0311399818031E-15,1.,-2.35775564310665E-16));
#5557=DIRECTION('ref_axis',(-0.974489873508765,1.05775092781974E-15,0.224431473792942));
#5558=DIRECTION('',(1.0311399818031E-15,1.,-2.35775564310665E-16));
#5559=DIRECTION('center_axis',(1.0311399818031E-15,1.,-2.35775564310665E-16));
#5560=DIRECTION('ref_axis',(-0.974489873508765,1.05775092781974E-15,0.224431473792942));
#5561=DIRECTION('center_axis',(-1.0311399818031E-15,-1.,2.35775564310665E-16));
#5562=DIRECTION('ref_axis',(-0.974489873508765,1.05775092781974E-15,0.224431473792942));
#5563=DIRECTION('center_axis',(-1.0311399818031E-15,-1.,2.35775564310665E-16));
#5564=DIRECTION('ref_axis',(-0.974489873508765,1.05775092781974E-15,0.224431473792942));
#5565=DIRECTION('center_axis',(-1.07445366442979E-15,-2.26289129350861E-15,
-1.));
#5566=DIRECTION('ref_axis',(0.981019532804183,0.193908938052536,-1.49285487955124E-15));
#5567=DIRECTION('center_axis',(1.07445366442979E-15,2.26289129350861E-15,
1.));
#5568=DIRECTION('ref_axis',(-0.981019532804183,-0.193908938052536,1.49285487955124E-15));
#5569=DIRECTION('',(-1.07445366442979E-15,-2.26289129350861E-15,-1.));
#5570=DIRECTION('center_axis',(1.07445366442979E-15,2.26289129350861E-15,
1.));
#5571=DIRECTION('ref_axis',(-0.981019532804183,-0.193908938052536,1.49285487955124E-15));
#5572=DIRECTION('center_axis',(-1.07445366442979E-15,-2.26289129350861E-15,
-1.));
#5573=DIRECTION('ref_axis',(0.981019532804183,0.193908938052536,-1.49285487955124E-15));
#5574=DIRECTION('center_axis',(1.07445366442979E-15,2.26289129350861E-15,
1.));
#5575=DIRECTION('ref_axis',(-0.981019532804183,-0.193908938052536,1.49285487955124E-15));
#5576=DIRECTION('',(1.07445366442979E-15,2.26289129350861E-15,1.));
#5577=DIRECTION('center_axis',(1.07445366442979E-15,2.26289129350861E-15,
1.));
#5578=DIRECTION('ref_axis',(-0.981019532804183,-0.193908938052536,1.49285487955124E-15));
#5579=DIRECTION('center_axis',(1.07445366442979E-15,2.26289129350861E-15,
1.));
#5580=DIRECTION('ref_axis',(-0.981019532804183,-0.193908938052536,1.49285487955124E-15));
#5581=DIRECTION('center_axis',(1.07445366442979E-15,2.26289129350861E-15,
1.));
#5582=DIRECTION('ref_axis',(-0.981019532804183,-0.193908938052536,1.49285487955124E-15));
#5583=DIRECTION('center_axis',(-2.12440891854208E-15,1.,-8.92320933725622E-16));
#5584=DIRECTION('ref_axis',(-1.41553435639708E-15,-8.92320933725625E-16,
-1.));
#5585=DIRECTION('center_axis',(-2.12440891854208E-15,1.,-8.92320933725622E-16));
#5586=DIRECTION('ref_axis',(-1.41553435639708E-15,-8.92320933725625E-16,
-1.));
#5587=DIRECTION('',(-2.12440891854208E-15,1.,-8.92320933725622E-16));
#5588=DIRECTION('center_axis',(-2.12440891854208E-15,1.,-8.92320933725622E-16));
#5589=DIRECTION('ref_axis',(-1.41553435639708E-15,-8.92320933725625E-16,
-1.));
#5590=DIRECTION('center_axis',(-2.12440891854208E-15,1.,-8.92320933725622E-16));
#5591=DIRECTION('ref_axis',(-1.41553435639708E-15,-8.92320933725625E-16,
-1.));
#5592=DIRECTION('center_axis',(-2.12440891854208E-15,1.,-8.92320933725622E-16));
#5593=DIRECTION('ref_axis',(-1.41553435639708E-15,-8.92320933725625E-16,
-1.));
#5594=DIRECTION('',(-2.12440891854208E-15,1.,-8.92320933725622E-16));
#5595=DIRECTION('center_axis',(-2.12440891854208E-15,1.,-8.92320933725622E-16));
#5596=DIRECTION('ref_axis',(-1.41553435639708E-15,-8.92320933725625E-16,
-1.));
#5597=DIRECTION('center_axis',(-2.12440891854208E-15,1.,-8.92320933725622E-16));
#5598=DIRECTION('ref_axis',(-1.41553435639708E-15,-8.92320933725625E-16,
-1.));
#5599=DIRECTION('center_axis',(-2.12440891854208E-15,1.,-8.92320933725622E-16));
#5600=DIRECTION('ref_axis',(-1.41553435639708E-15,-8.92320933725625E-16,
-1.));
#5601=DIRECTION('',(-4.14654404279879E-16,0.707106781186564,0.707106781186531));
#5602=DIRECTION('center_axis',(-2.12440891854208E-15,1.,-8.92320933725622E-16));
#5603=DIRECTION('ref_axis',(-1.41553435639708E-15,-8.92320933725625E-16,
-1.));
#5604=DIRECTION('center_axis',(-2.12440891854208E-15,1.,-8.92320933725622E-16));
#5605=DIRECTION('ref_axis',(-1.41553435639708E-15,-8.92320933725625E-16,
-1.));
#5606=DIRECTION('center_axis',(-2.12440891854208E-15,1.,-8.92320933725622E-16));
#5607=DIRECTION('ref_axis',(-1.41553435639708E-15,-8.92320933725625E-16,
-1.));
#5608=DIRECTION('',(-2.12440891854208E-15,1.,-8.92320933725622E-16));
#5609=DIRECTION('center_axis',(-1.,-2.12440891854208E-15,1.41553435639709E-15));
#5610=DIRECTION('ref_axis',(-2.12440891854208E-15,1.,-8.92320933725622E-16));
#5611=DIRECTION('',(-1.41553435639708E-15,-8.92320933725625E-16,-1.));
#5612=DIRECTION('',(2.5031178947252E-15,-0.707106781186552,0.707106781186543));
#5613=DIRECTION('',(2.12440891854208E-15,-1.,8.92320933725622E-16));
#5614=DIRECTION('',(-1.41553435639708E-15,-8.92320933725625E-16,-1.));
#5615=DIRECTION('',(2.12440891854208E-15,-1.,8.92320933725622E-16));
#5616=DIRECTION('',(-1.41553435639708E-15,-8.92320933725625E-16,-1.));
#5617=DIRECTION('',(2.12440891854208E-15,-1.,8.92320933725622E-16));
#5618=DIRECTION('center_axis',(2.12440891854208E-15,-1.,8.92320933725622E-16));
#5619=DIRECTION('ref_axis',(2.38357803088432E-16,-8.92320933725622E-16,
-1.));
#5620=DIRECTION('center_axis',(-2.12440891854208E-15,1.,-8.92320933725622E-16));
#5621=DIRECTION('ref_axis',(-1.41553435639708E-15,-8.92320933725625E-16,
-1.));
#5622=DIRECTION('',(2.12440891854208E-15,-1.,8.92320933725622E-16));
#5623=DIRECTION('center_axis',(-2.12440891854208E-15,1.,-8.92320933725622E-16));
#5624=DIRECTION('ref_axis',(-1.41553435639708E-15,-8.92320933725625E-16,
-1.));
#5625=DIRECTION('center_axis',(1.,2.12440891854208E-15,-1.41553435639709E-15));
#5626=DIRECTION('ref_axis',(2.12440891854208E-15,-1.,8.92320933725622E-16));
#5627=DIRECTION('',(2.12440891854208E-15,-1.,8.92320933725622E-16));
#5628=DIRECTION('',(-2.5031178947252E-15,0.707106781186552,-0.707106781186543));
#5629=DIRECTION('',(1.41553435639708E-15,8.92320933725625E-16,1.));
#5630=DIRECTION('',(2.12440891854208E-15,-1.,8.92320933725622E-16));
#5631=DIRECTION('',(1.41553435639708E-15,8.92320933725625E-16,1.));
#5632=DIRECTION('',(1.41553435639708E-15,8.92320933725625E-16,1.));
#5633=DIRECTION('center_axis',(-1.41553435639708E-15,-8.92320933725625E-16,
-1.));
#5634=DIRECTION('ref_axis',(2.12440891854208E-15,-1.,8.92320933725622E-16));
#5635=DIRECTION('',(-1.,-2.12440891854208E-15,1.41553435639708E-15));
#5636=DIRECTION('',(1.,2.12440891854208E-15,-1.41553435639708E-15));
#5637=DIRECTION('center_axis',(-2.12440891854208E-15,1.,-8.92320933725622E-16));
#5638=DIRECTION('ref_axis',(-1.41553435639708E-15,-8.92320933725625E-16,
-1.));
#5639=DIRECTION('center_axis',(-2.12440891854208E-15,1.,-8.92320933725622E-16));
#5640=DIRECTION('ref_axis',(1.41553435639708E-15,8.92320933725625E-16,1.));
#5641=DIRECTION('',(-1.,-2.12440891854208E-15,1.41553435639708E-15));
#5642=DIRECTION('center_axis',(-2.12440891854208E-15,1.,-8.92320933725622E-16));
#5643=DIRECTION('ref_axis',(-1.41553435639708E-15,-8.92320933725625E-16,
-1.));
#5644=DIRECTION('center_axis',(-2.12440891854208E-15,1.,-8.92320933725622E-16));
#5645=DIRECTION('ref_axis',(-1.41553435639708E-15,-8.92320933725625E-16,
-1.));
#5646=DIRECTION('center_axis',(2.12440891854208E-15,-1.,8.92320933725622E-16));
#5647=DIRECTION('ref_axis',(1.41553435639708E-15,8.92320933725625E-16,1.));
#5648=DIRECTION('',(2.12440891854208E-15,-1.,8.92320933725622E-16));
#5649=DIRECTION('center_axis',(-2.12440891854208E-15,1.,-8.92320933725622E-16));
#5650=DIRECTION('ref_axis',(-1.41553435639708E-15,-8.92320933725625E-16,
-1.));
#5651=DIRECTION('center_axis',(1.41553435639708E-15,8.92320933725625E-16,
1.));
#5652=DIRECTION('ref_axis',(-2.12440891854208E-15,1.,-8.92320933725622E-16));
#5653=DIRECTION('',(2.12440891854208E-15,-1.,8.92320933725622E-16));
#5654=DIRECTION('',(-1.,-2.12440891854208E-15,1.41553435639708E-15));
#5655=DIRECTION('center_axis',(2.12440891854208E-15,-1.,8.92320933725622E-16));
#5656=DIRECTION('ref_axis',(1.41553435639708E-15,8.92320933725625E-16,1.));
#5657=DIRECTION('center_axis',(-2.12440891854208E-15,1.,-8.92320933725622E-16));
#5658=DIRECTION('ref_axis',(1.41553435639708E-15,8.92320933725625E-16,1.));
#5659=DIRECTION('center_axis',(2.12440891854208E-15,-1.,8.92320933725622E-16));
#5660=DIRECTION('ref_axis',(1.41553435639708E-15,8.92320933725625E-16,1.));
#5661=DIRECTION('',(1.,2.12440891854208E-15,-1.41553435639708E-15));
#5662=DIRECTION('center_axis',(5.01250009903353E-16,-0.707106781186543,
-0.707106781186552));
#5663=DIRECTION('ref_axis',(1.,2.12440891854208E-15,-1.41553435639709E-15));
#5664=DIRECTION('center_axis',(8.137950910445E-16,-1.,2.05396993518674E-15));
#5665=DIRECTION('ref_axis',(-1.11022302462518E-16,-2.05396993518674E-15,
-1.));
#5666=DIRECTION('center_axis',(9.82349098974632E-16,-1.,2.05396993518674E-15));
#5667=DIRECTION('ref_axis',(-1.,-9.82349098974632E-16,1.11022302462521E-16));
#5668=DIRECTION('',(8.137950910445E-16,-1.,2.05396993518674E-15));
#5669=DIRECTION('center_axis',(8.137950910445E-16,-1.,2.05396993518674E-15));
#5670=DIRECTION('ref_axis',(-1.11022302462518E-16,-2.05396993518674E-15,
-1.));
#5671=DIRECTION('center_axis',(8.137950910445E-16,-1.,2.05396993518674E-15));
#5672=DIRECTION('ref_axis',(-1.11022302462518E-16,-2.05396993518674E-15,
-1.));
#5673=DIRECTION('center_axis',(9.82349098974632E-16,-1.,2.05396993518674E-15));
#5674=DIRECTION('ref_axis',(-1.,-9.82349098974632E-16,1.11022302462521E-16));
#5675=DIRECTION('',(8.137950910445E-16,-1.,2.05396993518674E-15));
#5676=DIRECTION('center_axis',(8.137950910445E-16,-1.,2.05396993518674E-15));
#5677=DIRECTION('ref_axis',(-1.11022302462518E-16,-2.05396993518674E-15,
-1.));
#5678=DIRECTION('center_axis',(-1.11022302462518E-16,-2.05396993518674E-15,
-1.));
#5679=DIRECTION('ref_axis',(0.989523836878099,0.144369582149584,-4.06389996002469E-16));
#5680=DIRECTION('center_axis',(1.11022302462518E-16,2.05396993518674E-15,
1.));
#5681=DIRECTION('ref_axis',(8.137950910445E-16,-1.,2.05396993518674E-15));
#5682=DIRECTION('',(-1.11022302462518E-16,-2.05396993518674E-15,-1.));
#5683=DIRECTION('center_axis',(1.11022302462518E-16,2.05396993518674E-15,
1.));
#5684=DIRECTION('ref_axis',(8.137950910445E-16,-1.,2.05396993518674E-15));
#5685=DIRECTION('center_axis',(1.11022302462518E-16,2.05396993518674E-15,
1.));
#5686=DIRECTION('ref_axis',(8.137950910445E-16,-1.,2.05396993518674E-15));
#5687=DIRECTION('',(-1.11022302462518E-16,-2.05396993518674E-15,-1.));
#5688=DIRECTION('center_axis',(8.137950910445E-16,-1.,2.05396993518674E-15));
#5689=DIRECTION('ref_axis',(-1.11022302462518E-16,-2.05396993518674E-15,
-1.));
#5690=DIRECTION('center_axis',(8.137950910445E-16,-1.,2.05396993518674E-15));
#5691=DIRECTION('ref_axis',(-1.11022302462518E-16,-2.05396993518674E-15,
-1.));
#5692=DIRECTION('',(8.137950910445E-16,-1.,2.05396993518674E-15));
#5693=DIRECTION('center_axis',(8.137950910445E-16,-1.,2.05396993518674E-15));
#5694=DIRECTION('ref_axis',(-1.11022302462518E-16,-2.05396993518674E-15,
-1.));
#5695=DIRECTION('center_axis',(8.137950910445E-16,-1.,2.05396993518674E-15));
#5696=DIRECTION('ref_axis',(-1.11022302462518E-16,-2.05396993518674E-15,
-1.));
#5697=DIRECTION('center_axis',(8.137950910445E-16,-1.,2.05396993518674E-15));
#5698=DIRECTION('ref_axis',(-1.11022302462518E-16,-2.05396993518674E-15,
-1.));
#5699=DIRECTION('',(8.137950910445E-16,-1.,2.05396993518674E-15));
#5700=DIRECTION('center_axis',(8.137950910445E-16,-1.,2.05396993518674E-15));
#5701=DIRECTION('ref_axis',(-1.11022302462518E-16,-2.05396993518674E-15,
-1.));
#5702=DIRECTION('center_axis',(-8.137950910445E-16,1.,-2.05396993518674E-15));
#5703=DIRECTION('ref_axis',(1.11022302462518E-16,2.05396993518674E-15,1.));
#5704=DIRECTION('center_axis',(-8.137950910445E-16,1.,-2.05396993518674E-15));
#5705=DIRECTION('ref_axis',(-1.11022302462518E-16,-2.05396993518674E-15,
-1.));
#5706=DIRECTION('',(7.4054025593163E-16,-0.707106781186546,0.707106781186549));
#5707=DIRECTION('center_axis',(8.137950910445E-16,-1.,2.05396993518674E-15));
#5708=DIRECTION('ref_axis',(-1.11022302462518E-16,-2.05396993518674E-15,
-1.));
#5709=DIRECTION('center_axis',(-8.137950910445E-16,1.,-2.05396993518674E-15));
#5710=DIRECTION('ref_axis',(1.11022302462518E-16,2.05396993518674E-15,1.));
#5711=DIRECTION('center_axis',(8.137950910445E-16,-1.,2.05396993518674E-15));
#5712=DIRECTION('ref_axis',(-1.11022302462518E-16,-2.05396993518674E-15,
-1.));
#5713=DIRECTION('',(8.137950910445E-16,-1.,2.05396993518674E-15));
#5714=DIRECTION('center_axis',(8.137950910445E-16,-1.,2.05396993518674E-15));
#5715=DIRECTION('ref_axis',(-1.11022302462518E-16,-2.05396993518674E-15,
-1.));
#5716=DIRECTION('center_axis',(8.137950910445E-16,-1.,2.05396993518674E-15));
#5717=DIRECTION('ref_axis',(1.11022302462518E-16,2.05396993518674E-15,1.));
#5718=DIRECTION('',(8.137950910445E-16,-1.,2.05396993518674E-15));
#5719=DIRECTION('center_axis',(8.137950910445E-16,-1.,2.05396993518674E-15));
#5720=DIRECTION('ref_axis',(-1.11022302462518E-16,-2.05396993518674E-15,
-1.));
#5721=DIRECTION('center_axis',(8.137950910445E-16,-1.,2.05396993518674E-15));
#5722=DIRECTION('ref_axis',(-1.11022302462518E-16,-2.05396993518674E-15,
-1.));
#5723=DIRECTION('center_axis',(8.137950910445E-16,-1.,2.05396993518674E-15));
#5724=DIRECTION('ref_axis',(1.11022302462518E-16,2.05396993518674E-15,1.));
#5725=DIRECTION('',(8.137950910445E-16,-1.,2.05396993518674E-15));
#5726=DIRECTION('center_axis',(8.137950910445E-16,-1.,2.05396993518674E-15));
#5727=DIRECTION('ref_axis',(-1.11022302462518E-16,-2.05396993518674E-15,
-1.));
#5728=DIRECTION('center_axis',(-8.137950910445E-16,1.,-2.05396993518674E-15));
#5729=DIRECTION('ref_axis',(1.11022302462518E-16,2.05396993518674E-15,1.));
#5730=DIRECTION('center_axis',(-8.137950910445E-16,1.,-2.05396993518674E-15));
#5731=DIRECTION('ref_axis',(1.11022302462518E-16,2.05396993518674E-15,1.));
#5732=DIRECTION('',(1.11022302462518E-16,2.05396993518674E-15,1.));
#5733=DIRECTION('',(-1.,-8.137950910445E-16,1.1102230246252E-16));
#5734=DIRECTION('',(1.11022302462518E-16,2.05396993518674E-15,1.));
#5735=DIRECTION('center_axis',(8.137950910445E-16,-1.,2.05396993518674E-15));
#5736=DIRECTION('ref_axis',(1.11022302462518E-16,2.05396993518674E-15,1.));
#5737=DIRECTION('',(1.,8.137950910445E-16,-1.1102230246252E-16));
#5738=DIRECTION('center_axis',(8.137950910445E-16,-1.,2.05396993518674E-15));
#5739=DIRECTION('ref_axis',(-1.11022302462518E-16,-2.05396993518674E-15,
-1.));
#5740=DIRECTION('',(1.62370117351429E-15,-2.05396993518674E-15,-1.));
#5741=DIRECTION('center_axis',(1.11022302462518E-16,2.05396993518674E-15,
1.));
#5742=DIRECTION('ref_axis',(8.137950910445E-16,-1.,2.05396993518674E-15));
#5743=DIRECTION('',(-1.,-8.137950910445E-16,1.1102230246252E-16));
#5744=DIRECTION('',(-8.137950910445E-16,1.,-2.05396993518674E-15));
#5745=DIRECTION('',(1.,8.137950910445E-16,-1.1102230246252E-16));
#5746=DIRECTION('',(-1.17900003335541E-15,1.,-2.05396993518674E-15));
#5747=DIRECTION('center_axis',(-1.,-1.17900003335541E-15,1.11022302462521E-16));
#5748=DIRECTION('ref_axis',(-1.17900003335541E-15,1.,-2.05396993518674E-15));
#5749=DIRECTION('',(-1.17900003335541E-15,1.,-2.05396993518674E-15));
#5750=DIRECTION('',(1.11022302462518E-16,2.05396993518674E-15,1.));
#5751=DIRECTION('',(1.17900003335541E-15,-1.,2.05396993518674E-15));
#5752=DIRECTION('',(-1.11022302462518E-16,-2.05396993518674E-15,-1.));
#5753=DIRECTION('center_axis',(1.11022302462518E-16,2.05396993518674E-15,
1.));
#5754=DIRECTION('ref_axis',(8.137950910445E-16,-1.,2.05396993518674E-15));
#5755=DIRECTION('',(-8.137950910445E-16,1.,-2.05396993518674E-15));
#5756=DIRECTION('',(1.,8.137950910445E-16,-1.1102230246252E-16));
#5757=DIRECTION('',(1.17900003335541E-15,-1.,2.05396993518674E-15));
#5758=DIRECTION('',(1.,8.137950910445E-16,-1.1102230246252E-16));
#5759=DIRECTION('',(-1.,-9.82349098974632E-16,1.11022302462521E-16));
#5760=DIRECTION('',(8.137950910445E-16,-1.,2.05396993518674E-15));
#5761=DIRECTION('',(1.,8.137950910445E-16,-1.1102230246252E-16));
#5762=DIRECTION('center_axis',(-1.11022302462518E-16,-2.05396993518674E-15,
-1.));
#5763=DIRECTION('ref_axis',(-9.62561748355751E-16,-1.,2.05396993518674E-15));
#5764=DIRECTION('',(-8.137950910445E-16,1.,-2.05396993518674E-15));
#5765=DIRECTION('center_axis',(-1.17900003335541E-15,1.,-2.05396993518674E-15));
#5766=DIRECTION('ref_axis',(1.,1.17900003335541E-15,-1.11022302462521E-16));
#5767=DIRECTION('center_axis',(-8.137950910445E-16,1.,-2.05396993518674E-15));
#5768=DIRECTION('ref_axis',(1.11022302462518E-16,2.05396993518674E-15,1.));
#5769=DIRECTION('center_axis',(8.137950910445E-16,-1.,2.05396993518674E-15));
#5770=DIRECTION('ref_axis',(1.11022302462518E-16,2.05396993518674E-15,1.));
#5771=DIRECTION('center_axis',(1.17900003335541E-15,-1.,2.05396993518674E-15));
#5772=DIRECTION('ref_axis',(-1.,-1.17900003335541E-15,1.11022302462521E-16));
#5773=DIRECTION('center_axis',(-8.137950910445E-16,1.,-2.05396993518674E-15));
#5774=DIRECTION('ref_axis',(1.11022302462518E-16,2.05396993518674E-15,1.));
#5775=DIRECTION('center_axis',(8.137950910445E-16,-1.,2.05396993518674E-15));
#5776=DIRECTION('ref_axis',(1.11022302462518E-16,2.05396993518674E-15,1.));
#5777=DIRECTION('center_axis',(-8.137950910445E-16,1.,-2.05396993518674E-15));
#5778=DIRECTION('ref_axis',(1.11022302462518E-16,2.05396993518674E-15,1.));
#5779=DIRECTION('',(1.62370117351429E-15,-2.05396993518674E-15,-1.));
#5780=DIRECTION('center_axis',(8.137950910445E-16,-1.,2.05396993518674E-15));
#5781=DIRECTION('ref_axis',(-1.11022302462518E-16,-2.05396993518674E-15,
-1.));
#5782=DIRECTION('',(1.,8.137950910445E-16,-1.1102230246252E-16));
#5783=DIRECTION('center_axis',(8.137950910445E-16,-1.,2.05396993518674E-15));
#5784=DIRECTION('ref_axis',(1.11022302462518E-16,2.05396993518674E-15,1.));
#5785=DIRECTION('',(1.11022302462518E-16,2.05396993518674E-15,1.));
#5786=DIRECTION('',(-1.,-8.137950910445E-16,-8.17247504237917E-17));
#5787=DIRECTION('',(-1.,-8.137950910445E-16,-8.17247504237917E-17));
#5788=DIRECTION('center_axis',(-8.137950910445E-16,1.,-2.05396993518674E-15));
#5789=DIRECTION('ref_axis',(1.11022302462518E-16,2.05396993518674E-15,1.));
#5790=DIRECTION('center_axis',(8.137950910445E-16,-1.,2.05396993518674E-15));
#5791=DIRECTION('ref_axis',(1.11022302462518E-16,2.05396993518674E-15,1.));
#5792=DIRECTION('',(-1.11022302462518E-16,-2.05396993518674E-15,-1.));
#5793=DIRECTION('center_axis',(8.137950910445E-16,-1.,2.05396993518674E-15));
#5794=DIRECTION('ref_axis',(1.11022302462518E-16,2.05396993518674E-15,1.));
#5795=DIRECTION('',(1.,8.137950910445E-16,-1.1102230246252E-16));
#5796=DIRECTION('',(-1.11022302462518E-16,-2.05396993518674E-15,-1.));
#5797=DIRECTION('center_axis',(-1.11022302462518E-16,-2.05396993518674E-15,
-1.));
#5798=DIRECTION('ref_axis',(-8.137950910445E-16,1.,-2.05396993518674E-15));
#5799=DIRECTION('center_axis',(-1.,-8.137950910445E-16,5.31981865966266E-17));
#5800=DIRECTION('ref_axis',(-5.31981865966249E-17,-2.05396993518674E-15,
-1.));
#5801=DIRECTION('',(5.31981865966249E-17,2.05396993518674E-15,1.));
#5802=DIRECTION('',(8.137950910445E-16,-1.,2.05396993518674E-15));
#5803=DIRECTION('',(-1.11022302462518E-16,-2.05396993518674E-15,-1.));
#5804=DIRECTION('',(8.137950910445E-16,-1.,2.05396993518674E-15));
#5805=DIRECTION('',(5.31981865966249E-17,2.05396993518674E-15,1.));
#5806=DIRECTION('',(-8.137950910445E-16,1.,-2.05396993518674E-15));
#5807=DIRECTION('center_axis',(1.,8.13795091044499E-16,-1.68846418328414E-16));
#5808=DIRECTION('ref_axis',(1.68846418328412E-16,2.05396993518674E-15,1.));
#5809=DIRECTION('',(-1.84574577843933E-15,-2.05396993518674E-15,-1.));
#5810=DIRECTION('',(-8.137950910445E-16,1.,-2.05396993518674E-15));
#5811=DIRECTION('',(8.137950910445E-16,-1.,2.05396993518674E-15));
#5812=DIRECTION('',(-1.68846418328412E-16,-2.05396993518674E-15,-1.));
#5813=DIRECTION('',(-8.137950910445E-16,1.,-2.05396993518674E-15));
#5814=DIRECTION('',(-1.68846418328412E-16,-2.05396993518674E-15,-1.));
#5815=DIRECTION('',(8.137950910445E-16,-1.,2.05396993518674E-15));
#5816=DIRECTION('center_axis',(8.137950910445E-16,-1.,2.05396993518674E-15));
#5817=DIRECTION('ref_axis',(-1.11022302462518E-16,-2.05396993518674E-15,
-1.));
#5818=DIRECTION('',(1.,8.137950910445E-16,-1.1102230246252E-16));
#5819=DIRECTION('center_axis',(8.137950910445E-16,-1.,2.05396993518674E-15));
#5820=DIRECTION('ref_axis',(-1.11022302462518E-16,-2.05396993518674E-15,
-1.));
#5821=DIRECTION('center_axis',(8.137950910445E-16,-1.,2.05396993518674E-15));
#5822=DIRECTION('ref_axis',(-1.11022302462518E-16,-2.05396993518674E-15,
-1.));
#5823=DIRECTION('center_axis',(8.137950910445E-16,-1.,2.05396993518674E-15));
#5824=DIRECTION('ref_axis',(-1.11022302462518E-16,-2.05396993518674E-15,
-1.));
#5825=DIRECTION('center_axis',(8.137950910445E-16,-1.,2.05396993518674E-15));
#5826=DIRECTION('ref_axis',(-1.11022302462518E-16,-2.05396993518674E-15,
-1.));
#5827=DIRECTION('center_axis',(8.137950910445E-16,-1.,2.05396993518674E-15));
#5828=DIRECTION('ref_axis',(-1.11022302462518E-16,-2.05396993518674E-15,
-1.));
#5829=DIRECTION('',(1.,8.137950910445E-16,-1.1102230246252E-16));
#5830=DIRECTION('center_axis',(8.137950910445E-16,-1.,2.05396993518674E-15));
#5831=DIRECTION('ref_axis',(-1.11022302462518E-16,-2.05396993518674E-15,
-1.));
#5832=DIRECTION('center_axis',(8.137950910445E-16,-1.,2.05396993518674E-15));
#5833=DIRECTION('ref_axis',(-1.11022302462518E-16,-2.05396993518674E-15,
-1.));
#5834=DIRECTION('center_axis',(-8.137950910445E-16,1.,-2.05396993518674E-15));
#5835=DIRECTION('ref_axis',(4.55531587302279E-16,-2.05396993518674E-15,
-1.));
#5836=DIRECTION('center_axis',(8.137950910445E-16,-1.,2.05396993518674E-15));
#5837=DIRECTION('ref_axis',(-1.11022302462518E-16,-2.05396993518674E-15,
-1.));
#5838=DIRECTION('center_axis',(8.137950910445E-16,-1.,2.05396993518674E-15));
#5839=DIRECTION('ref_axis',(-1.11022302462518E-16,-2.05396993518674E-15,
-1.));
#5840=DIRECTION('',(8.137950910445E-16,-1.,2.05396993518674E-15));
#5841=DIRECTION('center_axis',(-1.11022302462518E-16,-2.05396993518674E-15,
-1.));
#5842=DIRECTION('ref_axis',(-8.137950910445E-16,1.,-2.05396993518674E-15));
#5843=DIRECTION('',(8.137950910445E-16,-1.,2.05396993518674E-15));
#5844=DIRECTION('center_axis',(8.137950910445E-16,-1.,2.05396993518674E-15));
#5845=DIRECTION('ref_axis',(-1.11022302462518E-16,-2.05396993518674E-15,
-1.));
#5846=DIRECTION('center_axis',(8.137950910445E-16,-1.,2.05396993518674E-15));
#5847=DIRECTION('ref_axis',(-1.11022302462518E-16,-2.05396993518674E-15,
-1.));
#5848=DIRECTION('',(8.137950910445E-16,-1.,2.05396993518674E-15));
#5849=DIRECTION('center_axis',(-1.11022302462518E-16,-2.05396993518674E-15,
-1.));
#5850=DIRECTION('ref_axis',(-8.137950910445E-16,1.,-2.05396993518674E-15));
#5851=DIRECTION('',(8.137950910445E-16,-1.,2.05396993518674E-15));
#5852=DIRECTION('center_axis',(8.137950910445E-16,-1.,2.05396993518674E-15));
#5853=DIRECTION('ref_axis',(-1.11022302462518E-16,-2.05396993518674E-15,
-1.));
#5854=DIRECTION('center_axis',(-1.11022302462518E-16,-2.05396993518674E-15,
-1.));
#5855=DIRECTION('ref_axis',(-8.137950910445E-16,1.,-2.05396993518674E-15));
#5856=DIRECTION('center_axis',(-1.11022302462518E-16,-2.05396993518674E-15,
-1.));
#5857=DIRECTION('ref_axis',(-9.62561748355751E-16,-1.,2.05396993518674E-15));
#5858=DIRECTION('center_axis',(9.82349098974632E-16,-1.,2.05396993518674E-15));
#5859=DIRECTION('ref_axis',(-1.,-9.82349098974632E-16,1.11022302462521E-16));
#5860=DIRECTION('',(-1.11022302462518E-16,-2.05396993518674E-15,-1.));
#5861=DIRECTION('center_axis',(-9.82349098974632E-16,1.,-2.05396993518674E-15));
#5862=DIRECTION('ref_axis',(-1.,-9.82349098974632E-16,1.11022302462521E-16));
#5863=DIRECTION('',(-1.,-9.82349098974632E-16,1.11022302462521E-16));
#5864=DIRECTION('center_axis',(-9.82349098974632E-16,1.,-2.05396993518674E-15));
#5865=DIRECTION('ref_axis',(-1.,-9.82349098974632E-16,1.11022302462521E-16));
#5866=DIRECTION('center_axis',(1.,8.137950910445E-16,-1.1102230246252E-16));
#5867=DIRECTION('ref_axis',(8.137950910445E-16,-1.,2.05396993518674E-15));
#5868=DIRECTION('',(-8.137950910445E-16,1.,-2.05396993518674E-15));
#5869=DIRECTION('',(8.137950910445E-16,-1.,2.05396993518674E-15));
#5870=DIRECTION('center_axis',(1.11022302462518E-16,2.05396993518674E-15,
1.));
#5871=DIRECTION('ref_axis',(8.137950910445E-16,-1.,2.05396993518674E-15));
#5872=DIRECTION('',(-8.137950910445E-16,1.,-2.05396993518674E-15));
#5873=DIRECTION('center_axis',(-8.137950910445E-16,1.,-2.05396993518674E-15));
#5874=DIRECTION('ref_axis',(1.11022302462518E-16,2.05396993518674E-15,1.));
#5875=DIRECTION('center_axis',(8.137950910445E-16,-1.,2.05396993518674E-15));
#5876=DIRECTION('ref_axis',(-1.11022302462518E-16,-2.05396993518674E-15,
-1.));
#5877=DIRECTION('center_axis',(-1.,-8.137950910445E-16,1.1102230246252E-16));
#5878=DIRECTION('ref_axis',(-8.137950910445E-16,1.,-2.05396993518674E-15));
#5879=DIRECTION('',(-8.137950910445E-16,1.,-2.05396993518674E-15));
#5880=DIRECTION('',(1.11022302462518E-16,2.05396993518674E-15,1.));
#5881=DIRECTION('center_axis',(-8.137950910445E-16,1.,-2.05396993518674E-15));
#5882=DIRECTION('ref_axis',(1.11022302462518E-16,2.05396993518674E-15,1.));
#5883=DIRECTION('center_axis',(-8.137950910445E-16,1.,-2.05396993518674E-15));
#5884=DIRECTION('ref_axis',(1.11022302462518E-16,2.05396993518674E-15,1.));
#5885=DIRECTION('center_axis',(-8.137950910445E-16,1.,-2.05396993518674E-15));
#5886=DIRECTION('ref_axis',(1.11022302462518E-16,2.05396993518674E-15,1.));
#5887=DIRECTION('center_axis',(-2.38593934641951E-15,1.,-1.78787222768455E-15));
#5888=DIRECTION('ref_axis',(-0.56040435021062,1.43659231792179E-16,0.828219152317195));
#5889=DIRECTION('center_axis',(-2.38593934641951E-15,1.,-1.78787222768455E-15));
#5890=DIRECTION('ref_axis',(-0.56040435021062,1.43659231792179E-16,0.828219152317195));
#5891=DIRECTION('',(-0.236837112358148,-0.906307787036474,0.350020538492963));
#5892=DIRECTION('center_axis',(-2.38593934641951E-15,1.,-1.78787222768455E-15));
#5893=DIRECTION('ref_axis',(-0.56040435021062,1.43659231792179E-16,0.828219152317195));
#5894=DIRECTION('center_axis',(2.38593934641951E-15,-1.,1.78787222768455E-15));
#5895=DIRECTION('ref_axis',(-0.56040435021062,1.43659231792179E-16,0.828219152317195));
#5896=DIRECTION('center_axis',(-2.38593934641951E-15,1.,-1.78787222768455E-15));
#5897=DIRECTION('ref_axis',(-0.56040435021062,1.43659231792179E-16,0.828219152317195));
#5898=DIRECTION('',(0.236837112358153,-0.906307787036474,-0.35002053849296));
#5899=DIRECTION('center_axis',(-2.38593934641951E-15,1.,-1.78787222768455E-15));
#5900=DIRECTION('ref_axis',(-0.56040435021062,1.43659231792179E-16,0.828219152317195));
#5901=DIRECTION('center_axis',(2.38593934641951E-15,-1.,1.78787222768455E-15));
#5902=DIRECTION('ref_axis',(-0.56040435021062,1.43659231792179E-16,0.828219152317195));
#5903=DIRECTION('',(-2.38593934641951E-15,1.,-1.78787222768455E-15));
#5904=DIRECTION('center_axis',(-2.38593934641951E-15,1.,-1.78787222768455E-15));
#5905=DIRECTION('ref_axis',(-0.56040435021062,1.43659231792179E-16,0.828219152317195));
#5906=DIRECTION('center_axis',(2.38593934641951E-15,-1.,1.78787222768455E-15));
#5907=DIRECTION('ref_axis',(-0.56040435021062,1.43659231792179E-16,0.828219152317195));
#5908=DIRECTION('center_axis',(-2.38593934641951E-15,1.,-1.78787222768455E-15));
#5909=DIRECTION('ref_axis',(-0.56040435021062,1.43659231792179E-16,0.828219152317195));
#5910=DIRECTION('',(2.38593934641951E-15,-1.,1.78787222768455E-15));
#5911=DIRECTION('center_axis',(-2.38593934641951E-15,1.,-1.78787222768455E-15));
#5912=DIRECTION('ref_axis',(-0.56040435021062,1.43659231792179E-16,0.828219152317195));
#5913=DIRECTION('',(0.236837112358148,0.906307787036474,-0.350020538492963));
#5914=DIRECTION('center_axis',(-2.38593934641951E-15,1.,-1.78787222768455E-15));
#5915=DIRECTION('ref_axis',(-0.56040435021062,1.43659231792179E-16,0.828219152317195));
#5916=DIRECTION('center_axis',(-2.38593934641951E-15,1.,-1.78787222768455E-15));
#5917=DIRECTION('ref_axis',(-0.560404350210619,1.21119643400686E-16,0.828219152317196));
#5918=DIRECTION('center_axis',(2.38593934641951E-15,-1.,1.78787222768455E-15));
#5919=DIRECTION('ref_axis',(-0.56040435021062,1.43659231792178E-16,0.828219152317195));
#5920=DIRECTION('center_axis',(0.828219152317193,2.97801203698698E-15,0.560404350210622));
#5921=DIRECTION('ref_axis',(0.560404350210622,-1.51399554250858E-16,-0.828219152317193));
#5922=DIRECTION('center_axis',(2.38593934641951E-15,-1.,1.78787222768455E-15));
#5923=DIRECTION('ref_axis',(-0.56040435021062,1.43659231792178E-16,0.828219152317195));
#5924=DIRECTION('center_axis',(2.38593934641951E-15,-1.,1.78787222768455E-15));
#5925=DIRECTION('ref_axis',(-0.56040435021062,1.43659231792179E-16,0.828219152317195));
#5926=DIRECTION('',(-2.38593934641951E-15,1.,-1.78787222768455E-15));
#5927=DIRECTION('center_axis',(-2.38593934641951E-15,1.,-1.78787222768455E-15));
#5928=DIRECTION('ref_axis',(-0.56040435021062,1.43659231792179E-16,0.828219152317195));
#5929=DIRECTION('center_axis',(2.38593934641951E-15,-1.,1.78787222768455E-15));
#5930=DIRECTION('ref_axis',(-0.56040435021062,1.43659231792179E-16,0.828219152317195));
#5931=DIRECTION('',(-0.280202175105167,0.866025403784588,0.414109576158381));
#5932=DIRECTION('center_axis',(-2.38593934641951E-15,1.,-1.78787222768455E-15));
#5933=DIRECTION('ref_axis',(-0.56040435021062,1.43659231792179E-16,0.828219152317195));
#5934=DIRECTION('center_axis',(-2.38593934641951E-15,1.,-1.78787222768455E-15));
#5935=DIRECTION('ref_axis',(-0.56040435021062,1.43659231792179E-16,0.828219152317195));
#5936=DIRECTION('center_axis',(-2.38593934641951E-15,1.,-1.78787222768455E-15));
#5937=DIRECTION('ref_axis',(-0.56040435021062,1.43659231792179E-16,0.828219152317195));
#5938=DIRECTION('center_axis',(-2.38593934641951E-15,1.,-1.78787222768455E-15));
#5939=DIRECTION('ref_axis',(-0.56040435021062,1.43659231792179E-16,0.828219152317195));
#5940=DIRECTION('center_axis',(8.93436749373668E-16,-1.,2.05009861322175E-15));
#5941=DIRECTION('ref_axis',(-0.806199216304574,4.92640884815681E-16,0.591644169775965));
#5942=DIRECTION('center_axis',(-8.93436749373668E-16,1.,-2.05009861322175E-15));
#5943=DIRECTION('ref_axis',(-0.806199216304574,4.92640884815681E-16,0.591644169775965));
#5944=DIRECTION('',(-8.93436749373668E-16,1.,-2.05009861322175E-15));
#5945=DIRECTION('center_axis',(-8.93436749373668E-16,1.,-2.05009861322175E-15));
#5946=DIRECTION('ref_axis',(-0.806199216304574,4.92640884815681E-16,0.591644169775965));
#5947=DIRECTION('center_axis',(8.93436749373668E-16,-1.,2.05009861322175E-15));
#5948=DIRECTION('ref_axis',(-0.806199216304574,4.92640884815681E-16,0.591644169775965));
#5949=DIRECTION('center_axis',(-8.93436749373668E-16,1.,-2.05009861322175E-15));
#5950=DIRECTION('ref_axis',(-0.806199216304574,4.92640884815681E-16,0.591644169775965));
#5951=DIRECTION('',(8.93436749373668E-16,-1.,2.05009861322175E-15));
#5952=DIRECTION('center_axis',(-8.93436749373668E-16,1.,-2.05009861322175E-15));
#5953=DIRECTION('ref_axis',(-0.806199216304574,4.92640884815681E-16,0.591644169775965));
#5954=DIRECTION('center_axis',(8.93436749373668E-16,-1.,2.05009861322175E-15));
#5955=DIRECTION('ref_axis',(-0.806199216304574,4.92640884815681E-16,0.591644169775965));
#5956=DIRECTION('center_axis',(8.93436749373668E-16,-1.,2.05009861322175E-15));
#5957=DIRECTION('ref_axis',(-0.806199216304574,4.92640884815681E-16,0.591644169775965));
#5958=DIRECTION('',(8.93436749373668E-16,-1.,2.05009861322175E-15));
#5959=DIRECTION('center_axis',(8.93436749373668E-16,-1.,2.05009861322175E-15));
#5960=DIRECTION('ref_axis',(-0.806199216304574,4.92640884815681E-16,0.591644169775965));
#5961=DIRECTION('center_axis',(-8.93436749373668E-16,1.,-2.05009861322175E-15));
#5962=DIRECTION('ref_axis',(-0.806199216304574,4.92640884815681E-16,0.591644169775965));
#5963=DIRECTION('center_axis',(-8.93436749373668E-16,1.,-2.05009861322175E-15));
#5964=DIRECTION('ref_axis',(-0.806199216304574,4.92640884815681E-16,0.591644169775965));
#5965=DIRECTION('center_axis',(-5.94611989050136E-16,-2.87620859767751E-15,
-1.));
#5966=DIRECTION('ref_axis',(-0.821270304480844,0.570539294858769,-1.15265285589049E-15));
#5967=DIRECTION('center_axis',(-5.94611989050136E-16,-2.87620859767751E-15,
-1.));
#5968=DIRECTION('ref_axis',(-0.821270304480844,0.570539294858769,-1.15265285589049E-15));
#5969=DIRECTION('',(5.94611989050136E-16,2.87620859767751E-15,1.));
#5970=DIRECTION('center_axis',(-5.94611989050136E-16,-2.87620859767751E-15,
-1.));
#5971=DIRECTION('ref_axis',(-0.821270304480844,0.570539294858769,-1.15265285589049E-15));
#5972=DIRECTION('center_axis',(-5.94611989050136E-16,-2.87620859767751E-15,
-1.));
#5973=DIRECTION('ref_axis',(-0.821270304480844,0.570539294858769,-1.15265285589049E-15));
#5974=DIRECTION('center_axis',(-5.94611989050136E-16,-2.87620859767751E-15,
-1.));
#5975=DIRECTION('ref_axis',(-0.821270304480844,0.570539294858769,-1.15265285589049E-15));
#5976=DIRECTION('',(5.94611989050136E-16,2.87620859767751E-15,1.));
#5977=DIRECTION('center_axis',(-5.94611989050136E-16,-2.87620859767751E-15,
-1.));
#5978=DIRECTION('ref_axis',(-0.821270304480844,0.570539294858769,-1.15265285589049E-15));
#5979=DIRECTION('center_axis',(-5.94611989050136E-16,-2.87620859767751E-15,
-1.));
#5980=DIRECTION('ref_axis',(-0.821270304480844,0.570539294858769,-1.15265285589049E-15));
#5981=DIRECTION('',(-0.410635152240418,0.285269647429384,0.866025403784441));
#5982=DIRECTION('center_axis',(-5.94611989050136E-16,-2.87620859767751E-15,
-1.));
#5983=DIRECTION('ref_axis',(-0.821270304480844,0.570539294858769,-1.15265285589049E-15));
#5984=DIRECTION('center_axis',(5.94611989050136E-16,2.87620859767751E-15,
1.));
#5985=DIRECTION('ref_axis',(0.821270304480844,-0.570539294858769,1.15265285589049E-15));
#5986=DIRECTION('center_axis',(5.94611989050136E-16,2.87620859767751E-15,
1.));
#5987=DIRECTION('ref_axis',(0.821270304480844,-0.570539294858769,1.15265285589049E-15));
#5988=DIRECTION('center_axis',(-5.94611989050136E-16,-2.87620859767751E-15,
-1.));
#5989=DIRECTION('ref_axis',(-0.821270304480844,0.570539294858769,-1.15265285589049E-15));
#5990=DIRECTION('center_axis',(9.62091118069126E-16,2.57036633611899E-15,
1.));
#5991=DIRECTION('ref_axis',(-0.540085882392439,0.841609909423826,-1.64363394888287E-15));
#5992=DIRECTION('center_axis',(9.62091118069126E-16,2.57036633611899E-15,
1.));
#5993=DIRECTION('ref_axis',(-0.540085882392439,0.841609909423826,-1.64363394888287E-15));
#5994=DIRECTION('',(-9.62091118069126E-16,-2.57036633611899E-15,-1.));
#5995=DIRECTION('center_axis',(9.62091118069126E-16,2.57036633611899E-15,
1.));
#5996=DIRECTION('ref_axis',(-0.540085882392439,0.841609909423826,-1.64363394888287E-15));
#5997=DIRECTION('center_axis',(9.62091118069126E-16,2.57036633611899E-15,
1.));
#5998=DIRECTION('ref_axis',(-0.540085882392439,0.841609909423826,-1.64363394888287E-15));
#5999=DIRECTION('center_axis',(9.62091118069126E-16,2.57036633611899E-15,
1.));
#6000=DIRECTION('ref_axis',(-0.540085882392439,0.841609909423826,-1.64363394888287E-15));
#6001=DIRECTION('',(-9.62091118069126E-16,-2.57036633611899E-15,-1.));
#6002=DIRECTION('center_axis',(9.62091118069126E-16,2.57036633611899E-15,
1.));
#6003=DIRECTION('ref_axis',(-0.540085882392438,0.841609909423826,-1.64363394888287E-15));
#6004=DIRECTION('center_axis',(9.62091118069126E-16,2.57036633611899E-15,
1.));
#6005=DIRECTION('ref_axis',(-0.540085882392438,0.841609909423826,-1.64363394888287E-15));
#6006=DIRECTION('',(-0.270042941196218,0.420804954711907,-0.866025403784442));
#6007=DIRECTION('center_axis',(9.62091118069126E-16,2.57036633611899E-15,
1.));
#6008=DIRECTION('ref_axis',(-0.540085882392439,0.841609909423826,-1.64363394888287E-15));
#6009=DIRECTION('center_axis',(-9.62091118069126E-16,-2.57036633611899E-15,
-1.));
#6010=DIRECTION('ref_axis',(0.540085882392439,-0.841609909423826,1.64363394888287E-15));
#6011=DIRECTION('center_axis',(-9.62091118069126E-16,-2.57036633611899E-15,
-1.));
#6012=DIRECTION('ref_axis',(0.540085882392439,-0.841609909423826,1.64363394888287E-15));
#6013=DIRECTION('center_axis',(9.62091118069126E-16,2.57036633611899E-15,
1.));
#6014=DIRECTION('ref_axis',(-0.540085882392439,0.841609909423826,-1.64363394888287E-15));
#6015=DIRECTION('center_axis',(-4.69896516139028E-16,1.,-2.12312414786865E-15));
#6016=DIRECTION('ref_axis',(-0.873723343723199,-1.44329637357662E-15,-0.486423188831651));
#6017=DIRECTION('center_axis',(-4.69896516139028E-16,1.,-2.12312414786865E-15));
#6018=DIRECTION('ref_axis',(-0.873723343723199,-1.44329637357662E-15,-0.486423188831651));
#6019=DIRECTION('',(4.69896516139028E-16,-1.,2.12312414786865E-15));
#6020=DIRECTION('center_axis',(-4.69896516139028E-16,1.,-2.12312414786865E-15));
#6021=DIRECTION('ref_axis',(-0.873723343723199,-1.44329637357662E-15,-0.486423188831651));
#6022=DIRECTION('center_axis',(-4.69896516139028E-16,1.,-2.12312414786865E-15));
#6023=DIRECTION('ref_axis',(-0.873723343723199,-1.44329637357662E-15,-0.486423188831651));
#6024=DIRECTION('',(-0.617815701227662,-0.707106781186545,-0.343953135349245));
#6025=DIRECTION('center_axis',(-4.69896516139028E-16,1.,-2.12312414786865E-15));
#6026=DIRECTION('ref_axis',(-0.873723343723199,-1.44329637357662E-15,-0.486423188831651));
#6027=DIRECTION('center_axis',(-4.69896516139028E-16,1.,-2.12312414786865E-15));
#6028=DIRECTION('ref_axis',(-0.873723343723199,-1.44329637357662E-15,-0.486423188831651));
#6029=DIRECTION('center_axis',(4.69896516139028E-16,-1.,2.12312414786865E-15));
#6030=DIRECTION('ref_axis',(0.873723343723199,1.44329637357662E-15,0.486423188831651));
#6031=DIRECTION('',(4.69896516139028E-16,-1.,2.12312414786865E-15));
#6032=DIRECTION('center_axis',(4.69896516139028E-16,-1.,2.12312414786865E-15));
#6033=DIRECTION('ref_axis',(0.873723343723199,1.44329637357662E-15,0.486423188831651));
#6034=DIRECTION('center_axis',(4.69896516139028E-16,-1.,2.12312414786865E-15));
#6035=DIRECTION('ref_axis',(0.873723343723199,1.44329637357662E-15,0.486423188831651));
#6036=DIRECTION('center_axis',(4.69896516139028E-16,-1.,2.12312414786865E-15));
#6037=DIRECTION('ref_axis',(0.873723343723199,1.44329637357662E-15,0.486423188831651));
#6038=DIRECTION('',(0.486423188831651,-1.62645456781403E-15,-0.873723343723199));
#6039=DIRECTION('',(0.999878205959599,4.36704040800295E-16,-0.0156068333435545));
#6040=DIRECTION('',(0.513455017127947,2.06315860861433E-15,0.858116510379645));
#6041=DIRECTION('',(-0.486423188831651,1.62645456781403E-15,0.873723343723199));
#6042=DIRECTION('',(-0.999878205959599,-4.36704040800295E-16,0.0156068333435545));
#6043=DIRECTION('',(-0.513455017127947,-2.06315860861433E-15,-0.858116510379645));
#6044=DIRECTION('center_axis',(4.69896516139028E-16,-1.,2.12312414786865E-15));
#6045=DIRECTION('ref_axis',(0.873723343723199,1.44329637357662E-15,0.486423188831651));
#6046=DIRECTION('center_axis',(0.0156068333435544,2.1301991606165E-15,0.999878205959599));
#6047=DIRECTION('ref_axis',(-0.999878205959599,-4.36704040800295E-16,0.0156068333435545));
#6048=DIRECTION('',(-4.69896516139028E-16,1.,-2.12312414786865E-15));
#6049=DIRECTION('',(0.999878205959599,4.36704040800295E-16,-0.0156068333435545));
#6050=DIRECTION('',(-4.69896516139028E-16,1.,-2.12312414786865E-15));
#6051=DIRECTION('center_axis',(-0.858116510379645,6.86902787039879E-16,
0.513455017127947));
#6052=DIRECTION('ref_axis',(-0.513455017127947,-2.06315860861433E-15,-0.858116510379645));
#6053=DIRECTION('',(0.513455017127947,2.06315860861433E-15,0.858116510379645));
#6054=DIRECTION('',(-4.69896516139028E-16,1.,-2.12312414786865E-15));
#6055=DIRECTION('center_axis',(-0.873723343723199,-1.44329637357662E-15,
-0.486423188831651));
#6056=DIRECTION('ref_axis',(0.486423188831651,-1.62645456781403E-15,-0.873723343723199));
#6057=DIRECTION('',(-0.486423188831651,1.62645456781403E-15,0.873723343723199));
#6058=DIRECTION('',(-4.69896516139028E-16,1.,-2.12312414786865E-15));
#6059=DIRECTION('center_axis',(-0.0156068333435544,-2.1301991606165E-15,
-0.999878205959599));
#6060=DIRECTION('ref_axis',(0.999878205959599,4.36704040800295E-16,-0.0156068333435545));
#6061=DIRECTION('',(-0.999878205959599,-4.36704040800295E-16,0.0156068333435545));
#6062=DIRECTION('',(-4.69896516139028E-16,1.,-2.12312414786865E-15));
#6063=DIRECTION('center_axis',(0.858116510379645,-6.8690278703988E-16,-0.513455017127947));
#6064=DIRECTION('ref_axis',(0.513455017127947,2.06315860861433E-15,0.858116510379645));
#6065=DIRECTION('',(-0.513455017127947,-2.06315860861433E-15,-0.858116510379645));
#6066=DIRECTION('',(-4.69896516139028E-16,1.,-2.12312414786865E-15));
#6067=DIRECTION('center_axis',(0.873723343723199,1.44329637357662E-15,0.486423188831651));
#6068=DIRECTION('ref_axis',(-0.486423188831651,1.62645456781403E-15,0.873723343723199));
#6069=DIRECTION('',(0.486423188831651,-1.62645456781403E-15,-0.873723343723199));
#6070=DIRECTION('center_axis',(-4.69896516139028E-16,1.,-2.12312414786865E-15));
#6071=DIRECTION('ref_axis',(-0.873723343723199,-1.44329637357662E-15,-0.486423188831651));
#6072=DIRECTION('center_axis',(-2.96599104049458E-16,1.,-2.0059254039999E-15));
#6073=DIRECTION('ref_axis',(-0.8737233437232,-1.23487419250745E-15,-0.486423188831651));
#6074=DIRECTION('center_axis',(-2.96599104049458E-16,1.,-2.0059254039999E-15));
#6075=DIRECTION('ref_axis',(-0.873723343723199,-1.23487419250745E-15,-0.486423188831651));
#6076=DIRECTION('',(2.96599104049458E-16,-1.,2.0059254039999E-15));
#6077=DIRECTION('center_axis',(-2.96599104049458E-16,1.,-2.0059254039999E-15));
#6078=DIRECTION('ref_axis',(-0.873723343723199,-1.23487419250745E-15,-0.486423188831651));
#6079=DIRECTION('center_axis',(-2.96599104049458E-16,1.,-2.0059254039999E-15));
#6080=DIRECTION('ref_axis',(-0.873723343723199,-1.23487419250745E-15,-0.486423188831651));
#6081=DIRECTION('',(-0.617815701227662,-0.707106781186545,-0.343953135349245));
#6082=DIRECTION('center_axis',(-2.96599104049458E-16,1.,-2.0059254039999E-15));
#6083=DIRECTION('ref_axis',(-0.873723343723199,-1.23487419250745E-15,-0.486423188831651));
#6084=DIRECTION('center_axis',(-2.96599104049458E-16,1.,-2.0059254039999E-15));
#6085=DIRECTION('ref_axis',(-0.873723343723199,-1.23487419250745E-15,-0.486423188831651));
#6086=DIRECTION('center_axis',(2.96599104049458E-16,-1.,2.0059254039999E-15));
#6087=DIRECTION('ref_axis',(0.873723343723199,1.23487419250745E-15,0.486423188831651));
#6088=DIRECTION('',(2.96599104049458E-16,-1.,2.0059254039999E-15));
#6089=DIRECTION('center_axis',(2.96599104049458E-16,-1.,2.0059254039999E-15));
#6090=DIRECTION('ref_axis',(0.873723343723199,1.23487419250745E-15,0.486423188831651));
#6091=DIRECTION('center_axis',(2.96599104049458E-16,-1.,2.0059254039999E-15));
#6092=DIRECTION('ref_axis',(0.873723343723199,1.23487419250745E-15,0.486423188831651));
#6093=DIRECTION('center_axis',(2.96599104049458E-16,-1.,2.0059254039999E-15));
#6094=DIRECTION('ref_axis',(0.873723343723199,1.23487419250745E-15,0.486423188831651));
#6095=DIRECTION('',(0.486423188831651,-1.60835116924576E-15,-0.873723343723199));
#6096=DIRECTION('',(0.999878205959599,2.65256836566367E-16,-0.0156068333435551));
#6097=DIRECTION('',(0.513455017127948,1.87360800581212E-15,0.858116510379645));
#6098=DIRECTION('',(-0.486423188831651,1.60835116924575E-15,0.873723343723199));
#6099=DIRECTION('',(-0.999878205959599,-2.65256836566367E-16,0.015606833343555));
#6100=DIRECTION('',(-0.513455017127948,-1.87360800581212E-15,-0.858116510379645));
#6101=DIRECTION('center_axis',(2.96599104049458E-16,-1.,2.0059254039999E-15));
#6102=DIRECTION('ref_axis',(0.873723343723199,1.23487419250745E-15,0.486423188831651));
#6103=DIRECTION('center_axis',(0.0156068333435549,2.01031006702695E-15,
0.999878205959599));
#6104=DIRECTION('ref_axis',(-0.999878205959599,-2.65256836566367E-16,0.0156068333435549));
#6105=DIRECTION('',(-2.96599104049458E-16,1.,-2.0059254039999E-15));
#6106=DIRECTION('',(0.999878205959599,2.65256836566367E-16,-0.0156068333435551));
#6107=DIRECTION('',(-2.96599104049458E-16,1.,-2.0059254039999E-15));
#6108=DIRECTION('center_axis',(-0.858116510379645,7.75435874519504E-16,
0.513455017127948));
#6109=DIRECTION('ref_axis',(-0.513455017127948,-1.87360800581212E-15,-0.858116510379645));
#6110=DIRECTION('',(0.513455017127948,1.87360800581212E-15,0.858116510379645));
#6111=DIRECTION('',(-2.96599104049458E-16,1.,-2.0059254039999E-15));
#6112=DIRECTION('center_axis',(-0.873723343723199,-1.23487419250745E-15,
-0.486423188831651));
#6113=DIRECTION('ref_axis',(0.486423188831651,-1.60835116924575E-15,-0.873723343723199));
#6114=DIRECTION('',(-0.486423188831651,1.60835116924575E-15,0.873723343723199));
#6115=DIRECTION('',(-2.96599104049458E-16,1.,-2.0059254039999E-15));
#6116=DIRECTION('center_axis',(-0.0156068333435549,-2.01031006702695E-15,
-0.999878205959599));
#6117=DIRECTION('ref_axis',(0.999878205959599,2.65256836566367E-16,-0.0156068333435549));
#6118=DIRECTION('',(-0.999878205959599,-2.65256836566367E-16,0.015606833343555));
#6119=DIRECTION('',(-2.96599104049458E-16,1.,-2.0059254039999E-15));
#6120=DIRECTION('center_axis',(0.858116510379645,-7.75435874519505E-16,
-0.513455017127948));
#6121=DIRECTION('ref_axis',(0.513455017127948,1.87360800581212E-15,0.858116510379645));
#6122=DIRECTION('',(-0.513455017127948,-1.87360800581212E-15,-0.858116510379645));
#6123=DIRECTION('',(-2.96599104049458E-16,1.,-2.0059254039999E-15));
#6124=DIRECTION('center_axis',(0.8737233437232,1.23487419250745E-15,0.486423188831651));
#6125=DIRECTION('ref_axis',(-0.486423188831651,1.60835116924576E-15,0.873723343723199));
#6126=DIRECTION('',(0.486423188831651,-1.60835116924576E-15,-0.873723343723199));
#6127=DIRECTION('center_axis',(-2.96599104049458E-16,1.,-2.0059254039999E-15));
#6128=DIRECTION('ref_axis',(-0.873723343723199,-1.23487419250745E-15,-0.486423188831651));
#6129=DIRECTION('center_axis',(-4.69896516139028E-16,1.,-2.12312414786865E-15));
#6130=DIRECTION('ref_axis',(-0.873723343723199,-1.44329637357662E-15,-0.486423188831651));
#6131=DIRECTION('center_axis',(-4.69896516139028E-16,1.,-2.12312414786865E-15));
#6132=DIRECTION('ref_axis',(-0.873723343723199,-1.44329637357662E-15,-0.486423188831651));
#6133=DIRECTION('',(4.69896516139028E-16,-1.,2.12312414786865E-15));
#6134=DIRECTION('center_axis',(-4.69896516139028E-16,1.,-2.12312414786865E-15));
#6135=DIRECTION('ref_axis',(-0.873723343723199,-1.44329637357662E-15,-0.486423188831651));
#6136=DIRECTION('center_axis',(-4.69896516139028E-16,1.,-2.12312414786865E-15));
#6137=DIRECTION('ref_axis',(-0.873723343723199,-1.44329637357662E-15,-0.486423188831651));
#6138=DIRECTION('',(-0.617815701227662,-0.707106781186545,-0.343953135349245));
#6139=DIRECTION('center_axis',(-4.69896516139028E-16,1.,-2.12312414786865E-15));
#6140=DIRECTION('ref_axis',(-0.873723343723199,-1.44329637357662E-15,-0.486423188831651));
#6141=DIRECTION('center_axis',(-4.69896516139028E-16,1.,-2.12312414786865E-15));
#6142=DIRECTION('ref_axis',(-0.873723343723199,-1.44329637357662E-15,-0.486423188831651));
#6143=DIRECTION('center_axis',(4.69896516139028E-16,-1.,2.12312414786865E-15));
#6144=DIRECTION('ref_axis',(0.873723343723199,1.44329637357662E-15,0.486423188831651));
#6145=DIRECTION('',(4.69896516139028E-16,-1.,2.12312414786865E-15));
#6146=DIRECTION('center_axis',(4.69896516139028E-16,-1.,2.12312414786865E-15));
#6147=DIRECTION('ref_axis',(0.873723343723199,1.44329637357662E-15,0.486423188831651));
#6148=DIRECTION('center_axis',(4.69896516139028E-16,-1.,2.12312414786865E-15));
#6149=DIRECTION('ref_axis',(0.873723343723199,1.44329637357662E-15,0.486423188831651));
#6150=DIRECTION('center_axis',(4.69896516139028E-16,-1.,2.12312414786865E-15));
#6151=DIRECTION('ref_axis',(0.873723343723199,1.44329637357662E-15,0.486423188831651));
#6152=DIRECTION('',(0.486423188831651,-1.62645456781403E-15,-0.873723343723199));
#6153=DIRECTION('',(0.999878205959599,4.36704040800295E-16,-0.0156068333435545));
#6154=DIRECTION('',(0.513455017127947,2.06315860861433E-15,0.858116510379645));
#6155=DIRECTION('',(-0.486423188831651,1.62645456781403E-15,0.873723343723199));
#6156=DIRECTION('',(-0.999878205959599,-4.36704040800295E-16,0.0156068333435545));
#6157=DIRECTION('',(-0.513455017127947,-2.06315860861433E-15,-0.858116510379645));
#6158=DIRECTION('center_axis',(4.69896516139028E-16,-1.,2.12312414786865E-15));
#6159=DIRECTION('ref_axis',(0.873723343723199,1.44329637357662E-15,0.486423188831651));
#6160=DIRECTION('center_axis',(0.0156068333435544,2.1301991606165E-15,0.999878205959599));
#6161=DIRECTION('ref_axis',(-0.999878205959599,-4.36704040800295E-16,0.0156068333435545));
#6162=DIRECTION('',(-4.69896516139028E-16,1.,-2.12312414786865E-15));
#6163=DIRECTION('',(0.999878205959599,4.36704040800295E-16,-0.0156068333435545));
#6164=DIRECTION('',(-4.69896516139028E-16,1.,-2.12312414786865E-15));
#6165=DIRECTION('center_axis',(-0.858116510379645,6.86902787039879E-16,
0.513455017127947));
#6166=DIRECTION('ref_axis',(-0.513455017127947,-2.06315860861433E-15,-0.858116510379645));
#6167=DIRECTION('',(0.513455017127947,2.06315860861433E-15,0.858116510379645));
#6168=DIRECTION('',(-4.69896516139028E-16,1.,-2.12312414786865E-15));
#6169=DIRECTION('center_axis',(-0.873723343723199,-1.44329637357662E-15,
-0.486423188831651));
#6170=DIRECTION('ref_axis',(0.486423188831651,-1.62645456781403E-15,-0.873723343723199));
#6171=DIRECTION('',(-0.486423188831651,1.62645456781403E-15,0.873723343723199));
#6172=DIRECTION('',(-4.69896516139028E-16,1.,-2.12312414786865E-15));
#6173=DIRECTION('center_axis',(-0.0156068333435544,-2.1301991606165E-15,
-0.999878205959599));
#6174=DIRECTION('ref_axis',(0.999878205959599,4.36704040800295E-16,-0.0156068333435545));
#6175=DIRECTION('',(-0.999878205959599,-4.36704040800295E-16,0.0156068333435545));
#6176=DIRECTION('',(-4.69896516139028E-16,1.,-2.12312414786865E-15));
#6177=DIRECTION('center_axis',(0.858116510379645,-6.8690278703988E-16,-0.513455017127947));
#6178=DIRECTION('ref_axis',(0.513455017127947,2.06315860861433E-15,0.858116510379645));
#6179=DIRECTION('',(-0.513455017127947,-2.06315860861433E-15,-0.858116510379645));
#6180=DIRECTION('',(-4.69896516139028E-16,1.,-2.12312414786865E-15));
#6181=DIRECTION('center_axis',(0.873723343723199,1.44329637357662E-15,0.486423188831651));
#6182=DIRECTION('ref_axis',(-0.486423188831651,1.62645456781403E-15,0.873723343723199));
#6183=DIRECTION('',(0.486423188831651,-1.62645456781403E-15,-0.873723343723199));
#6184=DIRECTION('center_axis',(-4.69896516139028E-16,1.,-2.12312414786865E-15));
#6185=DIRECTION('ref_axis',(-0.873723343723199,-1.44329637357662E-15,-0.486423188831651));
#6186=DIRECTION('center_axis',(-2.338586562843E-16,1.,-2.232742191465E-15));
#6187=DIRECTION('ref_axis',(-0.8737233437232,-1.2903853437387E-15,-0.486423188831651));
#6188=DIRECTION('center_axis',(-2.338586562843E-16,1.,-2.232742191465E-15));
#6189=DIRECTION('ref_axis',(-0.8737233437232,-1.2903853437387E-15,-0.486423188831651));
#6190=DIRECTION('',(2.338586562843E-16,-1.,2.232742191465E-15));
#6191=DIRECTION('center_axis',(-2.338586562843E-16,1.,-2.232742191465E-15));
#6192=DIRECTION('ref_axis',(-0.873723343723199,-1.2903853437387E-15,-0.486423188831651));
#6193=DIRECTION('center_axis',(-2.338586562843E-16,1.,-2.232742191465E-15));
#6194=DIRECTION('ref_axis',(-0.873723343723199,-1.2903853437387E-15,-0.486423188831651));
#6195=DIRECTION('',(-0.617815701227662,-0.707106781186545,-0.343953135349245));
#6196=DIRECTION('center_axis',(-2.338586562843E-16,1.,-2.232742191465E-15));
#6197=DIRECTION('ref_axis',(-0.8737233437232,-1.2903853437387E-15,-0.486423188831651));
#6198=DIRECTION('center_axis',(-2.338586562843E-16,1.,-2.232742191465E-15));
#6199=DIRECTION('ref_axis',(-0.873723343723199,-1.2903853437387E-15,-0.486423188831651));
#6200=DIRECTION('center_axis',(2.338586562843E-16,-1.,2.232742191465E-15));
#6201=DIRECTION('ref_axis',(0.873723343723199,1.2903853437387E-15,0.486423188831651));
#6202=DIRECTION('',(2.338586562843E-16,-1.,2.232742191465E-15));
#6203=DIRECTION('center_axis',(2.338586562843E-16,-1.,2.232742191465E-15));
#6204=DIRECTION('ref_axis',(0.873723343723199,1.2903853437387E-15,0.486423188831651));
#6205=DIRECTION('center_axis',(2.338586562843E-16,-1.,2.232742191465E-15));
#6206=DIRECTION('ref_axis',(0.8737233437232,1.2903853437387E-15,0.486423188831651));
#6207=DIRECTION('center_axis',(2.338586562843E-16,-1.,2.232742191465E-15));
#6208=DIRECTION('ref_axis',(0.8737233437232,1.2903853437387E-15,0.486423188831651));
#6209=DIRECTION('',(0.486423188831651,-1.83704469987297E-15,-0.8737233437232));
#6210=DIRECTION('',(0.999878205959599,1.98984138412351E-16,-0.0156068333435551));
#6211=DIRECTION('',(0.513455017127948,2.03602883828532E-15,0.858116510379645));
#6212=DIRECTION('',(-0.486423188831651,1.83704469987296E-15,0.873723343723199));
#6213=DIRECTION('',(-0.999878205959599,-1.98984138412351E-16,0.015606833343555));
#6214=DIRECTION('',(-0.513455017127948,-2.03602883828532E-15,-0.858116510379645));
#6215=DIRECTION('center_axis',(2.338586562843E-16,-1.,2.232742191465E-15));
#6216=DIRECTION('ref_axis',(0.8737233437232,1.2903853437387E-15,0.486423188831651));
#6217=DIRECTION('center_axis',(0.0156068333435551,2.2361200498469E-15,0.999878205959599));
#6218=DIRECTION('ref_axis',(-0.999878205959599,-1.98984138412351E-16,0.015606833343555));
#6219=DIRECTION('',(-2.338586562843E-16,1.,-2.23274219146499E-15));
#6220=DIRECTION('',(0.999878205959599,1.98984138412351E-16,-0.0156068333435551));
#6221=DIRECTION('',(-2.338586562843E-16,1.,-2.23274219146499E-15));
#6222=DIRECTION('center_axis',(-0.858116510379645,9.45734706108195E-16,
0.513455017127948));
#6223=DIRECTION('ref_axis',(-0.513455017127948,-2.03602883828532E-15,-0.858116510379645));
#6224=DIRECTION('',(0.513455017127948,2.03602883828532E-15,0.858116510379645));
#6225=DIRECTION('',(-2.338586562843E-16,1.,-2.23274219146499E-15));
#6226=DIRECTION('center_axis',(-0.873723343723199,-1.2903853437387E-15,
-0.486423188831651));
#6227=DIRECTION('ref_axis',(0.486423188831651,-1.83704469987297E-15,-0.873723343723199));
#6228=DIRECTION('',(-0.486423188831651,1.83704469987296E-15,0.873723343723199));
#6229=DIRECTION('',(-2.338586562843E-16,1.,-2.23274219146499E-15));
#6230=DIRECTION('center_axis',(-0.0156068333435551,-2.2361200498469E-15,
-0.999878205959599));
#6231=DIRECTION('ref_axis',(0.999878205959599,1.98984138412351E-16,-0.015606833343555));
#6232=DIRECTION('',(-0.999878205959599,-1.98984138412351E-16,0.015606833343555));
#6233=DIRECTION('',(-2.338586562843E-16,1.,-2.23274219146499E-15));
#6234=DIRECTION('center_axis',(0.858116510379645,-9.45734706108195E-16,
-0.513455017127948));
#6235=DIRECTION('ref_axis',(0.513455017127948,2.03602883828532E-15,0.858116510379644));
#6236=DIRECTION('',(-0.513455017127948,-2.03602883828532E-15,-0.858116510379645));
#6237=DIRECTION('',(-2.338586562843E-16,1.,-2.23274219146499E-15));
#6238=DIRECTION('center_axis',(0.8737233437232,1.2903853437387E-15,0.486423188831651));
#6239=DIRECTION('ref_axis',(-0.486423188831651,1.83704469987297E-15,0.8737233437232));
#6240=DIRECTION('',(0.486423188831651,-1.83704469987297E-15,-0.8737233437232));
#6241=DIRECTION('center_axis',(-2.338586562843E-16,1.,-2.232742191465E-15));
#6242=DIRECTION('ref_axis',(-0.8737233437232,-1.2903853437387E-15,-0.486423188831651));
#6243=DIRECTION('center_axis',(-7.54710646371974E-16,1.,-2.08036962221676E-15));
#6244=DIRECTION('ref_axis',(-0.736542672676456,-1.96302004941391E-15,-0.676391078686452));
#6245=DIRECTION('center_axis',(-7.54710646371974E-16,1.,-2.08036962221676E-15));
#6246=DIRECTION('ref_axis',(-0.736542672676457,-1.96302004941391E-15,-0.676391078686452));
#6247=DIRECTION('',(7.54710646371974E-16,-1.,2.08036962221676E-15));
#6248=DIRECTION('center_axis',(-7.54710646371974E-16,1.,-2.08036962221676E-15));
#6249=DIRECTION('ref_axis',(-0.736542672676456,-1.96302004941391E-15,-0.676391078686452));
#6250=DIRECTION('center_axis',(-7.54710646371974E-16,1.,-2.08036962221676E-15));
#6251=DIRECTION('ref_axis',(-0.736542672676456,-1.96302004941391E-15,-0.676391078686452));
#6252=DIRECTION('',(-0.520814318482788,-0.707106781186546,-0.478280718473275));
#6253=DIRECTION('center_axis',(-7.54710646371974E-16,1.,-2.08036962221676E-15));
#6254=DIRECTION('ref_axis',(-0.736542672676456,-1.96302004941391E-15,-0.676391078686452));
#6255=DIRECTION('center_axis',(-7.54710646371974E-16,1.,-2.08036962221676E-15));
#6256=DIRECTION('ref_axis',(-0.736542672676456,-1.96302004941391E-15,-0.676391078686452));
#6257=DIRECTION('center_axis',(7.54710646371974E-16,-1.,2.08036962221676E-15));
#6258=DIRECTION('ref_axis',(0.736542672676456,1.96302004941391E-15,0.676391078686452));
#6259=DIRECTION('',(7.54710646371974E-16,-1.,2.08036962221676E-15));
#6260=DIRECTION('center_axis',(7.54710646371974E-16,-1.,2.08036962221676E-15));
#6261=DIRECTION('ref_axis',(0.736542672676456,1.96302004941391E-15,0.676391078686452));
#6262=DIRECTION('center_axis',(7.54710646371974E-16,-1.,2.08036962221676E-15));
#6263=DIRECTION('ref_axis',(0.736542672676457,1.96302004941391E-15,0.676391078686452));
#6264=DIRECTION('center_axis',(7.54710646371974E-16,-1.,2.08036962221676E-15));
#6265=DIRECTION('ref_axis',(0.736542672676457,1.96302004941391E-15,0.676391078686452));
#6266=DIRECTION('',(0.676391078686452,-1.02180145350676E-15,-0.736542672676457));
#6267=DIRECTION('',(0.976060204852324,1.18912450417726E-15,0.217500520697399));
#6268=DIRECTION('',(0.299669126165871,2.21092595768401E-15,0.954043193373855));
#6269=DIRECTION('',(-0.676391078686452,1.02180145350676E-15,0.736542672676456));
#6270=DIRECTION('',(-0.976060204852324,-1.18912450417726E-15,-0.217500520697399));
#6271=DIRECTION('',(-0.299669126165871,-2.21092595768401E-15,-0.954043193373855));
#6272=DIRECTION('center_axis',(7.54710646371974E-16,-1.,2.08036962221676E-15));
#6273=DIRECTION('ref_axis',(0.736542672676457,1.96302004941391E-15,0.676391078686452));
#6274=DIRECTION('center_axis',(-0.217500520697399,1.86641604106767E-15,
0.976060204852324));
#6275=DIRECTION('ref_axis',(-0.976060204852324,-1.18912450417726E-15,-0.217500520697399));
#6276=DIRECTION('',(-7.54710646371974E-16,1.,-2.08036962221676E-15));
#6277=DIRECTION('',(0.976060204852324,1.18912450417726E-15,0.217500520697399));
#6278=DIRECTION('',(-7.54710646371974E-16,1.,-2.08036962221676E-15));
#6279=DIRECTION('center_axis',(-0.954043193373855,-9.66040083462433E-17,
0.299669126165871));
#6280=DIRECTION('ref_axis',(-0.299669126165871,-2.21092595768401E-15,-0.954043193373855));
#6281=DIRECTION('',(0.299669126165871,2.21092595768401E-15,0.954043193373855));
#6282=DIRECTION('',(-7.54710646371974E-16,1.,-2.08036962221676E-15));
#6283=DIRECTION('center_axis',(-0.736542672676456,-1.96302004941391E-15,
-0.676391078686452));
#6284=DIRECTION('ref_axis',(0.676391078686452,-1.02180145350676E-15,-0.736542672676456));
#6285=DIRECTION('',(-0.676391078686452,1.02180145350676E-15,0.736542672676456));
#6286=DIRECTION('',(-7.54710646371974E-16,1.,-2.08036962221676E-15));
#6287=DIRECTION('center_axis',(0.217500520697399,-1.86641604106767E-15,
-0.976060204852324));
#6288=DIRECTION('ref_axis',(0.976060204852324,1.18912450417726E-15,0.217500520697399));
#6289=DIRECTION('',(-0.976060204852324,-1.18912450417726E-15,-0.217500520697399));
#6290=DIRECTION('',(-7.54710646371974E-16,1.,-2.08036962221676E-15));
#6291=DIRECTION('center_axis',(0.954043193373855,9.66040083462431E-17,-0.299669126165871));
#6292=DIRECTION('ref_axis',(0.299669126165871,2.21092595768401E-15,0.954043193373855));
#6293=DIRECTION('',(-0.299669126165871,-2.21092595768401E-15,-0.954043193373855));
#6294=DIRECTION('',(-7.54710646371974E-16,1.,-2.08036962221676E-15));
#6295=DIRECTION('center_axis',(0.736542672676457,1.96302004941391E-15,0.676391078686452));
#6296=DIRECTION('ref_axis',(-0.676391078686452,1.02180145350676E-15,0.736542672676457));
#6297=DIRECTION('',(0.676391078686452,-1.02180145350676E-15,-0.736542672676457));
#6298=DIRECTION('center_axis',(-7.54710646371974E-16,1.,-2.08036962221676E-15));
#6299=DIRECTION('ref_axis',(-0.736542672676457,-1.96302004941391E-15,-0.676391078686452));
#6300=DIRECTION('center_axis',(-6.79715914713402E-16,1.,-1.78546839874925E-15));
#6301=DIRECTION('ref_axis',(-0.736542672676457,-1.70831467267431E-15,-0.676391078686452));
#6302=DIRECTION('center_axis',(-6.79715914713402E-16,1.,-1.78546839874925E-15));
#6303=DIRECTION('ref_axis',(-0.736542672676457,-1.70831467267431E-15,-0.676391078686452));
#6304=DIRECTION('',(6.79715914713402E-16,-1.,1.78546839874925E-15));
#6305=DIRECTION('center_axis',(-6.79715914713402E-16,1.,-1.78546839874925E-15));
#6306=DIRECTION('ref_axis',(-0.736542672676457,-1.70831467267431E-15,-0.676391078686452));
#6307=DIRECTION('center_axis',(-6.79715914713402E-16,1.,-1.78546839874925E-15));
#6308=DIRECTION('ref_axis',(-0.736542672676457,-1.70831467267431E-15,-0.676391078686452));
#6309=DIRECTION('',(-0.520814318482788,-0.707106781186545,-0.478280718473275));
#6310=DIRECTION('center_axis',(-6.79715914713402E-16,1.,-1.78546839874925E-15));
#6311=DIRECTION('ref_axis',(-0.736542672676457,-1.70831467267431E-15,-0.676391078686452));
#6312=DIRECTION('center_axis',(-6.79715914713402E-16,1.,-1.78546839874925E-15));
#6313=DIRECTION('ref_axis',(-0.736542672676457,-1.70831467267431E-15,-0.676391078686452));
#6314=DIRECTION('center_axis',(6.79715914713402E-16,-1.,1.78546839874925E-15));
#6315=DIRECTION('ref_axis',(0.736542672676457,1.70831467267431E-15,0.676391078686452));
#6316=DIRECTION('',(6.79715914713402E-16,-1.,1.78546839874925E-15));
#6317=DIRECTION('center_axis',(6.79715914713402E-16,-1.,1.78546839874925E-15));
#6318=DIRECTION('ref_axis',(0.736542672676457,1.70831467267431E-15,0.676391078686452));
#6319=DIRECTION('center_axis',(6.79715914713402E-16,-1.,1.78546839874925E-15));
#6320=DIRECTION('ref_axis',(0.736542672676457,1.70831467267431E-15,0.676391078686452));
#6321=DIRECTION('center_axis',(6.79715914713402E-16,-1.,1.78546839874925E-15));
#6322=DIRECTION('ref_axis',(0.736542672676457,1.70831467267431E-15,0.676391078686452));
#6323=DIRECTION('',(0.676391078686452,-8.55319885640777E-16,-0.736542672676457));
#6324=DIRECTION('',(0.976060204852324,1.05178396137326E-15,0.217500520697398));
#6325=DIRECTION('',(0.299669126165871,1.90710384701404E-15,0.954043193373855));
#6326=DIRECTION('',(-0.676391078686452,8.55319885640777E-16,0.736542672676456));
#6327=DIRECTION('',(-0.976060204852324,-1.05178396137326E-15,-0.217500520697398));
#6328=DIRECTION('',(-0.299669126165871,-1.90710384701404E-15,-0.954043193373855));
#6329=DIRECTION('center_axis',(6.79715914713402E-16,-1.,1.78546839874925E-15));
#6330=DIRECTION('ref_axis',(0.736542672676457,1.70831467267431E-15,0.676391078686452));
#6331=DIRECTION('center_axis',(-0.217500520697398,1.59488608566407E-15,
0.976060204852324));
#6332=DIRECTION('ref_axis',(-0.976060204852324,-1.05178396137326E-15,-0.217500520697399));
#6333=DIRECTION('',(-6.79715914713402E-16,1.,-1.78546839874925E-15));
#6334=DIRECTION('',(0.976060204852324,1.05178396137326E-15,0.217500520697398));
#6335=DIRECTION('',(-6.79715914713402E-16,1.,-1.78546839874925E-15));
#6336=DIRECTION('center_axis',(-0.954043193373855,-1.13428587010241E-16,
0.299669126165871));
#6337=DIRECTION('ref_axis',(-0.299669126165872,-1.90710384701404E-15,-0.954043193373855));
#6338=DIRECTION('',(0.299669126165871,1.90710384701404E-15,0.954043193373855));
#6339=DIRECTION('',(-6.79715914713402E-16,1.,-1.78546839874925E-15));
#6340=DIRECTION('center_axis',(-0.736542672676456,-1.70831467267431E-15,
-0.676391078686452));
#6341=DIRECTION('ref_axis',(0.676391078686452,-8.55319885640776E-16,-0.736542672676457));
#6342=DIRECTION('',(-0.676391078686452,8.55319885640777E-16,0.736542672676456));
#6343=DIRECTION('',(-6.79715914713402E-16,1.,-1.78546839874925E-15));
#6344=DIRECTION('center_axis',(0.217500520697398,-1.59488608566407E-15,
-0.976060204852324));
#6345=DIRECTION('ref_axis',(0.976060204852324,1.05178396137326E-15,0.217500520697399));
#6346=DIRECTION('',(-0.976060204852324,-1.05178396137326E-15,-0.217500520697398));
#6347=DIRECTION('',(-6.79715914713402E-16,1.,-1.78546839874925E-15));
#6348=DIRECTION('center_axis',(0.954043193373855,1.13428587010241E-16,-0.299669126165872));
#6349=DIRECTION('ref_axis',(0.299669126165871,1.90710384701404E-15,0.954043193373855));
#6350=DIRECTION('',(-0.299669126165871,-1.90710384701404E-15,-0.954043193373855));
#6351=DIRECTION('',(-6.79715914713402E-16,1.,-1.78546839874925E-15));
#6352=DIRECTION('center_axis',(0.736542672676457,1.70831467267431E-15,0.676391078686452));
#6353=DIRECTION('ref_axis',(-0.676391078686452,8.55319885640777E-16,0.736542672676457));
#6354=DIRECTION('',(0.676391078686452,-8.55319885640777E-16,-0.736542672676457));
#6355=DIRECTION('center_axis',(-6.79715914713402E-16,1.,-1.78546839874925E-15));
#6356=DIRECTION('ref_axis',(-0.736542672676457,-1.70831467267431E-15,-0.676391078686452));
#6357=DIRECTION('center_axis',(-7.54710646371974E-16,1.,-2.08036962221676E-15));
#6358=DIRECTION('ref_axis',(-0.736542672676456,-1.96302004941391E-15,-0.676391078686452));
#6359=DIRECTION('center_axis',(-7.54710646371974E-16,1.,-2.08036962221676E-15));
#6360=DIRECTION('ref_axis',(-0.736542672676457,-1.96302004941391E-15,-0.676391078686452));
#6361=DIRECTION('',(7.54710646371974E-16,-1.,2.08036962221676E-15));
#6362=DIRECTION('center_axis',(-7.54710646371974E-16,1.,-2.08036962221676E-15));
#6363=DIRECTION('ref_axis',(-0.736542672676456,-1.96302004941391E-15,-0.676391078686452));
#6364=DIRECTION('center_axis',(-7.54710646371974E-16,1.,-2.08036962221676E-15));
#6365=DIRECTION('ref_axis',(-0.736542672676456,-1.96302004941391E-15,-0.676391078686452));
#6366=DIRECTION('',(-0.520814318482788,-0.707106781186546,-0.478280718473275));
#6367=DIRECTION('center_axis',(-7.54710646371974E-16,1.,-2.08036962221676E-15));
#6368=DIRECTION('ref_axis',(-0.736542672676456,-1.96302004941391E-15,-0.676391078686452));
#6369=DIRECTION('center_axis',(-7.54710646371974E-16,1.,-2.08036962221676E-15));
#6370=DIRECTION('ref_axis',(-0.736542672676456,-1.96302004941391E-15,-0.676391078686452));
#6371=DIRECTION('center_axis',(7.54710646371974E-16,-1.,2.08036962221676E-15));
#6372=DIRECTION('ref_axis',(0.736542672676456,1.96302004941391E-15,0.676391078686452));
#6373=DIRECTION('',(7.54710646371974E-16,-1.,2.08036962221676E-15));
#6374=DIRECTION('center_axis',(7.54710646371974E-16,-1.,2.08036962221676E-15));
#6375=DIRECTION('ref_axis',(0.736542672676456,1.96302004941391E-15,0.676391078686452));
#6376=DIRECTION('center_axis',(7.54710646371974E-16,-1.,2.08036962221676E-15));
#6377=DIRECTION('ref_axis',(0.736542672676457,1.96302004941391E-15,0.676391078686452));
#6378=DIRECTION('center_axis',(7.54710646371974E-16,-1.,2.08036962221676E-15));
#6379=DIRECTION('ref_axis',(0.736542672676457,1.96302004941391E-15,0.676391078686452));
#6380=DIRECTION('',(0.676391078686452,-1.02180145350676E-15,-0.736542672676457));
#6381=DIRECTION('',(0.976060204852324,1.18912450417726E-15,0.217500520697399));
#6382=DIRECTION('',(0.299669126165871,2.21092595768401E-15,0.954043193373855));
#6383=DIRECTION('',(-0.676391078686452,1.02180145350676E-15,0.736542672676456));
#6384=DIRECTION('',(-0.976060204852324,-1.18912450417726E-15,-0.217500520697399));
#6385=DIRECTION('',(-0.299669126165871,-2.21092595768401E-15,-0.954043193373855));
#6386=DIRECTION('center_axis',(7.54710646371974E-16,-1.,2.08036962221676E-15));
#6387=DIRECTION('ref_axis',(0.736542672676457,1.96302004941391E-15,0.676391078686452));
#6388=DIRECTION('center_axis',(-0.217500520697399,1.86641604106767E-15,
0.976060204852324));
#6389=DIRECTION('ref_axis',(-0.976060204852324,-1.18912450417726E-15,-0.217500520697399));
#6390=DIRECTION('',(-7.54710646371974E-16,1.,-2.08036962221676E-15));
#6391=DIRECTION('',(0.976060204852324,1.18912450417726E-15,0.217500520697399));
#6392=DIRECTION('',(-7.54710646371974E-16,1.,-2.08036962221676E-15));
#6393=DIRECTION('center_axis',(-0.954043193373855,-9.66040083462433E-17,
0.299669126165871));
#6394=DIRECTION('ref_axis',(-0.299669126165871,-2.21092595768401E-15,-0.954043193373855));
#6395=DIRECTION('',(0.299669126165871,2.21092595768401E-15,0.954043193373855));
#6396=DIRECTION('',(-7.54710646371974E-16,1.,-2.08036962221676E-15));
#6397=DIRECTION('center_axis',(-0.736542672676456,-1.96302004941391E-15,
-0.676391078686452));
#6398=DIRECTION('ref_axis',(0.676391078686452,-1.02180145350676E-15,-0.736542672676456));
#6399=DIRECTION('',(-0.676391078686452,1.02180145350676E-15,0.736542672676456));
#6400=DIRECTION('',(-7.54710646371974E-16,1.,-2.08036962221676E-15));
#6401=DIRECTION('center_axis',(0.217500520697399,-1.86641604106767E-15,
-0.976060204852324));
#6402=DIRECTION('ref_axis',(0.976060204852324,1.18912450417726E-15,0.217500520697399));
#6403=DIRECTION('',(-0.976060204852324,-1.18912450417726E-15,-0.217500520697399));
#6404=DIRECTION('',(-7.54710646371974E-16,1.,-2.08036962221676E-15));
#6405=DIRECTION('center_axis',(0.954043193373855,9.66040083462431E-17,-0.299669126165871));
#6406=DIRECTION('ref_axis',(0.299669126165871,2.21092595768401E-15,0.954043193373855));
#6407=DIRECTION('',(-0.299669126165871,-2.21092595768401E-15,-0.954043193373855));
#6408=DIRECTION('',(-7.54710646371974E-16,1.,-2.08036962221676E-15));
#6409=DIRECTION('center_axis',(0.736542672676457,1.96302004941391E-15,0.676391078686452));
#6410=DIRECTION('ref_axis',(-0.676391078686452,1.02180145350676E-15,0.736542672676457));
#6411=DIRECTION('',(0.676391078686452,-1.02180145350676E-15,-0.736542672676457));
#6412=DIRECTION('center_axis',(-7.54710646371974E-16,1.,-2.08036962221676E-15));
#6413=DIRECTION('ref_axis',(-0.736542672676457,-1.96302004941391E-15,-0.676391078686452));
#6414=DIRECTION('center_axis',(-7.54710646371974E-16,1.,-2.08036962221676E-15));
#6415=DIRECTION('ref_axis',(-0.736542672676456,-1.96302004941391E-15,-0.676391078686452));
#6416=DIRECTION('center_axis',(-7.54710646371974E-16,1.,-2.08036962221676E-15));
#6417=DIRECTION('ref_axis',(-0.736542672676457,-1.96302004941391E-15,-0.676391078686452));
#6418=DIRECTION('',(7.54710646371974E-16,-1.,2.08036962221676E-15));
#6419=DIRECTION('center_axis',(-7.54710646371974E-16,1.,-2.08036962221676E-15));
#6420=DIRECTION('ref_axis',(-0.736542672676456,-1.96302004941391E-15,-0.676391078686452));
#6421=DIRECTION('center_axis',(-7.54710646371974E-16,1.,-2.08036962221676E-15));
#6422=DIRECTION('ref_axis',(-0.736542672676456,-1.96302004941391E-15,-0.676391078686452));
#6423=DIRECTION('',(-0.520814318482788,-0.707106781186546,-0.478280718473275));
#6424=DIRECTION('center_axis',(-7.54710646371974E-16,1.,-2.08036962221676E-15));
#6425=DIRECTION('ref_axis',(-0.736542672676456,-1.96302004941391E-15,-0.676391078686452));
#6426=DIRECTION('center_axis',(-7.54710646371974E-16,1.,-2.08036962221676E-15));
#6427=DIRECTION('ref_axis',(-0.736542672676456,-1.96302004941391E-15,-0.676391078686452));
#6428=DIRECTION('center_axis',(7.54710646371974E-16,-1.,2.08036962221676E-15));
#6429=DIRECTION('ref_axis',(0.736542672676456,1.96302004941391E-15,0.676391078686452));
#6430=DIRECTION('',(7.54710646371974E-16,-1.,2.08036962221676E-15));
#6431=DIRECTION('center_axis',(7.54710646371974E-16,-1.,2.08036962221676E-15));
#6432=DIRECTION('ref_axis',(0.736542672676456,1.96302004941391E-15,0.676391078686452));
#6433=DIRECTION('center_axis',(7.54710646371974E-16,-1.,2.08036962221676E-15));
#6434=DIRECTION('ref_axis',(0.736542672676457,1.96302004941391E-15,0.676391078686452));
#6435=DIRECTION('center_axis',(7.54710646371974E-16,-1.,2.08036962221676E-15));
#6436=DIRECTION('ref_axis',(0.736542672676457,1.96302004941391E-15,0.676391078686452));
#6437=DIRECTION('',(0.676391078686452,-1.02180145350676E-15,-0.736542672676457));
#6438=DIRECTION('',(0.976060204852324,1.18912450417726E-15,0.217500520697399));
#6439=DIRECTION('',(0.299669126165871,2.21092595768401E-15,0.954043193373855));
#6440=DIRECTION('',(-0.676391078686452,1.02180145350676E-15,0.736542672676456));
#6441=DIRECTION('',(-0.976060204852324,-1.18912450417726E-15,-0.217500520697399));
#6442=DIRECTION('',(-0.299669126165871,-2.21092595768401E-15,-0.954043193373855));
#6443=DIRECTION('center_axis',(7.54710646371974E-16,-1.,2.08036962221676E-15));
#6444=DIRECTION('ref_axis',(0.736542672676457,1.96302004941391E-15,0.676391078686452));
#6445=DIRECTION('center_axis',(-0.217500520697399,1.86641604106767E-15,
0.976060204852324));
#6446=DIRECTION('ref_axis',(-0.976060204852324,-1.18912450417726E-15,-0.217500520697399));
#6447=DIRECTION('',(-7.54710646371974E-16,1.,-2.08036962221676E-15));
#6448=DIRECTION('',(0.976060204852324,1.18912450417726E-15,0.217500520697399));
#6449=DIRECTION('',(-7.54710646371974E-16,1.,-2.08036962221676E-15));
#6450=DIRECTION('center_axis',(-0.954043193373855,-9.66040083462433E-17,
0.299669126165871));
#6451=DIRECTION('ref_axis',(-0.299669126165871,-2.21092595768401E-15,-0.954043193373855));
#6452=DIRECTION('',(0.299669126165871,2.21092595768401E-15,0.954043193373855));
#6453=DIRECTION('',(-7.54710646371974E-16,1.,-2.08036962221676E-15));
#6454=DIRECTION('center_axis',(-0.736542672676456,-1.96302004941391E-15,
-0.676391078686452));
#6455=DIRECTION('ref_axis',(0.676391078686452,-1.02180145350676E-15,-0.736542672676456));
#6456=DIRECTION('',(-0.676391078686452,1.02180145350676E-15,0.736542672676456));
#6457=DIRECTION('',(-7.54710646371974E-16,1.,-2.08036962221676E-15));
#6458=DIRECTION('center_axis',(0.217500520697399,-1.86641604106767E-15,
-0.976060204852324));
#6459=DIRECTION('ref_axis',(0.976060204852324,1.18912450417726E-15,0.217500520697399));
#6460=DIRECTION('',(-0.976060204852324,-1.18912450417726E-15,-0.217500520697399));
#6461=DIRECTION('',(-7.54710646371974E-16,1.,-2.08036962221676E-15));
#6462=DIRECTION('center_axis',(0.954043193373855,9.66040083462431E-17,-0.299669126165871));
#6463=DIRECTION('ref_axis',(0.299669126165871,2.21092595768401E-15,0.954043193373855));
#6464=DIRECTION('',(-0.299669126165871,-2.21092595768401E-15,-0.954043193373855));
#6465=DIRECTION('',(-7.54710646371974E-16,1.,-2.08036962221676E-15));
#6466=DIRECTION('center_axis',(0.736542672676457,1.96302004941391E-15,0.676391078686452));
#6467=DIRECTION('ref_axis',(-0.676391078686452,1.02180145350676E-15,0.736542672676457));
#6468=DIRECTION('',(0.676391078686452,-1.02180145350676E-15,-0.736542672676457));
#6469=DIRECTION('center_axis',(-7.54710646371974E-16,1.,-2.08036962221676E-15));
#6470=DIRECTION('ref_axis',(-0.736542672676457,-1.96302004941391E-15,-0.676391078686452));
#6471=CARTESIAN_POINT('',(0.,0.,0.));
#6472=CARTESIAN_POINT('Origin',(-12.,-8.49999999999975,-45.0000000000001));
#6473=CARTESIAN_POINT('',(-12.,-1.49999999999975,-46.6500000000001));
#6474=CARTESIAN_POINT('Origin',(-12.,-1.49999999999975,-45.0000000000001));
#6475=CARTESIAN_POINT('',(-12.,-8.49999999999975,-46.6500000000001));
#6476=CARTESIAN_POINT('',(-12.,-8.49999999999975,-46.6500000000001));
#6477=CARTESIAN_POINT('Origin',(-12.,-8.49999999999975,-45.0000000000001));
#6478=CARTESIAN_POINT('Origin',(-12.,-8.49999999999973,-35.));
#6479=CARTESIAN_POINT('',(-12.,-1.49999999999974,-36.6500000000001));
#6480=CARTESIAN_POINT('Origin',(-12.,-1.49999999999974,-35.0000000000001));
#6481=CARTESIAN_POINT('',(-12.,-8.49999999999974,-36.65));
#6482=CARTESIAN_POINT('',(-12.,-8.49999999999974,-36.65));
#6483=CARTESIAN_POINT('Origin',(-12.,-8.49999999999973,-35.));
#6484=CARTESIAN_POINT('Origin',(-3.5527136788005E-14,0.500000000000251,
-50.0000000000001));
#6485=CARTESIAN_POINT('',(-6.7082039324994,-1.49999999999976,-50.0000000000001));
#6486=CARTESIAN_POINT('',(-7.00000000000003,0.500000000000247,-50.0000000000001));
#6487=CARTESIAN_POINT('Origin',(-3.5527136788005E-14,0.500000000000251,
-50.0000000000001));
#6488=CARTESIAN_POINT('',(-6.70820393249939,-1.49999999999972,-30.0000000000001));
#6489=CARTESIAN_POINT('',(-6.7082039324994,-1.49999999999976,-50.0000000000001));
#6490=CARTESIAN_POINT('',(6.99999999999998,0.500000000000291,-30.0000000000001));
#6491=CARTESIAN_POINT('Origin',(-2.22044604925031E-14,0.500000000000287,
-30.0000000000001));
#6492=CARTESIAN_POINT('',(-7.00000000000003,0.500000000000282,-30.0000000000001));
#6493=CARTESIAN_POINT('Origin',(-2.22044604925031E-14,0.500000000000287,
-30.0000000000001));
#6494=CARTESIAN_POINT('',(-7.00000000000003,0.500000000000247,-50.0000000000001));
#6495=CARTESIAN_POINT('Origin',(4.99999999999998,0.500000000000296,-26.0000000000001));
#6496=CARTESIAN_POINT('',(4.99999999999997,10.0000000000003,-28.2500000000001));
#6497=CARTESIAN_POINT('Origin',(4.99999999999998,10.0000000000003,-26.0000000000001));
#6498=CARTESIAN_POINT('',(4.99999999999998,0.500000000000292,-28.2500000000001));
#6499=CARTESIAN_POINT('',(4.99999999999998,0.500000000000292,-28.2500000000001));
#6500=CARTESIAN_POINT('Origin',(4.99999999999998,0.500000000000296,-26.0000000000001));
#6501=CARTESIAN_POINT('Origin',(-5.00000000000002,0.500000000000291,-26.0000000000001));
#6502=CARTESIAN_POINT('',(-5.00000000000002,10.0000000000003,-28.2500000000001));
#6503=CARTESIAN_POINT('Origin',(-5.00000000000002,10.0000000000003,-26.0000000000001));
#6504=CARTESIAN_POINT('',(-5.00000000000002,0.500000000000287,-28.2500000000001));
#6505=CARTESIAN_POINT('',(-5.00000000000002,0.500000000000287,-28.2500000000001));
#6506=CARTESIAN_POINT('Origin',(-5.00000000000002,0.500000000000291,-26.0000000000001));
#6507=CARTESIAN_POINT('Origin',(2.22044604925031E-15,-5.99999999999967,
-6.55031584528842E-14));
#6508=CARTESIAN_POINT('',(4.61655608819641E-15,-4.99999999999966,3.99999999999993));
#6509=CARTESIAN_POINT('Origin',(0.,-4.99999999999966,-6.66133814775094E-14));
#6510=CARTESIAN_POINT('',(4.41970807962604E-15,-5.99999999999966,2.99999999999993));
#6511=CARTESIAN_POINT('',(4.41970807962604E-15,-5.99999999999966,2.99999999999993));
#6512=CARTESIAN_POINT('Origin',(2.22044604925031E-15,-5.99999999999967,
-6.55031584528842E-14));
#6513=CARTESIAN_POINT('Origin',(2.22044604925031E-15,-5.99999999999967,
-6.55031584528842E-14));
#6514=CARTESIAN_POINT('',(-2.09597925797482E-16,4.00000000000034,3.99999999999992));
#6515=CARTESIAN_POINT('Origin',(-4.44089209850063E-15,4.00000000000033,
-8.21565038222616E-14));
#6516=CARTESIAN_POINT('',(5.15279542308462E-15,-5.99999999999966,3.99999999999993));
#6517=CARTESIAN_POINT('Origin',(-12.,0.500000000000256,-45.0000000000001));
#6518=CARTESIAN_POINT('',(-12.,8.00000000000025,-47.2500000000001));
#6519=CARTESIAN_POINT('Origin',(-12.,8.00000000000026,-45.0000000000001));
#6520=CARTESIAN_POINT('',(-12.,0.500000000000252,-47.2500000000001));
#6521=CARTESIAN_POINT('',(-12.,0.500000000000252,-47.2500000000001));
#6522=CARTESIAN_POINT('Origin',(-12.,0.500000000000256,-45.0000000000001));
#6523=CARTESIAN_POINT('Origin',(-12.,0.500000000000269,-35.0000000000001));
#6524=CARTESIAN_POINT('',(-12.,8.00000000000026,-37.2500000000001));
#6525=CARTESIAN_POINT('Origin',(-12.,8.00000000000027,-35.0000000000001));
#6526=CARTESIAN_POINT('',(-12.,0.500000000000265,-37.2500000000001));
#6527=CARTESIAN_POINT('',(-12.,0.500000000000265,-37.2500000000001));
#6528=CARTESIAN_POINT('Origin',(-12.,0.500000000000269,-35.0000000000001));
#6529=CARTESIAN_POINT('Origin',(4.99999999999998,10.0000000000003,-26.0000000000001));
#6530=CARTESIAN_POINT('',(-7.00000000000003,10.0000000000003,-35.0000000000001));
#6531=CARTESIAN_POINT('',(-9.00000000000003,10.0000000000003,-31.0000000000001));
#6532=CARTESIAN_POINT('Origin',(-12.,10.0000000000003,-35.0000000000001));
#6533=CARTESIAN_POINT('',(-9.00000000000002,10.0000000000003,-26.0000000000001));
#6534=CARTESIAN_POINT('',(-9.00000000000003,10.0000000000003,-30.0000000000001));
#6535=CARTESIAN_POINT('',(-5.00000000000002,10.0000000000003,-22.0000000000001));
#6536=CARTESIAN_POINT('Origin',(-5.00000000000002,10.0000000000003,-26.0000000000001));
#6537=CARTESIAN_POINT('',(4.99999999999998,10.0000000000003,-22.0000000000001));
#6538=CARTESIAN_POINT('',(4.99999999999998,10.0000000000003,-22.0000000000001));
#6539=CARTESIAN_POINT('',(8.99999999999998,10.0000000000003,-26.0000000000001));
#6540=CARTESIAN_POINT('Origin',(4.99999999999998,10.0000000000003,-26.0000000000001));
#6541=CARTESIAN_POINT('',(8.99999999999996,10.0000000000002,-50.0000000000001));
#6542=CARTESIAN_POINT('',(8.99999999999998,10.0000000000003,-30.0000000000001));
#6543=CARTESIAN_POINT('',(-7.00000000000004,10.0000000000002,-50.0000000000001));
#6544=CARTESIAN_POINT('',(-3.77475828372553E-14,10.0000000000002,-50.0000000000001));
#6545=CARTESIAN_POINT('',(-7.00000000000001,10.0000000000003,-8.88178419700125E-14));
#6546=CARTESIAN_POINT('Origin',(-2.44249065417534E-14,7.00000000000028,
-30.0000000000001));
#6547=CARTESIAN_POINT('',(-9.00000000000003,8.00000000000028,-30.0000000000001));
#6548=CARTESIAN_POINT('',(-12.,8.00000000000028,-30.0000000000001));
#6549=CARTESIAN_POINT('',(-2.44249065417534E-14,8.00000000000029,-30.0000000000001));
#6550=CARTESIAN_POINT('',(-12.,0.500000000000278,-30.0000000000001));
#6551=CARTESIAN_POINT('',(-12.,10.0000000000003,-30.0000000000001));
#6552=CARTESIAN_POINT('',(-9.00000000000003,0.500000000000282,-30.0000000000001));
#6553=CARTESIAN_POINT('',(-1.99840144432528E-14,0.500000000000287,-30.0000000000001));
#6554=CARTESIAN_POINT('',(-9.00000000000002,4.00000000000028,-30.0000000000001));
#6555=CARTESIAN_POINT('Origin',(-17.,7.00000000000023,-50.0000000000001));
#6556=CARTESIAN_POINT('',(-17.,0.500000000000247,-45.0000000000001));
#6557=CARTESIAN_POINT('',(-17.,8.00000000000025,-45.0000000000001));
#6558=CARTESIAN_POINT('',(-17.,7.00000000000024,-45.0000000000001));
#6559=CARTESIAN_POINT('',(-17.,0.500000000000265,-35.0000000000001));
#6560=CARTESIAN_POINT('',(-17.,0.500000000000238,-50.0000000000001));
#6561=CARTESIAN_POINT('',(-17.,8.00000000000027,-35.0000000000001));
#6562=CARTESIAN_POINT('',(-17.,0.500000000000265,-35.0000000000001));
#6563=CARTESIAN_POINT('',(-17.,8.00000000000033,-7.88258347483861E-14));
#6564=CARTESIAN_POINT('Origin',(-3.77475828372553E-14,7.00000000000025,
-50.0000000000001));
#6565=CARTESIAN_POINT('',(8.99999999999997,0.500000000000256,-50.0000000000001));
#6566=CARTESIAN_POINT('',(8.99999999999996,7.00000000000025,-50.0000000000001));
#6567=CARTESIAN_POINT('',(-2.88657986402541E-14,-8.49999999999975,-50.0000000000001));
#6568=CARTESIAN_POINT('Origin',(-3.5527136788005E-14,0.500000000000251,
-50.0000000000001));
#6569=CARTESIAN_POINT('',(-12.,-8.49999999999976,-50.0000000000001));
#6570=CARTESIAN_POINT('',(-2.88657986402541E-14,-8.49999999999975,-50.0000000000001));
#6571=CARTESIAN_POINT('',(-12.,-1.49999999999976,-50.0000000000001));
#6572=CARTESIAN_POINT('',(-12.,-8.49999999999976,-50.0000000000001));
#6573=CARTESIAN_POINT('',(-3.10862446895044E-14,-1.49999999999975,-50.0000000000001));
#6574=CARTESIAN_POINT('',(-12.,0.500000000000247,-50.0000000000001));
#6575=CARTESIAN_POINT('',(-3.33066907387547E-14,0.500000000000251,-50.0000000000001));
#6576=CARTESIAN_POINT('',(-12.,8.00000000000025,-50.0000000000001));
#6577=CARTESIAN_POINT('',(-12.,7.00000000000023,-50.0000000000001));
#6578=CARTESIAN_POINT('',(-7.00000000000004,8.00000000000025,-50.0000000000001));
#6579=CARTESIAN_POINT('',(-3.77475828372553E-14,8.00000000000025,-50.0000000000001));
#6580=CARTESIAN_POINT('',(-7.00000000000004,8.00000000000025,-50.0000000000001));
#6581=CARTESIAN_POINT('Origin',(-12.,7.00000000000024,-45.0000000000001));
#6582=CARTESIAN_POINT('Origin',(-12.,0.500000000000256,-45.0000000000001));
#6583=CARTESIAN_POINT('Origin',(-12.,8.00000000000026,-45.0000000000001));
#6584=CARTESIAN_POINT('Origin',(-12.,7.00000000000025,-35.0000000000001));
#6585=CARTESIAN_POINT('Origin',(-12.,0.500000000000269,-35.0000000000001));
#6586=CARTESIAN_POINT('Origin',(-12.,8.00000000000027,-35.0000000000001));
#6587=CARTESIAN_POINT('Origin',(4.99999999999998,0.500000000000296,-26.0000000000001));
#6588=CARTESIAN_POINT('',(8.99999999999998,0.500000000000291,-30.0000000000001));
#6589=CARTESIAN_POINT('',(8.99999999999998,0.500000000000291,-30.0000000000001));
#6590=CARTESIAN_POINT('',(8.99999999999998,0.500000000000291,-30.0000000000001));
#6591=CARTESIAN_POINT('',(8.99999999999998,0.500000000000296,-26.0000000000001));
#6592=CARTESIAN_POINT('',(8.99999999999998,0.500000000000291,-30.0000000000001));
#6593=CARTESIAN_POINT('',(4.99999999999999,0.5000000000003,-22.0000000000001));
#6594=CARTESIAN_POINT('Origin',(4.99999999999998,0.500000000000296,-26.0000000000001));
#6595=CARTESIAN_POINT('',(-5.00000000000002,0.500000000000296,-22.0000000000001));
#6596=CARTESIAN_POINT('',(4.99999999999999,0.5000000000003,-22.0000000000001));
#6597=CARTESIAN_POINT('',(-9.00000000000002,0.500000000000287,-26.0000000000001));
#6598=CARTESIAN_POINT('Origin',(-5.00000000000002,0.500000000000291,-26.0000000000001));
#6599=CARTESIAN_POINT('',(-9.00000000000003,0.500000000000282,-30.0000000000001));
#6600=CARTESIAN_POINT('Origin',(-2.88657986402541E-14,-8.49999999999975,
-50.0000000000001));
#6601=CARTESIAN_POINT('',(-1.55431223447522E-14,-8.49999999999972,-30.0000000000001));
#6602=CARTESIAN_POINT('',(-2.88657986402541E-14,-8.49999999999975,-50.0000000000001));
#6603=CARTESIAN_POINT('',(-12.,-8.49999999999973,-30.0000000000001));
#6604=CARTESIAN_POINT('',(-1.55431223447522E-14,-8.49999999999972,-30.0000000000001));
#6605=CARTESIAN_POINT('',(-17.,-8.49999999999974,-35.));
#6606=CARTESIAN_POINT('Origin',(-12.,-8.49999999999973,-35.));
#6607=CARTESIAN_POINT('',(-17.,-8.49999999999975,-45.0000000000001));
#6608=CARTESIAN_POINT('',(-17.,-8.49999999999976,-50.0000000000001));
#6609=CARTESIAN_POINT('Origin',(-12.,-8.49999999999975,-45.0000000000001));
#6610=CARTESIAN_POINT('Origin',(-2.22044604925031E-14,4.00000000000028,
-30.0000000000001));
#6611=CARTESIAN_POINT('Origin',(9.,4.00000000000034,-8.77076189453874E-14));
#6612=CARTESIAN_POINT('',(8.99999999999999,7.00000000000033,-9.32587340685131E-14));
#6613=CARTESIAN_POINT('',(8.99999999999998,7.00000000000029,-26.0000000000001));
#6614=CARTESIAN_POINT('',(8.99999999999999,7.00000000000033,-9.32587340685131E-14));
#6615=CARTESIAN_POINT('',(9.,4.00000000000034,-8.77076189453874E-14));
#6616=CARTESIAN_POINT('',(9.,4.00000000000034,-8.77076189453874E-14));
#6617=CARTESIAN_POINT('',(8.99999999999998,4.00000000000029,-26.0000000000001));
#6618=CARTESIAN_POINT('',(9.,4.00000000000034,-8.77076189453874E-14));
#6619=CARTESIAN_POINT('',(8.99999999999998,10.0000000000003,-26.0000000000001));
#6620=CARTESIAN_POINT('',(8.99999999999997,0.500000000000256,-50.0000000000001));
#6621=CARTESIAN_POINT('',(8.99999999999998,10.0000000000003,-26.0000000000001));
#6622=CARTESIAN_POINT('Origin',(-9.,4.00000000000033,-7.66053886991358E-14));
#6623=CARTESIAN_POINT('',(-9.00000000000002,4.00000000000028,-26.0000000000001));
#6624=CARTESIAN_POINT('',(-9.00000000000002,10.0000000000003,-26.0000000000001));
#6625=CARTESIAN_POINT('',(-9.,4.00000000000033,-7.66053886991358E-14));
#6626=CARTESIAN_POINT('',(-9.,4.00000000000033,-7.66053886991358E-14));
#6627=CARTESIAN_POINT('',(-9.00000000000001,7.00000000000033,-8.21565038222616E-14));
#6628=CARTESIAN_POINT('',(-9.,4.00000000000033,-7.66053886991358E-14));
#6629=CARTESIAN_POINT('',(-9.00000000000002,7.00000000000028,-26.0000000000001));
#6630=CARTESIAN_POINT('',(-9.00000000000001,7.00000000000033,-8.21565038222616E-14));
#6631=CARTESIAN_POINT('',(-9.00000000000002,10.0000000000003,-26.0000000000001));
#6632=CARTESIAN_POINT('',(-9.00000000000003,8.00000000000028,-31.0000000000001));
#6633=CARTESIAN_POINT('',(-9.00000000000003,8.00000000000028,-31.0000000000001));
#6634=CARTESIAN_POINT('',(-9.00000000000007,8.00000000000033,-9.88098491916389E-14));
#6635=CARTESIAN_POINT('Origin',(-6.66133814775094E-15,7.00000000000033,
-8.77076189453874E-14));
#6636=CARTESIAN_POINT('',(-5.00000000000002,7.00000000000029,-22.0000000000001));
#6637=CARTESIAN_POINT('',(4.99999999999998,7.00000000000029,-22.0000000000001));
#6638=CARTESIAN_POINT('',(-1.99840144432528E-14,7.00000000000029,-22.0000000000001));
#6639=CARTESIAN_POINT('Origin',(-5.00000000000002,7.00000000000029,-26.0000000000001));
#6640=CARTESIAN_POINT('Origin',(-6.66133814775094E-15,7.00000000000033,
-8.77076189453874E-14));
#6641=CARTESIAN_POINT('Origin',(4.99999999999998,7.00000000000029,-26.0000000000001));
#6642=CARTESIAN_POINT('Origin',(-4.44089209850063E-15,4.00000000000033,
-8.21565038222616E-14));
#6643=CARTESIAN_POINT('',(4.99999999999998,4.0000000000003,-22.0000000000001));
#6644=CARTESIAN_POINT('Origin',(4.99999999999998,4.00000000000029,-26.0000000000001));
#6645=CARTESIAN_POINT('Origin',(-4.44089209850063E-15,4.00000000000033,
-8.21565038222616E-14));
#6646=CARTESIAN_POINT('',(-5.00000000000002,4.00000000000029,-22.0000000000001));
#6647=CARTESIAN_POINT('Origin',(-5.00000000000002,4.00000000000029,-26.0000000000001));
#6648=CARTESIAN_POINT('',(-1.77635683940025E-14,4.0000000000003,-22.0000000000001));
#6649=CARTESIAN_POINT('Origin',(-4.44089209850063E-15,4.00000000000033,
-8.21565038222616E-14));
#6650=CARTESIAN_POINT('Origin',(2.22044604925031E-15,-5.99999999999967,
-6.55031584528842E-14));
#6651=CARTESIAN_POINT('Origin',(-5.00000000000002,10.0000000000003,-26.0000000000001));
#6652=CARTESIAN_POINT('',(-5.00000000000002,10.0000000000003,-22.0000000000001));
#6653=CARTESIAN_POINT('Origin',(4.99999999999998,10.0000000000003,-22.0000000000001));
#6654=CARTESIAN_POINT('',(4.99999999999998,10.0000000000003,-22.0000000000001));
#6655=CARTESIAN_POINT('Origin',(4.99999999999998,10.0000000000003,-26.0000000000001));
#6656=CARTESIAN_POINT('Origin',(4.99999999999998,10.0000000000003,-26.0000000000001));
#6657=CARTESIAN_POINT('',(4.99999999999998,10.0000000000003,-22.0000000000001));
#6658=CARTESIAN_POINT('Origin',(4.99999999999998,10.0000000000003,-22.0000000000001));
#6659=CARTESIAN_POINT('',(-5.00000000000002,10.0000000000003,-22.0000000000001));
#6660=CARTESIAN_POINT('Origin',(-5.00000000000002,10.0000000000003,-26.0000000000001));
#6661=CARTESIAN_POINT('Origin',(-3.5527136788005E-14,0.500000000000251,
-50.0000000000001));
#6662=CARTESIAN_POINT('Origin',(-2.22044604925031E-14,0.500000000000287,
-30.0000000000001));
#6663=CARTESIAN_POINT('Origin',(-3.10862446895044E-14,-1.49999999999975,
-50.0000000000001));
#6664=CARTESIAN_POINT('',(-17.,-1.49999999999976,-45.0000000000001));
#6665=CARTESIAN_POINT('',(-17.,-1.49999999999974,-35.0000000000001));
#6666=CARTESIAN_POINT('',(-17.,-1.49999999999977,-50.0000000000001));
#6667=CARTESIAN_POINT('',(-12.,-1.49999999999973,-30.0000000000001));
#6668=CARTESIAN_POINT('Origin',(-12.,-1.49999999999974,-35.0000000000001));
#6669=CARTESIAN_POINT('',(-1.77635683940025E-14,-1.49999999999972,-30.0000000000001));
#6670=CARTESIAN_POINT('Origin',(-12.,-1.49999999999975,-45.0000000000001));
#6671=CARTESIAN_POINT('Origin',(-17.,7.00000000000024,-50.0000000000001));
#6672=CARTESIAN_POINT('',(-17.,7.00000000000026,-35.0000000000001));
#6673=CARTESIAN_POINT('',(-17.,-1.49999999999976,-45.0000000000001));
#6674=CARTESIAN_POINT('Origin',(-2.44249065417534E-14,7.00000000000028,
-30.0000000000001));
#6675=CARTESIAN_POINT('',(-12.,7.00000000000027,-30.0000000000001));
#6676=CARTESIAN_POINT('Origin',(-12.,7.00000000000025,-45.0000000000001));
#6677=CARTESIAN_POINT('Origin',(-12.,7.00000000000026,-35.0000000000001));
#6678=CARTESIAN_POINT('Origin',(-7.00000000000001,8.00000000000034,-8.43769498715119E-14));
#6679=CARTESIAN_POINT('',(-7.00000000000003,8.00000000000027,-35.0000000000001));
#6680=CARTESIAN_POINT('',(-7.00000000000001,8.00000000000034,-8.43769498715119E-14));
#6681=CARTESIAN_POINT('',(-7.00000000000003,8.00000000000027,-35.0000000000001));
#6682=CARTESIAN_POINT('Origin',(-12.,8.00000000000027,-35.0000000000001));
#6683=CARTESIAN_POINT('Origin',(-12.,8.00000000000027,-35.0000000000001));
#6684=CARTESIAN_POINT('Origin',(-6.66133814775094E-15,8.00000000000034,
-8.88178419700125E-14));
#6685=CARTESIAN_POINT('Origin',(5.,0.500000000000266,-26.));
#6686=CARTESIAN_POINT('',(5.,-5.99999999999974,-27.65));
#6687=CARTESIAN_POINT('Origin',(5.,-5.99999999999974,-26.));
#6688=CARTESIAN_POINT('',(5.,0.500000000000263,-27.65));
#6689=CARTESIAN_POINT('',(5.,0.500000000000263,-27.65));
#6690=CARTESIAN_POINT('Origin',(5.,0.500000000000266,-26.));
#6691=CARTESIAN_POINT('Origin',(-5.,0.500000000000255,-26.));
#6692=CARTESIAN_POINT('',(-4.99999999999999,-5.99999999999975,-27.65));
#6693=CARTESIAN_POINT('Origin',(-4.99999999999999,-5.99999999999975,-26.));
#6694=CARTESIAN_POINT('',(-5.,0.500000000000252,-27.65));
#6695=CARTESIAN_POINT('',(-5.,0.500000000000252,-27.65));
#6696=CARTESIAN_POINT('Origin',(-5.,0.500000000000255,-26.));
#6697=CARTESIAN_POINT('Origin',(2.88558270048243E-14,-2.99999999999969,
-3.2042833587608E-14));
#6698=CARTESIAN_POINT('',(2.50369611505282E-14,-3.49999999999972,-4.00000000000003));
#6699=CARTESIAN_POINT('Origin',(2.94126004563752E-14,-3.49999999999972,
-3.11432534215073E-14));
#6700=CARTESIAN_POINT('',(2.39332327857464E-14,-2.9999999999997,-4.50000000000004));
#6701=CARTESIAN_POINT('',(2.39332327857464E-14,-2.9999999999997,-4.50000000000004));
#6702=CARTESIAN_POINT('Origin',(2.88558270048243E-14,-2.99999999999969,
-3.2042833587608E-14));
#6703=CARTESIAN_POINT('Origin',(2.88558270048243E-14,-2.99999999999969,
-3.2042833587608E-14));
#6704=CARTESIAN_POINT('',(2.78208284082825E-14,-5.9999999999997,-4.00000000000003));
#6705=CARTESIAN_POINT('Origin',(3.21964677141295E-14,-5.99999999999969,
-2.66453525910038E-14));
#6706=CARTESIAN_POINT('',(2.44801876989773E-14,-2.9999999999997,-4.00000000000003));
#6707=CARTESIAN_POINT('Origin',(-8.99999999999997,-2.9999999999997,-2.32998272686848E-14));
#6708=CARTESIAN_POINT('',(-9.,0.500000000000244,-29.5));
#6709=CARTESIAN_POINT('',(-9.,0.50000000000025,-26.));
#6710=CARTESIAN_POINT('',(-9.,0.500000000000242,-30.));
#6711=CARTESIAN_POINT('',(-9.,2.4535928844216E-13,-30.));
#6712=CARTESIAN_POINT('',(-9.,0.500000000000244,-29.5));
#6713=CARTESIAN_POINT('',(-9.,-5.99999999999976,-30.));
#6714=CARTESIAN_POINT('',(-9.,-2.99999999999976,-30.));
#6715=CARTESIAN_POINT('',(-8.99999999999997,-5.9999999999997,-1.79023462720806E-14));
#6716=CARTESIAN_POINT('',(-8.99999999999997,-5.9999999999997,-1.79023462720806E-14));
#6717=CARTESIAN_POINT('',(-8.99999999999997,-2.9999999999997,-2.32998272686848E-14));
#6718=CARTESIAN_POINT('',(-8.99999999999997,-2.9999999999997,-2.32998272686848E-14));
#6719=CARTESIAN_POINT('',(-9.,-2.99999999999975,-26.));
#6720=CARTESIAN_POINT('',(-8.99999999999997,-2.9999999999997,-2.32998272686848E-14));
#6721=CARTESIAN_POINT('',(-9.,0.50000000000025,-26.));
#6722=CARTESIAN_POINT('Origin',(2.88558270048243E-14,-2.99999999999969,
-3.2042833587608E-14));
#6723=CARTESIAN_POINT('',(9.00000000000003,-5.99999999999968,-3.53883589099269E-14));
#6724=CARTESIAN_POINT('Origin',(3.21964677141295E-14,-5.99999999999969,
-2.66453525910038E-14));
#6725=CARTESIAN_POINT('',(9.00000000000003,-2.99999999999968,-4.07858399065312E-14));
#6726=CARTESIAN_POINT('',(9.00000000000003,-2.99999999999968,-4.07858399065312E-14));
#6727=CARTESIAN_POINT('Origin',(2.88558270048243E-14,-2.99999999999969,
-3.2042833587608E-14));
#6728=CARTESIAN_POINT('Origin',(9.00000000000003,-2.99999999999968,-4.07858399065312E-14));
#6729=CARTESIAN_POINT('',(9.,2.65343302885412E-13,-30.));
#6730=CARTESIAN_POINT('',(9.,-5.99999999999974,-30.));
#6731=CARTESIAN_POINT('',(9.,-2.99999999999974,-30.));
#6732=CARTESIAN_POINT('',(8.99999999999999,0.500000000000264,-29.5000000000001));
#6733=CARTESIAN_POINT('',(8.99999999999999,0.500000000000264,-29.5000000000001));
#6734=CARTESIAN_POINT('',(9.,0.50000000000027,-26.));
#6735=CARTESIAN_POINT('',(8.99999999999999,0.500000000000262,-30.));
#6736=CARTESIAN_POINT('',(9.,-2.99999999999973,-26.));
#6737=CARTESIAN_POINT('',(9.,0.50000000000027,-26.));
#6738=CARTESIAN_POINT('',(9.00000000000003,-2.99999999999968,-4.07858399065312E-14));
#6739=CARTESIAN_POINT('',(9.00000000000003,-5.99999999999968,-3.53883589099269E-14));
#6740=CARTESIAN_POINT('Origin',(-2.87527391586237E-16,-2.99999999999975,
-30.));
#6741=CARTESIAN_POINT('',(-3.62816810089145E-15,2.55351295663786E-13,-30.));
#6742=CARTESIAN_POINT('',(3.05311331771897E-15,-5.99999999999975,-30.));
#6743=CARTESIAN_POINT('Origin',(2.88558270048243E-14,-2.99999999999969,
-3.2042833587608E-14));
#6744=CARTESIAN_POINT('',(5.,-2.99999999999973,-22.));
#6745=CARTESIAN_POINT('Origin',(5.,-2.99999999999974,-26.));
#6746=CARTESIAN_POINT('',(-4.99999999999999,-2.99999999999974,-22.));
#6747=CARTESIAN_POINT('',(5.,-2.99999999999973,-22.));
#6748=CARTESIAN_POINT('Origin',(-4.99999999999999,-2.99999999999975,-26.));
#6749=CARTESIAN_POINT('Origin',(3.21964677141295E-14,-5.99999999999969,
-2.66453525910038E-14));
#6750=CARTESIAN_POINT('Origin',(-5.,0.500000000000255,-26.));
#6751=CARTESIAN_POINT('',(-4.99999999999999,0.500000000000261,-22.));
#6752=CARTESIAN_POINT('',(-4.99999999999999,0.500000000000261,-22.));
#6753=CARTESIAN_POINT('Origin',(-5.,0.500000000000255,-26.));
#6754=CARTESIAN_POINT('Origin',(5.,0.500000000000272,-22.));
#6755=CARTESIAN_POINT('',(5.,0.500000000000272,-22.));
#6756=CARTESIAN_POINT('',(5.,0.500000000000272,-22.));
#6757=CARTESIAN_POINT('',(5.,0.500000000000272,-22.));
#6758=CARTESIAN_POINT('Origin',(5.,0.500000000000266,-26.));
#6759=CARTESIAN_POINT('Origin',(5.,0.500000000000266,-26.));
#6760=CARTESIAN_POINT('Origin',(5.,0.500000000000266,-26.));
#6761=CARTESIAN_POINT('',(4.99999999999999,0.500000000000259,-29.5000000000001));
#6762=CARTESIAN_POINT('Origin',(4.99999999999999,0.500000000000259,-29.5000000000001));
#6763=CARTESIAN_POINT('Origin',(-6.96003515490666E-15,-2.00000000000004,
-5.44431931681153E-14));
#6764=CARTESIAN_POINT('',(1.12215736896567,-1.00000000000003,4.87244936754355));
#6765=CARTESIAN_POINT('',(-1.12215736896568,-1.00000000000003,-4.87244936754366));
#6766=CARTESIAN_POINT('Origin',(-6.89365804220539E-15,-1.00000000000003,
-5.4187084726758E-14));
#6767=CARTESIAN_POINT('Origin',(-6.89365804220539E-15,-1.00000000000003,
-5.4187084726758E-14));
#6768=CARTESIAN_POINT('',(-1.25173294077477,-2.00000000000004,-5.43507135833648));
#6769=CARTESIAN_POINT('',(-1.25173294077477,-2.00000000000004,-5.43507135833648));
#6770=CARTESIAN_POINT('Origin',(-6.96003515490666E-15,-2.00000000000004,
-5.44431931681153E-14));
#6771=CARTESIAN_POINT('Origin',(-6.66133814775094E-15,2.49999999999996,
-5.32907051820075E-14));
#6772=CARTESIAN_POINT('',(2.24431473793136,2.49999999999996,9.74489873508722));
#6773=CARTESIAN_POINT('Origin',(-6.66133814775094E-15,2.49999999999996,
-5.32907051820075E-14));
#6774=CARTESIAN_POINT('',(2.24431473793136,-3.99680288865056E-14,9.74489873508722));
#6775=CARTESIAN_POINT('',(2.24431473793136,2.49999999999996,9.74489873508722));
#6776=CARTESIAN_POINT('Origin',(-6.82728092950412E-15,-3.60822483003176E-14,
-5.39309762854007E-14));
#6777=CARTESIAN_POINT('Origin',(-6.66133814775094E-15,2.49999999999996,
-5.32907051820075E-14));
#6778=CARTESIAN_POINT('',(1.57102031655194,-3.91353616180368E-14,6.82142911456099));
#6779=CARTESIAN_POINT('Origin',(-6.82728092950412E-15,-3.71924713249427E-14,
-5.39309762854007E-14));
#6780=CARTESIAN_POINT('',(1.57102031655194,-2.00000000000004,6.82142911456099));
#6781=CARTESIAN_POINT('',(1.57102031655194,2.49999999999996,6.82142911456099));
#6782=CARTESIAN_POINT('Origin',(-6.96003515490666E-15,-2.00000000000004,
-5.44431931681153E-14));
#6783=CARTESIAN_POINT('Origin',(-6.66133814775094E-15,2.49999999999996,
-5.32907051820075E-14));
#6784=CARTESIAN_POINT('',(1.12215736896567,2.49999999999996,4.87244936754355));
#6785=CARTESIAN_POINT('',(1.12215736896567,2.49999999999996,4.87244936754355));
#6786=CARTESIAN_POINT('Origin',(-6.66133814775094E-15,2.49999999999996,
-5.32907051820075E-14));
#6787=CARTESIAN_POINT('Origin',(9.74489873508734,2.49999999999996,-2.24431473793144));
#6788=CARTESIAN_POINT('Origin',(4.87244936754359,-2.00000000000004,-1.12215736896573));
#6789=CARTESIAN_POINT('Origin',(6.82142911456103,-3.66373598126302E-14,
-1.571020316552));
#6790=CARTESIAN_POINT('Origin',(1.99740901272621E-14,-2.98999999999969,
-7.10627098770366E-14));
#6791=CARTESIAN_POINT('',(1.15325875582084E-15,-2.98999999999969,-7.50000000000007));
#6792=CARTESIAN_POINT('Origin',(1.99740901272621E-14,-2.98999999999969,
-7.10627098770366E-14));
#6793=CARTESIAN_POINT('',(1.17488480221373E-15,-2.99999999999986,-7.49533692341844));
#6794=CARTESIAN_POINT('',(1.15325875582084E-15,-2.98999999999969,-7.50000000000007));
#6795=CARTESIAN_POINT('Origin',(1.99840144432528E-14,-2.99999999999969,
-7.105427357601E-14));
#6796=CARTESIAN_POINT('Origin',(1.99740901272621E-14,-2.98999999999969,
-7.10627098770366E-14));
#6797=CARTESIAN_POINT('',(1.09160308351446E-14,-2.98999999999969,-4.00000000000007));
#6798=CARTESIAN_POINT('Origin',(1.99740901272621E-14,-2.98999999999969,
-7.10627098770366E-14));
#6799=CARTESIAN_POINT('',(1.09153955450955E-14,-2.99999999999986,-4.00466307658171));
#6800=CARTESIAN_POINT('',(1.09160308351446E-14,-2.98999999999969,-4.00000000000007));
#6801=CARTESIAN_POINT('Origin',(1.99840144432528E-14,-2.99999999999969,
-7.105427357601E-14));
#6802=CARTESIAN_POINT('Origin',(1.99840144432528E-14,-2.99999999999969,
-7.105427357601E-14));
#6803=CARTESIAN_POINT('',(2.00772167146137E-15,-1.99999999999969,-7.50000000000007));
#6804=CARTESIAN_POINT('',(3.00015327053258E-15,-2.99999999999969,-7.50000000000007));
#6805=CARTESIAN_POINT('Origin',(1.89915828441816E-14,-1.99999999999969,
-7.18979036786726E-14));
#6806=CARTESIAN_POINT('Origin',(1.99840144432528E-14,-2.99999999999969,
-7.105427357601E-14));
#6807=CARTESIAN_POINT('',(5.97372147177002E-15,1.99000000000031,-4.00000000000008));
#6808=CARTESIAN_POINT('Origin',(1.50317807638875E-14,1.99000000000031,-7.52639877882965E-14));
#6809=CARTESIAN_POINT('',(1.09259551511354E-14,-2.99999999999969,-4.00000000000007));
#6810=CARTESIAN_POINT('Origin',(1.50317807638875E-14,1.99000000000031,-7.52639877882965E-14));
#6811=CARTESIAN_POINT('',(4.97237798605924E-15,2.00000000000048,-4.00466307658171));
#6812=CARTESIAN_POINT('',(4.99400403245214E-15,1.99000000000031,-4.00000000000008));
#6813=CARTESIAN_POINT('Origin',(1.50218564478968E-14,2.00000000000031,-7.52724240893231E-14));
#6814=CARTESIAN_POINT('Origin',(1.87435741875737E-14,-1.75009999999969,
-7.2108726841328E-14));
#6815=CARTESIAN_POINT('',(7.42100007242703E-15,-1.75009999999969,-5.00000000000007));
#6816=CARTESIAN_POINT('Origin',(1.87435741875737E-14,-1.75009999999969,
-7.2108726841328E-14));
#6817=CARTESIAN_POINT('',(7.1031064747599E-15,-1.99999999999969,-5.24990000000007));
#6818=CARTESIAN_POINT('Origin',(6.855097818152E-15,-1.75009999999969,-5.24990000000007));
#6819=CARTESIAN_POINT('Origin',(1.89915828441816E-14,-1.99999999999969,
-7.18979036786726E-14));
#6820=CARTESIAN_POINT('Origin',(1.99840144432528E-14,-2.99999999999969,
-7.105427357601E-14));
#6821=CARTESIAN_POINT('',(4.19549813228554E-15,1.50000000000031,-5.00000000000007));
#6822=CARTESIAN_POINT('',(8.66144032810599E-15,-2.99999999999969,-5.00000000000007));
#6823=CARTESIAN_POINT('Origin',(1.55180722474324E-14,1.50000000000031,-7.48506090379918E-14));
#6824=CARTESIAN_POINT('Origin',(1.55180722474324E-14,1.50000000000031,-7.48506090379918E-14));
#6825=CARTESIAN_POINT('',(4.35299145407949E-15,2.00000000000048,-4.71132486540536));
#6826=CARTESIAN_POINT('',(4.19549813228554E-15,1.50000000000031,-5.00000000000007));
#6827=CARTESIAN_POINT('Origin',(1.50218564478968E-14,2.00000000000031,-7.52724240893231E-14));
#6828=CARTESIAN_POINT('Origin',(1.50218564478968E-14,2.00000000000031,-7.52724240893231E-14));
#6829=CARTESIAN_POINT('Origin',(1.89915828441816E-14,-1.99999999999969,
-7.18979036786726E-14));
#6830=CARTESIAN_POINT('Origin',(1.99840144432528E-14,-2.99999999999969,
-7.105427357601E-14));
#6831=CARTESIAN_POINT('Origin',(1.49880108324396E-14,3.99999999999991,-7.99360577730113E-14));
#6832=CARTESIAN_POINT('',(8.7704088615789,3.99999999999991,-2.01988326413656));
#6833=CARTESIAN_POINT('Origin',(1.49880108324396E-14,3.99999999999991,-7.99360577730113E-14));
#6834=CARTESIAN_POINT('',(8.7704088615789,2.4999999999999,-2.01988326413656));
#6835=CARTESIAN_POINT('',(8.7704088615789,3.99999999999991,-2.01988326413656));
#6836=CARTESIAN_POINT('Origin',(1.3441300859735E-14,2.49999999999991,-7.95823944265453E-14));
#6837=CARTESIAN_POINT('Origin',(1.49880108324396E-14,3.99999999999991,-7.99360577730113E-14));
#6838=CARTESIAN_POINT('',(3.89795949403507,2.49999999999991,-0.897725895171847));
#6839=CARTESIAN_POINT('Origin',(1.3441300859735E-14,2.49999999999991,-7.95823944265453E-14));
#6840=CARTESIAN_POINT('',(3.89795949403507,3.99999999999991,-0.897725895171847));
#6841=CARTESIAN_POINT('',(3.89795949403507,3.99999999999991,-0.897725895171847));
#6842=CARTESIAN_POINT('Origin',(1.49880108324396E-14,3.99999999999991,-7.99360577730113E-14));
#6843=CARTESIAN_POINT('Origin',(-6.33418417780695,4.74999999999992,1.45880457965404));
#6844=CARTESIAN_POINT('',(-5.60331677267538,2.49999999999992,1.29048097430934));
#6845=CARTESIAN_POINT('Origin',(-6.33418417780696,2.49999999999992,1.45880457965404));
#6846=CARTESIAN_POINT('',(-5.60331677267538,3.99999999999992,1.29048097430934));
#6847=CARTESIAN_POINT('',(-5.60331677267538,4.74999999999992,1.29048097430933));
#6848=CARTESIAN_POINT('Origin',(-6.33418417780696,3.99999999999992,1.45880457965404));
#6849=CARTESIAN_POINT('Origin',(1.3441300859735E-14,2.49999999999991,-7.95823944265453E-14));
#6850=CARTESIAN_POINT('Origin',(1.49880108324396E-14,3.99999999999991,-7.99360577730113E-14));
#6851=CARTESIAN_POINT('Origin',(3.64740563284434E-13,0.500000000000174,
-31.9999999999982));
#6852=CARTESIAN_POINT('',(-5.88611719682473,-0.663453628315043,-31.9999999999982));
#6853=CARTESIAN_POINT('Origin',(3.64740563284434E-13,0.500000000000174,
-31.9999999999982));
#6854=CARTESIAN_POINT('',(-5.88611719682508,-0.663453628315778,-356.999999999998));
#6855=CARTESIAN_POINT('',(-5.88611719682473,-0.663453628315043,-31.9999999999982));
#6856=CARTESIAN_POINT('Origin',(1.55431223447522E-14,0.499999999999439,
-356.999999999998));
#6857=CARTESIAN_POINT('Origin',(3.64740563284434E-13,0.500000000000174,
-31.9999999999982));
#6858=CARTESIAN_POINT('',(-6.86713672962927,-0.857362566368314,-356.999999999998));
#6859=CARTESIAN_POINT('Origin',(1.55431223447522E-14,0.499999999999439,
-356.999999999998));
#6860=CARTESIAN_POINT('',(-6.86713672962892,-0.857362566367579,-31.9999999999982));
#6861=CARTESIAN_POINT('',(-6.86713672962892,-0.857362566367579,-31.9999999999982));
#6862=CARTESIAN_POINT('Origin',(3.64740563284434E-13,0.500000000000174,
-31.9999999999982));
#6863=CARTESIAN_POINT('Origin',(3.64740563284434E-13,0.500000000000174,
-31.9999999999982));
#6864=CARTESIAN_POINT('Origin',(1.55431223447522E-14,0.499999999999439,
-356.999999999998));
#6865=CARTESIAN_POINT('Origin',(-4.99999999999991,0.499999999999431,-362.999999999998));
#6866=CARTESIAN_POINT('',(-4.99999999999989,-6.00000000000057,-361.349999999998));
#6867=CARTESIAN_POINT('Origin',(-4.99999999999989,-6.00000000000057,-362.999999999998));
#6868=CARTESIAN_POINT('',(-4.9999999999999,0.499999999999432,-361.349999999998));
#6869=CARTESIAN_POINT('',(-4.9999999999999,0.499999999999432,-361.349999999998));
#6870=CARTESIAN_POINT('Origin',(-4.99999999999991,0.499999999999431,-362.999999999998));
#6871=CARTESIAN_POINT('Origin',(5.00000000000009,0.499999999999452,-362.999999999998));
#6872=CARTESIAN_POINT('',(5.00000000000011,-6.00000000000055,-361.349999999998));
#6873=CARTESIAN_POINT('Origin',(5.00000000000011,-6.00000000000055,-362.999999999998));
#6874=CARTESIAN_POINT('',(5.00000000000009,0.499999999999453,-361.349999999998));
#6875=CARTESIAN_POINT('',(5.00000000000009,0.499999999999453,-361.349999999998));
#6876=CARTESIAN_POINT('Origin',(5.00000000000009,0.499999999999452,-362.999999999998));
#6877=CARTESIAN_POINT('Origin',(6.35708237957586E-14,-3.00000000000058,
-388.999999999998));
#6878=CARTESIAN_POINT('',(7.0785024400277E-14,-3.50000000000062,-384.999999999998));
#6879=CARTESIAN_POINT('Origin',(6.46330282550297E-14,-3.5000000000006,-388.999999999998));
#6880=CARTESIAN_POINT('',(7.04918194591618E-14,-3.00000000000056,-384.499999999998));
#6881=CARTESIAN_POINT('',(7.04918194591618E-14,-3.00000000000057,-384.499999999998));
#6882=CARTESIAN_POINT('Origin',(6.35708237957586E-14,-3.00000000000058,
-388.999999999998));
#6883=CARTESIAN_POINT('Origin',(6.35708237957586E-14,-3.00000000000058,
-388.999999999998));
#6884=CARTESIAN_POINT('',(7.60960466966321E-14,-6.00000000000058,-384.999999999998));
#6885=CARTESIAN_POINT('Origin',(6.99440505513849E-14,-6.00000000000058,
-388.999999999998));
#6886=CARTESIAN_POINT('',(6.97228199410059E-14,-3.00000000000058,-384.999999999998));
#6887=CARTESIAN_POINT('Origin',(9.00000000000006,-3.00000000000056,-388.999999999998));
#6888=CARTESIAN_POINT('',(9.0000000000001,0.499999999999464,-359.499999999998));
#6889=CARTESIAN_POINT('',(9.00000000000009,0.499999999999461,-362.999999999998));
#6890=CARTESIAN_POINT('',(9.0000000000001,0.499999999999464,-358.999999999998));
#6891=CARTESIAN_POINT('',(9.0000000000001,-5.32907051820075E-13,-358.999999999998));
#6892=CARTESIAN_POINT('',(9.0000000000001,0.499999999999464,-359.499999999998));
#6893=CARTESIAN_POINT('',(9.00000000000011,-6.00000000000054,-358.999999999998));
#6894=CARTESIAN_POINT('',(9.0000000000001,-3.00000000000054,-358.999999999998));
#6895=CARTESIAN_POINT('',(9.00000000000007,-6.00000000000056,-388.999999999998));
#6896=CARTESIAN_POINT('',(9.00000000000007,-6.00000000000056,-388.999999999998));
#6897=CARTESIAN_POINT('',(9.00000000000006,-3.00000000000056,-388.999999999998));
#6898=CARTESIAN_POINT('',(9.00000000000006,-3.00000000000056,-388.999999999998));
#6899=CARTESIAN_POINT('',(9.0000000000001,-3.00000000000054,-362.999999999998));
#6900=CARTESIAN_POINT('',(9.00000000000006,-3.00000000000056,-388.999999999998));
#6901=CARTESIAN_POINT('',(9.00000000000009,0.499999999999461,-362.999999999998));
#6902=CARTESIAN_POINT('Origin',(6.35708237957586E-14,-3.00000000000058,
-388.999999999998));
#6903=CARTESIAN_POINT('',(-8.99999999999993,-6.0000000000006,-388.999999999998));
#6904=CARTESIAN_POINT('Origin',(6.99440505513849E-14,-6.00000000000058,
-388.999999999998));
#6905=CARTESIAN_POINT('',(-8.99999999999994,-3.0000000000006,-388.999999999998));
#6906=CARTESIAN_POINT('',(-8.99999999999994,-3.0000000000006,-388.999999999998));
#6907=CARTESIAN_POINT('Origin',(6.35708237957586E-14,-3.00000000000058,
-388.999999999998));
#6908=CARTESIAN_POINT('Origin',(-8.99999999999994,-3.0000000000006,-388.999999999998));
#6909=CARTESIAN_POINT('',(-8.9999999999999,-5.7065463465733E-13,-358.999999999998));
#6910=CARTESIAN_POINT('',(-8.99999999999989,-6.00000000000057,-358.999999999998));
#6911=CARTESIAN_POINT('',(-8.99999999999989,-3.00000000000057,-358.999999999998));
#6912=CARTESIAN_POINT('',(-8.9999999999999,0.499999999999425,-359.499999999998));
#6913=CARTESIAN_POINT('',(-8.9999999999999,0.499999999999425,-359.499999999998));
#6914=CARTESIAN_POINT('',(-8.99999999999991,0.499999999999423,-362.999999999998));
#6915=CARTESIAN_POINT('',(-8.9999999999999,0.499999999999426,-358.999999999998));
#6916=CARTESIAN_POINT('',(-8.9999999999999,-3.00000000000058,-362.999999999998));
#6917=CARTESIAN_POINT('',(-8.99999999999991,0.499999999999423,-362.999999999998));
#6918=CARTESIAN_POINT('',(-8.99999999999994,-3.0000000000006,-388.999999999998));
#6919=CARTESIAN_POINT('',(-8.99999999999993,-6.0000000000006,-388.999999999998));
#6920=CARTESIAN_POINT('Origin',(1.06036854487671E-13,-3.00000000000056,
-358.999999999998));
#6921=CARTESIAN_POINT('',(9.96636277320449E-14,-5.51780843238703E-13,-358.999999999998));
#6922=CARTESIAN_POINT('',(1.12410081243297E-13,-6.00000000000056,-358.999999999998));
#6923=CARTESIAN_POINT('Origin',(6.35708237957586E-14,-3.00000000000058,
-388.999999999998));
#6924=CARTESIAN_POINT('',(-4.9999999999999,-3.00000000000057,-366.999999999998));
#6925=CARTESIAN_POINT('Origin',(-4.9999999999999,-3.00000000000057,-362.999999999998));
#6926=CARTESIAN_POINT('',(5.00000000000009,-3.00000000000055,-366.999999999998));
#6927=CARTESIAN_POINT('',(-4.9999999999999,-3.00000000000057,-366.999999999998));
#6928=CARTESIAN_POINT('Origin',(5.0000000000001,-3.00000000000055,-362.999999999998));
#6929=CARTESIAN_POINT('Origin',(6.99440505513849E-14,-6.00000000000058,
-388.999999999998));
#6930=CARTESIAN_POINT('Origin',(5.00000000000009,0.499999999999452,-362.999999999998));
#6931=CARTESIAN_POINT('',(5.00000000000009,0.499999999999449,-366.999999999998));
#6932=CARTESIAN_POINT('',(5.00000000000009,0.499999999999449,-366.999999999998));
#6933=CARTESIAN_POINT('Origin',(5.00000000000009,0.499999999999452,-362.999999999998));
#6934=CARTESIAN_POINT('Origin',(-4.99999999999991,0.499999999999428,-366.999999999998));
#6935=CARTESIAN_POINT('',(-4.99999999999991,0.499999999999428,-366.999999999998));
#6936=CARTESIAN_POINT('',(-4.99999999999991,0.499999999999428,-366.999999999998));
#6937=CARTESIAN_POINT('',(-4.99999999999991,0.499999999999428,-366.999999999998));
#6938=CARTESIAN_POINT('Origin',(-4.9999999999999,0.499999999999431,-362.999999999998));
#6939=CARTESIAN_POINT('Origin',(-4.9999999999999,0.499999999999431,-362.999999999998));
#6940=CARTESIAN_POINT('Origin',(-4.9999999999999,0.499999999999431,-362.999999999998));
#6941=CARTESIAN_POINT('',(-4.9999999999999,0.499999999999434,-359.499999999998));
#6942=CARTESIAN_POINT('Origin',(-4.9999999999999,0.499999999999434,-359.499999999998));
#6943=CARTESIAN_POINT('Origin',(-11.9999999999999,-8.50000000000058,-343.999999999998));
#6944=CARTESIAN_POINT('',(-12.,-1.50000000000058,-342.349999999998));
#6945=CARTESIAN_POINT('Origin',(-12.,-1.50000000000058,-343.999999999998));
#6946=CARTESIAN_POINT('',(-11.9999999999999,-8.50000000000058,-342.349999999998));
#6947=CARTESIAN_POINT('',(-11.9999999999999,-8.50000000000058,-342.349999999998));
#6948=CARTESIAN_POINT('Origin',(-11.9999999999999,-8.50000000000058,-343.999999999998));
#6949=CARTESIAN_POINT('Origin',(-11.9999999999999,-8.5000000000006,-353.999999999998));
#6950=CARTESIAN_POINT('',(-12.,-1.5000000000006,-352.349999999998));
#6951=CARTESIAN_POINT('Origin',(-12.,-1.5000000000006,-353.999999999998));
#6952=CARTESIAN_POINT('',(-11.9999999999999,-8.5000000000006,-352.349999999998));
#6953=CARTESIAN_POINT('',(-11.9999999999999,-8.5000000000006,-352.349999999998));
#6954=CARTESIAN_POINT('Origin',(-11.9999999999999,-8.5000000000006,-353.999999999998));
#6955=CARTESIAN_POINT('Origin',(3.95678039770911E-14,0.499999999999438,
-338.999999999998));
#6956=CARTESIAN_POINT('',(-6.70820393249932,-1.50000000000057,-338.999999999998));
#6957=CARTESIAN_POINT('',(-6.99999999999996,0.499999999999431,-338.999999999998));
#6958=CARTESIAN_POINT('Origin',(3.95678039770911E-14,0.499999999999438,
-338.999999999998));
#6959=CARTESIAN_POINT('',(-6.99999999999997,0.49999999999939,-358.999999999998));
#6960=CARTESIAN_POINT('',(-6.99999999999996,0.499999999999431,-338.999999999998));
#6961=CARTESIAN_POINT('',(7.00000000000004,0.499999999999402,-358.999999999998));
#6962=CARTESIAN_POINT('Origin',(3.73473579278407E-14,0.499999999999396,
-358.999999999998));
#6963=CARTESIAN_POINT('',(-6.70820393249933,-1.50000000000061,-358.999999999998));
#6964=CARTESIAN_POINT('Origin',(3.73473579278407E-14,0.499999999999396,
-358.999999999998));
#6965=CARTESIAN_POINT('',(-6.70820393249932,-1.50000000000057,-338.999999999998));
#6966=CARTESIAN_POINT('Origin',(5.00000000000004,0.499999999999392,-362.999999999998));
#6967=CARTESIAN_POINT('',(5.00000000000003,9.9999999999994,-360.749999999998));
#6968=CARTESIAN_POINT('Origin',(5.00000000000003,9.99999999999939,-362.999999999998));
#6969=CARTESIAN_POINT('',(5.00000000000004,0.499999999999397,-360.749999999998));
#6970=CARTESIAN_POINT('',(5.00000000000004,0.499999999999397,-360.749999999998));
#6971=CARTESIAN_POINT('Origin',(5.00000000000004,0.499999999999392,-362.999999999998));
#6972=CARTESIAN_POINT('Origin',(-4.99999999999996,0.499999999999383,-362.999999999998));
#6973=CARTESIAN_POINT('',(-4.99999999999997,9.99999999999939,-360.749999999998));
#6974=CARTESIAN_POINT('Origin',(-4.99999999999997,9.99999999999939,-362.999999999998));
#6975=CARTESIAN_POINT('',(-4.99999999999996,0.499999999999388,-360.749999999998));
#6976=CARTESIAN_POINT('',(-4.99999999999996,0.499999999999388,-360.749999999998));
#6977=CARTESIAN_POINT('Origin',(-4.99999999999996,0.499999999999383,-362.999999999998));
#6978=CARTESIAN_POINT('Origin',(4.2775803897708E-14,-6.00000000000067,-388.999999999998));
#6979=CARTESIAN_POINT('',(4.10280608771545E-14,-5.00000000000067,-392.999999999998));
#6980=CARTESIAN_POINT('Origin',(4.19620088066635E-14,-5.00000000000066,
-388.999999999998));
#6981=CARTESIAN_POINT('',(4.20753429505763E-14,-6.00000000000069,-391.999999999998));
#6982=CARTESIAN_POINT('',(4.20753429505763E-14,-6.00000000000067,-391.999999999998));
#6983=CARTESIAN_POINT('Origin',(4.2775803897708E-14,-6.00000000000067,-388.999999999998));
#6984=CARTESIAN_POINT('Origin',(4.2775803897708E-14,-6.00000000000067,-388.999999999998));
#6985=CARTESIAN_POINT('',(3.3703905057754E-14,3.99999999999933,-392.999999999998));
#6986=CARTESIAN_POINT('Origin',(3.4637852987263E-14,3.99999999999934,-388.999999999998));
#6987=CARTESIAN_POINT('',(4.1841855968199E-14,-6.00000000000068,-392.999999999998));
#6988=CARTESIAN_POINT('Origin',(-12.,0.499999999999416,-343.999999999998));
#6989=CARTESIAN_POINT('',(-12.,7.99999999999942,-341.749999999998));
#6990=CARTESIAN_POINT('Origin',(-12.,7.99999999999942,-343.999999999998));
#6991=CARTESIAN_POINT('',(-12.,0.499999999999421,-341.749999999998));
#6992=CARTESIAN_POINT('',(-12.,0.499999999999421,-341.749999999998));
#6993=CARTESIAN_POINT('Origin',(-12.,0.499999999999416,-343.999999999998));
#6994=CARTESIAN_POINT('Origin',(-12.,0.499999999999396,-353.999999999998));
#6995=CARTESIAN_POINT('',(-12.,7.9999999999994,-351.749999999998));
#6996=CARTESIAN_POINT('Origin',(-12.,7.9999999999994,-353.999999999998));
#6997=CARTESIAN_POINT('',(-12.,0.499999999999401,-351.749999999998));
#6998=CARTESIAN_POINT('',(-12.,0.499999999999401,-351.749999999998));
#6999=CARTESIAN_POINT('Origin',(-12.,0.499999999999396,-353.999999999998));
#7000=CARTESIAN_POINT('Origin',(5.00000000000003,9.99999999999939,-362.999999999998));
#7001=CARTESIAN_POINT('',(-6.99999999999997,9.9999999999994,-353.999999999998));
#7002=CARTESIAN_POINT('',(-8.99999999999997,9.99999999999939,-357.999999999998));
#7003=CARTESIAN_POINT('Origin',(-12.,9.9999999999994,-353.999999999998));
#7004=CARTESIAN_POINT('',(-6.99999999999997,9.99999999999943,-338.999999999998));
#7005=CARTESIAN_POINT('',(-6.99999999999997,9.99999999999933,-388.999999999998));
#7006=CARTESIAN_POINT('',(9.00000000000004,9.99999999999945,-338.999999999998));
#7007=CARTESIAN_POINT('',(3.5306197564122E-14,9.99999999999944,-338.999999999998));
#7008=CARTESIAN_POINT('',(9.00000000000003,9.9999999999994,-362.999999999998));
#7009=CARTESIAN_POINT('',(9.00000000000003,9.9999999999994,-358.999999999998));
#7010=CARTESIAN_POINT('',(5.00000000000003,9.99999999999939,-366.999999999998));
#7011=CARTESIAN_POINT('Origin',(5.00000000000003,9.99999999999939,-362.999999999998));
#7012=CARTESIAN_POINT('',(-4.99999999999997,9.99999999999938,-366.999999999998));
#7013=CARTESIAN_POINT('',(5.00000000000003,9.99999999999939,-366.999999999998));
#7014=CARTESIAN_POINT('',(-8.99999999999997,9.99999999999938,-362.999999999998));
#7015=CARTESIAN_POINT('Origin',(-4.99999999999997,9.99999999999939,-362.999999999998));
#7016=CARTESIAN_POINT('',(-8.99999999999998,9.99999999999939,-358.999999999998));
#7017=CARTESIAN_POINT('Origin',(3.55271367880051E-14,6.9999999999994,-358.999999999998));
#7018=CARTESIAN_POINT('',(-8.99999999999997,7.99999999999939,-358.999999999998));
#7019=CARTESIAN_POINT('',(-12.,7.99999999999939,-358.999999999998));
#7020=CARTESIAN_POINT('',(3.47133416969606E-14,7.9999999999994,-358.999999999998));
#7021=CARTESIAN_POINT('',(-8.99999999999997,0.499999999999389,-358.999999999998));
#7022=CARTESIAN_POINT('',(-8.99999999999996,3.99999999999939,-358.999999999998));
#7023=CARTESIAN_POINT('',(-12.,0.499999999999386,-358.999999999998));
#7024=CARTESIAN_POINT('',(4.08168048797943E-14,0.499999999999396,-358.999999999998));
#7025=CARTESIAN_POINT('',(-12.,9.99999999999939,-358.999999999998));
#7026=CARTESIAN_POINT('Origin',(-17.,6.99999999999942,-338.999999999998));
#7027=CARTESIAN_POINT('',(-17.,0.499999999999411,-343.999999999998));
#7028=CARTESIAN_POINT('',(-17.,7.99999999999941,-343.999999999998));
#7029=CARTESIAN_POINT('',(-17.,6.99999999999941,-343.999999999998));
#7030=CARTESIAN_POINT('',(-17.,7.99999999999939,-353.999999999998));
#7031=CARTESIAN_POINT('',(-17.,7.99999999999932,-388.999999999998));
#7032=CARTESIAN_POINT('',(-17.,0.49999999999939,-353.999999999998));
#7033=CARTESIAN_POINT('',(-17.,0.49999999999939,-353.999999999998));
#7034=CARTESIAN_POINT('',(-17.,0.499999999999421,-338.999999999998));
#7035=CARTESIAN_POINT('Origin',(3.77475828372555E-14,6.99999999999944,-338.999999999998));
#7036=CARTESIAN_POINT('',(-6.99999999999997,7.99999999999943,-338.999999999998));
#7037=CARTESIAN_POINT('',(-6.99999999999997,7.99999999999943,-338.999999999998));
#7038=CARTESIAN_POINT('',(-12.,7.99999999999943,-338.999999999998));
#7039=CARTESIAN_POINT('',(3.6933787746211E-14,7.99999999999944,-338.999999999998));
#7040=CARTESIAN_POINT('',(-12.,0.499999999999428,-338.999999999998));
#7041=CARTESIAN_POINT('',(-12.,6.99999999999942,-338.999999999998));
#7042=CARTESIAN_POINT('',(4.30372509290447E-14,0.499999999999438,-338.999999999998));
#7043=CARTESIAN_POINT('',(-12.,-1.50000000000057,-338.999999999998));
#7044=CARTESIAN_POINT('',(4.60975501785398E-14,-1.50000000000056,-338.999999999998));
#7045=CARTESIAN_POINT('',(-11.9999999999999,-8.50000000000057,-338.999999999998));
#7046=CARTESIAN_POINT('',(-11.9999999999999,-8.50000000000057,-338.999999999998));
#7047=CARTESIAN_POINT('',(5.03614067484452E-14,-8.50000000000056,-338.999999999998));
#7048=CARTESIAN_POINT('',(5.03614067484452E-14,-8.50000000000056,-338.999999999998));
#7049=CARTESIAN_POINT('',(9.00000000000004,0.499999999999444,-338.999999999998));
#7050=CARTESIAN_POINT('Origin',(3.95678039770911E-14,0.499999999999438,
-338.999999999998));
#7051=CARTESIAN_POINT('',(9.00000000000004,6.99999999999945,-338.999999999998));
#7052=CARTESIAN_POINT('Origin',(-12.,6.99999999999941,-343.999999999998));
#7053=CARTESIAN_POINT('Origin',(-12.,7.99999999999942,-343.999999999998));
#7054=CARTESIAN_POINT('Origin',(-12.,0.499999999999416,-343.999999999998));
#7055=CARTESIAN_POINT('Origin',(-12.,6.99999999999939,-353.999999999998));
#7056=CARTESIAN_POINT('Origin',(-12.,7.9999999999994,-353.999999999998));
#7057=CARTESIAN_POINT('Origin',(-12.,0.499999999999396,-353.999999999998));
#7058=CARTESIAN_POINT('Origin',(5.00000000000004,0.499999999999392,-362.999999999998));
#7059=CARTESIAN_POINT('',(-8.99999999999996,0.499999999999381,-362.999999999998));
#7060=CARTESIAN_POINT('',(-8.99999999999997,0.499999999999389,-358.999999999998));
#7061=CARTESIAN_POINT('',(-4.99999999999996,0.499999999999375,-366.999999999998));
#7062=CARTESIAN_POINT('Origin',(-4.99999999999996,0.499999999999383,-362.999999999998));
#7063=CARTESIAN_POINT('',(5.00000000000004,0.499999999999383,-366.999999999998));
#7064=CARTESIAN_POINT('',(5.00000000000004,0.499999999999383,-366.999999999998));
#7065=CARTESIAN_POINT('',(9.00000000000004,0.499999999999395,-362.999999999998));
#7066=CARTESIAN_POINT('Origin',(5.00000000000004,0.499999999999392,-362.999999999998));
#7067=CARTESIAN_POINT('',(9.00000000000004,0.499999999999403,-358.999999999998));
#7068=CARTESIAN_POINT('',(9.00000000000004,0.499999999999403,-358.999999999998));
#7069=CARTESIAN_POINT('',(9.00000000000004,0.499999999999403,-358.999999999998));
#7070=CARTESIAN_POINT('',(9.00000000000004,0.499999999999403,-358.999999999998));
#7071=CARTESIAN_POINT('Origin',(5.03614067484452E-14,-8.50000000000056,
-338.999999999998));
#7072=CARTESIAN_POINT('',(-17.,-8.50000000000059,-343.999999999998));
#7073=CARTESIAN_POINT('Origin',(-11.9999999999999,-8.50000000000058,-343.999999999998));
#7074=CARTESIAN_POINT('',(-17.,-8.50000000000061,-353.999999999998));
#7075=CARTESIAN_POINT('',(-16.9999999999999,-8.50000000000058,-338.999999999998));
#7076=CARTESIAN_POINT('',(-11.9999999999999,-8.50000000000061,-358.999999999998));
#7077=CARTESIAN_POINT('Origin',(-11.9999999999999,-8.5000000000006,-353.999999999998));
#7078=CARTESIAN_POINT('',(4.81409606991948E-14,-8.5000000000006,-358.999999999998));
#7079=CARTESIAN_POINT('',(4.81409606991948E-14,-8.5000000000006,-358.999999999998));
#7080=CARTESIAN_POINT('',(5.03614067484452E-14,-8.50000000000056,-338.999999999998));
#7081=CARTESIAN_POINT('Origin',(3.79685220611386E-14,3.9999999999994,-358.999999999998));
#7082=CARTESIAN_POINT('Origin',(9.00000000000004,3.99999999999934,-388.999999999998));
#7083=CARTESIAN_POINT('',(9.00000000000003,6.99999999999934,-388.999999999998));
#7084=CARTESIAN_POINT('',(9.00000000000004,6.9999999999994,-362.999999999998));
#7085=CARTESIAN_POINT('',(9.00000000000003,6.99999999999934,-388.999999999998));
#7086=CARTESIAN_POINT('',(9.00000000000003,9.9999999999994,-362.999999999998));
#7087=CARTESIAN_POINT('',(9.00000000000004,0.499999999999444,-338.999999999998));
#7088=CARTESIAN_POINT('',(9.00000000000004,3.9999999999994,-362.999999999998));
#7089=CARTESIAN_POINT('',(9.00000000000003,9.9999999999994,-362.999999999998));
#7090=CARTESIAN_POINT('',(9.00000000000004,3.99999999999934,-388.999999999998));
#7091=CARTESIAN_POINT('',(9.00000000000004,3.99999999999934,-388.999999999998));
#7092=CARTESIAN_POINT('',(9.00000000000004,3.99999999999934,-388.999999999998));
#7093=CARTESIAN_POINT('Origin',(-8.99999999999997,3.99999999999933,-388.999999999998));
#7094=CARTESIAN_POINT('',(-8.99999999999997,7.99999999999939,-357.999999999998));
#7095=CARTESIAN_POINT('',(-9.00000000000003,7.99999999999933,-388.999999999998));
#7096=CARTESIAN_POINT('',(-8.99999999999997,7.99999999999939,-357.999999999998));
#7097=CARTESIAN_POINT('',(-8.99999999999996,6.99999999999938,-362.999999999998));
#7098=CARTESIAN_POINT('',(-8.99999999999997,9.99999999999938,-362.999999999998));
#7099=CARTESIAN_POINT('',(-8.99999999999997,6.99999999999933,-388.999999999998));
#7100=CARTESIAN_POINT('',(-8.99999999999997,6.99999999999933,-388.999999999998));
#7101=CARTESIAN_POINT('',(-8.99999999999997,3.99999999999933,-388.999999999998));
#7102=CARTESIAN_POINT('',(-8.99999999999997,3.99999999999933,-388.999999999998));
#7103=CARTESIAN_POINT('',(-8.99999999999996,3.99999999999938,-362.999999999998));
#7104=CARTESIAN_POINT('',(-8.99999999999997,3.99999999999933,-388.999999999998));
#7105=CARTESIAN_POINT('',(-8.99999999999997,9.99999999999938,-362.999999999998));
#7106=CARTESIAN_POINT('Origin',(3.21964677141295E-14,6.99999999999934,-388.999999999998));
#7107=CARTESIAN_POINT('',(-4.99999999999997,6.99999999999938,-366.999999999998));
#7108=CARTESIAN_POINT('',(5.00000000000003,6.99999999999938,-366.999999999998));
#7109=CARTESIAN_POINT('',(3.46389583683049E-14,6.99999999999938,-366.999999999998));
#7110=CARTESIAN_POINT('Origin',(5.00000000000003,6.99999999999939,-362.999999999998));
#7111=CARTESIAN_POINT('Origin',(3.21964677141295E-14,6.99999999999934,-388.999999999998));
#7112=CARTESIAN_POINT('Origin',(-4.99999999999996,6.99999999999938,-362.999999999998));
#7113=CARTESIAN_POINT('Origin',(3.4637852987263E-14,3.99999999999934,-388.999999999998));
#7114=CARTESIAN_POINT('',(5.00000000000004,3.99999999999938,-366.999999999998));
#7115=CARTESIAN_POINT('Origin',(5.00000000000004,3.99999999999939,-362.999999999998));
#7116=CARTESIAN_POINT('',(-4.99999999999996,3.99999999999938,-366.999999999998));
#7117=CARTESIAN_POINT('',(3.70803436414385E-14,3.99999999999938,-366.999999999998));
#7118=CARTESIAN_POINT('Origin',(-4.99999999999996,3.99999999999938,-362.999999999998));
#7119=CARTESIAN_POINT('Origin',(3.4637852987263E-14,3.99999999999934,-388.999999999998));
#7120=CARTESIAN_POINT('Origin',(3.4637852987263E-14,3.99999999999934,-388.999999999998));
#7121=CARTESIAN_POINT('Origin',(4.2775803897708E-14,-6.00000000000067,-388.999999999998));
#7122=CARTESIAN_POINT('Origin',(-4.99999999999997,9.99999999999939,-362.999999999998));
#7123=CARTESIAN_POINT('',(-4.99999999999997,9.99999999999938,-366.999999999998));
#7124=CARTESIAN_POINT('Origin',(5.00000000000003,9.99999999999939,-366.999999999998));
#7125=CARTESIAN_POINT('',(5.00000000000003,9.99999999999939,-366.999999999998));
#7126=CARTESIAN_POINT('Origin',(5.00000000000003,9.99999999999939,-362.999999999998));
#7127=CARTESIAN_POINT('Origin',(5.00000000000003,9.99999999999939,-362.999999999998));
#7128=CARTESIAN_POINT('',(5.00000000000003,9.99999999999939,-366.999999999998));
#7129=CARTESIAN_POINT('Origin',(5.00000000000003,9.99999999999939,-366.999999999998));
#7130=CARTESIAN_POINT('',(-4.99999999999997,9.99999999999938,-366.999999999998));
#7131=CARTESIAN_POINT('Origin',(-4.99999999999997,9.99999999999939,-362.999999999998));
#7132=CARTESIAN_POINT('Origin',(3.95678039770911E-14,0.499999999999438,
-338.999999999998));
#7133=CARTESIAN_POINT('Origin',(3.73473579278407E-14,0.499999999999396,
-358.999999999998));
#7134=CARTESIAN_POINT('Origin',(4.60975501785398E-14,-1.50000000000056,
-338.999999999998));
#7135=CARTESIAN_POINT('',(-17.,-1.50000000000059,-343.999999999998));
#7136=CARTESIAN_POINT('',(-17.,-1.50000000000061,-353.999999999998));
#7137=CARTESIAN_POINT('',(-17.,-1.50000000000058,-338.999999999998));
#7138=CARTESIAN_POINT('Origin',(-12.,-1.50000000000058,-343.999999999998));
#7139=CARTESIAN_POINT('',(-12.,-1.50000000000061,-358.999999999998));
#7140=CARTESIAN_POINT('',(4.38771041292895E-14,-1.5000000000006,-358.999999999998));
#7141=CARTESIAN_POINT('Origin',(-12.,-1.5000000000006,-353.999999999998));
#7142=CARTESIAN_POINT('Origin',(-17.,6.99999999999942,-338.999999999998));
#7143=CARTESIAN_POINT('',(-17.,-1.50000000000059,-343.999999999998));
#7144=CARTESIAN_POINT('',(-17.,6.99999999999939,-353.999999999998));
#7145=CARTESIAN_POINT('Origin',(3.55271367880051E-14,6.9999999999994,-358.999999999998));
#7146=CARTESIAN_POINT('',(-12.,6.99999999999939,-358.999999999998));
#7147=CARTESIAN_POINT('Origin',(-12.,6.99999999999942,-343.999999999998));
#7148=CARTESIAN_POINT('Origin',(-12.,6.9999999999994,-353.999999999998));
#7149=CARTESIAN_POINT('Origin',(-6.99999999999997,7.99999999999933,-388.999999999998));
#7150=CARTESIAN_POINT('',(-6.99999999999997,7.9999999999994,-353.999999999998));
#7151=CARTESIAN_POINT('',(-6.99999999999997,7.9999999999994,-353.999999999998));
#7152=CARTESIAN_POINT('',(-6.99999999999997,7.99999999999933,-388.999999999998));
#7153=CARTESIAN_POINT('Origin',(-12.,7.9999999999994,-353.999999999998));
#7154=CARTESIAN_POINT('Origin',(-12.,7.9999999999994,-353.999999999998));
#7155=CARTESIAN_POINT('Origin',(3.1382672623085E-14,7.99999999999934,-388.999999999998));
#7156=CARTESIAN_POINT('Origin',(9.10144286257987E-14,-2.99000000000061,
-388.999999999998));
#7157=CARTESIAN_POINT('',(4.20303262657974,-2.9900000000006,-395.211643642377));
#7158=CARTESIAN_POINT('Origin',(9.10144286257987E-14,-2.99000000000061,
-388.999999999998));
#7159=CARTESIAN_POINT('',(4.20041941817802,-3.00000000000081,-395.207781593043));
#7160=CARTESIAN_POINT('',(4.20303262657974,-2.99000000000061,-395.211643642377));
#7161=CARTESIAN_POINT('Origin',(9.10382880192628E-14,-3.00000000000061,
-388.999999999998));
#7162=CARTESIAN_POINT('Origin',(9.10144286257987E-14,-2.99000000000061,
-388.999999999998));
#7163=CARTESIAN_POINT('',(2.24161740084257,-2.9900000000006,-392.312876609267));
#7164=CARTESIAN_POINT('Origin',(9.10144286257987E-14,-2.99000000000061,
-388.999999999998));
#7165=CARTESIAN_POINT('',(2.24423060924429,-3.00000000000081,-392.3167386586));
#7166=CARTESIAN_POINT('',(2.24161740084257,-2.99000000000061,-392.312876609267));
#7167=CARTESIAN_POINT('Origin',(9.10382880192628E-14,-3.00000000000061,
-388.999999999998));
#7168=CARTESIAN_POINT('Origin',(9.10382880192628E-14,-3.00000000000061,
-388.999999999998));
#7169=CARTESIAN_POINT('',(4.20303262657974,-2.00000000000061,-395.211643642377));
#7170=CARTESIAN_POINT('',(4.20303262657974,-3.00000000000061,-395.211643642377));
#7171=CARTESIAN_POINT('Origin',(8.86523486728433E-14,-2.00000000000061,
-388.999999999998));
#7172=CARTESIAN_POINT('Origin',(9.10382880192628E-14,-3.00000000000061,
-388.999999999998));
#7173=CARTESIAN_POINT('',(2.24161740084256,1.98999999999939,-392.312876609267));
#7174=CARTESIAN_POINT('Origin',(7.91324506806295E-14,1.98999999999939,-388.999999999998));
#7175=CARTESIAN_POINT('',(2.24161740084257,-3.00000000000061,-392.312876609267));
#7176=CARTESIAN_POINT('Origin',(7.91324506806295E-14,1.98999999999939,-388.999999999998));
#7177=CARTESIAN_POINT('',(2.24423060924428,1.99999999999958,-392.3167386586));
#7178=CARTESIAN_POINT('',(2.24161740084256,1.98999999999939,-392.312876609267));
#7179=CARTESIAN_POINT('Origin',(7.91085912871653E-14,1.99999999999939,-388.999999999998));
#7180=CARTESIAN_POINT('Origin',(8.80561024301731E-14,-1.75010000000061,
-388.999999999998));
#7181=CARTESIAN_POINT('',(2.80202175105319,-1.75010000000061,-393.141095761584));
#7182=CARTESIAN_POINT('Origin',(8.80561024301731E-14,-1.75010000000061,
-388.999999999998));
#7183=CARTESIAN_POINT('',(2.94206679817083,-2.00000000000061,-393.348067727748));
#7184=CARTESIAN_POINT('Origin',(2.94206679817083,-1.75010000000061,-393.348067727748));
#7185=CARTESIAN_POINT('Origin',(8.86523486728433E-14,-2.00000000000061,
-388.999999999998));
#7186=CARTESIAN_POINT('Origin',(9.10382880192628E-14,-3.00000000000061,
-388.999999999998));
#7187=CARTESIAN_POINT('',(2.80202175105318,1.49999999999939,-393.141095761584));
#7188=CARTESIAN_POINT('',(2.80202175105319,-3.00000000000061,-393.141095761584));
#7189=CARTESIAN_POINT('Origin',(8.0301560960375E-14,1.49999999999939,-388.999999999998));
#7190=CARTESIAN_POINT('Origin',(8.0301560960375E-14,1.49999999999939,-388.999999999998));
#7191=CARTESIAN_POINT('',(2.64024694982867,1.99999999999955,-392.902009486315));
#7192=CARTESIAN_POINT('',(2.80202175105318,1.49999999999939,-393.141095761584));
#7193=CARTESIAN_POINT('Origin',(7.91085912871653E-14,1.99999999999939,-388.999999999998));
#7194=CARTESIAN_POINT('Origin',(7.91085912871653E-14,1.99999999999939,-388.999999999998));
#7195=CARTESIAN_POINT('Origin',(8.86523486728433E-14,-2.00000000000061,
-388.999999999998));
#7196=CARTESIAN_POINT('Origin',(9.10382880192628E-14,-3.00000000000061,
-388.999999999998));
#7197=CARTESIAN_POINT('Origin',(1.24344978758018E-13,2.49999999999913,-388.999999999998));
#7198=CARTESIAN_POINT('',(7.25579294674129,2.49999999999913,-394.324797527982));
#7199=CARTESIAN_POINT('Origin',(1.24344978758018E-13,2.49999999999913,-388.999999999998));
#7200=CARTESIAN_POINT('',(7.25579294674129,3.99999999999913,-394.324797527982));
#7201=CARTESIAN_POINT('',(7.25579294674129,2.49999999999913,-394.324797527982));
#7202=CARTESIAN_POINT('Origin',(1.23004823633957E-13,3.99999999999913,-388.999999999998));
#7203=CARTESIAN_POINT('Origin',(1.24344978758018E-13,2.49999999999913,-388.999999999998));
#7204=CARTESIAN_POINT('',(3.22479686521842,3.99999999999913,-391.366576679102));
#7205=CARTESIAN_POINT('Origin',(1.23004823633957E-13,3.99999999999913,-388.999999999998));
#7206=CARTESIAN_POINT('',(3.22479686521842,2.49999999999913,-391.366576679102));
#7207=CARTESIAN_POINT('',(3.22479686521842,2.49999999999913,-391.366576679102));
#7208=CARTESIAN_POINT('Origin',(1.24344978758018E-13,2.49999999999913,-388.999999999998));
#7209=CARTESIAN_POINT('Origin',(-5.24029490597961,1.74999999999913,-385.154312896454));
#7210=CARTESIAN_POINT('',(-4.63564549375118,3.99999999999913,-385.598046023786));
#7211=CARTESIAN_POINT('Origin',(-5.24029490597961,3.99999999999913,-385.154312896454));
#7212=CARTESIAN_POINT('',(-4.63564549375118,2.49999999999913,-385.598046023786));
#7213=CARTESIAN_POINT('',(-4.63564549375118,1.74999999999913,-385.598046023786));
#7214=CARTESIAN_POINT('Origin',(-5.24029490597961,2.49999999999913,-385.154312896454));
#7215=CARTESIAN_POINT('Origin',(1.23004823633957E-13,3.99999999999913,-388.999999999998));
#7216=CARTESIAN_POINT('Origin',(1.24344978758018E-13,2.49999999999913,-388.999999999998));
#7217=CARTESIAN_POINT('Origin',(2.44249065417534E-14,0.499999999999439,
-358.999999999998));
#7218=CARTESIAN_POINT('',(5.70782861614189,-3.46524809926901,-358.999999999998));
#7219=CARTESIAN_POINT('Origin',(2.44249065417534E-14,0.499999999999439,
-358.999999999998));
#7220=CARTESIAN_POINT('',(5.70782861614189,-3.465248099269,-356.999999999998));
#7221=CARTESIAN_POINT('',(5.70782861614189,-3.46524809926901,-358.999999999998));
#7222=CARTESIAN_POINT('Origin',(2.56141305198537E-14,0.499999999999444,
-356.999999999998));
#7223=CARTESIAN_POINT('Origin',(2.44249065417534E-14,0.499999999999439,
-358.999999999998));
#7224=CARTESIAN_POINT('',(4.88655831166105,-2.89470880441023,-356.999999999998));
#7225=CARTESIAN_POINT('Origin',(2.56141305198537E-14,0.499999999999444,
-356.999999999998));
#7226=CARTESIAN_POINT('',(4.88655831166107,-2.89470880441015,-328.866025403783));
#7227=CARTESIAN_POINT('',(4.88655831166105,-2.89470880441024,-358.999999999998));
#7228=CARTESIAN_POINT('Origin',(4.23429291143954E-14,0.499999999999525,
-328.866025403783));
#7229=CARTESIAN_POINT('Origin',(4.23429291143954E-14,0.499999999999525,
-328.866025403783));
#7230=CARTESIAN_POINT('',(4.47592315942065,-2.60943915698077,-327.999999999998));
#7231=CARTESIAN_POINT('',(4.88655831166107,-2.89470880441015,-328.866025403783));
#7232=CARTESIAN_POINT('Origin',(4.28578782023077E-14,0.499999999999528,
-327.999999999998));
#7233=CARTESIAN_POINT('Origin',(2.44249065417534E-14,0.499999999999439,
-358.999999999998));
#7234=CARTESIAN_POINT('Origin',(4.28578782023077E-14,0.499999999999528,
-327.999999999998));
#7235=CARTESIAN_POINT('Origin',(2.56141305198537E-14,0.499999999999444,
-356.999999999998));
#7236=CARTESIAN_POINT('Origin',(-7.7715611723761E-15,0.500000000000203,
-29.9999999999999));
#7237=CARTESIAN_POINT('',(3.75359688262744,-5.34918887049539,-29.9999999999999));
#7238=CARTESIAN_POINT('Origin',(-7.7715611723761E-15,0.500000000000203,
-29.9999999999999));
#7239=CARTESIAN_POINT('',(3.75359688262744,-5.3491888704954,-31.9999999999999));
#7240=CARTESIAN_POINT('',(3.75359688262744,-5.34918887049539,-29.9999999999999));
#7241=CARTESIAN_POINT('Origin',(-9.69574340851435E-15,0.500000000000197,
-31.9999999999999));
#7242=CARTESIAN_POINT('Origin',(-7.7715611723761E-15,0.500000000000203,
-29.9999999999999));
#7243=CARTESIAN_POINT('',(3.213511000235,-4.50757896107157,-31.9999999999999));
#7244=CARTESIAN_POINT('Origin',(-9.69574340851435E-15,0.500000000000197,
-31.9999999999999));
#7245=CARTESIAN_POINT('',(3.21351100023497,-4.50757896107164,-60.1339745962154));
#7246=CARTESIAN_POINT('',(3.213511000235,-4.50757896107156,-29.9999999999999));
#7247=CARTESIAN_POINT('Origin',(-3.67631904835158E-14,0.500000000000125,
-60.1339745962154));
#7248=CARTESIAN_POINT('Origin',(-3.67631904835158E-14,0.500000000000125,
-60.1339745962154));
#7249=CARTESIAN_POINT('',(2.94346805903875,-4.08677400635973,-60.9999999999999));
#7250=CARTESIAN_POINT('',(3.21351100023498,-4.50757896107165,-60.1339745962154));
#7251=CARTESIAN_POINT('Origin',(-3.7596385832519E-14,0.500000000000123,
-60.9999999999999));
#7252=CARTESIAN_POINT('Origin',(-7.7715611723761E-15,0.500000000000203,
-29.9999999999999));
#7253=CARTESIAN_POINT('Origin',(-3.7596385832519E-14,0.500000000000123,
-60.9999999999999));
#7254=CARTESIAN_POINT('Origin',(-9.69574340851435E-15,0.500000000000197,
-31.9999999999999));
#7255=CARTESIAN_POINT('Origin',(-4.99999999999999,10.0000000000002,-25.9999999999999));
#7256=CARTESIAN_POINT('',(-3.25255331255359,10.0000000000002,-25.0271536223366));
#7257=CARTESIAN_POINT('Origin',(-4.99999999999999,10.0000000000002,-25.9999999999999));
#7258=CARTESIAN_POINT('',(-3.25255331255358,-5.60999999999983,-25.0271536223366));
#7259=CARTESIAN_POINT('',(-3.25255331255359,10.0000000000002,-25.0271536223366));
#7260=CARTESIAN_POINT('Origin',(-4.99999999999998,-5.60999999999983,-25.9999999999999));
#7261=CARTESIAN_POINT('Origin',(-4.99999999999998,-5.60999999999983,-25.9999999999999));
#7262=CARTESIAN_POINT('',(-3.59330541660563,-5.99999999999982,-25.2168586659809));
#7263=CARTESIAN_POINT('',(-3.25255331255358,-5.60999999999982,-25.0271536223366));
#7264=CARTESIAN_POINT('Origin',(-4.99999999999998,-5.99999999999982,-25.9999999999999));
#7265=CARTESIAN_POINT('Origin',(-4.99999999999999,10.0000000000002,-25.9999999999999));
#7266=CARTESIAN_POINT('',(-1.94196829696879,14.0000000000002,-24.2975188390891));
#7267=CARTESIAN_POINT('Origin',(-4.99999999999999,14.0000000000002,-25.9999999999999));
#7268=CARTESIAN_POINT('',(-1.94196829696879,10.0000000000002,-24.2975188390891));
#7269=CARTESIAN_POINT('',(-1.94196829696879,10.0000000000002,-24.2975188390891));
#7270=CARTESIAN_POINT('Origin',(-4.99999999999999,10.0000000000002,-25.9999999999999));
#7271=CARTESIAN_POINT('Origin',(-4.99999999999999,10.0000000000002,-25.9999999999999));
#7272=CARTESIAN_POINT('Origin',(-4.99999999999999,14.0000000000002,-25.9999999999999));
#7273=CARTESIAN_POINT('',(-4.11066982293324,14.0000000000002,-24.5136986052087));
#7274=CARTESIAN_POINT('',(-3.26816014589715,14.0000000000002,-26.0270318282962));
#7275=CARTESIAN_POINT('',(-4.11066982293324,14.0000000000002,-24.5136986052087));
#7276=CARTESIAN_POINT('',(-5.84250967703608,14.0000000000002,-24.4866667769124));
#7277=CARTESIAN_POINT('',(-5.84250967703608,14.0000000000002,-24.4866667769124));
#7278=CARTESIAN_POINT('',(-6.73183985410283,14.0000000000002,-25.9729681717036));
#7279=CARTESIAN_POINT('',(-6.73183985410283,14.0000000000002,-25.9729681717036));
#7280=CARTESIAN_POINT('',(-5.88933017706674,14.0000000000002,-27.4863013947912));
#7281=CARTESIAN_POINT('',(-5.88933017706674,14.0000000000002,-27.4863013947912));
#7282=CARTESIAN_POINT('',(-4.1574903229639,14.0000000000002,-27.5133332230875));
#7283=CARTESIAN_POINT('',(-4.1574903229639,14.0000000000002,-27.5133332230875));
#7284=CARTESIAN_POINT('',(-3.26816014589715,14.0000000000002,-26.0270318282962));
#7285=CARTESIAN_POINT('Origin',(-5.78314133401894,-5.99999999999982,-24.5933054166055));
#7286=CARTESIAN_POINT('Origin',(-5.84250967703608,12.0000000000002,-24.4866667769124));
#7287=CARTESIAN_POINT('',(-4.11066982293324,12.0000000000002,-24.5136986052087));
#7288=CARTESIAN_POINT('',(-4.11066982293324,12.0000000000002,-24.5136986052087));
#7289=CARTESIAN_POINT('',(-5.84250967703608,12.0000000000002,-24.4866667769124));
#7290=CARTESIAN_POINT('',(-5.84250967703608,12.0000000000002,-24.4866667769124));
#7291=CARTESIAN_POINT('',(-5.84250967703608,12.0000000000002,-24.4866667769124));
#7292=CARTESIAN_POINT('Origin',(-6.73183985410283,12.0000000000002,-25.9729681717036));
#7293=CARTESIAN_POINT('',(-6.73183985410283,12.0000000000002,-25.9729681717036));
#7294=CARTESIAN_POINT('',(-6.73183985410283,12.0000000000002,-25.9729681717036));
#7295=CARTESIAN_POINT('',(-6.73183985410283,12.0000000000002,-25.9729681717036));
#7296=CARTESIAN_POINT('Origin',(-5.88933017706674,12.0000000000002,-27.4863013947912));
#7297=CARTESIAN_POINT('',(-5.88933017706674,12.0000000000002,-27.4863013947912));
#7298=CARTESIAN_POINT('',(-5.88933017706674,12.0000000000002,-27.4863013947912));
#7299=CARTESIAN_POINT('',(-5.88933017706674,12.0000000000002,-27.4863013947912));
#7300=CARTESIAN_POINT('Origin',(-4.1574903229639,12.0000000000002,-27.5133332230875));
#7301=CARTESIAN_POINT('',(-4.1574903229639,12.0000000000002,-27.5133332230875));
#7302=CARTESIAN_POINT('',(-4.1574903229639,12.0000000000002,-27.5133332230875));
#7303=CARTESIAN_POINT('',(-4.1574903229639,12.0000000000002,-27.5133332230875));
#7304=CARTESIAN_POINT('Origin',(-3.26816014589715,12.0000000000002,-26.0270318282962));
#7305=CARTESIAN_POINT('',(-3.26816014589715,12.0000000000002,-26.0270318282962));
#7306=CARTESIAN_POINT('',(-3.26816014589715,12.0000000000002,-26.0270318282962));
#7307=CARTESIAN_POINT('',(-3.26816014589715,12.0000000000002,-26.0270318282962));
#7308=CARTESIAN_POINT('Origin',(-4.11066982293324,12.0000000000002,-24.5136986052087));
#7309=CARTESIAN_POINT('',(-4.11066982293324,12.0000000000002,-24.5136986052087));
#7310=CARTESIAN_POINT('Origin',(-4.99999999999999,12.0000000000002,-25.9999999999999));
#7311=CARTESIAN_POINT('Origin',(-12.,8.00000000000017,-34.9999999999999));
#7312=CARTESIAN_POINT('',(-10.2525533125536,8.00000000000017,-34.0271536223366));
#7313=CARTESIAN_POINT('Origin',(-12.,8.00000000000017,-34.9999999999999));
#7314=CARTESIAN_POINT('',(-10.2525533125536,-7.60999999999984,-34.0271536223365));
#7315=CARTESIAN_POINT('',(-10.2525533125536,8.00000000000017,-34.0271536223366));
#7316=CARTESIAN_POINT('Origin',(-12.,-7.60999999999984,-34.9999999999998));
#7317=CARTESIAN_POINT('Origin',(-12.,-7.60999999999984,-34.9999999999998));
#7318=CARTESIAN_POINT('',(-10.5933054166056,-7.99999999999983,-34.2168586659809));
#7319=CARTESIAN_POINT('',(-10.2525533125536,-7.60999999999983,-34.0271536223365));
#7320=CARTESIAN_POINT('Origin',(-12.,-7.99999999999983,-34.9999999999998));
#7321=CARTESIAN_POINT('Origin',(-12.,8.00000000000017,-34.9999999999999));
#7322=CARTESIAN_POINT('',(-8.94196829696879,12.0000000000002,-33.2975188390891));
#7323=CARTESIAN_POINT('Origin',(-12.,12.0000000000002,-34.9999999999999));
#7324=CARTESIAN_POINT('',(-8.94196829696879,8.00000000000017,-33.2975188390891));
#7325=CARTESIAN_POINT('',(-8.94196829696879,8.00000000000017,-33.2975188390891));
#7326=CARTESIAN_POINT('Origin',(-12.,8.00000000000017,-34.9999999999999));
#7327=CARTESIAN_POINT('Origin',(-12.,8.00000000000017,-34.9999999999999));
#7328=CARTESIAN_POINT('Origin',(-12.,12.0000000000002,-34.9999999999999));
#7329=CARTESIAN_POINT('',(-11.1106698229332,12.0000000000002,-33.5136986052086));
#7330=CARTESIAN_POINT('',(-10.2681601458971,12.0000000000002,-35.0270318282962));
#7331=CARTESIAN_POINT('',(-11.1106698229332,12.0000000000002,-33.5136986052086));
#7332=CARTESIAN_POINT('',(-12.8425096770361,12.0000000000002,-33.4866667769123));
#7333=CARTESIAN_POINT('',(-12.8425096770361,12.0000000000002,-33.4866667769123));
#7334=CARTESIAN_POINT('',(-13.7318398541028,12.0000000000002,-34.9729681717036));
#7335=CARTESIAN_POINT('',(-13.7318398541028,12.0000000000002,-34.9729681717036));
#7336=CARTESIAN_POINT('',(-12.8893301770667,12.0000000000002,-36.4863013947911));
#7337=CARTESIAN_POINT('',(-12.8893301770667,12.0000000000002,-36.4863013947911));
#7338=CARTESIAN_POINT('',(-11.1574903229639,12.0000000000002,-36.5133332230874));
#7339=CARTESIAN_POINT('',(-11.1574903229639,12.0000000000002,-36.5133332230874));
#7340=CARTESIAN_POINT('',(-10.2681601458971,12.0000000000002,-35.0270318282962));
#7341=CARTESIAN_POINT('Origin',(-12.7831413340189,-7.99999999999983,-33.5933054166055));
#7342=CARTESIAN_POINT('Origin',(-12.8425096770361,10.0000000000002,-33.4866667769123));
#7343=CARTESIAN_POINT('',(-11.1106698229332,10.0000000000002,-33.5136986052086));
#7344=CARTESIAN_POINT('',(-11.1106698229332,10.0000000000002,-33.5136986052086));
#7345=CARTESIAN_POINT('',(-12.8425096770361,10.0000000000002,-33.4866667769123));
#7346=CARTESIAN_POINT('',(-12.8425096770361,10.0000000000002,-33.4866667769123));
#7347=CARTESIAN_POINT('',(-12.8425096770361,10.0000000000002,-33.4866667769123));
#7348=CARTESIAN_POINT('Origin',(-13.7318398541028,10.0000000000002,-34.9729681717036));
#7349=CARTESIAN_POINT('',(-13.7318398541028,10.0000000000002,-34.9729681717036));
#7350=CARTESIAN_POINT('',(-13.7318398541028,10.0000000000002,-34.9729681717036));
#7351=CARTESIAN_POINT('',(-13.7318398541028,10.0000000000002,-34.9729681717036));
#7352=CARTESIAN_POINT('Origin',(-12.8893301770667,10.0000000000002,-36.4863013947911));
#7353=CARTESIAN_POINT('',(-12.8893301770667,10.0000000000002,-36.4863013947911));
#7354=CARTESIAN_POINT('',(-12.8893301770667,10.0000000000002,-36.4863013947911));
#7355=CARTESIAN_POINT('',(-12.8893301770667,10.0000000000002,-36.4863013947911));
#7356=CARTESIAN_POINT('Origin',(-11.1574903229639,10.0000000000002,-36.5133332230874));
#7357=CARTESIAN_POINT('',(-11.1574903229639,10.0000000000002,-36.5133332230874));
#7358=CARTESIAN_POINT('',(-11.1574903229639,10.0000000000002,-36.5133332230874));
#7359=CARTESIAN_POINT('',(-11.1574903229639,10.0000000000002,-36.5133332230874));
#7360=CARTESIAN_POINT('Origin',(-10.2681601458971,10.0000000000002,-35.0270318282962));
#7361=CARTESIAN_POINT('',(-10.2681601458971,10.0000000000002,-35.0270318282962));
#7362=CARTESIAN_POINT('',(-10.2681601458971,10.0000000000002,-35.0270318282962));
#7363=CARTESIAN_POINT('',(-10.2681601458971,10.0000000000002,-35.0270318282962));
#7364=CARTESIAN_POINT('Origin',(-11.1106698229332,10.0000000000002,-33.5136986052086));
#7365=CARTESIAN_POINT('',(-11.1106698229332,10.0000000000002,-33.5136986052086));
#7366=CARTESIAN_POINT('Origin',(-12.,10.0000000000002,-34.9999999999999));
#7367=CARTESIAN_POINT('Origin',(5.,10.0000000000002,-25.9999999999999));
#7368=CARTESIAN_POINT('',(6.7474466874464,10.0000000000002,-25.0271536223366));
#7369=CARTESIAN_POINT('Origin',(5.,10.0000000000002,-25.9999999999999));
#7370=CARTESIAN_POINT('',(6.74744668744641,-5.60999999999984,-25.0271536223366));
#7371=CARTESIAN_POINT('',(6.7474466874464,10.0000000000002,-25.0271536223366));
#7372=CARTESIAN_POINT('Origin',(5.00000000000001,-5.60999999999984,-25.9999999999999));
#7373=CARTESIAN_POINT('Origin',(5.00000000000001,-5.60999999999984,-25.9999999999999));
#7374=CARTESIAN_POINT('',(6.40669458339436,-5.99999999999984,-25.2168586659809));
#7375=CARTESIAN_POINT('',(6.74744668744641,-5.60999999999984,-25.0271536223366));
#7376=CARTESIAN_POINT('Origin',(5.00000000000001,-5.99999999999984,-25.9999999999999));
#7377=CARTESIAN_POINT('Origin',(5.,10.0000000000002,-25.9999999999999));
#7378=CARTESIAN_POINT('',(8.0580317030312,14.0000000000002,-24.2975188390892));
#7379=CARTESIAN_POINT('Origin',(5.,14.0000000000002,-25.9999999999999));
#7380=CARTESIAN_POINT('',(8.0580317030312,10.0000000000002,-24.2975188390891));
#7381=CARTESIAN_POINT('',(8.0580317030312,10.0000000000002,-24.2975188390891));
#7382=CARTESIAN_POINT('Origin',(5.,10.0000000000002,-25.9999999999999));
#7383=CARTESIAN_POINT('Origin',(5.,10.0000000000002,-25.9999999999999));
#7384=CARTESIAN_POINT('Origin',(5.,14.0000000000002,-25.9999999999999));
#7385=CARTESIAN_POINT('',(5.88933017706675,14.0000000000002,-24.5136986052087));
#7386=CARTESIAN_POINT('',(6.73183985410284,14.0000000000002,-26.0270318282962));
#7387=CARTESIAN_POINT('',(5.88933017706675,14.0000000000002,-24.5136986052087));
#7388=CARTESIAN_POINT('',(4.15749032296391,14.0000000000002,-24.4866667769124));
#7389=CARTESIAN_POINT('',(4.15749032296391,14.0000000000002,-24.4866667769124));
#7390=CARTESIAN_POINT('',(3.26816014589716,14.0000000000002,-25.9729681717036));
#7391=CARTESIAN_POINT('',(3.26816014589716,14.0000000000002,-25.9729681717036));
#7392=CARTESIAN_POINT('',(4.11066982293325,14.0000000000002,-27.4863013947912));
#7393=CARTESIAN_POINT('',(4.11066982293325,14.0000000000002,-27.4863013947912));
#7394=CARTESIAN_POINT('',(5.84250967703609,14.0000000000002,-27.5133332230875));
#7395=CARTESIAN_POINT('',(5.84250967703609,14.0000000000002,-27.5133332230875));
#7396=CARTESIAN_POINT('',(6.73183985410284,14.0000000000002,-26.0270318282962));
#7397=CARTESIAN_POINT('Origin',(4.21685866598105,-5.99999999999983,-24.5933054166055));
#7398=CARTESIAN_POINT('Origin',(4.15749032296391,12.0000000000002,-24.4866667769124));
#7399=CARTESIAN_POINT('',(5.88933017706675,12.0000000000002,-24.5136986052087));
#7400=CARTESIAN_POINT('',(5.88933017706675,12.0000000000002,-24.5136986052087));
#7401=CARTESIAN_POINT('',(4.15749032296391,12.0000000000002,-24.4866667769124));
#7402=CARTESIAN_POINT('',(4.15749032296391,12.0000000000002,-24.4866667769124));
#7403=CARTESIAN_POINT('',(4.15749032296391,12.0000000000002,-24.4866667769124));
#7404=CARTESIAN_POINT('Origin',(3.26816014589716,12.0000000000002,-25.9729681717036));
#7405=CARTESIAN_POINT('',(3.26816014589716,12.0000000000002,-25.9729681717036));
#7406=CARTESIAN_POINT('',(3.26816014589716,12.0000000000002,-25.9729681717036));
#7407=CARTESIAN_POINT('',(3.26816014589716,12.0000000000002,-25.9729681717036));
#7408=CARTESIAN_POINT('Origin',(4.11066982293325,12.0000000000002,-27.4863013947912));
#7409=CARTESIAN_POINT('',(4.11066982293325,12.0000000000002,-27.4863013947912));
#7410=CARTESIAN_POINT('',(4.11066982293325,12.0000000000002,-27.4863013947912));
#7411=CARTESIAN_POINT('',(4.11066982293325,12.0000000000002,-27.4863013947912));
#7412=CARTESIAN_POINT('Origin',(5.84250967703609,12.0000000000002,-27.5133332230875));
#7413=CARTESIAN_POINT('',(5.84250967703609,12.0000000000002,-27.5133332230875));
#7414=CARTESIAN_POINT('',(5.84250967703609,12.0000000000002,-27.5133332230875));
#7415=CARTESIAN_POINT('',(5.84250967703609,12.0000000000002,-27.5133332230875));
#7416=CARTESIAN_POINT('Origin',(6.73183985410284,12.0000000000002,-26.0270318282962));
#7417=CARTESIAN_POINT('',(6.73183985410284,12.0000000000002,-26.0270318282962));
#7418=CARTESIAN_POINT('',(6.73183985410284,12.0000000000002,-26.0270318282962));
#7419=CARTESIAN_POINT('',(6.73183985410284,12.0000000000002,-26.0270318282962));
#7420=CARTESIAN_POINT('Origin',(5.88933017706675,12.0000000000002,-24.5136986052087));
#7421=CARTESIAN_POINT('',(5.88933017706675,12.0000000000002,-24.5136986052087));
#7422=CARTESIAN_POINT('Origin',(5.,12.0000000000002,-25.9999999999999));
#7423=CARTESIAN_POINT('Origin',(-12.,8.00000000000017,-44.9999999999998));
#7424=CARTESIAN_POINT('',(-10.2525533125536,8.00000000000017,-44.0271536223365));
#7425=CARTESIAN_POINT('Origin',(-12.,8.00000000000017,-44.9999999999998));
#7426=CARTESIAN_POINT('',(-10.2525533125536,-7.60999999999984,-44.0271536223365));
#7427=CARTESIAN_POINT('',(-10.2525533125536,8.00000000000017,-44.0271536223365));
#7428=CARTESIAN_POINT('Origin',(-12.,-7.60999999999984,-44.9999999999998));
#7429=CARTESIAN_POINT('Origin',(-12.,-7.60999999999984,-44.9999999999998));
#7430=CARTESIAN_POINT('',(-10.5933054166056,-7.99999999999983,-44.2168586659808));
#7431=CARTESIAN_POINT('',(-10.2525533125536,-7.60999999999983,-44.0271536223365));
#7432=CARTESIAN_POINT('Origin',(-12.,-7.99999999999983,-44.9999999999998));
#7433=CARTESIAN_POINT('Origin',(-12.,8.00000000000017,-44.9999999999998));
#7434=CARTESIAN_POINT('',(-8.9419682969688,12.0000000000002,-43.297518839089));
#7435=CARTESIAN_POINT('Origin',(-12.,12.0000000000002,-44.9999999999998));
#7436=CARTESIAN_POINT('',(-8.9419682969688,8.00000000000017,-43.297518839089));
#7437=CARTESIAN_POINT('',(-8.9419682969688,8.00000000000017,-43.297518839089));
#7438=CARTESIAN_POINT('Origin',(-12.,8.00000000000017,-44.9999999999998));
#7439=CARTESIAN_POINT('Origin',(-12.,8.00000000000017,-44.9999999999998));
#7440=CARTESIAN_POINT('Origin',(-12.,12.0000000000002,-44.9999999999998));
#7441=CARTESIAN_POINT('',(-11.1106698229332,12.0000000000002,-43.5136986052086));
#7442=CARTESIAN_POINT('',(-10.2681601458972,12.0000000000002,-45.0270318282961));
#7443=CARTESIAN_POINT('',(-11.1106698229332,12.0000000000002,-43.5136986052086));
#7444=CARTESIAN_POINT('',(-12.8425096770361,12.0000000000002,-43.4866667769123));
#7445=CARTESIAN_POINT('',(-12.8425096770361,12.0000000000002,-43.4866667769123));
#7446=CARTESIAN_POINT('',(-13.7318398541028,12.0000000000002,-44.9729681717035));
#7447=CARTESIAN_POINT('',(-13.7318398541028,12.0000000000002,-44.9729681717035));
#7448=CARTESIAN_POINT('',(-12.8893301770668,12.0000000000002,-46.4863013947911));
#7449=CARTESIAN_POINT('',(-12.8893301770668,12.0000000000002,-46.4863013947911));
#7450=CARTESIAN_POINT('',(-11.1574903229639,12.0000000000002,-46.5133332230874));
#7451=CARTESIAN_POINT('',(-11.1574903229639,12.0000000000002,-46.5133332230874));
#7452=CARTESIAN_POINT('',(-10.2681601458972,12.0000000000002,-45.0270318282961));
#7453=CARTESIAN_POINT('Origin',(-12.783141334019,-7.99999999999983,-43.5933054166054));
#7454=CARTESIAN_POINT('Origin',(-12.8425096770361,10.0000000000002,-43.4866667769123));
#7455=CARTESIAN_POINT('',(-11.1106698229332,10.0000000000002,-43.5136986052086));
#7456=CARTESIAN_POINT('',(-11.1106698229332,10.0000000000002,-43.5136986052086));
#7457=CARTESIAN_POINT('',(-12.8425096770361,10.0000000000002,-43.4866667769123));
#7458=CARTESIAN_POINT('',(-12.8425096770361,10.0000000000002,-43.4866667769123));
#7459=CARTESIAN_POINT('',(-12.8425096770361,10.0000000000002,-43.4866667769123));
#7460=CARTESIAN_POINT('Origin',(-13.7318398541028,10.0000000000002,-44.9729681717035));
#7461=CARTESIAN_POINT('',(-13.7318398541028,10.0000000000002,-44.9729681717035));
#7462=CARTESIAN_POINT('',(-13.7318398541028,10.0000000000002,-44.9729681717035));
#7463=CARTESIAN_POINT('',(-13.7318398541028,10.0000000000002,-44.9729681717035));
#7464=CARTESIAN_POINT('Origin',(-12.8893301770668,10.0000000000002,-46.4863013947911));
#7465=CARTESIAN_POINT('',(-12.8893301770668,10.0000000000002,-46.4863013947911));
#7466=CARTESIAN_POINT('',(-12.8893301770668,10.0000000000002,-46.4863013947911));
#7467=CARTESIAN_POINT('',(-12.8893301770668,10.0000000000002,-46.4863013947911));
#7468=CARTESIAN_POINT('Origin',(-11.1574903229639,10.0000000000002,-46.5133332230874));
#7469=CARTESIAN_POINT('',(-11.1574903229639,10.0000000000002,-46.5133332230874));
#7470=CARTESIAN_POINT('',(-11.1574903229639,10.0000000000002,-46.5133332230874));
#7471=CARTESIAN_POINT('',(-11.1574903229639,10.0000000000002,-46.5133332230874));
#7472=CARTESIAN_POINT('Origin',(-10.2681601458972,10.0000000000002,-45.0270318282961));
#7473=CARTESIAN_POINT('',(-10.2681601458972,10.0000000000002,-45.0270318282961));
#7474=CARTESIAN_POINT('',(-10.2681601458972,10.0000000000002,-45.0270318282961));
#7475=CARTESIAN_POINT('',(-10.2681601458972,10.0000000000002,-45.0270318282961));
#7476=CARTESIAN_POINT('Origin',(-11.1106698229332,10.0000000000002,-43.5136986052086));
#7477=CARTESIAN_POINT('',(-11.1106698229332,10.0000000000002,-43.5136986052086));
#7478=CARTESIAN_POINT('Origin',(-12.,10.0000000000002,-44.9999999999998));
#7479=CARTESIAN_POINT('Origin',(5.00000000000011,9.99999999999942,-362.999999999998));
#7480=CARTESIAN_POINT('',(6.47308534535302,9.99999999999942,-361.647217842625));
#7481=CARTESIAN_POINT('Origin',(5.00000000000011,9.99999999999942,-362.999999999998));
#7482=CARTESIAN_POINT('',(6.47308534535303,-5.61000000000059,-361.647217842625));
#7483=CARTESIAN_POINT('',(6.47308534535302,9.99999999999942,-361.647217842625));
#7484=CARTESIAN_POINT('Origin',(5.00000000000012,-5.61000000000059,-362.999999999998));
#7485=CARTESIAN_POINT('Origin',(5.00000000000012,-5.61000000000059,-362.999999999998));
#7486=CARTESIAN_POINT('',(6.1858337030092,-6.0000000000006,-361.911010363313));
#7487=CARTESIAN_POINT('',(6.47308534535303,-5.61000000000059,-361.647217842625));
#7488=CARTESIAN_POINT('Origin',(5.00000000000012,-6.00000000000058,-362.999999999998));
#7489=CARTESIAN_POINT('Origin',(5.00000000000011,9.99999999999942,-362.999999999998));
#7490=CARTESIAN_POINT('',(7.5778993543677,13.9999999999994,-360.632631224595));
#7491=CARTESIAN_POINT('Origin',(5.0000000000001,13.9999999999994,-362.999999999998));
#7492=CARTESIAN_POINT('',(7.5778993543677,9.99999999999942,-360.632631224595));
#7493=CARTESIAN_POINT('',(7.5778993543677,9.99999999999942,-360.632631224595));
#7494=CARTESIAN_POINT('Origin',(5.00000000000011,9.99999999999942,-362.999999999998));
#7495=CARTESIAN_POINT('Origin',(5.00000000000011,9.99999999999942,-362.999999999998));
#7496=CARTESIAN_POINT('Origin',(5.0000000000001,13.9999999999994,-362.999999999998));
#7497=CARTESIAN_POINT('',(5.51904215197916,13.9999999999994,-361.347548716459));
#7498=CARTESIAN_POINT('',(6.69058586605041,13.9999999999994,-362.623278047477));
#7499=CARTESIAN_POINT('',(5.51904215197916,13.9999999999994,-361.347548716459));
#7500=CARTESIAN_POINT('',(3.82845628592885,13.9999999999994,-361.72427066898));
#7501=CARTESIAN_POINT('',(3.82845628592885,13.9999999999994,-361.72427066898));
#7502=CARTESIAN_POINT('',(3.30941413394979,13.9999999999994,-363.376721952519));
#7503=CARTESIAN_POINT('',(3.30941413394979,13.9999999999994,-363.376721952519));
#7504=CARTESIAN_POINT('',(4.48095784802104,13.9999999999994,-364.652451283537));
#7505=CARTESIAN_POINT('',(4.48095784802104,13.9999999999994,-364.652451283537));
#7506=CARTESIAN_POINT('',(6.17154371407136,13.9999999999994,-364.275729331016));
#7507=CARTESIAN_POINT('',(6.17154371407136,13.9999999999994,-364.275729331016));
#7508=CARTESIAN_POINT('',(6.69058586605041,13.9999999999994,-362.623278047477));
#7509=CARTESIAN_POINT('Origin',(3.91101036331493,-6.00000000000058,-361.814166296989));
#7510=CARTESIAN_POINT('Origin',(3.82845628592885,11.9999999999994,-361.72427066898));
#7511=CARTESIAN_POINT('',(5.51904215197916,11.9999999999994,-361.347548716459));
#7512=CARTESIAN_POINT('',(5.51904215197916,11.9999999999994,-361.347548716459));
#7513=CARTESIAN_POINT('',(3.82845628592885,11.9999999999994,-361.72427066898));
#7514=CARTESIAN_POINT('',(3.82845628592885,11.9999999999994,-361.72427066898));
#7515=CARTESIAN_POINT('',(3.82845628592885,11.9999999999994,-361.72427066898));
#7516=CARTESIAN_POINT('Origin',(3.30941413394979,11.9999999999994,-363.376721952519));
#7517=CARTESIAN_POINT('',(3.30941413394979,11.9999999999994,-363.376721952519));
#7518=CARTESIAN_POINT('',(3.30941413394979,11.9999999999994,-363.376721952519));
#7519=CARTESIAN_POINT('',(3.30941413394979,11.9999999999994,-363.376721952519));
#7520=CARTESIAN_POINT('Origin',(4.48095784802105,11.9999999999994,-364.652451283537));
#7521=CARTESIAN_POINT('',(4.48095784802105,11.9999999999994,-364.652451283537));
#7522=CARTESIAN_POINT('',(4.48095784802105,11.9999999999994,-364.652451283537));
#7523=CARTESIAN_POINT('',(4.48095784802105,11.9999999999994,-364.652451283537));
#7524=CARTESIAN_POINT('Origin',(6.17154371407136,11.9999999999994,-364.275729331016));
#7525=CARTESIAN_POINT('',(6.17154371407136,11.9999999999994,-364.275729331016));
#7526=CARTESIAN_POINT('',(6.17154371407136,11.9999999999994,-364.275729331016));
#7527=CARTESIAN_POINT('',(6.17154371407136,11.9999999999994,-364.275729331016));
#7528=CARTESIAN_POINT('Origin',(6.69058586605042,11.9999999999994,-362.623278047477));
#7529=CARTESIAN_POINT('',(6.69058586605042,11.9999999999994,-362.623278047477));
#7530=CARTESIAN_POINT('',(6.69058586605042,11.9999999999994,-362.623278047477));
#7531=CARTESIAN_POINT('',(6.69058586605042,11.9999999999994,-362.623278047477));
#7532=CARTESIAN_POINT('Origin',(5.51904215197916,11.9999999999994,-361.347548716459));
#7533=CARTESIAN_POINT('',(5.51904215197916,11.9999999999994,-361.347548716459));
#7534=CARTESIAN_POINT('Origin',(5.0000000000001,11.9999999999994,-362.999999999998));
#7535=CARTESIAN_POINT('Origin',(-12.,7.9999999999991,-343.999999999998));
#7536=CARTESIAN_POINT('',(-10.526914654647,7.99999999999911,-342.647217842625));
#7537=CARTESIAN_POINT('Origin',(-12.,7.9999999999991,-343.999999999998));
#7538=CARTESIAN_POINT('',(-10.526914654647,-7.6100000000009,-342.647217842625));
#7539=CARTESIAN_POINT('',(-10.526914654647,7.99999999999911,-342.647217842625));
#7540=CARTESIAN_POINT('Origin',(-12.,-7.6100000000009,-343.999999999998));
#7541=CARTESIAN_POINT('Origin',(-12.,-7.6100000000009,-343.999999999998));
#7542=CARTESIAN_POINT('',(-10.8141662969909,-8.00000000000094,-342.911010363313));
#7543=CARTESIAN_POINT('',(-10.526914654647,-7.6100000000009,-342.647217842625));
#7544=CARTESIAN_POINT('Origin',(-12.,-8.0000000000009,-343.999999999998));
#7545=CARTESIAN_POINT('Origin',(-12.,7.9999999999991,-343.999999999998));
#7546=CARTESIAN_POINT('',(-9.42210064563237,11.9999999999991,-341.632631224596));
#7547=CARTESIAN_POINT('Origin',(-12.,11.9999999999991,-343.999999999998));
#7548=CARTESIAN_POINT('',(-9.42210064563236,7.99999999999911,-341.632631224596));
#7549=CARTESIAN_POINT('',(-9.42210064563236,7.99999999999911,-341.632631224596));
#7550=CARTESIAN_POINT('Origin',(-12.,7.9999999999991,-343.999999999998));
#7551=CARTESIAN_POINT('Origin',(-12.,7.9999999999991,-343.999999999998));
#7552=CARTESIAN_POINT('Origin',(-12.,11.9999999999991,-343.999999999998));
#7553=CARTESIAN_POINT('',(-11.4809578480209,11.9999999999991,-342.347548716459));
#7554=CARTESIAN_POINT('',(-10.3094141339497,11.9999999999991,-343.623278047478));
#7555=CARTESIAN_POINT('',(-11.4809578480209,11.9999999999991,-342.347548716459));
#7556=CARTESIAN_POINT('',(-13.1715437140712,11.9999999999991,-342.72427066898));
#7557=CARTESIAN_POINT('',(-13.1715437140712,11.9999999999991,-342.72427066898));
#7558=CARTESIAN_POINT('',(-13.6905858660503,11.9999999999991,-344.376721952519));
#7559=CARTESIAN_POINT('',(-13.6905858660503,11.9999999999991,-344.376721952519));
#7560=CARTESIAN_POINT('',(-12.519042151979,11.9999999999991,-345.652451283537));
#7561=CARTESIAN_POINT('',(-12.519042151979,11.9999999999991,-345.652451283537));
#7562=CARTESIAN_POINT('',(-10.8284562859287,11.9999999999991,-345.275729331016));
#7563=CARTESIAN_POINT('',(-10.8284562859287,11.9999999999991,-345.275729331016));
#7564=CARTESIAN_POINT('',(-10.3094141339497,11.9999999999991,-343.623278047478));
#7565=CARTESIAN_POINT('Origin',(-13.0889896366851,-8.00000000000089,-342.814166296989));
#7566=CARTESIAN_POINT('Origin',(-13.1715437140712,9.99999999999911,-342.72427066898));
#7567=CARTESIAN_POINT('',(-11.4809578480209,9.99999999999911,-342.347548716459));
#7568=CARTESIAN_POINT('',(-11.4809578480209,9.99999999999911,-342.347548716459));
#7569=CARTESIAN_POINT('',(-13.1715437140712,9.99999999999911,-342.72427066898));
#7570=CARTESIAN_POINT('',(-13.1715437140712,9.99999999999911,-342.72427066898));
#7571=CARTESIAN_POINT('',(-13.1715437140712,9.99999999999911,-342.72427066898));
#7572=CARTESIAN_POINT('Origin',(-13.6905858660503,9.9999999999991,-344.376721952519));
#7573=CARTESIAN_POINT('',(-13.6905858660503,9.9999999999991,-344.376721952519));
#7574=CARTESIAN_POINT('',(-13.6905858660503,9.9999999999991,-344.376721952519));
#7575=CARTESIAN_POINT('',(-13.6905858660503,9.9999999999991,-344.376721952519));
#7576=CARTESIAN_POINT('Origin',(-12.519042151979,9.9999999999991,-345.652451283537));
#7577=CARTESIAN_POINT('',(-12.519042151979,9.9999999999991,-345.652451283537));
#7578=CARTESIAN_POINT('',(-12.519042151979,9.9999999999991,-345.652451283537));
#7579=CARTESIAN_POINT('',(-12.519042151979,9.9999999999991,-345.652451283537));
#7580=CARTESIAN_POINT('Origin',(-10.8284562859287,9.9999999999991,-345.275729331016));
#7581=CARTESIAN_POINT('',(-10.8284562859287,9.9999999999991,-345.275729331016));
#7582=CARTESIAN_POINT('',(-10.8284562859287,9.9999999999991,-345.275729331016));
#7583=CARTESIAN_POINT('',(-10.8284562859287,9.9999999999991,-345.275729331016));
#7584=CARTESIAN_POINT('Origin',(-10.3094141339497,9.99999999999911,-343.623278047478));
#7585=CARTESIAN_POINT('',(-10.3094141339497,9.99999999999911,-343.623278047478));
#7586=CARTESIAN_POINT('',(-10.3094141339497,9.99999999999911,-343.623278047478));
#7587=CARTESIAN_POINT('',(-10.3094141339497,9.99999999999911,-343.623278047478));
#7588=CARTESIAN_POINT('Origin',(-11.4809578480209,9.99999999999911,-342.347548716459));
#7589=CARTESIAN_POINT('',(-11.4809578480209,9.99999999999911,-342.347548716459));
#7590=CARTESIAN_POINT('Origin',(-12.,9.9999999999991,-343.999999999998));
#7591=CARTESIAN_POINT('Origin',(-4.99999999999989,9.9999999999994,-362.999999999998));
#7592=CARTESIAN_POINT('',(-3.52691465464697,9.9999999999994,-361.647217842625));
#7593=CARTESIAN_POINT('Origin',(-4.99999999999989,9.9999999999994,-362.999999999998));
#7594=CARTESIAN_POINT('',(-3.52691465464696,-5.6100000000006,-361.647217842625));
#7595=CARTESIAN_POINT('',(-3.52691465464697,9.9999999999994,-361.647217842625));
#7596=CARTESIAN_POINT('Origin',(-4.99999999999987,-5.61000000000061,-362.999999999998));
#7597=CARTESIAN_POINT('Origin',(-4.99999999999987,-5.61000000000061,-362.999999999998));
#7598=CARTESIAN_POINT('',(-3.81416629699079,-6.00000000000061,-361.911010363313));
#7599=CARTESIAN_POINT('',(-3.52691465464696,-5.6100000000006,-361.647217842625));
#7600=CARTESIAN_POINT('Origin',(-4.99999999999987,-6.0000000000006,-362.999999999998));
#7601=CARTESIAN_POINT('Origin',(-4.99999999999989,9.9999999999994,-362.999999999998));
#7602=CARTESIAN_POINT('',(-2.42210064563229,13.9999999999994,-360.632631224596));
#7603=CARTESIAN_POINT('Origin',(-4.99999999999989,13.9999999999994,-362.999999999998));
#7604=CARTESIAN_POINT('',(-2.42210064563229,9.99999999999941,-360.632631224596));
#7605=CARTESIAN_POINT('',(-2.42210064563229,9.99999999999941,-360.632631224596));
#7606=CARTESIAN_POINT('Origin',(-4.99999999999989,9.9999999999994,-362.999999999998));
#7607=CARTESIAN_POINT('Origin',(-4.99999999999989,9.9999999999994,-362.999999999998));
#7608=CARTESIAN_POINT('Origin',(-4.99999999999989,13.9999999999994,-362.999999999998));
#7609=CARTESIAN_POINT('',(-4.48095784802083,13.9999999999994,-361.347548716459));
#7610=CARTESIAN_POINT('',(-3.30941413394958,13.9999999999994,-362.623278047478));
#7611=CARTESIAN_POINT('',(-4.48095784802083,13.9999999999994,-361.347548716459));
#7612=CARTESIAN_POINT('',(-6.17154371407114,13.9999999999994,-361.72427066898));
#7613=CARTESIAN_POINT('',(-6.17154371407114,13.9999999999994,-361.72427066898));
#7614=CARTESIAN_POINT('',(-6.6905858660502,13.9999999999994,-363.376721952519));
#7615=CARTESIAN_POINT('',(-6.6905858660502,13.9999999999994,-363.376721952519));
#7616=CARTESIAN_POINT('',(-5.51904215197895,13.9999999999994,-364.652451283537));
#7617=CARTESIAN_POINT('',(-5.51904215197895,13.9999999999994,-364.652451283537));
#7618=CARTESIAN_POINT('',(-3.82845628592863,13.9999999999994,-364.275729331016));
#7619=CARTESIAN_POINT('',(-3.82845628592863,13.9999999999994,-364.275729331016));
#7620=CARTESIAN_POINT('',(-3.30941413394958,13.9999999999994,-362.623278047478));
#7621=CARTESIAN_POINT('Origin',(-6.08898963668506,-6.0000000000006,-361.814166296989));
#7622=CARTESIAN_POINT('Origin',(-6.17154371407114,11.9999999999994,-361.72427066898));
#7623=CARTESIAN_POINT('',(-4.48095784802083,11.9999999999994,-361.347548716459));
#7624=CARTESIAN_POINT('',(-4.48095784802083,11.9999999999994,-361.347548716459));
#7625=CARTESIAN_POINT('',(-6.17154371407114,11.9999999999994,-361.72427066898));
#7626=CARTESIAN_POINT('',(-6.17154371407114,11.9999999999994,-361.72427066898));
#7627=CARTESIAN_POINT('',(-6.17154371407114,11.9999999999994,-361.72427066898));
#7628=CARTESIAN_POINT('Origin',(-6.6905858660502,11.9999999999994,-363.376721952519));
#7629=CARTESIAN_POINT('',(-6.6905858660502,11.9999999999994,-363.376721952519));
#7630=CARTESIAN_POINT('',(-6.6905858660502,11.9999999999994,-363.376721952519));
#7631=CARTESIAN_POINT('',(-6.6905858660502,11.9999999999994,-363.376721952519));
#7632=CARTESIAN_POINT('Origin',(-5.51904215197894,11.9999999999994,-364.652451283537));
#7633=CARTESIAN_POINT('',(-5.51904215197894,11.9999999999994,-364.652451283537));
#7634=CARTESIAN_POINT('',(-5.51904215197894,11.9999999999994,-364.652451283537));
#7635=CARTESIAN_POINT('',(-5.51904215197894,11.9999999999994,-364.652451283537));
#7636=CARTESIAN_POINT('Origin',(-3.82845628592863,11.9999999999994,-364.275729331016));
#7637=CARTESIAN_POINT('',(-3.82845628592863,11.9999999999994,-364.275729331016));
#7638=CARTESIAN_POINT('',(-3.82845628592863,11.9999999999994,-364.275729331016));
#7639=CARTESIAN_POINT('',(-3.82845628592863,11.9999999999994,-364.275729331016));
#7640=CARTESIAN_POINT('Origin',(-3.30941413394958,11.9999999999994,-362.623278047478));
#7641=CARTESIAN_POINT('',(-3.30941413394958,11.9999999999994,-362.623278047478));
#7642=CARTESIAN_POINT('',(-3.30941413394958,11.9999999999994,-362.623278047478));
#7643=CARTESIAN_POINT('',(-3.30941413394958,11.9999999999994,-362.623278047478));
#7644=CARTESIAN_POINT('Origin',(-4.48095784802083,11.9999999999994,-361.347548716459));
#7645=CARTESIAN_POINT('',(-4.48095784802083,11.9999999999994,-361.347548716459));
#7646=CARTESIAN_POINT('Origin',(-4.99999999999989,11.9999999999994,-362.999999999998));
#7647=CARTESIAN_POINT('Origin',(-11.9999999999999,7.99999999999944,-353.999999999998));
#7648=CARTESIAN_POINT('',(-10.526914654647,7.99999999999945,-352.647217842625));
#7649=CARTESIAN_POINT('Origin',(-11.9999999999999,7.99999999999944,-353.999999999998));
#7650=CARTESIAN_POINT('',(-10.526914654647,-7.61000000000056,-352.647217842625));
#7651=CARTESIAN_POINT('',(-10.526914654647,7.99999999999945,-352.647217842625));
#7652=CARTESIAN_POINT('Origin',(-11.9999999999999,-7.61000000000057,-353.999999999998));
#7653=CARTESIAN_POINT('Origin',(-11.9999999999999,-7.61000000000057,-353.999999999998));
#7654=CARTESIAN_POINT('',(-10.8141662969908,-8.00000000000057,-352.911010363313));
#7655=CARTESIAN_POINT('',(-10.526914654647,-7.61000000000056,-352.647217842625));
#7656=CARTESIAN_POINT('Origin',(-11.9999999999999,-8.00000000000056,-353.999999999998));
#7657=CARTESIAN_POINT('Origin',(-11.9999999999999,7.99999999999944,-353.999999999998));
#7658=CARTESIAN_POINT('',(-9.42210064563235,11.9999999999994,-351.632631224596));
#7659=CARTESIAN_POINT('Origin',(-11.9999999999999,11.9999999999994,-353.999999999998));
#7660=CARTESIAN_POINT('',(-9.42210064563234,7.99999999999945,-351.632631224596));
#7661=CARTESIAN_POINT('',(-9.42210064563234,7.99999999999945,-351.632631224596));
#7662=CARTESIAN_POINT('Origin',(-11.9999999999999,7.99999999999944,-353.999999999998));
#7663=CARTESIAN_POINT('Origin',(-11.9999999999999,7.99999999999944,-353.999999999998));
#7664=CARTESIAN_POINT('Origin',(-11.9999999999999,11.9999999999994,-353.999999999998));
#7665=CARTESIAN_POINT('',(-11.4809578480209,11.9999999999994,-352.347548716459));
#7666=CARTESIAN_POINT('',(-10.3094141339496,11.9999999999994,-353.623278047478));
#7667=CARTESIAN_POINT('',(-11.4809578480209,11.9999999999994,-352.347548716459));
#7668=CARTESIAN_POINT('',(-13.1715437140712,11.9999999999994,-352.72427066898));
#7669=CARTESIAN_POINT('',(-13.1715437140712,11.9999999999994,-352.72427066898));
#7670=CARTESIAN_POINT('',(-13.6905858660503,11.9999999999994,-354.376721952519));
#7671=CARTESIAN_POINT('',(-13.6905858660503,11.9999999999994,-354.376721952519));
#7672=CARTESIAN_POINT('',(-12.519042151979,11.9999999999994,-355.652451283537));
#7673=CARTESIAN_POINT('',(-12.519042151979,11.9999999999994,-355.652451283537));
#7674=CARTESIAN_POINT('',(-10.8284562859287,11.9999999999994,-355.275729331016));
#7675=CARTESIAN_POINT('',(-10.8284562859287,11.9999999999994,-355.275729331016));
#7676=CARTESIAN_POINT('',(-10.3094141339496,11.9999999999994,-353.623278047478));
#7677=CARTESIAN_POINT('Origin',(-13.0889896366851,-8.00000000000056,-352.814166296989));
#7678=CARTESIAN_POINT('Origin',(-13.1715437140712,9.99999999999944,-352.72427066898));
#7679=CARTESIAN_POINT('',(-11.4809578480209,9.99999999999945,-352.347548716459));
#7680=CARTESIAN_POINT('',(-11.4809578480209,9.99999999999945,-352.347548716459));
#7681=CARTESIAN_POINT('',(-13.1715437140712,9.99999999999944,-352.72427066898));
#7682=CARTESIAN_POINT('',(-13.1715437140712,9.99999999999944,-352.72427066898));
#7683=CARTESIAN_POINT('',(-13.1715437140712,9.99999999999944,-352.72427066898));
#7684=CARTESIAN_POINT('Origin',(-13.6905858660503,9.99999999999944,-354.376721952519));
#7685=CARTESIAN_POINT('',(-13.6905858660503,9.99999999999944,-354.376721952519));
#7686=CARTESIAN_POINT('',(-13.6905858660503,9.99999999999944,-354.376721952519));
#7687=CARTESIAN_POINT('',(-13.6905858660503,9.99999999999944,-354.376721952519));
#7688=CARTESIAN_POINT('Origin',(-12.519042151979,9.99999999999944,-355.652451283537));
#7689=CARTESIAN_POINT('',(-12.519042151979,9.99999999999944,-355.652451283537));
#7690=CARTESIAN_POINT('',(-12.519042151979,9.99999999999944,-355.652451283537));
#7691=CARTESIAN_POINT('',(-12.519042151979,9.99999999999944,-355.652451283537));
#7692=CARTESIAN_POINT('Origin',(-10.8284562859287,9.99999999999944,-355.275729331016));
#7693=CARTESIAN_POINT('',(-10.8284562859287,9.99999999999944,-355.275729331016));
#7694=CARTESIAN_POINT('',(-10.8284562859287,9.99999999999944,-355.275729331016));
#7695=CARTESIAN_POINT('',(-10.8284562859287,9.99999999999944,-355.275729331016));
#7696=CARTESIAN_POINT('Origin',(-10.3094141339496,9.99999999999945,-353.623278047478));
#7697=CARTESIAN_POINT('',(-10.3094141339496,9.99999999999945,-353.623278047478));
#7698=CARTESIAN_POINT('',(-10.3094141339496,9.99999999999945,-353.623278047478));
#7699=CARTESIAN_POINT('',(-10.3094141339496,9.99999999999945,-353.623278047478));
#7700=CARTESIAN_POINT('Origin',(-11.4809578480209,9.99999999999945,-352.347548716459));
#7701=CARTESIAN_POINT('',(-11.4809578480209,9.99999999999945,-352.347548716459));
#7702=CARTESIAN_POINT('Origin',(-11.9999999999999,9.99999999999944,-353.999999999998));
#7703=UNCERTAINTY_MEASURE_WITH_UNIT(LENGTH_MEASURE(0.01),#7707,
'DISTANCE_ACCURACY_VALUE',
'Maximum model space distance between geometric entities at asserted c
onnectivities');
#7704=UNCERTAINTY_MEASURE_WITH_UNIT(LENGTH_MEASURE(0.01),#7707,
'DISTANCE_ACCURACY_VALUE',
'Maximum model space distance between geometric entities at asserted c
onnectivities');
#7705=(
GEOMETRIC_REPRESENTATION_CONTEXT(3)
GLOBAL_UNCERTAINTY_ASSIGNED_CONTEXT((#7703))
GLOBAL_UNIT_ASSIGNED_CONTEXT((#7707,#7709,#7710))
REPRESENTATION_CONTEXT('','3D')
);
#7706=(
GEOMETRIC_REPRESENTATION_CONTEXT(3)
GLOBAL_UNCERTAINTY_ASSIGNED_CONTEXT((#7704))
GLOBAL_UNIT_ASSIGNED_CONTEXT((#7707,#7709,#7710))
REPRESENTATION_CONTEXT('','3D')
);
#7707=(
LENGTH_UNIT()
NAMED_UNIT(*)
SI_UNIT(.MILLI.,.METRE.)
);
#7708=(
LENGTH_UNIT()
NAMED_UNIT(*)
SI_UNIT(.CENTI.,.METRE.)
);
#7709=(
NAMED_UNIT(*)
PLANE_ANGLE_UNIT()
SI_UNIT($,.RADIAN.)
);
#7710=(
NAMED_UNIT(*)
SI_UNIT($,.STERADIAN.)
SOLID_ANGLE_UNIT()
);
#7711=SHAPE_DEFINITION_REPRESENTATION(#7712,#7713);
#7712=PRODUCT_DEFINITION_SHAPE('',$,#7715);
#7713=SHAPE_REPRESENTATION('',(#4675),#7705);
#7714=PRODUCT_DEFINITION_CONTEXT('part definition',#7719,'design');
#7715=PRODUCT_DEFINITION('PushrodLeftNCS','PushrodLeftNCS',#7716,#7714);
#7716=PRODUCT_DEFINITION_FORMATION('',$,#7721);
#7717=PRODUCT_RELATED_PRODUCT_CATEGORY('PushrodLeftNCS',
'PushrodLeftNCS',(#7721));
#7718=APPLICATION_PROTOCOL_DEFINITION('international standard',
'automotive_design',2009,#7719);
#7719=APPLICATION_CONTEXT(
'Core Data for Automotive Mechanical Design Process');
#7720=PRODUCT_CONTEXT('part definition',#7719,'mechanical');
#7721=PRODUCT('PushrodLeftNCS','PushrodLeftNCS',$,(#7720));
#7722=PRESENTATION_STYLE_ASSIGNMENT((#7723));
#7723=SURFACE_STYLE_USAGE(.BOTH.,#7726);
#7724=SURFACE_STYLE_RENDERING_WITH_PROPERTIES($,#7730,(#7725));
#7725=SURFACE_STYLE_TRANSPARENT(0.);
#7726=SURFACE_SIDE_STYLE('',(#7727,#7724));
#7727=SURFACE_STYLE_FILL_AREA(#7728);
#7728=FILL_AREA_STYLE('',(#7729));
#7729=FILL_AREA_STYLE_COLOUR('',#7730);
#7730=COLOUR_RGB('',0.749019607843137,0.749019607843137,0.749019607843137);
ENDSEC;
END-ISO-10303-21;
