ISO-10303-21;
HEADER;
/* Generated by software containing ST-Developer
 * from STEP Tools, Inc. (www.steptools.com) 
 */

FILE_DESCRIPTION(
/* description */ (''),
/* implementation_level */ '2;1');

FILE_NAME(
/* name */ 
'C:\\Users\\Nathann\\OneDrive\\ClawdDrive\\Objet3D\\RunningRobot\\Part
URDF\\HipLeft_Simplify_1.stp',
/* time_stamp */ '2026-05-29T15:50:48+02:00',
/* author */ ('Nathann'),
/* organization */ (''),
/* preprocessor_version */ 'ST-DEVELOPER v19',
/* originating_system */ 'Autodesk Inventor 2023',
/* authorisation */ '');

FILE_SCHEMA (('AUTOMOTIVE_DESIGN { 1 0 10303 214 3 1 1 }'));
ENDSEC;

DATA;
#10=MECHANICAL_DESIGN_GEOMETRIC_PRESENTATION_REPRESENTATION('',(#7460,#7461,
#7462,#7463,#7464,#7465,#7466,#7467,#7468,#7469,#7470,#7471,#7472,#7473,
#7474,#7475,#7476,#7477,#7478,#7479,#7480,#7481,#7482,#7483,#7484,#7485,
#7486,#7487,#7488,#7489,#7490,#7491,#7492,#7493,#7494,#7495,#7496,#7497,
#7498,#7499,#7500,#7501,#7502,#7503,#7504,#7505,#7506,#7507,#7508,#7509,
#7510,#7511,#7512,#7513,#7514,#7515,#7516,#7517,#7518,#7519,#7520,#7521,
#7522,#7523,#7524,#7525,#7526,#7527,#7528,#7529,#7530,#7531,#7532,#7533,
#7534,#7535,#7536,#7537,#7538,#7539,#7540,#7541,#7542,#7543,#7544,#7545,
#7546,#7547,#7548,#7549,#7550,#7551,#7552,#7553,#7554,#7555,#7556,#7557,
#7558,#7559,#7560,#7561,#7562,#7563,#7564,#7565,#7566,#7567,#7568,#7569,
#7570,#7571,#7572,#7573,#7574,#7575,#7576,#7577,#7578,#7579,#7580,#7581,
#7582,#7583,#7584,#7585,#7586,#7587,#7588,#7589,#7590,#7591,#7592,#7593,
#7594,#7595,#7596,#7597,#7598,#7599,#7600,#7601,#7602,#7603,#7604,#7605,
#7606,#7607,#7608,#7609,#7610,#7611,#7612,#7613,#7614,#7615,#7616,#7617,
#7618,#7619,#7620,#7621,#7622,#7623,#7624,#7625,#7626,#7627,#7628,#7629,
#7630,#7631,#7632,#7633,#7634,#7635,#7636,#7637,#7638,#7639,#7640,#7641,
#7642,#7643,#7644,#7645,#7646,#7647,#7648,#7649,#7650,#7651,#7652,#7653,
#7654,#7655,#7656,#7657,#7658,#7659,#7660,#7661,#7662,#7663,#7664,#7665,
#7666,#7667,#7668,#7669,#7670,#7671,#7672,#7673,#7674,#7675,#7676,#7677,
#7678,#7679,#7680,#7681,#7682,#7683,#7684,#7685,#7686,#7687,#7688,#7689,
#7690,#7691,#7692,#7693,#7694,#7695,#7696,#7697,#7698,#7699,#7700,#7701,
#7702,#7703,#7704,#7705,#7706,#7707,#7708,#7709,#7710,#7711,#7712,#7713,
#7714,#7715,#7716,#7717,#7718,#7719,#7720,#7721,#7722,#7723,#7724,#7725,
#7726,#7727,#7728,#7729,#7730,#7731,#7732,#7733,#7734,#7735,#7736,#7737,
#7738,#7739,#7740,#7741,#7742,#7743,#7744,#7745,#7746,#7747,#7748,#7749,
#7750,#7751,#7752,#7753,#7754,#7755,#7756,#7757,#7758,#7759,#7760,#7761,
#7762,#7763,#7764,#7765,#7766,#7767,#7768,#7769,#7770,#7771,#7772,#7773,
#7774,#7775,#7776,#7777,#7778,#7779,#7780,#7781,#7782,#7783,#7784,#7785,
#7786,#7787,#7788,#7789,#7790,#7791,#7792,#7793,#7794,#7795,#7796,#7797,
#7798,#7799,#7800,#7801,#7802,#7803,#7804,#7805,#7806,#7807,#7808,#7809,
#7810,#7811,#7812,#7813,#7814,#7815,#7816,#7817,#7818,#7819,#7820,#7821,
#7822,#7823,#7824,#7825,#7826,#7827,#7828,#7829,#7830,#7831,#7832,#7833,
#7834,#7835,#7836,#7837,#7838,#7839,#7840,#7841,#7842,#7843,#7844,#7845,
#7846,#7847,#7848,#7849,#7850,#7851,#7852,#7853,#7854,#7855,#7856,#7857,
#7858,#7859,#7860,#7861,#7862,#7863,#7864,#7865,#7866,#7867,#7868,#7869,
#7870,#7871,#7872,#7873,#7874,#7875,#7876,#7877,#7878,#7879,#7880,#7881,
#7882,#7883,#7884,#7885,#7886,#7887,#7888,#7889,#7890,#7891,#7892,#7893,
#7894,#7895,#7896,#7897,#7898,#7899,#7900,#7901,#7902,#7903,#7904,#7905,
#7906,#7907,#7908,#7909,#7910,#7911,#7912,#7913,#7914,#7915,#7916,#7917,
#7918,#7919,#7920,#7921,#7922,#7923,#7924,#7925,#7926,#7927,#7928,#7929,
#7930,#7931,#7932,#7933,#7934,#7935,#7936,#7937,#7938,#7939,#7940,#7941,
#7942,#7943,#7944,#7945,#7946,#7947,#7948,#7949,#7950,#7951,#7952,#7953,
#7954,#7955,#7956,#7957,#7958,#7959,#7960,#7961,#7962,#7963,#7964,#7965,
#7966,#7967,#7968,#7969,#7970,#7971,#7972,#7973,#7974,#7975),#14116);
#11=SHAPE_REPRESENTATION_RELATIONSHIP('SRR','None',#14123,#12);
#12=ADVANCED_BREP_SHAPE_REPRESENTATION('',(#13,#14,#15,#16,#17,#18,#19,
#20,#21,#22,#23,#24,#25,#26,#27,#28,#29,#30,#31,#32,#33,#34,#35,#36,#37,
#38,#39,#40),#14115);
#13=MANIFOLD_SOLID_BREP('Solid1',#8464);
#14=MANIFOLD_SOLID_BREP('Solid2',#8465);
#15=MANIFOLD_SOLID_BREP('Solid3',#8466);
#16=MANIFOLD_SOLID_BREP('Solid4',#8467);
#17=MANIFOLD_SOLID_BREP('Solid5',#8468);
#18=MANIFOLD_SOLID_BREP('Solid6',#8469);
#19=MANIFOLD_SOLID_BREP('Solid7',#8470);
#20=MANIFOLD_SOLID_BREP('Solid8',#8471);
#21=MANIFOLD_SOLID_BREP('Solid9',#8472);
#22=MANIFOLD_SOLID_BREP('Solid10',#8473);
#23=MANIFOLD_SOLID_BREP('Solid11',#8474);
#24=MANIFOLD_SOLID_BREP('Solid12',#8475);
#25=MANIFOLD_SOLID_BREP('Solid13',#8476);
#26=MANIFOLD_SOLID_BREP('Solid14',#8477);
#27=MANIFOLD_SOLID_BREP('Solid15',#8478);
#28=MANIFOLD_SOLID_BREP('Solid16',#8479);
#29=MANIFOLD_SOLID_BREP('Solid17',#8480);
#30=MANIFOLD_SOLID_BREP('Solid18',#8481);
#31=MANIFOLD_SOLID_BREP('Solid19',#8482);
#32=MANIFOLD_SOLID_BREP('Solid20',#8483);
#33=MANIFOLD_SOLID_BREP('Solid21',#8484);
#34=MANIFOLD_SOLID_BREP('Solid22',#8485);
#35=MANIFOLD_SOLID_BREP('Solid23',#8486);
#36=MANIFOLD_SOLID_BREP('Solid24',#8487);
#37=MANIFOLD_SOLID_BREP('Solid25',#8488);
#38=MANIFOLD_SOLID_BREP('Solid26',#8489);
#39=MANIFOLD_SOLID_BREP('Solid27',#8490);
#40=MANIFOLD_SOLID_BREP('Solid28',#8491);
#41=FACE_BOUND('',#1043,.T.);
#42=FACE_BOUND('',#1044,.T.);
#43=FACE_BOUND('',#1045,.T.);
#44=FACE_BOUND('',#1046,.T.);
#45=FACE_BOUND('',#1051,.T.);
#46=FACE_BOUND('',#1052,.T.);
#47=FACE_BOUND('',#1053,.T.);
#48=FACE_BOUND('',#1054,.T.);
#49=FACE_BOUND('',#1055,.T.);
#50=FACE_BOUND('',#1056,.T.);
#51=FACE_BOUND('',#1058,.T.);
#52=FACE_BOUND('',#1059,.T.);
#53=FACE_BOUND('',#1060,.T.);
#54=FACE_BOUND('',#1061,.T.);
#55=FACE_BOUND('',#1062,.T.);
#56=FACE_BOUND('',#1063,.T.);
#57=FACE_BOUND('',#1064,.T.);
#58=FACE_BOUND('',#1072,.T.);
#59=FACE_BOUND('',#1074,.T.);
#60=FACE_BOUND('',#1101,.T.);
#61=FACE_BOUND('',#1102,.T.);
#62=FACE_BOUND('',#1103,.T.);
#63=FACE_BOUND('',#1104,.T.);
#64=FACE_BOUND('',#1105,.T.);
#65=FACE_BOUND('',#1108,.T.);
#66=FACE_BOUND('',#1109,.T.);
#67=FACE_BOUND('',#1110,.T.);
#68=FACE_BOUND('',#1111,.T.);
#69=FACE_BOUND('',#1112,.T.);
#70=FACE_BOUND('',#1114,.T.);
#71=FACE_BOUND('',#1115,.T.);
#72=FACE_BOUND('',#1116,.T.);
#73=FACE_BOUND('',#1117,.T.);
#74=FACE_BOUND('',#1118,.T.);
#75=FACE_BOUND('',#1119,.T.);
#76=FACE_BOUND('',#1120,.T.);
#77=FACE_BOUND('',#1121,.T.);
#78=FACE_BOUND('',#1122,.T.);
#79=FACE_BOUND('',#1123,.T.);
#80=FACE_BOUND('',#1125,.T.);
#81=FACE_BOUND('',#1126,.T.);
#82=FACE_BOUND('',#1127,.T.);
#83=FACE_BOUND('',#1128,.T.);
#84=FACE_BOUND('',#1129,.T.);
#85=FACE_BOUND('',#1132,.T.);
#86=FACE_BOUND('',#1133,.T.);
#87=FACE_BOUND('',#1134,.T.);
#88=FACE_BOUND('',#1135,.T.);
#89=FACE_BOUND('',#1136,.T.);
#90=FACE_BOUND('',#1204,.T.);
#91=FACE_BOUND('',#1205,.T.);
#92=FACE_BOUND('',#1206,.T.);
#93=FACE_BOUND('',#1207,.T.);
#94=FACE_BOUND('',#1208,.T.);
#95=FACE_BOUND('',#1209,.T.);
#96=FACE_BOUND('',#1210,.T.);
#97=FACE_BOUND('',#1211,.T.);
#98=FACE_BOUND('',#1212,.T.);
#99=FACE_BOUND('',#1214,.T.);
#100=FACE_BOUND('',#1216,.T.);
#101=FACE_BOUND('',#1217,.T.);
#102=FACE_BOUND('',#1218,.T.);
#103=FACE_BOUND('',#1219,.T.);
#104=FACE_BOUND('',#1220,.T.);
#105=FACE_BOUND('',#1221,.T.);
#106=FACE_BOUND('',#1222,.T.);
#107=FACE_BOUND('',#1223,.T.);
#108=FACE_BOUND('',#1224,.T.);
#109=FACE_BOUND('',#1226,.T.);
#110=FACE_BOUND('',#1228,.T.);
#111=FACE_BOUND('',#1270,.T.);
#112=FACE_BOUND('',#1271,.T.);
#113=FACE_BOUND('',#1272,.T.);
#114=FACE_BOUND('',#1273,.T.);
#115=FACE_BOUND('',#1274,.T.);
#116=FACE_BOUND('',#1275,.T.);
#117=FACE_BOUND('',#1276,.T.);
#118=FACE_BOUND('',#1277,.T.);
#119=FACE_BOUND('',#1278,.T.);
#120=FACE_BOUND('',#1280,.T.);
#121=FACE_BOUND('',#1282,.T.);
#122=FACE_BOUND('',#1283,.T.);
#123=FACE_BOUND('',#1284,.T.);
#124=FACE_BOUND('',#1285,.T.);
#125=FACE_BOUND('',#1286,.T.);
#126=FACE_BOUND('',#1287,.T.);
#127=FACE_BOUND('',#1288,.T.);
#128=FACE_BOUND('',#1289,.T.);
#129=FACE_BOUND('',#1290,.T.);
#130=FACE_BOUND('',#1292,.T.);
#131=FACE_BOUND('',#1294,.T.);
#132=FACE_BOUND('',#1330,.T.);
#133=FACE_BOUND('',#1331,.T.);
#134=FACE_BOUND('',#1332,.T.);
#135=FACE_BOUND('',#1333,.T.);
#136=FACE_BOUND('',#1334,.T.);
#137=FACE_BOUND('',#1335,.T.);
#138=FACE_BOUND('',#1336,.T.);
#139=FACE_BOUND('',#1337,.T.);
#140=FACE_BOUND('',#1338,.T.);
#141=FACE_BOUND('',#1339,.T.);
#142=FACE_BOUND('',#1340,.T.);
#143=FACE_BOUND('',#1341,.T.);
#144=FACE_BOUND('',#1343,.T.);
#145=FACE_BOUND('',#1344,.T.);
#146=FACE_BOUND('',#1345,.T.);
#147=FACE_BOUND('',#1346,.T.);
#148=FACE_BOUND('',#1347,.T.);
#149=FACE_BOUND('',#1348,.T.);
#150=FACE_BOUND('',#1349,.T.);
#151=FACE_BOUND('',#1350,.T.);
#152=FACE_BOUND('',#1351,.T.);
#153=FACE_BOUND('',#1352,.T.);
#154=FACE_BOUND('',#1353,.T.);
#155=FACE_BOUND('',#1354,.T.);
#156=FACE_BOUND('',#1369,.T.);
#157=FACE_BOUND('',#1370,.T.);
#158=FACE_BOUND('',#1371,.T.);
#159=FACE_BOUND('',#1372,.T.);
#160=FACE_BOUND('',#1373,.T.);
#161=FACE_BOUND('',#1374,.T.);
#162=FACE_BOUND('',#1375,.T.);
#163=FACE_BOUND('',#1376,.T.);
#164=FACE_BOUND('',#1377,.T.);
#165=FACE_BOUND('',#1378,.T.);
#166=FACE_BOUND('',#1379,.T.);
#167=FACE_BOUND('',#1380,.T.);
#168=FACE_BOUND('',#1382,.T.);
#169=FACE_BOUND('',#1383,.T.);
#170=FACE_BOUND('',#1384,.T.);
#171=FACE_BOUND('',#1385,.T.);
#172=FACE_BOUND('',#1386,.T.);
#173=FACE_BOUND('',#1387,.T.);
#174=FACE_BOUND('',#1388,.T.);
#175=FACE_BOUND('',#1389,.T.);
#176=FACE_BOUND('',#1390,.T.);
#177=FACE_BOUND('',#1391,.T.);
#178=FACE_BOUND('',#1392,.T.);
#179=FACE_BOUND('',#1393,.T.);
#180=FACE_BOUND('',#1398,.T.);
#181=FACE_BOUND('',#1400,.T.);
#182=FACE_BOUND('',#1413,.T.);
#183=FACE_BOUND('',#1415,.T.);
#184=FACE_BOUND('',#1428,.T.);
#185=FACE_BOUND('',#1430,.T.);
#186=FACE_BOUND('',#1443,.T.);
#187=FACE_BOUND('',#1445,.T.);
#188=FACE_BOUND('',#1458,.T.);
#189=FACE_BOUND('',#1460,.T.);
#190=FACE_BOUND('',#1473,.T.);
#191=FACE_BOUND('',#1475,.T.);
#192=FACE_BOUND('',#1488,.T.);
#193=FACE_BOUND('',#1490,.T.);
#194=FACE_BOUND('',#1503,.T.);
#195=FACE_BOUND('',#1505,.T.);
#196=FACE_BOUND('',#1518,.T.);
#197=FACE_BOUND('',#1520,.T.);
#198=FACE_BOUND('',#1533,.T.);
#199=FACE_BOUND('',#1535,.T.);
#200=FACE_BOUND('',#1548,.T.);
#201=FACE_BOUND('',#1550,.T.);
#202=FACE_BOUND('',#1563,.T.);
#203=FACE_BOUND('',#1565,.T.);
#204=FACE_BOUND('',#1578,.T.);
#205=FACE_BOUND('',#1580,.T.);
#206=FACE_BOUND('',#1593,.T.);
#207=FACE_BOUND('',#1595,.T.);
#208=FACE_BOUND('',#1608,.T.);
#209=FACE_BOUND('',#1610,.T.);
#210=FACE_BOUND('',#1623,.T.);
#211=FACE_BOUND('',#1625,.T.);
#212=FACE_BOUND('',#1638,.T.);
#213=FACE_BOUND('',#1640,.T.);
#214=FACE_BOUND('',#1653,.T.);
#215=FACE_BOUND('',#1655,.T.);
#216=FACE_BOUND('',#1668,.T.);
#217=FACE_BOUND('',#1670,.T.);
#218=FACE_BOUND('',#1683,.T.);
#219=FACE_BOUND('',#1685,.T.);
#220=CONICAL_SURFACE('',#8523,1.64999999999999,1.02974425867665);
#221=CONICAL_SURFACE('',#8527,1.64999999999999,1.02974425867665);
#222=CONICAL_SURFACE('',#8721,1.65,1.02974425867665);
#223=CONICAL_SURFACE('',#8725,1.65,1.02974425867665);
#224=CONICAL_SURFACE('',#8729,1.65,1.02974425867665);
#225=CONICAL_SURFACE('',#8733,1.65,1.02974425867665);
#226=CONICAL_SURFACE('',#8737,1.65,1.02974425867665);
#227=CONICAL_SURFACE('',#8741,1.65,1.02974425867665);
#228=CONICAL_SURFACE('',#8745,1.65,1.02974425867665);
#229=CONICAL_SURFACE('',#8749,1.65,1.02974425867665);
#230=CONICAL_SURFACE('',#8753,2.,1.02974425867665);
#231=CONICAL_SURFACE('',#8757,2.,1.02974425867665);
#232=CONICAL_SURFACE('',#8761,2.,1.02974425867665);
#233=CONICAL_SURFACE('',#8765,2.1,1.02974425867665);
#234=CONICAL_SURFACE('',#8769,2.1,1.02974425867665);
#235=CONICAL_SURFACE('',#8773,2.1,1.02974425867665);
#236=CONICAL_SURFACE('',#8777,2.1,1.02974425867665);
#237=CONICAL_SURFACE('',#8781,2.1,1.02974425867665);
#238=CONICAL_SURFACE('',#8785,2.1,1.02974425867665);
#239=CONICAL_SURFACE('',#8810,1.65,1.02974425867665);
#240=CONICAL_SURFACE('',#8814,1.65,1.02974425867665);
#241=CONICAL_SURFACE('',#8818,1.65,1.02974425867665);
#242=CONICAL_SURFACE('',#8822,1.65,1.02974425867665);
#243=CONICAL_SURFACE('',#8826,1.65,1.02974425867665);
#244=CONICAL_SURFACE('',#8830,1.65,1.02974425867665);
#245=CONICAL_SURFACE('',#8834,1.65,1.02974425867665);
#246=CONICAL_SURFACE('',#8838,1.65,1.02974425867665);
#247=CONICAL_SURFACE('',#8842,2.,1.02974425867665);
#248=CONICAL_SURFACE('',#8846,2.,1.02974425867665);
#249=CONICAL_SURFACE('',#8850,2.,1.02974425867665);
#250=CONICAL_SURFACE('',#8854,2.1,1.02974425867665);
#251=CONICAL_SURFACE('',#8858,2.1,1.02974425867665);
#252=CONICAL_SURFACE('',#8862,2.1,1.02974425867665);
#253=CONICAL_SURFACE('',#8866,2.1,1.02974425867665);
#254=CONICAL_SURFACE('',#8870,2.1,1.02974425867665);
#255=CONICAL_SURFACE('',#8874,2.1,1.02974425867665);
#256=CONICAL_SURFACE('',#9013,2.,0.785398163397453);
#257=CONICAL_SURFACE('',#9031,2.,0.785398163397453);
#258=CONICAL_SURFACE('',#9049,2.,0.785398163397453);
#259=CONICAL_SURFACE('',#9067,2.,0.785398163397453);
#260=CONICAL_SURFACE('',#9085,2.,0.785398163397453);
#261=CONICAL_SURFACE('',#9103,2.,0.785398163397453);
#262=CONICAL_SURFACE('',#9121,2.,0.785398163397453);
#263=CONICAL_SURFACE('',#9139,2.,0.785398163397453);
#264=CONICAL_SURFACE('',#9157,2.,0.785398163397453);
#265=CONICAL_SURFACE('',#9175,2.,0.785398163397453);
#266=CONICAL_SURFACE('',#9193,2.,0.785398163397453);
#267=CONICAL_SURFACE('',#9211,2.,0.785398163397453);
#268=CONICAL_SURFACE('',#9229,2.,0.785398163397453);
#269=CONICAL_SURFACE('',#9247,2.,0.785398163397453);
#270=CONICAL_SURFACE('',#9265,2.,0.785398163397453);
#271=CONICAL_SURFACE('',#9283,2.,0.785398163397453);
#272=CONICAL_SURFACE('',#9301,2.,0.785398163397453);
#273=CONICAL_SURFACE('',#9319,2.,0.785398163397453);
#274=CONICAL_SURFACE('',#9337,2.,0.785398163397453);
#275=CONICAL_SURFACE('',#9355,2.,0.785398163397453);
#276=B_SPLINE_CURVE_WITH_KNOTS('',3,(#11773,#11774,#11775,#11776,#11777,
#11778,#11779,#11780,#11781,#11782,#11783,#11784,#11785,#11786,#11787,#11788,
#11789,#11790,#11791,#11792,#11793,#11794,#11795,#11796,#11797,#11798,#11799,
#11800,#11801,#11802,#11803,#11804,#11805,#11806,#11807,#11808,#11809,#11810),
 .UNSPECIFIED.,.T.,.F.,(4,2,2,2,2,2,2,2,2,2,2,2,2,2,2,2,2,2,4),(-1.09468417297492,
-1.03299293316856,-0.971301693362203,-0.903100086780063,-0.834898480197922,
-0.755340400929815,-0.675782321661708,-0.611649410434897,-0.579582954821492,
-0.547516499208086,-0.512922531322982,-0.478328563437877,-0.409140627667668,
-0.334460897258027,-0.259781166848385,-0.192596801347601,-0.125412435846818,
-0.0627062179234088,0.),.UNSPECIFIED.);
#277=B_SPLINE_CURVE_WITH_KNOTS('',3,(#11834,#11835,#11836,#11837,#11838,
#11839,#11840,#11841,#11842,#11843,#11844,#11845,#11846,#11847,#11848,#11849,
#11850,#11851,#11852,#11853,#11854,#11855,#11856,#11857,#11858,#11859,#11860,
#11861,#11862,#11863,#11864,#11865,#11866,#11867,#11868,#11869,#11870,#11871),
 .UNSPECIFIED.,.T.,.F.,(4,2,2,2,2,2,2,2,2,2,2,2,2,2,2,2,2,2,4),(-1.09468417297492,
-1.03197795505152,-0.969271737128106,-0.902087371627322,-0.834903006126538,
-0.760223275716897,-0.685543545307256,-0.616355609537047,-0.581761641651942,
-0.547167673766838,-0.515101218153432,-0.483034762540027,-0.418901851313215,
-0.339343772045109,-0.259785692777002,-0.191584086194861,-0.123382479612721,
-0.0616912398063604,0.),.UNSPECIFIED.);
#278=B_SPLINE_CURVE_WITH_KNOTS('',3,(#11974,#11975,#11976,#11977,#11978,
#11979,#11980,#11981),.UNSPECIFIED.,.F.,.F.,(4,2,2,4),(0.628661603609404,
0.726266174794528,0.861801617823719,0.948487238150279),.UNSPECIFIED.);
#279=B_SPLINE_CURVE_WITH_KNOTS('',3,(#11984,#11985,#11986,#11987,#11988,
#11989,#11990,#11991),.UNSPECIFIED.,.F.,.F.,(4,2,2,4),(1.82974006560009,
1.91642568592665,2.05196112895584,2.14956570014097),.UNSPECIFIED.);
#280=B_SPLINE_CURVE_WITH_KNOTS('',3,(#12002,#12003,#12004,#12005,#12006,
#12007,#12008,#12009),.UNSPECIFIED.,.F.,.F.,(4,2,2,4),(0.628661603609404,
0.726266174794528,0.861801617823719,0.948487238150279),.UNSPECIFIED.);
#281=B_SPLINE_CURVE_WITH_KNOTS('',3,(#12012,#12013,#12014,#12015,#12016,
#12017,#12018,#12019),.UNSPECIFIED.,.F.,.F.,(4,2,2,4),(1.82974006560009,
1.91642568592665,2.05196112895584,2.14956570014097),.UNSPECIFIED.);
#282=PLANE('',#8517);
#283=PLANE('',#8551);
#284=PLANE('',#8554);
#285=PLANE('',#8559);
#286=PLANE('',#8561);
#287=PLANE('',#8562);
#288=PLANE('',#8565);
#289=PLANE('',#8567);
#290=PLANE('',#8568);
#291=PLANE('',#8572);
#292=PLANE('',#8575);
#293=PLANE('',#8648);
#294=PLANE('',#8659);
#295=PLANE('',#8663);
#296=PLANE('',#8669);
#297=PLANE('',#8681);
#298=PLANE('',#8690);
#299=PLANE('',#8691);
#300=PLANE('',#8692);
#301=PLANE('',#8696);
#302=PLANE('',#8698);
#303=PLANE('',#8700);
#304=PLANE('',#8702);
#305=PLANE('',#8707);
#306=PLANE('',#8711);
#307=PLANE('',#8712);
#308=PLANE('',#8716);
#309=PLANE('',#8801);
#310=PLANE('',#8802);
#311=PLANE('',#8803);
#312=PLANE('',#8804);
#313=PLANE('',#8805);
#314=PLANE('',#8806);
#315=PLANE('',#8890);
#316=PLANE('',#8891);
#317=PLANE('',#8892);
#318=PLANE('',#8893);
#319=PLANE('',#8894);
#320=PLANE('',#8895);
#321=PLANE('',#8896);
#322=PLANE('',#8900);
#323=PLANE('',#8901);
#324=PLANE('',#8902);
#325=PLANE('',#8906);
#326=PLANE('',#8910);
#327=PLANE('',#8911);
#328=PLANE('',#8912);
#329=PLANE('',#8916);
#330=PLANE('',#8917);
#331=PLANE('',#8918);
#332=PLANE('',#8922);
#333=PLANE('',#8926);
#334=PLANE('',#8927);
#335=PLANE('',#8967);
#336=PLANE('',#8968);
#337=PLANE('',#9008);
#338=PLANE('',#9009);
#339=PLANE('',#9018);
#340=PLANE('',#9019);
#341=PLANE('',#9020);
#342=PLANE('',#9021);
#343=PLANE('',#9022);
#344=PLANE('',#9023);
#345=PLANE('',#9024);
#346=PLANE('',#9025);
#347=PLANE('',#9026);
#348=PLANE('',#9027);
#349=PLANE('',#9036);
#350=PLANE('',#9037);
#351=PLANE('',#9038);
#352=PLANE('',#9039);
#353=PLANE('',#9040);
#354=PLANE('',#9041);
#355=PLANE('',#9042);
#356=PLANE('',#9043);
#357=PLANE('',#9044);
#358=PLANE('',#9045);
#359=PLANE('',#9054);
#360=PLANE('',#9055);
#361=PLANE('',#9056);
#362=PLANE('',#9057);
#363=PLANE('',#9058);
#364=PLANE('',#9059);
#365=PLANE('',#9060);
#366=PLANE('',#9061);
#367=PLANE('',#9062);
#368=PLANE('',#9063);
#369=PLANE('',#9072);
#370=PLANE('',#9073);
#371=PLANE('',#9074);
#372=PLANE('',#9075);
#373=PLANE('',#9076);
#374=PLANE('',#9077);
#375=PLANE('',#9078);
#376=PLANE('',#9079);
#377=PLANE('',#9080);
#378=PLANE('',#9081);
#379=PLANE('',#9090);
#380=PLANE('',#9091);
#381=PLANE('',#9092);
#382=PLANE('',#9093);
#383=PLANE('',#9094);
#384=PLANE('',#9095);
#385=PLANE('',#9096);
#386=PLANE('',#9097);
#387=PLANE('',#9098);
#388=PLANE('',#9099);
#389=PLANE('',#9108);
#390=PLANE('',#9109);
#391=PLANE('',#9110);
#392=PLANE('',#9111);
#393=PLANE('',#9112);
#394=PLANE('',#9113);
#395=PLANE('',#9114);
#396=PLANE('',#9115);
#397=PLANE('',#9116);
#398=PLANE('',#9117);
#399=PLANE('',#9126);
#400=PLANE('',#9127);
#401=PLANE('',#9128);
#402=PLANE('',#9129);
#403=PLANE('',#9130);
#404=PLANE('',#9131);
#405=PLANE('',#9132);
#406=PLANE('',#9133);
#407=PLANE('',#9134);
#408=PLANE('',#9135);
#409=PLANE('',#9144);
#410=PLANE('',#9145);
#411=PLANE('',#9146);
#412=PLANE('',#9147);
#413=PLANE('',#9148);
#414=PLANE('',#9149);
#415=PLANE('',#9150);
#416=PLANE('',#9151);
#417=PLANE('',#9152);
#418=PLANE('',#9153);
#419=PLANE('',#9162);
#420=PLANE('',#9163);
#421=PLANE('',#9164);
#422=PLANE('',#9165);
#423=PLANE('',#9166);
#424=PLANE('',#9167);
#425=PLANE('',#9168);
#426=PLANE('',#9169);
#427=PLANE('',#9170);
#428=PLANE('',#9171);
#429=PLANE('',#9180);
#430=PLANE('',#9181);
#431=PLANE('',#9182);
#432=PLANE('',#9183);
#433=PLANE('',#9184);
#434=PLANE('',#9185);
#435=PLANE('',#9186);
#436=PLANE('',#9187);
#437=PLANE('',#9188);
#438=PLANE('',#9189);
#439=PLANE('',#9198);
#440=PLANE('',#9199);
#441=PLANE('',#9200);
#442=PLANE('',#9201);
#443=PLANE('',#9202);
#444=PLANE('',#9203);
#445=PLANE('',#9204);
#446=PLANE('',#9205);
#447=PLANE('',#9206);
#448=PLANE('',#9207);
#449=PLANE('',#9216);
#450=PLANE('',#9217);
#451=PLANE('',#9218);
#452=PLANE('',#9219);
#453=PLANE('',#9220);
#454=PLANE('',#9221);
#455=PLANE('',#9222);
#456=PLANE('',#9223);
#457=PLANE('',#9224);
#458=PLANE('',#9225);
#459=PLANE('',#9234);
#460=PLANE('',#9235);
#461=PLANE('',#9236);
#462=PLANE('',#9237);
#463=PLANE('',#9238);
#464=PLANE('',#9239);
#465=PLANE('',#9240);
#466=PLANE('',#9241);
#467=PLANE('',#9242);
#468=PLANE('',#9243);
#469=PLANE('',#9252);
#470=PLANE('',#9253);
#471=PLANE('',#9254);
#472=PLANE('',#9255);
#473=PLANE('',#9256);
#474=PLANE('',#9257);
#475=PLANE('',#9258);
#476=PLANE('',#9259);
#477=PLANE('',#9260);
#478=PLANE('',#9261);
#479=PLANE('',#9270);
#480=PLANE('',#9271);
#481=PLANE('',#9272);
#482=PLANE('',#9273);
#483=PLANE('',#9274);
#484=PLANE('',#9275);
#485=PLANE('',#9276);
#486=PLANE('',#9277);
#487=PLANE('',#9278);
#488=PLANE('',#9279);
#489=PLANE('',#9288);
#490=PLANE('',#9289);
#491=PLANE('',#9290);
#492=PLANE('',#9291);
#493=PLANE('',#9292);
#494=PLANE('',#9293);
#495=PLANE('',#9294);
#496=PLANE('',#9295);
#497=PLANE('',#9296);
#498=PLANE('',#9297);
#499=PLANE('',#9306);
#500=PLANE('',#9307);
#501=PLANE('',#9308);
#502=PLANE('',#9309);
#503=PLANE('',#9310);
#504=PLANE('',#9311);
#505=PLANE('',#9312);
#506=PLANE('',#9313);
#507=PLANE('',#9314);
#508=PLANE('',#9315);
#509=PLANE('',#9324);
#510=PLANE('',#9325);
#511=PLANE('',#9326);
#512=PLANE('',#9327);
#513=PLANE('',#9328);
#514=PLANE('',#9329);
#515=PLANE('',#9330);
#516=PLANE('',#9331);
#517=PLANE('',#9332);
#518=PLANE('',#9333);
#519=PLANE('',#9342);
#520=PLANE('',#9343);
#521=PLANE('',#9344);
#522=PLANE('',#9345);
#523=PLANE('',#9346);
#524=PLANE('',#9347);
#525=PLANE('',#9348);
#526=PLANE('',#9349);
#527=PLANE('',#9350);
#528=PLANE('',#9351);
#529=PLANE('',#9360);
#530=PLANE('',#9361);
#531=PLANE('',#9362);
#532=PLANE('',#9363);
#533=PLANE('',#9364);
#534=PLANE('',#9365);
#535=PLANE('',#9366);
#536=PLANE('',#9367);
#537=PLANE('',#9368);
#538=PLANE('',#9369);
#539=FACE_OUTER_BOUND('',#1027,.T.);
#540=FACE_OUTER_BOUND('',#1028,.T.);
#541=FACE_OUTER_BOUND('',#1029,.T.);
#542=FACE_OUTER_BOUND('',#1030,.T.);
#543=FACE_OUTER_BOUND('',#1031,.T.);
#544=FACE_OUTER_BOUND('',#1032,.T.);
#545=FACE_OUTER_BOUND('',#1033,.T.);
#546=FACE_OUTER_BOUND('',#1034,.T.);
#547=FACE_OUTER_BOUND('',#1035,.T.);
#548=FACE_OUTER_BOUND('',#1036,.T.);
#549=FACE_OUTER_BOUND('',#1037,.T.);
#550=FACE_OUTER_BOUND('',#1038,.T.);
#551=FACE_OUTER_BOUND('',#1039,.T.);
#552=FACE_OUTER_BOUND('',#1040,.T.);
#553=FACE_OUTER_BOUND('',#1041,.T.);
#554=FACE_OUTER_BOUND('',#1042,.T.);
#555=FACE_OUTER_BOUND('',#1047,.T.);
#556=FACE_OUTER_BOUND('',#1048,.T.);
#557=FACE_OUTER_BOUND('',#1049,.T.);
#558=FACE_OUTER_BOUND('',#1050,.T.);
#559=FACE_OUTER_BOUND('',#1057,.T.);
#560=FACE_OUTER_BOUND('',#1065,.T.);
#561=FACE_OUTER_BOUND('',#1066,.T.);
#562=FACE_OUTER_BOUND('',#1067,.T.);
#563=FACE_OUTER_BOUND('',#1068,.T.);
#564=FACE_OUTER_BOUND('',#1069,.T.);
#565=FACE_OUTER_BOUND('',#1070,.T.);
#566=FACE_OUTER_BOUND('',#1071,.T.);
#567=FACE_OUTER_BOUND('',#1073,.T.);
#568=FACE_OUTER_BOUND('',#1075,.T.);
#569=FACE_OUTER_BOUND('',#1076,.T.);
#570=FACE_OUTER_BOUND('',#1077,.T.);
#571=FACE_OUTER_BOUND('',#1078,.T.);
#572=FACE_OUTER_BOUND('',#1079,.T.);
#573=FACE_OUTER_BOUND('',#1080,.T.);
#574=FACE_OUTER_BOUND('',#1081,.T.);
#575=FACE_OUTER_BOUND('',#1082,.T.);
#576=FACE_OUTER_BOUND('',#1083,.T.);
#577=FACE_OUTER_BOUND('',#1084,.T.);
#578=FACE_OUTER_BOUND('',#1085,.T.);
#579=FACE_OUTER_BOUND('',#1086,.T.);
#580=FACE_OUTER_BOUND('',#1087,.T.);
#581=FACE_OUTER_BOUND('',#1088,.T.);
#582=FACE_OUTER_BOUND('',#1089,.T.);
#583=FACE_OUTER_BOUND('',#1090,.T.);
#584=FACE_OUTER_BOUND('',#1091,.T.);
#585=FACE_OUTER_BOUND('',#1092,.T.);
#586=FACE_OUTER_BOUND('',#1093,.T.);
#587=FACE_OUTER_BOUND('',#1094,.T.);
#588=FACE_OUTER_BOUND('',#1095,.T.);
#589=FACE_OUTER_BOUND('',#1096,.T.);
#590=FACE_OUTER_BOUND('',#1097,.T.);
#591=FACE_OUTER_BOUND('',#1098,.T.);
#592=FACE_OUTER_BOUND('',#1099,.T.);
#593=FACE_OUTER_BOUND('',#1100,.T.);
#594=FACE_OUTER_BOUND('',#1106,.T.);
#595=FACE_OUTER_BOUND('',#1107,.T.);
#596=FACE_OUTER_BOUND('',#1113,.T.);
#597=FACE_OUTER_BOUND('',#1124,.T.);
#598=FACE_OUTER_BOUND('',#1130,.T.);
#599=FACE_OUTER_BOUND('',#1131,.T.);
#600=FACE_OUTER_BOUND('',#1137,.T.);
#601=FACE_OUTER_BOUND('',#1138,.T.);
#602=FACE_OUTER_BOUND('',#1139,.T.);
#603=FACE_OUTER_BOUND('',#1140,.T.);
#604=FACE_OUTER_BOUND('',#1141,.T.);
#605=FACE_OUTER_BOUND('',#1142,.T.);
#606=FACE_OUTER_BOUND('',#1143,.T.);
#607=FACE_OUTER_BOUND('',#1144,.T.);
#608=FACE_OUTER_BOUND('',#1145,.T.);
#609=FACE_OUTER_BOUND('',#1146,.T.);
#610=FACE_OUTER_BOUND('',#1147,.T.);
#611=FACE_OUTER_BOUND('',#1148,.T.);
#612=FACE_OUTER_BOUND('',#1149,.T.);
#613=FACE_OUTER_BOUND('',#1150,.T.);
#614=FACE_OUTER_BOUND('',#1151,.T.);
#615=FACE_OUTER_BOUND('',#1152,.T.);
#616=FACE_OUTER_BOUND('',#1153,.T.);
#617=FACE_OUTER_BOUND('',#1154,.T.);
#618=FACE_OUTER_BOUND('',#1155,.T.);
#619=FACE_OUTER_BOUND('',#1156,.T.);
#620=FACE_OUTER_BOUND('',#1157,.T.);
#621=FACE_OUTER_BOUND('',#1158,.T.);
#622=FACE_OUTER_BOUND('',#1159,.T.);
#623=FACE_OUTER_BOUND('',#1160,.T.);
#624=FACE_OUTER_BOUND('',#1161,.T.);
#625=FACE_OUTER_BOUND('',#1162,.T.);
#626=FACE_OUTER_BOUND('',#1163,.T.);
#627=FACE_OUTER_BOUND('',#1164,.T.);
#628=FACE_OUTER_BOUND('',#1165,.T.);
#629=FACE_OUTER_BOUND('',#1166,.T.);
#630=FACE_OUTER_BOUND('',#1167,.T.);
#631=FACE_OUTER_BOUND('',#1168,.T.);
#632=FACE_OUTER_BOUND('',#1169,.T.);
#633=FACE_OUTER_BOUND('',#1170,.T.);
#634=FACE_OUTER_BOUND('',#1171,.T.);
#635=FACE_OUTER_BOUND('',#1172,.T.);
#636=FACE_OUTER_BOUND('',#1173,.T.);
#637=FACE_OUTER_BOUND('',#1174,.T.);
#638=FACE_OUTER_BOUND('',#1175,.T.);
#639=FACE_OUTER_BOUND('',#1176,.T.);
#640=FACE_OUTER_BOUND('',#1177,.T.);
#641=FACE_OUTER_BOUND('',#1178,.T.);
#642=FACE_OUTER_BOUND('',#1179,.T.);
#643=FACE_OUTER_BOUND('',#1180,.T.);
#644=FACE_OUTER_BOUND('',#1181,.T.);
#645=FACE_OUTER_BOUND('',#1182,.T.);
#646=FACE_OUTER_BOUND('',#1183,.T.);
#647=FACE_OUTER_BOUND('',#1184,.T.);
#648=FACE_OUTER_BOUND('',#1185,.T.);
#649=FACE_OUTER_BOUND('',#1186,.T.);
#650=FACE_OUTER_BOUND('',#1187,.T.);
#651=FACE_OUTER_BOUND('',#1188,.T.);
#652=FACE_OUTER_BOUND('',#1189,.T.);
#653=FACE_OUTER_BOUND('',#1190,.T.);
#654=FACE_OUTER_BOUND('',#1191,.T.);
#655=FACE_OUTER_BOUND('',#1192,.T.);
#656=FACE_OUTER_BOUND('',#1193,.T.);
#657=FACE_OUTER_BOUND('',#1194,.T.);
#658=FACE_OUTER_BOUND('',#1195,.T.);
#659=FACE_OUTER_BOUND('',#1196,.T.);
#660=FACE_OUTER_BOUND('',#1197,.T.);
#661=FACE_OUTER_BOUND('',#1198,.T.);
#662=FACE_OUTER_BOUND('',#1199,.T.);
#663=FACE_OUTER_BOUND('',#1200,.T.);
#664=FACE_OUTER_BOUND('',#1201,.T.);
#665=FACE_OUTER_BOUND('',#1202,.T.);
#666=FACE_OUTER_BOUND('',#1203,.T.);
#667=FACE_OUTER_BOUND('',#1213,.T.);
#668=FACE_OUTER_BOUND('',#1215,.T.);
#669=FACE_OUTER_BOUND('',#1225,.T.);
#670=FACE_OUTER_BOUND('',#1227,.T.);
#671=FACE_OUTER_BOUND('',#1229,.T.);
#672=FACE_OUTER_BOUND('',#1230,.T.);
#673=FACE_OUTER_BOUND('',#1231,.T.);
#674=FACE_OUTER_BOUND('',#1232,.T.);
#675=FACE_OUTER_BOUND('',#1233,.T.);
#676=FACE_OUTER_BOUND('',#1234,.T.);
#677=FACE_OUTER_BOUND('',#1235,.T.);
#678=FACE_OUTER_BOUND('',#1236,.T.);
#679=FACE_OUTER_BOUND('',#1237,.T.);
#680=FACE_OUTER_BOUND('',#1238,.T.);
#681=FACE_OUTER_BOUND('',#1239,.T.);
#682=FACE_OUTER_BOUND('',#1240,.T.);
#683=FACE_OUTER_BOUND('',#1241,.T.);
#684=FACE_OUTER_BOUND('',#1242,.T.);
#685=FACE_OUTER_BOUND('',#1243,.T.);
#686=FACE_OUTER_BOUND('',#1244,.T.);
#687=FACE_OUTER_BOUND('',#1245,.T.);
#688=FACE_OUTER_BOUND('',#1246,.T.);
#689=FACE_OUTER_BOUND('',#1247,.T.);
#690=FACE_OUTER_BOUND('',#1248,.T.);
#691=FACE_OUTER_BOUND('',#1249,.T.);
#692=FACE_OUTER_BOUND('',#1250,.T.);
#693=FACE_OUTER_BOUND('',#1251,.T.);
#694=FACE_OUTER_BOUND('',#1252,.T.);
#695=FACE_OUTER_BOUND('',#1253,.T.);
#696=FACE_OUTER_BOUND('',#1254,.T.);
#697=FACE_OUTER_BOUND('',#1255,.T.);
#698=FACE_OUTER_BOUND('',#1256,.T.);
#699=FACE_OUTER_BOUND('',#1257,.T.);
#700=FACE_OUTER_BOUND('',#1258,.T.);
#701=FACE_OUTER_BOUND('',#1259,.T.);
#702=FACE_OUTER_BOUND('',#1260,.T.);
#703=FACE_OUTER_BOUND('',#1261,.T.);
#704=FACE_OUTER_BOUND('',#1262,.T.);
#705=FACE_OUTER_BOUND('',#1263,.T.);
#706=FACE_OUTER_BOUND('',#1264,.T.);
#707=FACE_OUTER_BOUND('',#1265,.T.);
#708=FACE_OUTER_BOUND('',#1266,.T.);
#709=FACE_OUTER_BOUND('',#1267,.T.);
#710=FACE_OUTER_BOUND('',#1268,.T.);
#711=FACE_OUTER_BOUND('',#1269,.T.);
#712=FACE_OUTER_BOUND('',#1279,.T.);
#713=FACE_OUTER_BOUND('',#1281,.T.);
#714=FACE_OUTER_BOUND('',#1291,.T.);
#715=FACE_OUTER_BOUND('',#1293,.T.);
#716=FACE_OUTER_BOUND('',#1295,.T.);
#717=FACE_OUTER_BOUND('',#1296,.T.);
#718=FACE_OUTER_BOUND('',#1297,.T.);
#719=FACE_OUTER_BOUND('',#1298,.T.);
#720=FACE_OUTER_BOUND('',#1299,.T.);
#721=FACE_OUTER_BOUND('',#1300,.T.);
#722=FACE_OUTER_BOUND('',#1301,.T.);
#723=FACE_OUTER_BOUND('',#1302,.T.);
#724=FACE_OUTER_BOUND('',#1303,.T.);
#725=FACE_OUTER_BOUND('',#1304,.T.);
#726=FACE_OUTER_BOUND('',#1305,.T.);
#727=FACE_OUTER_BOUND('',#1306,.T.);
#728=FACE_OUTER_BOUND('',#1307,.T.);
#729=FACE_OUTER_BOUND('',#1308,.T.);
#730=FACE_OUTER_BOUND('',#1309,.T.);
#731=FACE_OUTER_BOUND('',#1310,.T.);
#732=FACE_OUTER_BOUND('',#1311,.T.);
#733=FACE_OUTER_BOUND('',#1312,.T.);
#734=FACE_OUTER_BOUND('',#1313,.T.);
#735=FACE_OUTER_BOUND('',#1314,.T.);
#736=FACE_OUTER_BOUND('',#1315,.T.);
#737=FACE_OUTER_BOUND('',#1316,.T.);
#738=FACE_OUTER_BOUND('',#1317,.T.);
#739=FACE_OUTER_BOUND('',#1318,.T.);
#740=FACE_OUTER_BOUND('',#1319,.T.);
#741=FACE_OUTER_BOUND('',#1320,.T.);
#742=FACE_OUTER_BOUND('',#1321,.T.);
#743=FACE_OUTER_BOUND('',#1322,.T.);
#744=FACE_OUTER_BOUND('',#1323,.T.);
#745=FACE_OUTER_BOUND('',#1324,.T.);
#746=FACE_OUTER_BOUND('',#1325,.T.);
#747=FACE_OUTER_BOUND('',#1326,.T.);
#748=FACE_OUTER_BOUND('',#1327,.T.);
#749=FACE_OUTER_BOUND('',#1328,.T.);
#750=FACE_OUTER_BOUND('',#1329,.T.);
#751=FACE_OUTER_BOUND('',#1342,.T.);
#752=FACE_OUTER_BOUND('',#1355,.T.);
#753=FACE_OUTER_BOUND('',#1356,.T.);
#754=FACE_OUTER_BOUND('',#1357,.T.);
#755=FACE_OUTER_BOUND('',#1358,.T.);
#756=FACE_OUTER_BOUND('',#1359,.T.);
#757=FACE_OUTER_BOUND('',#1360,.T.);
#758=FACE_OUTER_BOUND('',#1361,.T.);
#759=FACE_OUTER_BOUND('',#1362,.T.);
#760=FACE_OUTER_BOUND('',#1363,.T.);
#761=FACE_OUTER_BOUND('',#1364,.T.);
#762=FACE_OUTER_BOUND('',#1365,.T.);
#763=FACE_OUTER_BOUND('',#1366,.T.);
#764=FACE_OUTER_BOUND('',#1367,.T.);
#765=FACE_OUTER_BOUND('',#1368,.T.);
#766=FACE_OUTER_BOUND('',#1381,.T.);
#767=FACE_OUTER_BOUND('',#1394,.T.);
#768=FACE_OUTER_BOUND('',#1395,.T.);
#769=FACE_OUTER_BOUND('',#1396,.T.);
#770=FACE_OUTER_BOUND('',#1397,.T.);
#771=FACE_OUTER_BOUND('',#1399,.T.);
#772=FACE_OUTER_BOUND('',#1401,.T.);
#773=FACE_OUTER_BOUND('',#1402,.T.);
#774=FACE_OUTER_BOUND('',#1403,.T.);
#775=FACE_OUTER_BOUND('',#1404,.T.);
#776=FACE_OUTER_BOUND('',#1405,.T.);
#777=FACE_OUTER_BOUND('',#1406,.T.);
#778=FACE_OUTER_BOUND('',#1407,.T.);
#779=FACE_OUTER_BOUND('',#1408,.T.);
#780=FACE_OUTER_BOUND('',#1409,.T.);
#781=FACE_OUTER_BOUND('',#1410,.T.);
#782=FACE_OUTER_BOUND('',#1411,.T.);
#783=FACE_OUTER_BOUND('',#1412,.T.);
#784=FACE_OUTER_BOUND('',#1414,.T.);
#785=FACE_OUTER_BOUND('',#1416,.T.);
#786=FACE_OUTER_BOUND('',#1417,.T.);
#787=FACE_OUTER_BOUND('',#1418,.T.);
#788=FACE_OUTER_BOUND('',#1419,.T.);
#789=FACE_OUTER_BOUND('',#1420,.T.);
#790=FACE_OUTER_BOUND('',#1421,.T.);
#791=FACE_OUTER_BOUND('',#1422,.T.);
#792=FACE_OUTER_BOUND('',#1423,.T.);
#793=FACE_OUTER_BOUND('',#1424,.T.);
#794=FACE_OUTER_BOUND('',#1425,.T.);
#795=FACE_OUTER_BOUND('',#1426,.T.);
#796=FACE_OUTER_BOUND('',#1427,.T.);
#797=FACE_OUTER_BOUND('',#1429,.T.);
#798=FACE_OUTER_BOUND('',#1431,.T.);
#799=FACE_OUTER_BOUND('',#1432,.T.);
#800=FACE_OUTER_BOUND('',#1433,.T.);
#801=FACE_OUTER_BOUND('',#1434,.T.);
#802=FACE_OUTER_BOUND('',#1435,.T.);
#803=FACE_OUTER_BOUND('',#1436,.T.);
#804=FACE_OUTER_BOUND('',#1437,.T.);
#805=FACE_OUTER_BOUND('',#1438,.T.);
#806=FACE_OUTER_BOUND('',#1439,.T.);
#807=FACE_OUTER_BOUND('',#1440,.T.);
#808=FACE_OUTER_BOUND('',#1441,.T.);
#809=FACE_OUTER_BOUND('',#1442,.T.);
#810=FACE_OUTER_BOUND('',#1444,.T.);
#811=FACE_OUTER_BOUND('',#1446,.T.);
#812=FACE_OUTER_BOUND('',#1447,.T.);
#813=FACE_OUTER_BOUND('',#1448,.T.);
#814=FACE_OUTER_BOUND('',#1449,.T.);
#815=FACE_OUTER_BOUND('',#1450,.T.);
#816=FACE_OUTER_BOUND('',#1451,.T.);
#817=FACE_OUTER_BOUND('',#1452,.T.);
#818=FACE_OUTER_BOUND('',#1453,.T.);
#819=FACE_OUTER_BOUND('',#1454,.T.);
#820=FACE_OUTER_BOUND('',#1455,.T.);
#821=FACE_OUTER_BOUND('',#1456,.T.);
#822=FACE_OUTER_BOUND('',#1457,.T.);
#823=FACE_OUTER_BOUND('',#1459,.T.);
#824=FACE_OUTER_BOUND('',#1461,.T.);
#825=FACE_OUTER_BOUND('',#1462,.T.);
#826=FACE_OUTER_BOUND('',#1463,.T.);
#827=FACE_OUTER_BOUND('',#1464,.T.);
#828=FACE_OUTER_BOUND('',#1465,.T.);
#829=FACE_OUTER_BOUND('',#1466,.T.);
#830=FACE_OUTER_BOUND('',#1467,.T.);
#831=FACE_OUTER_BOUND('',#1468,.T.);
#832=FACE_OUTER_BOUND('',#1469,.T.);
#833=FACE_OUTER_BOUND('',#1470,.T.);
#834=FACE_OUTER_BOUND('',#1471,.T.);
#835=FACE_OUTER_BOUND('',#1472,.T.);
#836=FACE_OUTER_BOUND('',#1474,.T.);
#837=FACE_OUTER_BOUND('',#1476,.T.);
#838=FACE_OUTER_BOUND('',#1477,.T.);
#839=FACE_OUTER_BOUND('',#1478,.T.);
#840=FACE_OUTER_BOUND('',#1479,.T.);
#841=FACE_OUTER_BOUND('',#1480,.T.);
#842=FACE_OUTER_BOUND('',#1481,.T.);
#843=FACE_OUTER_BOUND('',#1482,.T.);
#844=FACE_OUTER_BOUND('',#1483,.T.);
#845=FACE_OUTER_BOUND('',#1484,.T.);
#846=FACE_OUTER_BOUND('',#1485,.T.);
#847=FACE_OUTER_BOUND('',#1486,.T.);
#848=FACE_OUTER_BOUND('',#1487,.T.);
#849=FACE_OUTER_BOUND('',#1489,.T.);
#850=FACE_OUTER_BOUND('',#1491,.T.);
#851=FACE_OUTER_BOUND('',#1492,.T.);
#852=FACE_OUTER_BOUND('',#1493,.T.);
#853=FACE_OUTER_BOUND('',#1494,.T.);
#854=FACE_OUTER_BOUND('',#1495,.T.);
#855=FACE_OUTER_BOUND('',#1496,.T.);
#856=FACE_OUTER_BOUND('',#1497,.T.);
#857=FACE_OUTER_BOUND('',#1498,.T.);
#858=FACE_OUTER_BOUND('',#1499,.T.);
#859=FACE_OUTER_BOUND('',#1500,.T.);
#860=FACE_OUTER_BOUND('',#1501,.T.);
#861=FACE_OUTER_BOUND('',#1502,.T.);
#862=FACE_OUTER_BOUND('',#1504,.T.);
#863=FACE_OUTER_BOUND('',#1506,.T.);
#864=FACE_OUTER_BOUND('',#1507,.T.);
#865=FACE_OUTER_BOUND('',#1508,.T.);
#866=FACE_OUTER_BOUND('',#1509,.T.);
#867=FACE_OUTER_BOUND('',#1510,.T.);
#868=FACE_OUTER_BOUND('',#1511,.T.);
#869=FACE_OUTER_BOUND('',#1512,.T.);
#870=FACE_OUTER_BOUND('',#1513,.T.);
#871=FACE_OUTER_BOUND('',#1514,.T.);
#872=FACE_OUTER_BOUND('',#1515,.T.);
#873=FACE_OUTER_BOUND('',#1516,.T.);
#874=FACE_OUTER_BOUND('',#1517,.T.);
#875=FACE_OUTER_BOUND('',#1519,.T.);
#876=FACE_OUTER_BOUND('',#1521,.T.);
#877=FACE_OUTER_BOUND('',#1522,.T.);
#878=FACE_OUTER_BOUND('',#1523,.T.);
#879=FACE_OUTER_BOUND('',#1524,.T.);
#880=FACE_OUTER_BOUND('',#1525,.T.);
#881=FACE_OUTER_BOUND('',#1526,.T.);
#882=FACE_OUTER_BOUND('',#1527,.T.);
#883=FACE_OUTER_BOUND('',#1528,.T.);
#884=FACE_OUTER_BOUND('',#1529,.T.);
#885=FACE_OUTER_BOUND('',#1530,.T.);
#886=FACE_OUTER_BOUND('',#1531,.T.);
#887=FACE_OUTER_BOUND('',#1532,.T.);
#888=FACE_OUTER_BOUND('',#1534,.T.);
#889=FACE_OUTER_BOUND('',#1536,.T.);
#890=FACE_OUTER_BOUND('',#1537,.T.);
#891=FACE_OUTER_BOUND('',#1538,.T.);
#892=FACE_OUTER_BOUND('',#1539,.T.);
#893=FACE_OUTER_BOUND('',#1540,.T.);
#894=FACE_OUTER_BOUND('',#1541,.T.);
#895=FACE_OUTER_BOUND('',#1542,.T.);
#896=FACE_OUTER_BOUND('',#1543,.T.);
#897=FACE_OUTER_BOUND('',#1544,.T.);
#898=FACE_OUTER_BOUND('',#1545,.T.);
#899=FACE_OUTER_BOUND('',#1546,.T.);
#900=FACE_OUTER_BOUND('',#1547,.T.);
#901=FACE_OUTER_BOUND('',#1549,.T.);
#902=FACE_OUTER_BOUND('',#1551,.T.);
#903=FACE_OUTER_BOUND('',#1552,.T.);
#904=FACE_OUTER_BOUND('',#1553,.T.);
#905=FACE_OUTER_BOUND('',#1554,.T.);
#906=FACE_OUTER_BOUND('',#1555,.T.);
#907=FACE_OUTER_BOUND('',#1556,.T.);
#908=FACE_OUTER_BOUND('',#1557,.T.);
#909=FACE_OUTER_BOUND('',#1558,.T.);
#910=FACE_OUTER_BOUND('',#1559,.T.);
#911=FACE_OUTER_BOUND('',#1560,.T.);
#912=FACE_OUTER_BOUND('',#1561,.T.);
#913=FACE_OUTER_BOUND('',#1562,.T.);
#914=FACE_OUTER_BOUND('',#1564,.T.);
#915=FACE_OUTER_BOUND('',#1566,.T.);
#916=FACE_OUTER_BOUND('',#1567,.T.);
#917=FACE_OUTER_BOUND('',#1568,.T.);
#918=FACE_OUTER_BOUND('',#1569,.T.);
#919=FACE_OUTER_BOUND('',#1570,.T.);
#920=FACE_OUTER_BOUND('',#1571,.T.);
#921=FACE_OUTER_BOUND('',#1572,.T.);
#922=FACE_OUTER_BOUND('',#1573,.T.);
#923=FACE_OUTER_BOUND('',#1574,.T.);
#924=FACE_OUTER_BOUND('',#1575,.T.);
#925=FACE_OUTER_BOUND('',#1576,.T.);
#926=FACE_OUTER_BOUND('',#1577,.T.);
#927=FACE_OUTER_BOUND('',#1579,.T.);
#928=FACE_OUTER_BOUND('',#1581,.T.);
#929=FACE_OUTER_BOUND('',#1582,.T.);
#930=FACE_OUTER_BOUND('',#1583,.T.);
#931=FACE_OUTER_BOUND('',#1584,.T.);
#932=FACE_OUTER_BOUND('',#1585,.T.);
#933=FACE_OUTER_BOUND('',#1586,.T.);
#934=FACE_OUTER_BOUND('',#1587,.T.);
#935=FACE_OUTER_BOUND('',#1588,.T.);
#936=FACE_OUTER_BOUND('',#1589,.T.);
#937=FACE_OUTER_BOUND('',#1590,.T.);
#938=FACE_OUTER_BOUND('',#1591,.T.);
#939=FACE_OUTER_BOUND('',#1592,.T.);
#940=FACE_OUTER_BOUND('',#1594,.T.);
#941=FACE_OUTER_BOUND('',#1596,.T.);
#942=FACE_OUTER_BOUND('',#1597,.T.);
#943=FACE_OUTER_BOUND('',#1598,.T.);
#944=FACE_OUTER_BOUND('',#1599,.T.);
#945=FACE_OUTER_BOUND('',#1600,.T.);
#946=FACE_OUTER_BOUND('',#1601,.T.);
#947=FACE_OUTER_BOUND('',#1602,.T.);
#948=FACE_OUTER_BOUND('',#1603,.T.);
#949=FACE_OUTER_BOUND('',#1604,.T.);
#950=FACE_OUTER_BOUND('',#1605,.T.);
#951=FACE_OUTER_BOUND('',#1606,.T.);
#952=FACE_OUTER_BOUND('',#1607,.T.);
#953=FACE_OUTER_BOUND('',#1609,.T.);
#954=FACE_OUTER_BOUND('',#1611,.T.);
#955=FACE_OUTER_BOUND('',#1612,.T.);
#956=FACE_OUTER_BOUND('',#1613,.T.);
#957=FACE_OUTER_BOUND('',#1614,.T.);
#958=FACE_OUTER_BOUND('',#1615,.T.);
#959=FACE_OUTER_BOUND('',#1616,.T.);
#960=FACE_OUTER_BOUND('',#1617,.T.);
#961=FACE_OUTER_BOUND('',#1618,.T.);
#962=FACE_OUTER_BOUND('',#1619,.T.);
#963=FACE_OUTER_BOUND('',#1620,.T.);
#964=FACE_OUTER_BOUND('',#1621,.T.);
#965=FACE_OUTER_BOUND('',#1622,.T.);
#966=FACE_OUTER_BOUND('',#1624,.T.);
#967=FACE_OUTER_BOUND('',#1626,.T.);
#968=FACE_OUTER_BOUND('',#1627,.T.);
#969=FACE_OUTER_BOUND('',#1628,.T.);
#970=FACE_OUTER_BOUND('',#1629,.T.);
#971=FACE_OUTER_BOUND('',#1630,.T.);
#972=FACE_OUTER_BOUND('',#1631,.T.);
#973=FACE_OUTER_BOUND('',#1632,.T.);
#974=FACE_OUTER_BOUND('',#1633,.T.);
#975=FACE_OUTER_BOUND('',#1634,.T.);
#976=FACE_OUTER_BOUND('',#1635,.T.);
#977=FACE_OUTER_BOUND('',#1636,.T.);
#978=FACE_OUTER_BOUND('',#1637,.T.);
#979=FACE_OUTER_BOUND('',#1639,.T.);
#980=FACE_OUTER_BOUND('',#1641,.T.);
#981=FACE_OUTER_BOUND('',#1642,.T.);
#982=FACE_OUTER_BOUND('',#1643,.T.);
#983=FACE_OUTER_BOUND('',#1644,.T.);
#984=FACE_OUTER_BOUND('',#1645,.T.);
#985=FACE_OUTER_BOUND('',#1646,.T.);
#986=FACE_OUTER_BOUND('',#1647,.T.);
#987=FACE_OUTER_BOUND('',#1648,.T.);
#988=FACE_OUTER_BOUND('',#1649,.T.);
#989=FACE_OUTER_BOUND('',#1650,.T.);
#990=FACE_OUTER_BOUND('',#1651,.T.);
#991=FACE_OUTER_BOUND('',#1652,.T.);
#992=FACE_OUTER_BOUND('',#1654,.T.);
#993=FACE_OUTER_BOUND('',#1656,.T.);
#994=FACE_OUTER_BOUND('',#1657,.T.);
#995=FACE_OUTER_BOUND('',#1658,.T.);
#996=FACE_OUTER_BOUND('',#1659,.T.);
#997=FACE_OUTER_BOUND('',#1660,.T.);
#998=FACE_OUTER_BOUND('',#1661,.T.);
#999=FACE_OUTER_BOUND('',#1662,.T.);
#1000=FACE_OUTER_BOUND('',#1663,.T.);
#1001=FACE_OUTER_BOUND('',#1664,.T.);
#1002=FACE_OUTER_BOUND('',#1665,.T.);
#1003=FACE_OUTER_BOUND('',#1666,.T.);
#1004=FACE_OUTER_BOUND('',#1667,.T.);
#1005=FACE_OUTER_BOUND('',#1669,.T.);
#1006=FACE_OUTER_BOUND('',#1671,.T.);
#1007=FACE_OUTER_BOUND('',#1672,.T.);
#1008=FACE_OUTER_BOUND('',#1673,.T.);
#1009=FACE_OUTER_BOUND('',#1674,.T.);
#1010=FACE_OUTER_BOUND('',#1675,.T.);
#1011=FACE_OUTER_BOUND('',#1676,.T.);
#1012=FACE_OUTER_BOUND('',#1677,.T.);
#1013=FACE_OUTER_BOUND('',#1678,.T.);
#1014=FACE_OUTER_BOUND('',#1679,.T.);
#1015=FACE_OUTER_BOUND('',#1680,.T.);
#1016=FACE_OUTER_BOUND('',#1681,.T.);
#1017=FACE_OUTER_BOUND('',#1682,.T.);
#1018=FACE_OUTER_BOUND('',#1684,.T.);
#1019=FACE_OUTER_BOUND('',#1686,.T.);
#1020=FACE_OUTER_BOUND('',#1687,.T.);
#1021=FACE_OUTER_BOUND('',#1688,.T.);
#1022=FACE_OUTER_BOUND('',#1689,.T.);
#1023=FACE_OUTER_BOUND('',#1690,.T.);
#1024=FACE_OUTER_BOUND('',#1691,.T.);
#1025=FACE_OUTER_BOUND('',#1692,.T.);
#1026=FACE_OUTER_BOUND('',#1693,.T.);
#1027=EDGE_LOOP('',(#5179,#5180,#5181,#5182));
#1028=EDGE_LOOP('',(#5183));
#1029=EDGE_LOOP('',(#5184,#5185,#5186,#5187));
#1030=EDGE_LOOP('',(#5188,#5189,#5190,#5191));
#1031=EDGE_LOOP('',(#5192,#5193,#5194));
#1032=EDGE_LOOP('',(#5195,#5196,#5197,#5198));
#1033=EDGE_LOOP('',(#5199,#5200,#5201));
#1034=EDGE_LOOP('',(#5202,#5203,#5204,#5205));
#1035=EDGE_LOOP('',(#5206,#5207,#5208,#5209));
#1036=EDGE_LOOP('',(#5210,#5211,#5212,#5213));
#1037=EDGE_LOOP('',(#5214,#5215,#5216,#5217));
#1038=EDGE_LOOP('',(#5218,#5219,#5220,#5221));
#1039=EDGE_LOOP('',(#5222,#5223,#5224,#5225));
#1040=EDGE_LOOP('',(#5226,#5227,#5228,#5229));
#1041=EDGE_LOOP('',(#5230,#5231,#5232,#5233));
#1042=EDGE_LOOP('',(#5234,#5235,#5236,#5237,#5238,#5239,#5240,#5241));
#1043=EDGE_LOOP('',(#5242));
#1044=EDGE_LOOP('',(#5243));
#1045=EDGE_LOOP('',(#5244));
#1046=EDGE_LOOP('',(#5245));
#1047=EDGE_LOOP('',(#5246,#5247,#5248,#5249,#5250,#5251));
#1048=EDGE_LOOP('',(#5252,#5253,#5254,#5255));
#1049=EDGE_LOOP('',(#5256,#5257,#5258,#5259,#5260,#5261));
#1050=EDGE_LOOP('',(#5262,#5263,#5264,#5265,#5266,#5267,#5268,#5269,#5270,
#5271));
#1051=EDGE_LOOP('',(#5272));
#1052=EDGE_LOOP('',(#5273));
#1053=EDGE_LOOP('',(#5274));
#1054=EDGE_LOOP('',(#5275));
#1055=EDGE_LOOP('',(#5276));
#1056=EDGE_LOOP('',(#5277));
#1057=EDGE_LOOP('',(#5278,#5279,#5280,#5281,#5282,#5283));
#1058=EDGE_LOOP('',(#5284));
#1059=EDGE_LOOP('',(#5285));
#1060=EDGE_LOOP('',(#5286));
#1061=EDGE_LOOP('',(#5287));
#1062=EDGE_LOOP('',(#5288));
#1063=EDGE_LOOP('',(#5289));
#1064=EDGE_LOOP('',(#5290));
#1065=EDGE_LOOP('',(#5291,#5292,#5293,#5294,#5295,#5296));
#1066=EDGE_LOOP('',(#5297,#5298,#5299,#5300));
#1067=EDGE_LOOP('',(#5301,#5302));
#1068=EDGE_LOOP('',(#5303,#5304,#5305,#5306));
#1069=EDGE_LOOP('',(#5307,#5308,#5309,#5310,#5311,#5312));
#1070=EDGE_LOOP('',(#5313,#5314));
#1071=EDGE_LOOP('',(#5315,#5316,#5317,#5318,#5319,#5320));
#1072=EDGE_LOOP('',(#5321));
#1073=EDGE_LOOP('',(#5322,#5323,#5324,#5325,#5326,#5327));
#1074=EDGE_LOOP('',(#5328));
#1075=EDGE_LOOP('',(#5329,#5330,#5331,#5332));
#1076=EDGE_LOOP('',(#5333,#5334,#5335,#5336));
#1077=EDGE_LOOP('',(#5337,#5338,#5339,#5340));
#1078=EDGE_LOOP('',(#5341,#5342,#5343,#5344));
#1079=EDGE_LOOP('',(#5345,#5346,#5347,#5348));
#1080=EDGE_LOOP('',(#5349,#5350,#5351,#5352));
#1081=EDGE_LOOP('',(#5353,#5354,#5355,#5356));
#1082=EDGE_LOOP('',(#5357,#5358,#5359,#5360));
#1083=EDGE_LOOP('',(#5361,#5362,#5363,#5364));
#1084=EDGE_LOOP('',(#5365,#5366,#5367,#5368));
#1085=EDGE_LOOP('',(#5369,#5370,#5371,#5372));
#1086=EDGE_LOOP('',(#5373,#5374,#5375,#5376));
#1087=EDGE_LOOP('',(#5377,#5378,#5379,#5380));
#1088=EDGE_LOOP('',(#5381,#5382,#5383,#5384));
#1089=EDGE_LOOP('',(#5385,#5386,#5387,#5388));
#1090=EDGE_LOOP('',(#5389,#5390,#5391,#5392));
#1091=EDGE_LOOP('',(#5393,#5394,#5395,#5396));
#1092=EDGE_LOOP('',(#5397,#5398,#5399,#5400));
#1093=EDGE_LOOP('',(#5401,#5402,#5403,#5404));
#1094=EDGE_LOOP('',(#5405,#5406,#5407,#5408));
#1095=EDGE_LOOP('',(#5409,#5410,#5411,#5412));
#1096=EDGE_LOOP('',(#5413,#5414,#5415,#5416));
#1097=EDGE_LOOP('',(#5417,#5418,#5419,#5420));
#1098=EDGE_LOOP('',(#5421,#5422,#5423,#5424));
#1099=EDGE_LOOP('',(#5425,#5426,#5427,#5428));
#1100=EDGE_LOOP('',(#5429,#5430,#5431,#5432,#5433,#5434,#5435,#5436,#5437,
#5438,#5439,#5440,#5441,#5442,#5443,#5444,#5445,#5446));
#1101=EDGE_LOOP('',(#5447));
#1102=EDGE_LOOP('',(#5448));
#1103=EDGE_LOOP('',(#5449));
#1104=EDGE_LOOP('',(#5450));
#1105=EDGE_LOOP('',(#5451));
#1106=EDGE_LOOP('',(#5452,#5453,#5454,#5455,#5456,#5457,#5458,#5459));
#1107=EDGE_LOOP('',(#5460,#5461,#5462,#5463,#5464,#5465));
#1108=EDGE_LOOP('',(#5466));
#1109=EDGE_LOOP('',(#5467));
#1110=EDGE_LOOP('',(#5468));
#1111=EDGE_LOOP('',(#5469));
#1112=EDGE_LOOP('',(#5470));
#1113=EDGE_LOOP('',(#5471,#5472,#5473,#5474,#5475,#5476,#5477,#5478,#5479,
#5480,#5481,#5482,#5483,#5484,#5485,#5486,#5487,#5488));
#1114=EDGE_LOOP('',(#5489));
#1115=EDGE_LOOP('',(#5490));
#1116=EDGE_LOOP('',(#5491));
#1117=EDGE_LOOP('',(#5492));
#1118=EDGE_LOOP('',(#5493,#5494,#5495,#5496,#5497,#5498,#5499,#5500));
#1119=EDGE_LOOP('',(#5501));
#1120=EDGE_LOOP('',(#5502));
#1121=EDGE_LOOP('',(#5503));
#1122=EDGE_LOOP('',(#5504));
#1123=EDGE_LOOP('',(#5505));
#1124=EDGE_LOOP('',(#5506,#5507,#5508,#5509,#5510,#5511,#5512,#5513));
#1125=EDGE_LOOP('',(#5514,#5515,#5516,#5517,#5518,#5519,#5520,#5521));
#1126=EDGE_LOOP('',(#5522));
#1127=EDGE_LOOP('',(#5523));
#1128=EDGE_LOOP('',(#5524));
#1129=EDGE_LOOP('',(#5525));
#1130=EDGE_LOOP('',(#5526,#5527,#5528,#5529));
#1131=EDGE_LOOP('',(#5530,#5531,#5532,#5533,#5534,#5535));
#1132=EDGE_LOOP('',(#5536));
#1133=EDGE_LOOP('',(#5537));
#1134=EDGE_LOOP('',(#5538));
#1135=EDGE_LOOP('',(#5539));
#1136=EDGE_LOOP('',(#5540));
#1137=EDGE_LOOP('',(#5541,#5542,#5543,#5544,#5545,#5546,#5547,#5548,#5549,
#5550));
#1138=EDGE_LOOP('',(#5551,#5552,#5553,#5554,#5555,#5556,#5557,#5558,#5559,
#5560));
#1139=EDGE_LOOP('',(#5561,#5562,#5563,#5564));
#1140=EDGE_LOOP('',(#5565,#5566,#5567,#5568));
#1141=EDGE_LOOP('',(#5569,#5570,#5571,#5572));
#1142=EDGE_LOOP('',(#5573,#5574,#5575,#5576));
#1143=EDGE_LOOP('',(#5577,#5578,#5579,#5580));
#1144=EDGE_LOOP('',(#5581,#5582,#5583,#5584));
#1145=EDGE_LOOP('',(#5585,#5586,#5587,#5588));
#1146=EDGE_LOOP('',(#5589,#5590,#5591,#5592));
#1147=EDGE_LOOP('',(#5593,#5594,#5595,#5596));
#1148=EDGE_LOOP('',(#5597,#5598,#5599,#5600));
#1149=EDGE_LOOP('',(#5601,#5602,#5603,#5604));
#1150=EDGE_LOOP('',(#5605,#5606,#5607,#5608));
#1151=EDGE_LOOP('',(#5609,#5610,#5611,#5612));
#1152=EDGE_LOOP('',(#5613,#5614,#5615,#5616));
#1153=EDGE_LOOP('',(#5617,#5618,#5619,#5620));
#1154=EDGE_LOOP('',(#5621,#5622,#5623,#5624));
#1155=EDGE_LOOP('',(#5625,#5626,#5627,#5628));
#1156=EDGE_LOOP('',(#5629,#5630,#5631,#5632));
#1157=EDGE_LOOP('',(#5633,#5634,#5635,#5636));
#1158=EDGE_LOOP('',(#5637,#5638,#5639,#5640));
#1159=EDGE_LOOP('',(#5641,#5642,#5643,#5644));
#1160=EDGE_LOOP('',(#5645,#5646,#5647,#5648));
#1161=EDGE_LOOP('',(#5649,#5650,#5651,#5652));
#1162=EDGE_LOOP('',(#5653,#5654,#5655,#5656));
#1163=EDGE_LOOP('',(#5657,#5658,#5659,#5660));
#1164=EDGE_LOOP('',(#5661,#5662,#5663,#5664));
#1165=EDGE_LOOP('',(#5665,#5666,#5667));
#1166=EDGE_LOOP('',(#5668,#5669,#5670,#5671));
#1167=EDGE_LOOP('',(#5672,#5673,#5674));
#1168=EDGE_LOOP('',(#5675,#5676,#5677,#5678));
#1169=EDGE_LOOP('',(#5679,#5680,#5681));
#1170=EDGE_LOOP('',(#5682,#5683,#5684,#5685));
#1171=EDGE_LOOP('',(#5686,#5687,#5688));
#1172=EDGE_LOOP('',(#5689,#5690,#5691,#5692));
#1173=EDGE_LOOP('',(#5693,#5694,#5695));
#1174=EDGE_LOOP('',(#5696,#5697,#5698,#5699));
#1175=EDGE_LOOP('',(#5700,#5701,#5702));
#1176=EDGE_LOOP('',(#5703,#5704,#5705,#5706));
#1177=EDGE_LOOP('',(#5707,#5708,#5709));
#1178=EDGE_LOOP('',(#5710,#5711,#5712,#5713));
#1179=EDGE_LOOP('',(#5714,#5715,#5716));
#1180=EDGE_LOOP('',(#5717,#5718,#5719,#5720));
#1181=EDGE_LOOP('',(#5721,#5722,#5723));
#1182=EDGE_LOOP('',(#5724,#5725,#5726,#5727));
#1183=EDGE_LOOP('',(#5728,#5729,#5730));
#1184=EDGE_LOOP('',(#5731,#5732,#5733,#5734));
#1185=EDGE_LOOP('',(#5735,#5736,#5737));
#1186=EDGE_LOOP('',(#5738,#5739,#5740,#5741));
#1187=EDGE_LOOP('',(#5742,#5743,#5744));
#1188=EDGE_LOOP('',(#5745,#5746,#5747,#5748));
#1189=EDGE_LOOP('',(#5749,#5750,#5751));
#1190=EDGE_LOOP('',(#5752,#5753,#5754,#5755));
#1191=EDGE_LOOP('',(#5756,#5757,#5758));
#1192=EDGE_LOOP('',(#5759,#5760,#5761,#5762));
#1193=EDGE_LOOP('',(#5763,#5764,#5765));
#1194=EDGE_LOOP('',(#5766,#5767,#5768,#5769));
#1195=EDGE_LOOP('',(#5770,#5771,#5772));
#1196=EDGE_LOOP('',(#5773,#5774,#5775,#5776));
#1197=EDGE_LOOP('',(#5777,#5778,#5779));
#1198=EDGE_LOOP('',(#5780,#5781,#5782,#5783));
#1199=EDGE_LOOP('',(#5784,#5785,#5786,#5787));
#1200=EDGE_LOOP('',(#5788,#5789,#5790,#5791));
#1201=EDGE_LOOP('',(#5792,#5793,#5794,#5795));
#1202=EDGE_LOOP('',(#5796,#5797,#5798,#5799));
#1203=EDGE_LOOP('',(#5800));
#1204=EDGE_LOOP('',(#5801));
#1205=EDGE_LOOP('',(#5802));
#1206=EDGE_LOOP('',(#5803));
#1207=EDGE_LOOP('',(#5804));
#1208=EDGE_LOOP('',(#5805));
#1209=EDGE_LOOP('',(#5806));
#1210=EDGE_LOOP('',(#5807));
#1211=EDGE_LOOP('',(#5808));
#1212=EDGE_LOOP('',(#5809));
#1213=EDGE_LOOP('',(#5810));
#1214=EDGE_LOOP('',(#5811));
#1215=EDGE_LOOP('',(#5812));
#1216=EDGE_LOOP('',(#5813));
#1217=EDGE_LOOP('',(#5814));
#1218=EDGE_LOOP('',(#5815));
#1219=EDGE_LOOP('',(#5816));
#1220=EDGE_LOOP('',(#5817));
#1221=EDGE_LOOP('',(#5818));
#1222=EDGE_LOOP('',(#5819));
#1223=EDGE_LOOP('',(#5820));
#1224=EDGE_LOOP('',(#5821));
#1225=EDGE_LOOP('',(#5822));
#1226=EDGE_LOOP('',(#5823));
#1227=EDGE_LOOP('',(#5824));
#1228=EDGE_LOOP('',(#5825));
#1229=EDGE_LOOP('',(#5826));
#1230=EDGE_LOOP('',(#5827,#5828,#5829,#5830));
#1231=EDGE_LOOP('',(#5831,#5832,#5833));
#1232=EDGE_LOOP('',(#5834,#5835,#5836,#5837));
#1233=EDGE_LOOP('',(#5838,#5839,#5840));
#1234=EDGE_LOOP('',(#5841,#5842,#5843,#5844));
#1235=EDGE_LOOP('',(#5845,#5846,#5847));
#1236=EDGE_LOOP('',(#5848,#5849,#5850,#5851));
#1237=EDGE_LOOP('',(#5852,#5853,#5854));
#1238=EDGE_LOOP('',(#5855,#5856,#5857,#5858));
#1239=EDGE_LOOP('',(#5859,#5860,#5861));
#1240=EDGE_LOOP('',(#5862,#5863,#5864,#5865));
#1241=EDGE_LOOP('',(#5866,#5867,#5868));
#1242=EDGE_LOOP('',(#5869,#5870,#5871,#5872));
#1243=EDGE_LOOP('',(#5873,#5874,#5875));
#1244=EDGE_LOOP('',(#5876,#5877,#5878,#5879));
#1245=EDGE_LOOP('',(#5880,#5881,#5882));
#1246=EDGE_LOOP('',(#5883,#5884,#5885,#5886));
#1247=EDGE_LOOP('',(#5887,#5888,#5889));
#1248=EDGE_LOOP('',(#5890,#5891,#5892,#5893));
#1249=EDGE_LOOP('',(#5894,#5895,#5896));
#1250=EDGE_LOOP('',(#5897,#5898,#5899,#5900));
#1251=EDGE_LOOP('',(#5901,#5902,#5903));
#1252=EDGE_LOOP('',(#5904,#5905,#5906,#5907));
#1253=EDGE_LOOP('',(#5908,#5909,#5910));
#1254=EDGE_LOOP('',(#5911,#5912,#5913,#5914));
#1255=EDGE_LOOP('',(#5915,#5916,#5917));
#1256=EDGE_LOOP('',(#5918,#5919,#5920,#5921));
#1257=EDGE_LOOP('',(#5922,#5923,#5924));
#1258=EDGE_LOOP('',(#5925,#5926,#5927,#5928));
#1259=EDGE_LOOP('',(#5929,#5930,#5931));
#1260=EDGE_LOOP('',(#5932,#5933,#5934,#5935));
#1261=EDGE_LOOP('',(#5936,#5937,#5938));
#1262=EDGE_LOOP('',(#5939,#5940,#5941,#5942));
#1263=EDGE_LOOP('',(#5943,#5944,#5945));
#1264=EDGE_LOOP('',(#5946,#5947,#5948,#5949));
#1265=EDGE_LOOP('',(#5950,#5951,#5952,#5953));
#1266=EDGE_LOOP('',(#5954,#5955,#5956,#5957));
#1267=EDGE_LOOP('',(#5958,#5959,#5960,#5961));
#1268=EDGE_LOOP('',(#5962,#5963,#5964,#5965));
#1269=EDGE_LOOP('',(#5966));
#1270=EDGE_LOOP('',(#5967));
#1271=EDGE_LOOP('',(#5968));
#1272=EDGE_LOOP('',(#5969));
#1273=EDGE_LOOP('',(#5970));
#1274=EDGE_LOOP('',(#5971));
#1275=EDGE_LOOP('',(#5972));
#1276=EDGE_LOOP('',(#5973));
#1277=EDGE_LOOP('',(#5974));
#1278=EDGE_LOOP('',(#5975));
#1279=EDGE_LOOP('',(#5976));
#1280=EDGE_LOOP('',(#5977));
#1281=EDGE_LOOP('',(#5978));
#1282=EDGE_LOOP('',(#5979));
#1283=EDGE_LOOP('',(#5980));
#1284=EDGE_LOOP('',(#5981));
#1285=EDGE_LOOP('',(#5982));
#1286=EDGE_LOOP('',(#5983));
#1287=EDGE_LOOP('',(#5984));
#1288=EDGE_LOOP('',(#5985));
#1289=EDGE_LOOP('',(#5986));
#1290=EDGE_LOOP('',(#5987));
#1291=EDGE_LOOP('',(#5988));
#1292=EDGE_LOOP('',(#5989));
#1293=EDGE_LOOP('',(#5990));
#1294=EDGE_LOOP('',(#5991));
#1295=EDGE_LOOP('',(#5992));
#1296=EDGE_LOOP('',(#5993,#5994,#5995,#5996));
#1297=EDGE_LOOP('',(#5997,#5998,#5999,#6000));
#1298=EDGE_LOOP('',(#6001,#6002,#6003,#6004));
#1299=EDGE_LOOP('',(#6005,#6006,#6007,#6008));
#1300=EDGE_LOOP('',(#6009,#6010,#6011,#6012));
#1301=EDGE_LOOP('',(#6013,#6014,#6015,#6016));
#1302=EDGE_LOOP('',(#6017,#6018,#6019,#6020));
#1303=EDGE_LOOP('',(#6021,#6022,#6023,#6024));
#1304=EDGE_LOOP('',(#6025,#6026,#6027,#6028,#6029,#6030,#6031,#6032));
#1305=EDGE_LOOP('',(#6033,#6034,#6035,#6036,#6037,#6038,#6039,#6040));
#1306=EDGE_LOOP('',(#6041,#6042,#6043,#6044));
#1307=EDGE_LOOP('',(#6045,#6046,#6047,#6048));
#1308=EDGE_LOOP('',(#6049,#6050,#6051,#6052));
#1309=EDGE_LOOP('',(#6053,#6054,#6055,#6056));
#1310=EDGE_LOOP('',(#6057,#6058,#6059,#6060));
#1311=EDGE_LOOP('',(#6061,#6062,#6063,#6064));
#1312=EDGE_LOOP('',(#6065,#6066,#6067,#6068));
#1313=EDGE_LOOP('',(#6069,#6070,#6071,#6072));
#1314=EDGE_LOOP('',(#6073,#6074,#6075,#6076,#6077,#6078,#6079,#6080));
#1315=EDGE_LOOP('',(#6081,#6082,#6083,#6084,#6085,#6086,#6087,#6088));
#1316=EDGE_LOOP('',(#6089,#6090,#6091,#6092));
#1317=EDGE_LOOP('',(#6093,#6094,#6095,#6096));
#1318=EDGE_LOOP('',(#6097,#6098,#6099,#6100));
#1319=EDGE_LOOP('',(#6101,#6102,#6103,#6104));
#1320=EDGE_LOOP('',(#6105,#6106,#6107,#6108));
#1321=EDGE_LOOP('',(#6109,#6110,#6111,#6112));
#1322=EDGE_LOOP('',(#6113,#6114,#6115,#6116));
#1323=EDGE_LOOP('',(#6117,#6118,#6119,#6120));
#1324=EDGE_LOOP('',(#6121,#6122,#6123,#6124));
#1325=EDGE_LOOP('',(#6125,#6126,#6127,#6128));
#1326=EDGE_LOOP('',(#6129,#6130,#6131,#6132));
#1327=EDGE_LOOP('',(#6133,#6134,#6135,#6136));
#1328=EDGE_LOOP('',(#6137,#6138,#6139,#6140));
#1329=EDGE_LOOP('',(#6141));
#1330=EDGE_LOOP('',(#6142));
#1331=EDGE_LOOP('',(#6143));
#1332=EDGE_LOOP('',(#6144));
#1333=EDGE_LOOP('',(#6145));
#1334=EDGE_LOOP('',(#6146));
#1335=EDGE_LOOP('',(#6147));
#1336=EDGE_LOOP('',(#6148));
#1337=EDGE_LOOP('',(#6149));
#1338=EDGE_LOOP('',(#6150));
#1339=EDGE_LOOP('',(#6151));
#1340=EDGE_LOOP('',(#6152));
#1341=EDGE_LOOP('',(#6153));
#1342=EDGE_LOOP('',(#6154));
#1343=EDGE_LOOP('',(#6155));
#1344=EDGE_LOOP('',(#6156));
#1345=EDGE_LOOP('',(#6157));
#1346=EDGE_LOOP('',(#6158));
#1347=EDGE_LOOP('',(#6159));
#1348=EDGE_LOOP('',(#6160));
#1349=EDGE_LOOP('',(#6161));
#1350=EDGE_LOOP('',(#6162));
#1351=EDGE_LOOP('',(#6163));
#1352=EDGE_LOOP('',(#6164));
#1353=EDGE_LOOP('',(#6165));
#1354=EDGE_LOOP('',(#6166));
#1355=EDGE_LOOP('',(#6167,#6168,#6169,#6170));
#1356=EDGE_LOOP('',(#6171,#6172,#6173,#6174));
#1357=EDGE_LOOP('',(#6175,#6176,#6177,#6178));
#1358=EDGE_LOOP('',(#6179,#6180,#6181,#6182));
#1359=EDGE_LOOP('',(#6183,#6184,#6185,#6186));
#1360=EDGE_LOOP('',(#6187,#6188,#6189,#6190));
#1361=EDGE_LOOP('',(#6191,#6192,#6193,#6194));
#1362=EDGE_LOOP('',(#6195,#6196,#6197,#6198));
#1363=EDGE_LOOP('',(#6199,#6200,#6201,#6202));
#1364=EDGE_LOOP('',(#6203,#6204,#6205,#6206));
#1365=EDGE_LOOP('',(#6207,#6208,#6209,#6210));
#1366=EDGE_LOOP('',(#6211,#6212,#6213,#6214));
#1367=EDGE_LOOP('',(#6215,#6216,#6217,#6218));
#1368=EDGE_LOOP('',(#6219));
#1369=EDGE_LOOP('',(#6220));
#1370=EDGE_LOOP('',(#6221));
#1371=EDGE_LOOP('',(#6222));
#1372=EDGE_LOOP('',(#6223));
#1373=EDGE_LOOP('',(#6224));
#1374=EDGE_LOOP('',(#6225));
#1375=EDGE_LOOP('',(#6226));
#1376=EDGE_LOOP('',(#6227));
#1377=EDGE_LOOP('',(#6228));
#1378=EDGE_LOOP('',(#6229));
#1379=EDGE_LOOP('',(#6230));
#1380=EDGE_LOOP('',(#6231));
#1381=EDGE_LOOP('',(#6232));
#1382=EDGE_LOOP('',(#6233));
#1383=EDGE_LOOP('',(#6234));
#1384=EDGE_LOOP('',(#6235));
#1385=EDGE_LOOP('',(#6236));
#1386=EDGE_LOOP('',(#6237));
#1387=EDGE_LOOP('',(#6238));
#1388=EDGE_LOOP('',(#6239));
#1389=EDGE_LOOP('',(#6240));
#1390=EDGE_LOOP('',(#6241));
#1391=EDGE_LOOP('',(#6242));
#1392=EDGE_LOOP('',(#6243));
#1393=EDGE_LOOP('',(#6244));
#1394=EDGE_LOOP('',(#6245,#6246,#6247,#6248));
#1395=EDGE_LOOP('',(#6249,#6250,#6251,#6252));
#1396=EDGE_LOOP('',(#6253,#6254,#6255,#6256));
#1397=EDGE_LOOP('',(#6257));
#1398=EDGE_LOOP('',(#6258));
#1399=EDGE_LOOP('',(#6259));
#1400=EDGE_LOOP('',(#6260,#6261,#6262,#6263,#6264,#6265));
#1401=EDGE_LOOP('',(#6266));
#1402=EDGE_LOOP('',(#6267,#6268,#6269,#6270));
#1403=EDGE_LOOP('',(#6271,#6272,#6273,#6274));
#1404=EDGE_LOOP('',(#6275,#6276,#6277,#6278));
#1405=EDGE_LOOP('',(#6279,#6280,#6281,#6282));
#1406=EDGE_LOOP('',(#6283,#6284,#6285,#6286));
#1407=EDGE_LOOP('',(#6287,#6288,#6289,#6290));
#1408=EDGE_LOOP('',(#6291,#6292,#6293,#6294,#6295,#6296));
#1409=EDGE_LOOP('',(#6297,#6298,#6299,#6300));
#1410=EDGE_LOOP('',(#6301,#6302,#6303,#6304));
#1411=EDGE_LOOP('',(#6305,#6306,#6307,#6308));
#1412=EDGE_LOOP('',(#6309));
#1413=EDGE_LOOP('',(#6310));
#1414=EDGE_LOOP('',(#6311));
#1415=EDGE_LOOP('',(#6312,#6313,#6314,#6315,#6316,#6317));
#1416=EDGE_LOOP('',(#6318));
#1417=EDGE_LOOP('',(#6319,#6320,#6321,#6322));
#1418=EDGE_LOOP('',(#6323,#6324,#6325,#6326));
#1419=EDGE_LOOP('',(#6327,#6328,#6329,#6330));
#1420=EDGE_LOOP('',(#6331,#6332,#6333,#6334));
#1421=EDGE_LOOP('',(#6335,#6336,#6337,#6338));
#1422=EDGE_LOOP('',(#6339,#6340,#6341,#6342));
#1423=EDGE_LOOP('',(#6343,#6344,#6345,#6346,#6347,#6348));
#1424=EDGE_LOOP('',(#6349,#6350,#6351,#6352));
#1425=EDGE_LOOP('',(#6353,#6354,#6355,#6356));
#1426=EDGE_LOOP('',(#6357,#6358,#6359,#6360));
#1427=EDGE_LOOP('',(#6361));
#1428=EDGE_LOOP('',(#6362));
#1429=EDGE_LOOP('',(#6363));
#1430=EDGE_LOOP('',(#6364,#6365,#6366,#6367,#6368,#6369));
#1431=EDGE_LOOP('',(#6370));
#1432=EDGE_LOOP('',(#6371,#6372,#6373,#6374));
#1433=EDGE_LOOP('',(#6375,#6376,#6377,#6378));
#1434=EDGE_LOOP('',(#6379,#6380,#6381,#6382));
#1435=EDGE_LOOP('',(#6383,#6384,#6385,#6386));
#1436=EDGE_LOOP('',(#6387,#6388,#6389,#6390));
#1437=EDGE_LOOP('',(#6391,#6392,#6393,#6394));
#1438=EDGE_LOOP('',(#6395,#6396,#6397,#6398,#6399,#6400));
#1439=EDGE_LOOP('',(#6401,#6402,#6403,#6404));
#1440=EDGE_LOOP('',(#6405,#6406,#6407,#6408));
#1441=EDGE_LOOP('',(#6409,#6410,#6411,#6412));
#1442=EDGE_LOOP('',(#6413));
#1443=EDGE_LOOP('',(#6414));
#1444=EDGE_LOOP('',(#6415));
#1445=EDGE_LOOP('',(#6416,#6417,#6418,#6419,#6420,#6421));
#1446=EDGE_LOOP('',(#6422));
#1447=EDGE_LOOP('',(#6423,#6424,#6425,#6426));
#1448=EDGE_LOOP('',(#6427,#6428,#6429,#6430));
#1449=EDGE_LOOP('',(#6431,#6432,#6433,#6434));
#1450=EDGE_LOOP('',(#6435,#6436,#6437,#6438));
#1451=EDGE_LOOP('',(#6439,#6440,#6441,#6442));
#1452=EDGE_LOOP('',(#6443,#6444,#6445,#6446));
#1453=EDGE_LOOP('',(#6447,#6448,#6449,#6450,#6451,#6452));
#1454=EDGE_LOOP('',(#6453,#6454,#6455,#6456));
#1455=EDGE_LOOP('',(#6457,#6458,#6459,#6460));
#1456=EDGE_LOOP('',(#6461,#6462,#6463,#6464));
#1457=EDGE_LOOP('',(#6465));
#1458=EDGE_LOOP('',(#6466));
#1459=EDGE_LOOP('',(#6467));
#1460=EDGE_LOOP('',(#6468,#6469,#6470,#6471,#6472,#6473));
#1461=EDGE_LOOP('',(#6474));
#1462=EDGE_LOOP('',(#6475,#6476,#6477,#6478));
#1463=EDGE_LOOP('',(#6479,#6480,#6481,#6482));
#1464=EDGE_LOOP('',(#6483,#6484,#6485,#6486));
#1465=EDGE_LOOP('',(#6487,#6488,#6489,#6490));
#1466=EDGE_LOOP('',(#6491,#6492,#6493,#6494));
#1467=EDGE_LOOP('',(#6495,#6496,#6497,#6498));
#1468=EDGE_LOOP('',(#6499,#6500,#6501,#6502,#6503,#6504));
#1469=EDGE_LOOP('',(#6505,#6506,#6507,#6508));
#1470=EDGE_LOOP('',(#6509,#6510,#6511,#6512));
#1471=EDGE_LOOP('',(#6513,#6514,#6515,#6516));
#1472=EDGE_LOOP('',(#6517));
#1473=EDGE_LOOP('',(#6518));
#1474=EDGE_LOOP('',(#6519));
#1475=EDGE_LOOP('',(#6520,#6521,#6522,#6523,#6524,#6525));
#1476=EDGE_LOOP('',(#6526));
#1477=EDGE_LOOP('',(#6527,#6528,#6529,#6530));
#1478=EDGE_LOOP('',(#6531,#6532,#6533,#6534));
#1479=EDGE_LOOP('',(#6535,#6536,#6537,#6538));
#1480=EDGE_LOOP('',(#6539,#6540,#6541,#6542));
#1481=EDGE_LOOP('',(#6543,#6544,#6545,#6546));
#1482=EDGE_LOOP('',(#6547,#6548,#6549,#6550));
#1483=EDGE_LOOP('',(#6551,#6552,#6553,#6554,#6555,#6556));
#1484=EDGE_LOOP('',(#6557,#6558,#6559,#6560));
#1485=EDGE_LOOP('',(#6561,#6562,#6563,#6564));
#1486=EDGE_LOOP('',(#6565,#6566,#6567,#6568));
#1487=EDGE_LOOP('',(#6569));
#1488=EDGE_LOOP('',(#6570));
#1489=EDGE_LOOP('',(#6571));
#1490=EDGE_LOOP('',(#6572,#6573,#6574,#6575,#6576,#6577));
#1491=EDGE_LOOP('',(#6578));
#1492=EDGE_LOOP('',(#6579,#6580,#6581,#6582));
#1493=EDGE_LOOP('',(#6583,#6584,#6585,#6586));
#1494=EDGE_LOOP('',(#6587,#6588,#6589,#6590));
#1495=EDGE_LOOP('',(#6591,#6592,#6593,#6594));
#1496=EDGE_LOOP('',(#6595,#6596,#6597,#6598));
#1497=EDGE_LOOP('',(#6599,#6600,#6601,#6602));
#1498=EDGE_LOOP('',(#6603,#6604,#6605,#6606,#6607,#6608));
#1499=EDGE_LOOP('',(#6609,#6610,#6611,#6612));
#1500=EDGE_LOOP('',(#6613,#6614,#6615,#6616));
#1501=EDGE_LOOP('',(#6617,#6618,#6619,#6620));
#1502=EDGE_LOOP('',(#6621));
#1503=EDGE_LOOP('',(#6622));
#1504=EDGE_LOOP('',(#6623));
#1505=EDGE_LOOP('',(#6624,#6625,#6626,#6627,#6628,#6629));
#1506=EDGE_LOOP('',(#6630));
#1507=EDGE_LOOP('',(#6631,#6632,#6633,#6634));
#1508=EDGE_LOOP('',(#6635,#6636,#6637,#6638));
#1509=EDGE_LOOP('',(#6639,#6640,#6641,#6642));
#1510=EDGE_LOOP('',(#6643,#6644,#6645,#6646));
#1511=EDGE_LOOP('',(#6647,#6648,#6649,#6650));
#1512=EDGE_LOOP('',(#6651,#6652,#6653,#6654));
#1513=EDGE_LOOP('',(#6655,#6656,#6657,#6658,#6659,#6660));
#1514=EDGE_LOOP('',(#6661,#6662,#6663,#6664));
#1515=EDGE_LOOP('',(#6665,#6666,#6667,#6668));
#1516=EDGE_LOOP('',(#6669,#6670,#6671,#6672));
#1517=EDGE_LOOP('',(#6673));
#1518=EDGE_LOOP('',(#6674));
#1519=EDGE_LOOP('',(#6675));
#1520=EDGE_LOOP('',(#6676,#6677,#6678,#6679,#6680,#6681));
#1521=EDGE_LOOP('',(#6682));
#1522=EDGE_LOOP('',(#6683,#6684,#6685,#6686));
#1523=EDGE_LOOP('',(#6687,#6688,#6689,#6690));
#1524=EDGE_LOOP('',(#6691,#6692,#6693,#6694));
#1525=EDGE_LOOP('',(#6695,#6696,#6697,#6698));
#1526=EDGE_LOOP('',(#6699,#6700,#6701,#6702));
#1527=EDGE_LOOP('',(#6703,#6704,#6705,#6706));
#1528=EDGE_LOOP('',(#6707,#6708,#6709,#6710,#6711,#6712));
#1529=EDGE_LOOP('',(#6713,#6714,#6715,#6716));
#1530=EDGE_LOOP('',(#6717,#6718,#6719,#6720));
#1531=EDGE_LOOP('',(#6721,#6722,#6723,#6724));
#1532=EDGE_LOOP('',(#6725));
#1533=EDGE_LOOP('',(#6726));
#1534=EDGE_LOOP('',(#6727));
#1535=EDGE_LOOP('',(#6728,#6729,#6730,#6731,#6732,#6733));
#1536=EDGE_LOOP('',(#6734));
#1537=EDGE_LOOP('',(#6735,#6736,#6737,#6738));
#1538=EDGE_LOOP('',(#6739,#6740,#6741,#6742));
#1539=EDGE_LOOP('',(#6743,#6744,#6745,#6746));
#1540=EDGE_LOOP('',(#6747,#6748,#6749,#6750));
#1541=EDGE_LOOP('',(#6751,#6752,#6753,#6754));
#1542=EDGE_LOOP('',(#6755,#6756,#6757,#6758));
#1543=EDGE_LOOP('',(#6759,#6760,#6761,#6762,#6763,#6764));
#1544=EDGE_LOOP('',(#6765,#6766,#6767,#6768));
#1545=EDGE_LOOP('',(#6769,#6770,#6771,#6772));
#1546=EDGE_LOOP('',(#6773,#6774,#6775,#6776));
#1547=EDGE_LOOP('',(#6777));
#1548=EDGE_LOOP('',(#6778));
#1549=EDGE_LOOP('',(#6779));
#1550=EDGE_LOOP('',(#6780,#6781,#6782,#6783,#6784,#6785));
#1551=EDGE_LOOP('',(#6786));
#1552=EDGE_LOOP('',(#6787,#6788,#6789,#6790));
#1553=EDGE_LOOP('',(#6791,#6792,#6793,#6794));
#1554=EDGE_LOOP('',(#6795,#6796,#6797,#6798));
#1555=EDGE_LOOP('',(#6799,#6800,#6801,#6802));
#1556=EDGE_LOOP('',(#6803,#6804,#6805,#6806));
#1557=EDGE_LOOP('',(#6807,#6808,#6809,#6810));
#1558=EDGE_LOOP('',(#6811,#6812,#6813,#6814,#6815,#6816));
#1559=EDGE_LOOP('',(#6817,#6818,#6819,#6820));
#1560=EDGE_LOOP('',(#6821,#6822,#6823,#6824));
#1561=EDGE_LOOP('',(#6825,#6826,#6827,#6828));
#1562=EDGE_LOOP('',(#6829));
#1563=EDGE_LOOP('',(#6830));
#1564=EDGE_LOOP('',(#6831));
#1565=EDGE_LOOP('',(#6832,#6833,#6834,#6835,#6836,#6837));
#1566=EDGE_LOOP('',(#6838));
#1567=EDGE_LOOP('',(#6839,#6840,#6841,#6842));
#1568=EDGE_LOOP('',(#6843,#6844,#6845,#6846));
#1569=EDGE_LOOP('',(#6847,#6848,#6849,#6850));
#1570=EDGE_LOOP('',(#6851,#6852,#6853,#6854));
#1571=EDGE_LOOP('',(#6855,#6856,#6857,#6858));
#1572=EDGE_LOOP('',(#6859,#6860,#6861,#6862));
#1573=EDGE_LOOP('',(#6863,#6864,#6865,#6866,#6867,#6868));
#1574=EDGE_LOOP('',(#6869,#6870,#6871,#6872));
#1575=EDGE_LOOP('',(#6873,#6874,#6875,#6876));
#1576=EDGE_LOOP('',(#6877,#6878,#6879,#6880));
#1577=EDGE_LOOP('',(#6881));
#1578=EDGE_LOOP('',(#6882));
#1579=EDGE_LOOP('',(#6883));
#1580=EDGE_LOOP('',(#6884,#6885,#6886,#6887,#6888,#6889));
#1581=EDGE_LOOP('',(#6890));
#1582=EDGE_LOOP('',(#6891,#6892,#6893,#6894));
#1583=EDGE_LOOP('',(#6895,#6896,#6897,#6898));
#1584=EDGE_LOOP('',(#6899,#6900,#6901,#6902));
#1585=EDGE_LOOP('',(#6903,#6904,#6905,#6906));
#1586=EDGE_LOOP('',(#6907,#6908,#6909,#6910));
#1587=EDGE_LOOP('',(#6911,#6912,#6913,#6914));
#1588=EDGE_LOOP('',(#6915,#6916,#6917,#6918,#6919,#6920));
#1589=EDGE_LOOP('',(#6921,#6922,#6923,#6924));
#1590=EDGE_LOOP('',(#6925,#6926,#6927,#6928));
#1591=EDGE_LOOP('',(#6929,#6930,#6931,#6932));
#1592=EDGE_LOOP('',(#6933));
#1593=EDGE_LOOP('',(#6934));
#1594=EDGE_LOOP('',(#6935));
#1595=EDGE_LOOP('',(#6936,#6937,#6938,#6939,#6940,#6941));
#1596=EDGE_LOOP('',(#6942));
#1597=EDGE_LOOP('',(#6943,#6944,#6945,#6946));
#1598=EDGE_LOOP('',(#6947,#6948,#6949,#6950));
#1599=EDGE_LOOP('',(#6951,#6952,#6953,#6954));
#1600=EDGE_LOOP('',(#6955,#6956,#6957,#6958));
#1601=EDGE_LOOP('',(#6959,#6960,#6961,#6962));
#1602=EDGE_LOOP('',(#6963,#6964,#6965,#6966));
#1603=EDGE_LOOP('',(#6967,#6968,#6969,#6970,#6971,#6972));
#1604=EDGE_LOOP('',(#6973,#6974,#6975,#6976));
#1605=EDGE_LOOP('',(#6977,#6978,#6979,#6980));
#1606=EDGE_LOOP('',(#6981,#6982,#6983,#6984));
#1607=EDGE_LOOP('',(#6985));
#1608=EDGE_LOOP('',(#6986));
#1609=EDGE_LOOP('',(#6987));
#1610=EDGE_LOOP('',(#6988,#6989,#6990,#6991,#6992,#6993));
#1611=EDGE_LOOP('',(#6994));
#1612=EDGE_LOOP('',(#6995,#6996,#6997,#6998));
#1613=EDGE_LOOP('',(#6999,#7000,#7001,#7002));
#1614=EDGE_LOOP('',(#7003,#7004,#7005,#7006));
#1615=EDGE_LOOP('',(#7007,#7008,#7009,#7010));
#1616=EDGE_LOOP('',(#7011,#7012,#7013,#7014));
#1617=EDGE_LOOP('',(#7015,#7016,#7017,#7018));
#1618=EDGE_LOOP('',(#7019,#7020,#7021,#7022,#7023,#7024));
#1619=EDGE_LOOP('',(#7025,#7026,#7027,#7028));
#1620=EDGE_LOOP('',(#7029,#7030,#7031,#7032));
#1621=EDGE_LOOP('',(#7033,#7034,#7035,#7036));
#1622=EDGE_LOOP('',(#7037));
#1623=EDGE_LOOP('',(#7038));
#1624=EDGE_LOOP('',(#7039));
#1625=EDGE_LOOP('',(#7040,#7041,#7042,#7043,#7044,#7045));
#1626=EDGE_LOOP('',(#7046));
#1627=EDGE_LOOP('',(#7047,#7048,#7049,#7050));
#1628=EDGE_LOOP('',(#7051,#7052,#7053,#7054));
#1629=EDGE_LOOP('',(#7055,#7056,#7057,#7058));
#1630=EDGE_LOOP('',(#7059,#7060,#7061,#7062));
#1631=EDGE_LOOP('',(#7063,#7064,#7065,#7066));
#1632=EDGE_LOOP('',(#7067,#7068,#7069,#7070));
#1633=EDGE_LOOP('',(#7071,#7072,#7073,#7074,#7075,#7076));
#1634=EDGE_LOOP('',(#7077,#7078,#7079,#7080));
#1635=EDGE_LOOP('',(#7081,#7082,#7083,#7084));
#1636=EDGE_LOOP('',(#7085,#7086,#7087,#7088));
#1637=EDGE_LOOP('',(#7089));
#1638=EDGE_LOOP('',(#7090));
#1639=EDGE_LOOP('',(#7091));
#1640=EDGE_LOOP('',(#7092,#7093,#7094,#7095,#7096,#7097));
#1641=EDGE_LOOP('',(#7098));
#1642=EDGE_LOOP('',(#7099,#7100,#7101,#7102));
#1643=EDGE_LOOP('',(#7103,#7104,#7105,#7106));
#1644=EDGE_LOOP('',(#7107,#7108,#7109,#7110));
#1645=EDGE_LOOP('',(#7111,#7112,#7113,#7114));
#1646=EDGE_LOOP('',(#7115,#7116,#7117,#7118));
#1647=EDGE_LOOP('',(#7119,#7120,#7121,#7122));
#1648=EDGE_LOOP('',(#7123,#7124,#7125,#7126,#7127,#7128));
#1649=EDGE_LOOP('',(#7129,#7130,#7131,#7132));
#1650=EDGE_LOOP('',(#7133,#7134,#7135,#7136));
#1651=EDGE_LOOP('',(#7137,#7138,#7139,#7140));
#1652=EDGE_LOOP('',(#7141));
#1653=EDGE_LOOP('',(#7142));
#1654=EDGE_LOOP('',(#7143));
#1655=EDGE_LOOP('',(#7144,#7145,#7146,#7147,#7148,#7149));
#1656=EDGE_LOOP('',(#7150));
#1657=EDGE_LOOP('',(#7151,#7152,#7153,#7154));
#1658=EDGE_LOOP('',(#7155,#7156,#7157,#7158));
#1659=EDGE_LOOP('',(#7159,#7160,#7161,#7162));
#1660=EDGE_LOOP('',(#7163,#7164,#7165,#7166));
#1661=EDGE_LOOP('',(#7167,#7168,#7169,#7170));
#1662=EDGE_LOOP('',(#7171,#7172,#7173,#7174));
#1663=EDGE_LOOP('',(#7175,#7176,#7177,#7178,#7179,#7180));
#1664=EDGE_LOOP('',(#7181,#7182,#7183,#7184));
#1665=EDGE_LOOP('',(#7185,#7186,#7187,#7188));
#1666=EDGE_LOOP('',(#7189,#7190,#7191,#7192));
#1667=EDGE_LOOP('',(#7193));
#1668=EDGE_LOOP('',(#7194));
#1669=EDGE_LOOP('',(#7195));
#1670=EDGE_LOOP('',(#7196,#7197,#7198,#7199,#7200,#7201));
#1671=EDGE_LOOP('',(#7202));
#1672=EDGE_LOOP('',(#7203,#7204,#7205,#7206));
#1673=EDGE_LOOP('',(#7207,#7208,#7209,#7210));
#1674=EDGE_LOOP('',(#7211,#7212,#7213,#7214));
#1675=EDGE_LOOP('',(#7215,#7216,#7217,#7218));
#1676=EDGE_LOOP('',(#7219,#7220,#7221,#7222));
#1677=EDGE_LOOP('',(#7223,#7224,#7225,#7226));
#1678=EDGE_LOOP('',(#7227,#7228,#7229,#7230,#7231,#7232));
#1679=EDGE_LOOP('',(#7233,#7234,#7235,#7236));
#1680=EDGE_LOOP('',(#7237,#7238,#7239,#7240));
#1681=EDGE_LOOP('',(#7241,#7242,#7243,#7244));
#1682=EDGE_LOOP('',(#7245));
#1683=EDGE_LOOP('',(#7246));
#1684=EDGE_LOOP('',(#7247));
#1685=EDGE_LOOP('',(#7248,#7249,#7250,#7251,#7252,#7253));
#1686=EDGE_LOOP('',(#7254));
#1687=EDGE_LOOP('',(#7255,#7256,#7257,#7258));
#1688=EDGE_LOOP('',(#7259,#7260,#7261,#7262));
#1689=EDGE_LOOP('',(#7263,#7264,#7265,#7266));
#1690=EDGE_LOOP('',(#7267,#7268,#7269,#7270));
#1691=EDGE_LOOP('',(#7271,#7272,#7273,#7274));
#1692=EDGE_LOOP('',(#7275,#7276,#7277,#7278));
#1693=EDGE_LOOP('',(#7279,#7280,#7281,#7282,#7283,#7284));
#1694=LINE('',#11768,#2373);
#1695=LINE('',#11812,#2374);
#1696=LINE('',#11818,#2375);
#1697=LINE('',#11822,#2376);
#1698=LINE('',#11827,#2377);
#1699=LINE('',#11831,#2378);
#1700=LINE('',#11873,#2379);
#1701=LINE('',#11879,#2380);
#1702=LINE('',#11885,#2381);
#1703=LINE('',#11891,#2382);
#1704=LINE('',#11897,#2383);
#1705=LINE('',#11903,#2384);
#1706=LINE('',#11909,#2385);
#1707=LINE('',#11916,#2386);
#1708=LINE('',#11919,#2387);
#1709=LINE('',#11923,#2388);
#1710=LINE('',#11925,#2389);
#1711=LINE('',#11929,#2390);
#1712=LINE('',#11931,#2391);
#1713=LINE('',#11933,#2392);
#1714=LINE('',#11936,#2393);
#1715=LINE('',#11939,#2394);
#1716=LINE('',#11941,#2395);
#1717=LINE('',#11943,#2396);
#1718=LINE('',#11946,#2397);
#1719=LINE('',#11951,#2398);
#1720=LINE('',#11954,#2399);
#1721=LINE('',#11956,#2400);
#1722=LINE('',#11959,#2401);
#1723=LINE('',#11961,#2402);
#1724=LINE('',#11963,#2403);
#1725=LINE('',#11964,#2404);
#1726=LINE('',#11966,#2405);
#1727=LINE('',#11967,#2406);
#1728=LINE('',#11969,#2407);
#1729=LINE('',#11972,#2408);
#1730=LINE('',#11995,#2409);
#1731=LINE('',#11998,#2410);
#1732=LINE('',#12021,#2411);
#1733=LINE('',#12030,#2412);
#1734=LINE('',#12033,#2413);
#1735=LINE('',#12039,#2414);
#1736=LINE('',#12042,#2415);
#1737=LINE('',#12048,#2416);
#1738=LINE('',#12051,#2417);
#1739=LINE('',#12057,#2418);
#1740=LINE('',#12060,#2419);
#1741=LINE('',#12065,#2420);
#1742=LINE('',#12068,#2421);
#1743=LINE('',#12073,#2422);
#1744=LINE('',#12076,#2423);
#1745=LINE('',#12081,#2424);
#1746=LINE('',#12087,#2425);
#1747=LINE('',#12093,#2426);
#1748=LINE('',#12099,#2427);
#1749=LINE('',#12106,#2428);
#1750=LINE('',#12109,#2429);
#1751=LINE('',#12115,#2430);
#1752=LINE('',#12118,#2431);
#1753=LINE('',#12123,#2432);
#1754=LINE('',#12129,#2433);
#1755=LINE('',#12135,#2434);
#1756=LINE('',#12141,#2435);
#1757=LINE('',#12147,#2436);
#1758=LINE('',#12153,#2437);
#1759=LINE('',#12159,#2438);
#1760=LINE('',#12165,#2439);
#1761=LINE('',#12171,#2440);
#1762=LINE('',#12177,#2441);
#1763=LINE('',#12187,#2442);
#1764=LINE('',#12190,#2443);
#1765=LINE('',#12194,#2444);
#1766=LINE('',#12198,#2445);
#1767=LINE('',#12205,#2446);
#1768=LINE('',#12207,#2447);
#1769=LINE('',#12214,#2448);
#1770=LINE('',#12216,#2449);
#1771=LINE('',#12225,#2450);
#1772=LINE('',#12228,#2451);
#1773=LINE('',#12241,#2452);
#1774=LINE('',#12243,#2453);
#1775=LINE('',#12251,#2454);
#1776=LINE('',#12255,#2455);
#1777=LINE('',#12262,#2456);
#1778=LINE('',#12263,#2457);
#1779=LINE('',#12266,#2458);
#1780=LINE('',#12270,#2459);
#1781=LINE('',#12274,#2460);
#1782=LINE('',#12278,#2461);
#1783=LINE('',#12281,#2462);
#1784=LINE('',#12283,#2463);
#1785=LINE('',#12289,#2464);
#1786=LINE('',#12293,#2465);
#1787=LINE('',#12297,#2466);
#1788=LINE('',#12300,#2467);
#1789=LINE('',#12305,#2468);
#1790=LINE('',#12306,#2469);
#1791=LINE('',#12308,#2470);
#1792=LINE('',#12309,#2471);
#1793=LINE('',#12311,#2472);
#1794=LINE('',#12312,#2473);
#1795=LINE('',#12315,#2474);
#1796=LINE('',#12316,#2475);
#1797=LINE('',#12318,#2476);
#1798=LINE('',#12320,#2477);
#1799=LINE('',#12322,#2478);
#1800=LINE('',#12324,#2479);
#1801=LINE('',#12326,#2480);
#1802=LINE('',#12328,#2481);
#1803=LINE('',#12335,#2482);
#1804=LINE('',#12337,#2483);
#1805=LINE('',#12339,#2484);
#1806=LINE('',#12341,#2485);
#1807=LINE('',#12343,#2486);
#1808=LINE('',#12345,#2487);
#1809=LINE('',#12346,#2488);
#1810=LINE('',#12348,#2489);
#1811=LINE('',#12350,#2490);
#1812=LINE('',#12352,#2491);
#1813=LINE('',#12359,#2492);
#1814=LINE('',#12363,#2493);
#1815=LINE('',#12368,#2494);
#1816=LINE('',#12372,#2495);
#1817=LINE('',#12377,#2496);
#1818=LINE('',#12381,#2497);
#1819=LINE('',#12386,#2498);
#1820=LINE('',#12390,#2499);
#1821=LINE('',#12395,#2500);
#1822=LINE('',#12399,#2501);
#1823=LINE('',#12404,#2502);
#1824=LINE('',#12408,#2503);
#1825=LINE('',#12413,#2504);
#1826=LINE('',#12417,#2505);
#1827=LINE('',#12422,#2506);
#1828=LINE('',#12426,#2507);
#1829=LINE('',#12431,#2508);
#1830=LINE('',#12435,#2509);
#1831=LINE('',#12440,#2510);
#1832=LINE('',#12444,#2511);
#1833=LINE('',#12449,#2512);
#1834=LINE('',#12453,#2513);
#1835=LINE('',#12458,#2514);
#1836=LINE('',#12462,#2515);
#1837=LINE('',#12467,#2516);
#1838=LINE('',#12471,#2517);
#1839=LINE('',#12476,#2518);
#1840=LINE('',#12480,#2519);
#1841=LINE('',#12485,#2520);
#1842=LINE('',#12489,#2521);
#1843=LINE('',#12494,#2522);
#1844=LINE('',#12498,#2523);
#1845=LINE('',#12503,#2524);
#1846=LINE('',#12507,#2525);
#1847=LINE('',#12512,#2526);
#1848=LINE('',#12518,#2527);
#1849=LINE('',#12524,#2528);
#1850=LINE('',#12530,#2529);
#1851=LINE('',#12536,#2530);
#1852=LINE('',#12548,#2531);
#1853=LINE('',#12552,#2532);
#1854=LINE('',#12557,#2533);
#1855=LINE('',#12561,#2534);
#1856=LINE('',#12566,#2535);
#1857=LINE('',#12570,#2536);
#1858=LINE('',#12575,#2537);
#1859=LINE('',#12579,#2538);
#1860=LINE('',#12584,#2539);
#1861=LINE('',#12588,#2540);
#1862=LINE('',#12593,#2541);
#1863=LINE('',#12597,#2542);
#1864=LINE('',#12602,#2543);
#1865=LINE('',#12606,#2544);
#1866=LINE('',#12611,#2545);
#1867=LINE('',#12615,#2546);
#1868=LINE('',#12620,#2547);
#1869=LINE('',#12624,#2548);
#1870=LINE('',#12629,#2549);
#1871=LINE('',#12633,#2550);
#1872=LINE('',#12638,#2551);
#1873=LINE('',#12642,#2552);
#1874=LINE('',#12647,#2553);
#1875=LINE('',#12651,#2554);
#1876=LINE('',#12656,#2555);
#1877=LINE('',#12660,#2556);
#1878=LINE('',#12665,#2557);
#1879=LINE('',#12669,#2558);
#1880=LINE('',#12674,#2559);
#1881=LINE('',#12678,#2560);
#1882=LINE('',#12683,#2561);
#1883=LINE('',#12687,#2562);
#1884=LINE('',#12692,#2563);
#1885=LINE('',#12696,#2564);
#1886=LINE('',#12701,#2565);
#1887=LINE('',#12707,#2566);
#1888=LINE('',#12713,#2567);
#1889=LINE('',#12719,#2568);
#1890=LINE('',#12725,#2569);
#1891=LINE('',#12736,#2570);
#1892=LINE('',#12738,#2571);
#1893=LINE('',#12740,#2572);
#1894=LINE('',#12741,#2573);
#1895=LINE('',#12746,#2574);
#1896=LINE('',#12750,#2575);
#1897=LINE('',#12752,#2576);
#1898=LINE('',#12753,#2577);
#1899=LINE('',#12756,#2578);
#1900=LINE('',#12758,#2579);
#1901=LINE('',#12759,#2580);
#1902=LINE('',#12762,#2581);
#1903=LINE('',#12764,#2582);
#1904=LINE('',#12765,#2583);
#1905=LINE('',#12770,#2584);
#1906=LINE('',#12774,#2585);
#1907=LINE('',#12776,#2586);
#1908=LINE('',#12777,#2587);
#1909=LINE('',#12786,#2588);
#1910=LINE('',#12788,#2589);
#1911=LINE('',#12790,#2590);
#1912=LINE('',#12791,#2591);
#1913=LINE('',#12796,#2592);
#1914=LINE('',#12800,#2593);
#1915=LINE('',#12802,#2594);
#1916=LINE('',#12803,#2595);
#1917=LINE('',#12806,#2596);
#1918=LINE('',#12808,#2597);
#1919=LINE('',#12809,#2598);
#1920=LINE('',#12812,#2599);
#1921=LINE('',#12814,#2600);
#1922=LINE('',#12815,#2601);
#1923=LINE('',#12820,#2602);
#1924=LINE('',#12824,#2603);
#1925=LINE('',#12826,#2604);
#1926=LINE('',#12827,#2605);
#1927=LINE('',#12837,#2606);
#1928=LINE('',#12843,#2607);
#1929=LINE('',#12849,#2608);
#1930=LINE('',#12855,#2609);
#1931=LINE('',#12861,#2610);
#1932=LINE('',#12867,#2611);
#1933=LINE('',#12873,#2612);
#1934=LINE('',#12879,#2613);
#1935=LINE('',#12885,#2614);
#1936=LINE('',#12891,#2615);
#1937=LINE('',#12897,#2616);
#1938=LINE('',#12903,#2617);
#1939=LINE('',#12909,#2618);
#1940=LINE('',#12917,#2619);
#1941=LINE('',#12923,#2620);
#1942=LINE('',#12929,#2621);
#1943=LINE('',#12935,#2622);
#1944=LINE('',#12941,#2623);
#1945=LINE('',#12947,#2624);
#1946=LINE('',#12953,#2625);
#1947=LINE('',#12959,#2626);
#1948=LINE('',#12965,#2627);
#1949=LINE('',#12971,#2628);
#1950=LINE('',#12977,#2629);
#1951=LINE('',#12983,#2630);
#1952=LINE('',#12989,#2631);
#1953=LINE('',#12997,#2632);
#1954=LINE('',#13001,#2633);
#1955=LINE('',#13007,#2634);
#1956=LINE('',#13013,#2635);
#1957=LINE('',#13015,#2636);
#1958=LINE('',#13017,#2637);
#1959=LINE('',#13019,#2638);
#1960=LINE('',#13021,#2639);
#1961=LINE('',#13022,#2640);
#1962=LINE('',#13026,#2641);
#1963=LINE('',#13028,#2642);
#1964=LINE('',#13029,#2643);
#1965=LINE('',#13032,#2644);
#1966=LINE('',#13033,#2645);
#1967=LINE('',#13036,#2646);
#1968=LINE('',#13037,#2647);
#1969=LINE('',#13040,#2648);
#1970=LINE('',#13041,#2649);
#1971=LINE('',#13044,#2650);
#1972=LINE('',#13045,#2651);
#1973=LINE('',#13047,#2652);
#1974=LINE('',#13053,#2653);
#1975=LINE('',#13057,#2654);
#1976=LINE('',#13063,#2655);
#1977=LINE('',#13069,#2656);
#1978=LINE('',#13071,#2657);
#1979=LINE('',#13073,#2658);
#1980=LINE('',#13075,#2659);
#1981=LINE('',#13077,#2660);
#1982=LINE('',#13078,#2661);
#1983=LINE('',#13082,#2662);
#1984=LINE('',#13084,#2663);
#1985=LINE('',#13085,#2664);
#1986=LINE('',#13088,#2665);
#1987=LINE('',#13089,#2666);
#1988=LINE('',#13092,#2667);
#1989=LINE('',#13093,#2668);
#1990=LINE('',#13096,#2669);
#1991=LINE('',#13097,#2670);
#1992=LINE('',#13100,#2671);
#1993=LINE('',#13101,#2672);
#1994=LINE('',#13103,#2673);
#1995=LINE('',#13109,#2674);
#1996=LINE('',#13113,#2675);
#1997=LINE('',#13119,#2676);
#1998=LINE('',#13125,#2677);
#1999=LINE('',#13127,#2678);
#2000=LINE('',#13129,#2679);
#2001=LINE('',#13131,#2680);
#2002=LINE('',#13133,#2681);
#2003=LINE('',#13134,#2682);
#2004=LINE('',#13138,#2683);
#2005=LINE('',#13140,#2684);
#2006=LINE('',#13141,#2685);
#2007=LINE('',#13144,#2686);
#2008=LINE('',#13145,#2687);
#2009=LINE('',#13148,#2688);
#2010=LINE('',#13149,#2689);
#2011=LINE('',#13152,#2690);
#2012=LINE('',#13153,#2691);
#2013=LINE('',#13156,#2692);
#2014=LINE('',#13157,#2693);
#2015=LINE('',#13159,#2694);
#2016=LINE('',#13165,#2695);
#2017=LINE('',#13169,#2696);
#2018=LINE('',#13175,#2697);
#2019=LINE('',#13181,#2698);
#2020=LINE('',#13183,#2699);
#2021=LINE('',#13185,#2700);
#2022=LINE('',#13187,#2701);
#2023=LINE('',#13189,#2702);
#2024=LINE('',#13190,#2703);
#2025=LINE('',#13194,#2704);
#2026=LINE('',#13196,#2705);
#2027=LINE('',#13197,#2706);
#2028=LINE('',#13200,#2707);
#2029=LINE('',#13201,#2708);
#2030=LINE('',#13204,#2709);
#2031=LINE('',#13205,#2710);
#2032=LINE('',#13208,#2711);
#2033=LINE('',#13209,#2712);
#2034=LINE('',#13212,#2713);
#2035=LINE('',#13213,#2714);
#2036=LINE('',#13215,#2715);
#2037=LINE('',#13221,#2716);
#2038=LINE('',#13225,#2717);
#2039=LINE('',#13231,#2718);
#2040=LINE('',#13237,#2719);
#2041=LINE('',#13239,#2720);
#2042=LINE('',#13241,#2721);
#2043=LINE('',#13243,#2722);
#2044=LINE('',#13245,#2723);
#2045=LINE('',#13246,#2724);
#2046=LINE('',#13250,#2725);
#2047=LINE('',#13252,#2726);
#2048=LINE('',#13253,#2727);
#2049=LINE('',#13256,#2728);
#2050=LINE('',#13257,#2729);
#2051=LINE('',#13260,#2730);
#2052=LINE('',#13261,#2731);
#2053=LINE('',#13264,#2732);
#2054=LINE('',#13265,#2733);
#2055=LINE('',#13268,#2734);
#2056=LINE('',#13269,#2735);
#2057=LINE('',#13271,#2736);
#2058=LINE('',#13277,#2737);
#2059=LINE('',#13281,#2738);
#2060=LINE('',#13287,#2739);
#2061=LINE('',#13293,#2740);
#2062=LINE('',#13295,#2741);
#2063=LINE('',#13297,#2742);
#2064=LINE('',#13299,#2743);
#2065=LINE('',#13301,#2744);
#2066=LINE('',#13302,#2745);
#2067=LINE('',#13306,#2746);
#2068=LINE('',#13308,#2747);
#2069=LINE('',#13309,#2748);
#2070=LINE('',#13312,#2749);
#2071=LINE('',#13313,#2750);
#2072=LINE('',#13316,#2751);
#2073=LINE('',#13317,#2752);
#2074=LINE('',#13320,#2753);
#2075=LINE('',#13321,#2754);
#2076=LINE('',#13324,#2755);
#2077=LINE('',#13325,#2756);
#2078=LINE('',#13327,#2757);
#2079=LINE('',#13333,#2758);
#2080=LINE('',#13337,#2759);
#2081=LINE('',#13343,#2760);
#2082=LINE('',#13349,#2761);
#2083=LINE('',#13351,#2762);
#2084=LINE('',#13353,#2763);
#2085=LINE('',#13355,#2764);
#2086=LINE('',#13357,#2765);
#2087=LINE('',#13358,#2766);
#2088=LINE('',#13362,#2767);
#2089=LINE('',#13364,#2768);
#2090=LINE('',#13365,#2769);
#2091=LINE('',#13368,#2770);
#2092=LINE('',#13369,#2771);
#2093=LINE('',#13372,#2772);
#2094=LINE('',#13373,#2773);
#2095=LINE('',#13376,#2774);
#2096=LINE('',#13377,#2775);
#2097=LINE('',#13380,#2776);
#2098=LINE('',#13381,#2777);
#2099=LINE('',#13383,#2778);
#2100=LINE('',#13389,#2779);
#2101=LINE('',#13393,#2780);
#2102=LINE('',#13399,#2781);
#2103=LINE('',#13405,#2782);
#2104=LINE('',#13407,#2783);
#2105=LINE('',#13409,#2784);
#2106=LINE('',#13411,#2785);
#2107=LINE('',#13413,#2786);
#2108=LINE('',#13414,#2787);
#2109=LINE('',#13418,#2788);
#2110=LINE('',#13420,#2789);
#2111=LINE('',#13421,#2790);
#2112=LINE('',#13424,#2791);
#2113=LINE('',#13425,#2792);
#2114=LINE('',#13428,#2793);
#2115=LINE('',#13429,#2794);
#2116=LINE('',#13432,#2795);
#2117=LINE('',#13433,#2796);
#2118=LINE('',#13436,#2797);
#2119=LINE('',#13437,#2798);
#2120=LINE('',#13439,#2799);
#2121=LINE('',#13445,#2800);
#2122=LINE('',#13449,#2801);
#2123=LINE('',#13455,#2802);
#2124=LINE('',#13461,#2803);
#2125=LINE('',#13463,#2804);
#2126=LINE('',#13465,#2805);
#2127=LINE('',#13467,#2806);
#2128=LINE('',#13469,#2807);
#2129=LINE('',#13470,#2808);
#2130=LINE('',#13474,#2809);
#2131=LINE('',#13476,#2810);
#2132=LINE('',#13477,#2811);
#2133=LINE('',#13480,#2812);
#2134=LINE('',#13481,#2813);
#2135=LINE('',#13484,#2814);
#2136=LINE('',#13485,#2815);
#2137=LINE('',#13488,#2816);
#2138=LINE('',#13489,#2817);
#2139=LINE('',#13492,#2818);
#2140=LINE('',#13493,#2819);
#2141=LINE('',#13495,#2820);
#2142=LINE('',#13501,#2821);
#2143=LINE('',#13505,#2822);
#2144=LINE('',#13511,#2823);
#2145=LINE('',#13517,#2824);
#2146=LINE('',#13519,#2825);
#2147=LINE('',#13521,#2826);
#2148=LINE('',#13523,#2827);
#2149=LINE('',#13525,#2828);
#2150=LINE('',#13526,#2829);
#2151=LINE('',#13530,#2830);
#2152=LINE('',#13532,#2831);
#2153=LINE('',#13533,#2832);
#2154=LINE('',#13536,#2833);
#2155=LINE('',#13537,#2834);
#2156=LINE('',#13540,#2835);
#2157=LINE('',#13541,#2836);
#2158=LINE('',#13544,#2837);
#2159=LINE('',#13545,#2838);
#2160=LINE('',#13548,#2839);
#2161=LINE('',#13549,#2840);
#2162=LINE('',#13551,#2841);
#2163=LINE('',#13557,#2842);
#2164=LINE('',#13561,#2843);
#2165=LINE('',#13567,#2844);
#2166=LINE('',#13573,#2845);
#2167=LINE('',#13575,#2846);
#2168=LINE('',#13577,#2847);
#2169=LINE('',#13579,#2848);
#2170=LINE('',#13581,#2849);
#2171=LINE('',#13582,#2850);
#2172=LINE('',#13586,#2851);
#2173=LINE('',#13588,#2852);
#2174=LINE('',#13589,#2853);
#2175=LINE('',#13592,#2854);
#2176=LINE('',#13593,#2855);
#2177=LINE('',#13596,#2856);
#2178=LINE('',#13597,#2857);
#2179=LINE('',#13600,#2858);
#2180=LINE('',#13601,#2859);
#2181=LINE('',#13604,#2860);
#2182=LINE('',#13605,#2861);
#2183=LINE('',#13607,#2862);
#2184=LINE('',#13613,#2863);
#2185=LINE('',#13617,#2864);
#2186=LINE('',#13623,#2865);
#2187=LINE('',#13629,#2866);
#2188=LINE('',#13631,#2867);
#2189=LINE('',#13633,#2868);
#2190=LINE('',#13635,#2869);
#2191=LINE('',#13637,#2870);
#2192=LINE('',#13638,#2871);
#2193=LINE('',#13642,#2872);
#2194=LINE('',#13644,#2873);
#2195=LINE('',#13645,#2874);
#2196=LINE('',#13648,#2875);
#2197=LINE('',#13649,#2876);
#2198=LINE('',#13652,#2877);
#2199=LINE('',#13653,#2878);
#2200=LINE('',#13656,#2879);
#2201=LINE('',#13657,#2880);
#2202=LINE('',#13660,#2881);
#2203=LINE('',#13661,#2882);
#2204=LINE('',#13663,#2883);
#2205=LINE('',#13669,#2884);
#2206=LINE('',#13673,#2885);
#2207=LINE('',#13679,#2886);
#2208=LINE('',#13685,#2887);
#2209=LINE('',#13687,#2888);
#2210=LINE('',#13689,#2889);
#2211=LINE('',#13691,#2890);
#2212=LINE('',#13693,#2891);
#2213=LINE('',#13694,#2892);
#2214=LINE('',#13698,#2893);
#2215=LINE('',#13700,#2894);
#2216=LINE('',#13701,#2895);
#2217=LINE('',#13704,#2896);
#2218=LINE('',#13705,#2897);
#2219=LINE('',#13708,#2898);
#2220=LINE('',#13709,#2899);
#2221=LINE('',#13712,#2900);
#2222=LINE('',#13713,#2901);
#2223=LINE('',#13716,#2902);
#2224=LINE('',#13717,#2903);
#2225=LINE('',#13719,#2904);
#2226=LINE('',#13725,#2905);
#2227=LINE('',#13729,#2906);
#2228=LINE('',#13735,#2907);
#2229=LINE('',#13741,#2908);
#2230=LINE('',#13743,#2909);
#2231=LINE('',#13745,#2910);
#2232=LINE('',#13747,#2911);
#2233=LINE('',#13749,#2912);
#2234=LINE('',#13750,#2913);
#2235=LINE('',#13754,#2914);
#2236=LINE('',#13756,#2915);
#2237=LINE('',#13757,#2916);
#2238=LINE('',#13760,#2917);
#2239=LINE('',#13761,#2918);
#2240=LINE('',#13764,#2919);
#2241=LINE('',#13765,#2920);
#2242=LINE('',#13768,#2921);
#2243=LINE('',#13769,#2922);
#2244=LINE('',#13772,#2923);
#2245=LINE('',#13773,#2924);
#2246=LINE('',#13775,#2925);
#2247=LINE('',#13781,#2926);
#2248=LINE('',#13785,#2927);
#2249=LINE('',#13791,#2928);
#2250=LINE('',#13797,#2929);
#2251=LINE('',#13799,#2930);
#2252=LINE('',#13801,#2931);
#2253=LINE('',#13803,#2932);
#2254=LINE('',#13805,#2933);
#2255=LINE('',#13806,#2934);
#2256=LINE('',#13810,#2935);
#2257=LINE('',#13812,#2936);
#2258=LINE('',#13813,#2937);
#2259=LINE('',#13816,#2938);
#2260=LINE('',#13817,#2939);
#2261=LINE('',#13820,#2940);
#2262=LINE('',#13821,#2941);
#2263=LINE('',#13824,#2942);
#2264=LINE('',#13825,#2943);
#2265=LINE('',#13828,#2944);
#2266=LINE('',#13829,#2945);
#2267=LINE('',#13831,#2946);
#2268=LINE('',#13837,#2947);
#2269=LINE('',#13841,#2948);
#2270=LINE('',#13847,#2949);
#2271=LINE('',#13853,#2950);
#2272=LINE('',#13855,#2951);
#2273=LINE('',#13857,#2952);
#2274=LINE('',#13859,#2953);
#2275=LINE('',#13861,#2954);
#2276=LINE('',#13862,#2955);
#2277=LINE('',#13866,#2956);
#2278=LINE('',#13868,#2957);
#2279=LINE('',#13869,#2958);
#2280=LINE('',#13872,#2959);
#2281=LINE('',#13873,#2960);
#2282=LINE('',#13876,#2961);
#2283=LINE('',#13877,#2962);
#2284=LINE('',#13880,#2963);
#2285=LINE('',#13881,#2964);
#2286=LINE('',#13884,#2965);
#2287=LINE('',#13885,#2966);
#2288=LINE('',#13887,#2967);
#2289=LINE('',#13893,#2968);
#2290=LINE('',#13897,#2969);
#2291=LINE('',#13903,#2970);
#2292=LINE('',#13909,#2971);
#2293=LINE('',#13911,#2972);
#2294=LINE('',#13913,#2973);
#2295=LINE('',#13915,#2974);
#2296=LINE('',#13917,#2975);
#2297=LINE('',#13918,#2976);
#2298=LINE('',#13922,#2977);
#2299=LINE('',#13924,#2978);
#2300=LINE('',#13925,#2979);
#2301=LINE('',#13928,#2980);
#2302=LINE('',#13929,#2981);
#2303=LINE('',#13932,#2982);
#2304=LINE('',#13933,#2983);
#2305=LINE('',#13936,#2984);
#2306=LINE('',#13937,#2985);
#2307=LINE('',#13940,#2986);
#2308=LINE('',#13941,#2987);
#2309=LINE('',#13943,#2988);
#2310=LINE('',#13949,#2989);
#2311=LINE('',#13953,#2990);
#2312=LINE('',#13959,#2991);
#2313=LINE('',#13965,#2992);
#2314=LINE('',#13967,#2993);
#2315=LINE('',#13969,#2994);
#2316=LINE('',#13971,#2995);
#2317=LINE('',#13973,#2996);
#2318=LINE('',#13974,#2997);
#2319=LINE('',#13978,#2998);
#2320=LINE('',#13980,#2999);
#2321=LINE('',#13981,#3000);
#2322=LINE('',#13984,#3001);
#2323=LINE('',#13985,#3002);
#2324=LINE('',#13988,#3003);
#2325=LINE('',#13989,#3004);
#2326=LINE('',#13992,#3005);
#2327=LINE('',#13993,#3006);
#2328=LINE('',#13996,#3007);
#2329=LINE('',#13997,#3008);
#2330=LINE('',#13999,#3009);
#2331=LINE('',#14005,#3010);
#2332=LINE('',#14009,#3011);
#2333=LINE('',#14015,#3012);
#2334=LINE('',#14021,#3013);
#2335=LINE('',#14023,#3014);
#2336=LINE('',#14025,#3015);
#2337=LINE('',#14027,#3016);
#2338=LINE('',#14029,#3017);
#2339=LINE('',#14030,#3018);
#2340=LINE('',#14034,#3019);
#2341=LINE('',#14036,#3020);
#2342=LINE('',#14037,#3021);
#2343=LINE('',#14040,#3022);
#2344=LINE('',#14041,#3023);
#2345=LINE('',#14044,#3024);
#2346=LINE('',#14045,#3025);
#2347=LINE('',#14048,#3026);
#2348=LINE('',#14049,#3027);
#2349=LINE('',#14052,#3028);
#2350=LINE('',#14053,#3029);
#2351=LINE('',#14055,#3030);
#2352=LINE('',#14061,#3031);
#2353=LINE('',#14065,#3032);
#2354=LINE('',#14071,#3033);
#2355=LINE('',#14077,#3034);
#2356=LINE('',#14079,#3035);
#2357=LINE('',#14081,#3036);
#2358=LINE('',#14083,#3037);
#2359=LINE('',#14085,#3038);
#2360=LINE('',#14086,#3039);
#2361=LINE('',#14090,#3040);
#2362=LINE('',#14092,#3041);
#2363=LINE('',#14093,#3042);
#2364=LINE('',#14096,#3043);
#2365=LINE('',#14097,#3044);
#2366=LINE('',#14100,#3045);
#2367=LINE('',#14101,#3046);
#2368=LINE('',#14104,#3047);
#2369=LINE('',#14105,#3048);
#2370=LINE('',#14108,#3049);
#2371=LINE('',#14109,#3050);
#2372=LINE('',#14111,#3051);
#2373=VECTOR('',#9376,5.23435305963093);
#2374=VECTOR('',#9383,1.64999999999999);
#2375=VECTOR('',#9390,1.64999999999999);
#2376=VECTOR('',#9395,1.64999999999999);
#2377=VECTOR('',#9400,1.64999999999999);
#2378=VECTOR('',#9405,1.64999999999999);
#2379=VECTOR('',#9408,1.64999999999999);
#2380=VECTOR('',#9415,2.25);
#2381=VECTOR('',#9422,2.25);
#2382=VECTOR('',#9429,2.25);
#2383=VECTOR('',#9436,2.25);
#2384=VECTOR('',#9443,2.25);
#2385=VECTOR('',#9450,2.25);
#2386=VECTOR('',#9457,1000.);
#2387=VECTOR('',#9460,1000.);
#2388=VECTOR('',#9463,1000.);
#2389=VECTOR('',#9464,1000.);
#2390=VECTOR('',#9467,1000.);
#2391=VECTOR('',#9468,1000.);
#2392=VECTOR('',#9469,1000.);
#2393=VECTOR('',#9472,1000.);
#2394=VECTOR('',#9475,1000.);
#2395=VECTOR('',#9476,1000.);
#2396=VECTOR('',#9477,1000.);
#2397=VECTOR('',#9480,1000.);
#2398=VECTOR('',#9485,1000.);
#2399=VECTOR('',#9490,1000.);
#2400=VECTOR('',#9491,1000.);
#2401=VECTOR('',#9494,1000.);
#2402=VECTOR('',#9497,1000.);
#2403=VECTOR('',#9498,1000.);
#2404=VECTOR('',#9499,1000.);
#2405=VECTOR('',#9500,1000.);
#2406=VECTOR('',#9501,1000.);
#2407=VECTOR('',#9504,1000.);
#2408=VECTOR('',#9507,1000.);
#2409=VECTOR('',#9516,1000.);
#2410=VECTOR('',#9519,1000.);
#2411=VECTOR('',#9528,1000.);
#2412=VECTOR('',#9539,1000.);
#2413=VECTOR('',#9542,1000.);
#2414=VECTOR('',#9547,1000.);
#2415=VECTOR('',#9550,1000.);
#2416=VECTOR('',#9555,1000.);
#2417=VECTOR('',#9558,1000.);
#2418=VECTOR('',#9563,1000.);
#2419=VECTOR('',#9566,1000.);
#2420=VECTOR('',#9571,1000.);
#2421=VECTOR('',#9574,1000.);
#2422=VECTOR('',#9579,1000.);
#2423=VECTOR('',#9582,1000.);
#2424=VECTOR('',#9587,2.14999999999999);
#2425=VECTOR('',#9594,2.14999999999999);
#2426=VECTOR('',#9601,2.14999999999999);
#2427=VECTOR('',#9608,2.14999999999999);
#2428=VECTOR('',#9615,1000.);
#2429=VECTOR('',#9618,1000.);
#2430=VECTOR('',#9623,1000.);
#2431=VECTOR('',#9626,1000.);
#2432=VECTOR('',#9631,2.15);
#2433=VECTOR('',#9638,2.15);
#2434=VECTOR('',#9645,2.15);
#2435=VECTOR('',#9652,2.15);
#2436=VECTOR('',#9659,2.15);
#2437=VECTOR('',#9666,2.14999999999999);
#2438=VECTOR('',#9673,2.14999999999999);
#2439=VECTOR('',#9680,2.15000000000001);
#2440=VECTOR('',#9687,2.14999999999999);
#2441=VECTOR('',#9694,2.14999999999999);
#2442=VECTOR('',#9707,1000.);
#2443=VECTOR('',#9710,1000.);
#2444=VECTOR('',#9713,1000.);
#2445=VECTOR('',#9716,1000.);
#2446=VECTOR('',#9723,1000.);
#2447=VECTOR('',#9724,1000.);
#2448=VECTOR('',#9731,1000.);
#2449=VECTOR('',#9732,1000.);
#2450=VECTOR('',#9743,1000.);
#2451=VECTOR('',#9746,1000.);
#2452=VECTOR('',#9763,1000.);
#2453=VECTOR('',#9764,1000.);
#2454=VECTOR('',#9771,1000.);
#2455=VECTOR('',#9774,1000.);
#2456=VECTOR('',#9781,1000.);
#2457=VECTOR('',#9782,1000.);
#2458=VECTOR('',#9783,1000.);
#2459=VECTOR('',#9786,1000.);
#2460=VECTOR('',#9789,1000.);
#2461=VECTOR('',#9792,1000.);
#2462=VECTOR('',#9797,1000.);
#2463=VECTOR('',#9800,1000.);
#2464=VECTOR('',#9805,1000.);
#2465=VECTOR('',#9808,1000.);
#2466=VECTOR('',#9811,1000.);
#2467=VECTOR('',#9814,1000.);
#2468=VECTOR('',#9823,1000.);
#2469=VECTOR('',#9824,1000.);
#2470=VECTOR('',#9827,1000.);
#2471=VECTOR('',#9828,1000.);
#2472=VECTOR('',#9831,1000.);
#2473=VECTOR('',#9832,1000.);
#2474=VECTOR('',#9837,1000.);
#2475=VECTOR('',#9838,1000.);
#2476=VECTOR('',#9841,1000.);
#2477=VECTOR('',#9844,1000.);
#2478=VECTOR('',#9847,1000.);
#2479=VECTOR('',#9850,1000.);
#2480=VECTOR('',#9853,1000.);
#2481=VECTOR('',#9856,1000.);
#2482=VECTOR('',#9869,1000.);
#2483=VECTOR('',#9872,1000.);
#2484=VECTOR('',#9875,1000.);
#2485=VECTOR('',#9878,1000.);
#2486=VECTOR('',#9881,1000.);
#2487=VECTOR('',#9884,1000.);
#2488=VECTOR('',#9885,1000.);
#2489=VECTOR('',#9888,1000.);
#2490=VECTOR('',#9891,1000.);
#2491=VECTOR('',#9894,1000.);
#2492=VECTOR('',#9903,1.65);
#2493=VECTOR('',#9908,1.65);
#2494=VECTOR('',#9913,1.65);
#2495=VECTOR('',#9918,1.65);
#2496=VECTOR('',#9923,1.65);
#2497=VECTOR('',#9928,1.65);
#2498=VECTOR('',#9933,1.65);
#2499=VECTOR('',#9938,1.65);
#2500=VECTOR('',#9943,1.65);
#2501=VECTOR('',#9948,1.65);
#2502=VECTOR('',#9953,1.65);
#2503=VECTOR('',#9958,1.65);
#2504=VECTOR('',#9963,1.65);
#2505=VECTOR('',#9968,1.65);
#2506=VECTOR('',#9973,1.65);
#2507=VECTOR('',#9978,1.65);
#2508=VECTOR('',#9983,2.);
#2509=VECTOR('',#9988,2.);
#2510=VECTOR('',#9993,2.);
#2511=VECTOR('',#9998,2.);
#2512=VECTOR('',#10003,2.);
#2513=VECTOR('',#10008,2.);
#2514=VECTOR('',#10013,2.09999999999999);
#2515=VECTOR('',#10018,2.1);
#2516=VECTOR('',#10023,2.09999999999999);
#2517=VECTOR('',#10028,2.1);
#2518=VECTOR('',#10033,2.09999999999999);
#2519=VECTOR('',#10038,2.1);
#2520=VECTOR('',#10043,2.09999999999999);
#2521=VECTOR('',#10048,2.1);
#2522=VECTOR('',#10053,2.09999999999999);
#2523=VECTOR('',#10058,2.1);
#2524=VECTOR('',#10063,2.09999999999999);
#2525=VECTOR('',#10068,2.1);
#2526=VECTOR('',#10073,4.);
#2527=VECTOR('',#10080,53.75);
#2528=VECTOR('',#10087,41.);
#2529=VECTOR('',#10094,32.5);
#2530=VECTOR('',#10101,26.5);
#2531=VECTOR('',#10120,1.65);
#2532=VECTOR('',#10125,1.65);
#2533=VECTOR('',#10130,1.65);
#2534=VECTOR('',#10135,1.65);
#2535=VECTOR('',#10140,1.65);
#2536=VECTOR('',#10145,1.65);
#2537=VECTOR('',#10150,1.65);
#2538=VECTOR('',#10155,1.65);
#2539=VECTOR('',#10160,1.65);
#2540=VECTOR('',#10165,1.65);
#2541=VECTOR('',#10170,1.65);
#2542=VECTOR('',#10175,1.65);
#2543=VECTOR('',#10180,1.65);
#2544=VECTOR('',#10185,1.65);
#2545=VECTOR('',#10190,1.65);
#2546=VECTOR('',#10195,1.65);
#2547=VECTOR('',#10200,2.);
#2548=VECTOR('',#10205,2.);
#2549=VECTOR('',#10210,2.);
#2550=VECTOR('',#10215,2.);
#2551=VECTOR('',#10220,2.);
#2552=VECTOR('',#10225,2.);
#2553=VECTOR('',#10230,2.09999999999999);
#2554=VECTOR('',#10235,2.1);
#2555=VECTOR('',#10240,2.09999999999999);
#2556=VECTOR('',#10245,2.1);
#2557=VECTOR('',#10250,2.09999999999999);
#2558=VECTOR('',#10255,2.1);
#2559=VECTOR('',#10260,2.09999999999999);
#2560=VECTOR('',#10265,2.1);
#2561=VECTOR('',#10270,2.09999999999999);
#2562=VECTOR('',#10275,2.1);
#2563=VECTOR('',#10280,2.09999999999999);
#2564=VECTOR('',#10285,2.1);
#2565=VECTOR('',#10290,4.);
#2566=VECTOR('',#10297,53.75);
#2567=VECTOR('',#10304,41.);
#2568=VECTOR('',#10311,32.5);
#2569=VECTOR('',#10318,26.5);
#2570=VECTOR('',#10335,1000.);
#2571=VECTOR('',#10336,1000.);
#2572=VECTOR('',#10337,1000.);
#2573=VECTOR('',#10338,1000.);
#2574=VECTOR('',#10343,1000.);
#2575=VECTOR('',#10348,1000.);
#2576=VECTOR('',#10349,1000.);
#2577=VECTOR('',#10350,1000.);
#2578=VECTOR('',#10353,1000.);
#2579=VECTOR('',#10354,1000.);
#2580=VECTOR('',#10355,1000.);
#2581=VECTOR('',#10358,1000.);
#2582=VECTOR('',#10359,1000.);
#2583=VECTOR('',#10360,1000.);
#2584=VECTOR('',#10365,1000.);
#2585=VECTOR('',#10370,1000.);
#2586=VECTOR('',#10371,1000.);
#2587=VECTOR('',#10372,1000.);
#2588=VECTOR('',#10385,1000.);
#2589=VECTOR('',#10386,1000.);
#2590=VECTOR('',#10387,1000.);
#2591=VECTOR('',#10388,1000.);
#2592=VECTOR('',#10393,1000.);
#2593=VECTOR('',#10398,1000.);
#2594=VECTOR('',#10399,1000.);
#2595=VECTOR('',#10400,1000.);
#2596=VECTOR('',#10403,1000.);
#2597=VECTOR('',#10404,1000.);
#2598=VECTOR('',#10405,1000.);
#2599=VECTOR('',#10408,1000.);
#2600=VECTOR('',#10409,1000.);
#2601=VECTOR('',#10410,1000.);
#2602=VECTOR('',#10415,1000.);
#2603=VECTOR('',#10420,1000.);
#2604=VECTOR('',#10421,1000.);
#2605=VECTOR('',#10422,1000.);
#2606=VECTOR('',#10437,2.25);
#2607=VECTOR('',#10444,2.25);
#2608=VECTOR('',#10451,2.25);
#2609=VECTOR('',#10458,2.25);
#2610=VECTOR('',#10465,2.25);
#2611=VECTOR('',#10472,2.25);
#2612=VECTOR('',#10479,2.75);
#2613=VECTOR('',#10486,2.75);
#2614=VECTOR('',#10493,2.75);
#2615=VECTOR('',#10500,2.75);
#2616=VECTOR('',#10507,2.75);
#2617=VECTOR('',#10514,2.75);
#2618=VECTOR('',#10521,30.);
#2619=VECTOR('',#10532,2.25);
#2620=VECTOR('',#10539,2.25);
#2621=VECTOR('',#10546,2.25);
#2622=VECTOR('',#10553,2.25);
#2623=VECTOR('',#10560,2.25);
#2624=VECTOR('',#10567,2.25);
#2625=VECTOR('',#10574,2.75);
#2626=VECTOR('',#10581,2.75);
#2627=VECTOR('',#10588,2.75);
#2628=VECTOR('',#10595,2.75);
#2629=VECTOR('',#10602,2.75);
#2630=VECTOR('',#10609,2.75);
#2631=VECTOR('',#10616,30.);
#2632=VECTOR('',#10627,2.);
#2633=VECTOR('',#10632,2.);
#2634=VECTOR('',#10639,3.5);
#2635=VECTOR('',#10646,1000.);
#2636=VECTOR('',#10647,1000.);
#2637=VECTOR('',#10648,1000.);
#2638=VECTOR('',#10649,1000.);
#2639=VECTOR('',#10650,1000.);
#2640=VECTOR('',#10651,1000.);
#2641=VECTOR('',#10656,1000.);
#2642=VECTOR('',#10657,1000.);
#2643=VECTOR('',#10658,1000.);
#2644=VECTOR('',#10661,1000.);
#2645=VECTOR('',#10662,1000.);
#2646=VECTOR('',#10665,1000.);
#2647=VECTOR('',#10666,1000.);
#2648=VECTOR('',#10669,1000.);
#2649=VECTOR('',#10670,1000.);
#2650=VECTOR('',#10673,1000.);
#2651=VECTOR('',#10674,1000.);
#2652=VECTOR('',#10677,1000.);
#2653=VECTOR('',#10684,2.);
#2654=VECTOR('',#10689,2.);
#2655=VECTOR('',#10696,3.5);
#2656=VECTOR('',#10703,1000.);
#2657=VECTOR('',#10704,1000.);
#2658=VECTOR('',#10705,1000.);
#2659=VECTOR('',#10706,1000.);
#2660=VECTOR('',#10707,1000.);
#2661=VECTOR('',#10708,1000.);
#2662=VECTOR('',#10713,1000.);
#2663=VECTOR('',#10714,1000.);
#2664=VECTOR('',#10715,1000.);
#2665=VECTOR('',#10718,1000.);
#2666=VECTOR('',#10719,1000.);
#2667=VECTOR('',#10722,1000.);
#2668=VECTOR('',#10723,1000.);
#2669=VECTOR('',#10726,1000.);
#2670=VECTOR('',#10727,1000.);
#2671=VECTOR('',#10730,1000.);
#2672=VECTOR('',#10731,1000.);
#2673=VECTOR('',#10734,1000.);
#2674=VECTOR('',#10741,2.);
#2675=VECTOR('',#10746,2.);
#2676=VECTOR('',#10753,3.5);
#2677=VECTOR('',#10760,1000.);
#2678=VECTOR('',#10761,1000.);
#2679=VECTOR('',#10762,1000.);
#2680=VECTOR('',#10763,1000.);
#2681=VECTOR('',#10764,1000.);
#2682=VECTOR('',#10765,1000.);
#2683=VECTOR('',#10770,1000.);
#2684=VECTOR('',#10771,1000.);
#2685=VECTOR('',#10772,1000.);
#2686=VECTOR('',#10775,1000.);
#2687=VECTOR('',#10776,1000.);
#2688=VECTOR('',#10779,1000.);
#2689=VECTOR('',#10780,1000.);
#2690=VECTOR('',#10783,1000.);
#2691=VECTOR('',#10784,1000.);
#2692=VECTOR('',#10787,1000.);
#2693=VECTOR('',#10788,1000.);
#2694=VECTOR('',#10791,1000.);
#2695=VECTOR('',#10798,2.);
#2696=VECTOR('',#10803,2.);
#2697=VECTOR('',#10810,3.5);
#2698=VECTOR('',#10817,1000.);
#2699=VECTOR('',#10818,1000.);
#2700=VECTOR('',#10819,1000.);
#2701=VECTOR('',#10820,1000.);
#2702=VECTOR('',#10821,1000.);
#2703=VECTOR('',#10822,1000.);
#2704=VECTOR('',#10827,1000.);
#2705=VECTOR('',#10828,1000.);
#2706=VECTOR('',#10829,1000.);
#2707=VECTOR('',#10832,1000.);
#2708=VECTOR('',#10833,1000.);
#2709=VECTOR('',#10836,1000.);
#2710=VECTOR('',#10837,1000.);
#2711=VECTOR('',#10840,1000.);
#2712=VECTOR('',#10841,1000.);
#2713=VECTOR('',#10844,1000.);
#2714=VECTOR('',#10845,1000.);
#2715=VECTOR('',#10848,1000.);
#2716=VECTOR('',#10855,2.);
#2717=VECTOR('',#10860,2.);
#2718=VECTOR('',#10867,3.5);
#2719=VECTOR('',#10874,1000.);
#2720=VECTOR('',#10875,1000.);
#2721=VECTOR('',#10876,1000.);
#2722=VECTOR('',#10877,1000.);
#2723=VECTOR('',#10878,1000.);
#2724=VECTOR('',#10879,1000.);
#2725=VECTOR('',#10884,1000.);
#2726=VECTOR('',#10885,1000.);
#2727=VECTOR('',#10886,1000.);
#2728=VECTOR('',#10889,1000.);
#2729=VECTOR('',#10890,1000.);
#2730=VECTOR('',#10893,1000.);
#2731=VECTOR('',#10894,1000.);
#2732=VECTOR('',#10897,1000.);
#2733=VECTOR('',#10898,1000.);
#2734=VECTOR('',#10901,1000.);
#2735=VECTOR('',#10902,1000.);
#2736=VECTOR('',#10905,1000.);
#2737=VECTOR('',#10912,2.);
#2738=VECTOR('',#10917,2.);
#2739=VECTOR('',#10924,3.5);
#2740=VECTOR('',#10931,1000.);
#2741=VECTOR('',#10932,1000.);
#2742=VECTOR('',#10933,1000.);
#2743=VECTOR('',#10934,1000.);
#2744=VECTOR('',#10935,1000.);
#2745=VECTOR('',#10936,1000.);
#2746=VECTOR('',#10941,1000.);
#2747=VECTOR('',#10942,1000.);
#2748=VECTOR('',#10943,1000.);
#2749=VECTOR('',#10946,1000.);
#2750=VECTOR('',#10947,1000.);
#2751=VECTOR('',#10950,1000.);
#2752=VECTOR('',#10951,1000.);
#2753=VECTOR('',#10954,1000.);
#2754=VECTOR('',#10955,1000.);
#2755=VECTOR('',#10958,1000.);
#2756=VECTOR('',#10959,1000.);
#2757=VECTOR('',#10962,1000.);
#2758=VECTOR('',#10969,2.);
#2759=VECTOR('',#10974,2.);
#2760=VECTOR('',#10981,3.5);
#2761=VECTOR('',#10988,1000.);
#2762=VECTOR('',#10989,1000.);
#2763=VECTOR('',#10990,1000.);
#2764=VECTOR('',#10991,1000.);
#2765=VECTOR('',#10992,1000.);
#2766=VECTOR('',#10993,1000.);
#2767=VECTOR('',#10998,1000.);
#2768=VECTOR('',#10999,1000.);
#2769=VECTOR('',#11000,1000.);
#2770=VECTOR('',#11003,1000.);
#2771=VECTOR('',#11004,1000.);
#2772=VECTOR('',#11007,1000.);
#2773=VECTOR('',#11008,1000.);
#2774=VECTOR('',#11011,1000.);
#2775=VECTOR('',#11012,1000.);
#2776=VECTOR('',#11015,1000.);
#2777=VECTOR('',#11016,1000.);
#2778=VECTOR('',#11019,1000.);
#2779=VECTOR('',#11026,2.);
#2780=VECTOR('',#11031,2.);
#2781=VECTOR('',#11038,3.5);
#2782=VECTOR('',#11045,1000.);
#2783=VECTOR('',#11046,1000.);
#2784=VECTOR('',#11047,1000.);
#2785=VECTOR('',#11048,1000.);
#2786=VECTOR('',#11049,1000.);
#2787=VECTOR('',#11050,1000.);
#2788=VECTOR('',#11055,1000.);
#2789=VECTOR('',#11056,1000.);
#2790=VECTOR('',#11057,1000.);
#2791=VECTOR('',#11060,1000.);
#2792=VECTOR('',#11061,1000.);
#2793=VECTOR('',#11064,1000.);
#2794=VECTOR('',#11065,1000.);
#2795=VECTOR('',#11068,1000.);
#2796=VECTOR('',#11069,1000.);
#2797=VECTOR('',#11072,1000.);
#2798=VECTOR('',#11073,1000.);
#2799=VECTOR('',#11076,1000.);
#2800=VECTOR('',#11083,2.);
#2801=VECTOR('',#11088,2.);
#2802=VECTOR('',#11095,3.5);
#2803=VECTOR('',#11102,1000.);
#2804=VECTOR('',#11103,1000.);
#2805=VECTOR('',#11104,1000.);
#2806=VECTOR('',#11105,1000.);
#2807=VECTOR('',#11106,1000.);
#2808=VECTOR('',#11107,1000.);
#2809=VECTOR('',#11112,1000.);
#2810=VECTOR('',#11113,1000.);
#2811=VECTOR('',#11114,1000.);
#2812=VECTOR('',#11117,1000.);
#2813=VECTOR('',#11118,1000.);
#2814=VECTOR('',#11121,1000.);
#2815=VECTOR('',#11122,1000.);
#2816=VECTOR('',#11125,1000.);
#2817=VECTOR('',#11126,1000.);
#2818=VECTOR('',#11129,1000.);
#2819=VECTOR('',#11130,1000.);
#2820=VECTOR('',#11133,1000.);
#2821=VECTOR('',#11140,2.);
#2822=VECTOR('',#11145,2.);
#2823=VECTOR('',#11152,3.5);
#2824=VECTOR('',#11159,1000.);
#2825=VECTOR('',#11160,1000.);
#2826=VECTOR('',#11161,1000.);
#2827=VECTOR('',#11162,1000.);
#2828=VECTOR('',#11163,1000.);
#2829=VECTOR('',#11164,1000.);
#2830=VECTOR('',#11169,1000.);
#2831=VECTOR('',#11170,1000.);
#2832=VECTOR('',#11171,1000.);
#2833=VECTOR('',#11174,1000.);
#2834=VECTOR('',#11175,1000.);
#2835=VECTOR('',#11178,1000.);
#2836=VECTOR('',#11179,1000.);
#2837=VECTOR('',#11182,1000.);
#2838=VECTOR('',#11183,1000.);
#2839=VECTOR('',#11186,1000.);
#2840=VECTOR('',#11187,1000.);
#2841=VECTOR('',#11190,1000.);
#2842=VECTOR('',#11197,2.);
#2843=VECTOR('',#11202,2.);
#2844=VECTOR('',#11209,3.5);
#2845=VECTOR('',#11216,1000.);
#2846=VECTOR('',#11217,1000.);
#2847=VECTOR('',#11218,1000.);
#2848=VECTOR('',#11219,1000.);
#2849=VECTOR('',#11220,1000.);
#2850=VECTOR('',#11221,1000.);
#2851=VECTOR('',#11226,1000.);
#2852=VECTOR('',#11227,1000.);
#2853=VECTOR('',#11228,1000.);
#2854=VECTOR('',#11231,1000.);
#2855=VECTOR('',#11232,1000.);
#2856=VECTOR('',#11235,1000.);
#2857=VECTOR('',#11236,1000.);
#2858=VECTOR('',#11239,1000.);
#2859=VECTOR('',#11240,1000.);
#2860=VECTOR('',#11243,1000.);
#2861=VECTOR('',#11244,1000.);
#2862=VECTOR('',#11247,1000.);
#2863=VECTOR('',#11254,2.);
#2864=VECTOR('',#11259,2.);
#2865=VECTOR('',#11266,3.5);
#2866=VECTOR('',#11273,1000.);
#2867=VECTOR('',#11274,1000.);
#2868=VECTOR('',#11275,1000.);
#2869=VECTOR('',#11276,1000.);
#2870=VECTOR('',#11277,1000.);
#2871=VECTOR('',#11278,1000.);
#2872=VECTOR('',#11283,1000.);
#2873=VECTOR('',#11284,1000.);
#2874=VECTOR('',#11285,1000.);
#2875=VECTOR('',#11288,1000.);
#2876=VECTOR('',#11289,1000.);
#2877=VECTOR('',#11292,1000.);
#2878=VECTOR('',#11293,1000.);
#2879=VECTOR('',#11296,1000.);
#2880=VECTOR('',#11297,1000.);
#2881=VECTOR('',#11300,1000.);
#2882=VECTOR('',#11301,1000.);
#2883=VECTOR('',#11304,1000.);
#2884=VECTOR('',#11311,2.);
#2885=VECTOR('',#11316,2.);
#2886=VECTOR('',#11323,3.5);
#2887=VECTOR('',#11330,1000.);
#2888=VECTOR('',#11331,1000.);
#2889=VECTOR('',#11332,1000.);
#2890=VECTOR('',#11333,1000.);
#2891=VECTOR('',#11334,1000.);
#2892=VECTOR('',#11335,1000.);
#2893=VECTOR('',#11340,1000.);
#2894=VECTOR('',#11341,1000.);
#2895=VECTOR('',#11342,1000.);
#2896=VECTOR('',#11345,1000.);
#2897=VECTOR('',#11346,1000.);
#2898=VECTOR('',#11349,1000.);
#2899=VECTOR('',#11350,1000.);
#2900=VECTOR('',#11353,1000.);
#2901=VECTOR('',#11354,1000.);
#2902=VECTOR('',#11357,1000.);
#2903=VECTOR('',#11358,1000.);
#2904=VECTOR('',#11361,1000.);
#2905=VECTOR('',#11368,2.);
#2906=VECTOR('',#11373,2.);
#2907=VECTOR('',#11380,3.5);
#2908=VECTOR('',#11387,1000.);
#2909=VECTOR('',#11388,1000.);
#2910=VECTOR('',#11389,1000.);
#2911=VECTOR('',#11390,1000.);
#2912=VECTOR('',#11391,1000.);
#2913=VECTOR('',#11392,1000.);
#2914=VECTOR('',#11397,1000.);
#2915=VECTOR('',#11398,1000.);
#2916=VECTOR('',#11399,1000.);
#2917=VECTOR('',#11402,1000.);
#2918=VECTOR('',#11403,1000.);
#2919=VECTOR('',#11406,1000.);
#2920=VECTOR('',#11407,1000.);
#2921=VECTOR('',#11410,1000.);
#2922=VECTOR('',#11411,1000.);
#2923=VECTOR('',#11414,1000.);
#2924=VECTOR('',#11415,1000.);
#2925=VECTOR('',#11418,1000.);
#2926=VECTOR('',#11425,2.);
#2927=VECTOR('',#11430,2.);
#2928=VECTOR('',#11437,3.5);
#2929=VECTOR('',#11444,1000.);
#2930=VECTOR('',#11445,1000.);
#2931=VECTOR('',#11446,1000.);
#2932=VECTOR('',#11447,1000.);
#2933=VECTOR('',#11448,1000.);
#2934=VECTOR('',#11449,1000.);
#2935=VECTOR('',#11454,1000.);
#2936=VECTOR('',#11455,1000.);
#2937=VECTOR('',#11456,1000.);
#2938=VECTOR('',#11459,1000.);
#2939=VECTOR('',#11460,1000.);
#2940=VECTOR('',#11463,1000.);
#2941=VECTOR('',#11464,1000.);
#2942=VECTOR('',#11467,1000.);
#2943=VECTOR('',#11468,1000.);
#2944=VECTOR('',#11471,1000.);
#2945=VECTOR('',#11472,1000.);
#2946=VECTOR('',#11475,1000.);
#2947=VECTOR('',#11482,2.);
#2948=VECTOR('',#11487,2.);
#2949=VECTOR('',#11494,3.5);
#2950=VECTOR('',#11501,1000.);
#2951=VECTOR('',#11502,1000.);
#2952=VECTOR('',#11503,1000.);
#2953=VECTOR('',#11504,1000.);
#2954=VECTOR('',#11505,1000.);
#2955=VECTOR('',#11506,1000.);
#2956=VECTOR('',#11511,1000.);
#2957=VECTOR('',#11512,1000.);
#2958=VECTOR('',#11513,1000.);
#2959=VECTOR('',#11516,1000.);
#2960=VECTOR('',#11517,1000.);
#2961=VECTOR('',#11520,1000.);
#2962=VECTOR('',#11521,1000.);
#2963=VECTOR('',#11524,1000.);
#2964=VECTOR('',#11525,1000.);
#2965=VECTOR('',#11528,1000.);
#2966=VECTOR('',#11529,1000.);
#2967=VECTOR('',#11532,1000.);
#2968=VECTOR('',#11539,2.);
#2969=VECTOR('',#11544,2.);
#2970=VECTOR('',#11551,3.5);
#2971=VECTOR('',#11558,1000.);
#2972=VECTOR('',#11559,1000.);
#2973=VECTOR('',#11560,1000.);
#2974=VECTOR('',#11561,1000.);
#2975=VECTOR('',#11562,1000.);
#2976=VECTOR('',#11563,1000.);
#2977=VECTOR('',#11568,1000.);
#2978=VECTOR('',#11569,1000.);
#2979=VECTOR('',#11570,1000.);
#2980=VECTOR('',#11573,1000.);
#2981=VECTOR('',#11574,1000.);
#2982=VECTOR('',#11577,1000.);
#2983=VECTOR('',#11578,1000.);
#2984=VECTOR('',#11581,1000.);
#2985=VECTOR('',#11582,1000.);
#2986=VECTOR('',#11585,1000.);
#2987=VECTOR('',#11586,1000.);
#2988=VECTOR('',#11589,1000.);
#2989=VECTOR('',#11596,2.);
#2990=VECTOR('',#11601,2.);
#2991=VECTOR('',#11608,3.5);
#2992=VECTOR('',#11615,1000.);
#2993=VECTOR('',#11616,1000.);
#2994=VECTOR('',#11617,1000.);
#2995=VECTOR('',#11618,1000.);
#2996=VECTOR('',#11619,1000.);
#2997=VECTOR('',#11620,1000.);
#2998=VECTOR('',#11625,1000.);
#2999=VECTOR('',#11626,1000.);
#3000=VECTOR('',#11627,1000.);
#3001=VECTOR('',#11630,1000.);
#3002=VECTOR('',#11631,1000.);
#3003=VECTOR('',#11634,1000.);
#3004=VECTOR('',#11635,1000.);
#3005=VECTOR('',#11638,1000.);
#3006=VECTOR('',#11639,1000.);
#3007=VECTOR('',#11642,1000.);
#3008=VECTOR('',#11643,1000.);
#3009=VECTOR('',#11646,1000.);
#3010=VECTOR('',#11653,2.);
#3011=VECTOR('',#11658,2.);
#3012=VECTOR('',#11665,3.5);
#3013=VECTOR('',#11672,1000.);
#3014=VECTOR('',#11673,1000.);
#3015=VECTOR('',#11674,1000.);
#3016=VECTOR('',#11675,1000.);
#3017=VECTOR('',#11676,1000.);
#3018=VECTOR('',#11677,1000.);
#3019=VECTOR('',#11682,1000.);
#3020=VECTOR('',#11683,1000.);
#3021=VECTOR('',#11684,1000.);
#3022=VECTOR('',#11687,1000.);
#3023=VECTOR('',#11688,1000.);
#3024=VECTOR('',#11691,1000.);
#3025=VECTOR('',#11692,1000.);
#3026=VECTOR('',#11695,1000.);
#3027=VECTOR('',#11696,1000.);
#3028=VECTOR('',#11699,1000.);
#3029=VECTOR('',#11700,1000.);
#3030=VECTOR('',#11703,1000.);
#3031=VECTOR('',#11710,2.);
#3032=VECTOR('',#11715,2.);
#3033=VECTOR('',#11722,3.5);
#3034=VECTOR('',#11729,1000.);
#3035=VECTOR('',#11730,1000.);
#3036=VECTOR('',#11731,1000.);
#3037=VECTOR('',#11732,1000.);
#3038=VECTOR('',#11733,1000.);
#3039=VECTOR('',#11734,1000.);
#3040=VECTOR('',#11739,1000.);
#3041=VECTOR('',#11740,1000.);
#3042=VECTOR('',#11741,1000.);
#3043=VECTOR('',#11744,1000.);
#3044=VECTOR('',#11745,1000.);
#3045=VECTOR('',#11748,1000.);
#3046=VECTOR('',#11749,1000.);
#3047=VECTOR('',#11752,1000.);
#3048=VECTOR('',#11753,1000.);
#3049=VECTOR('',#11756,1000.);
#3050=VECTOR('',#11757,1000.);
#3051=VECTOR('',#11760,1000.);
#3052=CIRCLE('',#8515,5.23435305963093);
#3053=CIRCLE('',#8516,5.23435305963093);
#3054=CIRCLE('',#8519,1.64999999999999);
#3055=CIRCLE('',#8521,1.64999999999999);
#3056=CIRCLE('',#8522,1.64999999999999);
#3057=CIRCLE('',#8525,1.64999999999999);
#3058=CIRCLE('',#8526,1.64999999999999);
#3059=CIRCLE('',#8529,1.64999999999999);
#3060=CIRCLE('',#8531,2.25);
#3061=CIRCLE('',#8532,2.25);
#3062=CIRCLE('',#8534,2.25);
#3063=CIRCLE('',#8535,2.25);
#3064=CIRCLE('',#8537,2.25);
#3065=CIRCLE('',#8538,2.25);
#3066=CIRCLE('',#8540,2.25);
#3067=CIRCLE('',#8541,2.25);
#3068=CIRCLE('',#8543,2.25);
#3069=CIRCLE('',#8544,2.25);
#3070=CIRCLE('',#8546,2.25);
#3071=CIRCLE('',#8547,2.25);
#3072=CIRCLE('',#8549,20.);
#3073=CIRCLE('',#8550,20.);
#3074=CIRCLE('',#8552,5.);
#3075=CIRCLE('',#8553,5.);
#3076=CIRCLE('',#8555,6.);
#3077=CIRCLE('',#8557,20.);
#3078=CIRCLE('',#8558,20.);
#3079=CIRCLE('',#8560,6.);
#3080=CIRCLE('',#8564,5.);
#3081=CIRCLE('',#8566,6.);
#3082=CIRCLE('',#8569,6.);
#3083=CIRCLE('',#8571,5.);
#3084=CIRCLE('',#8577,2.5);
#3085=CIRCLE('',#8578,2.5);
#3086=CIRCLE('',#8580,2.5);
#3087=CIRCLE('',#8581,2.5);
#3088=CIRCLE('',#8583,4.25);
#3089=CIRCLE('',#8584,4.25);
#3090=CIRCLE('',#8586,4.25);
#3091=CIRCLE('',#8587,4.25);
#3092=CIRCLE('',#8589,8.75000000000001);
#3093=CIRCLE('',#8590,8.75000000000001);
#3094=CIRCLE('',#8592,8.75000000000001);
#3095=CIRCLE('',#8593,8.75000000000001);
#3096=CIRCLE('',#8595,2.14999999999999);
#3097=CIRCLE('',#8596,2.14999999999999);
#3098=CIRCLE('',#8598,2.14999999999999);
#3099=CIRCLE('',#8599,2.14999999999999);
#3100=CIRCLE('',#8601,2.14999999999999);
#3101=CIRCLE('',#8602,2.14999999999999);
#3102=CIRCLE('',#8604,2.14999999999999);
#3103=CIRCLE('',#8605,2.14999999999999);
#3104=CIRCLE('',#8607,10.);
#3105=CIRCLE('',#8608,10.);
#3106=CIRCLE('',#8610,10.);
#3107=CIRCLE('',#8611,10.);
#3108=CIRCLE('',#8613,2.15);
#3109=CIRCLE('',#8614,2.15);
#3110=CIRCLE('',#8616,2.15);
#3111=CIRCLE('',#8617,2.15);
#3112=CIRCLE('',#8619,2.15);
#3113=CIRCLE('',#8620,2.15);
#3114=CIRCLE('',#8622,2.15);
#3115=CIRCLE('',#8623,2.15);
#3116=CIRCLE('',#8625,2.15);
#3117=CIRCLE('',#8626,2.15);
#3118=CIRCLE('',#8628,2.14999999999999);
#3119=CIRCLE('',#8629,2.14999999999999);
#3120=CIRCLE('',#8631,2.14999999999999);
#3121=CIRCLE('',#8632,2.14999999999999);
#3122=CIRCLE('',#8634,2.15000000000001);
#3123=CIRCLE('',#8635,2.15000000000001);
#3124=CIRCLE('',#8637,2.14999999999999);
#3125=CIRCLE('',#8638,2.14999999999999);
#3126=CIRCLE('',#8640,2.14999999999999);
#3127=CIRCLE('',#8641,2.14999999999999);
#3128=CIRCLE('',#8643,32.5);
#3129=CIRCLE('',#8644,32.5);
#3130=CIRCLE('',#8646,41.5);
#3131=CIRCLE('',#8647,41.5);
#3132=CIRCLE('',#8649,5.);
#3133=CIRCLE('',#8650,6.);
#3134=CIRCLE('',#8651,46.5);
#3135=CIRCLE('',#8652,6.00000000000001);
#3136=CIRCLE('',#8653,8.75);
#3137=CIRCLE('',#8654,32.5);
#3138=CIRCLE('',#8655,8.75);
#3139=CIRCLE('',#8656,6.00000000000001);
#3140=CIRCLE('',#8657,46.5);
#3141=CIRCLE('',#8658,6.);
#3142=CIRCLE('',#8660,4.25);
#3143=CIRCLE('',#8661,55.);
#3144=CIRCLE('',#8662,4.25);
#3145=CIRCLE('',#8664,8.75);
#3146=CIRCLE('',#8665,4.25);
#3147=CIRCLE('',#8666,4.25);
#3148=CIRCLE('',#8667,8.75);
#3149=CIRCLE('',#8668,32.5);
#3150=CIRCLE('',#8670,6.00000000000001);
#3151=CIRCLE('',#8671,46.5);
#3152=CIRCLE('',#8672,6.);
#3153=CIRCLE('',#8673,5.);
#3154=CIRCLE('',#8674,6.);
#3155=CIRCLE('',#8675,46.5);
#3156=CIRCLE('',#8676,6.00000000000001);
#3157=CIRCLE('',#8677,7.49999999999999);
#3158=CIRCLE('',#8678,7.50000000000001);
#3159=CIRCLE('',#8679,7.50000000000001);
#3160=CIRCLE('',#8680,7.50000000000001);
#3161=CIRCLE('',#8682,41.5);
#3162=CIRCLE('',#8683,55.);
#3163=CIRCLE('',#8684,7.49999999999999);
#3164=CIRCLE('',#8685,7.50000000000001);
#3165=CIRCLE('',#8686,7.50000000000001);
#3166=CIRCLE('',#8687,7.50000000000001);
#3167=CIRCLE('',#8689,41.5);
#3168=CIRCLE('',#8719,1.65);
#3169=CIRCLE('',#8720,1.65);
#3170=CIRCLE('',#8723,1.65);
#3171=CIRCLE('',#8724,1.65);
#3172=CIRCLE('',#8727,1.65);
#3173=CIRCLE('',#8728,1.65);
#3174=CIRCLE('',#8731,1.65);
#3175=CIRCLE('',#8732,1.65);
#3176=CIRCLE('',#8735,1.65);
#3177=CIRCLE('',#8736,1.65);
#3178=CIRCLE('',#8739,1.65);
#3179=CIRCLE('',#8740,1.65);
#3180=CIRCLE('',#8743,1.65);
#3181=CIRCLE('',#8744,1.65);
#3182=CIRCLE('',#8747,1.65);
#3183=CIRCLE('',#8748,1.65);
#3184=CIRCLE('',#8751,2.);
#3185=CIRCLE('',#8752,2.);
#3186=CIRCLE('',#8755,2.);
#3187=CIRCLE('',#8756,2.);
#3188=CIRCLE('',#8759,2.);
#3189=CIRCLE('',#8760,2.);
#3190=CIRCLE('',#8763,2.1);
#3191=CIRCLE('',#8764,2.09999999999999);
#3192=CIRCLE('',#8767,2.1);
#3193=CIRCLE('',#8768,2.09999999999999);
#3194=CIRCLE('',#8771,2.1);
#3195=CIRCLE('',#8772,2.09999999999999);
#3196=CIRCLE('',#8775,2.1);
#3197=CIRCLE('',#8776,2.09999999999999);
#3198=CIRCLE('',#8779,2.1);
#3199=CIRCLE('',#8780,2.09999999999999);
#3200=CIRCLE('',#8783,2.1);
#3201=CIRCLE('',#8784,2.09999999999999);
#3202=CIRCLE('',#8787,4.);
#3203=CIRCLE('',#8788,4.);
#3204=CIRCLE('',#8790,53.75);
#3205=CIRCLE('',#8791,53.75);
#3206=CIRCLE('',#8793,41.);
#3207=CIRCLE('',#8794,41.);
#3208=CIRCLE('',#8796,32.5);
#3209=CIRCLE('',#8797,32.5);
#3210=CIRCLE('',#8799,26.5);
#3211=CIRCLE('',#8800,26.5);
#3212=CIRCLE('',#8808,1.65);
#3213=CIRCLE('',#8809,1.65);
#3214=CIRCLE('',#8812,1.65);
#3215=CIRCLE('',#8813,1.65);
#3216=CIRCLE('',#8816,1.65);
#3217=CIRCLE('',#8817,1.65);
#3218=CIRCLE('',#8820,1.65);
#3219=CIRCLE('',#8821,1.65);
#3220=CIRCLE('',#8824,1.65);
#3221=CIRCLE('',#8825,1.65);
#3222=CIRCLE('',#8828,1.65);
#3223=CIRCLE('',#8829,1.65);
#3224=CIRCLE('',#8832,1.65);
#3225=CIRCLE('',#8833,1.65);
#3226=CIRCLE('',#8836,1.65);
#3227=CIRCLE('',#8837,1.65);
#3228=CIRCLE('',#8840,2.);
#3229=CIRCLE('',#8841,2.);
#3230=CIRCLE('',#8844,2.);
#3231=CIRCLE('',#8845,2.);
#3232=CIRCLE('',#8848,2.);
#3233=CIRCLE('',#8849,2.);
#3234=CIRCLE('',#8852,2.1);
#3235=CIRCLE('',#8853,2.09999999999999);
#3236=CIRCLE('',#8856,2.1);
#3237=CIRCLE('',#8857,2.09999999999999);
#3238=CIRCLE('',#8860,2.1);
#3239=CIRCLE('',#8861,2.09999999999999);
#3240=CIRCLE('',#8864,2.1);
#3241=CIRCLE('',#8865,2.09999999999999);
#3242=CIRCLE('',#8868,2.1);
#3243=CIRCLE('',#8869,2.09999999999999);
#3244=CIRCLE('',#8872,2.1);
#3245=CIRCLE('',#8873,2.09999999999999);
#3246=CIRCLE('',#8876,4.);
#3247=CIRCLE('',#8877,4.);
#3248=CIRCLE('',#8879,53.75);
#3249=CIRCLE('',#8880,53.75);
#3250=CIRCLE('',#8882,41.);
#3251=CIRCLE('',#8883,41.);
#3252=CIRCLE('',#8885,32.5);
#3253=CIRCLE('',#8886,32.5);
#3254=CIRCLE('',#8888,26.5);
#3255=CIRCLE('',#8889,26.5);
#3256=CIRCLE('',#8898,40.);
#3257=CIRCLE('',#8899,40.);
#3258=CIRCLE('',#8904,40.);
#3259=CIRCLE('',#8905,40.);
#3260=CIRCLE('',#8908,40.);
#3261=CIRCLE('',#8909,40.);
#3262=CIRCLE('',#8914,40.);
#3263=CIRCLE('',#8915,40.);
#3264=CIRCLE('',#8920,40.);
#3265=CIRCLE('',#8921,40.);
#3266=CIRCLE('',#8924,40.);
#3267=CIRCLE('',#8925,40.);
#3268=CIRCLE('',#8929,2.25);
#3269=CIRCLE('',#8930,2.25);
#3270=CIRCLE('',#8932,2.25);
#3271=CIRCLE('',#8933,2.25);
#3272=CIRCLE('',#8935,2.25);
#3273=CIRCLE('',#8936,2.25);
#3274=CIRCLE('',#8938,2.25);
#3275=CIRCLE('',#8939,2.25);
#3276=CIRCLE('',#8941,2.25);
#3277=CIRCLE('',#8942,2.25);
#3278=CIRCLE('',#8944,2.25);
#3279=CIRCLE('',#8945,2.25);
#3280=CIRCLE('',#8947,2.75);
#3281=CIRCLE('',#8948,2.75);
#3282=CIRCLE('',#8950,2.75);
#3283=CIRCLE('',#8951,2.75);
#3284=CIRCLE('',#8953,2.75);
#3285=CIRCLE('',#8954,2.75);
#3286=CIRCLE('',#8956,2.75);
#3287=CIRCLE('',#8957,2.75);
#3288=CIRCLE('',#8959,2.75);
#3289=CIRCLE('',#8960,2.75);
#3290=CIRCLE('',#8962,2.75);
#3291=CIRCLE('',#8963,2.75);
#3292=CIRCLE('',#8965,30.);
#3293=CIRCLE('',#8966,30.);
#3294=CIRCLE('',#8970,2.25);
#3295=CIRCLE('',#8971,2.25);
#3296=CIRCLE('',#8973,2.25);
#3297=CIRCLE('',#8974,2.25);
#3298=CIRCLE('',#8976,2.25);
#3299=CIRCLE('',#8977,2.25);
#3300=CIRCLE('',#8979,2.25);
#3301=CIRCLE('',#8980,2.25);
#3302=CIRCLE('',#8982,2.25);
#3303=CIRCLE('',#8983,2.25);
#3304=CIRCLE('',#8985,2.25);
#3305=CIRCLE('',#8986,2.25);
#3306=CIRCLE('',#8988,2.75);
#3307=CIRCLE('',#8989,2.75);
#3308=CIRCLE('',#8991,2.75);
#3309=CIRCLE('',#8992,2.75);
#3310=CIRCLE('',#8994,2.75);
#3311=CIRCLE('',#8995,2.75);
#3312=CIRCLE('',#8997,2.75);
#3313=CIRCLE('',#8998,2.75);
#3314=CIRCLE('',#9000,2.75);
#3315=CIRCLE('',#9001,2.75);
#3316=CIRCLE('',#9003,2.75);
#3317=CIRCLE('',#9004,2.75);
#3318=CIRCLE('',#9006,30.);
#3319=CIRCLE('',#9007,30.);
#3320=CIRCLE('',#9011,2.);
#3321=CIRCLE('',#9012,2.);
#3322=CIRCLE('',#9014,1.61);
#3323=CIRCLE('',#9016,3.5);
#3324=CIRCLE('',#9017,3.5);
#3325=CIRCLE('',#9029,2.);
#3326=CIRCLE('',#9030,2.);
#3327=CIRCLE('',#9032,1.61);
#3328=CIRCLE('',#9034,3.5);
#3329=CIRCLE('',#9035,3.5);
#3330=CIRCLE('',#9047,2.);
#3331=CIRCLE('',#9048,2.);
#3332=CIRCLE('',#9050,1.61);
#3333=CIRCLE('',#9052,3.5);
#3334=CIRCLE('',#9053,3.5);
#3335=CIRCLE('',#9065,2.);
#3336=CIRCLE('',#9066,2.);
#3337=CIRCLE('',#9068,1.61);
#3338=CIRCLE('',#9070,3.5);
#3339=CIRCLE('',#9071,3.5);
#3340=CIRCLE('',#9083,2.);
#3341=CIRCLE('',#9084,2.);
#3342=CIRCLE('',#9086,1.61);
#3343=CIRCLE('',#9088,3.5);
#3344=CIRCLE('',#9089,3.5);
#3345=CIRCLE('',#9101,2.);
#3346=CIRCLE('',#9102,2.);
#3347=CIRCLE('',#9104,1.61);
#3348=CIRCLE('',#9106,3.5);
#3349=CIRCLE('',#9107,3.5);
#3350=CIRCLE('',#9119,2.);
#3351=CIRCLE('',#9120,2.);
#3352=CIRCLE('',#9122,1.61);
#3353=CIRCLE('',#9124,3.5);
#3354=CIRCLE('',#9125,3.5);
#3355=CIRCLE('',#9137,2.);
#3356=CIRCLE('',#9138,2.);
#3357=CIRCLE('',#9140,1.61);
#3358=CIRCLE('',#9142,3.5);
#3359=CIRCLE('',#9143,3.5);
#3360=CIRCLE('',#9155,2.);
#3361=CIRCLE('',#9156,2.);
#3362=CIRCLE('',#9158,1.61);
#3363=CIRCLE('',#9160,3.5);
#3364=CIRCLE('',#9161,3.5);
#3365=CIRCLE('',#9173,2.);
#3366=CIRCLE('',#9174,2.);
#3367=CIRCLE('',#9176,1.61);
#3368=CIRCLE('',#9178,3.5);
#3369=CIRCLE('',#9179,3.5);
#3370=CIRCLE('',#9191,2.);
#3371=CIRCLE('',#9192,2.);
#3372=CIRCLE('',#9194,1.61);
#3373=CIRCLE('',#9196,3.5);
#3374=CIRCLE('',#9197,3.5);
#3375=CIRCLE('',#9209,2.);
#3376=CIRCLE('',#9210,2.);
#3377=CIRCLE('',#9212,1.61);
#3378=CIRCLE('',#9214,3.5);
#3379=CIRCLE('',#9215,3.5);
#3380=CIRCLE('',#9227,2.);
#3381=CIRCLE('',#9228,2.);
#3382=CIRCLE('',#9230,1.61);
#3383=CIRCLE('',#9232,3.5);
#3384=CIRCLE('',#9233,3.5);
#3385=CIRCLE('',#9245,2.);
#3386=CIRCLE('',#9246,2.);
#3387=CIRCLE('',#9248,1.61);
#3388=CIRCLE('',#9250,3.5);
#3389=CIRCLE('',#9251,3.5);
#3390=CIRCLE('',#9263,2.);
#3391=CIRCLE('',#9264,2.);
#3392=CIRCLE('',#9266,1.61);
#3393=CIRCLE('',#9268,3.5);
#3394=CIRCLE('',#9269,3.5);
#3395=CIRCLE('',#9281,2.);
#3396=CIRCLE('',#9282,2.);
#3397=CIRCLE('',#9284,1.61);
#3398=CIRCLE('',#9286,3.5);
#3399=CIRCLE('',#9287,3.5);
#3400=CIRCLE('',#9299,2.);
#3401=CIRCLE('',#9300,2.);
#3402=CIRCLE('',#9302,1.61);
#3403=CIRCLE('',#9304,3.5);
#3404=CIRCLE('',#9305,3.5);
#3405=CIRCLE('',#9317,2.);
#3406=CIRCLE('',#9318,2.);
#3407=CIRCLE('',#9320,1.61);
#3408=CIRCLE('',#9322,3.5);
#3409=CIRCLE('',#9323,3.5);
#3410=CIRCLE('',#9335,2.);
#3411=CIRCLE('',#9336,2.);
#3412=CIRCLE('',#9338,1.61);
#3413=CIRCLE('',#9340,3.5);
#3414=CIRCLE('',#9341,3.5);
#3415=CIRCLE('',#9353,2.);
#3416=CIRCLE('',#9354,2.);
#3417=CIRCLE('',#9356,1.61);
#3418=CIRCLE('',#9358,3.5);
#3419=CIRCLE('',#9359,3.5);
#3420=VERTEX_POINT('',#11765);
#3421=VERTEX_POINT('',#11767);
#3422=VERTEX_POINT('',#11772);
#3423=VERTEX_POINT('',#11811);
#3424=VERTEX_POINT('',#11815);
#3425=VERTEX_POINT('',#11817);
#3426=VERTEX_POINT('',#11821);
#3427=VERTEX_POINT('',#11824);
#3428=VERTEX_POINT('',#11826);
#3429=VERTEX_POINT('',#11830);
#3430=VERTEX_POINT('',#11833);
#3431=VERTEX_POINT('',#11872);
#3432=VERTEX_POINT('',#11876);
#3433=VERTEX_POINT('',#11878);
#3434=VERTEX_POINT('',#11882);
#3435=VERTEX_POINT('',#11884);
#3436=VERTEX_POINT('',#11888);
#3437=VERTEX_POINT('',#11890);
#3438=VERTEX_POINT('',#11894);
#3439=VERTEX_POINT('',#11896);
#3440=VERTEX_POINT('',#11900);
#3441=VERTEX_POINT('',#11902);
#3442=VERTEX_POINT('',#11906);
#3443=VERTEX_POINT('',#11908);
#3444=VERTEX_POINT('',#11912);
#3445=VERTEX_POINT('',#11913);
#3446=VERTEX_POINT('',#11915);
#3447=VERTEX_POINT('',#11917);
#3448=VERTEX_POINT('',#11921);
#3449=VERTEX_POINT('',#11922);
#3450=VERTEX_POINT('',#11924);
#3451=VERTEX_POINT('',#11926);
#3452=VERTEX_POINT('',#11928);
#3453=VERTEX_POINT('',#11930);
#3454=VERTEX_POINT('',#11932);
#3455=VERTEX_POINT('',#11934);
#3456=VERTEX_POINT('',#11938);
#3457=VERTEX_POINT('',#11940);
#3458=VERTEX_POINT('',#11942);
#3459=VERTEX_POINT('',#11944);
#3460=VERTEX_POINT('',#11948);
#3461=VERTEX_POINT('',#11950);
#3462=VERTEX_POINT('',#11955);
#3463=VERTEX_POINT('',#11957);
#3464=VERTEX_POINT('',#11962);
#3465=VERTEX_POINT('',#11965);
#3466=VERTEX_POINT('',#11971);
#3467=VERTEX_POINT('',#11973);
#3468=VERTEX_POINT('',#11982);
#3469=VERTEX_POINT('',#11997);
#3470=VERTEX_POINT('',#12001);
#3471=VERTEX_POINT('',#12010);
#3472=VERTEX_POINT('',#12026);
#3473=VERTEX_POINT('',#12027);
#3474=VERTEX_POINT('',#12029);
#3475=VERTEX_POINT('',#12031);
#3476=VERTEX_POINT('',#12035);
#3477=VERTEX_POINT('',#12036);
#3478=VERTEX_POINT('',#12038);
#3479=VERTEX_POINT('',#12040);
#3480=VERTEX_POINT('',#12044);
#3481=VERTEX_POINT('',#12045);
#3482=VERTEX_POINT('',#12047);
#3483=VERTEX_POINT('',#12049);
#3484=VERTEX_POINT('',#12053);
#3485=VERTEX_POINT('',#12054);
#3486=VERTEX_POINT('',#12056);
#3487=VERTEX_POINT('',#12058);
#3488=VERTEX_POINT('',#12062);
#3489=VERTEX_POINT('',#12064);
#3490=VERTEX_POINT('',#12066);
#3491=VERTEX_POINT('',#12070);
#3492=VERTEX_POINT('',#12072);
#3493=VERTEX_POINT('',#12074);
#3494=VERTEX_POINT('',#12078);
#3495=VERTEX_POINT('',#12080);
#3496=VERTEX_POINT('',#12084);
#3497=VERTEX_POINT('',#12086);
#3498=VERTEX_POINT('',#12090);
#3499=VERTEX_POINT('',#12092);
#3500=VERTEX_POINT('',#12096);
#3501=VERTEX_POINT('',#12098);
#3502=VERTEX_POINT('',#12102);
#3503=VERTEX_POINT('',#12103);
#3504=VERTEX_POINT('',#12105);
#3505=VERTEX_POINT('',#12107);
#3506=VERTEX_POINT('',#12111);
#3507=VERTEX_POINT('',#12112);
#3508=VERTEX_POINT('',#12114);
#3509=VERTEX_POINT('',#12116);
#3510=VERTEX_POINT('',#12120);
#3511=VERTEX_POINT('',#12122);
#3512=VERTEX_POINT('',#12126);
#3513=VERTEX_POINT('',#12128);
#3514=VERTEX_POINT('',#12132);
#3515=VERTEX_POINT('',#12134);
#3516=VERTEX_POINT('',#12138);
#3517=VERTEX_POINT('',#12140);
#3518=VERTEX_POINT('',#12144);
#3519=VERTEX_POINT('',#12146);
#3520=VERTEX_POINT('',#12150);
#3521=VERTEX_POINT('',#12152);
#3522=VERTEX_POINT('',#12156);
#3523=VERTEX_POINT('',#12158);
#3524=VERTEX_POINT('',#12162);
#3525=VERTEX_POINT('',#12164);
#3526=VERTEX_POINT('',#12168);
#3527=VERTEX_POINT('',#12170);
#3528=VERTEX_POINT('',#12174);
#3529=VERTEX_POINT('',#12176);
#3530=VERTEX_POINT('',#12183);
#3531=VERTEX_POINT('',#12184);
#3532=VERTEX_POINT('',#12186);
#3533=VERTEX_POINT('',#12188);
#3534=VERTEX_POINT('',#12192);
#3535=VERTEX_POINT('',#12193);
#3536=VERTEX_POINT('',#12195);
#3537=VERTEX_POINT('',#12197);
#3538=VERTEX_POINT('',#12199);
#3539=VERTEX_POINT('',#12201);
#3540=VERTEX_POINT('',#12203);
#3541=VERTEX_POINT('',#12206);
#3542=VERTEX_POINT('',#12208);
#3543=VERTEX_POINT('',#12210);
#3544=VERTEX_POINT('',#12212);
#3545=VERTEX_POINT('',#12215);
#3546=VERTEX_POINT('',#12217);
#3547=VERTEX_POINT('',#12219);
#3548=VERTEX_POINT('',#12223);
#3549=VERTEX_POINT('',#12227);
#3550=VERTEX_POINT('',#12231);
#3551=VERTEX_POINT('',#12232);
#3552=VERTEX_POINT('',#12235);
#3553=VERTEX_POINT('',#12237);
#3554=VERTEX_POINT('',#12242);
#3555=VERTEX_POINT('',#12244);
#3556=VERTEX_POINT('',#12246);
#3557=VERTEX_POINT('',#12248);
#3558=VERTEX_POINT('',#12250);
#3559=VERTEX_POINT('',#12252);
#3560=VERTEX_POINT('',#12254);
#3561=VERTEX_POINT('',#12256);
#3562=VERTEX_POINT('',#12258);
#3563=VERTEX_POINT('',#12260);
#3564=VERTEX_POINT('',#12264);
#3565=VERTEX_POINT('',#12265);
#3566=VERTEX_POINT('',#12267);
#3567=VERTEX_POINT('',#12269);
#3568=VERTEX_POINT('',#12271);
#3569=VERTEX_POINT('',#12273);
#3570=VERTEX_POINT('',#12275);
#3571=VERTEX_POINT('',#12277);
#3572=VERTEX_POINT('',#12285);
#3573=VERTEX_POINT('',#12286);
#3574=VERTEX_POINT('',#12288);
#3575=VERTEX_POINT('',#12290);
#3576=VERTEX_POINT('',#12292);
#3577=VERTEX_POINT('',#12294);
#3578=VERTEX_POINT('',#12296);
#3579=VERTEX_POINT('',#12298);
#3580=VERTEX_POINT('',#12356);
#3581=VERTEX_POINT('',#12358);
#3582=VERTEX_POINT('',#12362);
#3583=VERTEX_POINT('',#12365);
#3584=VERTEX_POINT('',#12367);
#3585=VERTEX_POINT('',#12371);
#3586=VERTEX_POINT('',#12374);
#3587=VERTEX_POINT('',#12376);
#3588=VERTEX_POINT('',#12380);
#3589=VERTEX_POINT('',#12383);
#3590=VERTEX_POINT('',#12385);
#3591=VERTEX_POINT('',#12389);
#3592=VERTEX_POINT('',#12392);
#3593=VERTEX_POINT('',#12394);
#3594=VERTEX_POINT('',#12398);
#3595=VERTEX_POINT('',#12401);
#3596=VERTEX_POINT('',#12403);
#3597=VERTEX_POINT('',#12407);
#3598=VERTEX_POINT('',#12410);
#3599=VERTEX_POINT('',#12412);
#3600=VERTEX_POINT('',#12416);
#3601=VERTEX_POINT('',#12419);
#3602=VERTEX_POINT('',#12421);
#3603=VERTEX_POINT('',#12425);
#3604=VERTEX_POINT('',#12428);
#3605=VERTEX_POINT('',#12430);
#3606=VERTEX_POINT('',#12434);
#3607=VERTEX_POINT('',#12437);
#3608=VERTEX_POINT('',#12439);
#3609=VERTEX_POINT('',#12443);
#3610=VERTEX_POINT('',#12446);
#3611=VERTEX_POINT('',#12448);
#3612=VERTEX_POINT('',#12452);
#3613=VERTEX_POINT('',#12455);
#3614=VERTEX_POINT('',#12457);
#3615=VERTEX_POINT('',#12461);
#3616=VERTEX_POINT('',#12464);
#3617=VERTEX_POINT('',#12466);
#3618=VERTEX_POINT('',#12470);
#3619=VERTEX_POINT('',#12473);
#3620=VERTEX_POINT('',#12475);
#3621=VERTEX_POINT('',#12479);
#3622=VERTEX_POINT('',#12482);
#3623=VERTEX_POINT('',#12484);
#3624=VERTEX_POINT('',#12488);
#3625=VERTEX_POINT('',#12491);
#3626=VERTEX_POINT('',#12493);
#3627=VERTEX_POINT('',#12497);
#3628=VERTEX_POINT('',#12500);
#3629=VERTEX_POINT('',#12502);
#3630=VERTEX_POINT('',#12506);
#3631=VERTEX_POINT('',#12509);
#3632=VERTEX_POINT('',#12511);
#3633=VERTEX_POINT('',#12515);
#3634=VERTEX_POINT('',#12517);
#3635=VERTEX_POINT('',#12521);
#3636=VERTEX_POINT('',#12523);
#3637=VERTEX_POINT('',#12527);
#3638=VERTEX_POINT('',#12529);
#3639=VERTEX_POINT('',#12533);
#3640=VERTEX_POINT('',#12535);
#3641=VERTEX_POINT('',#12545);
#3642=VERTEX_POINT('',#12547);
#3643=VERTEX_POINT('',#12551);
#3644=VERTEX_POINT('',#12554);
#3645=VERTEX_POINT('',#12556);
#3646=VERTEX_POINT('',#12560);
#3647=VERTEX_POINT('',#12563);
#3648=VERTEX_POINT('',#12565);
#3649=VERTEX_POINT('',#12569);
#3650=VERTEX_POINT('',#12572);
#3651=VERTEX_POINT('',#12574);
#3652=VERTEX_POINT('',#12578);
#3653=VERTEX_POINT('',#12581);
#3654=VERTEX_POINT('',#12583);
#3655=VERTEX_POINT('',#12587);
#3656=VERTEX_POINT('',#12590);
#3657=VERTEX_POINT('',#12592);
#3658=VERTEX_POINT('',#12596);
#3659=VERTEX_POINT('',#12599);
#3660=VERTEX_POINT('',#12601);
#3661=VERTEX_POINT('',#12605);
#3662=VERTEX_POINT('',#12608);
#3663=VERTEX_POINT('',#12610);
#3664=VERTEX_POINT('',#12614);
#3665=VERTEX_POINT('',#12617);
#3666=VERTEX_POINT('',#12619);
#3667=VERTEX_POINT('',#12623);
#3668=VERTEX_POINT('',#12626);
#3669=VERTEX_POINT('',#12628);
#3670=VERTEX_POINT('',#12632);
#3671=VERTEX_POINT('',#12635);
#3672=VERTEX_POINT('',#12637);
#3673=VERTEX_POINT('',#12641);
#3674=VERTEX_POINT('',#12644);
#3675=VERTEX_POINT('',#12646);
#3676=VERTEX_POINT('',#12650);
#3677=VERTEX_POINT('',#12653);
#3678=VERTEX_POINT('',#12655);
#3679=VERTEX_POINT('',#12659);
#3680=VERTEX_POINT('',#12662);
#3681=VERTEX_POINT('',#12664);
#3682=VERTEX_POINT('',#12668);
#3683=VERTEX_POINT('',#12671);
#3684=VERTEX_POINT('',#12673);
#3685=VERTEX_POINT('',#12677);
#3686=VERTEX_POINT('',#12680);
#3687=VERTEX_POINT('',#12682);
#3688=VERTEX_POINT('',#12686);
#3689=VERTEX_POINT('',#12689);
#3690=VERTEX_POINT('',#12691);
#3691=VERTEX_POINT('',#12695);
#3692=VERTEX_POINT('',#12698);
#3693=VERTEX_POINT('',#12700);
#3694=VERTEX_POINT('',#12704);
#3695=VERTEX_POINT('',#12706);
#3696=VERTEX_POINT('',#12710);
#3697=VERTEX_POINT('',#12712);
#3698=VERTEX_POINT('',#12716);
#3699=VERTEX_POINT('',#12718);
#3700=VERTEX_POINT('',#12722);
#3701=VERTEX_POINT('',#12724);
#3702=VERTEX_POINT('',#12734);
#3703=VERTEX_POINT('',#12735);
#3704=VERTEX_POINT('',#12737);
#3705=VERTEX_POINT('',#12739);
#3706=VERTEX_POINT('',#12743);
#3707=VERTEX_POINT('',#12745);
#3708=VERTEX_POINT('',#12749);
#3709=VERTEX_POINT('',#12751);
#3710=VERTEX_POINT('',#12755);
#3711=VERTEX_POINT('',#12757);
#3712=VERTEX_POINT('',#12761);
#3713=VERTEX_POINT('',#12763);
#3714=VERTEX_POINT('',#12767);
#3715=VERTEX_POINT('',#12769);
#3716=VERTEX_POINT('',#12773);
#3717=VERTEX_POINT('',#12775);
#3718=VERTEX_POINT('',#12784);
#3719=VERTEX_POINT('',#12785);
#3720=VERTEX_POINT('',#12787);
#3721=VERTEX_POINT('',#12789);
#3722=VERTEX_POINT('',#12793);
#3723=VERTEX_POINT('',#12795);
#3724=VERTEX_POINT('',#12799);
#3725=VERTEX_POINT('',#12801);
#3726=VERTEX_POINT('',#12805);
#3727=VERTEX_POINT('',#12807);
#3728=VERTEX_POINT('',#12811);
#3729=VERTEX_POINT('',#12813);
#3730=VERTEX_POINT('',#12817);
#3731=VERTEX_POINT('',#12819);
#3732=VERTEX_POINT('',#12823);
#3733=VERTEX_POINT('',#12825);
#3734=VERTEX_POINT('',#12834);
#3735=VERTEX_POINT('',#12836);
#3736=VERTEX_POINT('',#12840);
#3737=VERTEX_POINT('',#12842);
#3738=VERTEX_POINT('',#12846);
#3739=VERTEX_POINT('',#12848);
#3740=VERTEX_POINT('',#12852);
#3741=VERTEX_POINT('',#12854);
#3742=VERTEX_POINT('',#12858);
#3743=VERTEX_POINT('',#12860);
#3744=VERTEX_POINT('',#12864);
#3745=VERTEX_POINT('',#12866);
#3746=VERTEX_POINT('',#12870);
#3747=VERTEX_POINT('',#12872);
#3748=VERTEX_POINT('',#12876);
#3749=VERTEX_POINT('',#12878);
#3750=VERTEX_POINT('',#12882);
#3751=VERTEX_POINT('',#12884);
#3752=VERTEX_POINT('',#12888);
#3753=VERTEX_POINT('',#12890);
#3754=VERTEX_POINT('',#12894);
#3755=VERTEX_POINT('',#12896);
#3756=VERTEX_POINT('',#12900);
#3757=VERTEX_POINT('',#12902);
#3758=VERTEX_POINT('',#12906);
#3759=VERTEX_POINT('',#12908);
#3760=VERTEX_POINT('',#12914);
#3761=VERTEX_POINT('',#12916);
#3762=VERTEX_POINT('',#12920);
#3763=VERTEX_POINT('',#12922);
#3764=VERTEX_POINT('',#12926);
#3765=VERTEX_POINT('',#12928);
#3766=VERTEX_POINT('',#12932);
#3767=VERTEX_POINT('',#12934);
#3768=VERTEX_POINT('',#12938);
#3769=VERTEX_POINT('',#12940);
#3770=VERTEX_POINT('',#12944);
#3771=VERTEX_POINT('',#12946);
#3772=VERTEX_POINT('',#12950);
#3773=VERTEX_POINT('',#12952);
#3774=VERTEX_POINT('',#12956);
#3775=VERTEX_POINT('',#12958);
#3776=VERTEX_POINT('',#12962);
#3777=VERTEX_POINT('',#12964);
#3778=VERTEX_POINT('',#12968);
#3779=VERTEX_POINT('',#12970);
#3780=VERTEX_POINT('',#12974);
#3781=VERTEX_POINT('',#12976);
#3782=VERTEX_POINT('',#12980);
#3783=VERTEX_POINT('',#12982);
#3784=VERTEX_POINT('',#12986);
#3785=VERTEX_POINT('',#12988);
#3786=VERTEX_POINT('',#12994);
#3787=VERTEX_POINT('',#12996);
#3788=VERTEX_POINT('',#13000);
#3789=VERTEX_POINT('',#13004);
#3790=VERTEX_POINT('',#13006);
#3791=VERTEX_POINT('',#13011);
#3792=VERTEX_POINT('',#13012);
#3793=VERTEX_POINT('',#13014);
#3794=VERTEX_POINT('',#13016);
#3795=VERTEX_POINT('',#13018);
#3796=VERTEX_POINT('',#13020);
#3797=VERTEX_POINT('',#13025);
#3798=VERTEX_POINT('',#13027);
#3799=VERTEX_POINT('',#13031);
#3800=VERTEX_POINT('',#13035);
#3801=VERTEX_POINT('',#13039);
#3802=VERTEX_POINT('',#13043);
#3803=VERTEX_POINT('',#13050);
#3804=VERTEX_POINT('',#13052);
#3805=VERTEX_POINT('',#13056);
#3806=VERTEX_POINT('',#13060);
#3807=VERTEX_POINT('',#13062);
#3808=VERTEX_POINT('',#13067);
#3809=VERTEX_POINT('',#13068);
#3810=VERTEX_POINT('',#13070);
#3811=VERTEX_POINT('',#13072);
#3812=VERTEX_POINT('',#13074);
#3813=VERTEX_POINT('',#13076);
#3814=VERTEX_POINT('',#13081);
#3815=VERTEX_POINT('',#13083);
#3816=VERTEX_POINT('',#13087);
#3817=VERTEX_POINT('',#13091);
#3818=VERTEX_POINT('',#13095);
#3819=VERTEX_POINT('',#13099);
#3820=VERTEX_POINT('',#13106);
#3821=VERTEX_POINT('',#13108);
#3822=VERTEX_POINT('',#13112);
#3823=VERTEX_POINT('',#13116);
#3824=VERTEX_POINT('',#13118);
#3825=VERTEX_POINT('',#13123);
#3826=VERTEX_POINT('',#13124);
#3827=VERTEX_POINT('',#13126);
#3828=VERTEX_POINT('',#13128);
#3829=VERTEX_POINT('',#13130);
#3830=VERTEX_POINT('',#13132);
#3831=VERTEX_POINT('',#13137);
#3832=VERTEX_POINT('',#13139);
#3833=VERTEX_POINT('',#13143);
#3834=VERTEX_POINT('',#13147);
#3835=VERTEX_POINT('',#13151);
#3836=VERTEX_POINT('',#13155);
#3837=VERTEX_POINT('',#13162);
#3838=VERTEX_POINT('',#13164);
#3839=VERTEX_POINT('',#13168);
#3840=VERTEX_POINT('',#13172);
#3841=VERTEX_POINT('',#13174);
#3842=VERTEX_POINT('',#13179);
#3843=VERTEX_POINT('',#13180);
#3844=VERTEX_POINT('',#13182);
#3845=VERTEX_POINT('',#13184);
#3846=VERTEX_POINT('',#13186);
#3847=VERTEX_POINT('',#13188);
#3848=VERTEX_POINT('',#13193);
#3849=VERTEX_POINT('',#13195);
#3850=VERTEX_POINT('',#13199);
#3851=VERTEX_POINT('',#13203);
#3852=VERTEX_POINT('',#13207);
#3853=VERTEX_POINT('',#13211);
#3854=VERTEX_POINT('',#13218);
#3855=VERTEX_POINT('',#13220);
#3856=VERTEX_POINT('',#13224);
#3857=VERTEX_POINT('',#13228);
#3858=VERTEX_POINT('',#13230);
#3859=VERTEX_POINT('',#13235);
#3860=VERTEX_POINT('',#13236);
#3861=VERTEX_POINT('',#13238);
#3862=VERTEX_POINT('',#13240);
#3863=VERTEX_POINT('',#13242);
#3864=VERTEX_POINT('',#13244);
#3865=VERTEX_POINT('',#13249);
#3866=VERTEX_POINT('',#13251);
#3867=VERTEX_POINT('',#13255);
#3868=VERTEX_POINT('',#13259);
#3869=VERTEX_POINT('',#13263);
#3870=VERTEX_POINT('',#13267);
#3871=VERTEX_POINT('',#13274);
#3872=VERTEX_POINT('',#13276);
#3873=VERTEX_POINT('',#13280);
#3874=VERTEX_POINT('',#13284);
#3875=VERTEX_POINT('',#13286);
#3876=VERTEX_POINT('',#13291);
#3877=VERTEX_POINT('',#13292);
#3878=VERTEX_POINT('',#13294);
#3879=VERTEX_POINT('',#13296);
#3880=VERTEX_POINT('',#13298);
#3881=VERTEX_POINT('',#13300);
#3882=VERTEX_POINT('',#13305);
#3883=VERTEX_POINT('',#13307);
#3884=VERTEX_POINT('',#13311);
#3885=VERTEX_POINT('',#13315);
#3886=VERTEX_POINT('',#13319);
#3887=VERTEX_POINT('',#13323);
#3888=VERTEX_POINT('',#13330);
#3889=VERTEX_POINT('',#13332);
#3890=VERTEX_POINT('',#13336);
#3891=VERTEX_POINT('',#13340);
#3892=VERTEX_POINT('',#13342);
#3893=VERTEX_POINT('',#13347);
#3894=VERTEX_POINT('',#13348);
#3895=VERTEX_POINT('',#13350);
#3896=VERTEX_POINT('',#13352);
#3897=VERTEX_POINT('',#13354);
#3898=VERTEX_POINT('',#13356);
#3899=VERTEX_POINT('',#13361);
#3900=VERTEX_POINT('',#13363);
#3901=VERTEX_POINT('',#13367);
#3902=VERTEX_POINT('',#13371);
#3903=VERTEX_POINT('',#13375);
#3904=VERTEX_POINT('',#13379);
#3905=VERTEX_POINT('',#13386);
#3906=VERTEX_POINT('',#13388);
#3907=VERTEX_POINT('',#13392);
#3908=VERTEX_POINT('',#13396);
#3909=VERTEX_POINT('',#13398);
#3910=VERTEX_POINT('',#13403);
#3911=VERTEX_POINT('',#13404);
#3912=VERTEX_POINT('',#13406);
#3913=VERTEX_POINT('',#13408);
#3914=VERTEX_POINT('',#13410);
#3915=VERTEX_POINT('',#13412);
#3916=VERTEX_POINT('',#13417);
#3917=VERTEX_POINT('',#13419);
#3918=VERTEX_POINT('',#13423);
#3919=VERTEX_POINT('',#13427);
#3920=VERTEX_POINT('',#13431);
#3921=VERTEX_POINT('',#13435);
#3922=VERTEX_POINT('',#13442);
#3923=VERTEX_POINT('',#13444);
#3924=VERTEX_POINT('',#13448);
#3925=VERTEX_POINT('',#13452);
#3926=VERTEX_POINT('',#13454);
#3927=VERTEX_POINT('',#13459);
#3928=VERTEX_POINT('',#13460);
#3929=VERTEX_POINT('',#13462);
#3930=VERTEX_POINT('',#13464);
#3931=VERTEX_POINT('',#13466);
#3932=VERTEX_POINT('',#13468);
#3933=VERTEX_POINT('',#13473);
#3934=VERTEX_POINT('',#13475);
#3935=VERTEX_POINT('',#13479);
#3936=VERTEX_POINT('',#13483);
#3937=VERTEX_POINT('',#13487);
#3938=VERTEX_POINT('',#13491);
#3939=VERTEX_POINT('',#13498);
#3940=VERTEX_POINT('',#13500);
#3941=VERTEX_POINT('',#13504);
#3942=VERTEX_POINT('',#13508);
#3943=VERTEX_POINT('',#13510);
#3944=VERTEX_POINT('',#13515);
#3945=VERTEX_POINT('',#13516);
#3946=VERTEX_POINT('',#13518);
#3947=VERTEX_POINT('',#13520);
#3948=VERTEX_POINT('',#13522);
#3949=VERTEX_POINT('',#13524);
#3950=VERTEX_POINT('',#13529);
#3951=VERTEX_POINT('',#13531);
#3952=VERTEX_POINT('',#13535);
#3953=VERTEX_POINT('',#13539);
#3954=VERTEX_POINT('',#13543);
#3955=VERTEX_POINT('',#13547);
#3956=VERTEX_POINT('',#13554);
#3957=VERTEX_POINT('',#13556);
#3958=VERTEX_POINT('',#13560);
#3959=VERTEX_POINT('',#13564);
#3960=VERTEX_POINT('',#13566);
#3961=VERTEX_POINT('',#13571);
#3962=VERTEX_POINT('',#13572);
#3963=VERTEX_POINT('',#13574);
#3964=VERTEX_POINT('',#13576);
#3965=VERTEX_POINT('',#13578);
#3966=VERTEX_POINT('',#13580);
#3967=VERTEX_POINT('',#13585);
#3968=VERTEX_POINT('',#13587);
#3969=VERTEX_POINT('',#13591);
#3970=VERTEX_POINT('',#13595);
#3971=VERTEX_POINT('',#13599);
#3972=VERTEX_POINT('',#13603);
#3973=VERTEX_POINT('',#13610);
#3974=VERTEX_POINT('',#13612);
#3975=VERTEX_POINT('',#13616);
#3976=VERTEX_POINT('',#13620);
#3977=VERTEX_POINT('',#13622);
#3978=VERTEX_POINT('',#13627);
#3979=VERTEX_POINT('',#13628);
#3980=VERTEX_POINT('',#13630);
#3981=VERTEX_POINT('',#13632);
#3982=VERTEX_POINT('',#13634);
#3983=VERTEX_POINT('',#13636);
#3984=VERTEX_POINT('',#13641);
#3985=VERTEX_POINT('',#13643);
#3986=VERTEX_POINT('',#13647);
#3987=VERTEX_POINT('',#13651);
#3988=VERTEX_POINT('',#13655);
#3989=VERTEX_POINT('',#13659);
#3990=VERTEX_POINT('',#13666);
#3991=VERTEX_POINT('',#13668);
#3992=VERTEX_POINT('',#13672);
#3993=VERTEX_POINT('',#13676);
#3994=VERTEX_POINT('',#13678);
#3995=VERTEX_POINT('',#13683);
#3996=VERTEX_POINT('',#13684);
#3997=VERTEX_POINT('',#13686);
#3998=VERTEX_POINT('',#13688);
#3999=VERTEX_POINT('',#13690);
#4000=VERTEX_POINT('',#13692);
#4001=VERTEX_POINT('',#13697);
#4002=VERTEX_POINT('',#13699);
#4003=VERTEX_POINT('',#13703);
#4004=VERTEX_POINT('',#13707);
#4005=VERTEX_POINT('',#13711);
#4006=VERTEX_POINT('',#13715);
#4007=VERTEX_POINT('',#13722);
#4008=VERTEX_POINT('',#13724);
#4009=VERTEX_POINT('',#13728);
#4010=VERTEX_POINT('',#13732);
#4011=VERTEX_POINT('',#13734);
#4012=VERTEX_POINT('',#13739);
#4013=VERTEX_POINT('',#13740);
#4014=VERTEX_POINT('',#13742);
#4015=VERTEX_POINT('',#13744);
#4016=VERTEX_POINT('',#13746);
#4017=VERTEX_POINT('',#13748);
#4018=VERTEX_POINT('',#13753);
#4019=VERTEX_POINT('',#13755);
#4020=VERTEX_POINT('',#13759);
#4021=VERTEX_POINT('',#13763);
#4022=VERTEX_POINT('',#13767);
#4023=VERTEX_POINT('',#13771);
#4024=VERTEX_POINT('',#13778);
#4025=VERTEX_POINT('',#13780);
#4026=VERTEX_POINT('',#13784);
#4027=VERTEX_POINT('',#13788);
#4028=VERTEX_POINT('',#13790);
#4029=VERTEX_POINT('',#13795);
#4030=VERTEX_POINT('',#13796);
#4031=VERTEX_POINT('',#13798);
#4032=VERTEX_POINT('',#13800);
#4033=VERTEX_POINT('',#13802);
#4034=VERTEX_POINT('',#13804);
#4035=VERTEX_POINT('',#13809);
#4036=VERTEX_POINT('',#13811);
#4037=VERTEX_POINT('',#13815);
#4038=VERTEX_POINT('',#13819);
#4039=VERTEX_POINT('',#13823);
#4040=VERTEX_POINT('',#13827);
#4041=VERTEX_POINT('',#13834);
#4042=VERTEX_POINT('',#13836);
#4043=VERTEX_POINT('',#13840);
#4044=VERTEX_POINT('',#13844);
#4045=VERTEX_POINT('',#13846);
#4046=VERTEX_POINT('',#13851);
#4047=VERTEX_POINT('',#13852);
#4048=VERTEX_POINT('',#13854);
#4049=VERTEX_POINT('',#13856);
#4050=VERTEX_POINT('',#13858);
#4051=VERTEX_POINT('',#13860);
#4052=VERTEX_POINT('',#13865);
#4053=VERTEX_POINT('',#13867);
#4054=VERTEX_POINT('',#13871);
#4055=VERTEX_POINT('',#13875);
#4056=VERTEX_POINT('',#13879);
#4057=VERTEX_POINT('',#13883);
#4058=VERTEX_POINT('',#13890);
#4059=VERTEX_POINT('',#13892);
#4060=VERTEX_POINT('',#13896);
#4061=VERTEX_POINT('',#13900);
#4062=VERTEX_POINT('',#13902);
#4063=VERTEX_POINT('',#13907);
#4064=VERTEX_POINT('',#13908);
#4065=VERTEX_POINT('',#13910);
#4066=VERTEX_POINT('',#13912);
#4067=VERTEX_POINT('',#13914);
#4068=VERTEX_POINT('',#13916);
#4069=VERTEX_POINT('',#13921);
#4070=VERTEX_POINT('',#13923);
#4071=VERTEX_POINT('',#13927);
#4072=VERTEX_POINT('',#13931);
#4073=VERTEX_POINT('',#13935);
#4074=VERTEX_POINT('',#13939);
#4075=VERTEX_POINT('',#13946);
#4076=VERTEX_POINT('',#13948);
#4077=VERTEX_POINT('',#13952);
#4078=VERTEX_POINT('',#13956);
#4079=VERTEX_POINT('',#13958);
#4080=VERTEX_POINT('',#13963);
#4081=VERTEX_POINT('',#13964);
#4082=VERTEX_POINT('',#13966);
#4083=VERTEX_POINT('',#13968);
#4084=VERTEX_POINT('',#13970);
#4085=VERTEX_POINT('',#13972);
#4086=VERTEX_POINT('',#13977);
#4087=VERTEX_POINT('',#13979);
#4088=VERTEX_POINT('',#13983);
#4089=VERTEX_POINT('',#13987);
#4090=VERTEX_POINT('',#13991);
#4091=VERTEX_POINT('',#13995);
#4092=VERTEX_POINT('',#14002);
#4093=VERTEX_POINT('',#14004);
#4094=VERTEX_POINT('',#14008);
#4095=VERTEX_POINT('',#14012);
#4096=VERTEX_POINT('',#14014);
#4097=VERTEX_POINT('',#14019);
#4098=VERTEX_POINT('',#14020);
#4099=VERTEX_POINT('',#14022);
#4100=VERTEX_POINT('',#14024);
#4101=VERTEX_POINT('',#14026);
#4102=VERTEX_POINT('',#14028);
#4103=VERTEX_POINT('',#14033);
#4104=VERTEX_POINT('',#14035);
#4105=VERTEX_POINT('',#14039);
#4106=VERTEX_POINT('',#14043);
#4107=VERTEX_POINT('',#14047);
#4108=VERTEX_POINT('',#14051);
#4109=VERTEX_POINT('',#14058);
#4110=VERTEX_POINT('',#14060);
#4111=VERTEX_POINT('',#14064);
#4112=VERTEX_POINT('',#14068);
#4113=VERTEX_POINT('',#14070);
#4114=VERTEX_POINT('',#14075);
#4115=VERTEX_POINT('',#14076);
#4116=VERTEX_POINT('',#14078);
#4117=VERTEX_POINT('',#14080);
#4118=VERTEX_POINT('',#14082);
#4119=VERTEX_POINT('',#14084);
#4120=VERTEX_POINT('',#14089);
#4121=VERTEX_POINT('',#14091);
#4122=VERTEX_POINT('',#14095);
#4123=VERTEX_POINT('',#14099);
#4124=VERTEX_POINT('',#14103);
#4125=VERTEX_POINT('',#14107);
#4126=EDGE_CURVE('',#3420,#3420,#3052,.T.);
#4127=EDGE_CURVE('',#3420,#3421,#1694,.T.);
#4128=EDGE_CURVE('',#3421,#3421,#3053,.T.);
#4129=EDGE_CURVE('',#3422,#3422,#276,.T.);
#4130=EDGE_CURVE('',#3422,#3423,#1695,.T.);
#4131=EDGE_CURVE('',#3423,#3423,#3054,.T.);
#4132=EDGE_CURVE('',#3424,#3424,#3055,.T.);
#4133=EDGE_CURVE('',#3424,#3425,#1696,.T.);
#4134=EDGE_CURVE('',#3425,#3425,#3056,.T.);
#4135=EDGE_CURVE('',#3426,#3424,#1697,.T.);
#4136=EDGE_CURVE('',#3427,#3427,#3057,.T.);
#4137=EDGE_CURVE('',#3427,#3428,#1698,.T.);
#4138=EDGE_CURVE('',#3428,#3428,#3058,.T.);
#4139=EDGE_CURVE('',#3429,#3427,#1699,.T.);
#4140=EDGE_CURVE('',#3430,#3430,#277,.T.);
#4141=EDGE_CURVE('',#3430,#3431,#1700,.T.);
#4142=EDGE_CURVE('',#3431,#3431,#3059,.T.);
#4143=EDGE_CURVE('',#3432,#3432,#3060,.T.);
#4144=EDGE_CURVE('',#3432,#3433,#1701,.T.);
#4145=EDGE_CURVE('',#3433,#3433,#3061,.T.);
#4146=EDGE_CURVE('',#3434,#3434,#3062,.T.);
#4147=EDGE_CURVE('',#3434,#3435,#1702,.T.);
#4148=EDGE_CURVE('',#3435,#3435,#3063,.T.);
#4149=EDGE_CURVE('',#3436,#3436,#3064,.T.);
#4150=EDGE_CURVE('',#3436,#3437,#1703,.T.);
#4151=EDGE_CURVE('',#3437,#3437,#3065,.T.);
#4152=EDGE_CURVE('',#3438,#3438,#3066,.T.);
#4153=EDGE_CURVE('',#3438,#3439,#1704,.T.);
#4154=EDGE_CURVE('',#3439,#3439,#3067,.T.);
#4155=EDGE_CURVE('',#3440,#3440,#3068,.T.);
#4156=EDGE_CURVE('',#3440,#3441,#1705,.T.);
#4157=EDGE_CURVE('',#3441,#3441,#3069,.T.);
#4158=EDGE_CURVE('',#3442,#3442,#3070,.T.);
#4159=EDGE_CURVE('',#3442,#3443,#1706,.T.);
#4160=EDGE_CURVE('',#3443,#3443,#3071,.T.);
#4161=EDGE_CURVE('',#3444,#3445,#3072,.T.);
#4162=EDGE_CURVE('',#3446,#3444,#1707,.T.);
#4163=EDGE_CURVE('',#3446,#3447,#3073,.T.);
#4164=EDGE_CURVE('',#3445,#3447,#1708,.T.);
#4165=EDGE_CURVE('',#3448,#3449,#1709,.T.);
#4166=EDGE_CURVE('',#3450,#3449,#1710,.T.);
#4167=EDGE_CURVE('',#3451,#3450,#3074,.T.);
#4168=EDGE_CURVE('',#3451,#3452,#1711,.T.);
#4169=EDGE_CURVE('',#3453,#3452,#1712,.T.);
#4170=EDGE_CURVE('',#3454,#3453,#1713,.T.);
#4171=EDGE_CURVE('',#3454,#3455,#3075,.T.);
#4172=EDGE_CURVE('',#3455,#3448,#1714,.T.);
#4173=EDGE_CURVE('',#3449,#3456,#1715,.T.);
#4174=EDGE_CURVE('',#3457,#3456,#1716,.T.);
#4175=EDGE_CURVE('',#3458,#3457,#1717,.T.);
#4176=EDGE_CURVE('',#3458,#3459,#3076,.T.);
#4177=EDGE_CURVE('',#3459,#3450,#1718,.T.);
#4178=EDGE_CURVE('',#3456,#3460,#3077,.T.);
#4179=EDGE_CURVE('',#3460,#3461,#1719,.T.);
#4180=EDGE_CURVE('',#3457,#3461,#3078,.T.);
#4181=EDGE_CURVE('',#3447,#3448,#1720,.T.);
#4182=EDGE_CURVE('',#3462,#3455,#1721,.T.);
#4183=EDGE_CURVE('',#3462,#3463,#3079,.T.);
#4184=EDGE_CURVE('',#3445,#3463,#1722,.T.);
#4185=EDGE_CURVE('',#3444,#3461,#1723,.T.);
#4186=EDGE_CURVE('',#3463,#3464,#1724,.T.);
#4187=EDGE_CURVE('',#3464,#3453,#1725,.T.);
#4188=EDGE_CURVE('',#3465,#3452,#1726,.T.);
#4189=EDGE_CURVE('',#3465,#3458,#1727,.T.);
#4190=EDGE_CURVE('',#3446,#3460,#1728,.T.);
#4191=EDGE_CURVE('',#3466,#3454,#1729,.T.);
#4192=EDGE_CURVE('',#3466,#3467,#278,.T.);
#4193=EDGE_CURVE('',#3467,#3468,#3080,.T.);
#4194=EDGE_CURVE('',#3468,#3462,#279,.T.);
#4195=EDGE_CURVE('',#3464,#3466,#3081,.T.);
#4196=EDGE_CURVE('',#3467,#3468,#1730,.T.);
#4197=EDGE_CURVE('',#3469,#3451,#1731,.T.);
#4198=EDGE_CURVE('',#3469,#3465,#3082,.T.);
#4199=EDGE_CURVE('',#3459,#3470,#280,.T.);
#4200=EDGE_CURVE('',#3471,#3470,#3083,.T.);
#4201=EDGE_CURVE('',#3471,#3469,#281,.T.);
#4202=EDGE_CURVE('',#3470,#3471,#1732,.T.);
#4203=EDGE_CURVE('',#3472,#3473,#3084,.T.);
#4204=EDGE_CURVE('',#3472,#3474,#1733,.T.);
#4205=EDGE_CURVE('',#3474,#3475,#3085,.T.);
#4206=EDGE_CURVE('',#3473,#3475,#1734,.T.);
#4207=EDGE_CURVE('',#3476,#3477,#3086,.T.);
#4208=EDGE_CURVE('',#3476,#3478,#1735,.T.);
#4209=EDGE_CURVE('',#3478,#3479,#3087,.T.);
#4210=EDGE_CURVE('',#3477,#3479,#1736,.T.);
#4211=EDGE_CURVE('',#3480,#3481,#3088,.T.);
#4212=EDGE_CURVE('',#3482,#3480,#1737,.T.);
#4213=EDGE_CURVE('',#3483,#3482,#3089,.T.);
#4214=EDGE_CURVE('',#3483,#3481,#1738,.T.);
#4215=EDGE_CURVE('',#3484,#3485,#3090,.T.);
#4216=EDGE_CURVE('',#3486,#3484,#1739,.T.);
#4217=EDGE_CURVE('',#3487,#3486,#3091,.T.);
#4218=EDGE_CURVE('',#3485,#3487,#1740,.T.);
#4219=EDGE_CURVE('',#3488,#3486,#3092,.T.);
#4220=EDGE_CURVE('',#3489,#3486,#1741,.T.);
#4221=EDGE_CURVE('',#3490,#3489,#3093,.T.);
#4222=EDGE_CURVE('',#3488,#3490,#1742,.T.);
#4223=EDGE_CURVE('',#3491,#3483,#3094,.T.);
#4224=EDGE_CURVE('',#3491,#3492,#1743,.T.);
#4225=EDGE_CURVE('',#3492,#3493,#3095,.T.);
#4226=EDGE_CURVE('',#3493,#3483,#1744,.T.);
#4227=EDGE_CURVE('',#3494,#3494,#3096,.T.);
#4228=EDGE_CURVE('',#3494,#3495,#1745,.T.);
#4229=EDGE_CURVE('',#3495,#3495,#3097,.T.);
#4230=EDGE_CURVE('',#3496,#3496,#3098,.T.);
#4231=EDGE_CURVE('',#3496,#3497,#1746,.T.);
#4232=EDGE_CURVE('',#3497,#3497,#3099,.T.);
#4233=EDGE_CURVE('',#3498,#3498,#3100,.T.);
#4234=EDGE_CURVE('',#3498,#3499,#1747,.T.);
#4235=EDGE_CURVE('',#3499,#3499,#3101,.T.);
#4236=EDGE_CURVE('',#3500,#3500,#3102,.T.);
#4237=EDGE_CURVE('',#3500,#3501,#1748,.T.);
#4238=EDGE_CURVE('',#3501,#3501,#3103,.T.);
#4239=EDGE_CURVE('',#3502,#3503,#3104,.T.);
#4240=EDGE_CURVE('',#3504,#3502,#1749,.T.);
#4241=EDGE_CURVE('',#3505,#3504,#3105,.T.);
#4242=EDGE_CURVE('',#3503,#3505,#1750,.T.);
#4243=EDGE_CURVE('',#3506,#3507,#3106,.T.);
#4244=EDGE_CURVE('',#3508,#3506,#1751,.T.);
#4245=EDGE_CURVE('',#3509,#3508,#3107,.T.);
#4246=EDGE_CURVE('',#3507,#3509,#1752,.T.);
#4247=EDGE_CURVE('',#3510,#3510,#3108,.T.);
#4248=EDGE_CURVE('',#3510,#3511,#1753,.T.);
#4249=EDGE_CURVE('',#3511,#3511,#3109,.T.);
#4250=EDGE_CURVE('',#3512,#3512,#3110,.T.);
#4251=EDGE_CURVE('',#3512,#3513,#1754,.T.);
#4252=EDGE_CURVE('',#3513,#3513,#3111,.T.);
#4253=EDGE_CURVE('',#3514,#3514,#3112,.T.);
#4254=EDGE_CURVE('',#3514,#3515,#1755,.T.);
#4255=EDGE_CURVE('',#3515,#3515,#3113,.T.);
#4256=EDGE_CURVE('',#3516,#3516,#3114,.T.);
#4257=EDGE_CURVE('',#3516,#3517,#1756,.T.);
#4258=EDGE_CURVE('',#3517,#3517,#3115,.T.);
#4259=EDGE_CURVE('',#3518,#3518,#3116,.T.);
#4260=EDGE_CURVE('',#3518,#3519,#1757,.T.);
#4261=EDGE_CURVE('',#3519,#3519,#3117,.T.);
#4262=EDGE_CURVE('',#3520,#3520,#3118,.T.);
#4263=EDGE_CURVE('',#3520,#3521,#1758,.T.);
#4264=EDGE_CURVE('',#3521,#3521,#3119,.T.);
#4265=EDGE_CURVE('',#3522,#3522,#3120,.T.);
#4266=EDGE_CURVE('',#3522,#3523,#1759,.T.);
#4267=EDGE_CURVE('',#3523,#3523,#3121,.T.);
#4268=EDGE_CURVE('',#3524,#3524,#3122,.T.);
#4269=EDGE_CURVE('',#3524,#3525,#1760,.T.);
#4270=EDGE_CURVE('',#3525,#3525,#3123,.T.);
#4271=EDGE_CURVE('',#3526,#3526,#3124,.T.);
#4272=EDGE_CURVE('',#3526,#3527,#1761,.T.);
#4273=EDGE_CURVE('',#3527,#3527,#3125,.T.);
#4274=EDGE_CURVE('',#3528,#3528,#3126,.T.);
#4275=EDGE_CURVE('',#3528,#3529,#1762,.T.);
#4276=EDGE_CURVE('',#3529,#3529,#3127,.T.);
#4277=EDGE_CURVE('',#3490,#3492,#3128,.T.);
#4278=EDGE_CURVE('',#3488,#3491,#3129,.T.);
#4279=EDGE_CURVE('',#3530,#3531,#3130,.T.);
#4280=EDGE_CURVE('',#3531,#3532,#1763,.T.);
#4281=EDGE_CURVE('',#3533,#3532,#3131,.T.);
#4282=EDGE_CURVE('',#3533,#3530,#1764,.T.);
#4283=EDGE_CURVE('',#3534,#3535,#1765,.T.);
#4284=EDGE_CURVE('',#3534,#3536,#3132,.T.);
#4285=EDGE_CURVE('',#3537,#3536,#1766,.T.);
#4286=EDGE_CURVE('',#3538,#3537,#3133,.T.);
#4287=EDGE_CURVE('',#3539,#3538,#3134,.T.);
#4288=EDGE_CURVE('',#3540,#3539,#3135,.T.);
#4289=EDGE_CURVE('',#3479,#3540,#1767,.T.);
#4290=EDGE_CURVE('',#3478,#3541,#1768,.T.);
#4291=EDGE_CURVE('',#3541,#3542,#3136,.T.);
#4292=EDGE_CURVE('',#3543,#3542,#3137,.T.);
#4293=EDGE_CURVE('',#3544,#3543,#3138,.T.);
#4294=EDGE_CURVE('',#3544,#3475,#1769,.T.);
#4295=EDGE_CURVE('',#3545,#3474,#1770,.T.);
#4296=EDGE_CURVE('',#3546,#3545,#3139,.T.);
#4297=EDGE_CURVE('',#3547,#3546,#3140,.T.);
#4298=EDGE_CURVE('',#3535,#3547,#3141,.T.);
#4299=EDGE_CURVE('',#3530,#3548,#3142,.T.);
#4300=EDGE_CURVE('',#3548,#3502,#1771,.T.);
#4301=EDGE_CURVE('',#3506,#3503,#3143,.T.);
#4302=EDGE_CURVE('',#3507,#3549,#1772,.T.);
#4303=EDGE_CURVE('',#3549,#3531,#3144,.T.);
#4304=EDGE_CURVE('',#3550,#3551,#3145,.T.);
#4305=EDGE_CURVE('',#3550,#3533,#3146,.T.);
#4306=EDGE_CURVE('',#3532,#3552,#3147,.T.);
#4307=EDGE_CURVE('',#3552,#3553,#3148,.T.);
#4308=EDGE_CURVE('',#3553,#3551,#3149,.T.);
#4309=EDGE_CURVE('',#3489,#3476,#1773,.T.);
#4310=EDGE_CURVE('',#3477,#3554,#1774,.T.);
#4311=EDGE_CURVE('',#3554,#3555,#3150,.T.);
#4312=EDGE_CURVE('',#3555,#3556,#3151,.T.);
#4313=EDGE_CURVE('',#3556,#3557,#3152,.T.);
#4314=EDGE_CURVE('',#3557,#3558,#1775,.T.);
#4315=EDGE_CURVE('',#3558,#3559,#3153,.T.);
#4316=EDGE_CURVE('',#3559,#3560,#1776,.T.);
#4317=EDGE_CURVE('',#3560,#3561,#3154,.T.);
#4318=EDGE_CURVE('',#3561,#3562,#3155,.T.);
#4319=EDGE_CURVE('',#3562,#3563,#3156,.T.);
#4320=EDGE_CURVE('',#3563,#3472,#1777,.T.);
#4321=EDGE_CURVE('',#3473,#3493,#1778,.T.);
#4322=EDGE_CURVE('',#3564,#3565,#1779,.T.);
#4323=EDGE_CURVE('',#3564,#3566,#3157,.T.);
#4324=EDGE_CURVE('',#3567,#3566,#1780,.T.);
#4325=EDGE_CURVE('',#3567,#3568,#3158,.T.);
#4326=EDGE_CURVE('',#3568,#3569,#1781,.T.);
#4327=EDGE_CURVE('',#3569,#3570,#3159,.T.);
#4328=EDGE_CURVE('',#3570,#3571,#1782,.T.);
#4329=EDGE_CURVE('',#3571,#3565,#3160,.T.);
#4330=EDGE_CURVE('',#3504,#3484,#1783,.T.);
#4331=EDGE_CURVE('',#3480,#3485,#3161,.T.);
#4332=EDGE_CURVE('',#3481,#3509,#1784,.T.);
#4333=EDGE_CURVE('',#3508,#3505,#3162,.T.);
#4334=EDGE_CURVE('',#3572,#3573,#3163,.T.);
#4335=EDGE_CURVE('',#3572,#3574,#1785,.T.);
#4336=EDGE_CURVE('',#3575,#3574,#3164,.T.);
#4337=EDGE_CURVE('',#3576,#3575,#1786,.T.);
#4338=EDGE_CURVE('',#3577,#3576,#3165,.T.);
#4339=EDGE_CURVE('',#3578,#3577,#1787,.T.);
#4340=EDGE_CURVE('',#3579,#3578,#3166,.T.);
#4341=EDGE_CURVE('',#3579,#3573,#1788,.T.);
#4342=EDGE_CURVE('',#3487,#3482,#3167,.T.);
#4343=EDGE_CURVE('',#3544,#3552,#1789,.T.);
#4344=EDGE_CURVE('',#3552,#3549,#1790,.T.);
#4345=EDGE_CURVE('',#3550,#3548,#1791,.T.);
#4346=EDGE_CURVE('',#3541,#3550,#1792,.T.);
#4347=EDGE_CURVE('',#3553,#3543,#1793,.T.);
#4348=EDGE_CURVE('',#3551,#3542,#1794,.T.);
#4349=EDGE_CURVE('',#3564,#3572,#1795,.T.);
#4350=EDGE_CURVE('',#3566,#3573,#1796,.T.);
#4351=EDGE_CURVE('',#3565,#3574,#1797,.T.);
#4352=EDGE_CURVE('',#3571,#3575,#1798,.T.);
#4353=EDGE_CURVE('',#3570,#3576,#1799,.T.);
#4354=EDGE_CURVE('',#3569,#3577,#1800,.T.);
#4355=EDGE_CURVE('',#3568,#3578,#1801,.T.);
#4356=EDGE_CURVE('',#3567,#3579,#1802,.T.);
#4357=EDGE_CURVE('',#3554,#3540,#1803,.T.);
#4358=EDGE_CURVE('',#3555,#3539,#1804,.T.);
#4359=EDGE_CURVE('',#3556,#3538,#1805,.T.);
#4360=EDGE_CURVE('',#3557,#3537,#1806,.T.);
#4361=EDGE_CURVE('',#3536,#3558,#1807,.T.);
#4362=EDGE_CURVE('',#3559,#3534,#1808,.T.);
#4363=EDGE_CURVE('',#3560,#3535,#1809,.T.);
#4364=EDGE_CURVE('',#3561,#3547,#1810,.T.);
#4365=EDGE_CURVE('',#3562,#3546,#1811,.T.);
#4366=EDGE_CURVE('',#3563,#3545,#1812,.T.);
#4367=EDGE_CURVE('',#3580,#3580,#3168,.T.);
#4368=EDGE_CURVE('',#3580,#3581,#1813,.T.);
#4369=EDGE_CURVE('',#3581,#3581,#3169,.T.);
#4370=EDGE_CURVE('',#3582,#3580,#1814,.T.);
#4371=EDGE_CURVE('',#3583,#3583,#3170,.T.);
#4372=EDGE_CURVE('',#3583,#3584,#1815,.T.);
#4373=EDGE_CURVE('',#3584,#3584,#3171,.T.);
#4374=EDGE_CURVE('',#3585,#3583,#1816,.T.);
#4375=EDGE_CURVE('',#3586,#3586,#3172,.T.);
#4376=EDGE_CURVE('',#3586,#3587,#1817,.T.);
#4377=EDGE_CURVE('',#3587,#3587,#3173,.T.);
#4378=EDGE_CURVE('',#3588,#3586,#1818,.T.);
#4379=EDGE_CURVE('',#3589,#3589,#3174,.T.);
#4380=EDGE_CURVE('',#3589,#3590,#1819,.T.);
#4381=EDGE_CURVE('',#3590,#3590,#3175,.T.);
#4382=EDGE_CURVE('',#3591,#3589,#1820,.T.);
#4383=EDGE_CURVE('',#3592,#3592,#3176,.T.);
#4384=EDGE_CURVE('',#3592,#3593,#1821,.T.);
#4385=EDGE_CURVE('',#3593,#3593,#3177,.T.);
#4386=EDGE_CURVE('',#3594,#3592,#1822,.T.);
#4387=EDGE_CURVE('',#3595,#3595,#3178,.T.);
#4388=EDGE_CURVE('',#3595,#3596,#1823,.T.);
#4389=EDGE_CURVE('',#3596,#3596,#3179,.T.);
#4390=EDGE_CURVE('',#3597,#3595,#1824,.T.);
#4391=EDGE_CURVE('',#3598,#3598,#3180,.T.);
#4392=EDGE_CURVE('',#3598,#3599,#1825,.T.);
#4393=EDGE_CURVE('',#3599,#3599,#3181,.T.);
#4394=EDGE_CURVE('',#3600,#3598,#1826,.T.);
#4395=EDGE_CURVE('',#3601,#3601,#3182,.T.);
#4396=EDGE_CURVE('',#3601,#3602,#1827,.T.);
#4397=EDGE_CURVE('',#3602,#3602,#3183,.T.);
#4398=EDGE_CURVE('',#3603,#3601,#1828,.T.);
#4399=EDGE_CURVE('',#3604,#3604,#3184,.T.);
#4400=EDGE_CURVE('',#3604,#3605,#1829,.T.);
#4401=EDGE_CURVE('',#3605,#3605,#3185,.T.);
#4402=EDGE_CURVE('',#3606,#3604,#1830,.T.);
#4403=EDGE_CURVE('',#3607,#3607,#3186,.T.);
#4404=EDGE_CURVE('',#3607,#3608,#1831,.T.);
#4405=EDGE_CURVE('',#3608,#3608,#3187,.T.);
#4406=EDGE_CURVE('',#3609,#3607,#1832,.T.);
#4407=EDGE_CURVE('',#3610,#3610,#3188,.T.);
#4408=EDGE_CURVE('',#3610,#3611,#1833,.T.);
#4409=EDGE_CURVE('',#3611,#3611,#3189,.T.);
#4410=EDGE_CURVE('',#3612,#3610,#1834,.T.);
#4411=EDGE_CURVE('',#3613,#3613,#3190,.T.);
#4412=EDGE_CURVE('',#3613,#3614,#1835,.T.);
#4413=EDGE_CURVE('',#3614,#3614,#3191,.T.);
#4414=EDGE_CURVE('',#3615,#3613,#1836,.T.);
#4415=EDGE_CURVE('',#3616,#3616,#3192,.T.);
#4416=EDGE_CURVE('',#3616,#3617,#1837,.T.);
#4417=EDGE_CURVE('',#3617,#3617,#3193,.T.);
#4418=EDGE_CURVE('',#3618,#3616,#1838,.T.);
#4419=EDGE_CURVE('',#3619,#3619,#3194,.T.);
#4420=EDGE_CURVE('',#3619,#3620,#1839,.T.);
#4421=EDGE_CURVE('',#3620,#3620,#3195,.T.);
#4422=EDGE_CURVE('',#3621,#3619,#1840,.T.);
#4423=EDGE_CURVE('',#3622,#3622,#3196,.T.);
#4424=EDGE_CURVE('',#3622,#3623,#1841,.T.);
#4425=EDGE_CURVE('',#3623,#3623,#3197,.T.);
#4426=EDGE_CURVE('',#3624,#3622,#1842,.T.);
#4427=EDGE_CURVE('',#3625,#3625,#3198,.T.);
#4428=EDGE_CURVE('',#3625,#3626,#1843,.T.);
#4429=EDGE_CURVE('',#3626,#3626,#3199,.T.);
#4430=EDGE_CURVE('',#3627,#3625,#1844,.T.);
#4431=EDGE_CURVE('',#3628,#3628,#3200,.T.);
#4432=EDGE_CURVE('',#3628,#3629,#1845,.T.);
#4433=EDGE_CURVE('',#3629,#3629,#3201,.T.);
#4434=EDGE_CURVE('',#3630,#3628,#1846,.T.);
#4435=EDGE_CURVE('',#3631,#3631,#3202,.T.);
#4436=EDGE_CURVE('',#3631,#3632,#1847,.T.);
#4437=EDGE_CURVE('',#3632,#3632,#3203,.T.);
#4438=EDGE_CURVE('',#3633,#3633,#3204,.T.);
#4439=EDGE_CURVE('',#3633,#3634,#1848,.T.);
#4440=EDGE_CURVE('',#3634,#3634,#3205,.T.);
#4441=EDGE_CURVE('',#3635,#3635,#3206,.T.);
#4442=EDGE_CURVE('',#3635,#3636,#1849,.T.);
#4443=EDGE_CURVE('',#3636,#3636,#3207,.T.);
#4444=EDGE_CURVE('',#3637,#3637,#3208,.T.);
#4445=EDGE_CURVE('',#3637,#3638,#1850,.T.);
#4446=EDGE_CURVE('',#3638,#3638,#3209,.T.);
#4447=EDGE_CURVE('',#3639,#3639,#3210,.T.);
#4448=EDGE_CURVE('',#3639,#3640,#1851,.T.);
#4449=EDGE_CURVE('',#3640,#3640,#3211,.T.);
#4450=EDGE_CURVE('',#3641,#3641,#3212,.T.);
#4451=EDGE_CURVE('',#3641,#3642,#1852,.T.);
#4452=EDGE_CURVE('',#3642,#3642,#3213,.T.);
#4453=EDGE_CURVE('',#3643,#3641,#1853,.T.);
#4454=EDGE_CURVE('',#3644,#3644,#3214,.T.);
#4455=EDGE_CURVE('',#3644,#3645,#1854,.T.);
#4456=EDGE_CURVE('',#3645,#3645,#3215,.T.);
#4457=EDGE_CURVE('',#3646,#3644,#1855,.T.);
#4458=EDGE_CURVE('',#3647,#3647,#3216,.T.);
#4459=EDGE_CURVE('',#3647,#3648,#1856,.T.);
#4460=EDGE_CURVE('',#3648,#3648,#3217,.T.);
#4461=EDGE_CURVE('',#3649,#3647,#1857,.T.);
#4462=EDGE_CURVE('',#3650,#3650,#3218,.T.);
#4463=EDGE_CURVE('',#3650,#3651,#1858,.T.);
#4464=EDGE_CURVE('',#3651,#3651,#3219,.T.);
#4465=EDGE_CURVE('',#3652,#3650,#1859,.T.);
#4466=EDGE_CURVE('',#3653,#3653,#3220,.T.);
#4467=EDGE_CURVE('',#3653,#3654,#1860,.T.);
#4468=EDGE_CURVE('',#3654,#3654,#3221,.T.);
#4469=EDGE_CURVE('',#3655,#3653,#1861,.T.);
#4470=EDGE_CURVE('',#3656,#3656,#3222,.T.);
#4471=EDGE_CURVE('',#3656,#3657,#1862,.T.);
#4472=EDGE_CURVE('',#3657,#3657,#3223,.T.);
#4473=EDGE_CURVE('',#3658,#3656,#1863,.T.);
#4474=EDGE_CURVE('',#3659,#3659,#3224,.T.);
#4475=EDGE_CURVE('',#3659,#3660,#1864,.T.);
#4476=EDGE_CURVE('',#3660,#3660,#3225,.T.);
#4477=EDGE_CURVE('',#3661,#3659,#1865,.T.);
#4478=EDGE_CURVE('',#3662,#3662,#3226,.T.);
#4479=EDGE_CURVE('',#3662,#3663,#1866,.T.);
#4480=EDGE_CURVE('',#3663,#3663,#3227,.T.);
#4481=EDGE_CURVE('',#3664,#3662,#1867,.T.);
#4482=EDGE_CURVE('',#3665,#3665,#3228,.T.);
#4483=EDGE_CURVE('',#3665,#3666,#1868,.T.);
#4484=EDGE_CURVE('',#3666,#3666,#3229,.T.);
#4485=EDGE_CURVE('',#3667,#3665,#1869,.T.);
#4486=EDGE_CURVE('',#3668,#3668,#3230,.T.);
#4487=EDGE_CURVE('',#3668,#3669,#1870,.T.);
#4488=EDGE_CURVE('',#3669,#3669,#3231,.T.);
#4489=EDGE_CURVE('',#3670,#3668,#1871,.T.);
#4490=EDGE_CURVE('',#3671,#3671,#3232,.T.);
#4491=EDGE_CURVE('',#3671,#3672,#1872,.T.);
#4492=EDGE_CURVE('',#3672,#3672,#3233,.T.);
#4493=EDGE_CURVE('',#3673,#3671,#1873,.T.);
#4494=EDGE_CURVE('',#3674,#3674,#3234,.T.);
#4495=EDGE_CURVE('',#3674,#3675,#1874,.T.);
#4496=EDGE_CURVE('',#3675,#3675,#3235,.T.);
#4497=EDGE_CURVE('',#3676,#3674,#1875,.T.);
#4498=EDGE_CURVE('',#3677,#3677,#3236,.T.);
#4499=EDGE_CURVE('',#3677,#3678,#1876,.T.);
#4500=EDGE_CURVE('',#3678,#3678,#3237,.T.);
#4501=EDGE_CURVE('',#3679,#3677,#1877,.T.);
#4502=EDGE_CURVE('',#3680,#3680,#3238,.T.);
#4503=EDGE_CURVE('',#3680,#3681,#1878,.T.);
#4504=EDGE_CURVE('',#3681,#3681,#3239,.T.);
#4505=EDGE_CURVE('',#3682,#3680,#1879,.T.);
#4506=EDGE_CURVE('',#3683,#3683,#3240,.T.);
#4507=EDGE_CURVE('',#3683,#3684,#1880,.T.);
#4508=EDGE_CURVE('',#3684,#3684,#3241,.T.);
#4509=EDGE_CURVE('',#3685,#3683,#1881,.T.);
#4510=EDGE_CURVE('',#3686,#3686,#3242,.T.);
#4511=EDGE_CURVE('',#3686,#3687,#1882,.T.);
#4512=EDGE_CURVE('',#3687,#3687,#3243,.T.);
#4513=EDGE_CURVE('',#3688,#3686,#1883,.T.);
#4514=EDGE_CURVE('',#3689,#3689,#3244,.T.);
#4515=EDGE_CURVE('',#3689,#3690,#1884,.T.);
#4516=EDGE_CURVE('',#3690,#3690,#3245,.T.);
#4517=EDGE_CURVE('',#3691,#3689,#1885,.T.);
#4518=EDGE_CURVE('',#3692,#3692,#3246,.T.);
#4519=EDGE_CURVE('',#3692,#3693,#1886,.T.);
#4520=EDGE_CURVE('',#3693,#3693,#3247,.T.);
#4521=EDGE_CURVE('',#3694,#3694,#3248,.T.);
#4522=EDGE_CURVE('',#3694,#3695,#1887,.T.);
#4523=EDGE_CURVE('',#3695,#3695,#3249,.T.);
#4524=EDGE_CURVE('',#3696,#3696,#3250,.T.);
#4525=EDGE_CURVE('',#3696,#3697,#1888,.T.);
#4526=EDGE_CURVE('',#3697,#3697,#3251,.T.);
#4527=EDGE_CURVE('',#3698,#3698,#3252,.T.);
#4528=EDGE_CURVE('',#3698,#3699,#1889,.T.);
#4529=EDGE_CURVE('',#3699,#3699,#3253,.T.);
#4530=EDGE_CURVE('',#3700,#3700,#3254,.T.);
#4531=EDGE_CURVE('',#3700,#3701,#1890,.T.);
#4532=EDGE_CURVE('',#3701,#3701,#3255,.T.);
#4533=EDGE_CURVE('',#3702,#3703,#1891,.T.);
#4534=EDGE_CURVE('',#3704,#3702,#1892,.T.);
#4535=EDGE_CURVE('',#3704,#3705,#1893,.T.);
#4536=EDGE_CURVE('',#3705,#3703,#1894,.T.);
#4537=EDGE_CURVE('',#3702,#3706,#3256,.T.);
#4538=EDGE_CURVE('',#3707,#3706,#1895,.T.);
#4539=EDGE_CURVE('',#3704,#3707,#3257,.T.);
#4540=EDGE_CURVE('',#3708,#3706,#1896,.T.);
#4541=EDGE_CURVE('',#3709,#3708,#1897,.T.);
#4542=EDGE_CURVE('',#3709,#3707,#1898,.T.);
#4543=EDGE_CURVE('',#3710,#3708,#1899,.T.);
#4544=EDGE_CURVE('',#3711,#3710,#1900,.T.);
#4545=EDGE_CURVE('',#3711,#3709,#1901,.T.);
#4546=EDGE_CURVE('',#3712,#3710,#1902,.T.);
#4547=EDGE_CURVE('',#3713,#3712,#1903,.T.);
#4548=EDGE_CURVE('',#3713,#3711,#1904,.T.);
#4549=EDGE_CURVE('',#3712,#3714,#3258,.T.);
#4550=EDGE_CURVE('',#3715,#3714,#1905,.T.);
#4551=EDGE_CURVE('',#3713,#3715,#3259,.T.);
#4552=EDGE_CURVE('',#3714,#3716,#1906,.T.);
#4553=EDGE_CURVE('',#3717,#3716,#1907,.T.);
#4554=EDGE_CURVE('',#3715,#3717,#1908,.T.);
#4555=EDGE_CURVE('',#3716,#3703,#3260,.T.);
#4556=EDGE_CURVE('',#3717,#3705,#3261,.T.);
#4557=EDGE_CURVE('',#3718,#3719,#1909,.T.);
#4558=EDGE_CURVE('',#3720,#3718,#1910,.T.);
#4559=EDGE_CURVE('',#3720,#3721,#1911,.T.);
#4560=EDGE_CURVE('',#3721,#3719,#1912,.T.);
#4561=EDGE_CURVE('',#3718,#3722,#3262,.T.);
#4562=EDGE_CURVE('',#3723,#3722,#1913,.T.);
#4563=EDGE_CURVE('',#3720,#3723,#3263,.T.);
#4564=EDGE_CURVE('',#3724,#3722,#1914,.T.);
#4565=EDGE_CURVE('',#3725,#3724,#1915,.T.);
#4566=EDGE_CURVE('',#3725,#3723,#1916,.T.);
#4567=EDGE_CURVE('',#3726,#3724,#1917,.T.);
#4568=EDGE_CURVE('',#3727,#3726,#1918,.T.);
#4569=EDGE_CURVE('',#3727,#3725,#1919,.T.);
#4570=EDGE_CURVE('',#3728,#3726,#1920,.T.);
#4571=EDGE_CURVE('',#3729,#3728,#1921,.T.);
#4572=EDGE_CURVE('',#3729,#3727,#1922,.T.);
#4573=EDGE_CURVE('',#3728,#3730,#3264,.T.);
#4574=EDGE_CURVE('',#3731,#3730,#1923,.T.);
#4575=EDGE_CURVE('',#3729,#3731,#3265,.T.);
#4576=EDGE_CURVE('',#3730,#3732,#1924,.T.);
#4577=EDGE_CURVE('',#3733,#3732,#1925,.T.);
#4578=EDGE_CURVE('',#3731,#3733,#1926,.T.);
#4579=EDGE_CURVE('',#3732,#3719,#3266,.T.);
#4580=EDGE_CURVE('',#3733,#3721,#3267,.T.);
#4581=EDGE_CURVE('',#3734,#3734,#3268,.T.);
#4582=EDGE_CURVE('',#3734,#3735,#1927,.T.);
#4583=EDGE_CURVE('',#3735,#3735,#3269,.T.);
#4584=EDGE_CURVE('',#3736,#3736,#3270,.T.);
#4585=EDGE_CURVE('',#3736,#3737,#1928,.T.);
#4586=EDGE_CURVE('',#3737,#3737,#3271,.T.);
#4587=EDGE_CURVE('',#3738,#3738,#3272,.T.);
#4588=EDGE_CURVE('',#3738,#3739,#1929,.T.);
#4589=EDGE_CURVE('',#3739,#3739,#3273,.T.);
#4590=EDGE_CURVE('',#3740,#3740,#3274,.T.);
#4591=EDGE_CURVE('',#3740,#3741,#1930,.T.);
#4592=EDGE_CURVE('',#3741,#3741,#3275,.T.);
#4593=EDGE_CURVE('',#3742,#3742,#3276,.T.);
#4594=EDGE_CURVE('',#3742,#3743,#1931,.T.);
#4595=EDGE_CURVE('',#3743,#3743,#3277,.T.);
#4596=EDGE_CURVE('',#3744,#3744,#3278,.T.);
#4597=EDGE_CURVE('',#3744,#3745,#1932,.T.);
#4598=EDGE_CURVE('',#3745,#3745,#3279,.T.);
#4599=EDGE_CURVE('',#3746,#3746,#3280,.T.);
#4600=EDGE_CURVE('',#3746,#3747,#1933,.T.);
#4601=EDGE_CURVE('',#3747,#3747,#3281,.T.);
#4602=EDGE_CURVE('',#3748,#3748,#3282,.T.);
#4603=EDGE_CURVE('',#3748,#3749,#1934,.T.);
#4604=EDGE_CURVE('',#3749,#3749,#3283,.T.);
#4605=EDGE_CURVE('',#3750,#3750,#3284,.T.);
#4606=EDGE_CURVE('',#3750,#3751,#1935,.T.);
#4607=EDGE_CURVE('',#3751,#3751,#3285,.T.);
#4608=EDGE_CURVE('',#3752,#3752,#3286,.T.);
#4609=EDGE_CURVE('',#3752,#3753,#1936,.T.);
#4610=EDGE_CURVE('',#3753,#3753,#3287,.T.);
#4611=EDGE_CURVE('',#3754,#3754,#3288,.T.);
#4612=EDGE_CURVE('',#3754,#3755,#1937,.T.);
#4613=EDGE_CURVE('',#3755,#3755,#3289,.T.);
#4614=EDGE_CURVE('',#3756,#3756,#3290,.T.);
#4615=EDGE_CURVE('',#3756,#3757,#1938,.T.);
#4616=EDGE_CURVE('',#3757,#3757,#3291,.T.);
#4617=EDGE_CURVE('',#3758,#3758,#3292,.T.);
#4618=EDGE_CURVE('',#3758,#3759,#1939,.T.);
#4619=EDGE_CURVE('',#3759,#3759,#3293,.T.);
#4620=EDGE_CURVE('',#3760,#3760,#3294,.T.);
#4621=EDGE_CURVE('',#3760,#3761,#1940,.T.);
#4622=EDGE_CURVE('',#3761,#3761,#3295,.T.);
#4623=EDGE_CURVE('',#3762,#3762,#3296,.T.);
#4624=EDGE_CURVE('',#3762,#3763,#1941,.T.);
#4625=EDGE_CURVE('',#3763,#3763,#3297,.T.);
#4626=EDGE_CURVE('',#3764,#3764,#3298,.T.);
#4627=EDGE_CURVE('',#3764,#3765,#1942,.T.);
#4628=EDGE_CURVE('',#3765,#3765,#3299,.T.);
#4629=EDGE_CURVE('',#3766,#3766,#3300,.T.);
#4630=EDGE_CURVE('',#3766,#3767,#1943,.T.);
#4631=EDGE_CURVE('',#3767,#3767,#3301,.T.);
#4632=EDGE_CURVE('',#3768,#3768,#3302,.T.);
#4633=EDGE_CURVE('',#3768,#3769,#1944,.T.);
#4634=EDGE_CURVE('',#3769,#3769,#3303,.T.);
#4635=EDGE_CURVE('',#3770,#3770,#3304,.T.);
#4636=EDGE_CURVE('',#3770,#3771,#1945,.T.);
#4637=EDGE_CURVE('',#3771,#3771,#3305,.T.);
#4638=EDGE_CURVE('',#3772,#3772,#3306,.T.);
#4639=EDGE_CURVE('',#3772,#3773,#1946,.T.);
#4640=EDGE_CURVE('',#3773,#3773,#3307,.T.);
#4641=EDGE_CURVE('',#3774,#3774,#3308,.T.);
#4642=EDGE_CURVE('',#3774,#3775,#1947,.T.);
#4643=EDGE_CURVE('',#3775,#3775,#3309,.T.);
#4644=EDGE_CURVE('',#3776,#3776,#3310,.T.);
#4645=EDGE_CURVE('',#3776,#3777,#1948,.T.);
#4646=EDGE_CURVE('',#3777,#3777,#3311,.T.);
#4647=EDGE_CURVE('',#3778,#3778,#3312,.T.);
#4648=EDGE_CURVE('',#3778,#3779,#1949,.T.);
#4649=EDGE_CURVE('',#3779,#3779,#3313,.T.);
#4650=EDGE_CURVE('',#3780,#3780,#3314,.T.);
#4651=EDGE_CURVE('',#3780,#3781,#1950,.T.);
#4652=EDGE_CURVE('',#3781,#3781,#3315,.T.);
#4653=EDGE_CURVE('',#3782,#3782,#3316,.T.);
#4654=EDGE_CURVE('',#3782,#3783,#1951,.T.);
#4655=EDGE_CURVE('',#3783,#3783,#3317,.T.);
#4656=EDGE_CURVE('',#3784,#3784,#3318,.T.);
#4657=EDGE_CURVE('',#3784,#3785,#1952,.T.);
#4658=EDGE_CURVE('',#3785,#3785,#3319,.T.);
#4659=EDGE_CURVE('',#3786,#3786,#3320,.T.);
#4660=EDGE_CURVE('',#3786,#3787,#1953,.T.);
#4661=EDGE_CURVE('',#3787,#3787,#3321,.T.);
#4662=EDGE_CURVE('',#3787,#3788,#1954,.T.);
#4663=EDGE_CURVE('',#3788,#3788,#3322,.T.);
#4664=EDGE_CURVE('',#3789,#3789,#3323,.T.);
#4665=EDGE_CURVE('',#3789,#3790,#1955,.T.);
#4666=EDGE_CURVE('',#3790,#3790,#3324,.T.);
#4667=EDGE_CURVE('',#3791,#3792,#1956,.T.);
#4668=EDGE_CURVE('',#3793,#3791,#1957,.T.);
#4669=EDGE_CURVE('',#3794,#3793,#1958,.T.);
#4670=EDGE_CURVE('',#3795,#3794,#1959,.T.);
#4671=EDGE_CURVE('',#3796,#3795,#1960,.T.);
#4672=EDGE_CURVE('',#3792,#3796,#1961,.T.);
#4673=EDGE_CURVE('',#3797,#3791,#1962,.T.);
#4674=EDGE_CURVE('',#3798,#3797,#1963,.T.);
#4675=EDGE_CURVE('',#3798,#3793,#1964,.T.);
#4676=EDGE_CURVE('',#3799,#3798,#1965,.T.);
#4677=EDGE_CURVE('',#3799,#3794,#1966,.T.);
#4678=EDGE_CURVE('',#3800,#3799,#1967,.T.);
#4679=EDGE_CURVE('',#3800,#3795,#1968,.T.);
#4680=EDGE_CURVE('',#3801,#3800,#1969,.T.);
#4681=EDGE_CURVE('',#3801,#3796,#1970,.T.);
#4682=EDGE_CURVE('',#3802,#3801,#1971,.T.);
#4683=EDGE_CURVE('',#3802,#3792,#1972,.T.);
#4684=EDGE_CURVE('',#3797,#3802,#1973,.T.);
#4685=EDGE_CURVE('',#3803,#3803,#3325,.T.);
#4686=EDGE_CURVE('',#3803,#3804,#1974,.T.);
#4687=EDGE_CURVE('',#3804,#3804,#3326,.T.);
#4688=EDGE_CURVE('',#3804,#3805,#1975,.T.);
#4689=EDGE_CURVE('',#3805,#3805,#3327,.T.);
#4690=EDGE_CURVE('',#3806,#3806,#3328,.T.);
#4691=EDGE_CURVE('',#3806,#3807,#1976,.T.);
#4692=EDGE_CURVE('',#3807,#3807,#3329,.T.);
#4693=EDGE_CURVE('',#3808,#3809,#1977,.T.);
#4694=EDGE_CURVE('',#3810,#3808,#1978,.T.);
#4695=EDGE_CURVE('',#3811,#3810,#1979,.T.);
#4696=EDGE_CURVE('',#3812,#3811,#1980,.T.);
#4697=EDGE_CURVE('',#3813,#3812,#1981,.T.);
#4698=EDGE_CURVE('',#3809,#3813,#1982,.T.);
#4699=EDGE_CURVE('',#3814,#3808,#1983,.T.);
#4700=EDGE_CURVE('',#3815,#3814,#1984,.T.);
#4701=EDGE_CURVE('',#3815,#3810,#1985,.T.);
#4702=EDGE_CURVE('',#3816,#3815,#1986,.T.);
#4703=EDGE_CURVE('',#3816,#3811,#1987,.T.);
#4704=EDGE_CURVE('',#3817,#3816,#1988,.T.);
#4705=EDGE_CURVE('',#3817,#3812,#1989,.T.);
#4706=EDGE_CURVE('',#3818,#3817,#1990,.T.);
#4707=EDGE_CURVE('',#3818,#3813,#1991,.T.);
#4708=EDGE_CURVE('',#3819,#3818,#1992,.T.);
#4709=EDGE_CURVE('',#3819,#3809,#1993,.T.);
#4710=EDGE_CURVE('',#3814,#3819,#1994,.T.);
#4711=EDGE_CURVE('',#3820,#3820,#3330,.T.);
#4712=EDGE_CURVE('',#3820,#3821,#1995,.T.);
#4713=EDGE_CURVE('',#3821,#3821,#3331,.T.);
#4714=EDGE_CURVE('',#3821,#3822,#1996,.T.);
#4715=EDGE_CURVE('',#3822,#3822,#3332,.T.);
#4716=EDGE_CURVE('',#3823,#3823,#3333,.T.);
#4717=EDGE_CURVE('',#3823,#3824,#1997,.T.);
#4718=EDGE_CURVE('',#3824,#3824,#3334,.T.);
#4719=EDGE_CURVE('',#3825,#3826,#1998,.T.);
#4720=EDGE_CURVE('',#3827,#3825,#1999,.T.);
#4721=EDGE_CURVE('',#3828,#3827,#2000,.T.);
#4722=EDGE_CURVE('',#3829,#3828,#2001,.T.);
#4723=EDGE_CURVE('',#3830,#3829,#2002,.T.);
#4724=EDGE_CURVE('',#3826,#3830,#2003,.T.);
#4725=EDGE_CURVE('',#3831,#3825,#2004,.T.);
#4726=EDGE_CURVE('',#3832,#3831,#2005,.T.);
#4727=EDGE_CURVE('',#3832,#3827,#2006,.T.);
#4728=EDGE_CURVE('',#3833,#3832,#2007,.T.);
#4729=EDGE_CURVE('',#3833,#3828,#2008,.T.);
#4730=EDGE_CURVE('',#3834,#3833,#2009,.T.);
#4731=EDGE_CURVE('',#3834,#3829,#2010,.T.);
#4732=EDGE_CURVE('',#3835,#3834,#2011,.T.);
#4733=EDGE_CURVE('',#3835,#3830,#2012,.T.);
#4734=EDGE_CURVE('',#3836,#3835,#2013,.T.);
#4735=EDGE_CURVE('',#3836,#3826,#2014,.T.);
#4736=EDGE_CURVE('',#3831,#3836,#2015,.T.);
#4737=EDGE_CURVE('',#3837,#3837,#3335,.T.);
#4738=EDGE_CURVE('',#3837,#3838,#2016,.T.);
#4739=EDGE_CURVE('',#3838,#3838,#3336,.T.);
#4740=EDGE_CURVE('',#3838,#3839,#2017,.T.);
#4741=EDGE_CURVE('',#3839,#3839,#3337,.T.);
#4742=EDGE_CURVE('',#3840,#3840,#3338,.T.);
#4743=EDGE_CURVE('',#3840,#3841,#2018,.T.);
#4744=EDGE_CURVE('',#3841,#3841,#3339,.T.);
#4745=EDGE_CURVE('',#3842,#3843,#2019,.T.);
#4746=EDGE_CURVE('',#3844,#3842,#2020,.T.);
#4747=EDGE_CURVE('',#3845,#3844,#2021,.T.);
#4748=EDGE_CURVE('',#3846,#3845,#2022,.T.);
#4749=EDGE_CURVE('',#3847,#3846,#2023,.T.);
#4750=EDGE_CURVE('',#3843,#3847,#2024,.T.);
#4751=EDGE_CURVE('',#3848,#3842,#2025,.T.);
#4752=EDGE_CURVE('',#3849,#3848,#2026,.T.);
#4753=EDGE_CURVE('',#3849,#3844,#2027,.T.);
#4754=EDGE_CURVE('',#3850,#3849,#2028,.T.);
#4755=EDGE_CURVE('',#3850,#3845,#2029,.T.);
#4756=EDGE_CURVE('',#3851,#3850,#2030,.T.);
#4757=EDGE_CURVE('',#3851,#3846,#2031,.T.);
#4758=EDGE_CURVE('',#3852,#3851,#2032,.T.);
#4759=EDGE_CURVE('',#3852,#3847,#2033,.T.);
#4760=EDGE_CURVE('',#3853,#3852,#2034,.T.);
#4761=EDGE_CURVE('',#3853,#3843,#2035,.T.);
#4762=EDGE_CURVE('',#3848,#3853,#2036,.T.);
#4763=EDGE_CURVE('',#3854,#3854,#3340,.T.);
#4764=EDGE_CURVE('',#3854,#3855,#2037,.T.);
#4765=EDGE_CURVE('',#3855,#3855,#3341,.T.);
#4766=EDGE_CURVE('',#3855,#3856,#2038,.T.);
#4767=EDGE_CURVE('',#3856,#3856,#3342,.T.);
#4768=EDGE_CURVE('',#3857,#3857,#3343,.T.);
#4769=EDGE_CURVE('',#3857,#3858,#2039,.T.);
#4770=EDGE_CURVE('',#3858,#3858,#3344,.T.);
#4771=EDGE_CURVE('',#3859,#3860,#2040,.T.);
#4772=EDGE_CURVE('',#3861,#3859,#2041,.T.);
#4773=EDGE_CURVE('',#3862,#3861,#2042,.T.);
#4774=EDGE_CURVE('',#3863,#3862,#2043,.T.);
#4775=EDGE_CURVE('',#3864,#3863,#2044,.T.);
#4776=EDGE_CURVE('',#3860,#3864,#2045,.T.);
#4777=EDGE_CURVE('',#3865,#3859,#2046,.T.);
#4778=EDGE_CURVE('',#3866,#3865,#2047,.T.);
#4779=EDGE_CURVE('',#3866,#3861,#2048,.T.);
#4780=EDGE_CURVE('',#3867,#3866,#2049,.T.);
#4781=EDGE_CURVE('',#3867,#3862,#2050,.T.);
#4782=EDGE_CURVE('',#3868,#3867,#2051,.T.);
#4783=EDGE_CURVE('',#3868,#3863,#2052,.T.);
#4784=EDGE_CURVE('',#3869,#3868,#2053,.T.);
#4785=EDGE_CURVE('',#3869,#3864,#2054,.T.);
#4786=EDGE_CURVE('',#3870,#3869,#2055,.T.);
#4787=EDGE_CURVE('',#3870,#3860,#2056,.T.);
#4788=EDGE_CURVE('',#3865,#3870,#2057,.T.);
#4789=EDGE_CURVE('',#3871,#3871,#3345,.T.);
#4790=EDGE_CURVE('',#3871,#3872,#2058,.T.);
#4791=EDGE_CURVE('',#3872,#3872,#3346,.T.);
#4792=EDGE_CURVE('',#3872,#3873,#2059,.T.);
#4793=EDGE_CURVE('',#3873,#3873,#3347,.T.);
#4794=EDGE_CURVE('',#3874,#3874,#3348,.T.);
#4795=EDGE_CURVE('',#3874,#3875,#2060,.T.);
#4796=EDGE_CURVE('',#3875,#3875,#3349,.T.);
#4797=EDGE_CURVE('',#3876,#3877,#2061,.T.);
#4798=EDGE_CURVE('',#3878,#3876,#2062,.T.);
#4799=EDGE_CURVE('',#3879,#3878,#2063,.T.);
#4800=EDGE_CURVE('',#3880,#3879,#2064,.T.);
#4801=EDGE_CURVE('',#3881,#3880,#2065,.T.);
#4802=EDGE_CURVE('',#3877,#3881,#2066,.T.);
#4803=EDGE_CURVE('',#3882,#3876,#2067,.T.);
#4804=EDGE_CURVE('',#3883,#3882,#2068,.T.);
#4805=EDGE_CURVE('',#3883,#3878,#2069,.T.);
#4806=EDGE_CURVE('',#3884,#3883,#2070,.T.);
#4807=EDGE_CURVE('',#3884,#3879,#2071,.T.);
#4808=EDGE_CURVE('',#3885,#3884,#2072,.T.);
#4809=EDGE_CURVE('',#3885,#3880,#2073,.T.);
#4810=EDGE_CURVE('',#3886,#3885,#2074,.T.);
#4811=EDGE_CURVE('',#3886,#3881,#2075,.T.);
#4812=EDGE_CURVE('',#3887,#3886,#2076,.T.);
#4813=EDGE_CURVE('',#3887,#3877,#2077,.T.);
#4814=EDGE_CURVE('',#3882,#3887,#2078,.T.);
#4815=EDGE_CURVE('',#3888,#3888,#3350,.T.);
#4816=EDGE_CURVE('',#3888,#3889,#2079,.T.);
#4817=EDGE_CURVE('',#3889,#3889,#3351,.T.);
#4818=EDGE_CURVE('',#3889,#3890,#2080,.T.);
#4819=EDGE_CURVE('',#3890,#3890,#3352,.T.);
#4820=EDGE_CURVE('',#3891,#3891,#3353,.T.);
#4821=EDGE_CURVE('',#3891,#3892,#2081,.T.);
#4822=EDGE_CURVE('',#3892,#3892,#3354,.T.);
#4823=EDGE_CURVE('',#3893,#3894,#2082,.T.);
#4824=EDGE_CURVE('',#3895,#3893,#2083,.T.);
#4825=EDGE_CURVE('',#3896,#3895,#2084,.T.);
#4826=EDGE_CURVE('',#3897,#3896,#2085,.T.);
#4827=EDGE_CURVE('',#3898,#3897,#2086,.T.);
#4828=EDGE_CURVE('',#3894,#3898,#2087,.T.);
#4829=EDGE_CURVE('',#3899,#3893,#2088,.T.);
#4830=EDGE_CURVE('',#3900,#3899,#2089,.T.);
#4831=EDGE_CURVE('',#3900,#3895,#2090,.T.);
#4832=EDGE_CURVE('',#3901,#3900,#2091,.T.);
#4833=EDGE_CURVE('',#3901,#3896,#2092,.T.);
#4834=EDGE_CURVE('',#3902,#3901,#2093,.T.);
#4835=EDGE_CURVE('',#3902,#3897,#2094,.T.);
#4836=EDGE_CURVE('',#3903,#3902,#2095,.T.);
#4837=EDGE_CURVE('',#3903,#3898,#2096,.T.);
#4838=EDGE_CURVE('',#3904,#3903,#2097,.T.);
#4839=EDGE_CURVE('',#3904,#3894,#2098,.T.);
#4840=EDGE_CURVE('',#3899,#3904,#2099,.T.);
#4841=EDGE_CURVE('',#3905,#3905,#3355,.T.);
#4842=EDGE_CURVE('',#3905,#3906,#2100,.T.);
#4843=EDGE_CURVE('',#3906,#3906,#3356,.T.);
#4844=EDGE_CURVE('',#3906,#3907,#2101,.T.);
#4845=EDGE_CURVE('',#3907,#3907,#3357,.T.);
#4846=EDGE_CURVE('',#3908,#3908,#3358,.T.);
#4847=EDGE_CURVE('',#3908,#3909,#2102,.T.);
#4848=EDGE_CURVE('',#3909,#3909,#3359,.T.);
#4849=EDGE_CURVE('',#3910,#3911,#2103,.T.);
#4850=EDGE_CURVE('',#3912,#3910,#2104,.T.);
#4851=EDGE_CURVE('',#3913,#3912,#2105,.T.);
#4852=EDGE_CURVE('',#3914,#3913,#2106,.T.);
#4853=EDGE_CURVE('',#3915,#3914,#2107,.T.);
#4854=EDGE_CURVE('',#3911,#3915,#2108,.T.);
#4855=EDGE_CURVE('',#3916,#3910,#2109,.T.);
#4856=EDGE_CURVE('',#3917,#3916,#2110,.T.);
#4857=EDGE_CURVE('',#3917,#3912,#2111,.T.);
#4858=EDGE_CURVE('',#3918,#3917,#2112,.T.);
#4859=EDGE_CURVE('',#3918,#3913,#2113,.T.);
#4860=EDGE_CURVE('',#3919,#3918,#2114,.T.);
#4861=EDGE_CURVE('',#3919,#3914,#2115,.T.);
#4862=EDGE_CURVE('',#3920,#3919,#2116,.T.);
#4863=EDGE_CURVE('',#3920,#3915,#2117,.T.);
#4864=EDGE_CURVE('',#3921,#3920,#2118,.T.);
#4865=EDGE_CURVE('',#3921,#3911,#2119,.T.);
#4866=EDGE_CURVE('',#3916,#3921,#2120,.T.);
#4867=EDGE_CURVE('',#3922,#3922,#3360,.T.);
#4868=EDGE_CURVE('',#3922,#3923,#2121,.T.);
#4869=EDGE_CURVE('',#3923,#3923,#3361,.T.);
#4870=EDGE_CURVE('',#3923,#3924,#2122,.T.);
#4871=EDGE_CURVE('',#3924,#3924,#3362,.T.);
#4872=EDGE_CURVE('',#3925,#3925,#3363,.T.);
#4873=EDGE_CURVE('',#3925,#3926,#2123,.T.);
#4874=EDGE_CURVE('',#3926,#3926,#3364,.T.);
#4875=EDGE_CURVE('',#3927,#3928,#2124,.T.);
#4876=EDGE_CURVE('',#3929,#3927,#2125,.T.);
#4877=EDGE_CURVE('',#3930,#3929,#2126,.T.);
#4878=EDGE_CURVE('',#3931,#3930,#2127,.T.);
#4879=EDGE_CURVE('',#3932,#3931,#2128,.T.);
#4880=EDGE_CURVE('',#3928,#3932,#2129,.T.);
#4881=EDGE_CURVE('',#3933,#3927,#2130,.T.);
#4882=EDGE_CURVE('',#3934,#3933,#2131,.T.);
#4883=EDGE_CURVE('',#3934,#3929,#2132,.T.);
#4884=EDGE_CURVE('',#3935,#3934,#2133,.T.);
#4885=EDGE_CURVE('',#3935,#3930,#2134,.T.);
#4886=EDGE_CURVE('',#3936,#3935,#2135,.T.);
#4887=EDGE_CURVE('',#3936,#3931,#2136,.T.);
#4888=EDGE_CURVE('',#3937,#3936,#2137,.T.);
#4889=EDGE_CURVE('',#3937,#3932,#2138,.T.);
#4890=EDGE_CURVE('',#3938,#3937,#2139,.T.);
#4891=EDGE_CURVE('',#3938,#3928,#2140,.T.);
#4892=EDGE_CURVE('',#3933,#3938,#2141,.T.);
#4893=EDGE_CURVE('',#3939,#3939,#3365,.T.);
#4894=EDGE_CURVE('',#3939,#3940,#2142,.T.);
#4895=EDGE_CURVE('',#3940,#3940,#3366,.T.);
#4896=EDGE_CURVE('',#3940,#3941,#2143,.T.);
#4897=EDGE_CURVE('',#3941,#3941,#3367,.T.);
#4898=EDGE_CURVE('',#3942,#3942,#3368,.T.);
#4899=EDGE_CURVE('',#3942,#3943,#2144,.T.);
#4900=EDGE_CURVE('',#3943,#3943,#3369,.T.);
#4901=EDGE_CURVE('',#3944,#3945,#2145,.T.);
#4902=EDGE_CURVE('',#3946,#3944,#2146,.T.);
#4903=EDGE_CURVE('',#3947,#3946,#2147,.T.);
#4904=EDGE_CURVE('',#3948,#3947,#2148,.T.);
#4905=EDGE_CURVE('',#3949,#3948,#2149,.T.);
#4906=EDGE_CURVE('',#3945,#3949,#2150,.T.);
#4907=EDGE_CURVE('',#3950,#3944,#2151,.T.);
#4908=EDGE_CURVE('',#3951,#3950,#2152,.T.);
#4909=EDGE_CURVE('',#3951,#3946,#2153,.T.);
#4910=EDGE_CURVE('',#3952,#3951,#2154,.T.);
#4911=EDGE_CURVE('',#3952,#3947,#2155,.T.);
#4912=EDGE_CURVE('',#3953,#3952,#2156,.T.);
#4913=EDGE_CURVE('',#3953,#3948,#2157,.T.);
#4914=EDGE_CURVE('',#3954,#3953,#2158,.T.);
#4915=EDGE_CURVE('',#3954,#3949,#2159,.T.);
#4916=EDGE_CURVE('',#3955,#3954,#2160,.T.);
#4917=EDGE_CURVE('',#3955,#3945,#2161,.T.);
#4918=EDGE_CURVE('',#3950,#3955,#2162,.T.);
#4919=EDGE_CURVE('',#3956,#3956,#3370,.T.);
#4920=EDGE_CURVE('',#3956,#3957,#2163,.T.);
#4921=EDGE_CURVE('',#3957,#3957,#3371,.T.);
#4922=EDGE_CURVE('',#3957,#3958,#2164,.T.);
#4923=EDGE_CURVE('',#3958,#3958,#3372,.T.);
#4924=EDGE_CURVE('',#3959,#3959,#3373,.T.);
#4925=EDGE_CURVE('',#3959,#3960,#2165,.T.);
#4926=EDGE_CURVE('',#3960,#3960,#3374,.T.);
#4927=EDGE_CURVE('',#3961,#3962,#2166,.T.);
#4928=EDGE_CURVE('',#3963,#3961,#2167,.T.);
#4929=EDGE_CURVE('',#3964,#3963,#2168,.T.);
#4930=EDGE_CURVE('',#3965,#3964,#2169,.T.);
#4931=EDGE_CURVE('',#3966,#3965,#2170,.T.);
#4932=EDGE_CURVE('',#3962,#3966,#2171,.T.);
#4933=EDGE_CURVE('',#3967,#3961,#2172,.T.);
#4934=EDGE_CURVE('',#3968,#3967,#2173,.T.);
#4935=EDGE_CURVE('',#3968,#3963,#2174,.T.);
#4936=EDGE_CURVE('',#3969,#3968,#2175,.T.);
#4937=EDGE_CURVE('',#3969,#3964,#2176,.T.);
#4938=EDGE_CURVE('',#3970,#3969,#2177,.T.);
#4939=EDGE_CURVE('',#3970,#3965,#2178,.T.);
#4940=EDGE_CURVE('',#3971,#3970,#2179,.T.);
#4941=EDGE_CURVE('',#3971,#3966,#2180,.T.);
#4942=EDGE_CURVE('',#3972,#3971,#2181,.T.);
#4943=EDGE_CURVE('',#3972,#3962,#2182,.T.);
#4944=EDGE_CURVE('',#3967,#3972,#2183,.T.);
#4945=EDGE_CURVE('',#3973,#3973,#3375,.T.);
#4946=EDGE_CURVE('',#3973,#3974,#2184,.T.);
#4947=EDGE_CURVE('',#3974,#3974,#3376,.T.);
#4948=EDGE_CURVE('',#3974,#3975,#2185,.T.);
#4949=EDGE_CURVE('',#3975,#3975,#3377,.T.);
#4950=EDGE_CURVE('',#3976,#3976,#3378,.T.);
#4951=EDGE_CURVE('',#3976,#3977,#2186,.T.);
#4952=EDGE_CURVE('',#3977,#3977,#3379,.T.);
#4953=EDGE_CURVE('',#3978,#3979,#2187,.T.);
#4954=EDGE_CURVE('',#3980,#3978,#2188,.T.);
#4955=EDGE_CURVE('',#3981,#3980,#2189,.T.);
#4956=EDGE_CURVE('',#3982,#3981,#2190,.T.);
#4957=EDGE_CURVE('',#3983,#3982,#2191,.T.);
#4958=EDGE_CURVE('',#3979,#3983,#2192,.T.);
#4959=EDGE_CURVE('',#3984,#3978,#2193,.T.);
#4960=EDGE_CURVE('',#3985,#3984,#2194,.T.);
#4961=EDGE_CURVE('',#3985,#3980,#2195,.T.);
#4962=EDGE_CURVE('',#3986,#3985,#2196,.T.);
#4963=EDGE_CURVE('',#3986,#3981,#2197,.T.);
#4964=EDGE_CURVE('',#3987,#3986,#2198,.T.);
#4965=EDGE_CURVE('',#3987,#3982,#2199,.T.);
#4966=EDGE_CURVE('',#3988,#3987,#2200,.T.);
#4967=EDGE_CURVE('',#3988,#3983,#2201,.T.);
#4968=EDGE_CURVE('',#3989,#3988,#2202,.T.);
#4969=EDGE_CURVE('',#3989,#3979,#2203,.T.);
#4970=EDGE_CURVE('',#3984,#3989,#2204,.T.);
#4971=EDGE_CURVE('',#3990,#3990,#3380,.T.);
#4972=EDGE_CURVE('',#3990,#3991,#2205,.T.);
#4973=EDGE_CURVE('',#3991,#3991,#3381,.T.);
#4974=EDGE_CURVE('',#3991,#3992,#2206,.T.);
#4975=EDGE_CURVE('',#3992,#3992,#3382,.T.);
#4976=EDGE_CURVE('',#3993,#3993,#3383,.T.);
#4977=EDGE_CURVE('',#3993,#3994,#2207,.T.);
#4978=EDGE_CURVE('',#3994,#3994,#3384,.T.);
#4979=EDGE_CURVE('',#3995,#3996,#2208,.T.);
#4980=EDGE_CURVE('',#3997,#3995,#2209,.T.);
#4981=EDGE_CURVE('',#3998,#3997,#2210,.T.);
#4982=EDGE_CURVE('',#3999,#3998,#2211,.T.);
#4983=EDGE_CURVE('',#4000,#3999,#2212,.T.);
#4984=EDGE_CURVE('',#3996,#4000,#2213,.T.);
#4985=EDGE_CURVE('',#4001,#3995,#2214,.T.);
#4986=EDGE_CURVE('',#4002,#4001,#2215,.T.);
#4987=EDGE_CURVE('',#4002,#3997,#2216,.T.);
#4988=EDGE_CURVE('',#4003,#4002,#2217,.T.);
#4989=EDGE_CURVE('',#4003,#3998,#2218,.T.);
#4990=EDGE_CURVE('',#4004,#4003,#2219,.T.);
#4991=EDGE_CURVE('',#4004,#3999,#2220,.T.);
#4992=EDGE_CURVE('',#4005,#4004,#2221,.T.);
#4993=EDGE_CURVE('',#4005,#4000,#2222,.T.);
#4994=EDGE_CURVE('',#4006,#4005,#2223,.T.);
#4995=EDGE_CURVE('',#4006,#3996,#2224,.T.);
#4996=EDGE_CURVE('',#4001,#4006,#2225,.T.);
#4997=EDGE_CURVE('',#4007,#4007,#3385,.T.);
#4998=EDGE_CURVE('',#4007,#4008,#2226,.T.);
#4999=EDGE_CURVE('',#4008,#4008,#3386,.T.);
#5000=EDGE_CURVE('',#4008,#4009,#2227,.T.);
#5001=EDGE_CURVE('',#4009,#4009,#3387,.T.);
#5002=EDGE_CURVE('',#4010,#4010,#3388,.T.);
#5003=EDGE_CURVE('',#4010,#4011,#2228,.T.);
#5004=EDGE_CURVE('',#4011,#4011,#3389,.T.);
#5005=EDGE_CURVE('',#4012,#4013,#2229,.T.);
#5006=EDGE_CURVE('',#4014,#4012,#2230,.T.);
#5007=EDGE_CURVE('',#4015,#4014,#2231,.T.);
#5008=EDGE_CURVE('',#4016,#4015,#2232,.T.);
#5009=EDGE_CURVE('',#4017,#4016,#2233,.T.);
#5010=EDGE_CURVE('',#4013,#4017,#2234,.T.);
#5011=EDGE_CURVE('',#4018,#4012,#2235,.T.);
#5012=EDGE_CURVE('',#4019,#4018,#2236,.T.);
#5013=EDGE_CURVE('',#4019,#4014,#2237,.T.);
#5014=EDGE_CURVE('',#4020,#4019,#2238,.T.);
#5015=EDGE_CURVE('',#4020,#4015,#2239,.T.);
#5016=EDGE_CURVE('',#4021,#4020,#2240,.T.);
#5017=EDGE_CURVE('',#4021,#4016,#2241,.T.);
#5018=EDGE_CURVE('',#4022,#4021,#2242,.T.);
#5019=EDGE_CURVE('',#4022,#4017,#2243,.T.);
#5020=EDGE_CURVE('',#4023,#4022,#2244,.T.);
#5021=EDGE_CURVE('',#4023,#4013,#2245,.T.);
#5022=EDGE_CURVE('',#4018,#4023,#2246,.T.);
#5023=EDGE_CURVE('',#4024,#4024,#3390,.T.);
#5024=EDGE_CURVE('',#4024,#4025,#2247,.T.);
#5025=EDGE_CURVE('',#4025,#4025,#3391,.T.);
#5026=EDGE_CURVE('',#4025,#4026,#2248,.T.);
#5027=EDGE_CURVE('',#4026,#4026,#3392,.T.);
#5028=EDGE_CURVE('',#4027,#4027,#3393,.T.);
#5029=EDGE_CURVE('',#4027,#4028,#2249,.T.);
#5030=EDGE_CURVE('',#4028,#4028,#3394,.T.);
#5031=EDGE_CURVE('',#4029,#4030,#2250,.T.);
#5032=EDGE_CURVE('',#4031,#4029,#2251,.T.);
#5033=EDGE_CURVE('',#4032,#4031,#2252,.T.);
#5034=EDGE_CURVE('',#4033,#4032,#2253,.T.);
#5035=EDGE_CURVE('',#4034,#4033,#2254,.T.);
#5036=EDGE_CURVE('',#4030,#4034,#2255,.T.);
#5037=EDGE_CURVE('',#4035,#4029,#2256,.T.);
#5038=EDGE_CURVE('',#4036,#4035,#2257,.T.);
#5039=EDGE_CURVE('',#4036,#4031,#2258,.T.);
#5040=EDGE_CURVE('',#4037,#4036,#2259,.T.);
#5041=EDGE_CURVE('',#4037,#4032,#2260,.T.);
#5042=EDGE_CURVE('',#4038,#4037,#2261,.T.);
#5043=EDGE_CURVE('',#4038,#4033,#2262,.T.);
#5044=EDGE_CURVE('',#4039,#4038,#2263,.T.);
#5045=EDGE_CURVE('',#4039,#4034,#2264,.T.);
#5046=EDGE_CURVE('',#4040,#4039,#2265,.T.);
#5047=EDGE_CURVE('',#4040,#4030,#2266,.T.);
#5048=EDGE_CURVE('',#4035,#4040,#2267,.T.);
#5049=EDGE_CURVE('',#4041,#4041,#3395,.T.);
#5050=EDGE_CURVE('',#4041,#4042,#2268,.T.);
#5051=EDGE_CURVE('',#4042,#4042,#3396,.T.);
#5052=EDGE_CURVE('',#4042,#4043,#2269,.T.);
#5053=EDGE_CURVE('',#4043,#4043,#3397,.T.);
#5054=EDGE_CURVE('',#4044,#4044,#3398,.T.);
#5055=EDGE_CURVE('',#4044,#4045,#2270,.T.);
#5056=EDGE_CURVE('',#4045,#4045,#3399,.T.);
#5057=EDGE_CURVE('',#4046,#4047,#2271,.T.);
#5058=EDGE_CURVE('',#4048,#4046,#2272,.T.);
#5059=EDGE_CURVE('',#4049,#4048,#2273,.T.);
#5060=EDGE_CURVE('',#4050,#4049,#2274,.T.);
#5061=EDGE_CURVE('',#4051,#4050,#2275,.T.);
#5062=EDGE_CURVE('',#4047,#4051,#2276,.T.);
#5063=EDGE_CURVE('',#4052,#4046,#2277,.T.);
#5064=EDGE_CURVE('',#4053,#4052,#2278,.T.);
#5065=EDGE_CURVE('',#4053,#4048,#2279,.T.);
#5066=EDGE_CURVE('',#4054,#4053,#2280,.T.);
#5067=EDGE_CURVE('',#4054,#4049,#2281,.T.);
#5068=EDGE_CURVE('',#4055,#4054,#2282,.T.);
#5069=EDGE_CURVE('',#4055,#4050,#2283,.T.);
#5070=EDGE_CURVE('',#4056,#4055,#2284,.T.);
#5071=EDGE_CURVE('',#4056,#4051,#2285,.T.);
#5072=EDGE_CURVE('',#4057,#4056,#2286,.T.);
#5073=EDGE_CURVE('',#4057,#4047,#2287,.T.);
#5074=EDGE_CURVE('',#4052,#4057,#2288,.T.);
#5075=EDGE_CURVE('',#4058,#4058,#3400,.T.);
#5076=EDGE_CURVE('',#4058,#4059,#2289,.T.);
#5077=EDGE_CURVE('',#4059,#4059,#3401,.T.);
#5078=EDGE_CURVE('',#4059,#4060,#2290,.T.);
#5079=EDGE_CURVE('',#4060,#4060,#3402,.T.);
#5080=EDGE_CURVE('',#4061,#4061,#3403,.T.);
#5081=EDGE_CURVE('',#4061,#4062,#2291,.T.);
#5082=EDGE_CURVE('',#4062,#4062,#3404,.T.);
#5083=EDGE_CURVE('',#4063,#4064,#2292,.T.);
#5084=EDGE_CURVE('',#4065,#4063,#2293,.T.);
#5085=EDGE_CURVE('',#4066,#4065,#2294,.T.);
#5086=EDGE_CURVE('',#4067,#4066,#2295,.T.);
#5087=EDGE_CURVE('',#4068,#4067,#2296,.T.);
#5088=EDGE_CURVE('',#4064,#4068,#2297,.T.);
#5089=EDGE_CURVE('',#4069,#4063,#2298,.T.);
#5090=EDGE_CURVE('',#4070,#4069,#2299,.T.);
#5091=EDGE_CURVE('',#4070,#4065,#2300,.T.);
#5092=EDGE_CURVE('',#4071,#4070,#2301,.T.);
#5093=EDGE_CURVE('',#4071,#4066,#2302,.T.);
#5094=EDGE_CURVE('',#4072,#4071,#2303,.T.);
#5095=EDGE_CURVE('',#4072,#4067,#2304,.T.);
#5096=EDGE_CURVE('',#4073,#4072,#2305,.T.);
#5097=EDGE_CURVE('',#4073,#4068,#2306,.T.);
#5098=EDGE_CURVE('',#4074,#4073,#2307,.T.);
#5099=EDGE_CURVE('',#4074,#4064,#2308,.T.);
#5100=EDGE_CURVE('',#4069,#4074,#2309,.T.);
#5101=EDGE_CURVE('',#4075,#4075,#3405,.T.);
#5102=EDGE_CURVE('',#4075,#4076,#2310,.T.);
#5103=EDGE_CURVE('',#4076,#4076,#3406,.T.);
#5104=EDGE_CURVE('',#4076,#4077,#2311,.T.);
#5105=EDGE_CURVE('',#4077,#4077,#3407,.T.);
#5106=EDGE_CURVE('',#4078,#4078,#3408,.T.);
#5107=EDGE_CURVE('',#4078,#4079,#2312,.T.);
#5108=EDGE_CURVE('',#4079,#4079,#3409,.T.);
#5109=EDGE_CURVE('',#4080,#4081,#2313,.T.);
#5110=EDGE_CURVE('',#4082,#4080,#2314,.T.);
#5111=EDGE_CURVE('',#4083,#4082,#2315,.T.);
#5112=EDGE_CURVE('',#4084,#4083,#2316,.T.);
#5113=EDGE_CURVE('',#4085,#4084,#2317,.T.);
#5114=EDGE_CURVE('',#4081,#4085,#2318,.T.);
#5115=EDGE_CURVE('',#4086,#4080,#2319,.T.);
#5116=EDGE_CURVE('',#4087,#4086,#2320,.T.);
#5117=EDGE_CURVE('',#4087,#4082,#2321,.T.);
#5118=EDGE_CURVE('',#4088,#4087,#2322,.T.);
#5119=EDGE_CURVE('',#4088,#4083,#2323,.T.);
#5120=EDGE_CURVE('',#4089,#4088,#2324,.T.);
#5121=EDGE_CURVE('',#4089,#4084,#2325,.T.);
#5122=EDGE_CURVE('',#4090,#4089,#2326,.T.);
#5123=EDGE_CURVE('',#4090,#4085,#2327,.T.);
#5124=EDGE_CURVE('',#4091,#4090,#2328,.T.);
#5125=EDGE_CURVE('',#4091,#4081,#2329,.T.);
#5126=EDGE_CURVE('',#4086,#4091,#2330,.T.);
#5127=EDGE_CURVE('',#4092,#4092,#3410,.T.);
#5128=EDGE_CURVE('',#4092,#4093,#2331,.T.);
#5129=EDGE_CURVE('',#4093,#4093,#3411,.T.);
#5130=EDGE_CURVE('',#4093,#4094,#2332,.T.);
#5131=EDGE_CURVE('',#4094,#4094,#3412,.T.);
#5132=EDGE_CURVE('',#4095,#4095,#3413,.T.);
#5133=EDGE_CURVE('',#4095,#4096,#2333,.T.);
#5134=EDGE_CURVE('',#4096,#4096,#3414,.T.);
#5135=EDGE_CURVE('',#4097,#4098,#2334,.T.);
#5136=EDGE_CURVE('',#4099,#4097,#2335,.T.);
#5137=EDGE_CURVE('',#4100,#4099,#2336,.T.);
#5138=EDGE_CURVE('',#4101,#4100,#2337,.T.);
#5139=EDGE_CURVE('',#4102,#4101,#2338,.T.);
#5140=EDGE_CURVE('',#4098,#4102,#2339,.T.);
#5141=EDGE_CURVE('',#4103,#4097,#2340,.T.);
#5142=EDGE_CURVE('',#4104,#4103,#2341,.T.);
#5143=EDGE_CURVE('',#4104,#4099,#2342,.T.);
#5144=EDGE_CURVE('',#4105,#4104,#2343,.T.);
#5145=EDGE_CURVE('',#4105,#4100,#2344,.T.);
#5146=EDGE_CURVE('',#4106,#4105,#2345,.T.);
#5147=EDGE_CURVE('',#4106,#4101,#2346,.T.);
#5148=EDGE_CURVE('',#4107,#4106,#2347,.T.);
#5149=EDGE_CURVE('',#4107,#4102,#2348,.T.);
#5150=EDGE_CURVE('',#4108,#4107,#2349,.T.);
#5151=EDGE_CURVE('',#4108,#4098,#2350,.T.);
#5152=EDGE_CURVE('',#4103,#4108,#2351,.T.);
#5153=EDGE_CURVE('',#4109,#4109,#3415,.T.);
#5154=EDGE_CURVE('',#4109,#4110,#2352,.T.);
#5155=EDGE_CURVE('',#4110,#4110,#3416,.T.);
#5156=EDGE_CURVE('',#4110,#4111,#2353,.T.);
#5157=EDGE_CURVE('',#4111,#4111,#3417,.T.);
#5158=EDGE_CURVE('',#4112,#4112,#3418,.T.);
#5159=EDGE_CURVE('',#4112,#4113,#2354,.T.);
#5160=EDGE_CURVE('',#4113,#4113,#3419,.T.);
#5161=EDGE_CURVE('',#4114,#4115,#2355,.T.);
#5162=EDGE_CURVE('',#4116,#4114,#2356,.T.);
#5163=EDGE_CURVE('',#4117,#4116,#2357,.T.);
#5164=EDGE_CURVE('',#4118,#4117,#2358,.T.);
#5165=EDGE_CURVE('',#4119,#4118,#2359,.T.);
#5166=EDGE_CURVE('',#4115,#4119,#2360,.T.);
#5167=EDGE_CURVE('',#4120,#4114,#2361,.T.);
#5168=EDGE_CURVE('',#4121,#4120,#2362,.T.);
#5169=EDGE_CURVE('',#4121,#4116,#2363,.T.);
#5170=EDGE_CURVE('',#4122,#4121,#2364,.T.);
#5171=EDGE_CURVE('',#4122,#4117,#2365,.T.);
#5172=EDGE_CURVE('',#4123,#4122,#2366,.T.);
#5173=EDGE_CURVE('',#4123,#4118,#2367,.T.);
#5174=EDGE_CURVE('',#4124,#4123,#2368,.T.);
#5175=EDGE_CURVE('',#4124,#4119,#2369,.T.);
#5176=EDGE_CURVE('',#4125,#4124,#2370,.T.);
#5177=EDGE_CURVE('',#4125,#4115,#2371,.T.);
#5178=EDGE_CURVE('',#4120,#4125,#2372,.T.);
#5179=ORIENTED_EDGE('',*,*,#4126,.F.);
#5180=ORIENTED_EDGE('',*,*,#4127,.T.);
#5181=ORIENTED_EDGE('',*,*,#4128,.T.);
#5182=ORIENTED_EDGE('',*,*,#4127,.F.);
#5183=ORIENTED_EDGE('',*,*,#4128,.F.);
#5184=ORIENTED_EDGE('',*,*,#4129,.F.);
#5185=ORIENTED_EDGE('',*,*,#4130,.T.);
#5186=ORIENTED_EDGE('',*,*,#4131,.T.);
#5187=ORIENTED_EDGE('',*,*,#4130,.F.);
#5188=ORIENTED_EDGE('',*,*,#4132,.F.);
#5189=ORIENTED_EDGE('',*,*,#4133,.T.);
#5190=ORIENTED_EDGE('',*,*,#4134,.T.);
#5191=ORIENTED_EDGE('',*,*,#4133,.F.);
#5192=ORIENTED_EDGE('',*,*,#4135,.T.);
#5193=ORIENTED_EDGE('',*,*,#4132,.T.);
#5194=ORIENTED_EDGE('',*,*,#4135,.F.);
#5195=ORIENTED_EDGE('',*,*,#4136,.F.);
#5196=ORIENTED_EDGE('',*,*,#4137,.T.);
#5197=ORIENTED_EDGE('',*,*,#4138,.T.);
#5198=ORIENTED_EDGE('',*,*,#4137,.F.);
#5199=ORIENTED_EDGE('',*,*,#4139,.T.);
#5200=ORIENTED_EDGE('',*,*,#4136,.T.);
#5201=ORIENTED_EDGE('',*,*,#4139,.F.);
#5202=ORIENTED_EDGE('',*,*,#4140,.F.);
#5203=ORIENTED_EDGE('',*,*,#4141,.T.);
#5204=ORIENTED_EDGE('',*,*,#4142,.T.);
#5205=ORIENTED_EDGE('',*,*,#4141,.F.);
#5206=ORIENTED_EDGE('',*,*,#4143,.F.);
#5207=ORIENTED_EDGE('',*,*,#4144,.T.);
#5208=ORIENTED_EDGE('',*,*,#4145,.T.);
#5209=ORIENTED_EDGE('',*,*,#4144,.F.);
#5210=ORIENTED_EDGE('',*,*,#4146,.F.);
#5211=ORIENTED_EDGE('',*,*,#4147,.T.);
#5212=ORIENTED_EDGE('',*,*,#4148,.T.);
#5213=ORIENTED_EDGE('',*,*,#4147,.F.);
#5214=ORIENTED_EDGE('',*,*,#4149,.F.);
#5215=ORIENTED_EDGE('',*,*,#4150,.T.);
#5216=ORIENTED_EDGE('',*,*,#4151,.T.);
#5217=ORIENTED_EDGE('',*,*,#4150,.F.);
#5218=ORIENTED_EDGE('',*,*,#4152,.F.);
#5219=ORIENTED_EDGE('',*,*,#4153,.T.);
#5220=ORIENTED_EDGE('',*,*,#4154,.T.);
#5221=ORIENTED_EDGE('',*,*,#4153,.F.);
#5222=ORIENTED_EDGE('',*,*,#4155,.F.);
#5223=ORIENTED_EDGE('',*,*,#4156,.T.);
#5224=ORIENTED_EDGE('',*,*,#4157,.T.);
#5225=ORIENTED_EDGE('',*,*,#4156,.F.);
#5226=ORIENTED_EDGE('',*,*,#4158,.F.);
#5227=ORIENTED_EDGE('',*,*,#4159,.T.);
#5228=ORIENTED_EDGE('',*,*,#4160,.T.);
#5229=ORIENTED_EDGE('',*,*,#4159,.F.);
#5230=ORIENTED_EDGE('',*,*,#4161,.F.);
#5231=ORIENTED_EDGE('',*,*,#4162,.F.);
#5232=ORIENTED_EDGE('',*,*,#4163,.T.);
#5233=ORIENTED_EDGE('',*,*,#4164,.F.);
#5234=ORIENTED_EDGE('',*,*,#4165,.T.);
#5235=ORIENTED_EDGE('',*,*,#4166,.F.);
#5236=ORIENTED_EDGE('',*,*,#4167,.F.);
#5237=ORIENTED_EDGE('',*,*,#4168,.T.);
#5238=ORIENTED_EDGE('',*,*,#4169,.F.);
#5239=ORIENTED_EDGE('',*,*,#4170,.F.);
#5240=ORIENTED_EDGE('',*,*,#4171,.T.);
#5241=ORIENTED_EDGE('',*,*,#4172,.T.);
#5242=ORIENTED_EDGE('',*,*,#4142,.F.);
#5243=ORIENTED_EDGE('',*,*,#4131,.F.);
#5244=ORIENTED_EDGE('',*,*,#4134,.F.);
#5245=ORIENTED_EDGE('',*,*,#4138,.F.);
#5246=ORIENTED_EDGE('',*,*,#4173,.T.);
#5247=ORIENTED_EDGE('',*,*,#4174,.F.);
#5248=ORIENTED_EDGE('',*,*,#4175,.F.);
#5249=ORIENTED_EDGE('',*,*,#4176,.T.);
#5250=ORIENTED_EDGE('',*,*,#4177,.T.);
#5251=ORIENTED_EDGE('',*,*,#4166,.T.);
#5252=ORIENTED_EDGE('',*,*,#4178,.T.);
#5253=ORIENTED_EDGE('',*,*,#4179,.T.);
#5254=ORIENTED_EDGE('',*,*,#4180,.F.);
#5255=ORIENTED_EDGE('',*,*,#4174,.T.);
#5256=ORIENTED_EDGE('',*,*,#4181,.T.);
#5257=ORIENTED_EDGE('',*,*,#4172,.F.);
#5258=ORIENTED_EDGE('',*,*,#4182,.F.);
#5259=ORIENTED_EDGE('',*,*,#4183,.T.);
#5260=ORIENTED_EDGE('',*,*,#4184,.F.);
#5261=ORIENTED_EDGE('',*,*,#4164,.T.);
#5262=ORIENTED_EDGE('',*,*,#4185,.F.);
#5263=ORIENTED_EDGE('',*,*,#4161,.T.);
#5264=ORIENTED_EDGE('',*,*,#4184,.T.);
#5265=ORIENTED_EDGE('',*,*,#4186,.T.);
#5266=ORIENTED_EDGE('',*,*,#4187,.T.);
#5267=ORIENTED_EDGE('',*,*,#4169,.T.);
#5268=ORIENTED_EDGE('',*,*,#4188,.F.);
#5269=ORIENTED_EDGE('',*,*,#4189,.T.);
#5270=ORIENTED_EDGE('',*,*,#4175,.T.);
#5271=ORIENTED_EDGE('',*,*,#4180,.T.);
#5272=ORIENTED_EDGE('',*,*,#4145,.F.);
#5273=ORIENTED_EDGE('',*,*,#4148,.F.);
#5274=ORIENTED_EDGE('',*,*,#4151,.F.);
#5275=ORIENTED_EDGE('',*,*,#4154,.F.);
#5276=ORIENTED_EDGE('',*,*,#4157,.F.);
#5277=ORIENTED_EDGE('',*,*,#4160,.F.);
#5278=ORIENTED_EDGE('',*,*,#4163,.F.);
#5279=ORIENTED_EDGE('',*,*,#4190,.T.);
#5280=ORIENTED_EDGE('',*,*,#4178,.F.);
#5281=ORIENTED_EDGE('',*,*,#4173,.F.);
#5282=ORIENTED_EDGE('',*,*,#4165,.F.);
#5283=ORIENTED_EDGE('',*,*,#4181,.F.);
#5284=ORIENTED_EDGE('',*,*,#4126,.T.);
#5285=ORIENTED_EDGE('',*,*,#4143,.T.);
#5286=ORIENTED_EDGE('',*,*,#4146,.T.);
#5287=ORIENTED_EDGE('',*,*,#4149,.T.);
#5288=ORIENTED_EDGE('',*,*,#4152,.T.);
#5289=ORIENTED_EDGE('',*,*,#4155,.T.);
#5290=ORIENTED_EDGE('',*,*,#4158,.T.);
#5291=ORIENTED_EDGE('',*,*,#4171,.F.);
#5292=ORIENTED_EDGE('',*,*,#4191,.F.);
#5293=ORIENTED_EDGE('',*,*,#4192,.T.);
#5294=ORIENTED_EDGE('',*,*,#4193,.T.);
#5295=ORIENTED_EDGE('',*,*,#4194,.T.);
#5296=ORIENTED_EDGE('',*,*,#4182,.T.);
#5297=ORIENTED_EDGE('',*,*,#4170,.T.);
#5298=ORIENTED_EDGE('',*,*,#4187,.F.);
#5299=ORIENTED_EDGE('',*,*,#4195,.T.);
#5300=ORIENTED_EDGE('',*,*,#4191,.T.);
#5301=ORIENTED_EDGE('',*,*,#4193,.F.);
#5302=ORIENTED_EDGE('',*,*,#4196,.T.);
#5303=ORIENTED_EDGE('',*,*,#4168,.F.);
#5304=ORIENTED_EDGE('',*,*,#4197,.F.);
#5305=ORIENTED_EDGE('',*,*,#4198,.T.);
#5306=ORIENTED_EDGE('',*,*,#4188,.T.);
#5307=ORIENTED_EDGE('',*,*,#4167,.T.);
#5308=ORIENTED_EDGE('',*,*,#4177,.F.);
#5309=ORIENTED_EDGE('',*,*,#4199,.T.);
#5310=ORIENTED_EDGE('',*,*,#4200,.F.);
#5311=ORIENTED_EDGE('',*,*,#4201,.T.);
#5312=ORIENTED_EDGE('',*,*,#4197,.T.);
#5313=ORIENTED_EDGE('',*,*,#4200,.T.);
#5314=ORIENTED_EDGE('',*,*,#4202,.T.);
#5315=ORIENTED_EDGE('',*,*,#4176,.F.);
#5316=ORIENTED_EDGE('',*,*,#4189,.F.);
#5317=ORIENTED_EDGE('',*,*,#4198,.F.);
#5318=ORIENTED_EDGE('',*,*,#4201,.F.);
#5319=ORIENTED_EDGE('',*,*,#4202,.F.);
#5320=ORIENTED_EDGE('',*,*,#4199,.F.);
#5321=ORIENTED_EDGE('',*,*,#4129,.T.);
#5322=ORIENTED_EDGE('',*,*,#4195,.F.);
#5323=ORIENTED_EDGE('',*,*,#4186,.F.);
#5324=ORIENTED_EDGE('',*,*,#4183,.F.);
#5325=ORIENTED_EDGE('',*,*,#4194,.F.);
#5326=ORIENTED_EDGE('',*,*,#4196,.F.);
#5327=ORIENTED_EDGE('',*,*,#4192,.F.);
#5328=ORIENTED_EDGE('',*,*,#4140,.T.);
#5329=ORIENTED_EDGE('',*,*,#4185,.T.);
#5330=ORIENTED_EDGE('',*,*,#4179,.F.);
#5331=ORIENTED_EDGE('',*,*,#4190,.F.);
#5332=ORIENTED_EDGE('',*,*,#4162,.T.);
#5333=ORIENTED_EDGE('',*,*,#4203,.F.);
#5334=ORIENTED_EDGE('',*,*,#4204,.T.);
#5335=ORIENTED_EDGE('',*,*,#4205,.T.);
#5336=ORIENTED_EDGE('',*,*,#4206,.F.);
#5337=ORIENTED_EDGE('',*,*,#4207,.F.);
#5338=ORIENTED_EDGE('',*,*,#4208,.T.);
#5339=ORIENTED_EDGE('',*,*,#4209,.T.);
#5340=ORIENTED_EDGE('',*,*,#4210,.F.);
#5341=ORIENTED_EDGE('',*,*,#4211,.F.);
#5342=ORIENTED_EDGE('',*,*,#4212,.F.);
#5343=ORIENTED_EDGE('',*,*,#4213,.F.);
#5344=ORIENTED_EDGE('',*,*,#4214,.T.);
#5345=ORIENTED_EDGE('',*,*,#4215,.F.);
#5346=ORIENTED_EDGE('',*,*,#4216,.F.);
#5347=ORIENTED_EDGE('',*,*,#4217,.F.);
#5348=ORIENTED_EDGE('',*,*,#4218,.F.);
#5349=ORIENTED_EDGE('',*,*,#4219,.T.);
#5350=ORIENTED_EDGE('',*,*,#4220,.F.);
#5351=ORIENTED_EDGE('',*,*,#4221,.F.);
#5352=ORIENTED_EDGE('',*,*,#4222,.F.);
#5353=ORIENTED_EDGE('',*,*,#4223,.F.);
#5354=ORIENTED_EDGE('',*,*,#4224,.T.);
#5355=ORIENTED_EDGE('',*,*,#4225,.T.);
#5356=ORIENTED_EDGE('',*,*,#4226,.T.);
#5357=ORIENTED_EDGE('',*,*,#4227,.F.);
#5358=ORIENTED_EDGE('',*,*,#4228,.T.);
#5359=ORIENTED_EDGE('',*,*,#4229,.T.);
#5360=ORIENTED_EDGE('',*,*,#4228,.F.);
#5361=ORIENTED_EDGE('',*,*,#4230,.F.);
#5362=ORIENTED_EDGE('',*,*,#4231,.T.);
#5363=ORIENTED_EDGE('',*,*,#4232,.T.);
#5364=ORIENTED_EDGE('',*,*,#4231,.F.);
#5365=ORIENTED_EDGE('',*,*,#4233,.F.);
#5366=ORIENTED_EDGE('',*,*,#4234,.T.);
#5367=ORIENTED_EDGE('',*,*,#4235,.T.);
#5368=ORIENTED_EDGE('',*,*,#4234,.F.);
#5369=ORIENTED_EDGE('',*,*,#4236,.F.);
#5370=ORIENTED_EDGE('',*,*,#4237,.T.);
#5371=ORIENTED_EDGE('',*,*,#4238,.T.);
#5372=ORIENTED_EDGE('',*,*,#4237,.F.);
#5373=ORIENTED_EDGE('',*,*,#4239,.F.);
#5374=ORIENTED_EDGE('',*,*,#4240,.F.);
#5375=ORIENTED_EDGE('',*,*,#4241,.F.);
#5376=ORIENTED_EDGE('',*,*,#4242,.F.);
#5377=ORIENTED_EDGE('',*,*,#4243,.F.);
#5378=ORIENTED_EDGE('',*,*,#4244,.F.);
#5379=ORIENTED_EDGE('',*,*,#4245,.F.);
#5380=ORIENTED_EDGE('',*,*,#4246,.F.);
#5381=ORIENTED_EDGE('',*,*,#4247,.F.);
#5382=ORIENTED_EDGE('',*,*,#4248,.T.);
#5383=ORIENTED_EDGE('',*,*,#4249,.T.);
#5384=ORIENTED_EDGE('',*,*,#4248,.F.);
#5385=ORIENTED_EDGE('',*,*,#4250,.F.);
#5386=ORIENTED_EDGE('',*,*,#4251,.T.);
#5387=ORIENTED_EDGE('',*,*,#4252,.T.);
#5388=ORIENTED_EDGE('',*,*,#4251,.F.);
#5389=ORIENTED_EDGE('',*,*,#4253,.F.);
#5390=ORIENTED_EDGE('',*,*,#4254,.T.);
#5391=ORIENTED_EDGE('',*,*,#4255,.T.);
#5392=ORIENTED_EDGE('',*,*,#4254,.F.);
#5393=ORIENTED_EDGE('',*,*,#4256,.F.);
#5394=ORIENTED_EDGE('',*,*,#4257,.T.);
#5395=ORIENTED_EDGE('',*,*,#4258,.T.);
#5396=ORIENTED_EDGE('',*,*,#4257,.F.);
#5397=ORIENTED_EDGE('',*,*,#4259,.F.);
#5398=ORIENTED_EDGE('',*,*,#4260,.T.);
#5399=ORIENTED_EDGE('',*,*,#4261,.T.);
#5400=ORIENTED_EDGE('',*,*,#4260,.F.);
#5401=ORIENTED_EDGE('',*,*,#4262,.T.);
#5402=ORIENTED_EDGE('',*,*,#4263,.T.);
#5403=ORIENTED_EDGE('',*,*,#4264,.F.);
#5404=ORIENTED_EDGE('',*,*,#4263,.F.);
#5405=ORIENTED_EDGE('',*,*,#4265,.T.);
#5406=ORIENTED_EDGE('',*,*,#4266,.T.);
#5407=ORIENTED_EDGE('',*,*,#4267,.F.);
#5408=ORIENTED_EDGE('',*,*,#4266,.F.);
#5409=ORIENTED_EDGE('',*,*,#4268,.T.);
#5410=ORIENTED_EDGE('',*,*,#4269,.T.);
#5411=ORIENTED_EDGE('',*,*,#4270,.F.);
#5412=ORIENTED_EDGE('',*,*,#4269,.F.);
#5413=ORIENTED_EDGE('',*,*,#4271,.T.);
#5414=ORIENTED_EDGE('',*,*,#4272,.T.);
#5415=ORIENTED_EDGE('',*,*,#4273,.F.);
#5416=ORIENTED_EDGE('',*,*,#4272,.F.);
#5417=ORIENTED_EDGE('',*,*,#4274,.T.);
#5418=ORIENTED_EDGE('',*,*,#4275,.T.);
#5419=ORIENTED_EDGE('',*,*,#4276,.F.);
#5420=ORIENTED_EDGE('',*,*,#4275,.F.);
#5421=ORIENTED_EDGE('',*,*,#4277,.T.);
#5422=ORIENTED_EDGE('',*,*,#4224,.F.);
#5423=ORIENTED_EDGE('',*,*,#4278,.F.);
#5424=ORIENTED_EDGE('',*,*,#4222,.T.);
#5425=ORIENTED_EDGE('',*,*,#4279,.T.);
#5426=ORIENTED_EDGE('',*,*,#4280,.T.);
#5427=ORIENTED_EDGE('',*,*,#4281,.F.);
#5428=ORIENTED_EDGE('',*,*,#4282,.T.);
#5429=ORIENTED_EDGE('',*,*,#4283,.F.);
#5430=ORIENTED_EDGE('',*,*,#4284,.T.);
#5431=ORIENTED_EDGE('',*,*,#4285,.F.);
#5432=ORIENTED_EDGE('',*,*,#4286,.F.);
#5433=ORIENTED_EDGE('',*,*,#4287,.F.);
#5434=ORIENTED_EDGE('',*,*,#4288,.F.);
#5435=ORIENTED_EDGE('',*,*,#4289,.F.);
#5436=ORIENTED_EDGE('',*,*,#4209,.F.);
#5437=ORIENTED_EDGE('',*,*,#4290,.T.);
#5438=ORIENTED_EDGE('',*,*,#4291,.T.);
#5439=ORIENTED_EDGE('',*,*,#4292,.F.);
#5440=ORIENTED_EDGE('',*,*,#4293,.F.);
#5441=ORIENTED_EDGE('',*,*,#4294,.T.);
#5442=ORIENTED_EDGE('',*,*,#4205,.F.);
#5443=ORIENTED_EDGE('',*,*,#4295,.F.);
#5444=ORIENTED_EDGE('',*,*,#4296,.F.);
#5445=ORIENTED_EDGE('',*,*,#4297,.F.);
#5446=ORIENTED_EDGE('',*,*,#4298,.F.);
#5447=ORIENTED_EDGE('',*,*,#4261,.F.);
#5448=ORIENTED_EDGE('',*,*,#4258,.F.);
#5449=ORIENTED_EDGE('',*,*,#4255,.F.);
#5450=ORIENTED_EDGE('',*,*,#4252,.F.);
#5451=ORIENTED_EDGE('',*,*,#4249,.F.);
#5452=ORIENTED_EDGE('',*,*,#4279,.F.);
#5453=ORIENTED_EDGE('',*,*,#4299,.T.);
#5454=ORIENTED_EDGE('',*,*,#4300,.T.);
#5455=ORIENTED_EDGE('',*,*,#4239,.T.);
#5456=ORIENTED_EDGE('',*,*,#4301,.F.);
#5457=ORIENTED_EDGE('',*,*,#4243,.T.);
#5458=ORIENTED_EDGE('',*,*,#4302,.T.);
#5459=ORIENTED_EDGE('',*,*,#4303,.T.);
#5460=ORIENTED_EDGE('',*,*,#4304,.F.);
#5461=ORIENTED_EDGE('',*,*,#4305,.T.);
#5462=ORIENTED_EDGE('',*,*,#4281,.T.);
#5463=ORIENTED_EDGE('',*,*,#4306,.T.);
#5464=ORIENTED_EDGE('',*,*,#4307,.T.);
#5465=ORIENTED_EDGE('',*,*,#4308,.T.);
#5466=ORIENTED_EDGE('',*,*,#4247,.T.);
#5467=ORIENTED_EDGE('',*,*,#4250,.T.);
#5468=ORIENTED_EDGE('',*,*,#4253,.T.);
#5469=ORIENTED_EDGE('',*,*,#4256,.T.);
#5470=ORIENTED_EDGE('',*,*,#4259,.T.);
#5471=ORIENTED_EDGE('',*,*,#4277,.F.);
#5472=ORIENTED_EDGE('',*,*,#4221,.T.);
#5473=ORIENTED_EDGE('',*,*,#4309,.T.);
#5474=ORIENTED_EDGE('',*,*,#4207,.T.);
#5475=ORIENTED_EDGE('',*,*,#4310,.T.);
#5476=ORIENTED_EDGE('',*,*,#4311,.T.);
#5477=ORIENTED_EDGE('',*,*,#4312,.T.);
#5478=ORIENTED_EDGE('',*,*,#4313,.T.);
#5479=ORIENTED_EDGE('',*,*,#4314,.T.);
#5480=ORIENTED_EDGE('',*,*,#4315,.T.);
#5481=ORIENTED_EDGE('',*,*,#4316,.T.);
#5482=ORIENTED_EDGE('',*,*,#4317,.T.);
#5483=ORIENTED_EDGE('',*,*,#4318,.T.);
#5484=ORIENTED_EDGE('',*,*,#4319,.T.);
#5485=ORIENTED_EDGE('',*,*,#4320,.T.);
#5486=ORIENTED_EDGE('',*,*,#4203,.T.);
#5487=ORIENTED_EDGE('',*,*,#4321,.T.);
#5488=ORIENTED_EDGE('',*,*,#4225,.F.);
#5489=ORIENTED_EDGE('',*,*,#4229,.F.);
#5490=ORIENTED_EDGE('',*,*,#4232,.F.);
#5491=ORIENTED_EDGE('',*,*,#4235,.F.);
#5492=ORIENTED_EDGE('',*,*,#4238,.F.);
#5493=ORIENTED_EDGE('',*,*,#4322,.F.);
#5494=ORIENTED_EDGE('',*,*,#4323,.T.);
#5495=ORIENTED_EDGE('',*,*,#4324,.F.);
#5496=ORIENTED_EDGE('',*,*,#4325,.T.);
#5497=ORIENTED_EDGE('',*,*,#4326,.T.);
#5498=ORIENTED_EDGE('',*,*,#4327,.T.);
#5499=ORIENTED_EDGE('',*,*,#4328,.T.);
#5500=ORIENTED_EDGE('',*,*,#4329,.T.);
#5501=ORIENTED_EDGE('',*,*,#4264,.T.);
#5502=ORIENTED_EDGE('',*,*,#4267,.T.);
#5503=ORIENTED_EDGE('',*,*,#4270,.T.);
#5504=ORIENTED_EDGE('',*,*,#4273,.T.);
#5505=ORIENTED_EDGE('',*,*,#4276,.T.);
#5506=ORIENTED_EDGE('',*,*,#4330,.T.);
#5507=ORIENTED_EDGE('',*,*,#4215,.T.);
#5508=ORIENTED_EDGE('',*,*,#4331,.F.);
#5509=ORIENTED_EDGE('',*,*,#4211,.T.);
#5510=ORIENTED_EDGE('',*,*,#4332,.T.);
#5511=ORIENTED_EDGE('',*,*,#4245,.T.);
#5512=ORIENTED_EDGE('',*,*,#4333,.T.);
#5513=ORIENTED_EDGE('',*,*,#4241,.T.);
#5514=ORIENTED_EDGE('',*,*,#4334,.F.);
#5515=ORIENTED_EDGE('',*,*,#4335,.T.);
#5516=ORIENTED_EDGE('',*,*,#4336,.F.);
#5517=ORIENTED_EDGE('',*,*,#4337,.F.);
#5518=ORIENTED_EDGE('',*,*,#4338,.F.);
#5519=ORIENTED_EDGE('',*,*,#4339,.F.);
#5520=ORIENTED_EDGE('',*,*,#4340,.F.);
#5521=ORIENTED_EDGE('',*,*,#4341,.T.);
#5522=ORIENTED_EDGE('',*,*,#4236,.T.);
#5523=ORIENTED_EDGE('',*,*,#4233,.T.);
#5524=ORIENTED_EDGE('',*,*,#4230,.T.);
#5525=ORIENTED_EDGE('',*,*,#4227,.T.);
#5526=ORIENTED_EDGE('',*,*,#4331,.T.);
#5527=ORIENTED_EDGE('',*,*,#4218,.T.);
#5528=ORIENTED_EDGE('',*,*,#4342,.T.);
#5529=ORIENTED_EDGE('',*,*,#4212,.T.);
#5530=ORIENTED_EDGE('',*,*,#4219,.F.);
#5531=ORIENTED_EDGE('',*,*,#4278,.T.);
#5532=ORIENTED_EDGE('',*,*,#4223,.T.);
#5533=ORIENTED_EDGE('',*,*,#4213,.T.);
#5534=ORIENTED_EDGE('',*,*,#4342,.F.);
#5535=ORIENTED_EDGE('',*,*,#4217,.T.);
#5536=ORIENTED_EDGE('',*,*,#4262,.F.);
#5537=ORIENTED_EDGE('',*,*,#4265,.F.);
#5538=ORIENTED_EDGE('',*,*,#4268,.F.);
#5539=ORIENTED_EDGE('',*,*,#4271,.F.);
#5540=ORIENTED_EDGE('',*,*,#4274,.F.);
#5541=ORIENTED_EDGE('',*,*,#4321,.F.);
#5542=ORIENTED_EDGE('',*,*,#4206,.T.);
#5543=ORIENTED_EDGE('',*,*,#4294,.F.);
#5544=ORIENTED_EDGE('',*,*,#4343,.T.);
#5545=ORIENTED_EDGE('',*,*,#4344,.T.);
#5546=ORIENTED_EDGE('',*,*,#4302,.F.);
#5547=ORIENTED_EDGE('',*,*,#4246,.T.);
#5548=ORIENTED_EDGE('',*,*,#4332,.F.);
#5549=ORIENTED_EDGE('',*,*,#4214,.F.);
#5550=ORIENTED_EDGE('',*,*,#4226,.F.);
#5551=ORIENTED_EDGE('',*,*,#4208,.F.);
#5552=ORIENTED_EDGE('',*,*,#4309,.F.);
#5553=ORIENTED_EDGE('',*,*,#4220,.T.);
#5554=ORIENTED_EDGE('',*,*,#4216,.T.);
#5555=ORIENTED_EDGE('',*,*,#4330,.F.);
#5556=ORIENTED_EDGE('',*,*,#4240,.T.);
#5557=ORIENTED_EDGE('',*,*,#4300,.F.);
#5558=ORIENTED_EDGE('',*,*,#4345,.F.);
#5559=ORIENTED_EDGE('',*,*,#4346,.F.);
#5560=ORIENTED_EDGE('',*,*,#4290,.F.);
#5561=ORIENTED_EDGE('',*,*,#4308,.F.);
#5562=ORIENTED_EDGE('',*,*,#4347,.T.);
#5563=ORIENTED_EDGE('',*,*,#4292,.T.);
#5564=ORIENTED_EDGE('',*,*,#4348,.F.);
#5565=ORIENTED_EDGE('',*,*,#4333,.F.);
#5566=ORIENTED_EDGE('',*,*,#4244,.T.);
#5567=ORIENTED_EDGE('',*,*,#4301,.T.);
#5568=ORIENTED_EDGE('',*,*,#4242,.T.);
#5569=ORIENTED_EDGE('',*,*,#4349,.T.);
#5570=ORIENTED_EDGE('',*,*,#4334,.T.);
#5571=ORIENTED_EDGE('',*,*,#4350,.F.);
#5572=ORIENTED_EDGE('',*,*,#4323,.F.);
#5573=ORIENTED_EDGE('',*,*,#4322,.T.);
#5574=ORIENTED_EDGE('',*,*,#4351,.T.);
#5575=ORIENTED_EDGE('',*,*,#4335,.F.);
#5576=ORIENTED_EDGE('',*,*,#4349,.F.);
#5577=ORIENTED_EDGE('',*,*,#4352,.T.);
#5578=ORIENTED_EDGE('',*,*,#4336,.T.);
#5579=ORIENTED_EDGE('',*,*,#4351,.F.);
#5580=ORIENTED_EDGE('',*,*,#4329,.F.);
#5581=ORIENTED_EDGE('',*,*,#4353,.T.);
#5582=ORIENTED_EDGE('',*,*,#4337,.T.);
#5583=ORIENTED_EDGE('',*,*,#4352,.F.);
#5584=ORIENTED_EDGE('',*,*,#4328,.F.);
#5585=ORIENTED_EDGE('',*,*,#4354,.T.);
#5586=ORIENTED_EDGE('',*,*,#4338,.T.);
#5587=ORIENTED_EDGE('',*,*,#4353,.F.);
#5588=ORIENTED_EDGE('',*,*,#4327,.F.);
#5589=ORIENTED_EDGE('',*,*,#4355,.T.);
#5590=ORIENTED_EDGE('',*,*,#4339,.T.);
#5591=ORIENTED_EDGE('',*,*,#4354,.F.);
#5592=ORIENTED_EDGE('',*,*,#4326,.F.);
#5593=ORIENTED_EDGE('',*,*,#4356,.T.);
#5594=ORIENTED_EDGE('',*,*,#4340,.T.);
#5595=ORIENTED_EDGE('',*,*,#4355,.F.);
#5596=ORIENTED_EDGE('',*,*,#4325,.F.);
#5597=ORIENTED_EDGE('',*,*,#4324,.T.);
#5598=ORIENTED_EDGE('',*,*,#4350,.T.);
#5599=ORIENTED_EDGE('',*,*,#4341,.F.);
#5600=ORIENTED_EDGE('',*,*,#4356,.F.);
#5601=ORIENTED_EDGE('',*,*,#4346,.T.);
#5602=ORIENTED_EDGE('',*,*,#4304,.T.);
#5603=ORIENTED_EDGE('',*,*,#4348,.T.);
#5604=ORIENTED_EDGE('',*,*,#4291,.F.);
#5605=ORIENTED_EDGE('',*,*,#4307,.F.);
#5606=ORIENTED_EDGE('',*,*,#4343,.F.);
#5607=ORIENTED_EDGE('',*,*,#4293,.T.);
#5608=ORIENTED_EDGE('',*,*,#4347,.F.);
#5609=ORIENTED_EDGE('',*,*,#4305,.F.);
#5610=ORIENTED_EDGE('',*,*,#4345,.T.);
#5611=ORIENTED_EDGE('',*,*,#4299,.F.);
#5612=ORIENTED_EDGE('',*,*,#4282,.F.);
#5613=ORIENTED_EDGE('',*,*,#4306,.F.);
#5614=ORIENTED_EDGE('',*,*,#4280,.F.);
#5615=ORIENTED_EDGE('',*,*,#4303,.F.);
#5616=ORIENTED_EDGE('',*,*,#4344,.F.);
#5617=ORIENTED_EDGE('',*,*,#4210,.T.);
#5618=ORIENTED_EDGE('',*,*,#4289,.T.);
#5619=ORIENTED_EDGE('',*,*,#4357,.F.);
#5620=ORIENTED_EDGE('',*,*,#4310,.F.);
#5621=ORIENTED_EDGE('',*,*,#4357,.T.);
#5622=ORIENTED_EDGE('',*,*,#4288,.T.);
#5623=ORIENTED_EDGE('',*,*,#4358,.F.);
#5624=ORIENTED_EDGE('',*,*,#4311,.F.);
#5625=ORIENTED_EDGE('',*,*,#4358,.T.);
#5626=ORIENTED_EDGE('',*,*,#4287,.T.);
#5627=ORIENTED_EDGE('',*,*,#4359,.F.);
#5628=ORIENTED_EDGE('',*,*,#4312,.F.);
#5629=ORIENTED_EDGE('',*,*,#4359,.T.);
#5630=ORIENTED_EDGE('',*,*,#4286,.T.);
#5631=ORIENTED_EDGE('',*,*,#4360,.F.);
#5632=ORIENTED_EDGE('',*,*,#4313,.F.);
#5633=ORIENTED_EDGE('',*,*,#4285,.T.);
#5634=ORIENTED_EDGE('',*,*,#4361,.T.);
#5635=ORIENTED_EDGE('',*,*,#4314,.F.);
#5636=ORIENTED_EDGE('',*,*,#4360,.T.);
#5637=ORIENTED_EDGE('',*,*,#4316,.F.);
#5638=ORIENTED_EDGE('',*,*,#4362,.T.);
#5639=ORIENTED_EDGE('',*,*,#4283,.T.);
#5640=ORIENTED_EDGE('',*,*,#4363,.F.);
#5641=ORIENTED_EDGE('',*,*,#4363,.T.);
#5642=ORIENTED_EDGE('',*,*,#4298,.T.);
#5643=ORIENTED_EDGE('',*,*,#4364,.F.);
#5644=ORIENTED_EDGE('',*,*,#4317,.F.);
#5645=ORIENTED_EDGE('',*,*,#4364,.T.);
#5646=ORIENTED_EDGE('',*,*,#4297,.T.);
#5647=ORIENTED_EDGE('',*,*,#4365,.F.);
#5648=ORIENTED_EDGE('',*,*,#4318,.F.);
#5649=ORIENTED_EDGE('',*,*,#4365,.T.);
#5650=ORIENTED_EDGE('',*,*,#4296,.T.);
#5651=ORIENTED_EDGE('',*,*,#4366,.F.);
#5652=ORIENTED_EDGE('',*,*,#4319,.F.);
#5653=ORIENTED_EDGE('',*,*,#4366,.T.);
#5654=ORIENTED_EDGE('',*,*,#4295,.T.);
#5655=ORIENTED_EDGE('',*,*,#4204,.F.);
#5656=ORIENTED_EDGE('',*,*,#4320,.F.);
#5657=ORIENTED_EDGE('',*,*,#4315,.F.);
#5658=ORIENTED_EDGE('',*,*,#4361,.F.);
#5659=ORIENTED_EDGE('',*,*,#4284,.F.);
#5660=ORIENTED_EDGE('',*,*,#4362,.F.);
#5661=ORIENTED_EDGE('',*,*,#4367,.F.);
#5662=ORIENTED_EDGE('',*,*,#4368,.T.);
#5663=ORIENTED_EDGE('',*,*,#4369,.T.);
#5664=ORIENTED_EDGE('',*,*,#4368,.F.);
#5665=ORIENTED_EDGE('',*,*,#4370,.T.);
#5666=ORIENTED_EDGE('',*,*,#4367,.T.);
#5667=ORIENTED_EDGE('',*,*,#4370,.F.);
#5668=ORIENTED_EDGE('',*,*,#4371,.F.);
#5669=ORIENTED_EDGE('',*,*,#4372,.T.);
#5670=ORIENTED_EDGE('',*,*,#4373,.T.);
#5671=ORIENTED_EDGE('',*,*,#4372,.F.);
#5672=ORIENTED_EDGE('',*,*,#4374,.T.);
#5673=ORIENTED_EDGE('',*,*,#4371,.T.);
#5674=ORIENTED_EDGE('',*,*,#4374,.F.);
#5675=ORIENTED_EDGE('',*,*,#4375,.F.);
#5676=ORIENTED_EDGE('',*,*,#4376,.T.);
#5677=ORIENTED_EDGE('',*,*,#4377,.T.);
#5678=ORIENTED_EDGE('',*,*,#4376,.F.);
#5679=ORIENTED_EDGE('',*,*,#4378,.T.);
#5680=ORIENTED_EDGE('',*,*,#4375,.T.);
#5681=ORIENTED_EDGE('',*,*,#4378,.F.);
#5682=ORIENTED_EDGE('',*,*,#4379,.F.);
#5683=ORIENTED_EDGE('',*,*,#4380,.T.);
#5684=ORIENTED_EDGE('',*,*,#4381,.T.);
#5685=ORIENTED_EDGE('',*,*,#4380,.F.);
#5686=ORIENTED_EDGE('',*,*,#4382,.T.);
#5687=ORIENTED_EDGE('',*,*,#4379,.T.);
#5688=ORIENTED_EDGE('',*,*,#4382,.F.);
#5689=ORIENTED_EDGE('',*,*,#4383,.F.);
#5690=ORIENTED_EDGE('',*,*,#4384,.T.);
#5691=ORIENTED_EDGE('',*,*,#4385,.T.);
#5692=ORIENTED_EDGE('',*,*,#4384,.F.);
#5693=ORIENTED_EDGE('',*,*,#4386,.T.);
#5694=ORIENTED_EDGE('',*,*,#4383,.T.);
#5695=ORIENTED_EDGE('',*,*,#4386,.F.);
#5696=ORIENTED_EDGE('',*,*,#4387,.F.);
#5697=ORIENTED_EDGE('',*,*,#4388,.T.);
#5698=ORIENTED_EDGE('',*,*,#4389,.T.);
#5699=ORIENTED_EDGE('',*,*,#4388,.F.);
#5700=ORIENTED_EDGE('',*,*,#4390,.T.);
#5701=ORIENTED_EDGE('',*,*,#4387,.T.);
#5702=ORIENTED_EDGE('',*,*,#4390,.F.);
#5703=ORIENTED_EDGE('',*,*,#4391,.F.);
#5704=ORIENTED_EDGE('',*,*,#4392,.T.);
#5705=ORIENTED_EDGE('',*,*,#4393,.T.);
#5706=ORIENTED_EDGE('',*,*,#4392,.F.);
#5707=ORIENTED_EDGE('',*,*,#4394,.T.);
#5708=ORIENTED_EDGE('',*,*,#4391,.T.);
#5709=ORIENTED_EDGE('',*,*,#4394,.F.);
#5710=ORIENTED_EDGE('',*,*,#4395,.F.);
#5711=ORIENTED_EDGE('',*,*,#4396,.T.);
#5712=ORIENTED_EDGE('',*,*,#4397,.T.);
#5713=ORIENTED_EDGE('',*,*,#4396,.F.);
#5714=ORIENTED_EDGE('',*,*,#4398,.T.);
#5715=ORIENTED_EDGE('',*,*,#4395,.T.);
#5716=ORIENTED_EDGE('',*,*,#4398,.F.);
#5717=ORIENTED_EDGE('',*,*,#4399,.F.);
#5718=ORIENTED_EDGE('',*,*,#4400,.T.);
#5719=ORIENTED_EDGE('',*,*,#4401,.T.);
#5720=ORIENTED_EDGE('',*,*,#4400,.F.);
#5721=ORIENTED_EDGE('',*,*,#4402,.T.);
#5722=ORIENTED_EDGE('',*,*,#4399,.T.);
#5723=ORIENTED_EDGE('',*,*,#4402,.F.);
#5724=ORIENTED_EDGE('',*,*,#4403,.F.);
#5725=ORIENTED_EDGE('',*,*,#4404,.T.);
#5726=ORIENTED_EDGE('',*,*,#4405,.T.);
#5727=ORIENTED_EDGE('',*,*,#4404,.F.);
#5728=ORIENTED_EDGE('',*,*,#4406,.T.);
#5729=ORIENTED_EDGE('',*,*,#4403,.T.);
#5730=ORIENTED_EDGE('',*,*,#4406,.F.);
#5731=ORIENTED_EDGE('',*,*,#4407,.F.);
#5732=ORIENTED_EDGE('',*,*,#4408,.T.);
#5733=ORIENTED_EDGE('',*,*,#4409,.T.);
#5734=ORIENTED_EDGE('',*,*,#4408,.F.);
#5735=ORIENTED_EDGE('',*,*,#4410,.T.);
#5736=ORIENTED_EDGE('',*,*,#4407,.T.);
#5737=ORIENTED_EDGE('',*,*,#4410,.F.);
#5738=ORIENTED_EDGE('',*,*,#4411,.F.);
#5739=ORIENTED_EDGE('',*,*,#4412,.T.);
#5740=ORIENTED_EDGE('',*,*,#4413,.T.);
#5741=ORIENTED_EDGE('',*,*,#4412,.F.);
#5742=ORIENTED_EDGE('',*,*,#4414,.T.);
#5743=ORIENTED_EDGE('',*,*,#4411,.T.);
#5744=ORIENTED_EDGE('',*,*,#4414,.F.);
#5745=ORIENTED_EDGE('',*,*,#4415,.F.);
#5746=ORIENTED_EDGE('',*,*,#4416,.T.);
#5747=ORIENTED_EDGE('',*,*,#4417,.T.);
#5748=ORIENTED_EDGE('',*,*,#4416,.F.);
#5749=ORIENTED_EDGE('',*,*,#4418,.T.);
#5750=ORIENTED_EDGE('',*,*,#4415,.T.);
#5751=ORIENTED_EDGE('',*,*,#4418,.F.);
#5752=ORIENTED_EDGE('',*,*,#4419,.F.);
#5753=ORIENTED_EDGE('',*,*,#4420,.T.);
#5754=ORIENTED_EDGE('',*,*,#4421,.T.);
#5755=ORIENTED_EDGE('',*,*,#4420,.F.);
#5756=ORIENTED_EDGE('',*,*,#4422,.T.);
#5757=ORIENTED_EDGE('',*,*,#4419,.T.);
#5758=ORIENTED_EDGE('',*,*,#4422,.F.);
#5759=ORIENTED_EDGE('',*,*,#4423,.F.);
#5760=ORIENTED_EDGE('',*,*,#4424,.T.);
#5761=ORIENTED_EDGE('',*,*,#4425,.T.);
#5762=ORIENTED_EDGE('',*,*,#4424,.F.);
#5763=ORIENTED_EDGE('',*,*,#4426,.T.);
#5764=ORIENTED_EDGE('',*,*,#4423,.T.);
#5765=ORIENTED_EDGE('',*,*,#4426,.F.);
#5766=ORIENTED_EDGE('',*,*,#4427,.F.);
#5767=ORIENTED_EDGE('',*,*,#4428,.T.);
#5768=ORIENTED_EDGE('',*,*,#4429,.T.);
#5769=ORIENTED_EDGE('',*,*,#4428,.F.);
#5770=ORIENTED_EDGE('',*,*,#4430,.T.);
#5771=ORIENTED_EDGE('',*,*,#4427,.T.);
#5772=ORIENTED_EDGE('',*,*,#4430,.F.);
#5773=ORIENTED_EDGE('',*,*,#4431,.F.);
#5774=ORIENTED_EDGE('',*,*,#4432,.T.);
#5775=ORIENTED_EDGE('',*,*,#4433,.T.);
#5776=ORIENTED_EDGE('',*,*,#4432,.F.);
#5777=ORIENTED_EDGE('',*,*,#4434,.T.);
#5778=ORIENTED_EDGE('',*,*,#4431,.T.);
#5779=ORIENTED_EDGE('',*,*,#4434,.F.);
#5780=ORIENTED_EDGE('',*,*,#4435,.F.);
#5781=ORIENTED_EDGE('',*,*,#4436,.T.);
#5782=ORIENTED_EDGE('',*,*,#4437,.T.);
#5783=ORIENTED_EDGE('',*,*,#4436,.F.);
#5784=ORIENTED_EDGE('',*,*,#4438,.F.);
#5785=ORIENTED_EDGE('',*,*,#4439,.T.);
#5786=ORIENTED_EDGE('',*,*,#4440,.T.);
#5787=ORIENTED_EDGE('',*,*,#4439,.F.);
#5788=ORIENTED_EDGE('',*,*,#4441,.F.);
#5789=ORIENTED_EDGE('',*,*,#4442,.T.);
#5790=ORIENTED_EDGE('',*,*,#4443,.T.);
#5791=ORIENTED_EDGE('',*,*,#4442,.F.);
#5792=ORIENTED_EDGE('',*,*,#4444,.F.);
#5793=ORIENTED_EDGE('',*,*,#4445,.T.);
#5794=ORIENTED_EDGE('',*,*,#4446,.T.);
#5795=ORIENTED_EDGE('',*,*,#4445,.F.);
#5796=ORIENTED_EDGE('',*,*,#4447,.F.);
#5797=ORIENTED_EDGE('',*,*,#4448,.T.);
#5798=ORIENTED_EDGE('',*,*,#4449,.T.);
#5799=ORIENTED_EDGE('',*,*,#4448,.F.);
#5800=ORIENTED_EDGE('',*,*,#4447,.T.);
#5801=ORIENTED_EDGE('',*,*,#4401,.F.);
#5802=ORIENTED_EDGE('',*,*,#4405,.F.);
#5803=ORIENTED_EDGE('',*,*,#4409,.F.);
#5804=ORIENTED_EDGE('',*,*,#4413,.F.);
#5805=ORIENTED_EDGE('',*,*,#4417,.F.);
#5806=ORIENTED_EDGE('',*,*,#4421,.F.);
#5807=ORIENTED_EDGE('',*,*,#4425,.F.);
#5808=ORIENTED_EDGE('',*,*,#4429,.F.);
#5809=ORIENTED_EDGE('',*,*,#4433,.F.);
#5810=ORIENTED_EDGE('',*,*,#4444,.T.);
#5811=ORIENTED_EDGE('',*,*,#4449,.F.);
#5812=ORIENTED_EDGE('',*,*,#4441,.T.);
#5813=ORIENTED_EDGE('',*,*,#4446,.F.);
#5814=ORIENTED_EDGE('',*,*,#4369,.F.);
#5815=ORIENTED_EDGE('',*,*,#4373,.F.);
#5816=ORIENTED_EDGE('',*,*,#4377,.F.);
#5817=ORIENTED_EDGE('',*,*,#4381,.F.);
#5818=ORIENTED_EDGE('',*,*,#4385,.F.);
#5819=ORIENTED_EDGE('',*,*,#4389,.F.);
#5820=ORIENTED_EDGE('',*,*,#4393,.F.);
#5821=ORIENTED_EDGE('',*,*,#4397,.F.);
#5822=ORIENTED_EDGE('',*,*,#4438,.T.);
#5823=ORIENTED_EDGE('',*,*,#4443,.F.);
#5824=ORIENTED_EDGE('',*,*,#4440,.F.);
#5825=ORIENTED_EDGE('',*,*,#4435,.T.);
#5826=ORIENTED_EDGE('',*,*,#4437,.F.);
#5827=ORIENTED_EDGE('',*,*,#4450,.F.);
#5828=ORIENTED_EDGE('',*,*,#4451,.T.);
#5829=ORIENTED_EDGE('',*,*,#4452,.T.);
#5830=ORIENTED_EDGE('',*,*,#4451,.F.);
#5831=ORIENTED_EDGE('',*,*,#4453,.T.);
#5832=ORIENTED_EDGE('',*,*,#4450,.T.);
#5833=ORIENTED_EDGE('',*,*,#4453,.F.);
#5834=ORIENTED_EDGE('',*,*,#4454,.F.);
#5835=ORIENTED_EDGE('',*,*,#4455,.T.);
#5836=ORIENTED_EDGE('',*,*,#4456,.T.);
#5837=ORIENTED_EDGE('',*,*,#4455,.F.);
#5838=ORIENTED_EDGE('',*,*,#4457,.T.);
#5839=ORIENTED_EDGE('',*,*,#4454,.T.);
#5840=ORIENTED_EDGE('',*,*,#4457,.F.);
#5841=ORIENTED_EDGE('',*,*,#4458,.F.);
#5842=ORIENTED_EDGE('',*,*,#4459,.T.);
#5843=ORIENTED_EDGE('',*,*,#4460,.T.);
#5844=ORIENTED_EDGE('',*,*,#4459,.F.);
#5845=ORIENTED_EDGE('',*,*,#4461,.T.);
#5846=ORIENTED_EDGE('',*,*,#4458,.T.);
#5847=ORIENTED_EDGE('',*,*,#4461,.F.);
#5848=ORIENTED_EDGE('',*,*,#4462,.F.);
#5849=ORIENTED_EDGE('',*,*,#4463,.T.);
#5850=ORIENTED_EDGE('',*,*,#4464,.T.);
#5851=ORIENTED_EDGE('',*,*,#4463,.F.);
#5852=ORIENTED_EDGE('',*,*,#4465,.T.);
#5853=ORIENTED_EDGE('',*,*,#4462,.T.);
#5854=ORIENTED_EDGE('',*,*,#4465,.F.);
#5855=ORIENTED_EDGE('',*,*,#4466,.F.);
#5856=ORIENTED_EDGE('',*,*,#4467,.T.);
#5857=ORIENTED_EDGE('',*,*,#4468,.T.);
#5858=ORIENTED_EDGE('',*,*,#4467,.F.);
#5859=ORIENTED_EDGE('',*,*,#4469,.T.);
#5860=ORIENTED_EDGE('',*,*,#4466,.T.);
#5861=ORIENTED_EDGE('',*,*,#4469,.F.);
#5862=ORIENTED_EDGE('',*,*,#4470,.F.);
#5863=ORIENTED_EDGE('',*,*,#4471,.T.);
#5864=ORIENTED_EDGE('',*,*,#4472,.T.);
#5865=ORIENTED_EDGE('',*,*,#4471,.F.);
#5866=ORIENTED_EDGE('',*,*,#4473,.T.);
#5867=ORIENTED_EDGE('',*,*,#4470,.T.);
#5868=ORIENTED_EDGE('',*,*,#4473,.F.);
#5869=ORIENTED_EDGE('',*,*,#4474,.F.);
#5870=ORIENTED_EDGE('',*,*,#4475,.T.);
#5871=ORIENTED_EDGE('',*,*,#4476,.T.);
#5872=ORIENTED_EDGE('',*,*,#4475,.F.);
#5873=ORIENTED_EDGE('',*,*,#4477,.T.);
#5874=ORIENTED_EDGE('',*,*,#4474,.T.);
#5875=ORIENTED_EDGE('',*,*,#4477,.F.);
#5876=ORIENTED_EDGE('',*,*,#4478,.F.);
#5877=ORIENTED_EDGE('',*,*,#4479,.T.);
#5878=ORIENTED_EDGE('',*,*,#4480,.T.);
#5879=ORIENTED_EDGE('',*,*,#4479,.F.);
#5880=ORIENTED_EDGE('',*,*,#4481,.T.);
#5881=ORIENTED_EDGE('',*,*,#4478,.T.);
#5882=ORIENTED_EDGE('',*,*,#4481,.F.);
#5883=ORIENTED_EDGE('',*,*,#4482,.F.);
#5884=ORIENTED_EDGE('',*,*,#4483,.T.);
#5885=ORIENTED_EDGE('',*,*,#4484,.T.);
#5886=ORIENTED_EDGE('',*,*,#4483,.F.);
#5887=ORIENTED_EDGE('',*,*,#4485,.T.);
#5888=ORIENTED_EDGE('',*,*,#4482,.T.);
#5889=ORIENTED_EDGE('',*,*,#4485,.F.);
#5890=ORIENTED_EDGE('',*,*,#4486,.F.);
#5891=ORIENTED_EDGE('',*,*,#4487,.T.);
#5892=ORIENTED_EDGE('',*,*,#4488,.T.);
#5893=ORIENTED_EDGE('',*,*,#4487,.F.);
#5894=ORIENTED_EDGE('',*,*,#4489,.T.);
#5895=ORIENTED_EDGE('',*,*,#4486,.T.);
#5896=ORIENTED_EDGE('',*,*,#4489,.F.);
#5897=ORIENTED_EDGE('',*,*,#4490,.F.);
#5898=ORIENTED_EDGE('',*,*,#4491,.T.);
#5899=ORIENTED_EDGE('',*,*,#4492,.T.);
#5900=ORIENTED_EDGE('',*,*,#4491,.F.);
#5901=ORIENTED_EDGE('',*,*,#4493,.T.);
#5902=ORIENTED_EDGE('',*,*,#4490,.T.);
#5903=ORIENTED_EDGE('',*,*,#4493,.F.);
#5904=ORIENTED_EDGE('',*,*,#4494,.F.);
#5905=ORIENTED_EDGE('',*,*,#4495,.T.);
#5906=ORIENTED_EDGE('',*,*,#4496,.T.);
#5907=ORIENTED_EDGE('',*,*,#4495,.F.);
#5908=ORIENTED_EDGE('',*,*,#4497,.T.);
#5909=ORIENTED_EDGE('',*,*,#4494,.T.);
#5910=ORIENTED_EDGE('',*,*,#4497,.F.);
#5911=ORIENTED_EDGE('',*,*,#4498,.F.);
#5912=ORIENTED_EDGE('',*,*,#4499,.T.);
#5913=ORIENTED_EDGE('',*,*,#4500,.T.);
#5914=ORIENTED_EDGE('',*,*,#4499,.F.);
#5915=ORIENTED_EDGE('',*,*,#4501,.T.);
#5916=ORIENTED_EDGE('',*,*,#4498,.T.);
#5917=ORIENTED_EDGE('',*,*,#4501,.F.);
#5918=ORIENTED_EDGE('',*,*,#4502,.F.);
#5919=ORIENTED_EDGE('',*,*,#4503,.T.);
#5920=ORIENTED_EDGE('',*,*,#4504,.T.);
#5921=ORIENTED_EDGE('',*,*,#4503,.F.);
#5922=ORIENTED_EDGE('',*,*,#4505,.T.);
#5923=ORIENTED_EDGE('',*,*,#4502,.T.);
#5924=ORIENTED_EDGE('',*,*,#4505,.F.);
#5925=ORIENTED_EDGE('',*,*,#4506,.F.);
#5926=ORIENTED_EDGE('',*,*,#4507,.T.);
#5927=ORIENTED_EDGE('',*,*,#4508,.T.);
#5928=ORIENTED_EDGE('',*,*,#4507,.F.);
#5929=ORIENTED_EDGE('',*,*,#4509,.T.);
#5930=ORIENTED_EDGE('',*,*,#4506,.T.);
#5931=ORIENTED_EDGE('',*,*,#4509,.F.);
#5932=ORIENTED_EDGE('',*,*,#4510,.F.);
#5933=ORIENTED_EDGE('',*,*,#4511,.T.);
#5934=ORIENTED_EDGE('',*,*,#4512,.T.);
#5935=ORIENTED_EDGE('',*,*,#4511,.F.);
#5936=ORIENTED_EDGE('',*,*,#4513,.T.);
#5937=ORIENTED_EDGE('',*,*,#4510,.T.);
#5938=ORIENTED_EDGE('',*,*,#4513,.F.);
#5939=ORIENTED_EDGE('',*,*,#4514,.F.);
#5940=ORIENTED_EDGE('',*,*,#4515,.T.);
#5941=ORIENTED_EDGE('',*,*,#4516,.T.);
#5942=ORIENTED_EDGE('',*,*,#4515,.F.);
#5943=ORIENTED_EDGE('',*,*,#4517,.T.);
#5944=ORIENTED_EDGE('',*,*,#4514,.T.);
#5945=ORIENTED_EDGE('',*,*,#4517,.F.);
#5946=ORIENTED_EDGE('',*,*,#4518,.F.);
#5947=ORIENTED_EDGE('',*,*,#4519,.T.);
#5948=ORIENTED_EDGE('',*,*,#4520,.T.);
#5949=ORIENTED_EDGE('',*,*,#4519,.F.);
#5950=ORIENTED_EDGE('',*,*,#4521,.F.);
#5951=ORIENTED_EDGE('',*,*,#4522,.T.);
#5952=ORIENTED_EDGE('',*,*,#4523,.T.);
#5953=ORIENTED_EDGE('',*,*,#4522,.F.);
#5954=ORIENTED_EDGE('',*,*,#4524,.F.);
#5955=ORIENTED_EDGE('',*,*,#4525,.T.);
#5956=ORIENTED_EDGE('',*,*,#4526,.T.);
#5957=ORIENTED_EDGE('',*,*,#4525,.F.);
#5958=ORIENTED_EDGE('',*,*,#4527,.F.);
#5959=ORIENTED_EDGE('',*,*,#4528,.T.);
#5960=ORIENTED_EDGE('',*,*,#4529,.T.);
#5961=ORIENTED_EDGE('',*,*,#4528,.F.);
#5962=ORIENTED_EDGE('',*,*,#4530,.F.);
#5963=ORIENTED_EDGE('',*,*,#4531,.T.);
#5964=ORIENTED_EDGE('',*,*,#4532,.T.);
#5965=ORIENTED_EDGE('',*,*,#4531,.F.);
#5966=ORIENTED_EDGE('',*,*,#4530,.T.);
#5967=ORIENTED_EDGE('',*,*,#4484,.F.);
#5968=ORIENTED_EDGE('',*,*,#4488,.F.);
#5969=ORIENTED_EDGE('',*,*,#4492,.F.);
#5970=ORIENTED_EDGE('',*,*,#4496,.F.);
#5971=ORIENTED_EDGE('',*,*,#4500,.F.);
#5972=ORIENTED_EDGE('',*,*,#4504,.F.);
#5973=ORIENTED_EDGE('',*,*,#4508,.F.);
#5974=ORIENTED_EDGE('',*,*,#4512,.F.);
#5975=ORIENTED_EDGE('',*,*,#4516,.F.);
#5976=ORIENTED_EDGE('',*,*,#4527,.T.);
#5977=ORIENTED_EDGE('',*,*,#4532,.F.);
#5978=ORIENTED_EDGE('',*,*,#4524,.T.);
#5979=ORIENTED_EDGE('',*,*,#4529,.F.);
#5980=ORIENTED_EDGE('',*,*,#4452,.F.);
#5981=ORIENTED_EDGE('',*,*,#4456,.F.);
#5982=ORIENTED_EDGE('',*,*,#4460,.F.);
#5983=ORIENTED_EDGE('',*,*,#4464,.F.);
#5984=ORIENTED_EDGE('',*,*,#4468,.F.);
#5985=ORIENTED_EDGE('',*,*,#4472,.F.);
#5986=ORIENTED_EDGE('',*,*,#4476,.F.);
#5987=ORIENTED_EDGE('',*,*,#4480,.F.);
#5988=ORIENTED_EDGE('',*,*,#4521,.T.);
#5989=ORIENTED_EDGE('',*,*,#4526,.F.);
#5990=ORIENTED_EDGE('',*,*,#4523,.F.);
#5991=ORIENTED_EDGE('',*,*,#4518,.T.);
#5992=ORIENTED_EDGE('',*,*,#4520,.F.);
#5993=ORIENTED_EDGE('',*,*,#4533,.F.);
#5994=ORIENTED_EDGE('',*,*,#4534,.F.);
#5995=ORIENTED_EDGE('',*,*,#4535,.T.);
#5996=ORIENTED_EDGE('',*,*,#4536,.T.);
#5997=ORIENTED_EDGE('',*,*,#4537,.T.);
#5998=ORIENTED_EDGE('',*,*,#4538,.F.);
#5999=ORIENTED_EDGE('',*,*,#4539,.F.);
#6000=ORIENTED_EDGE('',*,*,#4534,.T.);
#6001=ORIENTED_EDGE('',*,*,#4540,.F.);
#6002=ORIENTED_EDGE('',*,*,#4541,.F.);
#6003=ORIENTED_EDGE('',*,*,#4542,.T.);
#6004=ORIENTED_EDGE('',*,*,#4538,.T.);
#6005=ORIENTED_EDGE('',*,*,#4543,.F.);
#6006=ORIENTED_EDGE('',*,*,#4544,.F.);
#6007=ORIENTED_EDGE('',*,*,#4545,.T.);
#6008=ORIENTED_EDGE('',*,*,#4541,.T.);
#6009=ORIENTED_EDGE('',*,*,#4546,.F.);
#6010=ORIENTED_EDGE('',*,*,#4547,.F.);
#6011=ORIENTED_EDGE('',*,*,#4548,.T.);
#6012=ORIENTED_EDGE('',*,*,#4544,.T.);
#6013=ORIENTED_EDGE('',*,*,#4549,.T.);
#6014=ORIENTED_EDGE('',*,*,#4550,.F.);
#6015=ORIENTED_EDGE('',*,*,#4551,.F.);
#6016=ORIENTED_EDGE('',*,*,#4547,.T.);
#6017=ORIENTED_EDGE('',*,*,#4552,.T.);
#6018=ORIENTED_EDGE('',*,*,#4553,.F.);
#6019=ORIENTED_EDGE('',*,*,#4554,.F.);
#6020=ORIENTED_EDGE('',*,*,#4550,.T.);
#6021=ORIENTED_EDGE('',*,*,#4555,.T.);
#6022=ORIENTED_EDGE('',*,*,#4536,.F.);
#6023=ORIENTED_EDGE('',*,*,#4556,.F.);
#6024=ORIENTED_EDGE('',*,*,#4553,.T.);
#6025=ORIENTED_EDGE('',*,*,#4535,.F.);
#6026=ORIENTED_EDGE('',*,*,#4539,.T.);
#6027=ORIENTED_EDGE('',*,*,#4542,.F.);
#6028=ORIENTED_EDGE('',*,*,#4545,.F.);
#6029=ORIENTED_EDGE('',*,*,#4548,.F.);
#6030=ORIENTED_EDGE('',*,*,#4551,.T.);
#6031=ORIENTED_EDGE('',*,*,#4554,.T.);
#6032=ORIENTED_EDGE('',*,*,#4556,.T.);
#6033=ORIENTED_EDGE('',*,*,#4533,.T.);
#6034=ORIENTED_EDGE('',*,*,#4555,.F.);
#6035=ORIENTED_EDGE('',*,*,#4552,.F.);
#6036=ORIENTED_EDGE('',*,*,#4549,.F.);
#6037=ORIENTED_EDGE('',*,*,#4546,.T.);
#6038=ORIENTED_EDGE('',*,*,#4543,.T.);
#6039=ORIENTED_EDGE('',*,*,#4540,.T.);
#6040=ORIENTED_EDGE('',*,*,#4537,.F.);
#6041=ORIENTED_EDGE('',*,*,#4557,.F.);
#6042=ORIENTED_EDGE('',*,*,#4558,.F.);
#6043=ORIENTED_EDGE('',*,*,#4559,.T.);
#6044=ORIENTED_EDGE('',*,*,#4560,.T.);
#6045=ORIENTED_EDGE('',*,*,#4561,.T.);
#6046=ORIENTED_EDGE('',*,*,#4562,.F.);
#6047=ORIENTED_EDGE('',*,*,#4563,.F.);
#6048=ORIENTED_EDGE('',*,*,#4558,.T.);
#6049=ORIENTED_EDGE('',*,*,#4564,.F.);
#6050=ORIENTED_EDGE('',*,*,#4565,.F.);
#6051=ORIENTED_EDGE('',*,*,#4566,.T.);
#6052=ORIENTED_EDGE('',*,*,#4562,.T.);
#6053=ORIENTED_EDGE('',*,*,#4567,.F.);
#6054=ORIENTED_EDGE('',*,*,#4568,.F.);
#6055=ORIENTED_EDGE('',*,*,#4569,.T.);
#6056=ORIENTED_EDGE('',*,*,#4565,.T.);
#6057=ORIENTED_EDGE('',*,*,#4570,.F.);
#6058=ORIENTED_EDGE('',*,*,#4571,.F.);
#6059=ORIENTED_EDGE('',*,*,#4572,.T.);
#6060=ORIENTED_EDGE('',*,*,#4568,.T.);
#6061=ORIENTED_EDGE('',*,*,#4573,.T.);
#6062=ORIENTED_EDGE('',*,*,#4574,.F.);
#6063=ORIENTED_EDGE('',*,*,#4575,.F.);
#6064=ORIENTED_EDGE('',*,*,#4571,.T.);
#6065=ORIENTED_EDGE('',*,*,#4576,.T.);
#6066=ORIENTED_EDGE('',*,*,#4577,.F.);
#6067=ORIENTED_EDGE('',*,*,#4578,.F.);
#6068=ORIENTED_EDGE('',*,*,#4574,.T.);
#6069=ORIENTED_EDGE('',*,*,#4579,.T.);
#6070=ORIENTED_EDGE('',*,*,#4560,.F.);
#6071=ORIENTED_EDGE('',*,*,#4580,.F.);
#6072=ORIENTED_EDGE('',*,*,#4577,.T.);
#6073=ORIENTED_EDGE('',*,*,#4559,.F.);
#6074=ORIENTED_EDGE('',*,*,#4563,.T.);
#6075=ORIENTED_EDGE('',*,*,#4566,.F.);
#6076=ORIENTED_EDGE('',*,*,#4569,.F.);
#6077=ORIENTED_EDGE('',*,*,#4572,.F.);
#6078=ORIENTED_EDGE('',*,*,#4575,.T.);
#6079=ORIENTED_EDGE('',*,*,#4578,.T.);
#6080=ORIENTED_EDGE('',*,*,#4580,.T.);
#6081=ORIENTED_EDGE('',*,*,#4557,.T.);
#6082=ORIENTED_EDGE('',*,*,#4579,.F.);
#6083=ORIENTED_EDGE('',*,*,#4576,.F.);
#6084=ORIENTED_EDGE('',*,*,#4573,.F.);
#6085=ORIENTED_EDGE('',*,*,#4570,.T.);
#6086=ORIENTED_EDGE('',*,*,#4567,.T.);
#6087=ORIENTED_EDGE('',*,*,#4564,.T.);
#6088=ORIENTED_EDGE('',*,*,#4561,.F.);
#6089=ORIENTED_EDGE('',*,*,#4581,.F.);
#6090=ORIENTED_EDGE('',*,*,#4582,.T.);
#6091=ORIENTED_EDGE('',*,*,#4583,.T.);
#6092=ORIENTED_EDGE('',*,*,#4582,.F.);
#6093=ORIENTED_EDGE('',*,*,#4584,.F.);
#6094=ORIENTED_EDGE('',*,*,#4585,.T.);
#6095=ORIENTED_EDGE('',*,*,#4586,.T.);
#6096=ORIENTED_EDGE('',*,*,#4585,.F.);
#6097=ORIENTED_EDGE('',*,*,#4587,.F.);
#6098=ORIENTED_EDGE('',*,*,#4588,.T.);
#6099=ORIENTED_EDGE('',*,*,#4589,.T.);
#6100=ORIENTED_EDGE('',*,*,#4588,.F.);
#6101=ORIENTED_EDGE('',*,*,#4590,.F.);
#6102=ORIENTED_EDGE('',*,*,#4591,.T.);
#6103=ORIENTED_EDGE('',*,*,#4592,.T.);
#6104=ORIENTED_EDGE('',*,*,#4591,.F.);
#6105=ORIENTED_EDGE('',*,*,#4593,.F.);
#6106=ORIENTED_EDGE('',*,*,#4594,.T.);
#6107=ORIENTED_EDGE('',*,*,#4595,.T.);
#6108=ORIENTED_EDGE('',*,*,#4594,.F.);
#6109=ORIENTED_EDGE('',*,*,#4596,.F.);
#6110=ORIENTED_EDGE('',*,*,#4597,.T.);
#6111=ORIENTED_EDGE('',*,*,#4598,.T.);
#6112=ORIENTED_EDGE('',*,*,#4597,.F.);
#6113=ORIENTED_EDGE('',*,*,#4599,.F.);
#6114=ORIENTED_EDGE('',*,*,#4600,.T.);
#6115=ORIENTED_EDGE('',*,*,#4601,.T.);
#6116=ORIENTED_EDGE('',*,*,#4600,.F.);
#6117=ORIENTED_EDGE('',*,*,#4602,.F.);
#6118=ORIENTED_EDGE('',*,*,#4603,.T.);
#6119=ORIENTED_EDGE('',*,*,#4604,.T.);
#6120=ORIENTED_EDGE('',*,*,#4603,.F.);
#6121=ORIENTED_EDGE('',*,*,#4605,.F.);
#6122=ORIENTED_EDGE('',*,*,#4606,.T.);
#6123=ORIENTED_EDGE('',*,*,#4607,.T.);
#6124=ORIENTED_EDGE('',*,*,#4606,.F.);
#6125=ORIENTED_EDGE('',*,*,#4608,.F.);
#6126=ORIENTED_EDGE('',*,*,#4609,.T.);
#6127=ORIENTED_EDGE('',*,*,#4610,.T.);
#6128=ORIENTED_EDGE('',*,*,#4609,.F.);
#6129=ORIENTED_EDGE('',*,*,#4611,.F.);
#6130=ORIENTED_EDGE('',*,*,#4612,.T.);
#6131=ORIENTED_EDGE('',*,*,#4613,.T.);
#6132=ORIENTED_EDGE('',*,*,#4612,.F.);
#6133=ORIENTED_EDGE('',*,*,#4614,.F.);
#6134=ORIENTED_EDGE('',*,*,#4615,.T.);
#6135=ORIENTED_EDGE('',*,*,#4616,.T.);
#6136=ORIENTED_EDGE('',*,*,#4615,.F.);
#6137=ORIENTED_EDGE('',*,*,#4617,.T.);
#6138=ORIENTED_EDGE('',*,*,#4618,.T.);
#6139=ORIENTED_EDGE('',*,*,#4619,.F.);
#6140=ORIENTED_EDGE('',*,*,#4618,.F.);
#6141=ORIENTED_EDGE('',*,*,#4619,.T.);
#6142=ORIENTED_EDGE('',*,*,#4583,.F.);
#6143=ORIENTED_EDGE('',*,*,#4586,.F.);
#6144=ORIENTED_EDGE('',*,*,#4589,.F.);
#6145=ORIENTED_EDGE('',*,*,#4592,.F.);
#6146=ORIENTED_EDGE('',*,*,#4595,.F.);
#6147=ORIENTED_EDGE('',*,*,#4598,.F.);
#6148=ORIENTED_EDGE('',*,*,#4601,.F.);
#6149=ORIENTED_EDGE('',*,*,#4604,.F.);
#6150=ORIENTED_EDGE('',*,*,#4607,.F.);
#6151=ORIENTED_EDGE('',*,*,#4610,.F.);
#6152=ORIENTED_EDGE('',*,*,#4613,.F.);
#6153=ORIENTED_EDGE('',*,*,#4616,.F.);
#6154=ORIENTED_EDGE('',*,*,#4617,.F.);
#6155=ORIENTED_EDGE('',*,*,#4581,.T.);
#6156=ORIENTED_EDGE('',*,*,#4584,.T.);
#6157=ORIENTED_EDGE('',*,*,#4587,.T.);
#6158=ORIENTED_EDGE('',*,*,#4590,.T.);
#6159=ORIENTED_EDGE('',*,*,#4593,.T.);
#6160=ORIENTED_EDGE('',*,*,#4596,.T.);
#6161=ORIENTED_EDGE('',*,*,#4599,.T.);
#6162=ORIENTED_EDGE('',*,*,#4602,.T.);
#6163=ORIENTED_EDGE('',*,*,#4605,.T.);
#6164=ORIENTED_EDGE('',*,*,#4608,.T.);
#6165=ORIENTED_EDGE('',*,*,#4611,.T.);
#6166=ORIENTED_EDGE('',*,*,#4614,.T.);
#6167=ORIENTED_EDGE('',*,*,#4620,.F.);
#6168=ORIENTED_EDGE('',*,*,#4621,.T.);
#6169=ORIENTED_EDGE('',*,*,#4622,.T.);
#6170=ORIENTED_EDGE('',*,*,#4621,.F.);
#6171=ORIENTED_EDGE('',*,*,#4623,.F.);
#6172=ORIENTED_EDGE('',*,*,#4624,.T.);
#6173=ORIENTED_EDGE('',*,*,#4625,.T.);
#6174=ORIENTED_EDGE('',*,*,#4624,.F.);
#6175=ORIENTED_EDGE('',*,*,#4626,.F.);
#6176=ORIENTED_EDGE('',*,*,#4627,.T.);
#6177=ORIENTED_EDGE('',*,*,#4628,.T.);
#6178=ORIENTED_EDGE('',*,*,#4627,.F.);
#6179=ORIENTED_EDGE('',*,*,#4629,.F.);
#6180=ORIENTED_EDGE('',*,*,#4630,.T.);
#6181=ORIENTED_EDGE('',*,*,#4631,.T.);
#6182=ORIENTED_EDGE('',*,*,#4630,.F.);
#6183=ORIENTED_EDGE('',*,*,#4632,.F.);
#6184=ORIENTED_EDGE('',*,*,#4633,.T.);
#6185=ORIENTED_EDGE('',*,*,#4634,.T.);
#6186=ORIENTED_EDGE('',*,*,#4633,.F.);
#6187=ORIENTED_EDGE('',*,*,#4635,.F.);
#6188=ORIENTED_EDGE('',*,*,#4636,.T.);
#6189=ORIENTED_EDGE('',*,*,#4637,.T.);
#6190=ORIENTED_EDGE('',*,*,#4636,.F.);
#6191=ORIENTED_EDGE('',*,*,#4638,.F.);
#6192=ORIENTED_EDGE('',*,*,#4639,.T.);
#6193=ORIENTED_EDGE('',*,*,#4640,.T.);
#6194=ORIENTED_EDGE('',*,*,#4639,.F.);
#6195=ORIENTED_EDGE('',*,*,#4641,.F.);
#6196=ORIENTED_EDGE('',*,*,#4642,.T.);
#6197=ORIENTED_EDGE('',*,*,#4643,.T.);
#6198=ORIENTED_EDGE('',*,*,#4642,.F.);
#6199=ORIENTED_EDGE('',*,*,#4644,.F.);
#6200=ORIENTED_EDGE('',*,*,#4645,.T.);
#6201=ORIENTED_EDGE('',*,*,#4646,.T.);
#6202=ORIENTED_EDGE('',*,*,#4645,.F.);
#6203=ORIENTED_EDGE('',*,*,#4647,.F.);
#6204=ORIENTED_EDGE('',*,*,#4648,.T.);
#6205=ORIENTED_EDGE('',*,*,#4649,.T.);
#6206=ORIENTED_EDGE('',*,*,#4648,.F.);
#6207=ORIENTED_EDGE('',*,*,#4650,.F.);
#6208=ORIENTED_EDGE('',*,*,#4651,.T.);
#6209=ORIENTED_EDGE('',*,*,#4652,.T.);
#6210=ORIENTED_EDGE('',*,*,#4651,.F.);
#6211=ORIENTED_EDGE('',*,*,#4653,.F.);
#6212=ORIENTED_EDGE('',*,*,#4654,.T.);
#6213=ORIENTED_EDGE('',*,*,#4655,.T.);
#6214=ORIENTED_EDGE('',*,*,#4654,.F.);
#6215=ORIENTED_EDGE('',*,*,#4656,.T.);
#6216=ORIENTED_EDGE('',*,*,#4657,.T.);
#6217=ORIENTED_EDGE('',*,*,#4658,.F.);
#6218=ORIENTED_EDGE('',*,*,#4657,.F.);
#6219=ORIENTED_EDGE('',*,*,#4658,.T.);
#6220=ORIENTED_EDGE('',*,*,#4622,.F.);
#6221=ORIENTED_EDGE('',*,*,#4625,.F.);
#6222=ORIENTED_EDGE('',*,*,#4628,.F.);
#6223=ORIENTED_EDGE('',*,*,#4631,.F.);
#6224=ORIENTED_EDGE('',*,*,#4634,.F.);
#6225=ORIENTED_EDGE('',*,*,#4637,.F.);
#6226=ORIENTED_EDGE('',*,*,#4640,.F.);
#6227=ORIENTED_EDGE('',*,*,#4643,.F.);
#6228=ORIENTED_EDGE('',*,*,#4646,.F.);
#6229=ORIENTED_EDGE('',*,*,#4649,.F.);
#6230=ORIENTED_EDGE('',*,*,#4652,.F.);
#6231=ORIENTED_EDGE('',*,*,#4655,.F.);
#6232=ORIENTED_EDGE('',*,*,#4656,.F.);
#6233=ORIENTED_EDGE('',*,*,#4620,.T.);
#6234=ORIENTED_EDGE('',*,*,#4623,.T.);
#6235=ORIENTED_EDGE('',*,*,#4626,.T.);
#6236=ORIENTED_EDGE('',*,*,#4629,.T.);
#6237=ORIENTED_EDGE('',*,*,#4632,.T.);
#6238=ORIENTED_EDGE('',*,*,#4635,.T.);
#6239=ORIENTED_EDGE('',*,*,#4638,.T.);
#6240=ORIENTED_EDGE('',*,*,#4641,.T.);
#6241=ORIENTED_EDGE('',*,*,#4644,.T.);
#6242=ORIENTED_EDGE('',*,*,#4647,.T.);
#6243=ORIENTED_EDGE('',*,*,#4650,.T.);
#6244=ORIENTED_EDGE('',*,*,#4653,.T.);
#6245=ORIENTED_EDGE('',*,*,#4659,.F.);
#6246=ORIENTED_EDGE('',*,*,#4660,.T.);
#6247=ORIENTED_EDGE('',*,*,#4661,.T.);
#6248=ORIENTED_EDGE('',*,*,#4660,.F.);
#6249=ORIENTED_EDGE('',*,*,#4661,.F.);
#6250=ORIENTED_EDGE('',*,*,#4662,.T.);
#6251=ORIENTED_EDGE('',*,*,#4663,.T.);
#6252=ORIENTED_EDGE('',*,*,#4662,.F.);
#6253=ORIENTED_EDGE('',*,*,#4664,.T.);
#6254=ORIENTED_EDGE('',*,*,#4665,.T.);
#6255=ORIENTED_EDGE('',*,*,#4666,.F.);
#6256=ORIENTED_EDGE('',*,*,#4665,.F.);
#6257=ORIENTED_EDGE('',*,*,#4666,.T.);
#6258=ORIENTED_EDGE('',*,*,#4659,.T.);
#6259=ORIENTED_EDGE('',*,*,#4664,.F.);
#6260=ORIENTED_EDGE('',*,*,#4667,.F.);
#6261=ORIENTED_EDGE('',*,*,#4668,.F.);
#6262=ORIENTED_EDGE('',*,*,#4669,.F.);
#6263=ORIENTED_EDGE('',*,*,#4670,.F.);
#6264=ORIENTED_EDGE('',*,*,#4671,.F.);
#6265=ORIENTED_EDGE('',*,*,#4672,.F.);
#6266=ORIENTED_EDGE('',*,*,#4663,.F.);
#6267=ORIENTED_EDGE('',*,*,#4668,.T.);
#6268=ORIENTED_EDGE('',*,*,#4673,.F.);
#6269=ORIENTED_EDGE('',*,*,#4674,.F.);
#6270=ORIENTED_EDGE('',*,*,#4675,.T.);
#6271=ORIENTED_EDGE('',*,*,#4669,.T.);
#6272=ORIENTED_EDGE('',*,*,#4675,.F.);
#6273=ORIENTED_EDGE('',*,*,#4676,.F.);
#6274=ORIENTED_EDGE('',*,*,#4677,.T.);
#6275=ORIENTED_EDGE('',*,*,#4670,.T.);
#6276=ORIENTED_EDGE('',*,*,#4677,.F.);
#6277=ORIENTED_EDGE('',*,*,#4678,.F.);
#6278=ORIENTED_EDGE('',*,*,#4679,.T.);
#6279=ORIENTED_EDGE('',*,*,#4671,.T.);
#6280=ORIENTED_EDGE('',*,*,#4679,.F.);
#6281=ORIENTED_EDGE('',*,*,#4680,.F.);
#6282=ORIENTED_EDGE('',*,*,#4681,.T.);
#6283=ORIENTED_EDGE('',*,*,#4672,.T.);
#6284=ORIENTED_EDGE('',*,*,#4681,.F.);
#6285=ORIENTED_EDGE('',*,*,#4682,.F.);
#6286=ORIENTED_EDGE('',*,*,#4683,.T.);
#6287=ORIENTED_EDGE('',*,*,#4667,.T.);
#6288=ORIENTED_EDGE('',*,*,#4683,.F.);
#6289=ORIENTED_EDGE('',*,*,#4684,.F.);
#6290=ORIENTED_EDGE('',*,*,#4673,.T.);
#6291=ORIENTED_EDGE('',*,*,#4674,.T.);
#6292=ORIENTED_EDGE('',*,*,#4684,.T.);
#6293=ORIENTED_EDGE('',*,*,#4682,.T.);
#6294=ORIENTED_EDGE('',*,*,#4680,.T.);
#6295=ORIENTED_EDGE('',*,*,#4678,.T.);
#6296=ORIENTED_EDGE('',*,*,#4676,.T.);
#6297=ORIENTED_EDGE('',*,*,#4685,.F.);
#6298=ORIENTED_EDGE('',*,*,#4686,.T.);
#6299=ORIENTED_EDGE('',*,*,#4687,.T.);
#6300=ORIENTED_EDGE('',*,*,#4686,.F.);
#6301=ORIENTED_EDGE('',*,*,#4687,.F.);
#6302=ORIENTED_EDGE('',*,*,#4688,.T.);
#6303=ORIENTED_EDGE('',*,*,#4689,.T.);
#6304=ORIENTED_EDGE('',*,*,#4688,.F.);
#6305=ORIENTED_EDGE('',*,*,#4690,.T.);
#6306=ORIENTED_EDGE('',*,*,#4691,.T.);
#6307=ORIENTED_EDGE('',*,*,#4692,.F.);
#6308=ORIENTED_EDGE('',*,*,#4691,.F.);
#6309=ORIENTED_EDGE('',*,*,#4692,.T.);
#6310=ORIENTED_EDGE('',*,*,#4685,.T.);
#6311=ORIENTED_EDGE('',*,*,#4690,.F.);
#6312=ORIENTED_EDGE('',*,*,#4693,.F.);
#6313=ORIENTED_EDGE('',*,*,#4694,.F.);
#6314=ORIENTED_EDGE('',*,*,#4695,.F.);
#6315=ORIENTED_EDGE('',*,*,#4696,.F.);
#6316=ORIENTED_EDGE('',*,*,#4697,.F.);
#6317=ORIENTED_EDGE('',*,*,#4698,.F.);
#6318=ORIENTED_EDGE('',*,*,#4689,.F.);
#6319=ORIENTED_EDGE('',*,*,#4694,.T.);
#6320=ORIENTED_EDGE('',*,*,#4699,.F.);
#6321=ORIENTED_EDGE('',*,*,#4700,.F.);
#6322=ORIENTED_EDGE('',*,*,#4701,.T.);
#6323=ORIENTED_EDGE('',*,*,#4695,.T.);
#6324=ORIENTED_EDGE('',*,*,#4701,.F.);
#6325=ORIENTED_EDGE('',*,*,#4702,.F.);
#6326=ORIENTED_EDGE('',*,*,#4703,.T.);
#6327=ORIENTED_EDGE('',*,*,#4696,.T.);
#6328=ORIENTED_EDGE('',*,*,#4703,.F.);
#6329=ORIENTED_EDGE('',*,*,#4704,.F.);
#6330=ORIENTED_EDGE('',*,*,#4705,.T.);
#6331=ORIENTED_EDGE('',*,*,#4697,.T.);
#6332=ORIENTED_EDGE('',*,*,#4705,.F.);
#6333=ORIENTED_EDGE('',*,*,#4706,.F.);
#6334=ORIENTED_EDGE('',*,*,#4707,.T.);
#6335=ORIENTED_EDGE('',*,*,#4698,.T.);
#6336=ORIENTED_EDGE('',*,*,#4707,.F.);
#6337=ORIENTED_EDGE('',*,*,#4708,.F.);
#6338=ORIENTED_EDGE('',*,*,#4709,.T.);
#6339=ORIENTED_EDGE('',*,*,#4693,.T.);
#6340=ORIENTED_EDGE('',*,*,#4709,.F.);
#6341=ORIENTED_EDGE('',*,*,#4710,.F.);
#6342=ORIENTED_EDGE('',*,*,#4699,.T.);
#6343=ORIENTED_EDGE('',*,*,#4700,.T.);
#6344=ORIENTED_EDGE('',*,*,#4710,.T.);
#6345=ORIENTED_EDGE('',*,*,#4708,.T.);
#6346=ORIENTED_EDGE('',*,*,#4706,.T.);
#6347=ORIENTED_EDGE('',*,*,#4704,.T.);
#6348=ORIENTED_EDGE('',*,*,#4702,.T.);
#6349=ORIENTED_EDGE('',*,*,#4711,.F.);
#6350=ORIENTED_EDGE('',*,*,#4712,.T.);
#6351=ORIENTED_EDGE('',*,*,#4713,.T.);
#6352=ORIENTED_EDGE('',*,*,#4712,.F.);
#6353=ORIENTED_EDGE('',*,*,#4713,.F.);
#6354=ORIENTED_EDGE('',*,*,#4714,.T.);
#6355=ORIENTED_EDGE('',*,*,#4715,.T.);
#6356=ORIENTED_EDGE('',*,*,#4714,.F.);
#6357=ORIENTED_EDGE('',*,*,#4716,.T.);
#6358=ORIENTED_EDGE('',*,*,#4717,.T.);
#6359=ORIENTED_EDGE('',*,*,#4718,.F.);
#6360=ORIENTED_EDGE('',*,*,#4717,.F.);
#6361=ORIENTED_EDGE('',*,*,#4718,.T.);
#6362=ORIENTED_EDGE('',*,*,#4711,.T.);
#6363=ORIENTED_EDGE('',*,*,#4716,.F.);
#6364=ORIENTED_EDGE('',*,*,#4719,.F.);
#6365=ORIENTED_EDGE('',*,*,#4720,.F.);
#6366=ORIENTED_EDGE('',*,*,#4721,.F.);
#6367=ORIENTED_EDGE('',*,*,#4722,.F.);
#6368=ORIENTED_EDGE('',*,*,#4723,.F.);
#6369=ORIENTED_EDGE('',*,*,#4724,.F.);
#6370=ORIENTED_EDGE('',*,*,#4715,.F.);
#6371=ORIENTED_EDGE('',*,*,#4720,.T.);
#6372=ORIENTED_EDGE('',*,*,#4725,.F.);
#6373=ORIENTED_EDGE('',*,*,#4726,.F.);
#6374=ORIENTED_EDGE('',*,*,#4727,.T.);
#6375=ORIENTED_EDGE('',*,*,#4721,.T.);
#6376=ORIENTED_EDGE('',*,*,#4727,.F.);
#6377=ORIENTED_EDGE('',*,*,#4728,.F.);
#6378=ORIENTED_EDGE('',*,*,#4729,.T.);
#6379=ORIENTED_EDGE('',*,*,#4722,.T.);
#6380=ORIENTED_EDGE('',*,*,#4729,.F.);
#6381=ORIENTED_EDGE('',*,*,#4730,.F.);
#6382=ORIENTED_EDGE('',*,*,#4731,.T.);
#6383=ORIENTED_EDGE('',*,*,#4723,.T.);
#6384=ORIENTED_EDGE('',*,*,#4731,.F.);
#6385=ORIENTED_EDGE('',*,*,#4732,.F.);
#6386=ORIENTED_EDGE('',*,*,#4733,.T.);
#6387=ORIENTED_EDGE('',*,*,#4724,.T.);
#6388=ORIENTED_EDGE('',*,*,#4733,.F.);
#6389=ORIENTED_EDGE('',*,*,#4734,.F.);
#6390=ORIENTED_EDGE('',*,*,#4735,.T.);
#6391=ORIENTED_EDGE('',*,*,#4719,.T.);
#6392=ORIENTED_EDGE('',*,*,#4735,.F.);
#6393=ORIENTED_EDGE('',*,*,#4736,.F.);
#6394=ORIENTED_EDGE('',*,*,#4725,.T.);
#6395=ORIENTED_EDGE('',*,*,#4726,.T.);
#6396=ORIENTED_EDGE('',*,*,#4736,.T.);
#6397=ORIENTED_EDGE('',*,*,#4734,.T.);
#6398=ORIENTED_EDGE('',*,*,#4732,.T.);
#6399=ORIENTED_EDGE('',*,*,#4730,.T.);
#6400=ORIENTED_EDGE('',*,*,#4728,.T.);
#6401=ORIENTED_EDGE('',*,*,#4737,.F.);
#6402=ORIENTED_EDGE('',*,*,#4738,.T.);
#6403=ORIENTED_EDGE('',*,*,#4739,.T.);
#6404=ORIENTED_EDGE('',*,*,#4738,.F.);
#6405=ORIENTED_EDGE('',*,*,#4739,.F.);
#6406=ORIENTED_EDGE('',*,*,#4740,.T.);
#6407=ORIENTED_EDGE('',*,*,#4741,.T.);
#6408=ORIENTED_EDGE('',*,*,#4740,.F.);
#6409=ORIENTED_EDGE('',*,*,#4742,.T.);
#6410=ORIENTED_EDGE('',*,*,#4743,.T.);
#6411=ORIENTED_EDGE('',*,*,#4744,.F.);
#6412=ORIENTED_EDGE('',*,*,#4743,.F.);
#6413=ORIENTED_EDGE('',*,*,#4744,.T.);
#6414=ORIENTED_EDGE('',*,*,#4737,.T.);
#6415=ORIENTED_EDGE('',*,*,#4742,.F.);
#6416=ORIENTED_EDGE('',*,*,#4745,.F.);
#6417=ORIENTED_EDGE('',*,*,#4746,.F.);
#6418=ORIENTED_EDGE('',*,*,#4747,.F.);
#6419=ORIENTED_EDGE('',*,*,#4748,.F.);
#6420=ORIENTED_EDGE('',*,*,#4749,.F.);
#6421=ORIENTED_EDGE('',*,*,#4750,.F.);
#6422=ORIENTED_EDGE('',*,*,#4741,.F.);
#6423=ORIENTED_EDGE('',*,*,#4746,.T.);
#6424=ORIENTED_EDGE('',*,*,#4751,.F.);
#6425=ORIENTED_EDGE('',*,*,#4752,.F.);
#6426=ORIENTED_EDGE('',*,*,#4753,.T.);
#6427=ORIENTED_EDGE('',*,*,#4747,.T.);
#6428=ORIENTED_EDGE('',*,*,#4753,.F.);
#6429=ORIENTED_EDGE('',*,*,#4754,.F.);
#6430=ORIENTED_EDGE('',*,*,#4755,.T.);
#6431=ORIENTED_EDGE('',*,*,#4748,.T.);
#6432=ORIENTED_EDGE('',*,*,#4755,.F.);
#6433=ORIENTED_EDGE('',*,*,#4756,.F.);
#6434=ORIENTED_EDGE('',*,*,#4757,.T.);
#6435=ORIENTED_EDGE('',*,*,#4749,.T.);
#6436=ORIENTED_EDGE('',*,*,#4757,.F.);
#6437=ORIENTED_EDGE('',*,*,#4758,.F.);
#6438=ORIENTED_EDGE('',*,*,#4759,.T.);
#6439=ORIENTED_EDGE('',*,*,#4750,.T.);
#6440=ORIENTED_EDGE('',*,*,#4759,.F.);
#6441=ORIENTED_EDGE('',*,*,#4760,.F.);
#6442=ORIENTED_EDGE('',*,*,#4761,.T.);
#6443=ORIENTED_EDGE('',*,*,#4745,.T.);
#6444=ORIENTED_EDGE('',*,*,#4761,.F.);
#6445=ORIENTED_EDGE('',*,*,#4762,.F.);
#6446=ORIENTED_EDGE('',*,*,#4751,.T.);
#6447=ORIENTED_EDGE('',*,*,#4752,.T.);
#6448=ORIENTED_EDGE('',*,*,#4762,.T.);
#6449=ORIENTED_EDGE('',*,*,#4760,.T.);
#6450=ORIENTED_EDGE('',*,*,#4758,.T.);
#6451=ORIENTED_EDGE('',*,*,#4756,.T.);
#6452=ORIENTED_EDGE('',*,*,#4754,.T.);
#6453=ORIENTED_EDGE('',*,*,#4763,.F.);
#6454=ORIENTED_EDGE('',*,*,#4764,.T.);
#6455=ORIENTED_EDGE('',*,*,#4765,.T.);
#6456=ORIENTED_EDGE('',*,*,#4764,.F.);
#6457=ORIENTED_EDGE('',*,*,#4765,.F.);
#6458=ORIENTED_EDGE('',*,*,#4766,.T.);
#6459=ORIENTED_EDGE('',*,*,#4767,.T.);
#6460=ORIENTED_EDGE('',*,*,#4766,.F.);
#6461=ORIENTED_EDGE('',*,*,#4768,.T.);
#6462=ORIENTED_EDGE('',*,*,#4769,.T.);
#6463=ORIENTED_EDGE('',*,*,#4770,.F.);
#6464=ORIENTED_EDGE('',*,*,#4769,.F.);
#6465=ORIENTED_EDGE('',*,*,#4770,.T.);
#6466=ORIENTED_EDGE('',*,*,#4763,.T.);
#6467=ORIENTED_EDGE('',*,*,#4768,.F.);
#6468=ORIENTED_EDGE('',*,*,#4771,.F.);
#6469=ORIENTED_EDGE('',*,*,#4772,.F.);
#6470=ORIENTED_EDGE('',*,*,#4773,.F.);
#6471=ORIENTED_EDGE('',*,*,#4774,.F.);
#6472=ORIENTED_EDGE('',*,*,#4775,.F.);
#6473=ORIENTED_EDGE('',*,*,#4776,.F.);
#6474=ORIENTED_EDGE('',*,*,#4767,.F.);
#6475=ORIENTED_EDGE('',*,*,#4772,.T.);
#6476=ORIENTED_EDGE('',*,*,#4777,.F.);
#6477=ORIENTED_EDGE('',*,*,#4778,.F.);
#6478=ORIENTED_EDGE('',*,*,#4779,.T.);
#6479=ORIENTED_EDGE('',*,*,#4773,.T.);
#6480=ORIENTED_EDGE('',*,*,#4779,.F.);
#6481=ORIENTED_EDGE('',*,*,#4780,.F.);
#6482=ORIENTED_EDGE('',*,*,#4781,.T.);
#6483=ORIENTED_EDGE('',*,*,#4774,.T.);
#6484=ORIENTED_EDGE('',*,*,#4781,.F.);
#6485=ORIENTED_EDGE('',*,*,#4782,.F.);
#6486=ORIENTED_EDGE('',*,*,#4783,.T.);
#6487=ORIENTED_EDGE('',*,*,#4775,.T.);
#6488=ORIENTED_EDGE('',*,*,#4783,.F.);
#6489=ORIENTED_EDGE('',*,*,#4784,.F.);
#6490=ORIENTED_EDGE('',*,*,#4785,.T.);
#6491=ORIENTED_EDGE('',*,*,#4776,.T.);
#6492=ORIENTED_EDGE('',*,*,#4785,.F.);
#6493=ORIENTED_EDGE('',*,*,#4786,.F.);
#6494=ORIENTED_EDGE('',*,*,#4787,.T.);
#6495=ORIENTED_EDGE('',*,*,#4771,.T.);
#6496=ORIENTED_EDGE('',*,*,#4787,.F.);
#6497=ORIENTED_EDGE('',*,*,#4788,.F.);
#6498=ORIENTED_EDGE('',*,*,#4777,.T.);
#6499=ORIENTED_EDGE('',*,*,#4778,.T.);
#6500=ORIENTED_EDGE('',*,*,#4788,.T.);
#6501=ORIENTED_EDGE('',*,*,#4786,.T.);
#6502=ORIENTED_EDGE('',*,*,#4784,.T.);
#6503=ORIENTED_EDGE('',*,*,#4782,.T.);
#6504=ORIENTED_EDGE('',*,*,#4780,.T.);
#6505=ORIENTED_EDGE('',*,*,#4789,.F.);
#6506=ORIENTED_EDGE('',*,*,#4790,.T.);
#6507=ORIENTED_EDGE('',*,*,#4791,.T.);
#6508=ORIENTED_EDGE('',*,*,#4790,.F.);
#6509=ORIENTED_EDGE('',*,*,#4791,.F.);
#6510=ORIENTED_EDGE('',*,*,#4792,.T.);
#6511=ORIENTED_EDGE('',*,*,#4793,.T.);
#6512=ORIENTED_EDGE('',*,*,#4792,.F.);
#6513=ORIENTED_EDGE('',*,*,#4794,.T.);
#6514=ORIENTED_EDGE('',*,*,#4795,.T.);
#6515=ORIENTED_EDGE('',*,*,#4796,.F.);
#6516=ORIENTED_EDGE('',*,*,#4795,.F.);
#6517=ORIENTED_EDGE('',*,*,#4796,.T.);
#6518=ORIENTED_EDGE('',*,*,#4789,.T.);
#6519=ORIENTED_EDGE('',*,*,#4794,.F.);
#6520=ORIENTED_EDGE('',*,*,#4797,.F.);
#6521=ORIENTED_EDGE('',*,*,#4798,.F.);
#6522=ORIENTED_EDGE('',*,*,#4799,.F.);
#6523=ORIENTED_EDGE('',*,*,#4800,.F.);
#6524=ORIENTED_EDGE('',*,*,#4801,.F.);
#6525=ORIENTED_EDGE('',*,*,#4802,.F.);
#6526=ORIENTED_EDGE('',*,*,#4793,.F.);
#6527=ORIENTED_EDGE('',*,*,#4798,.T.);
#6528=ORIENTED_EDGE('',*,*,#4803,.F.);
#6529=ORIENTED_EDGE('',*,*,#4804,.F.);
#6530=ORIENTED_EDGE('',*,*,#4805,.T.);
#6531=ORIENTED_EDGE('',*,*,#4799,.T.);
#6532=ORIENTED_EDGE('',*,*,#4805,.F.);
#6533=ORIENTED_EDGE('',*,*,#4806,.F.);
#6534=ORIENTED_EDGE('',*,*,#4807,.T.);
#6535=ORIENTED_EDGE('',*,*,#4800,.T.);
#6536=ORIENTED_EDGE('',*,*,#4807,.F.);
#6537=ORIENTED_EDGE('',*,*,#4808,.F.);
#6538=ORIENTED_EDGE('',*,*,#4809,.T.);
#6539=ORIENTED_EDGE('',*,*,#4801,.T.);
#6540=ORIENTED_EDGE('',*,*,#4809,.F.);
#6541=ORIENTED_EDGE('',*,*,#4810,.F.);
#6542=ORIENTED_EDGE('',*,*,#4811,.T.);
#6543=ORIENTED_EDGE('',*,*,#4802,.T.);
#6544=ORIENTED_EDGE('',*,*,#4811,.F.);
#6545=ORIENTED_EDGE('',*,*,#4812,.F.);
#6546=ORIENTED_EDGE('',*,*,#4813,.T.);
#6547=ORIENTED_EDGE('',*,*,#4797,.T.);
#6548=ORIENTED_EDGE('',*,*,#4813,.F.);
#6549=ORIENTED_EDGE('',*,*,#4814,.F.);
#6550=ORIENTED_EDGE('',*,*,#4803,.T.);
#6551=ORIENTED_EDGE('',*,*,#4804,.T.);
#6552=ORIENTED_EDGE('',*,*,#4814,.T.);
#6553=ORIENTED_EDGE('',*,*,#4812,.T.);
#6554=ORIENTED_EDGE('',*,*,#4810,.T.);
#6555=ORIENTED_EDGE('',*,*,#4808,.T.);
#6556=ORIENTED_EDGE('',*,*,#4806,.T.);
#6557=ORIENTED_EDGE('',*,*,#4815,.F.);
#6558=ORIENTED_EDGE('',*,*,#4816,.T.);
#6559=ORIENTED_EDGE('',*,*,#4817,.T.);
#6560=ORIENTED_EDGE('',*,*,#4816,.F.);
#6561=ORIENTED_EDGE('',*,*,#4817,.F.);
#6562=ORIENTED_EDGE('',*,*,#4818,.T.);
#6563=ORIENTED_EDGE('',*,*,#4819,.T.);
#6564=ORIENTED_EDGE('',*,*,#4818,.F.);
#6565=ORIENTED_EDGE('',*,*,#4820,.T.);
#6566=ORIENTED_EDGE('',*,*,#4821,.T.);
#6567=ORIENTED_EDGE('',*,*,#4822,.F.);
#6568=ORIENTED_EDGE('',*,*,#4821,.F.);
#6569=ORIENTED_EDGE('',*,*,#4822,.T.);
#6570=ORIENTED_EDGE('',*,*,#4815,.T.);
#6571=ORIENTED_EDGE('',*,*,#4820,.F.);
#6572=ORIENTED_EDGE('',*,*,#4823,.F.);
#6573=ORIENTED_EDGE('',*,*,#4824,.F.);
#6574=ORIENTED_EDGE('',*,*,#4825,.F.);
#6575=ORIENTED_EDGE('',*,*,#4826,.F.);
#6576=ORIENTED_EDGE('',*,*,#4827,.F.);
#6577=ORIENTED_EDGE('',*,*,#4828,.F.);
#6578=ORIENTED_EDGE('',*,*,#4819,.F.);
#6579=ORIENTED_EDGE('',*,*,#4824,.T.);
#6580=ORIENTED_EDGE('',*,*,#4829,.F.);
#6581=ORIENTED_EDGE('',*,*,#4830,.F.);
#6582=ORIENTED_EDGE('',*,*,#4831,.T.);
#6583=ORIENTED_EDGE('',*,*,#4825,.T.);
#6584=ORIENTED_EDGE('',*,*,#4831,.F.);
#6585=ORIENTED_EDGE('',*,*,#4832,.F.);
#6586=ORIENTED_EDGE('',*,*,#4833,.T.);
#6587=ORIENTED_EDGE('',*,*,#4826,.T.);
#6588=ORIENTED_EDGE('',*,*,#4833,.F.);
#6589=ORIENTED_EDGE('',*,*,#4834,.F.);
#6590=ORIENTED_EDGE('',*,*,#4835,.T.);
#6591=ORIENTED_EDGE('',*,*,#4827,.T.);
#6592=ORIENTED_EDGE('',*,*,#4835,.F.);
#6593=ORIENTED_EDGE('',*,*,#4836,.F.);
#6594=ORIENTED_EDGE('',*,*,#4837,.T.);
#6595=ORIENTED_EDGE('',*,*,#4828,.T.);
#6596=ORIENTED_EDGE('',*,*,#4837,.F.);
#6597=ORIENTED_EDGE('',*,*,#4838,.F.);
#6598=ORIENTED_EDGE('',*,*,#4839,.T.);
#6599=ORIENTED_EDGE('',*,*,#4823,.T.);
#6600=ORIENTED_EDGE('',*,*,#4839,.F.);
#6601=ORIENTED_EDGE('',*,*,#4840,.F.);
#6602=ORIENTED_EDGE('',*,*,#4829,.T.);
#6603=ORIENTED_EDGE('',*,*,#4830,.T.);
#6604=ORIENTED_EDGE('',*,*,#4840,.T.);
#6605=ORIENTED_EDGE('',*,*,#4838,.T.);
#6606=ORIENTED_EDGE('',*,*,#4836,.T.);
#6607=ORIENTED_EDGE('',*,*,#4834,.T.);
#6608=ORIENTED_EDGE('',*,*,#4832,.T.);
#6609=ORIENTED_EDGE('',*,*,#4841,.F.);
#6610=ORIENTED_EDGE('',*,*,#4842,.T.);
#6611=ORIENTED_EDGE('',*,*,#4843,.T.);
#6612=ORIENTED_EDGE('',*,*,#4842,.F.);
#6613=ORIENTED_EDGE('',*,*,#4843,.F.);
#6614=ORIENTED_EDGE('',*,*,#4844,.T.);
#6615=ORIENTED_EDGE('',*,*,#4845,.T.);
#6616=ORIENTED_EDGE('',*,*,#4844,.F.);
#6617=ORIENTED_EDGE('',*,*,#4846,.T.);
#6618=ORIENTED_EDGE('',*,*,#4847,.T.);
#6619=ORIENTED_EDGE('',*,*,#4848,.F.);
#6620=ORIENTED_EDGE('',*,*,#4847,.F.);
#6621=ORIENTED_EDGE('',*,*,#4848,.T.);
#6622=ORIENTED_EDGE('',*,*,#4841,.T.);
#6623=ORIENTED_EDGE('',*,*,#4846,.F.);
#6624=ORIENTED_EDGE('',*,*,#4849,.F.);
#6625=ORIENTED_EDGE('',*,*,#4850,.F.);
#6626=ORIENTED_EDGE('',*,*,#4851,.F.);
#6627=ORIENTED_EDGE('',*,*,#4852,.F.);
#6628=ORIENTED_EDGE('',*,*,#4853,.F.);
#6629=ORIENTED_EDGE('',*,*,#4854,.F.);
#6630=ORIENTED_EDGE('',*,*,#4845,.F.);
#6631=ORIENTED_EDGE('',*,*,#4850,.T.);
#6632=ORIENTED_EDGE('',*,*,#4855,.F.);
#6633=ORIENTED_EDGE('',*,*,#4856,.F.);
#6634=ORIENTED_EDGE('',*,*,#4857,.T.);
#6635=ORIENTED_EDGE('',*,*,#4851,.T.);
#6636=ORIENTED_EDGE('',*,*,#4857,.F.);
#6637=ORIENTED_EDGE('',*,*,#4858,.F.);
#6638=ORIENTED_EDGE('',*,*,#4859,.T.);
#6639=ORIENTED_EDGE('',*,*,#4852,.T.);
#6640=ORIENTED_EDGE('',*,*,#4859,.F.);
#6641=ORIENTED_EDGE('',*,*,#4860,.F.);
#6642=ORIENTED_EDGE('',*,*,#4861,.T.);
#6643=ORIENTED_EDGE('',*,*,#4853,.T.);
#6644=ORIENTED_EDGE('',*,*,#4861,.F.);
#6645=ORIENTED_EDGE('',*,*,#4862,.F.);
#6646=ORIENTED_EDGE('',*,*,#4863,.T.);
#6647=ORIENTED_EDGE('',*,*,#4854,.T.);
#6648=ORIENTED_EDGE('',*,*,#4863,.F.);
#6649=ORIENTED_EDGE('',*,*,#4864,.F.);
#6650=ORIENTED_EDGE('',*,*,#4865,.T.);
#6651=ORIENTED_EDGE('',*,*,#4849,.T.);
#6652=ORIENTED_EDGE('',*,*,#4865,.F.);
#6653=ORIENTED_EDGE('',*,*,#4866,.F.);
#6654=ORIENTED_EDGE('',*,*,#4855,.T.);
#6655=ORIENTED_EDGE('',*,*,#4856,.T.);
#6656=ORIENTED_EDGE('',*,*,#4866,.T.);
#6657=ORIENTED_EDGE('',*,*,#4864,.T.);
#6658=ORIENTED_EDGE('',*,*,#4862,.T.);
#6659=ORIENTED_EDGE('',*,*,#4860,.T.);
#6660=ORIENTED_EDGE('',*,*,#4858,.T.);
#6661=ORIENTED_EDGE('',*,*,#4867,.F.);
#6662=ORIENTED_EDGE('',*,*,#4868,.T.);
#6663=ORIENTED_EDGE('',*,*,#4869,.T.);
#6664=ORIENTED_EDGE('',*,*,#4868,.F.);
#6665=ORIENTED_EDGE('',*,*,#4869,.F.);
#6666=ORIENTED_EDGE('',*,*,#4870,.T.);
#6667=ORIENTED_EDGE('',*,*,#4871,.T.);
#6668=ORIENTED_EDGE('',*,*,#4870,.F.);
#6669=ORIENTED_EDGE('',*,*,#4872,.T.);
#6670=ORIENTED_EDGE('',*,*,#4873,.T.);
#6671=ORIENTED_EDGE('',*,*,#4874,.F.);
#6672=ORIENTED_EDGE('',*,*,#4873,.F.);
#6673=ORIENTED_EDGE('',*,*,#4874,.T.);
#6674=ORIENTED_EDGE('',*,*,#4867,.T.);
#6675=ORIENTED_EDGE('',*,*,#4872,.F.);
#6676=ORIENTED_EDGE('',*,*,#4875,.F.);
#6677=ORIENTED_EDGE('',*,*,#4876,.F.);
#6678=ORIENTED_EDGE('',*,*,#4877,.F.);
#6679=ORIENTED_EDGE('',*,*,#4878,.F.);
#6680=ORIENTED_EDGE('',*,*,#4879,.F.);
#6681=ORIENTED_EDGE('',*,*,#4880,.F.);
#6682=ORIENTED_EDGE('',*,*,#4871,.F.);
#6683=ORIENTED_EDGE('',*,*,#4876,.T.);
#6684=ORIENTED_EDGE('',*,*,#4881,.F.);
#6685=ORIENTED_EDGE('',*,*,#4882,.F.);
#6686=ORIENTED_EDGE('',*,*,#4883,.T.);
#6687=ORIENTED_EDGE('',*,*,#4877,.T.);
#6688=ORIENTED_EDGE('',*,*,#4883,.F.);
#6689=ORIENTED_EDGE('',*,*,#4884,.F.);
#6690=ORIENTED_EDGE('',*,*,#4885,.T.);
#6691=ORIENTED_EDGE('',*,*,#4878,.T.);
#6692=ORIENTED_EDGE('',*,*,#4885,.F.);
#6693=ORIENTED_EDGE('',*,*,#4886,.F.);
#6694=ORIENTED_EDGE('',*,*,#4887,.T.);
#6695=ORIENTED_EDGE('',*,*,#4879,.T.);
#6696=ORIENTED_EDGE('',*,*,#4887,.F.);
#6697=ORIENTED_EDGE('',*,*,#4888,.F.);
#6698=ORIENTED_EDGE('',*,*,#4889,.T.);
#6699=ORIENTED_EDGE('',*,*,#4880,.T.);
#6700=ORIENTED_EDGE('',*,*,#4889,.F.);
#6701=ORIENTED_EDGE('',*,*,#4890,.F.);
#6702=ORIENTED_EDGE('',*,*,#4891,.T.);
#6703=ORIENTED_EDGE('',*,*,#4875,.T.);
#6704=ORIENTED_EDGE('',*,*,#4891,.F.);
#6705=ORIENTED_EDGE('',*,*,#4892,.F.);
#6706=ORIENTED_EDGE('',*,*,#4881,.T.);
#6707=ORIENTED_EDGE('',*,*,#4882,.T.);
#6708=ORIENTED_EDGE('',*,*,#4892,.T.);
#6709=ORIENTED_EDGE('',*,*,#4890,.T.);
#6710=ORIENTED_EDGE('',*,*,#4888,.T.);
#6711=ORIENTED_EDGE('',*,*,#4886,.T.);
#6712=ORIENTED_EDGE('',*,*,#4884,.T.);
#6713=ORIENTED_EDGE('',*,*,#4893,.F.);
#6714=ORIENTED_EDGE('',*,*,#4894,.T.);
#6715=ORIENTED_EDGE('',*,*,#4895,.T.);
#6716=ORIENTED_EDGE('',*,*,#4894,.F.);
#6717=ORIENTED_EDGE('',*,*,#4895,.F.);
#6718=ORIENTED_EDGE('',*,*,#4896,.T.);
#6719=ORIENTED_EDGE('',*,*,#4897,.T.);
#6720=ORIENTED_EDGE('',*,*,#4896,.F.);
#6721=ORIENTED_EDGE('',*,*,#4898,.T.);
#6722=ORIENTED_EDGE('',*,*,#4899,.T.);
#6723=ORIENTED_EDGE('',*,*,#4900,.F.);
#6724=ORIENTED_EDGE('',*,*,#4899,.F.);
#6725=ORIENTED_EDGE('',*,*,#4900,.T.);
#6726=ORIENTED_EDGE('',*,*,#4893,.T.);
#6727=ORIENTED_EDGE('',*,*,#4898,.F.);
#6728=ORIENTED_EDGE('',*,*,#4901,.F.);
#6729=ORIENTED_EDGE('',*,*,#4902,.F.);
#6730=ORIENTED_EDGE('',*,*,#4903,.F.);
#6731=ORIENTED_EDGE('',*,*,#4904,.F.);
#6732=ORIENTED_EDGE('',*,*,#4905,.F.);
#6733=ORIENTED_EDGE('',*,*,#4906,.F.);
#6734=ORIENTED_EDGE('',*,*,#4897,.F.);
#6735=ORIENTED_EDGE('',*,*,#4902,.T.);
#6736=ORIENTED_EDGE('',*,*,#4907,.F.);
#6737=ORIENTED_EDGE('',*,*,#4908,.F.);
#6738=ORIENTED_EDGE('',*,*,#4909,.T.);
#6739=ORIENTED_EDGE('',*,*,#4903,.T.);
#6740=ORIENTED_EDGE('',*,*,#4909,.F.);
#6741=ORIENTED_EDGE('',*,*,#4910,.F.);
#6742=ORIENTED_EDGE('',*,*,#4911,.T.);
#6743=ORIENTED_EDGE('',*,*,#4904,.T.);
#6744=ORIENTED_EDGE('',*,*,#4911,.F.);
#6745=ORIENTED_EDGE('',*,*,#4912,.F.);
#6746=ORIENTED_EDGE('',*,*,#4913,.T.);
#6747=ORIENTED_EDGE('',*,*,#4905,.T.);
#6748=ORIENTED_EDGE('',*,*,#4913,.F.);
#6749=ORIENTED_EDGE('',*,*,#4914,.F.);
#6750=ORIENTED_EDGE('',*,*,#4915,.T.);
#6751=ORIENTED_EDGE('',*,*,#4906,.T.);
#6752=ORIENTED_EDGE('',*,*,#4915,.F.);
#6753=ORIENTED_EDGE('',*,*,#4916,.F.);
#6754=ORIENTED_EDGE('',*,*,#4917,.T.);
#6755=ORIENTED_EDGE('',*,*,#4901,.T.);
#6756=ORIENTED_EDGE('',*,*,#4917,.F.);
#6757=ORIENTED_EDGE('',*,*,#4918,.F.);
#6758=ORIENTED_EDGE('',*,*,#4907,.T.);
#6759=ORIENTED_EDGE('',*,*,#4908,.T.);
#6760=ORIENTED_EDGE('',*,*,#4918,.T.);
#6761=ORIENTED_EDGE('',*,*,#4916,.T.);
#6762=ORIENTED_EDGE('',*,*,#4914,.T.);
#6763=ORIENTED_EDGE('',*,*,#4912,.T.);
#6764=ORIENTED_EDGE('',*,*,#4910,.T.);
#6765=ORIENTED_EDGE('',*,*,#4919,.F.);
#6766=ORIENTED_EDGE('',*,*,#4920,.T.);
#6767=ORIENTED_EDGE('',*,*,#4921,.T.);
#6768=ORIENTED_EDGE('',*,*,#4920,.F.);
#6769=ORIENTED_EDGE('',*,*,#4921,.F.);
#6770=ORIENTED_EDGE('',*,*,#4922,.T.);
#6771=ORIENTED_EDGE('',*,*,#4923,.T.);
#6772=ORIENTED_EDGE('',*,*,#4922,.F.);
#6773=ORIENTED_EDGE('',*,*,#4924,.T.);
#6774=ORIENTED_EDGE('',*,*,#4925,.T.);
#6775=ORIENTED_EDGE('',*,*,#4926,.F.);
#6776=ORIENTED_EDGE('',*,*,#4925,.F.);
#6777=ORIENTED_EDGE('',*,*,#4926,.T.);
#6778=ORIENTED_EDGE('',*,*,#4919,.T.);
#6779=ORIENTED_EDGE('',*,*,#4924,.F.);
#6780=ORIENTED_EDGE('',*,*,#4927,.F.);
#6781=ORIENTED_EDGE('',*,*,#4928,.F.);
#6782=ORIENTED_EDGE('',*,*,#4929,.F.);
#6783=ORIENTED_EDGE('',*,*,#4930,.F.);
#6784=ORIENTED_EDGE('',*,*,#4931,.F.);
#6785=ORIENTED_EDGE('',*,*,#4932,.F.);
#6786=ORIENTED_EDGE('',*,*,#4923,.F.);
#6787=ORIENTED_EDGE('',*,*,#4928,.T.);
#6788=ORIENTED_EDGE('',*,*,#4933,.F.);
#6789=ORIENTED_EDGE('',*,*,#4934,.F.);
#6790=ORIENTED_EDGE('',*,*,#4935,.T.);
#6791=ORIENTED_EDGE('',*,*,#4929,.T.);
#6792=ORIENTED_EDGE('',*,*,#4935,.F.);
#6793=ORIENTED_EDGE('',*,*,#4936,.F.);
#6794=ORIENTED_EDGE('',*,*,#4937,.T.);
#6795=ORIENTED_EDGE('',*,*,#4930,.T.);
#6796=ORIENTED_EDGE('',*,*,#4937,.F.);
#6797=ORIENTED_EDGE('',*,*,#4938,.F.);
#6798=ORIENTED_EDGE('',*,*,#4939,.T.);
#6799=ORIENTED_EDGE('',*,*,#4931,.T.);
#6800=ORIENTED_EDGE('',*,*,#4939,.F.);
#6801=ORIENTED_EDGE('',*,*,#4940,.F.);
#6802=ORIENTED_EDGE('',*,*,#4941,.T.);
#6803=ORIENTED_EDGE('',*,*,#4932,.T.);
#6804=ORIENTED_EDGE('',*,*,#4941,.F.);
#6805=ORIENTED_EDGE('',*,*,#4942,.F.);
#6806=ORIENTED_EDGE('',*,*,#4943,.T.);
#6807=ORIENTED_EDGE('',*,*,#4927,.T.);
#6808=ORIENTED_EDGE('',*,*,#4943,.F.);
#6809=ORIENTED_EDGE('',*,*,#4944,.F.);
#6810=ORIENTED_EDGE('',*,*,#4933,.T.);
#6811=ORIENTED_EDGE('',*,*,#4934,.T.);
#6812=ORIENTED_EDGE('',*,*,#4944,.T.);
#6813=ORIENTED_EDGE('',*,*,#4942,.T.);
#6814=ORIENTED_EDGE('',*,*,#4940,.T.);
#6815=ORIENTED_EDGE('',*,*,#4938,.T.);
#6816=ORIENTED_EDGE('',*,*,#4936,.T.);
#6817=ORIENTED_EDGE('',*,*,#4945,.F.);
#6818=ORIENTED_EDGE('',*,*,#4946,.T.);
#6819=ORIENTED_EDGE('',*,*,#4947,.T.);
#6820=ORIENTED_EDGE('',*,*,#4946,.F.);
#6821=ORIENTED_EDGE('',*,*,#4947,.F.);
#6822=ORIENTED_EDGE('',*,*,#4948,.T.);
#6823=ORIENTED_EDGE('',*,*,#4949,.T.);
#6824=ORIENTED_EDGE('',*,*,#4948,.F.);
#6825=ORIENTED_EDGE('',*,*,#4950,.T.);
#6826=ORIENTED_EDGE('',*,*,#4951,.T.);
#6827=ORIENTED_EDGE('',*,*,#4952,.F.);
#6828=ORIENTED_EDGE('',*,*,#4951,.F.);
#6829=ORIENTED_EDGE('',*,*,#4952,.T.);
#6830=ORIENTED_EDGE('',*,*,#4945,.T.);
#6831=ORIENTED_EDGE('',*,*,#4950,.F.);
#6832=ORIENTED_EDGE('',*,*,#4953,.F.);
#6833=ORIENTED_EDGE('',*,*,#4954,.F.);
#6834=ORIENTED_EDGE('',*,*,#4955,.F.);
#6835=ORIENTED_EDGE('',*,*,#4956,.F.);
#6836=ORIENTED_EDGE('',*,*,#4957,.F.);
#6837=ORIENTED_EDGE('',*,*,#4958,.F.);
#6838=ORIENTED_EDGE('',*,*,#4949,.F.);
#6839=ORIENTED_EDGE('',*,*,#4954,.T.);
#6840=ORIENTED_EDGE('',*,*,#4959,.F.);
#6841=ORIENTED_EDGE('',*,*,#4960,.F.);
#6842=ORIENTED_EDGE('',*,*,#4961,.T.);
#6843=ORIENTED_EDGE('',*,*,#4955,.T.);
#6844=ORIENTED_EDGE('',*,*,#4961,.F.);
#6845=ORIENTED_EDGE('',*,*,#4962,.F.);
#6846=ORIENTED_EDGE('',*,*,#4963,.T.);
#6847=ORIENTED_EDGE('',*,*,#4956,.T.);
#6848=ORIENTED_EDGE('',*,*,#4963,.F.);
#6849=ORIENTED_EDGE('',*,*,#4964,.F.);
#6850=ORIENTED_EDGE('',*,*,#4965,.T.);
#6851=ORIENTED_EDGE('',*,*,#4957,.T.);
#6852=ORIENTED_EDGE('',*,*,#4965,.F.);
#6853=ORIENTED_EDGE('',*,*,#4966,.F.);
#6854=ORIENTED_EDGE('',*,*,#4967,.T.);
#6855=ORIENTED_EDGE('',*,*,#4958,.T.);
#6856=ORIENTED_EDGE('',*,*,#4967,.F.);
#6857=ORIENTED_EDGE('',*,*,#4968,.F.);
#6858=ORIENTED_EDGE('',*,*,#4969,.T.);
#6859=ORIENTED_EDGE('',*,*,#4953,.T.);
#6860=ORIENTED_EDGE('',*,*,#4969,.F.);
#6861=ORIENTED_EDGE('',*,*,#4970,.F.);
#6862=ORIENTED_EDGE('',*,*,#4959,.T.);
#6863=ORIENTED_EDGE('',*,*,#4960,.T.);
#6864=ORIENTED_EDGE('',*,*,#4970,.T.);
#6865=ORIENTED_EDGE('',*,*,#4968,.T.);
#6866=ORIENTED_EDGE('',*,*,#4966,.T.);
#6867=ORIENTED_EDGE('',*,*,#4964,.T.);
#6868=ORIENTED_EDGE('',*,*,#4962,.T.);
#6869=ORIENTED_EDGE('',*,*,#4971,.F.);
#6870=ORIENTED_EDGE('',*,*,#4972,.T.);
#6871=ORIENTED_EDGE('',*,*,#4973,.T.);
#6872=ORIENTED_EDGE('',*,*,#4972,.F.);
#6873=ORIENTED_EDGE('',*,*,#4973,.F.);
#6874=ORIENTED_EDGE('',*,*,#4974,.T.);
#6875=ORIENTED_EDGE('',*,*,#4975,.T.);
#6876=ORIENTED_EDGE('',*,*,#4974,.F.);
#6877=ORIENTED_EDGE('',*,*,#4976,.T.);
#6878=ORIENTED_EDGE('',*,*,#4977,.T.);
#6879=ORIENTED_EDGE('',*,*,#4978,.F.);
#6880=ORIENTED_EDGE('',*,*,#4977,.F.);
#6881=ORIENTED_EDGE('',*,*,#4978,.T.);
#6882=ORIENTED_EDGE('',*,*,#4971,.T.);
#6883=ORIENTED_EDGE('',*,*,#4976,.F.);
#6884=ORIENTED_EDGE('',*,*,#4979,.F.);
#6885=ORIENTED_EDGE('',*,*,#4980,.F.);
#6886=ORIENTED_EDGE('',*,*,#4981,.F.);
#6887=ORIENTED_EDGE('',*,*,#4982,.F.);
#6888=ORIENTED_EDGE('',*,*,#4983,.F.);
#6889=ORIENTED_EDGE('',*,*,#4984,.F.);
#6890=ORIENTED_EDGE('',*,*,#4975,.F.);
#6891=ORIENTED_EDGE('',*,*,#4980,.T.);
#6892=ORIENTED_EDGE('',*,*,#4985,.F.);
#6893=ORIENTED_EDGE('',*,*,#4986,.F.);
#6894=ORIENTED_EDGE('',*,*,#4987,.T.);
#6895=ORIENTED_EDGE('',*,*,#4981,.T.);
#6896=ORIENTED_EDGE('',*,*,#4987,.F.);
#6897=ORIENTED_EDGE('',*,*,#4988,.F.);
#6898=ORIENTED_EDGE('',*,*,#4989,.T.);
#6899=ORIENTED_EDGE('',*,*,#4982,.T.);
#6900=ORIENTED_EDGE('',*,*,#4989,.F.);
#6901=ORIENTED_EDGE('',*,*,#4990,.F.);
#6902=ORIENTED_EDGE('',*,*,#4991,.T.);
#6903=ORIENTED_EDGE('',*,*,#4983,.T.);
#6904=ORIENTED_EDGE('',*,*,#4991,.F.);
#6905=ORIENTED_EDGE('',*,*,#4992,.F.);
#6906=ORIENTED_EDGE('',*,*,#4993,.T.);
#6907=ORIENTED_EDGE('',*,*,#4984,.T.);
#6908=ORIENTED_EDGE('',*,*,#4993,.F.);
#6909=ORIENTED_EDGE('',*,*,#4994,.F.);
#6910=ORIENTED_EDGE('',*,*,#4995,.T.);
#6911=ORIENTED_EDGE('',*,*,#4979,.T.);
#6912=ORIENTED_EDGE('',*,*,#4995,.F.);
#6913=ORIENTED_EDGE('',*,*,#4996,.F.);
#6914=ORIENTED_EDGE('',*,*,#4985,.T.);
#6915=ORIENTED_EDGE('',*,*,#4986,.T.);
#6916=ORIENTED_EDGE('',*,*,#4996,.T.);
#6917=ORIENTED_EDGE('',*,*,#4994,.T.);
#6918=ORIENTED_EDGE('',*,*,#4992,.T.);
#6919=ORIENTED_EDGE('',*,*,#4990,.T.);
#6920=ORIENTED_EDGE('',*,*,#4988,.T.);
#6921=ORIENTED_EDGE('',*,*,#4997,.F.);
#6922=ORIENTED_EDGE('',*,*,#4998,.T.);
#6923=ORIENTED_EDGE('',*,*,#4999,.T.);
#6924=ORIENTED_EDGE('',*,*,#4998,.F.);
#6925=ORIENTED_EDGE('',*,*,#4999,.F.);
#6926=ORIENTED_EDGE('',*,*,#5000,.T.);
#6927=ORIENTED_EDGE('',*,*,#5001,.T.);
#6928=ORIENTED_EDGE('',*,*,#5000,.F.);
#6929=ORIENTED_EDGE('',*,*,#5002,.T.);
#6930=ORIENTED_EDGE('',*,*,#5003,.T.);
#6931=ORIENTED_EDGE('',*,*,#5004,.F.);
#6932=ORIENTED_EDGE('',*,*,#5003,.F.);
#6933=ORIENTED_EDGE('',*,*,#5004,.T.);
#6934=ORIENTED_EDGE('',*,*,#4997,.T.);
#6935=ORIENTED_EDGE('',*,*,#5002,.F.);
#6936=ORIENTED_EDGE('',*,*,#5005,.F.);
#6937=ORIENTED_EDGE('',*,*,#5006,.F.);
#6938=ORIENTED_EDGE('',*,*,#5007,.F.);
#6939=ORIENTED_EDGE('',*,*,#5008,.F.);
#6940=ORIENTED_EDGE('',*,*,#5009,.F.);
#6941=ORIENTED_EDGE('',*,*,#5010,.F.);
#6942=ORIENTED_EDGE('',*,*,#5001,.F.);
#6943=ORIENTED_EDGE('',*,*,#5006,.T.);
#6944=ORIENTED_EDGE('',*,*,#5011,.F.);
#6945=ORIENTED_EDGE('',*,*,#5012,.F.);
#6946=ORIENTED_EDGE('',*,*,#5013,.T.);
#6947=ORIENTED_EDGE('',*,*,#5007,.T.);
#6948=ORIENTED_EDGE('',*,*,#5013,.F.);
#6949=ORIENTED_EDGE('',*,*,#5014,.F.);
#6950=ORIENTED_EDGE('',*,*,#5015,.T.);
#6951=ORIENTED_EDGE('',*,*,#5008,.T.);
#6952=ORIENTED_EDGE('',*,*,#5015,.F.);
#6953=ORIENTED_EDGE('',*,*,#5016,.F.);
#6954=ORIENTED_EDGE('',*,*,#5017,.T.);
#6955=ORIENTED_EDGE('',*,*,#5009,.T.);
#6956=ORIENTED_EDGE('',*,*,#5017,.F.);
#6957=ORIENTED_EDGE('',*,*,#5018,.F.);
#6958=ORIENTED_EDGE('',*,*,#5019,.T.);
#6959=ORIENTED_EDGE('',*,*,#5010,.T.);
#6960=ORIENTED_EDGE('',*,*,#5019,.F.);
#6961=ORIENTED_EDGE('',*,*,#5020,.F.);
#6962=ORIENTED_EDGE('',*,*,#5021,.T.);
#6963=ORIENTED_EDGE('',*,*,#5005,.T.);
#6964=ORIENTED_EDGE('',*,*,#5021,.F.);
#6965=ORIENTED_EDGE('',*,*,#5022,.F.);
#6966=ORIENTED_EDGE('',*,*,#5011,.T.);
#6967=ORIENTED_EDGE('',*,*,#5012,.T.);
#6968=ORIENTED_EDGE('',*,*,#5022,.T.);
#6969=ORIENTED_EDGE('',*,*,#5020,.T.);
#6970=ORIENTED_EDGE('',*,*,#5018,.T.);
#6971=ORIENTED_EDGE('',*,*,#5016,.T.);
#6972=ORIENTED_EDGE('',*,*,#5014,.T.);
#6973=ORIENTED_EDGE('',*,*,#5023,.F.);
#6974=ORIENTED_EDGE('',*,*,#5024,.T.);
#6975=ORIENTED_EDGE('',*,*,#5025,.T.);
#6976=ORIENTED_EDGE('',*,*,#5024,.F.);
#6977=ORIENTED_EDGE('',*,*,#5025,.F.);
#6978=ORIENTED_EDGE('',*,*,#5026,.T.);
#6979=ORIENTED_EDGE('',*,*,#5027,.T.);
#6980=ORIENTED_EDGE('',*,*,#5026,.F.);
#6981=ORIENTED_EDGE('',*,*,#5028,.T.);
#6982=ORIENTED_EDGE('',*,*,#5029,.T.);
#6983=ORIENTED_EDGE('',*,*,#5030,.F.);
#6984=ORIENTED_EDGE('',*,*,#5029,.F.);
#6985=ORIENTED_EDGE('',*,*,#5030,.T.);
#6986=ORIENTED_EDGE('',*,*,#5023,.T.);
#6987=ORIENTED_EDGE('',*,*,#5028,.F.);
#6988=ORIENTED_EDGE('',*,*,#5031,.F.);
#6989=ORIENTED_EDGE('',*,*,#5032,.F.);
#6990=ORIENTED_EDGE('',*,*,#5033,.F.);
#6991=ORIENTED_EDGE('',*,*,#5034,.F.);
#6992=ORIENTED_EDGE('',*,*,#5035,.F.);
#6993=ORIENTED_EDGE('',*,*,#5036,.F.);
#6994=ORIENTED_EDGE('',*,*,#5027,.F.);
#6995=ORIENTED_EDGE('',*,*,#5032,.T.);
#6996=ORIENTED_EDGE('',*,*,#5037,.F.);
#6997=ORIENTED_EDGE('',*,*,#5038,.F.);
#6998=ORIENTED_EDGE('',*,*,#5039,.T.);
#6999=ORIENTED_EDGE('',*,*,#5033,.T.);
#7000=ORIENTED_EDGE('',*,*,#5039,.F.);
#7001=ORIENTED_EDGE('',*,*,#5040,.F.);
#7002=ORIENTED_EDGE('',*,*,#5041,.T.);
#7003=ORIENTED_EDGE('',*,*,#5034,.T.);
#7004=ORIENTED_EDGE('',*,*,#5041,.F.);
#7005=ORIENTED_EDGE('',*,*,#5042,.F.);
#7006=ORIENTED_EDGE('',*,*,#5043,.T.);
#7007=ORIENTED_EDGE('',*,*,#5035,.T.);
#7008=ORIENTED_EDGE('',*,*,#5043,.F.);
#7009=ORIENTED_EDGE('',*,*,#5044,.F.);
#7010=ORIENTED_EDGE('',*,*,#5045,.T.);
#7011=ORIENTED_EDGE('',*,*,#5036,.T.);
#7012=ORIENTED_EDGE('',*,*,#5045,.F.);
#7013=ORIENTED_EDGE('',*,*,#5046,.F.);
#7014=ORIENTED_EDGE('',*,*,#5047,.T.);
#7015=ORIENTED_EDGE('',*,*,#5031,.T.);
#7016=ORIENTED_EDGE('',*,*,#5047,.F.);
#7017=ORIENTED_EDGE('',*,*,#5048,.F.);
#7018=ORIENTED_EDGE('',*,*,#5037,.T.);
#7019=ORIENTED_EDGE('',*,*,#5038,.T.);
#7020=ORIENTED_EDGE('',*,*,#5048,.T.);
#7021=ORIENTED_EDGE('',*,*,#5046,.T.);
#7022=ORIENTED_EDGE('',*,*,#5044,.T.);
#7023=ORIENTED_EDGE('',*,*,#5042,.T.);
#7024=ORIENTED_EDGE('',*,*,#5040,.T.);
#7025=ORIENTED_EDGE('',*,*,#5049,.F.);
#7026=ORIENTED_EDGE('',*,*,#5050,.T.);
#7027=ORIENTED_EDGE('',*,*,#5051,.T.);
#7028=ORIENTED_EDGE('',*,*,#5050,.F.);
#7029=ORIENTED_EDGE('',*,*,#5051,.F.);
#7030=ORIENTED_EDGE('',*,*,#5052,.T.);
#7031=ORIENTED_EDGE('',*,*,#5053,.T.);
#7032=ORIENTED_EDGE('',*,*,#5052,.F.);
#7033=ORIENTED_EDGE('',*,*,#5054,.T.);
#7034=ORIENTED_EDGE('',*,*,#5055,.T.);
#7035=ORIENTED_EDGE('',*,*,#5056,.F.);
#7036=ORIENTED_EDGE('',*,*,#5055,.F.);
#7037=ORIENTED_EDGE('',*,*,#5056,.T.);
#7038=ORIENTED_EDGE('',*,*,#5049,.T.);
#7039=ORIENTED_EDGE('',*,*,#5054,.F.);
#7040=ORIENTED_EDGE('',*,*,#5057,.F.);
#7041=ORIENTED_EDGE('',*,*,#5058,.F.);
#7042=ORIENTED_EDGE('',*,*,#5059,.F.);
#7043=ORIENTED_EDGE('',*,*,#5060,.F.);
#7044=ORIENTED_EDGE('',*,*,#5061,.F.);
#7045=ORIENTED_EDGE('',*,*,#5062,.F.);
#7046=ORIENTED_EDGE('',*,*,#5053,.F.);
#7047=ORIENTED_EDGE('',*,*,#5058,.T.);
#7048=ORIENTED_EDGE('',*,*,#5063,.F.);
#7049=ORIENTED_EDGE('',*,*,#5064,.F.);
#7050=ORIENTED_EDGE('',*,*,#5065,.T.);
#7051=ORIENTED_EDGE('',*,*,#5059,.T.);
#7052=ORIENTED_EDGE('',*,*,#5065,.F.);
#7053=ORIENTED_EDGE('',*,*,#5066,.F.);
#7054=ORIENTED_EDGE('',*,*,#5067,.T.);
#7055=ORIENTED_EDGE('',*,*,#5060,.T.);
#7056=ORIENTED_EDGE('',*,*,#5067,.F.);
#7057=ORIENTED_EDGE('',*,*,#5068,.F.);
#7058=ORIENTED_EDGE('',*,*,#5069,.T.);
#7059=ORIENTED_EDGE('',*,*,#5061,.T.);
#7060=ORIENTED_EDGE('',*,*,#5069,.F.);
#7061=ORIENTED_EDGE('',*,*,#5070,.F.);
#7062=ORIENTED_EDGE('',*,*,#5071,.T.);
#7063=ORIENTED_EDGE('',*,*,#5062,.T.);
#7064=ORIENTED_EDGE('',*,*,#5071,.F.);
#7065=ORIENTED_EDGE('',*,*,#5072,.F.);
#7066=ORIENTED_EDGE('',*,*,#5073,.T.);
#7067=ORIENTED_EDGE('',*,*,#5057,.T.);
#7068=ORIENTED_EDGE('',*,*,#5073,.F.);
#7069=ORIENTED_EDGE('',*,*,#5074,.F.);
#7070=ORIENTED_EDGE('',*,*,#5063,.T.);
#7071=ORIENTED_EDGE('',*,*,#5064,.T.);
#7072=ORIENTED_EDGE('',*,*,#5074,.T.);
#7073=ORIENTED_EDGE('',*,*,#5072,.T.);
#7074=ORIENTED_EDGE('',*,*,#5070,.T.);
#7075=ORIENTED_EDGE('',*,*,#5068,.T.);
#7076=ORIENTED_EDGE('',*,*,#5066,.T.);
#7077=ORIENTED_EDGE('',*,*,#5075,.F.);
#7078=ORIENTED_EDGE('',*,*,#5076,.T.);
#7079=ORIENTED_EDGE('',*,*,#5077,.T.);
#7080=ORIENTED_EDGE('',*,*,#5076,.F.);
#7081=ORIENTED_EDGE('',*,*,#5077,.F.);
#7082=ORIENTED_EDGE('',*,*,#5078,.T.);
#7083=ORIENTED_EDGE('',*,*,#5079,.T.);
#7084=ORIENTED_EDGE('',*,*,#5078,.F.);
#7085=ORIENTED_EDGE('',*,*,#5080,.T.);
#7086=ORIENTED_EDGE('',*,*,#5081,.T.);
#7087=ORIENTED_EDGE('',*,*,#5082,.F.);
#7088=ORIENTED_EDGE('',*,*,#5081,.F.);
#7089=ORIENTED_EDGE('',*,*,#5082,.T.);
#7090=ORIENTED_EDGE('',*,*,#5075,.T.);
#7091=ORIENTED_EDGE('',*,*,#5080,.F.);
#7092=ORIENTED_EDGE('',*,*,#5083,.F.);
#7093=ORIENTED_EDGE('',*,*,#5084,.F.);
#7094=ORIENTED_EDGE('',*,*,#5085,.F.);
#7095=ORIENTED_EDGE('',*,*,#5086,.F.);
#7096=ORIENTED_EDGE('',*,*,#5087,.F.);
#7097=ORIENTED_EDGE('',*,*,#5088,.F.);
#7098=ORIENTED_EDGE('',*,*,#5079,.F.);
#7099=ORIENTED_EDGE('',*,*,#5084,.T.);
#7100=ORIENTED_EDGE('',*,*,#5089,.F.);
#7101=ORIENTED_EDGE('',*,*,#5090,.F.);
#7102=ORIENTED_EDGE('',*,*,#5091,.T.);
#7103=ORIENTED_EDGE('',*,*,#5085,.T.);
#7104=ORIENTED_EDGE('',*,*,#5091,.F.);
#7105=ORIENTED_EDGE('',*,*,#5092,.F.);
#7106=ORIENTED_EDGE('',*,*,#5093,.T.);
#7107=ORIENTED_EDGE('',*,*,#5086,.T.);
#7108=ORIENTED_EDGE('',*,*,#5093,.F.);
#7109=ORIENTED_EDGE('',*,*,#5094,.F.);
#7110=ORIENTED_EDGE('',*,*,#5095,.T.);
#7111=ORIENTED_EDGE('',*,*,#5087,.T.);
#7112=ORIENTED_EDGE('',*,*,#5095,.F.);
#7113=ORIENTED_EDGE('',*,*,#5096,.F.);
#7114=ORIENTED_EDGE('',*,*,#5097,.T.);
#7115=ORIENTED_EDGE('',*,*,#5088,.T.);
#7116=ORIENTED_EDGE('',*,*,#5097,.F.);
#7117=ORIENTED_EDGE('',*,*,#5098,.F.);
#7118=ORIENTED_EDGE('',*,*,#5099,.T.);
#7119=ORIENTED_EDGE('',*,*,#5083,.T.);
#7120=ORIENTED_EDGE('',*,*,#5099,.F.);
#7121=ORIENTED_EDGE('',*,*,#5100,.F.);
#7122=ORIENTED_EDGE('',*,*,#5089,.T.);
#7123=ORIENTED_EDGE('',*,*,#5090,.T.);
#7124=ORIENTED_EDGE('',*,*,#5100,.T.);
#7125=ORIENTED_EDGE('',*,*,#5098,.T.);
#7126=ORIENTED_EDGE('',*,*,#5096,.T.);
#7127=ORIENTED_EDGE('',*,*,#5094,.T.);
#7128=ORIENTED_EDGE('',*,*,#5092,.T.);
#7129=ORIENTED_EDGE('',*,*,#5101,.F.);
#7130=ORIENTED_EDGE('',*,*,#5102,.T.);
#7131=ORIENTED_EDGE('',*,*,#5103,.T.);
#7132=ORIENTED_EDGE('',*,*,#5102,.F.);
#7133=ORIENTED_EDGE('',*,*,#5103,.F.);
#7134=ORIENTED_EDGE('',*,*,#5104,.T.);
#7135=ORIENTED_EDGE('',*,*,#5105,.T.);
#7136=ORIENTED_EDGE('',*,*,#5104,.F.);
#7137=ORIENTED_EDGE('',*,*,#5106,.T.);
#7138=ORIENTED_EDGE('',*,*,#5107,.T.);
#7139=ORIENTED_EDGE('',*,*,#5108,.F.);
#7140=ORIENTED_EDGE('',*,*,#5107,.F.);
#7141=ORIENTED_EDGE('',*,*,#5108,.T.);
#7142=ORIENTED_EDGE('',*,*,#5101,.T.);
#7143=ORIENTED_EDGE('',*,*,#5106,.F.);
#7144=ORIENTED_EDGE('',*,*,#5109,.F.);
#7145=ORIENTED_EDGE('',*,*,#5110,.F.);
#7146=ORIENTED_EDGE('',*,*,#5111,.F.);
#7147=ORIENTED_EDGE('',*,*,#5112,.F.);
#7148=ORIENTED_EDGE('',*,*,#5113,.F.);
#7149=ORIENTED_EDGE('',*,*,#5114,.F.);
#7150=ORIENTED_EDGE('',*,*,#5105,.F.);
#7151=ORIENTED_EDGE('',*,*,#5110,.T.);
#7152=ORIENTED_EDGE('',*,*,#5115,.F.);
#7153=ORIENTED_EDGE('',*,*,#5116,.F.);
#7154=ORIENTED_EDGE('',*,*,#5117,.T.);
#7155=ORIENTED_EDGE('',*,*,#5111,.T.);
#7156=ORIENTED_EDGE('',*,*,#5117,.F.);
#7157=ORIENTED_EDGE('',*,*,#5118,.F.);
#7158=ORIENTED_EDGE('',*,*,#5119,.T.);
#7159=ORIENTED_EDGE('',*,*,#5112,.T.);
#7160=ORIENTED_EDGE('',*,*,#5119,.F.);
#7161=ORIENTED_EDGE('',*,*,#5120,.F.);
#7162=ORIENTED_EDGE('',*,*,#5121,.T.);
#7163=ORIENTED_EDGE('',*,*,#5113,.T.);
#7164=ORIENTED_EDGE('',*,*,#5121,.F.);
#7165=ORIENTED_EDGE('',*,*,#5122,.F.);
#7166=ORIENTED_EDGE('',*,*,#5123,.T.);
#7167=ORIENTED_EDGE('',*,*,#5114,.T.);
#7168=ORIENTED_EDGE('',*,*,#5123,.F.);
#7169=ORIENTED_EDGE('',*,*,#5124,.F.);
#7170=ORIENTED_EDGE('',*,*,#5125,.T.);
#7171=ORIENTED_EDGE('',*,*,#5109,.T.);
#7172=ORIENTED_EDGE('',*,*,#5125,.F.);
#7173=ORIENTED_EDGE('',*,*,#5126,.F.);
#7174=ORIENTED_EDGE('',*,*,#5115,.T.);
#7175=ORIENTED_EDGE('',*,*,#5116,.T.);
#7176=ORIENTED_EDGE('',*,*,#5126,.T.);
#7177=ORIENTED_EDGE('',*,*,#5124,.T.);
#7178=ORIENTED_EDGE('',*,*,#5122,.T.);
#7179=ORIENTED_EDGE('',*,*,#5120,.T.);
#7180=ORIENTED_EDGE('',*,*,#5118,.T.);
#7181=ORIENTED_EDGE('',*,*,#5127,.F.);
#7182=ORIENTED_EDGE('',*,*,#5128,.T.);
#7183=ORIENTED_EDGE('',*,*,#5129,.T.);
#7184=ORIENTED_EDGE('',*,*,#5128,.F.);
#7185=ORIENTED_EDGE('',*,*,#5129,.F.);
#7186=ORIENTED_EDGE('',*,*,#5130,.T.);
#7187=ORIENTED_EDGE('',*,*,#5131,.T.);
#7188=ORIENTED_EDGE('',*,*,#5130,.F.);
#7189=ORIENTED_EDGE('',*,*,#5132,.T.);
#7190=ORIENTED_EDGE('',*,*,#5133,.T.);
#7191=ORIENTED_EDGE('',*,*,#5134,.F.);
#7192=ORIENTED_EDGE('',*,*,#5133,.F.);
#7193=ORIENTED_EDGE('',*,*,#5134,.T.);
#7194=ORIENTED_EDGE('',*,*,#5127,.T.);
#7195=ORIENTED_EDGE('',*,*,#5132,.F.);
#7196=ORIENTED_EDGE('',*,*,#5135,.F.);
#7197=ORIENTED_EDGE('',*,*,#5136,.F.);
#7198=ORIENTED_EDGE('',*,*,#5137,.F.);
#7199=ORIENTED_EDGE('',*,*,#5138,.F.);
#7200=ORIENTED_EDGE('',*,*,#5139,.F.);
#7201=ORIENTED_EDGE('',*,*,#5140,.F.);
#7202=ORIENTED_EDGE('',*,*,#5131,.F.);
#7203=ORIENTED_EDGE('',*,*,#5136,.T.);
#7204=ORIENTED_EDGE('',*,*,#5141,.F.);
#7205=ORIENTED_EDGE('',*,*,#5142,.F.);
#7206=ORIENTED_EDGE('',*,*,#5143,.T.);
#7207=ORIENTED_EDGE('',*,*,#5137,.T.);
#7208=ORIENTED_EDGE('',*,*,#5143,.F.);
#7209=ORIENTED_EDGE('',*,*,#5144,.F.);
#7210=ORIENTED_EDGE('',*,*,#5145,.T.);
#7211=ORIENTED_EDGE('',*,*,#5138,.T.);
#7212=ORIENTED_EDGE('',*,*,#5145,.F.);
#7213=ORIENTED_EDGE('',*,*,#5146,.F.);
#7214=ORIENTED_EDGE('',*,*,#5147,.T.);
#7215=ORIENTED_EDGE('',*,*,#5139,.T.);
#7216=ORIENTED_EDGE('',*,*,#5147,.F.);
#7217=ORIENTED_EDGE('',*,*,#5148,.F.);
#7218=ORIENTED_EDGE('',*,*,#5149,.T.);
#7219=ORIENTED_EDGE('',*,*,#5140,.T.);
#7220=ORIENTED_EDGE('',*,*,#5149,.F.);
#7221=ORIENTED_EDGE('',*,*,#5150,.F.);
#7222=ORIENTED_EDGE('',*,*,#5151,.T.);
#7223=ORIENTED_EDGE('',*,*,#5135,.T.);
#7224=ORIENTED_EDGE('',*,*,#5151,.F.);
#7225=ORIENTED_EDGE('',*,*,#5152,.F.);
#7226=ORIENTED_EDGE('',*,*,#5141,.T.);
#7227=ORIENTED_EDGE('',*,*,#5142,.T.);
#7228=ORIENTED_EDGE('',*,*,#5152,.T.);
#7229=ORIENTED_EDGE('',*,*,#5150,.T.);
#7230=ORIENTED_EDGE('',*,*,#5148,.T.);
#7231=ORIENTED_EDGE('',*,*,#5146,.T.);
#7232=ORIENTED_EDGE('',*,*,#5144,.T.);
#7233=ORIENTED_EDGE('',*,*,#5153,.F.);
#7234=ORIENTED_EDGE('',*,*,#5154,.T.);
#7235=ORIENTED_EDGE('',*,*,#5155,.T.);
#7236=ORIENTED_EDGE('',*,*,#5154,.F.);
#7237=ORIENTED_EDGE('',*,*,#5155,.F.);
#7238=ORIENTED_EDGE('',*,*,#5156,.T.);
#7239=ORIENTED_EDGE('',*,*,#5157,.T.);
#7240=ORIENTED_EDGE('',*,*,#5156,.F.);
#7241=ORIENTED_EDGE('',*,*,#5158,.T.);
#7242=ORIENTED_EDGE('',*,*,#5159,.T.);
#7243=ORIENTED_EDGE('',*,*,#5160,.F.);
#7244=ORIENTED_EDGE('',*,*,#5159,.F.);
#7245=ORIENTED_EDGE('',*,*,#5160,.T.);
#7246=ORIENTED_EDGE('',*,*,#5153,.T.);
#7247=ORIENTED_EDGE('',*,*,#5158,.F.);
#7248=ORIENTED_EDGE('',*,*,#5161,.F.);
#7249=ORIENTED_EDGE('',*,*,#5162,.F.);
#7250=ORIENTED_EDGE('',*,*,#5163,.F.);
#7251=ORIENTED_EDGE('',*,*,#5164,.F.);
#7252=ORIENTED_EDGE('',*,*,#5165,.F.);
#7253=ORIENTED_EDGE('',*,*,#5166,.F.);
#7254=ORIENTED_EDGE('',*,*,#5157,.F.);
#7255=ORIENTED_EDGE('',*,*,#5162,.T.);
#7256=ORIENTED_EDGE('',*,*,#5167,.F.);
#7257=ORIENTED_EDGE('',*,*,#5168,.F.);
#7258=ORIENTED_EDGE('',*,*,#5169,.T.);
#7259=ORIENTED_EDGE('',*,*,#5163,.T.);
#7260=ORIENTED_EDGE('',*,*,#5169,.F.);
#7261=ORIENTED_EDGE('',*,*,#5170,.F.);
#7262=ORIENTED_EDGE('',*,*,#5171,.T.);
#7263=ORIENTED_EDGE('',*,*,#5164,.T.);
#7264=ORIENTED_EDGE('',*,*,#5171,.F.);
#7265=ORIENTED_EDGE('',*,*,#5172,.F.);
#7266=ORIENTED_EDGE('',*,*,#5173,.T.);
#7267=ORIENTED_EDGE('',*,*,#5165,.T.);
#7268=ORIENTED_EDGE('',*,*,#5173,.F.);
#7269=ORIENTED_EDGE('',*,*,#5174,.F.);
#7270=ORIENTED_EDGE('',*,*,#5175,.T.);
#7271=ORIENTED_EDGE('',*,*,#5166,.T.);
#7272=ORIENTED_EDGE('',*,*,#5175,.F.);
#7273=ORIENTED_EDGE('',*,*,#5176,.F.);
#7274=ORIENTED_EDGE('',*,*,#5177,.T.);
#7275=ORIENTED_EDGE('',*,*,#5161,.T.);
#7276=ORIENTED_EDGE('',*,*,#5177,.F.);
#7277=ORIENTED_EDGE('',*,*,#5178,.F.);
#7278=ORIENTED_EDGE('',*,*,#5167,.T.);
#7279=ORIENTED_EDGE('',*,*,#5168,.T.);
#7280=ORIENTED_EDGE('',*,*,#5178,.T.);
#7281=ORIENTED_EDGE('',*,*,#5176,.T.);
#7282=ORIENTED_EDGE('',*,*,#5174,.T.);
#7283=ORIENTED_EDGE('',*,*,#5172,.T.);
#7284=ORIENTED_EDGE('',*,*,#5170,.T.);
#7285=CYLINDRICAL_SURFACE('',#8514,5.23435305963093);
#7286=CYLINDRICAL_SURFACE('',#8518,1.64999999999999);
#7287=CYLINDRICAL_SURFACE('',#8520,1.64999999999999);
#7288=CYLINDRICAL_SURFACE('',#8524,1.64999999999999);
#7289=CYLINDRICAL_SURFACE('',#8528,1.64999999999999);
#7290=CYLINDRICAL_SURFACE('',#8530,2.25);
#7291=CYLINDRICAL_SURFACE('',#8533,2.25);
#7292=CYLINDRICAL_SURFACE('',#8536,2.25);
#7293=CYLINDRICAL_SURFACE('',#8539,2.25);
#7294=CYLINDRICAL_SURFACE('',#8542,2.25);
#7295=CYLINDRICAL_SURFACE('',#8545,2.25);
#7296=CYLINDRICAL_SURFACE('',#8548,20.);
#7297=CYLINDRICAL_SURFACE('',#8556,20.);
#7298=CYLINDRICAL_SURFACE('',#8563,5.);
#7299=CYLINDRICAL_SURFACE('',#8570,5.);
#7300=CYLINDRICAL_SURFACE('',#8573,6.);
#7301=CYLINDRICAL_SURFACE('',#8574,6.);
#7302=CYLINDRICAL_SURFACE('',#8576,2.5);
#7303=CYLINDRICAL_SURFACE('',#8579,2.5);
#7304=CYLINDRICAL_SURFACE('',#8582,4.24999999999998);
#7305=CYLINDRICAL_SURFACE('',#8585,4.24999999999998);
#7306=CYLINDRICAL_SURFACE('',#8588,8.75000000000004);
#7307=CYLINDRICAL_SURFACE('',#8591,8.75000000000004);
#7308=CYLINDRICAL_SURFACE('',#8594,2.14999999999999);
#7309=CYLINDRICAL_SURFACE('',#8597,2.14999999999999);
#7310=CYLINDRICAL_SURFACE('',#8600,2.14999999999999);
#7311=CYLINDRICAL_SURFACE('',#8603,2.14999999999999);
#7312=CYLINDRICAL_SURFACE('',#8606,10.);
#7313=CYLINDRICAL_SURFACE('',#8609,10.);
#7314=CYLINDRICAL_SURFACE('',#8612,2.15);
#7315=CYLINDRICAL_SURFACE('',#8615,2.15);
#7316=CYLINDRICAL_SURFACE('',#8618,2.15);
#7317=CYLINDRICAL_SURFACE('',#8621,2.15);
#7318=CYLINDRICAL_SURFACE('',#8624,2.15);
#7319=CYLINDRICAL_SURFACE('',#8627,2.14999999999999);
#7320=CYLINDRICAL_SURFACE('',#8630,2.14999999999999);
#7321=CYLINDRICAL_SURFACE('',#8633,2.15000000000001);
#7322=CYLINDRICAL_SURFACE('',#8636,2.14999999999999);
#7323=CYLINDRICAL_SURFACE('',#8639,2.14999999999999);
#7324=CYLINDRICAL_SURFACE('',#8642,32.5);
#7325=CYLINDRICAL_SURFACE('',#8645,41.5);
#7326=CYLINDRICAL_SURFACE('',#8688,41.5);
#7327=CYLINDRICAL_SURFACE('',#8693,32.5);
#7328=CYLINDRICAL_SURFACE('',#8694,55.);
#7329=CYLINDRICAL_SURFACE('',#8695,7.49999999999999);
#7330=CYLINDRICAL_SURFACE('',#8697,7.50000000000001);
#7331=CYLINDRICAL_SURFACE('',#8699,7.50000000000001);
#7332=CYLINDRICAL_SURFACE('',#8701,7.50000000000001);
#7333=CYLINDRICAL_SURFACE('',#8703,8.75);
#7334=CYLINDRICAL_SURFACE('',#8704,8.75);
#7335=CYLINDRICAL_SURFACE('',#8705,4.25);
#7336=CYLINDRICAL_SURFACE('',#8706,4.25);
#7337=CYLINDRICAL_SURFACE('',#8708,6.);
#7338=CYLINDRICAL_SURFACE('',#8709,46.5);
#7339=CYLINDRICAL_SURFACE('',#8710,6.);
#7340=CYLINDRICAL_SURFACE('',#8713,6.);
#7341=CYLINDRICAL_SURFACE('',#8714,46.5);
#7342=CYLINDRICAL_SURFACE('',#8715,6.00000000000001);
#7343=CYLINDRICAL_SURFACE('',#8717,5.);
#7344=CYLINDRICAL_SURFACE('',#8718,1.65);
#7345=CYLINDRICAL_SURFACE('',#8722,1.65);
#7346=CYLINDRICAL_SURFACE('',#8726,1.65);
#7347=CYLINDRICAL_SURFACE('',#8730,1.65);
#7348=CYLINDRICAL_SURFACE('',#8734,1.65);
#7349=CYLINDRICAL_SURFACE('',#8738,1.65);
#7350=CYLINDRICAL_SURFACE('',#8742,1.65);
#7351=CYLINDRICAL_SURFACE('',#8746,1.65);
#7352=CYLINDRICAL_SURFACE('',#8750,2.);
#7353=CYLINDRICAL_SURFACE('',#8754,2.);
#7354=CYLINDRICAL_SURFACE('',#8758,2.);
#7355=CYLINDRICAL_SURFACE('',#8762,2.09999999999999);
#7356=CYLINDRICAL_SURFACE('',#8766,2.09999999999999);
#7357=CYLINDRICAL_SURFACE('',#8770,2.09999999999999);
#7358=CYLINDRICAL_SURFACE('',#8774,2.09999999999999);
#7359=CYLINDRICAL_SURFACE('',#8778,2.09999999999999);
#7360=CYLINDRICAL_SURFACE('',#8782,2.09999999999999);
#7361=CYLINDRICAL_SURFACE('',#8786,4.);
#7362=CYLINDRICAL_SURFACE('',#8789,53.75);
#7363=CYLINDRICAL_SURFACE('',#8792,41.);
#7364=CYLINDRICAL_SURFACE('',#8795,32.5);
#7365=CYLINDRICAL_SURFACE('',#8798,26.5);
#7366=CYLINDRICAL_SURFACE('',#8807,1.65);
#7367=CYLINDRICAL_SURFACE('',#8811,1.65);
#7368=CYLINDRICAL_SURFACE('',#8815,1.65);
#7369=CYLINDRICAL_SURFACE('',#8819,1.65);
#7370=CYLINDRICAL_SURFACE('',#8823,1.65);
#7371=CYLINDRICAL_SURFACE('',#8827,1.65);
#7372=CYLINDRICAL_SURFACE('',#8831,1.65);
#7373=CYLINDRICAL_SURFACE('',#8835,1.65);
#7374=CYLINDRICAL_SURFACE('',#8839,2.);
#7375=CYLINDRICAL_SURFACE('',#8843,2.);
#7376=CYLINDRICAL_SURFACE('',#8847,2.);
#7377=CYLINDRICAL_SURFACE('',#8851,2.09999999999999);
#7378=CYLINDRICAL_SURFACE('',#8855,2.09999999999999);
#7379=CYLINDRICAL_SURFACE('',#8859,2.09999999999999);
#7380=CYLINDRICAL_SURFACE('',#8863,2.09999999999999);
#7381=CYLINDRICAL_SURFACE('',#8867,2.09999999999999);
#7382=CYLINDRICAL_SURFACE('',#8871,2.09999999999999);
#7383=CYLINDRICAL_SURFACE('',#8875,4.);
#7384=CYLINDRICAL_SURFACE('',#8878,53.75);
#7385=CYLINDRICAL_SURFACE('',#8881,41.);
#7386=CYLINDRICAL_SURFACE('',#8884,32.5);
#7387=CYLINDRICAL_SURFACE('',#8887,26.5);
#7388=CYLINDRICAL_SURFACE('',#8897,40.);
#7389=CYLINDRICAL_SURFACE('',#8903,40.);
#7390=CYLINDRICAL_SURFACE('',#8907,40.);
#7391=CYLINDRICAL_SURFACE('',#8913,40.);
#7392=CYLINDRICAL_SURFACE('',#8919,40.);
#7393=CYLINDRICAL_SURFACE('',#8923,40.);
#7394=CYLINDRICAL_SURFACE('',#8928,2.25);
#7395=CYLINDRICAL_SURFACE('',#8931,2.25);
#7396=CYLINDRICAL_SURFACE('',#8934,2.25);
#7397=CYLINDRICAL_SURFACE('',#8937,2.25);
#7398=CYLINDRICAL_SURFACE('',#8940,2.25);
#7399=CYLINDRICAL_SURFACE('',#8943,2.25);
#7400=CYLINDRICAL_SURFACE('',#8946,2.75);
#7401=CYLINDRICAL_SURFACE('',#8949,2.75);
#7402=CYLINDRICAL_SURFACE('',#8952,2.75);
#7403=CYLINDRICAL_SURFACE('',#8955,2.75);
#7404=CYLINDRICAL_SURFACE('',#8958,2.75);
#7405=CYLINDRICAL_SURFACE('',#8961,2.75);
#7406=CYLINDRICAL_SURFACE('',#8964,30.);
#7407=CYLINDRICAL_SURFACE('',#8969,2.25);
#7408=CYLINDRICAL_SURFACE('',#8972,2.25);
#7409=CYLINDRICAL_SURFACE('',#8975,2.25);
#7410=CYLINDRICAL_SURFACE('',#8978,2.25);
#7411=CYLINDRICAL_SURFACE('',#8981,2.25);
#7412=CYLINDRICAL_SURFACE('',#8984,2.25);
#7413=CYLINDRICAL_SURFACE('',#8987,2.75);
#7414=CYLINDRICAL_SURFACE('',#8990,2.75);
#7415=CYLINDRICAL_SURFACE('',#8993,2.75);
#7416=CYLINDRICAL_SURFACE('',#8996,2.75);
#7417=CYLINDRICAL_SURFACE('',#8999,2.75);
#7418=CYLINDRICAL_SURFACE('',#9002,2.75);
#7419=CYLINDRICAL_SURFACE('',#9005,30.);
#7420=CYLINDRICAL_SURFACE('',#9010,2.);
#7421=CYLINDRICAL_SURFACE('',#9015,3.5);
#7422=CYLINDRICAL_SURFACE('',#9028,2.);
#7423=CYLINDRICAL_SURFACE('',#9033,3.5);
#7424=CYLINDRICAL_SURFACE('',#9046,2.);
#7425=CYLINDRICAL_SURFACE('',#9051,3.5);
#7426=CYLINDRICAL_SURFACE('',#9064,2.);
#7427=CYLINDRICAL_SURFACE('',#9069,3.5);
#7428=CYLINDRICAL_SURFACE('',#9082,2.);
#7429=CYLINDRICAL_SURFACE('',#9087,3.5);
#7430=CYLINDRICAL_SURFACE('',#9100,2.);
#7431=CYLINDRICAL_SURFACE('',#9105,3.5);
#7432=CYLINDRICAL_SURFACE('',#9118,2.);
#7433=CYLINDRICAL_SURFACE('',#9123,3.5);
#7434=CYLINDRICAL_SURFACE('',#9136,2.);
#7435=CYLINDRICAL_SURFACE('',#9141,3.5);
#7436=CYLINDRICAL_SURFACE('',#9154,2.);
#7437=CYLINDRICAL_SURFACE('',#9159,3.5);
#7438=CYLINDRICAL_SURFACE('',#9172,2.);
#7439=CYLINDRICAL_SURFACE('',#9177,3.5);
#7440=CYLINDRICAL_SURFACE('',#9190,2.);
#7441=CYLINDRICAL_SURFACE('',#9195,3.5);
#7442=CYLINDRICAL_SURFACE('',#9208,2.);
#7443=CYLINDRICAL_SURFACE('',#9213,3.5);
#7444=CYLINDRICAL_SURFACE('',#9226,2.);
#7445=CYLINDRICAL_SURFACE('',#9231,3.5);
#7446=CYLINDRICAL_SURFACE('',#9244,2.);
#7447=CYLINDRICAL_SURFACE('',#9249,3.5);
#7448=CYLINDRICAL_SURFACE('',#9262,2.);
#7449=CYLINDRICAL_SURFACE('',#9267,3.5);
#7450=CYLINDRICAL_SURFACE('',#9280,2.);
#7451=CYLINDRICAL_SURFACE('',#9285,3.5);
#7452=CYLINDRICAL_SURFACE('',#9298,2.);
#7453=CYLINDRICAL_SURFACE('',#9303,3.5);
#7454=CYLINDRICAL_SURFACE('',#9316,2.);
#7455=CYLINDRICAL_SURFACE('',#9321,3.5);
#7456=CYLINDRICAL_SURFACE('',#9334,2.);
#7457=CYLINDRICAL_SURFACE('',#9339,3.5);
#7458=CYLINDRICAL_SURFACE('',#9352,2.);
#7459=CYLINDRICAL_SURFACE('',#9357,3.5);
#7460=STYLED_ITEM('',(#14132),#7976);
#7461=STYLED_ITEM('',(#14132),#7977);
#7462=STYLED_ITEM('',(#14132),#7978);
#7463=STYLED_ITEM('',(#14132),#7979);
#7464=STYLED_ITEM('',(#14132),#7980);
#7465=STYLED_ITEM('',(#14132),#7981);
#7466=STYLED_ITEM('',(#14132),#7982);
#7467=STYLED_ITEM('',(#14132),#7983);
#7468=STYLED_ITEM('',(#14132),#7984);
#7469=STYLED_ITEM('',(#14132),#7985);
#7470=STYLED_ITEM('',(#14132),#7986);
#7471=STYLED_ITEM('',(#14132),#7987);
#7472=STYLED_ITEM('',(#14132),#7988);
#7473=STYLED_ITEM('',(#14132),#7989);
#7474=STYLED_ITEM('',(#14132),#7990);
#7475=STYLED_ITEM('',(#14132),#7991);
#7476=STYLED_ITEM('',(#14132),#7992);
#7477=STYLED_ITEM('',(#14132),#7993);
#7478=STYLED_ITEM('',(#14132),#7994);
#7479=STYLED_ITEM('',(#14132),#7995);
#7480=STYLED_ITEM('',(#14132),#7996);
#7481=STYLED_ITEM('',(#14132),#7997);
#7482=STYLED_ITEM('',(#14132),#7998);
#7483=STYLED_ITEM('',(#14132),#7999);
#7484=STYLED_ITEM('',(#14132),#8000);
#7485=STYLED_ITEM('',(#14132),#8001);
#7486=STYLED_ITEM('',(#14132),#8002);
#7487=STYLED_ITEM('',(#14132),#8003);
#7488=STYLED_ITEM('',(#14132),#8004);
#7489=STYLED_ITEM('',(#14132),#8005);
#7490=STYLED_ITEM('',(#14132),#13);
#7491=STYLED_ITEM('',(#14132),#8006);
#7492=STYLED_ITEM('',(#14132),#8007);
#7493=STYLED_ITEM('',(#14132),#8008);
#7494=STYLED_ITEM('',(#14132),#8009);
#7495=STYLED_ITEM('',(#14132),#8010);
#7496=STYLED_ITEM('',(#14132),#8011);
#7497=STYLED_ITEM('',(#14132),#8012);
#7498=STYLED_ITEM('',(#14132),#8013);
#7499=STYLED_ITEM('',(#14132),#8014);
#7500=STYLED_ITEM('',(#14132),#8015);
#7501=STYLED_ITEM('',(#14132),#8016);
#7502=STYLED_ITEM('',(#14132),#8017);
#7503=STYLED_ITEM('',(#14132),#8018);
#7504=STYLED_ITEM('',(#14132),#8019);
#7505=STYLED_ITEM('',(#14132),#8020);
#7506=STYLED_ITEM('',(#14132),#8021);
#7507=STYLED_ITEM('',(#14132),#8022);
#7508=STYLED_ITEM('',(#14132),#8023);
#7509=STYLED_ITEM('',(#14132),#8024);
#7510=STYLED_ITEM('',(#14132),#8025);
#7511=STYLED_ITEM('',(#14132),#8026);
#7512=STYLED_ITEM('',(#14132),#8027);
#7513=STYLED_ITEM('',(#14132),#8028);
#7514=STYLED_ITEM('',(#14132),#8029);
#7515=STYLED_ITEM('',(#14132),#8030);
#7516=STYLED_ITEM('',(#14132),#8031);
#7517=STYLED_ITEM('',(#14132),#8032);
#7518=STYLED_ITEM('',(#14132),#8033);
#7519=STYLED_ITEM('',(#14132),#8034);
#7520=STYLED_ITEM('',(#14132),#8035);
#7521=STYLED_ITEM('',(#14132),#8036);
#7522=STYLED_ITEM('',(#14132),#8037);
#7523=STYLED_ITEM('',(#14132),#8038);
#7524=STYLED_ITEM('',(#14132),#8039);
#7525=STYLED_ITEM('',(#14132),#8040);
#7526=STYLED_ITEM('',(#14132),#8041);
#7527=STYLED_ITEM('',(#14132),#8042);
#7528=STYLED_ITEM('',(#14132),#8043);
#7529=STYLED_ITEM('',(#14132),#8044);
#7530=STYLED_ITEM('',(#14132),#8045);
#7531=STYLED_ITEM('',(#14132),#8046);
#7532=STYLED_ITEM('',(#14132),#8047);
#7533=STYLED_ITEM('',(#14132),#8048);
#7534=STYLED_ITEM('',(#14132),#8049);
#7535=STYLED_ITEM('',(#14132),#8050);
#7536=STYLED_ITEM('',(#14132),#8051);
#7537=STYLED_ITEM('',(#14132),#8052);
#7538=STYLED_ITEM('',(#14132),#8053);
#7539=STYLED_ITEM('',(#14132),#8054);
#7540=STYLED_ITEM('',(#14132),#8055);
#7541=STYLED_ITEM('',(#14132),#8056);
#7542=STYLED_ITEM('',(#14132),#8057);
#7543=STYLED_ITEM('',(#14132),#8058);
#7544=STYLED_ITEM('',(#14132),#8059);
#7545=STYLED_ITEM('',(#14132),#8060);
#7546=STYLED_ITEM('',(#14132),#8061);
#7547=STYLED_ITEM('',(#14132),#8062);
#7548=STYLED_ITEM('',(#14132),#8063);
#7549=STYLED_ITEM('',(#14132),#14);
#7550=STYLED_ITEM('',(#14132),#8064);
#7551=STYLED_ITEM('',(#14132),#8065);
#7552=STYLED_ITEM('',(#14132),#8066);
#7553=STYLED_ITEM('',(#14132),#8067);
#7554=STYLED_ITEM('',(#14132),#8068);
#7555=STYLED_ITEM('',(#14132),#8069);
#7556=STYLED_ITEM('',(#14132),#8070);
#7557=STYLED_ITEM('',(#14132),#8071);
#7558=STYLED_ITEM('',(#14132),#8072);
#7559=STYLED_ITEM('',(#14132),#8073);
#7560=STYLED_ITEM('',(#14132),#8074);
#7561=STYLED_ITEM('',(#14132),#8075);
#7562=STYLED_ITEM('',(#14132),#8076);
#7563=STYLED_ITEM('',(#14132),#8077);
#7564=STYLED_ITEM('',(#14132),#8078);
#7565=STYLED_ITEM('',(#14132),#8079);
#7566=STYLED_ITEM('',(#14132),#8080);
#7567=STYLED_ITEM('',(#14132),#8081);
#7568=STYLED_ITEM('',(#14132),#8082);
#7569=STYLED_ITEM('',(#14132),#8083);
#7570=STYLED_ITEM('',(#14132),#8084);
#7571=STYLED_ITEM('',(#14132),#8085);
#7572=STYLED_ITEM('',(#14132),#8086);
#7573=STYLED_ITEM('',(#14132),#8087);
#7574=STYLED_ITEM('',(#14132),#8088);
#7575=STYLED_ITEM('',(#14132),#8089);
#7576=STYLED_ITEM('',(#14132),#8090);
#7577=STYLED_ITEM('',(#14132),#8091);
#7578=STYLED_ITEM('',(#14132),#8092);
#7579=STYLED_ITEM('',(#14132),#8093);
#7580=STYLED_ITEM('',(#14132),#8094);
#7581=STYLED_ITEM('',(#14132),#8095);
#7582=STYLED_ITEM('',(#14132),#8096);
#7583=STYLED_ITEM('',(#14132),#8097);
#7584=STYLED_ITEM('',(#14132),#8098);
#7585=STYLED_ITEM('',(#14132),#8099);
#7586=STYLED_ITEM('',(#14132),#8100);
#7587=STYLED_ITEM('',(#14132),#8101);
#7588=STYLED_ITEM('',(#14132),#8102);
#7589=STYLED_ITEM('',(#14132),#8103);
#7590=STYLED_ITEM('',(#14132),#8104);
#7591=STYLED_ITEM('',(#14132),#8105);
#7592=STYLED_ITEM('',(#14132),#8106);
#7593=STYLED_ITEM('',(#14132),#8107);
#7594=STYLED_ITEM('',(#14132),#8108);
#7595=STYLED_ITEM('',(#14132),#15);
#7596=STYLED_ITEM('',(#14132),#8109);
#7597=STYLED_ITEM('',(#14132),#8110);
#7598=STYLED_ITEM('',(#14132),#8111);
#7599=STYLED_ITEM('',(#14132),#8112);
#7600=STYLED_ITEM('',(#14132),#8113);
#7601=STYLED_ITEM('',(#14132),#8114);
#7602=STYLED_ITEM('',(#14132),#8115);
#7603=STYLED_ITEM('',(#14132),#8116);
#7604=STYLED_ITEM('',(#14132),#8117);
#7605=STYLED_ITEM('',(#14132),#8118);
#7606=STYLED_ITEM('',(#14132),#8119);
#7607=STYLED_ITEM('',(#14132),#8120);
#7608=STYLED_ITEM('',(#14132),#8121);
#7609=STYLED_ITEM('',(#14132),#8122);
#7610=STYLED_ITEM('',(#14132),#8123);
#7611=STYLED_ITEM('',(#14132),#8124);
#7612=STYLED_ITEM('',(#14132),#8125);
#7613=STYLED_ITEM('',(#14132),#8126);
#7614=STYLED_ITEM('',(#14132),#8127);
#7615=STYLED_ITEM('',(#14132),#8128);
#7616=STYLED_ITEM('',(#14132),#8129);
#7617=STYLED_ITEM('',(#14132),#8130);
#7618=STYLED_ITEM('',(#14132),#8131);
#7619=STYLED_ITEM('',(#14132),#8132);
#7620=STYLED_ITEM('',(#14132),#8133);
#7621=STYLED_ITEM('',(#14132),#8134);
#7622=STYLED_ITEM('',(#14132),#8135);
#7623=STYLED_ITEM('',(#14132),#8136);
#7624=STYLED_ITEM('',(#14132),#8137);
#7625=STYLED_ITEM('',(#14132),#8138);
#7626=STYLED_ITEM('',(#14132),#8139);
#7627=STYLED_ITEM('',(#14132),#8140);
#7628=STYLED_ITEM('',(#14132),#8141);
#7629=STYLED_ITEM('',(#14132),#8142);
#7630=STYLED_ITEM('',(#14132),#8143);
#7631=STYLED_ITEM('',(#14132),#8144);
#7632=STYLED_ITEM('',(#14132),#8145);
#7633=STYLED_ITEM('',(#14132),#8146);
#7634=STYLED_ITEM('',(#14132),#8147);
#7635=STYLED_ITEM('',(#14132),#8148);
#7636=STYLED_ITEM('',(#14132),#8149);
#7637=STYLED_ITEM('',(#14132),#8150);
#7638=STYLED_ITEM('',(#14132),#8151);
#7639=STYLED_ITEM('',(#14132),#8152);
#7640=STYLED_ITEM('',(#14132),#8153);
#7641=STYLED_ITEM('',(#14132),#16);
#7642=STYLED_ITEM('',(#14132),#8154);
#7643=STYLED_ITEM('',(#14132),#8155);
#7644=STYLED_ITEM('',(#14132),#8156);
#7645=STYLED_ITEM('',(#14132),#8157);
#7646=STYLED_ITEM('',(#14132),#8158);
#7647=STYLED_ITEM('',(#14132),#8159);
#7648=STYLED_ITEM('',(#14132),#8160);
#7649=STYLED_ITEM('',(#14132),#8161);
#7650=STYLED_ITEM('',(#14132),#8162);
#7651=STYLED_ITEM('',(#14132),#8163);
#7652=STYLED_ITEM('',(#14132),#17);
#7653=STYLED_ITEM('',(#14132),#8164);
#7654=STYLED_ITEM('',(#14132),#8165);
#7655=STYLED_ITEM('',(#14132),#8166);
#7656=STYLED_ITEM('',(#14132),#8167);
#7657=STYLED_ITEM('',(#14132),#8168);
#7658=STYLED_ITEM('',(#14132),#8169);
#7659=STYLED_ITEM('',(#14132),#8170);
#7660=STYLED_ITEM('',(#14132),#8171);
#7661=STYLED_ITEM('',(#14132),#8172);
#7662=STYLED_ITEM('',(#14132),#8173);
#7663=STYLED_ITEM('',(#14132),#18);
#7664=STYLED_ITEM('',(#14132),#8174);
#7665=STYLED_ITEM('',(#14132),#8175);
#7666=STYLED_ITEM('',(#14132),#8176);
#7667=STYLED_ITEM('',(#14132),#8177);
#7668=STYLED_ITEM('',(#14132),#8178);
#7669=STYLED_ITEM('',(#14132),#8179);
#7670=STYLED_ITEM('',(#14132),#8180);
#7671=STYLED_ITEM('',(#14132),#8181);
#7672=STYLED_ITEM('',(#14132),#8182);
#7673=STYLED_ITEM('',(#14132),#8183);
#7674=STYLED_ITEM('',(#14132),#8184);
#7675=STYLED_ITEM('',(#14132),#8185);
#7676=STYLED_ITEM('',(#14132),#8186);
#7677=STYLED_ITEM('',(#14132),#8187);
#7678=STYLED_ITEM('',(#14132),#8188);
#7679=STYLED_ITEM('',(#14132),#19);
#7680=STYLED_ITEM('',(#14132),#8189);
#7681=STYLED_ITEM('',(#14132),#8190);
#7682=STYLED_ITEM('',(#14132),#8191);
#7683=STYLED_ITEM('',(#14132),#8192);
#7684=STYLED_ITEM('',(#14132),#8193);
#7685=STYLED_ITEM('',(#14132),#8194);
#7686=STYLED_ITEM('',(#14132),#8195);
#7687=STYLED_ITEM('',(#14132),#8196);
#7688=STYLED_ITEM('',(#14132),#8197);
#7689=STYLED_ITEM('',(#14132),#8198);
#7690=STYLED_ITEM('',(#14132),#8199);
#7691=STYLED_ITEM('',(#14132),#8200);
#7692=STYLED_ITEM('',(#14132),#8201);
#7693=STYLED_ITEM('',(#14132),#8202);
#7694=STYLED_ITEM('',(#14132),#8203);
#7695=STYLED_ITEM('',(#14132),#20);
#7696=STYLED_ITEM('',(#14132),#8204);
#7697=STYLED_ITEM('',(#14132),#8205);
#7698=STYLED_ITEM('',(#14132),#8206);
#7699=STYLED_ITEM('',(#14132),#8207);
#7700=STYLED_ITEM('',(#14132),#8208);
#7701=STYLED_ITEM('',(#14132),#8209);
#7702=STYLED_ITEM('',(#14132),#8210);
#7703=STYLED_ITEM('',(#14132),#8211);
#7704=STYLED_ITEM('',(#14132),#8212);
#7705=STYLED_ITEM('',(#14132),#8213);
#7706=STYLED_ITEM('',(#14132),#8214);
#7707=STYLED_ITEM('',(#14132),#8215);
#7708=STYLED_ITEM('',(#14132),#8216);
#7709=STYLED_ITEM('',(#14132),#21);
#7710=STYLED_ITEM('',(#14132),#8217);
#7711=STYLED_ITEM('',(#14132),#8218);
#7712=STYLED_ITEM('',(#14132),#8219);
#7713=STYLED_ITEM('',(#14132),#8220);
#7714=STYLED_ITEM('',(#14132),#8221);
#7715=STYLED_ITEM('',(#14132),#8222);
#7716=STYLED_ITEM('',(#14132),#8223);
#7717=STYLED_ITEM('',(#14132),#8224);
#7718=STYLED_ITEM('',(#14132),#8225);
#7719=STYLED_ITEM('',(#14132),#8226);
#7720=STYLED_ITEM('',(#14132),#8227);
#7721=STYLED_ITEM('',(#14132),#8228);
#7722=STYLED_ITEM('',(#14132),#8229);
#7723=STYLED_ITEM('',(#14132),#22);
#7724=STYLED_ITEM('',(#14132),#8230);
#7725=STYLED_ITEM('',(#14132),#8231);
#7726=STYLED_ITEM('',(#14132),#8232);
#7727=STYLED_ITEM('',(#14132),#8233);
#7728=STYLED_ITEM('',(#14132),#8234);
#7729=STYLED_ITEM('',(#14132),#8235);
#7730=STYLED_ITEM('',(#14132),#8236);
#7731=STYLED_ITEM('',(#14132),#8237);
#7732=STYLED_ITEM('',(#14132),#8238);
#7733=STYLED_ITEM('',(#14132),#8239);
#7734=STYLED_ITEM('',(#14132),#8240);
#7735=STYLED_ITEM('',(#14132),#8241);
#7736=STYLED_ITEM('',(#14132),#8242);
#7737=STYLED_ITEM('',(#14132),#23);
#7738=STYLED_ITEM('',(#14132),#8243);
#7739=STYLED_ITEM('',(#14132),#8244);
#7740=STYLED_ITEM('',(#14132),#8245);
#7741=STYLED_ITEM('',(#14132),#8246);
#7742=STYLED_ITEM('',(#14132),#8247);
#7743=STYLED_ITEM('',(#14132),#8248);
#7744=STYLED_ITEM('',(#14132),#8249);
#7745=STYLED_ITEM('',(#14132),#8250);
#7746=STYLED_ITEM('',(#14132),#8251);
#7747=STYLED_ITEM('',(#14132),#8252);
#7748=STYLED_ITEM('',(#14132),#8253);
#7749=STYLED_ITEM('',(#14132),#8254);
#7750=STYLED_ITEM('',(#14132),#8255);
#7751=STYLED_ITEM('',(#14132),#24);
#7752=STYLED_ITEM('',(#14132),#8256);
#7753=STYLED_ITEM('',(#14132),#8257);
#7754=STYLED_ITEM('',(#14132),#8258);
#7755=STYLED_ITEM('',(#14132),#8259);
#7756=STYLED_ITEM('',(#14132),#8260);
#7757=STYLED_ITEM('',(#14132),#8261);
#7758=STYLED_ITEM('',(#14132),#8262);
#7759=STYLED_ITEM('',(#14132),#8263);
#7760=STYLED_ITEM('',(#14132),#8264);
#7761=STYLED_ITEM('',(#14132),#8265);
#7762=STYLED_ITEM('',(#14132),#8266);
#7763=STYLED_ITEM('',(#14132),#8267);
#7764=STYLED_ITEM('',(#14132),#8268);
#7765=STYLED_ITEM('',(#14132),#25);
#7766=STYLED_ITEM('',(#14132),#8269);
#7767=STYLED_ITEM('',(#14132),#8270);
#7768=STYLED_ITEM('',(#14132),#8271);
#7769=STYLED_ITEM('',(#14132),#8272);
#7770=STYLED_ITEM('',(#14132),#8273);
#7771=STYLED_ITEM('',(#14132),#8274);
#7772=STYLED_ITEM('',(#14132),#8275);
#7773=STYLED_ITEM('',(#14132),#8276);
#7774=STYLED_ITEM('',(#14132),#8277);
#7775=STYLED_ITEM('',(#14132),#8278);
#7776=STYLED_ITEM('',(#14132),#8279);
#7777=STYLED_ITEM('',(#14132),#8280);
#7778=STYLED_ITEM('',(#14132),#8281);
#7779=STYLED_ITEM('',(#14132),#26);
#7780=STYLED_ITEM('',(#14132),#8282);
#7781=STYLED_ITEM('',(#14132),#8283);
#7782=STYLED_ITEM('',(#14132),#8284);
#7783=STYLED_ITEM('',(#14132),#8285);
#7784=STYLED_ITEM('',(#14132),#8286);
#7785=STYLED_ITEM('',(#14132),#8287);
#7786=STYLED_ITEM('',(#14132),#8288);
#7787=STYLED_ITEM('',(#14132),#8289);
#7788=STYLED_ITEM('',(#14132),#8290);
#7789=STYLED_ITEM('',(#14132),#8291);
#7790=STYLED_ITEM('',(#14132),#8292);
#7791=STYLED_ITEM('',(#14132),#8293);
#7792=STYLED_ITEM('',(#14132),#8294);
#7793=STYLED_ITEM('',(#14132),#27);
#7794=STYLED_ITEM('',(#14132),#8295);
#7795=STYLED_ITEM('',(#14132),#8296);
#7796=STYLED_ITEM('',(#14132),#8297);
#7797=STYLED_ITEM('',(#14132),#8298);
#7798=STYLED_ITEM('',(#14132),#8299);
#7799=STYLED_ITEM('',(#14132),#8300);
#7800=STYLED_ITEM('',(#14132),#8301);
#7801=STYLED_ITEM('',(#14132),#8302);
#7802=STYLED_ITEM('',(#14132),#8303);
#7803=STYLED_ITEM('',(#14132),#8304);
#7804=STYLED_ITEM('',(#14132),#8305);
#7805=STYLED_ITEM('',(#14132),#8306);
#7806=STYLED_ITEM('',(#14132),#8307);
#7807=STYLED_ITEM('',(#14132),#28);
#7808=STYLED_ITEM('',(#14132),#8308);
#7809=STYLED_ITEM('',(#14132),#8309);
#7810=STYLED_ITEM('',(#14132),#8310);
#7811=STYLED_ITEM('',(#14132),#8311);
#7812=STYLED_ITEM('',(#14132),#8312);
#7813=STYLED_ITEM('',(#14132),#8313);
#7814=STYLED_ITEM('',(#14132),#8314);
#7815=STYLED_ITEM('',(#14132),#8315);
#7816=STYLED_ITEM('',(#14132),#8316);
#7817=STYLED_ITEM('',(#14132),#8317);
#7818=STYLED_ITEM('',(#14132),#8318);
#7819=STYLED_ITEM('',(#14132),#8319);
#7820=STYLED_ITEM('',(#14132),#8320);
#7821=STYLED_ITEM('',(#14132),#29);
#7822=STYLED_ITEM('',(#14132),#8321);
#7823=STYLED_ITEM('',(#14132),#8322);
#7824=STYLED_ITEM('',(#14132),#8323);
#7825=STYLED_ITEM('',(#14132),#8324);
#7826=STYLED_ITEM('',(#14132),#8325);
#7827=STYLED_ITEM('',(#14132),#8326);
#7828=STYLED_ITEM('',(#14132),#8327);
#7829=STYLED_ITEM('',(#14132),#8328);
#7830=STYLED_ITEM('',(#14132),#8329);
#7831=STYLED_ITEM('',(#14132),#8330);
#7832=STYLED_ITEM('',(#14132),#8331);
#7833=STYLED_ITEM('',(#14132),#8332);
#7834=STYLED_ITEM('',(#14132),#8333);
#7835=STYLED_ITEM('',(#14132),#30);
#7836=STYLED_ITEM('',(#14132),#8334);
#7837=STYLED_ITEM('',(#14132),#8335);
#7838=STYLED_ITEM('',(#14132),#8336);
#7839=STYLED_ITEM('',(#14132),#8337);
#7840=STYLED_ITEM('',(#14132),#8338);
#7841=STYLED_ITEM('',(#14132),#8339);
#7842=STYLED_ITEM('',(#14132),#8340);
#7843=STYLED_ITEM('',(#14132),#8341);
#7844=STYLED_ITEM('',(#14132),#8342);
#7845=STYLED_ITEM('',(#14132),#8343);
#7846=STYLED_ITEM('',(#14132),#8344);
#7847=STYLED_ITEM('',(#14132),#8345);
#7848=STYLED_ITEM('',(#14132),#8346);
#7849=STYLED_ITEM('',(#14132),#31);
#7850=STYLED_ITEM('',(#14132),#8347);
#7851=STYLED_ITEM('',(#14132),#8348);
#7852=STYLED_ITEM('',(#14132),#8349);
#7853=STYLED_ITEM('',(#14132),#8350);
#7854=STYLED_ITEM('',(#14132),#8351);
#7855=STYLED_ITEM('',(#14132),#8352);
#7856=STYLED_ITEM('',(#14132),#8353);
#7857=STYLED_ITEM('',(#14132),#8354);
#7858=STYLED_ITEM('',(#14132),#8355);
#7859=STYLED_ITEM('',(#14132),#8356);
#7860=STYLED_ITEM('',(#14132),#8357);
#7861=STYLED_ITEM('',(#14132),#8358);
#7862=STYLED_ITEM('',(#14132),#8359);
#7863=STYLED_ITEM('',(#14132),#32);
#7864=STYLED_ITEM('',(#14132),#8360);
#7865=STYLED_ITEM('',(#14132),#8361);
#7866=STYLED_ITEM('',(#14132),#8362);
#7867=STYLED_ITEM('',(#14132),#8363);
#7868=STYLED_ITEM('',(#14132),#8364);
#7869=STYLED_ITEM('',(#14132),#8365);
#7870=STYLED_ITEM('',(#14132),#8366);
#7871=STYLED_ITEM('',(#14132),#8367);
#7872=STYLED_ITEM('',(#14132),#8368);
#7873=STYLED_ITEM('',(#14132),#8369);
#7874=STYLED_ITEM('',(#14132),#8370);
#7875=STYLED_ITEM('',(#14132),#8371);
#7876=STYLED_ITEM('',(#14132),#8372);
#7877=STYLED_ITEM('',(#14132),#33);
#7878=STYLED_ITEM('',(#14132),#8373);
#7879=STYLED_ITEM('',(#14132),#8374);
#7880=STYLED_ITEM('',(#14132),#8375);
#7881=STYLED_ITEM('',(#14132),#8376);
#7882=STYLED_ITEM('',(#14132),#8377);
#7883=STYLED_ITEM('',(#14132),#8378);
#7884=STYLED_ITEM('',(#14132),#8379);
#7885=STYLED_ITEM('',(#14132),#8380);
#7886=STYLED_ITEM('',(#14132),#8381);
#7887=STYLED_ITEM('',(#14132),#8382);
#7888=STYLED_ITEM('',(#14132),#8383);
#7889=STYLED_ITEM('',(#14132),#8384);
#7890=STYLED_ITEM('',(#14132),#8385);
#7891=STYLED_ITEM('',(#14132),#34);
#7892=STYLED_ITEM('',(#14132),#8386);
#7893=STYLED_ITEM('',(#14132),#8387);
#7894=STYLED_ITEM('',(#14132),#8388);
#7895=STYLED_ITEM('',(#14132),#8389);
#7896=STYLED_ITEM('',(#14132),#8390);
#7897=STYLED_ITEM('',(#14132),#8391);
#7898=STYLED_ITEM('',(#14132),#8392);
#7899=STYLED_ITEM('',(#14132),#8393);
#7900=STYLED_ITEM('',(#14132),#8394);
#7901=STYLED_ITEM('',(#14132),#8395);
#7902=STYLED_ITEM('',(#14132),#8396);
#7903=STYLED_ITEM('',(#14132),#8397);
#7904=STYLED_ITEM('',(#14132),#8398);
#7905=STYLED_ITEM('',(#14132),#35);
#7906=STYLED_ITEM('',(#14132),#8399);
#7907=STYLED_ITEM('',(#14132),#8400);
#7908=STYLED_ITEM('',(#14132),#8401);
#7909=STYLED_ITEM('',(#14132),#8402);
#7910=STYLED_ITEM('',(#14132),#8403);
#7911=STYLED_ITEM('',(#14132),#8404);
#7912=STYLED_ITEM('',(#14132),#8405);
#7913=STYLED_ITEM('',(#14132),#8406);
#7914=STYLED_ITEM('',(#14132),#8407);
#7915=STYLED_ITEM('',(#14132),#8408);
#7916=STYLED_ITEM('',(#14132),#8409);
#7917=STYLED_ITEM('',(#14132),#8410);
#7918=STYLED_ITEM('',(#14132),#8411);
#7919=STYLED_ITEM('',(#14132),#36);
#7920=STYLED_ITEM('',(#14132),#8412);
#7921=STYLED_ITEM('',(#14132),#8413);
#7922=STYLED_ITEM('',(#14132),#8414);
#7923=STYLED_ITEM('',(#14132),#8415);
#7924=STYLED_ITEM('',(#14132),#8416);
#7925=STYLED_ITEM('',(#14132),#8417);
#7926=STYLED_ITEM('',(#14132),#8418);
#7927=STYLED_ITEM('',(#14132),#8419);
#7928=STYLED_ITEM('',(#14132),#8420);
#7929=STYLED_ITEM('',(#14132),#8421);
#7930=STYLED_ITEM('',(#14132),#8422);
#7931=STYLED_ITEM('',(#14132),#8423);
#7932=STYLED_ITEM('',(#14132),#8424);
#7933=STYLED_ITEM('',(#14132),#37);
#7934=STYLED_ITEM('',(#14132),#8425);
#7935=STYLED_ITEM('',(#14132),#8426);
#7936=STYLED_ITEM('',(#14132),#8427);
#7937=STYLED_ITEM('',(#14132),#8428);
#7938=STYLED_ITEM('',(#14132),#8429);
#7939=STYLED_ITEM('',(#14132),#8430);
#7940=STYLED_ITEM('',(#14132),#8431);
#7941=STYLED_ITEM('',(#14132),#8432);
#7942=STYLED_ITEM('',(#14132),#8433);
#7943=STYLED_ITEM('',(#14132),#8434);
#7944=STYLED_ITEM('',(#14132),#8435);
#7945=STYLED_ITEM('',(#14132),#8436);
#7946=STYLED_ITEM('',(#14132),#8437);
#7947=STYLED_ITEM('',(#14132),#38);
#7948=STYLED_ITEM('',(#14132),#8438);
#7949=STYLED_ITEM('',(#14132),#8439);
#7950=STYLED_ITEM('',(#14132),#8440);
#7951=STYLED_ITEM('',(#14132),#8441);
#7952=STYLED_ITEM('',(#14132),#8442);
#7953=STYLED_ITEM('',(#14132),#8443);
#7954=STYLED_ITEM('',(#14132),#8444);
#7955=STYLED_ITEM('',(#14132),#8445);
#7956=STYLED_ITEM('',(#14132),#8446);
#7957=STYLED_ITEM('',(#14132),#8447);
#7958=STYLED_ITEM('',(#14132),#8448);
#7959=STYLED_ITEM('',(#14132),#8449);
#7960=STYLED_ITEM('',(#14132),#8450);
#7961=STYLED_ITEM('',(#14132),#39);
#7962=STYLED_ITEM('',(#14132),#8451);
#7963=STYLED_ITEM('',(#14132),#8452);
#7964=STYLED_ITEM('',(#14132),#8453);
#7965=STYLED_ITEM('',(#14132),#8454);
#7966=STYLED_ITEM('',(#14132),#8455);
#7967=STYLED_ITEM('',(#14132),#8456);
#7968=STYLED_ITEM('',(#14132),#8457);
#7969=STYLED_ITEM('',(#14132),#8458);
#7970=STYLED_ITEM('',(#14132),#8459);
#7971=STYLED_ITEM('',(#14132),#8460);
#7972=STYLED_ITEM('',(#14132),#8461);
#7973=STYLED_ITEM('',(#14132),#8462);
#7974=STYLED_ITEM('',(#14132),#8463);
#7975=STYLED_ITEM('',(#14132),#40);
#7976=ADVANCED_FACE('',(#539),#7285,.F.);
#7977=ADVANCED_FACE('',(#540),#282,.T.);
#7978=ADVANCED_FACE('',(#541),#7286,.F.);
#7979=ADVANCED_FACE('',(#542),#7287,.F.);
#7980=ADVANCED_FACE('',(#543),#220,.F.);
#7981=ADVANCED_FACE('',(#544),#7288,.F.);
#7982=ADVANCED_FACE('',(#545),#221,.F.);
#7983=ADVANCED_FACE('',(#546),#7289,.F.);
#7984=ADVANCED_FACE('',(#547),#7290,.F.);
#7985=ADVANCED_FACE('',(#548),#7291,.F.);
#7986=ADVANCED_FACE('',(#549),#7292,.F.);
#7987=ADVANCED_FACE('',(#550),#7293,.F.);
#7988=ADVANCED_FACE('',(#551),#7294,.F.);
#7989=ADVANCED_FACE('',(#552),#7295,.F.);
#7990=ADVANCED_FACE('',(#553),#7296,.T.);
#7991=ADVANCED_FACE('',(#554,#41,#42,#43,#44),#283,.F.);
#7992=ADVANCED_FACE('',(#555),#284,.F.);
#7993=ADVANCED_FACE('',(#556),#7297,.T.);
#7994=ADVANCED_FACE('',(#557),#285,.F.);
#7995=ADVANCED_FACE('',(#558,#45,#46,#47,#48,#49,#50),#286,.T.);
#7996=ADVANCED_FACE('',(#559,#51,#52,#53,#54,#55,#56,#57),#287,.F.);
#7997=ADVANCED_FACE('',(#560),#7298,.T.);
#7998=ADVANCED_FACE('',(#561),#288,.F.);
#7999=ADVANCED_FACE('',(#562),#289,.F.);
#8000=ADVANCED_FACE('',(#563),#290,.T.);
#8001=ADVANCED_FACE('',(#564),#7299,.T.);
#8002=ADVANCED_FACE('',(#565),#291,.F.);
#8003=ADVANCED_FACE('',(#566,#58),#7300,.F.);
#8004=ADVANCED_FACE('',(#567,#59),#7301,.F.);
#8005=ADVANCED_FACE('',(#568),#292,.F.);
#8006=ADVANCED_FACE('',(#569),#7302,.T.);
#8007=ADVANCED_FACE('',(#570),#7303,.T.);
#8008=ADVANCED_FACE('',(#571),#7304,.T.);
#8009=ADVANCED_FACE('',(#572),#7305,.T.);
#8010=ADVANCED_FACE('',(#573),#7306,.T.);
#8011=ADVANCED_FACE('',(#574),#7307,.T.);
#8012=ADVANCED_FACE('',(#575),#7308,.F.);
#8013=ADVANCED_FACE('',(#576),#7309,.F.);
#8014=ADVANCED_FACE('',(#577),#7310,.F.);
#8015=ADVANCED_FACE('',(#578),#7311,.F.);
#8016=ADVANCED_FACE('',(#579),#7312,.T.);
#8017=ADVANCED_FACE('',(#580),#7313,.T.);
#8018=ADVANCED_FACE('',(#581),#7314,.F.);
#8019=ADVANCED_FACE('',(#582),#7315,.F.);
#8020=ADVANCED_FACE('',(#583),#7316,.F.);
#8021=ADVANCED_FACE('',(#584),#7317,.F.);
#8022=ADVANCED_FACE('',(#585),#7318,.F.);
#8023=ADVANCED_FACE('',(#586),#7319,.F.);
#8024=ADVANCED_FACE('',(#587),#7320,.F.);
#8025=ADVANCED_FACE('',(#588),#7321,.F.);
#8026=ADVANCED_FACE('',(#589),#7322,.F.);
#8027=ADVANCED_FACE('',(#590),#7323,.F.);
#8028=ADVANCED_FACE('',(#591),#7324,.F.);
#8029=ADVANCED_FACE('',(#592),#7325,.F.);
#8030=ADVANCED_FACE('',(#593,#60,#61,#62,#63,#64),#293,.T.);
#8031=ADVANCED_FACE('',(#594),#294,.F.);
#8032=ADVANCED_FACE('',(#595,#65,#66,#67,#68,#69),#295,.F.);
#8033=ADVANCED_FACE('',(#596,#70,#71,#72,#73,#74,#75,#76,#77,#78,#79),#296,
 .F.);
#8034=ADVANCED_FACE('',(#597,#80,#81,#82,#83,#84),#297,.T.);
#8035=ADVANCED_FACE('',(#598),#7326,.F.);
#8036=ADVANCED_FACE('',(#599,#85,#86,#87,#88,#89),#298,.T.);
#8037=ADVANCED_FACE('',(#600),#299,.F.);
#8038=ADVANCED_FACE('',(#601),#300,.F.);
#8039=ADVANCED_FACE('',(#602),#7327,.F.);
#8040=ADVANCED_FACE('',(#603),#7328,.F.);
#8041=ADVANCED_FACE('',(#604),#7329,.F.);
#8042=ADVANCED_FACE('',(#605),#301,.T.);
#8043=ADVANCED_FACE('',(#606),#7330,.F.);
#8044=ADVANCED_FACE('',(#607),#302,.F.);
#8045=ADVANCED_FACE('',(#608),#7331,.F.);
#8046=ADVANCED_FACE('',(#609),#303,.F.);
#8047=ADVANCED_FACE('',(#610),#7332,.F.);
#8048=ADVANCED_FACE('',(#611),#304,.T.);
#8049=ADVANCED_FACE('',(#612),#7333,.T.);
#8050=ADVANCED_FACE('',(#613),#7334,.T.);
#8051=ADVANCED_FACE('',(#614),#7335,.T.);
#8052=ADVANCED_FACE('',(#615),#7336,.T.);
#8053=ADVANCED_FACE('',(#616),#305,.F.);
#8054=ADVANCED_FACE('',(#617),#7337,.F.);
#8055=ADVANCED_FACE('',(#618),#7338,.T.);
#8056=ADVANCED_FACE('',(#619),#7339,.F.);
#8057=ADVANCED_FACE('',(#620),#306,.F.);
#8058=ADVANCED_FACE('',(#621),#307,.F.);
#8059=ADVANCED_FACE('',(#622),#7340,.F.);
#8060=ADVANCED_FACE('',(#623),#7341,.T.);
#8061=ADVANCED_FACE('',(#624),#7342,.F.);
#8062=ADVANCED_FACE('',(#625),#308,.F.);
#8063=ADVANCED_FACE('',(#626),#7343,.T.);
#8064=ADVANCED_FACE('',(#627),#7344,.F.);
#8065=ADVANCED_FACE('',(#628),#222,.F.);
#8066=ADVANCED_FACE('',(#629),#7345,.F.);
#8067=ADVANCED_FACE('',(#630),#223,.F.);
#8068=ADVANCED_FACE('',(#631),#7346,.F.);
#8069=ADVANCED_FACE('',(#632),#224,.F.);
#8070=ADVANCED_FACE('',(#633),#7347,.F.);
#8071=ADVANCED_FACE('',(#634),#225,.F.);
#8072=ADVANCED_FACE('',(#635),#7348,.F.);
#8073=ADVANCED_FACE('',(#636),#226,.F.);
#8074=ADVANCED_FACE('',(#637),#7349,.F.);
#8075=ADVANCED_FACE('',(#638),#227,.F.);
#8076=ADVANCED_FACE('',(#639),#7350,.F.);
#8077=ADVANCED_FACE('',(#640),#228,.F.);
#8078=ADVANCED_FACE('',(#641),#7351,.F.);
#8079=ADVANCED_FACE('',(#642),#229,.F.);
#8080=ADVANCED_FACE('',(#643),#7352,.F.);
#8081=ADVANCED_FACE('',(#644),#230,.F.);
#8082=ADVANCED_FACE('',(#645),#7353,.F.);
#8083=ADVANCED_FACE('',(#646),#231,.F.);
#8084=ADVANCED_FACE('',(#647),#7354,.F.);
#8085=ADVANCED_FACE('',(#648),#232,.F.);
#8086=ADVANCED_FACE('',(#649),#7355,.F.);
#8087=ADVANCED_FACE('',(#650),#233,.F.);
#8088=ADVANCED_FACE('',(#651),#7356,.F.);
#8089=ADVANCED_FACE('',(#652),#234,.F.);
#8090=ADVANCED_FACE('',(#653),#7357,.F.);
#8091=ADVANCED_FACE('',(#654),#235,.F.);
#8092=ADVANCED_FACE('',(#655),#7358,.F.);
#8093=ADVANCED_FACE('',(#656),#236,.F.);
#8094=ADVANCED_FACE('',(#657),#7359,.F.);
#8095=ADVANCED_FACE('',(#658),#237,.F.);
#8096=ADVANCED_FACE('',(#659),#7360,.F.);
#8097=ADVANCED_FACE('',(#660),#238,.F.);
#8098=ADVANCED_FACE('',(#661),#7361,.T.);
#8099=ADVANCED_FACE('',(#662),#7362,.T.);
#8100=ADVANCED_FACE('',(#663),#7363,.T.);
#8101=ADVANCED_FACE('',(#664),#7364,.F.);
#8102=ADVANCED_FACE('',(#665),#7365,.T.);
#8103=ADVANCED_FACE('',(#666,#90,#91,#92,#93,#94,#95,#96,#97,#98),#309,
 .T.);
#8104=ADVANCED_FACE('',(#667,#99),#310,.T.);
#8105=ADVANCED_FACE('',(#668,#100,#101,#102,#103,#104,#105,#106,#107,#108),
#311,.T.);
#8106=ADVANCED_FACE('',(#669,#109),#312,.T.);
#8107=ADVANCED_FACE('',(#670,#110),#313,.T.);
#8108=ADVANCED_FACE('',(#671),#314,.T.);
#8109=ADVANCED_FACE('',(#672),#7366,.F.);
#8110=ADVANCED_FACE('',(#673),#239,.F.);
#8111=ADVANCED_FACE('',(#674),#7367,.F.);
#8112=ADVANCED_FACE('',(#675),#240,.F.);
#8113=ADVANCED_FACE('',(#676),#7368,.F.);
#8114=ADVANCED_FACE('',(#677),#241,.F.);
#8115=ADVANCED_FACE('',(#678),#7369,.F.);
#8116=ADVANCED_FACE('',(#679),#242,.F.);
#8117=ADVANCED_FACE('',(#680),#7370,.F.);
#8118=ADVANCED_FACE('',(#681),#243,.F.);
#8119=ADVANCED_FACE('',(#682),#7371,.F.);
#8120=ADVANCED_FACE('',(#683),#244,.F.);
#8121=ADVANCED_FACE('',(#684),#7372,.F.);
#8122=ADVANCED_FACE('',(#685),#245,.F.);
#8123=ADVANCED_FACE('',(#686),#7373,.F.);
#8124=ADVANCED_FACE('',(#687),#246,.F.);
#8125=ADVANCED_FACE('',(#688),#7374,.F.);
#8126=ADVANCED_FACE('',(#689),#247,.F.);
#8127=ADVANCED_FACE('',(#690),#7375,.F.);
#8128=ADVANCED_FACE('',(#691),#248,.F.);
#8129=ADVANCED_FACE('',(#692),#7376,.F.);
#8130=ADVANCED_FACE('',(#693),#249,.F.);
#8131=ADVANCED_FACE('',(#694),#7377,.F.);
#8132=ADVANCED_FACE('',(#695),#250,.F.);
#8133=ADVANCED_FACE('',(#696),#7378,.F.);
#8134=ADVANCED_FACE('',(#697),#251,.F.);
#8135=ADVANCED_FACE('',(#698),#7379,.F.);
#8136=ADVANCED_FACE('',(#699),#252,.F.);
#8137=ADVANCED_FACE('',(#700),#7380,.F.);
#8138=ADVANCED_FACE('',(#701),#253,.F.);
#8139=ADVANCED_FACE('',(#702),#7381,.F.);
#8140=ADVANCED_FACE('',(#703),#254,.F.);
#8141=ADVANCED_FACE('',(#704),#7382,.F.);
#8142=ADVANCED_FACE('',(#705),#255,.F.);
#8143=ADVANCED_FACE('',(#706),#7383,.T.);
#8144=ADVANCED_FACE('',(#707),#7384,.T.);
#8145=ADVANCED_FACE('',(#708),#7385,.T.);
#8146=ADVANCED_FACE('',(#709),#7386,.F.);
#8147=ADVANCED_FACE('',(#710),#7387,.T.);
#8148=ADVANCED_FACE('',(#711,#111,#112,#113,#114,#115,#116,#117,#118,#119),
#315,.T.);
#8149=ADVANCED_FACE('',(#712,#120),#316,.T.);
#8150=ADVANCED_FACE('',(#713,#121,#122,#123,#124,#125,#126,#127,#128,#129),
#317,.T.);
#8151=ADVANCED_FACE('',(#714,#130),#318,.T.);
#8152=ADVANCED_FACE('',(#715,#131),#319,.T.);
#8153=ADVANCED_FACE('',(#716),#320,.T.);
#8154=ADVANCED_FACE('',(#717),#321,.T.);
#8155=ADVANCED_FACE('',(#718),#7388,.T.);
#8156=ADVANCED_FACE('',(#719),#322,.T.);
#8157=ADVANCED_FACE('',(#720),#323,.T.);
#8158=ADVANCED_FACE('',(#721),#324,.T.);
#8159=ADVANCED_FACE('',(#722),#7389,.T.);
#8160=ADVANCED_FACE('',(#723),#325,.F.);
#8161=ADVANCED_FACE('',(#724),#7390,.T.);
#8162=ADVANCED_FACE('',(#725),#326,.T.);
#8163=ADVANCED_FACE('',(#726),#327,.F.);
#8164=ADVANCED_FACE('',(#727),#328,.T.);
#8165=ADVANCED_FACE('',(#728),#7391,.T.);
#8166=ADVANCED_FACE('',(#729),#329,.T.);
#8167=ADVANCED_FACE('',(#730),#330,.T.);
#8168=ADVANCED_FACE('',(#731),#331,.T.);
#8169=ADVANCED_FACE('',(#732),#7392,.T.);
#8170=ADVANCED_FACE('',(#733),#332,.F.);
#8171=ADVANCED_FACE('',(#734),#7393,.T.);
#8172=ADVANCED_FACE('',(#735),#333,.T.);
#8173=ADVANCED_FACE('',(#736),#334,.F.);
#8174=ADVANCED_FACE('',(#737),#7394,.F.);
#8175=ADVANCED_FACE('',(#738),#7395,.F.);
#8176=ADVANCED_FACE('',(#739),#7396,.F.);
#8177=ADVANCED_FACE('',(#740),#7397,.F.);
#8178=ADVANCED_FACE('',(#741),#7398,.F.);
#8179=ADVANCED_FACE('',(#742),#7399,.F.);
#8180=ADVANCED_FACE('',(#743),#7400,.F.);
#8181=ADVANCED_FACE('',(#744),#7401,.F.);
#8182=ADVANCED_FACE('',(#745),#7402,.F.);
#8183=ADVANCED_FACE('',(#746),#7403,.F.);
#8184=ADVANCED_FACE('',(#747),#7404,.F.);
#8185=ADVANCED_FACE('',(#748),#7405,.F.);
#8186=ADVANCED_FACE('',(#749),#7406,.T.);
#8187=ADVANCED_FACE('',(#750,#132,#133,#134,#135,#136,#137,#138,#139,#140,
#141,#142,#143),#335,.T.);
#8188=ADVANCED_FACE('',(#751,#144,#145,#146,#147,#148,#149,#150,#151,#152,
#153,#154,#155),#336,.F.);
#8189=ADVANCED_FACE('',(#752),#7407,.F.);
#8190=ADVANCED_FACE('',(#753),#7408,.F.);
#8191=ADVANCED_FACE('',(#754),#7409,.F.);
#8192=ADVANCED_FACE('',(#755),#7410,.F.);
#8193=ADVANCED_FACE('',(#756),#7411,.F.);
#8194=ADVANCED_FACE('',(#757),#7412,.F.);
#8195=ADVANCED_FACE('',(#758),#7413,.F.);
#8196=ADVANCED_FACE('',(#759),#7414,.F.);
#8197=ADVANCED_FACE('',(#760),#7415,.F.);
#8198=ADVANCED_FACE('',(#761),#7416,.F.);
#8199=ADVANCED_FACE('',(#762),#7417,.F.);
#8200=ADVANCED_FACE('',(#763),#7418,.F.);
#8201=ADVANCED_FACE('',(#764),#7419,.T.);
#8202=ADVANCED_FACE('',(#765,#156,#157,#158,#159,#160,#161,#162,#163,#164,
#165,#166,#167),#337,.T.);
#8203=ADVANCED_FACE('',(#766,#168,#169,#170,#171,#172,#173,#174,#175,#176,
#177,#178,#179),#338,.F.);
#8204=ADVANCED_FACE('',(#767),#7420,.T.);
#8205=ADVANCED_FACE('',(#768),#256,.T.);
#8206=ADVANCED_FACE('',(#769),#7421,.T.);
#8207=ADVANCED_FACE('',(#770,#180),#339,.T.);
#8208=ADVANCED_FACE('',(#771,#181),#340,.F.);
#8209=ADVANCED_FACE('',(#772),#341,.T.);
#8210=ADVANCED_FACE('',(#773),#342,.F.);
#8211=ADVANCED_FACE('',(#774),#343,.F.);
#8212=ADVANCED_FACE('',(#775),#344,.F.);
#8213=ADVANCED_FACE('',(#776),#345,.F.);
#8214=ADVANCED_FACE('',(#777),#346,.F.);
#8215=ADVANCED_FACE('',(#778),#347,.F.);
#8216=ADVANCED_FACE('',(#779),#348,.T.);
#8217=ADVANCED_FACE('',(#780),#7422,.T.);
#8218=ADVANCED_FACE('',(#781),#257,.T.);
#8219=ADVANCED_FACE('',(#782),#7423,.T.);
#8220=ADVANCED_FACE('',(#783,#182),#349,.T.);
#8221=ADVANCED_FACE('',(#784,#183),#350,.F.);
#8222=ADVANCED_FACE('',(#785),#351,.T.);
#8223=ADVANCED_FACE('',(#786),#352,.F.);
#8224=ADVANCED_FACE('',(#787),#353,.F.);
#8225=ADVANCED_FACE('',(#788),#354,.F.);
#8226=ADVANCED_FACE('',(#789),#355,.F.);
#8227=ADVANCED_FACE('',(#790),#356,.F.);
#8228=ADVANCED_FACE('',(#791),#357,.F.);
#8229=ADVANCED_FACE('',(#792),#358,.T.);
#8230=ADVANCED_FACE('',(#793),#7424,.T.);
#8231=ADVANCED_FACE('',(#794),#258,.T.);
#8232=ADVANCED_FACE('',(#795),#7425,.T.);
#8233=ADVANCED_FACE('',(#796,#184),#359,.T.);
#8234=ADVANCED_FACE('',(#797,#185),#360,.F.);
#8235=ADVANCED_FACE('',(#798),#361,.T.);
#8236=ADVANCED_FACE('',(#799),#362,.F.);
#8237=ADVANCED_FACE('',(#800),#363,.F.);
#8238=ADVANCED_FACE('',(#801),#364,.F.);
#8239=ADVANCED_FACE('',(#802),#365,.F.);
#8240=ADVANCED_FACE('',(#803),#366,.F.);
#8241=ADVANCED_FACE('',(#804),#367,.F.);
#8242=ADVANCED_FACE('',(#805),#368,.T.);
#8243=ADVANCED_FACE('',(#806),#7426,.T.);
#8244=ADVANCED_FACE('',(#807),#259,.T.);
#8245=ADVANCED_FACE('',(#808),#7427,.T.);
#8246=ADVANCED_FACE('',(#809,#186),#369,.T.);
#8247=ADVANCED_FACE('',(#810,#187),#370,.F.);
#8248=ADVANCED_FACE('',(#811),#371,.T.);
#8249=ADVANCED_FACE('',(#812),#372,.F.);
#8250=ADVANCED_FACE('',(#813),#373,.F.);
#8251=ADVANCED_FACE('',(#814),#374,.F.);
#8252=ADVANCED_FACE('',(#815),#375,.F.);
#8253=ADVANCED_FACE('',(#816),#376,.F.);
#8254=ADVANCED_FACE('',(#817),#377,.F.);
#8255=ADVANCED_FACE('',(#818),#378,.T.);
#8256=ADVANCED_FACE('',(#819),#7428,.T.);
#8257=ADVANCED_FACE('',(#820),#260,.T.);
#8258=ADVANCED_FACE('',(#821),#7429,.T.);
#8259=ADVANCED_FACE('',(#822,#188),#379,.T.);
#8260=ADVANCED_FACE('',(#823,#189),#380,.F.);
#8261=ADVANCED_FACE('',(#824),#381,.T.);
#8262=ADVANCED_FACE('',(#825),#382,.F.);
#8263=ADVANCED_FACE('',(#826),#383,.F.);
#8264=ADVANCED_FACE('',(#827),#384,.F.);
#8265=ADVANCED_FACE('',(#828),#385,.F.);
#8266=ADVANCED_FACE('',(#829),#386,.F.);
#8267=ADVANCED_FACE('',(#830),#387,.F.);
#8268=ADVANCED_FACE('',(#831),#388,.T.);
#8269=ADVANCED_FACE('',(#832),#7430,.T.);
#8270=ADVANCED_FACE('',(#833),#261,.T.);
#8271=ADVANCED_FACE('',(#834),#7431,.T.);
#8272=ADVANCED_FACE('',(#835,#190),#389,.T.);
#8273=ADVANCED_FACE('',(#836,#191),#390,.F.);
#8274=ADVANCED_FACE('',(#837),#391,.T.);
#8275=ADVANCED_FACE('',(#838),#392,.F.);
#8276=ADVANCED_FACE('',(#839),#393,.F.);
#8277=ADVANCED_FACE('',(#840),#394,.F.);
#8278=ADVANCED_FACE('',(#841),#395,.F.);
#8279=ADVANCED_FACE('',(#842),#396,.F.);
#8280=ADVANCED_FACE('',(#843),#397,.F.);
#8281=ADVANCED_FACE('',(#844),#398,.T.);
#8282=ADVANCED_FACE('',(#845),#7432,.T.);
#8283=ADVANCED_FACE('',(#846),#262,.T.);
#8284=ADVANCED_FACE('',(#847),#7433,.T.);
#8285=ADVANCED_FACE('',(#848,#192),#399,.T.);
#8286=ADVANCED_FACE('',(#849,#193),#400,.F.);
#8287=ADVANCED_FACE('',(#850),#401,.T.);
#8288=ADVANCED_FACE('',(#851),#402,.F.);
#8289=ADVANCED_FACE('',(#852),#403,.F.);
#8290=ADVANCED_FACE('',(#853),#404,.F.);
#8291=ADVANCED_FACE('',(#854),#405,.F.);
#8292=ADVANCED_FACE('',(#855),#406,.F.);
#8293=ADVANCED_FACE('',(#856),#407,.F.);
#8294=ADVANCED_FACE('',(#857),#408,.T.);
#8295=ADVANCED_FACE('',(#858),#7434,.T.);
#8296=ADVANCED_FACE('',(#859),#263,.T.);
#8297=ADVANCED_FACE('',(#860),#7435,.T.);
#8298=ADVANCED_FACE('',(#861,#194),#409,.T.);
#8299=ADVANCED_FACE('',(#862,#195),#410,.F.);
#8300=ADVANCED_FACE('',(#863),#411,.T.);
#8301=ADVANCED_FACE('',(#864),#412,.F.);
#8302=ADVANCED_FACE('',(#865),#413,.F.);
#8303=ADVANCED_FACE('',(#866),#414,.F.);
#8304=ADVANCED_FACE('',(#867),#415,.F.);
#8305=ADVANCED_FACE('',(#868),#416,.F.);
#8306=ADVANCED_FACE('',(#869),#417,.F.);
#8307=ADVANCED_FACE('',(#870),#418,.T.);
#8308=ADVANCED_FACE('',(#871),#7436,.T.);
#8309=ADVANCED_FACE('',(#872),#264,.T.);
#8310=ADVANCED_FACE('',(#873),#7437,.T.);
#8311=ADVANCED_FACE('',(#874,#196),#419,.T.);
#8312=ADVANCED_FACE('',(#875,#197),#420,.F.);
#8313=ADVANCED_FACE('',(#876),#421,.T.);
#8314=ADVANCED_FACE('',(#877),#422,.F.);
#8315=ADVANCED_FACE('',(#878),#423,.F.);
#8316=ADVANCED_FACE('',(#879),#424,.F.);
#8317=ADVANCED_FACE('',(#880),#425,.F.);
#8318=ADVANCED_FACE('',(#881),#426,.F.);
#8319=ADVANCED_FACE('',(#882),#427,.F.);
#8320=ADVANCED_FACE('',(#883),#428,.T.);
#8321=ADVANCED_FACE('',(#884),#7438,.T.);
#8322=ADVANCED_FACE('',(#885),#265,.T.);
#8323=ADVANCED_FACE('',(#886),#7439,.T.);
#8324=ADVANCED_FACE('',(#887,#198),#429,.T.);
#8325=ADVANCED_FACE('',(#888,#199),#430,.F.);
#8326=ADVANCED_FACE('',(#889),#431,.T.);
#8327=ADVANCED_FACE('',(#890),#432,.F.);
#8328=ADVANCED_FACE('',(#891),#433,.F.);
#8329=ADVANCED_FACE('',(#892),#434,.F.);
#8330=ADVANCED_FACE('',(#893),#435,.F.);
#8331=ADVANCED_FACE('',(#894),#436,.F.);
#8332=ADVANCED_FACE('',(#895),#437,.F.);
#8333=ADVANCED_FACE('',(#896),#438,.T.);
#8334=ADVANCED_FACE('',(#897),#7440,.T.);
#8335=ADVANCED_FACE('',(#898),#266,.T.);
#8336=ADVANCED_FACE('',(#899),#7441,.T.);
#8337=ADVANCED_FACE('',(#900,#200),#439,.T.);
#8338=ADVANCED_FACE('',(#901,#201),#440,.F.);
#8339=ADVANCED_FACE('',(#902),#441,.T.);
#8340=ADVANCED_FACE('',(#903),#442,.F.);
#8341=ADVANCED_FACE('',(#904),#443,.F.);
#8342=ADVANCED_FACE('',(#905),#444,.F.);
#8343=ADVANCED_FACE('',(#906),#445,.F.);
#8344=ADVANCED_FACE('',(#907),#446,.F.);
#8345=ADVANCED_FACE('',(#908),#447,.F.);
#8346=ADVANCED_FACE('',(#909),#448,.T.);
#8347=ADVANCED_FACE('',(#910),#7442,.T.);
#8348=ADVANCED_FACE('',(#911),#267,.T.);
#8349=ADVANCED_FACE('',(#912),#7443,.T.);
#8350=ADVANCED_FACE('',(#913,#202),#449,.T.);
#8351=ADVANCED_FACE('',(#914,#203),#450,.F.);
#8352=ADVANCED_FACE('',(#915),#451,.T.);
#8353=ADVANCED_FACE('',(#916),#452,.F.);
#8354=ADVANCED_FACE('',(#917),#453,.F.);
#8355=ADVANCED_FACE('',(#918),#454,.F.);
#8356=ADVANCED_FACE('',(#919),#455,.F.);
#8357=ADVANCED_FACE('',(#920),#456,.F.);
#8358=ADVANCED_FACE('',(#921),#457,.F.);
#8359=ADVANCED_FACE('',(#922),#458,.T.);
#8360=ADVANCED_FACE('',(#923),#7444,.T.);
#8361=ADVANCED_FACE('',(#924),#268,.T.);
#8362=ADVANCED_FACE('',(#925),#7445,.T.);
#8363=ADVANCED_FACE('',(#926,#204),#459,.T.);
#8364=ADVANCED_FACE('',(#927,#205),#460,.F.);
#8365=ADVANCED_FACE('',(#928),#461,.T.);
#8366=ADVANCED_FACE('',(#929),#462,.F.);
#8367=ADVANCED_FACE('',(#930),#463,.F.);
#8368=ADVANCED_FACE('',(#931),#464,.F.);
#8369=ADVANCED_FACE('',(#932),#465,.F.);
#8370=ADVANCED_FACE('',(#933),#466,.F.);
#8371=ADVANCED_FACE('',(#934),#467,.F.);
#8372=ADVANCED_FACE('',(#935),#468,.T.);
#8373=ADVANCED_FACE('',(#936),#7446,.T.);
#8374=ADVANCED_FACE('',(#937),#269,.T.);
#8375=ADVANCED_FACE('',(#938),#7447,.T.);
#8376=ADVANCED_FACE('',(#939,#206),#469,.T.);
#8377=ADVANCED_FACE('',(#940,#207),#470,.F.);
#8378=ADVANCED_FACE('',(#941),#471,.T.);
#8379=ADVANCED_FACE('',(#942),#472,.F.);
#8380=ADVANCED_FACE('',(#943),#473,.F.);
#8381=ADVANCED_FACE('',(#944),#474,.F.);
#8382=ADVANCED_FACE('',(#945),#475,.F.);
#8383=ADVANCED_FACE('',(#946),#476,.F.);
#8384=ADVANCED_FACE('',(#947),#477,.F.);
#8385=ADVANCED_FACE('',(#948),#478,.T.);
#8386=ADVANCED_FACE('',(#949),#7448,.T.);
#8387=ADVANCED_FACE('',(#950),#270,.T.);
#8388=ADVANCED_FACE('',(#951),#7449,.T.);
#8389=ADVANCED_FACE('',(#952,#208),#479,.T.);
#8390=ADVANCED_FACE('',(#953,#209),#480,.F.);
#8391=ADVANCED_FACE('',(#954),#481,.T.);
#8392=ADVANCED_FACE('',(#955),#482,.F.);
#8393=ADVANCED_FACE('',(#956),#483,.F.);
#8394=ADVANCED_FACE('',(#957),#484,.F.);
#8395=ADVANCED_FACE('',(#958),#485,.F.);
#8396=ADVANCED_FACE('',(#959),#486,.F.);
#8397=ADVANCED_FACE('',(#960),#487,.F.);
#8398=ADVANCED_FACE('',(#961),#488,.T.);
#8399=ADVANCED_FACE('',(#962),#7450,.T.);
#8400=ADVANCED_FACE('',(#963),#271,.T.);
#8401=ADVANCED_FACE('',(#964),#7451,.T.);
#8402=ADVANCED_FACE('',(#965,#210),#489,.T.);
#8403=ADVANCED_FACE('',(#966,#211),#490,.F.);
#8404=ADVANCED_FACE('',(#967),#491,.T.);
#8405=ADVANCED_FACE('',(#968),#492,.F.);
#8406=ADVANCED_FACE('',(#969),#493,.F.);
#8407=ADVANCED_FACE('',(#970),#494,.F.);
#8408=ADVANCED_FACE('',(#971),#495,.F.);
#8409=ADVANCED_FACE('',(#972),#496,.F.);
#8410=ADVANCED_FACE('',(#973),#497,.F.);
#8411=ADVANCED_FACE('',(#974),#498,.T.);
#8412=ADVANCED_FACE('',(#975),#7452,.T.);
#8413=ADVANCED_FACE('',(#976),#272,.T.);
#8414=ADVANCED_FACE('',(#977),#7453,.T.);
#8415=ADVANCED_FACE('',(#978,#212),#499,.T.);
#8416=ADVANCED_FACE('',(#979,#213),#500,.F.);
#8417=ADVANCED_FACE('',(#980),#501,.T.);
#8418=ADVANCED_FACE('',(#981),#502,.F.);
#8419=ADVANCED_FACE('',(#982),#503,.F.);
#8420=ADVANCED_FACE('',(#983),#504,.F.);
#8421=ADVANCED_FACE('',(#984),#505,.F.);
#8422=ADVANCED_FACE('',(#985),#506,.F.);
#8423=ADVANCED_FACE('',(#986),#507,.F.);
#8424=ADVANCED_FACE('',(#987),#508,.T.);
#8425=ADVANCED_FACE('',(#988),#7454,.T.);
#8426=ADVANCED_FACE('',(#989),#273,.T.);
#8427=ADVANCED_FACE('',(#990),#7455,.T.);
#8428=ADVANCED_FACE('',(#991,#214),#509,.T.);
#8429=ADVANCED_FACE('',(#992,#215),#510,.F.);
#8430=ADVANCED_FACE('',(#993),#511,.T.);
#8431=ADVANCED_FACE('',(#994),#512,.F.);
#8432=ADVANCED_FACE('',(#995),#513,.F.);
#8433=ADVANCED_FACE('',(#996),#514,.F.);
#8434=ADVANCED_FACE('',(#997),#515,.F.);
#8435=ADVANCED_FACE('',(#998),#516,.F.);
#8436=ADVANCED_FACE('',(#999),#517,.F.);
#8437=ADVANCED_FACE('',(#1000),#518,.T.);
#8438=ADVANCED_FACE('',(#1001),#7456,.T.);
#8439=ADVANCED_FACE('',(#1002),#274,.T.);
#8440=ADVANCED_FACE('',(#1003),#7457,.T.);
#8441=ADVANCED_FACE('',(#1004,#216),#519,.T.);
#8442=ADVANCED_FACE('',(#1005,#217),#520,.F.);
#8443=ADVANCED_FACE('',(#1006),#521,.T.);
#8444=ADVANCED_FACE('',(#1007),#522,.F.);
#8445=ADVANCED_FACE('',(#1008),#523,.F.);
#8446=ADVANCED_FACE('',(#1009),#524,.F.);
#8447=ADVANCED_FACE('',(#1010),#525,.F.);
#8448=ADVANCED_FACE('',(#1011),#526,.F.);
#8449=ADVANCED_FACE('',(#1012),#527,.F.);
#8450=ADVANCED_FACE('',(#1013),#528,.T.);
#8451=ADVANCED_FACE('',(#1014),#7458,.T.);
#8452=ADVANCED_FACE('',(#1015),#275,.T.);
#8453=ADVANCED_FACE('',(#1016),#7459,.T.);
#8454=ADVANCED_FACE('',(#1017,#218),#529,.T.);
#8455=ADVANCED_FACE('',(#1018,#219),#530,.F.);
#8456=ADVANCED_FACE('',(#1019),#531,.T.);
#8457=ADVANCED_FACE('',(#1020),#532,.F.);
#8458=ADVANCED_FACE('',(#1021),#533,.F.);
#8459=ADVANCED_FACE('',(#1022),#534,.F.);
#8460=ADVANCED_FACE('',(#1023),#535,.F.);
#8461=ADVANCED_FACE('',(#1024),#536,.F.);
#8462=ADVANCED_FACE('',(#1025),#537,.F.);
#8463=ADVANCED_FACE('',(#1026),#538,.T.);
#8464=CLOSED_SHELL('',(#7976,#7977,#7978,#7979,#7980,#7981,#7982,#7983,
#7984,#7985,#7986,#7987,#7988,#7989,#7990,#7991,#7992,#7993,#7994,#7995,
#7996,#7997,#7998,#7999,#8000,#8001,#8002,#8003,#8004,#8005));
#8465=CLOSED_SHELL('',(#8006,#8007,#8008,#8009,#8010,#8011,#8012,#8013,
#8014,#8015,#8016,#8017,#8018,#8019,#8020,#8021,#8022,#8023,#8024,#8025,
#8026,#8027,#8028,#8029,#8030,#8031,#8032,#8033,#8034,#8035,#8036,#8037,
#8038,#8039,#8040,#8041,#8042,#8043,#8044,#8045,#8046,#8047,#8048,#8049,
#8050,#8051,#8052,#8053,#8054,#8055,#8056,#8057,#8058,#8059,#8060,#8061,
#8062,#8063));
#8466=CLOSED_SHELL('',(#8064,#8065,#8066,#8067,#8068,#8069,#8070,#8071,
#8072,#8073,#8074,#8075,#8076,#8077,#8078,#8079,#8080,#8081,#8082,#8083,
#8084,#8085,#8086,#8087,#8088,#8089,#8090,#8091,#8092,#8093,#8094,#8095,
#8096,#8097,#8098,#8099,#8100,#8101,#8102,#8103,#8104,#8105,#8106,#8107,
#8108));
#8467=CLOSED_SHELL('',(#8109,#8110,#8111,#8112,#8113,#8114,#8115,#8116,
#8117,#8118,#8119,#8120,#8121,#8122,#8123,#8124,#8125,#8126,#8127,#8128,
#8129,#8130,#8131,#8132,#8133,#8134,#8135,#8136,#8137,#8138,#8139,#8140,
#8141,#8142,#8143,#8144,#8145,#8146,#8147,#8148,#8149,#8150,#8151,#8152,
#8153));
#8468=CLOSED_SHELL('',(#8154,#8155,#8156,#8157,#8158,#8159,#8160,#8161,
#8162,#8163));
#8469=CLOSED_SHELL('',(#8164,#8165,#8166,#8167,#8168,#8169,#8170,#8171,
#8172,#8173));
#8470=CLOSED_SHELL('',(#8174,#8175,#8176,#8177,#8178,#8179,#8180,#8181,
#8182,#8183,#8184,#8185,#8186,#8187,#8188));
#8471=CLOSED_SHELL('',(#8189,#8190,#8191,#8192,#8193,#8194,#8195,#8196,
#8197,#8198,#8199,#8200,#8201,#8202,#8203));
#8472=CLOSED_SHELL('',(#8204,#8205,#8206,#8207,#8208,#8209,#8210,#8211,
#8212,#8213,#8214,#8215,#8216));
#8473=CLOSED_SHELL('',(#8217,#8218,#8219,#8220,#8221,#8222,#8223,#8224,
#8225,#8226,#8227,#8228,#8229));
#8474=CLOSED_SHELL('',(#8230,#8231,#8232,#8233,#8234,#8235,#8236,#8237,
#8238,#8239,#8240,#8241,#8242));
#8475=CLOSED_SHELL('',(#8243,#8244,#8245,#8246,#8247,#8248,#8249,#8250,
#8251,#8252,#8253,#8254,#8255));
#8476=CLOSED_SHELL('',(#8256,#8257,#8258,#8259,#8260,#8261,#8262,#8263,
#8264,#8265,#8266,#8267,#8268));
#8477=CLOSED_SHELL('',(#8269,#8270,#8271,#8272,#8273,#8274,#8275,#8276,
#8277,#8278,#8279,#8280,#8281));
#8478=CLOSED_SHELL('',(#8282,#8283,#8284,#8285,#8286,#8287,#8288,#8289,
#8290,#8291,#8292,#8293,#8294));
#8479=CLOSED_SHELL('',(#8295,#8296,#8297,#8298,#8299,#8300,#8301,#8302,
#8303,#8304,#8305,#8306,#8307));
#8480=CLOSED_SHELL('',(#8308,#8309,#8310,#8311,#8312,#8313,#8314,#8315,
#8316,#8317,#8318,#8319,#8320));
#8481=CLOSED_SHELL('',(#8321,#8322,#8323,#8324,#8325,#8326,#8327,#8328,
#8329,#8330,#8331,#8332,#8333));
#8482=CLOSED_SHELL('',(#8334,#8335,#8336,#8337,#8338,#8339,#8340,#8341,
#8342,#8343,#8344,#8345,#8346));
#8483=CLOSED_SHELL('',(#8347,#8348,#8349,#8350,#8351,#8352,#8353,#8354,
#8355,#8356,#8357,#8358,#8359));
#8484=CLOSED_SHELL('',(#8360,#8361,#8362,#8363,#8364,#8365,#8366,#8367,
#8368,#8369,#8370,#8371,#8372));
#8485=CLOSED_SHELL('',(#8373,#8374,#8375,#8376,#8377,#8378,#8379,#8380,
#8381,#8382,#8383,#8384,#8385));
#8486=CLOSED_SHELL('',(#8386,#8387,#8388,#8389,#8390,#8391,#8392,#8393,
#8394,#8395,#8396,#8397,#8398));
#8487=CLOSED_SHELL('',(#8399,#8400,#8401,#8402,#8403,#8404,#8405,#8406,
#8407,#8408,#8409,#8410,#8411));
#8488=CLOSED_SHELL('',(#8412,#8413,#8414,#8415,#8416,#8417,#8418,#8419,
#8420,#8421,#8422,#8423,#8424));
#8489=CLOSED_SHELL('',(#8425,#8426,#8427,#8428,#8429,#8430,#8431,#8432,
#8433,#8434,#8435,#8436,#8437));
#8490=CLOSED_SHELL('',(#8438,#8439,#8440,#8441,#8442,#8443,#8444,#8445,
#8446,#8447,#8448,#8449,#8450));
#8491=CLOSED_SHELL('',(#8451,#8452,#8453,#8454,#8455,#8456,#8457,#8458,
#8459,#8460,#8461,#8462,#8463));
#8492=DERIVED_UNIT_ELEMENT(#8495,1.);
#8493=DERIVED_UNIT_ELEMENT(#14118,-3.);
#8494=DIMENSIONAL_EXPONENTS(1.,0.,0.,0.,0.,0.,0.);
#8495=(
CONVERSION_BASED_UNIT('gram',#8497)
MASS_UNIT()
NAMED_UNIT(#8494)
);
#8496=(
MASS_UNIT()
NAMED_UNIT(*)
SI_UNIT(.KILO.,.GRAM.)
);
#8497=MASS_MEASURE_WITH_UNIT(MASS_MEASURE(0.001),#8496);
#8498=DERIVED_UNIT((#8492,#8493));
#8499=MEASURE_REPRESENTATION_ITEM('density measure',
POSITIVE_RATIO_MEASURE(1.),#8498);
#8500=PROPERTY_DEFINITION_REPRESENTATION(#8505,#8502);
#8501=PROPERTY_DEFINITION_REPRESENTATION(#8506,#8503);
#8502=REPRESENTATION('material name',(#8504),#14115);
#8503=REPRESENTATION('density',(#8499),#14115);
#8504=DESCRIPTIVE_REPRESENTATION_ITEM('Generic','Generic');
#8505=PROPERTY_DEFINITION('material property','material name',#14125);
#8506=PROPERTY_DEFINITION('material property','density of part',#14125);
#8507=DATE_TIME_ROLE('creation_date');
#8508=APPLIED_DATE_AND_TIME_ASSIGNMENT(#8509,#8507,(#14125));
#8509=DATE_AND_TIME(#8510,#8511);
#8510=CALENDAR_DATE(2026,29,5);
#8511=LOCAL_TIME(0,0,0.,#8512);
#8512=COORDINATED_UNIVERSAL_TIME_OFFSET(0,0,.BEHIND.);
#8513=AXIS2_PLACEMENT_3D('placement',#11763,#9370,#9371);
#8514=AXIS2_PLACEMENT_3D('',#11764,#9372,#9373);
#8515=AXIS2_PLACEMENT_3D('',#11766,#9374,#9375);
#8516=AXIS2_PLACEMENT_3D('',#11769,#9377,#9378);
#8517=AXIS2_PLACEMENT_3D('',#11770,#9379,#9380);
#8518=AXIS2_PLACEMENT_3D('',#11771,#9381,#9382);
#8519=AXIS2_PLACEMENT_3D('',#11813,#9384,#9385);
#8520=AXIS2_PLACEMENT_3D('',#11814,#9386,#9387);
#8521=AXIS2_PLACEMENT_3D('',#11816,#9388,#9389);
#8522=AXIS2_PLACEMENT_3D('',#11819,#9391,#9392);
#8523=AXIS2_PLACEMENT_3D('',#11820,#9393,#9394);
#8524=AXIS2_PLACEMENT_3D('',#11823,#9396,#9397);
#8525=AXIS2_PLACEMENT_3D('',#11825,#9398,#9399);
#8526=AXIS2_PLACEMENT_3D('',#11828,#9401,#9402);
#8527=AXIS2_PLACEMENT_3D('',#11829,#9403,#9404);
#8528=AXIS2_PLACEMENT_3D('',#11832,#9406,#9407);
#8529=AXIS2_PLACEMENT_3D('',#11874,#9409,#9410);
#8530=AXIS2_PLACEMENT_3D('',#11875,#9411,#9412);
#8531=AXIS2_PLACEMENT_3D('',#11877,#9413,#9414);
#8532=AXIS2_PLACEMENT_3D('',#11880,#9416,#9417);
#8533=AXIS2_PLACEMENT_3D('',#11881,#9418,#9419);
#8534=AXIS2_PLACEMENT_3D('',#11883,#9420,#9421);
#8535=AXIS2_PLACEMENT_3D('',#11886,#9423,#9424);
#8536=AXIS2_PLACEMENT_3D('',#11887,#9425,#9426);
#8537=AXIS2_PLACEMENT_3D('',#11889,#9427,#9428);
#8538=AXIS2_PLACEMENT_3D('',#11892,#9430,#9431);
#8539=AXIS2_PLACEMENT_3D('',#11893,#9432,#9433);
#8540=AXIS2_PLACEMENT_3D('',#11895,#9434,#9435);
#8541=AXIS2_PLACEMENT_3D('',#11898,#9437,#9438);
#8542=AXIS2_PLACEMENT_3D('',#11899,#9439,#9440);
#8543=AXIS2_PLACEMENT_3D('',#11901,#9441,#9442);
#8544=AXIS2_PLACEMENT_3D('',#11904,#9444,#9445);
#8545=AXIS2_PLACEMENT_3D('',#11905,#9446,#9447);
#8546=AXIS2_PLACEMENT_3D('',#11907,#9448,#9449);
#8547=AXIS2_PLACEMENT_3D('',#11910,#9451,#9452);
#8548=AXIS2_PLACEMENT_3D('',#11911,#9453,#9454);
#8549=AXIS2_PLACEMENT_3D('',#11914,#9455,#9456);
#8550=AXIS2_PLACEMENT_3D('',#11918,#9458,#9459);
#8551=AXIS2_PLACEMENT_3D('',#11920,#9461,#9462);
#8552=AXIS2_PLACEMENT_3D('',#11927,#9465,#9466);
#8553=AXIS2_PLACEMENT_3D('',#11935,#9470,#9471);
#8554=AXIS2_PLACEMENT_3D('',#11937,#9473,#9474);
#8555=AXIS2_PLACEMENT_3D('',#11945,#9478,#9479);
#8556=AXIS2_PLACEMENT_3D('',#11947,#9481,#9482);
#8557=AXIS2_PLACEMENT_3D('',#11949,#9483,#9484);
#8558=AXIS2_PLACEMENT_3D('',#11952,#9486,#9487);
#8559=AXIS2_PLACEMENT_3D('',#11953,#9488,#9489);
#8560=AXIS2_PLACEMENT_3D('',#11958,#9492,#9493);
#8561=AXIS2_PLACEMENT_3D('',#11960,#9495,#9496);
#8562=AXIS2_PLACEMENT_3D('',#11968,#9502,#9503);
#8563=AXIS2_PLACEMENT_3D('',#11970,#9505,#9506);
#8564=AXIS2_PLACEMENT_3D('',#11983,#9508,#9509);
#8565=AXIS2_PLACEMENT_3D('',#11992,#9510,#9511);
#8566=AXIS2_PLACEMENT_3D('',#11993,#9512,#9513);
#8567=AXIS2_PLACEMENT_3D('',#11994,#9514,#9515);
#8568=AXIS2_PLACEMENT_3D('',#11996,#9517,#9518);
#8569=AXIS2_PLACEMENT_3D('',#11999,#9520,#9521);
#8570=AXIS2_PLACEMENT_3D('',#12000,#9522,#9523);
#8571=AXIS2_PLACEMENT_3D('',#12011,#9524,#9525);
#8572=AXIS2_PLACEMENT_3D('',#12020,#9526,#9527);
#8573=AXIS2_PLACEMENT_3D('',#12022,#9529,#9530);
#8574=AXIS2_PLACEMENT_3D('',#12023,#9531,#9532);
#8575=AXIS2_PLACEMENT_3D('',#12024,#9533,#9534);
#8576=AXIS2_PLACEMENT_3D('',#12025,#9535,#9536);
#8577=AXIS2_PLACEMENT_3D('',#12028,#9537,#9538);
#8578=AXIS2_PLACEMENT_3D('',#12032,#9540,#9541);
#8579=AXIS2_PLACEMENT_3D('',#12034,#9543,#9544);
#8580=AXIS2_PLACEMENT_3D('',#12037,#9545,#9546);
#8581=AXIS2_PLACEMENT_3D('',#12041,#9548,#9549);
#8582=AXIS2_PLACEMENT_3D('',#12043,#9551,#9552);
#8583=AXIS2_PLACEMENT_3D('',#12046,#9553,#9554);
#8584=AXIS2_PLACEMENT_3D('',#12050,#9556,#9557);
#8585=AXIS2_PLACEMENT_3D('',#12052,#9559,#9560);
#8586=AXIS2_PLACEMENT_3D('',#12055,#9561,#9562);
#8587=AXIS2_PLACEMENT_3D('',#12059,#9564,#9565);
#8588=AXIS2_PLACEMENT_3D('',#12061,#9567,#9568);
#8589=AXIS2_PLACEMENT_3D('',#12063,#9569,#9570);
#8590=AXIS2_PLACEMENT_3D('',#12067,#9572,#9573);
#8591=AXIS2_PLACEMENT_3D('',#12069,#9575,#9576);
#8592=AXIS2_PLACEMENT_3D('',#12071,#9577,#9578);
#8593=AXIS2_PLACEMENT_3D('',#12075,#9580,#9581);
#8594=AXIS2_PLACEMENT_3D('',#12077,#9583,#9584);
#8595=AXIS2_PLACEMENT_3D('',#12079,#9585,#9586);
#8596=AXIS2_PLACEMENT_3D('',#12082,#9588,#9589);
#8597=AXIS2_PLACEMENT_3D('',#12083,#9590,#9591);
#8598=AXIS2_PLACEMENT_3D('',#12085,#9592,#9593);
#8599=AXIS2_PLACEMENT_3D('',#12088,#9595,#9596);
#8600=AXIS2_PLACEMENT_3D('',#12089,#9597,#9598);
#8601=AXIS2_PLACEMENT_3D('',#12091,#9599,#9600);
#8602=AXIS2_PLACEMENT_3D('',#12094,#9602,#9603);
#8603=AXIS2_PLACEMENT_3D('',#12095,#9604,#9605);
#8604=AXIS2_PLACEMENT_3D('',#12097,#9606,#9607);
#8605=AXIS2_PLACEMENT_3D('',#12100,#9609,#9610);
#8606=AXIS2_PLACEMENT_3D('',#12101,#9611,#9612);
#8607=AXIS2_PLACEMENT_3D('',#12104,#9613,#9614);
#8608=AXIS2_PLACEMENT_3D('',#12108,#9616,#9617);
#8609=AXIS2_PLACEMENT_3D('',#12110,#9619,#9620);
#8610=AXIS2_PLACEMENT_3D('',#12113,#9621,#9622);
#8611=AXIS2_PLACEMENT_3D('',#12117,#9624,#9625);
#8612=AXIS2_PLACEMENT_3D('',#12119,#9627,#9628);
#8613=AXIS2_PLACEMENT_3D('',#12121,#9629,#9630);
#8614=AXIS2_PLACEMENT_3D('',#12124,#9632,#9633);
#8615=AXIS2_PLACEMENT_3D('',#12125,#9634,#9635);
#8616=AXIS2_PLACEMENT_3D('',#12127,#9636,#9637);
#8617=AXIS2_PLACEMENT_3D('',#12130,#9639,#9640);
#8618=AXIS2_PLACEMENT_3D('',#12131,#9641,#9642);
#8619=AXIS2_PLACEMENT_3D('',#12133,#9643,#9644);
#8620=AXIS2_PLACEMENT_3D('',#12136,#9646,#9647);
#8621=AXIS2_PLACEMENT_3D('',#12137,#9648,#9649);
#8622=AXIS2_PLACEMENT_3D('',#12139,#9650,#9651);
#8623=AXIS2_PLACEMENT_3D('',#12142,#9653,#9654);
#8624=AXIS2_PLACEMENT_3D('',#12143,#9655,#9656);
#8625=AXIS2_PLACEMENT_3D('',#12145,#9657,#9658);
#8626=AXIS2_PLACEMENT_3D('',#12148,#9660,#9661);
#8627=AXIS2_PLACEMENT_3D('',#12149,#9662,#9663);
#8628=AXIS2_PLACEMENT_3D('',#12151,#9664,#9665);
#8629=AXIS2_PLACEMENT_3D('',#12154,#9667,#9668);
#8630=AXIS2_PLACEMENT_3D('',#12155,#9669,#9670);
#8631=AXIS2_PLACEMENT_3D('',#12157,#9671,#9672);
#8632=AXIS2_PLACEMENT_3D('',#12160,#9674,#9675);
#8633=AXIS2_PLACEMENT_3D('',#12161,#9676,#9677);
#8634=AXIS2_PLACEMENT_3D('',#12163,#9678,#9679);
#8635=AXIS2_PLACEMENT_3D('',#12166,#9681,#9682);
#8636=AXIS2_PLACEMENT_3D('',#12167,#9683,#9684);
#8637=AXIS2_PLACEMENT_3D('',#12169,#9685,#9686);
#8638=AXIS2_PLACEMENT_3D('',#12172,#9688,#9689);
#8639=AXIS2_PLACEMENT_3D('',#12173,#9690,#9691);
#8640=AXIS2_PLACEMENT_3D('',#12175,#9692,#9693);
#8641=AXIS2_PLACEMENT_3D('',#12178,#9695,#9696);
#8642=AXIS2_PLACEMENT_3D('',#12179,#9697,#9698);
#8643=AXIS2_PLACEMENT_3D('',#12180,#9699,#9700);
#8644=AXIS2_PLACEMENT_3D('',#12181,#9701,#9702);
#8645=AXIS2_PLACEMENT_3D('',#12182,#9703,#9704);
#8646=AXIS2_PLACEMENT_3D('',#12185,#9705,#9706);
#8647=AXIS2_PLACEMENT_3D('',#12189,#9708,#9709);
#8648=AXIS2_PLACEMENT_3D('',#12191,#9711,#9712);
#8649=AXIS2_PLACEMENT_3D('',#12196,#9714,#9715);
#8650=AXIS2_PLACEMENT_3D('',#12200,#9717,#9718);
#8651=AXIS2_PLACEMENT_3D('',#12202,#9719,#9720);
#8652=AXIS2_PLACEMENT_3D('',#12204,#9721,#9722);
#8653=AXIS2_PLACEMENT_3D('',#12209,#9725,#9726);
#8654=AXIS2_PLACEMENT_3D('',#12211,#9727,#9728);
#8655=AXIS2_PLACEMENT_3D('',#12213,#9729,#9730);
#8656=AXIS2_PLACEMENT_3D('',#12218,#9733,#9734);
#8657=AXIS2_PLACEMENT_3D('',#12220,#9735,#9736);
#8658=AXIS2_PLACEMENT_3D('',#12221,#9737,#9738);
#8659=AXIS2_PLACEMENT_3D('',#12222,#9739,#9740);
#8660=AXIS2_PLACEMENT_3D('',#12224,#9741,#9742);
#8661=AXIS2_PLACEMENT_3D('',#12226,#9744,#9745);
#8662=AXIS2_PLACEMENT_3D('',#12229,#9747,#9748);
#8663=AXIS2_PLACEMENT_3D('',#12230,#9749,#9750);
#8664=AXIS2_PLACEMENT_3D('',#12233,#9751,#9752);
#8665=AXIS2_PLACEMENT_3D('',#12234,#9753,#9754);
#8666=AXIS2_PLACEMENT_3D('',#12236,#9755,#9756);
#8667=AXIS2_PLACEMENT_3D('',#12238,#9757,#9758);
#8668=AXIS2_PLACEMENT_3D('',#12239,#9759,#9760);
#8669=AXIS2_PLACEMENT_3D('',#12240,#9761,#9762);
#8670=AXIS2_PLACEMENT_3D('',#12245,#9765,#9766);
#8671=AXIS2_PLACEMENT_3D('',#12247,#9767,#9768);
#8672=AXIS2_PLACEMENT_3D('',#12249,#9769,#9770);
#8673=AXIS2_PLACEMENT_3D('',#12253,#9772,#9773);
#8674=AXIS2_PLACEMENT_3D('',#12257,#9775,#9776);
#8675=AXIS2_PLACEMENT_3D('',#12259,#9777,#9778);
#8676=AXIS2_PLACEMENT_3D('',#12261,#9779,#9780);
#8677=AXIS2_PLACEMENT_3D('',#12268,#9784,#9785);
#8678=AXIS2_PLACEMENT_3D('',#12272,#9787,#9788);
#8679=AXIS2_PLACEMENT_3D('',#12276,#9790,#9791);
#8680=AXIS2_PLACEMENT_3D('',#12279,#9793,#9794);
#8681=AXIS2_PLACEMENT_3D('',#12280,#9795,#9796);
#8682=AXIS2_PLACEMENT_3D('',#12282,#9798,#9799);
#8683=AXIS2_PLACEMENT_3D('',#12284,#9801,#9802);
#8684=AXIS2_PLACEMENT_3D('',#12287,#9803,#9804);
#8685=AXIS2_PLACEMENT_3D('',#12291,#9806,#9807);
#8686=AXIS2_PLACEMENT_3D('',#12295,#9809,#9810);
#8687=AXIS2_PLACEMENT_3D('',#12299,#9812,#9813);
#8688=AXIS2_PLACEMENT_3D('',#12301,#9815,#9816);
#8689=AXIS2_PLACEMENT_3D('',#12302,#9817,#9818);
#8690=AXIS2_PLACEMENT_3D('',#12303,#9819,#9820);
#8691=AXIS2_PLACEMENT_3D('',#12304,#9821,#9822);
#8692=AXIS2_PLACEMENT_3D('',#12307,#9825,#9826);
#8693=AXIS2_PLACEMENT_3D('',#12310,#9829,#9830);
#8694=AXIS2_PLACEMENT_3D('',#12313,#9833,#9834);
#8695=AXIS2_PLACEMENT_3D('',#12314,#9835,#9836);
#8696=AXIS2_PLACEMENT_3D('',#12317,#9839,#9840);
#8697=AXIS2_PLACEMENT_3D('',#12319,#9842,#9843);
#8698=AXIS2_PLACEMENT_3D('',#12321,#9845,#9846);
#8699=AXIS2_PLACEMENT_3D('',#12323,#9848,#9849);
#8700=AXIS2_PLACEMENT_3D('',#12325,#9851,#9852);
#8701=AXIS2_PLACEMENT_3D('',#12327,#9854,#9855);
#8702=AXIS2_PLACEMENT_3D('',#12329,#9857,#9858);
#8703=AXIS2_PLACEMENT_3D('',#12330,#9859,#9860);
#8704=AXIS2_PLACEMENT_3D('',#12331,#9861,#9862);
#8705=AXIS2_PLACEMENT_3D('',#12332,#9863,#9864);
#8706=AXIS2_PLACEMENT_3D('',#12333,#9865,#9866);
#8707=AXIS2_PLACEMENT_3D('',#12334,#9867,#9868);
#8708=AXIS2_PLACEMENT_3D('',#12336,#9870,#9871);
#8709=AXIS2_PLACEMENT_3D('',#12338,#9873,#9874);
#8710=AXIS2_PLACEMENT_3D('',#12340,#9876,#9877);
#8711=AXIS2_PLACEMENT_3D('',#12342,#9879,#9880);
#8712=AXIS2_PLACEMENT_3D('',#12344,#9882,#9883);
#8713=AXIS2_PLACEMENT_3D('',#12347,#9886,#9887);
#8714=AXIS2_PLACEMENT_3D('',#12349,#9889,#9890);
#8715=AXIS2_PLACEMENT_3D('',#12351,#9892,#9893);
#8716=AXIS2_PLACEMENT_3D('',#12353,#9895,#9896);
#8717=AXIS2_PLACEMENT_3D('',#12354,#9897,#9898);
#8718=AXIS2_PLACEMENT_3D('',#12355,#9899,#9900);
#8719=AXIS2_PLACEMENT_3D('',#12357,#9901,#9902);
#8720=AXIS2_PLACEMENT_3D('',#12360,#9904,#9905);
#8721=AXIS2_PLACEMENT_3D('',#12361,#9906,#9907);
#8722=AXIS2_PLACEMENT_3D('',#12364,#9909,#9910);
#8723=AXIS2_PLACEMENT_3D('',#12366,#9911,#9912);
#8724=AXIS2_PLACEMENT_3D('',#12369,#9914,#9915);
#8725=AXIS2_PLACEMENT_3D('',#12370,#9916,#9917);
#8726=AXIS2_PLACEMENT_3D('',#12373,#9919,#9920);
#8727=AXIS2_PLACEMENT_3D('',#12375,#9921,#9922);
#8728=AXIS2_PLACEMENT_3D('',#12378,#9924,#9925);
#8729=AXIS2_PLACEMENT_3D('',#12379,#9926,#9927);
#8730=AXIS2_PLACEMENT_3D('',#12382,#9929,#9930);
#8731=AXIS2_PLACEMENT_3D('',#12384,#9931,#9932);
#8732=AXIS2_PLACEMENT_3D('',#12387,#9934,#9935);
#8733=AXIS2_PLACEMENT_3D('',#12388,#9936,#9937);
#8734=AXIS2_PLACEMENT_3D('',#12391,#9939,#9940);
#8735=AXIS2_PLACEMENT_3D('',#12393,#9941,#9942);
#8736=AXIS2_PLACEMENT_3D('',#12396,#9944,#9945);
#8737=AXIS2_PLACEMENT_3D('',#12397,#9946,#9947);
#8738=AXIS2_PLACEMENT_3D('',#12400,#9949,#9950);
#8739=AXIS2_PLACEMENT_3D('',#12402,#9951,#9952);
#8740=AXIS2_PLACEMENT_3D('',#12405,#9954,#9955);
#8741=AXIS2_PLACEMENT_3D('',#12406,#9956,#9957);
#8742=AXIS2_PLACEMENT_3D('',#12409,#9959,#9960);
#8743=AXIS2_PLACEMENT_3D('',#12411,#9961,#9962);
#8744=AXIS2_PLACEMENT_3D('',#12414,#9964,#9965);
#8745=AXIS2_PLACEMENT_3D('',#12415,#9966,#9967);
#8746=AXIS2_PLACEMENT_3D('',#12418,#9969,#9970);
#8747=AXIS2_PLACEMENT_3D('',#12420,#9971,#9972);
#8748=AXIS2_PLACEMENT_3D('',#12423,#9974,#9975);
#8749=AXIS2_PLACEMENT_3D('',#12424,#9976,#9977);
#8750=AXIS2_PLACEMENT_3D('',#12427,#9979,#9980);
#8751=AXIS2_PLACEMENT_3D('',#12429,#9981,#9982);
#8752=AXIS2_PLACEMENT_3D('',#12432,#9984,#9985);
#8753=AXIS2_PLACEMENT_3D('',#12433,#9986,#9987);
#8754=AXIS2_PLACEMENT_3D('',#12436,#9989,#9990);
#8755=AXIS2_PLACEMENT_3D('',#12438,#9991,#9992);
#8756=AXIS2_PLACEMENT_3D('',#12441,#9994,#9995);
#8757=AXIS2_PLACEMENT_3D('',#12442,#9996,#9997);
#8758=AXIS2_PLACEMENT_3D('',#12445,#9999,#10000);
#8759=AXIS2_PLACEMENT_3D('',#12447,#10001,#10002);
#8760=AXIS2_PLACEMENT_3D('',#12450,#10004,#10005);
#8761=AXIS2_PLACEMENT_3D('',#12451,#10006,#10007);
#8762=AXIS2_PLACEMENT_3D('',#12454,#10009,#10010);
#8763=AXIS2_PLACEMENT_3D('',#12456,#10011,#10012);
#8764=AXIS2_PLACEMENT_3D('',#12459,#10014,#10015);
#8765=AXIS2_PLACEMENT_3D('',#12460,#10016,#10017);
#8766=AXIS2_PLACEMENT_3D('',#12463,#10019,#10020);
#8767=AXIS2_PLACEMENT_3D('',#12465,#10021,#10022);
#8768=AXIS2_PLACEMENT_3D('',#12468,#10024,#10025);
#8769=AXIS2_PLACEMENT_3D('',#12469,#10026,#10027);
#8770=AXIS2_PLACEMENT_3D('',#12472,#10029,#10030);
#8771=AXIS2_PLACEMENT_3D('',#12474,#10031,#10032);
#8772=AXIS2_PLACEMENT_3D('',#12477,#10034,#10035);
#8773=AXIS2_PLACEMENT_3D('',#12478,#10036,#10037);
#8774=AXIS2_PLACEMENT_3D('',#12481,#10039,#10040);
#8775=AXIS2_PLACEMENT_3D('',#12483,#10041,#10042);
#8776=AXIS2_PLACEMENT_3D('',#12486,#10044,#10045);
#8777=AXIS2_PLACEMENT_3D('',#12487,#10046,#10047);
#8778=AXIS2_PLACEMENT_3D('',#12490,#10049,#10050);
#8779=AXIS2_PLACEMENT_3D('',#12492,#10051,#10052);
#8780=AXIS2_PLACEMENT_3D('',#12495,#10054,#10055);
#8781=AXIS2_PLACEMENT_3D('',#12496,#10056,#10057);
#8782=AXIS2_PLACEMENT_3D('',#12499,#10059,#10060);
#8783=AXIS2_PLACEMENT_3D('',#12501,#10061,#10062);
#8784=AXIS2_PLACEMENT_3D('',#12504,#10064,#10065);
#8785=AXIS2_PLACEMENT_3D('',#12505,#10066,#10067);
#8786=AXIS2_PLACEMENT_3D('',#12508,#10069,#10070);
#8787=AXIS2_PLACEMENT_3D('',#12510,#10071,#10072);
#8788=AXIS2_PLACEMENT_3D('',#12513,#10074,#10075);
#8789=AXIS2_PLACEMENT_3D('',#12514,#10076,#10077);
#8790=AXIS2_PLACEMENT_3D('',#12516,#10078,#10079);
#8791=AXIS2_PLACEMENT_3D('',#12519,#10081,#10082);
#8792=AXIS2_PLACEMENT_3D('',#12520,#10083,#10084);
#8793=AXIS2_PLACEMENT_3D('',#12522,#10085,#10086);
#8794=AXIS2_PLACEMENT_3D('',#12525,#10088,#10089);
#8795=AXIS2_PLACEMENT_3D('',#12526,#10090,#10091);
#8796=AXIS2_PLACEMENT_3D('',#12528,#10092,#10093);
#8797=AXIS2_PLACEMENT_3D('',#12531,#10095,#10096);
#8798=AXIS2_PLACEMENT_3D('',#12532,#10097,#10098);
#8799=AXIS2_PLACEMENT_3D('',#12534,#10099,#10100);
#8800=AXIS2_PLACEMENT_3D('',#12537,#10102,#10103);
#8801=AXIS2_PLACEMENT_3D('',#12538,#10104,#10105);
#8802=AXIS2_PLACEMENT_3D('',#12539,#10106,#10107);
#8803=AXIS2_PLACEMENT_3D('',#12540,#10108,#10109);
#8804=AXIS2_PLACEMENT_3D('',#12541,#10110,#10111);
#8805=AXIS2_PLACEMENT_3D('',#12542,#10112,#10113);
#8806=AXIS2_PLACEMENT_3D('',#12543,#10114,#10115);
#8807=AXIS2_PLACEMENT_3D('',#12544,#10116,#10117);
#8808=AXIS2_PLACEMENT_3D('',#12546,#10118,#10119);
#8809=AXIS2_PLACEMENT_3D('',#12549,#10121,#10122);
#8810=AXIS2_PLACEMENT_3D('',#12550,#10123,#10124);
#8811=AXIS2_PLACEMENT_3D('',#12553,#10126,#10127);
#8812=AXIS2_PLACEMENT_3D('',#12555,#10128,#10129);
#8813=AXIS2_PLACEMENT_3D('',#12558,#10131,#10132);
#8814=AXIS2_PLACEMENT_3D('',#12559,#10133,#10134);
#8815=AXIS2_PLACEMENT_3D('',#12562,#10136,#10137);
#8816=AXIS2_PLACEMENT_3D('',#12564,#10138,#10139);
#8817=AXIS2_PLACEMENT_3D('',#12567,#10141,#10142);
#8818=AXIS2_PLACEMENT_3D('',#12568,#10143,#10144);
#8819=AXIS2_PLACEMENT_3D('',#12571,#10146,#10147);
#8820=AXIS2_PLACEMENT_3D('',#12573,#10148,#10149);
#8821=AXIS2_PLACEMENT_3D('',#12576,#10151,#10152);
#8822=AXIS2_PLACEMENT_3D('',#12577,#10153,#10154);
#8823=AXIS2_PLACEMENT_3D('',#12580,#10156,#10157);
#8824=AXIS2_PLACEMENT_3D('',#12582,#10158,#10159);
#8825=AXIS2_PLACEMENT_3D('',#12585,#10161,#10162);
#8826=AXIS2_PLACEMENT_3D('',#12586,#10163,#10164);
#8827=AXIS2_PLACEMENT_3D('',#12589,#10166,#10167);
#8828=AXIS2_PLACEMENT_3D('',#12591,#10168,#10169);
#8829=AXIS2_PLACEMENT_3D('',#12594,#10171,#10172);
#8830=AXIS2_PLACEMENT_3D('',#12595,#10173,#10174);
#8831=AXIS2_PLACEMENT_3D('',#12598,#10176,#10177);
#8832=AXIS2_PLACEMENT_3D('',#12600,#10178,#10179);
#8833=AXIS2_PLACEMENT_3D('',#12603,#10181,#10182);
#8834=AXIS2_PLACEMENT_3D('',#12604,#10183,#10184);
#8835=AXIS2_PLACEMENT_3D('',#12607,#10186,#10187);
#8836=AXIS2_PLACEMENT_3D('',#12609,#10188,#10189);
#8837=AXIS2_PLACEMENT_3D('',#12612,#10191,#10192);
#8838=AXIS2_PLACEMENT_3D('',#12613,#10193,#10194);
#8839=AXIS2_PLACEMENT_3D('',#12616,#10196,#10197);
#8840=AXIS2_PLACEMENT_3D('',#12618,#10198,#10199);
#8841=AXIS2_PLACEMENT_3D('',#12621,#10201,#10202);
#8842=AXIS2_PLACEMENT_3D('',#12622,#10203,#10204);
#8843=AXIS2_PLACEMENT_3D('',#12625,#10206,#10207);
#8844=AXIS2_PLACEMENT_3D('',#12627,#10208,#10209);
#8845=AXIS2_PLACEMENT_3D('',#12630,#10211,#10212);
#8846=AXIS2_PLACEMENT_3D('',#12631,#10213,#10214);
#8847=AXIS2_PLACEMENT_3D('',#12634,#10216,#10217);
#8848=AXIS2_PLACEMENT_3D('',#12636,#10218,#10219);
#8849=AXIS2_PLACEMENT_3D('',#12639,#10221,#10222);
#8850=AXIS2_PLACEMENT_3D('',#12640,#10223,#10224);
#8851=AXIS2_PLACEMENT_3D('',#12643,#10226,#10227);
#8852=AXIS2_PLACEMENT_3D('',#12645,#10228,#10229);
#8853=AXIS2_PLACEMENT_3D('',#12648,#10231,#10232);
#8854=AXIS2_PLACEMENT_3D('',#12649,#10233,#10234);
#8855=AXIS2_PLACEMENT_3D('',#12652,#10236,#10237);
#8856=AXIS2_PLACEMENT_3D('',#12654,#10238,#10239);
#8857=AXIS2_PLACEMENT_3D('',#12657,#10241,#10242);
#8858=AXIS2_PLACEMENT_3D('',#12658,#10243,#10244);
#8859=AXIS2_PLACEMENT_3D('',#12661,#10246,#10247);
#8860=AXIS2_PLACEMENT_3D('',#12663,#10248,#10249);
#8861=AXIS2_PLACEMENT_3D('',#12666,#10251,#10252);
#8862=AXIS2_PLACEMENT_3D('',#12667,#10253,#10254);
#8863=AXIS2_PLACEMENT_3D('',#12670,#10256,#10257);
#8864=AXIS2_PLACEMENT_3D('',#12672,#10258,#10259);
#8865=AXIS2_PLACEMENT_3D('',#12675,#10261,#10262);
#8866=AXIS2_PLACEMENT_3D('',#12676,#10263,#10264);
#8867=AXIS2_PLACEMENT_3D('',#12679,#10266,#10267);
#8868=AXIS2_PLACEMENT_3D('',#12681,#10268,#10269);
#8869=AXIS2_PLACEMENT_3D('',#12684,#10271,#10272);
#8870=AXIS2_PLACEMENT_3D('',#12685,#10273,#10274);
#8871=AXIS2_PLACEMENT_3D('',#12688,#10276,#10277);
#8872=AXIS2_PLACEMENT_3D('',#12690,#10278,#10279);
#8873=AXIS2_PLACEMENT_3D('',#12693,#10281,#10282);
#8874=AXIS2_PLACEMENT_3D('',#12694,#10283,#10284);
#8875=AXIS2_PLACEMENT_3D('',#12697,#10286,#10287);
#8876=AXIS2_PLACEMENT_3D('',#12699,#10288,#10289);
#8877=AXIS2_PLACEMENT_3D('',#12702,#10291,#10292);
#8878=AXIS2_PLACEMENT_3D('',#12703,#10293,#10294);
#8879=AXIS2_PLACEMENT_3D('',#12705,#10295,#10296);
#8880=AXIS2_PLACEMENT_3D('',#12708,#10298,#10299);
#8881=AXIS2_PLACEMENT_3D('',#12709,#10300,#10301);
#8882=AXIS2_PLACEMENT_3D('',#12711,#10302,#10303);
#8883=AXIS2_PLACEMENT_3D('',#12714,#10305,#10306);
#8884=AXIS2_PLACEMENT_3D('',#12715,#10307,#10308);
#8885=AXIS2_PLACEMENT_3D('',#12717,#10309,#10310);
#8886=AXIS2_PLACEMENT_3D('',#12720,#10312,#10313);
#8887=AXIS2_PLACEMENT_3D('',#12721,#10314,#10315);
#8888=AXIS2_PLACEMENT_3D('',#12723,#10316,#10317);
#8889=AXIS2_PLACEMENT_3D('',#12726,#10319,#10320);
#8890=AXIS2_PLACEMENT_3D('',#12727,#10321,#10322);
#8891=AXIS2_PLACEMENT_3D('',#12728,#10323,#10324);
#8892=AXIS2_PLACEMENT_3D('',#12729,#10325,#10326);
#8893=AXIS2_PLACEMENT_3D('',#12730,#10327,#10328);
#8894=AXIS2_PLACEMENT_3D('',#12731,#10329,#10330);
#8895=AXIS2_PLACEMENT_3D('',#12732,#10331,#10332);
#8896=AXIS2_PLACEMENT_3D('',#12733,#10333,#10334);
#8897=AXIS2_PLACEMENT_3D('',#12742,#10339,#10340);
#8898=AXIS2_PLACEMENT_3D('',#12744,#10341,#10342);
#8899=AXIS2_PLACEMENT_3D('',#12747,#10344,#10345);
#8900=AXIS2_PLACEMENT_3D('',#12748,#10346,#10347);
#8901=AXIS2_PLACEMENT_3D('',#12754,#10351,#10352);
#8902=AXIS2_PLACEMENT_3D('',#12760,#10356,#10357);
#8903=AXIS2_PLACEMENT_3D('',#12766,#10361,#10362);
#8904=AXIS2_PLACEMENT_3D('',#12768,#10363,#10364);
#8905=AXIS2_PLACEMENT_3D('',#12771,#10366,#10367);
#8906=AXIS2_PLACEMENT_3D('',#12772,#10368,#10369);
#8907=AXIS2_PLACEMENT_3D('',#12778,#10373,#10374);
#8908=AXIS2_PLACEMENT_3D('',#12779,#10375,#10376);
#8909=AXIS2_PLACEMENT_3D('',#12780,#10377,#10378);
#8910=AXIS2_PLACEMENT_3D('',#12781,#10379,#10380);
#8911=AXIS2_PLACEMENT_3D('',#12782,#10381,#10382);
#8912=AXIS2_PLACEMENT_3D('',#12783,#10383,#10384);
#8913=AXIS2_PLACEMENT_3D('',#12792,#10389,#10390);
#8914=AXIS2_PLACEMENT_3D('',#12794,#10391,#10392);
#8915=AXIS2_PLACEMENT_3D('',#12797,#10394,#10395);
#8916=AXIS2_PLACEMENT_3D('',#12798,#10396,#10397);
#8917=AXIS2_PLACEMENT_3D('',#12804,#10401,#10402);
#8918=AXIS2_PLACEMENT_3D('',#12810,#10406,#10407);
#8919=AXIS2_PLACEMENT_3D('',#12816,#10411,#10412);
#8920=AXIS2_PLACEMENT_3D('',#12818,#10413,#10414);
#8921=AXIS2_PLACEMENT_3D('',#12821,#10416,#10417);
#8922=AXIS2_PLACEMENT_3D('',#12822,#10418,#10419);
#8923=AXIS2_PLACEMENT_3D('',#12828,#10423,#10424);
#8924=AXIS2_PLACEMENT_3D('',#12829,#10425,#10426);
#8925=AXIS2_PLACEMENT_3D('',#12830,#10427,#10428);
#8926=AXIS2_PLACEMENT_3D('',#12831,#10429,#10430);
#8927=AXIS2_PLACEMENT_3D('',#12832,#10431,#10432);
#8928=AXIS2_PLACEMENT_3D('',#12833,#10433,#10434);
#8929=AXIS2_PLACEMENT_3D('',#12835,#10435,#10436);
#8930=AXIS2_PLACEMENT_3D('',#12838,#10438,#10439);
#8931=AXIS2_PLACEMENT_3D('',#12839,#10440,#10441);
#8932=AXIS2_PLACEMENT_3D('',#12841,#10442,#10443);
#8933=AXIS2_PLACEMENT_3D('',#12844,#10445,#10446);
#8934=AXIS2_PLACEMENT_3D('',#12845,#10447,#10448);
#8935=AXIS2_PLACEMENT_3D('',#12847,#10449,#10450);
#8936=AXIS2_PLACEMENT_3D('',#12850,#10452,#10453);
#8937=AXIS2_PLACEMENT_3D('',#12851,#10454,#10455);
#8938=AXIS2_PLACEMENT_3D('',#12853,#10456,#10457);
#8939=AXIS2_PLACEMENT_3D('',#12856,#10459,#10460);
#8940=AXIS2_PLACEMENT_3D('',#12857,#10461,#10462);
#8941=AXIS2_PLACEMENT_3D('',#12859,#10463,#10464);
#8942=AXIS2_PLACEMENT_3D('',#12862,#10466,#10467);
#8943=AXIS2_PLACEMENT_3D('',#12863,#10468,#10469);
#8944=AXIS2_PLACEMENT_3D('',#12865,#10470,#10471);
#8945=AXIS2_PLACEMENT_3D('',#12868,#10473,#10474);
#8946=AXIS2_PLACEMENT_3D('',#12869,#10475,#10476);
#8947=AXIS2_PLACEMENT_3D('',#12871,#10477,#10478);
#8948=AXIS2_PLACEMENT_3D('',#12874,#10480,#10481);
#8949=AXIS2_PLACEMENT_3D('',#12875,#10482,#10483);
#8950=AXIS2_PLACEMENT_3D('',#12877,#10484,#10485);
#8951=AXIS2_PLACEMENT_3D('',#12880,#10487,#10488);
#8952=AXIS2_PLACEMENT_3D('',#12881,#10489,#10490);
#8953=AXIS2_PLACEMENT_3D('',#12883,#10491,#10492);
#8954=AXIS2_PLACEMENT_3D('',#12886,#10494,#10495);
#8955=AXIS2_PLACEMENT_3D('',#12887,#10496,#10497);
#8956=AXIS2_PLACEMENT_3D('',#12889,#10498,#10499);
#8957=AXIS2_PLACEMENT_3D('',#12892,#10501,#10502);
#8958=AXIS2_PLACEMENT_3D('',#12893,#10503,#10504);
#8959=AXIS2_PLACEMENT_3D('',#12895,#10505,#10506);
#8960=AXIS2_PLACEMENT_3D('',#12898,#10508,#10509);
#8961=AXIS2_PLACEMENT_3D('',#12899,#10510,#10511);
#8962=AXIS2_PLACEMENT_3D('',#12901,#10512,#10513);
#8963=AXIS2_PLACEMENT_3D('',#12904,#10515,#10516);
#8964=AXIS2_PLACEMENT_3D('',#12905,#10517,#10518);
#8965=AXIS2_PLACEMENT_3D('',#12907,#10519,#10520);
#8966=AXIS2_PLACEMENT_3D('',#12910,#10522,#10523);
#8967=AXIS2_PLACEMENT_3D('',#12911,#10524,#10525);
#8968=AXIS2_PLACEMENT_3D('',#12912,#10526,#10527);
#8969=AXIS2_PLACEMENT_3D('',#12913,#10528,#10529);
#8970=AXIS2_PLACEMENT_3D('',#12915,#10530,#10531);
#8971=AXIS2_PLACEMENT_3D('',#12918,#10533,#10534);
#8972=AXIS2_PLACEMENT_3D('',#12919,#10535,#10536);
#8973=AXIS2_PLACEMENT_3D('',#12921,#10537,#10538);
#8974=AXIS2_PLACEMENT_3D('',#12924,#10540,#10541);
#8975=AXIS2_PLACEMENT_3D('',#12925,#10542,#10543);
#8976=AXIS2_PLACEMENT_3D('',#12927,#10544,#10545);
#8977=AXIS2_PLACEMENT_3D('',#12930,#10547,#10548);
#8978=AXIS2_PLACEMENT_3D('',#12931,#10549,#10550);
#8979=AXIS2_PLACEMENT_3D('',#12933,#10551,#10552);
#8980=AXIS2_PLACEMENT_3D('',#12936,#10554,#10555);
#8981=AXIS2_PLACEMENT_3D('',#12937,#10556,#10557);
#8982=AXIS2_PLACEMENT_3D('',#12939,#10558,#10559);
#8983=AXIS2_PLACEMENT_3D('',#12942,#10561,#10562);
#8984=AXIS2_PLACEMENT_3D('',#12943,#10563,#10564);
#8985=AXIS2_PLACEMENT_3D('',#12945,#10565,#10566);
#8986=AXIS2_PLACEMENT_3D('',#12948,#10568,#10569);
#8987=AXIS2_PLACEMENT_3D('',#12949,#10570,#10571);
#8988=AXIS2_PLACEMENT_3D('',#12951,#10572,#10573);
#8989=AXIS2_PLACEMENT_3D('',#12954,#10575,#10576);
#8990=AXIS2_PLACEMENT_3D('',#12955,#10577,#10578);
#8991=AXIS2_PLACEMENT_3D('',#12957,#10579,#10580);
#8992=AXIS2_PLACEMENT_3D('',#12960,#10582,#10583);
#8993=AXIS2_PLACEMENT_3D('',#12961,#10584,#10585);
#8994=AXIS2_PLACEMENT_3D('',#12963,#10586,#10587);
#8995=AXIS2_PLACEMENT_3D('',#12966,#10589,#10590);
#8996=AXIS2_PLACEMENT_3D('',#12967,#10591,#10592);
#8997=AXIS2_PLACEMENT_3D('',#12969,#10593,#10594);
#8998=AXIS2_PLACEMENT_3D('',#12972,#10596,#10597);
#8999=AXIS2_PLACEMENT_3D('',#12973,#10598,#10599);
#9000=AXIS2_PLACEMENT_3D('',#12975,#10600,#10601);
#9001=AXIS2_PLACEMENT_3D('',#12978,#10603,#10604);
#9002=AXIS2_PLACEMENT_3D('',#12979,#10605,#10606);
#9003=AXIS2_PLACEMENT_3D('',#12981,#10607,#10608);
#9004=AXIS2_PLACEMENT_3D('',#12984,#10610,#10611);
#9005=AXIS2_PLACEMENT_3D('',#12985,#10612,#10613);
#9006=AXIS2_PLACEMENT_3D('',#12987,#10614,#10615);
#9007=AXIS2_PLACEMENT_3D('',#12990,#10617,#10618);
#9008=AXIS2_PLACEMENT_3D('',#12991,#10619,#10620);
#9009=AXIS2_PLACEMENT_3D('',#12992,#10621,#10622);
#9010=AXIS2_PLACEMENT_3D('',#12993,#10623,#10624);
#9011=AXIS2_PLACEMENT_3D('',#12995,#10625,#10626);
#9012=AXIS2_PLACEMENT_3D('',#12998,#10628,#10629);
#9013=AXIS2_PLACEMENT_3D('',#12999,#10630,#10631);
#9014=AXIS2_PLACEMENT_3D('',#13002,#10633,#10634);
#9015=AXIS2_PLACEMENT_3D('',#13003,#10635,#10636);
#9016=AXIS2_PLACEMENT_3D('',#13005,#10637,#10638);
#9017=AXIS2_PLACEMENT_3D('',#13008,#10640,#10641);
#9018=AXIS2_PLACEMENT_3D('',#13009,#10642,#10643);
#9019=AXIS2_PLACEMENT_3D('',#13010,#10644,#10645);
#9020=AXIS2_PLACEMENT_3D('',#13023,#10652,#10653);
#9021=AXIS2_PLACEMENT_3D('',#13024,#10654,#10655);
#9022=AXIS2_PLACEMENT_3D('',#13030,#10659,#10660);
#9023=AXIS2_PLACEMENT_3D('',#13034,#10663,#10664);
#9024=AXIS2_PLACEMENT_3D('',#13038,#10667,#10668);
#9025=AXIS2_PLACEMENT_3D('',#13042,#10671,#10672);
#9026=AXIS2_PLACEMENT_3D('',#13046,#10675,#10676);
#9027=AXIS2_PLACEMENT_3D('',#13048,#10678,#10679);
#9028=AXIS2_PLACEMENT_3D('',#13049,#10680,#10681);
#9029=AXIS2_PLACEMENT_3D('',#13051,#10682,#10683);
#9030=AXIS2_PLACEMENT_3D('',#13054,#10685,#10686);
#9031=AXIS2_PLACEMENT_3D('',#13055,#10687,#10688);
#9032=AXIS2_PLACEMENT_3D('',#13058,#10690,#10691);
#9033=AXIS2_PLACEMENT_3D('',#13059,#10692,#10693);
#9034=AXIS2_PLACEMENT_3D('',#13061,#10694,#10695);
#9035=AXIS2_PLACEMENT_3D('',#13064,#10697,#10698);
#9036=AXIS2_PLACEMENT_3D('',#13065,#10699,#10700);
#9037=AXIS2_PLACEMENT_3D('',#13066,#10701,#10702);
#9038=AXIS2_PLACEMENT_3D('',#13079,#10709,#10710);
#9039=AXIS2_PLACEMENT_3D('',#13080,#10711,#10712);
#9040=AXIS2_PLACEMENT_3D('',#13086,#10716,#10717);
#9041=AXIS2_PLACEMENT_3D('',#13090,#10720,#10721);
#9042=AXIS2_PLACEMENT_3D('',#13094,#10724,#10725);
#9043=AXIS2_PLACEMENT_3D('',#13098,#10728,#10729);
#9044=AXIS2_PLACEMENT_3D('',#13102,#10732,#10733);
#9045=AXIS2_PLACEMENT_3D('',#13104,#10735,#10736);
#9046=AXIS2_PLACEMENT_3D('',#13105,#10737,#10738);
#9047=AXIS2_PLACEMENT_3D('',#13107,#10739,#10740);
#9048=AXIS2_PLACEMENT_3D('',#13110,#10742,#10743);
#9049=AXIS2_PLACEMENT_3D('',#13111,#10744,#10745);
#9050=AXIS2_PLACEMENT_3D('',#13114,#10747,#10748);
#9051=AXIS2_PLACEMENT_3D('',#13115,#10749,#10750);
#9052=AXIS2_PLACEMENT_3D('',#13117,#10751,#10752);
#9053=AXIS2_PLACEMENT_3D('',#13120,#10754,#10755);
#9054=AXIS2_PLACEMENT_3D('',#13121,#10756,#10757);
#9055=AXIS2_PLACEMENT_3D('',#13122,#10758,#10759);
#9056=AXIS2_PLACEMENT_3D('',#13135,#10766,#10767);
#9057=AXIS2_PLACEMENT_3D('',#13136,#10768,#10769);
#9058=AXIS2_PLACEMENT_3D('',#13142,#10773,#10774);
#9059=AXIS2_PLACEMENT_3D('',#13146,#10777,#10778);
#9060=AXIS2_PLACEMENT_3D('',#13150,#10781,#10782);
#9061=AXIS2_PLACEMENT_3D('',#13154,#10785,#10786);
#9062=AXIS2_PLACEMENT_3D('',#13158,#10789,#10790);
#9063=AXIS2_PLACEMENT_3D('',#13160,#10792,#10793);
#9064=AXIS2_PLACEMENT_3D('',#13161,#10794,#10795);
#9065=AXIS2_PLACEMENT_3D('',#13163,#10796,#10797);
#9066=AXIS2_PLACEMENT_3D('',#13166,#10799,#10800);
#9067=AXIS2_PLACEMENT_3D('',#13167,#10801,#10802);
#9068=AXIS2_PLACEMENT_3D('',#13170,#10804,#10805);
#9069=AXIS2_PLACEMENT_3D('',#13171,#10806,#10807);
#9070=AXIS2_PLACEMENT_3D('',#13173,#10808,#10809);
#9071=AXIS2_PLACEMENT_3D('',#13176,#10811,#10812);
#9072=AXIS2_PLACEMENT_3D('',#13177,#10813,#10814);
#9073=AXIS2_PLACEMENT_3D('',#13178,#10815,#10816);
#9074=AXIS2_PLACEMENT_3D('',#13191,#10823,#10824);
#9075=AXIS2_PLACEMENT_3D('',#13192,#10825,#10826);
#9076=AXIS2_PLACEMENT_3D('',#13198,#10830,#10831);
#9077=AXIS2_PLACEMENT_3D('',#13202,#10834,#10835);
#9078=AXIS2_PLACEMENT_3D('',#13206,#10838,#10839);
#9079=AXIS2_PLACEMENT_3D('',#13210,#10842,#10843);
#9080=AXIS2_PLACEMENT_3D('',#13214,#10846,#10847);
#9081=AXIS2_PLACEMENT_3D('',#13216,#10849,#10850);
#9082=AXIS2_PLACEMENT_3D('',#13217,#10851,#10852);
#9083=AXIS2_PLACEMENT_3D('',#13219,#10853,#10854);
#9084=AXIS2_PLACEMENT_3D('',#13222,#10856,#10857);
#9085=AXIS2_PLACEMENT_3D('',#13223,#10858,#10859);
#9086=AXIS2_PLACEMENT_3D('',#13226,#10861,#10862);
#9087=AXIS2_PLACEMENT_3D('',#13227,#10863,#10864);
#9088=AXIS2_PLACEMENT_3D('',#13229,#10865,#10866);
#9089=AXIS2_PLACEMENT_3D('',#13232,#10868,#10869);
#9090=AXIS2_PLACEMENT_3D('',#13233,#10870,#10871);
#9091=AXIS2_PLACEMENT_3D('',#13234,#10872,#10873);
#9092=AXIS2_PLACEMENT_3D('',#13247,#10880,#10881);
#9093=AXIS2_PLACEMENT_3D('',#13248,#10882,#10883);
#9094=AXIS2_PLACEMENT_3D('',#13254,#10887,#10888);
#9095=AXIS2_PLACEMENT_3D('',#13258,#10891,#10892);
#9096=AXIS2_PLACEMENT_3D('',#13262,#10895,#10896);
#9097=AXIS2_PLACEMENT_3D('',#13266,#10899,#10900);
#9098=AXIS2_PLACEMENT_3D('',#13270,#10903,#10904);
#9099=AXIS2_PLACEMENT_3D('',#13272,#10906,#10907);
#9100=AXIS2_PLACEMENT_3D('',#13273,#10908,#10909);
#9101=AXIS2_PLACEMENT_3D('',#13275,#10910,#10911);
#9102=AXIS2_PLACEMENT_3D('',#13278,#10913,#10914);
#9103=AXIS2_PLACEMENT_3D('',#13279,#10915,#10916);
#9104=AXIS2_PLACEMENT_3D('',#13282,#10918,#10919);
#9105=AXIS2_PLACEMENT_3D('',#13283,#10920,#10921);
#9106=AXIS2_PLACEMENT_3D('',#13285,#10922,#10923);
#9107=AXIS2_PLACEMENT_3D('',#13288,#10925,#10926);
#9108=AXIS2_PLACEMENT_3D('',#13289,#10927,#10928);
#9109=AXIS2_PLACEMENT_3D('',#13290,#10929,#10930);
#9110=AXIS2_PLACEMENT_3D('',#13303,#10937,#10938);
#9111=AXIS2_PLACEMENT_3D('',#13304,#10939,#10940);
#9112=AXIS2_PLACEMENT_3D('',#13310,#10944,#10945);
#9113=AXIS2_PLACEMENT_3D('',#13314,#10948,#10949);
#9114=AXIS2_PLACEMENT_3D('',#13318,#10952,#10953);
#9115=AXIS2_PLACEMENT_3D('',#13322,#10956,#10957);
#9116=AXIS2_PLACEMENT_3D('',#13326,#10960,#10961);
#9117=AXIS2_PLACEMENT_3D('',#13328,#10963,#10964);
#9118=AXIS2_PLACEMENT_3D('',#13329,#10965,#10966);
#9119=AXIS2_PLACEMENT_3D('',#13331,#10967,#10968);
#9120=AXIS2_PLACEMENT_3D('',#13334,#10970,#10971);
#9121=AXIS2_PLACEMENT_3D('',#13335,#10972,#10973);
#9122=AXIS2_PLACEMENT_3D('',#13338,#10975,#10976);
#9123=AXIS2_PLACEMENT_3D('',#13339,#10977,#10978);
#9124=AXIS2_PLACEMENT_3D('',#13341,#10979,#10980);
#9125=AXIS2_PLACEMENT_3D('',#13344,#10982,#10983);
#9126=AXIS2_PLACEMENT_3D('',#13345,#10984,#10985);
#9127=AXIS2_PLACEMENT_3D('',#13346,#10986,#10987);
#9128=AXIS2_PLACEMENT_3D('',#13359,#10994,#10995);
#9129=AXIS2_PLACEMENT_3D('',#13360,#10996,#10997);
#9130=AXIS2_PLACEMENT_3D('',#13366,#11001,#11002);
#9131=AXIS2_PLACEMENT_3D('',#13370,#11005,#11006);
#9132=AXIS2_PLACEMENT_3D('',#13374,#11009,#11010);
#9133=AXIS2_PLACEMENT_3D('',#13378,#11013,#11014);
#9134=AXIS2_PLACEMENT_3D('',#13382,#11017,#11018);
#9135=AXIS2_PLACEMENT_3D('',#13384,#11020,#11021);
#9136=AXIS2_PLACEMENT_3D('',#13385,#11022,#11023);
#9137=AXIS2_PLACEMENT_3D('',#13387,#11024,#11025);
#9138=AXIS2_PLACEMENT_3D('',#13390,#11027,#11028);
#9139=AXIS2_PLACEMENT_3D('',#13391,#11029,#11030);
#9140=AXIS2_PLACEMENT_3D('',#13394,#11032,#11033);
#9141=AXIS2_PLACEMENT_3D('',#13395,#11034,#11035);
#9142=AXIS2_PLACEMENT_3D('',#13397,#11036,#11037);
#9143=AXIS2_PLACEMENT_3D('',#13400,#11039,#11040);
#9144=AXIS2_PLACEMENT_3D('',#13401,#11041,#11042);
#9145=AXIS2_PLACEMENT_3D('',#13402,#11043,#11044);
#9146=AXIS2_PLACEMENT_3D('',#13415,#11051,#11052);
#9147=AXIS2_PLACEMENT_3D('',#13416,#11053,#11054);
#9148=AXIS2_PLACEMENT_3D('',#13422,#11058,#11059);
#9149=AXIS2_PLACEMENT_3D('',#13426,#11062,#11063);
#9150=AXIS2_PLACEMENT_3D('',#13430,#11066,#11067);
#9151=AXIS2_PLACEMENT_3D('',#13434,#11070,#11071);
#9152=AXIS2_PLACEMENT_3D('',#13438,#11074,#11075);
#9153=AXIS2_PLACEMENT_3D('',#13440,#11077,#11078);
#9154=AXIS2_PLACEMENT_3D('',#13441,#11079,#11080);
#9155=AXIS2_PLACEMENT_3D('',#13443,#11081,#11082);
#9156=AXIS2_PLACEMENT_3D('',#13446,#11084,#11085);
#9157=AXIS2_PLACEMENT_3D('',#13447,#11086,#11087);
#9158=AXIS2_PLACEMENT_3D('',#13450,#11089,#11090);
#9159=AXIS2_PLACEMENT_3D('',#13451,#11091,#11092);
#9160=AXIS2_PLACEMENT_3D('',#13453,#11093,#11094);
#9161=AXIS2_PLACEMENT_3D('',#13456,#11096,#11097);
#9162=AXIS2_PLACEMENT_3D('',#13457,#11098,#11099);
#9163=AXIS2_PLACEMENT_3D('',#13458,#11100,#11101);
#9164=AXIS2_PLACEMENT_3D('',#13471,#11108,#11109);
#9165=AXIS2_PLACEMENT_3D('',#13472,#11110,#11111);
#9166=AXIS2_PLACEMENT_3D('',#13478,#11115,#11116);
#9167=AXIS2_PLACEMENT_3D('',#13482,#11119,#11120);
#9168=AXIS2_PLACEMENT_3D('',#13486,#11123,#11124);
#9169=AXIS2_PLACEMENT_3D('',#13490,#11127,#11128);
#9170=AXIS2_PLACEMENT_3D('',#13494,#11131,#11132);
#9171=AXIS2_PLACEMENT_3D('',#13496,#11134,#11135);
#9172=AXIS2_PLACEMENT_3D('',#13497,#11136,#11137);
#9173=AXIS2_PLACEMENT_3D('',#13499,#11138,#11139);
#9174=AXIS2_PLACEMENT_3D('',#13502,#11141,#11142);
#9175=AXIS2_PLACEMENT_3D('',#13503,#11143,#11144);
#9176=AXIS2_PLACEMENT_3D('',#13506,#11146,#11147);
#9177=AXIS2_PLACEMENT_3D('',#13507,#11148,#11149);
#9178=AXIS2_PLACEMENT_3D('',#13509,#11150,#11151);
#9179=AXIS2_PLACEMENT_3D('',#13512,#11153,#11154);
#9180=AXIS2_PLACEMENT_3D('',#13513,#11155,#11156);
#9181=AXIS2_PLACEMENT_3D('',#13514,#11157,#11158);
#9182=AXIS2_PLACEMENT_3D('',#13527,#11165,#11166);
#9183=AXIS2_PLACEMENT_3D('',#13528,#11167,#11168);
#9184=AXIS2_PLACEMENT_3D('',#13534,#11172,#11173);
#9185=AXIS2_PLACEMENT_3D('',#13538,#11176,#11177);
#9186=AXIS2_PLACEMENT_3D('',#13542,#11180,#11181);
#9187=AXIS2_PLACEMENT_3D('',#13546,#11184,#11185);
#9188=AXIS2_PLACEMENT_3D('',#13550,#11188,#11189);
#9189=AXIS2_PLACEMENT_3D('',#13552,#11191,#11192);
#9190=AXIS2_PLACEMENT_3D('',#13553,#11193,#11194);
#9191=AXIS2_PLACEMENT_3D('',#13555,#11195,#11196);
#9192=AXIS2_PLACEMENT_3D('',#13558,#11198,#11199);
#9193=AXIS2_PLACEMENT_3D('',#13559,#11200,#11201);
#9194=AXIS2_PLACEMENT_3D('',#13562,#11203,#11204);
#9195=AXIS2_PLACEMENT_3D('',#13563,#11205,#11206);
#9196=AXIS2_PLACEMENT_3D('',#13565,#11207,#11208);
#9197=AXIS2_PLACEMENT_3D('',#13568,#11210,#11211);
#9198=AXIS2_PLACEMENT_3D('',#13569,#11212,#11213);
#9199=AXIS2_PLACEMENT_3D('',#13570,#11214,#11215);
#9200=AXIS2_PLACEMENT_3D('',#13583,#11222,#11223);
#9201=AXIS2_PLACEMENT_3D('',#13584,#11224,#11225);
#9202=AXIS2_PLACEMENT_3D('',#13590,#11229,#11230);
#9203=AXIS2_PLACEMENT_3D('',#13594,#11233,#11234);
#9204=AXIS2_PLACEMENT_3D('',#13598,#11237,#11238);
#9205=AXIS2_PLACEMENT_3D('',#13602,#11241,#11242);
#9206=AXIS2_PLACEMENT_3D('',#13606,#11245,#11246);
#9207=AXIS2_PLACEMENT_3D('',#13608,#11248,#11249);
#9208=AXIS2_PLACEMENT_3D('',#13609,#11250,#11251);
#9209=AXIS2_PLACEMENT_3D('',#13611,#11252,#11253);
#9210=AXIS2_PLACEMENT_3D('',#13614,#11255,#11256);
#9211=AXIS2_PLACEMENT_3D('',#13615,#11257,#11258);
#9212=AXIS2_PLACEMENT_3D('',#13618,#11260,#11261);
#9213=AXIS2_PLACEMENT_3D('',#13619,#11262,#11263);
#9214=AXIS2_PLACEMENT_3D('',#13621,#11264,#11265);
#9215=AXIS2_PLACEMENT_3D('',#13624,#11267,#11268);
#9216=AXIS2_PLACEMENT_3D('',#13625,#11269,#11270);
#9217=AXIS2_PLACEMENT_3D('',#13626,#11271,#11272);
#9218=AXIS2_PLACEMENT_3D('',#13639,#11279,#11280);
#9219=AXIS2_PLACEMENT_3D('',#13640,#11281,#11282);
#9220=AXIS2_PLACEMENT_3D('',#13646,#11286,#11287);
#9221=AXIS2_PLACEMENT_3D('',#13650,#11290,#11291);
#9222=AXIS2_PLACEMENT_3D('',#13654,#11294,#11295);
#9223=AXIS2_PLACEMENT_3D('',#13658,#11298,#11299);
#9224=AXIS2_PLACEMENT_3D('',#13662,#11302,#11303);
#9225=AXIS2_PLACEMENT_3D('',#13664,#11305,#11306);
#9226=AXIS2_PLACEMENT_3D('',#13665,#11307,#11308);
#9227=AXIS2_PLACEMENT_3D('',#13667,#11309,#11310);
#9228=AXIS2_PLACEMENT_3D('',#13670,#11312,#11313);
#9229=AXIS2_PLACEMENT_3D('',#13671,#11314,#11315);
#9230=AXIS2_PLACEMENT_3D('',#13674,#11317,#11318);
#9231=AXIS2_PLACEMENT_3D('',#13675,#11319,#11320);
#9232=AXIS2_PLACEMENT_3D('',#13677,#11321,#11322);
#9233=AXIS2_PLACEMENT_3D('',#13680,#11324,#11325);
#9234=AXIS2_PLACEMENT_3D('',#13681,#11326,#11327);
#9235=AXIS2_PLACEMENT_3D('',#13682,#11328,#11329);
#9236=AXIS2_PLACEMENT_3D('',#13695,#11336,#11337);
#9237=AXIS2_PLACEMENT_3D('',#13696,#11338,#11339);
#9238=AXIS2_PLACEMENT_3D('',#13702,#11343,#11344);
#9239=AXIS2_PLACEMENT_3D('',#13706,#11347,#11348);
#9240=AXIS2_PLACEMENT_3D('',#13710,#11351,#11352);
#9241=AXIS2_PLACEMENT_3D('',#13714,#11355,#11356);
#9242=AXIS2_PLACEMENT_3D('',#13718,#11359,#11360);
#9243=AXIS2_PLACEMENT_3D('',#13720,#11362,#11363);
#9244=AXIS2_PLACEMENT_3D('',#13721,#11364,#11365);
#9245=AXIS2_PLACEMENT_3D('',#13723,#11366,#11367);
#9246=AXIS2_PLACEMENT_3D('',#13726,#11369,#11370);
#9247=AXIS2_PLACEMENT_3D('',#13727,#11371,#11372);
#9248=AXIS2_PLACEMENT_3D('',#13730,#11374,#11375);
#9249=AXIS2_PLACEMENT_3D('',#13731,#11376,#11377);
#9250=AXIS2_PLACEMENT_3D('',#13733,#11378,#11379);
#9251=AXIS2_PLACEMENT_3D('',#13736,#11381,#11382);
#9252=AXIS2_PLACEMENT_3D('',#13737,#11383,#11384);
#9253=AXIS2_PLACEMENT_3D('',#13738,#11385,#11386);
#9254=AXIS2_PLACEMENT_3D('',#13751,#11393,#11394);
#9255=AXIS2_PLACEMENT_3D('',#13752,#11395,#11396);
#9256=AXIS2_PLACEMENT_3D('',#13758,#11400,#11401);
#9257=AXIS2_PLACEMENT_3D('',#13762,#11404,#11405);
#9258=AXIS2_PLACEMENT_3D('',#13766,#11408,#11409);
#9259=AXIS2_PLACEMENT_3D('',#13770,#11412,#11413);
#9260=AXIS2_PLACEMENT_3D('',#13774,#11416,#11417);
#9261=AXIS2_PLACEMENT_3D('',#13776,#11419,#11420);
#9262=AXIS2_PLACEMENT_3D('',#13777,#11421,#11422);
#9263=AXIS2_PLACEMENT_3D('',#13779,#11423,#11424);
#9264=AXIS2_PLACEMENT_3D('',#13782,#11426,#11427);
#9265=AXIS2_PLACEMENT_3D('',#13783,#11428,#11429);
#9266=AXIS2_PLACEMENT_3D('',#13786,#11431,#11432);
#9267=AXIS2_PLACEMENT_3D('',#13787,#11433,#11434);
#9268=AXIS2_PLACEMENT_3D('',#13789,#11435,#11436);
#9269=AXIS2_PLACEMENT_3D('',#13792,#11438,#11439);
#9270=AXIS2_PLACEMENT_3D('',#13793,#11440,#11441);
#9271=AXIS2_PLACEMENT_3D('',#13794,#11442,#11443);
#9272=AXIS2_PLACEMENT_3D('',#13807,#11450,#11451);
#9273=AXIS2_PLACEMENT_3D('',#13808,#11452,#11453);
#9274=AXIS2_PLACEMENT_3D('',#13814,#11457,#11458);
#9275=AXIS2_PLACEMENT_3D('',#13818,#11461,#11462);
#9276=AXIS2_PLACEMENT_3D('',#13822,#11465,#11466);
#9277=AXIS2_PLACEMENT_3D('',#13826,#11469,#11470);
#9278=AXIS2_PLACEMENT_3D('',#13830,#11473,#11474);
#9279=AXIS2_PLACEMENT_3D('',#13832,#11476,#11477);
#9280=AXIS2_PLACEMENT_3D('',#13833,#11478,#11479);
#9281=AXIS2_PLACEMENT_3D('',#13835,#11480,#11481);
#9282=AXIS2_PLACEMENT_3D('',#13838,#11483,#11484);
#9283=AXIS2_PLACEMENT_3D('',#13839,#11485,#11486);
#9284=AXIS2_PLACEMENT_3D('',#13842,#11488,#11489);
#9285=AXIS2_PLACEMENT_3D('',#13843,#11490,#11491);
#9286=AXIS2_PLACEMENT_3D('',#13845,#11492,#11493);
#9287=AXIS2_PLACEMENT_3D('',#13848,#11495,#11496);
#9288=AXIS2_PLACEMENT_3D('',#13849,#11497,#11498);
#9289=AXIS2_PLACEMENT_3D('',#13850,#11499,#11500);
#9290=AXIS2_PLACEMENT_3D('',#13863,#11507,#11508);
#9291=AXIS2_PLACEMENT_3D('',#13864,#11509,#11510);
#9292=AXIS2_PLACEMENT_3D('',#13870,#11514,#11515);
#9293=AXIS2_PLACEMENT_3D('',#13874,#11518,#11519);
#9294=AXIS2_PLACEMENT_3D('',#13878,#11522,#11523);
#9295=AXIS2_PLACEMENT_3D('',#13882,#11526,#11527);
#9296=AXIS2_PLACEMENT_3D('',#13886,#11530,#11531);
#9297=AXIS2_PLACEMENT_3D('',#13888,#11533,#11534);
#9298=AXIS2_PLACEMENT_3D('',#13889,#11535,#11536);
#9299=AXIS2_PLACEMENT_3D('',#13891,#11537,#11538);
#9300=AXIS2_PLACEMENT_3D('',#13894,#11540,#11541);
#9301=AXIS2_PLACEMENT_3D('',#13895,#11542,#11543);
#9302=AXIS2_PLACEMENT_3D('',#13898,#11545,#11546);
#9303=AXIS2_PLACEMENT_3D('',#13899,#11547,#11548);
#9304=AXIS2_PLACEMENT_3D('',#13901,#11549,#11550);
#9305=AXIS2_PLACEMENT_3D('',#13904,#11552,#11553);
#9306=AXIS2_PLACEMENT_3D('',#13905,#11554,#11555);
#9307=AXIS2_PLACEMENT_3D('',#13906,#11556,#11557);
#9308=AXIS2_PLACEMENT_3D('',#13919,#11564,#11565);
#9309=AXIS2_PLACEMENT_3D('',#13920,#11566,#11567);
#9310=AXIS2_PLACEMENT_3D('',#13926,#11571,#11572);
#9311=AXIS2_PLACEMENT_3D('',#13930,#11575,#11576);
#9312=AXIS2_PLACEMENT_3D('',#13934,#11579,#11580);
#9313=AXIS2_PLACEMENT_3D('',#13938,#11583,#11584);
#9314=AXIS2_PLACEMENT_3D('',#13942,#11587,#11588);
#9315=AXIS2_PLACEMENT_3D('',#13944,#11590,#11591);
#9316=AXIS2_PLACEMENT_3D('',#13945,#11592,#11593);
#9317=AXIS2_PLACEMENT_3D('',#13947,#11594,#11595);
#9318=AXIS2_PLACEMENT_3D('',#13950,#11597,#11598);
#9319=AXIS2_PLACEMENT_3D('',#13951,#11599,#11600);
#9320=AXIS2_PLACEMENT_3D('',#13954,#11602,#11603);
#9321=AXIS2_PLACEMENT_3D('',#13955,#11604,#11605);
#9322=AXIS2_PLACEMENT_3D('',#13957,#11606,#11607);
#9323=AXIS2_PLACEMENT_3D('',#13960,#11609,#11610);
#9324=AXIS2_PLACEMENT_3D('',#13961,#11611,#11612);
#9325=AXIS2_PLACEMENT_3D('',#13962,#11613,#11614);
#9326=AXIS2_PLACEMENT_3D('',#13975,#11621,#11622);
#9327=AXIS2_PLACEMENT_3D('',#13976,#11623,#11624);
#9328=AXIS2_PLACEMENT_3D('',#13982,#11628,#11629);
#9329=AXIS2_PLACEMENT_3D('',#13986,#11632,#11633);
#9330=AXIS2_PLACEMENT_3D('',#13990,#11636,#11637);
#9331=AXIS2_PLACEMENT_3D('',#13994,#11640,#11641);
#9332=AXIS2_PLACEMENT_3D('',#13998,#11644,#11645);
#9333=AXIS2_PLACEMENT_3D('',#14000,#11647,#11648);
#9334=AXIS2_PLACEMENT_3D('',#14001,#11649,#11650);
#9335=AXIS2_PLACEMENT_3D('',#14003,#11651,#11652);
#9336=AXIS2_PLACEMENT_3D('',#14006,#11654,#11655);
#9337=AXIS2_PLACEMENT_3D('',#14007,#11656,#11657);
#9338=AXIS2_PLACEMENT_3D('',#14010,#11659,#11660);
#9339=AXIS2_PLACEMENT_3D('',#14011,#11661,#11662);
#9340=AXIS2_PLACEMENT_3D('',#14013,#11663,#11664);
#9341=AXIS2_PLACEMENT_3D('',#14016,#11666,#11667);
#9342=AXIS2_PLACEMENT_3D('',#14017,#11668,#11669);
#9343=AXIS2_PLACEMENT_3D('',#14018,#11670,#11671);
#9344=AXIS2_PLACEMENT_3D('',#14031,#11678,#11679);
#9345=AXIS2_PLACEMENT_3D('',#14032,#11680,#11681);
#9346=AXIS2_PLACEMENT_3D('',#14038,#11685,#11686);
#9347=AXIS2_PLACEMENT_3D('',#14042,#11689,#11690);
#9348=AXIS2_PLACEMENT_3D('',#14046,#11693,#11694);
#9349=AXIS2_PLACEMENT_3D('',#14050,#11697,#11698);
#9350=AXIS2_PLACEMENT_3D('',#14054,#11701,#11702);
#9351=AXIS2_PLACEMENT_3D('',#14056,#11704,#11705);
#9352=AXIS2_PLACEMENT_3D('',#14057,#11706,#11707);
#9353=AXIS2_PLACEMENT_3D('',#14059,#11708,#11709);
#9354=AXIS2_PLACEMENT_3D('',#14062,#11711,#11712);
#9355=AXIS2_PLACEMENT_3D('',#14063,#11713,#11714);
#9356=AXIS2_PLACEMENT_3D('',#14066,#11716,#11717);
#9357=AXIS2_PLACEMENT_3D('',#14067,#11718,#11719);
#9358=AXIS2_PLACEMENT_3D('',#14069,#11720,#11721);
#9359=AXIS2_PLACEMENT_3D('',#14072,#11723,#11724);
#9360=AXIS2_PLACEMENT_3D('',#14073,#11725,#11726);
#9361=AXIS2_PLACEMENT_3D('',#14074,#11727,#11728);
#9362=AXIS2_PLACEMENT_3D('',#14087,#11735,#11736);
#9363=AXIS2_PLACEMENT_3D('',#14088,#11737,#11738);
#9364=AXIS2_PLACEMENT_3D('',#14094,#11742,#11743);
#9365=AXIS2_PLACEMENT_3D('',#14098,#11746,#11747);
#9366=AXIS2_PLACEMENT_3D('',#14102,#11750,#11751);
#9367=AXIS2_PLACEMENT_3D('',#14106,#11754,#11755);
#9368=AXIS2_PLACEMENT_3D('',#14110,#11758,#11759);
#9369=AXIS2_PLACEMENT_3D('',#14112,#11761,#11762);
#9370=DIRECTION('axis',(0.,0.,1.));
#9371=DIRECTION('refdir',(1.,0.,0.));
#9372=DIRECTION('center_axis',(-1.,-1.04083979051375E-16,2.65169815157135E-21));
#9373=DIRECTION('ref_axis',(1.04083979051375E-16,-1.,4.9960036108132E-16));
#9374=DIRECTION('center_axis',(-1.,-1.04083979051375E-16,2.65169815157135E-21));
#9375=DIRECTION('ref_axis',(1.04083979051375E-16,-1.,4.9960036108132E-16));
#9376=DIRECTION('',(-1.,-1.04083979051375E-16,2.65169815157135E-21));
#9377=DIRECTION('center_axis',(-1.,-1.04083979051375E-16,2.65169815157135E-21));
#9378=DIRECTION('ref_axis',(1.04083979051375E-16,-1.,4.9960036108132E-16));
#9379=DIRECTION('center_axis',(1.,1.04083979051375E-16,-2.65169815157135E-21));
#9380=DIRECTION('ref_axis',(1.04083979051375E-16,-1.,4.9960036108132E-16));
#9381=DIRECTION('center_axis',(2.65169815151935E-21,4.9960036108132E-16,
1.));
#9382=DIRECTION('ref_axis',(1.,1.04083979051375E-16,-2.65169815157135E-21));
#9383=DIRECTION('',(2.65169815151935E-21,4.9960036108132E-16,1.));
#9384=DIRECTION('center_axis',(2.65169815151935E-21,4.9960036108132E-16,
1.));
#9385=DIRECTION('ref_axis',(1.,1.04083979051375E-16,-2.65169815157135E-21));
#9386=DIRECTION('center_axis',(2.65169815151935E-21,4.9960036108132E-16,
1.));
#9387=DIRECTION('ref_axis',(1.,1.04083979051375E-16,-2.65169815157135E-21));
#9388=DIRECTION('center_axis',(2.65169815151935E-21,4.9960036108132E-16,
1.));
#9389=DIRECTION('ref_axis',(1.,1.04083979051375E-16,-2.65169815157135E-21));
#9390=DIRECTION('',(2.65169815151935E-21,4.9960036108132E-16,1.));
#9391=DIRECTION('center_axis',(2.65169815151935E-21,4.9960036108132E-16,
1.));
#9392=DIRECTION('ref_axis',(1.,1.04083979051375E-16,-2.65169815157135E-21));
#9393=DIRECTION('center_axis',(2.65169815151935E-21,4.9960036108132E-16,
1.));
#9394=DIRECTION('ref_axis',(1.,1.04083979051375E-16,-2.65169815157135E-21));
#9395=DIRECTION('',(-0.857167300702109,6.31231057120303E-17,0.515038074910059));
#9396=DIRECTION('center_axis',(2.65169815151935E-21,4.9960036108132E-16,
1.));
#9397=DIRECTION('ref_axis',(1.,1.04083979051375E-16,-2.65169815157135E-21));
#9398=DIRECTION('center_axis',(2.65169815151935E-21,4.9960036108132E-16,
1.));
#9399=DIRECTION('ref_axis',(1.,1.04083979051375E-16,-2.65169815157135E-21));
#9400=DIRECTION('',(2.65169815151935E-21,4.9960036108132E-16,1.));
#9401=DIRECTION('center_axis',(2.65169815151935E-21,4.9960036108132E-16,
1.));
#9402=DIRECTION('ref_axis',(1.,1.04083979051375E-16,-2.65169815157135E-21));
#9403=DIRECTION('center_axis',(2.65169815151935E-21,4.9960036108132E-16,
1.));
#9404=DIRECTION('ref_axis',(1.,1.04083979051375E-16,-2.65169815157135E-21));
#9405=DIRECTION('',(-0.857167300702109,6.31231057120306E-17,0.51503807491006));
#9406=DIRECTION('center_axis',(2.65169815151935E-21,4.9960036108132E-16,
1.));
#9407=DIRECTION('ref_axis',(1.,1.04083979051375E-16,-2.65169815157135E-21));
#9408=DIRECTION('',(2.65169815151935E-21,4.9960036108132E-16,1.));
#9409=DIRECTION('center_axis',(2.65169815151935E-21,4.9960036108132E-16,
1.));
#9410=DIRECTION('ref_axis',(1.,1.04083979051375E-16,-2.65169815157135E-21));
#9411=DIRECTION('center_axis',(-1.,-1.04083979051375E-16,2.65169815157135E-21));
#9412=DIRECTION('ref_axis',(-1.04083979051375E-16,1.,-4.9960036108132E-16));
#9413=DIRECTION('center_axis',(-1.,-1.04083979051375E-16,2.65169815157135E-21));
#9414=DIRECTION('ref_axis',(-1.04083979051375E-16,1.,-4.9960036108132E-16));
#9415=DIRECTION('',(-1.,-1.04083979051375E-16,2.65169815157135E-21));
#9416=DIRECTION('center_axis',(-1.,-1.04083979051375E-16,2.65169815157135E-21));
#9417=DIRECTION('ref_axis',(-1.04083979051375E-16,1.,-4.9960036108132E-16));
#9418=DIRECTION('center_axis',(-1.,-1.04083979051375E-16,2.65169815157135E-21));
#9419=DIRECTION('ref_axis',(-1.04083979051375E-16,1.,-4.9960036108132E-16));
#9420=DIRECTION('center_axis',(-1.,-1.04083979051375E-16,2.65169815157135E-21));
#9421=DIRECTION('ref_axis',(-1.04083979051375E-16,1.,-4.9960036108132E-16));
#9422=DIRECTION('',(-1.,-1.04083979051375E-16,2.65169815157135E-21));
#9423=DIRECTION('center_axis',(-1.,-1.04083979051375E-16,2.65169815157135E-21));
#9424=DIRECTION('ref_axis',(-1.04083979051375E-16,1.,-4.9960036108132E-16));
#9425=DIRECTION('center_axis',(-1.,-1.04083979051375E-16,2.65169815157135E-21));
#9426=DIRECTION('ref_axis',(-1.04083979051375E-16,1.,-4.9960036108132E-16));
#9427=DIRECTION('center_axis',(-1.,-1.04083979051375E-16,2.65169815157135E-21));
#9428=DIRECTION('ref_axis',(-1.04083979051375E-16,1.,-4.9960036108132E-16));
#9429=DIRECTION('',(-1.,-1.04083979051375E-16,2.65169815157135E-21));
#9430=DIRECTION('center_axis',(-1.,-1.04083979051375E-16,2.65169815157135E-21));
#9431=DIRECTION('ref_axis',(-1.04083979051375E-16,1.,-4.9960036108132E-16));
#9432=DIRECTION('center_axis',(-1.,-1.04083979051375E-16,2.65169815157135E-21));
#9433=DIRECTION('ref_axis',(-1.04083979051375E-16,1.,-4.9960036108132E-16));
#9434=DIRECTION('center_axis',(-1.,-1.04083979051375E-16,2.65169815157135E-21));
#9435=DIRECTION('ref_axis',(-1.04083979051375E-16,1.,-4.9960036108132E-16));
#9436=DIRECTION('',(-1.,-1.04083979051375E-16,2.65169815157135E-21));
#9437=DIRECTION('center_axis',(-1.,-1.04083979051375E-16,2.65169815157135E-21));
#9438=DIRECTION('ref_axis',(-1.04083979051375E-16,1.,-4.9960036108132E-16));
#9439=DIRECTION('center_axis',(-1.,-1.04083979051375E-16,2.65169815157135E-21));
#9440=DIRECTION('ref_axis',(-1.04083979051375E-16,1.,-4.9960036108132E-16));
#9441=DIRECTION('center_axis',(-1.,-1.04083979051375E-16,2.65169815157135E-21));
#9442=DIRECTION('ref_axis',(-1.04083979051375E-16,1.,-4.9960036108132E-16));
#9443=DIRECTION('',(-1.,-1.04083979051375E-16,2.65169815157135E-21));
#9444=DIRECTION('center_axis',(-1.,-1.04083979051375E-16,2.65169815157135E-21));
#9445=DIRECTION('ref_axis',(-1.04083979051375E-16,1.,-4.9960036108132E-16));
#9446=DIRECTION('center_axis',(-1.,-1.04083979051375E-16,2.65169815157135E-21));
#9447=DIRECTION('ref_axis',(-1.04083979051375E-16,1.,-4.9960036108132E-16));
#9448=DIRECTION('center_axis',(-1.,-1.04083979051375E-16,2.65169815157135E-21));
#9449=DIRECTION('ref_axis',(-1.04083979051375E-16,1.,-4.9960036108132E-16));
#9450=DIRECTION('',(-1.,-1.04083979051375E-16,2.65169815157135E-21));
#9451=DIRECTION('center_axis',(-1.,-1.04083979051375E-16,2.65169815157135E-21));
#9452=DIRECTION('ref_axis',(-1.04083979051375E-16,1.,-4.9960036108132E-16));
#9453=DIRECTION('center_axis',(1.,1.04083979051375E-16,-2.65169815157135E-21));
#9454=DIRECTION('ref_axis',(1.04083979051375E-16,-1.,4.9960036108132E-16));
#9455=DIRECTION('center_axis',(-1.,-1.04083979051375E-16,2.65169815157135E-21));
#9456=DIRECTION('ref_axis',(-1.04083979051375E-16,1.,-4.9960036108132E-16));
#9457=DIRECTION('',(-1.,-1.04083979051375E-16,2.65169815157135E-21));
#9458=DIRECTION('center_axis',(-1.,-1.04083979051375E-16,2.65169815157135E-21));
#9459=DIRECTION('ref_axis',(-1.04083979051375E-16,1.,-4.9960036108132E-16));
#9460=DIRECTION('',(1.,1.04083979051375E-16,-2.65169815157135E-21));
#9461=DIRECTION('center_axis',(-2.65169815151935E-21,-4.9960036108132E-16,
-1.));
#9462=DIRECTION('ref_axis',(-1.,-1.04083979051375E-16,2.65169815157135E-21));
#9463=DIRECTION('',(-1.04083979051375E-16,1.,-4.9960036108132E-16));
#9464=DIRECTION('',(1.,1.04083979051375E-16,-2.65169815157135E-21));
#9465=DIRECTION('center_axis',(-2.65169815151935E-21,-4.9960036108132E-16,
-1.));
#9466=DIRECTION('ref_axis',(1.,1.14491806463746E-15,-2.65169815209135E-21));
#9467=DIRECTION('',(1.,1.04083979051375E-16,-2.65169815157135E-21));
#9468=DIRECTION('',(-1.04083979051375E-16,1.,-4.9960036108132E-16));
#9469=DIRECTION('',(1.,1.04083979051375E-16,-2.65169815157135E-21));
#9470=DIRECTION('center_axis',(2.65169815151935E-21,4.9960036108132E-16,
1.));
#9471=DIRECTION('ref_axis',(1.,1.04083979051375E-16,-2.65169815157135E-21));
#9472=DIRECTION('',(1.,1.04083979051375E-16,-2.65169815157135E-21));
#9473=DIRECTION('center_axis',(1.04083979051375E-16,-1.,4.9960036108132E-16));
#9474=DIRECTION('ref_axis',(-1.,-1.04083979051375E-16,2.65169815157135E-21));
#9475=DIRECTION('',(-2.65169815151935E-21,-4.9960036108132E-16,-1.));
#9476=DIRECTION('',(1.,1.04083979051375E-16,-2.65169815157135E-21));
#9477=DIRECTION('',(-2.65169815151935E-21,-4.9960036108132E-16,-1.));
#9478=DIRECTION('center_axis',(1.04083979051375E-16,-1.,4.9960036108132E-16));
#9479=DIRECTION('ref_axis',(-1.,-1.04083979051375E-16,2.65169815157135E-21));
#9480=DIRECTION('',(2.65169815151935E-21,4.9960036108132E-16,1.));
#9481=DIRECTION('center_axis',(1.,1.04083979051375E-16,-2.65169815157135E-21));
#9482=DIRECTION('ref_axis',(1.04083979051375E-16,-1.,4.9960036108132E-16));
#9483=DIRECTION('center_axis',(-1.,-1.04083979051375E-16,2.65169815157135E-21));
#9484=DIRECTION('ref_axis',(-1.04083979051375E-16,1.,-4.9960036108132E-16));
#9485=DIRECTION('',(-1.,-1.04083979051375E-16,2.65169815157135E-21));
#9486=DIRECTION('center_axis',(-1.,-1.04083979051375E-16,2.65169815157135E-21));
#9487=DIRECTION('ref_axis',(-1.04083979051375E-16,1.,-4.9960036108132E-16));
#9488=DIRECTION('center_axis',(-1.04083979051375E-16,1.,-4.9960036108132E-16));
#9489=DIRECTION('ref_axis',(1.,1.04083979051375E-16,-2.65169815157135E-21));
#9490=DIRECTION('',(2.65169815151935E-21,4.9960036108132E-16,1.));
#9491=DIRECTION('',(2.65169815151935E-21,4.9960036108132E-16,1.));
#9492=DIRECTION('center_axis',(-1.04083979051375E-16,1.,-4.9960036108132E-16));
#9493=DIRECTION('ref_axis',(1.,1.04083979051375E-16,-2.65169815157135E-21));
#9494=DIRECTION('',(2.65169815151935E-21,4.9960036108132E-16,1.));
#9495=DIRECTION('center_axis',(-1.,-1.04083979051375E-16,2.65169815157135E-21));
#9496=DIRECTION('ref_axis',(-1.04083979051375E-16,1.,-4.9960036108132E-16));
#9497=DIRECTION('',(-1.04083979051375E-16,1.,-4.9960036108132E-16));
#9498=DIRECTION('',(-1.04083979051375E-16,1.,-4.9960036108132E-16));
#9499=DIRECTION('',(2.65169815151935E-21,4.9960036108132E-16,1.));
#9500=DIRECTION('',(2.65169815151935E-21,4.9960036108132E-16,1.));
#9501=DIRECTION('',(-1.04083979051375E-16,1.,-4.9960036108132E-16));
#9502=DIRECTION('center_axis',(-1.,-1.04083979051375E-16,2.65169815157135E-21));
#9503=DIRECTION('ref_axis',(-1.04083979051375E-16,1.,-4.9960036108132E-16));
#9504=DIRECTION('',(-1.04083979051375E-16,1.,-4.9960036108132E-16));
#9505=DIRECTION('center_axis',(2.65169815151935E-21,4.9960036108132E-16,
1.));
#9506=DIRECTION('ref_axis',(-1.,1.83807008633604E-17,2.65169815151017E-21));
#9507=DIRECTION('',(2.65169815151935E-21,4.9960036108132E-16,1.));
#9508=DIRECTION('center_axis',(2.65169815151935E-21,4.9960036108132E-16,
1.));
#9509=DIRECTION('ref_axis',(1.,1.04083979051375E-16,-2.65169815157135E-21));
#9510=DIRECTION('center_axis',(1.04083979051375E-16,-1.,4.9960036108132E-16));
#9511=DIRECTION('ref_axis',(-1.,-1.04083979051375E-16,2.65169815157135E-21));
#9512=DIRECTION('center_axis',(1.04083979051375E-16,-1.,4.9960036108132E-16));
#9513=DIRECTION('ref_axis',(-1.,-1.04083979051375E-16,2.65169815157135E-21));
#9514=DIRECTION('center_axis',(2.65169815151935E-21,4.9960036108132E-16,
1.));
#9515=DIRECTION('ref_axis',(1.,1.04083979051375E-16,-2.65169815157135E-21));
#9516=DIRECTION('',(1.04083979051375E-16,-1.,4.9960036108132E-16));
#9517=DIRECTION('center_axis',(1.04083979051375E-16,-1.,4.9960036108132E-16));
#9518=DIRECTION('ref_axis',(-1.,-1.04083979051375E-16,2.65169815157135E-21));
#9519=DIRECTION('',(2.65169815151935E-21,4.9960036108132E-16,1.));
#9520=DIRECTION('center_axis',(-1.04083979051375E-16,1.,-4.9960036108132E-16));
#9521=DIRECTION('ref_axis',(-1.,-1.04083979051375E-16,2.65169815157135E-21));
#9522=DIRECTION('center_axis',(2.65169815151935E-21,4.9960036108132E-16,
1.));
#9523=DIRECTION('ref_axis',(-1.,1.83807008633604E-17,2.65169815151017E-21));
#9524=DIRECTION('center_axis',(-2.65169815151935E-21,-4.9960036108132E-16,
-1.));
#9525=DIRECTION('ref_axis',(1.,1.04083979051375E-16,-2.65169815157135E-21));
#9526=DIRECTION('center_axis',(2.65169815151935E-21,4.9960036108132E-16,
1.));
#9527=DIRECTION('ref_axis',(1.,1.04083979051375E-16,-2.65169815157135E-21));
#9528=DIRECTION('',(1.04083979051375E-16,-1.,4.9960036108132E-16));
#9529=DIRECTION('center_axis',(1.04083979051375E-16,-1.,4.9960036108132E-16));
#9530=DIRECTION('ref_axis',(-1.,-1.04083979051375E-16,2.65169815157135E-21));
#9531=DIRECTION('center_axis',(1.04083979051375E-16,-1.,4.9960036108132E-16));
#9532=DIRECTION('ref_axis',(-1.,-1.04083979051375E-16,2.65169815157135E-21));
#9533=DIRECTION('center_axis',(2.65169815151935E-21,4.9960036108132E-16,
1.));
#9534=DIRECTION('ref_axis',(1.,1.04083979051375E-16,-2.65169815157135E-21));
#9535=DIRECTION('center_axis',(2.16394701838572E-22,1.66533453693773E-16,
1.));
#9536=DIRECTION('ref_axis',(-1.,-6.13050301399434E-16,2.16394701940666E-22));
#9537=DIRECTION('center_axis',(-2.16394701838572E-22,-1.66533453693773E-16,
-1.));
#9538=DIRECTION('ref_axis',(1.,6.13050301399434E-16,-2.16394701940666E-22));
#9539=DIRECTION('',(2.16394701838572E-22,1.66533453693773E-16,1.));
#9540=DIRECTION('center_axis',(-2.16394701838572E-22,-1.66533453693773E-16,
-1.));
#9541=DIRECTION('ref_axis',(1.,6.13050301399434E-16,-2.16394701940666E-22));
#9542=DIRECTION('',(2.16394701838572E-22,1.66533453693773E-16,1.));
#9543=DIRECTION('center_axis',(2.16394701838572E-22,1.66533453693773E-16,
1.));
#9544=DIRECTION('ref_axis',(-1.,-6.13050301399434E-16,2.16394701940666E-22));
#9545=DIRECTION('center_axis',(-2.16394701838572E-22,-1.66533453693773E-16,
-1.));
#9546=DIRECTION('ref_axis',(1.,6.13050301399434E-16,-2.16394701940666E-22));
#9547=DIRECTION('',(2.16394701838572E-22,1.66533453693773E-16,1.));
#9548=DIRECTION('center_axis',(-2.16394701838572E-22,-1.66533453693773E-16,
-1.));
#9549=DIRECTION('ref_axis',(-1.,-6.13050301399434E-16,2.16394701940666E-22));
#9550=DIRECTION('',(2.16394701838572E-22,1.66533453693773E-16,1.));
#9551=DIRECTION('center_axis',(2.16394701838572E-22,1.66533453693773E-16,
1.));
#9552=DIRECTION('ref_axis',(-1.,-6.13050301399434E-16,2.16394701940666E-22));
#9553=DIRECTION('center_axis',(-2.16394701838572E-22,-1.66533453693773E-16,
-1.));
#9554=DIRECTION('ref_axis',(1.,6.13050301399434E-16,-2.16394701940666E-22));
#9555=DIRECTION('',(-2.16394701838572E-22,-1.66533453693773E-16,-1.));
#9556=DIRECTION('center_axis',(2.16394701838572E-22,1.66533453693773E-16,
1.));
#9557=DIRECTION('ref_axis',(1.,6.13050301399434E-16,-2.16394701940666E-22));
#9558=DIRECTION('',(-2.16394701838572E-22,-1.66533453693773E-16,-1.));
#9559=DIRECTION('center_axis',(2.16394701838572E-22,1.66533453693773E-16,
1.));
#9560=DIRECTION('ref_axis',(-1.,-6.13050301399434E-16,2.16394701940666E-22));
#9561=DIRECTION('center_axis',(-2.16394701838572E-22,-1.66533453693773E-16,
-1.));
#9562=DIRECTION('ref_axis',(1.,6.13050301399434E-16,-2.16394701940666E-22));
#9563=DIRECTION('',(-2.16394701838572E-22,-1.66533453693773E-16,-1.));
#9564=DIRECTION('center_axis',(2.16394701838572E-22,1.66533453693773E-16,
1.));
#9565=DIRECTION('ref_axis',(1.,6.13050301399434E-16,-2.16394701940666E-22));
#9566=DIRECTION('',(2.16394701838572E-22,1.66533453693773E-16,1.));
#9567=DIRECTION('center_axis',(2.16394701838572E-22,1.66533453693773E-16,
1.));
#9568=DIRECTION('ref_axis',(-1.,-6.13050301399434E-16,2.16394701940666E-22));
#9569=DIRECTION('center_axis',(2.16394701838572E-22,1.66533453693773E-16,
1.));
#9570=DIRECTION('ref_axis',(1.,6.13050301399434E-16,-2.16394701940666E-22));
#9571=DIRECTION('',(-2.16394701838572E-22,-1.66533453693773E-16,-1.));
#9572=DIRECTION('center_axis',(2.16394701838572E-22,1.66533453693773E-16,
1.));
#9573=DIRECTION('ref_axis',(1.,6.13050301399434E-16,-2.16394701940666E-22));
#9574=DIRECTION('',(2.16394701838572E-22,1.66533453693773E-16,1.));
#9575=DIRECTION('center_axis',(2.16394701838572E-22,1.66533453693773E-16,
1.));
#9576=DIRECTION('ref_axis',(-1.,-6.13050301399434E-16,2.16394701940666E-22));
#9577=DIRECTION('center_axis',(-2.16394701838572E-22,-1.66533453693773E-16,
-1.));
#9578=DIRECTION('ref_axis',(1.,6.13050301399434E-16,-2.16394701940666E-22));
#9579=DIRECTION('',(2.16394701838572E-22,1.66533453693773E-16,1.));
#9580=DIRECTION('center_axis',(-2.16394701838572E-22,-1.66533453693773E-16,
-1.));
#9581=DIRECTION('ref_axis',(1.,6.13050301399434E-16,-2.16394701940666E-22));
#9582=DIRECTION('',(-2.16394701838572E-22,-1.66533453693773E-16,-1.));
#9583=DIRECTION('center_axis',(2.16394701838572E-22,1.66533453693773E-16,
1.));
#9584=DIRECTION('ref_axis',(-1.,-6.13050301399434E-16,2.16394701940666E-22));
#9585=DIRECTION('center_axis',(2.16394701838572E-22,1.66533453693773E-16,
1.));
#9586=DIRECTION('ref_axis',(-1.,-6.13050301399434E-16,2.16394701940666E-22));
#9587=DIRECTION('',(2.16394701838572E-22,1.66533453693773E-16,1.));
#9588=DIRECTION('center_axis',(2.16394701838572E-22,1.66533453693773E-16,
1.));
#9589=DIRECTION('ref_axis',(-1.,-6.13050301399434E-16,2.16394701940666E-22));
#9590=DIRECTION('center_axis',(2.16394701838572E-22,1.66533453693773E-16,
1.));
#9591=DIRECTION('ref_axis',(-1.,-6.13050301399434E-16,2.16394701940666E-22));
#9592=DIRECTION('center_axis',(2.16394701838572E-22,1.66533453693773E-16,
1.));
#9593=DIRECTION('ref_axis',(-1.,-6.13050301399434E-16,2.16394701940666E-22));
#9594=DIRECTION('',(2.16394701838572E-22,1.66533453693773E-16,1.));
#9595=DIRECTION('center_axis',(2.16394701838572E-22,1.66533453693773E-16,
1.));
#9596=DIRECTION('ref_axis',(-1.,-6.13050301399434E-16,2.16394701940666E-22));
#9597=DIRECTION('center_axis',(2.16394701838572E-22,1.66533453693773E-16,
1.));
#9598=DIRECTION('ref_axis',(-1.,-6.13050301399434E-16,2.16394701940666E-22));
#9599=DIRECTION('center_axis',(2.16394701838572E-22,1.66533453693773E-16,
1.));
#9600=DIRECTION('ref_axis',(-1.,-6.13050301399434E-16,2.16394701940666E-22));
#9601=DIRECTION('',(2.16394701838572E-22,1.66533453693773E-16,1.));
#9602=DIRECTION('center_axis',(2.16394701838572E-22,1.66533453693773E-16,
1.));
#9603=DIRECTION('ref_axis',(-1.,-6.13050301399434E-16,2.16394701940666E-22));
#9604=DIRECTION('center_axis',(2.16394701838572E-22,1.66533453693773E-16,
1.));
#9605=DIRECTION('ref_axis',(-1.,-6.13050301399434E-16,2.16394701940666E-22));
#9606=DIRECTION('center_axis',(2.16394701838572E-22,1.66533453693773E-16,
1.));
#9607=DIRECTION('ref_axis',(-1.,-6.13050301399434E-16,2.16394701940666E-22));
#9608=DIRECTION('',(2.16394701838572E-22,1.66533453693773E-16,1.));
#9609=DIRECTION('center_axis',(2.16394701838572E-22,1.66533453693773E-16,
1.));
#9610=DIRECTION('ref_axis',(-1.,-6.13050301399434E-16,2.16394701940666E-22));
#9611=DIRECTION('center_axis',(-2.16394701838572E-22,-1.66533453693773E-16,
-1.));
#9612=DIRECTION('ref_axis',(1.,6.13050301399434E-16,-2.16394701940666E-22));
#9613=DIRECTION('center_axis',(2.16394701838572E-22,1.66533453693773E-16,
1.));
#9614=DIRECTION('ref_axis',(-1.,-6.13050301399434E-16,2.16394701940666E-22));
#9615=DIRECTION('',(2.16394701838572E-22,1.66533453693773E-16,1.));
#9616=DIRECTION('center_axis',(-2.16394701838572E-22,-1.66533453693773E-16,
-1.));
#9617=DIRECTION('ref_axis',(1.,6.13050301399434E-16,-2.16394701940666E-22));
#9618=DIRECTION('',(-2.16394701838572E-22,-1.66533453693773E-16,-1.));
#9619=DIRECTION('center_axis',(-2.16394701838572E-22,-1.66533453693773E-16,
-1.));
#9620=DIRECTION('ref_axis',(1.,6.13050301399434E-16,-2.16394701940666E-22));
#9621=DIRECTION('center_axis',(2.16394701838572E-22,1.66533453693773E-16,
1.));
#9622=DIRECTION('ref_axis',(-1.,-6.13050301399434E-16,2.16394701940666E-22));
#9623=DIRECTION('',(2.16394701838572E-22,1.66533453693773E-16,1.));
#9624=DIRECTION('center_axis',(-2.16394701838572E-22,-1.66533453693773E-16,
-1.));
#9625=DIRECTION('ref_axis',(1.,6.13050301399434E-16,-2.16394701940666E-22));
#9626=DIRECTION('',(-2.16394701838572E-22,-1.66533453693773E-16,-1.));
#9627=DIRECTION('center_axis',(2.16394701838572E-22,1.66533453693773E-16,
1.));
#9628=DIRECTION('ref_axis',(-1.,-6.13050301399434E-16,2.16394701940666E-22));
#9629=DIRECTION('center_axis',(2.16394701838572E-22,1.66533453693773E-16,
1.));
#9630=DIRECTION('ref_axis',(-1.,-6.13050301399434E-16,2.16394701940666E-22));
#9631=DIRECTION('',(2.16394701838572E-22,1.66533453693773E-16,1.));
#9632=DIRECTION('center_axis',(2.16394701838572E-22,1.66533453693773E-16,
1.));
#9633=DIRECTION('ref_axis',(-1.,-6.13050301399434E-16,2.16394701940666E-22));
#9634=DIRECTION('center_axis',(2.16394701838572E-22,1.66533453693773E-16,
1.));
#9635=DIRECTION('ref_axis',(-1.,-6.13050301399434E-16,2.16394701940666E-22));
#9636=DIRECTION('center_axis',(2.16394701838572E-22,1.66533453693773E-16,
1.));
#9637=DIRECTION('ref_axis',(-1.,-6.13050301399434E-16,2.16394701940666E-22));
#9638=DIRECTION('',(2.16394701838572E-22,1.66533453693773E-16,1.));
#9639=DIRECTION('center_axis',(2.16394701838572E-22,1.66533453693773E-16,
1.));
#9640=DIRECTION('ref_axis',(-1.,-6.13050301399434E-16,2.16394701940666E-22));
#9641=DIRECTION('center_axis',(2.16394701838572E-22,1.66533453693773E-16,
1.));
#9642=DIRECTION('ref_axis',(-1.,-6.13050301399434E-16,2.16394701940666E-22));
#9643=DIRECTION('center_axis',(2.16394701838572E-22,1.66533453693773E-16,
1.));
#9644=DIRECTION('ref_axis',(-1.,-6.13050301399434E-16,2.16394701940666E-22));
#9645=DIRECTION('',(2.16394701838572E-22,1.66533453693773E-16,1.));
#9646=DIRECTION('center_axis',(2.16394701838572E-22,1.66533453693773E-16,
1.));
#9647=DIRECTION('ref_axis',(-1.,-6.13050301399434E-16,2.16394701940666E-22));
#9648=DIRECTION('center_axis',(2.16394701838572E-22,1.66533453693773E-16,
1.));
#9649=DIRECTION('ref_axis',(-1.,-6.13050301399434E-16,2.16394701940666E-22));
#9650=DIRECTION('center_axis',(2.16394701838572E-22,1.66533453693773E-16,
1.));
#9651=DIRECTION('ref_axis',(-1.,-6.13050301399434E-16,2.16394701940666E-22));
#9652=DIRECTION('',(2.16394701838572E-22,1.66533453693773E-16,1.));
#9653=DIRECTION('center_axis',(2.16394701838572E-22,1.66533453693773E-16,
1.));
#9654=DIRECTION('ref_axis',(-1.,-6.13050301399434E-16,2.16394701940666E-22));
#9655=DIRECTION('center_axis',(2.16394701838572E-22,1.66533453693773E-16,
1.));
#9656=DIRECTION('ref_axis',(-1.,-6.13050301399434E-16,2.16394701940666E-22));
#9657=DIRECTION('center_axis',(2.16394701838572E-22,1.66533453693773E-16,
1.));
#9658=DIRECTION('ref_axis',(-1.,-6.13050301399434E-16,2.16394701940666E-22));
#9659=DIRECTION('',(2.16394701838572E-22,1.66533453693773E-16,1.));
#9660=DIRECTION('center_axis',(2.16394701838572E-22,1.66533453693773E-16,
1.));
#9661=DIRECTION('ref_axis',(-1.,-6.13050301399434E-16,2.16394701940666E-22));
#9662=DIRECTION('center_axis',(2.16394701838572E-22,1.66533453693773E-16,
1.));
#9663=DIRECTION('ref_axis',(-1.,-6.13050301399434E-16,2.16394701940666E-22));
#9664=DIRECTION('center_axis',(-2.16394701838572E-22,-1.66533453693773E-16,
-1.));
#9665=DIRECTION('ref_axis',(1.,6.13050301399434E-16,-2.16394701940666E-22));
#9666=DIRECTION('',(2.16394701838572E-22,1.66533453693773E-16,1.));
#9667=DIRECTION('center_axis',(-2.16394701838572E-22,-1.66533453693773E-16,
-1.));
#9668=DIRECTION('ref_axis',(1.,6.13050301399434E-16,-2.16394701940666E-22));
#9669=DIRECTION('center_axis',(2.16394701838572E-22,1.66533453693773E-16,
1.));
#9670=DIRECTION('ref_axis',(-1.,-6.13050301399434E-16,2.16394701940666E-22));
#9671=DIRECTION('center_axis',(-2.16394701838572E-22,-1.66533453693773E-16,
-1.));
#9672=DIRECTION('ref_axis',(1.,6.13050301399434E-16,-2.16394701940666E-22));
#9673=DIRECTION('',(2.16394701838572E-22,1.66533453693773E-16,1.));
#9674=DIRECTION('center_axis',(-2.16394701838572E-22,-1.66533453693773E-16,
-1.));
#9675=DIRECTION('ref_axis',(1.,6.13050301399434E-16,-2.16394701940666E-22));
#9676=DIRECTION('center_axis',(2.16394701838572E-22,1.66533453693773E-16,
1.));
#9677=DIRECTION('ref_axis',(-1.,-6.13050301399434E-16,2.16394701940666E-22));
#9678=DIRECTION('center_axis',(-2.16394701838572E-22,-1.66533453693773E-16,
-1.));
#9679=DIRECTION('ref_axis',(1.,6.13050301399434E-16,-2.16394701940666E-22));
#9680=DIRECTION('',(2.16394701838572E-22,1.66533453693773E-16,1.));
#9681=DIRECTION('center_axis',(-2.16394701838572E-22,-1.66533453693773E-16,
-1.));
#9682=DIRECTION('ref_axis',(1.,6.13050301399434E-16,-2.16394701940666E-22));
#9683=DIRECTION('center_axis',(2.16394701838572E-22,1.66533453693773E-16,
1.));
#9684=DIRECTION('ref_axis',(-1.,-6.13050301399434E-16,2.16394701940666E-22));
#9685=DIRECTION('center_axis',(-2.16394701838572E-22,-1.66533453693773E-16,
-1.));
#9686=DIRECTION('ref_axis',(1.,6.13050301399434E-16,-2.16394701940666E-22));
#9687=DIRECTION('',(2.16394701838572E-22,1.66533453693773E-16,1.));
#9688=DIRECTION('center_axis',(-2.16394701838572E-22,-1.66533453693773E-16,
-1.));
#9689=DIRECTION('ref_axis',(1.,6.13050301399434E-16,-2.16394701940666E-22));
#9690=DIRECTION('center_axis',(2.16394701838572E-22,1.66533453693773E-16,
1.));
#9691=DIRECTION('ref_axis',(-1.,-6.13050301399434E-16,2.16394701940666E-22));
#9692=DIRECTION('center_axis',(-2.16394701838572E-22,-1.66533453693773E-16,
-1.));
#9693=DIRECTION('ref_axis',(1.,6.13050301399434E-16,-2.16394701940666E-22));
#9694=DIRECTION('',(2.16394701838572E-22,1.66533453693773E-16,1.));
#9695=DIRECTION('center_axis',(-2.16394701838572E-22,-1.66533453693773E-16,
-1.));
#9696=DIRECTION('ref_axis',(1.,6.13050301399434E-16,-2.16394701940666E-22));
#9697=DIRECTION('center_axis',(-2.16394701838572E-22,-1.66533453693773E-16,
-1.));
#9698=DIRECTION('ref_axis',(1.,6.13050301399434E-16,-2.16394701940666E-22));
#9699=DIRECTION('center_axis',(2.16394701838572E-22,1.66533453693773E-16,
1.));
#9700=DIRECTION('ref_axis',(-1.,-6.13050301399434E-16,2.16394701940666E-22));
#9701=DIRECTION('center_axis',(2.16394701838572E-22,1.66533453693773E-16,
1.));
#9702=DIRECTION('ref_axis',(-1.,-6.13050301399434E-16,2.16394701940666E-22));
#9703=DIRECTION('center_axis',(2.16394701838572E-22,1.66533453693773E-16,
1.));
#9704=DIRECTION('ref_axis',(-1.,-6.13050301399434E-16,2.16394701940666E-22));
#9705=DIRECTION('center_axis',(-2.16394701838572E-22,-1.66533453693773E-16,
-1.));
#9706=DIRECTION('ref_axis',(1.,6.13050301399434E-16,-2.16394701940666E-22));
#9707=DIRECTION('',(2.16394701838572E-22,1.66533453693773E-16,1.));
#9708=DIRECTION('center_axis',(-2.16394701838572E-22,-1.66533453693773E-16,
-1.));
#9709=DIRECTION('ref_axis',(1.,6.13050301399434E-16,-2.16394701940666E-22));
#9710=DIRECTION('',(-2.16394701838572E-22,-1.66533453693773E-16,-1.));
#9711=DIRECTION('center_axis',(2.16394701838572E-22,1.66533453693773E-16,
1.));
#9712=DIRECTION('ref_axis',(-1.,-6.13050301399434E-16,2.16394701940666E-22));
#9713=DIRECTION('',(1.,8.34518860284816E-16,-2.16394701977548E-22));
#9714=DIRECTION('center_axis',(2.16394701838572E-22,1.66533453693773E-16,
1.));
#9715=DIRECTION('ref_axis',(-1.,-6.13050301399434E-16,2.16394701940666E-22));
#9716=DIRECTION('',(-1.,-3.54670316033155E-16,2.16394701897637E-22));
#9717=DIRECTION('center_axis',(2.16394701838572E-22,1.66533453693773E-16,
1.));
#9718=DIRECTION('ref_axis',(1.,6.13050301399434E-16,-2.16394701940666E-22));
#9719=DIRECTION('center_axis',(-2.16394701838572E-22,-1.66533453693773E-16,
-1.));
#9720=DIRECTION('ref_axis',(-1.,-6.13050301399434E-16,2.16394701940666E-22));
#9721=DIRECTION('center_axis',(2.16394701838572E-22,1.66533453693773E-16,
1.));
#9722=DIRECTION('ref_axis',(-1.,-6.13050301399434E-16,2.16394701940666E-22));
#9723=DIRECTION('',(1.,2.54522958372585E-16,-2.16394701880959E-22));
#9724=DIRECTION('',(1.,8.61303716724161E-16,-2.16394701982008E-22));
#9725=DIRECTION('center_axis',(2.16394701838572E-22,1.66533453693773E-16,
1.));
#9726=DIRECTION('ref_axis',(-1.,-6.13050301399434E-16,2.16394701940666E-22));
#9727=DIRECTION('center_axis',(2.16394701838572E-22,1.66533453693773E-16,
1.));
#9728=DIRECTION('ref_axis',(-1.,-6.13050301399434E-16,2.16394701940666E-22));
#9729=DIRECTION('center_axis',(-2.16394701838572E-22,-1.66533453693773E-16,
-1.));
#9730=DIRECTION('ref_axis',(-1.,-6.13050301399434E-16,2.16394701940666E-22));
#9731=DIRECTION('',(-1.,-3.64796886074707E-16,2.16394701899323E-22));
#9732=DIRECTION('',(-1.,-9.71577644426283E-16,2.16394702000372E-22));
#9733=DIRECTION('center_axis',(2.16394701838572E-22,1.66533453693773E-16,
1.));
#9734=DIRECTION('ref_axis',(1.,6.13050301399434E-16,-2.16394701940666E-22));
#9735=DIRECTION('center_axis',(-2.16394701838572E-22,-1.66533453693773E-16,
-1.));
#9736=DIRECTION('ref_axis',(1.,6.13050301399434E-16,-2.16394701940666E-22));
#9737=DIRECTION('center_axis',(2.16394701838572E-22,1.66533453693773E-16,
1.));
#9738=DIRECTION('ref_axis',(-1.,-6.13050301399434E-16,2.16394701940666E-22));
#9739=DIRECTION('center_axis',(2.16394701838572E-22,1.66533453693773E-16,
1.));
#9740=DIRECTION('ref_axis',(-1.,-6.13050301399434E-16,2.16394701940666E-22));
#9741=DIRECTION('center_axis',(-2.16394701838572E-22,-1.66533453693773E-16,
-1.));
#9742=DIRECTION('ref_axis',(-1.,-6.13050301399434E-16,2.16394701940666E-22));
#9743=DIRECTION('',(-1.,-7.37177009061797E-16,2.16394701961337E-22));
#9744=DIRECTION('center_axis',(2.16394701838572E-22,1.66533453693773E-16,
1.));
#9745=DIRECTION('ref_axis',(-1.,-6.13050301399434E-16,2.16394701940666E-22));
#9746=DIRECTION('',(1.,4.88923593737071E-16,-2.16394701919994E-22));
#9747=DIRECTION('center_axis',(-2.16394701838572E-22,-1.66533453693773E-16,
-1.));
#9748=DIRECTION('ref_axis',(-1.,-6.13050301399434E-16,2.16394701940666E-22));
#9749=DIRECTION('center_axis',(2.16394701838572E-22,1.66533453693773E-16,
1.));
#9750=DIRECTION('ref_axis',(-1.,-6.13050301399434E-16,2.16394701940666E-22));
#9751=DIRECTION('center_axis',(2.16394701838572E-22,1.66533453693773E-16,
1.));
#9752=DIRECTION('ref_axis',(-1.,-6.13050301399434E-16,2.16394701940666E-22));
#9753=DIRECTION('center_axis',(2.16394701838572E-22,1.66533453693773E-16,
1.));
#9754=DIRECTION('ref_axis',(-1.,-6.13050301399434E-16,2.16394701940666E-22));
#9755=DIRECTION('center_axis',(2.16394701838572E-22,1.66533453693773E-16,
1.));
#9756=DIRECTION('ref_axis',(-1.,-6.13050301399434E-16,2.16394701940666E-22));
#9757=DIRECTION('center_axis',(-2.16394701838572E-22,-1.66533453693773E-16,
-1.));
#9758=DIRECTION('ref_axis',(-1.,-6.13050301399434E-16,2.16394701940666E-22));
#9759=DIRECTION('center_axis',(2.16394701838572E-22,1.66533453693773E-16,
1.));
#9760=DIRECTION('ref_axis',(-1.,-6.13050301399434E-16,2.16394701940666E-22));
#9761=DIRECTION('center_axis',(-2.16394701838572E-22,-1.66533453693773E-16,
-1.));
#9762=DIRECTION('ref_axis',(1.,6.13050301399434E-16,-2.16394701940666E-22));
#9763=DIRECTION('',(1.,5.21382039580325E-16,-2.163947019254E-22));
#9764=DIRECTION('',(1.,2.54522958372585E-16,-2.16394701880959E-22));
#9765=DIRECTION('center_axis',(2.16394701838572E-22,1.66533453693773E-16,
1.));
#9766=DIRECTION('ref_axis',(1.,6.13050301399434E-16,-2.16394701940666E-22));
#9767=DIRECTION('center_axis',(-2.16394701838572E-22,-1.66533453693773E-16,
-1.));
#9768=DIRECTION('ref_axis',(1.,6.13050301399434E-16,-2.16394701940666E-22));
#9769=DIRECTION('center_axis',(2.16394701838572E-22,1.66533453693773E-16,
1.));
#9770=DIRECTION('ref_axis',(1.,6.13050301399434E-16,-2.16394701940666E-22));
#9771=DIRECTION('',(-1.,-3.54670316033155E-16,2.16394701897637E-22));
#9772=DIRECTION('center_axis',(-2.16394701838572E-22,-1.66533453693773E-16,
-1.));
#9773=DIRECTION('ref_axis',(1.,6.13050301399434E-16,-2.16394701940666E-22));
#9774=DIRECTION('',(1.,8.34518860284816E-16,-2.16394701977548E-22));
#9775=DIRECTION('center_axis',(2.16394701838572E-22,1.66533453693773E-16,
1.));
#9776=DIRECTION('ref_axis',(1.,2.34777377737624E-15,-2.16394702229555E-22));
#9777=DIRECTION('center_axis',(-2.16394701838572E-22,-1.66533453693773E-16,
-1.));
#9778=DIRECTION('ref_axis',(1.,6.13050301399434E-16,-2.16394701940666E-22));
#9779=DIRECTION('center_axis',(2.16394701838572E-22,1.66533453693773E-16,
1.));
#9780=DIRECTION('ref_axis',(1.,6.13050301399434E-16,-2.16394701940666E-22));
#9781=DIRECTION('',(-1.,-9.71577644426283E-16,2.16394702000372E-22));
#9782=DIRECTION('',(-1.,-7.04718563218543E-16,2.16394701955932E-22));
#9783=DIRECTION('',(-6.13050301399434E-16,1.,-1.66533453693773E-16));
#9784=DIRECTION('center_axis',(-2.16394701838572E-22,-1.66533453693773E-16,
-1.));
#9785=DIRECTION('ref_axis',(1.,6.13050301399434E-16,-2.16394701940666E-22));
#9786=DIRECTION('',(1.,4.32819290908337E-16,-2.16394701910651E-22));
#9787=DIRECTION('center_axis',(-2.16394701838572E-22,-1.66533453693773E-16,
-1.));
#9788=DIRECTION('ref_axis',(1.,6.13050301399434E-16,-2.16394701940666E-22));
#9789=DIRECTION('',(-6.13050301399434E-16,1.,-1.66533453693773E-16));
#9790=DIRECTION('center_axis',(-2.16394701838572E-22,-1.66533453693773E-16,
-1.));
#9791=DIRECTION('ref_axis',(1.,6.13050301399434E-16,-2.16394701940666E-22));
#9792=DIRECTION('',(1.,6.13050301399434E-16,-2.16394701940666E-22));
#9793=DIRECTION('center_axis',(-2.16394701838572E-22,-1.66533453693773E-16,
-1.));
#9794=DIRECTION('ref_axis',(1.,6.13050301399434E-16,-2.16394701940666E-22));
#9795=DIRECTION('center_axis',(-2.16394701838572E-22,-1.66533453693773E-16,
-1.));
#9796=DIRECTION('ref_axis',(1.,6.13050301399434E-16,-2.16394701940666E-22));
#9797=DIRECTION('',(-1.,-5.21382039580325E-16,2.163947019254E-22));
#9798=DIRECTION('center_axis',(-2.16394701838572E-22,-1.66533453693773E-16,
-1.));
#9799=DIRECTION('ref_axis',(1.,6.13050301399434E-16,-2.16394701940666E-22));
#9800=DIRECTION('',(1.,5.21382039580325E-16,-2.163947019254E-22));
#9801=DIRECTION('center_axis',(2.16394701838572E-22,1.66533453693773E-16,
1.));
#9802=DIRECTION('ref_axis',(1.,6.13050301399434E-16,-2.16394701940666E-22));
#9803=DIRECTION('center_axis',(-2.16394701838572E-22,-1.66533453693773E-16,
-1.));
#9804=DIRECTION('ref_axis',(1.,6.13050301399434E-16,-2.16394701940666E-22));
#9805=DIRECTION('',(-6.13050301399434E-16,1.,-1.66533453693773E-16));
#9806=DIRECTION('center_axis',(-2.16394701838572E-22,-1.66533453693773E-16,
-1.));
#9807=DIRECTION('ref_axis',(1.,6.13050301399434E-16,-2.16394701940666E-22));
#9808=DIRECTION('',(1.,6.13050301399434E-16,-2.16394701940666E-22));
#9809=DIRECTION('center_axis',(-2.16394701838572E-22,-1.66533453693773E-16,
-1.));
#9810=DIRECTION('ref_axis',(1.,6.13050301399434E-16,-2.16394701940666E-22));
#9811=DIRECTION('',(-6.13050301399434E-16,1.,-1.66533453693773E-16));
#9812=DIRECTION('center_axis',(-2.16394701838572E-22,-1.66533453693773E-16,
-1.));
#9813=DIRECTION('ref_axis',(1.,6.13050301399434E-16,-2.16394701940666E-22));
#9814=DIRECTION('',(1.,4.32819290908337E-16,-2.16394701910651E-22));
#9815=DIRECTION('center_axis',(2.16394701838572E-22,1.66533453693773E-16,
1.));
#9816=DIRECTION('ref_axis',(1.,4.90585621484698E-16,-2.16394701920271E-22));
#9817=DIRECTION('center_axis',(2.16394701838572E-22,1.66533453693773E-16,
1.));
#9818=DIRECTION('ref_axis',(1.,6.13050301399434E-16,-2.16394701940666E-22));
#9819=DIRECTION('center_axis',(-2.16394701838572E-22,-1.66533453693773E-16,
-1.));
#9820=DIRECTION('ref_axis',(1.,6.13050301399434E-16,-2.16394701940666E-22));
#9821=DIRECTION('center_axis',(3.64796886074706E-16,-1.,1.66533453693773E-16));
#9822=DIRECTION('ref_axis',(1.,3.64796886074706E-16,-2.16394701899323E-22));
#9823=DIRECTION('',(-2.16394701838572E-22,-1.66533453693773E-16,-1.));
#9824=DIRECTION('',(-2.16394701838572E-22,-1.66533453693773E-16,-1.));
#9825=DIRECTION('center_axis',(-8.61303716724161E-16,1.,-1.66533453693773E-16));
#9826=DIRECTION('ref_axis',(-1.,-8.61303716724161E-16,2.16394701982008E-22));
#9827=DIRECTION('',(-2.16394701838572E-22,-1.66533453693773E-16,-1.));
#9828=DIRECTION('',(-2.16394701838572E-22,-1.66533453693773E-16,-1.));
#9829=DIRECTION('center_axis',(-2.16394701838572E-22,-1.66533453693773E-16,
-1.));
#9830=DIRECTION('ref_axis',(-1.,-7.35514981314169E-16,2.1639470196106E-22));
#9831=DIRECTION('',(2.16394701838572E-22,1.66533453693773E-16,1.));
#9832=DIRECTION('',(2.16394701838572E-22,1.66533453693773E-16,1.));
#9833=DIRECTION('center_axis',(-2.16394701838572E-22,-1.66533453693773E-16,
-1.));
#9834=DIRECTION('ref_axis',(-1.,-7.35514981314169E-16,2.1639470196106E-22));
#9835=DIRECTION('center_axis',(-2.16394701838572E-22,-1.66533453693773E-16,
-1.));
#9836=DIRECTION('ref_axis',(1.,6.13050301399434E-16,-2.16394701940666E-22));
#9837=DIRECTION('',(-2.16394701838572E-22,-1.66533453693773E-16,-1.));
#9838=DIRECTION('',(-2.16394701838572E-22,-1.66533453693773E-16,-1.));
#9839=DIRECTION('center_axis',(-1.,-6.13050301399434E-16,2.16394701940666E-22));
#9840=DIRECTION('ref_axis',(-2.16394701838572E-22,-1.66533453693773E-16,
-1.));
#9841=DIRECTION('',(-2.16394701838572E-22,-1.66533453693773E-16,-1.));
#9842=DIRECTION('center_axis',(-2.16394701838572E-22,-1.66533453693773E-16,
-1.));
#9843=DIRECTION('ref_axis',(1.,6.13050301399434E-16,-2.16394701940666E-22));
#9844=DIRECTION('',(-2.16394701838572E-22,-1.66533453693773E-16,-1.));
#9845=DIRECTION('center_axis',(-6.13050301399434E-16,1.,-1.66533453693773E-16));
#9846=DIRECTION('ref_axis',(-2.16394701838572E-22,-1.66533453693773E-16,
-1.));
#9847=DIRECTION('',(-2.16394701838572E-22,-1.66533453693773E-16,-1.));
#9848=DIRECTION('center_axis',(-2.16394701838572E-22,-1.66533453693773E-16,
-1.));
#9849=DIRECTION('ref_axis',(1.,6.13050301399434E-16,-2.16394701940666E-22));
#9850=DIRECTION('',(-2.16394701838572E-22,-1.66533453693773E-16,-1.));
#9851=DIRECTION('center_axis',(-1.,-6.13050301399434E-16,2.16394701940666E-22));
#9852=DIRECTION('ref_axis',(-2.16394701838572E-22,-1.66533453693773E-16,
-1.));
#9853=DIRECTION('',(-2.16394701838572E-22,-1.66533453693773E-16,-1.));
#9854=DIRECTION('center_axis',(-2.16394701838572E-22,-1.66533453693773E-16,
-1.));
#9855=DIRECTION('ref_axis',(1.,6.13050301399434E-16,-2.16394701940666E-22));
#9856=DIRECTION('',(-2.16394701838572E-22,-1.66533453693773E-16,-1.));
#9857=DIRECTION('center_axis',(-4.32819290908337E-16,1.,-1.66533453693773E-16));
#9858=DIRECTION('ref_axis',(-1.,-4.32819290908337E-16,2.16394701910651E-22));
#9859=DIRECTION('center_axis',(2.16394701838572E-22,1.66533453693773E-16,
1.));
#9860=DIRECTION('ref_axis',(1.,-3.97592798215427E-16,-2.1639470177236E-22));
#9861=DIRECTION('center_axis',(2.16394701838572E-22,1.66533453693773E-16,
1.));
#9862=DIRECTION('ref_axis',(1.,1.37876404118482E-15,-2.16394702068183E-22));
#9863=DIRECTION('center_axis',(2.16394701838572E-22,1.66533453693773E-16,
1.));
#9864=DIRECTION('ref_axis',(1.,2.26694246088495E-15,-2.16394702216094E-22));
#9865=DIRECTION('center_axis',(2.16394701838572E-22,1.66533453693773E-16,
1.));
#9866=DIRECTION('ref_axis',(1.,-3.97592798215427E-16,-2.1639470177236E-22));
#9867=DIRECTION('center_axis',(2.54522958372585E-16,-1.,1.66533453693773E-16));
#9868=DIRECTION('ref_axis',(1.,2.54522958372585E-16,-2.16394701880959E-22));
#9869=DIRECTION('',(2.16394701838572E-22,1.66533453693773E-16,1.));
#9870=DIRECTION('center_axis',(2.16394701838572E-22,1.66533453693773E-16,
1.));
#9871=DIRECTION('ref_axis',(0.933503385868831,-0.358568582800317,5.97134624746318E-17));
#9872=DIRECTION('',(2.16394701838572E-22,1.66533453693773E-16,1.));
#9873=DIRECTION('center_axis',(2.16394701838572E-22,1.66533453693773E-16,
1.));
#9874=DIRECTION('ref_axis',(-1.,-6.13050301399434E-16,2.16394701940666E-22));
#9875=DIRECTION('',(2.16394701838572E-22,1.66533453693773E-16,1.));
#9876=DIRECTION('center_axis',(2.16394701838572E-22,1.66533453693773E-16,
1.));
#9877=DIRECTION('ref_axis',(-1.,-6.13050301399434E-16,2.16394701940666E-22));
#9878=DIRECTION('',(2.16394701838572E-22,1.66533453693773E-16,1.));
#9879=DIRECTION('center_axis',(-3.54670316033155E-16,1.,-1.66533453693773E-16));
#9880=DIRECTION('ref_axis',(-1.,-3.54670316033155E-16,2.16394701897637E-22));
#9881=DIRECTION('',(-2.16394701838572E-22,-1.66533453693773E-16,-1.));
#9882=DIRECTION('center_axis',(8.34518860284816E-16,-1.,1.66533453693773E-16));
#9883=DIRECTION('ref_axis',(1.,8.34518860284816E-16,-2.16394701977548E-22));
#9884=DIRECTION('',(2.16394701838572E-22,1.66533453693773E-16,1.));
#9885=DIRECTION('',(2.16394701838572E-22,1.66533453693773E-16,1.));
#9886=DIRECTION('center_axis',(2.16394701838572E-22,1.66533453693773E-16,
1.));
#9887=DIRECTION('ref_axis',(-1.,-6.13050301399434E-16,2.16394701940666E-22));
#9888=DIRECTION('',(2.16394701838572E-22,1.66533453693773E-16,1.));
#9889=DIRECTION('center_axis',(2.16394701838572E-22,1.66533453693773E-16,
1.));
#9890=DIRECTION('ref_axis',(-1.,-6.13050301399434E-16,2.16394701940666E-22));
#9891=DIRECTION('',(2.16394701838572E-22,1.66533453693773E-16,1.));
#9892=DIRECTION('center_axis',(2.16394701838572E-22,1.66533453693773E-16,
1.));
#9893=DIRECTION('ref_axis',(0.933503385868831,0.358568582800317,-5.97138664850054E-17));
#9894=DIRECTION('',(2.16394701838572E-22,1.66533453693773E-16,1.));
#9895=DIRECTION('center_axis',(-9.71577644426283E-16,1.,-1.66533453693773E-16));
#9896=DIRECTION('ref_axis',(-1.,-9.71577644426283E-16,2.16394702000372E-22));
#9897=DIRECTION('center_axis',(-2.16394701838572E-22,-1.66533453693773E-16,
-1.));
#9898=DIRECTION('ref_axis',(-1.,-2.91425771464107E-16,2.16394701887104E-22));
#9899=DIRECTION('center_axis',(-1.9826553119872E-16,7.16876590787399E-16,
1.));
#9900=DIRECTION('ref_axis',(-0.866025403784438,0.500000000000002,-5.30141282106608E-16));
#9901=DIRECTION('center_axis',(-1.9826553119872E-16,7.16876590787399E-16,
1.));
#9902=DIRECTION('ref_axis',(-0.866025403784438,0.500000000000002,-5.30141282106608E-16));
#9903=DIRECTION('',(-1.9826553119872E-16,7.168765907874E-16,1.));
#9904=DIRECTION('center_axis',(-1.9826553119872E-16,7.16876590787399E-16,
1.));
#9905=DIRECTION('ref_axis',(-0.866025403784438,0.500000000000002,-5.30141282106608E-16));
#9906=DIRECTION('center_axis',(-1.9826553119872E-16,7.16876590787399E-16,
1.));
#9907=DIRECTION('ref_axis',(-0.866025403784438,0.500000000000002,-5.30141282106608E-16));
#9908=DIRECTION('',(0.742328657701363,-0.428583650351057,0.515038074910056));
#9909=DIRECTION('center_axis',(-1.9826553119872E-16,7.16876590787399E-16,
1.));
#9910=DIRECTION('ref_axis',(-0.866025403784438,0.500000000000002,-5.30141282106608E-16));
#9911=DIRECTION('center_axis',(-1.9826553119872E-16,7.16876590787399E-16,
1.));
#9912=DIRECTION('ref_axis',(-0.866025403784438,0.500000000000002,-5.30141282106608E-16));
#9913=DIRECTION('',(-1.9826553119872E-16,7.168765907874E-16,1.));
#9914=DIRECTION('center_axis',(-1.9826553119872E-16,7.16876590787399E-16,
1.));
#9915=DIRECTION('ref_axis',(-0.866025403784438,0.500000000000002,-5.30141282106608E-16));
#9916=DIRECTION('center_axis',(-1.9826553119872E-16,7.16876590787399E-16,
1.));
#9917=DIRECTION('ref_axis',(-0.866025403784438,0.500000000000002,-5.30141282106608E-16));
#9918=DIRECTION('',(0.742328657701363,-0.428583650351057,0.515038074910056));
#9919=DIRECTION('center_axis',(-1.9826553119872E-16,7.16876590787399E-16,
1.));
#9920=DIRECTION('ref_axis',(-0.866025403784438,0.500000000000002,-5.30141282106608E-16));
#9921=DIRECTION('center_axis',(-1.9826553119872E-16,7.16876590787399E-16,
1.));
#9922=DIRECTION('ref_axis',(-0.866025403784438,0.500000000000002,-5.30141282106608E-16));
#9923=DIRECTION('',(-1.9826553119872E-16,7.168765907874E-16,1.));
#9924=DIRECTION('center_axis',(-1.9826553119872E-16,7.16876590787399E-16,
1.));
#9925=DIRECTION('ref_axis',(-0.866025403784438,0.500000000000002,-5.30141282106608E-16));
#9926=DIRECTION('center_axis',(-1.9826553119872E-16,7.16876590787399E-16,
1.));
#9927=DIRECTION('ref_axis',(-0.866025403784438,0.500000000000002,-5.30141282106608E-16));
#9928=DIRECTION('',(0.742328657701363,-0.428583650351057,0.515038074910055));
#9929=DIRECTION('center_axis',(-1.9826553119872E-16,7.16876590787399E-16,
1.));
#9930=DIRECTION('ref_axis',(-0.866025403784438,0.500000000000002,-5.30141282106608E-16));
#9931=DIRECTION('center_axis',(-1.9826553119872E-16,7.16876590787399E-16,
1.));
#9932=DIRECTION('ref_axis',(-0.866025403784438,0.500000000000002,-5.30141282106608E-16));
#9933=DIRECTION('',(-1.9826553119872E-16,7.168765907874E-16,1.));
#9934=DIRECTION('center_axis',(-1.9826553119872E-16,7.16876590787399E-16,
1.));
#9935=DIRECTION('ref_axis',(-0.866025403784438,0.500000000000002,-5.30141282106608E-16));
#9936=DIRECTION('center_axis',(-1.9826553119872E-16,7.16876590787399E-16,
1.));
#9937=DIRECTION('ref_axis',(-0.866025403784438,0.500000000000002,-5.30141282106608E-16));
#9938=DIRECTION('',(0.742328657701363,-0.428583650351057,0.515038074910056));
#9939=DIRECTION('center_axis',(-1.9826553119872E-16,7.16876590787399E-16,
1.));
#9940=DIRECTION('ref_axis',(-0.866025403784438,0.500000000000002,-5.30141282106608E-16));
#9941=DIRECTION('center_axis',(-1.9826553119872E-16,7.16876590787399E-16,
1.));
#9942=DIRECTION('ref_axis',(-0.866025403784438,0.500000000000002,-5.30141282106608E-16));
#9943=DIRECTION('',(-1.9826553119872E-16,7.168765907874E-16,1.));
#9944=DIRECTION('center_axis',(-1.9826553119872E-16,7.16876590787399E-16,
1.));
#9945=DIRECTION('ref_axis',(-0.866025403784438,0.500000000000002,-5.30141282106608E-16));
#9946=DIRECTION('center_axis',(-1.9826553119872E-16,7.16876590787399E-16,
1.));
#9947=DIRECTION('ref_axis',(-0.866025403784438,0.500000000000002,-5.30141282106608E-16));
#9948=DIRECTION('',(0.742328657701363,-0.428583650351057,0.515038074910056));
#9949=DIRECTION('center_axis',(-1.9826553119872E-16,7.16876590787399E-16,
1.));
#9950=DIRECTION('ref_axis',(-0.866025403784438,0.500000000000002,-5.30141282106608E-16));
#9951=DIRECTION('center_axis',(-1.9826553119872E-16,7.16876590787399E-16,
1.));
#9952=DIRECTION('ref_axis',(-0.866025403784438,0.500000000000002,-5.30141282106608E-16));
#9953=DIRECTION('',(-1.9826553119872E-16,7.168765907874E-16,1.));
#9954=DIRECTION('center_axis',(-1.9826553119872E-16,7.16876590787399E-16,
1.));
#9955=DIRECTION('ref_axis',(-0.866025403784438,0.500000000000002,-5.30141282106608E-16));
#9956=DIRECTION('center_axis',(-1.9826553119872E-16,7.16876590787399E-16,
1.));
#9957=DIRECTION('ref_axis',(-0.866025403784438,0.500000000000002,-5.30141282106608E-16));
#9958=DIRECTION('',(0.742328657701363,-0.428583650351057,0.515038074910056));
#9959=DIRECTION('center_axis',(-1.9826553119872E-16,7.16876590787399E-16,
1.));
#9960=DIRECTION('ref_axis',(-0.866025403784438,0.500000000000002,-5.30141282106608E-16));
#9961=DIRECTION('center_axis',(-1.9826553119872E-16,7.16876590787399E-16,
1.));
#9962=DIRECTION('ref_axis',(-0.866025403784438,0.500000000000002,-5.30141282106608E-16));
#9963=DIRECTION('',(-1.9826553119872E-16,7.168765907874E-16,1.));
#9964=DIRECTION('center_axis',(-1.9826553119872E-16,7.16876590787399E-16,
1.));
#9965=DIRECTION('ref_axis',(-0.866025403784438,0.500000000000002,-5.30141282106608E-16));
#9966=DIRECTION('center_axis',(-1.9826553119872E-16,7.16876590787399E-16,
1.));
#9967=DIRECTION('ref_axis',(-0.866025403784438,0.500000000000002,-5.30141282106608E-16));
#9968=DIRECTION('',(0.742328657701363,-0.428583650351057,0.515038074910055));
#9969=DIRECTION('center_axis',(-1.9826553119872E-16,7.16876590787399E-16,
1.));
#9970=DIRECTION('ref_axis',(-0.866025403784438,0.500000000000002,-5.30141282106608E-16));
#9971=DIRECTION('center_axis',(-1.9826553119872E-16,7.16876590787399E-16,
1.));
#9972=DIRECTION('ref_axis',(-0.866025403784438,0.500000000000002,-5.30141282106608E-16));
#9973=DIRECTION('',(-1.9826553119872E-16,7.168765907874E-16,1.));
#9974=DIRECTION('center_axis',(-1.9826553119872E-16,7.16876590787399E-16,
1.));
#9975=DIRECTION('ref_axis',(-0.866025403784438,0.500000000000002,-5.30141282106608E-16));
#9976=DIRECTION('center_axis',(-1.9826553119872E-16,7.16876590787399E-16,
1.));
#9977=DIRECTION('ref_axis',(-0.866025403784438,0.500000000000002,-5.30141282106608E-16));
#9978=DIRECTION('',(0.742328657701363,-0.428583650351057,0.515038074910056));
#9979=DIRECTION('center_axis',(-1.9826553119872E-16,7.16876590787399E-16,
1.));
#9980=DIRECTION('ref_axis',(-0.866025403784438,0.500000000000002,-5.30141282106608E-16));
#9981=DIRECTION('center_axis',(-1.9826553119872E-16,7.16876590787399E-16,
1.));
#9982=DIRECTION('ref_axis',(-0.866025403784438,0.500000000000002,-5.30141282106608E-16));
#9983=DIRECTION('',(-1.9826553119872E-16,7.16876590787399E-16,1.));
#9984=DIRECTION('center_axis',(-1.9826553119872E-16,7.16876590787399E-16,
1.));
#9985=DIRECTION('ref_axis',(-0.866025403784438,0.500000000000002,-5.30141282106608E-16));
#9986=DIRECTION('center_axis',(-1.9826553119872E-16,7.16876590787399E-16,
1.));
#9987=DIRECTION('ref_axis',(-0.866025403784438,0.500000000000002,-5.30141282106608E-16));
#9988=DIRECTION('',(0.742328657701363,-0.428583650351057,0.515038074910055));
#9989=DIRECTION('center_axis',(-1.9826553119872E-16,7.16876590787399E-16,
1.));
#9990=DIRECTION('ref_axis',(-0.866025403784438,0.500000000000002,-5.30141282106608E-16));
#9991=DIRECTION('center_axis',(-1.9826553119872E-16,7.16876590787399E-16,
1.));
#9992=DIRECTION('ref_axis',(-0.866025403784438,0.500000000000002,-5.30141282106608E-16));
#9993=DIRECTION('',(-1.9826553119872E-16,7.16876590787399E-16,1.));
#9994=DIRECTION('center_axis',(-1.9826553119872E-16,7.16876590787399E-16,
1.));
#9995=DIRECTION('ref_axis',(-0.866025403784438,0.500000000000002,-5.30141282106608E-16));
#9996=DIRECTION('center_axis',(-1.9826553119872E-16,7.16876590787399E-16,
1.));
#9997=DIRECTION('ref_axis',(-0.866025403784438,0.500000000000002,-5.30141282106608E-16));
#9998=DIRECTION('',(0.742328657701363,-0.428583650351057,0.515038074910055));
#9999=DIRECTION('center_axis',(-1.9826553119872E-16,7.16876590787399E-16,
1.));
#10000=DIRECTION('ref_axis',(-0.866025403784438,0.500000000000002,-5.30141282106608E-16));
#10001=DIRECTION('center_axis',(-1.9826553119872E-16,7.16876590787399E-16,
1.));
#10002=DIRECTION('ref_axis',(-0.866025403784438,0.500000000000002,-5.30141282106608E-16));
#10003=DIRECTION('',(-1.9826553119872E-16,7.16876590787399E-16,1.));
#10004=DIRECTION('center_axis',(-1.9826553119872E-16,7.16876590787399E-16,
1.));
#10005=DIRECTION('ref_axis',(-0.866025403784438,0.500000000000002,-5.30141282106608E-16));
#10006=DIRECTION('center_axis',(-1.9826553119872E-16,7.16876590787399E-16,
1.));
#10007=DIRECTION('ref_axis',(-0.866025403784438,0.500000000000002,-5.30141282106608E-16));
#10008=DIRECTION('',(0.742328657701363,-0.428583650351057,0.515038074910055));
#10009=DIRECTION('center_axis',(-1.9826553119872E-16,7.16876590787399E-16,
1.));
#10010=DIRECTION('ref_axis',(-0.866025403784438,0.500000000000002,-5.30141282106608E-16));
#10011=DIRECTION('center_axis',(-1.9826553119872E-16,7.16876590787399E-16,
1.));
#10012=DIRECTION('ref_axis',(-0.866025403784438,0.500000000000002,-5.30141282106608E-16));
#10013=DIRECTION('',(-1.9826553119872E-16,7.168765907874E-16,1.));
#10014=DIRECTION('center_axis',(-1.9826553119872E-16,7.16876590787399E-16,
1.));
#10015=DIRECTION('ref_axis',(-0.866025403784438,0.500000000000002,-5.30141282106608E-16));
#10016=DIRECTION('center_axis',(-1.9826553119872E-16,7.16876590787399E-16,
1.));
#10017=DIRECTION('ref_axis',(-0.866025403784438,0.500000000000002,-5.30141282106608E-16));
#10018=DIRECTION('',(0.742328657701363,-0.428583650351057,0.515038074910056));
#10019=DIRECTION('center_axis',(-1.9826553119872E-16,7.16876590787399E-16,
1.));
#10020=DIRECTION('ref_axis',(-0.866025403784438,0.500000000000002,-5.30141282106608E-16));
#10021=DIRECTION('center_axis',(-1.9826553119872E-16,7.16876590787399E-16,
1.));
#10022=DIRECTION('ref_axis',(-0.866025403784438,0.500000000000002,-5.30141282106608E-16));
#10023=DIRECTION('',(-1.9826553119872E-16,7.16876590787399E-16,1.));
#10024=DIRECTION('center_axis',(-1.9826553119872E-16,7.16876590787399E-16,
1.));
#10025=DIRECTION('ref_axis',(-0.866025403784438,0.500000000000002,-5.30141282106608E-16));
#10026=DIRECTION('center_axis',(-1.9826553119872E-16,7.16876590787399E-16,
1.));
#10027=DIRECTION('ref_axis',(-0.866025403784438,0.500000000000002,-5.30141282106608E-16));
#10028=DIRECTION('',(0.742328657701363,-0.428583650351057,0.515038074910056));
#10029=DIRECTION('center_axis',(-1.9826553119872E-16,7.16876590787399E-16,
1.));
#10030=DIRECTION('ref_axis',(-0.866025403784438,0.500000000000002,-5.30141282106608E-16));
#10031=DIRECTION('center_axis',(-1.9826553119872E-16,7.16876590787399E-16,
1.));
#10032=DIRECTION('ref_axis',(-0.866025403784438,0.500000000000002,-5.30141282106608E-16));
#10033=DIRECTION('',(-1.9826553119872E-16,7.16876590787399E-16,1.));
#10034=DIRECTION('center_axis',(-1.9826553119872E-16,7.16876590787399E-16,
1.));
#10035=DIRECTION('ref_axis',(-0.866025403784438,0.500000000000002,-5.30141282106608E-16));
#10036=DIRECTION('center_axis',(-1.9826553119872E-16,7.16876590787399E-16,
1.));
#10037=DIRECTION('ref_axis',(-0.866025403784438,0.500000000000002,-5.30141282106608E-16));
#10038=DIRECTION('',(0.742328657701363,-0.428583650351057,0.515038074910056));
#10039=DIRECTION('center_axis',(-1.9826553119872E-16,7.16876590787399E-16,
1.));
#10040=DIRECTION('ref_axis',(-0.866025403784438,0.500000000000002,-5.30141282106608E-16));
#10041=DIRECTION('center_axis',(-1.9826553119872E-16,7.16876590787399E-16,
1.));
#10042=DIRECTION('ref_axis',(-0.866025403784438,0.500000000000002,-5.30141282106608E-16));
#10043=DIRECTION('',(-1.9826553119872E-16,7.168765907874E-16,1.));
#10044=DIRECTION('center_axis',(-1.9826553119872E-16,7.16876590787399E-16,
1.));
#10045=DIRECTION('ref_axis',(-0.866025403784438,0.500000000000002,-5.30141282106608E-16));
#10046=DIRECTION('center_axis',(-1.9826553119872E-16,7.16876590787399E-16,
1.));
#10047=DIRECTION('ref_axis',(-0.866025403784438,0.500000000000002,-5.30141282106608E-16));
#10048=DIRECTION('',(0.742328657701363,-0.428583650351057,0.515038074910056));
#10049=DIRECTION('center_axis',(-1.9826553119872E-16,7.16876590787399E-16,
1.));
#10050=DIRECTION('ref_axis',(-0.866025403784438,0.500000000000002,-5.30141282106608E-16));
#10051=DIRECTION('center_axis',(-1.9826553119872E-16,7.16876590787399E-16,
1.));
#10052=DIRECTION('ref_axis',(-0.866025403784438,0.500000000000002,-5.30141282106608E-16));
#10053=DIRECTION('',(-1.9826553119872E-16,7.16876590787399E-16,1.));
#10054=DIRECTION('center_axis',(-1.9826553119872E-16,7.16876590787399E-16,
1.));
#10055=DIRECTION('ref_axis',(-0.866025403784438,0.500000000000002,-5.30141282106608E-16));
#10056=DIRECTION('center_axis',(-1.9826553119872E-16,7.16876590787399E-16,
1.));
#10057=DIRECTION('ref_axis',(-0.866025403784438,0.500000000000002,-5.30141282106608E-16));
#10058=DIRECTION('',(0.742328657701363,-0.428583650351057,0.515038074910056));
#10059=DIRECTION('center_axis',(-1.9826553119872E-16,7.16876590787399E-16,
1.));
#10060=DIRECTION('ref_axis',(-0.866025403784438,0.500000000000002,-5.30141282106608E-16));
#10061=DIRECTION('center_axis',(-1.9826553119872E-16,7.16876590787399E-16,
1.));
#10062=DIRECTION('ref_axis',(-0.866025403784438,0.500000000000002,-5.30141282106608E-16));
#10063=DIRECTION('',(-1.9826553119872E-16,7.16876590787399E-16,1.));
#10064=DIRECTION('center_axis',(-1.9826553119872E-16,7.16876590787399E-16,
1.));
#10065=DIRECTION('ref_axis',(-0.866025403784438,0.500000000000002,-5.30141282106608E-16));
#10066=DIRECTION('center_axis',(-1.9826553119872E-16,7.16876590787399E-16,
1.));
#10067=DIRECTION('ref_axis',(-0.866025403784438,0.500000000000002,-5.30141282106608E-16));
#10068=DIRECTION('',(0.742328657701363,-0.428583650351057,0.515038074910056));
#10069=DIRECTION('center_axis',(-1.9826553119872E-16,7.16876590787399E-16,
1.));
#10070=DIRECTION('ref_axis',(-0.866025403784438,0.500000000000002,-5.30141282106608E-16));
#10071=DIRECTION('center_axis',(-1.9826553119872E-16,7.16876590787399E-16,
1.));
#10072=DIRECTION('ref_axis',(-0.866025403784438,0.500000000000002,-5.30141282106608E-16));
#10073=DIRECTION('',(1.9826553119872E-16,-7.16876590787399E-16,-1.));
#10074=DIRECTION('center_axis',(-1.9826553119872E-16,7.16876590787399E-16,
1.));
#10075=DIRECTION('ref_axis',(-0.866025403784438,0.500000000000002,-5.30141282106608E-16));
#10076=DIRECTION('center_axis',(-1.9826553119872E-16,7.16876590787399E-16,
1.));
#10077=DIRECTION('ref_axis',(-0.866025403784438,0.500000000000002,-5.30141282106608E-16));
#10078=DIRECTION('center_axis',(-1.9826553119872E-16,7.16876590787399E-16,
1.));
#10079=DIRECTION('ref_axis',(-0.866025403784438,0.500000000000002,-5.30141282106608E-16));
#10080=DIRECTION('',(1.9826553119872E-16,-7.16876590787399E-16,-1.));
#10081=DIRECTION('center_axis',(-1.9826553119872E-16,7.16876590787399E-16,
1.));
#10082=DIRECTION('ref_axis',(-0.866025403784438,0.500000000000002,-5.30141282106608E-16));
#10083=DIRECTION('center_axis',(-1.9826553119872E-16,7.16876590787399E-16,
1.));
#10084=DIRECTION('ref_axis',(-0.866025403784438,0.500000000000002,-5.30141282106608E-16));
#10085=DIRECTION('center_axis',(-1.9826553119872E-16,7.16876590787399E-16,
1.));
#10086=DIRECTION('ref_axis',(-0.866025403784438,0.500000000000002,-5.30141282106608E-16));
#10087=DIRECTION('',(1.9826553119872E-16,-7.16876590787399E-16,-1.));
#10088=DIRECTION('center_axis',(-1.9826553119872E-16,7.16876590787399E-16,
1.));
#10089=DIRECTION('ref_axis',(-0.866025403784438,0.500000000000002,-5.30141282106608E-16));
#10090=DIRECTION('center_axis',(-1.9826553119872E-16,7.16876590787399E-16,
1.));
#10091=DIRECTION('ref_axis',(-0.866025403784438,0.500000000000002,-5.30141282106608E-16));
#10092=DIRECTION('center_axis',(-1.9826553119872E-16,7.16876590787399E-16,
1.));
#10093=DIRECTION('ref_axis',(-0.866025403784438,0.500000000000002,-5.30141282106608E-16));
#10094=DIRECTION('',(-1.9826553119872E-16,7.16876590787399E-16,1.));
#10095=DIRECTION('center_axis',(-1.9826553119872E-16,7.16876590787399E-16,
1.));
#10096=DIRECTION('ref_axis',(-0.866025403784438,0.500000000000002,-5.30141282106608E-16));
#10097=DIRECTION('center_axis',(-1.9826553119872E-16,7.16876590787399E-16,
1.));
#10098=DIRECTION('ref_axis',(-0.866025403784438,0.500000000000002,-5.30141282106608E-16));
#10099=DIRECTION('center_axis',(-1.9826553119872E-16,7.16876590787399E-16,
1.));
#10100=DIRECTION('ref_axis',(-0.866025403784438,0.500000000000002,-5.30141282106608E-16));
#10101=DIRECTION('',(1.9826553119872E-16,-7.16876590787399E-16,-1.));
#10102=DIRECTION('center_axis',(-1.9826553119872E-16,7.16876590787399E-16,
1.));
#10103=DIRECTION('ref_axis',(-0.866025403784438,0.500000000000002,-5.30141282106608E-16));
#10104=DIRECTION('center_axis',(-1.9826553119872E-16,7.16876590787399E-16,
1.));
#10105=DIRECTION('ref_axis',(-0.866025403784438,0.500000000000002,-5.30141282106608E-16));
#10106=DIRECTION('center_axis',(-1.9826553119872E-16,7.16876590787399E-16,
1.));
#10107=DIRECTION('ref_axis',(-0.866025403784438,0.500000000000002,-5.30141282106608E-16));
#10108=DIRECTION('center_axis',(-1.9826553119872E-16,7.16876590787399E-16,
1.));
#10109=DIRECTION('ref_axis',(-0.866025403784438,0.500000000000002,-5.30141282106608E-16));
#10110=DIRECTION('center_axis',(-1.9826553119872E-16,7.16876590787399E-16,
1.));
#10111=DIRECTION('ref_axis',(-0.866025403784438,0.500000000000002,-5.30141282106608E-16));
#10112=DIRECTION('center_axis',(1.9826553119872E-16,-7.16876590787399E-16,
-1.));
#10113=DIRECTION('ref_axis',(0.866025403784438,-0.500000000000002,5.30141282106608E-16));
#10114=DIRECTION('center_axis',(1.9826553119872E-16,-7.16876590787399E-16,
-1.));
#10115=DIRECTION('ref_axis',(0.866025403784438,-0.500000000000002,5.30141282106608E-16));
#10116=DIRECTION('center_axis',(-7.16977420041148E-16,4.62427441585873E-16,
1.));
#10117=DIRECTION('ref_axis',(0.0200983356719235,0.999798008051236,-4.47923982108609E-16));
#10118=DIRECTION('center_axis',(-7.16977420041148E-16,4.62427441585873E-16,
1.));
#10119=DIRECTION('ref_axis',(0.0200983356719235,0.999798008051236,-4.47923982108609E-16));
#10120=DIRECTION('',(-7.16977420041148E-16,4.62427441585873E-16,1.));
#10121=DIRECTION('center_axis',(-7.16977420041148E-16,4.62427441585873E-16,
1.));
#10122=DIRECTION('ref_axis',(0.0200983356719235,0.999798008051236,-4.47923982108609E-16));
#10123=DIRECTION('center_axis',(-7.16977420041148E-16,4.62427441585873E-16,
1.));
#10124=DIRECTION('ref_axis',(0.0200983356719235,0.999798008051236,-4.47923982108609E-16));
#10125=DIRECTION('',(-0.0172276361365078,-0.856994159808625,0.515038074910056));
#10126=DIRECTION('center_axis',(-7.16977420041148E-16,4.62427441585873E-16,
1.));
#10127=DIRECTION('ref_axis',(0.0200983356719235,0.999798008051236,-4.47923982108609E-16));
#10128=DIRECTION('center_axis',(-7.16977420041148E-16,4.62427441585873E-16,
1.));
#10129=DIRECTION('ref_axis',(0.0200983356719235,0.999798008051236,-4.47923982108609E-16));
#10130=DIRECTION('',(-7.16977420041148E-16,4.62427441585873E-16,1.));
#10131=DIRECTION('center_axis',(-7.16977420041148E-16,4.62427441585873E-16,
1.));
#10132=DIRECTION('ref_axis',(0.0200983356719235,0.999798008051236,-4.47923982108609E-16));
#10133=DIRECTION('center_axis',(-7.16977420041148E-16,4.62427441585873E-16,
1.));
#10134=DIRECTION('ref_axis',(0.0200983356719235,0.999798008051236,-4.47923982108609E-16));
#10135=DIRECTION('',(-0.0172276361365078,-0.856994159808625,0.515038074910056));
#10136=DIRECTION('center_axis',(-7.16977420041148E-16,4.62427441585873E-16,
1.));
#10137=DIRECTION('ref_axis',(0.0200983356719235,0.999798008051236,-4.47923982108609E-16));
#10138=DIRECTION('center_axis',(-7.16977420041148E-16,4.62427441585873E-16,
1.));
#10139=DIRECTION('ref_axis',(0.0200983356719235,0.999798008051236,-4.47923982108609E-16));
#10140=DIRECTION('',(-7.16977420041148E-16,4.62427441585873E-16,1.));
#10141=DIRECTION('center_axis',(-7.16977420041148E-16,4.62427441585873E-16,
1.));
#10142=DIRECTION('ref_axis',(0.0200983356719235,0.999798008051236,-4.47923982108609E-16));
#10143=DIRECTION('center_axis',(-7.16977420041148E-16,4.62427441585873E-16,
1.));
#10144=DIRECTION('ref_axis',(0.0200983356719235,0.999798008051236,-4.47923982108609E-16));
#10145=DIRECTION('',(-0.0172276361365079,-0.856994159808626,0.515038074910055));
#10146=DIRECTION('center_axis',(-7.16977420041148E-16,4.62427441585873E-16,
1.));
#10147=DIRECTION('ref_axis',(0.0200983356719235,0.999798008051236,-4.47923982108609E-16));
#10148=DIRECTION('center_axis',(-7.16977420041148E-16,4.62427441585873E-16,
1.));
#10149=DIRECTION('ref_axis',(0.0200983356719235,0.999798008051236,-4.47923982108609E-16));
#10150=DIRECTION('',(-7.16977420041148E-16,4.62427441585873E-16,1.));
#10151=DIRECTION('center_axis',(-7.16977420041148E-16,4.62427441585873E-16,
1.));
#10152=DIRECTION('ref_axis',(0.0200983356719235,0.999798008051236,-4.47923982108609E-16));
#10153=DIRECTION('center_axis',(-7.16977420041148E-16,4.62427441585873E-16,
1.));
#10154=DIRECTION('ref_axis',(0.0200983356719235,0.999798008051236,-4.47923982108609E-16));
#10155=DIRECTION('',(-0.0172276361365078,-0.856994159808625,0.515038074910056));
#10156=DIRECTION('center_axis',(-7.16977420041148E-16,4.62427441585873E-16,
1.));
#10157=DIRECTION('ref_axis',(0.0200983356719235,0.999798008051236,-4.47923982108609E-16));
#10158=DIRECTION('center_axis',(-7.16977420041148E-16,4.62427441585873E-16,
1.));
#10159=DIRECTION('ref_axis',(0.0200983356719235,0.999798008051236,-4.47923982108609E-16));
#10160=DIRECTION('',(-7.16977420041148E-16,4.62427441585873E-16,1.));
#10161=DIRECTION('center_axis',(-7.16977420041148E-16,4.62427441585873E-16,
1.));
#10162=DIRECTION('ref_axis',(0.0200983356719235,0.999798008051236,-4.47923982108609E-16));
#10163=DIRECTION('center_axis',(-7.16977420041148E-16,4.62427441585873E-16,
1.));
#10164=DIRECTION('ref_axis',(0.0200983356719235,0.999798008051236,-4.47923982108609E-16));
#10165=DIRECTION('',(-0.0172276361365078,-0.856994159808625,0.515038074910056));
#10166=DIRECTION('center_axis',(-7.16977420041148E-16,4.62427441585873E-16,
1.));
#10167=DIRECTION('ref_axis',(0.0200983356719235,0.999798008051236,-4.47923982108609E-16));
#10168=DIRECTION('center_axis',(-7.16977420041148E-16,4.62427441585873E-16,
1.));
#10169=DIRECTION('ref_axis',(0.0200983356719235,0.999798008051236,-4.47923982108609E-16));
#10170=DIRECTION('',(-7.16977420041148E-16,4.62427441585873E-16,1.));
#10171=DIRECTION('center_axis',(-7.16977420041148E-16,4.62427441585873E-16,
1.));
#10172=DIRECTION('ref_axis',(0.0200983356719235,0.999798008051236,-4.47923982108609E-16));
#10173=DIRECTION('center_axis',(-7.16977420041148E-16,4.62427441585873E-16,
1.));
#10174=DIRECTION('ref_axis',(0.0200983356719235,0.999798008051236,-4.47923982108609E-16));
#10175=DIRECTION('',(-0.0172276361365078,-0.856994159808625,0.515038074910056));
#10176=DIRECTION('center_axis',(-7.16977420041148E-16,4.62427441585873E-16,
1.));
#10177=DIRECTION('ref_axis',(0.0200983356719235,0.999798008051236,-4.47923982108609E-16));
#10178=DIRECTION('center_axis',(-7.16977420041148E-16,4.62427441585873E-16,
1.));
#10179=DIRECTION('ref_axis',(0.0200983356719235,0.999798008051236,-4.47923982108609E-16));
#10180=DIRECTION('',(-7.16977420041148E-16,4.62427441585873E-16,1.));
#10181=DIRECTION('center_axis',(-7.16977420041148E-16,4.62427441585873E-16,
1.));
#10182=DIRECTION('ref_axis',(0.0200983356719235,0.999798008051236,-4.47923982108609E-16));
#10183=DIRECTION('center_axis',(-7.16977420041148E-16,4.62427441585873E-16,
1.));
#10184=DIRECTION('ref_axis',(0.0200983356719235,0.999798008051236,-4.47923982108609E-16));
#10185=DIRECTION('',(-0.0172276361365079,-0.856994159808626,0.515038074910055));
#10186=DIRECTION('center_axis',(-7.16977420041148E-16,4.62427441585873E-16,
1.));
#10187=DIRECTION('ref_axis',(0.0200983356719235,0.999798008051236,-4.47923982108609E-16));
#10188=DIRECTION('center_axis',(-7.16977420041148E-16,4.62427441585873E-16,
1.));
#10189=DIRECTION('ref_axis',(0.0200983356719235,0.999798008051236,-4.47923982108609E-16));
#10190=DIRECTION('',(-7.16977420041148E-16,4.62427441585873E-16,1.));
#10191=DIRECTION('center_axis',(-7.16977420041148E-16,4.62427441585873E-16,
1.));
#10192=DIRECTION('ref_axis',(0.0200983356719235,0.999798008051236,-4.47923982108609E-16));
#10193=DIRECTION('center_axis',(-7.16977420041148E-16,4.62427441585873E-16,
1.));
#10194=DIRECTION('ref_axis',(0.0200983356719235,0.999798008051236,-4.47923982108609E-16));
#10195=DIRECTION('',(-0.0172276361365078,-0.856994159808625,0.515038074910056));
#10196=DIRECTION('center_axis',(-7.16977420041148E-16,4.62427441585873E-16,
1.));
#10197=DIRECTION('ref_axis',(0.0200983356719235,0.999798008051236,-4.47923982108609E-16));
#10198=DIRECTION('center_axis',(-7.16977420041148E-16,4.62427441585873E-16,
1.));
#10199=DIRECTION('ref_axis',(0.0200983356719235,0.999798008051236,-4.47923982108609E-16));
#10200=DIRECTION('',(-7.16977420041148E-16,4.62427441585873E-16,1.));
#10201=DIRECTION('center_axis',(-7.16977420041148E-16,4.62427441585873E-16,
1.));
#10202=DIRECTION('ref_axis',(0.0200983356719235,0.999798008051236,-4.47923982108609E-16));
#10203=DIRECTION('center_axis',(-7.16977420041148E-16,4.62427441585873E-16,
1.));
#10204=DIRECTION('ref_axis',(0.0200983356719235,0.999798008051236,-4.47923982108609E-16));
#10205=DIRECTION('',(-0.0172276361365079,-0.856994159808626,0.515038074910055));
#10206=DIRECTION('center_axis',(-7.16977420041148E-16,4.62427441585873E-16,
1.));
#10207=DIRECTION('ref_axis',(0.0200983356719235,0.999798008051236,-4.47923982108609E-16));
#10208=DIRECTION('center_axis',(-7.16977420041148E-16,4.62427441585873E-16,
1.));
#10209=DIRECTION('ref_axis',(0.0200983356719235,0.999798008051236,-4.47923982108609E-16));
#10210=DIRECTION('',(-7.16977420041148E-16,4.62427441585873E-16,1.));
#10211=DIRECTION('center_axis',(-7.16977420041148E-16,4.62427441585873E-16,
1.));
#10212=DIRECTION('ref_axis',(0.0200983356719235,0.999798008051236,-4.47923982108609E-16));
#10213=DIRECTION('center_axis',(-7.16977420041148E-16,4.62427441585873E-16,
1.));
#10214=DIRECTION('ref_axis',(0.0200983356719235,0.999798008051236,-4.47923982108609E-16));
#10215=DIRECTION('',(-0.0172276361365079,-0.856994159808626,0.515038074910055));
#10216=DIRECTION('center_axis',(-7.16977420041148E-16,4.62427441585873E-16,
1.));
#10217=DIRECTION('ref_axis',(0.0200983356719235,0.999798008051236,-4.47923982108609E-16));
#10218=DIRECTION('center_axis',(-7.16977420041148E-16,4.62427441585873E-16,
1.));
#10219=DIRECTION('ref_axis',(0.0200983356719235,0.999798008051236,-4.47923982108609E-16));
#10220=DIRECTION('',(-7.16977420041148E-16,4.62427441585873E-16,1.));
#10221=DIRECTION('center_axis',(-7.16977420041148E-16,4.62427441585873E-16,
1.));
#10222=DIRECTION('ref_axis',(0.0200983356719235,0.999798008051236,-4.47923982108609E-16));
#10223=DIRECTION('center_axis',(-7.16977420041148E-16,4.62427441585873E-16,
1.));
#10224=DIRECTION('ref_axis',(0.0200983356719235,0.999798008051236,-4.47923982108609E-16));
#10225=DIRECTION('',(-0.0172276361365079,-0.856994159808626,0.515038074910055));
#10226=DIRECTION('center_axis',(-7.16977420041148E-16,4.62427441585873E-16,
1.));
#10227=DIRECTION('ref_axis',(0.0200983356719235,0.999798008051236,-4.47923982108609E-16));
#10228=DIRECTION('center_axis',(-7.16977420041148E-16,4.62427441585873E-16,
1.));
#10229=DIRECTION('ref_axis',(0.0200983356719234,0.999798008051236,-4.47923982108608E-16));
#10230=DIRECTION('',(-7.16977420041148E-16,4.62427441585874E-16,1.));
#10231=DIRECTION('center_axis',(-7.16977420041148E-16,4.62427441585873E-16,
1.));
#10232=DIRECTION('ref_axis',(0.0200983356719235,0.999798008051236,-4.47923982108609E-16));
#10233=DIRECTION('center_axis',(-7.16977420041148E-16,4.62427441585873E-16,
1.));
#10234=DIRECTION('ref_axis',(0.0200983356719234,0.999798008051236,-4.47923982108608E-16));
#10235=DIRECTION('',(-0.0172276361365079,-0.856994159808626,0.515038074910055));
#10236=DIRECTION('center_axis',(-7.16977420041148E-16,4.62427441585873E-16,
1.));
#10237=DIRECTION('ref_axis',(0.0200983356719235,0.999798008051236,-4.47923982108609E-16));
#10238=DIRECTION('center_axis',(-7.16977420041148E-16,4.62427441585873E-16,
1.));
#10239=DIRECTION('ref_axis',(0.0200983356719234,0.999798008051236,-4.47923982108608E-16));
#10240=DIRECTION('',(-7.16977420041148E-16,4.62427441585874E-16,1.));
#10241=DIRECTION('center_axis',(-7.16977420041148E-16,4.62427441585873E-16,
1.));
#10242=DIRECTION('ref_axis',(0.0200983356719235,0.999798008051236,-4.47923982108609E-16));
#10243=DIRECTION('center_axis',(-7.16977420041148E-16,4.62427441585873E-16,
1.));
#10244=DIRECTION('ref_axis',(0.0200983356719234,0.999798008051236,-4.47923982108608E-16));
#10245=DIRECTION('',(-0.0172276361365079,-0.856994159808626,0.515038074910055));
#10246=DIRECTION('center_axis',(-7.16977420041148E-16,4.62427441585873E-16,
1.));
#10247=DIRECTION('ref_axis',(0.0200983356719235,0.999798008051236,-4.47923982108609E-16));
#10248=DIRECTION('center_axis',(-7.16977420041148E-16,4.62427441585873E-16,
1.));
#10249=DIRECTION('ref_axis',(0.0200983356719234,0.999798008051236,-4.47923982108608E-16));
#10250=DIRECTION('',(-7.16977420041148E-16,4.62427441585874E-16,1.));
#10251=DIRECTION('center_axis',(-7.16977420041148E-16,4.62427441585873E-16,
1.));
#10252=DIRECTION('ref_axis',(0.0200983356719235,0.999798008051236,-4.47923982108609E-16));
#10253=DIRECTION('center_axis',(-7.16977420041148E-16,4.62427441585873E-16,
1.));
#10254=DIRECTION('ref_axis',(0.0200983356719234,0.999798008051236,-4.47923982108608E-16));
#10255=DIRECTION('',(-0.0172276361365079,-0.856994159808626,0.515038074910055));
#10256=DIRECTION('center_axis',(-7.16977420041148E-16,4.62427441585873E-16,
1.));
#10257=DIRECTION('ref_axis',(0.0200983356719235,0.999798008051236,-4.47923982108609E-16));
#10258=DIRECTION('center_axis',(-7.16977420041148E-16,4.62427441585873E-16,
1.));
#10259=DIRECTION('ref_axis',(0.0200983356719234,0.999798008051236,-4.47923982108608E-16));
#10260=DIRECTION('',(-7.16977420041148E-16,4.62427441585874E-16,1.));
#10261=DIRECTION('center_axis',(-7.16977420041148E-16,4.62427441585873E-16,
1.));
#10262=DIRECTION('ref_axis',(0.0200983356719235,0.999798008051236,-4.47923982108609E-16));
#10263=DIRECTION('center_axis',(-7.16977420041148E-16,4.62427441585873E-16,
1.));
#10264=DIRECTION('ref_axis',(0.0200983356719234,0.999798008051236,-4.47923982108608E-16));
#10265=DIRECTION('',(-0.0172276361365079,-0.856994159808626,0.515038074910055));
#10266=DIRECTION('center_axis',(-7.16977420041148E-16,4.62427441585873E-16,
1.));
#10267=DIRECTION('ref_axis',(0.0200983356719235,0.999798008051236,-4.47923982108609E-16));
#10268=DIRECTION('center_axis',(-7.16977420041148E-16,4.62427441585873E-16,
1.));
#10269=DIRECTION('ref_axis',(0.0200983356719234,0.999798008051236,-4.47923982108608E-16));
#10270=DIRECTION('',(-7.16977420041148E-16,4.62427441585874E-16,1.));
#10271=DIRECTION('center_axis',(-7.16977420041148E-16,4.62427441585873E-16,
1.));
#10272=DIRECTION('ref_axis',(0.0200983356719234,0.999798008051236,-4.47923982108608E-16));
#10273=DIRECTION('center_axis',(-7.16977420041148E-16,4.62427441585873E-16,
1.));
#10274=DIRECTION('ref_axis',(0.0200983356719234,0.999798008051236,-4.47923982108608E-16));
#10275=DIRECTION('',(-0.0172276361365079,-0.856994159808626,0.515038074910055));
#10276=DIRECTION('center_axis',(-7.16977420041148E-16,4.62427441585873E-16,
1.));
#10277=DIRECTION('ref_axis',(0.0200983356719235,0.999798008051236,-4.47923982108609E-16));
#10278=DIRECTION('center_axis',(-7.16977420041148E-16,4.62427441585873E-16,
1.));
#10279=DIRECTION('ref_axis',(0.0200983356719234,0.999798008051236,-4.47923982108608E-16));
#10280=DIRECTION('',(-7.16977420041148E-16,4.62427441585874E-16,1.));
#10281=DIRECTION('center_axis',(-7.16977420041148E-16,4.62427441585873E-16,
1.));
#10282=DIRECTION('ref_axis',(0.0200983356719234,0.999798008051236,-4.47923982108608E-16));
#10283=DIRECTION('center_axis',(-7.16977420041148E-16,4.62427441585873E-16,
1.));
#10284=DIRECTION('ref_axis',(0.0200983356719234,0.999798008051236,-4.47923982108608E-16));
#10285=DIRECTION('',(-0.0172276361365079,-0.856994159808626,0.515038074910055));
#10286=DIRECTION('center_axis',(-7.16977420041148E-16,4.62427441585873E-16,
1.));
#10287=DIRECTION('ref_axis',(0.0200983356719235,0.999798008051236,-4.47923982108609E-16));
#10288=DIRECTION('center_axis',(-7.16977420041148E-16,4.62427441585873E-16,
1.));
#10289=DIRECTION('ref_axis',(0.0200983356719235,0.999798008051236,-4.47923982108609E-16));
#10290=DIRECTION('',(7.16977420041148E-16,-4.62427441585873E-16,-1.));
#10291=DIRECTION('center_axis',(-7.16977420041148E-16,4.62427441585873E-16,
1.));
#10292=DIRECTION('ref_axis',(0.0200983356719235,0.999798008051236,-4.47923982108609E-16));
#10293=DIRECTION('center_axis',(-7.16977420041148E-16,4.62427441585873E-16,
1.));
#10294=DIRECTION('ref_axis',(0.0200983356719235,0.999798008051236,-4.47923982108609E-16));
#10295=DIRECTION('center_axis',(-7.16977420041148E-16,4.62427441585873E-16,
1.));
#10296=DIRECTION('ref_axis',(0.0200983356719235,0.999798008051236,-4.47923982108609E-16));
#10297=DIRECTION('',(7.16977420041148E-16,-4.62427441585873E-16,-1.));
#10298=DIRECTION('center_axis',(-7.16977420041148E-16,4.62427441585873E-16,
1.));
#10299=DIRECTION('ref_axis',(0.0200983356719235,0.999798008051236,-4.47923982108609E-16));
#10300=DIRECTION('center_axis',(-7.16977420041148E-16,4.62427441585873E-16,
1.));
#10301=DIRECTION('ref_axis',(0.0200983356719235,0.999798008051236,-4.47923982108609E-16));
#10302=DIRECTION('center_axis',(-7.16977420041148E-16,4.62427441585873E-16,
1.));
#10303=DIRECTION('ref_axis',(0.0200983356719235,0.999798008051236,-4.47923982108609E-16));
#10304=DIRECTION('',(7.16977420041148E-16,-4.62427441585873E-16,-1.));
#10305=DIRECTION('center_axis',(-7.16977420041148E-16,4.62427441585873E-16,
1.));
#10306=DIRECTION('ref_axis',(0.0200983356719235,0.999798008051236,-4.47923982108609E-16));
#10307=DIRECTION('center_axis',(-7.16977420041148E-16,4.62427441585873E-16,
1.));
#10308=DIRECTION('ref_axis',(0.0200983356719235,0.999798008051236,-4.47923982108609E-16));
#10309=DIRECTION('center_axis',(-7.16977420041148E-16,4.62427441585873E-16,
1.));
#10310=DIRECTION('ref_axis',(0.0200983356719235,0.999798008051236,-4.47923982108609E-16));
#10311=DIRECTION('',(-7.16977420041148E-16,4.62427441585873E-16,1.));
#10312=DIRECTION('center_axis',(-7.16977420041148E-16,4.62427441585873E-16,
1.));
#10313=DIRECTION('ref_axis',(0.0200983356719235,0.999798008051236,-4.47923982108609E-16));
#10314=DIRECTION('center_axis',(-7.16977420041148E-16,4.62427441585873E-16,
1.));
#10315=DIRECTION('ref_axis',(0.0200983356719235,0.999798008051236,-4.47923982108609E-16));
#10316=DIRECTION('center_axis',(-7.16977420041148E-16,4.62427441585873E-16,
1.));
#10317=DIRECTION('ref_axis',(0.0200983356719235,0.999798008051236,-4.47923982108609E-16));
#10318=DIRECTION('',(7.16977420041148E-16,-4.62427441585873E-16,-1.));
#10319=DIRECTION('center_axis',(-7.16977420041148E-16,4.62427441585873E-16,
1.));
#10320=DIRECTION('ref_axis',(0.0200983356719235,0.999798008051236,-4.47923982108609E-16));
#10321=DIRECTION('center_axis',(-7.16977420041148E-16,4.62427441585873E-16,
1.));
#10322=DIRECTION('ref_axis',(0.0200983356719235,0.999798008051236,-4.47923982108609E-16));
#10323=DIRECTION('center_axis',(-7.16977420041148E-16,4.62427441585873E-16,
1.));
#10324=DIRECTION('ref_axis',(0.0200983356719235,0.999798008051236,-4.47923982108609E-16));
#10325=DIRECTION('center_axis',(-7.16977420041148E-16,4.62427441585873E-16,
1.));
#10326=DIRECTION('ref_axis',(0.0200983356719235,0.999798008051236,-4.47923982108609E-16));
#10327=DIRECTION('center_axis',(-7.16977420041148E-16,4.62427441585873E-16,
1.));
#10328=DIRECTION('ref_axis',(0.0200983356719235,0.999798008051236,-4.47923982108609E-16));
#10329=DIRECTION('center_axis',(7.16977420041148E-16,-4.62427441585873E-16,
-1.));
#10330=DIRECTION('ref_axis',(-0.0200983356719235,-0.999798008051236,4.47923982108609E-16));
#10331=DIRECTION('center_axis',(7.16977420041148E-16,-4.62427441585873E-16,
-1.));
#10332=DIRECTION('ref_axis',(-0.0200983356719235,-0.999798008051236,4.47923982108609E-16));
#10333=DIRECTION('center_axis',(1.,0.,0.));
#10334=DIRECTION('ref_axis',(0.,1.,0.));
#10335=DIRECTION('',(0.,-1.,0.));
#10336=DIRECTION('',(0.,0.,-1.));
#10337=DIRECTION('',(0.,-1.,0.));
#10338=DIRECTION('',(0.,0.,-1.));
#10339=DIRECTION('center_axis',(0.,0.,-1.));
#10340=DIRECTION('ref_axis',(0.,1.,0.));
#10341=DIRECTION('center_axis',(0.,0.,1.));
#10342=DIRECTION('ref_axis',(0.,-1.,0.));
#10343=DIRECTION('',(0.,0.,-1.));
#10344=DIRECTION('center_axis',(0.,0.,1.));
#10345=DIRECTION('ref_axis',(0.,-1.,0.));
#10346=DIRECTION('center_axis',(1.,7.91054993391663E-16,0.));
#10347=DIRECTION('ref_axis',(-7.91054993391663E-16,1.,0.));
#10348=DIRECTION('',(7.91054993391663E-16,-1.,0.));
#10349=DIRECTION('',(0.,0.,-1.));
#10350=DIRECTION('',(7.91054993391663E-16,-1.,0.));
#10351=DIRECTION('center_axis',(0.,1.,0.));
#10352=DIRECTION('ref_axis',(-1.,0.,0.));
#10353=DIRECTION('',(1.,0.,0.));
#10354=DIRECTION('',(0.,0.,-1.));
#10355=DIRECTION('',(1.,0.,0.));
#10356=DIRECTION('center_axis',(-1.,-3.95527496695832E-16,0.));
#10357=DIRECTION('ref_axis',(3.95527496695832E-16,-1.,0.));
#10358=DIRECTION('',(-3.95527496695832E-16,1.,0.));
#10359=DIRECTION('',(0.,0.,-1.));
#10360=DIRECTION('',(-3.95527496695832E-16,1.,0.));
#10361=DIRECTION('center_axis',(0.,0.,-1.));
#10362=DIRECTION('ref_axis',(0.,1.,0.));
#10363=DIRECTION('center_axis',(0.,0.,1.));
#10364=DIRECTION('ref_axis',(0.,-1.,0.));
#10365=DIRECTION('',(0.,0.,-1.));
#10366=DIRECTION('center_axis',(0.,0.,1.));
#10367=DIRECTION('ref_axis',(0.,-1.,0.));
#10368=DIRECTION('center_axis',(1.,0.,0.));
#10369=DIRECTION('ref_axis',(0.,1.,0.));
#10370=DIRECTION('',(0.,-1.,0.));
#10371=DIRECTION('',(0.,0.,-1.));
#10372=DIRECTION('',(0.,-1.,0.));
#10373=DIRECTION('center_axis',(0.,0.,-1.));
#10374=DIRECTION('ref_axis',(-3.21624529935327E-16,-1.,0.));
#10375=DIRECTION('center_axis',(0.,0.,1.));
#10376=DIRECTION('ref_axis',(0.,-1.,0.));
#10377=DIRECTION('center_axis',(0.,0.,1.));
#10378=DIRECTION('ref_axis',(0.,-1.,0.));
#10379=DIRECTION('center_axis',(0.,0.,1.));
#10380=DIRECTION('ref_axis',(0.,-1.,0.));
#10381=DIRECTION('center_axis',(0.,0.,1.));
#10382=DIRECTION('ref_axis',(0.,-1.,0.));
#10383=DIRECTION('center_axis',(1.,0.,0.));
#10384=DIRECTION('ref_axis',(0.,1.,0.));
#10385=DIRECTION('',(0.,-1.,0.));
#10386=DIRECTION('',(0.,0.,-1.));
#10387=DIRECTION('',(0.,-1.,0.));
#10388=DIRECTION('',(0.,0.,-1.));
#10389=DIRECTION('center_axis',(0.,0.,-1.));
#10390=DIRECTION('ref_axis',(0.,1.,0.));
#10391=DIRECTION('center_axis',(0.,0.,1.));
#10392=DIRECTION('ref_axis',(0.,-1.,0.));
#10393=DIRECTION('',(0.,0.,-1.));
#10394=DIRECTION('center_axis',(0.,0.,1.));
#10395=DIRECTION('ref_axis',(0.,-1.,0.));
#10396=DIRECTION('center_axis',(1.,7.91054993391663E-16,0.));
#10397=DIRECTION('ref_axis',(-7.91054993391663E-16,1.,0.));
#10398=DIRECTION('',(7.91054993391663E-16,-1.,0.));
#10399=DIRECTION('',(0.,0.,-1.));
#10400=DIRECTION('',(7.91054993391663E-16,-1.,0.));
#10401=DIRECTION('center_axis',(0.,1.,0.));
#10402=DIRECTION('ref_axis',(-1.,0.,0.));
#10403=DIRECTION('',(1.,0.,0.));
#10404=DIRECTION('',(0.,0.,-1.));
#10405=DIRECTION('',(1.,0.,0.));
#10406=DIRECTION('center_axis',(-1.,-3.95527496695832E-16,0.));
#10407=DIRECTION('ref_axis',(3.95527496695832E-16,-1.,0.));
#10408=DIRECTION('',(-3.95527496695832E-16,1.,0.));
#10409=DIRECTION('',(0.,0.,-1.));
#10410=DIRECTION('',(-3.95527496695832E-16,1.,0.));
#10411=DIRECTION('center_axis',(0.,0.,-1.));
#10412=DIRECTION('ref_axis',(0.,1.,0.));
#10413=DIRECTION('center_axis',(0.,0.,1.));
#10414=DIRECTION('ref_axis',(0.,-1.,0.));
#10415=DIRECTION('',(0.,0.,-1.));
#10416=DIRECTION('center_axis',(0.,0.,1.));
#10417=DIRECTION('ref_axis',(0.,-1.,0.));
#10418=DIRECTION('center_axis',(1.,0.,0.));
#10419=DIRECTION('ref_axis',(0.,1.,0.));
#10420=DIRECTION('',(0.,-1.,0.));
#10421=DIRECTION('',(0.,0.,-1.));
#10422=DIRECTION('',(0.,-1.,0.));
#10423=DIRECTION('center_axis',(0.,0.,-1.));
#10424=DIRECTION('ref_axis',(-3.21624529935327E-16,-1.,0.));
#10425=DIRECTION('center_axis',(0.,0.,1.));
#10426=DIRECTION('ref_axis',(0.,-1.,0.));
#10427=DIRECTION('center_axis',(0.,0.,1.));
#10428=DIRECTION('ref_axis',(0.,-1.,0.));
#10429=DIRECTION('center_axis',(0.,0.,1.));
#10430=DIRECTION('ref_axis',(0.,-1.,0.));
#10431=DIRECTION('center_axis',(0.,0.,1.));
#10432=DIRECTION('ref_axis',(0.,-1.,0.));
#10433=DIRECTION('center_axis',(3.91422971123139E-16,7.79442807868026E-16,
-1.));
#10434=DIRECTION('ref_axis',(-0.875899641461412,-0.482493334759944,-7.18923199689416E-16));
#10435=DIRECTION('center_axis',(3.91422971123139E-16,7.79442807868026E-16,
-1.));
#10436=DIRECTION('ref_axis',(-0.875899641461412,-0.482493334759944,-7.18923199689416E-16));
#10437=DIRECTION('',(3.91422971123139E-16,7.79442807868026E-16,-1.));
#10438=DIRECTION('center_axis',(3.91422971123139E-16,7.79442807868026E-16,
-1.));
#10439=DIRECTION('ref_axis',(-0.875899641461411,-0.482493334759943,-7.18923199689416E-16));
#10440=DIRECTION('center_axis',(3.91422971123139E-16,7.79442807868026E-16,
-1.));
#10441=DIRECTION('ref_axis',(-0.875899641461411,-0.482493334759943,-7.18923199689416E-16));
#10442=DIRECTION('center_axis',(3.91422971123139E-16,7.79442807868026E-16,
-1.));
#10443=DIRECTION('ref_axis',(-0.875899641461412,-0.482493334759944,-7.18923199689416E-16));
#10444=DIRECTION('',(3.91422971123139E-16,7.79442807868026E-16,-1.));
#10445=DIRECTION('center_axis',(3.91422971123139E-16,7.79442807868026E-16,
-1.));
#10446=DIRECTION('ref_axis',(-0.875899641461412,-0.482493334759944,-7.18923199689416E-16));
#10447=DIRECTION('center_axis',(3.91422971123139E-16,7.79442807868026E-16,
-1.));
#10448=DIRECTION('ref_axis',(-0.875899641461412,-0.482493334759944,-7.18923199689416E-16));
#10449=DIRECTION('center_axis',(3.91422971123139E-16,7.79442807868026E-16,
-1.));
#10450=DIRECTION('ref_axis',(-0.875899641461411,-0.482493334759943,-7.18923199689416E-16));
#10451=DIRECTION('',(3.91422971123139E-16,7.79442807868026E-16,-1.));
#10452=DIRECTION('center_axis',(3.91422971123139E-16,7.79442807868026E-16,
-1.));
#10453=DIRECTION('ref_axis',(-0.875899641461411,-0.482493334759943,-7.18923199689416E-16));
#10454=DIRECTION('center_axis',(3.91422971123139E-16,7.79442807868026E-16,
-1.));
#10455=DIRECTION('ref_axis',(-0.875899641461412,-0.482493334759944,-7.18923199689416E-16));
#10456=DIRECTION('center_axis',(3.91422971123139E-16,7.79442807868026E-16,
-1.));
#10457=DIRECTION('ref_axis',(-0.875899641461412,-0.482493334759944,-7.18923199689416E-16));
#10458=DIRECTION('',(3.91422971123139E-16,7.79442807868026E-16,-1.));
#10459=DIRECTION('center_axis',(3.91422971123139E-16,7.79442807868026E-16,
-1.));
#10460=DIRECTION('ref_axis',(-0.875899641461411,-0.482493334759943,-7.18923199689416E-16));
#10461=DIRECTION('center_axis',(3.91422971123139E-16,7.79442807868026E-16,
-1.));
#10462=DIRECTION('ref_axis',(-0.875899641461412,-0.482493334759944,-7.18923199689416E-16));
#10463=DIRECTION('center_axis',(3.91422971123139E-16,7.79442807868026E-16,
-1.));
#10464=DIRECTION('ref_axis',(-0.875899641461411,-0.482493334759943,-7.18923199689416E-16));
#10465=DIRECTION('',(3.91422971123139E-16,7.79442807868026E-16,-1.));
#10466=DIRECTION('center_axis',(3.91422971123139E-16,7.79442807868026E-16,
-1.));
#10467=DIRECTION('ref_axis',(-0.875899641461411,-0.482493334759943,-7.18923199689416E-16));
#10468=DIRECTION('center_axis',(3.91422971123139E-16,7.79442807868026E-16,
-1.));
#10469=DIRECTION('ref_axis',(-0.875899641461411,-0.482493334759943,-7.18923199689416E-16));
#10470=DIRECTION('center_axis',(3.91422971123139E-16,7.79442807868026E-16,
-1.));
#10471=DIRECTION('ref_axis',(-0.875899641461412,-0.482493334759944,-7.18923199689416E-16));
#10472=DIRECTION('',(3.91422971123139E-16,7.79442807868026E-16,-1.));
#10473=DIRECTION('center_axis',(3.91422971123139E-16,7.79442807868026E-16,
-1.));
#10474=DIRECTION('ref_axis',(-0.875899641461412,-0.482493334759944,-7.18923199689416E-16));
#10475=DIRECTION('center_axis',(3.91422971123139E-16,7.79442807868026E-16,
-1.));
#10476=DIRECTION('ref_axis',(-0.875899641461411,-0.482493334759943,-7.18923199689416E-16));
#10477=DIRECTION('center_axis',(3.91422971123139E-16,7.79442807868026E-16,
-1.));
#10478=DIRECTION('ref_axis',(-0.875899641461411,-0.482493334759944,-7.18923199689416E-16));
#10479=DIRECTION('',(3.91422971123139E-16,7.79442807868026E-16,-1.));
#10480=DIRECTION('center_axis',(3.91422971123139E-16,7.79442807868026E-16,
-1.));
#10481=DIRECTION('ref_axis',(-0.875899641461411,-0.482493334759943,-7.18923199689416E-16));
#10482=DIRECTION('center_axis',(3.91422971123139E-16,7.79442807868026E-16,
-1.));
#10483=DIRECTION('ref_axis',(-0.875899641461411,-0.482493334759943,-7.18923199689416E-16));
#10484=DIRECTION('center_axis',(3.91422971123139E-16,7.79442807868026E-16,
-1.));
#10485=DIRECTION('ref_axis',(-0.875899641461411,-0.482493334759943,-7.18923199689416E-16));
#10486=DIRECTION('',(3.91422971123139E-16,7.79442807868026E-16,-1.));
#10487=DIRECTION('center_axis',(3.91422971123139E-16,7.79442807868026E-16,
-1.));
#10488=DIRECTION('ref_axis',(-0.875899641461411,-0.482493334759943,-7.18923199689416E-16));
#10489=DIRECTION('center_axis',(3.91422971123139E-16,7.79442807868026E-16,
-1.));
#10490=DIRECTION('ref_axis',(-0.875899641461411,-0.482493334759943,-7.18923199689416E-16));
#10491=DIRECTION('center_axis',(3.91422971123139E-16,7.79442807868026E-16,
-1.));
#10492=DIRECTION('ref_axis',(-0.875899641461411,-0.482493334759943,-7.18923199689416E-16));
#10493=DIRECTION('',(3.91422971123139E-16,7.79442807868026E-16,-1.));
#10494=DIRECTION('center_axis',(3.91422971123139E-16,7.79442807868026E-16,
-1.));
#10495=DIRECTION('ref_axis',(-0.875899641461411,-0.482493334759943,-7.18923199689416E-16));
#10496=DIRECTION('center_axis',(3.91422971123139E-16,7.79442807868026E-16,
-1.));
#10497=DIRECTION('ref_axis',(-0.875899641461411,-0.482493334759943,-7.18923199689416E-16));
#10498=DIRECTION('center_axis',(3.91422971123139E-16,7.79442807868026E-16,
-1.));
#10499=DIRECTION('ref_axis',(-0.875899641461411,-0.482493334759944,-7.18923199689416E-16));
#10500=DIRECTION('',(3.91422971123139E-16,7.79442807868026E-16,-1.));
#10501=DIRECTION('center_axis',(3.91422971123139E-16,7.79442807868026E-16,
-1.));
#10502=DIRECTION('ref_axis',(-0.875899641461411,-0.482493334759943,-7.18923199689416E-16));
#10503=DIRECTION('center_axis',(3.91422971123139E-16,7.79442807868026E-16,
-1.));
#10504=DIRECTION('ref_axis',(-0.875899641461411,-0.482493334759943,-7.18923199689416E-16));
#10505=DIRECTION('center_axis',(3.91422971123139E-16,7.79442807868026E-16,
-1.));
#10506=DIRECTION('ref_axis',(-0.875899641461412,-0.482493334759943,-7.18923199689416E-16));
#10507=DIRECTION('',(3.91422971123139E-16,7.79442807868026E-16,-1.));
#10508=DIRECTION('center_axis',(3.91422971123139E-16,7.79442807868026E-16,
-1.));
#10509=DIRECTION('ref_axis',(-0.875899641461411,-0.482493334759943,-7.18923199689416E-16));
#10510=DIRECTION('center_axis',(3.91422971123139E-16,7.79442807868026E-16,
-1.));
#10511=DIRECTION('ref_axis',(-0.875899641461411,-0.482493334759943,-7.18923199689416E-16));
#10512=DIRECTION('center_axis',(3.91422971123139E-16,7.79442807868026E-16,
-1.));
#10513=DIRECTION('ref_axis',(-0.875899641461412,-0.482493334759943,-7.18923199689416E-16));
#10514=DIRECTION('',(3.91422971123139E-16,7.79442807868026E-16,-1.));
#10515=DIRECTION('center_axis',(3.91422971123139E-16,7.79442807868026E-16,
-1.));
#10516=DIRECTION('ref_axis',(-0.875899641461411,-0.482493334759943,-7.18923199689416E-16));
#10517=DIRECTION('center_axis',(-3.91422971123139E-16,-7.79442807868026E-16,
1.));
#10518=DIRECTION('ref_axis',(0.875899641461411,0.482493334759943,7.18923199689416E-16));
#10519=DIRECTION('center_axis',(3.91422971123139E-16,7.79442807868026E-16,
-1.));
#10520=DIRECTION('ref_axis',(-0.875899641461411,-0.482493334759943,-7.18923199689416E-16));
#10521=DIRECTION('',(3.91422971123139E-16,7.79442807868026E-16,-1.));
#10522=DIRECTION('center_axis',(3.91422971123139E-16,7.79442807868026E-16,
-1.));
#10523=DIRECTION('ref_axis',(-0.875899641461411,-0.482493334759943,-7.18923199689416E-16));
#10524=DIRECTION('center_axis',(3.91422971123139E-16,7.79442807868026E-16,
-1.));
#10525=DIRECTION('ref_axis',(-0.875899641461411,-0.482493334759943,-7.18923199689416E-16));
#10526=DIRECTION('center_axis',(3.91422971123139E-16,7.79442807868026E-16,
-1.));
#10527=DIRECTION('ref_axis',(-0.875899641461411,-0.482493334759943,-7.18923199689416E-16));
#10528=DIRECTION('center_axis',(1.2074918489967E-15,7.01756733077889E-18,
1.));
#10529=DIRECTION('ref_axis',(0.86602540378444,0.499999999999998,-1.04922739975918E-15));
#10530=DIRECTION('center_axis',(1.2074918489967E-15,7.01756733077889E-18,
1.));
#10531=DIRECTION('ref_axis',(0.86602540378444,0.499999999999998,-1.04922739975918E-15));
#10532=DIRECTION('',(1.2074918489967E-15,7.01756733077889E-18,1.));
#10533=DIRECTION('center_axis',(1.2074918489967E-15,7.01756733077889E-18,
1.));
#10534=DIRECTION('ref_axis',(0.86602540378444,0.499999999999998,-1.04922739975918E-15));
#10535=DIRECTION('center_axis',(1.2074918489967E-15,7.01756733077889E-18,
1.));
#10536=DIRECTION('ref_axis',(0.86602540378444,0.499999999999998,-1.04922739975918E-15));
#10537=DIRECTION('center_axis',(1.2074918489967E-15,7.01756733077889E-18,
1.));
#10538=DIRECTION('ref_axis',(0.86602540378444,0.499999999999998,-1.04922739975918E-15));
#10539=DIRECTION('',(1.2074918489967E-15,7.01756733077889E-18,1.));
#10540=DIRECTION('center_axis',(1.2074918489967E-15,7.01756733077889E-18,
1.));
#10541=DIRECTION('ref_axis',(0.86602540378444,0.499999999999998,-1.04922739975918E-15));
#10542=DIRECTION('center_axis',(1.2074918489967E-15,7.01756733077889E-18,
1.));
#10543=DIRECTION('ref_axis',(0.86602540378444,0.499999999999998,-1.04922739975918E-15));
#10544=DIRECTION('center_axis',(1.2074918489967E-15,7.01756733077889E-18,
1.));
#10545=DIRECTION('ref_axis',(0.86602540378444,0.499999999999998,-1.04922739975918E-15));
#10546=DIRECTION('',(1.2074918489967E-15,7.01756733077889E-18,1.));
#10547=DIRECTION('center_axis',(1.2074918489967E-15,7.01756733077889E-18,
1.));
#10548=DIRECTION('ref_axis',(0.86602540378444,0.499999999999998,-1.04922739975918E-15));
#10549=DIRECTION('center_axis',(1.2074918489967E-15,7.01756733077889E-18,
1.));
#10550=DIRECTION('ref_axis',(0.86602540378444,0.499999999999998,-1.04922739975918E-15));
#10551=DIRECTION('center_axis',(1.2074918489967E-15,7.01756733077889E-18,
1.));
#10552=DIRECTION('ref_axis',(0.86602540378444,0.499999999999998,-1.04922739975918E-15));
#10553=DIRECTION('',(1.2074918489967E-15,7.01756733077889E-18,1.));
#10554=DIRECTION('center_axis',(1.2074918489967E-15,7.01756733077889E-18,
1.));
#10555=DIRECTION('ref_axis',(0.86602540378444,0.499999999999998,-1.04922739975918E-15));
#10556=DIRECTION('center_axis',(1.2074918489967E-15,7.01756733077889E-18,
1.));
#10557=DIRECTION('ref_axis',(0.86602540378444,0.499999999999998,-1.04922739975918E-15));
#10558=DIRECTION('center_axis',(1.2074918489967E-15,7.01756733077889E-18,
1.));
#10559=DIRECTION('ref_axis',(0.86602540378444,0.499999999999998,-1.04922739975918E-15));
#10560=DIRECTION('',(1.2074918489967E-15,7.01756733077889E-18,1.));
#10561=DIRECTION('center_axis',(1.2074918489967E-15,7.01756733077889E-18,
1.));
#10562=DIRECTION('ref_axis',(0.86602540378444,0.499999999999998,-1.04922739975918E-15));
#10563=DIRECTION('center_axis',(1.2074918489967E-15,7.01756733077889E-18,
1.));
#10564=DIRECTION('ref_axis',(0.86602540378444,0.499999999999998,-1.04922739975918E-15));
#10565=DIRECTION('center_axis',(1.2074918489967E-15,7.01756733077889E-18,
1.));
#10566=DIRECTION('ref_axis',(0.86602540378444,0.499999999999998,-1.04922739975918E-15));
#10567=DIRECTION('',(1.2074918489967E-15,7.01756733077889E-18,1.));
#10568=DIRECTION('center_axis',(1.2074918489967E-15,7.01756733077889E-18,
1.));
#10569=DIRECTION('ref_axis',(0.86602540378444,0.499999999999998,-1.04922739975918E-15));
#10570=DIRECTION('center_axis',(1.2074918489967E-15,7.01756733077889E-18,
1.));
#10571=DIRECTION('ref_axis',(0.86602540378444,0.499999999999998,-1.04922739975918E-15));
#10572=DIRECTION('center_axis',(1.2074918489967E-15,7.01756733077889E-18,
1.));
#10573=DIRECTION('ref_axis',(0.86602540378444,0.499999999999998,-1.04922739975918E-15));
#10574=DIRECTION('',(1.2074918489967E-15,7.01756733077889E-18,1.));
#10575=DIRECTION('center_axis',(1.2074918489967E-15,7.01756733077889E-18,
1.));
#10576=DIRECTION('ref_axis',(0.86602540378444,0.499999999999998,-1.04922739975918E-15));
#10577=DIRECTION('center_axis',(1.2074918489967E-15,7.01756733077889E-18,
1.));
#10578=DIRECTION('ref_axis',(0.86602540378444,0.499999999999998,-1.04922739975918E-15));
#10579=DIRECTION('center_axis',(1.2074918489967E-15,7.01756733077889E-18,
1.));
#10580=DIRECTION('ref_axis',(0.86602540378444,0.499999999999998,-1.04922739975918E-15));
#10581=DIRECTION('',(1.2074918489967E-15,7.01756733077889E-18,1.));
#10582=DIRECTION('center_axis',(1.2074918489967E-15,7.01756733077889E-18,
1.));
#10583=DIRECTION('ref_axis',(0.86602540378444,0.499999999999998,-1.04922739975918E-15));
#10584=DIRECTION('center_axis',(1.2074918489967E-15,7.01756733077889E-18,
1.));
#10585=DIRECTION('ref_axis',(0.86602540378444,0.499999999999998,-1.04922739975918E-15));
#10586=DIRECTION('center_axis',(1.2074918489967E-15,7.01756733077889E-18,
1.));
#10587=DIRECTION('ref_axis',(0.86602540378444,0.499999999999998,-1.04922739975918E-15));
#10588=DIRECTION('',(1.2074918489967E-15,7.01756733077889E-18,1.));
#10589=DIRECTION('center_axis',(1.2074918489967E-15,7.01756733077889E-18,
1.));
#10590=DIRECTION('ref_axis',(0.86602540378444,0.499999999999998,-1.04922739975918E-15));
#10591=DIRECTION('center_axis',(1.2074918489967E-15,7.01756733077889E-18,
1.));
#10592=DIRECTION('ref_axis',(0.86602540378444,0.499999999999998,-1.04922739975918E-15));
#10593=DIRECTION('center_axis',(1.2074918489967E-15,7.01756733077889E-18,
1.));
#10594=DIRECTION('ref_axis',(0.86602540378444,0.499999999999998,-1.04922739975918E-15));
#10595=DIRECTION('',(1.2074918489967E-15,7.01756733077889E-18,1.));
#10596=DIRECTION('center_axis',(1.2074918489967E-15,7.01756733077889E-18,
1.));
#10597=DIRECTION('ref_axis',(0.86602540378444,0.499999999999998,-1.04922739975918E-15));
#10598=DIRECTION('center_axis',(1.2074918489967E-15,7.01756733077889E-18,
1.));
#10599=DIRECTION('ref_axis',(0.86602540378444,0.499999999999998,-1.04922739975918E-15));
#10600=DIRECTION('center_axis',(1.2074918489967E-15,7.01756733077889E-18,
1.));
#10601=DIRECTION('ref_axis',(0.86602540378444,0.499999999999998,-1.04922739975918E-15));
#10602=DIRECTION('',(1.2074918489967E-15,7.01756733077889E-18,1.));
#10603=DIRECTION('center_axis',(1.2074918489967E-15,7.01756733077889E-18,
1.));
#10604=DIRECTION('ref_axis',(0.86602540378444,0.499999999999998,-1.04922739975918E-15));
#10605=DIRECTION('center_axis',(1.2074918489967E-15,7.01756733077889E-18,
1.));
#10606=DIRECTION('ref_axis',(0.86602540378444,0.499999999999998,-1.04922739975918E-15));
#10607=DIRECTION('center_axis',(1.2074918489967E-15,7.01756733077889E-18,
1.));
#10608=DIRECTION('ref_axis',(0.86602540378444,0.499999999999998,-1.04922739975918E-15));
#10609=DIRECTION('',(1.2074918489967E-15,7.01756733077889E-18,1.));
#10610=DIRECTION('center_axis',(1.2074918489967E-15,7.01756733077889E-18,
1.));
#10611=DIRECTION('ref_axis',(0.86602540378444,0.499999999999998,-1.04922739975918E-15));
#10612=DIRECTION('center_axis',(-1.2074918489967E-15,-7.01756733077889E-18,
-1.));
#10613=DIRECTION('ref_axis',(-0.86602540378444,-0.499999999999998,1.04922739975918E-15));
#10614=DIRECTION('center_axis',(1.2074918489967E-15,7.01756733077889E-18,
1.));
#10615=DIRECTION('ref_axis',(0.86602540378444,0.499999999999998,-1.04922739975918E-15));
#10616=DIRECTION('',(1.2074918489967E-15,7.01756733077889E-18,1.));
#10617=DIRECTION('center_axis',(1.2074918489967E-15,7.01756733077889E-18,
1.));
#10618=DIRECTION('ref_axis',(0.86602540378444,0.499999999999998,-1.04922739975918E-15));
#10619=DIRECTION('center_axis',(1.2074918489967E-15,7.01756733077889E-18,
1.));
#10620=DIRECTION('ref_axis',(0.86602540378444,0.499999999999998,-1.04922739975918E-15));
#10621=DIRECTION('center_axis',(1.2074918489967E-15,7.01756733077889E-18,
1.));
#10622=DIRECTION('ref_axis',(0.86602540378444,0.499999999999998,-1.04922739975918E-15));
#10623=DIRECTION('center_axis',(-1.,-1.04085319574515E-16,1.15859635641148E-21));
#10624=DIRECTION('ref_axis',(4.10024876654915E-17,-0.39394174644459,-0.919135409179837));
#10625=DIRECTION('center_axis',(-1.,-1.04085319574515E-16,1.15859635641148E-21));
#10626=DIRECTION('ref_axis',(4.10024876654915E-17,-0.39394174644459,-0.919135409179837));
#10627=DIRECTION('',(1.,1.04085319574515E-16,-1.15859635641148E-21));
#10628=DIRECTION('center_axis',(-1.,-1.04085319574515E-16,1.15859635641148E-21));
#10629=DIRECTION('ref_axis',(4.10024876654915E-17,-0.39394174644459,-0.919135409179837));
#10630=DIRECTION('center_axis',(-1.,-1.04085319574515E-16,1.15859635641148E-21));
#10631=DIRECTION('ref_axis',(4.10024876654915E-17,-0.39394174644459,-0.919135409179837));
#10632=DIRECTION('',(0.707106781186544,-0.278558880303442,-0.649926880659738));
#10633=DIRECTION('center_axis',(-1.,-1.04085319574515E-16,1.15859635641148E-21));
#10634=DIRECTION('ref_axis',(4.10024876654915E-17,-0.39394174644459,-0.919135409179837));
#10635=DIRECTION('center_axis',(-1.,-1.04085319574515E-16,1.15859635641148E-21));
#10636=DIRECTION('ref_axis',(4.10024876654915E-17,-0.39394174644459,-0.919135409179837));
#10637=DIRECTION('center_axis',(1.,1.04085319574515E-16,-1.15859635641148E-21));
#10638=DIRECTION('ref_axis',(-4.10024876654915E-17,0.39394174644459,0.919135409179837));
#10639=DIRECTION('',(1.,1.04085319574515E-16,-1.15859635641148E-21));
#10640=DIRECTION('center_axis',(1.,1.04085319574515E-16,-1.15859635641148E-21));
#10641=DIRECTION('ref_axis',(-4.10024876654915E-17,0.39394174644459,0.919135409179837));
#10642=DIRECTION('center_axis',(1.,1.04085319574515E-16,-1.15859635641148E-21));
#10643=DIRECTION('ref_axis',(-4.10024876654915E-17,0.39394174644459,0.919135409179837));
#10644=DIRECTION('center_axis',(1.,1.04085319574515E-16,-1.15859635641148E-21));
#10645=DIRECTION('ref_axis',(-4.10024876654915E-17,0.39394174644459,0.919135409179837));
#10646=DIRECTION('',(-9.56689592162077E-17,0.919135409179837,-0.39394174644459));
#10647=DIRECTION('',(-8.33436755447776E-17,0.800731264622141,0.599023740645249));
#10648=DIRECTION('',(1.23252836714302E-17,-0.118404144557696,0.992965487089838));
#10649=DIRECTION('',(9.56689592162078E-17,-0.919135409179837,0.39394174644459));
#10650=DIRECTION('',(8.33436755447776E-17,-0.800731264622141,-0.599023740645249));
#10651=DIRECTION('',(-1.23252836714302E-17,0.118404144557696,-0.992965487089838));
#10652=DIRECTION('center_axis',(1.,1.04085319574515E-16,-1.15859635641148E-21));
#10653=DIRECTION('ref_axis',(-4.10024876654915E-17,0.39394174644459,0.919135409179837));
#10654=DIRECTION('center_axis',(6.23505052021076E-17,-0.599023740645249,
0.800731264622141));
#10655=DIRECTION('ref_axis',(8.33436755447776E-17,-0.800731264622142,-0.599023740645249));
#10656=DIRECTION('',(-1.,-1.04085319574515E-16,1.15859635641148E-21));
#10657=DIRECTION('',(-8.33436755447776E-17,0.800731264622141,0.599023740645249));
#10658=DIRECTION('',(-1.,-1.04085319574515E-16,1.15859635641148E-21));
#10659=DIRECTION('center_axis',(1.03352992867599E-16,-0.992965487089839,
-0.118404144557696));
#10660=DIRECTION('ref_axis',(-1.23252836714302E-17,0.118404144557696,-0.992965487089839));
#10661=DIRECTION('',(1.23252836714302E-17,-0.118404144557696,0.992965487089838));
#10662=DIRECTION('',(-1.,-1.04085319574515E-16,1.15859635641148E-21));
#10663=DIRECTION('center_axis',(4.10024876654914E-17,-0.39394174644459,
-0.919135409179837));
#10664=DIRECTION('ref_axis',(-9.56689592162078E-17,0.919135409179837,-0.39394174644459));
#10665=DIRECTION('',(9.56689592162078E-17,-0.919135409179837,0.39394174644459));
#10666=DIRECTION('',(-1.,-1.04085319574515E-16,1.15859635641148E-21));
#10667=DIRECTION('center_axis',(-6.23505052021076E-17,0.599023740645249,
-0.800731264622141));
#10668=DIRECTION('ref_axis',(-8.33436755447776E-17,0.800731264622142,0.599023740645249));
#10669=DIRECTION('',(8.33436755447776E-17,-0.800731264622141,-0.599023740645249));
#10670=DIRECTION('',(-1.,-1.04085319574515E-16,1.15859635641148E-21));
#10671=DIRECTION('center_axis',(-1.03352992867599E-16,0.992965487089839,
0.118404144557696));
#10672=DIRECTION('ref_axis',(1.23252836714302E-17,-0.118404144557696,0.992965487089839));
#10673=DIRECTION('',(-1.23252836714302E-17,0.118404144557696,-0.992965487089838));
#10674=DIRECTION('',(-1.,-1.04085319574515E-16,1.15859635641148E-21));
#10675=DIRECTION('center_axis',(-4.10024876654915E-17,0.39394174644459,
0.919135409179837));
#10676=DIRECTION('ref_axis',(9.56689592162078E-17,-0.919135409179837,0.39394174644459));
#10677=DIRECTION('',(-9.56689592162077E-17,0.919135409179837,-0.39394174644459));
#10678=DIRECTION('center_axis',(-1.,-1.04085319574515E-16,1.15859635641148E-21));
#10679=DIRECTION('ref_axis',(4.10024876654915E-17,-0.39394174644459,-0.919135409179837));
#10680=DIRECTION('center_axis',(-1.,-1.04085319574515E-16,1.15859635641148E-21));
#10681=DIRECTION('ref_axis',(4.10024876654915E-17,-0.39394174644459,-0.919135409179837));
#10682=DIRECTION('center_axis',(-1.,-1.04085319574515E-16,1.15859635641148E-21));
#10683=DIRECTION('ref_axis',(4.10024876654915E-17,-0.39394174644459,-0.919135409179837));
#10684=DIRECTION('',(1.,1.04085319574515E-16,-1.15859635641148E-21));
#10685=DIRECTION('center_axis',(-1.,-1.04085319574515E-16,1.15859635641148E-21));
#10686=DIRECTION('ref_axis',(4.10024876654915E-17,-0.39394174644459,-0.919135409179837));
#10687=DIRECTION('center_axis',(-1.,-1.04085319574515E-16,1.15859635641148E-21));
#10688=DIRECTION('ref_axis',(4.10024876654915E-17,-0.39394174644459,-0.919135409179837));
#10689=DIRECTION('',(0.707106781186544,-0.278558880303442,-0.649926880659738));
#10690=DIRECTION('center_axis',(-1.,-1.04085319574515E-16,1.15859635641148E-21));
#10691=DIRECTION('ref_axis',(4.10024876654915E-17,-0.39394174644459,-0.919135409179837));
#10692=DIRECTION('center_axis',(-1.,-1.04085319574515E-16,1.15859635641148E-21));
#10693=DIRECTION('ref_axis',(4.10024876654915E-17,-0.39394174644459,-0.919135409179837));
#10694=DIRECTION('center_axis',(1.,1.04085319574515E-16,-1.15859635641148E-21));
#10695=DIRECTION('ref_axis',(-4.10024876654915E-17,0.39394174644459,0.919135409179837));
#10696=DIRECTION('',(1.,1.04085319574515E-16,-1.15859635641148E-21));
#10697=DIRECTION('center_axis',(1.,1.04085319574515E-16,-1.15859635641148E-21));
#10698=DIRECTION('ref_axis',(-4.10024876654915E-17,0.39394174644459,0.919135409179837));
#10699=DIRECTION('center_axis',(1.,1.04085319574515E-16,-1.15859635641148E-21));
#10700=DIRECTION('ref_axis',(-4.10024876654915E-17,0.39394174644459,0.919135409179837));
#10701=DIRECTION('center_axis',(1.,1.04085319574515E-16,-1.15859635641148E-21));
#10702=DIRECTION('ref_axis',(-4.10024876654915E-17,0.39394174644459,0.919135409179837));
#10703=DIRECTION('',(-9.56689592162077E-17,0.919135409179837,-0.39394174644459));
#10704=DIRECTION('',(-8.33436755447776E-17,0.800731264622141,0.599023740645249));
#10705=DIRECTION('',(1.23252836714302E-17,-0.118404144557696,0.992965487089838));
#10706=DIRECTION('',(9.56689592162078E-17,-0.919135409179837,0.39394174644459));
#10707=DIRECTION('',(8.33436755447776E-17,-0.800731264622141,-0.599023740645249));
#10708=DIRECTION('',(-1.23252836714302E-17,0.118404144557696,-0.992965487089838));
#10709=DIRECTION('center_axis',(1.,1.04085319574515E-16,-1.15859635641148E-21));
#10710=DIRECTION('ref_axis',(-4.10024876654915E-17,0.39394174644459,0.919135409179837));
#10711=DIRECTION('center_axis',(6.23505052021076E-17,-0.599023740645249,
0.800731264622141));
#10712=DIRECTION('ref_axis',(8.33436755447776E-17,-0.800731264622142,-0.599023740645249));
#10713=DIRECTION('',(-1.,-1.04085319574515E-16,1.15859635641148E-21));
#10714=DIRECTION('',(-8.33436755447776E-17,0.800731264622141,0.599023740645249));
#10715=DIRECTION('',(-1.,-1.04085319574515E-16,1.15859635641148E-21));
#10716=DIRECTION('center_axis',(1.03352992867599E-16,-0.992965487089839,
-0.118404144557696));
#10717=DIRECTION('ref_axis',(-1.23252836714302E-17,0.118404144557696,-0.992965487089839));
#10718=DIRECTION('',(1.23252836714302E-17,-0.118404144557696,0.992965487089838));
#10719=DIRECTION('',(-1.,-1.04085319574515E-16,1.15859635641148E-21));
#10720=DIRECTION('center_axis',(4.10024876654914E-17,-0.39394174644459,
-0.919135409179837));
#10721=DIRECTION('ref_axis',(-9.56689592162078E-17,0.919135409179837,-0.39394174644459));
#10722=DIRECTION('',(9.56689592162078E-17,-0.919135409179837,0.39394174644459));
#10723=DIRECTION('',(-1.,-1.04085319574515E-16,1.15859635641148E-21));
#10724=DIRECTION('center_axis',(-6.23505052021076E-17,0.599023740645249,
-0.800731264622141));
#10725=DIRECTION('ref_axis',(-8.33436755447776E-17,0.800731264622142,0.599023740645249));
#10726=DIRECTION('',(8.33436755447776E-17,-0.800731264622141,-0.599023740645249));
#10727=DIRECTION('',(-1.,-1.04085319574515E-16,1.15859635641148E-21));
#10728=DIRECTION('center_axis',(-1.03352992867599E-16,0.992965487089839,
0.118404144557696));
#10729=DIRECTION('ref_axis',(1.23252836714302E-17,-0.118404144557696,0.992965487089839));
#10730=DIRECTION('',(-1.23252836714302E-17,0.118404144557696,-0.992965487089838));
#10731=DIRECTION('',(-1.,-1.04085319574515E-16,1.15859635641148E-21));
#10732=DIRECTION('center_axis',(-4.10024876654915E-17,0.39394174644459,
0.919135409179837));
#10733=DIRECTION('ref_axis',(9.56689592162078E-17,-0.919135409179837,0.39394174644459));
#10734=DIRECTION('',(-9.56689592162077E-17,0.919135409179837,-0.39394174644459));
#10735=DIRECTION('center_axis',(-1.,-1.04085319574515E-16,1.15859635641148E-21));
#10736=DIRECTION('ref_axis',(4.10024876654915E-17,-0.39394174644459,-0.919135409179837));
#10737=DIRECTION('center_axis',(-1.,-1.04085319574515E-16,1.15859635641148E-21));
#10738=DIRECTION('ref_axis',(4.10024876654915E-17,-0.39394174644459,-0.919135409179837));
#10739=DIRECTION('center_axis',(-1.,-1.04085319574515E-16,1.15859635641148E-21));
#10740=DIRECTION('ref_axis',(4.10024876654915E-17,-0.39394174644459,-0.919135409179837));
#10741=DIRECTION('',(1.,1.04085319574515E-16,-1.15859635641148E-21));
#10742=DIRECTION('center_axis',(-1.,-1.04085319574515E-16,1.15859635641148E-21));
#10743=DIRECTION('ref_axis',(4.10024876654915E-17,-0.39394174644459,-0.919135409179837));
#10744=DIRECTION('center_axis',(-1.,-1.04085319574515E-16,1.15859635641148E-21));
#10745=DIRECTION('ref_axis',(4.10024876654915E-17,-0.39394174644459,-0.919135409179837));
#10746=DIRECTION('',(0.707106781186544,-0.278558880303442,-0.649926880659738));
#10747=DIRECTION('center_axis',(-1.,-1.04085319574515E-16,1.15859635641148E-21));
#10748=DIRECTION('ref_axis',(4.10024876654915E-17,-0.39394174644459,-0.919135409179837));
#10749=DIRECTION('center_axis',(-1.,-1.04085319574515E-16,1.15859635641148E-21));
#10750=DIRECTION('ref_axis',(4.10024876654915E-17,-0.39394174644459,-0.919135409179837));
#10751=DIRECTION('center_axis',(1.,1.04085319574515E-16,-1.15859635641148E-21));
#10752=DIRECTION('ref_axis',(-4.10024876654915E-17,0.39394174644459,0.919135409179837));
#10753=DIRECTION('',(1.,1.04085319574515E-16,-1.15859635641148E-21));
#10754=DIRECTION('center_axis',(1.,1.04085319574515E-16,-1.15859635641148E-21));
#10755=DIRECTION('ref_axis',(-4.10024876654915E-17,0.39394174644459,0.919135409179837));
#10756=DIRECTION('center_axis',(1.,1.04085319574515E-16,-1.15859635641148E-21));
#10757=DIRECTION('ref_axis',(-4.10024876654915E-17,0.39394174644459,0.919135409179837));
#10758=DIRECTION('center_axis',(1.,1.04085319574515E-16,-1.15859635641148E-21));
#10759=DIRECTION('ref_axis',(-4.10024876654915E-17,0.39394174644459,0.919135409179837));
#10760=DIRECTION('',(-9.56689592162077E-17,0.919135409179837,-0.39394174644459));
#10761=DIRECTION('',(-8.33436755447776E-17,0.800731264622141,0.599023740645249));
#10762=DIRECTION('',(1.23252836714302E-17,-0.118404144557696,0.992965487089838));
#10763=DIRECTION('',(9.56689592162078E-17,-0.919135409179837,0.39394174644459));
#10764=DIRECTION('',(8.33436755447776E-17,-0.800731264622141,-0.599023740645249));
#10765=DIRECTION('',(-1.23252836714302E-17,0.118404144557696,-0.992965487089838));
#10766=DIRECTION('center_axis',(1.,1.04085319574515E-16,-1.15859635641148E-21));
#10767=DIRECTION('ref_axis',(-4.10024876654915E-17,0.39394174644459,0.919135409179837));
#10768=DIRECTION('center_axis',(6.23505052021076E-17,-0.599023740645249,
0.800731264622141));
#10769=DIRECTION('ref_axis',(8.33436755447776E-17,-0.800731264622142,-0.599023740645249));
#10770=DIRECTION('',(-1.,-1.04085319574515E-16,1.15859635641148E-21));
#10771=DIRECTION('',(-8.33436755447776E-17,0.800731264622141,0.599023740645249));
#10772=DIRECTION('',(-1.,-1.04085319574515E-16,1.15859635641148E-21));
#10773=DIRECTION('center_axis',(1.03352992867599E-16,-0.992965487089839,
-0.118404144557696));
#10774=DIRECTION('ref_axis',(-1.23252836714302E-17,0.118404144557696,-0.992965487089839));
#10775=DIRECTION('',(1.23252836714302E-17,-0.118404144557696,0.992965487089838));
#10776=DIRECTION('',(-1.,-1.04085319574515E-16,1.15859635641148E-21));
#10777=DIRECTION('center_axis',(4.10024876654914E-17,-0.39394174644459,
-0.919135409179837));
#10778=DIRECTION('ref_axis',(-9.56689592162078E-17,0.919135409179837,-0.39394174644459));
#10779=DIRECTION('',(9.56689592162078E-17,-0.919135409179837,0.39394174644459));
#10780=DIRECTION('',(-1.,-1.04085319574515E-16,1.15859635641148E-21));
#10781=DIRECTION('center_axis',(-6.23505052021076E-17,0.599023740645249,
-0.800731264622141));
#10782=DIRECTION('ref_axis',(-8.33436755447776E-17,0.800731264622142,0.599023740645249));
#10783=DIRECTION('',(8.33436755447776E-17,-0.800731264622141,-0.599023740645249));
#10784=DIRECTION('',(-1.,-1.04085319574515E-16,1.15859635641148E-21));
#10785=DIRECTION('center_axis',(-1.03352992867599E-16,0.992965487089839,
0.118404144557696));
#10786=DIRECTION('ref_axis',(1.23252836714302E-17,-0.118404144557696,0.992965487089839));
#10787=DIRECTION('',(-1.23252836714302E-17,0.118404144557696,-0.992965487089838));
#10788=DIRECTION('',(-1.,-1.04085319574515E-16,1.15859635641148E-21));
#10789=DIRECTION('center_axis',(-4.10024876654915E-17,0.39394174644459,
0.919135409179837));
#10790=DIRECTION('ref_axis',(9.56689592162078E-17,-0.919135409179837,0.39394174644459));
#10791=DIRECTION('',(-9.56689592162077E-17,0.919135409179837,-0.39394174644459));
#10792=DIRECTION('center_axis',(-1.,-1.04085319574515E-16,1.15859635641148E-21));
#10793=DIRECTION('ref_axis',(4.10024876654915E-17,-0.39394174644459,-0.919135409179837));
#10794=DIRECTION('center_axis',(-1.,-1.04085319574515E-16,1.15859635641148E-21));
#10795=DIRECTION('ref_axis',(4.10024876654915E-17,-0.39394174644459,-0.919135409179837));
#10796=DIRECTION('center_axis',(-1.,-1.04085319574515E-16,1.15859635641148E-21));
#10797=DIRECTION('ref_axis',(4.10024876654915E-17,-0.39394174644459,-0.919135409179837));
#10798=DIRECTION('',(1.,1.04085319574515E-16,-1.15859635641148E-21));
#10799=DIRECTION('center_axis',(-1.,-1.04085319574515E-16,1.15859635641148E-21));
#10800=DIRECTION('ref_axis',(4.10024876654915E-17,-0.39394174644459,-0.919135409179837));
#10801=DIRECTION('center_axis',(-1.,-1.04085319574515E-16,1.15859635641148E-21));
#10802=DIRECTION('ref_axis',(4.10024876654915E-17,-0.39394174644459,-0.919135409179837));
#10803=DIRECTION('',(0.707106781186544,-0.278558880303442,-0.649926880659738));
#10804=DIRECTION('center_axis',(-1.,-1.04085319574515E-16,1.15859635641148E-21));
#10805=DIRECTION('ref_axis',(4.10024876654915E-17,-0.39394174644459,-0.919135409179837));
#10806=DIRECTION('center_axis',(-1.,-1.04085319574515E-16,1.15859635641148E-21));
#10807=DIRECTION('ref_axis',(4.10024876654915E-17,-0.39394174644459,-0.919135409179837));
#10808=DIRECTION('center_axis',(1.,1.04085319574515E-16,-1.15859635641148E-21));
#10809=DIRECTION('ref_axis',(-4.10024876654915E-17,0.39394174644459,0.919135409179837));
#10810=DIRECTION('',(1.,1.04085319574515E-16,-1.15859635641148E-21));
#10811=DIRECTION('center_axis',(1.,1.04085319574515E-16,-1.15859635641148E-21));
#10812=DIRECTION('ref_axis',(-4.10024876654915E-17,0.39394174644459,0.919135409179837));
#10813=DIRECTION('center_axis',(1.,1.04085319574515E-16,-1.15859635641148E-21));
#10814=DIRECTION('ref_axis',(-4.10024876654915E-17,0.39394174644459,0.919135409179837));
#10815=DIRECTION('center_axis',(1.,1.04085319574515E-16,-1.15859635641148E-21));
#10816=DIRECTION('ref_axis',(-4.10024876654915E-17,0.39394174644459,0.919135409179837));
#10817=DIRECTION('',(-9.56689592162077E-17,0.919135409179837,-0.39394174644459));
#10818=DIRECTION('',(-8.33436755447776E-17,0.800731264622141,0.599023740645249));
#10819=DIRECTION('',(1.23252836714302E-17,-0.118404144557696,0.992965487089838));
#10820=DIRECTION('',(9.56689592162078E-17,-0.919135409179837,0.39394174644459));
#10821=DIRECTION('',(8.33436755447776E-17,-0.800731264622141,-0.599023740645249));
#10822=DIRECTION('',(-1.23252836714302E-17,0.118404144557696,-0.992965487089838));
#10823=DIRECTION('center_axis',(1.,1.04085319574515E-16,-1.15859635641148E-21));
#10824=DIRECTION('ref_axis',(-4.10024876654915E-17,0.39394174644459,0.919135409179837));
#10825=DIRECTION('center_axis',(6.23505052021076E-17,-0.599023740645249,
0.800731264622141));
#10826=DIRECTION('ref_axis',(8.33436755447776E-17,-0.800731264622142,-0.599023740645249));
#10827=DIRECTION('',(-1.,-1.04085319574515E-16,1.15859635641148E-21));
#10828=DIRECTION('',(-8.33436755447776E-17,0.800731264622141,0.599023740645249));
#10829=DIRECTION('',(-1.,-1.04085319574515E-16,1.15859635641148E-21));
#10830=DIRECTION('center_axis',(1.03352992867599E-16,-0.992965487089839,
-0.118404144557696));
#10831=DIRECTION('ref_axis',(-1.23252836714302E-17,0.118404144557696,-0.992965487089839));
#10832=DIRECTION('',(1.23252836714302E-17,-0.118404144557696,0.992965487089838));
#10833=DIRECTION('',(-1.,-1.04085319574515E-16,1.15859635641148E-21));
#10834=DIRECTION('center_axis',(4.10024876654914E-17,-0.39394174644459,
-0.919135409179837));
#10835=DIRECTION('ref_axis',(-9.56689592162078E-17,0.919135409179837,-0.39394174644459));
#10836=DIRECTION('',(9.56689592162078E-17,-0.919135409179837,0.39394174644459));
#10837=DIRECTION('',(-1.,-1.04085319574515E-16,1.15859635641148E-21));
#10838=DIRECTION('center_axis',(-6.23505052021076E-17,0.599023740645249,
-0.800731264622141));
#10839=DIRECTION('ref_axis',(-8.33436755447776E-17,0.800731264622142,0.599023740645249));
#10840=DIRECTION('',(8.33436755447776E-17,-0.800731264622141,-0.599023740645249));
#10841=DIRECTION('',(-1.,-1.04085319574515E-16,1.15859635641148E-21));
#10842=DIRECTION('center_axis',(-1.03352992867599E-16,0.992965487089839,
0.118404144557696));
#10843=DIRECTION('ref_axis',(1.23252836714302E-17,-0.118404144557696,0.992965487089839));
#10844=DIRECTION('',(-1.23252836714302E-17,0.118404144557696,-0.992965487089838));
#10845=DIRECTION('',(-1.,-1.04085319574515E-16,1.15859635641148E-21));
#10846=DIRECTION('center_axis',(-4.10024876654915E-17,0.39394174644459,
0.919135409179837));
#10847=DIRECTION('ref_axis',(9.56689592162078E-17,-0.919135409179837,0.39394174644459));
#10848=DIRECTION('',(-9.56689592162077E-17,0.919135409179837,-0.39394174644459));
#10849=DIRECTION('center_axis',(-1.,-1.04085319574515E-16,1.15859635641148E-21));
#10850=DIRECTION('ref_axis',(4.10024876654915E-17,-0.39394174644459,-0.919135409179837));
#10851=DIRECTION('center_axis',(-1.,-1.04085319574515E-16,1.15859635641148E-21));
#10852=DIRECTION('ref_axis',(4.10024876654915E-17,-0.39394174644459,-0.919135409179837));
#10853=DIRECTION('center_axis',(-1.,-1.04085319574515E-16,1.15859635641148E-21));
#10854=DIRECTION('ref_axis',(4.10024876654915E-17,-0.39394174644459,-0.919135409179837));
#10855=DIRECTION('',(1.,1.04085319574515E-16,-1.15859635641148E-21));
#10856=DIRECTION('center_axis',(-1.,-1.04085319574515E-16,1.15859635641148E-21));
#10857=DIRECTION('ref_axis',(4.10024876654915E-17,-0.39394174644459,-0.919135409179837));
#10858=DIRECTION('center_axis',(-1.,-1.04085319574515E-16,1.15859635641148E-21));
#10859=DIRECTION('ref_axis',(4.10024876654915E-17,-0.39394174644459,-0.919135409179837));
#10860=DIRECTION('',(0.707106781186544,-0.278558880303442,-0.649926880659738));
#10861=DIRECTION('center_axis',(-1.,-1.04085319574515E-16,1.15859635641148E-21));
#10862=DIRECTION('ref_axis',(4.10024876654915E-17,-0.39394174644459,-0.919135409179837));
#10863=DIRECTION('center_axis',(-1.,-1.04085319574515E-16,1.15859635641148E-21));
#10864=DIRECTION('ref_axis',(4.10024876654915E-17,-0.39394174644459,-0.919135409179837));
#10865=DIRECTION('center_axis',(1.,1.04085319574515E-16,-1.15859635641148E-21));
#10866=DIRECTION('ref_axis',(-4.10024876654915E-17,0.39394174644459,0.919135409179837));
#10867=DIRECTION('',(1.,1.04085319574515E-16,-1.15859635641148E-21));
#10868=DIRECTION('center_axis',(1.,1.04085319574515E-16,-1.15859635641148E-21));
#10869=DIRECTION('ref_axis',(-4.10024876654915E-17,0.39394174644459,0.919135409179837));
#10870=DIRECTION('center_axis',(1.,1.04085319574515E-16,-1.15859635641148E-21));
#10871=DIRECTION('ref_axis',(-4.10024876654915E-17,0.39394174644459,0.919135409179837));
#10872=DIRECTION('center_axis',(1.,1.04085319574515E-16,-1.15859635641148E-21));
#10873=DIRECTION('ref_axis',(-4.10024876654915E-17,0.39394174644459,0.919135409179837));
#10874=DIRECTION('',(-9.56689592162077E-17,0.919135409179837,-0.39394174644459));
#10875=DIRECTION('',(-8.33436755447776E-17,0.800731264622141,0.599023740645249));
#10876=DIRECTION('',(1.23252836714302E-17,-0.118404144557696,0.992965487089838));
#10877=DIRECTION('',(9.56689592162078E-17,-0.919135409179837,0.39394174644459));
#10878=DIRECTION('',(8.33436755447776E-17,-0.800731264622141,-0.599023740645249));
#10879=DIRECTION('',(-1.23252836714302E-17,0.118404144557696,-0.992965487089838));
#10880=DIRECTION('center_axis',(1.,1.04085319574515E-16,-1.15859635641148E-21));
#10881=DIRECTION('ref_axis',(-4.10024876654915E-17,0.39394174644459,0.919135409179837));
#10882=DIRECTION('center_axis',(6.23505052021076E-17,-0.599023740645249,
0.800731264622141));
#10883=DIRECTION('ref_axis',(8.33436755447776E-17,-0.800731264622142,-0.599023740645249));
#10884=DIRECTION('',(-1.,-1.04085319574515E-16,1.15859635641148E-21));
#10885=DIRECTION('',(-8.33436755447776E-17,0.800731264622141,0.599023740645249));
#10886=DIRECTION('',(-1.,-1.04085319574515E-16,1.15859635641148E-21));
#10887=DIRECTION('center_axis',(1.03352992867599E-16,-0.992965487089839,
-0.118404144557696));
#10888=DIRECTION('ref_axis',(-1.23252836714302E-17,0.118404144557696,-0.992965487089839));
#10889=DIRECTION('',(1.23252836714302E-17,-0.118404144557696,0.992965487089838));
#10890=DIRECTION('',(-1.,-1.04085319574515E-16,1.15859635641148E-21));
#10891=DIRECTION('center_axis',(4.10024876654914E-17,-0.39394174644459,
-0.919135409179837));
#10892=DIRECTION('ref_axis',(-9.56689592162078E-17,0.919135409179837,-0.39394174644459));
#10893=DIRECTION('',(9.56689592162078E-17,-0.919135409179837,0.39394174644459));
#10894=DIRECTION('',(-1.,-1.04085319574515E-16,1.15859635641148E-21));
#10895=DIRECTION('center_axis',(-6.23505052021076E-17,0.599023740645249,
-0.800731264622141));
#10896=DIRECTION('ref_axis',(-8.33436755447776E-17,0.800731264622142,0.599023740645249));
#10897=DIRECTION('',(8.33436755447776E-17,-0.800731264622141,-0.599023740645249));
#10898=DIRECTION('',(-1.,-1.04085319574515E-16,1.15859635641148E-21));
#10899=DIRECTION('center_axis',(-1.03352992867599E-16,0.992965487089839,
0.118404144557696));
#10900=DIRECTION('ref_axis',(1.23252836714302E-17,-0.118404144557696,0.992965487089839));
#10901=DIRECTION('',(-1.23252836714302E-17,0.118404144557696,-0.992965487089838));
#10902=DIRECTION('',(-1.,-1.04085319574515E-16,1.15859635641148E-21));
#10903=DIRECTION('center_axis',(-4.10024876654915E-17,0.39394174644459,
0.919135409179837));
#10904=DIRECTION('ref_axis',(9.56689592162078E-17,-0.919135409179837,0.39394174644459));
#10905=DIRECTION('',(-9.56689592162077E-17,0.919135409179837,-0.39394174644459));
#10906=DIRECTION('center_axis',(-1.,-1.04085319574515E-16,1.15859635641148E-21));
#10907=DIRECTION('ref_axis',(4.10024876654915E-17,-0.39394174644459,-0.919135409179837));
#10908=DIRECTION('center_axis',(-1.,-1.04085319574515E-16,1.15859635641148E-21));
#10909=DIRECTION('ref_axis',(4.10024876654915E-17,-0.39394174644459,-0.919135409179837));
#10910=DIRECTION('center_axis',(-1.,-1.04085319574515E-16,1.15859635641148E-21));
#10911=DIRECTION('ref_axis',(4.10024876654915E-17,-0.39394174644459,-0.919135409179837));
#10912=DIRECTION('',(1.,1.04085319574515E-16,-1.15859635641148E-21));
#10913=DIRECTION('center_axis',(-1.,-1.04085319574515E-16,1.15859635641148E-21));
#10914=DIRECTION('ref_axis',(4.10024876654915E-17,-0.39394174644459,-0.919135409179837));
#10915=DIRECTION('center_axis',(-1.,-1.04085319574515E-16,1.15859635641148E-21));
#10916=DIRECTION('ref_axis',(4.10024876654915E-17,-0.39394174644459,-0.919135409179837));
#10917=DIRECTION('',(0.707106781186544,-0.278558880303442,-0.649926880659738));
#10918=DIRECTION('center_axis',(-1.,-1.04085319574515E-16,1.15859635641148E-21));
#10919=DIRECTION('ref_axis',(4.10024876654915E-17,-0.39394174644459,-0.919135409179837));
#10920=DIRECTION('center_axis',(-1.,-1.04085319574515E-16,1.15859635641148E-21));
#10921=DIRECTION('ref_axis',(4.10024876654915E-17,-0.39394174644459,-0.919135409179837));
#10922=DIRECTION('center_axis',(1.,1.04085319574515E-16,-1.15859635641148E-21));
#10923=DIRECTION('ref_axis',(-4.10024876654915E-17,0.39394174644459,0.919135409179837));
#10924=DIRECTION('',(1.,1.04085319574515E-16,-1.15859635641148E-21));
#10925=DIRECTION('center_axis',(1.,1.04085319574515E-16,-1.15859635641148E-21));
#10926=DIRECTION('ref_axis',(-4.10024876654915E-17,0.39394174644459,0.919135409179837));
#10927=DIRECTION('center_axis',(1.,1.04085319574515E-16,-1.15859635641148E-21));
#10928=DIRECTION('ref_axis',(-4.10024876654915E-17,0.39394174644459,0.919135409179837));
#10929=DIRECTION('center_axis',(1.,1.04085319574515E-16,-1.15859635641148E-21));
#10930=DIRECTION('ref_axis',(-4.10024876654915E-17,0.39394174644459,0.919135409179837));
#10931=DIRECTION('',(-9.56689592162077E-17,0.919135409179837,-0.39394174644459));
#10932=DIRECTION('',(-8.33436755447776E-17,0.800731264622141,0.599023740645249));
#10933=DIRECTION('',(1.23252836714302E-17,-0.118404144557696,0.992965487089838));
#10934=DIRECTION('',(9.56689592162078E-17,-0.919135409179837,0.39394174644459));
#10935=DIRECTION('',(8.33436755447776E-17,-0.800731264622141,-0.599023740645249));
#10936=DIRECTION('',(-1.23252836714302E-17,0.118404144557696,-0.992965487089838));
#10937=DIRECTION('center_axis',(1.,1.04085319574515E-16,-1.15859635641148E-21));
#10938=DIRECTION('ref_axis',(-4.10024876654915E-17,0.39394174644459,0.919135409179837));
#10939=DIRECTION('center_axis',(6.23505052021076E-17,-0.599023740645249,
0.800731264622141));
#10940=DIRECTION('ref_axis',(8.33436755447776E-17,-0.800731264622142,-0.599023740645249));
#10941=DIRECTION('',(-1.,-1.04085319574515E-16,1.15859635641148E-21));
#10942=DIRECTION('',(-8.33436755447776E-17,0.800731264622141,0.599023740645249));
#10943=DIRECTION('',(-1.,-1.04085319574515E-16,1.15859635641148E-21));
#10944=DIRECTION('center_axis',(1.03352992867599E-16,-0.992965487089839,
-0.118404144557696));
#10945=DIRECTION('ref_axis',(-1.23252836714302E-17,0.118404144557696,-0.992965487089839));
#10946=DIRECTION('',(1.23252836714302E-17,-0.118404144557696,0.992965487089838));
#10947=DIRECTION('',(-1.,-1.04085319574515E-16,1.15859635641148E-21));
#10948=DIRECTION('center_axis',(4.10024876654914E-17,-0.39394174644459,
-0.919135409179837));
#10949=DIRECTION('ref_axis',(-9.56689592162078E-17,0.919135409179837,-0.39394174644459));
#10950=DIRECTION('',(9.56689592162078E-17,-0.919135409179837,0.39394174644459));
#10951=DIRECTION('',(-1.,-1.04085319574515E-16,1.15859635641148E-21));
#10952=DIRECTION('center_axis',(-6.23505052021076E-17,0.599023740645249,
-0.800731264622141));
#10953=DIRECTION('ref_axis',(-8.33436755447776E-17,0.800731264622142,0.599023740645249));
#10954=DIRECTION('',(8.33436755447776E-17,-0.800731264622141,-0.599023740645249));
#10955=DIRECTION('',(-1.,-1.04085319574515E-16,1.15859635641148E-21));
#10956=DIRECTION('center_axis',(-1.03352992867599E-16,0.992965487089839,
0.118404144557696));
#10957=DIRECTION('ref_axis',(1.23252836714302E-17,-0.118404144557696,0.992965487089839));
#10958=DIRECTION('',(-1.23252836714302E-17,0.118404144557696,-0.992965487089838));
#10959=DIRECTION('',(-1.,-1.04085319574515E-16,1.15859635641148E-21));
#10960=DIRECTION('center_axis',(-4.10024876654915E-17,0.39394174644459,
0.919135409179837));
#10961=DIRECTION('ref_axis',(9.56689592162078E-17,-0.919135409179837,0.39394174644459));
#10962=DIRECTION('',(-9.56689592162077E-17,0.919135409179837,-0.39394174644459));
#10963=DIRECTION('center_axis',(-1.,-1.04085319574515E-16,1.15859635641148E-21));
#10964=DIRECTION('ref_axis',(4.10024876654915E-17,-0.39394174644459,-0.919135409179837));
#10965=DIRECTION('center_axis',(4.03385387344387E-23,3.88578058618805E-16,
1.));
#10966=DIRECTION('ref_axis',(7.04779136387922E-13,-1.,3.88578058618805E-16));
#10967=DIRECTION('center_axis',(4.03385387344387E-23,3.88578058618805E-16,
1.));
#10968=DIRECTION('ref_axis',(7.04779136387922E-13,-1.,3.88578058618805E-16));
#10969=DIRECTION('',(-4.03385387344387E-23,-3.88578058618805E-16,-1.));
#10970=DIRECTION('center_axis',(4.03385387344387E-23,3.88578058618805E-16,
1.));
#10971=DIRECTION('ref_axis',(7.04779136387922E-13,-1.,3.88578058618805E-16));
#10972=DIRECTION('center_axis',(4.03385387344387E-23,3.88578058618805E-16,
1.));
#10973=DIRECTION('ref_axis',(7.04779136387922E-13,-1.,3.88578058618805E-16));
#10974=DIRECTION('',(4.984407021558E-13,-0.707106781186551,-0.707106781186544));
#10975=DIRECTION('center_axis',(4.03385387344387E-23,3.88578058618805E-16,
1.));
#10976=DIRECTION('ref_axis',(7.04779136387922E-13,-1.,3.88578058618805E-16));
#10977=DIRECTION('center_axis',(4.03385387344387E-23,3.88578058618805E-16,
1.));
#10978=DIRECTION('ref_axis',(7.04779136387921E-13,-1.,3.88578058618805E-16));
#10979=DIRECTION('center_axis',(-4.03385387344387E-23,-3.88578058618805E-16,
-1.));
#10980=DIRECTION('ref_axis',(-7.04779136387921E-13,1.,-3.88578058618805E-16));
#10981=DIRECTION('',(-4.03385387344387E-23,-3.88578058618805E-16,-1.));
#10982=DIRECTION('center_axis',(-4.03385387344387E-23,-3.88578058618805E-16,
-1.));
#10983=DIRECTION('ref_axis',(-7.04779136387921E-13,1.,-3.88578058618805E-16));
#10984=DIRECTION('center_axis',(-4.03385387344387E-23,-3.88578058618805E-16,
-1.));
#10985=DIRECTION('ref_axis',(-7.04779136387922E-13,1.,-3.88578058618805E-16));
#10986=DIRECTION('center_axis',(-4.03385387344387E-23,-3.88578058618805E-16,
-1.));
#10987=DIRECTION('ref_axis',(-7.04779136387922E-13,1.,-3.88578058618805E-16));
#10988=DIRECTION('',(-1.,-7.0490432927115E-13,4.03388126447945E-23));
#10989=DIRECTION('',(-0.50000000000061,0.866025403784086,-3.36518449947717E-16));
#10990=DIRECTION('',(0.49999999999939,0.866025403784791,-3.3651849028653E-16));
#10991=DIRECTION('',(1.,7.04528750621465E-13,-4.03388124988528E-23));
#10992=DIRECTION('',(0.50000000000061,-0.866025403784086,3.36518449947717E-16));
#10993=DIRECTION('',(-0.49999999999939,-0.866025403784791,3.3651849028653E-16));
#10994=DIRECTION('center_axis',(-4.03385387344387E-23,-3.88578058618805E-16,
-1.));
#10995=DIRECTION('ref_axis',(-7.04779136387922E-13,1.,-3.88578058618805E-16));
#10996=DIRECTION('center_axis',(0.866025403784086,0.50000000000061,-1.94289064243839E-16));
#10997=DIRECTION('ref_axis',(0.50000000000061,-0.866025403784086,3.36518449947717E-16));
#10998=DIRECTION('',(4.03385387344387E-23,3.88578058618805E-16,1.));
#10999=DIRECTION('',(-0.50000000000061,0.866025403784086,-3.36518449947717E-16));
#11000=DIRECTION('',(4.03385387344387E-23,3.88578058618805E-16,1.));
#11001=DIRECTION('center_axis',(0.866025403784791,-0.49999999999939,1.94288994374966E-16));
#11002=DIRECTION('ref_axis',(-0.49999999999939,-0.866025403784791,3.3651849028653E-16));
#11003=DIRECTION('',(0.49999999999939,0.866025403784791,-3.3651849028653E-16));
#11004=DIRECTION('',(4.03385387344387E-23,3.88578058618805E-16,1.));
#11005=DIRECTION('center_axis',(7.04528750621465E-13,-1.,3.88578058618805E-16));
#11006=DIRECTION('ref_axis',(-1.,-7.04528750621465E-13,4.03388124988528E-23));
#11007=DIRECTION('',(1.,7.04528750621465E-13,-4.03388124988528E-23));
#11008=DIRECTION('',(4.03385387344387E-23,3.88578058618805E-16,1.));
#11009=DIRECTION('center_axis',(-0.866025403784086,-0.50000000000061,1.94289064243839E-16));
#11010=DIRECTION('ref_axis',(-0.50000000000061,0.866025403784086,-3.36518449947717E-16));
#11011=DIRECTION('',(0.50000000000061,-0.866025403784086,3.36518449947717E-16));
#11012=DIRECTION('',(4.03385387344387E-23,3.88578058618805E-16,1.));
#11013=DIRECTION('center_axis',(-0.866025403784791,0.49999999999939,-1.94288994374966E-16));
#11014=DIRECTION('ref_axis',(0.49999999999939,0.866025403784791,-3.3651849028653E-16));
#11015=DIRECTION('',(-0.49999999999939,-0.866025403784791,3.3651849028653E-16));
#11016=DIRECTION('',(4.03385387344387E-23,3.88578058618805E-16,1.));
#11017=DIRECTION('center_axis',(-7.0490432927115E-13,1.,-3.88578058618805E-16));
#11018=DIRECTION('ref_axis',(1.,7.0490432927115E-13,-4.03388126447945E-23));
#11019=DIRECTION('',(-1.,-7.0490432927115E-13,4.03388126447945E-23));
#11020=DIRECTION('center_axis',(4.03385387344387E-23,3.88578058618805E-16,
1.));
#11021=DIRECTION('ref_axis',(7.04779136387922E-13,-1.,3.88578058618805E-16));
#11022=DIRECTION('center_axis',(4.03385387344387E-23,3.88578058618805E-16,
1.));
#11023=DIRECTION('ref_axis',(7.04779136387922E-13,-1.,3.88578058618805E-16));
#11024=DIRECTION('center_axis',(4.03385387344387E-23,3.88578058618805E-16,
1.));
#11025=DIRECTION('ref_axis',(7.04779136387922E-13,-1.,3.88578058618805E-16));
#11026=DIRECTION('',(-4.03385387344387E-23,-3.88578058618805E-16,-1.));
#11027=DIRECTION('center_axis',(4.03385387344387E-23,3.88578058618805E-16,
1.));
#11028=DIRECTION('ref_axis',(7.04779136387922E-13,-1.,3.88578058618805E-16));
#11029=DIRECTION('center_axis',(4.03385387344387E-23,3.88578058618805E-16,
1.));
#11030=DIRECTION('ref_axis',(7.04779136387922E-13,-1.,3.88578058618805E-16));
#11031=DIRECTION('',(4.984407021558E-13,-0.707106781186551,-0.707106781186544));
#11032=DIRECTION('center_axis',(4.03385387344387E-23,3.88578058618805E-16,
1.));
#11033=DIRECTION('ref_axis',(7.04779136387922E-13,-1.,3.88578058618805E-16));
#11034=DIRECTION('center_axis',(4.03385387344387E-23,3.88578058618805E-16,
1.));
#11035=DIRECTION('ref_axis',(7.04779136387921E-13,-1.,3.88578058618805E-16));
#11036=DIRECTION('center_axis',(-4.03385387344387E-23,-3.88578058618805E-16,
-1.));
#11037=DIRECTION('ref_axis',(-7.04779136387921E-13,1.,-3.88578058618805E-16));
#11038=DIRECTION('',(-4.03385387344387E-23,-3.88578058618805E-16,-1.));
#11039=DIRECTION('center_axis',(-4.03385387344387E-23,-3.88578058618805E-16,
-1.));
#11040=DIRECTION('ref_axis',(-7.04779136387921E-13,1.,-3.88578058618805E-16));
#11041=DIRECTION('center_axis',(-4.03385387344387E-23,-3.88578058618805E-16,
-1.));
#11042=DIRECTION('ref_axis',(-7.04779136387922E-13,1.,-3.88578058618805E-16));
#11043=DIRECTION('center_axis',(-4.03385387344387E-23,-3.88578058618805E-16,
-1.));
#11044=DIRECTION('ref_axis',(-7.04779136387922E-13,1.,-3.88578058618805E-16));
#11045=DIRECTION('',(-1.,-7.0490432927115E-13,4.03388126447945E-23));
#11046=DIRECTION('',(-0.50000000000061,0.866025403784086,-3.36518449947717E-16));
#11047=DIRECTION('',(0.49999999999939,0.866025403784791,-3.3651849028653E-16));
#11048=DIRECTION('',(1.,7.04528750621465E-13,-4.03388124988528E-23));
#11049=DIRECTION('',(0.50000000000061,-0.866025403784086,3.36518449947717E-16));
#11050=DIRECTION('',(-0.49999999999939,-0.866025403784791,3.3651849028653E-16));
#11051=DIRECTION('center_axis',(-4.03385387344387E-23,-3.88578058618805E-16,
-1.));
#11052=DIRECTION('ref_axis',(-7.04779136387922E-13,1.,-3.88578058618805E-16));
#11053=DIRECTION('center_axis',(0.866025403784086,0.50000000000061,-1.94289064243839E-16));
#11054=DIRECTION('ref_axis',(0.50000000000061,-0.866025403784086,3.36518449947717E-16));
#11055=DIRECTION('',(4.03385387344387E-23,3.88578058618805E-16,1.));
#11056=DIRECTION('',(-0.50000000000061,0.866025403784086,-3.36518449947717E-16));
#11057=DIRECTION('',(4.03385387344387E-23,3.88578058618805E-16,1.));
#11058=DIRECTION('center_axis',(0.866025403784791,-0.49999999999939,1.94288994374966E-16));
#11059=DIRECTION('ref_axis',(-0.49999999999939,-0.866025403784791,3.3651849028653E-16));
#11060=DIRECTION('',(0.49999999999939,0.866025403784791,-3.3651849028653E-16));
#11061=DIRECTION('',(4.03385387344387E-23,3.88578058618805E-16,1.));
#11062=DIRECTION('center_axis',(7.04528750621465E-13,-1.,3.88578058618805E-16));
#11063=DIRECTION('ref_axis',(-1.,-7.04528750621465E-13,4.03388124988528E-23));
#11064=DIRECTION('',(1.,7.04528750621465E-13,-4.03388124988528E-23));
#11065=DIRECTION('',(4.03385387344387E-23,3.88578058618805E-16,1.));
#11066=DIRECTION('center_axis',(-0.866025403784086,-0.50000000000061,1.94289064243839E-16));
#11067=DIRECTION('ref_axis',(-0.50000000000061,0.866025403784086,-3.36518449947717E-16));
#11068=DIRECTION('',(0.50000000000061,-0.866025403784086,3.36518449947717E-16));
#11069=DIRECTION('',(4.03385387344387E-23,3.88578058618805E-16,1.));
#11070=DIRECTION('center_axis',(-0.866025403784791,0.49999999999939,-1.94288994374966E-16));
#11071=DIRECTION('ref_axis',(0.49999999999939,0.866025403784791,-3.3651849028653E-16));
#11072=DIRECTION('',(-0.49999999999939,-0.866025403784791,3.3651849028653E-16));
#11073=DIRECTION('',(4.03385387344387E-23,3.88578058618805E-16,1.));
#11074=DIRECTION('center_axis',(-7.0490432927115E-13,1.,-3.88578058618805E-16));
#11075=DIRECTION('ref_axis',(1.,7.0490432927115E-13,-4.03388126447945E-23));
#11076=DIRECTION('',(-1.,-7.0490432927115E-13,4.03388126447945E-23));
#11077=DIRECTION('center_axis',(4.03385387344387E-23,3.88578058618805E-16,
1.));
#11078=DIRECTION('ref_axis',(7.04779136387922E-13,-1.,3.88578058618805E-16));
#11079=DIRECTION('center_axis',(4.03385387344387E-23,3.88578058618805E-16,
1.));
#11080=DIRECTION('ref_axis',(7.04779136387922E-13,-1.,3.88578058618805E-16));
#11081=DIRECTION('center_axis',(4.03385387344387E-23,3.88578058618805E-16,
1.));
#11082=DIRECTION('ref_axis',(7.04779136387922E-13,-1.,3.88578058618805E-16));
#11083=DIRECTION('',(-4.03385387344387E-23,-3.88578058618805E-16,-1.));
#11084=DIRECTION('center_axis',(4.03385387344387E-23,3.88578058618805E-16,
1.));
#11085=DIRECTION('ref_axis',(7.04779136387922E-13,-1.,3.88578058618805E-16));
#11086=DIRECTION('center_axis',(4.03385387344387E-23,3.88578058618805E-16,
1.));
#11087=DIRECTION('ref_axis',(7.04779136387922E-13,-1.,3.88578058618805E-16));
#11088=DIRECTION('',(4.984407021558E-13,-0.707106781186551,-0.707106781186544));
#11089=DIRECTION('center_axis',(4.03385387344387E-23,3.88578058618805E-16,
1.));
#11090=DIRECTION('ref_axis',(7.04779136387922E-13,-1.,3.88578058618805E-16));
#11091=DIRECTION('center_axis',(4.03385387344387E-23,3.88578058618805E-16,
1.));
#11092=DIRECTION('ref_axis',(7.04779136387921E-13,-1.,3.88578058618805E-16));
#11093=DIRECTION('center_axis',(-4.03385387344387E-23,-3.88578058618805E-16,
-1.));
#11094=DIRECTION('ref_axis',(-7.04779136387921E-13,1.,-3.88578058618805E-16));
#11095=DIRECTION('',(-4.03385387344387E-23,-3.88578058618805E-16,-1.));
#11096=DIRECTION('center_axis',(-4.03385387344387E-23,-3.88578058618805E-16,
-1.));
#11097=DIRECTION('ref_axis',(-7.04779136387921E-13,1.,-3.88578058618805E-16));
#11098=DIRECTION('center_axis',(-4.03385387344387E-23,-3.88578058618805E-16,
-1.));
#11099=DIRECTION('ref_axis',(-7.04779136387922E-13,1.,-3.88578058618805E-16));
#11100=DIRECTION('center_axis',(-4.03385387344387E-23,-3.88578058618805E-16,
-1.));
#11101=DIRECTION('ref_axis',(-7.04779136387922E-13,1.,-3.88578058618805E-16));
#11102=DIRECTION('',(-1.,-7.0490432927115E-13,4.03388126447945E-23));
#11103=DIRECTION('',(-0.50000000000061,0.866025403784086,-3.36518449947717E-16));
#11104=DIRECTION('',(0.49999999999939,0.866025403784791,-3.3651849028653E-16));
#11105=DIRECTION('',(1.,7.04528750621465E-13,-4.03388124988528E-23));
#11106=DIRECTION('',(0.50000000000061,-0.866025403784086,3.36518449947717E-16));
#11107=DIRECTION('',(-0.49999999999939,-0.866025403784791,3.3651849028653E-16));
#11108=DIRECTION('center_axis',(-4.03385387344387E-23,-3.88578058618805E-16,
-1.));
#11109=DIRECTION('ref_axis',(-7.04779136387922E-13,1.,-3.88578058618805E-16));
#11110=DIRECTION('center_axis',(0.866025403784086,0.50000000000061,-1.94289064243839E-16));
#11111=DIRECTION('ref_axis',(0.50000000000061,-0.866025403784086,3.36518449947717E-16));
#11112=DIRECTION('',(4.03385387344387E-23,3.88578058618805E-16,1.));
#11113=DIRECTION('',(-0.50000000000061,0.866025403784086,-3.36518449947717E-16));
#11114=DIRECTION('',(4.03385387344387E-23,3.88578058618805E-16,1.));
#11115=DIRECTION('center_axis',(0.866025403784791,-0.49999999999939,1.94288994374966E-16));
#11116=DIRECTION('ref_axis',(-0.49999999999939,-0.866025403784791,3.3651849028653E-16));
#11117=DIRECTION('',(0.49999999999939,0.866025403784791,-3.3651849028653E-16));
#11118=DIRECTION('',(4.03385387344387E-23,3.88578058618805E-16,1.));
#11119=DIRECTION('center_axis',(7.04528750621465E-13,-1.,3.88578058618805E-16));
#11120=DIRECTION('ref_axis',(-1.,-7.04528750621465E-13,4.03388124988528E-23));
#11121=DIRECTION('',(1.,7.04528750621465E-13,-4.03388124988528E-23));
#11122=DIRECTION('',(4.03385387344387E-23,3.88578058618805E-16,1.));
#11123=DIRECTION('center_axis',(-0.866025403784086,-0.50000000000061,1.94289064243839E-16));
#11124=DIRECTION('ref_axis',(-0.50000000000061,0.866025403784086,-3.36518449947717E-16));
#11125=DIRECTION('',(0.50000000000061,-0.866025403784086,3.36518449947717E-16));
#11126=DIRECTION('',(4.03385387344387E-23,3.88578058618805E-16,1.));
#11127=DIRECTION('center_axis',(-0.866025403784791,0.49999999999939,-1.94288994374966E-16));
#11128=DIRECTION('ref_axis',(0.49999999999939,0.866025403784791,-3.3651849028653E-16));
#11129=DIRECTION('',(-0.49999999999939,-0.866025403784791,3.3651849028653E-16));
#11130=DIRECTION('',(4.03385387344387E-23,3.88578058618805E-16,1.));
#11131=DIRECTION('center_axis',(-7.0490432927115E-13,1.,-3.88578058618805E-16));
#11132=DIRECTION('ref_axis',(1.,7.0490432927115E-13,-4.03388126447945E-23));
#11133=DIRECTION('',(-1.,-7.0490432927115E-13,4.03388126447945E-23));
#11134=DIRECTION('center_axis',(4.03385387344387E-23,3.88578058618805E-16,
1.));
#11135=DIRECTION('ref_axis',(7.04779136387922E-13,-1.,3.88578058618805E-16));
#11136=DIRECTION('center_axis',(4.03385387344387E-23,3.88578058618805E-16,
1.));
#11137=DIRECTION('ref_axis',(7.04779136387922E-13,-1.,3.88578058618805E-16));
#11138=DIRECTION('center_axis',(4.03385387344387E-23,3.88578058618805E-16,
1.));
#11139=DIRECTION('ref_axis',(7.04779136387922E-13,-1.,3.88578058618805E-16));
#11140=DIRECTION('',(-4.03385387344387E-23,-3.88578058618805E-16,-1.));
#11141=DIRECTION('center_axis',(4.03385387344387E-23,3.88578058618805E-16,
1.));
#11142=DIRECTION('ref_axis',(7.04779136387922E-13,-1.,3.88578058618805E-16));
#11143=DIRECTION('center_axis',(4.03385387344387E-23,3.88578058618805E-16,
1.));
#11144=DIRECTION('ref_axis',(7.04779136387922E-13,-1.,3.88578058618805E-16));
#11145=DIRECTION('',(4.984407021558E-13,-0.707106781186551,-0.707106781186544));
#11146=DIRECTION('center_axis',(4.03385387344387E-23,3.88578058618805E-16,
1.));
#11147=DIRECTION('ref_axis',(7.04779136387922E-13,-1.,3.88578058618805E-16));
#11148=DIRECTION('center_axis',(4.03385387344387E-23,3.88578058618805E-16,
1.));
#11149=DIRECTION('ref_axis',(7.04779136387921E-13,-1.,3.88578058618805E-16));
#11150=DIRECTION('center_axis',(-4.03385387344387E-23,-3.88578058618805E-16,
-1.));
#11151=DIRECTION('ref_axis',(-7.04779136387921E-13,1.,-3.88578058618805E-16));
#11152=DIRECTION('',(-4.03385387344387E-23,-3.88578058618805E-16,-1.));
#11153=DIRECTION('center_axis',(-4.03385387344387E-23,-3.88578058618805E-16,
-1.));
#11154=DIRECTION('ref_axis',(-7.04779136387921E-13,1.,-3.88578058618805E-16));
#11155=DIRECTION('center_axis',(-4.03385387344387E-23,-3.88578058618805E-16,
-1.));
#11156=DIRECTION('ref_axis',(-7.04779136387922E-13,1.,-3.88578058618805E-16));
#11157=DIRECTION('center_axis',(-4.03385387344387E-23,-3.88578058618805E-16,
-1.));
#11158=DIRECTION('ref_axis',(-7.04779136387922E-13,1.,-3.88578058618805E-16));
#11159=DIRECTION('',(-1.,-7.0490432927115E-13,4.03388126447945E-23));
#11160=DIRECTION('',(-0.50000000000061,0.866025403784086,-3.36518449947717E-16));
#11161=DIRECTION('',(0.49999999999939,0.866025403784791,-3.3651849028653E-16));
#11162=DIRECTION('',(1.,7.04528750621465E-13,-4.03388124988528E-23));
#11163=DIRECTION('',(0.50000000000061,-0.866025403784086,3.36518449947717E-16));
#11164=DIRECTION('',(-0.49999999999939,-0.866025403784791,3.3651849028653E-16));
#11165=DIRECTION('center_axis',(-4.03385387344387E-23,-3.88578058618805E-16,
-1.));
#11166=DIRECTION('ref_axis',(-7.04779136387922E-13,1.,-3.88578058618805E-16));
#11167=DIRECTION('center_axis',(0.866025403784086,0.50000000000061,-1.94289064243839E-16));
#11168=DIRECTION('ref_axis',(0.50000000000061,-0.866025403784086,3.36518449947717E-16));
#11169=DIRECTION('',(4.03385387344387E-23,3.88578058618805E-16,1.));
#11170=DIRECTION('',(-0.50000000000061,0.866025403784086,-3.36518449947717E-16));
#11171=DIRECTION('',(4.03385387344387E-23,3.88578058618805E-16,1.));
#11172=DIRECTION('center_axis',(0.866025403784791,-0.49999999999939,1.94288994374966E-16));
#11173=DIRECTION('ref_axis',(-0.49999999999939,-0.866025403784791,3.3651849028653E-16));
#11174=DIRECTION('',(0.49999999999939,0.866025403784791,-3.3651849028653E-16));
#11175=DIRECTION('',(4.03385387344387E-23,3.88578058618805E-16,1.));
#11176=DIRECTION('center_axis',(7.04528750621465E-13,-1.,3.88578058618805E-16));
#11177=DIRECTION('ref_axis',(-1.,-7.04528750621465E-13,4.03388124988528E-23));
#11178=DIRECTION('',(1.,7.04528750621465E-13,-4.03388124988528E-23));
#11179=DIRECTION('',(4.03385387344387E-23,3.88578058618805E-16,1.));
#11180=DIRECTION('center_axis',(-0.866025403784086,-0.50000000000061,1.94289064243839E-16));
#11181=DIRECTION('ref_axis',(-0.50000000000061,0.866025403784086,-3.36518449947717E-16));
#11182=DIRECTION('',(0.50000000000061,-0.866025403784086,3.36518449947717E-16));
#11183=DIRECTION('',(4.03385387344387E-23,3.88578058618805E-16,1.));
#11184=DIRECTION('center_axis',(-0.866025403784791,0.49999999999939,-1.94288994374966E-16));
#11185=DIRECTION('ref_axis',(0.49999999999939,0.866025403784791,-3.3651849028653E-16));
#11186=DIRECTION('',(-0.49999999999939,-0.866025403784791,3.3651849028653E-16));
#11187=DIRECTION('',(4.03385387344387E-23,3.88578058618805E-16,1.));
#11188=DIRECTION('center_axis',(-7.0490432927115E-13,1.,-3.88578058618805E-16));
#11189=DIRECTION('ref_axis',(1.,7.0490432927115E-13,-4.03388126447945E-23));
#11190=DIRECTION('',(-1.,-7.0490432927115E-13,4.03388126447945E-23));
#11191=DIRECTION('center_axis',(4.03385387344387E-23,3.88578058618805E-16,
1.));
#11192=DIRECTION('ref_axis',(7.04779136387922E-13,-1.,3.88578058618805E-16));
#11193=DIRECTION('center_axis',(4.03385387344387E-23,3.88578058618805E-16,
1.));
#11194=DIRECTION('ref_axis',(7.04779136387922E-13,-1.,3.88578058618805E-16));
#11195=DIRECTION('center_axis',(4.03385387344387E-23,3.88578058618805E-16,
1.));
#11196=DIRECTION('ref_axis',(7.04779136387922E-13,-1.,3.88578058618805E-16));
#11197=DIRECTION('',(-4.03385387344387E-23,-3.88578058618805E-16,-1.));
#11198=DIRECTION('center_axis',(4.03385387344387E-23,3.88578058618805E-16,
1.));
#11199=DIRECTION('ref_axis',(7.04779136387922E-13,-1.,3.88578058618805E-16));
#11200=DIRECTION('center_axis',(4.03385387344387E-23,3.88578058618805E-16,
1.));
#11201=DIRECTION('ref_axis',(7.04779136387922E-13,-1.,3.88578058618805E-16));
#11202=DIRECTION('',(4.984407021558E-13,-0.707106781186551,-0.707106781186544));
#11203=DIRECTION('center_axis',(4.03385387344387E-23,3.88578058618805E-16,
1.));
#11204=DIRECTION('ref_axis',(7.04779136387922E-13,-1.,3.88578058618805E-16));
#11205=DIRECTION('center_axis',(4.03385387344387E-23,3.88578058618805E-16,
1.));
#11206=DIRECTION('ref_axis',(7.04779136387921E-13,-1.,3.88578058618805E-16));
#11207=DIRECTION('center_axis',(-4.03385387344387E-23,-3.88578058618805E-16,
-1.));
#11208=DIRECTION('ref_axis',(-7.04779136387921E-13,1.,-3.88578058618805E-16));
#11209=DIRECTION('',(-4.03385387344387E-23,-3.88578058618805E-16,-1.));
#11210=DIRECTION('center_axis',(-4.03385387344387E-23,-3.88578058618805E-16,
-1.));
#11211=DIRECTION('ref_axis',(-7.04779136387921E-13,1.,-3.88578058618805E-16));
#11212=DIRECTION('center_axis',(-4.03385387344387E-23,-3.88578058618805E-16,
-1.));
#11213=DIRECTION('ref_axis',(-7.04779136387922E-13,1.,-3.88578058618805E-16));
#11214=DIRECTION('center_axis',(-4.03385387344387E-23,-3.88578058618805E-16,
-1.));
#11215=DIRECTION('ref_axis',(-7.04779136387922E-13,1.,-3.88578058618805E-16));
#11216=DIRECTION('',(-1.,-7.0490432927115E-13,4.03388126447945E-23));
#11217=DIRECTION('',(-0.50000000000061,0.866025403784086,-3.36518449947717E-16));
#11218=DIRECTION('',(0.49999999999939,0.866025403784791,-3.3651849028653E-16));
#11219=DIRECTION('',(1.,7.04528750621465E-13,-4.03388124988528E-23));
#11220=DIRECTION('',(0.50000000000061,-0.866025403784086,3.36518449947717E-16));
#11221=DIRECTION('',(-0.49999999999939,-0.866025403784791,3.3651849028653E-16));
#11222=DIRECTION('center_axis',(-4.03385387344387E-23,-3.88578058618805E-16,
-1.));
#11223=DIRECTION('ref_axis',(-7.04779136387922E-13,1.,-3.88578058618805E-16));
#11224=DIRECTION('center_axis',(0.866025403784086,0.50000000000061,-1.94289064243839E-16));
#11225=DIRECTION('ref_axis',(0.50000000000061,-0.866025403784086,3.36518449947717E-16));
#11226=DIRECTION('',(4.03385387344387E-23,3.88578058618805E-16,1.));
#11227=DIRECTION('',(-0.50000000000061,0.866025403784086,-3.36518449947717E-16));
#11228=DIRECTION('',(4.03385387344387E-23,3.88578058618805E-16,1.));
#11229=DIRECTION('center_axis',(0.866025403784791,-0.49999999999939,1.94288994374966E-16));
#11230=DIRECTION('ref_axis',(-0.49999999999939,-0.866025403784791,3.3651849028653E-16));
#11231=DIRECTION('',(0.49999999999939,0.866025403784791,-3.3651849028653E-16));
#11232=DIRECTION('',(4.03385387344387E-23,3.88578058618805E-16,1.));
#11233=DIRECTION('center_axis',(7.04528750621465E-13,-1.,3.88578058618805E-16));
#11234=DIRECTION('ref_axis',(-1.,-7.04528750621465E-13,4.03388124988528E-23));
#11235=DIRECTION('',(1.,7.04528750621465E-13,-4.03388124988528E-23));
#11236=DIRECTION('',(4.03385387344387E-23,3.88578058618805E-16,1.));
#11237=DIRECTION('center_axis',(-0.866025403784086,-0.50000000000061,1.94289064243839E-16));
#11238=DIRECTION('ref_axis',(-0.50000000000061,0.866025403784086,-3.36518449947717E-16));
#11239=DIRECTION('',(0.50000000000061,-0.866025403784086,3.36518449947717E-16));
#11240=DIRECTION('',(4.03385387344387E-23,3.88578058618805E-16,1.));
#11241=DIRECTION('center_axis',(-0.866025403784791,0.49999999999939,-1.94288994374966E-16));
#11242=DIRECTION('ref_axis',(0.49999999999939,0.866025403784791,-3.3651849028653E-16));
#11243=DIRECTION('',(-0.49999999999939,-0.866025403784791,3.3651849028653E-16));
#11244=DIRECTION('',(4.03385387344387E-23,3.88578058618805E-16,1.));
#11245=DIRECTION('center_axis',(-7.0490432927115E-13,1.,-3.88578058618805E-16));
#11246=DIRECTION('ref_axis',(1.,7.0490432927115E-13,-4.03388126447945E-23));
#11247=DIRECTION('',(-1.,-7.0490432927115E-13,4.03388126447945E-23));
#11248=DIRECTION('center_axis',(4.03385387344387E-23,3.88578058618805E-16,
1.));
#11249=DIRECTION('ref_axis',(7.04779136387922E-13,-1.,3.88578058618805E-16));
#11250=DIRECTION('center_axis',(9.99391120316252E-23,-1.11022302462516E-16,
1.));
#11251=DIRECTION('ref_axis',(5.30268902581535E-17,-1.,-1.11022302462516E-16));
#11252=DIRECTION('center_axis',(9.99391120316252E-23,-1.11022302462516E-16,
1.));
#11253=DIRECTION('ref_axis',(5.30268902581535E-17,-1.,-1.11022302462516E-16));
#11254=DIRECTION('',(-9.99391120316252E-23,1.11022302462516E-16,-1.));
#11255=DIRECTION('center_axis',(9.99391120316252E-23,-1.11022302462516E-16,
1.));
#11256=DIRECTION('ref_axis',(5.30268902581535E-17,-1.,-1.11022302462516E-16));
#11257=DIRECTION('center_axis',(9.99391120316252E-23,-1.11022302462516E-16,
1.));
#11258=DIRECTION('ref_axis',(5.30268902581535E-17,-1.,-1.11022302462516E-16));
#11259=DIRECTION('',(1.24091208642701E-16,-0.707106781186551,-0.707106781186544));
#11260=DIRECTION('center_axis',(9.99391120316252E-23,-1.11022302462516E-16,
1.));
#11261=DIRECTION('ref_axis',(5.30268902581535E-17,-1.,-1.11022302462516E-16));
#11262=DIRECTION('center_axis',(9.99391120316252E-23,-1.11022302462516E-16,
1.));
#11263=DIRECTION('ref_axis',(5.30268902581535E-17,-1.,-1.11022302462516E-16));
#11264=DIRECTION('center_axis',(-9.99391120316252E-23,1.11022302462516E-16,
-1.));
#11265=DIRECTION('ref_axis',(-5.30268902581535E-17,1.,1.11022302462516E-16));
#11266=DIRECTION('',(-9.99391120316252E-23,1.11022302462516E-16,-1.));
#11267=DIRECTION('center_axis',(-9.99391120316252E-23,1.11022302462516E-16,
-1.));
#11268=DIRECTION('ref_axis',(-5.30268902581535E-17,1.,1.11022302462516E-16));
#11269=DIRECTION('center_axis',(-9.99391120316252E-23,1.11022302462516E-16,
-1.));
#11270=DIRECTION('ref_axis',(-5.30268902581535E-17,1.,1.11022302462516E-16));
#11271=DIRECTION('center_axis',(-9.99391120316252E-23,1.11022302462516E-16,
-1.));
#11272=DIRECTION('ref_axis',(-5.30268902581535E-17,1.,1.11022302462516E-16));
#11273=DIRECTION('',(-1.,-1.7821977348625E-16,9.99391120118388E-23));
#11274=DIRECTION('',(-0.5,0.866025403784439,9.61481842887342E-17));
#11275=DIRECTION('',(0.5,0.866025403784438,9.61480843496222E-17));
#11276=DIRECTION('',(1.,-1.9735887619804E-16,-9.99391120535364E-23));
#11277=DIRECTION('',(0.5,-0.866025403784439,-9.61481842887342E-17));
#11278=DIRECTION('',(-0.5,-0.866025403784438,-9.61480843496222E-17));
#11279=DIRECTION('center_axis',(-9.99391120316252E-23,1.11022302462516E-16,
-1.));
#11280=DIRECTION('ref_axis',(-5.30268902581535E-17,1.,1.11022302462516E-16));
#11281=DIRECTION('center_axis',(0.866025403784439,0.5,5.5511064681448E-17));
#11282=DIRECTION('ref_axis',(0.5,-0.866025403784439,-9.61481842887342E-17));
#11283=DIRECTION('',(9.99391120316252E-23,-1.11022302462516E-16,1.));
#11284=DIRECTION('',(-0.5,0.866025403784439,9.61481842887342E-17));
#11285=DIRECTION('',(9.99391120316252E-23,-1.11022302462516E-16,1.));
#11286=DIRECTION('center_axis',(0.866025403784438,-0.5,-5.55112377810677E-17));
#11287=DIRECTION('ref_axis',(-0.5,-0.866025403784438,-9.61480843496222E-17));
#11288=DIRECTION('',(0.5,0.866025403784438,9.61480843496222E-17));
#11289=DIRECTION('',(9.99391120316252E-23,-1.11022302462516E-16,1.));
#11290=DIRECTION('center_axis',(-1.9735887619804E-16,-1.,-1.11022302462516E-16));
#11291=DIRECTION('ref_axis',(-1.,1.9735887619804E-16,9.99391120535364E-23));
#11292=DIRECTION('',(1.,-1.9735887619804E-16,-9.99391120535364E-23));
#11293=DIRECTION('',(9.99391120316252E-23,-1.11022302462516E-16,1.));
#11294=DIRECTION('center_axis',(-0.866025403784439,-0.5,-5.5511064681448E-17));
#11295=DIRECTION('ref_axis',(-0.5,0.866025403784439,9.61481842887342E-17));
#11296=DIRECTION('',(0.5,-0.866025403784439,-9.61481842887342E-17));
#11297=DIRECTION('',(9.99391120316252E-23,-1.11022302462516E-16,1.));
#11298=DIRECTION('center_axis',(-0.866025403784438,0.5,5.55112377810677E-17));
#11299=DIRECTION('ref_axis',(0.5,0.866025403784438,9.61480843496222E-17));
#11300=DIRECTION('',(-0.5,-0.866025403784438,-9.61480843496222E-17));
#11301=DIRECTION('',(9.99391120316252E-23,-1.11022302462516E-16,1.));
#11302=DIRECTION('center_axis',(-1.7821977348625E-16,1.,1.11022302462516E-16));
#11303=DIRECTION('ref_axis',(1.,1.7821977348625E-16,-9.99391120118388E-23));
#11304=DIRECTION('',(-1.,-1.7821977348625E-16,9.99391120118388E-23));
#11305=DIRECTION('center_axis',(9.99391120316252E-23,-1.11022302462516E-16,
1.));
#11306=DIRECTION('ref_axis',(5.30268902581535E-17,-1.,-1.11022302462516E-16));
#11307=DIRECTION('center_axis',(9.99391120316252E-23,-1.11022302462516E-16,
1.));
#11308=DIRECTION('ref_axis',(5.30268902581535E-17,-1.,-1.11022302462516E-16));
#11309=DIRECTION('center_axis',(9.99391120316252E-23,-1.11022302462516E-16,
1.));
#11310=DIRECTION('ref_axis',(5.30268902581535E-17,-1.,-1.11022302462516E-16));
#11311=DIRECTION('',(-9.99391120316252E-23,1.11022302462516E-16,-1.));
#11312=DIRECTION('center_axis',(9.99391120316252E-23,-1.11022302462516E-16,
1.));
#11313=DIRECTION('ref_axis',(5.30268902581535E-17,-1.,-1.11022302462516E-16));
#11314=DIRECTION('center_axis',(9.99391120316252E-23,-1.11022302462516E-16,
1.));
#11315=DIRECTION('ref_axis',(5.30268902581535E-17,-1.,-1.11022302462516E-16));
#11316=DIRECTION('',(1.24091208642701E-16,-0.707106781186551,-0.707106781186544));
#11317=DIRECTION('center_axis',(9.99391120316252E-23,-1.11022302462516E-16,
1.));
#11318=DIRECTION('ref_axis',(5.30268902581535E-17,-1.,-1.11022302462516E-16));
#11319=DIRECTION('center_axis',(9.99391120316252E-23,-1.11022302462516E-16,
1.));
#11320=DIRECTION('ref_axis',(5.30268902581535E-17,-1.,-1.11022302462516E-16));
#11321=DIRECTION('center_axis',(-9.99391120316252E-23,1.11022302462516E-16,
-1.));
#11322=DIRECTION('ref_axis',(-5.30268902581535E-17,1.,1.11022302462516E-16));
#11323=DIRECTION('',(-9.99391120316252E-23,1.11022302462516E-16,-1.));
#11324=DIRECTION('center_axis',(-9.99391120316252E-23,1.11022302462516E-16,
-1.));
#11325=DIRECTION('ref_axis',(-5.30268902581535E-17,1.,1.11022302462516E-16));
#11326=DIRECTION('center_axis',(-9.99391120316252E-23,1.11022302462516E-16,
-1.));
#11327=DIRECTION('ref_axis',(-5.30268902581535E-17,1.,1.11022302462516E-16));
#11328=DIRECTION('center_axis',(-9.99391120316252E-23,1.11022302462516E-16,
-1.));
#11329=DIRECTION('ref_axis',(-5.30268902581535E-17,1.,1.11022302462516E-16));
#11330=DIRECTION('',(-1.,-1.7821977348625E-16,9.99391120118388E-23));
#11331=DIRECTION('',(-0.5,0.866025403784439,9.61481842887342E-17));
#11332=DIRECTION('',(0.5,0.866025403784438,9.61480843496222E-17));
#11333=DIRECTION('',(1.,-1.9735887619804E-16,-9.99391120535364E-23));
#11334=DIRECTION('',(0.5,-0.866025403784439,-9.61481842887342E-17));
#11335=DIRECTION('',(-0.5,-0.866025403784438,-9.61480843496222E-17));
#11336=DIRECTION('center_axis',(-9.99391120316252E-23,1.11022302462516E-16,
-1.));
#11337=DIRECTION('ref_axis',(-5.30268902581535E-17,1.,1.11022302462516E-16));
#11338=DIRECTION('center_axis',(0.866025403784439,0.5,5.5511064681448E-17));
#11339=DIRECTION('ref_axis',(0.5,-0.866025403784439,-9.61481842887342E-17));
#11340=DIRECTION('',(9.99391120316252E-23,-1.11022302462516E-16,1.));
#11341=DIRECTION('',(-0.5,0.866025403784439,9.61481842887342E-17));
#11342=DIRECTION('',(9.99391120316252E-23,-1.11022302462516E-16,1.));
#11343=DIRECTION('center_axis',(0.866025403784438,-0.5,-5.55112377810677E-17));
#11344=DIRECTION('ref_axis',(-0.5,-0.866025403784438,-9.61480843496222E-17));
#11345=DIRECTION('',(0.5,0.866025403784438,9.61480843496222E-17));
#11346=DIRECTION('',(9.99391120316252E-23,-1.11022302462516E-16,1.));
#11347=DIRECTION('center_axis',(-1.9735887619804E-16,-1.,-1.11022302462516E-16));
#11348=DIRECTION('ref_axis',(-1.,1.9735887619804E-16,9.99391120535364E-23));
#11349=DIRECTION('',(1.,-1.9735887619804E-16,-9.99391120535364E-23));
#11350=DIRECTION('',(9.99391120316252E-23,-1.11022302462516E-16,1.));
#11351=DIRECTION('center_axis',(-0.866025403784439,-0.5,-5.5511064681448E-17));
#11352=DIRECTION('ref_axis',(-0.5,0.866025403784439,9.61481842887342E-17));
#11353=DIRECTION('',(0.5,-0.866025403784439,-9.61481842887342E-17));
#11354=DIRECTION('',(9.99391120316252E-23,-1.11022302462516E-16,1.));
#11355=DIRECTION('center_axis',(-0.866025403784438,0.5,5.55112377810677E-17));
#11356=DIRECTION('ref_axis',(0.5,0.866025403784438,9.61480843496222E-17));
#11357=DIRECTION('',(-0.5,-0.866025403784438,-9.61480843496222E-17));
#11358=DIRECTION('',(9.99391120316252E-23,-1.11022302462516E-16,1.));
#11359=DIRECTION('center_axis',(-1.7821977348625E-16,1.,1.11022302462516E-16));
#11360=DIRECTION('ref_axis',(1.,1.7821977348625E-16,-9.99391120118388E-23));
#11361=DIRECTION('',(-1.,-1.7821977348625E-16,9.99391120118388E-23));
#11362=DIRECTION('center_axis',(9.99391120316252E-23,-1.11022302462516E-16,
1.));
#11363=DIRECTION('ref_axis',(5.30268902581535E-17,-1.,-1.11022302462516E-16));
#11364=DIRECTION('center_axis',(9.99391120316252E-23,-1.11022302462516E-16,
1.));
#11365=DIRECTION('ref_axis',(5.30268902581535E-17,-1.,-1.11022302462516E-16));
#11366=DIRECTION('center_axis',(9.99391120316252E-23,-1.11022302462516E-16,
1.));
#11367=DIRECTION('ref_axis',(5.30268902581535E-17,-1.,-1.11022302462516E-16));
#11368=DIRECTION('',(-9.99391120316252E-23,1.11022302462516E-16,-1.));
#11369=DIRECTION('center_axis',(9.99391120316252E-23,-1.11022302462516E-16,
1.));
#11370=DIRECTION('ref_axis',(5.30268902581535E-17,-1.,-1.11022302462516E-16));
#11371=DIRECTION('center_axis',(9.99391120316252E-23,-1.11022302462516E-16,
1.));
#11372=DIRECTION('ref_axis',(5.30268902581535E-17,-1.,-1.11022302462516E-16));
#11373=DIRECTION('',(1.24091208642701E-16,-0.707106781186551,-0.707106781186544));
#11374=DIRECTION('center_axis',(9.99391120316252E-23,-1.11022302462516E-16,
1.));
#11375=DIRECTION('ref_axis',(5.30268902581535E-17,-1.,-1.11022302462516E-16));
#11376=DIRECTION('center_axis',(9.99391120316252E-23,-1.11022302462516E-16,
1.));
#11377=DIRECTION('ref_axis',(5.30268902581535E-17,-1.,-1.11022302462516E-16));
#11378=DIRECTION('center_axis',(-9.99391120316252E-23,1.11022302462516E-16,
-1.));
#11379=DIRECTION('ref_axis',(-5.30268902581535E-17,1.,1.11022302462516E-16));
#11380=DIRECTION('',(-9.99391120316252E-23,1.11022302462516E-16,-1.));
#11381=DIRECTION('center_axis',(-9.99391120316252E-23,1.11022302462516E-16,
-1.));
#11382=DIRECTION('ref_axis',(-5.30268902581535E-17,1.,1.11022302462516E-16));
#11383=DIRECTION('center_axis',(-9.99391120316252E-23,1.11022302462516E-16,
-1.));
#11384=DIRECTION('ref_axis',(-5.30268902581535E-17,1.,1.11022302462516E-16));
#11385=DIRECTION('center_axis',(-9.99391120316252E-23,1.11022302462516E-16,
-1.));
#11386=DIRECTION('ref_axis',(-5.30268902581535E-17,1.,1.11022302462516E-16));
#11387=DIRECTION('',(-1.,-1.7821977348625E-16,9.99391120118388E-23));
#11388=DIRECTION('',(-0.5,0.866025403784439,9.61481842887342E-17));
#11389=DIRECTION('',(0.5,0.866025403784438,9.61480843496222E-17));
#11390=DIRECTION('',(1.,-1.9735887619804E-16,-9.99391120535364E-23));
#11391=DIRECTION('',(0.5,-0.866025403784439,-9.61481842887342E-17));
#11392=DIRECTION('',(-0.5,-0.866025403784438,-9.61480843496222E-17));
#11393=DIRECTION('center_axis',(-9.99391120316252E-23,1.11022302462516E-16,
-1.));
#11394=DIRECTION('ref_axis',(-5.30268902581535E-17,1.,1.11022302462516E-16));
#11395=DIRECTION('center_axis',(0.866025403784439,0.5,5.5511064681448E-17));
#11396=DIRECTION('ref_axis',(0.5,-0.866025403784439,-9.61481842887342E-17));
#11397=DIRECTION('',(9.99391120316252E-23,-1.11022302462516E-16,1.));
#11398=DIRECTION('',(-0.5,0.866025403784439,9.61481842887342E-17));
#11399=DIRECTION('',(9.99391120316252E-23,-1.11022302462516E-16,1.));
#11400=DIRECTION('center_axis',(0.866025403784438,-0.5,-5.55112377810677E-17));
#11401=DIRECTION('ref_axis',(-0.5,-0.866025403784438,-9.61480843496222E-17));
#11402=DIRECTION('',(0.5,0.866025403784438,9.61480843496222E-17));
#11403=DIRECTION('',(9.99391120316252E-23,-1.11022302462516E-16,1.));
#11404=DIRECTION('center_axis',(-1.9735887619804E-16,-1.,-1.11022302462516E-16));
#11405=DIRECTION('ref_axis',(-1.,1.9735887619804E-16,9.99391120535364E-23));
#11406=DIRECTION('',(1.,-1.9735887619804E-16,-9.99391120535364E-23));
#11407=DIRECTION('',(9.99391120316252E-23,-1.11022302462516E-16,1.));
#11408=DIRECTION('center_axis',(-0.866025403784439,-0.5,-5.5511064681448E-17));
#11409=DIRECTION('ref_axis',(-0.5,0.866025403784439,9.61481842887342E-17));
#11410=DIRECTION('',(0.5,-0.866025403784439,-9.61481842887342E-17));
#11411=DIRECTION('',(9.99391120316252E-23,-1.11022302462516E-16,1.));
#11412=DIRECTION('center_axis',(-0.866025403784438,0.5,5.55112377810677E-17));
#11413=DIRECTION('ref_axis',(0.5,0.866025403784438,9.61480843496222E-17));
#11414=DIRECTION('',(-0.5,-0.866025403784438,-9.61480843496222E-17));
#11415=DIRECTION('',(9.99391120316252E-23,-1.11022302462516E-16,1.));
#11416=DIRECTION('center_axis',(-1.7821977348625E-16,1.,1.11022302462516E-16));
#11417=DIRECTION('ref_axis',(1.,1.7821977348625E-16,-9.99391120118388E-23));
#11418=DIRECTION('',(-1.,-1.7821977348625E-16,9.99391120118388E-23));
#11419=DIRECTION('center_axis',(9.99391120316252E-23,-1.11022302462516E-16,
1.));
#11420=DIRECTION('ref_axis',(5.30268902581535E-17,-1.,-1.11022302462516E-16));
#11421=DIRECTION('center_axis',(9.99391120316252E-23,-1.11022302462516E-16,
1.));
#11422=DIRECTION('ref_axis',(5.30268902581535E-17,-1.,-1.11022302462516E-16));
#11423=DIRECTION('center_axis',(9.99391120316252E-23,-1.11022302462516E-16,
1.));
#11424=DIRECTION('ref_axis',(5.30268902581535E-17,-1.,-1.11022302462516E-16));
#11425=DIRECTION('',(-9.99391120316252E-23,1.11022302462516E-16,-1.));
#11426=DIRECTION('center_axis',(9.99391120316252E-23,-1.11022302462516E-16,
1.));
#11427=DIRECTION('ref_axis',(5.30268902581535E-17,-1.,-1.11022302462516E-16));
#11428=DIRECTION('center_axis',(9.99391120316252E-23,-1.11022302462516E-16,
1.));
#11429=DIRECTION('ref_axis',(5.30268902581535E-17,-1.,-1.11022302462516E-16));
#11430=DIRECTION('',(1.24091208642701E-16,-0.707106781186551,-0.707106781186544));
#11431=DIRECTION('center_axis',(9.99391120316252E-23,-1.11022302462516E-16,
1.));
#11432=DIRECTION('ref_axis',(5.30268902581535E-17,-1.,-1.11022302462516E-16));
#11433=DIRECTION('center_axis',(9.99391120316252E-23,-1.11022302462516E-16,
1.));
#11434=DIRECTION('ref_axis',(5.30268902581535E-17,-1.,-1.11022302462516E-16));
#11435=DIRECTION('center_axis',(-9.99391120316252E-23,1.11022302462516E-16,
-1.));
#11436=DIRECTION('ref_axis',(-5.30268902581535E-17,1.,1.11022302462516E-16));
#11437=DIRECTION('',(-9.99391120316252E-23,1.11022302462516E-16,-1.));
#11438=DIRECTION('center_axis',(-9.99391120316252E-23,1.11022302462516E-16,
-1.));
#11439=DIRECTION('ref_axis',(-5.30268902581535E-17,1.,1.11022302462516E-16));
#11440=DIRECTION('center_axis',(-9.99391120316252E-23,1.11022302462516E-16,
-1.));
#11441=DIRECTION('ref_axis',(-5.30268902581535E-17,1.,1.11022302462516E-16));
#11442=DIRECTION('center_axis',(-9.99391120316252E-23,1.11022302462516E-16,
-1.));
#11443=DIRECTION('ref_axis',(-5.30268902581535E-17,1.,1.11022302462516E-16));
#11444=DIRECTION('',(-1.,-1.7821977348625E-16,9.99391120118388E-23));
#11445=DIRECTION('',(-0.5,0.866025403784439,9.61481842887342E-17));
#11446=DIRECTION('',(0.5,0.866025403784438,9.61480843496222E-17));
#11447=DIRECTION('',(1.,-1.9735887619804E-16,-9.99391120535364E-23));
#11448=DIRECTION('',(0.5,-0.866025403784439,-9.61481842887342E-17));
#11449=DIRECTION('',(-0.5,-0.866025403784438,-9.61480843496222E-17));
#11450=DIRECTION('center_axis',(-9.99391120316252E-23,1.11022302462516E-16,
-1.));
#11451=DIRECTION('ref_axis',(-5.30268902581535E-17,1.,1.11022302462516E-16));
#11452=DIRECTION('center_axis',(0.866025403784439,0.5,5.5511064681448E-17));
#11453=DIRECTION('ref_axis',(0.5,-0.866025403784439,-9.61481842887342E-17));
#11454=DIRECTION('',(9.99391120316252E-23,-1.11022302462516E-16,1.));
#11455=DIRECTION('',(-0.5,0.866025403784439,9.61481842887342E-17));
#11456=DIRECTION('',(9.99391120316252E-23,-1.11022302462516E-16,1.));
#11457=DIRECTION('center_axis',(0.866025403784438,-0.5,-5.55112377810677E-17));
#11458=DIRECTION('ref_axis',(-0.5,-0.866025403784438,-9.61480843496222E-17));
#11459=DIRECTION('',(0.5,0.866025403784438,9.61480843496222E-17));
#11460=DIRECTION('',(9.99391120316252E-23,-1.11022302462516E-16,1.));
#11461=DIRECTION('center_axis',(-1.9735887619804E-16,-1.,-1.11022302462516E-16));
#11462=DIRECTION('ref_axis',(-1.,1.9735887619804E-16,9.99391120535364E-23));
#11463=DIRECTION('',(1.,-1.9735887619804E-16,-9.99391120535364E-23));
#11464=DIRECTION('',(9.99391120316252E-23,-1.11022302462516E-16,1.));
#11465=DIRECTION('center_axis',(-0.866025403784439,-0.5,-5.5511064681448E-17));
#11466=DIRECTION('ref_axis',(-0.5,0.866025403784439,9.61481842887342E-17));
#11467=DIRECTION('',(0.5,-0.866025403784439,-9.61481842887342E-17));
#11468=DIRECTION('',(9.99391120316252E-23,-1.11022302462516E-16,1.));
#11469=DIRECTION('center_axis',(-0.866025403784438,0.5,5.55112377810677E-17));
#11470=DIRECTION('ref_axis',(0.5,0.866025403784438,9.61480843496222E-17));
#11471=DIRECTION('',(-0.5,-0.866025403784438,-9.61480843496222E-17));
#11472=DIRECTION('',(9.99391120316252E-23,-1.11022302462516E-16,1.));
#11473=DIRECTION('center_axis',(-1.7821977348625E-16,1.,1.11022302462516E-16));
#11474=DIRECTION('ref_axis',(1.,1.7821977348625E-16,-9.99391120118388E-23));
#11475=DIRECTION('',(-1.,-1.7821977348625E-16,9.99391120118388E-23));
#11476=DIRECTION('center_axis',(9.99391120316252E-23,-1.11022302462516E-16,
1.));
#11477=DIRECTION('ref_axis',(5.30268902581535E-17,-1.,-1.11022302462516E-16));
#11478=DIRECTION('center_axis',(9.99391120316252E-23,-1.11022302462516E-16,
1.));
#11479=DIRECTION('ref_axis',(5.30268902581535E-17,-1.,-1.11022302462516E-16));
#11480=DIRECTION('center_axis',(9.99391120316252E-23,-1.11022302462516E-16,
1.));
#11481=DIRECTION('ref_axis',(5.30268902581535E-17,-1.,-1.11022302462516E-16));
#11482=DIRECTION('',(-9.99391120316252E-23,1.11022302462516E-16,-1.));
#11483=DIRECTION('center_axis',(9.99391120316252E-23,-1.11022302462516E-16,
1.));
#11484=DIRECTION('ref_axis',(5.30268902581535E-17,-1.,-1.11022302462516E-16));
#11485=DIRECTION('center_axis',(9.99391120316252E-23,-1.11022302462516E-16,
1.));
#11486=DIRECTION('ref_axis',(5.30268902581535E-17,-1.,-1.11022302462516E-16));
#11487=DIRECTION('',(1.24091208642701E-16,-0.707106781186551,-0.707106781186544));
#11488=DIRECTION('center_axis',(9.99391120316252E-23,-1.11022302462516E-16,
1.));
#11489=DIRECTION('ref_axis',(5.30268902581535E-17,-1.,-1.11022302462516E-16));
#11490=DIRECTION('center_axis',(9.99391120316252E-23,-1.11022302462516E-16,
1.));
#11491=DIRECTION('ref_axis',(5.30268902581535E-17,-1.,-1.11022302462516E-16));
#11492=DIRECTION('center_axis',(-9.99391120316252E-23,1.11022302462516E-16,
-1.));
#11493=DIRECTION('ref_axis',(-5.30268902581535E-17,1.,1.11022302462516E-16));
#11494=DIRECTION('',(-9.99391120316252E-23,1.11022302462516E-16,-1.));
#11495=DIRECTION('center_axis',(-9.99391120316252E-23,1.11022302462516E-16,
-1.));
#11496=DIRECTION('ref_axis',(-5.30268902581535E-17,1.,1.11022302462516E-16));
#11497=DIRECTION('center_axis',(-9.99391120316252E-23,1.11022302462516E-16,
-1.));
#11498=DIRECTION('ref_axis',(-5.30268902581535E-17,1.,1.11022302462516E-16));
#11499=DIRECTION('center_axis',(-9.99391120316252E-23,1.11022302462516E-16,
-1.));
#11500=DIRECTION('ref_axis',(-5.30268902581535E-17,1.,1.11022302462516E-16));
#11501=DIRECTION('',(-1.,-1.7821977348625E-16,9.99391120118388E-23));
#11502=DIRECTION('',(-0.5,0.866025403784439,9.61481842887342E-17));
#11503=DIRECTION('',(0.5,0.866025403784438,9.61480843496222E-17));
#11504=DIRECTION('',(1.,-1.9735887619804E-16,-9.99391120535364E-23));
#11505=DIRECTION('',(0.5,-0.866025403784439,-9.61481842887342E-17));
#11506=DIRECTION('',(-0.5,-0.866025403784438,-9.61480843496222E-17));
#11507=DIRECTION('center_axis',(-9.99391120316252E-23,1.11022302462516E-16,
-1.));
#11508=DIRECTION('ref_axis',(-5.30268902581535E-17,1.,1.11022302462516E-16));
#11509=DIRECTION('center_axis',(0.866025403784439,0.5,5.5511064681448E-17));
#11510=DIRECTION('ref_axis',(0.5,-0.866025403784439,-9.61481842887342E-17));
#11511=DIRECTION('',(9.99391120316252E-23,-1.11022302462516E-16,1.));
#11512=DIRECTION('',(-0.5,0.866025403784439,9.61481842887342E-17));
#11513=DIRECTION('',(9.99391120316252E-23,-1.11022302462516E-16,1.));
#11514=DIRECTION('center_axis',(0.866025403784438,-0.5,-5.55112377810677E-17));
#11515=DIRECTION('ref_axis',(-0.5,-0.866025403784438,-9.61480843496222E-17));
#11516=DIRECTION('',(0.5,0.866025403784438,9.61480843496222E-17));
#11517=DIRECTION('',(9.99391120316252E-23,-1.11022302462516E-16,1.));
#11518=DIRECTION('center_axis',(-1.9735887619804E-16,-1.,-1.11022302462516E-16));
#11519=DIRECTION('ref_axis',(-1.,1.9735887619804E-16,9.99391120535364E-23));
#11520=DIRECTION('',(1.,-1.9735887619804E-16,-9.99391120535364E-23));
#11521=DIRECTION('',(9.99391120316252E-23,-1.11022302462516E-16,1.));
#11522=DIRECTION('center_axis',(-0.866025403784439,-0.5,-5.5511064681448E-17));
#11523=DIRECTION('ref_axis',(-0.5,0.866025403784439,9.61481842887342E-17));
#11524=DIRECTION('',(0.5,-0.866025403784439,-9.61481842887342E-17));
#11525=DIRECTION('',(9.99391120316252E-23,-1.11022302462516E-16,1.));
#11526=DIRECTION('center_axis',(-0.866025403784438,0.5,5.55112377810677E-17));
#11527=DIRECTION('ref_axis',(0.5,0.866025403784438,9.61480843496222E-17));
#11528=DIRECTION('',(-0.5,-0.866025403784438,-9.61480843496222E-17));
#11529=DIRECTION('',(9.99391120316252E-23,-1.11022302462516E-16,1.));
#11530=DIRECTION('center_axis',(-1.7821977348625E-16,1.,1.11022302462516E-16));
#11531=DIRECTION('ref_axis',(1.,1.7821977348625E-16,-9.99391120118388E-23));
#11532=DIRECTION('',(-1.,-1.7821977348625E-16,9.99391120118388E-23));
#11533=DIRECTION('center_axis',(9.99391120316252E-23,-1.11022302462516E-16,
1.));
#11534=DIRECTION('ref_axis',(5.30268902581535E-17,-1.,-1.11022302462516E-16));
#11535=DIRECTION('center_axis',(4.03385387344387E-23,3.88578058618805E-16,
1.));
#11536=DIRECTION('ref_axis',(7.04779136387922E-13,-1.,3.88578058618805E-16));
#11537=DIRECTION('center_axis',(4.03385387344387E-23,3.88578058618805E-16,
1.));
#11538=DIRECTION('ref_axis',(7.04779136387922E-13,-1.,3.88578058618805E-16));
#11539=DIRECTION('',(-4.03385387344387E-23,-3.88578058618805E-16,-1.));
#11540=DIRECTION('center_axis',(4.03385387344387E-23,3.88578058618805E-16,
1.));
#11541=DIRECTION('ref_axis',(7.04779136387922E-13,-1.,3.88578058618805E-16));
#11542=DIRECTION('center_axis',(4.03385387344387E-23,3.88578058618805E-16,
1.));
#11543=DIRECTION('ref_axis',(7.04779136387922E-13,-1.,3.88578058618805E-16));
#11544=DIRECTION('',(4.984407021558E-13,-0.707106781186551,-0.707106781186544));
#11545=DIRECTION('center_axis',(4.03385387344387E-23,3.88578058618805E-16,
1.));
#11546=DIRECTION('ref_axis',(7.04779136387922E-13,-1.,3.88578058618805E-16));
#11547=DIRECTION('center_axis',(4.03385387344387E-23,3.88578058618805E-16,
1.));
#11548=DIRECTION('ref_axis',(7.04779136387921E-13,-1.,3.88578058618805E-16));
#11549=DIRECTION('center_axis',(-4.03385387344387E-23,-3.88578058618805E-16,
-1.));
#11550=DIRECTION('ref_axis',(-7.04779136387921E-13,1.,-3.88578058618805E-16));
#11551=DIRECTION('',(-4.03385387344387E-23,-3.88578058618805E-16,-1.));
#11552=DIRECTION('center_axis',(-4.03385387344387E-23,-3.88578058618805E-16,
-1.));
#11553=DIRECTION('ref_axis',(-7.04779136387921E-13,1.,-3.88578058618805E-16));
#11554=DIRECTION('center_axis',(-4.03385387344387E-23,-3.88578058618805E-16,
-1.));
#11555=DIRECTION('ref_axis',(-7.04779136387922E-13,1.,-3.88578058618805E-16));
#11556=DIRECTION('center_axis',(-4.03385387344387E-23,-3.88578058618805E-16,
-1.));
#11557=DIRECTION('ref_axis',(-7.04779136387922E-13,1.,-3.88578058618805E-16));
#11558=DIRECTION('',(-1.,-7.0490432927115E-13,4.03388126447945E-23));
#11559=DIRECTION('',(-0.50000000000061,0.866025403784086,-3.36518449947717E-16));
#11560=DIRECTION('',(0.49999999999939,0.866025403784791,-3.3651849028653E-16));
#11561=DIRECTION('',(1.,7.04528750621465E-13,-4.03388124988528E-23));
#11562=DIRECTION('',(0.50000000000061,-0.866025403784086,3.36518449947717E-16));
#11563=DIRECTION('',(-0.49999999999939,-0.866025403784791,3.3651849028653E-16));
#11564=DIRECTION('center_axis',(-4.03385387344387E-23,-3.88578058618805E-16,
-1.));
#11565=DIRECTION('ref_axis',(-7.04779136387922E-13,1.,-3.88578058618805E-16));
#11566=DIRECTION('center_axis',(0.866025403784086,0.50000000000061,-1.94289064243839E-16));
#11567=DIRECTION('ref_axis',(0.50000000000061,-0.866025403784086,3.36518449947717E-16));
#11568=DIRECTION('',(4.03385387344387E-23,3.88578058618805E-16,1.));
#11569=DIRECTION('',(-0.50000000000061,0.866025403784086,-3.36518449947717E-16));
#11570=DIRECTION('',(4.03385387344387E-23,3.88578058618805E-16,1.));
#11571=DIRECTION('center_axis',(0.866025403784791,-0.49999999999939,1.94288994374966E-16));
#11572=DIRECTION('ref_axis',(-0.49999999999939,-0.866025403784791,3.3651849028653E-16));
#11573=DIRECTION('',(0.49999999999939,0.866025403784791,-3.3651849028653E-16));
#11574=DIRECTION('',(4.03385387344387E-23,3.88578058618805E-16,1.));
#11575=DIRECTION('center_axis',(7.04528750621465E-13,-1.,3.88578058618805E-16));
#11576=DIRECTION('ref_axis',(-1.,-7.04528750621465E-13,4.03388124988528E-23));
#11577=DIRECTION('',(1.,7.04528750621465E-13,-4.03388124988528E-23));
#11578=DIRECTION('',(4.03385387344387E-23,3.88578058618805E-16,1.));
#11579=DIRECTION('center_axis',(-0.866025403784086,-0.50000000000061,1.94289064243839E-16));
#11580=DIRECTION('ref_axis',(-0.50000000000061,0.866025403784086,-3.36518449947717E-16));
#11581=DIRECTION('',(0.50000000000061,-0.866025403784086,3.36518449947717E-16));
#11582=DIRECTION('',(4.03385387344387E-23,3.88578058618805E-16,1.));
#11583=DIRECTION('center_axis',(-0.866025403784791,0.49999999999939,-1.94288994374966E-16));
#11584=DIRECTION('ref_axis',(0.49999999999939,0.866025403784791,-3.3651849028653E-16));
#11585=DIRECTION('',(-0.49999999999939,-0.866025403784791,3.3651849028653E-16));
#11586=DIRECTION('',(4.03385387344387E-23,3.88578058618805E-16,1.));
#11587=DIRECTION('center_axis',(-7.0490432927115E-13,1.,-3.88578058618805E-16));
#11588=DIRECTION('ref_axis',(1.,7.0490432927115E-13,-4.03388126447945E-23));
#11589=DIRECTION('',(-1.,-7.0490432927115E-13,4.03388126447945E-23));
#11590=DIRECTION('center_axis',(4.03385387344387E-23,3.88578058618805E-16,
1.));
#11591=DIRECTION('ref_axis',(7.04779136387922E-13,-1.,3.88578058618805E-16));
#11592=DIRECTION('center_axis',(4.03385387344387E-23,3.88578058618805E-16,
1.));
#11593=DIRECTION('ref_axis',(7.04779136387922E-13,-1.,3.88578058618805E-16));
#11594=DIRECTION('center_axis',(4.03385387344387E-23,3.88578058618805E-16,
1.));
#11595=DIRECTION('ref_axis',(7.04779136387922E-13,-1.,3.88578058618805E-16));
#11596=DIRECTION('',(-4.03385387344387E-23,-3.88578058618805E-16,-1.));
#11597=DIRECTION('center_axis',(4.03385387344387E-23,3.88578058618805E-16,
1.));
#11598=DIRECTION('ref_axis',(7.04779136387922E-13,-1.,3.88578058618805E-16));
#11599=DIRECTION('center_axis',(4.03385387344387E-23,3.88578058618805E-16,
1.));
#11600=DIRECTION('ref_axis',(7.04779136387922E-13,-1.,3.88578058618805E-16));
#11601=DIRECTION('',(4.984407021558E-13,-0.707106781186551,-0.707106781186544));
#11602=DIRECTION('center_axis',(4.03385387344387E-23,3.88578058618805E-16,
1.));
#11603=DIRECTION('ref_axis',(7.04779136387922E-13,-1.,3.88578058618805E-16));
#11604=DIRECTION('center_axis',(4.03385387344387E-23,3.88578058618805E-16,
1.));
#11605=DIRECTION('ref_axis',(7.04779136387921E-13,-1.,3.88578058618805E-16));
#11606=DIRECTION('center_axis',(-4.03385387344387E-23,-3.88578058618805E-16,
-1.));
#11607=DIRECTION('ref_axis',(-7.04779136387921E-13,1.,-3.88578058618805E-16));
#11608=DIRECTION('',(-4.03385387344387E-23,-3.88578058618805E-16,-1.));
#11609=DIRECTION('center_axis',(-4.03385387344387E-23,-3.88578058618805E-16,
-1.));
#11610=DIRECTION('ref_axis',(-7.04779136387921E-13,1.,-3.88578058618805E-16));
#11611=DIRECTION('center_axis',(-4.03385387344387E-23,-3.88578058618805E-16,
-1.));
#11612=DIRECTION('ref_axis',(-7.04779136387922E-13,1.,-3.88578058618805E-16));
#11613=DIRECTION('center_axis',(-4.03385387344387E-23,-3.88578058618805E-16,
-1.));
#11614=DIRECTION('ref_axis',(-7.04779136387922E-13,1.,-3.88578058618805E-16));
#11615=DIRECTION('',(-1.,-7.0490432927115E-13,4.03388126447945E-23));
#11616=DIRECTION('',(-0.50000000000061,0.866025403784086,-3.36518449947717E-16));
#11617=DIRECTION('',(0.49999999999939,0.866025403784791,-3.3651849028653E-16));
#11618=DIRECTION('',(1.,7.04528750621465E-13,-4.03388124988528E-23));
#11619=DIRECTION('',(0.50000000000061,-0.866025403784086,3.36518449947717E-16));
#11620=DIRECTION('',(-0.49999999999939,-0.866025403784791,3.3651849028653E-16));
#11621=DIRECTION('center_axis',(-4.03385387344387E-23,-3.88578058618805E-16,
-1.));
#11622=DIRECTION('ref_axis',(-7.04779136387922E-13,1.,-3.88578058618805E-16));
#11623=DIRECTION('center_axis',(0.866025403784086,0.50000000000061,-1.94289064243839E-16));
#11624=DIRECTION('ref_axis',(0.50000000000061,-0.866025403784086,3.36518449947717E-16));
#11625=DIRECTION('',(4.03385387344387E-23,3.88578058618805E-16,1.));
#11626=DIRECTION('',(-0.50000000000061,0.866025403784086,-3.36518449947717E-16));
#11627=DIRECTION('',(4.03385387344387E-23,3.88578058618805E-16,1.));
#11628=DIRECTION('center_axis',(0.866025403784791,-0.49999999999939,1.94288994374966E-16));
#11629=DIRECTION('ref_axis',(-0.49999999999939,-0.866025403784791,3.3651849028653E-16));
#11630=DIRECTION('',(0.49999999999939,0.866025403784791,-3.3651849028653E-16));
#11631=DIRECTION('',(4.03385387344387E-23,3.88578058618805E-16,1.));
#11632=DIRECTION('center_axis',(7.04528750621465E-13,-1.,3.88578058618805E-16));
#11633=DIRECTION('ref_axis',(-1.,-7.04528750621465E-13,4.03388124988528E-23));
#11634=DIRECTION('',(1.,7.04528750621465E-13,-4.03388124988528E-23));
#11635=DIRECTION('',(4.03385387344387E-23,3.88578058618805E-16,1.));
#11636=DIRECTION('center_axis',(-0.866025403784086,-0.50000000000061,1.94289064243839E-16));
#11637=DIRECTION('ref_axis',(-0.50000000000061,0.866025403784086,-3.36518449947717E-16));
#11638=DIRECTION('',(0.50000000000061,-0.866025403784086,3.36518449947717E-16));
#11639=DIRECTION('',(4.03385387344387E-23,3.88578058618805E-16,1.));
#11640=DIRECTION('center_axis',(-0.866025403784791,0.49999999999939,-1.94288994374966E-16));
#11641=DIRECTION('ref_axis',(0.49999999999939,0.866025403784791,-3.3651849028653E-16));
#11642=DIRECTION('',(-0.49999999999939,-0.866025403784791,3.3651849028653E-16));
#11643=DIRECTION('',(4.03385387344387E-23,3.88578058618805E-16,1.));
#11644=DIRECTION('center_axis',(-7.0490432927115E-13,1.,-3.88578058618805E-16));
#11645=DIRECTION('ref_axis',(1.,7.0490432927115E-13,-4.03388126447945E-23));
#11646=DIRECTION('',(-1.,-7.0490432927115E-13,4.03388126447945E-23));
#11647=DIRECTION('center_axis',(4.03385387344387E-23,3.88578058618805E-16,
1.));
#11648=DIRECTION('ref_axis',(7.04779136387922E-13,-1.,3.88578058618805E-16));
#11649=DIRECTION('center_axis',(4.03385387344387E-23,3.88578058618805E-16,
1.));
#11650=DIRECTION('ref_axis',(7.04779136387922E-13,-1.,3.88578058618805E-16));
#11651=DIRECTION('center_axis',(4.03385387344387E-23,3.88578058618805E-16,
1.));
#11652=DIRECTION('ref_axis',(7.04779136387922E-13,-1.,3.88578058618805E-16));
#11653=DIRECTION('',(-4.03385387344387E-23,-3.88578058618805E-16,-1.));
#11654=DIRECTION('center_axis',(4.03385387344387E-23,3.88578058618805E-16,
1.));
#11655=DIRECTION('ref_axis',(7.04779136387922E-13,-1.,3.88578058618805E-16));
#11656=DIRECTION('center_axis',(4.03385387344387E-23,3.88578058618805E-16,
1.));
#11657=DIRECTION('ref_axis',(7.04779136387922E-13,-1.,3.88578058618805E-16));
#11658=DIRECTION('',(4.984407021558E-13,-0.707106781186551,-0.707106781186544));
#11659=DIRECTION('center_axis',(4.03385387344387E-23,3.88578058618805E-16,
1.));
#11660=DIRECTION('ref_axis',(7.04779136387922E-13,-1.,3.88578058618805E-16));
#11661=DIRECTION('center_axis',(4.03385387344387E-23,3.88578058618805E-16,
1.));
#11662=DIRECTION('ref_axis',(7.04779136387921E-13,-1.,3.88578058618805E-16));
#11663=DIRECTION('center_axis',(-4.03385387344387E-23,-3.88578058618805E-16,
-1.));
#11664=DIRECTION('ref_axis',(-7.04779136387921E-13,1.,-3.88578058618805E-16));
#11665=DIRECTION('',(-4.03385387344387E-23,-3.88578058618805E-16,-1.));
#11666=DIRECTION('center_axis',(-4.03385387344387E-23,-3.88578058618805E-16,
-1.));
#11667=DIRECTION('ref_axis',(-7.04779136387921E-13,1.,-3.88578058618805E-16));
#11668=DIRECTION('center_axis',(-4.03385387344387E-23,-3.88578058618805E-16,
-1.));
#11669=DIRECTION('ref_axis',(-7.04779136387922E-13,1.,-3.88578058618805E-16));
#11670=DIRECTION('center_axis',(-4.03385387344387E-23,-3.88578058618805E-16,
-1.));
#11671=DIRECTION('ref_axis',(-7.04779136387922E-13,1.,-3.88578058618805E-16));
#11672=DIRECTION('',(-1.,-7.0490432927115E-13,4.03388126447945E-23));
#11673=DIRECTION('',(-0.50000000000061,0.866025403784086,-3.36518449947717E-16));
#11674=DIRECTION('',(0.49999999999939,0.866025403784791,-3.3651849028653E-16));
#11675=DIRECTION('',(1.,7.04528750621465E-13,-4.03388124988528E-23));
#11676=DIRECTION('',(0.50000000000061,-0.866025403784086,3.36518449947717E-16));
#11677=DIRECTION('',(-0.49999999999939,-0.866025403784791,3.3651849028653E-16));
#11678=DIRECTION('center_axis',(-4.03385387344387E-23,-3.88578058618805E-16,
-1.));
#11679=DIRECTION('ref_axis',(-7.04779136387922E-13,1.,-3.88578058618805E-16));
#11680=DIRECTION('center_axis',(0.866025403784086,0.50000000000061,-1.94289064243839E-16));
#11681=DIRECTION('ref_axis',(0.50000000000061,-0.866025403784086,3.36518449947717E-16));
#11682=DIRECTION('',(4.03385387344387E-23,3.88578058618805E-16,1.));
#11683=DIRECTION('',(-0.50000000000061,0.866025403784086,-3.36518449947717E-16));
#11684=DIRECTION('',(4.03385387344387E-23,3.88578058618805E-16,1.));
#11685=DIRECTION('center_axis',(0.866025403784791,-0.49999999999939,1.94288994374966E-16));
#11686=DIRECTION('ref_axis',(-0.49999999999939,-0.866025403784791,3.3651849028653E-16));
#11687=DIRECTION('',(0.49999999999939,0.866025403784791,-3.3651849028653E-16));
#11688=DIRECTION('',(4.03385387344387E-23,3.88578058618805E-16,1.));
#11689=DIRECTION('center_axis',(7.04528750621465E-13,-1.,3.88578058618805E-16));
#11690=DIRECTION('ref_axis',(-1.,-7.04528750621465E-13,4.03388124988528E-23));
#11691=DIRECTION('',(1.,7.04528750621465E-13,-4.03388124988528E-23));
#11692=DIRECTION('',(4.03385387344387E-23,3.88578058618805E-16,1.));
#11693=DIRECTION('center_axis',(-0.866025403784086,-0.50000000000061,1.94289064243839E-16));
#11694=DIRECTION('ref_axis',(-0.50000000000061,0.866025403784086,-3.36518449947717E-16));
#11695=DIRECTION('',(0.50000000000061,-0.866025403784086,3.36518449947717E-16));
#11696=DIRECTION('',(4.03385387344387E-23,3.88578058618805E-16,1.));
#11697=DIRECTION('center_axis',(-0.866025403784791,0.49999999999939,-1.94288994374966E-16));
#11698=DIRECTION('ref_axis',(0.49999999999939,0.866025403784791,-3.3651849028653E-16));
#11699=DIRECTION('',(-0.49999999999939,-0.866025403784791,3.3651849028653E-16));
#11700=DIRECTION('',(4.03385387344387E-23,3.88578058618805E-16,1.));
#11701=DIRECTION('center_axis',(-7.0490432927115E-13,1.,-3.88578058618805E-16));
#11702=DIRECTION('ref_axis',(1.,7.0490432927115E-13,-4.03388126447945E-23));
#11703=DIRECTION('',(-1.,-7.0490432927115E-13,4.03388126447945E-23));
#11704=DIRECTION('center_axis',(4.03385387344387E-23,3.88578058618805E-16,
1.));
#11705=DIRECTION('ref_axis',(7.04779136387922E-13,-1.,3.88578058618805E-16));
#11706=DIRECTION('center_axis',(4.03385387344387E-23,3.88578058618805E-16,
1.));
#11707=DIRECTION('ref_axis',(7.04779136387922E-13,-1.,3.88578058618805E-16));
#11708=DIRECTION('center_axis',(4.03385387344387E-23,3.88578058618805E-16,
1.));
#11709=DIRECTION('ref_axis',(7.04779136387922E-13,-1.,3.88578058618805E-16));
#11710=DIRECTION('',(-4.03385387344387E-23,-3.88578058618805E-16,-1.));
#11711=DIRECTION('center_axis',(4.03385387344387E-23,3.88578058618805E-16,
1.));
#11712=DIRECTION('ref_axis',(7.04779136387922E-13,-1.,3.88578058618805E-16));
#11713=DIRECTION('center_axis',(4.03385387344387E-23,3.88578058618805E-16,
1.));
#11714=DIRECTION('ref_axis',(7.04779136387922E-13,-1.,3.88578058618805E-16));
#11715=DIRECTION('',(4.984407021558E-13,-0.707106781186551,-0.707106781186544));
#11716=DIRECTION('center_axis',(4.03385387344387E-23,3.88578058618805E-16,
1.));
#11717=DIRECTION('ref_axis',(7.04779136387922E-13,-1.,3.88578058618805E-16));
#11718=DIRECTION('center_axis',(4.03385387344387E-23,3.88578058618805E-16,
1.));
#11719=DIRECTION('ref_axis',(7.04779136387921E-13,-1.,3.88578058618805E-16));
#11720=DIRECTION('center_axis',(-4.03385387344387E-23,-3.88578058618805E-16,
-1.));
#11721=DIRECTION('ref_axis',(-7.04779136387921E-13,1.,-3.88578058618805E-16));
#11722=DIRECTION('',(-4.03385387344387E-23,-3.88578058618805E-16,-1.));
#11723=DIRECTION('center_axis',(-4.03385387344387E-23,-3.88578058618805E-16,
-1.));
#11724=DIRECTION('ref_axis',(-7.04779136387921E-13,1.,-3.88578058618805E-16));
#11725=DIRECTION('center_axis',(-4.03385387344387E-23,-3.88578058618805E-16,
-1.));
#11726=DIRECTION('ref_axis',(-7.04779136387922E-13,1.,-3.88578058618805E-16));
#11727=DIRECTION('center_axis',(-4.03385387344387E-23,-3.88578058618805E-16,
-1.));
#11728=DIRECTION('ref_axis',(-7.04779136387922E-13,1.,-3.88578058618805E-16));
#11729=DIRECTION('',(-1.,-7.0490432927115E-13,4.03388126447945E-23));
#11730=DIRECTION('',(-0.50000000000061,0.866025403784086,-3.36518449947717E-16));
#11731=DIRECTION('',(0.49999999999939,0.866025403784791,-3.3651849028653E-16));
#11732=DIRECTION('',(1.,7.04528750621465E-13,-4.03388124988528E-23));
#11733=DIRECTION('',(0.50000000000061,-0.866025403784086,3.36518449947717E-16));
#11734=DIRECTION('',(-0.49999999999939,-0.866025403784791,3.3651849028653E-16));
#11735=DIRECTION('center_axis',(-4.03385387344387E-23,-3.88578058618805E-16,
-1.));
#11736=DIRECTION('ref_axis',(-7.04779136387922E-13,1.,-3.88578058618805E-16));
#11737=DIRECTION('center_axis',(0.866025403784086,0.50000000000061,-1.94289064243839E-16));
#11738=DIRECTION('ref_axis',(0.50000000000061,-0.866025403784086,3.36518449947717E-16));
#11739=DIRECTION('',(4.03385387344387E-23,3.88578058618805E-16,1.));
#11740=DIRECTION('',(-0.50000000000061,0.866025403784086,-3.36518449947717E-16));
#11741=DIRECTION('',(4.03385387344387E-23,3.88578058618805E-16,1.));
#11742=DIRECTION('center_axis',(0.866025403784791,-0.49999999999939,1.94288994374966E-16));
#11743=DIRECTION('ref_axis',(-0.49999999999939,-0.866025403784791,3.3651849028653E-16));
#11744=DIRECTION('',(0.49999999999939,0.866025403784791,-3.3651849028653E-16));
#11745=DIRECTION('',(4.03385387344387E-23,3.88578058618805E-16,1.));
#11746=DIRECTION('center_axis',(7.04528750621465E-13,-1.,3.88578058618805E-16));
#11747=DIRECTION('ref_axis',(-1.,-7.04528750621465E-13,4.03388124988528E-23));
#11748=DIRECTION('',(1.,7.04528750621465E-13,-4.03388124988528E-23));
#11749=DIRECTION('',(4.03385387344387E-23,3.88578058618805E-16,1.));
#11750=DIRECTION('center_axis',(-0.866025403784086,-0.50000000000061,1.94289064243839E-16));
#11751=DIRECTION('ref_axis',(-0.50000000000061,0.866025403784086,-3.36518449947717E-16));
#11752=DIRECTION('',(0.50000000000061,-0.866025403784086,3.36518449947717E-16));
#11753=DIRECTION('',(4.03385387344387E-23,3.88578058618805E-16,1.));
#11754=DIRECTION('center_axis',(-0.866025403784791,0.49999999999939,-1.94288994374966E-16));
#11755=DIRECTION('ref_axis',(0.49999999999939,0.866025403784791,-3.3651849028653E-16));
#11756=DIRECTION('',(-0.49999999999939,-0.866025403784791,3.3651849028653E-16));
#11757=DIRECTION('',(4.03385387344387E-23,3.88578058618805E-16,1.));
#11758=DIRECTION('center_axis',(-7.0490432927115E-13,1.,-3.88578058618805E-16));
#11759=DIRECTION('ref_axis',(1.,7.0490432927115E-13,-4.03388126447945E-23));
#11760=DIRECTION('',(-1.,-7.0490432927115E-13,4.03388126447945E-23));
#11761=DIRECTION('center_axis',(4.03385387344387E-23,3.88578058618805E-16,
1.));
#11762=DIRECTION('ref_axis',(7.04779136387922E-13,-1.,3.88578058618805E-16));
#11763=CARTESIAN_POINT('',(0.,0.,0.));
#11764=CARTESIAN_POINT('Origin',(-27.25,2.77555756156289E-14,54.));
#11765=CARTESIAN_POINT('',(-27.25,5.23435305963096,54.));
#11766=CARTESIAN_POINT('Origin',(-27.25,2.77555756156289E-14,54.));
#11767=CARTESIAN_POINT('',(-28.25,5.23435305963096,54.));
#11768=CARTESIAN_POINT('',(-27.25,5.23435305963096,54.));
#11769=CARTESIAN_POINT('Origin',(-28.25,2.76514916365775E-14,54.));
#11770=CARTESIAN_POINT('Origin',(-28.25,2.76514916365775E-14,54.));
#11771=CARTESIAN_POINT('Origin',(-42.25,15.,84.5));
#11772=CARTESIAN_POINT('',(-43.9,15.,77.3461525809715));
#11773=CARTESIAN_POINT('Ctrl Pts',(-43.9,15.,77.3461525809715));
#11774=CARTESIAN_POINT('Ctrl Pts',(-43.9,14.7943625339788,77.3461525809715));
#11775=CARTESIAN_POINT('Ctrl Pts',(-43.8591158630129,14.5752943172901,77.3371783072202));
#11776=CARTESIAN_POINT('Ctrl Pts',(-43.6944978495534,14.1735289188482,77.295482946561));
#11777=CARTESIAN_POINT('Ctrl Pts',(-43.5707910877831,13.9908885017495,77.2621104069515));
#11778=CARTESIAN_POINT('Ctrl Pts',(-43.2755113464079,13.688483641497,77.1681448531257));
#11779=CARTESIAN_POINT('Ctrl Pts',(-43.0802352177842,13.5566319423186,77.098488938115));
#11780=CARTESIAN_POINT('Ctrl Pts',(-42.6657002610577,13.3876120493322,76.9196266234802));
#11781=CARTESIAN_POINT('Ctrl Pts',(-42.4468810795968,13.35,76.8098217670102));
#11782=CARTESIAN_POINT('Ctrl Pts',(-42.0203356075918,13.35,76.5635556239264));
#11783=CARTESIAN_POINT('Ctrl Pts',(-41.7852472861217,13.3999752009946,76.4057988985795));
#11784=CARTESIAN_POINT('Ctrl Pts',(-41.3629465549767,13.589606205395,76.078448367384));
#11785=CARTESIAN_POINT('Ctrl Pts',(-41.1752815006101,13.7286864142081,75.9091055200332));
#11786=CARTESIAN_POINT('Ctrl Pts',(-40.9075572355801,14.0242790242022,75.6438491207136));
#11787=CARTESIAN_POINT('Ctrl Pts',(-40.7971443346882,14.1914100670534,75.5231613631736));
#11788=CARTESIAN_POINT('Ctrl Pts',(-40.6817953801467,14.4767784394545,75.39036559361));
#11789=CARTESIAN_POINT('Ctrl Pts',(-40.6514181322171,14.5777263958319,75.3540927042107));
#11790=CARTESIAN_POINT('Ctrl Pts',(-40.6105244097599,14.7858900975177,75.3047777096871));
#11791=CARTESIAN_POINT('Ctrl Pts',(-40.6,14.893111814622,75.2917673979293));
#11792=CARTESIAN_POINT('Ctrl Pts',(-40.6,15.1153132262837,75.2917673979293));
#11793=CARTESIAN_POINT('Ctrl Pts',(-40.6122144259719,15.2300857751768,75.3068788857942));
#11794=CARTESIAN_POINT('Ctrl Pts',(-40.6589598884914,15.4515921326069,75.3631131583553));
#11795=CARTESIAN_POINT('Ctrl Pts',(-40.6935067908738,15.5583330869483,75.4041945981596));
#11796=CARTESIAN_POINT('Ctrl Pts',(-40.8241308235726,15.8585021456778,75.5532881381227));
#11797=CARTESIAN_POINT('Ctrl Pts',(-40.9485748048732,16.0320271827888,75.6872169789836));
#11798=CARTESIAN_POINT('Ctrl Pts',(-41.2286645551823,16.3121169330979,75.9575430596705));
#11799=CARTESIAN_POINT('Ctrl Pts',(-41.4096071741758,16.4366401617751,76.1168728061487));
#11800=CARTESIAN_POINT('Ctrl Pts',(-41.8123017277067,16.6058067391441,76.4240595365262));
#11801=CARTESIAN_POINT('Ctrl Pts',(-42.0344181877249,16.65,76.5716862053572));
#11802=CARTESIAN_POINT('Ctrl Pts',(-42.4439445575361,16.65,76.8081263652079));
#11803=CARTESIAN_POINT('Ctrl Pts',(-42.6595384261545,16.6135110554745,76.9165742888682));
#11804=CARTESIAN_POINT('Ctrl Pts',(-43.0689249625608,16.4493107974231,77.0939860223589));
#11805=CARTESIAN_POINT('Ctrl Pts',(-43.2622966811069,16.3211556968087,77.163509486031));
#11806=CARTESIAN_POINT('Ctrl Pts',(-43.5608622584276,16.022590119488,77.2593166389375));
#11807=CARTESIAN_POINT('Ctrl Pts',(-43.6881867946101,15.8382618485563,77.2938236866939));
#11808=CARTESIAN_POINT('Ctrl Pts',(-43.8577683860843,15.4314456127125,77.3368950875494));
#11809=CARTESIAN_POINT('Ctrl Pts',(-43.9,15.2090207264114,77.3461525809715));
#11810=CARTESIAN_POINT('Ctrl Pts',(-43.9,15.,77.3461525809715));
#11811=CARTESIAN_POINT('',(-43.9,15.,84.5));
#11812=CARTESIAN_POINT('',(-43.9,15.,84.5));
#11813=CARTESIAN_POINT('Origin',(-42.25,15.,84.5));
#11814=CARTESIAN_POINT('Origin',(-32.25,15.,84.5));
#11815=CARTESIAN_POINT('',(-33.9,15.,73.));
#11816=CARTESIAN_POINT('Origin',(-32.25,15.,73.));
#11817=CARTESIAN_POINT('',(-33.9,15.,84.5));
#11818=CARTESIAN_POINT('',(-33.9,15.,84.5));
#11819=CARTESIAN_POINT('Origin',(-32.25,15.,84.5));
#11820=CARTESIAN_POINT('Origin',(-32.25,15.,73.));
#11821=CARTESIAN_POINT('',(-32.25,15.,72.0085799786045));
#11822=CARTESIAN_POINT('',(-33.9,15.,73.));
#11823=CARTESIAN_POINT('Origin',(-32.25,-15.,84.5));
#11824=CARTESIAN_POINT('',(-33.9,-15.,73.));
#11825=CARTESIAN_POINT('Origin',(-32.25,-15.,73.));
#11826=CARTESIAN_POINT('',(-33.9,-15.,84.5));
#11827=CARTESIAN_POINT('',(-33.9,-15.,84.5));
#11828=CARTESIAN_POINT('Origin',(-32.25,-15.,84.5));
#11829=CARTESIAN_POINT('Origin',(-32.25,-15.,73.));
#11830=CARTESIAN_POINT('',(-32.25,-15.,72.0085799786045));
#11831=CARTESIAN_POINT('',(-33.9,-15.,73.));
#11832=CARTESIAN_POINT('Origin',(-42.25,-15.,84.5));
#11833=CARTESIAN_POINT('',(-43.9,-15.,77.3461525809715));
#11834=CARTESIAN_POINT('Ctrl Pts',(-43.9,-15.,77.3461525809715));
#11835=CARTESIAN_POINT('Ctrl Pts',(-43.9,-15.2090207264113,77.3461525809715));
#11836=CARTESIAN_POINT('Ctrl Pts',(-43.8577683860843,-15.4314456127124,
77.3368950875494));
#11837=CARTESIAN_POINT('Ctrl Pts',(-43.6881867946101,-15.8382618485562,
77.2938236866939));
#11838=CARTESIAN_POINT('Ctrl Pts',(-43.5608622584276,-16.022590119488,77.2593166389375));
#11839=CARTESIAN_POINT('Ctrl Pts',(-43.2622966811069,-16.3211556968087,
77.163509486031));
#11840=CARTESIAN_POINT('Ctrl Pts',(-43.0689249625608,-16.449310797423,77.0939860223589));
#11841=CARTESIAN_POINT('Ctrl Pts',(-42.6595384261545,-16.6135110554744,
76.9165742888682));
#11842=CARTESIAN_POINT('Ctrl Pts',(-42.4439445575361,-16.65,76.8081263652079));
#11843=CARTESIAN_POINT('Ctrl Pts',(-42.0344181877249,-16.65,76.5716862053572));
#11844=CARTESIAN_POINT('Ctrl Pts',(-41.8123017277067,-16.6058067391441,
76.4240595365263));
#11845=CARTESIAN_POINT('Ctrl Pts',(-41.4096071741758,-16.436640161775,76.1168728061488));
#11846=CARTESIAN_POINT('Ctrl Pts',(-41.2286645551823,-16.3121169330979,
75.9575430596705));
#11847=CARTESIAN_POINT('Ctrl Pts',(-40.9485748048732,-16.0320271827887,
75.6872169789837));
#11848=CARTESIAN_POINT('Ctrl Pts',(-40.8241308235726,-15.8585021456777,
75.5532881381227));
#11849=CARTESIAN_POINT('Ctrl Pts',(-40.6935067908738,-15.5583330869482,
75.4041945981596));
#11850=CARTESIAN_POINT('Ctrl Pts',(-40.6589598884914,-15.4515921326068,
75.3631131583553));
#11851=CARTESIAN_POINT('Ctrl Pts',(-40.6122144259719,-15.2300857751767,
75.3068788857943));
#11852=CARTESIAN_POINT('Ctrl Pts',(-40.6,-15.1153132262836,75.2917673979294));
#11853=CARTESIAN_POINT('Ctrl Pts',(-40.6,-14.8931118146219,75.2917673979294));
#11854=CARTESIAN_POINT('Ctrl Pts',(-40.6105244097599,-14.7858900975177,
75.3047777096871));
#11855=CARTESIAN_POINT('Ctrl Pts',(-40.651418132217,-14.5777263958319,75.3540927042107));
#11856=CARTESIAN_POINT('Ctrl Pts',(-40.6817953801467,-14.4767784394544,
75.39036559361));
#11857=CARTESIAN_POINT('Ctrl Pts',(-40.7971443346882,-14.1914100670533,
75.5231613631736));
#11858=CARTESIAN_POINT('Ctrl Pts',(-40.9075572355801,-14.0242790242022,
75.6438491207136));
#11859=CARTESIAN_POINT('Ctrl Pts',(-41.1752815006101,-13.728686414208,75.9091055200332));
#11860=CARTESIAN_POINT('Ctrl Pts',(-41.3629465549767,-13.5896062053949,
76.078448367384));
#11861=CARTESIAN_POINT('Ctrl Pts',(-41.7852472861217,-13.3999752009945,
76.4057988985795));
#11862=CARTESIAN_POINT('Ctrl Pts',(-42.0203356075918,-13.35,76.5635556239264));
#11863=CARTESIAN_POINT('Ctrl Pts',(-42.4468810795968,-13.35,76.8098217670102));
#11864=CARTESIAN_POINT('Ctrl Pts',(-42.6657002610577,-13.3876120493321,
76.9196266234802));
#11865=CARTESIAN_POINT('Ctrl Pts',(-43.0802352177842,-13.5566319423185,
77.098488938115));
#11866=CARTESIAN_POINT('Ctrl Pts',(-43.2755113464079,-13.6884836414969,
77.1681448531257));
#11867=CARTESIAN_POINT('Ctrl Pts',(-43.5707910877831,-13.9908885017494,
77.2621104069515));
#11868=CARTESIAN_POINT('Ctrl Pts',(-43.6944978495534,-14.1735289188482,
77.295482946561));
#11869=CARTESIAN_POINT('Ctrl Pts',(-43.8591158630129,-14.57529431729,77.3371783072202));
#11870=CARTESIAN_POINT('Ctrl Pts',(-43.9,-14.7943625339788,77.3461525809715));
#11871=CARTESIAN_POINT('Ctrl Pts',(-43.9,-15.,77.3461525809715));
#11872=CARTESIAN_POINT('',(-43.9,-15.,84.5));
#11873=CARTESIAN_POINT('',(-43.9,-15.,84.5));
#11874=CARTESIAN_POINT('Origin',(-42.25,-15.,84.5));
#11875=CARTESIAN_POINT('Origin',(-39.25,1.93872627216036E-14,39.75));
#11876=CARTESIAN_POINT('',(-27.25,-2.24999999999998,39.75));
#11877=CARTESIAN_POINT('Origin',(-27.25,2.06362704702201E-14,39.75));
#11878=CARTESIAN_POINT('',(-39.25,-2.24999999999998,39.75));
#11879=CARTESIAN_POINT('',(-39.25,-2.24999999999998,39.75));
#11880=CARTESIAN_POINT('Origin',(-39.25,1.93872627216036E-14,39.75));
#11881=CARTESIAN_POINT('Origin',(-39.25,12.3408620039283,61.125));
#11882=CARTESIAN_POINT('',(-27.25,10.0908620039283,61.125));
#11883=CARTESIAN_POINT('Origin',(-27.25,12.3408620039283,61.125));
#11884=CARTESIAN_POINT('',(-39.25,10.0908620039283,61.125));
#11885=CARTESIAN_POINT('',(-39.25,10.0908620039283,61.125));
#11886=CARTESIAN_POINT('Origin',(-39.25,12.3408620039283,61.125));
#11887=CARTESIAN_POINT('Origin',(-39.25,-12.3408620039282,61.125));
#11888=CARTESIAN_POINT('',(-27.25,-14.5908620039282,61.125));
#11889=CARTESIAN_POINT('Origin',(-27.25,-12.3408620039282,61.125));
#11890=CARTESIAN_POINT('',(-39.25,-14.5908620039282,61.125));
#11891=CARTESIAN_POINT('',(-39.25,-14.5908620039282,61.125));
#11892=CARTESIAN_POINT('Origin',(-39.25,-12.3408620039282,61.125));
#11893=CARTESIAN_POINT('Origin',(-39.25,3.40005732832322E-14,69.));
#11894=CARTESIAN_POINT('',(-27.25,-2.24999999999996,69.));
#11895=CARTESIAN_POINT('Origin',(-27.25,3.52495810318487E-14,69.));
#11896=CARTESIAN_POINT('',(-39.25,-2.24999999999996,69.));
#11897=CARTESIAN_POINT('',(-39.25,-2.24999999999996,69.));
#11898=CARTESIAN_POINT('Origin',(-39.25,3.40005732832322E-14,69.));
#11899=CARTESIAN_POINT('Origin',(-39.25,-12.9903810567666,46.5));
#11900=CARTESIAN_POINT('',(-27.25,-15.2403810567666,46.5));
#11901=CARTESIAN_POINT('Origin',(-27.25,-12.9903810567666,46.5));
#11902=CARTESIAN_POINT('',(-39.25,-15.2403810567666,46.5));
#11903=CARTESIAN_POINT('',(-39.25,-15.2403810567666,46.5));
#11904=CARTESIAN_POINT('Origin',(-39.25,-12.9903810567666,46.5));
#11905=CARTESIAN_POINT('Origin',(-39.25,12.9903810567667,46.5000000000001));
#11906=CARTESIAN_POINT('',(-27.25,10.7403810567667,46.5000000000001));
#11907=CARTESIAN_POINT('Origin',(-27.25,12.9903810567667,46.5000000000001));
#11908=CARTESIAN_POINT('',(-39.25,10.7403810567667,46.5000000000001));
#11909=CARTESIAN_POINT('',(-39.25,10.7403810567667,46.5000000000001));
#11910=CARTESIAN_POINT('Origin',(-39.25,12.9903810567667,46.5000000000001));
#11911=CARTESIAN_POINT('Origin',(-39.25,2.65065678670124E-14,54.));
#11912=CARTESIAN_POINT('',(-39.25,-6.24499799839838,35.));
#11913=CARTESIAN_POINT('',(-39.25,-20.,54.));
#11914=CARTESIAN_POINT('Origin',(-39.25,2.65065678670124E-14,54.));
#11915=CARTESIAN_POINT('',(-27.25,-6.24499799839838,35.));
#11916=CARTESIAN_POINT('',(-27.25,-6.24499799839838,35.));
#11917=CARTESIAN_POINT('',(-27.25,-20.,54.));
#11918=CARTESIAN_POINT('Origin',(-27.25,2.77555756156289E-14,54.));
#11919=CARTESIAN_POINT('',(-39.25,-20.,54.));
#11920=CARTESIAN_POINT('Origin',(-39.25,4.17443788799927E-14,84.5));
#11921=CARTESIAN_POINT('',(-27.25,-20.,84.5));
#11922=CARTESIAN_POINT('',(-27.25,20.,84.5));
#11923=CARTESIAN_POINT('',(-27.25,4.29933866286092E-14,84.5));
#11924=CARTESIAN_POINT('',(-42.25,20.,84.5));
#11925=CARTESIAN_POINT('',(-39.25,20.,84.5));
#11926=CARTESIAN_POINT('',(-42.25,10.,84.5));
#11927=CARTESIAN_POINT('Origin',(-42.25,15.,84.5));
#11928=CARTESIAN_POINT('',(-39.25,10.,84.5));
#11929=CARTESIAN_POINT('',(-27.25,10.,84.5));
#11930=CARTESIAN_POINT('',(-39.25,-9.99999999999995,84.5));
#11931=CARTESIAN_POINT('',(-39.25,4.17443788799927E-14,84.5));
#11932=CARTESIAN_POINT('',(-42.25,-9.99999999999995,84.5));
#11933=CARTESIAN_POINT('',(-27.25,-9.99999999999995,84.5));
#11934=CARTESIAN_POINT('',(-42.25,-20.,84.5));
#11935=CARTESIAN_POINT('Origin',(-42.25,-15.,84.5));
#11936=CARTESIAN_POINT('',(-39.25,-20.,84.5));
#11937=CARTESIAN_POINT('Origin',(-39.25,20.,54.));
#11938=CARTESIAN_POINT('',(-27.25,20.,54.));
#11939=CARTESIAN_POINT('',(-27.25,20.,54.));
#11940=CARTESIAN_POINT('',(-39.25,20.,54.));
#11941=CARTESIAN_POINT('',(-39.25,20.,54.));
#11942=CARTESIAN_POINT('',(-39.25,20.,71.5));
#11943=CARTESIAN_POINT('',(-39.25,20.,54.));
#11944=CARTESIAN_POINT('',(-42.25,20.,76.6961524227066));
#11945=CARTESIAN_POINT('Origin',(-45.25,20.,71.5));
#11946=CARTESIAN_POINT('',(-42.25,20.,77.5));
#11947=CARTESIAN_POINT('Origin',(-39.25,2.65065678670124E-14,54.));
#11948=CARTESIAN_POINT('',(-27.25,6.24499799839842,35.));
#11949=CARTESIAN_POINT('Origin',(-27.25,2.77555756156289E-14,54.));
#11950=CARTESIAN_POINT('',(-39.25,6.24499799839842,35.));
#11951=CARTESIAN_POINT('',(-27.25,6.24499799839842,35.));
#11952=CARTESIAN_POINT('Origin',(-39.25,2.65065678670124E-14,54.));
#11953=CARTESIAN_POINT('Origin',(-39.25,-20.,54.));
#11954=CARTESIAN_POINT('',(-27.25,-20.,54.));
#11955=CARTESIAN_POINT('',(-42.25,-20.,76.6961524227066));
#11956=CARTESIAN_POINT('',(-42.25,-20.,77.5));
#11957=CARTESIAN_POINT('',(-39.25,-20.,71.5));
#11958=CARTESIAN_POINT('Origin',(-45.25,-20.,71.5));
#11959=CARTESIAN_POINT('',(-39.25,-20.,54.));
#11960=CARTESIAN_POINT('Origin',(-39.25,2.65065678670124E-14,54.));
#11961=CARTESIAN_POINT('',(-39.25,-6.24499799839838,35.));
#11962=CARTESIAN_POINT('',(-39.25,-9.99999999999996,71.5));
#11963=CARTESIAN_POINT('',(-39.25,3.52495741859355E-14,71.5));
#11964=CARTESIAN_POINT('',(-39.25,-9.99999999999996,77.5));
#11965=CARTESIAN_POINT('',(-39.25,10.,71.5));
#11966=CARTESIAN_POINT('',(-39.25,10.,77.5));
#11967=CARTESIAN_POINT('',(-39.25,3.52495741859355E-14,71.5));
#11968=CARTESIAN_POINT('Origin',(-27.25,2.77555756156289E-14,54.));
#11969=CARTESIAN_POINT('',(-27.25,-6.24499799839838,35.));
#11970=CARTESIAN_POINT('Origin',(-42.25,-15.,77.5));
#11971=CARTESIAN_POINT('',(-42.25,-9.99999999999996,76.6961524227066));
#11972=CARTESIAN_POINT('',(-42.25,-9.99999999999996,77.5));
#11973=CARTESIAN_POINT('',(-45.25,-11.,77.5));
#11974=CARTESIAN_POINT('Ctrl Pts',(-42.25,-9.99999999999996,76.6961524227066));
#11975=CARTESIAN_POINT('Ctrl Pts',(-42.5423484433636,-9.99999999999996,
76.8649398751798));
#11976=CARTESIAN_POINT('Ctrl Pts',(-42.8603145071334,-10.0265795278802,
77.0142574472186));
#11977=CARTESIAN_POINT('Ctrl Pts',(-43.6293657318366,-10.1725331727348,
77.2965825052642));
#11978=CARTESIAN_POINT('Ctrl Pts',(-44.084616743493,-10.327138427997,77.3996356333901));
#11979=CARTESIAN_POINT('Ctrl Pts',(-44.742827748029,-10.656243930265,77.4841280241444));
#11980=CARTESIAN_POINT('Ctrl Pts',(-45.0031661667683,-10.8148746250761,
77.5));
#11981=CARTESIAN_POINT('Ctrl Pts',(-45.25,-11.,77.5));
#11982=CARTESIAN_POINT('',(-45.25,-19.,77.5));
#11983=CARTESIAN_POINT('Origin',(-42.25,-15.,77.5));
#11984=CARTESIAN_POINT('Ctrl Pts',(-45.25,-19.,77.5));
#11985=CARTESIAN_POINT('Ctrl Pts',(-45.0031661667683,-19.1851253749238,
77.5));
#11986=CARTESIAN_POINT('Ctrl Pts',(-44.742827748029,-19.343756069735,77.4841280241444));
#11987=CARTESIAN_POINT('Ctrl Pts',(-44.084616743493,-19.6728615720029,77.3996356333901));
#11988=CARTESIAN_POINT('Ctrl Pts',(-43.6293657318366,-19.8274668272651,
77.2965825052642));
#11989=CARTESIAN_POINT('Ctrl Pts',(-42.8603145071334,-19.9734204721197,
77.0142574472186));
#11990=CARTESIAN_POINT('Ctrl Pts',(-42.5423484433636,-20.,76.8649398751798));
#11991=CARTESIAN_POINT('Ctrl Pts',(-42.25,-20.,76.6961524227066));
#11992=CARTESIAN_POINT('Origin',(-27.25,-9.99999999999996,77.5));
#11993=CARTESIAN_POINT('Origin',(-45.25,-9.99999999999996,71.5));
#11994=CARTESIAN_POINT('Origin',(-27.25,3.94961841010399E-14,77.5));
#11995=CARTESIAN_POINT('',(-45.25,3.76226724781152E-14,77.5));
#11996=CARTESIAN_POINT('Origin',(-27.25,10.,77.5));
#11997=CARTESIAN_POINT('',(-42.25,10.,76.6961524227066));
#11998=CARTESIAN_POINT('',(-42.25,10.,77.5));
#11999=CARTESIAN_POINT('Origin',(-45.25,10.,71.5));
#12000=CARTESIAN_POINT('Origin',(-42.25,15.,77.5));
#12001=CARTESIAN_POINT('',(-45.25,19.,77.5));
#12002=CARTESIAN_POINT('Ctrl Pts',(-42.25,20.,76.6961524227066));
#12003=CARTESIAN_POINT('Ctrl Pts',(-42.5423484433636,20.,76.8649398751798));
#12004=CARTESIAN_POINT('Ctrl Pts',(-42.8603145071334,19.9734204721198,77.0142574472186));
#12005=CARTESIAN_POINT('Ctrl Pts',(-43.6293657318366,19.8274668272652,77.2965825052642));
#12006=CARTESIAN_POINT('Ctrl Pts',(-44.084616743493,19.672861572003,77.3996356333901));
#12007=CARTESIAN_POINT('Ctrl Pts',(-44.742827748029,19.343756069735,77.4841280241444));
#12008=CARTESIAN_POINT('Ctrl Pts',(-45.0031661667683,19.1851253749238,77.5));
#12009=CARTESIAN_POINT('Ctrl Pts',(-45.25,19.,77.5));
#12010=CARTESIAN_POINT('',(-45.25,11.,77.5));
#12011=CARTESIAN_POINT('Origin',(-42.25,15.,77.5));
#12012=CARTESIAN_POINT('Ctrl Pts',(-45.25,11.,77.5));
#12013=CARTESIAN_POINT('Ctrl Pts',(-45.0031661667683,10.8148746250762,77.5));
#12014=CARTESIAN_POINT('Ctrl Pts',(-44.742827748029,10.656243930265,77.4841280241444));
#12015=CARTESIAN_POINT('Ctrl Pts',(-44.084616743493,10.3271384279971,77.3996356333901));
#12016=CARTESIAN_POINT('Ctrl Pts',(-43.6293657318366,10.1725331727349,77.2965825052642));
#12017=CARTESIAN_POINT('Ctrl Pts',(-42.8603145071334,10.0265795278803,77.0142574472186));
#12018=CARTESIAN_POINT('Ctrl Pts',(-42.5423484433636,10.,76.8649398751798));
#12019=CARTESIAN_POINT('Ctrl Pts',(-42.25,10.,76.6961524227066));
#12020=CARTESIAN_POINT('Origin',(-27.25,3.94961841010399E-14,77.5));
#12021=CARTESIAN_POINT('',(-45.25,3.76226724781152E-14,77.5));
#12022=CARTESIAN_POINT('Origin',(-45.25,3.46250703116273E-14,71.5));
#12023=CARTESIAN_POINT('Origin',(-45.25,3.46250703116273E-14,71.5));
#12024=CARTESIAN_POINT('Origin',(-27.25,-6.24499799839838,35.));
#12025=CARTESIAN_POINT('Origin',(67.25,47.5000000000001,29.3727501003364));
#12026=CARTESIAN_POINT('',(67.25,45.0000000000001,93.5));
#12027=CARTESIAN_POINT('',(67.25,50.0000000000001,93.5));
#12028=CARTESIAN_POINT('Origin',(67.25,47.5000000000001,93.5));
#12029=CARTESIAN_POINT('',(67.25,45.0000000000001,99.3));
#12030=CARTESIAN_POINT('',(67.25,45.0000000000001,29.3727501003364));
#12031=CARTESIAN_POINT('',(67.25,50.0000000000001,99.3));
#12032=CARTESIAN_POINT('Origin',(67.25,47.5000000000001,99.3));
#12033=CARTESIAN_POINT('',(67.25,50.0000000000001,29.3727501003364));
#12034=CARTESIAN_POINT('Origin',(67.2500000000001,-47.4999999999999,29.3727501003364));
#12035=CARTESIAN_POINT('',(67.2500000000001,-49.9999999999999,93.5));
#12036=CARTESIAN_POINT('',(67.2500000000001,-44.9999999999999,93.5));
#12037=CARTESIAN_POINT('Origin',(67.2500000000001,-47.4999999999999,93.5));
#12038=CARTESIAN_POINT('',(67.2500000000001,-49.9999999999999,99.3));
#12039=CARTESIAN_POINT('',(67.2500000000001,-49.9999999999999,29.3727501003364));
#12040=CARTESIAN_POINT('',(67.2500000000001,-44.9999999999999,99.3));
#12041=CARTESIAN_POINT('Origin',(67.2500000000001,-47.4999999999999,99.3));
#12042=CARTESIAN_POINT('',(67.2500000000001,-44.9999999999999,29.3727501003364));
#12043=CARTESIAN_POINT('Origin',(-128.25,45.75,84.5));
#12044=CARTESIAN_POINT('',(-128.25,41.5,84.5));
#12045=CARTESIAN_POINT('',(-128.25,50.,84.5));
#12046=CARTESIAN_POINT('Origin',(-128.25,45.75,84.5));
#12047=CARTESIAN_POINT('',(-128.25,41.5,87.5));
#12048=CARTESIAN_POINT('',(-128.25,41.5,84.5));
#12049=CARTESIAN_POINT('',(-128.25,50.,87.5));
#12050=CARTESIAN_POINT('Origin',(-128.25,45.75,87.5));
#12051=CARTESIAN_POINT('',(-128.25,50.,93.5));
#12052=CARTESIAN_POINT('Origin',(-128.25,-45.75,84.5));
#12053=CARTESIAN_POINT('',(-128.25,-50.,84.5));
#12054=CARTESIAN_POINT('',(-128.25,-41.5,84.5));
#12055=CARTESIAN_POINT('Origin',(-128.25,-45.75,84.5));
#12056=CARTESIAN_POINT('',(-128.25,-50.,87.5));
#12057=CARTESIAN_POINT('',(-128.25,-50.,93.5));
#12058=CARTESIAN_POINT('',(-128.25,-41.5,87.5));
#12059=CARTESIAN_POINT('Origin',(-128.25,-45.75,87.5));
#12060=CARTESIAN_POINT('',(-128.25,-41.5,84.5));
#12061=CARTESIAN_POINT('Origin',(-128.25,-41.25,84.5));
#12062=CARTESIAN_POINT('',(-128.25,-32.5,87.5));
#12063=CARTESIAN_POINT('Origin',(-128.25,-41.25,87.5));
#12064=CARTESIAN_POINT('',(-128.25,-50.,93.5));
#12065=CARTESIAN_POINT('',(-128.25,-50.,93.5));
#12066=CARTESIAN_POINT('',(-128.25,-32.5,93.5));
#12067=CARTESIAN_POINT('Origin',(-128.25,-41.25,93.5));
#12068=CARTESIAN_POINT('',(-128.25,-32.5,84.5));
#12069=CARTESIAN_POINT('Origin',(-128.25,41.25,84.5));
#12070=CARTESIAN_POINT('',(-128.25,32.5,87.5));
#12071=CARTESIAN_POINT('Origin',(-128.25,41.25,87.5));
#12072=CARTESIAN_POINT('',(-128.25,32.5,93.5));
#12073=CARTESIAN_POINT('',(-128.25,32.5,84.5));
#12074=CARTESIAN_POINT('',(-128.25,50.,93.5));
#12075=CARTESIAN_POINT('Origin',(-128.25,41.25,93.5));
#12076=CARTESIAN_POINT('',(-128.25,50.,93.5));
#12077=CARTESIAN_POINT('Origin',(-32.25,-15.,93.5));
#12078=CARTESIAN_POINT('',(-30.1,-15.,84.5));
#12079=CARTESIAN_POINT('Origin',(-32.25,-15.,84.5));
#12080=CARTESIAN_POINT('',(-30.1,-15.,93.5));
#12081=CARTESIAN_POINT('',(-30.1,-15.,93.5));
#12082=CARTESIAN_POINT('Origin',(-32.25,-15.,93.5));
#12083=CARTESIAN_POINT('Origin',(-42.25,15.,93.5));
#12084=CARTESIAN_POINT('',(-40.1,15.,84.5));
#12085=CARTESIAN_POINT('Origin',(-42.25,15.,84.5));
#12086=CARTESIAN_POINT('',(-40.1,15.,93.5));
#12087=CARTESIAN_POINT('',(-40.1,15.,93.5));
#12088=CARTESIAN_POINT('Origin',(-42.25,15.,93.5));
#12089=CARTESIAN_POINT('Origin',(-42.25,-15.,93.5));
#12090=CARTESIAN_POINT('',(-40.1,-15.,84.5));
#12091=CARTESIAN_POINT('Origin',(-42.25,-15.,84.5));
#12092=CARTESIAN_POINT('',(-40.1,-15.,93.5));
#12093=CARTESIAN_POINT('',(-40.1,-15.,93.5));
#12094=CARTESIAN_POINT('Origin',(-42.25,-15.,93.5));
#12095=CARTESIAN_POINT('Origin',(-32.25,15.,93.5));
#12096=CARTESIAN_POINT('',(-30.1,15.,84.5));
#12097=CARTESIAN_POINT('Origin',(-32.25,15.,84.5));
#12098=CARTESIAN_POINT('',(-30.1,15.,93.5));
#12099=CARTESIAN_POINT('',(-30.1,15.,93.5));
#12100=CARTESIAN_POINT('Origin',(-32.25,15.,93.5));
#12101=CARTESIAN_POINT('Origin',(70.515246170202,-39.9999999999999,93.5));
#12102=CARTESIAN_POINT('',(70.515246170202,-49.9999999999999,89.3));
#12103=CARTESIAN_POINT('',(78.397515990171,-33.8461538461537,89.3));
#12104=CARTESIAN_POINT('Origin',(70.515246170202,-39.9999999999999,89.3));
#12105=CARTESIAN_POINT('',(70.515246170202,-49.9999999999999,84.5));
#12106=CARTESIAN_POINT('',(70.515246170202,-49.9999999999999,99.3));
#12107=CARTESIAN_POINT('',(78.397515990171,-33.8461538461537,84.5));
#12108=CARTESIAN_POINT('Origin',(70.515246170202,-39.9999999999999,84.5));
#12109=CARTESIAN_POINT('',(78.397515990171,-33.8461538461537,93.5));
#12110=CARTESIAN_POINT('Origin',(70.515246170202,40.0000000000001,93.5));
#12111=CARTESIAN_POINT('',(78.3975159901709,33.846153846154,89.3));
#12112=CARTESIAN_POINT('',(70.515246170202,50.0000000000001,89.3));
#12113=CARTESIAN_POINT('Origin',(70.515246170202,40.0000000000001,89.3));
#12114=CARTESIAN_POINT('',(78.3975159901709,33.846153846154,84.5));
#12115=CARTESIAN_POINT('',(78.3975159901709,33.846153846154,93.5));
#12116=CARTESIAN_POINT('',(70.515246170202,50.0000000000001,84.5));
#12117=CARTESIAN_POINT('Origin',(70.515246170202,40.0000000000001,84.5));
#12118=CARTESIAN_POINT('',(70.515246170202,50.0000000000001,99.3));
#12119=CARTESIAN_POINT('Origin',(121.75,-36.7499999999999,99.3));
#12120=CARTESIAN_POINT('',(123.9,-36.7499999999999,93.3));
#12121=CARTESIAN_POINT('Origin',(121.75,-36.7499999999999,93.3));
#12122=CARTESIAN_POINT('',(123.9,-36.7499999999999,99.3));
#12123=CARTESIAN_POINT('',(123.9,-36.7499999999999,99.3));
#12124=CARTESIAN_POINT('Origin',(121.75,-36.7499999999999,99.3));
#12125=CARTESIAN_POINT('Origin',(95.7638257913944,-25.9861742086055,99.3));
#12126=CARTESIAN_POINT('',(97.9138257913944,-25.9861742086055,93.3));
#12127=CARTESIAN_POINT('Origin',(95.7638257913944,-25.9861742086055,93.3));
#12128=CARTESIAN_POINT('',(97.9138257913944,-25.9861742086055,99.3));
#12129=CARTESIAN_POINT('',(97.9138257913944,-25.9861742086055,99.3));
#12130=CARTESIAN_POINT('Origin',(95.7638257913944,-25.9861742086055,99.3));
#12131=CARTESIAN_POINT('Origin',(85.,1.14997191730445E-13,99.3));
#12132=CARTESIAN_POINT('',(87.15,1.15579348218107E-13,93.3));
#12133=CARTESIAN_POINT('Origin',(85.,1.13997991008282E-13,93.3));
#12134=CARTESIAN_POINT('',(87.15,1.1657854894027E-13,99.3));
#12135=CARTESIAN_POINT('',(87.15,1.1657854894027E-13,99.3));
#12136=CARTESIAN_POINT('Origin',(85.,1.14997191730445E-13,99.3));
#12137=CARTESIAN_POINT('Origin',(95.7638257913944,25.9861742086057,99.3));
#12138=CARTESIAN_POINT('',(97.9138257913944,25.9861742086057,93.3));
#12139=CARTESIAN_POINT('Origin',(95.7638257913944,25.9861742086057,93.3));
#12140=CARTESIAN_POINT('',(97.9138257913944,25.9861742086057,99.3));
#12141=CARTESIAN_POINT('',(97.9138257913944,25.9861742086057,99.3));
#12142=CARTESIAN_POINT('Origin',(95.7638257913944,25.9861742086057,99.3));
#12143=CARTESIAN_POINT('Origin',(121.75,36.7500000000001,99.3));
#12144=CARTESIAN_POINT('',(123.9,36.7500000000001,93.3));
#12145=CARTESIAN_POINT('Origin',(121.75,36.7500000000001,93.3));
#12146=CARTESIAN_POINT('',(123.9,36.7500000000001,99.3));
#12147=CARTESIAN_POINT('',(123.9,36.7500000000001,99.3));
#12148=CARTESIAN_POINT('Origin',(121.75,36.7500000000001,99.3));
#12149=CARTESIAN_POINT('Origin',(-128.25,-36.75,99.3));
#12150=CARTESIAN_POINT('',(-126.1,-36.75,87.5));
#12151=CARTESIAN_POINT('Origin',(-128.25,-36.75,87.5));
#12152=CARTESIAN_POINT('',(-126.1,-36.75,93.5));
#12153=CARTESIAN_POINT('',(-126.1,-36.75,99.3));
#12154=CARTESIAN_POINT('Origin',(-128.25,-36.75,93.5));
#12155=CARTESIAN_POINT('Origin',(-128.25,36.75,99.3));
#12156=CARTESIAN_POINT('',(-126.1,36.75,87.5));
#12157=CARTESIAN_POINT('Origin',(-128.25,36.75,87.5));
#12158=CARTESIAN_POINT('',(-126.1,36.75,93.5));
#12159=CARTESIAN_POINT('',(-126.1,36.75,99.3));
#12160=CARTESIAN_POINT('Origin',(-128.25,36.75,93.5));
#12161=CARTESIAN_POINT('Origin',(-102.263825791394,25.9861742086056,99.3));
#12162=CARTESIAN_POINT('',(-100.113825791394,25.9861742086056,87.5));
#12163=CARTESIAN_POINT('Origin',(-102.263825791394,25.9861742086056,87.5));
#12164=CARTESIAN_POINT('',(-100.113825791394,25.9861742086056,93.5));
#12165=CARTESIAN_POINT('',(-100.113825791394,25.9861742086056,99.3));
#12166=CARTESIAN_POINT('Origin',(-102.263825791394,25.9861742086056,93.5));
#12167=CARTESIAN_POINT('Origin',(-91.5,9.04410202687793E-15,99.3));
#12168=CARTESIAN_POINT('',(-89.35,8.66036448311686E-15,87.5));
#12169=CARTESIAN_POINT('Origin',(-91.5,7.0790072732914E-15,87.5));
#12170=CARTESIAN_POINT('',(-89.35,9.6595652052795E-15,93.5));
#12171=CARTESIAN_POINT('',(-89.35,1.06254592367034E-14,99.3));
#12172=CARTESIAN_POINT('Origin',(-91.5,8.07820799545404E-15,93.5));
#12173=CARTESIAN_POINT('Origin',(-102.263825791394,-25.9861742086056,99.3));
#12174=CARTESIAN_POINT('',(-100.113825791394,-25.9861742086056,87.5));
#12175=CARTESIAN_POINT('Origin',(-102.263825791394,-25.9861742086056,87.5));
#12176=CARTESIAN_POINT('',(-100.113825791394,-25.9861742086056,93.5));
#12177=CARTESIAN_POINT('',(-100.113825791394,-25.9861742086056,99.3));
#12178=CARTESIAN_POINT('Origin',(-102.263825791394,-25.9861742086056,93.5));
#12179=CARTESIAN_POINT('Origin',(-128.25,-1.44513905809751E-14,93.5));
#12180=CARTESIAN_POINT('Origin',(-128.25,-1.44513905809751E-14,93.5));
#12181=CARTESIAN_POINT('Origin',(-128.25,-1.54505913031378E-14,87.5));
#12182=CARTESIAN_POINT('Origin',(121.75,1.38111744263369E-13,89.3));
#12183=CARTESIAN_POINT('',(121.75,-41.4999999999999,89.3));
#12184=CARTESIAN_POINT('',(121.75,41.5000000000001,89.3));
#12185=CARTESIAN_POINT('Origin',(121.75,1.38111744263369E-13,89.3));
#12186=CARTESIAN_POINT('',(121.75,41.5000000000001,93.3));
#12187=CARTESIAN_POINT('',(121.75,41.5000000000001,89.3));
#12188=CARTESIAN_POINT('',(121.75,-41.4999999999999,93.3));
#12189=CARTESIAN_POINT('Origin',(121.75,1.38777878078145E-13,93.3));
#12190=CARTESIAN_POINT('',(121.75,-41.4999999999999,89.3));
#12191=CARTESIAN_POINT('Origin',(121.75,1.39777078800307E-13,99.3));
#12192=CARTESIAN_POINT('',(51.75,5.0000000000001,99.3));
#12193=CARTESIAN_POINT('',(70.4153138706391,5.00000000000012,99.3));
#12194=CARTESIAN_POINT('',(46.9168522645212,5.0000000000001,99.3));
#12195=CARTESIAN_POINT('',(51.75,-4.9999999999999,99.3));
#12196=CARTESIAN_POINT('Origin',(51.75,9.88013097041919E-14,99.3));
#12197=CARTESIAN_POINT('',(70.4153138706391,-4.9999999999999,99.3));
#12198=CARTESIAN_POINT('',(46.9168522645212,-4.99999999999991,99.3));
#12199=CARTESIAN_POINT('',(76.2821351425661,-9.74285714285704,99.3));
#12200=CARTESIAN_POINT('Origin',(70.4153138706391,-10.9999999999999,99.3));
#12201=CARTESIAN_POINT('',(90.6205762917435,-34.542857142857,99.3));
#12202=CARTESIAN_POINT('Origin',(121.75,1.39777078800307E-13,99.3));
#12203=CARTESIAN_POINT('',(86.6038764584201,-44.9999999999999,99.3));
#12204=CARTESIAN_POINT('Origin',(86.6038764584201,-38.9999999999999,99.3));
#12205=CARTESIAN_POINT('',(67.2500000000001,-44.9999999999999,99.3));
#12206=CARTESIAN_POINT('',(121.75,-49.9999999999999,99.3));
#12207=CARTESIAN_POINT('',(121.75,-49.9999999999999,99.3));
#12208=CARTESIAN_POINT('',(121.75,-32.4999999999999,99.3));
#12209=CARTESIAN_POINT('Origin',(121.75,-41.2499999999999,99.3));
#12210=CARTESIAN_POINT('',(121.75,32.5000000000001,99.3));
#12211=CARTESIAN_POINT('Origin',(121.75,1.39777078800307E-13,99.3));
#12212=CARTESIAN_POINT('',(121.75,50.0000000000001,99.3));
#12213=CARTESIAN_POINT('Origin',(121.75,41.2500000000001,99.3));
#12214=CARTESIAN_POINT('',(65.8483005625053,50.0000000000001,99.3));
#12215=CARTESIAN_POINT('',(86.6038764584201,45.0000000000001,99.3));
#12216=CARTESIAN_POINT('',(67.25,45.0000000000001,99.3));
#12217=CARTESIAN_POINT('',(90.6205762917435,34.5428571428573,99.3));
#12218=CARTESIAN_POINT('Origin',(86.6038764584201,39.0000000000001,99.3));
#12219=CARTESIAN_POINT('',(76.2821351425661,9.74285714285725,99.3));
#12220=CARTESIAN_POINT('Origin',(121.75,1.39777078800307E-13,99.3));
#12221=CARTESIAN_POINT('Origin',(70.4153138706391,11.0000000000001,99.3));
#12222=CARTESIAN_POINT('Origin',(121.75,1.38111744263369E-13,89.3));
#12223=CARTESIAN_POINT('',(121.75,-49.9999999999999,89.3));
#12224=CARTESIAN_POINT('Origin',(121.75,-45.7499999999999,89.3));
#12225=CARTESIAN_POINT('',(121.75,-49.9999999999999,89.3));
#12226=CARTESIAN_POINT('Origin',(121.75,1.38111744263369E-13,89.3));
#12227=CARTESIAN_POINT('',(121.75,50.0000000000001,89.3));
#12228=CARTESIAN_POINT('',(65.8483005625053,50.0000000000001,89.3));
#12229=CARTESIAN_POINT('Origin',(121.75,45.7500000000001,89.3));
#12230=CARTESIAN_POINT('Origin',(121.75,1.38777878078145E-13,93.3));
#12231=CARTESIAN_POINT('',(121.75,-49.9999999999999,93.3));
#12232=CARTESIAN_POINT('',(121.75,-32.4999999999999,93.3));
#12233=CARTESIAN_POINT('Origin',(121.75,-41.2499999999999,93.3));
#12234=CARTESIAN_POINT('Origin',(121.75,-45.7499999999999,93.3));
#12235=CARTESIAN_POINT('',(121.75,50.0000000000001,93.3));
#12236=CARTESIAN_POINT('Origin',(121.75,45.7500000000001,93.3));
#12237=CARTESIAN_POINT('',(121.75,32.5000000000001,93.3));
#12238=CARTESIAN_POINT('Origin',(121.75,41.2500000000001,93.3));
#12239=CARTESIAN_POINT('Origin',(121.75,1.38777878078145E-13,93.3));
#12240=CARTESIAN_POINT('Origin',(-128.25,-1.44513905809751E-14,93.5));
#12241=CARTESIAN_POINT('',(-128.25,-50.,93.5));
#12242=CARTESIAN_POINT('',(86.6038764584201,-44.9999999999999,93.5));
#12243=CARTESIAN_POINT('',(67.2500000000001,-44.9999999999999,93.5));
#12244=CARTESIAN_POINT('',(90.6205762917435,-34.542857142857,93.5));
#12245=CARTESIAN_POINT('Origin',(86.6038764584201,-38.9999999999999,93.5));
#12246=CARTESIAN_POINT('',(76.2821351425661,-9.74285714285704,93.5));
#12247=CARTESIAN_POINT('Origin',(121.75,1.38811184768883E-13,93.5));
#12248=CARTESIAN_POINT('',(70.4153138706391,-4.9999999999999,93.5));
#12249=CARTESIAN_POINT('Origin',(70.4153138706391,-10.9999999999999,93.5));
#12250=CARTESIAN_POINT('',(51.75,-4.99999999999991,93.5));
#12251=CARTESIAN_POINT('',(46.9168522645212,-4.99999999999991,93.5));
#12252=CARTESIAN_POINT('',(51.75,5.0000000000001,93.5));
#12253=CARTESIAN_POINT('Origin',(51.75,9.46488750297569E-14,93.5));
#12254=CARTESIAN_POINT('',(70.4153138706391,5.00000000000011,93.5));
#12255=CARTESIAN_POINT('',(46.9168522645212,5.00000000000009,93.5));
#12256=CARTESIAN_POINT('',(76.2821351425661,9.74285714285724,93.5));
#12257=CARTESIAN_POINT('Origin',(70.4153138706391,11.0000000000001,93.5));
#12258=CARTESIAN_POINT('',(90.6205762917435,34.5428571428573,93.5));
#12259=CARTESIAN_POINT('Origin',(121.75,1.38811184768883E-13,93.5));
#12260=CARTESIAN_POINT('',(86.6038764584201,45.0000000000001,93.5));
#12261=CARTESIAN_POINT('Origin',(86.6038764584201,39.0000000000001,93.5));
#12262=CARTESIAN_POINT('',(67.25,45.0000000000001,93.5));
#12263=CARTESIAN_POINT('',(-128.25,50.,93.5));
#12264=CARTESIAN_POINT('',(26.25,-19.4999999999999,93.5));
#12265=CARTESIAN_POINT('',(26.25,19.5000000000001,93.5));
#12266=CARTESIAN_POINT('',(26.25,8.02648809852374E-14,93.5));
#12267=CARTESIAN_POINT('',(18.75,-26.9999999999999,93.5));
#12268=CARTESIAN_POINT('Origin',(18.75,-19.4999999999999,93.5));
#12269=CARTESIAN_POINT('',(-19.75,-27.,93.5));
#12270=CARTESIAN_POINT('',(-128.25,-27.,93.5));
#12271=CARTESIAN_POINT('',(-27.25,-19.4999999999999,93.5));
#12272=CARTESIAN_POINT('Origin',(-19.75,-19.4999999999999,93.5));
#12273=CARTESIAN_POINT('',(-27.25,19.5000000000001,93.5));
#12274=CARTESIAN_POINT('',(-27.25,4.74666898603677E-14,93.5));
#12275=CARTESIAN_POINT('',(-19.75,27.0000000000001,93.5));
#12276=CARTESIAN_POINT('Origin',(-19.75,19.5000000000001,93.5));
#12277=CARTESIAN_POINT('',(18.75,27.0000000000001,93.5));
#12278=CARTESIAN_POINT('',(-128.25,27.,93.5));
#12279=CARTESIAN_POINT('Origin',(18.75,19.5000000000001,93.5));
#12280=CARTESIAN_POINT('Origin',(121.75,1.37312383685639E-13,84.5));
#12281=CARTESIAN_POINT('',(-128.25,-50.,84.5));
#12282=CARTESIAN_POINT('Origin',(-128.25,-1.59501916642191E-14,84.5));
#12283=CARTESIAN_POINT('',(-128.25,50.,84.5));
#12284=CARTESIAN_POINT('Origin',(121.75,1.37312383685639E-13,84.5));
#12285=CARTESIAN_POINT('',(26.25,-19.4999999999999,84.5));
#12286=CARTESIAN_POINT('',(18.75,-26.9999999999999,84.5));
#12287=CARTESIAN_POINT('Origin',(18.75,-19.4999999999999,84.5));
#12288=CARTESIAN_POINT('',(26.25,19.5000000000001,84.5));
#12289=CARTESIAN_POINT('',(26.25,7.87660799019934E-14,84.5));
#12290=CARTESIAN_POINT('',(18.75,27.0000000000001,84.5));
#12291=CARTESIAN_POINT('Origin',(18.75,19.5000000000001,84.5));
#12292=CARTESIAN_POINT('',(-19.75,27.0000000000001,84.5));
#12293=CARTESIAN_POINT('',(121.75,27.0000000000001,84.5));
#12294=CARTESIAN_POINT('',(-27.25,19.5000000000001,84.5));
#12295=CARTESIAN_POINT('Origin',(-19.75,19.5000000000001,84.5));
#12296=CARTESIAN_POINT('',(-27.25,-19.5,84.5));
#12297=CARTESIAN_POINT('',(-27.25,4.59678887771237E-14,84.5));
#12298=CARTESIAN_POINT('',(-19.75,-27.,84.5));
#12299=CARTESIAN_POINT('Origin',(-19.75,-19.4999999999999,84.5));
#12300=CARTESIAN_POINT('',(121.75,-26.9999999999999,84.5));
#12301=CARTESIAN_POINT('Origin',(-128.25,-1.59501916642191E-14,84.5));
#12302=CARTESIAN_POINT('Origin',(-128.25,-1.54505913031378E-14,87.5));
#12303=CARTESIAN_POINT('Origin',(-128.25,-1.54505913031378E-14,87.5));
#12304=CARTESIAN_POINT('Origin',(65.8483005625053,50.0000000000001,99.3));
#12305=CARTESIAN_POINT('',(121.75,50.0000000000001,99.3));
#12306=CARTESIAN_POINT('',(121.75,50.0000000000001,99.3));
#12307=CARTESIAN_POINT('Origin',(121.75,-49.9999999999999,99.3));
#12308=CARTESIAN_POINT('',(121.75,-49.9999999999999,99.3));
#12309=CARTESIAN_POINT('',(121.75,-49.9999999999999,99.3));
#12310=CARTESIAN_POINT('Origin',(121.75,1.39777078800307E-13,99.3));
#12311=CARTESIAN_POINT('',(121.75,32.5000000000001,84.5));
#12312=CARTESIAN_POINT('',(121.75,-32.4999999999999,84.5));
#12313=CARTESIAN_POINT('Origin',(121.75,1.38811184768883E-13,93.5));
#12314=CARTESIAN_POINT('Origin',(18.75,-19.4999999999999,99.3));
#12315=CARTESIAN_POINT('',(26.25,-19.4999999999999,99.3));
#12316=CARTESIAN_POINT('',(18.75,-26.9999999999999,99.3));
#12317=CARTESIAN_POINT('Origin',(26.25,8.12307750166613E-14,99.3));
#12318=CARTESIAN_POINT('',(26.25,19.5000000000001,99.3));
#12319=CARTESIAN_POINT('Origin',(18.75,19.5000000000001,99.3));
#12320=CARTESIAN_POINT('',(18.75,27.0000000000001,99.3));
#12321=CARTESIAN_POINT('Origin',(121.75,27.0000000000001,99.3));
#12322=CARTESIAN_POINT('',(-19.75,27.0000000000001,99.3));
#12323=CARTESIAN_POINT('Origin',(-19.75,19.5000000000001,99.3));
#12324=CARTESIAN_POINT('',(-27.25,19.5000000000001,99.3));
#12325=CARTESIAN_POINT('Origin',(-27.25,4.84325838917916E-14,99.3));
#12326=CARTESIAN_POINT('',(-27.25,-19.4999999999999,99.3));
#12327=CARTESIAN_POINT('Origin',(-19.75,-19.4999999999999,99.3));
#12328=CARTESIAN_POINT('',(-19.75,-27.,99.3));
#12329=CARTESIAN_POINT('Origin',(121.75,-26.9999999999999,99.3));
#12330=CARTESIAN_POINT('Origin',(121.75,-41.2499999999999,84.5));
#12331=CARTESIAN_POINT('Origin',(121.75,41.2500000000001,84.5));
#12332=CARTESIAN_POINT('Origin',(121.75,-45.7499999999999,84.5));
#12333=CARTESIAN_POINT('Origin',(121.75,45.7500000000001,89.3));
#12334=CARTESIAN_POINT('Origin',(67.2500000000001,-44.9999999999999,29.3727501003364));
#12335=CARTESIAN_POINT('',(86.6038764584201,-44.9999999999999,29.3727501003364));
#12336=CARTESIAN_POINT('Origin',(86.6038764584201,-38.9999999999999,29.3727501003364));
#12337=CARTESIAN_POINT('',(90.6205762917435,-34.542857142857,29.3727501003364));
#12338=CARTESIAN_POINT('Origin',(121.75,1.28131852367209E-13,29.3727501003364));
#12339=CARTESIAN_POINT('',(76.2821351425661,-9.74285714285705,29.3727501003364));
#12340=CARTESIAN_POINT('Origin',(70.4153138706391,-10.9999999999999,29.3727501003364));
#12341=CARTESIAN_POINT('',(70.4153138706391,-4.99999999999991,29.3727501003364));
#12342=CARTESIAN_POINT('Origin',(46.9168522645212,-4.99999999999992,29.3727501003364));
#12343=CARTESIAN_POINT('',(51.75,-4.99999999999992,29.3727501003364));
#12344=CARTESIAN_POINT('Origin',(46.9168522645212,5.00000000000008,29.3727501003364));
#12345=CARTESIAN_POINT('',(51.75,5.00000000000009,29.3727501003364));
#12346=CARTESIAN_POINT('',(70.4153138706391,5.00000000000011,29.3727501003364));
#12347=CARTESIAN_POINT('Origin',(70.4153138706391,11.0000000000001,29.3727501003364));
#12348=CARTESIAN_POINT('',(76.2821351425661,9.74285714285723,29.3727501003364));
#12349=CARTESIAN_POINT('Origin',(121.75,1.28131852367209E-13,29.3727501003364));
#12350=CARTESIAN_POINT('',(90.6205762917435,34.5428571428573,29.3727501003364));
#12351=CARTESIAN_POINT('Origin',(86.6038764584201,39.0000000000001,29.3727501003364));
#12352=CARTESIAN_POINT('',(86.6038764584201,45.0000000000001,29.3727501003364));
#12353=CARTESIAN_POINT('Origin',(67.25,45.0000000000001,29.3727501003364));
#12354=CARTESIAN_POINT('Origin',(51.75,9.56147690611807E-14,99.3));
#12355=CARTESIAN_POINT('Origin',(-96.4235664109218,-18.3750000000041,87.5));
#12356=CARTESIAN_POINT('',(-94.9946244946775,-19.2000000000041,77.4));
#12357=CARTESIAN_POINT('Origin',(-96.4235664109218,-18.3750000000041,77.4));
#12358=CARTESIAN_POINT('',(-94.9946244946775,-19.2000000000041,87.5));
#12359=CARTESIAN_POINT('',(-94.9946244946775,-19.2000000000041,87.5));
#12360=CARTESIAN_POINT('Origin',(-96.4235664109218,-18.3750000000041,87.5));
#12361=CARTESIAN_POINT('Origin',(-96.4235664109218,-18.3750000000041,77.4));
#12362=CARTESIAN_POINT('',(-96.4235664109218,-18.3750000000041,76.4085799786045));
#12363=CARTESIAN_POINT('',(-94.9946244946775,-19.2000000000041,77.4));
#12364=CARTESIAN_POINT('Origin',(-118.738400092482,-35.4977741161273,87.5));
#12365=CARTESIAN_POINT('',(-117.309458176238,-36.3227741161273,77.4));
#12366=CARTESIAN_POINT('Origin',(-118.738400092482,-35.4977741161273,77.4));
#12367=CARTESIAN_POINT('',(-117.309458176238,-36.3227741161273,87.5));
#12368=CARTESIAN_POINT('',(-117.309458176238,-36.3227741161273,87.5));
#12369=CARTESIAN_POINT('Origin',(-118.738400092482,-35.4977741161273,87.5));
#12370=CARTESIAN_POINT('Origin',(-118.738400092482,-35.4977741161273,77.4));
#12371=CARTESIAN_POINT('',(-118.738400092482,-35.4977741161273,76.4085799786045));
#12372=CARTESIAN_POINT('',(-117.309458176238,-36.3227741161273,77.4));
#12373=CARTESIAN_POINT('Origin',(-146.625,-31.8264335890821,87.5));
#12374=CARTESIAN_POINT('',(-145.196058083756,-32.6514335890821,77.4));
#12375=CARTESIAN_POINT('Origin',(-146.625,-31.8264335890821,77.4));
#12376=CARTESIAN_POINT('',(-145.196058083756,-32.6514335890821,87.5));
#12377=CARTESIAN_POINT('',(-145.196058083756,-32.6514335890821,87.5));
#12378=CARTESIAN_POINT('Origin',(-146.625,-31.8264335890821,87.5));
#12379=CARTESIAN_POINT('Origin',(-146.625,-31.8264335890821,77.4));
#12380=CARTESIAN_POINT('',(-146.625,-31.8264335890821,76.4085799786045));
#12381=CARTESIAN_POINT('',(-145.196058083756,-32.6514335890821,77.4));
#12382=CARTESIAN_POINT('Origin',(-163.747774116123,-9.51159990752162,87.5));
#12383=CARTESIAN_POINT('',(-162.318832199879,-10.3365999075216,77.4));
#12384=CARTESIAN_POINT('Origin',(-163.747774116123,-9.51159990752164,77.4));
#12385=CARTESIAN_POINT('',(-162.318832199879,-10.3365999075216,87.5));
#12386=CARTESIAN_POINT('',(-162.318832199879,-10.3365999075216,87.5));
#12387=CARTESIAN_POINT('Origin',(-163.747774116123,-9.51159990752162,87.5));
#12388=CARTESIAN_POINT('Origin',(-163.747774116123,-9.51159990752164,77.4));
#12389=CARTESIAN_POINT('',(-163.747774116123,-9.51159990752163,76.4085799786045));
#12390=CARTESIAN_POINT('',(-162.318832199879,-10.3365999075216,77.4));
#12391=CARTESIAN_POINT('Origin',(-160.076433589078,18.374999999996,87.4999999999999));
#12392=CARTESIAN_POINT('',(-158.647491672834,17.549999999996,77.3999999999999));
#12393=CARTESIAN_POINT('Origin',(-160.076433589078,18.374999999996,77.3999999999999));
#12394=CARTESIAN_POINT('',(-158.647491672834,17.549999999996,87.4999999999999));
#12395=CARTESIAN_POINT('',(-158.647491672834,17.549999999996,87.4999999999999));
#12396=CARTESIAN_POINT('Origin',(-160.076433589078,18.374999999996,87.4999999999999));
#12397=CARTESIAN_POINT('Origin',(-160.076433589078,18.374999999996,77.3999999999999));
#12398=CARTESIAN_POINT('',(-160.076433589078,18.374999999996,76.4085799786045));
#12399=CARTESIAN_POINT('',(-158.647491672834,17.549999999996,77.3999999999999));
#12400=CARTESIAN_POINT('Origin',(-137.761599907518,35.4977741161192,87.4999999999999));
#12401=CARTESIAN_POINT('',(-136.332657991273,34.6727741161192,77.3999999999999));
#12402=CARTESIAN_POINT('Origin',(-137.761599907518,35.4977741161192,77.3999999999999));
#12403=CARTESIAN_POINT('',(-136.332657991273,34.6727741161192,87.4999999999999));
#12404=CARTESIAN_POINT('',(-136.332657991273,34.6727741161192,87.4999999999999));
#12405=CARTESIAN_POINT('Origin',(-137.761599907518,35.4977741161192,87.4999999999999));
#12406=CARTESIAN_POINT('Origin',(-137.761599907518,35.4977741161192,77.3999999999999));
#12407=CARTESIAN_POINT('',(-137.761599907518,35.4977741161192,76.4085799786045));
#12408=CARTESIAN_POINT('',(-136.332657991273,34.6727741161192,77.3999999999999));
#12409=CARTESIAN_POINT('Origin',(-109.875,31.826433589074,87.4999999999999));
#12410=CARTESIAN_POINT('',(-108.446058083756,31.001433589074,77.3999999999999));
#12411=CARTESIAN_POINT('Origin',(-109.875,31.826433589074,77.3999999999999));
#12412=CARTESIAN_POINT('',(-108.446058083756,31.001433589074,87.4999999999999));
#12413=CARTESIAN_POINT('',(-108.446058083756,31.001433589074,87.4999999999999));
#12414=CARTESIAN_POINT('Origin',(-109.875,31.826433589074,87.4999999999999));
#12415=CARTESIAN_POINT('Origin',(-109.875,31.826433589074,77.3999999999999));
#12416=CARTESIAN_POINT('',(-109.875,31.826433589074,76.4085799786045));
#12417=CARTESIAN_POINT('',(-108.446058083756,31.001433589074,77.3999999999999));
#12418=CARTESIAN_POINT('Origin',(-92.7522258838766,9.51159990751352,87.5));
#12419=CARTESIAN_POINT('',(-91.3232839676323,8.68659990751351,77.4));
#12420=CARTESIAN_POINT('Origin',(-92.7522258838766,9.51159990751351,77.4));
#12421=CARTESIAN_POINT('',(-91.3232839676323,8.68659990751352,87.5));
#12422=CARTESIAN_POINT('',(-91.3232839676323,8.68659990751352,87.5));
#12423=CARTESIAN_POINT('Origin',(-92.7522258838766,9.51159990751352,87.5));
#12424=CARTESIAN_POINT('Origin',(-92.7522258838766,9.51159990751351,77.4));
#12425=CARTESIAN_POINT('',(-92.7522258838766,9.51159990751352,76.4085799786045));
#12426=CARTESIAN_POINT('',(-91.3232839676323,8.68659990751351,77.4));
#12427=CARTESIAN_POINT('Origin',(-110.929491924311,-10.0000000000041,88.5));
#12428=CARTESIAN_POINT('',(-109.197441116742,-11.0000000000041,83.5));
#12429=CARTESIAN_POINT('Origin',(-110.929491924311,-10.0000000000041,83.5));
#12430=CARTESIAN_POINT('',(-109.197441116742,-11.0000000000041,88.5));
#12431=CARTESIAN_POINT('',(-109.197441116742,-11.0000000000041,88.5));
#12432=CARTESIAN_POINT('Origin',(-110.929491924311,-10.0000000000041,88.5));
#12433=CARTESIAN_POINT('Origin',(-110.929491924311,-10.0000000000041,83.5));
#12434=CARTESIAN_POINT('',(-110.929491924311,-10.0000000000041,82.2982787619448));
#12435=CARTESIAN_POINT('',(-109.197441116742,-11.0000000000041,83.5));
#12436=CARTESIAN_POINT('Origin',(-145.570508075689,-10.000000000004,88.5));
#12437=CARTESIAN_POINT('',(-143.83845726812,-11.000000000004,83.5));
#12438=CARTESIAN_POINT('Origin',(-145.570508075689,-10.000000000004,83.5));
#12439=CARTESIAN_POINT('',(-143.83845726812,-11.000000000004,88.5));
#12440=CARTESIAN_POINT('',(-143.83845726812,-11.000000000004,88.5));
#12441=CARTESIAN_POINT('Origin',(-145.570508075689,-10.000000000004,88.5));
#12442=CARTESIAN_POINT('Origin',(-145.570508075689,-10.000000000004,83.5));
#12443=CARTESIAN_POINT('',(-145.570508075689,-10.000000000004,82.2982787619448));
#12444=CARTESIAN_POINT('',(-143.83845726812,-11.000000000004,83.5));
#12445=CARTESIAN_POINT('Origin',(-128.25,19.999999999996,88.4999999999999));
#12446=CARTESIAN_POINT('',(-126.517949192431,18.9999999999959,83.4999999999999));
#12447=CARTESIAN_POINT('Origin',(-128.25,19.999999999996,83.4999999999999));
#12448=CARTESIAN_POINT('',(-126.517949192431,18.999999999996,88.4999999999999));
#12449=CARTESIAN_POINT('',(-126.517949192431,18.999999999996,88.4999999999999));
#12450=CARTESIAN_POINT('Origin',(-128.25,19.999999999996,88.4999999999999));
#12451=CARTESIAN_POINT('Origin',(-128.25,19.999999999996,83.4999999999999));
#12452=CARTESIAN_POINT('',(-128.25,19.9999999999959,82.2982787619448));
#12453=CARTESIAN_POINT('',(-126.517949192431,18.9999999999959,83.4999999999999));
#12454=CARTESIAN_POINT('Origin',(-138.25,-17.3205080756928,88.5));
#12455=CARTESIAN_POINT('',(-136.431346652053,-18.3705080756928,78.1));
#12456=CARTESIAN_POINT('Origin',(-138.25,-17.3205080756928,78.1));
#12457=CARTESIAN_POINT('',(-136.431346652053,-18.3705080756928,88.5));
#12458=CARTESIAN_POINT('',(-136.431346652053,-18.3705080756928,88.5));
#12459=CARTESIAN_POINT('Origin',(-138.25,-17.3205080756928,88.5));
#12460=CARTESIAN_POINT('Origin',(-138.25,-17.3205080756928,78.1));
#12461=CARTESIAN_POINT('',(-138.25,-17.3205080756928,76.8381927000421));
#12462=CARTESIAN_POINT('',(-136.431346652053,-18.3705080756928,78.1));
#12463=CARTESIAN_POINT('Origin',(-148.25,-3.96904731303493E-12,88.5));
#12464=CARTESIAN_POINT('',(-146.431346652053,-1.05000000000398,78.1));
#12465=CARTESIAN_POINT('Origin',(-148.25,-3.97681887420731E-12,78.1));
#12466=CARTESIAN_POINT('',(-146.431346652053,-1.05000000000397,88.5));
#12467=CARTESIAN_POINT('',(-146.431346652053,-1.05000000000397,88.5));
#12468=CARTESIAN_POINT('Origin',(-148.25,-3.96904731303493E-12,88.5));
#12469=CARTESIAN_POINT('Origin',(-148.25,-3.97681887420731E-12,78.1));
#12470=CARTESIAN_POINT('',(-148.25,-3.97348820513344E-12,76.8381927000421));
#12471=CARTESIAN_POINT('',(-146.431346652053,-1.05000000000398,78.1));
#12472=CARTESIAN_POINT('Origin',(-138.25,17.3205080756848,88.4999999999999));
#12473=CARTESIAN_POINT('',(-136.431346652052,16.2705080756848,78.1));
#12474=CARTESIAN_POINT('Origin',(-138.25,17.3205080756848,78.1));
#12475=CARTESIAN_POINT('',(-136.431346652052,16.2705080756848,88.4999999999999));
#12476=CARTESIAN_POINT('',(-136.431346652052,16.2705080756848,88.4999999999999));
#12477=CARTESIAN_POINT('Origin',(-138.25,17.3205080756848,88.4999999999999));
#12478=CARTESIAN_POINT('Origin',(-138.25,17.3205080756848,78.1));
#12479=CARTESIAN_POINT('',(-138.25,17.3205080756848,76.8381927000421));
#12480=CARTESIAN_POINT('',(-136.431346652052,16.2705080756848,78.1));
#12481=CARTESIAN_POINT('Origin',(-118.25,17.3205080756846,88.4999999999999));
#12482=CARTESIAN_POINT('',(-116.431346652052,16.2705080756846,78.1));
#12483=CARTESIAN_POINT('Origin',(-118.25,17.3205080756846,78.1));
#12484=CARTESIAN_POINT('',(-116.431346652052,16.2705080756846,88.4999999999999));
#12485=CARTESIAN_POINT('',(-116.431346652052,16.2705080756846,88.4999999999999));
#12486=CARTESIAN_POINT('Origin',(-118.25,17.3205080756846,88.4999999999999));
#12487=CARTESIAN_POINT('Origin',(-118.25,17.3205080756846,78.1));
#12488=CARTESIAN_POINT('',(-118.25,17.3205080756846,76.8381927000421));
#12489=CARTESIAN_POINT('',(-116.431346652052,16.2705080756846,78.1));
#12490=CARTESIAN_POINT('Origin',(-108.25,-4.27435864480685E-12,88.5));
#12491=CARTESIAN_POINT('',(-106.431346652053,-1.05000000000428,78.1));
#12492=CARTESIAN_POINT('Origin',(-108.25,-4.28324042900385E-12,78.1));
#12493=CARTESIAN_POINT('',(-106.431346652053,-1.05000000000427,88.5));
#12494=CARTESIAN_POINT('',(-106.431346652053,-1.05000000000427,88.5));
#12495=CARTESIAN_POINT('Origin',(-108.25,-4.27435864480685E-12,88.5));
#12496=CARTESIAN_POINT('Origin',(-108.25,-4.28324042900385E-12,78.1));
#12497=CARTESIAN_POINT('',(-108.25,-4.27990975992998E-12,76.8381927000421));
#12498=CARTESIAN_POINT('',(-106.431346652053,-1.05000000000429,78.1));
#12499=CARTESIAN_POINT('Origin',(-118.25,-17.320508075693,88.5));
#12500=CARTESIAN_POINT('',(-116.431346652053,-18.370508075693,78.1));
#12501=CARTESIAN_POINT('Origin',(-118.25,-17.320508075693,78.1));
#12502=CARTESIAN_POINT('',(-116.431346652053,-18.370508075693,88.5));
#12503=CARTESIAN_POINT('',(-116.431346652053,-18.370508075693,88.5));
#12504=CARTESIAN_POINT('Origin',(-118.25,-17.320508075693,88.5));
#12505=CARTESIAN_POINT('Origin',(-118.25,-17.320508075693,78.1));
#12506=CARTESIAN_POINT('',(-118.25,-17.320508075693,76.8381927000421));
#12507=CARTESIAN_POINT('',(-116.431346652053,-18.370508075693,78.1));
#12508=CARTESIAN_POINT('Origin',(-128.25,-4.05231403988182E-12,88.5));
#12509=CARTESIAN_POINT('',(-124.785898384862,-2.00000000000409,46.));
#12510=CARTESIAN_POINT('Origin',(-128.25,-4.08278129499029E-12,46.));
#12511=CARTESIAN_POINT('',(-124.785898384862,-2.00000000000409,45.));
#12512=CARTESIAN_POINT('',(-124.785898384862,-2.00000000000406,88.5));
#12513=CARTESIAN_POINT('Origin',(-128.25,-4.08349817158107E-12,45.));
#12514=CARTESIAN_POINT('Origin',(-128.25,-4.05231403988182E-12,88.5));
#12515=CARTESIAN_POINT('',(-81.7011345465864,-26.8750000000041,79.5));
#12516=CARTESIAN_POINT('Origin',(-128.25,-4.05876592919891E-12,79.5));
#12517=CARTESIAN_POINT('',(-81.7011345465864,-26.8750000000042,46.));
#12518=CARTESIAN_POINT('',(-81.7011345465864,-26.8750000000041,88.5));
#12519=CARTESIAN_POINT('Origin',(-128.25,-4.08278129499029E-12,46.));
#12520=CARTESIAN_POINT('Origin',(-128.25,-4.05231403988182E-12,88.5));
#12521=CARTESIAN_POINT('',(-92.742958444838,-20.5000000000041,87.5));
#12522=CARTESIAN_POINT('Origin',(-128.25,-4.05303091647261E-12,87.5));
#12523=CARTESIAN_POINT('',(-92.742958444838,-20.5000000000041,79.5));
#12524=CARTESIAN_POINT('',(-92.742958444838,-20.5000000000041,88.5));
#12525=CARTESIAN_POINT('Origin',(-128.25,-4.05876592919891E-12,79.5));
#12526=CARTESIAN_POINT('Origin',(-128.25,-4.05231403988182E-12,88.5));
#12527=CARTESIAN_POINT('',(-100.104174377006,-16.2500000000041,80.5));
#12528=CARTESIAN_POINT('Origin',(-128.25,-4.05804905260812E-12,80.5));
#12529=CARTESIAN_POINT('',(-100.104174377006,-16.2500000000041,87.5));
#12530=CARTESIAN_POINT('',(-100.104174377006,-16.2500000000041,88.5));
#12531=CARTESIAN_POINT('Origin',(-128.25,-4.05303091647261E-12,87.5));
#12532=CARTESIAN_POINT('Origin',(-128.25,-4.05231403988182E-12,88.5));
#12533=CARTESIAN_POINT('',(-105.300326799712,-13.2500000000041,88.5));
#12534=CARTESIAN_POINT('Origin',(-128.25,-4.05231403988182E-12,88.5));
#12535=CARTESIAN_POINT('',(-105.300326799712,-13.2500000000041,80.5));
#12536=CARTESIAN_POINT('',(-105.300326799712,-13.2500000000041,88.5));
#12537=CARTESIAN_POINT('Origin',(-128.25,-4.05804905260812E-12,80.5));
#12538=CARTESIAN_POINT('Origin',(-128.25,-4.05231403988182E-12,88.5));
#12539=CARTESIAN_POINT('Origin',(-151.199673200288,13.249999999996,80.5));
#12540=CARTESIAN_POINT('Origin',(-156.395825622994,16.249999999996,87.4999999999999));
#12541=CARTESIAN_POINT('Origin',(-163.757041555162,20.499999999996,79.4999999999999));
#12542=CARTESIAN_POINT('Origin',(-174.798865453413,26.874999999996,45.9999999999999));
#12543=CARTESIAN_POINT('Origin',(-131.714101615138,1.99999999999592,45.));
#12544=CARTESIAN_POINT('Origin',(121.011386164057,-36.742576795883,93.3000000000004));
#12545=CARTESIAN_POINT('',(120.978223910198,-38.3922435091676,83.2000000000004));
#12546=CARTESIAN_POINT('Origin',(121.011386164057,-36.742576795883,83.2000000000004));
#12547=CARTESIAN_POINT('',(120.978223910198,-38.3922435091676,93.3000000000004));
#12548=CARTESIAN_POINT('',(120.978223910198,-38.3922435091676,93.3000000000004));
#12549=CARTESIAN_POINT('Origin',(121.011386164057,-36.742576795883,93.3000000000004));
#12550=CARTESIAN_POINT('Origin',(121.011386164057,-36.742576795883,83.2000000000004));
#12551=CARTESIAN_POINT('',(121.011386164057,-36.742576795883,82.208579978605));
#12552=CARTESIAN_POINT('',(120.978223910198,-38.3922435091676,83.2000000000004));
#12553=CARTESIAN_POINT('Origin',(95.2467959372899,-25.4586463585628,93.3000000000004));
#12554=CARTESIAN_POINT('',(95.2136336834312,-27.1083130718473,83.2000000000004));
#12555=CARTESIAN_POINT('Origin',(95.2467959372899,-25.4586463585628,83.2000000000004));
#12556=CARTESIAN_POINT('',(95.2136336834312,-27.1083130718473,93.3000000000004));
#12557=CARTESIAN_POINT('',(95.2136336834312,-27.1083130718473,93.3000000000004));
#12558=CARTESIAN_POINT('Origin',(95.2467959372899,-25.4586463585628,93.3000000000004));
#12559=CARTESIAN_POINT('Origin',(95.2467959372899,-25.4586463585628,83.2000000000004));
#12560=CARTESIAN_POINT('',(95.2467959372899,-25.4586463585628,82.2085799786049));
#12561=CARTESIAN_POINT('',(95.2136336834312,-27.1083130718473,83.2000000000004));
#12562=CARTESIAN_POINT('Origin',(85.0074232041169,0.738613835943095,93.3000000000004));
#12563=CARTESIAN_POINT('',(84.9742609502582,-0.911052877341447,83.2000000000004));
#12564=CARTESIAN_POINT('Origin',(85.0074232041169,0.738613835943091,83.2000000000004));
#12565=CARTESIAN_POINT('',(84.9742609502582,-0.911052877341442,93.3000000000004));
#12566=CARTESIAN_POINT('',(84.9742609502582,-0.911052877341442,93.3000000000004));
#12567=CARTESIAN_POINT('Origin',(85.0074232041169,0.738613835943095,93.3000000000004));
#12568=CARTESIAN_POINT('Origin',(85.0074232041169,0.738613835943091,83.2000000000004));
#12569=CARTESIAN_POINT('',(85.0074232041169,0.73861383594309,82.2085799786049));
#12570=CARTESIAN_POINT('',(84.9742609502582,-0.911052877341447,83.2000000000004));
#12571=CARTESIAN_POINT('Origin',(96.2913536414371,26.5032040627098,93.3000000000004));
#12572=CARTESIAN_POINT('',(96.2581913875785,24.8535373494253,83.2000000000004));
#12573=CARTESIAN_POINT('Origin',(96.2913536414372,26.5032040627098,83.2000000000004));
#12574=CARTESIAN_POINT('',(96.2581913875785,24.8535373494253,93.3000000000004));
#12575=CARTESIAN_POINT('',(96.2581913875785,24.8535373494253,93.3000000000004));
#12576=CARTESIAN_POINT('Origin',(96.2913536414371,26.5032040627098,93.3000000000004));
#12577=CARTESIAN_POINT('Origin',(96.2913536414372,26.5032040627098,83.2000000000004));
#12578=CARTESIAN_POINT('',(96.2913536414372,26.5032040627098,82.2085799786049));
#12579=CARTESIAN_POINT('',(96.2581913875785,24.8535373494253,83.2000000000004));
#12580=CARTESIAN_POINT('Origin',(122.488613835943,36.7425767958828,93.3000000000004));
#12581=CARTESIAN_POINT('',(122.455451582084,35.0929100825983,83.2000000000004));
#12582=CARTESIAN_POINT('Origin',(122.488613835943,36.7425767958828,83.2000000000004));
#12583=CARTESIAN_POINT('',(122.455451582084,35.0929100825983,93.3000000000004));
#12584=CARTESIAN_POINT('',(122.455451582084,35.0929100825983,93.3000000000004));
#12585=CARTESIAN_POINT('Origin',(122.488613835943,36.7425767958828,93.3000000000004));
#12586=CARTESIAN_POINT('Origin',(122.488613835943,36.7425767958828,83.2000000000004));
#12587=CARTESIAN_POINT('',(122.488613835943,36.7425767958828,82.2085799786049));
#12588=CARTESIAN_POINT('',(122.455451582084,35.0929100825983,83.2000000000004));
#12589=CARTESIAN_POINT('Origin',(148.25320406271,25.4586463585626,93.3000000000004));
#12590=CARTESIAN_POINT('',(148.220041808851,23.808979645278,83.2000000000004));
#12591=CARTESIAN_POINT('Origin',(148.25320406271,25.4586463585626,83.2000000000004));
#12592=CARTESIAN_POINT('',(148.220041808851,23.808979645278,93.3000000000004));
#12593=CARTESIAN_POINT('',(148.220041808851,23.808979645278,93.3000000000004));
#12594=CARTESIAN_POINT('Origin',(148.25320406271,25.4586463585626,93.3000000000004));
#12595=CARTESIAN_POINT('Origin',(148.25320406271,25.4586463585626,83.2000000000004));
#12596=CARTESIAN_POINT('',(148.25320406271,25.4586463585626,82.2085799786049));
#12597=CARTESIAN_POINT('',(148.220041808851,23.808979645278,83.2000000000004));
#12598=CARTESIAN_POINT('Origin',(158.492576795883,-0.738613835943285,93.3000000000004));
#12599=CARTESIAN_POINT('',(158.459414542024,-2.38828054922783,83.2000000000004));
#12600=CARTESIAN_POINT('Origin',(158.492576795883,-0.73861383594329,83.2000000000004));
#12601=CARTESIAN_POINT('',(158.459414542024,-2.38828054922782,93.3000000000004));
#12602=CARTESIAN_POINT('',(158.459414542024,-2.38828054922782,93.3000000000004));
#12603=CARTESIAN_POINT('Origin',(158.492576795883,-0.738613835943285,93.3000000000004));
#12604=CARTESIAN_POINT('Origin',(158.492576795883,-0.73861383594329,83.2000000000004));
#12605=CARTESIAN_POINT('',(158.492576795883,-0.73861383594329,82.208579978605));
#12606=CARTESIAN_POINT('',(158.459414542024,-2.38828054922783,83.2000000000004));
#12607=CARTESIAN_POINT('Origin',(147.208646358562,-26.50320406271,93.3000000000005));
#12608=CARTESIAN_POINT('',(147.175484104704,-28.1528707759946,83.2000000000005));
#12609=CARTESIAN_POINT('Origin',(147.208646358562,-26.50320406271,83.2000000000005));
#12610=CARTESIAN_POINT('',(147.175484104704,-28.1528707759946,93.3000000000005));
#12611=CARTESIAN_POINT('',(147.175484104704,-28.1528707759946,93.3000000000005));
#12612=CARTESIAN_POINT('Origin',(147.208646358562,-26.50320406271,93.3000000000005));
#12613=CARTESIAN_POINT('Origin',(147.208646358562,-26.50320406271,83.2000000000005));
#12614=CARTESIAN_POINT('',(147.208646358562,-26.50320406271,82.208579978605));
#12615=CARTESIAN_POINT('',(147.175484104704,-28.1528707759946,83.2000000000005));
#12616=CARTESIAN_POINT('Origin',(121.348033286561,-19.9959601610248,94.3000000000004));
#12617=CARTESIAN_POINT('',(121.307836615217,-21.9955561771273,89.3000000000004));
#12618=CARTESIAN_POINT('Origin',(121.348033286561,-19.9959601610248,89.3000000000004));
#12619=CARTESIAN_POINT('',(121.307836615217,-21.9955561771273,94.3000000000004));
#12620=CARTESIAN_POINT('',(121.307836615217,-21.9955561771273,94.3000000000004));
#12621=CARTESIAN_POINT('Origin',(121.348033286561,-19.9959601610248,94.3000000000004));
#12622=CARTESIAN_POINT('Origin',(121.348033286561,-19.9959601610248,89.3000000000004));
#12623=CARTESIAN_POINT('',(121.348033286561,-19.9959601610248,88.0982787619453));
#12624=CARTESIAN_POINT('',(121.307836615217,-21.9955561771273,89.3000000000004));
#12625=CARTESIAN_POINT('Origin',(104.63397388421,10.3460934658257,94.3000000000004));
#12626=CARTESIAN_POINT('',(104.593777212866,8.34649744972324,89.3000000000004));
#12627=CARTESIAN_POINT('Origin',(104.63397388421,10.3460934658257,89.3000000000004));
#12628=CARTESIAN_POINT('',(104.593777212866,8.34649744972324,94.3000000000004));
#12629=CARTESIAN_POINT('',(104.593777212866,8.34649744972324,94.3000000000004));
#12630=CARTESIAN_POINT('Origin',(104.63397388421,10.3460934658257,94.3000000000004));
#12631=CARTESIAN_POINT('Origin',(104.63397388421,10.3460934658257,89.3000000000004));
#12632=CARTESIAN_POINT('',(104.63397388421,10.3460934658257,88.0982787619453));
#12633=CARTESIAN_POINT('',(104.593777212866,8.34649744972324,89.3000000000004));
#12634=CARTESIAN_POINT('Origin',(139.267992829228,9.64986669519881,94.3000000000004));
#12635=CARTESIAN_POINT('',(139.227796157884,7.65027067909634,89.3000000000004));
#12636=CARTESIAN_POINT('Origin',(139.267992829228,9.64986669519881,89.3000000000004));
#12637=CARTESIAN_POINT('',(139.227796157884,7.65027067909634,94.3000000000004));
#12638=CARTESIAN_POINT('',(139.227796157884,7.65027067909634,94.3000000000004));
#12639=CARTESIAN_POINT('Origin',(139.267992829228,9.64986669519881,94.3000000000004));
#12640=CARTESIAN_POINT('Origin',(139.267992829228,9.64986669519881,89.3000000000004));
#12641=CARTESIAN_POINT('',(139.267992829228,9.64986669519881,88.0982787619453));
#12642=CARTESIAN_POINT('',(139.227796157884,7.65027067909634,89.3000000000004));
#12643=CARTESIAN_POINT('Origin',(101.754039838975,0.401966713438372,94.3000000000004));
#12644=CARTESIAN_POINT('',(101.711833334064,-1.69760910346922,83.9000000000004));
#12645=CARTESIAN_POINT('Origin',(101.754039838975,0.401966713438367,83.9000000000004));
#12646=CARTESIAN_POINT('',(101.711833334064,-1.69760910346922,94.3000000000004));
#12647=CARTESIAN_POINT('',(101.711833334064,-1.69760910346922,94.3000000000004));
#12648=CARTESIAN_POINT('Origin',(101.754039838975,0.401966713438372,94.3000000000004));
#12649=CARTESIAN_POINT('Origin',(101.754039838975,0.401966713438367,83.9000000000004));
#12650=CARTESIAN_POINT('',(101.754039838975,0.401966713438367,82.6381927000425));
#12651=CARTESIAN_POINT('',(101.711833334064,-1.69760910346923,83.9000000000004));
#12652=CARTESIAN_POINT('Origin',(112.100133304801,17.5179928292281,94.3000000000004));
#12653=CARTESIAN_POINT('',(112.05792679989,15.4184170123205,83.9000000000004));
#12654=CARTESIAN_POINT('Origin',(112.100133304801,17.5179928292281,83.9000000000004));
#12655=CARTESIAN_POINT('',(112.05792679989,15.4184170123205,94.3000000000004));
#12656=CARTESIAN_POINT('',(112.05792679989,15.4184170123205,94.3000000000004));
#12657=CARTESIAN_POINT('Origin',(112.100133304801,17.5179928292281,94.3000000000004));
#12658=CARTESIAN_POINT('Origin',(112.100133304801,17.5179928292281,83.9000000000004));
#12659=CARTESIAN_POINT('',(112.100133304801,17.5179928292281,82.6381927000425));
#12660=CARTESIAN_POINT('',(112.05792679989,15.4184170123205,83.9000000000004));
#12661=CARTESIAN_POINT('Origin',(132.096093465826,17.1160261157896,94.3000000000004));
#12662=CARTESIAN_POINT('',(132.053886960915,15.016450298882,83.9000000000004));
#12663=CARTESIAN_POINT('Origin',(132.096093465826,17.1160261157896,83.9000000000004));
#12664=CARTESIAN_POINT('',(132.053886960915,15.016450298882,94.3000000000004));
#12665=CARTESIAN_POINT('',(132.053886960915,15.016450298882,94.3000000000004));
#12666=CARTESIAN_POINT('Origin',(132.096093465826,17.1160261157896,94.3000000000004));
#12667=CARTESIAN_POINT('Origin',(132.096093465826,17.1160261157896,83.9000000000004));
#12668=CARTESIAN_POINT('',(132.096093465826,17.1160261157896,82.6381927000426));
#12669=CARTESIAN_POINT('',(132.053886960915,15.016450298882,83.9000000000004));
#12670=CARTESIAN_POINT('Origin',(141.745960161025,-0.401966713438706,94.3000000000004));
#12671=CARTESIAN_POINT('',(141.703753656113,-2.5015425303463,83.9000000000004));
#12672=CARTESIAN_POINT('Origin',(141.745960161025,-0.401966713438711,83.9000000000004));
#12673=CARTESIAN_POINT('',(141.703753656113,-2.50154253034629,94.3000000000004));
#12674=CARTESIAN_POINT('',(141.703753656113,-2.50154253034629,94.3000000000004));
#12675=CARTESIAN_POINT('Origin',(141.745960161025,-0.401966713438706,94.3000000000004));
#12676=CARTESIAN_POINT('Origin',(141.745960161025,-0.401966713438711,83.9000000000004));
#12677=CARTESIAN_POINT('',(141.745960161025,-0.401966713438711,82.6381927000426));
#12678=CARTESIAN_POINT('',(141.703753656113,-2.5015425303463,83.9000000000004));
#12679=CARTESIAN_POINT('Origin',(131.399866695199,-17.5179928292284,94.3000000000004));
#12680=CARTESIAN_POINT('',(131.357660190288,-19.617568646136,83.9000000000004));
#12681=CARTESIAN_POINT('Origin',(131.399866695199,-17.5179928292284,83.9000000000004));
#12682=CARTESIAN_POINT('',(131.357660190288,-19.617568646136,94.3000000000004));
#12683=CARTESIAN_POINT('',(131.357660190288,-19.617568646136,94.3000000000004));
#12684=CARTESIAN_POINT('Origin',(131.399866695199,-17.5179928292284,94.3000000000004));
#12685=CARTESIAN_POINT('Origin',(131.399866695199,-17.5179928292284,83.9000000000004));
#12686=CARTESIAN_POINT('',(131.399866695199,-17.5179928292284,82.6381927000426));
#12687=CARTESIAN_POINT('',(131.357660190288,-19.617568646136,83.9000000000004));
#12688=CARTESIAN_POINT('Origin',(111.403906534174,-17.1160261157897,94.3000000000004));
#12689=CARTESIAN_POINT('',(111.361700029263,-19.2156019326973,83.9000000000004));
#12690=CARTESIAN_POINT('Origin',(111.403906534174,-17.1160261157897,83.9000000000004));
#12691=CARTESIAN_POINT('',(111.361700029263,-19.2156019326973,94.3000000000004));
#12692=CARTESIAN_POINT('',(111.361700029263,-19.2156019326973,94.3000000000004));
#12693=CARTESIAN_POINT('Origin',(111.403906534174,-17.1160261157897,94.3000000000004));
#12694=CARTESIAN_POINT('Origin',(111.403906534174,-17.1160261157897,83.9000000000004));
#12695=CARTESIAN_POINT('',(111.403906534174,-17.1160261157897,82.6381927000426));
#12696=CARTESIAN_POINT('',(111.361700029263,-19.2156019326973,83.9000000000004));
#12697=CARTESIAN_POINT('Origin',(121.75,-9.71445146547012E-14,94.3000000000004));
#12698=CARTESIAN_POINT('',(121.669606657312,-3.99919203220506,51.8000000000004));
#12699=CARTESIAN_POINT('Origin',(121.75,-1.16797680922101E-13,51.8000000000004));
#12700=CARTESIAN_POINT('',(121.669606657312,-3.99919203220506,50.8000000000004));
#12701=CARTESIAN_POINT('',(121.669606657312,-3.99919203220504,94.3000000000004));
#12702=CARTESIAN_POINT('Origin',(121.75,-1.17260108363687E-13,50.8000000000004));
#12703=CARTESIAN_POINT('Origin',(121.75,-9.71445146547012E-14,94.3000000000004));
#12704=CARTESIAN_POINT('',(120.669714457634,-53.739142932754,85.3000000000005));
#12705=CARTESIAN_POINT('Origin',(121.75,-1.01306361628974E-13,85.3000000000004));
#12706=CARTESIAN_POINT('',(120.669714457634,-53.739142932754,51.8000000000005));
#12707=CARTESIAN_POINT('',(120.669714457634,-53.739142932754,94.3000000000004));
#12708=CARTESIAN_POINT('Origin',(121.75,-1.16797680922101E-13,51.8000000000004));
#12709=CARTESIAN_POINT('Origin',(121.75,-9.71445146547012E-14,94.3000000000004));
#12710=CARTESIAN_POINT('',(120.925968237451,-40.9917183301008,93.3000000000004));
#12711=CARTESIAN_POINT('Origin',(121.75,-9.76069420962871E-14,93.3000000000004));
#12712=CARTESIAN_POINT('',(120.925968237451,-40.9917183301008,85.3000000000005));
#12713=CARTESIAN_POINT('',(120.925968237451,-40.9917183301008,94.3000000000004));
#12714=CARTESIAN_POINT('Origin',(121.75,-1.01306361628974E-13,85.3000000000004));
#12715=CARTESIAN_POINT('Origin',(121.75,-9.71445146547012E-14,94.3000000000004));
#12716=CARTESIAN_POINT('',(121.096804090662,-32.4934352616653,86.3000000000005));
#12717=CARTESIAN_POINT('Origin',(121.75,-1.00843934187388E-13,86.3000000000004));
#12718=CARTESIAN_POINT('',(121.096804090662,-32.4934352616653,93.3000000000004));
#12719=CARTESIAN_POINT('',(121.096804090662,-32.4934352616653,94.3000000000004));
#12720=CARTESIAN_POINT('Origin',(121.75,-9.76069420962871E-14,93.3000000000004));
#12721=CARTESIAN_POINT('Origin',(121.75,-9.71445146547012E-14,94.3000000000004));
#12722=CARTESIAN_POINT('',(121.217394104694,-26.4946472133579,94.3000000000004));
#12723=CARTESIAN_POINT('Origin',(121.75,-9.71445146547012E-14,94.3000000000004));
#12724=CARTESIAN_POINT('',(121.217394104694,-26.4946472133579,86.3000000000004));
#12725=CARTESIAN_POINT('',(121.217394104694,-26.4946472133579,94.3000000000004));
#12726=CARTESIAN_POINT('Origin',(121.75,-1.00843934187388E-13,86.3000000000004));
#12727=CARTESIAN_POINT('Origin',(121.75,-9.71445146547012E-14,94.3000000000004));
#12728=CARTESIAN_POINT('Origin',(122.282605895306,26.4946472133576,86.3000000000004));
#12729=CARTESIAN_POINT('Origin',(122.403195909337,32.4934352616651,93.3000000000004));
#12730=CARTESIAN_POINT('Origin',(122.574031762549,40.9917183301006,85.3000000000004));
#12731=CARTESIAN_POINT('Origin',(122.830285542366,53.7391429327538,51.8000000000004));
#12732=CARTESIAN_POINT('Origin',(121.830393342688,3.99919203220483,50.8000000000004));
#12733=CARTESIAN_POINT('Origin',(-90.09,-6.93889390390723E-14,45.));
#12734=CARTESIAN_POINT('',(-90.09,11.9922641732076,33.5));
#12735=CARTESIAN_POINT('',(-90.09,-11.9922641732078,33.5));
#12736=CARTESIAN_POINT('',(-90.09,-6.93889390390723E-14,33.5));
#12737=CARTESIAN_POINT('',(-90.09,11.9922641732076,45.));
#12738=CARTESIAN_POINT('',(-90.09,11.9922641732076,45.));
#12739=CARTESIAN_POINT('',(-90.09,-11.9922641732078,45.));
#12740=CARTESIAN_POINT('',(-90.09,-6.93889390390723E-14,45.));
#12741=CARTESIAN_POINT('',(-90.09,-11.9922641732078,45.));
#12742=CARTESIAN_POINT('Origin',(-128.25,-6.93889390390723E-14,45.));
#12743=CARTESIAN_POINT('',(-111.75,36.438304022004,33.5));
#12744=CARTESIAN_POINT('Origin',(-128.25,-6.93889390390723E-14,33.5));
#12745=CARTESIAN_POINT('',(-111.75,36.438304022004,45.));
#12746=CARTESIAN_POINT('',(-111.75,36.438304022004,45.));
#12747=CARTESIAN_POINT('Origin',(-128.25,-6.93889390390723E-14,45.));
#12748=CARTESIAN_POINT('Origin',(-111.75,-5.63365316481098E-14,45.));
#12749=CARTESIAN_POINT('',(-111.75,45.2099999999999,33.5));
#12750=CARTESIAN_POINT('',(-111.75,-5.63365316481098E-14,33.5));
#12751=CARTESIAN_POINT('',(-111.75,45.2099999999999,45.));
#12752=CARTESIAN_POINT('',(-111.75,45.2099999999999,45.));
#12753=CARTESIAN_POINT('',(-111.75,-5.63365316481098E-14,45.));
#12754=CARTESIAN_POINT('Origin',(-128.25,45.2099999999999,45.));
#12755=CARTESIAN_POINT('',(-144.75,45.2099999999999,33.5));
#12756=CARTESIAN_POINT('',(-128.25,45.2099999999999,33.5));
#12757=CARTESIAN_POINT('',(-144.75,45.2099999999999,45.));
#12758=CARTESIAN_POINT('',(-144.75,45.2099999999999,45.));
#12759=CARTESIAN_POINT('',(-128.25,45.2099999999999,45.));
#12760=CARTESIAN_POINT('Origin',(-144.75,-7.59151427345535E-14,45.));
#12761=CARTESIAN_POINT('',(-144.75,36.438304022004,33.5));
#12762=CARTESIAN_POINT('',(-144.75,-7.59151427345535E-14,33.5));
#12763=CARTESIAN_POINT('',(-144.75,36.438304022004,45.));
#12764=CARTESIAN_POINT('',(-144.75,36.438304022004,45.));
#12765=CARTESIAN_POINT('',(-144.75,-7.59151427345535E-14,45.));
#12766=CARTESIAN_POINT('Origin',(-128.25,-6.93889390390723E-14,45.));
#12767=CARTESIAN_POINT('',(-166.41,11.9922641732076,33.5));
#12768=CARTESIAN_POINT('Origin',(-128.25,-6.93889390390723E-14,33.5));
#12769=CARTESIAN_POINT('',(-166.41,11.9922641732076,45.));
#12770=CARTESIAN_POINT('',(-166.41,11.9922641732076,45.));
#12771=CARTESIAN_POINT('Origin',(-128.25,-6.93889390390723E-14,45.));
#12772=CARTESIAN_POINT('Origin',(-166.41,-6.93889390390723E-14,45.));
#12773=CARTESIAN_POINT('',(-166.41,-11.9922641732077,33.5));
#12774=CARTESIAN_POINT('',(-166.41,-6.93889390390723E-14,33.5));
#12775=CARTESIAN_POINT('',(-166.41,-11.9922641732077,45.));
#12776=CARTESIAN_POINT('',(-166.41,-11.9922641732077,45.));
#12777=CARTESIAN_POINT('',(-166.41,-6.93889390390723E-14,45.));
#12778=CARTESIAN_POINT('Origin',(-128.25,-6.93889390390723E-14,45.));
#12779=CARTESIAN_POINT('Origin',(-128.25,-6.93889390390723E-14,33.5));
#12780=CARTESIAN_POINT('Origin',(-128.25,-6.93889390390723E-14,45.));
#12781=CARTESIAN_POINT('Origin',(-128.25,-6.93889390390723E-14,45.));
#12782=CARTESIAN_POINT('Origin',(-128.25,-6.93889390390723E-14,33.5));
#12783=CARTESIAN_POINT('Origin',(159.91,1.38777878078145E-13,50.8));
#12784=CARTESIAN_POINT('',(159.91,11.9922641732078,39.3));
#12785=CARTESIAN_POINT('',(159.91,-11.9922641732075,39.3));
#12786=CARTESIAN_POINT('',(159.91,1.38777878078145E-13,39.3));
#12787=CARTESIAN_POINT('',(159.91,11.9922641732078,50.8));
#12788=CARTESIAN_POINT('',(159.91,11.9922641732078,50.8));
#12789=CARTESIAN_POINT('',(159.91,-11.9922641732075,50.8));
#12790=CARTESIAN_POINT('',(159.91,1.38777878078145E-13,50.8));
#12791=CARTESIAN_POINT('',(159.91,-11.9922641732075,50.8));
#12792=CARTESIAN_POINT('Origin',(121.75,1.38777878078145E-13,50.8));
#12793=CARTESIAN_POINT('',(138.25,36.4383040220042,39.3));
#12794=CARTESIAN_POINT('Origin',(121.75,1.38777878078145E-13,39.3));
#12795=CARTESIAN_POINT('',(138.25,36.4383040220042,50.8));
#12796=CARTESIAN_POINT('',(138.25,36.4383040220042,50.8));
#12797=CARTESIAN_POINT('Origin',(121.75,1.38777878078145E-13,50.8));
#12798=CARTESIAN_POINT('Origin',(138.25,1.51830285469107E-13,50.8));
#12799=CARTESIAN_POINT('',(138.25,45.2100000000001,39.3));
#12800=CARTESIAN_POINT('',(138.25,1.51830285469107E-13,39.3));
#12801=CARTESIAN_POINT('',(138.25,45.2100000000001,50.8));
#12802=CARTESIAN_POINT('',(138.25,45.2100000000001,50.8));
#12803=CARTESIAN_POINT('',(138.25,1.51830285469107E-13,50.8));
#12804=CARTESIAN_POINT('Origin',(121.75,45.2100000000001,50.8));
#12805=CARTESIAN_POINT('',(105.25,45.2100000000001,39.3));
#12806=CARTESIAN_POINT('',(121.75,45.2100000000001,39.3));
#12807=CARTESIAN_POINT('',(105.25,45.2100000000001,50.8));
#12808=CARTESIAN_POINT('',(105.25,45.2100000000001,50.8));
#12809=CARTESIAN_POINT('',(121.75,45.2100000000001,50.8));
#12810=CARTESIAN_POINT('Origin',(105.25,1.32251674382663E-13,50.8));
#12811=CARTESIAN_POINT('',(105.25,36.4383040220042,39.3));
#12812=CARTESIAN_POINT('',(105.25,1.32251674382663E-13,39.3));
#12813=CARTESIAN_POINT('',(105.25,36.4383040220042,50.8));
#12814=CARTESIAN_POINT('',(105.25,36.4383040220042,50.8));
#12815=CARTESIAN_POINT('',(105.25,1.32251674382663E-13,50.8));
#12816=CARTESIAN_POINT('Origin',(121.75,1.38777878078145E-13,50.8));
#12817=CARTESIAN_POINT('',(83.59,11.9922641732078,39.3));
#12818=CARTESIAN_POINT('Origin',(121.75,1.38777878078145E-13,39.3));
#12819=CARTESIAN_POINT('',(83.59,11.9922641732078,50.8));
#12820=CARTESIAN_POINT('',(83.59,11.9922641732078,50.8));
#12821=CARTESIAN_POINT('Origin',(121.75,1.38777878078145E-13,50.8));
#12822=CARTESIAN_POINT('Origin',(83.59,1.38777878078145E-13,50.8));
#12823=CARTESIAN_POINT('',(83.59,-11.9922641732075,39.3));
#12824=CARTESIAN_POINT('',(83.59,1.38777878078145E-13,39.3));
#12825=CARTESIAN_POINT('',(83.59,-11.9922641732075,50.8));
#12826=CARTESIAN_POINT('',(83.59,-11.9922641732075,50.8));
#12827=CARTESIAN_POINT('',(83.59,1.38777878078145E-13,50.8));
#12828=CARTESIAN_POINT('Origin',(121.75,1.38777878078145E-13,50.8));
#12829=CARTESIAN_POINT('Origin',(121.75,1.38777878078145E-13,39.3));
#12830=CARTESIAN_POINT('Origin',(121.75,1.38777878078145E-13,50.8));
#12831=CARTESIAN_POINT('Origin',(121.75,1.38777878078145E-13,50.8));
#12832=CARTESIAN_POINT('Origin',(121.75,1.38777878078145E-13,39.3));
#12833=CARTESIAN_POINT('Origin',(131.384896056075,5.30742668235929,94.3000000000004));
#12834=CARTESIAN_POINT('',(133.355670249364,6.39303668556915,105.9));
#12835=CARTESIAN_POINT('Origin',(131.384896056075,5.30742668235928,105.9));
#12836=CARTESIAN_POINT('',(133.355670249364,6.39303668556916,94.3000000000004));
#12837=CARTESIAN_POINT('',(133.355670249364,6.39303668556916,94.3000000000004));
#12838=CARTESIAN_POINT('Origin',(131.384896056075,5.30742668235929,94.3000000000004));
#12839=CARTESIAN_POINT('Origin',(121.971081692391,10.9977780885635,94.3000000000004));
#12840=CARTESIAN_POINT('',(123.941855885679,12.0833880917734,105.9));
#12841=CARTESIAN_POINT('Origin',(121.971081692391,10.9977780885635,105.9));
#12842=CARTESIAN_POINT('',(123.941855885679,12.0833880917734,94.3000000000004));
#12843=CARTESIAN_POINT('',(123.941855885679,12.0833880917734,94.3000000000004));
#12844=CARTESIAN_POINT('Origin',(121.971081692391,10.9977780885635,94.3000000000004));
#12845=CARTESIAN_POINT('Origin',(112.336185636316,5.69035140620413,94.3000000000004));
#12846=CARTESIAN_POINT('',(114.306959829604,6.77596140941399,105.9));
#12847=CARTESIAN_POINT('Origin',(112.336185636316,5.69035140620412,105.9));
#12848=CARTESIAN_POINT('',(114.306959829604,6.775961409414,94.3000000000004));
#12849=CARTESIAN_POINT('',(114.306959829604,6.775961409414,94.3000000000004));
#12850=CARTESIAN_POINT('Origin',(112.336185636316,5.69035140620413,94.3000000000004));
#12851=CARTESIAN_POINT('Origin',(112.115103943924,-5.30742668235947,94.3000000000004));
#12852=CARTESIAN_POINT('',(114.085878137213,-4.2218166791496,105.9));
#12853=CARTESIAN_POINT('Origin',(112.115103943924,-5.30742668235948,105.9));
#12854=CARTESIAN_POINT('',(114.085878137213,-4.22181667914959,94.3000000000004));
#12855=CARTESIAN_POINT('',(114.085878137213,-4.22181667914959,94.3000000000004));
#12856=CARTESIAN_POINT('Origin',(112.115103943924,-5.30742668235947,94.3000000000004));
#12857=CARTESIAN_POINT('Origin',(121.528918307609,-10.9977780885637,94.3000000000004));
#12858=CARTESIAN_POINT('',(123.499692500897,-9.91216808535382,105.9));
#12859=CARTESIAN_POINT('Origin',(121.528918307609,-10.9977780885637,105.9));
#12860=CARTESIAN_POINT('',(123.499692500897,-9.91216808535381,94.3000000000004));
#12861=CARTESIAN_POINT('',(123.499692500897,-9.91216808535381,94.3000000000004));
#12862=CARTESIAN_POINT('Origin',(121.528918307609,-10.9977780885637,94.3000000000004));
#12863=CARTESIAN_POINT('Origin',(131.163814363684,-5.6903514062043,94.3000000000004));
#12864=CARTESIAN_POINT('',(133.134588556972,-4.60474140299444,105.9));
#12865=CARTESIAN_POINT('Origin',(131.163814363684,-5.69035140620431,105.9));
#12866=CARTESIAN_POINT('',(133.134588556972,-4.60474140299443,94.3000000000004));
#12867=CARTESIAN_POINT('',(133.134588556972,-4.60474140299443,94.3000000000004));
#12868=CARTESIAN_POINT('Origin',(131.163814363684,-5.6903514062043,94.3000000000004));
#12869=CARTESIAN_POINT('Origin',(112.100133304801,17.5179928292281,94.3000000000004));
#12870=CARTESIAN_POINT('',(114.50885731882,18.844849499818,105.9));
#12871=CARTESIAN_POINT('Origin',(112.100133304801,17.5179928292281,105.9));
#12872=CARTESIAN_POINT('',(114.50885731882,18.844849499818,94.3000000000004));
#12873=CARTESIAN_POINT('',(114.50885731882,18.844849499818,94.3000000000004));
#12874=CARTESIAN_POINT('Origin',(112.100133304801,17.5179928292281,94.3000000000004));
#12875=CARTESIAN_POINT('Origin',(101.754039838975,0.401966713438421,94.3000000000004));
#12876=CARTESIAN_POINT('',(104.162763852994,1.72882338402826,105.9));
#12877=CARTESIAN_POINT('Origin',(101.754039838975,0.401966713438413,105.9));
#12878=CARTESIAN_POINT('',(104.162763852994,1.72882338402827,94.3000000000004));
#12879=CARTESIAN_POINT('',(104.162763852994,1.72882338402827,94.3000000000004));
#12880=CARTESIAN_POINT('Origin',(101.754039838975,0.401966713438421,94.3000000000004));
#12881=CARTESIAN_POINT('Origin',(111.403906534174,-17.1160261157898,94.3000000000004));
#12882=CARTESIAN_POINT('',(113.812630548193,-15.7891694452,105.9));
#12883=CARTESIAN_POINT('Origin',(111.403906534174,-17.1160261157898,105.9));
#12884=CARTESIAN_POINT('',(113.812630548193,-15.7891694452,94.3000000000004));
#12885=CARTESIAN_POINT('',(113.812630548193,-15.7891694452,94.3000000000004));
#12886=CARTESIAN_POINT('Origin',(111.403906534174,-17.1160261157898,94.3000000000004));
#12887=CARTESIAN_POINT('Origin',(131.399866695199,-17.5179928292283,94.3000000000004));
#12888=CARTESIAN_POINT('',(133.808590709218,-16.1911361586385,105.9));
#12889=CARTESIAN_POINT('Origin',(131.399866695199,-17.5179928292283,105.9));
#12890=CARTESIAN_POINT('',(133.808590709218,-16.1911361586385,94.3000000000004));
#12891=CARTESIAN_POINT('',(133.808590709218,-16.1911361586385,94.3000000000004));
#12892=CARTESIAN_POINT('Origin',(131.399866695199,-17.5179928292283,94.3000000000004));
#12893=CARTESIAN_POINT('Origin',(141.745960161025,-0.401966713438603,94.3000000000004));
#12894=CARTESIAN_POINT('',(144.154684175043,0.924889957151232,105.9));
#12895=CARTESIAN_POINT('Origin',(141.745960161025,-0.401966713438612,105.9));
#12896=CARTESIAN_POINT('',(144.154684175043,0.924889957151241,94.3000000000004));
#12897=CARTESIAN_POINT('',(144.154684175043,0.924889957151241,94.3000000000004));
#12898=CARTESIAN_POINT('Origin',(141.745960161025,-0.401966713438603,94.3000000000004));
#12899=CARTESIAN_POINT('Origin',(132.096093465826,17.1160261157896,94.3000000000004));
#12900=CARTESIAN_POINT('',(134.504817479845,18.4428827863795,105.9));
#12901=CARTESIAN_POINT('Origin',(132.096093465826,17.1160261157896,105.9));
#12902=CARTESIAN_POINT('',(134.504817479845,18.4428827863795,94.3000000000004));
#12903=CARTESIAN_POINT('',(134.504817479845,18.4428827863795,94.3000000000004));
#12904=CARTESIAN_POINT('Origin',(132.096093465826,17.1160261157896,94.3000000000004));
#12905=CARTESIAN_POINT('Origin',(121.75,-8.81029780834321E-14,94.3000000000004));
#12906=CARTESIAN_POINT('',(95.4730107561575,-14.4748000427984,105.9));
#12907=CARTESIAN_POINT('Origin',(121.75,-9.71445146547012E-14,105.9));
#12908=CARTESIAN_POINT('',(95.4730107561575,-14.4748000427984,94.3000000000004));
#12909=CARTESIAN_POINT('',(95.4730107561575,-14.4748000427984,94.3000000000004));
#12910=CARTESIAN_POINT('Origin',(121.75,-8.81029780834321E-14,94.3000000000004));
#12911=CARTESIAN_POINT('Origin',(121.75,-8.81029780834321E-14,94.3000000000004));
#12912=CARTESIAN_POINT('Origin',(121.75,-9.71445146547012E-14,105.9));
#12913=CARTESIAN_POINT('Origin',(-137.776279441629,-5.50000000000435,100.1));
#12914=CARTESIAN_POINT('',(-139.724836600144,-6.62500000000435,88.5));
#12915=CARTESIAN_POINT('Origin',(-137.776279441629,-5.50000000000435,88.5));
#12916=CARTESIAN_POINT('',(-139.724836600144,-6.62500000000435,100.1));
#12917=CARTESIAN_POINT('',(-139.724836600144,-6.62500000000435,100.1));
#12918=CARTESIAN_POINT('Origin',(-137.776279441629,-5.50000000000435,100.1));
#12919=CARTESIAN_POINT('Origin',(-137.776279441629,5.49999999999565,100.1));
#12920=CARTESIAN_POINT('',(-139.724836600144,4.37499999999565,88.5));
#12921=CARTESIAN_POINT('Origin',(-137.776279441629,5.49999999999565,88.5));
#12922=CARTESIAN_POINT('',(-139.724836600144,4.37499999999565,100.1));
#12923=CARTESIAN_POINT('',(-139.724836600144,4.37499999999565,100.1));
#12924=CARTESIAN_POINT('Origin',(-137.776279441629,5.49999999999565,100.1));
#12925=CARTESIAN_POINT('Origin',(-128.25,10.9999999999956,100.1));
#12926=CARTESIAN_POINT('',(-130.198557158515,9.87499999999563,88.5));
#12927=CARTESIAN_POINT('Origin',(-128.25,10.9999999999956,88.5));
#12928=CARTESIAN_POINT('',(-130.198557158515,9.87499999999563,100.1));
#12929=CARTESIAN_POINT('',(-130.198557158515,9.87499999999563,100.1));
#12930=CARTESIAN_POINT('Origin',(-128.25,10.9999999999956,100.1));
#12931=CARTESIAN_POINT('Origin',(-118.723720558371,5.49999999999561,100.1));
#12932=CARTESIAN_POINT('',(-120.672277716886,4.37499999999562,88.4999999999999));
#12933=CARTESIAN_POINT('Origin',(-118.723720558371,5.49999999999561,88.4999999999999));
#12934=CARTESIAN_POINT('',(-120.672277716886,4.37499999999562,100.1));
#12935=CARTESIAN_POINT('',(-120.672277716886,4.37499999999562,100.1));
#12936=CARTESIAN_POINT('Origin',(-118.723720558371,5.49999999999561,100.1));
#12937=CARTESIAN_POINT('Origin',(-118.723720558371,-5.50000000000439,100.1));
#12938=CARTESIAN_POINT('',(-120.672277716886,-6.62500000000438,88.4999999999999));
#12939=CARTESIAN_POINT('Origin',(-118.723720558371,-5.50000000000439,88.4999999999999));
#12940=CARTESIAN_POINT('',(-120.672277716886,-6.62500000000438,100.1));
#12941=CARTESIAN_POINT('',(-120.672277716886,-6.62500000000438,100.1));
#12942=CARTESIAN_POINT('Origin',(-118.723720558371,-5.50000000000439,100.1));
#12943=CARTESIAN_POINT('Origin',(-128.25,-11.0000000000044,100.1));
#12944=CARTESIAN_POINT('',(-130.198557158515,-12.1250000000044,88.5));
#12945=CARTESIAN_POINT('Origin',(-128.25,-11.0000000000044,88.5));
#12946=CARTESIAN_POINT('',(-130.198557158515,-12.1250000000044,100.1));
#12947=CARTESIAN_POINT('',(-130.198557158515,-12.1250000000044,100.1));
#12948=CARTESIAN_POINT('Origin',(-128.25,-11.0000000000044,100.1));
#12949=CARTESIAN_POINT('Origin',(-138.25,17.3205080756844,100.1));
#12950=CARTESIAN_POINT('',(-140.631569860407,15.9455080756844,88.5));
#12951=CARTESIAN_POINT('Origin',(-138.25,17.3205080756844,88.5));
#12952=CARTESIAN_POINT('',(-140.631569860407,15.9455080756844,100.1));
#12953=CARTESIAN_POINT('',(-140.631569860407,15.9455080756844,100.1));
#12954=CARTESIAN_POINT('Origin',(-138.25,17.3205080756844,100.1));
#12955=CARTESIAN_POINT('Origin',(-118.25,17.3205080756844,100.1));
#12956=CARTESIAN_POINT('',(-120.631569860407,15.9455080756844,88.4999999999999));
#12957=CARTESIAN_POINT('Origin',(-118.25,17.3205080756844,88.4999999999999));
#12958=CARTESIAN_POINT('',(-120.631569860407,15.9455080756844,100.1));
#12959=CARTESIAN_POINT('',(-120.631569860407,15.9455080756844,100.1));
#12960=CARTESIAN_POINT('Origin',(-118.25,17.3205080756844,100.1));
#12961=CARTESIAN_POINT('Origin',(-108.25,-4.40694889246852E-12,100.1));
#12962=CARTESIAN_POINT('',(-110.631569860407,-1.3750000000044,88.4999999999999));
#12963=CARTESIAN_POINT('Origin',(-108.25,-4.40703029624956E-12,88.4999999999999));
#12964=CARTESIAN_POINT('',(-110.631569860407,-1.3750000000044,100.1));
#12965=CARTESIAN_POINT('',(-110.631569860407,-1.3750000000044,100.1));
#12966=CARTESIAN_POINT('Origin',(-108.25,-4.40694889246852E-12,100.1));
#12967=CARTESIAN_POINT('Origin',(-118.25,-17.3205080756932,100.1));
#12968=CARTESIAN_POINT('',(-120.631569860407,-18.6955080756932,88.4999999999999));
#12969=CARTESIAN_POINT('Origin',(-118.25,-17.3205080756932,88.4999999999999));
#12970=CARTESIAN_POINT('',(-120.631569860407,-18.6955080756932,100.1));
#12971=CARTESIAN_POINT('',(-120.631569860407,-18.6955080756932,100.1));
#12972=CARTESIAN_POINT('Origin',(-118.25,-17.3205080756932,100.1));
#12973=CARTESIAN_POINT('Origin',(-138.25,-17.3205080756931,100.1));
#12974=CARTESIAN_POINT('',(-140.631569860407,-18.6955080756931,88.5));
#12975=CARTESIAN_POINT('Origin',(-138.25,-17.3205080756931,88.5));
#12976=CARTESIAN_POINT('',(-140.631569860407,-18.6955080756931,100.1));
#12977=CARTESIAN_POINT('',(-140.631569860407,-18.6955080756931,100.1));
#12978=CARTESIAN_POINT('Origin',(-138.25,-17.3205080756931,100.1));
#12979=CARTESIAN_POINT('Origin',(-148.25,-4.33145372679401E-12,100.1));
#12980=CARTESIAN_POINT('',(-150.631569860407,-1.37500000000433,88.5));
#12981=CARTESIAN_POINT('Origin',(-148.25,-4.33153513057505E-12,88.5));
#12982=CARTESIAN_POINT('',(-150.631569860407,-1.37500000000433,100.1));
#12983=CARTESIAN_POINT('',(-150.631569860407,-1.37500000000433,100.1));
#12984=CARTESIAN_POINT('Origin',(-148.25,-4.33145372679401E-12,100.1));
#12985=CARTESIAN_POINT('Origin',(-128.25,-4.37142175568052E-12,100.1));
#12986=CARTESIAN_POINT('',(-102.269237886467,14.9999999999956,88.4999999999999));
#12987=CARTESIAN_POINT('Origin',(-128.25,-4.37150315946155E-12,88.5));
#12988=CARTESIAN_POINT('',(-102.269237886467,14.9999999999956,100.1));
#12989=CARTESIAN_POINT('',(-102.269237886467,14.9999999999956,100.1));
#12990=CARTESIAN_POINT('Origin',(-128.25,-4.37142175568052E-12,100.1));
#12991=CARTESIAN_POINT('Origin',(-128.25,-4.37142175568052E-12,100.1));
#12992=CARTESIAN_POINT('Origin',(-128.25,-4.37150315946155E-12,88.5));
#12993=CARTESIAN_POINT('Origin',(-39.25,-12.3408620039282,61.1250000000001));
#12994=CARTESIAN_POINT('',(-39.25,-11.552978511039,62.9632708183597));
#12995=CARTESIAN_POINT('Origin',(-39.25,-12.3408620039282,61.1250000000001));
#12996=CARTESIAN_POINT('',(-23.64,-11.552978511039,62.9632708183597));
#12997=CARTESIAN_POINT('',(-39.25,-11.552978511039,62.9632708183597));
#12998=CARTESIAN_POINT('Origin',(-23.64,-12.3408620039282,61.1250000000001));
#12999=CARTESIAN_POINT('Origin',(-23.64,-12.3408620039282,61.1250000000001));
#13000=CARTESIAN_POINT('',(-23.25,-11.7066157921524,62.6048080087796));
#13001=CARTESIAN_POINT('',(-23.64,-11.552978511039,62.9632708183597));
#13002=CARTESIAN_POINT('Origin',(-23.25,-12.3408620039282,61.1250000000001));
#13003=CARTESIAN_POINT('Origin',(-39.25,-12.3408620039282,61.1250000000001));
#13004=CARTESIAN_POINT('',(-43.25,-10.9620658913722,64.3419739321295));
#13005=CARTESIAN_POINT('Origin',(-43.25,-12.3408620039282,61.1250000000001));
#13006=CARTESIAN_POINT('',(-39.25,-10.9620658913722,64.3419739321295));
#13007=CARTESIAN_POINT('',(-39.25,-10.9620658913722,64.3419739321295));
#13008=CARTESIAN_POINT('Origin',(-39.25,-12.3408620039282,61.1250000000001));
#13009=CARTESIAN_POINT('Origin',(-39.25,-12.3408620039282,61.1250000000001));
#13010=CARTESIAN_POINT('Origin',(-43.25,-12.3408620039282,61.1250000000001));
#13011=CARTESIAN_POINT('',(-43.25,-12.5459439981289,62.844866673802));
#13012=CARTESIAN_POINT('',(-43.25,-10.9539547703938,62.1625395537376));
#13013=CARTESIAN_POINT('',(-43.25,-12.5459439981289,62.844866673802));
#13014=CARTESIAN_POINT('',(-43.25,-13.9328512316633,61.8073271200645));
#13015=CARTESIAN_POINT('',(-43.25,-13.9328512316633,61.8073271200645));
#13016=CARTESIAN_POINT('',(-43.25,-13.7277692374626,60.0874604462625));
#13017=CARTESIAN_POINT('',(-43.25,-13.7277692374626,60.0874604462625));
#13018=CARTESIAN_POINT('',(-43.25,-12.1357800097276,59.4051333261981));
#13019=CARTESIAN_POINT('',(-43.25,-12.1357800097276,59.4051333261981));
#13020=CARTESIAN_POINT('',(-43.25,-10.7488727761931,60.4426728799356));
#13021=CARTESIAN_POINT('',(-43.25,-10.7488727761931,60.4426728799356));
#13022=CARTESIAN_POINT('',(-43.25,-10.9539547703938,62.1625395537376));
#13023=CARTESIAN_POINT('Origin',(-23.25,-13.8206700127077,61.7592462117759));
#13024=CARTESIAN_POINT('Origin',(-41.25,-13.9328512316633,61.8073271200645));
#13025=CARTESIAN_POINT('',(-41.25,-12.5459439981289,62.844866673802));
#13026=CARTESIAN_POINT('',(-41.25,-12.5459439981289,62.844866673802));
#13027=CARTESIAN_POINT('',(-41.25,-13.9328512316633,61.8073271200645));
#13028=CARTESIAN_POINT('',(-41.25,-13.9328512316633,61.8073271200645));
#13029=CARTESIAN_POINT('',(-41.25,-13.9328512316633,61.8073271200645));
#13030=CARTESIAN_POINT('Origin',(-41.25,-13.7277692374626,60.0874604462625));
#13031=CARTESIAN_POINT('',(-41.25,-13.7277692374626,60.0874604462625));
#13032=CARTESIAN_POINT('',(-41.25,-13.7277692374626,60.0874604462625));
#13033=CARTESIAN_POINT('',(-41.25,-13.7277692374626,60.0874604462625));
#13034=CARTESIAN_POINT('Origin',(-41.25,-12.1357800097276,59.4051333261981));
#13035=CARTESIAN_POINT('',(-41.25,-12.1357800097276,59.4051333261981));
#13036=CARTESIAN_POINT('',(-41.25,-12.1357800097276,59.4051333261981));
#13037=CARTESIAN_POINT('',(-41.25,-12.1357800097276,59.4051333261981));
#13038=CARTESIAN_POINT('Origin',(-41.25,-10.7488727761931,60.4426728799356));
#13039=CARTESIAN_POINT('',(-41.25,-10.7488727761931,60.4426728799356));
#13040=CARTESIAN_POINT('',(-41.25,-10.7488727761931,60.4426728799356));
#13041=CARTESIAN_POINT('',(-41.25,-10.7488727761931,60.4426728799356));
#13042=CARTESIAN_POINT('Origin',(-41.25,-10.9539547703938,62.1625395537376));
#13043=CARTESIAN_POINT('',(-41.25,-10.9539547703938,62.1625395537376));
#13044=CARTESIAN_POINT('',(-41.25,-10.9539547703938,62.1625395537376));
#13045=CARTESIAN_POINT('',(-41.25,-10.9539547703938,62.1625395537376));
#13046=CARTESIAN_POINT('Origin',(-41.25,-12.5459439981289,62.844866673802));
#13047=CARTESIAN_POINT('',(-41.25,-12.5459439981289,62.844866673802));
#13048=CARTESIAN_POINT('Origin',(-41.25,-12.3408620039282,61.1250000000001));
#13049=CARTESIAN_POINT('Origin',(-39.25,12.9903810567667,46.5000000000001));
#13050=CARTESIAN_POINT('',(-39.25,13.7782645496559,48.3382708183598));
#13051=CARTESIAN_POINT('Origin',(-39.25,12.9903810567667,46.5000000000001));
#13052=CARTESIAN_POINT('',(-23.64,13.7782645496559,48.3382708183598));
#13053=CARTESIAN_POINT('',(-39.25,13.7782645496559,48.3382708183598));
#13054=CARTESIAN_POINT('Origin',(-23.64,12.9903810567667,46.5000000000001));
#13055=CARTESIAN_POINT('Origin',(-23.64,12.9903810567667,46.5000000000001));
#13056=CARTESIAN_POINT('',(-23.25,13.6246272685425,47.9798080087797));
#13057=CARTESIAN_POINT('',(-23.64,13.7782645496559,48.3382708183598));
#13058=CARTESIAN_POINT('Origin',(-23.25,12.9903810567667,46.5000000000001));
#13059=CARTESIAN_POINT('Origin',(-39.25,12.9903810567667,46.5000000000001));
#13060=CARTESIAN_POINT('',(-43.25,14.3691771693227,49.7169739321296));
#13061=CARTESIAN_POINT('Origin',(-43.25,12.9903810567667,46.5000000000001));
#13062=CARTESIAN_POINT('',(-39.25,14.3691771693227,49.7169739321296));
#13063=CARTESIAN_POINT('',(-39.25,14.3691771693227,49.7169739321296));
#13064=CARTESIAN_POINT('Origin',(-39.25,12.9903810567667,46.5000000000001));
#13065=CARTESIAN_POINT('Origin',(-39.25,12.9903810567667,46.5000000000001));
#13066=CARTESIAN_POINT('Origin',(-43.25,12.9903810567667,46.5000000000001));
#13067=CARTESIAN_POINT('',(-43.25,12.785299062566,48.2198666738021));
#13068=CARTESIAN_POINT('',(-43.25,14.3772882903011,47.5375395537377));
#13069=CARTESIAN_POINT('',(-43.25,12.785299062566,48.2198666738021));
#13070=CARTESIAN_POINT('',(-43.25,11.3983918290316,47.1823271200646));
#13071=CARTESIAN_POINT('',(-43.25,11.3983918290316,47.1823271200646));
#13072=CARTESIAN_POINT('',(-43.25,11.6034738232323,45.4624604462626));
#13073=CARTESIAN_POINT('',(-43.25,11.6034738232323,45.4624604462626));
#13074=CARTESIAN_POINT('',(-43.25,13.1954630509673,44.7801333261982));
#13075=CARTESIAN_POINT('',(-43.25,13.1954630509673,44.7801333261982));
#13076=CARTESIAN_POINT('',(-43.25,14.5823702845018,45.8176728799357));
#13077=CARTESIAN_POINT('',(-43.25,14.5823702845018,45.8176728799357));
#13078=CARTESIAN_POINT('',(-43.25,14.3772882903011,47.5375395537377));
#13079=CARTESIAN_POINT('Origin',(-23.25,11.5105730479871,47.1342462117759));
#13080=CARTESIAN_POINT('Origin',(-41.25,11.3983918290316,47.1823271200646));
#13081=CARTESIAN_POINT('',(-41.25,12.785299062566,48.2198666738021));
#13082=CARTESIAN_POINT('',(-41.25,12.785299062566,48.2198666738021));
#13083=CARTESIAN_POINT('',(-41.25,11.3983918290316,47.1823271200646));
#13084=CARTESIAN_POINT('',(-41.25,11.3983918290316,47.1823271200646));
#13085=CARTESIAN_POINT('',(-41.25,11.3983918290316,47.1823271200646));
#13086=CARTESIAN_POINT('Origin',(-41.25,11.6034738232323,45.4624604462626));
#13087=CARTESIAN_POINT('',(-41.25,11.6034738232323,45.4624604462626));
#13088=CARTESIAN_POINT('',(-41.25,11.6034738232323,45.4624604462626));
#13089=CARTESIAN_POINT('',(-41.25,11.6034738232323,45.4624604462626));
#13090=CARTESIAN_POINT('Origin',(-41.25,13.1954630509673,44.7801333261982));
#13091=CARTESIAN_POINT('',(-41.25,13.1954630509673,44.7801333261982));
#13092=CARTESIAN_POINT('',(-41.25,13.1954630509673,44.7801333261982));
#13093=CARTESIAN_POINT('',(-41.25,13.1954630509673,44.7801333261982));
#13094=CARTESIAN_POINT('Origin',(-41.25,14.5823702845018,45.8176728799357));
#13095=CARTESIAN_POINT('',(-41.25,14.5823702845018,45.8176728799357));
#13096=CARTESIAN_POINT('',(-41.25,14.5823702845018,45.8176728799357));
#13097=CARTESIAN_POINT('',(-41.25,14.5823702845018,45.8176728799357));
#13098=CARTESIAN_POINT('Origin',(-41.25,14.3772882903011,47.5375395537377));
#13099=CARTESIAN_POINT('',(-41.25,14.3772882903011,47.5375395537377));
#13100=CARTESIAN_POINT('',(-41.25,14.3772882903011,47.5375395537377));
#13101=CARTESIAN_POINT('',(-41.25,14.3772882903011,47.5375395537377));
#13102=CARTESIAN_POINT('Origin',(-41.25,12.785299062566,48.2198666738021));
#13103=CARTESIAN_POINT('',(-41.25,12.785299062566,48.2198666738021));
#13104=CARTESIAN_POINT('Origin',(-41.25,12.9903810567667,46.5000000000001));
#13105=CARTESIAN_POINT('Origin',(-39.25,-12.9903810567666,46.5));
#13106=CARTESIAN_POINT('',(-39.25,-12.2024975638774,48.3382708183597));
#13107=CARTESIAN_POINT('Origin',(-39.25,-12.9903810567666,46.5));
#13108=CARTESIAN_POINT('',(-23.64,-12.2024975638774,48.3382708183597));
#13109=CARTESIAN_POINT('',(-39.25,-12.2024975638774,48.3382708183597));
#13110=CARTESIAN_POINT('Origin',(-23.64,-12.9903810567666,46.5));
#13111=CARTESIAN_POINT('Origin',(-23.64,-12.9903810567666,46.5));
#13112=CARTESIAN_POINT('',(-23.25,-12.3561348449908,47.9798080087796));
#13113=CARTESIAN_POINT('',(-23.64,-12.2024975638774,48.3382708183597));
#13114=CARTESIAN_POINT('Origin',(-23.25,-12.9903810567666,46.5));
#13115=CARTESIAN_POINT('Origin',(-39.25,-12.9903810567666,46.5));
#13116=CARTESIAN_POINT('',(-43.25,-11.6115849442105,49.7169739321295));
#13117=CARTESIAN_POINT('Origin',(-43.25,-12.9903810567666,46.5));
#13118=CARTESIAN_POINT('',(-39.25,-11.6115849442105,49.7169739321295));
#13119=CARTESIAN_POINT('',(-39.25,-11.6115849442105,49.7169739321295));
#13120=CARTESIAN_POINT('Origin',(-39.25,-12.9903810567666,46.5));
#13121=CARTESIAN_POINT('Origin',(-39.25,-12.9903810567666,46.5));
#13122=CARTESIAN_POINT('Origin',(-43.25,-12.9903810567666,46.5));
#13123=CARTESIAN_POINT('',(-43.25,-13.1954630509672,48.219866673802));
#13124=CARTESIAN_POINT('',(-43.25,-11.6034738232321,47.5375395537376));
#13125=CARTESIAN_POINT('',(-43.25,-13.1954630509672,48.219866673802));
#13126=CARTESIAN_POINT('',(-43.25,-14.5823702845016,47.1823271200645));
#13127=CARTESIAN_POINT('',(-43.25,-14.5823702845016,47.1823271200645));
#13128=CARTESIAN_POINT('',(-43.25,-14.377288290301,45.4624604462625));
#13129=CARTESIAN_POINT('',(-43.25,-14.377288290301,45.4624604462625));
#13130=CARTESIAN_POINT('',(-43.25,-12.7852990625659,44.7801333261981));
#13131=CARTESIAN_POINT('',(-43.25,-12.7852990625659,44.7801333261981));
#13132=CARTESIAN_POINT('',(-43.25,-11.3983918290315,45.8176728799356));
#13133=CARTESIAN_POINT('',(-43.25,-11.3983918290315,45.8176728799356));
#13134=CARTESIAN_POINT('',(-43.25,-11.6034738232321,47.5375395537376));
#13135=CARTESIAN_POINT('Origin',(-23.25,-14.4701890655461,47.1342462117758));
#13136=CARTESIAN_POINT('Origin',(-41.25,-14.5823702845016,47.1823271200645));
#13137=CARTESIAN_POINT('',(-41.25,-13.1954630509672,48.219866673802));
#13138=CARTESIAN_POINT('',(-41.25,-13.1954630509672,48.219866673802));
#13139=CARTESIAN_POINT('',(-41.25,-14.5823702845016,47.1823271200645));
#13140=CARTESIAN_POINT('',(-41.25,-14.5823702845016,47.1823271200645));
#13141=CARTESIAN_POINT('',(-41.25,-14.5823702845016,47.1823271200645));
#13142=CARTESIAN_POINT('Origin',(-41.25,-14.377288290301,45.4624604462625));
#13143=CARTESIAN_POINT('',(-41.25,-14.377288290301,45.4624604462625));
#13144=CARTESIAN_POINT('',(-41.25,-14.377288290301,45.4624604462625));
#13145=CARTESIAN_POINT('',(-41.25,-14.377288290301,45.4624604462625));
#13146=CARTESIAN_POINT('Origin',(-41.25,-12.7852990625659,44.7801333261981));
#13147=CARTESIAN_POINT('',(-41.25,-12.7852990625659,44.7801333261981));
#13148=CARTESIAN_POINT('',(-41.25,-12.7852990625659,44.7801333261981));
#13149=CARTESIAN_POINT('',(-41.25,-12.7852990625659,44.7801333261981));
#13150=CARTESIAN_POINT('Origin',(-41.25,-11.3983918290315,45.8176728799356));
#13151=CARTESIAN_POINT('',(-41.25,-11.3983918290315,45.8176728799356));
#13152=CARTESIAN_POINT('',(-41.25,-11.3983918290315,45.8176728799356));
#13153=CARTESIAN_POINT('',(-41.25,-11.3983918290315,45.8176728799356));
#13154=CARTESIAN_POINT('Origin',(-41.25,-11.6034738232321,47.5375395537376));
#13155=CARTESIAN_POINT('',(-41.25,-11.6034738232321,47.5375395537376));
#13156=CARTESIAN_POINT('',(-41.25,-11.6034738232321,47.5375395537376));
#13157=CARTESIAN_POINT('',(-41.25,-11.6034738232321,47.5375395537376));
#13158=CARTESIAN_POINT('Origin',(-41.25,-13.1954630509672,48.219866673802));
#13159=CARTESIAN_POINT('',(-41.25,-13.1954630509672,48.219866673802));
#13160=CARTESIAN_POINT('Origin',(-41.25,-12.9903810567666,46.5));
#13161=CARTESIAN_POINT('Origin',(-39.25,4.20497047017414E-14,69.));
#13162=CARTESIAN_POINT('',(-39.25,0.787883492889222,70.8382708183597));
#13163=CARTESIAN_POINT('Origin',(-39.25,4.20497047017414E-14,69.));
#13164=CARTESIAN_POINT('',(-23.64,0.787883492889224,70.8382708183597));
#13165=CARTESIAN_POINT('',(-39.25,0.787883492889222,70.8382708183597));
#13166=CARTESIAN_POINT('Origin',(-23.64,4.36744765402996E-14,69.));
#13167=CARTESIAN_POINT('Origin',(-23.64,4.36744765402996E-14,69.));
#13168=CARTESIAN_POINT('',(-23.25,0.634246211775834,70.4798080087796));
#13169=CARTESIAN_POINT('',(-23.64,0.787883492889223,70.8382708183597));
#13170=CARTESIAN_POINT('Origin',(-23.25,4.37150698149337E-14,69.));
#13171=CARTESIAN_POINT('Origin',(-39.25,4.20497047017414E-14,69.));
#13172=CARTESIAN_POINT('',(-43.25,1.37879611255611,72.2169739321295));
#13173=CARTESIAN_POINT('Origin',(-43.25,4.16333634234434E-14,69.));
#13174=CARTESIAN_POINT('',(-39.25,1.37879611255611,72.2169739321295));
#13175=CARTESIAN_POINT('',(-39.25,1.37879611255611,72.2169739321295));
#13176=CARTESIAN_POINT('Origin',(-39.25,4.20497047017414E-14,69.));
#13177=CARTESIAN_POINT('Origin',(-39.25,4.20497047017414E-14,69.));
#13178=CARTESIAN_POINT('Origin',(-43.25,4.16333634234434E-14,69.));
#13179=CARTESIAN_POINT('',(-43.25,-0.205081994200617,70.719866673802));
#13180=CARTESIAN_POINT('',(-43.25,1.38690723353447,70.0375395537376));
#13181=CARTESIAN_POINT('',(-43.25,-0.205081994200617,70.719866673802));
#13182=CARTESIAN_POINT('',(-43.25,-1.59198922773505,69.6823271200645));
#13183=CARTESIAN_POINT('',(-43.25,-1.59198922773505,69.6823271200645));
#13184=CARTESIAN_POINT('',(-43.25,-1.38690723353439,67.9624604462625));
#13185=CARTESIAN_POINT('',(-43.25,-1.38690723353439,67.9624604462625));
#13186=CARTESIAN_POINT('',(-43.25,0.205081994200701,67.2801333261981));
#13187=CARTESIAN_POINT('',(-43.25,0.205081994200701,67.2801333261981));
#13188=CARTESIAN_POINT('',(-43.25,1.59198922773513,68.3176728799356));
#13189=CARTESIAN_POINT('',(-43.25,1.59198922773513,68.3176728799356));
#13190=CARTESIAN_POINT('',(-43.25,1.38690723353447,70.0375395537376));
#13191=CARTESIAN_POINT('Origin',(-23.25,-1.47980800877949,69.6342462117758));
#13192=CARTESIAN_POINT('Origin',(-41.25,-1.59198922773505,69.6823271200645));
#13193=CARTESIAN_POINT('',(-41.25,-0.205081994200617,70.719866673802));
#13194=CARTESIAN_POINT('',(-41.25,-0.205081994200617,70.719866673802));
#13195=CARTESIAN_POINT('',(-41.25,-1.59198922773505,69.6823271200645));
#13196=CARTESIAN_POINT('',(-41.25,-1.59198922773505,69.6823271200645));
#13197=CARTESIAN_POINT('',(-41.25,-1.59198922773505,69.6823271200645));
#13198=CARTESIAN_POINT('Origin',(-41.25,-1.38690723353439,67.9624604462625));
#13199=CARTESIAN_POINT('',(-41.25,-1.38690723353439,67.9624604462625));
#13200=CARTESIAN_POINT('',(-41.25,-1.38690723353439,67.9624604462625));
#13201=CARTESIAN_POINT('',(-41.25,-1.38690723353439,67.9624604462625));
#13202=CARTESIAN_POINT('Origin',(-41.25,0.205081994200701,67.2801333261981));
#13203=CARTESIAN_POINT('',(-41.25,0.205081994200701,67.2801333261981));
#13204=CARTESIAN_POINT('',(-41.25,0.205081994200701,67.2801333261981));
#13205=CARTESIAN_POINT('',(-41.25,0.205081994200701,67.2801333261981));
#13206=CARTESIAN_POINT('Origin',(-41.25,1.59198922773513,68.3176728799356));
#13207=CARTESIAN_POINT('',(-41.25,1.59198922773513,68.3176728799356));
#13208=CARTESIAN_POINT('',(-41.25,1.59198922773513,68.3176728799356));
#13209=CARTESIAN_POINT('',(-41.25,1.59198922773513,68.3176728799356));
#13210=CARTESIAN_POINT('Origin',(-41.25,1.38690723353447,70.0375395537376));
#13211=CARTESIAN_POINT('',(-41.25,1.38690723353447,70.0375395537376));
#13212=CARTESIAN_POINT('',(-41.25,1.38690723353447,70.0375395537376));
#13213=CARTESIAN_POINT('',(-41.25,1.38690723353447,70.0375395537376));
#13214=CARTESIAN_POINT('Origin',(-41.25,-0.205081994200617,70.719866673802));
#13215=CARTESIAN_POINT('',(-41.25,-0.205081994200617,70.719866673802));
#13216=CARTESIAN_POINT('Origin',(-41.25,4.18415340625924E-14,69.));
#13217=CARTESIAN_POINT('Origin',(-39.25,2.8171916893927E-14,39.75));
#13218=CARTESIAN_POINT('',(-39.25,0.787883492889208,41.5882708183597));
#13219=CARTESIAN_POINT('Origin',(-39.25,2.8171916893927E-14,39.75));
#13220=CARTESIAN_POINT('',(-23.64,0.78788349288921,41.5882708183597));
#13221=CARTESIAN_POINT('',(-39.25,0.787883492889208,41.5882708183597));
#13222=CARTESIAN_POINT('Origin',(-23.64,2.97966887324851E-14,39.75));
#13223=CARTESIAN_POINT('Origin',(-23.64,2.97966887324851E-14,39.75));
#13224=CARTESIAN_POINT('',(-23.25,0.63424621177582,41.2298080087796));
#13225=CARTESIAN_POINT('',(-23.64,0.787883492889209,41.5882708183597));
#13226=CARTESIAN_POINT('Origin',(-23.25,2.98372820071192E-14,39.75));
#13227=CARTESIAN_POINT('Origin',(-39.25,2.8171916893927E-14,39.75));
#13228=CARTESIAN_POINT('',(-43.25,1.37879611255609,42.9669739321294));
#13229=CARTESIAN_POINT('Origin',(-43.25,2.77555756156289E-14,39.75));
#13230=CARTESIAN_POINT('',(-39.25,1.37879611255609,42.9669739321294));
#13231=CARTESIAN_POINT('',(-39.25,1.37879611255609,42.9669739321294));
#13232=CARTESIAN_POINT('Origin',(-39.25,2.8171916893927E-14,39.75));
#13233=CARTESIAN_POINT('Origin',(-39.25,2.8171916893927E-14,39.75));
#13234=CARTESIAN_POINT('Origin',(-43.25,2.77555756156289E-14,39.75));
#13235=CARTESIAN_POINT('',(-43.25,-0.205081994200631,41.469866673802));
#13236=CARTESIAN_POINT('',(-43.25,1.38690723353446,40.7875395537376));
#13237=CARTESIAN_POINT('',(-43.25,-0.205081994200631,41.469866673802));
#13238=CARTESIAN_POINT('',(-43.25,-1.59198922773506,40.4323271200645));
#13239=CARTESIAN_POINT('',(-43.25,-1.59198922773506,40.4323271200645));
#13240=CARTESIAN_POINT('',(-43.25,-1.3869072335344,38.7124604462625));
#13241=CARTESIAN_POINT('',(-43.25,-1.3869072335344,38.7124604462625));
#13242=CARTESIAN_POINT('',(-43.25,0.205081994200687,38.030133326198));
#13243=CARTESIAN_POINT('',(-43.25,0.205081994200687,38.030133326198));
#13244=CARTESIAN_POINT('',(-43.25,1.59198922773512,39.0676728799356));
#13245=CARTESIAN_POINT('',(-43.25,1.59198922773512,39.0676728799356));
#13246=CARTESIAN_POINT('',(-43.25,1.38690723353446,40.7875395537376));
#13247=CARTESIAN_POINT('Origin',(-23.25,-1.47980800877951,40.3842462117758));
#13248=CARTESIAN_POINT('Origin',(-41.25,-1.59198922773506,40.4323271200645));
#13249=CARTESIAN_POINT('',(-41.25,-0.205081994200631,41.469866673802));
#13250=CARTESIAN_POINT('',(-41.25,-0.205081994200631,41.469866673802));
#13251=CARTESIAN_POINT('',(-41.25,-1.59198922773506,40.4323271200645));
#13252=CARTESIAN_POINT('',(-41.25,-1.59198922773506,40.4323271200645));
#13253=CARTESIAN_POINT('',(-41.25,-1.59198922773506,40.4323271200645));
#13254=CARTESIAN_POINT('Origin',(-41.25,-1.3869072335344,38.7124604462625));
#13255=CARTESIAN_POINT('',(-41.25,-1.3869072335344,38.7124604462625));
#13256=CARTESIAN_POINT('',(-41.25,-1.3869072335344,38.7124604462625));
#13257=CARTESIAN_POINT('',(-41.25,-1.3869072335344,38.7124604462625));
#13258=CARTESIAN_POINT('Origin',(-41.25,0.205081994200687,38.030133326198));
#13259=CARTESIAN_POINT('',(-41.25,0.205081994200687,38.030133326198));
#13260=CARTESIAN_POINT('',(-41.25,0.205081994200687,38.030133326198));
#13261=CARTESIAN_POINT('',(-41.25,0.205081994200687,38.030133326198));
#13262=CARTESIAN_POINT('Origin',(-41.25,1.59198922773512,39.0676728799356));
#13263=CARTESIAN_POINT('',(-41.25,1.59198922773512,39.0676728799356));
#13264=CARTESIAN_POINT('',(-41.25,1.59198922773512,39.0676728799356));
#13265=CARTESIAN_POINT('',(-41.25,1.59198922773512,39.0676728799356));
#13266=CARTESIAN_POINT('Origin',(-41.25,1.38690723353446,40.7875395537376));
#13267=CARTESIAN_POINT('',(-41.25,1.38690723353446,40.7875395537376));
#13268=CARTESIAN_POINT('',(-41.25,1.38690723353446,40.7875395537376));
#13269=CARTESIAN_POINT('',(-41.25,1.38690723353446,40.7875395537376));
#13270=CARTESIAN_POINT('Origin',(-41.25,-0.205081994200631,41.469866673802));
#13271=CARTESIAN_POINT('',(-41.25,-0.205081994200631,41.469866673802));
#13272=CARTESIAN_POINT('Origin',(-41.25,2.79637462547779E-14,39.75));
#13273=CARTESIAN_POINT('Origin',(-39.25,12.3408620039283,61.125));
#13274=CARTESIAN_POINT('',(-39.25,13.1287454968175,62.9632708183597));
#13275=CARTESIAN_POINT('Origin',(-39.25,12.3408620039283,61.125));
#13276=CARTESIAN_POINT('',(-23.64,13.1287454968175,62.9632708183597));
#13277=CARTESIAN_POINT('',(-39.25,13.1287454968175,62.9632708183597));
#13278=CARTESIAN_POINT('Origin',(-23.64,12.3408620039283,61.125));
#13279=CARTESIAN_POINT('Origin',(-23.64,12.3408620039283,61.125));
#13280=CARTESIAN_POINT('',(-23.25,12.9751082157041,62.6048080087796));
#13281=CARTESIAN_POINT('',(-23.64,13.1287454968175,62.9632708183597));
#13282=CARTESIAN_POINT('Origin',(-23.25,12.3408620039283,61.125));
#13283=CARTESIAN_POINT('Origin',(-39.25,12.3408620039283,61.125));
#13284=CARTESIAN_POINT('',(-43.25,13.7196581164844,64.3419739321295));
#13285=CARTESIAN_POINT('Origin',(-43.25,12.3408620039283,61.125));
#13286=CARTESIAN_POINT('',(-39.25,13.7196581164844,64.3419739321295));
#13287=CARTESIAN_POINT('',(-39.25,13.7196581164844,64.3419739321295));
#13288=CARTESIAN_POINT('Origin',(-39.25,12.3408620039283,61.125));
#13289=CARTESIAN_POINT('Origin',(-39.25,12.3408620039283,61.125));
#13290=CARTESIAN_POINT('Origin',(-43.25,12.3408620039283,61.125));
#13291=CARTESIAN_POINT('',(-43.25,12.1357800097276,62.844866673802));
#13292=CARTESIAN_POINT('',(-43.25,13.7277692374627,62.1625395537376));
#13293=CARTESIAN_POINT('',(-43.25,12.1357800097276,62.844866673802));
#13294=CARTESIAN_POINT('',(-43.25,10.7488727761932,61.8073271200645));
#13295=CARTESIAN_POINT('',(-43.25,10.7488727761932,61.8073271200645));
#13296=CARTESIAN_POINT('',(-43.25,10.9539547703939,60.0874604462625));
#13297=CARTESIAN_POINT('',(-43.25,10.9539547703939,60.0874604462625));
#13298=CARTESIAN_POINT('',(-43.25,12.545943998129,59.4051333261981));
#13299=CARTESIAN_POINT('',(-43.25,12.545943998129,59.4051333261981));
#13300=CARTESIAN_POINT('',(-43.25,13.9328512316634,60.4426728799356));
#13301=CARTESIAN_POINT('',(-43.25,13.9328512316634,60.4426728799356));
#13302=CARTESIAN_POINT('',(-43.25,13.7277692374627,62.1625395537376));
#13303=CARTESIAN_POINT('Origin',(-23.25,10.8610539951488,61.7592462117758));
#13304=CARTESIAN_POINT('Origin',(-41.25,10.7488727761932,61.8073271200645));
#13305=CARTESIAN_POINT('',(-41.25,12.1357800097276,62.844866673802));
#13306=CARTESIAN_POINT('',(-41.25,12.1357800097276,62.844866673802));
#13307=CARTESIAN_POINT('',(-41.25,10.7488727761932,61.8073271200645));
#13308=CARTESIAN_POINT('',(-41.25,10.7488727761932,61.8073271200645));
#13309=CARTESIAN_POINT('',(-41.25,10.7488727761932,61.8073271200645));
#13310=CARTESIAN_POINT('Origin',(-41.25,10.9539547703939,60.0874604462625));
#13311=CARTESIAN_POINT('',(-41.25,10.9539547703939,60.0874604462625));
#13312=CARTESIAN_POINT('',(-41.25,10.9539547703939,60.0874604462625));
#13313=CARTESIAN_POINT('',(-41.25,10.9539547703939,60.0874604462625));
#13314=CARTESIAN_POINT('Origin',(-41.25,12.545943998129,59.4051333261981));
#13315=CARTESIAN_POINT('',(-41.25,12.545943998129,59.4051333261981));
#13316=CARTESIAN_POINT('',(-41.25,12.545943998129,59.4051333261981));
#13317=CARTESIAN_POINT('',(-41.25,12.545943998129,59.4051333261981));
#13318=CARTESIAN_POINT('Origin',(-41.25,13.9328512316634,60.4426728799356));
#13319=CARTESIAN_POINT('',(-41.25,13.9328512316634,60.4426728799356));
#13320=CARTESIAN_POINT('',(-41.25,13.9328512316634,60.4426728799356));
#13321=CARTESIAN_POINT('',(-41.25,13.9328512316634,60.4426728799356));
#13322=CARTESIAN_POINT('Origin',(-41.25,13.7277692374627,62.1625395537376));
#13323=CARTESIAN_POINT('',(-41.25,13.7277692374627,62.1625395537376));
#13324=CARTESIAN_POINT('',(-41.25,13.7277692374627,62.1625395537376));
#13325=CARTESIAN_POINT('',(-41.25,13.7277692374627,62.1625395537376));
#13326=CARTESIAN_POINT('Origin',(-41.25,12.1357800097276,62.844866673802));
#13327=CARTESIAN_POINT('',(-41.25,12.1357800097276,62.844866673802));
#13328=CARTESIAN_POINT('Origin',(-41.25,12.3408620039283,61.125));
#13329=CARTESIAN_POINT('Origin',(121.75,36.7500000000001,99.2999999999999));
#13330=CARTESIAN_POINT('',(121.749999999999,38.7500000000001,99.2999999999999));
#13331=CARTESIAN_POINT('Origin',(121.75,36.7500000000001,99.2999999999999));
#13332=CARTESIAN_POINT('',(121.749999999999,38.7500000000001,83.6899999999999));
#13333=CARTESIAN_POINT('',(121.749999999999,38.7500000000001,99.2999999999999));
#13334=CARTESIAN_POINT('Origin',(121.75,36.7500000000001,83.6899999999999));
#13335=CARTESIAN_POINT('Origin',(121.75,36.7500000000001,83.6899999999999));
#13336=CARTESIAN_POINT('',(121.749999999999,38.3600000000001,83.3));
#13337=CARTESIAN_POINT('',(121.749999999999,38.7500000000001,83.6899999999999));
#13338=CARTESIAN_POINT('Origin',(121.75,36.7500000000001,83.3));
#13339=CARTESIAN_POINT('Origin',(121.75,36.7500000000001,99.2999999999999));
#13340=CARTESIAN_POINT('',(121.749999999998,40.2500000000001,103.3));
#13341=CARTESIAN_POINT('Origin',(121.75,36.7500000000001,103.3));
#13342=CARTESIAN_POINT('',(121.749999999998,40.2500000000001,99.2999999999999));
#13343=CARTESIAN_POINT('',(121.749999999998,40.2500000000001,99.2999999999999));
#13344=CARTESIAN_POINT('Origin',(121.75,36.7500000000001,99.2999999999999));
#13345=CARTESIAN_POINT('Origin',(121.75,36.7500000000001,99.2999999999999));
#13346=CARTESIAN_POINT('Origin',(121.75,36.7500000000001,103.3));
#13347=CARTESIAN_POINT('',(122.616025403783,38.2500000000007,103.3));
#13348=CARTESIAN_POINT('',(120.883974596214,38.2499999999995,103.3));
#13349=CARTESIAN_POINT('',(122.616025403783,38.2500000000007,103.3));
#13350=CARTESIAN_POINT('',(123.482050807569,36.7500000000013,103.3));
#13351=CARTESIAN_POINT('',(123.482050807569,36.7500000000013,103.3));
#13352=CARTESIAN_POINT('',(122.616025403785,35.2500000000007,103.3));
#13353=CARTESIAN_POINT('',(122.616025403785,35.2500000000007,103.3));
#13354=CARTESIAN_POINT('',(120.883974596217,35.2499999999995,103.3));
#13355=CARTESIAN_POINT('',(120.883974596217,35.2499999999995,103.3));
#13356=CARTESIAN_POINT('',(120.017949192431,36.7499999999989,103.3));
#13357=CARTESIAN_POINT('',(120.017949192431,36.7499999999989,103.3));
#13358=CARTESIAN_POINT('',(120.883974596214,38.2499999999995,103.3));
#13359=CARTESIAN_POINT('Origin',(123.36,36.7500000000012,83.3));
#13360=CARTESIAN_POINT('Origin',(123.482050807569,36.7500000000013,101.3));
#13361=CARTESIAN_POINT('',(122.616025403783,38.2500000000007,101.3));
#13362=CARTESIAN_POINT('',(122.616025403783,38.2500000000007,101.3));
#13363=CARTESIAN_POINT('',(123.482050807569,36.7500000000013,101.3));
#13364=CARTESIAN_POINT('',(123.482050807569,36.7500000000013,101.3));
#13365=CARTESIAN_POINT('',(123.482050807569,36.7500000000013,101.3));
#13366=CARTESIAN_POINT('Origin',(122.616025403785,35.2500000000007,101.3));
#13367=CARTESIAN_POINT('',(122.616025403785,35.2500000000007,101.3));
#13368=CARTESIAN_POINT('',(122.616025403785,35.2500000000007,101.3));
#13369=CARTESIAN_POINT('',(122.616025403785,35.2500000000007,101.3));
#13370=CARTESIAN_POINT('Origin',(120.883974596217,35.2499999999995,101.3));
#13371=CARTESIAN_POINT('',(120.883974596217,35.2499999999995,101.3));
#13372=CARTESIAN_POINT('',(120.883974596217,35.2499999999995,101.3));
#13373=CARTESIAN_POINT('',(120.883974596217,35.2499999999995,101.3));
#13374=CARTESIAN_POINT('Origin',(120.017949192431,36.7499999999989,101.3));
#13375=CARTESIAN_POINT('',(120.017949192431,36.7499999999989,101.3));
#13376=CARTESIAN_POINT('',(120.017949192431,36.7499999999989,101.3));
#13377=CARTESIAN_POINT('',(120.017949192431,36.7499999999989,101.3));
#13378=CARTESIAN_POINT('Origin',(120.883974596214,38.2499999999995,101.3));
#13379=CARTESIAN_POINT('',(120.883974596214,38.2499999999995,101.3));
#13380=CARTESIAN_POINT('',(120.883974596214,38.2499999999995,101.3));
#13381=CARTESIAN_POINT('',(120.883974596214,38.2499999999995,101.3));
#13382=CARTESIAN_POINT('Origin',(122.616025403783,38.2500000000007,101.3));
#13383=CARTESIAN_POINT('',(122.616025403783,38.2500000000007,101.3));
#13384=CARTESIAN_POINT('Origin',(121.75,36.7500000000001,101.3));
#13385=CARTESIAN_POINT('Origin',(121.75,-36.7499999999999,99.3));
#13386=CARTESIAN_POINT('',(121.749999999999,-34.7499999999999,99.3));
#13387=CARTESIAN_POINT('Origin',(121.75,-36.7499999999999,99.3));
#13388=CARTESIAN_POINT('',(121.749999999999,-34.7499999999999,83.69));
#13389=CARTESIAN_POINT('',(121.749999999999,-34.7499999999999,99.3));
#13390=CARTESIAN_POINT('Origin',(121.75,-36.7499999999999,83.69));
#13391=CARTESIAN_POINT('Origin',(121.75,-36.7499999999999,83.69));
#13392=CARTESIAN_POINT('',(121.749999999999,-35.1399999999999,83.3));
#13393=CARTESIAN_POINT('',(121.749999999999,-34.7499999999999,83.69));
#13394=CARTESIAN_POINT('Origin',(121.75,-36.7499999999999,83.3));
#13395=CARTESIAN_POINT('Origin',(121.75,-36.7499999999999,99.3));
#13396=CARTESIAN_POINT('',(121.749999999998,-33.2499999999999,103.3));
#13397=CARTESIAN_POINT('Origin',(121.75,-36.7499999999999,103.3));
#13398=CARTESIAN_POINT('',(121.749999999998,-33.2499999999999,99.3));
#13399=CARTESIAN_POINT('',(121.749999999998,-33.2499999999999,99.3));
#13400=CARTESIAN_POINT('Origin',(121.75,-36.7499999999999,99.3));
#13401=CARTESIAN_POINT('Origin',(121.75,-36.7499999999999,99.3));
#13402=CARTESIAN_POINT('Origin',(121.75,-36.7499999999999,103.3));
#13403=CARTESIAN_POINT('',(122.616025403783,-35.2499999999993,103.3));
#13404=CARTESIAN_POINT('',(120.883974596215,-35.2500000000005,103.3));
#13405=CARTESIAN_POINT('',(122.616025403783,-35.2499999999993,103.3));
#13406=CARTESIAN_POINT('',(123.482050807569,-36.7499999999987,103.3));
#13407=CARTESIAN_POINT('',(123.482050807569,-36.7499999999987,103.3));
#13408=CARTESIAN_POINT('',(122.616025403786,-38.2499999999993,103.3));
#13409=CARTESIAN_POINT('',(122.616025403786,-38.2499999999993,103.3));
#13410=CARTESIAN_POINT('',(120.883974596217,-38.2500000000005,103.3));
#13411=CARTESIAN_POINT('',(120.883974596217,-38.2500000000005,103.3));
#13412=CARTESIAN_POINT('',(120.017949192431,-36.7500000000011,103.3));
#13413=CARTESIAN_POINT('',(120.017949192431,-36.7500000000011,103.3));
#13414=CARTESIAN_POINT('',(120.883974596215,-35.2500000000005,103.3));
#13415=CARTESIAN_POINT('Origin',(123.36,-36.7499999999988,83.3));
#13416=CARTESIAN_POINT('Origin',(123.482050807569,-36.7499999999987,101.3));
#13417=CARTESIAN_POINT('',(122.616025403783,-35.2499999999993,101.3));
#13418=CARTESIAN_POINT('',(122.616025403783,-35.2499999999993,101.3));
#13419=CARTESIAN_POINT('',(123.482050807569,-36.7499999999987,101.3));
#13420=CARTESIAN_POINT('',(123.482050807569,-36.7499999999987,101.3));
#13421=CARTESIAN_POINT('',(123.482050807569,-36.7499999999987,101.3));
#13422=CARTESIAN_POINT('Origin',(122.616025403786,-38.2499999999993,101.3));
#13423=CARTESIAN_POINT('',(122.616025403786,-38.2499999999993,101.3));
#13424=CARTESIAN_POINT('',(122.616025403786,-38.2499999999993,101.3));
#13425=CARTESIAN_POINT('',(122.616025403786,-38.2499999999993,101.3));
#13426=CARTESIAN_POINT('Origin',(120.883974596217,-38.2500000000005,101.3));
#13427=CARTESIAN_POINT('',(120.883974596217,-38.2500000000005,101.3));
#13428=CARTESIAN_POINT('',(120.883974596217,-38.2500000000005,101.3));
#13429=CARTESIAN_POINT('',(120.883974596217,-38.2500000000005,101.3));
#13430=CARTESIAN_POINT('Origin',(120.017949192431,-36.7500000000011,101.3));
#13431=CARTESIAN_POINT('',(120.017949192431,-36.7500000000011,101.3));
#13432=CARTESIAN_POINT('',(120.017949192431,-36.7500000000011,101.3));
#13433=CARTESIAN_POINT('',(120.017949192431,-36.7500000000011,101.3));
#13434=CARTESIAN_POINT('Origin',(120.883974596215,-35.2500000000005,101.3));
#13435=CARTESIAN_POINT('',(120.883974596215,-35.2500000000005,101.3));
#13436=CARTESIAN_POINT('',(120.883974596215,-35.2500000000005,101.3));
#13437=CARTESIAN_POINT('',(120.883974596215,-35.2500000000005,101.3));
#13438=CARTESIAN_POINT('Origin',(122.616025403783,-35.2499999999993,101.3));
#13439=CARTESIAN_POINT('',(122.616025403783,-35.2499999999993,101.3));
#13440=CARTESIAN_POINT('Origin',(121.75,-36.7499999999999,101.3));
#13441=CARTESIAN_POINT('Origin',(95.7638257913944,25.9861742086057,99.2999999999999));
#13442=CARTESIAN_POINT('',(95.763825791393,27.9861742086057,99.2999999999999));
#13443=CARTESIAN_POINT('Origin',(95.7638257913944,25.9861742086057,99.2999999999999));
#13444=CARTESIAN_POINT('',(95.763825791393,27.9861742086057,83.6899999999999));
#13445=CARTESIAN_POINT('',(95.763825791393,27.9861742086057,99.2999999999999));
#13446=CARTESIAN_POINT('Origin',(95.7638257913944,25.9861742086057,83.6899999999999));
#13447=CARTESIAN_POINT('Origin',(95.7638257913944,25.9861742086057,83.6899999999999));
#13448=CARTESIAN_POINT('',(95.7638257913932,27.5961742086057,83.3));
#13449=CARTESIAN_POINT('',(95.763825791393,27.9861742086057,83.6899999999999));
#13450=CARTESIAN_POINT('Origin',(95.7638257913944,25.9861742086057,83.3));
#13451=CARTESIAN_POINT('Origin',(95.7638257913944,25.9861742086057,99.2999999999999));
#13452=CARTESIAN_POINT('',(95.7638257913919,29.4861742086057,103.3));
#13453=CARTESIAN_POINT('Origin',(95.7638257913944,25.9861742086057,103.3));
#13454=CARTESIAN_POINT('',(95.7638257913919,29.4861742086057,99.2999999999999));
#13455=CARTESIAN_POINT('',(95.7638257913919,29.4861742086057,99.2999999999999));
#13456=CARTESIAN_POINT('Origin',(95.7638257913944,25.9861742086057,99.2999999999999));
#13457=CARTESIAN_POINT('Origin',(95.7638257913944,25.9861742086057,99.2999999999999));
#13458=CARTESIAN_POINT('Origin',(95.7638257913944,25.9861742086057,103.3));
#13459=CARTESIAN_POINT('',(96.6298511951778,27.4861742086063,103.3));
#13460=CARTESIAN_POINT('',(94.8978003876089,27.4861742086051,103.3));
#13461=CARTESIAN_POINT('',(96.6298511951778,27.4861742086063,103.3));
#13462=CARTESIAN_POINT('',(97.4958765989633,25.9861742086069,103.3));
#13463=CARTESIAN_POINT('',(97.4958765989633,25.9861742086069,103.3));
#13464=CARTESIAN_POINT('',(96.6298511951799,24.4861742086063,103.3));
#13465=CARTESIAN_POINT('',(96.6298511951799,24.4861742086063,103.3));
#13466=CARTESIAN_POINT('',(94.897800387611,24.4861742086051,103.3));
#13467=CARTESIAN_POINT('',(94.897800387611,24.4861742086051,103.3));
#13468=CARTESIAN_POINT('',(94.0317749838255,25.9861742086045,103.3));
#13469=CARTESIAN_POINT('',(94.0317749838255,25.9861742086045,103.3));
#13470=CARTESIAN_POINT('',(94.8978003876089,27.4861742086051,103.3));
#13471=CARTESIAN_POINT('Origin',(97.3738257913944,25.9861742086068,83.3));
#13472=CARTESIAN_POINT('Origin',(97.4958765989633,25.9861742086069,101.3));
#13473=CARTESIAN_POINT('',(96.6298511951778,27.4861742086063,101.3));
#13474=CARTESIAN_POINT('',(96.6298511951778,27.4861742086063,101.3));
#13475=CARTESIAN_POINT('',(97.4958765989633,25.9861742086069,101.3));
#13476=CARTESIAN_POINT('',(97.4958765989633,25.9861742086069,101.3));
#13477=CARTESIAN_POINT('',(97.4958765989633,25.9861742086069,101.3));
#13478=CARTESIAN_POINT('Origin',(96.6298511951799,24.4861742086063,101.3));
#13479=CARTESIAN_POINT('',(96.6298511951799,24.4861742086063,101.3));
#13480=CARTESIAN_POINT('',(96.6298511951799,24.4861742086063,101.3));
#13481=CARTESIAN_POINT('',(96.6298511951799,24.4861742086063,101.3));
#13482=CARTESIAN_POINT('Origin',(94.897800387611,24.4861742086051,101.3));
#13483=CARTESIAN_POINT('',(94.897800387611,24.4861742086051,101.3));
#13484=CARTESIAN_POINT('',(94.897800387611,24.4861742086051,101.3));
#13485=CARTESIAN_POINT('',(94.897800387611,24.4861742086051,101.3));
#13486=CARTESIAN_POINT('Origin',(94.0317749838255,25.9861742086045,101.3));
#13487=CARTESIAN_POINT('',(94.0317749838255,25.9861742086045,101.3));
#13488=CARTESIAN_POINT('',(94.0317749838255,25.9861742086045,101.3));
#13489=CARTESIAN_POINT('',(94.0317749838255,25.9861742086045,101.3));
#13490=CARTESIAN_POINT('Origin',(94.8978003876089,27.4861742086051,101.3));
#13491=CARTESIAN_POINT('',(94.8978003876089,27.4861742086051,101.3));
#13492=CARTESIAN_POINT('',(94.8978003876089,27.4861742086051,101.3));
#13493=CARTESIAN_POINT('',(94.8978003876089,27.4861742086051,101.3));
#13494=CARTESIAN_POINT('Origin',(96.6298511951778,27.4861742086063,101.3));
#13495=CARTESIAN_POINT('',(96.6298511951778,27.4861742086063,101.3));
#13496=CARTESIAN_POINT('Origin',(95.7638257913944,25.9861742086057,101.3));
#13497=CARTESIAN_POINT('Origin',(85.,8.17124146124115E-14,99.3));
#13498=CARTESIAN_POINT('',(84.9999999999986,2.00000000000008,99.3));
#13499=CARTESIAN_POINT('Origin',(85.,8.17124146124115E-14,99.3));
#13500=CARTESIAN_POINT('',(84.9999999999986,2.00000000000007,83.69));
#13501=CARTESIAN_POINT('',(84.9999999999986,2.00000000000008,99.3));
#13502=CARTESIAN_POINT('Origin',(85.,7.5646711117372E-14,83.69));
#13503=CARTESIAN_POINT('Origin',(85.,7.5646711117372E-14,83.69));
#13504=CARTESIAN_POINT('',(84.9999999999989,1.61000000000007,83.3));
#13505=CARTESIAN_POINT('',(84.9999999999986,2.00000000000007,83.69));
#13506=CARTESIAN_POINT('Origin',(85.,7.54951656745106E-14,83.3));
#13507=CARTESIAN_POINT('Origin',(85.,8.17124146124115E-14,99.3));
#13508=CARTESIAN_POINT('',(84.9999999999976,3.50000000000008,103.3));
#13509=CARTESIAN_POINT('Origin',(85.,8.32667268468867E-14,103.3));
#13510=CARTESIAN_POINT('',(84.9999999999976,3.50000000000008,99.3));
#13511=CARTESIAN_POINT('',(84.9999999999976,3.50000000000008,99.3));
#13512=CARTESIAN_POINT('Origin',(85.,8.17124146124115E-14,99.3));
#13513=CARTESIAN_POINT('Origin',(85.,8.17124146124115E-14,99.3));
#13514=CARTESIAN_POINT('Origin',(85.,8.32667268468867E-14,103.3));
#13515=CARTESIAN_POINT('',(85.8660254037834,1.50000000000069,103.3));
#13516=CARTESIAN_POINT('',(84.1339745962145,1.49999999999947,103.3));
#13517=CARTESIAN_POINT('',(85.8660254037834,1.50000000000069,103.3));
#13518=CARTESIAN_POINT('',(86.7320508075689,1.30426840247049E-12,103.3));
#13519=CARTESIAN_POINT('',(86.7320508075689,1.30426840247049E-12,103.3));
#13520=CARTESIAN_POINT('',(85.8660254037855,-1.49999999999931,103.3));
#13521=CARTESIAN_POINT('',(85.8660254037855,-1.49999999999931,103.3));
#13522=CARTESIAN_POINT('',(84.1339745962166,-1.50000000000053,103.3));
#13523=CARTESIAN_POINT('',(84.1339745962166,-1.50000000000053,103.3));
#13524=CARTESIAN_POINT('',(83.2679491924311,-1.13701319729177E-12,103.3));
#13525=CARTESIAN_POINT('',(83.2679491924311,-1.13701319729177E-12,103.3));
#13526=CARTESIAN_POINT('',(84.1339745962145,1.49999999999947,103.3));
#13527=CARTESIAN_POINT('Origin',(86.61,1.21018957525906E-12,83.3));
#13528=CARTESIAN_POINT('Origin',(86.7320508075689,1.30349124635325E-12,
101.3));
#13529=CARTESIAN_POINT('',(85.8660254037834,1.50000000000069,101.3));
#13530=CARTESIAN_POINT('',(85.8660254037834,1.50000000000069,101.3));
#13531=CARTESIAN_POINT('',(86.7320508075689,1.30349124635325E-12,101.3));
#13532=CARTESIAN_POINT('',(86.7320508075689,1.30349124635325E-12,101.3));
#13533=CARTESIAN_POINT('',(86.7320508075689,1.30349124635325E-12,101.3));
#13534=CARTESIAN_POINT('Origin',(85.8660254037855,-1.49999999999931,101.3));
#13535=CARTESIAN_POINT('',(85.8660254037855,-1.49999999999931,101.3));
#13536=CARTESIAN_POINT('',(85.8660254037855,-1.49999999999931,101.3));
#13537=CARTESIAN_POINT('',(85.8660254037855,-1.49999999999931,101.3));
#13538=CARTESIAN_POINT('Origin',(84.1339745962166,-1.50000000000053,101.3));
#13539=CARTESIAN_POINT('',(84.1339745962166,-1.50000000000053,101.3));
#13540=CARTESIAN_POINT('',(84.1339745962166,-1.50000000000053,101.3));
#13541=CARTESIAN_POINT('',(84.1339745962166,-1.50000000000053,101.3));
#13542=CARTESIAN_POINT('Origin',(83.2679491924311,-1.13779035340901E-12,
101.3));
#13543=CARTESIAN_POINT('',(83.2679491924311,-1.13779035340901E-12,101.3));
#13544=CARTESIAN_POINT('',(83.2679491924311,-1.13779035340901E-12,101.3));
#13545=CARTESIAN_POINT('',(83.2679491924311,-1.13779035340901E-12,101.3));
#13546=CARTESIAN_POINT('Origin',(84.1339745962145,1.49999999999947,101.3));
#13547=CARTESIAN_POINT('',(84.1339745962145,1.49999999999947,101.3));
#13548=CARTESIAN_POINT('',(84.1339745962145,1.49999999999947,101.3));
#13549=CARTESIAN_POINT('',(84.1339745962145,1.49999999999947,101.3));
#13550=CARTESIAN_POINT('Origin',(85.8660254037834,1.50000000000069,101.3));
#13551=CARTESIAN_POINT('',(85.8660254037834,1.50000000000069,101.3));
#13552=CARTESIAN_POINT('Origin',(85.,8.24895707296491E-14,101.3));
#13553=CARTESIAN_POINT('Origin',(95.7638257913944,-25.9861742086055,99.3));
#13554=CARTESIAN_POINT('',(95.763825791393,-23.9861742086055,99.3));
#13555=CARTESIAN_POINT('Origin',(95.7638257913944,-25.9861742086055,99.3));
#13556=CARTESIAN_POINT('',(95.763825791393,-23.9861742086055,83.69));
#13557=CARTESIAN_POINT('',(95.763825791393,-23.9861742086055,99.3));
#13558=CARTESIAN_POINT('Origin',(95.7638257913944,-25.9861742086055,83.69));
#13559=CARTESIAN_POINT('Origin',(95.7638257913944,-25.9861742086055,83.69));
#13560=CARTESIAN_POINT('',(95.7638257913933,-24.3761742086056,83.3));
#13561=CARTESIAN_POINT('',(95.763825791393,-23.9861742086056,83.69));
#13562=CARTESIAN_POINT('Origin',(95.7638257913944,-25.9861742086055,83.3));
#13563=CARTESIAN_POINT('Origin',(95.7638257913944,-25.9861742086055,99.3));
#13564=CARTESIAN_POINT('',(95.7638257913919,-22.4861742086055,103.3));
#13565=CARTESIAN_POINT('Origin',(95.7638257913944,-25.9861742086055,103.3));
#13566=CARTESIAN_POINT('',(95.7638257913919,-22.4861742086055,99.3));
#13567=CARTESIAN_POINT('',(95.7638257913919,-22.4861742086055,99.3));
#13568=CARTESIAN_POINT('Origin',(95.7638257913944,-25.9861742086055,99.3));
#13569=CARTESIAN_POINT('Origin',(95.7638257913944,-25.9861742086055,99.3));
#13570=CARTESIAN_POINT('Origin',(95.7638257913944,-25.9861742086055,103.3));
#13571=CARTESIAN_POINT('',(96.6298511951778,-24.4861742086049,103.3));
#13572=CARTESIAN_POINT('',(94.8978003876089,-24.4861742086061,103.3));
#13573=CARTESIAN_POINT('',(96.6298511951778,-24.4861742086049,103.3));
#13574=CARTESIAN_POINT('',(97.4958765989633,-25.9861742086043,103.3));
#13575=CARTESIAN_POINT('',(97.4958765989633,-25.9861742086043,103.3));
#13576=CARTESIAN_POINT('',(96.6298511951799,-27.4861742086049,103.3));
#13577=CARTESIAN_POINT('',(96.6298511951799,-27.4861742086049,103.3));
#13578=CARTESIAN_POINT('',(94.897800387611,-27.4861742086062,103.3));
#13579=CARTESIAN_POINT('',(94.897800387611,-27.4861742086062,103.3));
#13580=CARTESIAN_POINT('',(94.0317749838255,-25.9861742086068,103.3));
#13581=CARTESIAN_POINT('',(94.0317749838255,-25.9861742086068,103.3));
#13582=CARTESIAN_POINT('',(94.8978003876089,-24.4861742086061,103.3));
#13583=CARTESIAN_POINT('Origin',(97.3738257913944,-25.9861742086044,83.3));
#13584=CARTESIAN_POINT('Origin',(97.4958765989633,-25.9861742086043,101.3));
#13585=CARTESIAN_POINT('',(96.6298511951778,-24.4861742086049,101.3));
#13586=CARTESIAN_POINT('',(96.6298511951778,-24.4861742086049,101.3));
#13587=CARTESIAN_POINT('',(97.4958765989633,-25.9861742086043,101.3));
#13588=CARTESIAN_POINT('',(97.4958765989633,-25.9861742086043,101.3));
#13589=CARTESIAN_POINT('',(97.4958765989633,-25.9861742086043,101.3));
#13590=CARTESIAN_POINT('Origin',(96.6298511951799,-27.4861742086049,101.3));
#13591=CARTESIAN_POINT('',(96.6298511951799,-27.4861742086049,101.3));
#13592=CARTESIAN_POINT('',(96.6298511951799,-27.4861742086049,101.3));
#13593=CARTESIAN_POINT('',(96.6298511951799,-27.4861742086049,101.3));
#13594=CARTESIAN_POINT('Origin',(94.897800387611,-27.4861742086062,101.3));
#13595=CARTESIAN_POINT('',(94.897800387611,-27.4861742086062,101.3));
#13596=CARTESIAN_POINT('',(94.897800387611,-27.4861742086062,101.3));
#13597=CARTESIAN_POINT('',(94.897800387611,-27.4861742086062,101.3));
#13598=CARTESIAN_POINT('Origin',(94.0317749838255,-25.9861742086068,101.3));
#13599=CARTESIAN_POINT('',(94.0317749838255,-25.9861742086068,101.3));
#13600=CARTESIAN_POINT('',(94.0317749838255,-25.9861742086068,101.3));
#13601=CARTESIAN_POINT('',(94.0317749838255,-25.9861742086068,101.3));
#13602=CARTESIAN_POINT('Origin',(94.8978003876089,-24.4861742086061,101.3));
#13603=CARTESIAN_POINT('',(94.8978003876089,-24.4861742086061,101.3));
#13604=CARTESIAN_POINT('',(94.8978003876089,-24.4861742086061,101.3));
#13605=CARTESIAN_POINT('',(94.8978003876089,-24.4861742086061,101.3));
#13606=CARTESIAN_POINT('Origin',(96.6298511951778,-24.4861742086049,101.3));
#13607=CARTESIAN_POINT('',(96.6298511951778,-24.4861742086049,101.3));
#13608=CARTESIAN_POINT('Origin',(95.7638257913944,-25.9861742086055,101.3));
#13609=CARTESIAN_POINT('Origin',(-128.25,36.75,93.5));
#13610=CARTESIAN_POINT('',(-128.25,38.75,93.5));
#13611=CARTESIAN_POINT('Origin',(-128.25,36.75,93.5));
#13612=CARTESIAN_POINT('',(-128.25,38.75,77.89));
#13613=CARTESIAN_POINT('',(-128.25,38.75,93.5));
#13614=CARTESIAN_POINT('Origin',(-128.25,36.75,77.89));
#13615=CARTESIAN_POINT('Origin',(-128.25,36.75,77.89));
#13616=CARTESIAN_POINT('',(-128.25,38.36,77.5));
#13617=CARTESIAN_POINT('',(-128.25,38.75,77.89));
#13618=CARTESIAN_POINT('Origin',(-128.25,36.75,77.5));
#13619=CARTESIAN_POINT('Origin',(-128.25,36.75,93.5));
#13620=CARTESIAN_POINT('',(-128.25,40.25,97.5));
#13621=CARTESIAN_POINT('Origin',(-128.25,36.75,97.5));
#13622=CARTESIAN_POINT('',(-128.25,40.25,93.5));
#13623=CARTESIAN_POINT('',(-128.25,40.25,93.5));
#13624=CARTESIAN_POINT('Origin',(-128.25,36.75,93.5));
#13625=CARTESIAN_POINT('Origin',(-128.25,36.75,93.5));
#13626=CARTESIAN_POINT('Origin',(-128.25,36.75,97.5));
#13627=CARTESIAN_POINT('',(-127.383974596216,38.25,97.5));
#13628=CARTESIAN_POINT('',(-129.116025403784,38.25,97.5));
#13629=CARTESIAN_POINT('',(-127.383974596216,38.25,97.5));
#13630=CARTESIAN_POINT('',(-126.517949192431,36.75,97.5));
#13631=CARTESIAN_POINT('',(-126.517949192431,36.75,97.5));
#13632=CARTESIAN_POINT('',(-127.383974596216,35.25,97.5));
#13633=CARTESIAN_POINT('',(-127.383974596216,35.25,97.5));
#13634=CARTESIAN_POINT('',(-129.116025403784,35.25,97.5));
#13635=CARTESIAN_POINT('',(-129.116025403784,35.25,97.5));
#13636=CARTESIAN_POINT('',(-129.982050807569,36.75,97.5));
#13637=CARTESIAN_POINT('',(-129.982050807569,36.75,97.5));
#13638=CARTESIAN_POINT('',(-129.116025403784,38.25,97.5));
#13639=CARTESIAN_POINT('Origin',(-126.64,36.75,77.5));
#13640=CARTESIAN_POINT('Origin',(-126.517949192431,36.75,95.5));
#13641=CARTESIAN_POINT('',(-127.383974596216,38.25,95.5));
#13642=CARTESIAN_POINT('',(-127.383974596216,38.25,95.5));
#13643=CARTESIAN_POINT('',(-126.517949192431,36.75,95.5));
#13644=CARTESIAN_POINT('',(-126.517949192431,36.75,95.5));
#13645=CARTESIAN_POINT('',(-126.517949192431,36.75,95.5));
#13646=CARTESIAN_POINT('Origin',(-127.383974596216,35.25,95.5));
#13647=CARTESIAN_POINT('',(-127.383974596216,35.25,95.5));
#13648=CARTESIAN_POINT('',(-127.383974596216,35.25,95.5));
#13649=CARTESIAN_POINT('',(-127.383974596216,35.25,95.5));
#13650=CARTESIAN_POINT('Origin',(-129.116025403784,35.25,95.5));
#13651=CARTESIAN_POINT('',(-129.116025403784,35.25,95.5));
#13652=CARTESIAN_POINT('',(-129.116025403784,35.25,95.5));
#13653=CARTESIAN_POINT('',(-129.116025403784,35.25,95.5));
#13654=CARTESIAN_POINT('Origin',(-129.982050807569,36.75,95.5));
#13655=CARTESIAN_POINT('',(-129.982050807569,36.75,95.5));
#13656=CARTESIAN_POINT('',(-129.982050807569,36.75,95.5));
#13657=CARTESIAN_POINT('',(-129.982050807569,36.75,95.5));
#13658=CARTESIAN_POINT('Origin',(-129.116025403784,38.25,95.5));
#13659=CARTESIAN_POINT('',(-129.116025403784,38.25,95.5));
#13660=CARTESIAN_POINT('',(-129.116025403784,38.25,95.5));
#13661=CARTESIAN_POINT('',(-129.116025403784,38.25,95.5));
#13662=CARTESIAN_POINT('Origin',(-127.383974596216,38.25,95.5));
#13663=CARTESIAN_POINT('',(-127.383974596216,38.25,95.5));
#13664=CARTESIAN_POINT('Origin',(-128.25,36.75,95.5));
#13665=CARTESIAN_POINT('Origin',(-102.263825791394,-25.9861742086057,93.5));
#13666=CARTESIAN_POINT('',(-102.263825791394,-23.9861742086057,93.5));
#13667=CARTESIAN_POINT('Origin',(-102.263825791394,-25.9861742086057,93.5));
#13668=CARTESIAN_POINT('',(-102.263825791394,-23.9861742086057,77.89));
#13669=CARTESIAN_POINT('',(-102.263825791394,-23.9861742086057,93.5));
#13670=CARTESIAN_POINT('Origin',(-102.263825791394,-25.9861742086057,77.89));
#13671=CARTESIAN_POINT('Origin',(-102.263825791394,-25.9861742086057,77.89));
#13672=CARTESIAN_POINT('',(-102.263825791394,-24.3761742086057,77.5));
#13673=CARTESIAN_POINT('',(-102.263825791394,-23.9861742086057,77.89));
#13674=CARTESIAN_POINT('Origin',(-102.263825791394,-25.9861742086057,77.5));
#13675=CARTESIAN_POINT('Origin',(-102.263825791394,-25.9861742086057,93.5));
#13676=CARTESIAN_POINT('',(-102.263825791394,-22.4861742086057,97.5));
#13677=CARTESIAN_POINT('Origin',(-102.263825791394,-25.9861742086057,97.5));
#13678=CARTESIAN_POINT('',(-102.263825791394,-22.4861742086057,93.5));
#13679=CARTESIAN_POINT('',(-102.263825791394,-22.4861742086057,93.5));
#13680=CARTESIAN_POINT('Origin',(-102.263825791394,-25.9861742086057,93.5));
#13681=CARTESIAN_POINT('Origin',(-102.263825791394,-25.9861742086057,93.5));
#13682=CARTESIAN_POINT('Origin',(-102.263825791394,-25.9861742086057,97.5));
#13683=CARTESIAN_POINT('',(-101.39780038761,-24.4861742086057,97.5));
#13684=CARTESIAN_POINT('',(-103.129851195179,-24.4861742086057,97.5));
#13685=CARTESIAN_POINT('',(-101.39780038761,-24.4861742086057,97.5));
#13686=CARTESIAN_POINT('',(-100.531774983825,-25.9861742086057,97.5));
#13687=CARTESIAN_POINT('',(-100.531774983825,-25.9861742086057,97.5));
#13688=CARTESIAN_POINT('',(-101.39780038761,-27.4861742086057,97.5));
#13689=CARTESIAN_POINT('',(-101.39780038761,-27.4861742086057,97.5));
#13690=CARTESIAN_POINT('',(-103.129851195179,-27.4861742086057,97.5));
#13691=CARTESIAN_POINT('',(-103.129851195179,-27.4861742086057,97.5));
#13692=CARTESIAN_POINT('',(-103.995876598963,-25.9861742086057,97.5));
#13693=CARTESIAN_POINT('',(-103.995876598963,-25.9861742086057,97.5));
#13694=CARTESIAN_POINT('',(-103.129851195179,-24.4861742086057,97.5));
#13695=CARTESIAN_POINT('Origin',(-100.653825791394,-25.9861742086057,77.5));
#13696=CARTESIAN_POINT('Origin',(-100.531774983825,-25.9861742086057,95.5));
#13697=CARTESIAN_POINT('',(-101.39780038761,-24.4861742086057,95.5));
#13698=CARTESIAN_POINT('',(-101.39780038761,-24.4861742086057,95.5));
#13699=CARTESIAN_POINT('',(-100.531774983825,-25.9861742086057,95.5));
#13700=CARTESIAN_POINT('',(-100.531774983825,-25.9861742086057,95.5));
#13701=CARTESIAN_POINT('',(-100.531774983825,-25.9861742086057,95.5));
#13702=CARTESIAN_POINT('Origin',(-101.39780038761,-27.4861742086057,95.5));
#13703=CARTESIAN_POINT('',(-101.39780038761,-27.4861742086057,95.5));
#13704=CARTESIAN_POINT('',(-101.39780038761,-27.4861742086057,95.5));
#13705=CARTESIAN_POINT('',(-101.39780038761,-27.4861742086057,95.5));
#13706=CARTESIAN_POINT('Origin',(-103.129851195179,-27.4861742086057,95.5));
#13707=CARTESIAN_POINT('',(-103.129851195179,-27.4861742086057,95.5));
#13708=CARTESIAN_POINT('',(-103.129851195179,-27.4861742086057,95.5));
#13709=CARTESIAN_POINT('',(-103.129851195179,-27.4861742086057,95.5));
#13710=CARTESIAN_POINT('Origin',(-103.995876598963,-25.9861742086057,95.5));
#13711=CARTESIAN_POINT('',(-103.995876598963,-25.9861742086057,95.5));
#13712=CARTESIAN_POINT('',(-103.995876598963,-25.9861742086057,95.5));
#13713=CARTESIAN_POINT('',(-103.995876598963,-25.9861742086057,95.5));
#13714=CARTESIAN_POINT('Origin',(-103.129851195179,-24.4861742086057,95.5));
#13715=CARTESIAN_POINT('',(-103.129851195179,-24.4861742086057,95.5));
#13716=CARTESIAN_POINT('',(-103.129851195179,-24.4861742086057,95.5));
#13717=CARTESIAN_POINT('',(-103.129851195179,-24.4861742086057,95.5));
#13718=CARTESIAN_POINT('Origin',(-101.39780038761,-24.4861742086057,95.5));
#13719=CARTESIAN_POINT('',(-101.39780038761,-24.4861742086057,95.5));
#13720=CARTESIAN_POINT('Origin',(-102.263825791394,-25.9861742086057,95.5));
#13721=CARTESIAN_POINT('Origin',(-91.5,-2.73114864057789E-14,93.5));
#13722=CARTESIAN_POINT('',(-91.5,1.99999999999997,93.5));
#13723=CARTESIAN_POINT('Origin',(-91.5,-2.73114864057789E-14,93.5));
#13724=CARTESIAN_POINT('',(-91.5,1.99999999999997,77.89));
#13725=CARTESIAN_POINT('',(-91.5,1.99999999999997,93.5));
#13726=CARTESIAN_POINT('Origin',(-91.5,-2.5578428264339E-14,77.89));
#13727=CARTESIAN_POINT('Origin',(-91.5,-2.5578428264339E-14,77.89));
#13728=CARTESIAN_POINT('',(-91.5,1.60999999999997,77.5));
#13729=CARTESIAN_POINT('',(-91.5,1.99999999999997,77.89));
#13730=CARTESIAN_POINT('Origin',(-91.5,-2.55351295663786E-14,77.5));
#13731=CARTESIAN_POINT('Origin',(-91.5,-2.73114864057789E-14,93.5));
#13732=CARTESIAN_POINT('',(-91.5,3.49999999999997,97.5));
#13733=CARTESIAN_POINT('Origin',(-91.5,-2.77555756156289E-14,97.5));
#13734=CARTESIAN_POINT('',(-91.5,3.49999999999997,93.5));
#13735=CARTESIAN_POINT('',(-91.5,3.49999999999997,93.5));
#13736=CARTESIAN_POINT('Origin',(-91.5,-2.73114864057789E-14,93.5));
#13737=CARTESIAN_POINT('Origin',(-91.5,-2.73114864057789E-14,93.5));
#13738=CARTESIAN_POINT('Origin',(-91.5,-2.77555756156289E-14,97.5));
#13739=CARTESIAN_POINT('',(-90.6339745962156,1.49999999999997,97.5));
#13740=CARTESIAN_POINT('',(-92.3660254037844,1.49999999999997,97.5));
#13741=CARTESIAN_POINT('',(-90.6339745962156,1.49999999999997,97.5));
#13742=CARTESIAN_POINT('',(-89.7679491924311,-2.7375327062328E-14,97.5));
#13743=CARTESIAN_POINT('',(-89.7679491924311,-2.7375327062328E-14,97.5));
#13744=CARTESIAN_POINT('',(-90.6339745962156,-1.50000000000003,97.5));
#13745=CARTESIAN_POINT('',(-90.6339745962156,-1.50000000000003,97.5));
#13746=CARTESIAN_POINT('',(-92.3660254037844,-1.50000000000003,97.5));
#13747=CARTESIAN_POINT('',(-92.3660254037844,-1.50000000000003,97.5));
#13748=CARTESIAN_POINT('',(-93.2320508075689,-2.7414072683983E-14,97.5));
#13749=CARTESIAN_POINT('',(-93.2320508075689,-2.7414072683983E-14,97.5));
#13750=CARTESIAN_POINT('',(-92.3660254037844,1.49999999999997,97.5));
#13751=CARTESIAN_POINT('Origin',(-89.89,-2.5449756273063E-14,77.5));
#13752=CARTESIAN_POINT('Origin',(-89.7679491924311,-2.71532824574029E-14,
95.5));
#13753=CARTESIAN_POINT('',(-90.6339745962156,1.49999999999997,95.5));
#13754=CARTESIAN_POINT('',(-90.6339745962156,1.49999999999997,95.5));
#13755=CARTESIAN_POINT('',(-89.7679491924311,-2.71532824574029E-14,95.5));
#13756=CARTESIAN_POINT('',(-89.7679491924311,-2.71532824574029E-14,95.5));
#13757=CARTESIAN_POINT('',(-89.7679491924311,-2.71532824574029E-14,95.5));
#13758=CARTESIAN_POINT('Origin',(-90.6339745962156,-1.50000000000003,95.5));
#13759=CARTESIAN_POINT('',(-90.6339745962156,-1.50000000000003,95.5));
#13760=CARTESIAN_POINT('',(-90.6339745962156,-1.50000000000003,95.5));
#13761=CARTESIAN_POINT('',(-90.6339745962156,-1.50000000000003,95.5));
#13762=CARTESIAN_POINT('Origin',(-92.3660254037844,-1.50000000000003,95.5));
#13763=CARTESIAN_POINT('',(-92.3660254037844,-1.50000000000003,95.5));
#13764=CARTESIAN_POINT('',(-92.3660254037844,-1.50000000000003,95.5));
#13765=CARTESIAN_POINT('',(-92.3660254037844,-1.50000000000003,95.5));
#13766=CARTESIAN_POINT('Origin',(-93.2320508075689,-2.71920280790579E-14,
95.5));
#13767=CARTESIAN_POINT('',(-93.2320508075689,-2.71920280790579E-14,95.5));
#13768=CARTESIAN_POINT('',(-93.2320508075689,-2.71920280790579E-14,95.5));
#13769=CARTESIAN_POINT('',(-93.2320508075689,-2.71920280790579E-14,95.5));
#13770=CARTESIAN_POINT('Origin',(-92.3660254037844,1.49999999999997,95.5));
#13771=CARTESIAN_POINT('',(-92.3660254037844,1.49999999999997,95.5));
#13772=CARTESIAN_POINT('',(-92.3660254037844,1.49999999999997,95.5));
#13773=CARTESIAN_POINT('',(-92.3660254037844,1.49999999999997,95.5));
#13774=CARTESIAN_POINT('Origin',(-90.6339745962156,1.49999999999997,95.5));
#13775=CARTESIAN_POINT('',(-90.6339745962156,1.49999999999997,95.5));
#13776=CARTESIAN_POINT('Origin',(-91.5,-2.75335310107039E-14,95.5));
#13777=CARTESIAN_POINT('Origin',(-102.263825791394,25.9861742086056,93.5));
#13778=CARTESIAN_POINT('',(-102.263825791394,27.9861742086056,93.5));
#13779=CARTESIAN_POINT('Origin',(-102.263825791394,25.9861742086056,93.5));
#13780=CARTESIAN_POINT('',(-102.263825791394,27.9861742086056,77.89));
#13781=CARTESIAN_POINT('',(-102.263825791394,27.9861742086056,93.5));
#13782=CARTESIAN_POINT('Origin',(-102.263825791394,25.9861742086056,77.89));
#13783=CARTESIAN_POINT('Origin',(-102.263825791394,25.9861742086056,77.89));
#13784=CARTESIAN_POINT('',(-102.263825791394,27.5961742086056,77.5));
#13785=CARTESIAN_POINT('',(-102.263825791394,27.9861742086056,77.89));
#13786=CARTESIAN_POINT('Origin',(-102.263825791394,25.9861742086056,77.5));
#13787=CARTESIAN_POINT('Origin',(-102.263825791394,25.9861742086056,93.5));
#13788=CARTESIAN_POINT('',(-102.263825791394,29.4861742086056,97.5));
#13789=CARTESIAN_POINT('Origin',(-102.263825791394,25.9861742086056,97.5));
#13790=CARTESIAN_POINT('',(-102.263825791394,29.4861742086056,93.5));
#13791=CARTESIAN_POINT('',(-102.263825791394,29.4861742086056,93.5));
#13792=CARTESIAN_POINT('Origin',(-102.263825791394,25.9861742086056,93.5));
#13793=CARTESIAN_POINT('Origin',(-102.263825791394,25.9861742086056,93.5));
#13794=CARTESIAN_POINT('Origin',(-102.263825791394,25.9861742086056,97.5));
#13795=CARTESIAN_POINT('',(-101.39780038761,27.4861742086056,97.5));
#13796=CARTESIAN_POINT('',(-103.129851195179,27.4861742086056,97.5));
#13797=CARTESIAN_POINT('',(-101.39780038761,27.4861742086056,97.5));
#13798=CARTESIAN_POINT('',(-100.531774983826,25.9861742086056,97.5));
#13799=CARTESIAN_POINT('',(-100.531774983826,25.9861742086056,97.5));
#13800=CARTESIAN_POINT('',(-101.39780038761,24.4861742086056,97.5));
#13801=CARTESIAN_POINT('',(-101.39780038761,24.4861742086056,97.5));
#13802=CARTESIAN_POINT('',(-103.129851195179,24.4861742086056,97.5));
#13803=CARTESIAN_POINT('',(-103.129851195179,24.4861742086056,97.5));
#13804=CARTESIAN_POINT('',(-103.995876598963,25.9861742086056,97.5));
#13805=CARTESIAN_POINT('',(-103.995876598963,25.9861742086056,97.5));
#13806=CARTESIAN_POINT('',(-103.129851195179,27.4861742086056,97.5));
#13807=CARTESIAN_POINT('Origin',(-100.653825791394,25.9861742086056,77.5));
#13808=CARTESIAN_POINT('Origin',(-100.531774983826,25.9861742086056,95.5));
#13809=CARTESIAN_POINT('',(-101.39780038761,27.4861742086056,95.5));
#13810=CARTESIAN_POINT('',(-101.39780038761,27.4861742086056,95.5));
#13811=CARTESIAN_POINT('',(-100.531774983826,25.9861742086056,95.5));
#13812=CARTESIAN_POINT('',(-100.531774983826,25.9861742086056,95.5));
#13813=CARTESIAN_POINT('',(-100.531774983826,25.9861742086056,95.5));
#13814=CARTESIAN_POINT('Origin',(-101.39780038761,24.4861742086056,95.5));
#13815=CARTESIAN_POINT('',(-101.39780038761,24.4861742086056,95.5));
#13816=CARTESIAN_POINT('',(-101.39780038761,24.4861742086056,95.5));
#13817=CARTESIAN_POINT('',(-101.39780038761,24.4861742086056,95.5));
#13818=CARTESIAN_POINT('Origin',(-103.129851195179,24.4861742086056,95.5));
#13819=CARTESIAN_POINT('',(-103.129851195179,24.4861742086056,95.5));
#13820=CARTESIAN_POINT('',(-103.129851195179,24.4861742086056,95.5));
#13821=CARTESIAN_POINT('',(-103.129851195179,24.4861742086056,95.5));
#13822=CARTESIAN_POINT('Origin',(-103.995876598963,25.9861742086056,95.5));
#13823=CARTESIAN_POINT('',(-103.995876598963,25.9861742086056,95.5));
#13824=CARTESIAN_POINT('',(-103.995876598963,25.9861742086056,95.5));
#13825=CARTESIAN_POINT('',(-103.995876598963,25.9861742086056,95.5));
#13826=CARTESIAN_POINT('Origin',(-103.129851195179,27.4861742086056,95.5));
#13827=CARTESIAN_POINT('',(-103.129851195179,27.4861742086056,95.5));
#13828=CARTESIAN_POINT('',(-103.129851195179,27.4861742086056,95.5));
#13829=CARTESIAN_POINT('',(-103.129851195179,27.4861742086056,95.5));
#13830=CARTESIAN_POINT('Origin',(-101.39780038761,27.4861742086056,95.5));
#13831=CARTESIAN_POINT('',(-101.39780038761,27.4861742086056,95.5));
#13832=CARTESIAN_POINT('Origin',(-102.263825791394,25.9861742086056,95.5));
#13833=CARTESIAN_POINT('Origin',(-128.25,-36.7500000000001,93.5));
#13834=CARTESIAN_POINT('',(-128.25,-34.7500000000001,93.5));
#13835=CARTESIAN_POINT('Origin',(-128.25,-36.7500000000001,93.5));
#13836=CARTESIAN_POINT('',(-128.25,-34.7500000000001,77.89));
#13837=CARTESIAN_POINT('',(-128.25,-34.7500000000001,93.5));
#13838=CARTESIAN_POINT('Origin',(-128.25,-36.7500000000001,77.89));
#13839=CARTESIAN_POINT('Origin',(-128.25,-36.7500000000001,77.89));
#13840=CARTESIAN_POINT('',(-128.25,-35.1400000000001,77.5));
#13841=CARTESIAN_POINT('',(-128.25,-34.7500000000001,77.89));
#13842=CARTESIAN_POINT('Origin',(-128.25,-36.7500000000001,77.5));
#13843=CARTESIAN_POINT('Origin',(-128.25,-36.7500000000001,93.5));
#13844=CARTESIAN_POINT('',(-128.25,-33.2500000000001,97.5));
#13845=CARTESIAN_POINT('Origin',(-128.25,-36.7500000000001,97.5));
#13846=CARTESIAN_POINT('',(-128.25,-33.2500000000001,93.5));
#13847=CARTESIAN_POINT('',(-128.25,-33.2500000000001,93.5));
#13848=CARTESIAN_POINT('Origin',(-128.25,-36.7500000000001,93.5));
#13849=CARTESIAN_POINT('Origin',(-128.25,-36.7500000000001,93.5));
#13850=CARTESIAN_POINT('Origin',(-128.25,-36.7500000000001,97.5));
#13851=CARTESIAN_POINT('',(-127.383974596216,-35.2500000000001,97.5));
#13852=CARTESIAN_POINT('',(-129.116025403784,-35.2500000000001,97.5));
#13853=CARTESIAN_POINT('',(-127.383974596216,-35.2500000000001,97.5));
#13854=CARTESIAN_POINT('',(-126.517949192431,-36.7500000000001,97.5));
#13855=CARTESIAN_POINT('',(-126.517949192431,-36.7500000000001,97.5));
#13856=CARTESIAN_POINT('',(-127.383974596216,-38.2500000000001,97.5));
#13857=CARTESIAN_POINT('',(-127.383974596216,-38.2500000000001,97.5));
#13858=CARTESIAN_POINT('',(-129.116025403784,-38.2500000000001,97.5));
#13859=CARTESIAN_POINT('',(-129.116025403784,-38.2500000000001,97.5));
#13860=CARTESIAN_POINT('',(-129.982050807569,-36.7500000000001,97.5));
#13861=CARTESIAN_POINT('',(-129.982050807569,-36.7500000000001,97.5));
#13862=CARTESIAN_POINT('',(-129.116025403784,-35.2500000000001,97.5));
#13863=CARTESIAN_POINT('Origin',(-126.64,-36.7500000000001,77.5));
#13864=CARTESIAN_POINT('Origin',(-126.517949192431,-36.7500000000001,95.5));
#13865=CARTESIAN_POINT('',(-127.383974596216,-35.2500000000001,95.5));
#13866=CARTESIAN_POINT('',(-127.383974596216,-35.2500000000001,95.5));
#13867=CARTESIAN_POINT('',(-126.517949192431,-36.7500000000001,95.5));
#13868=CARTESIAN_POINT('',(-126.517949192431,-36.7500000000001,95.5));
#13869=CARTESIAN_POINT('',(-126.517949192431,-36.7500000000001,95.5));
#13870=CARTESIAN_POINT('Origin',(-127.383974596216,-38.2500000000001,95.5));
#13871=CARTESIAN_POINT('',(-127.383974596216,-38.2500000000001,95.5));
#13872=CARTESIAN_POINT('',(-127.383974596216,-38.2500000000001,95.5));
#13873=CARTESIAN_POINT('',(-127.383974596216,-38.2500000000001,95.5));
#13874=CARTESIAN_POINT('Origin',(-129.116025403784,-38.2500000000001,95.5));
#13875=CARTESIAN_POINT('',(-129.116025403784,-38.2500000000001,95.5));
#13876=CARTESIAN_POINT('',(-129.116025403784,-38.2500000000001,95.5));
#13877=CARTESIAN_POINT('',(-129.116025403784,-38.2500000000001,95.5));
#13878=CARTESIAN_POINT('Origin',(-129.982050807569,-36.7500000000001,95.5));
#13879=CARTESIAN_POINT('',(-129.982050807569,-36.7500000000001,95.5));
#13880=CARTESIAN_POINT('',(-129.982050807569,-36.7500000000001,95.5));
#13881=CARTESIAN_POINT('',(-129.982050807569,-36.7500000000001,95.5));
#13882=CARTESIAN_POINT('Origin',(-129.116025403784,-35.2500000000001,95.5));
#13883=CARTESIAN_POINT('',(-129.116025403784,-35.2500000000001,95.5));
#13884=CARTESIAN_POINT('',(-129.116025403784,-35.2500000000001,95.5));
#13885=CARTESIAN_POINT('',(-129.116025403784,-35.2500000000001,95.5));
#13886=CARTESIAN_POINT('Origin',(-127.383974596216,-35.2500000000001,95.5));
#13887=CARTESIAN_POINT('',(-127.383974596216,-35.2500000000001,95.5));
#13888=CARTESIAN_POINT('Origin',(-128.25,-36.7500000000001,95.5));
#13889=CARTESIAN_POINT('Origin',(-42.25,-15.,93.5));
#13890=CARTESIAN_POINT('',(-42.2500000000014,-13.,93.5));
#13891=CARTESIAN_POINT('Origin',(-42.25,-15.,93.5));
#13892=CARTESIAN_POINT('',(-42.2500000000014,-13.,77.89));
#13893=CARTESIAN_POINT('',(-42.2500000000014,-13.,93.5));
#13894=CARTESIAN_POINT('Origin',(-42.25,-15.,77.89));
#13895=CARTESIAN_POINT('Origin',(-42.25,-15.,77.89));
#13896=CARTESIAN_POINT('',(-42.2500000000012,-13.39,77.5));
#13897=CARTESIAN_POINT('',(-42.2500000000014,-13.,77.89));
#13898=CARTESIAN_POINT('Origin',(-42.25,-15.,77.5));
#13899=CARTESIAN_POINT('Origin',(-42.25,-15.,93.5));
#13900=CARTESIAN_POINT('',(-42.2500000000025,-11.5,97.5));
#13901=CARTESIAN_POINT('Origin',(-42.25,-15.,97.5));
#13902=CARTESIAN_POINT('',(-42.2500000000025,-11.5,93.5));
#13903=CARTESIAN_POINT('',(-42.2500000000025,-11.5,93.5));
#13904=CARTESIAN_POINT('Origin',(-42.25,-15.,93.5));
#13905=CARTESIAN_POINT('Origin',(-42.25,-15.,93.5));
#13906=CARTESIAN_POINT('Origin',(-42.25,-15.,97.5));
#13907=CARTESIAN_POINT('',(-41.3839745962166,-13.4999999999993,97.5));
#13908=CARTESIAN_POINT('',(-43.1160254037855,-13.5000000000006,97.5));
#13909=CARTESIAN_POINT('',(-41.3839745962166,-13.4999999999993,97.5));
#13910=CARTESIAN_POINT('',(-40.5179491924312,-14.9999999999987,97.5));
#13911=CARTESIAN_POINT('',(-40.5179491924312,-14.9999999999987,97.5));
#13912=CARTESIAN_POINT('',(-41.3839745962145,-16.4999999999993,97.5));
#13913=CARTESIAN_POINT('',(-41.3839745962145,-16.4999999999993,97.5));
#13914=CARTESIAN_POINT('',(-43.1160254037834,-16.5000000000006,97.5));
#13915=CARTESIAN_POINT('',(-43.1160254037834,-16.5000000000006,97.5));
#13916=CARTESIAN_POINT('',(-43.9820508075689,-15.0000000000012,97.5));
#13917=CARTESIAN_POINT('',(-43.9820508075689,-15.0000000000012,97.5));
#13918=CARTESIAN_POINT('',(-43.1160254037855,-13.5000000000006,97.5));
#13919=CARTESIAN_POINT('Origin',(-40.64,-14.9999999999988,77.5));
#13920=CARTESIAN_POINT('Origin',(-40.5179491924312,-14.9999999999987,95.5));
#13921=CARTESIAN_POINT('',(-41.3839745962166,-13.4999999999993,95.5));
#13922=CARTESIAN_POINT('',(-41.3839745962166,-13.4999999999993,95.5));
#13923=CARTESIAN_POINT('',(-40.5179491924312,-14.9999999999987,95.5));
#13924=CARTESIAN_POINT('',(-40.5179491924312,-14.9999999999987,95.5));
#13925=CARTESIAN_POINT('',(-40.5179491924312,-14.9999999999987,95.5));
#13926=CARTESIAN_POINT('Origin',(-41.3839745962145,-16.4999999999993,95.5));
#13927=CARTESIAN_POINT('',(-41.3839745962145,-16.4999999999993,95.5));
#13928=CARTESIAN_POINT('',(-41.3839745962145,-16.4999999999993,95.5));
#13929=CARTESIAN_POINT('',(-41.3839745962145,-16.4999999999993,95.5));
#13930=CARTESIAN_POINT('Origin',(-43.1160254037834,-16.5000000000006,95.5));
#13931=CARTESIAN_POINT('',(-43.1160254037834,-16.5000000000006,95.5));
#13932=CARTESIAN_POINT('',(-43.1160254037834,-16.5000000000006,95.5));
#13933=CARTESIAN_POINT('',(-43.1160254037834,-16.5000000000006,95.5));
#13934=CARTESIAN_POINT('Origin',(-43.9820508075689,-15.0000000000012,95.5));
#13935=CARTESIAN_POINT('',(-43.9820508075689,-15.0000000000012,95.5));
#13936=CARTESIAN_POINT('',(-43.9820508075689,-15.0000000000012,95.5));
#13937=CARTESIAN_POINT('',(-43.9820508075689,-15.0000000000012,95.5));
#13938=CARTESIAN_POINT('Origin',(-43.1160254037855,-13.5000000000006,95.5));
#13939=CARTESIAN_POINT('',(-43.1160254037855,-13.5000000000006,95.5));
#13940=CARTESIAN_POINT('',(-43.1160254037855,-13.5000000000006,95.5));
#13941=CARTESIAN_POINT('',(-43.1160254037855,-13.5000000000006,95.5));
#13942=CARTESIAN_POINT('Origin',(-41.3839745962166,-13.4999999999993,95.5));
#13943=CARTESIAN_POINT('',(-41.3839745962166,-13.4999999999993,95.5));
#13944=CARTESIAN_POINT('Origin',(-42.25,-15.,95.5));
#13945=CARTESIAN_POINT('Origin',(-32.25,15.0000000000001,93.5));
#13946=CARTESIAN_POINT('',(-32.2500000000014,17.0000000000001,93.5));
#13947=CARTESIAN_POINT('Origin',(-32.25,15.0000000000001,93.5));
#13948=CARTESIAN_POINT('',(-32.2500000000014,17.,77.89));
#13949=CARTESIAN_POINT('',(-32.2500000000014,17.0000000000001,93.5));
#13950=CARTESIAN_POINT('Origin',(-32.25,15.,77.89));
#13951=CARTESIAN_POINT('Origin',(-32.25,15.,77.89));
#13952=CARTESIAN_POINT('',(-32.2500000000012,16.61,77.5));
#13953=CARTESIAN_POINT('',(-32.2500000000014,17.,77.89));
#13954=CARTESIAN_POINT('Origin',(-32.25,15.,77.5));
#13955=CARTESIAN_POINT('Origin',(-32.25,15.0000000000001,93.5));
#13956=CARTESIAN_POINT('',(-32.2500000000025,18.5000000000001,97.5));
#13957=CARTESIAN_POINT('Origin',(-32.25,15.0000000000001,97.5));
#13958=CARTESIAN_POINT('',(-32.2500000000025,18.5000000000001,93.5));
#13959=CARTESIAN_POINT('',(-32.2500000000025,18.5000000000001,93.5));
#13960=CARTESIAN_POINT('Origin',(-32.25,15.0000000000001,93.5));
#13961=CARTESIAN_POINT('Origin',(-32.25,15.0000000000001,93.5));
#13962=CARTESIAN_POINT('Origin',(-32.25,15.0000000000001,97.5));
#13963=CARTESIAN_POINT('',(-31.3839745962166,16.5000000000007,97.5));
#13964=CARTESIAN_POINT('',(-33.1160254037855,16.4999999999994,97.5));
#13965=CARTESIAN_POINT('',(-31.3839745962166,16.5000000000007,97.5));
#13966=CARTESIAN_POINT('',(-30.5179491924311,15.0000000000013,97.5));
#13967=CARTESIAN_POINT('',(-30.5179491924311,15.0000000000013,97.5));
#13968=CARTESIAN_POINT('',(-31.3839745962145,13.5000000000007,97.5));
#13969=CARTESIAN_POINT('',(-31.3839745962145,13.5000000000007,97.5));
#13970=CARTESIAN_POINT('',(-33.1160254037834,13.4999999999994,97.5));
#13971=CARTESIAN_POINT('',(-33.1160254037834,13.4999999999994,97.5));
#13972=CARTESIAN_POINT('',(-33.9820508075689,14.9999999999988,97.5));
#13973=CARTESIAN_POINT('',(-33.9820508075689,14.9999999999988,97.5));
#13974=CARTESIAN_POINT('',(-33.1160254037855,16.4999999999994,97.5));
#13975=CARTESIAN_POINT('Origin',(-30.64,15.0000000000012,77.5));
#13976=CARTESIAN_POINT('Origin',(-30.5179491924311,15.0000000000013,95.5));
#13977=CARTESIAN_POINT('',(-31.3839745962166,16.5000000000007,95.5));
#13978=CARTESIAN_POINT('',(-31.3839745962166,16.5000000000007,95.5));
#13979=CARTESIAN_POINT('',(-30.5179491924311,15.0000000000013,95.5));
#13980=CARTESIAN_POINT('',(-30.5179491924311,15.0000000000013,95.5));
#13981=CARTESIAN_POINT('',(-30.5179491924311,15.0000000000013,95.5));
#13982=CARTESIAN_POINT('Origin',(-31.3839745962145,13.5000000000007,95.5));
#13983=CARTESIAN_POINT('',(-31.3839745962145,13.5000000000007,95.5));
#13984=CARTESIAN_POINT('',(-31.3839745962145,13.5000000000007,95.5));
#13985=CARTESIAN_POINT('',(-31.3839745962145,13.5000000000007,95.5));
#13986=CARTESIAN_POINT('Origin',(-33.1160254037834,13.4999999999994,95.5));
#13987=CARTESIAN_POINT('',(-33.1160254037834,13.4999999999994,95.5));
#13988=CARTESIAN_POINT('',(-33.1160254037834,13.4999999999994,95.5));
#13989=CARTESIAN_POINT('',(-33.1160254037834,13.4999999999994,95.5));
#13990=CARTESIAN_POINT('Origin',(-33.9820508075689,14.9999999999988,95.5));
#13991=CARTESIAN_POINT('',(-33.9820508075689,14.9999999999988,95.5));
#13992=CARTESIAN_POINT('',(-33.9820508075689,14.9999999999988,95.5));
#13993=CARTESIAN_POINT('',(-33.9820508075689,14.9999999999988,95.5));
#13994=CARTESIAN_POINT('Origin',(-33.1160254037855,16.4999999999994,95.5));
#13995=CARTESIAN_POINT('',(-33.1160254037855,16.4999999999994,95.5));
#13996=CARTESIAN_POINT('',(-33.1160254037855,16.4999999999994,95.5));
#13997=CARTESIAN_POINT('',(-33.1160254037855,16.4999999999994,95.5));
#13998=CARTESIAN_POINT('Origin',(-31.3839745962166,16.5000000000007,95.5));
#13999=CARTESIAN_POINT('',(-31.3839745962166,16.5000000000007,95.5));
#14000=CARTESIAN_POINT('Origin',(-32.25,15.0000000000001,95.5));
#14001=CARTESIAN_POINT('Origin',(-32.25,-15.,93.5));
#14002=CARTESIAN_POINT('',(-32.2500000000014,-13.,93.5));
#14003=CARTESIAN_POINT('Origin',(-32.25,-15.,93.5));
#14004=CARTESIAN_POINT('',(-32.2500000000014,-13.,77.89));
#14005=CARTESIAN_POINT('',(-32.2500000000014,-13.,93.5));
#14006=CARTESIAN_POINT('Origin',(-32.25,-15.,77.89));
#14007=CARTESIAN_POINT('Origin',(-32.25,-15.,77.89));
#14008=CARTESIAN_POINT('',(-32.2500000000012,-13.39,77.5));
#14009=CARTESIAN_POINT('',(-32.2500000000014,-13.,77.89));
#14010=CARTESIAN_POINT('Origin',(-32.25,-15.,77.5));
#14011=CARTESIAN_POINT('Origin',(-32.25,-15.,93.5));
#14012=CARTESIAN_POINT('',(-32.2500000000025,-11.5,97.5));
#14013=CARTESIAN_POINT('Origin',(-32.25,-15.,97.5));
#14014=CARTESIAN_POINT('',(-32.2500000000025,-11.5,93.5));
#14015=CARTESIAN_POINT('',(-32.2500000000025,-11.5,93.5));
#14016=CARTESIAN_POINT('Origin',(-32.25,-15.,93.5));
#14017=CARTESIAN_POINT('Origin',(-32.25,-15.,93.5));
#14018=CARTESIAN_POINT('Origin',(-32.25,-15.,97.5));
#14019=CARTESIAN_POINT('',(-31.3839745962166,-13.4999999999993,97.5));
#14020=CARTESIAN_POINT('',(-33.1160254037855,-13.5000000000006,97.5));
#14021=CARTESIAN_POINT('',(-31.3839745962166,-13.4999999999993,97.5));
#14022=CARTESIAN_POINT('',(-30.5179491924311,-14.9999999999987,97.5));
#14023=CARTESIAN_POINT('',(-30.5179491924311,-14.9999999999987,97.5));
#14024=CARTESIAN_POINT('',(-31.3839745962145,-16.4999999999993,97.5));
#14025=CARTESIAN_POINT('',(-31.3839745962145,-16.4999999999993,97.5));
#14026=CARTESIAN_POINT('',(-33.1160254037834,-16.5000000000006,97.5));
#14027=CARTESIAN_POINT('',(-33.1160254037834,-16.5000000000006,97.5));
#14028=CARTESIAN_POINT('',(-33.9820508075689,-15.0000000000012,97.5));
#14029=CARTESIAN_POINT('',(-33.9820508075689,-15.0000000000012,97.5));
#14030=CARTESIAN_POINT('',(-33.1160254037855,-13.5000000000006,97.5));
#14031=CARTESIAN_POINT('Origin',(-30.64,-14.9999999999988,77.5));
#14032=CARTESIAN_POINT('Origin',(-30.5179491924311,-14.9999999999987,95.5));
#14033=CARTESIAN_POINT('',(-31.3839745962166,-13.4999999999993,95.5));
#14034=CARTESIAN_POINT('',(-31.3839745962166,-13.4999999999993,95.5));
#14035=CARTESIAN_POINT('',(-30.5179491924311,-14.9999999999987,95.5));
#14036=CARTESIAN_POINT('',(-30.5179491924311,-14.9999999999987,95.5));
#14037=CARTESIAN_POINT('',(-30.5179491924311,-14.9999999999987,95.5));
#14038=CARTESIAN_POINT('Origin',(-31.3839745962145,-16.4999999999993,95.5));
#14039=CARTESIAN_POINT('',(-31.3839745962145,-16.4999999999993,95.5));
#14040=CARTESIAN_POINT('',(-31.3839745962145,-16.4999999999993,95.5));
#14041=CARTESIAN_POINT('',(-31.3839745962145,-16.4999999999993,95.5));
#14042=CARTESIAN_POINT('Origin',(-33.1160254037834,-16.5000000000006,95.5));
#14043=CARTESIAN_POINT('',(-33.1160254037834,-16.5000000000006,95.5));
#14044=CARTESIAN_POINT('',(-33.1160254037834,-16.5000000000006,95.5));
#14045=CARTESIAN_POINT('',(-33.1160254037834,-16.5000000000006,95.5));
#14046=CARTESIAN_POINT('Origin',(-33.9820508075689,-15.0000000000012,95.5));
#14047=CARTESIAN_POINT('',(-33.9820508075689,-15.0000000000012,95.5));
#14048=CARTESIAN_POINT('',(-33.9820508075689,-15.0000000000012,95.5));
#14049=CARTESIAN_POINT('',(-33.9820508075689,-15.0000000000012,95.5));
#14050=CARTESIAN_POINT('Origin',(-33.1160254037855,-13.5000000000006,95.5));
#14051=CARTESIAN_POINT('',(-33.1160254037855,-13.5000000000006,95.5));
#14052=CARTESIAN_POINT('',(-33.1160254037855,-13.5000000000006,95.5));
#14053=CARTESIAN_POINT('',(-33.1160254037855,-13.5000000000006,95.5));
#14054=CARTESIAN_POINT('Origin',(-31.3839745962166,-13.4999999999993,95.5));
#14055=CARTESIAN_POINT('',(-31.3839745962166,-13.4999999999993,95.5));
#14056=CARTESIAN_POINT('Origin',(-32.25,-15.,95.5));
#14057=CARTESIAN_POINT('Origin',(-42.25,15.,93.5));
#14058=CARTESIAN_POINT('',(-42.2500000000014,17.,93.5));
#14059=CARTESIAN_POINT('Origin',(-42.25,15.,93.5));
#14060=CARTESIAN_POINT('',(-42.2500000000014,17.,77.89));
#14061=CARTESIAN_POINT('',(-42.2500000000014,17.,93.5));
#14062=CARTESIAN_POINT('Origin',(-42.25,15.,77.89));
#14063=CARTESIAN_POINT('Origin',(-42.25,15.,77.89));
#14064=CARTESIAN_POINT('',(-42.2500000000012,16.61,77.5));
#14065=CARTESIAN_POINT('',(-42.2500000000014,17.,77.89));
#14066=CARTESIAN_POINT('Origin',(-42.25,15.,77.5));
#14067=CARTESIAN_POINT('Origin',(-42.25,15.,93.5));
#14068=CARTESIAN_POINT('',(-42.2500000000025,18.5,97.5));
#14069=CARTESIAN_POINT('Origin',(-42.25,15.,97.5));
#14070=CARTESIAN_POINT('',(-42.2500000000025,18.5,93.5));
#14071=CARTESIAN_POINT('',(-42.2500000000025,18.5,93.5));
#14072=CARTESIAN_POINT('Origin',(-42.25,15.,93.5));
#14073=CARTESIAN_POINT('Origin',(-42.25,15.,93.5));
#14074=CARTESIAN_POINT('Origin',(-42.25,15.,97.5));
#14075=CARTESIAN_POINT('',(-41.3839745962166,16.5000000000007,97.5));
#14076=CARTESIAN_POINT('',(-43.1160254037855,16.4999999999994,97.5));
#14077=CARTESIAN_POINT('',(-41.3839745962166,16.5000000000007,97.5));
#14078=CARTESIAN_POINT('',(-40.5179491924312,15.0000000000013,97.5));
#14079=CARTESIAN_POINT('',(-40.5179491924312,15.0000000000013,97.5));
#14080=CARTESIAN_POINT('',(-41.3839745962145,13.5000000000007,97.5));
#14081=CARTESIAN_POINT('',(-41.3839745962145,13.5000000000007,97.5));
#14082=CARTESIAN_POINT('',(-43.1160254037834,13.4999999999994,97.5));
#14083=CARTESIAN_POINT('',(-43.1160254037834,13.4999999999994,97.5));
#14084=CARTESIAN_POINT('',(-43.9820508075689,14.9999999999988,97.5));
#14085=CARTESIAN_POINT('',(-43.9820508075689,14.9999999999988,97.5));
#14086=CARTESIAN_POINT('',(-43.1160254037855,16.4999999999994,97.5));
#14087=CARTESIAN_POINT('Origin',(-40.64,15.0000000000012,77.5));
#14088=CARTESIAN_POINT('Origin',(-40.5179491924312,15.0000000000013,95.5));
#14089=CARTESIAN_POINT('',(-41.3839745962166,16.5000000000007,95.5));
#14090=CARTESIAN_POINT('',(-41.3839745962166,16.5000000000007,95.5));
#14091=CARTESIAN_POINT('',(-40.5179491924312,15.0000000000013,95.5));
#14092=CARTESIAN_POINT('',(-40.5179491924312,15.0000000000013,95.5));
#14093=CARTESIAN_POINT('',(-40.5179491924312,15.0000000000013,95.5));
#14094=CARTESIAN_POINT('Origin',(-41.3839745962145,13.5000000000007,95.5));
#14095=CARTESIAN_POINT('',(-41.3839745962145,13.5000000000007,95.5));
#14096=CARTESIAN_POINT('',(-41.3839745962145,13.5000000000007,95.5));
#14097=CARTESIAN_POINT('',(-41.3839745962145,13.5000000000007,95.5));
#14098=CARTESIAN_POINT('Origin',(-43.1160254037834,13.4999999999994,95.5));
#14099=CARTESIAN_POINT('',(-43.1160254037834,13.4999999999994,95.5));
#14100=CARTESIAN_POINT('',(-43.1160254037834,13.4999999999994,95.5));
#14101=CARTESIAN_POINT('',(-43.1160254037834,13.4999999999994,95.5));
#14102=CARTESIAN_POINT('Origin',(-43.9820508075689,14.9999999999988,95.5));
#14103=CARTESIAN_POINT('',(-43.9820508075689,14.9999999999988,95.5));
#14104=CARTESIAN_POINT('',(-43.9820508075689,14.9999999999988,95.5));
#14105=CARTESIAN_POINT('',(-43.9820508075689,14.9999999999988,95.5));
#14106=CARTESIAN_POINT('Origin',(-43.1160254037855,16.4999999999994,95.5));
#14107=CARTESIAN_POINT('',(-43.1160254037855,16.4999999999994,95.5));
#14108=CARTESIAN_POINT('',(-43.1160254037855,16.4999999999994,95.5));
#14109=CARTESIAN_POINT('',(-43.1160254037855,16.4999999999994,95.5));
#14110=CARTESIAN_POINT('Origin',(-41.3839745962166,16.5000000000007,95.5));
#14111=CARTESIAN_POINT('',(-41.3839745962166,16.5000000000007,95.5));
#14112=CARTESIAN_POINT('Origin',(-42.25,15.,95.5));
#14113=UNCERTAINTY_MEASURE_WITH_UNIT(LENGTH_MEASURE(0.01),#14117,
'DISTANCE_ACCURACY_VALUE',
'Maximum model space distance between geometric entities at asserted c
onnectivities');
#14114=UNCERTAINTY_MEASURE_WITH_UNIT(LENGTH_MEASURE(0.01),#14117,
'DISTANCE_ACCURACY_VALUE',
'Maximum model space distance between geometric entities at asserted c
onnectivities');
#14115=(
GEOMETRIC_REPRESENTATION_CONTEXT(3)
GLOBAL_UNCERTAINTY_ASSIGNED_CONTEXT((#14113))
GLOBAL_UNIT_ASSIGNED_CONTEXT((#14117,#14119,#14120))
REPRESENTATION_CONTEXT('','3D')
);
#14116=(
GEOMETRIC_REPRESENTATION_CONTEXT(3)
GLOBAL_UNCERTAINTY_ASSIGNED_CONTEXT((#14114))
GLOBAL_UNIT_ASSIGNED_CONTEXT((#14117,#14119,#14120))
REPRESENTATION_CONTEXT('','3D')
);
#14117=(
LENGTH_UNIT()
NAMED_UNIT(*)
SI_UNIT(.MILLI.,.METRE.)
);
#14118=(
LENGTH_UNIT()
NAMED_UNIT(*)
SI_UNIT(.CENTI.,.METRE.)
);
#14119=(
NAMED_UNIT(*)
PLANE_ANGLE_UNIT()
SI_UNIT($,.RADIAN.)
);
#14120=(
NAMED_UNIT(*)
SI_UNIT($,.STERADIAN.)
SOLID_ANGLE_UNIT()
);
#14121=SHAPE_DEFINITION_REPRESENTATION(#14122,#14123);
#14122=PRODUCT_DEFINITION_SHAPE('',$,#14125);
#14123=SHAPE_REPRESENTATION('',(#8513),#14115);
#14124=PRODUCT_DEFINITION_CONTEXT('part definition',#14129,'design');
#14125=PRODUCT_DEFINITION('HipLeft_Simplify_1','HipLeft_Simplify_1',#14126,
#14124);
#14126=PRODUCT_DEFINITION_FORMATION('',$,#14131);
#14127=PRODUCT_RELATED_PRODUCT_CATEGORY('HipLeft_Simplify_1',
'HipLeft_Simplify_1',(#14131));
#14128=APPLICATION_PROTOCOL_DEFINITION('international standard',
'automotive_design',2009,#14129);
#14129=APPLICATION_CONTEXT(
'Core Data for Automotive Mechanical Design Process');
#14130=PRODUCT_CONTEXT('part definition',#14129,'mechanical');
#14131=PRODUCT('HipLeft_Simplify_1','HipLeft_Simplify_1',$,(#14130));
#14132=PRESENTATION_STYLE_ASSIGNMENT((#14133));
#14133=SURFACE_STYLE_USAGE(.BOTH.,#14136);
#14134=SURFACE_STYLE_RENDERING_WITH_PROPERTIES($,#14140,(#14135));
#14135=SURFACE_STYLE_TRANSPARENT(0.);
#14136=SURFACE_SIDE_STYLE('',(#14137,#14134));
#14137=SURFACE_STYLE_FILL_AREA(#14138);
#14138=FILL_AREA_STYLE('',(#14139));
#14139=FILL_AREA_STYLE_COLOUR('',#14140);
#14140=COLOUR_RGB('',0.749019607843137,0.749019607843137,0.749019607843137);
ENDSEC;
END-ISO-10303-21;
