time/iterations,curriculum/ent_coef,reward_terms/lat_vel,reward_terms/vz,curriculum/ctrl_jitter_ms,time/fps,rollout/ep_len_mean,reward_terms/motor_vel,reward_terms/residual,reward_terms/action_rate,reward_terms/energy,reward_terms/angmom,reward_terms/residual_rate,reward_terms/duty_sym,reward_terms/stop,time/time_elapsed,reward_terms/hip_roll,reward_terms/fwd_speed,ankle/ankle_defl_peak,reward_terms/ang_xy,reward_terms/upright,reward_terms/stance,curriculum/ctrl_drop_prob,reward_terms/torque,reward_terms/assist_pen,reward_terms/alive,reward_terms/foot_slip,reward_terms/coef_rate,reward_terms/height,reward_terms/foot_ahead,reward_terms/air_time,reward_terms/overrun,reward_terms/clearance,curriculum/eff_scale,curriculum/sprint_dist_m,reward_terms/phase_contact,reward_terms/stance_time,rollout/ep_rew_mean,curriculum/stance_ratio,reward_terms/time,time/total_timesteps,ankle/ankle_spring_trq_peak,reward_terms/step_rate,ankle/ankle_spring_energy_peak,train/approx_kl,train/n_updates,train/learning_rate,train/entropy_loss,train/explained_variance,train/std,train/policy_gradient_loss,train/clip_fraction,train/loss,train/clip_range,train/value_loss
1,0.01,-8.30231389593659e-09,-0.11161918106835474,0.0,2728,47.73,0.0,-0.06038700658086314,-0.21640534222270827,0.0,-0.18836941794910184,0.0,0.0,0.0,6,-0.0027163691586574693,-1.3900767945728039,0.10506861817483687,-0.1258209996617174,-0.23492481328886955,-1.0182207623459043e-06,0.0,0.0,0.0,0.0,-0.03684593063127098,-1.5616210019171974,-0.029617204828462744,0.0,0.0,0.0,0.025035167012413113,0.0,25.0,-0.5632067604747201,-0.007610658793257446,-147.61681281,0.65,-0.5,18432,36.774016361192906,-0.010297309027777743,1.9420689296460343,,,,,,,,,,,
2,0.01,-7.906411978335351e-09,-0.11013982775808136,0.0,2667,46.74,-5.880549422510771e-08,-0.06061301524605172,-0.21525056658039976,-5.253486988081115e-07,-0.1795024706947022,0.0,0.0,0.0,13,-0.002516385038956242,-1.383134259298262,0.11221556507080743,-0.12105851412791603,-0.22419641763173115,-3.8889111109218087e-08,0.0,-1.6725210020841308e-05,0.0,0.0,-0.033910375171208006,-1.5675428905692637,-0.029052202994668066,0.0,0.0,0.0,0.02430767163901759,0.0003072,25.04608,-0.5636320299489468,-0.007879213313572109,-146.62799566,0.649929344,-0.5,36864,39.2754477747826,-0.010601128472222183,2.2036834479504206,0.008338159,4,0.000299963136,-34.084293365478516,-0.023711442947387695,1.0025005340576172,-0.020422076259274037,0.060595703125,1215.0224609375,0.2,2437.1687866210937
3,0.01,-8.630928240336111e-09,-0.11542346928613657,0.0,2699,46.78,-1.20233784728286e-07,-0.0607865533166507,-0.21660657875926403,-1.0635506316141764e-06,-0.20025770473268162,0.0,0.0,0.0,20,-0.0028249153579231,-1.4360692897747234,0.11726226104916501,-0.13081030874597874,-0.2544502447520743,-8.440239630428887e-06,0.0,-3.2494155845493524e-05,0.0,0.0,-0.036693413864199456,-1.5664218040412368,-0.031133265074471186,0.0,1.085065175882644e-06,0.0,0.02676595159731611,0.0006144,25.09216,-0.5524507409446081,-0.008264411986197552,-146.67987374999998,0.649858688,-0.5,55296,41.04179136720776,-0.010568576388888841,2.407510099777555,0.0061243554,8,0.000299926272,-34.07740592956543,0.14100855588912964,1.0021063089370728,-0.011962696071714162,0.02408447265625,1207.6383056640625,0.2,2429.3491943359377
4,0.01,-8.566852617351125e-09,-0.11446441043379527,0.0,2717,48.3,-1.7766572757497035e-07,-0.060817763887643164,-0.21501184340249876,-1.5465595383412009e-06,-0.1969355646038279,0.0,0.0,0.0,27,-0.002674928251864951,-1.422865385399162,0.11477241567927979,-0.12541770944968983,-0.2522037660658374,-0.0002292946742820515,0.0,-4.710462998364597e-05,0.0,0.0,-0.032352368241655646,-1.5692886111342774,-0.03108241352831755,0.0,0.0,0.0,0.026142663215243663,0.0009216,25.13824,-0.5577196064587717,-0.009073329845301082,-148.20573182,0.649788032,-0.5,73728,40.17034548774792,-0.009895833333333293,2.3180312798688196,0.0056712474,12,0.00029988940799999996,-34.07493553161621,0.3108944892883301,1.0018086433410645,-0.010976904793642462,0.01954345703125,1170.9822998046875,0.2,2366.12421875
5,0.01,-8.253906795506661e-09,-0.10894331735368444,0.0,2728,47.42,-2.327588736259422e-07,-0.06028752632284573,-0.21569711174304457,-2.086305827236628e-06,-0.19051074796955317,0.0,0.0,0.0,33,-0.002631505035968118,-1.4006195549784068,0.10515734720736652,-0.12312922869467029,-0.23401469250849904,-7.758604351990921e-06,0.0,-6.635086735051038e-05,0.0,0.0,-0.040450993726610984,-1.5665788461227734,-0.029446340651193264,0.0,0.0,0.0,0.024343421202670315,0.0012288,25.18432,-0.5619640201684585,-0.008964280342398625,-147.31813222,0.649717376,-0.5,92160,36.80507152257828,-0.010926649305555487,2.01109354241081,0.004161298,16,0.000299852544,-34.06692333221436,0.45907062292099,1.001004695892334,-0.009526788437506184,0.01016845703125,1159.606689453125,0.2,2346.4463134765624
6,0.01,-8.103388326728242e-09,-0.11574801075185039,0.0,2736,48.41,-2.934841621417062e-07,-0.06065001230491317,-0.21563371872794587,-2.567949041294642e-06,-0.2014756023813592,0.0,0.0,0.0,40,-0.0025144044341039646,-1.4460761153007262,0.11019069546794419,-0.12692809779556802,-0.254035530965994,-1.9385498867241086e-06,0.0,-7.838336160945707e-05,0.0,0.0,-0.03137589561551962,-1.5685205604480175,-0.03199102267944201,0.0,0.0,0.0,0.0271759573434434,0.001536,25.2304,-0.5506801412783084,-0.008582336997884946,-148.29922050000002,0.64964672,-0.5,110592,38.566743413780465,-0.010557725694444416,2.141320285503201,0.004957262,20,0.00029981568,-34.06965713500976,0.5340073108673096,1.0015332698822021,-0.01042111690621823,0.014208984375,1154.956298828125,0.2,2345.918811035156
7,0.01,-8.586701932889891e-09,-0.12421840135608485,0.0,2738,48.95,-3.474673330983037e-07,-0.0606801708866898,-0.2145696854643254,-2.9843811780499837e-06,-0.2199818091516349,0.0,0.0,0.0,47,-0.0026937138283225667,-1.4780807558576312,0.11162852105523405,-0.13502219496743953,-0.27105638752733285,-0.0001000286949630366,0.0,-9.270465574598224e-05,0.0,0.0,-0.03240443618572742,-1.5630637759015131,-0.033769316612167394,0.0,0.0,0.0,0.027858545565639728,0.0018432,25.27648,-0.5476047819935138,-0.008698439018593894,-148.83695028999998,0.649576064,-0.5,129024,39.06998236933192,-0.010622829861111049,2.197783682902536,0.004632764,24,0.000299778816,-34.06767749786377,0.571794331073761,1.0010762214660645,-0.009439256822224707,0.013818359375,1118.602294921875,0.2,2276.0303344726562
8,0.01,-8.142559217095954e-09,-0.12497678387030103,0.0,2742,49.91,-4.026718543330174e-07,-0.06085842236273057,-0.2163959468978027,-3.3846931859182368e-06,-0.2230768097263568,0.0,0.0,0.0,53,-0.0028323614356742938,-1.4970157064897873,0.10654958179013299,-0.13444581319211124,-0.27813235395845604,-1.5485148056664735e-05,0.0,-0.0001055674529281339,0.0,0.0,-0.03073530553790096,-1.5682995011641934,-0.034848822789838106,0.0,7.595485335008965e-06,0.0,0.02964205893070955,0.0021504,25.32256,-0.5463100986532554,-0.008523743334485011,-149.80611783999998,0.649505408,-0.5,147456,37.29235362654655,-0.010438368055555484,1.9869070195411296,0.0039175074,28,0.000299741952,-34.06514892578125,0.5734913349151611,1.0011157989501953,-0.008891854155808687,0.010302734375,1035.73095703125,0.2,2156.9046264648437
9,0.01,-8.091413894442048e-09,-0.12424461098910178,0.0,2747,48.62,-4.683921954463319e-07,-0.0607101501894582,-0.2140221842561808,-3.969248869353033e-06,-0.21786664495442334,0.0,0.0,0.0,60,-0.0027181284097139167,-1.4937919720346422,0.1139714151638283,-0.1328242950538477,-0.2765220434894793,-8.756789380074461e-05,0.0,-0.00012066261584886204,0.0,0.0,-0.034530429154864345,-1.5731508200430417,-0.03499106695409385,0.0,0.0,0.0,0.02935099393688917,0.0024576,25.36864,-0.5451269359130322,-0.008273635101633973,-148.51205654,0.649434752,-0.5,165888,39.88999530733991,-0.01059027777777772,2.2869159282756404,0.0018786928,32,0.00029970508799999996,-34.06588706970215,0.5163677930831909,1.001104712486267,-0.0060771379503421485,0.0015380859375,947.7119140625,0.2,2003.6831604003905
10,0.01,-8.581343603900456e-09,-0.12156556547280035,0.0,2750,49.28,-5.35160483101356e-07,-0.06091730909705769,-0.2172341474684595,-4.621606855537748e-06,-0.2157715792164542,0.0,0.0,0.0,67,-0.0027455523821665116,-1.4763208521296383,0.10626018798532727,-0.13180774073567467,-0.26941535194189226,-2.3047500547832917e-05,0.0,-0.0001461731268930488,0.0,0.0,-0.03373978720163152,-1.5707538484910106,-0.03419915786199941,0.0,3.2552052289247513e-06,0.0,0.027077567298076886,0.0027648,25.41472,-0.5523197196423587,-0.008868252095352445,-149.18373068999998,0.649364096,-0.5,184320,37.19106579486454,-0.010384114583333291,1.976000470322069,0.0020868205,36,0.000299668224,-34.06487560272217,0.46358591318130493,1.0009045600891113,-0.006161491840612143,0.0026611328125,866.2924194335938,0.2,1866.4841186523438
11,0.01,-8.57211016319817e-09,-0.12719939866984042,0.0,2754,49.09,-5.907633494351129e-07,-0.06090133234519203,-0.2161349140133083,-5.0503631227966334e-06,-0.23154027152222387,0.0,0.0,0.0,73,-0.0028089929141937933,-1.5123378934345935,0.10884347221606902,-0.13802023416973297,-0.2880120386549716,-0.00016983188645272465,0.0,-0.00015328645983450352,0.0,0.0,-0.03534202723960539,-1.569244983087917,-0.03579042800936201,0.0,0.0,0.0,0.029779021762242078,0.003072,25.4608,-0.5434310264854777,-0.00858667697725145,-148.9927718,0.64929344,-0.5,202752,38.095215275624156,-0.010503472222222173,2.073283251556601,0.0015665342,40,0.00029963136,-34.06302909851074,0.3564945459365845,1.0008490085601807,-0.005148286611074582,0.0010498046875,814.5188598632812,0.2,1730.4690368652343
12,0.01,-9.35730177366937e-09,-0.1329914062013888,0.0,2756,49.25,-6.538592191633183e-07,-0.061192557190118735,-0.21664905172076315,-5.6502605228025515e-06,-0.24273449309465908,0.0,0.0,0.0,80,-0.0029926518638135322,-1.539844118844777,0.10499673769837298,-0.14281338596460014,-0.3081591655042777,-1.610555066742415e-05,0.0,-0.00017197539320449318,0.0,0.0,-0.03510673203412561,-1.5726139962435017,-0.03763419494743312,0.0,9.765625388051072e-06,0.0,0.029616620093427953,0.0033792,25.50688,-0.5457040744436639,-0.009677169901098952,-149.14901738999998,0.649222784,-0.5,221184,36.74885819443054,-0.010807291666666597,1.977271021908047,0.0013587053,44,0.000299594496,-34.06342735290527,0.2746706008911133,1.0009183883666992,-0.0047150396800134334,0.00081787109375,700.8716430664062,0.2,1551.3913635253907
13,0.01,-8.71014801338042e-09,-0.1331465778586703,0.0,2759,49.7,-7.217765627229732e-07,-0.0609683828026302,-0.2138393569952325,-6.401544154202417e-06,-0.23420091084090724,0.0,0.0,0.0,86,-0.0027961597377981675,-1.5215359420918237,0.11287804750167887,-0.14168009370276305,-0.29864782121832606,-7.984892746658964e-06,0.0,-0.00019646178173969727,0.0,0.0,-0.03738002951279611,-1.566833342270287,-0.03787702660595938,0.0,0.0,0.0,0.02897983125738326,0.0036864,25.55296,-0.544800837706863,-0.009157422829755686,-149.60307394,0.649152128,-0.5,239616,39.507316625587606,-0.01081814236111104,2.2486819115963645,0.0010558882,48,0.000299557632,-34.06374816894531,0.21712255477905273,1.0008187294006348,-0.0043538434314541515,0.0002197265625,681.1906127929688,0.2,1420.929754638672
14,0.01,-8.755479758874107e-09,-0.13068167119105398,0.0,2760,50.15,-7.615613246172783e-07,-0.061158650251064456,-0.21781344675620185,-6.690247127273335e-06,-0.2408937721477337,0.0,0.0,0.0,93,-0.0028592329190617934,-1.5331062868781442,0.11793299938854676,-0.14157590847554738,-0.3026121967174685,-2.555268502634732e-05,0.0,-0.00020159261043009414,0.0,0.0,-0.031999716342238,-1.5633716911045088,-0.037103486582344275,0.0,0.0,0.0,0.029010730457979677,0.0039936,25.59904,-0.5438742836366285,-0.009770485551497485,-150.03423378999997,0.649081472,-0.5,258048,41.276549785991364,-0.010633680555555478,2.433934318022316,0.0015324618,52,0.00029952076799999997,-34.06265106201172,0.17025494575500488,1.0007776021957397,-0.005294518382288516,0.00113525390625,597.4071655273438,0.2,1300.4465881347655
15,0.01,-8.80296176720262e-09,-0.13435725476284308,0.0,2762,49.94,-8.221151168490132e-07,-0.060947095863043727,-0.21475374348596657,-7.119581007573432e-06,-0.24954664053883624,0.0,0.0,0.0,100,-0.0026662855868046587,-1.5581749383286005,0.1061169949430891,-0.14740645429958787,-0.3140512468567924,-5.7233634927617985e-08,0.0,-0.00021662672508658708,0.0,0.0,-0.03488934784925259,-1.5662832474297819,-0.038023436162472994,0.0,0.0,0.0,0.02951148710708131,0.0043008,25.64512,-0.5366457917642143,-0.008825391867301531,-149.8299827,0.649010816,-0.5,276480,37.140948230081186,-0.01099175347222215,1.9707275078504294,0.0013733923,56,0.000299483904,-34.06409339904785,0.10504555702209473,1.0008971691131592,-0.004717716749291867,0.0010009765625,555.4650268554688,0.2,1198.429443359375
16,0.01,-8.483771182882177e-09,-0.12797849689115814,0.0,2763,50.6,-8.70059983861489e-07,-0.06081745272762082,-0.21727950503639762,-7.413005229294299e-06,-0.23306106854348632,0.0,0.0,0.0,106,-0.0027251404410958933,-1.5143332805916199,0.10426624340861734,-0.1394115087842027,-0.29159328176647037,-3.45724410937708e-05,0.0,-0.00022896076482742576,0.0,0.0,-0.03390629024226885,-1.567007606974637,-0.035996692577750664,0.0,0.0,0.0,0.028103446324058576,0.004608,25.6912,-0.5471396127447401,-0.008991407152886191,-150.49755431999998,0.64894016,-0.5,294912,36.49318519301607,-0.011197916666666592,2.030059267531924,0.0012463505,60,0.00029944704,-34.06455326080322,0.07248246669769287,1.0009102821350098,-0.004467778687831015,0.0004638671875,514.42822265625,0.2,1113.3991455078126
17,0.01,-9.237716134958057e-09,-0.13312495411141123,0.0,2765,50.27,-9.409109117419687e-07,-0.06089374310320858,-0.21617027656310614,-8.204408048220453e-06,-0.24319527881590114,0.0,0.0,0.0,113,-0.0029546399324103284,-1.5410737453635577,0.11407392612020575,-0.14781490511030682,-0.3102731125330248,-0.00014458353957543397,0.0,-0.0002535487450273979,0.0,0.0,-0.039800152646793076,-1.5668002389408227,-0.037429645698989565,0.0,0.0,0.0,0.02859983458604949,0.0049152,25.73728,-0.5448240584869857,-0.009765060697746877,-150.17519325,0.648869504,-0.5,313344,39.92587414207201,-0.011067708333333252,2.277468102977155,0.0015751667,64,0.00029941017599999996,-34.06246337890625,0.05848413705825806,1.0007894039154053,-0.005228094791527837,0.00115966796875,468.12481689453125,0.2,1025.7945251464844
18,0.01,-8.358204632261152e-09,-0.13176651468873804,0.0,2765,49.64,-1.012900986616219e-06,-0.060886677839946536,-0.21572114106116333,-8.911399101055172e-06,-0.2406511156635079,0.0,0.0,0.0,119,-0.0027669476522874533,-1.5321736697537347,0.10530820421280032,-0.1426450706721982,-0.3013346860296704,-0.00023302478634702354,0.0,-0.0002690560068505782,0.0,0.0,-0.03519662705172911,-1.5609901620689433,-0.03681716940664598,0.0,0.0,0.0,0.02855609474143454,0.0052224,25.783360000000002,-0.5437841093722687,-0.00901636368911972,-149.54111475,0.648798848,-0.5,331776,36.85787147448011,-0.010839843749999932,1.984391727178276,0.0020596045,68,0.00029937331199999997,-34.061452293395995,0.006749212741851807,1.0006464719772339,-0.0058441282715648414,0.003466796875,449.7527160644531,0.2,967.276577758789
19,0.01,-9.034966752670135e-09,-0.135174548927855,0.0,2766,50.45,-1.0648058262126094e-06,-0.06085125317914703,-0.2161341335349175,-9.56912224500932e-06,-0.24865924361875136,0.0,0.0,0.0,126,-0.0027724834200632442,-1.5315988493810595,0.10621298855619415,-0.14890989202776306,-0.306574354682377,-3.2063819009751466e-06,0.0,-0.00029837890734453763,0.0,0.0,-0.0345593452492287,-1.566588217307086,-0.03750395879978127,0.0,0.0,0.0,0.027252228881842,0.0055296,25.829439999999998,-0.5465219700350518,-0.010390601827465516,-150.34269154,0.648728192,-0.5,350208,37.17454599466795,-0.011143663194444372,2.0685261567119526,0.0016957058,72,0.000299336448,-34.06203327178955,0.009092867374420166,1.0009033679962158,-0.005429160594940185,0.001513671875,407.8808898925781,0.2,892.1667602539062
20,0.01,-9.026190086588974e-09,-0.13528863866001895,0.0,2766,49.93,-1.1170121819651992e-06,-0.06101689249741133,-0.21608241174571954,-1.0009158752175422e-05,-0.24346685630925538,0.0,0.0,0.0,133,-0.0028586534676958396,-1.544100092229294,0.11006251875071879,-0.14492442177363193,-0.3091128537185573,-0.00024791203413105853,0.0,-0.0003098190371391131,0.0,0.0,-0.03599648346292863,-1.5588175120645298,-0.038253824639577674,0.0,0.0,0.0,0.0277449255075039,0.0058368,25.87552,-0.5470637740438064,-0.010690623045472117,-149.83332903000002,0.648657536,-0.5,368640,38.521881562751574,-0.011187065972222122,2.174588405408376,0.001990728,76,0.000299299584,-34.064737701416014,0.014621317386627197,1.0010191202163696,-0.005878533574286848,0.00264892578125,383.3319396972656,0.2,832.5484924316406
21,0.01,-9.31000429302663e-09,-0.14569111867892412,0.0,2767,50.27,-1.1831512230179585e-06,-0.060939215240602466,-0.21577406482110809,-1.0845755780751681e-05,-0.26760378436508553,0.0,0.0,0.0,139,-0.0029966424506857356,-1.589554351316071,0.11671159456652358,-0.15505670303532304,-0.3392963934207416,-6.257741998405067e-06,0.0,-0.0003226925398338674,0.0,0.0,-0.03732100519027925,-1.5638620871168012,-0.04098003413668608,0.0,0.0,0.0,0.030539535764924877,0.006144,25.9216,-0.5412433534095074,-0.010531661068348007,-150.15661133,0.64858688,-0.5,387072,40.84905809828325,-0.010644531249999927,2.383809752217148,0.0022862698,80,0.00029926272,-34.06709442138672,0.0007748603820800781,1.0012162923812866,-0.0065049893106333915,0.00328369140625,356.92327880859375,0.2,768.3739624023438
22,0.01,-9.65936421020407e-09,-0.13997829007954185,0.0,2767,50.57,-1.24737049805082e-06,-0.06091588866530311,-0.213737962450452,-1.1316274634242861e-05,-0.2602891420761502,0.0,0.0,0.0,146,-0.0028863337407283723,-1.5721526600831148,0.11236767019780064,-0.1509303650255009,-0.3250432540616653,-3.893822234416296e-06,0.0,-0.0003388094462275773,0.0,0.0,-0.03958254686497184,-1.5583615930327994,-0.03922533643772346,0.0,0.0,0.0,0.029091593028914176,0.0064512,25.96768,-0.5428738931060839,-0.010447567933523614,-150.46321729,0.648516224,-0.5,405504,39.32868456923023,-0.01063368055555549,2.218111870965608,0.002088381,84,0.00029922585599999996,-34.06851081848144,-0.002626776695251465,1.001278281211853,-0.006056211527902633,0.00240478515625,334.4630126953125,0.2,725.2217742919922
23,0.01,-1.0165948991076728e-08,-0.14087510155112437,0.0,2768,50.58,-1.3666222674320854e-06,-0.061041880451654956,-0.21362436178739397,-1.255231951274361e-05,-0.26392740188482655,0.0,0.0,0.0,153,-0.002911773758537681,-1.5704331551182613,0.11382180178245815,-0.15534183353053313,-0.3283461407688289,-8.031094268712518e-07,0.0,-0.0003656962447529651,0.0,0.0,-0.04231257433025176,-1.565700259924779,-0.03907010432124916,0.0,8.68055051089161e-06,0.0,0.028227944104949165,0.0067584,26.01376,-0.5424766443599748,-0.010666751503271775,-150.47722296,0.648445568,-0.5,423936,39.837630623860356,-0.01121961805555547,2.267514426978657,0.002411873,88,0.000299188992,-34.06687297821045,-0.009115457534790039,1.0011131763458252,-0.006513234903104603,0.0041015625,318.6477355957031,0.2,675.5182342529297
24,0.01,-9.668327812283408e-09,-0.14359912436479083,0.0,2769,51.16,-1.3759853287786503e-06,-0.06099743075923874,-0.214998599984796,-1.2820355463222641e-05,-0.2682387269921851,0.0,0.0,0.0,159,-0.0028954163293088107,-1.5892806808206439,0.1095540734482954,-0.15609652231267,-0.3382502221159751,-1.9207909960526984e-05,0.0,-0.00038931394675115026,0.0,0.0,-0.03792427661817029,-1.5614875873895342,-0.040503559553196664,0.0,0.0,0.0,0.029623881386808177,0.0070656,26.05984,-0.5410044670056391,-0.010661326182243,-151.05030834000002,0.648374912,-0.5,442368,38.34392570690339,-0.010698784722222143,2.1926984376343093,0.0021179602,92,0.000299152128,-34.06288585662842,-0.014182090759277344,1.0007795095443726,-0.006472950440365821,0.0019287109375,286.65496826171875,0.2,621.5921142578125
25,0.01,-9.811184554103027e-09,-0.14288880979823002,0.0,2770,50.7,-1.4299414336025143e-06,-0.061259844883771536,-0.21632791028172782,-1.3402992098804382e-05,-0.26393077942260995,0.0,0.0,0.0,166,-0.002893055504514044,-1.5773569255588198,0.11693432048938407,-0.15131601104914633,-0.33387768744087026,-2.6879421978905592e-05,0.0,-0.0004037873588723773,0.0,0.0,-0.03605545535593122,-1.5645539528904178,-0.040350994967553094,0.0,0.0,0.0,0.02965229608809659,0.0073728,26.10592,-0.5435178895970877,-0.010427494239087941,-150.5895079,0.648304256,-0.5,460800,40.927012171284424,-0.01112196180555546,2.3929489428039115,0.0029212441,96,0.000299115264,-34.061276245117185,0.03099048137664795,1.000760793685913,-0.007329782075248659,0.00465087890625,265.955078125,0.2,573.5798370361329
26,0.01,-1.045380718412563e-08,-0.1495210738247824,0.0,2770,52.2,-1.5347376036593061e-06,-0.061147980598767644,-0.2157125333583783,-1.425502699098261e-05,-0.27989671378105824,0.0,0.0,0.0,172,-0.002922776204237677,-1.6241279565730764,0.11699392506888817,-0.16281103330336072,-0.3572108697441132,-2.1847473706246876e-05,0.0,-0.0004087063839557551,0.0,0.0,-0.041203226735326046,-1.5639288425492344,-0.042880795630146455,0.0,0.0,0.0,0.030610607983981224,0.00768,26.152,-0.5387870240613728,-0.011377471036717502,-152.0963552,0.6482336000000001,-0.5,479232,40.94787377411086,-0.011002604166666576,2.4022377463634217,0.0033594116,100,0.0002990784,-34.063060188293456,0.009173929691314697,1.00101637840271,-0.007786155841313302,0.00709228515625,252.25401306152344,0.2,532.2420135498047
27,0.01,-9.902224412402406e-09,-0.14616619657585,0.0,2770,51.34,-1.576866061878428e-06,-0.06114713738948939,-0.21401102210983436,-1.4779462269274113e-05,-0.27540646569431476,0.0,0.0,0.0,179,-0.00285729706717115,-1.620097033521827,0.11030378710178143,-0.15697142532253938,-0.354402103560812,-1.8161660605988368e-06,0.0,-0.00041730734088510027,0.0,0.0,-0.036947071144273376,-1.5551469114918035,-0.04271993445831029,0.0,3.2552052289247513e-06,0.0,0.03009179289739937,0.0079872,26.19808,-0.5389197982320622,-0.009650585783270394,-151.23743874,0.6481629440000001,-0.5,497664,38.6063254856235,-0.011762152777777677,2.1711493399836903,0.0032859475,104,0.00029904153599999997,-34.06575984954834,0.005588412284851074,1.0011775493621826,-0.007699677412165329,0.00643310546875,225.3676300048828,0.2,485.3393020629883
28,0.01,-1.0489435158689207e-08,-0.146518216537689,0.0,2751,51.95,-1.6391510805367693e-06,-0.061532401078477496,-0.21608565643089392,-1.5391448549785194e-05,-0.27903227535292574,0.0,0.0,0.0,187,-0.0031006847159396208,-1.6189651491218688,0.11451382584344844,-0.15613865167729288,-0.36310727384540303,-2.2351382477593777e-06,0.0,-0.00045090578811650655,0.0,0.0,-0.03788107035671164,-1.5602837059072217,-0.04305314963741559,0.0,7.595485335008965e-06,0.0,0.03161384347205141,0.0082944,26.24416,-0.534557088042574,-0.010315732495251318,-151.83886109,0.6480922880000001,-0.5,516096,40.07983904520695,-0.011360677083333222,2.305248860525432,0.004254201,108,0.000299004672,-34.07004013061523,-0.004902839660644531,1.0015394687652588,-0.008815758116543292,0.0121337890625,206.65911865234375,0.2,449.4762588500977
29,0.01,-9.318260005291552e-09,-0.14806532148082707,0.0,2752,51.11,-1.6738205034148157e-06,-0.06142247777148074,-0.21482599464880023,-1.5844250345588372e-05,-0.2748165214085311,0.0,0.0,0.0,194,-0.0029531842324916195,-1.616869179842369,0.1243171510522381,-0.15493830283441526,-0.35517188486630463,-6.247785450143904e-06,0.0,-0.0004657027628987905,0.0,0.0,-0.034653517200327034,-1.5582727234508849,-0.043303448652944034,0.0,3.2552052289247513e-06,0.0,0.030187100838147105,0.0086016,26.29024,-0.5451940629877186,-0.01081215056991722,-151.00914133999999,0.6480216320000001,-0.5,534528,43.511002868283335,-0.010970052083333242,2.7046073172451908,0.0046541397,112,0.000298967808,-34.07295150756836,0.002235233783721924,1.0017286539077759,-0.009258266282267868,0.01544189453125,196.65499877929688,0.2,415.03818969726564
30,0.01,-9.349935561212003e-09,-0.1510044899181326,0.0,2753,51.71,-1.7692350373552343e-06,-0.06110956056013997,-0.21592029264090085,-1.6508669996267862e-05,-0.28616234108384275,0.0,0.0,0.0,200,-0.0030436499337419976,-1.6394883962108273,0.10908481342871848,-0.1608461596708979,-0.3669559849882584,-7.530863512979649e-06,0.0,-0.00048153888059391424,0.0,0.0,-0.040546051733329584,-1.5511187363166021,-0.04417258909230299,0.0,0.0,0.0,0.03101304642663823,0.0089088,26.33632,-0.5343310157705271,-0.010600562682763362,-151.61101266,0.6479509760000001,-0.5,552960,38.17968470005147,-0.011425781249999902,2.1209192163590647,0.0042238208,116,0.000298930944,-34.07094802856445,0.00153350830078125,1.0015010833740234,-0.008842938882298767,0.0119384765625,172.530517578125,0.2,385.35555877685545
31,0.01,-9.468712853068364e-09,-0.14939875544840406,0.0,2754,51.86,-1.7726795388985782e-06,-0.06132525849477785,-0.21585392181528237,-1.652540279721113e-05,-0.2852736900328779,0.0,0.0,0.0,207,-0.003158852404812218,-1.6356119835393357,0.11582763625523526,-0.1553435905541072,-0.3607145253921249,-0.00014802478687414968,0.0,-0.0004833583213249935,0.0,0.0,-0.03858608619150963,-1.5590322471295508,-0.0438231817584775,0.0,0.0,0.0,0.03140721925591951,0.009216,26.3824,-0.531177863894253,-0.010545223928703409,-151.75040802,0.6478803200000001,-0.5,571392,40.53967268933234,-0.011143663194444346,2.381995311764348,0.004186447,120,0.00029889407999999997,-34.07341079711914,0.0124472975730896,1.0018866062164307,-0.009128819493344053,0.01151123046875,156.0002899169922,0.2,343.92036895751954
32,0.01,-9.79876351965552e-09,-0.15245587045963122,0.0,2755,52.12,-1.8188800917170021e-06,-0.061527557542870585,-0.21529741408721836,-1.6655122307036036e-05,-0.2894513932295105,0.0,0.0,0.0,214,-0.003172674252209358,-1.6493077265105773,0.11666444326486583,-0.154299101583552,-0.3714729542679185,-1.3579453730933757e-05,0.0,-0.0004787485833901396,0.0,0.0,-0.0367650967412264,-1.5624396826230422,-0.044913793600897575,0.0,5.425345281966858e-06,0.0,0.031623616338452926,0.0095232,26.42848,-0.5365309769781211,-0.011572240538144898,-152.01645951,0.6478096640000001,-0.5,589824,40.83255514270304,-0.011143663194444361,2.3820666245373774,0.0045135124,124,0.000298857216,-34.07631416320801,0.034970223903656006,1.0020354986190796,-0.0094859687727876,0.01324462890625,143.61997985839844,0.2,316.0726715087891
33,0.01,-9.899468962523117e-09,-0.15812514527353638,0.0,2756,51.28,-1.9059132211272492e-06,-0.06134794232380866,-0.21491787788088723,-1.776818162931086e-05,-0.2924313669215757,0.0,0.0,0.0,220,-0.0029313903634616344,-1.6653418888907792,0.10643914009690633,-0.1554905409419056,-0.37660096936282916,-1.0392574858498351e-05,0.0,-0.0005148388590500252,0.0,0.0,-0.03885027398409185,-1.5529761247024483,-0.04663380844214557,0.0,0.0,0.0,0.03276654958989114,0.0098304,26.47456,-0.5371667637607769,-0.011324302650690597,-151.18787713,0.6477390080000001,-0.5,608256,37.253699033917215,-0.01114366319444434,2.034415383871678,0.005070202,128,0.000298820352,-34.07375583648682,0.03343087434768677,1.0016651153564453,-0.009997519088210538,0.0171630859375,133.9434051513672,0.2,283.1668075561523
34,0.01,-9.966144940269202e-09,-0.15459904392478074,0.0,2757,53.38,-1.9664296828486536e-06,-0.06127539716987767,-0.21585229997057823,-1.837839692139416e-05,-0.29288503512898584,0.0,0.0,0.0,227,-0.002902734985443507,-1.6568952082726223,0.10412790250228865,-0.1572184952581554,-0.3753265051171768,-4.26363718000333e-06,0.0,-0.0005252847317844846,0.0,0.0,-0.041050393659433686,-1.561619563970959,-0.046198966896759855,0.0,0.0,0.0,0.03325002037761822,0.0101376,26.52064,-0.5356381249466295,-0.011695938170305453,-153.28968337999996,0.6476683520000001,-0.5,626688,36.444765875801025,-0.011100260416666575,1.9490258788516182,0.004991089,132,0.000298783488,-34.069952964782715,0.017208218574523926,1.0014976263046265,-0.010188228671904654,0.01654052734375,118.4810791015625,0.2,259.28031692504885
35,0.01,-9.640121896483534e-09,-0.1517628269875974,0.0,2757,51.34,-2.0472536605419447e-06,-0.06144826399480679,-0.21672123532124796,-2.032508130190405e-05,-0.2779171115860713,0.0,0.0,0.0,233,-0.002767255080539842,-1.6426211018929495,0.1149434001013819,-0.15374846350995652,-0.3646171180169513,-2.2219821636467544e-06,0.0,-0.0005932082293574717,0.0,0.0,-0.0411445739032704,-1.56071335204547,-0.04570944654399834,0.0,0.0,0.0,0.0313482464498567,0.0104448,26.56672,-0.5409568229090392,-0.010592424575912042,-151.24956205,0.6475976960000001,-0.5,645120,40.230190035483666,-0.011393229166666567,2.315736456840577,0.0045425957,136,0.000298746624,-34.07015209197998,0.02711951732635498,1.0014243125915527,-0.009976257267408074,0.0137451171875,108.18006134033203,0.2,231.88866424560547
36,0.01,-9.804896702484868e-09,-0.1500640740204179,0.0,2758,51.64,-2.1823343722129174e-06,-0.06131315514125051,-0.21318678121784138,-2.0861365314998184e-05,-0.28544003514322297,0.0,0.0,0.0,240,-0.002807593787137748,-1.631684477797174,0.11115263901581929,-0.15979298761417834,-0.36445321251178664,-6.487293799158181e-09,0.0,-0.0006041831287487556,0.0,0.0,-0.03597087446053617,-1.5593120489849368,-0.04460305374151514,0.0,1.4105905494135288e-05,0.0,0.032187152007172606,0.010752,26.6128,-0.5343296029094465,-0.010283180268339088,-151.53914122,0.64752704,-0.5,663552,38.90342365553675,-0.011414930555555453,2.294193438701818,0.005360606,140,0.00029870976,-34.067217636108396,0.02338731288909912,1.0013033151626587,-0.01069055765401572,0.017041015625,97.59465026855469,0.2,211.57865295410156
37,0.01,-1.0048630907851034e-08,-0.1485980559421917,0.0,2758,51.76,-2.1716457991389624e-06,-0.06145324206283812,-0.2134428541212807,-2.077347322949327e-05,-0.28622667537367374,0.0,0.0,0.0,247,-0.002887813341844625,-1.6221375464972307,0.110084159703219,-0.15648119968637464,-0.3621373058926372,-2.871843133562628e-06,0.0,-0.0006001055795000315,0.0,0.0,-0.03805652012736163,-1.5576023005667619,-0.04370525453473833,0.0,1.0850690563933717e-05,0.0,0.03109105237892076,0.0110592,26.65888,-0.5399637488160279,-0.011164255134644918,-151.66254662,0.647456384,-0.5,681984,38.52945589612665,-0.011480034722222109,2.246362809279215,0.0057068258,144,0.000298672896,-34.07180061340332,-0.07573115825653076,1.0016608238220215,-0.010810659150592983,0.019970703125,83.66826629638672,0.2,192.2797706604004
38,0.01,-1.0164908315568281e-08,-0.15941206325969798,0.0,2759,54.09,-2.173958300208732e-06,-0.06153943131883385,-0.21332592662733516,-2.1187100279177112e-05,-0.30563350247023685,0.0,0.0,0.0,253,-0.00312274047561368,-1.699128155786103,0.11320887016193537,-0.16056609212559134,-0.397795722341413,-0.00010215185953483018,0.0,-0.0005966473026679821,0.0,0.0,-0.03534603398553456,-1.554845926188377,-0.04925079413676051,0.0,0.0,0.0,0.033531054906742436,0.0113664,26.70496,-0.5305630083672956,-0.011580378590022318,-153.99383822,0.647385728,-0.5,700416,39.62310455667738,-0.012011718749999865,2.2428461926023933,0.0057715536,148,0.000298636032,-34.075982093811035,0.008150756359100342,1.002211093902588,-0.011585158063098788,0.02117919921875,71.88068389892578,0.2,168.0261657714844
39,0.01,-9.642478874435034e-09,-0.15431127321256483,0.0,2760,52.05,-2.327732154997606e-06,-0.06178281156485702,-0.2147153794000682,-2.2716417112092005e-05,-0.2942260698653221,0.0,0.0,0.0,260,-0.0030891021858319217,-1.6603890441984694,0.10590972195464393,-0.15636988972352184,-0.38203171191466456,-0.0001394565515288327,0.0,-0.0006346350397425401,0.0,0.0,-0.03507112071818782,-1.5545639824702375,-0.04694119983360174,0.0,0.0,0.0,0.03306947738538952,0.0116736,26.75104,-0.5322191194933021,-0.011004207623449879,-151.95941424999998,0.647315072,-0.5,718848,37.068402684125374,-0.01145833333333322,1.9629525337986249,0.006454347,152,0.00029859916799999996,-34.082030868530275,0.0159490704536438,1.0025043487548828,-0.012595874653197826,0.02791748046875,65.98431396484375,0.2,144.7297393798828
40,0.01,-9.649120385162988e-09,-0.15722654113268994,0.0,2760,52.44,-2.3729618201066753e-06,-0.06172698652827107,-0.21480476352290706,-2.2734283435219427e-05,-0.29524833249015203,0.0,0.0,0.0,267,-0.0029574163166478443,-1.6673596443813876,0.12291585573699317,-0.15527489582218199,-0.38589911687597117,-2.347406434001051e-05,0.0,-0.0006255373967289769,0.0,0.0,-0.03265188792998307,-1.549184626839712,-0.048057858899149236,0.0,0.0,0.0,0.03372219112731298,0.0119808,26.79712,-0.5287837934357602,-0.011797934652551904,-152.32792502,0.647244416,-0.5,737280,43.02054950794761,-0.010796440972222144,2.6642799222452656,0.0075298995,156,0.00029856230399999997,-34.084906005859374,0.010941028594970703,1.0027282238006592,-0.013028805062640458,0.03758544921875,56.78077697753906,0.2,128.79684181213378
41,0.01,-8.899139497070223e-09,-0.15982201624328424,0.0,2761,54.48,-2.3327230072677368e-06,-0.06135438292825532,-0.2144466320712326,-2.259751828817959e-05,-0.2951563436249879,0.0,0.0,0.0,273,-0.002908627428243446,-1.6849457391921012,0.11107706235289427,-0.15170442852415641,-0.3919946442460658,-3.184682740114654e-05,0.0,-0.0006427999958042792,0.0,0.0,-0.030280814223068775,-1.55084380989031,-0.04986295002329847,0.0,0.0,0.0,0.03429407594001526,0.012288,26.8432,-0.5268258770909595,-0.011496828314395517,-154.37476725,0.64717376,-0.5,755712,38.876971823512996,-0.010991753472222133,2.16613538517554,0.0072666155,160,0.00029852544,-34.087792587280276,0.020719707012176514,1.0030254125595093,-0.012941853859229014,0.03701171875,48.407676696777344,0.2,111.28249816894531
42,0.01,-9.132818840397198e-09,-0.1605698422425412,0.0,2761,53.13,-2.4472211712327023e-06,-0.061679774219490474,-0.21490337255209882,-2.379792136062966e-05,-0.3014787420397267,0.0,0.0,0.0,280,-0.0030190230992232702,-1.6904867813995272,0.10572409748481482,-0.1554024957160277,-0.4009742325739645,-8.114637824600062e-07,0.0,-0.0006632153088212485,0.0,0.0,-0.03508296092010182,-1.5476203677468081,-0.049737625040820965,0.0,0.0,0.0,0.034268242350527195,0.0125952,26.88928,-0.5269805208357163,-0.011350886918888945,-153.02925217,0.647103104,-0.5,774144,37.00343411968519,-0.01149088541666655,1.9661423589097382,0.007671565,164,0.000298488576,-34.09358596801758,0.01382678747177124,1.0035066604614258,-0.014062807045411319,0.0356201171875,42.738006591796875,0.2,94.7140625
43,0.01,-9.39960237136583e-09,-0.15373893343469824,0.0,2762,52.99,-2.5317880601717757e-06,-0.06146426039995093,-0.21335432285858522,-2.4489448107193565e-05,-0.2936653919573018,0.0,0.0,0.0,286,-0.0031346862367418018,-1.6612639658929327,0.11390890617319635,-0.15529193901641436,-0.38250910533988974,-0.00014841251188757101,0.0,-0.0006837264571975828,0.0,0.0,-0.03818816846290282,-1.5433263632156988,-0.0471510086911124,0.0,0.0,0.0,0.03254041269432136,0.0129024,26.93536,-0.5331737477217513,-0.011422501225347837,-152.90289618,0.647032448,-0.5,792576,39.86811716061872,-0.01178385416666657,2.270928846895536,0.008173366,168,0.000298451712,-34.08594741821289,-0.037892818450927734,1.002744197845459,-0.0147488480550237,0.04658203125,35.998146057128906,0.2,81.89286308288574
44,0.01,-1.0068726961137637e-08,-0.15836304293762296,0.0,2763,52.08,-2.5710050037332888e-06,-0.061728418396618974,-0.21408539777912539,-2.4938293019375654e-05,-0.30258245482411683,0.0,0.0,0.0,293,-0.0027757606243856933,-1.6885751222610437,0.10664383754195095,-0.15752033166227106,-0.39760639282576166,-3.851989935697901e-06,0.0,-0.00071555458233623,0.0,0.0,-0.03576870529678862,-1.5457292666394964,-0.04876019380878624,0.0,0.0,0.0,0.03362685713938168,0.0132096,26.98144,-0.5300424529039507,-0.01123369948375815,-151.97765858,0.646961792,-0.5,811008,37.32534313968283,-0.01141493055555544,2.0236149759227553,0.00839925,172,0.00029841484799999997,-34.08685436248779,-0.10572242736816406,1.0030683279037476,-0.014028500416316092,0.04705810546875,28.21982765197754,0.2,69.63036823272705
45,0.01,-1.021508486467823e-08,-0.164144183371148,0.0,2763,53.77,-2.6477573914382197e-06,-0.061955274599233175,-0.21479664291261236,-2.5824523206296446e-05,-0.3141325643000281,0.0,0.0,0.0,300,-0.003062473631960309,-1.71372890060474,0.12862017723105007,-0.16080579720820415,-0.4099718378924639,-6.866452369597561e-06,0.0,-0.0007083988638035371,0.0,0.0,-0.03848783583960804,-1.5505290076113551,-0.050781595274423566,0.0,0.0,0.0,0.03478675059849842,0.0135168,27.02752,-0.5236114756081017,-0.011715469349938858,-153.65438056999997,0.646891136,-0.5,829440,45.01706203086752,-0.011241319444444335,2.8954536520939858,0.0098840725,176,0.000298377984,-34.098319625854494,0.03722107410430908,1.0038843154907227,-0.01683121037785895,0.06058349609375,22.705978393554688,0.2,56.70290393829346
46,0.01,-9.701748939475285e-09,-0.16303761259478364,0.0,2764,53.68,-2.685639288433826e-06,-0.06195049185510588,-0.21430346929389807,-2.533544020979717e-05,-0.30842927897257755,0.0,0.0,0.0,306,-0.0031893065181402007,-1.7098899590875845,0.10956067347974235,-0.15549018800577646,-0.41327656253320244,-1.0879476911532345e-05,0.0,-0.0006939365537465121,0.0,0.0,-0.03765652532283011,-1.5465399683617824,-0.05103473655222221,0.0,9.765625388051072e-06,0.0,0.03480861130871257,0.013824,27.0736,-0.524946274919745,-0.010955922320135869,-153.57747503,0.64682048,-0.5,847872,38.34623571790982,-0.011295572916666555,2.1459107372257034,0.0097587835,180,0.00029834112,-34.087886047363284,0.0023477673530578613,1.0026593208312988,-0.017348462715744972,0.058544921875,17.705869674682617,0.2,44.7692476272583
47,0.01,-9.617546337787162e-09,-0.15802638978630013,0.0,2764,53.43,-2.7909696499003244e-06,-0.061960519985363414,-0.21525102910325483,-2.7486821814199185e-05,-0.3082573726949837,0.0,0.0,0.0,313,-0.0029834657597942373,-1.6911582238143192,0.11265263856772509,-0.15794069334088276,-0.39712783319351863,-0.00019377443202427496,0.0,-0.000760430738035774,0.0,0.0,-0.03674535243842633,-1.5508612438934535,-0.04843190654280058,0.0,0.0,0.0,0.03400684658087367,0.0141312,27.11968,-0.5284896917780879,-0.012031766831771366,-153.32100224,0.646749824,-0.5,866304,39.42842349870378,-0.011382378472222105,2.228780570357064,0.011189935,184,0.000298304256,-34.08283386230469,0.023400068283081055,1.0026681423187256,-0.01860295489896089,0.07369384765625,13.489384651184082,0.2,35.60222501754761
48,0.01,-8.93776914342818e-09,-0.156922889238447,0.0,2765,53.32,-2.802670684845574e-06,-0.062113195147399755,-0.21493737661654055,-2.669321613795871e-05,-0.3050803186715785,0.0,0.0,0.0,319,-0.003076729696206864,-1.6830996634752815,0.11113254551182972,-0.15603734193801186,-0.3985830486970595,-0.0004706102888956642,0.0,-0.00074549225395958,0.0,0.0,-0.03292551924868631,-1.557588181022364,-0.048702956238694875,0.0,7.595485335008965e-06,0.0,0.033870923808549544,0.0144384,27.16576,-0.5308629964086428,-0.012281332218359845,-153.20854810999998,0.646679168,-0.5,884736,38.8963909291404,-0.011664496527777651,2.1613624962866442,0.010904285,188,0.000298267392,-34.09169635772705,0.010667264461517334,1.0035886764526367,-0.019630815112031998,0.077685546875,10.303899765014648,0.2,27.55522985458374
49,0.01,-9.307186235004226e-09,-0.16510360795222656,0.0,2765,53.96,-2.8123360891174992e-06,-0.06179811540280949,-0.21515859345405966,-2.767342496236947e-05,-0.31288253308790426,0.0,0.0,0.0,326,-0.003260829397230364,-1.725193303575005,0.1133803212801929,-0.1549461928560768,-0.41482280944888006,-6.68308930008795e-05,0.0,-0.0007731648748328607,0.0,0.0,-0.036139098218195116,-1.553283268363446,-0.05214985792366147,0.0,1.085065175882644e-06,0.0,0.035703615054218325,0.0147456,27.21184,-0.520256468591342,-0.010794789737297429,-153.84065543,0.646608512,-0.5,903168,39.68311244806752,-0.011295572916666559,2.2496440863669678,0.012437678,192,0.000298230528,-34.095086097717285,0.025495290756225586,1.0035150051116943,-0.020581325923558325,0.09703369140625,7.104918956756592,0.2,19.894366455078124
50,0.01,-1.0040589113739592e-08,-0.16204404663994934,0.0,2766,53.42,-2.839080551102464e-06,-0.06185701441302146,-0.21240942781131547,-2.7349849937547987e-05,-0.31464516241719986,0.0,0.0,0.0,333,-0.0032434360073148646,-1.7120679190358699,0.10603596737344326,-0.15545794673224486,-0.40823231175886765,-0.00013356438909907753,0.0,-0.0007676654157439052,0.0,0.0,-0.037160578911554026,-1.5578097158623496,-0.0500685982803197,0.0,2.387153088218636e-05,0.0,0.03391720633961548,0.0150528,27.25792,-0.5274787047669977,-0.011646567784029886,-153.30288544,0.646537856,-0.5,921600,37.11258858070514,-0.011241319444444349,1.9676372774531519,0.0133634005,196,0.000298193664,-34.091087341308594,0.020469486713409424,1.0034723281860352,-0.02196289408020675,0.10439453125,4.512312412261963,0.2,13.889040803909301
51,0.01,-9.450569608940181e-09,-0.16605687132625824,0.0,2766,54.47,-2.8907573940160684e-06,-0.06195466889783707,-0.21701830062330463,-2.8235096192158154e-05,-0.31824784713610776,0.0,0.0,0.0,339,-0.003120856016194457,-1.7301705327821886,0.10250008143379505,-0.15534891862532607,-0.42203333261793413,-2.21482234185843e-05,0.0,-0.000765921159102778,0.0,0.0,-0.03819660768049055,-1.5532527715189508,-0.05238783475145295,0.0,0.0,0.0,0.03563922369835118,0.01536,27.304000000000002,-0.5224486873099194,-0.011939536049289422,-154.36381118,0.6464672,-0.5,940032,35.87502850182827,-0.011154513888888776,1.8387552162314684,0.014990536,200,0.0002981568,-34.09624118804932,0.02377176284790039,1.0037205219268799,-0.024049597303383054,0.12366943359375,2.4064059257507324,0.2,8.976096248626709
52,0.01,-9.773812166048503e-09,-0.16630274112779142,0.0,2766,54.95,-2.9981530751654167e-06,-0.06203500580720194,-0.2141747040329081,-2.948944090207283e-05,-0.3220898673779846,0.0,0.0,0.0,346,-0.00354409756732157,-1.7345323590194321,0.11493773613922881,-0.1582719624691046,-0.42266126917673064,-0.00045941335264928037,0.0,-0.0008160215822077464,0.0,0.0,-0.037640154186136754,-1.553499676005703,-0.052348234352620766,0.0,0.0,0.0,0.034753692080863624,0.0156672,27.35008,-0.5243060460862184,-0.011904813873115927,-154.84009462999998,0.646396544,-0.5,958464,40.228207648730084,-0.011480034722222098,2.3340572482724395,0.01777616,204,0.000298119936,-34.10312786102295,0.006904482841491699,1.0042303800582886,-0.025973126920871437,0.1440673828125,1.0583785772323608,0.2,5.1435149788856505
53,0.01,-9.771631863074781e-09,-0.16974886145901494,0.0,2767,54.41,-3.0212419265885535e-06,-0.06226297157544311,-0.21349735713944684,-2.9091349086955933e-05,-0.3189437261834472,0.0,0.0,0.0,353,-0.0032549446759110017,-1.7448977250564446,0.11576060632887328,-0.15663837853423832,-0.43231797865872285,-9.59585149950091e-05,0.0,-0.0007844951634165872,0.0,0.0,-0.036525776287645376,-1.5540635139357108,-0.053580296523982836,0.0,0.0,0.0,0.036571003057333046,0.0159744,27.396160000000002,-0.5210494029939823,-0.011777318388340063,-154.31630331,0.646325888,-0.5,976896,40.51621221510565,-0.011534288194444303,2.448892752526714,0.022421308,208,0.00029808307199999997,-34.11802463531494,0.05741071701049805,1.0054712295532227,-0.028042363189160823,0.17528076171875,0.22191914916038513,0.2,2.4644081056118012
54,0.01,-9.635381831129664e-09,-0.16271529456954192,0.0,2767,54.92,-3.1018047818617535e-06,-0.062156324166775696,-0.21294757459519265,-2.999069381542889e-05,-0.3164987181091318,0.0,0.0,0.0,359,-0.0034422414898973635,-1.722855415394675,0.10732244398306776,-0.15628680625624938,-0.41566127109750717,-0.00013549764530749878,0.0,-0.0008358402099595592,0.0,0.0,-0.04414555424302537,-1.550637013627008,-0.050949854571463275,0.0,1.085065175882644e-06,0.0,0.03449685444720669,0.0162816,27.442239999999998,-0.5302039422116942,-0.011967204818372719,-154.79940545,0.646255232,-0.5,995328,37.562855394073715,-0.011306423611110995,2.0256611685361485,0.034704953,212,0.000298046208,-34.1123348236084,0.024182498455047607,1.0053153038024902,-0.023509301710873842,0.256005859375,-0.14516806602478027,0.2,0.8838005095720292
55,0.01,-9.425719200136127e-09,-0.16411445989909484,0.0,2758,55.46,-3.133043782595307e-06,-0.062399556246125996,-0.21411908972936,-2.9965839676418327e-05,-0.3174730081760722,0.0,0.0,0.0,367,-0.0035055532818356943,-1.722949925279411,0.11277345937912123,-0.1541683677622902,-0.4147304511674013,-3.162764657786076e-05,0.0,-0.0008163097004479968,0.0,0.0,-0.039646775683511944,-1.545393368940528,-0.051383999535862056,0.0,0.0,0.0,0.036207827309451074,0.0165888,27.48832,-0.525935633510792,-0.012204835065252459,-155.34993265,0.646184576,-0.5,1013760,39.47071078269243,-0.010698784722222125,2.258477065070099,0.03567028,216,0.000298009344,-34.090420722961426,0.15967100858688354,1.0044673681259155,-0.018778832210227848,0.26900634765625,-0.31615105271339417,0.2,0.3158722586929798
56,0.01,-9.861336554764999e-09,-0.16657641343137383,0.0,2758,54.19,-3.2216269896381065e-06,-0.06231404129222056,-0.21463577974401304,-3.125493079756581e-05,-0.3206601484230965,0.0,0.0,0.0,374,-0.0037943939877810536,-1.7357888036819644,0.1075158283380605,-0.15743709975489872,-0.42413351457382037,-0.0003912338019103587,0.0,-0.0008656174456258436,0.0,0.0,-0.042262679628786444,-1.552179563027409,-0.052266272306816304,0.0,9.765625388051072e-06,0.0,0.035426105755704526,0.016896,27.5344,-0.5248418880333042,-0.011890165384910587,-154.08614877999997,0.64611392,-0.5,1032192,37.630539918321176,-0.01137152777777766,2.023111351824244,0.037059914,220,0.00029797248,-34.10019664764404,0.26245594024658203,1.004272699356079,-0.024622359650675208,0.25755615234375,-0.3773690164089203,0.2,0.10275764651596546
57,0.01,-1.0723470387089016e-08,-0.16339911778156224,0.0,2759,53.42,-3.39250227147593e-06,-0.06272413684713232,-0.21537090853510835,-3.346090903946703e-05,-0.32016574750914967,0.0,0.0,0.0,380,-0.0034428182984900706,-1.7127370275990523,0.11101961808174068,-0.1600233233507157,-0.4094455652534835,-0.00012755678019810265,0.0,-0.0009308398683348483,0.0,0.0,-0.039888720421806696,-1.5450004959814558,-0.050232402864312214,0.0,3.2552052289247513e-06,0.0,0.035087343402363434,0.0172032,27.58048,-0.5325962678300881,-0.011453968089578362,-153.31374029999998,0.646043264,-0.5,1050624,38.856866328609236,-0.01121961805555544,2.205408183464873,0.038833216,224,0.00029793561599999996,-34.10677604675293,0.33227628469467163,1.0048937797546387,-0.029800209030508996,0.28228759765625,-0.39074721932411194,0.2,0.040955403726547955
58,0.01,-9.944370197513087e-09,-0.16867768709703201,0.0,2759,54.22,-3.3952658691918374e-06,-0.06271711175924773,-0.21561991144052545,-3.420197278908984e-05,-0.31969709426316056,0.0,0.0,0.0,387,-0.0034325982823275275,-1.740449980806475,0.10744957989062298,-0.15400708005465513,-0.42403494704551553,-0.000674034452236136,0.0,-0.0009456684161508871,0.0,0.0,-0.036559828620711374,-1.5526923853601868,-0.053627003627117927,0.0,0.0,0.0,0.03625254877981071,0.0175104,27.62656,-0.5254083494769837,-0.011928142776014283,-154.10624853000002,0.645972608,-0.5,1069056,37.60735296171804,-0.011642795138888756,2.0204739531457108,0.037659097,228,0.000297898752,-34.09901351928711,-0.3327840566635132,1.0046589374542236,-0.021703086397610604,0.308251953125,-0.3856360614299774,0.2,0.03164589023217559
59,0.01,-1.0013573414529564e-08,-0.16235111202000155,0.0,2760,53.41,-3.4128583020495346e-06,-0.06275411348511131,-0.21662947047302064,-3.3594287370044906e-05,-0.3195305678544906,0.0,0.0,0.0,394,-0.0034832616822510574,-1.7134265671186868,0.10822767305254474,-0.15677353584452106,-0.410544877903505,-0.00019215974406069559,0.0,-0.0008962039171328206,0.0,0.0,-0.035390994329703156,-1.5419911407340177,-0.05014091904202625,0.0,0.0,0.0,0.035362525575240514,0.0178176,27.67264,-0.5260337501382631,-0.01201332060574916,-153.30150578,0.645901952,-0.5,1087488,37.87968556839066,-0.011219618055555452,2.049931409631177,0.0414508,232,0.000297861888,-34.09786510467529,0.28045809268951416,1.0035432577133179,-0.033812491688877344,0.300341796875,-0.39792346954345703,0.2,0.017483050050213934
60,0.01,-9.44115327105206e-09,-0.16953409132899092,0.0,2760,54.34,-3.494563372840276e-06,-0.0629407181145247,-0.21584370933422845,-3.4941241014225914e-05,-0.327190577702284,0.0,0.0,0.0,400,-0.00346811454176187,-1.7448723215470483,0.11128951020391128,-0.16033650081744005,-0.4217029535644864,-5.504776674832555e-05,0.0,-0.0009456160071980252,0.0,0.0,-0.03908812212508397,-1.5519265055797233,-0.05326842130274602,0.0,0.0,0.0,0.036441428890452474,0.0181248,27.71872,-0.5266412403493871,-0.012114774312875751,-154.24081875000002,0.645831296,-0.5,1105920,38.95132857136895,-0.01156684027777765,2.168090705796852,0.038165525,236,0.000297825024,-34.10796642303467,-4.3034491539001465,1.0070624351501465,-0.00885989300440997,0.26466064453125,-0.3591266870498657,0.2,0.06553320381790399
61,0.01,-9.519617489938722e-09,-0.16955410526762232,0.0,2760,54.88,-3.5239950959776456e-06,-0.062960114696369,-0.21458509431571027,-3.5520572790232764e-05,-0.3285077694076241,0.0,0.0,0.0,407,-0.003680216695494002,-1.7454620793879159,0.10658632151956776,-0.15939317794604949,-0.4245244028995278,-6.3747952226064e-05,0.0,-0.0009691247928361459,0.0,0.0,-0.04458393692110255,-1.5449953723322063,-0.05331324089181581,0.0,0.0,0.0,0.036281730619366,0.018432,27.7648,-0.526746278799135,-0.010626604170991212,-154.78635104,0.64576064,-0.5,1124352,37.30521253184872,-0.01174045138888876,1.9881146997039272,0.04154158,240,0.00029778815999999996,-34.14261302947998,-0.2877312898635864,1.0062239170074463,-0.03316504465183243,0.297509765625,-0.3977351486682892,0.2,0.015221137925982476
62,0.01,-1.0260790712000792e-08,-0.16625907729270042,0.0,2761,54.14,-3.6026447509163625e-06,-0.06288239606539524,-0.21392130474628818,-3.612704860256726e-05,-0.33204862779024447,0.0,0.0,0.0,413,-0.0037787407555186403,-1.7389722738765139,0.12019755098330456,-0.16208571429243257,-0.42204716851635843,-0.0005372089769158201,0.0,-0.0010189098035383326,0.0,0.0,-0.042290191343574965,-1.5402209167948093,-0.052130750369125914,0.0,1.085065175882644e-06,0.0,0.035202187478737934,0.0187392,27.81088,-0.5313429832651971,-0.011938450958243467,-154.03203212999998,0.645689984,-0.5,1142784,42.069142844156595,-0.011903211805555416,2.5283195272350207,0.030631423,244,0.00029775129599999997,-34.11238899230957,-4.57172155380249,1.0059815645217896,-0.012861292995512485,0.24508056640625,-0.37956711649894714,0.2,0.032832737732678655
63,0.01,-9.866579737111293e-09,-0.16521218097098045,0.0,2761,53.41,-3.7356280753780263e-06,-0.06305056158275443,-0.21526913185698449,-3.783589963653605e-05,-0.3195243270203803,0.0,0.0,0.0,420,-0.003488459404338629,-1.7171518601820739,0.1049839797886114,-0.1563910976318235,-0.4107831755652883,-0.00041242416452505406,0.0,-0.0010095819747368549,0.0,0.0,-0.039058160509431054,-1.5442243667798883,-0.0517963647009145,0.0,0.0,0.0,0.03518959994684525,0.0190464,27.85696,-0.531170002703059,-0.011804445066243514,-153.30279188999998,0.645619328,-0.5,1161216,36.744392926013994,-0.01158854166666654,2.000475091951111,0.037129633,248,0.000297714432,-34.130621147155765,-0.008646368980407715,1.0054144859313965,-0.03723866991931572,0.27020263671875,-0.4113794267177582,0.2,0.011300657177343965
64,0.01,-1.0235512393762568e-08,-0.16806755903147785,0.0,2761,54.84,-3.746731789641672e-06,-0.0631010046782776,-0.21593741326222646,-3.713794124993424e-05,-0.32516302427384686,0.0,0.0,0.0,427,-0.0033372129141766545,-1.7462022442962968,0.10525627473173882,-0.15760672218582278,-0.4248442457052859,-7.511658327967314e-05,0.0,-0.0010146129493155444,0.0,0.0,-0.03611765807963047,-1.541847488281332,-0.05307796620662099,0.0,0.0,0.0,0.036263842561407314,0.0193536,27.90304,-0.5297746559410133,-0.01144094734142224,-154.71055095000003,0.645548672,-0.5,1179648,36.83969615610859,-0.011263020833333203,1.955347815911603,0.032770008,252,0.000297677568,-34.090112113952635,0.15150344371795654,1.003511667251587,-0.03690869661513716,0.2654052734375,-0.4135284721851349,0.2,0.009672883851453661
65,0.01,-1.0131676712993316e-08,-0.171822396348165,0.0,2762,54.75,-3.85428614337274e-06,-0.06320176563420514,-0.21638624549987154,-3.8752461058545296e-05,-0.3265714988128399,0.0,0.0,0.0,433,-0.003553042414257798,-1.7620242753196413,0.11528643096024524,-0.15609035165793378,-0.4357635282665346,-0.00016615203151253488,0.0,-0.0010375327555631588,0.0,0.0,-0.04036436473832941,-1.5415443191414884,-0.055539705887098494,0.0,0.0,0.0,0.03805070291192978,0.0196608,27.94912,-0.5213366767138757,-0.010807810511323623,-154.65212734,0.645478016,-0.5,1198080,40.350250836085834,-0.01151258680555544,2.326382701178617,0.031223739,256,0.000297640704,-34.10384063720703,0.32746565341949463,1.0042335987091064,-0.03833993748994544,0.25478515625,-0.41421252489089966,0.2,0.008395675383508206
66,0.01,-9.798740975713143e-09,-0.16622108778731892,0.0,2762,54.74,-3.838964678824078e-06,-0.06331926933880909,-0.2162902272879463,-3.884722185275843e-05,-0.32281423367059625,0.0,0.0,0.0,440,-0.0035814351605275136,-1.7328386971326037,0.10891110755850264,-0.15402279864656268,-0.4215815844794253,-8.987556715970755e-05,0.0,-0.0010503803942880348,0.0,0.0,-0.03835881333534092,-1.5486118363604264,-0.05284342666452127,0.0,5.42533558069004e-06,0.0,0.03652386460276364,0.019968,27.9952,-0.5279870147001532,-0.012149496611932086,-154.64201561000002,0.64540736,-0.5,1216512,38.11888764547592,-0.011263020833333214,2.07592244101688,0.02945881,260,0.00029760383999999997,-34.097900390625,0.31796789169311523,1.0037187337875366,-0.038100014277733865,0.2296875,-0.4059605002403259,0.2,0.008115814090706408
67,0.01,-1.0321962485373737e-08,-0.17024381210565245,0.0,2762,54.74,-4.001738221449786e-06,-0.06304218803817646,-0.217228636935902,-4.05122219063668e-05,-0.3212889968580205,0.0,0.0,0.0,447,-0.0037729266652046243,-1.7437337045435763,0.10777329636745814,-0.1546654248030024,-0.4265517963082874,-0.00022950654020757516,0.0,-0.001085515802296975,0.0,0.0,-0.04166454401705029,-1.5565620153788222,-0.054692886321250314,0.0,0.0,0.0,0.036853214854359446,0.0202752,28.04128,-0.523367081393902,-0.011324845374070315,-154.63541499000002,0.645336704,-0.5,1234944,37.72065372861035,-0.011914062499999871,2.11525617624778,0.022427363,264,0.000297566976,-34.09541034698486,-3.1212453842163086,1.0039945840835571,-0.013486279058270156,0.18782958984375,-0.35134458541870117,0.2,0.018965936684980988
68,0.01,-1.0069532953098957e-08,-0.17100600280861322,0.0,2762,54.44,-4.025697011505745e-06,-0.06330921517731528,-0.2162181274275093,-4.1136214832676856e-05,-0.32780289704149235,0.0,0.0,0.0,453,-0.003584723122408512,-1.7526413116980288,0.10023380051883812,-0.15624464502014634,-0.4258215813773918,-0.00027270599350773624,0.0,-0.0011065743884896729,0.0,0.0,-0.03963279807159894,-1.555147191683418,-0.054839397668983055,0.0,0.0,0.0,0.037210373434597946,0.0205824,28.08736,-0.5235364670259393,-0.01141707603690318,-154.32028236999997,0.645266048,-0.5,1253376,35.08183018159335,-0.012076822916666516,1.7735848347899141,0.025750294,268,0.000297530112,-34.09801540374756,-0.8486888408660889,1.003872275352478,-0.023197445622645318,0.20362548828125,-0.3859556019306183,0.2,0.012337731663137674
69,0.01,-1.0071447023646834e-08,-0.1722971829632039,0.0,2763,54.92,-4.065121404172385e-06,-0.06358192282291597,-0.21614721764231526,-4.199046231815931e-05,-0.32821752520445446,0.0,0.0,0.0,460,-0.003496148092736479,-1.7557289610177231,0.10674666829452617,-0.15718250985380125,-0.4276852145235058,-1.9464747752380582e-05,0.0,-0.0011017156738953185,0.0,0.0,-0.041370002109734995,-1.5578134246991322,-0.05476044786534231,0.0,0.0,0.0,0.037813442501192854,0.0208896,28.13344,-0.5246238204171986,-0.011753989584071355,-154.80993512999999,0.645195392,-0.5,1271808,37.36133390308416,-0.011675347222222087,2.0140087686072308,0.024406468,272,0.000297493248,-34.092984199523926,0.3327292799949646,1.0030944347381592,-0.03776406855322421,0.20830078125,-0.4057600200176239,0.2,0.008260219404473901
70,0.01,-9.797967834747299e-09,-0.17442655975047094,0.0,2763,54.02,-4.155504216732307e-06,-0.06360174988410944,-0.21621043337907003,-4.292926245602512e-05,-0.3236105365300156,0.0,0.0,0.0,466,-0.0035816344220471683,-1.760406335744099,0.10652468343026303,-0.15299265598897688,-0.42982132422536545,-0.0007418679845629461,0.0,-0.0011466998381855949,0.0,0.0,-0.04094529622582203,-1.5500042739203932,-0.05609606682341201,0.0,0.0,0.0,0.037944794813003904,0.0211968,28.17952,-0.524416695988814,-0.011615643533231277,-153.92148008,0.645124736,-0.5,1290240,37.28363920059206,-0.01151258680555545,1.9858147089947502,0.025238365,276,0.000297456384,-34.08856544494629,0.3962436318397522,1.003069281578064,-0.037815418629907074,0.21002197265625,-0.4091026186943054,0.2,0.007461955165490508
71,0.01,-1.0281822497213861e-08,-0.1684778395073403,0.0,2763,55.7,-4.142215550599937e-06,-0.06352490409197756,-0.21662935423035734,-4.081155502151547e-05,-0.3208798197171557,0.0,0.0,0.0,473,-0.00342223525720678,-1.7433530771490062,0.11116382433619645,-0.15049657097315294,-0.42169047969223944,-0.0003385933547256278,0.0,-0.0010927502368543206,0.0,0.0,-0.03956340212230148,-1.5485531344356909,-0.05391159078091678,0.0,0.0,0.0,0.03715032854565212,0.021504,28.2256,-0.5269019800457325,-0.012125082470851744,-155.59129048999998,0.64505408,-0.5,1308672,38.90733851766876,-0.011208767361111007,2.1699264885550105,0.025097808,280,0.00029741952,-34.09323902130127,0.40138518810272217,1.0034608840942383,-0.037985742557793856,0.21307373046875,-0.41148748993873596,0.2,0.007292407611384988
72,0.01,-9.741125409309203e-09,-0.1704762316250964,0.0,2764,54.03,-4.248963192337607e-06,-0.06353336815150495,-0.21640655998008648,-4.336210954667895e-05,-0.32436168675199645,0.0,0.0,0.0,480,-0.0036654430450634968,-1.7407851146285191,0.12278305031543661,-0.15141604348769938,-0.4257335764241779,-0.00027452116492936645,0.0,-0.001181003065714403,0.0,0.0,-0.04061050163227699,-1.546078563745898,-0.05513976880514016,0.0,0.0,0.0,0.03676813623896762,0.0218112,28.27168,-0.5269727406800029,-0.011302058711104715,-153.93023896,0.644983424,-0.5,1327104,42.97406761040281,-0.01153428819444433,2.6386865047245,0.025929887,284,0.000297382656,-34.089569854736325,0.4248189926147461,1.0028102397918701,-0.03771140215685591,0.20689697265625,-0.4080069363117218,0.2,0.0070839646272361275
73,0.01,-9.897720480111252e-09,-0.16641071879572425,0.0,2764,54.41,-4.301183294026383e-06,-0.06373751401052291,-0.21663601185828177,-4.3696660588462976e-05,-0.3132246143699304,0.0,0.0,0.0,486,-0.003394814841504096,-1.735679337554146,0.11082803414572176,-0.15114719986270359,-0.41360151801284967,-0.00011228072387680114,0.0,-0.0011817388134661975,0.0,0.0,-0.042445095315329466,-1.5509723527851549,-0.0536499781013522,0.0,5.425345281966858e-06,0.0,0.036498387948808365,0.0221184,28.31776,-0.5282907048005694,-0.011444745071154708,-154.31025795,0.644912768,-0.5,1345536,38.78981195100262,-0.011599392361111007,2.21173549440155,0.022937095,288,0.000297345792,-34.083126831054685,0.1664225459098816,1.0026377439498901,-0.03079562485218048,0.19307861328125,-0.4030579626560211,0.2,0.00785261821001768
74,0.01,-9.638407748442045e-09,-0.1733245589099127,0.0,2764,54.54,-4.1926127221876395e-06,-0.06367707815895153,-0.21705213035284998,-4.2470081637988746e-05,-0.32696279401519734,0.0,0.0,0.0,493,-0.003499884553937257,-1.766682918306679,0.11331588958216388,-0.1514208684441241,-0.4317316923348237,-7.594237003851274e-05,0.0,-0.001147173998685004,0.0,0.0,-0.04051058788630443,-1.5480445914475673,-0.05568938121051062,0.0,2.387153088218636e-05,0.0,0.038357999763319,0.0224256,28.36384,-0.5215334111423785,-0.010967315417171145,-154.4206914,0.644842112,-0.5,1363968,39.66056135375736,-0.010980902777777678,2.2471137998408435,0.021985177,292,0.00029730892799999996,-34.084499740600585,0.3668847680091858,1.0025668144226074,-0.03567587221041322,0.18834228515625,-0.41152188181877136,0.2,0.007479489175602793
75,0.01,-9.343721956444447e-09,-0.1750062839260783,0.0,2764,55.83,-4.335292956348411e-06,-0.06389293454040694,-0.21942522841935952,-4.340297671835419e-05,-0.33111590116735146,0.0,0.0,0.0,500,-0.003613059463029194,-1.766926037519583,0.11473229209118033,-0.15434925750209583,-0.4306292842167788,-0.00017846614566153048,0.0,-0.0011409894128722158,0.0,0.0,-0.04056199802410356,-1.5516569389878265,-0.055452351090809364,0.0,1.6276035845900576e-05,0.0,0.038881928614665516,0.0227328,28.40992,-0.5209774284211445,-0.011459935967448272,-155.72812206999998,0.6447714560000001,-0.5,1382400,40.156302231913116,-0.011208767361110993,2.303612552321757,0.021984747,296,0.00029727206399999997,-34.081955146789554,0.4388914108276367,1.00246262550354,-0.03663898488739505,0.1858154296875,-0.40350666642189026,0.2,0.006848315661773086
76,0.01,-9.447643558694971e-09,-0.17221073554952043,0.0,2764,55.79,-4.344172470669202e-06,-0.06411154266082206,-0.21685129297436812,-4.3299270759950254e-05,-0.32920442724282084,0.0,0.0,0.0,506,-0.0036084595137889927,-1.7628424291096647,0.11520608374462735,-0.15572456798491688,-0.427589126787996,-0.000335399271213543,0.0,-0.001169284252835278,0.0,0.0,-0.042171625387827566,-1.544662933411683,-0.054331541668515115,0.0,3.2552052289247513e-06,0.0,0.038127060549559166,0.02304,28.456,-0.526255144995069,-0.012192356641106825,-155.68178662,0.6447008000000001,-0.5,1400832,40.32212931061957,-0.011393229166666519,2.322848943219715,0.021797802,300,0.0002972352,-34.08437080383301,0.39150315523147583,1.0028012990951538,-0.035411563655361536,0.18839111328125,-0.4061734676361084,0.2,0.007065348955802619
77,0.01,-9.646795429078057e-09,-0.1777216468875097,0.0,2764,55.9,-4.485111948225104e-06,-0.06394376055441453,-0.21869563153381383,-4.559243010081144e-05,-0.3279702706161673,0.0,0.0,0.0,513,-0.0034763378283655397,-1.7827917294652282,0.10854149488893428,-0.1516498052023994,-0.43982201516992303,-5.892737221136144e-05,0.0,-0.001165167761682102,0.0,0.0,-0.03973328831639566,-1.5502181659289094,-0.057545692711031125,0.0,0.0,0.0,0.039227660765474556,0.0233472,28.50208,-0.5225966268013201,-0.011109459005335035,-155.80411293999998,0.6446301440000001,-0.5,1419264,37.98952321112699,-0.011707899305555417,2.078667576428045,0.022022601,304,0.000297198336,-34.08729515075684,0.43400466442108154,1.002820611000061,-0.037231269420590254,0.18553466796875,-0.4064289331436157,0.2,0.006877545756287873
78,0.01,-9.720723367881415e-09,-0.1746822639497724,0.0,2765,55.83,-4.461114853230998e-06,-0.06415786757980838,-0.21886817623019134,-4.469189248426884e-05,-0.3313137795175707,0.0,0.0,0.0,519,-0.0036056357478536738,-1.7645610967786036,0.10615181180073302,-0.15298767664081409,-0.43262458525693703,-5.5380074806698076e-05,0.0,-0.001183623731736859,0.0,0.0,-0.03592285662871973,-1.5477158570019927,-0.0550413073119142,0.0,5.425345281966858e-06,0.0,0.039116994693672205,0.0236544,28.54816,-0.5228788321674623,-0.01236325496251488,-155.72378232,0.6445594880000001,-0.5,1437696,37.153134130256554,-0.010590277777777693,2.0089437959951106,0.022278532,308,0.000297161472,-34.08272876739502,0.44716596603393555,1.0025038719177246,-0.03660102718276903,0.19244384765625,-0.40549972653388977,0.2,0.0068134281551465396
79,0.01,-9.787339227610019e-09,-0.18103894639474272,0.0,2765,55.44,-4.617907144029205e-06,-0.06397613002977895,-0.21780974831500538,-4.74629714467283e-05,-0.3333889335061585,0.0,0.0,0.0,526,-0.003515446270793975,-1.801239840880711,0.10733518861439853,-0.1498279250209692,-0.4449645094305567,-0.00015490606249003377,0.0,-0.001212788492417671,0.0,0.0,-0.03803743143131143,-1.5519319658670367,-0.05872092633253315,0.0,1.8446185600219502e-05,0.0,0.040539421629686226,0.0239616,28.59424,-0.5218154978644052,-0.012205377665749337,-155.32908309,0.6444888320000001,-0.5,1456128,37.56731601503949,-0.011046006944444336,2.166212940999416,0.021529902,312,0.00029712460799999997,-34.076119613647464,0.45882344245910645,1.002086877822876,-0.03691657965537161,0.1841796875,-0.4074040353298187,0.2,0.006782216485589743
80,0.01,-9.343282185297235e-09,-0.17296285731369865,0.0,2765,55.37,-4.660531725521904e-06,-0.06404769907019117,-0.21643525004142714,-4.674142773117987e-05,-0.3276967376985837,0.0,0.0,0.0,533,-0.003661032581653679,-1.761429163495213,0.1169268431362887,-0.1501135631066277,-0.42644504419390394,-0.00010774602764481528,0.0,-0.0012358538844942997,0.0,0.0,-0.04298144657867077,-1.553887319314704,-0.05511679514677418,0.0,1.736111072306004e-05,0.0,0.038964419042935405,0.0242688,28.64032,-0.5221482557235982,-0.012070829265414633,-155.25607454000001,0.6444181760000001,-0.5,1474560,40.924395097701044,-0.011425781249999871,2.3952320863919803,0.020839147,316,0.000297087744,-34.081384086608885,0.1577972173690796,1.0026075839996338,-0.028178502433001996,0.17257080078125,-0.37483155727386475,0.2,0.007882315991446375
81,0.01,-9.504392709332758e-09,-0.17810651437388636,0.0,2765,54.4,-4.730041966081717e-06,-0.06384999764450067,-0.21861400605172732,-4.824043294472807e-05,-0.3271520805342705,0.0,0.0,0.0,539,-0.003239940598780334,-1.7830232055085407,0.11694989606722986,-0.15045029589016087,-0.43548966794139327,-7.002635969568248e-05,0.0,-0.0012587910652117366,0.0,0.0,-0.04035888071341879,-1.5419635228836612,-0.057332606276259496,0.0,0.0,0.0,0.04021126972278485,0.024576,28.6864,-0.5163592924151379,-0.009982616385160428,-154.30255112999998,0.6443475200000001,-0.5,1492992,40.93246362353045,-0.011273871527777658,2.3935541137463465,0.021237094,320,0.00029705088,-34.08028507232666,0.45717233419418335,1.0023082494735718,-0.03640926493681036,0.17965087890625,-0.4075857400894165,0.2,0.006773765361867845
82,0.01,-9.161611389293306e-09,-0.17032809232644247,0.0,2759,54.64,-4.830803877973807e-06,-0.06403151654458893,-0.21741599263247507,-4.854936805928365e-05,-0.3289368358877799,0.0,0.0,0.0,547,-0.0035563805543792596,-1.7660459852652912,0.10731306578153454,-0.15353473657642386,-0.4280967276653145,-6.081004193652467e-05,0.0,-0.001298069571533605,0.0,0.0,-0.039855280581504414,-1.54813851675702,-0.05480458272090888,0.0,0.0,0.0,0.03933856891587228,0.0248832,28.73248,-0.5200070743490941,-0.011506051665896343,-154.52888094999997,0.6442768640000001,-0.5,1511424,37.55957302353709,-0.011219618055555425,2.015316475871296,0.02140613,324,0.000297014016,-34.07337532043457,0.4545688033103943,1.00188148021698,-0.03443929082131945,0.1755126953125,-0.40120404958724976,0.2,0.0066540299216285344
83,0.01,-9.265264841086388e-09,-0.17795388104434715,0.0,2759,55.37,-4.885648570714206e-06,-0.06409913397661109,-0.21944481754552714,-4.991127499230203e-05,-0.33158699328093094,0.0,0.0,0.0,554,-0.0036460738387386208,-1.7849637482949647,0.1109816183138671,-0.1501198665535333,-0.43587367366094676,-0.0002513897305129887,0.0,-0.001315241787471509,0.0,0.0,-0.04431387723210631,-1.5415877372657434,-0.05736031598408647,0.0,5.425345281966858e-06,0.0,0.040396142146725,0.0251904,28.77856,-0.5160197445502559,-0.011239125011747496,-155.27087905,0.6442062080000001,-0.5,1529856,38.84356640985349,-0.011100260416666553,2.157310254060487,0.020446258,328,0.000296977152,-34.0761001586914,0.4632718563079834,1.002233862876892,-0.03490879866294563,0.17218017578125,-0.40583816170692444,0.2,0.006584517401643097
84,0.01,-9.76069965928028e-09,-0.17784379984547585,0.0,2759,55.25,-5.082632494134778e-06,-0.06425941660684177,-0.2189763966112872,-5.198103395809212e-05,-0.33713235291742727,0.0,0.0,0.0,561,-0.003817901858918097,-1.7854268636121153,0.11068024662226947,-0.1571210245485527,-0.43862893313056167,-0.0002858933020724882,0.0,-0.0013293039711091146,0.0,0.0,-0.0474628404284923,-1.54314892250448,-0.0566562127897451,0.0,3.2552052289247513e-06,0.0,0.03974092535033562,0.0254976,28.82464,-0.5221758264673938,-0.01198782148033691,-155.13796839,0.6441355520000001,-0.5,1548288,38.73808631779431,-0.011252170138888778,2.35167036468226,0.020169796,332,0.000296940288,-34.081122970581056,0.16115182638168335,1.0026978254318237,-0.030544720008037984,0.1672119140625,-0.4046763777732849,0.2,0.007620312599465251
85,0.01,-9.579782343472251e-09,-0.17930240469777986,0.0,2759,55.94,-4.9394809400892576e-06,-0.06426993564888123,-0.2200163055626234,-5.015006045674763e-05,-0.3227641964632551,0.0,0.0,0.0,567,-0.003950760055033627,-1.7881524563099487,0.11154379063271,-0.14512777451895512,-0.43624508265301165,-0.0006550965817778877,0.0,-0.0012856381509894462,0.0,0.0,-0.04659945680398685,-1.5573509212679968,-0.057927239505080115,0.0,3.2552052289247513e-06,0.0,0.04133842486454474,0.0258048,28.87072,-0.5186634017212595,-0.011174563185906865,-155.83995434,0.644064896,-0.5,1566720,39.0403267214485,-0.010720486111111018,2.1774322038590728,0.01972206,336,0.000296903424,-34.08589210510254,0.3187539577484131,1.0028440952301025,-0.031211991026066244,0.1653564453125,-0.37978994846343994,0.2,0.007317521004006266
86,0.01,-9.614232577258033e-09,-0.17328692318425173,0.0,2760,55.65,-5.014637985091195e-06,-0.06420857407040963,-0.21835171806267448,-5.186491852915511e-05,-0.33073612075589964,0.0,0.0,0.0,574,-0.0038324587549958297,-1.7794400839990747,0.10993874068288248,-0.15016104899629457,-0.4327329060986653,-0.00019990120634271212,0.0,-0.0013556900228700434,0.0,0.0,-0.0399077602314707,-1.5473727443323169,-0.05595837960362975,0.0,0.0,0.0,0.04071135464446794,0.026112,28.9168,-0.5172843709890635,-0.010795874666655436,-155.53843307,0.64399424,-0.5,1585152,38.47855923900887,-0.011490885416666555,2.115159349329002,0.020313656,340,0.00029686656,-34.085340690612796,0.4574761986732483,1.002469539642334,-0.03625575986225158,0.17901611328125,-0.40965890884399414,0.2,0.00662406855262816
87,0.01,-9.755912750258166e-09,-0.17554345398380658,0.0,2760,56.11,-5.076430553787405e-06,-0.06448600835872734,-0.22140478218569,-5.246228324774293e-05,-0.3299471432775982,0.0,0.0,0.0,580,-0.003930860933728548,-1.7789623693156429,0.11995294013245451,-0.14928935069399138,-0.43554688669284247,-0.00022578667985664633,0.0,-0.0013669709273189782,0.0,0.0,-0.043059210875489445,-1.54811256848006,-0.05729138016544766,0.0,0.0,0.0,0.04013629545080734,0.0264192,28.96288,-0.5200571264750413,-0.01127655993170467,-156.00724319,0.643923584,-0.5,1603584,41.98352904635908,-0.011436631944444324,2.518075110012928,0.020324763,344,0.000296829696,-34.08036117553711,0.4588686227798462,1.0023384094238281,-0.03494149318430573,0.16683349609375,-0.4093814194202423,0.2,0.0067566776182502505
88,0.01,-9.813863283826325e-09,-0.1800667083756243,0.0,2760,54.66,-5.150616592855436e-06,-0.06438272986867626,-0.21976495311698907,-5.357305871133268e-05,-0.33707712397493567,0.0,0.0,0.0,587,-0.0035559438288068654,-1.7948248019226587,0.10125344823617446,-0.1533150036756942,-0.4393432753809352,-0.0004435588989776629,0.0,-0.0014316032090142092,0.0,0.0,-0.03937379258460571,-1.550687843150308,-0.05757324317660703,0.0,0.0,0.0,0.04095666366987897,0.0267264,29.008960000000002,-0.5182761189620326,-0.01121037052911965,-154.54663043,0.643852928,-0.5,1622016,35.438706882661066,-0.011078559027777662,1.8704596682832144,0.019869879,348,0.00029679283199999997,-34.0828353881836,0.46888697147369385,1.0025476217269897,-0.03545757044339552,0.16636962890625,-0.407681405544281,0.2,0.006712646689265966
89,0.01,-9.446989490217238e-09,-0.17698906822282118,0.0,2761,55.14,-5.190648585787053e-06,-0.06414473614685885,-0.21786049993416892,-5.3778824523973856e-05,-0.33443855617214746,0.0,0.0,0.0,594,-0.003604326598845176,-1.790750734102905,0.11310641542005465,-0.15173021721439495,-0.43897011689480164,-0.0005592194322010164,0.0,-0.0014363254493284141,0.0,0.0,-0.041313437911727105,-1.551391119500123,-0.057725194967716394,0.0,1.4105905494135288e-05,0.0,0.04148587376752263,0.0270336,29.055039999999998,-0.5211617145936827,-0.01106822678896909,-155.02668876,0.643782272,-0.5,1640448,39.587245397019124,-0.011252170138888762,2.2591934205932445,0.019735206,352,0.000296755968,-34.08163223266602,0.3582981824874878,1.0023034811019897,-0.032341881771571934,0.16871337890625,-0.3901071846485138,0.2,0.007008071476593614
90,0.01,-9.852117952342445e-09,-0.17337409918705174,0.0,2760,55.46,-5.2378043823706625e-06,-0.06460432555876174,-0.21978215423710473,-5.4148451457325276e-05,-0.33545587468203864,0.0,0.0,0.0,600,-0.0034070007521835484,-1.7757998020283068,0.11175858451758838,-0.15361801551941848,-0.42710161508580197,-0.00026097546218851537,0.0,-0.0014175680116779812,0.0,0.0,-0.0420534326276135,-1.5422545967628551,-0.05501078655547871,0.0,0.0,0.0,0.04003498524919615,0.0273408,29.10112,-0.524526327177603,-0.011724692517115423,-155.35186495,0.643711616,-0.5,1658880,39.11550458115593,-0.011534288194444332,2.255419467103039,0.020522937,356,0.000296719104,-34.07092914581299,0.47675037384033203,1.0015051364898682,-0.03620583667652681,0.1666259765625,-0.4056299328804016,0.2,0.006645729602314532
91,0.01,-9.833725015411371e-09,-0.17595067236108825,0.0,2760,55.63,-5.2291466574626636e-06,-0.0644393389481682,-0.21935085820114236,-5.4058993562804685e-05,-0.32597288726762597,0.0,0.0,0.0,607,-0.003443632726058303,-1.7817307218963028,0.1213706207939115,-0.14526707555578838,-0.43176629966780145,-4.9703979967084194e-05,0.0,-0.00142075355225785,0.0,0.0,-0.041911586310863384,-1.547063674297603,-0.05690325903387624,0.0,4.123262867021064e-05,0.0,0.04157434779412743,0.027648,29.147199999999998,-0.5200209871558005,-0.010595679897556288,-155.51959397000002,0.64364096,-0.5,1677312,42.47971727786903,-0.011707899305555406,2.6831902538490677,0.019464774,360,0.00029668224,-34.083106231689456,0.48277169466018677,1.0027052164077759,-0.034163313097087665,0.15399169921875,-0.40034544467926025,0.2,0.006437995005398989
92,0.01,-9.618995065018421e-09,-0.18164149180829423,0.0,2760,55.94,-5.469758379518264e-06,-0.06456682943414506,-0.2194566760001994,-5.5535574368444566e-05,-0.3296529642634092,0.0,0.0,0.0,614,-0.0035972917725898427,-1.7988023299308438,0.10831021486028583,-0.14741892809231333,-0.43816779888158774,-0.00013916687889532208,0.0,-0.0013853719454447603,0.0,0.0,-0.04033471862716151,-1.5485912941688713,-0.058534539073792975,0.0,2.170130351765288e-06,0.0,0.04224554952812282,0.0279552,29.19328,-0.5154531033964499,-0.01150388149673947,-155.84296843,0.643570304,-0.5,1695744,37.90857520110004,-0.01113281249999989,2.0759075487302714,0.019569045,364,0.000296645376,-34.08238010406494,0.4664246439933777,1.0024659633636475,-0.03468022973975167,0.16273193359375,-0.39863887429237366,0.2,0.006664700992405415
93,0.01,-9.500281290579403e-09,-0.18029666610577036,0.0,2761,56.1,-5.489968146661586e-06,-0.06452086204804,-0.21951571420678379,-5.5222343418906845e-05,-0.33492915113659244,0.0,0.0,0.0,620,-0.003809699837511973,-1.7959517023866343,0.11197293071459563,-0.15116769056346985,-0.4394046383991856,-0.00023851057672372744,0.0,-0.0014045171179598208,0.0,0.0,-0.04668970612167129,-1.5429369924060972,-0.05753502686438177,0.0,0.0,0.0,0.04178192036933307,0.0282624,29.239359999999998,-0.5202644854233547,-0.011921090005974596,-155.97740718,0.643499648,-0.5,1714176,39.19052575010847,-0.010774739583333227,2.194165606351177,0.019668177,368,0.000296608512,-34.08530540466309,0.46633416414260864,1.0028098821640015,-0.034582612407393756,0.16141357421875,-0.40508466958999634,0.2,0.006539971404708922
94,0.01,-9.991189035200898e-09,-0.18194098279247375,0.0,2761,55.87,-5.47498572552918e-06,-0.06475114903579077,-0.22102166383251232,-5.603595852577767e-05,-0.33392518042055397,0.0,0.0,0.0,627,-0.003429803864610491,-1.8139990141950584,0.11354868747509986,-0.15057776161724726,-0.44844919120141236,-0.00010563742660852065,0.0,-0.0014187732605339684,0.0,0.0,-0.04647821568641391,-1.5455193465144053,-0.05928675156442939,0.0,0.0,0.0,0.04230575714051915,0.0285696,29.28544,-0.517235149418373,-0.011260826048480036,-155.76048272,0.643428992,-0.5,1732608,39.74204061628495,-0.011219618055555436,2.271184072425105,0.019086462,372,0.000296571648,-34.08489418029785,0.49019646644592285,1.002638578414917,-0.03516746577806771,0.16641845703125,-0.4103171229362488,0.2,0.006382978311739862
95,0.01,-9.7943861831871e-09,-0.17708990769469332,0.0,2761,55.9,-5.501453735465693e-06,-0.06472606286056402,-0.21883546873286855,-5.6964719652813604e-05,-0.3343232657754541,0.0,0.0,0.0,634,-0.003232338852247595,-1.7957318140786276,0.10413346170023641,-0.1491953401933012,-0.4359413405237973,-7.37107978693187e-05,0.0,-0.0015013948475596647,0.0,0.0,-0.041988564822351145,-1.5460884359533213,-0.05715733872953536,0.0,0.0,0.0,0.04152865354623392,0.0288768,29.33152,-0.5206779818607616,-0.011839167366916727,-155.78549653,0.643358336,-0.5,1751040,36.44671159508274,-0.010991753472222116,1.9151301721339786,0.018861365,376,0.000296534784,-34.07863216400146,0.48894113302230835,1.0021724700927734,-0.034458544291555884,0.1639404296875,-0.4057250916957855,0.2,0.006309517379850149
96,0.01,-9.819080283881338e-09,-0.182042053710512,0.0,2762,56.03,-5.578561231069577e-06,-0.06500101144841315,-0.22048252022648474,-5.744732565937094e-05,-0.3343969158138378,0.0,0.0,0.0,640,-0.00367864800051748,-1.8079288655048227,0.10721295170987252,-0.1476576598278818,-0.4448260870044716,-0.0005656358617421556,0.0,-0.0014565435565363622,0.0,0.0,-0.037363754523583724,-1.5384352625720126,-0.058976691763550346,0.0,1.3020830616975823e-05,0.0,0.043802305133720576,0.029184,29.3776,-0.5121601635241584,-0.011347089308805557,-155.91777636,0.64328768,-0.5,1769472,37.524533098455386,-0.01126302083333323,2.011562939358121,0.019396974,380,0.00029649791999999996,-34.079086494445804,0.5030702352523804,1.0021874904632568,-0.03519779811031185,0.16202392578125,-0.4113437235355377,0.2,0.006334202969446779
97,0.01,-9.701756507411351e-09,-0.1806881691522894,0.0,2762,56.53,-5.65320668133013e-06,-0.06489031329751684,-0.22141694569386963,-5.7244080654541215e-05,-0.32970441114137333,0.0,0.0,0.0,647,-0.003678166818474499,-1.8048224484804645,0.11308876777887752,-0.14801106483321003,-0.4400482084950111,-9.656558493283303e-05,0.0,-0.0015164326078789079,0.0,0.0,-0.04058049054178699,-1.5390322189987162,-0.05851224913154439,0.0,1.193575573981636e-05,0.0,0.04331076808330891,0.0294912,29.42368,-0.5119369279817725,-0.010935306191741902,-156.43260913,0.643217024,-0.5,1787904,39.581068722607135,-0.010861545138888783,2.2493634764508963,0.01897977,384,0.00029646105599999997,-34.07524299621582,0.5044726133346558,1.001781702041626,-0.033187511062715204,0.15855712890625,-0.4070628881454468,0.2,0.006214185105636716
98,0.01,-9.385641454149771e-09,-0.18439883462469997,0.0,2762,56.62,-5.623724763275128e-06,-0.06530016356422078,-0.21932401023831327,-5.859010262534693e-05,-0.3388355942450556,0.0,0.0,0.0,653,-0.0037432650352089802,-1.8232125754590816,0.1143691012345788,-0.14864373701517686,-0.4515763411827049,-3.5449880948928307e-05,0.0,-0.0014890026726334879,0.0,0.0,-0.03965738628130061,-1.5431265414974473,-0.05986552288641197,0.0,0.0,0.0,0.04368601824029858,0.0297984,29.46976,-0.5120427547960934,-0.010791534566022973,-156.51620319999998,0.643146368,-0.5,1806336,40.02918543210258,-0.011306423611110991,2.289799879391803,0.01889845,388,0.000296424192,-34.074595069885255,0.4738730192184448,1.0018800497055054,-0.03374191380571574,0.15457763671875,-0.40460821986198425,0.2,0.006555135664530099
99,0.01,-9.791956753620862e-09,-0.18130885759573254,0.0,2762,56.03,-5.797368680527001e-06,-0.06496440748425154,-0.21986506000919462,-6.0311264834370565e-05,-0.32630638869300693,0.0,0.0,0.0,660,-0.003712516806965871,-1.796883415292429,0.11101510412897714,-0.1462039987430992,-0.437178205799337,-0.00019786365519358496,0.0,-0.0014931685230772087,0.0,0.0,-0.043547115282747385,-1.5378320153197047,-0.057815820471813946,0.0,5.425345281966858e-06,0.0,0.0432646572404911,0.0301056,29.51584,-0.5164585799538616,-0.011162085059267055,-155.92551647,0.643075712,-0.5,1824768,38.855286445142,-0.010611979166666572,2.156761843904382,0.019017132,392,0.000296387328,-34.072318649291994,0.5018247961997986,1.0015859603881836,-0.03545079476898536,0.15703125,-0.40790024399757385,0.2,0.006266893283464014
100,0.01,-9.46903088731929e-09,-0.18399403373833054,0.0,2762,56.86,-5.776092430728578e-06,-0.06492627648084709,-0.22066777953074668,-5.901402413116918e-05,-0.3304246501203577,0.0,0.0,0.0,667,-0.0036155805431636956,-1.8102230559812509,0.10761332030102633,-0.14645259688401185,-0.44067141843423724,-0.00010684691316691948,0.0,-0.0015367743390042382,0.0,0.0,-0.042846906832396475,-1.5337825324703984,-0.05940284331047194,0.0,0.0,0.0,0.043515846501406594,0.0304128,29.56192,-0.5165144116172883,-0.01118107382272784,-156.75233885,0.643005056,-0.5,1843200,37.66466210535921,-0.010926649305555463,2.026617120209505,0.01779275,396,0.000296350464,-34.074447059631346,0.4943724274635315,1.0020262002944946,-0.03355334675870836,0.15703125,-0.4077759385108948,0.2,0.006390849966555834
101,0.01,-9.611031552820921e-09,-0.18274222702926507,0.0,2762,56.21,-5.704021684155757e-06,-0.06519016124001646,-0.21985665960673972,-5.8415248569431527e-05,-0.32965213600783083,0.0,0.0,0.0,673,-0.0038374138279360557,-1.8133168821898995,0.1074758109361062,-0.1422686828341357,-0.44105141494832617,-1.988096662987426e-05,0.0,-0.0015263311284444128,0.0,0.0,-0.03963519003582801,-1.5365583710462771,-0.058872193915963954,0.0,1.6276045547177393e-05,0.0,0.04362412424459109,0.03072,29.608,-0.5148190070099911,-0.01107636483599587,-156.10673986,0.6429344,-0.5,1861632,37.61653382763717,-0.010687934027777693,2.021433933845438,0.018659536,400,0.00029631359999999997,-34.07365493774414,0.5089877843856812,1.0015206336975098,-0.034651023359037934,0.16258544921875,-0.4031984806060791,0.2,0.0062264543492347
102,0.01,-9.301948208477529e-09,-0.18589520504915918,0.0,2763,57.06,-5.993917274081357e-06,-0.06518212528303377,-0.21956503146967454,-6.156698730979722e-05,-0.3333741658538971,0.0,0.0,0.0,680,-0.003979519610309106,-1.8263718970430927,0.10623896998643564,-0.14698049597363502,-0.4516479226362881,-0.00024625894120999445,0.0,-0.0015606792172504736,0.0,0.0,-0.040576991412693414,-1.5335980847357105,-0.060407655636151913,0.0,0.0,0.0,0.04484663326132204,0.0310272,29.65408,-0.511839286591797,-0.01052081002045371,-156.94798074,0.642863744,-0.5,1880064,37.18363949525248,-0.010590277777777688,1.9846301672641666,0.01902398,404,0.000296276736,-34.07721920013428,0.5195188522338867,1.0021746158599854,-0.034455818217247726,0.16617431640625,-0.40536877512931824,0.2,0.006065566698089242
103,0.01,-8.972678353526183e-09,-0.17790285548601112,0.0,2763,55.66,-5.86469955621115e-06,-0.06483521795428036,-0.21812224820221593,-6.053165892306675e-05,-0.3279525257752136,0.0,0.0,0.0,687,-0.003857263590601497,-1.7916458637956707,0.1118788353300614,-0.14361329254898553,-0.4297187549958185,-9.411560645040234e-05,0.0,-0.001588512718256553,0.0,0.0,-0.040320403214151805,-1.531197088293975,-0.057444074730694274,0.0,0.0,0.0,0.04271481023532503,0.0313344,29.70016,-0.5193327932134947,-0.011267879080454199,-155.54797637,0.642793088,-0.5,1898496,39.157592365521495,-0.010742187499999905,2.1907565325205085,0.018592002,408,0.000296239872,-34.082879066467285,0.5292468070983887,1.0025255680084229,-0.03451513287727721,0.15760498046875,-0.40531355142593384,0.2,0.006022978061810136
104,0.01,-9.566419395785377e-09,-0.18121987753695298,0.0,2763,56.65,-6.082225545773753e-06,-0.06533526231736174,-0.2198621188443829,-6.350719692568305e-05,-0.33361751966481773,0.0,0.0,0.0,693,-0.003978917208103384,-1.805916457841505,0.1088740699171972,-0.14708255536923895,-0.4427575789277514,-8.361660258105783e-05,0.0,-0.0016143015433844072,0.0,0.0,-0.04358967216498935,-1.5361626098660783,-0.058751829518893545,0.0,8.68055051089161e-06,0.0,0.04326022711866975,0.0316416,29.74624,-0.5168016496668635,-0.011564102643104788,-156.52682246999998,0.642722432,-0.5,1916928,38.105924471019016,-0.011013454861111,2.078638045978523,0.0190888,412,0.00029620300799999995,-34.08175086975098,0.5354007482528687,1.0023829936981201,-0.034768924943637106,0.15931396484375,-0.40598350763320923,0.2,0.006046705460175872
105,0.01,-9.489017711891918e-09,-0.18134530065836826,0.0,2763,55.88,-6.035989481014499e-06,-0.06542335020358644,-0.22075853807348067,-6.449243830397264e-05,-0.3293858756919539,0.0,0.0,0.0,700,-0.0040970377602122954,-1.8119065343565757,0.12106576174794154,-0.14375318573884632,-0.43984210191485557,-0.00019674610552343204,0.0,-0.0016697122132867987,0.0,0.0,-0.04182433247592213,-1.5261433919599454,-0.05921727046137364,0.0,5.425345281966858e-06,0.0,0.04357202850867374,0.0319488,29.79232,-0.514384490998636,-0.010291318418846155,-155.76307267,0.642651776,-0.5,1935360,42.37301661177954,-0.011046006944444344,2.5719816531725748,0.018028017,416,0.000296166144,-34.080071449279785,0.5481398105621338,1.002291202545166,-0.03359585454454646,0.15882568359375,-0.4042113721370697,0.2,0.005902605270966888
106,0.01,-9.403104464096575e-09,-0.17572985214573306,0.0,2763,56.42,-6.287685582498791e-06,-0.06532196632741377,-0.21966388341790938,-6.436610174618328e-05,-0.32553073564237217,0.0,0.0,0.0,706,-0.0039913612789685485,-1.783186425896046,0.11874417375772911,-0.145983132420595,-0.43128666056721676,-0.00013566046596783193,0.0,-0.0016281170520142916,0.0,0.0,-0.04257973872825608,-1.5195661638941091,-0.05686333488628216,0.0,0.0,0.0,0.04261309985912712,0.032256,29.8384,-0.5177694085221821,-0.01152992322426548,-156.31652707,0.64258112,-0.5,1953792,41.56046081520519,-0.01083984374999989,2.467561854260231,0.01843242,420,0.00029612928,-34.08481578826904,0.5440948605537415,1.0025506019592285,-0.03494371367851272,0.158447265625,-0.4074743092060089,0.2,0.005764330364763736
107,0.01,-8.93118245817167e-09,-0.18183049123455663,0.0,2764,56.23,-6.2482336449686815e-06,-0.06536843566964924,-0.2205168072768281,-6.607624331717309e-05,-0.3335161099514529,0.0,0.0,0.0,713,-0.003756470750871129,-1.820854796746822,0.10747714541815365,-0.14313381643973513,-0.44850924495670813,-9.259956597226704e-05,0.0,-0.0016629797111484099,0.0,0.0,-0.04675209545714418,-1.5264937640859848,-0.060074559095364966,0.0,2.9296876164153218e-05,0.0,0.043849851106716124,0.0325632,29.88448,-0.5115633676964942,-0.010978708842432953,-156.11103633000002,0.642510464,-0.5,1972224,37.61700089635378,-0.011740451388888745,2.0214847827654583,0.019241516,424,0.000296092416,-34.074284362792966,0.5559418797492981,1.001602053642273,-0.034774194413330406,0.1608642578125,-0.4108894169330597,0.2,0.00574807683005929
108,0.01,-9.542816940630198e-09,-0.18041422536933727,0.0,2764,55.99,-6.3232666400594365e-06,-0.06524898507028568,-0.22145519451736925,-6.737106191603846e-05,-0.3289092121433761,0.0,0.0,0.0,720,-0.003614062235520052,-1.80849490819319,0.10746109268008483,-0.14343688734027704,-0.44132129888019955,-0.0005798718178275194,0.0,-0.0017038215824349892,0.0,0.0,-0.039725257274565245,-1.5237587340826224,-0.058662569886723394,0.0,9.765625388051072e-06,0.0,0.043863749965220085,0.0328704,29.93056,-0.515346660544844,-0.010494225964066572,-155.88466674,0.642439808,-0.5,1990656,37.61138243802969,-0.01093749999999989,2.02088055942128,0.01880703,428,0.000296055552,-34.07322235107422,0.5638758540153503,1.0019562244415283,-0.03486969961086288,0.1596923828125,-0.40778008103370667,0.2,0.005594428419135511
109,0.01,-9.4168030534053e-09,-0.18533713137551147,0.0,2759,55.22,-6.331513327610877e-06,-0.06560971076941181,-0.22179911870736857,-6.587110776209124e-05,-0.3305100812882298,0.0,0.0,0.0,728,-0.0038970129702031123,-1.8284632412151614,0.10341892094125696,-0.14177867871298627,-0.4483124345933831,-0.00014467384426799284,0.0,-0.0016382842010381395,0.0,0.0,-0.040342416588798585,-1.5268307773327792,-0.06046381059377174,0.0,4.340270404807396e-06,0.0,0.045038723918215263,0.0331776,29.97664,-0.5186466416819163,-0.0111398412280121,-155.11140492999996,0.642369152,-0.5,2009088,36.19662232943993,-0.01092664930555545,1.8867935322793776,0.018859087,432,0.00029601868799999996,-34.075812911987306,0.5707236528396606,1.0019689798355103,-0.03360857899533585,0.15533447265625,-0.4066220819950104,0.2,0.005511416052468121
110,0.01,-9.347281446580939e-09,-0.1923458458783447,0.0,2759,56.23,-6.3659361243984634e-06,-0.06557600822960238,-0.22138332310320546,-6.62977077495494e-05,-0.34415244582674315,0.0,-4.367880563714836e-08,0.0,734,-0.003788834318246619,-1.8492851904207472,0.10212298858326352,-0.14581468702381672,-0.46390081286503393,-0.00034606156093214155,0.0,-0.001707294735225723,0.0,0.0,-0.04066283197456169,-1.523443411299781,-0.06237190877661166,0.0,0.0,0.0,0.045304676700775655,0.0334848,30.02272,-0.5144623115031625,-0.010104686773653762,-156.11775913,0.642298496,-0.5,2027520,35.74304600414223,-0.010872395833333224,1.9179228577653968,0.018850774,436,0.00029598182399999997,-34.06752948760986,0.5729848146438599,1.0011638402938843,-0.0330971481045708,0.15543212890625,-0.39826351404190063,0.2,0.005525174527429044
111,0.01,-9.698243800339687e-09,-0.18360865151001052,0.0,2759,56.42,-6.569699263611555e-06,-0.06553496304749605,-0.2188939406313598,-6.965435122488686e-05,-0.33454845812704875,0.0,0.0,0.0,741,-0.004122901751984986,-1.816830091856676,0.10599218541422689,-0.14567080689067732,-0.44794246316391706,-0.00046399695139727666,0.0,-0.0017548278192919592,0.0,0.0,-0.04415758830390584,-1.5137129377974081,-0.05966779271031402,0.0,7.595475633732147e-06,0.0,0.043792895216420095,0.033792,30.0688,-0.515767381806198,-0.011445830576121807,-156.30729899,0.64222784,-0.5,2045952,37.09726489497941,-0.01092664930555546,2.030521540884458,0.017194454,440,0.00029594496,-34.07260589599609,0.5991517305374146,1.0018447637557983,-0.03359178796526976,0.154248046875,-0.4032031297683716,0.2,0.00520943128503859
112,0.01,-9.576603481647011e-09,-0.18668674191018775,0.0,2759,55.76,-6.565734042599756e-06,-0.06595732797965485,-0.21917490765467296,-6.948225614025969e-05,-0.3343412115431105,0.0,0.0,0.0,748,-0.003581420322748675,-1.833465961389848,0.11372160144368137,-0.1433749085625901,-0.45122406394005604,-3.4789920918587965e-05,0.0,-0.0017155517129372067,0.0,0.0,-0.043140647775701674,-1.528288512932061,-0.060057556216714034,0.0,1.0850690563933717e-05,0.0,0.04539445699235613,0.0340992,30.11488,-0.5145785285562455,-0.010739451098035917,-155.64531378,0.642157184,-0.5,2064384,39.80256050528848,-0.010709635416666577,2.2679419389260027,0.018306013,444,0.000295908096,-34.0756914138794,0.6227133274078369,1.0020397901535034,-0.03346165956463665,0.15599365234375,-0.40970152616500854,0.2,0.005072489939630031
113,0.01,-9.78718100704253e-09,-0.18395011402729272,0.0,2759,56.8,-6.579253593150969e-06,-0.06553063696248337,-0.21993693613751333,-6.913218505183247e-05,-0.3305349954365804,0.0,0.0,0.0,754,-0.0039263408283594274,-1.8273424492702448,0.10687106546159342,-0.14036304241554026,-0.4526274592942181,-0.0002383006288622073,0.0,-0.0017307660610320855,0.0,0.0,-0.04443819518410419,-1.5256343006568882,-0.060199049465758506,0.0,0.0,0.0,0.04520964257099854,0.0344064,30.16096,-0.5113627590811246,-0.010837107400422812,-156.69906161,0.642086528,-0.5,2082816,37.404872911557696,-0.010405815972222131,2.034136490747765,0.018057158,448,0.000295871232,-34.07169170379639,0.6347163915634155,1.0015103816986084,-0.03377318055136129,0.16435546875,-0.4044288992881775,0.2,0.00492330458946526
114,0.01,-9.821303023548813e-09,-0.1833307316434064,0.0,2759,56.4,-6.599412145245279e-06,-0.0654366229604693,-0.21960468003821396,-7.097978116549687e-05,-0.3379666135768166,0.0,0.0,0.0,761,-0.003742696916564133,-1.8195119520026404,0.11099018242630354,-0.14481053519731402,-0.4522318712756598,-0.00017251922156669944,0.0,-0.0017936246086737552,0.0,0.0,-0.04180412178187443,-1.5233819063957574,-0.06010977673616523,0.0,1.4105905494135288e-05,0.0,0.044565903792414124,0.0347136,30.20704,-0.5157885309528214,-0.011333525934282484,-156.28998652,0.642015872,-0.5,2101248,38.84656384920624,-0.010677083333333249,2.1558015469419978,0.017965395,452,0.00029583436799999997,-34.070885276794435,0.6471855044364929,1.0015935897827148,-0.03348230576957576,0.1493408203125,-0.40527254343032837,0.2,0.004728902550414205
115,0.01,-9.157352654944516e-09,-0.18627061217547447,0.0,2760,56.87,-6.599274297946321e-06,-0.06545677398919796,-0.22093609417152094,-6.943617771850077e-05,-0.3296178347163283,0.0,0.0,0.0,767,-0.003661213477848468,-1.8337902903309653,0.113227343860835,-0.13905745185689536,-0.4566232899103462,-1.7727364055903494e-05,0.0,-0.0017391645789785516,0.0,0.0,-0.03858947477161214,-1.5222153531286011,-0.060727717610200745,0.0,0.0,0.0,0.04484476089659584,0.0350208,30.25312,-0.5145286087886691,-0.011223933911727121,-156.7591101,0.641945216,-0.5,2119680,39.62957035129225,-0.010872395833333222,2.243585324328141,0.017735168,456,0.000295797504,-34.0675910949707,0.6714736819267273,1.0013527870178223,-0.03343414084520191,0.15411376953125,-0.40206512808799744,0.2,0.004484481876716018
116,0.01,-9.395223158713812e-09,-0.18284123508767014,0.0,2760,56.7,-6.73924544079723e-06,-0.06551364294401474,-0.21985328225641193,-7.110167704337752e-05,-0.33658850585739736,0.0,0.0,0.0,774,-0.004360289774414239,-1.8255587533036726,0.11546064283351509,-0.14199917394715975,-0.45289194961326246,-0.00020647519104268278,0.0,-0.001808269303833657,0.0,0.0,-0.044566103426047915,-1.5264385110427514,-0.06024324169571812,0.0,7.595485335008965e-06,0.0,0.044106815175971835,0.035328,30.2992,-0.514445881301397,-0.010724802975245338,-156.58236952,0.64187456,-0.5,2138112,40.41122499173028,-0.011111111111110997,2.3376830332392906,0.017785318,460,0.00029576064,-34.069122314453125,0.6691369414329529,1.0017728805541992,-0.032958303310442714,0.14979248046875,-0.399739533662796,0.2,0.0044588129967451096
117,0.01,-9.266448808897281e-09,-0.1879102915560637,0.0,2759,56.15,-6.710441814174551e-06,-0.06549515658466985,-0.22154641965039903,-7.182020331900576e-05,-0.3281028260895789,0.0,0.0,0.0,781,-0.004214429080575087,-1.8279047904351229,0.10720976809076019,-0.13639679353174664,-0.4539094928223259,-0.00016252090290147525,0.0,-0.001833747357618255,0.0,0.0,-0.04217409335475007,-1.5256254607841355,-0.06164565286257578,0.0,1.736111072306004e-05,0.0,0.04514910611052139,0.0356352,30.34528,-0.5162347479438414,-0.01149086064833682,-156.04517797,0.641803904,-0.5,2156544,37.523418831766065,-0.010221354166666604,2.0318441816834247,0.018304568,464,0.000295723776,-34.067310905456544,0.7046997547149658,1.0014524459838867,-0.033112996513955294,0.15811767578125,-0.4065237045288086,0.2,0.004069809860084206
118,0.01,-9.402448853788671e-09,-0.1833228012581172,0.0,2759,57.24,-6.784548240217987e-06,-0.06553427633026515,-0.2200954298157931,-7.350491283265288e-05,-0.33617907909501926,0.0,0.0,0.0,788,-0.0038741613630874933,-1.8201592986495392,0.13166860857365,-0.13998307592267262,-0.45253311096351884,-7.331172784041386e-05,0.0,-0.0018594261935070133,0.0,0.0,-0.04281247516750147,-1.516517457987012,-0.060400933606303865,0.0,0.0,0.0,0.045080479789319096,0.0359424,30.39136,-0.5134142832055036,-0.011531008197279233,-157.12247536000004,0.641733248,-0.5,2174976,46.0840130007775,-0.0109374999999999,3.054369021260213,0.017659241,468,0.00029568691199999996,-34.06261310577393,0.7304863929748535,1.0008474588394165,-0.03286552632926032,0.16058349609375,-0.40512800216674805,0.2,0.003874995664227754
119,0.01,-9.478052575116845e-09,-0.1893918267072322,0.0,2760,56.72,-6.829786760792956e-06,-0.06566454504042123,-0.21905607279297387,-7.345326554557615e-05,-0.33739088361519515,0.0,0.0,0.0,794,-0.004217560121790414,-1.8439218563742388,0.10814935672721013,-0.13769232478444324,-0.4596752117827632,-0.00022334799416099866,0.0,-0.0018095596957301494,0.0,0.0,-0.04124353518145809,-1.529082934304435,-0.06214146555025435,0.0,5.425345281966858e-06,0.0,0.04528236151449718,0.0362496,30.43744,-0.5168092194981462,-0.01133081304983029,-156.60576094,0.641662592,-0.5,2193408,37.85227485452354,-0.010709635416666587,2.1529754214550256,0.017225388,472,0.000295650048,-34.06309547424316,0.7625281810760498,1.0012410879135132,-0.03261758628068492,0.1509521484375,-0.39942845702171326,0.2,0.003482542035635561
120,0.01,-9.225298791818768e-09,-0.1823933936409194,0.0,2760,56.76,-6.887785137464537e-06,-0.06604294390459281,-0.22046982791188444,-7.273787732269486e-05,-0.3380847249490458,0.0,0.0,0.0,801,-0.0042013886878086715,-1.8241037470510817,0.10619684545753216,-0.1394562679338155,-0.4522085035966384,-0.00014841936686729523,0.0,-0.0018347591713079947,0.0,0.0,-0.04064050089841201,-1.5256586266816763,-0.05964862963952652,0.0,1.085065175882644e-06,0.0,0.04424264493263714,0.0365568,30.48352,-0.5146849697361595,-0.011592314361930929,-156.64904586,0.641591936,-0.5,2211840,37.16889591013626,-0.010742187499999917,1.9736191673853674,0.01828524,476,0.000295613184,-34.06481494903564,0.7900050282478333,1.0010298490524292,-0.03354192012920976,0.1605712890625,-0.40538910031318665,0.2,0.00319421166786924
121,0.01,-9.517307796274017e-09,-0.18652633535444663,0.0,2760,56.67,-7.112358374071726e-06,-0.0660715678393554,-0.21894689406237533,-7.747862332506216e-05,-0.33805962223719105,0.0,0.0,0.0,807,-0.0037536543123252897,-1.8330527361328295,0.11776448579780138,-0.14054299669564682,-0.4532241661734127,-8.225114586404486e-05,0.0,-0.0019273691690448497,0.0,0.0,-0.04030473084376473,-1.5285978493189374,-0.06054064647473813,0.0,0.0,0.0,0.044561803670885816,0.036864,30.529600000000002,-0.517386400118087,-0.011330813032044616,-156.56542858,0.64152128,-0.5,2230272,41.21757002923049,-0.010373263888888807,2.4272338645852587,0.01748376,480,0.00029557632,-34.06294288635254,0.8032866716384888,1.001142144203186,-0.03377729209023528,0.15655517578125,-0.40513139963150024,0.2,0.003030162991490215
122,0.01,-1.0066220065591971e-08,-0.19074711363278987,0.0,2760,56.21,-7.28361142766239e-06,-0.06591611287276845,-0.2192605211503372,-7.69669331110336e-05,-0.3435973390990223,0.0,0.0,0.0,814,-0.0047252708358656685,-1.8525872416249471,0.1153123469471796,-0.14236319661676278,-0.4650758562967456,-0.0013936334299042884,0.0,-0.0018766337541348097,0.0,0.0,-0.042571509026927336,-1.5195809396168518,-0.06191793258917691,0.0,0.0,0.0,0.04599403863720561,0.0371712,30.57568,-0.5132390299790771,-0.01078176870295364,-156.09850113000002,0.641450624,-0.5,2248704,40.35932143151286,-0.011013454861111003,2.356159615633011,0.017428514,484,0.000295539456,-34.066985511779784,0.8174527883529663,1.0014376640319824,-0.03276368149090558,0.14998779296875,-0.4047902822494507,0.2,0.0028382578515447677
123,0.01,-9.367574546121257e-09,-0.19167532424624434,0.0,2760,57.53,-7.134676845962125e-06,-0.06573555081318588,-0.21763359243213945,-7.668490700427235e-05,-0.3423311105561485,0.0,-1.3351420985717436e-06,0.0,821,-0.004418163863711154,-1.855323276365425,0.10142694261777746,-0.13945535314594065,-0.4676770770299174,-0.00011401396077176433,0.0,-0.0019526511906906019,0.0,0.0,-0.04092094120651422,-1.5289517453183943,-0.06343798499780642,0.0,7.595475633732147e-06,0.0,0.046476208872433526,0.0374784,30.621760000000002,-0.5104152437227389,-0.01061521090741735,-157.41909856,0.641379968,-0.5,2267136,35.49942991622211,-0.010904947916666581,1.853525788693594,0.018836988,488,0.00029550259199999997,-34.06512966156006,0.8304257392883301,1.0011436939239502,-0.03382562273181975,0.1620849609375,-0.40427547693252563,0.2,0.002628563460893929
124,0.01,-1.013052598150284e-08,-0.18546308704114053,0.0,2760,56.79,-7.392109658080419e-06,-0.06584795032134047,-0.22196671194491796,-8.015543189565545e-05,-0.3371036351325716,0.0,0.0,0.0,827,-0.004054280605296543,-1.8327244544732888,0.12148210300209093,-0.14252345354743792,-0.45404995803242276,-0.00026295635046307556,0.0,-0.001953788221017127,0.0,0.0,-0.04692353019270097,-1.5182703300240292,-0.06057038844166169,0.0,0.0,0.0,0.044338314958805025,0.0377856,30.667839999999998,-0.514877206375201,-0.010399825135310594,-156.67836694,0.641309312,-0.5,2285568,42.518736050731825,-0.011360677083333196,2.583142934032918,0.018554846,492,0.000295465728,-34.06080856323242,0.8442144393920898,1.000877857208252,-0.03336146343499422,0.16077880859375,-0.4040745496749878,0.2,0.0024901574128307403
125,0.01,-9.751601274290527e-09,-0.1840496823278449,0.0,2760,56.92,-7.289772587670794e-06,-0.06602642825670782,-0.22039119172688618,-8.008020284187316e-05,-0.3344864055721508,0.0,0.0,0.0,834,-0.0039376195935310965,-1.8398734810835964,0.1135395527679052,-0.13991527106990206,-0.46006128138805,-8.402387840764602e-05,0.0,-0.0019993380230253627,0.0,0.0,-0.044061147939493416,-1.5301565794890803,-0.06110047302750337,0.0,1.0850680862656898e-05,0.0,0.045832725632698974,0.0380928,30.71392,-0.5052246843780581,-0.010587541795555606,-156.8056494,0.6412386560000001,-0.5,2304000,39.73884346876682,-0.011555989583333197,2.256089900510244,0.017978977,496,0.000295428864,-34.064691352844235,0.8485485315322876,1.0011847019195557,-0.03320510856574401,0.15994873046875,-0.4056224226951599,0.2,0.0024564867955632506
126,0.01,-9.814487968819752e-09,-0.18589350760560297,0.0,2761,56.41,-7.410795525667687e-06,-0.06622914294836266,-0.21935131367166238,-8.100225324984546e-05,-0.33157589214485816,0.0,0.0,0.0,841,-0.004202171534149657,-1.8361582812556785,0.1095453243843516,-0.1371901195432722,-0.45637120325230224,-0.00010748029430115111,0.0,-0.001988007737782538,0.0,0.0,-0.04477959487764764,-1.516206389635682,-0.061568855643089525,0.0,3.2552052289247513e-06,0.0,0.04548410357375521,0.0384,30.759999999999998,-0.5110708102434263,-0.010410675770900626,-156.29555952,0.6411680000000001,-0.5,2322432,38.34086353452306,-0.010655381944444363,2.100040588174031,0.018213252,500,0.000295392,-34.06239776611328,0.7231429815292358,1.001096248626709,-0.027654304646421223,0.15467529296875,-0.40094393491744995,0.2,0.002985998336225748
127,0.01,-9.911728439952806e-09,-0.18535007350627086,0.0,2761,55.94,-7.337368239027118e-06,-0.06580075431444421,-0.21935400818153267,-7.914560519865882e-05,-0.3343235742102401,0.0,0.0,0.0,847,-0.004309498886167912,-1.8302348300190157,0.11557895869794738,-0.14053066872248923,-0.45234982023764814,-0.000178091517567937,0.0,-0.0020261206447506224,0.0,0.0,-0.04380520544964936,-1.517134597209867,-0.06049967030128605,0.0,9.765625388051072e-06,0.0,0.045120977990860414,0.0387072,30.80608,-0.5150667150162644,-0.010698761307543868,-155.83992617,0.6410973440000001,-0.5,2340864,40.452635544281584,-0.01111111111111099,2.337785149618247,0.017911894,504,0.000295355136,-34.06683483123779,0.8585151433944702,1.0014078617095947,-0.033431225406820884,0.1551025390625,-0.4005988836288452,0.2,0.0022659280919469895
128,0.01,-9.691766957118309e-09,-0.18523257111666389,0.0,2761,56.05,-7.51177321242194e-06,-0.06598659339828314,-0.2190402428548004,-8.057535842875245e-05,-0.3278004112663511,0.0,0.0,0.0,854,-0.004504307398357655,-1.8249608470766288,0.12172761469135285,-0.13853025662883775,-0.4490531131761694,-0.00029832626864701,0.0,-0.0020375821247601445,0.0,0.0,-0.03998325202743256,-1.5151338521120794,-0.060544692961248675,0.0,2.4956596058069004e-05,0.0,0.04505448512088593,0.0390144,30.852159999999998,-0.5131118223991228,-0.011165340356658109,-155.94493033999998,0.6410266880000001,-0.5,2359296,42.6046651419735,-0.010644531249999898,2.5931381775959985,0.018506486,508,0.000295318272,-34.066230583190915,0.8687944412231445,1.0013028383255005,-0.03331991523737088,0.15771484375,-0.40518108010292053,0.2,0.0021287741023115815
129,0.01,-1.0053276093305642e-08,-0.187645395921134,0.0,2761,56.34,-7.605803251632767e-06,-0.06597908470625806,-0.21975883640605218,-8.17473710206211e-05,-0.3369304494209701,0.0,0.0,0.0,861,-0.004532712259466617,-1.842124125662069,0.10348240300022996,-0.13854296772164998,-0.45726173734087144,-0.00023652060861005487,0.0,-0.0019850911340271817,0.0,0.0,-0.04255495085577764,-1.5136932850702867,-0.06092491137487662,0.0,4.340270404807396e-06,0.0,0.045553208515673266,0.0393216,30.89824,-0.5132744088627184,-0.011035132194390625,-156.22434855,0.6409560320000001,-0.5,2377728,36.218841050080485,-0.010221354166666594,2.177320673091617,0.017398369,512,0.000295281408,-34.06607513427734,0.8763367533683777,1.0012319087982178,-0.032946709432872014,0.15814208984375,-0.40388527512550354,0.2,0.002008047088747844
130,0.01,-1.0055105031319849e-08,-0.18936929129746782,0.0,2761,56.68,-7.664360451248432e-06,-0.06633638262743426,-0.21949538142631048,-8.204837785989196e-05,-0.33500689349897034,0.0,0.0,0.0,867,-0.004536166133927882,-1.8491532471685224,0.10674235380516003,-0.13730422343598742,-0.45890974172513554,-0.00012084995399445684,0.0,-0.0019966875772728563,0.0,0.0,-0.03650698622273492,-1.5146690714175293,-0.06194863698209509,0.0,0.0,0.0,0.046421285462522374,0.0396288,30.944319999999998,-0.5090261904612976,-0.010595679963848347,-156.57014257000003,0.6408853760000001,-0.5,2396160,37.35982383180601,-0.010579427083333247,1.9939489963005537,0.01752019,516,0.000295244544,-34.06740589141846,0.8789471983909607,1.0012242794036865,-0.031361796776764095,0.15648193359375,-0.40208032727241516,0.2,0.0019721990334801375
131,0.01,-9.594411270215402e-09,-0.18786612108799816,0.0,2761,57.21,-7.698687030607297e-06,-0.06615618122404185,-0.21969887078844827,-8.224186818926203e-05,-0.3355058791647361,0.0,0.0,0.0,874,-0.004575432336616403,-1.8429211457959498,0.10564521414024136,-0.1380941442366903,-0.46531480551153653,-0.0002880808128427734,0.0,-0.0020301640772040956,0.0,0.0,-0.040121583177268404,-1.506728563529427,-0.061566352850088414,0.0,0.0,0.0,0.04575613296590545,0.039936,30.9904,-0.5124891911609184,-0.010868574258185819,-157.09602026000002,0.6408147200000001,-0.5,2414592,36.975824949084476,-0.01054687499999991,2.0273002043425863,0.018230164,520,0.00029520767999999996,-34.059585380554196,0.8841416835784912,1.0008544921875,-0.03329323246143758,0.1629638671875,-0.4014875590801239,0.2,0.0018960365443490446
132,0.01,-9.992640453016429e-09,-0.18606213142032185,0.0,2762,56.39,-7.581643514162555e-06,-0.06605042185276475,-0.2185595887316603,-8.190295294385655e-05,-0.33763431228011154,0.0,0.0,0.0,880,-0.00499825626958909,-1.8411596252466782,0.11920263953624904,-0.1372828310589181,-0.4592384257207095,-0.0006303286082892936,0.0,-0.0020659964999106472,0.0,0.0,-0.04207640594666365,-1.5081022095755023,-0.06085405542746891,0.0,0.0,0.0,0.04581905405338486,0.0402432,31.03648,-0.5143199946025168,-0.010528948211382764,-156.27754127999998,0.6407440640000001,-0.5,2433024,41.72092383768717,-0.010763888888888786,2.4867227644458954,0.018121636,524,0.000295170816,-34.06266574859619,0.8862171173095703,1.001007318496704,-0.03261834476143122,0.163134765625,-0.40357184410095215,0.2,0.0018800321966409683
133,0.01,-9.658013935173758e-09,-0.18586573406687784,0.0,2762,56.52,-7.830586468764944e-06,-0.0661712083265428,-0.21876879621216444,-8.454096296823553e-05,-0.3328818746770732,0.0,0.0,0.0,887,-0.004751227041395956,-1.832442196876409,0.11755779922208451,-0.13730334069607364,-0.4572966395181583,-0.0003171776910705087,0.0,-0.0021234637024594117,0.0,0.0,-0.038180251939688874,-1.5064097801732554,-0.06154650590417917,0.0,2.8211810988270576e-05,0.0,0.045139243761535316,0.0405504,31.08256,-0.5166050636820279,-0.010622806471979452,-156.42316682,0.640673408,-0.5,2451456,41.14522972772958,-0.01087239583333322,2.418698817317497,0.018491369,528,0.000295133952,-34.06301708221436,0.8951877951622009,1.0009982585906982,-0.032127238146495075,0.164794921875,-0.40015876293182373,0.2,0.0017103206308092922
134,0.01,-9.754753658460933e-09,-0.1885429572125471,0.0,2762,56.35,-7.734534395598408e-06,-0.06639238968128051,-0.21925887817431292,-8.35366446686305e-05,-0.3329160625351857,0.0,0.0,0.0,894,-0.0049357464218948216,-1.8512735787052241,0.10738151001152793,-0.13479694888831906,-0.46367806920212945,-0.0005816209121014538,0.0,-0.0020774375461595222,0.0,0.0,-0.04523245306038152,-1.5101707783442024,-0.06237149806157337,0.0,4.340270404807396e-06,0.0,0.04673169983668088,0.0408576,31.12864,-0.5091255987457179,-0.010696591080179334,-156.25149844,0.640602752,-0.5,2469888,37.583528504034774,-0.010611979166666589,2.0179108391690845,0.018561687,532,0.000295097088,-34.064856338500974,0.8994506597518921,1.001202940940857,-0.03258302516769618,0.17384033203125,-0.40340518951416016,0.2,0.001639467367203906
135,0.01,-9.514191096337459e-09,-0.18807973451788002,0.0,2762,56.28,-7.897195144175481e-06,-0.06626164128435175,-0.21852821676248915,-8.257590092889234e-05,-0.33712878754308034,0.0,0.0,0.0,900,-0.005213311754297162,-1.8449418370662893,0.10800325439713576,-0.13518556246775015,-0.46368076689168597,-0.0008093040984893189,0.0,-0.0020522480566199184,0.0,0.0,-0.041320775469765654,-1.5067159772021081,-0.062081672111726646,0.0,0.0,0.0,0.04625992121860507,0.0411648,31.17472,-0.5126434399985818,-0.01055715982187798,-156.16984123999998,0.640532096,-0.5,2488320,37.80113903899752,-0.0106445312499999,2.05565003301692,0.017516498,536,0.000295060224,-34.056752395629886,0.9010778069496155,1.0004054307937622,-0.03170837820507586,0.15443115234375,-0.40163683891296387,0.2,0.0016156335186678916
136,0.01,-9.522038585560914e-09,-0.18944561233264376,0.0,2758,56.62,-7.77152045434417e-06,-0.06653555680293499,-0.21867167064625967,-8.190177360277497e-05,-0.33600833260174184,0.0,0.0,0.0,908,-0.005026419196560287,-1.8507137044628026,0.11002066337080163,-0.13363796376364057,-0.46485058577532384,-0.00018480118607014102,0.0,-0.0020660553492208556,0.0,0.0,-0.040518290210576284,-1.5082753579228028,-0.06260714837261713,0.0,8.68055051089161e-06,0.0,0.04673503423167041,0.041472,31.2208,-0.5106195838893567,-0.010522980225181932,-156.51247797,0.64046144,-0.5,2506752,38.50723217978057,-0.010503472222222124,2.1183602040775633,0.01761463,540,0.00029502335999999997,-34.051402473449706,0.9043262600898743,1.0002942085266113,-0.0325826850370504,0.1612060546875,-0.4018115997314453,0.2,0.0016025675751734525
137,0.01,-9.248043361819672e-09,-0.18818350060190242,0.0,2759,56.85,-7.814219166604092e-06,-0.06640321603790866,-0.21811394037839707,-8.568456772239945e-05,-0.33190319472049035,0.0,0.0,0.0,915,-0.004664464048114431,-1.8496988093847857,0.11180778066019517,-0.13294165384873413,-0.4582713504227914,-0.0003725951043915589,0.0,-0.002156698331428688,0.0,0.0,-0.03735649550813593,-1.5029674525613228,-0.06242850904208018,0.0,0.0,0.0,0.04599861291102918,0.0417792,31.26688,-0.5135203314684174,-0.010643965171766467,-156.75021271,0.640390784,-0.5,2525184,39.13272323106831,-0.010199652777777703,2.204992736538556,0.01853695,544,0.000294986496,-34.05482006072998,0.908631443977356,1.0008091926574707,-0.03225366621045396,0.1629638671875,-0.40318432450294495,0.2,0.0015337686985731126
138,0.01,-9.728942395578123e-09,-0.18897578589811692,0.0,2759,57.73,-7.954249428288073e-06,-0.0664996508906988,-0.2190702389662974,-8.568395974966857e-05,-0.3353872880591156,0.0,0.0,0.0,921,-0.004979087558272106,-1.8539940719041728,0.10814275936692919,-0.13420431809373312,-0.46342565053202706,-0.00016021897553828197,0.0,-0.00214015597688765,0.0,0.0,-0.0408336456443011,-1.4926180237331805,-0.06252307952903399,0.0,0.0,0.0,0.04702339776387085,0.0420864,31.31296,-0.5117732364983716,-0.010641252596138252,-157.60757402000002,0.640320128,-0.5,2543616,37.849965778425215,-0.01087239583333323,2.063022431914825,0.018312981,548,0.000294949632,-34.05639095306397,0.9135918617248535,1.0006870031356812,-0.031800832599401474,0.16107177734375,-0.40285664796829224,0.2,0.0014346179901622235
139,0.01,-9.392448037870742e-09,-0.1890599220708092,0.0,2759,56.95,-7.921342518913886e-06,-0.06665862312103632,-0.2200179704129057,-8.623146832443988e-05,-0.3293405812100808,0.0,0.0,0.0,928,-0.005109122630901574,-1.8417588453858948,0.1039051402852722,-0.13105681393268412,-0.45606415502150877,-0.00026328833847048805,0.0,-0.00218660984672388,0.0,0.0,-0.042408647757710555,-1.4971795466764797,-0.0625675958715692,0.0,0.0,0.0,0.04630145111839072,0.0423936,31.35904,-0.5100039862406107,-0.010877254837800542,-156.83587512999998,0.640249472,-0.5,2562048,36.366799099845274,-0.010590277777777678,1.9589722591676582,0.017375281,552,0.000294912768,-34.055844116210935,0.9144195914268494,1.0006592273712158,-0.031007467582821847,0.1631591796875,-0.40165412425994873,0.2,0.0014281662064604462
140,0.01,-9.661337451103269e-09,-0.18632461595870642,0.0,2759,57.09,-7.970150125110072e-06,-0.0665310253665919,-0.220417769023617,-8.700336246652325e-05,-0.32357607411547884,0.0,0.0,0.0,935,-0.005585199015150492,-1.8403797887359892,0.10651438057979565,-0.12866225802223613,-0.4525598284602267,-0.0008863112676714296,0.0,-0.0021464033130453083,0.0,0.0,-0.04195218997777977,-1.495792415736915,-0.06147542691117623,0.0,0.0,0.0,0.04678177227285726,0.0427008,31.40512,-0.5126216302109062,-0.010328210461820062,-156.98216871,0.640178816,-0.5,2580480,37.28003320292848,-0.010633680555555464,2.009674774186948,0.017581189,556,0.000294875904,-34.05863380432129,0.9152711629867554,1.0008927583694458,-0.03165859824512154,0.1558349609375,-0.40061062574386597,0.2,0.0014273953100200742
141,0.01,-9.455964069903668e-09,-0.1890718379305786,0.0,2759,57.36,-8.055596744375566e-06,-0.06664436642368604,-0.21940870064016987,-8.779434366253804e-05,-0.3239493811338775,0.0,0.0,0.0,941,-0.005209933594091591,-1.8511327645666524,0.10509728609901592,-0.12977605794697233,-0.4632384624624333,-0.0007527526615341205,0.0,-0.0021674957704939314,0.0,0.0,-0.04198683998976036,-1.5020561607487233,-0.06305687885912585,0.0,7.595485335008965e-06,0.0,0.04662750989740993,0.043008,31.4512,-0.5129685311182098,-0.0107985875850621,-157.25340604000002,0.64010816,-0.5,2598912,36.78405013465557,-0.010861545138888797,1.9329524160799072,0.016823262,560,0.00029483904,-34.060387802124026,0.9123638868331909,1.0009379386901855,-0.031081845716107635,0.15767822265625,-0.39900079369544983,0.2,0.0014772685535717756
142,0.01,-1.0073269996246863e-08,-0.1903559065955596,0.0,2760,56.22,-8.084715625406577e-06,-0.06672040047749908,-0.22027209693521066,-9.055115822107271e-05,-0.3385037824256946,0.0,0.0,0.0,948,-0.005230596541056426,-1.8595308678353115,0.124074886935903,-0.13501261312194882,-0.4655042961759465,-0.0005689086810855815,0.0,-0.0022987747454765233,0.0,0.0,-0.04351406032330011,-1.4920481933532335,-0.06278195576804718,0.0,1.085065175882644e-06,0.0,0.04627404281802789,0.0433152,31.49728,-0.5109275062501839,-0.010715037330454733,-156.1129598,0.640037504,-0.5,2617344,43.42621042756605,-0.010785590277777679,2.6940637285175453,0.017979287,564,0.000294802176,-34.06248435974121,0.9204651117324829,1.0012295246124268,-0.03222453121561557,0.15789794921875,-0.40532559156417847,0.2,0.001325852470472455
143,0.01,-9.52750735282078e-09,-0.19043418420736288,0.0,2760,56.95,-8.172192571719595e-06,-0.06662101389817202,-0.2186259476980522,-8.983495920316132e-05,-0.3323503083589535,0.0,0.0,0.0,954,-0.005350543928908128,-1.851046712775658,0.10185744889814996,-0.13055796697679023,-0.46148714263682994,-0.000929365861446225,0.0,-0.0022220073056209324,0.0,0.0,-0.03734644328846135,-1.4919393657000775,-0.06284053911768882,0.0,0.0,0.0,0.04683997763256723,0.0436224,31.54336,-0.5086345416961169,-0.010630402049476592,-156.86519779,0.639966848,-0.5,2635776,35.65010711435249,-0.010687934027777672,1.8156641180110655,0.016928019,568,0.000294765312,-34.059966468811034,0.9191155433654785,1.0008502006530762,-0.030375331197865306,0.15726318359375,-0.3992372453212738,0.2,0.0013081982266157865
144,0.01,-8.921592501381325e-09,-0.18832761791344155,0.0,2760,56.87,-8.114939035195362e-06,-0.06661087926583649,-0.220414233315528,-8.837135626298364e-05,-0.3301300879557222,0.0,0.0,0.0,961,-0.00548258363501321,-1.8499622016987456,0.12168729437207923,-0.12798473229625332,-0.4623451321933104,-0.0006248602070044677,0.0,-0.002225867434044595,0.0,0.0,-0.04047971712041897,-1.4891436279730772,-0.06289273252007872,0.0,1.3020830616975823e-05,0.0,0.04716752175832346,0.0439296,31.58944,-0.5055922525559224,-0.010652103401500627,-156.75065521,0.639896192,-0.5,2654208,42.59055303022773,-0.01067708333333324,2.5913870246389523,0.016344111,572,0.00029472844799999996,-34.0549654006958,0.9208598136901855,1.0006297826766968,-0.03086682944558561,0.1448486328125,-0.3985464870929718,0.2,0.0013205892406404018
145,0.01,-9.048828493311294e-09,-0.19082125079059153,0.0,2760,56.94,-8.262933854105695e-06,-0.06680539728024376,-0.22044408855726824,-9.074628170039588e-05,-0.32004460969638415,0.0,0.0,0.0,968,-0.005616477454137581,-1.8522123724988886,0.1121436702510901,-0.1261020616011332,-0.4576050718697416,-0.0008278866317702259,0.0,-0.00222935571500133,0.0,0.0,-0.04230426220408489,-1.4927612621182955,-0.06366225055633254,0.0,0.0,0.0,0.047375515326461226,0.0442368,31.63552,-0.5086528206648923,-0.0104589613054284,-156.82473201000002,0.639825536,-0.5,2672640,39.25028458788153,-0.010514322916666584,2.2009975468338845,0.017796513,576,0.00029469158399999997,-34.05350551605225,0.9231314659118652,1.0005940198898315,-0.031032085558399557,0.15828857421875,-0.40274617075920105,0.2,0.0012921515328343958
146,0.01,-9.543792656627381e-09,-0.186092791710481,0.0,2760,56.63,-8.306658975710464e-06,-0.06699189057829794,-0.22181803111529508,-9.240423857288346e-05,-0.3317830384390945,0.0,0.0,0.0,974,-0.005256439635595736,-1.8562946174221975,0.11538428902507039,-0.13048309311558218,-0.4660968895956718,-0.0005354563184584161,0.0,-0.0022809463646273004,0.0,0.0,-0.03694894785745419,-1.4876827720555053,-0.062490395643624276,0.0,0.0,0.0,0.04699071981539022,0.044544,31.6816,-0.509984915741596,-0.010377038837759756,-156.52943460999998,0.63975488,-0.5,2691072,40.38450115877464,-0.010416666666666576,2.337415480496963,0.01699775,580,0.00029465472,-34.06327953338623,0.9227439165115356,1.0012714862823486,-0.03120188849279657,0.15570068359375,-0.39850932359695435,0.2,0.0013125911122187973
147,0.01,-9.644919792067458e-09,-0.19116740214074981,0.0,2761,57.24,-8.341312262207631e-06,-0.06670896844403501,-0.21905449283355244,-9.09588118548277e-05,-0.3337604884552291,0.0,0.0,0.0,981,-0.0059258929075065945,-1.8635596092357245,0.1158432604117936,-0.13051860844481672,-0.4714009030767525,-0.0010602726058993922,0.0,-0.0022122074393601293,0.0,0.0,-0.043650373068406474,-1.4944344638119205,-0.06375248401128669,0.0,0.0,0.0,0.04744976905958352,0.0448512,31.72768,-0.509114468041538,-0.011055205872657502,-157.12532923999999,0.639684224,-0.5,2709504,40.54514114412776,-0.010503472222222136,2.3499723664744523,0.017594153,584,0.000294617856,-34.059442329406735,0.9297922849655151,1.0007973909378052,-0.031018357363063843,0.15557861328125,-0.397799551486969,0.2,0.0011718474677763879
148,0.01,-9.821428382079825e-09,-0.18829520351889487,0.0,2761,56.65,-8.534097461302783e-06,-0.06675456428057686,-0.22066233939889046,-9.425963357713164e-05,-0.3259581754447739,0.0,0.0,0.0,987,-0.005372656607421392,-1.8479182856401306,0.11712160765310639,-0.12798115196773557,-0.4631499808886049,-0.0003957161960022082,0.0,-0.0023241148717516383,0.0,0.0,-0.04046078592537335,-1.481461710195789,-0.06325956099998693,0.0,3.2552052289247513e-06,0.0,0.04690735356688877,0.0451584,31.77376,-0.5085875288377227,-0.01079533232970991,-156.53176492999998,0.639613568,-0.5,2727936,40.992562678587234,-0.010373263888888797,2.427981790086949,0.018322771,588,0.000294580992,-34.056258583068846,0.9303865432739258,1.0007094144821167,-0.03058239017846063,0.1595458984375,-0.40180233120918274,0.2,0.001188406813889742
149,0.01,-9.011997960035137e-09,-0.188136982532132,0.0,2761,56.32,-8.483000398673116e-06,-0.06691120907532802,-0.22185700146999687,-9.183396440533834e-05,-0.3292074792519411,0.0,0.0,0.0,994,-0.005335057381616389,-1.8401232884551615,0.10928162169708983,-0.1307985362347036,-0.4550741209413769,-0.0007599492626888588,0.0,-0.002291508321507203,0.0,0.0,-0.03888927135163871,-1.4795079392794337,-0.06151397969318126,0.0,0.0,0.0,0.04667680003609111,0.0454656,31.81984,-0.5085651441812759,-0.010599477425178824,-156.20568775,0.639542912,-0.5,2746368,38.24856759398144,-0.010373263888888812,2.1023174897719277,0.017122071,592,0.00029454412799999997,-34.05623912811279,0.9286724925041199,1.0006088018417358,-0.031158234807662666,0.160546875,-0.4017236828804016,0.2,0.0012281191942747683
150,0.01,-9.419167515583947e-09,-0.18631811775622298,0.0,2761,57.01,-8.481420115341501e-06,-0.06701380459656929,-0.22096036196692065,-9.165215164355047e-05,-0.3220840216883892,0.0,0.0,0.0,1001,-0.005515498337294226,-1.852436548195309,0.10656046584507375,-0.12722468694445951,-0.45928602517646905,-0.000805626737734373,0.0,-0.0022684857950988446,0.0,0.0,-0.041679989256156035,-1.4818644244918635,-0.062049600458861556,0.0,0.0,0.0,0.04732147013921931,0.0457728,31.86592,-0.5080669144838716,-0.010339603751263995,-156.90195576999997,0.639472256,-0.5,2764800,37.29616304577581,-0.010394965277777696,2.0063199795660305,0.017741475,596,0.000294507264,-34.05569438934326,0.9268825650215149,1.0006937980651855,-0.030572041275445373,0.15521240234375,-0.398812860250473,0.2,0.0012458730430807917
151,0.01,-9.046282931086375e-09,-0.19232006400934215,0.0,2762,57.64,-8.503268455633208e-06,-0.06693608770789132,-0.221216153413661,-9.437643294452118e-05,-0.33226383328027687,0.0,0.0,0.0,1007,-0.005425530516675434,-1.8705722316860525,0.10635112824705403,-0.12850333217263,-0.4696698049242549,-0.0006167172109917204,0.0,-0.0023599539650490803,0.0,0.0,-0.03853396386363072,-1.484674828092107,-0.06465413705650712,0.0,0.0,0.0,0.04821378332836782,0.04608,31.912,-0.5028585796510873,-0.010225129215137308,-157.52361096,0.6394016,-0.5,2783232,37.222894886468914,-0.010340711805555479,2.0125228430747293,0.016679605,600,0.0002944704,-34.056388473510744,0.9333372116088867,1.000661849975586,-0.03056893483735621,0.147998046875,-0.4013020098209381,0.2,0.0011005593987647444
152,0.01,-9.87571432733682e-09,-0.1885577892037245,0.0,2762,56.48,-8.508510433904078e-06,-0.06656145258528375,-0.21879839755533304,-9.284080005699613e-05,-0.3338058510379698,0.0,0.0,0.0,1014,-0.005162947465424785,-1.8552388288970871,0.11142581270283447,-0.13060660551662495,-0.46521174256828146,-0.0005037983945352035,0.0,-0.0022800092912837354,0.0,0.0,-0.04059412383302526,-1.4787950357964184,-0.06293822952687893,0.0,0.0,0.0,0.046889288418248604,0.0463872,31.958080000000002,-0.5088335541581852,-0.010058028720474491,-156.36091070999998,0.639330944,-0.5,2801664,38.999034445992066,-0.011024305555555454,2.2222192981496356,0.018614992,604,0.000294433536,-34.05568008422851,0.9349914193153381,1.0008032321929932,-0.030540633178316057,0.1629638671875,-0.4001346826553345,0.2,0.0010969024675432592
153,0.01,-9.766122719463195e-09,-0.19234610300202315,0.0,2762,57.14,-8.776874942388995e-06,-0.06655067426867761,-0.21999646201614573,-9.53948597309286e-05,-0.3332807496561994,0.0,-2.690650701828211e-06,0.0,1020,-0.005345621171690966,-1.8647531504492763,0.10842914657391625,-0.13106451211785722,-0.46922583904848086,-0.00076751045144612,0.0,-0.002320505842766604,0.0,0.0,-0.03931358574197963,-1.492777193830764,-0.06382572964366462,0.0,9.765615686774254e-06,0.0,0.047615558058811576,0.0466944,32.00416,-0.5072968835863821,-0.011203317652365917,-157.01909261,0.639260288,-0.5,2820096,37.95020130087069,-0.01089409722222212,2.061072190070629,0.018535096,608,0.00029439667199999996,-34.063904762268066,0.9379315376281738,1.0012547969818115,-0.029397601075470448,0.154541015625,-0.4012303352355957,0.2,0.0010758172953501343
154,0.01,-9.383588798130272e-09,-0.195055929296839,0.0,2762,56.75,-8.807188426518041e-06,-0.06694413822393516,-0.22023789738721142,-9.79148172481021e-05,-0.32995792841653604,0.0,0.0,0.0,1027,-0.005283553199837516,-1.8723103621383943,0.10565912083473925,-0.1294708969066297,-0.46953281914353284,-0.0003693117318102154,0.0,-0.002314694341005631,0.0,0.0,-0.043634141615713655,-1.4863657955019909,-0.06495679729391204,0.0,1.193576544109318e-05,0.0,0.047614230551024865,0.0470016,32.05024,-0.5087706941202497,-0.011312909784869084,-156.64248425,0.639189632,-0.5,2838528,36.980692292158736,-0.010959201388888784,2.081233313253845,0.01931939,612,0.000294359808,-34.05963344573975,0.9390215277671814,1.0007585287094116,-0.030106675019487737,0.1607666015625,-0.4007730782032013,0.2,0.0010749209381174297
155,0.01,-8.989487533138487e-09,-0.19475605753135444,0.0,2762,57.81,-8.598956905112268e-06,-0.06672866647518477,-0.221548060440889,-9.334677626137846e-05,-0.33348539441868774,0.0,0.0,0.0,1034,-0.00511545560926687,-1.8658292812803599,0.118599701221866,-0.12984894375274017,-0.46577444185220934,-0.00023081093316699533,0.0,-0.002318502125146933,0.0,0.0,-0.035669206092978474,-1.4825192530392763,-0.0641302503164386,0.0,0.0,0.0,0.047607467096444096,0.0473088,32.09632,-0.508257500788488,-0.010774715764758488,-157.70331236,0.639118976,-0.5,2856960,41.5098954276531,-0.010188802083333264,2.4616941656457674,0.017759051,616,0.000294322944,-34.05891513824463,0.94035804271698,1.0007680654525757,-0.030667936068493874,0.15552978515625,-0.4018958806991577,0.2,0.0010536345362197608
156,0.01,-9.12275456273919e-09,-0.1901829546373096,0.0,2763,56.72,-8.961366614760488e-06,-0.06727934888674296,-0.22048773559381518,-9.703506984978447e-05,-0.32870970567676366,0.0,0.0,0.0,1040,-0.005501088336066726,-1.8603710690486406,0.11500100314744738,-0.1293031205332279,-0.4668074984883374,-0.0009941842938318989,0.0,-0.002409812047292708,0.0,0.0,-0.04146388967996828,-1.4820165146411775,-0.06336218558683576,0.0,7.595485335008965e-06,0.0,0.04666826242348705,0.047616,32.1424,-0.5120082478411573,-0.010939103502702588,-156.60569058,0.63904832,-0.5,2875392,40.25035110160658,-0.010308159722222144,2.513409795837594,0.017516483,620,0.00029428608,-34.059311103820804,0.9403471350669861,1.000810980796814,-0.030200658610556274,0.15025634765625,-0.40160712599754333,0.2,0.001041580393211916
157,0.01,-9.460117109910306e-09,-0.19465027271111368,0.0,2763,57.25,-8.831266990776754e-06,-0.06701121574204921,-0.22166956490153786,-9.631352449254103e-05,-0.3305957822491886,0.0,0.0,0.0,1047,-0.005571066219058499,-1.874201172231776,0.10778050090049496,-0.12933606542040066,-0.4728088400724099,-0.0007821223505373036,0.0,-0.0023524779437278935,0.0,0.0,-0.037706079248126946,-1.4791601201619298,-0.06460189788454213,0.0,2.387152118090954e-05,0.0,0.04790638444128089,0.0479232,32.18848,-0.5058015303014507,-0.009966883066226728,-157.13300266,0.638977664,-0.5,2893824,37.723175315173236,-0.010492621527777699,2.0329367688552513,0.018574644,624,0.000294249216,-34.05723323822021,0.9392961263656616,1.0010007619857788,-0.03050074097700417,0.17181396484375,-0.40147408843040466,0.2,0.0010521501943003386
158,0.01,-9.040105469361328e-09,-0.1940194606624582,0.0,2763,57.45,-9.058099966515101e-06,-0.06706810396401469,-0.22063798029088802,-9.849337377104513e-05,-0.3283479478094052,0.0,0.0,0.0,1053,-0.005273223661805134,-1.871982563509516,0.10539253782102745,-0.12888624595890458,-0.4675271804914973,-0.0005196155014036715,0.0,-0.0024010461188772782,0.0,0.0,-0.03493906965797339,-1.4742645365508364,-0.06446594056518173,0.0,0.0,0.0,0.04792191285692167,0.0482304,32.23456,-0.5114652485854482,-0.010235437127347622,-157.34091887,0.638907008,-0.5,2912256,36.88738823735961,-0.010720486111111031,1.9521181806570531,0.018033972,628,0.00029421235199999997,-34.058642578125,0.9425671100616455,1.0008766651153564,-0.029843439557589592,0.1575927734375,-0.3957935571670532,0.2,0.0009914793947245926
159,0.01,-8.550778074143717e-09,-0.1937928981950923,0.0,2763,57.88,-8.98538340277279e-06,-0.06710844957087186,-0.22008222390595666,-9.792452924851546e-05,-0.3317226456403617,0.0,0.0,0.0,1060,-0.005314338531616901,-1.865359349679149,0.1026015113983999,-0.13082219384318938,-0.4691788197454019,-0.0006075438431590393,0.0,-0.0024477652186143764,0.0,0.0,-0.04002069382147996,-1.4884555013973253,-0.06462960416842752,0.0,0.0,0.0,0.04702094734859513,0.0485376,32.28064,-0.5133440886267809,-0.010768747920843048,-157.76972818000002,0.638836352,-0.5,2930688,35.91052898943997,-0.01061197916666659,1.8468672256906848,0.018466743,632,0.000294175488,-34.05278282165527,0.9422483444213867,1.000340223312378,-0.0299587365007028,0.15496826171875,-0.3979758620262146,0.2,0.0010039077053079382
160,0.01,-9.772148352976126e-09,-0.19499804963675466,0.0,2763,58.08,-8.909143232775337e-06,-0.0668613994447248,-0.22088970934912314,-0.00010130995504484326,-0.33656374679304335,0.0,0.0,0.0,1067,-0.005370237575329969,-1.8718624504923018,0.10138178361399933,-0.13046760779745023,-0.4686259639254458,-0.0007302431280447292,0.0,-0.002475712696982978,0.0,0.0,-0.03998288462467741,-1.4880651205495559,-0.06502024646388492,0.0,0.0,0.0,0.04712722730268222,0.0488448,32.32672,-0.5165065048273174,-0.01208005215933857,-157.97086154000002,0.638765696,-0.5,2949120,35.48362426489977,-0.010427517361111036,1.9989073639207948,0.017743448,636,0.000294138624,-34.050605392456056,0.9444074034690857,1.0004394054412842,-0.030077003093902023,0.15850830078125,-0.39557310938835144,0.2,0.0009845844062510878
161,0.01,-9.53695071029017e-09,-0.1966763487045789,0.0,2764,57.68,-9.144969926727126e-06,-0.06696884820134762,-0.2214493552370785,-0.00010187570211131563,-0.3307202771403526,0.0,0.0,0.0,1073,-0.005144984752709462,-1.8768162209302572,0.104529780555388,-0.12846864837747868,-0.4736762356506969,-0.00033019881883743804,0.0,-0.002468824313753942,0.0,0.0,-0.03960699420434181,-1.4796937620736952,-0.0659679459138052,0.0,1.085065175882644e-06,0.0,0.04835557165771544,0.049152,32.3728,-0.5098228294991154,-0.010524607782523768,-157.57523025,0.63869504,-0.5,2967552,36.585423194385804,-0.010340711805555477,1.9125132359716728,0.017092155,640,0.00029410175999999995,-34.04981536865235,0.9470221400260925,1.0003925561904907,-0.029542971844784917,0.1474365234375,-0.3997327983379364,0.2,0.0009414564323378727
162,0.01,-9.215492997332642e-09,-0.1969338657237507,0.0,2764,57.03,-9.066478223201039e-06,-0.06715871213042793,-0.221150319640906,-0.00010144648099206804,-0.33413956015218776,0.0,0.0,0.0,1080,-0.005195545963029772,-1.8848677030377716,0.10843006370676869,-0.13089992517751728,-0.47477636968187853,-0.00036345749112204123,0.0,-0.002519375403665832,0.0,0.0,-0.04009889714591578,-1.4802860222579515,-0.06641071201477551,0.0,1.9531250776102144e-05,0.0,0.04731475370505281,0.0494592,32.41888,-0.5086999036751896,-0.010128015594091266,-156.91170756,0.638624384,-0.5,2985984,37.95052229736904,-0.010828993055555446,2.057567447430212,0.017001783,644,0.000294064896,-34.05445556640625,0.944869875907898,1.0005040168762207,-0.02971697162138298,0.15054931640625,-0.3953518271446228,0.2,0.0009729915182106197
163,0.01,-9.553565022800166e-09,-0.19495086204241094,0.0,2761,57.81,-9.119830467737796e-06,-0.06697702922864669,-0.22327940283220477,-0.00010082635914311118,-0.3331735280245124,0.0,0.0,0.0,1088,-0.0054905321987258095,-1.8665381180004768,0.1063597396320225,-0.12862871245014645,-0.47047459777689543,-0.0012120540878210642,0.0,-0.002504809105057579,0.0,0.0,-0.041573186510186474,-1.4723712667683344,-0.06576227781066697,0.0,9.765625388051072e-06,0.0,0.04621111981198844,0.0497664,32.46496,-0.5119219519371171,-0.01109264075542645,-157.70574979,0.638553728,-0.5,3004416,37.22590887120788,-0.010894097222222135,1.9798076185703568,0.017362053,648,0.000294028032,-34.054291343688966,0.9464491605758667,1.000563383102417,-0.029116963234264402,0.1520751953125,-0.39836347103118896,0.2,0.0009403415868291631
164,0.01,-9.39269035614436e-09,-0.18826812849833743,0.0,2761,57.08,-9.374778981230642e-06,-0.06708715423807357,-0.22244860160008212,-0.00010410102864294565,-0.33132588142429187,0.0,0.0,0.0,1094,-0.005320207215030366,-1.854079157685927,0.11307246253620934,-0.13319424439086205,-0.45958853507065833,-0.000821259023684978,0.0,-0.0026669497063889127,0.0,0.0,-0.039236642289169725,-1.4773593320237652,-0.06324417587418545,0.0,1.3020830616975823e-05,0.0,0.04585619517701402,0.0500736,32.51104,-0.5137585260857032,-0.010869116933059154,-156.95166766999998,0.638483072,-0.5,3022848,39.57536188767327,-0.010774739583333241,2.237614477869051,0.016941851,652,0.000293991168,-34.05759048461914,0.9452474117279053,1.0007784366607666,-0.028473144315648825,0.1521484375,-0.3973580300807953,0.2,0.0009735924890264869
165,0.01,-8.895534588350564e-09,-0.19652531211180208,0.0,2761,57.64,-9.326980068607286e-06,-0.06740923583160444,-0.22068427548232034,-0.00010411737952107892,-0.3339423681428345,0.0,0.0,0.0,1101,-0.005420910963598922,-1.8846898149665305,0.10635272425427647,-0.1304909274956203,-0.4762198047421451,-0.0007069255152626786,0.0,-0.002560809807279012,0.0,0.0,-0.04045133514004771,-1.4737940084687025,-0.0662388613881913,0.0,0.0,0.0,0.048008664508007975,0.0503808,32.55712,-0.5089016872684823,-0.010040667391472703,-157.52849239,0.638412416,-0.5,3041280,37.22345348899677,-0.010373263888888807,2.045609794110326,0.018286586,656,0.000293954304,-34.055422401428224,0.9461848139762878,1.0006427764892578,-0.02956586526706815,0.167919921875,-0.40108662843704224,0.2,0.0009525872708763927
166,0.01,-9.356974598401395e-09,-0.19287060256046137,0.0,2761,57.51,-9.35913507015532e-06,-0.06739760791026057,-0.2216671906531089,-0.00010395828027987515,-0.336342517918451,0.0,0.0,0.0,1107,-0.005533797255768446,-1.859402066019154,0.10199423703226385,-0.13310630749294255,-0.46352933486921954,-0.0006864723213314102,0.0,-0.002590714984516428,0.0,0.0,-0.037486129929208606,-1.4696229369161182,-0.06390526737431854,0.0,9.765625388051072e-06,0.0,0.04671413298920725,0.050688,32.6032,-0.5094471904847477,-0.01121308327290333,-157.41582978,0.63834176,-0.5,3059712,35.69798296129235,-0.010666232638888808,1.8265005837449866,0.017289933,660,0.00029391743999999996,-34.05276355743408,0.9516223669052124,1.0006002187728882,-0.02900994373485446,0.1544921875,-0.39896368980407715,0.2,0.0008474061993183568
167,0.01,-9.35223883523796e-09,-0.20000033748330612,0.0,2761,57.43,-9.497749134006024e-06,-0.06721171292337982,-0.22161460152415818,-0.00010391502405049126,-0.33087354253762624,0.0,0.0,0.0,1114,-0.005999604689594338,-1.8839524435564086,0.10830911969954957,-0.1269021198809169,-0.4738973043007586,-0.0010452889893654126,0.0,-0.002508433867420823,0.0,0.0,-0.04123014519069713,-1.461804350946424,-0.0667481102579396,0.0,0.0,0.0,0.048684804695337494,0.0509952,32.64928,-0.5071515840929063,-0.011353057036305673,-157.32326949999998,0.638271104,-0.5,3078144,37.908191894842346,-0.010362413194444371,2.053051374203136,0.017213598,664,0.000293880576,-34.05253257751465,0.954854428768158,1.0004873275756836,-0.02893464338267222,0.1496826171875,-0.394187331199646,0.2,0.0008007771451957524
168,0.01,-9.755339419766173e-09,-0.19616091783941084,0.0,2761,58.84,-9.433895193116604e-06,-0.06746535739744909,-0.22130875426456578,-0.00010713918975828632,-0.3306835342411938,0.0,0.0,0.0,1121,-0.006095750757474302,-1.8820521330453894,0.11385982822537971,-0.12885738462057628,-0.4760502356893555,-0.001408690624337823,0.0,-0.0026694717531162587,0.0,0.0,-0.034030518252809255,-1.467365434036038,-0.06678794465253701,0.0,4.340270404807396e-06,0.0,0.0477804019452058,0.0513024,32.69536,-0.5065688476953296,-0.010107399350898858,-158.71829107,0.638200448,-0.5,3096576,39.8509398788829,-0.010904947916666567,2.277145106524121,0.017458249,668,0.000293843712,-34.054415702819824,0.9497151374816895,1.0008116960525513,-0.0298732589231804,0.15404052734375,-0.39686301350593567,0.2,0.0008945810346631333
169,0.01,-8.616139249379326e-09,-0.19933290014697197,0.0,2761,58.63,-9.488981892505443e-06,-0.06731640552898806,-0.22162459425174652,-0.00010661533306205589,-0.3326695433842467,0.0,-3.1939990282810784e-05,0.0,1128,-0.005659983646062709,-1.8870301194155519,0.10598740720787131,-0.12848850745406254,-0.4713654923030826,-0.0007604324288870049,0.0,-0.0026083601195119512,0.0,0.0,-0.04006847321995013,-1.4614947755536247,-0.06699182069138154,0.0,0.0,0.0,0.04934841977747692,0.0516096,32.74144,-0.5060872969946045,-0.011092098342487589,-158.50395175000003,0.638129792,-0.5,3115008,37.095592522754956,-0.010264756944444361,1.9995114808086252,0.017645951,672,0.000293806848,-34.05985279083252,0.9495543837547302,1.0009324550628662,-0.028938166983425617,0.15262451171875,-0.3956182301044464,0.2,0.0009091257903492078
170,0.01,-9.150580229680995e-09,-0.19171203192728356,0.0,2761,57.61,-9.456661922131282e-06,-0.06723428767469271,-0.22087855760754624,-0.00010671536792106309,-0.3315668027327083,0.0,0.0,0.0,1134,-0.005667372828602,-1.8553403495120142,0.10537507618307687,-0.13126627530552668,-0.4574404706670194,-0.0011398747308044466,0.0,-0.0026961066269723852,0.0,0.0,-0.043502953803076075,-1.470982380536836,-0.0637232026291453,0.0,0.0,0.0,0.04635550815879163,0.0519168,32.78752,-0.518437706501393,-0.011080704889738828,-157.49636303999998,0.638059136,-0.5,3133440,36.88127666407691,-0.01064453124999993,1.9768864806582485,0.018026587,676,0.000293769984,-34.05403823852539,0.9508678913116455,1.0003812313079834,-0.028759213956072928,0.1578369140625,-0.39519181847572327,0.2,0.0008970924449386075
171,0.01,-8.976601054404586e-09,-0.1943532463689012,0.0,2761,57.9,-9.607940143608782e-06,-0.06751908703353565,-0.22197719309957978,-0.00010896774385498225,-0.32380165091078006,0.0,0.0,0.0,1141,-0.005431074297995195,-1.8835888847315947,0.10107462300820519,-0.1253617782561461,-0.46896635830930244,-0.0008516318811682635,0.0,-0.00271626945256428,0.0,0.0,-0.03705387542774677,-1.4592303793017047,-0.06609798581048534,0.0,1.085065175882644e-06,0.0,0.048410717593697375,0.052224,32.8336,-0.5071165378217286,-0.010244117807208871,-157.78024526,0.63798848,-0.5,3151872,35.37611805287182,-0.010959201388888777,1.7878466801089568,0.015955402,680,0.00029373311999999997,-34.05154438018799,0.9496353268623352,1.0005335807800293,-0.028486233949661256,0.15501708984375,-0.3943350911140442,0.2,0.0009141357790213078
172,0.01,-9.09127299601867e-09,-0.1989598014622762,0.0,2761,57.63,-9.722650009277094e-06,-0.06754863434214536,-0.2222479947235927,-0.0001088055594811377,-0.3325985632645688,0.0,0.0,0.0,1147,-0.006402889624116149,-1.891762730249845,0.104236708492698,-0.1280878244472992,-0.4800637032958098,-0.00146941965861941,0.0,-0.0027149075419705625,0.0,0.0,-0.04020581318348243,-1.4646324831484518,-0.06743841088133071,0.0,9.765625388051072e-06,0.0,0.0486629274715995,0.0525312,32.87968,-0.5068496024866802,-0.010163822840291282,-157.53359752999998,0.637917824,-0.5,3170304,36.482847972444304,-0.010590277777777681,1.9014415418894564,0.018070145,684,0.000293696256,-34.05093364715576,0.9508482217788696,1.000411868095398,-0.029130681545939296,0.1659912109375,-0.39487412571907043,0.2,0.000860560403089039
173,0.01,-8.843589278828209e-09,-0.19989588688204735,0.0,2762,58.04,-9.734639614176922e-06,-0.06753806234405063,-0.22020851468114394,-0.00010869435730776833,-0.32619821083422507,0.0,0.0,0.0,1154,-0.005721451457673156,-1.8914157054929406,0.11733488777956588,-0.12543714071885737,-0.47978035092846394,-0.000928236605997205,0.0,-0.002639858218270603,0.0,0.0,-0.03574694273522164,-1.4537974159907003,-0.06833046978359125,0.0,0.0,0.0,0.049101605903652715,0.0528384,32.92576,-0.5055265093022254,-0.010155684794881381,-157.9214134,0.637847168,-0.5,3188736,41.06721072284806,-0.010622829861111037,2.431378657602554,0.01832032,688,0.000293659392,-34.049499320983884,0.9554830193519592,1.000410556793213,-0.03029314141604118,0.16824951171875,-0.39936724305152893,0.2,0.00077688226592727
174,0.01,-9.609860710318732e-09,-0.20091035933016524,0.0,2762,57.64,-9.939033448675058e-06,-0.06775853983406716,-0.21930358881394005,-0.00011157114345297056,-0.32680363544369023,0.0,0.0,0.0,1161,-0.006366905587352148,-1.8978424262218827,0.11647874161632846,-0.12813440400626508,-0.4810201498621978,-0.002218483386806633,0.0,-0.002758224676759953,0.0,0.0,-0.04243982927418575,-1.4562863293524915,-0.06832530838669715,0.0,0.0,0.0,0.04948072229266971,0.0531456,32.97184,-0.5060225853835223,-0.01050833198759291,-157.52625236999998,0.6377765120000001,-0.5,3207168,40.76755956571496,-0.010698784722222139,2.374409012469157,0.018171633,692,0.000293622528,-34.05959548950195,0.955263078212738,1.0008010864257812,-0.028824100526981054,0.15999755859375,-0.39144080877304077,0.2,0.0007989879872184247
175,0.01,-9.239708563246741e-09,-0.19983027329978753,0.0,2762,57.56,-9.66689221211423e-06,-0.06766340128449577,-0.2208558024287205,-0.00010793963530132297,-0.32416538003338435,0.0,0.0,0.0,1167,-0.0060770634043152,-1.8939821434850994,0.11172792584649416,-0.12372128166745207,-0.47581895675979197,-0.0010990365070714515,0.0,-0.0026762879848961797,0.0,0.0,-0.0377678806418226,-1.448341265338003,-0.06789226326087065,0.0,3.2552052289247513e-06,0.0,0.049128543670614984,0.0534528,33.017920000000004,-0.5025358594563692,-0.01001245607363267,-157.44739047000002,0.6377058560000001,-0.5,3225600,39.10477404627296,-0.010666232638888799,2.216372981361337,0.0183384,696,0.00029358566399999996,-34.06135425567627,0.9567549824714661,1.000978946685791,-0.02844141237437725,0.16563720703125,-0.3944110572338104,0.2,0.0007808361755451187
176,0.01,-9.111494594146873e-09,-0.19399312441281075,0.0,2762,57.46,-9.826675105608448e-06,-0.06795025536898172,-0.22019214880262228,-0.0001099428551256947,-0.3182591211346029,0.0,0.0,0.0,1174,-0.0058963006100402554,-1.8596779572557567,0.1064874478141572,-0.1222515802821388,-0.4650992099828821,-0.0008256906979594934,0.0,-0.002781282616079654,0.0,0.0,-0.038988350583592034,-1.449525732059816,-0.06630850536600569,0.0,0.0,0.0,0.04729643752435536,0.05376,33.064,-0.5088710149208975,-0.010433462441950623,-157.34892233,0.6376352000000001,-0.5,3244032,37.27060673495502,-0.011100260416666568,2.0218429370008133,0.018411264,700,0.0002935488,-34.061483192443845,0.9540511965751648,1.000871181488037,-0.02926321872510016,0.15611572265625,-0.39452046155929565,0.2,0.0008432463073404506
177,0.01,-8.952063362164319e-09,-0.20161271307958206,0.0,2762,58.79,-1.0040322090832543e-05,-0.06787376107354619,-0.2190172300274461,-0.00010896208940422642,-0.3205185200952327,0.0,0.0,0.0,1180,-0.006082028527089574,-1.8911001796008873,0.10406075382072713,-0.1233291162819606,-0.4754541025068418,-0.00052676815183425,0.0,-0.0027257349235083827,0.0,0.0,-0.04151766456601799,-1.4480399277922222,-0.06873564470145083,0.0,0.0,0.0,0.04915903286311486,0.0540672,33.110079999999996,-0.5044541763708491,-0.01030054122060796,-158.67764618,0.6375645440000001,-0.5,3262464,36.42126383725449,-0.010590277777777678,1.9141901544644928,0.017596584,704,0.000293511936,-34.06100730895996,0.9513337016105652,1.0009584426879883,-0.029415612167213112,0.1653564453125,-0.3949948847293854,0.2,0.0008727135718800128
178,0.01,-9.00072163061241e-09,-0.20323668488060906,0.0,2762,58.14,-1.0061601259587695e-05,-0.0679977658788965,-0.22311817341646334,-0.00011226380649317535,-0.3246855150581369,0.0,0.0,0.0,1187,-0.006007300534915948,-1.893719627199742,0.10367289969447244,-0.1257733714954491,-0.478497896615845,-0.0008924275816904214,0.0,-0.002811885137726475,0.0,0.0,-0.03223519467776049,-1.4508568106557063,-0.06932010471807043,0.0,0.0,0.0,0.049450574254114116,0.0543744,33.15616,-0.5029758215368946,-0.009753667288653864,-158.03012803000001,0.6374938880000001,-0.5,3280896,36.285514893065354,-0.010036892361111056,1.9111428344749035,0.017948383,708,0.000293475072,-34.0663257598877,0.9523810744285583,1.001204490661621,-0.028578735352493823,0.15284423828125,-0.39590179920196533,0.2,0.0008623936824733392
179,0.01,-9.097343084341359e-09,-0.2012798430361299,0.0,2762,58.68,-1.0044629136470386e-05,-0.06768567588382264,-0.2197388960209023,-0.00010943586920696628,-0.31994901735319653,0.0,0.0,0.0,1194,-0.0063189116999960914,-1.8982533390266125,0.10996054276178238,-0.12348990342888218,-0.48059625483741175,-0.00130872790654472,0.0,-0.0027457101891607497,0.0,0.0,-0.04048708870232379,-1.4536886577368184,-0.06915792760032417,0.0,0.0,0.0,0.05044347643482513,0.0546816,33.20224,-0.5009426857014208,-0.009404818095693676,-158.57816684999997,0.6374232320000001,-0.5,3299328,38.48618996662383,-0.010828993055555467,2.115987211018773,0.017882142,712,0.000293438208,-34.06603527069092,0.9558772444725037,1.0012834072113037,-0.028697062761057168,0.15167236328125,-0.3986879885196686,0.2,0.0008007452212041244
180,0.01,-8.937136041734287e-09,-0.194944864767224,0.0,2762,57.47,-9.968373153989448e-06,-0.06789155509781929,-0.21996080605119178,-0.00010923670377261264,-0.32379110456280813,0.0,0.0,0.0,1200,-0.0063065271295160924,-1.8715112989257021,0.10956742232898481,-0.12588340367369052,-0.4671374803660254,-0.0015400495440679668,0.0,-0.002861045629878274,0.0,0.0,-0.037822751663617364,-1.4436804270757158,-0.0667537167657209,0.0,7.595485335008965e-06,0.0,0.04786802412939281,0.0549888,33.24832,-0.5075577912390474,-0.009471549739828333,-157.35808994,0.6373525760000001,-0.5,3317760,38.348597815144686,-0.010926649305555463,2.112932001913973,0.018548682,716,0.00029340134399999997,-34.05952796936035,0.9574675559997559,1.000555396080017,-0.028742188320029526,0.16353759765625,-0.3939797282218933,0.2,0.0007641447009518743
181,0.01,-8.89826256186031e-09,-0.19991856797787855,0.0,2763,58.13,-1.0196905089729674e-05,-0.06806373743938425,-0.21925387386872885,-0.00011489457473343432,-0.3109863709589389,0.0,0.0,0.0,1207,-0.006001951987303144,-1.8803354256826101,0.10583786845481225,-0.12196820033620132,-0.46993654527530615,-0.001277435234541992,0.0,-0.002966811577447064,0.0,0.0,-0.0380750852791892,-1.4456983741664944,-0.06902469709290418,0.0,0.0,0.0,0.04925796139984164,0.055296,33.294399999999996,-0.5062576531174338,-0.00941566909023095,-158.01664608,0.6372819200000001,-0.5,3336192,37.043253959184284,-0.011165364583333226,2.091430004759099,0.018429276,720,0.00029336448,-34.05319786071777,0.9523630142211914,1.0003407001495361,-0.02827051654458046,0.16005859375,-0.3948208689689636,0.2,0.0008719681412912905
182,0.01,-8.946371226384877e-09,-0.1944951569642772,0.0,2763,58.22,-1.0312521184611389e-05,-0.06793414352479672,-0.221547068382098,-0.00011334201723175217,-0.31471922181578244,0.0,0.0,0.0,1214,-0.006909464247194528,-1.8679884136490945,0.11314494359184973,-0.12334807113661182,-0.4624655759414807,-0.0015918280148402829,0.0,-0.00285277037231838,0.0,0.0,-0.041929817790256715,-1.453809001186641,-0.0664868271091973,0.0,2.170130351765288e-06,0.0,0.048861011828883694,0.0556032,33.34048,-0.5052953617989888,-0.00964353306173709,-158.0979356,0.637211264,-0.5,3354624,39.600730257147404,-0.010926649305555468,2.2405269824021237,0.018849492,724,0.000293327616,-34.056708908081056,0.9480428099632263,1.0007107257843018,-0.028505967499222608,0.1572509765625,-0.4015541970729828,0.2,0.0009375663561513647
183,0.01,-8.445555588489999e-09,-0.1982456468432633,0.0,2763,59.47,-1.0321861651280167e-05,-0.06831863867828962,-0.22119833336806102,-0.00011397271139197876,-0.32037903671733353,0.0,0.0,0.0,1220,-0.0062875049215044216,-1.8738378146839725,0.10381969861572868,-0.12586282749184907,-0.4677221032779008,-0.0015546229153536632,0.0,-0.0028956816874710282,0.0,0.0,-0.042015199959199466,-1.4472732861097373,-0.06781408597509345,0.0,0.0,0.0,0.04861691835349771,0.0559104,33.38656,-0.5051842920690571,-0.010290775916978924,-159.33919952,0.637140608,-0.5,3373056,36.33689451550504,-0.011024305555555452,1.9610855088801842,0.016789705,728,0.000293290752,-34.0560718536377,0.9520885944366455,1.0006804466247559,-0.027437937050126492,0.156396484375,-0.39958515763282776,0.2,0.0008490254374919459
184,0.01,-9.623449882355034e-09,-0.20451432379665363,0.0,2763,58.4,-1.0301503539017091e-05,-0.06810092565846217,-0.21907851231179756,-0.00011632841583254941,-0.3281047831351398,0.0,0.0,0.0,1227,-0.006720548207538554,-1.9062215667999902,0.10496451692540129,-0.12686169753104476,-0.4783218851649493,-0.0016151614928361733,0.0,-0.002989191226384017,0.0,0.0,-0.045691625958410094,-1.4401172447963364,-0.06981893098502806,0.0,1.085065175882644e-06,0.0,0.0500600712078787,0.0562176,33.43264,-0.5022177366796833,-0.010155684841770886,-158.28739158,0.637069952,-0.5,3391488,36.737580923890455,-0.010340711805555503,1.9281795520589091,0.017481498,732,0.00029325388799999997,-34.05255470275879,0.9546223282814026,1.0005766153335571,-0.02773604108951986,0.15128173828125,-0.3938925862312317,0.2,0.0008324039226863533
185,0.01,-8.976480575784345e-09,-0.20154290162027763,0.0,2763,58.15,-1.0165880432473233e-05,-0.06835571215947549,-0.22135944681516243,-0.00011502478542689372,-0.3207669191495411,0.0,0.0,0.0,1233,-0.005926403380587518,-1.8839741049723695,0.10036495461431458,-0.12286707872923706,-0.46836657713647306,-0.00045371069891995643,0.0,-0.0030020014118836667,0.0,0.0,-0.03857310086922886,-1.4418109131289059,-0.06897144600468046,0.0,0.0,0.0,0.04928009243965514,0.0565248,33.478719999999996,-0.5046048730718637,-0.009499761366492344,-158.02874229,0.636999296,-0.5,3409920,35.1277341150101,-0.010351562499999934,1.7744175167712573,0.016931452,736,0.000293217024,-34.05471496582031,0.9573899507522583,1.0005180835723877,-0.028317209600936623,0.15499267578125,-0.39784684777259827,0.2,0.0007643197430297732
186,0.01,-9.206853672582916e-09,-0.20832676067968378,0.0,2764,58.35,-1.0422690439944058e-05,-0.06805597033524628,-0.22002432713363523,-0.0001162528820468303,-0.31626977181532756,0.0,0.0,0.0,1240,-0.006482961773108506,-1.9153782202830771,0.10605385503076908,-0.12070384995036793,-0.4826611014214217,-0.001140375958484381,0.0,-0.0029318775247386287,0.0,0.0,-0.03689255608114592,-1.4389458826918515,-0.07185838836605482,0.0,0.0,0.0,0.0508258412104491,0.056832,33.5248,-0.5004399913030343,-0.010055858793849539,-158.24217651,0.63692864,-0.5,3428352,37.11884926076918,-0.010514322916666596,2.1158451384065704,0.017362338,740,0.00029318016,-34.04954357147217,0.9545307159423828,1.0002245903015137,-0.02751922121969983,0.1525390625,-0.39439794421195984,0.2,0.000828949417336844
187,0.01,-8.841155661847665e-09,-0.20165159878083677,0.0,2764,58.42,-1.061037926332368e-05,-0.06839140225691348,-0.2203083529565146,-0.000117954906565021,-0.3107690159315075,0.0,0.0,0.0,1246,-0.006624864651419304,-1.8905218814715756,0.10819530568580635,-0.12024392867506105,-0.4725230879062793,-0.0010452523805763493,0.0,-0.0029419975793574717,0.0,0.0,-0.04482988482732677,-1.4386049877015357,-0.06959705619009524,0.0,0.0,0.0,0.04995604368223482,0.0571392,33.57088,-0.5044467933591351,-0.009835589948731164,-158.31444702,0.636857984,-0.5,3446784,37.86835699003222,-0.011013454861111006,2.048589802407744,0.016850557,744,0.000293143296,-34.049396705627444,0.9587305188179016,1.0003803968429565,-0.02790380419464782,0.1512939453125,-0.39677906036376953,0.2,0.0007500746287405491
188,0.01,-8.62950301214135e-09,-0.20686741334768216,0.0,2764,58.82,-1.0538580027407679e-05,-0.0682065425620493,-0.22266611668959227,-0.00011470958280908051,-0.30989901585742746,0.0,0.0,0.0,1253,-0.006818579429747078,-1.9031312582146025,0.10597309498764185,-0.11982081830290817,-0.4738849012144881,-0.001468075926732582,0.0,-0.002965559013821559,0.0,0.0,-0.038301403152569996,-1.438166375710702,-0.07079289928490244,0.0,9.765625388051072e-06,0.0,0.05067084028914572,0.0574464,33.61696,-0.49729140513506714,-0.009975563671711521,-158.70868172000002,0.636787328,-0.5,3465216,37.090583245674644,-0.010525173611111037,1.965302162817368,0.01802944,748,0.00029310643199999996,-34.05426158905029,0.9570228457450867,1.0007296800613403,-0.028954327083192767,0.15819091796875,-0.39326998591423035,0.2,0.0007795593322953209
189,0.01,-8.941478649159325e-09,-0.20901515300872717,0.0,2764,59.86,-1.0740706623615983e-05,-0.06836899008769075,-0.22139326442829735,-0.00011862262998254015,-0.32076948969247715,0.0,0.0,0.0,1260,-0.007023732070984271,-1.9023816033986993,0.107598608340879,-0.12368942784584319,-0.476460260088688,-0.0022883514208412326,0.0,-0.0030115232931461266,0.0,0.0,-0.04054052076134043,-1.4275274679656413,-0.0717353570340618,0.0,2.9296876164153218e-05,0.0,0.050258321611025884,0.0577536,33.66304,-0.49906239660713364,-0.010065624425705109,-159.74748601,0.636716672,-0.5,3483648,37.65951291930765,-0.010698784722222129,2.026129652998249,0.017121395,752,0.000293069568,-34.05618171691894,0.9584424495697021,1.0007994174957275,-0.02856234306236729,0.15289306640625,-0.39409035444259644,0.2,0.0007706968521233648
190,0.01,-8.942814414831029e-09,-0.20564640288772973,0.0,2761,57.69,-1.069783789521453e-05,-0.06854008429737925,-0.22250933521778946,-0.00011760957881215621,-0.314765993378207,0.0,0.0,0.0,1268,-0.007063157780047045,-1.8952221302005472,0.11888782040262763,-0.12091967563525724,-0.4714376834836118,-0.0017644460502248157,0.0,-0.002998674222719817,0.0,0.0,-0.039822768661172195,-1.433252952002612,-0.07038010874072076,0.0,0.0,0.0,0.04970416368032735,0.0580608,33.70912,-0.5038171657990145,-0.009635394877275556,-157.57027019999998,0.636646016,-0.5,3502080,41.61073714091967,-0.010731336805555464,2.4814966401016263,0.017407425,756,0.000293032704,-34.049041175842284,0.9583956599235535,1.0002580881118774,-0.028678191744256766,0.15650634765625,-0.39518284797668457,0.2,0.0007634282286744565
191,0.01,-8.736252301789526e-09,-0.21094122026147274,0.0,2761,58.89,-1.0529750780609937e-05,-0.06851068273360111,-0.22090680009205285,-0.00011612652138682796,-0.31796084020784116,0.0,0.0,0.0,1274,-0.006779802610802143,-1.9206862129367854,0.1010049471498522,-0.12162769474112266,-0.48066082410486083,-0.0006295926935048009,0.0,-0.00300020937945552,0.0,0.0,-0.03870154022792941,-1.4332857865091886,-0.07262004242055353,0.0,0.0,0.0,0.05123885811062619,0.058368,33.7552,-0.5002718868549416,-0.009280577848484326,-158.77316697,0.63657536,-0.5,3520512,35.35173150244827,-0.010796440972222135,1.8226751949288085,0.017335279,760,0.00029299584,-34.056834030151364,0.9581418633460999,1.0008177757263184,-0.026026841648854316,0.16385498046875,-0.3910624086856842,0.2,0.0007889038330176845
192,0.01,-8.379779270765798e-09,-0.20965382049056985,0.0,2761,58.95,-1.0671913503207813e-05,-0.068545250018757,-0.22056526966934953,-0.00011726597946067955,-0.31422064284304796,0.0,0.0,0.0,1281,-0.00672616126226539,-1.9097212588454608,0.10869812403007384,-0.12117088835885997,-0.4773555180868328,-0.0011674651195150514,0.0,-0.0030469178019705534,0.0,0.0,-0.041116019774389716,-1.4262252649901592,-0.07238874184098966,0.0,0.0,0.0,0.04976132038928987,0.0586752,33.80128,-0.5004804553417396,-0.009554015069928331,-158.83230738,0.636504704,-0.5,3538944,38.04434341052584,-0.010883246527777678,2.076552477862015,0.016390955,764,0.000292958976,-34.05941886901856,0.961376428604126,1.0009000301361084,-0.027171067229937763,0.15281982421875,-0.39440420269966125,0.2,0.0007176937011536211
193,0.01,-8.94479935828422e-09,-0.2145521552366153,0.0,2762,58.92,-1.0790134951111023e-05,-0.06858704015755243,-0.22034138696855804,-0.00011780179036884958,-0.3217359623438788,0.0,0.0,0.0,1287,-0.006962272251299207,-1.9249713695131527,0.10556947546375053,-0.123079385958277,-0.48034523964188686,-0.0017236077586766589,0.0,-0.0030358960522711385,0.0,0.0,-0.04039043902606805,-1.42266714770417,-0.07274969383166409,0.0,0.0,0.0,0.05101391442368225,0.0589824,33.84736,-0.5013967775583156,-0.01032821061704049,-158.81220664,0.636434048,-0.5,3557376,36.94931641231269,-0.010297309027777703,1.9503600638684224,0.017727654,768,0.00029292211199999997,-34.0582275390625,0.9597402811050415,1.0007741451263428,-0.026991951267700643,0.1602783203125,-0.39258068799972534,0.2,0.0007531066570663824
194,0.01,-8.456965032922671e-09,-0.21078881254773837,0.0,2762,58.96,-1.069966694812191e-05,-0.06855357456740944,-0.22184948927020448,-0.00011906036675773019,-0.31128172780243535,0.0,0.0,0.0,1294,-0.006755901688656246,-1.9104243071869043,0.11064763736971492,-0.11880045414582859,-0.4800859353743565,-0.0011354747148200825,0.0,-0.0030708007218127353,0.0,0.0,-0.033942847455420734,-1.4245480787825153,-0.07267451211742368,0.0,0.0,0.0,0.0510192423720686,0.0592896,33.89344,-0.4955217784072123,-0.010159482867392298,-158.84605850999998,0.636363392,-0.5,3575808,38.72667307940022,-0.010503472222222148,2.165293381363585,0.017358955,772,0.000292885248,-34.0546968460083,0.9574601650238037,1.0005234479904175,-0.027228804689366372,0.1627685546875,-0.3920748829841614,0.2,0.0007776637066854164
195,0.01,-8.400725397933237e-09,-0.21368961730858438,0.0,2762,59.37,-1.0656326544423406e-05,-0.06845478140063466,-0.2235795312237322,-0.00011575325040775393,-0.3099065532751036,0.0,0.0,0.0,1301,-0.006614464167078772,-1.9127885487502203,0.10445690955048226,-0.117922317461313,-0.47596638931758595,-0.0011477876226302925,0.0,-0.003039635602751712,0.0,0.0,-0.03412032862905686,-1.4263625466557412,-0.0735333654715171,0.0,0.0,0.0,0.050179628935566656,0.0595968,33.93952,-0.4991027910195867,-0.009587109310410192,-159.25907339000003,0.636292736,-0.5,3594240,36.55991834266879,-0.01035156249999995,1.9335908242327016,0.017728627,776,0.000292848384,-34.049423408508304,0.9606976509094238,1.0002238750457764,-0.02771789946127683,0.14910888671875,-0.3979776203632355,0.2,0.0007214912475319579
196,0.01,-8.560717367292399e-09,-0.20910752136317365,0.0,2762,58.21,-1.0765959707694304e-05,-0.06854091662236166,-0.22028243287480398,-0.00011859547026946208,-0.3155074939996598,0.0,0.0,0.0,1307,-0.007182460875137571,-1.903023172454943,0.10895804984877883,-0.12158996523219044,-0.47183918575068823,-0.0014965695817344199,0.0,-0.003163745021702081,0.0,0.0,-0.03931687808800352,-1.4131745684938586,-0.07154292187527135,0.0,0.0,0.0,0.04941930213886782,0.059904,33.9856,-0.5027107657095959,-0.010106856785973327,-158.08469613,0.63622208,-0.5,3612672,38.13531744707259,-0.010633680555555467,2.0779051631764083,0.017756741,780,0.00029281151999999995,-34.04021224975586,0.9572123289108276,0.9998588562011719,-0.02727275383658707,0.15582275390625,-0.3925328850746155,0.2,0.0007783864100929349
197,0.01,-8.998129534583229e-09,-0.21838476013649644,0.0,2762,59.05,-1.0808910477096845e-05,-0.068757399397246,-0.21998724517042334,-0.00011994169280103476,-0.3180358973260444,0.0,0.0,0.0,1314,-0.007569035734813582,-1.9440590813679297,0.10203010255601458,-0.11988958932870873,-0.49365786360986674,-0.0018630867612783935,0.0,-0.003119164633851831,0.0,0.0,-0.03652060926675755,-1.4142615222648809,-0.07539525546581674,0.0,0.0,0.0,0.051943540903898154,0.0602112,34.03168,-0.49284983603341115,-0.009556185138838677,-158.93865782,0.636151424,-0.5,3631104,35.7105358946051,-0.010622829861111037,1.830858882859657,0.017719833,784,0.000292774656,-34.03298625946045,0.9561454653739929,0.9993035793304443,-0.028797322465106846,0.15701904296875,-0.39910924434661865,0.2,0.0007844616862712428
198,0.01,-8.780997731799923e-09,-0.21207212446584858,0.0,2763,58.81,-1.0778449296759532e-05,-0.0688974775505261,-0.22132848616626366,-0.00011924581284738595,-0.30921586986726396,0.0,0.0,0.0,1320,-0.006976386461333314,-1.9093951710327748,0.10602360414086684,-0.11900421266266743,-0.47469928214790247,-0.000995603823571038,0.0,-0.003131050955221824,0.0,0.0,-0.03996151235397011,-1.4157049278463292,-0.0727346916473302,0.0,1.193576544109318e-05,0.0,0.05030439043991624,0.0605184,34.07776,-0.49855737614906015,-0.01020288523674632,-158.69741155,0.636080768,-0.5,3649536,37.10826144930339,-0.010373263888888828,1.9674107071650955,0.017708555,788,0.000292737792,-34.031700134277344,0.9638065695762634,0.9995089769363403,-0.027474598586559297,0.15821533203125,-0.39592960476875305,0.2,0.0006637431535637007
199,0.01,-8.74667226355233e-09,-0.2112386235347332,0.0,2763,59.38,-1.1037082649349114e-05,-0.0690566491255339,-0.21950153528840796,-0.0001219040926569225,-0.3117269656683721,0.0,0.0,0.0,1327,-0.007571172673607148,-1.9244196959598183,0.10894005880829802,-0.11847978328938119,-0.48312001678649774,-0.0017317170674700975,0.0,-0.0032192304502211637,0.0,0.0,-0.03915649621980125,-1.4166112778436455,-0.07346852821166389,0.0,1.4105905494135288e-05,0.0,0.05104808654971946,0.0608256,34.12384,-0.4912656053722107,-0.009770486039795086,-159.25814493000001,0.636010112,-0.5,3667968,38.1290205829043,-0.010438368055555487,2.123351977650743,0.017349789,792,0.000292700928,-34.03821868896485,0.9572578072547913,0.9999703764915466,-0.02636833880096674,0.145654296875,-0.3843840956687927,0.2,0.0007850677910028025
200,0.01,-8.809662715991639e-09,-0.2134920983769417,0.0,2763,59.03,-1.10022637250655e-05,-0.06917115682077662,-0.21873765919557034,-0.00012171900043390224,-0.31320354050518023,0.0,0.0,0.0,1333,-0.0077621773514383215,-1.9250562879033428,0.10064083507278646,-0.11993696115143876,-0.48350674156886203,-0.0016596808404379668,0.0,-0.00324224298218803,0.0,0.0,-0.04174684294708809,-1.4009910070594718,-0.07407484471225038,0.0,3.2552052289247513e-06,0.0,0.0506939416352529,0.0611328,34.16992,-0.4997413616199483,-0.009882247843456248,-158.90252756,0.635939456,-0.5,3686400,35.22429227547526,-0.010872395833333222,1.8124994436534723,0.017859127,796,0.000292664064,-34.04576148986816,0.9601885080337524,1.0002788305282593,-0.02732831867178902,0.158935546875,-0.39567437767982483,0.2,0.000733543251408264
201,0.01,-8.5771320660659e-09,-0.21433250892769778,0.0,2763,58.82,-1.1214608796067843e-05,-0.06905689364424131,-0.22031298745071945,-0.00012415485163684884,-0.314169984649603,0.0,0.0,0.0,1340,-0.007135465092238492,-1.9262295274479415,0.10416276548620257,-0.12150981591661394,-0.48463635075320366,-0.001553704017041214,0.0,-0.003250640990986035,0.0,0.0,-0.03915035610878388,-1.407513517463071,-0.07419319407741605,0.0,1.4105905494135288e-05,0.0,0.05031962950201295,0.06144,34.216,-0.4967222069378186,-0.010096006121279465,-158.70907699,0.6358688,-0.5,3704832,36.4569679201709,-0.010948350694444348,1.9318197350747,0.019005856,800,0.00029262719999999996,-34.04027919769287,0.9601534008979797,0.9999544024467468,-0.028114992938935757,0.16988525390625,-0.3914574682712555,0.2,0.0007266104978043586
202,0.01,-8.791360940670628e-09,-0.2179496395410313,0.0,2763,58.71,-1.1087691739924473e-05,-0.06889883801289483,-0.21858963602410098,-0.00012245568388342102,-0.315654487113045,0.0,0.0,0.0,1347,-0.007691313041917211,-1.9433784400048602,0.10489445331267425,-0.11907890240254876,-0.4890355250080333,-0.002963374857664116,0.0,-0.003207639536795876,0.0,0.0,-0.038854107127759996,-1.4080748208243705,-0.07500681356034132,0.0,0.0,0.0,0.05237858874610282,0.0617472,34.26208,-0.49723549663836003,-0.00935816026564377,-158.59063207,0.635798144,-0.5,3723264,36.71305865943599,-0.010742187499999908,1.9311325657944827,0.016732404,804,0.000292590336,-34.037466812133786,0.963773250579834,0.9998099207878113,-0.026076315040700137,0.15911865234375,-0.38863879442214966,0.2,0.0006687513319775462
203,0.01,-8.984964116123895e-09,-0.21802733580633277,0.0,2764,59.6,-1.11623349100671e-05,-0.06897015849512789,-0.21920223415496964,-0.00012522966824728306,-0.3119593820642702,0.0,0.0,0.0,1353,-0.00775496795953215,-1.9277570926426262,0.1061747784710654,-0.11916476294054355,-0.4861832147889834,-0.0018835539518042021,0.0,-0.0033214052368674444,0.0,0.0,-0.039384094022104375,-1.4061326558547196,-0.07571427591858514,0.0,0.0,0.0,0.050316037307920065,0.0620544,34.30816,-0.499493171977677,-0.010999867830024514,-159.48808119999998,0.635727488,-0.5,3741696,37.16117246487289,-0.010579427083333252,2.0053193960884568,0.017330896,808,0.000292553472,-34.03870849609375,0.9634809494018555,0.9998083114624023,-0.027266126312315463,0.15421142578125,-0.39168429374694824,0.2,0.0006794030603487044
204,0.01,-8.807255100372292e-09,-0.224966733769961,0.0,2764,60.21,-1.1086446698691383e-05,-0.06912499526911205,-0.2187916625371148,-0.00012240764303995434,-0.3078857453733232,0.0,0.0,0.0,1360,-0.007546421099023091,-1.9502698588400575,0.09926946411964102,-0.1169959980778299,-0.4914774605143767,-0.0014652544836704128,0.0,-0.0033117572041141533,0.0,0.0,-0.03768492787875499,-1.400646942767155,-0.07809519034249658,0.0,0.0,0.0,0.05168835688946749,0.0623616,34.354240000000004,-0.49125201024489557,-0.010077017698980248,-160.09867585,0.635656832,-0.5,3760128,34.74431244187436,-0.010449218749999928,1.8716746581075072,0.017379655,812,0.000292516608,-34.03493995666504,0.9641767144203186,0.9995554685592651,-0.026542072842130438,0.15938720703125,-0.39206650853157043,0.2,0.000672993843909353
205,0.01,-8.248234340778076e-09,-0.22056213093653926,0.0,2764,59.41,-1.0919189549982984e-05,-0.06944504404330011,-0.22098768674153144,-0.00012262208179274211,-0.31166881404203106,0.0,0.0,0.0,1366,-0.00730802974326754,-1.9400550139088486,0.10963930801134966,-0.11769784389379084,-0.48713259405208664,-0.0021289081952717516,0.0,-0.003273327876615898,0.0,0.0,-0.04185802204126767,-1.4044327637849494,-0.07639500093959677,0.0,0.0,0.0,0.05193514972159278,0.0626688,34.40032,-0.49338190351637934,-0.00989364113775082,-159.2962604,0.635586176,-0.5,3778560,38.37375780397238,-0.010666232638888811,2.1056660576773423,0.0168329,816,0.000292479744,-34.038919639587405,0.962832510471344,0.9998544454574585,-0.02691279104910791,0.14473876953125,-0.39002129435539246,0.2,0.0006962166196899488
206,0.01,-8.604949093120139e-09,-0.21305173286774046,0.0,2764,58.52,-1.1098241715811e-05,-0.06909494194811007,-0.21934816364159282,-0.00012156754560940943,-0.30858711444539116,0.0,0.0,0.0,1373,-0.007660518700018653,-1.9211751436911761,0.10247071912990421,-0.11794884274824897,-0.4765329048519016,-0.0018903954848368126,0.0,-0.003356480576683584,0.0,0.0,-0.03927484479420388,-1.3946522561934744,-0.07370129117898909,0.0,1.085065175882644e-06,0.0,0.050507392598368915,0.062976,34.4464,-0.497285531402598,-0.010133983580292098,-158.3907887,0.63551552,-0.5,3796992,35.864751695466474,-0.010818142361111015,1.8375968382365926,0.017943362,820,0.00029244287999999997,-34.03667373657227,0.9646651744842529,0.9994961023330688,-0.02638701966498047,0.16065673828125,-0.38862791657447815,0.2,0.0006765039928723126
207,0.01,-8.691230675665393e-09,-0.21740572451015783,0.0,2764,58.69,-1.110812551880013e-05,-0.06911030721783619,-0.21940903774086276,-0.00012511991887320653,-0.3127636812344294,0.0,0.0,0.0,1379,-0.007631244365060349,-1.9334965271142361,0.09869258835678135,-0.11870247919446543,-0.4841420197494204,-0.0014983245477171862,0.0,-0.003474101500957471,0.0,0.0,-0.03835039581064076,-1.4006553330468667,-0.07556210840266175,0.0,0.0,0.0,0.05096839073361495,0.0632832,34.49248,-0.4974846193130121,-0.01019583235675883,-158.57073714,0.635444864,-0.5,3815424,34.54240592487347,-0.010687934027777686,1.788611315882713,0.017469134,824,0.000292406016,-34.033897972106935,0.9612579345703125,0.9995686411857605,-0.026669321418739855,0.16402587890625,-0.3884113132953644,0.2,0.0007386252080323174
208,0.01,-8.507536093889425e-09,-0.22563378874977896,0.0,2765,58.37,-1.1190078806230297e-05,-0.0694300506641215,-0.2190442063795982,-0.0001243266151115431,-0.3124645810766173,0.0,0.0,0.0,1386,-0.0077298616977255034,-1.9629129728844512,0.09774072905674122,-0.11683354689351397,-0.4963681142295298,-0.0016815370186763188,0.0,-0.0033701009071430777,0.0,0.0,-0.036211642843620884,-1.4005623808494707,-0.07846261949580385,0.0,0.0,0.0,0.05228383285912294,0.0635904,34.538560000000004,-0.4882330922858337,-0.00984589824737567,-158.25067917,0.635374208,-0.5,3833856,34.209255169859425,-0.010622829861111033,1.6718209881142525,0.017765405,828,0.000292369152,-34.03292980194092,0.9656887054443359,0.9992456436157227,-0.02759954605717212,0.16851806640625,-0.3942048251628876,0.2,0.0006471242668339983
209,0.01,-8.41393801350719e-09,-0.2165048796688459,0.0,2765,59.68,-1.111015331035084e-05,-0.06928424617791275,-0.2177397081682815,-0.0001238115520040578,-0.3043542900389673,0.0,0.0,0.0,1393,-0.007586495992229376,-1.9265694832395452,0.10344193057162815,-0.1144881513189663,-0.4811954961068799,-0.0015773730696032986,0.0,-0.003381636231389657,0.0,0.0,-0.036762701999738766,-1.3967682315829588,-0.0755059616513377,0.0,0.0,0.0,0.051021548578920245,0.0638976,34.58464,-0.49825859568728553,-0.01058157418608769,-159.55349381,0.635303552,-0.5,3852288,36.20467570006985,-0.010481770833333251,1.890284522466027,0.017569501,832,0.000292332288,-34.03318405151367,0.9641544222831726,0.9994255304336548,-0.02623980463249609,0.15196533203125,-0.38701584935188293,0.2,0.0006739089207258075
210,0.01,-8.71148289132746e-09,-0.21978343151625285,0.0,2765,58.42,-1.1395777390466274e-05,-0.06928061400140235,-0.2155806054100844,-0.00012496207584850936,-0.30726914028762586,0.0,0.0,0.0,1399,-0.008002580329496113,-1.9426175417691194,0.10145533846528343,-0.11529159932345798,-0.48854158021628863,-0.00222171826797402,0.0,-0.0033481042985606356,0.0,0.0,-0.03990299614679519,-1.3889558196990581,-0.07651927185032334,0.0,0.0,0.0,0.051880099943488106,0.0642048,34.63072,-0.48837502252315346,-0.009909917398342967,-158.31622587,0.635232896,-0.5,3870720,35.5093684628492,-0.010698784722222122,1.807745759775348,0.017637393,836,0.00029229542399999997,-34.03839664459228,0.9645856022834778,0.999854326248169,-0.026548465131781995,0.15635986328125,-0.394487589597702,0.2,0.0006653904769336805
211,0.01,-8.79210221370088e-09,-0.22546354580089942,0.0,2765,60.12,-1.1428986672564713e-05,-0.06956000893230921,-0.2170061056463758,-0.000130127411870417,-0.3045805737530383,0.0,0.0,0.0,1406,-0.007768992091237232,-1.951414003404922,0.0997620380826309,-0.11350841034888763,-0.4932809067557258,-0.001516032500111653,0.0,-0.0035309916598853333,0.0,0.0,-0.034914210191340424,-1.3798499767728023,-0.07961387761790621,0.0,0.0,0.0,0.05195759685266679,0.064512,34.6768,-0.4870686323414367,-0.011800105069091337,-160.00015604,0.63516224,-0.5,3889152,34.916713328920814,-0.01016710069444436,1.7522530961349796,0.018115357,840,0.00029225856,-34.037169456481934,0.9633191227912903,0.9996519088745117,-0.02700686517637223,0.166015625,-0.39064088463783264,0.2,0.0006865930190542713
212,0.01,-8.474138331804565e-09,-0.2299339156262889,0.0,2765,59.58,-1.1545710250722328e-05,-0.06957070386134792,-0.21725541837751824,-0.00013152417840621195,-0.30974843897561866,0.0,0.0,0.0,1412,-0.0077065416797327336,-1.975865774817172,0.09835262162194391,-0.11653690956266033,-0.5065859546334034,-0.0019768560116642945,0.0,-0.003596846414950503,0.0,0.0,-0.040190952717248145,-1.3891552690653652,-0.08156431407298702,0.0,0.0,0.0,0.053170974383268954,0.0648192,34.722879999999996,-0.48211624621599086,-0.009056511700489663,-159.45546551000004,0.635091584,-0.5,3907584,34.42341756768037,-0.01035156249999992,1.7544333017150395,0.018368423,844,0.000292221696,-34.028110122680665,0.964314877986908,0.999199628829956,-0.027943268575472757,0.16488037109375,-0.39355599880218506,0.2,0.0006872049969388172
213,0.01,-8.209721531075008e-09,-0.22147473475775498,0.0,2766,59.98,-1.164280859090015e-05,-0.06961619113513436,-0.21833652842148588,-0.00013207437736139008,-0.3060547169365557,0.0,0.0,0.0,1419,-0.008104644958112509,-1.9527111174507388,0.09778557677675662,-0.11469572737474798,-0.4935948371108595,-0.001872555692659612,0.0,-0.003592851544004879,0.0,0.0,-0.03754162631598095,-1.3852848639146562,-0.07841183654822587,0.0,0.0,0.0,0.05151351960828673,0.0651264,34.76896,-0.48461588341624917,-0.01013506910627863,-159.86083265999997,0.635020928,-0.5,3926016,34.22495187186482,-0.010579427083333252,1.6733621122429114,0.018458389,848,0.000292184832,-34.02797298431396,0.9650259017944336,0.999712347984314,-0.02583432614337653,0.156982421875,-0.3943542540073395,0.2,0.0006586582603631541
214,0.01,-8.30943974051813e-09,-0.23259667863267441,0.0,2766,60.34,-1.1651994408256399e-05,-0.06950495423503156,-0.2174860374360311,-0.00013333570935078853,-0.30425069409842437,0.0,0.0,0.0,1425,-0.008026220505907561,-1.982192356968128,0.10186716764610707,-0.11465646266602834,-0.5081011044989753,-0.00183023541192527,0.0,-0.003596482765448432,0.0,0.0,-0.039795803554316875,-1.3750039225679043,-0.08214703813342512,0.0,0.0,0.0,0.05343576185543139,0.0654336,34.815039999999996,-0.48282319537577806,-0.009556727697296688,-160.21547157,0.634950272,-0.5,3944448,35.65350867613747,-0.010601128472222129,1.8296220303062887,0.018833268,852,0.000292147968,-34.036482429504396,0.9673530459403992,0.9996541738510132,-0.027865597140043975,0.166015625,-0.3920309245586395,0.2,0.0005970252677798271
215,0.01,-8.321129337058329e-09,-0.22312709704980355,0.0,2766,59.98,-1.1694403444802719e-05,-0.06949182688596965,-0.21692443058782404,-0.00013051439189184266,-0.30661603791060776,0.0,0.0,0.0,1432,-0.007910449816413244,-1.9568030232465168,0.1011853737105595,-0.11657283783704325,-0.49472170901232015,-0.0015878240205604041,0.0,-0.003535594573708103,0.0,0.0,-0.04407005307608339,-1.3751986156550051,-0.07851150256414392,0.0,0.0,0.0,0.051793383787384614,0.0657408,34.86112,-0.48321975529840583,-0.010471439757060984,-159.85594769000002,0.634879616,-0.5,3962880,35.414880798695826,-0.010655381944444356,1.791744557358999,0.017209833,856,0.000292111104,-34.02881412506103,0.9668849110603333,0.9993647933006287,-0.025410297664348037,0.15904541015625,-0.3874776065349579,0.2,0.000626805130741559
216,0.01,-8.699199847442489e-09,-0.2223666736773845,0.0,2766,59.33,-1.1643151151846658e-05,-0.06958894800534114,-0.21528333953967663,-0.00013310699891257865,-0.30337360274975333,0.0,0.0,0.0,1439,-0.008179897702678669,-1.957314165102463,0.10336325025201193,-0.11581185231989595,-0.4990753422729724,-0.0017436501155453068,0.0,-0.003677299267370949,0.0,0.0,-0.04318508233221263,-1.377097569415896,-0.07901585492343356,0.0,0.0,0.0,0.052366478059992574,0.066048,34.9072,-0.4855135680569942,-0.009055426391164979,-159.21658261,0.63480896,-0.5,3981312,36.177137588204175,-0.011002604166666562,1.8696992147376903,0.017431896,860,0.00029207424,-34.02752799987793,0.9697417616844177,0.9994443655014038,-0.02582049205666408,0.15634765625,-0.388533353805542,0.2,0.0005570831635850482
217,0.01,-7.65618547494232e-09,-0.22648061289041854,0.0,2766,60.94,-1.1587297231877761e-05,-0.06953487976018924,-0.21759073351489241,-0.0001329528794290039,-0.29384137226535045,0.0,0.0,0.0,1445,-0.008117632894406064,-1.9492889977521857,0.10128303890071758,-0.11104824502640834,-0.4907458582931788,-0.0016058941065376336,0.0,-0.0036316619549599974,0.0,0.0,-0.0370211281549989,-1.373614947633157,-0.07996677008984236,0.0,0.0,0.0,0.0527497110973453,0.0663552,34.95328,-0.4838442962683176,-0.010213736200562885,-160.82583815,0.634738304,-0.5,3999744,35.44906361525115,-0.00975477430555551,1.8076674065072946,0.017758235,864,0.000292037376,-34.02880363464355,0.9672327041625977,0.9994604587554932,-0.026567896793130784,0.15555419921875,-0.39033856987953186,0.2,0.000612867035670206
218,0.01,-7.889585814031199e-09,-0.2251388576876752,0.0,2764,60.06,-1.1654186285261997e-05,-0.0695867076289693,-0.21878659209093487,-0.0001321711724464467,-0.2987361361488092,0.0,0.0,0.0,1453,-0.008273349598711377,-1.9581815284175468,0.09587973339851355,-0.11281694811325058,-0.49740132917687724,-0.0022146327800425646,0.0,-0.0036341579525603026,0.0,0.0,-0.04026361998097923,-1.3697476109770137,-0.07983877538220076,0.0,0.0,0.0,0.0521518511412365,0.0666624,34.999359999999996,-0.48719568317923734,-0.010126930672817657,-159.94917341,0.634667648,-0.5,4018176,33.55790668947974,-0.01066623263888881,1.7345660520794126,0.017574916,868,0.00029200051199999996,-34.030759239196776,0.9606400728225708,0.999595046043396,-0.02496516042156145,0.15914306640625,-0.3844945728778839,0.2,0.0007434968982124701
219,0.01,-8.097536931807937e-09,-0.22686304426407652,0.0,2764,60.38,-1.189611596185299e-05,-0.06973089461933107,-0.21869995970727263,-0.0001334663196890476,-0.29842308468792433,0.0,0.0,0.0,1460,-0.008540135360831086,-1.9650113643624865,0.10618488075355051,-0.11432592249326747,-0.49902010939003577,-0.003071288981593477,0.0,-0.00368559785115255,0.0,0.0,-0.041679396827116535,-1.3711429058798716,-0.0804381599152557,0.0,0.0,0.0,0.05363191369975016,0.0669696,35.04544,-0.47863673962835157,-0.009511697526452027,-160.24472663000003,0.634596992,-0.5,4036608,37.164708263742675,-0.010210503472222153,1.9731740799026387,0.017371947,872,0.000291963648,-34.031530952453615,0.9642841815948486,0.99957674741745,-0.027270186389796437,0.15330810546875,-0.3922281265258789,0.2,0.0006776327965781093
220,0.01,-8.822387177791922e-09,-0.22649340487911301,0.0,2764,59.94,-1.1913744174667814e-05,-0.06959052679027498,-0.21854509988431142,-0.00013364316676837,-0.3011478607610691,0.0,0.0,0.0,1466,-0.008844858851029057,-1.959223762284837,0.10500724182059887,-0.11468228390570277,-0.4928409643561182,-0.003706490267221325,0.0,-0.0036751875949738977,0.0,0.0,-0.04054372381533289,-1.3744277937653326,-0.07982613599756606,0.0,7.595485335008965e-06,0.0,0.05257437382277722,0.0672768,35.09152,-0.48088401028822886,-0.009631054758857418,-159.81433811,0.634526336,-0.5,4055040,36.75253463720961,-0.01008029513888883,1.9321464226982552,0.016468124,876,0.000291926784,-34.030097007751465,0.9668073058128357,0.9993710517883301,-0.025100895739160477,0.15322265625,-0.3892481029033661,0.2,0.000631700866506435
221,0.01,-8.12014015765596e-09,-0.22523211946740151,0.0,2764,59.22,-1.1869282384435358e-05,-0.0696650516689806,-0.21690882925860108,-0.00013290977450068248,-0.298014783412037,0.0,0.0,0.0,1473,-0.008213808269198791,-1.9497553120353766,0.10404671744768057,-0.11275715526776027,-0.4894575004008195,-0.0020860712406786386,0.0,-0.0036566967069691352,0.0,0.0,-0.03860768682549544,-1.3713473836103376,-0.07909523219140562,0.0,3.2552052289247513e-06,0.0,0.05285415714744554,0.067584,35.1376,-0.4809692876659677,-0.010082985675479803,-159.10721396,0.63445568,-0.5,4073472,36.4163511066882,-0.009787326388888844,1.894501413198754,0.017808517,880,0.00029188992,-34.031246757507326,0.967049777507782,0.9998677968978882,-0.026361178327351808,0.1594970703125,-0.39167889952659607,0.2,0.0006224473298061639
222,0.01,-8.909556397659166e-09,-0.23131244284594443,0.0,2764,59.69,-1.2115635728514851e-05,-0.06980797982463337,-0.21479976069545514,-0.0001354469957390386,-0.2960218197228326,0.0,0.0,0.0,1479,-0.009016986797361065,-1.9756287460477564,0.1018079754924422,-0.11273882618170007,-0.5027177387995736,-0.0029111014588276965,0.0,-0.003711309658623967,0.0,0.0,-0.039974572423259164,-1.366947464733415,-0.08195789607529741,0.0,2.170130351765288e-06,0.0,0.05367820894561928,0.0678912,35.183679999999995,-0.4764988144796194,-0.009578971737129096,-159.56733831,0.634385024,-0.5,4091904,35.63279142235477,-0.010677083333333247,1.8194256867959788,0.018446822,884,0.000291853056,-34.03241024017334,0.9650413990020752,0.9994713068008423,-0.02622195091098547,0.16607666015625,-0.3964858949184418,0.2,0.0006658641883404926
223,0.01,-8.7153504598437e-09,-0.23487831945173804,0.0,2765,60.73,-1.2329011385396037e-05,-0.0700314962884881,-0.21701928524990932,-0.00013760244223934748,-0.30273206364682087,0.0,0.0,0.0,1486,-0.009339229896976177,-1.98810747336287,0.10263777007188468,-0.11522399108848089,-0.5083795311793584,-0.00316348552283667,0.0,-0.003720376054116197,0.0,0.0,-0.041244836971982085,-1.3598498994974895,-0.08304644989456239,0.0,5.425345281966858e-06,0.0,0.054535840961123266,0.0681984,35.22976,-0.47109441345020525,-0.009041320757306594,-160.60944811,0.6343143680000001,-0.5,4110336,35.92321952515964,-0.010774739583333246,1.8435412222677718,0.016735155,888,0.00029181619199999996,-34.02756614685059,0.9656170606613159,0.9993091821670532,-0.025402367673814298,0.15050048828125,-0.3926031291484833,0.2,0.0006634323362959549
224,0.01,-8.468562501249219e-09,-0.22885482098292423,0.0,2765,59.58,-1.2587548921819091e-05,-0.07013485392377927,-0.2158553851722893,-0.00013884815879693346,-0.3008359572201833,0.0,0.0,0.0,1493,-0.00880864316074811,-1.9695571261137133,0.1046891859908792,-0.11421311659807104,-0.5006688367617643,-0.004075995472721885,0.0,-0.0037092374698688623,0.0,0.0,-0.0428425059567116,-1.3697446689638404,-0.08082645157304327,0.0,0.0,0.0,0.05354700552562194,0.0685056,35.27584,-0.47777472093870493,-0.00973413658923366,-159.45729289,0.6342437120000001,-0.5,4128768,36.64121509680772,-0.010253906249999944,1.9181085030917406,0.01680149,892,0.000291779328,-34.02542343139648,0.9711143970489502,0.9991709589958191,-0.025833408522885293,0.15850830078125,-0.3944814205169678,0.2,0.000542639232298825
225,0.01,-8.288727968317341e-09,-0.23263189216484717,0.0,2765,59.81,-1.2329597630754236e-05,-0.06968764647181404,-0.21591568731847613,-0.00013702152788755593,-0.2992537157356373,0.0,0.0,0.0,1499,-0.009149717971410083,-1.9805063069582458,0.10642963874321032,-0.11419945858617248,-0.5008581869369606,-0.0033346791395563024,0.0,-0.0037113365867389695,0.0,0.0,-0.04383435388176485,-1.35864204367558,-0.08184676567967888,0.0,0.0,0.0,0.0536481688893885,0.0688128,35.32192,-0.47483076708707805,-0.010310849858797155,-159.69435923,0.6341730560000001,-0.5,4147200,37.25037356012361,-0.010167100694444374,1.9943445934809054,0.018211773,896,0.000291742464,-34.023773765563966,0.9685827493667603,0.9992008209228516,-0.02542361816740595,0.16044921875,-0.3888643980026245,0.2,0.0006068808143027127
226,0.01,-8.510544807157364e-09,-0.2285703747709657,0.0,2765,60.51,-1.2343668033632259e-05,-0.07001644967313186,-0.21768007607872505,-0.00013905371389534777,-0.2955392899941516,0.0,0.0,0.0,1506,-0.008772214641517923,-1.9540880072835647,0.10434663645867753,-0.11254878224027992,-0.48956037604909347,-0.0033863772188770726,0.0,-0.003778975810093665,0.0,0.0,-0.04924990243938619,-1.3587915998354239,-0.08035160563788903,0.0,3.2552052289247513e-06,0.0,0.053080899145312194,0.06912,35.368,-0.48138377026014173,-0.010037955339713436,-160.39046603999998,0.6341024000000001,-0.5,4165632,36.52132276053714,-0.009960937499999947,1.907963088610847,0.018080136,900,0.0002917056,-34.02796535491943,0.9689182043075562,0.9994847774505615,-0.025429843529127538,0.16783447265625,-0.3901742398738861,0.2,0.0005844417668413371
227,0.01,-8.707177941616772e-09,-0.23061492266655265,0.0,2765,59.33,-1.2502083229394054e-05,-0.06992805218517786,-0.2146749733946713,-0.00014171426873798234,-0.3049809429660321,0.0,0.0,0.0,1512,-0.008836599535744942,-1.9694484408204633,0.10378149458425048,-0.11538536343008074,-0.49579297088258467,-0.0027763196969399525,0.0,-0.0037724497712382007,0.0,0.0,-0.04446230503517782,-1.3662797778539721,-0.08098876969299205,0.0,3.2552052289247513e-06,0.0,0.05311250973528306,0.0694272,35.41408,-0.47711721048993716,-0.010148089548844533,-159.19277960000002,0.6340317440000001,-0.5,4184064,36.32352310448767,-0.009711371527777726,1.8911470100745194,0.01815075,904,0.000291668736,-34.02716217041016,0.9632568359375,0.9991855025291443,-0.024812160874716938,0.17447509765625,-0.3876893222332001,0.2,0.000686421524733305
228,0.01,-8.440043505478873e-09,-0.236219035211004,0.0,2765,60.2,-1.2700379675560347e-05,-0.07021356481256052,-0.21693908055312996,-0.0001436237064833159,-0.29965662744272636,0.0,0.0,0.0,1519,-0.009097096507408524,-1.9850771900788733,0.1170932468170365,-0.11419356611275885,-0.5074475429971685,-0.0027376528343067003,0.0,-0.003892755994656033,0.0,0.0,-0.048865946891783446,-1.3701874479024483,-0.08390341113087921,0.0,0.0,0.0,0.05385049604843174,0.0697344,35.46016,-0.47214029920973694,-0.01076115310166238,-160.08480343,0.6339610880000001,-0.5,4202496,40.98263638596278,-0.010590277777777699,2.3993949852847996,0.01807176,908,0.00029163187199999997,-34.02962188720703,0.9658201336860657,0.9995999336242676,-0.025237479235511274,0.180322265625,-0.3899368345737457,0.2,0.0006538189540151506
229,0.01,-8.596984812059303e-09,-0.2293306313619624,0.0,2765,59.38,-1.2500585562395399e-05,-0.07046897017793033,-0.21736931803188775,-0.0001420501560755826,-0.30070146582447965,0.0,0.0,0.0,1526,-0.00835601409290902,-1.9659066374505005,0.10280265340608419,-0.11518257809375664,-0.49150947852375537,-0.0018478133742467588,0.0,-0.003820408848412424,0.0,0.0,-0.04766353042337047,-1.3690859978590304,-0.08018085919795698,0.0,0.0,0.0,0.05272971960302012,0.0700416,35.50624,-0.48215950661771984,-0.010139951608531797,-159.25156022000002,0.6338904320000001,-0.5,4220928,35.98092869212947,-0.010145399305555493,1.8782116082876192,0.018059589,912,0.000291595008,-34.0342300415039,0.9670642614364624,0.9999383687973022,-0.024662348529091105,0.1648193359375,-0.3834107220172882,0.2,0.0006366753077600151
230,0.01,-8.370788697865392e-09,-0.23466939695389336,0.0,2766,59.18,-1.2533477616619008e-05,-0.07047288073082311,-0.2175542523267819,-0.00014046343356856496,-0.3067118181917967,0.0,0.0,0.0,1532,-0.008841878198611599,-1.9752984285562722,0.0970798929552737,-0.1167705289682292,-0.49758829301069707,-0.0032064700431169227,0.0,-0.003776809997263595,0.0,0.0,-0.043231503027458956,-1.3716431892561038,-0.082056941864994,0.0,0.0,0.0,0.052960731090824775,0.0703488,35.55232,-0.4771023265812881,-0.010099804187322863,-159.07342534,0.6338197760000001,-0.5,4239360,33.97796253434579,-0.01015624999999992,1.6498909194304734,0.018452546,916,0.000291558144,-34.03778991699219,0.9640775322914124,0.9997948408126831,-0.02436024753842503,0.17265625,-0.38836851716041565,0.2,0.0006781917763873935
231,0.01,-8.56971028954425e-09,-0.23884717113308435,0.0,2766,60.01,-1.274701701158703e-05,-0.0705126004450959,-0.21712279381115607,-0.00014609597800348216,-0.3025102623031908,0.0,0.0,0.0,1539,-0.008601889474748242,-1.999315617317872,0.1028190727095907,-0.11534060812038627,-0.5097110275768343,-0.0018250884696000935,0.0,-0.003881718385608209,0.0,0.0,-0.04547143204673635,-1.3721016908381563,-0.08438131805186129,0.0,1.085065175882644e-06,0.0,0.05431855939654659,0.070656,35.5984,-0.472587171662981,-0.010187152204000287,-159.8839667,0.63374912,-0.5,4257792,35.98667544835675,-0.010590277777777685,1.8527288147353624,0.017623639,920,0.00029152127999999995,-34.031217384338376,0.9689053893089294,0.9995006918907166,-0.025520891707856208,0.163525390625,-0.3932039141654968,0.2,0.0005928394733928144
232,0.01,-8.777497072820696e-09,-0.23423513401504692,0.0,2766,59.88,-1.2653191888034265e-05,-0.0704797160657854,-0.2143119060822659,-0.000144758843085111,-0.3047980702254216,0.0,0.0,0.0,1545,-0.008694736857981195,-1.9825581501191154,0.10725288800296662,-0.11705620111938574,-0.5030422849366807,-0.002425229379616464,0.0,-0.003997924903930542,0.0,0.0,-0.0492285789783243,-1.3693467223171971,-0.08249990068692298,0.0,3.2552052289247513e-06,0.0,0.05314930769245415,0.0709632,35.64448,-0.47758873340763636,-0.009880620459120514,-159.7632681,0.633678464,-0.5,4276224,37.53851080103831,-0.010394965277777703,2.023552753416328,0.017198242,924,0.00029148441599999997,-34.026856422424316,0.9709793925285339,0.9993914365768433,-0.025296653807163238,0.1531982421875,-0.3904881179332733,0.2,0.0005595175200141967
233,0.01,-8.89564770091483e-09,-0.23459958310730977,0.0,2766,59.56,-1.2821670617021402e-05,-0.07035652898660356,-0.21482310807124272,-0.00014525203004630462,-0.3001531193236492,0.0,0.0,0.0,1552,-0.008642034475156659,-1.9851687624467529,0.12282766568961934,-0.11382135240991594,-0.5031668819947969,-0.0017074364756717812,0.0,-0.003960764589283088,0.0,0.0,-0.045661265104226446,-1.3656342440318916,-0.08275842734342706,0.0,1.085065175882644e-06,0.0,0.05395423079638749,0.0712704,35.69056,-0.4752193463870255,-0.009010938786862729,-159.43795745999998,0.633607808,-0.5,4294656,42.98968299136677,-0.010036892361111062,2.656691577324779,0.017995138,928,0.000291447552,-34.02116737365723,0.9676639437675476,0.9990299940109253,-0.02533281788928434,0.16248779296875,-0.39398643374443054,0.2,0.000623100480879657
234,0.01,-8.66693778057124e-09,-0.23889464883864767,0.0,2766,60.27,-1.3172758786822825e-05,-0.07050779824565671,-0.21209658548883062,-0.00014618840524624588,-0.3024327051937459,0.0,0.0,0.0,1558,-0.009036956709502815,-1.9911492495171106,0.10439049622875748,-0.11481363302385951,-0.5060408056246375,-0.0020140713064691865,0.0,-0.003939904682009327,0.0,0.0,-0.043654760226452226,-1.3651081184145601,-0.08376400513041461,0.0,0.0,0.0,0.05462000533938918,0.0715776,35.73664,-0.47116629276776056,-0.009589279862767499,-160.15704366000003,0.633537152,-0.5,4313088,36.53667368006512,-0.010329861111111038,1.9086139741262977,0.018135898,932,0.000291410688,-34.02029457092285,0.9673849940299988,0.9993003606796265,-0.025007955345790832,0.15787353515625,-0.38478246331214905,0.2,0.0006346576206851751
235,0.01,-8.924075832541215e-09,-0.23453547221681081,0.0,2766,60.66,-1.308338173758031e-05,-0.07095604068211205,-0.21425194267932238,-0.0001460626246500166,-0.298862567610072,0.0,0.0,0.0,1565,-0.008865115852800387,-1.9898853998877764,0.10011956025838667,-0.11494232816696538,-0.5038806134470826,-0.0024755851403449364,0.0,-0.0039891898115531855,0.0,0.0,-0.05280477152571939,-1.3671544902854549,-0.08283405550480417,0.0,0.0,0.0,0.05405410845929072,0.0718848,35.78272,-0.47599571040797617,-0.010853383601190418,-160.53804101,0.633466496,-0.5,4331520,35.041846090435335,-0.010188802083333271,1.8505517850130015,0.017420072,936,0.000291373824,-34.02825164794922,0.9700642228126526,0.9995042085647583,-0.025062551908195018,0.1640869140625,-0.3902724087238312,0.2,0.0005665446078637615
236,0.01,-8.600407538679705e-09,-0.23944413897729408,0.0,2766,60.9,-1.30802993125901e-05,-0.07067372625282548,-0.21499326976679842,-0.00014984828898374208,-0.2986213580354507,0.0,0.0,0.0,1572,-0.00874112209699414,-1.9968497427216845,0.10303725640032912,-0.11474624187310573,-0.5060250191919562,-0.002205791392010348,0.0,-0.004099234091128028,0.0,0.0,-0.04372584665536091,-1.3558720146105114,-0.0852917775153264,0.0,0.0,0.0,0.05390600698223583,0.072192,35.8288,-0.4707031241394018,-0.010250628726983754,-160.76535269000001,0.63339584,-0.5,4349952,36.063039740115194,-0.010405815972222156,1.8831662092395862,0.017627548,940,0.00029133695999999996,-34.029380798339844,0.9730888605117798,0.9995212554931641,-0.023825620784191415,0.16866455078125,-0.38262423872947693,0.2,0.0005195828693103976
237,0.01,-8.797219469792456e-09,-0.23811886021342327,0.0,2767,60.62,-1.3300932468483653e-05,-0.07079545361242263,-0.21291755845454075,-0.00015085661505053857,-0.29873207891315057,0.0,0.0,0.0,1578,-0.009012204466055012,-1.9983473036587083,0.10238900140594706,-0.11456719063857812,-0.5111158922019857,-0.0021054666874581276,0.0,-0.004111584598511548,0.0,0.0,-0.04848474236579627,-1.3702778541186649,-0.08518805750764989,0.0,0.0,0.0,0.05422894811404317,0.0724992,35.87488,-0.4765481036096837,-0.010117165513090894,-160.49245366000002,0.633325184,-0.5,4368384,35.83615049208147,-0.010004340277777714,1.8471960386788306,0.017576804,944,0.000291300096,-34.03146686553955,0.9688729047775269,0.9996371269226074,-0.02431709332158789,0.15760498046875,-0.39341846108436584,0.2,0.0006014877799316309
238,0.01,-8.906393551027202e-09,-0.23897244898991093,0.0,2767,60.87,-1.3284668205643171e-05,-0.07086032560212376,-0.2111200481292047,-0.00015008798818970436,-0.2967740612059988,0.0,0.0,0.0,1585,-0.009501843751229491,-1.9938720758479376,0.10163614153869144,-0.11294820884462523,-0.5111816836448277,-0.002483038730521475,0.0,-0.004126366745403464,0.0,0.0,-0.04929287557836322,-1.3679455550390638,-0.0855394113349833,0.0,0.0,0.0,0.054174011077245336,0.0728064,35.92096,-0.4724941637563286,-0.00989038631572233,-160.74821293000002,0.633254528,-0.5,4386816,35.572649538542,-0.010536024305555463,1.807954604930662,0.017106285,948,0.000291263232,-34.02534084320068,0.9713213443756104,0.9992139339447021,-0.02445952970883809,0.15806884765625,-0.38662320375442505,0.2,0.0005447775663924403
239,0.01,-9.12082254041648e-09,-0.23648990268773426,0.0,2767,59.77,-1.3523711875210126e-05,-0.07082021819759896,-0.21513243571558238,-0.00015015716604704232,-0.2963873238955681,0.0,0.0,0.0,1591,-0.009438917899752227,-1.9804952204251043,0.10640870011871756,-0.1146961530721691,-0.5041526600369448,-0.003412751299719287,0.0,-0.004075814445197723,0.0,0.0,-0.051625015129147314,-1.3688028127124143,-0.08404768742668882,0.0,3.2552052289247513e-06,0.0,0.05335288559528578,0.0731136,35.96704,-0.4734215852654746,-0.00998153197643761,-159.65646916,0.633183872,-0.5,4405248,37.24304504155115,-0.01032986111111102,1.983313262805141,0.0172549,952,0.000291226368,-34.02878665924072,0.9695961475372314,0.9996818900108337,-0.02526046221028082,0.153076171875,-0.3883249759674072,0.2,0.0005859151016920805
240,0.01,-8.348388396355002e-09,-0.23836916601609945,0.0,2767,60.49,-1.3568863249589136e-05,-0.07098713277884636,-0.21391526589720114,-0.0001532063118501068,-0.2925177622992596,0.0,0.0,0.0,1598,-0.009224059613332676,-1.9972780111429076,0.10176767459609795,-0.11264931588921301,-0.5128389833221855,-0.002452052319106701,0.0,-0.0041979413992775565,0.0,0.0,-0.043526311745166954,-1.3650003568875877,-0.08567481550007022,0.0,7.595485335008965e-06,0.0,0.054726381688682164,0.0734208,36.01312,-0.471787946910522,-0.009629427584716015,-160.38028063000002,0.633113216,-0.5,4423680,35.618686108634286,-0.010243055555555497,1.812422078167655,0.01847451,956,0.000291189504,-34.03295555114746,0.9683191776275635,1.0000793933868408,-0.025697105482686312,0.15859375,-0.39350801706314087,0.2,0.0006139116681879387
241,0.01,-8.794866600932002e-09,-0.24270765418458135,0.0,2767,60.43,-1.3542462555095297e-05,-0.07075835454202557,-0.2128759302442034,-0.00015530417957622863,-0.29411580572144275,0.0,0.0,0.0,1605,-0.009418111786664154,-2.0105922700041905,0.10648824504931592,-0.11171059643642502,-0.5188697226277359,-0.0027115903604677362,0.0,-0.004192402060612845,0.0,0.0,-0.04602641587837228,-1.362946085580426,-0.08729042070913169,0.0,1.085065175882644e-06,0.0,0.055322231684671305,0.073728,36.059200000000004,-0.47252618849998407,-0.009156880732108321,-160.31103900000002,0.63304256,-0.5,4442112,37.27088576726057,-0.010091145833333273,1.984693195575885,0.01675794,960,0.00029115263999999997,-34.03405685424805,0.9691165685653687,0.9997918009757996,-0.024470789614133535,0.1535888671875,-0.3849833905696869,0.2,0.0006007538235280663
242,0.01,-9.067857858446863e-09,-0.23900901614981063,0.0,2767,60.21,-1.357974911611425e-05,-0.07079429598557224,-0.2136685292215997,-0.00015349281776190656,-0.30107493153481224,0.0,0.0,0.0,1611,-0.009399182904731185,-2.0023650635224506,0.09945645624244068,-0.11434831414963546,-0.5116630390059105,-0.002741093587598644,0.0,-0.004176565326251142,0.0,0.0,-0.04576208898991694,-1.366901965334944,-0.08552100734800523,0.0,0.0,0.0,0.05463099848034153,0.0740352,36.10528,-0.47561911691180114,-0.009769401173495377,-160.08681108000002,0.632971904,-0.5,4460544,34.809759684854235,-0.010373263888888817,1.732704109076305,0.019092198,964,0.000291115776,-34.03094615936279,0.969020664691925,0.999579668045044,-0.0246858385624364,0.1695556640625,-0.3828151822090149,0.2,0.0006113422889029608
243,0.01,-9.305585624592201e-09,-0.24132856252233648,0.0,2767,60.79,-1.363850806832947e-05,-0.07080226659198552,-0.21341022676951885,-0.00015260111779522278,-0.2925181805622407,0.0,0.0,0.0,1618,-0.009663664709456503,-2.006641768963727,0.09917121528330969,-0.11048992167678413,-0.510121148347336,-0.003550002694473945,0.0,-0.0041434299478934344,0.0,0.0,-0.04553872762431575,-1.353028555838801,-0.08596665930944697,0.0,0.0,0.0,0.05507709287781909,0.0743424,36.15136,-0.4726824081062681,-0.009345139671091197,-160.65990156,0.632901248,-0.5,4478976,34.70992534915839,-0.010101996527777726,1.7254999541926377,0.01890624,968,0.000291078912,-34.02932071685791,0.9732910394668579,0.9992877840995789,-0.025305543665308506,0.1584716796875,-0.3926019072532654,0.2,0.0005185568748856895
244,0.01,-8.865072522553698e-09,-0.23745354412000916,0.0,2768,60.93,-1.364055077393049e-05,-0.07111926481787263,-0.213276872911178,-0.00015220383974475857,-0.2895574936637924,0.0,0.0,0.0,1624,-0.009498773003941106,-1.9920347399009337,0.10629599197118764,-0.11178981340972587,-0.5066367859162413,-0.0034116572375893738,0.0,-0.004200784828034,0.0,0.0,-0.0519599789285814,-1.3571265422217542,-0.084859101392615,0.0,1.085065175882644e-06,0.0,0.054251219536331635,0.0746496,36.19744,-0.4747668214597776,-0.009692903887803873,-160.80067465,0.632830592,-0.5,4497408,37.203597189915676,-0.010015190972222164,1.9780495466424262,0.018165685,972,0.000291042048,-34.02043743133545,0.9692353010177612,0.9993730783462524,-0.02550880199414678,0.16363525390625,-0.38862285017967224,0.2,0.0005998647829983383
245,0.01,-9.103546466845747e-09,-0.23782647285764755,0.0,2766,60.15,-1.3696212520868273e-05,-0.0707777500011376,-0.21169125602253985,-0.00015370597899824051,-0.290498579808126,0.0,0.0,0.0,1632,-0.009181663912685595,-2.004945182733971,0.10817640615516932,-0.11193323076443629,-0.5131105151422278,-0.0028900020104944513,0.0,-0.004231849991845154,0.0,0.0,-0.054905460458721904,-1.3534392287456454,-0.08553551483216244,0.0,0.0,0.0,0.05510460043058556,0.0749568,36.243520000000004,-0.4722738645646746,-0.008961568237282336,-160.01070045,0.632759936,-0.5,4515840,37.86174215430926,-0.010243055555555491,2.0516486888951055,0.018250182,976,0.00029100518399999997,-34.0225133895874,0.9694848656654358,0.9993917942047119,-0.024417287134565414,0.158740234375,-0.38210412859916687,0.2,0.0005940584524068981
246,0.01,-9.123025076553163e-09,-0.23679813935877222,0.0,2766,60.54,-1.3829697396972471e-05,-0.07139697693968348,-0.2123969400161313,-0.00015607616157767791,-0.2940715766148051,0.0,0.0,0.0,1639,-0.009780542645600944,-1.9950869649516345,0.10170525303086661,-0.11192754516115026,-0.5077973311585189,-0.0033469592075350044,0.0,-0.004268113627377099,0.0,0.0,-0.05225097032995634,-1.3560542974699208,-0.08467461471821189,0.0,0.0,0.0,0.05465824151866985,0.075264,36.2896,-0.4748856937375008,-0.010456249040241042,-160.41687786999998,0.63268928,-0.5,4534272,35.59683856080331,-0.010177951388888806,1.8102493206787231,0.017198835,980,0.00029096832,-34.0263370513916,0.9721004962921143,0.9996635317802429,-0.024410295637790114,0.1534423828125,-0.38526448607444763,0.2,0.000552766484906897
247,0.01,-9.081016482434437e-09,-0.24103463247244436,0.0,2766,60.11,-1.4062511227814817e-05,-0.07097295069925026,-0.21225253189483545,-0.0001617500699163677,-0.2913051054649817,0.0,0.0,0.0,1645,-0.010697718300032515,-2.0158950989001223,0.10586400161073978,-0.11090104102033554,-0.5192673706550184,-0.005007564538356797,0.0,-0.004444731862600913,0.0,0.0,-0.05445312453147337,-1.368077438240398,-0.08725494441397015,0.0,0.0,0.0,0.055321687807685475,0.0755712,36.335679999999996,-0.466840520472511,-0.009248026239220053,-159.98377853000002,0.632618624,-0.5,4552704,37.05240056375892,-0.01038411458333325,1.9614205440462489,0.01892137,984,0.000290931456,-34.02484283447266,0.967656672000885,0.9990074038505554,-0.024513510474935173,0.1697021484375,-0.38432547450065613,0.2,0.0006423272629035637
248,0.01,-9.082591073942735e-09,-0.23902556143141368,0.0,2766,61.08,-1.40405257161117e-05,-0.0711726253048038,-0.21261415719561938,-0.00016049269991100706,-0.2901887803316137,0.0,0.0,0.0,1652,-0.011135937260593929,-2.0081865765920965,0.09864659068827164,-0.10914562086224718,-0.5147973556737409,-0.006054123211513162,0.0,-0.004410586329075131,0.0,0.0,-0.05885332497239645,-1.357516920659424,-0.08623545307136148,0.0,0.0,0.0,0.05467973907320372,0.0758784,36.38176,-0.47132640668671033,-0.011149607233366825,-160.95436830999998,0.632547968,-0.5,4571136,34.52630674089507,-0.009852430555555482,1.7029936924737887,0.01713557,988,0.000290894592,-34.01339282989502,0.9681898951530457,0.9984973669052124,-0.023836819676216692,0.1587646484375,-0.388039767742157,0.2,0.0006256105058128014
249,0.01,-8.804519994698815e-09,-0.24103846637230097,0.0,2766,60.61,-1.4072878709339622e-05,-0.07118937366180593,-0.21017646219438219,-0.0001606041906696187,-0.2903743143479729,0.0,0.0,0.0,1658,-0.010945962352840585,-2.007608351199611,0.10183909511575454,-0.10938026327422876,-0.5172674270866258,-0.005122834178216646,0.0,-0.004409655980546397,0.0,0.0,-0.05225245269769557,-1.3513202369068693,-0.0874284911228359,0.0,0.0,0.0,0.05513982900453615,0.0761856,36.42784,-0.47028161529184825,-0.00968422340035128,-160.47493244,0.632477312,-0.5,4589568,35.64368329051409,-0.010188802083333266,1.8221141164142816,0.017392183,992,0.000290857728,-34.00643520355224,0.9729631543159485,0.9983283877372742,-0.023382837930694223,0.17122802734375,-0.38633349537849426,0.2,0.0005350041901692748
250,0.01,-8.50161747087213e-09,-0.2411069788167471,0.0,2767,60.54,-1.4119283357772455e-05,-0.07101594465995525,-0.21373965846566156,-0.0001602316589332402,-0.29236769426788906,0.0,0.0,0.0,1665,-0.010496805344320684,-2.016143210204137,0.09600859108577153,-0.10950076021916692,-0.5177675591900809,-0.003414994921869764,0.0,-0.004414089100316167,0.0,0.0,-0.0568814724805708,-1.3525380346952143,-0.0866775857368412,0.0,0.0,0.0,0.05566833504871046,0.0764928,36.47392,-0.46225136525274446,-0.009691276272254376,-160.42846893,0.632406656,-0.5,4608000,33.60300688002004,-0.010611979166666584,1.6148686533677172,0.01797367,996,0.000290820864,-34.012003326416014,0.971615195274353,0.9988018274307251,-0.022888131998479368,0.16463623046875,-0.38274824619293213,0.2,0.0005684869363903999
251,0.01,-8.555331874303816e-09,-0.23395592559647277,0.0,2767,60.35,-1.4133460387111326e-05,-0.07132642209791022,-0.21374496119963987,-0.00016002272034387462,-0.28629893116518945,0.0,0.0,0.0,1671,-0.010308031954548678,-1.988511628402112,0.09452589064194947,-0.10955855843134901,-0.5102955421182462,-0.004580776423855635,0.0,-0.0044233507274312345,0.0,0.0,-0.052212020850029676,-1.3522049850661737,-0.08461798491749854,0.0,0.0,0.0,0.053892735671406594,0.0768,36.519999999999996,-0.4694359031118216,-0.010136696451809257,-160.22779175,0.632336,-0.5,4626432,33.084061724682314,-0.010112847222222164,1.7566721050874223,0.017695721,1000,0.000290784,-34.01153354644775,0.9713838696479797,0.9985225200653076,-0.023765903222374617,0.16058349609375,-0.387437105178833,0.2,0.0005648740247124806
252,0.01,-8.734553061815341e-09,-0.242048748696736,0.0,2767,61.5,-1.4296929156587005e-05,-0.0711574759909647,-0.2107371154911052,-0.00016380578638480815,-0.28705358074981147,0.0,0.0,0.0,1678,-0.010693746981305638,-2.0202551690128336,0.1005815388117551,-0.10828917789420023,-0.5193307798761375,-0.003639584047585444,0.0,-0.004509642697632429,0.0,0.0,-0.066487001911925,-1.3546065886986338,-0.08818505096760541,0.0,0.0,0.0,0.05563873437834309,0.0771072,36.56608,-0.46765553403262267,-0.010047721003906595,-161.38886509,0.632265344,-0.5,4644864,35.203538584114284,-0.009917534722222142,1.7911592041210473,0.017464563,1004,0.000290747136,-34.00535354614258,0.9704239964485168,0.998306930065155,-0.024483084218809383,0.1579833984375,-0.38771364092826843,0.2,0.0005986787902656943
253,0.01,-9.180823658961606e-09,-0.23901096366596983,0.0,2767,61.08,-1.4377920401783768e-05,-0.0715887935457744,-0.21193395348531652,-0.00016449917730921345,-0.2911121829432845,0.0,0.0,0.0,1684,-0.010566261120289891,-2.0115057770670903,0.11158680656635661,-0.11090724035153054,-0.5187831994114831,-0.0033216287663586225,0.0,-0.004528292160471318,0.0,0.0,-0.06546369463469938,-1.3521456276055477,-0.0862533018680993,0.0,0.0,0.0,0.055135906509417375,0.0774144,36.61216,-0.4715152297740635,-0.01101397379857695,-160.93596445,0.632194688,-0.5,4663296,39.055382298224814,-0.010243055555555481,2.182192180522383,0.018197086,1008,0.00029071027199999996,-34.00618228912354,0.9731029868125916,0.9984867572784424,-0.02495263918535784,0.15869140625,-0.38503095507621765,0.2,0.0005228789756074548
254,0.01,-9.061908758930996e-09,-0.24069658139533617,0.0,2767,61.07,-1.4581547829862782e-05,-0.07156095854857537,-0.21334069712241507,-0.00016747463866473408,-0.2918862768608247,0.0,0.0,0.0,1691,-0.01093069187742056,-2.0185750745138415,0.11487554798820535,-0.11128731008765635,-0.5274933362659915,-0.004057463607385404,0.0,-0.0046987781556273485,0.0,0.0,-0.05585331095750031,-1.3482727107835493,-0.08850780069338267,0.0,2.170130351765288e-06,0.0,0.05541719906564933,0.0777216,36.65824,-0.4670905191361997,-0.009790559949275726,-160.94891057999996,0.632124032,-0.5,4681728,40.20644179587187,-0.010026041666666595,2.309427856570599,0.01615354,1012,0.000290673408,-34.00728168487549,0.97212815284729,0.9982331991195679,-0.02137158173136413,0.15758056640625,-0.38829904794692993,0.2,0.0005618847120786086
255,0.01,-9.031093340072143e-09,-0.2413877764371622,0.0,2767,61.64,-1.4298232277211531e-05,-0.07144758769551629,-0.2124130275237099,-0.0001661958437396916,-0.28753729434243896,0.0,0.0,0.0,1698,-0.010974272802233615,-2.026430289359294,0.10005498653453937,-0.1081257316826891,-0.5246571679003299,-0.004773952591898488,0.0,-0.0046537281407077495,0.0,0.0,-0.06326903102868166,-1.348361282340952,-0.08859104226170313,0.0,0.0,0.0,0.05538415267400453,0.0780288,36.704319999999996,-0.46810634174933047,-0.009807921038979353,-161.51217127,0.632053376,-0.5,4700160,35.01924528708878,-0.00973307291666662,1.7519772417172377,0.017721677,1016,0.000290636544,-34.005506706237796,0.9743471741676331,0.9981844425201416,-0.024319081590510903,0.1569580078125,-0.3825124502182007,0.2,0.0005158321757335216
256,0.01,-8.676579148360258e-09,-0.24036319279584406,0.0,2767,62.08,-1.4560248824191689e-05,-0.0720481001707256,-0.21316807608021324,-0.00016624330800257334,-0.2823175943499464,0.0,0.0,0.0,1704,-0.011103288312740217,-2.0146096111478915,0.10541585601830705,-0.10575849090182841,-0.519350798807401,-0.005420823506745966,0.0,-0.004616638482780841,0.0,0.0,-0.06023547969066529,-1.3457138384160345,-0.08755167404690088,0.0,0.0,0.0,0.05543917776468457,0.078336,36.7504,-0.4692709627063848,-0.009499219236507392,-161.9637332,0.63198272,-0.5,4718592,36.89554960640747,-0.010286458333333259,1.9448289686035256,0.017827509,1020,0.00029059968,-34.00882778167725,0.9688556790351868,0.9988622665405273,-0.021133867953903974,0.16927490234375,-0.38077569007873535,0.2,0.0006375969504006207
257,0.01,-8.970698422248284e-09,-0.23594159140516568,0.0,2768,61.11,-1.4567693385417217e-05,-0.07165333902116824,-0.2104497442935493,-0.00016702451204549638,-0.286862145779535,0.0,0.0,0.0,1711,-0.011444812383616975,-2.0050319631926943,0.10732896345193338,-0.11060233596616222,-0.5204994084456194,-0.005493381310710604,0.0,-0.004829161075418205,0.0,0.0,-0.05206257453374798,-1.3402475819321438,-0.08674611703141274,0.0,0.0,0.0,0.05456918814251656,0.0786432,36.79648,-0.4659528058028662,-0.009403733374913119,-160.98922751,0.631912064,-0.5,4737024,37.56513720817668,-0.010264756944444378,2.02250533245285,0.017869622,1024,0.000290562816,-34.01577777862549,0.9684789180755615,0.9987074136734009,-0.022502475697547198,0.161962890625,-0.3845025897026062,0.2,0.0006308856478426606
258,0.01,-9.210598023120485e-09,-0.24070405898448172,0.0,2768,60.64,-1.4611292544025445e-05,-0.07184891946003212,-0.21260383948665615,-0.00016652910708129357,-0.2873073835821344,0.0,0.0,0.0,1717,-0.0114946045131415,-2.0154183691974805,0.09867124697876153,-0.10866650600126393,-0.5216544836725924,-0.004762789555971491,0.0,-0.0046726708051225176,0.0,0.0,-0.05537915205485709,-1.33794768518689,-0.08810064113738654,0.0,0.0,0.0,0.05545986902161612,0.0789504,36.84256,-0.46863651634020204,-0.009828537358165098,-160.5098499,0.631841408,-0.5,4755456,34.53493644256654,-0.010177951388888825,1.7061593660204166,0.018340113,1028,0.00029052595199999996,-34.011848068237306,0.9707487225532532,0.9987069964408875,-0.0249572322354652,0.172509765625,-0.3862869143486023,0.2,0.0005840494748554192
259,0.01,-9.118403896579877e-09,-0.24036401392441617,0.0,2768,61.14,-1.4603794091498451e-05,-0.07157356479230248,-0.21071324627438207,-0.00016882393013621744,-0.28413417382119444,0.0,0.0,0.0,1724,-0.011587809962986247,-2.0209975364886117,0.09792435640925934,-0.10819316157908523,-0.5249122527377419,-0.005408275611091609,0.0,-0.00480273723187498,0.0,0.0,-0.05938919269773784,-1.3451848246686924,-0.0882235499644496,0.0,1.085065175882644e-06,0.0,0.05562258284511201,0.0792576,36.888639999999995,-0.4591162987280919,-0.010045008205149012,-161.01185612,0.631770752,-0.5,4773888,34.27352474324077,-0.010036892361111056,1.7002146320530687,0.017457565,1032,0.000290489088,-34.01441898345947,0.9701599478721619,0.9991475939750671,-0.02269947189488448,0.15732421875,-0.38603901863098145,0.2,0.0006036270118784159
260,0.01,-8.801161901596529e-09,-0.24251624455109277,0.0,2768,61.95,-1.470292479664167e-05,-0.07202348177963364,-0.21070554763322788,-0.00016988608023063402,-0.28348264763353337,0.0,0.0,0.0,1730,-0.011999685388784813,-2.0292963175893735,0.10140219196483444,-0.10648042389641132,-0.5305332154389775,-0.004999910603358169,0.0,-0.004876906515816173,0.0,0.0,-0.05852381017119722,-1.342169719747104,-0.08964578402796113,0.0,0.0,0.0,0.055666799680617024,0.0795648,36.93472,-0.4643506991468058,-0.010510502397664823,-161.82838296000003,0.631700096,-0.5,4792320,35.49076718769205,-0.010351562499999923,1.818866005401264,0.018038029,1036,0.000290452224,-34.013257598876955,0.971785843372345,0.9989404082298279,-0.023590150382369758,0.15709228515625,-0.38832542300224304,0.2,0.0005614250840153545
261,0.01,-9.299151269550492e-09,-0.23783925422818428,0.0,2768,60.85,-1.4777504468012357e-05,-0.07169120892682791,-0.2129294288940099,-0.00017424063616962098,-0.27841179550144957,0.0,0.0,0.0,1737,-0.012119879233802915,-2.009804069515181,0.10346676666714977,-0.10628936522392812,-0.5234107905649835,-0.006486191592346982,0.0,-0.00498043147718585,0.0,0.0,-0.05821546970094861,-1.3405110246238645,-0.08819855148041388,0.0,0.0,0.0,0.055051925456424095,0.079872,36.9808,-0.4631739309740166,-0.009790017521784952,-160.70746173999999,0.63162944,-0.5,4810752,36.213368333502416,-0.010058593749999937,1.8735159380815933,0.018049609,1040,0.00029041536,-34.01716976165771,0.9753525257110596,0.9992289543151855,-0.02354495006147772,0.1718017578125,-0.3846539556980133,0.2,0.0004819775713258423
262,0.01,-8.388698848585853e-09,-0.2417629505309008,0.0,2768,61.63,-1.4710786007839266e-05,-0.07197236337103524,-0.21064501786494294,-0.00017183688626702442,-0.2828795492151839,0.0,0.0,0.0,1744,-0.011835052057858194,-2.0253795713776594,0.1015814381948432,-0.10426768330713249,-0.5244122589846127,-0.004426726276539828,0.0,-0.00483811074281026,0.0,0.0,-0.05998306550735417,-1.3336270265307044,-0.08852430016161679,0.0,0.0,0.0,0.05628150236247863,0.0801792,37.02688,-0.4671308052512897,-0.009968511019704036,-161.48882919,0.631558784,-0.5,4829184,35.553503368195116,-0.00961371527777774,1.8189888322742795,0.019194296,1044,0.000290378496,-34.01699295043945,0.9699276089668274,0.9990020990371704,-0.02355111949145794,0.165234375,-0.38661423325538635,0.2,0.0006123322498751804
263,0.01,-9.038185266795138e-09,-0.24083787981500482,0.0,2769,60.71,-1.4846919317894395e-05,-0.07176741701615388,-0.20889031872243796,-0.00017312260538812638,-0.28367416881871477,0.0,0.0,0.0,1750,-0.012587643371823146,-2.030841353492558,0.09680688978651031,-0.10762347305725016,-0.5286379801430864,-0.006162774332575266,0.0,-0.005005250468536095,0.0,0.0,-0.057568576220781736,-1.3383909759925245,-0.08872812226930829,0.0,6.5104104578495026e-06,0.0,0.056447202120075604,0.0804864,37.07296,-0.45865139584715336,-0.009144944685330201,-160.57423022,0.631488128,-0.5,4847616,33.882411425278605,-0.01049262152777771,1.7369643681207514,0.01840977,1048,0.00029034163199999997,-34.01928977966308,0.9743610620498657,0.9990692138671875,-0.02300652222475037,0.159814453125,-0.3845078647136688,0.2,0.0005316291033523157
264,0.01,-8.911016656351398e-09,-0.23991944173528884,0.0,2769,61.5,-1.4843870416091637e-05,-0.07180347806066073,-0.21261037688353954,-0.00017372654143485758,-0.284362326111965,0.0,0.0,0.0,1757,-0.011548095998376166,-2.016559853911086,0.10773732856829366,-0.10759980701039602,-0.5222083058020525,-0.0042685342036796105,0.0,-0.004843317416017029,0.0,0.0,-0.05449193828241775,-1.3328896954250586,-0.08818570155454548,0.0,0.0,0.0,0.05541278196518798,0.0807936,37.11904,-0.4638512083784063,-0.009348394827813737,-161.37484496999997,0.631417472,-0.5,4866048,37.70806499890278,-0.010297309027777705,2.0321517298939575,0.0186469,1052,0.000290304768,-34.01916580200195,0.9712737202644348,0.9991374015808105,-0.023813418508507312,0.16671142578125,-0.38846808671951294,0.2,0.0005954808948445134
265,0.01,-9.155060804887967e-09,-0.23811655737849874,0.0,2769,61.3,-1.5200561434342005e-05,-0.07220421357632967,-0.21196994916761286,-0.00017439322394739612,-0.2787748890219938,0.0,0.0,0.0,1763,-0.012594384716848634,-2.016220796334743,0.09969196008470085,-0.10580707559285683,-0.5259398980529856,-0.006605234391608316,0.0,-0.004927411114226097,0.0,0.0,-0.06016941251825046,-1.3291197279199265,-0.08766760178217622,0.0,1.085065175882644e-06,0.0,0.055911002128027784,0.0811008,37.16512,-0.466478657596877,-0.00986597222476525,-161.19471129000001,0.631346816,-0.5,4884480,34.8921860296453,-0.010644531249999908,1.7470703667318237,0.019074287,1056,0.000290267904,-34.017231941223145,0.9729569554328918,0.9990978240966797,-0.022121057054027914,0.16435546875,-0.3813308775424957,0.2,0.0005393263592850417
266,0.01,-8.891344339146335e-09,-0.2358603157598842,0.0,2769,61.26,-1.5190844662749373e-05,-0.07186361743242815,-0.2096464131761317,-0.00017397712305438262,-0.2883123741285425,0.0,0.0,0.0,1770,-0.011990634494659555,-2.008794280702773,0.10979147129927863,-0.1093113840795322,-0.5241947030758283,-0.004732898079337209,0.0,-0.004938090575305577,0.0,0.0,-0.058035066992622696,-1.3356774663722326,-0.08676495944299528,0.0,0.0,0.0,0.055286496690951245,0.081408,37.2112,-0.46487320793884596,-0.01017847176182032,-161.1265402,0.63127616,-0.5,4902912,38.42701495474752,-0.009895833333333267,2.1142243086758206,0.019274244,1060,0.00029023104,-34.01129302978516,0.9692690968513489,0.9987804293632507,-0.023744533583521844,0.1847412109375,-0.38179582357406616,0.2,0.0006013461505062878
267,0.01,-8.803245145684103e-09,-0.24465798552650028,0.0,2769,61.04,-1.525005407960832e-05,-0.07205797359389915,-0.20973981764966176,-0.0001756710956090792,-0.2833853628226172,0.0,0.0,0.0,1776,-0.012535355383292021,-2.0370007225152644,0.09926151010295231,-0.10608443918079788,-0.5359796061042444,-0.006492403735310559,0.0,-0.004935309551259447,0.0,0.0,-0.04915082357602758,-1.3282257963418942,-0.090605563609849,0.0,0.0,0.0,0.05688456615893589,0.0817152,37.25728,-0.4568606800486428,-0.009147115113187788,-160.91302965,0.631205504,-0.5,4921344,34.74152853603331,-0.010253906249999936,1.8302372689794941,0.018706756,1064,0.00029019417599999997,-34.00818309783936,0.9717111587524414,0.9985384941101074,-0.023876152001321316,0.1626220703125,-0.3812353014945984,0.2,0.0005623885401291773
268,0.01,-9.134516096576501e-09,-0.23968041775954443,0.0,2770,61.29,-1.5674974871459802e-05,-0.07209370914877712,-0.2084351549439011,-0.00018215276998766397,-0.2790846921438876,0.0,0.0,0.0,1783,-0.013355267580450914,-2.0239049300773884,0.10370939886642336,-0.10827506336796844,-0.5281383148419593,-0.0061946095070635025,0.0,-0.0051601731635062785,0.0,0.0,-0.0552745373354022,-1.3380943136913208,-0.08923888819095877,0.0,0.0,0.0,0.0559401825801668,0.0820224,37.30336,-0.4619359199412361,-0.009139519480716748,-161.15940635,0.631134848,-0.5,4939776,36.29828960324817,-0.01067708333333325,1.882237042603522,0.017088585,1068,0.000290157312,-34.003991317749026,0.9732975363731384,0.9980968832969666,-0.021875389106571674,0.1489501953125,-0.3778412640094757,0.2,0.0005472074684803374
269,0.01,-9.325600001800698e-09,-0.24212386205080488,0.0,2770,61.66,-1.5558544090107986e-05,-0.07207008726105014,-0.2113704108841271,-0.00018029605998372964,-0.2746782875730655,0.0,0.0,0.0,1789,-0.013697135129206759,-2.0331909475443926,0.10336588950165795,-0.10456913262332637,-0.5318834446891417,-0.008919316217926502,0.0,-0.0051221953494499034,0.0,0.0,-0.06206699146502664,-1.3315688740565141,-0.09037434387921847,0.0,0.0,0.0,0.056027732492680685,0.0823296,37.34944,-0.4612097435698435,-0.009016364292215763,-161.52565272,0.631064192,-0.5,4958208,36.17806132558028,-0.010416666666666581,1.881808822611589,0.01868185,1072,0.000290120448,-33.99579124450683,0.9709854125976562,0.9978426694869995,-0.022421882348135115,0.1677978515625,-0.38876962661743164,0.2,0.000602391836582683
270,0.01,-8.97854185702164e-09,-0.24024180037889498,0.0,2770,62.08,-1.565950631786627e-05,-0.0725061994418765,-0.21148379280489782,-0.00018086223077996288,-0.2790831291235415,0.0,0.0,0.0,1796,-0.01316577150484042,-2.0220560599111645,0.10397149191914865,-0.10839413571111202,-0.5317304442259444,-0.006652470072792033,0.0,-0.005137087820256192,0.0,0.0,-0.058240599760141634,-1.3336332910793467,-0.08956362580521018,0.0,0.0,0.0,0.05545459345313557,0.0826368,37.39552,-0.4590855872205222,-0.009761805574978806,-161.93190475,0.6309935360000001,-0.5,4976640,36.39002217170203,-0.010297309027777717,1.893805080026199,0.017392043,1076,0.000290083584,-33.995090866088866,0.9696832895278931,0.9981808662414551,-0.02385205952450633,0.1625244140625,-0.3831554353237152,0.2,0.0005984105402603746
271,0.01,-9.40782097024726e-09,-0.2417873008337491,0.0,2770,60.95,-1.595305868164628e-05,-0.0725743310141745,-0.20920424074578867,-0.00018730761646785306,-0.2812623890751625,0.0,0.0,0.0,1802,-0.01425067831292527,-2.0334255702938475,0.09998467863636268,-0.10834870999649232,-0.5342676275116635,-0.007571395414278269,0.0,-0.005315284314282797,0.0,0.0,-0.06829684361970416,-1.336619182804063,-0.09031110192899511,0.0,0.0,0.0,0.05618290692471157,0.082944,37.4416,-0.4622452850983954,-0.010346657172906108,-160.81971718,0.63092288,-0.5,4995072,34.99463752272694,-0.010394965277777708,1.768281328117183,0.019493919,1080,0.00029004672,-34.00362071990967,0.9719724059104919,0.9986133575439453,-0.020959492190741003,0.17044677734375,-0.3809970021247864,0.2,0.0005570364010054618
272,0.01,-9.200559462139319e-09,-0.23499386699346786,0.0,2768,61.43,-1.5829808102430038e-05,-0.07223519873570972,-0.21034798302344945,-0.00018054503028800862,-0.2730987570273109,0.0,0.0,0.0,1810,-0.013788167643498907,-2.002833893511967,0.10175550704644551,-0.1053024560424064,-0.5206593738072451,-0.007934003498120309,0.0,-0.005175545512252907,0.0,0.0,-0.05669694442142027,-1.3360842825412536,-0.08717019103581046,0.0,0.0,0.0,0.055076573901929535,0.0832512,37.48768,-0.4612295472628789,-0.009234462829125632,-161.29990829999997,0.6308522240000001,-0.5,5013504,35.614427466255925,-0.010503472222222152,1.8260447068191374,0.017288301,1084,0.000290009856,-34.011178207397464,0.974745512008667,0.9987063407897949,-0.02197268211748451,0.1558837890625,-0.3823477029800415,0.2,0.0005073895968962461
273,0.01,-9.294617816772975e-09,-0.24183519442993168,0.0,2768,60.92,-1.598742210029989e-05,-0.07224583182596002,-0.21000658109204667,-0.00018405006389252086,-0.2807465138305828,0.0,0.0,0.0,1817,-0.015066909038188463,-2.029779569741722,0.10633831406629668,-0.10858988300223316,-0.533829630056416,-0.00966402206898396,0.0,-0.0053078887720299055,0.0,0.0,-0.05525052564387833,-1.333378783292009,-0.09014419781540689,0.0,0.0,0.0,0.055889833612108517,0.0835584,37.53376,-0.46046624651424317,-0.009022874460141692,-160.7849568,0.6307815680000001,-0.5,5031936,37.218409923203836,-0.010687934027777684,2.019683807796884,0.018605841,1088,0.000289972992,-34.006222534179685,0.9684483408927917,0.9982709884643555,-0.022976515541085974,0.1758056640625,-0.3812384009361267,0.2,0.0006509177241241559
274,0.01,-8.920280842869952e-09,-0.24240683934356635,0.0,2769,61.35,-1.5980542882680182e-05,-0.0724522828149022,-0.2097427669251069,-0.0001858669452466706,-0.28141015929097996,0.0,0.0,0.0,1823,-0.014338466828584464,-2.0306378590172574,0.11080182975170066,-0.10718512593776494,-0.5339697611184653,-0.008607135166046782,0.0,-0.005209346349763867,0.0,0.0,-0.0676767363099532,-1.332453129238021,-0.08990538809303589,0.0,0.0,0.0,0.05648947464176062,0.0838656,37.57984,-0.45801218857225934,-0.010531661403042058,-161.22044645,0.6307109120000001,-0.5,5050368,38.780640413095234,-0.009939236111111046,2.172495568306314,0.018105587,1092,0.000289936128,-33.99810562133789,0.9695024490356445,0.9979753494262695,-0.022498301148880274,0.1627685546875,-0.38382580876350403,0.2,0.0006218115304363891
275,0.01,-9.233239584046575e-09,-0.2407211323299871,0.0,2769,62.63,-1.6241163732018292e-05,-0.07250829190877742,-0.2097682195428714,-0.00018585087921985143,-0.28313564563110205,0.0,0.0,0.0,1830,-0.015035245712348861,-2.0301627759046763,0.10459240845712822,-0.10752603767402168,-0.5315984413962807,-0.010432610373337517,0.0,-0.005306625024403473,0.0,0.0,-0.06675316830594348,-1.3261677567370136,-0.08945499844759176,0.0,0.0,0.0,0.05628971181604563,0.0841728,37.62592,-0.4614630059701518,-0.010215364037624871,-162.48967481,0.6306402560000001,-0.5,5068800,36.60734295999488,-0.010145399305555497,1.9204660467138523,0.019365903,1096,0.00028989926399999996,-33.9935245513916,0.974704384803772,0.9979116916656494,-0.023095995024777948,0.17310791015625,-0.3887917101383209,0.2,0.0005121749156387523
276,0.01,-9.429524851715864e-09,-0.24226762546246616,0.0,2769,62.21,-1.6470437135060178e-05,-0.07260390801022883,-0.20988297078771795,-0.0001889571078384363,-0.2795506332767808,0.0,0.0,0.0,1836,-0.01527717492557505,-2.0325262867080123,0.10395981853658937,-0.10536996769137803,-0.5372142076491403,-0.011020848705196,0.0,-0.005293418936387635,0.0,0.0,-0.06177824969561315,-1.334993759052419,-0.09046472626184357,0.0,0.0,0.0,0.05713726569235647,0.08448,37.672,-0.4561044404440857,-0.010458419432527281,-162.06763782,0.6305696000000001,-0.5,5087232,36.385936487806276,-0.00988498263888883,1.9342334267703034,0.017845819,1100,0.00028986239999999997,-33.99059658050537,0.9721962213516235,0.9979085326194763,-0.02230522520840168,0.1718505859375,-0.38266128301620483,0.2,0.0005704321767552756
277,0.01,-9.33375535341301e-09,-0.24055536260982946,0.0,2769,62.11,-1.6577073197184893e-05,-0.07258876024113377,-0.21235092850428353,-0.00018918420388704175,-0.27925267723673686,0.0,0.0,0.0,1843,-0.01463068410773107,-2.030267733880538,0.10094054782385137,-0.10664976559726773,-0.5370002981740536,-0.00906086959535726,0.0,-0.0053720415440807814,0.0,0.0,-0.06390033447683201,-1.3360463555834754,-0.09066446897634782,0.0,1.4105905494135288e-05,0.0,0.05641569698967909,0.0847872,37.71808,-0.4552848465027792,-0.010104144811824275,-161.96050391,0.6304989440000001,-0.5,5105664,35.32919173834798,-0.01042751736111102,1.783079994601781,0.017299121,1104,0.000289825536,-33.98680229187012,0.9740183353424072,0.997482419013977,-0.02071906386408955,0.1521728515625,-0.3755375146865845,0.2,0.0005427443713415415
278,0.01,-9.470845856646e-09,-0.23809749819856169,0.0,2769,61.99,-1.6569267398868906e-05,-0.07285357635215621,-0.21315682242958353,-0.00018826086210160217,-0.27444465506407895,0.0,0.0,0.0,1850,-0.01534481517912761,-2.0193255411868414,0.1128386125550824,-0.10390641419546671,-0.5304583724623793,-0.009998686654454903,0.0,-0.005271597980660888,0.0,0.0,-0.06310104454618375,-1.3398942848357476,-0.08922263222644715,0.0,0.0,0.0,0.055817330981325526,0.0850944,37.764160000000004,-0.46227875425742126,-0.010453536477547863,-161.85412159000003,0.6304282880000001,-0.5,5124096,39.49351439427884,-0.009733072916666625,2.228254778914298,0.018317575,1108,0.000289788672,-33.9864086151123,0.9738186001777649,0.997471034526825,-0.022202637617010624,0.17137451171875,-0.38616710901260376,0.2,0.0005394112740759738
279,0.01,-9.323441572348608e-09,-0.2379409502933706,0.0,2769,62.11,-1.6507061765449834e-05,-0.07240908149629814,-0.20955037728884998,-0.00019398857840224757,-0.27136984560110455,0.0,0.0,0.0,1856,-0.01455153842054095,-2.0249494637987566,0.10727403113988312,-0.1045744275705438,-0.5359784642874653,-0.00775241465681659,0.0,-0.005519283215973648,0.0,0.0,-0.07081353419255218,-1.3326489218489823,-0.09032769329241946,0.0,0.0,0.0,0.05602775858559195,0.0854016,37.81024,-0.4612332796997506,-0.010222959474453496,-161.97874717000002,0.6303576320000001,-0.5,5142528,37.54591089895909,-0.010253906249999938,2.013875679278732,0.018733125,1112,0.000289751808,-33.98771495819092,0.9723322987556458,0.9977172613143921,-0.02445914574782364,0.16837158203125,-0.38373419642448425,0.2,0.0005794022494228557
280,0.01,-8.694757650794197e-09,-0.23694950067545165,0.0,2770,61.37,-1.6478507835087622e-05,-0.0724130798161356,-0.21058245693903851,-0.00019033070984865783,-0.2729634536324037,0.0,0.0,0.0,1863,-0.014518731833692828,-2.0172968578283803,0.10514644883386959,-0.10568552070428208,-0.5315767185206653,-0.008752402832265797,0.0,-0.005428864061579084,0.0,0.0,-0.06432146573525309,-1.3325226278057776,-0.08963096576684898,0.0,1.4105905494135288e-05,0.0,0.055800148409729716,0.0857088,37.85632,-0.4566983039967282,-0.009469379973274449,-161.23573352,0.630286976,-0.5,5160960,36.80125709185435,-0.009906684027777722,1.9364268236272597,0.018458731,1116,0.00028971494399999997,-33.98875904083252,0.9701294898986816,0.9976520538330078,-0.023272080044262112,0.1658203125,-0.38486146926879883,0.2,0.0006261415896005928
281,0.01,-9.32077803004283e-09,-0.23048033449296945,0.0,2770,60.93,-1.6558794201449983e-05,-0.07277774298800795,-0.21138369014610692,-0.00018949703961344583,-0.2746578624689123,0.0,0.0,0.0,1869,-0.015229933501829558,-1.9953767689983282,0.10451456513914542,-0.10616054876482733,-0.5217620516948983,-0.009151301864797798,0.0,-0.005465996930757666,0.0,0.0,-0.06278423266445698,-1.3256680284693059,-0.08678904828431067,0.0,0.0,0.0,0.05435156020328823,0.086016,37.9024,-0.46289415630528336,-0.010388432465131499,-160.79177334,0.63021632,-0.5,5179392,36.5800977987009,-0.009971788194444376,1.9116313324419403,0.018676186,1120,0.00028967808,-33.988963508605956,0.9710978865623474,0.9977512359619141,-0.02120611323043704,0.15845947265625,-0.3859959840774536,0.2,0.0005863398313522339
282,0.01,-9.029109307252982e-09,-0.24183178891080084,0.0,2770,62.14,-1.6676994883387523e-05,-0.07251785914655261,-0.21094840289206265,-0.00019505830288939498,-0.2773662320215945,0.0,0.0,0.0,1876,-0.015272763372462219,-2.037113519385256,0.09838498498337692,-0.10515619450319251,-0.542374861181842,-0.00995165638860255,0.0,-0.005498122605219423,0.0,0.0,-0.06658680413901633,-1.3343594771042624,-0.09202259674861246,0.0,0.0,0.0,0.05683719148910668,0.0863232,37.94848,-0.455086030701325,-0.009798698379502943,-162.00840885,0.630145664,-0.5,5197824,34.43474474418192,-0.009863281249999935,1.717620086164443,0.019184615,1124,0.000289641216,-33.989420318603514,0.9662297964096069,0.9978795051574707,-0.023676757817156613,0.16522216796875,-0.38413217663764954,0.2,0.0006877916952362284
283,0.01,-9.948237189971997e-09,-0.23978306143234734,0.0,2770,62.14,-1.6891974741076463e-05,-0.07260402021711584,-0.2075617350019256,-0.0001934996780670952,-0.2744212452811283,0.0,0.0,0.0,1882,-0.015959162595114488,-2.0309692853006256,0.09716617936877278,-0.10504790285444746,-0.5371303454966108,-0.009745161227192586,0.0,-0.005443286541706823,0.0,0.0,-0.07321170566601416,-1.3355863221749162,-0.09084490781613228,0.0,0.0,0.0,0.0560377384596832,0.0866304,37.99456,-0.4585094040591506,-0.010616296811753677,-162.00013979000002,0.630075008,-0.5,5216256,34.008162779070474,-0.01038411458333325,1.6566748238736984,0.01778674,1128,0.000289604352,-33.99124374389648,0.9732848405838013,0.9977500438690186,-0.02089558547595516,0.15325927734375,-0.37702468037605286,0.2,0.0005241463994025252
284,0.01,-9.584563265520664e-09,-0.2402217032840862,0.0,2770,62.08,-1.6943539610068522e-05,-0.07275296689619787,-0.20950936023560124,-0.00019257133914055117,-0.27924656927459723,0.0,0.0,0.0,1889,-0.016803752652372612,-2.039024891863874,0.10574292442488459,-0.1059934644163855,-0.547798451723968,-0.011792918939021114,0.0,-0.0055180543565069955,0.0,0.0,-0.06846386117218367,-1.3273592614681193,-0.091029148562447,0.0,1.085065175882644e-06,0.0,0.05734227903545529,0.0869376,38.040639999999996,-0.45230466864145163,-0.009604470995125465,-161.95096301,0.630004352,-0.5,5234688,37.010023548709604,-0.010470920138888805,1.9570225383744657,0.018644756,1132,0.000289567488,-33.990646553039554,0.9683561325073242,0.9979128241539001,-0.02157593481242657,0.1698974609375,-0.37989482283592224,0.2,0.0006219714181497693
285,0.01,-9.42940182984701e-09,-0.2348590338217422,0.0,2770,62.07,-1.669985864277169e-05,-0.07255684988912091,-0.20993863353406828,-0.0001920458551407057,-0.27219828234871357,0.0,0.0,0.0,1895,-0.01551329112719053,-2.0217772360795796,0.1060092892288321,-0.10437702610994355,-0.5352972187987179,-0.013157264697784771,0.0,-0.005555166458061509,0.0,0.0,-0.07071791315692942,-1.3324846481130426,-0.08974299111122808,0.0,0.0,0.0,0.055893794477696,0.0872448,38.08672,-0.4550753743866318,-0.009802495911976116,-161.92924892,0.629933696,-0.5,5253120,37.10325123009123,-0.010112847222222167,2.019589800401046,0.018683605,1136,0.000289530624,-33.9903450012207,0.9743586182594299,0.9976282119750977,-0.021691807359457017,0.17320556640625,-0.3871610760688782,0.2,0.0005174361271201633
286,0.01,-9.888242289832918e-09,-0.23321789723177697,0.0,2770,62.3,-1.6879537320122788e-05,-0.07275579747314778,-0.21052574520838208,-0.00019317622491729397,-0.2606376525792218,0.0,0.0,0.0,1902,-0.016104907999981558,-2.0067779765833595,0.09669547114420388,-0.10075935823120837,-0.5297965094073347,-0.01172932750428081,0.0,-0.0054547786507995735,0.0,0.0,-0.07175192221543653,-1.3248046748261206,-0.08919808989598856,0.0,0.0,0.0,0.055666274358945556,0.087552,38.1328,-0.45514935948869717,-0.00994246970609917,-162.15650781000002,0.62986304,-0.5,5271552,33.84341490047136,-0.010177951388888825,1.6397009102702196,0.018511117,1140,0.00028949376,-33.98858127593994,0.9722826480865479,0.9976820945739746,-0.02248265645466745,0.1684814453125,-0.38267782330513,0.2,0.0005558322154683992
287,0.01,-9.229708340833478e-09,-0.23619975068284735,0.0,2771,61.87,-1.7199704407244454e-05,-0.07294259589106974,-0.2105872624789501,-0.00019903444802450357,-0.2716586070281329,0.0,0.0,0.0,1908,-0.016405602990127208,-2.0296643782915664,0.10248508737354012,-0.10474828390520878,-0.5409744525233541,-0.011159868680178452,0.0,-0.0056227079797919344,0.0,0.0,-0.07485185925620995,-1.3404191887022676,-0.0901617044507837,0.0,0.0,0.0,0.055898135108521645,0.0878592,38.17888,-0.4576549662157179,-0.009662522172826963,-161.72656404000003,0.629792384,-0.5,5289984,35.86978058073904,-0.009906684027777729,1.848345764394984,0.019264143,1144,0.000289456896,-33.992180061340335,0.9671531915664673,0.9979424476623535,-0.0218648410809692,0.1761474609375,-0.38125869631767273,0.2,0.0006868673313874752
288,0.01,-1.008178697290411e-08,-0.23509689955554094,0.0,2771,61.53,-1.7200068271183772e-05,-0.0727732683185612,-0.2091392451396434,-0.0001980009289625073,-0.2655831853529176,0.0,0.0,0.0,1915,-0.015982835072853183,-2.012984952503974,0.09872799981182967,-0.10279157408936658,-0.5353628870814179,-0.011120034189731436,0.0,-0.005597454007008111,0.0,0.0,-0.06886684897761546,-1.3294103905581414,-0.08977319794813123,0.0,0.0,0.0,0.05534860736753364,0.0881664,38.22496,-0.4563600389762411,-0.009839930665394705,-161.38604703000001,0.629721728,-0.5,5308416,34.554799934140384,-0.01010199652777771,1.7324538305764623,0.018071968,1148,0.00028942003199999996,-33.992784881591795,0.9725924134254456,0.9979845881462097,-0.022936395241413266,0.18111572265625,-0.3847661018371582,0.2,0.0005532959825359285
289,0.01,-9.74398221951516e-09,-0.2374839568669563,0.0,2771,62.44,-1.7328367483545554e-05,-0.07280148580649776,-0.21022757814773305,-0.00020174492787014924,-0.2746163841428044,0.0,0.0,0.0,1922,-0.016011458342927307,-2.0205478155624252,0.11671018461131996,-0.1056203975973462,-0.5386455788065745,-0.012178282971102924,0.0,-0.0057563545802005005,0.0,0.0,-0.06804841354646227,-1.3356258960205238,-0.09072895804785969,0.0,0.0,0.0,0.05551458641734704,0.0884736,38.27104,-0.4553707596321138,-0.009831250197344666,-162.26790829,0.629651072,-0.5,5326848,40.84856461396198,-0.010112847222222162,2.3838260047294293,0.019432146,1152,0.00028938316799999997,-33.992072677612306,0.9679880738258362,0.9979523420333862,-0.024396435264497994,0.16932373046875,-0.3823500871658325,0.2,0.0006723981379764155
290,0.01,-1.0058907505846674e-08,-0.23894384604530006,0.0,2771,62.5,-1.7226676762873986e-05,-0.07298982617835377,-0.2090738027779383,-0.00020139803511938061,-0.2774527323979268,0.0,0.0,0.0,1928,-0.01609166207282674,-2.043427775594531,0.10432067137339637,-0.1076454041224281,-0.5502292860258288,-0.010416977470404288,0.0,-0.00583310809483239,0.0,0.0,-0.07613394261108374,-1.339616065001188,-0.09186106391787649,0.0,0.0,0.0,0.05612688736793032,0.0887808,38.31712,-0.4578474270164859,-0.010111740200146515,-162.36282283,0.629580416,-0.5,5345280,36.51223498068873,-0.010492621527777688,1.9137901974492049,0.018792836,1156,0.000289346304,-33.99643268585205,0.9686102271080017,0.998442530632019,-0.023625050170812754,0.16763916015625,-0.3846483528614044,0.2,0.0006781712465453893
291,0.01,-9.556698064308993e-09,-0.23692057099081673,0.0,2771,62.11,-1.7328265061113812e-05,-0.07298449438063345,-0.20878615698655112,-0.00020625446773921954,-0.2722850372404,0.0,0.0,0.0,1935,-0.017184469542384458,-2.0350725683070183,0.10026567888839574,-0.10578534549556973,-0.5485847228367033,-0.01343368034694027,0.0,-0.0059085191929480856,0.0,0.0,-0.08710953832829343,-1.3388256896671633,-0.09130036965274929,0.0,0.0,0.0,0.05683784992851718,0.089088,38.3632,-0.4559942426272914,-0.010531661588983197,-161.97151881,0.62950976,-0.5,5363712,35.09298761093851,-0.010036892361111042,1.7694398892678613,0.01750797,1160,0.00028930944,-33.99651870727539,0.9742184281349182,0.9977759122848511,-0.020329232048243284,0.15145263671875,-0.3832574784755707,0.2,0.000554503507737536
292,0.01,-1.0158848038593779e-08,-0.23414034165649233,0.0,2771,62.39,-1.768566064139125e-05,-0.07330547546641343,-0.2095746141600706,-0.0002037542098123206,-0.26954069952905013,0.0,0.0,0.0,1941,-0.017382129866300878,-2.0168619764177027,0.09706336727566175,-0.10414351070207473,-0.5370236920393153,-0.015069391886542343,0.0,-0.005795605606732114,0.0,0.0,-0.07021935271599472,-1.3356960188012486,-0.08974147872357514,0.0,0.0,0.0,0.05549030599213535,0.0893952,38.409279999999995,-0.4568884224899797,-0.010260937080602162,-162.24158493000002,0.629439104,-0.5,5382144,33.972178546481615,-0.010297309027777703,1.6546625548906593,0.01860241,1164,0.000289272576,-33.98660449981689,0.9761451482772827,0.9976435899734497,-0.022987786907469852,0.17176513671875,-0.3900858163833618,0.2,0.0005106742944917641
293,0.01,-9.64187841351338e-09,-0.23810170452790988,0.0,2771,61.84,-1.78279995282718e-05,-0.07328098738235055,-0.2074351844199157,-0.00020634331051346458,-0.2724076506501758,0.0,0.0,0.0,1948,-0.01791208235758676,-2.039936685411505,0.1053951928054111,-0.1033919303974807,-0.5475343099283685,-0.014624532108549169,0.0,-0.005833413222055689,0.0,0.0,-0.07582819003343666,-1.3415849387706806,-0.09138562992431219,0.0,1.085065175882644e-06,0.0,0.056837941783918974,0.0897024,38.45536,-0.45490387710295466,-0.010156770453452028,-161.68822628,0.629368448,-0.5,5400576,36.888317481893885,-0.009993489583333268,1.9458214109860792,0.018289808,1168,0.00028923571199999997,-33.987202644348145,0.9728693962097168,0.9975996017456055,-0.02240065564401448,0.16759033203125,-0.38309288024902344,0.2,0.0005690607300493866
294,0.01,-9.40392458528677e-09,-0.2376543890088791,0.0,2772,62.61,-1.79819006068469e-05,-0.07318277964582101,-0.20741912938232906,-0.00020827960406985465,-0.2758203794728921,0.0,0.0,0.0,1954,-0.018263667428463373,-2.0405636795930437,0.10066660253764204,-0.10478889690361519,-0.5479031603665591,-0.016672819069426678,0.0,-0.0058466666656089746,0.0,0.0,-0.07960739830200134,-1.335581033829869,-0.09153495612196762,0.0,0.0,0.0,0.05744376643014404,0.0900096,38.50144,-0.4494723939139529,-0.009625629843665391,-162.47037618000002,0.629297792,-0.5,5419008,35.233310888174714,-0.010438368055555482,1.7734088536006765,0.020080516,1172,0.000289198848,-33.98585605621338,0.972430944442749,0.9979642629623413,-0.0214295688085258,0.1712890625,-0.3802076280117035,0.2,0.0005784732202300802
295,0.01,-1.0329066669987144e-08,-0.23519364579322433,0.0,2772,62.2,-1.8223018564462184e-05,-0.0733519358585372,-0.20791784606248653,-0.00021261565588812946,-0.2680970204815417,0.0,0.0,0.0,1961,-0.01815882372242348,-2.0224166054675816,0.10040573764019312,-0.10455645886707261,-0.5432545021939886,-0.01692737211156886,0.0,-0.005922604117599951,0.0,0.0,-0.08595512880584984,-1.3380008085540755,-0.09081746834625873,0.0,1.085065175882644e-06,0.0,0.05589641594769331,0.0903168,38.54752,-0.4576239858348294,-0.010677603029762395,-162.05220324999996,0.629227136,-0.5,5437440,35.14200817406759,-0.010091145833333266,1.7642438446975925,0.018121948,1176,0.000289161984,-33.98150272369385,0.9718033671379089,0.9974619746208191,-0.02037093718536198,0.166357421875,-0.3775240182876587,0.2,0.0005808175832498818
296,0.01,-9.894377263319477e-09,-0.23591934323830901,0.0,2772,61.72,-1.833006892517352e-05,-0.07340251237278557,-0.20910769466811216,-0.0002134350440646634,-0.26989086770841475,0.0,0.0,0.0,1967,-0.018292028239195818,-2.0338865043708374,0.10342937326937737,-0.10419436760527313,-0.5466687538745689,-0.014403206893839279,0.0,-0.00604748575696484,0.0,0.0,-0.08360283915235354,-1.3399683418687833,-0.09177214992110981,0.0,0.0,0.0,0.055912989782542256,0.090624,38.593599999999995,-0.45834072321145025,-0.01043400529306382,-161.57148420000001,0.62915648,-0.5,5455872,36.20028064428208,-0.010373263888888809,1.8862360890396708,0.01759841,1180,0.00028912512,-33.98200397491455,0.9727550745010376,0.997512698173523,-0.02294345983536914,0.16839599609375,-0.3826706111431122,0.2,0.0005614733934635296
297,0.01,-1.0345715722253004e-08,-0.23526137869874056,0.0,2772,62.69,-1.845748991680402e-05,-0.07334888382852689,-0.20844577542658158,-0.00021469665874789998,-0.27047661170163695,0.0,0.0,0.0,1974,-0.017823109544440136,-2.0294103663693277,0.09624386003392915,-0.106180921198254,-0.5502821826790334,-0.015391108702811398,0.0,-0.006015635442719207,0.0,0.0,-0.07524335421131027,-1.337259420530463,-0.09132400551847496,0.0,0.0,0.0,0.05647837913395724,0.0909312,38.63968,-0.45661542086743456,-0.010219704526308406,-162.54359451,0.629085824,-0.5,5474304,33.685351011875206,-0.010687934027777691,1.6221004401687587,0.019781435,1184,0.000289088256,-33.980013847351074,0.9676438570022583,0.9974144697189331,-0.02231440395116806,0.1805419921875,-0.38170701265335083,0.2,0.0006837370456196368
298,0.01,-9.859439475894877e-09,-0.23648252429609487,0.0,2772,62.85,-1.8427542004134067e-05,-0.07307466539602296,-0.20799034092529528,-0.00021893756602017457,-0.26629902669588057,0.0,0.0,0.0,1981,-0.01791424630453767,-2.032971082952078,0.10035094680478604,-0.10482267559437923,-0.5510281288396984,-0.015927079765781893,0.0,-0.0061650395163797105,0.0,0.0,-0.0864330174102186,-1.3358260933057289,-0.09266961879278822,0.0,0.0,0.0,0.056275914518598036,0.0912384,38.68576,-0.45535372560940945,-0.010184982515056618,-162.68737157,0.629015168,-0.5,5492736,35.12283138167511,-0.010297309027777701,1.7628958127830485,0.018903324,1188,0.000289051392,-33.97326736450195,0.9738703966140747,0.9967944025993347,-0.021201498806476593,0.18087158203125,-0.377297580242157,0.2,0.0005441772009362467
299,0.01,-1.0506890555267394e-08,-0.23444249349068855,0.0,2771,62.55,-1.8476435039319517e-05,-0.07340802110058925,-0.20782121979989648,-0.00021661179118871992,-0.26315184833615396,0.0,0.0,0.0,1988,-0.018394243062056434,-2.02475110386483,0.09992548081911146,-0.10331793474598405,-0.5404089237475711,-0.016263999776296088,0.0,-0.006126681730019911,0.0,0.0,-0.08278817968892153,-1.3388689825178455,-0.09111670779134792,0.0,0.0,0.0,0.05601461222206082,0.0915456,38.73184,-0.4622112046497173,-0.01020939607891099,-162.39359831000002,0.628944512,-0.5,5511168,34.97391828668901,-0.010145399305555478,1.7560888695022032,0.01795765,1192,0.000289014528,-33.966396713256835,0.9718067049980164,0.9966598749160767,-0.020662588789127766,0.1644775390625,-0.3846684992313385,0.2,0.0005898776289541274
300,0.01,-1.009867067575449e-08,-0.2367433234905208,0.0,2771,64.09,-1.8650259709904027e-05,-0.07366485385489319,-0.20821390667766135,-0.0002192605700510345,-0.2660602738769933,0.0,0.0,0.0,1995,-0.017905918968409377,-2.038826042833948,0.1008500541950301,-0.10425729909916032,-0.5535105837783103,-0.015182290704744436,0.0,-0.00614454576827066,0.0,0.0,-0.08996947507747059,-1.339408519916505,-0.09235591168522536,0.0,0.0,0.0,0.05680848847866059,0.0918528,38.77792,-0.4585449541516719,-0.0120567241473408,-163.94048735,0.628873856,-0.5,5529600,35.29751896826053,-0.009895833333333279,1.7799852250514165,0.018322453,1196,0.000288977664,-33.96648387908935,0.96932053565979,0.9968295097351074,-0.021822160575538874,0.1770263671875,-0.37933996319770813,0.2,0.0006458357995143161
301,0.01,-9.722728749437286e-09,-0.23385682328099172,0.0,2771,60.56,-1.866452927243603e-05,-0.07330008188095634,-0.20641650937918155,-0.0002188959542659879,-0.27045500683837786,0.0,0.0,0.0,2001,-0.019543701540267543,-2.0201662573452093,0.10731808663865758,-0.10262926431745328,-0.5356217896416366,-0.020156232067503874,0.0,-0.006122644668751188,0.0,0.0,-0.09583729909332508,-1.3402903229939291,-0.0899112029379829,0.0,0.0,0.0,0.05516923173265456,0.09216,38.824,-0.46291346009365747,-0.010642880910179682,-160.42502847,0.6288032,-0.5,5548032,37.56133032353015,-0.010373263888888803,2.0194050790701445,0.017869214,1200,0.0002889408,-33.96683006286621,0.975210428237915,0.9967880249023438,-0.020546929189004005,0.15804443359375,-0.3739642798900604,0.2,0.0005282073689159006
302,0.01,-1.0238531510831298e-08,-0.23194261252874723,0.0,2771,62.18,-1.8470808119990597e-05,-0.07361483379332398,-0.20803339268548154,-0.00022124927858976535,-0.2667968896579849,0.0,0.0,0.0,2008,-0.018428192661112244,-2.0193945436149456,0.0991121309831827,-0.10361230154219687,-0.5396103596425024,-0.019570722237449628,0.0,-0.006267314521718323,0.0,0.0,-0.09205854155008891,-1.3339150929900603,-0.09058164860406458,0.0,3.2552052289247513e-06,0.0,0.05520393663219017,0.0924672,38.87008,-0.4601255341714973,-0.010245203577344202,-162.0381897,0.628732544,-0.5,5566464,34.68924584411394,-0.010015190972222157,1.7223604632635166,0.01835845,1204,0.00028890393599999997,-33.97109889984131,0.9676093459129333,0.9972140192985535,-0.02225572008173913,0.1687255859375,-0.38428637385368347,0.2,0.0006681546830805019
303,0.01,-1.0216081797322044e-08,-0.2361115853925892,0.0,2771,62.54,-1.8796470205738008e-05,-0.07387466704133369,-0.20668791068334622,-0.00022503425986408006,-0.2739764509777772,0.0,0.0,0.0,2015,-0.019142004945198805,-2.039460109020074,0.09806706334131521,-0.10557931630890094,-0.5553908864057382,-0.018199030558913944,0.0,-0.006371764673703066,0.0,0.0,-0.08835006341998636,-1.3346694048370045,-0.09256895056091509,0.0,0.0,0.0,0.0561970400010999,0.0927744,38.916160000000005,-0.4571457268144557,-0.011254859229666181,-162.38176109999998,0.628661888,-0.5,5584896,34.323472169460324,-0.009884982638888833,1.6877057746413995,0.019753119,1208,0.000288867072,-33.96573448181152,0.9676458239555359,0.9965115785598755,-0.022184612217824907,0.16424560546875,-0.38437777757644653,0.2,0.0006936200050404295
304,0.01,-1.0818752122085767e-08,-0.235645119185114,0.0,2771,62.16,-1.8714656385030924e-05,-0.07386005455723707,-0.207712000485905,-0.0002235454865715707,-0.2664806049915782,0.0,0.0,0.0,2021,-0.01931593477289123,-2.0334884559193527,0.09608119668426374,-0.10427452740438901,-0.5480829002407003,-0.018497277536750747,0.0,-0.006284751626086574,0.0,0.0,-0.09183235244470019,-1.337362827499768,-0.09206647382683289,0.0,0.0,0.0,0.05632399867877728,0.0930816,38.96224,-0.45923169171175715,-0.01112031054961133,-161.98851873,0.628591232,-0.5,5603328,33.628418839492305,-0.01016710069444438,1.654101568495387,0.018412452,1212,0.000288830208,-33.95946826934814,0.9736602902412415,0.9965798258781433,-0.02056639778893441,0.16051025390625,-0.380797803401947,0.2,0.0005908278952119872
305,0.01,-9.689775744541834e-09,-0.2351196893435533,0.0,2771,62.77,-1.9099167707812144e-05,-0.07395175779196135,-0.20679777325292792,-0.00022568850115295576,-0.27247650931161865,0.0,0.0,0.0,2028,-0.01976584121197943,-2.04198875632738,0.10020466031207304,-0.10397682390727304,-0.5515093265177607,-0.020481365347237906,0.0,-0.00633432316370198,0.0,0.0,-0.08827328943128537,-1.3418228845649829,-0.09181444318222322,0.0,0.0,0.0,0.056604460928179647,0.0933888,39.00832,-0.4572666714082751,-0.010084070984804485,-162.61068312999998,0.628520576,-0.5,5621760,35.071631109225564,-0.010134548611111039,1.7577835608525374,0.018447034,1216,0.000288793344,-33.96146202087402,0.969995379447937,0.9969366788864136,-0.020240889489650728,0.1739501953125,-0.37709754705429077,0.2,0.0006529775535454973
306,0.01,-9.972495160523939e-09,-0.23158131552688285,0.0,2771,62.26,-1.918490369658148e-05,-0.07398018856476007,-0.20783913044364888,-0.00022394596137044871,-0.27115955029693123,0.0,0.0,0.0,2034,-0.019769242634091223,-2.0272144270144126,0.10955794841657376,-0.10449362560244041,-0.545693948118082,-0.021079243562413967,0.0,-0.006262169825428019,0.0,0.0,-0.09657696727957256,-1.3403944150842506,-0.09045348668412344,0.0,0.0,0.0,0.05574374693057736,0.093696,39.0544,-0.4617726552367825,-0.0105452247484613,-162.09632138999999,0.62844992,-0.5,5640192,38.34528194580082,-0.010177951388888816,2.1005526200379445,0.018139115,1220,0.00028875648,-33.963555335998535,0.9697486758232117,0.9965243339538574,-0.021048085670918225,0.16495361328125,-0.38153037428855896,0.2,0.0006506936537334695
307,0.01,-9.648613489374639e-09,-0.23569984051323623,0.0,2771,62.9,-1.907670167604263e-05,-0.0739765964405432,-0.2053838052729905,-0.00022204772168331593,-0.26840981549119325,0.0,0.0,0.0,2041,-0.020557744008660308,-2.0349914780347045,0.10468486090319004,-0.10264580893628378,-0.549059032884368,-0.022176279217409608,0.0,-0.006147745737724218,0.0,0.0,-0.09350087176879882,-1.333364766098668,-0.091963633249683,0.0,0.0,0.0,0.056400794637040584,0.0940032,39.10048,-0.4554173650214095,-0.01092337103586437,-162.73871229000002,0.628379264,-0.5,5658624,36.639701316116515,-0.009895833333333263,1.9194920643119189,0.018709859,1224,0.000288719616,-33.95717067718506,0.9690017104148865,0.9963997602462769,-0.0204181190172676,0.165283203125,-0.3759532570838928,0.2,0.0006663773092441261
308,0.01,-9.898484907138843e-09,-0.23728734775822824,0.0,2771,62.95,-1.909319466650445e-05,-0.07376093876166487,-0.20656326647041157,-0.00022256503435870404,-0.27621894406881564,0.0,0.0,0.0,2048,-0.020272414964794892,-2.0340196468408056,0.10352894917315247,-0.1046044412790969,-0.5467464870606508,-0.02158146239357762,0.0,-0.006043278795408036,0.0,0.0,-0.09212106164277856,-1.33764964545356,-0.09122181098577661,0.0,5.425345281966858e-06,0.0,0.056837956737962644,0.0943104,39.14656,-0.4583378329276169,-0.011693769076373428,-162.77339081000002,0.628308608,-0.5,5677056,36.23513221060337,-0.009776475694444392,1.8845281860296468,0.017538909,1228,0.000288682752,-33.96253128051758,0.968949556350708,0.9967513084411621,-0.020035129715688528,0.16153564453125,-0.38343870639801025,0.2,0.00065637236693874
309,0.01,-9.887021881805805e-09,-0.23143178326338554,0.0,2772,62.08,-1.890575466170696e-05,-0.07394495010011702,-0.20621660636855443,-0.00022284645774493068,-0.2743335357859327,0.0,0.0,0.0,2054,-0.020007934232890663,-2.0258352378965077,0.1039243970203784,-0.10380796689527254,-0.5407112590902674,-0.021658488136602136,0.0,-0.006256507315677346,0.0,0.0,-0.09938363206478623,-1.3340969544228283,-0.08935930579698759,0.0,3.2552052289247513e-06,0.0,0.05554333078121848,0.0946176,39.19264,-0.4618321967661496,-0.011483265714357711,-161.91915210000002,0.628237952,-0.5,5695488,36.37353895713244,-0.009743923611111054,1.8900508147664976,0.016781515,1232,0.000288645888,-33.96599864959717,0.9730803966522217,0.9968137741088867,-0.020279440900776536,0.15511474609375,-0.379999577999115,0.2,0.0005962013237876818
310,0.01,-9.762365884957455e-09,-0.23547355558595534,0.0,2772,62.3,-1.925815658790253e-05,-0.07397672116021478,-0.2048077271081436,-0.00022678576937715144,-0.2733420367586388,0.0,0.0,0.0,2061,-0.020165250638419147,-2.033560887858836,0.09413681721034478,-0.10522759001345383,-0.5506868874100708,-0.01877263972167307,0.0,-0.006332232601745362,0.0,0.0,-0.08978208599032823,-1.336272548200699,-0.09188551204286219,0.0,1.085065175882644e-06,0.0,0.05581226211522036,0.0949248,39.23872,-0.45766270768249484,-0.01111163023678172,-162.13796367,0.628167296,-0.5,5713920,32.947886023620676,-0.009613715277777731,1.5868138187049698,0.018012885,1236,0.00028860902399999996,-33.963852119445804,0.9686444997787476,0.9967007637023926,-0.02196038725087419,0.177783203125,-0.3795334994792938,0.2,0.0006964031868847087
311,0.01,-1.05180993906288e-08,-0.23331374241483838,0.0,2772,62.35,-1.9496843100813486e-05,-0.07413707924702734,-0.20766445523553884,-0.00022741522680966842,-0.27266575089044465,0.0,0.0,0.0,2067,-0.020474880264625985,-2.027378022277578,0.10026595442520278,-0.10249626822327221,-0.5458224866953081,-0.021276310699228404,0.0,-0.00634707819301961,0.0,0.0,-0.0991581386006301,-1.339418045040024,-0.09059027939918625,0.0,0.0,0.0,0.05567126015815861,0.095232,39.2848,-0.46583605006090717,-0.011474042838219449,-162.18029549000002,0.62809664,-0.5,5732352,35.09308404882097,-0.010036892361111037,1.7741621228547477,0.018685188,1240,0.00028857216,-33.95914573669434,0.9699599742889404,0.996165931224823,-0.02094890975859016,0.1658447265625,-0.38288614153862,0.2,0.0006722996942698956
312,0.01,-1.04916913740427e-08,-0.2384141777265715,0.0,2772,62.79,-1.954758356815707e-05,-0.07420223048493939,-0.20477628360501335,-0.00022909544114579788,-0.2727798726177979,0.0,0.0,0.0,2074,-0.02184260946434828,-2.0473022643365173,0.09639698167317046,-0.10519424844125853,-0.5532034072795988,-0.02520882825725522,0.0,-0.006312789160876468,0.0,0.0,-0.10130786983801572,-1.3366724729843782,-0.09283381571295427,0.0,0.0,0.0,0.05675191485489438,0.0955392,39.33088,-0.45866905482481113,-0.011204945872628337,-162.6215047,0.628025984,-0.5,5750784,33.73894358560966,-0.009754774305555505,1.642684632082425,0.018189816,1244,0.000288535296,-33.950073432922366,0.9692825078964233,0.9959689974784851,-0.021340349817182868,0.1725341796875,-0.37572842836380005,0.2,0.0006832687417045235
313,0.01,-1.0474102463880834e-08,-0.23772533345334784,0.0,2772,62.71,-1.953510047980857e-05,-0.07409440496121754,-0.20449646719966533,-0.00022890682195222603,-0.2828758530963785,0.0,0.0,0.0,2080,-0.021734956059969848,-2.055130284050664,0.10209470125477998,-0.10797327859208274,-0.5599871355114375,-0.02285214859813684,0.0,-0.006403657440972468,0.0,0.0,-0.09552792122260921,-1.337577050282215,-0.09264398549718926,0.0,8.68055051089161e-06,0.0,0.057101591018216435,0.0958464,39.37696,-0.45397265398595177,-0.010892446573254548,-162.55466479000003,0.627955328,-0.5,5769216,35.73314543917299,-0.010525173611111013,1.840304591964905,0.019403616,1248,0.000288498432,-33.95295600891113,0.9729852080345154,0.996383547782898,-0.020937878906261177,0.17186279296875,-0.3808025121688843,0.2,0.000587774597806856
314,0.01,-1.0663322832216474e-08,-0.23533863120433887,0.0,2772,61.59,-1.958677130701158e-05,-0.07439267378617476,-0.20568128988472567,-0.00023174443357184486,-0.2721080022401175,0.0,0.0,0.0,2087,-0.022310558184209104,-2.0391259844730936,0.10230748901793638,-0.1031501759804373,-0.5505534364226579,-0.024814171874017035,0.0,-0.006515717438657687,0.0,0.0,-0.10627322260359648,-1.3416303260518785,-0.09193310414351236,0.0,0.0,0.0,0.05622245017948846,0.0961536,39.42304,-0.45616102702925887,-0.011437150754823556,-161.42425709,0.627884672,-0.5,5787648,35.80762115627773,-0.009472656249999961,1.8382208854744235,0.017393494,1252,0.000288461568,-33.95698642730713,0.975513219833374,0.9963590502738953,-0.01954164281487465,0.1654541015625,-0.372587651014328,0.2,0.0005137834552442655
315,0.01,-1.0702414819670655e-08,-0.2406107650305928,0.0,2772,62.13,-1.9796289793275522e-05,-0.07439246971673101,-0.2051247087813861,-0.00023387575027216374,-0.2774102004095785,0.0,0.0,0.0,2094,-0.023153461000248263,-2.0595057387772826,0.09946911506481923,-0.1058240834256326,-0.5582234856624572,-0.023266945320781517,0.0,-0.006495736808641441,0.0,0.0,-0.11273408529971363,-1.338450629256454,-0.09343992620218648,0.0,0.0,0.0,0.057061151156178075,0.0964608,39.469120000000004,-0.46153794654765473,-0.012821154382739527,-161.97365859000004,0.627814016,-0.5,5806080,34.81419027268673,-0.00979817708333328,1.7321023322901374,0.018887334,1256,0.00028842470399999997,-33.951724243164065,0.9730713367462158,0.9961376190185547,-0.020784621499478816,0.16904296875,-0.3758329749107361,0.2,0.0005801727063953876
316,0.01,-1.1070190537729128e-08,-0.2386790330012446,0.0,2772,62.36,-1.9906216972237895e-05,-0.07464570499620167,-0.20497310146175246,-0.00023144592143339512,-0.27576259278289733,0.0,0.0,0.0,2100,-0.023049614368590116,-2.0569502129043453,0.10159604698293329,-0.10386138933581332,-0.5561607158425873,-0.026342239727300522,0.0,-0.006480673660511825,0.0,0.0,-0.1061269073002003,-1.3332973709642135,-0.09300367621193027,0.0,1.085065175882644e-06,0.0,0.056459370161858285,0.096768,39.5152,-0.4574142174881069,-0.011773521628735276,-162.19245582000002,0.62774336,-0.5,5824512,35.55861644402665,-0.009733072916666613,1.8324417669950948,0.017168628,1260,0.00028838784,-33.94887161254883,0.9765623211860657,0.9958047270774841,-0.01902321702800691,0.1576416015625,-0.3741690516471863,0.2,0.0005094970765640028
317,0.01,-1.0174712359570968e-08,-0.23544014909140396,0.0,2772,61.84,-1.9658086712694388e-05,-0.07446728763626238,-0.20496397720547233,-0.00023238364368157976,-0.2744994893064036,0.0,0.0,0.0,2107,-0.021767182763230433,-2.035883174312332,0.10046085727522377,-0.10383877201962771,-0.5520750464633617,-0.0231782381837694,0.0,-0.006542551858674401,0.0,0.0,-0.10827104025869297,-1.3298553879041337,-0.09190986483745045,0.0,0.0,0.0,0.05617185078240515,0.0970752,39.56128,-0.45898586192069984,-0.012006811139548922,-161.67096189,0.627672704,-0.5,5842944,35.16130004632832,-0.009960937499999937,1.7699227041812235,0.018221024,1264,0.000288350976,-33.94278450012207,0.9719805121421814,0.9957269430160522,-0.01957600940950215,0.15693359375,-0.3791453540325165,0.2,0.0006159365701023489
318,0.01,-9.977180336954327e-09,-0.23336257930780568,0.0,2772,62.99,-2.006460109519073e-05,-0.07439841727199901,-0.2028690878920719,-0.00023555388929115387,-0.2794420634704039,0.0,0.0,0.0,2113,-0.023011319995392285,-2.034540716586047,0.10399030462091621,-0.10439997062495979,-0.548648594176584,-0.027759770694261887,0.0,-0.006531004897724562,0.0,0.0,-0.1131412021202016,-1.3327301478497995,-0.09108771821438363,0.0,0.0,0.0,0.055777750844156655,0.0973824,39.60736,-0.46714037452335155,-0.01263615014775294,-162.81875641,0.627602048,-0.5,5861376,36.39660661732067,-0.009548611111111067,1.9021909866848954,0.019217554,1268,0.000288314112,-33.938147735595706,0.9724865555763245,0.9956029653549194,-0.020978942723013462,0.17230224609375,-0.3802868723869324,0.2,0.0006268064491450787
319,0.01,-1.093090806305608e-08,-0.2348964907870309,0.0,2772,62.86,-2.0116954532107525e-05,-0.07465187417998756,-0.20432886545796586,-0.00023641716675663695,-0.27310780845537064,0.0,0.0,0.0,2120,-0.02186549754458668,-2.048740243678951,0.09633351876350624,-0.10316311000393392,-0.5596835271686149,-0.02527401060115402,0.0,-0.006637319782192283,0.0,0.0,-0.10915841730275279,-1.3324886009348311,-0.09224493391758595,0.0,0.0,0.0,0.056576304442502785,0.0976896,39.65344,-0.45363093453632497,-0.011549454871177053,-162.69121166999997,0.627531392,-0.5,5879808,33.716731567227185,-0.009874131944444399,1.7340816888449784,0.017989988,1272,0.000288277248,-33.92963695526123,0.9769988656044006,0.995029091835022,-0.02089034703094512,0.15816650390625,-0.3802795112133026,0.2,0.0005119264606037177
320,0.01,-1.082934328053812e-08,-0.23544101477941293,0.0,2772,62.32,-2.0325241117441052e-05,-0.07464175378449542,-0.20485955967033032,-0.00023858752805487257,-0.27511075809608615,0.0,0.0,0.0,2127,-0.023188925177875682,-2.0451056157532905,0.10094993569613392,-0.10478181643519026,-0.557772704688491,-0.02815836380823604,0.0,-0.0067022072177966505,0.0,0.0,-0.10660757163890204,-1.3380591432431195,-0.09248146980156467,0.0,0.0,0.0,0.056712314732027744,0.0979968,39.69952,-0.4582693517428549,-0.010910350051643845,-162.16045203,0.627460736,-0.5,5898240,35.33247749364687,-0.010308159722222147,1.798928707807134,0.016103376,1276,0.000288240384,-33.92154808044434,0.9748749136924744,0.9948111772537231,-0.019249737029895186,0.15682373046875,-0.3759017586708069,0.2,0.0005539121106266975
321,0.01,-1.1038466880796085e-08,-0.233334011048835,0.0,2772,61.34,-2.022835206814914e-05,-0.07445208163876782,-0.20445318540413002,-0.00023500895866840913,-0.2730931992258168,0.0,0.0,0.0,2133,-0.02343938384267328,-2.0377080461046067,0.10109907889091163,-0.1044724811133691,-0.549376799549695,-0.028274779815607838,0.0,-0.00665297559575699,0.0,0.0,-0.10527937185066992,-1.3306309439568693,-0.09134041419350511,0.0,0.0,0.0,0.05575931400509382,0.098304,39.745599999999996,-0.4592751041152357,-0.011331899073815698,-161.17548701999996,0.6273900800000001,-0.5,5916672,35.38467761181907,-0.009667968749999941,1.7893978004805347,0.018447338,1280,0.00028820352,-33.92312793731689,0.9727987051010132,0.9950073957443237,-0.02076453196350485,0.1697998046875,-0.37744349241256714,0.2,0.0005938226211583241
322,0.01,-1.0764774882031483e-08,-0.23058209013809305,0.0,2772,61.27,-2.0481469670803408e-05,-0.0748501963627333,-0.2028605542996759,-0.00023700045009464308,-0.27486848370563305,0.0,0.0,0.0,2140,-0.022873890187023363,-2.0269002297746503,0.10199011561874047,-0.10343132635369764,-0.546018694857366,-0.028820785707657268,0.0,-0.006675621783819714,0.0,0.0,-0.114757081251599,-1.333973484462586,-0.0901141136569811,0.0,0.0,0.0,0.05573713125060997,0.0986112,39.79168,-0.46447940488359574,-0.012052926377186345,-161.10628927,0.6273194240000001,-0.5,5935104,35.69654046655916,-0.010026041666666603,1.82418348238292,0.018666083,1284,0.000288166656,-33.92405319213867,0.969132125377655,0.9950889348983765,-0.020993503252975644,0.17237548828125,-0.38031187653541565,0.2,0.0007007566367974505
323,0.01,-1.0361495821860958e-08,-0.23697560788888883,0.0,2773,62.03,-2.052040820907387e-05,-0.07496711433283994,-0.20247799784835205,-0.00024330229010390963,-0.2792526474620409,0.0,0.0,0.0,2146,-0.024031847264016658,-2.0584153079225933,0.09758179322390922,-0.10590074541251902,-0.5591910765988519,-0.031132214286943096,0.0,-0.0069092770723800335,0.0,0.0,-0.12715081461338626,-1.3316998673418299,-0.09310050376394245,0.0,0.0,0.0,0.05638252274478279,0.0989184,39.83776,-0.4621154700951162,-0.01226234430537766,-161.84252659,0.6272487680000001,-0.5,5953536,34.15362762836823,-0.009950086805555465,1.6681444388519924,0.020339826,1288,0.00028812979199999996,-33.92882652282715,0.9682766795158386,0.9953143000602722,-0.022044037008890884,0.18035888671875,-0.3798351287841797,0.2,0.0007088066777214408
324,0.01,-1.0444661402590174e-08,-0.2360099255517757,0.0,2773,62.62,-2.0916223699124495e-05,-0.07497805403169734,-0.20034448683303047,-0.0002493671737559334,-0.2749894318391146,0.0,0.0,0.0,2153,-0.024201422131032373,-2.0516717438013568,0.09919914658586065,-0.10461017411173795,-0.5589119780636842,-0.028123475888516696,0.0,-0.007032516998107339,0.0,0.0,-0.12887201175905927,-1.330082315353927,-0.09302834652969866,0.0,0.0,0.0,0.05681995083446193,0.0992256,39.88384,-0.46462476681310805,-0.012823324592318386,-162.43657603000003,0.6271781120000001,-0.5,5971968,34.71970130505123,-0.009711371527777712,1.7233386046435544,0.018303556,1292,0.00028809292799999997,-33.930834007263186,0.9739456176757812,0.9953120946884155,-0.02027632319368422,0.16650390625,-0.3755508363246918,0.2,0.0005747201619669795
325,0.01,-1.0633301450682235e-08,-0.23438999201367108,0.0,2773,63.09,-2.0576787268089564e-05,-0.07526810517149046,-0.20551836715893954,-0.0002491157995473151,-0.2786782231577008,0.0,0.0,0.0,2160,-0.023262222470208597,-2.0529834011138504,0.11377187352852425,-0.1054935181142707,-0.5588190405336569,-0.02702967319879457,0.0,-0.007134876430432985,0.0,0.0,-0.13180597944680025,-1.335559089153189,-0.09209441940329297,0.0,0.0,0.0,0.05661188820786452,0.0995328,39.92992,-0.46379790906674234,-0.013696803931250341,-162.92271068999997,0.6271074560000001,-0.5,5990400,39.82015573498349,-0.009700520833333271,2.2677364111853135,0.01871118,1296,0.000288056064,-33.92691516876221,0.9741283059120178,0.995210587978363,-0.020097159314900637,0.176513671875,-0.37724313139915466,0.2,0.0005645962097332813
326,0.01,-1.1198113065988694e-08,-0.23375434410123447,0.0,2771,62.52,-2.0966023477013857e-05,-0.07533968607745094,-0.20421793334098726,-0.00024603690747050167,-0.2736231040992425,0.0,0.0,0.0,2167,-0.02382002539737645,-2.035690144094421,0.0979251683923259,-0.10628274620616468,-0.5499289277072266,-0.025601202993007957,0.0,-0.007006487384504499,0.0,0.0,-0.11449303860057577,-1.3334909461814277,-0.09116390214600947,0.0,0.0,0.0,0.05524372946051681,0.09984,39.976,-0.4664652130573333,-0.012366510762755448,-162.35339337,0.6270368000000001,-0.5,6008832,34.273808937314065,-0.010123697916666589,1.6788677775393754,0.018017977,1300,0.0002880192,-33.92975292205811,0.9717889428138733,0.9951308965682983,-0.01820834962418303,0.17760009765625,-0.373904287815094,0.2,0.000616095753503032
327,0.01,-1.092062059532365e-08,-0.23841746512628634,0.0,2771,63.3,-2.131216953604323e-05,-0.07525136017058337,-0.20248952719113963,-0.00025311376307874246,-0.28069712042251466,0.0,0.0,0.0,2174,-0.025593050982126074,-2.0644634191534275,0.1010110836097789,-0.10499647198481966,-0.5631996329220623,-0.0314792318098943,0.0,-0.0072321505900609095,0.0,0.0,-0.12141302458520416,-1.3262018474392558,-0.09360231967699609,0.0,0.0,0.0,0.056521833094007636,0.1001472,40.02208,-0.4596471920809637,-0.012490751213691611,-163.12117108,0.6269661440000001,-0.5,6027264,35.35387926342261,-0.009559461805555489,1.7886520298295248,0.01814975,1304,0.000287982336,-33.93177394866943,0.971371054649353,0.9955262541770935,-0.019391865096986295,0.17386474609375,-0.37521108984947205,0.2,0.0006305620248895138
328,0.01,-1.1044609577083388e-08,-0.23600474681345973,0.0,2771,62.67,-2.1329243956770704e-05,-0.07547134657517943,-0.19966939940554246,-0.0002535404986737317,-0.27639037078764833,0.0,0.0,0.0,2181,-0.025135789965220298,-2.060995023056513,0.09981878051622775,-0.10639771836715481,-0.5590587455705854,-0.03287682506886149,0.0,-0.007235882644976673,0.0,0.0,-0.12778976262509942,-1.3341917839380615,-0.09232938787815144,0.0,7.595485335008965e-06,0.0,0.056781812677402836,0.1004544,40.06816,-0.46096408316109727,-0.01242781721359481,-162.50175278999998,0.6268954880000001,-0.5,6045696,34.936573180679716,-0.009906684027777717,1.744507038957511,0.018555531,1308,0.00028794547199999997,-33.93367443084717,0.9750262498855591,0.9951359629631042,-0.018883195612579583,0.158544921875,-0.37473195791244507,0.2,0.0005584965634625405
329,0.01,-1.0797074636573964e-08,-0.23573171932825307,0.0,2772,62.98,-2.1388342772312012e-05,-0.075515370753007,-0.20139093233793737,-0.0002553473990649555,-0.2732582495140495,0.0,0.0,0.0,2187,-0.026824360865096975,-2.0511162622382852,0.10451708832419279,-0.10434609266470878,-0.5557564406747927,-0.03768013653372122,0.0,-0.007282858109064164,0.0,0.0,-0.1302449928664546,-1.3304407220332064,-0.09216726514031329,0.0,0.0,0.0,0.056187288708668626,0.1007616,40.11424,-0.4671074678355052,-0.012525473237878436,-162.80215220999997,0.626824832,-0.5,6064128,36.58098091346748,-0.009711371527777714,1.9264171594872446,0.017302878,1312,0.000287908608,-33.92307472229004,0.9717037677764893,0.994799017906189,-0.019620225951075553,0.15615234375,-0.374919056892395,0.2,0.0006475417292676866
330,0.01,-1.093251112802174e-08,-0.2344054368623,0.0,2772,63.01,-2.1359607796451986e-05,-0.07564482672157853,-0.2024868613813855,-0.00025455643956136996,-0.27880432305385566,0.0,0.0,0.0,2194,-0.026118694947627367,-2.054684344707204,0.10605099871580542,-0.10406723216577264,-0.554152952416155,-0.03413309390743188,0.0,-0.007197036585888755,0.0,0.0,-0.12478226058306019,-1.3298141838902728,-0.09194586140103714,0.0,1.085065175882644e-06,0.0,0.056597250461149225,0.1010688,40.16032,-0.4662557585116312,-0.01229326876960436,-162.84270938,0.626754176,-0.5,6082560,37.1178495505319,-0.009852430555555488,1.970753537673939,0.019138968,1316,0.000287871744,-33.92339668273926,0.9726158380508423,0.9950612783432007,-0.01956123925046995,0.17838134765625,-0.376184344291687,0.2,0.0006040468229912222
331,0.01,-1.1008986322422698e-08,-0.2351926704749093,0.0,2772,62.54,-2.144950969597682e-05,-0.07532023144037456,-0.20300832545731778,-0.0002548388453207192,-0.2747007724859729,0.0,0.0,0.0,2200,-0.025119206677386985,-2.0549552557863784,0.09517799051775341,-0.10502258502812169,-0.5624405306022009,-0.03236491610067106,0.0,-0.007254272283953376,0.0,0.0,-0.11632257312038045,-1.3312077599001055,-0.09228959238292661,0.0,3.2552052289247513e-06,0.0,0.056644080342918506,0.101376,40.2064,-0.46492186255306867,-0.01252167553078228,-162.37039035,0.62668352,-0.5,6100992,33.312296681213695,-0.010156249999999915,1.687513911665588,0.017931614,1320,0.00028783488,-33.923313522338866,0.9743296504020691,0.9950420260429382,-0.019814795709680765,0.16739501953125,-0.38151636719703674,0.2,0.0005703593662474305
332,0.01,-1.069448638065048e-08,-0.2355729967509597,0.0,2772,63.16,-2.1418798675713595e-05,-0.07550762742490473,-0.20099119904364093,-0.00025676713172235566,-0.27703393341863936,0.0,0.0,0.0,2207,-0.02510548361062361,-2.0579664284695354,0.09833409727868367,-0.1044993861389957,-0.5561788390316404,-0.02944177177252521,0.0,-0.0073283318922265596,0.0,0.0,-0.12751561867853453,-1.3349812641997212,-0.09234718183335869,0.0,0.0,0.0,0.05630940232441829,0.1016832,40.25248,-0.46656882731476557,-0.012349692310736928,-162.97316328000002,0.626612864,-0.5,6119424,34.416934047539286,-0.00966796874999994,1.7050206644132502,0.016873492,1324,0.00028779801599999996,-33.92301578521729,0.973484456539154,0.994992733001709,-0.0173527626786381,0.15736083984375,-0.37189945578575134,0.2,0.0005864813836524263
333,0.01,-1.080851196799518e-08,-0.23505584877991936,0.0,2772,62.97,-2.169743270076192e-05,-0.07544914757890835,-0.20013441104549354,-0.00025963866184276687,-0.2754734408800268,0.0,0.0,0.0,2213,-0.025990329027082697,-2.0581162274089113,0.0997008356264536,-0.10334776074629491,-0.5606631127766054,-0.03022482035934036,0.0,-0.007401226727326386,0.0,0.0,-0.13362197519694113,-1.3379963684775342,-0.09271369336581897,0.0,0.0,0.0,0.05600587341687735,0.1019904,40.298559999999995,-0.4669232297768344,-0.012754422806513807,-162.79756879999996,0.626542208,-0.5,6137856,34.89529246925876,-0.00998263888888881,1.7794119998648226,0.018279877,1328,0.000287761152,-33.918032836914065,0.9724615216255188,0.9948043823242188,-0.019589524937327952,0.16756591796875,-0.37441369891166687,0.2,0.0006154515547677874
334,0.01,-1.0714878537907e-08,-0.23220434367445517,0.0,2772,62.42,-2.1694690128580327e-05,-0.07580882278475598,-0.20104834669963448,-0.0002655413278209325,-0.2760008943657185,0.0,0.0,0.0,2220,-0.0256277011959945,-2.053134583828656,0.09641648775941677,-0.10383424592386264,-0.5569988101094658,-0.03137660088798628,0.0,-0.007588835020238684,0.0,0.0,-0.14126511594900693,-1.3314260112642173,-0.09194942062874231,0.0,0.0,0.0,0.055926651608797985,0.1022976,40.34464,-0.4639617276325253,-0.011976971607913988,-162.257481,0.626471552,-0.5,6156288,33.74577071579587,-0.010004340277777702,1.6462054641373691,0.017909538,1332,0.000287724288,-33.921742820739745,0.9750797748565674,0.9948310852050781,-0.020336231705732642,0.1703125,-0.38026827573776245,0.2,0.0005579049175139517
335,0.01,-1.0901329984271153e-08,-0.23410365302895908,0.0,2772,62.89,-2.2143431130360045e-05,-0.07594230526119392,-0.20180434804963931,-0.00026310306662813117,-0.27578378440237983,0.0,0.0,0.0,2227,-0.025811640492714047,-2.0489093146500537,0.10342640092015243,-0.10386039859447002,-0.5566344923622184,-0.03384769574663024,0.0,-0.007420309805980994,0.0,0.0,-0.12818435604028305,-1.3441383526984512,-0.09233114805338839,0.0,0.0,0.0,0.05643322431185481,0.1026048,40.39072,-0.46614777002872576,-0.012547174910044609,-162.73117491000002,0.626400896,-0.5,6174720,36.19924032205335,-0.010015190972222154,1.872057083109034,0.018506408,1336,0.000287687424,-33.922616958618164,0.9705255627632141,0.9950755834579468,-0.019975652848370374,0.172216796875,-0.3727762997150421,0.2,0.00065558431961108
336,0.01,-1.0945012443161504e-08,-0.23446779336257778,0.0,2772,61.68,-2.2038481324799612e-05,-0.0759689041571811,-0.2003339111080598,-0.00026250959371171794,-0.2726398353482715,0.0,0.0,0.0,2233,-0.026552493868888825,-2.056510163403052,0.10167858243169,-0.10256965173915028,-0.5566586657593965,-0.035260484427272046,0.0,-0.007446767039146093,0.0,0.0,-0.13194237268083348,-1.338265191372415,-0.0923217713426004,0.0,0.0,0.0,0.05637519897864215,0.102912,40.4368,-0.4656101549011432,-0.012563993190673904,-161.50003746,0.62633024,-0.5,6193152,35.587503851091505,-0.009884982638888824,1.8378879948427724,0.018576507,1340,0.00028765056,-33.921773529052736,0.9734079837799072,0.9949417114257812,-0.020218255696818233,0.16883544921875,-0.3765680193901062,0.2,0.000593034565099515
337,0.01,-1.1218232611624084e-08,-0.23734050342868793,0.0,2772,63.37,-2.1919432686059387e-05,-0.07609584502686614,-0.20198238186583606,-0.0002673174230837252,-0.2822044013963545,0.0,0.0,0.0,2240,-0.026703630711082556,-2.0769024621068146,0.10233483694728432,-0.10471932085680008,-0.5715173545332295,-0.03385044139228396,0.0,-0.007656540402799412,0.0,0.0,-0.13723498985004615,-1.3357722931642875,-0.09437245293341655,0.0,0.0,0.0,0.05723522865779015,0.1032192,40.48288,-0.4627169523307664,-0.012492921285835715,-163.174131,0.626259584,-0.5,6211584,35.81719293154951,-0.009895833333333263,1.8357241920594145,0.018894011,1344,0.00028761369599999997,-33.9181324005127,0.9716165065765381,0.9947303533554077,-0.020875874487683178,0.17978515625,-0.378358393907547,0.2,0.0006516827241284772
338,0.01,-1.086711128120239e-08,-0.23671410742842408,0.0,2772,62.3,-2.240720434700744e-05,-0.07616855455541989,-0.19991652506667262,-0.00027136149156633144,-0.28082741141547907,0.0,0.0,0.0,2246,-0.026270066988684074,-2.0671264828226814,0.09921129699355061,-0.10476719307309032,-0.5643487364050929,-0.03458415657260602,0.0,-0.0077656317558472705,0.0,0.0,-0.13281634110830928,-1.3378798752523329,-0.0935964005044279,0.0,0.0,0.0,0.05687750127708329,0.1035264,40.52896,-0.46808242663930866,-0.012587322106507296,-162.11682562,0.626188928,-0.5,6230016,34.723953947742714,-0.009798177083333267,1.7269849563509028,0.017716903,1348,0.000287576832,-33.91699028015137,0.9775644540786743,0.9947179555892944,-0.017717065406031907,0.16226806640625,-0.3759016692638397,0.2,0.0004982747181202285
339,0.01,-1.1229676111873185e-08,-0.23681735684585092,0.0,2772,62.8,-2.2206457396819913e-05,-0.07630594563921814,-0.19949360675529768,-0.0002709093923782885,-0.2812027929453209,0.0,0.0,0.0,2253,-0.026360110806297413,-2.0622473814092013,0.10281277169802089,-0.10461913054081774,-0.5626129756621916,-0.02973058918421622,0.0,-0.00771254678649606,0.0,0.0,-0.13512501829995874,-1.3336082147943609,-0.09377666750883552,0.0,1.085065175882644e-06,0.0,0.05641965592677124,0.1038336,40.57504,-0.46659998524379315,-0.01396156037096969,-162.61445382,0.626118272,-0.5,6248448,35.98447009430731,-0.009450954861111067,1.8546036330735558,0.018770084,1352,0.000287539968,-33.92303276062012,0.9738672971725464,0.9950631856918335,-0.019379998894874007,0.16390380859375,-0.3762609660625458,0.2,0.0005878307565581053
340,0.01,-1.0896090674203507e-08,-0.23215473963969047,0.0,2773,62.97,-2.2582723753687415e-05,-0.07604221355247814,-0.19991091876654604,-0.00027472289445762806,-0.27939892308204883,0.0,0.0,0.0,2259,-0.027279866340072963,-2.0486453854461177,0.10051329353490748,-0.10481440217498314,-0.5587119141618022,-0.035423054601518206,0.0,-0.007882727430441763,0.0,0.0,-0.13045797288438662,-1.3405269090878145,-0.09296681964345654,0.0,1.085065175882644e-06,0.0,0.05531326220375854,0.1041408,40.621120000000005,-0.46721601249653144,-0.012531441390617855,-162.78790736000002,0.626047616,-0.5,6266880,35.179652737217616,-0.010123697916666587,1.768083643848841,0.01866125,1356,0.000287503104,-33.92425403594971,0.9724569916725159,0.9949321150779724,-0.019457231240812688,0.16334228515625,-0.3763105273246765,0.2,0.000632204397697933
341,0.01,-1.1500978436390618e-08,-0.23124865031272876,0.0,2773,62.88,-2.2612832201397424e-05,-0.0763055605139349,-0.20054030290783278,-0.0002716581712521309,-0.2764705673836483,0.0,0.0,0.0,2266,-0.027546056465026045,-2.045537998534924,0.09594168463034855,-0.10484286087670967,-0.5587599503692894,-0.036581395659231006,0.0,-0.00783939221874634,0.0,0.0,-0.12701344062827227,-1.3505762513542765,-0.09189528487389896,0.0,0.0,0.0,0.05535617551873601,0.104448,40.6672,-0.4692540316042531,-0.01293128878751304,-162.69934075,0.62597696,-0.5,6285312,33.579589620621995,-0.009917534722222149,1.6247164227210873,0.01944541,1360,0.00028746624,-33.92212352752686,0.9727894067764282,0.9949860572814941,-0.020412251306697726,0.18101806640625,-0.37894898653030396,0.2,0.0006142807396827266
342,0.01,-1.1459356362463824e-08,-0.23415820202271329,0.0,2773,63.39,-2.270764270905254e-05,-0.07653414454977765,-0.19949957598740564,-0.0002772817470500487,-0.2795542909337656,0.0,0.0,0.0,2273,-0.02824267140526504,-2.0602318338800014,0.09786551674012756,-0.10509501258541115,-0.563288847129367,-0.03648765791694378,0.0,-0.00801787220232807,0.0,0.0,-0.13024868912982607,-1.3345692617205385,-0.09382725862011392,0.0,0.0,0.0,0.056090966823569795,0.1047552,40.71328,-0.46876021520647065,-0.011822892066750986,-163.19203051,0.625906304,-0.5,6303744,34.252930859044646,-0.009917534722222154,1.6788136647698435,0.018627247,1364,0.000287429376,-33.92175216674805,0.9698572158813477,0.9948199987411499,-0.01706890797941014,0.16854248046875,-0.3728768825531006,0.2,0.0007068379316478967
343,0.01,-1.1155633507416531e-08,-0.2348152422269557,0.0,2773,62.13,-2.269298275923594e-05,-0.07634055582365884,-0.20055344176650713,-0.00027795572803833023,-0.27967298411988073,0.0,0.0,0.0,2279,-0.028535490404502546,-2.0667770866292696,0.10466994049837605,-0.10392318991620444,-0.5642796199834536,-0.037445190485653555,0.0,-0.007944431069599302,0.0,0.0,-0.12596664422082018,-1.3386335424337994,-0.09361944121704294,0.0,0.0,0.0,0.05683834484926394,0.1050624,40.75936,-0.4657810001346215,-0.01212725369583091,-161.93656108999997,0.625835648,-0.5,6322176,36.63447917443162,-0.010091145833333266,1.9446097824939501,0.017216254,1368,0.000287392512,-33.920298194885255,0.9719090461730957,0.9948541522026062,-0.01887557269074023,0.16890869140625,-0.3739067614078522,0.2,0.0006581664609257131
344,0.01,-1.1567024929278202e-08,-0.23136290752940317,0.0,2773,62.83,-2.3103572583807976e-05,-0.07675883870918404,-0.20166846590073978,-0.00027766959598422435,-0.2786458758236732,0.0,0.0,0.0,2286,-0.029064454947537996,-2.0439903988143886,0.10155019999668011,-0.10541692145407203,-0.5526400706256122,-0.04232626928071811,0.0,-0.007852931000374408,0.0,0.0,-0.14619691317600014,-1.3382298641433084,-0.09158259812942895,0.0,0.0,0.0,0.054997136573334666,0.1053696,40.80544,-0.47370586769146406,-0.01372718583055151,-162.63030744,0.625764992,-0.5,6340608,35.54256999883804,-0.00989583333333326,1.8047020385899188,0.020233175,1372,0.000287355648,-33.92849254608154,0.9717503786087036,0.9953687191009521,-0.019559326209127904,0.17008056640625,-0.3770453631877899,0.2,0.0006576021056389436
345,0.01,-1.1391580794620114e-08,-0.23068263895874525,0.0,2773,62.98,-2.2871262891687716e-05,-0.07640338452485847,-0.20045279798835763,-0.0002749488302356732,-0.2748072402503901,0.0,0.0,0.0,2292,-0.029169627798265048,-2.045626310534615,0.09952946844569233,-0.10379802982735646,-0.5546589177594498,-0.04216854730760519,0.0,-0.007806194833041289,0.0,0.0,-0.13299100160941155,-1.3331523657311315,-0.09181492635725867,0.0,0.0,0.0,0.055472011848543376,0.1056768,40.85152,-0.47060485825596415,-0.013238362723819187,-162.78555961,0.625694336,-0.5,6359040,34.83531395599231,-0.010134548611111018,1.7428025160124876,0.018680125,1376,0.00028731878399999996,-33.92906227111816,0.9704939723014832,0.9950785636901855,-0.018541881523560733,0.16475830078125,-0.3772391676902771,0.2,0.0006983099272474646
346,0.01,-1.116136740170147e-08,-0.2287391244053364,0.0,2773,63.53,-2.325242876521754e-05,-0.07610218164622723,-0.2009046715626939,-0.00027926125398976503,-0.27957647731387664,0.0,0.0,0.0,2299,-0.030621905270001526,-2.0450944178022596,0.09673842184676493,-0.10271904239754528,-0.5554572372165122,-0.04935347278446374,0.0,-0.0078227097401287,0.0,0.0,-0.13431032853518207,-1.3394123346481697,-0.09133151665530465,0.0,0.0,0.0,0.055806755127334434,0.105984,40.8976,-0.4695590666896132,-0.013286648290684551,-163.35595929999997,0.62562368,-0.5,6377472,33.85844764636772,-0.00997178819444437,1.6571545170611115,0.019539714,1380,0.00028728191999999997,-33.926066398620605,0.9712572693824768,0.9951402544975281,-0.018949115241412073,0.1850830078125,-0.37712427973747253,0.2,0.0006789083010517061
347,0.01,-1.1358114120264682e-08,-0.2381034943584482,0.0,2773,62.28,-2.312308869067805e-05,-0.0764962879899955,-0.19849066572556212,-0.00027969823261742255,-0.2783524178688348,0.0,0.0,0.0,2305,-0.03172390474177051,-2.074696753547232,0.10441024067846061,-0.10393975091377375,-0.5683335324170278,-0.04916555927050205,0.0,-0.007923098275103615,0.0,0.0,-0.13114370206882253,-1.343948327806862,-0.0949075470458418,0.0,3.2552052289247513e-06,0.0,0.057175215063892657,0.1062912,40.94368,-0.46432546067649444,-0.012554770146380179,-162.09314028000003,0.625553024,-0.5,6395904,36.54358423746121,-0.010015190972222152,1.907772445751358,0.017478487,1384,0.000287245056,-33.92903289794922,0.9758257269859314,0.9953715801239014,-0.019992204289883374,0.1599853515625,-0.3784584701061249,0.2,0.0005762745844549499
348,0.01,-1.1434365281453147e-08,-0.23551015489012764,0.0,2773,62.81,-2.3584977572787622e-05,-0.0766205482077954,-0.19850376987676804,-0.00027962337775175273,-0.2747696356119448,0.0,0.0,0.0,2312,-0.030564125092955235,-2.0605723670950913,0.10084103322093116,-0.1040445197072636,-0.5640723666136366,-0.04536405970119819,0.0,-0.007883934011858093,0.0,0.0,-0.12785503885646024,-1.3358736819803851,-0.09461016496024553,0.0,0.0,0.0,0.056265808265533575,0.1065984,40.98976,-0.4637449058246364,-0.012099584252508875,-162.61679834999998,0.625482368,-0.5,6414336,35.294361627325905,-0.010156249999999926,1.7937559601724196,0.019104712,1388,0.000287208192,-33.92551460266113,0.9738715291023254,0.9950182437896729,-0.018727358733303844,0.171337890625,-0.3731079399585724,0.2,0.0006236371817067265
349,0.01,-1.087236859490539e-08,-0.23500040933249014,0.0,2773,63.67,-2.349570281049963e-05,-0.07683629751446411,-0.19976882027203902,-0.00028120108504380107,-0.27627718995620654,0.0,0.0,0.0,2319,-0.02985367348655471,-2.056334981497686,0.10539822893208886,-0.10659653572829723,-0.5618877302184037,-0.044136002931127113,0.0,-0.00795334146847327,0.0,0.0,-0.13538345702796847,-1.3357148638666154,-0.09404494806062072,0.0,0.0,0.0,0.05579943830462256,0.1069056,41.03584,-0.4708137964935625,-0.013374539205364676,-163.47454465,0.625411712,-0.5,6432768,36.8893801262311,-0.010253906249999912,1.944974721615426,0.01871631,1392,0.000287171328,-33.9280122756958,0.9725422859191895,0.9955365061759949,-0.020569762354716657,0.17545166015625,-0.3784359097480774,0.2,0.0006541505921632051
350,0.01,-1.1517072079014777e-08,-0.2307216568311621,0.0,2773,62.65,-2.3604213906025572e-05,-0.07680328338920629,-0.20001923184275572,-0.00028277753008592926,-0.2726742810503222,0.0,0.0,0.0,2325,-0.031010686601159396,-2.0419492234814474,0.09609972362680819,-0.10427219897167869,-0.5574417400081515,-0.05070924364088824,0.0,-0.007947022049717742,0.0,0.0,-0.13198159165208323,-1.340581173878793,-0.09272711689994288,0.0,0.0,0.0,0.05551184774806079,0.1072128,41.08192,-0.4719502996985622,-0.012693116286148628,-162.46732614,0.625341056,-0.5,6451200,33.63490326938287,-0.010427517361111012,1.6656791034780256,0.017356383,1396,0.00028713446399999997,-33.93551387786865,0.9759045243263245,0.9954651594161987,-0.017997392930556088,0.15709228515625,-0.3719252049922943,0.2,0.000557682808721438
351,0.01,-1.216565246878339e-08,-0.23268886293925714,0.0,2773,62.73,-2.363037562924403e-05,-0.07661184736998368,-0.1976511119901868,-0.00027949620514541325,-0.2789504720256892,0.0,0.0,0.0,2332,-0.03047417985409033,-2.0504427255977675,0.10218860339767472,-0.10740014545053343,-0.5604411307381518,-0.045113306318128675,0.0,-0.008048768834762882,0.0,0.0,-0.1255199708322846,-1.3408384862354632,-0.09345996063368034,0.0,0.0,0.0,0.055384004193737194,0.10752,41.128,-0.4714780899115803,-0.012706679550723897,-162.51171691000002,0.6252704,-0.5,6469632,35.76601118918615,-0.00971137152777773,1.8294751794300277,0.019796815,1400,0.0002870976,-33.932028198242186,0.9686858057975769,0.9956046938896179,-0.021306138462387027,0.170703125,-0.37651118636131287,0.2,0.0007370857580099255
352,0.01,-1.1840578661860675e-08,-0.23647599440003597,0.0,2774,63.08,-2.400249455182607e-05,-0.07689080082881879,-0.19900194555663503,-0.00028941049474065755,-0.27946240300025477,0.0,0.0,0.0,2338,-0.030885448591966697,-2.0716090655079835,0.10880546916831477,-0.10596781928535871,-0.5727141314679902,-0.04507439050172964,0.0,-0.008194098907469007,0.0,0.0,-0.13863050810108596,-1.3452333865234511,-0.09563198981044492,0.0,8.68055051089161e-06,0.0,0.05751517862465164,0.1078272,41.174080000000004,-0.4672195693550628,-0.013184652084924487,-162.86290578,0.625199744,-0.5,6488064,38.08191420891017,-0.010069444444444364,2.071770158656004,0.020703262,1404,0.000287060736,-33.93713226318359,0.9729495644569397,0.9957923889160156,-0.02018010241445154,0.180712890625,-0.3760668635368347,0.2,0.0006285430223215372
353,0.01,-1.1516380734206303e-08,-0.22857939552645712,0.0,2772,62.66,-2.384953877267546e-05,-0.07680809346196506,-0.20054553355386973,-0.0002810719694853908,-0.26963784558552883,0.0,0.0,0.0,2346,-0.030432405127031697,-2.040879471543491,0.10117968200774,-0.10352288143567434,-0.556947633251298,-0.04681204064781998,0.0,-0.007910764291587623,0.0,0.0,-0.13361419175533856,-1.349859028809707,-0.09152423204679762,0.0,0.0,0.0,0.05583557052147751,0.1081344,41.22016,-0.46967416249407307,-0.013004530809767958,-162.46616292000002,0.625129088,-0.5,6506496,35.412888702709,-0.009494357638888845,1.797445615417163,0.01738533,1408,0.000287023872,-33.92860107421875,0.9752845764160156,0.9949032068252563,-0.017324719484895466,0.15604248046875,-0.37755534052848816,0.2,0.0005702339141862467
354,0.01,-1.1739213560069248e-08,-0.2316210350011199,0.0,2772,63.2,-2.3605178185664616e-05,-0.07686187015160076,-0.19906448154919137,-0.0002824971034597571,-0.27294289611221223,0.0,0.0,0.0,2353,-0.030291476915044968,-2.050786163178714,0.09824194577236123,-0.10443010381177803,-0.559870113419611,-0.048481336727777026,0.0,-0.008086251742743779,0.0,0.0,-0.13606316296681892,-1.3422369904280371,-0.09285345493291891,0.0,0.0,0.0,0.05618010224472636,0.1084416,41.266239999999996,-0.4668888162393696,-0.013330593632417731,-162.98802745,0.625058432,-0.5,6524928,34.38468102032643,-0.009624565972222169,1.7085853860497642,0.019501064,1412,0.000286987008,-33.92089138031006,0.9719139337539673,0.9949952363967896,-0.02117144896183163,0.1767578125,-0.37692198157310486,0.2,0.0006454646441852674
355,0.01,-1.2017137793301272e-08,-0.2317721370626064,0.0,2772,62.41,-2.416964628428981e-05,-0.0769629132863612,-0.19933495156118453,-0.00028511329546049334,-0.2788380543485925,0.0,0.0,0.0,2359,-0.0308970719399765,-2.050509978735249,0.09954467794741559,-0.10574528036941028,-0.5631893932712049,-0.04793548660739529,0.0,-0.008072788878294402,0.0,0.0,-0.12615423160265532,-1.3347125192237224,-0.09318331533619412,0.0,0.0,0.0,0.05610410046755945,0.1087488,41.31232,-0.4677999892671145,-0.012380074640128037,-162.18633767999998,0.624987776,-0.5,6543360,34.840637281595455,-0.010286458333333241,1.7341000091264223,0.019290008,1416,0.000286950144,-33.92638664245605,0.9712705016136169,0.9952023029327393,-0.01874929916812107,0.18646240234375,-0.3762633502483368,0.2,0.0006819710659328848
356,0.01,-1.158273984705573e-08,-0.232439817851137,0.0,2772,63.27,-2.435925051514801e-05,-0.0770074420452626,-0.1984655033753978,-0.0002924210660303586,-0.27274036724553036,0.0,0.0,0.0,2366,-0.031989243445054404,-2.066047756652807,0.10630419455845416,-0.10506840557757036,-0.5692116566869769,-0.05026888576457075,0.0,-0.00834637380631367,0.0,0.0,-0.13974759066292075,-1.3501865683243206,-0.09470481506716712,0.0,3.2552052289247513e-06,0.0,0.05670831401947439,0.109056,41.3584,-0.46947887639557123,-0.0127777518403794,-163.07085614,0.62491712,-0.5,6561792,37.20646809545896,-0.01039496527777768,1.977630367706735,0.020557862,1420,0.00028691328,-33.92754993438721,0.972079873085022,0.9953534603118896,-0.020819019281771035,0.18016357421875,-0.3765835464000702,0.2,0.00067624268704094
357,0.01,-1.1363116629927813e-08,-0.2341881729173862,0.0,2773,63.11,-2.4203575631735588e-05,-0.07715128293497324,-0.20014906682837233,-0.00028693623288405645,-0.2737354421070921,0.0,0.0,0.0,2372,-0.0313878907295385,-2.0521792690607152,0.10002931669643439,-0.10453688462494398,-0.5656004089712297,-0.048634723783820694,0.0,-0.008176500137111634,0.0,0.0,-0.1258161414085096,-1.3448418533771436,-0.09402571549697039,0.0,0.0,0.0,0.05615237139134298,0.1093632,41.40448,-0.4700678552522266,-0.01324650119123463,-162.90308696,0.624846464,-0.5,6580224,35.010260843752036,-0.009928385416666597,1.7706309456245188,0.018523749,1424,0.000286876416,-33.93280563354492,0.9730746746063232,0.9958512187004089,-0.018709087884053587,0.17567138671875,-0.3789471983909607,0.2,0.000603684177622199
358,0.01,-1.1767421634626125e-08,-0.2313547941050108,0.0,2773,62.97,-2.4086566502364092e-05,-0.07700101429013378,-0.19879667014366598,-0.0002918711988723341,-0.2766909276604166,0.0,0.0,0.0,2379,-0.032229594628754125,-2.0591576974877106,0.09757010738569138,-0.10369677983299978,-0.5646052528209442,-0.051569893372668665,0.0,-0.008346282725485592,0.0,0.0,-0.1380174803271699,-1.344148529149407,-0.09355498565155979,0.0,0.0,0.0,0.05647657136042772,0.1096704,41.450559999999996,-0.47266913634159313,-0.012791314894760339,-162.74895053000003,0.624775808,-0.5,6598656,34.14953758499198,-0.009809027777777713,1.6727302769127448,0.018155847,1428,0.000286839552,-33.93711605072021,0.9745972752571106,0.995826244354248,-0.017720255348831416,0.17235107421875,-0.3753831386566162,0.2,0.0006064858345780522
359,0.01,-1.144453083770908e-08,-0.23148656903393686,0.0,2772,63.62,-2.429958632818544e-05,-0.07687034091149256,-0.19954154993308057,-0.00029185535404023744,-0.26971253824750285,0.0,0.0,0.0,2386,-0.031007328285673166,-2.0542366620427583,0.10465612513470715,-0.10478538688852959,-0.5641216780138517,-0.04943942433082874,0.0,-0.008444000015571928,0.0,0.0,-0.13694181745079187,-1.343222924031349,-0.09404361983851141,0.0,0.0,0.0,0.056003915713329716,0.1099776,41.49664,-0.46862776216200897,-0.012540664510904916,-163.39460432,0.624705152,-0.5,6617088,36.6296437971475,-0.009830729166666592,1.9236082386410973,0.017981213,1432,0.00028680268799999997,-33.93633060455322,0.9730311632156372,0.9956852793693542,-0.018933199578896165,0.15594482421875,-0.3751877248287201,0.2,0.0006313344580121339
360,0.01,-1.190669543074201e-08,-0.2354767232618096,0.0,2772,63.35,-2.5093334246279134e-05,-0.07712631541763114,-0.19924704382841213,-0.0002996640699591328,-0.27573709403815727,0.0,0.0,0.0,2393,-0.03136779572431111,-2.062088442443069,0.09254204468978672,-0.10597468647104302,-0.5742685096615001,-0.05010220121434004,0.0,-0.008478075543916797,0.0,0.0,-0.13581543756925085,-1.3506308195847376,-0.09587067332618304,0.0,0.0,0.0,0.05694721724732278,0.1102848,41.54272,-0.46762046746156444,-0.013929550962833067,-163.15142849000003,0.624634496,-0.5,6635520,32.389715641425354,-0.009505208333333282,1.5565189069143495,0.019494068,1436,0.000286765824,-33.93243598937988,0.9707842469215393,0.9955372214317322,-0.019945498812012373,0.1746826171875,-0.37583523988723755,0.2,0.0007318119343835861
361,0.01,-1.151143030213322e-08,-0.2284551617463596,0.0,2772,63.26,-2.4702195759274335e-05,-0.07711776042863223,-0.20125799427318616,-0.00029817964232040556,-0.26504304285405006,0.0,0.0,0.0,2399,-0.03030861480016892,-2.033809365537797,0.1019381865781602,-0.10403824382757369,-0.5573894365663647,-0.04417078896590545,0.0,-0.008576809972181482,0.0,0.0,-0.1344848713021758,-1.354328704905388,-0.09316356761881045,0.0,0.0,0.0,0.05494105237205598,0.110592,41.5888,-0.4777767634785736,-0.013333306376201412,-163.04482767999997,0.62456384,-0.5,6653952,35.67836530235607,-0.00955946180555551,1.8451943531448052,0.017767776,1440,0.00028672896,-33.93187236785889,0.9755004644393921,0.9955093264579773,-0.017996652179863303,0.16099853515625,-0.3721584975719452,0.2,0.0005822745384648442
362,0.01,-1.1542387988411525e-08,-0.22171385645056535,0.0,2772,63.02,-2.4372574521341098e-05,-0.07693221080577252,-0.20019948693807288,-0.00029837705737014055,-0.2708159893514088,0.0,0.0,0.0,2406,-0.03015164598245144,-2.028183196091698,0.1032948214384399,-0.10307313487835124,-0.5536613265610181,-0.04526166619146533,0.0,-0.008591763091766392,0.0,0.0,-0.14205650436267075,-1.3441168557093026,-0.09004935945824608,0.0,0.0,0.0,0.05513320149757497,0.1108992,41.634879999999995,-0.47505481680715267,-0.01317759910145671,-162.79840264999999,0.624493184,-0.5,6672384,36.153187503453964,-0.009971788194444374,1.8697395071700027,0.020587608,1444,0.000286692096,-33.927006530761716,0.9701643586158752,0.9950934648513794,-0.02165412592003122,0.19246826171875,-0.378950297832489,0.2,0.0007223005493870005
363,0.01,-1.1521726421805837e-08,-0.234143551537925,0.0,2772,63.39,-2.4706961240350748e-05,-0.07703495503651699,-0.19764378162144636,-0.00029701095803024943,-0.27660360014782737,0.0,0.0,0.0,2413,-0.03223429646035722,-2.0586236078462172,0.09926856625123304,-0.10542769155572829,-0.568124896030114,-0.055049134288282224,0.0,-0.008390563463419147,0.0,0.0,-0.12783645642271335,-1.348212441113142,-0.0943352181387709,0.0,0.0,0.0,0.05679873713932747,0.1112064,41.68096,-0.46930839547684094,-0.013598063263796374,-163.18256184999998,0.624422528,-0.5,6690816,34.74399818793156,-0.009993489583333267,1.7249874812768244,0.019925388,1448,0.00028665523199999997,-33.91991539001465,0.9662667512893677,0.9949750900268555,-0.02205841206596233,0.18914794921875,-0.37770912051200867,0.2,0.000831454768194817
364,0.01,-1.1467771250438483e-08,-0.22440705559801918,0.0,2772,62.17,-2.4995278751604356e-05,-0.07710365801633039,-0.1999321833756316,-0.0003002104742893373,-0.2760212376238368,0.0,0.0,0.0,2419,-0.03131189666067539,-2.0401371680741085,0.1092023037556693,-0.10488294444020176,-0.5621252912948589,-0.054400345449913845,0.0,-0.008486531691058211,0.0,0.0,-0.13849599681644323,-1.349083628042083,-0.09141568792477137,0.0,5.425345281966858e-06,0.0,0.05563533808828014,0.1115136,41.72704,-0.47535670005503533,-0.012232505287910398,-161.95867661,0.624351872,-0.5,6709248,38.22080631448426,-0.009895833333333269,2.0923882430155722,0.018466864,1452,0.000286618368,-33.92322826385498,0.9739124774932861,0.9951626062393188,-0.01970710199093446,0.1657958984375,-0.3799268901348114,0.2,0.0006277840002439916
365,0.01,-1.1316229082811268e-08,-0.2276457961846409,0.0,2772,63.52,-2.5183904494422874e-05,-0.07728895848074041,-0.19709757680042805,-0.00030362404398129463,-0.27399104091650656,0.0,0.0,0.0,2426,-0.03200054880064254,-2.0557594124961396,0.09786219266942026,-0.10618035859856423,-0.567433098725636,-0.05165948905493854,0.0,-0.008726718969883668,0.0,0.0,-0.14600844268125832,-1.3425462078100738,-0.09274864765540959,0.0,0.0,0.0,0.05606821310871635,0.1118208,41.77312,-0.47735468528226505,-0.013745632071125632,-163.28223599,0.624281216,-0.5,6727680,34.251767434297086,-0.009960937499999918,1.6980140060562074,0.021434503,1456,0.000286581504,-33.9220645904541,0.9699864983558655,0.9949654340744019,-0.017623092327266932,0.19453125,-0.373354971408844,0.2,0.0007095058477716521
366,0.01,-1.1188254871790717e-08,-0.22979500461782576,0.0,2772,63.79,-2.537807212083767e-05,-0.07737469823428038,-0.19901516193690968,-0.00030711334727369225,-0.27487508962279583,0.0,0.0,0.0,2432,-0.03301788974103223,-2.0574020637246497,0.1016413779827616,-0.10365069943881572,-0.5691702540074542,-0.05892357727658391,0.0,-0.008660209321726177,0.0,0.0,-0.1449626044572711,-1.3523772307826216,-0.09407332351232994,0.0,1.085065175882644e-06,0.0,0.056245338010119696,0.112128,41.8192,-0.47405554332183975,-0.013909477449487895,-163.57119845,0.62421056,-0.5,6746112,35.57448229396656,-0.009830729166666599,1.8168069468974968,0.018606162,1460,0.00028654464,-33.91840419769287,0.9773843288421631,0.9949084520339966,-0.01817854344844818,0.17265625,-0.3778925836086273,0.2,0.0005480991763761267
367,0.01,-1.1700864697805374e-08,-0.2224718880027185,0.0,2772,62.63,-2.5435523836675422e-05,-0.07735572556530552,-0.1997250448544692,-0.00030954352724783037,-0.2681139901998267,0.0,0.0,0.0,2439,-0.03355299694912048,-2.03428182102802,0.10652906847993712,-0.10227410781362405,-0.5520424853948638,-0.05855512170710058,0.0,-0.008733753684444562,0.0,0.0,-0.15860874619755347,-1.3418869196561156,-0.09124121444235994,0.0,0.0,0.0,0.05493058253304815,0.1124352,41.86528,-0.48028136352724604,-0.013619764306996431,-162.39324561,0.624139904,-0.5,6764544,37.28517396797799,-0.00995008680555547,1.998047314803131,0.02045249,1464,0.00028650777599999996,-33.91634902954102,0.9751789569854736,0.9948511123657227,-0.019532874552533032,0.1781494140625,-0.3769257366657257,0.2,0.0006140461919130757
368,0.01,-1.1575438712648834e-08,-0.22672441742531038,0.0,2773,63.3,-2.5719010166837318e-05,-0.07748069122247264,-0.196828686050423,-0.00031319707810300315,-0.2805064792256726,0.0,0.0,0.0,2446,-0.034532371710969886,-2.0486284383252196,0.09758949675525525,-0.10441895497475213,-0.5637443455775689,-0.06368830447059902,0.0,-0.008773779537720244,0.0,0.0,-0.15576344417011956,-1.3496031123253067,-0.09269296976834389,0.0,1.085065175882644e-06,0.0,0.05605597734872961,0.1127424,41.91136,-0.47850982349155113,-0.013750515064910158,-163.07728246,0.624069248,-0.5,6782976,34.156323864339335,-0.009884982638888823,1.6667546043733596,0.020434685,1468,0.000286470912,-33.914595222473146,0.9662353992462158,0.994835376739502,-0.021999640425201507,0.1746826171875,-0.38356900215148926,0.2,0.0008273659623228014
369,0.01,-1.1753717522305109e-08,-0.22413565082974488,0.0,2773,62.07,-2.5511184039712232e-05,-0.0776391650419575,-0.19792950814042098,-0.00030985568909333073,-0.27040568529217307,0.0,0.0,0.0,2452,-0.03459367307930586,-2.0374614707673735,0.09600756262603907,-0.10295740059671224,-0.5562574952564178,-0.06651397688503492,0.0,-0.008640481780611393,0.0,0.0,-0.14973785766058628,-1.3428922802463623,-0.0911192545187562,0.0,0.0,0.0,0.05598125952561001,0.1130496,41.95744,-0.475724179924107,-0.013305094586232573,-161.84332376999998,0.623998592,-0.5,6801408,33.602646919113674,-0.00964626736111105,1.6234170115296411,0.018301846,1472,0.000286434048,-33.91213817596436,0.9693751931190491,0.9943296909332275,-0.020253501378465443,0.18118896484375,-0.3800595700740814,0.2,0.0007254552241647616
370,0.01,-1.1842611805481199e-08,-0.2252455165084592,0.0,2773,63.48,-2.5333572410028678e-05,-0.07763563793812839,-0.19731788053177307,-0.00030701917223358304,-0.27244268950667005,0.0,0.0,0.0,2459,-0.03364699939873789,-2.0482264073386087,0.10367419763401975,-0.1032448404422461,-0.5603104716256708,-0.05659389155886893,0.0,-0.008592880733537818,0.0,0.0,-0.16082717709688177,-1.3475571074739814,-0.09145079831151845,0.0,0.0,0.0,0.05553614219666972,0.1133568,42.003519999999995,-0.4793255357035952,-0.014412948966815343,-163.24474792,0.6239279360000001,-0.5,6819840,36.28596917190691,-0.009700520833333276,1.8809778417514358,0.020045698,1476,0.000286397184,-33.91211853027344,0.9685283899307251,0.9945845603942871,-0.020238493260694667,0.17786865234375,-0.37894389033317566,0.2,0.0007919950148789212
371,0.01,-1.2027985028352362e-08,-0.22243981704662646,0.0,2773,63.17,-2.626865008803107e-05,-0.07773466170879205,-0.19626572174734513,-0.00031929878020679243,-0.2738398129868828,0.0,0.0,0.0,2465,-0.03363837013424611,-2.050469250648169,0.09923475633651055,-0.10562823526105135,-0.565497492202395,-0.0586674955545594,0.0,-0.009101267375159405,0.0,0.0,-0.16443830470157694,-1.3562563188592156,-0.09113969820624085,0.0,3.2552052289247513e-06,0.0,0.055677214159769436,0.113664,42.0496,-0.4799762087824069,-0.012984999717446044,-162.93401451,0.6238572800000001,-0.5,6838272,34.732164717778694,-0.010145399305555473,1.7482121051433102,0.018838814,1480,0.00028636032,-33.91532211303711,0.9736100435256958,0.9947458505630493,-0.020626872044522314,0.18966064453125,-0.37346962094306946,0.2,0.0006811152881709859
372,0.01,-1.214574146071164e-08,-0.2269767375284043,0.0,2773,62.75,-2.605437848035613e-05,-0.0777715622557565,-0.195210097933392,-0.00031934145879379663,-0.2719101868129597,0.0,0.0,0.0,2472,-0.03567205608646819,-2.0585511571296307,0.10044552633902548,-0.10460203710862385,-0.5672432773948668,-0.06513365492964705,0.0,-0.008981033224902691,0.0,0.0,-0.17536390046765235,-1.3587894720878646,-0.09274681029605028,0.0,0.0,0.0,0.05591488683031555,0.1139712,42.09568,-0.47969061655157014,-0.012796740571502596,-162.52304576999998,0.6237866240000001,-0.5,6856704,35.15593421865892,-0.009570312499999931,1.774269545249313,0.020228487,1484,0.00028632345599999997,-33.90890979766846,0.9682307243347168,0.9944983720779419,-0.020415106206201017,0.1997314453125,-0.3775213062763214,0.2,0.0007952589920023456
373,0.01,-1.1351165104278176e-08,-0.22589271429435687,0.0,2773,62.95,-2.6236443909883625e-05,-0.07784123785726732,-0.19727393022586162,-0.0003216932745093264,-0.2748357189035535,0.0,0.0,0.0,2479,-0.03413471539984231,-2.0565651361451454,0.09839168887339278,-0.1034966799335853,-0.5687632597280544,-0.060276916895369154,0.0,-0.008936483571057462,0.0,0.0,-0.1603871829190779,-1.3511003224770268,-0.09243110862088114,0.0,5.425345281966858e-06,0.0,0.056503515212211496,0.1142784,42.141760000000005,-0.477374332075559,-0.014555635181346184,-162.72104665,0.6237159680000001,-0.5,6875136,34.43709110568747,-0.009440104166666609,1.7093091301719112,0.018889114,1488,0.000286286592,-33.90778732299805,0.971403956413269,0.9944960474967957,-0.019551592064090073,0.18638916015625,-0.3796342611312866,0.2,0.0006975260621402413
374,0.01,-1.1916868821333012e-08,-0.2228973097747225,0.0,2773,63.69,-2.621726305651394e-05,-0.07789572972085843,-0.19668443056938945,-0.0003207360966723476,-0.2771201555308178,0.0,0.0,0.0,2485,-0.0349543767764929,-2.062684737992892,0.10435791317208759,-0.10497499095787179,-0.5714592447974146,-0.06489639252498666,0.0,-0.008971018609654975,0.0,0.0,-0.16429625861400243,-1.3448993939405791,-0.0914874628619301,0.0,0.0,0.0,0.05632443138615072,0.1145856,42.187839999999994,-0.4778588033361333,-0.012948649819009006,-163.44809257,0.6236453120000001,-0.5,6893568,36.52526961023066,-0.009776475694444377,1.9064809941702263,0.019101422,1492,0.000286249728,-33.902394676208495,0.9693161249160767,0.9941849708557129,-0.019023687532171606,0.18709716796875,-0.37628185749053955,0.2,0.000778818444814533
375,0.01,-1.2237375136058781e-08,-0.22230794532183853,0.0,2773,62.16,-2.5859753117250008e-05,-0.07775141911120781,-0.19552431412118262,-0.0003193095519640562,-0.2739120399358441,0.0,0.0,0.0,2492,-0.03416317087613633,-2.0428044570975787,0.10389298758575605,-0.10294990100069742,-0.561607693543975,-0.06314034167347458,0.0,-0.008891876744852858,0.0,0.0,-0.1628133411054678,-1.3511747405293262,-0.09108866701611597,0.0,9.765625388051072e-06,0.0,0.056157908903758776,0.1148928,42.23392,-0.48103504061008384,-0.013408718468983553,-161.93332634,0.6235746560000001,-0.5,6912000,36.362545655014614,-0.010036892361111034,1.890596588176389,0.01836659,1496,0.00028621286399999995,-33.90129146575928,0.9732970595359802,0.9944510459899902,-0.020197658549295738,0.1684326171875,-0.3764970302581787,0.2,0.0006581045570783317
376,0.01,-1.1870967215357166e-08,-0.22188956670757773,0.0,2773,62.72,-2.6983327186679035e-05,-0.07778582625800275,-0.19560790370010692,-0.00032927161624494327,-0.2723347408338623,0.0,0.0,0.0,2498,-0.03431254041941939,-2.0473559998593203,0.10228513985712948,-0.10374892258773061,-0.5648850103375045,-0.059259359249658305,0.0,-0.009172538722521606,0.0,0.0,-0.16397501604284692,-1.351551422081856,-0.09147774006878777,0.0,1.085065175882644e-06,0.0,0.05568312210813185,0.1152,42.28,-0.4808006106621289,-0.013163493554909818,-162.48519896000002,0.6235040000000001,-0.5,6930432,35.79979894999531,-0.010015190972222136,1.8390961147825853,0.019571511,1500,0.000286176,-33.90604419708252,0.9693289399147034,0.9943642020225525,-0.01896006162278354,0.17969970703125,-0.3718264400959015,0.2,0.0007474131183698773
377,0.01,-1.2152330069370145e-08,-0.22750450376374864,0.0,2773,63.85,-2.696254356174421e-05,-0.07800264431261818,-0.19522399081302494,-0.0003295093648936197,-0.27511229047670044,0.0,0.0,0.0,2505,-0.03542674690788625,-2.066671711303541,0.10501554905267241,-0.10400819229923977,-0.5708909651852209,-0.06688924662247814,0.0,-0.009056551125917358,0.0,0.0,-0.16934911372913913,-1.3483179057764703,-0.09300302002980092,0.0,1.3020830616975823e-05,0.0,0.056943527432085334,0.1155072,42.326080000000005,-0.479946532998639,-0.014872474924130883,-163.60908153,0.6234333440000001,-0.5,6948864,36.755442168435344,-0.00947265624999994,1.9561328814190762,0.021407101,1504,0.000286139136,-33.90534152984619,0.9693493247032166,0.9945793151855469,-0.021513296000193805,0.18148193359375,-0.3820035755634308,0.2,0.0007292969530681148
378,0.01,-1.2304840572740399e-08,-0.23015347519446547,0.0,2773,64.1,-2.6846641510311974e-05,-0.07819126905352143,-0.19422579572300577,-0.00032581508668108063,-0.2735986559800494,0.0,0.0,0.0,2512,-0.03675168160817681,-2.0766443222357025,0.10479895908890074,-0.1038250642847417,-0.5760272369240232,-0.06789556952546821,0.0,-0.009119394514349632,0.0,0.0,-0.17119093320851567,-1.354706025943799,-0.09431048748215029,0.0,0.0,0.0,0.057412844757698686,0.1158144,42.37216,-0.48055004230278,-0.014138426600968361,-163.87353109,0.623362688,-0.5,6967296,36.67963568111526,-0.009765624999999922,1.9337914398653009,0.020217497,1508,0.000286102272,-33.89909114837646,0.9726230502128601,0.9939858913421631,-0.01853193329880014,0.18551025390625,-0.37131384015083313,0.2,0.0006672934425296262
379,0.01,-1.2010669526706747e-08,-0.23001902875256672,0.0,2773,64.03,-2.7064198815726212e-05,-0.0783154301437803,-0.19440533017676775,-0.000326519986364426,-0.27625806836969485,0.0,0.0,0.0,2518,-0.035057797663135846,-2.0704982668628413,0.103491414538909,-0.10502416650154209,-0.5722538053920615,-0.06365157175297859,0.0,-0.008996570352873769,0.0,0.0,-0.17056630803907588,-1.3496703426704668,-0.093676070853544,0.0,2.170130351765288e-06,0.0,0.056505786059232115,0.1161216,42.41824,-0.47899752568765436,-0.013769503707104983,-163.79322267999999,0.623292032,-0.5,6985728,36.22199508861815,-0.00992838541666658,1.8816442104966729,0.017593017,1512,0.000286065408,-33.89228267669678,0.9773967266082764,0.9938787221908569,-0.01846078297821805,0.15357666015625,-0.3748936355113983,0.2,0.0005444841954158619
380,0.01,-1.2069658084791363e-08,-0.226577314600391,0.0,2772,63.78,-2.6992253136364997e-05,-0.07825611823296598,-0.1954346036113249,-0.0003240568275424509,-0.2715646951912674,0.0,0.0,0.0,2526,-0.03566432100189995,-2.0496912223669543,0.10219981416267193,-0.10348885114844052,-0.5660622971033674,-0.06578029200750163,0.0,-0.008812415131093872,0.0,0.0,-0.16789350067477465,-1.3489885381874411,-0.09196461072137546,0.0,0.0,0.0,0.056578970516061595,0.1164288,42.46432,-0.48311294798971083,-0.014206785859035639,-163.52060081999997,0.623221376,-0.5,7004160,35.769934956935174,-0.00965711805555549,1.8293272400143765,0.01816015,1516,0.00028602854399999996,-33.89275550842285,0.974315345287323,0.9941320419311523,-0.01758656958118081,0.16578369140625,-0.37346702814102173,0.2,0.0006340799212921411
381,0.01,-1.204571814448819e-08,-0.22715304200090522,0.0,2772,62.56,-2.7045098479088737e-05,-0.0780890907763621,-0.1937871883936873,-0.00033039093725918385,-0.2759706023616428,0.0,0.0,0.0,2533,-0.03587841018789389,-2.064278625516873,0.10427928316684129,-0.105019157255051,-0.5706367693208416,-0.062064505147486945,0.0,-0.009136635594666495,0.0,0.0,-0.16908768035740437,-1.3362174959431183,-0.092831651506244,0.0,6.5104104578495026e-06,0.0,0.0564642768631142,0.116736,42.510400000000004,-0.4786937522182748,-0.012960043179595636,-162.35462057000004,0.62315072,-0.5,7022592,36.49774910839445,-0.01029730902777768,1.9097791907484345,0.0182492,1520,0.00028599168,-33.88802032470703,0.9722744226455688,0.9937632083892822,-0.01968480651266873,0.18760986328125,-0.37759312987327576,0.2,0.0006955231132451445
382,0.01,-1.1978257303885018e-08,-0.22676385950687017,0.0,2772,62.99,-2.70835288604218e-05,-0.07829519202344787,-0.19503089775957405,-0.00032553142007453695,-0.27475447133720815,0.0,0.0,0.0,2539,-0.037250143739418165,-2.0626776469939574,0.10595756764560427,-0.1051925279303925,-0.570075993286887,-0.07145243424210777,0.0,-0.008964851798150158,0.0,0.0,-0.17239356020491725,-1.3498398865185997,-0.0918632883773645,0.0,0.0,0.0,0.05699095370994028,0.1170432,42.55648,-0.4833263334905254,-0.01478946752710423,-162.75016118000002,0.623080064,-0.5,7041024,37.08514867596149,-0.009483506944444383,1.9658731049617073,0.019623954,1524,0.000285954816,-33.8781717300415,0.9686936140060425,0.9931151866912842,-0.019514574925415216,0.18177490234375,-0.3782588541507721,0.2,0.000743057340150699
383,0.01,-1.2656173035080826e-08,-0.22640288449560117,0.0,2772,63.32,-2.6948924158189035e-05,-0.0782448960668654,-0.19427006013489143,-0.00032854505637470776,-0.27254986752908095,0.0,0.0,0.0,2546,-0.03672050115804913,-2.0615091098795713,0.10217178988128164,-0.10404647402168428,-0.5692158679066014,-0.06887881500472419,0.0,-0.009085460523410062,0.0,0.0,-0.17381055483628904,-1.3426975770855794,-0.09280836224383754,0.0,7.595485335008965e-06,0.0,0.05687537698252207,0.1173504,42.60256,-0.477015326992493,-0.01419702034844603,-163.07723367999998,0.623009408,-0.5,7059456,35.760126458448575,-0.0093641493055555,1.8325759162394155,0.020218138,1528,0.000285917952,-33.87192287445068,0.9758836030960083,0.9929096698760986,-0.019341577251907438,0.17923583984375,-0.36981773376464844,0.2,0.0005865999672096222
384,0.01,-1.2019865995171925e-08,-0.22772638856975844,0.0,2772,63.74,-2.721191024310466e-05,-0.07816734937413708,-0.19216764351561527,-0.00032914721110082607,-0.2716469615764032,0.0,0.0,0.0,2552,-0.03645039200799228,-2.0735851468021225,0.10786205347418654,-0.1027130299952247,-0.5796932602433746,-0.06403654458703913,0.0,-0.009107714041235844,0.0,0.0,-0.17063969441193202,-1.3458009593028568,-0.0938450240651303,0.0,7.595485335008965e-06,0.0,0.05766820868245259,0.1176576,42.64864,-0.477133781838289,-0.013846543624014076,-163.51863153,0.622938752,-0.5,7077888,37.75171871596529,-0.009787326388888809,2.0504721326137103,0.020122731,1532,0.000285881088,-33.866823768615724,0.9697427153587341,0.992659330368042,-0.020017435844056308,0.184619140625,-0.3714887201786041,0.2,0.0007197749946499243
385,0.01,-1.2288963210413752e-08,-0.2260438378707334,0.0,2772,63.7,-2.7355924247014346e-05,-0.07835100728137462,-0.1953086439794974,-0.0003312884095715235,-0.27389191410076325,0.0,0.0,0.0,2559,-0.037432364066966435,-2.0625015840671033,0.10487627466518173,-0.10420599401191231,-0.5721919816468455,-0.07410204701588033,0.0,-0.009112505506288315,0.0,0.0,-0.17538941892086835,-1.3385496166598674,-0.0926416638432731,0.0,0.0,0.0,0.05689495761819999,0.1179648,42.694720000000004,-0.47847455010397805,-0.015082978303932274,-163.46069051999999,0.622868096,-0.5,7096320,36.706696132813605,-0.009396701388888826,1.9284977205116212,0.019656649,1536,0.00028584422399999997,-33.86396942138672,0.9740631580352783,0.9928759336471558,-0.017603948374744504,0.17275390625,-0.36837345361709595,0.2,0.0006159669486805796
386,0.01,-1.2651306095324416e-08,-0.22642353627558315,0.0,2772,63.67,-2.7639161901299215e-05,-0.07848384655585443,-0.19220778896220034,-0.00033720702531661817,-0.2752546460788114,0.0,0.0,0.0,2566,-0.03838945181314021,-2.068183654564445,0.1030667148082432,-0.1041145186334817,-0.5764734896984783,-0.0743131669045109,0.0,-0.009191868474577541,0.0,0.0,-0.17826712458475621,-1.3408511893170916,-0.09278457068143735,0.0,1.085065175882644e-06,0.0,0.05710174898942726,0.118272,42.7408,-0.47885539807477134,-0.014366833590126285,-163.40675648999996,0.62279744,-0.5,7114752,36.07335018288512,-0.009570312499999937,1.8602194671782264,0.0177921,1540,0.00028580736,-33.86889705657959,0.972353994846344,0.9928862452507019,-0.01876993596088141,0.17242431640625,-0.37682101130485535,0.2,0.0006936180172488094
387,0.01,-1.2657349517296396e-08,-0.22898211174012342,0.0,2772,63.58,-2.7398099006918215e-05,-0.07836693315678214,-0.1936170531400272,-0.0003394498720696282,-0.2753110458048519,0.0,0.0,0.0,2572,-0.037970590418968816,-2.0812496839579286,0.11040079628566057,-0.10391942094776135,-0.5802818846480423,-0.07247518087005307,0.0,-0.009388059787884812,0.0,0.0,-0.17284268148253357,-1.3380618280025474,-0.0941431437033502,0.0,0.0,0.0,0.057904562298761474,0.1185792,42.78688,-0.4768966326726098,-0.013170546261891205,-163.34944117,0.622726784,-0.5,7133184,38.6402786999812,-0.00941840277777772,2.132958815100276,0.018407945,1544,0.000285770496,-33.864638328552246,0.9768370389938354,0.9927539825439453,-0.019034250400727613,0.17425537109375,-0.37768444418907166,0.2,0.0005920654599322006
388,0.01,-1.2523073491308435e-08,-0.22396448447626435,0.0,2772,63.42,-2.7592686156498965e-05,-0.07843129888257395,-0.19370947714404735,-0.0003398073221240978,-0.276244874907065,0.0,0.0,0.0,2579,-0.03850283316952781,-2.0646882147474224,0.10055280819718015,-0.10437080586545427,-0.5705402009479044,-0.07517477137047343,0.0,-0.009406873666199618,0.0,0.0,-0.18499277682915977,-1.3426079264018667,-0.09229560204352781,0.0,1.519097067001793e-05,0.0,0.05659130872082289,0.1188864,42.83296,-0.48250526916914854,-0.01471079990410039,-163.16795882,0.622656128,-0.5,7151616,35.19348286901305,-0.009581163194444372,1.804976211460478,0.01779989,1548,0.000285733632,-33.861571311950684,0.9750771522521973,0.992449164390564,-0.018961757398210467,0.1733642578125,-0.37536919116973877,0.2,0.0006266016280278563
389,0.01,-1.2674527746403723e-08,-0.22664527773668144,0.0,2772,63.06,-2.7546154074203273e-05,-0.07858774594469785,-0.19365904275150095,-0.0003417579036674439,-0.278500320894326,0.0,0.0,0.0,2585,-0.03795355141474302,-2.0718138470862915,0.10357749957473714,-0.10524130212921715,-0.572880230935106,-0.07080640199725378,0.0,-0.009506359854476253,0.0,0.0,-0.18720751879324676,-1.3388054997077423,-0.0928029534144548,0.0,0.0,0.0,0.0569534293479614,0.1191936,42.87904,-0.4864913005062572,-0.015462209349304127,-162.82450431,0.622585472,-0.5,7170048,36.252124851158,-0.009114583333333287,1.8878758270020037,0.018962841,1552,0.00028569676799999996,-33.85709781646729,0.9706282019615173,0.9924427270889282,-0.01894786865450442,0.17779541015625,-0.3763103485107422,0.2,0.0007415074476739391
390,0.01,-1.2855020338921458e-08,-0.22687231750459003,0.0,2772,63.27,-2.8344952344075865e-05,-0.07863510314275779,-0.19241602064025767,-0.00034961450992304453,-0.2757068000617521,0.0,0.0,0.0,2592,-0.03769675008201694,-2.0697852660869516,0.1088013448271562,-0.10508296279362657,-0.5750538593292593,-0.06765381933020463,0.0,-0.009664805793141516,0.0,0.0,-0.18776838579482946,-1.344336105718433,-0.09368997046780736,0.0,0.0,0.0,0.0567819404587514,0.1195008,42.92512,-0.48351579117885723,-0.014365205927687284,-163.03208678,0.622514816,-0.5,7188480,38.08047068950467,-0.009526909722222152,2.079101656363765,0.018833773,1556,0.000285659904,-33.85581016540527,0.971763551235199,0.9925010204315186,-0.018209897889755668,0.17755126953125,-0.3660564124584198,0.2,0.0007257823395775631
391,0.01,-1.2523150219767824e-08,-0.22658145432094143,0.0,2772,63.86,-2.795189574649548e-05,-0.07820852120677314,-0.19418969578579687,-0.0003400430753888251,-0.2714107571188229,0.0,0.0,0.0,2599,-0.03807918076541779,-2.064671023881195,0.10440412826751677,-0.10450751569230503,-0.5761392020621576,-0.06345643090830919,0.0,-0.00941612839991495,0.0,0.0,-0.16816532210489454,-1.3379472480950572,-0.09362032234670059,0.0,5.425345281966858e-06,0.0,0.05664816287993844,0.119808,42.971199999999996,-0.4783995193138423,-0.014124321085142178,-163.61743216,0.62244416,-0.5,7206912,36.54144489363087,-0.009819878472222144,1.9123965623281007,0.019035375,1560,0.00028562304,-33.85313777923584,0.9683442711830139,0.9923499822616577,-0.0171325282077305,0.1696044921875,-0.37367895245552063,0.2,0.0007788796268869191
392,0.01,-1.3083346473965559e-08,-0.22521175532472246,0.0,2772,63.02,-2.8058939262775272e-05,-0.07823446803835758,-0.19383985854255972,-0.0003475396931634009,-0.2771369172285955,0.0,0.0,0.0,2605,-0.037785437214304406,-2.06328730690213,0.10775059785786295,-0.10579070356269156,-0.5753084623010083,-0.06571768476074041,0.0,-0.009620785999811029,0.0,0.0,-0.18056266869474372,-1.33803495947871,-0.0931156052333609,0.0,0.0,0.0,0.05707140967340601,0.1201152,43.01728,-0.47789769015859856,-0.014142767041145513,-162.74540537000001,0.622373504,-0.5,7225344,37.71270925025203,-0.009526909722222155,2.052405322979028,0.018162245,1564,0.000285586176,-33.85359973907471,0.9745412468910217,0.9922806620597839,-0.01868904063012451,0.172998046875,-0.37695080041885376,0.2,0.0006328256888082251
393,0.01,-1.346980983563681e-08,-0.2287672106456037,0.0,2772,63.23,-2.8495941393268952e-05,-0.07815550346538294,-0.19283513516998482,-0.000349996933978073,-0.2782416473799183,0.0,0.0,0.0,2612,-0.03957306993221472,-2.078314727719142,0.10043514633881231,-0.10484300982572131,-0.5788379657033051,-0.07235297000695207,0.0,-0.009452712524194272,0.0,0.0,-0.19020798643080641,-1.3403341006910054,-0.09419316389435557,0.0,0.0,0.0,0.05776931274274728,0.1204224,43.06336,-0.4796937227448569,-0.014456351413779581,-162.9744148,0.622302848,-0.5,7243776,35.15230121858431,-0.009733072916666592,1.7657692658323074,0.01788871,1568,0.000285549312,-33.85307025909424,0.9730151891708374,0.9922699928283691,-0.017713613843079658,0.16771240234375,-0.3708723187446594,0.2,0.0006787374266423285
394,0.01,-1.2339939505536863e-08,-0.2267729081587021,0.0,2772,64.01,-2.8668016230229672e-05,-0.07823701751138361,-0.19164214150736666,-0.0003504886006227546,-0.2753100851298765,0.0,0.0,0.0,2618,-0.04067062505197685,-2.0666074584625362,0.09994763520492209,-0.10224519292563741,-0.5757634550341435,-0.07656762288431458,0.0,-0.009565991734483963,0.0,0.0,-0.18155082032939124,-1.342323018298616,-0.09365614863558193,0.0,1.0850690563933717e-05,0.0,0.057168119967411814,0.1207296,43.10944,-0.48017893230303393,-0.014441703281287724,-163.74985361,0.622232192,-0.5,7262208,34.98167232172273,-0.009602864583333266,1.7514437775222185,0.01920091,1572,0.00028551244799999997,-33.85032291412354,0.972320020198822,0.9922963976860046,-0.016382625210098922,0.17406005859375,-0.3725265562534332,0.2,0.0007059564202791079
395,0.01,-1.280236959728011e-08,-0.22542355574791642,0.0,2773,64.0,-2.8876208773471546e-05,-0.0786023363820646,-0.19231140518321677,-0.0003513526520634868,-0.27233973357523517,0.0,0.0,0.0,2625,-0.03948090541617914,-2.0613513047988943,0.10319841402590549,-0.1065022901191416,-0.5752393425507708,-0.0736659902162692,0.0,-0.009624587450719903,0.0,0.0,-0.18531137035173698,-1.3294075692384981,-0.09327889583427408,0.0,1.193575573981636e-05,0.0,0.05656207308622266,0.1210368,43.155519999999996,-0.479262049403686,-0.014752575094462372,-163.73879789999998,0.622161536,-0.5,7280640,36.11944490906692,-0.00984157986111103,1.863759926080784,0.019802697,1576,0.000285475584,-33.84753303527832,0.9716229438781738,0.9919809699058533,-0.018007981101982297,0.18673095703125,-0.37199124693870544,0.2,0.0007232475036289543
396,0.01,-1.3213148124999135e-08,-0.22170028815987392,0.0,2773,64.09,-2.8789307177810933e-05,-0.07840950372651351,-0.19133070591558624,-0.0003530501934460986,-0.27139351278360935,0.0,0.0,0.0,2632,-0.04027010216892332,-2.048314827184238,0.10057096829466583,-0.10498305555691957,-0.5656830450664347,-0.07709682613378546,0.0,-0.009682416524730258,0.0,0.0,-0.1836935891329815,-1.3323454237119683,-0.09198159026852207,0.0,0.0,0.0,0.0560433119945338,0.121344,43.2016,-0.47825577289434956,-0.0158018357097818,-163.81702739,0.62209088,-0.5,7299072,35.19983890313304,-0.00947265624999993,1.7700415839407257,0.019024163,1580,0.00028543872,-33.839410591125485,0.9721634984016418,0.9915200471878052,-0.01933747755829245,0.17467041015625,-0.3722899556159973,0.2,0.0006917873222846537
397,0.01,-1.2806039099111055e-08,-0.2314440204973575,0.0,2773,63.84,-2.8843990805935142e-05,-0.07819439561211008,-0.1911009911537104,-0.00035302503770176465,-0.2777760932857857,0.0,0.0,0.0,2638,-0.03979864752403643,-2.083748755597705,0.09917191617474097,-0.10449913534018669,-0.5816700100977554,-0.07235166226610688,0.0,-0.009588085088795023,0.0,0.0,-0.17241273342749852,-1.3265375921161295,-0.09554657852165688,0.0,5.425345281966858e-06,0.0,0.05778099702523812,0.1216512,43.24768,-0.47595578142411443,-0.013881808541352965,-163.57134012,0.622020224,-0.5,7317504,34.71017066115934,-0.009917534722222144,1.7211820991121543,0.02036604,1584,0.000285401856,-33.83347854614258,0.9700469970703125,0.9915565848350525,-0.016845994256436826,0.1859375,-0.37527820467948914,0.2,0.0007900621218141169
398,0.01,-1.330289960614017e-08,-0.22611218985163983,0.0,2773,63.85,-2.9080449650924953e-05,-0.07811160793084568,-0.19170087380411532,-0.0003545850174447055,-0.26998616684268767,0.0,0.0,0.0,2645,-0.040307444244798304,-2.0600523555615022,0.1113848864065011,-0.1051528109289862,-0.5713120756430268,-0.0754118865551693,0.0,-0.009676384835286055,0.0,0.0,-0.17649185586897864,-1.3391509231376526,-0.09307055653579127,0.0,0.0,0.0,0.05679781374750635,0.1219584,43.29376,-0.4799158543853426,-0.014008218446785273,-163.58047436,0.621949568,-0.5,7335936,38.98471024227538,-0.00976562499999993,2.175184341770097,0.017569188,1588,0.000285364992,-33.82976741790772,0.9756315350532532,0.9912175536155701,-0.01651344171259552,0.169384765625,-0.3682710826396942,0.2,0.0006260438211029395
399,0.01,-1.2884898753565699e-08,-0.22075929833050809,0.0,2773,63.97,-2.9405096824006956e-05,-0.07853626576997569,-0.19024467587768326,-0.00036011971487155854,-0.2734254148891103,0.0,0.0,0.0,2652,-0.04073229045186376,-2.0550195615366667,0.10192955521409808,-0.10647160360607585,-0.5671154271411182,-0.07972039474456116,0.0,-0.009774358315352814,0.0,0.0,-0.18837486328382347,-1.3300172717668135,-0.0916545395338494,0.0,3.038194134003586e-05,0.0,0.055954874862664296,0.1222656,43.339839999999995,-0.4808980582301857,-0.014298474194624254,-163.71484632000002,0.621878912,-0.5,7354368,35.67534432493433,-0.009689670138888822,1.8667728827350825,0.018363751,1592,0.000285328128,-33.82502632141113,0.9724594950675964,0.9911099672317505,-0.018827556679025293,0.178271484375,-0.37704551219940186,0.2,0.00071622459217906
400,0.01,-1.3719056880436893e-08,-0.22455147280349205,0.0,2773,63.58,-2.9526641967315642e-05,-0.07845852663757005,-0.19073126299372273,-0.0003653912308447101,-0.2796343542808951,0.0,0.0,0.0,2658,-0.04160032965097681,-2.0679018666528983,0.10456791439376362,-0.106269489784649,-0.5733618917688804,-0.08110900186451507,0.0,-0.009911747332263465,0.0,0.0,-0.19136597818530238,-1.339390983174496,-0.09333777452347285,0.0,1.193576544109318e-05,0.0,0.05704916980362936,0.1225728,43.38592,-0.48000310188610684,-0.013358805391665859,-163.35004046999998,0.621808256,-0.5,7372800,36.59877003781727,-0.009754774305555486,1.9687167557486693,0.019995643,1596,0.000285291264,-33.82669868469238,0.9722396731376648,0.991429328918457,-0.019964218710083515,0.18223876953125,-0.3746615946292877,0.2,0.0007964374060975387
401,0.01,-1.3574312385822372e-08,-0.22587377198381262,0.0,2773,63.78,-2.9590206302400733e-05,-0.07853093315633206,-0.18957769995897455,-0.00036345038248289374,-0.27617509325310646,0.0,0.0,0.0,2665,-0.04135334961624216,-2.063510531816085,0.10067108630869312,-0.10443762406194411,-0.568847145473589,-0.08068298729540951,0.0,-0.009825214594665718,0.0,0.0,-0.19138207924632228,-1.3373201747982568,-0.09329650118935134,0.0,0.0,0.0,0.05677657514654493,0.12288,43.432,-0.48318565178473566,-0.015544674614728946,-163.50696503,0.6217376,-0.5,7391232,35.23488020804259,-0.009884982638888812,1.785400098514313,0.017985791,1600,0.0002852544,-33.82932109832764,0.9692811965942383,0.9914213418960571,-0.01940008926903829,0.1713623046875,-0.37725821137428284,0.2,0.000843949499540031
402,0.01,-1.3472535170118805e-08,-0.22632221979337944,0.0,2773,63.56,-2.992624478198817e-05,-0.07860007514669587,-0.19258982274584185,-0.00037241067265467626,-0.2818425171569085,0.0,0.0,0.0,2671,-0.04182834088090487,-2.0766291969226414,0.10135727480009382,-0.10546084280233822,-0.5793268702695331,-0.08327038198303911,0.0,-0.01002951979005214,0.0,0.0,-0.189074776155865,-1.339488366337014,-0.0945454445986237,0.0,9.765615686774254e-06,0.0,0.05756914461759699,0.1231872,43.47808,-0.4815755450969723,-0.014966333506486585,-163.27790054999997,0.621666944,-0.5,7409664,35.47504618003284,-0.009396701388888835,1.807402910823413,0.021012599,1604,0.00028521753599999996,-33.820736503601076,0.9698625206947327,0.9908530116081238,-0.02120264662662521,0.1854248046875,-0.37883812189102173,0.2,0.0008295629872009158
403,0.01,-1.3137122276995655e-08,-0.21918227640897908,0.0,2773,62.45,-2.993271495852167e-05,-0.07857408286954391,-0.190948740224414,-0.0003655913727271024,-0.2754427051483743,0.0,0.0,0.0,2678,-0.040681272148471434,-2.0500616561452603,0.09867519781257039,-0.10436832291494172,-0.5655844227314999,-0.08270422041804217,0.0,-0.00982579998742607,0.0,0.0,-0.1932602363816049,-1.3339976670101747,-0.09183755190370277,0.0,1.085065175882644e-06,0.0,0.055581426811954535,0.1234944,43.52416,-0.4863464670744707,-0.01373640898640992,-162.17738709,0.621596288,-0.5,7428096,34.536319234399635,-0.00930989583333328,1.7061480748991826,0.019528514,1608,0.000285180672,-33.817543029785156,0.9724782705307007,0.9907209277153015,-0.017305327695794404,0.18839111328125,-0.3728507161140442,0.2,0.0007187751267338172
404,0.01,-1.3260544215809373e-08,-0.22372217352525356,0.0,2773,63.53,-2.9930993890794938e-05,-0.07876107990278057,-0.19080053141197972,-0.0003682782790042914,-0.27887676088069496,0.0,0.0,0.0,2685,-0.042192729809615664,-2.0673677551034406,0.10640005010179165,-0.10452610763396533,-0.5704192348230258,-0.09153166307436199,0.0,-0.00984030136859005,0.0,0.0,-0.1972874193807569,-1.3348627324034248,-0.09299370040980687,0.0,0.0,0.0,0.05680898360069228,0.1238016,43.57024,-0.48188457490079173,-0.014274602854533846,-163.2630858,0.621525632,-0.5,7446528,37.24001753562708,-0.009960937499999925,1.9852366176782474,0.021088464,1612,0.000285143808,-33.81375427246094,0.9662915468215942,0.9905731081962585,-0.019741844781674445,0.1897216796875,-0.3761906027793884,0.2,0.0008697211887920275
405,0.01,-1.2670542011666613e-08,-0.22119425934686776,0.0,2773,62.77,-2.9597032588387035e-05,-0.07891343427405839,-0.18948449862961778,-0.00036628913304939334,-0.2809866325204015,0.0,0.0,0.0,2691,-0.04125546827745444,-2.0587967883204197,0.10395652242157591,-0.10386252152884495,-0.5678806483729044,-0.0822090962503591,0.0,-0.009810425086935701,0.0,0.0,-0.19819611373898283,-1.3299813502787938,-0.09173651484064203,0.0,9.765625388051072e-06,0.0,0.05701172920472713,0.1241088,43.61632,-0.4879658817439001,-0.014500839309120137,-162.50444901999998,0.621454976,-0.5,7464960,36.38478284755157,-0.009635416666666612,1.911953614773142,0.019559782,1616,0.000285106944,-33.810255432128905,0.9691701531410217,0.9904888868331909,-0.01808837169664912,0.181103515625,-0.37350788712501526,0.2,0.0008106809866148979
406,0.01,-1.3262311499174676e-08,-0.22355349059131047,0.0,2773,63.44,-2.989851767313171e-05,-0.07848959153881535,-0.1917415687545253,-0.0003710448638641923,-0.2850720380497372,0.0,0.0,0.0,2698,-0.04214260002721075,-2.0773274760323193,0.09907546056475433,-0.10398803409755364,-0.5807170157785015,-0.08441414159041223,0.0,-0.00998478809224284,0.0,0.0,-0.18255220916846343,-1.3304901686237356,-0.09375754068960941,0.0,9.765625388051072e-06,0.0,0.058166807328546635,0.124416,43.6624,-0.4801497492604942,-0.012983914689458389,-163.1663945,0.62138432,-0.5,7483392,34.67641119766402,-0.009928385416666569,1.7249888133589755,0.018237045,1620,0.00028507008,-33.80686798095703,0.9697099328041077,0.9902121424674988,-0.01802688406314701,0.18238525390625,-0.36789917945861816,0.2,0.0008163914841134101
407,0.01,-1.3433887591842018e-08,-0.22415580303581922,0.0,2771,63.37,-2.9881756630346407e-05,-0.07876170951160927,-0.1895098541874176,-0.00036730910011437644,-0.2767785893328343,0.0,0.0,0.0,2706,-0.04158465261730358,-2.0632104894091268,0.09903669730220596,-0.10433859434094081,-0.5682713125962676,-0.07887495846337039,0.0,-0.00988785855640998,0.0,0.0,-0.19744408733637467,-1.3340874008634047,-0.09273246966744507,0.0,1.085065175882644e-06,0.0,0.05683025382705956,0.1247232,43.70848,-0.4844897622232567,-0.014418916770308796,-163.09065103999998,0.621313664,-0.5,7501824,34.662844055772084,-0.00978732638888881,1.7512010178304083,0.018281266,1624,0.00028503321599999997,-33.79923667907715,0.9748197197914124,0.9901126623153687,-0.018920878716744482,0.1771240234375,-0.3734046220779419,0.2,0.0006760966120054945
408,0.01,-1.2697227255907057e-08,-0.22532200324390633,0.0,2771,63.29,-3.011229317090044e-05,-0.07879232728195369,-0.19066704246551933,-0.0003706936742978089,-0.2876581476755867,0.0,0.0,0.0,2713,-0.04218614430051062,-2.0741590017797256,0.10068748447817474,-0.10669660696404946,-0.5791714260978964,-0.08505804408227724,0.0,-0.009966221322093403,0.0,0.0,-0.1800531440020545,-1.3393287179145035,-0.09319545099617169,0.0,6.5104104578495026e-06,0.0,0.058022853664822675,0.1250304,43.75456,-0.4853252003541965,-0.014788924886185365,-162.99495215,0.621243008,-0.5,7520256,35.24061956736116,-0.009581163194444377,1.7786339909079785,0.02015219,1628,0.000284996352,-33.79966773986816,0.9676777720451355,0.9901992678642273,-0.0186569347162731,0.18343505859375,-0.370575487613678,0.2,0.000863282720092684
409,0.01,-1.3602998976155353e-08,-0.2226212995986398,0.0,2771,63.86,-3.0079646495361458e-05,-0.07879613672810447,-0.19008337041580145,-0.000372002301706108,-0.2800826055154617,0.0,0.0,0.0,2719,-0.04157626303951404,-2.0661274601990436,0.10181046978009567,-0.10534859533447499,-0.5701593086692471,-0.08020099232508544,0.0,-0.010004553205990065,0.0,0.0,-0.1886357139812844,-1.3333439111777323,-0.0924950662354559,0.0,0.0,0.0,0.056744097260630295,0.1253376,43.80064,-0.4880142960693265,-0.015269609987929774,-163.58186217,0.621172352,-0.5,7538688,35.63366442303349,-0.00962456597222215,1.8315528319981311,0.019045336,1632,0.000284959488,-33.795925331115725,0.9716000556945801,0.9897918105125427,-0.017750549945048988,0.1678955078125,-0.36930057406425476,0.2,0.0007628164923517034
410,0.01,-1.3331922497519398e-08,-0.22507922573365777,0.0,2771,63.61,-3.0084152239151795e-05,-0.07904560347845908,-0.19157502342344082,-0.00037174599180374323,-0.2755666595488476,0.0,0.0,0.0,2726,-0.04150025403216757,-2.0681422936278686,0.0977623696445149,-0.10420688085090549,-0.5763710509000126,-0.07962818111165555,0.0,-0.01002778231541711,0.0,0.0,-0.18797073263444225,-1.33560761944819,-0.09332411890492773,0.0,1.0850690563933717e-05,0.0,0.05758964684500746,0.1256448,43.846720000000005,-0.48506726840219333,-0.014929983994483741,-163.30749662,0.621101696,-0.5,7557120,34.21682937558022,-0.009884982638888809,1.685955743966138,0.017537301,1636,0.00028492262399999995,-33.79082317352295,0.975626528263092,0.9896876811981201,-0.01773422477999702,0.17733154296875,-0.37100648880004883,0.2,0.0006697780307149514
411,0.01,-1.3163171833444805e-08,-0.22203422983643403,0.0,2771,63.58,-3.005248028733952e-05,-0.079117852313269,-0.1899880720240668,-0.00037186764668413637,-0.27480770575124225,0.0,0.0,0.0,2732,-0.04241913316434506,-2.0587947069938703,0.10808089768753337,-0.10489101312904418,-0.5646320950503344,-0.08032734162672392,0.0,-0.009991511488932445,0.0,0.0,-0.20732805436565646,-1.339576396343655,-0.09198809163412684,0.0,7.595485335008965e-06,0.0,0.05631832456019768,0.125952,43.8928,-0.49184120886494587,-0.015750294957090065,-163.29782898,0.62103104,-0.5,7575552,37.82831419063668,-0.0095377604166666,2.0520603834780813,0.021273952,1640,0.00028488576,-33.78944702148438,0.9713507890701294,0.9897856712341309,-0.017775094741955398,0.1820556640625,-0.3696087598800659,0.2,0.0008001972426427528
412,0.01,-1.3478750638434419e-08,-0.22795223885502214,0.0,2771,63.46,-3.0666987224063e-05,-0.07912739923563553,-0.1859914404875384,-0.0003818224081334576,-0.2850994109910742,0.0,0.0,0.0,2739,-0.043010206630095665,-2.0804186261382713,0.10378429179148313,-0.10536612323557673,-0.5767460684447596,-0.08547352322819887,0.0,-0.010145993494658646,0.0,0.0,-0.19822805233858362,-1.3409111157238043,-0.09454776760623029,0.0,0.0,0.0,0.05771680160032614,0.1262592,43.93888,-0.48250171110277257,-0.014150905025113994,-163.17356889,0.620960384,-0.5,7593984,36.324502127019095,-0.009863281249999922,1.891165355286372,0.02018482,1644,0.000284848896,-33.78487148284912,0.9708378314971924,0.9895215034484863,-0.019734015880385414,0.1867919921875,-0.3749651312828064,0.2,0.000807617892860435
413,0.01,-1.3321742104423134e-08,-0.22617156534989524,0.0,2771,63.93,-3.063991206053257e-05,-0.0791019203268703,-0.18874710956706647,-0.00038088448262536806,-0.28561183607873064,0.0,0.0,0.0,2746,-0.04431700002874357,-2.08785027681685,0.10457850925203035,-0.10672200423906786,-0.5818293769408274,-0.09078449745147857,0.0,-0.010371397166988842,0.0,0.0,-0.19021519338881354,-1.338917569743205,-0.09442473502904726,0.0,3.2552052289247513e-06,0.0,0.058230595750159826,0.1265664,43.98496,-0.4827130482484072,-0.014937579166144133,-163.64443704999996,0.620889728,-0.5,7612416,36.60247823821062,-0.009667968749999936,1.925004185274132,0.019716635,1648,0.000284812032,-33.780033111572266,0.9732019305229187,0.9891563653945923,-0.01909026996581815,0.17979736328125,-0.37050360441207886,0.2,0.0007235078170197085
414,0.01,-1.3458847724591665e-08,-0.22256366442326214,0.0,2771,63.18,-3.049224175177329e-05,-0.07865178578246579,-0.1903137967719889,-0.00037728888630603923,-0.2740587618054493,0.0,0.0,0.0,2752,-0.042674736426315064,-2.0611449461911633,0.09936465907868797,-0.10329420745706037,-0.5713290478417534,-0.08707030189282315,0.0,-0.010134499286107752,0.0,0.0,-0.19183774840836582,-1.3396782511988734,-0.09303052560332398,0.0,7.595485335008965e-06,0.0,0.05730404294332229,0.1268736,44.031040000000004,-0.48753472704704914,-0.014535561619494628,-162.90611216,0.620819072,-0.5,7630848,34.77763067754079,-0.009450954861111048,1.7314315200411217,0.02168321,1652,0.000284775168,-33.77628078460693,0.9738187193870544,0.9890713691711426,-0.016907545155845582,0.1865966796875,-0.37044650316238403,0.2,0.00070744808181189
415,0.01,-1.3118351226477237e-08,-0.22222109929740053,0.0,2771,63.91,-3.072553957400926e-05,-0.07897255904523436,-0.18756273142824195,-0.0003799685694170578,-0.27409312299997823,0.0,0.0,0.0,2759,-0.04195522617644959,-2.0684229191268066,0.1001772321760182,-0.1052094730193314,-0.5724296704162244,-0.08485579637477042,0.0,-0.010155478418054609,0.0,0.0,-0.19979246849445464,-1.3367042421013366,-0.09267200189347465,0.0,0.0,0.0,0.057086358619411665,0.1271808,44.07712,-0.49049182639681976,-0.014210583583917469,-163.6130943,0.620748416,-0.5,7649280,35.06203126160637,-0.010004340277777688,1.8144781721313987,0.02014039,1656,0.00028473830399999996,-33.77246646881103,0.9718801975250244,0.9891199469566345,-0.01795768233714625,0.1793701171875,-0.37245532870292664,0.2,0.0007628131221281365
416,0.01,-1.3590366071918956e-08,-0.22412294333220448,0.0,2771,64.5,-3.089417785598922e-05,-0.07921220009815774,-0.18787110052371767,-0.00038251413050204995,-0.2769957028593344,0.0,0.0,0.0,2766,-0.0427425607196735,-2.0716063886401397,0.10326840779128621,-0.103709643409504,-0.5735369762393087,-0.08778442541525716,0.0,-0.01023948106800062,0.0,0.0,-0.19701752629198882,-1.3399849869967915,-0.09295862080131785,0.0,1.3020830616975823e-05,0.0,0.057358626709123665,0.127488,44.1232,-0.48760433112706675,-0.01519528272425911,-164.21442532999998,0.62067776,-0.5,7667712,36.14394272695017,-0.009450954861111048,1.868345088558691,0.02025719,1660,0.00028470144,-33.76906280517578,0.9712492823600769,0.9886574149131775,-0.017087730462662876,0.1866943359375,-0.36444562673568726,0.2,0.0007730813173111528
417,0.01,-1.3252065230399089e-08,-0.22886653722548717,0.0,2771,64.01,-3.105263452155865e-05,-0.0791793033883141,-0.18765696161855613,-0.0003841742480342248,-0.27991961027946616,0.0,0.0,0.0,2772,-0.04301775861038506,-2.0898576573114225,0.1056753873470502,-0.10455754078746458,-0.5817391633107992,-0.08633013877334952,0.0,-0.010216486551441951,0.0,0.0,-0.19387715421723548,-1.3430239749177773,-0.0944609496891964,0.0,3.580728662200272e-05,0.0,0.05847771105278775,0.1277952,44.16928,-0.48358806285453365,-0.014335366449409371,-163.70830215,0.620607104,-0.5,7686144,36.98638557146757,-0.009754774305555484,1.9544406851558298,0.021049973,1664,0.000284664576,-33.75816745758057,0.9700460433959961,0.9883226156234741,-0.019100588106084615,0.1927001953125,-0.3639586269855499,0.2,0.0008107325411401689
418,0.01,-1.3111327456108783e-08,-0.2230341487462909,0.0,2771,64.3,-3.115047194551279e-05,-0.07921097557077351,-0.18949790814281647,-0.0003850202871543044,-0.27579288599776847,0.0,0.0,0.0,2779,-0.04169222582712154,-2.0671898753346185,0.10520290215462988,-0.10583606086378458,-0.576240094959975,-0.08290612119208243,0.0,-0.010358375868966924,0.0,0.0,-0.18844270975317304,-1.3402606112606221,-0.09307308937637525,0.0,0.0,0.0,0.05701361925455355,0.1281024,44.215360000000004,-0.4907284097049731,-0.015168156057673817,-164.0016652,0.620536448,-0.5,7704576,36.82101575412046,-0.009277343749999946,1.9504172531587267,0.01886768,1668,0.000284627712,-33.75292320251465,0.9748665690422058,0.988060474395752,-0.01800977122038603,0.17265625,-0.37029266357421875,0.2,0.0007272945396834985
419,0.01,-1.3181278126785865e-08,-0.22093950613082777,0.0,2771,62.99,-3.0890283603840354e-05,-0.07911609144369139,-0.18957184525592274,-0.0003842260906719889,-0.2759794290043243,0.0,0.0,0.0,2786,-0.041452292949794876,-2.0549605018097328,0.10213318279850025,-0.10313805397678118,-0.5674741947174068,-0.08218195063540601,0.0,-0.010324374541567908,0.0,0.0,-0.18906476441704184,-1.3361741305090542,-0.09210226673925,0.0,1.085065175882644e-06,0.0,0.05636772580832922,0.1284096,44.26144,-0.4910929173877359,-0.013442898397139894,-162.68660004,0.6204657920000001,-0.5,7723008,35.746613979475086,-0.00967881944444437,1.8343626709255845,0.019870877,1672,0.000284590848,-33.75428237915039,0.9745634198188782,0.9882779121398926,-0.019387792435009033,0.1721923828125,-0.3757147490978241,0.2,0.0007191408891230822
420,0.01,-1.2766505999354772e-08,-0.2208215123050112,0.0,2772,64.13,-3.1302291526006636e-05,-0.07935707004954969,-0.18668506524935677,-0.0003911718949192932,-0.2749570540988371,0.0,0.0,0.0,2792,-0.04199136703593185,-2.056470725020099,0.10668325579624605,-0.10524900985109337,-0.567110763792227,-0.07957736185734549,0.0,-0.01067931048833419,0.0,0.0,-0.19850655553490998,-1.3351620767112178,-0.09261107140238294,0.0,1.193575573981636e-05,0.0,0.055808339703990524,0.1287168,44.30752,-0.4915007856010443,-0.014648408607980754,-163.84123303,0.6203951360000001,-0.5,7741440,37.33913952868612,-0.009700520833333266,2.0078043202456284,0.020979002,1676,0.00028455398399999997,-33.758699607849124,0.9697547554969788,0.9886800050735474,-0.020335954683832824,0.1946533203125,-0.3739892840385437,0.2,0.0008684286935022101
421,0.01,-1.3507353904518827e-08,-0.222824194749553,0.0,2772,63.28,-3.183174590888494e-05,-0.07908367230568816,-0.18738519451631513,-0.00039294507129122787,-0.2762539413324422,0.0,0.0,0.0,2799,-0.04249597166602281,-2.068126158237289,0.1024060565213823,-0.10632902220519741,-0.577340775138484,-0.08788551164608743,0.0,-0.010590031218937267,0.0,0.0,-0.18685975557194687,-1.331194627110315,-0.09317360109580525,0.0,0.0,0.0,0.05755023444444823,0.129024,44.3536,-0.48199082109127567,-0.01461205900381578,-162.96760033,0.6203244800000001,-0.5,7759872,35.842119782483806,-0.009537760416666608,1.835777840444985,0.021495465,1680,0.00028451712,-33.75722045898438,0.9677600860595703,0.9885136485099792,-0.019039206323213875,0.1957763671875,-0.3733137249946594,0.2,0.0008914774545701221
422,0.01,-1.3432432213362633e-08,-0.22467710741105312,0.0,2772,64.24,-3.175392372926459e-05,-0.07983074967951707,-0.1871647927654932,-0.00039674412886548977,-0.2852480439306324,0.0,0.0,0.0,2805,-0.04383350548221531,-2.0804804814054636,0.11020741185739102,-0.10600289462387771,-0.5804907980469322,-0.09312277749957228,0.0,-0.01069556446515297,0.0,0.0,-0.20011805045707276,-1.3333471172957754,-0.0935541486351491,0.0,3.038194134003586e-05,0.0,0.05797837112144823,0.1293312,44.399680000000004,-0.4802976533898327,-0.014398300677486178,-163.95094249,0.6202538240000001,-0.5,7778304,38.57259415008686,-0.009450954861111048,2.147404479349367,0.02081139,1684,0.000284480256,-33.75285663604736,0.9710832834243774,0.9881148338317871,-0.018946329515893014,0.18443603515625,-0.37010735273361206,0.2,0.000798048943397589
423,0.01,-1.3368497227273489e-08,-0.22393167342213582,0.0,2772,64.39,-3.218644625158305e-05,-0.07929750764640132,-0.18657456895508368,-0.0004031737259407936,-0.28389578759183914,0.0,0.0,0.0,2812,-0.042878377280798234,-2.0764692167332783,0.10855307092503352,-0.10535884066336404,-0.5780429256688775,-0.08640066386854078,0.0,-0.010775763122123784,0.0,0.0,-0.19880426652877214,-1.3271588777668868,-0.09324160809848735,0.0,1.3020820915699005e-05,0.0,0.05821540195054326,0.1296384,44.44575999999999,-0.48309080033975466,-0.014923473419104185,-164.07534046,0.6201831680000001,-0.5,7796736,37.99357482376173,-0.009602864583333265,2.063751818210359,0.019188432,1688,0.000284443392,-33.73823146820068,0.9750797748565674,0.9873435497283936,-0.01724464091239497,0.173095703125,-0.3731434643268585,0.2,0.0006950986018637196
424,0.01,-1.2564246362391934e-08,-0.22257875389478718,0.0,2772,64.2,-3.184907965254937e-05,-0.07946468181092174,-0.1858950852618782,-0.00039391803683586345,-0.27301092828820955,0.0,0.0,0.0,2819,-0.042321500563801004,-2.0594928928301823,0.10190696757980866,-0.10392033106976634,-0.565466797449034,-0.09253170424672191,0.0,-0.010595632040584745,0.0,0.0,-0.20428974461240107,-1.3361606407883806,-0.09233046174731634,0.0,1.193576544109318e-05,0.0,0.057192892360461434,0.1299456,44.491839999999996,-0.4904003671364702,-0.014664142166212615,-163.88667343,0.6201125120000001,-0.5,7815168,35.66743865293303,-0.009233940972222167,1.8271149546020669,0.019106567,1692,0.00028440652799999996,-33.73457489013672,0.972472608089447,0.9875787496566772,-0.0182665872387588,0.17789306640625,-0.3721438944339752,0.2,0.0008099098049569875
425,0.01,-1.388446115173001e-08,-0.2234867447430121,0.0,2772,64.18,-3.260214769087616e-05,-0.07986688146123881,-0.18774491999641454,-0.00040301955175908234,-0.2806669007244372,0.0,0.0,0.0,2825,-0.043204858759569004,-2.0811547204894696,0.10642354056298792,-0.10777804998975625,-0.5774273894416818,-0.0903927231959844,0.0,-0.01076121541967924,0.0,0.0,-0.20181224333069106,-1.338357105116195,-0.09319021127094074,0.0,1.736110102178322e-05,0.0,0.057859592247416686,0.1302528,44.53792,-0.4855006618995836,-0.014744436913234595,-163.87556468,0.6200418560000001,-0.5,7833600,37.24823919704577,-0.009331597222222172,1.9860657351238553,0.021144489,1696,0.000284369664,-33.74546146392822,0.9721105098724365,0.9880540370941162,-0.019530313776340336,0.1954345703125,-0.36900612711906433,0.2,0.000849580517387949
426,0.01,-1.3280350381845152e-08,-0.2239544518702196,0.0,2772,63.46,-3.236002486837211e-05,-0.07958316549596747,-0.18669736353870914,-0.0004033059043927558,-0.2783927305271716,0.0,0.0,0.0,2832,-0.04196086971496039,-2.070490439132494,0.10399536554657174,-0.10423190810820887,-0.5748755615542884,-0.09026907810787699,0.0,-0.010719779958703476,0.0,0.0,-0.1976053041535644,-1.3425140981960129,-0.09343566092327646,0.0,2.170130351765288e-06,0.0,0.05790437371381699,0.13056,44.584,-0.49072773777194,-0.014563230692551265,-163.14397836999999,0.6199712000000001,-0.5,7852032,36.39837794130011,-0.009700520833333254,1.9055111788704517,0.020579038,1700,0.0002843328,-33.74150352478027,0.9761025905609131,0.9877659678459167,-0.01776747521944344,0.18255615234375,-0.36465612053871155,0.2,0.0007065613521263003
427,0.01,-1.380978120894608e-08,-0.2231431139232659,0.0,2772,63.42,-3.276414354642695e-05,-0.07962770679004605,-0.18817663987358496,-0.00040563821376923197,-0.2774127857431889,0.0,0.0,0.0,2838,-0.04137936137476523,-2.078746115609869,0.10274850358501952,-0.10703628837591928,-0.5838515040040488,-0.08670207736178531,0.0,-0.010997630787138262,0.0,0.0,-0.1825953225654019,-1.3323609372628635,-0.09391622309759445,0.0,2.387153088218636e-05,0.0,0.05799875435028866,0.1308672,44.63008,-0.48261471166609987,-0.013751600264287036,-163.09567849999996,0.619900544,-0.5,7870464,35.961976254756834,-0.009765624999999924,1.8618107859580777,0.021582674,1704,0.000284295936,-33.73591632843018,0.9692174196243286,0.987710177898407,-0.01740669771679677,0.17813720703125,-0.36885687708854675,0.2,0.0008990838628960774
428,0.01,-1.331166763617065e-08,-0.2194302036422622,0.0,2772,63.71,-3.2345491912180934e-05,-0.0797140103071384,-0.1858973893304609,-0.0004030735436235155,-0.2801548825069118,0.0,0.0,0.0,2845,-0.04197422307165302,-2.067692447364552,0.11221700137790097,-0.10676740975149672,-0.5777055419963497,-0.09323238593932708,0.0,-0.010892416874212711,0.0,0.0,-0.19482480602858296,-1.3340814116366548,-0.09178922778748667,0.0,1.8446175898942682e-05,0.0,0.05800201474812207,0.1311744,44.676159999999996,-0.48813713808499476,-0.015146997265724672,-163.38879353,0.619829888,-0.5,7888896,39.27595048226534,-0.009440104166666605,2.203717570125463,0.01846104,1708,0.000284259072,-33.72855796813965,0.9751099348068237,0.987120509147644,-0.017321439646184444,0.1690185546875,-0.37063348293304443,0.2,0.0007132386352168396
429,0.01,-1.3410666344250405e-08,-0.22421971897681844,0.0,2772,63.75,-3.260627273926221e-05,-0.0794465967196934,-0.18700276258036275,-0.00041045215969574687,-0.2817752850981997,0.0,0.0,0.0,2852,-0.04157442135343854,-2.0757769113467877,0.10031474001634655,-0.1071027854370125,-0.5805461215600958,-0.08392746882830798,0.0,-0.011239460826974346,0.0,0.0,-0.19694452027932266,-1.3295222054337559,-0.09390259881345325,0.0,9.765625388051072e-06,0.0,0.058331412255377475,0.1314816,44.72224,-0.4881163034803232,-0.014099364479382833,-163.44449848000002,0.619759232,-0.5,7907328,35.11015900572129,-0.009798177083333257,1.775829712626934,0.020548064,1712,0.00028422220799999997,-33.72037754058838,0.9758287668228149,0.9869372248649597,-0.01703644206863828,0.1858642578125,-0.37010490894317627,0.2,0.0006994752649916336
430,0.01,-1.2943392696971399e-08,-0.22561754739557735,0.0,2772,63.76,-3.263603749996926e-05,-0.07965173731371418,-0.186046572981609,-0.00040648133528245933,-0.27887795555435474,0.0,0.0,0.0,2858,-0.04262894681394198,-2.08756558698169,0.10156667154112661,-0.10477420214612637,-0.5853288315263008,-0.0953338943108008,0.0,-0.011091327402277626,0.0,0.0,-0.19653947111629802,-1.3233438272513354,-0.09415920661855359,0.0,9.765625388051072e-06,0.0,0.05872013916920201,0.1317888,44.76832,-0.4847339307855101,-0.014496499048416607,-163.43749013,0.619688576,-0.5,7925760,35.54833503939432,-0.009526909722222154,1.821070491212929,0.018583555,1716,0.000284185344,-33.71809692382813,0.9723587036132812,0.9867982268333435,-0.016672631783876568,0.162548828125,-0.36681118607521057,0.2,0.0007693797291722148
431,0.01,-1.3097214220053384e-08,-0.22314449041775208,0.0,2772,63.6,-3.299670473953216e-05,-0.07982118611514126,-0.18577847357361083,-0.0004151753920937896,-0.2818004903359759,0.0,0.0,0.0,2865,-0.04278342651458194,-2.075316378084505,0.1090885399150961,-0.10576656449305294,-0.5805672313344794,-0.09486075369975061,0.0,-0.011268374104125504,0.0,0.0,-0.1996887480681078,-1.3335773509603916,-0.09364548900163244,0.0,9.765615686774254e-06,0.0,0.057939588468022336,0.132096,44.8144,-0.48548097867783585,-0.014459606855072908,-163.29743035000004,0.61961792,-0.5,7944192,38.180988970283636,-0.009440104166666605,2.0825544634890742,0.02108923,1720,0.00028414848,-33.71238899230957,0.9757006764411926,0.9867057204246521,-0.017414828320033847,0.19122314453125,-0.3693753480911255,0.2,0.0007013028691289947
432,0.01,-1.356046129611009e-08,-0.2206428243237536,0.0,2772,63.52,-3.292567495824926e-05,-0.07979966971136042,-0.18573397147889448,-0.0004110876017790629,-0.27946092658632904,0.0,0.0,0.0,2871,-0.04297546715339258,-2.0775595317021835,0.10044121760811175,-0.1046855843353691,-0.5837613427941644,-0.09499501675324112,0.0,-0.011288910782010546,0.0,0.0,-0.1914581645039282,-1.3275510173074159,-0.09332883274013243,0.0,1.3020830616975823e-05,0.0,0.05840200948722892,0.1324032,44.860479999999995,-0.4858317126986738,-0.01362247726905884,-163.20005274,0.619547264,-0.5,7962624,35.154426162839115,-0.009602864583333261,1.7660615272586495,0.018258154,1724,0.00028411161599999996,-33.71738109588623,0.9736893177032471,0.9870709180831909,-0.01866850646911189,0.19300537109375,-0.3706800043582916,0.2,0.0007367952872300521
433,0.01,-1.3695481655009403e-08,-0.2179539268698723,0.0,2772,64.27,-3.309676264655674e-05,-0.07974591170844009,-0.1855528838725643,-0.0004162834447406293,-0.27865159232833303,0.0,0.0,0.0,2878,-0.042534482615929375,-2.051520208275557,0.10433343894625438,-0.10563132889560085,-0.5684681283835286,-0.09597218921278385,0.0,-0.011299471361650486,0.0,0.0,-0.19739929970317643,-1.3309349437266982,-0.09159833480808872,0.0,3.2552052289247513e-06,0.0,0.05677036550549942,0.1327104,44.90656,-0.4936236555911316,-0.015606523538331708,-163.9447603,0.619476608,-0.5,7981056,36.51670363118903,-0.00955946180555548,1.9081820203774307,0.019322276,1728,0.000284074752,-33.716650581359865,0.9706529378890991,0.9866122603416443,-0.019101363699883224,0.176611328125,-0.3715955317020416,0.2,0.0008315754210343584
434,0.01,-1.3501141098979474e-08,-0.21687077371969543,0.0,2772,63.69,-3.355304175217167e-05,-0.07996687991340506,-0.18488139699121872,-0.0004229880619122977,-0.2806783684323854,0.0,0.0,0.0,2885,-0.04268373818562017,-2.067380876375076,0.11080045188613052,-0.10621877361337631,-0.5766619753511888,-0.09603413187078709,0.0,-0.011558870154257965,0.0,0.0,-0.20270227825263204,-1.3246187819358493,-0.09168165600804551,0.0,1.736111072306004e-05,0.0,0.05751562788488286,0.1330176,44.95264,-0.4852557112577881,-0.013799885684016367,-163.34203631,0.619405952,-0.5,7999488,38.78015816014568,-0.009700520833333256,2.1484960753034406,0.019469976,1732,0.000284037888,-33.70843276977539,0.9705034494400024,0.9866582751274109,-0.018226704106200486,0.1765869140625,-0.3684230148792267,0.2,0.0008584311202866956
435,0.01,-1.357373475805924e-08,-0.22349153737426208,0.0,2771,64.0,-3.430329180076269e-05,-0.08039517511893378,-0.18426196205956502,-0.0004330137943096052,-0.28236595237380846,0.0,0.0,0.0,2893,-0.04549915274536171,-2.0947300240666333,0.10232033205365901,-0.10759327174891815,-0.5904653716119088,-0.10600960373721463,0.0,-0.011783177202352653,0.0,0.0,-0.19680172140533103,-1.3256316946149787,-0.0947331113091735,0.0,5.425345281966858e-06,0.0,0.058705322822263345,0.1333248,44.99872,-0.48330698797391036,-0.013817246807674464,-163.66994191,0.619335296,-0.5,8017920,35.81211621878065,-0.009787326388888806,1.8391385983937805,0.020308668,1736,0.000284001024,-33.71150417327881,0.9722872972488403,0.9866637587547302,-0.018200708751101045,0.1885009765625,-0.3707839846611023,0.2,0.0008045272232266143
436,0.01,-1.3347279642206046e-08,-0.21748237099180534,0.0,2771,63.31,-3.3624325023295416e-05,-0.08013773848801833,-0.18329268023218165,-0.0004207216291040835,-0.279307264212723,0.0,0.0,0.0,2900,-0.04416210817864959,-2.056738149166529,0.10325412613083385,-0.10701233386712833,-0.5702198322908242,-0.10353325101408535,0.0,-0.011367427877051646,0.0,0.0,-0.20315198989284855,-1.327526112504011,-0.09124276068154864,0.0,0.0,0.0,0.05682310002783218,0.133632,45.044799999999995,-0.4915652270416171,-0.015117700556099104,-162.97888534,0.61926464,-0.5,8036352,36.13894414579185,-0.009396701388888831,1.8731969358423353,0.017765876,1740,0.00028396416,-33.69981937408447,0.9735240936279297,0.9858641624450684,-0.01557533557061106,0.172265625,-0.36366868019104004,0.2,0.0007990754151251167
437,0.01,-1.313947081103373e-08,-0.21902574519517848,0.0,2771,63.29,-3.404274245876683e-05,-0.08012498947969207,-0.18293103250481207,-0.000429654232968773,-0.27963908092425616,0.0,0.0,0.0,2906,-0.04475905390676542,-2.0622819859160497,0.09919564495554042,-0.10436761871021466,-0.5748652429971064,-0.10257024128264963,0.0,-0.011651149804304366,0.0,0.0,-0.21064818158336232,-1.3225636150210525,-0.09242142097432388,0.0,3.2552052289247513e-06,0.0,0.05706122768614562,0.1339392,45.09088,-0.48826027231110886,-0.01496687581594516,-162.97134681999998,0.619193984,-0.5,8054784,34.718475734439146,-0.00893012152777774,1.742954741347629,0.019456295,1744,0.00028392729599999996,-33.69050273895264,0.971367597579956,0.9855932593345642,-0.01685044429032132,0.17939453125,-0.3674268126487732,0.2,0.0008734582021133974
438,0.01,-1.3192601980535457e-08,-0.21635555243558752,0.0,2771,63.59,-3.366535519190255e-05,-0.0802724650951281,-0.18366010390331464,-0.00042922241735724126,-0.27298871608776154,0.0,0.0,0.0,2913,-0.044238540340122666,-2.048082659112195,0.1063786960031877,-0.10417268617717089,-0.5688270226609269,-0.10200151378666494,0.0,-0.011759266820792626,0.0,0.0,-0.2000541360864147,-1.3314836382063393,-0.09157362492159518,0.0,5.425345281966858e-06,0.0,0.05654210544545043,0.1342464,45.13696,-0.4886248572188647,-0.013800970757276647,-163.21638643999998,0.619123328,-0.5,8073216,37.232543601115694,-0.009353298611111057,2.006777322345211,0.021132175,1748,0.000283890432,-33.68695468902588,0.9695686101913452,0.9856643676757812,-0.01888487674877979,0.1756591796875,-0.37097668647766113,0.2,0.0009199035644996912
439,0.01,-1.387843782795548e-08,-0.21683098767411205,0.0,2771,63.6,-3.3867989494917636e-05,-0.08011650458049106,-0.18300458442116896,-0.000430532578756449,-0.2768793899117936,0.0,0.0,0.0,2919,-0.045588094909332834,-2.0686849146510604,0.10346808031003338,-0.10441769486630668,-0.5774658927423374,-0.10518137871291311,0.0,-0.011648402217725418,0.0,0.0,-0.20708721253923212,-1.3200412692734649,-0.09205167736911785,0.0,1.085065175882644e-06,0.0,0.05785840299181503,0.1345536,45.18304,-0.487680327658343,-0.014022324458993454,-163.25029188,0.619052672,-0.5,8091648,36.213828108511684,-0.009505208333333265,1.915551073008811,0.019962955,1752,0.000283853568,-33.68227195739746,0.9683010578155518,0.9854792952537537,-0.019582596293184908,0.1885009765625,-0.3725632131099701,0.2,0.0009419926558621228
440,0.01,-1.375415508545246e-08,-0.21922046685054836,0.0,2771,64.2,-3.406909963998355e-05,-0.08005429737761997,-0.182184367081136,-0.00042764781118497213,-0.2739103988963306,0.0,0.0,0.0,2926,-0.04386422243471319,-2.063208395761764,0.10319279809069459,-0.10499444675874918,-0.579847338204926,-0.09820806196797072,0.0,-0.011431669342816241,0.0,0.0,-0.20017881613458413,-1.3222203987001053,-0.09292068034150495,0.0,3.038194134003586e-05,0.0,0.05746018400134735,0.1348608,45.22912,-0.4891156390243163,-0.014567028386712385,-163.84037783,0.618982016,-0.5,8110080,36.117479331743105,-0.009602864583333258,1.8834290248483596,0.019951986,1756,0.000283816704,-33.67514190673828,0.9703682065010071,0.9852752685546875,-0.01676791876088828,0.18572998046875,-0.3684053122997284,0.2,0.0008617087005404755
441,0.01,-1.3351197263798783e-08,-0.21937610744146077,0.0,2771,63.91,-3.4167040104272666e-05,-0.07982542005440302,-0.18372207286097825,-0.0004304525412854289,-0.27338293021347176,0.0,0.0,0.0,2933,-0.044033958285210555,-2.0688604178786996,0.10195266848430753,-0.10553000769843315,-0.5822444421002116,-0.10232874083071111,0.0,-0.011595125314426153,0.0,0.0,-0.20328365858738093,-1.3210194857081203,-0.09302374478603254,0.0,8.68055051089161e-06,0.0,0.057796866545791734,0.135168,45.2752,-0.4901882407925172,-0.015053681429385,-163.54956357,0.61891136,-0.5,8128512,35.68343396950764,-0.009168836805555507,1.8191142815603503,0.020374127,1760,0.00028377984,-33.67114448547363,0.9698724150657654,0.9849892854690552,-0.018459549130056985,0.18314208984375,-0.3752928674221039,0.2,0.0009150789584964514
442,0.01,-1.3237605009126205e-08,-0.22172431522987843,0.0,2771,63.26,-3.486555706845213e-05,-0.07981137146853165,-0.18099925747374085,-0.0004370254954965892,-0.2779345522555937,0.0,0.0,0.0,2939,-0.04535956032023702,-2.0733538309593476,0.10490059328676574,-0.10469983329961066,-0.5823723083788422,-0.11042533433686492,0.0,-0.011670103849470606,0.0,0.0,-0.2085166506067381,-1.3224775530725699,-0.09353123119359859,0.0,0.0,0.0,0.057897455022632695,0.1354752,45.32128,-0.48994075074473,-0.014891463782987557,-162.93741522000002,0.618840704,-0.5,8146944,36.71520765036801,-0.009136284722222178,1.9359505523845468,0.019099507,1764,0.00028374297599999997,-33.65865364074707,0.9714295268058777,0.9843634366989136,-0.016412013955414296,0.16961669921875,-0.3648103177547455,0.2,0.0008440478675765916
443,0.01,-1.3744323206105325e-08,-0.22105884054705519,0.0,2771,64.15,-3.511024034101554e-05,-0.08019795998944482,-0.18474420183802978,-0.00044148360231453576,-0.280497569420203,0.0,0.0,0.0,2946,-0.04420636340258614,-2.0779241491710057,0.1020253386108784,-0.10594465129355649,-0.585839661074992,-0.10334631142754598,0.0,-0.01187413555536617,0.0,0.0,-0.20714924987899663,-1.331470414513595,-0.09376208657814922,0.0,1.085065175882644e-06,0.0,0.05806868486547122,0.1357824,45.36736,-0.4917733051615803,-0.01446448949637771,-163.83437429999998,0.618770048,-0.5,8165376,35.70886851380744,-0.00935329861111106,1.8226666908988767,0.0206266,1768,0.000283706112,-33.65070476531982,0.9744962453842163,0.9842814803123474,-0.01784513589227572,0.1927001953125,-0.3686341643333435,0.2,0.0007867761189118028
444,0.01,-1.3929761519797524e-08,-0.21908555610441194,0.0,2771,64.63,-3.559136607843477e-05,-0.0802542458857885,-0.1834986766913865,-0.0004484973484282541,-0.28091179190753923,0.0,0.0,0.0,2952,-0.04571366556376771,-2.068275262184093,0.10828898318344682,-0.10774303419548248,-0.5806280465916817,-0.10790944380037314,0.0,-0.011906892004975569,0.0,0.0,-0.21242726858355973,-1.3319038701843604,-0.09311310046534205,0.0,1.6276035845900576e-05,0.0,0.05760822811815342,0.1360896,45.41344,-0.4942803974162487,-0.015315182817478975,-164.28377611,0.618699392,-0.5,8183808,37.90114411420639,-0.009678819444444363,2.0521508759785374,0.01948439,1772,0.000283669248,-33.645623779296876,0.973737359046936,0.9839580059051514,-0.014898647321388125,0.1677001953125,-0.36162346601486206,0.2,0.0007706870819674805
445,0.01,-1.3469987905380024e-08,-0.22122764501650527,0.0,2771,64.26,-3.5233883337283554e-05,-0.08008305562434175,-0.1831860574347184,-0.00045007369498296874,-0.2797002789339617,0.0,0.0,0.0,2959,-0.045918965691889066,-2.080497472800462,0.10532918743979452,-0.10606648602555874,-0.5857886713924518,-0.11446088344081765,0.0,-0.012063985188212225,0.0,0.0,-0.21627469196717355,-1.3309366080765497,-0.09376538456757368,0.0,0.0,0.0,0.05823482314359765,0.1363968,45.45952,-0.48945727449624904,-0.013807481001195911,-163.89916881000002,0.618628736,-0.5,8202240,36.865215603928085,-0.009092881944444398,1.9545991714949869,0.019564467,1776,0.000283632384,-33.64342708587647,0.9735977053642273,0.9841997027397156,-0.019745642563793808,0.16279296875,-0.37359100580215454,0.2,0.0007885113038355485
446,0.01,-1.375090927039033e-08,-0.2224766011175433,0.0,2771,63.84,-3.52158356576794e-05,-0.08007066404774249,-0.18386088220230526,-0.00044612486155163234,-0.27910204607130995,0.0,0.0,0.0,2965,-0.045186122616947114,-2.076463626795155,0.10285339248828168,-0.10635309855660997,-0.5859210409015572,-0.10245940457886477,0.0,-0.01192121676788186,0.0,0.0,-0.21606024197440518,-1.328933867621105,-0.09432075669469932,0.0,7.595485335008965e-06,0.0,0.0579754578100008,0.136704,45.5056,-0.4942894890594947,-0.015449731078762043,-163.50481343,0.61855808,-0.5,8220672,35.99868737089859,-0.00914713541666662,1.8853644669072875,0.018353593,1780,0.00028359551999999997,-33.64671154022217,0.9770320653915405,0.9841057658195496,-0.016791384585667403,0.169970703125,-0.36929839849472046,0.2,0.0007019441720331088
447,0.01,-1.3558448504249098e-08,-0.2196957954896519,0.0,2771,63.88,-3.533534378309164e-05,-0.08022398619594323,-0.18244928197522944,-0.0004472728888302697,-0.275862225878413,0.0,0.0,0.0,2972,-0.04535134126788281,-2.072175511413242,0.11544275265690265,-0.10617761527077038,-0.5817162590122786,-0.110476512641491,0.0,-0.011798609867950512,0.0,0.0,-0.21790113143801998,-1.3319822910333117,-0.09191453998002938,0.0,0.0,0.0,0.05799424947102294,0.1370112,45.551680000000005,-0.4934633941686904,-0.015082978290997239,-163.52468057,0.618487424,-0.5,8239104,40.40496342991593,-0.009201388888888832,2.3322473542455073,0.01984901,1784,0.000283558656,-33.6484296798706,0.9720711708068848,0.9843101501464844,-0.016955545684322715,0.17601318359375,-0.3697025775909424,0.2,0.000858523475471884
448,0.01,-1.4192721300745295e-08,-0.22130438526395954,0.0,2771,64.15,-3.6155156970957996e-05,-0.08008879490004978,-0.18308041122940694,-0.0004544180733169675,-0.2805653473002785,0.0,0.0,0.0,2979,-0.04504136381880211,-2.0749497205289433,0.10556223390080902,-0.10826001411873618,-0.5890159703797456,-0.10506069053675092,0.0,-0.012245572853865917,0.0,0.0,-0.2014062001114384,-1.3268191669464484,-0.09390830140386351,0.0,2.170130351765288e-06,0.0,0.05822289005076739,0.1373184,45.59776,-0.4861079294755949,-0.014941376798863834,-163.81253420000002,0.618416768,-0.5,8257536,36.94678186528316,-0.009255642361111061,1.961802711472772,0.01931009,1788,0.000283521792,-33.64649696350098,0.9751926064491272,0.9841005206108093,-0.018614696501754225,0.1915283203125,-0.37402114272117615,0.2,0.0007761654764181003
449,0.01,-1.3861088475914328e-08,-0.21823272804540145,0.0,2771,63.29,-3.581227283320547e-05,-0.08036710099897784,-0.181744057061022,-0.00045432576944154406,-0.2789907236274943,0.0,0.0,0.0,2985,-0.04513997159636466,-2.0725595582239937,0.10412333903752671,-0.10474572533512462,-0.5849153963371482,-0.1019728395582944,0.0,-0.01211679976392626,0.0,0.0,-0.21607388362626345,-1.3280203408299296,-0.09311445579984766,0.0,1.193576544109318e-05,0.0,0.05831491151410199,0.1376256,45.64384,-0.4902878588111084,-0.014579506660488227,-162.96627405000004,0.618346112,-0.5,8275968,36.44316866313435,-0.0094401041666666,1.9370210397335326,0.01743636,1792,0.000283484928,-33.640940475463864,0.9737416505813599,0.9839536547660828,-0.01592219262383878,0.17275390625,-0.36575084924697876,0.2,0.0008091270225122571
450,0.01,-1.3692488409164282e-08,-0.21949988407450344,0.0,2771,64.31,-3.634269174154887e-05,-0.08049747376897665,-0.1801003372999629,-0.0004653303036170648,-0.28127921110395326,0.0,0.0,0.0,2992,-0.04697786746159493,-2.079696321151258,0.1129228577422105,-0.10517334316276794,-0.589262018873763,-0.11549822718260633,0.0,-0.012220274548924256,0.0,0.0,-0.22732997052838233,-1.3239834524692264,-0.0935832134212696,0.0,2.2786456005026896e-05,0.0,0.058580158268289995,0.1379328,45.68992,-0.4883446169291204,-0.015182804534561,-163.93220493,0.618275456,-0.5,8294400,39.52300020977368,-0.00907118055555551,2.240321994868945,0.021503732,1796,0.00028344806399999996,-33.64220752716064,0.971942126750946,0.9840677976608276,-0.014378452999517321,0.18629150390625,-0.36269477009773254,0.2,0.0008727802633075044
451,0.01,-1.3774716277434117e-08,-0.2175973050065135,0.0,2771,64.02,-3.6201575387061443e-05,-0.08061189477494185,-0.1831195497364407,-0.0004522026655380114,-0.27350502746054195,0.0,0.0,0.0,2998,-0.04434727078363599,-2.057849957667814,0.09970412602751424,-0.10558208159176483,-0.5771847245684611,-0.10392162022830514,0.0,-0.01200057325644264,0.0,0.0,-0.22129244480026938,-1.3267944941683485,-0.0920904444362923,0.0,1.8446175898942682e-05,0.0,0.057643506203087586,0.13824,45.736000000000004,-0.4950087260264552,-0.015665117057829372,-163.65117951,0.6182048,-0.5,8312832,34.89644410962998,-0.009233940972222167,1.7475091902241955,0.019530365,1800,0.0002834112,-33.64431591033936,0.9730802774429321,0.984071671962738,-0.016707583598326893,0.16351318359375,-0.36772698163986206,0.2,0.0008385982597246766
452,0.01,-1.3286195908625074e-08,-0.21861005325658134,0.0,2772,64.3,-3.660107339998452e-05,-0.08056486274162802,-0.18003363347274928,-0.0004646770864073494,-0.2785071491279697,0.0,0.0,0.0,3005,-0.04555989759404136,-2.0790447047436564,0.10119219068378155,-0.1031355871547802,-0.5860236543353394,-0.10469972886883697,0.0,-0.012300795459511139,0.0,0.0,-0.21422095024544968,-1.3229988871401388,-0.09380181614173264,0.0,3.363714656896061e-05,0.0,0.05835092794788399,0.1385472,45.78208,-0.4829133541658764,-0.014909910044581112,-163.94952910999996,0.618134144,-0.5,8331264,35.417266739323544,-0.009559461805555487,1.799325123470679,0.020583834,1804,0.000283374336,-33.641024589538574,0.9729864597320557,0.9842082858085632,-0.018219360522925852,0.1973876953125,-0.369943767786026,0.2,0.0008438691438641399
453,0.01,-1.3653489531462088e-08,-0.2191785046950723,0.0,2772,64.88,-3.679772841418456e-05,-0.08061639840705831,-0.1806431012669261,-0.00046279110903438205,-0.272970364208616,0.0,0.0,0.0,3012,-0.04602272333463546,-2.07559534416732,0.10077403803430524,-0.10373711292500518,-0.5885594008533919,-0.10651178465383844,0.0,-0.012268643893993984,0.0,0.0,-0.21440348595832975,-1.3263539315790949,-0.09424495461880124,0.0,2.1701381127867433e-05,0.0,0.05817554847460195,0.1388544,45.82816,-0.4834612931297781,-0.014645696072774526,-164.52429516,0.618063488,-0.5,8349696,35.27091331200683,-0.009440104166666612,1.7903019193777783,0.019905057,1808,0.000283337472,-33.63651390075684,0.9746485352516174,0.9838333129882812,-0.01816350920125842,0.1779541015625,-0.3742435574531555,0.2,0.0008092711825156585
454,0.01,-1.3725035877255103e-08,-0.22077461357505668,0.0,2772,64.93,-3.696397732437615e-05,-0.08058932959534666,-0.17980832745801278,-0.00046090777102651145,-0.28128855400173425,0.0,0.0,0.0,3018,-0.045616316087429915,-2.0870412542612855,0.09912550833389813,-0.10400550472851874,-0.591547952594484,-0.1030011341408368,0.0,-0.012171734805933707,0.0,0.0,-0.20958780180564707,-1.3229092569733276,-0.09428386754615163,0.0,1.519097067001793e-05,0.0,0.05886048149142827,0.1391616,45.87424,-0.4791428005869999,-0.013916530295520917,-164.57991430999994,0.617992832,-0.5,8368128,34.69392791686435,-0.009299045138888837,1.7277466940596786,0.019019028,1812,0.000283300608,-33.636881065368655,0.9722690582275391,0.984036922454834,-0.014870724908541888,0.17291259765625,-0.36107173562049866,0.2,0.0008660889405291527
455,0.01,-1.3720170687633689e-08,-0.21741928643212363,0.0,2772,63.04,-3.659335511103833e-05,-0.08056763430561449,-0.18189162823682894,-0.00046052500720888744,-0.27441191476166177,0.0,0.0,0.0,3025,-0.04576332723027852,-2.0600627941634797,0.10681394107822625,-0.10092263279176578,-0.576381444483674,-0.10820175307393853,0.0,-0.012067957699568895,0.0,0.0,-0.21906990773591295,-1.3254605674145976,-0.09274138627836925,0.0,1.085065175882644e-06,0.0,0.057267741953789905,0.1394688,45.920320000000004,-0.4890467813579792,-0.015202878376132704,-162.64636916,0.617922176,-0.5,8386560,37.38487937737919,-0.00925564236111106,1.9966530120878483,0.018484026,1816,0.00028326374399999997,-33.64007053375244,0.9735897779464722,0.9841814041137695,-0.015259470418095588,0.17056884765625,-0.36485692858695984,0.2,0.0008488275372656063
456,0.01,-1.4080460276177593e-08,-0.21683097458353606,0.0,2772,64.55,-3.699246150086421e-05,-0.08059299159053507,-0.181271432540917,-0.00046859721399744505,-0.2779260386494674,0.0,0.0,0.0,3031,-0.04621895962866382,-2.0794845926520056,0.10706522903208224,-0.10112134078857861,-0.5850398649044826,-0.10383031386343057,0.0,-0.012132923682465735,0.0,0.0,-0.22346988944318852,-1.3210960824128264,-0.09256172596355279,0.0,1.085065175882644e-06,0.0,0.0586026980770705,0.139776,45.9664,-0.48383421964658585,-0.014899601723300293,-164.16529618,0.61785152,-0.5,8404992,37.472830161228785,-0.009570312499999928,2.028445325908399,0.020393664,1820,0.00028322688,-33.63856868743896,0.9738747477531433,0.9841386675834656,-0.01892255984712392,0.17442626953125,-0.37292957305908203,0.2,0.0008422844432061539
457,0.01,-1.3519824437030265e-08,-0.21491704557636596,0.0,2772,64.18,-3.7361900001890177e-05,-0.08072550379627891,-0.18136813559811463,-0.0004669388963275408,-0.2720204704025132,0.0,0.0,0.0,3038,-0.04624018076963601,-2.065177705503851,0.10015076231605319,-0.10482281347608093,-0.5817145323263052,-0.11396870342353191,0.0,-0.012268088212806498,0.0,0.0,-0.22180991761763413,-1.322295320429439,-0.09213888301842571,0.0,1.736110102178322e-05,0.0,0.057249271444048816,0.1400832,46.01248,-0.4818165640167392,-0.01426049697976042,-163.80199457000003,0.617780864,-0.5,8423424,35.052766810618614,-0.009244791666666613,1.7572879532145442,0.021695131,1824,0.000283190016,-33.63846397399902,0.9728460311889648,0.9839748740196228,-0.015961474319919945,0.19249267578125,-0.3623419404029846,0.2,0.0008912311692256481
458,0.01,-1.418236565841775e-08,-0.21777571883087837,0.0,2772,63.77,-3.7304921788391474e-05,-0.08068401821872505,-0.18136754332365196,-0.0004664665644912526,-0.2743208209151363,0.0,0.0,0.0,3044,-0.0449392346135186,-2.0653377397969948,0.10711271919511056,-0.10327041662431469,-0.5843612222836886,-0.10066859475157393,0.0,-0.012130279834612375,0.0,0.0,-0.21909951068726116,-1.313382346315271,-0.092493616944829,0.0,1.3020830616975823e-05,0.0,0.05793901798085263,0.1403904,46.05856,-0.4849009170262541,-0.014909910042964233,-163.39343251,0.617710208,-0.5,8441856,37.4894517182887,-0.00922309027777773,2.0137565610021557,0.018469708,1828,0.000283153152,-33.62676372528076,0.975129246711731,0.9832115173339844,-0.018407450173981488,0.1774169921875,-0.37197345495224,0.2,0.0008207564009353518
459,0.01,-1.3642144699616116e-08,-0.21660534817954527,0.0,2772,64.41,-3.836653297874261e-05,-0.08057025936855489,-0.18027443974366772,-0.0004852118408791859,-0.2855257750357863,0.0,0.0,0.0,3051,-0.04746929981686565,-2.083978631832123,0.10617452691954371,-0.10395401613539965,-0.5940026928311845,-0.1109629914620585,0.0,-0.012644934999315155,0.0,0.0,-0.21769174060321317,-1.3201123304745854,-0.0935677483508336,0.0,1.6276035845900576e-05,0.0,0.0585755161362662,0.1406976,46.10464,-0.48129424918657665,-0.013938231985472763,-164.03765056,0.617639552,-0.5,8460288,37.1610844218403,-0.009516059027777711,1.98133959679445,0.019410133,1832,0.00028311628799999997,-33.61636123657227,0.9701691269874573,0.9828521609306335,-0.01904121079714969,0.163037109375,-0.37323662638664246,0.2,0.0009505207737674937
460,0.01,-1.3753380235829369e-08,-0.2180230176425732,0.0,2772,65.17,-3.8613088678926504e-05,-0.08067988988460133,-0.179781784890581,-0.0004773094743716307,-0.28016250671654147,0.0,0.0,0.0,3058,-0.046905633293661736,-2.070994452076549,0.10216042252980165,-0.10389629911314395,-0.5874402442766736,-0.1112926829615229,0.0,-0.012263636091831965,0.0,0.0,-0.2019488666184473,-1.3193187284252004,-0.09412825276541592,0.0,2.387153088218636e-05,0.0,0.05772635648808912,0.1410048,46.15072000000001,-0.4830859908659261,-0.013695176936582558,-164.76358748,0.617568896,-0.5,8478720,35.75614788543058,-0.009928385416666581,1.8280287810243983,0.019936789,1836,0.000283079424,-33.608493614196775,0.9756060242652893,0.9825860261917114,-0.015219281055033207,0.1841064453125,-0.3647529184818268,0.2,0.0007762332184938714
461,0.01,-1.3518139704193315e-08,-0.21559611064498801,0.0,2772,64.42,-3.838854873219646e-05,-0.08057570519693484,-0.18168897357000885,-0.00047742099188296486,-0.27861908907201566,0.0,0.0,0.0,3064,-0.045570139490550554,-2.0630332053891496,0.10176664640986699,-0.10399271154934497,-0.5832843902224992,-0.1084911983195064,0.0,-0.012225786774338405,0.0,0.0,-0.21315687983261145,-1.3209540820764005,-0.09245890563215937,0.0,2.6041661233951647e-05,0.0,0.057554432970779085,0.141312,46.196799999999996,-0.48381428746561245,-0.01423608298581611,-164.03403819,0.61749824,-0.5,8497152,35.618326243453446,-0.009711371527777702,1.836531502568959,0.02039108,1840,0.00028304256,-33.599070930480956,0.971286952495575,0.9822850227355957,-0.017789991141762586,0.18114013671875,-0.36166930198669434,0.2,0.0009557655721437186
462,0.01,-1.4461125091203806e-08,-0.21541069225250886,0.0,2771,63.38,-3.816477059660926e-05,-0.08069624384988518,-0.18115343127342431,-0.0004713736930928189,-0.27532832604806146,0.0,0.0,0.0,3072,-0.04429978605668358,-2.065107324491799,0.10375469002458801,-0.10491444425913823,-0.5877999569214627,-0.0953998561893003,0.0,-0.012469470433201648,0.0,0.0,-0.21367933720736051,-1.3211903519074861,-0.09295497975524969,0.0,1.519097067001793e-05,0.0,0.05769774022666918,0.1416192,46.24288,-0.48427043025245603,-0.013443440879604572,-163.01369524,0.617427584,-0.5,8515584,36.3141415086058,-0.009624565972222155,1.8842411709239042,0.019599978,1844,0.000283005696,-33.58866443634033,0.9712650775909424,0.9817615747451782,-0.018910906463861465,0.1765869140625,-0.3680397570133209,0.2,0.0009594227944035083
463,0.01,-1.3685938763456942e-08,-0.22132978989713503,0.0,2771,65.17,-3.8628823852198406e-05,-0.080878744425846,-0.18103163405068268,-0.0004753372730905689,-0.2779916360168361,0.0,0.0,0.0,3079,-0.045779156740198196,-2.0773421751850005,0.10166543141227785,-0.10314146342849383,-0.5934979329305478,-0.10938091927789567,0.0,-0.012253996953201514,0.0,0.0,-0.2115180423213359,-1.3236725242628937,-0.09485439742605373,0.0,4.448784683417115e-05,0.0,0.05847402159622116,0.1419264,46.28896,-0.47899144767726765,-0.014351642790845491,-164.77889449999998,0.617356928,-0.5,8534016,35.58290099429725,-0.009461805555555496,1.8168801975915985,0.02044793,1848,0.000282968832,-33.577300453186034,0.9736481308937073,0.9813897609710693,-0.01712167952209711,0.193408203125,-0.36489376425743103,0.2,0.0008765262668021023
464,0.01,-1.348196922267977e-08,-0.21500889391717537,0.0,2771,64.44,-3.896455698841278e-05,-0.080789454719196,-0.1804266948276845,-0.00048019280436475704,-0.27246047982103627,0.0,0.0,0.0,3085,-0.04527637252253893,-2.061833015089733,0.10587396584637129,-0.10328507587845534,-0.5872499870185693,-0.10228694726814103,0.0,-0.012256491209459798,0.0,0.0,-0.2138832346841258,-1.3145847895363867,-0.0927329675816344,0.0,1.085065175882644e-06,0.0,0.057368654433130474,0.1422336,46.33504,-0.4842774706109545,-0.015518090319043646,-164.03508256,0.617286272,-0.5,8552448,37.05588804622995,-0.008865017361111076,1.9620047577131288,0.020075472,1852,0.000282931968,-33.57324619293213,0.974291205406189,0.9814357757568359,-0.01659042281098664,0.19427490234375,-0.36291050910949707,0.2,0.0008468574058497324
465,0.01,-1.3702906177744898e-08,-0.21650980100176748,0.0,2771,65.18,-3.882348347223687e-05,-0.08069944260927946,-0.18001364448706889,-0.0004861796526115954,-0.27876481986012597,0.0,0.0,0.0,3092,-0.04502913127428293,-2.070260091554827,0.1063858907530763,-0.10236894738723998,-0.588840020886113,-0.10359531286408916,0.0,-0.012313375125027469,0.0,0.0,-0.21516474114547507,-1.3161649498082406,-0.09328912615887816,0.0,1.9531250776102144e-05,0.0,0.05823586616641949,0.1425408,46.381119999999996,-0.4826594032148442,-0.013694634192183407,-164.76526341000002,0.617215616,-0.5,8570880,37.23506176357671,-0.009646267361111039,2.0577536084625483,0.021324005,1856,0.000282895104,-33.57182064056396,0.9737915396690369,0.9813485145568848,-0.017929028102662413,0.19478759765625,-0.37303540110588074,0.2,0.0009224642533808946
466,0.01,-1.4115510552036918e-08,-0.21828834426667468,0.0,2771,64.66,-3.946871495275793e-05,-0.08121438866266911,-0.17962969733620912,-0.0004870452788799119,-0.2763697181618589,0.0,0.0,0.0,3098,-0.04472523845071915,-2.076681020631044,0.10534698574565801,-0.10355147772956946,-0.593086132133807,-0.09926410638293952,0.0,-0.012307280376029059,0.0,0.0,-0.22136453198823225,-1.319175205269352,-0.09377169473784967,0.0,1.5190960968741112e-05,0.0,0.05855913685731554,0.142848,46.4272,-0.4804187046568922,-0.01434404710178367,-164.2412798,0.61714496,-0.5,8589312,36.8714450109803,-0.009657118055555487,1.9505980077156533,0.020789865,1860,0.00028285824,-33.57762508392334,0.9724400043487549,0.9818474054336548,-0.01825777899939567,0.20611572265625,-0.36856862902641296,0.2,0.0009069628518773243
467,0.01,-1.3986435064706538e-08,-0.219418004506892,0.0,2771,64.24,-3.965203822899811e-05,-0.08112805478076654,-0.17833105594346466,-0.0004912375838029448,-0.2731555042720071,0.0,0.0,0.0,3105,-0.044626161237860056,-2.0777835404389253,0.10364628995530892,-0.10276772887820379,-0.591234200582178,-0.09589072399092069,0.0,-0.012381832903007648,0.0,0.0,-0.2243594033483622,-1.3162738988680045,-0.09417508064345853,0.0,0.0,0.0,0.05837871798961299,0.1431552,46.47328,-0.48347580376146865,-0.014486191196030833,-163.87880513,0.617074304,-0.5,8607744,36.27620148435812,-0.009602864583333265,1.8850878445363655,0.019123772,1864,0.00028282137599999996,-33.58054370880127,0.9755358695983887,0.9817408323287964,-0.017996603465871886,0.1836669921875,-0.3677384555339813,0.2,0.000841198317357339
468,0.01,-1.3483195076074079e-08,-0.21749166556840785,0.0,2771,63.47,-3.969504223339835e-05,-0.08114250624815779,-0.1787123866926878,-0.0004941754673064246,-0.2732840428171025,0.0,0.0,0.0,3112,-0.04496224344923929,-2.0746020946121493,0.10647528533419709,-0.1026101639116903,-0.5879829953065263,-0.10531119904594238,0.0,-0.012573820361430725,0.0,0.0,-0.2296250882622317,-1.3159511036924694,-0.09374277162610921,0.0,1.9531250776102144e-05,0.0,0.05776572318162968,0.1434624,46.51936,-0.4827089624146636,-0.013258436746481393,-163.04017849,0.6170036480000001,-0.5,8626176,37.26634986696898,-0.009168836805555504,1.9863642702112578,0.018695291,1868,0.000282784512,-33.57389907836914,0.974856436252594,0.9814879298210144,-0.016900644754059613,0.1796142578125,-0.3710328936576843,0.2,0.0008434006245806813
469,0.01,-1.3983081675083205e-08,-0.21788034276959153,0.0,2771,64.6,-3.973171613844282e-05,-0.08138066154410618,-0.17988692071145695,-0.0004944942365959469,-0.2764188796236499,0.0,0.0,0.0,3118,-0.045812110371054565,-2.077405034769198,0.10920162054090807,-0.10392833269997469,-0.591066209052966,-0.10486149450068903,0.0,-0.012535480056371043,0.0,0.0,-0.2304445695176271,-1.3221326737091645,-0.0942151899051406,0.0,0.0,0.0,0.05800541166901206,0.1437696,46.565439999999995,-0.4839130773792417,-0.014161213165304313,-164.1836482,0.6169329920000001,-0.5,8644608,38.220567189317826,-0.009592013888888813,2.1008786844313203,0.019405082,1872,0.000282747648,-33.567338943481445,0.9712050557136536,0.9813370704650879,-0.019341928791254757,0.1925048828125,-0.3710232973098755,0.2,0.00099650654301513
470,0.01,-1.3754810543493663e-08,-0.21771754467863388,0.0,2771,64.35,-3.967618018847471e-05,-0.08133413345134674,-0.1792955310491081,-0.0004944709872637751,-0.27087995500509776,0.0,0.0,0.0,3125,-0.044873706060615796,-2.077381315754222,0.10761278757469711,-0.10350086254970213,-0.5916485966368781,-0.09985234227799838,0.0,-0.012462964856284585,0.0,0.0,-0.219773612840506,-1.31884630738008,-0.09425292430017816,0.0,2.278644630375008e-05,0.0,0.05806174649934089,0.1440768,46.61152,-0.48290840651294364,-0.014453096721101448,-163.92497849,0.6168623360000001,-0.5,8663040,37.66447565114399,-0.009483506944444374,2.0265896621870385,0.021188674,1876,0.000282710784,-33.57391834259033,0.9737833142280579,0.9817675352096558,-0.017713547055609524,0.18946533203125,-0.3663322329521179,0.2,0.0008923128189053386
471,0.01,-1.4500055298574665e-08,-0.21949239705259296,0.0,2771,64.77,-3.996911146945661e-05,-0.08145275439099307,-0.1779438839683382,-0.0005023966554663842,-0.28496746153500657,0.0,0.0,0.0,3131,-0.046674182305892896,-2.092146730693888,0.1059475097915174,-0.10770715445467935,-0.5988930261755924,-0.10962758618763474,0.0,-0.012759668846562383,0.0,0.0,-0.2253395203377847,-1.323630490726697,-0.09440098204403247,0.0,3.038194134003586e-05,0.0,0.05935916912906953,0.144384,46.6576,-0.47772218241294656,-0.013262777115515847,-164.36651472999998,0.6167916800000001,-0.5,8681472,37.08162842703109,-0.009429253472222166,1.96454946153519,0.020380527,1880,0.00028267392,-33.574303817749026,0.974947988986969,0.9815847277641296,-0.019112957734614612,0.191162109375,-0.3697797358036041,0.2,0.0008358984225196764
472,0.01,-1.3443730677130145e-08,-0.21767051281943584,0.0,2771,64.79,-3.9847988167822105e-05,-0.08116970912373672,-0.17819526543701947,-0.0004932750667482009,-0.2776568908100319,0.0,0.0,0.0,3138,-0.045281806480491155,-2.082094152394918,0.10413754660325136,-0.10346444382105487,-0.5897567864677593,-0.10602288620838604,0.0,-0.012268261791310934,0.0,0.0,-0.23055839121629415,-1.3234110272220097,-0.09297012004916229,0.0,4.5572921711330615e-05,0.0,0.058653922929135946,0.1446912,46.70368,-0.4826774133434337,-0.013716335308143042,-164.34448351000003,0.6167210240000001,-0.5,8699904,36.448141311137974,-0.009309895833333281,1.911180446528026,0.020109741,1884,0.00028263705599999996,-33.57661724090576,0.9741547107696533,0.981805682182312,-0.017597648227820173,0.18607177734375,-0.37052613496780396,0.2,0.0008468997286399827
473,0.01,-1.3984269545899377e-08,-0.21247632609690417,0.0,2772,64.42,-3.994622364513672e-05,-0.08106417801431486,-0.17865372393752196,-0.0004986137133456297,-0.27037387880563646,0.0,0.0,0.0,3145,-0.04572436738555534,-2.061242703925863,0.10321624908482216,-0.10283453702160289,-0.5857422909975568,-0.10882874061723628,0.0,-0.01257982464681321,0.0,0.0,-0.22837513568877826,-1.3222628362450257,-0.092225234641106,0.0,3.472222144612008e-05,0.0,0.05728333713275871,0.1449984,46.749759999999995,-0.4840059556192197,-0.014270805304274999,-164.00184603999998,0.6166503680000001,-0.5,8718336,36.12568717968776,-0.009733072916666592,1.887973310966431,0.020457614,1888,0.000282600192,-33.57350578308105,0.9742671251296997,0.9814639091491699,-0.01779902072157711,0.186083984375,-0.37077420949935913,0.2,0.0008799731673207134
474,0.01,-1.3761960539282065e-08,-0.21832934542749244,0.0,2772,64.29,-4.0052821985822455e-05,-0.08115571796892952,-0.1777305617705275,-0.0004933106668653906,-0.2713623540696538,0.0,0.0,0.0,3151,-0.04604295286936632,-2.074186213177906,0.10132918547813807,-0.10247156980895267,-0.5904790232135636,-0.11017422422067526,0.0,-0.01231420892294132,0.0,0.0,-0.22174488820450083,-1.3193113659286786,-0.09363696258089482,0.0,1.8446175898942682e-05,0.0,0.058191236511482156,0.1453056,46.79584,-0.48316568210906063,-0.013493896714256456,-163.89038241000003,0.6165797120000001,-0.5,8736768,35.46521491734833,-0.00952690972222215,1.8051522075598894,0.020557668,1892,0.000282563328,-33.56796131134033,0.9763630628585815,0.9813345670700073,-0.019442211199202575,0.1945068359375,-0.368295818567276,0.2,0.000823612604290247
475,0.01,-1.4012241037372386e-08,-0.21585643496934345,0.0,2772,66.12,-4.030675053378208e-05,-0.08128663413134611,-0.17713538094465286,-0.0004979830829321501,-0.27142882209233943,0.0,0.0,0.0,3158,-0.04600946139440118,-2.0794415641131523,0.10716808427801497,-0.10308408600227932,-0.5918128183505516,-0.10919129382035724,0.0,-0.012434893362140842,0.0,0.0,-0.22642722833681247,-1.3236412293078843,-0.09336724299110849,0.0,3.255208139307797e-05,0.0,0.057885156450157536,0.1456128,46.84192,-0.48223727271140554,-0.012852621547709633,-165.66379065,0.616509056,-0.5,8755200,37.508829497305236,-0.009917534722222125,2.016873502518539,0.021792915,1896,0.000282526464,-33.559559440612794,0.9731168746948242,0.9810208082199097,-0.01814862376777455,0.185791015625,-0.3713913857936859,0.2,0.0008993689552880824
476,0.01,-1.4113768489591589e-08,-0.21890942078838316,0.0,2772,64.72,-4.050795570900448e-05,-0.08129654295237468,-0.1790956668292795,-0.0005071140208850633,-0.2796427052898082,0.0,0.0,0.0,3164,-0.04660685374643616,-2.0831019481458615,0.10941041538765009,-0.1025859630643166,-0.5952847832272355,-0.10952432935677238,0.0,-0.012678413794352415,0.0,0.0,-0.22757361569258905,-1.3227152474304136,-0.09427537750294133,0.0,0.0,0.0,0.05903863390214811,0.14592,46.888,-0.4774831329232434,-0.01322859769505966,-164.31933768,0.6164384,-0.5,8773632,38.29364538567753,-0.009635416666666589,2.1080665301761186,0.02042387,1900,0.0002824896,-33.555827140808105,0.9728200435638428,0.9809837341308594,-0.018142631696537136,0.19288330078125,-0.3719749450683594,0.2,0.0009649036335758864
477,0.01,-1.4028145352069142e-08,-0.2148811679137832,0.0,2772,63.03,-4.0101234648090456e-05,-0.08145410040204625,-0.17707144807418973,-0.0005046123557161673,-0.27728414864389733,0.0,0.0,0.0,3171,-0.04676603691040352,-2.075462920733068,0.10542360176489193,-0.10381143849782076,-0.5861286966594363,-0.11458897452027575,0.0,-0.012684689623018934,0.0,0.0,-0.23832233591049745,-1.31292969616063,-0.09236815893490417,0.0,2.9296866462876398e-05,0.0,0.05813280189391393,0.1462272,46.93408,-0.4854742398945349,-0.014229572543020671,-162.62055149,0.616367744,-0.5,8792064,36.898260617712175,-0.009950086805555463,1.9471925512330657,0.0199689,1904,0.00028245273599999997,-33.553463745117185,0.9703460931777954,0.9808539152145386,-0.01717645765747875,0.18079833984375,-0.37021854519844055,0.2,0.001067048602271825
478,0.01,-1.4656398838588568e-08,-0.2174333428273552,0.0,2772,64.53,-4.088818827730357e-05,-0.08153121942289028,-0.17777882855309313,-0.0005196004896144661,-0.27889176672814037,0.0,0.0,0.0,3178,-0.04719239090380383,-2.089301717105354,0.10780269438323883,-0.10478394731939379,-0.5986095095985529,-0.10725083290542581,0.0,-0.013078569178876152,0.0,0.0,-0.23685208656405132,-1.3257243764523012,-0.09480915516321542,0.0,0.0,0.0,0.05853478945573812,0.1465344,46.98016,-0.48189945667242284,-0.013473822956762483,-164.11564448000001,0.616297088,-0.5,8810496,37.730943034133595,-0.009765624999999924,2.0486260946630805,0.019074794,1908,0.000282415872,-33.55146598815918,0.9717103838920593,0.980817437171936,-0.017552440194413065,0.16939697265625,-0.36595141887664795,0.2,0.0009935307927662507
479,0.01,-1.3852144762628306e-08,-0.21452250365050982,0.0,2772,64.69,-4.071212036176923e-05,-0.08158486234625738,-0.17593093062718823,-0.0005181515695756003,-0.27434531564324555,0.0,0.0,0.0,3184,-0.04721923598952546,-2.074138356821488,0.10306219760862453,-0.10304005665057767,-0.5902328173271,-0.10716031684973898,0.0,-0.01312663088819042,0.0,0.0,-0.23463033150408805,-1.3263313144509148,-0.09298596119323227,0.0,4.231770678112904e-05,0.0,0.05828282393370305,0.1468416,47.02624,-0.4881653569519441,-0.013881808407151967,-164.28060564999998,0.616226432,-0.5,8828928,36.07176916301859,-0.009711371527777703,1.8648228720613098,0.019345498,1912,0.000282379008,-33.55351181030274,0.9722101092338562,0.9809426069259644,-0.01689065113896504,0.17060546875,-0.3665139973163605,0.2,0.000994806012022309
480,0.01,-1.4381686642044749e-08,-0.21406681508824643,0.0,2772,64.96,-4.066627496780871e-05,-0.08170102701323365,-0.17760639653649216,-0.0005174713299062643,-0.27689059134212185,0.0,0.0,0.0,3191,-0.04882485110738533,-2.0716011171865483,0.10204782268461046,-0.10264127392242009,-0.5847504290167445,-0.11951811401004069,0.0,-0.013086109178983259,0.0,0.0,-0.23458228550009416,-1.3223590694533127,-0.09309706563131374,0.0,2.061631595198479e-05,0.0,0.05763640788135423,0.1471488,47.07232,-0.4870774795742157,-0.014408066352997493,-164.53252927999998,0.616155776,-0.5,8847360,35.71673793961366,-0.009342447916666606,1.8364896562232012,0.021452917,1916,0.000282342144,-33.54989528656006,0.9767162203788757,0.9808474779129028,-0.01925924236420542,0.18133544921875,-0.37565097212791443,0.2,0.000840014245477505
481,0.01,-1.4011615156079927e-08,-0.2159979960509095,0.0,2772,64.38,-4.058297884377338e-05,-0.08155750509020848,-0.17609714376128505,-0.0005193270049721264,-0.2815217887800528,0.0,0.0,0.0,3197,-0.04883084969630193,-2.0883790224532484,0.10239155912092829,-0.1024385366403265,-0.5933320450143542,-0.11917469058095759,0.0,-0.012982442027448792,0.0,0.0,-0.2372319039078283,-1.3207792462230579,-0.09361305415807473,0.0,4.123263190396958e-05,0.0,0.059108120288111105,0.147456,47.1184,-0.4812265599232802,-0.01413462900382001,-163.91589144999998,0.61608512,-0.5,8865792,35.8370456923249,-0.009027777777777739,1.8438069089325384,0.020834751,1920,0.00028230527999999997,-33.54354705810547,0.9714468717575073,0.9802783727645874,-0.017974295234307647,0.18551025390625,-0.36518344283103943,0.2,0.0009925839636707678
482,0.01,-1.3945649331961379e-08,-0.21736539276332997,0.0,2772,65.39,-4.1304212301710455e-05,-0.08174478724192688,-0.17693503112172637,-0.0005205938005125299,-0.27859189202484225,0.0,0.0,0.0,3204,-0.04917151398795469,-2.0906924275416894,0.10145804252539434,-0.102740936126969,-0.5965156821842239,-0.11868386014586302,0.0,-0.013042042100978903,0.0,0.0,-0.23303439818871563,-1.3218384357993869,-0.09428975868719182,0.0,4.665797718593644e-05,0.0,0.05905328774098462,0.1477632,47.16448,-0.48486129893101726,-0.014926728525703462,-164.93336965999998,0.616014464,-0.5,8884224,35.51031488388802,-0.009657118055555485,1.8278826622532027,0.021609673,1924,0.000282268416,-33.54328517913818,0.9756938815116882,0.9807131290435791,-0.016768020245945082,0.210205078125,-0.3676702678203583,0.2,0.0008487123704981059
483,0.01,-1.3841192650458444e-08,-0.22036377411771457,0.0,2772,65.46,-4.15388184045876e-05,-0.08161790604888794,-0.17671301726735167,-0.000522619201474458,-0.2833305309417649,0.0,0.0,0.0,3211,-0.049827370822786224,-2.0963597519443296,0.10577816129034195,-0.10286808670727995,-0.6030744063697888,-0.12469912580095194,0.0,-0.013099647100111848,0.0,0.0,-0.2340486390775695,-1.3215311736808883,-0.09554804611591863,0.0,3.797742667504483e-05,0.0,0.06000683069275983,0.1480704,47.21056,-0.4779586349039379,-0.01385251148571519,-165.01098937999998,0.615943808,-0.5,8902656,37.022356451619686,-0.009830729166666581,1.9817272932962875,0.021164883,1928,0.000282231552,-33.537231254577634,0.9784104228019714,0.9798446893692017,-0.015675608662422746,0.1816650390625,-0.3609633147716522,0.2,0.0007817502686521038
484,0.01,-1.3688495422516206e-08,-0.2156006541172553,0.0,2772,64.48,-4.1462812573336034e-05,-0.0814901666276034,-0.1759088027295308,-0.0005269190049879825,-0.27909064849197984,0.0,0.0,0.0,3217,-0.04954540965654157,-2.0882864228054845,0.09938517864825072,-0.10316428343838659,-0.5991189269758729,-0.12945139499768615,0.0,-0.0131960135601166,0.0,0.0,-0.22956544728388112,-1.3210729700193289,-0.09364871017474846,0.0,2.170130351765288e-06,0.0,0.059621392217775945,0.1483776,47.256640000000004,-0.4782945888813788,-0.013797173064732406,-164.08774903000003,0.615873152,-0.5,8921088,34.784812526887755,-0.009320746527777719,1.7439351249258976,0.018648509,1932,0.000282194688,-33.525783157348634,0.9748528003692627,0.9796328544616699,-0.013134912773966789,0.18323974609375,-0.36522215604782104,0.2,0.000875089573673904
485,0.01,-1.3823439402167296e-08,-0.21524206070526217,0.0,2772,64.3,-4.120802084028051e-05,-0.08143429154602054,-0.1751664091731196,-0.0005368398019037578,-0.281080830539544,0.0,0.0,0.0,3224,-0.050791081794612926,-2.0826661316178865,0.10192223454185037,-0.10245646041422735,-0.5943745322364713,-0.13528062289379733,0.0,-0.01354685826956419,0.0,0.0,-0.2382427636266449,-1.31573605747266,-0.09389122415079472,0.0,3.1467006515918504e-05,0.0,0.05865675538869651,0.1486848,47.30272,-0.48379497274451677,-0.014335366470428804,-163.87596008,0.615802496,-0.5,8939520,35.67278208964763,-0.009157986111111063,1.8267621557447784,0.019488905,1936,0.000282157824,-33.523586654663085,0.9745789170265198,0.9798401594161987,-0.01648978185839951,0.17149658203125,-0.3653353452682495,0.2,0.000890344291110523
486,0.01,-1.3960770339365391e-08,-0.21912109160618098,0.0,2772,64.44,-4.151834141196113e-05,-0.08188861921024441,-0.17395177029482828,-0.0005197717262648295,-0.2828526171825365,0.0,0.0,0.0,3231,-0.051630579914798656,-2.0926553994931134,0.10622318419006313,-0.1042238549363256,-0.5969059092246303,-0.14218879821993113,0.0,-0.01330629331078852,0.0,0.0,-0.2344954565876788,-1.3193891835527054,-0.09466752424571678,0.0,1.410588609158165e-05,0.0,0.05955775030243193,0.148992,47.3488,-0.4758075769795664,-0.013387559861358669,-163.99671971,0.61573184,-0.5,8957952,37.178114466522096,-0.009841579861111022,1.9746018242916639,0.020529103,1940,0.00028212096,-33.52945556640625,0.9745011329650879,0.9801883697509766,-0.01913199572591111,0.18382568359375,-0.3723641037940979,0.2,0.0009122640476562083
487,0.01,-1.4176373334380216e-08,-0.21795430256858733,0.0,2772,65.17,-4.254020671759715e-05,-0.08173637266340217,-0.1757404882463966,-0.0005365700659254646,-0.28136999291854176,0.0,0.0,0.0,3237,-0.0516407462256349,-2.0947607860743904,0.1070464626280859,-0.10314748149845221,-0.6006982000911053,-0.1420759611786746,0.0,-0.013584054918699053,0.0,0.0,-0.23360056381828334,-1.3183830067548001,-0.0953582412697664,0.0,2.9296876164153218e-05,0.0,0.059458050514713236,0.1492992,47.39488,-0.47661214098850635,-0.013766791176749393,-164.73593535,0.615661184,-0.5,8976384,37.46626191983007,-0.00955946180555548,2.0088843079475387,0.018424805,1944,0.000282084096,-33.53058090209961,0.9767175912857056,0.9800759553909302,-0.01635592507664114,0.178466796875,-0.36266249418258667,0.2,0.0008259050810011104
488,0.01,-1.4102407616409166e-08,-0.21558140148252475,0.0,2772,65.52,-4.18449531644968e-05,-0.08160003547773263,-0.17401708305110752,-0.0005319700423930111,-0.2769897452462169,0.0,0.0,0.0,3244,-0.05103493485377792,-2.079724976665138,0.10673382760180652,-0.10304051246311821,-0.5908527322693975,-0.13326226653747528,0.0,-0.01352696767050968,0.0,0.0,-0.2441536928958403,-1.3097201128916625,-0.09373189901239294,0.0,1.8446175898942682e-05,0.0,0.05881715542903776,0.1496064,47.440960000000004,-0.48050431196300636,-0.015177379388155209,-165.07054288,0.615590528,-0.5,8994816,37.35683966063228,-0.009179687499999947,2.0061743175851,0.01979601,1948,0.000282047232,-33.531243324279785,0.9773147106170654,0.9804058074951172,-0.0170947661914397,0.18441162109375,-0.36911773681640625,0.2,0.0008018221065867692
489,0.01,-1.4578915721046887e-08,-0.2215812691854778,0.0,2771,64.73,-4.29316823964536e-05,-0.08174906821204135,-0.1752541599022107,-0.0005375970735818869,-0.28443879396486493,0.0,0.0,0.0,3252,-0.05224390860116121,-2.110016301476506,0.10331650587589764,-0.10393583352635732,-0.6108361256370257,-0.14366725689041407,0.0,-0.01331312599527461,0.0,0.0,-0.22614615637928134,-1.316334688356082,-0.09603273978209079,0.0,3.2552052289247513e-06,0.0,0.06099866741596384,0.1499136,47.48704,-0.4739475032401118,-0.013938774159113463,-164.29425510999997,0.615519872,-0.5,9013248,36.16077705656417,-0.009635416666666598,1.890889599047101,0.02026796,1952,0.00028201036799999996,-33.52968845367432,0.9741814136505127,0.9801644086837769,-0.01615686850855127,0.19227294921875,-0.3650016486644745,0.2,0.0008654914796352387
490,0.01,-1.419406919195757e-08,-0.21795601418407462,0.0,2771,65.28,-4.222168500562968e-05,-0.08164853147645891,-0.17342243660176704,-0.0005329447602533706,-0.27808285579853237,0.0,0.0,0.0,3258,-0.05167977849605765,-2.0889381151235784,0.10681488417746252,-0.10154811446013157,-0.5977011611165488,-0.14022409811402384,0.0,-0.013255554544183,0.0,0.0,-0.2288866339181375,-1.3138418793834368,-0.09489810299323588,0.0,1.736111072306004e-05,0.0,0.0592597498149186,0.1502208,47.53312,-0.4737997853310124,-0.013427164764531577,-164.83241426999996,0.615449216,-0.5,9031680,37.38520946211188,-0.009049479166666619,2.0080433519805654,0.018455002,1956,0.00028197350399999997,-33.52743968963623,0.978910505771637,0.9802522659301758,-0.014206917234696448,0.17730712890625,-0.3624368906021118,0.2,0.000773233879590407
491,0.01,-1.3829289218037852e-08,-0.2196537698650767,0.0,2771,64.82,-4.275821656595667e-05,-0.08199792462927065,-0.17292032125384635,-0.0005428233983157543,-0.2854714520455579,0.0,0.0,0.0,3265,-0.053002826580138745,-2.1140668280434913,0.10167127363846629,-0.10228320639133602,-0.6128310420935938,-0.1523391116945337,0.0,-0.013501190503847876,0.0,0.0,-0.22049343047226383,-1.3096530574429686,-0.09593295185013853,0.0,3.4722211744843255e-05,0.0,0.06120450862448834,0.150528,47.5792,-0.4685500338203065,-0.013262234747849612,-164.37257611,0.61537856,-0.5,9050112,35.5849457734632,-0.009939236111111025,1.8143870548384926,0.020546243,1960,0.00028193664,-33.517211723327634,0.9803735017776489,0.9793662428855896,-0.014522651466540993,0.17838134765625,-0.36189740896224976,0.2,0.0007417821558192373
492,0.01,-1.3589353155458344e-08,-0.21424004326536025,0.0,2771,63.78,-4.2281791979032394e-05,-0.08162921047068938,-0.17281070113568664,-0.0005305816670983154,-0.2704346688152601,0.0,0.0,0.0,3272,-0.051349231490656094,-2.07974250423249,0.1045198086394673,-0.09872817792588158,-0.5906738529190583,-0.148173584909342,0.0,-0.013269653218815793,0.0,0.0,-0.2364657745759407,-1.309969285611922,-0.09292356709240945,0.0,1.193575573981636e-05,0.0,0.05891872119640054,0.1508352,47.625280000000004,-0.4770326877689092,-0.013789577524423495,-163.35687808,0.615307904,-0.5,9068544,36.581933023813555,-0.009418402777777708,1.9388883976447928,0.01812533,1964,0.000281899776,-33.502285194396975,0.9782353043556213,0.9788035154342651,-0.013536789023783058,0.16744384765625,-0.3544364273548126,0.2,0.0008077203674474731
493,0.01,-1.3959580534164526e-08,-0.21362110432678827,0.0,2771,64.67,-4.279179699291893e-05,-0.08188388365423263,-0.17337766488574533,-0.0005539306711261627,-0.27798370511258796,0.0,0.0,0.0,3278,-0.053510623698197514,-2.091807477514008,0.10705939201156342,-0.10209914507508368,-0.5985109774707482,-0.14849596892660025,0.0,-0.013840113641737069,0.0,0.0,-0.2510511952134923,-1.3123295903076655,-0.09405270901914282,0.0,7.378470359577073e-05,0.0,0.05955445569111723,0.1511424,47.67136,-0.47783862548187855,-0.014942462075850926,-164.23213248,0.615237248,-0.5,9086976,37.4707872040472,-0.009244791666666608,2.015993090150028,0.020203551,1968,0.000281862912,-33.49043617248535,0.9767124056816101,0.9783620834350586,-0.018034866463858636,0.1868896484375,-0.36748164892196655,0.2,0.0008554625121178106
494,0.01,-1.4136397198417475e-08,-0.21414784147473942,0.0,2771,63.43,-4.282053101911661e-05,-0.08180036563181409,-0.17308248005007149,-0.0005429171905885605,-0.27713029253473065,0.0,0.0,0.0,3285,-0.0516904583847116,-2.0814774512147487,0.10682204235000475,-0.10224009904207261,-0.591662106582236,-0.13799894575666005,0.0,-0.013630296561857972,0.0,0.0,-0.24400542108746417,-1.3131635047676182,-0.09333546272484652,0.0,4.231770678112904e-05,0.0,0.058202254813479376,0.1514496,47.717439999999996,-0.4808930625751953,-0.01414113929139502,-162.96426771999998,0.615166592,-0.5,9105408,37.387714822501664,-0.009006076388888846,2.0292510561602914,0.019057203,1972,0.00028182604799999997,-33.47820625305176,0.9741919636726379,0.9782504439353943,-0.015818159817717968,0.19744873046875,-0.3675275444984436,0.2,0.0009801663167309017
495,0.01,-1.4023085168616706e-08,-0.21415283478856412,0.0,2771,64.25,-4.3248674807293604e-05,-0.08178404302594044,-0.17226824954905384,-0.0005485082398554892,-0.2745577502884425,0.0,0.0,0.0,3291,-0.053561100202099234,-2.0836125195754587,0.10931849369337454,-0.10012586029547924,-0.59335467110364,-0.14965755064200467,0.0,-0.013681317016126626,0.0,0.0,-0.2528347703345617,-1.3110303171153255,-0.09383414143110978,0.0,2.061631595198479e-05,0.0,0.058558118406786916,0.1517568,47.76352,-0.4770817739453729,-0.014124320918603593,-163.77673581000002,0.615095936,-0.5,9123840,38.26147279268109,-0.009168836805555497,2.0946823552757086,0.02044778,1976,0.000281789184,-33.47489776611328,0.974862277507782,0.9780306220054626,-0.01641057739034295,0.18406982421875,-0.3659789264202118,0.2,0.0009703057789010927
496,0.01,-1.4029145473582073e-08,-0.21175281725780234,0.0,2771,65.63,-4.269890996851088e-05,-0.08189611004049065,-0.17287935601484075,-0.0005419009957661181,-0.2758783143086106,0.0,0.0,0.0,3298,-0.05335628699483116,-2.0747780158013605,0.10537733451543746,-0.10040710025880879,-0.5872648033727238,-0.15533985222808855,0.0,-0.013440249201325766,0.0,0.0,-0.24547059753217862,-1.317380163116492,-0.0924366059895114,0.0,4.882811723897854e-05,0.0,0.058421503211551165,0.152064,47.8096,-0.4778501283487942,-0.015066702078911476,-165.15825377000002,0.61502528,-0.5,9142272,36.88206708040311,-0.009092881944444395,1.9557536298964122,0.02049433,1980,0.00028175232,-33.476541900634764,0.9748580455780029,0.9782006740570068,-0.018976871529594062,0.1928955078125,-0.3717209994792938,0.2,0.0010101644467795268
497,0.01,-1.3434773758590384e-08,-0.20754221480306112,0.0,2771,65.5,-4.320704295883771e-05,-0.0818748089693523,-0.17330899998617816,-0.0005519817958701916,-0.27338387724531343,0.0,0.0,0.0,3304,-0.05419648158081691,-2.071224364201036,0.10822091349871238,-0.09976600720724293,-0.5910054074095591,-0.16280752411957125,0.0,-0.013631900324816502,0.0,0.0,-0.24631792406542308,-1.318024856618636,-0.09199074396616382,0.0,9.874130935511655e-05,0.0,0.05848739323864186,0.1523712,47.85568000000001,-0.47690882562078596,-0.013755397955214398,-165.02489071,0.614954624,-0.5,9160704,37.87731972454933,-0.009505208333333267,2.0704429390048102,0.0194305,1984,0.000281715456,-33.48659763336182,0.9766355156898499,0.978976845741272,-0.0179605855839327,0.1883056640625,-0.3665911853313446,0.2,0.0009260416933102533
498,0.01,-1.3523647256704583e-08,-0.20905683137619094,0.0,2771,65.26,-4.29421998246719e-05,-0.08145308468183185,-0.17281902838230676,-0.0005429912220356739,-0.2750726473513101,0.0,0.0,0.0,3311,-0.053838548161740774,-2.0707579023811307,0.10223073369668087,-0.09887323075249912,-0.5836070411171688,-0.16729192256184194,0.0,-0.013199273813577463,0.0,0.0,-0.24731181838976374,-1.3062760285967592,-0.09171120542483852,0.0,5.967880780291226e-05,0.0,0.05845265500293137,0.1526784,47.901759999999996,-0.47826273620828796,-0.014239338178109998,-164.77741435,0.614883968,-0.5,9179136,35.78075679383831,-0.009667968749999926,1.8389256439807635,0.022034433,1988,0.000281678592,-33.48782234191894,0.9764789938926697,0.9787644743919373,-0.019656748801935464,0.193603515625,-0.3702125549316406,0.2,0.0008619005122454837
499,0.01,-1.3547094711065576e-08,-0.2082160302949062,0.0,2771,65.41,-4.3259834134109034e-05,-0.0815034819435739,-0.17412731100319706,-0.0005492877560815497,-0.27307477710091754,0.0,0.0,0.0,3318,-0.05374625137286628,-2.074148371204915,0.10552747192568179,-0.09888090742734955,-0.5839396349978548,-0.1659771263676528,0.0,-0.013405894795854733,0.0,0.0,-0.24882482735278103,-1.312652672795731,-0.09160330046268836,0.0,7.486977847293019e-05,0.0,0.05820098488919892,0.1529856,47.94784,-0.47983373973016985,-0.014494871630126404,-164.92426819,0.614813312,-0.5,9197568,36.934615173988625,-0.00964626736111103,1.9558131658915312,0.022433622,1992,0.000281641728,-33.48482189178467,0.9779026508331299,0.9788497686386108,-0.019367763749323787,0.20294189453125,-0.3691326081752777,0.2,0.0008490838663419709
500,0.01,-1.4089297120391746e-08,-0.21513689066115954,0.0,2772,65.44,-4.3760582469116086e-05,-0.08187896718691745,-0.17369090322216493,-0.0005645440900288488,-0.28438661124191783,0.0,0.0,0.0,3324,-0.05507681565905374,-2.105739168633479,0.11145125583737467,-0.1004690880077484,-0.6065017196050255,-0.17055862860845084,0.0,-0.013793337883062457,0.0,0.0,-0.2569753173564158,-1.3172670746243786,-0.09547389581455691,0.0,6.401907820771966e-05,0.0,0.06011170185568578,0.1532928,47.99392,-0.47428498569123867,-0.014840465779545613,-164.96549450999998,0.614742656,-0.5,9216000,39.007939543081136,-0.009168836805555507,2.1737895484210816,0.020395953,1996,0.000281604864,-33.484199333190915,0.9724336862564087,0.9784829616546631,-0.018254459544550627,0.189208984375,-0.3668114244937897,0.2,0.0009932528744684532
501,0.01,-1.3902877578543345e-08,-0.21502423531343812,0.0,2772,65.13,-4.3532686463473605e-05,-0.08184248327138738,-0.17234504587521907,-0.0005558316496479781,-0.2795085097365642,0.0,0.0,0.0,3331,-0.054227722125604234,-2.1024858381332816,0.10500298851538128,-0.10128812344543696,-0.6051547827900032,-0.1632898437772594,0.0,-0.013582887525336844,0.0,0.0,-0.2384209761841914,-1.3150112480921343,-0.09501795114394566,0.0,5.533853739810487e-05,0.0,0.06002569968882648,0.1536,48.04,-0.47610460084534634,-0.013047933766049229,-164.64608725000002,0.614672,-0.5,9234432,36.75104598038345,-0.009971788194444348,1.9350485713019023,0.019993026,2000,0.000281568,-33.477229309082034,0.9771578311920166,0.9779095649719238,-0.01573158606188372,0.17681884765625,-0.36462652683258057,0.2,0.0008710182679351419
502,0.01,-1.3884943853561642e-08,-0.20607299881511962,0.0,2772,63.92,-4.454008798073078e-05,-0.08180651075261335,-0.17446662669170335,-0.0005706800488835925,-0.2783291868423912,0.0,0.0,0.0,3337,-0.054785082440709024,-2.075128625442614,0.10490664424396498,-0.1018080068810686,-0.5925121528057009,-0.17297621740556196,0.0,-0.01387278187858104,0.0,0.0,-0.24519071100470946,-1.3170840315747918,-0.09219522718191595,0.0,0.00015516494103293453,0.0,0.05849514136423861,0.1539072,48.086079999999995,-0.48000518727780517,-0.01311954844762416,-163.47267892,0.614601344,-0.5,9252864,36.71732548538775,-0.00995008680555546,1.9259476340937591,0.018976737,2004,0.00028153113599999996,-33.47251586914062,0.9810614585876465,0.9780005216598511,-0.01613700648304075,0.1770751953125,-0.3674820363521576,0.2,0.0007364393241005018
503,0.01,-1.35401660018491e-08,-0.2104768200461337,0.0,2772,64.19,-4.340952946243784e-05,-0.08167658201282696,-0.17268504374813645,-0.0005460733296645016,-0.2728715274128518,0.0,0.0,0.0,3344,-0.05467993577628796,-2.091416941865442,0.10929662873816057,-0.0993653975668281,-0.5953190117222069,-0.17296584089982872,0.0,-0.013333841870155998,0.0,0.0,-0.24884925316381748,-1.3096113144338424,-0.09258841704807656,0.0,9.874131905639337e-05,0.0,0.059541265384899934,0.1542144,48.13216,-0.47149522505187413,-0.013013754056171618,-163.75218842,0.614530688,-0.5,9271296,38.2538200583562,-0.009884982638888797,2.1054570846393275,0.01991545,2008,0.00028149427199999997,-33.47050189971924,0.9729771018028259,0.9778561592102051,-0.019650424574501814,0.1798095703125,-0.3730176091194153,0.2,0.001083121233386919
504,0.01,-1.395788891748174e-08,-0.21071145788327159,0.0,2772,65.37,-4.38157334870084e-05,-0.08199882303515486,-0.1725855951545986,-0.0005588911972012349,-0.2781375910594667,0.0,0.0,0.0,3350,-0.05568957949333017,-2.0823531036814225,0.10447781325089281,-0.1006254595042389,-0.5912637294095651,-0.16837186889134526,0.0,-0.013596849492140902,0.0,0.0,-0.25423933983628894,-1.321051762400879,-0.09270830118764106,0.0,8.680554391402338e-05,0.0,0.05936559399764558,0.1545216,48.17824,-0.47735883825361863,-0.01344289850547082,-164.8873263,0.614460032,-0.5,9289728,36.56723463781248,-0.010221354166666564,1.932360007842201,0.020064253,2012,0.000281457408,-33.46746463775635,0.9726264476776123,0.9777982234954834,-0.017275695269927383,0.1924560546875,-0.3663268983364105,0.2,0.001075529179070145
505,0.01,-1.44473285276722e-08,-0.21001791610555254,0.0,2772,65.04,-4.401777918320532e-05,-0.08181580297779016,-0.17248464669522257,-0.0005620669306930968,-0.27600250799783177,0.0,0.0,0.0,3357,-0.054957114375120054,-2.0894624028642133,0.10683875004177365,-0.1000730456166739,-0.5958012466114999,-0.1657475958927688,0.0,-0.01391741910325589,0.0,0.0,-0.24925353508924106,-1.3195799769239032,-0.09383620921624643,0.0,9.54861041261918e-05,0.0,0.05875483154363803,0.1548288,48.22432,-0.47262496065219384,-0.013452664276378022,-164.54881324,0.614389376,-0.5,9308160,37.393562514620776,-0.009570312499999928,1.9994374011664295,0.019943083,2016,0.000281420544,-33.47339916229248,0.9791560173034668,0.9781734347343445,-0.019630997395142912,0.1846923828125,-0.3738069236278534,0.2,0.0008560377493267879
506,0.01,-1.3629086331782246e-08,-0.21141805287773668,0.0,2772,65.3,-4.413120648513535e-05,-0.08163555123708582,-0.17446373154300823,-0.0005624513978340507,-0.2762339517507775,0.0,0.0,0.0,3364,-0.056317721828716034,-2.0924126862162336,0.11227767901165944,-0.09984371929623949,-0.5970058037873991,-0.1772010143332479,0.0,-0.01361431692164833,0.0,0.0,-0.24336927163299008,-1.3204848245124672,-0.093751762488257,0.0,0.0001410590258375224,0.0,0.0597178852077152,0.155136,48.270399999999995,-0.4750536010062547,-0.01315752564308544,-164.82718992999997,0.61431872,-0.5,9326592,39.29718765408081,-0.009570312499999926,2.2062583874578388,0.02110888,2020,0.00028138368,-33.4687520980835,0.9770808219909668,0.9779595136642456,-0.018800236261449756,0.18621826171875,-0.3645894229412079,0.2,0.0008762370678596198
507,0.01,-1.3808348159071225e-08,-0.2090201774393106,0.0,2772,64.41,-4.447223815830398e-05,-0.0819626058704514,-0.17242615813782644,-0.0005676573635786807,-0.2750039831194628,0.0,0.0,0.0,3370,-0.054996862993221374,-2.083103373625121,0.10320225887172982,-0.09901932879269092,-0.5936512230609605,-0.16415883594167668,0.0,-0.01391897829227585,0.0,0.0,-0.24621001346053528,-1.3178062457906874,-0.09316736090100429,0.0,7.921006828029122e-05,0.0,0.05888138852002779,0.1554432,48.31648,-0.474482299184138,-0.013480333339733383,-163.92720095,0.614248064,-0.5,9345024,36.120790605105434,-0.009906684027777687,1.8737391979294278,0.017961953,2024,0.00028134681599999996,-33.46459274291992,0.9786690473556519,0.9779385328292847,-0.01588363831397146,0.1881103515625,-0.36654138565063477,0.2,0.0007964680378790944
508,0.01,-1.3277301304696707e-08,-0.20720829462193813,0.0,2772,64.17,-4.351060903454723e-05,-0.08211941460790614,-0.1732396381599356,-0.0005559740314002195,-0.26765100836164013,0.0,0.0,0.0,3377,-0.05467392697000828,-2.0647125245667057,0.10335039891572756,-0.09683606420989474,-0.5800287972215564,-0.16449141600506456,0.0,-0.013671852357378953,0.0,0.0,-0.2581896850145198,-1.3110253347926322,-0.09129725578268472,0.0,8.246527350921597e-05,0.0,0.057952814364473956,0.1557504,48.36256,-0.4781648123473638,-0.014726533852000203,-163.66228482999998,0.614177408,-0.5,9363456,36.17263962050465,-0.009592013888888813,1.872490470437134,0.020087186,2028,0.000281309952,-33.466085052490236,0.9760171175003052,0.9781297445297241,-0.01769012090517208,0.187451171875,-0.36903274059295654,0.2,0.000926195178180933
509,0.01,-1.3847719568234072e-08,-0.2101695083258717,0.0,2772,64.3,-4.431512088419444e-05,-0.08194644218844713,-0.17329556634022036,-0.0005713431478751387,-0.2765739197673932,0.0,0.0,0.0,3383,-0.05590314337626345,-2.0837680501457445,0.10465374044402181,-0.09727094276751022,-0.5882921996090451,-0.1734297684150229,0.0,-0.013884674813880473,0.0,0.0,-0.25580454653749674,-1.3154684691055933,-0.09305624901388042,0.0,6.184894785595436e-05,0.0,0.05842546550774243,0.1560576,48.40864,-0.4713297499148265,-0.013618136830498569,-163.82738639,0.614106752,-0.5,9381888,36.62880915540764,-0.009570312499999931,1.9262656183985918,0.021546548,2032,0.000281273088,-33.47519855499267,0.973921000957489,0.9786368608474731,-0.01965230320347473,0.20328369140625,-0.3672519326210022,0.2,0.0010056281229481102
510,0.01,-1.3696631282138959e-08,-0.20541645270517014,0.0,2772,64.89,-4.404317730771461e-05,-0.0818556221520978,-0.17341682503143277,-0.0005700585397921437,-0.2790825214221651,0.0,0.0,0.0,3390,-0.05656421669627428,-2.0730842391529922,0.10539026009746438,-0.09912212059284622,-0.5828136546164893,-0.16985197623202844,0.0,-0.013726185203076138,0.0,0.0,-0.2613953461961245,-1.3209717797751472,-0.0915440556692906,0.0,0.00016276041666666666,0.0,0.05829963525906918,0.1563648,48.454719999999995,-0.48061244793387936,-0.013849256440557333,-164.41395874000003,0.614036096,-0.5,9400320,36.886591034112534,-0.009787326388888802,1.9523732992494285,0.021490086,2036,0.000281236224,-33.4725830078125,0.9742318391799927,0.978136420249939,-0.01897140140645206,0.1939453125,-0.3741719424724579,0.2,0.0009889571549138055
511,0.01,-1.3749946313413516e-08,-0.2103100607732334,0.0,2772,65.19,-4.405180949849969e-05,-0.0820903008336247,-0.17300219723455226,-0.0005655222763720494,-0.27904200107668126,0.0,0.0,0.0,3396,-0.05739929710654071,-2.088635021494751,0.10315662243984736,-0.0977731394249702,-0.5889729370915475,-0.17841204161173296,0.0,-0.013675877681461784,0.0,0.0,-0.24807166951174148,-1.3149409503454028,-0.09319650283027002,0.0,9.657115960079763e-05,0.0,0.0590989496802041,0.156672,48.5008,-0.4788093162781477,-0.013452121512576317,-164.71295326000003,0.61396544,-0.5,9418752,36.10481785394658,-0.00962456597222215,1.8766159670182732,0.02197751,2040,0.00028119936,-33.47042236328125,0.976140022277832,0.9783581495285034,-0.01946820814628154,0.21314697265625,-0.37532252073287964,0.2,0.0008833325118757784
512,0.01,-1.4179579343297145e-08,-0.21152790809350408,0.0,2772,64.19,-4.427081020531812e-05,-0.0821758670901449,-0.17212586570716365,-0.0005671255047682741,-0.2793038759510535,0.0,0.0,0.0,3403,-0.057593559694908314,-2.092468800226631,0.10505033501654287,-0.09815733903148333,-0.5928213678888463,-0.16995156903695624,0.0,-0.01380998741731498,0.0,0.0,-0.24721194376930183,-1.32012940013302,-0.09343973388461657,0.0,8.355034838637544e-05,0.0,0.05919382181648736,0.1569792,48.54688,-0.4761420370768488,-0.014151990284315415,-163.7210304,0.613894784,-0.5,9437184,36.76761725579001,-0.009516059027777702,1.9398810974203802,0.020028118,2044,0.00028116249599999997,-33.47590579986572,0.9784152507781982,0.9785696864128113,-0.018406076019164174,0.203564453125,-0.3682498037815094,0.2,0.0008250983693869785
513,0.01,-1.3697015615896918e-08,-0.20679788847718905,0.0,2772,64.9,-4.411372685024226e-05,-0.08206493715146382,-0.1724494812259458,-0.0005704780240661479,-0.27791537639786223,0.0,0.0,0.0,3410,-0.057843765514328,-2.0767433316475916,0.11175937303322805,-0.0988968868772555,-0.5816532421952281,-0.17627733939835466,0.0,-0.013715670283763949,0.0,0.0,-0.25426470370337506,-1.3114768098334157,-0.09181923244501485,0.0,9.548609442491498e-05,0.0,0.05888812843212337,0.1572864,48.59296,-0.4790996672278611,-0.013312690178281628,-164.40334821999997,0.613824128,-0.5,9455616,39.11578056162982,-0.009494357638888819,2.1905172929791337,0.021471381,2048,0.000281125632,-33.47217502593994,0.9778931140899658,0.9784387350082397,-0.018904969678260386,0.19676513671875,-0.3718561828136444,0.2,0.000865478694322519
514,0.01,-1.4552637366406213e-08,-0.21433052633216643,0.0,2772,65.01,-4.5200351798654004e-05,-0.08227097348505423,-0.1723271927284341,-0.0005783063283039097,-0.2834679333468264,0.0,0.0,0.0,3416,-0.06067137718663443,-2.1132454394611973,0.1081644749683954,-0.09929928380985803,-0.6022983893254327,-0.19128844441406265,0.0,-0.013680188432639122,0.0,0.0,-0.24920132684278024,-1.322750083377987,-0.0954553373948062,0.0,0.00014214408131212823,0.0,0.06048898995121638,0.1575936,48.63904,-0.47095813779476614,-0.013231852819444612,-164.54871658,0.613753472,-0.5,9474048,37.85756623893839,-0.009667968749999922,2.055869698050136,0.022363124,2052,0.000281088768,-33.468319702148435,0.9769194722175598,0.9780430793762207,-0.020357585127931087,0.1962646484375,-0.3716309666633606,0.2,0.0009306501218816265
515,0.01,-1.4056062219357295e-08,-0.21638068693212625,0.0,2772,65.06,-4.4784895900051896e-05,-0.0819187328909916,-0.17267601583703202,-0.000572389077078278,-0.28291728257168164,0.0,0.0,0.0,3423,-0.05835589870682424,-2.1077773479861364,0.11093110976208326,-0.09900190447249005,-0.5960195395029652,-0.18222823372637167,0.0,-0.01366195364586746,0.0,0.0,-0.24570839016112445,-1.3145531939831576,-0.09438006831602679,0.0,4.014756672808694e-05,0.0,0.06085407331825943,0.1579008,48.68512,-0.47636065767391933,-0.01308753857220937,-164.56853464,0.613682816,-0.5,9492480,38.82588841672914,-0.00938585069444438,2.1549916016117856,0.020504262,2056,0.000281051904,-33.46062755584717,0.976736843585968,0.9776930212974548,-0.017146427067928016,0.19395751953125,-0.363132119178772,0.2,0.0009186857816530392
516,0.01,-1.4129990811957065e-08,-0.21633679502597922,0.0,2772,64.84,-4.470083619740945e-05,-0.0820863812076953,-0.1725735192273227,-0.0005664928958226525,-0.2801583899138973,0.0,0.0,0.0,3430,-0.056126222081390204,-2.1049643222594887,0.11040707319759041,-0.09866714004145702,-0.5966199442912611,-0.16337423255936986,0.0,-0.01341604262538771,0.0,0.0,-0.2492512303829343,-1.3243129891214456,-0.09455367594744889,0.0,8.89756936683423e-05,0.0,0.06037927325572909,0.158208,48.7312,-0.4801275554620955,-0.013606201121648256,-164.33648075000002,0.61361216,-0.5,9510912,38.64247561915664,-0.009320746527777717,2.1433146292393332,0.020944618,2060,0.00028101503999999997,-33.463842964172365,0.9790313839912415,0.9779777526855469,-0.01653232399839908,0.194677734375,-0.3672080636024475,0.2,0.0008173153619281948
517,0.01,-1.4167952363735976e-08,-0.21122298060777758,0.0,2772,65.15,-4.4615293126912505e-05,-0.08215436715201341,-0.17217925683764712,-0.0005651811123992253,-0.2779709565229378,0.0,0.0,0.0,3437,-0.05842709937776244,-2.0830460509645636,0.10502045636729718,-0.09894923591153854,-0.5868652981538062,-0.17829649824212074,0.0,-0.01370371949188098,0.0,0.0,-0.2507163952692797,-1.317550798135148,-0.09284780793637092,0.0,5.859374262702962e-05,0.0,0.059596071670148514,0.1585152,48.77728,-0.48134829453135847,-0.014823646999300562,-164.6827999,0.6135415040000001,-0.5,9529344,36.757159728554015,-0.009299045138888837,1.9464169130219688,0.020529356,2064,0.000280978176,-33.46808338165283,0.9807393550872803,0.978334367275238,-0.016340648173354566,0.17564697265625,-0.36542370915412903,0.2,0.000765876061632298
518,0.01,-1.405592297880277e-08,-0.2153009176396368,0.0,2772,65.55,-4.515694366284644e-05,-0.0819432514525355,-0.17117674110686368,-0.0005789444784903076,-0.28017490819895075,0.0,0.0,0.0,3444,-0.059052980837541034,-2.1018052093582553,0.10195293004362266,-0.09863673429164016,-0.5956609832216719,-0.17946942391747553,0.0,-0.01381186738660374,0.0,0.0,-0.2555888184827028,-1.3285663615528052,-0.09530233644935153,0.0,4.774303266054226e-05,0.0,0.059977649118469284,0.1588224,48.82336,-0.47458149696183594,-0.0131586107179626,-165.05829287,0.613470848,-0.5,9547776,35.68352551526793,-0.009407552083333265,1.8213429158363603,0.019137863,2068,0.000280941312,-33.468219947814944,0.9773709177970886,0.9782285094261169,-0.01905053637456149,0.17529296875,-0.36574432253837585,0.2,0.0008873075741576031
519,0.01,-1.4679269119279787e-08,-0.21042349794989795,0.0,2772,66.51,-4.612584850286019e-05,-0.08253631536986937,-0.17216963399535679,-0.0005880117136335374,-0.27864374504266703,0.0,0.0,0.0,3450,-0.05919358245897763,-2.095378992109141,0.10424551778292476,-0.09963598374331163,-0.593087953249542,-0.18022602529972634,0.0,-0.013906318928030776,0.0,0.0,-0.25333500572844736,-1.3294534165516456,-0.0936351870293078,0.0,0.00011067708449748655,0.0,0.05966992241988294,0.1591296,48.86944,-0.4813589088955231,-0.01477373405780074,-165.98285800999997,0.6134001920000001,-0.5,9566208,36.485931224023666,-0.009646267361111035,1.9052927385032428,0.0213239,2072,0.000280904448,-33.46683692932129,0.9759812355041504,0.9783264994621277,-0.018036837223917246,0.195654296875,-0.36720332503318787,0.2,0.0009521296859020367
520,0.01,-1.4090699628198622e-08,-0.21320053533324373,0.0,2772,65.84,-4.587643626124584e-05,-0.08250459213247097,-0.17228224152494986,-0.0005792575105133223,-0.2808126672700275,0.0,0.0,0.0,3457,-0.05965334318055905,-2.1069252358295234,0.10626671008552463,-0.09995914504713414,-0.5981093639392495,-0.18040470803809777,0.0,-0.013645750227838836,0.0,0.0,-0.25182400436288355,-1.323723616762173,-0.09412691843108095,0.0,3.906249185092747e-05,0.0,0.06040404716088475,0.1594368,48.91552,-0.4770386048091353,-0.014070067409193143,-165.33921432999995,0.6133295360000001,-0.5,9584640,37.19334852993362,-0.009201388888888835,1.9909516700267147,0.021421317,2076,0.000280867584,-33.467037963867185,0.9817434549331665,0.978298544883728,-0.01647167991613969,0.2131591796875,-0.3697267174720764,0.2,0.0007245197251904756
521,0.01,-1.389731512597005e-08,-0.21242446528209524,0.0,2772,65.76,-4.6296598674203655e-05,-0.08229401564403636,-0.17405912178280378,-0.0005886068937447823,-0.28059883734224417,0.0,0.0,0.0,3463,-0.05999020702176036,-2.0985072220237084,0.10035031629554902,-0.09717680285610608,-0.5954649872845647,-0.18366051702596292,0.0,-0.013987223360201192,0.0,0.0,-0.24040802058932037,-1.324897278567854,-0.09460100725247161,0.0,0.00012478298029034503,0.0,0.060102883303464666,0.159744,48.961600000000004,-0.477132171249749,-0.01290958795935795,-165.26394195,0.6132588800000001,-0.5,9603072,35.122610703442156,-0.010145399305555457,1.7884163822463495,0.018597765,2080,0.00028083072,-33.45854816436768,0.9791684150695801,0.977883517742157,-0.013980076229199768,0.16923828125,-0.36190372705459595,0.2,0.0008153979608323425
522,0.01,-1.4770828215245303e-08,-0.2139560757294142,0.0,2772,65.24,-4.620430228253909e-05,-0.082362200712916,-0.17036060300686437,-0.0005864194857512816,-0.28234863390006537,0.0,0.0,0.0,3470,-0.060588188258428155,-2.107055299500515,0.10474872752620315,-0.0994645583301149,-0.5962869975454033,-0.18304286234299658,0.0,-0.014095967380951849,0.0,0.0,-0.24622849142461206,-1.3210313064074464,-0.0944907053076422,0.0,0.00013454859597711929,0.0,0.060179717119871995,0.1600512,49.00768,-0.4810170151354333,-0.012842855862497041,-164.75975426000002,0.6131882240000001,-0.5,9621504,36.6620546341711,-0.010177951388888789,1.9405983606051644,0.01903978,2084,0.000280793856,-33.45850944519043,0.97422194480896,0.9779330492019653,-0.016737064078915863,0.17222900390625,-0.3661845922470093,0.2,0.0010055866354377941
523,0.01,-1.3571076932578599e-08,-0.2180236386451859,0.0,2772,66.92,-4.636877308527637e-05,-0.08258209192248983,-0.1704756251721299,-0.0005915997867557442,-0.2829282612523435,0.0,0.0,0.0,3477,-0.06047885161615986,-2.113183929968473,0.11042545446635119,-0.09793801846865087,-0.5979102438626279,-0.18320213552405248,0.0,-0.014007957994176114,0.0,0.0,-0.25684724919501645,-1.3310764938704427,-0.09557631507965497,0.0,4.991319211613801e-05,0.0,0.061258142807300055,0.1603584,49.05376,-0.47852795906983747,-0.01429359162122839,-166.42208945000002,0.6131175680000001,-0.5,9639936,38.648909063222916,-0.009331597222222161,2.133923059800962,0.020670798,2088,0.000280756992,-33.456314659118654,0.9792914986610413,0.9779447913169861,-0.016194580937735736,0.18331298828125,-0.3678744435310364,0.2,0.0008123507373966277
524,0.01,-1.4390799292176582e-08,-0.21401006861615823,0.0,2772,66.14,-4.6467511183239815e-05,-0.08257997191519414,-0.1716557604172773,-0.0005880171999023599,-0.28005964215311785,0.0,0.0,0.0,3483,-0.05902848443064785,-2.099932995861185,0.11239883187347555,-0.0998352295593857,-0.5950234685868581,-0.17340821880815105,0.0,-0.013959501538941337,0.0,0.0,-0.25517241970688287,-1.335392221248843,-0.09415405800368355,0.0,2.8211791585716936e-05,0.0,0.06045355595063232,0.1606656,49.09984,-0.47779216094301347,-0.014969588816812675,-165.61735882999997,0.613046912,-0.5,9658368,39.33959115571644,-0.009494357638888817,2.219344001486806,0.020399783,2092,0.00028072012799999996,-33.45413646697998,0.9832151532173157,0.9778077602386475,-0.016436974378302695,0.18870849609375,-0.3595522344112396,0.2,0.0006740336946677416
525,0.01,-1.4146030927907781e-08,-0.2132457495522232,0.0,2772,65.91,-4.670470585936557e-05,-0.08239240650908568,-0.17109546196633427,-0.0005972797452925777,-0.27989761755724074,0.0,0.0,0.0,3490,-0.06018903488572099,-2.104818632691034,0.10620612146522104,-0.0999197322774337,-0.5947274222500621,-0.1742137743436835,0.0,-0.014077930491147507,0.0,0.0,-0.25356099398107307,-1.3406434976852155,-0.09459075293092394,0.0,0.0001540798467532214,0.0,0.06004466398457861,0.1609728,49.145920000000004,-0.4817240649987128,-0.01357310640580383,-165.41321072000002,0.612976256,-0.5,9676800,37.172142512827364,-0.01008029513888879,1.9778017359520286,0.017150158,2096,0.000280683264,-33.44775886535645,0.9818577170372009,0.9774068593978882,-0.01645488024223596,0.16822509765625,-0.3689741790294647,0.2,0.0007058132789097727
526,0.01,-1.495049129104222e-08,-0.21576071614031406,0.0,2772,64.83,-4.661254724318431e-05,-0.08276458555737486,-0.17161250136951722,-0.0005899462417676273,-0.27990993044844403,0.0,0.0,0.0,3496,-0.060336844309027894,-2.1118746539008946,0.10468672181281596,-0.09860913845024014,-0.602231103806848,-0.17202324560341653,0.0,-0.013988915039925673,0.0,0.0,-0.25615076382513585,-1.3332256520069834,-0.09553507917852926,0.0,8.13801889307797e-05,0.0,0.06099297540984402,0.16128,49.192,-0.47737432645608496,-0.013761365702117069,-164.34812501,0.6129056,-0.5,9695232,36.64035263448559,-0.009548611111111039,1.9196117202140826,0.021101683,2100,0.0002806464,-33.440933036804196,0.9802498817443848,0.9771044254302979,-0.01704416471766308,0.19091796875,-0.3632658123970032,0.2,0.0007850474648876116
527,0.01,-1.4665142738689466e-08,-0.21762392081199494,0.0,2772,65.87,-4.651755236638497e-05,-0.08258042419099382,-0.17122080731811604,-0.0005894192059185355,-0.2797357951689599,0.0,0.0,0.0,3503,-0.05839305173596711,-2.113891680005428,0.11064172643133499,-0.09901834882105272,-0.5970684461914298,-0.1602241996282835,0.0,-0.013894998882931954,0.0,0.0,-0.25909337092733525,-1.3364925812725277,-0.09562168823962525,0.0,5.099825729202065e-05,0.0,0.06064447879945921,0.1615872,49.23808,-0.48149028457893106,-0.013438557969897779,-165.36621258,0.612834944,-0.5,9713664,38.724604250967246,-0.00947265624999993,2.161966461151617,0.020683091,2104,0.000280609536,-33.44113044738769,0.9788467884063721,0.9774746894836426,-0.018336456851102412,0.18525390625,-0.3627079129219055,0.2,0.0008099792554276064
528,0.01,-1.4520322511376596e-08,-0.21541178838698,0.0,2772,64.86,-4.7296274719430556e-05,-0.08291973009592488,-0.17139776010406377,-0.0006065668727691311,-0.2845875722382166,0.0,0.0,0.0,3509,-0.06200882680077145,-2.111845094661715,0.10449064029908153,-0.0998834588158941,-0.5959615019465656,-0.18374496470856264,0.0,-0.014255607734404803,0.0,0.0,-0.26262908473667773,-1.3261731679588635,-0.09562029566419557,0.0,0.00011067706509493291,0.0,0.060714274519051835,0.1618944,49.28416,-0.4762263239704361,-0.013041965700621303,-164.38557191,0.612764288,-0.5,9732096,36.57172410467854,-0.00972222222222214,1.9246450186150894,0.02071603,2108,0.000280572672,-33.44614887237549,0.9803846478462219,0.9776458740234375,-0.017426127928774803,0.18753662109375,-0.3696858286857605,0.2,0.0007613604888319969
529,0.01,-1.4511935034392046e-08,-0.21085566790588153,0.0,2772,65.75,-4.771269860249662e-05,-0.08274060647525815,-0.17155121930363745,-0.000609717019212656,-0.2822182176140598,0.0,0.0,0.0,3516,-0.06007236311176212,-2.09792580634006,0.10948881389397033,-0.09852219440416235,-0.586236917914085,-0.17865386854545634,0.0,-0.014192399947953148,0.0,0.0,-0.262965887614142,-1.3296683463265728,-0.09329635186839277,0.0,7.486973966782291e-05,0.0,0.05936591328740873,0.1622016,49.33024,-0.48380337089933195,-0.01424422094068076,-165.24338802999998,0.612693632,-0.5,9750528,38.32108486288961,-0.009570312499999928,2.1301671436413674,0.01940825,2112,0.00028053580799999997,-33.43771171569824,0.9758265614509583,0.9769296646118164,-0.01699288550298661,0.18759765625,-0.3695158064365387,0.2,0.0009422283648746089
530,0.01,-1.4827270461833946e-08,-0.2166889847549932,0.0,2772,65.95,-4.804597343282384e-05,-0.08304543936607504,-0.16874451706941415,-0.0006144664201159072,-0.28675947104205834,0.0,0.0,0.0,3523,-0.05978088492612504,-2.1210571712018824,0.110220004599622,-0.09893737978695767,-0.604512534000986,-0.1642412217896553,0.0,-0.014203595769512899,0.0,0.0,-0.26567955605603477,-1.328076785398445,-0.09644708676200431,0.0,8.680555361530019e-05,0.0,0.06092288290224912,0.1625088,49.37632,-0.4803749874724127,-0.01410370474978764,-165.44069016,0.612622976,-0.5,9768960,38.5770016098677,-0.00949435763888882,2.144393132847909,0.018593747,2116,0.000280498944,-33.42912082672119,0.9806100130081177,0.9768885970115662,-0.018063095782417805,0.19794921875,-0.36696159839630127,0.2,0.0007723414222709834
531,0.01,-1.4986947847717062e-08,-0.21458630029600578,0.0,2772,65.41,-4.816879231695962e-05,-0.08327337636776444,-0.1705285886470742,-0.0006183131720156378,-0.2856287661396671,0.0,0.0,0.0,3529,-0.061572814928126225,-2.1201195612933486,0.10285488904091444,-0.09983449268913193,-0.6057929161809505,-0.18027457368188682,0.0,-0.014344089146857308,0.0,0.0,-0.2650793459454726,-1.3305089748133434,-0.09565451784743903,0.0,0.00010850693474316763,0.0,0.06130585011311126,0.162816,49.422399999999996,-0.47926153283830775,-0.014572996579873789,-164.89221805000005,0.61255232,-0.5,9787392,35.99921116432006,-0.009505208333333265,1.88244825482798,0.018854694,2120,0.00028046208,-33.427039527893065,0.9825344085693359,0.9767423868179321,-0.015742391906678678,0.17879638671875,-0.36170995235443115,0.2,0.0007052230765111744
532,0.01,-1.4695368660381473e-08,-0.21102052039247868,0.0,2773,65.77,-4.855252794489296e-05,-0.0828366211326298,-0.16909932560387858,-0.0006178444048827387,-0.282565092266851,0.0,0.0,0.0,3536,-0.060143744437267915,-2.1027225657759794,0.10475059673293621,-0.09899533940837274,-0.5919648559676532,-0.17355831879592673,0.0,-0.014314142640732573,0.0,0.0,-0.2698580475553425,-1.330391599317732,-0.09359404985766234,0.0,0.0001085069250418908,0.0,0.05986102047498644,0.1631232,49.46848,-0.48490516700822567,-0.014626164791277714,-165.22658447999999,0.612481664,-0.5,9805824,36.66270885652767,-0.009624565972222145,1.930465884982118,0.018199988,2124,0.000280425216,-33.42197952270508,0.9846713542938232,0.9767197966575623,-0.016417139081750066,0.1696533203125,-0.364474356174469,0.2,0.0006275502528296784
533,0.01,-1.4632833467761098e-08,-0.21115538957038948,0.0,2773,65.04,-4.845750074844215e-05,-0.08302519246578759,-0.17034256782343796,-0.0006158310576399669,-0.28136335702287824,0.0,0.0,0.0,3542,-0.06143741011908434,-2.1045523188526634,0.10097127764259722,-0.10044580600399987,-0.5948099650220573,-0.17832906408520163,0.0,-0.014311797069674429,0.0,0.0,-0.25888613481151734,-1.3260349325399847,-0.09414672014172559,0.0,0.00011393224122002721,0.0,0.06061231747527464,0.1634304,49.51456,-0.47942609225271454,-0.013504747236664925,-164.52921741000003,0.612411008,-0.5,9824256,35.33994717490903,-0.009895833333333246,1.7862949066655573,0.020581704,2128,0.000280388352,-33.416293144226074,0.9839262962341309,0.9760969877243042,-0.017427884798962623,0.19658203125,-0.3654910922050476,0.2,0.0006586775707546622
534,0.01,-1.4452597648320442e-08,-0.21168870654675248,0.0,2773,65.8,-4.807684314815959e-05,-0.0830764503226695,-0.16954231567957237,-0.0006184428315239258,-0.28193703190058406,0.0,0.0,0.0,3549,-0.06107897048619609,-2.0944769385652737,0.10328321104436813,-0.09851479099698414,-0.5897935494586529,-0.17907349669226214,0.0,-0.014629015150327995,0.0,0.0,-0.26334453289868603,-1.330090361214929,-0.09401530296773297,0.0,4.774304236181908e-05,0.0,0.05992816444109425,0.1637376,49.56064000000001,-0.4832619756146572,-0.014444415695227994,-165.28142873000002,0.612340352,-0.5,9842688,36.14912386552885,-0.009277343749999948,1.8830475522494248,0.019696172,2132,0.000280351488,-33.40927562713623,0.9804186224937439,0.9763696193695068,-0.01566956356400624,0.1912353515625,-0.3642233908176422,0.2,0.0008161739388015121
535,0.01,-1.49474584175279e-08,-0.21146869754927564,0.0,2773,65.17,-4.893331101984981e-05,-0.08297848133717972,-0.1712639774284127,-0.0006209787986087282,-0.27924948828648755,0.0,0.0,0.0,3555,-0.05963932129550853,-2.0929350964162325,0.10271958560687225,-0.09833282165011423,-0.587956224266488,-0.16724465793051604,0.0,-0.014542626603203261,0.0,0.0,-0.2641686761591441,-1.330268446668648,-0.09397853254357283,0.0,8.680552451146973e-05,0.0,0.05954813005164764,0.1640448,49.606719999999996,-0.4827603811883028,-0.01454044437883163,-164.65962927,0.612269696,-0.5,9861120,35.951854962405285,-0.009092881944444405,1.8499928416116567,0.020553801,2136,0.000280314624,-33.41172542572021,0.9775304198265076,0.9764194488525391,-0.01640169385354966,0.19735107421875,-0.3674478232860565,0.2,0.0009498467727098614
536,0.01,-1.4627063179606449e-08,-0.20782852934325777,0.0,2773,65.49,-4.892909589448578e-05,-0.08272680196121804,-0.1722593004924488,-0.0006284830601887241,-0.27774051187170173,0.0,0.0,0.0,3562,-0.060932480568036906,-2.0775778887055667,0.10691484124097445,-0.09686953407174573,-0.5804635104335127,-0.17216832716493047,0.0,-0.014476464240498844,0.0,0.0,-0.2586746119633379,-1.3338557456530116,-0.09268448395270076,0.0,7.269962871861126e-05,0.0,0.05888563315449612,0.164352,49.6528,-0.48376581414121045,-0.014009846047782857,-164.96690339,0.61219904,-0.5,9879552,37.420194434341056,-0.009082031249999963,2.006050974907633,0.020562105,2140,0.00028027776,-33.418470001220705,0.9782008528709412,0.9768957495689392,-0.017938590847188608,0.20352783203125,-0.36583268642425537,0.2,0.0009110775921726599
537,0.01,-1.4706333191171046e-08,-0.2089988915544333,0.0,2773,65.15,-4.952737447523696e-05,-0.08295612157279042,-0.17195163594735371,-0.0006269627478868361,-0.27612823894525357,0.0,0.0,0.0,3569,-0.06067636393208369,-2.0959584459191873,0.10262322385272216,-0.098375353738736,-0.5901862104459856,-0.17463819019300383,0.0,-0.01439691305099524,0.0,0.0,-0.2587301173703931,-1.3269775370343202,-0.09332384703545941,0.0,0.00013780381090732085,0.0,0.059814825228395145,0.1646592,49.69888,-0.484641349319683,-0.014421087013842124,-164.63695896,0.612128384,-0.5,9897984,35.918128348452754,-0.009971788194444359,1.84551821889743,0.021575848,2144,0.00028024089599999996,-33.421621322631836,0.9770112037658691,0.9769546389579773,-0.019578969664871694,0.1938232421875,-0.36287569999694824,0.2,0.0009376155590871349
538,0.01,-1.557085732780837e-08,-0.21137766421540383,0.0,2773,65.75,-4.999162822774133e-05,-0.08310205044152863,-0.1710820450143368,-0.0006334518202750194,-0.28365427767920043,0.0,0.0,0.0,3575,-0.06057728024843894,-2.1104608371844935,0.10692523075006832,-0.0987270917305825,-0.5968974440944643,-0.1696164723807273,0.0,-0.014589790948391104,0.0,0.0,-0.2616936399840672,-1.336314409687615,-0.09468433274031042,0.0,0.00013346353080123663,0.0,0.06059025084247384,0.1649664,49.744960000000006,-0.48410201320030577,-0.015010278752823878,-165.21968839999997,0.612057728,-0.5,9916416,37.42383076252391,-0.009505208333333263,2.0010682968931444,0.019953454,2148,0.00028020403199999997,-33.41782684326172,0.9788655042648315,0.9767832159996033,-0.017422144603915512,0.199267578125,-0.371641606092453,0.2,0.0008351918018888682
539,0.01,-1.4128523339977496e-08,-0.20610650902737987,0.0,2773,64.96,-4.944816508313898e-05,-0.08333341994615799,-0.1685413025947336,-0.0006358371559645463,-0.28031645884961987,0.0,0.0,0.0,3582,-0.06164737608231013,-2.0922043493294002,0.12030680801174784,-0.0985942223704729,-0.5890118129463623,-0.1808918980861914,0.0,-0.014615415383223359,0.0,0.0,-0.2574778663564347,-1.327323807494982,-0.09305372391822644,0.0,0.00012152777506142027,0.0,0.05989313749356514,0.1652736,49.791039999999995,-0.48058964368414475,-0.012742487007118244,-164.44549788999996,0.611987072,-0.5,9934848,42.107382804111744,-0.00989583333333325,2.5518495046379917,0.01855408,2152,0.000280167168,-33.41176071166992,0.983303964138031,0.9763516187667847,-0.01601778113981709,0.1816650390625,-0.363069087266922,0.2,0.0006802213087212294
540,0.01,-1.443807347459097e-08,-0.21038497171685858,0.0,2773,65.49,-4.9498263883454916e-05,-0.08335200254645059,-0.1682500548853456,-0.0006295594078992895,-0.2820543775989735,0.0,0.0,0.0,3588,-0.06236977240308439,-2.108137844178449,0.11387890485523738,-0.09931726345064767,-0.5914933048887742,-0.18406375491448557,0.0,-0.01445757070557182,0.0,0.0,-0.26050984062070426,-1.3278446268903552,-0.09344502698033046,0.0,7.595484364881284e-05,0.0,0.060648617487406874,0.1655808,49.83712,-0.47997758939407453,-0.014316377768409438,-164.96495649999997,0.611916416,-0.5,9953280,39.857616699333086,-0.009798177083333248,2.2981456072334425,0.021542635,2156,0.000280130304,-33.4053918838501,0.9806727766990662,0.9762166738510132,-0.01820037644356489,0.20084228515625,-0.3643350899219513,0.2,0.0008065383386565373
541,0.01,-1.508009070518892e-08,-0.20728367155222135,0.0,2773,65.25,-5.027399794996602e-05,-0.08305889621904115,-0.17249339692105214,-0.0006367158003305532,-0.27610621952532105,0.0,0.0,0.0,3595,-0.06180855686083539,-2.09097120364135,0.10323551913350767,-0.09801719784530949,-0.5826014361011593,-0.18387644168056555,0.0,-0.014559799620688716,0.0,0.0,-0.26544992863779615,-1.3349936564865044,-0.0924248836564882,0.0,0.0001475694362953719,0.0,0.05887502963756952,0.165888,49.8832,-0.48570559324894813,-0.013861734413593594,-164.74142934,0.61184576,-0.5,9971712,36.132431696727686,-0.009299045138888842,1.865143463273258,0.02292009,2160,0.00028009344,-33.40002975463867,0.9823305010795593,0.9760591387748718,-0.01646606776630506,0.208447265625,-0.3655909597873688,0.2,0.0007621879369253293
542,0.01,-1.5148391125336792e-08,-0.20390611540748152,0.0,2773,64.9,-5.077240956122419e-05,-0.08348711061749087,-0.16970751672064002,-0.0006470566266585419,-0.2788459586277623,0.0,0.0,0.0,3601,-0.06306832257836545,-2.0920766929368413,0.10221109838483666,-0.10047768922424792,-0.5839147185224665,-0.18399999198650316,0.0,-0.014762337950273438,0.0,0.0,-0.2696174770639768,-1.3261873967644586,-0.092185075151137,0.0,0.00016276041666666666,0.0,0.059487721531362614,0.1661952,49.92928,-0.4844995922568099,-0.014574081446173497,-164.37032641999997,0.611775104,-0.5,9990144,35.77388443469283,-0.00947265624999993,1.8447017171063649,0.01916151,2164,0.00028005657599999997,-33.40082015991211,0.9796459078788757,0.9763298034667969,-0.018042418744880707,0.18956298828125,-0.3637091815471649,0.2,0.0008267287921626121
543,0.01,-1.490149232087886e-08,-0.21252345367983164,0.0,2772,66.76,-5.044639704420694e-05,-0.08348053898589305,-0.1702252264440161,-0.0006397019716428768,-0.28519674739812884,0.0,0.0,0.0,3609,-0.06250994487883405,-2.118926088489801,0.10224699822912234,-0.09973575081664861,-0.5958151997076371,-0.17910397370980957,0.0,-0.014598900157910023,0.0,0.0,-0.2690485094811676,-1.3287345813669387,-0.09490216596325575,0.0,0.00011393226062258084,0.0,0.060539974936481986,0.1665024,49.975359999999995,-0.480188774507385,-0.013707654920936976,-166.24149579999997,0.611704448,-0.5,10008576,35.78644938019282,-0.010015190972222126,1.8343415365400408,0.021968216,2168,0.000280019712,-33.40233173370361,0.9818165898323059,0.9763765335083008,-0.01949099530465901,0.20579833984375,-0.3686861991882324,0.2,0.0007833185867639258
544,0.01,-1.5114750006552167e-08,-0.21195203322734468,0.0,2772,66.2,-5.05612347847778e-05,-0.083504242559653,-0.17029879131419307,-0.0006398675049471528,-0.27931081174591316,0.0,0.0,0.0,3616,-0.06213083582940793,-2.1140277412220554,0.10574927839365508,-0.09735794252562599,-0.5942181632993574,-0.17433120356953682,0.0,-0.014360308878096771,0.0,0.0,-0.2674544385751887,-1.330406359122254,-0.09485227244515182,0.0,0.00011393228002513449,0.0,0.06038022205607744,0.1668096,50.02144,-0.48077407045057036,-0.014376056726582142,-165.66276017,0.611633792,-0.5,10027008,37.01224743777928,-0.009635416666666587,1.9586615294599727,0.018124152,2172,0.000279982848,-33.401877784729,0.9813249111175537,0.9762157797813416,-0.01647396879270673,0.182421875,-0.36361175775527954,0.2,0.0007600583339808509
545,0.01,-1.535747865240337e-08,-0.2116472402052031,0.0,2772,65.48,-5.088009634823037e-05,-0.08344369230188724,-0.1691327965644412,-0.0006444815912775533,-0.2757741124438443,0.0,0.0,0.0,3622,-0.06139203506507228,-2.0925446585422187,0.10806778680893331,-0.09862829987226414,-0.5879880435333648,-0.17223545711878377,0.0,-0.014665588048596575,0.0,0.0,-0.270410611294344,-1.3315484017143262,-0.09433484007252899,0.0,0.00013454859597711929,0.0,0.059312157417436756,0.1671168,50.06752,-0.49017050261165324,-0.015216441771675212,-164.93331672,0.611563136,-0.5,10045440,37.82372538312666,-0.009863281249999916,2.0546279860618286,0.019897973,2176,0.000279945984,-33.4039400100708,0.9823797941207886,0.9764274954795837,-0.015244614041876048,0.1886474609375,-0.3655264973640442,0.2,0.0007528810383519158
546,0.01,-1.555925992543561e-08,-0.211716373378219,0.0,2772,66.37,-5.145025548422272e-05,-0.08384688805094517,-0.1687537398456994,-0.0006619941489265657,-0.2823227293748982,0.0,0.0,0.0,3629,-0.06364428667010615,-2.116581078052534,0.10447823535923675,-0.09862758804162991,-0.5965242798470187,-0.1811264951220071,0.0,-0.01498919637871909,0.0,0.0,-0.2720986691983331,-1.3236096863285882,-0.09476530797305116,0.0,0.00018446176869070364,0.0,0.06043906762650789,0.167424,50.1136,-0.48595916314877907,-0.014618026880068809,-165.84407245000003,0.61149248,-0.5,10063872,36.56738237573286,-0.010329861111110998,1.91585743590749,0.021649268,2180,0.00027990911999999996,-33.404086685180665,0.9832615256309509,0.9765645861625671,-0.017488483793567867,0.20406494140625,-0.36492979526519775,0.2,0.0007233385316794738
547,0.01,-1.4660148560863097e-08,-0.20729453699907013,0.0,2772,65.56,-5.0993684502783486e-05,-0.0837310577653911,-0.16967713173192353,-0.0006573345506283426,-0.27924228648800226,0.0,0.0,0.0,3636,-0.06389637968684275,-2.1037790668474,0.10491368737881959,-0.09876219198697715,-0.5920456930774491,-0.18452273552928233,0.0,-0.01500152047285939,0.0,0.0,-0.2697300608692267,-1.3343919025797517,-0.09370549233996814,0.0,0.00015190970670017932,0.0,0.0600709979852195,0.1677312,50.159679999999994,-0.4875771120594078,-0.014495956588588241,-165.03788556,0.611421824,-0.5,10082304,36.71979058258686,-0.009667968749999926,1.9431719913810608,0.020042468,2184,0.000279872256,-33.40475234985352,0.9840307235717773,0.9765037894248962,-0.016341762291267513,0.18551025390625,-0.36610400676727295,0.2,0.0006522125448100268
548,0.01,-1.5676023362511677e-08,-0.21005297949727098,0.0,2772,66.12,-5.2464428127180285e-05,-0.08353642346659094,-0.16702998843575717,-0.000670240724546975,-0.2817358231756096,0.0,0.0,0.0,3642,-0.06421743150018291,-2.113301017440076,0.10556870136620927,-0.09889732440697331,-0.6005841116740065,-0.18954116575154706,0.0,-0.014828855673892404,0.0,0.0,-0.2667221895309523,-1.325210209015835,-0.0952901428256197,0.0,0.00021809893466221789,0.0,0.060395873442846346,0.1680384,50.20576,-0.481648918856632,-0.014030462740467757,-165.58646219,0.611351168,-0.5,10100736,36.94904547817325,-0.009960937499999906,1.9641960116299135,0.021546572,2188,0.000279835392,-33.40266075134277,0.9832510948181152,0.9761972427368164,-0.01496399068273604,0.21673583984375,-0.36500513553619385,0.2,0.0006880968488985672
549,0.01,-1.49219928599484e-08,-0.2103798932836951,0.0,2772,66.33,-5.2196379066038005e-05,-0.08371204642713528,-0.16860611997383743,-0.0006695007207123756,-0.2850010865838213,0.0,0.0,0.0,3649,-0.06460190639478043,-2.118547740060424,0.10763854896525807,-0.09970730320616888,-0.6001603213881529,-0.194599805243958,0.0,-0.01471126888653256,0.0,0.0,-0.2504794554892804,-1.3268898334939474,-0.09465294489240418,0.0,0.00010959196111394299,0.0,0.06073027872256002,0.1683456,50.25184,-0.4846104101607442,-0.013740749473476576,-165.81198849,0.611280512,-0.5,10119168,37.67349213784033,-0.010015190972222131,2.0451326259379687,0.01978091,2192,0.000279798528,-33.39383754730225,0.984569787979126,0.9758418798446655,-0.014737911522388458,0.1998046875,-0.3681899309158325,0.2,0.0006454069603933022
550,0.01,-1.5049316292749237e-08,-0.21003891983100698,0.0,2772,65.56,-5.2703300161982184e-05,-0.08387148702820502,-0.16813313313382078,-0.0006673909796961497,-0.2763475496554071,0.0,0.0,0.0,3656,-0.06399927264378409,-2.106131943477551,0.10581944760417455,-0.09753296472508349,-0.593181689911443,-0.1882585841376331,0.0,-0.014655949418023962,0.0,0.0,-0.2755763826401665,-1.3298925247363025,-0.0943084422801507,0.0,0.00018337673261865147,0.0,0.059992681758455256,0.1686528,50.29792,-0.48392954470400784,-0.01447588294750959,-165.02207341999997,0.611209856,-0.5,10137600,37.03680666146109,-0.009592013888888818,1.9596651184898963,0.01908691,2196,0.000279761664,-33.380809211730956,0.9839629530906677,0.9753613471984863,-0.01442216883879155,0.17923583984375,-0.3592817187309265,0.2,0.000667307706316933
551,0.01,-1.4863874560191408e-08,-0.20798199104170012,0.0,2772,66.63,-5.208651381212343e-05,-0.08368169084751385,-0.16920430860613364,-0.0006646468185436277,-0.2806342212441514,0.0,0.0,0.0,3662,-0.0632201581371581,-2.1028992107803877,0.1016267631176267,-0.09927398909952775,-0.59374479946448,-0.19051086807472284,0.0,-0.014822809610041402,0.0,0.0,-0.2714224489037142,-1.317324364314836,-0.09394633603897133,0.0,0.00017903644281129041,0.0,0.06019326891436448,0.16896,50.344,-0.48330071001132147,-0.015073755421326496,-166.09396304999999,0.6111392,-0.5,10156032,35.56936709116934,-0.009787326388888804,1.8239360739303483,0.020887071,2200,0.00027972479999999997,-33.37868881225586,0.9849066734313965,0.9756788611412048,-0.01888834227574989,0.1949462890625,-0.3677952289581299,0.2,0.0006400750309694559
552,0.01,-1.501077501668125e-08,-0.2086338691527473,0.0,2772,66.37,-5.246188059887174e-05,-0.083789942846409,-0.1671356056441984,-0.0006704820692874559,-0.276548538287269,0.0,0.0,0.0,3669,-0.06347127467580316,-2.09995684087537,0.1030049440867278,-0.09710583863805825,-0.5900828756155863,-0.18909670982967072,0.0,-0.014865341805707045,0.0,0.0,-0.27051716576967116,-1.3239961046304947,-0.09371289763742001,0.0,0.00012912322159132196,0.0,0.05942242908493087,0.1692672,50.39008,-0.4908977231194352,-0.015068872522937858,-165.83565018999997,0.611068544,-0.5,10174464,36.05173043035473,-0.009809027777777694,1.8656555545297104,0.019835774,2204,0.000279687936,-33.37941570281983,0.9844128489494324,0.9756075739860535,-0.01734739231178537,0.19359130859375,-0.3614703118801117,0.2,0.0006675490556517615
553,0.01,-1.4693760936272972e-08,-0.20622086393356495,0.0,2772,65.37,-5.2613810215814144e-05,-0.0838191744524993,-0.16888960127570343,-0.0006777374401336906,-0.27994475396113233,0.0,0.0,0.0,3676,-0.06515870845092907,-2.114833086930903,0.10590325972564926,-0.0973875989781958,-0.5950733536314782,-0.2000006109036975,0.0,-0.014853675025139056,0.0,0.0,-0.27739413072759045,-1.3235286045022918,-0.09377327881916858,0.0,0.00017686630275824832,0.0,0.060511405234619065,0.1695744,50.43616,-0.489486791741662,-0.014697236780193634,-164.84832944,0.610997888,-0.5,10192896,37.06614090397724,-0.010004340277777683,1.9718758289574212,0.02052033,2208,0.000279651072,-33.38451805114746,0.9831558465957642,0.9761542081832886,-0.018253990565426648,0.20394287109375,-0.36938604712486267,0.2,0.0007266567641636357
554,0.01,-1.4361742215052198e-08,-0.2096126536927758,0.0,2772,66.66,-5.19858455138759e-05,-0.0840760115204286,-0.16740039929593897,-0.0006648333910256542,-0.27779876959264793,0.0,0.0,0.0,3682,-0.06435587985958702,-2.106039469761455,0.10493637445588,-0.0960786256380289,-0.5957745068490821,-0.19569478436907112,0.0,-0.01482201292498709,0.0,0.0,-0.2710838020268574,-1.321238653961288,-0.09436309468565993,0.0,0.00016276040696538985,0.0,0.0607683815687143,0.1698816,50.48224,-0.4842055844114859,-0.015192570248877423,-166.08638620000002,0.610927232,-0.5,10211328,36.727731059557996,-0.009667968749999917,1.9442407462752447,0.019988222,2212,0.000279614208,-33.385334205627444,0.9819796085357666,0.9759315252304077,-0.01700125462375581,0.17674560546875,-0.36189836263656616,0.2,0.0008135631738696248
555,0.01,-1.4816141322717356e-08,-0.20889303562376937,0.0,2772,65.8,-5.2524396871414544e-05,-0.08389452266867828,-0.1695629208331189,-0.0006664072894934968,-0.279321734442606,0.0,0.0,0.0,3689,-0.06458458943057381,-2.105087710993212,0.11078852122839278,-0.09765753450419978,-0.5919634697872749,-0.19768793651988534,0.0,-0.014793155083093994,0.0,0.0,-0.2704204396034021,-1.3254022424619472,-0.09372310725818916,0.0,0.00014322914648801088,0.0,0.060219746122879454,0.1701888,50.52832,-0.4849977467305965,-0.01359643566279879,-165.27347256000002,0.610856576,-0.5,10229760,38.77598242993747,-0.010004340277777678,2.148011107973187,0.022530138,2216,0.000279577344,-33.37948474884033,0.984695315361023,0.9758015871047974,-0.018849388766102492,0.20609130859375,-0.3683333098888397,0.2,0.0006723103200783953
556,0.01,-1.4692028755975488e-08,-0.20917135954195742,0.0,2772,65.82,-5.297651251448162e-05,-0.08389886028536425,-0.16784442003003186,-0.000675228718779316,-0.28091317198521276,0.0,0.0,0.0,3695,-0.06326781076736178,-2.1130179532532307,0.10408756925904569,-0.09660795316738643,-0.597320640859333,-0.19062018022651206,0.0,-0.01476218808347878,0.0,0.0,-0.2762213444490654,-1.3214481229480421,-0.09429235103093567,0.0,0.00023111976527919373,0.0,0.06050371905834538,0.170496,50.5744,-0.4869193174888816,-0.01479380791230748,-165.28353115000002,0.61078592,-0.5,10248192,36.43064924066599,-0.009700520833333257,1.9145805643880665,0.020049702,2220,0.00027954048,-33.379902839660645,0.9853651523590088,0.9759137034416199,-0.01754208141937852,0.19971923828125,-0.3661777675151825,0.2,0.0006255963235162199
557,0.01,-1.4954554599920946e-08,-0.2038819638919666,0.0,2772,66.73,-5.386469278909092e-05,-0.08414952866419802,-0.16846759957102972,-0.0006896263992473928,-0.2772336523388986,0.0,0.0,0.0,3702,-0.066351352996484,-2.1069870373366855,0.11365412043388631,-0.09718437304735604,-0.5906051060057912,-0.2166099085865118,0.0,-0.015087843613816068,0.0,0.0,-0.2844281744058119,-1.3252882291980626,-0.09251091409629403,0.0,0.00034396697042716876,0.0,0.06011569043154034,0.1708032,50.62048,-0.48649985031960874,-0.014395045490042927,-166.17605979000004,0.610715264,-0.5,10266624,39.77894215186021,-0.010536024305555426,2.2674388719352354,0.019877253,2224,0.000279503616,-33.37696380615235,0.9834631085395813,0.9755409955978394,-0.01539814709685743,0.1828857421875,-0.3648369312286377,0.2,0.0007344420708250254
558,0.01,-1.5105494559506323e-08,-0.20742957634827086,0.0,2772,66.36,-5.314186264959735e-05,-0.08431304241647933,-0.16861213466369263,-0.0006822438671770463,-0.2817426606417963,0.0,0.0,0.0,3709,-0.0647427169461007,-2.1077539796358304,0.1059400631511622,-0.09851870979762097,-0.5907957800950225,-0.19822801144445112,0.0,-0.015285752853282264,0.0,0.0,-0.2818991748153367,-1.3132302082552902,-0.09321867001859518,0.0,0.00017903644281129041,0.0,0.059828235431099844,0.1711104,50.666560000000004,-0.48482356409298105,-0.013957220200811409,-165.81257119000006,0.610644608,-0.5,10285056,37.07902210290677,-0.009635416666666587,1.9645785256100312,0.020027298,2228,0.000279466752,-33.36615104675293,0.9828515648841858,0.9752669334411621,-0.01942080113803968,0.20152587890625,-0.37097570300102234,0.2,0.000757933160639368
559,0.01,-1.4963913361416296e-08,-0.20784344920855732,0.0,2772,65.18,-5.404118426130792e-05,-0.0840504684024993,-0.16723153031223542,-0.0006795697336878337,-0.2740595061436932,0.0,0.0,0.0,3715,-0.06593170780962042,-2.1033901815658815,0.10779900248625995,-0.09546876257847911,-0.5850005441234724,-0.21174881155169853,0.0,-0.01475016277773259,0.0,0.0,-0.28523688941290154,-1.315313220380284,-0.09307084180813266,0.0,0.0002495659314768596,0.0,0.06040850342255834,0.1714176,50.71264,-0.4872034035165188,-0.014227402294636704,-164.64618771000002,0.610573952,-0.5,10303488,37.72965087019099,-0.01001519097222212,2.0336199853300174,0.022426974,2232,0.00027942988799999996,-33.3654167175293,0.9837595820426941,0.9752652049064636,-0.018658960238099098,0.19273681640625,-0.3716651499271393,0.2,0.0006949718139367178
560,0.01,-1.4927236608747456e-08,-0.2060459155631423,0.0,2773,66.75,-5.448242908267201e-05,-0.08431236145615591,-0.16791414502711446,-0.0006970059017710916,-0.2829909106941224,0.0,0.0,0.0,3722,-0.06752348007835518,-2.120869842285961,0.10755914147296977,-0.09849422450985777,-0.5973534122115303,-0.21954813974257453,0.0,-0.015279326454746766,0.0,0.0,-0.27659391947751844,-1.3151692041760235,-0.09377248302589633,0.0,0.00018120652465667162,0.0,0.06128246891070835,0.1717248,50.75872,-0.4837465467375992,-0.014209498741870953,-166.20003419,0.610503296,-0.5,10321920,37.64569951553942,-0.010449218749999881,2.0338617498273366,0.021663656,2236,0.00027939302399999997,-33.36742095947265,0.9829156398773193,0.9755709171295166,-0.018757184327114373,0.216943359375,-0.3670620620250702,0.2,0.0007374273089226335
561,0.01,-1.5220600731785002e-08,-0.20288992416613202,0.0,2773,66.18,-5.4263926009084535e-05,-0.08425768488440684,-0.16767918272942128,-0.000689411625021681,-0.27305896110642036,0.0,0.0,0.0,3728,-0.0664575494760769,-2.0926750662323927,0.11496767094789212,-0.09649010780292964,-0.5827653347725409,-0.21585227452760722,0.0,-0.015175482569190645,0.0,0.0,-0.2766629669592334,-1.3158301278909355,-0.09180466882137352,0.0,0.000252821156108338,0.0,0.05953783078541957,0.172032,50.8048,-0.48467565522268746,-0.014119980838990564,-165.6393949,0.61043264,-0.5,10340352,40.23868483176224,-0.009982638888888791,2.313136750364168,0.020335099,2240,0.00027935616,-33.37107982635498,0.9861380457878113,0.9756549596786499,-0.01664444247726351,0.203759765625,-0.3689556121826172,0.2,0.000591909047216177
562,0.01,-1.4996984403352785e-08,-0.2054467032473125,0.0,2773,65.65,-5.41195061934977e-05,-0.08426401225628694,-0.16666788446844605,-0.0006934190236891415,-0.2815512467570547,0.0,0.0,0.0,3735,-0.06576971705423268,-2.113183971084731,0.11120126548835291,-0.09742494626589096,-0.5934209195770714,-0.20803408609286592,0.0,-0.015492562723040004,0.0,0.0,-0.2758367991808545,-1.3114735515323415,-0.0929584396407963,0.0,0.00020182286971248686,0.0,0.060689915897217554,0.1723392,50.850880000000004,-0.4822406732357729,-0.013779811983113177,-165.10276318,0.610361984,-0.5,10358784,38.92044292092352,-0.010460069444444338,2.187786108198883,0.020869682,2244,0.000279319296,-33.372954559326175,0.9799936413764954,0.975721538066864,-0.018811380979605018,0.196533203125,-0.36860430240631104,0.2,0.0008697842858964577
563,0.01,-1.5129227155727238e-08,-0.20835112575861123,0.0,2773,65.92,-5.460535809592402e-05,-0.08440117105338293,-0.16755048306965553,-0.0006983551059130304,-0.2824156720997008,0.0,0.0,0.0,3742,-0.0669905840602181,-2.117495202618426,0.10784439595196676,-0.0978656021515516,-0.5941129004413006,-0.21926969240585642,0.0,-0.015386165363642226,0.0,0.0,-0.2757574646242314,-1.3220582847960214,-0.0940802142916225,0.0,0.00020616316922112473,0.0,0.061242318228864466,0.1726464,50.89696,-0.48606237290576065,-0.013933891592185117,-165.35633564,0.610291328,-0.5,10377216,37.74553858318837,-0.010351562499999885,2.0476268583027672,0.021981457,2248,0.000279282432,-33.36891040802002,0.9837254881858826,0.9755134582519531,-0.017404219997115434,0.20308837890625,-0.3659466505050659,0.2,0.0007109799335012212
564,0.01,-1.4677870592909675e-08,-0.20118983999686313,0.0,2773,65.81,-5.4180714210014236e-05,-0.08427409673439529,-0.16706017828384864,-0.0006916163062897343,-0.27544329621275576,0.0,0.0,0.0,3748,-0.06643415932637002,-2.0923537607770517,0.10009921633167365,-0.09700627982816545,-0.5812531638950562,-0.2173144364784952,0.0,-0.01527248370150247,0.0,0.0,-0.2703826906610371,-1.3162952944342532,-0.09118391869359783,0.0,0.0002615017066192296,0.0,0.05990144625098516,0.1729536,50.94304,-0.48570670820894324,-0.01323999069023153,-165.27406236000002,0.610220672,-0.5,10395648,35.03472571608578,-0.010557725694444322,1.7676696932232234,0.021321923,2252,0.00027924556799999997,-33.37191295623779,0.9849130511283875,0.9756308794021606,-0.017437118128873406,0.20498046875,-0.3674892783164978,0.2,0.0006496911984868348
565,0.01,-1.4650847007615032e-08,-0.20665334586751202,0.0,2773,66.3,-5.452803600844281e-05,-0.08411687081452086,-0.16734976234074614,-0.0006986549310694079,-0.2790586550338126,0.0,0.0,0.0,3755,-0.06634021004960061,-2.106702177214606,0.11087448698617244,-0.09822709414412423,-0.5880725747092937,-0.21642967088142753,0.0,-0.015255382713920743,0.0,0.0,-0.2822060458611225,-1.317798480870329,-0.09304644725614049,0.0,0.00011827253102738824,0.0,0.06074368149108546,0.1732608,50.98912,-0.48098567847016915,-0.015033607799624506,-165.76123873,0.610150016,-0.5,10414080,38.80607044516036,-0.009657118055555478,2.1513016129528473,0.022960624,2256,0.000279208704,-33.373454856872556,0.9828434586524963,0.9757351875305176,-0.018454455060418696,0.201123046875,-0.3724493682384491,0.2,0.0007359094423009082
566,0.01,-1.502528118087276e-08,-0.20849914385368512,0.0,2773,66.34,-5.46355309032542e-05,-0.08424048674480868,-0.16834881315831818,-0.0006982282583563519,-0.2808473279937776,0.0,0.0,0.0,3761,-0.06509519977068715,-2.1105750953459217,0.10688479225684167,-0.09677109371584484,-0.5911072487053093,-0.20714743514806858,0.0,-0.01534609243422753,0.0,0.0,-0.2804885224258781,-1.3230650377397606,-0.09355489073659534,0.0,0.00016167532238695357,0.0,0.060756114427476665,0.173568,51.0352,-0.4861608871576261,-0.0147406393274044,-165.79215184,0.6100793600000001,-0.5,10432512,37.40967728989458,-0.009960937499999913,2.017336527350881,0.022923237,2260,0.00027917184,-33.375719261169436,0.9851206541061401,0.9757586717605591,-0.016986589517910034,0.20767822265625,-0.36662760376930237,0.2,0.0006380967184668407
567,0.01,-1.4736212381235755e-08,-0.20864737116789556,0.0,2773,66.08,-5.456456242241981e-05,-0.08442565230634005,-0.16765271949465047,-0.0006975863628929643,-0.28055706735147923,0.0,0.0,0.0,3768,-0.06674033599308739,-2.111950328710937,0.1091956899465635,-0.09760101826668906,-0.588645739473397,-0.21022617249900089,0.0,-0.015327213663069775,0.0,0.0,-0.2787469341437084,-1.3262306479404078,-0.09388067793632858,0.0,0.0001269530621357262,0.0,0.06050934451854406,0.1738752,51.08128,-0.4873294905338924,-0.01403154744184576,-165.55950978,0.610008704,-0.5,10450944,38.21849148129723,-0.009809027777777691,2.101303475191371,0.019634381,2264,0.000279134976,-33.379860496521,0.9832248687744141,0.9760994911193848,-0.015472603938542306,0.199609375,-0.3637484014034271,0.2,0.000705309136537835
568,0.01,-1.4342817868269537e-08,-0.20616282487812826,0.0,2773,65.98,-5.5706228543988854e-05,-0.08417376117375702,-0.16738446878694377,-0.0007116195120879603,-0.28093489576090225,0.0,0.0,0.0,3775,-0.0680992097961817,-2.1122788569543416,0.10167088875138192,-0.0979334238130796,-0.6003390714342932,-0.22312134236699585,0.0,-0.01525983998147499,0.0,0.0,-0.2671978642633053,-1.3206295572958284,-0.09409953464723185,0.0,0.00019748258960640265,0.0,0.060984520680719544,0.1741824,51.127359999999996,-0.4835832801145541,-0.013633870201172411,-165.44059048999995,0.6099380480000001,-0.5,10469376,35.58481106298367,-0.010101996527777672,1.8111225804942135,0.020328712,2268,0.000279098112,-33.381601905822755,0.9806026220321655,0.9760783910751343,-0.014738313923589885,0.198193359375,-0.363058477640152,0.2,0.0008153999893693254
569,0.01,-1.516806971575481e-08,-0.20386150886807777,0.0,2773,65.49,-5.5400801139049494e-05,-0.0843536756770874,-0.1660101818039399,-0.0007083473522424953,-0.2762429865005519,0.0,0.0,0.0,3781,-0.06562316992766959,-2.092929221058052,0.10441116662723957,-0.09741091585735928,-0.5815733284084835,-0.2143671909032432,0.0,-0.015355190906165224,0.0,0.0,-0.2953979194899043,-1.3210103852651391,-0.09197553656003346,0.0,0.00018012148858461942,0.0,0.059396845200433326,0.1744896,51.17344,-0.49215641936372034,-0.015635820087886207,-164.92794497,0.6098673920000001,-0.5,10487808,36.54390831953385,-0.009006076388888845,1.908037252336869,0.019800147,2272,0.000279061248,-33.379222297668456,0.9845266938209534,0.9760537147521973,-0.018110711593180895,0.19033203125,-0.3666982352733612,0.2,0.0006844280316727236
570,0.01,-1.5012152562554918e-08,-0.20493244809720537,0.0,2772,66.95,-5.550321506090376e-05,-0.08440007496246828,-0.16629205837553535,-0.0007152500224639889,-0.27624593794723046,0.0,0.0,0.0,3789,-0.06742236285938924,-2.1064924165195147,0.1074670492034924,-0.09554004529111229,-0.585522293027688,-0.21878988454873396,0.0,-0.015470880140529933,0.0,0.0,-0.28122076567167426,-1.3154022170620558,-0.09280403341220983,0.0,0.00027126732230600383,0.0,0.06062192993509282,0.1747968,51.21952,-0.48578703944413654,-0.014756372934142645,-166.40674514999998,0.6097967360000001,-0.5,10506240,37.613467221222336,-0.010449218749999887,2.030770176622411,0.021708986,2276,0.000279024384,-33.37759590148926,0.9817987084388733,0.976272702217102,-0.019535938696935772,0.20137939453125,-0.3679482638835907,0.2,0.0007859978242777288
571,0.01,-1.5477267848175568e-08,-0.21124749864107678,0.0,2772,67.23,-5.643852478490259e-05,-0.08443578576127418,-0.16680255316767556,-0.0007207691352760505,-0.28372171606450164,0.0,0.0,0.0,3796,-0.06812107772699322,-2.127130346052378,0.11781759589334248,-0.09862567320640193,-0.598128721917702,-0.2157543946040893,0.0,-0.015419774314476038,0.0,0.0,-0.28889213770130007,-1.3263228232382756,-0.09512970079198639,0.0,0.00014431418256006308,0.0,0.06119538160912186,0.175104,51.265600000000006,-0.48351155650533606,-0.014729246199648414,-166.69154355999999,0.6097260800000001,-0.5,10524672,41.23615856266987,-0.009765624999999918,2.439901076163554,0.02244773,2280,0.00027898752,-33.38166332244873,0.9817826747894287,0.9764035940170288,-0.016192184202373026,0.210302734375,-0.36236101388931274,0.2,0.0008011265570530667
572,0.01,-1.502157668916807e-08,-0.20456335036899698,0.0,2772,65.48,-5.596433107384272e-05,-0.0843594150732774,-0.1663532743099792,-0.0007090798900521215,-0.2732465722933821,0.0,0.0,0.0,3802,-0.06766514093836208,-2.0964058641551677,0.10447207080981935,-0.09746080416891184,-0.5813584170831515,-0.22173317954122512,0.0,-0.015509524717560943,0.0,0.0,-0.27911900036068715,-1.329706943845287,-0.09200920140967442,0.0,0.00024305552101901008,0.0,0.06003131262846065,0.1754112,51.311679999999996,-0.487841153157134,-0.014676077875062928,-164.95092949000002,0.6096554240000001,-0.5,10543104,36.565224783436776,-0.009960937499999913,1.9168280634619173,0.019467268,2284,0.000278950656,-33.3805290222168,0.9863002300262451,0.9763860106468201,-0.014521905756555497,0.17337646484375,-0.3609999120235443,0.2,0.0005884363723453135
573,0.01,-1.4976603194876074e-08,-0.2099048016948824,0.0,2772,66.23,-5.6075561784080736e-05,-0.08456217076991533,-0.16634291021186937,-0.0007240793848775894,-0.2818194851599439,0.0,0.0,0.0,3809,-0.0684014151050878,-2.121183454268092,0.1040872290095092,-0.09863350869669604,-0.5971069551226864,-0.21913706735274072,0.0,-0.0155677052805352,0.0,0.0,-0.2852227361492845,-1.3259463662840452,-0.09496664167432219,0.0,0.0002246093451200674,0.0,0.061362704813547504,0.1757184,51.35776,-0.4859123791796359,-0.014294676498846255,-165.68734804,0.609584768,-0.5,10561536,36.43053015332822,-0.009917534722222133,1.8988462707652702,0.02023284,2288,0.00027891379199999997,-33.38190326690674,0.9847157597541809,0.9763522148132324,-0.018827932770363986,0.1916015625,-0.3674969971179962,0.2,0.0006663132517132908
574,0.01,-1.499877392459093e-08,-0.20538778610014424,0.0,2772,66.58,-5.682459785924476e-05,-0.08439475720169282,-0.1675483624290374,-0.0007289458275933708,-0.27933585858519766,0.0,0.0,0.0,3815,-0.06698376237262076,-2.109647746070959,0.10125810999473414,-0.0976191079941382,-0.5869637776821347,-0.21434563503280657,0.0,-0.01562801700330712,0.0,0.0,-0.29188933114095267,-1.325004168960263,-0.09317693020060443,0.0,0.0003200954492462592,0.0,0.06043553898800559,0.1760256,51.40384,-0.48661224303990624,-0.013951795191840373,-166.03831809000002,0.609514112,-0.5,10579968,35.44033849815695,-0.010622829861110987,1.7984603431285486,0.02031998,2292,0.000278876928,-33.38195686340332,0.9843769073486328,0.9763559103012085,-0.017563948733732106,0.20142822265625,-0.3677688241004944,0.2,0.0006772301130695269
575,0.01,-1.541245342437627e-08,-0.20287391226784643,0.0,2772,66.85,-5.708563418027284e-05,-0.08463766808450074,-0.1662678507367249,-0.0007397099903752188,-0.2766763587106756,0.0,0.0,0.0,3822,-0.06814103957915756,-2.1096532705387734,0.10363685909092296,-0.09839003682258002,-0.5894355450804478,-0.22180501205144282,0.0,-0.01595722105821737,0.0,0.0,-0.2959775883583532,-1.3311804878110725,-0.09312727619786737,0.0,0.0003352864199162771,0.0,0.06008492855731513,0.1763328,51.449920000000006,-0.48861053683807065,-0.015333629092007564,-166.29463208,0.609443456,-0.5,10598400,36.27290068182304,-0.010253906249999887,1.8823978573454212,0.021712258,2296,0.000278840064,-33.37726097106933,0.984161913394928,0.9760847091674805,-0.015813970391172917,0.20811767578125,-0.36678460240364075,0.2,0.0006943525688257069
576,0.01,-1.547004679681651e-08,-0.2071059465027834,0.0,2772,67.32,-5.7699370664275936e-05,-0.0844199381750778,-0.1651405023956012,-0.0007429323535150917,-0.28035966229481885,0.0,0.0,0.0,3829,-0.0688344099316004,-2.1159095224488844,0.10834975530263566,-0.09765651410938364,-0.5947692958640443,-0.21755943615258877,0.0,-0.0159159769110353,0.0,0.0,-0.2828881625699305,-1.3290181462235482,-0.0945534360350016,0.0,0.0002766926675879707,0.0,0.060503808202638044,0.17664,51.495999999999995,-0.4859939035487695,-0.014609888918736639,-166.75398506999994,0.6093728,-0.5,10616832,37.92241435592248,-0.010243055555555453,2.077408175098611,0.022221271,2300,0.0002788032,-33.37588405609131,0.9846199154853821,0.9762529134750366,-0.017812893027439713,0.204931640625,-0.36456024646759033,0.2,0.0006714565999573097
577,0.01,-1.5244005170330943e-08,-0.20568633398202044,0.0,2772,66.63,-5.678217174872009e-05,-0.08442357530756542,-0.16668141879942136,-0.0007275493066616133,-0.27850836778359717,0.0,0.0,0.0,3835,-0.068302771370177,-2.1175980646793238,0.11318993172550962,-0.09659264321933464,-0.5903124484576919,-0.22207255254424013,0.0,-0.015731037335489768,0.0,0.0,-0.283725526412888,-1.3301948317124224,-0.09343867012570972,0.0,0.00029730898353995546,0.0,0.06098135275881585,0.1769472,51.54208,-0.4871958625608802,-0.014299559533052767,-166.07259557,0.609302144,-0.5,10635264,39.61647610392836,-0.010742187499999868,2.2506069760474405,0.020871432,2304,0.00027876633599999997,-33.379226493835446,0.9840599298477173,0.976404070854187,-0.015041778684826567,0.21346435546875,-0.3655146658420563,0.2,0.0007075620611431077
578,0.01,-1.49967979589378e-08,-0.206148682905763,0.0,2772,66.82,-5.668599170783108e-05,-0.08417074612231455,-0.16503876818077914,-0.0007342468637434911,-0.27791960295074186,0.0,0.0,0.0,3842,-0.06778698886306996,-2.110114824458361,0.10543672238377685,-0.0956014345183798,-0.5895764229595202,-0.22033184074189285,0.0,-0.015557117835019223,0.0,0.0,-0.297644003171651,-1.3346111432981573,-0.09384860120386164,0.0,0.00027886282704356644,0.0,0.060436146390343545,0.1772544,51.58816,-0.4848355937499411,-0.014618027041756755,-166.25342552,0.609231488,-0.5,10653696,36.9028528343219,-0.010427517361111,1.9595225058902905,0.022134092,2308,0.000278729472,-33.37645931243897,0.9855882525444031,0.9761630296707153,-0.014294277143198997,0.2015869140625,-0.3680395185947418,0.2,0.0006342655455227941
579,0.01,-1.5294200612779132e-08,-0.20177428908129946,0.0,2772,64.88,-5.691663784744672e-05,-0.08416312630373345,-0.1666971888233829,-0.0007274007532241116,-0.2694834507140983,0.0,0.0,0.0,3848,-0.06607169294897651,-2.090830472980523,0.10313463472993445,-0.096552934445035,-0.5825701514671819,-0.20441078229718124,0.0,-0.015836836645554308,0.0,0.0,-0.2809872464747525,-1.3379814045262963,-0.09235178645011727,0.0,0.00026475692154943116,0.0,0.0591257710232486,0.1775616,51.634240000000005,-0.4882716340238584,-0.013343072032310173,-164.32340175,0.609160832,-0.5,10672128,36.09712215547706,-0.010253906249999896,1.8692607091349505,0.02142677,2312,0.000278692608,-33.37827129364014,0.985641360282898,0.9765158891677856,-0.018340152758173644,0.2030029296875,-0.36596545577049255,0.2,0.0006428002991015092
580,0.01,-1.567365255153021e-08,-0.20319591880809018,0.0,2772,65.43,-5.68101907713757e-05,-0.08474116180127007,-0.16550212950416782,-0.0007217647298236761,-0.2702679657114858,0.0,0.0,0.0,3855,-0.06744541371083525,-2.101023556697437,0.10936135869926078,-0.09592666399552537,-0.578573971989335,-0.21549439499189726,0.0,-0.01565125285281174,0.0,0.0,-0.29698415427567276,-1.3338075819440744,-0.09205547314909328,0.0,0.00027777775216640695,0.0,0.05938586276531442,0.1778688,51.680319999999995,-0.4848334024749724,-0.0138888612289318,-164.87825234,0.609090176,-0.5,10690560,38.276475544741274,-0.010199652777777669,2.1001396974886126,0.022457432,2316,0.000278655744,-33.377685737609866,0.9795634746551514,0.9761837720870972,-0.018279782286845146,0.20369873046875,-0.36827224493026733,0.2,0.0008956476231105626
581,0.01,-1.4567667882352826e-08,-0.20932759554461058,0.0,2772,66.44,-5.6880684399308653e-05,-0.08429202622485044,-0.16568730685805466,-0.0007278057941334471,-0.27209026984401596,0.0,0.0,0.0,3862,-0.06639752634123466,-2.1158915937319698,0.1058519004701006,-0.09424424185893479,-0.5900389572818531,-0.2132364498236392,0.0,-0.01577973963308324,0.0,0.0,-0.28932177056878117,-1.342456335691117,-0.09461844812472626,0.0,0.00019748257990512584,0.0,0.0607517783316576,0.178176,51.7264,-0.48269091551328874,-0.014239337984084463,-165.88458430000006,0.60901952,-0.5,10708992,37.048165164535206,-0.009450954861111041,1.9974625130481694,0.023397896,2320,0.00027861887999999996,-33.37820682525635,0.9823551774024963,0.9765990972518921,-0.019441536883823572,0.21370849609375,-0.37330013513565063,0.2,0.0007656187139218673
582,0.01,-1.5291613411683835e-08,-0.20983727342617,0.0,2772,65.74,-5.7870859736857735e-05,-0.08448378658047723,-0.16565398308961365,-0.0007284359880510467,-0.2701215254258359,0.0,0.0,0.0,3868,-0.06781071668804833,-2.1238214156395707,0.10248375572713059,-0.09540992325816271,-0.5913374730717863,-0.212436396030621,0.0,-0.015495981848904307,0.0,0.0,-0.29720704733080894,-1.3321159442582462,-0.09447790826088377,0.0,0.0002549912961613801,0.0,0.06097820645894595,0.1784832,51.77248,-0.4823043941451839,-0.014454181598719314,-165.17267045,0.608948864,-0.5,10727424,35.869314504495705,-0.009754774305555474,1.8417443081539682,0.021812513,2324,0.000278582016,-33.378967094421384,0.9815423488616943,0.976672887802124,-0.018987071537412702,0.20555419921875,-0.36499306559562683,0.2,0.0008224841265473514
583,0.01,-1.550781022135481e-08,-0.207951015848512,0.0,2773,66.25,-5.815787162907156e-05,-0.0845396321801526,-0.16621896543909612,-0.0007319036167518942,-0.27621969437115096,0.0,0.0,0.0,3875,-0.0670961342652362,-2.124003928157574,0.10991589469208168,-0.09733181798285828,-0.591515379359979,-0.21247688419018604,0.0,-0.015550281134653295,0.0,0.0,-0.2964046438965989,-1.3297804646633984,-0.0938977522330723,0.0,0.00023328988592968218,0.0,0.06121724258168472,0.1787904,51.81856,-0.48215435273601975,-0.013678358174123181,-165.70718047999998,0.608878208,-0.5,10745856,38.47056314222859,-0.010611979166666556,2.1223397915242215,0.021038104,2328,0.000278545152,-33.37341747283936,0.9846482276916504,0.976172149181366,-0.01846555480733514,0.20640869140625,-0.3662741482257843,0.2,0.0006913935503689572
584,0.01,-1.601313658941985e-08,-0.2089958043806613,0.0,2773,66.49,-5.9182528019705986e-05,-0.08460490127711398,-0.1664595187379649,-0.0007474391817253877,-0.2772448401770812,0.0,0.0,0.0,3881,-0.06927096562037176,-2.1330458672560235,0.10275047887001804,-0.09734086668345064,-0.5968536411516946,-0.22670752267618408,0.0,-0.015843484122767204,0.0,0.0,-0.2903843267224138,-1.3307793003334618,-0.09515371710704054,0.0,0.00036783852071190876,0.0,0.061834510267089714,0.1790976,51.864639999999994,-0.47926571165155163,-0.013761365826616788,-165.93286641000003,0.608807552,-0.5,10764288,35.962667604506315,-0.010264756944444332,1.8592692910861188,0.019784078,2332,0.000278508288,-33.363125228881835,0.9833707213401794,0.975703239440918,-0.018282143119722604,0.20135498046875,-0.36604949831962585,0.2,0.0006959783349884674
585,0.01,-1.534097744917788e-08,-0.21016809620442461,0.0,2773,67.18,-5.916682587267686e-05,-0.08460542577366288,-0.16468033707881444,-0.0007496027520268713,-0.2765810381814327,0.0,0.0,0.0,3888,-0.06973340355360418,-2.1298066420154473,0.10908472560361579,-0.09557756059848407,-0.5937844494502842,-0.230971456517148,0.0,-0.015663304282957716,0.0,0.0,-0.29169397040519607,-1.3374512555175984,-0.09523873973017316,0.0,0.00032877598035459715,0.0,0.06138514824478574,0.1794048,51.91072,-0.48084325386166543,-0.013710910161737248,-166.62741627,0.608736896,-0.5,10782720,38.17965396126553,-0.01046006944444433,2.1112159212665595,0.020335158,2336,0.000278471424,-33.356221199035645,0.9832572340965271,0.9756247401237488,-0.016706639225594698,0.191455078125,-0.36356380581855774,0.2,0.0007557335164165124
586,0.01,-1.5578726744773302e-08,-0.2068620809987093,0.0,2773,65.71,-5.805888615427228e-05,-0.08441509749077332,-0.1659727839391649,-0.000743250274525209,-0.2733662511292208,0.0,0.0,0.0,3894,-0.06859970451518656,-2.1121791187153143,0.10591849143558779,-0.09474423034968443,-0.5849539073261749,-0.2284731051187149,0.0,-0.01581071498081535,0.0,0.0,-0.2925367367051693,-1.3253016872097685,-0.09355318687898578,0.0,0.000315755169140175,0.0,0.060300307650924215,0.179712,51.9568,-0.4888339879970914,-0.014201360814493254,-165.17006597,0.60866624,-0.5,10801152,37.07147200245573,-0.010210503472222111,1.9663284973293815,0.02144407,2340,0.00027843455999999997,-33.35817184448242,0.9857153296470642,0.9759787321090698,-0.015510227251797914,0.19820556640625,-0.35943692922592163,0.2,0.0006399387551937252
587,0.01,-1.591242576810675e-08,-0.20691256658396784,0.0,2773,66.75,-5.8878330953441106e-05,-0.084467117661481,-0.1658713718656565,-0.0007421781467510818,-0.27396292300978253,0.0,0.0,0.0,3901,-0.07005812009861684,-2.120875187013898,0.10421429207515068,-0.09655859574398118,-0.5898687969997813,-0.2304118637400681,0.0,-0.01547102662475842,0.0,0.0,-0.30288948609544836,-1.3280657200998987,-0.09417114459872072,0.0,0.00031358501938585605,0.0,0.060610873618190494,0.1800192,52.00288,-0.4882406837778479,-0.014154702847008593,-166.17839994000002,0.608595584,-0.5,10819584,36.475002226302735,-0.010243055555555446,1.9221893143345814,0.022811215,2344,0.000278397696,-33.35488491058349,0.9815670847892761,0.9760352373123169,-0.019757882319390775,0.20047607421875,-0.37083378434181213,0.2,0.0008103967411443591
588,0.01,-1.5095327289395886e-08,-0.19847812454465572,0.0,2773,65.52,-5.9025119062730607e-05,-0.08450205128794325,-0.16568078422709134,-0.0007474064105426418,-0.2721767062106536,0.0,0.0,0.0,3908,-0.07028772414780819,-2.1014103487942624,0.10525288018921511,-0.0966927814265698,-0.5820114391515494,-0.2344479637515187,0.0,-0.01578932798653376,0.0,0.0,-0.2838679292832808,-1.3244144935799753,-0.09162045361076741,0.0,0.00036783853041318554,0.0,0.05980166046144032,0.1803264,52.04896,-0.48463090872997877,-0.012547175097602626,-164.97746743,0.608524928,-0.5,10838016,36.83850806622529,-0.010416666666666546,1.9532202979263322,0.021125564,2348,0.000278360832,-33.350257301330565,0.9830257892608643,0.975805938243866,-0.019132420409005136,0.204736328125,-0.3773222267627716,0.2,0.0007452045741956681
589,0.01,-1.4906505088419976e-08,-0.2042335914936052,0.0,2773,65.01,-5.815062556334546e-05,-0.08452109752593662,-0.16562793202755266,-0.00073416680220579,-0.27154393909328944,0.0,0.0,0.0,3914,-0.06921009015234547,-2.1092716326575487,0.1093868737547378,-0.09537584583321247,-0.581559755979671,-0.2330437235364695,0.0,-0.01569125786097271,0.0,0.0,-0.2907348260378351,-1.3218825209192742,-0.09254311323696263,0.0,0.000296223908662796,0.0,0.060364699939954955,0.1806336,52.09504,-0.4848231254101834,-0.013242703393593224,-164.45595831,0.608454272,-0.5,10856448,38.28540581415823,-0.010926649305555418,2.0939629526684835,0.021786254,2352,0.00027832396799999995,-33.34699325561523,0.9829384088516235,0.9756922721862793,-0.019742171745747328,0.2097412109375,-0.366225004196167,0.2,0.0007467645307769998
590,0.01,-1.4927610920099056e-08,-0.20042482095235595,0.0,2773,65.49,-5.8018069004706496e-05,-0.08474121195422986,-0.16674999118153044,-0.0007341043974261207,-0.2684293279501577,0.0,0.0,0.0,3921,-0.07018248651381061,-2.0911608431216298,0.11165100094906194,-0.09478386874398093,-0.568952690519192,-0.24281038558578125,0.0,-0.015651412040524327,0.0,0.0,-0.288482884448747,-1.3224161143324784,-0.09081171413101803,0.0,0.0004622395596622179,0.0,0.05931803171630929,0.1809408,52.14112,-0.48807189273958584,-0.012606853666107377,-164.93868020999997,0.608383616,-0.5,10874880,39.07785033217168,-0.010774739583333196,2.19362667292394,0.023006579,2356,0.000278287104,-33.350516891479494,0.9821513295173645,0.976203203201294,-0.021779629308730362,0.2020751953125,-0.377511590719223,0.2,0.0007782387634506449
591,0.01,-1.5251486482665024e-08,-0.2000119700985209,0.0,2773,65.81,-5.7855481993996636e-05,-0.08460697990059102,-0.16764510752281103,-0.0007231113259474335,-0.2672158428524525,0.0,0.0,0.0,3927,-0.06892454856234548,-2.08858922930801,0.10475641512966677,-0.09555856185811551,-0.5663954173729948,-0.23252157829848585,0.0,-0.015336119355738614,0.0,0.0,-0.2898922836359923,-1.3186656687100944,-0.09000724768947094,0.0,0.00028754333874935075,0.0,0.058770960578847405,0.181248,52.1872,-0.48816568609095806,-0.012632895464776084,-165.26812497999998,0.60831296,-0.5,10893312,36.66474529538337,-0.01082899305555542,1.9793896194118694,0.024140503,2360,0.00027825024,-33.35907096862793,0.9812451004981995,0.9765345454216003,-0.020416577497962864,0.232666015625,-0.3741668462753296,0.2,0.0008420554135227576
592,0.01,-1.472087137661701e-08,-0.20447330730870258,0.0,2773,65.78,-5.853508108450425e-05,-0.0845419775580132,-0.16549487552051872,-0.0007315046628204949,-0.27087216172572387,0.0,0.0,0.0,3934,-0.06937518861555178,-2.1139859720789653,0.10308983049939463,-0.09405096692041603,-0.580119754321921,-0.23769179487685677,0.0,-0.015248059204373983,0.0,0.0,-0.2882476590863136,-1.327037909631514,-0.09282931380184005,0.0,0.0003906250058207661,0.0,0.06001864464836509,0.1815552,52.23328,-0.48075989640693034,-0.011835370668753361,-165.22844332999998,0.608242304,-0.5,10911744,36.08144067478812,-0.010644531249999874,1.8809554564502207,0.021852475,2364,0.000278213376,-33.36333541870117,0.9784350991249084,0.9768068194389343,-0.02009314694441855,0.2174072265625,-0.3669793903827667,0.2,0.0009138353634625673
593,0.01,-1.4919853324055526e-08,-0.20619492383189506,0.0,2773,65.81,-5.936593795110226e-05,-0.08483219472541755,-0.16492385686451536,-0.0007443206860908818,-0.26572278334057997,0.0,0.0,0.0,3940,-0.07107990879806311,-2.11040679118439,0.10445234303937287,-0.09278607148777464,-0.5804503283117993,-0.23922072877154166,0.0,-0.015517027589675119,0.0,0.0,-0.29693529239439376,-1.3250334795332965,-0.09328699451390773,0.0,0.0002940537686097539,0.0,0.05910807039425217,0.1818624,52.27936,-0.4850552733006998,-0.012827665287962494,-165.25064343999998,0.608171648,-0.5,10930176,36.558320063780506,-0.010894097222222085,1.9144147346698888,0.022867769,2368,0.000278176512,-33.364514923095705,0.9816821217536926,0.9768616557121277,-0.022066937282215805,0.20457763671875,-0.36728185415267944,0.2,0.0007718670996837318
594,0.01,-1.549691490469476e-08,-0.20310571382637166,0.0,2773,66.09,-5.828871455509208e-05,-0.08469191601093437,-0.1668101386506037,-0.0007355037983395877,-0.26917264269282287,0.0,0.0,0.0,3947,-0.07118556341025813,-2.106643107101234,0.11173104758999855,-0.0939831615914545,-0.5766821258514531,-0.24670476440191452,0.0,-0.01577253989572454,0.0,0.0,-0.2965265164307294,-1.3196432565652316,-0.09189641470119356,0.0,0.0003559027261669851,0.0,0.05984102798271765,0.1821696,52.32544,-0.4865633347615959,-0.014057589549338445,-165.53496309000002,0.608100992,-0.5,10948608,39.105866656499494,-0.01075303819444431,2.2027945583754347,0.024644885,2372,0.00027813964799999996,-33.36341495513916,0.9816513657569885,0.9765948057174683,-0.019542230071965604,0.2300537109375,-0.368533730506897,0.2,0.000807093849289231
595,0.01,-1.5203882442183588e-08,-0.20347885364422724,0.0,2773,66.22,-5.952776627680494e-05,-0.0848112150934052,-0.1650425627829958,-0.0007469060788422285,-0.27176680227599714,0.0,0.0,0.0,3954,-0.07144758564297414,-2.1139529185229335,0.10243113107172369,-0.09608600208629463,-0.5792348726273657,-0.2434165169956608,0.0,-0.015745176818885914,0.0,0.0,-0.2970877041358167,-1.3166262047363602,-0.09227434600486027,0.0,0.0003927950973674241,0.0,0.060295663643700675,0.1824768,52.371520000000004,-0.4861479381806949,-0.013253554017865099,-165.66932405,0.608030336,-0.5,10967040,35.85089587510329,-0.010351562499999889,1.8365864562201262,0.022156164,2376,0.00027810278399999997,-33.36241226196289,0.9838955998420715,0.9766494631767273,-0.01998847012873739,0.200732421875,-0.3720220923423767,0.2,0.0007027508661849424
596,0.01,-1.4487108950936228e-08,-0.20850685182943027,0.0,2773,65.79,-5.842919241098938e-05,-0.08456759108160145,-0.16593422726526877,-0.0007329296441896887,-0.2721996306796256,0.0,0.0,0.0,3960,-0.07027374384670972,-2.1162043244651603,0.11083560605748993,-0.09270240465330287,-0.5791034004313914,-0.2366052201298126,0.0,-0.015273892295036055,0.0,0.0,-0.2830944223836187,-1.3232287566834435,-0.09378226270740365,0.0,0.0002810329573953317,0.0,0.06001630115688809,0.182784,52.4176,-0.48212784536656295,-0.01213918946773952,-165.23731444,0.60795968,-0.5,10985472,38.79246212012148,-0.01035156249999989,2.1593817388078014,0.022241447,2380,0.00027806592,-33.3617748260498,0.9828126430511475,0.976537823677063,-0.018458706163801252,0.20369873046875,-0.36984363198280334,0.2,0.0007697545253904537
597,0.01,-1.4471478283478839e-08,-0.20465330308430396,0.0,2772,66.09,-5.936960451764717e-05,-0.08483089072997452,-0.16592736791938414,-0.0007413130463662188,-0.26838792198960487,0.0,0.0,0.0,3968,-0.06911671604684266,-2.1110082208391203,0.1104909214836198,-0.09356777885753305,-0.5765749408812678,-0.22703449506889214,0.0,-0.015459769458110019,0.0,0.0,-0.2896693226660517,-1.3286371111263688,-0.09228757602076117,0.0,0.00033420137414294813,0.0,0.06011315837352571,0.1830912,52.46368,-0.48490033352600015,-0.013133111705731912,-165.52454883000001,0.607889024,-0.5,11003904,38.67182251926693,-0.01057942708333321,2.167276393441914,0.023139885,2384,0.000278029056,-33.36424579620361,0.9823187589645386,0.9767675399780273,-0.01891008864622563,0.21700439453125,-0.3706202208995819,0.2,0.0007734631799394265
598,0.01,-1.5313870470739377e-08,-0.1995444250918842,0.0,2772,64.64,-5.905823085677722e-05,-0.0848457747608542,-0.16739190201507326,-0.0007396670166373584,-0.2649206978844297,0.0,0.0,0.0,3975,-0.06955271724719675,-2.0927920344654036,0.1057126344956977,-0.09387702766254225,-0.5650726774216135,-0.23126019344794221,0.0,-0.015401472137288399,0.0,0.0,-0.30092880388903276,-1.328291399243228,-0.09005777618281763,0.0,0.0003342013644416713,0.0,0.05846486460548174,0.1833984,52.50976,-0.48711070335699574,-0.013186822598476687,-164.08038241999998,0.607818368,-0.5,11022336,36.999422073494195,-0.01029730902777767,1.966238835714038,0.022520753,2388,0.000277992192,-33.36842937469483,0.9829477667808533,0.9769148826599121,-0.017710102431010455,0.21285400390625,-0.3619101047515869,0.2,0.0007808550086338073
599,0.01,-1.5437531829116445e-08,-0.19824919670203045,0.0,2772,65.43,-5.901642521865263e-05,-0.084519689321834,-0.16486754773496637,-0.0007374512828582732,-0.2656625281229736,0.0,0.0,0.0,3981,-0.06965349919020994,-2.083113263713506,0.11117619053333377,-0.09393214369402922,-0.5625432980943641,-0.23723245847645508,0.0,-0.01536471747120328,0.0,0.0,-0.2875247333716363,-1.3140592665187383,-0.08962008910476452,0.0,0.0003287759997571508,0.0,0.05932513334485242,0.1837056,52.55584,-0.486824253755404,-0.013698431865325093,-164.86511661,0.607747712,-0.5,11040768,38.91166668666682,-0.010416666666666555,2.168588374031962,0.023054348,2392,0.00027795532799999997,-33.36945362091065,0.9799088835716248,0.9772917628288269,-0.022272451716708018,0.21063232421875,-0.3701082170009613,0.2,0.0008773496840149165
600,0.01,-1.4726161631583236e-08,-0.20188870577148887,0.0,2772,66.12,-6.008019323721572e-05,-0.08484542322357887,-0.16594975732333667,-0.0007505884414406914,-0.2725704833045995,0.0,0.0,0.0,3988,-0.07173123829956891,-2.11810736449188,0.10567007561253486,-0.09446419560918774,-0.5776110401309194,-0.24290138971983344,0.0,-0.015452296320207864,0.0,0.0,-0.29569640472984327,-1.324630956082491,-0.0916237500323096,0.0,0.00031032982385820814,0.0,0.06081732444289827,0.1840128,52.60192,-0.4848464441111203,-0.012163060977602273,-165.57842037999998,0.607677056,-0.5,11059200,36.9845264643872,-0.01057942708333322,1.955439987419987,0.023696128,2396,0.000277918464,-33.37711601257324,0.9780805110931396,0.9774179458618164,-0.02313792777713388,0.23470458984375,-0.3772791922092438,0.2,0.0009985412878450006
601,0.01,-1.538924128803561e-08,-0.20109762633911077,0.0,2773,65.47,-5.88091748536799e-05,-0.08481469627022918,-0.16581326066477006,-0.0007399590423836983,-0.2657726981471261,0.0,0.0,0.0,3994,-0.06959073751198377,-2.1011632047254305,0.10586032266382425,-0.09267674917050302,-0.5667522785228722,-0.23989107945921498,0.0,-0.015465396499459164,0.0,0.0,-0.30910255795368946,-1.329600286173331,-0.09075480200061312,0.0,0.0003993055078252736,0.0,0.059635990926579625,0.18432,52.648,-0.48934405462998065,-0.013811278781051643,-164.91964682000003,0.6076064,-0.5,11077632,37.05111293233849,-0.010188802083333226,1.961429794131438,0.02385669,2400,0.0002778816,-33.37780265808105,0.9794220924377441,0.977495551109314,-0.017436893400736155,0.23641357421875,-0.3725554645061493,0.2,0.0008718078897800297
602,0.01,-1.5447604943266074e-08,-0.20586847350509258,0.0,2773,65.01,-5.9502373140090516e-05,-0.08500639308208913,-0.16396252259735064,-0.00074614486722856,-0.27245343634257263,0.0,0.0,0.0,4001,-0.0720414826786111,-2.116298423093955,0.10352066308017427,-0.09310231077542035,-0.5773141502303448,-0.2428923929746194,0.0,-0.01547881674822736,0.0,0.0,-0.29155892602762506,-1.3389389545226622,-0.09237596535777687,0.0,0.00041666663795088726,0.0,0.06057217007099696,0.1846272,52.69408,-0.4863038823352015,-0.013123888333211653,-164.45346674,0.607535744,-0.5,11096064,36.232232078060996,-0.010644531249999879,1.8990709936434707,0.022287797,2404,0.000277844736,-33.37701969146728,0.9820314645767212,0.9775047302246094,-0.0207834126194939,0.205517578125,-0.36864563822746277,0.2,0.0007970443984959275
603,0.01,-1.495969259360871e-08,-0.20540847880912547,0.0,2773,66.08,-5.892967288063022e-05,-0.08503231440066823,-0.16459465546768348,-0.0007407746698547544,-0.2731468595307943,0.0,0.0,0.0,4007,-0.07009556663324341,-2.1088863842640078,0.10793611083994362,-0.09405525367880549,-0.5717596610417335,-0.23333284828709175,0.0,-0.015378676376046015,0.0,0.0,-0.29749461687590273,-1.3326145683985422,-0.09259325762893819,0.0,0.00036675344583474926,0.0,0.05988968712944687,0.1849344,52.74016,-0.4825345883580877,-0.01314396238012705,-165.52524804,0.607465088,-0.5,11114496,37.777638793980266,-0.010156249999999893,2.0413991835315457,0.023170566,2408,0.00027780787199999996,-33.37765636444092,0.9822584986686707,0.9777251482009888,-0.02063246282050386,0.21453857421875,-0.36390358209609985,0.2,0.0008012990583665669
604,0.01,-1.5297597318928895e-08,-0.2023413480555966,0.0,2773,65.66,-6.045835427302397e-05,-0.08519674493981381,-0.16391536826379977,-0.0007550352064792396,-0.2717448981128914,0.0,0.0,0.0,4014,-0.0731652029362317,-2.1087829373437437,0.1062662171841513,-0.0945034579820719,-0.5712594692787248,-0.2473555822563332,0.0,-0.015495999288888975,0.0,0.0,-0.2882965882568732,-1.3374889364320492,-0.09144030741599968,0.0,0.0003819443971022136,0.0,0.060623671000413465,0.1852416,52.78624,-0.48470451532312187,-0.01273489147974437,-165.09588257,0.607394432,-0.5,11132928,37.19317601445296,-0.010036892361111003,1.9802855977685716,0.02131746,2412,0.000277771008,-33.37444152832031,0.9826975464820862,0.9773225784301758,-0.01921662292443216,0.19315185546875,-0.37189772725105286,0.2,0.0007537415367551148
605,0.01,-1.571743399471765e-08,-0.20544057328744347,0.0,2773,66.25,-6.087970368229878e-05,-0.0851985826540864,-0.1662796769868401,-0.0007666490113768259,-0.27417462140296095,0.0,0.0,0.0,4020,-0.06976212863083309,-2.109623564853626,0.10408950581958362,-0.09602831047780118,-0.5781666892935403,-0.22622489417403338,0.0,-0.015557131417292694,0.0,0.0,-0.2869567521564735,-1.3333202903983878,-0.09285021690384182,0.0,0.00033203123408990604,0.0,0.06004069217323085,0.1855488,52.83232,-0.48290015349676163,-0.013681070782088986,-165.69276505,0.607323776,-0.5,11151360,36.43132703685427,-0.009971788194444355,1.8978463397426493,0.021300366,2416,0.000277734144,-33.37239665985108,0.9824243783950806,0.9773629903793335,-0.0214789294754155,0.20887451171875,-0.37282058596611023,0.2,0.0007719738903688266
606,0.01,-1.5130903722137473e-08,-0.20535648913340493,0.0,2773,65.12,-5.9746278360480404e-05,-0.08500409280783737,-0.16560643848971818,-0.0007357987927953593,-0.2683261859878837,0.0,0.0,0.0,4027,-0.06933725984633562,-2.104918012213649,0.10393461656175751,-0.09359806144630692,-0.5637822189154563,-0.2233461086832889,0.0,-0.014932607357378632,0.0,0.0,-0.2955540613091465,-1.3318151293084992,-0.09114597283642317,0.0,0.0003841145468565325,0.0,0.060144771723894826,0.185856,52.8784,-0.4827289248839417,-0.013158067747200321,-164.57491584,0.60725312,-0.5,11169792,36.37711579661513,-0.010004340277777685,1.9057864529175397,0.021391392,2420,0.00027769728,-33.38137855529785,0.9818044304847717,0.9780019521713257,-0.018219902855344118,0.219873046875,-0.37136155366897583,0.2,0.000761842934298329
607,0.01,-1.492517884979046e-08,-0.20359340368746534,0.0,2773,65.42,-5.973139530492219e-05,-0.08510081559286652,-0.16447507041696827,-0.0007415284999145122,-0.26925741209446064,0.0,0.0,0.0,4033,-0.06930054004583702,-2.1047645962671444,0.10393577765794443,-0.09277297170381371,-0.5683444770263404,-0.21996119892260724,0.0,-0.015113516411305912,0.0,0.0,-0.287776689430686,-1.3338052941998468,-0.0912551180195102,0.0,0.0003569878107454214,0.0,0.05983486561391958,0.1861632,52.92448,-0.48416147558604206,-0.01242184949256221,-164.84081547000002,0.607182464,-0.5,11188224,36.37752218028055,-0.010481770833333216,1.8909335223691321,0.022920439,2424,0.000277660416,-33.37750720977783,0.9782260060310364,0.9776686429977417,-0.01922497705090791,0.2141357421875,-0.36853712797164917,0.2,0.0009326599189080298
608,0.01,-1.5017192923060318e-08,-0.20577658013886366,0.0,2773,65.58,-6.009718412733082e-05,-0.0850645638606183,-0.1650433370925475,-0.0007529920348746974,-0.2674709520638837,0.0,0.0,0.0,4040,-0.07014470185790744,-2.105254024314408,0.10049088451613652,-0.09153537997485481,-0.5676438387065343,-0.21669637944697254,0.0,-0.015307447166771702,0.0,0.0,-0.30855286135520044,-1.3312411067947976,-0.09223745717768898,0.0,0.0002853732278001391,0.0,0.05983463282539699,0.1864704,52.970560000000006,-0.4866068364172576,-0.014731958822166134,-165.01577439000002,0.607111808,-0.5,11206656,35.17180958064778,-0.009602864583333261,1.7822810859271172,0.02151015,2428,0.00027762355199999997,-33.37080879211426,0.9803367257118225,0.9772263765335083,-0.020579181681387126,0.20035400390625,-0.37767255306243896,0.2,0.0008638791332487017
609,0.01,-1.561767313638364e-08,-0.20782175374340917,0.0,2773,66.94,-6.131325118375278e-05,-0.0852309885321703,-0.16461139597230387,-0.0007614599424630927,-0.27317737954369764,0.0,0.0,0.0,4047,-0.07214406631567298,-2.1285640163718202,0.10266935694099685,-0.09445203948491289,-0.5828564876840024,-0.23051988296849035,0.0,-0.015508457582033418,0.0,0.0,-0.2921144074180547,-1.3285513759487781,-0.09401245490617385,0.0,0.00022026907471526,0.0,0.06094186112115634,0.1867776,53.016639999999995,-0.4814179885053217,-0.014250731268677756,-166.38448435,0.607041152,-0.5,11225088,35.9342749293489,-0.009559461805555485,1.855393386042432,0.0252864,2432,0.000277586688,-33.37005729675293,0.9831739664077759,0.9775539636611938,-0.022066671529319137,0.22095947265625,-0.37055402994155884,0.2,0.0007691500009968877
610,0.01,-1.4930936921786622e-08,-0.20139773679179643,0.0,2773,66.36,-6.075758953045438e-05,-0.08512652008189503,-0.16541074385979038,-0.0007462536532307262,-0.2640031312819916,0.0,0.0,0.0,4053,-0.06899671420315395,-2.088202436610868,0.1040237074526481,-0.09229292727428937,-0.5613166537538029,-0.21901175778550447,0.0,-0.015197344709868063,0.0,0.0,-0.2910178044187897,-1.3282271066041125,-0.09030005724986058,0.0,0.00040147567698214616,0.0,0.058754078700864514,0.1870848,53.06272,-0.4891076947791569,-0.013432590142151134,-165.80523391999998,0.606970496,-0.5,11243520,36.408297608426835,-0.010004340277777685,1.8936979858752805,0.021309156,2436,0.000277549824,-33.37519474029541,0.9836549162864685,0.9776347875595093,-0.01860598613275215,0.21138916015625,-0.3581124246120453,0.2,0.0007373167114565149
611,0.01,-1.5566844455695622e-08,-0.20458550820875865,0.0,2773,65.74,-6.131656357308992e-05,-0.08528501886933715,-0.164524535617862,-0.0007610645482752279,-0.272979390941089,0.0,0.0,0.0,4060,-0.07104860431978358,-2.116453127509569,0.10326985360198418,-0.0951256846697579,-0.5786814629745919,-0.22727927059404068,0.0,-0.015530193594828065,0.0,0.0,-0.29264209345074477,-1.3334389233897308,-0.09242850064502689,0.0,0.0004025607421580288,0.0,0.06099785542974686,0.187392,53.1088,-0.4875281501970472,-0.013109782490775816,-165.20444702,0.60689984,-0.5,11261952,36.144448760694466,-0.010525173611110982,1.8877068616192774,0.020936852,2440,0.00027751296,-33.37735767364502,0.9792462587356567,0.9778585433959961,-0.021198728354647756,0.20274658203125,-0.36993178725242615,0.2,0.0009245702909538523
612,0.01,-1.5575907871818773e-08,-0.20146867324010836,0.0,2773,65.24,-6.119004915362334e-05,-0.08493499302945878,-0.16449994530014062,-0.0007566827829627942,-0.26437855515691067,0.0,0.0,0.0,4066,-0.06765688083431604,-2.0937919308502257,0.1107340752216874,-0.09288141583388025,-0.566982775014116,-0.21168576924398866,0.0,-0.01516154409300053,0.0,0.0,-0.30853457604340156,-1.336688464232385,-0.09079664874711964,0.0,0.00031901039377165336,0.0,0.05917270162929081,0.1876992,53.154880000000006,-0.48842029859188635,-0.013121175607213646,-164.69216551999997,0.606829184,-0.5,11280384,38.75692632759059,-0.009971788194444355,2.1458671125746736,0.022277791,2444,0.000277476096,-33.37575778961182,0.9842113256454468,0.9774355888366699,-0.01951460337731987,0.2135009765625,-0.36885711550712585,0.2,0.0006934528588317335
613,0.01,-1.5382331723305797e-08,-0.20324502982804896,0.0,2773,65.87,-6.180359691375541e-05,-0.08501674077704327,-0.1648515315531463,-0.000752176157423196,-0.26473721152799073,0.0,0.0,0.0,4073,-0.06777825873971834,-2.0988547242086035,0.10059460249500088,-0.09305879613101377,-0.5665245330068895,-0.21082284073966406,0.0,-0.014890577893565527,0.0,0.0,-0.29744253572362167,-1.3341723862880535,-0.09064188365468112,0.0,0.00031358503878840967,0.0,0.05996940169796964,0.1880064,53.200959999999995,-0.4896623527431711,-0.01373966426439842,-165.30314074,0.6067585280000001,-0.5,11298816,35.208110873250305,-0.010080295138888794,1.7952311472777016,0.022939017,2448,0.000277439232,-33.37111396789551,0.9781533479690552,0.9776278734207153,-0.02308233472867869,0.19830322265625,-0.3680812418460846,0.2,0.00098562766215764
614,0.01,-1.6031891848520866e-08,-0.20783662276287404,0.0,2773,66.87,-6.334921547834462e-05,-0.0852053348144536,-0.16406553541717742,-0.0007781488182949578,-0.2734441145647033,0.0,0.0,0.0,4079,-0.07184640300830598,-2.1348534733449114,0.10406730847178394,-0.09351186237540052,-0.5908524929467198,-0.21766821752042534,0.0,-0.015576970359779872,0.0,0.0,-0.2939962480626195,-1.3361428486691558,-0.09484339031683867,0.0,0.00031358503878840967,0.0,0.06117184250246786,0.1883136,53.24704,-0.48449310822039987,-0.014174776471918449,-166.30832079,0.606687872,-0.5,11317248,36.42355796512438,-0.009884982638888802,1.8988306035547713,0.021341112,2452,0.000277402368,-33.3688383102417,0.9813749194145203,0.9775633811950684,-0.021307756088208406,0.21119384765625,-0.37517160177230835,0.2,0.0008279326575575396
615,0.01,-1.5480098108782776e-08,-0.21113317345682497,0.0,2774,65.43,-6.196339222254322e-05,-0.08508070522736581,-0.1640366915395869,-0.0007541458452881167,-0.26702225626520054,0.0,0.0,0.0,4086,-0.06749939981160993,-2.119685000091444,0.10163709010420563,-0.09211831394158611,-0.5764706293489925,-0.20286946672983575,0.0,-0.014848376834373504,0.0,0.0,-0.2927404552310008,-1.3297849693386299,-0.09335268386810493,0.0,0.00017578123758236566,0.0,0.06096557157838153,0.1886208,53.29312,-0.4863547244639468,-0.013754312673376666,-164.88127744000002,0.6066172160000001,-0.5,11335680,35.57298153647197,-0.009212239583333287,1.8095655413382525,0.020934086,2456,0.000277365504,-33.36229190826416,0.9873934984207153,0.9772504568099976,-0.02021709323162213,0.21708984375,-0.37255460023880005,0.2,0.0005523754080059007
616,0.01,-1.509097784248029e-08,-0.20607367308671423,0.0,2774,65.59,-6.216779329337967e-05,-0.08517036877957318,-0.1637563778977945,-0.0007638936046454038,-0.26842429447617777,0.0,0.0,0.0,4092,-0.06830861536671949,-2.117596384025084,0.10492486110443175,-0.09289412180473999,-0.5742361027522569,-0.21344648572908104,0.0,-0.015211158490902913,0.0,0.0,-0.30191443712299976,-1.3404060695763036,-0.09240175058043684,0.0,0.00034071178460079763,0.0,0.060465105824727194,0.188928,53.339200000000005,-0.48742770176866795,-0.013531331165318584,-165.02583496,0.60654656,-0.5,11354112,36.72370138655111,-0.00975477430555547,1.927578962261391,0.022237996,2460,0.00027732863999999996,-33.36066455841065,0.9812096953392029,0.9771021604537964,-0.01869436907581985,0.2180908203125,-0.36743074655532837,0.2,0.000820224019116722
617,0.01,-1.5394278444901493e-08,-0.2079132878923081,0.0,2774,65.92,-6.248346966971405e-05,-0.08525371883487481,-0.16365720237183912,-0.0007601755004844279,-0.2681233640963422,0.0,0.0,0.0,4099,-0.06857432852939944,-2.1151768268970965,0.11698196802503502,-0.09332086416488972,-0.5788295043023138,-0.2107075130999332,0.0,-0.0149946374597267,0.0,0.0,-0.2901600328344525,-1.3414230800594154,-0.09287541572440548,0.0,0.0003331163089670655,0.0,0.060960564569529044,0.1892352,53.385279999999995,-0.4856417218147121,-0.013784152133868903,-165.37017483,0.6064759040000001,-0.5,11372544,40.94368880876226,-0.010123697916666575,2.4131986244980235,0.023026096,2464,0.000277291776,-33.36009273529053,0.9830338358879089,0.9772589206695557,-0.01932758882176131,0.20970458984375,-0.370513916015625,0.2,0.0007231110474094748
618,0.01,-1.541828237704527e-08,-0.20947936878711385,0.0,2774,66.69,-6.223084842453366e-05,-0.08536356997500796,-0.16406060177348086,-0.0007684980132505085,-0.27214545974669213,0.0,0.0,0.0,4105,-0.07132793210439392,-2.1284739912454764,0.10403476337861281,-0.0936740528704226,-0.5798953442534454,-0.2246150901952113,0.0,-0.01532744957384734,0.0,0.0,-0.29821851892519413,-1.3383671882254902,-0.09357459186858337,0.0,0.000339626719424915,0.0,0.061194507680107986,0.1895424,53.43136,-0.48430444754402074,-0.013831895113172423,-166.13428242999998,0.6064052480000001,-0.5,11390976,36.41216718251448,-0.009733072916666592,1.911895737556795,0.023674449,2468,0.000277254912,-33.36420249938965,0.9850150346755981,0.9777094721794128,-0.01884799090330489,0.2190673828125,-0.3683849275112152,0.2,0.0006522156356368214
619,0.01,-1.566023599982007e-08,-0.2050991549384511,0.0,2774,66.88,-6.306374844134239e-05,-0.0853599907736623,-0.16600514570096256,-0.0007722615884996141,-0.27138405557853246,0.0,0.0,0.0,4112,-0.07044702541668116,-2.126847179616393,0.10694302174909309,-0.09397113527110734,-0.5791487852994684,-0.22311467706609386,0.0,-0.015495825193455687,0.0,0.0,-0.30378475610932987,-1.3420152577753308,-0.09280805974056666,0.0,0.0003949652374204662,0.0,0.06039425078873363,0.1898496,53.47744,-0.4857231489079884,-0.01348901353938143,-166.30786829999997,0.6063345920000001,-0.5,11409408,37.43005761218258,-0.010123697916666572,2.001480319324623,0.02271567,2472,0.000277218048,-33.37026824951172,0.984142005443573,0.977953314781189,-0.01926591827068478,0.2124755859375,-0.3629356622695923,0.2,0.0006992521462962032
620,0.01,-1.510226135122987e-08,-0.20611695160361088,0.0,2774,66.57,-6.264421463645621e-05,-0.08528007909109224,-0.16341029243572197,-0.0007674243785281222,-0.2699858217167894,0.0,0.0,0.0,4119,-0.06768791094776273,-2.1113518184794184,0.10252030868345355,-0.09468594995641616,-0.5756377279860776,-0.2117512911095138,0.0,-0.015212187859770037,0.0,0.0,-0.29275310943057886,-1.3336075161881729,-0.0920084373913615,0.0,0.0003602430450781766,0.0,0.06108274713648295,0.1901568,53.52352,-0.48606719493255596,-0.012813558884469481,-166.00741570000002,0.6062639360000001,-0.5,11427840,35.882108039208745,-0.009939236111111019,1.844231769590524,0.020357624,2476,0.000277181184,-33.366539001464844,0.983066737651825,0.9778705835342407,-0.016604379226919264,0.20673828125,-0.3689693510532379,0.2,0.0007422195165418088
621,0.01,-1.5853341247442444e-08,-0.20731336747542864,0.0,2774,66.76,-6.330821108911481e-05,-0.08559661339934926,-0.16296709842153229,-0.0007833602338844673,-0.27350599801116493,0.0,0.0,0.0,4125,-0.0714651232275683,-2.131236536721036,0.10258910731561166,-0.09444301451305916,-0.58732721207629,-0.21958768763475012,0.0,-0.015734262927592935,0.0,0.0,-0.30574430738612973,-1.3445035292826928,-0.09399140413231917,0.0,0.0002886284427303407,0.0,0.06108612909527262,0.190464,53.569599999999994,-0.4824945434723518,-0.013631699980275394,-166.19380088000003,0.6061932800000001,-0.5,11446272,35.90618756046408,-0.009429253472222164,1.851275875852442,0.021896983,2480,0.00027714431999999997,-33.35587902069092,0.9820476174354553,0.9770810008049011,-0.019869729049969465,0.210595703125,-0.37161555886268616,0.2,0.0007892302237451077
622,0.01,-1.5349803565782578e-08,-0.20511638243673144,0.0,2774,66.66,-6.311650803711827e-05,-0.08522230584491843,-0.16424059448078115,-0.0007730676984747209,-0.2674570332974627,0.0,0.0,0.0,4132,-0.06782458184728782,-2.098044544028822,0.10501757420809024,-0.0923211073433931,-0.5686001351995856,-0.20974114624723916,0.0,-0.015518531287155825,0.0,0.0,-0.29928083851041865,-1.3347985787098602,-0.09155223164755943,0.0,0.0003211805435259723,0.0,0.05968240874281588,0.1907712,53.61568,-0.48608388263635416,-0.01318410966390123,-166.07953129,0.606122624,-0.5,11464704,36.756150972831584,-0.009776475694444375,1.9305647759448634,0.023108464,2484,0.000277107456,-33.347500228881835,0.9862340688705444,0.9770807027816772,-0.01949358597630635,0.2157958984375,-0.36690017580986023,0.2,0.0006339396786643192
623,0.01,-1.563462463272285e-08,-0.20278886884626007,0.0,2774,65.98,-6.409097905906706e-05,-0.08555681093073629,-0.16344883518057088,-0.0007934543094407237,-0.27080445726610336,0.0,0.0,0.0,4138,-0.07137366908469468,-2.1225875187567294,0.10465046424555816,-0.09467454681488939,-0.5792200543171542,-0.22377188633740072,0.0,-0.01603247829984976,0.0,0.0,-0.3083850517438918,-1.337948630099943,-0.09233786291084467,0.0,0.0004980468365829438,0.0,0.06038610326393992,0.1910784,53.66176,-0.48381819048254626,-0.014155245355343342,-165.39897052,0.606051968,-0.5,11483136,36.62766248594536,-0.009906684027777689,1.9277951733128402,0.022607552,2488,0.000277070592,-33.34724178314209,0.983411967754364,0.9770917892456055,-0.022375470015686006,0.22027587890625,-0.3712122440338135,0.2,0.0007326670252950862
624,0.01,-1.53849267911019e-08,-0.2069414022673406,0.0,2773,66.73,-6.376362089462522e-05,-0.08555215752384367,-0.16267796172409543,-0.0007867953057990543,-0.27163707498095774,0.0,0.0,0.0,4146,-0.07052735310029794,-2.119435588858822,0.10543103961473801,-0.09311943635373246,-0.5750835698866362,-0.2179588712037788,0.0,-0.01577319852125973,0.0,0.0,-0.2993679117722806,-1.340150708540802,-0.09299057892356345,0.0,0.0003515624557621777,0.0,0.06064690278395103,0.1913856,53.70784,-0.4812502220635775,-0.01339244247841028,-166.16887348999998,0.605981312,-0.5,11501568,36.90086386515831,-0.00984157986111103,1.9687847617957033,0.021626927,2492,0.000277033728,-33.342807579040525,0.9847618341445923,0.9768213033676147,-0.021650208707433193,0.213623046875,-0.3692251145839691,0.2,0.0006681378261419013
625,0.01,-1.5784211464088722e-08,-0.20230036416748645,0.0,2773,66.17,-6.471707369379501e-05,-0.08543684176086232,-0.16247749993098162,-0.0007970848656643222,-0.2664248815642562,0.0,0.0,0.0,4153,-0.06959129349274902,-2.1050861857904457,0.1054321185271761,-0.09324981195342781,-0.5672834382602304,-0.21583299020746927,0.0,-0.015975833146080327,0.0,0.0,-0.31375178827496986,-1.3362704421391374,-0.0910068735930695,0.0,0.000498046875388051,0.0,0.060030164992384415,0.1916928,53.75392,-0.4876464813441798,-0.014134629183293631,-165.60776592,0.605910656,-0.5,11520000,36.90124148451164,-0.009928385416666581,1.9635567343778497,0.021357711,2496,0.000276996864,-33.33051948547363,0.9828577637672424,0.9763414263725281,-0.021137654094491153,0.2053466796875,-0.3745996057987213,0.2,0.0007482591696316377
626,0.01,-1.5858412591885618e-08,-0.20145770990919734,0.0,2773,66.58,-6.539056128610281e-05,-0.08558003129364632,-0.16407038979082222,-0.0008125118541474974,-0.2704830449580883,0.0,0.0,0.0,4159,-0.07156037975730882,-2.1134349331900015,0.10142098374807426,-0.09458491546885318,-0.5703448617646556,-0.21983247107315593,0.0,-0.01622788071763509,0.0,0.0,-0.313900523331891,-1.337609674738011,-0.09157387825289609,0.0,0.0005696614680346102,0.0,0.060313697728409305,0.192,53.8,-0.4878822516687155,-0.013554117794329714,-166.02657118000002,0.60584,-0.5,11538432,35.49734431182599,-0.010308159722222114,1.8159254292446096,0.022676934,2500,0.00027696,-33.32837257385254,0.9793598651885986,0.9765043258666992,-0.020985581795684993,0.2064453125,-0.37097403407096863,0.2,0.0009176437248243019
627,0.01,-1.6171590323222762e-08,-0.20303725575427362,0.0,2773,65.05,-6.596351813865716e-05,-0.08533476509323774,-0.16213906416133173,-0.0008195425118690553,-0.27218121438444215,0.0,0.0,0.0,4166,-0.07136644487848819,-2.116831495261999,0.10657365738447969,-0.09516110956572182,-0.5708241124798578,-0.2169346627893129,0.0,-0.01626114962562059,0.0,0.0,-0.3135822935720819,-1.3308486263296813,-0.09170268174034595,0.0,0.0005143228724288443,0.0,0.0609168777198701,0.1923072,53.84608,-0.48903369683626846,-0.01247773040086031,-164.49039424000003,0.605769344,-0.5,11556864,37.30078008456789,-0.010709635416666537,1.9904281404993844,0.020906448,2504,0.000276923136,-33.33053359985352,0.9814444184303284,0.9766826629638672,-0.019127110217232256,0.21461181640625,-0.3678962290287018,0.2,0.0008128685876727104
628,0.01,-1.617783806081512e-08,-0.2037751329680713,0.0,2773,65.58,-6.52082471575281e-05,-0.08562126515082218,-0.1630037022161105,-0.0008072917191947773,-0.27191285505113316,0.0,0.0,0.0,4172,-0.07011513887608042,-2.115721451964694,0.10645277898131131,-0.09400324582051199,-0.5693300147599429,-0.2128128462067048,0.0,-0.01612540091111199,0.0,0.0,-0.297879567351854,-1.326454781532008,-0.0916221911039219,0.0,0.0004882812597012768,0.0,0.06051310106209805,0.1926144,53.89216,-0.4857636504946608,-0.012743029654504627,-165.00492611,0.605698688,-0.5,11575296,37.25847264345896,-0.01017795138888878,1.9833764233105082,0.021847924,2508,0.000276886272,-33.3280590057373,0.9830124974250793,0.9764658808708191,-0.022707933885976674,0.2136962890625,-0.3712388277053833,0.2,0.0007471259450539947
629,0.01,-1.5966340342830423e-08,-0.20574935904086794,0.0,2773,65.74,-6.485366330327737e-05,-0.08554944534871955,-0.16347644828635038,-0.0008109813130661816,-0.27130092372384035,0.0,0.0,0.0,4179,-0.07064486800997344,-2.124803812996393,0.10107335368808323,-0.094719762419176,-0.5739345353531031,-0.20877851288399707,0.0,-0.016060710147676464,0.0,0.0,-0.3120539317252845,-1.3352787199210345,-0.09216672888655078,0.0,0.0003168402828224417,0.0,0.06110282879008942,0.1929216,53.93824,-0.4860115187053947,-0.013856308992318291,-165.16174101000001,0.605628032,-0.5,11593728,35.37567379082913,-0.009711371527777705,1.8263324222367037,0.02126046,2512,0.00027684940799999996,-33.3289794921875,0.982575535774231,0.9767205715179443,-0.022505468223243952,0.22371826171875,-0.37179040908813477,0.2,0.0007828526227967814
630,0.01,-1.5519034320730394e-08,-0.20061665556964456,0.0,2774,64.87,-6.608004811174006e-05,-0.08581626222980682,-0.16354798782464025,-0.0008267748495460314,-0.2684686594614132,0.0,0.0,0.0,4185,-0.06884370576245183,-2.0968347706206503,0.1019170097786116,-0.09410578770363925,-0.5626451694187922,-0.20221294931468675,0.0,-0.016452131571111403,0.0,0.0,-0.3187282151827453,-1.3246335194840662,-0.09063880526921934,0.0,0.00046440969971526,0.0,0.05948096887413458,0.1932288,53.98432,-0.4931595003816466,-0.01403100484458264,-164.29117762,0.605557376,-0.5,11612160,35.67095342251406,-0.009798177083333245,1.8184984876415242,0.022911558,2516,0.000276812544,-33.332437133789064,0.9855552911758423,0.977099597454071,-0.020426040538586675,0.217333984375,-0.37316301465034485,0.2,0.0006433422211557626
631,0.01,-1.627839742938469e-08,-0.20449381051112414,0.0,2774,67.06,-6.5363605038136e-05,-0.08556028194927758,-0.16460195115424056,-0.0008157338776325845,-0.27043751830938634,0.0,0.0,0.0,4192,-0.06990762649232285,-2.1200451405705047,0.09870088274134198,-0.09474597251164586,-0.5741756152419251,-0.2076023330775817,0.0,-0.016218301554816017,0.0,0.0,-0.31711441931412154,-1.328390727147443,-0.09179688164169039,0.0,0.00038845483666389354,0.0,0.06069740524790876,0.193536,54.0304,-0.48924193548449385,-0.014556720057347169,-166.48862614,0.60548672,-0.5,11630592,34.54530895946969,-0.00928819444444439,1.7296829199281523,0.023368936,2520,0.00027677568,-33.330590057373044,0.9818435907363892,0.9769319295883179,-0.022599546873243524,0.20389404296875,-0.3721838593482971,0.2,0.0008243823365774005
632,0.01,-1.6096012850565258e-08,-0.2014253917857295,0.0,2774,66.62,-6.578367365224788e-05,-0.08589337883693386,-0.16285963362626255,-0.0008188731485513252,-0.27221015070878996,0.0,0.0,0.0,4199,-0.07201286645497838,-2.11133149712772,0.09797839253366375,-0.09483343135005745,-0.5640196385468168,-0.23164813207872914,0.0,-0.016514499519034075,0.0,0.0,-0.30700508376430546,-1.328979420915025,-0.0911243119108424,0.0,0.0005197482371133649,0.0,0.06021627979024039,0.1938432,54.076480000000004,-0.4881726595335011,-0.014208956391990392,-166.05314802,0.605416064,-0.5,11649024,34.29243738678231,-0.01034071180555544,1.6825318752571081,0.023106217,2524,0.000276738816,-33.3255220413208,0.9855173230171204,0.9766910076141357,-0.021342069376260042,0.22720947265625,-0.37248367071151733,0.2,0.0006485229823738337
633,0.01,-1.6371248317119707e-08,-0.20702304270272764,0.0,2774,66.95,-6.6474853352481e-05,-0.0861779292103203,-0.16207144029005693,-0.0008342330336426935,-0.27808191739774707,0.0,0.0,0.0,4205,-0.07389322728703261,-2.135677228478882,0.10372909279705397,-0.09686997996708793,-0.5816522903738892,-0.2299852968410664,0.0,-0.016680456071571228,0.0,0.0,-0.31372855337865535,-1.3209289394120396,-0.09338083978424719,0.0,0.00035915793139590986,0.0,0.06142951464691255,0.1941504,54.12256,-0.4852463598484325,-0.013332763850080987,-166.39407993999998,0.605345408,-0.5,11667456,36.30518247896889,-0.009819878472222146,1.895588655622462,0.022362607,2528,0.000276701952,-33.321672439575195,0.9827690124511719,0.9768431186676025,-0.02345723797334358,0.22667236328125,-0.37726056575775146,0.2,0.0007558585697552189
634,0.01,-1.511488891681231e-08,-0.2025254182905287,0.0,2774,65.37,-6.542342840215622e-05,-0.0859745003130645,-0.162332145600477,-0.0008110884848033813,-0.2708107709290581,0.0,0.0,0.0,4212,-0.06972854076033408,-2.1076843834775283,0.10550473722555598,-0.09512283779799964,-0.5646244668900271,-0.2130257800361651,0.0,-0.016295548540834058,0.0,0.0,-0.30164166587602204,-1.3242267486133266,-0.09048549338121877,0.0,0.000353732586113943,0.0,0.06041180316663211,0.1944576,54.168639999999996,-0.48583328027135875,-0.01321666149467799,-164.79877507999998,0.605274752,-0.5,11685888,36.926658028944594,-0.009906684027777689,1.9582841085816123,0.022069287,2532,0.00027666508799999997,-33.320912551879886,0.9849244952201843,0.9767054915428162,-0.019319598795846105,0.22156982421875,-0.3702143728733063,0.2,0.0006494207307696342
635,0.01,-1.5545972057364827e-08,-0.2040267037222496,0.0,2774,66.65,-6.566658022252768e-05,-0.08596979443497167,-0.16090289362525517,-0.0008188264816176494,-0.2752405414801051,0.0,0.0,0.0,4218,-0.07082727398449241,-2.1241274982722596,0.10276971654969502,-0.09714652282431889,-0.5695198282631747,-0.22196862287201427,0.0,-0.016390527723466535,0.0,0.0,-0.3153311654246425,-1.317870715866413,-0.09110870546716936,0.0,0.00035807288562258083,0.0,0.0611552695510699,0.1947648,54.21472,-0.48101342332527075,-0.013407091189744987,-166.10407509999996,0.605204096,-0.5,11704320,35.96940079239326,-0.009592013888888813,1.8495019636734726,0.021398813,2536,0.000276628224,-33.31573295593262,0.9834138751029968,0.9766132235527039,-0.020437914226204158,0.2143798828125,-0.3706566095352173,0.2,0.0007293079164810478
636,0.01,-1.6855884040129875e-08,-0.20653735621180105,0.0,2774,67.16,-6.770662216962839e-05,-0.08610448496557814,-0.16348345077716614,-0.0008389909972168033,-0.278566342155073,0.0,0.0,0.0,4225,-0.07188139637648225,-2.127595970433386,0.1044460772588045,-0.09706789147347676,-0.5773835914099832,-0.2239269239788578,0.0,-0.01658732659857746,0.0,0.0,-0.30131156109805046,-1.3208214840893668,-0.09317054943626055,0.0,0.00048719613631773327,0.0,0.06218222591560804,0.195072,54.2608,-0.483810141392204,-0.012994222779525444,-166.61190442,0.60513344,-0.5,11722752,36.55612704058158,-0.010470920138888765,1.9117295368820646,0.020452356,2540,0.00027659136,-33.3160623550415,0.9821874499320984,0.9767223596572876,-0.020973495941143484,0.19320068359375,-0.37306737899780273,0.2,0.0007805084547726438
637,0.01,-1.5934487101990392e-08,-0.2009841825472859,0.0,2774,67.63,-6.648508379093622e-05,-0.08603764616904944,-0.16172047914760365,-0.0008306122871157771,-0.27283644424477266,0.0,0.0,0.0,4231,-0.07032416917394277,-2.1132434466151304,0.1007182859383263,-0.09656755397400225,-0.5702303987055197,-0.22243382550579932,0.0,-0.016470773208574967,0.0,0.0,-0.3078035788454317,-1.3164672238571324,-0.09091818734231956,0.0,0.0004134113939168553,0.0,0.06062003692923043,0.1953792,54.30688,-0.4869308560634922,-0.014603378391863467,-167.04861093,0.605062784,-0.5,11741184,35.25140007841421,-0.009960937499999913,1.7854654310457831,0.020865168,2544,0.000276554496,-33.3225212097168,0.984224796295166,0.9770347476005554,-0.018716828082688153,0.21136474609375,-0.3644557595252991,0.2,0.0006968085072003305
638,0.01,-1.5680706989896812e-08,-0.2022559284444799,0.0,2774,65.28,-6.701565582178587e-05,-0.0862428812998165,-0.1627369465874512,-0.0008242086082734889,-0.2719641083113013,0.0,0.0,0.0,4238,-0.06891793879422047,-2.1182323919552224,0.10143990480465775,-0.09692735812913776,-0.5708615520748043,-0.20677804597945748,0.0,-0.01625993839357083,0.0,0.0,-0.3109673226720815,-1.3225195680607786,-0.09123753292277209,0.0,0.0003059895243495703,0.0,0.060468809086083514,0.1956864,54.35296,-0.48113781256061977,-0.013316487786748136,-164.73342729,0.604992128,-0.5,11759616,35.50396668163022,-0.010091145833333242,1.8009622650636896,0.021074947,2548,0.00027651763199999996,-33.32624073028565,0.9861768484115601,0.9773868322372437,-0.01951695797033608,0.19598388671875,-0.36564287543296814,0.2,0.0006223901262274012
639,0.01,-1.64024370700881e-08,-0.20343813975112496,0.0,2774,65.24,-6.789354237397681e-05,-0.08589200455852769,-0.16008088385809396,-0.0008363337166217923,-0.26818939903850025,0.0,0.0,0.0,4244,-0.06834881934266397,-2.1130652942182273,0.10883643147863847,-0.09592397403999663,-0.5734449561623951,-0.19981151861886437,0.0,-0.01628850382064985,0.0,0.0,-0.30803744368180463,-1.3193791096625818,-0.09170698978897153,0.0,0.00032335066417646076,0.0,0.060492650141807984,0.1959936,54.39904,-0.4879297750155074,-0.014007133519044146,-164.6682156,0.604921472,-0.5,11778048,38.09275101752347,-0.009819878472222146,2.073086656560273,0.021151384,2552,0.000276480768,-33.328423500061035,0.9801570177078247,0.9775416254997253,-0.019663246464915574,0.20362548828125,-0.36426985263824463,0.2,0.0008727684704354033
640,0.01,-1.5674306497718913e-08,-0.20938242890545855,0.0,2774,65.97,-6.676095430894921e-05,-0.08601021762151971,-0.15976270621692124,-0.0008254490158662094,-0.2754738814249782,0.0,0.0,0.0,4251,-0.07010949171332635,-2.1270881279384106,0.10477448839419448,-0.0955132867392787,-0.5780160536824686,-0.22056203053280946,0.0,-0.016374671782978842,0.0,0.0,-0.29221598156020473,-1.3210600294361659,-0.09379356246024143,0.0,0.00042968747826913994,0.0,0.06164688582704103,0.1963008,54.44512,-0.48114216962027956,-0.01338701728996562,-165.40165553,0.604850816,-0.5,11796480,36.67107093796807,-0.009852430555555465,1.9446463621628691,0.024029767,2556,0.000276443904,-33.326097297668454,0.982143759727478,0.9773030281066895,-0.022899240243714303,0.2170654296875,-0.36987149715423584,0.2,0.0007730615296168252
641,0.01,-1.646494187087757e-08,-0.19988462155532366,0.0,2774,65.67,-6.816480969291327e-05,-0.0863164788550789,-0.16225154707879524,-0.0008413096966520396,-0.2680011254801451,0.0,0.0,0.0,4257,-0.07055278388040492,-2.1107285866752328,0.10995790836421176,-0.09609480803434599,-0.5677250007003734,-0.2214525625267788,0.0,-0.016622746170818433,0.0,0.0,-0.3105068698054422,-1.3182725950358496,-0.0906952570522791,0.0,0.0004980468559854975,0.0,0.06030398249668908,0.196608,54.4912,-0.4881878227581526,-0.013077230360876355,-165.09948838999998,0.60478016,-0.5,11814912,38.48526792747412,-0.010123697916666565,2.130073153035303,0.020801937,2560,0.00027640704,-33.32298984527588,0.9852912425994873,0.9770357012748718,-0.019425532151944935,0.208154296875,-0.3707946538925171,0.2,0.000651406223187223
642,0.01,-1.5714412029107523e-08,-0.20469056832647864,0.0,2774,65.59,-6.700434551737949e-05,-0.08597726573291695,-0.15991046192604613,-0.0008367664130911891,-0.2720853780664202,0.0,0.0,0.0,4264,-0.06994861658193431,-2.1120181398117186,0.1042367812729871,-0.0969048951692438,-0.5735671331616095,-0.2091629220896677,0.0,-0.01659505013493393,0.0,0.0,-0.3015051229467735,-1.3163611698895095,-0.09228825821188334,0.0,0.00045572912980181474,0.0,0.06031002628390587,0.1969152,54.53728,-0.4857289207602691,-0.013352837707821487,-165.03326426,0.604709504,-0.5,11833344,36.482873445545486,-0.010123697916666565,1.901664953320481,0.022695418,2564,0.000276370176,-33.3290657043457,0.9814465045928955,0.97740238904953,-0.023278219840722158,0.2235107421875,-0.37194448709487915,0.2,0.0008014552557142451
643,0.01,-1.6417182691176098e-08,-0.20283798268913908,0.0,2774,65.58,-6.791958161877773e-05,-0.0858942215452159,-0.16138587541958146,-0.0008393425417760219,-0.26854355745839803,0.0,0.0,0.0,4271,-0.07013052104466465,-2.116363658521818,0.10544524223952267,-0.0955699934687091,-0.5681294602677865,-0.21160959960167114,0.0,-0.016603433220985512,0.0,0.0,-0.31966807719309454,-1.3161945788392377,-0.09153757122900558,0.0,0.0004503038039224015,0.0,0.06007566555979103,0.1972224,54.58336,-0.4871287167301747,-0.013454833996042402,-165.01255008,0.604638848,-0.5,11851776,36.90583478383294,-0.010253906249999889,1.9599699840297582,0.022417013,2568,0.00027633331199999997,-33.33214683532715,0.9820737242698669,0.9774552583694458,-0.02030615833355114,0.2043212890625,-0.3749079406261444,0.2,0.0007893423171481118
644,0.01,-1.627202770402158e-08,-0.20517882118912387,0.0,2775,66.3,-6.819159068455795e-05,-0.0862191938077438,-0.16086238717778908,-0.0008484755659718666,-0.2705378827274162,0.0,0.0,0.0,4277,-0.07172091344527015,-2.12543529430173,0.10464532857934752,-0.09665984593922906,-0.5792326613284963,-0.22302928614403822,0.0,-0.016774452958689023,0.0,0.0,-0.30930614739460993,-1.3154053268167138,-0.09304573659365671,0.0,0.0003917100418928183,0.0,0.060938376900226396,0.1975296,54.62944,-0.4852485977706633,-0.013640923263867281,-165.74230163000001,0.604568192,-0.5,11870208,36.62586500277163,-0.009863281249999913,1.9166567492949367,0.021475028,2572,0.000276296448,-33.32060356140137,0.9833757877349854,0.9766613841056824,-0.02139228248852305,0.20390625,-0.3707162141799927,0.2,0.0007382610841887072
645,0.01,-1.6467917479082254e-08,-0.19844412361178743,0.0,2775,66.23,-6.906681782421303e-05,-0.08611541423192857,-0.160333491033005,-0.0008511362248114593,-0.2683011881995489,0.0,0.0,0.0,4284,-0.07070067159597132,-2.111263132580847,0.11015244380797931,-0.09671718160867708,-0.5673420876486246,-0.2219955053453042,0.0,-0.016902315074901707,0.0,0.0,-0.3155520215589282,-1.3196729869021668,-0.09082059535781384,0.0,0.00041449649789784517,0.0,0.0594430752374976,0.1978368,54.675520000000006,-0.48709250943911214,-0.012944852034302635,-165.66562623000002,0.604497536,-0.5,11888640,38.55335533279276,-0.010199652777777674,2.1233840073265196,0.021997973,2576,0.000276259584,-33.31681327819824,0.9843035340309143,0.9767966270446777,-0.020857784582767637,0.20875244140625,-0.37121933698654175,0.2,0.0006908994546392933
646,0.01,-1.5881532517760422e-08,-0.20627097890401813,0.0,2775,66.18,-6.885460422647845e-05,-0.08634663178548549,-0.1595463490356084,-0.0008544464750266793,-0.2711527937520576,0.0,0.0,0.0,4290,-0.07144968995212747,-2.1303799987400955,0.10645171532923128,-0.09582190201490431,-0.5834490220547128,-0.22139886073909104,0.0,-0.016935230508982352,0.0,0.0,-0.31501577842896983,-1.3101477904262095,-0.09384720444265002,0.0,0.0004958767062311785,0.0,0.06133117320751028,0.198144,54.721599999999995,-0.4844853938098159,-0.014033175157641785,-165.62814673999998,0.60442688,-0.5,11907072,37.25810036523095,-0.009874131944444352,1.9838419002078131,0.02144216,2580,0.00027622271999999995,-33.31683502197266,0.9825839400291443,0.9766980409622192,-0.022363708924967796,0.21412353515625,-0.37330302596092224,0.2,0.000758299371227622
647,0.01,-1.608844732543486e-08,-0.19991619238792027,0.0,2775,65.97,-6.913880424497783e-05,-0.08613492782407085,-0.15973023532368144,-0.000855012308159323,-0.2644264221762275,0.0,0.0,0.0,4297,-0.06982705978256785,-2.094482550777272,0.10623302871155707,-0.09522222261283383,-0.5624948723893893,-0.21758025297597536,0.0,-0.01676072510287637,0.0,0.0,-0.32279358809133635,-1.3185688720596846,-0.09081435610720986,0.0,0.00032660584030155506,0.0,0.058544560049404386,0.1984512,54.76768,-0.4912951519533112,-0.014884953225393675,-165.40705749,0.604356224,-0.5,11925504,37.181560049044975,-0.00950520833333327,1.9888128790130195,0.021084845,2584,0.000276185856,-33.31772403717041,0.9829586148262024,0.9767746925354004,-0.020898633275646717,0.213134765625,-0.3722671866416931,0.2,0.0007430165802361444
648,0.01,-1.6707181983011497e-08,-0.20812671087267967,0.0,2775,66.35,-7.022390657700195e-05,-0.08639124949761062,-0.15721107100198106,-0.000871280362801557,-0.275915157144757,0.0,0.0,0.0,4303,-0.07391005220581431,-2.1433467466637675,0.10488202183727077,-0.09789647880934772,-0.5906501769279503,-0.23167434126631628,0.0,-0.017233162568106024,0.0,0.0,-0.30113617491354217,-1.3106017173497981,-0.09457856077997807,0.0,0.000578342008844225,0.0,0.06253643870359073,0.1987584,54.81376,-0.47997021043789523,-0.013205811002990231,-165.78964632999998,0.604285568,-0.5,11943936,36.70870764304477,-0.011035156249999857,1.9474937768418505,0.022547688,2588,0.000276148992,-33.316419792175296,0.9799626469612122,0.976952075958252,-0.022074959729798137,0.2105712890625,-0.3682962656021118,0.2,0.0008867094496963545
649,0.01,-1.6612923950565136e-08,-0.19956697413975372,0.0,2775,66.32,-6.915895980827074e-05,-0.08627513804251068,-0.15771756815129725,-0.0008676685823413962,-0.2712144569392469,0.0,0.0,0.0,4310,-0.07302623997367474,-2.1143998904935035,0.10512129787638311,-0.09719076382937238,-0.5739159284722287,-0.23247935844032389,0.0,-0.017257026855774495,0.0,0.0,-0.32219958083241346,-1.3119207715771541,-0.09161867382511431,0.0,0.0004947916410552958,0.0,0.06051892486539139,0.1990656,54.859840000000005,-0.4858646512597134,-0.013096219143739695,-165.75418378999998,0.604214912,-0.5,11962368,36.79245425673409,-0.009939236111111022,1.9338879224536962,0.021768894,2592,0.000276112128,-33.31758327484131,0.9861952066421509,0.9771360754966736,-0.019020498730242252,0.2147216796875,-0.3605876564979553,0.2,0.0006110106565756724
650,0.01,-1.602228525804023e-08,-0.20367814329783313,0.0,2775,66.41,-7.032759409463119e-05,-0.08649769163667194,-0.1595687768385514,-0.0008824568279521319,-0.27229751813503755,0.0,0.0,0.0,4316,-0.07238936251612998,-2.1250894367015563,0.10320173026143459,-0.0996096407573515,-0.5855604278028386,-0.22369716221308267,0.0,-0.01737502130115517,0.0,0.0,-0.31342909567848753,-1.3150321818107993,-0.09325050854195954,0.0,0.00048068572585988376,0.0,0.06115201010149951,0.1993728,54.905919999999995,-0.48279246832103173,-0.013863904516458407,-165.85675866999998,0.604144256,-0.5,11980800,36.120605591502105,-0.009689670138888813,1.900024556053887,0.021096855,2596,0.000276075264,-33.32194366455078,0.9827396869659424,0.9773997068405151,-0.021679386426694692,0.2141845703125,-0.37018367648124695,0.2,0.0007745250448351726
651,0.01,-1.6275536138162486e-08,-0.20496942749032027,0.0,2775,66.79,-7.048023014494549e-05,-0.08646914089318836,-0.15974074390863893,-0.0008826574292657824,-0.2733386720631845,0.0,0.0,0.0,4323,-0.07438275984680055,-2.1393063968186405,0.11519000827017106,-0.09953968487675846,-0.5884995186171665,-0.22848995808695205,0.0,-0.01756247020595437,0.0,0.0,-0.31063786064835835,-1.3097723715038359,-0.09395833733331671,0.0,0.0004698350158933964,0.0,0.062054281063030285,0.19968,54.952,-0.48390275551370887,-0.014013101403381571,-166.23361716,0.6040736,-0.5,11999232,40.316502894559875,-0.0102539062499999,2.322714575382917,0.021849351,2600,0.00027603839999999996,-33.323341369628906,0.9841876029968262,0.9774909019470215,-0.020782493078149854,0.22030029296875,-0.37095800042152405,0.2,0.0007708739285590127
652,0.01,-1.6217378441815777e-08,-0.20447518748000212,0.0,2774,66.89,-7.03964015663828e-05,-0.08657952459311452,-0.1585027300322917,-0.0008803436829696479,-0.2705225692419344,0.0,0.0,0.0,4331,-0.0716830858488024,-2.1223793145775245,0.11009973031627615,-0.09703927581985412,-0.5773322514378723,-0.22638746275078875,0.0,-0.017274040309885465,0.0,0.0,-0.31704708838180923,-1.3130264100756739,-0.09265466049408116,0.0,0.0003873697229816268,0.0,0.06076666311222377,0.1999872,54.99808,-0.48604276712387506,-0.01394528451459741,-166.31975859000002,0.604002944,-0.5,12017664,38.534905610696654,-0.009993489583333244,2.1252071346376824,0.020853579,2604,0.000276001536,-33.32053108215332,0.9874207973480225,0.9772564768791199,-0.01977469944395125,0.19403076171875,-0.36987996101379395,0.2,0.000600827595917508
653,0.01,-1.6094488906370883e-08,-0.20062282583424493,0.0,2774,65.74,-7.03246329585901e-05,-0.08650070145404831,-0.1606628698911946,-0.000872720124764472,-0.26428764192211457,0.0,0.0,0.0,4337,-0.0711061625480853,-2.117395730731849,0.11561014616559556,-0.09446617842017811,-0.5706893937869147,-0.21652759897570792,0.0,-0.017121937259815437,0.0,0.0,-0.3206791512628082,-1.317525004705548,-0.09159683813491958,0.0,0.0004210069180569715,0.0,0.06021219503268043,0.2002944,55.044160000000005,-0.4899578137940533,-0.013652858759289503,-165.18567742,0.603932288,-0.5,12036096,40.46355115795845,-0.00987413194444436,2.346251225193586,0.023628164,2608,0.000275964672,-33.309478187561034,0.9849867820739746,0.9770006537437439,-0.021589296241290867,0.226220703125,-0.3710857927799225,0.2,0.0006916673679370433
654,0.01,-1.6080525850971827e-08,-0.207216019354315,0.0,2774,64.6,-6.992854356732764e-05,-0.08650728420565273,-0.1596255570154708,-0.0008668040671393707,-0.27182629626628096,0.0,0.0,0.0,4344,-0.07008586736226917,-2.131599800483692,0.10580240446171008,-0.09817232674774709,-0.5784814855079847,-0.21732747764825466,0.0,-0.017174568127871315,0.0,0.0,-0.31931940405899334,-1.3095506137556627,-0.09331084184623334,0.0,0.000315755169140175,0.0,0.06138824452454635,0.2006016,55.090239999999994,-0.48337298989054833,-0.014104789381639825,-164.04398211999995,0.603861632,-0.5,12054528,37.03084156159853,-0.00977647569444437,1.9796528589476199,0.02347823,2612,0.000275927808,-33.30476417541504,0.9810506105422974,0.9768824577331543,-0.022838702355511487,0.22877197265625,-0.37324953079223633,0.2,0.0008360435458598658
655,0.01,-1.645489063034254e-08,-0.20739195848093922,0.0,2774,66.61,-7.10541817610391e-05,-0.08669793750359858,-0.15976701955677644,-0.0008822303298679176,-0.27562127463421465,0.0,0.0,0.0,4350,-0.07288319999984622,-2.1480265051629908,0.10806335399355432,-0.0990647866260554,-0.5920768559198121,-0.22442967599020008,0.0,-0.017284804037127476,0.0,0.0,-0.31254184052125644,-1.315506434423153,-0.09466312980713758,0.0,0.00036458328637915355,0.0,0.0622695961305643,0.2009088,55.13632,-0.47810468276156165,-0.013014838964510191,-166.04629341,0.603790976,-0.5,12072960,37.822173897744015,-0.010134548611111013,2.070329817913519,0.02292624,2616,0.000275890944,-33.30952777862549,0.9836874008178711,0.9771803617477417,-0.022221755422651767,0.22293701171875,-0.3760029375553131,0.2,0.0007348372368142009
656,0.01,-1.6490698463737957e-08,-0.20127787061656496,0.0,2774,66.93,-7.073217620490185e-05,-0.08622262656048026,-0.16029789406047557,-0.0008784080012717817,-0.2683561582995033,0.0,0.0,0.0,4357,-0.0717813997676874,-2.111460292531254,0.10533336587697112,-0.09841148022604423,-0.5686911941241216,-0.22485597692742992,0.0,-0.017381439706659854,0.0,0.0,-0.3163953819335269,-1.3159894180524057,-0.09152163080427861,0.0,0.0004503037845198479,0.0,0.06006841057390347,0.201216,55.1824,-0.4868542581988733,-0.013792290203531997,-166.37011693,0.60372032,-0.5,12091392,36.86667805693989,-0.0098849826388888,1.9801358472253043,0.024092421,2620,0.00027585407999999997,-33.31027030944824,0.9862070679664612,0.9773522615432739,-0.018910163594409824,0.21676025390625,-0.3652283251285553,0.2,0.0005958976966212503
657,0.01,-1.6518209997857305e-08,-0.20712872608620791,0.0,2775,66.59,-7.089365307170568e-05,-0.08659126343539851,-0.16143174996547152,-0.0008788340464015334,-0.2703229763165976,0.0,0.0,0.0,4363,-0.07249031765665583,-2.1377003800626926,0.0993573157840944,-0.09762723676402486,-0.5848325323075578,-0.22419693125509743,0.0,-0.017407574625619683,0.0,0.0,-0.31991522522910754,-1.3196228683209088,-0.09431380789326368,0.0,0.00033962670972363814,0.0,0.06049558557376438,0.2015232,55.228480000000005,-0.4825877389385552,-0.013996283020888869,-166.01514865999997,0.603649664,-0.5,12109824,34.77506052443304,-0.009917534722222128,1.7367207239913358,0.022409335,2624,0.000275817216,-33.31420707702637,0.9829609990119934,0.9774947166442871,-0.02094485207926482,0.21541748046875,-0.3722865879535675,0.2,0.0007791524025378749
658,0.01,-1.724531447815465e-08,-0.20392283118408278,0.0,2775,65.1,-7.069926888848102e-05,-0.08646289891779663,-0.16133855999382385,-0.0008772620945630838,-0.2682682948900699,0.0,0.0,0.0,4370,-0.07257841850044651,-2.128358451674927,0.10004056753421345,-0.0987674366477364,-0.5795073282723787,-0.2244314364881238,0.0,-0.017445745350574464,0.0,0.0,-0.32145346909249445,-1.313196252478556,-0.09294502418374656,0.0,0.0004665798203657485,0.0,0.06129590345273027,0.2018304,55.274559999999994,-0.487732839457275,-0.014110757484255979,-164.54077733000003,0.603579008,-0.5,12128256,35.014198636974704,-0.010340711805555444,1.7809259824122603,0.02213296,2628,0.000275780352,-33.318073463439944,0.9850818514823914,0.9777382612228394,-0.01931881094351411,0.21605224609375,-0.37255552411079407,0.2,0.0006485780293587595
659,0.01,-1.6625721281728915e-08,-0.20514759362978985,0.0,2775,66.78,-7.110933863342309e-05,-0.0867698618232258,-0.16119131217025198,-0.0008828389606600403,-0.26982175028988337,0.0,0.0,0.0,4376,-0.07281925506892681,-2.132766580500508,0.10751311562503801,-0.09752624699880025,-0.580399108342437,-0.2360822707799506,0.0,-0.01754863110890269,0.0,0.0,-0.31135088060823374,-1.3073984520674853,-0.09362601016839854,0.0,0.0004318575601145211,0.0,0.06134146666408846,0.2021376,55.32064,-0.486612336675191,-0.013419026505693587,-166.21677249,0.603508352,-0.5,12146688,37.629590468763304,-0.010362413194444337,2.0647305169018524,0.020265255,2632,0.000275743488,-33.32752361297607,0.9839209318161011,0.9783443212509155,-0.021320204145740717,0.1971435546875,-0.3771584928035736,0.2,0.000708443482290022
660,0.01,-1.7333698848173002e-08,-0.2076663051671176,0.0,2775,67.28,-7.077300469204778e-05,-0.08704140600951356,-0.1588475084678613,-0.0008777713594824903,-0.2698178138802908,0.0,0.0,0.0,4383,-0.07412246963319095,-2.1375124572718636,0.1012340964488079,-0.09752423937913826,-0.5861121764821734,-0.23605321034726906,0.0,-0.01753250789609313,0.0,0.0,-0.31029936952607273,-1.31618653502466,-0.09469415891944062,0.0,0.0004470485695896463,0.0,0.06162463441856985,0.2024448,55.36672,-0.48614779909360234,-0.01425452901942966,-166.7155171,0.603437696,-0.5,12165120,35.43193375708277,-0.009917534722222144,1.813954025307264,0.021640437,2636,0.00027570662399999997,-33.33211479187012,0.9847086071968079,0.9784008860588074,-0.02130310151260346,0.20709228515625,-0.3720332086086273,0.2,0.000663590119802393
661,0.01,-1.6817954715508153e-08,-0.20316434915041512,0.0,2775,66.37,-7.194992790958798e-05,-0.08689201775018393,-0.16013578541766482,-0.0008932077898695032,-0.2688456103842658,0.0,0.0,0.0,4390,-0.07393997169489648,-2.135519332062264,0.1113572878423294,-0.09922991864016935,-0.5833186876041496,-0.23320994704358122,0.0,-0.017787820228881906,0.0,0.0,-0.31875689859869316,-1.3149296127875838,-0.09315899488083164,0.0,0.00040581593768567673,0.0,0.06065966561985081,0.202752,55.4128,-0.4852758245425334,-0.014388534924364649,-165.80452453,0.60336704,-0.5,12183552,38.97505074481529,-0.010069444444444346,2.1708425922799055,0.02047482,2640,0.00027566976,-33.33144989013672,0.9853919148445129,0.9782651662826538,-0.018696428567636758,0.2078369140625,-0.36809417605400085,0.2,0.0006577020860277117
662,0.01,-1.655748082222467e-08,-0.20425245129756078,0.0,2775,67.18,-7.257015954059234e-05,-0.08662222844861643,-0.15934250614580905,-0.000900624363213068,-0.2717033847533148,0.0,0.0,0.0,4396,-0.07460014440945478,-2.134112223844702,0.10548969465595448,-0.09861051933221197,-0.5847449413970749,-0.24063852149368806,0.0,-0.017612208218382386,0.0,0.0,-0.3196242520056736,-1.3107585145819467,-0.09406413845976312,0.0,0.00046983502559467324,0.0,0.061389297329572864,0.2030592,55.45888,-0.4843695801568821,-0.014146022278712027,-166.60594769,0.6032963840000001,-0.5,12201984,36.92139312958407,-0.010514322916666543,1.9551483659200934,0.022316633,2644,0.000275632896,-33.331431007385255,0.983256459236145,0.9784784317016602,-0.021556925680488347,0.2009765625,-0.3684972822666168,0.2,0.0007404437521472574
663,0.01,-1.6350102819731405e-08,-0.19957574505196068,0.0,2775,66.53,-7.158275316310479e-05,-0.08679764537320118,-0.15846334949745652,-0.0008921544295015716,-0.26348441457556426,0.0,0.0,0.0,4403,-0.07138594393934194,-2.1073115982144572,0.10656477942951592,-0.0964238165450264,-0.5711745617972616,-0.22409562127291904,0.0,-0.01763769058760867,0.0,0.0,-0.3128072327764932,-1.3130786773121925,-0.09212398867388304,0.0,0.00036675342643219564,0.0,0.05897369782495268,0.2033664,55.50496,-0.4896085579208921,-0.013802055524946708,-165.95339848,0.603225728,-0.5,12220416,37.297672800330574,-0.010167100694444342,1.987625682729458,0.02135608,2648,0.000275596032,-33.33671760559082,0.9855203032493591,0.9787921905517578,-0.0199693949194625,0.2164306640625,-0.3734557330608368,0.2,0.0006461593176936731
664,0.01,-1.6261582713843507e-08,-0.20314397888237964,0.0,2775,66.58,-7.117841493938645e-05,-0.0868656106064099,-0.15813177113057975,-0.0008891868630853503,-0.26837122352315484,0.0,0.0,0.0,4409,-0.0721619531227654,-2.1304002594965743,0.11419921072220976,-0.09813063959807207,-0.5806348820658078,-0.23396558356083863,0.0,-0.017552208831293683,0.0,0.0,-0.31822456306342584,-1.310601817751792,-0.09289669118684789,0.0,0.00041775171282804676,0.0,0.06126322600266586,0.2036736,55.55104,-0.488598263670897,-0.014250188553382436,-166.0261002,0.6031550720000001,-0.5,12238848,39.96972375277342,-0.00997178819444435,2.2846981309770538,0.02535193,2652,0.00027555916799999996,-33.33887939453125,0.9815097451210022,0.9789550304412842,-0.02090532029978931,0.2329345703125,-0.37310945987701416,0.2,0.0007992459955858067
665,0.01,-1.7091083905341958e-08,-0.20672657713614262,0.0,2775,66.17,-7.17619817529963e-05,-0.08662083463341186,-0.15834221187062758,-0.0008850659383115964,-0.2706910247438384,0.0,0.0,0.0,4416,-0.07187541793733004,-2.134167461835622,0.1053065234174467,-0.09771217141832195,-0.5840124653522616,-0.2327962693842055,0.0,-0.017426303653109414,0.0,0.0,-0.30882327443949764,-1.3247727290410998,-0.09397066210218513,0.0,0.0003678384722055246,0.0,0.061184218685850604,0.2039808,55.59712,-0.48819642825266957,-0.013789577349800512,-165.61285499,0.6030844160000001,-0.5,12257280,36.857283196106344,-0.010449218749999885,1.944629248315766,0.022848908,2656,0.000275522304,-33.33283023834228,0.9863966703414917,0.9786057472229004,-0.01777483685873449,0.21329345703125,-0.3714694678783417,0.2,0.0005961770744761452
666,0.01,-1.653019412379785e-08,-0.20424331799431505,0.0,2775,66.79,-7.164026132080285e-05,-0.0865139263303706,-0.15920471614688275,-0.0008845493389682635,-0.2713793644066588,0.0,0.0,0.0,4422,-0.07248211361623759,-2.1331874593145606,0.10661822997260911,-0.09826760060930789,-0.5809363071867525,-0.23426061215407395,0.0,-0.01760486908509282,0.0,0.0,-0.3109977482388055,-1.3151157525902333,-0.09319148782313541,0.0,0.0003700086122585668,0.0,0.060966910451882156,0.204288,55.6432,-0.4878785993494279,-0.01366804976553087,-166.22304473,0.6030137600000001,-0.5,12275712,37.31638049041319,-0.010351562499999894,1.989426838377558,0.021841865,2660,0.00027548544,-33.32367057800293,0.9857462048530579,0.9782368540763855,-0.020342370169237255,0.2172607421875,-0.373469740152359,0.2,0.0006323150359094143
667,0.01,-1.630700667247521e-08,-0.2053226237556443,0.0,2775,66.09,-7.199868697850888e-05,-0.08672897504959726,-0.15839513355048165,-0.0008949100002058389,-0.2718050683576887,0.0,0.0,0.0,4429,-0.07091032890326322,-2.128619571128772,0.10286900542637298,-0.09943485207124397,-0.5803825710676079,-0.22565409116854085,0.0,-0.017666171510139803,0.0,0.0,-0.3221594503219015,-1.3135763853250413,-0.09308999227181956,0.0,0.00038302944287554256,0.0,0.060785752953907105,0.2045952,55.68928,-0.4905696816088111,-0.014004963437198766,-165.53135779999997,0.6029431040000001,-0.5,12294144,36.00415189923054,-0.010015190972222122,1.8626852128856148,0.021815706,2664,0.000275448576,-33.320288848876956,0.9847937822341919,0.9780691862106323,-0.01732770020607859,0.2170166015625,-0.3618173599243164,0.2,0.0006802623101975769
668,0.01,-1.5943497703934366e-08,-0.2025395543183527,0.0,2775,66.1,-7.271170358858963e-05,-0.08685114392026236,-0.15974252797838417,-0.0009050962378691087,-0.2677370103880149,0.0,0.0,0.0,4435,-0.07146845786142172,-2.1266838285098975,0.10563530922384362,-0.09733644306821562,-0.5817132809192868,-0.2267336593425497,0.0,-0.017933768176898922,0.0,0.0,-0.32104921556650085,-1.3215659747573612,-0.0930150627320976,0.0,0.000556640598612527,0.0,0.06059875342604689,0.2049024,55.73536,-0.4885879514166698,-0.013722303176311672,-165.55096881,0.6028724480000001,-0.5,12312576,36.972358228345264,-0.010199652777777677,1.9562494974470344,0.022576619,2668,0.000275411712,-33.320234298706055,0.9853222370147705,0.9781650900840759,-0.02003322502132505,0.22154541015625,-0.3691297173500061,0.2,0.0006433400674723088
669,0.01,-1.6993399718314787e-08,-0.20311474654088496,0.0,2775,66.59,-7.266808332884406e-05,-0.08662585303212686,-0.15918874242417166,-0.0008898675104044571,-0.26806887728923257,0.0,0.0,0.0,4442,-0.07094282749720966,-2.1299889381357824,0.10965851686586886,-0.09827152010991887,-0.5830868411117782,-0.2181701884324137,0.0,-0.017461353427203105,0.0,0.0,-0.3196660168418736,-1.3146204053626618,-0.09286263611566217,0.0,0.0004036457394249737,0.0,0.061106267330904976,0.2052096,55.78144,-0.49013623866818384,-0.01349552409859219,-166.03139696,0.6028017920000001,-0.5,12331008,38.3804809030541,-0.010579427083333206,2.1255388683180945,0.020967446,2672,0.00027537484799999997,-33.325377464294434,0.9815138578414917,0.9786938428878784,-0.020194172370247544,0.20885009765625,-0.3697819709777832,0.2,0.0008020911773201078
670,0.01,-1.6681745840242544e-08,-0.20203195533625976,0.0,2775,66.21,-7.368199275888266e-05,-0.08684220923313067,-0.15957808160993472,-0.0009160051413806408,-0.2726352399483391,0.0,0.0,0.0,4449,-0.07251176417788575,-2.1372053025765307,0.11603096883082598,-0.10091271564032672,-0.5871016806488317,-0.2372253693308434,0.0,-0.017994961408716106,0.0,0.0,-0.318483650556264,-1.318613400889554,-0.09293921567885517,0.0,0.000449218680538858,0.0,0.061698000358310266,0.2055168,55.82752,-0.4897475679079051,-0.013755940594516384,-165.66872408,0.6027311360000001,-0.5,12349440,40.61083909078909,-0.010546874999999878,2.3672141124616677,0.024112428,2676,0.000275337984,-33.32684478759766,0.9844641089439392,0.9786564707756042,-0.01993637045379728,0.23692626953125,-0.3673778474330902,0.2,0.0007040585915092379
671,0.01,-1.7065514587545436e-08,-0.20256225643255216,0.0,2775,65.81,-7.409522889528708e-05,-0.08652867056432924,-0.16142974690307924,-0.0009109861512235339,-0.2692422937734581,0.0,0.0,0.0,4455,-0.07285494881426452,-2.1285906182189898,0.11396293396889762,-0.0984458625087469,-0.5783663863583606,-0.2346165747861435,0.0,-0.017877764451485353,0.0,0.0,-0.31792600586557423,-1.318103995951627,-0.09293401334423906,0.0,0.00042426207477951213,0.0,0.06067205417526211,0.205824,55.873599999999996,-0.4903675557776154,-0.013235107929277647,-165.26209607999996,0.60266048,-0.5,12367872,39.88702688911417,-0.010590277777777664,2.2942557470677865,0.023238087,2680,0.00027530112,-33.320793533325194,0.9857414960861206,0.9780892133712769,-0.018622824130579828,0.20965576171875,-0.36635422706604004,0.2,0.0006574438622919843
672,0.01,-1.6594437587744605e-08,-0.20356980664472388,0.0,2775,66.58,-7.459454367556146e-05,-0.08665234199390213,-0.15914905402559787,-0.0009145985888711581,-0.2723027130424593,0.0,0.0,0.0,4462,-0.07275805524367027,-2.1420273354375694,0.10949594815858757,-0.10043343927010936,-0.5965909405848676,-0.23297774396378465,0.0,-0.01797724258177543,0.0,0.0,-0.2985687735186124,-1.3245357876033794,-0.09410023537274523,0.0,0.00044487839073149697,0.0,0.06191138285131015,0.2061312,55.91968,-0.48780678898242574,-0.013617051833231622,-166.00583234,0.602589824,-0.5,12386304,38.32358185550565,-0.011024305555555416,2.1180238835630547,0.020343933,2684,0.000275264256,-33.32052211761474,0.9824826121330261,0.9782657027244568,-0.021633993252180517,0.211083984375,-0.3759150505065918,0.2,0.0007692078099353239
673,0.01,-1.7217966258258478e-08,-0.20374639231697328,0.0,2775,66.86,-7.46986742458661e-05,-0.08667562881454155,-0.15940304868090413,-0.0009156750042557183,-0.2725923080009782,0.0,0.0,0.0,4468,-0.07289694714288114,-2.1373425701393836,0.11378790821575535,-0.10001007769555112,-0.5925467634377638,-0.23344713617349497,0.0,-0.01792859703208151,0.0,0.0,-0.2966708064058745,-1.3235601868437812,-0.094099541209317,0.0,0.0005034721527610802,0.0,0.061660834153384574,0.2064384,55.96576,-0.486824959903813,-0.013258436861279834,-166.30210042,0.602519168,-0.5,12404736,39.82576787551437,-0.010709635416666544,2.306323429363623,0.021105155,2688,0.00027522739199999996,-33.313880157470706,0.9879671335220337,0.9778259992599487,-0.017045139882247894,0.20115966796875,-0.35958734154701233,0.2,0.000522812754206825
674,0.01,-1.7137032959384562e-08,-0.2019889715308631,0.0,2775,65.93,-7.60765739320312e-05,-0.08690884292646742,-0.15993337767048782,-0.0009364747571183022,-0.27540319094413734,0.0,0.0,0.0,4475,-0.07470772497152667,-2.142988241188319,0.10496105258089897,-0.1028826020243519,-0.5896043865860544,-0.24098181904579186,0.0,-0.01839801170224677,0.0,0.0,-0.3073464999650813,-1.3235605279411784,-0.0937034690341562,0.0,0.0005425346349107309,0.0,0.06170772845426306,0.2067456,56.01184,-0.4909493447634507,-0.01328664847500881,-165.37378102,0.602448512,-0.5,12423168,36.736368403314636,-0.011230468749999844,1.953042946690674,0.020463547,2692,0.000275190528,-33.31880550384521,0.9871106147766113,0.9786485433578491,-0.019815478241071105,0.20631103515625,-0.37065550684928894,0.2,0.0005651544677675701
675,0.01,-1.78845146071916e-08,-0.20155891383168603,0.0,2775,66.72,-7.563619165116273e-05,-0.08707546924297888,-0.1586911135127325,-0.0009296104468563589,-0.27259367926175404,0.0,0.0,0.0,4481,-0.07430143368297679,-2.132805852832008,0.10466768302184612,-0.10096126552371505,-0.587755793432263,-0.23739203295212022,0.0,-0.018262791927350187,0.0,0.0,-0.3088344251344397,-1.3166318078322714,-0.09351779506427647,0.0,0.0005219183092574693,0.0,0.06160283696794702,0.2070528,56.05792,-0.4932301353091744,-0.014172063766939877,-166.15195968999996,0.602377856,-0.5,12441600,36.633689057646144,-0.011241319444444283,1.9413960624245683,0.022842854,2696,0.000275153664,-33.32702007293701,0.9865882396697998,0.9789328575134277,-0.01961539426119998,0.22845458984375,-0.37150341272354126,0.2,0.0005853150738403201
676,0.01,-1.6938627167075006e-08,-0.19711859562047762,0.0,2776,66.46,-7.551911479705507e-05,-0.08693543880977787,-0.15800854394582528,-0.0009320325340218801,-0.26859669913634426,0.0,0.0,0.0,4488,-0.07162286750484137,-2.110009764681635,0.10515628654966197,-0.10054235441440298,-0.5668239991331174,-0.24033272878265072,0.0,-0.01831383809416777,0.0,0.0,-0.3196600698354053,-1.325463791111661,-0.09039567973894425,0.0,0.0005045571985344092,0.0,0.06014425060542846,0.20736,56.104,-0.5010161053020854,-0.013879095556654243,-165.89699629000003,0.6023072,-0.5,12460032,36.80470029238169,-0.011089409722222068,1.9352193054604585,0.02156427,2700,0.0002751168,-33.3290901184082,0.9888458847999573,0.9789330363273621,-0.019921339000575244,0.20482177734375,-0.3739604949951172,0.2,0.000502332000178285
677,0.01,-1.7731918189509583e-08,-0.2029953234312062,0.0,2776,66.74,-7.607047351938959e-05,-0.08702891848756557,-0.1584694344478423,-0.0009351172947378573,-0.2711407036761943,0.0,0.0,0.0,4495,-0.0734121740220753,-2.136746200658716,0.10928942151643584,-0.10032822069295186,-0.5842997197826798,-0.23784317986726977,0.0,-0.018357579019092077,0.0,0.0,-0.325795358727263,-1.3182616390342072,-0.09315988718572023,0.0,0.00038302942347298894,0.0,0.06092607890744647,0.2076672,56.15008,-0.4933243935583682,-0.014059759385418147,-166.19900478,0.602236544,-0.5,12478464,38.251297530752545,-0.010384114583333222,2.1063628466139845,0.021975925,2704,0.000275079936,-33.327461051940915,0.9842483401298523,0.9789042472839355,-0.022103013179730624,0.21129150390625,-0.37504079937934875,0.2,0.0006959970807656646
678,0.01,-1.7539943334935077e-08,-0.20293838157907113,0.0,2776,65.87,-7.764402661601017e-05,-0.08696936862291485,-0.15761552277194296,-0.0009505011576104749,-0.2780310664846113,0.0,0.0,0.0,4501,-0.07389072796022109,-2.141126310141712,0.1123297961857142,-0.10274762420615523,-0.5904739628641111,-0.23618292143408043,0.0,-0.01840239732247699,0.0,0.0,-0.3145474612426825,-1.3189815223261565,-0.09403303362797778,0.0,0.00047851552759918076,0.0,0.061803988933821566,0.2079744,56.19616,-0.49229307768600755,-0.013457546731741685,-165.32290602,0.602165888,-0.5,12496896,39.31542866499997,-0.011078559027777636,2.2081624903147503,0.025056472,2708,0.00027504307199999997,-33.32877521514892,0.9840742945671082,0.978819727897644,-0.020563381433021277,0.2398193359375,-0.37152597308158875,0.2,0.0007355965208262205
679,0.01,-1.6693613227881743e-08,-0.20205354176976087,0.0,2775,66.54,-7.533085336955296e-05,-0.08665683057534049,-0.16062612872164986,-0.0009301838224166068,-0.27085433220111516,0.0,0.0,0.0,4509,-0.07256932501360604,-2.126745940093928,0.11037027603472882,-0.10021506550984573,-0.5762583145541628,-0.24329430628966747,0.0,-0.018044549726359542,0.0,0.0,-0.3221006579351684,-1.3115251988368264,-0.09242210088551124,0.0,0.0005881075372195079,0.0,0.06068509484628563,0.2082816,56.24224,-0.49471564050395284,-0.0127484550466761,-165.98286141000006,0.602095232,-0.5,12515328,38.62959661215509,-0.011295572916666507,2.1439412188137594,0.021855675,2712,0.000275006208,-33.33423824310303,0.987604022026062,0.9793307185173035,-0.021401162864640354,0.21473388671875,-0.3762222230434418,0.2,0.0005352904801839032
680,0.01,-1.718229844565728e-08,-0.19881571854811175,0.0,2775,66.97,-7.628371921105206e-05,-0.0868783264200287,-0.1597423187325825,-0.0009277866575746573,-0.2675173470057881,0.0,0.0,0.0,4515,-0.07143985307139762,-2.119697254052527,0.1137721852654158,-0.09990768704373931,-0.5743173803961364,-0.23140775830411442,0.0,-0.01807966950189497,0.0,0.0,-0.31549684434323394,-1.3055942449275362,-0.09125374036453954,0.0,0.00045898431562818587,0.0,0.059408594371753644,0.2085888,56.28832,-0.496285633840786,-0.014277857943347448,-166.41208129000003,0.602024576,-0.5,12533760,39.82026484289553,-0.011100260416666516,2.276376788841026,0.023152772,2716,0.000274969344,-33.33699893951416,0.9802693724632263,0.9794101119041443,-0.021565372426994144,0.21083984375,-0.3713870048522949,0.2,0.0008449028187897057
681,0.01,-1.725264036740473e-08,-0.20423475538091557,0.0,2775,65.96,-7.65335476486244e-05,-0.08701628030270467,-0.15819153197193092,-0.0009338508885192963,-0.2723729386607946,0.0,0.0,0.0,4522,-0.07218133279953691,-2.139367622279904,0.10720691639114363,-0.10116913506469769,-0.5891224074343477,-0.23409432369637143,0.0,-0.017937407891095578,0.0,0.0,-0.3112118759832961,-1.312726896011329,-0.09292144736442319,0.0,0.0004242620456756817,0.0,0.061986169414994546,0.208896,56.3344,-0.48923236027330863,-0.012769613801437017,-165.41802431,0.60195392,-0.5,12552192,37.52242073690027,-0.011349826388888743,2.041290306925212,0.022311807,2720,0.00027493248,-33.329914283752444,0.9837473034858704,0.9789151549339294,-0.020795950200408697,0.21444091796875,-0.3720227777957916,0.2,0.0007119186135241762
682,0.01,-1.7028840234055388e-08,-0.204288013800085,0.0,2775,66.83,-7.551009003156184e-05,-0.08693673409657456,-0.15811971735031669,-0.0009251153165256846,-0.27171425310604247,0.0,0.0,0.0,4529,-0.07283794692607788,-2.140591696167988,0.12847986842930353,-0.1006149980325033,-0.5860744187265415,-0.24586470039801286,0.0,-0.01796697136671739,0.0,0.0,-0.3187138356737692,-1.310247970161541,-0.09310476806719288,0.0,0.0005175780679564923,0.0,0.061233101458122635,0.2092032,56.380480000000006,-0.4905007240992459,-0.013022977037407044,-166.28677099,0.601883264,-0.5,12570624,44.96795395025624,-0.010536024305555438,2.8903641395594706,0.0213493,2724,0.000274895616,-33.32271823883057,0.9850703477859497,0.9787341952323914,-0.019879164395388216,0.20426025390625,-0.3727860450744629,0.2,0.000640175340231508
683,0.01,-1.6727918888388083e-08,-0.20756225504124004,0.0,2775,67.75,-7.765601581800172e-05,-0.08693477952356973,-0.15815332470594426,-0.0009353998199783746,-0.27213751902535516,0.0,0.0,0.0,4535,-0.07368475182153734,-2.1531397215085004,0.1081096689785796,-0.09936780589365174,-0.5940890615175731,-0.23900642054299948,0.0,-0.017969828590345197,0.0,0.0,-0.3020827061806359,-1.3138599783849125,-0.09549954080773414,0.0,0.0004633245666304396,0.0,0.0620230782240542,0.2095104,56.42656,-0.4853780901221278,-0.013327338860512504,-167.19855793,0.601812608,-0.5,12589056,37.83838414250286,-0.010980902777777628,2.054558565560072,0.022077208,2728,0.000274858752,-33.320850944519044,0.9852495193481445,0.9787308573722839,-0.01849240465089679,0.222119140625,-0.36921265721321106,0.2,0.0006243244875804521
684,0.01,-1.6488527103573655e-08,-0.20155740857279045,0.0,2775,65.14,-7.582231082316712e-05,-0.08677775493106571,-0.15796367450163767,-0.0009245051330965653,-0.2671105363193868,0.0,0.0,0.0,4542,-0.07183780774794334,-2.1128232783161924,0.10630982695661562,-0.09963005150859353,-0.5762900370664271,-0.24298561001290453,0.0,-0.01773789707446401,0.0,0.0,-0.32684904753796956,-1.3106599559211147,-0.09213868623183302,0.0,0.0003851995441234774,0.0,0.060070978594775885,0.2098176,56.47264,-0.4978674344474284,-0.014085800999762595,-164.58304276,0.601741952,-0.5,12607488,37.20843943481547,-0.01062282986111098,1.977876751114014,0.021901866,2732,0.000274821888,-33.31444320678711,0.9842093586921692,0.9786151647567749,-0.0184092378243804,0.20963134765625,-0.3658321499824524,0.2,0.000672201844281517
685,0.01,-1.677308527452282e-08,-0.20414203261652644,0.0,2775,67.66,-7.746028747719855e-05,-0.08703783216136245,-0.15715179308658778,-0.0009479749644841239,-0.2729093032442099,0.0,0.0,0.0,4548,-0.07274926247358587,-2.1408236892718677,0.1047327625795112,-0.10056951553088597,-0.593387695690627,-0.23691339617600451,0.0,-0.018255734178775216,0.0,0.0,-0.3168364780847208,-1.3179980095861037,-0.09384792439084771,0.0,0.0004307724464322544,0.0,0.06187882578630896,0.2101248,56.51872,-0.49679116069667967,-0.014054334035285542,-167.10234114999994,0.601671296,-0.5,12625920,36.65646690282892,-0.011252170138888736,1.9195844091370453,0.021883357,2736,0.000274785024,-33.307529258728025,0.9829040765762329,0.9784977436065674,-0.02453699486795813,0.234423828125,-0.3749876618385315,0.2,0.0007600491167977452
686,0.01,-1.6574322923315262e-08,-0.20670169144792108,0.0,2775,68.05,-7.735263762234242e-05,-0.08700026283126826,-0.15871683310354232,-0.00094411560265072,-0.2752223348370183,0.0,0.0,0.0,4555,-0.07457643603672436,-2.147615404100117,0.10806571979520141,-0.10211944987047736,-0.5983542797359291,-0.2491221183712923,0.0,-0.018039607592861197,0.0,0.0,-0.29822543549633296,-1.3055994436105396,-0.095242759967488,0.0,0.00034613706197382673,0.0,0.06192677844121205,0.210432,56.564800000000005,-0.4854254663533237,-0.012870525407682484,-167.48343717,0.60160064,-0.5,12644352,37.823001928320494,-0.010970052083333195,2.0720232747504856,0.022122419,2740,0.00027474815999999996,-33.30012550354004,0.9860236048698425,0.9779324531555176,-0.018969604768790303,0.227978515625,-0.3639094829559326,0.2,0.0006386001827195287
687,0.01,-1.7234583277688894e-08,-0.20010273382486313,0.0,2775,65.77,-7.767884608702302e-05,-0.08729170151567803,-0.1572125378657722,-0.0009479516585213094,-0.2719620654418018,0.0,0.0,0.0,4561,-0.07308950640104535,-2.1323083571918637,0.11410007430700145,-0.10153596606594996,-0.5877123327096928,-0.24669969646256254,0.0,-0.018397241202744784,0.0,0.0,-0.3224049863517884,-1.3036791390522264,-0.09285141253723483,0.0,0.00047200507833622396,0.0,0.06060899515532144,0.2107392,56.610879999999995,-0.49187636642446364,-0.01278697456291411,-165.22219873999998,0.601529984,-0.5,12662784,39.93502600745051,-0.010970052083333197,2.2868278824728936,0.020162037,2744,0.000274711296,-33.300442695617676,0.9877963662147522,0.9783696532249451,-0.01726122051477432,0.2100830078125,-0.3714199960231781,0.2,0.0005330673811840825
688,0.01,-1.708296997421291e-08,-0.20276033745282454,0.0,2775,66.95,-7.983375078425401e-05,-0.08708033995779846,-0.15820571402175596,-0.0009767952077324726,-0.27138359902274645,0.0,0.0,0.0,4568,-0.0755274766856148,-2.1491185116139047,0.10484277407064677,-0.10053137091427444,-0.5940101761256102,-0.2547108984823669,0.0,-0.01873251710235769,0.0,0.0,-0.30882922552678027,-1.3063620278089987,-0.09484253879266102,0.0,0.00059461790887225,0.0,0.062008463265984574,0.2110464,56.65696,-0.4901931562118005,-0.013038168221505152,-166.39831031999998,0.601459328,-0.5,12681216,36.69497092472637,-0.011729600694444252,1.9377966101809998,0.022417614,2748,0.000274674432,-33.30436401367187,0.9874663352966309,0.9784972071647644,-0.021872702159453184,0.2209228515625,-0.3777356743812561,0.2,0.0005445539543870836
689,0.01,-1.7713473184129187e-08,-0.20349403894000356,0.0,2776,68.17,-7.831715219374112e-05,-0.08707653951479237,-0.15674217682624098,-0.0009623830811845154,-0.27265486054661764,0.0,0.0,0.0,4574,-0.07618007708832562,-2.14949450213287,0.1091885791676819,-0.10125373521378753,-0.5925290567432837,-0.2548407249483842,0.0,-0.018723760243526278,0.0,0.0,-0.3244108229981863,-1.3034884810809662,-0.09423323452337556,0.0,0.0004296873715550949,0.0,0.06196904555591402,0.2113536,56.70304,-0.4928079821842959,-0.01408742862339649,-167.62209377000002,0.601388672,-0.5,12699648,38.21600270868866,-0.010904947916666519,2.0883185423174315,0.022938887,2752,0.000274637568,-33.30272789001465,0.9866889715194702,0.9784724116325378,-0.019296844967175274,0.2165771484375,-0.3705318868160248,0.2,0.0005873642963706516
690,0.01,-1.7429128539406755e-08,-0.20372620522009888,0.0,2776,67.73,-7.954862450577238e-05,-0.08693977725636398,-0.1578360184510429,-0.0009681902263520546,-0.2731295085413558,0.0,0.0,0.0,4581,-0.07472505531998536,-2.1487503329639686,0.10476733011254938,-0.10291357337233016,-0.5953942103312552,-0.24840869081843728,0.0,-0.018504588834301037,0.0,0.0,-0.3168643567741417,-1.2986093635698186,-0.09423419924218678,0.0,0.0005316839346455203,0.0,0.06216574046953146,0.2116608,56.749120000000005,-0.4951021731892834,-0.01306475227304165,-167.17167256000002,0.601318016,-0.5,12718080,36.66856553939228,-0.011295572916666519,1.9308332828306727,0.023095172,2756,0.000274600704,-33.29823627471924,0.9860080480575562,0.9783698916435242,-0.019676965998951346,0.23150634765625,-0.37300074100494385,0.2,0.0006208307022461668
691,0.01,-1.6634826422149578e-08,-0.2055354807795188,0.0,2776,67.07,-7.953661451964159e-05,-0.08715344990948329,-0.15838065011675273,-0.000973200754682329,-0.2738285224639786,0.0,0.0,0.0,4587,-0.07531355922497987,-2.1444110262263236,0.10822001465672215,-0.10162740523118684,-0.5926184193995729,-0.2520973001190425,0.0,-0.018446836765579046,0.0,0.0,-0.3188846935996895,-1.2996844566968815,-0.09458840408095819,0.0,0.0004210068016416497,0.0,0.06150791557887891,0.211968,56.795199999999994,-0.49429367052816464,-0.01355520284657056,-166.5168978,0.60124736,-0.5,12736512,37.877005129852755,-0.010687934027777657,2.0518826603415334,0.02232953,2760,0.00027456383999999997,-33.302876472473145,0.9878754615783691,0.9788579940795898,-0.019001792022027075,0.2188720703125,-0.3671131134033203,0.2,0.000555009716481436
692,0.01,-1.70948503099044e-08,-0.20217179830713694,0.0,2776,67.95,-7.921819972578027e-05,-0.08698429125797585,-0.15896714564831613,-0.0009777719216808361,-0.2738494115000428,0.0,0.0,0.0,4594,-0.07677392823837821,-2.141735868332689,0.11111118069844328,-0.10342667127760646,-0.5878053106613144,-0.2618298467730946,0.0,-0.01908999063835051,0.0,0.0,-0.32690095477192055,-1.30559570816026,-0.09368644125319187,0.0,0.00048719601990241144,0.0,0.06133789351238902,0.2122752,56.84128,-0.4982693822294039,-0.01472707630697793,-167.37045928000003,0.601176704,-0.5,12754944,38.888913244455146,-0.010970052083333187,2.1819385090473604,0.023268804,2764,0.000274526976,-33.304360961914064,0.9835554361343384,0.9789794683456421,-0.018250913789961486,0.2345947265625,-0.365691214799881,0.2,0.0007346763391979039
693,0.01,-1.69292096789972e-08,-0.20456916996399122,0.0,2776,67.16,-8.038920979704961e-05,-0.0873319552354592,-0.15950862022297158,-0.0009797532884228055,-0.27506356067460785,0.0,0.0,0.0,4600,-0.07552959921354631,-2.1505077977959615,0.10502681498511701,-0.10369362678481575,-0.5922162316368357,-0.25521683765388703,0.0,-0.018692364992267466,0.0,0.0,-0.3270818423956754,-1.3081552692132012,-0.09432385769057267,0.0,0.0005034721042546961,0.0,0.061674788161953265,0.2125824,56.88736,-0.49708951383856753,-0.013608371209961155,-166.61186752999998,0.601106048,-0.5,12773376,36.759385244790955,-0.011056857638888742,1.9345371229409745,0.02379189,2768,0.000274490112,-33.299234771728514,0.9882091879844666,0.9787604212760925,-0.018822980066761374,0.23201904296875,-0.36691203713417053,0.2,0.0005209706156165339
694,0.01,-1.6757457567872754e-08,-0.2019683926028675,0.0,2776,67.64,-8.028040154274535e-05,-0.08727751914718802,-0.15811818628903873,-0.0009777203884283902,-0.2672764994251435,0.0,0.0,0.0,4607,-0.07531445443117799,-2.133593055886551,0.10800157774950028,-0.10093243547298303,-0.587209492040104,-0.2539812629824687,0.0,-0.018899560027088688,0.0,0.0,-0.32581868638537653,-1.3080560295800279,-0.09409786115677875,0.0,0.000492621433093316,0.0,0.060453615452854166,0.2128896,56.933440000000004,-0.4959823795916102,-0.014344047164841969,-167.08267303,0.601035392,-0.5,12791808,37.8005522123251,-0.010894097222222086,2.043211305645141,0.022219969,2772,0.000274453248,-33.28583106994629,0.9862815141677856,0.9778589010238647,-0.01968049167189747,0.21539306640625,-0.3571024239063263,0.2,0.0006232554704183712
695,0.01,-1.7097560746396566e-08,-0.19873801709613445,0.0,2776,65.9,-8.080100165626553e-05,-0.08730052368785822,-0.1579971432776297,-0.00098296215617633,-0.2689930616737343,0.0,0.0,0.0,4613,-0.07369241974746793,-2.118033941019147,0.10746175036441144,-0.1029830667278275,-0.5765171711262689,-0.249835491127288,0.0,-0.018808438385501995,0.0,0.0,-0.3177499835212721,-1.3045956629014348,-0.09149340940526698,0.0,0.0004177516061140017,0.0,0.06033871662085313,0.2131968,56.979519999999994,-0.5008145735341765,-0.014641898475626173,-165.33904156,0.600964736,-0.5,12810240,37.611612627544005,-0.010915798611110961,2.020922616992422,0.022528162,2776,0.000274416384,-33.28744907379151,0.982931911945343,0.9783229827880859,-0.020346225413959473,0.2187255859375,-0.3725656569004059,0.2,0.0007598804455483332
696,0.01,-1.8495601802755346e-08,-0.20304098180181956,0.0,2776,66.91,-8.265075542164401e-05,-0.08714676583263581,-0.15879517479213018,-0.001012432877119595,-0.2752630014334924,0.0,0.0,0.0,4620,-0.07667641523412756,-2.148420602350908,0.10755496151096114,-0.10382625540691148,-0.5948037369410221,-0.2515370701502162,0.0,-0.019347420290801387,0.0,0.0,-0.32590273183940016,-1.3059518768504355,-0.09498762819649804,0.0,0.00046332452782533236,0.0,0.06125856253645569,0.213504,57.0256,-0.49884295958311475,-0.013301297069928195,-166.36095597,0.60089408,-0.5,12828672,37.6442365288364,-0.011317274305555396,2.024434121032959,0.022980137,2780,0.00027437952,-33.29086780548096,0.983369767665863,0.9785072207450867,-0.021644893905613572,0.2164306640625,-0.3741397261619568,0.2,0.0007395067135803401
697,0.01,-1.743322161424035e-08,-0.20298282202642423,0.0,2776,65.64,-8.301208240168415e-05,-0.08701332802303896,-0.1570566097974533,-0.0010035210758747172,-0.27201419422576845,0.0,0.0,0.0,4627,-0.07497211109935117,-2.141125976432665,0.11122385008863353,-0.10344277766973277,-0.5914850642164863,-0.2479227332728211,0.0,-0.019023879589520787,0.0,0.0,-0.32944341400073635,-1.3121663796225123,-0.0942950275755084,0.0,0.000498046720167622,0.0,0.061087190376068023,0.2138112,57.07168,-0.49915227601365164,-0.01388506355902387,-165.10104609,0.600823424,-0.5,12847104,38.928347531021736,-0.011621093749999822,2.1748511373732065,0.02025391,2784,0.000274342656,-33.29110488891602,0.9852796792984009,0.9787237048149109,-0.01928031360730529,0.197265625,-0.367563396692276,0.2,0.0006460595526732504
698,0.01,-1.768567693188776e-08,-0.20146912812341794,0.0,2776,67.11,-8.225327336663537e-05,-0.0875343908110553,-0.15658768073035195,-0.0009912841049883661,-0.26799803244106546,0.0,0.0,0.0,4633,-0.07595507263911078,-2.1414159332200264,0.1038150585298053,-0.1017534960848946,-0.5917774570152221,-0.2507720745705967,0.0,-0.01907213765117981,0.0,0.0,-0.31991998080050416,-1.3067925679935462,-0.09399593184608088,0.0,0.0004568140882636524,0.0,0.06033550529917667,0.2141184,57.11776,-0.49662136877493473,-0.013927381277123155,-166.53738355999997,0.600752768,-0.5,12865536,36.335270485431856,-0.01130642361111094,1.8980778811640677,0.02227978,2788,0.000274305792,-33.29290657043457,0.9854982495307922,0.978795051574707,-0.02114486779901199,0.2287109375,-0.3767452836036682,0.2,0.0006454765447415411
699,0.01,-1.813376065770401e-08,-0.2030214245688407,0.0,2776,67.16,-8.258716969917604e-05,-0.08744370652718164,-0.15743779843360728,-0.000995559022155252,-0.27288813863451655,0.0,0.0,0.0,4640,-0.07600839100740954,-2.1556844923991267,0.10807824008515979,-0.10378752908713354,-0.596333064209431,-0.2538052743103476,0.0,-0.018978291232952502,0.0,0.0,-0.3248118239152023,-1.3113179954041239,-0.0946054598522493,0.0,0.0004817706843217214,0.0,0.061778365110478434,0.2144256,57.16384,-0.4954154870304003,-0.013893743957548091,-166.61384996999996,0.600682112,-0.5,12883968,37.82738402980593,-0.011436631944444274,2.063834563213776,0.020115355,2792,0.000274268928,-33.29035987854004,0.9838393926620483,0.9787060618400574,-0.018571394693572073,0.198486328125,-0.36496302485466003,0.2,0.0007333484507398679
700,0.01,-1.7018852755531115e-08,-0.20496722590284366,0.0,2776,67.59,-8.228414404625302e-05,-0.08727401261473869,-0.15734974354763318,-0.0009894806947188456,-0.2692171112186259,0.0,0.0,0.0,4646,-0.07380966640976816,-2.1343443169553673,0.10861723182485375,-0.10003038530156262,-0.5892846309480199,-0.2366615935826894,0.0,-0.01892526213660934,0.0,0.0,-0.3190527738133724,-1.3159657882313003,-0.09444864044541161,0.0,0.0003374564726578279,0.0,0.060873316395222025,0.2147328,57.20992,-0.49968386191434555,-0.013911647722125053,-167.03397693,0.600611456,-0.5,12902400,38.016031138698814,-0.011111111111110957,2.0833212269982524,0.021829035,2796,0.000274232064,-33.290960502624515,0.9868907332420349,0.9787192344665527,-0.019153766229283064,0.221826171875,-0.366266131401062,0.2,0.0005649378479574807
701,0.01,-1.7576433501806105e-08,-0.20119713525922492,0.0,2776,67.02,-8.189546815287557e-05,-0.08699022521290023,-0.15785728274662367,-0.0009736856866909884,-0.26321728705602315,0.0,0.0,0.0,4653,-0.07485868153736056,-2.1198538428906812,0.1146858184167685,-0.0995228654299945,-0.5821190446022109,-0.244436209117558,0.0,-0.01884858340922786,0.0,0.0,-0.31389590930691424,-1.3136883337894651,-0.09269289908716669,0.0,0.0004589842671218018,0.0,0.06010365307841433,0.21504,57.256,-0.49888415799574826,-0.014734671834351806,-166.45915268000002,0.6005408,-0.5,12920832,40.14003644586898,-0.01101345486111097,2.314174638915248,0.022306668,2800,0.0002741952,-33.28819522857666,0.9848345518112183,0.9788302779197693,-0.018537929141893984,0.22744140625,-0.3675377070903778,0.2,0.0006453626439906657
702,0.01,-1.7460760528916935e-08,-0.2030976307551249,0.0,2776,66.53,-8.232980597390566e-05,-0.08748674584786369,-0.1583790316359649,-0.000991909049034004,-0.26725242170623925,0.0,0.0,0.0,4659,-0.07220924524860378,-2.1313748070221625,0.1143972474076852,-0.10204438206878652,-0.5875452528936944,-0.2264811538483179,0.0,-0.018730793322957504,0.0,0.0,-0.3224585946018978,-1.3122237986742549,-0.09341512810878118,0.0,0.00032335056716369256,0.0,0.06054349686977435,0.2153472,57.30208,-0.5001337296451898,-0.014271890223931728,-165.97842626000002,0.600470144,-0.5,12939264,40.03903659268982,-0.010948350694444305,2.291954628187659,0.022512501,2804,0.000274158336,-33.28626708984375,0.9857754111289978,0.9787917137145996,-0.02413087575114332,0.20906982421875,-0.37512239813804626,0.2,0.000623929113498889
703,0.01,-1.7755695475666184e-08,-0.20972903978160912,0.0,2776,68.92,-8.425060830755274e-05,-0.08737648248863474,-0.15669925052989087,-0.001017004034256719,-0.2762855855499478,0.0,0.0,0.0,4666,-0.07665019142824739,-2.1731380077289835,0.11426637357446776,-0.1031177962976538,-0.6099115553098967,-0.24930541409509985,0.0,-0.019370729663012294,0.0,0.0,-0.30893986503907406,-1.314059219892186,-0.0972405874627114,0.0,0.0004090710556031101,0.0,0.06313391080638407,0.2156544,57.34816,-0.4947716454306667,-0.014505179928770909,-168.36715715,0.600399488,-0.5,12957696,39.99323075106371,-0.010807291666666535,2.305161748297486,0.023639577,2808,0.00027412147199999996,-33.280827331542966,0.9840977787971497,0.9786145091056824,-0.021732526272535323,0.21539306640625,-0.37054499983787537,0.2,0.0006903888745000586
704,0.01,-1.7434343691622366e-08,-0.2055208955721633,0.0,2776,68.04,-8.391118041820024e-05,-0.0872091955352186,-0.15618541153707763,-0.0010197691796795987,-0.2722417925076359,0.0,0.0,0.0,4672,-0.07614884202282371,-2.155699485830089,0.10282017440897631,-0.10178516612360983,-0.5976879169896296,-0.25158126833983036,0.0,-0.019616103917347617,0.0,0.0,-0.3247390627775317,-1.3124776483219867,-0.09529911391425155,0.0,0.00046983494798445865,0.0,0.062032816900927115,0.2159616,57.39424,-0.49859415561033416,-0.014380396927461132,-167.49202602000003,0.600328832,-0.5,12976128,35.98706104314171,-0.011089409722222067,1.8528522144883324,0.022138413,2812,0.000274084608,-33.282986640930176,0.9912411570549011,0.9787038564682007,-0.016700169758405537,0.20093994140625,-0.3715638816356659,0.2,0.000377352129726205
705,0.01,-1.718919446689312e-08,-0.20742570908069755,0.0,2776,67.61,-8.430742061978925e-05,-0.0872516955861915,-0.15573779807346572,-0.0010147902065682174,-0.2744512993971318,0.0,0.0,0.0,4679,-0.07550973717393539,-2.1560101460197885,0.10329828466912486,-0.10280477708185015,-0.5979406840385539,-0.2521319933951422,0.0,-0.019192740390667023,0.0,0.0,-0.3072782695950513,-1.309278901151352,-0.09539362510336091,0.0,0.00038411445954504114,0.0,0.06208300432300365,0.2162688,57.44032,-0.4935668041671296,-0.013416857059281837,-167.06535787,0.600258176,-0.5,12994560,36.1543996341937,-0.011295572916666516,1.9105518469289922,0.020392891,2816,0.000274047744,-33.28155307769775,0.9850588440895081,0.9787545204162598,-0.01886657716240734,0.20333251953125,-0.37216275930404663,0.2,0.000657850262359716
706,0.01,-1.7851608442041525e-08,-0.20887834680703576,0.0,2776,67.88,-8.445663151216116e-05,-0.08761809374792964,-0.15604289714072425,-0.0010240092084721957,-0.2796908060510695,0.0,0.0,0.0,4687,-0.07784512893846633,-2.1749132373199442,0.1130782373092363,-0.10479032696679548,-0.6077444548601415,-0.2582424593711846,0.0,-0.019507524945656655,0.0,0.0,-0.31490679417312434,-1.3048543105305856,-0.09689283178487093,0.0,0.0004264321372223397,0.0,0.06321146413371924,0.216576,57.486399999999996,-0.4939035930394248,-0.014026122491082383,-167.34242084000002,0.60018752,-0.5,13012992,39.577383058232705,-0.01124131944444429,2.24368649157943,0.024496961,2820,0.00027401088,-33.27824516296387,0.9884954690933228,0.9784759283065796,-0.018812750338111073,0.21956787109375,-0.3684898614883423,0.2,0.0005183840519748628
707,0.01,-1.7122263041592733e-08,-0.20876841926299827,0.0,2776,68.44,-8.44925617379934e-05,-0.08753642571882014,-0.15566691292520457,-0.0010144384908224917,-0.2771522821414121,0.0,0.0,0.0,4693,-0.0786250854184027,-2.1789230092148406,0.1225170879358253,-0.10403193009036805,-0.6044176662802909,-0.26375259749055213,0.0,-0.019514776144533782,0.0,0.0,-0.31616909285077,-1.300584272642297,-0.09690457858800033,0.0,0.0004828557786014345,0.0,0.06313447079993458,0.2168832,57.53248,-0.49305898469955456,-0.013027317605317675,-167.91597256,0.600116864,-0.5,13031424,42.88098077753886,-0.01166449652777759,2.626924730096129,0.021198984,2824,0.000273974016,-33.272205924987794,0.9906871318817139,0.9782388210296631,-0.01778705567121506,0.20185546875,-0.36446768045425415,0.2,0.00039431213663192465
708,0.01,-1.7840412138861213e-08,-0.20296007531980756,0.0,2776,67.21,-8.407674043437584e-05,-0.08751075680062734,-0.15710819279127353,-0.001008619544694703,-0.2732260584134027,0.0,0.0,0.0,4700,-0.07558544693783424,-2.1453072628773,0.10686542103320756,-0.10404922357590496,-0.5880490494838284,-0.2552604034834712,0.0,-0.019085670748345385,0.0,0.0,-0.3209228363564977,-1.3068516406151816,-0.09356393545998865,0.0,0.00036458315056127805,0.0,0.061680873745328345,0.2171904,57.57856,-0.5019056041359877,-0.013408718832781434,-166.67304027999998,0.600046208,-0.5,13049856,37.40289736162265,-0.011610243055555376,2.0172500202606165,0.022885237,2828,0.00027393715199999997,-33.269027137756346,0.9893296957015991,0.9780797958374023,-0.0161065973341465,0.21632080078125,-0.3651922345161438,0.2,0.0004562732123304158
709,0.01,-1.762125929848536e-08,-0.20226217158844428,0.0,2776,66.98,-8.474748639652793e-05,-0.08759721318272469,-0.15593189554350237,-0.0010337537179144615,-0.2714269052691831,0.0,0.0,0.0,4706,-0.07797053651578095,-2.1530045972587235,0.10288251556194208,-0.10251300065726958,-0.5926100090653007,-0.2658164301760731,0.0,-0.019634633013347856,0.0,0.0,-0.33445172158883274,-1.309664364530451,-0.09466742730729569,0.0,0.0005523001729872905,0.0,0.061786937698386356,0.2174976,57.62464,-0.5035020739244854,-0.014466117380329201,-166.42732488000001,0.599975552,-0.5,13068288,36.00888044667973,-0.011317274305555399,1.8873797580447873,0.022536395,2832,0.000273900288,-33.266049766540526,0.9861721396446228,0.9782025218009949,-0.019341309810988604,0.2098876953125,-0.36982449889183044,0.2,0.0005915972287766635
710,0.01,-1.7096172267119313e-08,-0.20770255353437045,0.0,2776,68.13,-8.446820931390465e-05,-0.08764122154184685,-0.15429752165521415,-0.0010298480979489182,-0.2768530880829384,0.0,0.0,0.0,4713,-0.0773918564780056,-2.1757797377958186,0.11639219011515686,-0.10401514430626407,-0.6078208435972525,-0.26764032040835095,0.0,-0.01956395335355759,0.0,0.0,-0.3166902474762848,-1.3088157211235791,-0.09692019386755736,0.0,0.0006043835536628547,0.0,0.06308026089222094,0.2178048,57.670719999999996,-0.49529812697691267,-0.01305227420946014,-167.58657674999998,0.599904896,-0.5,13086720,40.7372665403049,-0.012087673611110907,2.3767182959450435,0.023369681,2836,0.000273863424,-33.265036010742186,0.9888390898704529,0.9782059192657471,-0.019300004764227198,0.215625,-0.3648745119571686,0.2,0.00047842769854469227
711,0.01,-1.7649604949293533e-08,-0.20583441406851896,0.0,2776,67.81,-8.508823772920519e-05,-0.08769823974989717,-0.15393084702342202,-0.0010298647892932535,-0.27220289454670377,0.0,0.0,0.0,4720,-0.07783365895583125,-2.166391507961302,0.11192204407107517,-0.10143160540360245,-0.5969017017070828,-0.2643378848563029,0.0,-0.019440346459126803,0.0,0.0,-0.3279889185950071,-1.3101359285425551,-0.09607034400017146,0.0,0.0005240883911028504,0.0,0.062294959737603225,0.218112,57.7168,-0.49772012911290453,-0.013141792115574289,-167.25897594999998,0.59983424,-0.5,13105152,39.17271542487631,-0.011469184027777612,2.2087610793673327,0.019999849,2840,0.00027382656,-33.264510536193846,0.9910184741020203,0.9782540202140808,-0.017837278690421954,0.18951416015625,-0.371071994304657,0.2,0.00037607138947350907
712,0.01,-1.6991644957095588e-08,-0.20610093899953508,0.0,2776,67.85,-8.505925514982526e-05,-0.08763239775534389,-0.15382426779415403,-0.001023018162818215,-0.2708392602019135,0.0,0.0,0.0,4726,-0.07582205905562957,-2.1633579317029237,0.10724772996380005,-0.10127289983124609,-0.5933450423234333,-0.25421527481009965,0.0,-0.019245866284280277,0.0,0.0,-0.33023220155675076,-1.3158018433129852,-0.09519760496924438,0.0,0.00043728282778627344,0.0,0.06258456254130546,0.2184192,57.76288,-0.5004425990809067,-0.014277315606401922,-167.29940298000002,0.599763584,-0.5,13123584,37.53670548733002,-0.011436631944444286,2.026106229364541,0.022607738,2844,0.000273789696,-33.26449012756348,0.98846834897995,0.9784860610961914,-0.0188891974510625,0.2176025390625,-0.36979880928993225,0.2,0.0004992819493054412
713,0.01,-1.7104836166991636e-08,-0.20166462379234482,0.0,2776,67.29,-8.574948768510852e-05,-0.08741600458860715,-0.15307588245914258,-0.0010376056134864975,-0.2679425647566533,0.0,0.0,0.0,4733,-0.07675579311174824,-2.1486396908488263,0.1118545175733596,-0.10026194810863677,-0.5842598427600905,-0.26201310158870667,0.0,-0.019599196104668565,0.0,0.0,-0.32221900980512014,-1.3127176317052252,-0.09351701566377699,0.0,0.0004665797233529803,0.0,0.061602024097768826,0.2187264,57.80896,-0.5030802364585052,-0.014178574428014044,-166.73791935,0.5996929280000001,-0.5,13142016,39.14908115067586,-0.011360677083333166,2.198502323036692,0.021039233,2848,0.00027375283199999997,-33.26275215148926,0.9893184900283813,0.9784393310546875,-0.02033088254975155,0.212548828125,-0.3704530894756317,0.2,0.0004720446391729638
714,0.01,-1.7471233314130824e-08,-0.20568941219039383,0.0,2776,68.08,-8.612655131835068e-05,-0.08773250030172976,-0.15684459156092345,-0.0010325437582598988,-0.26803158743027944,0.0,0.0,0.0,4739,-0.07622255288121993,-2.159439194452233,0.10706892020225309,-0.10112736117117106,-0.5925942838487196,-0.2589459650175013,0.0,-0.019392640015555594,0.0,0.0,-0.3197458265355691,-1.3178236274547737,-0.09518441679738285,0.0,0.0003396265351006554,0.0,0.062024663635124835,0.2190336,57.85504,-0.502031410738943,-0.013420654594988769,-167.52992085999998,0.599622272,-0.5,13160448,37.47412207078858,-0.01141493055555539,2.007363642292938,0.023842555,2852,0.000273715968,-33.26393699645996,0.9888522624969482,0.9786543250083923,-0.01928686969913542,0.22490234375,-0.37477636337280273,0.2,0.0005376684843213297
715,0.01,-1.7287211213524958e-08,-0.20628114375027096,0.0,2776,67.55,-8.544596418508799e-05,-0.08765758066104248,-0.1547626573109589,-0.0010360398884287593,-0.27052692606141804,0.0,0.0,0.0,4746,-0.07545462752445446,-2.160660411585014,0.10898056585643406,-0.10148756557083546,-0.5973690122297313,-0.2468449351956992,0.0,-0.019529049647991813,0.0,0.0,-0.3314420318952983,-1.3121958984595032,-0.09545794797032944,0.0,0.00038953979512573115,0.0,0.06230164114411518,0.2193408,57.90112,-0.5002011815176988,-0.01414873504998266,-166.99756500999996,0.5995516160000001,-0.5,13178880,38.14319804975192,-0.010774739583333207,2.0784568578646496,0.020468194,2856,0.000273679104,-33.258827209472656,0.988608717918396,0.9782493114471436,-0.016675745137035847,0.22220458984375,-0.36551544070243835,0.2,0.0005101886694319546
716,0.01,-1.7973641985534088e-08,-0.2047679174288308,0.0,2776,68.64,-8.780659131226482e-05,-0.08760315508047468,-0.15252363284081638,-0.0010566044815766482,-0.26838711125901377,0.0,0.0,0.0,4752,-0.07611506875837802,-2.1716187352392833,0.10664841389711233,-0.10039721122164229,-0.6034182334102204,-0.25458065039654704,0.0,-0.019850375772540844,0.0,0.0,-0.3221050577556209,-1.310292980524823,-0.09603833372891048,0.0,0.0005197481595031503,0.0,0.06226079928304711,0.219648,57.9472,-0.5002066581913743,-0.01449866942938469,-168.08953607,0.5994809600000001,-0.5,13197312,37.32694486398931,-0.011132812499999851,1.9943724257148345,0.021309748,2860,0.00027364223999999996,-33.24997501373291,0.9899896383285522,0.9780869483947754,-0.0190260166360531,0.2167236328125,-0.3627316355705261,0.2,0.0004501620540395379
717,0.01,-1.7543325631078163e-08,-0.20663890325408743,0.0,2776,68.55,-8.601265779220103e-05,-0.08765413123491644,-0.1535461751115211,-0.0010255334310899874,-0.2651168275196516,0.0,0.0,0.0,4759,-0.07702101903805877,-2.1703522865635922,0.11077310656449005,-0.09904757064942593,-0.6009635259189393,-0.2632894532734584,0.0,-0.019530785373135975,0.0,0.0,-0.32281059283353325,-1.3082404241231944,-0.09596350484520937,0.0,0.0004459634268035491,0.0,0.062465308856231125,0.2199552,57.99328,-0.4988934441063816,-0.014386907683931187,-168.00153052,0.5994103040000001,-0.5,13215744,38.77058729757152,-0.011382378472222055,2.1474553420334495,0.020889172,2864,0.00027360537599999997,-33.25269412994385,0.9901160597801208,0.9783390760421753,-0.016624210576992482,0.200732421875,-0.36419785022735596,0.2,0.00043849057547049595
718,0.01,-1.7713904780991818e-08,-0.20553855887284725,0.0,2776,67.73,-8.702201762262072e-05,-0.08766256956256409,-0.15447980698806815,-0.0010285195664188275,-0.2627429090224878,0.0,0.0,0.0,4766,-0.0755439942844563,-2.1641864901605095,0.10676087912920673,-0.09915822942621574,-0.5931722606927077,-0.2535211256773334,0.0,-0.019445149788171055,0.0,0.0,-0.31970730344862136,-1.307628118654512,-0.0952878635058487,0.0,0.0004904512445338898,0.0,0.062242807571247956,0.2202624,58.03936,-0.501895161915962,-0.014120523148449138,-167.18365552,0.5993396480000001,-0.5,13234176,37.36630769522235,-0.011718749999999832,2.0025684189156334,0.020331834,2868,0.000273568512,-33.25374641418457,0.9920951128005981,0.9784829020500183,-0.01788357951445505,0.19705810546875,-0.36240118741989136,0.2,0.0003657755398307927
719,0.01,-1.736386923291795e-08,-0.2060572910957928,0.0,2776,67.57,-8.611861806479814e-05,-0.08755362849758938,-0.15482116641215737,-0.0010261930570542599,-0.26326951894327144,0.0,0.0,0.0,4772,-0.07356221812797836,-2.1515944873215087,0.11049753645036003,-0.09921125025197221,-0.5959224077911025,-0.23821136628693929,0.0,-0.019335331498929676,0.0,0.0,-0.31441421673643166,-1.3063736733345261,-0.09539360789799609,0.0,0.0004047307657957491,0.0,0.06162715863202986,0.2205696,58.08544,-0.49894234521957576,-0.012818442156357277,-167.02853567999998,0.5992689920000001,-0.5,13252608,38.67413775762601,-0.011458333333333154,2.157430810760017,0.021715555,2872,0.000273531648,-33.25223999023437,0.9879565834999084,0.9785639643669128,-0.019531548116356136,0.22098388671875,-0.3685140907764435,0.2,0.0005310273423674517
720,0.01,-1.7354151741214004e-08,-0.2036769659183695,0.0,2776,68.03,-8.733173333693429e-05,-0.08731847000982847,-0.15371476463854217,-0.0010482428193567957,-0.2651344255212264,0.0,0.0,0.0,4779,-0.07559345765943438,-2.164762726375164,0.10661770133689888,-0.0999929377389909,-0.602798818598574,-0.25283020523256866,0.0,-0.01983677859702084,0.0,0.0,-0.3204582796022646,-1.3098064623104198,-0.09562160647706557,0.0,0.0005609808205109504,0.0,0.06194531784330385,0.2208768,58.13152,-0.5001452064260326,-0.013526448635578467,-167.49069543999997,0.599198336,-0.5,13271040,37.31619546791461,-0.01133897569444428,2.026429556863983,0.021520961,2876,0.000273494784,-33.2511791229248,0.9898098707199097,0.9784535765647888,-0.01887981700710952,0.20810546875,-0.3654671907424927,0.2,0.0004498389273067005
721,0.01,-1.7851112285303866e-08,-0.2060886568492467,0.0,2776,67.39,-8.745468468539691e-05,-0.08783769756080757,-0.15667421588761882,-0.001036650965378948,-0.26249594317412406,0.0,0.0,0.0,4785,-0.07613818702146863,-2.1667993873818356,0.10603096623903208,-0.09894091033356629,-0.6021374868169063,-0.24924257790664464,0.0,-0.019726957675519116,0.0,0.0,-0.3244024358952639,-1.310670049182144,-0.0958737253483406,0.0,0.000524088468713065,0.0,0.06251670883453331,0.221184,58.1776,-0.49621545301749376,-0.013515055695380498,-166.85120967,0.59912768,-0.5,13289472,37.11083818366123,-0.011740451388888707,2.036368735709488,0.020429745,2880,0.00027345791999999996,-33.240471839904785,0.9910567998886108,0.9779629707336426,-0.01683070231229067,0.2072509765625,-0.3634311556816101,0.2,0.00038465018151327967
722,0.01,-1.734967028002151e-08,-0.20249180127631958,0.0,2776,66.39,-8.785856216647883e-05,-0.08754825253719964,-0.15566261983210708,-0.0010468939180818928,-0.2604472264072382,0.0,0.0,0.0,4792,-0.0747435987954894,-2.1466270957207843,0.1163815065635822,-0.09804046132554757,-0.5928794965493591,-0.24572969785851262,0.0,-0.019955678807233333,0.0,0.0,-0.31692800002859145,-1.3032797275967516,-0.09513976421366525,0.0,0.000665147513953141,0.0,0.060946176142626304,0.2214912,58.22368,-0.4999781793649286,-0.013525906579969969,-165.86494486000004,0.599057024,-0.5,13307904,40.73352729725377,-0.01182725694444426,2.3846363173556835,0.020470563,2884,0.000273421056,-33.23161582946777,0.9883365631103516,0.9775785207748413,-0.01907704791519791,0.19930419921875,-0.36818385124206543,0.2,0.0005104243289679288
723,0.01,-1.767033996139886e-08,-0.20450307703011955,0.0,2776,69.06,-8.842175446869395e-05,-0.08735303051165946,-0.1532053199269132,-0.0010688505419183163,-0.2667077915131712,0.0,0.0,0.0,4798,-0.07667687777520134,-2.158257917865343,0.10366371765601287,-0.09982529983916112,-0.5997434239436137,-0.25744744642987205,0.0,-0.02042369410869449,0.0,0.0,-0.33149131768051504,-1.3032135507666074,-0.09599833882997502,0.0,0.00039062483119778335,0.0,0.061211194201020086,0.2217984,58.26976,-0.503173963371367,-0.014108045020192448,-168.49490984,0.598986368,-0.5,13326336,36.2823011796045,-0.011349826388888724,1.8881688754404824,0.023703799,2888,0.000273384192,-33.22720222473144,0.9860787391662598,0.9774691462516785,-0.01811885794159025,0.234521484375,-0.36275702714920044,0.2,0.000584117669495754
724,0.01,-1.6653560814962943e-08,-0.20790044945606434,0.0,2777,68.92,-8.892039877431486e-05,-0.0875830860893889,-0.1563584408872286,-0.0010704356483708611,-0.2655667341548265,0.0,0.0,0.0,4805,-0.07623657251805702,-2.175555776151778,0.10946635310318939,-0.10100584232076161,-0.6116489184073447,-0.2507888968469857,0.0,-0.020179290156376244,0.0,0.0,-0.3161700165119145,-1.3094941275651992,-0.09737037987385673,0.0,0.0005533853351759414,0.0,0.0620062682023074,0.2221056,58.31584,-0.4993662287900544,-0.013033828091768859,-168.37536399,0.598915712,-0.5,13344768,38.31322358611629,-0.011653645833333153,2.1104229812393127,0.022662533,2892,0.000273347328,-33.22442989349365,0.9879975318908691,0.9774386882781982,-0.019013673777226358,0.22010498046875,-0.36844122409820557,0.2,0.0005095202388474718
725,0.01,-1.7740434239153133e-08,-0.20576589902743944,0.0,2777,68.48,-8.954296934898119e-05,-0.08760964120164486,-0.1549861222411807,-0.0010730486627533499,-0.26798361713479035,0.0,0.0,0.0,4812,-0.07608345370108414,-2.163506390470774,0.11107984521879849,-0.10076968986456605,-0.6092192687279584,-0.24868321647294525,0.0,-0.020379125482894875,0.0,0.0,-0.3113024576194029,-1.3089747545194006,-0.09691646857615141,0.0,0.0005447047652624962,0.0,0.06198251022597853,0.2224128,58.36192,-0.4982060762498588,-0.013727186611504294,-167.91993226,0.598845056,-0.5,13363200,38.87794582657947,-0.011534288194444277,2.1761932428495356,0.022076596,2896,0.000273310464,-33.22095489501953,0.9898965358734131,0.9775385856628418,-0.01659483585972339,0.20260009765625,-0.36699697375297546,0.2,0.0004268673204933293
726,0.01,-1.8261288915150086e-08,-0.2026587030925047,0.0,2777,68.26,-8.929302597733832e-05,-0.0873996380694326,-0.154247702961407,-0.0010805710435022623,-0.26634982987319183,0.0,0.0,0.0,4818,-0.07638789342802774,-2.1660730899217495,0.11004843543706455,-0.1001378047495019,-0.604730416749272,-0.25159408296319735,0.0,-0.020426507610599744,0.0,0.0,-0.3181766161482732,-1.310972041523807,-0.09611233815287015,0.0,0.0006304252342993601,0.0,0.06165127850551704,0.22272,58.408,-0.504006683171711,-0.013341444759539122,-167.73729089999998,0.5987744,-0.5,13381632,38.51695240297259,-0.012033420138888695,2.131430302078664,0.021855572,2900,0.00027327359999999997,-33.218815612792966,0.9892067313194275,0.9772412180900574,-0.018764153076335787,0.1946533203125,-0.3655240535736084,0.2,0.00046829576749587434
727,0.01,-1.7951654348242826e-08,-0.205609992865924,0.0,2777,68.65,-8.900206483954744e-05,-0.0875336845755153,-0.1536053677066213,-0.0010711707537101032,-0.2656597590547324,0.0,0.0,0.0,4825,-0.07531808158574956,-2.1604656587393163,0.10597246268406446,-0.10024766811660883,-0.6071928332903945,-0.2428267968003899,0.0,-0.02041279233451588,0.0,0.0,-0.31851729395467365,-1.306394637783849,-0.0970240266500736,0.0,0.0005772568660581277,0.0,0.06161097529695522,0.2230272,58.454080000000005,-0.5007222750968559,-0.013916530693273267,-168.11033301,0.598703744,-0.5,13400064,37.090361939422564,-0.011512586805555386,1.9770946840751227,0.022380063,2904,0.000273236736,-33.205744934082034,0.9874762892723083,0.9767247438430786,-0.018689243169501425,0.2179931640625,-0.36770978569984436,0.2,0.0005342251330148429
728,0.01,-1.756079703964534e-08,-0.20465127717724813,0.0,2777,69.0,-8.956350206354094e-05,-0.08785081140671154,-0.15439226339149306,-0.0010844042010338731,-0.26436679088650133,0.0,0.0,0.0,4831,-0.07611651565420414,-2.165452526996258,0.1122341693460589,-0.10086136522688587,-0.6066697609853711,-0.24417842656124414,0.0,-0.020819401846261482,0.0,0.0,-0.31992726104200914,-1.3029859658319487,-0.09687333626739775,0.0,0.0006749131102373616,0.0,0.06206861998766931,0.2233344,58.50016,-0.49712778512403866,-0.013120091090159904,-168.45940726,0.598633088,-0.5,13418496,39.28195927112061,-0.012239583333333132,2.223270223635611,0.022979505,2908,0.000273199872,-33.206335639953615,0.9901770353317261,0.9770411252975464,-0.018419430917128922,0.21043701171875,-0.36569270491600037,0.2,0.00042994824325433
729,0.01,-1.728367582649409e-08,-0.2010067142203277,0.0,2777,68.37,-8.831474020463281e-05,-0.08733007034557824,-0.15490602011514412,-0.0010510898222253979,-0.2562537821122558,0.0,0.0,0.0,4838,-0.07239320166426552,-2.1245053735501163,0.10979135940698623,-0.09803343484042831,-0.5835418386770124,-0.2344397651928857,0.0,-0.019952438398900388,0.0,0.0,-0.3357395658475746,-1.3030560095435004,-0.09341435483002686,0.0,0.00033962662241214677,0.0,0.059717822267785214,0.2236416,58.54624,-0.5089262546695207,-0.0147471498284075,-167.82102792,0.598562432,-0.5,13436928,38.42697579244518,-0.010753038194444313,2.1097390429769693,0.021677442,2912,0.000273163008,-33.21725368499756,0.9894351959228516,0.9779006838798523,-0.0188467345549725,0.215087890625,-0.3645290732383728,0.2,0.0004785055571119301
