reward_terms/motor_vel,ankle/ankle_defl_peak,reward_terms/vz,reward_terms/angmom,rollout/ep_rew_mean,time/total_timesteps,curriculum/sprint_dist_m,reward_terms/assist_pen,ankle/ankle_spring_trq_peak,reward_terms/step_rate,reward_terms/air_time,reward_terms/clearance,reward_terms/residual,reward_terms/lat_vel,reward_terms/stop,reward_terms/residual_rate,ankle/ankle_spring_energy_peak,time/iterations,rollout/ep_len_mean,reward_terms/phase_contact,curriculum/ent_coef,reward_terms/energy,reward_terms/upright,reward_terms/overrun,reward_terms/duty_sym,time/fps,curriculum/eff_scale,reward_terms/coef_rate,curriculum/ctrl_jitter_ms,reward_terms/foot_ahead,reward_terms/torque,reward_terms/fwd_speed,curriculum/ctrl_drop_prob,reward_terms/ang_xy,reward_terms/stance,reward_terms/hip_roll,reward_terms/foot_slip,reward_terms/action_rate,reward_terms/time,time/time_elapsed,reward_terms/height,curriculum/stance_ratio,reward_terms/alive,reward_terms/stance_time,train/entropy_loss,train/explained_variance,train/value_loss,train/clip_range,train/loss,train/clip_fraction,train/n_updates,train/learning_rate,train/approx_kl,train/policy_gradient_loss,train/std
-0.001957757159885353,0.22006626336859497,-0.2001048191815579,-0.0917175377351765,-95.08018122999998,60017832,62.499625,0.0,77.02319217900823,-0.00782335069444446,0.00029405369099953934,0.06827027272410617,-0.1098382588103022,-3.61383697562745e-08,0.0,0.0,8.91683335955298,1,220.81,-0.1658056371043334,0.01,-0.012549975740430916,-0.2158655075996202,0.0,-0.003840575059905577,2940,0.2499975,-0.5385090660834866,0.0,0.0,-0.14909554219804355,1.2526109227786522,0.0,-0.20969658720179277,-0.003478130610127599,-0.0197637656375129,-0.5040315721106938,-0.04039490892785082,-0.5,6,-0.024026505739073938,0.592500575,0.0,-0.007228559203213081,,,,,,,,,,,
-0.0017651635746299985,0.22882013549118965,-0.21425319646563046,-0.08191377342156507,-89.56309658,60036264,62.511145000000006,0.0,80.08704742191638,-0.006401909722222282,0.0007356766760090573,0.06681322558474379,-0.1103552650332884,-2.8502255553450942e-08,0.0,0.0,9.64259546468126,2,242.93,-0.14969606893067103,0.01,-0.011092588441418937,-0.1985921426367062,0.0,-0.005928850164088828,3318,0.2500743,-0.43583209329623285,0.0,0.0,-0.1310986809585984,1.439955806908195,0.0,-0.18315748090544054,-0.000771683251154894,-0.0151562270656379,-0.4190733324689795,-0.037398521099771806,-0.5,11,-0.02775828856882553,0.5924829110000001,0.0,-0.01029359315806586,-34.06611652374268,0.9579179286956787,7.052068853378296,0.2,1.9681708812713623,0.1295166015625,12861,0.000269991084,0.011087435,-0.007634583668550477,1.0009291172027588
-0.0018432546435504357,0.21846770204986393,-0.21291198206546813,-0.08157265773066248,-89.40863391,60054696,62.522665,0.0,76.46369571745238,-0.006705729166666731,0.0006949866785564356,0.06791096735973179,-0.11033761568563025,-2.9458664483370523e-08,0.0,0.0,8.712910027869347,3,242.51,-0.15006165839030036,0.01,-0.011410219959996797,-0.19721417684594958,0.0,-0.004765424335575535,3560,0.2501511,-0.45416687764840064,0.0,0.0,-0.13386892654587454,1.405170396455273,0.0,-0.19205340273211446,-0.0013479864893470306,-0.01639686675975132,-0.43853748342481613,-0.036991907012523695,-0.5,15,-0.02696668769604963,0.592465247,0.0,-0.009928606712492183,-34.064992141723636,0.9977760910987854,0.40886662900447845,0.2,-0.17748650908470154,0.172998046875,12865,0.000269981868,0.022178525,-0.013568856648635119,1.0009961128234863
-0.0018515787746749151,0.2157735136547405,-0.20391783721644796,-0.07954723640337451,-90.74746405999998,60073128,62.534185,0.0,75.52072977915918,-0.0071831597222222765,0.0011197909835674283,0.06632821697210091,-0.11044336528937361,-3.160121300574896e-08,0.0,0.0,8.45704072737084,4,239.99,-0.16095716764468765,0.01,-0.011509426801343882,-0.19312942893835405,0.0,-0.0042925037624917195,3700,0.2502279,-0.46618242419893896,0.0,0.0,-0.1364758058764161,1.376836640239974,0.0,-0.19248717920865846,-0.0009700721814642666,-0.016038974139359494,-0.4561259805417599,-0.03850624089162887,-0.5,19,-0.026182966226984784,0.592447583,0.0,-0.010392879161776768,-34.06600522994995,0.9958546757698059,1.1363777965307236,0.2,0.42866000533103943,0.275970458984375,12869,0.000269972652,0.047637895,-0.004552544589387253,1.0012515783309937
-0.0018034749497319105,0.21915432551945765,-0.21257710191126855,-0.07992669496455841,-89.67361378000001,60091560,62.545705,0.0,76.70401393181018,-0.007411024305555595,0.0014990219238421156,0.07284353568151253,-0.11067876481548222,-2.8525594999414085e-08,0.0,0.0,8.796079613472534,5,243.28,-0.16667298357651944,0.01,-0.0112434056338168,-0.19271429437878343,0.0,-0.00131167753729585,3800,0.2503047,-0.4486831508153266,0.0,0.0,-0.13369990402128326,1.4328601799719922,0.0,-0.18569317322878318,-0.0008359154227103707,-0.015355283457647223,-0.45818220872433635,-0.03709516341303552,-0.5,24,-0.027311368172445182,0.592429919,0.0,-0.009998321356963262,-34.05924415588379,0.980658769607544,5.344119429588318,0.2,2.6684694290161133,0.2054443359375,12871,0.000269963436,0.048021395,0.0018482084463660915,1.0004595518112183
-0.0017975621525992249,0.22373228835117534,-0.20808469363987295,-0.08216804451061763,-90.72891558,60109992,62.557224999999995,0.0,78.30630092291138,-0.007823350694444467,0.001887476230169543,0.07398944234993474,-0.11047742385589793,-2.9784087260788033e-08,0.0,0.0,9.187507695821656,6,242.7,-0.1677940095655529,0.01,-0.011175542083023689,-0.1950941391779277,0.0,-0.0017680014743168687,3856,0.2503815,-0.44894709059468607,0.0,0.0,-0.13183723074026704,1.4097101703823967,0.0,-0.1870870262786379,-0.0012155663608489262,-0.015129538643290958,-0.44859282528562944,-0.03747455465775362,-0.5,28,-0.026950468862849748,0.592412255,0.0,-0.010584935798154524,-34.07281360626221,0.9987738728523254,0.28456798642873765,0.2,-0.2502390742301941,0.204296875,12875,0.00026995421999999997,0.023954688,-0.017297894624061883,1.0016084909439087
-0.00182212974528864,0.22025560515144393,-0.21287187412949757,-0.08207220051139609,-90.44426191999999,60128424,62.56874500000001,0.0,77.08946180300538,-0.0076388888888889155,0.00179470317865101,0.07382340467932783,-0.1105245523356678,-3.0931563978448254e-08,0.0,0.0,8.854424374010708,7,242.37,-0.1604521455111299,0.01,-0.011384012078115076,-0.1967057089307683,0.0,-0.0019219906591421004,3896,0.2504583,-0.4520539476273337,0.0,0.0,-0.13473231961474508,1.4168259021480571,0.0,-0.1889688347452453,-0.0012969905843118537,-0.01577351836089164,-0.4449791130691052,-0.037630796550602225,-0.5,33,-0.027245911589518765,0.592394591,0.0,-0.009863502229563892,-34.070326232910155,0.9929676651954651,1.340297132730484,0.2,0.40208908915519714,0.25224609375,12879,0.000269945004,0.023644358,-0.007809037790866569,1.0014996528625488
-0.001813689870177988,0.22639920235209537,-0.20790601395268546,-0.07876443927595328,-90.45833381000003,60146856,62.580265000000004,0.0,79.23972082323338,-0.007345920138888934,0.0017795123987727696,0.07242360149378935,-0.11043655194432135,-3.024641969059195e-08,0.0,0.0,9.435598480148228,8,243.51,-0.1586141090180951,0.01,-0.011331754411478705,-0.19230954263882927,0.0,-0.0033477655100180442,3933,0.2505351,-0.444837489732987,0.0,0.0,-0.13288332183794715,1.4163252965694488,0.0,-0.18804044092667904,-0.0015788126668723737,-0.01741454539174463,-0.4434962026216694,-0.037367465065645006,-0.5,37,-0.02666266464592001,0.592376927,0.0,-0.00999330313061364,-34.071288871765134,0.992469310760498,1.6783784449100494,0.2,-0.056166380643844604,0.23809814453125,12883,0.000269935788,0.027335295,-0.0082053835503757,1.00153386592865
-0.001830545424573588,0.23234421298120403,-0.21637352556816353,-0.08075548570050929,-91.05282292999999,60165288,62.591785,0.0,81.32047454342141,-0.007183159722222273,0.0014474813975135072,0.07057548270733555,-0.11045362435343999,-3.044298332726256e-08,0.0,0.0,9.972637883228494,9,242.24,-0.16349502828106038,0.01,-0.011476374330249764,-0.19371496557336235,0.0,-0.0031438931788637936,3957,0.2506119,-0.452288633379913,0.0,0.0,-0.1376436649629707,1.4120929544728684,0.0,-0.1934257314380802,-0.000677646523144859,-0.016031795115550734,-0.4495419594895151,-0.0374202497397558,-0.5,41,-0.027262787931699162,0.592359263,0.0,-0.01053136057614918,-34.06974353790283,0.9969913959503174,0.6085912138223648,0.2,-0.10869497060775757,0.1595458984375,12887,0.000269926572,0.01936034,-0.013369777658954262,1.0013930797576904
-0.0017999071755685466,0.22271213978909538,-0.2110454072055179,-0.08206962151448538,-89.77223763999999,60183720,62.603305,0.0,77.94924892618339,-0.0070095486111111755,0.0010422083335773398,0.06908357207557629,-0.11062329576561283,-3.016953070577092e-08,0.0,0.0,9.009512058994172,10,244.6,-0.15208860233415894,0.01,-0.011204493203400206,-0.1944118229444558,0.0,-0.004009950059044731,3978,0.2506887,-0.4456935114281635,0.0,0.0,-0.13343312967502535,1.421166571883764,0.0,-0.18737289536346313,-0.0009137868080340019,-0.01665083205188566,-0.42766028365359054,-0.03671436273027533,-0.5,46,-0.02722872445563351,0.592341599,0.0,-0.010633492339467112,-34.06681461334229,0.9865216612815857,2.2355677425861358,0.2,0.33355987071990967,0.23197021484375,12891,0.000269917356,0.018937737,-0.003932646138127893,1.0009515285491943
-0.0018718578000297002,0.22728838935320597,-0.2165849098947434,-0.0841283058206014,-90.59456952000001,60202152,62.614824999999996,0.0,79.55093627362209,-0.007302517361111159,0.0010064008593973187,0.06660094608955516,-0.11031534228058974,-3.118628287099037e-08,0.0,0.0,10.080869234579948,11,237.61,-0.1557878106698656,0.01,-0.011586404602670484,-0.20459613156430367,0.0,-0.003598298569753536,3994,0.2507655,-0.4597403211345946,0.0,0.0,-0.13626694774945725,1.4326033902741355,0.0,-0.19733673286270242,-0.0015972416188272708,-0.017348561205425952,-0.4502321738633822,-0.037351864275605065,-0.5,50,-0.027998481783988418,0.592323935,0.0,-0.008961676493830359,-34.06427536010742,0.9938717484474182,0.8865557134151458,0.2,-0.0984470546245575,0.11693115234375,12895,0.00026990814,0.013953006,-0.00981093356385827,1.001046895980835
-0.0018253251833263702,0.2244615497105232,-0.21571455474409867,-0.08341871324162413,-90.06814498999998,60220584,62.626345,0.0,78.56154239868312,-0.0071831597222222765,0.0012353505137273008,0.0692058581192151,-0.11043028416928001,-3.0495899043134373e-08,0.0,0.0,9.280203331878782,12,240.52,-0.1545110506544602,0.01,-0.01138603679732467,-0.19867856591502042,0.0,-0.001959570669478359,4010,0.2508423,-0.4577761156704129,0.0,0.0,-0.13515164632921328,1.4330688293282257,0.0,-0.19206700739023194,-0.001304860915886528,-0.017175193374094247,-0.44216190851056925,-0.03712133203328552,-0.5,55,-0.02772457954433571,0.592306271,0.0,-0.009091613073703937,-34.07131156921387,0.9827805757522583,4.1312071800231935,0.2,2.022629976272583,0.16036376953125,12899,0.00026989892399999996,0.020116638,-0.011187210003845394,1.001422643661499
-0.0018221200291312534,0.23121064462175414,-0.20984689042381793,-0.08077594785701278,-89.18048853,60239016,62.637865,0.0,80.92372561761395,-0.006879340277777845,0.0008756505784630361,0.06669232578263931,-0.11025199077224367,-2.99080935695291e-08,0.0,0.0,9.850384537710436,13,241.7,-0.1491889807579426,0.01,-0.011373232194570877,-0.19391256782027408,0.0,-0.003871239783038253,4021,0.2509191,-0.4494855241189392,0.0,0.0,-0.13418700318958895,1.4147504078296542,0.0,-0.18883692288072063,-0.0016080955240943514,-0.01733998744076857,-0.43476746241012193,-0.03730396109711813,-0.5,59,-0.027061615036147436,0.592288607,0.0,-0.009630077128854787,-34.06808643341064,0.9935067892074585,1.2242247700691222,0.2,0.028568118810653687,0.141357421875,12903,0.000269889708,0.01734282,-0.01228392196353525,1.0012578964233398
-0.0018801830406401882,0.227541611332652,-0.2151356961325036,-0.08416692652584981,-89.20746190000001,60257448,62.649385,0.0,79.6395639664282,-0.006966145833333399,0.0004541011456037975,0.06625947624227727,-0.11036903675878251,-3.1611051910461154e-08,0.0,0.0,9.550340577004524,14,240.66,-0.14664446347923535,0.01,-0.011695764869254197,-0.2049471101001916,0.0,-0.0026818506413892242,4035,0.2509959,-0.46706914413871226,0.0,0.0,-0.1380031524854557,1.4235461899666426,0.0,-0.1980852781017773,-0.002212407438256703,-0.018732987974253334,-0.4413278434760255,-0.03737694631372342,-0.5,63,-0.02781516876910797,0.592270943,0.0,-0.00777230907664893,-34.06816349029541,0.9921244382858276,1.8889113277196885,0.2,0.0006486475467681885,0.16103515625,12907,0.000269880492,0.021103047,-0.008531996933743357,1.0013296604156494
-0.001817168363239154,0.22487977111855606,-0.20786991600874555,-0.08359562820665303,-89.60872859000001,60275880,62.660905,0.0,78.70791989149463,-0.006727430555555621,0.000673285093701755,0.06699806122938852,-0.11046828155459963,-2.9685030098350574e-08,0.0,0.0,9.218538476546053,15,239.69,-0.1369078040872,0.01,-0.011095923740951662,-0.2041704558783498,0.0,-0.003639829324974247,4046,0.2510727,-0.44345237961568074,0.0,0.0,-0.12912129081868545,1.439577664609683,0.0,-0.18934303114931417,-0.0020049361942849177,-0.018613605866990797,-0.40775999900007287,-0.0368111309975821,-0.5,68,-0.02714320392625785,0.592253279,0.0,-0.007896955543805638,-34.07452335357666,0.996216356754303,0.789990171790123,0.2,-0.07161775231361389,0.1913818359375,12911,0.000269871276,0.026283968,-0.014491163956699893,1.0020103454589844
-0.0018003194532449124,0.22679079185151577,-0.20574756906749203,-0.08064942509478,-90.19361961,60294312,62.672425000000004,0.0,79.37677714803051,-0.006640625000000061,0.0009895828520206527,0.06420953144127464,-0.11036477420414137,-3.070894622813146e-08,0.0,0.0,9.351152900119125,16,245.21,-0.14564856580410918,0.01,-0.011138803734948292,-0.1965882110341054,0.0,-0.005894771958282271,4055,0.2511495,-0.43777066041469265,0.0,0.0,-0.1298748716986768,1.4271523420291712,0.0,-0.18865082804231215,-0.0019236656711054097,-0.017595187282003655,-0.41811243853436086,-0.037213709401459516,-0.5,72,-0.026931131347329593,0.592235615,0.0,-0.009721629589977156,-34.08328704833984,0.9981585144996643,0.4379749700427055,0.2,-0.17847520112991333,0.2507080078125,12915,0.00026986206,0.026270876,-0.015559869888238608,1.0025376081466675
-0.0018171619222392345,0.2217835122655811,-0.21234028834500632,-0.08381362404223923,-90.66585293,60312744,62.683945,0.0,77.62422929295339,-0.006781684027777842,0.0012239580165543077,0.06590066923195015,-0.11029646241792192,-3.072378119676473e-08,0.0,0.0,8.945937358077312,17,244.72,-0.14376437113124557,0.01,-0.01134579563436196,-0.2035621351624285,0.0,-0.006273124530430319,4065,0.2512263,-0.45228951186024413,0.0,0.0,-0.13343287594870662,1.397975765189612,0.0,-0.18900730376965957,-0.00237758684214348,-0.018832195948004928,-0.4189118621995868,-0.037841319023528615,-0.5,77,-0.027736883112756915,0.592217951,0.0,-0.009670631250224283,-34.07861175537109,0.9991047978401184,0.21846991628408433,0.2,-0.28224998712539673,0.26251220703125,12919,0.000269852844,0.025946852,-0.017750325537053867,1.0021066665649414
-0.0018367922256020863,0.2293308698061836,-0.2110426322835727,-0.08209198302058636,-90.45207949,60331176,62.695465,0.0,80.26580443216426,-0.007096354166666725,0.000907117675524205,0.06577150446891267,-0.11047234632408671,-3.172398069781971e-08,0.0,0.0,9.691318639642441,18,244.26,-0.14481051545142987,0.01,-0.011355815378666244,-0.200123766375616,0.0,-0.005110495499740157,4072,0.2513031,-0.4511686535727577,0.0,0.0,-0.13267970311358013,1.3983251012144386,0.0,-0.19404662694996247,-0.0014090628724731007,-0.017148233289396905,-0.42946706667281354,-0.037515593727784805,-0.5,81,-0.02703425415394017,0.592200287,0.0,-0.009038581299440315,-34.06946220397949,0.9963847994804382,0.7449916586279869,0.2,-0.12083896994590759,0.25567626953125,12923,0.000269843628,0.02080651,-0.007524962176103145,1.0015363693237305
-0.0018206668299931641,0.22253844525563415,-0.21374593510155,-0.0822378891246609,-89.98214532,60349608,62.706984999999996,0.0,77.88845583947196,-0.006651475694444508,0.001211479797752367,0.06590676978382032,-0.11050622318960225,-3.015600644620157e-08,0.0,0.0,9.110811083063176,19,244.69,-0.14612933146369614,0.01,-0.011305664658092851,-0.20217035027349173,0.0,-0.005435365009873465,4078,0.2513799,-0.4490151605463685,0.0,0.0,-0.13310963535826764,1.4272771667849318,0.0,-0.1925182108093994,-0.0013808269983475634,-0.018091431744939143,-0.42251028152588455,-0.03723558992416934,-0.5,85,-0.027500070208481192,0.592182623,0.0,-0.009386072368619757,-34.07671718597412,0.9983507394790649,0.36938542127609253,0.2,-0.15215137600898743,0.2577880859375,12927,0.00026983441199999997,0.026616592,-0.013577039132360368,1.0021874904632568
-0.0018122703957731713,0.23212405476559708,-0.21603520851927496,-0.08445958748044641,-90.73195494,60368040,62.71850499999999,0.0,81.24341916795898,-0.0069118923611111785,0.0010378683348082835,0.06761187686809668,-0.11044392197232644,-3.058053500374171e-08,0.0,0.0,10.12684011801788,20,241.0,-0.14323735235450583,0.01,-0.011295112673051742,-0.20537090467576918,0.0,-0.005067501388561917,4085,0.2514567,-0.45626746549254654,0.0,0.0,-0.1325506283137392,1.424405456002507,0.0,-0.1916040641447347,-0.0016361743881883545,-0.018247473796915287,-0.42660172699905496,-0.037078354296134805,-0.5,90,-0.02771762456124925,0.592164959,0.0,-0.008849508232540555,-34.077161598205564,0.9966266751289368,0.8073680341243744,0.2,0.5605921149253845,0.21824951171875,12931,0.000269825196,0.017109282,-0.0065603614202700555,1.0019967555999756
-0.0017999145182812737,0.2307413667702793,-0.21133075688938738,-0.0812029179112638,-90.06550954000001,60386472,62.730025000000005,0.0,80.75947836959774,-0.006727430555555621,0.001185980473463941,0.06865974188864839,-0.11040702157589857,-2.98518532894807e-08,0.0,0.0,9.761296671672977,21,241.67,-0.14068524802590088,0.01,-0.011227915508582912,-0.19951841973184567,0.0,-0.005088897257685423,4090,0.2515335,-0.44494279742033477,0.0,0.0,-0.13245068288819312,1.4256516599851736,0.0,-0.18562181338245598,-0.002245740836735195,-0.018960609316568115,-0.418449197352828,-0.03683825325529769,-0.5,94,-0.027376851349154914,0.592147295,0.0,-0.008525751678260148,-34.0730676651001,0.9942250847816467,0.9698758274316788,0.2,-0.0059327781200408936,0.149853515625,12935,0.00026981598,0.015342978,-0.009298093535471707,1.0015599727630615
-0.0017905890311773654,0.22819610908541793,-0.20706944878772637,-0.0802232783554096,-89.55143162,60404904,62.741545,0.0,79.86863817989628,-0.006597222222222285,0.0008794485474936664,0.0664031903242075,-0.11034687959595535,-3.064146964115375e-08,0.0,0.0,9.530228732031558,22,243.73,-0.14220907802386396,0.01,-0.011085772198609881,-0.19763355868614307,0.0,-0.005592220557587438,4095,0.2516103,-0.4427818027528394,0.0,0.0,-0.12995765283264638,1.4097898881245243,0.0,-0.1859134337482802,-0.0021498677859289844,-0.0177660676221806,-0.4134723232612657,-0.037257665074614005,-0.5,99,-0.026943270253279975,0.592129631,0.0,-0.009669410452867547,-34.06797981262207,0.9932835698127747,1.1806002527475357,0.2,0.016246646642684937,0.13594970703125,12939,0.000269806764,0.018898169,-0.006195536541054025,1.0011248588562012
-0.0018035409171031555,0.22556380869465575,-0.2067824340353886,-0.07933774334923006,-90.20008929999999,60423336,62.753065,0.0,78.94733304312952,-0.00660807291666673,0.0008610023327896164,0.06529923738321805,-0.11037721131120186,-3.1028497524470765e-08,0.0,0.0,9.369642932891013,23,244.93,-0.14528972701532328,0.01,-0.011154636579396025,-0.19758097403879507,0.0,-0.006166818867090637,4100,0.2516871,-0.44590198447500945,0.0,0.0,-0.13037840304525988,1.4104853380318148,0.0,-0.18407683269181366,-0.001578494135531608,-0.01780605540093771,-0.4249175379814984,-0.03729347498395525,-0.5,103,-0.027228978810326637,0.592111967,0.0,-0.009917619573469792,-34.075131797790526,0.9983832240104675,0.3406412050127983,0.2,-0.21675780415534973,0.2356201171875,12943,0.000269797548,0.028903332,-0.015367600845638662,1.0021324157714844
-0.001809155806391618,0.22266629817828507,-0.20655260193337452,-0.0816453925253546,-91.08105868000001,60441768,62.764585,0.0,77.93320436239978,-0.006640625000000064,0.0008870440684000237,0.06293506832102094,-0.1101088262480851,-2.9742488139676758e-08,0.0,0.0,9.121126956439033,24,245.21,-0.1482601092579617,0.01,-0.011283819530679516,-0.1971069924760812,0.0,-0.00784358059867831,4104,0.2517639,-0.4461318764641573,0.0,0.0,-0.1327782701246374,1.3865187801813441,0.0,-0.1898777904865796,-0.0015435645654859253,-0.018178281407357864,-0.42784338476473077,-0.03777974689700661,-0.5,107,-0.02648919686991617,0.592094303,0.0,-0.010380535954027437,-34.07775058746338,0.9981309771537781,0.3134083777666092,0.2,-0.23684421181678772,0.22900390625,12947,0.000269788332,0.026786,-0.010531432135030628,1.0021779537200928
-0.0018349787029745556,0.22810166897809409,-0.20637790703362732,-0.08196503010759032,-90.35745763999998,60460200,62.776104999999994,0.0,79.83558414233293,-0.006846788194444511,0.0009678814482564727,0.06887339978359469,-0.110375846376368,-2.9996770003421636e-08,0.0,0.0,9.608601910752231,25,244.47,-0.14287713328480095,0.01,-0.011342660110107584,-0.20099969932130832,0.0,-0.006426692418076772,4109,0.2518407,-0.4478266374890228,0.0,0.0,-0.1317112888119648,1.406440981278758,0.0,-0.18827126646078518,-0.0013711956258830394,-0.017638221706238265,-0.421033259787619,-0.03756316642845122,-0.5,112,-0.026830121815323328,0.5920766390000001,0.0,-0.009412115038786497,-34.0774621963501,0.9945328831672668,1.2309288948774337,0.2,0.08622914552688599,0.2662353515625,12951,0.00026977911599999996,0.0244512,-0.0041640041978098456,1.0018842220306396
-0.0018075317863571099,0.22472252248363997,-0.20123215951124396,-0.07972502588500682,-90.17074273,60478632,62.787625000000006,0.0,78.652882869274,-0.007107204861111168,0.0013427725061774254,0.07036096305882178,-0.1104350892383763,-2.938642335535566e-08,0.0,0.0,9.256171398300518,26,244.74,-0.1486011611577241,0.01,-0.011216942363223995,-0.19297534013070256,0.0,-0.004878136632245328,4112,0.2519175,-0.44912478947989093,0.0,0.0,-0.13248707632474507,1.4024491844436882,0.0,-0.18540749797861844,-0.0011832273093931708,-0.016873594885477055,-0.4301292167212702,-0.03767104314997058,-0.5,116,-0.026292190449855993,0.592058975,0.0,-0.00959413475518684,-34.074908065795896,0.9971915483474731,0.5849982231855393,0.2,-0.08156052231788635,0.22025146484375,12955,0.0002697699,0.024434293,-0.012490093871019781,1.0019429922103882
-0.001817308256606918,0.22441230344663599,-0.2076929196090769,-0.0803795768638591,-90.06516019,60497064,62.799145,0.0,78.54430620632259,-0.006857638888888956,0.001104599925585919,0.06775467235270988,-0.11032972737341999,-3.0201169927064456e-08,0.0,0.0,9.277192368867887,27,243.71,-0.14713403096055788,0.01,-0.01131259740430337,-0.19443153445889236,0.0,-0.0044426281843368345,4116,0.2519943,-0.44822347089861164,0.0,0.0,-0.13384654741570962,1.4250740376340756,0.0,-0.18549031194255483,-0.0018511237377424,-0.017725790392051955,-0.43143636459908946,-0.03787303848815488,-0.5,120,-0.026776661761190413,0.592041311,0.0,-0.009247997877537273,-34.07734355926514,0.9990551471710205,0.22839367687702178,0.2,-0.2515189051628113,0.2931884765625,12959,0.000269760684,0.032237355,-0.01798967693466693,1.0021400451660156
-0.0018162624979907063,0.22157357593467758,-0.20422216682918198,-0.08106303052465941,-89.76273249000003,60515496,62.810665,0.0,77.55075157713715,-0.00674913194444451,0.0011664493035318123,0.06652598808644333,-0.11006938601877393,-2.9615490817593167e-08,0.0,0.0,8.884461650648932,28,242.68,-0.14411030023360202,0.01,-0.011284636301975235,-0.19330786188901783,0.0,-0.006236017285413886,4061,0.2520711,-0.44815590464189925,0.0,0.0,-0.13160617237055985,1.4096107006708634,0.0,-0.18304126767200068,-0.0015400531780454623,-0.016999869562066536,-0.42365279179730764,-0.038047908506044795,-0.5,127,-0.026662205338714197,0.592023647,0.0,-0.009923723395331763,-34.07557754516601,0.9960150718688965,0.7288804665207863,0.2,-0.10659927129745483,0.304931640625,12963,0.000269751468,0.02103219,-0.003882998035987839,1.0018258094787598
-0.0018497664334324662,0.23035336420100472,-0.21113357236948263,-0.08363272205268615,-89.69803646999999,60533928,62.822185,0.0,80.62367747035165,-0.007248263888888941,0.0019699429718053173,0.06490077723768911,-0.11017783252486742,-3.1352966094954245e-08,0.0,0.0,9.868195252656063,29,239.57,-0.14704571097637142,0.01,-0.011653295044262772,-0.20133501227228448,0.0,-0.005030760845612848,4065,0.2521479,-0.46014636571048256,0.0,0.0,-0.13767383982465406,1.416385339890436,0.0,-0.1903531032281407,-0.0015275285178533785,-0.01785614250801408,-0.43931352528426404,-0.03784023596076584,-0.5,131,-0.027203921260982686,0.5920059830000001,0.0,-0.008843133132258017,-34.07727165222168,0.9988820552825928,0.2733015514910221,0.2,-0.2640048861503601,0.27161865234375,12967,0.000269742252,0.029361319,-0.016693616413976996,1.0020393133163452
-0.0018514866945610426,0.22431713860838146,-0.20161856023518393,-0.08001187181304882,-89.92159680000003,60552360,62.833705,0.0,78.51099851293351,-0.006803385416666732,0.001311848496293856,0.06321879808371043,-0.110128363215173,-3.082311975925712e-08,0.0,0.0,9.072908519063288,30,242.83,-0.1531178773321994,0.01,-0.011468765494404952,-0.1851726617252468,0.0,-0.005369101268309194,4069,0.2522247,-0.4446495924380678,0.0,0.0,-0.1340347029162485,1.3959479505086718,0.0,-0.18898133404882864,-0.0010205921899117212,-0.017028091333065702,-0.4368751102765201,-0.03804792818856391,-0.5,135,-0.025744164321203744,0.591988319,0.0,-0.010467205893494085,-34.07401351928711,0.9872392416000366,2.3571326285600662,0.2,0.0355679988861084,0.33045654296875,12971,0.000269733036,0.034778826,-0.001680794032290578,1.0015575885772705
-0.0018208276502086008,0.23450924925526437,-0.2003591618646918,-0.07953354182788415,-90.21921008000001,60570792,62.845225,0.0,82.07823723934253,-0.006749131944444511,0.0013167313106047611,0.06439743439099749,-0.11030298315642338,-3.081178593225585e-08,0.0,0.0,10.15962289762689,31,243.66,-0.14552381707256332,0.01,-0.011266806475553533,-0.18869725910776142,0.0,-0.005649244618292412,4072,0.2523015,-0.4421411658405827,0.0,0.0,-0.1321388290409147,1.398759269354612,0.0,-0.18704793826573232,-0.0013748140585280299,-0.01636307339528095,-0.43232019946688527,-0.037378031343200294,-0.5,140,-0.025532730520098513,0.591970655,0.0,-0.009957902935437031,-34.06687717437744,0.9899736046791077,2.2811466455459595,0.2,1.719633936882019,0.1299560546875,12975,0.00026972381999999995,0.013821256,-0.009981731441803277,1.001055359840393
-0.0018460604003227462,0.2274804104520605,-0.20522505912366867,-0.0806449620925611,-89.83623406000001,60589224,62.856745,0.0,79.61814365822117,-0.0065972222222222855,0.0010791012642180754,0.06342492291430708,-0.11032053468389608,-3.026906363822835e-08,0.0,0.0,9.483819766675888,32,242.75,-0.14756982395661267,0.01,-0.01143905565919415,-0.19138555320378764,0.0,-0.006411511100281316,4075,0.2523783,-0.4558705747733731,0.0,0.0,-0.13397646098725213,1.4038119469037291,0.0,-0.18813279773620045,-0.0017872499108642107,-0.0171644391508306,-0.4337407404466477,-0.03768138369080044,-0.5,144,-0.026062659425977096,0.591952991,0.0,-0.010116187014823986,-34.06728992462158,0.9975636005401611,0.491902257502079,0.2,-0.2068469226360321,0.17615966796875,12979,0.00026971460399999997,0.024372721,-0.012744401372037828,1.001360297203064
-0.0018667742091690888,0.23173696710802988,-0.2039092991824247,-0.08297756706797063,-90.36616751,60607656,62.868265,0.0,81.10793848781046,-0.006901041666666733,0.0014659283592158721,0.0654346582801256,-0.11043253269552404,-3.066545483944795e-08,0.0,0.0,9.876931863510153,33,241.12,-0.1437537424512248,0.01,-0.011616013454900499,-0.1937678011044576,0.0,-0.005545673297318367,4079,0.2524551,-0.4566266235313323,0.0,0.0,-0.13545430158151964,1.3983975745685762,0.0,-0.19095862338965292,-0.0015924021527266895,-0.01894569819536274,-0.436936314947069,-0.03780942720319184,-0.5,149,-0.025422928016187687,0.5919353270000001,0.0,-0.008713604837086879,-34.073676872253415,0.9923446774482727,1.823092696070671,0.2,0.6170079708099365,0.2775146484375,12983,0.000269705388,0.026374707,-0.004347916715778411,1.001534342765808
-0.0018122763729512452,0.2306147539578567,-0.21001306231929856,-0.08233077409688479,-89.5772482,60626088,62.879785,0.0,80.71516388524984,-0.006575520833333396,0.0017675775969918403,0.06454541100417542,-0.11026785941060319,-2.936986973320483e-08,0.0,0.0,9.718448168420823,34,241.64,-0.13873035299514205,0.01,-0.011270230353085147,-0.19313688364781448,0.0,-0.005435185002235698,4082,0.2525319,-0.43904632353443,0.0,0.0,-0.13174032503173064,1.4334541617383432,0.0,-0.18551352242112326,-0.0013384138077665196,-0.016977857158426243,-0.41896690006491666,-0.03715177663718809,-0.5,153,-0.026947534051228246,0.591917663,0.0,-0.00923782515261943,-34.06450977325439,0.989052951335907,2.3726348280906677,0.2,0.44050902128219604,0.13515625,12987,0.000269696172,0.014566784,-0.01027176072821021,1.0009244680404663
-0.001887679184511783,0.22323870888740366,-0.2061923885464753,-0.0829255623292561,-89.52941381999999,60644520,62.891305,0.0,78.13354811059128,-0.00689019097222229,0.0011631941565105484,0.06636248445723142,-0.1104286475359611,-3.1175212215244546e-08,0.0,0.0,9.179097484383677,35,239.86,-0.13782041948372578,0.01,-0.0117123870340008,-0.20012829648203245,0.0,-0.004937392183324067,4084,0.2526087,-0.46408240588338656,0.0,0.0,-0.13628757108628783,1.3947754630819675,0.0,-0.1933860520362149,-0.0018780173191702753,-0.01864011467028217,-0.4342965543443669,-0.03800294766023505,-0.5,157,-0.025948134557619535,0.591899999,0.0,-0.008192772430548858,-34.065659523010254,0.9944407343864441,0.9835645914077759,0.2,-0.03908124566078186,0.10323486328125,12991,0.000269686956,0.013393161,-0.011129208852071314,1.0010547637939453
-0.0018745161725306858,0.22812613933228248,-0.2055983841120611,-0.08146795795901292,-89.79836395000001,60662952,62.902825,0.0,79.84414876629887,-0.006976996527777844,0.0010297304381512934,0.06775951677757705,-0.11037251673499993,-3.1356794437143614e-08,0.0,0.0,9.68055661789293,36,239.21,-0.14131582401215004,0.01,-0.011583600279279698,-0.20156626728154514,0.0,-0.004974768124096012,4086,0.2526855,-0.4564625705925142,0.0,0.0,-0.13437717766124668,1.4245033976269545,0.0,-0.19063616290798993,-0.0015758108955584542,-0.018536202190101783,-0.4279790880320476,-0.038039485968048486,-0.5,162,-0.026665388714948817,0.591882335,0.0,-0.008131329730127214,-34.077880668640134,0.9947452545166016,1.2650226756930352,0.2,-0.12970228493213654,0.242138671875,12995,0.00026967774,0.025353331,-0.007970487338025124,1.00238835811615
-0.001852091517084835,0.22646741065290052,-0.20830852661579113,-0.08232072248569937,-88.87469464,60681384,62.914345,0.0,79.26359372851518,-0.006857638888888955,0.0016433373287630577,0.0662634506724959,-0.11029603458258176,-3.127013015254115e-08,0.0,0.0,9.417029046778524,37,240.15,-0.13684898757449515,0.01,-0.011468314416994939,-0.19862840480885813,0.0,-0.004976919511949936,4088,0.2527623,-0.4532568284526206,0.0,0.0,-0.13366139500840116,1.4193408254473794,0.0,-0.18914392195690888,-0.0014107262757952607,-0.017916671555266425,-0.42150605228461824,-0.037373460800777046,-0.5,166,-0.02651470472587472,0.5918646710000001,0.0,-0.008199146111211222,-34.08705177307129,0.9951180219650269,1.3006667762994766,0.2,0.3381470739841461,0.2969482421875,12999,0.000269668524,0.037786447,-0.003903409489430487,1.0028018951416016
-0.0018744986640800128,0.23146816797073524,-0.207857071333996,-0.08044044271388485,-88.66805837000001,60699816,62.925864999999995,0.0,81.01385878975734,-0.006456163194444505,0.0010281031071725818,0.06751779804217922,-0.1103692188827735,-3.145790792735413e-08,0.0,0.0,9.825031049595129,38,241.29,-0.13961961650943966,0.01,-0.011674440246418536,-0.1999866563265929,0.0,-0.0050797453264480085,4090,0.2528391,-0.4551395599016181,0.0,0.0,-0.13573486901889256,1.4098737226335247,0.0,-0.19273966823448455,-0.0021270559207416328,-0.01882978713185582,-0.4311642115430323,-0.03783169638010034,-0.5,171,-0.026243672165301903,0.591847007,0.0,-0.008318367795760019,-34.07913951873779,0.9989979267120361,0.2499067574739456,0.2,-0.2560328543186188,0.2734130859375,13003,0.00026965930799999996,0.02673088,-0.012922921893186867,1.002119541168213
-0.0018584767219865,0.2305758176346079,-0.20890729492684504,-0.0839563020331169,-89.16159223999998,60718248,62.937385000000006,0.0,80.70153617211277,-0.0067382812500000645,0.0018820525017670458,0.06729548931399146,-0.11030921047056572,-3.111506560694721e-08,0.0,0.0,9.76719176569844,39,240.5,-0.14060723801615232,0.01,-0.011578827953206859,-0.19711082560759718,0.0,-0.005241137506594071,4091,0.2529159,-0.45279264377798406,0.0,0.0,-0.13393526187283902,1.426045415430169,0.0,-0.19216329609995314,-0.0015333481553175445,-0.018122000552253752,-0.4220737683437796,-0.037330583715556295,-0.5,175,-0.026378636824047567,0.591829343,0.0,-0.008471091750026163,-34.07877368927002,0.9988439083099365,0.29100302457809446,0.2,-0.251491904258728,0.280615234375,13007,0.000269650092,0.030186927,-0.01375242437934503,1.0022680759429932
-0.0018443008351832048,0.2331890357358594,-0.2085885136454248,-0.08024888026117108,-88.92271868,60736680,62.948905,0.0,81.61616250755078,-0.006781684027777843,0.0015706373799023116,0.06716979428759746,-0.11049077992883855,-3.09510939663155e-08,0.0,0.0,10.013834915283548,40,243.23,-0.1446137223806466,0.01,-0.011549541662096792,-0.1962581326662051,0.0,-0.003815498567881425,4095,0.2529927,-0.45513410782748065,0.0,0.0,-0.13462197722335045,1.4167412564444026,0.0,-0.1886362068420436,-0.0009894313062656984,-0.01685845648492589,-0.4326768052041014,-0.03809618126343492,-0.5,180,-0.026258863718227422,0.591811679,0.0,-0.009642961975057714,-34.0655779838562,0.9964580535888672,1.0074195563793182,0.2,0.1017400324344635,0.306640625,13009,0.000269640876,0.04217455,0.0036011573974974453,1.0009698867797852
-0.0018158926916128487,0.22627436195633296,-0.2093498887998899,-0.07951345234258567,-89.12757131000001,60755112,62.960425,0.0,79.19602668471654,-0.006792534722222287,0.0022162538371048868,0.06742821394353858,-0.11019146360854012,-3.06337145900674e-08,0.0,0.0,9.345269612604824,41,244.75,-0.14677960116522004,0.01,-0.011375805141502136,-0.19192839294876474,0.0,-0.005837428986560968,4097,0.2530695,-0.4440821828279935,0.0,0.0,-0.1327426267505164,1.4058139238603535,0.0,-0.1828347004672385,-0.0010796949264385697,-0.01590933445226186,-0.4235032298126573,-0.03730614747998498,-0.5,184,-0.026400524813718275,0.5917940150000001,0.0,-0.010026126222025292,-34.08768005371094,0.9985640048980713,0.29884511306881906,0.2,-0.25825363397598267,0.29664306640625,13013,0.00026963166,0.027595555,-0.009724609996192157,1.002993106842041
-0.0018437138314309582,0.22867975328679085,-0.19900537143290853,-0.07788966942495064,-89.44057878000001,60773544,62.971945,0.0,80.0379136503768,-0.006694878472222285,0.001627061195904389,0.06732079306352505,-0.11038796689461985,-3.030162949269358e-08,0.0,0.0,9.649250843307692,42,245.05,-0.14480061292951285,0.01,-0.011438288177726939,-0.18935282996204345,0.0,-0.005468493991421809,4099,0.2531463,-0.45044805419777045,0.0,0.0,-0.13328296112132293,1.3972666359407226,0.0,-0.18653928056938943,-0.0016015979759112613,-0.017017073297613663,-0.4220226450604555,-0.03715436460621804,-0.5,188,-0.025297741595201876,0.591776351,0.0,-0.010424889045275955,-34.082204055786136,0.999346137046814,0.15742409303784372,0.2,-0.29170337319374084,0.27130126953125,13017,0.000269622444,0.02898911,-0.016683402087073772,1.0023252964019775
-0.0018514076847743666,0.24047493980917428,-0.21202890756206147,-0.07919719830379411,-89.86103137000002,60791976,62.983464999999995,0.0,84.166228933211,-0.007042100694444507,0.0019970696691113212,0.06434060381698375,-0.11000498855460955,-3.132433284299357e-08,0.0,0.0,10.718858761878387,43,242.86,-0.15793356108062373,0.01,-0.011672342217812881,-0.19297346201858345,0.0,-0.005267027156455472,4101,0.2532231,-0.4485260890857141,0.0,0.0,-0.13734881290157314,1.4207954798394207,0.0,-0.18786182021921594,-0.0012483873745861617,-0.015914980460067105,-0.4504202259257203,-0.038466304422103845,-0.5,193,-0.026780949524486612,0.591758687,0.0,-0.011119194254408486,-34.083313369750975,0.999248206615448,0.19022309854626657,0.2,-0.29221493005752563,0.3166259765625,13021,0.000269613228,0.032758527,-0.013032483903225511,1.0026661157608032
-0.001833704621689965,0.23156046752077805,-0.21142045521397726,-0.08223135446932232,-89.83581059,60810408,62.994985,0.0,81.04616363227233,-0.006955295138888956,0.0017268873020333962,0.06662315186217763,-0.1098717969552743,-3.0055928574502656e-08,0.0,0.0,9.85500205583729,44,243.03,-0.15071507836029688,0.01,-0.011455740772689365,-0.19239532569650075,0.0,-0.005238076599254956,4104,0.2532999,-0.4465551485480769,0.0,0.0,-0.1341643339105551,1.419266909678132,0.0,-0.18807682168816164,-0.0010144009594588,-0.015589607142301074,-0.429586979142025,-0.03762752173638693,-0.5,197,-0.02659942817185384,0.591741023,0.0,-0.010218997384072281,-34.072631563459126,0.9930456280708313,1.86868696979114,0.2,0.6754798889160156,0.29579380580357145,13024,0.000269604012,0.041088037,-0.0017750157775091274,1.0015202760696411
-0.0018579915107376375,0.22721929893713852,-0.2072789944940505,-0.0813827460481675,-89.95591659,60828840,63.006505000000004,0.0,79.52675462799849,-0.007107204861111168,0.0013926859602280376,0.0659244906833967,-0.11010557886712699,-3.078321071303477e-08,0.0,0.0,9.43442161717052,45,242.66,-0.15301412546154325,0.01,-0.01169487327346242,-0.19503244328761832,0.0,-0.004755401566226877,4106,0.2533767,-0.4609203850466992,0.0,0.0,-0.1373542594312299,1.402860923144021,0.0,-0.18993136680318623,-0.001144298367777572,-0.01619670697241224,-0.4442832642891323,-0.03811751265447966,-0.5,201,-0.0262931642036796,0.5917233590000001,0.0,-0.009877472242806107,-34.071526527404785,0.9972795248031616,0.41696820706129073,0.2,-0.2376873642206192,0.15386962890625,13028,0.00026959479599999997,0.02121673,-0.012355043727438897,1.0017280578613281
-0.001865282915189374,0.22776827439715988,-0.2116300951883356,-0.08331481036969572,-89.65898626999997,60847272,63.018025,0.0,79.71889603900595,-0.006966145833333399,0.00138617532987458,0.06572845690068568,-0.11001567565497733,-3.129757987065532e-08,0.0,0.0,9.501950819785876,46,245.36,-0.14813113326368973,0.01,-0.011624802820063526,-0.1948994719428786,0.0,-0.00501703365362112,4107,0.2534535,-0.44447029303304725,0.0,0.0,-0.13400432483032165,1.433877509580981,0.0,-0.19438273664145245,-0.001209681682033543,-0.016191527687380552,-0.43522723230091326,-0.037882452798509325,-0.5,206,-0.026867707025333712,0.591705695,0.0,-0.010140465153704604,-34.07551822662354,0.9931066036224365,1.4614352196455003,0.2,0.16373345255851746,0.24012451171875,13032,0.00026958558,0.028004264,-0.0037121778004802763,1.001685619354248
-0.0018250800722284684,0.22851498448661386,-0.2045400105953721,-0.08094868728757171,-90.40799876999999,60865704,63.029545,0.0,79.98024457031485,-0.006825086805555621,0.0014051643568867196,0.06437137264779628,-0.10999252793936992,-3.087066225541363e-08,0.0,0.0,9.60810330768389,47,244.61,-0.15075182717600924,0.01,-0.0114452459993574,-0.19414677824946805,0.0,-0.006600492003770006,4109,0.2535303,-0.44546638392479593,0.0,0.0,-0.1333816968484527,1.4092139745626395,0.0,-0.18730669068244904,-0.001098960361497582,-0.016076250454841793,-0.42826968921158,-0.03800631567173471,-0.5,210,-0.02632360881601535,0.591688031,0.0,-0.01013368376556577,-34.07364616394043,0.9982660412788391,0.34546014964580535,0.2,-0.2358577847480774,0.19276123046875,13036,0.000269576364,0.023094654,-0.015169588662683964,1.0019121170043945
-0.001795232367338361,0.23996614910177327,-0.20484497928386486,-0.08075730521301452,-90.99237394999999,60884136,63.041064999999996,0.0,83.98815218562065,-0.006564670138888952,0.0011452903628297565,0.06314593333634347,-0.10998656462605294,-3.101551412305241e-08,0.0,0.0,10.589013633589346,48,247.32,-0.14938599214658896,0.01,-0.011261803972319153,-0.19245464225964964,0.0,-0.007703600682711799,4111,0.2536071,-0.44022792594100185,0.0,0.0,-0.13091912159620767,1.404409550049552,0.0,-0.18410795370929983,-0.0010749900589523162,-0.01546900811032991,-0.4239448953642397,-0.037685910288535414,-0.5,215,-0.02650882856957949,0.591670367,0.0,-0.011513752717291936,-34.06558036804199,0.9926081299781799,1.9294068276882173,0.2,0.08976182341575623,0.2172607421875,13038,0.000269567148,0.03427317,0.000506871659308672,1.0009682178497314
-0.0017963704934647264,0.22942225902882707,-0.20141344562168723,-0.08143047930584017,-90.38638452,60902568,63.052585,0.0,80.29779066008948,-0.006781684027777842,0.0010660802298742863,0.0653418281679685,-0.10997814262764716,-3.072952034769763e-08,0.0,0.0,9.652297303752473,49,248.49,-0.15167931944092192,0.01,-0.011368693231133556,-0.18958185442585096,0.0,-0.0071567406155027165,4114,0.2536839,-0.44340827742954897,0.0,0.0,-0.13287748407028524,1.401811708257791,0.0,-0.1872555993943784,-0.0007123172568630631,-0.014817774394988572,-0.42613615723464277,-0.03778740952795001,-0.5,219,-0.025636891318989795,0.5916527030000001,0.0,-0.011612900437386189,-34.07610530853272,0.9970282316207886,0.6073140725493431,0.2,-0.14364086091518402,0.19739990234375,13042,0.000269557932,0.024607858,-0.01622094236081466,1.0020911693572998
-0.0018292969773311735,0.23073166471009687,-0.21022582807252677,-0.08246422507379818,-90.52357376000002,60921000,63.064105,0.0,80.7560826485339,-0.006608072916666728,0.000777994612387071,0.06424304112780171,-0.11020585735242854,-3.132179763320783e-08,0.0,0.0,9.87424315365715,50,245.06,-0.14781654339752862,0.01,-0.011481388502675847,-0.19920743949495517,0.0,-0.006262069305302682,4116,0.2537607,-0.4521797098143886,0.0,0.0,-0.13428055959296292,1.4203240779227313,0.0,-0.18708341707916806,-0.0010514122345348883,-0.015512392554144796,-0.4342637339469158,-0.03762423419367886,-0.5,223,-0.026940043084878896,0.591635039,0.0,-0.010332115426232727,-34.07153453826904,0.9982314705848694,0.3761862352490425,0.2,-0.2129906415939331,0.22783203125,13046,0.000269548716,0.024988685,-0.01743071685777977,1.0013844966888428
-0.001853369957549454,0.23818611162819506,-0.21548922738627257,-0.08394612991287265,-90.34122632,60939432,63.075625,0.0,83.36513906986826,-0.0065321180555556165,0.0005289711860112018,0.06312070992660077,-0.11018801732696909,-3.0974379814783784e-08,0.0,0.0,10.708898317093336,51,243.54,-0.1457264194713105,0.01,-0.01155371624788506,-0.19896183199913808,0.0,-0.007037300292424977,4118,0.2538375,-0.4542855569290972,0.0,0.0,-0.1341798383799961,1.4163425285256552,0.0,-0.19030561763934378,-0.0008946944004481874,-0.0158251783748771,-0.4346383355779244,-0.037491508906672716,-0.5,228,-0.027272580932741673,0.591617375,0.0,-0.01003304389046712,-34.06689262390137,0.9961864352226257,0.7047589004039765,0.2,-0.149544820189476,0.23778076171875,13050,0.00026953949999999996,0.024751833,-0.008493769133929163,1.001678466796875
-0.001835462701069285,0.22725711767182316,-0.20695547127781147,-0.08110824533046251,-89.84671702999998,60957864,63.087145,0.0,79.5399911851381,-0.006597222222222285,0.0004519310766934521,0.06726795582249538,-0.11043844296335269,-3.170294636586917e-08,0.0,0.0,9.481127065114649,52,241.72,-0.14893300586948371,0.01,-0.011616468994615653,-0.19759086068146353,0.0,-0.0057325417706869004,4119,0.2539143,-0.45570823566802116,0.0,0.0,-0.13652543515319704,1.4021251853318903,0.0,-0.188161473558201,-0.000846818896778661,-0.01595515824847179,-0.4405464575750121,-0.03736226221993545,-0.5,232,-0.026201116338596588,0.591599711,0.0,-0.009456467164757973,-34.07680377960205,0.9963281154632568,0.5986627668142319,0.2,-0.11046332120895386,0.1934814453125,13054,0.000269530284,0.017703772,-0.009349214355461299,1.0020740032196045
-0.0018030819850234116,0.2307221547233997,-0.20647385585009087,-0.0836690348782895,-90.28190175999998,60976296,63.098665000000004,0.0,80.7527541531899,-0.00644531250000006,0.0005712886340916157,0.06720270753399717,-0.1105400666354949,-3.032575754360088e-08,0.0,0.0,9.708552748146339,53,243.14,-0.14167206239163954,0.01,-0.01131110645608537,-0.19671677469864635,0.0,-0.006244089046780364,4120,0.2539911,-0.45137885671193545,0.0,0.0,-0.13195099503338392,1.407697373700325,0.0,-0.18363030883344333,-0.000983805698502398,-0.015309224176766941,-0.4227578679780212,-0.03712897531762185,-0.5,237,-0.02623475096329541,0.591582047,0.0,-0.009604849975504395,-34.07790946960449,0.9907143712043762,2.265243428945541,0.2,0.45508313179016113,0.23048095703125,13058,0.000269521068,0.023360256,-0.00810584617429413,1.0018823146820068
-0.0018133637561464988,0.22571006443892846,-0.2114439573471127,-0.08033152952500137,-89.36697879000002,60994728,63.110185,0.0,78.99852255362497,-0.006467013888888948,0.0006635196494042046,0.06639899733813119,-0.11040725064075946,-3.089771283337312e-08,0.0,0.0,9.277390137136106,54,245.71,-0.14304459230046723,0.01,-0.011416032984122054,-0.19694349524982588,0.0,-0.006723533123988736,4121,0.2540679,-0.4476836388261163,0.0,0.0,-0.13458938407753795,1.4289524038465449,0.0,-0.18387574397035042,-0.0007518542158657764,-0.015380043427668232,-0.41998232109610073,-0.036761572592059116,-0.5,241,-0.0273991025594706,0.591564383,0.0,-0.010090416150180519,-34.07373809814453,0.9943381547927856,1.0903526425361634,0.2,-0.09393227100372314,0.17125244140625,13062,0.000269511852,0.02144955,-0.011134841374587267,1.0017503499984741
-0.0018252738280698213,0.2331481778514501,-0.20981784520865507,-0.081650913332331,-89.19335806000001,61013160,63.121705,0.0,81.60186224800754,-0.006488715277777838,0.0006190317896349976,0.06617099062385054,-0.11035766582151688,-3.1047147541911725e-08,0.0,0.0,9.967116977393204,55,243.98,-0.14434899975498747,0.01,-0.01136925286794277,-0.19822881630459308,0.0,-0.005320375740466397,4092,0.2541447,-0.44856086018804586,0.0,0.0,-0.13266647508715812,1.4178950070131813,0.0,-0.18702372183616361,-0.0006807817665943492,-0.014556678861312795,-0.43552766846288027,-0.03714783829157823,-0.5,247,-0.027072295378380445,0.591546719,0.0,-0.00972827496783187,-34.08231067657471,0.9991390705108643,0.18790487870573996,0.2,-0.30243754386901855,0.23387451171875,13066,0.000269502636,0.027201604,-0.01861786600202322,1.0025120973587036
-0.001838787754780907,0.22407758601336566,-0.2095048077776882,-0.08191930182748158,-89.45687007000001,61031592,63.133224999999996,0.0,78.42715510467798,-0.006521267361111172,0.0006629773286274738,0.06385621559525707,-0.11037471779776321,-3.217739420650546e-08,0.0,0.0,9.274144948115408,56,245.6,-0.14462107163610297,0.01,-0.011433819353986747,-0.1954017133954525,0.0,-0.005794361273425309,4094,0.2542215,-0.45713321221906117,0.0,0.0,-0.13391101939971642,1.4155625924300241,0.0,-0.18732362535420383,-0.0008785282800228043,-0.014608822596250758,-0.43235300235650415,-0.03683553475804191,-0.5,252,-0.026836989798151537,0.591529055,0.0,-0.010271894087458754,-34.08505058288574,0.9974365830421448,0.6784137681126594,0.2,-0.010798007249832153,0.33065185546875,13070,0.00026949342,0.035758793,-0.006020007468760013,1.002753496170044
-0.001802993149513113,0.22330133450773965,-0.21602144146869945,-0.08147799844945999,-88.61317451999999,61050024,63.14474499999999,0.0,78.15546707770888,-0.006586371527777839,0.0008165143727738825,0.07058594725986397,-0.11030242332738714,-3.008127873141168e-08,0.0,0.0,9.091425846643185,57,243.49,-0.1447695232669267,0.01,-0.011304072854275688,-0.19604435727430386,0.0,-0.005030740541747561,4095,0.2542983,-0.44385751906743537,0.0,0.0,-0.13422191700811578,1.440574027738583,0.0,-0.18212380894346716,-0.0008164038146598178,-0.014284323022042796,-0.4311012609865865,-0.03711639764448054,-0.5,256,-0.02740334392676276,0.591511391,0.0,-0.009929149154534874,-34.086378479003905,0.9991603493690491,0.21844741180539132,0.2,-0.29509368538856506,0.31328125,13074,0.000269484204,0.033425994,-0.012907634931616485,1.0026726722717285
-0.0018318939496447988,0.23319623887230714,-0.21344396272427713,-0.08048126042535288,-89.66410829000002,61068456,63.156265000000005,0.0,81.6186836053075,-0.006662326388888952,0.0005284286485726221,0.06352270687134755,-0.110220162671878,-3.086931374824911e-08,0.0,0.0,10.051180823804675,58,243.21,-0.15143486122461405,0.01,-0.011544062110376292,-0.19664145069984,0.0,-0.007119409233638378,4097,0.2543751,-0.45259567852039406,0.0,0.0,-0.1363193645149706,1.4148165147208231,0.0,-0.18895302157704044,-0.0011075902041073945,-0.014345418507937021,-0.4333869938902312,-0.03743205675789865,-0.5,260,-0.026879227450046134,0.591493727,0.0,-0.010221032116937244,-34.07632331848144,0.9994503259658813,0.14613325297832488,0.2,-0.31011486053466797,0.2822021484375,13078,0.00026947498799999997,0.03229518,-0.017771331453695895,1.0019254684448242
-0.0018587751865510836,0.23028972334754075,-0.22211859090767563,-0.08455036826361727,-88.88469251999999,61086888,63.167785,0.0,80.60140317163926,-0.006575520833333396,0.0006868487236917847,0.06777204448496887,-0.11042629108619235,-3.210913443764271e-08,0.0,0.0,9.815527632557307,59,242.23,-0.1441508318908845,0.01,-0.011655178892098425,-0.19997481057758137,0.0,-0.003328192108458745,4098,0.2544519,-0.4506268640913426,0.0,0.0,-0.13688763753060684,1.4473565572314437,0.0,-0.19138340889888006,-0.0007097510420865013,-0.015153211912718722,-0.4390051086246849,-0.03706423142836741,-0.5,265,-0.027603040101452578,0.591476063,0.0,-0.008526429404608078,-34.06552314758301,0.993242621421814,1.1353355556726457,0.2,-0.09736129641532898,0.3083740234375,13082,0.000269465772,0.031542983,-0.0025577596738003195,1.0012201070785522
-0.0018175943739815131,0.2331252164242451,-0.21270425384126257,-0.08178992927724527,-89.07439385000002,61105320,63.179305,0.0,81.59382574848578,-0.006401909722222282,0.000817599602871471,0.06821168396869384,-0.11055751166383314,-3.110826221513206e-08,0.0,0.0,10.011419582795673,60,243.31,-0.14634313925411957,0.01,-0.01150104383469055,-0.1976406030066242,0.0,-0.006133164935440068,4099,0.2545287,-0.44513972558082493,0.0,0.0,-0.13457679627893096,1.4315895577722317,0.0,-0.18401964552380826,-0.0005822255170647881,-0.014115544544586241,-0.4288239446843199,-0.03671478689949455,-0.5,269,-0.026666223774145834,0.591458399,0.0,-0.009971059596864507,-34.07008171081543,0.9979186058044434,0.37786258161067965,0.2,-0.24362818896770477,0.22093505859375,13086,0.000269456556,0.02817806,-0.012586998718325049,1.0016732215881348
-0.0017956184682890646,0.2339997099072093,-0.2079685816012347,-0.07832430372105503,-89.7292076,61123752,63.190825,0.0,81.89989846752326,-0.006694878472222286,0.0009510630495949752,0.06795900242748873,-0.11027756353079483,-3.136367006470093e-08,0.0,0.0,9.964745947930258,61,245.01,-0.14842960384715162,0.01,-0.011383898389309349,-0.18952692671476973,0.0,-0.006622975173304534,4100,0.2546055,-0.44496641950361276,0.0,0.0,-0.1344508826815567,1.3977595127425004,0.0,-0.18189232074778144,-0.0005785774096903052,-0.013753262844153645,-0.42598330583183175,-0.037592133698169175,-0.5,274,-0.025907573057733044,0.591440735,0.0,-0.010134498053553721,-34.075283432006835,0.9988768696784973,0.26865521222352984,0.2,-0.2880985140800476,0.24713134765625,13090,0.00026944734,0.023343638,-0.014412192988675087,1.001865029335022
-0.001824339336759095,0.23138730649876518,-0.21133594063504518,-0.08082531852688812,-89.66365854999998,61142184,63.202344999999994,0.0,80.98555727456781,-0.007031250000000064,0.0014436845085583627,0.06862113761665041,-0.11037197549632088,-3.2293335723856855e-08,0.0,0.0,9.853688233257632,62,244.31,-0.15288868010413842,0.01,-0.011621872543298085,-0.19275267414480438,0.0,-0.006885879863444221,4101,0.2546823,-0.45210758696508296,0.0,0.0,-0.13746968461154682,1.4076206313421875,0.0,-0.1859281912643371,-0.0007158905488484712,-0.013794255586689874,-0.43495978814798675,-0.03731172345585468,-0.5,278,-0.02630715301470448,0.591423071,0.0,-0.010031145295619758,-34.082382392883304,0.998977541923523,0.26360083669424056,0.2,-0.2557823359966278,0.29541015625,13094,0.000269438124,0.03255527,-0.013235068786889315,1.0026254653930664
-0.001847557618799651,0.2341876697718476,-0.21630228560045406,-0.08176964964780012,-89.11736945999999,61160616,63.213865000000006,0.0,81.96568442014666,-0.006716579861111175,0.0010498043136774665,0.07040900267375065,-0.11060687209959977,-3.1419249506286497e-08,0.0,0.0,10.005184567529547,63,242.69,-0.1465071677871412,0.01,-0.011635123327687229,-0.19834508229243808,0.0,-0.004842129620622189,4102,0.2547591,-0.45599732800790604,0.0,0.0,-0.13593161245246788,1.4356532027270434,0.0,-0.1874031957147799,-0.0007944051344397371,-0.01509649733007331,-0.4319900402214451,-0.037150443934923665,-0.5,283,-0.026925609725147927,0.591405407,0.0,-0.009699250519689586,-34.08724594116211,0.992895245552063,1.912441924214363,0.2,0.4155392646789551,0.2689697265625,13098,0.000269428908,0.03520677,-0.005381814192514866,1.0027422904968262
-0.001836575753504867,0.23274782955346773,-0.2182253422164342,-0.08255735859234221,-88.65708626000001,61179048,63.225385,0.0,81.4617403437137,-0.00648871527777784,0.0012440319535219008,0.06981327847388118,-0.11029705435867586,-3.1415139975129814e-08,0.0,0.0,9.92181595171259,64,243.43,-0.1460118456565554,0.01,-0.011615525011369877,-0.19864045776665706,0.0,-0.005185665395269025,4103,0.2548359,-0.45355292467512864,0.0,0.0,-0.1365638623664777,1.434587592348334,0.0,-0.18551197543241715,-0.0007998133292670298,-0.014653162141247135,-0.42916808836693326,-0.03720590681300504,-0.5,287,-0.027120459096703218,0.591387743,0.0,-0.009995608993146258,-34.081095123291014,0.9986332654953003,0.2952761359512806,0.2,-0.25150248408317566,0.210302734375,13102,0.00026941969199999996,0.026514187,-0.016339840879663826,1.0025722980499268
-0.0018615634906816755,0.22953083422084936,-0.21815406395473133,-0.08144324236898469,-89.05495848999999,61197480,63.236905,0.0,80.33579197729728,-0.006781684027777843,0.001303710703117152,0.06969616797361029,-0.11039461289794171,-3.227320833577437e-08,0.0,0.0,9.760471422304004,65,241.65,-0.15577102091755626,0.01,-0.01171964907386068,-0.19846961250494854,0.0,-0.005330504121780069,4105,0.2549127,-0.4616777038868092,0.0,0.0,-0.1396339854386051,1.418354203968235,0.0,-0.18901396718726388,-0.0009323307516182554,-0.014136071304610599,-0.44695754258041887,-0.036896203284186586,-0.5,291,-0.02696060716626428,0.591370079,0.0,-0.00984410687265659,-34.082900810241696,0.9991232752799988,0.20141846910119057,0.2,-0.2954760193824768,0.27835693359375,13106,0.000269410476,0.03279712,-0.014107095514191315,1.002470850944519
-0.001869476861554182,0.23549224803113375,-0.21884863363194676,-0.08294421755333956,-88.97351083,61215912,63.248425,0.0,82.42228681089681,-0.006640625000000062,0.0008360457076277169,0.07039082991484533,-0.11058275635435194,-3.137685754493257e-08,0.0,0.0,10.370008477373686,66,240.76,-0.14386411616705375,0.01,-0.011766486173497627,-0.19932139884738148,0.0,-0.003037272858403362,4106,0.2549895,-0.4565664372169411,0.0,0.0,-0.13668739984840983,1.442232752641422,0.0,-0.19199309210216559,-0.000998181561719018,-0.014605727161520803,-0.43943707452071773,-0.03745818067197902,-0.5,296,-0.027082864606384136,0.591352415,0.0,-0.008733812920076566,-34.0651180267334,0.9908156394958496,2.6784356355667116,0.2,1.4817895889282227,0.274560546875,13108,0.00026940126,0.03947296,0.0009530106792226434,1.0010091066360474
-0.0018945466730433862,0.22987768420714158,-0.22127227118740675,-0.08376936684566863,-90.62182574,61234344,63.259945,0.0,80.45718947249955,-0.006835937500000066,0.000877820996619347,0.07010333999006985,-0.11049949888228407,-3.1835910920312625e-08,0.0,0.0,9.828979914021966,67,230.34,-0.14721906913029648,0.01,-0.011969543670291226,-0.21001675362762226,0.0,-0.0036113730973536848,4108,0.2550663,-0.4745611322808154,0.0,0.0,-0.14032612743021966,1.4251261890752425,0.0,-0.19474760339011934,-0.0009606940787777413,-0.015669720516815817,-0.44967559860582934,-0.03755894922048714,-0.5,300,-0.027616444420287004,0.591334751,0.0,-0.008161711218740998,-34.073220825195314,0.992799699306488,1.6002422958612441,0.2,0.09594100713729858,0.18660888671875,13112,0.000269392044,0.02169922,-0.007754458347335458,1.0016684532165527
-0.0018468674156778776,0.22683956704792016,-0.2168172574760555,-0.08493117839376477,-89.90591279999998,61252776,63.271465,0.0,79.39384846677206,-0.006890190972222288,0.0009792748120768617,0.07042488585844296,-0.11040856371529119,-3.1184954756915904e-08,0.0,0.0,9.440957899586724,68,239.14,-0.14455751628777164,0.01,-0.011652077509246354,-0.20196950658602855,0.0,-0.004534424490366156,4109,0.2551431,-0.4557974191591285,0.0,0.0,-0.13593873450192778,1.423285596339212,0.0,-0.19076773450441675,-0.0009487132758874298,-0.014123824047618909,-0.43175889451520477,-0.036947919747645004,-0.5,305,-0.027124287764914143,0.591317087,0.0,-0.008893724333675992,-34.06431331634521,0.9673503637313843,6.819939970970154,0.2,1.9726825952529907,0.09522705078125,13116,0.000269382828,0.013019073,-0.007318393629975617,1.0008258819580078
-0.0018945420035268957,0.23243235964137315,-0.22369091038865477,-0.08547014024740038,-90.25363638,61271208,63.282985,0.0,81.35132587448061,-0.006955295138888956,0.0008957243408076465,0.06761064912870533,-0.11039023328960779,-3.212935076644534e-08,0.0,0.0,9.88618108150709,69,238.27,-0.14990556585153308,0.01,-0.011909743586981564,-0.2100253362699075,0.0,-0.0036798731337939197,4109,0.2552199,-0.4718775847473289,0.0,0.0,-0.14005646078359113,1.436351867188473,0.0,-0.1951108471424604,-0.000885004363831337,-0.015676116530009346,-0.45820487880465155,-0.03738692301302311,-0.5,309,-0.028520203310832118,0.591299423,0.0,-0.008623814197360642,-34.063848876953124,0.9895236492156982,2.4134572207927705,0.2,0.31076717376708984,0.1005126953125,13120,0.000269373612,0.01407214,-0.010915763629600405,1.0009844303131104
-0.0019202264715311654,0.23435979298145662,-0.21720645172419065,-0.08517652220246383,-89.48186423000001,61289640,63.294505,0.0,82.02592754350982,-0.006792534722222288,0.0007432723780059152,0.06750372568672293,-0.11048448991792026,-3.2542053017189026e-08,0.0,0.0,10.120313071732719,70,237.88,-0.14785980329600357,0.01,-0.01197592937759797,-0.20404139158672097,0.0,-0.003944049305624621,4111,0.2552967,-0.47336097163991614,0.0,0.0,-0.1399813074718608,1.4119721445066853,0.0,-0.19986487006634152,-0.0008663616831667907,-0.01484927241265265,-0.45406085054212536,-0.037607666222806015,-0.5,313,-0.027052299625926465,0.591281759,0.0,-0.00831185832955978,-34.06651992797852,0.9900427460670471,2.315137857198715,0.2,0.18081995844841003,0.12708740234375,13124,0.000269364396,0.015825145,-0.010982097359374166,1.0010340213775635
-0.0018327574706550177,0.23390482418718775,-0.2128184627748034,-0.08240986467499943,-89.41556157999999,61308072,63.306025,0.0,81.86668846551571,-0.006716579861111177,0.0008740229338097075,0.07064275014922497,-0.11050727239963105,-3.224766859419407e-08,0.0,0.0,10.090387569159045,71,237.99,-0.1408840006666192,0.01,-0.011481357915245965,-0.20331509667865763,0.0,-0.004658326056646551,4112,0.2553735,-0.44677482423629833,0.0,0.0,-0.1341982622393544,1.4486035176074394,0.0,-0.18443159104225548,-0.000716767027934576,-0.014334931604127707,-0.4299522978744958,-0.036686009560514585,-0.5,318,-0.027041236353476078,0.591264095,0.0,-0.008935499006636545,-34.064856910705565,0.9930549263954163,1.320584127306938,0.2,0.03528791666030884,0.1100830078125,13128,0.00026935517999999997,0.013619823,-0.011476341763045638,1.0009742975234985
-0.0018432284138991861,0.22890586264163368,-0.21203389026826006,-0.08330668673604977,-89.30579523,61326504,63.317545,0.0,80.11705192457178,-0.006597222222222284,0.0008680553809325728,0.06741576870662969,-0.11024400535736281,-3.0070953163255304e-08,0.0,0.0,9.669950017820485,72,241.73,-0.14196967636765065,0.01,-0.011455498195917103,-0.2022359686239519,0.0,-0.005501265531449766,4113,0.2554503,-0.44889820221106397,0.0,0.0,-0.1338761909458828,1.4106767525311592,0.0,-0.1906370037859178,-0.0011341382024997596,-0.014907047791195152,-0.4286188177253422,-0.03771844305139453,-0.5,322,-0.026973491630638845,0.591246431,0.0,-0.009753367984861447,-34.066555213928225,0.9880476593971252,2.979507124423981,0.2,0.49149036407470703,0.14444580078125,13132,0.000269345964,0.017074177,-0.007507040456403047,1.0010287761688232
-0.0018785354590701605,0.23103580766570117,-0.20949468734343016,-0.08245066329653113,-88.88268354999998,61344936,63.329065,0.0,80.86253268299541,-0.006662326388888952,0.0006901038707130485,0.06746401178614712,-0.11035886902745055,-3.2536774837142795e-08,0.0,0.0,9.844052875724575,73,242.26,-0.1441738667146979,0.01,-0.01184161486133181,-0.2027538108618626,0.0,-0.004884788337585597,4114,0.2555271,-0.4653961497544857,0.0,0.0,-0.13843061400438997,1.4065424730626843,0.0,-0.19296501905179653,-0.0009543940818291266,-0.014979042224196933,-0.4367738523750411,-0.03793277961391869,-0.5,327,-0.02642821967424713,0.591228767,0.0,-0.009144238482501047,-34.06800079345703,0.9935983419418335,1.3925058752298356,0.2,0.2862919569015503,0.16036376953125,13136,0.000269336748,0.017991008,-0.009870699048042298,1.0012953281402588
-0.001869271984574161,0.22692856155472135,-0.2142850261752075,-0.08335223842405086,-89.58943692999999,61363368,63.340585,0.0,79.42499654415248,-0.006640625000000063,0.0011100255457373958,0.06969872948276984,-0.11044731025202133,-3.188947014582702e-08,0.0,0.0,9.464645540836171,74,243.08,-0.14772653261232083,0.01,-0.011569828622217943,-0.20338443015905966,0.0,-0.005074475436285592,4115,0.2556039,-0.4483406371123779,0.0,0.0,-0.13422991960606087,1.423735702283607,0.0,-0.19095479340333443,-0.0011477472523270865,-0.014556123830799482,-0.44479313602535786,-0.036665865706330486,-0.5,331,-0.027019438915582488,0.591211103,0.0,-0.010381351053688882,-34.06896495819092,0.9967188239097595,0.6670159667730331,0.2,-0.10918286442756653,0.1416748046875,13140,0.00026932753199999997,0.015339112,-0.014025809348095209,1.0012344121932983
-0.0018240068186371654,0.24207964366108065,-0.20882918540547804,-0.0823783528903399,-88.97413122999998,61381800,63.352104999999995,0.0,84.72787528137823,-0.006814236111111176,0.0011740448341394465,0.069413323619674,-0.11044898403129853,-3.244112522240932e-08,0.0,0.0,10.831452946847646,75,244.49,-0.14085362499802292,0.01,-0.011407163352839983,-0.19747214519848824,0.0,-0.004861947834322024,4116,0.2556807,-0.4446107038346485,0.0,0.0,-0.13287339598005368,1.424032766004915,0.0,-0.18687054322529134,-0.000618357087758976,-0.013494734291857264,-0.4267935590508561,-0.03741661560145283,-0.5,335,-0.026478400571958535,0.591193439,0.0,-0.009449955953944785,-34.073638153076175,0.9983304738998413,0.34197731614112853,0.2,-0.23048028349876404,0.2310302734375,13144,0.000269318316,0.026338806,-0.015428876283112913,1.0018495321273804
-0.0018413519476979004,0.22531234712635817,-0.20903783583327715,-0.0817481599298687,-88.87806661,61400232,63.363625000000006,0.0,78.85932149422536,-0.006608072916666728,0.0006722003001616233,0.06820994982061088,-0.11047724111267584,-3.0418888783064265e-08,0.0,0.0,9.257684888236144,76,244.74,-0.13923558669294886,0.01,-0.01151116613060728,-0.19674806028313552,0.0,-0.006008607779705386,4117,0.2557575,-0.4479159585968755,0.0,0.0,-0.13442350586250215,1.4181289119036855,0.0,-0.18703040476580238,-0.0010168375069644848,-0.014600614800615412,-0.4245079691211022,-0.03754406276718558,-0.5,340,-0.026387115717228828,0.591175775,0.0,-0.009734650229802355,-34.08241577148438,0.9990681409835815,0.21821944639086724,0.2,-0.28801342844963074,0.2615234375,13148,0.0002693091,0.031166052,-0.01627808902412653,1.0024631023406982
-0.0018354396928489244,0.23342155285686106,-0.2035436811379558,-0.0802980843128187,-90.27848571,61418664,63.375145,0.0,81.69754349990137,-0.0069661458333334,0.0014160147240747595,0.06897210805523461,-0.1103901563121057,-3.176745902794592e-08,0.0,0.0,10.003267730985117,77,245.11,-0.15570381299608493,0.01,-0.011546166747397014,-0.18766848546257583,0.0,-0.006259430413007565,4118,0.2558343,-0.4524673693638679,0.0,0.0,-0.13593232688204301,1.3861897333985376,0.0,-0.18566474037149044,-0.0008423664912060952,-0.013520018213482077,-0.43730762109028415,-0.037253777183679,-0.5,344,-0.025341405003832584,0.591158111,0.0,-0.01136116640312442,-34.07730293273926,0.9990335702896118,0.22597398087382317,0.2,-0.2759014368057251,0.2970458984375,13152,0.000269299884,0.030729746,-0.01649270091438666,1.0020689964294434
-0.0018470233178154404,0.23010027561900842,-0.20681802003156705,-0.08336410681922204,-89.73901611,61437096,63.386665,0.0,80.53509646665294,-0.00680338541666673,0.0011474603476623695,0.0664631369611047,-0.11024296190498135,-3.0928027471339096e-08,0.0,0.0,9.772658378923621,78,247.34,-0.14693842416585304,0.01,-0.011572232455841382,-0.19329451706309653,0.0,-0.005846451641541983,4119,0.2559111,-0.4442675157013942,0.0,0.0,-0.1346323300801971,1.4243219629578232,0.0,-0.18975328002958125,-0.0009828585598938425,-0.013988246079313291,-0.43348836932890494,-0.03697170348676756,-0.5,349,-0.025943360825330743,0.591140447,0.0,-0.010794896145752218,-34.071910285949706,0.9938293099403381,1.3507840752601623,0.2,0.08484530448913574,0.3105712890625,13156,0.000269290668,0.030529931,-0.005867363442666829,1.0017465353012085
-0.001855187358752018,0.23236672177740825,-0.21058865988544118,-0.08446833740410088,-89.40502534000001,61455528,63.398185,0.0,81.3283526220929,-0.006857638888888955,0.0012109367073410088,0.06724153939742797,-0.11022219967516243,-3.2441049279613475e-08,0.0,0.0,9.98702858691681,79,244.27,-0.14990759592679745,0.01,-0.011674285712545938,-0.19257781899408608,0.0,-0.005718518408362013,4120,0.2559879,-0.45233626274977934,0.0,0.0,-0.13662544995031023,1.417025148299826,0.0,-0.19387549481089553,-0.0006275166091202897,-0.014017058601794521,-0.4302603654770275,-0.03743481288181659,-0.5,353,-0.026704280757810565,0.591122783,0.0,-0.010587919309424857,-34.07443256378174,0.998386561870575,0.3590427845716476,0.2,-0.21246559917926788,0.22520751953125,13160,0.000269281452,0.026332736,-0.01628772511612624,1.0020246505737305
-0.0018535252479735705,0.23284969276554127,-0.2078427889113521,-0.08256322299704852,-89.16392609999998,61473960,63.409704999999995,0.0,81.49739246793945,-0.007172309027777833,0.0015950510181331385,0.06902150336976137,-0.11015392572565655,-3.175721146076534e-08,0.0,0.0,9.948823285513175,80,245.26,-0.15676770109260074,0.01,-0.01162755487714765,-0.18996310803998517,0.0,-0.004434584603441499,4120,0.2560647,-0.4549072075841249,0.0,0.0,-0.1371106210701734,1.4107036381557025,0.0,-0.19476884291230734,-0.0005981146128107196,-0.012712335823865472,-0.4386962666990171,-0.038037028636748516,-0.5,357,-0.026145852277576917,0.5911051190000001,0.0,-0.010280574875650927,-34.07424373626709,0.9928039312362671,1.5259875923395156,0.2,0.13646122813224792,0.315966796875,13164,0.00026927223599999996,0.037386082,-0.0012356773717328907,1.0016272068023682
-0.001864891428510067,0.23359441556637267,-0.20828497340084606,-0.08086545985976828,-89.66637251000002,61492392,63.42122500000001,0.0,81.75804544823043,-0.007345920138888934,0.0017778851809756209,0.06910331363581178,-0.11000726108325644,-3.186590143978615e-08,0.0,0.0,10.099229423605756,81,246.8,-0.16089526693274236,0.01,-0.011678910283116413,-0.19046445168541615,0.0,-0.005858309796876965,4121,0.2561415,-0.44828107081167,0.0,0.0,-0.1363876630190165,1.4233311382395408,0.0,-0.19140261361492986,-0.0009818187804841345,-0.01361669748455622,-0.44966445645214,-0.03769818580297877,-0.5,362,-0.02608044107956866,0.591087455,0.0,-0.011480658877796182,-34.06517009735107,0.9948581457138062,0.8068732187151909,0.2,-0.17403867840766907,0.128125,13168,0.00026926302,0.01441624,-0.010212492640130221,1.001176118850708
-0.0018237076937932751,0.23388764847920657,-0.21465309751629014,-0.08622048220615869,-89.59183255000002,61510824,63.432745000000004,0.0,81.8606769677223,-0.006944444444444509,0.0011436627537477762,0.06752135825193188,-0.11020282183457457,-3.122545752640724e-08,0.0,0.0,10.228234559859771,82,241.84,-0.14972592500123383,0.01,-0.011605250464921356,-0.19428767617649917,0.0,-0.003628692614954714,4102,0.2562183,-0.45374815389911405,0.0,0.0,-0.13642303511094736,1.4316398226909621,0.0,-0.19092622513625135,-0.000971070498667745,-0.013455577940321834,-0.438876341039825,-0.03778931880012801,-0.5,368,-0.02694441538624017,0.591069791,0.0,-0.010029110014632655,-34.06776924133301,0.9942930936813354,1.0395611256361008,0.2,0.06683477759361267,0.1784423828125,13172,0.000269253804,0.02031981,-0.011605896335095168,1.0013006925582886
-0.0018719478226794253,0.23298157442120754,-0.21290639396662614,-0.08430452164513734,-90.14686281000002,61529256,63.444265,0.0,81.54355104742264,-0.006759982638888954,0.0009846997208013716,0.07031998284710925,-0.11060181753745502,-3.301811654480327e-08,0.0,0.0,9.907483281692675,83,240.56,-0.15016719015809146,0.01,-0.011793562425754392,-0.20200477014526394,0.0,-0.0032096300428481714,4103,0.2562951,-0.4633288723121179,0.0,0.0,-0.13860125308066684,1.4129548118231392,0.0,-0.19285643795702131,-0.0012363633283592507,-0.015575525772945041,-0.4499515191122123,-0.03754554719181336,-0.5,372,-0.026683291778280806,0.591052127,0.0,-0.009506109075219784,-34.06936683654785,0.9899191856384277,2.251414531469345,0.2,0.6214419603347778,0.23221435546875,13176,0.000269244588,0.020316979,-0.007373275537975133,1.0012491941452026
-0.0018776724371074721,0.2272536690302062,-0.21224208591870605,-0.08612634870449004,-89.83636340999999,61547688,63.455785,0.0,79.53878416057216,-0.007096354166666725,0.001194660842884332,0.06822089059118128,-0.11038687247518897,-3.174573057087421e-08,0.0,0.0,9.514881381225424,84,241.41,-0.14037250984588526,0.01,-0.01174645979805845,-0.19492931171016642,0.0,-0.0037316797159759915,4104,0.2563719,-0.4591225153868002,0.0,0.0,-0.13671895077335766,1.4126061569473567,0.0,-0.19466943085447286,-0.0009198921376820131,-0.013941474339636575,-0.4299187593995691,-0.037469885486823326,-0.5,377,-0.026302835631358247,0.5910344630000001,0.0,-0.008751444909850963,-34.069111061096194,0.9953798055648804,0.8172009244561196,0.2,-0.11612923443317413,0.13485107421875,13180,0.00026923537199999997,0.01857577,-0.011468188872095197,1.0015897750854492
-0.0018303758016392502,0.22998567858203905,-0.20927102771769726,-0.08234316353631214,-89.7773535,61566120,63.467304999999996,0.0,80.49498750371367,-0.006716579861111176,0.0011197910450088482,0.06643178065665799,-0.11032238260794908,-3.0339906019038715e-08,0.0,0.0,9.676142902671716,85,244.14,-0.14972330783277796,0.01,-0.011488495448714787,-0.19340704878046258,0.0,-0.004778166004274104,4105,0.2564487,-0.4485819399712249,0.0,0.0,-0.13599602495424165,1.4150029538664695,0.0,-0.18846839374923136,-0.0009141367681212678,-0.014180385624941323,-0.4363392739044701,-0.03730396546573397,-0.5,381,-0.025947665208320623,0.591016799,0.0,-0.009617193977141546,-34.07616004943848,0.9925830960273743,1.3268931657075882,0.2,-0.03988909721374512,0.20643310546875,13184,0.000269226156,0.019108284,-0.007156949053751305,1.0017828941345215
-0.001848060145536295,0.23012835626232386,-0.20597069302614981,-0.082104616839062,-88.64511750000001,61584552,63.478825,0.0,80.54492469181335,-0.0065972222222222855,0.0012966573833384449,0.06703686764860309,-0.11027461526208188,-3.142667642110027e-08,0.0,0.0,9.71795081032113,86,244.22,-0.14648248093530167,0.01,-0.011632976929186656,-0.19135202889951028,0.0,-0.005206047357623001,4106,0.2565255,-0.45233100372406554,0.0,0.0,-0.1358274124764001,1.4230231879321702,0.0,-0.1875622950545153,-0.001522766295089959,-0.01502019442722094,-0.4264148073984458,-0.03766531780032046,-0.5,386,-0.025865170795104638,0.590999135,0.0,-0.009998185079894029,-34.070742797851565,0.9967052340507507,0.5449614331126214,0.2,-0.18612295389175415,0.16771240234375,13188,0.00026921694,0.018982003,-0.013429976464249194,1.001429796218872
-0.0018561948688242417,0.23917476069942317,-0.20839970694889304,-0.08413877663058565,-89.13426829000002,61602984,63.490345,0.0,83.71116624479811,-0.0067057291666667304,0.0009347868617624044,0.06816233718452172,-0.11032245959654496,-3.151756203969718e-08,0.0,0.0,10.660878934574347,87,242.66,-0.14074739512223478,0.01,-0.011653645133023308,-0.1956200071537222,0.0,-0.0050119867189119755,4106,0.2566023,-0.45772594592356153,0.0,0.0,-0.13517484717680095,1.4190225588038068,0.0,-0.18882576052543038,-0.0009664149655469438,-0.015102489497035576,-0.4244181931346625,-0.03756979898186988,-0.5,390,-0.02629948306758431,0.590981471,0.0,-0.009375494031701237,-34.07369422912598,0.9985945224761963,0.29313157349824903,0.2,-0.22951048612594604,0.237451171875,13192,0.00026920772399999997,0.02519624,-0.013805294968187809,1.0018774271011353
-0.0018920033538260069,0.22779172556753893,-0.21533611875762226,-0.084002421137767,-88.73418377999998,61621416,63.501865,0.0,79.72710394863863,-0.006684027777777841,0.0009412974242069242,0.06893088714439888,-0.11031373711474292,-3.270775337380587e-08,0.0,0.0,9.587163588353711,88,242.12,-0.1423708169517184,0.01,-0.011821688809637087,-0.20635713158602953,0.0,-0.004336362683234258,4107,0.2566791,-0.45938467306644465,0.0,0.0,-0.13762546727997924,1.432060575763239,0.0,-0.19303785128659368,-0.0012321668746657747,-0.01510659694785602,-0.43180369510854616,-0.03742193985322278,-0.5,394,-0.027140666905931577,0.5909638070000001,0.0,-0.008578783625529872,-34.08203277587891,0.993884265422821,1.5690559208393098,0.2,0.9738178253173828,0.28946533203125,13196,0.000269198508,0.03440079,-0.00426660095108673,1.0023452043533325
-0.0018866584965620944,0.2440996098774698,-0.2104699765947951,-0.08793203170599508,-89.18547571,61639848,63.513385,0.0,85.43486345711443,-0.0068467881944445095,0.0011740446724514994,0.0672690967404736,-0.11024972170028967,-3.2959439875371694e-08,0.0,0.0,11.029358997689078,89,240.95,-0.14093308428666673,0.01,-0.01188531960553572,-0.19820524260591607,0.0,-0.005199328392402527,4108,0.2567559,-0.46067018251161024,0.0,0.0,-0.13822630903799119,1.3962085829813327,0.0,-0.19792177880283568,-0.0016737025772149525,-0.015469076638468174,-0.4341518095103991,-0.03797466485039906,-0.5,399,-0.026030774484504682,0.590946143,0.0,-0.00884543974017207,-34.075809478759766,0.9989302158355713,0.2603191711008549,0.2,-0.2448011189699173,0.20986328125,13200,0.000269189292,0.024359414,-0.015543736156541855,1.0020129680633545
-0.0018816296556709066,0.2267684358090834,-0.21766097574739185,-0.08325941898461346,-89.19442006000001,61658280,63.524905000000004,0.0,79.3689525331792,-0.006792534722222288,0.000867512846727752,0.06682262700484107,-0.11063614958280259,-3.085245078053058e-08,0.0,0.0,9.43170183014275,90,243.17,-0.14766793224882005,0.01,-0.01181538715851476,-0.19851364831217444,0.0,-0.004195997936918039,4108,0.2568327,-0.45852115860387177,0.0,0.0,-0.13798615610667966,1.4358259443074861,0.0,-0.18695238429437705,-0.0012965372303410056,-0.015004101281307183,-0.4426554210267902,-0.037144718512445794,-0.5,403,-0.026659917160246058,0.590928479,0.0,-0.008646329378178861,-34.081664848327634,0.992614209651947,1.8993326127529144,0.2,0.6607340574264526,0.27608642578125,13204,0.000269180076,0.03800759,-0.0028827934467699377,1.0023397207260132
-0.001827322468350444,0.23028858634031008,-0.21600355278055539,-0.08371721635313746,-89.6303573,61676712,63.536425,0.0,80.60100521910853,-0.006217447916666722,0.0005821395833562645,0.06777840471726863,-0.11044211196149895,-3.152868673273225e-08,0.0,0.0,9.828892282098025,91,240.76,-0.1439695446203385,0.01,-0.011585022043115616,-0.19589887672570752,0.0,-0.005324453932616698,4109,0.2569095,-0.45077517809982165,0.0,0.0,-0.13574045664662243,1.433298852128968,0.0,-0.18279043903164044,-0.001073898665127028,-0.01398627804859226,-0.42946134930002916,-0.03703479324429192,-0.5,408,-0.026845072151057595,0.590910815,0.0,-0.010024634204455651,-34.07418270111084,0.995603621006012,0.6435418277978897,0.2,-0.06814444065093994,0.14083251953125,13208,0.00026917086,0.020972105,-0.010415227618068457,1.0019773244857788
-0.0018435868858869375,0.2300804305496023,-0.21093207647260512,-0.08328419132160277,-88.71326535000001,61695144,63.547945,0.0,80.52815069236081,-0.00646701388888895,0.0008051213743682536,0.06826564936888925,-0.11066824781387796,-3.1139824893941125e-08,0.0,0.0,9.687447652148718,92,243.67,-0.14267310912321352,0.01,-0.011647820949753711,-0.19350427691056485,0.0,-0.004902237969329853,4110,0.2569863,-0.45882479878517185,0.0,0.0,-0.13812588012979993,1.404666719603754,0.0,-0.18640209909694133,-0.0011084262108792516,-0.01498546392850511,-0.434032850031168,-0.0377821551525407,-0.5,412,-0.025768075710512008,0.5908931510000001,0.0,-0.009616107500429886,-34.07410163879395,0.9898158311843872,1.8419842630624772,0.2,0.2916892170906067,0.14644775390625,13212,0.000269161644,0.015974468,-0.005276116018649191,1.0014986991882324
-0.001849960521475942,0.23116996024684247,-0.21354714926750945,-0.08208081131881419,-88.77750489,61713576,63.559464999999996,0.0,80.90948608639486,-0.00644531250000006,0.0006911891008106371,0.0660216313836761,-0.1104884194952206,-3.0461531658597794e-08,0.0,0.0,9.837638205701527,93,244.14,-0.1454782758991703,0.01,-0.01159940957024828,-0.19554904112623267,0.0,-0.005542185960640229,4110,0.2570631,-0.4564740799683128,0.0,0.0,-0.1350652980506015,1.4238405398631417,0.0,-0.18245115864878503,-0.0011096321018419552,-0.013983281961308226,-0.43207485270665064,-0.03711367094375648,-0.5,417,-0.02672902867623998,0.590875487,0.0,-0.010103301217895932,-34.06754417419434,0.9954201579093933,0.6538432240486145,0.2,-0.11732465028762817,0.133984375,13216,0.00026915242799999996,0.018226767,-0.00955149531364441,1.0013818740844727
-0.0018571888976055143,0.2443266833199465,-0.21410060321955104,-0.08591447288081694,-89.80701222000002,61732008,63.57098499999999,0.0,85.51433916198127,-0.006716579861111174,0.0007459850910688854,0.06945531349538232,-0.11044929423284758,-3.19162003874669e-08,0.0,0.0,11.50282585735513,94,241.51,-0.14736944190018103,0.01,-0.011770195689625626,-0.20204106269575597,0.0,-0.004834614376330435,4111,0.2571399,-0.4596821295507812,0.0,0.0,-0.13746032166397837,1.415649298588401,0.0,-0.18905215790580346,-0.0013132540217488996,-0.014466571830704017,-0.4379898793946763,-0.037527834706977285,-0.5,421,-0.026524149508703795,0.590857823,0.0,-0.008874871863453235,-34.08121166229248,0.9989839792251587,0.21321854516863822,0.2,-0.28910118341445923,0.24049072265625,13220,0.000269143212,0.027988065,-0.017425437434576453,1.002650260925293
-0.0018998958328497423,0.23452964524361156,-0.2149663473324288,-0.08447766957497103,-88.41935405999999,61750440,63.582505000000005,0.0,82.08537583526405,-0.006792534722222287,0.0005886498838663101,0.06932201843058411,-0.11075253102075117,-3.143716871334232e-08,0.0,0.0,10.150575566188843,95,241.52,-0.14392887333196572,0.01,-0.011848407295265736,-0.20500397557868041,0.0,-0.00359207743956323,4111,0.2572167,-0.46432265737000744,0.0,0.0,-0.13854659690475102,1.4121872698152618,0.0,-0.19064495017929117,-0.001005842436901033,-0.014063690419858233,-0.44626006671169655,-0.03699258073133685,-0.5,425,-0.026684253744434956,0.590840159,0.0,-0.008079925283608545,-34.080912017822264,0.9923662543296814,1.5415075540542602,0.2,0.3470490574836731,0.3200439453125,13224,0.000269133996,0.031050315,-0.006750384892802686,1.002339243888855
-0.0018312325379306238,0.2239471629750589,-0.20850452235368808,-0.08361269036676192,-89.14813364000001,61768872,63.594025,0.0,78.38150704127061,-0.006152343750000055,0.00033854149902860325,0.06972360812841942,-0.11057705437569941,-3.050364942053406e-08,0.0,0.0,9.074658690230253,96,242.86,-0.14083526808616684,0.01,-0.011435510378746256,-0.19844056631433954,0.0,-0.005260157489577311,4112,0.2572935,-0.4465412647206304,0.0,0.0,-0.13256193642556915,1.4316443414090356,0.0,-0.18221216463545503,-0.0009284240242480645,-0.01372544304313744,-0.41722701090375924,-0.036856661573116484,-0.5,430,-0.026206373333205774,0.5908224950000001,0.0,-0.009119689417679587,-34.08316898345947,0.9985007047653198,0.2844839751720428,0.2,-0.2720188498497009,0.2130126953125,13228,0.00026912478,0.026546702,-0.017882677144370973,1.0027282238006592
-0.0018231855017867228,0.22839181721245427,-0.20956914762467688,-0.08487554070183584,-89.86266072000001,61787304,63.605545,0.0,79.93713602435899,-0.006629774305555618,0.0008610023327896164,0.06735261411375808,-0.11049718225020616,-3.2051859888460316e-08,0.0,0.0,9.54212453820812,97,241.88,-0.14204311005681602,0.01,-0.011445580232127835,-0.199667587421104,0.0,-0.005130753150738883,4113,0.2573703,-0.4585002454305662,0.0,0.0,-0.13459617459224582,1.4087697611979462,0.0,-0.18383349665736157,-0.0009797817871325923,-0.014643815432177045,-0.4260700221198539,-0.03717154672415458,-0.5,434,-0.02662204832594142,0.590804831,0.0,-0.009082255440363143,-34.09019184112549,0.9980161786079407,0.3670405730605125,0.2,-0.2199842780828476,0.27906494140625,13232,0.000269115564,0.029961055,-0.009982031141407787,1.0031094551086426
-0.0018729937451202774,0.23616091759118119,-0.2103735912252928,-0.08342398402751182,-89.85262715,61805736,63.617065,0.0,82.65632115691342,-0.006499565972222283,0.0008957246156771564,0.06614454377656934,-0.11047616776320472,-3.1407671775701864e-08,0.0,0.0,10.178755596177659,98,243.93,-0.14596370476914144,0.01,-0.011723002316971898,-0.19576952775682313,0.0,-0.006600036815628284,4113,0.2574471,-0.4592008979695422,0.0,0.0,-0.13683714886203202,1.4106211877536212,0.0,-0.1881675564260894,-0.0009648491353485779,-0.01459180895025246,-0.4357735267852699,-0.037373379551913916,-0.5,439,-0.026384378601857286,0.590787167,0.0,-0.009778461137708897,-34.07812728881836,0.9929847121238708,1.2661411806941032,0.2,0.05828672647476196,0.3121826171875,13236,0.000269106348,0.034705006,-0.004016762424726039,1.0018490552902222
-0.0018534552068484218,0.23857884499587467,-0.21458269727951348,-0.08544340236686719,-89.08567304999998,61824168,63.628584999999994,0.0,83.50259574855613,-0.006673177083333396,0.0004421656226946248,0.06681837740090465,-0.11048614759056281,-3.166457137041089e-08,0.0,0.0,10.468332984097323,99,244.06,-0.13880349761404734,0.01,-0.011583060035719532,-0.20093057618759358,0.0,-0.006077372169249367,4114,0.2575239,-0.45301082444531193,0.0,0.0,-0.13488756248908673,1.4196785115957704,0.0,-0.18749935571351753,-0.0010596352857010591,-0.014375300936666049,-0.42128213968456163,-0.037324178207018256,-0.5,443,-0.027230035647483462,0.590769503,0.0,-0.009734785672561783,-34.06824359893799,0.9943013787269592,1.0647560626268386,0.2,0.023703038692474365,0.15953369140625,13240,0.000269097132,0.016128536,-0.010079488501651213,1.0011935234069824
-0.0018763023719758265,0.22963687785817125,-0.21124908275625362,-0.08409067070491544,-89.39945777999998,61842600,63.640105000000005,0.0,80.37290725035993,-0.006770833333333396,0.0006325952482358036,0.06864165050213658,-0.11069412396258554,-3.220941710241647e-08,0.0,0.0,9.571767037259947,100,244.2,-0.14332343215040064,0.01,-0.011762486974990126,-0.1989824304843636,0.0,-0.005584068436007172,4114,0.2576007,-0.45971628897933786,0.0,0.0,-0.1367070704528196,1.392855811463107,0.0,-0.18768903767695744,-0.0008424150006867965,-0.014109014030431046,-0.4423176028086756,-0.037257605560122975,-0.5,447,-0.026264326517093387,0.5907518390000001,0.0,-0.008879347469903424,-34.07584705352783,0.9988106489181519,0.2569987215101719,0.2,-0.2971908152103424,0.228369140625,13244,0.00026908791599999997,0.024270494,-0.014155166549608111,1.0021069049835205
-0.0018527637874112793,0.23110281370102478,-0.21282354888536736,-0.08382432428508813,-90.27237222999999,61861032,63.651625,0.0,80.88598479535868,-0.0063368055555556154,0.00018771696421835158,0.0680981027031891,-0.11069499263409141,-3.205065684842918e-08,0.0,0.0,9.828831653222636,101,242.3,-0.14322906331756102,0.01,-0.011682115348048904,-0.201180763998322,0.0,-0.005481998368174432,4115,0.2576775,-0.45565353416995,0.0,0.0,-0.13642816842630034,1.417739344759947,0.0,-0.18447516259697572,-0.0012826712820761025,-0.014552383547537573,-0.4284088411002252,-0.03664403441218884,-0.5,452,-0.026721559521729416,0.590734175,0.0,-0.009047262013256032,-34.084024810791014,0.9987697005271912,0.2904775492846966,0.2,-0.277362197637558,0.29404296875,13248,0.0002690787,0.030493623,-0.013313245493918657,1.0026921033859253
-0.0018224661545201862,0.22835352570801642,-0.2097982618596898,-0.08456015662318736,-89.73047357999998,61879464,63.663145,0.0,79.92373399780575,-0.006228298611111167,0.0004166664600941456,0.06890214960397538,-0.11057365734912646,-3.061296988314533e-08,0.0,0.0,9.651519565762893,102,245.18,-0.14559222268941927,0.01,-0.011428315762588091,-0.1992275660003421,0.0,-0.008470466973579411,4115,0.2577543,-0.44282381605064575,0.0,0.0,-0.13277738594593846,1.421452739458739,0.0,-0.18253982291915605,-0.0006046740933886538,-0.014071457083309797,-0.41693554069948446,-0.03709807100768784,-0.5,456,-0.026971058614973172,0.590716511,0.0,-0.010683540988894593,-34.0806489944458,0.993800163269043,1.189666399359703,0.2,0.13150730729103088,0.31357421875,13252,0.000269069484,0.023411382,-0.004397390526719391,1.002190113067627
-0.0018780412683942849,0.22934455182422855,-0.2112392562701192,-0.08448402218945739,-89.50804648999998,61897896,63.674665,0.0,80.27059313848,-0.006662326388888954,0.00031087214140117995,0.06785200970218008,-0.11065445927033368,-3.150095857069997e-08,0.0,0.0,9.590000685249016,103,242.79,-0.14538163173293742,0.01,-0.011761180599939157,-0.1977993565274133,0.0,-0.005208288892767116,4115,0.2578311,-0.45334971304830884,0.0,0.0,-0.1372514864979247,1.4092381549669208,0.0,-0.19081175081347693,-0.0010421913291608976,-0.014476065495897571,-0.4373298341131109,-0.03705856443441906,-0.5,461,-0.026540467537508494,0.590698847,0.0,-0.009291672552030327,-34.082111549377444,0.9985355138778687,0.31455265134572985,0.2,-0.25133660435676575,0.2466064453125,13256,0.000269060268,0.027310457,-0.014758420805446804,1.0024596452713013
-0.001867534101893405,0.23348490101107344,-0.22041069760866047,-0.08560148001595945,-89.12836400000002,61916328,63.686185,0.0,81.7197153538757,-0.006401909722222282,0.0004920788148107628,0.06736249776222993,-0.11072927808593515,-3.148060233629929e-08,0.0,0.0,10.143626019572613,104,243.21,-0.14517490234189204,0.01,-0.011737443245936133,-0.20764274330641364,0.0,-0.005213857991129179,4116,0.2579079,-0.45958776767037945,0.0,0.0,-0.1373998890050089,1.4338465839525405,0.0,-0.18685827332843152,-0.0009457476976701528,-0.015098744103838511,-0.4364297643544606,-0.03661290823645422,-0.5,465,-0.027927730555947224,0.590681183,0.0,-0.009288823654060252,-34.079555892944335,0.9946288466453552,1.1396757364273071,0.2,0.21441864967346191,0.27379150390625,13260,0.000269051052,0.024826135,-0.007962420966941863,1.0021390914916992
-0.0018704825954815344,0.23088159826656957,-0.21361286460532758,-0.08406671225718242,-89.71799183000002,61934760,63.697705,0.0,80.80855939329935,-0.00644531250000006,0.0004134113680467837,0.06699947839001014,-0.11067334463255968,-3.223110392291325e-08,0.0,0.0,9.912052910493554,105,242.4,-0.1438793062131014,0.01,-0.011698305851759207,-0.19657794328156172,0.0,-0.005059106085293854,4117,0.2579847,-0.44993344975048644,0.0,0.0,-0.13603859851126693,1.4069726623654242,0.0,-0.19058343338643968,-0.0008708376895230528,-0.01367817763836125,-0.4324878020774158,-0.036761165769998015,-0.5,470,-0.02654316562526647,0.590663519,0.0,-0.009259527487706186,-34.07933158874512,0.9978582859039307,0.44351896494626997,0.2,-0.21238701045513153,0.19774169921875,13264,0.000269041836,0.021739617,-0.012790144816972316,1.002323031425476
-0.00186472597456058,0.2337499875708302,-0.2197726650595936,-0.08594845314282959,-90.21107530000003,61953192,63.709224999999996,0.0,81.81249564979058,-0.006369357638888947,0.00025010838483770687,0.06653397026079294,-0.11062275431614114,-3.032728200357674e-08,0.0,0.0,10.041967898991446,106,242.03,-0.14543394859657588,0.01,-0.011773014929957559,-0.20024453293162423,0.0,-0.005606567041783175,4118,0.2580615,-0.44872523702620426,0.0,0.0,-0.13791359423238803,1.43515123065523,0.0,-0.1887397478010232,-0.001080239359972041,-0.014512290778288183,-0.42903937517769825,-0.03687127943470918,-0.5,474,-0.02762182956798885,0.590645855,0.0,-0.009622481734065028,-34.0781270980835,0.9932901859283447,1.5796342760324478,0.2,0.7197928428649902,0.2515380859375,13268,0.00026903261999999996,0.024732709,-0.008619062998332084,1.0019702911376953
-0.001859004244781274,0.2289961607426123,-0.2095469603523451,-0.08251892163728058,-89.11866295,61971624,63.720745,0.0,80.1486562599143,-0.0063042534722222805,0.0003906249896519714,0.06427816420202087,-0.1106401603499327,-3.1817102548559003e-08,0.0,0.0,9.66425197773571,107,244.73,-0.14858086034476195,0.01,-0.011662516920719583,-0.19443398933749204,0.0,-0.0071473998245993224,4119,0.2581383,-0.4485519796680617,0.0,0.0,-0.13754631745948262,1.4052110970770428,0.0,-0.18717527636721826,-0.0008801508792271302,-0.01386701422458508,-0.4298154415987042,-0.037048314181712325,-0.5,478,-0.02629481664013796,0.590628191,0.0,-0.010026940133280328,-34.070342445373534,0.993046760559082,1.7214056998491287,0.2,0.33597075939178467,0.1467529296875,13272,0.000269023404,0.015696792,-0.006739616929553449,1.0013158321380615
-0.0019125212675001034,0.2301379785449734,-0.21045994151081393,-0.08487310845780523,-89.21257056,61990056,63.732265,0.0,80.54829249074069,-0.006684027777777841,0.0005593529915333622,0.06792077719241238,-0.11053095229026752,-3.300745409503075e-08,0.0,0.0,9.71791678033352,108,243.03,-0.1509438567236376,0.01,-0.01202570649688896,-0.19671448162411068,0.0,-0.005219185095728231,4119,0.2582151,-0.4597019138662636,0.0,0.0,-0.14016136715007468,1.4250639777721676,0.0,-0.19275435072864675,-0.0009240077234501852,-0.013997274440760479,-0.4371988974940858,-0.03697566544092225,-0.5,483,-0.026387511027791927,0.590610527,0.0,-0.0098884590115631,-34.071242332458496,0.9987271428108215,0.23735200613737106,0.2,-0.2779453992843628,0.21851806640625,13276,0.000269014188,0.029803839,-0.015107419830746949,1.001776099205017
-0.0018514251701926094,0.22335479752717102,-0.20930476226834221,-0.08244282317753417,-89.07953699,62008488,63.743785,0.0,78.17417913450986,-0.00646701388888895,0.0005143225490529505,0.06861459136929098,-0.11057884409911284,-3.163918189295135e-08,0.0,0.0,9.248000323717617,109,242.33,-0.14605653746494296,0.01,-0.011505816877992146,-0.1977264201436283,0.0,-0.0048380887993436225,4106,0.2582919,-0.4413069632043449,0.0,0.0,-0.13478828043185415,1.4303142301857372,0.0,-0.18661038672308058,-0.0008170455402070321,-0.014592208561298904,-0.43094689932547736,-0.03648172584423384,-0.5,489,-0.026807095902042614,0.590592863,0.0,-0.009524011565695724,-34.073575782775876,0.9932234883308411,1.5682090103626252,0.2,0.17628052830696106,0.31158447265625,13280,0.000269004972,0.029218424,-0.003391639539040625,1.001564860343933
-0.0018455726649573767,0.226411023379385,-0.20407764490963218,-0.08212047616656111,-89.07463144000002,62026920,63.755305,0.0,79.24385818278475,-0.006477864583333392,0.0008333329234220502,0.06626430742006764,-0.11053865372487938,-3.0682387978084784e-08,0.0,0.0,9.48067094183992,110,245.85,-0.15399597953783556,0.01,-0.011637148995933592,-0.19006019566099003,0.0,-0.006568989275062262,4106,0.2583687,-0.4454005495547346,0.0,0.0,-0.13648500184171597,1.418193098643476,0.0,-0.18675029849183777,-0.0007853078767904911,-0.013732982954051948,-0.43387379680930716,-0.03697785175896364,-0.5,493,-0.025933433431828017,0.590575199,0.0,-0.011150119940996066,-34.070481300354004,0.9993188381195068,0.15314458198845388,0.2,-0.3176910877227783,0.2695556640625,13284,0.000268995756,0.031042105,-0.019787115254439415,1.0016658306121826
-0.0018729245078259907,0.2286747908001962,-0.2111119145020038,-0.08500591315960132,-88.85274879999999,62045352,63.766825,0.0,80.03617678006867,-0.006542968750000059,0.0005588105090686844,0.06756729169629508,-0.11077923196499245,-3.172629697142334e-08,0.0,0.0,9.668992962409277,111,244.54,-0.14315307319804058,0.01,-0.011649773410128081,-0.19794073503691467,0.0,-0.004196535847615782,4107,0.2584455,-0.4466726421296216,0.0,0.0,-0.13682249450976414,1.4282251294559674,0.0,-0.19394368194372802,-0.0011522542866464092,-0.014786446645144495,-0.4367689387444342,-0.03674673832812867,-0.5,498,-0.026780338124470116,0.590557535,0.0,-0.009541780133278936,-34.071397399902345,0.9988690614700317,0.27153198421001434,0.2,-0.24198442697525024,0.29815673828125,13288,0.00026898654,0.03285908,-0.013332193752285093,1.0017874240875244
-0.0018745990164158548,0.22688025948800328,-0.2148451294373644,-0.08350810960500633,-88.92397062999999,62063784,63.778344999999995,0.0,79.40809082080115,-0.006651475694444508,0.0004410803408568932,0.06578128629830927,-0.11057967002972507,-3.1398103257354415e-08,0.0,0.0,9.457598799039935,112,242.52,-0.15366436497276903,0.01,-0.01178456005420027,-0.19642309397108063,0.0,-0.004360303402778287,4108,0.2585223,-0.4504386269214067,0.0,0.0,-0.1379008345455156,1.449887910361019,0.0,-0.1876105766514714,-0.0009098510449568396,-0.014239385419760157,-0.44826900312643325,-0.036887671350808005,-0.5,502,-0.027460919465317854,0.590539871,0.0,-0.009583419238980342,-34.08375473022461,0.9988958239555359,0.2645323023200035,0.2,-0.20514895021915436,0.29267578125,13292,0.000268977324,0.033703756,-0.013416010327637196,1.002759337425232
-0.0019098721865687962,0.22590006034514137,-0.21224680209495378,-0.08643948485134251,-89.22331371000001,62082216,63.789865000000006,0.0,79.06502112079949,-0.0074110243055556,0.0011539705802634773,0.06742631267786153,-0.11043226342560944,-3.254865937172096e-08,0.0,0.0,9.366165926395235,113,242.97,-0.15029350192676072,0.01,-0.011988029451882494,-0.1948128838898969,0.0,-0.0038229363703533048,4108,0.2585991,-0.46864690237197126,0.0,0.0,-0.14056052830896348,1.4003740752005458,0.0,-0.1978241247190917,-0.0011160045634535667,-0.014404460607349769,-0.4550292059263054,-0.037917144377352885,-0.5,506,-0.026616810051975262,0.590522207,0.0,-0.009733701194313148,-34.08325376008686,0.9929589629173279,1.846586170949434,0.2,0.371426522731781,0.2888440583881579,13296,0.00026896810799999997,0.043836243,-0.004585631789124914,1.0024179220199585
-0.001905766616506988,0.2333659006691624,-0.21748227415236027,-0.08460410094618823,-88.9726548,62100648,63.801385,0.0,81.67806523420684,-0.006673177083333395,0.0009988057233082752,0.07005393180278112,-0.11079876184136211,-3.053744393317278e-08,0.0,0.0,10.067551828480381,114,243.0,-0.1542770944627917,0.01,-0.0120332679995445,-0.19973334256949637,0.0,-0.003418830249726214,4109,0.2586759,-0.458347793887005,0.0,0.0,-0.142114015533806,1.4378134836701573,0.0,-0.19293619150515912,-0.0009871431757842051,-0.014137946717729229,-0.4597388388540103,-0.03682485264455129,-0.5,511,-0.02752117200220808,0.590504543,0.0,-0.008472854488192953,-34.07545280456543,0.992977499961853,1.7977873772382735,0.2,-0.028956115245819092,0.18994140625,13300,0.000268958892,0.017815039,-0.007129079598234967,1.001667857170105
-0.0018517011506836041,0.2353878719090281,-0.21705516781748047,-0.0852751114509679,-88.99554614,62119080,63.812905,0.0,82.38575516815983,-0.006358506944444504,0.0005295137169822636,0.06946172148068587,-0.11083409407294151,-3.059178736302833e-08,0.0,0.0,10.24569442284262,115,241.47,-0.14601814843605043,0.01,-0.011679697183774776,-0.2012214585465172,0.0,-0.004345246833464153,4109,0.2587527,-0.4487887396950977,0.0,0.0,-0.1371424854197597,1.4542943989863228,0.0,-0.18931706283385774,-0.0009060232394297475,-0.013650691254728654,-0.4384631680689859,-0.03645775295011367,-0.5,515,-0.027828746394246612,0.590486879,0.0,-0.009548154721010683,-34.07317142486572,0.9985097646713257,0.2818650834262371,0.2,-0.24619078636169434,0.237646484375,13304,0.000268949676,0.0324871,-0.015560621907934547,1.0018558502197266
-0.0018736039437842358,0.23734029873389306,-0.21916691877326575,-0.08598897219890804,-89.30501792999998,62137512,63.824425,0.0,83.06910455686257,-0.0064778645833333945,0.0005045569883400782,0.06781458088743438,-0.11056379563456466,-3.116148239149802e-08,0.0,0.0,10.468555877104496,116,239.71,-0.1502696191189133,0.01,-0.011827867150580533,-0.20107031332922343,0.0,-0.004110801754019122,4110,0.2588295,-0.45082954388981406,0.0,0.0,-0.13888120891379313,1.4400226504402733,0.0,-0.19333210769760464,-0.001052848002887274,-0.014164482888977533,-0.4504592465066835,-0.036782037976314144,-0.5,520,-0.02781498354456667,0.590469215,0.0,-0.009281228493718017,-34.07417182922363,0.9927491545677185,1.6897908866405487,0.2,0.2602721154689789,0.315576171875,13308,0.00026894046,0.03254673,-0.0035556915681809187,1.0017023086547852
-0.0018580761841408178,0.2350968919305548,-0.21885089110193767,-0.08570428672354402,-89.26534719,62155944,63.835944999999995,0.0,82.28391217569418,-0.006608072916666729,0.0008344180015329686,0.0675019547717033,-0.11058083464513958,-3.120416883675291e-08,0.0,0.0,10.239166021239564,117,244.17,-0.15000852963344363,0.01,-0.011567097084836088,-0.20251107711860208,0.0,-0.0045654869781737595,4110,0.2589063,-0.44537902717509237,0.0,0.0,-0.13574662776032012,1.4574993394377478,0.0,-0.19107932971767247,-0.0009536289578499962,-0.014394355052268944,-0.44178717208016277,-0.03702498822518244,-0.5,524,-0.028301432066180274,0.590451551,0.0,-0.009739804122040773,-34.06719856262207,0.9925710558891296,1.475689023733139,0.2,-0.023603081703186035,0.11845703125,13312,0.000268931244,0.012458909,-0.009297947527375072,1.001139760017395
-0.0019243971569971546,0.23295896822681228,-0.21834686140688642,-0.0870092004080078,-89.09114471999999,62174376,63.847465,0.0,81.5356388793843,-0.006716579861111175,0.00038031662633228634,0.06555526705956262,-0.11046800699244155,-3.197053137759397e-08,0.0,0.0,9.960771291312108,118,240.86,-0.15114127079814435,0.01,-0.012111667843702604,-0.2059311527336178,0.0,-0.003679278023635794,4111,0.2589831,-0.46743830763930827,0.0,0.0,-0.14042042205400052,1.421919111669447,0.0,-0.19949830843577404,-0.0011841001820820194,-0.015141638730727935,-0.45704874559485337,-0.03727523219045662,-0.5,529,-0.027760475897364814,0.590433887,0.0,-0.008368688958903981,-34.07069702148438,0.9966514706611633,0.804847675561905,0.2,0.008904039859771729,0.24632568359375,13316,0.000268922028,0.03219981,-0.008881620579631998,1.0015747547149658
-0.0019067432317838669,0.2334379423438387,-0.21378993617840658,-0.08426095036912057,-88.72995087,62192808,63.858985000000004,0.0,81.70327982034354,-0.00644531250000006,0.0004671222381552474,0.06837662953604313,-0.1106112229724125,-3.139307878327648e-08,0.0,0.0,10.03829927487023,119,244.44,-0.15037529761375248,0.01,-0.011858999472578232,-0.19875424749749734,0.0,-0.004409020630075241,4111,0.2590599,-0.45189411794922063,0.0,0.0,-0.13765184371413802,1.4294742471587862,0.0,-0.19336886741446424,-0.0010618367798369852,-0.014016246198605488,-0.44554759227728474,-0.03729227441587212,-0.5,533,-0.026692750334190916,0.590416223,0.0,-0.009256000672596403,-34.07273483276367,0.995461642742157,0.734269791841507,0.2,-0.18982632458209991,0.26492919921875,13320,0.00026891281199999996,0.022216002,-0.004994503210764378,1.0016815662384033
-0.001837640400428977,0.23555580893853273,-0.20895071003899965,-0.08210961056800375,-89.76426577000002,62211240,63.870505,0.0,82.44453312848646,-0.0062391493055556115,0.00039442256739776995,0.06514699908958896,-0.11042731997859453,-3.0703357542621176e-08,0.0,0.0,10.25260110157676,120,244.07,-0.1576625217962313,0.01,-0.011572854797975747,-0.19232834051586126,0.0,-0.005604498213468066,4111,0.2591367,-0.4412208689531912,0.0,0.0,-0.13539082356716037,1.4330821573242565,0.0,-0.185568024511052,-0.0013313500627164516,-0.013254125896034067,-0.44849696121844584,-0.037168665905168874,-0.5,537,-0.026693434499649154,0.590398559,0.0,-0.010938939045041075,-34.07570533752441,0.9982782602310181,0.35981633216142656,0.2,-0.240850031375885,0.24334716796875,13324,0.000268903596,0.026959505,-0.01416250659385696,1.0019545555114746
-0.0018536519947167434,0.23245324689412764,-0.2109365469811092,-0.08375886621699401,-89.66973424,62229672,63.882025,0.0,81.35863641294468,-0.006488715277777838,0.0006016705883666873,0.06792608943247978,-0.11053374234746421,-3.138008154687463e-08,0.0,0.0,9.968409178783043,121,246.25,-0.14984653381099725,0.01,-0.011676688679524419,-0.20095189164318628,0.0,-0.006562555732497513,4111,0.2592135,-0.4508112840993139,0.0,0.0,-0.13567827648727873,1.4235525694900983,0.0,-0.1893003275743398,-0.0010694391349180435,-0.014659033583422259,-0.4336096402534609,-0.037251661859985595,-0.5,542,-0.02701423947302924,0.590380895,0.0,-0.010834229579712782,-34.07834644317627,0.9944990873336792,0.945157715678215,0.2,-0.09411045908927917,0.23359375,13328,0.00026889438,0.01973374,-0.006624260474927724,1.0022202730178833
-0.0019168580081749998,0.2327374442455563,-0.21890734824249228,-0.08586428608873778,-89.46883865999999,62248104,63.893544999999996,0.0,81.45810548594471,-0.006618923611111172,0.0006483286916692224,0.0657606377360403,-0.11057612732088556,-3.251818863547778e-08,0.0,0.0,10.055384883345752,122,241.51,-0.15181228583403455,0.01,-0.011979465142078462,-0.20459318063047094,0.0,-0.004539470638693019,4111,0.2592903,-0.4569796399900707,0.0,0.0,-0.1388131843158363,1.4373711043355177,0.0,-0.19687560559248377,-0.0012712725371918357,-0.014714644720909602,-0.45139263834161003,-0.036947100288644966,-0.5,546,-0.02796037453952789,0.590363231,0.0,-0.00896167673312852,-34.08172340393067,0.9988843202590942,0.25092183500528337,0.2,-0.28171175718307495,0.21326904296875,13332,0.000268885164,0.02316475,-0.01687428638106212,1.002425193786621
-0.0019082662610614446,0.23808974694484508,-0.21690913219157873,-0.08653496524619123,-89.60519445,62266536,63.905065,0.0,83.33141143069578,-0.00646701388888895,0.00041286855573869415,0.06663265607625955,-0.11067837301843017,-3.283598340645502e-08,0.0,0.0,10.607395152240517,123,239.7,-0.15087297335880837,0.01,-0.011942516770318287,-0.20673073061671712,0.0,-0.003764794478015523,4112,0.2593671,-0.45848259211484954,0.0,0.0,-0.1388814211878577,1.4354938347842756,0.0,-0.20119953639631916,-0.0013846732129662162,-0.014219650560207353,-0.45708432566760293,-0.03710524618068936,-0.5,551,-0.02767813283457474,0.590345567,0.0,-0.009369797375661114,-34.06915645599365,0.99266517162323,1.3031922966241836,0.2,0.12525901198387146,0.34581298828125,13336,0.00026887594799999997,0.030031225,-0.0003858684445731342,1.0012643337249756
-0.0018728468485192796,0.23692421074300077,-0.21379609194017057,-0.08282124907899008,-89.36028279000001,62284968,63.916585,0.0,82.92347376005027,-0.00628255208333339,0.0007014973024423751,0.06672784096483621,-0.11043273266625488,-3.034817259695524e-08,0.0,0.0,10.512255640883597,124,244.35,-0.15696723139796057,0.01,-0.011584746260127309,-0.20029500634476122,0.0,-0.0058565423219265455,4112,0.2594439,-0.445746382002062,0.0,0.0,-0.1346874595010271,1.4390725992722089,0.0,-0.1942694522622674,-0.001302792405815243,-0.013962031702911508,-0.4452562836036516,-0.0369607531539077,-0.5,555,-0.02732905393239019,0.590327903,0.0,-0.010335099365976121,-34.06351737976074,0.9967465996742249,0.5773533180356025,0.2,-0.19217312335968018,0.1807861328125,13340,0.000268866732,0.02013289,-0.012907413672655821,1.0013396739959717
-0.0018618447013253052,0.23351344902127824,-0.20594745023687105,-0.0819688664507082,-89.47404452,62303400,63.928105,0.0,81.72970715744738,-0.006445312500000058,0.0009418398064250747,0.06702292857434419,-0.11032390993690729,-3.2361842830792683e-08,0.0,0.0,10.092197742856388,125,247.32,-0.15920765367945408,0.01,-0.011513748852548784,-0.19487777812278093,0.0,-0.006983026017658642,4113,0.2595207,-0.4347603456939357,0.0,0.0,-0.13316809721711587,1.4184247368848204,0.0,-0.19281532947191815,-0.0012947485553097054,-0.013574987038959777,-0.43053426606017314,-0.03716028966538927,-0.5,560,-0.026378587047656773,0.590310239,0.0,-0.01190763182401295,-34.07746562957764,0.9974589943885803,0.48644052147865297,0.2,-0.14058052003383636,0.21444091796875,13344,0.000268857516,0.027417947,-0.011880918801762164,1.0023750066757202
-0.0018906626571473953,0.2270727375581583,-0.20662814187763828,-0.08091325729646617,-89.67062270000002,62321832,63.939625,0.0,79.4754581453554,-0.006640625000000063,0.0005376515716003875,0.06857516742824679,-0.1105106203556025,-3.324529139102094e-08,0.0,0.0,9.508315856462456,126,245.34,-0.15850660997936986,0.01,-0.01169886356502365,-0.1967584327400429,0.0,-0.004176512658567956,4113,0.2595975,-0.44976050303490506,0.0,0.0,-0.13624409726812264,1.409433604645392,0.0,-0.19460352054790653,-0.0011407072101493048,-0.01420475383769078,-0.4516828089035422,-0.03681352038420135,-0.5,564,-0.026516043205203333,0.590292575,0.0,-0.010216962538025755,-34.08680934906006,0.9985471963882446,0.29287736117839813,0.2,-0.26102715730667114,0.26641845703125,13348,0.00026884829999999996,0.028727809,-0.014220573368947952,1.0028612613677979
-0.0018455978227224956,0.23240507031443125,-0.2040860445104557,-0.0827834147846764,-90.02171919000003,62340264,63.951145000000004,0.0,81.34177461005093,-0.006434461805555616,0.000617946669485213,0.06584717841384097,-0.11031110374837733,-3.169030675260517e-08,0.0,0.0,9.987526800572484,127,244.95,-0.15615848236421848,0.01,-0.011559260029325205,-0.19622384959897035,0.0,-0.005470778344299142,4113,0.2596743,-0.4394377252345913,0.0,0.0,-0.13388812883980805,1.4145518006662854,0.0,-0.1876197811250022,-0.0010968393871323987,-0.012977405525125796,-0.4325873090978203,-0.03706899984916089,-0.5,569,-0.026641831042903012,0.590274911,0.0,-0.01079991397596637,-34.08217487335205,0.9943282008171082,1.2100586235523223,0.2,-0.1082732081413269,0.278955078125,13352,0.000268839084,0.028133973,-0.004834572883555666,1.0023077726364136
-0.0018835907576024902,0.23095990297559849,-0.2137225528461238,-0.08357136521802382,-89.70227354000001,62358696,63.962665,0.0,80.83596604145947,-0.0068142361111111745,0.0009168830777828892,0.0685336216997063,-0.11061416262356122,-3.239388424322966e-08,0.0,0.0,9.823321908234684,128,244.05,-0.151777074844744,0.01,-0.011642696617010858,-0.19978893803057718,0.0,-0.005258024264789624,4114,0.2597511,-0.4475420313344311,0.0,0.0,-0.1355474031642069,1.42995343031257,0.0,-0.19446218511088653,-0.0009681369351749165,-0.013290878578139596,-0.4403375454686643,-0.03723829220719343,-0.5,573,-0.02759414677530193,0.590257247,0.0,-0.01063606953701108,-34.07409477233887,0.9921756386756897,1.7070593059062957,0.2,0.09136629104614258,0.17230224609375,13356,0.000268829868,0.016725456,-0.008434051659423857,1.0015507936477661
-0.0019171337175403896,0.23184616223092824,-0.2121918347553228,-0.08119661599196198,-90.14053982,62377128,63.974185,0.0,81.14615678082488,-0.006705729166666728,0.0008246523276385334,0.06625676252324347,-0.11032090477395813,-3.2834548059676427e-08,0.0,0.0,9.972075051236642,129,242.1,-0.1661193370222404,0.01,-0.011942610611237319,-0.199496878651213,0.0,-0.004532546342164002,4114,0.2598279,-0.4637195513174022,0.0,0.0,-0.14059334810962795,1.3943034553707732,0.0,-0.19338401557995666,-0.0014375506707655467,-0.013835592412733525,-0.4679181211727367,-0.03752921465485268,-0.5,577,-0.027231725791897563,0.590239583,0.0,-0.010465578743605874,-34.06990127563476,0.9956941604614258,0.5464268878102303,0.2,-0.19593296945095062,0.14853515625,13360,0.000268820652,0.019262532,-0.011437295086216182,1.0015392303466797
-0.0018663022977179105,0.23110568024377826,-0.20220601096430474,-0.08179388273368705,-90.57808440999999,62395560,63.985704999999996,0.0,80.88698808532239,-0.006629774305555618,0.0008105464350794338,0.06547342877598827,-0.11045627015663206,-3.064762231300462e-08,0.0,0.0,9.81605319875335,130,244.55,-0.15888346432424913,0.01,-0.011767258251599463,-0.1949172066442261,0.0,-0.005579697861531577,4114,0.2599047,-0.44308265720546214,0.0,0.0,-0.13641685796280745,1.403594248628072,0.0,-0.19351306133255372,-0.001126675297647684,-0.013151971896267739,-0.45015863119536487,-0.037979133021091904,-0.5,582,-0.026171357536826267,0.590221919,0.0,-0.010908421484701749,-34.074905967712404,0.9865506291389465,3.437829154729843,0.2,1.8186519145965576,0.1810302734375,13364,0.000268811436,0.020668572,-0.009083555114921182,1.0017271041870117
-0.0018642625089324548,0.2291896296310236,-0.20257340731831655,-0.08013622530635393,-90.60424210000001,62413992,63.99722499999999,0.0,80.21637037085826,-0.00670572916666673,0.000857204218239834,0.06562504606441107,-0.11051738744117631,-2.9832240666615766e-08,0.0,0.0,9.688390181987456,131,247.69,-0.15598867860315005,0.01,-0.011515764591053142,-0.19075839693216737,0.0,-0.006528314448772495,4115,0.2599815,-0.44438355251148115,0.0,0.0,-0.1339276344690322,1.4005248028069572,0.0,-0.19081323576301507,-0.0011687609461696815,-0.013252690570475551,-0.4415305188061968,-0.037312292310111225,-0.5,586,-0.026010183861093654,0.5902042550000001,0.0,-0.011387750228297792,-34.07191886901855,0.9950230121612549,1.075529980659485,0.2,0.058854371309280396,0.1829345703125,13368,0.00026880222,0.022237554,-0.013448257185518741,1.0015788078308105
-0.0018442122459965899,0.22659411697899726,-0.2028310350797352,-0.08097974574678984,-89.55008387,62432424,64.008745,0.0,79.30794094264904,-0.006553819444444507,0.0011018873709771368,0.06601414591788576,-0.11044429671490912,-2.8836715901885283e-08,0.0,0.0,9.304083857566772,132,245.8,-0.15012927264046086,0.01,-0.011502339602394733,-0.1922429174803569,0.0,-0.00456573758602295,4115,0.2600583,-0.43762745986912865,0.0,0.0,-0.1333224645879054,1.4264887587560329,0.0,-0.186536140825376,-0.001279015403404795,-0.013524601978413132,-0.43483540418756106,-0.03702902123701177,-0.5,591,-0.026653974512402,0.590186591,0.0,-0.0100167666354941,-34.07512798309326,0.9991176724433899,0.20462980642914771,0.2,-0.2970869243144989,0.251806640625,13372,0.00026879300399999996,0.027993629,-0.01931747463531792,1.0018155574798584
-0.0018513780845702443,0.22543229277341412,-0.20656063262937824,-0.08276260392267414,-89.67066787,62450856,64.020265,0.0,78.90130247069494,-0.0066731770833333955,0.0008138014753866526,0.0634532795550892,-0.11054628289525983,-2.9437951888364578e-08,0.0,0.0,9.286731956393828,133,246.27,-0.1526308304417909,0.01,-0.011480764911174042,-0.19314396236633102,0.0,-0.006140654104925991,4116,0.2601351,-0.43686814296474985,0.0,0.0,-0.1334709193469369,1.4237988648882551,0.0,-0.1943327665606616,-0.0013372119666733794,-0.014123690708152793,-0.43382247310889827,-0.03703079680202563,-0.5,595,-0.026955644529998123,0.590168927,0.0,-0.01063023691434258,-34.07932605743408,0.9991242289543152,0.20669362992048262,0.2,-0.280751496553421,0.32576904296875,13376,0.000268783788,0.03611922,-0.016109038982540368,1.0023744106292725
-0.0018868512138150969,0.23137091070348625,-0.20735044353349177,-0.08333083430211002,-90.4242569,62469288,64.031785,0.0,80.97981874622019,-0.0070095486111111755,0.0007617181464512316,0.06407985297449006,-0.11060323131271643,-3.136328986004042e-08,0.0,0.0,9.995140920858956,134,243.84,-0.15953057166548865,0.01,-0.011885247631461544,-0.19432229743837834,0.0,-0.005358866556196775,4117,0.2602119,-0.4532503285125587,0.0,0.0,-0.13961035977542968,1.3964744769289605,0.0,-0.1975320195447709,-0.0017546450471207624,-0.014966525977314675,-0.4561465280799569,-0.03709113933554345,-0.5,599,-0.026541866585316685,0.590151263,0.0,-0.010490128408289619,-34.08610858917236,0.9992521405220032,0.19744964838027954,0.2,-0.27677953243255615,0.31431884765625,13380,0.000268774572,0.036745902,-0.015116772940382361,1.0028173923492432
-0.0019090053177673104,0.23952742087488116,-0.2032997456500239,-0.07985631726586728,-89.25473361999998,62487720,64.043305,0.0,83.83459730620841,-0.006770833333333396,0.0008072909064746151,0.06852050841255802,-0.11057256838449471,-3.0154654463914734e-08,0.0,0.0,10.66885546276952,135,243.34,-0.15819040286463093,0.01,-0.011967053957418443,-0.1899507738232199,0.0,-0.003719105973633919,4117,0.2602887,-0.45298297933418863,0.0,0.0,-0.1386938397335306,1.4127846854202077,0.0,-0.19598118776788576,-0.0014381269622303276,-0.014680235217342748,-0.4537916019258541,-0.037510457020999394,-0.5,604,-0.025631764699662427,0.5901335990000001,0.0,-0.009852380221774284,-34.06527964274088,0.9914973974227905,2.033370190196567,0.2,0.4264754354953766,0.2636447482638889,13382,0.000268765356,0.040990982,0.002752405953490072,1.0008516311645508
-0.0019072392763818476,0.23236401866224565,-0.20808363566153168,-0.08267814626639053,-88.15947700999999,62506152,64.054825,0.0,81.32740653178598,-0.007009548611111172,0.0007313362956564459,0.06788597831382595,-0.11064371865619847,-3.05113181481569e-08,0.0,0.0,9.88756680917721,136,239.4,-0.14659474712072657,0.01,-0.011940817064223825,-0.1970008221056298,0.0,-0.0022194001346183337,4106,0.2603655,-0.45946834935166986,0.0,0.0,-0.13857548661295194,1.4292838470608504,0.0,-0.19613903463997126,-0.002058894749071865,-0.015022456432593404,-0.45162815142250934,-0.03691834755976432,-0.5,610,-0.026692090773730914,0.590115935,0.0,-0.007546479157301494,-34.07491035461426,0.9930450916290283,1.598399093747139,0.2,0.5470273494720459,0.16712646484375,13386,0.00026875613999999997,0.020743946,-0.008390694099944085,1.0017666816711426
-0.0019087622055146726,0.22646416694220098,-0.21432003368363975,-0.08232560632174103,-89.04396926000001,62524584,64.06634500000001,0.0,79.26245842977035,-0.006966145833333397,0.0006353077575719605,0.06664903868469424,-0.11070147524064682,-3.029670487743957e-08,0.0,0.0,9.341421910173613,137,238.03,-0.1520024856682231,0.01,-0.011871039446492896,-0.19629013651270913,0.0,-0.0029338139286949672,4106,0.2604423,-0.4557536310822569,0.0,0.0,-0.13809028625364714,1.441314532690547,0.0,-0.19597154509480022,-0.001396936920458385,-0.014490762920373212,-0.4547345935207692,-0.03672759202210487,-0.5,614,-0.026886952335235224,0.590098271,0.0,-0.00848479012428369,-34.07245502471924,0.9931175112724304,1.4604407727718354,0.2,0.2894919216632843,0.14669189453125,13390,0.000268746924,0.014496231,-0.010961311549181119,1.0015243291854858
-0.0018830995820766192,0.23023197987052077,-0.2111030884009625,-0.08242204981640026,-88.37857985,62543016,64.077865,0.0,80.58119295468227,-0.006597222222222283,0.0006418182294712298,0.0651470710511381,-0.11048400894239888,-2.9601283281978346e-08,0.0,0.0,9.642116602537461,138,243.33,-0.147963923834458,0.01,-0.011791405020139383,-0.19346046004341053,0.0,-0.004328719211283725,4107,0.2605191,-0.4528059357019708,0.0,0.0,-0.13806913120353392,1.4253242443393932,0.0,-0.19207604972718595,-0.001958450982460328,-0.015180678495039337,-0.4420030567649525,-0.037012758881231574,-0.5,619,-0.02689975749488823,0.590080607,0.0,-0.009600508885341696,-34.06748943328857,0.988020658493042,2.180730676651001,0.2,0.4267037510871887,0.11241455078125,13394,0.000268737708,0.012569534,-0.01113715951796621,1.001131534576416
-0.0018750345940850314,0.2308962609936463,-0.2077496427218575,-0.08083048359138867,-88.66779717,62561448,64.089385,0.0,80.8136913477762,-0.006911892361111178,0.0005691183776232518,0.06658733521216112,-0.11065904055515333,-3.067120068313712e-08,0.0,0.0,9.922138334788288,139,242.39,-0.15140450122383875,0.01,-0.011673311913026084,-0.19510672310764984,0.0,-0.00308781875684745,4107,0.2605959,-0.4577571095121542,0.0,0.0,-0.1363285656270987,1.412887449196326,0.0,-0.194440024152559,-0.0013231384224034976,-0.014812191437036342,-0.4552939862886385,-0.037342318466142915,-0.5,623,-0.026509392513727328,0.5900629430000001,0.0,-0.008788608693672964,-34.06861114501953,0.9976921677589417,0.4198014438152313,0.2,-0.2099999487400055,0.18927001953125,13398,0.00026872849199999996,0.023301434,-0.016650996077805756,1.0013391971588135
-0.001900116462984664,0.23460974464654807,-0.20775076784661634,-0.08156741940681239,-89.35662081000001,62579880,64.100905,0.0,82.11341062629182,-0.006716579861111175,0.0004774301196448505,0.0651604024679359,-0.11051397946412621,-2.9407563094333597e-08,0.0,0.0,10.248671059531784,140,240.21,-0.15226329582655018,0.01,-0.01192546028007423,-0.19104061527283425,0.0,-0.0035465956811675833,4108,0.2606727,-0.4532630806633055,0.0,0.0,-0.13863841745908148,1.4196787633530914,0.0,-0.1927362769109388,-0.0015348390641192692,-0.014862749640747195,-0.44874346426011336,-0.03697571707677952,-0.5,628,-0.026446967336979803,0.590045279,0.0,-0.009038445680441024,-34.07882919311523,0.9982467293739319,0.3804608047008514,0.2,-0.19213736057281494,0.28431396484375,13402,0.000268719276,0.032037973,-0.01587171950377524,1.0023456811904907
-0.0018575937973324558,0.23443439143806116,-0.20787030036550483,-0.08227565162626632,-90.6295843,62598312,64.112425,0.0,82.0520370033214,-0.0064670138888889474,0.0006743704854872905,0.06301079664973952,-0.11044432225475921,-2.9154085016064683e-08,0.0,0.0,10.163177697452914,141,240.05,-0.1549186343857678,0.01,-0.011744716425429758,-0.18921084204272745,0.0,-0.0049354168794759345,4108,0.2607495,-0.4464966981565452,0.0,0.0,-0.13768856410559593,1.4191493158133266,0.0,-0.19372848306321422,-0.0016923579479970175,-0.014613437532219787,-0.45522102485482435,-0.03724374222264299,-0.5,632,-0.025948526015890264,0.590027615,0.0,-0.010711753249375356,-34.07664031982422,0.9875256419181824,2.7344815731048584,0.2,0.6408582329750061,0.30233154296875,13406,0.00026871006,0.03094099,-0.004220845201052726,1.0017613172531128
-0.001918910451595325,0.22969841033750538,-0.20337462151321162,-0.07847622903532316,-90.89044863000001,62616744,64.12394499999999,0.0,80.39444361812689,-0.00684678819444451,0.000586479743813268,0.06323929518998878,-0.11045621035003672,-3.056670546471791e-08,0.0,0.0,9.739008705527375,142,239.43,-0.15027463740600985,0.01,-0.012004756743053867,-0.18700795267974263,0.0,-0.004599013632523185,4109,0.2608263,-0.46276767443745087,0.0,0.0,-0.1407018360773137,1.3714703785130176,0.0,-0.19990247492628366,-0.0021106969577569675,-0.01632725889204056,-0.45502034616248405,-0.038137617874783744,-0.5,636,-0.025173138820394698,0.590009951,0.0,-0.00905200810262209,-34.06667022705078,0.9907935857772827,2.049793404340744,0.2,0.22689759731292725,0.1035888671875,13410,0.000268700844,0.012866939,-0.010375877819024026,1.0010472536087036
-0.0019328772281418185,0.22887368574239217,-0.20465957567436752,-0.08037361213562501,-89.29524683999998,62635176,64.135465,0.0,80.10579000983726,-0.006749131944444508,0.0006895613882483707,0.06616283421798493,-0.11056779536849741,-3.0473293022156994e-08,0.0,0.0,9.55416962780791,143,242.33,-0.15108466449738658,0.01,-0.012117195769830932,-0.1923152067181297,0.0,-0.004615546305902499,4109,0.2609031,-0.45751462655804076,0.0,0.0,-0.13986676167033785,1.4007381202326488,0.0,-0.1962926397722301,-0.0018892560867198728,-0.015972318547273687,-0.4591912933042498,-0.03768722791286241,-0.5,641,-0.02571778263908492,0.5899922870000001,0.0,-0.009201069296169508,-34.06445369720459,0.9927759766578674,1.4279888212680816,0.2,0.21680080890655518,0.12369384765625,13414,0.000268691628,0.014064861,-0.010735359392128885,1.000882863998413
-0.0019116452524080031,0.23222790899020193,-0.19767713679111681,-0.07830927808463418,-90.29841269,62653608,64.146985,0.0,81.27976814657067,-0.006586371527777839,0.000733506652371337,0.06667934879500481,-0.11063298884288136,-3.033905407602849e-08,0.0,0.0,9.887684854661517,144,237.58,-0.15063265631626763,0.01,-0.011957120332400895,-0.18633721682873394,0.0,-0.0046497032455446756,4110,0.2609799,-0.45164302932380973,0.0,0.0,-0.13848278974272865,1.3773802306140441,0.0,-0.19643466431710602,-0.0014348707761852513,-0.015251663009463965,-0.4513136758053491,-0.037824333240554175,-0.5,645,-0.024450262924706968,0.589974623,0.0,-0.009176114095478423,-34.06304454803467,0.993162989616394,1.3211407124996186,0.2,-0.17093434929847717,0.119140625,13418,0.000268682412,0.017888175,-0.00902306919451803,1.000992774963379
-0.0019052235530727735,0.23092359924237532,-0.19703207531395944,-0.07872613759081362,-90.79498917,62672040,64.15850499999999,0.0,80.82325973483137,-0.006553819444444505,0.0006244572416310095,0.06405600319178797,-0.11045204969800362,-2.92648334604087e-08,0.0,0.0,9.998011352369396,145,236.23,-0.1495555456861473,0.01,-0.011877977119761683,-0.18795415475926058,0.0,-0.005206046412953388,4110,0.2610567,-0.45046998450951,0.0,0.0,-0.1376222213343933,1.3855847141263626,0.0,-0.19851059192529816,-0.0023005002414970494,-0.015915327350541374,-0.4474345518901972,-0.03763240175684189,-0.5,650,-0.024686737396194022,0.589956959,0.0,-0.009221685692965467,-34.067434310913086,0.9796387553215027,4.695755028724671,0.2,0.955269455909729,0.163134765625,13422,0.00026867319599999996,0.018392343,-0.008938771800603717,1.0010831356048584
-0.0018753090524481842,0.22468745886306501,-0.20784493209935193,-0.08195119689102436,-89.00133321,62690472,64.17002500000001,0.0,78.64061060207275,-0.006347656250000059,0.0004763454328187638,0.0640888260851441,-0.11051793386561518,-2.9701208705679456e-08,0.0,0.0,9.200521358993235,146,243.32,-0.1459496471918974,0.01,-0.01167827822578197,-0.1941609126644657,0.0,-0.006028241272403273,4111,0.2611335,-0.43627088598019037,0.0,0.0,-0.13426030186705962,1.432378510077764,0.0,-0.1904429599311751,-0.0011889321769925432,-0.014817042339058513,-0.42772368232407465,-0.03738017552278369,-0.5,654,-0.026611808907164285,0.589939295,0.0,-0.010058271608108448,-34.06272735595703,0.9815617203712463,4.327767467498779,0.2,1.5249943733215332,0.1007568359375,13426,0.00026866397999999997,0.0114389295,-0.00933833149028942,1.0007119178771973
-0.001918550370085988,0.22675872026572744,-0.2018428633604087,-0.07915763571726879,-88.59821466000001,62708904,64.181545,0.0,79.36555209300461,-0.006477864583333393,0.0005246309123726354,0.06400983513155248,-0.11055968990849852,-3.095332795624801e-08,0.0,0.0,9.485920425202346,147,243.93,-0.14561853227819566,0.01,-0.011878477428315262,-0.18887090243958551,0.0,-0.004531644112107287,4111,0.2612103,-0.4550912622656926,0.0,0.0,-0.1373309662854375,1.388147099584415,0.0,-0.19696628599290472,-0.0016425515234986233,-0.015504293094735718,-0.4382390456751653,-0.03769368129587532,-0.5,659,-0.025332411871172033,0.5899216310000001,0.0,-0.009577586600143049,-34.0633020401001,0.9944461584091187,0.9221015036106109,0.2,-0.04589393734931946,0.1111328125,13430,0.000268654764,0.016566897,-0.012758819689042866,1.0009057521820068
-0.0019645601210827473,0.227374816925147,-0.19452433778601924,-0.07835773743315705,-89.03952335999999,62727336,64.19306499999999,0.0,79.58118592380144,-0.006694878472222286,0.0007486975518986583,0.06556811560138119,-0.11050766098518637,-3.07479576855922e-08,0.0,0.0,9.558165125523951,148,243.48,-0.14943913074436083,0.01,-0.012200255593413162,-0.19075923383051305,0.0,-0.004796404409781417,4111,0.2612871,-0.45497099155394,0.0,0.0,-0.1394892683047484,1.375567971638473,0.0,-0.20123631692505822,-0.001660416081576543,-0.016029436753921242,-0.4549322532887229,-0.03838652306537463,-0.5,663,-0.024453365320254886,0.589903967,0.0,-0.008732185289975151,-34.074429512023926,0.9984021186828613,0.2921607382595539,0.2,-0.24703682959079742,0.22987060546875,13434,0.000268645548,0.028774586,-0.016175039391964675,1.00193452835083
-0.0019039109279614034,0.23306032496404064,-0.190404522369853,-0.07906319816846535,-89.18968991,62745768,64.204585,0.0,81.57111373741422,-0.00630425347222228,0.000410156162817859,0.06797284055400182,-0.11064090578183497,-2.9613483959753068e-08,0.0,0.0,10.117927976351602,149,241.12,-0.1450178904783149,0.01,-0.01175706386377897,-0.19068654437028112,0.0,-0.004890292187848112,4111,0.2613639,-0.44490357448251544,0.0,0.0,-0.13478789624527787,1.3860749389605507,0.0,-0.19279125957415835,-0.0015768853788581535,-0.01538130247083127,-0.43766209707924375,-0.03753652836027869,-0.5,667,-0.023880965905888465,0.589886303,0.0,-0.008100949190621678,-34.08039455413818,0.9980571866035461,0.4762789309024811,0.2,-0.19489440321922302,0.2775146484375,13438,0.00026863633199999997,0.026427492,-0.011436375079210848,1.0023455619812012
-0.0018743643969284841,0.2319332406565115,-0.2064497221476754,-0.08138796512709386,-88.75590948000003,62764200,64.216105,0.0,81.17663422977903,-0.006586371527777839,0.0009418397482174138,0.06870672228868112,-0.11063984932950291,-3.018441873504823e-08,0.0,0.0,9.994547791147983,150,239.5,-0.1415780577270866,0.01,-0.011586381007621546,-0.19983680375158897,0.0,-0.003332894497411861,4112,0.2614407,-0.4422479777440539,0.0,0.0,-0.13329868245191473,1.442121557464772,0.0,-0.19026101156870778,-0.0014540075942404411,-0.015705880629345245,-0.4316214419764484,-0.037512501978979304,-0.5,672,-0.026894078092820326,0.589868639,0.0,-0.008493333925596543,-34.08359661102295,0.9970749020576477,0.7323215305805206,0.2,0.08171442151069641,0.25791015625,13442,0.000268627116,0.02918576,-0.011052793450653553,1.002709150314331
-0.0019500605863658562,0.22330220645209775,-0.20222543109676816,-0.0808346118580786,-88.96398458,62782632,64.227625,0.0,78.15577225823421,-0.006944444444444509,0.0008072912266167501,0.06599968838418609,-0.11047350063802322,-2.9779040605755117e-08,0.0,0.0,9.058219024927784,151,239.67,-0.1452274695078588,0.01,-0.012122146932153225,-0.19322141604419307,0.0,-0.0038721672914330558,4112,0.2615175,-0.4565671363426047,0.0,0.0,-0.1390201323213309,1.3887370355688036,0.0,-0.19744992846400677,-0.00174365125578563,-0.015785482201039883,-0.44552494783292995,-0.037690348936880336,-0.5,676,-0.02566869224314021,0.589850975,0.0,-0.008215693752087342,-34.088118934631346,0.9965916275978088,0.6814625203609467,0.2,-0.03776705265045166,0.2857421875,13446,0.0002686179,0.027362874,-0.008417856844607741,1.0029942989349365
-0.001928356915092384,0.22936164487444916,-0.19986834485001884,-0.07897405261559828,-89.73524431,62801064,64.23914500000001,0.0,80.2765757060572,-0.0068793402777778435,0.0007486976004050424,0.06512124934364875,-0.11054436508037052,-2.986463923018342e-08,0.0,0.0,9.673626384208115,152,241.32,-0.14982029277872652,0.01,-0.011945527321032295,-0.19261906225681544,0.0,-0.004359505745162077,4112,0.2615943,-0.4560391890191082,0.0,0.0,-0.13718416082901735,1.3977668841739297,0.0,-0.19418148928662668,-0.001566154192282948,-0.016155549944423985,-0.44683493701210836,-0.03795518178471583,-0.5,681,-0.025234210150445656,0.589833311,0.0,-0.008614184300919684,-34.08750534057617,0.9948145747184753,1.302347880601883,0.2,0.0037328898906707764,0.29915771484375,13450,0.00026860868399999996,0.027117163,-0.008797482610680163,1.0029017925262451
-0.001921257705460147,0.22641851137303634,-0.1989401966617611,-0.07953697543944444,-88.95922119000001,62819496,64.250665,0.0,79.24647898056271,-0.006749131944444511,0.0013259542303987676,0.06838656552110363,-0.11053363066120171,-2.958708680237867e-08,0.0,0.0,9.418763341026725,153,243.35,-0.14930643714899022,0.01,-0.011962415124310033,-0.18894079689904394,0.0,-0.004711239770230826,4113,0.2616711,-0.4491337831690173,0.0,0.0,-0.13746691567919758,1.3976655011942007,0.0,-0.19486948691289752,-0.0014484240744146175,-0.015502283772273855,-0.444633234437668,-0.03755620832922993,-0.5,685,-0.02518321415613631,0.589815647,0.0,-0.009531200706583655,-34.081414794921876,0.9925470352172852,1.7601655036211015,0.2,0.0942029356956482,0.27529296875,13454,0.000268599468,0.024219656,-0.00735616849269718,1.0021710395812988
-0.0018663622270698845,0.2299609288433714,-0.20169550257286795,-0.07847321236265416,-89.61013759999997,62837928,64.26218499999999,0.0,80.48632509517999,-0.006412760416666726,0.0010769312308790784,0.06336469039187946,-0.11050973568613315,-2.866419034058468e-08,0.0,0.0,9.79964219198447,154,244.36,-0.1463466338430702,0.01,-0.011636212468183811,-0.18615743095600493,0.0,-0.0054815971944958885,4113,0.2617479,-0.43816887811364746,0.0,0.0,-0.1339241862510862,1.4051696755986705,0.0,-0.189139979963622,-0.0017762356869885211,-0.015043115888033701,-0.4403585461036706,-0.03663731879862719,-0.5,690,-0.025458513278776004,0.589797983,0.0,-0.009950035940467691,-34.0767744064331,0.9948582649230957,1.208125513792038,0.2,0.06714770197868347,0.2147216796875,13458,0.000268590252,0.02341041,-0.008755540288984776,1.0022151470184326
-0.0018913090908195744,0.22580992124661425,-0.20388356569517774,-0.07903314557228468,-89.77971203999999,62856360,64.273705,0.0,79.033472436315,-0.006684027777777841,0.0010921220786662565,0.06471495721662383,-0.11059979092988584,-2.9555120994969727e-08,0.0,0.0,9.520720969754233,155,242.16,-0.14918283563335957,0.01,-0.011789283339246039,-0.18692743161466263,0.0,-0.0045679014457385885,4113,0.2618247,-0.4449108343382102,0.0,0.0,-0.13637117149477246,1.4069597406952554,0.0,-0.19220227311533197,-0.0017460285326556702,-0.015449676126259505,-0.4425343260609174,-0.03784818149294921,-0.5,694,-0.025702175690806114,0.589780319,0.0,-0.010011479169608921,-34.082898712158205,0.9983720779418945,0.3889529421925545,0.2,-0.21425549685955048,0.29078369140625,13462,0.000268581036,0.02744883,-0.01036205047275871,1.0024960041046143
-0.0018847200770002394,0.2279605435305438,-0.2050779368070224,-0.08021713033193502,-89.15435120000001,62874792,64.285225,0.0,79.78619023569033,-0.00675998263888895,0.001293402443277753,0.06387194962086817,-0.11035721233518328,-2.9344548951217944e-08,0.0,0.0,9.532885605832462,156,243.65,-0.15385230385874885,0.01,-0.011898129181998906,-0.1913897062742001,0.0,-0.005357867610379862,4114,0.2619015,-0.4457054816478836,0.0,0.0,-0.13940100192307298,1.4116636831113265,0.0,-0.19275563584230201,-0.00158967267361055,-0.015076527987578057,-0.44872366054381285,-0.0372398807855083,-0.5,698,-0.026144849589663007,0.589762655,0.0,-0.009472879615107862,-34.07257919311523,0.989395260810852,2.5993427515029905,0.2,0.9780626893043518,0.34742431640625,13466,0.00026857182,0.03610322,-0.0028111315914429724,1.0014972686767578
-0.0019313802163675186,0.2292916594030315,-0.20176145788941738,-0.07939347849000965,-89.38661494,62893224,64.296745,0.0,80.25208079106103,-0.006727430555555618,0.0009738494279897875,0.06570569761209381,-0.1104757807844212,-3.0118356874118784e-08,0.0,0.0,9.696759372883673,157,240.79,-0.1495498067713792,0.01,-0.012080399230866208,-0.18455455216437783,0.0,-0.004452067821764312,4114,0.2619783,-0.45118634781592093,0.0,0.0,-0.14031523065160256,1.3800312756651636,0.0,-0.19410818574565508,-0.0014848988761804454,-0.01497838659117449,-0.4471871775641363,-0.03740644161695819,-0.5,703,-0.025002296032340585,0.589744991,0.0,-0.009599424799994772,-34.07045135498047,0.9982684850692749,0.38347228467464445,0.2,-0.22645319998264313,0.23074951171875,13470,0.000268562604,0.025942197,-0.015703616640530528,1.0017718076705933
-0.0019222688552000598,0.22527701312563572,-0.19799084497635333,-0.07832614244193793,-88.77818706999999,62911656,64.308265,0.0,78.8469545939725,-0.00682508680555562,0.0008702251361683011,0.06828065017677025,-0.11044639923948953,-3.0466840404729805e-08,0.0,0.0,9.318097211791065,158,242.67,-0.15065013443293473,0.01,-0.011880814817413161,-0.18813335373830695,0.0,-0.003695130926872218,4114,0.2620551,-0.447393923358427,0.0,0.0,-0.13685179532873004,1.4078656508210186,0.0,-0.19511268946785626,-0.0015321132955198177,-0.014964236925268295,-0.44332728322680637,-0.037418193248523385,-0.5,707,-0.025140558817691845,0.589727327,0.0,-0.009633468337900316,-34.07412548065186,0.9850580096244812,3.9670342326164247,0.2,1.3331756591796875,0.2942626953125,13474,0.00026855338799999996,0.03530227,-0.0059427993837744,1.0018519163131714
-0.0018788423240463216,0.22587648240698704,-0.1979684861606695,-0.07813872069844224,-89.08814047,62930088,64.319785,0.0,79.05676884244546,-0.00672743055555562,0.0013845480215321812,0.06497141544218993,-0.11023231807990735,-2.945225188043093e-08,0.0,0.0,9.3621037752935,159,244.62,-0.14709545128442034,0.01,-0.0117061222364915,-0.1826974723187889,0.0,-0.004982227150419196,4115,0.2621319,-0.44124007747336763,0.0,0.0,-0.1359538560795244,1.3978145342330341,0.0,-0.18611909210035266,-0.0019340580795159795,-0.0148687035818527,-0.434743414051469,-0.037365775047947254,-0.5,712,-0.02503523069728192,0.589709663,0.0,-0.010281117033122832,-34.07810173034668,0.998805820941925,0.2556191757321358,0.2,-0.27244216203689575,0.19141845703125,13478,0.00026854417199999997,0.02116365,-0.014058690587989985,1.002121925354004
-0.0018836412827097217,0.22626595629697668,-0.2013503572466684,-0.0794540410431307,-89.65299309,62948520,64.331305,0.0,79.19308470394184,-0.00642361111111117,0.0006548391538672149,0.06477752234426366,-0.11028878665218639,-3.038856700356432e-08,0.0,0.0,9.432306689536535,160,245.15,-0.15233705097875908,0.01,-0.01176794793223357,-0.18760105133245097,0.0,-0.006205085881822348,4115,0.2622087,-0.4362461371820532,0.0,0.0,-0.1365314699894528,1.4020425747913743,0.0,-0.19233038086316215,-0.0016924918680693622,-0.014641601690498184,-0.4389075851279967,-0.0375971892349401,-0.5,716,-0.025518112432814724,0.589691999,0.0,-0.010283558344882395,-34.08395652770996,0.9984803795814514,0.38506491780281066,0.2,-0.12797650694847107,0.2850341796875,13482,0.000268534956,0.030571405,-0.013415004871785641,1.0027010440826416
-0.0018989268262829817,0.21797938077603118,-0.20814592482432356,-0.08129416830790914,-88.93492936999999,62966952,64.342825,0.0,76.29278327161092,-0.0065321180555556165,0.0009277343504234321,0.06092267981605039,-0.11053813831460493,-2.8980366028181874e-08,0.0,0.0,8.70726665917447,161,241.58,-0.1481912481571575,0.01,-0.011883663896862063,-0.1929207409713456,0.0,-0.003678167979660319,4115,0.2622855,-0.44857350387174866,0.0,0.0,-0.1390849396259532,1.4160046076155492,0.0,-0.1917581549415309,-0.0018185573266194482,-0.015196081512042194,-0.4533770171773887,-0.037540908000077707,-0.5,720,-0.026385304295173533,0.589674335,0.0,-0.009133930623647757,-34.083438873291016,0.9981291890144348,0.40639480352401736,0.2,-0.17757603526115417,0.2633056640625,13486,0.00026852574,0.022849286,-0.00885501850862056,1.0025596618652344
-0.0019058366700095246,0.22198859786514602,-0.2116932050336869,-0.08369914090448936,-88.53300379000001,62985384,64.354345,0.0,77.6960092528011,-0.006738281250000064,0.0009917532701769636,0.06372029329219644,-0.11036868418080575,-2.9958787693060237e-08,0.0,0.0,9.08204893764497,162,240.74,-0.14385137249339938,0.01,-0.01190022858463165,-0.19385011911385142,0.0,-0.003778134009789716,4116,0.2623623,-0.44732490167634226,0.0,0.0,-0.13750077847855174,1.4340816284719244,0.0,-0.19321426352475815,-0.0015471422722584177,-0.015329565346347686,-0.43805005782820255,-0.03743897958975682,-0.5,725,-0.026978480287436952,0.589656671,0.0,-0.009417810973698378,-34.07927913665772,0.9932880997657776,1.1183570355176926,0.2,-0.05778932571411133,0.28839111328125,13490,0.00026851652399999997,0.029929698,-0.003770336660090834,1.0020256042480469
-0.0019049900991133983,0.2265881408628744,-0.2025596333315115,-0.08093793215912032,-88.69112432,63003816,64.365865,0.0,79.30584930200604,-0.006575520833333393,0.0008083764696493745,0.06449915334951715,-0.11034212287573295,-2.9698220874573833e-08,0.0,0.0,9.478785945303386,163,242.43,-0.14980747166582617,0.01,-0.011868421818332912,-0.1896518658271295,0.0,-0.0045448610793434345,4106,0.2624391,-0.44194690604726106,0.0,0.0,-0.1374280542439806,1.4093988049498714,0.0,-0.19107231744246708,-0.0015443942009678443,-0.014449689934637612,-0.44353631417992284,-0.03713583403471666,-0.5,731,-0.025560685067348966,0.589639007,0.0,-0.009577587544400658,-34.07464542388916,0.9955562949180603,0.8304211318492889,0.2,-0.17181247472763062,0.15484619140625,13494,0.000268507308,0.015432293,-0.01019974690862,1.0018482208251953
-0.0019229026646863804,0.22255635827395048,-0.21013927261335094,-0.08250422576171441,-88.71814216000001,63022248,64.377385,0.0,77.89472539588267,-0.006521267361111172,0.0008816186843129495,0.06395771807958898,-0.11040493791155104,-2.9616353384690616e-08,0.0,0.0,9.119738097087662,164,241.97,-0.14873238922476087,0.01,-0.01198263486699725,-0.19603434555368776,0.0,-0.004642046811421332,4106,0.2625159,-0.45043726284772606,0.0,0.0,-0.13832936824426725,1.4317523889043746,0.0,-0.193736882060696,-0.0012305310647575882,-0.014356588669535689,-0.4462539791851936,-0.03726014561918958,-0.5,736,-0.027015438028628005,0.589621343,0.0,-0.010355986195564684,-34.077383041381836,0.9937577247619629,1.3260379239916802,0.2,-0.11922316253185272,0.23497314453125,13498,0.000268498092,0.025771474,-0.006873786530923099,1.0020853281021118
-0.0019418439122052536,0.22490326598507676,-0.20925939023299317,-0.08374578347412064,-88.52100974000001,63040680,64.388905,0.0,78.71614309477687,-0.006542968750000062,0.000665147355498953,0.06557239726759241,-0.11059483839392328,-3.187106085560537e-08,0.0,0.0,9.288112625765041,165,241.84,-0.14705184035354546,0.01,-0.01211200560916987,-0.1952676421501664,0.0,-0.004366145496960875,4107,0.2625927,-0.4550612732534725,0.0,0.0,-0.1400064503856873,1.4205868089481248,0.0,-0.20216925169310263,-0.001470512447390695,-0.014726202811228023,-0.43883040522021594,-0.03736054316182399,-0.5,740,-0.02639663550238107,0.589603679,0.0,-0.008757820100678751,-34.07959880828857,0.9937835931777954,1.4945897877216339,0.2,0.04776999354362488,0.192431640625,13502,0.00026848887599999996,0.018808872,-0.00870999846374616,1.0022138357162476
-0.0019100003594539254,0.22295847839936844,-0.2117752640298104,-0.08424152152773468,-89.11878045999998,63059112,64.400425,0.0,78.03546743977896,-0.006684027777777842,0.000588649993814114,0.06642090560926568,-0.11048855266874955,-3.0146202548295705e-08,0.0,0.0,9.111066352156024,166,239.02,-0.14453632877855987,0.01,-0.011946072405342286,-0.1982326356917231,0.0,-0.0038302169230347125,4107,0.2626695,-0.45137306903471974,0.0,0.0,-0.13873580781784237,1.4286128967981386,0.0,-0.19427912549327753,-0.0012092838238406455,-0.014975662862952495,-0.4402807843973195,-0.037211222509708985,-0.5,744,-0.026899336682380013,0.589586015,0.0,-0.009083340165994337,-34.07318325042725,0.9943850040435791,0.8900421097874641,0.2,-0.11159072816371918,0.15087890625,13506,0.00026847966,0.014818834,-0.006486370810307562,1.0015801191329956
-0.0019213362211322838,0.22576630815565524,-0.2046898788710026,-0.08133241928598531,-89.52586493999998,63077544,64.411945,0.0,79.01820785447933,-0.006803385416666733,0.0010904944178441332,0.064540581721973,-0.11022619625796519,-2.961681900034851e-08,0.0,0.0,9.359037249978062,167,240.64,-0.1489033011703195,0.01,-0.011950067256805743,-0.19021122388038234,0.0,-0.004923388923863663,4107,0.2627463,-0.45042294546280853,0.0,0.0,-0.13868669826403865,1.4107047628314684,0.0,-0.19425009258227754,-0.0014984262716345306,-0.014637117044584973,-0.44565976781797306,-0.03791650221449668,-0.5,749,-0.025847172467797393,0.589568351,0.0,-0.009632653737854626,-34.07275390625,0.987623929977417,3.046003299951553,0.2,0.5834605693817139,0.20286865234375,13510,0.000268470444,0.02033626,-0.007038091798312962,1.0015757083892822
-0.0018972117066696874,0.22617861674427953,-0.20335605976025747,-0.07972130835909229,-88.88811033999998,63095976,64.423465,0.0,79.16251586049783,-0.006814236111111176,0.0009033201495185494,0.06502936969811526,-0.11025724560225525,-2.9799096001937666e-08,0.0,0.0,9.496446963605866,168,243.6,-0.14757051792673326,0.01,-0.011825742812268936,-0.18689293528701426,0.0,-0.004757443014050818,4108,0.2628231,-0.44132565155219644,0.0,0.0,-0.13684347796111118,1.4004804866718028,0.0,-0.19253654136339893,-0.0013268146614246602,-0.01409400035143634,-0.4422210019973876,-0.0376698265793837,-0.5,753,-0.025687730727139826,0.589550687,0.0,-0.00918099674971826,-34.06826229095459,0.9922429323196411,1.530203115940094,0.2,0.11396899819374084,0.15794677734375,13514,0.000268461228,0.016136264,-0.011768410122022033,1.001213788986206
-0.0019149794671793608,0.22765330080475948,-0.2121927368152437,-0.08366903667503449,-88.78830698,63114408,64.43498500000001,0.0,79.67865528166583,-0.006922743055555621,0.0011322695451478164,0.06371411175750831,-0.11050435395684353,-3.107897812864151e-08,0.0,0.0,9.499249241227469,169,242.92,-0.143402041504998,0.01,-0.01191244270890417,-0.1994719166424996,0.0,-0.0033104980680203596,4108,0.2628999,-0.45042630334330863,0.0,0.0,-0.13694566129737543,1.430532689298291,0.0,-0.19776235388247743,-0.0017621531353146053,-0.015037551721588077,-0.4540676587600184,-0.03777305425349769,-0.5,758,-0.027035034120140987,0.589533023,0.0,-0.008098913654167619,-34.07297420501709,0.9983901977539062,0.37294379621744156,0.2,-0.1943768858909607,0.22427978515625,13518,0.000268452012,0.026872512,-0.015924089588224888,1.0018665790557861
-0.0018805284932795505,0.2257513966398943,-0.20555926329777796,-0.08260533912147466,-89.61355088999998,63132840,64.446505,0.0,79.012988823963,-0.0065646701388889514,0.0007166880984894104,0.06249321624146469,-0.11034422479470901,-2.9437354217684775e-08,0.0,0.0,9.352835071320003,170,243.83,-0.14842198417353974,0.01,-0.011748178998246865,-0.19066344055564544,0.0,-0.005137360470137839,4109,0.2629767,-0.44254836229003275,0.0,0.0,-0.13615244132060614,1.415403279664486,0.0,-0.1912530340132822,-0.0012803162645039056,-0.014555665272188816,-0.4411646472654761,-0.03725328687936205,-0.5,762,-0.026090102751988063,0.589515359,0.0,-0.01069303526795314,-34.09111347198486,0.9992377758026123,0.17887820675969124,0.2,-0.29671385884284973,0.2852783203125,13522,0.000268442796,0.029416507,-0.01591414293507114,1.0033968687057495
-0.0019076514394166409,0.22363817561767593,-0.20927591341452223,-0.08257888044893517,-89.25807579,63151272,64.45802499999999,0.0,78.27336146618657,-0.006651475694444506,0.0010742185081148313,0.062132919000188726,-0.11030721164556338,-3.0748278588723806e-08,0.0,0.0,9.192669804439127,171,243.74,-0.1429109906217714,0.01,-0.011830221446922137,-0.19643837895918376,0.0,-0.004957290854329567,4109,0.2630535,-0.44425495242562774,0.0,0.0,-0.13501476819187375,1.4280225250738536,0.0,-0.19518714996274183,-0.0012180818681901935,-0.0140954830592025,-0.43688126914712133,-0.038200396458691,-0.5,767,-0.026825810262794146,0.589497695,0.0,-0.009239452871649215,-34.080570220947266,0.9967713356018066,0.5596535176038742,0.2,-0.11993902921676636,0.26741943359375,13526,0.00026843358,0.023119071,-0.006206759647466242,1.0021717548370361
-0.0019375425539810342,0.22424970913986902,-0.20255151765227605,-0.08055903561593744,-88.75749728000001,63169704,64.469545,0.0,78.48739819895415,-0.006944444444444511,0.0011507153232944095,0.0632736292153117,-0.110115105386187,-3.060240326833405e-08,0.0,0.0,9.266905683454834,172,244.3,-0.15409981885469037,0.01,-0.012051597037865921,-0.19157988608005072,0.0,-0.003731940056568477,4109,0.2631303,-0.4466613792877554,0.0,0.0,-0.13923617219673362,1.408306588155851,0.0,-0.19620645264386952,-0.0014469257079784159,-0.014588720934099285,-0.45598577109927896,-0.03811785943308235,-0.5,771,-0.026248115632394868,0.589480031,0.0,-0.009498105829051282,-34.07752704620361,0.9992122054100037,0.17010921463370324,0.2,-0.2938541769981384,0.22835693359375,13530,0.00026842436399999997,0.028286183,-0.014654895511921496,1.002084732055664
-0.0019117308041554718,0.22954696998950275,-0.2050916313570885,-0.08186918763227431,-89.03645168999999,63188136,64.481065,0.0,80.34143949632596,-0.00680338541666673,0.0008528643197173046,0.06426177697698293,-0.11039516430153591,-3.083160314511835e-08,0.0,0.0,9.700371508843313,173,242.25,-0.1473337116909858,0.01,-0.011950770076476002,-0.19363802150628895,0.0,-0.004255635327199379,4110,0.2632071,-0.44486215539450025,0.0,0.0,-0.13814374750601502,1.4148397609998349,0.0,-0.19666397521541215,-0.0009551792641322537,-0.01453815816468338,-0.4454101680002802,-0.03785506691446586,-0.5,775,-0.025814310925729552,0.589462367,0.0,-0.009201205728459172,-34.0777473449707,0.9993745684623718,0.15997023768723012,0.2,-0.3119139075279236,0.29654541015625,13534,0.000268415148,0.030795122,-0.013893158407881856,1.0020942687988281
-0.0019047985510045997,0.22623885796383592,-0.21370118358918078,-0.08431127036300308,-88.44668830000002,63206568,64.492585,0.0,79.18360028734257,-0.006738281250000064,0.0009320741228293628,0.06626129568140543,-0.1105205641997285,-3.002926455506571e-08,0.0,0.0,9.40340903379013,174,240.75,-0.14633891064202123,0.01,-0.011883593936102594,-0.19811484151636485,0.0,-0.0029920560892291604,4110,0.2632839,-0.4428786156438273,0.0,0.0,-0.13782390485116974,1.4569321547556342,0.0,-0.1962878334983446,-0.00126891510194688,-0.014323048259911271,-0.4419353356541561,-0.037260745970990855,-0.5,780,-0.027311164748609076,0.589444703,0.0,-0.008603740334769504,-34.063423580593536,0.9926260113716125,1.937528477774726,0.2,0.8225597143173218,0.2969835069444444,13536,0.000268405932,0.04068653,0.003134695166308019,1.00087571144104
-0.0019079256088789824,0.2283038444564427,-0.21191414134561204,-0.08323508304730268,-88.63362625999999,63225000,64.50410500000001,0.0,79.90634555975494,-0.006825086805555621,0.001251627261000168,0.06359643258201701,-0.11018736379233367,-2.8894459630033712e-08,0.0,0.0,9.587600677943882,175,241.29,-0.14585751553500623,0.01,-0.01185460807460454,-0.19613785580082102,0.0,-0.0036685084175416293,4111,0.2633607,-0.44187467922211693,0.0,0.0,-0.13736296241466295,1.4389381926121332,0.0,-0.19464440321589616,-0.0011204744794054066,-0.014471999700001006,-0.4421079103422845,-0.0380422844532142,-0.5,784,-0.02716766029836113,0.589427039,0.0,-0.008955029811153913,-34.0795597076416,0.9991086721420288,0.2483362652361393,0.2,-0.25897353887557983,0.256201171875,13540,0.00026839671599999997,0.025267502,-0.0127434027264826,1.002225399017334
-0.0019394480390026404,0.2237340303991455,-0.21166516912407146,-0.08390257385202987,-89.11729682,63243432,64.515625,0.0,78.30691063970092,-0.006922743055555621,0.001340060281412055,0.061887868447325495,-0.11009305662744871,-3.024361771104146e-08,0.0,0.0,9.201534570634132,176,242.08,-0.15164227006510123,0.01,-0.011997579255281565,-0.19774571660070564,0.0,-0.00470107411373386,4111,0.2634375,-0.4515472421578969,0.0,0.0,-0.1388785455258488,1.4310619904846822,0.0,-0.19762307885349936,-0.0014244266806689174,-0.014621854470730548,-0.44975209045087094,-0.0376899968781034,-0.5,788,-0.026923245352931897,0.589409375,0.0,-0.00963387555061167,-34.07634716033935,0.9995458722114563,0.11683294698596,0.2,-0.31626951694488525,0.29193115234375,13544,0.0002683875,0.03309952,-0.01564377886825241,1.0019052028656006
-0.00195484695710514,0.22366858554003816,-0.2092989495777717,-0.08252234293624836,-89.17402829999999,63261864,64.52714499999999,0.0,78.28400493901336,-0.007063802083333393,0.0008528642097695007,0.06467840218437519,-0.11022937182663514,-3.0857937447123593e-08,0.0,0.0,9.167367748903658,177,238.72,-0.15320075766415223,0.01,-0.012194969808047055,-0.1968864749904621,0.0,-0.0031543586873213707,4112,0.2635143,-0.45568951324269324,0.0,0.0,-0.14130217162419514,1.4191754403324668,0.0,-0.1999992303828398,-0.0009794424828139085,-0.014624173683002959,-0.4609255113346607,-0.038607499267228125,-0.5,793,-0.026462429822559832,0.589391711,0.0,-0.00837736851341712,-34.07377338409424,0.9958014488220215,0.869996190071106,0.2,-0.06584057211875916,0.3012451171875,13548,0.000268378284,0.023632467,-0.005754907958908007,1.001804232597351
-0.0018866023086280771,0.22267320773345836,-0.21049432376797436,-0.08366932526126622,-88.92755904000002,63280296,64.53866500000001,0.0,77.93562270671043,-0.006586371527777839,0.0008865014339486758,0.06469208423990552,-0.11024870383464112,-2.925759116070829e-08,0.0,0.0,9.09487095115501,178,239.66,-0.1423326234508524,0.01,-0.01173846196001536,-0.19966022324451077,0.0,-0.003090178739046502,4112,0.2635911,-0.44062525330244956,0.0,0.0,-0.13582239597505974,1.4485803828273973,0.0,-0.19323513327103872,-0.0013540816018196627,-0.014597741547416249,-0.44345976620990196,-0.03728884283952968,-0.5,797,-0.026976017023748192,0.589374047,0.0,-0.008176631024172012,-34.0757755279541,0.9912282228469849,2.0577000707387922,0.2,0.05161389708518982,0.19637451171875,13552,0.00026836906799999996,0.0222556,-0.008185136085376143,1.0018653869628906
-0.0018991414042008707,0.2232284673735915,-0.2152369526721534,-0.08466694552724296,-87.86614336000001,63298728,64.550185,0.0,78.12996358075702,-0.006662326388888952,0.0009309893357567489,0.0682767954400393,-0.11032845673061696,-3.0097874304662096e-08,0.0,0.0,9.291513622389125,179,239.82,-0.14321342092886818,0.01,-0.011806255126768304,-0.2046753357313963,0.0,-0.0024840506226358958,4112,0.2636679,-0.44506067198533406,0.0,0.0,-0.13586960471059065,1.4724005405758145,0.0,-0.19572855752355797,-0.001348749742743541,-0.01391545801256613,-0.4340076237385183,-0.037604850035325106,-0.5,802,-0.027609431144680133,0.589356383,0.0,-0.008231697579806982,-34.07542953491211,0.9990737438201904,0.21673159450292587,0.2,-0.2941349744796753,0.2193603515625,13556,0.000268359852,0.028111208,-0.018862059980165213,1.0019651651382446
-0.0019371270131982856,0.2331443385160528,-0.22073068961655087,-0.08757672981357906,-88.26400897000002,63317160,64.56170499999999,0.0,81.60051848061848,-0.007031250000000064,0.001433376293991589,0.06283253689729967,-0.11030511418069572,-3.060953953736492e-08,0.0,0.0,10.133498620036017,180,237.84,-0.14581815356906538,0.01,-0.012023008379515292,-0.20803015865705254,0.0,-0.0026430441956942453,4113,0.2637447,-0.4593910193938329,0.0,0.0,-0.13906555506041868,1.4629902593864037,0.0,-0.20069465373137974,-0.001324832759892509,-0.015148461531946945,-0.4475546622571121,-0.037880797156545826,-0.5,806,-0.028835045636289733,0.589338719,0.0,-0.008176495165874561,-34.0761604309082,0.9993495345115662,0.14616307765245437,0.2,-0.30426859855651855,0.28253173828125,13560,0.000268350636,0.03235846,-0.01653704959899187,1.0022915601730347
-0.0019656106825419375,0.22181626978015834,-0.209208586459674,-0.08390954742330854,-88.47398346000001,63335592,64.57322500000001,0.0,77.63569442305541,-0.0067382812500000645,0.0013264971397196252,0.05919193006257706,-0.11024902033175801,-3.0539061687085e-08,0.0,0.0,9.028605848579854,181,242.58,-0.15019497111872498,0.01,-0.012138524432498141,-0.20049241192747042,0.0,-0.004307771016270851,4113,0.2638215,-0.45315717116103055,0.0,0.0,-0.13978545111850924,1.4190773327178876,0.0,-0.20301934370620975,-0.0009787228163145353,-0.015367119478570473,-0.4543474990771933,-0.037872382334531475,-0.5,810,-0.02676521486555957,0.589321055,0.0,-0.009476946948173767,-34.07207202911377,0.9932012557983398,1.908936358988285,0.2,0.5748138427734375,0.2729644775390625,13564,0.00026834142,0.04510158,-0.0023095567885320634,1.0018925666809082
-0.0019381915141524699,0.22634419363056626,-0.2114840638307277,-0.08520311051920329,-88.22149977999997,63354024,64.584745,0.0,79.22046777069819,-0.006618923611111174,0.0011235891660261485,0.06611419438257662,-0.11039735033831817,-3.088294108738882e-08,0.0,0.0,9.517624521329154,182,241.6,-0.144462411908543,0.01,-0.012058123195916542,-0.20134001185787692,0.0,-0.0031239017629836737,4114,0.2638983,-0.4483941895408472,0.0,0.0,-0.13802716610636007,1.443479955932242,0.0,-0.2016347218369964,-0.0010432589237741432,-0.014081135677374266,-0.44277657228719897,-0.0372663754018622,-0.5,815,-0.026691997830263423,0.5893033910000001,0.0,-0.008520190783504708,-34.07189655303955,0.9982847571372986,0.32292160764336586,0.2,-0.24334435164928436,0.18829345703125,13568,0.000268332204,0.02478134,-0.010540821368340402,1.0021451711654663
-0.0018867535787990529,0.2383946300644609,-0.2027681453216793,-0.08318241314833551,-89.04642025000001,63372456,64.596265,0.0,83.43812052256132,-0.0065972222222222855,0.001629773863694734,0.0624061481973187,-0.11009856792780336,-3.030138055122899e-08,0.0,0.0,10.611019807501238,183,244.73,-0.14584781211876743,0.01,-0.011652578582724381,-0.1945383499706965,0.0,-0.005966418898459955,4114,0.2639751,-0.43644699243665613,0.0,0.0,-0.13313273776135368,1.442216665219275,0.0,-0.19670002460602468,-0.0011219969654817975,-0.014203918724315062,-0.42465238815181794,-0.03760165355849724,-0.5,819,-0.026235130379368914,0.589285727,0.0,-0.009825660396018066,-34.071868133544925,0.9971504807472229,0.47433026880025864,0.2,-0.21176835894584656,0.23173828125,13572,0.000268322988,0.029042846,-0.008216536382678895,1.001849889755249
-0.001884478208127603,0.23286131203637925,-0.20277127739431106,-0.08185751245693934,-88.9101748,63390888,64.607785,0.0,81.50145921273274,-0.006684027777777841,0.001656900725922444,0.06169849408092555,-0.11010531442636308,-3.072812619528129e-08,0.0,0.0,10.159964081105068,184,243.84,-0.14429988326165075,0.01,-0.011646118539431786,-0.19384633043215432,0.0,-0.005634546181968156,4114,0.2640519,-0.43702254730331613,0.0,0.0,-0.13422688410700978,1.4336146952873765,0.0,-0.1967157588168024,-0.0010738076146179722,-0.014048058954737938,-0.4271606320958744,-0.03778529832137042,-0.5,824,-0.026112421500696655,0.589268063,0.0,-0.009902021246186147,-34.07577056884766,0.9991159439086914,0.20514195710420607,0.2,-0.27971452474594116,0.2739990234375,13576,0.000268313772,0.031505164,-0.017240770719945432,1.0022780895233154
-0.001935820688998555,0.23175934988751032,-0.2010905588335089,-0.08189269194824901,-89.80397228,63409320,64.619305,0.0,81.1157724606286,-0.0068684895833334,0.0014529075738715215,0.05972487353105291,-0.11004938573022398,-3.120054167251595e-08,0.0,0.0,10.064807238194835,185,245.95,-0.15009858420524777,0.01,-0.011972480271576625,-0.19444072549336824,0.0,-0.007206537633903518,4114,0.2641287,-0.4446654622885258,0.0,0.0,-0.13697270874741915,1.4108734136535204,0.0,-0.2013009144867565,-0.0013046298505914196,-0.014068961895083406,-0.4342264061725791,-0.03818873218418152,-0.5,828,-0.026112439772868277,0.589250399,0.0,-0.010124324662481539,-34.07861099243164,0.9987038373947144,0.34672302305698394,0.2,-0.10534074902534485,0.312744140625,13580,0.00026830455599999997,0.032102592,-0.008464690193068235,1.0025115013122559
-0.001996727785264047,0.2266106629737816,-0.20940701198088754,-0.08483867861416555,-89.25656602999999,63427752,64.63082499999999,0.0,79.31373204082357,-0.006835937500000066,0.001162109088100907,0.06315305115123727,-0.11016528925516812,-3.315062266838642e-08,0.0,0.0,9.387389424866134,186,240.0,-0.14892641963258926,0.01,-0.012429238429260353,-0.20131763132438085,0.0,-0.0037039787595562826,4115,0.2642055,-0.45871882390372193,0.0,0.0,-0.1435541970473167,1.4194153496261785,0.0,-0.2052263388369188,-0.0009221100418228795,-0.014143634121293654,-0.4534073133727121,-0.038239682371946276,-0.5,833,-0.026489873444758446,0.5892327350000001,0.0,-0.008095251923401115,-34.07738056182861,0.9980096220970154,0.4837141901254654,0.2,-0.1903574913740158,0.28203125,13584,0.00026829534,0.02971537,-0.010336191824171692,1.0022352933883667
-0.0019162122745081489,0.22724951218602377,-0.20569863896646476,-0.08491391391566444,-90.07672794000001,63446184,64.642345,0.0,79.53732926510831,-0.006727430555555621,0.001280381509180491,0.06510965089423397,-0.10994928740952115,-3.1675335144202206e-08,0.0,0.0,9.872302114666455,187,240.24,-0.14549337061923326,0.01,-0.011849777422583817,-0.20081204589755827,0.0,-0.004855110668907136,4115,0.2642823,-0.439594688994752,0.0,0.0,-0.13570788224044225,1.4261977036910762,0.0,-0.20066743058151404,-0.0007876704519830767,-0.013553346033083943,-0.43642092344556654,-0.037623336993810375,-0.5,837,-0.026129703883578735,0.589215071,0.0,-0.008619881422621094,-34.07629795074463,0.9922534227371216,1.679344803094864,0.2,-0.055453330278396606,0.32030029296875,13588,0.000268286124,0.03109232,-0.005234883248340339,1.001966953277588
-0.001951942256526406,0.226415009848768,-0.20622602201630608,-0.08220524251302179,-88.64714502999999,63464616,64.653865,0.0,79.2452534470688,-0.006933593750000067,0.0012977428333316413,0.06609389702073024,-0.11001864774131476,-3.106303866359798e-08,0.0,0.0,9.505337873129715,188,240.51,-0.14389832251709594,0.01,-0.012069775004256897,-0.20025734728294411,0.0,-0.004610880349056418,4116,0.2643591,-0.4517604857418387,0.0,0.0,-0.13866645662768534,1.431388994175097,0.0,-0.19917102274019005,-0.0007631174773325218,-0.013787177999141496,-0.43773878494964963,-0.038048961877460756,-0.5,841,-0.026638028084150916,0.589197407,0.0,-0.008598721544128947,-34.070099639892575,0.995887041091919,0.7662083983421326,0.2,-0.15042644739151,0.162939453125,13592,0.00026827690799999997,0.016980473,-0.012502833711914718,1.0015664100646973
-0.0019521598083030067,0.22691041021030525,-0.20660180824318816,-0.08363274474422279,-88.20745879,63483048,64.665385,0.0,79.41864357360684,-0.006662326388888952,0.0012499997198271255,0.06690050354940814,-0.11027484143360294,-3.180276803765688e-08,0.0,0.0,9.628947926838743,189,240.54,-0.14137719378887795,0.01,-0.012057490589781903,-0.20496048492085917,0.0,-0.00509725481023147,4116,0.2644359,-0.45368406588548205,0.0,0.0,-0.13825267725241167,1.4278039923792154,0.0,-0.20074205935219866,-0.0010623078872983938,-0.014471518486430761,-0.438120441586501,-0.03791828413360743,-0.5,846,-0.02638995623134973,0.589179743,0.0,-0.008137162364113869,-34.067918395996095,0.9942391514778137,1.0321727812290191,0.2,0.020175635814666748,0.15030517578125,13596,0.000268267692,0.01496682,-0.009732994181104005,1.0012556314468384
-0.0019046929991574512,0.2236123358883445,-0.20832996252428718,-0.08335020294680988,-88.58958057,63501480,64.676905,0.0,78.26431756092057,-0.006510416666666729,0.001117078645620495,0.06839575141639018,-0.11036435474957758,-3.122060805785173e-08,0.0,0.0,9.167967207088774,190,240.66,-0.14123677736759735,0.01,-0.011853925707387289,-0.2059690883326038,0.0,-0.003948435063964879,4108,0.2645127,-0.4484470162974186,0.0,0.0,-0.13625977969965827,1.4424416322720115,0.0,-0.19832464204668218,-0.0008385544299704313,-0.013365868024543814,-0.4317178407380884,-0.03767900357144628,-0.5,852,-0.02699636781099097,0.5891620790000001,0.0,-0.007997866587377049,-34.06959419250488,0.9974204897880554,0.5154882550239563,0.2,-0.2094714492559433,0.21517333984375,13600,0.000268258476,0.023147939,-0.016068733180873096,1.0016131401062012
-0.0019445043222930144,0.22856866695706024,-0.21284344778360043,-0.08563061829404166,-88.88638402000002,63519912,64.688425,0.0,79.99903343497108,-0.006673177083333397,0.0010877817532875473,0.06741737005144344,-0.11022448875425062,-3.1116504077967934e-08,0.0,0.0,9.675793087727074,191,235.73,-0.1421707651554077,0.01,-0.012183324608384064,-0.205266477140813,0.0,-0.003148069307722426,4108,0.2645895,-0.46048624681070005,0.0,0.0,-0.14037761443367325,1.436777066358635,0.0,-0.19990344835958712,-0.0008555498234565574,-0.01417014302470417,-0.4364948479700493,-0.03785053345091708,-0.5,856,-0.02712557386207894,0.589144415,0.0,-0.007565468079216468,-34.07429256439209,0.9973738789558411,0.5235953733325005,0.2,-0.1464582085609436,0.22828369140625,13604,0.00026824926,0.024601957,-0.012642167403828352,1.0021858215332031
-0.0019181885323793146,0.22707830183163824,-0.2141980325903205,-0.08395864273566828,-88.13487755000001,63538344,64.699945,0.0,79.47740564107339,-0.006510416666666728,0.0016162105732493931,0.06537588148914714,-0.11015678303745798,-3.013310561307612e-08,0.0,0.0,9.534195822789473,192,241.13,-0.1389870555339876,0.01,-0.011871998464706839,-0.20559190652338613,0.0,-0.003898763875081593,4108,0.2646663,-0.4436038040473323,0.0,0.0,-0.13623989772598305,1.4683410687139062,0.0,-0.19813947731419243,-0.0008836838014324377,-0.013482282283632971,-0.4366692668766298,-0.03813918665079436,-0.5,861,-0.027848514896302506,0.589126751,0.0,-0.008438674005446956,-34.07433948516846,0.9861319065093994,3.238726872205734,0.2,0.6587628126144409,0.32811279296875,13608,0.000268240044,0.028849665,-0.002963506756350398,1.0015761852264404
-0.001975880707376491,0.2246237427206141,-0.20890782078769912,-0.08485398230629533,-88.44866970999999,63556776,64.711465,0.0,78.61830995221494,-0.006868489583333399,0.0014393443901402254,0.06289989613483868,-0.11015465214989988,-3.346231768349326e-08,0.0,0.0,9.329904186358013,193,240.91,-0.1440314549886415,0.01,-0.012177901011300759,-0.2019807339048714,0.0,-0.0040075061979604944,4108,0.2647431,-0.45481025866495706,0.0,0.0,-0.13870641472412115,1.424842059327329,0.0,-0.2033029265195662,-0.0007912009715364925,-0.013632398866479756,-0.4484317982947759,-0.03794849654681201,-0.5,865,-0.026881268900105993,0.589109087,0.0,-0.00842728133365098,-34.07817001342774,0.9991001486778259,0.21298086568713187,0.2,-0.29400357604026794,0.227294921875,13612,0.000268230828,0.027420392,-0.018249128048773856,1.0023934841156006
-0.001972190067236338,0.22975603293174554,-0.20924710232265678,-0.08405959753681462,-88.28294367000002,63575208,64.722985,0.0,80.41461152611095,-0.006933593750000067,0.0013812929779912035,0.06625515053145245,-0.1102439777923972,-3.230900426038723e-08,0.0,0.0,9.70609116125983,194,241.15,-0.1427925052358757,0.01,-0.012207205431010447,-0.20551394993079736,0.0,-0.0036616960928223916,4109,0.2648199,-0.4522268391774018,0.0,0.0,-0.1395993389266459,1.4364405243826541,0.0,-0.20667072361358096,-0.0007741746984322482,-0.013881671308794216,-0.44974033356109344,-0.03782610422417345,-0.5,870,-0.02670256647712994,0.5890914230000001,0.0,-0.007748166068470002,-34.07597541809082,0.9943126440048218,1.138031455874443,0.2,-0.006381392478942871,0.3374755859375,13616,0.000268221612,0.030351963,-0.0020857067487668247,1.0017213821411133
-0.0019048024729591442,0.23344512514092117,-0.20489834478097727,-0.08313797525059267,-89.21967809000002,63593640,64.734505,0.0,81.70579379932241,-0.006792534722222289,0.0013823778685441033,0.0662900520228361,-0.11008434292023016,-3.1430309214908425e-08,0.0,0.0,10.090810221831495,195,241.7,-0.1499161069731354,0.01,-0.011855754326113183,-0.19424164331494553,0.0,-0.004218502316620711,4109,0.2648967,-0.4417427815658556,0.0,0.0,-0.13680747373198898,1.4315808677899369,0.0,-0.1977433511306342,-0.0004947599952970547,-0.012526050169888834,-0.43650733874607933,-0.03771954813304524,-0.5,874,-0.026296558991926226,0.589073759,0.0,-0.009021083908414261,-34.077328491210935,0.9981502294540405,0.33491853550076484,0.2,-0.23342956602573395,0.21923828125,13620,0.000268212396,0.0278683,-0.013887435337528587,1.0023791790008545
-0.0019503492025115215,0.22627973456916095,-0.2002106795114666,-0.08182247898592812,-88.95935361000002,63612072,64.746025,0.0,79.19790709920633,-0.006857638888888955,0.0013807504955265257,0.06288506345004485,-0.10995489944608472,-3.224757559757562e-08,0.0,0.0,9.505828227908967,196,244.88,-0.14980588979708,0.01,-0.01200293172252861,-0.19084813761753894,0.0,-0.005725049976576842,4109,0.2649735,-0.4420791565222449,0.0,0.0,-0.13778149896130196,1.4055157183674218,0.0,-0.20517954101553512,-0.0007320068930104688,-0.013058685086888632,-0.4458458440588283,-0.03791468080401948,-0.5,879,-0.02525205684957539,0.589056095,0.0,-0.009976349137206044,-34.08571929931641,0.9952799081802368,0.9407452672719956,0.2,-0.08437922596931458,0.2383544921875,13624,0.00026820318,0.024449985,-0.007766008889302611,1.0026168823242188
-0.001965953463504656,0.22741477588216374,-0.20363454769707043,-0.0815116049507332,-89.03891180000001,63630504,64.757545,0.0,79.59517155875731,-0.006933593750000067,0.0011116531354168223,0.06345528920536002,-0.11030838349764133,-3.252317161196162e-08,0.0,0.0,9.523597900525708,197,244.13,-0.15244609533813047,0.01,-0.012183897995876042,-0.19826006641340313,0.0,-0.004671593586885851,4110,0.2650503,-0.4464842097079458,0.0,0.0,-0.14049852144638575,1.4270636824949097,0.0,-0.2021655277493899,-0.0004347584072651467,-0.012489235593547829,-0.4588663909229935,-0.03821055685562034,-0.5,883,-0.02602836771408247,0.589038431,0.0,-0.009406689378213033,-34.076626014709475,0.9982774257659912,0.332034096121788,0.2,-0.23503607511520386,0.1934326171875,13628,0.000268193964,0.023990288,-0.013582802680321037,1.001922369003296
-0.0019131080470602606,0.23278020789668968,-0.2107456284777947,-0.083581675419776,-88.42554592999998,63648936,64.769065,0.0,81.47307276384139,-0.006792534722222287,0.0009977209168331076,0.0672815728826083,-0.11037227411081524,-3.0674919612760964e-08,0.0,0.0,10.07087803498179,198,241.51,-0.1470337131049959,0.01,-0.011901674449062608,-0.19916376359516696,0.0,-0.0031439952366151703,4110,0.2651271,-0.43945264863663375,0.0,0.0,-0.1380602668938325,1.4504071365846578,0.0,-0.19962632746537085,-0.000768172490699487,-0.01222525664764599,-0.44828313234964107,-0.037693262966713104,-0.5,887,-0.02709191665809195,0.5890207670000001,0.0,-0.008598993233236898,-34.074522972106934,0.9969969987869263,0.5821785286068917,0.2,-0.19077447056770325,0.2433837890625,13632,0.00026818474799999997,0.02617922,-0.01122331121005118,1.0017739534378052
-0.001963150251801616,0.22716002382507725,-0.20302752326406914,-0.08472867833154991,-88.31003836,63667368,64.780585,0.0,79.50600833877704,-0.006825086805555621,0.0011729596105093758,0.063498389099049,-0.11037784607356446,-3.082045179957564e-08,0.0,0.0,9.553358770106268,199,241.13,-0.14314001919850855,0.01,-0.012067057454574046,-0.19879974206369486,0.0,-0.003929036131825297,4110,0.2652039,-0.4498661502085846,0.0,0.0,-0.13781414236828515,1.447634886549424,0.0,-0.20184688185483013,-0.000859425896893969,-0.012980344605396522,-0.44578066764374547,-0.03790628569557735,-0.5,892,-0.026268369016777243,0.589003103,0.0,-0.008238615658936195,-34.07865467071533,0.9993355870246887,0.15382004752755166,0.2,-0.3120220899581909,0.26402587890625,13636,0.000268175532,0.031278145,-0.019249595585279167,1.0024484395980835
-0.002014465764429292,0.22747829770454808,-0.20784570763849505,-0.0826008117492199,-88.21105381,63685800,64.79210499999999,0.0,79.61740419659183,-0.007215711805555606,0.0013899730725420846,0.06799521248928678,-0.11036161520922064,-3.219658843731637e-08,0.0,0.0,9.718156660066306,200,239.21,-0.1496837286215705,0.01,-0.01249746283704848,-0.20118402765324098,0.0,-0.0019877078470515097,4111,0.2652807,-0.4677878637216466,0.0,0.0,-0.14404017586408632,1.4225551816852982,0.0,-0.20654645086260534,-0.000887599952037306,-0.01383565493465865,-0.4672317813330556,-0.03869392682859577,-0.5,896,-0.026665619645815177,0.588985439,0.0,-0.007416406832312027,-34.080587005615236,0.9989480972290039,0.25641618147492407,0.2,-0.26644888520240784,0.312060546875,13640,0.000268166316,0.03809602,-0.01428204143885523,1.0022573471069336
-0.001973948449291124,0.2270886910013295,-0.2005166995876222,-0.07902672096183533,-88.34523580000001,63704232,64.80362500000001,0.0,79.48104185046533,-0.006803385416666732,0.0012391490357307096,0.06731619391182588,-0.11047084934062414,-3.173869907729615e-08,0.0,0.0,9.425938099889866,201,240.79,-0.15230225569800254,0.01,-0.012179591316857526,-0.19338409969653816,0.0,-0.0037064277925182953,4111,0.2653575,-0.44998804140432863,0.0,0.0,-0.13959761215147404,1.408961009665514,0.0,-0.19975270965529165,-0.0006475809549497445,-0.012957368568118388,-0.4531247064093342,-0.03821671313080496,-0.5,901,-0.025219470963359934,0.588967775,0.0,-0.008470955914365023,-34.07282028198242,0.9990338087081909,0.24710575640201568,0.2,-0.26364195346832275,0.3009521484375,13644,0.00026815709999999997,0.03001995,-0.012830266123637557,1.001935362815857
-0.0019199815719518154,0.22640877436003626,-0.20641131141187985,-0.0830070868558575,-87.99820938,63722664,64.815145,0.0,79.24307102601269,-0.006890190972222287,0.0019509540612084998,0.06939898869997012,-0.11038447089143666,-3.236651487427474e-08,0.0,0.0,9.495374040128487,202,238.54,-0.1400605704568912,0.01,-0.011936081604085953,-0.19824198186349296,0.0,-0.0030559461803879476,4111,0.2654343,-0.4386671547750742,0.0,0.0,-0.13744457771613988,1.4669221711527234,0.0,-0.19721507561028526,-0.0007862014949356014,-0.012938500591938741,-0.43785313769763745,-0.0378038720495751,-0.5,905,-0.026676741018545155,0.588950111,0.0,-0.007615380619730179,-34.07298583984375,0.9992802739143372,0.18683736324310302,0.2,-0.3020378053188324,0.2861328125,13648,0.000268147884,0.030418778,-0.01754950692411512,1.0019091367721558
-0.0019668265443457144,0.22696762219417815,-0.2188875778883968,-0.08585346946564336,-88.76563197,63741096,64.82666499999999,0.0,79.43866776796236,-0.006966145833333399,0.0014990228778010027,0.0649148315114571,-0.11023483376285648,-3.1085399542586934e-08,0.0,0.0,9.548984026631741,203,239.78,-0.14554078624523611,0.01,-0.012228172844256488,-0.20495775207875278,0.0,-0.0036651735200106,4112,0.2655111,-0.4496623836194258,0.0,0.0,-0.14162318689548953,1.4550858944831675,0.0,-0.20302123151766197,-0.0010644018262762121,-0.013955639259223265,-0.4523374038926416,-0.0378362970404216,-0.5,909,-0.02790375104093742,0.588932447,0.0,-0.008336135171703063,-34.07077140808106,0.9941526651382446,1.2443748623132707,0.2,-0.04329204559326172,0.32694091796875,13652,0.000268138668,0.03178869,-0.0030955120571888985,1.0017714500427246
-0.002033414038134532,0.2323471987253143,-0.21486542268169095,-0.08373955557566952,-87.95437753,63759528,64.838185,0.0,81.32151955386001,-0.007150607638888945,0.0018516703631677148,0.06461312827524072,-0.11029826393918202,-3.417898088907954e-08,0.0,0.0,10.083939115157495,204,238.07,-0.15129650220314722,0.01,-0.012674310767884823,-0.2003655676337597,0.0,-0.0032154779700524667,4112,0.2655879,-0.4701362842643257,0.0,0.0,-0.1463117851303578,1.427413817832461,0.0,-0.20639399646894235,-0.0006426066080706428,-0.01326172292836511,-0.46943801770902904,-0.03925084570988427,-0.5,914,-0.026983660805482007,0.588914783,0.0,-0.0075079596184271695,-34.067933082580566,0.9954829812049866,1.0175782918930054,0.2,0.01441103219985962,0.1573486328125,13656,0.000268129452,0.01613992,-0.0119269082788378,1.001439094543457
-0.0019491681520516502,0.23205513943854622,-0.21307894170239228,-0.08373337221509886,-87.72429655,63777960,64.849705,0.0,81.21929880349117,-0.006825086805555621,0.0018104380481721212,0.06707871056962614,-0.11056259260479567,-3.2404604909697236e-08,0.0,0.0,10.026186986151608,205,240.32,-0.14432309064858895,0.01,-0.012140972019465448,-0.19795585561227141,0.0,-0.003607408922233761,4113,0.2656647,-0.44757519667961376,0.0,0.0,-0.14036426183372933,1.4575523932547763,0.0,-0.19921460684114714,-0.0006878250167304802,-0.012238671985572425,-0.4499360900226182,-0.037560604800426084,-0.5,918,-0.026746166143406403,0.588897119,0.0,-0.007910655045028156,-34.068643188476564,0.9933272004127502,1.0085702061653137,0.2,-0.11018899083137512,0.15626220703125,13660,0.000268120236,0.017356824,-0.0064904794562608,1.001279354095459
-0.0019076016729145235,0.2325863718692212,-0.20916742086861678,-0.08148886941316417,-88.91603090999999,63796392,64.861225,0.0,81.40523015422743,-0.00668402777777784,0.0017941620317287743,0.06577094912677352,-0.11041815156372872,-3.0963100615965585e-08,0.0,0.0,9.970416852089352,206,240.84,-0.14399089897329886,0.01,-0.011916087840258981,-0.1928742330683465,0.0,-0.004576982625113391,4113,0.2657415,-0.441628430707852,0.0,0.0,-0.1377810952868116,1.438704274731287,0.0,-0.19519393841061264,-0.0008715870968461748,-0.012910607714065747,-0.4309079567384779,-0.038087875321336506,-0.5,923,-0.026073693234181287,0.588879455,0.0,-0.008498896202783927,-34.07340335845947,0.9989728927612305,0.19853606671094895,0.2,-0.2912278175354004,0.2199462890625,13664,0.00026811102,0.029279968,-0.017654668912291525,1.0019726753234863
-0.001943068311486601,0.22705888978757302,-0.21307694907510877,-0.08213216823312763,-89.56973857999999,63814824,64.87274500000001,0.0,79.47061142565056,-0.006770833333333399,0.0018619788946428646,0.06152538746269254,-0.1102037777840922,-3.202306380000442e-08,0.0,0.0,9.448454027346102,207,242.08,-0.1529794397068581,0.01,-0.012161748390358789,-0.19518719299799078,0.0,-0.005812671900322473,4113,0.2658183,-0.4555212448446656,0.0,0.0,-0.14149913000886355,1.4167374606813117,0.0,-0.20442582786874847,-0.0011142971193877874,-0.012552669719056608,-0.4502184220072976,-0.038560500366661324,-0.5,927,-0.026721182282456693,0.588861791,0.0,-0.010176679255285611,-34.079061126708986,0.9930329322814941,1.9923380732536315,0.2,0.4776172935962677,0.288134765625,13668,0.000268101804,0.02900361,-0.0045258074242156,1.0022605657577515
-0.001980522264070849,0.23772371556036395,-0.21472417662273957,-0.08251291084805913,-89.01276135,63833256,64.884265,0.0,83.20330044612739,-0.006890190972222288,0.0011181639856658876,0.06346176742835578,-0.11043220416745016,-3.1862997224774765e-08,0.0,0.0,10.505290242102376,208,242.92,-0.14851201127783922,0.01,-0.012314603057231671,-0.19753266842710737,0.0,-0.0046944550239695106,4114,0.2658951,-0.45889018524123,0.0,0.0,-0.14335112644682554,1.4217542775754306,0.0,-0.20653854824984227,-0.0008063745422356851,-0.012815796458636682,-0.4551767968419342,-0.03832162125621198,-0.5,931,-0.0267153676306463,0.588844127,0.0,-0.008628019193161486,-34.07489852905273,0.9913663864135742,2.4125417947769163,0.2,0.16738811135292053,0.21708984375,13672,0.000268092588,0.029375348,-0.006327166152186692,1.0016791820526123
-0.0019201932317093908,0.23538484923275005,-0.2102461479397271,-0.08286295624006493,-88.80438302,63851688,64.89578499999999,0.0,82.38469723146251,-0.006727430555555619,0.0015315753537126714,0.06222786983196934,-0.11008870689234675,-3.224139411754965e-08,0.0,0.0,10.358288556623311,209,243.09,-0.14866237386129952,0.01,-0.012101946698374631,-0.19304683972725656,0.0,-0.00503725083245608,4114,0.2659719,-0.4402953287749292,0.0,0.0,-0.14057936903849164,1.4273079164722722,0.0,-0.19907089044054424,-0.0006158344321565087,-0.011768902020087686,-0.44615745010726837,-0.038430426534333165,-0.5,936,-0.02604811690217643,0.588826463,0.0,-0.009347282903036103,-34.07774963378906,0.997653603553772,0.6357101678848267,0.2,-0.013221800327301025,0.2135498046875,13676,0.000268083372,0.023707377,-0.011132814874872565,1.0023000240325928
-0.0019463672099321967,0.22728170276800927,-0.21724951121762903,-0.08089265440757508,-89.17016679,63870120,64.90730500000001,0.0,79.54859596880324,-0.006738281250000064,0.0012944876798428595,0.06138990044631376,-0.11014450676686569,-3.0719218719915684e-08,0.0,0.0,9.816394561566637,210,241.18,-0.14825785967819366,0.01,-0.012044632614065584,-0.19709542586049789,0.0,-0.004713293195697493,4114,0.2660487,-0.44036262684527067,0.0,0.0,-0.13939046006365932,1.4616480658759228,0.0,-0.1983905841796036,-0.0008036811372944244,-0.012040205348097004,-0.43896119493042896,-0.03802513153475037,-0.5,940,-0.027126551771394187,0.588808799,0.0,-0.009101649432624172,-34.08345127105713,0.9987897276878357,0.3090507432818413,0.2,-0.2692459523677826,0.27064208984375,13680,0.000268074156,0.027393188,-0.014057557214982808,1.0024770498275757
-0.0019236667536987428,0.2371000908943993,-0.2106945656488138,-0.08247244199534633,-89.60125840000002,63888552,64.918825,0.0,82.98503181303975,-0.006987847222222286,0.0017475041386205703,0.06178778156560172,-0.11006708989368433,-3.2051650716680786e-08,0.0,0.0,10.40790953199947,211,242.8,-0.14977568499514513,0.01,-0.01195352667672857,-0.19491638756455687,0.0,-0.00471969787364215,4115,0.2661255,-0.4506386109471031,0.0,0.0,-0.13929260788961562,1.4171910898895108,0.0,-0.1961619458765255,-0.0007477332574956223,-0.012169785812471535,-0.4384545308804986,-0.03868262922631802,-0.5,945,-0.02639682986886717,0.588791135,0.0,-0.009443174640182406,-34.07628746032715,0.9955944418907166,0.9636615797877311,0.2,2.1845102310180664e-05,0.2771240234375,13684,0.00026806493999999997,0.023699788,-0.010292653809301555,1.0018829107284546
-0.0019931428773284163,0.2288611717358298,-0.21612032446709822,-0.08253860503308148,-88.29339337000002,63906984,64.930345,0.0,80.10141010754043,-0.006966145833333397,0.0013085935627006823,0.0628323364929415,-0.11028771039450702,-3.162089859803636e-08,0.0,0.0,9.56499615217784,212,241.97,-0.1486230979680706,0.01,-0.012398511858849963,-0.1966471476346338,0.0,-0.003575416682727439,4115,0.2662023,-0.4588280779900428,0.0,0.0,-0.1447611372807249,1.4255245980334403,0.0,-0.205826612171904,-0.0006883964771730957,-0.012626757329665993,-0.45083430212109527,-0.03842048737870899,-0.5,949,-0.026778129185969092,0.588773471,0.0,-0.0077260577721366035,-34.07424545288086,0.9963063597679138,0.7742805540561676,0.2,0.012489944696426392,0.1997802734375,13688,0.000268055724,0.01664691,-0.01160139882704243,1.0017179250717163
-0.0019388384722939017,0.22883935156354027,-0.21191320394631102,-0.08078410030083527,-88.28456565999998,63925416,64.941865,0.0,80.0937730472391,-0.006499565972222282,0.0012999130736312105,0.06498747714849334,-0.11018456726700127,-3.1119205374543945e-08,0.0,0.0,9.74468080789899,213,243.05,-0.14541926715690587,0.01,-0.012044205084198768,-0.1918386758821654,0.0,-0.0044317345679116184,4116,0.2662791,-0.4419218552268327,0.0,0.0,-0.13952140242683278,1.4384661317547012,0.0,-0.196646480034938,-0.0006371501318958581,-0.011484435713519902,-0.4358729726857366,-0.03833695834218894,-0.5,953,-0.02620519961687678,0.588755807,0.0,-0.008719571481277753,-34.08336544036865,0.9989364743232727,0.25535672530531883,0.2,-0.27669596672058105,0.25811767578125,13692,0.000268046508,0.027122464,-0.016554900608025492,1.0026583671569824
-0.0019375716616381843,0.22951513821801675,-0.21803087971069127,-0.08293814201357269,-88.80413224,63943848,64.953385,0.0,80.33029837630586,-0.006749131944444507,0.0018473304711127032,0.060120766254996814,-0.11027723943961015,-3.183686882478902e-08,0.0,0.0,9.632035519324102,214,241.06,-0.14495627138922598,0.01,-0.012139408222664553,-0.19680832438161278,0.0,-0.004500731923856538,4116,0.2663559,-0.44714664361843615,0.0,0.0,-0.14154394415965565,1.453769792143255,0.0,-0.19963927158918784,-0.0007590663844618445,-0.012147953074949985,-0.4388153539855236,-0.0379957349115156,-0.5,958,-0.027377659829729475,0.588738143,0.0,-0.008222610667063337,-34.082336235046384,0.9994063377380371,0.14354771822690965,0.2,-0.31588566303253174,0.27730712890625,13696,0.00026803729199999997,0.029984947,-0.01824568894226104,1.0023841857910156
-0.00199097754972675,0.2300956844564066,-0.2178028762225991,-0.08449728071986161,-88.37160589999999,63962280,64.964905,0.0,80.5334895597423,-0.006835937500000064,0.0012217878376961583,0.06547241336047742,-0.1102436917720189,-3.231490395802475e-08,0.0,0.0,9.732007745815757,215,236.61,-0.1483602792211743,0.01,-0.012436695775769772,-0.1986610220298283,0.0,-0.0021768910596664027,4116,0.2664327,-0.45223513299484286,0.0,0.0,-0.14414088989698548,1.458457180270771,0.0,-0.20894196899403708,-0.0008126103024533016,-0.012435979950049391,-0.4575837670952997,-0.038516095190029694,-0.5,962,-0.027288782747214295,0.588720479,0.0,-0.007771087338268343,-34.06495562466708,0.992931604385376,1.9263159795240923,0.2,0.4389970898628235,0.30448774857954547,13699,0.000268028076,0.04999235,0.002638640623031692,1.00089430809021
-0.001993826632389609,0.2295339140039869,-0.22087962522502888,-0.08262318031998367,-88.60916897000001,63980712,64.976425,0.0,80.33686990139542,-0.006955295138888956,0.0015603294466725653,0.06377718604298134,-0.11044217120699223,-3.222948770318302e-08,0.0,0.0,9.731149918812962,216,238.95,-0.1520902617917721,0.01,-0.012394762649955482,-0.19887308268213927,0.0,-0.0040816960050331814,4117,0.2665095,-0.45797631292475227,0.0,0.0,-0.14442589706969827,1.4402779739684464,0.0,-0.20658240551116333,-0.0006317658629955031,-0.012219195274745385,-0.4509369695080196,-0.038422517202132626,-0.5,967,-0.027617587241799503,0.588702815,0.0,-0.008575935893329896,-34.0685230255127,0.9880245923995972,2.6696077823638915,0.2,0.5698814392089844,0.25087890625,13703,0.00026801886,0.025571018,-0.0032539920182898642,1.0010716915130615
-0.001988405236876316,0.23425047526905776,-0.2176320418592168,-0.08005293405388496,-88.14819721999999,63999144,64.987945,0.0,81.98766634417022,-0.006976996527777845,0.0017854814262439807,0.06375276308451168,-0.11033440379388032,-3.247581991202905e-08,0.0,0.0,10.140701988841464,217,239.53,-0.1526508637491769,0.01,-0.0124068572359909,-0.1945494497948287,0.0,-0.0029922539690822717,4117,0.2665863,-0.4555503426754963,0.0,0.0,-0.14490238625698262,1.4361965934988221,0.0,-0.2073781814179205,-0.0006293471163819233,-0.011956107359601877,-0.454839641869657,-0.03874776853144358,-0.5,971,-0.027005639148801306,0.588685151,0.0,-0.008344952256367024,-34.06549987792969,0.9936211705207825,1.4311931744217872,0.2,0.11301255226135254,0.11552734375,13707,0.000268009644,0.015012364,-0.009407289687078445,1.001242995262146
-0.0019545916934739123,0.22290683396740457,-0.2146562524625354,-0.08083304309989074,-88.84102475000002,64017576,64.999465,0.0,78.0173918885916,-0.00666232638888895,0.0011181637140301366,0.06551397660475311,-0.11041802649747162,-3.193121934858911e-08,0.0,0.0,9.149752525797316,218,239.76,-0.15070912783709145,0.01,-0.01212047105265533,-0.19829037084696147,0.0,-0.002824113637390343,4110,0.2666631,-0.44541445875820407,0.0,0.0,-0.1409125272794613,1.4500548791792685,0.0,-0.19971976342767758,-0.0006741249906513573,-0.011814180562667077,-0.4522075653329966,-0.03804944093381458,-0.5,977,-0.026966312393989438,0.588667487,0.0,-0.007940764925377961,-34.07180118560791,0.9937341213226318,1.177145704627037,0.2,-0.030039548873901367,0.101513671875,13711,0.000268000428,0.012750009,-0.009499670460354537,1.0015062093734741
-0.0019732365102832915,0.23460502224741334,-0.2125122179134172,-0.08123566749162126,-87.95667819,64036008,65.010985,0.0,82.11175778659467,-0.006651475694444508,0.0012320962527559863,0.062365258548766435,-0.11049056946266883,-3.069750417981335e-08,0.0,0.0,10.260221989181547,219,242.25,-0.14689068639466646,0.01,-0.012160050544219458,-0.1933239376153824,0.0,-0.003638786366238811,4110,0.2667399,-0.44467036508286206,0.0,0.0,-0.1409200483766592,1.4378000576181047,0.0,-0.20341707097234252,-0.0007304846604395574,-0.011969711556029872,-0.43920989198826127,-0.0380350836336916,-0.5,982,-0.026535077847824707,0.588649823,0.0,-0.008690409556341669,-34.07730674743652,0.9979027509689331,0.4918569982051849,0.2,-0.21597662568092346,0.20587158203125,13715,0.000267991212,0.020774832,-0.01325436724582687,1.0021860599517822
-0.001982621149226289,0.2228009663891179,-0.21492616977953877,-0.08127505635379113,-88.46373068999999,64054440,65.022505,0.0,77.98033823619126,-0.0068250868055556215,0.0013400604916063861,0.0612032319232485,-0.11049684704035351,-3.173530926165616e-08,0.0,0.0,9.155791257821205,220,240.92,-0.1498213977679645,0.01,-0.012262214922218864,-0.19671100259159066,0.0,-0.0036419451181081844,4110,0.2668167,-0.4531351462543354,0.0,0.0,-0.14267054225797704,1.4430619565363316,0.0,-0.2029662709042464,-0.0005651544792857339,-0.012318276403497263,-0.4510649421986968,-0.037468518825607276,-0.5,986,-0.027023539433723424,0.588632159,0.0,-0.008602247875791768,-34.07776527404785,0.9984041452407837,0.30249547511339187,0.2,-0.24480852484703064,0.21881103515625,13719,0.000267981996,0.025421435,-0.0131016326835379,1.002241611480713
-0.0019914905671480675,0.2347744426444917,-0.21601740373363632,-0.08089101782564022,-88.4408728,64072872,65.034025,0.0,82.1710549255721,-0.006575520833333393,0.0011192488923875822,0.06664985771372615,-0.11053936767749159,-3.240087082079996e-08,0.0,0.0,10.256869285099574,221,240.88,-0.1476176795980109,0.01,-0.012305278737647134,-0.1942999408607614,0.0,-0.003549422127957431,4110,0.2668935,-0.4509266938517425,0.0,0.0,-0.14338116995898134,1.4267589920779422,0.0,-0.20332069662317873,-0.0008781662237363389,-0.012835992008722034,-0.4512627953654942,-0.0377988468062088,-0.5,990,-0.026586940021898278,0.588614495,0.0,-0.008434334482040463,-34.08350448608398,0.999269425868988,0.1923294670879841,0.2,-0.3017878532409668,0.27108154296875,13723,0.00026797278,0.029173214,-0.014366466109640897,1.0024871826171875
-0.0019475676562542993,0.22480483393963357,-0.21522540806016777,-0.07947526692630563,-88.83520953000001,64091304,65.045545,0.0,78.68169187887175,-0.006510416666666725,0.0014236109046679405,0.06685353714904492,-0.11062926183822722,-2.9949048987659985e-08,0.0,0.0,9.282532494521465,222,240.68,-0.15074843268280827,0.01,-0.012091083950321234,-0.19529585889834344,0.0,-0.0038974719516201126,4111,0.2669703,-0.44195278156350415,0.0,0.0,-0.14091040787908674,1.445258758789956,0.0,-0.1938086434870665,-0.0006918378780755986,-0.011800527214568264,-0.44164163567861886,-0.03745827159907293,-0.5,995,-0.026897955387147662,0.588596831,0.0,-0.008706279137792686,-34.0783805847168,0.9963756203651428,0.7846764475107193,0.2,-0.08284503221511841,0.29715576171875,13727,0.000267963564,0.026904797,-0.006145123834721744,1.0022118091583252
-0.0019680613727068117,0.22861681625492328,-0.21921122881976754,-0.08081381273104862,-88.15965554999998,64109736,65.057065,0.0,80.01588568922315,-0.006694878472222287,0.0009098304985349791,0.06709093675763617,-0.11070076851308869,-3.3224204668329105e-08,0.0,0.0,9.775709294706127,223,238.58,-0.14615857404302823,0.01,-0.012258367896519726,-0.20032301659173501,0.0,-0.003620519776936927,4111,0.2670471,-0.4497808879694488,0.0,0.0,-0.14274696285512384,1.4585937790240864,0.0,-0.20004575174338302,-0.0007402120665106113,-0.012898654260781144,-0.4411547820547318,-0.03773459767290392,-0.5,999,-0.027776015382273613,0.588579167,0.0,-0.007620534584728173,-34.08338260650635,0.9975776076316833,0.6750804558396339,0.2,0.09928900003433228,0.2711181640625,13731,0.000267954348,0.025019357,-0.010909321985673159,1.0026735067367554
-0.0019985413175399687,0.23322886636654344,-0.21476015937879994,-0.08061862587658401,-88.20723182,64128168,65.06858500000001,0.0,81.63010322829021,-0.007248263888888943,0.0010476342253645675,0.06611581936862099,-0.11056602194713652,-3.169148689038398e-08,0.0,0.0,9.95591738130618,224,238.79,-0.15102445399345657,0.01,-0.012461654117982175,-0.19220049353934787,0.0,-0.0033236767424991358,4111,0.2671239,-0.4567583346539252,0.0,0.0,-0.14500248379732802,1.4274234515719324,0.0,-0.19911196589142544,-0.0006519886789978749,-0.013221577795198716,-0.4531921490207066,-0.037635799943625516,-0.5,1004,-0.026678720739536577,0.588561503,0.0,-0.00821555817351004,-34.08300018310547,0.9988669753074646,0.2843931786715984,0.2,-0.23806443810462952,0.26971435546875,13735,0.000267945132,0.031012172,-0.01519409187603742,1.0023579597473145
-0.001990104659110802,0.22526395408257865,-0.21768201601005782,-0.08087148589223515,-88.51115377,64146600,65.080105,0.0,78.84238392890254,-0.006738281250000064,0.00130913598372394,0.06726519014935976,-0.11051983378638507,-3.208056210079382e-08,0.0,0.0,9.353956086994707,225,238.32,-0.150451024997733,0.01,-0.012462930234067363,-0.1950327630687191,0.0,-0.0023246703582895513,4112,0.2672007,-0.457321536619392,0.0,0.0,-0.14575680620001397,1.4357127227413453,0.0,-0.19751286871840323,-0.0008116672072371839,-0.013173596288549866,-0.45778110185281307,-0.03799562229310808,-0.5,1008,-0.026863226312277298,0.588543839,0.0,-0.0077028647048993865,-34.074943923950194,0.9987595677375793,0.33082570135593414,0.2,-0.17312219738960266,0.29505615234375,13739,0.000267935916,0.030848408,-0.012198519939556719,1.0019402503967285
-0.0019865352711162395,0.2284772831826079,-0.22564663224977569,-0.08288042541005176,-88.17268401000003,64165032,65.091625,0.0,79.96704911391276,-0.006814236111111177,0.001238063922048443,0.06708374194076935,-0.11067561966959577,-3.2342992602585914e-08,0.0,0.0,9.516289431783271,226,234.57,-0.14347846939376055,0.01,-0.01243403052596356,-0.20560049042082762,0.0,-0.0018564087022027566,4112,0.2672775,-0.4590230054951815,0.0,0.0,-0.1448338616270217,1.4720674545347427,0.0,-0.1967905361731557,-0.0007460974729796043,-0.012893849337461327,-0.4527457470234187,-0.037497565881948004,-0.5,1012,-0.028295952075382096,0.588526175,0.0,-0.006705552575618235,-34.08461723327637,0.9918239116668701,2.183175253868103,0.2,1.389081358909607,0.2783447265625,13743,0.0002679267,0.0312115,-0.007550954748876393,1.0029410123825073
-0.0019887078541926287,0.22921299909404688,-0.22226968205905479,-0.081200645792468,-87.97410355999999,64183464,65.103145,0.0,80.2245496829164,-0.006901041666666733,0.0013123911469139988,0.0691285267364654,-0.1106124836307021,-3.1881615918457446e-08,0.0,0.0,9.734101898917503,227,236.7,-0.14488812160345838,0.01,-0.012377500751160848,-0.19728172670875396,0.0,-0.0018292133250296027,4112,0.2673543,-0.4552184579017626,0.0,0.0,-0.14336185082697459,1.4565456049105499,0.0,-0.19876149841060983,-0.0007994894914313054,-0.012991035529188476,-0.4485905357611679,-0.037892678857524446,-0.5,1017,-0.027513905036878575,0.588508511,0.0,-0.007298676969690455,-34.07855339050293,0.9930168390274048,1.5675680994987489,0.2,0.06402337551116943,0.18299560546875,13747,0.00026791748399999997,0.028195268,-0.005599464382976293,1.001904010772705
-0.0019587270127191525,0.22087300297537027,-0.21916002998819284,-0.07995309331683109,-87.84711353,64201896,65.114665,0.0,77.3055510413796,-0.006987847222222288,0.0017100689130731756,0.06766553953947237,-0.11047507396526247,-3.1020433430020434e-08,0.0,0.0,8.938895581896244,228,239.22,-0.14989516908835543,0.01,-0.012288913462949034,-0.19641146870246096,0.0,-0.002812718865603985,4113,0.2674311,-0.45229080561568125,0.0,0.0,-0.14238503090680837,1.45923863304722,0.0,-0.1956021047939673,-0.000546799656306255,-0.012069217246501163,-0.4481180977601285,-0.03819016140091352,-0.5,1021,-0.027299434577186546,0.588490847,0.0,-0.00809742077480122,-34.07174434661865,0.9972768425941467,0.4648991510272026,0.2,-0.19189007580280304,0.18125,13751,0.000267908268,0.025665361,-0.011783974571153521,1.0017518997192383
-0.0019469796274872797,0.2255581074968961,-0.21980866767477555,-0.0806678032885701,-88.45042146999998,64220328,65.126185,0.0,78.94533762391363,-0.006857638888888955,0.001253254873315907,0.06591581379086672,-0.11045070180561052,-3.153476367492868e-08,0.0,0.0,9.426904389077775,229,239.01,-0.14926345718037948,0.01,-0.012168864958793513,-0.19612959484940928,0.0,-0.0033895722214415083,4113,0.2675079,-0.4472548221849556,0.0,0.0,-0.1422607891284814,1.4521021301987376,0.0,-0.19723029118837118,-0.0005443887094025019,-0.01223186036310865,-0.44499407338713287,-0.037811274668780585,-0.5,1026,-0.027627757085739387,0.5884731830000001,0.0,-0.008758362174072923,-34.08464603424072,0.9991713762283325,0.19727948680520058,0.2,-0.28691595792770386,0.25211181640625,13755,0.000267899052,0.029358396,-0.01579592770431191,1.002705454826355
-0.0019833084155588417,0.23637139849615446,-0.22474076368901777,-0.0817820048986362,-88.60244300999999,64238760,65.13770500000001,0.0,82.72998947365406,-0.007183159722222272,0.0011914057670057649,0.06485566277315445,-0.11055370758989422,-3.3085891014121996e-08,0.0,0.0,10.245075758360816,230,237.87,-0.1527688271454647,0.01,-0.012496282687103491,-0.20319119683216,0.0,-0.002937568255547505,4114,0.2675847,-0.4661335260277044,0.0,0.0,-0.1466809356286141,1.43306378164229,0.0,-0.20000139111949747,-0.000835098504475189,-0.012539389999300363,-0.45850529528042994,-0.03831330442581875,-0.5,1030,-0.02802438774188146,0.588455519,0.0,-0.007796315343714216,-34.062613010406494,0.9917652606964111,2.2115697115659714,0.2,0.095012366771698,0.243499755859375,13757,0.000267889836,0.042645603,0.0003594487498048693,1.0006870031356812
-0.0019575730008453535,0.23146317933673402,-0.22165775030643006,-0.08300827830898323,-89.06732333000002,64257192,65.149225,0.0,81.0121127678569,-0.006976996527777842,0.0011615664245457286,0.06735582775607335,-0.11060846761777768,-3.0701023092302996e-08,0.0,0.0,9.908052521994604,231,236.1,-0.1471749412954426,0.01,-0.012258509635848286,-0.19769283580351038,0.0,-0.0027277959426351894,4114,0.2676615,-0.45247800946027134,0.0,0.0,-0.14209973886995184,1.4628469286567467,0.0,-0.19634033541696838,-0.0011533473887258125,-0.013282165460396105,-0.4481599891442374,-0.037447148947100745,-0.5,1034,-0.02739163423708095,0.588437855,0.0,-0.007595036563644599,-34.0689619064331,0.9922712445259094,1.7011988908052444,0.2,0.5022743940353394,0.162890625,13761,0.00026788062,0.020422805,-0.0064462105860002335,1.0012633800506592
-0.001938118749516623,0.22486863011908148,-0.21628363823633767,-0.07938569591945989,-88.73752224999998,64275624,65.16074499999999,0.0,78.70402054167852,-0.006749131944444507,0.0012185324643117685,0.06619175443963472,-0.11035973609432827,-3.071680822066082e-08,0.0,0.0,9.31328872349452,232,238.75,-0.1506481310171133,0.01,-0.012161422486712106,-0.19277759711904335,0.0,-0.0031997944010129765,4114,0.2677383,-0.4480555648606924,0.0,0.0,-0.14166324452192527,1.4435793178027527,0.0,-0.19528478154878604,-0.0006648058891037073,-0.012452580797310424,-0.4465453423867474,-0.03831192208339433,-0.5,1039,-0.027099271711861755,0.588420191,0.0,-0.009005213828964366,-34.06369171142578,0.9928463101387024,1.6323428630828858,0.2,0.3331506848335266,0.11060791015625,13765,0.000267871404,0.012971194,-0.01080697710858658,1.0008530616760254
-0.0019781269873007197,0.2328781841914673,-0.21913344659415704,-0.08132796958974454,-88.50911140000002,64294056,65.172265,0.0,81.50736446701356,-0.00699869791666673,0.0011246740145401822,0.06740146970669424,-0.11044807291701052,-3.070226005168184e-08,0.0,0.0,10.223720218033824,233,239.44,-0.14996451607001857,0.01,-0.012324428201993311,-0.20121699405172067,0.0,-0.002674487590083978,4115,0.2678151,-0.45626898439931235,0.0,0.0,-0.1424539569970695,1.4313537121438609,0.0,-0.19967527058311688,-0.0009972086847517372,-0.013133843355863102,-0.45116883280359044,-0.037698670438057816,-0.5,1043,-0.027333833224893092,0.5884025270000001,0.0,-0.008250958050161393,-34.06606597900391,0.9950503706932068,0.7101888790726661,0.2,-0.09068852663040161,0.12060546875,13769,0.000267862188,0.020242285,-0.010228394740261137,1.0012261867523193
-0.001982267698687408,0.2266621716534277,-0.21407735246967877,-0.08127087754481946,-88.44180587999999,64312488,65.183785,0.0,79.33176007869969,-0.006759982638888952,0.001169704508760737,0.06661342626450335,-0.11033226113727813,-3.181120012155484e-08,0.0,0.0,9.476659364135696,234,241.39,-0.14602351659911605,0.01,-0.012352216666869066,-0.19934198872827202,0.0,-0.003714373674557032,4115,0.2678919,-0.45382086201082283,0.0,0.0,-0.142420915884179,1.4314101037936766,0.0,-0.19698637787148104,-0.0006693608856061428,-0.012587771477720023,-0.44602516712042245,-0.03801825477679021,-0.5,1048,-0.02685454601953376,0.588384863,0.0,-0.008065683395317238,-34.07216854095459,0.9935484528541565,1.142717245221138,0.2,-0.0919596254825592,0.177294921875,13773,0.000267852972,0.01877847,-0.009442836954258382,1.0015952587127686
-0.0019324754774711801,0.22760898758826656,-0.21181416152564492,-0.08041118160586554,-88.1776792,64330920,65.19530499999999,0.0,79.6631456558933,-0.006629774305555618,0.0009412971590386911,0.07061478271233373,-0.11054408117609581,-3.0852967353697643e-08,0.0,0.0,9.59767606233824,235,241.5,-0.14245861654230968,0.01,-0.012044622737082823,-0.19947331987866326,0.0,-0.0031309401498746956,4115,0.2679687,-0.4451482046632069,0.0,0.0,-0.13852988837988642,1.4451219682958012,0.0,-0.19415785068205987,-0.0008220736876349573,-0.01291971565000999,-0.44233327317552185,-0.03781955679359313,-0.5,1052,-0.026459761236783428,0.588367199,0.0,-0.007365138252175206,-34.07496089935303,0.999088704586029,0.18416004925966262,0.2,-0.2864454388618469,0.24066162109375,13777,0.000267843756,0.025549894,-0.017914195358753205,1.0017414093017578
-0.0019355751557087002,0.23203505214859546,-0.22147516109366502,-0.0803744700021674,-87.99115924999998,64349352,65.20682500000001,0.0,81.21226825200841,-0.006694878472222284,0.0011962885134077321,0.06911128335793691,-0.11059851112675441,-3.039751427911459e-08,0.0,0.0,9.929332956232729,236,240.88,-0.14575729695385456,0.01,-0.012070954562543328,-0.20327263192458334,0.0,-0.0035572095755070574,4116,0.2680455,-0.4403284098621044,0.0,0.0,-0.13836043268841164,1.4815797248646405,0.0,-0.19392849913470692,-0.0006838564481082697,-0.012818127265990392,-0.43637708242731843,-0.03711536575898316,-0.5,1056,-0.02825760653641224,0.588349535,0.0,-0.008495232515593266,-34.0736005783081,0.9988903999328613,0.23559631928801536,0.2,-0.25445398688316345,0.28115234375,13781,0.00026783454,0.030420601,-0.014050343725830316,1.0021754503250122
-0.0019807940768586945,0.22843412659329843,-0.21015338342820844,-0.0806863327295875,-87.97072333,64367784,65.218345,0.0,79.95194430765444,-0.007150607638888943,0.001070420273915968,0.07070674445012684,-0.11066322417904415,-3.227906931520255e-08,0.0,0.0,9.616684832460713,237,241.05,-0.14636052409329814,0.01,-0.012372788785341999,-0.19457524000130474,0.0,-0.0025861040683752097,4116,0.2681223,-0.46452093186072535,0.0,0.0,-0.1434166051975531,1.400444795901804,0.0,-0.19892585419034814,-0.0006249723373548144,-0.012888972866046556,-0.449411672664878,-0.03855944277414671,-0.5,1061,-0.025909936728968394,0.5883318710000001,0.0,-0.007715207307935796,-34.0776403427124,0.9993675351142883,0.16380806714296342,0.2,-0.2917672395706177,0.2812744140625,13785,0.000267825324,0.02917122,-0.01611104803159833,1.002295970916748
-0.001991299515297157,0.2340599102411466,-0.21464220053570812,-0.07907034349755687,-87.79174764,64386216,65.229865,0.0,81.92096858440131,-0.006532118055555616,0.0007058374111592355,0.06744434165666796,-0.11065790720544065,-3.2196111524720643e-08,0.0,0.0,10.173867073170102,238,242.94,-0.1497039709584366,0.01,-0.012524564577747276,-0.19596542762081015,0.0,-0.004380304212081448,4117,0.2681991,-0.4516229849075344,0.0,0.0,-0.1452546597700643,1.4428351357428004,0.0,-0.20016208811723493,-0.0005653878501154811,-0.012058834963959205,-0.44596174575696573,-0.03792785344588183,-0.5,1065,-0.02676047538134798,0.588314207,0.0,-0.008661383709598644,-34.07936592102051,0.9993639588356018,0.14629761986434459,0.2,-0.30798599123954773,0.2868408203125,13789,0.000267816108,0.029175013,-0.015257945575285703,1.0021785497665405
-0.001939365611217267,0.22962827264651117,-0.20930225246326703,-0.07942378505847081,-88.52343982999999,64404648,65.24138500000001,0.0,80.36989542627892,-0.0068793402777778435,0.0010530591179202828,0.07109480282517891,-0.11059007803650284,-3.148785262978672e-08,0.0,0.0,9.760271602992097,239,240.41,-0.14915775635936745,0.01,-0.012060544857535598,-0.19140389903364732,0.0,-0.0031776329194086244,4117,0.2682759,-0.4469189751564091,0.0,0.0,-0.1402216619304537,1.432002986929425,0.0,-0.1922256075574219,-0.0006166295000293335,-0.012328753800977704,-0.4328681178655413,-0.03793521277793148,-0.5,1069,-0.026100624318379242,0.588296543,0.0,-0.008380624050106335,-34.07148742675781,0.9995734095573425,0.11457114703953267,0.2,-0.3280254602432251,0.310107421875,13793,0.000267806892,0.029088039,-0.01485778009518981,1.0018465518951416
-0.0019737681624558204,0.23073198107117482,-0.20904693936968863,-0.07991398643995451,-88.37816203,64423080,65.252905,0.0,80.75619337491119,-0.006662326388888952,0.0008930120060944723,0.0662566906887046,-0.1106053455390197,-3.151345038856497e-08,0.0,0.0,9.795164545202715,240,241.09,-0.1457212830539679,0.01,-0.012331100341594573,-0.19140271293318742,0.0,-0.0044603391427495,4117,0.2683527,-0.45579385899765523,0.0,0.0,-0.14284885878388132,1.4146657130411016,0.0,-0.20196119458971046,-0.0007338734693556685,-0.012157926998856143,-0.4455705594202052,-0.038428843359636256,-0.5,1074,-0.025625009625190955,0.588278879,0.0,-0.008335186482226063,-34.05544111463759,0.9928164482116699,1.9292616976632013,0.2,0.567013680934906,0.2535536024305556,13795,0.00026779767599999997,0.038512472,0.001713952049612999,1.0004642009735107
-0.0019327197643461583,0.23391471401561661,-0.21420140041014957,-0.07984953937602864,-88.67070003999997,64441512,65.26442499999999,0.0,81.87014990546581,-0.0066189236111111735,0.0013715272458891075,0.06926904581092468,-0.11048151255154197,-3.0920815729093827e-08,0.0,0.0,10.072317040796246,241,240.7,-0.1426140567194442,0.01,-0.011970398036375101,-0.19430604914027838,0.0,-0.0049804341968781455,4118,0.2684295,-0.44256850238711454,0.0,0.0,-0.1388892511661072,1.4464782840430912,0.0,-0.19415915529771285,-0.0007633791732266223,-0.012222159797985525,-0.43426673119543957,-0.03747745557017713,-0.5,1078,-0.026490258330572558,0.5882612150000001,0.0,-0.008452509069077982,-34.069362258911134,0.9932273626327515,1.413642480969429,0.2,-0.04836773872375488,0.2247802734375,13799,0.00026778846,0.033728577,-0.005196257191710174,1.0015519857406616
-0.0019948446901883223,0.22822561820788748,-0.20688541665228302,-0.07819678345409346,-88.65293811,64459944,65.275945,0.0,79.87896637276062,-0.006846788194444509,0.0009743919621946083,0.06804964731391866,-0.11035099973076411,-3.139643921253205e-08,0.0,0.0,9.42282263856866,242,242.28,-0.15088980404671237,0.01,-0.01232937969015439,-0.1928438710123903,0.0,-0.004530116913719292,4118,0.2685063,-0.45058232425285916,0.0,0.0,-0.14249233411030915,1.4114981723297524,0.0,-0.20307224311894154,-0.0005496436909024007,-0.012481597321289836,-0.44857095684114295,-0.03853234693857015,-0.5,1082,-0.025736666109720044,0.588243551,0.0,-0.00859194034354813,-34.06327724456787,0.9958200454711914,0.5345597267150879,0.2,-0.1993657350540161,0.13641357421875,13803,0.000267779244,0.01892131,-0.00878552666399628,1.0012692213058472
-0.001948978248962616,0.23030705897077722,-0.2024432383212788,-0.07616327881864642,-88.37296931999995,64478376,65.287465,0.0,80.60747063977203,-0.006608072916666728,0.0012977427169163194,0.06830997024147732,-0.11044315985054697,-3.075237499547779e-08,0.0,0.0,9.740851662453125,243,244.34,-0.14936653134487965,0.01,-0.012141096306486257,-0.18645736221153064,0.0,-0.0058211496300884565,4118,0.2685831,-0.4492393123963521,0.0,0.0,-0.14051522944803974,1.4145176550330651,0.0,-0.19325749457884067,-0.0008024926571709424,-0.012378743408552922,-0.43781230225165824,-0.03790463589400299,-0.5,1087,-0.02496393664050161,0.588225887,0.0,-0.009437206624877743,-34.0730484008789,0.9989439249038696,0.21599230021238328,0.2,-0.2688280940055847,0.23968505859375,13807,0.000267770028,0.02778091,-0.01673401624429971,1.0018738508224487
-0.001963239742439293,0.22962086560989473,-0.21155531953835982,-0.0803188135848866,-88.43662339000001,64496808,65.298985,0.0,80.36730296346316,-0.006521267361111171,0.0011409503640607,0.0674415001107985,-0.11063907577248967,-3.222972447319072e-08,0.0,0.0,9.70632059436717,244,241.75,-0.14190266303663246,0.01,-0.012175924753928771,-0.19364316642050894,0.0,-0.004535296838476469,4119,0.2686599,-0.44771877901649604,0.0,0.0,-0.14158473430655097,1.4209642413457335,0.0,-0.19779351764901143,-0.000861777581717843,-0.012213801051784249,-0.4386264339632089,-0.03777475302898939,-0.5,1091,-0.026125734541723906,0.588208223,0.0,-0.008120478961953066,-34.06440677642822,0.9994550347328186,0.13790980242192746,0.2,-0.3119826316833496,0.28648681640625,13811,0.000267760812,0.029608428,-0.015637926326598973,1.0012097358703613
-0.001982037426556365,0.23091194937663367,-0.2081870591343198,-0.08016044165997595,-88.80836098,64515240,65.310505,0.0,80.81918228182178,-0.006716579861111175,0.0014984807219459778,0.06815863073059741,-0.11053281226733275,-3.129390681433742e-08,0.0,0.0,9.99879480267697,245,238.08,-0.1474474391297102,0.01,-0.012343636438422527,-0.19572053951031607,0.0,-0.0039714442738497824,4113,0.2687367,-0.4484258244857286,0.0,0.0,-0.14248402204028857,1.4348003004712604,0.0,-0.20314242558201565,-0.0008704401489772377,-0.012078110590689367,-0.43516579859596205,-0.0374837028536027,-0.5,1097,-0.025838796218804614,0.5881905590000001,0.0,-0.007904686725750152,-34.05388221740723,0.9938710927963257,0.9914599537849427,0.2,-0.1259467899799347,0.28912353515625,13815,0.000267751596,0.026818255,-0.003444010589737445,1.0006256103515625
-0.0019449209491911635,0.23211636843157524,-0.20560797723746485,-0.0777598355645171,-88.22080937999998,64533672,65.322025,0.0,81.24072895105134,-0.006976996527777841,0.001611327817146149,0.06710950921472554,-0.11053606863526959,-3.0889273872489355e-08,0.0,0.0,9.968083018117683,246,243.02,-0.14545154052939094,0.01,-0.012123665472057975,-0.18876802339005883,0.0,-0.004946078483743763,4113,0.2688135,-0.44739109247448106,0.0,0.0,-0.14102122744927764,1.4044193846302813,0.0,-0.19916982663485167,-0.0008459926409243107,-0.012571124922208597,-0.44410044915602254,-0.037588340287078956,-0.5,1102,-0.025253716835652685,0.588172895,0.0,-0.008665589531624896,-34.05703353881836,0.9926990270614624,1.9141102463006974,0.2,0.07434210181236267,0.18853759765625,13819,0.00026774238,0.016879562,-0.008935581176774576,1.001004695892334
-0.0019581208020952746,0.23082386583986148,-0.21028442756020496,-0.07909476893941089,-88.62045492000001,64552104,65.333545,0.0,80.78835304395152,-0.006901041666666734,0.001534830448993792,0.06579094298810438,-0.11045083585015618,-3.0927858980518535e-08,0.0,0.0,9.873122268151157,247,243.19,-0.15253009064694326,0.01,-0.012263218539812768,-0.18795212625245106,0.0,-0.004579011046674571,4113,0.2688903,-0.4488198507174706,0.0,0.0,-0.1432628015240514,1.4265560709701244,0.0,-0.19855053788423688,-0.0006223021923357926,-0.01215776248271509,-0.4455532811150844,-0.03791734868514728,-0.5,1106,-0.02584494247956577,0.588155231,0.0,-0.009116298320198743,-34.06527976989746,0.9989999532699585,0.2285244159400463,0.2,-0.284793496131897,0.2458984375,13823,0.000267733164,0.026674975,-0.017818302614614367,1.0014533996582031
-0.0019794284881072977,0.23543272221010372,-0.21173981662709684,-0.08006521405856408,-89.25316656999999,64570536,65.345065,0.0,82.4014527735363,-0.007118055555555612,0.0014442269231141028,0.06737137882918597,-0.11051162416872548,-3.251264817654511e-08,0.0,0.0,10.277858942654982,248,238.62,-0.15019092402927392,0.01,-0.012300769409615095,-0.1966088532292051,0.0,-0.0034830141009202817,4113,0.2689671,-0.4544979591727706,0.0,0.0,-0.14417046243432732,1.428391620454824,0.0,-0.20329227543098197,-0.00048115920438573413,-0.012331096971594561,-0.45272788655415774,-0.037981264135650714,-0.5,1111,-0.02646728018271485,0.588137567,0.0,-0.00805415462754253,-34.06385726928711,0.9960098266601562,0.6754636362195015,0.2,-0.21307878196239471,0.25638427734375,13827,0.000267723948,0.025290444,-0.00677391963545233,1.0012702941894531
-0.0019707144456885635,0.2348134107039628,-0.2102642718496322,-0.08134078179753663,-87.88316721999998,64588968,65.356585,0.0,82.18469374638698,-0.006629774305555617,0.001188150723464787,0.06927803959511379,-0.11033113361440731,-3.127500309431176e-08,0.0,0.0,10.283144555515383,249,239.56,-0.1421575559039966,0.01,-0.012233396207965869,-0.19462472307233097,0.0,-0.0033522666811231757,4114,0.2690439,-0.4506501595786481,0.0,0.0,-0.14114916289166274,1.4426521654957318,0.0,-0.1996282749583368,-0.0007233159688661399,-0.012369119480574675,-0.4385421985697595,-0.0379637167313738,-0.5,1115,-0.026287491427058416,0.588119903,0.0,-0.007833750333197208,-34.06163139343262,0.9872012734413147,2.7084665060043336,0.2,0.39164286851882935,0.14510498046875,13831,0.000267714732,0.016896086,-0.007420720456866548,1.0009546279907227
-0.0019475284696350076,0.23106606440474703,-0.21142845522742293,-0.08068245342947275,-87.71277501,64607400,65.368105,0.0,80.87312254166146,-0.006803385416666729,0.0010845267614867124,0.06832110002864127,-0.11049359087667082,-3.143942591829117e-08,0.0,0.0,9.970653624797766,250,241.37,-0.1424125348107316,0.01,-0.012169908621792113,-0.19750422896787503,0.0,-0.004161370063745002,4114,0.2691207,-0.4445564497122702,0.0,0.0,-0.14112879017219765,1.4546215295303078,0.0,-0.19691375927172924,-0.0005271826970855833,-0.012199590105204636,-0.43334793438106894,-0.03731228815223994,-0.5,1119,-0.026717786509605768,0.588102239,0.0,-0.008039641231233772,-34.05948047637939,0.9926428198814392,1.5938539326190948,0.2,0.5213981866836548,0.12125244140625,13835,0.000267705516,0.013618087,-0.010194004722870886,1.000855803489685
-0.001990192377208745,0.22869031761390599,-0.2082359638832827,-0.07994861877910547,-87.6679113,64625832,65.379625,0.0,80.04161116486709,-0.006955295138888954,0.0013861758311072157,0.07081008107503496,-0.11063131752124904,-3.272083095815294e-08,0.0,0.0,9.675637634227451,251,240.79,-0.14111913140327342,0.01,-0.012364255366503277,-0.19328457697688373,0.0,-0.0035733200835018106,4114,0.2691975,-0.4575625813411936,0.0,0.0,-0.14320222503875124,1.4174921249292678,0.0,-0.20076454830160562,-0.0005657833632441241,-0.012975004477242527,-0.4441877149298382,-0.03824145198960972,-0.5,1124,-0.026026559220257102,0.588084575,0.0,-0.007827782456944179,-34.06065654754639,0.9980533719062805,0.3257641240954399,0.2,-0.23861701786518097,0.14471435546875,13839,0.0002676963,0.019425178,-0.014433573232963681,1.0009835958480835
-0.00199194385451039,0.23142870460406725,-0.20997166860897318,-0.07983760005402783,-88.61132574000001,64644264,65.391145,0.0,81.00004661142354,-0.00699869791666673,0.0013503684183686143,0.06738653218346491,-0.1104201391258188,-3.2890065044869985e-08,0.0,0.0,10.005779621286159,252,240.59,-0.1513252983594681,0.01,-0.012351477292643628,-0.1940632681022903,0.0,-0.004062939726526624,4115,0.2692743,-0.4524609195328046,0.0,0.0,-0.1440714720088629,1.4315498274987855,0.0,-0.1987877252412942,-0.0007659295044907962,-0.011642125691829062,-0.4538313907415729,-0.037301376336158536,-0.5,1128,-0.026265078057956866,0.588066911,0.0,-0.008269947523432266,-34.07417011260986,0.9983017444610596,0.3984887197613716,0.2,-0.1787782609462738,0.23314208984375,13843,0.00026768708399999995,0.025838245,-0.014460794848855586,1.0022422075271606
-0.0019408869165002559,0.23110336190393083,-0.21012966100585215,-0.08201139506488156,-88.42547549,64662696,65.402665,0.0,80.88617666637579,-0.006835937500000066,0.001421983137131772,0.06771619694049151,-0.11050996185459064,-3.2518076257804316e-08,0.0,0.0,9.847143331989107,253,239.44,-0.1399681840181641,0.01,-0.012031730625522631,-0.19536645318947132,0.0,-0.003238591673575092,4115,0.2693511,-0.4400269617114808,0.0,0.0,-0.14020663618559887,1.445403160433505,0.0,-0.1985543047305555,-0.0007025505020629893,-0.011793113174042386,-0.42986915143739673,-0.037051426231104856,-0.5,1133,-0.026469072341633863,0.588049247,0.0,-0.007563297627105688,-34.079826736450194,0.9928441643714905,1.694250801205635,0.2,0.1549205482006073,0.27786865234375,13847,0.00026767786799999997,0.03045086,-0.005110730871092528,1.0022000074386597
-0.0019838887432713664,0.22754447144426349,-0.20746941394117344,-0.08113747828334396,-88.64364080000001,64681128,65.414185,0.0,79.64056500549222,-0.006857638888888954,0.0016574433118674075,0.0666945883534174,-0.11033973503037657,-3.177861142357756e-08,0.0,0.0,9.45893525930395,254,241.16,-0.14567011593203696,0.01,-0.012266135838532425,-0.1922961699004499,0.0,-0.004182511591337214,4115,0.2694279,-0.4461042031278313,0.0,0.0,-0.1428545591117851,1.4219726920196203,0.0,-0.19666008608240165,-0.0004714512442940663,-0.012319855738918084,-0.4406067550835547,-0.03687728339909035,-0.5,1137,-0.025979846050032274,0.588031583,0.0,-0.00856006611785334,-34.07115859985352,0.9988616108894348,0.2455398567020893,0.2,-0.28764304518699646,0.17020263671875,13851,0.000267668652,0.017156545,-0.015238608885556459,1.0016162395477295
-0.001954762484237342,0.2344164388704336,-0.20068529111522057,-0.07793942932355062,-88.46728704000002,64699560,65.425705,0.0,82.04575360465175,-0.006608072916666729,0.0012082247542113895,0.06719462162347624,-0.11036894010168248,-3.1114422813945894e-08,0.0,0.0,10.118883023152824,255,244.24,-0.14517241549907314,0.01,-0.012200175057040569,-0.18694781571326696,0.0,-0.00568054754740812,4115,0.2695047,-0.44607727860026203,0.0,0.0,-0.14202487370883501,1.4027179634441076,0.0,-0.19526197626233058,-0.0006579146148230713,-0.012164716062674955,-0.43869967637348023,-0.03726273916629528,-0.5,1142,-0.024969453037741375,0.588013919,0.0,-0.009238775509099165,-34.07361602783203,0.9952903389930725,0.9511871606111526,0.2,0.17250356078147888,0.2302001953125,13855,0.000267659436,0.01773129,-0.008364573807921261,1.0017658472061157
-0.001965774456492821,0.2342021029639072,-0.20164268647694078,-0.07687593906321588,-88.30425783000001,64717992,65.437225,0.0,81.97073603736752,-0.006640625000000062,0.0013758678493710856,0.06723549803042811,-0.11039419617572904,-3.268139294615929e-08,0.0,0.0,10.141486942706239,256,244.93,-0.14600343959435025,0.01,-0.012128480012049428,-0.18670448425735883,0.0,-0.005254918365210239,4115,0.2695815,-0.44020083480027533,0.0,0.0,-0.14070068534184152,1.4133875428085076,0.0,-0.19390964883420064,-0.0005613653411055436,-0.011831824086139201,-0.4394096848460249,-0.037181071057986105,-0.5,1146,-0.025251219055636393,0.587996255,0.0,-0.0092587131237249,-34.07886962890625,0.9984313249588013,0.32349135503172877,0.2,-0.21719145774841309,0.236083984375,13859,0.00026765022,0.024230555,-0.010849647410213947,1.002168893814087
-0.0019488649616840176,0.2227477311683228,-0.20778744281442837,-0.07954911275047406,-87.82076370999998,64736424,65.448745,0.0,77.96170590891298,-0.0064995659722222815,0.0012456596078765062,0.06854688366465472,-0.1105437838308378,-3.136857521524043e-08,0.0,0.0,9.102671445141093,257,242.71,-0.14413314873868155,0.01,-0.012125315606830639,-0.1905870897039625,0.0,-0.004265176918751465,4116,0.2696583,-0.4458276804527078,0.0,0.0,-0.1419245019287368,1.4336128899477638,0.0,-0.19323145445751122,-0.0005583373313088319,-0.011891184601614972,-0.4425347208123822,-0.037099388428635714,-0.5,1150,-0.02582181173657029,0.587978591,0.0,-0.008530769631357139,-34.07910575866699,0.9993184804916382,0.17188705801963805,0.2,-0.27645304799079895,0.265185546875,13863,0.000267641004,0.028564755,-0.01548986000707373,1.0022878646850586
-0.0019895820568962743,0.23503654664920795,-0.20764249877966978,-0.07877234816537615,-88.35688989999998,64754856,65.46026499999999,0.0,82.26279132722279,-0.006803385416666732,0.0014811194107298637,0.07115660353462183,-0.11053182212425287,-3.231229192878322e-08,0.0,0.0,10.252650454036196,258,240.66,-0.14415822751512292,0.01,-0.012326863471267373,-0.1942752600863596,0.0,-0.003602434924662386,4116,0.2697351,-0.44742554600156986,0.0,0.0,-0.14339588765709263,1.4281468825629087,0.0,-0.20077717663958372,-0.0004830065872769586,-0.01249670182115095,-0.44952005149216084,-0.03763329319443847,-0.5,1155,-0.02603805175534356,0.587960927,0.0,-0.007682383807453637,-34.08152828216553,0.9991718530654907,0.20064657554030418,0.2,-0.2809995412826538,0.26187744140625,13867,0.000267631788,0.028323364,-0.014714785455726086,1.0024826526641846
-0.002007977755172244,0.23114238238915025,-0.20792989077883295,-0.07909471863542981,-89.02529687000002,64773288,65.471785,0.0,80.89983383620259,-0.0067057291666667304,0.0005636933169120715,0.07197906065963329,-0.11047844716005892,-3.2503421450902884e-08,0.0,0.0,9.903528016942314,259,237.68,-0.1475554154714766,0.01,-0.012592774095736,-0.19379035950660783,0.0,-0.004069251213258895,4116,0.2698119,-0.4548678273830723,0.0,0.0,-0.1464004960467761,1.4030102973806835,0.0,-0.1984119492711124,-0.0008272527592688544,-0.012732843306912042,-0.44855079130469744,-0.03771722139113389,-0.5,1159,-0.02553519128600421,0.587943263,0.0,-0.007820051383330591,-34.07314790998186,0.9929699897766113,1.736299306154251,0.2,0.04981765151023865,0.27364676339285715,13870,0.00026762257199999996,0.042016257,-0.0017996751703321934,1.001477599143982
-0.0019489047985475187,0.2321685794093349,-0.20574004722877615,-0.07951000998748081,-89.24477998999998,64791720,65.483305,0.0,81.25900279326721,-0.006510416666666727,0.0007107202222363816,0.07442211665089127,-0.11058532220791549,-3.179311258164762e-08,0.0,0.0,10.104827049492094,260,237.75,-0.14676378300670148,0.01,-0.012120297468710626,-0.19478762426100107,0.0,-0.002862061673201564,4117,0.2698887,-0.4488470100000332,0.0,0.0,-0.14213617672273632,1.4120346810474738,0.0,-0.19516649050162868,-0.0005989893871564167,-0.011690575360834503,-0.44727163719649227,-0.03720958913024927,-0.5,1163,-0.025375841067963242,0.587925599,0.0,-0.007269382011145353,-34.06920566558838,0.9936542510986328,1.233576163649559,0.2,0.03327763080596924,0.1323486328125,13874,0.000267613356,0.0139170615,-0.009388511418364942,1.001225471496582
-0.001962714293284543,0.22410235199984735,-0.2077481063806928,-0.07887457849345908,-88.13766906,64810152,65.494825,0.0,78.43582319994657,-0.0066189236111111735,0.0008127167950280838,0.07201819123132948,-0.1105517827779304,-3.0583629800706e-08,0.0,0.0,9.218678496891185,261,239.73,-0.14466348030542558,0.01,-0.012222824767936754,-0.19674012586947276,0.0,-0.0031849360834429415,4117,0.2699655,-0.44668329216377534,0.0,0.0,-0.14253042677816247,1.439265362552053,0.0,-0.19035335434900283,-0.0006717818624014297,-0.01240838899270059,-0.44321797009094266,-0.037850922778297866,-0.5,1168,-0.02591395470864011,0.587907935,0.0,-0.007680077506746683,-34.07029266357422,0.990182101726532,2.5809849560260774,0.2,0.5959272384643555,0.21478271484375,13878,0.00026760414,0.02305738,-0.010307871433906258,1.0015316009521484
-0.0019997536140942485,0.23029388548267218,-0.20872257837105998,-0.08187790554562184,-88.68232564999998,64828584,65.50634500000001,0.0,80.60285991893527,-0.007031250000000063,0.00069715675070054,0.07205349943314192,-0.11030082978755593,-3.289557165207932e-08,0.0,0.0,9.771144809340456,262,236.98,-0.14336847810108314,0.01,-0.01248189583051114,-0.19843503431116627,0.0,-0.002931830246436064,4117,0.2700423,-0.46485422077660765,0.0,0.0,-0.14615025250197816,1.3997660108418626,0.0,-0.2001248534381755,-0.0005915495598109893,-0.013006334773687659,-0.45096393231471016,-0.03832396560635937,-0.5,1172,-0.025769632055977935,0.587890271,0.0,-0.006810534418845136,-34.074369239807126,0.998041570186615,0.4603611767292023,0.2,-0.16086234152317047,0.2295166015625,13882,0.000267594924,0.023452247,-0.012836675683502108,1.0017927885055542
-0.001982337107561587,0.22534022163187278,-0.20073396047093106,-0.07853940081359836,-88.88238122000001,64847016,65.517865,0.0,78.86907757115547,-0.006803385416666731,0.0007552080723043117,0.07126436497270969,-0.11041775634703306,-3.090810084920803e-08,0.0,0.0,9.361849831094723,263,238.05,-0.14875191262251863,0.01,-0.012364719710668525,-0.19405181357245616,0.0,-0.0034504032717434917,4117,0.2701191,-0.45712859244900295,0.0,0.0,-0.144131772934254,1.4101380087028434,0.0,-0.19532783876281068,-0.0006604495912372705,-0.012561035821347608,-0.4589979122685105,-0.03809762986918381,-0.5,1177,-0.025021024431092262,0.587872607,0.0,-0.007685232687638038,-34.07616767883301,0.989357054233551,2.8750009894371034,0.2,1.7388546466827393,0.27752685546875,13886,0.000267585708,0.027331624,-0.008640930219553412,1.0018723011016846
-0.0019447733043755915,0.22866068897042793,-0.20452054648953905,-0.07863774060382503,-87.56177432,64865448,65.52938499999999,0.0,80.03124113964978,-0.006640625000000061,0.0011344396819670994,0.07378072991970402,-0.11052641111680948,-3.0744974393058056e-08,0.0,0.0,9.559519480635652,264,240.09,-0.14589992400175453,0.01,-0.0121181911647892,-0.19290117702787468,0.0,-0.003466464591233052,4118,0.2701959,-0.443308913152998,0.0,0.0,-0.1409820481927324,1.438405923258244,0.0,-0.19154829048224029,-0.0004461755101349491,-0.011306810568845575,-0.4414468148965024,-0.037168066733259564,-0.5,1181,-0.025965595728078834,0.587854943,0.0,-0.008010344768990763,-34.07883586883545,0.9987325668334961,0.30914124473929405,0.2,-0.2433130443096161,0.2447998046875,13890,0.000267576492,0.027176816,-0.016893568146042526,1.0023770332336426
-0.0019442156590360788,0.22433562399646112,-0.2105980061770919,-0.07916848907246177,-88.96228088,64883880,65.540905,0.0,78.5174683987614,-0.007042100694444505,0.0012505419823961954,0.0693472913299939,-0.11036456123505235,-3.150321204350206e-08,0.0,0.0,9.233246083473867,265,237.92,-0.15144180841207508,0.01,-0.012168531179319762,-0.19508599626525597,0.0,-0.003868009782768648,4118,0.2702727,-0.4487961953218198,0.0,0.0,-0.1435564962187838,1.4377189773122458,0.0,-0.1933594087713464,-0.000544521035455682,-0.011787017512721614,-0.44738597584062095,-0.03745610664600888,-0.5,1186,-0.026673069839225585,0.587837279,0.0,-0.008337899311704354,-34.08106155395508,0.9993504881858826,0.1653324209153652,0.2,-0.29109981656074524,0.2521240234375,13894,0.000267567276,0.022553619,-0.015263517666608096,1.0022528171539307
-0.0019515200573728473,0.22941097455560813,-0.20607022446491033,-0.08047002536015138,-88.37341846999998,64902312,65.552425,0.0,80.29384109446285,-0.006890190972222289,0.0009190534797704054,0.06957491967257325,-0.11046971880489968,-3.0705265789854436e-08,0.0,0.0,9.769548561177404,266,240.79,-0.14364504743085385,0.01,-0.012140346825834888,-0.1919575127219188,0.0,-0.004370718252537487,4118,0.2703495,-0.44950775379599395,0.0,0.0,-0.14238713822833785,1.426739289293829,0.0,-0.1908167683258425,-0.0006120391829687162,-0.012507265889097938,-0.44288519071284393,-0.03764280452855267,-0.5,1190,-0.02558235010922437,0.587819615,0.0,-0.008083858693781722,-34.06490834554037,0.9829888343811035,4.045137623945872,0.2,1.196995496749878,0.2618001302083333,13897,0.00026755805999999997,0.043162145,-0.0015360691662256916,1.0008220672607422
-0.0020223636995397847,0.23577116092243375,-0.21898819920928358,-0.08384911055888887,-88.27983159000001,64920744,65.563945,0.0,82.51990632285181,-0.006879340277777844,0.0007617184310220182,0.0690767236248603,-0.11040373078722981,-3.4156506871723714e-08,0.0,0.0,10.346631804430402,267,239.23,-0.14842748876552891,0.01,-0.012720930718914293,-0.20452492350762522,0.0,-0.003359458552490015,4119,0.2704263,-0.4638306633609635,0.0,0.0,-0.14751905414008157,1.4443650328233537,0.0,-0.20035929457072985,-0.0008335013591054795,-0.01288758314567639,-0.46715119222133644,-0.03730087157670484,-0.5,1194,-0.027560152670589953,0.587801951,0.0,-0.007784651453322213,-34.066455078125,0.9962958097457886,0.6704204946756362,0.2,-0.18141667544841766,0.11326904296875,13901,0.000267548844,0.016066236,-0.012569406093098224,1.0012304782867432
-0.0019548354131912306,0.23330720676889702,-0.21087822385967778,-0.08184476337238716,-88.02025574,64939176,65.57546500000001,0.0,81.65752236911396,-0.006510416666666728,0.00081217420908312,0.07033133470311026,-0.11063139609981515,-3.1157333036817607e-08,0.0,0.0,10.024532607519099,268,240.09,-0.14523103014253536,0.01,-0.01224493749865107,-0.1974630252633447,0.0,-0.004366729150681344,4119,0.2705031,-0.4444520315046873,0.0,0.0,-0.14349098901103133,1.442577057229662,0.0,-0.19633431441562033,-0.0005825566311012673,-0.012318323828518305,-0.4427871305492445,-0.0367850502246962,-0.5,1199,-0.025965806478564286,0.587784287,0.0,-0.008292055475370338,-34.0719934463501,0.9936676025390625,1.5152877897024155,0.2,0.1574317216873169,0.20194091796875,13905,0.000267539628,0.023455694,-0.010119368718005717,1.0016181468963623
-0.0019856373101285597,0.23574750049155738,-0.21660654747537958,-0.0812144991786655,-87.64421338999999,64957608,65.586985,0.0,82.51162517204509,-0.006770833333333398,0.0008772783492329634,0.06982420648095392,-0.1106468003879321,-3.2321694950170026e-08,0.0,0.0,10.40762724471745,269,241.69,-0.14282518570297523,0.01,-0.012461729101527515,-0.19676781863907114,0.0,-0.0030780385081106065,4119,0.2705799,-0.4519086662629905,0.0,0.0,-0.14350163863131882,1.451223998225376,0.0,-0.19704747053730728,-0.0008968420241299021,-0.012879449048593648,-0.455510368051119,-0.037471854641890984,-0.5,1203,-0.027078770611970056,0.587766623,0.0,-0.007906720666344173,-34.06921157836914,0.998734712600708,0.2834653452038765,0.2,-0.2558198869228363,0.21798095703125,13909,0.000267530412,0.023443455,-0.01970446140039712,1.001304030418396
-0.001983805336828218,0.22662489460142457,-0.21325950678460556,-0.08216636784167221,-87.66301758,64976040,65.59850499999999,0.0,79.3187131104986,-0.006575520833333393,0.0005273435833967394,0.06988114426921717,-0.11064254568277389,-3.2916915361032566e-08,0.0,0.0,9.603606905308252,270,239.71,-0.14264701766041554,0.01,-0.012436357920162538,-0.19804485153560172,0.0,-0.0035080661298717997,4119,0.2706567,-0.447896494987557,0.0,0.0,-0.1447645151941922,1.4418793850054306,0.0,-0.19749829726468915,-0.0006566262854932133,-0.012590923739737346,-0.44684030467178804,-0.03713722889799131,-0.5,1207,-0.026515095941216746,0.587748959,0.0,-0.008018482906562794,-34.07160873413086,0.9993290305137634,0.16416790708899498,0.2,-0.30670762062072754,0.26094970703125,13913,0.000267521196,0.03071754,-0.01734633108135313,1.0019758939743042
-0.001977774885814508,0.2306053803471879,-0.21007304752890185,-0.07952367474770969,-88.48256645999999,64994472,65.61002500000001,0.0,80.71188312151575,-0.007562934027777811,0.0018310535686194068,0.07435760683011641,-0.11050973064700165,-3.254135473067762e-08,0.0,0.0,9.856461888628536,271,239.04,-0.15276013963138374,0.01,-0.01250182717970431,-0.1956311695015302,0.0,-0.002705915469530247,4120,0.2707335,-0.45334519541551455,0.0,0.0,-0.14566329519387924,1.4365842928263983,0.0,-0.19771833446348575,-0.0008861459513427054,-0.012437072073923415,-0.4583570305865277,-0.03741136221552713,-0.5,1212,-0.02627450424244673,0.587731295,0.0,-0.008378589377065914,-34.06186512538365,0.9955071210861206,1.24042809009552,0.2,0.36581340432167053,0.21351841517857142,13915,0.00026751198,0.05245617,0.000442183343693614,1.0006794929504395
-0.0019717412503568697,0.22805722543244175,-0.2130082070767289,-0.08511428371727257,-90.95777772,65012904,65.621545,0.0,79.82002890135462,-0.00801866319444446,0.0017534703591890219,0.07838512209367304,-0.11014453910502138,-3.173591009793041e-08,0.0,0.0,9.598391579872189,272,236.03,-0.1682576765404727,0.01,-0.01248434409162418,-0.19565743824899076,0.0,-0.0016485012338959219,4114,0.2708103,-0.4583617059568017,0.0,0.0,-0.14631241999014585,1.420165039882531,0.0,-0.20000398500994385,-0.0007174362914593989,-0.012867154427570908,-0.4757845018143525,-0.037612470593324336,-0.5,1218,-0.0264277773508673,0.587713631,0.0,-0.009040210059740476,-34.06323003768921,0.9884206056594849,3.2676789462566376,0.2,1.2795175313949585,0.20574951171875,13917,0.00026750276399999996,0.04228874,0.0006733557383995503,1.000730276107788
-0.0019647224010337513,0.2323923751390911,-0.21196032048218963,-0.0795420481074178,-89.76645122999999,65031336,65.633065,0.0,81.33733129868189,-0.007617187500000031,0.0015239784455237289,0.0771617780462917,-0.11021046724548841,-3.27258146443344e-08,0.0,0.0,10.039322086523425,273,242.32,-0.16378892292392108,0.01,-0.012517015515745075,-0.1932789971772933,0.0,-0.0024209491636139873,4114,0.2708871,-0.448554479314024,0.0,0.0,-0.14617175267265575,1.437736052083278,0.0,-0.19428822269804513,-0.0008011840120158431,-0.012597174121492817,-0.4730024019342779,-0.03759810055983456,-0.5,1222,-0.026037598815343618,0.587695967,0.0,-0.008460106520538425,-34.069139289855954,0.9831221103668213,3.4195678651332857,0.2,0.8744322657585144,0.14432373046875,13921,0.000267493548,0.015700838,-0.008447392692323774,1.0011982917785645
-0.00195938092422712,0.22718194614353018,-0.21228797595166224,-0.08400376520898915,-88.98214935,65049768,65.644585,0.0,79.51368115023557,-0.007052951388888951,0.0013834626523829582,0.07494841165910937,-0.11026047272162565,-3.160387993007788e-08,0.0,0.0,9.525039609782912,274,240.3,-0.15088949535458937,0.01,-0.012405385303231103,-0.19844258381190752,0.0,-0.0034580698330814435,4114,0.2709639,-0.4473041059125131,0.0,0.0,-0.1434496469014536,1.460772956502244,0.0,-0.196641535938638,-0.0007040977808425793,-0.012671209671805893,-0.4471267829164045,-0.037153954671216835,-0.5,1227,-0.02678999740778468,0.587678303,0.0,-0.008935091683977388,-34.06742153167725,0.990669310092926,2.159869575500488,0.2,0.6796443462371826,0.1150390625,13925,0.000267484332,0.015174399,-0.00989658267935738,1.0012625455856323
-0.001964442910911186,0.2272325579495006,-0.20816442944110308,-0.08230601989512641,-88.42913789000002,65068200,65.656105,0.0,79.5313952823252,-0.007128906250000056,0.0013682717108167708,0.07530585604476124,-0.11028032170230413,-3.092486988778424e-08,0.0,0.0,9.647573714216815,275,240.91,-0.1474916455879699,0.01,-0.012408445843586172,-0.19461483826871706,0.0,-0.00348267209961918,4115,0.2710407,-0.4512047810857378,0.0,0.0,-0.14363910052525444,1.426438319369752,0.0,-0.1960892978238845,-0.0010422442985508777,-0.013024177368647447,-0.44546789675093595,-0.03762261110768082,-0.5,1231,-0.02580173490570596,0.587660639,0.0,-0.008421178274956118,-34.0688081741333,0.9912158250808716,1.8873926043510436,0.2,0.5146945714950562,0.10546875,13929,0.000267475116,0.011750032,-0.010542137909214943,1.001207947731018
-0.0020225625645785834,0.22565350620288915,-0.21288428603253018,-0.0831409511309889,-88.50055335999996,65086632,65.667625,0.0,78.9787271710112,-0.007042100694444508,0.0007676860679768854,0.06960768444761926,-0.11034134095336338,-3.3012555212160564e-08,0.0,0.0,9.477235422574694,276,238.97,-0.1504537907791097,0.01,-0.012667409782445618,-0.20354035483993024,0.0,-0.0030558504708615044,4115,0.2711175,-0.46328261373424673,0.0,0.0,-0.14728814949623792,1.4401779702058848,0.0,-0.2023283454008321,-0.0006580598052346797,-0.013462274345726196,-0.4597855353313512,-0.03767993986189596,-0.5,1236,-0.026927486768750803,0.5876429750000001,0.0,-0.007718055368362305,-34.067359161376956,0.9920888543128967,1.7685384333133698,0.2,0.24568432569503784,0.145751953125,13933,0.0002674659,0.019902017,-0.010238904919242486,1.0011491775512695
-0.0019831565719364876,0.23319025322944412,-0.20853554983950984,-0.08213553814142063,-88.58875278000001,65105064,65.679145,0.0,81.61658863030544,-0.006705729166666731,0.000804578458579878,0.07062738206002875,-0.11019191777353839,-3.274100588744889e-08,0.0,0.0,10.06639086569742,277,238.9,-0.14489593097855039,0.01,-0.012434623339909103,-0.19963256003149607,0.0,-0.0037505659447427783,4115,0.2711943,-0.45158069981867094,0.0,0.0,-0.14358525791063045,1.4400243100232593,0.0,-0.196745521410938,-0.000425009260947997,-0.012924261890523493,-0.4479296283335164,-0.037943156484793385,-0.5,1240,-0.02624087903080781,0.587625311,0.0,-0.007938730473850027,-34.065195655822755,0.9923490285873413,1.2563647031784058,0.2,0.013922065496444702,0.09837646484375,13937,0.000267456684,0.013297239,-0.008927621558541432,1.0009269714355469
-0.0019963691308332965,0.2290076852032866,-0.21563259928419873,-0.08206536767342282,-87.94478227999998,65123496,65.690665,0.0,80.1526898211503,-0.006911892361111178,0.0008957243472751644,0.07212985999264182,-0.11031843409148435,-3.0880150595312746e-08,0.0,0.0,9.802380688890212,278,240.97,-0.14481603934652373,0.01,-0.012416791159662672,-0.20639799989607488,0.0,-0.002337209414297092,4115,0.2712711,-0.44963480149468055,0.0,0.0,-0.14218391277579628,1.4655154527642105,0.0,-0.1958523474530206,-0.0009191047410289466,-0.012885134225820431,-0.45457127969457606,-0.03700803343633448,-0.5,1245,-0.027124303385550417,0.587607647,0.0,-0.00785802870005783,-34.06562118530273,0.9952167868614197,0.8047341257333755,0.2,-0.061754584312438965,0.14637451171875,13941,0.000267447468,0.021613479,-0.011053277202881873,1.0011786222457886
-0.0020593428806746352,0.24411304781806825,-0.20390304493613814,-0.08045125174547568,-88.76873986000001,65141928,65.70218499999999,0.0,85.43956673632388,-0.007042100694444507,0.0013264967872399008,0.07117989671447753,-0.11039018146226458,-3.4118556839451354e-08,0.0,0.0,11.141121360112034,279,235.95,-0.1496508537451144,0.01,-0.012759797033339217,-0.19881658731474874,0.0,-0.002600617621496301,4115,0.2713479,-0.45744319505213543,0.0,0.0,-0.14510518930547522,1.4125603600260108,0.0,-0.20684645259374357,-0.0005940760149142855,-0.012481338155683155,-0.4698158083128507,-0.038037087988319465,-0.5,1249,-0.02503942798019703,0.587589983,0.0,-0.007286199653107259,-34.072733306884764,0.9990743398666382,0.21530927568674088,0.2,-0.27197644114494324,0.2347412109375,13945,0.00026743825199999997,0.027838996,-0.018933580501470714,1.001758337020874
-0.0020121369113043387,0.2331772544822438,-0.20335684351206174,-0.08105860018994357,-89.01200889,65160360,65.713705,0.0,81.61203906878534,-0.007009548611111172,0.0010590270588484902,0.07208659809936488,-0.11020901950791845,-3.227356352614327e-08,0.0,0.0,10.1209793380586,280,241.1,-0.14950103876021836,0.01,-0.012560994088501039,-0.19624269464342425,0.0,-0.003995493633381436,4116,0.2714247,-0.4523564288444202,0.0,0.0,-0.1417148924934912,1.4354539416510255,0.0,-0.20119288689053805,-0.0006120193051621614,-0.012966595055157593,-0.4518007718517311,-0.03778887647805613,-0.5,1253,-0.02521915192846691,0.587572319,0.0,-0.00841154835264509,-34.07077751159668,0.9868601560592651,3.3475005090236665,0.2,0.9378952980041504,0.3017333984375,13949,0.000267429036,0.030874282,-0.0072807322954759005,1.001705527305603
-0.002008571957362366,0.23623058779096187,-0.20637340336173052,-0.08083582494806076,-89.11732698,65178792,65.725225,0.0,82.68070572683665,-0.006781684027777842,0.0008892141049727798,0.06639640959149268,-0.1103664798466225,-3.2736854034639416e-08,0.0,0.0,10.404501431951052,281,241.5,-0.15160489290612728,0.01,-0.01254348552644496,-0.1943351900546084,0.0,-0.005584624083245044,4116,0.2715015,-0.4507741857885579,0.0,0.0,-0.14315910960478634,1.407803421908871,0.0,-0.20770403529522574,-0.0007500129694382838,-0.012758080876625284,-0.45106519956014296,-0.037483266205996,-0.5,1258,-0.0250178837329035,0.587554655,0.0,-0.008971713874618419,-34.06992950439453,0.9946765303611755,1.2067366898059846,0.2,0.09233656525611877,0.1696044921875,13953,0.00026741982,0.018008254,-0.012293728138320147,1.0015645027160645
-0.0020006107864361296,0.23018428865019652,-0.20695002713905541,-0.08115802338091828,-88.08516937999998,65197224,65.736745,0.0,80.56450102756878,-0.006933593750000067,0.001625433415433185,0.06983954308169522,-0.11027780701671376,-3.2038315444310474e-08,0.0,0.0,9.74544961632772,282,243.12,-0.1484379088327309,0.01,-0.012537463726222137,-0.1970128714954322,0.0,-0.003443968287265491,4116,0.2715783,-0.448481482702952,0.0,0.0,-0.1426464383112861,1.4418818094219612,0.0,-0.19963798594082888,-0.000779029829631885,-0.012679770116419518,-0.4506091711474896,-0.037636573730454904,-0.5,1262,-0.025814246023337883,0.587536991,0.0,-0.008450474970029771,-34.071702766418454,0.9903745651245117,2.1717884659767153,0.2,0.4480535089969635,0.1797119140625,13957,0.000267410604,0.019767713,-0.009201912011485546,1.0017026662826538
-0.0020070238295790198,0.23396574158022748,-0.20704716808345333,-0.08045387525703088,-88.07291463999998,65215656,65.748265,0.0,81.88800955307961,-0.006857638888888956,0.0013525386133955584,0.06716178339326448,-0.11040291582752566,-3.2940853972043224e-08,0.0,0.0,10.159924362046706,283,243.2,-0.14514181382330488,0.01,-0.01251439650600173,-0.1938610648108244,0.0,-0.004052975542022956,4116,0.2716551,-0.45410759879813867,0.0,0.0,-0.14258019703992209,1.429536615378134,0.0,-0.20025356047751933,-0.0005521369343946558,-0.01228378915335842,-0.4502954756783936,-0.03735985674006891,-0.5,1267,-0.025447759978241627,0.587519327,0.0,-0.008414125186391175,-34.080657196044925,0.998480498790741,0.33419678807258607,0.2,-0.2450568974018097,0.2142578125,13961,0.000267401388,0.023436405,-0.01742244597990066,1.0024125576019287
-0.0019557443354662747,0.2308691700295833,-0.19791479966382633,-0.07547090729078731,-89.27281896999999,65234088,65.759785,0.0,80.80420951035416,-0.00682508680555562,0.0016053598309453162,0.06626275098564882,-0.11016023191904525,-3.112540649922272e-08,0.0,0.0,9.842512856051918,284,246.79,-0.1582109493394055,0.01,-0.012254656989929943,-0.18618010962379294,0.0,-0.008236957925214611,4117,0.2717319,-0.43875613639319994,0.0,0.0,-0.14042279004121683,1.3815692331287999,0.0,-0.19443731229545924,-0.00046478517473444995,-0.01225406861034914,-0.4433176901260637,-0.03750992275587924,-0.5,1271,-0.02387061006422013,0.5875016630000001,0.0,-0.01044224999107731,-34.078739929199216,0.9993213415145874,0.15463286265730858,0.2,-0.3063258230686188,0.271630859375,13965,0.000267392172,0.027683407,-0.015998899517580868,1.0020421743392944
-0.0019682754919428517,0.2300932367436265,-0.2076647237342206,-0.07798832184125737,-89.16693816999998,65252520,65.77130500000001,0.0,80.53263286026927,-0.006825086805555621,0.0017496740199728971,0.06830209335965495,-0.11036532400207352,-3.145728481443882e-08,0.0,0.0,9.766033829532356,285,246.34,-0.1456898719169451,0.01,-0.012405363766759953,-0.1903761303211015,0.0,-0.005204031770363858,4117,0.2718087,-0.44697668880731556,0.0,0.0,-0.14212797118821693,1.4119206024860886,0.0,-0.1975775312651499,-0.0007215379471726215,-0.01210004435971494,-0.4469443788446943,-0.03745545428452618,-0.5,1275,-0.024900015980012215,0.587483999,0.0,-0.009147494145306863,-34.06721591949463,0.9948614835739136,1.2235228031873704,0.2,0.25804755091667175,0.287841796875,13969,0.000267382956,0.02321624,-0.004907562641892582,1.0013397932052612
-0.0019908428273611115,0.2321850449436128,-0.21099317642588597,-0.08153184160541747,-88.75239290000002,65270952,65.782825,0.0,81.26476573026449,-0.006770833333333399,0.0013823783115690781,0.06823543286710093,-0.11035204922670933,-3.397671412557886e-08,0.0,0.0,10.097329232349807,286,244.6,-0.1506271340358101,0.01,-0.012560302297892085,-0.19645158597948642,0.0,-0.005998349495257602,4117,0.2718855,-0.4380953488805306,0.0,0.0,-0.14329454506619455,1.4302756458975205,0.0,-0.20038469923873478,-0.0006706836322042637,-0.01214871219332423,-0.4394930859909918,-0.0370317630934535,-0.5,1280,-0.0253245958858807,0.587466335,0.0,-0.009368441300466657,-34.07721061706543,0.9991193413734436,0.1690468702465296,0.2,-0.3031542897224426,0.21031494140625,13973,0.00026737374,0.022871986,-0.015375784429488703,1.0024762153625488
-0.0019626588217452837,0.23415730183019048,-0.20522991847046063,-0.08023667233840968,-88.61880783000001,65289384,65.79434499999999,0.0,81.95505564056667,-0.0068142361111111745,0.0018299694897400008,0.06751261543246832,-0.11036070884253474,-3.232132712251698e-08,0.0,0.0,10.090717859271724,287,244.87,-0.1501432865248833,0.01,-0.012388037079583443,-0.18949209941591202,0.0,-0.005429208252197382,4117,0.2719623,-0.4405191143953948,0.0,0.0,-0.14196050652918138,1.424850639849282,0.0,-0.19951251356170294,-0.0005356876198542611,-0.012173019335766401,-0.4458095678862927,-0.03741454984167467,-0.5,1284,-0.024736796353075102,0.587448671,0.0,-0.009590607831746133,-34.077392578125,0.9970568418502808,0.49603857696056364,0.2,-0.19619955122470856,0.2910400390625,13977,0.000267364524,0.02410029,-0.005307624151464551,1.0020885467529297
-0.0020040695656590637,0.2315544956764176,-0.21368949470510895,-0.08057503793517921,-88.69480959000002,65307816,65.805865,0.0,81.04407348674616,-0.007074652777777837,0.0014686412274992715,0.0672947503015423,-0.11012998337098676,-3.204193142636536e-08,0.0,0.0,9.932445598633015,288,241.74,-0.15163998168115145,0.01,-0.012623321065893957,-0.19525896260100828,0.0,-0.004282057526873666,4118,0.2720391,-0.45040149610537916,0.0,0.0,-0.14517685714290848,1.4389919327425569,0.0,-0.20336076106862563,-0.0005508087183508701,-0.012343573661799147,-0.45507314748130007,-0.03723169871790287,-0.5,1289,-0.026016537827148183,0.5874310070000001,0.0,-0.008393509003023306,-34.0675687789917,0.9989506602287292,0.26297652125358584,0.2,-0.2667815387248993,0.2397705078125,13981,0.000267355308,0.025721613,-0.013305021892301738,1.0013879537582397
-0.001977909607469167,0.23342484604376978,-0.2079399723678031,-0.07947758094002662,-87.62461808999998,65326248,65.817385,0.0,81.69869611531942,-0.006749131944444506,0.001067165725140108,0.06770597785139595,-0.11017120567499113,-3.2659190264085275e-08,0.0,0.0,10.16089994899646,289,242.93,-0.1441662850010441,0.01,-0.012347759514289361,-0.19039226745487037,0.0,-0.004816572815391815,4118,0.2721159,-0.43908611117585145,0.0,0.0,-0.14207525184759084,1.424575518972608,0.0,-0.20171209470949003,-0.000527325728448261,-0.012136276187153173,-0.43986138595402635,-0.03728315963366932,-0.5,1293,-0.025260487970289264,0.587413343,0.0,-0.009417539200512692,-34.0582088470459,0.9918105006217957,1.6912051558494567,0.2,0.17525389790534973,0.29239501953125,13985,0.000267346092,0.0224161,-0.0020725817885249853,1.0007658004760742
-0.002039431091709866,0.22991587280677422,-0.21886587786580133,-0.08260552650848907,-87.52220478999999,65344680,65.82890499999999,0.0,80.47055548237098,-0.006998697916666731,0.0011469180204181208,0.07040684916305058,-0.11052761969336405,-3.4331090237442526e-08,0.0,0.0,9.846803931509806,290,242.11,-0.14989509420059183,0.01,-0.012748447432843027,-0.2012107679220762,0.0,-0.003463495838720405,4118,0.2721927,-0.4602747602073618,0.0,0.0,-0.14617800883649126,1.4598266858353617,0.0,-0.20547102287549995,-0.00045268791984830566,-0.012302145179413098,-0.45881233119857,-0.037146525288098184,-0.5,1297,-0.026765999134128374,0.587395679,0.0,-0.007949582098970294,-34.06288013458252,0.9967453479766846,0.6502412050962448,0.2,-0.22083961963653564,0.156591796875,13989,0.000267336876,0.016323993,-0.009668277623131872,1.0011495351791382
-0.001999076691881982,0.23036078880237315,-0.21574805714830533,-0.08244768550940412,-87.78459822,65363112,65.840425,0.0,80.6262760808306,-0.006987847222222286,0.0013780376628144747,0.07037272045085195,-0.11037272860158827,-3.178637811486684e-08,0.0,0.0,9.913100352589483,291,238.93,-0.1481858839193006,0.01,-0.012516944381757976,-0.19650987554233568,0.0,-0.003234642574512857,4118,0.2722695,-0.45758633590931247,0.0,0.0,-0.14421983638746952,1.454012401483325,0.0,-0.19929206177435632,-0.0007033516958702021,-0.012487550852870849,-0.4474918987918758,-0.037300802562579206,-0.5,1302,-0.02658673176433927,0.587378015,0.0,-0.008128617097908217,-34.07294750213623,0.9980257153511047,0.3742236003279686,0.2,-0.20045976340770721,0.1849609375,13993,0.00026732766,0.021828484,-0.013640382245648652,1.0021891593933105
-0.002023245097275929,0.23149976919917825,-0.21946919412578403,-0.08543296277557227,-88.19065216000001,65381544,65.851945,0.0,81.02491921971239,-0.006846788194444511,0.0011051428898806786,0.06690787876569301,-0.1103780030028271,-3.23456561562532e-08,0.0,0.0,9.86015447378567,292,237.63,-0.14893632091130565,0.01,-0.012738370726333933,-0.20097608759753255,0.0,-0.002676307029836026,4118,0.2723463,-0.46030376639365006,0.0,0.0,-0.14606018788624694,1.462578981467154,0.0,-0.20716808090827069,-0.00047932904522833526,-0.012125553422063926,-0.45997511439087535,-0.03749217838051745,-0.5,1306,-0.026939335881132592,0.5873603510000001,0.0,-0.007428071532760643,-34.07388496398926,0.9947212338447571,0.7570590600371361,0.2,-0.19694167375564575,0.26329345703125,13997,0.00026731844399999996,0.02021831,-0.0016708833980374038,1.0016629695892334
-0.001957674539784353,0.23207076595630857,-0.21434233478122777,-0.08238384170363075,-87.85946094,65399976,65.86346499999999,0.0,81.224768084708,-0.006629774305555617,0.001259222794841561,0.07143854838823259,-0.11044744496383191,-3.2043131554086824e-08,0.0,0.0,9.934584395536302,293,240.83,-0.14439928224153023,0.01,-0.012330851072719562,-0.19728966690771463,0.0,-0.004153177795705019,4119,0.2724231,-0.4403470336522732,0.0,0.0,-0.14247187032702308,1.4614982159673662,0.0,-0.1952146956714244,-0.0005805140603954225,-0.011912017971301281,-0.43911604455809833,-0.036556862769656966,-0.5,1311,-0.026313074795954162,0.587342687,0.0,-0.008270218632080488,-34.068617057800296,0.9944849610328674,1.149049162864685,0.2,0.06376522779464722,0.1822509765625,14001,0.000267309228,0.018688237,-0.009599270176840946,1.0013904571533203
-0.0019873928206771683,0.231289536491947,-0.2092141337469244,-0.0798184675603418,-88.29193708999999,65418408,65.87498500000001,0.0,80.95133777218145,-0.006987847222222286,0.0014328337145141428,0.06955954354418575,-0.11034344828657797,-3.288098357678438e-08,0.0,0.0,9.893534433563056,294,241.18,-0.14551854208409173,0.01,-0.012359976262454945,-0.19721017811371672,0.0,-0.004440250022996208,4119,0.2724999,-0.4471710965070751,0.0,0.0,-0.14241114926808376,1.4341357739753289,0.0,-0.19764518653953933,-0.0004766276673320788,-0.011959717133712158,-0.44433531504364887,-0.03706405420449202,-0.5,1315,-0.025912678941028885,0.587325023,0.0,-0.008444507012932768,-34.07973518371582,0.9991888999938965,0.17048992365598678,0.2,-0.30669471621513367,0.23460693359375,14005,0.000267300012,0.026036818,-0.01808386548073031,1.0024675130844116
-0.002014095936161921,0.231408968887103,-0.21417673895118072,-0.08176716866404987,-88.87238370000001,65436840,65.886505,0.0,80.99313911048606,-0.00682508680555562,0.001149630623533287,0.07108905010639005,-0.11036063391949276,-3.41781048728222e-08,0.0,0.0,9.957733544939833,295,239.68,-0.14813653090469425,0.01,-0.012687826492465509,-0.1959607861210798,0.0,-0.003928124149016828,4119,0.2725767,-0.459343434633407,0.0,0.0,-0.14583553235176452,1.4192659732419388,0.0,-0.20177697929767197,-0.0010308230043795433,-0.011752866756348934,-0.45184730100043047,-0.037943545982314184,-0.5,1319,-0.026047715857202072,0.587307359,0.0,-0.00805415554107943,-34.08378295898437,0.9969634413719177,0.6149583771824837,0.2,-0.16935932636260986,0.26649169921875,14009,0.000267290796,0.022402767,-0.009429072495549917,1.0024185180664062
-0.002021137792200675,0.2300821244836057,-0.21238467755734405,-0.08169394429495001,-88.29977882000001,65455272,65.89802499999999,0.0,80.528743569262,-0.0071614583333333886,0.0011707895771703785,0.07030463120740987,-0.1104661811596336,-3.26683537858412e-08,0.0,0.0,9.842307647331015,296,238.03,-0.14936339513728197,0.01,-0.01263887380974495,-0.1958881575280126,0.0,-0.0026369417058407173,4119,0.2726535,-0.463683852392108,0.0,0.0,-0.1464178848231769,1.428920219490877,0.0,-0.2017057106602764,-0.0006771972290121012,-0.012076007341905056,-0.46023645185191764,-0.037312837724377344,-0.5,1324,-0.025897001309589204,0.5872896950000001,0.0,-0.007062676246277988,-34.07968635559082,0.9984826445579529,0.3803409442305565,0.2,-0.2226201593875885,0.26915283203125,14013,0.00026728158,0.027748123,-0.015626139636151493,1.0022060871124268
-0.0019637287417017314,0.22653851398471198,-0.20945938761797503,-0.08040751273085646,-87.25592299999998,65473704,65.909545,0.0,79.28847989464919,-0.006532118055555617,0.0009331593076543262,0.07119329896243073,-0.11050791464539617,-3.1675530609124435e-08,0.0,0.0,9.537140809703303,297,241.29,-0.1399489007551694,0.01,-0.012277203207263299,-0.18977331447767168,0.0,-0.0029602945845625993,4120,0.2727303,-0.4447551818540856,0.0,0.0,-0.14229946253688927,1.4553059466066105,0.0,-0.1942745953044729,-0.0005638368035670639,-0.011583034276756075,-0.4365105620828999,-0.036846682926093374,-0.5,1328,-0.02595308081213835,0.587272031,0.0,-0.007623247540323064,-34.06307390001085,0.9906226992607117,2.192546659045749,0.2,0.3323479890823364,0.24769422743055555,14015,0.000267272364,0.040382493,0.001931998801107208,1.000664472579956
-0.0019701243903831175,0.23238247368642378,-0.21825024173786936,-0.08353546836627783,-87.7260881,65492136,65.921065,0.0,81.33386579024832,-0.006944444444444511,0.0009163407117335333,0.06830074598096142,-0.11055093992328455,-3.135512676779455e-08,0.0,0.0,10.258138695497093,298,239.06,-0.13957801838475548,0.01,-0.012260090947935044,-0.20074395271866372,0.0,-0.0035721058000058284,4120,0.2728071,-0.45140585373009984,0.0,0.0,-0.14238994025057508,1.4550108514134026,0.0,-0.1948071927626695,-0.0008406443749847237,-0.012662900990075823,-0.4416382858350097,-0.03657084668202493,-0.5,1333,-0.027042569430545848,0.587254367,0.0,-0.007872676748471955,-34.066993713378906,0.9983538389205933,0.3909036099910736,0.2,-0.22634261846542358,0.15694580078125,14019,0.000267263148,0.019141305,-0.011895602289587259,1.0011980533599854
-0.002017171655393313,0.22552122628933574,-0.218592784675448,-0.08324102390059683,-88.98905626,65510568,65.932585,0.0,78.93242920126751,-0.006976996527777845,0.0009998912250416146,0.06727278223892674,-0.11036348756612194,-3.21120735549736e-08,0.0,0.0,9.441150090019939,299,239.01,-0.14862397788091472,0.01,-0.012660878951088092,-0.19831994096166516,0.0,-0.0039131349180993695,4115,0.2728839,-0.4651862058325728,0.0,0.0,-0.1481100362454832,1.4252650897629306,0.0,-0.20145389150034296,-0.0006680802297416458,-0.012800715032395653,-0.4704376948022666,-0.037479117529733076,-0.5,1339,-0.026644717322138894,0.587236703,0.0,-0.007917029775045294,-34.07370319366455,0.9935194849967957,1.509557169675827,0.2,0.12229388952255249,0.28570556640625,14023,0.000267253932,0.028458798,-0.004247167776338756,1.0017472505569458
-0.0020158896057879596,0.2205209485333708,-0.21552974189120466,-0.08099506997123754,-88.43658805999999,65529000,65.94410500000001,0.0,77.18233198667977,-0.0068142361111111745,0.0010237625683657825,0.07148947450849755,-0.11074483043916744,-3.244411415871408e-08,0.0,0.0,8.966701093788883,300,240.88,-0.14700952677169118,0.01,-0.01254185641475336,-0.1974930463414396,0.0,-0.003614049513066019,4115,0.2729607,-0.4552475504029997,0.0,0.0,-0.14392660813504235,1.4377405424485263,0.0,-0.19661554894409325,-0.000899863070072655,-0.012177002612988284,-0.448166727690139,-0.03728881425275776,-0.5,1343,-0.02630078774595137,0.587219039,0.0,-0.007828868278819654,-34.07029705047607,0.9921017289161682,1.795793604850769,0.2,0.3350224196910858,0.15760498046875,14027,0.000267244716,0.017381428,-0.011294223135337234,1.0013604164123535
-0.0019753882721651257,0.22553469092802572,-0.2201167264704969,-0.08271557760668605,-87.73569937,65547432,65.955625,0.0,78.937141824809,-0.006553819444444506,0.0008056637889239937,0.07123509409484713,-0.1106263026326209,-3.068969527047401e-08,0.0,0.0,9.432267901350533,301,239.58,-0.13979851773813237,0.01,-0.01235152776667209,-0.19981371472379128,0.0,-0.0029014583666443065,4116,0.2730375,-0.4482776372969633,0.0,0.0,-0.1425950720963905,1.4878520892367433,0.0,-0.19148569365732335,-0.0007898623115458593,-0.012195556179298576,-0.4399943403830988,-0.03656403416388356,-0.5,1347,-0.027359104285382147,0.587201375,0.0,-0.007228689869710554,-34.07073135375977,0.9977746605873108,0.40535388290882113,0.2,-0.2028219848871231,0.20169677734375,14031,0.0002672355,0.022181526,-0.014218346576672047,1.001616358757019
-0.001986445580190483,0.23673938021898783,-0.22070692293959837,-0.08264540735218281,-87.80044090999996,65565864,65.96714499999999,0.0,82.85878307664574,-0.0068467881944445095,0.0008946395052286485,0.06462947738090404,-0.11055297471272246,-3.1901624543846275e-08,0.0,0.0,10.730907145625155,302,239.82,-0.14671920943191497,0.01,-0.012322079165675232,-0.19639694842443547,0.0,-0.004056503449929762,4116,0.2731143,-0.4484348404215724,0.0,0.0,-0.14225641890032636,1.4478560253483568,0.0,-0.196637588539107,-0.0006954348150603537,-0.011377629150095036,-0.44451024901447345,-0.037033706488892364,-0.5,1352,-0.027365759978732276,0.587183711,0.0,-0.008609301219823666,-34.07707901000977,0.9993014931678772,0.1576649308204651,0.2,-0.30625298619270325,0.27838134765625,14035,0.00026722628399999997,0.028839748,-0.01785942364949733,1.0020188093185425
-0.002035492292318083,0.23009231718104714,-0.22221230133959505,-0.08264065773719179,-88.00866330999999,65584296,65.978665,0.0,80.5323110133665,-0.006955295138888953,0.0008957247288587192,0.06719419735576927,-0.1105848093444743,-3.237273309467218e-08,0.0,0.0,9.839691600987061,303,240.94,-0.1518642924325665,0.01,-0.012725777496765138,-0.20091222076861087,0.0,-0.003867335066870504,4116,0.2731911,-0.45967291237013114,0.0,0.0,-0.1476693069143339,1.4490870564228762,0.0,-0.1945917108911151,-0.0009753646116189158,-0.012274286830899529,-0.46187066235126806,-0.03717641417339765,-0.5,1356,-0.026960260290623487,0.587166047,0.0,-0.008084807835984975,-34.07152194976807,0.9992528557777405,0.1907958023250103,0.2,-0.3001945912837982,0.295263671875,14039,0.000267217068,0.02963242,-0.014396139571908861,1.0016590356826782
-0.00200458636453435,0.22581893857715118,-0.2210474585276076,-0.08322048184969597,-87.38128302999999,65602728,65.990185,0.0,79.03662850200291,-0.0067382812500000645,0.0009277343504234321,0.07191621072096954,-0.1106298975351847,-3.312916821580758e-08,0.0,0.0,9.398657048295592,304,239.56,-0.1439119454268065,0.01,-0.012565685804732784,-0.19615390288009704,0.0,-0.0025408807499676463,4116,0.2732679,-0.4562277609158429,0.0,0.0,-0.1453230747090296,1.4539725105752033,0.0,-0.19530106515399218,-0.0004504149329063934,-0.01214788112987687,-0.45498880253003676,-0.036896745560795016,-0.5,1361,-0.026526675267503422,0.587148383,0.0,-0.007388602078814681,-34.07385787963867,0.9988429546356201,0.29117953553795817,0.2,-0.25310611724853516,0.32735595703125,14043,0.000267207852,0.034420468,-0.01295063504949212,1.0020394325256348
-0.001962250721675968,0.22240970017181447,-0.21616995314786955,-0.07967057237866672,-88.17162001000001,65621160,66.001705,0.0,77.84339506013507,-0.006597222222222285,0.0008295353553775284,0.06931924912874159,-0.11070809243942331,-3.129499787946933e-08,0.0,0.0,9.096492919215374,305,242.25,-0.15152308226875313,0.01,-0.012293821020679524,-0.1943296148944271,0.0,-0.0042641216129146375,4116,0.2733447,-0.4410158631782163,0.0,0.0,-0.14257103712415378,1.4584836882735008,0.0,-0.18666217948343822,-0.0005904209319150777,-0.011800971155954219,-0.4555782606117268,-0.03615711758343096,-0.5,1365,-0.026397584113546414,0.587130719,0.0,-0.009469351390079182,-34.08653240203857,0.9987908601760864,0.30694898664951326,0.2,-0.23653846979141235,0.3052978515625,14047,0.00026719863599999996,0.035125703,-0.012549100606702269,1.0029823780059814
-0.0019337953725992358,0.22636368045716423,-0.21482349939375942,-0.08121650297709371,-87.69604211999999,65639592,66.013225,0.0,79.22728816000748,-0.006488715277777839,0.0005056422734115687,0.07040213233395626,-0.11074347485471098,-3.1355991283549414e-08,0.0,0.0,9.413806870853483,306,241.41,-0.14343339587087456,0.01,-0.012224430774812058,-0.19040982424365258,0.0,-0.004399684533707318,4116,0.2734215,-0.4487932263439173,0.0,0.0,-0.143250964841957,1.4386281940511896,0.0,-0.1867644356235491,-0.0009155834879080811,-0.012166099470990165,-0.43806680983614044,-0.0367875233202734,-0.5,1370,-0.026203797501039162,0.587113055,0.0,-0.008402053489893055,-34.0796085357666,0.9982723593711853,0.29612794890999794,0.2,-0.27699029445648193,0.27196044921875,14051,0.00026718942,0.025254622,-0.010535756859462708,1.0023952722549438
-0.0020245100386947447,0.2232597741311765,-0.21818288639670416,-0.08198535057776553,-88.30005819,65658024,66.024745,0.0,78.14092094591177,-0.007118055555555612,0.0004492184994483574,0.06898573818909987,-0.1103671635045056,-3.1494934177542795e-08,0.0,0.0,9.190005223383494,307,238.91,-0.1535192143583476,0.01,-0.012503471250800181,-0.19355373971879264,0.0,-0.003266783980250287,4117,0.2734983,-0.4523779030672018,0.0,0.0,-0.1450226400304889,1.452726860387716,0.0,-0.19683604395436002,-0.0007270871494346955,-0.01213571390847432,-0.45949507403749124,-0.03748178300068402,-0.5,1374,-0.026864444111370386,0.587095391,0.0,-0.008331388138079395,-34.08649024963379,0.9977487325668335,0.46334835737943647,0.2,-0.23789255321025848,0.25269775390625,14055,0.000267180204,0.02256814,-0.012702149467077106,1.0028314590454102
-0.0020805417089898317,0.22577505587860938,-0.21423393574292332,-0.07971351723192743,-87.95127436999998,65676456,66.036265,0.0,79.02126955751328,-0.007204861111111167,0.0009906679721704374,0.06928893159135505,-0.11063485159542866,-3.332695969445909e-08,0.0,0.0,9.446364781520378,308,239.53,-0.1569244938581274,0.01,-0.012959373287492547,-0.1901175807335666,0.0,-0.0030695531993886614,4117,0.2735751,-0.4755209708758984,0.0,0.0,-0.150372302728916,1.4102316545289264,0.0,-0.19931763659051172,-0.000873513820367299,-0.012418576394310635,-0.47308816299389606,-0.03823954376319364,-0.5,1378,-0.026153759980225108,0.587077727,0.0,-0.008458341546227328,-34.075453186035155,0.9905242323875427,2.4275575160980223,0.2,1.3298789262771606,0.2758544921875,14059,0.00026717098799999996,0.023312699,-0.005078986985608935,1.0016963481903076
-0.001977787100008359,0.23740872900744164,-0.21160170191548466,-0.07970655667977045,-88.22804943999999,65694888,66.047785,0.0,83.09305515260458,-0.006586371527777839,0.0008251950235313012,0.07373674401145645,-0.11079008411129676,-3.1533764368310374e-08,0.0,0.0,10.523478459484648,309,241.07,-0.1495622832597585,0.01,-0.012358202195883745,-0.1890044235914491,0.0,-0.004653283097534043,4117,0.2736519,-0.4419350642483537,0.0,0.0,-0.14337499118271874,1.4530881335931154,0.0,-0.18401041660894082,-0.00043342801324708027,-0.011832229120000691,-0.44818752485352537,-0.03621608063852161,-0.5,1383,-0.02573021665316538,0.587060063,0.0,-0.008310773728428304,-34.07092971801758,0.9928371906280518,1.4284605920314788,0.2,0.189071387052536,0.18070068359375,14063,0.000267161772,0.025504822,-0.006551729282364249,1.0013542175292969
-0.0019473694273210633,0.2251527021521144,-0.21970382721625453,-0.08248914416899644,-88.10682489000001,65713320,66.059305,0.0,78.80344575324004,-0.0068684895833334,0.0008767357115478566,0.07300470347895106,-0.1105406983763992,-3.189038372397302e-08,0.0,0.0,9.312908710885571,310,238.28,-0.14365434335288757,0.01,-0.01217713951667717,-0.19405061831803036,0.0,-0.0030614092405040734,4117,0.2737287,-0.4421462425761936,0.0,0.0,-0.14281556292195124,1.4801757422892114,0.0,-0.1849547406254687,-0.0005139707192017859,-0.01181837256494913,-0.4448017610059299,-0.03694809149574648,-0.5,1387,-0.027334730220327643,0.587042399,0.0,-0.007699609357385068,-34.07021770477295,0.9979642629623413,0.3999598681926727,0.2,-0.2251574546098709,0.17281494140625,14067,0.000267152556,0.024530886,-0.015581401041708886,1.0016273260116577
-0.0020364690916950252,0.23105032579829898,-0.22253999152290127,-0.08132231723764131,-88.11049790999999,65731752,66.070825,0.0,80.86761402940465,-0.007096354166666725,0.0013953990225369732,0.06785681153552668,-0.11047784535497789,-3.381383513504659e-08,0.0,0.0,9.938187115575534,311,236.16,-0.15295368386004562,0.01,-0.012782674166707142,-0.19667724696225863,0.0,-0.0031767882494244727,4117,0.2738055,-0.46355532506070407,0.0,0.0,-0.15027722084105244,1.436745097972588,0.0,-0.1991601925207791,-0.0006892798481158462,-0.013046894779700328,-0.4698868805733701,-0.03741656457896822,-0.5,1392,-0.027351715472087382,0.587024735,0.0,-0.008187888319500618,-34.07640914916992,0.986244797706604,3.5720840990543365,0.2,0.9212773442268372,0.25560302734375,14071,0.00026714334,0.028373387,-0.006241111631970853,1.001861810684204
-0.0020245320917140677,0.23261065039144843,-0.2180999907501647,-0.08242374684063149,-87.78584509000002,65750184,66.082345,0.0,81.41372763700696,-0.006857638888888955,0.0009440102148801088,0.0711407363579974,-0.11067536780928894,-3.281374965933417e-08,0.0,0.0,10.118376800921068,312,238.51,-0.1474830268102784,0.01,-0.012674720205598657,-0.19522612246210136,0.0,-0.0034302058574324635,4118,0.2738823,-0.45815402818413337,0.0,0.0,-0.14807692975252196,1.4393115761842954,0.0,-0.19422479779370158,-0.0004674187479025023,-0.012398229485627653,-0.45943721385260894,-0.03686088692175668,-0.5,1396,-0.026315822016778363,0.587007071,0.0,-0.007222316793761113,-34.06797466278076,0.9828351140022278,3.57334680557251,0.2,0.8643050193786621,0.08724365234375,14075,0.00026713412399999997,0.012185609,-0.008605595154222101,1.0010781288146973
-0.0020049636945405043,0.23015146154297939,-0.21557666396269284,-0.0806229873687117,-87.53448759999999,65768616,66.093865,0.0,80.55301154004279,-0.006716579861111177,0.0009217662607423133,0.07279105104444059,-0.11085326853627483,-3.172372228573847e-08,0.0,0.0,9.804418592133537,313,238.06,-0.14099361465983562,0.01,-0.012475197982206483,-0.19604639037538812,0.0,-0.0028933451299380172,4118,0.2739591,-0.4561881836663643,0.0,0.0,-0.14461083772608604,1.444128892962175,0.0,-0.19169776923206316,-0.0005574692631536974,-0.012347464617855295,-0.45245745582162505,-0.03692123920966997,-0.5,1400,-0.02653213550063086,0.586989407,0.0,-0.007295421740208339,-34.064165878295896,0.9935060739517212,1.4062775820493698,0.2,0.14592593908309937,0.1195556640625,14079,0.000267124908,0.015349662,-0.011080489901360124,1.00096595287323
-0.0019687820152178687,0.2239879475611127,-0.21230240769236072,-0.07976339266248413,-87.96620983999999,65787048,66.105385,0.0,78.39578164638945,-0.006673177083333396,0.0008468962817763289,0.07351289796455153,-0.11073239921537176,-3.139767792235217e-08,0.0,0.0,9.246732429887969,314,239.41,-0.14375396381210492,0.01,-0.012135869077487864,-0.19495814572084702,0.0,-0.0033021294878634007,4118,0.2740359,-0.44191297444636635,0.0,0.0,-0.140859284568563,1.4584882130687526,0.0,-0.1874714817447531,-0.000651730358902811,-0.011726994585462227,-0.4440156506095066,-0.03650176198507661,-0.5,1405,-0.026464237984463408,0.586971743,0.0,-0.008182191852635393,-34.06658363342285,0.9942925572395325,1.2928352564573289,0.2,0.07735815644264221,0.12220458984375,14083,0.000267115692,0.016355436,-0.010724281740840525,1.001035451889038
-0.0019908321898408398,0.22702278637879725,-0.21344498324317235,-0.08060027385549427,-87.8782781,65805480,66.116905,0.0,79.45797523257903,-0.006673177083333395,0.0005278861661079443,0.06847321719114938,-0.11055915718318,-3.203279892809395e-08,0.0,0.0,9.532348187244583,315,241.88,-0.1450616273073152,0.01,-0.01226659661749882,-0.1952914983218316,0.0,-0.004312187032734307,4118,0.2741127,-0.4496537228717381,0.0,0.0,-0.1429335683060039,1.443174654306217,0.0,-0.19249568308765316,-0.0006573216688925449,-0.012134930717965847,-0.4487177250716484,-0.03685019063551485,-0.5,1409,-0.026902747548452653,0.5869540790000001,0.0,-0.008652160165689161,-34.07251796722412,0.999110758304596,0.19418662115931512,0.2,-0.2971455454826355,0.24298095703125,14087,0.00026710647599999997,0.028683936,-0.020624206832144408,1.0017491579055786
-0.0020543867084492078,0.22585205055539975,-0.21724061027453248,-0.08253298194642035,-87.67957436,65823912,66.128425,0.0,79.04821769438992,-0.006835937500000065,0.0002929686904988355,0.07007508422082952,-0.11082929308767717,-3.192257300117531e-08,0.0,0.0,9.353568158973445,316,239.67,-0.14536774618811166,0.01,-0.012592299388842647,-0.20020594133764238,0.0,-0.0029719240987767393,4118,0.2741895,-0.46581311048695184,0.0,0.0,-0.14641410992150103,1.4378332629560537,0.0,-0.20004188181490845,-0.000977868016263457,-0.01279282424345512,-0.4637486289441872,-0.036868450065055965,-0.5,1414,-0.026704383901948063,0.586936415,0.0,-0.006760620959943885,-34.07865810394287,0.9993113279342651,0.1736999697983265,0.2,-0.2980284094810486,0.29039306640625,14091,0.00026709726,0.029867938,-0.016636242950335146,1.0022615194320679
-0.001970108717907826,0.21950575867107824,-0.20119208395760835,-0.07908149609926249,-88.26724011999998,65842344,66.13994500000001,0.0,76.82701553487739,-0.007009548611111174,0.0011279288317180341,0.07391632703690394,-0.11054988653316093,-3.082629951573887e-08,0.0,0.0,8.773571809546773,317,242.67,-0.15125228151862802,0.01,-0.012103967651868873,-0.1867454358795832,0.0,-0.0036883653946586086,4119,0.2742663,-0.44194675789526966,0.0,0.0,-0.14041984286517872,1.414630557345313,0.0,-0.1856452082246253,-0.0009522923731033717,-0.012601915115091403,-0.4440377711003858,-0.037302177240721324,-0.5,1418,-0.025038583354994582,0.586918751,0.0,-0.008514087087759335,-34.07307434082031,0.9988241791725159,0.31164293363690376,0.2,-0.254358172416687,0.3122711181640625,14095,0.000267088044,0.046421133,-0.007571824360638857,1.0019214153289795
-0.0019911070327086316,0.23461436315750395,-0.21220397989619222,-0.08190855011712289,-88.62934079,65860776,66.151465,0.0,82.11502710512639,-0.0068793402777778435,0.0005354814250798275,0.07084832756903342,-0.11080028793616065,-3.094817343659909e-08,0.0,0.0,10.668471637050281,318,239.06,-0.1463968778759165,0.01,-0.012325517379520985,-0.19916811734995765,0.0,-0.0029248684735202275,4119,0.2743431,-0.4507589711270215,0.0,0.0,-0.14352993978268536,1.4536628948370622,0.0,-0.19232645017273914,-0.0008644594413646504,-0.012737118637479117,-0.4506090015804927,-0.0371199830877954,-0.5,1422,-0.026468495283646545,0.586901087,0.0,-0.007664073368586186,-34.08319358825683,0.9989020824432373,0.2703473336994648,0.2,-0.25055640935897827,0.28330078125,14099,0.000267078828,0.030871183,-0.017280883993953465,1.002507209777832
-0.0020298350427151346,0.22769839413423376,-0.20593885041746954,-0.0810213489393535,-88.43779291999999,65879208,66.16298499999999,0.0,79.69443794698182,-0.007020399305555617,0.0009071175623426421,0.070892062801021,-0.11058801195653059,-3.129493342731825e-08,0.0,0.0,9.685885402695105,319,239.4,-0.1461135204190086,0.01,-0.012499607455147351,-0.19445921269608385,0.0,-0.003345993251352088,4119,0.2744199,-0.4566980299447086,0.0,0.0,-0.14528349061445237,1.415301436307888,0.0,-0.19775901946242755,-0.0014239414519561682,-0.013648508608244604,-0.4510150815662739,-0.03749511183542832,-0.5,1427,-0.02591399309051096,0.586883423,0.0,-0.008079789116487114,-34.0750545501709,0.9941220879554749,1.1721322059631347,0.2,0.013056814670562744,0.2750244140625,14103,0.000267069612,0.026033148,-0.009257778577739373,1.001870036125183
-0.0020371076502180966,0.22380769063669984,-0.21046488518369358,-0.08113955430922346,-87.85970982999999,65897640,66.174505,0.0,78.33269172284494,-0.0067057291666667304,0.0005523000468706919,0.07018209556079613,-0.11056305552187431,-3.1758003075164244e-08,0.0,0.0,9.25368348697351,320,240.73,-0.14375685112078354,0.01,-0.012515118978497693,-0.19606853186782963,0.0,-0.003851632178385752,4119,0.2744967,-0.45220577838603876,0.0,0.0,-0.14390014707124218,1.437748502661891,0.0,-0.19571728794715046,-0.0007123204173351768,-0.012062995358785515,-0.45424948449223873,-0.0373096710529408,-0.5,1431,-0.026295110554657563,0.586865759,0.0,-0.008105558896204457,-34.07724132537842,0.9955050349235535,1.1898897886276245,0.2,0.26884040236473083,0.28778076171875,14107,0.000267060396,0.033948112,-0.0063559045549482105,1.002145767211914
-0.0020189853209418287,0.23660394490469558,-0.21078121877463643,-0.08160298050920174,-87.56767991999999,65916072,66.186025,0.0,82.81138071664346,-0.006716579861111176,0.0006456158589571714,0.07334751493663194,-0.11045145900917558,-3.094375969068631e-08,0.0,0.0,10.352379871997856,321,241.36,-0.14066192170945335,0.01,-0.012460316570414064,-0.19550025796513248,0.0,-0.0030592503844636223,4119,0.2745735,-0.44788472190629697,0.0,0.0,-0.1434723996257047,1.4537532373379651,0.0,-0.19500956585566329,-0.0008937935219302585,-0.013468317387574898,-0.44454758672663364,-0.037217688822407564,-0.5,1436,-0.02646825693717177,0.586848095,0.0,-0.0075064675992406495,-34.08561973571777,0.9990681409835815,0.2444763585925102,0.2,-0.27795684337615967,0.2650146484375,14111,0.00026705117999999996,0.027403355,-0.014341886201873422,1.0027989149093628
-0.0020304010713966376,0.22290319009101772,-0.2129893298498569,-0.082440205723854,-87.71233031,65934504,66.197545,0.0,78.0161165318562,-0.006890190972222289,0.0006624344128390981,0.07111337770007611,-0.11051805309102528,-3.16414289718866e-08,0.0,0.0,9.115772347721316,322,238.42,-0.14198954739160996,0.01,-0.012479222860018358,-0.1987285282783735,0.0,-0.0030250998765178347,4120,0.2746503,-0.4471150612034091,0.0,0.0,-0.1442162934325138,1.463798548904392,0.0,-0.19756051078111994,-0.0005027818521110398,-0.012439273619711118,-0.4420343941046163,-0.03787500256811105,-0.5,1440,-0.027016358235757994,0.586830431,0.0,-0.00737571712428083,-34.079939651489255,0.9993944764137268,0.15596937611699105,0.2,-0.293941468000412,0.25782470703125,14115,0.000267041964,0.02723917,-0.016157017939258368,1.0020631551742554
-0.0020484414916587374,0.2283087178385218,-0.2110307824349184,-0.0827012473914276,-87.37043763,65952936,66.20906500000001,0.0,79.90805124348263,-0.006727430555555618,0.0006684023375985109,0.07097792851043207,-0.11038772896008492,-3.232591709729695e-08,0.0,0.0,9.612193853760283,323,240.61,-0.14259636511800325,0.01,-0.012528973005353519,-0.19689320128651217,0.0,-0.0032192775541340568,4120,0.2747271,-0.45230476598576735,0.0,0.0,-0.14544551351790272,1.4403424136844492,0.0,-0.19968782984956981,-0.0007743880355632415,-0.01288332607546159,-0.44811882885550397,-0.03741794417732628,-0.5,1444,-0.02692196965399324,0.5868127670000001,0.0,-0.007839717640308663,-34.06370582580566,0.9929765462875366,2.092123830318451,0.2,1.584761619567871,0.260546875,14117,0.000267032748,0.038268097,-0.0005368213169276714,1.0008645057678223
-0.0020327270193121532,0.22290562454401253,-0.2057194517114153,-0.07954230173725078,-88.09478798,65971368,66.220585,0.0,78.01696859040439,-0.006553819444444506,0.0005832244383378162,0.07051392546645663,-0.11059461425595546,-3.159826571810317e-08,0.0,0.0,9.200972432786218,324,240.14,-0.15026799722331619,0.01,-0.012534970113428457,-0.19077490730702326,0.0,-0.00348393724405225,4120,0.2748039,-0.4502190930928808,0.0,0.0,-0.1461762864592299,1.4287506354642674,0.0,-0.19433870852757143,-0.0006680376756497647,-0.01249833951297186,-0.44805612482060897,-0.0368961590569335,-0.5,1449,-0.025586123948106308,0.586795103,0.0,-0.008326777826166816,-34.07737407684326,0.9993331432342529,0.16205095797777175,0.2,-0.3016630709171295,0.24476318359375,14121,0.000267023532,0.026686639,-0.016375708862324246,1.0020976066589355
-0.0019976106541307217,0.22778718398808961,-0.20847882750986746,-0.07839908818547411,-87.54062255,65989800,66.23210499999999,0.0,79.72551439583137,-0.006597222222222282,0.0006434457221378883,0.07116474380729461,-0.11056683995621085,-3.144943444282655e-08,0.0,0.0,9.522624437637427,325,243.79,-0.14623193338402332,0.01,-0.01221251970734377,-0.18656048920526933,0.0,-0.004069366732084615,4120,0.2748807,-0.4387662198547237,0.0,0.0,-0.1425343745155578,1.4435507541213666,0.0,-0.1936364308952817,-0.0008729530095624382,-0.012047850987724738,-0.4304406627367587,-0.03802075787525331,-0.5,1453,-0.026143470745213622,0.586777439,0.0,-0.009162413109960552,-34.07933750152588,0.9929617047309875,1.6878423631191253,0.2,0.2834661602973938,0.2794921875,14125,0.00026701431599999997,0.032653213,-0.005086534458678215,1.0022215843200684
-0.0019965472166198484,0.22346183562088953,-0.20613560624716384,-0.07922381582896065,-88.00284334999998,66008232,66.24362500000001,0.0,78.21164246731134,-0.006846788194444511,0.0011235885677807447,0.07343164082539894,-0.11046743755688518,-3.171930480372701e-08,0.0,0.0,9.165207100500458,326,245.08,-0.15103162209585075,0.01,-0.012240826418347289,-0.18486187472348856,0.0,-0.005299642181915851,4115,0.2749575,-0.4369331240913233,0.0,0.0,-0.14264654851890046,1.4461478832502415,0.0,-0.19448232401722282,-0.0008563943765669116,-0.011895979370234249,-0.4313493194802891,-0.03720383491080516,-0.5,1459,-0.026146675433121186,0.586759775,0.0,-0.00978619070439082,-34.07192478179932,0.9988061189651489,0.27107980772852897,0.2,-0.26649269461631775,0.167578125,14129,0.0002670051,0.020510219,-0.014382551412563772,1.001586675643921
-0.0020374375224313217,0.2309696645532182,-0.21031908039068575,-0.08039048411916994,-87.81989254,66026664,66.255145,0.0,80.83938259362637,-0.006890190972222286,0.0009244787118708094,0.06867125273327027,-0.11038568229511875,-3.289000100735426e-08,0.0,0.0,9.749944577169718,327,243.96,-0.1503998095227436,0.01,-0.012573066621864143,-0.18995623551629837,0.0,-0.004045884631359804,4116,0.2750343,-0.45776167372141047,0.0,0.0,-0.14747598620721175,1.4182445287737018,0.0,-0.19728951238773243,-0.00048261514324384543,-0.012116137555025405,-0.4457782880892476,-0.03766692071417625,-0.5,1464,-0.026364608345049906,0.586742111,0.0,-0.008494013205765642,-34.08089599609375,0.9991397857666016,0.18348586186766624,0.2,-0.2909419536590576,0.23131103515625,14133,0.000266995884,0.027283004,-0.01595850826706737,1.0024656057357788
-0.002012365790812097,0.22785213909233842,-0.21374827184089354,-0.07949382691671911,-88.13817503,66045096,66.26666499999999,0.0,79.74824868231845,-0.006803385416666732,0.0005984154995530844,0.07076998327822874,-0.11056968192973467,-3.233267175614908e-08,0.0,0.0,9.482552174290197,328,240.05,-0.14713484267255872,0.01,-0.012308345540424844,-0.1915275378528265,0.0,-0.003840560575036649,4116,0.2751111,-0.4432130150877769,0.0,0.0,-0.14459731593304323,1.4397136521333123,0.0,-0.1958201838539323,-0.0006654415602773092,-0.01209809289922235,-0.4395826907168276,-0.03727132552374332,-0.5,1468,-0.02650635423075723,0.586724447,0.0,-0.007934391010268074,-34.082820892333984,0.9993132948875427,0.16285948678851128,0.2,-0.30270737409591675,0.27069091796875,14137,0.00026698666799999997,0.030387372,-0.0173840974108316,1.002679705619812
-0.0020106197867404904,0.2273081969458964,-0.20969787588944014,-0.08185432648000612,-88.36612833000001,66063528,66.27818500000001,0.0,79.55786893106374,-0.006857638888888955,0.0007584631675854325,0.0709049711813675,-0.11052567878843451,-3.177604543221559e-08,0.0,0.0,9.6596384377032,329,239.25,-0.14596149569189365,0.01,-0.012444464800001982,-0.19246734973253804,0.0,-0.004148609123811522,4116,0.2751879,-0.4505579997585358,0.0,0.0,-0.14601451430091578,1.4379844610768213,0.0,-0.19494701330545816,-0.0006720758444281318,-0.012462456619972096,-0.4461590459299859,-0.03744819133599949,-0.5,1473,-0.026123557421443008,0.586706783,0.0,-0.00828825871576555,-34.06506462097168,0.9930644035339355,1.8949477195739746,0.2,1.0639309883117676,0.3080810546875,14139,0.000266977452,0.04271657,0.0028874891344457866,1.0009610652923584
-0.001986051957764842,0.22048840583047843,-0.22967415739412747,-0.0849512912743165,-87.99415645,66081960,66.289705,0.0,77.17094204066746,-0.006673177083333397,0.0004774303395404584,0.06592212571229213,-0.11056185237175672,-3.161227441416941e-08,0.0,0.0,8.923163923894958,330,239.57,-0.14289843677188863,0.01,-0.012341563632025368,-0.19909240138731102,0.0,-0.003171981690784749,4117,0.2752647,-0.44070530696743254,0.0,0.0,-0.1450986457501782,1.4912057060716224,0.0,-0.19339981908246656,-0.0006900146646486541,-0.012121913621328395,-0.44321104313888265,-0.03693491748041164,-0.5,1477,-0.028978101932045013,0.586689119,0.0,-0.008297208211539934,-34.067941665649414,0.9899861216545105,2.0201461374759675,0.2,0.04072064161300659,0.1865234375,14143,0.000266968236,0.016750667,-0.006983848055824637,1.0012075901031494
-0.0020283118100941962,0.21853546306705868,-0.21722265176275146,-0.08370828715776513,-88.32856253999998,66100392,66.301225,0.0,76.48741207347054,-0.007118055555555612,0.0005360238072979781,0.06661688272974053,-0.1104695528444307,-3.2409566809194024e-08,0.0,0.0,8.868062088907214,331,240.85,-0.15600851915910233,0.01,-0.012572955051903737,-0.1959199238381732,0.0,-0.003864893311622836,4117,0.2753415,-0.45829987337021955,0.0,0.0,-0.14888301773220072,1.4450079894242713,0.0,-0.1977794658222957,-0.0008160519830249934,-0.012767053751756324,-0.46308210921943643,-0.03727743278433256,-0.5,1481,-0.02754139221078471,0.5866714550000001,0.0,-0.008736525631522656,-34.06736450195312,0.9947264790534973,1.2331730395555496,0.2,0.10924473404884338,0.19969482421875,14147,0.00026695902,0.0210911,-0.011059470241889358,1.0014245510101318
-0.002008955152885803,0.23767253244980402,-0.21842501219564142,-0.08118984528629858,-88.26999541,66118824,66.312745,0.0,83.18538635743141,-0.006727430555555619,0.0007199431905367722,0.06521419188312484,-0.11054887324891462,-3.060600588088101e-08,0.0,0.0,10.546104793813047,332,242.19,-0.15359598643207084,0.01,-0.012442660531448527,-0.1894603311693781,0.0,-0.004750441254702773,4117,0.2754183,-0.4512602356376475,0.0,0.0,-0.14691696007983135,1.4482023501787071,0.0,-0.19667261776803202,-0.0008004894713222974,-0.012638486101401815,-0.45272113781427653,-0.03722392303330681,-0.5,1486,-0.027161120046997077,0.586653791,0.0,-0.009143154120667733,-34.07291717529297,0.9959924221038818,0.9454122602939605,0.2,-0.028446435928344727,0.20921630859375,14151,0.000266949804,0.028778251,-0.010515946988016367,1.00169038772583
-0.0020190854671297796,0.22355281164543847,-0.21259038855616305,-0.08169830836768094,-88.1793044,66137256,66.324265,0.0,78.24348407590347,-0.00716145833333339,0.0010747605507882934,0.07004381866227127,-0.11041203920557138,-3.189438340550055e-08,0.0,0.0,9.201118877870682,333,243.67,-0.15003180476587752,0.01,-0.012399957104550812,-0.18781600681841118,0.0,-0.0032149352608754535,4117,0.2754951,-0.44328818062344305,0.0,0.0,-0.14542417109159816,1.4399641042632887,0.0,-0.19743462391048244,-0.0009095033132209162,-0.01281977993008371,-0.43888655749408756,-0.03699705302629675,-0.5,1490,-0.02661118474219703,0.586636127,0.0,-0.009132439469491752,-34.078744125366214,0.9961610436439514,0.9662457168102264,0.2,0.4006369411945343,0.24573974609375,14155,0.000266940588,0.032279022,-0.00931452338118106,1.0021920204162598
-0.001982369338096295,0.2285264931924387,-0.2099402368276143,-0.07925638718330533,-87.67148988999999,66155688,66.33578499999999,0.0,79.98427261735354,-0.006781684027777842,0.0008398431107505328,0.06961110353593099,-0.11047328678494403,-3.061849394927625e-08,0.0,0.0,9.598721685568991,334,243.22,-0.15272209143939175,0.01,-0.012142491754539393,-0.18659168748722432,0.0,-0.0030316024084058872,4117,0.2755719,-0.43987546163656027,0.0,0.0,-0.14287379171432224,1.4562264137944798,0.0,-0.19130181128145948,-0.0008018773109535619,-0.011738323636734611,-0.44158488629657106,-0.036479601078873096,-0.5,1494,-0.026731574062822883,0.586618463,0.0,-0.009302522843225032,-34.06929759979248,0.9986419677734375,0.31671249940991403,0.2,-0.2414204627275467,0.21497802734375,14159,0.00026693137199999996,0.022044417,-0.011713452241383492,1.001044750213623
-0.001996096477442747,0.2247305946232196,-0.2121976400989344,-0.07948139813122786,-87.94337001000002,66174120,66.347305,0.0,78.65570811812685,-0.007009548611111174,0.0010720478150890106,0.07024431465156196,-0.11042451254661984,-3.105830875504968e-08,0.0,0.0,9.315442292632135,335,243.9,-0.15338717245418465,0.01,-0.012258983155478766,-0.18689522983805237,0.0,-0.00456651563363134,4118,0.2756487,-0.43897225872592127,0.0,0.0,-0.14315484732317246,1.4477089471808535,0.0,-0.19227872102605809,-0.0005555963918437959,-0.01183340098771579,-0.43340890902882845,-0.03722422514502524,-0.5,1499,-0.02685351345020366,0.586600799,0.0,-0.00949159539434024,-34.063073539733885,0.9987718462944031,0.23900587409734725,0.2,-0.26264750957489014,0.23369140625,14163,0.000266922156,0.028810304,-0.014393139700405299,1.0010930299758911
-0.00203292213194009,0.2276739054561718,-0.21498714918235162,-0.08066841658967755,-88.13183802999998,66192552,66.358825,0.0,79.68586690966013,-0.006901041666666731,0.0008089184476476577,0.06904364976098537,-0.11053048316657738,-3.136848184039975e-08,0.0,0.0,9.546655541561394,336,242.56,-0.14933493604980017,0.01,-0.012475263197483136,-0.19140260698725903,0.0,-0.0033382433024165287,4118,0.2757255,-0.44928258008241884,0.0,0.0,-0.1445654977754839,1.4410688749454934,0.0,-0.19568355879217103,-0.0007733240964481206,-0.012168903432742894,-0.4432136454207684,-0.03682434584820514,-0.5,1503,-0.02713279955294593,0.586583135,0.0,-0.008621236760518514,-34.07134590148926,0.9993602633476257,0.16971994414925576,0.2,-0.28858083486557007,0.26571044921875,14167,0.00026691294,0.028334107,-0.019144290080294012,1.0018115043640137
-0.002016450549268687,0.21825082767715392,-0.2188570698062733,-0.0819066658209897,-87.59860067000004,66210984,66.370345,0.0,76.38778968700387,-0.007259114583333388,0.000841470616352227,0.06884025927354248,-0.11058975541577562,-3.1499728259294973e-08,0.0,0.0,8.732779253081546,337,241.07,-0.15389800780013674,0.01,-0.012509990132218577,-0.19218982758935718,0.0,-0.0025442201644369487,4118,0.2758023,-0.45771619917133194,0.0,0.0,-0.14835383222429543,1.4546920138485415,0.0,-0.19234051277671937,-0.0006173071586141472,-0.011873779358469045,-0.45571329043954356,-0.03708887745282447,-0.5,1508,-0.02743847253073521,0.586565471,0.0,-0.007774207631074306,-34.07310066223145,0.9992150664329529,0.2079036094248295,0.2,-0.2792077660560608,0.29036865234375,14171,0.000266903724,0.03131572,-0.01586786418920383,1.0017436742782593
-0.002045315166228859,0.22099665908647695,-0.22001420566496774,-0.08102134718639321,-88.38533184000002,66229416,66.381865,0.0,77.34883068026693,-0.0069661458333334,0.0006526687454121808,0.06824127979427497,-0.11061373320780594,-3.234510823822786e-08,0.0,0.0,9.082243318701586,338,236.33,-0.15672238595768218,0.01,-0.012753625317123622,-0.19245828724179764,0.0,-0.002521885585476025,4118,0.2758791,-0.45933894660892616,0.0,0.0,-0.14994844549624442,1.4587183270293975,0.0,-0.19929732523410432,-0.0007859171007496795,-0.012741189103587344,-0.46167611162088856,-0.03709721685713887,-0.5,1512,-0.027706955934558394,0.586547807,0.0,-0.008592076133936644,-34.07221031188965,0.9994086623191833,0.1623016282916069,0.2,-0.29050374031066895,0.2732421875,14175,0.00026689450799999997,0.027581256,-0.016374723264016212,1.0015864372253418
-0.0020180843186007364,0.22271832311213074,-0.21253208509262858,-0.0816492857562068,-88.32801540000003,66247848,66.393385,0.0,77.95141308924576,-0.007215711805555608,0.0010465483226451194,0.07104082809713619,-0.11054161452927447,-3.2056823520475356e-08,0.0,0.0,9.222797662616532,339,238.57,-0.15758888898493237,0.01,-0.012545480266972154,-0.1854645624380543,0.0,-0.0020474115633614606,4119,0.2759559,-0.4443206483671199,0.0,0.0,-0.14608612230701565,1.4609239635978641,0.0,-0.19486189414178903,-0.0007377087302642766,-0.011821204300142413,-0.4468701471552663,-0.03688021671415119,-0.5,1516,-0.026736827276629856,0.5865301430000001,0.0,-0.008787930723176234,-34.05707223074777,0.9819629788398743,4.620358398982456,0.2,1.3787832260131836,0.20619419642857142,14177,0.000266885292,0.042164594,0.0035279326673064914,1.000260829925537
-0.0020581620426295922,0.23284796562967502,-0.22137718972149564,-0.08426390528437791,-87.79608347000001,66266280,66.404905,0.0,81.49678797038626,-0.007313368055555604,0.0008165139653202561,0.0693459593120273,-0.11065571207957187,-3.252781377087052e-08,0.0,0.0,10.015712269600629,340,237.48,-0.15445861981506814,0.01,-0.01283353709768833,-0.19444982626087873,0.0,-0.002030764974129718,4119,0.2760327,-0.4546902934283072,0.0,0.0,-0.15025791730499874,1.463317163629234,0.0,-0.20395306607661598,-0.0008451344849458233,-0.01265648752756294,-0.45391387090669383,-0.036980441176810576,-0.5,1521,-0.027563182596731867,0.586512479,0.0,-0.007476899203740888,-34.06443691253662,0.9989739656448364,0.2717916429042816,0.2,-0.2752963900566101,0.1846435546875,14181,0.000266876076,0.01898784,-0.015251353767234832,1.0011228322982788
-0.00204393872095177,0.22941261349286515,-0.21994248235920144,-0.0828473207762334,-87.59220966,66284712,66.416425,0.0,80.29441472250281,-0.006922743055555624,0.0005018441491605093,0.06791537770810467,-0.1107502379351069,-3.276778246105405e-08,0.0,0.0,9.747037152371217,341,237.52,-0.14945639170902816,0.01,-0.012685562863115693,-0.19004289944127023,0.0,-0.0019996395010278053,4119,0.2761095,-0.45420995074774306,0.0,0.0,-0.14775391234600047,1.4648995561807534,0.0,-0.19764103665858937,-0.0007253435011173212,-0.012050087232614847,-0.44603747427096163,-0.03691674369607958,-0.5,1525,-0.027565802785337847,0.586494815,0.0,-0.008370451006663239,-34.06488571166992,0.9879789352416992,2.667467552423477,0.2,0.22416222095489502,0.2520751953125,14185,0.00026686685999999997,0.021417744,-0.007619353872723877,1.0011343955993652
-0.0020171267888603856,0.223773727602912,-0.2219016970790227,-0.08322412749704983,-87.88059738999999,66303144,66.427945,0.0,78.3208046610192,-0.00684678819444451,0.0006472434033639729,0.06732100494518628,-0.11086680363250309,-3.246478642246415e-08,0.0,0.0,9.386854078375372,342,239.07,-0.1494762680983466,0.01,-0.012512117664645737,-0.19490708591408523,0.0,-0.002749275594578082,4119,0.2761863,-0.4525083496559971,0.0,0.0,-0.14640397398678195,1.4795362077254588,0.0,-0.19589249336979594,-0.0009457842415938591,-0.012165321943125617,-0.4501612180002483,-0.03620116330223853,-0.5,1530,-0.027869756641514268,0.586477151,0.0,-0.007564247582599314,-34.065250396728516,0.9939647316932678,1.3429280936717987,0.2,0.48750048875808716,0.13819580078125,14189,0.000266857644,0.01601473,-0.008127892174525187,1.0010547637939453
-0.001986372754656636,0.22870790628670476,-0.21848395491827233,-0.08197553378845306,-88.21408432000004,66321576,66.439465,0.0,80.04776720034667,-0.006749131944444509,0.0005533849438911097,0.06731189859327931,-0.11065640968824747,-3.220584724559624e-08,0.0,0.0,9.645364575664336,343,240.64,-0.15011845747864702,0.01,-0.012263965852131825,-0.19088221618995693,0.0,-0.0036721748881482735,4119,0.2762631,-0.4413395243675857,0.0,0.0,-0.14306114594329855,1.4694485923554,0.0,-0.19440142334792665,-0.0009249300093260499,-0.011800749757451687,-0.44076808563898223,-0.0364292436835276,-0.5,1534,-0.027546219668697705,0.5864594870000001,0.0,-0.009147764924111672,-34.06590538024902,0.9940746426582336,1.3066783219575882,0.2,0.030863553285598755,0.12906494140625,14193,0.000266848428,0.016072284,-0.01086154842050746,1.001075267791748
-0.0020752347866894796,0.2313325025239295,-0.21510506061571444,-0.08021814972290113,-87.41294531,66340008,66.450985,0.0,80.96637588337532,-0.006998697916666731,0.0005463320024621984,0.06804539224773533,-0.11066734217340773,-3.272392770287407e-08,0.0,0.0,9.864134967702395,344,240.92,-0.15260323015810204,0.01,-0.01272161056350795,-0.19131116749823712,0.0,-0.003207459275328244,4119,0.2763399,-0.46053060265697976,0.0,0.0,-0.14817443466126856,1.439689961085885,0.0,-0.19918835926654432,-0.0008393973204617236,-0.012241370752466159,-0.4491594003829211,-0.03676769241547088,-0.5,1539,-0.027095646382775215,0.586441823,0.0,-0.008629645744804293,-34.06895637512207,0.9971917271614075,0.5813379943370819,0.2,-0.061808258295059204,0.1697265625,14197,0.000266839212,0.022478122,-0.014299588126596064,1.0016658306121826
-0.002044664036923108,0.22317149879460638,-0.2162394422512684,-0.08063667137739196,-87.27115539,66358440,66.462505,0.0,78.11002457811223,-0.006759982638888953,0.00042643201757325896,0.06988313525989619,-0.11103537365954935,-3.160567027250682e-08,0.0,0.0,9.20255230695194,345,241.02,-0.14950330836176853,0.01,-0.01267306913844334,-0.19364309771594856,0.0,-0.00313962231409451,4120,0.2764167,-0.4579907149467419,0.0,0.0,-0.1483095868559307,1.4369427888819346,0.0,-0.19715416051505213,-0.0010329031719789664,-0.012392198216847578,-0.4496298263000827,-0.0360479864882709,-0.5,1543,-0.02695137169700358,0.586424159,0.0,-0.007558280068527286,-34.08544578552246,0.9988234639167786,0.3024799607694149,0.2,-0.28049588203430176,0.2654052734375,14201,0.000266829996,0.029586907,-0.013975052128080279,1.002681016921997
-0.0020412201709326134,0.22782201112463443,-0.21303340246304747,-0.08025176195107303,-86.7651297,66376872,66.474025,0.0,79.73770389362205,-0.006705729166666729,0.0005311409897533142,0.06978629106702641,-0.11087381781979076,-3.2015370591850724e-08,0.0,0.0,9.644393319364607,346,241.36,-0.15196904728046892,0.01,-0.012488361333845628,-0.18751935864931313,0.0,-0.002540357564587008,4120,0.2764935,-0.4444630367855999,0.0,0.0,-0.14377493950900191,1.4683455192403816,0.0,-0.19840397939276022,-0.0007059820078446008,-0.0116352464483042,-0.44449260530653756,-0.03577745781339945,-0.5,1547,-0.02650151499520682,0.586406495,0.0,-0.008259096431882225,-34.07910671234131,0.9992561936378479,0.1871430218219757,0.2,-0.29025280475616455,0.26507568359375,14205,0.00026682078,0.029314458,-0.013941236038226635,1.002023458480835
-0.00198367515194053,0.21986624765696944,-0.20721309503267962,-0.0789849389623429,-87.88878502999998,66395304,66.485545,0.0,76.95318667993931,-0.006380208333333393,0.0003076168359257281,0.06819934201254732,-0.11073100752229897,-3.068567117597012e-08,0.0,0.0,8.850106623550428,347,241.68,-0.15210905706569425,0.01,-0.012230557989790844,-0.1842913591404972,0.0,-0.0039843169410446605,4120,0.2765703,-0.44057898205087354,0.0,0.0,-0.14269203425654922,1.4523153336302965,0.0,-0.19206055891300794,-0.000873780095459309,-0.012238125052889577,-0.4279093462217956,-0.036391071544411874,-0.5,1552,-0.026078699062973502,0.586388831,0.0,-0.009073438074362153,-34.0745433807373,0.9964622259140015,0.5785003781318665,0.2,-0.21171340346336365,0.2639892578125,14209,0.00026681156399999996,0.022045266,-0.005017721868352964,1.0019276142120361
-0.0020382905910525167,0.2219798106886351,-0.21326648885861016,-0.0799458021469794,-87.13073671000001,66413736,66.49706499999999,0.0,77.69293374102229,-0.0067382812500000645,0.00026963955800359446,0.06492205417552643,-0.11068917468744685,-3.2815869513732704e-08,0.0,0.0,9.12070599394553,348,241.29,-0.14910685584939315,0.01,-0.012608624231335687,-0.1896375641512001,0.0,-0.0031549196959903512,4120,0.2766471,-0.45639784975595155,0.0,0.0,-0.1467546556595119,1.4441830635578952,0.0,-0.19644771019609325,-0.0008128258870327196,-0.012228107024597874,-0.44883425780710456,-0.03680450418605804,-0.5,1556,-0.026866017296268876,0.586371167,0.0,-0.008366788079405928,-34.08659992218018,0.998656153678894,0.3494777292013168,0.2,-0.17066864669322968,0.25853271484375,14213,0.000266802348,0.03313936,-0.012878235382959246,1.0028588771820068
-0.0020815232421250007,0.22547112971942795,-0.21562284066935344,-0.08129391751085283,-87.59736195999999,66432168,66.50858500000001,0.0,78.91489540179978,-0.007031250000000064,0.0005571826348184712,0.06653127387922603,-0.11080118452207083,-3.394491949291449e-08,0.0,0.0,9.395151679576262,349,238.82,-0.15967866453844373,0.01,-0.01294407336215152,-0.1903452472079178,0.0,-0.0025536754068472625,4120,0.2767239,-0.46504419904052746,0.0,0.0,-0.1526167450355829,1.4332318565476223,0.0,-0.2029256400273715,-0.0011100678029424106,-0.012349515799433818,-0.4656896272399815,-0.03727612882083574,-0.5,1561,-0.02644792834981659,0.586353503,0.0,-0.007806353127105265,-34.08555030822754,0.999525249004364,0.12546688839793205,0.2,-0.31714534759521484,0.2613037109375,14217,0.000266793132,0.02788451,-0.016569577739574015,1.002618432044983
-0.0020424112736932747,0.22786720027907725,-0.20483217391417266,-0.0798360406716344,-87.60715714000001,66450600,66.520105,0.0,79.75352009767704,-0.006586371527777839,0.00024956568571118015,0.06943694914172546,-0.11071818948171391,-3.314820614667083e-08,0.0,0.0,9.609066459170458,350,238.19,-0.14911254653227815,0.01,-0.012592788468696244,-0.18337760452125923,0.0,-0.0023628291579790572,4120,0.2768007,-0.44740403608592033,0.0,0.0,-0.14573240592400552,1.448276504703569,0.0,-0.19542842399059387,-0.0005921236924984822,-0.01209111216222609,-0.43659819686953516,-0.03666543136830847,-0.5,1565,-0.025236409169034704,0.586335839,0.0,-0.007661767367001933,-34.07810745239258,0.9912925958633423,2.196088653802872,0.2,0.7470153570175171,0.3204833984375,14221,0.000266783916,0.033797525,-0.005047896620817482,1.0021288394927979
-0.00205820674158867,0.23079980545886758,-0.2117882622781528,-0.08069574792654435,-87.77863510000002,66469032,66.53162499999999,0.0,80.77993191060365,-0.006694878472222287,0.00043891008115477033,0.06974735841634828,-0.11077483503382003,-3.247785433996554e-08,0.0,0.0,9.852821683177192,351,235.41,-0.14730384768135432,0.01,-0.012782700870573475,-0.1942326866878297,0.0,-0.0018378197921976572,4121,0.2768775,-0.45319623594520486,0.0,0.0,-0.14827845074804674,1.4640597218324012,0.0,-0.19980836482379796,-0.0009840037603074956,-0.01259089611352755,-0.4437357001826824,-0.03675493626919423,-0.5,1569,-0.02648780532789816,0.586318175,0.0,-0.007143105221782914,-34.07317218780518,0.9970886707305908,0.572793510556221,0.2,-0.11155524849891663,0.1609130859375,14225,0.00026677469999999997,0.022434568,-0.011207896954147145,1.0017642974853516
-0.0020812960660203644,0.2272733218556752,-0.21087743963325914,-0.08031293646131807,-87.73203629000001,66487464,66.543145,0.0,79.54566264948632,-0.006759982638888953,0.0003228078454008533,0.07060874464410367,-0.11076956668240107,-3.2614035409487124e-08,0.0,0.0,9.550121626010007,352,233.77,-0.1502153406663463,0.01,-0.01289776592002537,-0.18681164820924342,0.0,-0.0021229681804465477,4121,0.2769543,-0.465386524573728,0.0,0.0,-0.15063766507185344,1.4164524445405278,0.0,-0.2003662196213275,-0.0010722569048298644,-0.013098164297715927,-0.44968829559399587,-0.037017065072510694,-0.5,1574,-0.02574183596703538,0.586300511,0.0,-0.007976843925361108,-34.0726016998291,0.9864691495895386,3.441927081346512,0.2,0.7754269242286682,0.24085693359375,14229,0.000266765484,0.02447324,-0.005408850871026516,1.0014421939849854
-0.0020588788690750043,0.2308497219510696,-0.21737795470072988,-0.07914014482102824,-87.80537715,66505896,66.554665,0.0,80.79740268287436,-0.006651475694444508,0.0007313363538641068,0.069805160775611,-0.11082455151372844,-3.233823030791524e-08,0.0,0.0,9.890059871914843,353,236.45,-0.1519326237695387,0.01,-0.012793070893136301,-0.1913419220062406,0.0,-0.002595536989579166,4116,0.2770311,-0.45199814873238636,0.0,0.0,-0.14861442270402475,1.4578558217245918,0.0,-0.19650271779578776,-0.0009454063463170153,-0.01240514356070722,-0.45437119903951156,-0.0366349101429869,-0.5,1580,-0.026803585625744517,0.586282847,0.0,-0.0077495217685484225,-34.065387916564944,0.9869199395179749,3.018779528141022,0.2,0.6052542924880981,0.08719482421875,14233,0.000266756268,0.012448641,-0.010630995634710417,1.0009313821792603
-0.0020523909208422344,0.2271555811363117,-0.21528975366738967,-0.08340442919664215,-86.92821836999998,66524328,66.566185,0.0,79.5044533977091,-0.0068142361111111745,0.0004264319690668748,0.06981262587919213,-0.11082713066948362,-3.198262667526962e-08,0.0,0.0,9.597907987455585,354,238.68,-0.14316306841515153,0.01,-0.012725705034156966,-0.197020663780039,0.0,-0.0020659854423464522,4116,0.2771079,-0.4536649682500019,0.0,0.0,-0.14733741650295043,1.452508175468209,0.0,-0.19905403391086327,-0.0010760125639118095,-0.013593970458894676,-0.44406606797343395,-0.03633344893595573,-0.5,1584,-0.026600907102275445,0.586265183,0.0,-0.007004217810592511,-34.06511898040772,0.9935816526412964,1.5366643056273461,0.2,0.2084248661994934,0.1389404296875,14237,0.00026674705199999997,0.016185379,-0.01047052456997335,1.000891089439392
-0.002074014561810124,0.2230968415670959,-0.21933334719538425,-0.08121366434835917,-87.35996362000002,66542760,66.57770500000001,0.0,78.08389454848356,-0.006922743055555621,0.0003076169943799161,0.06567221266121602,-0.11059356488657214,-3.307435224337846e-08,0.0,0.0,9.180971180537071,355,238.48,-0.14976511368174614,0.01,-0.012709088468046241,-0.1991698933082274,0.0,-0.00269783454192095,4117,0.2771847,-0.45404197553369685,0.0,0.0,-0.14582206600730593,1.4677871395900706,0.0,-0.19725474027534806,-0.0008457464704495962,-0.012570142057772866,-0.44894823647060433,-0.036692516646137666,-0.5,1589,-0.027702990154717874,0.586247519,0.0,-0.007421017799060792,-34.07228107452393,0.9990460872650146,0.17892937511205673,0.2,-0.3127302825450897,0.2095703125,14241,0.000266737836,0.027230423,-0.017720783059485257,1.0018236637115479
-0.002053202007888821,0.23154391845496136,-0.2152558324178449,-0.08019053346239823,-87.44469459999999,66561192,66.589225,0.0,81.04037145923648,-0.006467013888888949,0.00023437484115776088,0.06833315539927552,-0.1107313600167925,-3.073213880246919e-08,0.0,0.0,9.843619512074326,356,240.19,-0.14825661789359854,0.01,-0.012533331757261172,-0.19486676978545162,0.0,-0.0033387835032846844,4117,0.2772615,-0.44726836634757483,0.0,0.0,-0.14479893094469082,1.4563763900299158,0.0,-0.1980344575060774,-0.0008661689348679632,-0.013113322056095285,-0.44532465379468916,-0.036672688492709354,-0.5,1593,-0.026829545739087097,0.586229855,0.0,-0.008079381776042283,-34.07882175445557,0.9989510178565979,0.20922817513346673,0.2,-0.2801819443702698,0.26002197265625,14245,0.00026672862,0.030409161,-0.014207720116246492,1.0024694204330444
-0.0020730777556640153,0.23504885481799478,-0.2208665400244001,-0.08434746496040624,-87.67240067,66579624,66.60074499999999,0.0,82.26709918629817,-0.0067057291666667304,0.0005810544017650601,0.07138373485791234,-0.11072920183008289,-3.244097272913951e-08,0.0,0.0,10.29183273693399,357,238.34,-0.14359597612744837,0.01,-0.012857256590383611,-0.20387855188248194,0.0,-0.0023541766839197493,4117,0.2773383,-0.4584371663900552,0.0,0.0,-0.14668794516306852,1.4606597143386195,0.0,-0.20249148508283724,-0.0010477630313335804,-0.013122539981550945,-0.45028945227365813,-0.03693340732875653,-0.5,1598,-0.027312073130621405,0.586212191,0.0,-0.0068266736602203715,-34.080495071411136,0.9988843202590942,0.20361700095236301,0.2,-0.28110021352767944,0.26387939453125,14249,0.000266719404,0.026488457,-0.010927695769350976,1.002282738685608
-0.0020945327205032028,0.22322004252170002,-0.2086587914438871,-0.07949517695023241,-87.94666359000001,66598056,66.61226500000001,0.0,78.127014882595,-0.006694878472222284,0.0003434243068719904,0.0689432113605984,-0.11074871645893458,-3.2100822083399215e-08,0.0,0.0,9.257066043177089,358,237.03,-0.1516186385738691,0.01,-0.01291938343537949,-0.1948835392172015,0.0,-0.002891748581057428,4117,0.2774151,-0.4621771065502339,0.0,0.0,-0.14909793620049558,1.4326972924348862,0.0,-0.20077302887338475,-0.0010772689247241412,-0.013081589984103185,-0.46213575276289554,-0.036688692416702834,-0.5,1602,-0.025628948251449533,0.586194527,0.0,-0.007148260879653713,-34.08049373626709,0.9988093376159668,0.29717800840735437,0.2,-0.20007571578025818,0.299951171875,14253,0.000266710188,0.033079647,-0.014398703468032181,1.002354621887207
-0.0020041746312606974,0.2347539976252522,-0.2082166258791095,-0.07705630494863457,-87.6473379,66616488,66.623785,0.0,82.16389916883827,-0.006553819444444504,0.000570746251873465,0.06888317966780627,-0.11063129062650041,-3.0961117958071154e-08,0.0,0.0,10.383268256688897,359,241.23,-0.14802497295289718,0.01,-0.012418225253954734,-0.18569392866105777,0.0,-0.004322383874263087,4117,0.2774919,-0.438643997455134,0.0,0.0,-0.1420237326378455,1.4539190306030203,0.0,-0.19135779954156706,-0.0013094506293127176,-0.012890853437297534,-0.43730597793132214,-0.036894995407283165,-0.5,1606,-0.02576586046448322,0.586176863,0.0,-0.008842183265692761,-34.08203639984131,0.992014467716217,2.1639377415180205,0.2,0.3578668236732483,0.3238525390625,14257,0.000266700972,0.035375852,-0.005468585295602679,1.0024120807647705
-0.0020582836252151467,0.23068524586742445,-0.21722081991679063,-0.0810866771078454,-87.70733861,66634920,66.635305,0.0,80.73983605359855,-0.006781684027777842,0.000665147193811006,0.06671146024019108,-0.11061702987318173,-3.081687862859192e-08,0.0,0.0,9.90825233899162,360,241.01,-0.15007011870119982,0.01,-0.012840067343151318,-0.19362752488434937,0.0,-0.002942856589905081,4117,0.2775687,-0.45377953313751085,0.0,0.0,-0.14740943037961218,1.4427007032022403,0.0,-0.19897550199129868,-0.0010404693021981708,-0.013410048844939855,-0.4516727844053958,-0.037581767064485544,-0.5,1611,-0.026856431465913825,0.586159199,0.0,-0.008279712238517176,-34.07502422332764,0.9961994886398315,0.8658881336450577,0.2,-0.045583575963974,0.16097412109375,14261,0.00026669175599999996,0.018662903,-0.011065269354730844,1.001720905303955
-0.0020912969626303048,0.23366183940320734,-0.22037607196815304,-0.08138994888960557,-87.84069379,66653352,66.646825,0.0,81.78164379112256,-0.0066731770833333955,0.0005202903638645592,0.06992871436319743,-0.110554892052296,-3.225211831396216e-08,0.0,0.0,10.32510378923356,361,238.44,-0.1571527795970245,0.01,-0.013030720729247049,-0.1992755957193433,0.0,-0.0033602956916346165,4117,0.2776455,-0.4587550130721037,0.0,0.0,-0.14842535728015696,1.4549954852128804,0.0,-0.20161002427540084,-0.0011615913687655298,-0.013249402052701226,-0.46851380008997257,-0.037258961983695216,-0.5,1615,-0.02738957520492121,0.586141535,0.0,-0.0083081955494385,-34.0716028213501,0.9962587952613831,0.8785362839698792,0.2,0.04127499461174011,0.1228515625,14265,0.00026668254,0.01412649,-0.010165628499817104,1.0015630722045898
-0.0020678813564774788,0.2351901506545579,-0.21366990546131545,-0.0816976705911417,-88.2852724,66671784,66.658345,0.0,82.31655272909526,-0.006770833333333397,0.0005436192247240493,0.068927742212071,-0.11075774190862847,-3.2470828136759456e-08,0.0,0.0,10.236421254388864,362,241.31,-0.15638428560116693,0.01,-0.012809261331507683,-0.19358307389886986,0.0,-0.004080722856601789,4118,0.2777223,-0.4532388759116263,0.0,0.0,-0.1468577208161107,1.447120147224896,0.0,-0.19944621475133942,-0.0006941010531640725,-0.013309538233418693,-0.46593226910315455,-0.03690122069891946,-0.5,1620,-0.026261064566516747,0.5861238710000001,0.0,-0.00856983358001647,-34.06997661590576,0.9932584166526794,1.4161362111568452,0.2,0.01403123140335083,0.18455810546875,14269,0.000266673324,0.025197353,-0.008637849061051384,1.0012825727462769
-0.0020084304483590112,0.22394497926752782,-0.21744361810613755,-0.08015084148510859,-88.20040510999999,66690216,66.669865,0.0,78.38074274363474,-0.0067274305555556175,0.0007785366388917384,0.07208077336894053,-0.11062565267638552,-3.00590907314142e-08,0.0,0.0,9.251019721996613,363,240.55,-0.15200410695727604,0.01,-0.012439613670868802,-0.1956760026750495,0.0,-0.0027759113294885856,4118,0.2777991,-0.44604858088199584,0.0,0.0,-0.1429205456550352,1.4811255052086012,0.0,-0.1915040152430708,-0.0009993582928816535,-0.012510190718099848,-0.4521701688357035,-0.036834128839077905,-0.5,1624,-0.027737254415781894,0.586106207,0.0,-0.008392151619773358,-34.0700662612915,0.9956395626068115,0.9721505522727967,0.2,0.24255788326263428,0.1295166015625,14273,0.000266664108,0.013061176,-0.009631224104668944,1.0013493299484253
-0.002056328511698215,0.2252458779403554,-0.21633575090361581,-0.08266006002900485,-87.79251794000001,66708648,66.681385,0.0,78.83605727912439,-0.006966145833333399,0.0009304460836574435,0.07197306947960644,-0.11065159311770761,-3.1195416572372524e-08,0.0,0.0,9.395970674257208,364,239.52,-0.15293171683895823,0.01,-0.012826212155306953,-0.1999380834269132,0.0,-0.0025242897532971893,4118,0.2778759,-0.44891475231695055,0.0,0.0,-0.14779356298390184,1.4604976464793689,0.0,-0.20029800316892835,-0.001273010952674685,-0.01414849473808141,-0.46773318320702423,-0.03742069618837331,-0.5,1629,-0.027247760203375573,0.586088543,0.0,-0.007735822597169317,-34.07311153411865,0.9981398582458496,0.3499874472618103,0.2,-0.20725204050540924,0.19493408203125,14277,0.00026665489199999997,0.023455445,-0.014531970280222595,1.0018247365951538
-0.002075938379759932,0.22685862406049764,-0.21694194884016757,-0.08231512994550233,-87.41628241000001,66727080,66.692905,0.0,79.40051842117417,-0.006738281250000064,0.00036404048700609966,0.06929145756431448,-0.11075019797655963,-3.2288349956439236e-08,0.0,0.0,9.602725052716492,365,241.16,-0.1497011757881078,0.01,-0.012889121218944118,-0.1962322912343185,0.0,-0.0039335908624686155,4118,0.2779527,-0.45651243883422193,0.0,0.0,-0.1472704730324549,1.4468262751289656,0.0,-0.20121665072058617,-0.0009376305078898635,-0.013533881769127539,-0.4619656243235084,-0.0370533075547155,-0.5,1633,-0.026808371021037225,0.586070879,0.0,-0.008269947853275679,-34.075046157836915,0.9971764087677002,0.6753640502691269,0.2,0.034727007150650024,0.17608642578125,14281,0.000266645676,0.016094338,-0.010760510084219277,1.001842975616455
-0.0020541848291447075,0.2352380163930083,-0.21546145430746697,-0.08100814538725952,-87.38487732000002,66745512,66.704425,0.0,82.3333057375529,-0.006901041666666732,0.000810546163443683,0.07336551870161591,-0.11070811254608143,-2.9885786882655194e-08,0.0,0.0,10.206822488679402,366,241.73,-0.15208272696767927,0.01,-0.012736400125180887,-0.19496962628166806,0.0,-0.003094372911645496,4118,0.2780295,-0.4459914635467848,0.0,0.0,-0.1452316839098164,1.4598012338234039,0.0,-0.19742003088445467,-0.001440482093991642,-0.014574388809149331,-0.46094773636327535,-0.03715991611362969,-0.5,1638,-0.026785482637134254,0.586053215,0.0,-0.00820158817481974,-34.07505207061767,0.9992609620094299,0.16601567715406418,0.2,-0.3111335039138794,0.2283447265625,14285,0.00026663646,0.025838375,-0.01820120816119015,1.0019943714141846
-0.0020126188482220927,0.22660933845906703,-0.21289863156952674,-0.08067689064578581,-87.72737215,66763944,66.715945,0.0,79.31326846067346,-0.006315104166666725,0.0006353078190133803,0.06823030134785159,-0.11062781326731222,-3.0117165198426495e-08,0.0,0.0,9.527363100445527,367,242.54,-0.14788982194587963,0.01,-0.012567348644704783,-0.1917305579766272,0.0,-0.004978437417112171,4118,0.2781063,-0.43907815645365017,0.0,0.0,-0.1438166545519162,1.4587793599031365,0.0,-0.19932758626032454,-0.0011883305559545016,-0.013285857213159395,-0.44502486473162567,-0.03701587574015862,-0.5,1642,-0.02635361945999735,0.586035551,0.0,-0.008950011465155209,-34.07713928222656,0.9994640946388245,0.13861167877912522,0.2,-0.3083019256591797,0.26744384765625,14289,0.00026662724399999997,0.030373752,-0.016246091877110302,1.0019841194152832
-0.0020382336655871153,0.22371147056549842,-0.21505198960362898,-0.08180076947802487,-88.09713039000002,66782376,66.727465,0.0,78.29901469792445,-0.006759982638888949,0.000447048479044396,0.06766904187898327,-0.11048967763083312,-3.166634887003534e-08,0.0,0.0,9.2576982497207,368,241.66,-0.15226553937888507,0.01,-0.01274403294894127,-0.19469455767714844,0.0,-0.004236069408401437,4118,0.2781831,-0.45146697012185605,0.0,0.0,-0.14678891038863187,1.4424677216407567,0.0,-0.1964676042009336,-0.0007566709332072109,-0.013482777510603332,-0.4571821026278331,-0.037666483346711015,-0.5,1646,-0.026504364440533733,0.586017887,0.0,-0.008378317943424918,-34.07834014892578,0.9988614916801453,0.28242981880903245,0.2,-0.2329430729150772,0.29302978515625,14293,0.000266618028,0.026906302,-0.01183063960634172,1.0024120807647705
-0.002060360236308947,0.23261829890150562,-0.21880633727966753,-0.08218737420892905,-88.44285227999998,66800808,66.738985,0.0,81.41640461552697,-0.006716579861111173,0.00041829417589017085,0.06969432328817358,-0.11044970618805408,-3.013607872261859e-08,0.0,0.0,10.050950689987133,369,239.75,-0.15264429088312537,0.01,-0.012813520377222422,-0.1965196815788637,0.0,-0.003958438432720609,4118,0.2782599,-0.4510226215905935,0.0,0.0,-0.14700644064294932,1.4525805019008875,0.0,-0.19952066373534522,-0.0011924382558462596,-0.014183085159785879,-0.45853691142891645,-0.03730073630064824,-0.5,1651,-0.02668128080612362,0.586000223,0.0,-0.008459697645674977,-34.079294204711914,0.9982482194900513,0.4776969477534294,0.2,-0.17377546429634094,0.282666015625,14297,0.000266608812,0.027936816,-0.010875487979501487,1.002269983291626
-0.0020513247888049903,0.2273009555945153,-0.21317002340203717,-0.07846257274812928,-89.02381903999999,66819240,66.750505,0.0,79.55533445808035,-0.006684027777777841,0.0006347656081844536,0.06629273945927766,-0.11055606632527593,-3.035188614739273e-08,0.0,0.0,9.515668523396458,370,241.31,-0.15417120156360983,0.01,-0.01279237337217893,-0.18849031761328325,0.0,-0.005898280977142768,4119,0.2783367,-0.4546061792479236,0.0,0.0,-0.14742942799453057,1.4072203907909457,0.0,-0.1997977433924262,-0.0015712799147967764,-0.014161163762012976,-0.4609801116616647,-0.037200770602342365,-0.5,1655,-0.02512774726608683,0.5859825590000001,0.0,-0.009061367836289315,-34.06242275238037,0.9938809275627136,1.314425028860569,0.2,-0.004397451877593994,0.229736328125,14299,0.000266599596,0.039795313,0.0017745455261319876,1.000625729560852
-0.002029512957156404,0.23051367977725862,-0.22250758953114178,-0.08095621717969159,-88.75372757999999,66837672,66.762025,0.0,80.67978792204052,-0.006770833333333397,0.0008300780512702962,0.06629932060142417,-0.110778783083025,-2.9193266044997584e-08,0.0,0.0,9.81104876289483,371,241.26,-0.1505809929399692,0.01,-0.012606808897267873,-0.1969860909036258,0.0,-0.005086789972716409,4119,0.2784135,-0.44192052497624157,0.0,0.0,-0.1436225242732001,1.4692522839915667,0.0,-0.19795125701979238,-0.0009986077824790448,-0.013599972524385117,-0.4449975517725913,-0.03669449734544953,-0.5,1660,-0.026981463871071875,0.585964895,0.0,-0.008402460473007523,-34.07047882080078,0.9906896948814392,2.538099133968353,0.2,0.8589861392974854,0.14952392578125,14303,0.00026659038,0.015375601,-0.008652302192058415,1.0014846324920654
-0.002044972417301007,0.22741909962019574,-0.21667954905364847,-0.08083527824727672,-88.59795782999998,66856104,66.77354500000001,0.0,79.5966848670685,-0.006553819444444505,0.00024197042997305593,0.06778495475793919,-0.11073357640117493,-3.0404072960961786e-08,0.0,0.0,9.528189797484083,372,239.85,-0.1522121414545442,0.01,-0.012756141317996125,-0.19132178412108541,0.0,-0.004769800063948855,4119,0.2784903,-0.449387325608984,0.0,0.0,-0.1463789916348547,1.4326826018140748,0.0,-0.19923535231887127,-0.0021257457608816668,-0.014537375603705303,-0.45600759464965596,-0.037191591991131714,-0.5,1664,-0.025816157071020092,0.585947231,0.0,-0.008567934783059172,-34.077472877502444,0.9984849095344543,0.34275186583399775,0.2,-0.25312408804893494,0.202880859375,14307,0.000266581164,0.023366716,-0.015715189394541085,1.0022149085998535
-0.002049635971498966,0.23182544179963915,-0.21596064799617662,-0.07877507511033038,-88.72969074999999,66874536,66.785065,0.0,81.13890462987371,-0.006781684027777842,0.0001953124948259857,0.06611826892874291,-0.11055862700680996,-3.175062334614936e-08,0.0,0.0,9.933239310305405,373,242.02,-0.15628941485392603,0.01,-0.012802607407298184,-0.18813419008379964,0.0,-0.005967662605794451,4119,0.2785671,-0.4557314453925722,0.0,0.0,-0.14775250043930838,1.4229288758760843,0.0,-0.19921139105204475,-0.0014465929161299042,-0.013772552428233102,-0.4565548104133133,-0.03741020295989578,-0.5,1668,-0.025954120351397818,0.585929567,0.0,-0.009117248393724568,-34.08071670532227,0.9930446743965149,1.774386790394783,0.2,0.2074165940284729,0.27701416015625,14311,0.00026657194799999996,0.026403839,-0.005590483662672341,1.0022073984146118
-0.0020270616532853517,0.22979109565861436,-0.22110654023251064,-0.08088760440924775,-87.78952465999997,66892968,66.796585,0.0,80.42688348051503,-0.006640625000000063,0.0005105248678268658,0.07032096220443688,-0.11074130608115434,-2.9687730434192832e-08,0.0,0.0,9.831385512918885,374,243.01,-0.15245433153413523,0.01,-0.012626679714429632,-0.19371328219161932,0.0,-0.003398256268252179,4119,0.2786439,-0.4471009202327508,0.0,0.0,-0.14545278439387,1.464644105242271,0.0,-0.1975434847010773,-0.0010827441496497655,-0.013923620566617022,-0.4561286060044498,-0.03693374921915572,-0.5,1673,-0.02681432606668048,0.585911903,0.0,-0.008966829917173728,-34.07093830108643,0.9933005571365356,1.8068326652050017,0.2,0.1578357219696045,0.163037109375,14315,0.000266562732,0.014834446,-0.0077859681565314535,1.0013654232025146
-0.0020338268927359024,0.22403962517004605,-0.21997804918559272,-0.08238638653750391,-87.12505469000001,66911400,66.808105,0.0,78.41386880951612,-0.00680338541666673,0.00036729586362424825,0.06702334466166601,-0.11065564051857353,-2.9693009845202538e-08,0.0,0.0,9.232633549228485,375,240.76,-0.15270838301884607,0.01,-0.012818417433738596,-0.1916383899445098,0.0,-0.0036665599584640926,4119,0.2787207,-0.4567996095545561,0.0,0.0,-0.14839323590086936,1.4641784965414066,0.0,-0.19794520272953442,-0.0016179983943887045,-0.01441557521145116,-0.4556673090719584,-0.036873266309316984,-0.5,1677,-0.026674210852855776,0.585894239,0.0,-0.00817730988556933,-34.069473838806154,0.9969460368156433,0.639071398973465,0.2,-0.1188843846321106,0.14749755859375,14319,0.000266553516,0.017163005,-0.012406408321112394,1.0013747215270996
-0.002037148691936714,0.23013377307678834,-0.2229599998687265,-0.08169821823226205,-87.96346453,66929832,66.819625,0.0,80.54682057687592,-0.00680338541666673,0.00029405374920720025,0.06719531475135825,-0.11066788354704518,-2.999447954463686e-08,0.0,0.0,9.745783309564034,376,240.27,-0.1510501778904453,0.01,-0.012711956982242175,-0.19503837970873308,0.0,-0.0034197283952968885,4119,0.2787975,-0.44579598539325094,0.0,0.0,-0.14619406553259945,1.4691019974584447,0.0,-0.19876467906667292,-0.001714845512684602,-0.0142366432717968,-0.4661009389721948,-0.03683334193279301,-0.5,1682,-0.027041228621476045,0.585876575,0.0,-0.007960566901601851,-34.074706649780275,0.9976455569267273,0.47490147203207017,0.2,-0.12636718153953552,0.214013671875,14323,0.0002665443,0.023248821,-0.012417601933702827,1.0019216537475586
-0.002030262705006178,0.23277005095348488,-0.23015785147072063,-0.08507321729693154,-88.40776634,66948264,66.831145,0.0,81.4695178337197,-0.007085503472222282,0.00039822035857165855,0.06891228854988388,-0.1107868555819965,-3.0740540388371094e-08,0.0,0.0,10.169132950250267,377,239.11,-0.15018153031333897,0.01,-0.012698820263535611,-0.19692792794510533,0.0,-0.002534130911725162,4119,0.2788743,-0.4541746942957919,0.0,0.0,-0.14754710563042794,1.475301356247896,0.0,-0.2021304648038044,-0.0013429855802214554,-0.014230430614961345,-0.46499439026515393,-0.03704113482775563,-0.5,1686,-0.027800739826745906,0.585858911,0.0,-0.007497380730152751,-34.080069351196286,0.9973565340042114,0.44840454757213594,0.2,-0.17443349957466125,0.2155517578125,14327,0.00026653508399999997,0.02012048,-0.011384052003268152,1.0022975206375122
-0.002050040605936906,0.22965849929823,-0.22475153007769563,-0.08356877758054147,-88.05504560000001,66966696,66.84266500000001,0.0,80.3804747543805,-0.006651475694444509,0.00033420133533784084,0.06589402311399051,-0.11074297028303283,-3.1079429864949015e-08,0.0,0.0,9.842038053449555,378,240.15,-0.15336227806621416,0.01,-0.012881469094475843,-0.1946395317469095,0.0,-0.00362160115047073,4119,0.2789511,-0.4486759207133295,0.0,0.0,-0.1508010274742506,1.4636946363253278,0.0,-0.1993298079728153,-0.0022286917891355703,-0.014311643256663516,-0.4630142690129472,-0.03670718154478067,-0.5,1691,-0.02716993848833969,0.5858412470000001,0.0,-0.008715637219009094,-34.08018112182617,0.9967786073684692,0.7334010154008865,0.2,0.031009316444396973,0.20567626953125,14331,0.000266525868,0.021826666,-0.013612641044892371,1.002328872680664
-0.002082116566599385,0.2346352519272005,-0.22354236241111222,-0.08377276206137366,-87.72048844999999,66985128,66.854185,0.0,82.12233817452018,-0.006835937500000065,0.0004427082086395886,0.06990130103503729,-0.1105136014656113,-3.101375007820188e-08,0.0,0.0,10.369550461937058,379,236.1,-0.14854178490361383,0.01,-0.012980911834727472,-0.19536221446294277,0.0,-0.002621405727220406,4120,0.2790279,-0.46204128709029973,0.0,0.0,-0.1498944495045155,1.4389977927781485,0.0,-0.20832700746749494,-0.0018045525768655448,-0.014984602524495445,-0.46630672916108146,-0.03719449933719158,-0.5,1695,-0.027034305548590473,0.585823583,0.0,-0.007837141205931807,-34.074306106567384,0.9912627935409546,1.6562558591365815,0.2,-0.08594769239425659,0.16649169921875,14335,0.000266516652,0.017556194,-0.008159138041082769,1.0015311241149902
-0.002059548736319689,0.2265132730820953,-0.21492852858942194,-0.08100197863503955,-88.56457489000002,67003560,66.86570499999999,0.0,79.27964557873335,-0.006640625000000063,0.0004492186158636792,0.06893866807016852,-0.11065659677963348,-3.1101640821636385e-08,0.0,0.0,9.546209082168732,380,236.79,-0.15470005701013836,0.01,-0.012943870258819348,-0.18794550903399324,0.0,-0.002860436826626499,4116,0.2791047,-0.45224231810694193,0.0,0.0,-0.1500399911216436,1.4308465433252335,0.0,-0.20115327995509047,-0.0011200492983021787,-0.013718239314653559,-0.4658033904438395,-0.0367532101180055,-0.5,1701,-0.02548296972741556,0.585805919,0.0,-0.00804520294898086,-34.084727668762206,0.993071436882019,1.9761247426271438,0.2,0.009217917919158936,0.215380859375,14339,0.00026650743599999997,0.027808348,-0.008470124623272568,1.0031577348709106
-0.0019987553163877798,0.2318712139473145,-0.20940036576246987,-0.07832974289843912,-87.92296781,67021992,66.87722500000001,0.0,81.15492488156008,-0.006553819444444507,0.0006239146492185278,0.06893696379482445,-0.11052713063470167,-2.8814924374004548e-08,0.0,0.0,9.972980552112245,381,243.86,-0.14855865263964146,0.01,-0.012420756606731238,-0.18396643362918494,0.0,-0.005731575985962019,4116,0.2791815,-0.4382595513519334,0.0,0.0,-0.14290342447602356,1.4425969634843048,0.0,-0.1918589178858755,-0.0017287716935375564,-0.014124835229769908,-0.4425770384907224,-0.03686813655414734,-0.5,1706,-0.02556517691455369,0.585788255,0.0,-0.009715797161334194,-34.084103202819826,0.9835940003395081,3.6016521096229552,0.2,0.9134198427200317,0.23756103515625,14343,0.00026649822,0.026099095,-0.006066388299223036,1.0020694732666016
-0.0020551805693991873,0.22326613859077385,-0.2195454865344349,-0.08407275733329808,-89.10998261999997,67040424,66.888745,0.0,78.14314850677084,-0.00678168402777784,0.0007259112317115068,0.06876479036884059,-0.11043004635958653,-3.1364505758703856e-08,0.0,0.0,9.232884056273786,382,241.92,-0.15469029005624002,0.01,-0.01286138825997278,-0.19289787135671688,0.0,-0.004086845237254437,4116,0.2792583,-0.4603484972472686,0.0,0.0,-0.14807607231178316,1.4199344903855322,0.0,-0.20221747200345497,-0.0014984532561126192,-0.014285964578488424,-0.45711071728590075,-0.03791743121934742,-0.5,1710,-0.026388370680631348,0.585770591,0.0,-0.00871740088364782,-34.06932468414307,0.99439936876297,0.9517391279339791,0.2,-0.17793048918247223,0.13021240234375,14347,0.000266489004,0.01739295,-0.013468187977559864,1.001468300819397
-0.002078218171863839,0.22693665364507815,-0.2144684292714221,-0.07875547372585665,-88.02388549999999,67058856,66.90026499999999,0.0,79.42782877577736,-0.006857638888888955,0.0009380422286792762,0.06865322985556556,-0.11069651006233044,-3.1535176039273074e-08,0.0,0.0,9.462611767828063,383,241.69,-0.1525276771544804,0.01,-0.01283524400979278,-0.1891144645223317,0.0,-0.003622017897806697,4116,0.2793351,-0.4552102799050927,0.0,0.0,-0.1482493294924021,1.4332570166538519,0.0,-0.2003725444683504,-0.0012419045463765122,-0.014062061693354092,-0.464917751588066,-0.036925614525924,-0.5,1714,-0.025560832095332442,0.585752927,0.0,-0.008252043907608217,-34.07191715240479,0.9921765923500061,1.9379678219556808,0.2,0.32770514488220215,0.22261962890625,14351,0.000266479788,0.024865616,-0.008969753922428936,1.0014995336532593
-0.002005868719392726,0.22254769325472112,-0.2069886457431339,-0.07939659918569737,-87.64003513999998,67077288,66.91178500000001,0.0,77.8916926391524,-0.006445312500000057,0.000528428548326095,0.07226037335038568,-0.11064567490799188,-3.032359406905451e-08,0.0,0.0,9.03605851069595,384,243.26,-0.14672936926933483,0.01,-0.012511249321997276,-0.18435891290524076,0.0,-0.004714978284847388,4116,0.2794119,-0.43881897316809654,0.0,0.0,-0.1438820219468672,1.4367716370068133,0.0,-0.19492961272083192,-0.000999968171684213,-0.013386532859074981,-0.4414365693853184,-0.036972793621045705,-0.5,1719,-0.025258310302169934,0.585735263,0.0,-0.00903708889220272,-34.07219638824463,0.99806147813797,0.3832075476646423,0.2,-0.23684853315353394,0.234814453125,14355,0.000266470572,0.027184173,-0.015275820478564128,1.0017659664154053
-0.0020518913266145654,0.22936362654548323,-0.21384378576361318,-0.08189598100755517,-88.5548508,67095720,66.923305,0.0,80.27726929091914,-0.00678168402777784,0.0007177728823282652,0.07188298270600618,-0.11059798825723419,-3.068492092483913e-08,0.0,0.0,9.643917861926724,385,239.39,-0.14700529510297372,0.01,-0.0128076220344513,-0.19581676459576694,0.0,-0.0028196344888528836,4116,0.2794887,-0.45001159039510646,0.0,0.0,-0.14757186233140332,1.4448259823271328,0.0,-0.20040724675056645,-0.0014621574553158956,-0.013892342681542389,-0.4653238122905318,-0.03717556468248298,-0.5,1723,-0.02644297420585314,0.585717599,0.0,-0.007547428566289859,-34.07745208740234,0.9985181093215942,0.31282778531312944,0.2,-0.21255196630954742,0.259521484375,14359,0.000266461356,0.027801117,-0.012920281360857188,1.001992106437683
-0.002054279204393488,0.22401808229170875,-0.21485392715691148,-0.08141835394150254,-87.84730428,67114152,66.934825,0.0,78.40632880209806,-0.006694878472222283,0.0005929901575048765,0.07099512867363526,-0.11042973624423402,-3.133869638834303e-08,0.0,0.0,9.250595462675836,386,239.21,-0.14904287202882108,0.01,-0.01274314645031446,-0.19198206433224607,0.0,-0.002867526709504277,4116,0.2795655,-0.4520684167667606,0.0,0.0,-0.146775706222348,1.442577305341736,0.0,-0.19709599766891814,-0.0013929088557363774,-0.013620830088590009,-0.45474672628507523,-0.0366322766422459,-0.5,1728,-0.026513237457949385,0.5856999350000001,0.0,-0.007828053323060481,-34.07220878601074,0.9901027083396912,2.123162278532982,0.2,0.05084916949272156,0.234130859375,14363,0.00026645213999999996,0.02366813,-0.006717731733806432,1.0014657974243164
-0.0020921002474762196,0.2348285438073397,-0.21295777234353347,-0.08043931961072713,-87.30247393000002,67132584,66.94634500000001,0.0,82.1899903325689,-0.007074652777777835,0.000768228615116742,0.0738914945932328,-0.11061500525259381,-3.177550425659291e-08,0.0,0.0,10.20755481193219,387,238.28,-0.15236799648509236,0.01,-0.01285803650372734,-0.19479261304319115,0.0,-0.002373500846940103,4117,0.2796423,-0.45067113473899245,0.0,0.0,-0.14668617999997177,1.455234436479789,0.0,-0.19930407977431272,-0.001559219703010015,-0.014178117873242389,-0.4641690342768092,-0.037284621117237515,-0.5,1732,-0.02629293208811046,0.585682271,0.0,-0.007315902572978909,-34.07030086517334,0.9981527328491211,0.33291739895939826,0.2,-0.23162062466144562,0.160791015625,14367,0.000266442924,0.021857295,-0.014280827483162284,1.0015143156051636
-0.002038987261938257,0.2266826226472222,-0.20440709423595768,-0.07961443023803791,-87.08841201000001,67151016,66.957865,0.0,79.33891792652777,-0.006901041666666732,0.001112195456193553,0.07374031185933203,-0.11054820724449561,-3.019784640079662e-08,0.0,0.0,9.496404944688393,388,239.6,-0.15017894392837033,0.01,-0.012634280208940684,-0.18636850306093766,0.0,-0.0025020755734422064,4117,0.2797191,-0.44472056423082734,0.0,0.0,-0.14552684813173344,1.4375269877692352,0.0,-0.19452067892366767,-0.0014909835078667872,-0.013699876007238602,-0.4479079806508381,-0.03748523927280389,-0.5,1736,-0.02546589293303376,0.585664607,0.0,-0.007662716438062489,-34.0773681640625,0.9957491755485535,0.6729224383831024,0.2,-0.1416117399930954,0.217431640625,14371,0.000266433708,0.020705078,-0.00875437845243141,1.0020687580108643
-0.002064503700304596,0.2249032665083901,-0.21178383672076512,-0.0797659355154411,-87.21871900999999,67169448,66.96938499999999,0.0,78.71614327793654,-0.0070095486111111755,0.0009684238143058287,0.07435782632095272,-0.11049553826902042,-3.157046529636304e-08,0.0,0.0,9.2281936891247,389,240.15,-0.15059839421790805,0.01,-0.012804173612296832,-0.19470681120153455,0.0,-0.0028183492856912132,4117,0.2797959,-0.45339571149619207,0.0,0.0,-0.14772012932595713,1.4418239870129497,0.0,-0.19942423333087034,-0.0014562823289906515,-0.013603067893873949,-0.46049822235591326,-0.037454982181805145,-0.5,1741,-0.02649762581055595,0.585646943,0.0,-0.00778573577311666,-34.079735565185544,0.999000608921051,0.24026562497019768,0.2,-0.2670108675956726,0.23165283203125,14375,0.000266424492,0.024155606,-0.01633165042148903,1.0023508071899414
-0.0020397603269029004,0.228710119856965,-0.20291924107683817,-0.07852314310665873,-87.30871515999999,67187880,66.98090499999999,0.0,80.04854194993774,-0.0063585069444445025,0.00040256063221022487,0.06978853059792993,-0.11046581471376486,-3.04419822710513e-08,0.0,0.0,9.756171585774805,390,240.58,-0.14836011591924442,0.01,-0.012559880524053903,-0.18377798423988428,0.0,-0.0036912626579400326,4117,0.2798727,-0.44228155992331414,0.0,0.0,-0.1444978342887593,1.4246545071365033,0.0,-0.19572217334012829,-0.0017310982141174615,-0.013964064848232781,-0.4393667997073387,-0.037069796287953094,-0.5,1745,-0.025166755454141806,0.5856292790000001,0.0,-0.008633850635507971,-34.08306179046631,0.9992669224739075,0.17837969809770585,0.2,-0.29261869192123413,0.29564208984375,14379,0.00026641527599999997,0.03069528,-0.015178816067054868,1.0023791790008545
-0.0020382647698452576,0.2247751384743991,-0.2111138250479044,-0.08044818616169522,-87.68847142999999,67206312,66.992425,0.0,78.67129846603969,-0.0065321180555556165,0.0005208331794064078,0.06948912285387053,-0.11065937047417553,-3.050530752692763e-08,0.0,0.0,9.244167568580899,391,240.39,-0.1509024358518685,0.01,-0.01269715430182452,-0.19405750888179116,0.0,-0.0033371610108507963,4117,0.2799495,-0.4454586476924398,0.0,0.0,-0.14625555738557505,1.4418288705526454,0.0,-0.19835763147073004,-0.0016409148924312156,-0.013902409579905853,-0.45529520311216903,-0.037254164307152414,-0.5,1750,-0.02598719108730307,0.585611615,0.0,-0.008170934476462813,-34.077552223205565,0.9971639513969421,0.764914633333683,0.2,-0.18326877057552338,0.3304443359375,14383,0.00026640606,0.03578555,-0.0047191822901368145,1.0022244453430176
-0.0020350975911249845,0.22668572813452326,-0.21276535684681958,-0.08174744281823426,-87.97939411999998,67224744,67.003945,0.0,79.34000484708314,-0.006575520833333395,0.00022786454064771533,0.07056576938593082,-0.11043006631716673,-2.993168113848278e-08,0.0,0.0,9.565971614062754,392,238.45,-0.14620491115974146,0.01,-0.012595361913150077,-0.19512352479185313,0.0,-0.004039745302564776,4118,0.2800263,-0.4478334450122757,0.0,0.0,-0.14528894532991335,1.4520397760995947,0.0,-0.1973169259004129,-0.0016521552999341847,-0.01440802673040255,-0.45166999706784694,-0.036973047554412525,-0.5,1754,-0.02639929273730127,0.585593951,0.0,-0.008067446579742763,-34.07965793609619,0.9965780973434448,0.9359188914299011,0.2,-0.2233249545097351,0.2675048828125,14387,0.000266396844,0.025902,-0.006377534213243052,1.0022571086883545
-0.0020817301015880452,0.220298416783093,-0.20806297900058196,-0.0805385783895912,-88.25632077999998,67243176,67.015465,0.0,77.10444587408256,-0.0071289062500000545,0.0005967878872373452,0.07120089783605582,-0.11036753031730648,-3.058193604574912e-08,0.0,0.0,8.989192626005368,393,236.97,-0.1559305215039769,0.01,-0.012977289631365933,-0.18894610975520879,0.0,-0.0031040898107063375,4118,0.2801031,-0.46439936938279264,0.0,0.0,-0.14984454508184605,1.3990000367561546,0.0,-0.20201257493963498,-0.001558268221786434,-0.014608204822243905,-0.4663445821695677,-0.03795863481916647,-0.5,1758,-0.025289566302230077,0.585576287,0.0,-0.007724973208193357,-34.07478694915771,0.9910597801208496,2.5997613966464996,0.2,0.691031813621521,0.24783935546875,14391,0.00026638762799999997,0.024300978,-0.00475330880144611,1.0016758441925049
-0.0020338883681115805,0.22807529266430937,-0.213858167948899,-0.07925847253406414,-87.55379863999997,67261608,67.026985,0.0,79.82635243250827,-0.006770833333333396,0.0008338754673281477,0.07064296807071418,-0.11038827279827855,-2.9443731101581544e-08,0.0,0.0,9.506804012150333,394,240.79,-0.15577166521560679,0.01,-0.012685237630739785,-0.1902168149590602,0.0,-0.003963664879607509,4118,0.2801799,-0.44512819541393456,0.0,0.0,-0.1459527580944634,1.4556998177661344,0.0,-0.19654721827589866,-0.0013901686402972822,-0.014018486053819584,-0.4506039949536463,-0.03699110185435822,-0.5,1763,-0.026304035712530236,0.5855586230000001,0.0,-0.0086885104893655,-34.070342445373534,0.9857955574989319,3.441011130809784,0.2,0.7804981470108032,0.22548828125,14395,0.000266378412,0.017856153,-0.007623033761046827,1.0013554096221924
-0.0020206374021485302,0.22946857266620496,-0.2120215446855464,-0.08171932058285622,-87.55076011000001,67280040,67.038505,0.0,80.31400043317174,-0.006857638888888954,0.0007666010674761815,0.0734040270513988,-0.11057549969665495,-3.013006691890772e-08,0.0,0.0,9.757545587274803,395,239.07,-0.14952285279141408,0.01,-0.012628801080441761,-0.19146156101392744,0.0,-0.003038562091671425,4118,0.2802567,-0.45378743143161837,0.0,0.0,-0.14706157104520212,1.4596600006659974,0.0,-0.19515090157567808,-0.0014527306988176983,-0.014117731073445515,-0.4539330429214611,-0.03712506788716956,-0.5,1767,-0.02637938996494862,0.585540959,0.0,-0.007886240439903405,-34.07287750244141,0.9942784309387207,1.27734717130661,0.2,0.3909791111946106,0.15250244140625,14399,0.000266369196,0.019077357,-0.010763292433694005,1.0018413066864014
-0.00204639324031875,0.2266610507936779,-0.2097108137267936,-0.07889598085626127,-87.66304939999998,67298472,67.050025,0.0,79.33136777778726,-0.006868489583333397,0.001062825014944085,0.06957186875817736,-0.11055780642727023,-3.0904257638987655e-08,0.0,0.0,9.470859546930942,396,242.05,-0.1551234369322216,0.01,-0.012848661367979049,-0.18636764644523576,0.0,-0.003947686532811377,4118,0.2803335,-0.4573678775661082,0.0,0.0,-0.14915576741429193,1.417401836120902,0.0,-0.20069067974635282,-0.0017876702551031774,-0.014641828881169874,-0.460678540079923,-0.03711880457658573,-0.5,1772,-0.025385225390524617,0.585523295,0.0,-0.008867818399772255,-34.07572784423828,0.9964730143547058,0.9864452600479126,0.2,0.046887367963790894,0.2656982421875,14403,0.00026635998,0.023043064,-0.00644114090828225,1.00174880027771
-0.001997093140398651,0.22399780073923886,-0.20796493696327428,-0.07847893931158256,-88.11997671000003,67316904,67.061545,0.0,78.3992302587336,-0.007052951388888952,0.0012619349678667884,0.07351618002376926,-0.11063444892961857,-2.9655302172338968e-08,0.0,0.0,9.200275788012918,397,242.84,-0.15544635465072332,0.01,-0.01254716167997034,-0.18111375603315355,0.0,-0.0030614331354815887,4118,0.2804103,-0.44602882566255936,0.0,0.0,-0.14586622980935834,1.4305445715049099,0.0,-0.1889556798172914,-0.0015436788518290165,-0.013865098369481856,-0.44854392177483443,-0.03651567804396538,-0.5,1776,-0.02522464374462031,0.585505631,0.0,-0.008478686950790385,-34.07488250732422,0.9968233704566956,0.5572279989719391,0.2,-0.12270739674568176,0.23197021484375,14407,0.000266350764,0.028326627,-0.007092894695233554,1.0019850730895996
-0.0020115699351016783,0.22234478366716728,-0.2054134158270773,-0.07845260676178359,-87.97069171000001,67335336,67.073065,0.0,77.82067428350855,-0.006933593750000067,0.0010834408134946392,0.07320157776591125,-0.11079014145635518,-3.107724139525453e-08,0.0,0.0,9.117214035506441,398,242.39,-0.15437166348926415,0.01,-0.012545075313241607,-0.1812211937917444,0.0,-0.002679156072449626,4119,0.2804871,-0.4403086645753567,0.0,0.0,-0.14590430392102915,1.432722547293043,0.0,-0.19760181060376636,-0.0014665607382177168,-0.013880787404951807,-0.4534045259790007,-0.03684141459139106,-0.5,1780,-0.02528606711752855,0.585487967,0.0,-0.008996805761449246,-34.062987327575684,0.9959641695022583,1.0034177601337433,0.2,0.09023657441139221,0.233428955078125,14409,0.000266341548,0.040356476,0.0011369029671186581,1.0007126331329346
-0.0020214869079757704,0.22124196120397802,-0.20898934881021694,-0.07893618009805534,-88.01805571999999,67353768,67.084585,0.0,77.4346864213923,-0.007172309027777834,0.001099716829937986,0.07110195501357928,-0.11090659556921444,-2.999396628009837e-08,0.0,0.0,9.030024902117088,399,242.66,-0.15711117243012312,0.01,-0.012662261715693898,-0.18178712018845924,0.0,-0.003356520290716581,4119,0.2805639,-0.44917813713272725,0.0,0.0,-0.1469099948380843,1.4365190377378247,0.0,-0.1947464517179531,-0.0016390676638854949,-0.01359672019679897,-0.4502105674907353,-0.03706247795832881,-0.5,1785,-0.025960795210848056,0.585470303,0.0,-0.008886671093124379,-34.07421188354492,0.998390257358551,0.38292226046323774,0.2,-0.16503483057022095,0.216015625,14413,0.00026633233199999996,0.02307924,-0.013620254572015256,1.0018547773361206
-0.0020499677206973713,0.21761685682635784,-0.2073381491621766,-0.07936409574039943,-88.32816851,67372200,67.096105,0.0,76.16589988922524,-0.007031250000000063,0.0009147128698209093,0.07309561101697631,-0.110735538964783,-2.9666650533723703e-08,0.0,0.0,8.65140456486583,400,241.58,-0.16055454919472145,0.01,-0.012848252891834997,-0.18657152524633513,0.0,-0.0035934266978196513,4119,0.2806407,-0.4554264052467211,0.0,0.0,-0.14898804847953961,1.433036769815668,0.0,-0.1974468006423692,-0.0016768877560013125,-0.01460202934668207,-0.4691720999335324,-0.03659065403337152,-0.5,1789,-0.02535655343719132,0.585452639,0.0,-0.008297210004659265,-34.078711700439456,0.9991130828857422,0.23424137011170387,0.2,-0.26253199577331543,0.24947509765625,14417,0.000266323116,0.026541298,-0.014736680360510946,1.0022714138031006
-0.0019800912913960104,0.22174400301283226,-0.2074002223417308,-0.07717855860537087,-88.13892597,67390632,67.107625,0.0,77.61040105449129,-0.006835937500000066,0.0007145175703852954,0.07003701634560644,-0.11081206260167939,-2.94662255954479e-08,0.0,0.0,9.056211099453941,401,240.58,-0.15637433369181808,0.01,-0.012497602919498923,-0.1787922565021063,0.0,-0.0029737037054374995,4119,0.2807175,-0.4412374543886867,0.0,0.0,-0.14531617178767353,1.4463311235976777,0.0,-0.1909953760442109,-0.0014983549512650723,-0.013694088762139851,-0.4526266614910349,-0.037018200636002335,-0.5,1794,-0.025684230104337544,0.585434975,0.0,-0.009446022192908762,-34.07485504150391,0.9968768358230591,0.6025387570261955,0.2,-0.2120993733406067,0.28841552734375,14421,0.0002663139,0.026023006,-0.008810395107138902,1.0019211769104004
-0.00205044396517447,0.22115166627228394,-0.20585788835467556,-0.07785396253471649,-88.33057389999998,67409064,67.119145,0.0,77.40308319529937,-0.006987847222222288,0.0008203120539999671,0.06962862158825787,-0.11072147348697232,-3.069556177668708e-08,0.0,0.0,9.17125860398323,402,240.48,-0.1572482495051338,0.01,-0.012870559725671424,-0.18092453392362648,0.0,-0.0035588650151919376,4119,0.2807943,-0.45374104926929754,0.0,0.0,-0.15050121229559074,1.4100289283604819,0.0,-0.19945658399414531,-0.0009676710875870902,-0.013841851265934126,-0.4601723640877864,-0.037089795244856893,-0.5,1798,-0.02488876387957257,0.585417311,0.0,-0.009065029634964757,-34.07358093261719,0.9941767454147339,0.776626943051815,0.2,-0.2174212634563446,0.23662109375,14425,0.000266304684,0.018521931,-0.004010778234805912,1.0016114711761475
-0.002056868546684085,0.22392106211497456,-0.2169266251055455,-0.07867705071395803,-88.25329661999999,67427496,67.130665,0.0,78.37237174024109,-0.007128906250000056,0.000660264537954289,0.0671552776750709,-0.11062201108504957,-3.090571316538916e-08,0.0,0.0,9.754104875876893,403,237.99,-0.15654302506372708,0.01,-0.01301095938236993,-0.18924784252934368,0.0,-0.002656609684786236,4119,0.2808711,-0.45885247951260294,0.0,0.0,-0.15229505355135906,1.4437669578519707,0.0,-0.2027588019834961,-0.0021188337315258946,-0.014364129222853394,-0.46347946782463445,-0.037271187978427725,-0.5,1803,-0.026553887427116046,0.585399647,0.0,-0.00777081601619203,-34.06880912780762,0.986586332321167,2.9817771434783937,0.2,0.7264647483825684,0.23406982421875,14429,0.00026629546799999997,0.017318841,-0.00538582622539252,1.001177430152893
-0.0020186052831448874,0.22031205209618374,-0.20043149518726133,-0.07564629486366363,-88.65560726999998,67445928,67.142185,0.0,77.10921823366431,-0.007020399305555617,0.000959743318768839,0.06878802237124003,-0.11053275256203615,-3.081942963794056e-08,0.0,0.0,8.921335850235911,404,243.72,-0.15844835342115185,0.01,-0.01266747782870265,-0.17812292712440306,0.0,-0.006230065165751997,4119,0.2809479,-0.44490245075330265,0.0,0.0,-0.1473787182452489,1.3821437640066192,0.0,-0.19609121214404573,-0.0018321228234820528,-0.014481056642403074,-0.450430991744416,-0.03713031129113861,-0.5,1807,-0.02432811838725731,0.585381983,0.0,-0.009657882653603641,-34.066190528869626,0.9834426641464233,3.896017682552338,0.2,1.7679638862609863,0.0986083984375,14433,0.000266286252,0.013173034,-0.01019318336620927,1.0009827613830566
-0.002014769499760901,0.22242703217643534,-0.20465270993294898,-0.0770410150829754,-88.51010111,67464360,67.153705,0.0,77.84946126175237,-0.0068793402777778435,0.0010747608741641873,0.06805390931586638,-0.1106826550136604,-2.9117026585257323e-08,0.0,0.0,9.138870499833487,405,241.37,-0.15557194459279572,0.01,-0.012602142908662576,-0.18148735215547493,0.0,-0.004927910313495269,4120,0.2810247,-0.44260398748397134,0.0,0.0,-0.1456301144046346,1.4206462731653349,0.0,-0.19315604865386493,-0.0011844170631770212,-0.013725975424049314,-0.4512682524595999,-0.03673011392257624,-0.5,1811,-0.02494207265812877,0.585364319,0.0,-0.009804637481768927,-34.06526260375976,0.9903891682624817,2.070470559597015,0.2,0.29426583647727966,0.10938720703125,14437,0.000266277036,0.013433954,-0.01241318132961169,1.0009756088256836
-0.0019808660615979797,0.2293447196313957,-0.21100849292905177,-0.07741746796473421,-88.27380720000001,67482792,67.16522499999999,0.0,80.27065187098849,-0.006770833333333399,0.0007535805214299924,0.06783327094706978,-0.11080915321495118,-2.9493485543886748e-08,0.0,0.0,9.735216177155534,406,243.74,-0.15133692005578264,0.01,-0.012416808290441193,-0.18566789996210012,0.0,-0.0048351889240195525,4120,0.2811015,-0.4370519653668772,0.0,0.0,-0.14416023212613446,1.4425679294729126,0.0,-0.19261635122011256,-0.0012814712000863058,-0.014110420319225523,-0.4470075484506501,-0.0364965382547907,-0.5,1816,-0.025907117973606612,0.585346655,0.0,-0.008877448155544698,-34.07753372192383,0.9931265711784363,1.6975069999694825,0.2,0.17882877588272095,0.19429931640625,14441,0.00026626781999999997,0.025595153,-0.009697882505133749,1.002392053604126
-0.0020310845671150466,0.22123467126416507,-0.20611385054606626,-0.07848775287996149,-88.03807393999999,67501224,67.176745,0.0,77.43213494245778,-0.006922743055555621,0.0008968097455282179,0.0678040050971071,-0.11061123775471483,-2.9754945089022302e-08,0.0,0.0,8.978402302772961,407,241.86,-0.15054345192483345,0.01,-0.012712488080950376,-0.18616925255577224,0.0,-0.003748778940742718,4116,0.2811783,-0.44841100792269717,0.0,0.0,-0.14697259186157222,1.4171803583336073,0.0,-0.19424989644371216,-0.0009673260528395033,-0.013842821839441275,-0.45280454877755083,-0.036405765651435634,-0.5,1822,-0.02514175720278456,0.585328991,0.0,-0.007748845809449752,-34.07609519958496,0.9922409653663635,1.6622137278318405,0.2,0.2364453375339508,0.22398681640625,14445,0.000266258604,0.024907107,-0.008849747257772832,1.00169837474823
-0.0020737866752108033,0.22770337879266125,-0.2089898609844093,-0.07811025517119573,-87.70665201999998,67519656,67.188265,0.0,79.69618257743144,-0.006944444444444511,0.0012027991405274305,0.06792646695430257,-0.11056428385282571,-2.981832186977489e-08,0.0,0.0,9.480103026718975,408,241.71,-0.15059536682265776,0.01,-0.012863588094255023,-0.1904318136787523,0.0,-0.00400442712399912,4116,0.2812551,-0.45373362506631093,0.0,0.0,-0.14699518669803388,1.4227463035688643,0.0,-0.19788411865236075,-0.0016260420631152785,-0.013844749303089869,-0.44861641965456517,-0.03728961412664939,-0.5,1826,-0.025682254195340284,0.585311327,0.0,-0.007909569837566879,-34.07259559631348,0.9940497875213623,1.5028231203556062,0.2,0.5278644561767578,0.2236083984375,14449,0.000266249388,0.023247376,-0.008136567892506719,1.0017516613006592
-0.0020211816231057935,0.22919617114334218,-0.2056984110752848,-0.07800894703847591,-88.06560513000001,67538088,67.199785,0.0,80.21865990016975,-0.0070095486111111755,0.0006070962602583071,0.06711035469395253,-0.11075212813880796,-3.1330996738660266e-08,0.0,0.0,9.779186157995769,409,242.93,-0.14815764470600568,0.01,-0.012662492618176474,-0.18748214028153182,0.0,-0.004543981298165974,4116,0.2813319,-0.44493791989725956,0.0,0.0,-0.1472976832055043,1.4183302978919228,0.0,-0.1982131360002664,-0.001201319619172677,-0.013547563638044498,-0.4568308024188992,-0.03681662709543693,-0.5,1831,-0.02522130239861116,0.585293663,0.0,-0.00720997554405282,-34.07909622192383,0.9976352453231812,0.6161743685603142,0.2,-0.06469637155532837,0.23646240234375,14453,0.000266240172,0.023617271,-0.008365320408483968,1.0023561716079712
-0.002039154850367869,0.226265695980839,-0.20585577963693108,-0.07906860878300033,-88.08462556,67556520,67.21130500000001,0.0,79.19299359329365,-0.006532118055555616,0.0006239148723478946,0.06801152745068646,-0.1105769834278335,-3.015358918250922e-08,0.0,0.0,9.260133710272582,410,241.03,-0.1466243976949371,0.01,-0.01269919506948512,-0.18995060479574058,0.0,-0.004292956980370289,4116,0.2814087,-0.4465464618506473,0.0,0.0,-0.14569544698023362,1.4284619040441509,0.0,-0.19794849864459185,-0.0015137139968689683,-0.013946315666060768,-0.44904581870072796,-0.03649213118501435,-0.5,1835,-0.025458456392888285,0.585275999,0.0,-0.008219491324982502,-34.07566833496094,0.9985488057136536,0.3497925490140915,0.2,-0.2276817113161087,0.21553955078125,14457,0.000266230956,0.021018483,-0.010422729921992868,1.0018041133880615
-0.00197898976185368,0.22200297852802392,-0.20047499456755702,-0.0775112868097699,-87.99714277000001,67574952,67.222825,0.0,77.70104248480837,-0.006380208333333391,0.0006765407354881366,0.06682209451670368,-0.11057381413596447,-3.10318335822125e-08,0.0,0.0,9.134140290377646,411,244.42,-0.14877022704689566,0.01,-0.012316362333583806,-0.18399380523530923,0.0,-0.005268054247757776,4117,0.2814855,-0.4374401965059619,0.0,0.0,-0.14291091260756342,1.4249290724577437,0.0,-0.1934512136217259,-0.0014345801149465136,-0.013537074900873003,-0.4399415455951645,-0.03685505191792646,-0.5,1840,-0.02509588669860182,0.585258335,0.0,-0.008745884050666872,-34.07761554718017,0.9954936504364014,1.1539391696453094,0.2,-0.13476014137268066,0.30521240234375,14461,0.00026622174,0.037094068,-0.005676830979064107,1.0023441314697266
-0.0020296434606871675,0.22226440307554401,-0.1983818993188187,-0.07712978684341915,-88.71052883,67593384,67.23434499999999,0.0,77.7925410764404,-0.006640625000000061,0.0005913625548904141,0.06563182765049391,-0.11048849862494171,-3.009763020320226e-08,0.0,0.0,9.178190005507346,412,243.73,-0.1581015799374376,0.01,-0.012728179560226123,-0.18257827786315756,0.0,-0.006049223967918714,4117,0.2815623,-0.44235307065156587,0.0,0.0,-0.14690967961630733,1.4036151085377095,0.0,-0.19829184255887541,-0.0015440827027726704,-0.01436649523578357,-0.4543717876028833,-0.03665849262029245,-0.5,1844,-0.024590103666299937,0.585240671,0.0,-0.009993303641547553,-34.07867374420166,0.9990652203559875,0.20346930697560311,0.2,-0.292512983083725,0.23614501953125,14465,0.000266212524,0.023433495,-0.014175124652683734,1.0019817352294922
-0.0020005504410782384,0.22747219237630567,-0.20035436347975824,-0.07794010571519853,-87.67253040000001,67611816,67.245865,0.0,79.61526733170699,-0.006597222222222284,0.0006711150635965168,0.0681390817750581,-0.1104303238747871,-3.0495077040848724e-08,0.0,0.0,9.567085667229724,413,244.48,-0.14634741212449529,0.01,-0.012439881063121506,-0.18278968082044275,0.0,-0.0044222511636156335,4117,0.2816391,-0.43694280413335984,0.0,0.0,-0.14432999405184008,1.4340681000914257,0.0,-0.19339719934892807,-0.001322754025218479,-0.014084833655371172,-0.4408905259684348,-0.036542589357774255,-0.5,1848,-0.025322919210892865,0.585223007,0.0,-0.009187641060432523,-34.07317886352539,0.9915245175361633,1.6054831922054291,0.2,0.08786052465438843,0.30687255859375,14469,0.000266203308,0.032732688,-0.0047892892034724355,1.0016568899154663
-0.0020479630804517996,0.2256419121907492,-0.20389827151187945,-0.07942430781785559,-87.6429439,67630248,67.257385,0.0,78.97466926676222,-0.006716579861111175,0.00043402744793436595,0.06412122087945714,-0.1103973522503911,-3.032773838750016e-08,0.0,0.0,9.360959032620533,414,243.91,-0.15151957219088802,0.01,-0.012752592989290264,-0.18520363689491834,0.0,-0.004136117375237459,4117,0.2817159,-0.4442299743772098,0.0,0.0,-0.14763590737597446,1.4275782899647245,0.0,-0.20111393561605642,-0.0013744420672594992,-0.014118033353181621,-0.4588808173745524,-0.03695849140540938,-0.5,1853,-0.025531412772741343,0.585205343,0.0,-0.008616219080674151,-34.077816581726076,0.9987339377403259,0.31284869462251663,0.2,-0.24788406491279602,0.28057861328125,14473,0.000266194092,0.0326994,-0.015674216544721276,1.0021175146102905
-0.0020569749842440487,0.2205174964301674,-0.2055583822675515,-0.08061017473137376,-88.24027839000001,67648680,67.268905,0.0,77.1811237505586,-0.007074652777777837,0.0006608068684322967,0.06702908971334386,-0.110526129254619,-3.031913678999197e-08,0.0,0.0,8.97334044946442,415,238.39,-0.1525379203141257,0.01,-0.012934548707978423,-0.1869649409245181,0.0,-0.0032360614554654676,4117,0.2817927,-0.45665586844834166,0.0,0.0,-0.15127203937752076,1.398105259182002,0.0,-0.20070731074266226,-0.0015233596126558863,-0.014989039434349661,-0.4631390205231114,-0.0372148563379297,-0.5,1857,-0.025060143811017586,0.585187679,0.0,-0.008393373991970697,-34.075839614868165,0.9973964095115662,0.3967914074659348,0.2,-0.20241093635559082,0.26783447265625,14477,0.000266184876,0.02582619,-0.007382306712679565,1.0022128820419312
-0.0020498908349508168,0.22687263789697748,-0.2026703314293218,-0.07722299995701543,-89.06218653,67667112,67.28042500000001,0.0,79.40542326394211,-0.006868489583333398,0.0008230247153227942,0.06520788961187177,-0.11048558507095171,-2.973752406916196e-08,0.0,0.0,9.377682257737199,416,240.41,-0.1587233480331549,0.01,-0.012846810628417044,-0.18121419018673604,0.0,-0.005105561391286309,4117,0.2818695,-0.45293098193658526,0.0,0.0,-0.14929509397891405,1.4074717152794205,0.0,-0.20032407261643687,-0.001685232043255787,-0.014081375873141767,-0.4597776073898895,-0.03768887698727762,-0.5,1862,-0.024850231921621845,0.585170015,0.0,-0.008694344247083386,-34.07874984741211,0.9886066317558289,2.775304174423218,0.2,0.7970793843269348,0.31343994140625,14481,0.00026617565999999997,0.03871902,-0.006797550641931593,1.0020952224731445
-0.0020449878856431064,0.22787448576942015,-0.20770678334102732,-0.07967924549782221,-87.78775222000002,67685544,67.291945,0.0,79.75607001929706,-0.006716579861111173,0.0006640620154535605,0.06957096916744653,-0.11061190470530918,-3.071966248211241e-08,0.0,0.0,9.658118209253098,417,240.88,-0.14769039608164414,0.01,-0.012744841353765603,-0.18309021732083106,0.0,-0.0030668451973351746,4117,0.2819463,-0.4407723928608951,0.0,0.0,-0.14639983664095724,1.453889452502177,0.0,-0.19300856144123524,-0.0010901492680611819,-0.013623370912416922,-0.44560738587614984,-0.036125429051592134,-0.5,1866,-0.025861130616731207,0.5851523510000001,0.0,-0.007982404498357533,-34.072141075134276,0.9903564453125,2.029553899168968,0.2,0.47177475690841675,0.15523681640625,14485,0.000266166444,0.018071402,-0.008973180921748281,1.0015941858291626
-0.0020189928716261656,0.2270322033446831,-0.20085788342152153,-0.07699410158939113,-87.53403020000002,67703976,67.303465,0.0,79.46127117063908,-0.006803385416666733,0.0011225034961373443,0.0698300965009057,-0.1106004814450532,-3.091799230986738e-08,0.0,0.0,9.476117744895912,418,243.27,-0.15073692372285155,0.01,-0.01252830624465829,-0.18060109511102318,0.0,-0.0033386258919629336,4118,0.2820231,-0.43698210664645043,0.0,0.0,-0.145488321841211,1.418266245322923,0.0,-0.19471288654230834,-0.0015065911051952887,-0.013367410468425956,-0.4516048500320104,-0.03648443028786836,-0.5,1870,-0.02492030924501212,0.585134687,0.0,-0.008730828411191598,-34.072801399230954,0.9986481070518494,0.27038462534546853,0.2,-0.2652411460876465,0.218896484375,14489,0.000266157228,0.027440423,-0.016032332147005945,1.001739740371704
-0.002029267353128083,0.22404579817298598,-0.20392256754408844,-0.07639318652538198,-88.73545051999997,67722408,67.31498500000001,0.0,78.4160293605451,-0.006814236111111176,0.0009315314916117737,0.06773302556379578,-0.11028135773289882,-2.9435853381538503e-08,0.0,0.0,9.303292915220624,419,245.93,-0.15739066116282643,0.01,-0.012705695952214267,-0.1813009930919961,0.0,-0.005017647972574772,4118,0.2820999,-0.442548719568961,0.0,0.0,-0.14657076367185418,1.41146377010854,0.0,-0.19004042057264797,-0.001697059277365242,-0.01433061149858297,-0.4519293031494468,-0.03686081038687913,-0.5,1875,-0.025081211332576802,0.585117023,0.0,-0.009937558995766772,-34.07497901916504,0.9980239272117615,0.4484105005860329,0.2,-0.2062923014163971,0.28504638671875,14493,0.00026614801199999997,0.027933177,-0.011603542417287827,1.0020514726638794
-0.0020077048195538427,0.22905496446336066,-0.2077241979605378,-0.07849689087452622,-88.16279496000001,67740840,67.326505,0.0,80.16923756217624,-0.00670572916666673,0.0008246524375863373,0.06671429660760445,-0.11053549661660766,-2.9397798008482203e-08,0.0,0.0,9.713891773828085,420,244.56,-0.14889169641217448,0.01,-0.01254808483455389,-0.18236036085762736,0.0,-0.005056258526006035,4118,0.2821767,-0.4449067891761719,0.0,0.0,-0.1455846366318181,1.4296078949638558,0.0,-0.19249689419943802,-0.0012460897369561243,-0.013306708409279265,-0.43429787500503936,-0.036861900040733774,-0.5,1879,-0.025820359091578354,0.585099359,0.0,-0.008916240153161602,-34.080064582824704,0.9980999231338501,0.4242658868432045,0.2,-0.1838664710521698,0.25341796875,14497,0.000266138796,0.028978253,-0.013510479405522347,1.0024666786193848
-0.0020480077077237504,0.22404069111620295,-0.2045796402213296,-0.07727360058154248,-88.03221032000002,67759272,67.338025,0.0,78.41424189067104,-0.0073567708333333775,0.000996635586488992,0.06920481599790594,-0.11067710702970858,-2.99761813851012e-08,0.0,0.0,9.226107649008155,421,244.89,-0.15442980588320954,0.01,-0.01272144483241462,-0.18066727804319935,0.0,-0.004422979495065572,4118,0.2822535,-0.4485420909580383,0.0,0.0,-0.14725171426520067,1.4147196167015568,0.0,-0.19769739195318972,-0.0016993361700120611,-0.014516896161762808,-0.45306386280938504,-0.03674402449949079,-0.5,1884,-0.02514280492636956,0.585081695,0.0,-0.007946463689828912,-34.08051013946533,0.9992794394493103,0.18438649624586106,0.2,-0.29179608821868896,0.2740478515625,14501,0.00026612958,0.027937705,-0.017338624794501812,1.002226710319519
-0.002057216928106338,0.22210800243717,-0.21294043470832202,-0.08003545832811758,-87.58207096,67777704,67.349545,0.0,77.7378008530095,-0.006976996527777842,0.0008289925915758229,0.06695095952747045,-0.11060019969198494,-2.9069691044813303e-08,0.0,0.0,9.113887190184677,422,242.77,-0.15491089514770306,0.01,-0.012888326684195997,-0.18639037592504112,0.0,-0.0036283763206074937,4118,0.2823303,-0.45085486201819097,0.0,0.0,-0.14945507877925873,1.4499045287797074,0.0,-0.19595791121105777,-0.0016099067103538534,-0.013982148055843184,-0.4585642168196332,-0.036678961177589134,-0.5,1888,-0.02656067726744779,0.585064031,0.0,-0.008293547832484668,-34.080709075927736,0.9991806745529175,0.19759754762053489,0.2,-0.2882976531982422,0.2954833984375,14505,0.000266120364,0.03504808,-0.017140222142916172,1.0025309324264526
-0.002050297781332971,0.22415289592355728,-0.2087892953320149,-0.07909309547298436,-87.01010022,67796136,67.361065,0.0,78.45351357324505,-0.006944444444444511,0.0007302512272468044,0.06868250054905269,-0.11073837499272461,-2.9498950242688474e-08,0.0,0.0,9.289158480210782,423,241.91,-0.15393803256051725,0.01,-0.01274960860950013,-0.18408235678714924,0.0,-0.0031470467438766176,4118,0.2824071,-0.4507069259509686,0.0,0.0,-0.14817975373352713,1.4451414177144293,0.0,-0.19808476752733867,-0.0015404625530945815,-0.01424638236578195,-0.45340977226118767,-0.0360788348723041,-0.5,1892,-0.02607071505017372,0.585046367,0.0,-0.008229392667999491,-34.07401790618896,0.9993641376495361,0.1649472124874592,0.2,-0.29048919677734375,0.29801025390625,14509,0.000266111148,0.030680144,-0.013784041523467749,1.0016117095947266
-0.0020698136707664747,0.22743188268250622,-0.21512672848235107,-0.08247132242445482,-88.20975645000003,67814568,67.372585,0.0,79.60115893887718,-0.007052951388888949,0.0003531898061434428,0.06596214120848612,-0.1105374683975176,-3.165544546605474e-08,0.0,0.0,9.889930538934824,424,241.28,-0.15921477746277718,0.01,-0.012893574587294612,-0.19287627476841918,0.0,-0.0034558525345303624,4119,0.2824839,-0.44875045049897394,0.0,0.0,-0.14816388486056395,1.4651536990517213,0.0,-0.20023231665947488,-0.0016181159241647584,-0.01447654064231941,-0.46695859049980637,-0.03621605327285096,-0.5,1897,-0.02719396391554005,0.585028703,0.0,-0.008488316436543956,-34.070088386535645,0.9993818998336792,0.1545542411506176,0.2,-0.30662423372268677,0.28748779296875,14513,0.000266101932,0.03326094,-0.013155149761587381,1.001863956451416
-0.0020366763893529347,0.2189361725721816,-0.20832610573321264,-0.07919036649577588,-87.8370971,67833000,67.384105,0.0,76.62766040026355,-0.006868489583333398,0.0005322262166171438,0.06899776864186273,-0.11090632003765742,-2.9894915325739656e-08,0.0,0.0,8.836617781495717,425,241.68,-0.15672502797924134,0.01,-0.012731465750377048,-0.18524353069693741,0.0,-0.00358174776993808,4119,0.2825607,-0.4467773821406038,0.0,0.0,-0.1482109020615639,1.44676949847912,0.0,-0.19807795405387202,-0.001503282856098063,-0.013476119632563567,-0.4570469706244115,-0.036302418986557526,-0.5,1901,-0.025822969810968696,0.5850110390000001,0.0,-0.008885722086739002,-34.07314739227295,0.9960604310035706,0.6926972016692161,0.2,-0.1548290103673935,0.31124267578125,14517,0.000266092716,0.02809522,-0.0055123149359133095,1.0020899772644043
-0.002081242601381003,0.22163563322509788,-0.2140319679593824,-0.08036178832351831,-87.05888395999999,67851432,67.395625,0.0,77.57247162878426,-0.006911892361111178,0.0006738277346206208,0.06769410340018167,-0.11082902750234586,-3.051960435476294e-08,0.0,0.0,9.055827191831003,426,241.5,-0.15390018703279829,0.01,-0.013026339299011503,-0.1884360588575482,0.0,-0.002664420649328935,4119,0.2826375,-0.45544271905281114,0.0,0.0,-0.1493331704838954,1.450745423455311,0.0,-0.2019970981608463,-0.0013894742921117282,-0.014010096630164667,-0.4643317124962559,-0.03607673378836557,-0.5,1906,-0.0264831696256664,0.584993375,0.0,-0.007621890816759939,-34.07587795257568,0.9991815090179443,0.20520599707961082,0.2,-0.2748784124851227,0.25145263671875,14521,0.0002660835,0.02388346,-0.015389631828293204,1.001908779144287
-0.0020444687815623272,0.22650099258170567,-0.20696854835636988,-0.07959837918490358,-87.06201635,67869864,67.40714499999999,0.0,79.27534740359698,-0.0066189236111111735,0.0004166664697954224,0.06646094478055198,-0.1107725892917183,-3.067629404815764e-08,0.0,0.0,9.33977048270215,427,242.06,-0.1529942362868948,0.01,-0.012772185799825116,-0.18106133775212704,0.0,-0.004313527865138471,4119,0.2827143,-0.4431302538671733,0.0,0.0,-0.14834346830657175,1.4398843387453146,0.0,-0.20242792230043957,-0.0017592292816837013,-0.01399047627356681,-0.4458349325609887,-0.03590514578142089,-0.5,1910,-0.025501119527693118,0.584975711,0.0,-0.008190601598471403,-34.07547302246094,0.9994328618049622,0.14563616067171098,0.2,-0.30306491255760193,0.27318115234375,14525,0.000266074284,0.02746644,-0.015878314268775284,1.002042531967163
-0.00204850471624719,0.2197992715082401,-0.2128943439302517,-0.07908465132852266,-87.19692436999999,67888296,67.418665,0.0,76.92974502788404,-0.006738281250000063,0.0003488497006603413,0.06333041435704455,-0.11062186649728761,-3.0230494462957814e-08,0.0,0.0,8.932003718530982,428,244.26,-0.16031430392501694,0.01,-0.012814767607710144,-0.18761233113558717,0.0,-0.005030590211260039,4119,0.2827911,-0.4397080641658502,0.0,0.0,-0.14795268727921734,1.460055035222926,0.0,-0.1998438719607476,-0.0014918050022122108,-0.013528209833246568,-0.4571017297999363,-0.03573272225291088,-0.5,1914,-0.026516002135217664,0.584958047,0.0,-0.00972854656962833,-34.07663440704346,0.9985800981521606,0.38878046721220016,0.2,-0.17587071657180786,0.3201171875,14529,0.000266065068,0.034375332,-0.00931863543810323,1.0023460388183594
-0.0020531890139051643,0.2217170412387759,-0.21239798877918353,-0.08129174010354333,-88.07479603999998,67906728,67.430185,0.0,77.60096443357156,-0.0067599826388889525,0.0002446829393092129,0.0684994624486569,-0.11086568034409493,-3.1098732207908856e-08,0.0,0.0,9.047347079736902,429,239.34,-0.15310451890055238,0.01,-0.012788671126328248,-0.18880168096283675,0.0,-0.0024265639054623107,4119,0.2828679,-0.45076012835555024,0.0,0.0,-0.14765262791951225,1.4572440127530948,0.0,-0.2004522040809266,-0.0014324685992782398,-0.013076884501770929,-0.4522899600626384,-0.03582480144330819,-0.5,1919,-0.026558359334455724,0.584940383,0.0,-0.008147605483019207,-34.06917037963867,0.9993588328361511,0.16854117214679717,0.2,-0.2927851676940918,0.2659912109375,14533,0.00026605585199999997,0.030263718,-0.016291001078207044,1.0013656616210938
-0.002106722183658865,0.22576184406697322,-0.21461102953227182,-0.08110713155567621,-87.72843810999998,67925160,67.441705,0.0,79.01664542344062,-0.007042100694444505,0.0004172089457925823,0.06580913025951457,-0.11092503273205803,-3.175429356296388e-08,0.0,0.0,9.392054932229362,430,237.54,-0.15902993023521156,0.01,-0.01317636475248128,-0.19395466873823153,0.0,-0.0026701937109325797,4120,0.2829447,-0.46170836230190443,0.0,0.0,-0.15340542313556232,1.4407248194005793,0.0,-0.20434701939313143,-0.0012395857065388921,-0.0141099508728009,-0.47734185379916805,-0.03600081494513329,-0.5,1923,-0.026714834884326633,0.584922719,0.0,-0.007796722412523296,-34.061789894104,0.9872188568115234,3.2870895147323607,0.2,1.717700719833374,0.30975341796875,14537,0.000266046636,0.027446067,-0.003806316980626434,1.0010545253753662
-0.0021060797775455187,0.23014977364263514,-0.22129747071432304,-0.0842126835628821,-86.39440506000001,67943592,67.453225,0.0,80.5524207749223,-0.006933593750000067,0.0003119571095642944,0.07096186847990685,-0.11090885895575237,-3.14417390889428e-08,0.0,0.0,9.833630077830385,431,239.36,-0.1499287726179603,0.01,-0.013082452279851955,-0.1959227999633072,0.0,-0.0018013141949427358,4120,0.2830215,-0.4544292824583869,0.0,0.0,-0.1501263036505145,1.4794064543422787,0.0,-0.20527967754797866,-0.0014424220378791983,-0.013814318653309586,-0.4652409259378548,-0.03536230138126484,-0.5,1928,-0.027561489817761853,0.584905055,0.0,-0.007306679620847313,-34.06013240814209,0.9869426488876343,3.0376680850982667,0.2,0.7596843838691711,0.132470703125,14541,0.00026603742,0.014067384,-0.007625638239551336,1.0007749795913696
-0.0020540844607228018,0.2284253075381536,-0.21654031165700552,-0.0818079294051664,-87.59282198,67962024,67.464745,0.0,79.94885763835376,-0.007172309027777833,0.0005756289530028072,0.06859708992868034,-0.11083560139984684,-3.1353903647529606e-08,0.0,0.0,9.621582023679366,432,237.24,-0.15353810892522168,0.01,-0.012824774828499207,-0.1971679323275907,0.0,-0.002340712087095109,4120,0.2830983,-0.4463035375854939,0.0,0.0,-0.14919474127301446,1.4748665408210793,0.0,-0.19958532886618274,-0.0011081355908606318,-0.013419170612738096,-0.4610167215325071,-0.035581882331672005,-0.5,1932,-0.027334236098349264,0.584887391,0.0,-0.007407861667969782,-34.064588737487796,0.9985284209251404,0.28669478073716165,0.2,-0.2540467381477356,0.19652099609375,14545,0.00026602820399999997,0.023149142,-0.015149966161698104,1.0012649297714233
-0.0020949935816638545,0.22657609539388335,-0.2204363484230059,-0.08436165132652763,-87.59706737,67980456,67.47626500000001,0.0,79.30163338785917,-0.006976996527777842,0.00030490427161566913,0.06608666148995623,-0.11028897153405309,-3.264821363726924e-08,0.0,0.0,9.471827326667759,433,239.04,-0.15053519443499436,0.01,-0.01296806568122677,-0.19547037785594912,0.0,-0.0026225388327885866,4120,0.2831751,-0.44644478118991,0.0,0.0,-0.14941197615568644,1.4737777864427373,0.0,-0.20544496287160915,-0.0016502106046660944,-0.013504363488090131,-0.45863242828250633,-0.03699980069853606,-0.5,1936,-0.02792296524794276,0.5848697270000001,0.0,-0.007632198695015783,-34.05592400687082,0.9901086688041687,2.7306513445717946,0.2,1.1156799793243408,0.19461495535714285,14547,0.000266018988,0.04190679,0.0031686624778168543,1.0002834796905518
-0.0021111793484250418,0.2264730898241777,-0.20996032847254775,-0.07994004833049384,-88.16836793,67998888,67.487785,0.0,79.26558143846219,-0.006944444444444511,0.0005447045680032008,0.06570610607914416,-0.1104375596891718,-3.103051972032368e-08,0.0,0.0,9.478350678142025,434,239.89,-0.15920564025820239,0.01,-0.013077770572894004,-0.1901279227196981,0.0,-0.004115753495027551,4120,0.2832519,-0.4521105048071147,0.0,0.0,-0.1517582835950279,1.4226997677564635,0.0,-0.2050092722778999,-0.001412670199806475,-0.014179235940524618,-0.46709497002769557,-0.03719637964829031,-0.5,1941,-0.025978908728866133,0.584852063,0.0,-0.00918289462020362,-34.06412220001221,0.995158314704895,0.910336323082447,0.2,-0.1647612303495407,0.15428466796875,14551,0.000266009772,0.020995613,-0.010544409113936126,1.001135230064392
-0.002062266052388341,0.22252821001825013,-0.21523007883601103,-0.08218002552406746,-87.55502186999998,68017320,67.49930499999999,0.0,77.88487350638755,-0.006890190972222288,0.000412868723894159,0.06710683833276603,-0.11052070489427418,-3.00433739061151e-08,0.0,0.0,9.14446974129119,435,243.23,-0.1557592571704394,0.01,-0.012926110420200414,-0.19140270250791638,0.0,-0.0037834447119857294,4116,0.2833287,-0.45121261394609075,0.0,0.0,-0.14994934154531184,1.4477093736058213,0.0,-0.19687810336753847,-0.0015716890386394098,-0.01407434377731287,-0.46597778580546517,-0.03648741612149948,-0.5,1947,-0.026760511107794805,0.584834399,0.0,-0.008001936597995356,-34.06795043945313,0.9925092458724976,1.823525857925415,0.2,0.26256105303764343,0.1897705078125,14555,0.000266000556,0.023634676,-0.009003471524920315,1.001238226890564
-0.002070258099152671,0.22901309467573128,-0.21264991419367837,-0.07994644786764088,-88.03657658000002,68035752,67.510825,0.0,80.15458313650595,-0.0067057291666667304,0.00019097205949947238,0.06565603509518848,-0.11036225764065058,-3.068042444387998e-08,0.0,0.0,9.700927635743533,436,241.0,-0.1475324563275176,0.01,-0.012904546919601023,-0.19130647149456548,0.0,-0.003888619550330383,4117,0.2834055,-0.44504125789283044,0.0,0.0,-0.14859245110732397,1.451315215288699,0.0,-0.19745070236098575,-0.0014034142264080021,-0.014292262425891544,-0.45805300066565635,-0.036331896482562104,-0.5,1951,-0.02636626069142912,0.584816735,0.0,-0.007563841105568119,-34.07058582305908,0.9956389665603638,0.7283882483839988,0.2,-0.17998111248016357,0.1555419921875,14559,0.00026599134,0.023355654,-0.011382955044973641,1.0018739700317383
-0.00203017365135015,0.22907211500482044,-0.20639159911387506,-0.08119204964466498,-87.87333362000001,68054184,67.522345,0.0,80.17524025168716,-0.006618923611111174,0.00042805984331708815,0.06701813511004079,-0.11040664941282914,-3.047402641331387e-08,0.0,0.0,9.68430164077606,437,242.38,-0.146030007442714,0.01,-0.01251877689348607,-0.18971345910562054,0.0,-0.00555282328283396,4117,0.2834823,-0.43254809284038315,0.0,0.0,-0.144690909876401,1.4479674434028853,0.0,-0.19837696941930522,-0.0013041770649321969,-0.013953871135654158,-0.4432711826332867,-0.035944832505922515,-0.5,1956,-0.02564552602964664,0.584799071,0.0,-0.008010209484685523,-34.08961143493652,0.9975960850715637,0.6405010886490345,0.2,-0.2944854497909546,0.2946044921875,14563,0.000265982124,0.026873494,-0.011992976046167314,1.0029648542404175
-0.002024924845144118,0.22431451148393905,-0.21124362309360872,-0.07978673361687724,-88.30393156999999,68072616,67.53386499999999,0.0,78.51007901937867,-0.006575520833333393,0.00021375854784208868,0.06410961504017237,-0.11034487573388249,-3.0096672632800695e-08,0.0,0.0,9.311291583611222,438,243.12,-0.15691814484109173,0.01,-0.01265381323224542,-0.18778787987192594,0.0,-0.006126795956221354,4117,0.2835591,-0.4341027704584348,0.0,0.0,-0.1471311242860858,1.454383633503405,0.0,-0.19424867339301827,-0.0017631027172409987,-0.014024961690241597,-0.44653403657863333,-0.03679716264745956,-0.5,1960,-0.026380206508019147,0.584781407,0.0,-0.009790938046838468,-34.079424667358396,0.9991483688354492,0.2169306293129921,0.2,-0.24357396364212036,0.31546630859375,14567,0.000265972908,0.034003533,-0.011593618511687965,1.002203345298767
-0.002065195353122564,0.22577465993174078,-0.2144586576732268,-0.08190653596542821,-87.54665818999997,68091048,67.545385,0.0,79.02113097610928,-0.006759982638888952,0.0002788625877454049,0.06517678238079486,-0.11040343214801761,-3.039927323878896e-08,0.0,0.0,9.496061570891285,439,243.61,-0.15107553615019992,0.01,-0.012869449464585438,-0.19073242121654108,0.0,-0.00400082975428005,4117,0.2836359,-0.4473904231393969,0.0,0.0,-0.14954850198582564,1.434728528543078,0.0,-0.20174243856271235,-0.0014158990771276575,-0.013919796552757022,-0.4562940176361125,-0.036901033788044976,-0.5,1965,-0.02667214488910797,0.584763743,0.0,-0.008829840416890673,-34.07362518310547,0.9955335855484009,0.7469597965478897,0.2,-0.09204325079917908,0.2526123046875,14571,0.000265963692,0.025024798,-0.005445160053204745,1.0017457008361816
-0.0020927539642165887,0.22334816108647126,-0.20494605781974712,-0.07972318775835105,-88.89797310000002,68109480,67.556905,0.0,78.17185638026494,-0.006803385416666733,0.0004508462217119005,0.06440240407828565,-0.11039671292259294,-3.079830100466747e-08,0.0,0.0,9.206493982516195,440,244.12,-0.16238066248820224,0.01,-0.012963228151575096,-0.1899726888240692,0.0,-0.0062623962573168926,4117,0.2837127,-0.45404922562095634,0.0,0.0,-0.15051430784696415,1.409848341193572,0.0,-0.20471447020845712,-0.0013765114690975503,-0.01423329122873438,-0.4654711086088782,-0.03735476217809193,-0.5,1969,-0.02538692636424709,0.584746079,0.0,-0.00878386241189825,-34.08054790496826,0.9993607401847839,0.15563677847385407,0.2,-0.30719923973083496,0.24029541015625,14575,0.000265954476,0.028061997,-0.018190508894622325,1.0023107528686523
-0.002040755804774101,0.22523402886534485,-0.20544662139487102,-0.07923316012183874,-87.40647225000001,68127912,67.56842499999999,0.0,78.8319101028707,-0.0066189236111111735,0.00019042957380103567,0.06741058559305299,-0.1105667343542346,-2.8451910552251082e-08,0.0,0.0,9.41206163024073,441,243.09,-0.15086677106637086,0.01,-0.012672307370784931,-0.189648587118621,0.0,-0.004321609642085645,4117,0.2837895,-0.43915277320739154,0.0,0.0,-0.14644448794724588,1.4359720604018156,0.0,-0.197473830562416,-0.0014872109225655677,-0.013432466704793922,-0.45459766344622843,-0.036123042053659606,-0.5,1973,-0.025446493493846617,0.5847284150000001,0.0,-0.00812183559497094,-34.07990398406982,0.9951348304748535,1.3437728494405747,0.2,0.10569974780082703,0.2975341796875,14579,0.00026594526,0.03022784,-0.005973963928408921,1.002244472503662
-0.0020475336615085704,0.22253263490024328,-0.20888482645806103,-0.08083603344645617,-87.80499316000001,68146344,67.57994500000001,0.0,77.88642221508515,-0.006662326388888951,0.0005050997392067479,0.06609236037348751,-0.11053483372122312,-3.110797268544854e-08,0.0,0.0,9.063404426088107,442,243.91,-0.1515129963291262,0.01,-0.012609445727887754,-0.19047317632961974,0.0,-0.005498971459749078,4117,0.2838663,-0.43342942833599857,0.0,0.0,-0.1455121455130838,1.4566022277105422,0.0,-0.1983135597772964,-0.0010527527421108258,-0.012885760867491063,-0.44168501473566013,-0.03576284994422221,-0.5,1978,-0.026330826810863194,0.584710751,0.0,-0.00914166155982659,-34.07657680511475,0.9991183876991272,0.23709607496857643,0.2,-0.2425256222486496,0.26888427734375,14583,0.00026593604399999997,0.027624074,-0.012928739131893963,1.0019745826721191
-0.0020543941733439115,0.22216391606066127,-0.20762355769724794,-0.08133824960390869,-87.71919954,68164776,67.591465,0.0,77.75737062123144,-0.006857638888888951,0.0001801214853508605,0.06634667543578104,-0.11032599937900628,-3.1266442066015305e-08,0.0,0.0,9.045353792305058,443,242.89,-0.15145979156371636,0.01,-0.012699061521725737,-0.19294114334946755,0.0,-0.0043768689166989744,4118,0.2839431,-0.4441900206267224,0.0,0.0,-0.14702827928793494,1.4438233704315788,0.0,-0.20032211274356979,-0.0015258755470783083,-0.013812339922255775,-0.44779147670713815,-0.03583972938516917,-0.5,1982,-0.02619253802115404,0.584693087,0.0,-0.007924218058987107,-34.06958656311035,0.9993796944618225,0.15789556577801706,0.2,-0.305108904838562,0.2763671875,14587,0.000265926828,0.028357703,-0.016994220879860224,1.0016151666641235
-0.002059211040972178,0.223115348541403,-0.21026576378228742,-0.08161519512113315,-88.58530571,68183208,67.60298499999999,0.0,78.09037198949105,-0.006727430555555618,9.765624741299285e-05,0.06450071777134994,-0.11049204576129049,-3.1266760508545566e-08,0.0,0.0,9.307366081080295,444,240.44,-0.1519940777121353,0.01,-0.012761102319833247,-0.19559440395474087,0.0,-0.00481397423791748,4118,0.2840199,-0.4445106378363758,0.0,0.0,-0.14769761226882153,1.4483825942145878,0.0,-0.19867619166697412,-0.0013139934980306858,-0.013738054105095744,-0.4583653943435708,-0.03661278651130286,-0.5,1987,-0.026423187915727227,0.584675423,0.0,-0.0081130190519616,-34.07623481750488,0.9993818402290344,0.16295839846134186,0.2,-0.2880081236362457,0.27926025390625,14591,0.000265917612,0.029359946,-0.014544888795353473,1.0022833347320557
-0.0020469557590933607,0.22373909426428434,-0.2117534537290493,-0.08320033835876635,-88.48555861999999,68201640,67.614505,0.0,78.30868299249953,-0.006835937500000064,0.0003835719932491581,0.06574717618662301,-0.11043971743739629,-3.064891779219052e-08,0.0,0.0,9.162409285368609,445,241.14,-0.1522428789400299,0.01,-0.012723373290283948,-0.19574387461429557,0.0,-0.005164477239712608,4118,0.2840967,-0.44456987132839326,0.0,0.0,-0.1481184862180111,1.439971014008322,0.0,-0.20033770825205374,-0.0012314276154016357,-0.013686118994116918,-0.4551192067326879,-0.03631799110493236,-0.5,1991,-0.026539966301597783,0.584657759,0.0,-0.008273338323407289,-34.07310066223145,0.9915022850036621,1.9708743214607238,0.2,0.4241120517253876,0.315966796875,14595,0.000265908396,0.029182812,-0.004726969753392041,1.0017458200454712
-0.0020450371246976584,0.22562588396299538,-0.2125066581717437,-0.08115267037000856,-87.85537387000001,68220072,67.626025,0.0,78.96905938704838,-0.00644531250000006,0.00026421432590319053,0.06643326237949869,-0.11052204751255304,-2.9738452961464676e-08,0.0,0.0,9.607517962481483,446,243.24,-0.15245762784684752,0.01,-0.012684948076084702,-0.1961760121393129,0.0,-0.00464777949831631,4118,0.2841735,-0.44215532898997023,0.0,0.0,-0.1470521143745204,1.4630513209682594,0.0,-0.19696819836625812,-0.0013968573876330928,-0.013125355153618326,-0.45165065728749787,-0.03566826902376195,-0.5,1996,-0.02671938060784222,0.584640095,0.0,-0.008423483681528725,-34.062621116638184,0.9954836964607239,0.9676274836063385,0.2,0.37486445903778076,0.12283935546875,14599,0.00026589918,0.0126904575,-0.009499015612527728,1.0009551048278809
-0.002033794402893403,0.21865154504649198,-0.21863340536206788,-0.08349603621941465,-87.7657502,68238504,67.637545,0.0,76.5280407662722,-0.006846788194444512,0.0002804903520478143,0.06567815991165431,-0.11044085523826758,-2.9764805384602698e-08,0.0,0.0,8.823625724332558,447,242.29,-0.15161525852072877,0.01,-0.01271310478057955,-0.20000029289676788,0.0,-0.004229855331086797,4118,0.2842503,-0.4456876222491061,0.0,0.0,-0.14819899859069927,1.465223609906643,0.0,-0.2013983797981271,-0.0014521442430161248,-0.014301651910351102,-0.44996978130366205,-0.03610124148619234,-0.5,2000,-0.027689432071199612,0.584622431,0.0,-0.00814774154989411,-34.06767349243164,0.9976511597633362,0.5058061420917511,0.2,-0.14364859461784363,0.17977294921875,14603,0.000265889964,0.019212486,-0.014049206348136067,1.0013623237609863
-0.0020611806086757462,0.2268007542117372,-0.22154886700936996,-0.08472498858661799,-87.22686721999999,68256936,67.64906500000001,0.0,79.38026397410802,-0.00699869791666673,0.0001931423062665595,0.06673418306798354,-0.11069474576631828,-3.098342844267726e-08,0.0,0.0,9.63729063707862,448,241.32,-0.14926651336074534,0.01,-0.012853264702538784,-0.20077664402299686,0.0,-0.0032471498089341323,4118,0.2843271,-0.44386459056533806,0.0,0.0,-0.14947849259408225,1.472926883366529,0.0,-0.20098472078217294,-0.0011219230334323122,-0.013164983526981389,-0.45626877220307616,-0.03514236089051911,-0.5,2004,-0.02769959119731992,0.584604767,0.0,-0.0074863940034346245,-34.070890235900876,0.9988406896591187,0.29178830087184904,0.2,-0.2542538642883301,0.2505615234375,14607,0.000265880748,0.027145337,-0.014969559421297162,1.0015047788619995
-0.0020431788904493988,0.22095798274063838,-0.22536669110060434,-0.08486618917650623,-87.63894718,68275368,67.660585,0.0,77.33529395922343,-0.006868489583333397,0.000665147355498953,0.0667118959781618,-0.11069431479447382,-3.110378260403649e-08,0.0,0.0,8.969584352385677,449,239.92,-0.1472436110358993,0.01,-0.012825984516098655,-0.2018820896266898,0.0,-0.0035504904723553466,4118,0.2844039,-0.4419836441395258,0.0,0.0,-0.1485952361454956,1.4837903099095362,0.0,-0.19737592320710726,-0.0012910618417930364,-0.01349882821959912,-0.4572388556899477,-0.035847043035627066,-0.5,2009,-0.02811932778839748,0.584587103,0.0,-0.006985907759776132,-34.06822757720947,0.9990704655647278,0.23146142587065696,0.2,-0.2534465193748474,0.282958984375,14611,0.000265871532,0.02685533,-0.012987664761021733,1.0017470121383667
-0.002039009593832203,0.22334842318459772,-0.22255878141889557,-0.08412714098762365,-86.99650687000003,68293800,67.67210499999999,0.0,78.1719481146092,-0.0069335937500000664,0.00010199641110375524,0.0660742579730207,-0.11070008791497743,-3.109974261293913e-08,0.0,0.0,9.163887080366408,450,241.41,-0.1489619312520347,0.01,-0.012770228171476989,-0.19901320888878912,0.0,-0.002912899343414798,4118,0.2844807,-0.44094263643077986,0.0,0.0,-0.14878680584103993,1.4751404336086533,0.0,-0.19963350218413775,-0.0017493237205660741,-0.01320867370559311,-0.45452181355547466,-0.03556999673832076,-0.5,2013,-0.027857613581804705,0.584569439,0.0,-0.00730315283807512,-34.07474250793457,0.9941487312316895,0.9576171845197677,0.2,-0.13235624134540558,0.278857421875,14615,0.000265862316,0.028302053,-0.003337804728653282,1.0017516613006592
-0.0020462667510440335,0.22555273817841773,-0.22062789613921224,-0.08392107528559718,-87.46927737,68312232,67.683625,0.0,78.94345836244621,-0.0071180555555556135,0.000291883563881533,0.06566462945492862,-0.11080792882001542,-3.151652482903479e-08,0.0,0.0,9.470603671591139,451,238.35,-0.15074250601501527,0.01,-0.012929610389105993,-0.19904634911114416,0.0,-0.002618168947993452,4119,0.2845575,-0.4533307643446,0.0,0.0,-0.15144292324119454,1.4638738657747288,0.0,-0.20064033150439622,-0.0010631501544865504,-0.01259762100645798,-0.45622306281132174,-0.036018375671224345,-0.5,2018,-0.02764799160393365,0.584551775,0.0,-0.00741098154847148,-34.074808502197264,0.9994370937347412,0.13618690930306912,0.2,-0.32539471983909607,0.23377685546875,14619,0.0002658531,0.0298795,-0.020740318624302746,1.0018539428710938
-0.0020197256118151445,0.22344508830373352,-0.2142253607793769,-0.08013526053313463,-87.82073881000001,68330664,67.695145,0.0,78.20578090630673,-0.0067382812500000645,0.0003667533811595705,0.06780280145804296,-0.11073885688886277,-3.158630232907736e-08,0.0,0.0,9.179025031011486,452,240.73,-0.1534596777272677,0.01,-0.01272409956182529,-0.19438660929521667,0.0,-0.0045386982894961205,4119,0.2846343,-0.44457836552083546,0.0,0.0,-0.1484375299708588,1.447311385778487,0.0,-0.19421682135516571,-0.0010272255488698494,-0.012066423276849064,-0.4512510778090897,-0.035662261175125866,-0.5,2022,-0.026878836445693145,0.584534111,0.0,-0.007858978936888484,-34.083010292053224,0.9930531978607178,1.905400837957859,0.2,-0.006893157958984375,0.30418701171875,14623,0.000265843884,0.04263122,-0.007144668226828799,1.002942681312561
-0.0020195943597174078,0.22567861053054017,-0.21486195931473756,-0.08225641307266879,-87.47365487,68349096,67.706665,0.0,78.98751368568907,-0.0069335937500000664,0.000113389729651519,0.06842998478025374,-0.11087244714482362,-3.140924829620264e-08,0.0,0.0,9.419373092938411,453,241.58,-0.1487288219835446,0.01,-0.012740626210544594,-0.1956595349558811,0.0,-0.003631388920357695,4119,0.2847111,-0.43739679868670034,0.0,0.0,-0.14848911498368722,1.4682656434088968,0.0,-0.19393032103963975,-0.001009684467528125,-0.012781767824182168,-0.4488454417717506,-0.03552858103656112,-0.5,2026,-0.02658988599364409,0.584516447,0.0,-0.007809337157393909,-34.091868019104005,0.9990810751914978,0.23635726124048234,0.2,-0.28302499651908875,0.2715576171875,14627,0.000265834668,0.02957287,-0.014304225868545472,1.0033639669418335
-0.0020166156551951844,0.23026205532443458,-0.2242371846904575,-0.08171499879095966,-87.06713227,68367528,67.718185,0.0,80.5917193635521,-0.00718315972222228,0.00027832026696867414,0.06838391663020056,-0.11070039655533014,-3.049575857207789e-08,0.0,0.0,9.755822659908844,454,241.74,-0.1513951754219233,0.01,-0.012715468694325372,-0.19798352130353988,0.0,-0.0036151954517484874,4119,0.2847879,-0.4382410973189,0.0,0.0,-0.14881995972882298,1.4770036964275157,0.0,-0.19650968629229584,-0.0011353434667013423,-0.012965377025092891,-0.4509851283271341,-0.03563160141506515,-0.5,2031,-0.0279721394020463,0.584498783,0.0,-0.007383989994802202,-34.07844867706299,0.9968050122261047,0.6947810426354408,0.2,-0.03155168890953064,0.2755615234375,14631,0.000265825452,0.030618932,-0.011249420745298267,1.0020272731781006
-0.0020467721686678,0.2273021645293628,-0.22089474663458575,-0.08131551071727726,-87.22444466,68385960,67.729705,0.0,79.55575758527698,-0.006890190972222287,0.00023817269053931037,0.06698647306901061,-0.11087612276562396,-3.0817086517562064e-08,0.0,0.0,9.58483970727166,455,242.82,-0.1588127917302945,0.01,-0.012938385917021851,-0.19503453335531887,0.0,-0.005082333537054724,4119,0.2848647,-0.44920679393566587,0.0,0.0,-0.1516021806855643,1.449404565677564,0.0,-0.19887171187362052,-0.0012244048050056486,-0.012974868489441804,-0.46430099387462065,-0.03588562893576663,-0.5,2035,-0.027117671224306385,0.584481119,0.0,-0.00878426899240973,-34.07934074401855,0.9992947578430176,0.19656555727124214,0.2,-0.22352543473243713,0.250048828125,14635,0.00026581623599999997,0.026345562,-0.014101364533416927,1.0021882057189941
-0.0020404948032521023,0.22679730533390266,-0.22302184247302229,-0.08263474256117903,-87.27045412,68404392,67.741225,0.0,79.37905686686594,-0.007215711805555608,0.00029025590952692763,0.07089712331345303,-0.11089050043340234,-3.0928050426132767e-08,0.0,0.0,9.467168522350732,456,241.78,-0.15158841870753137,0.01,-0.013088661568680146,-0.19555225070705828,0.0,-0.003258530351963571,4119,0.2849415,-0.45199371880161404,0.0,0.0,-0.15340269344648041,1.456412465115986,0.0,-0.19620005302077398,-0.0009884465008852808,-0.013525903876948511,-0.46218684358418904,-0.036010041783114774,-0.5,2040,-0.026882274781680142,0.584463455,0.0,-0.007191799399960373,-34.07559776306152,0.9995506405830383,0.11903392896056175,0.2,-0.31496351957321167,0.25377197265625,14639,0.00026580702,0.027356774,-0.017455648095346988,1.0018043518066406
-0.0019815671261316516,0.2252834986781656,-0.2216839446088155,-0.08268186058001371,-87.58977375999999,68422824,67.752745,0.0,78.84922453735796,-0.006901041666666733,0.00012803810467529629,0.07056710321999855,-0.11081754105135576,-3.049104738002645e-08,0.0,0.0,9.27770871388402,457,241.46,-0.1504531632256666,0.01,-0.012573051481084152,-0.1996556680098757,0.0,-0.0035241402139879483,4119,0.2850183,-0.43891561613490526,0.0,0.0,-0.14691795056050166,1.481966538409317,0.0,-0.18797836583500038,-0.000998898987216141,-0.012670078180874962,-0.44650399081993114,-0.035177428435536846,-0.5,2044,-0.0273323522361927,0.584445791,0.0,-0.0075650612642574645,-34.0730058670044,0.99775230884552,0.6385217666625976,0.2,0.03749817609786987,0.306982421875,14643,0.000265797804,0.029342387,-0.006604442256502807,1.0018200874328613
-0.002004170130117071,0.22697901189185649,-0.22346129192884756,-0.08259137592576847,-86.92896803,68441256,67.764265,0.0,79.44265416214976,-0.00689019097222229,0.0002989365570505874,0.07108775513643441,-0.11069005733915753,-3.0676323097968965e-08,0.0,0.0,9.617935010548614,458,241.21,-0.15159302259380547,0.01,-0.012684823893117812,-0.19705922825115346,0.0,-0.00391927881508116,4119,0.2850951,-0.4374981468074076,0.0,0.0,-0.14952429624067226,1.47487190439704,0.0,-0.19596147811569828,-0.001231927888450046,-0.013658906479288265,-0.44862164433671103,-0.03583217613313813,-0.5,2049,-0.02764973272249093,0.584428127,0.0,-0.008314705550825844,-34.075110054016115,0.9980999231338501,0.32194472253322604,0.2,-0.24968789517879486,0.21715087890625,14647,0.000265788588,0.020886514,-0.011212101439014077,1.001906156539917
-0.002067596650909092,0.2302164262679326,-0.22622059640596306,-0.08276793379811766,-87.39297096000001,68459688,67.775785,0.0,80.5757491937764,-0.007269965277777826,0.0005658635022377388,0.0696084683764782,-0.11067855685553186,-3.266488532511161e-08,0.0,0.0,10.015970127387433,459,239.17,-0.15782071742694528,0.01,-0.013232183216190806,-0.19961187922063386,0.0,-0.002799879445271183,4120,0.2851719,-0.4620737405531659,0.0,0.0,-0.15561306501050778,1.4627433468791624,0.0,-0.1998468216341852,-0.0011397403594601099,-0.013558581412742727,-0.4702123765813169,-0.03651132745616883,-0.5,2053,-0.02777207524787891,0.584410463,0.0,-0.007390093905592544,-34.08033714294434,0.9992682337760925,0.20415054038167,0.2,-0.2768070101737976,0.2659912109375,14651,0.000265779372,0.02960833,-0.015007112233433872,1.0023152828216553
-0.0020226325376242753,0.21886184908242118,-0.22865658034670647,-0.08301733539209358,-87.16562331000003,68478120,67.787305,0.0,76.60164717884741,-0.006901041666666734,0.00043891046920584305,0.0714985902204032,-0.11077193885592622,-3.017137502871107e-08,0.0,0.0,8.83337616615371,460,239.07,-0.1559515982899735,0.01,-0.012937076213857254,-0.19847888374500267,0.0,-0.002606487151493404,4120,0.2852487,-0.4536868572132006,0.0,0.0,-0.15219927452786486,1.4686664878840974,0.0,-0.19570442980562383,-0.0013416244986698509,-0.013696881620163859,-0.46433113533104,-0.035995040799649686,-0.5,2057,-0.02803683033297237,0.584392799,0.0,-0.008283375442260876,-34.07600078582764,0.9936033487319946,1.4957426816225052,0.2,0.5231024622917175,0.268505859375,14655,0.000265770156,0.020475885,-0.004608462180476636,1.002000093460083
-0.002021720753548566,0.22576605030359526,-0.22976081323950837,-0.08426175741167675,-87.10544132999999,68496552,67.798825,0.0,79.01811760625834,-0.00684678819444451,0.00025553377862605784,0.0713189234899218,-0.11097491483546326,-3.084955641478429e-08,0.0,0.0,9.41117299240675,461,240.56,-0.1542970175971314,0.01,-0.012951931257413299,-0.20374922985209518,0.0,-0.0034434777581142367,4120,0.2853255,-0.45056965164239393,0.0,0.0,-0.15193413385414684,1.4936250166430576,0.0,-0.19217839801174996,-0.0010585120008114362,-0.013317567066490526,-0.4695819754742472,-0.035308213227667,-0.5,2062,-0.02832039495349205,0.584375135,0.0,-0.007673431714970825,-34.07636642456055,0.9926827549934387,1.9928475856781005,0.2,0.14842438697814941,0.15689697265625,14659,0.00026576094,0.021503633,-0.0075629517203196885,1.001939058303833
-0.002014583018988053,0.2197852523539172,-0.22929331322304558,-0.08605540795942992,-87.85124235,68514984,67.810345,0.0,76.92483832387101,-0.007107204861111168,0.0002902559580333117,0.0686531369390593,-0.11076679603585314,-3.026637064498561e-08,0.0,0.0,8.873108409099286,462,238.27,-0.15624781997524928,0.01,-0.01278218707065128,-0.20369678684146325,0.0,-0.0026485254066541276,4116,0.2854023,-0.45049790749079194,0.0,0.0,-0.1508696085500851,1.4797239860704676,0.0,-0.19098315732932433,-0.0011954242443924568,-0.013615989613253868,-0.4549574903827485,-0.03627291004951631,-0.5,2068,-0.02842850705267115,0.584357471,0.0,-0.007934933117616715,-34.076546859741214,0.9990893602371216,0.22710227593779564,0.2,-0.2819356322288513,0.22904052734375,14663,0.000265751724,0.02570634,-0.017681336833629758,1.002221941947937
-0.002042539424966387,0.2244426539953138,-0.2255658251580515,-0.08314592690315124,-87.03706888999999,68533416,67.821865,0.0,78.55492889835983,-0.006835937500000066,0.000389539698112963,0.0695958594396587,-0.11099764726378808,-3.214003994461202e-08,0.0,0.0,9.309038707497447,463,241.22,-0.15490913415852262,0.01,-0.01289824837680912,-0.19874685250106122,0.0,-0.002861369202467408,4117,0.2854791,-0.44768846986861377,0.0,0.0,-0.15142216035353034,1.486225732138771,0.0,-0.19388744312210254,-0.0015941357863353948,-0.013101446331730457,-0.456439487052841,-0.0356462306157012,-0.5,2072,-0.028110395251870163,0.584339807,0.0,-0.008044931507255468,-34.081189918518064,0.9952614307403564,1.1566286087036133,0.2,0.057638466358184814,0.252734375,14667,0.000265742508,0.034511518,-0.008927980856969952,1.0023119449615479
-0.0020359476177620735,0.2282970923960373,-0.2212465909470634,-0.08177504212870879,-87.47727590999999,68551848,67.83338499999999,0.0,79.90398233861305,-0.007031250000000062,0.0003689234080310497,0.06764592098337732,-0.11069224231162982,-3.0885839954307295e-08,0.0,0.0,9.74702553127483,464,240.64,-0.15922602008484774,0.01,-0.012862622187666083,-0.19481038301541115,0.0,-0.003986442439810278,4117,0.2855559,-0.45093827093399713,0.0,0.0,-0.15142445315502662,1.464548002953442,0.0,-0.19270744627840442,-0.0016327989290954856,-0.013443088205681537,-0.4586740601319913,-0.03635795392313528,-0.5,2077,-0.027633137870002794,0.5843221430000001,0.0,-0.00868525639654965,-34.07915058135986,0.999284565448761,0.1527560256421566,0.2,-0.3154158592224121,0.2285888671875,14671,0.000265733292,0.028096039,-0.02069010129198432,1.0020396709442139
-0.0019924750100404885,0.22262915211292533,-0.21425424248232608,-0.07730511712149785,-87.67228045999998,68570280,67.84490500000001,0.0,77.92020323952387,-0.006759982638888955,0.0005620656043498053,0.06941254532574638,-0.11088508804333533,-3.023624204052058e-08,0.0,0.0,9.087455059962867,465,244.38,-0.15755950352554227,0.01,-0.0126055590456951,-0.18634970453773678,0.0,-0.004480085419114314,4117,0.2856327,-0.4387945296385537,0.0,0.0,-0.14896662951583584,1.4417848716330095,0.0,-0.18548078921731145,-0.001122746734360061,-0.013098697025000763,-0.44681848851439593,-0.03564785702821619,-0.5,2081,-0.02673342276424167,0.584304479,0.0,-0.009008876895273311,-34.072425842285156,0.9935266971588135,1.513032016158104,0.2,0.34981799125671387,0.296484375,14675,0.000265724076,0.031975634,-0.006095692503731698,1.001584768295288
-0.0019881077859013802,0.21818048100952184,-0.21872833523576685,-0.07866201338394159,-87.48362826,68588712,67.856425,0.0,76.36316835333264,-0.007009548611111174,0.0006640619055057565,0.07284441615104559,-0.11078495074343682,-2.940960597606929e-08,0.0,0.0,8.661554579930469,466,243.68,-0.15935674556195653,0.01,-0.012600377349253976,-0.1917439461389868,0.0,-0.002962644884185043,4117,0.2857095,-0.44048608699066155,0.0,0.0,-0.14915718552637522,1.463862857283611,0.0,-0.18186161431943287,-0.0012428572572498148,-0.013557731109952115,-0.4540430943852283,-0.03530636856991925,-0.5,2086,-0.027211500849268697,0.584286815,0.0,-0.009049568527391076,-34.076193237304686,0.9993229508399963,0.16321538835763932,0.2,-0.3072928488254547,0.23875732421875,14679,0.00026571486,0.025549347,-0.019300758792087435,1.0020191669464111
-0.002033172540657721,0.23136237516274996,-0.21656784359011028,-0.08193681662098072,-88.06509918999998,68607144,67.86794499999999,0.0,80.97683130696248,-0.007389322916666714,0.0005647781557248285,0.07158105065159731,-0.11086049769874602,-3.106969922821496e-08,0.0,0.0,9.926391722497272,467,238.53,-0.15671289263557237,0.01,-0.012879844140269079,-0.19527048027062002,0.0,-0.0028656882454654903,4117,0.2857863,-0.4508195507026995,0.0,0.0,-0.15242528756680257,1.449734376592259,0.0,-0.1935739569064852,-0.0010996808984266204,-0.013028179224552374,-0.4611043658218934,-0.03597301816864036,-0.5,2090,-0.026886550359947026,0.584269151,0.0,-0.007374090271898442,-34.07626037597656,0.9993618726730347,0.16753150075674056,0.2,-0.29563742876052856,0.27298583984375,14683,0.000265705644,0.025654119,-0.01608204242074862,1.001879096031189
-0.0019752078978355118,0.22649036144657336,-0.22103674482793229,-0.08062900551499058,-88.05456050999999,68625576,67.879465,0.0,79.27162650630068,-0.007020399305555617,0.0006488710544848194,0.07042757176076725,-0.1108263938817066,-3.0409979351719277e-08,0.0,0.0,9.545282938850049,468,238.68,-0.1549054505692128,0.01,-0.012551550686583276,-0.19468234555991518,0.0,-0.003291929201878256,4117,0.2858631,-0.43392571787653506,0.0,0.0,-0.1479919537996285,1.487281001364777,0.0,-0.18659459240185644,-0.0009756901468189663,-0.012646083790907252,-0.44542058685880687,-0.03510140536527758,-0.5,2094,-0.02783582855219758,0.584251487,0.0,-0.008706142915697355,-34.06537780761719,0.988714337348938,2.4258131861686705,0.2,0.16840529441833496,0.3236083984375,14687,0.00026569642799999997,0.032174353,-0.002180710295215249,1.0010501146316528
-0.00201501587138983,0.22426591853733902,-0.22230297753057707,-0.08349668665109335,-88.09949501999999,68644008,67.890985,0.0,78.49307148806865,-0.007107204861111168,0.0004904509923006925,0.06928984305547757,-0.11076140891776791,-3.1038762436315076e-08,0.0,0.0,9.17721723177085,469,241.66,-0.16201027663897435,0.01,-0.012822234879799048,-0.19761142077095437,0.0,-0.0030335844144819615,4117,0.2859399,-0.4569029808578702,0.0,0.0,-0.15278818007402653,1.459925583756332,0.0,-0.1913966248659776,-0.0012334830629348414,-0.012852924284899654,-0.4672477046812695,-0.03583375885289185,-0.5,2099,-0.02780053024343404,0.584233823,0.0,-0.008623814380068021,-34.06564025878906,0.9980149269104004,0.4570059821009636,0.2,-0.20339258015155792,0.15101318359375,14691,0.000265687212,0.018298432,-0.015345029067248106,1.0012342929840088
-0.0020212930768509843,0.22743103622573496,-0.2233299896038966,-0.08114724459140198,-87.25877173999997,68662440,67.902505,0.0,79.60086267900724,-0.007335069444444491,0.000707464738904188,0.07061257885643842,-0.11092391007021567,-3.239365252110096e-08,0.0,0.0,9.609074588736982,470,241.51,-0.16115627977013147,0.01,-0.012785007773225087,-0.19526067857561646,0.0,-0.002423622955775144,4117,0.2860167,-0.4519753881704849,0.0,0.0,-0.15192036455238214,1.479907199450894,0.0,-0.19006164908125173,-0.0008648813241742605,-0.01229424077549219,-0.4677578194388005,-0.035402799304202204,-0.5,2103,-0.028075464165012703,0.584216159,0.0,-0.008088606037846249,-34.07158527374268,0.9964413046836853,0.6583246901631356,0.2,-0.13772040605545044,0.2168701171875,14695,0.000265677996,0.019637946,-0.008725774707272649,1.001582145690918
-0.001986386197667503,0.22262278047177125,-0.2129355196019569,-0.07943421232105878,-87.63409352999999,68680872,67.91402500000001,0.0,77.91797316511993,-0.006976996527777844,0.0007725689469629691,0.07166748366728909,-0.11080437777010226,-3.1043743985300485e-08,0.0,0.0,9.092533214683986,471,241.31,-0.15814608500133565,0.01,-0.012701029204440613,-0.18868997927113512,0.0,-0.002881136692290388,4118,0.2860935,-0.4354398586876691,0.0,0.0,-0.1501270100811211,1.4571373659997244,0.0,-0.18505465311008712,-0.001153658309454516,-0.013198876658404187,-0.44919509016579184,-0.03553054206056482,-0.5,2108,-0.026723619797115558,0.584198495,0.0,-0.008596958117171502,-34.07265644073486,0.9982978701591492,0.3655500575900078,0.2,-0.19852983951568604,0.20452880859375,14699,0.00026566878,0.021021068,-0.013063541846349835,1.001749038696289
-0.0019941150295661094,0.22864575570634502,-0.21840941662578242,-0.08175027857392415,-87.62712528999998,68699304,67.925545,0.0,80.02601449722076,-0.006814236111111175,0.0009076602582354099,0.07008155271031385,-0.11089129800535102,-3.16122268132745e-08,0.0,0.0,9.715371813769734,472,243.32,-0.15855909396845433,0.01,-0.012707502033452622,-0.19075397025572904,0.0,-0.003682323723402807,4118,0.2861703,-0.44528664732147466,0.0,0.0,-0.15176680042595106,1.4560914768197057,0.0,-0.1937724898960029,-0.0009102769894617633,-0.012752109423086482,-0.45134260927900666,-0.03556142498318781,-0.5,2112,-0.026798381756811103,0.5841808310000001,0.0,-0.008714281019314917,-34.07155933380127,0.9947664737701416,0.8417669989168644,0.2,-0.1599467396736145,0.27061767578125,14703,0.000265659564,0.023243662,-0.0030503400368615983,1.0014147758483887
-0.0020175160057128855,0.22737977977203722,-0.22870715074639328,-0.0832392066163396,-87.40889225000001,68717736,67.93706499999999,0.0,79.58292292021302,-0.006684027777777841,0.0005539278629132443,0.0698014115912669,-0.11087964054046448,-3.093944531404864e-08,0.0,0.0,9.489904460371916,473,240.68,-0.1571514844052213,0.01,-0.012912327715794017,-0.19983342420265376,0.0,-0.0035143781374004836,4118,0.2862471,-0.4450590493057633,0.0,0.0,-0.15207128126840702,1.4949412833779092,0.0,-0.19179637353822415,-0.0010907827971163636,-0.012804697689804117,-0.46154610511095523,-0.03578081618317908,-0.5,2116,-0.028628897352868513,0.584163167,0.0,-0.008147606378770433,-34.06778621673584,0.9960118532180786,1.0305532723665238,0.2,-0.07165002822875977,0.1602294921875,14707,0.000265650348,0.018691508,-0.009854340506717563,1.0013153553009033
-0.002008001066147499,0.23195820334377645,-0.22527969998368505,-0.08132256281665015,-87.11603943,68736168,67.94858500000001,0.0,81.18537117032176,-0.006901041666666731,0.0006857636488146252,0.07167515839678884,-0.11092340835000375,-3.232022900739671e-08,0.0,0.0,10.204051765534723,474,240.96,-0.15436923120245313,0.01,-0.012858477738916511,-0.1980515199042782,0.0,-0.003344976853006364,4118,0.2863239,-0.44668680988300963,0.0,0.0,-0.1522071085429739,1.4690272308541557,0.0,-0.1918795240860667,-0.0011207623261632901,-0.012858092139441725,-0.45581771482303984,-0.03553855361317741,-0.5,2121,-0.027736232753780572,0.584145503,0.0,-0.008094709706104672,-34.07440242767334,0.9986357092857361,0.3043288871645927,0.2,-0.24016083776950836,0.20611572265625,14711,0.000265641132,0.024616985,-0.015243151411414146,1.0019614696502686
-0.0019789326037827483,0.22369009512140858,-0.22088237114697953,-0.0796596689852776,-87.25149399,68754600,67.960105,0.0,78.291533292493,-0.006564670138888951,0.0005295136684758796,0.07166887749355126,-0.11082953815066823,-3.0976534151325484e-08,0.0,0.0,9.40094481514248,475,243.23,-0.15407420596492372,0.01,-0.01266528817414259,-0.19372335327475432,0.0,-0.004653071448875686,4118,0.2864007,-0.43467399768689174,0.0,0.0,-0.14977624468696898,1.467093527867833,0.0,-0.18529650618100668,-0.0011539126582930288,-0.012884181801325638,-0.4472807668637048,-0.03541035587050593,-0.5,2125,-0.027437460737239572,0.584127839,0.0,-0.008677118284847692,-34.074515914916994,0.9991232752799988,0.2123519167304039,0.2,-0.27555936574935913,0.2669921875,14715,0.000265631916,0.029943561,-0.012600612198002636,1.0019127130508423
-0.0020234145195628882,0.22459170006253967,-0.22134292412237996,-0.08146091357453361,-87.68712048000002,68773032,67.97162499999999,0.0,78.60709502188888,-0.006857638888888956,0.000449761043354455,0.07138991043777398,-0.11079548617624514,-3.259642424360091e-08,0.0,0.0,9.238234666948019,476,239.34,-0.15994009554839056,0.01,-0.013067691821115343,-0.19833606025661407,0.0,-0.0033366702925730087,4118,0.2864775,-0.4545618613664149,0.0,0.0,-0.15580484459611546,1.4588958767895739,0.0,-0.19204024056685431,-0.0011236408851967995,-0.013329848827633793,-0.4583144102059513,-0.0365334489094674,-0.5,2130,-0.027561659475817887,0.584110175,0.0,-0.008217999593600527,-34.0778902053833,0.9994732737541199,0.13848475217819214,0.2,-0.3122723698616028,0.28330078125,14719,0.0002656227,0.028629893,-0.016888930718414484,1.0021076202392578
-0.0020206873234215484,0.22911067160208964,-0.21967951262300958,-0.08150749032503496,-87.98054381,68791464,67.98314500000001,0.0,80.18873506073137,-0.006879340277777843,0.0005929903191928235,0.06860649406603155,-0.11097412836490611,-3.279188097964776e-08,0.0,0.0,9.792806417446403,477,238.17,-0.15628623435818279,0.01,-0.0129065972626746,-0.1928897745478383,0.0,-0.003382757888292729,4118,0.2865543,-0.4473410544367176,0.0,0.0,-0.15226203793062473,1.4629251121202196,0.0,-0.19435877281992664,-0.0011134735897405928,-0.01312447678153139,-0.45579136699968864,-0.035481066258893,-0.5,2134,-0.027152165344918426,0.584092511,0.0,-0.00816062684397265,-34.07114810943604,0.9879063367843628,2.837972176074982,0.2,0.6887562274932861,0.3096435546875,14723,0.000265613484,0.03847912,-0.0041728770942427214,1.0013937950134277
-0.0019995168900488695,0.22348462257934795,-0.21510842383610512,-0.08040252790686934,-88.19181357,68809896,67.994665,0.0,78.21961790277179,-0.00684678819444451,0.0008604598503249387,0.06917138869924867,-0.1110537727140223,-3.130398281716125e-08,0.0,0.0,9.29239135663384,478,238.99,-0.15730008204594342,0.01,-0.012735201319284527,-0.19120378824080336,0.0,-0.0034685344742719088,4118,0.2866311,-0.4449628117230568,0.0,0.0,-0.15095816927456626,1.4589147694521953,0.0,-0.19196292840745724,-0.001076914919547969,-0.013391791012135406,-0.4577670369548186,-0.035704832065107585,-0.5,2139,-0.02652346413736049,0.584074847,0.0,-0.00854663914166546,-34.065077018737796,0.987737774848938,2.8502704381942747,0.2,0.5171502232551575,0.09476318359375,14727,0.000265604268,0.013570631,-0.008408808230888099,1.0009554624557495
-0.0020013495626030847,0.220937548088705,-0.2192746586044928,-0.0823438172265501,-87.80493991000003,68828328,68.006185,0.0,77.32814183104675,-0.006781684027777842,0.0005815968874634968,0.07003925079207085,-0.11086391234172073,-3.238505629802221e-08,0.0,0.0,8.916987813340223,479,241.06,-0.15851097436538722,0.01,-0.01284807618465444,-0.19352837824600252,0.0,-0.003027447511403217,4119,0.2867079,-0.4517540626050075,0.0,0.0,-0.15276527499008039,1.4627813274203254,0.0,-0.18967162273692453,-0.0012310011222268326,-0.01300221355626121,-0.46156723834912783,-0.035611473100727396,-0.5,2143,-0.027269887650136097,0.584057183,0.0,-0.00853199117247843,-34.06771297454834,0.9944090247154236,1.1586739540100097,0.2,0.00844988226890564,0.138330078125,14731,0.000265595052,0.01647741,-0.010621290956623852,1.0013928413391113
-0.002019101672943516,0.2225047054784517,-0.2174609154278416,-0.07996668413555376,-87.34733208000002,68846760,68.017705,0.0,77.87664691745809,-0.006846788194444512,0.0005577256023469898,0.06860214579968053,-0.11087619128806397,-3.1122060508097595e-08,0.0,0.0,9.211575956090815,480,240.74,-0.15617166687705375,0.01,-0.012823698021004649,-0.1942346694386746,0.0,-0.0036480637370291114,4119,0.2867847,-0.44631102952549007,0.0,0.0,-0.15253826669557954,1.4524681831164779,0.0,-0.19433375782964785,-0.001094702349592763,-0.013644098509981578,-0.460072378451036,-0.03585338220181947,-0.5,2147,-0.0265499982386273,0.5840395190000001,0.0,-0.009001825337893225,-34.073056602478026,0.99457186460495,1.1913857847452163,0.2,-0.047628313302993774,0.1792724609375,14735,0.00026558583599999995,0.01835979,-0.009161477570887654,1.0016437768936157
-0.0019946391224039506,0.22796579585711974,-0.21700813081852519,-0.0808248322688636,-87.04991334,68865192,68.029225,0.0,79.7880285499919,-0.006684027777777841,0.000672742834366444,0.06749050956303707,-0.11088441781888053,-3.04603581794214e-08,0.0,0.0,9.586311482940756,481,242.97,-0.1537982831682082,0.01,-0.012732824468874047,-0.19134190998285072,0.0,-0.004359854371993353,4119,0.2868615,-0.4398493191364398,0.0,0.0,-0.15009970479988574,1.4687091741639937,0.0,-0.18879045589424567,-0.001064372042904892,-0.013342824393742877,-0.44846542708348924,-0.03564948547556182,-0.5,2152,-0.027153806861661835,0.584021855,0.0,-0.008898335880884487,-34.07752227783203,0.9969189763069153,0.9000494018197059,0.2,0.15946736931800842,0.27174072265625,14739,0.00026557661999999997,0.027871853,-0.006544861459406093,1.0020700693130493
-0.0019807779107977735,0.22463552144477153,-0.21586460375442063,-0.08022628411457891,-87.45719839999998,68883624,68.04074499999999,0.0,78.62243250567003,-0.006933593750000066,0.0011235891078184876,0.0709580554107641,-0.11090413657803509,-3.183539967102832e-08,0.0,0.0,9.397864346236487,482,242.23,-0.15341110616781084,0.01,-0.012702950800749966,-0.1890211761594918,0.0,-0.0036360483616037003,4119,0.2869383,-0.44243935481848445,0.0,0.0,-0.15145473731495876,1.4675331040704287,0.0,-0.1879575827034376,-0.0010040283098421174,-0.013467656559130846,-0.4495935884999931,-0.03507501913526814,-0.5,2156,-0.026696864394725163,0.584004191,0.0,-0.008476245288167976,-34.07826538085938,0.9988489747047424,0.297047021985054,0.2,-0.24267026782035828,0.2555908203125,14743,0.000265567404,0.028228376,-0.014005070924758911,1.0024007558822632
-0.0019831590511353962,0.2327499232391512,-0.21695854112480925,-0.07948015505316693,-86.97648636999999,68902056,68.052265,0.0,81.46247313370291,-0.006966145833333399,0.0006011281608759115,0.06669410679536773,-0.11097389355783542,-3.1314175915550837e-08,0.0,0.0,10.052159734812356,483,241.38,-0.15847552345550595,0.01,-0.012695623349626097,-0.18963086153007913,0.0,-0.0029653201584143685,4119,0.2870151,-0.4464089329218111,0.0,0.0,-0.15211798152723316,1.461981698128132,0.0,-0.18903547667072257,-0.001235063173904382,-0.012760233287402487,-0.45304871251313167,-0.03537274426935048,-0.5,2161,-0.02699339898108547,0.583986527,0.0,-0.008280661823745403,-34.07998085021973,0.994033932685852,1.169038799405098,0.2,0.19211691617965698,0.3111328125,14747,0.000265558188,0.026608532,-0.0038796926965005696,1.0021008253097534
-0.002017464513966556,0.224021067836036,-0.21337162502337254,-0.0791534513543895,-88.66874818000001,68920488,68.063785,0.0,78.4073737426126,-0.00733506944444449,0.001170789134145404,0.07083144328525602,-0.11074298176000484,-3.170182305556416e-08,0.0,0.0,9.103646622055148,484,241.45,-0.16668829873566668,0.01,-0.012972208000045414,-0.18494570603047558,0.0,-0.0036776718866983926,4119,0.2870919,-0.44772798901546085,0.0,0.0,-0.15481440133401927,1.4290156793404103,0.0,-0.19216777506461835,-0.0010341452996442452,-0.013240167726357914,-0.4635375018354339,-0.03584454842212989,-0.5,2165,-0.026431879844299587,0.583968863,0.0,-0.009405740981391218,-34.07500381469727,0.9983843564987183,0.37653397023677826,0.2,-0.24239392578601837,0.22117919921875,14751,0.000265548972,0.024510805,-0.016430370055604725,1.0019333362579346
-0.0020042430485486557,0.22956427916340674,-0.20799293519454398,-0.07774119514621809,-87.58306266,68938920,68.075305,0.0,80.34749770719236,-0.007128906250000056,0.0010986318844111843,0.07027096259137446,-0.11093662701686056,-3.099915776777065e-08,0.0,0.0,9.856433927973413,485,243.73,-0.1595221781994028,0.01,-0.012753685523076024,-0.18381026474307674,0.0,-0.0034218880327173424,4119,0.2871687,-0.4441335616273243,0.0,0.0,-0.15258675493387874,1.4425536371188579,0.0,-0.19011229996681178,-0.0012236707154337444,-0.013123999141906238,-0.45826742897574146,-0.035723956282609964,-0.5,2169,-0.025883344441359694,0.583951199,0.0,-0.00932151174735433,-34.07233448028565,0.992640495300293,1.0501202940940857,0.2,-0.08466842770576477,0.2674072265625,14755,0.000265539756,0.021678763,-0.00480541919823736,1.0015528202056885
-0.001995135377762169,0.23013199470151,-0.20831145747299912,-0.07676756488760338,-88.55342189,68957352,68.086825,0.0,80.54619814552849,-0.007204861111111169,0.001343315205303952,0.06784776843920193,-0.11084717759296668,-3.0689412131516784e-08,0.0,0.0,9.763148105005069,486,244.29,-0.16893563206117754,0.01,-0.012786312822486653,-0.18128739436372043,0.0,-0.0048432824308582804,4119,0.2872455,-0.43783719088619466,0.0,0.0,-0.15359040884135378,1.4234723784623733,0.0,-0.19092524225202773,-0.0009626918650352544,-0.013085555186696003,-0.4610564373991639,-0.035233322599212774,-0.5,2174,-0.025662203535379808,0.583933535,0.0,-0.010340118318304626,-34.07494277954102,0.9985848665237427,0.3343240566551685,0.2,-0.261181503534317,0.2222900390625,14759,0.00026553054,0.024327021,-0.01478706554044038,1.0018987655639648
-0.0020132807852266325,0.23008030879608604,-0.207617784388284,-0.07672502286925653,-87.81654949000003,68975784,68.098345,0.0,80.52810807863011,-0.006922743055555621,0.001185437832545075,0.06978391245173725,-0.11076999631641113,-2.9306605523583936e-08,0.0,0.0,9.779591173149225,487,244.9,-0.1636402278761594,0.01,-0.012727447471789312,-0.17869648860473186,0.0,-0.004833533800231563,4119,0.2873223,-0.4419952799759062,0.0,0.0,-0.15040983640777278,1.4338870591484902,0.0,-0.18894670127812724,-0.0012702899983370263,-0.01313272124412375,-0.45398283982344967,-0.03603804726113529,-0.5,2178,-0.02551000285770815,0.583915871,0.0,-0.010074818563427672,-34.07283306121826,0.9932143688201904,1.4806386798620224,0.2,0.01707524061203003,0.2576171875,14763,0.00026552132399999996,0.02705611,-0.004544163204263896,1.0014963150024414
-0.0019905459972658296,0.2235315562407504,-0.20596761062238358,-0.07915378186914014,-88.09067957,68994216,68.109865,0.0,78.23604468426264,-0.007063802083333393,0.0010785582384818958,0.06995338279992827,-0.11073761381606922,-3.0646812819544706e-08,0.0,0.0,9.3021564534969,488,245.17,-0.15761025864658224,0.01,-0.012648758478678888,-0.1842172615898151,0.0,-0.0038666303371695404,4120,0.2873991,-0.4409167795386783,0.0,0.0,-0.15053277031970902,1.4252989880595996,0.0,-0.18720340251848708,-0.0012549762256253121,-0.01339541246359189,-0.45156893081018507,-0.03580443223178302,-0.5,2183,-0.025526174024275747,0.5838982070000001,0.0,-0.009445616993212348,-34.07287731170654,0.9964259266853333,0.9264711558818817,0.2,-0.11764064431190491,0.21962890625,14767,0.000265512108,0.02515692,-0.010274111828766763,1.002063512802124
-0.001993862585963902,0.22204144866125897,-0.2070726158251751,-0.07692014345530906,-87.82843418,69012648,68.121385,0.0,77.71450703144063,-0.006879340277777846,0.0011447478318586946,0.06865895611403433,-0.11059017597949963,-2.9358531101536345e-08,0.0,0.0,8.93646466762823,489,245.49,-0.1587468454333348,0.01,-0.012628367754705388,-0.18219407708693514,0.0,-0.005573214694666566,4116,0.2874759,-0.4375327911806515,0.0,0.0,-0.14846169617209332,1.4445055760649794,0.0,-0.18401638927371822,-0.0007913645817512042,-0.013125907204379846,-0.4484892213350606,-0.03600398846056383,-0.5,2189,-0.025594092537375938,0.583880543,0.0,-0.009930640856813019,-34.07969951629639,0.9992658495903015,0.1754400059580803,0.2,-0.283367782831192,0.26881103515625,14771,0.000265502892,0.031224549,-0.01486201152438298,1.0021576881408691
-0.001980371323266158,0.23193106830463728,-0.20799359067778517,-0.07625052166193863,-87.42994042000001,69031080,68.132905,0.0,81.17587390662305,-0.006966145833333399,0.0011404077199080752,0.06756485415837911,-0.11062812877030272,-2.9695828747154437e-08,0.0,0.0,9.892174724201363,490,244.72,-0.15866299412147028,0.01,-0.012699664407075867,-0.18240885720598665,0.0,-0.005118889680789995,4116,0.2875527,-0.4391244847066283,0.0,0.0,-0.1509234664858731,1.4348175783769794,0.0,-0.18120684388223193,-0.001143256710794698,-0.013265766509046944,-0.4510097002664966,-0.03628586168679428,-0.5,2193,-0.02551472824828901,0.583862879,0.0,-0.009008334959313894,-34.077081489562985,0.9994924068450928,0.1362406987696886,0.2,-0.3098737597465515,0.276513671875,14775,0.000265493676,0.03044952,-0.018499660200905054,1.0022945404052734
-0.0020163898686036004,0.22003121658717537,-0.2117566071592115,-0.07860532356721386,-88.12500802000001,69049512,68.144425,0.0,77.01092580551138,-0.007411024305555599,0.0012217876178005503,0.07000309304235762,-0.11065616450813426,-3.1203134899515083e-08,0.0,0.0,9.044244610558481,491,241.49,-0.16365208513004575,0.01,-0.012871633980948632,-0.18478383258590816,0.0,-0.0044284577538935,4116,0.2876295,-0.448366139992792,0.0,0.0,-0.15215374201688361,1.4353320628292554,0.0,-0.19128954556044978,-0.000803392406128723,-0.01416371601490296,-0.46551446424679,-0.03645555395262608,-0.5,2198,-0.025886009677959274,0.583845215,0.0,-0.008980530993236849,-34.07147388458252,0.9995844960212708,0.11654224805533886,0.2,-0.3133023679256439,0.29031982421875,14779,0.00026548446,0.028401786,-0.015325989210396074,1.0015182495117188
-0.002037696028017604,0.2223110012576971,-0.2181821436670487,-0.08027124842399042,-87.73553437000002,69067944,68.155945,0.0,77.80885044019398,-0.006933593750000068,0.0008018659945163461,0.06823703472066528,-0.11079128970409072,-3.207576493770985e-08,0.0,0.0,9.054726945518746,492,240.0,-0.16044111856189364,0.01,-0.01303849363440488,-0.19138292519995379,0.0,-0.00346827416818318,4117,0.2877063,-0.4517098554499122,0.0,0.0,-0.15471802082823174,1.4487591344510662,0.0,-0.19277546486128727,-0.0009735165852082338,-0.01337784052667514,-0.4693370261869021,-0.03628006893203942,-0.5,2202,-0.02681901494935755,0.583827551,0.0,-0.008530227221652038,-34.06087779998779,0.9896260499954224,2.361092561483383,0.2,0.6325297355651855,0.30601806640625,14783,0.000265475244,0.02841095,-0.004268686880823225,1.0008609294891357
-0.002004318937572325,0.2194598246707404,-0.21036257798780794,-0.07985140897000013,-87.19607416000001,69086376,68.16746499999999,0.0,76.81093863475914,-0.006955295138888956,0.0006901038707130485,0.06966287864778545,-0.11087417916076364,-3.0363410929021485e-08,0.0,0.0,8.797491905424796,493,240.36,-0.15689111122125127,0.01,-0.012798918291172738,-0.18779476327401376,0.0,-0.0036677085855256236,4117,0.2877831,-0.45156784761131175,0.0,0.0,-0.15126604678344677,1.44947407646189,0.0,-0.18467467151203448,-0.001409601799089923,-0.014456321292053423,-0.45413809536990357,-0.036030892605447846,-0.5,2207,-0.026124967722736845,0.583809887,0.0,-0.008743036240856681,-34.06171913146973,0.9952273964881897,1.0583858072757721,0.2,-0.11553171277046204,0.14166259765625,14787,0.00026546602799999995,0.016366089,-0.009615139930974691,1.0010099411010742
-0.0019942973272514073,0.22909432793707246,-0.2090773970673629,-0.07736712943279593,-87.57600456000002,69104808,68.178985,0.0,80.18301477797536,-0.006803385416666732,0.000791557747611983,0.06999628885596423,-0.11079348535009982,-2.8973912218615882e-08,0.0,0.0,9.663130771792911,494,242.61,-0.1590910298723946,0.01,-0.01265842348641318,-0.18593088280694112,0.0,-0.003968736617673105,4117,0.2878599,-0.4429999633944146,0.0,0.0,-0.15046018442297132,1.448468226464791,0.0,-0.18362347706353999,-0.0008580289080153448,-0.013805575306334618,-0.4576130372106248,-0.03600250578316337,-0.5,2211,-0.02576970767400263,0.583792223,0.0,-0.009271192416134808,-34.063988876342776,0.9926245212554932,1.4105900257825852,0.2,-0.07716047763824463,0.12803955078125,14791,0.00026545681199999997,0.0136503205,-0.005854851345065981,1.0009055137634277
-0.002016064639857228,0.21950205599204659,-0.20770224974892845,-0.07881886224149083,-87.06897355,69123240,68.190505,0.0,76.8257195972163,-0.006749131944444508,0.0009391272388812569,0.06943950145373273,-0.11058165391659726,-3.1695049229822425e-08,0.0,0.0,9.060191711756271,495,241.05,-0.15789341946582874,0.01,-0.012864734920491162,-0.18518274668600734,0.0,-0.0036351677957395722,4117,0.2879367,-0.4437615817045898,0.0,0.0,-0.15263792468665133,1.4465041889237698,0.0,-0.18823342955314495,-0.001146511888372492,-0.014138198270769155,-0.45385041750791655,-0.03614786392557376,-0.5,2215,-0.026027214991392017,0.583774559,0.0,-0.00925057491824393,-34.068518829345706,0.9987381100654602,0.315963551402092,0.2,-0.22508791089057922,0.247314453125,14795,0.000265447596,0.03223475,-0.014532023516949266,1.0015814304351807
-0.0020730958646950366,0.22061161653654315,-0.20122515252317394,-0.07540790465213137,-88.24777414999998,69141672,68.20202499999999,0.0,77.2140657877901,-0.007378472222222267,0.0009678813900488118,0.06765949351853758,-0.11055561465869285,-3.0780109115279967e-08,0.0,0.0,8.964391099840594,496,240.85,-0.16803753892880682,0.01,-0.013067177940790676,-0.18516091676463464,0.0,-0.005462642723158073,4117,0.2880135,-0.4563423831710305,0.0,0.0,-0.15321524467139402,1.3955441242194784,0.0,-0.19528428144203386,-0.0014202102559147608,-0.015203100926294094,-0.4807784619792289,-0.036808869675656976,-0.5,2220,-0.024847803820261926,0.583756895,0.0,-0.00939122810086701,-34.058520793914795,0.9957320094108582,1.12382360547781,0.2,0.10774058103561401,0.265228271484375,14797,0.00026543838,0.042781252,0.0026086699217557907,1.0005414485931396
-0.002026447907382102,0.22661025762091458,-0.20204579174903287,-0.0766679378513996,-87.99799016000001,69160104,68.21354500000001,0.0,79.3135901673201,-0.006922743055555623,0.0006955292127612564,0.0698785603834094,-0.11072843408205123,-3.154659244041531e-08,0.0,0.0,9.390402753700666,497,242.19,-0.16221412069958352,0.01,-0.012954831507958415,-0.18279533144694082,0.0,-0.0044412694537366345,4117,0.2880903,-0.4474291556770578,0.0,0.0,-0.15287275230141334,1.4249919792845969,0.0,-0.19025989434675375,-0.0013171630771016542,-0.014679316452471499,-0.4670091848144865,-0.03616676491735002,-0.5,2224,-0.02506901980960394,0.583739231,0.0,-0.009287061727566956,-34.06967048645019,0.9928160309791565,2.0057329654693605,0.2,0.1993848979473114,0.25908203125,14801,0.000265429164,0.031392463,-0.005752626853063702,1.001563310623169
-0.001999110010622879,0.22256795598080278,-0.21145855069117026,-0.07989098022326141,-87.56317784999999,69178536,68.225065,0.0,77.89878459328098,-0.006825086805555622,0.0006157766458474927,0.06853019806197153,-0.11075317937244912,-2.8832620117071056e-08,0.0,0.0,9.16907976760883,498,240.41,-0.15162168384166513,0.01,-0.01272035094071838,-0.1909835189740305,0.0,-0.003428100458950518,4117,0.2881671,-0.43695968386480655,0.0,0.0,-0.14884802915664788,1.4906840100540568,0.0,-0.18602835350550123,-0.0016731216881951164,-0.014375419041475839,-0.44496878441726234,-0.0358836249362738,-0.5,2229,-0.02667696890946515,0.583721567,0.0,-0.00852127505802653,-34.0669548034668,0.9941946268081665,1.4106868892908095,0.2,-0.10308992862701416,0.182568359375,14805,0.000265419948,0.019209329,-0.008675807155668736,1.0011683702468872
-0.002050756190747189,0.22865535447430807,-0.20789005776056935,-0.08039373563092611,-87.12547506999998,69196968,68.23658499999999,0.0,80.02937406600782,-0.006998697916666733,0.00043131493859820895,0.06620949627003994,-0.11074193989613086,-3.17027334385595e-08,0.0,0.0,9.543063757515833,499,240.85,-0.154420223855508,0.01,-0.013020684042720714,-0.19081996043762872,0.0,-0.003869774507508045,4118,0.2882439,-0.4529483471877626,0.0,0.0,-0.1533153454710787,1.4324124069229813,0.0,-0.1938857415408516,-0.0012260258829336684,-0.014932402790107359,-0.466829615568529,-0.03615399141329118,-0.5,2233,-0.0261056855367648,0.583703903,0.0,-0.008914069338869821,-34.06816635131836,0.997835099697113,0.4236408621072769,0.2,-0.23460440337657928,0.14295654296875,14809,0.000265410732,0.016877178,-0.010996815282851458,1.001427173614502
-0.0020495379806987246,0.21987189694406978,-0.20339407968449702,-0.07725843115202201,-87.47582995,69215400,68.248105,0.0,76.95516393042442,-0.006759982638888955,0.0006673173306302892,0.06779787138412147,-0.11089230905946636,-3.015525668166033e-08,0.0,0.0,8.921014822168562,500,244.12,-0.1643316009314471,0.01,-0.013018877112851547,-0.1823115572705154,0.0,-0.004867007881062949,4118,0.2883207,-0.44673174900218204,0.0,0.0,-0.15265917424516792,1.4229092129231182,0.0,-0.19117637736692597,-0.0013151156809133588,-0.014787415810435753,-0.46126358502832215,-0.03658236357666909,-0.5,2237,-0.024987574825238546,0.583686239,0.0,-0.010108862625202164,-34.077664375305176,0.9979827404022217,0.4997578650712967,0.2,-0.15989893674850464,0.240771484375,14813,0.00026540151599999996,0.028202925,-0.013301464077085257,1.002192497253418
-0.0020301361780687126,0.22321619160477296,-0.20310227283243168,-0.07683030348658518,-87.93682088999998,69233832,68.259625,0.0,78.12566706167054,-0.006922743055555622,0.0007861324637714359,0.06881677475782405,-0.11082562419231287,-2.9577228420016607e-08,0.0,0.0,9.100697381146862,501,244.69,-0.1586932031184709,0.01,-0.012791653294554884,-0.1845661641359978,0.0,-0.00553729201603988,4118,0.2883975,-0.43730641223893657,0.0,0.0,-0.14927891105678848,1.4295811449903022,0.0,-0.18990533413050037,-0.0015908404679865458,-0.015387268270160312,-0.4504983718192103,-0.03621531276542774,-0.5,2242,-0.02529036287283333,0.583668575,0.0,-0.009648659428219415,-34.078898429870605,0.998333215713501,0.3570721477270126,0.2,-0.22446614503860474,0.25482177734375,14817,0.0002653923,0.026563117,-0.013361698109656572,1.002231240272522
-0.0020392913194916488,0.22529990737401584,-0.20998922970844008,-0.07780709717495234,-87.90914674,69252264,68.271145,0.0,78.85496758090554,-0.006608072916666727,0.00029079855367955234,0.06669837437045946,-0.1109114791654657,-3.075824912712911e-08,0.0,0.0,9.452248780982812,502,242.7,-0.15975366562884805,0.01,-0.012894396869904097,-0.18644495354720203,0.0,-0.0052757137982784655,4118,0.2884743,-0.4457316711442826,0.0,0.0,-0.15207055011191226,1.4491068083765721,0.0,-0.19129747422489593,-0.001077794565598427,-0.014505450615630324,-0.45813595724402956,-0.03616663771037569,-0.5,2246,-0.025984985802637056,0.583650911,0.0,-0.009539745393946456,-34.079989433288574,0.9992201924324036,0.21232015639543533,0.2,-0.2777444124221802,0.27314453125,14821,0.000265383084,0.028853765,-0.015072379214689135,1.0023741722106934
-0.0020090657903449045,0.2234311020108835,-0.21271030378584144,-0.07949977213016242,-87.69397479,69270696,68.28266500000001,0.0,78.20088570380923,-0.0066731770833333955,0.0005533851670204765,0.06638435121986963,-0.11058054575436646,-2.863533604152952e-08,0.0,0.0,9.253990247938068,503,242.79,-0.16307749101688182,0.01,-0.012823340672159284,-0.1874713495841678,0.0,-0.004459614333413248,4118,0.2885511,-0.4413728091524369,0.0,0.0,-0.15186634303291838,1.453528997041782,0.0,-0.19213305833113087,-0.0017931084331463518,-0.015495312140734309,-0.4557126548818719,-0.03618254022322634,-0.5,2251,-0.026638629189050377,0.583633247,0.0,-0.010938802417108996,-34.062403202056885,0.9931464791297913,1.8957651555538177,0.2,0.06394362449645996,0.22076416015625,14823,0.000265373868,0.039384678,0.0010141386883333325,1.0007188320159912
-0.0020912567646964053,0.2271708736533389,-0.21384238134926387,-0.07879886143427833,-87.12747053999999,69289128,68.294185,0.0,79.50980577866862,-0.006857638888888952,0.0004644094054431965,0.07056207363184663,-0.11077888782559905,-3.111981314533419e-08,0.0,0.0,9.617487534679292,504,241.85,-0.16057734138245772,0.01,-0.013311473326390075,-0.18899367393896316,0.0,-0.003891884662069207,4118,0.2886279,-0.45086263065587695,0.0,0.0,-0.15627894454534264,1.4452071157539945,0.0,-0.19628484890120915,-0.0015081169678950923,-0.015749808819343854,-0.4739604697703768,-0.0365590994892199,-0.5,2255,-0.025926071438902663,0.583615583,0.0,-0.008710483881360333,-34.07494964599609,0.9990996718406677,0.2494405098259449,0.2,-0.3026212155818939,0.24918212890625,14827,0.000265364652,0.024449885,-0.013361154624726623,1.001891851425171
-0.0020321671705557398,0.22416850333393692,-0.22186770831708916,-0.08251821050192837,-87.29258145,69307560,68.30570499999999,0.0,78.45897616687792,-0.006987847222222288,0.0004264321307548218,0.06949863864233076,-0.11068263324709743,-2.9644150457929674e-08,0.0,0.0,9.369323670825956,505,238.5,-0.15650131216317542,0.01,-0.013064065741884226,-0.19511744481736534,0.0,-0.0034637369914529235,4118,0.2887047,-0.4436819150233753,0.0,0.0,-0.15484942916598982,1.4899469236996887,0.0,-0.1918694906696361,-0.001804045597088919,-0.015583466823012445,-0.46301908176774315,-0.03649965050797455,-0.5,2259,-0.027757566297899685,0.583597919,0.0,-0.008511103173886012,-34.077066802978514,0.9988888502120972,0.31228192448616027,0.2,-0.20812007784843445,0.265625,14831,0.000265355436,0.02337954,-0.0116609713062644,1.0020461082458496
-0.0020632772793342797,0.21969687341255995,-0.22332382301571155,-0.08271068780146774,-86.48000376999998,69325992,68.31722500000001,0.0,76.89390569439598,-0.007161458333333388,0.0007752816535584214,0.06996903035487766,-0.1107990455522296,-3.083480889885507e-08,0.0,0.0,8.930835080078595,506,238.51,-0.1577255528530045,0.01,-0.013263113243947581,-0.19917301729052883,0.0,-0.002051374321369504,4119,0.2887815,-0.45640691190163263,0.0,0.0,-0.15647969067569367,1.4948394016313662,0.0,-0.1910224815867032,-0.001001196375713301,-0.015139914353958691,-0.4826092462880465,-0.03688173552688299,-0.5,2264,-0.02807735130309591,0.583580255,0.0,-0.007913366854255501,-34.07504787445068,0.9916796088218689,1.920551782846451,0.2,0.04192677140235901,0.28328857421875,14835,0.00026534622,0.03181564,-0.003610735759139061,1.0016632080078125
-0.0020633485913356554,0.23184759486232087,-0.21244397919575078,-0.0795825751902957,-87.79159755,69344424,68.328745,0.0,81.1466582018123,-0.007226562500000057,0.0005360241274401131,0.07002093872269635,-0.11072610283739423,-2.948716861160027e-08,0.0,0.0,9.975282323675389,507,236.88,-0.15774353372724817,0.01,-0.01314456484084029,-0.18823553872376558,0.0,-0.003352652853149809,4119,0.2888583,-0.45401648429517255,0.0,0.0,-0.155612157962218,1.4386984345137135,0.0,-0.19341019477993238,-0.0015798114287950435,-0.015953534799452617,-0.4672227102239525,-0.036572236774102936,-0.5,2268,-0.026041047467194114,0.583562591,0.0,-0.009038309165690508,-34.07702198028564,0.9987903833389282,0.2932708576321602,0.2,-0.22446222603321075,0.23892822265625,14839,0.00026533700399999997,0.02872456,-0.01770133201498538,1.0021886825561523
-0.002072222837189092,0.22702226751171797,-0.214196565593466,-0.0800068889126041,-87.23659076,69362856,68.340265,0.0,79.45779362910129,-0.007324218750000046,0.0007535802433267236,0.06907464970822877,-0.1107648465724309,-3.0804192298661836e-08,0.0,0.0,9.555101701101052,508,239.81,-0.16477337904094067,0.01,-0.013175119839327794,-0.18993676255141292,0.0,-0.002968818178775461,4119,0.2889351,-0.44795016122572257,0.0,0.0,-0.15646852376322504,1.472201357290241,0.0,-0.1979729237602526,-0.0014843796348788692,-0.015413367977020568,-0.4841435375312012,-0.036464721827425856,-0.5,2272,-0.02672595132215695,0.583544927,0.0,-0.009069368910988689,-34.06535530090332,0.9843884110450745,3.873230536778768,0.2,1.1430315971374512,0.26416015625,14842,0.000265327788,0.0451546,0.001116486460280915,1.0008524656295776
-0.0020455533728981155,0.23182768123167202,-0.2191096620865589,-0.08423649551521467,-87.3266645,69381288,68.351785,0.0,81.1396884310852,-0.006792534722222286,0.0003396263928152621,0.06649640985316935,-0.11069013876509516,-3.046021162583935e-08,0.0,0.0,10.104224409403802,509,239.93,-0.15413473649761772,0.01,-0.013068731462655369,-0.19424562318922922,0.0,-0.0025821203217205237,4119,0.2890119,-0.44720707782193664,0.0,0.0,-0.1543176428325147,1.4820026301403915,0.0,-0.19668311180141262,-0.0018641959468937892,-0.016401248690328857,-0.4720831200062918,-0.035900138850591214,-0.5,2277,-0.027479388199797578,0.583527263,0.0,-0.007975622617070459,-34.063079261779784,0.9912980198860168,1.222238540649414,0.2,-0.06049105525016785,0.06409912109375,14846,0.000265318572,0.0104994485,-0.008126579690724611,1.000831127166748
-0.002068044224698859,0.2207979302949017,-0.21338261542168113,-0.07850355281345982,-87.98009452999999,69399720,68.363305,0.0,77.2792756032156,-0.0071397569444445,0.0005474170644043221,0.06436693174639521,-0.11058559459271478,-2.9529446769875726e-08,0.0,0.0,8.947366396487237,510,240.31,-0.16725723716690147,0.01,-0.01317662242924255,-0.18594504842218387,0.0,-0.004960294051326727,4119,0.2890887,-0.4536541992337066,0.0,0.0,-0.1578520582938226,1.4437726581575114,0.0,-0.195992634568212,-0.0014977396091823358,-0.015501536539771781,-0.4817177800261361,-0.03683022172220369,-0.5,2281,-0.026594612778089347,0.583509599,0.0,-0.009705353727137359,-34.06196403503418,0.9976856708526611,0.4423772245645523,0.2,-0.2121819704771042,0.19136962890625,14850,0.000265309356,0.02328164,-0.01736476256046444,1.000792145729065
-0.001994360393969259,0.2201712237655478,-0.20883854168835228,-0.07918065605486262,-88.39039735,69418152,68.374825,0.0,77.05992831794173,-0.006955295138888956,0.0006304250111699932,0.06532720681469775,-0.11072154096655352,-2.9086233703843184e-08,0.0,0.0,8.910367432085167,511,241.48,-0.15320782175082445,0.01,-0.012697268619261105,-0.1859993917734612,0.0,-0.005831572167919727,4119,0.2891655,-0.4328263948885193,0.0,0.0,-0.14997865130300517,1.454480637979942,0.0,-0.18917622178447566,-0.00230182521956413,-0.015635945996651468,-0.4536159268829739,-0.03614710091969506,-0.5,2286,-0.026270911806249807,0.583491935,0.0,-0.009664122189860791,-34.06380023956299,0.9876097440719604,2.7344603896141053,0.2,0.041523635387420654,0.28765869140625,14854,0.00026530014,0.029808814,-0.0037794966832734645,1.0008985996246338
-0.0020100810379787,0.220716904394524,-0.2147477130196951,-0.08013443614599897,-88.05683444,69436584,68.386345,0.0,77.2509165380834,-0.007378472222222265,0.0010677075446842031,0.07040057081749705,-0.11083254524549653,-2.9212838148481464e-08,0.0,0.0,8.99102693430021,512,244.42,-0.1604157463754098,0.01,-0.012818158403494703,-0.19229489753332707,0.0,-0.004169858466816186,4120,0.2892423,-0.4488666594244568,0.0,0.0,-0.15309031170644558,1.4551647151784572,0.0,-0.190312608650555,-0.0017009503617585607,-0.016877942359148843,-0.47160592964169534,-0.03630754272435176,-0.5,2290,-0.026862897933120317,0.583474271,0.0,-0.00869922691264138,-34.065992736816405,0.9952210783958435,1.0370432257652282,0.2,-0.03809019923210144,0.147412109375,14858,0.000265290924,0.016170088,-0.010985538247041404,1.0010426044464111
-0.002041829315619374,0.22191406690068805,-0.21632717419714634,-0.08201479675276713,-87.97277632000001,69455016,68.397865,0.0,77.66992341524082,-0.006966145833333397,0.0005067270701854593,0.0655999967846321,-0.11065113155722633,-3.019547514824096e-08,0.0,0.0,9.057815960097734,513,240.87,-0.15407434833543315,0.01,-0.012992578477310824,-0.19365533781604174,0.0,-0.003828257492465027,4120,0.2893191,-0.45019362585113154,0.0,0.0,-0.1535001330092634,1.4729466356431427,0.0,-0.19189951387998946,-0.0020659982942810707,-0.0161054361873928,-0.4646327673921321,-0.036060161181818484,-0.5,2294,-0.027521282679528337,0.583456607,0.0,-0.008812614571070299,-34.074845504760745,0.9984452724456787,0.31092851236462593,0.2,-0.23762992024421692,0.20206298828125,14862,0.00026528170799999996,0.022243138,-0.017544623673893513,1.0020265579223633
-0.0020227913718172895,0.22337363351107156,-0.20867455385320324,-0.07894716025339701,-87.26783315000003,69473448,68.409385,0.0,78.18077172887504,-0.00682508680555562,0.0006212018197402358,0.06710331771917342,-0.11084317210609315,-2.8171829678977823e-08,0.0,0.0,9.288963199402252,514,242.75,-0.15702752557432637,0.01,-0.01279351093226686,-0.18938631091619698,0.0,-0.004594613920703424,4120,0.2893959,-0.4423524094818826,0.0,0.0,-0.15146490422067257,1.4519987384487025,0.0,-0.1909265355486524,-0.0011748569088983118,-0.01589533432549347,-0.4624538012670909,-0.03598467859411491,-0.5,2299,-0.026059621984199973,0.583438943,0.0,-0.009204053370113898,-34.07397975921631,0.9949798583984375,0.6671880915760994,0.2,-0.19567260146141052,0.2328125,14866,0.000265272492,0.019125689,-0.004980845795944333,1.0016453266143799
-0.0020058903644605583,0.22715657139942036,-0.2129112608006814,-0.08099434627302865,-87.49143502999999,69491880,68.420905,0.0,79.50479998979712,-0.006640625000000063,0.0008794480559623076,0.06854302626341385,-0.11070251384492477,-2.9539389191416303e-08,0.0,0.0,9.436839034948965,515,242.85,-0.15327359489912887,0.01,-0.012707634692389462,-0.19163090145790035,0.0,-0.0033530165505167705,4120,0.2894727,-0.43486568949099336,0.0,0.0,-0.15064032290301832,1.4664167559667889,0.0,-0.19088128104115654,-0.001642732385080619,-0.014880630378457787,-0.4561114896211634,-0.035446875555272296,-0.5,2303,-0.02685859205403833,0.583421279,0.0,-0.009175840939860791,-34.07517681121826,0.9990589022636414,0.2116445295512676,0.2,-0.28861677646636963,0.1947509765625,14870,0.000265263276,0.02313319,-0.016314079379662873,1.0020685195922852
-0.002029675549697434,0.22179110945196842,-0.21608662308544468,-0.08054763969645916,-87.56897985999998,69510312,68.432425,0.0,77.62688830818895,-0.007009548611111174,0.0006038407316534884,0.0669586541879343,-0.11068270136131517,-2.969659653365922e-08,0.0,0.0,9.042786562433525,516,243.23,-0.16025201433481623,0.01,-0.012876080726395131,-0.19453758641335248,0.0,-0.0042808436661526976,4117,0.2895495,-0.44909213709119045,0.0,0.0,-0.153012224320663,1.4658512259562615,0.0,-0.19290172433941893,-0.0014380093526221616,-0.015040798658670458,-0.46690790689331607,-0.03637336958153782,-0.5,2309,-0.027404878183159242,0.583403615,0.0,-0.009242979463629631,-34.08336925506592,0.998968780040741,0.2413622185587883,0.2,-0.26293155550956726,0.27769775390625,14874,0.00026525406,0.03018343,-0.016533889528363942,1.0025155544281006
-0.0020306202498955937,0.22425843327158707,-0.2063107861652841,-0.07772972176599806,-87.46952003,69528744,68.443945,0.0,78.49045164505547,-0.007009548611111174,0.0008588320860225293,0.06823456418380909,-0.11048218052042637,-3.061579492340178e-08,0.0,0.0,9.45271484735868,517,242.24,-0.1563935584551711,0.01,-0.012775233861006841,-0.18536341829542424,0.0,-0.0046000825928666006,4117,0.2896263,-0.4403061851796817,0.0,0.0,-0.15216282976905857,1.4323712948917824,0.0,-0.19494883731935056,-0.001161487310550137,-0.014835999304971167,-0.45741757342904166,-0.036480046677569336,-0.5,2314,-0.025463777000176973,0.583385951,0.0,-0.009495122484319532,-34.07970848083496,0.9991723299026489,0.19945335015654564,0.2,-0.28033000230789185,0.26165771484375,14878,0.000265244844,0.029186064,-0.014393097325228154,1.0022244453430176
-0.002016216289192085,0.22238576433253956,-0.2077380776833868,-0.07775788603160114,-87.62797603000001,69547176,68.455465,0.0,77.83501751638885,-0.006727430555555618,0.0003184676817100909,0.06727068773791828,-0.1107057534558053,-2.8876113027048726e-08,0.0,0.0,9.152224681330097,518,243.47,-0.1587113307866128,0.01,-0.012798396644740355,-0.1846871247195338,0.0,-0.005315875522703248,4117,0.2897031,-0.4401513066739904,0.0,0.0,-0.15253718121894774,1.4489870185498233,0.0,-0.19241800370234657,-0.001422143724998313,-0.014616256057077651,-0.45863690402386836,-0.036039147505256774,-0.5,2318,-0.025985296244824332,0.583368287,0.0,-0.009654083945659094,-34.074699020385744,0.9991441965103149,0.23614185750484468,0.2,-0.22560347616672516,0.28551025390625,14882,0.000265235628,0.03009938,-0.011419691424816848,1.0020520687103271
-0.0019979208248253107,0.22333931367636053,-0.2067591499913011,-0.07757943963645915,-87.59618866000001,69565608,68.466985,0.0,78.16875978672618,-0.006651475694444507,0.000675997871439904,0.06963518333707758,-0.11063945510620427,-2.939760870277822e-08,0.0,0.0,9.21007770991054,519,244.06,-0.15752833377381187,0.01,-0.012645561374687026,-0.1843250737961507,0.0,-0.004656927895069019,4117,0.2897799,-0.4335205515335049,0.0,0.0,-0.15104205583835753,1.442265515553886,0.0,-0.19040558093343193,-0.001416288871562097,-0.014895359765723034,-0.4572029998465581,-0.03595111946403407,-0.5,2323,-0.02576694983222778,0.5833506230000001,0.0,-0.009425813296628702,-34.078264236450195,0.9992910623550415,0.19790804013609886,0.2,-0.2684723734855652,0.27535400390625,14886,0.000265226412,0.029320067,-0.016165907448157667,1.0021923780441284
-0.0020208610926949755,0.2298417738258728,-0.21194184531023805,-0.07911354073712293,-87.92681818000001,69584040,68.47850500000001,0.0,80.44462083905549,-0.006911892361111178,0.0002229815711163812,0.06775106230976786,-0.1107297352180276,-2.9577058508258695e-08,0.0,0.0,9.644734017480511,520,242.5,-0.15885873169312287,0.01,-0.01292164410799904,-0.1892701147029503,0.0,-0.005318759057896994,4117,0.2898567,-0.4438208003922135,0.0,0.0,-0.15510446872519917,1.4469470697747224,0.0,-0.1928817269914949,-0.0012361020493281934,-0.014847120798388057,-0.46130406524624185,-0.036303937799787106,-0.5,2327,-0.026340031176107934,0.583332959,0.0,-0.00976191330442412,-34.0768798828125,0.9995222687721252,0.13224645815789698,0.2,-0.3109922409057617,0.299365234375,14890,0.00026521719599999997,0.032003067,-0.017420998809393497,1.0019334554672241
-0.0020415947719588734,0.22720357223816015,-0.21301887028149255,-0.08102422200455088,-88.35725380999996,69602472,68.490025,0.0,79.52125028335605,-0.0067057291666667304,0.0003488496424526804,0.06554394630243641,-0.11069901734362694,-3.074759476225994e-08,0.0,0.0,9.586676311085363,521,241.1,-0.1660961808623848,0.01,-0.013003165079412621,-0.19189139548683573,0.0,-0.004876409174518411,4118,0.2899335,-0.4450518621930658,0.0,0.0,-0.1550892261047276,1.4528012519472668,0.0,-0.20188401037977086,-0.0015028897836083294,-0.014847610914302114,-0.47724035748820093,-0.035702681797258155,-0.5,2331,-0.026787818812448985,0.583315295,0.0,-0.010226050141176933,-34.059561835394966,0.9932684302330017,1.63695599966579,0.2,-0.09577305614948273,0.259033203125,14892,0.00026520798,0.04002566,0.0015879936723245515,1.0005284547805786
-0.001997542096606172,0.2356850325961238,-0.21327459449734693,-0.08083051607842506,-87.60075903,69620904,68.501545,0.0,82.48976140864333,-0.006532118055555616,0.0005105248678268658,0.06775579097016188,-0.1107740561608867,-3.031958389788348e-08,0.0,0.0,10.514509661491074,522,244.27,-0.15950987994781826,0.01,-0.012689506016612642,-0.19194616214292481,0.0,-0.005092821132261154,4118,0.2900103,-0.43324812963338194,0.0,0.0,-0.1507960539981019,1.4820955166347491,0.0,-0.1939040304435945,-0.0011438529856698048,-0.014309948177302714,-0.4587310931852002,-0.035470517292072026,-0.5,2336,-0.026807927398849175,0.583297631,0.0,-0.009774933641892858,-34.065334701538085,0.9918301701545715,1.6926139414310455,0.2,0.023418933153152466,0.0996826171875,14896,0.000265198764,0.014961359,-0.008272409858182072,1.0010573863983154
-0.0020231375945972685,0.2305809616059542,-0.2025322635922193,-0.07645582736852967,-88.39035436999998,69639336,68.513065,0.0,80.70333656208398,-0.006966145833333399,0.000568033532342977,0.06861401026091113,-0.11053219622581338,-3.006434370769547e-08,0.0,0.0,9.72757094416824,523,246.06,-0.16495443841563723,0.01,-0.012775102762102444,-0.18463549832526321,0.0,-0.0066625716323716585,4118,0.2900871,-0.43268394524164067,0.0,0.0,-0.1504572798883272,1.4258660330152682,0.0,-0.1943072187805627,-0.0012726630504907163,-0.014470313963276043,-0.45592775710148065,-0.036358742695319836,-0.5,2340,-0.025300824437673446,0.583279967,0.0,-0.010719891202623129,-34.06665592193603,0.9964423179626465,0.4905044957995415,0.2,-0.211460679769516,0.1204833984375,14900,0.000265189548,0.018722255,-0.009140354814007878,1.00131094455719
-0.0020124968700881763,0.2244136532642843,-0.2098149074259161,-0.07973948871292744,-88.14987906,69657768,68.524585,0.0,78.54477864249951,-0.006694878472222286,0.00023654497797704406,0.06684720117609942,-0.1106298182748568,-3.112762519266826e-08,0.0,0.0,9.256299730050017,524,241.43,-0.15976392291327582,0.01,-0.012812431863747526,-0.19344277426094744,0.0,-0.00517756169595769,4118,0.2901639,-0.4425376366663289,0.0,0.0,-0.15289208054531567,1.4532502803444645,0.0,-0.19763701305519368,-0.0010899872470919263,-0.01503530140922506,-0.4611064766451911,-0.03595443095289505,-0.5,2345,-0.026848625152912052,0.583262303,0.0,-0.009382681494268278,-34.07667541503906,0.997304379940033,0.5256350815296174,0.2,-0.12182334065437317,0.22667236328125,14904,0.000265180332,0.028375387,-0.01127989498199895,1.0021135807037354
-0.0020391617124497097,0.22393082223711258,-0.21096327858197023,-0.07881913399222866,-88.22756652,69676200,68.536105,0.0,78.3757877829894,-0.0068467881944445095,0.00044596325218056637,0.06683396111369995,-0.11049436266311564,-3.0028214387815165e-08,0.0,0.0,9.185454668318405,525,241.57,-0.16278126663011058,0.01,-0.012931076523432773,-0.1886546486163691,0.0,-0.005938753387026705,4118,0.2902407,-0.4424687314996733,0.0,0.0,-0.1529039650312457,1.4401049620395798,0.0,-0.19766623722060006,-0.0011302789821147907,-0.0146470839411686,-0.46265613587305776,-0.03669717608655594,-0.5,2349,-0.026498980289299832,0.583244639,0.0,-0.010751493708489256,-34.075264358520506,0.9883871078491211,2.9536265075206756,0.2,0.36458271741867065,0.2380126953125,14908,0.000265171116,0.024589363,-0.006314988411031663,1.0016623735427856
-0.0020417932446619366,0.22803705348027375,-0.21198273293373984,-0.0797147924676227,-87.97121707999999,69694632,68.54762500000001,0.0,79.81296871809582,-0.006749131944444509,0.0005056421634637647,0.06589312775741317,-0.11055393324428517,-3.0612718794423433e-08,0.0,0.0,9.799889454981857,526,243.65,-0.16258365321787682,0.01,-0.013016009232112175,-0.1892400844406618,0.0,-0.005088253633513632,4118,0.2903175,-0.44464030584898434,0.0,0.0,-0.15494775496101829,1.4422114910965693,0.0,-0.19816954947136312,-0.0009976649153610165,-0.014202158842729589,-0.47124786744375147,-0.03645284555881325,-0.5,2353,-0.02637002736014425,0.583226975,0.0,-0.009726377082794594,-34.06765518188477,0.9930776357650757,1.2348048463463783,0.2,0.09222352504730225,0.08038330078125,14912,0.00026516189999999996,0.01041791,-0.007072696485556662,1.001137614250183
-0.0020378247197056663,0.22571239144042318,-0.21948645200408679,-0.08193999446158215,-87.54976019000001,69713064,68.559145,0.0,78.99933700414812,-0.006781684027777843,0.0004074433818459511,0.06850107181203584,-0.11062228838806562,-3.071171070044704e-08,0.0,0.0,9.300922558554126,527,244.15,-0.1623044915022254,0.01,-0.012919444447513683,-0.19561486999591232,0.0,-0.004116193228928405,4119,0.2903943,-0.4340100610086123,0.0,0.0,-0.15237876133882058,1.4803614031336023,0.0,-0.19670960143127159,-0.0008843817913418609,-0.013759874380425606,-0.47067317778178425,-0.03577332231299499,-0.5,2358,-0.027232589581591332,0.5832093110000001,0.0,-0.009296555608873151,-34.07234153747559,0.9985429048538208,0.26171998083591463,0.2,-0.2681489884853363,0.1994873046875,14916,0.000265152684,0.023354227,-0.014898383570834995,1.0017056465148926
-0.0019752485335149434,0.23040324267023457,-0.20743999115727924,-0.07888777858378496,-88.37172628000002,69731496,68.57066499999999,0.0,80.6411349345821,-0.006553819444444504,0.000636935356952664,0.06858825598302531,-0.11051356207582601,-3.034728796569451e-08,0.0,0.0,9.746193964714116,528,245.95,-0.1599700559300085,0.01,-0.012531515396048529,-0.1840093412384163,0.0,-0.0063586828912077144,4119,0.2904711,-0.42260068836032677,0.0,0.0,-0.14811002773427698,1.4637479230035713,0.0,-0.19261526628324738,-0.0012528180723058986,-0.013703629406497813,-0.4473719578609336,-0.035884637118525714,-0.5,2362,-0.0259618697865524,0.583191647,0.0,-0.010747424572602741,-34.079423141479495,0.998947262763977,0.25306984409689903,0.2,-0.24373479187488556,0.27894287109375,14920,0.000265143468,0.030972343,-0.016808641015086324,1.0023515224456787
-0.0019762332700676076,0.22821977356480444,-0.20490433246834538,-0.07738537099966969,-88.28854850000002,69749928,68.58218500000001,0.0,79.87692074768155,-0.006922743055555623,0.0009217660376129465,0.06813879335337258,-0.11056076135953176,-3.0169427121683354e-08,0.0,0.0,9.674699367976261,529,247.31,-0.1608606501866573,0.01,-0.012553825484609404,-0.18620353257568084,0.0,-0.005035439069869913,4119,0.2905479,-0.4328387120891,0.0,0.0,-0.14911061174672163,1.4428379018475128,0.0,-0.19018332011658734,-0.0016217908791379065,-0.014519060701043616,-0.453994365249758,-0.03624754659672163,-0.5,2367,-0.02610648492980561,0.583173983,0.0,-0.010243003638202531,-34.08335247039795,0.9993215203285217,0.1669563792645931,0.2,-0.30403828620910645,0.25037841796875,14924,0.000265134252,0.027614485,-0.016560615447815508,1.0025490522384644
-0.002039183974556174,0.22768426152212934,-0.22305128329040258,-0.08141375988102267,-87.64938165000001,69768360,68.593705,0.0,79.68949153274527,-0.006825086805555621,0.0006526689653077887,0.06643569942744486,-0.11056983166456462,-3.187305495426723e-08,0.0,0.0,9.644488939589195,530,243.44,-0.1590765617911186,0.01,-0.012904982665436921,-0.1990052356763256,0.0,-0.0036906785039847565,4119,0.2906247,-0.43819251874620807,0.0,0.0,-0.15269223139196642,1.4963250271120918,0.0,-0.20039768339812064,-0.0010690563097428174,-0.013765128382612582,-0.4702849632634305,-0.03618971417395165,-0.5,2371,-0.02851572201691645,0.583156319,0.0,-0.009463925501525713,-34.07765426635742,0.9990736246109009,0.2223229043185711,0.2,-0.26333850622177124,0.29398193359375,14928,0.00026512503599999997,0.0302626,-0.015704788715811446,1.0021262168884277
-0.002082589977803515,0.22727748750349222,-0.21559521510507182,-0.0821184026466855,-87.5261647,69786792,68.60522499999999,0.0,79.54712062622228,-0.007269965277777827,0.0007052949901359776,0.06612391668329885,-0.11069061604567915,-3.2850366608016446e-08,0.0,0.0,9.606194409008042,531,240.96,-0.15791659794795807,0.01,-0.01325578642715789,-0.19303014647964997,0.0,-0.0037140187154855583,4119,0.2907015,-0.4546197282022642,0.0,0.0,-0.15675670362978505,1.4378419039207242,0.0,-0.2071197604787617,-0.0015025699475657867,-0.014941270516705558,-0.4752099346005774,-0.036617679512174296,-0.5,2375,-0.026788631180840412,0.583138655,0.0,-0.008727302486982403,-34.07647933959961,0.9993829727172852,0.17526253163814545,0.2,-0.29086145758628845,0.2565185546875,14932,0.00026511582,0.029407745,-0.0168887370149605,1.0021653175354004
-0.002053964503625491,0.2245444324181805,-0.21251164280802662,-0.0807558273126157,-87.46739814000003,69805224,68.61674500000001,0.0,78.59055134636317,-0.006738281250000064,0.00043674032915280096,0.06599545723369346,-0.11077696927307873,-3.152176423056107e-08,0.0,0.0,9.30351195570464,532,244.27,-0.15738313026507875,0.01,-0.012973862033015048,-0.1942191616512022,0.0,-0.004778432704477624,4119,0.2907783,-0.4415188457198903,0.0,0.0,-0.1531323651346116,1.4585768703066857,0.0,-0.1992639627663657,-0.0010144463021620992,-0.014132546726914866,-0.4637426951951454,-0.035869915516393264,-0.5,2380,-0.026819883984702288,0.583120991,0.0,-0.00928692514975814,-34.07105655670166,0.9930787086486816,1.455888345837593,0.2,-0.006679564714431763,0.33214111328125,14936,0.000265106604,0.039087217,-0.0019671137852128595,1.0014011859893799
-0.0020356973228303032,0.2261680189763691,-0.21819770996074128,-0.08110943548460796,-88.55445709,69823656,68.628265,0.0,79.15880664172919,-0.006944444444444509,0.0005224608208259775,0.06792374337944176,-0.11091241768055823,-3.128009679876462e-08,0.0,0.0,9.597007035435988,533,240.04,-0.15899466167247508,0.01,-0.013069241751225178,-0.19288475474439756,0.0,-0.004789115266572449,4119,0.2908551,-0.4496982214082166,0.0,0.0,-0.15523986537846282,1.4501342347802193,0.0,-0.19804014969123207,-0.0008413985186506268,-0.014218815760400075,-0.47000922760778496,-0.036418190140876314,-0.5,2384,-0.026837287675440222,0.583103327,0.0,-0.008818583960722512,-34.068332290649415,0.9967882633209229,0.45321395993232727,0.2,-0.21746209263801575,0.1304443359375,14940,0.00026509738799999997,0.018609837,-0.00963360796449706,1.0015180110931396
-0.0020310833859440774,0.2419127275334356,-0.21653698708876518,-0.08018752263452576,-88.50749250000001,69842088,68.639785,0.0,84.66945463670245,-0.006901041666666732,0.0006309676456213412,0.07142576691563703,-0.11098092354260253,-3.2421263187877464e-08,0.0,0.0,10.979491608152841,534,239.03,-0.15925934836444056,0.01,-0.012908645785040904,-0.19663371641771324,0.0,-0.0038928068430744028,4119,0.2909319,-0.43729613726547956,0.0,0.0,-0.15307645191447197,1.4660451103944325,0.0,-0.19704893028915527,-0.0012266108945496398,-0.014261229303595559,-0.4636098991172673,-0.03618859939307143,-0.5,2389,-0.02697060486569352,0.583085663,0.0,-0.008756599479561878,-34.07502956390381,0.9880498647689819,2.8661815583705903,0.2,0.5219650268554688,0.18739013671875,14944,0.000265088172,0.024978697,-0.005994867021217942,1.0016562938690186
-0.0020281475755406586,0.23229889017957747,-0.22419573554018457,-0.08249392398909168,-87.77576791000001,69860520,68.65130500000001,0.0,81.30461156285212,-0.006716579861111173,0.0007096351408917042,0.07046380124535581,-0.1106946551790551,-3.113638858429909e-08,0.0,0.0,9.815563708676002,535,240.61,-0.15589652058175577,0.01,-0.012925052394962337,-0.1989546581454144,0.0,-0.004497798637192964,4120,0.2910087,-0.4329313379848917,0.0,0.0,-0.15304482663318,1.4881099279274523,0.0,-0.19271700145370554,-0.0011445969385691225,-0.01480664915478448,-0.45106949751603076,-0.03602969236085112,-0.5,2393,-0.02809178932501968,0.5830679990000001,0.0,-0.008183548639256818,-34.069308853149415,0.991470217704773,1.4399610072374345,0.2,0.34378933906555176,0.113037109375,14948,0.000265078956,0.013524274,-0.008991867688018828,1.0013407468795776
-0.0020898083113941356,0.23055264340906706,-0.21837360211606938,-0.08186936021822494,-87.54847601999998,69878952,68.662825,0.0,80.69342519317347,-0.00708550347222228,0.0004774305012284054,0.06753401197393433,-0.11070600770406462,-3.327741755934021e-08,0.0,0.0,9.852723748525621,536,240.32,-0.1619161100280445,0.01,-0.01333316412331819,-0.1978606259483118,0.0,-0.003757064745828264,4120,0.2910855,-0.46209698532681315,0.0,0.0,-0.1588877296541022,1.430849163984301,0.0,-0.20435516466138318,-0.0009948567574033697,-0.014762565921728001,-0.4896053861246805,-0.037001009082806,-0.5,2397,-0.026818667726889598,0.583050335,0.0,-0.0083099592949212,-34.06842975616455,0.9924662709236145,1.7635729968547822,0.2,0.2635594308376312,0.15015869140625,14952,0.00026506973999999996,0.018399494,-0.011117730755358934,1.0012736320495605
-0.002070680235975857,0.23237119957644875,-0.21784643079420307,-0.08010255261105255,-87.60591576999997,69897384,68.67434499999999,0.0,81.32991985175707,-0.006890190972222289,0.0006504990419165955,0.07208955176165431,-0.11094620319147512,-3.282968363040703e-08,0.0,0.0,10.108443874336693,537,238.49,-0.16022353536844036,0.01,-0.013192921175893654,-0.19616940491358498,0.0,-0.0024533863162350903,4120,0.2911623,-0.4482777362697111,0.0,0.0,-0.15632673929488936,1.4743969160704287,0.0,-0.2027947276627574,-0.0007601083775917047,-0.014471153659701296,-0.47679422908787344,-0.03617997778090931,-0.5,2402,-0.026894948685277965,0.583032671,0.0,-0.007216619460248492,-34.07255878448486,0.9959608912467957,0.8297156527638435,0.2,-0.17573748528957367,0.1871337890625,14956,0.000265060524,0.01835185,-0.0091868411982432,1.0016779899597168
-0.0020212120524385293,0.22777161710363417,-0.21738921132539055,-0.0806450054504217,-87.27023845000002,69915816,68.68586499999999,0.0,79.72006598627196,-0.00703125000000006,0.00047905804563520686,0.06861100141408137,-0.11072392720223327,-3.1120937524999876e-08,0.0,0.0,9.566721085452214,538,239.26,-0.15708347592923042,0.01,-0.01287026148148978,-0.19321645467793433,0.0,-0.0032433318510387103,4120,0.2912391,-0.43770704210111727,0.0,0.0,-0.1529257721344597,1.476494411353382,0.0,-0.1957403815363045,-0.0009904355545446437,-0.013964625253449107,-0.46166947421598753,-0.03588907521597948,-0.5,2406,-0.027023124093315594,0.583015007,0.0,-0.00847922901610016,-34.07799530029297,0.996386706829071,0.9351918503642083,0.2,0.21077272295951843,0.2607666015625,14960,0.000265051308,0.02450115,-0.010676160489674657,1.0021097660064697
-0.00207114781508867,0.22740359409266772,-0.21459848545815954,-0.08001229486646372,-87.36836635,69934248,68.697385,0.0,79.5912579324337,-0.006933593750000067,0.000764973629783425,0.07052340385680908,-0.1108174198456875,-3.224635829306899e-08,0.0,0.0,9.662177485402248,539,240.54,-0.15531783602900762,0.01,-0.013039336489571122,-0.19599168868603373,0.0,-0.00325438803665948,4120,0.2913159,-0.45055394440226454,0.0,0.0,-0.15368698530221236,1.4658078628439357,0.0,-0.19602630649335578,-0.0011345474963436798,-0.015001386329892194,-0.46753095741632134,-0.03603455522503361,-0.5,2411,-0.027183281286651206,0.582997343,0.0,-0.008409513220410898,-34.078316879272464,0.9941987991333008,1.4920942723751067,0.2,0.1539185643196106,0.26572265625,14964,0.000265042092,0.025389481,-0.005009110854007304,1.0019617080688477
-0.0020687766378806893,0.22610892835290525,-0.2228290107626113,-0.08098484763618986,-87.04163699,69952680,68.708905,0.0,79.13812492351684,-0.00674913194444451,0.0004535588345283435,0.06997465688573525,-0.11080241808650446,-3.24404137556214e-08,0.0,0.0,9.516065180992511,540,240.55,-0.1595898044542552,0.01,-0.013225461478311872,-0.19868983588188072,0.0,-0.0026579838960749413,4120,0.2913927,-0.4516917215469006,0.0,0.0,-0.1575925973066276,1.4708020585760233,0.0,-0.1975001576871852,-0.0016120862683052725,-0.015008086694315307,-0.4775269996069601,-0.03586169749741379,-0.5,2415,-0.02772989091452595,0.582979679,0.0,-0.007897904977047196,-34.079709815979,0.997846782207489,0.4288404017686844,0.2,-0.21415498852729797,0.18682861328125,14968,0.000265032876,0.023114765,-0.016036611777963117,1.002612829208374
-0.002030085091482431,0.2303750287890954,-0.217400476739522,-0.0801725971647855,-87.22967976,69971112,68.720425,0.0,80.6312600761834,-0.006846788194444507,0.00041992177850463323,0.06849847776904486,-0.11090092893177123,-3.263869485631882e-08,0.0,0.0,9.866485418009496,541,241.4,-0.157963516951819,0.01,-0.012878746163537099,-0.19276570345397973,0.0,-0.0041314082739916805,4120,0.2914695,-0.4405147327396076,0.0,0.0,-0.15379882116454024,1.463001244527455,0.0,-0.1967820715675067,-0.0009115136312463914,-0.014462150566527825,-0.4675530173183102,-0.03613594088471722,-0.5,2419,-0.02688800145746499,0.582962015,0.0,-0.008681729440771354,-34.08978500366211,0.9990497827529907,0.2444780945777893,0.2,-0.25868090987205505,0.28375244140625,14972,0.00026502366,0.029347677,-0.014312211680226028,1.002852201461792
-0.0020080972086340045,0.2285843087609248,-0.2154059166561738,-0.07822448787273079,-87.38470885999998,69989544,68.731945,0.0,80.00450806632368,-0.00699869791666673,0.0005848522543803685,0.06867094150863254,-0.11075378324800018,-3.069185154667403e-08,0.0,0.0,9.724969916870439,542,243.09,-0.15968096947006952,0.01,-0.012775668325203,-0.1905118364106184,0.0,-0.004008883558031123,4121,0.2915463,-0.43507700895903517,0.0,0.0,-0.1527328291314455,1.46371058905822,0.0,-0.18999370496508206,-0.0009279862422769738,-0.014111520159637505,-0.45564685773945907,-0.036194857121114275,-0.5,2424,-0.026751130774165317,0.582944351,0.0,-0.008903083342981214,-34.080030822753905,0.9992544054985046,0.18619739189743995,0.2,-0.3003792464733124,0.26383056640625,14976,0.000265014444,0.029511487,-0.016623541328590362,1.0022324323654175
-0.0020192024167237956,0.2306259025526732,-0.21332796381053518,-0.07724696890347527,-87.66969325000002,70007976,68.743465,0.0,80.71906589343563,-0.006987847222222288,0.0008696829318068922,0.06835495697983426,-0.11077345946561351,-3.041337081435726e-08,0.0,0.0,9.798986000409782,543,244.36,-0.1599431635993034,0.01,-0.012790252151424524,-0.18742235761527032,0.0,-0.005533735903092909,4118,0.2916231,-0.43333185274062824,0.0,0.0,-0.15186851043447955,1.4552703417584316,0.0,-0.19086925723108072,-0.0011524451753020981,-0.014945023128638815,-0.4534333892848289,-0.03621021233868155,-0.5,2430,-0.026430810835347464,0.582926687,0.0,-0.010198515632914172,-34.07646522521973,0.9993470311164856,0.1707877039909363,0.2,-0.31086981296539307,0.27381591796875,14980,0.00026500522799999997,0.03044117,-0.018782988470047713,1.0018824338912964
-0.0020485551085772293,0.23161988627276162,-0.2143240379687197,-0.07982701980975111,-87.85359064999999,70026408,68.754985,0.0,81.06696019546656,-0.007052951388888954,0.0007454426183054844,0.06681702278420182,-0.11075949049778774,-3.2664120009666643e-08,0.0,0.0,10.033301669040048,544,241.99,-0.15742044646362852,0.01,-0.013049320867639911,-0.1905646402831631,0.0,-0.004366635581353334,4118,0.2916999,-0.4461729343754851,0.0,0.0,-0.15576368555546893,1.4442814635854753,0.0,-0.19658430286133444,-0.001583957872451954,-0.015135296909667008,-0.4648274363489782,-0.03601363922060795,-0.5,2434,-0.02641568276016931,0.582909023,0.0,-0.008620288468793862,-34.073513984680176,0.9984196424484253,0.319745222479105,0.2,-0.2187199890613556,0.27447509765625,14984,0.000264996012,0.031993933,-0.01444156167563051,1.0020111799240112
-0.002024034652253674,0.22890951878305205,-0.21624878806174272,-0.07958437590694024,-87.47549593,70044840,68.766505,0.0,80.11833157406822,-0.007042100694444505,0.0008496092244361838,0.06674187034378082,-0.11094095893301198,-3.082207297145568e-08,0.0,0.0,9.727116201386268,545,243.52,-0.1559488035781043,0.01,-0.012838329989402151,-0.19088587176236685,0.0,-0.004198832453825465,4118,0.2917767,-0.43481615102979515,0.0,0.0,-0.15298213910085226,1.4618540833552187,0.0,-0.19606653752685457,-0.0012973609899202894,-0.01464442925838589,-0.45994401848589095,-0.03560498674868102,-0.5,2439,-0.0267694779640337,0.582891359,0.0,-0.009134473258099105,-34.08321952819824,0.9927752614021301,1.7866165518760682,0.2,-0.061065077781677246,0.266015625,14988,0.000264986796,0.037155706,-0.00508929988136515,1.0024479627609253
-0.0020562782256980695,0.23143585389838284,-0.217301648894347,-0.07917137032858511,-87.41049841,70063272,68.778025,0.0,81.00254886443399,-0.006955295138888954,0.0010655381225256457,0.06736979324009128,-0.1109336094656172,-3.203897045028209e-08,0.0,0.0,9.93967161083316,546,242.68,-0.1570071863795584,0.01,-0.01307454858332179,-0.19365296158642314,0.0,-0.004216293763893191,4118,0.2918535,-0.43736444254319357,0.0,0.0,-0.1544892869426722,1.4573914418855216,0.0,-0.2003066309794748,-0.0010387118248704427,-0.014499424821947968,-0.4654320905932095,-0.035951913116823817,-0.5,2443,-0.026856295402599557,0.582873695,0.0,-0.0086364282534406,-34.07526397705078,0.9990994334220886,0.21636080965399743,0.2,-0.275114506483078,0.22344970703125,14992,0.00026497757999999997,0.027394507,-0.020314513449557127,1.002032995223999
-0.0020030687351260557,0.23277542912797494,-0.21426462059239226,-0.08102701617041239,-87.48857896999999,70081704,68.789545,0.0,81.47140019479123,-0.00682508680555562,0.0010047741945729488,0.06514331768052342,-0.11101581002132951,-3.173100618787028e-08,0.0,0.0,10.087126930382839,547,243.68,-0.1574635431742123,0.01,-0.012728958775227657,-0.19486393618413733,0.0,-0.005086486484371956,4118,0.2919303,-0.4330173809819829,0.0,0.0,-0.15206349634697947,1.474414526897493,0.0,-0.19538150259623788,-0.0011792121615287635,-0.014821843163272473,-0.4588783487904082,-0.03596664168948767,-0.5,2447,-0.027070711604554355,0.582856031,0.0,-0.009676192524946399,-34.082614707946775,0.9990297555923462,0.20256253182888032,0.2,-0.2734367549419403,0.25654296875,14996,0.000264968364,0.028706778,-0.014956046757288278,1.002680778503418
-0.0020046645362311044,0.22936847537316074,-0.21016241812027542,-0.07969352660811108,-88.01401828999998,70100136,68.801065,0.0,80.27896638060626,-0.0069118923611111785,0.001282551927336802,0.06610863865444593,-0.11076366628194197,-3.0168518786237226e-08,0.0,0.0,9.737842785742867,548,245.63,-0.15902756492892722,0.01,-0.012659664104421278,-0.18788644775482022,0.0,-0.006121540974066925,4118,0.2920071,-0.43213135727842666,0.0,0.0,-0.1502068501875572,1.450153387190235,0.0,-0.19537410388703091,-0.0016883137528578823,-0.015493569134344048,-0.44770598595776384,-0.03577910095361842,-0.5,2452,-0.026172782894596035,0.582838367,0.0,-0.010409290515882377,-34.085122680664064,0.9995889663696289,0.11120792217552662,0.2,-0.3290441036224365,0.29752197265625,15000,0.000264959148,0.03248148,-0.01836016061715782,1.0026830434799194
-0.00202861751989366,0.22027686117261602,-0.21211728695727738,-0.0783516313271627,-87.98702661000003,70118568,68.812585,0.0,77.09690141041561,-0.006922743055555624,0.0008599174260679218,0.06504443348567532,-0.11093883740736526,-3.146568461460571e-08,0.0,0.0,8.997891261609114,549,245.25,-0.16297714752967132,0.01,-0.012904111254884486,-0.19080485378544576,0.0,-0.005212040654757662,4118,0.2920839,-0.4385670159870464,0.0,0.0,-0.1533536053213419,1.445485683842299,0.0,-0.19154077420138138,-0.0013694327947017843,-0.014483785907710168,-0.4553977444033816,-0.03590904216412278,-0.5,2456,-0.026575410143980606,0.582820703,0.0,-0.009723121343995444,-34.078552055358884,0.9990397691726685,0.24880480617284775,0.2,-0.2796022891998291,0.29637451171875,15004,0.00026494993199999996,0.029070288,-0.012671133317053319,1.0021333694458008
-0.0019812735202588533,0.22526575867086512,-0.20075792235504616,-0.07676020034229036,-88.22200119000003,70137000,68.824105,0.0,78.84301553480279,-0.0067382812500000645,0.0008669704224707352,0.06622888661839328,-0.11073202109963164,-3.177013690317879e-08,0.0,0.0,9.361072241555114,550,246.21,-0.16036187486288114,0.01,-0.012622741673758027,-0.18515423288157742,0.0,-0.006929276538719591,4118,0.2921607,-0.4310311480664056,0.0,0.0,-0.1509706705461086,1.4201207136931746,0.0,-0.18910161870015105,-0.0012995498795362677,-0.014972393062897216,-0.45220253657566634,-0.03578043813459632,-0.5,2461,-0.024938474934070344,0.582803039,0.0,-0.009882220469686823,-34.07632637023926,0.9986623525619507,0.2948523789644241,0.2,-0.2590329349040985,0.2630126953125,15008,0.000264940716,0.030051801,-0.012770206981804222,1.0019702911376953
-0.0019747444884498384,0.23243385774510572,-0.20872538062604978,-0.07738409349673875,-88.00181605,70155432,68.835625,0.0,81.351850210787,-0.0068467881944445095,0.0010481769244910942,0.06666203083605374,-0.11083160195935289,-2.9455522327940974e-08,0.0,0.0,9.927981624101365,551,246.33,-0.16081362288435266,0.01,-0.01251047238288431,-0.18582743385558353,0.0,-0.007155947903188966,4119,0.2922375,-0.42166510170031857,0.0,0.0,-0.14988950262663642,1.4609206695771837,0.0,-0.18880300768254846,-0.0011127544252781466,-0.014260875463226528,-0.4356855353006614,-0.03539234502632045,-0.5,2465,-0.025960190882529773,0.582785375,0.0,-0.010859593026301203,-34.080423545837405,0.999197244644165,0.21128454580903053,0.2,-0.2730543911457062,0.280224609375,15012,0.0002649315,0.030333828,-0.018080127763096244,1.0023934841156006
-0.002009063510410598,0.2297161109031255,-0.21359334244117614,-0.0808494942857866,-87.97909159000001,70173864,68.84714500000001,0.0,80.40063881609392,-0.007074652777777839,0.000870225517751856,0.06610012702066842,-0.11078750905770222,-3.085757753693938e-08,0.0,0.0,9.81581135433742,552,243.41,-0.15729208113102208,0.01,-0.012805343448830603,-0.1905438670278362,0.0,-0.004817120541181005,4119,0.2923143,-0.43299984861710616,0.0,0.0,-0.15229000881561244,1.4612949533958173,0.0,-0.19045003215188128,-0.0014550239409809105,-0.01464473085231838,-0.45607184448686916,-0.03554613368364681,-0.5,2470,-0.02667168486749041,0.582767711,0.0,-0.00953771051556234,-34.07974643707276,0.9995021224021912,0.1380967017263174,0.2,-0.31192949414253235,0.23848876953125,15016,0.000264922284,0.026786715,-0.017605434556026013,1.002311110496521
-0.0020236115467092133,0.22427430408153484,-0.21131646530999226,-0.07797692795613646,-87.95334468000001,70192296,68.858665,0.0,78.4960064285372,-0.007107204861111168,0.0007101778497195079,0.06592950622137417,-0.11082430770848362,-3.067875600899107e-08,0.0,0.0,9.510708006244265,553,245.54,-0.16703710709627945,0.01,-0.012927408070408063,-0.18704204780783146,0.0,-0.005899931780776006,4119,0.2923911,-0.4340696515613581,0.0,0.0,-0.1543177003468012,1.44050672353161,0.0,-0.19116108576468846,-0.0008995118535390323,-0.014062388391950944,-0.4553988930413307,-0.03578362548019599,-0.5,2474,-0.026030422766025844,0.582750047,0.0,-0.010700088044460345,-34.08112964630127,0.9945319294929504,1.3849274873733521,0.2,0.18510550260543823,0.2677490234375,15020,0.000264913068,0.026637822,-0.006277110800147057,1.0023754835128784
-0.0020487734174009157,0.22226201493979375,-0.20800712088380546,-0.07909997375691785,-87.52001945,70210728,68.87018499999999,0.0,77.79170522892781,-0.007139756944444502,0.0007324218555974463,0.06655974942815823,-0.11086848053459557,-3.213529507326023e-08,0.0,0.0,9.102869434910726,554,243.54,-0.16210524943251203,0.01,-0.01307764651041029,-0.1876675142012031,0.0,-0.004637382469612598,4119,0.2924679,-0.4408847473042264,0.0,0.0,-0.15633489141946344,1.4379239430766297,0.0,-0.19242799660107734,-0.001196168793229324,-0.014508302374764573,-0.46473975313745647,-0.03625193142222034,-0.5,2478,-0.025460281272581365,0.582732383,0.0,-0.009639165212219167,-34.07558040618896,0.9986838698387146,0.30807917937636375,0.2,-0.26528799533843994,0.209814453125,15024,0.000264903852,0.026286174,-0.0157653042813763,1.0018348693847656
-0.00204549237878366,0.2236034785234611,-0.2135618599215062,-0.079996143354825,-88.77290343000003,70229160,68.881705,0.0,78.26121748321138,-0.006759982638888952,0.00034179686594547494,0.0646818533445327,-0.11088162979317927,-3.255626462543458e-08,0.0,0.0,9.216625763740458,555,240.91,-0.16356378681368783,0.01,-0.013119194261239616,-0.1916139943894762,0.0,-0.005528194466756318,4119,0.2925447,-0.441411396645389,0.0,0.0,-0.1560781124140169,1.4448083624588064,0.0,-0.19421974415008322,-0.0010168927120798549,-0.014377353541609008,-0.46667640977239355,-0.03561155681627736,-0.5,2483,-0.026194063634168055,0.582714719,0.0,-0.009494173055928614,-34.07663402557373,0.9969542026519775,0.8299949526786804,0.2,0.034604281187057495,0.314306640625,15028,0.000264894636,0.0367543,-0.007060321507742629,1.002118706703186
-0.0020185352186331915,0.227438327801864,-0.21020540902720747,-0.08070847109429827,-88.51842924,70247592,68.893225,0.0,79.60341473065239,-0.006987847222222286,0.0006835936801508069,0.06660152919657983,-0.11086063873306842,-3.165544529402316e-08,0.0,0.0,9.643314376138617,556,242.4,-0.15856266813200953,0.01,-0.012767375760822715,-0.19299836332080614,0.0,-0.005323814167997467,4119,0.2926215,-0.42830550340654633,0.0,0.0,-0.151271984854326,1.4411008067365838,0.0,-0.19330919072209063,-0.0010775969041492786,-0.013637422381444655,-0.45643968746966945,-0.03572725489126746,-0.5,2487,-0.025672004710162614,0.582697055,0.0,-0.009569856520910334,-34.0686767578125,0.9884716868400574,2.635013145208359,0.2,0.7911731004714966,0.24312744140625,15032,0.00026488541999999997,0.020718288,-0.00595221221446991,1.0011059045791626
-0.002045797741757219,0.226152841424744,-0.2191651602787749,-0.08104036041521373,-87.72225777999996,70266024,68.904745,0.0,79.15349449866041,-0.0070095486111111755,0.0008772785206221872,0.06795935216081701,-0.11070761123967152,-3.2702650535428994e-08,0.0,0.0,9.596267195338491,557,241.07,-0.15918214230387173,0.01,-0.013030728894805256,-0.19808277999552396,0.0,-0.004065868971348359,4119,0.2926983,-0.4360322857693324,0.0,0.0,-0.15446793431954695,1.4792852456585992,0.0,-0.19435148063375493,-0.0009762073029247451,-0.013674786619037527,-0.45535951271927405,-0.03564624301955882,-0.5,2492,-0.027420521772505566,0.582679391,0.0,-0.009226567907414088,-34.06236686706543,0.993969202041626,1.1558525204658507,0.2,0.16317328810691833,0.1015380859375,15036,0.000264876204,0.011918949,-0.011367611878085881,1.0008063316345215
-0.002051634464136665,0.23470008424116973,-0.216483670300528,-0.07876008675090097,-88.15272030999999,70284456,68.91626500000001,0.0,82.1450294844094,-0.0072482638888889395,0.0010253905978364248,0.06587729856836173,-0.11074540324788834,-3.093884345475038e-08,0.0,0.0,10.171166338668774,558,240.41,-0.16453777180697815,0.01,-0.013190386720316097,-0.18989299011822966,0.0,-0.005451034027658305,4119,0.2927751,-0.44572900337826,0.0,0.0,-0.1581744526217895,1.4300419079461755,0.0,-0.19519542841247686,-0.001271391603353702,-0.01427989708603547,-0.47203602707142966,-0.03683022855090358,-0.5,2496,-0.026402478468080165,0.582661727,0.0,-0.009696945179409036,-34.06661548614502,0.9961293935775757,0.8408799067139625,0.2,-0.05326691269874573,0.14918212890625,15040,0.000264866988,0.017840726,-0.01241289073950611,1.0011610984802246
-0.002045402650734023,0.22319591864822536,-0.21795568653563369,-0.0810634140573015,-87.48165932999999,70302888,68.927785,0.0,78.11857152687888,-0.007269965277777827,0.000806748925242573,0.0685297956161052,-0.11067139079163317,-3.1691106143529895e-08,0.0,0.0,9.256783176509867,559,240.88,-0.15611532366160058,0.01,-0.013043764708530435,-0.19484507552380517,0.0,-0.003260976426623673,4120,0.2928519,-0.4388470772147359,0.0,0.0,-0.15635086244980162,1.4586244413203138,0.0,-0.19475367482856726,-0.001127156162658112,-0.01433304511517999,-0.457645804868212,-0.03635693335829701,-0.5,2500,-0.02671656351105147,0.582644063,0.0,-0.008521274983650073,-34.06597843170166,0.9902494549751282,2.102093768119812,0.2,0.5095535516738892,0.14837646484375,15044,0.00026485777199999997,0.014709999,-0.006461242760997266,1.0009523630142212
-0.0020613073455661504,0.22188952528914796,-0.21582112416495183,-0.08040612105686418,-88.41307049999999,70321320,68.93930499999999,0.0,77.66133385120179,-0.006901041666666735,0.0008300780512702962,0.06935143939470077,-0.11077924355976074,-3.13889191518848e-08,0.0,0.0,9.035721308501758,560,239.58,-0.1593309682499455,0.01,-0.01308015112770654,-0.19391744646812983,0.0,-0.005082066054276274,4120,0.2929287,-0.44191670791495113,0.0,0.0,-0.15389267430496398,1.4557255769294626,0.0,-0.19134645513614776,-0.0009342676667978565,-0.01378657539018942,-0.46243897753960334,-0.03579340533820622,-0.5,2505,-0.02679265405605327,0.582626399,0.0,-0.00866599720029626,-34.06271495819092,0.9923574328422546,1.8181606590747834,0.2,0.27925020456314087,0.05511474609375,15048,0.000264848556,0.010119329,-0.010341709526255728,1.0007126331329346
-0.00200582944529804,0.22392663687521044,-0.21178979489535787,-0.07777228823166948,-88.37543216,70339752,68.950825,0.0,78.37432290632366,-0.006998697916666731,0.0011230468452494177,0.06896230614660166,-0.11061834887054317,-2.933192306549118e-08,0.0,0.0,9.160816595889575,561,242.98,-0.15820548891356703,0.01,-0.012706670569193786,-0.19209279372416058,0.0,-0.005465703045852929,4120,0.2930055,-0.43148383871894125,0.0,0.0,-0.1508796145439237,1.45423855312385,0.0,-0.18338831329675895,-0.0011186235033819744,-0.013598710294714857,-0.45411949598000045,-0.03603955080603447,-0.5,2509,-0.02627666327867713,0.582608735,0.0,-0.009685144572156586,-34.06520709991455,0.9957086443901062,0.9540484786033631,0.2,-0.029590517282485962,0.11473388671875,15052,0.00026483934,0.016142529,-0.01219730235170573,1.0010432004928589
-0.0020422725414539662,0.22190216974678295,-0.20954648475316312,-0.0796582763258902,-87.91398499,70358184,68.962345,0.0,77.66575941137403,-0.007118055555555615,0.001009114519951658,0.06887894073991652,-0.11070745173489584,-3.089836758858994e-08,0.0,0.0,9.02293560870599,562,243.7,-0.15529820230850674,0.01,-0.012900334147925043,-0.19531467312775252,0.0,-0.005649582220669301,4120,0.2930823,-0.43204726475369165,0.0,0.0,-0.15190951266123515,1.4401140133901122,0.0,-0.19026816946569858,-0.001178591410835466,-0.014764316134580922,-0.45153891641684957,-0.03588761957831109,-0.5,2513,-0.026258520249144116,0.582591071,0.0,-0.009104362218446719,-34.07652359008789,0.9988455772399902,0.2670476548373699,0.2,-0.2878270745277405,0.2485107421875,15056,0.00026483012399999996,0.02656961,-0.017682318575680256,1.0021318197250366
-0.0020519031099058135,0.22302289482886617,-0.2087764913679347,-0.0775209543786405,-87.89137464,70376616,68.973865,0.0,78.05801319010315,-0.006890190972222289,0.00124348941931708,0.0685007386098171,-0.11063188856337779,-3.161898638966633e-08,0.0,0.0,9.211072050522626,563,244.62,-0.15944789005775756,0.01,-0.012846118628120181,-0.19143313769195644,0.0,-0.006511528553659028,4120,0.2931591,-0.43452288384513693,0.0,0.0,-0.14972628225304466,1.4427925715683836,0.0,-0.1903168756614091,-0.0010129251633120508,-0.014069430812368848,-0.45504794199603776,-0.035911279549504176,-0.5,2518,-0.025903750189396675,0.582573407,0.0,-0.010134768586592853,-34.07379512786865,0.9986331462860107,0.27676046565175055,0.2,-0.2744791507720947,0.22396240234375,15060,0.000264820908,0.022304289,-0.014604080049321056,1.0016884803771973
-0.002049675462020522,0.22418359418931816,-0.20240208438954083,-0.07835323077980039,-87.55465918999998,70395048,68.98538500000001,0.0,78.46425796626136,-0.006966145833333397,0.0012499998815150724,0.06816145541573043,-0.11074201054644728,-3.2575279125254393e-08,0.0,0.0,9.300420886094576,564,244.98,-0.15676402382028617,0.01,-0.013006765131602278,-0.19235170503967447,0.0,-0.005176004675432378,4120,0.2932359,-0.4429793602081696,0.0,0.0,-0.15362802597043348,1.4295069253638728,0.0,-0.19680502161944718,-0.0012592877114892553,-0.014015550732920526,-0.4603558518823423,-0.03616633967526333,-0.5,2522,-0.025064276717004057,0.582555743,0.0,-0.009347010497650545,-34.07924041748047,0.9994106292724609,0.13507811054587365,0.2,-0.3216642737388611,0.249267578125,15064,0.000264811692,0.028131446,-0.01781067254487425,1.0023887157440186
-0.002035178157482206,0.23067163618002934,-0.21271228908205286,-0.07984164331411175,-87.1637424,70413480,68.996905,0.0,80.73507266301027,-0.006727430555555618,0.001054144852484266,0.06975033640507156,-0.11081264382776321,-3.134730909315486e-08,0.0,0.0,9.902279491014493,565,243.07,-0.15718345332986494,0.01,-0.012904566361393031,-0.19356612616316998,0.0,-0.0046415080320074105,4120,0.2933127,-0.4381316505965074,0.0,0.0,-0.15132889351977097,1.463231397887802,0.0,-0.189329205356253,-0.0011223386611399538,-0.013564114866068157,-0.45606586333609933,-0.035770682052244485,-0.5,2527,-0.0262299854325809,0.582538079,0.0,-0.008920172612609653,-34.08401012420654,0.9994758367538452,0.13390081450343133,0.2,-0.30698689818382263,0.27901611328125,15068,0.000264802476,0.030991673,-0.019042256264947356,1.0025873184204102
-0.002025508685324551,0.22459888543161036,-0.2023079513003803,-0.07799192817119968,-87.84620037,70431912,69.008425,0.0,78.60960990106362,-0.007096354166666727,0.001245659342708273,0.07053721783538223,-0.11064769745942594,-3.076226696288086e-08,0.0,0.0,9.311874710799497,566,244.48,-0.15512218891181118,0.01,-0.012736509029639171,-0.19005560973586685,0.0,-0.0059719643519943405,4120,0.2933895,-0.4327772633691647,0.0,0.0,-0.14828410323597996,1.4344699848949505,0.0,-0.18849463203917494,-0.0010816270394607421,-0.013697701078894797,-0.4476175183516636,-0.03579719724139246,-0.5,2531,-0.025229472689902124,0.582520415,0.0,-0.009383768050207032,-34.08376598358154,0.9991891980171204,0.22646787911653518,0.2,-0.16512653231620789,0.295361328125,15072,0.00026479326,0.030159052,-0.01056476408848539,1.002729892730713
-0.0020431845262729033,0.2248087311421047,-0.2018655560333437,-0.07732072130787018,-88.56229092999997,70450344,69.019945,0.0,78.68305589973664,-0.007259114583333383,0.0013802078578414188,0.0680541471189138,-0.11040476891267154,-3.295423295410196e-08,0.0,0.0,9.328045569095021,567,244.93,-0.15864520735752127,0.01,-0.012868566938259518,-0.19067378051796202,0.0,-0.006472066459234744,4121,0.2934663,-0.43353376806428506,0.0,0.0,-0.15047047465104943,1.4213009880688392,0.0,-0.19138077768221737,-0.0009768966778806647,-0.01383792454863619,-0.45424989273295796,-0.03592707832184691,-0.5,2535,-0.02545667126837296,0.582502751,0.0,-0.009779952185150856,-34.07910690307617,0.9986416697502136,0.30364319160580633,0.2,-0.21338503062725067,0.2380126953125,15076,0.000264784044,0.027051002,-0.014861334743909538,1.0021848678588867
-0.0020844831951184876,0.23011191577113657,-0.20517105887268777,-0.07913138160641163,-88.10015729000001,70468776,69.031465,0.0,80.5391705198978,-0.007345920138888932,0.001117078703828156,0.0700129959312957,-0.11061821687597044,-3.211508007389478e-08,0.0,0.0,9.811090461409353,568,242.61,-0.16133768493535675,0.01,-0.013201365499924421,-0.19340750153327602,0.0,-0.005003578553874912,4121,0.2935431,-0.4440812286527617,0.0,0.0,-0.15548860497430905,1.423482008635266,0.0,-0.19611505836667362,-0.0008935524594603159,-0.014241782788105478,-0.4715699424453183,-0.03650284696633074,-0.5,2540,-0.025352118776219273,0.582485087,0.0,-0.009325851726720834,-34.07468204498291,0.9991636872291565,0.21013797894120217,0.2,-0.28442633152008057,0.27255859375,15080,0.000264774828,0.030564135,-0.020227857027202846,1.001798391342163
-0.002049067700366511,0.22549391436429866,-0.20939505196559757,-0.08092918564503872,-88.05628773000001,70487208,69.042985,0.0,78.92287002750453,-0.0073025173611111615,0.00145128009090614,0.07031068057328099,-0.11054972952937865,-3.245581703355422e-08,0.0,0.0,9.32406247177266,569,243.94,-0.16328335768913793,0.01,-0.012943958393301055,-0.19479474961286883,0.0,-0.0056880687221227515,4121,0.2936199,-0.4333848807768015,0.0,0.0,-0.1518165549855501,1.4452990669779557,0.0,-0.19615198215396457,-0.0015321061280854915,-0.01437863671995784,-0.4587794463345213,-0.03601367097687737,-0.5,2544,-0.02617132996613726,0.582467423,0.0,-0.009914771561549665,-34.07498416900635,0.9966856837272644,0.6581042036414146,0.2,-0.17886629700660706,0.2375732421875,15084,0.00026476561199999997,0.02621991,-0.009378791460767389,1.0019454956054688
-0.0020883312580156355,0.22565819488719258,-0.21072295333354185,-0.0821707959052551,-89.15826593999998,70505640,69.054505,0.0,78.9803682105174,-0.007096354166666726,0.0011257592511052887,0.07053678235350709,-0.11058349253472687,-3.2699036399716905e-08,0.0,0.0,9.441023544688571,570,242.93,-0.1621343992328663,0.01,-0.01322315851244518,-0.19460912162364907,0.0,-0.0049401473556123735,4118,0.2936967,-0.44533961961330143,0.0,0.0,-0.1554393635714684,1.4375975740809752,0.0,-0.20039889045945933,-0.0015921702092007613,-0.014868699953179104,-0.4693233482184205,-0.03642457943015872,-0.5,2550,-0.026043480956671264,0.582449759,0.0,-0.009091614389843825,-34.07525405883789,0.994172215461731,0.9306087523698807,0.2,-0.0978582501411438,0.1874755859375,15088,0.000264756396,0.014860792,-0.008370363875292242,1.0017603635787964
-0.0020460813897628417,0.22877102007830102,-0.20772688810034548,-0.0778396772041266,-88.36685651000002,70524072,69.066025,0.0,80.06985702740536,-0.007074652777777837,0.0012603079214588636,0.07185935326757774,-0.11053110344906432,-3.031442785405008e-08,0.0,0.0,9.741320994553814,571,241.65,-0.1614181489957045,0.01,-0.012884705812399101,-0.19132782755391942,0.0,-0.0045070735310544716,4118,0.2937735,-0.4279227505834358,0.0,0.0,-0.15211852848126756,1.4505034133185293,0.0,-0.19520357199551738,-0.0009687822591550732,-0.013908688048354252,-0.4547084512456146,-0.03624972809164098,-0.5,2555,-0.02549635970870083,0.582432095,0.0,-0.009936607994152129,-34.07055950164795,0.9925466775894165,1.7992674708366394,0.2,0.24376964569091797,0.16427001953125,15092,0.00026474718,0.020477016,-0.009387398976832629,1.0014054775238037
-0.0020820177665223554,0.22042583952760791,-0.21015958751900757,-0.08062704236290055,-87.49222427,70542504,69.077545,0.0,77.14904383466278,-0.007052951388888949,0.0009380423386270801,0.07130850859108026,-0.11047536385883208,-3.1683607891309965e-08,0.0,0.0,9.027627190140432,572,240.04,-0.1564152131100168,0.01,-0.013024722966721077,-0.19394642652535146,0.0,-0.003930695638253531,4118,0.2938503,-0.43908580062820035,0.0,0.0,-0.15323963071652769,1.4596323651964538,0.0,-0.19563476454747475,-0.0012450762886731931,-0.014351004360153343,-0.4566704010269811,-0.036201414451498666,-0.5,2559,-0.026361277341813285,0.582414431,0.0,-0.009023388873578774,-34.07077178955078,0.9931812882423401,1.755051776766777,0.2,-0.1597314178943634,0.1694091796875,15096,0.000264737964,0.025859386,-0.009940083953551948,1.0014700889587402
-0.002100574014532535,0.21783896853935109,-0.2091547612230904,-0.07940808510516938,-87.23225343,70560936,69.089065,0.0,76.24363898877289,-0.007280815972222273,0.001035698424352126,0.07161447241398747,-0.1106417641367121,-3.0662072115001316e-08,0.0,0.0,8.786389127256651,573,242.32,-0.15675651946207658,0.01,-0.013194781082337077,-0.19363406115787923,0.0,-0.0035464701282016645,4118,0.2939271,-0.4446878685363161,0.0,0.0,-0.1541758263973473,1.454586652457643,0.0,-0.19184916186331746,-0.0012250697802034599,-0.014117082860612556,-0.4665212928809593,-0.03600112614933794,-0.5,2564,-0.026122126328628256,0.582396767,0.0,-0.00882916221032954,-34.08395195007324,0.9950790405273438,1.4261921256780625,0.2,-0.2816559970378876,0.2072021484375,15100,0.000264728748,0.028672779,-0.007155454333405942,1.0029219388961792
-0.002108764966111947,0.2220474559660285,-0.20964923648258946,-0.08045000163924755,-87.56025084,70579368,69.100585,0.0,77.71660958810997,-0.007052951388888949,0.0009705945461367568,0.06902413098777602,-0.1104981207559668,-2.9684453562412012e-08,0.0,0.0,9.082008629316753,574,241.4,-0.16128043369370998,0.01,-0.013206973924806742,-0.19098760550862312,0.0,-0.003681006325012246,4118,0.2940039,-0.4394510361310705,0.0,0.0,-0.15387011193444416,1.4561780860913947,0.0,-0.19543588558562602,-0.0012971005853548946,-0.014443377804225594,-0.46532911601352933,-0.036330355296744804,-0.5,2568,-0.025961862642806106,0.5823791030000001,0.0,-0.009172450372716412,-34.08622646331787,0.9992523789405823,0.18438123539090157,0.2,-0.2909110486507416,0.2548095703125,15104,0.000264719532,0.029974932,-0.016775867785327137,1.0025975704193115
-0.0020785285645200714,0.21936346013121216,-0.21461900259100827,-0.08168600740972963,-87.61231719999999,70597800,69.11210499999999,0.0,76.77721104592426,-0.007150607638888945,0.0009271917644784682,0.0720068794596433,-0.11064346268563183,-3.178012068708231e-08,0.0,0.0,8.903841137696467,575,239.53,-0.15377543969698731,0.01,-0.01311638512320057,-0.19806325612304715,0.0,-0.00396136680350145,4119,0.2940807,-0.43874143484781203,0.0,0.0,-0.15407506385294145,1.4524312659908607,0.0,-0.19189994756073592,-0.0013291390516741125,-0.014092880137843648,-0.461010806646511,-0.03603146868860798,-0.5,2572,-0.026635922108439396,0.582361439,0.0,-0.008531040815998696,-34.069387674331665,0.9931783676147461,1.9529870226979256,0.2,0.3469308018684387,0.2932281494140625,15108,0.00026471031599999996,0.05591723,-0.0019020048202946782,1.0014712810516357
-0.0020830361476789545,0.22346192708282217,-0.21498579029536663,-0.08169530290872132,-87.15101879999999,70616232,69.123625,0.0,78.21167447898776,-0.007237413194444494,0.0007649737979388899,0.07346044976761562,-0.11083686105858755,-3.050434316750757e-08,0.0,0.0,9.182952361107661,576,240.89,-0.153041104583965,0.01,-0.01308012177332949,-0.20178547641232342,0.0,-0.003739102632691971,4119,0.2941575,-0.43762374386831454,0.0,0.0,-0.1527012696348106,1.464028346557593,0.0,-0.19219136722970723,-0.0012234050189569054,-0.014111960179359458,-0.4539893472749495,-0.035561829286798186,-0.5,2577,-0.026684641338428038,0.582343775,0.0,-0.008817227112659667,-34.07862014770508,0.9968392848968506,0.9106122076511383,0.2,0.08031269907951355,0.2460205078125,15112,0.0002647011,0.0279576,-0.005277619638945907,1.0022931098937988
-0.002106796704521255,0.22579599968945863,-0.22476316128489782,-0.0838123948472805,-87.28071154999999,70634664,69.135145,0.0,79.02859989131052,-0.007269965277777827,0.0007047524559311569,0.07184113742132361,-0.11096368995092339,-3.1721353700345085e-08,0.0,0.0,9.435466228921289,577,239.83,-0.1561044134989699,0.01,-0.01324837479493558,-0.20273928472422872,0.0,-0.0031867004269679846,4119,0.2942343,-0.448258076882903,0.0,0.0,-0.15584454948232518,1.469787745950245,0.0,-0.19431945817730775,-0.0013400485810574115,-0.014488279992939132,-0.471830651439856,-0.03589655429445306,-0.5,2581,-0.027470491486919768,0.582326111,0.0,-0.007898447579160953,-34.086900520324704,0.9989698529243469,0.275641031563282,0.2,-0.22339394688606262,0.2591552734375,15116,0.000264691884,0.024791721,-0.013952807895839215,1.0027744770050049
-0.002081455282727449,0.22958530668604885,-0.2163157308599183,-0.08234638752938321,-87.67120725000001,70653096,69.146665,0.0,80.35485734011709,-0.007291666666666714,0.0008957246771185762,0.07176881121072133,-0.1107160365639515,-3.141234780901342e-08,0.0,0.0,9.750165106553665,578,239.53,-0.1544504024932387,0.01,-0.013097242172611219,-0.1992201375158379,0.0,-0.003259425523471983,4119,0.2943111,-0.4377812279521073,0.0,0.0,-0.15346379819951741,1.4698879183264575,0.0,-0.19167510118194134,-0.0010058204154842888,-0.013831918585959103,-0.45668673911889823,-0.03552077948097929,-0.5,2586,-0.026966703181565754,0.582308447,0.0,-0.008299243904831301,-34.07947540283203,0.9990024566650391,0.2748670823872089,0.2,-0.24516178667545319,0.25958251953125,15120,0.000264682668,0.02807979,-0.015430159750394523,1.0022777318954468
-0.002089008747591858,0.2255269978569352,-0.21668465447112228,-0.08135214669210115,-87.52453931,70671528,69.158185,0.0,78.93444924992733,-0.007519531250000038,0.0010427515307027432,0.07020019007609477,-0.11072141396184426,-3.275104183963746e-08,0.0,0.0,9.423331667331306,579,242.41,-0.15725865946564993,0.01,-0.013139260197414493,-0.19660365646705566,0.0,-0.004261419030330107,4119,0.2943879,-0.4356115155408027,0.0,0.0,-0.15332786326955253,1.4696196392275114,0.0,-0.19284633081323466,-0.0009066364246758329,-0.013585151428064084,-0.46036816974401185,-0.03606404748641386,-0.5,2590,-0.02699488307108884,0.582290783,0.0,-0.009015251191966753,-34.08028144836426,0.9932344555854797,1.8617529898881913,0.2,1.1353306770324707,0.258154296875,15124,0.000264673452,0.026553178,-0.007749302103184164,1.0022690296173096
-0.002102932068892843,0.2248155493735826,-0.22383123037260091,-0.08339504363248675,-87.46358454,70689960,69.169705,0.0,78.68544228075392,-0.0073676215277778245,0.0009629990672692657,0.06866134674515581,-0.11067813749702415,-3.1869635347988206e-08,0.0,0.0,9.404933836277932,580,241.02,-0.1604431032924315,0.01,-0.01329897195118253,-0.1976830719853989,0.0,-0.0038231884054240814,4119,0.2944647,-0.44730182724601497,0.0,0.0,-0.15730685831926883,1.4721501801563022,0.0,-0.19557288083957383,-0.0008185639189551457,-0.01393792469982051,-0.46548505526395156,-0.03605523905661442,-0.5,2594,-0.027799521198358195,0.582273119,0.0,-0.008845574432699423,-34.076494979858396,0.9988732933998108,0.2712076909840107,0.2,-0.28084617853164673,0.20865478515625,15128,0.000264664236,0.025941387,-0.017629400425357745,1.0020142793655396
-0.0020931892078418024,0.22380948385797295,-0.21778598063966143,-0.08141007098490166,-88.22273888999999,70708392,69.18122500000001,0.0,78.33331935029054,-0.007443576388888928,0.000974934819775323,0.06751591994475863,-0.11073893215810489,-3.078270126732665e-08,0.0,0.0,9.833799458230516,581,239.19,-0.16563625593994083,0.01,-0.013278892877857504,-0.1959254391006791,0.0,-0.004595044004057343,4119,0.2945415,-0.4417531633040841,0.0,0.0,-0.15572880633870112,1.4597622420054743,0.0,-0.1905780324591556,-0.0007754815091918427,-0.013318474193866552,-0.47303549554770985,-0.03552866478752989,-0.5,2599,-0.026549626100307908,0.582255455,0.0,-0.009919654526230361,-34.07153167724609,0.9943816661834717,0.809114983677864,0.2,-0.1852298080921173,0.23231201171875,15132,0.00026465502,0.019519735,-0.0044312516343779865,1.0016086101531982
-0.002109966855348476,0.22403086675316447,-0.21800192210012084,-0.08192127002628663,-88.71886868000001,70726824,69.192745,0.0,78.41080336360757,-0.007519531250000038,0.0009429251982106103,0.0689554467841856,-0.11064386281481647,-3.1162210913550754e-08,0.0,0.0,9.252207160029654,582,240.5,-0.16395860005913743,0.01,-0.013417808320383057,-0.19402799395094664,0.0,-0.00491151334257162,4120,0.2946183,-0.44743133375265537,0.0,0.0,-0.15867623858922902,1.4502745321768011,0.0,-0.19390914121949257,-0.0012052114765419395,-0.0143813603276941,-0.46915854219810477,-0.03584601912093532,-0.5,2603,-0.026890683450428287,0.5822377910000001,0.0,-0.009932539990081245,-34.06537837982178,0.9862679243087769,3.3643282055854797,0.2,1.139491319656372,0.17489013671875,15136,0.00026464580399999997,0.016757408,-0.007935036474373191,1.000927209854126
-0.0020581901788520557,0.22404279493748316,-0.21114075021780343,-0.0801217508513637,-88.00988842000001,70745256,69.20426499999999,0.0,78.41497822811911,-0.007107204861111171,0.0007671440382384592,0.06656400238391472,-0.11064085031697146,-3.168474309540576e-08,0.0,0.0,9.332566783389053,583,243.87,-0.15861712304593342,0.01,-0.013007512433333333,-0.18931491046042048,0.0,-0.00667111621313462,4120,0.2946951,-0.43230695408251374,0.0,0.0,-0.15331797685522486,1.4413588371637966,0.0,-0.19051887176162524,-0.001156561256468034,-0.014116705960586796,-0.4577363302178832,-0.03542815858153256,-0.5,2608,-0.025960206382682007,0.582220127,0.0,-0.010208961175521836,-34.06115550994873,0.9888752102851868,2.8323308348655702,0.2,1.3933970928192139,0.12470703125,15140,0.000264636588,0.016195297,-0.01022841598605737,1.0007338523864746
-0.0020834772697848492,0.22507747131709405,-0.2192271971276951,-0.08104742992552402,-87.45295549000001,70763688,69.215785,0.0,78.77711496098291,-0.007052951388888946,0.0007014972507022321,0.0696644380807489,-0.11089786282168862,-3.070718088736816e-08,0.0,0.0,9.387581501228153,584,243.17,-0.15820287147137832,0.01,-0.01313185932502772,-0.1983605126008831,0.0,-0.004479899639907396,4120,0.2947719,-0.43582955544305363,0.0,0.0,-0.15332272098573962,1.4910147366577795,0.0,-0.19078297592531024,-0.0008756900487990416,-0.013525587168329483,-0.4568540461442459,-0.03561747471009582,-0.5,2612,-0.027466317640573,0.582202463,0.0,-0.00946731689812926,-34.064200210571286,0.9969836473464966,0.5854195311665535,0.2,-0.13802364468574524,0.1644287109375,15144,0.000264627372,0.021325244,-0.014803947194013744,1.001089334487915
-0.0020485060636358616,0.22219973794505993,-0.2161160311303481,-0.08091969492764212,-87.33167953999998,70782120,69.227305,0.0,77.76990828077098,-0.007356770833333379,0.0008859590096916589,0.07083275915543306,-0.11081817159394196,-3.0196377729499296e-08,0.0,0.0,9.06198670134974,585,241.78,-0.15478140311647762,0.01,-0.013012851736625827,-0.19549275823097323,0.0,-0.0040774089543057085,4120,0.2948487,-0.4308896484217148,0.0,0.0,-0.1525263468719125,1.4605998646753537,0.0,-0.18970044758103788,-0.0009140308244663903,-0.01349302092382028,-0.45250480860817455,-0.035553342081090636,-0.5,2616,-0.026937430691706215,0.582184799,0.0,-0.009436121372143842,-34.07170085906982,0.9985044598579407,0.32437925040721893,0.2,-0.24280616641044617,0.22564697265625,15148,0.000264618156,0.027033877,-0.01703551874961704,1.001753568649292
-0.002124091848655499,0.23003213351558338,-0.22136404681246116,-0.08478592736338894,-87.65429110000001,70800552,69.23882499999999,0.0,80.51124673045419,-0.007530381944444482,0.0006635198628322945,0.06478636325103057,-0.11087550509368875,-3.277188464673169e-08,0.0,0.0,9.915946108897844,586,241.94,-0.16307575584441597,0.01,-0.01342056573848259,-0.2024779189601972,0.0,-0.00481477107739077,4120,0.2949255,-0.4519692948355366,0.0,0.0,-0.1565253205076215,1.4600056943669082,0.0,-0.19995525602902375,-0.0010012435145722238,-0.013800433811320057,-0.4773222876728363,-0.03566494730167135,-0.5,2621,-0.027753428484926256,0.5821671350000001,0.0,-0.009895105359545495,-34.073034858703615,0.9939113855361938,0.946627913415432,0.2,-0.20795376598834991,0.272998046875,15152,0.00026460894,0.027454931,-0.0025862200767733158,1.0015912055969238
-0.002053012789427531,0.23014520886041118,-0.21389472173777965,-0.08132591805693933,-88.34902602999999,70818984,69.250345,0.0,80.5508231011439,-0.0071397569444445015,0.0007221134405376182,0.06896260242420403,-0.11091518825640635,-3.107477800987159e-08,0.0,0.0,9.787982678010774,587,244.5,-0.15657332603970106,0.01,-0.012985859544850925,-0.19372488375937977,0.0,-0.005170967246150263,4120,0.2950023,-0.4356584433134223,0.0,0.0,-0.15299901913891756,1.44262407999826,0.0,-0.18909339444124854,-0.0009318537296550711,-0.013423621904171491,-0.45999083667692975,-0.035161932139724274,-0.5,2625,-0.026290091604986406,0.582149471,0.0,-0.009695046375984222,-34.07153205871582,0.9929968118667603,1.6833028972148896,0.2,0.019812971353530884,0.2242431640625,15156,0.000264599724,0.026169691,-0.00843502440256998,1.001594066619873
-0.0020681168180513828,0.23080612074046164,-0.2167501666867385,-0.0812810374949877,-88.46254458,70837416,69.261865,0.0,80.78214225916157,-0.007194010416666722,0.0009060326135820813,0.06885292579337923,-0.11052451652135475,-3.1895225049161115e-08,0.0,0.0,9.864648209594888,588,245.82,-0.166073332801966,0.01,-0.013050429483853807,-0.19605098110594715,0.0,-0.005090527159990322,4120,0.2950791,-0.43388169600374227,0.0,0.0,-0.1533532192320762,1.4595787510204423,0.0,-0.19411114025469073,-0.0009604047188911061,-0.013414214698522964,-0.46782226844334474,-0.03555313718540275,-0.5,2629,-0.02721340612096309,0.582131807,0.0,-0.01011659443934655,-34.074195098876956,0.9980559945106506,0.394283290207386,0.2,-0.24742405116558075,0.187841796875,15160,0.00026459050799999996,0.022880232,-0.01522837117081508,1.0017750263214111
-0.0020386089151314874,0.23105383204026186,-0.21134129415313818,-0.0823883296972036,-87.98155601,70855848,69.273385,0.0,80.86884121409165,-0.007378472222222269,0.0012988275266252458,0.06848603412462423,-0.11074106691069299,-3.047924046956928e-08,0.0,0.0,10.120024948468348,589,244.45,-0.15399437280363773,0.01,-0.012820220258106915,-0.19388339713297328,0.0,-0.004339261935379846,4121,0.2951559,-0.4336049633747525,0.0,0.0,-0.15061699713529106,1.4638208790853693,0.0,-0.18996297040835636,-0.0008062114753298037,-0.012862015555503844,-0.45052359317746293,-0.035879801872054785,-0.5,2634,-0.026636964481536785,0.582114143,0.0,-0.009603221818300275,-34.07978992462158,0.9977434277534485,0.4720442697405815,0.2,-0.04731881618499756,0.2645751953125,15164,0.000264581292,0.028062081,-0.010989465727470815,1.0023880004882812
-0.0020657565508148705,0.21943311969294077,-0.213372460565662,-0.0828754134915188,-88.35500611000002,70874280,69.28490500000001,0.0,76.80159189252927,-0.0072482638888889395,0.0010655377959159927,0.06526480215986782,-0.11058871488833351,-3.20411208049468e-08,0.0,0.0,8.888866424273404,590,244.8,-0.1587110950586615,0.01,-0.0130049998821269,-0.1947281930738248,0.0,-0.005116617664466242,4121,0.2952327,-0.44108359300408917,0.0,0.0,-0.15273059918201837,1.4582675264646197,0.0,-0.19030867431765566,-0.0009240870385781917,-0.01309722569575745,-0.45810439929880986,-0.035329620688976326,-0.5,2638,-0.027103265942362172,0.582096479,0.0,-0.010009579488218555,-34.08908557891846,0.9991569519042969,0.21386201530694962,0.2,-0.27855047583580017,0.2310546875,15168,0.000264572076,0.026355375,-0.018775287573225795,1.0029263496398926
-0.002065902003564448,0.22562757404569164,-0.21249848999931312,-0.08115743946640039,-88.08654370000001,70892712,69.296425,0.0,78.96965091599208,-0.007519531250000038,0.0012364360477982296,0.0671318889183538,-0.11051426328299527,-2.931368835590296e-08,0.0,0.0,9.383425499600136,591,243.44,-0.16161360609835526,0.01,-0.013052276027647133,-0.1895935056882762,0.0,-0.004603546256822923,4121,0.2953095,-0.43479839276432203,0.0,0.0,-0.15386106548366063,1.4511356476071289,0.0,-0.1885921287375957,-0.0011297677822305402,-0.013622416049044357,-0.4614382015420387,-0.035783500573306946,-0.5,2643,-0.0268069551352319,0.582078815,0.0,-0.010371177040118104,-34.08938465118408,0.9992284774780273,0.19364612475037574,0.2,-0.2808120846748352,0.28433837890625,15172,0.00026456286,0.029774353,-0.016486748296301812,1.0031064748764038
-0.002123978422257665,0.2235223098867271,-0.20904660616936035,-0.081387934042134,-88.45421768,70911144,69.30794499999999,0.0,78.23280846035449,-0.007638888888888919,0.0009966354312685628,0.06595743555662503,-0.1106356207509061,-3.085435748447367e-08,0.0,0.0,9.278078087686232,592,242.21,-0.16442718473306775,0.01,-0.013395587873271894,-0.19133799881972716,0.0,-0.004222655154858605,4121,0.2953863,-0.44645882661056224,0.0,0.0,-0.1575481338910373,1.4276531441809903,0.0,-0.1982992219384175,-0.0009329153370345966,-0.01354883346132578,-0.47821782845844585,-0.03620228725878976,-0.5,2647,-0.025838946119991123,0.582061151,0.0,-0.01014561960053268,-34.08166007995605,0.9927211403846741,1.805812305212021,0.2,0.24476972222328186,0.285986328125,15176,0.000264553644,0.037063498,-0.0054710959549993275,1.002260446548462
-0.002062293587265401,0.2188041754119791,-0.21031621853032778,-0.08141300711732068,-87.96940559000001,70929576,69.319465,0.0,76.58146139419269,-0.007237413194444496,0.0010096565690926379,0.06947673473779004,-0.11052397700404291,-3.0911950149738196e-08,0.0,0.0,8.812161490260632,593,243.57,-0.16497102911766373,0.01,-0.013091149243526905,-0.1905707325974877,0.0,-0.003937205207159086,4121,0.2954631,-0.43609514950621364,0.0,0.0,-0.1547821134904556,1.4618504221069688,0.0,-0.19003224154525633,-0.0010610125120806974,-0.012917508231123287,-0.457565934296684,-0.03571653323659321,-0.5,2652,-0.026667364666214617,0.582043487,0.0,-0.010276234705492647,-34.067411231994626,0.991064190864563,1.7428764522075653,0.2,0.19527608156204224,0.08199462890625,15180,0.000264544428,0.010632192,-0.009275385004002601,1.001129150390625
-0.00204777486746125,0.23339571152511818,-0.2118082501243369,-0.08093479556950306,-87.84785122999997,70948008,69.330985,0.0,81.68849903379136,-0.00719401041666672,0.0008273648369746903,0.06833068747288876,-0.11064616596972875,-3.142454049949113e-08,0.0,0.0,10.090416896892531,594,244.9,-0.15802874175377746,0.01,-0.012950433060415122,-0.19430534962691456,0.0,-0.004827362544881367,4121,0.2955399,-0.43216426430105814,0.0,0.0,-0.15115038560759475,1.4644743122167891,0.0,-0.1877110553912894,-0.000983418404618558,-0.012950429219403451,-0.45642963321708735,-0.03546801965896676,-0.5,2656,-0.02692177399465553,0.582025823,0.0,-0.009908938951816203,-34.066795349121094,0.9934038519859314,0.9229045003652573,0.2,-0.05768844485282898,0.08792724609375,15184,0.000264535212,0.014845292,-0.008668763469904662,1.0011471509933472
-0.002062896426919282,0.2295857582974627,-0.21474793383061888,-0.08363096772151418,-87.31210334999997,70966440,69.342505,0.0,80.35501540411194,-0.007313368055555604,0.0007590058117380573,0.06490109847638102,-0.11049764642858381,-3.1170224356214974e-08,0.0,0.0,9.714515134988007,595,243.57,-0.15658292609472382,0.01,-0.01305527353375258,-0.19706131681526495,0.0,-0.004484420981577051,4121,0.2956167,-0.43428436603121495,0.0,0.0,-0.1537144699594054,1.4703408990067368,0.0,-0.19459566444854037,-0.001092591187189351,-0.013067210363958227,-0.4558654703984824,-0.035734492094532805,-0.5,2660,-0.027546634444587888,0.582008159,0.0,-0.009754180743281419,-34.06767559051514,0.9979918599128723,0.36139967292547226,0.2,-0.22738590836524963,0.165380859375,15188,0.00026452599599999997,0.022830334,-0.014982556866016239,1.0012822151184082
-0.0020711830888020936,0.22680221812128185,-0.20732299925922704,-0.08101121095396586,-87.4656671,70984872,69.35402500000001,0.0,79.38077634244864,-0.00747612847222226,0.0008799907065824502,0.06764102655035614,-0.11077932348040637,-3.047121379202172e-08,0.0,0.0,9.455685091547736,596,244.48,-0.15895135368507873,0.01,-0.013011174950685966,-0.19214369690991887,0.0,-0.004181649748425083,4121,0.2956935,-0.43807982845465215,0.0,0.0,-0.15267974035407814,1.4404927486198515,0.0,-0.19230422742989914,-0.0009287357834172333,-0.013249655583360467,-0.4636613350100263,-0.0354253870105533,-0.5,2665,-0.026090112805095378,0.581990495,0.0,-0.010107370518704152,-34.07209854125976,0.999289870262146,0.17429130226373674,0.2,-0.30050837993621826,0.238916015625,15192,0.00026451678,0.0274484,-0.018959736404940485,1.0013964176177979
-0.0020791817986085003,0.2262500619612991,-0.21331944241361328,-0.08057978466120014,-88.59002454000002,71003304,69.365545,0.0,79.18752168645469,-0.0072157118055556115,0.0010405811190139502,0.06757402415813536,-0.11081377950446918,-3.1281590113436734e-08,0.0,0.0,9.52763274571266,597,246.0,-0.16126103295393898,0.01,-0.013052600441464758,-0.19357229096759238,0.0,-0.005364279505384397,4119,0.2957703,-0.4316674206295652,0.0,0.0,-0.15235459051157052,1.4494613053961942,0.0,-0.19758219294030827,-0.001143895896671144,-0.012990851611643128,-0.4623448624801626,-0.03605952324915746,-0.5,2671,-0.02692335075180436,0.581972831,0.0,-0.010522544529521838,-34.072825813293456,0.9991685748100281,0.2159213826060295,0.2,-0.2817753553390503,0.30828857421875,15196,0.000264507564,0.033666838,-0.014812366012483836,1.0020250082015991
-0.0020794128665264948,0.23355856930256505,-0.2159029896975562,-0.08104363523499164,-87.87589179999999,71021736,69.37706499999999,0.0,81.74549925589777,-0.007302517361111159,0.0009185108356177807,0.06921555814299787,-0.11089324384051556,-3.159422932932868e-08,0.0,0.0,10.16330823585193,598,244.73,-0.16099983038328902,0.01,-0.013167609116570826,-0.19868213758279918,0.0,-0.004513360651478746,4119,0.2958471,-0.4362875271525225,0.0,0.0,-0.15410729277778773,1.464615078967308,0.0,-0.19433703548339498,-0.0008606661380303837,-0.012804399460350214,-0.4707329871121486,-0.03559273894027848,-0.5,2675,-0.02753055114356591,0.581955167,0.0,-0.009967396732665494,-34.081478881835935,0.9992359280586243,0.19982819631695747,0.2,-0.28437691926956177,0.28575439453125,15200,0.000264498348,0.028766483,-0.01689818821614608,1.002394437789917
-0.0020896985268130776,0.22595519172367506,-0.22040785285093548,-0.08239697487181788,-87.88271771,71040168,69.388585,0.0,79.08431710328627,-0.007128906250000057,0.0008181421888164348,0.0656345965741689,-0.11092399743872025,-3.2166240125399465e-08,0.0,0.0,9.529799976057555,599,244.76,-0.16084029518407925,0.01,-0.01319578235884085,-0.1962772444453474,0.0,-0.005586659249147286,4119,0.2959239,-0.4369661795876898,0.0,0.0,-0.1539686107050545,1.4692171983947397,0.0,-0.1963806893302562,-0.0007015833224818056,-0.01244605966502969,-0.4639931558593675,-0.03563494173997824,-0.5,2680,-0.027799750165911703,0.581937503,0.0,-0.009937421986251138,-34.069880676269534,0.9995045065879822,0.13471900448203086,0.2,-0.31215694546699524,0.29576416015625,15204,0.000264489132,0.030130267,-0.017404785891994835,1.001220703125
-0.002037969459090675,0.22443864226656574,-0.2113870276577164,-0.08117318963246693,-87.63620291000001,71058600,69.400105,0.0,78.55352479329801,-0.0071831597222222765,0.0011897781126511593,0.06891426372484612,-0.11091561317124336,-3.040613358085087e-08,0.0,0.0,9.293054683859907,600,246.33,-0.16353065894267466,0.01,-0.012960032288322498,-0.19154281831924305,0.0,-0.005604889002391183,4119,0.2960007,-0.4316952358227064,0.0,0.0,-0.15307509111408824,1.4609461899365934,0.0,-0.19060510734831926,-0.0010121869839777925,-0.012482485074896075,-0.45403336644307035,-0.03497919880441889,-0.5,2684,-0.026761949341098514,0.581919839,0.0,-0.010775500958617259,-34.06403827667236,0.9993373155593872,0.1798639141023159,0.2,-0.3003268241882324,0.27344970703125,15208,0.000264479916,0.031248301,-0.017611270165070893,1.001291036605835
-0.0020445454111282808,0.223455465058339,-0.22066340908455837,-0.08344186801850786,-87.51126240000002,71077032,69.411625,0.0,78.20941277041865,-0.007042100694444505,0.0009716793946507904,0.06694473479832186,-0.11098023793757605,-3.134603263582074e-08,0.0,0.0,9.085250567706055,601,242.76,-0.16013060960669884,0.01,-0.013017578356073452,-0.19839454942993318,0.0,-0.004496715747845548,4119,0.2960775,-0.43544958227878366,0.0,0.0,-0.15385932244552786,1.4838345888377176,0.0,-0.19357549989639422,-0.0010067133736494814,-0.012885428543559767,-0.4621641237960436,-0.03584244405024257,-0.5,2688,-0.02815244710981686,0.581902175,0.0,-0.009998999823841991,-34.066531562805174,0.9993783831596375,0.1698381222784519,0.2,-0.297037810087204,0.273046875,15212,0.00026447069999999996,0.029473862,-0.016235587559640406,1.001609206199646
-0.002088403353184528,0.22675431335211552,-0.22143944339397864,-0.0830292896232281,-87.95995148999998,71095464,69.423145,0.0,79.36400967324043,-0.007280815972222271,0.0009255637705791742,0.06629916373754348,-0.11093333026048961,-3.177998900278879e-08,0.0,0.0,9.547985766677606,602,241.48,-0.15786641015925604,0.01,-0.013277467707217045,-0.19798367624368896,0.0,-0.003798233736994382,4119,0.2961543,-0.4378599715906979,0.0,0.0,-0.15632035751748405,1.4754970936070615,0.0,-0.19946257056233258,-0.0010781827060933407,-0.013143247756960526,-0.4707423611312929,-0.03559293021067936,-0.5,2693,-0.0278610669368575,0.581884511,0.0,-0.009546526253365705,-34.06660766601563,0.9961118102073669,0.7027434974908828,0.2,-0.15273389220237732,0.3292236328125,15216,0.000264461484,0.027238036,-0.0026954759610816835,1.0013659000396729
-0.0020697926062296103,0.22031781150187515,-0.21202469174049524,-0.08158586782302096,-88.45201685000002,71113896,69.434665,0.0,77.1112340256563,-0.006976996527777842,0.0005289711342710587,0.06801199781105273,-0.1107472447191904,-3.173311526362211e-08,0.0,0.0,8.979975116959347,603,243.14,-0.16218377583324092,0.01,-0.013199343909470206,-0.19367144348498752,0.0,-0.006345568115604016,4120,0.2962311,-0.4409020634300813,0.0,0.0,-0.1549301904980094,1.4548621783151043,0.0,-0.19277854047499055,-0.0006566785633720307,-0.013140974242604757,-0.4580390750298419,-0.036133760192978856,-0.5,2697,-0.027124455566647353,0.581866847,0.0,-0.010414173113531433,-34.070272827148436,0.991435706615448,2.4039346873760223,0.2,0.6140519380569458,0.18729248046875,15220,0.000264452268,0.01769034,-0.00749458943028003,1.0014867782592773
-0.0020726623404081585,0.2233767658914733,-0.21574210730074672,-0.08197591203209939,-88.03364001000001,71132328,69.446185,0.0,78.18186806201565,-0.007280815972222269,0.0005414493627742761,0.06839432106790364,-0.11084418077832195,-3.0952819114435876e-08,0.0,0.0,9.154596814901359,604,242.42,-0.1610810365709806,0.01,-0.013220456605156682,-0.19512158912287988,0.0,-0.004861447838520067,4120,0.2963079,-0.4433075228088244,0.0,0.0,-0.15737627196780257,1.4510395692745326,0.0,-0.19619130317594238,-0.0010896886943092378,-0.013743288148075938,-0.46460575376886887,-0.03593983028297291,-0.5,2702,-0.0273412589611691,0.581849183,0.0,-0.009704133201416375,-34.07232799530029,0.9983112215995789,0.36581003218889235,0.2,-0.20787623524665833,0.1269775390625,15224,0.000264443052,0.016203623,-0.012421695224475116,1.0016648769378662
-0.002097293705285672,0.2304900687743086,-0.2200950164782139,-0.08496999274167472,-87.02165339999999,71150760,69.457705,0.0,80.67152407100801,-0.006966145833333399,0.00041558139491826296,0.06894114001735822,-0.1109001548799573,-3.2275787003663595e-08,0.0,0.0,9.867930714263842,605,242.06,-0.15575685947035028,0.01,-0.013388917284719484,-0.20127270873647501,0.0,-0.003291671111870883,4120,0.2963847,-0.447361354858419,0.0,0.0,-0.15675616637466266,1.4875120198145675,0.0,-0.19905959297603568,-0.0008881643681171202,-0.01372262794060023,-0.4677996280036727,-0.03599578221180283,-0.5,2706,-0.028130574678842987,0.581831519,0.0,-0.00845712081677953,-34.071896171569826,0.9921302795410156,1.425103086233139,0.2,0.21838343143463135,0.23624267578125,15228,0.000264433836,0.022277905,-0.005187701142858714,1.0014513731002808
-0.0020636729139015797,0.22453781920429966,-0.22041256467790307,-0.0824005466132836,-88.51903644000002,71169192,69.469225,0.0,78.58823672150488,-0.007052951388888952,0.0007448999709191008,0.06374827281931682,-0.1109462135781437,-3.236243352928346e-08,0.0,0.0,9.376749034927064,606,242.84,-0.16650722842886082,0.01,-0.013190762487263773,-0.19768977661058526,0.0,-0.006265045756144597,4120,0.2964615,-0.43877497082842004,0.0,0.0,-0.15536635867211449,1.4712093808291107,0.0,-0.19232068106634476,-0.0006957386554063634,-0.013051930050205328,-0.46777457893362595,-0.03529387472037724,-0.5,2710,-0.027827605863042622,0.581813855,0.0,-0.010344593290938064,-34.076767158508304,0.9993263483047485,0.15773213505744935,0.2,-0.3058600425720215,0.21468505859375,15232,0.00026442462,0.023662139,-0.018961084040347485,1.0020945072174072
-0.002078831594441189,0.229796454003422,-0.2186877748690986,-0.08304841702724167,-87.70590772000001,71187624,69.480745,0.0,80.4287589011977,-0.007367621527777822,0.000788845024847736,0.06747517998265286,-0.1109158856199543,-3.101632274053539e-08,0.0,0.0,9.728027915840126,607,243.11,-0.1579901644477858,0.01,-0.0131826558451832,-0.19467632243344715,0.0,-0.004086036874179961,4120,0.2965383,-0.4388692491155939,0.0,0.0,-0.155228453938255,1.4729767954931567,0.0,-0.19498333342739677,-0.000803474141468702,-0.012920159646246938,-0.4546989815163396,-0.03564275433148947,-0.5,2715,-0.027879485025866457,0.581796191,0.0,-0.009429746569367126,-34.07407836914062,0.9915523529052734,1.970543223619461,0.2,0.4819513261318207,0.26246337890625,15236,0.000264415404,0.025200337,-0.0037810683366842567,1.0015803575515747
-0.002064598175093188,0.22195112439005257,-0.22346158508666353,-0.08249539527155571,-87.58559251999999,71206056,69.492265,0.0,77.6828935365184,-0.007063802083333393,0.0006895614981961747,0.06498006565081609,-0.11076727493606663,-3.297978922472902e-08,0.0,0.0,9.081194072017862,608,244.32,-0.15787613023590677,0.01,-0.013187530159828636,-0.19843128070406105,0.0,-0.005083820345121971,4120,0.2966151,-0.4398226355237369,0.0,0.0,-0.1561219553328085,1.4735984764865646,0.0,-0.1923283221270803,-0.0007951504791818237,-0.012542308430500497,-0.4629618853980765,-0.03598933349611067,-0.5,2719,-0.02837513222078138,0.581778527,0.0,-0.009842885412379272,-34.067871284484866,0.9990911483764648,0.1922718107700348,0.2,-0.3081202805042267,0.19034423828125,15240,0.00026440618799999997,0.021161476,-0.01726499036885798,1.001295566558838
-0.0020632473351116986,0.23003984186227802,-0.22220999658973933,-0.08337251880850198,-87.71784028,71224488,69.503785,0.0,80.5139446517973,-0.006966145833333399,0.000625542423222214,0.06289425244871721,-0.11084017330929334,-3.174055340334319e-08,0.0,0.0,9.796770399402423,609,244.95,-0.1618699874120853,0.01,-0.013305590654753072,-0.19748352767898153,0.0,-0.005926476158227742,4120,0.2966919,-0.4456453602889019,0.0,0.0,-0.15769949215568949,1.4741311790487504,0.0,-0.19332841143507837,-0.0006602688442469736,-0.012929674115830745,-0.46851093639258146,-0.035800360742858285,-0.5,2723,-0.02811088734647426,0.581760863,0.0,-0.010417835371400643,-34.07270412445068,0.9992087483406067,0.22116972729563714,0.2,-0.24852323532104492,0.27147216796875,15244,0.000264396972,0.031933036,-0.016383744520135225,1.0018240213394165
-0.0020969819379158925,0.2276642822518282,-0.2206488063999993,-0.08289162706583139,-87.31308934,71242920,69.515305,0.0,79.68249878813987,-0.007204861111111163,0.0006032981457085245,0.06789339623487801,-0.11097523399311406,-3.25384089530708e-08,0.0,0.0,9.657189234573378,610,244.78,-0.16258181771704167,0.01,-0.013438548097859944,-0.1960618364852714,0.0,-0.00432329283846992,4120,0.2967687,-0.44577025943458953,0.0,0.0,-0.15861348557751487,1.4632555441448902,0.0,-0.1994840910710032,-0.0007831684763502766,-0.013182800478618976,-0.4735972065854728,-0.035949283981001764,-0.5,2728,-0.02762129144672085,0.581743199,0.0,-0.009568906568650467,-34.07724933624267,0.9992846846580505,0.1891284056007862,0.2,-0.2545686960220337,0.27557373046875,15248,0.000264387756,0.02966879,-0.015465036535169929,1.0020045042037964
-0.002049637695360869,0.23241371671809874,-0.22106426522016942,-0.08284206006573314,-87.95484125000002,71261352,69.526825,0.0,81.34480085133455,-0.006944444444444511,0.0009358720886262341,0.06999520320707912,-0.11071145858340778,-3.198483971649818e-08,0.0,0.0,10.119323892263674,611,244.92,-0.15920989941014682,0.01,-0.013111878134485206,-0.1941860523239963,0.0,-0.0053190074903163714,4121,0.2968455,-0.43470952956903053,0.0,0.0,-0.15444684946722298,1.484165690685891,0.0,-0.18996207024821227,-0.0008190086625997695,-0.01217428228751862,-0.451785057136024,-0.036272750813789605,-0.5,2732,-0.02746394839113769,0.581725535,0.0,-0.009945424888024313,-34.07972793579101,0.9989398121833801,0.206999970972538,0.2,-0.28136155009269714,0.2490478515625,15252,0.00026437854,0.027692592,-0.014163563097827136,1.0025293827056885
-0.0020101499575144992,0.22521805033825032,-0.22323469362792014,-0.08209545296412774,-87.67293090999999,71279784,69.53834499999999,0.0,78.8263176183876,-0.0071180555555556135,0.0010866966848779055,0.07004767772989098,-0.11072772812585036,-3.057390302302814e-08,0.0,0.0,9.425202235953511,612,245.49,-0.16083165576511724,0.01,-0.013045997560869221,-0.19227199261005995,0.0,-0.006106369831944319,4121,0.2969223,-0.4279195020256966,0.0,0.0,-0.15493071237674683,1.4831989261974712,0.0,-0.1865811309988507,-0.0008784889464806334,-0.012686807709912838,-0.45107631507557233,-0.03576939489428848,-0.5,2737,-0.027739503873287958,0.581707871,0.0,-0.010282880217548356,-34.08630542755127,0.9989716410636902,0.25364822521805763,0.2,-0.26747268438339233,0.26343994140625,15256,0.000264369324,0.029461214,-0.01690639164298773,1.0027774572372437
-0.0020821131926728464,0.23085874083330404,-0.2219250673717497,-0.08164415997990035,-88.37453721000001,71298216,69.54986500000001,0.0,80.80055929165641,-0.007183159722222273,0.0006955293130077836,0.06761572704357732,-0.11077924692659862,-3.1542026894722134e-08,0.0,0.0,10.01227415203123,613,241.87,-0.16333729826797178,0.01,-0.013378840745491635,-0.19303130223571388,0.0,-0.00440316151055924,4121,0.2969991,-0.4412735252191758,0.0,0.0,-0.15913386084448194,1.4520573820914444,0.0,-0.19788170153612358,-0.0011415340499141505,-0.014056703464220511,-0.4714303493431414,-0.036076352322079994,-0.5,2741,-0.02678950881309975,0.581690207,0.0,-0.008932516311890341,-34.0817211151123,0.9995031952857971,0.1362183053046465,0.2,-0.3101029694080353,0.2642578125,15260,0.000264360108,0.02738716,-0.01681538812117651,1.00227952003479
-0.0020790745347434745,0.22672859388928573,-0.2296647190095801,-0.08288037080180888,-87.86296044000001,71316648,69.561385,0.0,79.35500786125,-0.007606336805555589,0.0014458543543393414,0.0695111258651168,-0.1107296478458995,-3.075947338000355e-08,0.0,0.0,9.558352307305633,614,242.2,-0.16120002460654115,0.01,-0.013450161670690294,-0.19553778073993114,0.0,-0.0029851403109921733,4121,0.2970759,-0.44638101757619963,0.0,0.0,-0.15962300377665026,1.4805827888008392,0.0,-0.193903308883129,-0.001133185311970248,-0.014407156334176793,-0.46672116913481293,-0.03630240016149179,-0.5,2745,-0.02851401765496518,0.581672543,0.0,-0.009361387236923393,-34.07328853607178,0.9931084513664246,1.3949683368206025,0.2,0.08514809608459473,0.3406005859375,15264,0.00026435089199999996,0.030566642,-0.0018360171001404525,1.0016241073608398
-0.002098725670824533,0.23508783376361214,-0.22810545944326746,-0.08296561577395614,-87.38859961000001,71335080,69.57290499999999,0.0,82.28074181726424,-0.007552083333333368,0.001377495238557458,0.0683839175064394,-0.11058877599347051,-3.0876177408442673e-08,0.0,0.0,10.290178176142954,615,242.32,-0.16345595079994132,0.01,-0.01349808984104059,-0.19310394684395044,0.0,-0.003237205368575866,4121,0.2971527,-0.44147017378196335,0.0,0.0,-0.16093588378392512,1.476839399801729,0.0,-0.19839007307802076,-0.0007347003391547082,-0.01329552339487165,-0.4721877885217812,-0.035813893814415215,-0.5,2750,-0.027532369813223257,0.581654879,0.0,-0.008697598522606617,-34.0745174407959,0.9990079998970032,0.2421232208609581,0.2,-0.2722039222717285,0.20751953125,15268,0.000264341676,0.02358348,-0.019727622112259268,1.0019097328186035
-0.0020864883091689327,0.2266920485455362,-0.22740379608252115,-0.08307880359764852,-86.72425093999999,71353512,69.584425,0.0,79.34221699093767,-0.007248263888888943,0.0008517791995675199,0.07199606151522753,-0.11067394554344484,-3.207239810712237e-08,0.0,0.0,9.461439858169198,616,241.96,-0.15601286608619694,0.01,-0.01345681999900941,-0.1943614681397388,0.0,-0.0034518979122346517,4121,0.2972295,-0.4386802608881478,0.0,0.0,-0.15928348066030668,1.492198074885147,0.0,-0.19461066233003624,-0.0008513894455881433,-0.013435858291704449,-0.4626860497861906,-0.03601531854467894,-0.5,2754,-0.027612106625840765,0.581637215,0.0,-0.008563185877089078,-34.08469734191895,0.9975977540016174,0.4289373457431793,0.2,-0.24255996942520142,0.24095458984375,15272,0.00026433246,0.022653129,-0.010450669738929719,1.0027766227722168
-0.002083656936557095,0.23500571303179182,-0.23385088897318923,-0.08436270367494841,-86.69439085,71371944,69.595945,0.0,82.25199956112714,-0.007378472222222267,0.0007541227160901246,0.07269012506992942,-0.11079218626359394,-3.2493633651942405e-08,0.0,0.0,10.535624776484822,617,239.28,-0.15890547767293092,0.01,-0.013458409128360141,-0.1983085794121356,0.0,-0.002684061538403125,4121,0.2973063,-0.43895923801393355,0.0,0.0,-0.16035979321838864,1.5058674283812619,0.0,-0.19599749332032446,-0.0008593902671526006,-0.01363233963539211,-0.4669244718225841,-0.03559261263501127,-0.5,2759,-0.028714643746134378,0.581619551,0.0,-0.008155201007159323,-34.07878017425537,0.9990278482437134,0.2695323169231415,0.2,-0.2631210386753082,0.23443603515625,15276,0.000264323244,0.02312318,-0.015310161979869008,1.0020005702972412
-0.002109419259841042,0.23005979137868382,-0.22926235459759658,-0.08449674595337178,-85.97695947,71390376,69.607465,0.0,80.52092698253934,-0.007052951388888949,0.0005164928960665646,0.07084168428074986,-0.11061566042134868,-3.313509220039149e-08,0.0,0.0,9.903958229268088,618,239.87,-0.16034599414532308,0.01,-0.013600639827674073,-0.19712810937879358,0.0,-0.002364600419156933,4122,0.2973831,-0.4458432456405276,0.0,0.0,-0.1625419000093528,1.4928799270129745,0.0,-0.20068727429463704,-0.0007322075555528672,-0.014041763545987098,-0.4765060008429397,-0.035981166461932876,-0.5,2763,-0.028436402855493974,0.581601887,0.0,-0.00819982378743589,-34.0736047744751,0.999226450920105,0.19603468850255013,0.2,-0.28248870372772217,0.25587158203125,15280,0.000264314028,0.027825039,-0.018157037789933383,1.0016554594039917
-0.002114335455610057,0.2308847308374662,-0.2335868250588156,-0.08495472708941068,-86.76641565999998,71408808,69.61898500000001,0.0,80.80965579311317,-0.007194010416666719,0.0006716578176969455,0.0687748027850815,-0.11047841127295227,-3.3265835385970096e-08,0.0,0.0,9.963813858586752,619,239.29,-0.16029781706540336,0.01,-0.013712846125499037,-0.20146114000497536,0.0,-0.0021632455329906454,4122,0.2974599,-0.44159472959321655,0.0,0.0,-0.1610353830569025,1.496588203954742,0.0,-0.20252698444909417,-0.0011760429414209798,-0.014251881445355438,-0.4777606531959912,-0.03631344726290705,-0.5,2767,-0.028448981486373797,0.581584223,0.0,-0.008084129118489929,-34.07477645874023,0.999372124671936,0.1566609274595976,0.2,-0.3107868432998657,0.2703369140625,15284,0.000264304812,0.025906622,-0.013984104664996267,1.0019638538360596
-0.0020958353532229764,0.22514307137379566,-0.22047326735792225,-0.08088080066498568,-86.21121198,71427240,69.630505,0.0,78.80007498082848,-0.007280815972222274,0.0008376730256713927,0.07200748775763717,-0.11056486492781113,-3.047116384776201e-08,0.0,0.0,9.342521911251513,620,241.54,-0.1615491067428817,0.01,-0.013558034057535572,-0.18679961719270455,0.0,-0.0025463531037605088,4122,0.2975367,-0.4371900052010439,0.0,0.0,-0.16096175830019677,1.4699448162531836,0.0,-0.19562078700048338,-0.0014014158849611506,-0.014134171152557254,-0.4670635698144438,-0.03552492932542197,-0.5,2772,-0.026567630853777273,0.581566559,0.0,-0.008274965513717487,-34.07354049682617,0.9974475502967834,0.47582457065582273,0.2,-0.13094474375247955,0.22056884765625,15288,0.000264295596,0.01836299,-0.007362328062299639,1.0016810894012451
-0.002063718022017134,0.2366572639528491,-0.23436692630785,-0.08403954770897695,-86.38823016,71445672,69.64202499999999,0.0,82.83004238349719,-0.0068793402777778435,0.0006412758569543561,0.06970573260564751,-0.11085386948792302,-3.150604377997027e-08,0.0,0.0,10.523804381519621,621,240.18,-0.15730242020217464,0.01,-0.0132885342036655,-0.20034981266787055,0.0,-0.002708057424567902,4122,0.2976135,-0.43825815255635875,0.0,0.0,-0.15812032589358593,1.5180001538633612,0.0,-0.19268537282891593,-0.0010060784611266602,-0.013462097594985577,-0.46536681027067966,-0.03503641573012023,-0.5,2776,-0.028701425503172298,0.5815488950000001,0.0,-0.008334778692288738,-34.071271896362305,0.9994343519210815,0.1396154545247555,0.2,-0.3072925806045532,0.22899169921875,15292,0.00026428637999999997,0.024843609,-0.018324272701283915,1.0015110969543457
-0.0021317880161985537,0.22675823562760591,-0.22715834768600424,-0.08381272312808422,-86.92547210000002,71464104,69.65354500000001,0.0,79.36538246966207,-0.0073567708333333775,0.0008919265949063831,0.0719632818935325,-0.11055040424211984,-3.368665135863092e-08,0.0,0.0,9.667531164423425,622,238.33,-0.1583723699091494,0.01,-0.013696860095068404,-0.1986580289713353,0.0,-0.002394809481621775,4122,0.2976903,-0.45211299022849094,0.0,0.0,-0.16203708864756133,1.4675975592508383,0.0,-0.20122724928194177,-0.0012252010483712187,-0.014507459917326635,-0.4756766978146699,-0.036088845172920055,-0.5,2781,-0.027746651974267622,0.581531231,0.0,-0.007579709519632161,-34.07126388549805,0.9993451833724976,0.1592620335519314,0.2,-0.30198997259140015,0.2522216796875,15296,0.000264277164,0.026624914,-0.017505891947075726,1.0018248558044434
-0.0020938915998245326,0.23133614571684538,-0.22745636303653363,-0.08339041118082757,-87.94491381000002,71482536,69.665065,0.0,80.96765100089588,-0.0074869791666667095,0.0008653425029478967,0.07124363525989114,-0.11047481346406406,-3.204309373904072e-08,0.0,0.0,9.964207609520123,623,236.23,-0.1670814961241184,0.01,-0.01361079829266811,-0.19671049799453974,0.0,-0.0029836378410371574,4122,0.2977671,-0.4444617188737607,0.0,0.0,-0.16305238322135543,1.4796157766213274,0.0,-0.19953314330144709,-0.0013374059032737926,-0.014811384970360102,-0.48195624987854324,-0.03582091353883536,-0.5,2785,-0.027804797320538158,0.581513567,0.0,-0.008691766459378414,-34.071449279785156,0.9932138919830322,1.531084018945694,0.2,0.5401864051818848,0.252392578125,15300,0.000264267948,0.030403784,-0.004685170412994921,1.001546859741211
-0.002130616507152247,0.2252827622485845,-0.22702446562746667,-0.08428580318472823,-87.06542713,71500968,69.67658499999999,0.0,78.84896678700458,-0.006868489583333397,0.0007514103846107093,0.06973896814781054,-0.11038794939912239,-3.218209677085987e-08,0.0,0.0,9.450331900914312,624,236.83,-0.15929935484180377,0.01,-0.013752199424484017,-0.19954021228160856,0.0,-0.002240746211991494,4119,0.2978439,-0.45554294587355365,0.0,0.0,-0.16295299868796445,1.473135844649683,0.0,-0.20206151502953568,-0.001174391478120493,-0.01482855549198104,-0.489281136227219,-0.036246254345651645,-0.5,2791,-0.02777945282142992,0.581495903,0.0,-0.007784786703672985,-34.06098041534424,0.9852138161659241,3.2530942618846894,0.2,0.526451587677002,0.07843017578125,15304,0.000264258732,0.011701164,-0.008310565177816897,1.000611662864685
-0.0020659005240675336,0.22983064262961622,-0.21749355936052414,-0.07992411488242658,-86.43392558,71519400,69.68810500000001,0.0,80.44072492036568,-0.006781684027777841,0.0008224824107148581,0.07305931417338438,-0.11048570597348559,-3.0597255770714006e-08,0.0,0.0,9.761475316963434,625,240.78,-0.15875875453937102,0.01,-0.013214939692504292,-0.1920794141611374,0.0,-0.0035649431462029674,4120,0.2979207,-0.43154343311718424,0.0,0.0,-0.15593950711446405,1.4754579117218265,0.0,-0.19284784984690972,-0.0011611360394675353,-0.014369738383302568,-0.4682949466026096,-0.036074431577871185,-0.5,2796,-0.02651428099263142,0.5814782390000001,0.0,-0.008728251642120691,-34.06257438659668,0.996256411075592,0.800953409075737,0.2,-0.09533336758613586,0.1644775390625,15308,0.000264249516,0.020908196,-0.012168724555522203,1.0011518001556396
-0.0020496569131473897,0.22938447263398823,-0.21789482826811712,-0.08092883214842857,-86.44432428,71537832,69.699625,0.0,80.28456542189588,-0.00721571180555561,0.0011458327385803892,0.07409800073083134,-0.11050923079046711,-3.096690587349985e-08,0.0,0.0,9.828851495013001,626,242.83,-0.15943935662503658,0.01,-0.013164629254260048,-0.1909572798300227,0.0,-0.0033227807414566005,4120,0.2979975,-0.42242165847031665,0.0,0.0,-0.1543911959749148,1.493285943765005,0.0,-0.19094579294842817,-0.0009104493241958165,-0.013792867705828877,-0.45803328038648605,-0.036256859521939445,-0.5,2800,-0.026941713117148453,0.581460575,0.0,-0.009367490290767617,-34.07628879547119,0.9989038705825806,0.227361486107111,0.2,-0.28424620628356934,0.1953125,15312,0.0002642403,0.023078505,-0.018229912978131323,1.0021101236343384
-0.002060073350419825,0.2257795384273602,-0.22054371699663672,-0.08141187138426158,-86.41588372,71556264,69.711145,0.0,79.02283844957607,-0.007421875000000044,0.0009765621507540345,0.07049607811875404,-0.11044618463584192,-3.128822021275749e-08,0.0,0.0,9.668713115921662,627,242.51,-0.15629193666718813,0.01,-0.013253871757779466,-0.19337681070205331,0.0,-0.003995969237146363,4120,0.2980743,-0.4313412430553574,0.0,0.0,-0.15715473694039972,1.4664641571923411,0.0,-0.1964668852109589,-0.0010752529456903963,-0.01442915298084939,-0.4587294542303464,-0.03646705266977781,-0.5,2804,-0.027551850584112872,0.581442911,0.0,-0.008937940223000219,-34.07697811126709,0.9978572130203247,0.4549489513039589,0.2,-0.21121983230113983,0.238427734375,15316,0.00026423108399999996,0.029267818,-0.010344412550330162,1.0021419525146484
-0.00211859587356233,0.22844048187164911,-0.22062716897262555,-0.08243422985289926,-86.58841831,71574696,69.722665,0.0,79.9541686550772,-0.007378472222222262,0.0004313148868580659,0.06903013609711178,-0.11042790455368116,-3.181496898100299e-08,0.0,0.0,9.785140888168177,628,241.22,-0.1636396189053081,0.01,-0.013632988746730674,-0.1937992724805052,0.0,-0.00249127477934142,4120,0.2981511,-0.4488804282442547,0.0,0.0,-0.1625146296853965,1.4554211256535778,0.0,-0.20180861052494783,-0.0012182193644709903,-0.014511977775958322,-0.4760557626712551,-0.036165532754080715,-0.5,2809,-0.026804583641096457,0.581425247,0.0,-0.008333830156415287,-34.08036460876465,0.9994809031486511,0.12667305991053582,0.2,-0.3155691623687744,0.23662109375,15320,0.000264221868,0.024754683,-0.018217291624750942,1.0021979808807373
-0.002074654389737836,0.22938097993495388,-0.2153586090090656,-0.08073584789350143,-86.79785012999999,71593128,69.734185,0.0,80.28334297723386,-0.0071180555555556135,0.0008599173161201179,0.06945711695642386,-0.11070391053987162,-3.121877637715035e-08,0.0,0.0,9.725823083197291,629,241.86,-0.15643985638611313,0.01,-0.013282525909226638,-0.18855389221594393,0.0,-0.0035341683228661616,4120,0.2982279,-0.4375190276210962,0.0,0.0,-0.1569736994490062,1.4637192307846796,0.0,-0.1922537141537249,-0.0009818110009542737,-0.013620303522721096,-0.46012253464761194,-0.03583960714284733,-0.5,2813,-0.02625047714295533,0.5814075830000001,0.0,-0.008825908232312132,-34.0815523147583,0.9989164471626282,0.2964113220572472,0.2,-0.24786511063575745,0.264794921875,15324,0.000264212652,0.028397864,-0.013450624095275998,1.0025492906570435
-0.0020563146010703732,0.2296940591103823,-0.21535065572836876,-0.08121298893542295,-87.23637057999998,71611560,69.74570499999999,0.0,80.39292068863381,-0.006770833333333397,0.0004541013169930213,0.0699755554395541,-0.1105507734912079,-3.1087812373988604e-08,0.0,0.0,9.795562413947186,630,242.11,-0.16072556949893485,0.01,-0.013282204118291082,-0.19054529260533995,0.0,-0.004026035701009219,4120,0.2983047,-0.43306174610922654,0.0,0.0,-0.15696673066424993,1.4651993907810488,0.0,-0.19117190906007053,-0.0009415240092499348,-0.013334826375125439,-0.4551772692695962,-0.035989080459843587,-0.5,2818,-0.026497599164265827,0.581389919,0.0,-0.009100699979980063,-34.08255558013916,0.9991806745529175,0.1694057561457157,0.2,-0.2909441292285919,0.25638427734375,15328,0.000264203436,0.027943755,-0.011353217670693994,1.0026099681854248
-0.00207559815734251,0.2266552122014377,-0.21661088465075348,-0.0801359100527968,-88.64327721999999,71629992,69.757225,0.0,79.3293242705032,-0.0072265625000000515,0.001020507566863671,0.0680467754579396,-0.11066015004780781,-3.157482040278312e-08,0.0,0.0,9.490609165700144,631,239.5,-0.16210081371359453,0.01,-0.013332783054438727,-0.18833061061690795,0.0,-0.004184604696554877,4120,0.2983815,-0.44134055685663126,0.0,0.0,-0.1579038230757849,1.4563939274393702,0.0,-0.19263758594927763,-0.0011047365519241672,-0.0132259102075466,-0.467795752738435,-0.035726002755265905,-0.5,2822,-0.026310397862402746,0.581372255,0.0,-0.00921056356067614,-34.076289367675784,0.9957357048988342,0.6651683345437049,0.2,-0.1815238744020462,0.25626220703125,15332,0.00026419422,0.019340355,-0.004992113006301225,1.0019432306289673
-0.0020713620061355562,0.22973980914688946,-0.22087494595062282,-0.081390395590203,-86.93707817,71648424,69.768745,0.0,80.40893320141132,-0.00708550347222228,0.0007297088611974485,0.0706008591378467,-0.11056908128534525,-3.112776430956997e-08,0.0,0.0,9.798269404401974,632,243.14,-0.16258548746048546,0.01,-0.013424131664031922,-0.19310613556123835,0.0,-0.0036152998634020306,4120,0.2984583,-0.43979834826014075,0.0,0.0,-0.1598689873402116,1.4678345261132235,0.0,-0.19674398693727232,-0.0011434363919713482,-0.013603764534627335,-0.46373508778006695,-0.03609632308407644,-0.5,2826,-0.0272475303355478,0.581354591,0.0,-0.008926682903418422,-34.06994132995605,0.9842854142189026,2.9815379977226257,0.2,0.18012982606887817,0.1552490234375,15336,0.000264185004,0.015048844,-0.00789444608381018,1.0012317895889282
-0.0020933187770320653,0.2281496835438654,-0.22044962323526407,-0.08176413744517846,-86.49318926999999,71666856,69.780265,0.0,79.85238924035289,-0.007476128472222264,0.0008913841286105,0.07032431313019222,-0.11059869427442962,-3.161271886556671e-08,0.0,0.0,9.621937816569247,633,242.81,-0.16237543310576485,0.01,-0.01346914579302504,-0.1930135391631584,0.0,-0.0037732065227840117,4120,0.2985351,-0.4461431246093899,0.0,0.0,-0.15966940061641144,1.4568418133817636,0.0,-0.19679261099962284,-0.0008243655326253547,-0.013610632409700512,-0.46922503441868113,-0.035944545001866134,-0.5,2831,-0.02695198458992197,0.5813369270000001,0.0,-0.00902474574427793,-34.06745872497559,0.9984186887741089,0.31686184331774714,0.2,-0.22746580839157104,0.17598876953125,15340,0.000264175788,0.020259317,-0.015914624847937375,1.0014736652374268
-0.0020806730271862883,0.22774623895826035,-0.2175216428838185,-0.07937661048762275,-86.98829490999998,71685288,69.791785,0.0,79.71118363539112,-0.007074652777777837,0.000812174370771067,0.07109401712582403,-0.1105954047618482,-3.295033883566517e-08,0.0,0.0,9.67742793820241,634,244.03,-0.16277940528615226,0.01,-0.013538967233987861,-0.19004858685018527,0.0,-0.0042382804649614214,4120,0.2986119,-0.44330531470387435,0.0,0.0,-0.15964508516645048,1.451426730362119,0.0,-0.19456755230326234,-0.0007732637290703421,-0.01326003803811978,-0.46829266692389876,-0.035874182374428285,-0.5,2835,-0.026333414049573865,0.581319263,0.0,-0.009249490498202957,-34.07953853607178,0.9989185333251953,0.237135648727417,0.2,-0.2735612988471985,0.2313720703125,15344,0.00026416657199999997,0.023492407,-0.013375999592244624,1.0023469924926758
-0.0020462364490598265,0.22741705329274112,-0.22264990159256623,-0.08220053701776758,-87.33427121000001,71703720,69.803305,0.0,79.59596865245939,-0.0070095486111111755,0.0003841144175061749,0.07170372578105096,-0.11065941786213869,-3.161894732074141e-08,0.0,0.0,9.552989511628036,635,241.38,-0.15976843858916162,0.01,-0.0132863412055817,-0.19570838349428904,0.0,-0.0034893024300375174,4121,0.2986887,-0.43624913248866953,0.0,0.0,-0.15781407562201014,1.4821983284403573,0.0,-0.19465733311542852,-0.0009650749813235096,-0.013719038806477266,-0.461817299466414,-0.035883614963974644,-0.5,2840,-0.027457429604743264,0.581301599,0.0,-0.008668844012491819,-34.0769775390625,0.9994009733200073,0.1392542850226164,0.2,-0.31635817885398865,0.2452392578125,15348,0.000264157356,0.027488673,-0.01641948347678408,1.0021408796310425
-0.0020756777436762336,0.232330279603611,-0.2156315042851962,-0.08115192119860556,-88.03611552000001,71722152,69.814825,0.0,81.31559786126385,-0.00742187500000004,0.0007926429777095715,0.07022080271114252,-0.11054346212783259,-3.189747777392689e-08,0.0,0.0,10.12708246444631,636,240.67,-0.1662078911944328,0.01,-0.013447594499473135,-0.19270666555762492,0.0,-0.004708198236872211,4121,0.2987655,-0.44645358999087303,0.0,0.0,-0.1593758435777236,1.4512458172321592,0.0,-0.20160949131236705,-0.0012422416059244934,-0.01405515731740467,-0.4677089379770469,-0.03685773075922329,-0.5,2844,-0.02647095984599788,0.581283935,0.0,-0.009456602869451873,-34.069413566589354,0.9944904446601868,0.8288232073187828,0.2,-0.13650161027908325,0.29906005859375,15352,0.00026414814,0.0250305,-0.0010416131815873086,1.0013681650161743
-0.0020642154781357457,0.22566706134729148,-0.22435655005754207,-0.0810630492462327,-87.60804517999999,71740584,69.826345,0.0,78.98347147155202,-0.0071614583333333886,0.0008425563315136565,0.06920508804847122,-0.11058708645746283,-3.174354021571119e-08,0.0,0.0,9.432651295336779,637,240.29,-0.1603953858692696,0.01,-0.013433883112162858,-0.19218977413817187,0.0,-0.0036492967893960557,4121,0.2988423,-0.43333244001917026,0.0,0.0,-0.1592309245062034,1.4740540509620539,0.0,-0.19615734403575835,-0.0006681659065754411,-0.013395789962942037,-0.46303333977703276,-0.03628575122176028,-0.5,2848,-0.027367157121988013,0.5812662710000001,0.0,-0.008741407669731416,-34.0626558303833,0.9914162158966064,1.5184267044067383,0.2,0.33732154965400696,0.14114990234375,15356,0.000264138924,0.015112827,-0.006746116699650884,1.0008243322372437
-0.002060761084568653,0.2318010732080067,-0.2133317933541593,-0.07837939135046758,-86.81359042,71759016,69.837865,0.0,81.13037562280235,-0.007096354166666723,0.0007226560749889662,0.07277984639051312,-0.11069030559084879,-3.133037529140555e-08,0.0,0.0,9.998800231733142,638,242.83,-0.16067630691346238,0.01,-0.013236336335616404,-0.18990242252010975,0.0,-0.003362753197690337,4121,0.2989191,-0.4369187856063743,0.0,0.0,-0.15782620160776542,1.458051755340984,0.0,-0.19386698605300404,-0.0008080652559901443,-0.013356896241865347,-0.4608597411965803,-0.03623363946939598,-0.5,2853,-0.02610185887567212,0.581248607,0.0,-0.00896167590851999,-34.063428688049314,0.9975903034210205,0.39704721570014956,0.2,-0.2162153422832489,0.13675537109375,15360,0.000264129708,0.020918,-0.010121319815516472,1.0010827779769897
-0.002054158756190046,0.22787074678780309,-0.21751193548168246,-0.08000304615331583,-87.24763648,71777448,69.849385,0.0,79.75476137573108,-0.00703125000000006,0.0009250214659712381,0.07075222889566106,-0.11068806007958004,-3.215373329044358e-08,0.0,0.0,9.709792753073833,639,243.15,-0.15910889339441728,0.01,-0.013271573527894421,-0.19291597473389688,0.0,-0.004550126245774724,4121,0.2989959,-0.4347075848265298,0.0,0.0,-0.15647560164244592,1.4590134301030562,0.0,-0.1908059121950986,-0.0009863834285646442,-0.013268504544273965,-0.45570376664368045,-0.03645718082299223,-0.5,2857,-0.02707145821834965,0.581230943,0.0,-0.00956483674073954,-34.072194290161136,0.9989619255065918,0.2723929561674595,0.2,-0.1953585147857666,0.24730224609375,15364,0.000264120492,0.028440047,-0.014604637550655752,1.0017571449279785
-0.0020839600106626315,0.22712986851729403,-0.210376222988926,-0.07889671295689227,-88.10456206,71795880,69.860905,0.0,79.4954539810529,-0.007118055555555615,0.0013937711482867599,0.07232592016491753,-0.11059207132151329,-3.208728696089259e-08,0.0,0.0,9.583397801265745,640,244.91,-0.16254802092428364,0.01,-0.01345178866402568,-0.1898255318095588,0.0,-0.004500685553748032,4121,0.2990727,-0.4409347948043053,0.0,0.0,-0.1586049990082171,1.4171790509428588,0.0,-0.20054362320502842,-0.0008428115453153075,-0.013908981939726839,-0.46982891988367004,-0.03616096737535149,-0.5,2862,-0.02565677637040147,0.581213279,0.0,-0.009379834596378108,-34.07996673583985,0.9978379011154175,0.3395131565630436,0.2,-0.2841222882270813,0.23460693359375,15368,0.00026411127599999996,0.024458379,-0.011148117552511393,1.0024793148040771
-0.002098060249430645,0.22894434743506364,-0.21764808064293503,-0.08013673896321961,-87.28899005000001,71814312,69.87242499999999,0.0,80.13052160227228,-0.007248263888888936,0.00117567243352015,0.07134234042167943,-0.1107318795050824,-3.3143394453816114e-08,0.0,0.0,9.787702908376659,641,242.65,-0.16143824070587265,0.01,-0.013448807913977302,-0.19742590560105913,0.0,-0.004593467705894631,4121,0.2991495,-0.4406537660769533,0.0,0.0,-0.15883493377806857,1.467677218415694,0.0,-0.19976629243813696,-0.0009384936176086426,-0.013446733055901744,-0.4741021065561152,-0.03575742695303059,-0.5,2866,-0.026848667618143376,0.581195615,0.0,-0.008615405206607344,-34.08274822235107,0.9981315732002258,0.4042343057692051,0.2,-0.13057494163513184,0.24298095703125,15372,0.00026410206,0.023673188,-0.012454675207845867,1.0022547245025635
-0.0020595229293218476,0.2375288602812613,-0.21944123521277387,-0.08156270213231472,-86.95031009999998,71832744,69.883945,0.0,83.13510109844145,-0.006803385416666729,0.0007438148507693162,0.07292979110267137,-0.1107077417432836,-3.204822404981492e-08,0.0,0.0,10.66297005325737,642,241.14,-0.15491199415473647,0.01,-0.013252938346712675,-0.19817238139711862,0.0,-0.0027482174504433942,4121,0.2992263,-0.43132022135099723,0.0,0.0,-0.15642408132670077,1.4954054878177157,0.0,-0.19549252551019905,-0.0008031260508925408,-0.013029681359365402,-0.4589369909733544,-0.034960312615891304,-0.5,2870,-0.027716636660081916,0.581177951,0.0,-0.008257874830936393,-34.0751953125,0.9982722401618958,0.4125452294945717,0.2,-0.2741239368915558,0.2553466796875,15376,0.000264092844,0.027615894,-0.015040096000302584,1.002049207687378
-0.0020720349450710947,0.2395839246862732,-0.22154223816758212,-0.08207191476780988,-86.77678642000001,71851176,69.895465,0.0,83.85437364019562,-0.006911892361111176,0.00045464379945769906,0.07147205955609233,-0.1107239542699554,-3.2218096123644366e-08,0.0,0.0,10.778132918219073,643,238.95,-0.1564995422747696,0.01,-0.013357086890459648,-0.1985320917654954,0.0,-0.0032107462303251435,4121,0.2993031,-0.4405508489691604,0.0,0.0,-0.15809419343206998,1.4771485120661976,0.0,-0.20026979729927954,-0.0012297626315635043,-0.013998290377406067,-0.46718937133599947,-0.03562868620545826,-0.5,2875,-0.027640512765660444,0.581160287,0.0,-0.008020109784815254,-34.080887413024904,0.9991418719291687,0.2452021323144436,0.2,-0.2407144457101822,0.28299560546875,15380,0.000264083628,0.029070284,-0.014716280170250683,1.0022165775299072
-0.0021242899786238075,0.22836308507408296,-0.22427881311297349,-0.08184233380897737,-87.22992427,71869608,69.90698499999999,0.0,79.92707977592903,-0.007128906250000056,0.0003738062643808209,0.07075056155328675,-0.11076990503616546,-3.21208556214189e-08,0.0,0.0,9.66393278840268,644,241.08,-0.1641941381214895,0.01,-0.013678741670927688,-0.19681689900935498,0.0,-0.0030895950899095183,4121,0.2993799,-0.4518390955181506,0.0,0.0,-0.1632684996072157,1.4457553440961097,0.0,-0.20146914036633753,-0.0009104504785283502,-0.01388264901749075,-0.48700400843342745,-0.03607506334550522,-0.5,2879,-0.02705352370217907,0.581142623,0.0,-0.008595467040625712,-34.081118774414065,0.9939340949058533,1.722646251320839,0.2,0.19537970423698425,0.2676025390625,15384,0.00026407441199999997,0.029219324,-0.0067457987926900385,1.0028743743896484
-0.002115415793296586,0.23643609344840763,-0.22602330444194146,-0.0830638138773949,-87.34152963000001,71888040,69.91850500000001,0.0,82.75263270694268,-0.0070421006944445036,0.0006005856848787516,0.07170456318079413,-0.11061800165618575,-3.418539352237347e-08,0.0,0.0,10.448308816811249,645,238.67,-0.15771628701868268,0.01,-0.013638026069660997,-0.1987030269458105,0.0,-0.0027117886469866905,4122,0.2994567,-0.4424312114896552,0.0,0.0,-0.1599725483576767,1.4932755726105884,0.0,-0.20045537471537644,-0.0009616131825264449,-0.013459504899520077,-0.47025885551451174,-0.03567204466968665,-0.5,2884,-0.027955479464356146,0.581124959,0.0,-0.008073549572145566,-34.08589820861816,0.9961376190185547,0.6914958566427231,0.2,-0.1298971176147461,0.21807861328125,15388,0.000264065196,0.02107958,-0.007289312151260674,1.0024259090423584
-0.0020542171084833587,0.22696442023100125,-0.22062845683998808,-0.08083664611943917,-87.21378504999998,71906472,69.930025,0.0,79.43754708085044,-0.006770833333333397,0.00045247376288494305,0.07208697630021062,-0.11089761063471232,-3.1078576324561115e-08,0.0,0.0,9.552494777486212,646,241.29,-0.16143706371551572,0.01,-0.013274845137999302,-0.19401199742888184,0.0,-0.004424149456399685,4122,0.2995335,-0.43122513750339597,0.0,0.0,-0.1576834121429652,1.4817384016078272,0.0,-0.19037510716743514,-0.001001386639494421,-0.013065719051871726,-0.460757807612991,-0.03517770350156756,-0.5,2888,-0.027248455937356045,0.581107295,0.0,-0.009051058908678696,-34.073866844177246,0.9936877489089966,1.5509882032871247,0.2,0.5878738164901733,0.18017578125,15392,0.00026405598,0.019890469,-0.007459923508577049,1.0016343593597412
-0.0020908087820748476,0.22668016833630522,-0.22121384651219816,-0.08086795070055412,-86.85727625,71924904,69.94154499999999,0.0,79.33805891770683,-0.006922743055555621,0.0006385630242423051,0.07081010870721391,-0.11067782569358192,-3.190951523391691e-08,0.0,0.0,9.536240887581343,647,241.76,-0.16190287249575414,0.01,-0.013606724019035829,-0.19102964980257997,0.0,-0.003972877749945308,4122,0.2996103,-0.43936002808676616,0.0,0.0,-0.16010906315998993,1.4742198033031473,0.0,-0.1980843596613086,-0.0006365928173732037,-0.013036800522805328,-0.4653615966290067,-0.03575839768503889,-0.5,2892,-0.02696578317335432,0.581089631,0.0,-0.008890604150817834,-34.072281455993654,0.9990079402923584,0.22093278244137765,0.2,-0.2662789523601532,0.18818359375,15396,0.00026404676399999997,0.021407489,-0.01666096441913396,1.0016390085220337
-0.00211095312401732,0.23153833322712708,-0.22137503131801414,-0.0805316055527559,-87.18371396,71943336,69.953065,0.0,81.03841662949448,-0.007009548611111172,0.0008436411864952081,0.07162607614405421,-0.11097668653207908,-3.22710570585841e-08,0.0,0.0,10.027426545684923,648,240.23,-0.16004475198982945,0.01,-0.013564203867816779,-0.1941428993133333,0.0,-0.0032621805951586684,4122,0.2996871,-0.44274995005666135,0.0,0.0,-0.1599941123521128,1.4655083099819168,0.0,-0.19876913494004705,-0.0009496856646051692,-0.013388627535984486,-0.47944841770959656,-0.03562692782645714,-0.5,2897,-0.027172557850525424,0.581071967,0.0,-0.008814514011545625,-34.07435150146485,0.9974815845489502,0.6485834941267967,0.2,-0.02750459313392639,0.26751708984375,15400,0.000264037548,0.027054086,-0.008488104143179954,1.0018081665039062
-0.0021311001891036697,0.2294702827287547,-0.22727979355610659,-0.08342003976582589,-86.56097737000002,71961768,69.964585,0.0,80.31459895506414,-0.00716145833333339,0.0005436196612815062,0.07200347668317258,-0.11099274537374769,-3.1982548482978713e-08,0.0,0.0,9.907644750348194,649,237.92,-0.1618738742623536,0.01,-0.013792176433576464,-0.1996678805312382,0.0,-0.002004374318834125,4122,0.2997639,-0.44994547227895393,0.0,0.0,-0.1646723828223816,1.4858241920519513,0.0,-0.1994634002765931,-0.0008550240796792968,-0.01343771250461489,-0.48211047884290914,-0.035833806521546836,-0.5,2901,-0.028079571321060995,0.581054303,0.0,-0.007247950526006106,-34.07573184967041,0.993259072303772,1.529740822315216,0.2,0.575412392616272,0.295068359375,15404,0.000264028332,0.03543124,-0.0032825721544213595,1.0016803741455078
-0.002092714060786251,0.22450581606361292,-0.2210539913141576,-0.082189079882472,-87.05862981000001,71980200,69.976105,0.0,78.57703562226452,-0.0069986979166667285,0.0007964407171433171,0.0723420074524897,-0.11087610715666094,-3.245826307460836e-08,0.0,0.0,9.483396321713224,650,240.07,-0.15715879224435497,0.01,-0.013381782645828412,-0.1940281520305763,0.0,-0.003861668102537595,4122,0.2998407,-0.43420578201158483,0.0,0.0,-0.15659536945971542,1.4836604997522462,0.0,-0.1929098274075286,-0.0008517566691860412,-0.013121077413884609,-0.46023469663048533,-0.03545495456963973,-0.5,2906,-0.027484180412666273,0.581036639,0.0,-0.008714010318120321,-34.07041893005371,0.9991517066955566,0.21598584577441216,0.2,-0.2748343348503113,0.2318359375,15408,0.000264019116,0.026719904,-0.017226362973451613,1.001544713973999
-0.0021069005865931023,0.2285072646612479,-0.2192590409106153,-0.08148757699749856,-87.13438353,71998632,69.98762500000001,0.0,79.97754263143676,-0.007367621527777822,0.00064941365013106,0.07168421206134361,-0.11071068304943234,-3.213768700211599e-08,0.0,0.0,9.720514425044978,651,240.55,-0.16732937225813024,0.01,-0.013584535940565882,-0.19183166345809555,0.0,-0.0026400827103892927,4122,0.2999175,-0.4436804832353984,0.0,0.0,-0.16137586578039084,1.4694345284338608,0.0,-0.19409812151660052,-0.0005217685195618527,-0.012480918909044597,-0.4726546670750033,-0.03551857568163103,-0.5,2910,-0.027204445536216884,0.581018975,0.0,-0.008646736196371622,-34.07957706451416,0.9948565363883972,1.4974088735878468,0.2,0.1303378939628601,0.2509033203125,15412,0.0002640099,0.025420543,-0.006840648665092886,1.0024466514587402
-0.0020941027675942126,0.22406918305409873,-0.2197258765743226,-0.08233610339652685,-86.65207851000002,72017064,69.999145,0.0,78.42421406893456,-0.007074652777777835,0.0006846783669768936,0.06995227469193428,-0.11081149614994862,-3.1627846972810326e-08,0.0,0.0,9.29402570541487,652,242.49,-0.161360919196252,0.01,-0.013441502275814903,-0.19554396088974874,0.0,-0.0033957004362378455,4120,0.2999943,-0.4381535617999848,0.0,0.0,-0.15849998896868062,1.4849634684338329,0.0,-0.1935530121223294,-0.0008567166282298338,-0.012939190897145266,-0.46204362798821197,-0.035224082712092146,-0.5,2916,-0.027727280906486337,0.581001311,0.0,-0.009234976320941415,-34.0755615234375,0.9935083389282227,1.5408955633640289,0.2,0.4341784715652466,0.2171875,15416,0.000264000684,0.025501147,-0.005149316787719726,1.0016443729400635
-0.002133849923051086,0.22389921968069976,-0.2232549318268799,-0.08227535483035292,-86.41411036000001,72035496,70.01066499999999,0.0,78.36472688824492,-0.0070421006944445036,0.0009299042123732053,0.06861065858609999,-0.11070442813660382,-3.2989044116257104e-08,0.0,0.0,9.315247647033562,653,241.4,-0.15746235455954896,0.01,-0.01356871874987917,-0.19710759140003822,0.0,-0.003051562761944301,4120,0.3000711,-0.4460716942332956,0.0,0.0,-0.15886894613591324,1.4761722278338123,0.0,-0.20056216557837414,-0.0005303450788558134,-0.012594145921919896,-0.46769349162798385,-0.035835110858033335,-0.5,2921,-0.027857731537173178,0.580983647,0.0,-0.008622592610966725,-34.06977291107178,0.9992344975471497,0.18772322535514832,0.2,-0.3024103343486786,0.21375732421875,15420,0.00026399146799999996,0.024319272,-0.019195366324856876,1.0015435218811035
-0.0020872270035037646,0.22753651896783578,-0.21565191443126178,-0.08364579998224601,-87.83796149,72053928,70.02218500000001,0.0,79.63778163874252,-0.007269965277777826,0.0008642572631490313,0.07019885964887797,-0.11096245739864266,-3.296825075200172e-08,0.0,0.0,9.735794573536205,654,243.22,-0.16533137229531628,0.01,-0.013487998190935081,-0.1962346289895322,0.0,-0.0033368603270744496,4120,0.3001479,-0.4432403737279505,0.0,0.0,-0.1589044806937546,1.4538928027350961,0.0,-0.19649877845396493,-0.0006447320063495605,-0.012690770794703193,-0.46845709310851835,-0.03573265996047875,-0.5,2925,-0.026680746579327605,0.580965983,0.0,-0.008567798598152068,-34.07763900756836,0.9987413287162781,0.3252266198396683,0.2,-0.21268586814403534,0.282958984375,15424,0.000263982252,0.03195727,-0.009279360348591581,1.0022464990615845
-0.002121990823061578,0.22693144001805943,-0.22142222866209188,-0.08365385909755355,-86.84481324999999,72072360,70.033705,0.0,79.4260040063208,-0.007085503472222284,0.0007839621070565449,0.07010827164392011,-0.11080291017652963,-3.27586409106467e-08,0.0,0.0,9.416625248511993,655,242.35,-0.16189577301179806,0.01,-0.013537567277111025,-0.19742540011273513,0.0,-0.002615712317084915,4120,0.3002247,-0.4436790561238104,0.0,0.0,-0.15879881476615,1.4928040560721394,0.0,-0.19850314901238933,-0.00045990742391464136,-0.01314157613887816,-0.4673350597102728,-0.035128183509350645,-0.5,2929,-0.027909624636547073,0.580948319,0.0,-0.008849507181568898,-34.08002529144287,0.9973806738853455,0.49996203035116193,0.2,-0.18501216173171997,0.23616943359375,15428,0.000263973036,0.02324843,-0.012642745417542756,1.0024113655090332
-0.002083363375384022,0.23093321733810335,-0.21375367673312828,-0.08269029614846928,-87.67962877999999,72090792,70.045225,0.0,80.82662606833617,-0.007204861111111167,0.0010866961836452698,0.07248980082838605,-0.1108593033035121,-3.316491303051596e-08,0.0,0.0,9.87756685047159,656,240.9,-0.16185583769875858,0.01,-0.013383986957979906,-0.19639917592145015,0.0,-0.0029633558660983206,4120,0.3003015,-0.4389424233182469,0.0,0.0,-0.15814706587398394,1.4671622856386035,0.0,-0.19676706347409081,-0.0008772598130314264,-0.013888778285887658,-0.46540541360512994,-0.03498165693208127,-0.5,2934,-0.026755795794753224,0.580930655,0.0,-0.008682136803852498,-34.08281917572022,0.9989895224571228,0.24423723816871643,0.2,-0.27391207218170166,0.25513916015625,15432,0.00026396382,0.029519249,-0.01727626982610673,1.0024276971817017
-0.002103862402760015,0.22807767898169212,-0.22268274337944513,-0.0831311871071601,-87.46421668,72109224,70.056745,0.0,79.82718764359224,-0.0069118923611111785,0.0006136063376389858,0.06863171622537802,-0.11085030956408344,-3.314738589025205e-08,0.0,0.0,9.594673303625514,657,240.59,-0.16051947690814908,0.01,-0.013516089545979599,-0.19850528167657433,0.0,-0.004042523822531787,4120,0.3003783,-0.4382968165926881,0.0,0.0,-0.15823066630257598,1.4976837519770898,0.0,-0.19509890175947653,-0.0007707421763928857,-0.01254246698288159,-0.4602274549065099,-0.03567602804045162,-0.5,2938,-0.028427612870364043,0.580912991,0.0,-0.009019183761362607,-34.08052806854248,0.994051456451416,1.4325586766004563,0.2,0.38393181562423706,0.280712890625,15436,0.00026395460399999997,0.023977268,-0.0029396590427495537,1.0021328926086426
-0.0021010090108992464,0.2271006855567613,-0.21554231553095776,-0.08158067589190654,-87.72530071999998,72127656,70.068265,0.0,79.48523994486645,-0.007508680555555597,0.0008436407273014387,0.06974904329072142,-0.11079736439551406,-3.193270334311148e-08,0.0,0.0,9.513382289703953,658,241.26,-0.16388102212873903,0.01,-0.013478172544245154,-0.19280881679243309,0.0,-0.0032765308662185302,4120,0.3004551,-0.44656073180397304,0.0,0.0,-0.16020187429404478,1.4459127557880318,0.0,-0.1963358756711696,-0.0006785729082179812,-0.013192944033375906,-0.4733097339677896,-0.03572506954139263,-0.5,2943,-0.026691274645523937,0.580895327,0.0,-0.009250304208964936,-34.075876808166505,0.9985984563827515,0.28312726244330405,0.2,-0.26864564418792725,0.19385986328125,15440,0.000263945388,0.025159657,-0.015006317116785794,1.0020514726638794
-0.002108720616429086,0.22613022992691384,-0.21407273703477686,-0.08166076061609386,-87.85961020999999,72146088,70.079785,0.0,79.14558047441984,-0.007128906250000056,0.0008718528454968085,0.06766127025427368,-0.11089858645159295,-3.249552423289822e-08,0.0,0.0,9.630323534911318,659,242.52,-0.16938500878377163,0.01,-0.013553535772733225,-0.19031860029895217,0.0,-0.004418152412215707,4121,0.3005319,-0.4414619804775326,0.0,0.0,-0.15930883135513524,1.4579395089228027,0.0,-0.19425295811677562,-0.0007934599312211439,-0.013276625746035916,-0.47403128462199157,-0.0355309239941205,-0.5,2947,-0.026727944960584983,0.580877663,0.0,-0.009891985511381386,-34.07912006378174,0.9914666414260864,2.256261759996414,0.2,0.4186340868473053,0.2720947265625,15444,0.000263936172,0.029591758,-0.007619479252025485,1.0022854804992676
-0.0020617871813902898,0.22847793661197435,-0.21611456817150887,-0.0799523846655899,-87.82846067000003,72164520,70.091305,0.0,79.96727781419102,-0.00678168402777784,0.0007351341935443796,0.06927706427784777,-0.11079727255231858,-3.207881848572753e-08,0.0,0.0,9.872794937168434,660,243.54,-0.16551583306944026,0.01,-0.013233156531404895,-0.1897582603253144,0.0,-0.004644737300138361,4121,0.3006087,-0.43055130382665235,0.0,0.0,-0.1564939870299696,1.48554753653874,0.0,-0.19085767027415093,-0.0005175223906310842,-0.012265474149578102,-0.4637103418015243,-0.03516053717637324,-0.5,2951,-0.027081710730386295,0.5808599990000001,0.0,-0.009503531106424311,-34.074239540100095,0.99577796459198,0.9205251574516297,0.2,-0.07648700475692749,0.17752685546875,15448,0.00026392695599999997,0.015205016,-0.008471485669724643,1.001541018486023
-0.002129583346361683,0.22743103452935323,-0.22080699093669923,-0.08248951120718788,-87.44746529,72182952,70.102825,0.0,79.60086208527363,-0.007335069444444493,0.0007052944403969579,0.07102891510691421,-0.11074596052469429,-3.2698058541203964e-08,0.0,0.0,9.5169277910177,661,240.52,-0.16320831467677038,0.01,-0.013652224904264765,-0.19497076362916735,0.0,-0.002744781845412692,4121,0.3006855,-0.4402747427106034,0.0,0.0,-0.16147031132237374,1.4707759206030442,0.0,-0.19884697894093434,-0.0006402924827305564,-0.012761630517090408,-0.47876112352716643,-0.035849838701810105,-0.5,2956,-0.027854733028962506,0.580842335,0.0,-0.009111143367287392,-34.0699857711792,0.9990746974945068,0.2313759796321392,0.2,-0.2680293619632721,0.23115234375,15452,0.00026391774,0.025131086,-0.01792904729372822,1.001396656036377
-0.0021447621667919975,0.2204371825728393,-0.22078810223891038,-0.0818170350325516,-86.94386969999998,72201384,70.114345,0.0,77.15301390049376,-0.007183159722222278,0.0006955291513198366,0.07111046264900114,-0.11087222065634586,-3.196810823303251e-08,0.0,0.0,8.94909451713948,662,240.72,-0.168308992481952,0.01,-0.013826967340332702,-0.1916362368285887,0.0,-0.003814276903798238,4121,0.3007623,-0.4492679501962933,0.0,0.0,-0.16417967953589424,1.4533523331903204,0.0,-0.1997854580950721,-0.000831654838580209,-0.012923934088727475,-0.47597668484263533,-0.03566680819448384,-0.5,2960,-0.027051285352109846,0.580824671,0.0,-0.00912172415054455,-34.07407646179199,0.9918729066848755,1.719124585390091,0.2,0.09263691306114197,0.33017578125,15456,0.000263908524,0.034586143,-0.005638054118026048,1.001734972000122
-0.0021023135443509673,0.22631477481290238,-0.21219863734888278,-0.07897960709643967,-87.73865382,72219816,70.125865,0.0,79.21017118451583,-0.007096354166666725,0.0007367617444186988,0.0708179587799929,-0.11075914645840272,-3.198260167873747e-08,0.0,0.0,9.557135722906798,663,239.83,-0.1669440217606527,0.01,-0.013496181591597349,-0.1883613108379556,0.0,-0.003633507858112617,4121,0.3008391,-0.439421827317581,0.0,0.0,-0.1588192034224531,1.4463661894000206,0.0,-0.1918320259391133,-0.0006795039823011478,-0.012432976610859561,-0.4763967289240797,-0.03600546215464281,-0.5,2964,-0.02611739649848035,0.580807007,0.0,-0.009534862802764919,-34.06956043243408,0.9926113486289978,1.4385717332363128,0.2,1.023477554321289,0.16180419921875,15460,0.000263899308,0.016853401,-0.008503034489694982,1.0012263059616089
-0.0020783351961745733,0.22746865830960847,-0.21247246775850478,-0.07918298114797875,-87.72106629,72238248,70.137385,0.0,79.61403040836296,-0.00682508680555562,0.0005490446249799182,0.07174245024945597,-0.1108812979533674,-3.1698335965879314e-08,0.0,0.0,9.560063231911867,664,243.31,-0.16387422907440444,0.01,-0.013300036280178751,-0.18669083239950576,0.0,-0.0036106506968536464,4121,0.3009159,-0.43128939302169406,0.0,0.0,-0.15710675150539985,1.4678942620979365,0.0,-0.19212867582938528,-0.0005469185921075081,-0.012874857119033672,-0.45558969501791435,-0.03472475802715995,-0.5,2969,-0.026426857166463997,0.580789343,0.0,-0.009609189450404503,-34.06443538665771,0.9897835850715637,1.9797783851623536,0.2,0.30643942952156067,0.12158203125,15464,0.000263890092,0.0145927165,-0.00777973976219073,1.0008490085601807
-0.0020911752116903513,0.22671051295866268,-0.22210440621939143,-0.08187688512614752,-87.49788792000001,72256680,70.148905,0.0,79.34867953553194,-0.007052951388888949,0.00039225243057848676,0.06759621633141283,-0.11076964579228492,-3.1957520707172865e-08,0.0,0.0,9.500936585570823,665,240.28,-0.16304734037745613,0.01,-0.013583986490732563,-0.1957537879598013,0.0,-0.003726049337974715,4121,0.3009927,-0.44859810371638953,0.0,0.0,-0.16254707552471792,1.4630663463990006,0.0,-0.19575214581996023,-0.0006558326876911774,-0.013111421548822548,-0.47238481062548154,-0.03588797116131734,-0.5,2973,-0.027706939640140503,0.580771679,0.0,-0.009286518006572604,-34.07002944946289,0.9977272748947144,0.45206188410520554,0.2,-0.14188379049301147,0.18353271484375,15468,0.000263880876,0.022568097,-0.014479870302602648,1.0016525983810425
-0.002109494826212494,0.2270047395322073,-0.21561933776324108,-0.08063061212279989,-87.37118851,72275112,70.160425,0.0,79.45165883627256,-0.006857638888888954,0.0005544702354301182,0.06826383652481002,-0.11073789327129674,-3.256870577863751e-08,0.0,0.0,9.543813603809022,666,242.32,-0.1653302502445775,0.01,-0.013580759158894331,-0.19223655968919312,0.0,-0.004807999348982597,4122,0.3010695,-0.44070726664609366,0.0,0.0,-0.16027857470600582,1.4510203549944478,0.0,-0.1967902878302867,-0.0005510070989746229,-0.012769088904762652,-0.47003246231230356,-0.035842073746948006,-0.5,2978,-0.026785236302441093,0.580754015,0.0,-0.010090416598056132,-34.07201099395752,0.9940343499183655,1.1366010665893556,0.2,-0.05913013219833374,0.19833984375,15472,0.00026387166,0.017226439,-0.009293188288575038,1.0014984607696533
-0.0020926514687620006,0.23101655547385186,-0.21591172158552,-0.07939788835545811,-87.56273346999998,72293544,70.171945,0.0,80.85579441584815,-0.0067816840277778396,0.0005192054668441415,0.06947283842946425,-0.11093194774930548,-3.197644704699808e-08,0.0,0.0,9.856582332446566,667,242.78,-0.15944528569473207,0.01,-0.013370473763510344,-0.19234174153721964,0.0,-0.004965117387021235,4122,0.3011463,-0.4302892091872059,0.0,0.0,-0.15717745145316026,1.4615652217643602,0.0,-0.19413803328341436,-0.0005033786257857497,-0.01263207949311767,-0.4678653406755083,-0.0348695735822484,-0.5,2982,-0.026488101680343448,0.580736351,0.0,-0.00918547171911794,-34.068003273010255,0.9978486895561218,0.44126497358083727,0.2,-0.16991740465164185,0.16953125,15476,0.000263862444,0.020349141,-0.013351586501812562,1.0013312101364136
-0.002070408608867053,0.2274305737983669,-0.21139115418351437,-0.07837930205665233,-87.91764700999998,72311976,70.18346500000001,0.0,79.60070082942842,-0.00699869791666673,0.0005235457404827079,0.06885132920672382,-0.11064631184585663,-3.0892578730934054e-08,0.0,0.0,9.68492030994436,668,243.85,-0.1680023730552339,0.01,-0.013319113949228316,-0.18911173620663577,0.0,-0.005288999040160541,4122,0.3012231,-0.4280056918565037,0.0,0.0,-0.15599386489419337,1.4525598186069073,0.0,-0.19134967290537552,-0.0006050973598769658,-0.012500520461012066,-0.4602330627779656,-0.03511754019540732,-0.5,2986,-0.026331665350811703,0.5807186870000001,0.0,-0.01060202537660694,-34.073892784118655,0.9931938648223877,1.8562772393226623,0.2,0.7858189344406128,0.2569580078125,15480,0.000263853228,0.028797772,-0.007399392145453021,1.0018200874328613
-0.002089863576652091,0.22313914291527073,-0.21411031624681715,-0.07986999358698758,-88.44798707000001,72330408,70.194985,0.0,78.09870002034475,-0.006781684027777843,0.0005598955225044241,0.06956697327758421,-0.11082401817162499,-3.226119100383769e-08,0.0,0.0,9.219399133830539,669,244.4,-0.16600640461721203,0.01,-0.0133391216468055,-0.19308547306673066,0.0,-0.004592001262346757,4122,0.3012999,-0.43551662175405714,0.0,0.0,-0.15761850197211602,1.4439768975467837,0.0,-0.19471987967873947,-0.0005084047296359719,-0.01232767153922381,-0.4629473374108287,-0.03584154447362945,-0.5,2991,-0.02628056135330515,0.580701023,0.0,-0.009685958915118439,-34.080131149291994,0.9986567497253418,0.29048969224095345,0.2,-0.2586131691932678,0.19287109375,15484,0.000263844012,0.021312306,-0.014928416768088936,1.0023384094238281
-0.0021056170690969666,0.22442264264663592,-0.22069167794992983,-0.080856144101348,-88.11576218,72348840,70.20650499999999,0.0,78.54792492632257,-0.00699869791666673,0.0007052949901359776,0.06714460593071399,-0.11076342212613911,-3.207784083249846e-08,0.0,0.0,9.401366700080086,670,239.41,-0.16474454458743457,0.01,-0.013492223567963403,-0.19640269491249943,0.0,-0.0035178668697113166,4122,0.3013767,-0.444895384003335,0.0,0.0,-0.16081270589923438,1.4643513327667643,0.0,-0.19986506022923126,-0.0005885286316501699,-0.01279036136441173,-0.4737882096604844,-0.035855428613006404,-0.5,2995,-0.02763625540814028,0.580683359,0.0,-0.009137456455694823,-34.078458595275876,0.9955601692199707,0.7972131535410881,0.2,-0.1058306097984314,0.22615966796875,15488,0.00026383479599999997,0.019230468,-0.008396486064884811,1.0021624565124512
-0.002094817911626932,0.22596660985999556,-0.21072523496716367,-0.07882416149983867,-87.61938466,72367272,70.218025,0.0,79.08831345099844,-0.00682508680555562,0.0005853947885851893,0.06576159561311416,-0.110588840216114,-3.191444163994012e-08,0.0,0.0,9.445702673353594,671,245.85,-0.17017061946976947,0.01,-0.013388791182914018,-0.18492151249148936,0.0,-0.005941598353290219,4122,0.3014535,-0.43599218066915113,0.0,0.0,-0.15790066705165884,1.4488389641055257,0.0,-0.19664283477080646,-0.0004886169911670775,-0.012578866455174044,-0.46642517362478525,-0.03580307728077969,-0.5,3000,-0.026197842305404204,0.580665695,0.0,-0.010970540923557969,-34.073831939697264,0.9869996905326843,2.1983338713645937,0.2,0.21212053298950195,0.17200927734375,15492,0.00026382558,0.019708507,-0.005347838345915079,1.0014665126800537
-0.0021043592871886757,0.22250115863189276,-0.20753095645855424,-0.07890043846164185,-88.52050322999999,72385704,70.229545,0.0,77.87540552116246,-0.006944444444444511,0.0009195960107414672,0.06577475873639699,-0.11055623633299011,-3.290649517268074e-08,0.0,0.0,9.179951937214756,672,246.6,-0.17033108339440145,0.01,-0.013439352675503573,-0.18514165272289212,0.0,-0.006331904830875348,4122,0.3015303,-0.43310887430778733,0.0,0.0,-0.15945393571866742,1.4300350310366203,0.0,-0.19638478617467672,-0.0006683852054800612,-0.012705453825423898,-0.465419526832471,-0.03565068104546351,-0.5,3004,-0.02555811992002828,0.5806480310000001,0.0,-0.010895264606612423,-34.072081565856934,0.9981390237808228,0.3493239745497704,0.2,-0.23767715692520142,0.18106689453125,15496,0.000263816364,0.02627639,-0.013501557614654302,1.0018571615219116
-0.002074573043901148,0.2238682235196396,-0.20475002538893883,-0.07595699236445247,-88.07970077999998,72404136,70.241065,0.0,78.35387823187385,-0.006901041666666731,0.0013845482349602713,0.06532143486671448,-0.11059235822536499,-3.039914759520249e-08,0.0,0.0,9.189105919452127,673,247.93,-0.16918998748228806,0.01,-0.013145583797285995,-0.17996648666808723,0.0,-0.00602174384491402,4122,0.3016071,-0.4229177401658162,0.0,0.0,-0.15545915442779165,1.4332928376156975,0.0,-0.1947080278222712,-0.0005003364795154475,-0.012279046829851242,-0.45445813041936245,-0.036419314119165644,-0.5,3008,-0.025332178941025813,0.580630367,0.0,-0.011518363163405512,-34.07554550170899,0.996408224105835,0.9045749947428703,0.2,-0.13363395631313324,0.24207763671875,15500,0.00026380714799999997,0.018291812,-0.00419682104839012,1.0016781091690063
-0.002079994261121696,0.2323744053142581,-0.2069216546308012,-0.07846848759682597,-87.76305586999999,72422568,70.25258500000001,0.0,81.33104185999034,-0.006911892361111177,0.0008376731550217503,0.06784332116171891,-0.11057853288586143,-3.253669280330593e-08,0.0,0.0,10.018984240798568,674,245.64,-0.16851902007711203,0.01,-0.01334101063651713,-0.1861346797951797,0.0,-0.005509362900360256,4122,0.3016839,-0.43606403506177016,0.0,0.0,-0.15799799708521367,1.4416406962625403,0.0,-0.19452255112508976,-0.0003924482672246651,-0.012327839950253147,-0.4577113954240869,-0.035618034687521255,-0.5,3013,-0.026312297281635415,0.580612703,0.0,-0.010664823738301897,-34.06475257873535,0.9991093873977661,0.18704084530472756,0.2,-0.3011544644832611,0.20374755859375,15504,0.000263797932,0.024152342,-0.017965820641256867,1.0009654760360718
-0.0020771278965310354,0.22899239755903844,-0.2064252128887768,-0.07733102812963898,-87.92858059,72441000,70.264105,0.0,80.14733914566345,-0.006781684027777842,0.0008295354071176714,0.06818015665237281,-0.110576762352523,-3.204992640640199e-08,0.0,0.0,9.762467414785036,675,245.16,-0.17161909843041076,0.01,-0.013097233952008723,-0.18602264238148827,0.0,-0.005370102728446936,4122,0.3017607,-0.42819289099387176,0.0,0.0,-0.15517529789387458,1.4474768643883555,0.0,-0.19534029406757447,-0.0007196357980896103,-0.012851593910612689,-0.457771764739369,-0.03582536734086182,-0.5,3017,-0.026211160267725034,0.580595039,0.0,-0.010878310981853347,-34.077091979980466,0.9978114366531372,0.62476115077734,0.2,-0.21022191643714905,0.3301513671875,15508,0.000263788716,0.03530509,-0.005023027490824461,1.0023458003997803
-0.002071969834698869,0.22364876745550671,-0.208049906426944,-0.07770852910386392,-88.22994349999999,72459432,70.27562499999999,0.0,78.27706860942735,-0.006770833333333395,0.0008539494980747501,0.06719283333317205,-0.11055438645359804,-3.129185551644217e-08,0.0,0.0,9.177279510806414,676,246.51,-0.1684846658955095,0.01,-0.013199936927418438,-0.19004576602177037,0.0,-0.006584138142305374,4123,0.3018375,-0.43724120130747063,0.0,0.0,-0.15737764073163674,1.4364585475117289,0.0,-0.19278111568125034,-0.0008785640784851059,-0.013105549801391135,-0.4565475022559565,-0.03578859508842822,-0.5,3022,-0.026257511875733976,0.5805773750000001,0.0,-0.01106263579438544,-34.08518562316895,0.9936097264289856,1.8603217348456382,0.2,-0.15773466229438782,0.26309814453125,15512,0.0002637795,0.02969968,-0.007636825134977698,1.0029220581054688
-0.002093567703289855,0.22840173371159597,-0.21240594435281998,-0.0780891010638946,-87.90902048,72477864,70.28714500000001,0.0,79.94060679905859,-0.006727430555555618,0.0006613497260130114,0.06592663131464291,-0.11078127761185674,-3.2776308069512984e-08,0.0,0.0,9.688671507274181,677,246.46,-0.162948550614207,0.01,-0.013220346672471383,-0.1910384710857516,0.0,-0.006335072466781273,4123,0.3019143,-0.4336632285141187,0.0,0.0,-0.15495452746985314,1.4500855591897126,0.0,-0.19663638925977786,-0.0006052409492314541,-0.012523655509936426,-0.45511488354760093,-0.03591452012330867,-0.5,3026,-0.02656801652014288,0.580559711,0.0,-0.010316245932093201,-34.08394508361816,0.9962592720985413,1.1180401578545571,0.2,0.28344908356666565,0.288916015625,15516,0.000263770284,0.030287668,-0.00897477661492303,1.002406358718872
-0.0020593695683087283,0.22746880224731408,-0.2110715046620938,-0.07848224672461988,-88.66342616,72496296,70.298665,0.0,79.61408078655992,-0.0071397569444445,0.0008382160061349472,0.06705249008800923,-0.11055719686835291,-3.216556784204179e-08,0.0,0.0,9.520100828403123,678,246.04,-0.17085967830970594,0.01,-0.013338457266881229,-0.18867980523807204,0.0,-0.007229802990060794,4123,0.3019911,-0.4346892763154625,0.0,0.0,-0.16023448431059872,1.4401290288818773,0.0,-0.19262262259262594,-0.000599221899166495,-0.012195419721979366,-0.45466501212240473,-0.03530041613688126,-0.5,3030,-0.026498692056212327,0.580542047,0.0,-0.010937039711279795,-34.0824010848999,0.9994059205055237,0.15278327837586403,0.2,-0.3035430312156677,0.25147705078125,15520,0.000263761068,0.02968496,-0.019734404352493583,1.0024386644363403
-0.002117583007477388,0.22889519823751675,-0.20770123525125095,-0.07842397423030212,-88.93458795999999,72514728,70.31018499999999,0.0,80.11331938313086,-0.007042100694444505,0.0009418400198531648,0.06806005994813027,-0.1106747888685969,-3.195143857901591e-08,0.0,0.0,9.771177481302582,679,244.61,-0.16808319481792752,0.01,-0.013444480512614654,-0.18777998338328963,0.0,-0.005809461635890173,4121,0.3020679,-0.4381466998560195,0.0,0.0,-0.15910014106820103,1.42868201819536,0.0,-0.19984307081884856,-0.0008897578236805818,-0.01289355487134307,-0.4640012528196514,-0.035692700102065066,-0.5,3036,-0.025770007196762184,0.580524383,0.0,-0.010367922963471048,-34.07696113586426,0.9977262020111084,0.6384233117103577,0.2,-0.18604980409145355,0.2774169921875,15524,0.000263751852,0.029501434,-0.007400060328654945,1.0020549297332764
-0.0020723400198055402,0.22615723857842276,-0.21270045223978254,-0.07846795967992379,-88.29900721999998,72533160,70.32170500000001,0.0,79.15503350244796,-0.0068250868055556215,0.000849066580283559,0.0693352709617736,-0.11067218607576884,-3.2062326445078165e-08,0.0,0.0,9.534992468126648,680,242.19,-0.16409098475514106,0.01,-0.01326527959025617,-0.190322878437446,0.0,-0.005182569599433651,4121,0.3021447,-0.43197971869885005,0.0,0.0,-0.1587241948220174,1.4643483412902605,0.0,-0.19600717853926078,-0.00047022543888326426,-0.011687548293729937,-0.4527959449036728,-0.03567446750450355,-0.5,3041,-0.026619119063625442,0.5805067190000001,0.0,-0.009939049278424742,-34.077026748657225,0.9965067505836487,0.5919393435120582,0.2,-0.2148723304271698,0.26710205078125,15528,0.000263742636,0.022390034,-0.008102406887337566,1.0021939277648926
-0.002091980082224397,0.22851850850994107,-0.21473972450322687,-0.07983170827701525,-87.38554775000003,72551592,70.333225,0.0,79.98147797847938,-0.006846788194444509,0.0008816187877932356,0.06902395098723207,-0.11045768491345355,-3.25092444522414e-08,0.0,0.0,9.672746179432473,681,244.44,-0.16309767259987062,0.01,-0.0134362829121333,-0.18678954210716275,0.0,-0.00512884612388186,4121,0.3022215,-0.43827074613926587,0.0,0.0,-0.1613434001999158,1.445139511713525,0.0,-0.2000459024978169,-0.0008749044278150537,-0.012706088661928079,-0.44994925112263434,-0.03568733100202362,-0.5,3045,-0.026834899197118015,0.580489055,0.0,-0.010138430833143907,-34.08014068603516,0.9942654371261597,1.324954527616501,0.2,0.1643233299255371,0.23466796875,15532,0.00026373342,0.021911304,-0.00532058528624475,1.0019513368606567
-0.0020879292494418327,0.23712565968027863,-0.21588579606157532,-0.07901875024949752,-88.05792468999998,72570024,70.344745,0.0,82.99398088809752,-0.007291666666666716,0.0006743703270331025,0.06921571398491813,-0.11069131352860978,-3.330892880966197e-08,0.0,0.0,10.487592329714932,682,243.67,-0.1638836863803934,0.01,-0.013464936986840006,-0.1905282796078369,0.0,-0.004590148376189341,4121,0.3022983,-0.43618759518829686,0.0,0.0,-0.16064665925071805,1.4401780978424497,0.0,-0.19653928716830923,-0.000506247536997423,-0.01207266943704733,-0.4669143511540291,-0.03530825805180165,-0.5,3050,-0.02674204839689112,0.580471391,0.0,-0.009233349919668399,-34.07190380096436,0.9982031583786011,0.37440608590841296,0.2,-0.2242855727672577,0.1906005859375,15536,0.000263724204,0.025075603,-0.015429527987726033,1.0017609596252441
-0.0021021439437902702,0.22378905585501258,-0.21630479743445485,-0.07859401354258756,-87.42346451000002,72588456,70.35626500000001,0.0,78.3261695492544,-0.006911892361111178,0.0003070745216165152,0.07002014902676708,-0.11088607749355642,-3.3570097881562864e-08,0.0,0.0,9.252042890384578,683,242.39,-0.16296587336860519,0.01,-0.013504870701875206,-0.19214489854080546,0.0,-0.0042241524216568875,4121,0.3023751,-0.4407817128364779,0.0,0.0,-0.16356636045501008,1.4405065000357826,0.0,-0.19851263598503274,-0.0007008476192938835,-0.012832757208521804,-0.47035359923680303,-0.03558939616671108,-0.5,3054,-0.026503098863245946,0.580453727,0.0,-0.008540942635995129,-34.078763771057126,0.9983118176460266,0.4205225259065628,0.2,-0.19802042841911316,0.25545654296875,15540,0.00026371498799999997,0.027483875,-0.013577581592835486,1.0022313594818115
-0.0020845736168278663,0.2311903824811006,-0.2191694759372484,-0.08005553048980298,-87.76087122000001,72606888,70.367785,0.0,80.9166338683852,-0.0067382812500000645,0.0006065534544177353,0.0691422305219377,-0.11094827610845781,-3.220708744510725e-08,0.0,0.0,9.891816814804564,684,242.09,-0.1611509554410813,0.01,-0.013319411608092323,-0.1887542236257696,0.0,-0.0043859052765733665,4121,0.3024519,-0.4293808928065293,0.0,0.0,-0.15875825596984136,1.4833242982311108,0.0,-0.19499285731892263,-0.000605307282104498,-0.01202335042110911,-0.4548707891083538,-0.034687695665077685,-0.5,3058,-0.027409464133924588,0.5804360630000001,0.0,-0.00956280248970466,-34.08185291290283,0.9979196190834045,0.47866651862859727,0.2,-0.17460903525352478,0.2558349609375,15544,0.000263705772,0.029155111,-0.01447396285366267,1.0025111436843872
-0.002060084491344642,0.23060102083502157,-0.2195840859723147,-0.08164182220190504,-87.28774187,72625320,70.37930499999999,0.0,80.71035729225756,-0.006716579861111174,0.00029296874223897856,0.06807922630166378,-0.1108651555603159,-3.156209752238788e-08,0.0,0.0,9.861707384810781,685,243.71,-0.1563042972009525,0.01,-0.01331726753027246,-0.19104954953127196,0.0,-0.004857471315060519,4121,0.3025287,-0.4381171734584164,0.0,0.0,-0.16025423799383415,1.4673376493328831,0.0,-0.19645679072103794,-0.0007042454915448033,-0.012174791351031122,-0.4401370681875714,-0.035143001848804124,-0.5,3063,-0.027483354160857672,0.580418399,0.0,-0.009072760032722726,-34.07772560119629,0.9986517429351807,0.29285012781620023,0.2,-0.25142091512680054,0.2626708984375,15548,0.000263696556,0.02704522,-0.01307734556030482,1.0021016597747803
-0.002093722988713234,0.23218667276590313,-0.22499070700337429,-0.08141564786742131,-86.74973354000002,72643752,70.390825,0.0,81.2653354680661,-0.00710720486111117,0.0005772567755128774,0.06694883345739619,-0.110865386962982,-3.2300527164831127e-08,0.0,0.0,10.01786694720694,686,242.89,-0.16251881711860705,0.01,-0.013425119351278967,-0.19588406905093234,0.0,-0.0037670028912103904,4121,0.3026055,-0.43879408737768066,0.0,0.0,-0.16336008003585883,1.4721596803502686,0.0,-0.20009904485613766,-0.0007783670781333082,-0.012608533950424834,-0.46431255006603755,-0.03501940376484111,-0.5,3067,-0.028087039522560156,0.580400735,0.0,-0.009137591573461477,-34.078694915771486,0.9988524913787842,0.2779254950582981,0.2,-0.24611172080039978,0.26441650390625,15552,0.00026368733999999997,0.029928738,-0.013765183347277343,1.0021988153457642
-0.002140958756187245,0.22884372955496257,-0.21754132410965155,-0.08422251269888913,-87.68158566999999,72662184,70.402345,0.0,80.0953053442369,-0.007389322916666714,0.0006342230222394897,0.06690967834011344,-0.11072597828521204,-3.417129863504998e-08,0.0,0.0,9.675136561155265,687,240.93,-0.1588158166386918,0.01,-0.013749970658870745,-0.18879246450039017,0.0,-0.004183621563574717,4121,0.3026823,-0.44823767585440333,0.0,0.0,-0.1645813605506359,1.4335269488533762,0.0,-0.2081356388650006,-0.0006215793230619108,-0.01216311243835156,-0.4546202492670871,-0.03576831225345861,-0.5,3072,-0.026465518669691275,0.580383071,0.0,-0.008344952722028311,-34.077650451660155,0.9993268847465515,0.1644705381244421,0.2,-0.3102303743362427,0.23841552734375,15556,0.000263678124,0.025589775,-0.0168008976848796,1.0021142959594727
-0.0021012156303864033,0.22806278915847478,-0.21992617526129277,-0.08112723174657255,-87.90550363999999,72680616,70.413865,0.0,79.82197620546617,-0.007226562500000051,0.0007617183695805983,0.06899338621038849,-0.11088965287684685,-3.573840989407579e-08,0.0,0.0,9.879577008852896,688,242.68,-0.1633084728359816,0.01,-0.013466295318414945,-0.1920385073995163,0.0,-0.003462438671629058,4121,0.3027591,-0.43973065017415025,0.0,0.0,-0.16265032166106688,1.4609802695169516,0.0,-0.19937525820844573,-0.0008332042371429635,-0.011701522000640851,-0.45626717291576235,-0.034660858590770074,-0.5,3076,-0.0272512031557861,0.580365407,0.0,-0.008992194013747698,-34.076255798339844,0.9911054968833923,2.123588341474533,0.2,0.36697667837142944,0.28721923828125,15560,0.000263668908,0.031857096,-0.005619357689283788,1.0019762516021729
-0.0020903556830118787,0.23348224962780909,-0.21965845394554184,-0.08151755095074194,-87.10269471000001,72699048,70.425385,0.0,81.71878736973318,-0.006759982638888952,0.00042209184741497866,0.07144238875677772,-0.11097231240133157,-3.311821757872966e-08,0.0,0.0,10.108914232838082,689,240.29,-0.15533126349826568,0.01,-0.013323554911461123,-0.1901266976884807,0.0,-0.0025901660868947844,4121,0.3028359,-0.4376554425079223,0.0,0.0,-0.1603012247543397,1.4742379309078666,0.0,-0.1994450340117387,-0.0006757194110353728,-0.011776178031125888,-0.4471655751665652,-0.035223808743010274,-0.5,3080,-0.026988313241731617,0.580347743,0.0,-0.007779225981923648,-34.075025939941405,0.9950079917907715,1.1697963297367096,0.2,-0.007174134254455566,0.167822265625,15564,0.000263659692,0.015077096,-0.009987872280180454,1.0016958713531494
-0.002116836760497362,0.23051448972101626,-0.22315300167302082,-0.08331120662639407,-86.96612943,72717480,70.436905,0.0,80.6800714023557,-0.007118055555555612,0.000391709896373666,0.06745694833147813,-0.11083342886252358,-3.446193248758423e-08,0.0,0.0,10.035802394805472,690,238.66,-0.15651393724069054,0.01,-0.013580079009584477,-0.19489539369467526,0.0,-0.002420647951645764,4122,0.3029127,-0.4440528997807433,0.0,0.0,-0.16416710281859345,1.4848763536868708,0.0,-0.20153291473306978,-0.000668342363385543,-0.012159482488336626,-0.46159840160966975,-0.03539049887184132,-0.5,3085,-0.028086427174675934,0.580330079,0.0,-0.008339390562873127,-34.07303104400635,0.9959362745285034,1.062889075279236,0.2,-0.01007428765296936,0.214892578125,15568,0.000263650476,0.021527195,-0.009551024506799876,1.001611351966858
-0.0021485031695801186,0.22677321471144637,-0.2263050148705389,-0.08279065404125223,-86.76467664999997,72735912,70.448425,0.0,79.37062514900623,-0.007432725694444483,0.0006060109169791556,0.0677300357735424,-0.11070243760518658,-3.528793922621574e-08,0.0,0.0,9.832826711610336,691,240.49,-0.16286081378634262,0.01,-0.013755127696152133,-0.19610129093313242,0.0,-0.002925871777308816,4122,0.3029895,-0.44873381314227667,0.0,0.0,-0.1668021175709722,1.464374019812266,0.0,-0.20460289664468043,-0.0006237331591309156,-0.012086108513678593,-0.47134843363325135,-0.03583939653145422,-0.5,3089,-0.02835147529479146,0.580312415,0.0,-0.007954735525547423,-34.073690223693845,0.9944160580635071,1.2885511755943297,0.2,0.06875607371330261,0.15433349609375,15572,0.00026364126,0.01545435,-0.008327292185276747,1.0016494989395142
-0.0021229031858607584,0.23057298807379492,-0.2188572029858804,-0.08114853884999783,-86.85142604,72754344,70.459945,0.0,80.70054582582823,-0.007107204861111173,0.0008132591061035378,0.07005760995260595,-0.11085054118503963,-3.261036190853753e-08,0.0,0.0,9.939801770915107,692,238.9,-0.15814821117614727,0.01,-0.013636389235570687,-0.19162149735541717,0.0,-0.0032995151979964246,4122,0.3030663,-0.4435270166269354,0.0,0.0,-0.16402352627387093,1.4803321695897271,0.0,-0.19922226423188777,-0.0006763960191413392,-0.0125242050556091,-0.46322612386096246,-0.034893508107745996,-0.5,3094,-0.027440621681334352,0.580294751,0.0,-0.007995289755247844,-34.07693252563477,0.9985916614532471,0.2972346246242523,0.2,-0.2703598439693451,0.2017578125,15576,0.000263632044,0.021842737,-0.016936366719892248,1.0021727085113525
-0.0021242470129132058,0.22397563035300194,-0.2201990529357981,-0.08240292698871339,-86.73490492,72772776,70.471465,0.0,78.39147062355067,-0.007183159722222273,0.0008002380135520878,0.07081797878177239,-0.11095443207859237,-3.3087544720949815e-08,0.0,0.0,9.292404601824106,693,241.01,-0.15865403718472118,0.01,-0.013523427146150358,-0.1920721626787295,0.0,-0.002274909653178776,4122,0.3031431,-0.44434028738120035,0.0,0.0,-0.16189378799204357,1.4814076141382033,0.0,-0.19962234416186178,-0.0006653756566062332,-0.01191155066235642,-0.4625064404735736,-0.03522497046327458,-0.5,3098,-0.027749661934548142,0.580277087,0.0,-0.00799108436007777,-34.07944679260254,0.9929081797599792,1.497895759344101,0.2,0.062225520610809326,0.27115478515625,15580,0.000263622828,0.031379063,-0.0027330581331625583,1.0019259452819824
-0.0021163371989965795,0.22228302682085774,-0.21432074936667395,-0.08133545418172916,-87.43963232999998,72791208,70.482985,0.0,77.7990593873002,-0.006998697916666731,0.0007752816664934573,0.0693609276964971,-0.11084380616529128,-3.203989311491111e-08,0.0,0.0,9.1134462343598,694,242.94,-0.16861667105056302,0.01,-0.01353460211487093,-0.1872460343591525,0.0,-0.003423178967601371,4122,0.3032199,-0.4405037427579256,0.0,0.0,-0.16252021359364274,1.4573280198210439,0.0,-0.19795937559176288,-0.000805933360024736,-0.012110475063011047,-0.46474995812690384,-0.03519385787011996,-0.5,3102,-0.026581550985743944,0.580259423,0.0,-0.009786870217390565,-34.07122802734375,0.9970137476921082,0.45925090461969376,0.2,-0.2005644142627716,0.13392333984375,15584,0.000263613612,0.01894984,-0.01178237214917317,1.0018510818481445
-0.0020947987795760987,0.22715696511012134,-0.21153189096102717,-0.07840193002208576,-87.51906616999997,72809640,70.494505,0.0,79.50493778854248,-0.007313368055555602,0.0009369569953479287,0.06773239302071296,-0.11063055004029827,-3.236891301172709e-08,0.0,0.0,9.641447112553342,695,242.44,-0.1685569885023993,0.01,-0.013344198963371877,-0.18428500441775325,0.0,-0.005454617297436908,4122,0.3032967,-0.43346566895884303,0.0,0.0,-0.16147452683743757,1.4455828962911137,0.0,-0.19131742489668735,-0.0005411081401806258,-0.01237683888726628,-0.4520665448625375,-0.03536402947775346,-0.5,3107,-0.026362454018488926,0.580241759,0.0,-0.00996278570447531,-34.0801399230957,0.9960112571716309,0.9717940494418145,0.2,0.3898848295211792,0.181494140625,15588,0.000263604396,0.021977985,-0.010195478302193806,1.0020794868469238
-0.00208578086285668,0.2310307827101962,-0.21685214126663427,-0.08050053492980179,-87.33033284,72828072,70.506025,0.0,80.86077394856866,-0.00726996527777783,0.0010736756440665987,0.06941681955692207,-0.11095728528764792,-3.2486809817081505e-08,0.0,0.0,9.88090876984544,696,243.36,-0.16078060580868858,0.01,-0.013304194329176268,-0.18915805204756075,0.0,-0.004482258165945825,4122,0.3033735,-0.4315679955727634,0.0,0.0,-0.15871532766879223,1.4754007171373578,0.0,-0.18949193034743828,-0.0006025245739524972,-0.012022350473249578,-0.44837172451932644,-0.03481247875970088,-0.5,3111,-0.027442602900953447,0.580224095,0.0,-0.009273225705126405,-34.07177333831787,0.9935519695281982,1.3764172792434692,0.2,0.08416193723678589,0.16912841796875,15592,0.00026359517999999997,0.020188604,-0.005620527535211295,1.0014060735702515
-0.0021224123600129276,0.2263206838966899,-0.21190146108769659,-0.08083641398375313,-87.6912335,72846504,70.517545,0.0,79.21223936384146,-0.007486979166666703,0.0010422086666545107,0.0688177048336575,-0.11067430567519293,-3.2151025196561036e-08,0.0,0.0,9.360377159432161,697,243.44,-0.16701292396457137,0.01,-0.013581671559877127,-0.18843505530664628,0.0,-0.004445686512923876,4122,0.3034503,-0.4440170208786402,0.0,0.0,-0.16206170518569502,1.4462234227549517,0.0,-0.1981896559809235,-0.000604854933939898,-0.011921872215267219,-0.4616318378638195,-0.035278761155913746,-0.5,3116,-0.02678081565429583,0.580206431,0.0,-0.00974862060684245,-34.07452239990234,0.9990692138671875,0.2220207668840885,0.2,-0.27679383754730225,0.2152099609375,15596,0.000263585964,0.025990054,-0.020616172975860537,1.001913070678711
-0.0021410017192063893,0.2265209355843873,-0.2105092059595207,-0.08109716604351093,-88.10725052000002,72864936,70.529065,0.0,79.28232745453555,-0.0072374131944444925,0.0006488710027446763,0.06728562507890996,-0.11096230321726712,-3.3820949135606325e-08,0.0,0.0,9.544262622628269,698,241.38,-0.16877827203341667,0.01,-0.013670783736526316,-0.18946281956197158,0.0,-0.004140571528998226,4122,0.3035271,-0.44455211793793076,0.0,0.0,-0.16387509754242624,1.4271572600097373,0.0,-0.2011990171482477,-0.0006629113761429293,-0.012019794607522769,-0.4609682994046099,-0.0348281124829101,-0.5,3120,-0.026293781825397985,0.580188767,0.0,-0.010039147537706109,-34.078708457946775,0.996587872505188,0.6440481424331665,0.2,-0.16490671038627625,0.2779541015625,15600,0.000263576748,0.032673247,-0.009231897012796253,1.0023406744003296
-0.00213791613783851,0.23396981395480823,-0.2118301593553167,-0.08192593838442387,-88.44945517000002,72883368,70.540585,0.0,81.88943488418288,-0.00719401041666672,0.0008360455362384932,0.067860124596675,-0.11098379102015742,-3.4917438278968185e-08,0.0,0.0,10.106175631603506,699,239.74,-0.16450570002739595,0.01,-0.01363382980546602,-0.19025043169988584,0.0,-0.005162827102787549,4122,0.3036039,-0.4386235290635543,0.0,0.0,-0.16076497979309384,1.4503050977635012,0.0,-0.2024449998257018,-0.00047953340755742,-0.011811712576859347,-0.4573446597679667,-0.0345198973148533,-0.5,3125,-0.026435655694937978,0.5801711030000001,0.0,-0.009148579962331697,-34.07605609893799,0.9880564212799072,2.9630440771579742,0.2,1.3722429275512695,0.22767333984375,15604,0.000263567532,0.020796007,-0.0058739221887663005,1.0016376972198486
-0.002104050017507124,0.22808476018753707,-0.20997646632084702,-0.08250356111343829,-88.08968764000001,72901800,70.55210500000001,0.0,79.82966606563798,-0.007215711805555606,0.000964626191287405,0.06746653298269444,-0.11091989439263622,-3.383084751736572e-08,0.0,0.0,9.506119764204822,700,242.06,-0.16088614258629574,0.01,-0.013508938836494719,-0.18473276171043185,0.0,-0.0033153239528841087,4122,0.3036807,-0.4330829360501728,0.0,0.0,-0.1614204776263564,1.4496580247562427,0.0,-0.1979943982580143,-0.0006714407042867984,-0.011449610171023623,-0.45232729574417996,-0.03449028747721011,-0.5,3129,-0.026051765040742383,0.580153439,0.0,-0.008825229576258507,-34.075115013122556,0.9988429546356201,0.2716178849339485,0.2,-0.25731733441352844,0.2306396484375,15608,0.000263558316,0.027817285,-0.019938348745927214,1.0020698308944702
-0.0021242840419554558,0.22619961990713533,-0.21618728635401896,-0.08111262155758386,-88.31102259999997,72920232,70.563625,0.0,79.16986696749737,-0.007009548611111174,0.0006700303250302871,0.0694684208324489,-0.11072027365662208,-3.39087323304712e-08,0.0,0.0,9.425437368643186,701,241.8,-0.16135642068195588,0.01,-0.013436233736288543,-0.19287047924389486,0.0,-0.004439685777348177,4123,0.3037575,-0.43486750591265444,0.0,0.0,-0.1595241934346784,1.4662843698575563,0.0,-0.19582670324997067,-0.000268776591112215,-0.011248618204278228,-0.45481834411119704,-0.035013245256126625,-0.5,3133,-0.026996189742665256,0.580135775,0.0,-0.00918519959183565,-34.06288719177246,0.9903826713562012,2.2691779285669327,0.2,0.40932735800743103,0.235992431640625,15610,0.0002635491,0.043094475,0.0027924078749492764,1.0006617307662964
-0.002142174772765538,0.22306704264996563,-0.2205816225330858,-0.08392670220048094,-87.54969525,72938664,70.57514499999999,0.0,78.07346492748798,-0.006955295138888954,0.0007617186961902513,0.0663536468065697,-0.11068378366929908,-3.3948269612701266e-08,0.0,0.0,9.120957657101751,702,242.65,-0.16233996333524373,0.01,-0.013724077000815236,-0.19381156537452948,0.0,-0.003928128697686786,4123,0.3038343,-0.44310337648174863,0.0,0.0,-0.1627108048361626,1.4564383405978345,0.0,-0.2020467047294704,-0.0006328043120492183,-0.011977371802173122,-0.45823039160567003,-0.035535217581896504,-0.5,3138,-0.02741849669629863,0.580118111,0.0,-0.00934673888453593,-34.07027168273926,0.9940943121910095,1.5640156835317611,0.2,0.4484937787055969,0.169970703125,15614,0.000263539884,0.019627491,-0.008844841783866287,1.001434564590454
-0.0021479788358055845,0.22420961854005741,-0.2108950849987358,-0.08030767847983063,-87.25212686,72957096,70.586665,0.0,78.4733664890201,-0.00670572916666673,0.0006244572933711526,0.06770693289585548,-0.11072809762780517,-3.4610686458795426e-08,0.0,0.0,9.264121947370326,703,244.75,-0.16970858336083616,0.01,-0.013672517598311841,-0.1868400064622555,0.0,-0.004455999144613971,4123,0.3039111,-0.43763064126213874,0.0,0.0,-0.16235319696369385,1.4503319790652558,0.0,-0.19698089072953953,-0.00040776803431400805,-0.01163957385709171,-0.4586753309202878,-0.03507528273957382,-0.5,3142,-0.02638428322205908,0.580100447,0.0,-0.010228898188668407,-34.072322082519534,0.9967202544212341,0.6615596905350685,0.2,-0.1412651091814041,0.1837158203125,15618,0.000263530668,0.015727108,-0.008475213381461798,1.0015554428100586
-0.002131248965180755,0.2207255138358464,-0.20680765246932337,-0.07980384132426352,-88.03489209,72975528,70.598185,0.0,77.25392984254624,-0.006901041666666732,0.0007595482359950741,0.06820483500011378,-0.11069149187969211,-3.410146296642076e-08,0.0,0.0,8.988245528434561,704,243.98,-0.16985798101648877,0.01,-0.013612693944220572,-0.1845491200252608,0.0,-0.005266401796704763,4123,0.3039879,-0.43116702841443305,0.0,0.0,-0.1623569257760547,1.4402625969172236,0.0,-0.19858544825378094,-0.00040345506070230776,-0.011701732029565407,-0.45711283962042515,-0.034819908561808645,-0.5,3146,-0.025556650482489167,0.580082783,0.0,-0.010148874825164158,-34.07017021179199,0.9972347617149353,0.5254879549145699,0.2,-0.11896444857120514,0.143701171875,15622,0.000263521452,0.017395917,-0.011146277631632983,1.0014137029647827
-0.0021395647516502447,0.2266081556702364,-0.21002733523903527,-0.08002633308203864,-87.86694079,72993960,70.609705,0.0,79.31285448458274,-0.006759982638888953,0.0005485022556968033,0.06974114942453552,-0.11073959175576792,-3.54081141178229e-08,0.0,0.0,9.618259532964139,705,243.11,-0.1632691544223737,0.01,-0.013588500732628853,-0.18676550488703883,0.0,-0.004058890322970248,4123,0.3040647,-0.43419734472357474,0.0,0.0,-0.15957598223161953,1.4528616479827092,0.0,-0.19831745657894123,-0.0006179384145302008,-0.010643477972155617,-0.44632242041278414,-0.035427975449819044,-0.5,3151,-0.025887778411164825,0.580065119,0.0,-0.009149257978101054,-34.0709867477417,0.9932428002357483,1.8005402237176895,0.2,0.1356566846370697,0.2194091796875,15626,0.000263512236,0.019846698,-0.006793591135647148,1.0015066862106323
-0.0021531934725055315,0.22343993652795108,-0.21870642710645982,-0.08368864742886767,-87.00979882,73012392,70.62122500000001,0.0,78.20397778478288,-0.006901041666666733,0.00037000841499927145,0.06881199189494068,-0.11050093632122225,-3.412271139752622e-08,0.0,0.0,9.159854813317498,706,240.6,-0.1613504333318515,0.01,-0.013765460822725733,-0.19337248185174327,0.0,-0.00332154880507119,4121,0.3041415,-0.43790771732508554,0.0,0.0,-0.16355641978845367,1.4749665960206237,0.0,-0.19979791608578734,-0.0006343631235728495,-0.01151042335906843,-0.4551054927607272,-0.03497918415500729,-0.5,3157,-0.027495458802066997,0.580047455,0.0,-0.008881109879843684,-34.07414073944092,0.9970375299453735,0.6338495075702667,0.2,-0.17279638350009918,0.1764892578125,15630,0.00026350302,0.018500837,-0.011412906821351498,1.0018656253814697
-0.0021912373455968822,0.2264324786633928,-0.21438893194933165,-0.08154845926645218,-87.05988418000001,73030824,70.632745,0.0,79.25136753218749,-0.006966145833333399,0.0003955075743659917,0.06934024308893434,-0.11072839110308633,-3.483002277615217e-08,0.0,0.0,9.526879987101237,707,240.68,-0.16413692911307765,0.01,-0.013975186130349466,-0.1887717555511618,0.0,-0.002614617037135757,4121,0.3042183,-0.44131596551767016,0.0,0.0,-0.1651831139340587,1.4530792547578266,0.0,-0.2087436959320648,-0.0005426024234731754,-0.011720483942197804,-0.471032366424999,-0.035345931659705884,-0.5,3162,-0.026454458534103435,0.5800297910000001,0.0,-0.00878494626603141,-34.07829074859619,0.9954162240028381,0.8090930908918381,0.2,-0.07760566473007202,0.23671875,15634,0.000263493804,0.019439008,-0.0062570388545282185,1.002120852470398
-0.002201195006998558,0.23245778580551194,-0.22032512801324744,-0.08393084122226295,-87.13389842999999,73049256,70.64426499999999,0.0,81.36022503192918,-0.006955295138888954,0.0006906461332821184,0.06945600635858186,-0.11074515166225746,-3.494369364758377e-08,0.0,0.0,10.141289414491322,708,240.57,-0.1636612548732603,0.01,-0.013977537433953493,-0.19689229766382554,0.0,-0.0022489226355806424,4121,0.3042951,-0.44732611494796665,0.0,0.0,-0.1648239761745804,1.4774411716874312,0.0,-0.20619221366588214,-0.0007122568070059224,-0.01141446889757006,-0.4686487271893029,-0.03536280103012317,-0.5,3166,-0.027857320526086526,0.580012127,0.0,-0.008213252057127344,-34.07535381317139,0.995760977268219,0.8422499507665634,0.2,-0.0213182270526886,0.18612060546875,15638,0.00026348458799999995,0.01954398,-0.010667884221766144,1.0017516613006592
-0.0021699140398354928,0.23120129811507445,-0.2192102869395598,-0.08219528514902887,-86.29782953999998,73067688,70.655785,0.0,80.92045434027605,-0.006857638888888954,0.000678710325802159,0.0737808405561412,-0.11113207363624047,-3.5216673806526556e-08,0.0,0.0,9.917100744901758,709,238.54,-0.15704750952272808,0.01,-0.01381192885918766,-0.19247843843077603,0.0,-0.0021103583679031135,4121,0.3043719,-0.4428203732931262,0.0,0.0,-0.16372804277814343,1.4769453447957703,0.0,-0.20026461988324326,-0.00045802208436746764,-0.01097526853163486,-0.4633368148311581,-0.03492096901158004,-0.5,3170,-0.027108136559897595,0.579994463,0.0,-0.007374089495796297,-34.07823104858399,0.9983249306678772,0.4100646585226059,0.2,-0.21399898827075958,0.21475830078125,15642,0.00026347537199999997,0.022550652,-0.016617025213781743,1.0022423267364502
-0.00213282803901461,0.23627731697086835,-0.21719084519895945,-0.08315991128376526,-86.84708728,73086120,70.667305,0.0,82.69706093980392,-0.006803385416666732,0.0007443572782600919,0.06914838831435434,-0.1106757665130162,-3.41187273987621e-08,0.0,0.0,10.283958974346312,710,239.65,-0.1635030366968837,0.01,-0.013550989681307664,-0.1910834740213909,0.0,-0.0027153335803759785,4121,0.3044487,-0.4241822437146728,0.0,0.0,-0.16077207756506182,1.4981847702510278,0.0,-0.19968585652808707,-0.0006501591958491224,-0.010964032702259867,-0.4482347274447881,-0.03539856001724317,-0.5,3175,-0.02795528275083266,0.579976799,0.0,-0.008852083536718661,-34.07606258392334,0.9990874528884888,0.21259864568710327,0.2,-0.2827047109603882,0.23701171875,15646,0.000263466156,0.025900519,-0.015526813745964319,1.0018022060394287
-0.002205377118607261,0.2281677105495508,-0.21647863585841814,-0.08264517134348304,-86.56393917999999,73104552,70.678825,0.0,79.85869869234277,-0.007530381944444487,0.0006396479212627229,0.0682727914346009,-0.11081648271438473,-3.5579152442643966e-08,0.0,0.0,9.53913317828253,711,241.59,-0.16402744055470506,0.01,-0.01391964204916075,-0.18629636689353515,0.0,-0.0029832072852934897,4121,0.3045255,-0.44419061945535576,0.0,0.0,-0.16584864247051978,1.4393945449976655,0.0,-0.2114642783141133,-0.0006709485677093157,-0.0118413811991001,-0.45758798761990754,-0.03514833027591872,-0.5,3179,-0.02647395136467228,0.579959135,0.0,-0.008692173036656136,-34.07198143005371,0.9929830431938171,1.7894550363222759,0.2,0.31234192848205566,0.2703314887152778,15650,0.00026345694,0.043204546,-0.001944602337769336,1.001413106918335
-0.00218738491878332,0.22934883988328594,-0.21642627863452898,-0.08111435464476918,-86.5462683,73122984,70.69034500000001,0.0,80.27209395915008,-0.006868489583333399,0.000488823447893891,0.06694254487566266,-0.11067113020179473,-3.57547590670127e-08,0.0,0.0,9.785164960063458,712,242.91,-0.17240850536237376,0.01,-0.01402918606969976,-0.18683931113873073,0.0,-0.0036176875033411115,4121,0.3046023,-0.44626646492742406,0.0,0.0,-0.16630991412370583,1.468799525646159,0.0,-0.2042894055276864,-0.000553957045051474,-0.011074233389014547,-0.4605352208235194,-0.035258959396361506,-0.5,3184,-0.027097359981877917,0.579941471,0.0,-0.009637266049847111,-34.07709636688232,0.9989598393440247,0.2570375733077526,0.2,-0.20587258040905,0.24892578125,15654,0.000263447724,0.032063134,-0.01511077816830948,1.0021618604660034
-0.0021255868852648077,0.2286295179755312,-0.22004490115462105,-0.08353611304390762,-86.95837238,73141416,70.701865,0.0,80.02033129143591,-0.006976996527777842,0.0005647783271140523,0.07137769309236125,-0.11106788392113993,-3.401265338995543e-08,0.0,0.0,9.67245307253443,713,239.78,-0.15707414902312497,0.01,-0.01359564650490358,-0.1936022201688173,0.0,-0.002835745156390184,4121,0.3046791,-0.43087899373026545,0.0,0.0,-0.16164088975654567,1.4885880218494618,0.0,-0.20333109553546969,-0.0003820917533368591,-0.011237748306278727,-0.45876228224065624,-0.034487961411753365,-0.5,3188,-0.027303217490410512,0.579923807,0.0,-0.007802012948862587,-34.08512859344482,0.9993100762367249,0.16696044951677322,0.2,-0.30480316281318665,0.2726806640625,15658,0.000263438508,0.032686584,-0.01795327286235988,1.0027003288269043
-0.002155179282897612,0.22722163945550078,-0.2224248328843378,-0.08370850490550183,-86.61407037000001,73159848,70.713385,0.0,79.52757380942528,-0.006803385416666732,0.0006016708664699561,0.06469673253475612,-0.11068391071765585,-3.526995161068532e-08,0.0,0.0,9.730636243348469,714,240.67,-0.16099737905687642,0.01,-0.013774526352988056,-0.19169300873756506,0.0,-0.003558053532911851,4121,0.3047559,-0.4411420496166978,0.0,0.0,-0.16278031868355283,1.4917166782117084,0.0,-0.2005865726203666,-0.0004025024402903167,-0.010843506360834476,-0.4514431755087673,-0.03565009481097346,-0.5,3192,-0.02816859833548987,0.579906143,0.0,-0.009103140535040034,-34.08545837402344,0.9980741739273071,0.4236139640212059,0.2,-0.2028738260269165,0.2859375,15662,0.000263429292,0.03278754,-0.01080598277039826,1.0029559135437012
-0.002215216735098752,0.2334298600505224,-0.21905712607103384,-0.08214665775848712,-86.76340649,73178280,70.724905,0.0,81.70045101768284,-0.007389322916666712,0.0005349390105240875,0.0652872452636197,-0.11090843865308896,-3.5971893557972586e-08,0.0,0.0,10.133924566647185,715,240.84,-0.164804585881936,0.01,-0.014117757083687529,-0.18900558165155748,0.0,-0.0029797030884131147,4121,0.3048327,-0.4536476132483222,0.0,0.0,-0.16745703046333138,1.4435496350590582,0.0,-0.2121095177984632,-0.0005539983415680614,-0.011099504986520688,-0.468247636383069,-0.03556014200767718,-0.5,3197,-0.02682976261828545,0.5798884790000001,0.0,-0.00860794523355758,-34.088808631896974,0.9992356300354004,0.2108616977930069,0.2,-0.2794903516769409,0.27906494140625,15666,0.00026342007599999996,0.028346041,-0.014584264380391686,1.0028393268585205
-0.002175162418764468,0.22998640034189033,-0.22170888035206038,-0.08103132522449905,-87.63244202000001,73196712,70.736425,0.0,80.49524011966162,-0.007248263888888943,0.001162109136607291,0.06696393566472883,-0.11077111990000628,-3.692340026815916e-08,0.0,0.0,9.904412256014806,716,242.27,-0.1695216625120016,0.01,-0.01394253002453046,-0.18610566476911203,0.0,-0.004073382196591846,4121,0.3049095,-0.4369323326709986,0.0,0.0,-0.16511679127466977,1.4629621234791947,0.0,-0.2040485200627581,-0.0004256021796066468,-0.010524562425983146,-0.4598527717725928,-0.035015787740000665,-0.5,3201,-0.02725138344929401,0.579870815,0.0,-0.009484000749782555,-34.07986698150635,0.999066948890686,0.24555483385920523,0.2,-0.28707075119018555,0.2845947265625,15670,0.00026341086,0.029254686,-0.014196116640232504,1.0023281574249268
-0.002154900083707804,0.22934363783594996,-0.21493097653629167,-0.08102104736754928,-87.07364284,73215144,70.747945,0.0,80.27027324258249,-0.007226562500000051,0.0012163622757523423,0.07013655607735671,-0.11101917618409667,-3.381697535699975e-08,0.0,0.0,9.728030501129677,717,244.09,-0.16470975510561547,0.01,-0.013855891125993496,-0.1829079268671659,0.0,-0.0033665571545607167,4122,0.3049863,-0.43815662896763974,0.0,0.0,-0.16417733179037775,1.4598796431430028,0.0,-0.20221217132799582,-0.0005208838416829097,-0.010941879301588176,-0.448916122671909,-0.035195419609498554,-0.5,3206,-0.026258790621551144,0.579853151,0.0,-0.00892681922737716,-34.07318515777588,0.9939616322517395,0.9381454139947891,0.2,-0.07513037323951721,0.2545654296875,15674,0.000263401644,0.022699555,-0.004188012145459652,1.0016101598739624
-0.0021526230204956965,0.22817495149382258,-0.21953537239040388,-0.08081857694133665,-87.79118075000001,73233576,70.759465,0.0,79.86123302283791,-0.007194010416666719,0.0012706157997147078,0.06765823173723064,-0.11070758011897817,-3.4249596153863524e-08,0.0,0.0,9.553959899493828,718,243.57,-0.1739198232366851,0.01,-0.01375758970115295,-0.18508703805753357,0.0,-0.004395788615917175,4122,0.3050631,-0.4369953406120755,0.0,0.0,-0.16293457309613554,1.462537901275801,0.0,-0.20323367040042403,-0.000653706148594906,-0.010961382874215449,-0.4580716978142631,-0.03492022760150422,-0.5,3210,-0.027029490086178967,0.579835487,0.0,-0.01002422674436174,-34.07648105621338,0.9990324378013611,0.2523188367486,0.2,-0.2720203399658203,0.248828125,15678,0.000263392428,0.03154837,-0.01579195698723197,1.0022605657577515
-0.0021518837628649737,0.229203821384453,-0.21739981493191174,-0.08269898997315867,-87.14208082999998,73252008,70.770985,0.0,80.22133748455855,-0.0072048611111111644,0.0010053165088821617,0.07068557757252189,-0.11086581084175882,-3.4476539858182396e-08,0.0,0.0,9.9507982912686,719,242.75,-0.1630717648899523,0.01,-0.013813551452655386,-0.18634211685546476,0.0,-0.003098842345497587,4122,0.3051399,-0.4413375457076877,0.0,0.0,-0.163080717164557,1.459764699902247,0.0,-0.19994058758192204,-0.0005113372613311582,-0.011188685448779913,-0.44925655021250105,-0.03539559312331533,-0.5,3214,-0.026628253970990074,0.579817823,0.0,-0.00857769999614296,-34.08192939758301,0.9958829879760742,0.8376312091946602,0.2,-0.0790194571018219,0.2965576171875,15682,0.000263383212,0.02438305,-0.004887676774524152,1.0023243427276611
-0.002149174520037693,0.23297059341127965,-0.2144511926569399,-0.08055873669027748,-88.19599655,73270440,70.782505,0.0,81.53970769394788,-0.007421875000000042,0.0011924906737274593,0.06886953475213219,-0.11064686509796237,-3.473542031842753e-08,0.0,0.0,10.157532849666163,720,240.69,-0.16794447312901947,0.01,-0.01381215231181367,-0.18435343551002725,0.0,-0.0032726481776185596,4122,0.3052167,-0.4308705656633851,0.0,0.0,-0.16418067198930006,1.4591618409274745,0.0,-0.19956952776282702,-0.000449054620266732,-0.01106119472824613,-0.46081505387475846,-0.03547569905102901,-0.5,3219,-0.026476396633794315,0.579800159,0.0,-0.009895646563058512,-34.073672485351565,0.994580090045929,0.9440216571092606,0.2,0.021049946546554565,0.187841796875,15686,0.000263373996,0.018279338,-0.00989941122243181,1.0017149448394775
-0.0021639501824105628,0.23116240223596327,-0.22115659659860754,-0.08237217127094,-87.16402165999997,73288872,70.794025,0.0,80.90684078258714,-0.007150607638888947,0.0011062277901348555,0.06910574516905123,-0.11049719527085983,-3.3850932912432065e-08,0.0,0.0,9.924111765296104,721,241.51,-0.16966294488224126,0.01,-0.013952125207341891,-0.18476708026747735,0.0,-0.003333650265630997,4122,0.3052935,-0.4454326947794079,0.0,0.0,-0.16529534285176478,1.4635915730229239,0.0,-0.2008778032969906,-0.0005276475338423703,-0.011098647910946745,-0.4574019341058795,-0.03579123546682651,-0.5,3223,-0.027428596908335403,0.579782495,0.0,-0.009405196967741681,-34.0744010925293,0.9918180108070374,1.697082832455635,0.2,0.04563233256340027,0.18387451171875,15690,0.00026336477999999995,0.02120537,-0.007193852018099278,1.0016884803771973
-0.0022167391420676746,0.2338044623744092,-0.21662711289065084,-0.08086939422772052,-88.23027834999999,73307304,70.805545,0.0,81.83156183104322,-0.007172309027777834,0.0009901257193026443,0.06718015820927914,-0.11071048355732155,-3.398392668858894e-08,0.0,0.0,10.176779710125732,722,238.66,-0.1676808901675833,0.01,-0.014264728822157097,-0.18439914643144328,0.0,-0.0043578367891399334,4122,0.3053703,-0.45290172103760135,0.0,0.0,-0.16939883334092473,1.4242905528943315,0.0,-0.20625202653625305,-0.0007405763749159227,-0.011895701723461723,-0.46372580702759475,-0.03590840085563264,-0.5,3228,-0.026462387580111785,0.579764831,0.0,-0.009323004330831787,-34.071673202514646,0.9939762949943542,1.3719652503728867,0.2,0.26496535539627075,0.14912109375,15694,0.00026335556399999997,0.019961616,-0.01194907062454149,1.0016282796859741
-0.002136283411178724,0.22847550759540441,-0.21237983033342173,-0.07848930670967598,-87.95946889000001,73325736,70.81706500000001,0.0,79.96642765839154,-0.007118055555555612,0.001282551552220765,0.06920609010598283,-0.11061500146580416,-3.2754967042190444e-08,0.0,0.0,9.730992750976831,723,243.63,-0.16817369312590688,0.01,-0.01367472809019011,-0.17977298163327823,0.0,-0.005325063514726109,4122,0.3054471,-0.4285758055942349,0.0,0.0,-0.16204951662764194,1.452785153495194,0.0,-0.19887123993661385,-0.0006984235488851672,-0.01182577672007326,-0.4567376598217229,-0.03571485834371682,-0.5,3232,-0.02616370420304688,0.5797471670000001,0.0,-0.0105896825633762,-34.07119884490967,0.9827607274055481,3.8076286554336547,0.2,0.15846213698387146,0.11876220703125,15698,0.000263346348,0.016026793,-0.008179562841542065,1.0013762712478638
-0.0021423516290685184,0.22507583080017526,-0.2149511717357228,-0.08083981618835247,-87.72819145999998,73344168,70.828585,0.0,78.77654078006134,-0.006911892361111178,0.0007210284238681197,0.06840781947181078,-0.11065851249540623,-3.381064689707355e-08,0.0,0.0,9.248095563014383,724,242.23,-0.16628032140460436,0.01,-0.013803723607118734,-0.18423503264421273,0.0,-0.004721764574995732,4122,0.3055239,-0.4379851415031114,0.0,0.0,-0.16373459961063455,1.4572941094259302,0.0,-0.19589337236764431,-0.0004994853678759442,-0.011537337812543725,-0.45141938728190056,-0.035270700592352516,-0.5,3236,-0.026810333378394474,0.579729503,0.0,-0.009597661083615903,-34.066915130615236,0.993723452091217,1.2554362624883653,0.2,-0.016894906759262085,0.13310546875,15702,0.000263337132,0.017960433,-0.012319700396619736,1.0011553764343262
-0.002160919171613902,0.23060779258622013,-0.20676106809933137,-0.07738946003291652,-87.45548088,73362600,70.840105,0.0,80.71272740517705,-0.007074652777777837,0.0008626299354040788,0.06926662348420815,-0.11050523368500954,-3.3143408185784394e-08,0.0,0.0,9.88816825610567,725,244.38,-0.16728320752623094,0.01,-0.013717837126415269,-0.18199494650824685,0.0,-0.005984418884057455,4122,0.3056007,-0.43519930515782623,0.0,0.0,-0.16151373618903192,1.4268858797311346,0.0,-0.19927185660973318,-0.0005207729850927218,-0.011897675585079112,-0.45027443685270274,-0.035759269628430373,-0.5,3241,-0.025530175404688066,0.579711839,0.0,-0.010263891497743316,-34.07669639587402,0.9931343793869019,1.6638929590582847,0.2,0.30356788635253906,0.21064453125,15706,0.000263327916,0.038956612,-0.006232622952666134,1.0018342733383179
-0.0021220154735281777,0.2268470241223485,-0.2024945547879892,-0.07884247679535256,-88.79446355000002,73381032,70.851625,0.0,79.39645844282198,-0.007031250000000063,0.0011018875844052269,0.07200397949271256,-0.1103779954521254,-3.467437648237525e-08,0.0,0.0,9.700259459468205,726,243.32,-0.1652690885573536,0.01,-0.013534220449830886,-0.17908922429812224,0.0,-0.005190193938971996,4122,0.3056775,-0.43463797423038686,0.0,0.0,-0.15952475905964691,1.4136372761446534,0.0,-0.19566503786807465,-0.0005823510932315383,-0.011809823176274032,-0.4441521057706156,-0.03535932846814333,-0.5,3245,-0.024909054430758554,0.579694175,0.0,-0.00942784883631652,-34.07530269622803,0.9991527199745178,0.20993673354387282,0.2,-0.2781199514865875,0.24505615234375,15710,0.0002633187,0.029345553,-0.01949794895481318,1.0019996166229248
-0.0021548003262117188,0.22880283112863287,-0.21407199591969514,-0.07937307331675425,-87.97954231999998,73399464,70.863145,0.0,80.0809908950215,-0.0071397569444445015,0.000983614975767624,0.07093371413559071,-0.11068145806886562,-3.40400738675481e-08,0.0,0.0,9.898238822864034,727,240.86,-0.16741990971877066,0.01,-0.013753057220009572,-0.18858965265425268,0.0,-0.004460614231020733,4122,0.3057543,-0.4374149791973509,0.0,0.0,-0.16276134319593644,1.4588383324695118,0.0,-0.20195023582153443,-0.0006268206862738082,-0.011966586594350544,-0.452838865178924,-0.0361347092766854,-0.5,3250,-0.026910145887488,0.5796765110000001,0.0,-0.009251389072030887,-34.07747955322266,0.989963948726654,2.3914974451065065,0.2,0.2823396325111389,0.32025146484375,15714,0.000263309484,0.03687374,-0.006334520177915692,1.0019721984863281
-0.002158417094625854,0.23623366355811437,-0.21005790323119544,-0.0803410913832351,-88.44515712999998,73417896,70.874665,0.0,82.68178224534003,-0.0069986979166667285,0.0008761931708755179,0.0710093866774885,-0.11066630476473832,-3.4037149959354294e-08,0.0,0.0,10.517904288521347,728,239.37,-0.16546172107351104,0.01,-0.013830954461488692,-0.18448041502997756,0.0,-0.00415947956711098,4123,0.3058311,-0.44501261191226654,0.0,0.0,-0.16371734384938136,1.4289943443610749,0.0,-0.20590081988962727,-0.0005875173319389681,-0.011726259528966793,-0.4468357706271471,-0.03597415587087195,-0.5,3254,-0.02581607781838918,0.579658847,0.0,-0.009044548845849931,-34.06992378234863,0.9935193657875061,1.528529241681099,0.2,0.7082287073135376,0.1465087890625,15718,0.00026330026799999996,0.016016886,-0.009768784127663821,1.0013480186462402
-0.002151798180013747,0.22886302972872155,-0.21113391903146253,-0.0819103073939354,-87.67897185999999,73436328,70.88618500000001,0.0,80.10206040505254,-0.007063802083333394,0.0008062064427778953,0.06822162692205092,-0.1106985233830738,-3.5373854077267255e-08,0.0,0.0,9.93020580127776,729,244.79,-0.16613798609997157,0.01,-0.013803200204921103,-0.18691386995413073,0.0,-0.005121172141876583,4123,0.3059079,-0.4422242026471148,0.0,0.0,-0.1629218812313501,1.4354043165081913,0.0,-0.20773120351498103,-0.0006332159260442999,-0.01179667344028803,-0.4483744793414355,-0.035158489781342124,-0.5,3258,-0.026208606403180734,0.579641183,0.0,-0.009360981563481295,-34.073921012878415,0.9897511005401611,2.760116231441498,0.2,2.1497251987457275,0.224169921875,15722,0.000263291052,0.028407719,-0.01009458766784519,1.0019724369049072
-0.002121418732191337,0.22676392239343426,-0.20859634802951196,-0.08093360209930192,-88.41754375,73454760,70.897705,0.0,79.36737283770199,-0.0067599826388889525,0.0008425560566441467,0.07170774857808183,-0.11071833642215105,-3.294321018676479e-08,0.0,0.0,9.494593073790329,730,243.01,-0.1593793909017604,0.01,-0.013714659329459585,-0.18650113443942004,0.0,-0.004372640489202696,4123,0.3059847,-0.43531328625268656,0.0,0.0,-0.1620468570634974,1.4316203964422622,0.0,-0.20121290433185549,-0.00043792409154779974,-0.011861945130474975,-0.44343452556877044,-0.035763936884178935,-0.5,3263,-0.025605325671041193,0.579623519,0.0,-0.00897591781621385,-34.08340358734131,0.998569905757904,0.3315980605781078,0.2,-0.2764621078968048,0.26053466796875,15726,0.000263281836,0.029643362,-0.013213979091960936,1.002509593963623
-0.0021365273770533,0.23045747895718205,-0.20978579223993557,-0.07886953077046505,-88.25231759999998,73473192,70.90922499999999,0.0,80.66011763501372,-0.006792534722222286,0.0009342444892455307,0.0703964212976475,-0.11069927989710372,-3.3838860472044114e-08,0.0,0.0,9.949749591847143,731,243.83,-0.16499547920709218,0.01,-0.013743973231337693,-0.18374700842093067,0.0,-0.006548366546694273,4123,0.3060615,-0.4307155484926739,0.0,0.0,-0.1613912501520344,1.4444404284108887,0.0,-0.19756583223753899,-0.0007009751854116365,-0.011987696887116685,-0.44607628761253654,-0.03580634131749903,-0.5,3267,-0.02586146863226522,0.5796058550000001,0.0,-0.010374568462591723,-34.07621841430664,0.9942433834075928,1.2537448853254318,0.2,0.6255964040756226,0.29022216796875,15730,0.00026327262,0.02475458,-0.005321207724045962,1.0019221305847168
-0.0021079230981678443,0.22966915262188392,-0.2140238550598076,-0.08055495630956876,-87.84505261,73491624,70.920745,0.0,80.38420341765938,-0.006749131944444506,0.0008203122124541551,0.07148425781962658,-0.11076848098884845,-3.366534534653601e-08,0.0,0.0,9.796364130787119,732,245.88,-0.15908737402704767,0.01,-0.013563888749258395,-0.18582499223865664,0.0,-0.005639780156901883,4123,0.3061383,-0.4376855156373383,0.0,0.0,-0.16048006980481588,1.450042571645924,0.0,-0.2007824300111306,-0.0005916113198833169,-0.012155217138737719,-0.4385805854891917,-0.035768193512461355,-0.5,3272,-0.02622219873852429,0.579588191,0.0,-0.00964553926476381,-34.07842655181885,0.9981815814971924,0.3749124757945538,0.2,-0.22616009414196014,0.20037841796875,15734,0.00026326340400000003,0.024142036,-0.013731314986944198,1.0023024082183838
-0.002152545981325934,0.22735144756129885,-0.21442022725719198,-0.07905758256559668,-88.27119214999999,73510056,70.932265,0.0,79.5730066464546,-0.006890190972222288,0.0007557507164569364,0.0713092670590256,-0.1106935466455147,-3.413542180631911e-08,0.0,0.0,9.56327850163838,733,242.86,-0.16400318527732086,0.01,-0.013993833903812425,-0.18885105007519734,0.0,-0.005093896092109972,4121,0.3062151,-0.4434137093729667,0.0,0.0,-0.16526548724007584,1.4178432551575808,0.0,-0.19951628528254525,-0.0005470439437999164,-0.012255234396066746,-0.46146819760118174,-0.03581818585893003,-0.5,3278,-0.026053240779528,0.579570527,0.0,-0.00884733879744696,-34.08222408294678,0.9994580149650574,0.13976517729461194,0.2,-0.3100014626979828,0.2577392578125,15738,0.000263254188,0.027707482,-0.01571103328606114,1.0024274587631226
-0.0021155772846139227,0.23509275507959676,-0.21431638871539452,-0.07985771126093576,-88.19991954000002,73528488,70.94378499999999,0.0,82.28246427785886,-0.006640625000000062,0.0009629989540877028,0.07246487333371353,-0.11074488336583847,-3.453019104842678e-08,0.0,0.0,10.261328017006996,734,243.16,-0.15821380046012823,0.01,-0.013712765164462841,-0.18781385604406162,0.0,-0.005175995982504388,4121,0.3062919,-0.43477509514537144,0.0,0.0,-0.16249699676201132,1.4435310815001647,0.0,-0.1924937175914402,-0.0006377713554368591,-0.011891156045039588,-0.4523281114182615,-0.03558931760451702,-0.5,3282,-0.026198564847369914,0.579552863,0.0,-0.009219380001822073,-34.0791202545166,0.9966298341751099,0.9244574010372162,0.2,0.235268235206604,0.333642578125,15742,0.00026324497199999995,0.0377552,-0.008556264056824147,1.0023146867752075
-0.002112023672898466,0.22761431987808484,-0.21341041911820854,-0.08054805013248996,-87.43661006999999,73546920,70.955305,0.0,79.6650119573297,-0.007042100694444508,0.0009157983844892846,0.07129735119498065,-0.11090419390146217,-3.373261980648721e-08,0.0,0.0,9.591692184343751,735,244.24,-0.1558635823465498,0.01,-0.013580360465245753,-0.18533304426189198,0.0,-0.0056766188423806145,4121,0.3063687,-0.43440927923697975,0.0,0.0,-0.1602028788425257,1.4466361138936368,0.0,-0.19567041797155726,-0.00048768735613258094,-0.011632189471358965,-0.4345056035023821,-0.03546876129148896,-0.5,3287,-0.026175853843585044,0.5795351990000001,0.0,-0.009497292782826763,-34.08212661743164,0.9975612759590149,0.7089863672852517,0.2,0.017054051160812378,0.31636962890625,15746,0.00026323575599999997,0.03296885,-0.006301385874394327,1.0025666952133179
-0.002137989933314635,0.22954529821852807,-0.2219882516762282,-0.0829332472117707,-87.02878077,73565352,70.966825,0.0,80.34085437648483,-0.006868489583333398,0.0007671438765505122,0.07241567887820316,-0.11097493529766976,-3.451638894640843e-08,0.0,0.0,9.801265926913802,736,242.12,-0.15682620280914705,0.01,-0.013845339485961498,-0.1956320340625836,0.0,-0.003283969831297721,4121,0.3064455,-0.4425996111957171,0.0,0.0,-0.16319000448820065,1.4687727525577348,0.0,-0.199690450201225,-0.0007194757359704883,-0.012313580928173015,-0.45085584405067686,-0.035206701799424006,-0.5,3291,-0.027452091718315405,0.579517535,0.0,-0.008503642660798505,-34.0836841583252,0.999382495880127,0.1604190357029438,0.2,-0.3042348027229309,0.26119384765625,15750,0.00026322654,0.030121997,-0.017082248989026994,1.0025014877319336
-0.0021275063037001145,0.22819793470883576,-0.2135197457763173,-0.0816591171182497,-87.07716280000002,73583784,70.978345,0.0,79.86927714809252,-0.006933593750000066,0.0009320743524262474,0.0726073916131946,-0.11080406158191561,-3.322319006340564e-08,0.0,0.0,9.615985430889996,737,242.39,-0.159006666687873,0.01,-0.013904534220270428,-0.18613664407058358,0.0,-0.004865491253503842,4121,0.3065223,-0.4447213288829564,0.0,0.0,-0.1656801110591496,1.4361992631877907,0.0,-0.1963621662278825,-0.000672168612192065,-0.012204849193950247,-0.4520513681615449,-0.035768127597686085,-0.5,3296,-0.026293490661963625,0.579499871,0.0,-0.00896059193473775,-34.08335418701172,0.9988202452659607,0.3372056156396866,0.2,-0.21192650496959686,0.3121337890625,15754,0.000263217324,0.03584261,-0.010293913376517593,1.0025768280029297
-0.002116107087129413,0.22910959749583149,-0.2102260441211441,-0.07855107995698751,-87.61058310000003,73602216,70.98986500000001,0.0,80.18835912354102,-0.007042100694444505,0.0011235886162871288,0.07478685337083159,-0.11078172602979529,-3.306739854738533e-08,0.0,0.0,9.81697847515531,738,244.94,-0.16648998954272748,0.01,-0.013714719735970443,-0.18122822967586968,0.0,-0.005297959651980858,4121,0.3065991,-0.4333058682520136,0.0,0.0,-0.1625041809372272,1.440908493239587,0.0,-0.19605397715366207,-0.0007871134613758393,-0.01218545735642669,-0.45211915958433213,-0.035366927047578316,-0.5,3300,-0.025889508666246713,0.579482207,0.0,-0.009974314942761945,-34.08021433213178,0.9968140125274658,0.9642359964987811,0.2,0.31056639552116394,0.34284524356617646,15758,0.000263208108,0.04711867,-0.003330296398523976,1.0023012161254883
-0.0021401987460046173,0.22852035459056674,-0.2169788920339093,-0.08228868374531634,-87.48841486,73620648,71.001385,0.0,79.98212410669836,-0.007400173611111153,0.0014670130686782715,0.07523783102090369,-0.11071957942503483,-3.3775315077868123e-08,0.0,0.0,9.793336089785125,739,241.96,-0.16603607632211664,0.01,-0.013781358413072715,-0.18792650585393925,0.0,-0.002892253917473242,4121,0.3066759,-0.43533498027321643,0.0,0.0,-0.1630905441836391,1.4657227769502712,0.0,-0.20008177659666126,-0.0006655655629228595,-0.012452459012244075,-0.46007691011824964,-0.03549117547781225,-0.5,3304,-0.026844426652017302,0.579464543,0.0,-0.0092828570082525,-34.08831634521484,0.9992116093635559,0.20822504833340644,0.2,-0.2560863196849823,0.28646240234375,15762,0.000263198892,0.02873657,-0.01505531941074878,1.0029634237289429
-0.0021130587538435415,0.2242754049019585,-0.21874162265478586,-0.08220028593586452,-86.90550751,73639080,71.01290499999999,0.0,78.49639171568548,-0.00719401041666672,0.0014241526110304727,0.0781914844391268,-0.1109148361620926,-3.423849699335718e-08,0.0,0.0,9.328684921965415,740,242.2,-0.1594809528983734,0.01,-0.013652781638544909,-0.18769311235206787,0.0,-0.0028040291388043703,4121,0.3067527,-0.43354029028307717,0.0,0.0,-0.16217840562884633,1.4805138914787288,0.0,-0.1960971493004601,-0.0006004842057006404,-0.011882156914604763,-0.44705874309819965,-0.0352652690476036,-0.5,3309,-0.027142772356361543,0.579446879,0.0,-0.008763108402490616,-34.0752498626709,0.9936158061027527,0.9572535574436187,0.2,-0.15616613626480103,0.27855224609375,15766,0.000263189676,0.023158718,-0.004023261019028723,1.0018117427825928
-0.002141247449638199,0.22659336088674348,-0.21599767115782592,-0.08070438301609352,-86.96869903000001,73657512,71.024425,0.0,79.30767631036022,-0.007389322916666712,0.0009239360677181847,0.07341738147208764,-0.1109107750405292,-3.438628837383685e-08,0.0,0.0,9.589806707101014,741,239.54,-0.1627885767897929,0.01,-0.013917304989350752,-0.18783570969444463,0.0,-0.00386704393825917,4121,0.3068295,-0.4447215142656037,0.0,0.0,-0.16583667404403324,1.447689483622777,0.0,-0.2003946382095016,-0.0004766265058554608,-0.011555922731497756,-0.46135860464325595,-0.035562541167187156,-0.5,3313,-0.026560890082663526,0.579429215,0.0,-0.008984734499891702,-34.07896690368652,0.9990913271903992,0.1972118452191353,0.2,-0.2879670262336731,0.23385009765625,15770,0.00026318045999999996,0.028890124,-0.018474472779780628,1.0022566318511963
-0.002189656451193159,0.22980754224565145,-0.21797988106174357,-0.08141304672047418,-87.65600839000001,73675944,71.035945,0.0,80.43263978597801,-0.0071614583333333886,0.001078558341962182,0.07500651796567888,-0.11080307993238123,-3.430191894871182e-08,0.0,0.0,9.883402341953165,742,239.39,-0.17049937990651948,0.01,-0.014112475367662587,-0.19089717817605872,0.0,-0.002888828132060846,4121,0.3069063,-0.45234589459677704,0.0,0.0,-0.16771865241207304,1.4493466499002041,0.0,-0.203292883918705,-0.0005258794533719489,-0.012235904773470068,-0.4738796023913116,-0.035893908891761785,-0.5,3318,-0.026597575425425842,0.579411551,0.0,-0.009065978854778223,-34.08380298614502,0.9937729239463806,1.6793459564447404,0.2,-0.12156447768211365,0.26712646484375,15774,0.000263171244,0.02814346,-0.005855077551677823,1.0029253959655762
-0.002128318107289166,0.22161083188250777,-0.2123748025721812,-0.08160458796837658,-88.66672141,73694376,71.047465,0.0,77.56379115887772,-0.007259114583333382,0.0007834197410071889,0.0716993916818608,-0.11069875570146398,-3.2704247336314566e-08,0.0,0.0,9.122004356829027,743,236.89,-0.16283874909764604,0.01,-0.013816361364208088,-0.18433407524480072,0.0,-0.003241736135689105,4121,0.3069831,-0.4424843153961868,0.0,0.0,-0.16432973503589696,1.44048364802229,0.0,-0.19612267227214183,-0.0005764305586443569,-0.011798699948642988,-0.44992686941109056,-0.03587411190746457,-0.5,3322,-0.025979217678397545,0.579393887,0.0,-0.008422670446129309,-34.08405532836914,0.9947326183319092,1.2258342534303666,0.2,0.1669609546661377,0.224560546875,15778,0.000263162028,0.023000043,-0.010736414627172054,1.0024535655975342
-0.0021595691999731713,0.22233865575029177,-0.22114659979845452,-0.08167392082338248,-88.01033269,73712808,71.058985,0.0,77.81852951260213,-0.006770833333333399,0.0005381942674931553,0.07086821791234264,-0.11075488424281907,-3.436833979912708e-08,0.0,0.0,9.173012219717446,744,240.36,-0.1659805706675036,0.01,-0.013950555040353344,-0.19039337007895815,0.0,-0.0045852201198811,4121,0.3070599,-0.4385309188586122,0.0,0.0,-0.16483242242624144,1.4660155801113253,0.0,-0.19607348029471158,-0.0005489073641980705,-0.011955558336216775,-0.4495464923825764,-0.03551151312629905,-0.5,3326,-0.0271872326393881,0.579376223,0.0,-0.009319883580448933,-34.07727279663086,0.9881551265716553,2.8111070096492767,0.2,0.267694354057312,0.18841552734375,15782,0.000263152812,0.01659962,-0.0087934275099542,1.0020129680633545
-0.002149345845502916,0.22230260411463007,-0.21398023359269402,-0.08064618410900806,-87.42255626999999,73731240,71.070505,0.0,77.80591144012052,-0.0073567708333333775,0.0010845263281630145,0.07252869828518149,-0.11070514676674141,-3.5014565995872706e-08,0.0,0.0,9.112910868454582,745,240.95,-0.1622767983477554,0.01,-0.013998297695760917,-0.18483969819124313,0.0,-0.003815561141998182,4121,0.3071367,-0.4498685419807186,0.0,0.0,-0.16576632777679082,1.4451579357325075,0.0,-0.19690468302002345,-0.00041077048320034234,-0.012234069813564286,-0.45459366126373507,-0.03587010878150708,-0.5,3331,-0.02632599764189892,0.579358559,0.0,-0.008846795580919005,-34.08081474304199,0.9981262683868408,0.4575236439704895,0.2,-0.14343485236167908,0.2220458984375,15786,0.00026314359600000003,0.024570458,-0.01724449433386326,1.0024230480194092
-0.0021925301785744086,0.2351790876092522,-0.21925747104041104,-0.08138016823986932,-87.39633784,73749672,71.08202499999999,0.0,82.31268066323827,-0.007118055555555612,0.0007725691571573003,0.070524185436345,-0.11071451309521269,-3.350815560534365e-08,0.0,0.0,10.467590735799254,746,241.57,-0.1632838265364444,0.01,-0.014106939079753019,-0.18517674171980397,0.0,-0.0039011154723623573,4122,0.3072135,-0.44807021965345606,0.0,0.0,-0.16698298888702678,1.453549769568843,0.0,-0.20146611691341387,-0.0009480509116746199,-0.011882909198705601,-0.4545511872685546,-0.03593028150973488,-0.5,3335,-0.02657775824613108,0.5793408950000001,0.0,-0.009108432151454812,-34.081767845153806,0.9930365681648254,1.835147151350975,0.2,0.877609133720398,0.25343017578125,15790,0.00026313438,0.024257245,-0.006380524393171072,1.0023488998413086
-0.00218338774961888,0.2278549973061407,-0.2180684218369012,-0.08272831483076364,-87.22329529000001,73768104,71.093545,0.0,79.74924905714924,-0.0067274305555556175,0.0007698564893669552,0.07057042501945954,-0.11069439823039022,-3.576079580584896e-08,0.0,0.0,9.529341387853444,747,238.28,-0.16449484692687844,0.01,-0.014147412818905128,-0.18619928080372278,0.0,-0.003267241755106544,4122,0.3072903,-0.4486721709657348,0.0,0.0,-0.1676300105820955,1.4675887201879259,0.0,-0.19965753681194123,-0.0006633041634723683,-0.01132837636704606,-0.4608255302590993,-0.03608558644182778,-0.5,3340,-0.026736058617659743,0.579323231,0.0,-0.008326099496722842,-34.07456035614014,0.9957264065742493,0.898319935798645,0.2,-0.01667541265487671,0.15677490234375,15794,0.00026312516399999995,0.02037694,-0.012072392017580568,1.0017517805099487
-0.0021625381912208867,0.22725656882334244,-0.22416368239510495,-0.0828827659904811,-86.79698605000002,73786536,71.105065,0.0,79.53979908816986,-0.006857638888888955,0.0005316838052951627,0.07025452571828482,-0.11060693264142425,-3.3622667735676456e-08,0.0,0.0,9.634389910740634,748,240.14,-0.1591907671084101,0.01,-0.01402696666114399,-0.1913461113379569,0.0,-0.0023105432990879284,4122,0.3073671,-0.44581355477253265,0.0,0.0,-0.1659476768062882,1.4876427487634911,0.0,-0.19891520383025924,-0.0007134485050275386,-0.011647203549171321,-0.4521118119386877,-0.035977663299940094,-0.5,3344,-0.028051670591033584,0.579305567,0.0,-0.00827957632847958,-34.070306587219235,0.9927572011947632,1.2263365238904953,0.2,-0.05206036567687988,0.173046875,15798,0.00026311594799999997,0.01616824,-0.008447422564495355,1.0014066696166992
-0.002237738947078913,0.22388954372515935,-0.21662783076186387,-0.08025844661307285,-87.63034550000002,73804968,71.116585,0.0,78.36134030380578,-0.007562934027777813,0.0008414708782867012,0.06993128038236464,-0.11050014689277979,-3.396163958826409e-08,0.0,0.0,9.210731611257467,749,236.52,-0.16729765732023696,0.01,-0.01446895776961566,-0.18725710288627034,0.0,-0.0026036828988352414,4122,0.3074439,-0.4532284659169665,0.0,0.0,-0.17007286514729614,1.4478460982126664,0.0,-0.20246004254094044,-0.0009245142598148347,-0.012927194476571023,-0.46657158117835135,-0.03650409796443484,-0.5,3348,-0.02654838496970972,0.579287903,0.0,-0.008136077066107342,-34.07292881011963,0.9989680051803589,0.22993042916059495,0.2,-0.27784445881843567,0.21495361328125,15802,0.000263106732,0.026388666,-0.018078790768049656,1.0016555786132812
-0.0021862478426696213,0.22188709593518186,-0.21600575748667725,-0.08237398129237736,-87.08687303,73823400,71.128105,0.0,77.66048357731366,-0.006976996527777844,0.0010899516702112225,0.07157992374432644,-0.11051958666472009,-3.1666035274368115e-08,0.0,0.0,8.976614771100714,750,239.24,-0.1618733010314274,0.01,-0.014033860278279794,-0.1861005658297337,0.0,-0.003327010107367285,4122,0.3075207,-0.43928415682672933,0.0,0.0,-0.16472287003422303,1.470586957913345,0.0,-0.19849537421959565,-0.0007756125895090168,-0.012263450360192421,-0.45516020983483557,-0.035969532475987824,-0.5,3353,-0.027035003747999584,0.579270239,0.0,-0.008765821823746793,-34.066697120666504,0.9865940809249878,3.2429165840148926,0.2,1.4413394927978516,0.2893310546875,15806,0.000263097516,0.028045112,-0.006542945711407811,1.0011794567108154
-0.0022100286970544733,0.22359870026090936,-0.20724573722039738,-0.07656462652082612,-87.70741381000003,73841832,71.139625,0.0,78.25954509131827,-0.0072265625000000515,0.0013574213112911417,0.07008890895580963,-0.11047775491843856,-3.297201310789461e-08,0.0,0.0,9.209346336642637,751,241.17,-0.1676387176331916,0.01,-0.014298644555333688,-0.17951630726829748,0.0,-0.003914784187493737,4122,0.3075975,-0.4477044049390322,0.0,0.0,-0.16678127975987667,1.4292416914166621,0.0,-0.19626818305742605,-0.001030360338549286,-0.01271187191919008,-0.45922836919341137,-0.03665121987115474,-0.5,3357,-0.02563433121276966,0.579252575,0.0,-0.009747942681618346,-34.06765861511231,0.9927475452423096,1.7654438465833664,0.2,0.084318608045578,0.13199462890625,15810,0.0002630883,0.014641186,-0.00965009502833709,1.001409649848938
-0.0021708552911403256,0.22668415222003174,-0.20636128886208774,-0.0796047415765972,-88.36510174999998,73860264,71.151145,0.0,79.33945327701112,-0.007269965277777826,0.0010308156003399442,0.0695222070092422,-0.11035869739591535,-3.481379124245575e-08,0.0,0.0,9.62416638312224,752,240.46,-0.16528196432478942,0.01,-0.014047291761249569,-0.18137460300676464,0.0,-0.005883853639703314,4122,0.3076743,-0.4462453025201184,0.0,0.0,-0.16578470847687907,1.4220395071434435,0.0,-0.19556315819070275,-0.0006922736616392351,-0.012533358223447954,-0.4555511919970253,-0.03646337795955532,-0.5,3362,-0.025061388601118215,0.579234911,0.0,-0.009353250750185301,-34.0707462310791,0.9940401911735535,1.4162529200315475,0.2,0.15268069505691528,0.17384033203125,15814,0.000263079084,0.017932974,-0.009281865914817899,1.001462459564209
-0.0021543143516940945,0.21818227074193497,-0.21560330304627906,-0.07981025001843445,-87.27890835999999,73878696,71.162665,0.0,76.36379475967723,-0.006868489583333397,0.0006542967813503412,0.07048087061605604,-0.11060857691861069,-3.1826772182843554e-08,0.0,0.0,8.83439721212596,753,239.79,-0.15552977200270712,0.01,-0.0139302286555437,-0.18490513556001886,0.0,-0.0032801182511531853,4122,0.3077511,-0.44321351044896296,0.0,0.0,-0.16393385476304137,1.4679595786208823,0.0,-0.19159075012537663,-0.0007554748743001968,-0.012014421068886012,-0.4445469476893875,-0.03625780604624102,-0.5,3366,-0.026775099579805693,0.579217247,0.0,-0.007915130645010827,-34.06962509155274,0.9856587052345276,3.5109320282936096,0.2,1.0628072023391724,0.1513916015625,15818,0.000263069868,0.017721485,-0.009557227871846407,1.0014485120773315
-0.002190461927538071,0.22617192304027203,-0.21354158130974005,-0.08197767846273515,-88.01684948999997,73897128,71.174185,0.0,79.16017306409522,-0.0072157118055556115,0.0010644527695452173,0.07071062110649241,-0.11068320191918998,-3.2985173998864364e-08,0.0,0.0,9.350423811541525,754,236.85,-0.1619873829465847,0.01,-0.014206551165360006,-0.18921174694763013,0.0,-0.004234123004814215,4122,0.3078279,-0.4487846825134687,0.0,0.0,-0.1666733704904323,1.4503201090404811,0.0,-0.20012951663497078,-0.0005106905437326267,-0.012095221695148161,-0.4486742537059691,-0.03654483955594219,-0.5,3371,-0.02666586110499342,0.5791995830000001,0.0,-0.008231020818736093,-34.06886024475098,0.9933317303657532,1.1766119807958604,0.2,-0.016534000635147095,0.108251953125,15822,0.00026306065199999996,0.014415097,-0.009001957706641407,1.0012167692184448
-0.002185113142567617,0.22446593484403843,-0.2133051036506876,-0.07881071483022413,-87.74618459000001,73915560,71.185705,0.0,78.56307719541346,-0.0071180555555556135,0.0010791009828810478,0.07178187514538653,-0.1105424466225465,-3.316148668554805e-08,0.0,0.0,9.292212470262815,755,240.04,-0.16458190597338918,0.01,-0.01399799685667602,-0.18771965694166418,0.0,-0.0038844676190040225,4122,0.3079047,-0.44768256928266126,0.0,0.0,-0.16490341958475593,1.4290969902108848,0.0,-0.19387770796752338,-0.0007229978003628411,-0.012619547817492992,-0.46322453274117303,-0.03647907566174241,-0.5,3375,-0.02654379687613537,0.579181919,0.0,-0.009678769486425962,-34.06707592010498,0.9900962710380554,2.458952230215073,0.2,0.6835295557975769,0.11346435546875,15826,0.000263051436,0.015336268,-0.010726116038858891,1.0012192726135254
-0.0021606596182159924,0.22481590507414662,-0.206662313258784,-0.07797931708525217,-88.55891991000003,73933992,71.197225,0.0,78.68556677595132,-0.006911892361111177,0.0011946609722346896,0.07220114513803311,-0.1105859419435935,-3.2669183151607034e-08,0.0,0.0,9.302611634439137,756,242.78,-0.16460729176274486,0.01,-0.013973586857357757,-0.1819384919736638,0.0,-0.005323094033138647,4122,0.3079815,-0.4443490047097468,0.0,0.0,-0.1632814212274426,1.4237003082093884,0.0,-0.19154468365876506,-0.0007920507361710537,-0.01201668716250236,-0.4560038201146193,-0.036389170407578976,-0.5,3379,-0.025424203271349977,0.579164255,0.0,-0.010015140601252723,-34.075096702575685,0.9921992421150208,1.9185246795415878,0.2,0.4007411003112793,0.17537841796875,15830,0.00026304222,0.025425151,-0.010666392382699997,1.001940131187439
-0.00217449743626563,0.2235932692813304,-0.20403700294363616,-0.07671420306848059,-87.94710144999999,73952424,71.208745,0.0,78.25764424846564,-0.0070746527777778385,0.001002061251913094,0.07276896622727431,-0.11057522991622742,-3.2385488567963595e-08,0.0,0.0,9.237947858957916,757,243.05,-0.16595258335961996,0.01,-0.01398299099904936,-0.17548606454635218,0.0,-0.004852406665438499,4123,0.3080583,-0.4392114383599035,0.0,0.0,-0.1636981414088283,1.4214429847645647,0.0,-0.19488092433918455,-0.0012210928168127967,-0.01274493268739809,-0.45612384695573355,-0.0362177704341326,-0.5,3384,-0.024590090949267045,0.579146591,0.0,-0.009619633984079378,-34.0803466796875,0.9984585046768188,0.3670327328145504,0.2,-0.2482263147830963,0.22960205078125,15834,0.000263033004,0.026584137,-0.019527141988510265,1.0023400783538818
-0.002113701177122519,0.21912592402833359,-0.2042484607444757,-0.07612366458781951,-87.77137476,73970856,71.220265,0.0,76.69407340991675,-0.007009548611111172,0.0011876081892599661,0.06902948296157459,-0.11057448000637389,-3.1347023456307296e-08,0.0,0.0,8.805031947528681,758,244.97,-0.16436617779630905,0.01,-0.01362495633227704,-0.1742309664124778,0.0,-0.00518912244498087,4123,0.3081351,-0.4240600626181656,0.0,0.0,-0.16063376636361348,1.4413532609744881,0.0,-0.18622281541490912,-0.0006666586094136224,-0.012067233491416031,-0.4406381593311793,-0.03583191849654546,-0.5,3388,-0.02508013277392809,0.579128927,0.0,-0.010648547801085644,-34.08454704284668,0.9983592629432678,0.405161589384079,0.2,-0.2414248287677765,0.2958251953125,15838,0.000263023788,0.035192396,-0.014524239592719822,1.0027146339416504
-0.002115435279103102,0.22467288220404363,-0.20472698216285268,-0.07815046167426107,-87.74450881000001,73989288,71.231785,0.0,78.63550877141527,-0.007237413194444496,0.0009472653619013727,0.07011385303997839,-0.11045545676158898,-3.00583334137639e-08,0.0,0.0,9.27801002483278,759,244.17,-0.16315630419829752,0.01,-0.013753454792052977,-0.17332149697059962,0.0,-0.0051509850603842075,4123,0.3082119,-0.43291645612853386,0.0,0.0,-0.16242118013120177,1.4298030106460988,0.0,-0.18658306745775471,-0.0007901688912424552,-0.011954317675359084,-0.4352139288896779,-0.03647026897274064,-0.5,3392,-0.025272553135313354,0.579111263,0.0,-0.010354901733484844,-34.084899520874025,0.999115526676178,0.23150604739785194,0.2,-0.28375059366226196,0.29541015625,15842,0.000263014572,0.030518794,-0.01646011814009398,1.0026860237121582
-0.0021933920371727932,0.23033386747936252,-0.2087445763117269,-0.07646113914237825,-88.20410509999999,74007720,71.243305,0.0,80.61685361777688,-0.00753038194444448,0.0011143660748429182,0.0693231521024171,-0.11039818913609331,-3.252595759100174e-08,0.0,0.0,9.812621310613164,760,242.88,-0.16962243321962853,0.01,-0.014053489100145752,-0.17958028929522818,0.0,-0.004158660810210623,4121,0.3082887,-0.4467079612302707,0.0,0.0,-0.16644202763377386,1.4023103001774015,0.0,-0.19738343749418596,-0.0008415718381695044,-0.012700779095017871,-0.46669865029279173,-0.036574852443663125,-0.5,3399,-0.025028496935731073,0.579093599,0.0,-0.009435308722054793,-34.08731536865234,0.9982109069824219,0.5154736012220382,0.2,-0.1647794246673584,0.3065673828125,15846,0.000263005356,0.036355626,-0.010897382686380297,1.0028102397918701
-0.002213935657442163,0.22338455734868037,-0.21159849063135344,-0.0791827913317071,-87.64704850999999,74026152,71.25482500000001,0.0,78.18459507203814,-0.007161458333333386,0.0006266274334241947,0.07011448479859618,-0.11057825590464385,-3.2821748306066766e-08,0.0,0.0,9.284432429132613,761,240.39,-0.17066122995804273,0.01,-0.014469512209859751,-0.18062107562830068,0.0,-0.003821105958289556,4121,0.3083655,-0.4519273015467217,0.0,0.0,-0.17079279926485513,1.428351939161132,0.0,-0.1974603462505378,-0.0009164629340009023,-0.012462705666516282,-0.4642779184573757,-0.03643564364092446,-0.5,3403,-0.025679690605095742,0.579075935,0.0,-0.008998433407719454,-34.08238334655762,0.9958117604255676,1.1097700655460359,0.2,-0.10214123129844666,0.29527587890625,15850,0.00026299613999999997,0.026384685,-0.01188897421816364,1.0024646520614624
-0.0021310909462436776,0.22334425141114103,-0.2063234466431522,-0.07790957862143172,-86.87368787999999,74044584,71.266345,0.0,78.17048799389936,-0.00710720486111117,0.0006684024475463149,0.07454261105066401,-0.11064242729247785,-3.3105008473384883e-08,0.0,0.0,9.266610398311975,762,240.73,-0.164117602793387,0.01,-0.013869996646297879,-0.18016450173592452,0.0,-0.0028248744198695226,4121,0.3084423,-0.43801877995534116,0.0,0.0,-0.1643252611002979,1.4392913644999439,0.0,-0.1908153317212991,-0.0005031207697550289,-0.012299497235735828,-0.4505350920687838,-0.03583322584634842,-0.5,3408,-0.025138106572018523,0.5790582710000001,0.0,-0.008495641809228497,-34.0779842376709,0.9952609539031982,0.8878244191408158,0.2,-0.09795191884040833,0.2230712890625,15854,0.000262986924,0.0211679,-0.011400418379344046,1.0020407438278198
-0.002121468355300056,0.22649810872530526,-0.20524578885265712,-0.07691612015525225,-87.44904835000001,74063016,71.27786499999999,0.0,79.27433805385684,-0.007020399305555616,0.0007318790497568747,0.06948144140919069,-0.11053915906877557,-3.199972952969401e-08,0.0,0.0,9.450698340868222,763,241.96,-0.16093448512135872,0.01,-0.013739312494666428,-0.17402085544228163,0.0,-0.003999540719765885,4121,0.3085191,-0.4253567572072471,0.0,0.0,-0.16135201528847454,1.4432191241317098,0.0,-0.19021070545110122,-0.0012571708326020912,-0.012404463348973098,-0.4455728045932429,-0.036293154701625835,-0.5,3412,-0.024870227140631505,0.579040607,0.0,-0.009179910384571284,-34.085051918029784,0.998317301273346,0.43002079129219056,0.2,-0.23856449127197266,0.26158447265625,15858,0.000262977708,0.028573131,-0.015675993100740016,1.0028685331344604
-0.002155798480602716,0.22449060028086895,-0.20753154091573195,-0.07743026684799478,-87.44789903,74081448,71.289385,0.0,78.57171009830414,-0.007096354166666725,0.0009667964251194564,0.07122014844502668,-0.1102941576201677,-3.1249059430780436e-08,0.0,0.0,9.34094526420746,764,245.28,-0.17104932761361505,0.01,-0.013973239718546712,-0.17268192846962271,0.0,-0.004661278211886816,4121,0.3085959,-0.4354147551825427,0.0,0.0,-0.16470416918272535,1.4375725527938097,0.0,-0.19279953838368613,-0.0007444707455401644,-0.011519902400951536,-0.44210192149318456,-0.036330706216277736,-0.5,3416,-0.025670545975545953,0.579022943,0.0,-0.010891466503380798,-34.08118782043457,0.9954282641410828,0.8271236836910247,0.2,-0.08346080780029297,0.27257080078125,15862,0.00026296849199999997,0.021790534,-0.005520515143871307,1.0021655559539795
-0.0022226535661441413,0.22582517391730897,-0.21768998356641747,-0.08112464646715128,-86.81901091000002,74099880,71.300905,0.0,79.03881087105813,-0.007345920138888937,0.0012065967764808899,0.070521699709362,-0.11094510834266351,-3.360253294615251e-08,0.0,0.0,9.470168347319397,765,239.26,-0.16631362821082338,0.01,-0.01447602195410015,-0.18638749400353663,0.0,-0.002435251602972226,4121,0.3086727,-0.4599713727619994,0.0,0.0,-0.17130492056846308,1.4419073455642208,0.0,-0.20322528836919618,-0.001037466320769843,-0.013072186200132964,-0.4680269108762433,-0.03619319159985665,-0.5,3421,-0.026400318206683444,0.579005279,0.0,-0.008505135350990005,-34.075076484680174,0.9984725117683411,0.3914649114012718,0.2,-0.2044946700334549,0.23426513671875,15866,0.000262959276,0.025111025,-0.01717362573835999,1.0017813444137573
-0.0021273700091008377,0.22270745194075875,-0.2094793484999916,-0.07893326754945451,-87.07643402,74118312,71.312425,0.0,77.94760817926556,-0.007107204861111168,0.0009928382286388013,0.06974443297949182,-0.11059107965989302,-3.209879761192877e-08,0.0,0.0,9.128144042799017,766,241.53,-0.16552393816622823,0.01,-0.013825072243531765,-0.17566564578555977,0.0,-0.003834763903571171,4121,0.3087495,-0.42944937088106844,0.0,0.0,-0.16343475903856525,1.451395208189204,0.0,-0.1913957299871266,-0.0009078299792311313,-0.012045991125301208,-0.4545796787130237,-0.03484931454490807,-0.5,3425,-0.025438512979747464,0.578987615,0.0,-0.009473963475708539,-34.07382147652762,0.9923227429389954,2.2054591732365743,0.2,1.9322080612182617,0.26552036830357145,15869,0.00026295006,0.043209553,-0.0005947847717574664,1.0017342567443848
-0.002116025510715462,0.22221167164213743,-0.20933408468606454,-0.07859097434781454,-87.84826023000001,74136744,71.32394500000001,0.0,77.7740850747481,-0.007204861111111161,0.0012906895555918002,0.06806168831234237,-0.11058066435706321,-3.2377281155249995e-08,0.0,0.0,9.156780031051353,767,246.09,-0.16746134325500656,0.01,-0.013714428329306362,-0.1761830678002252,0.0,-0.004878000650026801,4121,0.3088263,-0.4266154333681334,0.0,0.0,-0.16137585700768414,1.4480411851364112,0.0,-0.1939155971508941,-0.0006552222996207142,-0.011514219050354374,-0.44759819409105805,-0.03518257499129559,-0.5,3430,-0.025710774994386155,0.578969951,0.0,-0.010964437625564946,-34.08496932983398,0.9991292953491211,0.21610011756420136,0.2,-0.256667822599411,0.25936279296875,15873,0.00026294084399999996,0.027999451,-0.014844138198532164,1.0025575160980225
-0.0021800635267874785,0.22735020018200203,-0.20805081034140838,-0.08179957666445403,-88.87882958,74155176,71.335465,0.0,79.57257006370071,-0.007128906250000057,0.0009722218092065305,0.06648336394635475,-0.11057403726785353,-3.2086021438596046e-08,0.0,0.0,9.629430839637283,768,243.88,-0.16714541985206502,0.01,-0.014146812948232917,-0.17822583203993916,0.0,-0.003819556267080882,4121,0.3089031,-0.4406499585638336,0.0,0.0,-0.1669517479395838,1.427391501071683,0.0,-0.2003215489294029,-0.0008686597917532047,-0.012510876371031938,-0.4682394413538807,-0.03589840776186106,-0.5,3434,-0.025050689670719623,0.578952287,0.0,-0.009820235545501217,-34.08090991973877,0.9982576966285706,0.4035432398319244,0.2,-0.20217864215373993,0.2656982421875,15877,0.000262931628,0.02908041,-0.015449572901707143,1.0025634765625
-0.002168686336069984,0.22353066947608335,-0.20640831193552567,-0.07874666147491718,-87.90298218,74173608,71.34698499999999,0.0,78.23573431662918,-0.007074652777777837,0.0009320739708426925,0.07052666593337586,-0.11056207864728916,-3.0159988695664166e-08,0.0,0.0,9.454260110990228,769,243.3,-0.16582805888264626,0.01,-0.013923505667129734,-0.17569515310640604,0.0,-0.00425762566005567,4121,0.3089799,-0.43303154504545255,0.0,0.0,-0.1632855020007048,1.436632719038959,0.0,-0.19529446502536568,-0.0009475792048748688,-0.012118935586466291,-0.4503663790084076,-0.03597223684344396,-0.5,3438,-0.025470403875807623,0.578934623,0.0,-0.01035056093274357,-34.07924175262451,0.993476927280426,1.2877300024032592,0.2,0.012268781661987305,0.2594482421875,15881,0.000262922412,0.02277718,-0.007958853791933507,1.001973032951355
-0.0021538088193346467,0.2217336702777925,-0.21183067970202835,-0.08089430384946424,-87.41927144000002,74192040,71.35850500000001,0.0,77.60678459722737,-0.007226562500000051,0.0010205074148770007,0.0686655808283481,-0.11055457197250214,-3.0715383683625866e-08,0.0,0.0,8.994261263116895,770,242.84,-0.16305233155705662,0.01,-0.013865770432841403,-0.18309517543589732,0.0,-0.0034287276022198516,4121,0.3090567,-0.43869675321122226,0.0,0.0,-0.1646191445369506,1.4509315640616893,0.0,-0.1934110623465034,-0.000825708410685218,-0.011860698164566223,-0.4477469760464834,-0.0353799991396895,-0.5,3443,-0.02631640111042217,0.5789169590000001,0.0,-0.009224669729721628,-34.07164077758789,0.9957192540168762,1.1022903233766557,0.2,0.23035427927970886,0.14205322265625,15885,0.000262913196,0.014285633,-0.01041236073942855,1.0014595985412598
-0.002173312787785835,0.222003975129609,-0.2157081435378357,-0.07927679263747474,-87.04559491,74210472,71.370025,0.0,77.70139129536315,-0.007313368055555607,0.001275498546116675,0.06888237552125669,-0.11082142841776318,-3.1664779709752595e-08,0.0,0.0,9.160120576021967,771,243.41,-0.16552167897844602,0.01,-0.014092938200081553,-0.18323059687693596,0.0,-0.004035919240670353,4121,0.3091335,-0.44368129956610847,0.0,0.0,-0.16599865470046735,1.460105930574362,0.0,-0.1947765899766113,-0.0008961005639907289,-0.012099541648930361,-0.45512412333565067,-0.03548858082621882,-0.5,3447,-0.026559269019320864,0.578899295,0.0,-0.00949864840529497,-34.0726842880249,0.9986552596092224,0.3446626037359238,0.2,-0.24457059800624847,0.2259765625,15889,0.00026290398,0.025182564,-0.016208895924501122,1.0017390251159668
-0.002167942939603722,0.22650040082917242,-0.21642950874748862,-0.08098473506358458,-87.76670761000001,74228904,71.38154499999999,0.0,79.27514029021035,-0.007497829861111152,0.0008685978633972505,0.0703459825121327,-0.110666105737086,-3.0143242854347254e-08,0.0,0.0,9.448938941581028,772,238.16,-0.1609758839923153,0.01,-0.014084171624618993,-0.18560045518544913,0.0,-0.002928737334354422,4122,0.3092103,-0.4465032026327102,0.0,0.0,-0.16609989475581863,1.4475856745862214,0.0,-0.1925444449074383,-0.000975335151199827,-0.012792848801888449,-0.4567617634462963,-0.03581139922197299,-0.5,3452,-0.026510782754636534,0.578881631,0.0,-0.008496862153858982,-34.07595443725586,0.9992587566375732,0.17925274595618249,0.2,-0.3020302653312683,0.2696533203125,15893,0.000262894764,0.030240977,-0.015407891164068132,1.0019643306732178
-0.002149124970637423,0.2273792466362179,-0.22055819573293756,-0.07913843069345655,-88.26841988999999,74247336,71.393065,0.0,79.58273632267627,-0.007237413194444496,0.0011197913069433223,0.0706253954942982,-0.11085895757365535,-3.127617371520759e-08,0.0,0.0,9.543184704161876,773,237.42,-0.1609756945505548,0.01,-0.013956308212321796,-0.1880295589664532,0.0,-0.002841903983333538,4122,0.3092871,-0.44064244346585535,0.0,0.0,-0.1656538535737618,1.4645487634338603,0.0,-0.19215658189047666,-0.000908072810969666,-0.01273126439236993,-0.4533189136704816,-0.03553547476172529,-0.5,3456,-0.02707149709695939,0.578863967,0.0,-0.008464852084418654,-34.073072052001955,0.9920418858528137,1.4006001144647597,0.2,0.10248985886573792,0.31654052734375,15897,0.000262885548,0.027567461,-0.005500350351212546,1.0015809535980225
-0.002147399022901887,0.22221966768965581,-0.21733407371015834,-0.08051835998007657,-87.35639088000002,74265768,71.404585,0.0,77.77688369137954,-0.0071723090277778295,0.0008951818712780045,0.06862693540176444,-0.11060358401681057,-3.0846357052149306e-08,0.0,0.0,9.037295606448453,774,242.74,-0.1640059179828973,0.01,-0.013941590850706672,-0.18531205119385694,0.0,-0.004012948932804083,4122,0.3093639,-0.4424465549050825,0.0,0.0,-0.16486135482300435,1.4506767347592833,0.0,-0.18920927020961875,-0.000649497609789986,-0.012517374582242363,-0.4500648898806616,-0.0354998271181023,-0.5,3460,-0.026896559934202605,0.578846303,0.0,-0.01011591549225462,-34.06819648742676,0.9887216091156006,2.30774148106575,0.2,0.2648550271987915,0.12496337890625,15901,0.00026287633199999997,0.014406642,-0.007704067113809288,1.001145839691162
-0.0021815346325164894,0.22867271025843167,-0.21880320439066586,-0.08127909802387671,-87.503212,74284200,71.416105,0.0,80.03544859045108,-0.006966145833333401,0.0007801645228432284,0.07039421506495537,-0.11092936633729084,-3.119676332671694e-08,0.0,0.0,9.602529640753122,775,241.72,-0.16205609912708258,0.01,-0.014069359308083042,-0.18898870310683868,0.0,-0.0046236704282999,4122,0.3094407,-0.44738491176128586,0.0,0.0,-0.16554755033684365,1.4518271004175485,0.0,-0.19289489990351358,-0.0007482313159502307,-0.011907494561557605,-0.45675754352513653,-0.03528084293146777,-0.5,3465,-0.02666474247550371,0.578828639,0.0,-0.009023254614375118,-34.07014465332031,0.9959336519241333,0.6818482920527458,0.2,-0.08227783441543579,0.1477294921875,15905,0.000262867116,0.020269621,-0.013375125749735161,1.0015895366668701
-0.002137155189221064,0.2257393651836533,-0.21697791170480796,-0.07985231484048733,-87.65684927000001,74302632,71.427625,0.0,79.00877781427866,-0.007074652777777841,0.0009776473291114801,0.07038214202655164,-0.11072794590166118,-3.02723860047374e-08,0.0,0.0,9.336770911117696,776,239.27,-0.15793064646223975,0.01,-0.013887537404403228,-0.18173603163478091,0.0,-0.0037484211634859735,4122,0.3095175,-0.4385523665203402,0.0,0.0,-0.16445525717863851,1.4444732129592126,0.0,-0.18705785022749327,-0.001002999444667042,-0.012378559348922784,-0.4386698504467039,-0.03489188021604276,-0.5,3469,-0.026267571677561614,0.578810975,0.0,-0.009025695332739916,-34.07563095092773,0.9972838759422302,0.4453242480754852,0.2,-0.22358067333698273,0.19384765625,15909,0.0002628579,0.022344131,-0.011642764089629054,1.0020606517791748
-0.0020950285712553023,0.22274741881249258,-0.21292478457575728,-0.07840700850456173,-87.39090239,74321064,71.439145,0.0,77.9615965843724,-0.00684678819444451,0.0010823565729272862,0.06956346334240324,-0.11091607235348458,-3.0031524271231975e-08,0.0,0.0,9.274530233276103,777,243.35,-0.15676279388610098,0.01,-0.013605133703465387,-0.17847285773105026,0.0,-0.0038980016994363117,4122,0.3095943,-0.4325024329231742,0.0,0.0,-0.16182614995141612,1.4542994097840263,0.0,-0.18067986753120147,-0.0006849448719544783,-0.012317525630263003,-0.42931292327254367,-0.03527571745108695,-0.5,3474,-0.02593806291353162,0.578793311,0.0,-0.009726783352865217,-34.076134300231935,0.9878976941108704,2.9802189111709594,0.2,0.18462571501731873,0.2825439453125,15913,0.00026284868399999997,0.038507584,-0.004253433353733271,1.0017468929290771
-0.0020926062415896054,0.22219184869485656,-0.20640726408662863,-0.07402788929540577,-87.36859488999998,74339496,71.45066499999999,0.0,77.7671470431998,-0.007063802083333393,0.001493055321690109,0.0689875390149576,-0.11063971407657719,-2.9597725965156115e-08,0.0,0.0,9.140272413609956,778,246.28,-0.16175293698806328,0.01,-0.013537646618168267,-0.17160666359490784,0.0,-0.006627914748637935,4122,0.3096711,-0.42853878287214453,0.0,0.0,-0.160918860944138,1.4196875591834273,0.0,-0.18399192180541138,-0.0006816576555739016,-0.012186533919454502,-0.42933935011638086,-0.036061604856369896,-0.5,3478,-0.025121096164944717,0.5787756470000001,0.0,-0.011134521458491994,-34.07502613067627,0.9974682927131653,0.46982270032167434,0.2,-0.21646027266979218,0.22523193359375,15917,0.000262839468,0.031281665,-0.013598402927163989,1.002122402191162
-0.0021328814833492292,0.22371078709425013,-0.20809484819034163,-0.07779663208707602,-87.99169069999999,74357928,71.462185,0.0,78.29877548298755,-0.007226562500000055,0.0010454639753637214,0.07164976878809264,-0.11080830801762194,-3.0716978358427473e-08,0.0,0.0,9.27566191292017,779,244.47,-0.1623546646676763,0.01,-0.013718923895322909,-0.17977169819050492,0.0,-0.005282350447862226,4122,0.3097479,-0.4401822490194026,0.0,0.0,-0.16199292303678547,1.4216548222459306,0.0,-0.18929670106472113,-0.0009090711887801022,-0.012332636603910407,-0.4407177379938796,-0.03574602004321027,-0.5,3483,-0.025347339110702933,0.578757983,0.0,-0.009639028946468089,-34.087015533447264,0.9992194771766663,0.1901256486773491,0.2,-0.28042179346084595,0.2681396484375,15921,0.000262830252,0.031630978,-0.018278023065067827,1.002936601638794
-0.002176180291930008,0.22981267588937054,-0.21853942770921952,-0.07989460655492633,-87.88279701000002,74376360,71.473705,0.0,80.4344365612797,-0.007226562500000053,0.0010324433808111483,0.07008755940684758,-0.11088375200567561,-3.209864613535246e-08,0.0,0.0,9.79087531110651,780,239.29,-0.16243073430412075,0.01,-0.014146801494759133,-0.18450282848175933,0.0,-0.00403042921966145,4122,0.3098247,-0.4504751900698943,0.0,0.0,-0.16807595427817656,1.4285097829218092,0.0,-0.1941985362670479,-0.0008951316814270317,-0.012923103905375107,-0.4582112099681008,-0.035696274699995756,-0.5,3487,-0.026288206462559967,0.578740319,0.0,-0.009457145195079243,-34.07759685516358,0.9966424107551575,0.7784690737724305,0.2,-0.0679091215133667,0.2576416015625,15925,0.00026282103599999996,0.0273355,-0.010077940998598933,1.002026081085205
-0.0021780307123915378,0.23052522892519542,-0.21780130095554606,-0.0806075591537654,-87.37128419999998,74394792,71.485225,0.0,80.6838301238184,-0.007161458333333388,0.0010742187215429214,0.07149021908354213,-0.11086414087842665,-3.2024043941910444e-08,0.0,0.0,9.919094839450828,781,239.16,-0.15932615443419829,0.01,-0.01407685856244292,-0.18826425497604105,0.0,-0.0032453391846797796,4122,0.3099015,-0.4490414904633366,0.0,0.0,-0.16539270354177052,1.440949871861394,0.0,-0.1928505352251229,-0.0007743237941275973,-0.011860309596496985,-0.4504853217821969,-0.035281345502414914,-0.5,3491,-0.02628085720698087,0.578722655,0.0,-0.00824675454350654,-34.074149703979494,0.9926751255989075,1.8232609391212464,0.2,-0.021573394536972046,0.22828369140625,15929,0.00026281182,0.031957548,-0.006630623945966363,1.0020124912261963
-0.0021308266856354553,0.22429300204513553,-0.21981803714935427,-0.07999490961899422,-86.89951121000001,74413224,71.496745,0.0,78.50255071579744,-0.006781684027777842,0.0011311844152967548,0.0757099318826163,-0.11098489905503633,-3.1705109091056283e-08,0.0,0.0,9.338575973806032,782,240.31,-0.15872798398139615,0.01,-0.013856631746278401,-0.18767522953617552,0.0,-0.0032133222871388893,4122,0.3099783,-0.4385387601453947,0.0,0.0,-0.1635004056977659,1.4766101944262915,0.0,-0.18873941939647468,-0.0006109074035466533,-0.012304389458831024,-0.4487720730851096,-0.034761548822875826,-0.5,3496,-0.026678713187764116,0.5787049910000001,0.0,-0.007850704844006233,-34.08526439666748,0.9933763146400452,1.7061568677425385,0.2,0.2736669182777405,0.2482666015625,15933,0.000262802604,0.033182193,-0.006431085267104208,1.0026047229766846
-0.0020858866226491483,0.2261126490342869,-0.22172594987211341,-0.0815431384833751,-86.79073980000001,74431656,71.508265,0.0,79.13942716200042,-0.006857638888888954,0.0007980683197577795,0.07462027221523554,-0.110891535865416,-3.108816026019479e-08,0.0,0.0,9.504199722904154,783,240.14,-0.15735015146506534,0.01,-0.013651310323265428,-0.187541403073043,0.0,-0.0026440613766216155,4122,0.3100551,-0.43301076606415534,0.0,0.0,-0.1622284772966395,1.4712038675734027,0.0,-0.18972774516722427,-0.0006274516199291371,-0.012005072890416222,-0.4364194484941466,-0.035164505503052466,-0.5,3500,-0.026900849294746836,0.578687327,0.0,-0.00822423890834519,-34.08473434448242,0.9986819624900818,0.3466304287314415,0.2,-0.19465529918670654,0.27445068359375,15937,0.000262793388,0.030889869,-0.0168159548076801,1.0028117895126343
-0.0021426179532568258,0.228949886902548,-0.21911691331222155,-0.0805383168648269,-87.27683028999998,74450088,71.519785,0.0,80.1324604158918,-0.007204861111111167,0.0009586584088133855,0.07326209489988604,-0.11084975087678775,-3.218362257814687e-08,0.0,0.0,9.653009186213243,784,238.56,-0.15946409995011795,0.01,-0.013982625617106583,-0.1877953489178194,0.0,-0.0027869856484943473,4122,0.3101319,-0.4466630121322371,0.0,0.0,-0.16562862963199784,1.454362754580684,0.0,-0.1936802719635501,-0.0007480573977600216,-0.012770167745138943,-0.45104561179515545,-0.035376891563448115,-0.5,3504,-0.026844811257383704,0.578669663,0.0,-0.008121970711120715,-34.08579006195068,0.9986298084259033,0.3312343530356884,0.2,-0.13662731647491455,0.28834228515625,15941,0.000262784172,0.03221544,-0.013730352278798819,1.00262451171875
-0.002131291710750361,0.2191383522319552,-0.22092122927589294,-0.08113528687030458,-87.12835883,74468520,71.531305,0.0,76.69842328118432,-0.007172309027777833,0.0012559674343922073,0.074540311730798,-0.11106564086114272,-3.1943125567835e-08,0.0,0.0,8.833678371665265,785,239.17,-0.16724366384580042,0.01,-0.013955482888217765,-0.18897092435210613,0.0,-0.002910442461536,4123,0.3102087,-0.44946696837221745,0.0,0.0,-0.16629064229635532,1.451625323139118,0.0,-0.19444807169051903,-0.0006737060513555874,-0.012627904132183673,-0.4600824580092294,-0.035200624042141686,-0.5,3509,-0.026528722261684005,0.578651999,0.0,-0.008352412800175242,-34.07019835252028,0.9929090142250061,1.8719615523631756,0.2,0.09757307171821594,0.277099609375,15944,0.000262774956,0.04383245,-0.0012205967393058997,1.0012859106063843
-0.002137165140067885,0.23034032420807968,-0.2190782824142131,-0.08260093201781232,-87.04366535,74486952,71.542825,0.0,80.61911347282789,-0.00682508680555562,0.0006521266445310579,0.07236861865163938,-0.11105239263346416,-3.206474748942035e-08,0.0,0.0,9.823545122737686,786,238.88,-0.1552109765191899,0.01,-0.013965729380958747,-0.18872342676765175,0.0,-0.0028128775845637573,4123,0.3102855,-0.44409923280990127,0.0,0.0,-0.1647252857854439,1.4781342104227815,0.0,-0.19541676043844342,-0.0007404803397569792,-0.012117551999248558,-0.4456615806215542,-0.03503270771174192,-0.5,3513,-0.026888612188821045,0.578634335,0.0,-0.0081324144800116,-34.07071189880371,0.990742027759552,2.3699420750141145,0.2,1.3427817821502686,0.154345703125,15948,0.00026276574,0.018117828,-0.009073962073307485,1.001476526260376
-0.002171052809540766,0.22521227809572922,-0.2235476943647528,-0.08277722084110113,-86.75587881000001,74505384,71.554345,0.0,78.82429733350523,-0.007204861111111163,0.00035481762865351304,0.07246511274298181,-0.11095706255114783,-3.259750120958148e-08,0.0,0.0,9.441363365033657,787,237.17,-0.15873094284281464,0.01,-0.014183734215847463,-0.19474995041260965,0.0,-0.0022684140427830755,4121,0.3103623,-0.45640864896238903,0.0,0.0,-0.16888496294449856,1.4626647664209,0.0,-0.19948417800148815,-0.0007585091576602664,-0.012949507726621895,-0.4562200022444374,-0.035554876941332324,-0.5,3519,-0.02743752862380006,0.578616671,0.0,-0.007372054914918004,-34.0779670715332,0.9905800819396973,2.388402396440506,0.2,0.3025396466255188,0.19591064453125,15952,0.00026275652399999997,0.022126531,-0.009902039571898058,1.0022094249725342
-0.0021622365356501303,0.22110948401493108,-0.22054363993552661,-0.08177796041881503,-86.54721899999998,74523816,71.565865,0.0,77.38831940522587,-0.006835937500000066,0.0003634979528012789,0.07245323756863374,-0.11105156222575864,-3.2175242883080644e-08,0.0,0.0,9.130607994480487,788,240.11,-0.16199206360111681,0.01,-0.014000221583524007,-0.18895674255520908,0.0,-0.0027188446158334474,4121,0.3104391,-0.44083099910213575,0.0,0.0,-0.1651178644400015,1.475485345658141,0.0,-0.19672563705015297,-0.0007873169992321616,-0.012799834387431819,-0.45437476715477476,-0.0351769828137155,-0.5,3524,-0.027143645080222427,0.578599007,0.0,-0.008218812796662355,-34.0807767868042,0.9919864535331726,2.04608314037323,0.2,0.9014453887939453,0.24473876953125,15956,0.000262747308,0.034960315,-0.006655099324416369,1.002158522605896
-0.0021386046248515088,0.21965503953285903,-0.2144265227534971,-0.08083967584753025,-86.73098301999998,74542248,71.57738499999999,0.0,76.87926383650066,-0.00721571180555561,0.0008957242340936015,0.07496587100640559,-0.11103452766873743,-3.111510793094566e-08,0.0,0.0,8.85166149043918,789,238.78,-0.16016963582985486,0.01,-0.013966217495863032,-0.1847161230619558,0.0,-0.00218737600594231,4121,0.3105159,-0.4407018030430095,0.0,0.0,-0.1643377740355409,1.4528258606511015,0.0,-0.1922234138170161,-0.0006107403698751693,-0.013140156382628247,-0.4523607530927644,-0.03508406055302137,-0.5,3528,-0.02631904127911379,0.578581343,0.0,-0.007988779178251408,-34.07584476470947,0.9972792863845825,0.5272549897432327,0.2,-0.1368868201971054,0.16988525390625,15960,0.000262738092,0.022543628,-0.013864765991456807,1.0021183490753174
-0.0021457760458703907,0.2177947183072732,-0.2189331197298682,-0.08302463973635249,-86.75271234,74560680,71.588905,0.0,76.22815140754562,-0.0070095486111111755,0.000704752449463639,0.07220640493078756,-0.11105275284837603,-3.071158440423569e-08,0.0,0.0,8.61229826505723,790,239.17,-0.15781703387772142,0.01,-0.014014074511292444,-0.19157220231602332,0.0,-0.003069155497513663,4121,0.3105927,-0.43802378448312324,0.0,0.0,-0.16488025079472252,1.4886540614221142,0.0,-0.19323602588240368,-0.0005514925792264324,-0.012830982425417919,-0.4437296592638634,-0.035016606008050476,-0.5,3533,-0.027448779687405587,0.578563679,0.0,-0.008374383640734272,-34.076266288757324,0.9930312633514404,1.557729148864746,0.2,0.025777041912078857,0.27781982421875,15964,0.00026272887599999996,0.02733689,-0.005953541956841946,1.0016343593597412
-0.0021325521291918384,0.2233938263753674,-0.218090588574832,-0.08072570430311296,-86.7598065,74579112,71.600425,0.0,78.18783923137859,-0.007096354166666723,0.0010828989357428832,0.07490436199718925,-0.11102415671976515,-3.1558232373317534e-08,0.0,0.0,9.372545169791362,791,239.01,-0.15945265028179811,0.01,-0.013811399992605704,-0.19055532184106663,0.0,-0.0034692410362611825,4121,0.3106695,-0.4380955407087231,0.0,0.0,-0.1633651848633311,1.4604886734468099,0.0,-0.19180584926327693,-0.0006766577898045635,-0.012799739002820896,-0.448225757616889,-0.03507622988168807,-0.5,3537,-0.02729004040148462,0.578546015,0.0,-0.008631409630955508,-34.06611213684082,0.9958627223968506,0.9094967275857926,0.2,0.04948088526725769,0.17447509765625,15968,0.00026271966,0.017405355,-0.012151055003050715,1.0011042356491089
-0.002185109130761003,0.2223551193623334,-0.21744861691707792,-0.08130503113992264,-87.55930248,74597544,71.61194499999999,0.0,77.8242917768167,-0.007096354166666725,0.0008930119446530524,0.07101496627792431,-0.1109917496212375,-3.2225905749512317e-08,0.0,0.0,9.164751128263458,792,237.06,-0.16282201843797284,0.01,-0.014198914521110892,-0.1908591132951024,0.0,-0.0027638811576166816,4121,0.3107463,-0.44650167411751845,0.0,0.0,-0.16741987979118864,1.450796487086622,0.0,-0.20044725108007888,-0.0004359200896228819,-0.012476289561677885,-0.4610518094895066,-0.035794454703106535,-0.5,3541,-0.027144847347242592,0.578528351,0.0,-0.008320401988587238,-34.082929611206055,0.9938758015632629,1.7195390611886978,0.2,0.2814391255378723,0.2448974609375,15972,0.000262710444,0.038534276,-0.007607020018622279,1.0026768445968628
-0.0021509283288510214,0.22460466611966623,-0.22169784968502573,-0.08027585995490182,-87.10684313000002,74615976,71.62346500000001,0.0,78.61163314188317,-0.006835937500000065,0.0008349608009060224,0.07148412129573933,-0.11106195520284871,-3.1544050776328014e-08,0.0,0.0,9.393335221151212,793,242.8,-0.1607183598561407,0.01,-0.013947610151419623,-0.18678221195019395,0.0,-0.004969983747259881,4121,0.3108231,-0.4371650975332708,0.0,0.0,-0.16365320554056417,1.4560035374561155,0.0,-0.19614459904612935,-0.0009187150725397706,-0.01299931616951136,-0.4489036508937092,-0.03482158019851068,-0.5,3546,-0.027290069372505523,0.578510687,0.0,-0.009410622830425078,-34.07838821411133,0.9899559020996094,2.5663480788469313,0.2,1.1341536045074463,0.2145263671875,15976,0.000262701228,0.022477526,-0.007007824711035937,1.001963496208191
-0.0021069236244030125,0.2222186006932517,-0.21754104989805953,-0.08044023185896455,-87.06460762999997,74634408,71.634985,0.0,77.7765102426381,-0.006857638888888956,0.0012554248387459666,0.07593048253639774,-0.11110699798236422,-3.0913315070141896e-08,0.0,0.0,9.147298833346651,794,242.8,-0.159720183620165,0.01,-0.013745458819983243,-0.18733408273445357,0.0,-0.003182148392976629,4121,0.3108999,-0.4356528051074421,0.0,0.0,-0.16298053183450123,1.4636258041614223,0.0,-0.190299875378039,-0.0007069903309849678,-0.012941794835516877,-0.4517513903703838,-0.03500236944887129,-0.5,3550,-0.02690505114050061,0.578493023,0.0,-0.008854661754513573,-34.08444690704346,0.9991198182106018,0.21805426180362703,0.2,-0.29026710987091064,0.24737548828125,15980,0.000262692012,0.027448896,-0.016182109247893095,1.0027880668640137
-0.0020927841027275065,0.22071182763104932,-0.21571593600092984,-0.0796155438564409,-87.63919193,74652840,71.64650499999999,0.0,77.24913967086727,-0.006901041666666735,0.0010101993134917899,0.07368985404449067,-0.11111747843476115,-3.170939236050051e-08,0.0,0.0,9.03962222960286,795,241.9,-0.15888255362467063,0.01,-0.01359282205025082,-0.18646866853170602,0.0,-0.004117617759287119,4121,0.3109767,-0.4309613361984885,0.0,0.0,-0.16069864028639372,1.4668842489763514,0.0,-0.19051894288251017,-0.0006241837998299734,-0.0117509588679871,-0.4390511884761317,-0.03499763237340384,-0.5,3555,-0.026760248436885077,0.578475359,0.0,-0.008997891153234782,-34.090278434753415,0.9986681938171387,0.2797096028923988,0.2,-0.27424752712249756,0.2850830078125,15984,0.000262682796,0.031752452,-0.011618986900430173,1.0031673908233643
-0.0020696557469820046,0.2230352549487079,-0.2167346837323332,-0.07980153033104312,-87.81039933999999,74671272,71.658025,0.0,78.06233923204776,-0.006835937500000066,0.0010074868655970527,0.07171528781870165,-0.11103812838815968,-2.964767844994827e-08,0.0,0.0,9.115012038745013,796,243.98,-0.160039109114364,0.01,-0.013557634142259752,-0.18353881691981694,0.0,-0.005973466629599238,4121,0.3110535,-0.4289263845999259,0.0,0.0,-0.1607239111096342,1.4380414156435597,0.0,-0.18665153342370677,-0.0009011840507077791,-0.012079617858820188,-0.4345300412787212,-0.03493108357741937,-0.5,3559,-0.026473949868792705,0.578457695,0.0,-0.010145348603449142,-34.064893995012554,0.9967115521430969,1.0518261619976588,0.2,0.34333378076553345,0.24285016741071427,15986,0.00026267358,0.046649616,0.0018728215779576982,1.0008544921875
-0.0021751452232270808,0.22467487907275124,-0.2202839359269094,-0.08278517693505766,-87.82613574000001,74689704,71.669545,0.0,78.63620767546294,-0.007020399305555616,0.00048448338444965583,0.07063782774790711,-0.11117765845220469,-3.224326524213507e-08,0.0,0.0,9.273406077330828,797,242.26,-0.15938651616214428,0.01,-0.014141205578956182,-0.19373899615322965,0.0,-0.003855672271347297,4122,0.3111303,-0.4501569779758279,0.0,0.0,-0.16689896729305354,1.4326346939318915,0.0,-0.2006241654440599,-0.0008245239295095641,-0.01239684064210294,-0.4624685357334385,-0.0356084019885548,-0.5,3563,-0.02701834737917848,0.578440031,0.0,-0.008244447794923972,-34.0765022277832,0.9949173331260681,1.2981253902117411,0.2,-0.12256160378456116,0.31764322916666665,15989,0.000262664364,0.04102172,-0.0034505456841240328,1.0017836093902588
-0.0021502143162089276,0.22449301803326754,-0.2158379496731876,-0.08003172188149847,-87.45975786999998,74708136,71.681065,0.0,78.57255631164364,-0.006857638888888953,0.0009434677324154311,0.07573595882013985,-0.11108587310634455,-3.2493548403519456e-08,0.0,0.0,9.29886133889625,798,241.29,-0.15699028405977916,0.01,-0.013932529139898567,-0.18767754601166217,0.0,-0.0037629144071710183,4122,0.3112071,-0.4421699024316808,0.0,0.0,-0.1625249863133458,1.4548255730046413,0.0,-0.1955082220296136,-0.0009623062472754884,-0.012884749692295826,-0.4452587784057543,-0.0354814724834354,-0.5,3568,-0.026102554956901027,0.578422367,0.0,-0.008858731346360097,-34.078249168396,0.9962093830108643,0.6028687700629234,0.2,-0.19219891726970673,0.18817138671875,15993,0.000262655148,0.018091673,-0.008548789017368108,1.0022066831588745
-0.00211490697835729,0.22302646862286205,-0.22187808504164905,-0.08094369974590077,-87.62408173,74726568,71.69258500000001,0.0,78.05926401800171,-0.006933593750000065,0.0005479599349200726,0.07381327113916004,-0.11097227856057515,-3.070732114909446e-08,0.0,0.0,9.136125003065743,799,240.57,-0.16290125374896755,0.01,-0.013697026887906371,-0.19303787848761636,0.0,-0.0038854096500726696,4122,0.3112839,-0.4293993117272545,0.0,0.0,-0.1607316820154924,1.4681594924064802,0.0,-0.19058700506285345,-0.0008826182933008043,-0.012449649062293087,-0.45005824907583836,-0.035311410633499955,-0.5,3572,-0.027266618015379922,0.578404703,0.0,-0.009061773664951842,-34.0844648361206,0.9952338933944702,1.162126788496971,0.2,0.26901066303253174,0.2418212890625,15997,0.000262645932,0.023619445,-0.007533174951095134,1.0025396347045898
-0.0021386428073479477,0.22989454684982466,-0.21440545289164936,-0.07955984495414717,-87.90247346,74745000,71.704105,0.0,80.46309139743863,-0.00710720486111117,0.0007557506065091325,0.07326730964004327,-0.1110684554285285,-3.262648182305486e-08,0.0,0.0,9.788193027576172,800,240.91,-0.15933967396025955,0.01,-0.013840594927504786,-0.18823874978909388,0.0,-0.0034861447507136944,4122,0.3113607,-0.4398837809065826,0.0,0.0,-0.16296991641393957,1.4272218403746875,0.0,-0.19331351971093017,-0.0009426361159536211,-0.013154169445099546,-0.4550076491053601,-0.03611248740615316,-0.5,3577,-0.026125594796462596,0.578387039,0.0,-0.008737746141074846,-34.07669925689697,0.9955638647079468,0.8816916137933731,0.2,-0.0237768292427063,0.19244384765625,16001,0.00026263671599999997,0.015155995,-0.006178288301452994,1.0019233226776123
-0.0021630201094752595,0.22735531656970454,-0.22130698474614702,-0.08184101240766689,-87.12243432,74763432,71.71562499999999,0.0,79.57436079939659,-0.007107204861111171,0.0010769310174509883,0.07373157866016816,-0.11106357997153045,-3.084263821221595e-08,0.0,0.0,9.4738516572815,801,242.31,-0.15925787555912674,0.01,-0.014075390616918038,-0.18722038717831374,0.0,-0.003157290424036266,4122,0.3114375,-0.4384855862605533,0.0,0.0,-0.1650656489229818,1.461276241512638,0.0,-0.19313946699818968,-0.001046293189151859,-0.012980240470474556,-0.45046218601066673,-0.03553994987277086,-0.5,3581,-0.027053195536731064,0.5783693750000001,0.0,-0.008934820927808888,-34.080848121643065,0.9932568073272705,1.81573336571455,0.2,0.38872039318084717,0.2276123046875,16005,0.0002626275,0.033954993,-0.009851065604016185,1.0026915073394775
-0.0021160569472457734,0.223442839441558,-0.21312996340331491,-0.0788292235653945,-87.04599960000003,74781864,71.72714500000001,0.0,78.2049938045453,-0.0070638020833333915,0.0006998694863998228,0.0738638683616805,-0.11111619426547839,-3.008480126598098e-08,0.0,0.0,9.093095767517454,802,242.93,-0.16299305925950244,0.01,-0.013709099782971766,-0.1851006930334415,0.0,-0.003978305836144786,4122,0.3115143,-0.4382464178320995,0.0,0.0,-0.1621480743955136,1.4448695819158945,0.0,-0.1911222437148324,-0.0007448914175566131,-0.01250024378264537,-0.4530114398387705,-0.035248826715236714,-0.5,3585,-0.025850809372030943,0.578351711,0.0,-0.008929939179021554,-34.087530326843265,0.9989364743232727,0.23370216563344,0.2,-0.29453450441360474,0.24971923828125,16009,0.000262618284,0.03120001,-0.017146826721727848,1.0027393102645874
-0.0021029818161420384,0.23279863900765727,-0.21002637585688383,-0.07846355117438612,-87.65285779,74800296,71.738665,0.0,81.47952365268004,-0.00703125000000006,0.000680880685750809,0.07109873278211859,-0.11115249451333203,-3.136253227099549e-08,0.0,0.0,10.097968586810108,803,244.82,-0.16770125462816507,0.01,-0.013671371640959265,-0.17787352799361347,0.0,-0.0049999900042431294,4122,0.3115911,-0.43065496424614286,0.0,0.0,-0.16122342146938737,1.4361942717517144,0.0,-0.1912515134912898,-0.0008562163069285786,-0.011455496267614931,-0.4462992408570757,-0.034870179510060786,-0.5,3590,-0.02544645260640159,0.578334047,0.0,-0.009912737435014505,-34.08739128112793,0.9991448521614075,0.21949399411678314,0.2,-0.2852093577384949,0.29210205078125,16013,0.00026260906799999996,0.033166427,-0.0169105009525083,1.0030791759490967
-0.002144900191235367,0.2325046908781885,-0.21537778270970465,-0.07859461500336612,-87.37996584000001,74818728,71.750185,0.0,81.37664180736597,-0.007128906250000057,0.0008089187904261053,0.07299835626032672,-0.11110026437646414,-3.1841402972197354e-08,0.0,0.0,10.071528857223788,804,245.08,-0.1605700189402528,0.01,-0.013843810883293749,-0.18338665724219314,0.0,-0.003671572374979613,4122,0.3116679,-0.43555347783028603,0.0,0.0,-0.16299290766889507,1.4404692964784858,0.0,-0.1954432325400195,-0.001132125405616092,-0.012475191955908542,-0.4527459422443256,-0.03555482261424822,-0.5,3594,-0.026212768352720683,0.578316383,0.0,-0.009428390178881172,-34.094344520568846,0.9986918568611145,0.3460089713335037,0.2,-0.16352349519729614,0.3088623046875,16017,0.000262599852,0.033243902,-0.013440596230793744,1.0036332607269287
-0.0021595543591116217,0.22050693120469764,-0.2120293185789787,-0.07957334640448262,-87.17735051,74837160,71.761705,0.0,77.17742592164417,-0.007096354166666726,0.0006054684959558977,0.07172508969647992,-0.11133566614024819,-3.183738984572364e-08,0.0,0.0,8.94594017001562,805,242.52,-0.16463615936272757,0.01,-0.014103889259089243,-0.18324600270497307,0.0,-0.003615368406110305,4122,0.3117447,-0.43752867563097547,0.0,0.0,-0.1662473129836569,1.4395876315784333,0.0,-0.19440535372847337,-0.0007346347931713471,-0.01203466052216579,-0.4639872025790829,-0.0352664902329265,-0.5,3599,-0.02583231966344529,0.578298719,0.0,-0.008349157538355535,-34.09157657623291,0.9994149208068848,0.157325904071331,0.2,-0.3049255311489105,0.291064453125,16021,0.000262590636,0.03520374,-0.01750096515752375,1.003151297569275
-0.0021464994209718295,0.2241501612900952,-0.21529672341433204,-0.0792727868583811,-86.70041842999998,74855592,71.773225,0.0,78.45255645153333,-0.0071397569444445015,0.0008843311354414456,0.07452633089587933,-0.11105449410372237,-3.1202756626204715e-08,0.0,0.0,9.129967042399988,806,242.04,-0.1633047072605105,0.01,-0.013815784140995949,-0.18294669253548507,0.0,-0.0030116782185816656,4122,0.3118215,-0.434192944142438,0.0,0.0,-0.16323554305146826,1.460632909006177,0.0,-0.19217302637591724,-0.001324757557648969,-0.012313215653409428,-0.44960669808267384,-0.03505606166261821,-0.5,3603,-0.026148139142165936,0.578281055,0.0,-0.009124707623009777,-34.083028411865236,0.9991210699081421,0.2283179506659508,0.2,-0.2716222405433655,0.31343994140625,16025,0.00026258142,0.03408122,-0.015282825380563737,1.0023754835128784
-0.002125593664224592,0.21745278913834337,-0.2123995719239149,-0.07807967525550151,-87.26472080999999,74874024,71.784745,0.0,76.10847619842018,-0.007345920138888934,0.0014659282945406933,0.07317463056404806,-0.11107571714070924,-3.0631305122871777e-08,0.0,0.0,8.722819945525966,807,243.57,-0.17024986291318117,0.01,-0.013810880896225829,-0.17768406028703676,0.0,-0.0037274066723859867,4122,0.3118983,-0.42710798972695097,0.0,0.0,-0.16428126394109138,1.4489446953581497,0.0,-0.19054886723254488,-0.0008940373485109178,-0.011965289566414183,-0.45388543254324354,-0.034909549454125666,-0.5,3607,-0.025754666707194673,0.578263391,0.0,-0.009560498510836624,-34.076866912841794,0.9992488026618958,0.21340284273028373,0.2,-0.2574990689754486,0.28902587890625,16029,0.000262572204,0.03206192,-0.013574518507812171,1.0021073818206787
-0.002118251709622251,0.23008097345553746,-0.21559557380523736,-0.08016960121883147,-86.78249012,74892456,71.796265,0.0,80.52834070943811,-0.007530381944444479,0.001298827410209924,0.07372290724568184,-0.11103763845753106,-3.127903766106099e-08,0.0,0.0,9.756172172903227,808,242.43,-0.16247916146324914,0.01,-0.01376878571229858,-0.18096919227405814,0.0,-0.002276339438298767,4122,0.3119751,-0.4293561067097109,0.0,0.0,-0.16337190757002995,1.4610865137003486,0.0,-0.19347622671894732,-0.0009133340331031541,-0.012023447735754898,-0.4421664850977869,-0.03529870901967169,-0.5,3612,-0.026374333249926017,0.578245727,0.0,-0.00875673496759393,-34.0786413192749,0.9990451335906982,0.2592237778007984,0.2,-0.26517820358276367,0.30811767578125,16033,0.000262562988,0.034087542,-0.015208881604485214,1.0022873878479004
-0.0021423623053208572,0.23018969006488377,-0.22276344227184047,-0.08169353598314968,-86.94946591000001,74910888,71.807785,0.0,80.56639152270932,-0.007595486111111142,0.0015521908450561266,0.0738686280181643,-0.11091005070371589,-3.183871713582438e-08,0.0,0.0,10.006655290997358,809,241.26,-0.16280221970799852,0.01,-0.014148270095980457,-0.1858284236139133,0.0,-0.0022083552409482665,4123,0.3120519,-0.43250848255421626,0.0,0.0,-0.16869380268898737,1.4760265951513087,0.0,-0.1955235616980047,-0.0008608012927950825,-0.012771774853735441,-0.462480118971233,-0.03520357141719484,-0.5,3616,-0.027231380516272455,0.5782280630000001,0.0,-0.008432163025847532,-34.078674125671384,0.9991500973701477,0.20351212471723557,0.2,-0.2704421579837799,0.290087890625,16037,0.000262553772,0.031359553,-0.015069842047523707,1.002307653427124
-0.0021652116713635995,0.22607903377549401,-0.2205820837722477,-0.08382329090782022,-87.31086577000002,74929320,71.819305,0.0,79.1276618214229,-0.0076714409722222505,0.0012000862916465849,0.07153781819934113,-0.11120749111489893,-3.290683213786968e-08,0.0,0.0,9.600657396691311,810,240.76,-0.16924798014247414,0.01,-0.01411475558517398,-0.18627034309056073,0.0,-0.0025681876588961416,4123,0.3121287,-0.4399853121803573,0.0,0.0,-0.16870490998499393,1.4511112934894141,0.0,-0.20415409402263515,-0.0009805408987217917,-0.01234125113936573,-0.465916960160436,-0.03500222742978779,-0.5,3621,-0.02633618052871373,0.578210399,0.0,-0.00850961173515922,-34.08288764953613,0.9990140795707703,0.2755148716270924,0.2,-0.23782221972942352,0.28680419921875,16041,0.00026254455599999997,0.029849434,-0.012449381360784172,1.0025177001953125
-0.0021208986005476385,0.22108021274800252,-0.22115577720115076,-0.08132406398345308,-87.58597333000003,74947752,71.830825,0.0,77.37807446180088,-0.007324218750000045,0.0016145829124272698,0.07395574364547661,-0.11131537634192977,-3.1618648055091056e-08,0.0,0.0,9.052091795030424,811,241.19,-0.16139029933603227,0.01,-0.013906407111023866,-0.1843856927752605,0.0,-0.002845381833252966,4123,0.3122055,-0.4288735406877791,0.0,0.0,-0.16565757003740877,1.4825030326220596,0.0,-0.19512041643483855,-0.001166479761515263,-0.01227645928716309,-0.44076108747624365,-0.034768757208789386,-0.5,3625,-0.02687216148804306,0.578192735,0.0,-0.008701124969067879,-34.076202392578125,0.9964770078659058,0.7181355729699135,0.2,-0.12807714939117432,0.26861572265625,16045,0.00026253534,0.023115536,-0.008213235286530108,1.001935601234436
-0.0021801553055619282,0.2323484458095077,-0.22975282260440175,-0.08427229233359533,-86.6720567,74966184,71.842345,0.0,81.3219560333277,-0.007866753472222245,0.0014496519482539345,0.07398676004791732,-0.11134578590823277,-3.342303542090597e-08,0.0,0.0,10.06783903281076,812,237.3,-0.1602880894535599,0.01,-0.014246786022586114,-0.19340674837619626,0.0,-0.0014293444663756327,4123,0.3122823,-0.44550890977370233,0.0,0.0,-0.16780092332928437,1.4849719663279497,0.0,-0.1994769114697619,-0.0010470714534895594,-0.012113381121017223,-0.46663883312812093,-0.0358647367194992,-0.5,3629,-0.02822720375133066,0.578175071,0.0,-0.007468625332371125,-34.07271499633789,0.9937928318977356,0.9512233555316925,0.2,-0.10107910633087158,0.2108154296875,16049,0.000262526124,0.020737538,-0.006662035273620859,1.001476526260376
-0.0021503458288755343,0.23109525892782512,-0.22875723638232104,-0.0825452474036374,-86.62125687,74984616,71.853865,0.0,80.88334062473879,-0.0074110243055556,0.0010921219137445507,0.07287118602035057,-0.11129455110805478,-3.3462610901040405e-08,0.0,0.0,9.878207537490834,813,239.53,-0.1627514319996369,0.01,-0.014329088087202228,-0.18700907336258132,0.0,-0.0020585423958837845,4123,0.3123591,-0.4430310331803723,0.0,0.0,-0.17143045396000256,1.4773942046310715,0.0,-0.1951878442237086,-0.0007645170649804891,-0.012232454811390235,-0.46329627736253415,-0.03544284205204116,-0.5,3634,-0.027381212298313737,0.578157407,0.0,-0.007430919992556382,-34.07389106750488,0.9988906383514404,0.28737681210041044,0.2,-0.1759268045425415,0.2279541015625,16053,0.00026251690799999997,0.026011085,-0.016267421655356884,1.0019289255142212
-0.0021391246758143577,0.22670791684355396,-0.2195813568924168,-0.07984295389111627,-86.51400344000004,75003048,71.865385,0.0,79.34777089524388,-0.007714843750000024,0.0014393436884145355,0.07564718602026639,-0.11111646492328967,-3.1345490132726256e-08,0.0,0.0,9.350001513532238,814,241.41,-0.16319160599530252,0.01,-0.013891785359027289,-0.18129178847441912,0.0,-0.002143140042509211,4121,0.3124359,-0.43410251954269113,0.0,0.0,-0.16580617972429232,1.4641929012573902,0.0,-0.19346377842060564,-0.0008842837735245006,-0.012020556270260097,-0.4549378702351283,-0.035503020656888436,-0.5,3640,-0.026562300860704713,0.578139743,0.0,-0.00800193588495151,-34.079935264587405,0.9983357191085815,0.41562571227550504,0.2,-0.15379062294960022,0.25572509765625,16057,0.000262507692,0.027172152,-0.014841402950696646,1.0024261474609375
-0.002172442078721658,0.22489789793666348,-0.22214367207684213,-0.07855080757948799,-87.36031007000001,75021480,71.876905,0.0,78.71426427783221,-0.007530381944444482,0.0012429466134765083,0.07414925010759894,-0.11091504032793334,-3.295621071505737e-08,0.0,0.0,9.392833511119516,815,238.16,-0.1702471008040026,0.01,-0.014279338073376521,-0.18468875753994174,0.0,-0.001741179239461842,4121,0.3125127,-0.4408463011309658,0.0,0.0,-0.17099867271187372,1.4620237842393806,0.0,-0.19622182345999367,-0.0008866708599501066,-0.01269957748663187,-0.47072376765098817,-0.03544140817341482,-0.5,3644,-0.026862170242160734,0.578122079,0.0,-0.008484790357114334,-34.083024215698245,0.9989203810691833,0.2692783117294312,0.2,-0.2564692497253418,0.25350341796875,16061,0.000262498476,0.026210684,-0.014227941527497023,1.0025556087493896
-0.0021043751878805006,0.22539711108366292,-0.21637528364157352,-0.0804879721661332,-86.79713377,75039912,71.88842500000001,0.0,78.88898887928202,-0.007172309027777834,0.0016134977858099672,0.07508023648255222,-0.1107841199005289,-3.1036716944042497e-08,0.0,0.0,9.408234597765667,816,240.05,-0.15838535376800966,0.01,-0.013634689856017125,-0.1858558331388864,0.0,-0.0031564232286761026,4121,0.3125895,-0.41954105387421525,0.0,0.0,-0.1614617350227995,1.4757118755306466,0.0,-0.19004878006573037,-0.0007777775990495591,-0.012130242909991078,-0.4370090331877057,-0.034910040618335594,-0.5,3649,-0.02693402519996764,0.578104415,0.0,-0.00866029916344107,-34.072156715393064,0.9872965812683105,2.8338645070791246,0.2,1.011844277381897,0.29268798828125,16065,0.00026248925999999996,0.030274615,-0.004572187608573586,1.001305341720581
-0.002184222140260082,0.22805325981464356,-0.22015947469510153,-0.08036015299066615,-86.82467721,75058344,71.899945,0.0,79.81864093512525,-0.0074110243055556,0.0013595913349288618,0.0703415474506296,-0.11062483498828,-3.198544928957051e-08,0.0,0.0,9.697062131555983,817,239.33,-0.17023774015014548,0.01,-0.014325540571272773,-0.18831649198364653,0.0,-0.002313126670593543,4121,0.3126663,-0.4417880901670154,0.0,0.0,-0.17168570912048353,1.46689812444231,0.0,-0.196800262217956,-0.0008659920401507854,-0.012864715415089375,-0.4640580718946731,-0.03604711248086313,-0.5,3653,-0.02751535156876677,0.5780867510000001,0.0,-0.008409648322008757,-34.07119007110596,0.9981163144111633,0.4342209562659264,0.2,-0.196018248796463,0.199072265625,16069,0.000262480044,0.02289759,-0.014601966366171837,1.0018442869186401
-0.00215809655987311,0.22424146489157648,-0.21609247211673524,-0.08069051911494335,-86.74833692,75076776,71.91146499999999,0.0,78.48451271205177,-0.0077148437500000255,0.0014762363765233506,0.07585216739482405,-0.11073779756461113,-3.2443031430328426e-08,0.0,0.0,9.254997976970662,818,239.22,-0.16710140427132478,0.01,-0.014082048605287814,-0.18114796670160044,0.0,-0.002222923360315738,4121,0.3127431,-0.436350754390846,0.0,0.0,-0.16762953576439343,1.4493757386829094,0.0,-0.1993993149016434,-0.0007356725199670045,-0.012291090954612529,-0.4623157605346292,-0.03545182152167914,-0.5,3658,-0.026035730386966452,0.578069087,0.0,-0.007861963340676285,-34.08267879486084,0.9932401776313782,1.9532449185848235,0.2,0.7227048873901367,0.25020751953125,16073,0.000262470828,0.027647208,-0.007407115318346769,1.002425193786621
-0.002128319346315421,0.23070488155953237,-0.21714971276255193,-0.07936172308036181,-87.12408759,75095208,71.922985,0.0,80.74670854583633,-0.007172309027777834,0.001685112291145035,0.07181635988282414,-0.11084328773260047,-3.262385811704151e-08,0.0,0.0,9.879786953896332,819,239.07,-0.1634721258262726,0.01,-0.013938281841724949,-0.18332132720086364,0.0,-0.00261338674582559,4121,0.3128199,-0.4273238762411331,0.0,0.0,-0.16622600231274756,1.4761402132136856,0.0,-0.19094130841513005,-0.0010346347671071551,-0.01199230257220001,-0.45710180947493473,-0.03544754275508426,-0.5,3662,-0.026698405576879667,0.578051423,0.0,-0.008645650481210194,-34.072456741333006,0.9945587515830994,1.1266209304332733,0.2,0.041563957929611206,0.17755126953125,16077,0.000262461612,0.02059102,-0.010021943831816316,1.0015352964401245
-0.002111947301478284,0.22781302891590585,-0.2160003918451257,-0.07800450920621047,-87.15992987999998,75113640,71.934505,0.0,79.73456012056705,-0.0072374131944444985,0.0016151254983722335,0.0718969132691852,-0.11062987350765827,-3.1082891544134345e-08,0.0,0.0,9.569097587976584,820,242.8,-0.16567180503746196,0.01,-0.013783532480585746,-0.18008198263848418,0.0,-0.0037365227903384374,4121,0.3128967,-0.42615142344395535,0.0,0.0,-0.16318660425512677,1.4493139799817716,0.0,-0.18719402295339171,-0.0009041624624823761,-0.011583256321585446,-0.4409094397703578,-0.035979455233503654,-0.5,3666,-0.02630860708847223,0.578033759,0.0,-0.009651236559471322,-34.074821853637694,0.9932053089141846,1.897996661067009,0.2,0.22544392943382263,0.23011474609375,16081,0.000262452396,0.028756976,-0.008417238516267389,1.0018641948699951
-0.0021521946430986994,0.21984172195528595,-0.20842266475396637,-0.07758655732962429,-87.59163953,75132072,71.946025,0.0,76.94460268435009,-0.007497829861111154,0.001327582201661749,0.06824931109720364,-0.11068549800272397,-3.196368856174605e-08,0.0,0.0,8.90980441809202,821,245.47,-0.16572467569852933,0.01,-0.014061161042545265,-0.17406153119631373,0.0,-0.004400422171967766,4121,0.3129735,-0.43212291595527824,0.0,0.0,-0.1657303217521907,1.4206427988070662,0.0,-0.19165951074614032,-0.0007908261469537816,-0.012277109470879698,-0.45206710395407335,-0.03617270857012121,-0.5,3671,-0.024961171643730996,0.578016095,0.0,-0.009392855035710253,-34.07890853881836,0.9987627267837524,0.3068749256432056,0.2,-0.24380730092525482,0.230810546875,16085,0.00026244318,0.02619196,-0.015637093456462026,1.0022821426391602
-0.0021329541581341332,0.223905624244256,-0.2163085855647526,-0.07748775269149545,-87.92237253999998,75150504,71.95754500000001,0.0,78.36696848548961,-0.007161458333333388,0.0013888885571052218,0.06970973104678672,-0.11076614326239431,-3.176213122156434e-08,0.0,0.0,9.2725440529489,822,243.06,-0.169420721281546,0.01,-0.01391413753495022,-0.18161932531170413,0.0,-0.004917719491675066,4122,0.3130503,-0.43060995873221997,0.0,0.0,-0.1657171036413987,1.4427045112278236,0.0,-0.19215170859148004,-0.0008731483011538604,-0.011809145976890596,-0.45559868461467334,-0.03584351008096909,-0.5,3675,-0.02617289257633683,0.577998431,0.0,-0.009969025051557563,-34.08561267852783,0.9986176490783691,0.36663064658641814,0.2,-0.12646999955177307,0.25435791015625,16089,0.000262433964,0.025751147,-0.012509240675717593,1.0027581453323364
-0.0021071814923578824,0.22525201101857392,-0.20662426074403106,-0.07759303307903927,-87.10573782,75168936,71.969065,0.0,78.83820385650087,-0.00710720486111117,0.001437716684045477,0.07122937659092816,-0.11069160575270597,-3.184197098360129e-08,0.0,0.0,9.45459592997171,823,244.49,-0.1664565967347654,0.01,-0.013668327561354332,-0.17590866261533533,0.0,-0.00412490932859436,4122,0.3131271,-0.42043858702046416,0.0,0.0,-0.1604978338639817,1.4461378351769238,0.0,-0.18990545571369513,-0.000760829237406256,-0.011712264839151835,-0.43508456268996587,-0.03611762649045396,-0.5,3680,-0.025044859762474055,0.577980767,0.0,-0.009873675460565008,-34.07947254180908,0.993168830871582,1.7711623400449752,0.2,0.109445720911026,0.25328369140625,16093,0.00026242474799999997,0.042484857,-0.0040336721460334955,1.0020222663879395
-0.0021031443897639793,0.22559927295608803,-0.21662827129995785,-0.08070972174395091,-87.73776559,75187368,71.98058499999999,0.0,78.95974553463081,-0.007454427083333372,0.001810980579143183,0.07052041240651671,-0.1105569288831427,-3.134210246533364e-08,0.0,0.0,9.652615436327165,824,243.36,-0.16576450946710997,0.01,-0.013679209272372058,-0.1860690166575692,0.0,-0.0037796184573168604,4122,0.3132039,-0.42407070919138473,0.0,0.0,-0.16152185004020259,1.463078113103235,0.0,-0.19415734938907223,-0.0009661230833626945,-0.012306390643290798,-0.442735005058793,-0.0357086787129742,-0.5,3684,-0.02671731067054962,0.577963103,0.0,-0.009943796153594222,-34.06736812591553,0.9969954490661621,0.466419044137001,0.2,-0.20843544602394104,0.12266845703125,16097,0.000262415532,0.01662032,-0.011079357599373906,1.0013056993484497
-0.0021987900472522116,0.22434675550511102,-0.20671656907859007,-0.07903816433316152,-87.68163258999999,75205800,71.99210500000001,0.0,78.52136442678885,-0.0072265625000000515,0.0012337237518901627,0.06921672273713246,-0.11044288062822585,-3.2664879120027665e-08,0.0,0.0,9.30973571181636,825,241.87,-0.16700932300835544,0.01,-0.014239257706923204,-0.18266652242482306,0.0,-0.004596238768318453,4122,0.3132807,-0.43787638825539427,0.0,0.0,-0.1660605808586085,1.4045799694364802,0.0,-0.20111552299066854,-0.0010263024953258172,-0.01337837921613087,-0.4468179770049397,-0.03693314518937505,-0.5,3688,-0.02496543642872713,0.5779454390000001,0.0,-0.009345654726429429,-34.07845230102539,0.9977424144744873,0.39434403255581857,0.2,-0.255401611328125,0.218408203125,16101,0.000262406316,0.024367802,-0.01423417563783005,1.002342700958252
-0.002125720527599312,0.2270321091221169,-0.21502967216626556,-0.07841568567781756,-87.11149026999999,75224232,72.003625,0.0,79.46123819274092,-0.007345920138888934,0.0012754988791938457,0.07096316530387715,-0.11072861734934321,-3.152973551141317e-08,0.0,0.0,9.523456320484659,826,243.88,-0.16203349333876957,0.01,-0.013767190115199605,-0.18387049619118845,0.0,-0.003770968524948611,4122,0.3133575,-0.42844332622390724,0.0,0.0,-0.16260621514125892,1.4533604971163474,0.0,-0.19065026658975612,-0.0008651011883842318,-0.011902121299108389,-0.44904252635161324,-0.035851764068362185,-0.5,3693,-0.02626350921011845,0.577927775,0.0,-0.009547747888266005,-34.07590255737305,0.9937807321548462,0.9696230411529541,0.2,-0.10605496168136597,0.23170166015625,16105,0.0002623971,0.022574376,-0.0051717998110689225,1.001717209815979
-0.0021576849355790326,0.22191093019570376,-0.2114068086639267,-0.07992962532104511,-87.11323785999998,75242664,72.01514499999999,0.0,77.66882556849632,-0.0071831597222222765,0.00122504320461303,0.07002625531684367,-0.1106196944546217,-3.331583821136724e-08,0.0,0.0,8.98976947145632,827,241.73,-0.1659401933726208,0.01,-0.013910876143284052,-0.18165459607488668,0.0,-0.003447242244038357,4122,0.3134343,-0.43092221860465035,0.0,0.0,-0.1646825319205367,1.4446069474593561,0.0,-0.19835657226075365,-0.0006583120858575357,-0.011668026226940213,-0.44669820055735066,-0.035842834440774324,-0.5,3697,-0.025638795842100052,0.577910111,0.0,-0.009134202377430888,-34.07597713470459,0.999310314655304,0.15863328874111177,0.2,-0.311066210269928,0.241064453125,16109,0.000262387884,0.030413587,-0.019708837987855075,1.0019817352294922
-0.002143820236712628,0.23155295091418457,-0.2091199157101637,-0.07824368700990635,-87.30471664000001,75261096,72.02666500000001,0.0,81.0435328199646,-0.00721571180555561,0.0012662757395042314,0.07261637250218089,-0.11070745041618862,-3.151588978637857e-08,0.0,0.0,9.973404272334538,828,241.96,-0.16030651139002647,0.01,-0.013761010909806087,-0.182359011158147,0.0,-0.0032023665384289567,4122,0.3135111,-0.42317988164549614,0.0,0.0,-0.16145294252677359,1.454877084303355,0.0,-0.19459228993453256,-0.0011318192653634246,-0.012004298895393695,-0.43306654611466094,-0.03622823108271946,-0.5,3701,-0.02551130188953335,0.577892447,0.0,-0.008962489502866648,-34.07175636291504,0.9969108700752258,0.5767501205205917,0.2,-0.18962405622005463,0.2651611328125,16113,0.000262378668,0.024856465,-0.008925694250501692,1.0018035173416138
-0.002189540118121208,0.2194711999553549,-0.218058561525398,-0.08100680683961925,-87.02910031000002,75279528,72.038185,0.0,76.81491998437421,-0.0072916666666667145,0.001516384234289742,0.0722591356464765,-0.11070778321063417,-3.267367969739902e-08,0.0,0.0,8.972892055430325,829,240.73,-0.16802299071518778,0.01,-0.014034740645110807,-0.18604988238002904,0.0,-0.00321001424464757,4122,0.3135879,-0.4311382289134642,0.0,0.0,-0.16450748373646656,1.4571761568605677,0.0,-0.1990539760016975,-0.0011751566182301026,-0.012704559853949422,-0.4482966372665484,-0.03622466401186556,-0.5,3706,-0.026789958008622092,0.5778747830000001,0.0,-0.008984734142561339,-34.07619094848633,0.9937808513641357,1.1714498221874237,0.2,0.04528224468231201,0.20556640625,16117,0.00026236945199999996,0.022497842,-0.007951445679645985,1.001784086227417
-0.002200406523046807,0.2190726167160568,-0.21255135416988663,-0.07891520613857307,-86.73245877,75297960,72.049705,0.0,76.67541585061988,-0.007389322916666711,0.001348740983909617,0.07111476565656288,-0.11052974660184323,-3.250271271105452e-08,0.0,0.0,8.87938465079475,830,242.02,-0.17033480915867194,0.01,-0.014057562585953374,-0.18434308762214852,0.0,-0.0030678463267516123,4122,0.3136647,-0.4324318150684802,0.0,0.0,-0.1647943610648578,1.4424840863965063,0.0,-0.19830090190839983,-0.0008774323254501672,-0.012317032542825847,-0.4480531683084938,-0.03648585938418216,-0.5,3710,-0.026025136102303108,0.577857119,0.0,-0.009145323856500909,-34.07579402923584,0.9931693077087402,1.8236151069402695,0.2,0.23434138298034668,0.18314208984375,16121,0.000262360236,0.024634123,-0.00958405957208015,1.0021204948425293
-0.002193647773102593,0.22379393206747294,-0.21348077875242633,-0.08014180042233994,-86.54811928000001,75316392,72.06122500000001,0.0,78.32787622361553,-0.007269965277777827,0.001566839908870558,0.0725438530946232,-0.1105810519323578,-3.182996522580333e-08,0.0,0.0,9.223115961936395,831,241.98,-0.16800135055221424,0.01,-0.014085878446475967,-0.18337863786368933,0.0,-0.0028674820756461263,4122,0.3137415,-0.43429064580726806,0.0,0.0,-0.1664229441297765,1.4470167251247839,0.0,-0.19895959762612192,-0.001057237983005841,-0.012256690172744143,-0.44889563562504925,-0.03632174337451038,-0.5,3715,-0.026125747997377415,0.577839455,0.0,-0.008802307413942698,-34.0858232498169,0.9985900521278381,0.35686565190553665,0.2,-0.158282071352005,0.257763671875,16125,0.00026235102,0.030315086,-0.01657688053091988,1.0028464794158936
-0.0021777019429565286,0.22001630169202885,-0.21698399499737142,-0.08006467500820554,-87.16363083000002,75334824,72.072745,0.0,77.00570559221009,-0.007204861111111161,0.0011783847844021188,0.07374321021020956,-0.11073460876507428,-3.110731172235678e-08,0.0,0.0,8.84355838729408,832,241.03,-0.16422507902124772,0.01,-0.014037994726854896,-0.18171200730642334,0.0,-0.0025075037733070234,4122,0.3138183,-0.42934520612302574,0.0,0.0,-0.16659478818592452,1.4563068179314007,0.0,-0.1973030166653467,-0.001085351877458534,-0.012175552798150061,-0.44371094893088847,-0.03584455583529199,-0.5,3719,-0.026372982184523316,0.577821791,0.0,-0.008516120918405553,-34.08061008453369,0.9990207552909851,0.25469911471009254,0.2,-0.18046227097511292,0.26907958984375,16129,0.000262341804,0.029901892,-0.013531444850377739,1.0021966695785522
-0.0021603692610482313,0.22984380551233602,-0.2117767292672319,-0.07908443905745757,-87.24082262,75353256,72.08426499999999,0.0,80.4453319293176,-0.0072048611111111644,0.0013335497027987407,0.07411494479143917,-0.11074238217240359,-3.138501432926376e-08,0.0,0.0,9.792815070331887,833,241.93,-0.1663390678024603,0.01,-0.013859239170906139,-0.17817635866366965,0.0,-0.0031482762250119416,4122,0.3138951,-0.42701073347942065,0.0,0.0,-0.1638097296701315,1.4524563054137942,0.0,-0.19411717157270786,-0.0008402844960726976,-0.012315767113443683,-0.43970130761501935,-0.03588793068428439,-0.5,3723,-0.02582947451869171,0.5778041270000001,0.0,-0.009416183578044487,-34.07127857208252,0.995593786239624,0.6557048007845878,0.2,-0.0320773720741272,0.2346435546875,16133,0.000262332588,0.018119827,-0.005145698564592749,1.0015109777450562
-0.0021816033019866257,0.22775252595685586,-0.21711174961978288,-0.08040222212956008,-86.74445866,75371688,72.095785,0.0,79.71338408489954,-0.0072048611111111644,0.001366644664408846,0.06891906760660142,-0.11076410984930456,-3.225576427840049e-08,0.0,0.0,9.779958972920435,834,243.94,-0.16709305270967004,0.01,-0.013982858152081992,-0.18337806590835748,0.0,-0.0038417062881947986,4123,0.3139719,-0.43299287513808193,0.0,0.0,-0.16549470735090877,1.4587952691140451,0.0,-0.2000154992722454,-0.0011005714406384945,-0.011948693443571686,-0.4414160859879951,-0.03625436556425106,-0.5,3728,-0.026811371614336832,0.577786463,0.0,-0.00923592658364214,-34.07541389465332,0.9992368817329407,0.18100975453853607,0.2,-0.2919257879257202,0.2600830078125,16137,0.000262323372,0.03082646,-0.019397751888027413,1.0019780397415161
-0.002148815628858485,0.2224482860896342,-0.2125708115149891,-0.07812046808816271,-87.35105542000001,75390120,72.107305,0.0,77.85690013137197,-0.007020399305555619,0.001747504038374043,0.07123939565011089,-0.11062015817803975,-3.139729963410155e-08,0.0,0.0,9.127239595571607,835,245.07,-0.17089305880172267,0.01,-0.013851604050265734,-0.17545843669446876,0.0,-0.004624337321179009,4123,0.3140487,-0.42833611337951477,0.0,0.0,-0.1640106896241029,1.434306083812243,0.0,-0.19294034348968453,-0.0012833388061210674,-0.011961447495718584,-0.4332278153940933,-0.035725467552434595,-0.5,3732,-0.0255596462728462,0.577768799,0.0,-0.010197296153314205,-34.076310348510745,0.9995167851448059,0.13181574866175652,0.2,-0.31017354130744934,0.293896484375,16141,0.000262314156,0.030376071,-0.015068460768088699,1.0019510984420776
-0.0021551546849484715,0.2269932418518218,-0.21437216377391363,-0.07922873871781744,-86.97551367000001,75408552,72.118825,0.0,79.44763464813762,-0.0071397569444445015,0.0012472870488030214,0.07146937202707856,-0.11067187469066431,-3.161571580599234e-08,0.0,0.0,9.688033112076011,836,243.33,-0.16803648762953113,0.01,-0.013891635944113224,-0.1787629072933318,0.0,-0.003042822891138395,4123,0.3141255,-0.42539097235460877,0.0,0.0,-0.16520596647783883,1.4599961149506417,0.0,-0.19721353477771564,-0.0013557523220099528,-0.012280042768353268,-0.43603146196591575,-0.03628009356815706,-0.5,3737,-0.02592552420790037,0.577751135,0.0,-0.009273090196074918,-34.07327861785889,0.9987596869468689,0.33655314743518827,0.2,-0.24658650159835815,0.29508056640625,16145,0.00026230493999999997,0.030382793,-0.014269781578332186,1.0018738508224487
-0.002192273257487132,0.2276492376951592,-0.22139036345267984,-0.08123784221792228,-87.74869626999998,75426984,72.130345,0.0,79.67723319330572,-0.007606336805555586,0.0013221566429516922,0.07152288114151377,-0.11068050443124303,-3.314083380570132e-08,0.0,0.0,9.586529617666413,837,240.01,-0.17144080145680574,0.01,-0.01418540435451188,-0.1854207127659065,0.0,-0.0023366917947819647,4123,0.3142023,-0.43962137414837693,0.0,0.0,-0.16799323000955407,1.454223983144213,0.0,-0.20323955260881374,-0.0009267510756528027,-0.012568546704138683,-0.4532786119246182,-0.03676513912038505,-0.5,3741,-0.026961495938969654,0.577733471,0.0,-0.008825636601411842,-34.07852554321289,0.9987358450889587,0.35805797576904297,0.2,-0.2271483689546585,0.29708251953125,16149,0.000262295724,0.028971273,-0.012078161479439586,1.002161979675293
-0.0021990354997229906,0.22127289591863353,-0.21503080174400627,-0.07782549669384416,-86.66729303,75445416,72.141865,0.0,77.44551357152173,-0.007356770833333381,0.0014203554860109256,0.07279499297798903,-0.11072571041535331,-3.195912831815669e-08,0.0,0.0,8.999331395813474,838,242.87,-0.16796584389552255,0.01,-0.014141362914129818,-0.18032037253149777,0.0,-0.002828987638866441,4123,0.3142791,-0.4381514614780283,0.0,0.0,-0.16759905367658962,1.4412352834101394,0.0,-0.19649367961001818,-0.001269754150814096,-0.01294076123805712,-0.45134837628396896,-0.03633739608915867,-0.5,3746,-0.025878224518440445,0.577715807,0.0,-0.008709670138260763,-34.071756553649905,0.988312304019928,2.9289923310279846,0.2,0.6914234161376953,0.25814208984375,16153,0.000262286508,0.022085983,-0.00814368876744993,1.0014673471450806
-0.0021740728318489413,0.22129591656101893,-0.2205411702909335,-0.08369885116204932,-87.73126809999998,75463848,72.153385,0.0,77.45357079635663,-0.007421875000000044,0.0013997389630983686,0.07338279192274938,-0.1108754324212061,-3.212835481575922e-08,0.0,0.0,9.161340362304403,839,240.28,-0.16497730591173032,0.01,-0.01410047643817943,-0.18700898123207008,0.0,-0.002087124269965866,4123,0.3143559,-0.4355219402956989,0.0,0.0,-0.16708330942434768,1.474216920717102,0.0,-0.19554440282785462,-0.000912049233741519,-0.012397149761646659,-0.45217002745435775,-0.03555899435982634,-0.5,3750,-0.027083339015286735,0.577698143,0.0,-0.008088063248174472,-34.07007236480713,0.9987367987632751,0.33111292719841,0.2,-0.22380878031253815,0.22164306640625,16157,0.000262277292,0.02226072,-0.016639101749751715,1.0015051364898682
-0.0021759751264316483,0.22256385649504673,-0.22189538023293517,-0.0797677561431738,-87.48733984,75482280,72.164905,0.0,77.89734977326636,-0.007454427083333375,0.0014648433360788557,0.07245305634939653,-0.11078856063388962,-3.1226297652075255e-08,0.0,0.0,9.173109559099025,840,239.39,-0.16702057496556846,0.01,-0.014025485232668798,-0.18271763459842588,0.0,-0.0025068407611803095,4123,0.3144327,-0.4294723797328061,0.0,0.0,-0.16673899989697677,1.4617550543790874,0.0,-0.19808148443466841,-0.0018731000654609873,-0.013445561377919057,-0.4408734092329717,-0.03609024050499548,-0.5,3754,-0.026794028784834507,0.577680479,0.0,-0.009095410386281502,-34.0685474395752,0.990626871585846,2.438441550731659,0.2,0.7914625406265259,0.2806396484375,16161,0.000262268076,0.024329906,-0.003823864192236215,1.001222014427185
-0.0022323561076606937,0.22740610797233907,-0.22451099375936995,-0.08431864856213618,-86.82613271,75500712,72.176425,0.0,79.59213779031867,-0.00736762152777783,0.0010970049447173046,0.06956720444270624,-0.11076118727591172,-3.403207126466407e-08,0.0,0.0,9.615024554078895,841,240.53,-0.1643046104562036,0.01,-0.014246566201773333,-0.1880023622886411,0.0,-0.0025986391327407817,4121,0.3145095,-0.4378151040168967,0.0,0.0,-0.16786480130526105,1.4829954351472685,0.0,-0.20201944517239845,-0.0012904915329593582,-0.012619922297591657,-0.4431711418762029,-0.03617088085707625,-0.5,3761,-0.027907953844058378,0.577662815,0.0,-0.008393779675114073,-34.06522445678711,0.9923486113548279,1.9548728168010712,0.2,0.4529948830604553,0.12828369140625,16165,0.00026225886,0.014280053,-0.009344151336699724,1.0010128021240234
-0.0022427232705632665,0.21966408272264515,-0.2224771068911238,-0.08228656720226443,-86.57306948,75519144,72.187945,0.0,76.8824289529258,-0.00719401041666672,0.0011767574501896484,0.07124666625079928,-0.11092691653739276,-3.2831834510014425e-08,0.0,0.0,8.934317085530163,842,238.93,-0.16857844415964318,0.01,-0.014410476740827106,-0.18726906780282582,0.0,-0.0020578858924151975,4121,0.3145863,-0.44043480482025865,0.0,0.0,-0.1715476141803139,1.461402122194727,0.0,-0.20477491980168144,-0.0010829321105803374,-0.013230513528275636,-0.4610943587652808,-0.03636375870536665,-0.5,3765,-0.02713167901226785,0.577645151,0.0,-0.008003156439776326,-34.06528987884521,0.9945578575134277,0.8010474622249604,0.2,-0.11307978630065918,0.10301513671875,16169,0.00026224964399999996,0.010213768,-0.007337474124506116,1.0009865760803223
-0.0022047837920368125,0.23092900153855625,-0.2212901384002892,-0.0820186082249856,-86.50726549999999,75537576,72.199465,0.0,80.82515053849468,-0.006966145833333399,0.0012548826893584596,0.07095592782955029,-0.11091424411340256,-3.343152027380908e-08,0.0,0.0,9.839862812495184,843,239.82,-0.16161227744984072,0.01,-0.014120689519532163,-0.1849026747163238,0.0,-0.0022168494083780596,4121,0.3146631,-0.42808091362344974,0.0,0.0,-0.16603062027483234,1.4797619895694365,0.0,-0.20204522314988865,-0.0009879092182969878,-0.012272707321248617,-0.4482068503470829,-0.03569346817350755,-0.5,3769,-0.027098785896264656,0.577627487,0.0,-0.00850038709015482,-34.07218914031982,0.9925827383995056,1.7058443009853363,0.2,0.3067549169063568,0.1819091796875,16173,0.000262240428,0.019645715,-0.009458454640116543,1.0016528367996216
-0.0021879813430300734,0.22727808375364397,-0.21896224816932633,-0.0829356393763299,-87.52827716000002,75556008,72.210985,0.0,79.54732931377539,-0.007747395833333354,0.0015082459948543045,0.0709709233491299,-0.11056887002722166,-3.285193815136685e-08,0.0,0.0,9.517342496731146,844,240.95,-0.17154630435170073,0.01,-0.014166824074247245,-0.18343255976788753,0.0,-0.0029907726119140043,4121,0.3147399,-0.43368053992830274,0.0,0.0,-0.16860936652287045,1.457750583357579,0.0,-0.20005517906940373,-0.0014080224870984485,-0.012876421684872082,-0.4507776729807646,-0.0363570511245733,-0.5,3774,-0.02696782123643606,0.577609823,0.0,-0.009308898283052258,-34.07437038421631,0.9913638830184937,2.0733641147613526,0.2,0.20662853121757507,0.16785888671875,16177,0.000262231212,0.019370876,-0.010798047122079879,1.0017601251602173
-0.0022215548422489417,0.2190814237396299,-0.22179460664984935,-0.08088163160475276,-86.99625066,75574440,72.222505,0.0,76.67849830887047,-0.0072482638888889395,0.0010487192840729323,0.07017593860279206,-0.11076677805297781,-3.256712815227101e-08,0.0,0.0,8.795355284682016,845,242.34,-0.16783410843707333,0.01,-0.014219313588789655,-0.1840935336592303,0.0,-0.0032177728544849453,4121,0.3148167,-0.4232530202624643,0.0,0.0,-0.16916404159736423,1.4710972685099322,0.0,-0.20099585031378955,-0.001217951971498482,-0.012749363208612573,-0.4608097917621233,-0.035709498492859794,-0.5,3778,-0.027048973290033206,0.577592159,0.0,-0.00899056621387394,-34.07367572784424,0.9932337999343872,1.728714293241501,0.2,-0.04607522487640381,0.2225341796875,16181,0.000262221996,0.022810258,-0.01256219808710739,1.0017789602279663
-0.0022124236745792534,0.21964662332376522,-0.22281226692600567,-0.08165296865463455,-87.06745307999999,75592872,72.234025,0.0,76.87631816331783,-0.0072916666666667206,0.0012825519790769452,0.06972702168912584,-0.11061030146361549,-3.1718337292477107e-08,0.0,0.0,8.892368857642381,846,241.89,-0.16350878609080538,0.01,-0.01421441789137305,-0.1824523964939567,0.0,-0.004022858165451909,4121,0.3148935,-0.4348227013827566,0.0,0.0,-0.1685356949653664,1.454561988519776,0.0,-0.1992659341892156,-0.0011765566144476662,-0.012799359836245007,-0.44717441684484843,-0.03611535156734352,-0.5,3783,-0.027048278418743115,0.577574495,0.0,-0.008852763733658422,-34.0722053527832,0.9962475299835205,0.742960524559021,0.2,-0.050503700971603394,0.1921142578125,16185,0.00026221278,0.018625187,-0.01154969873605296,1.0014878511428833
-0.002225297825498947,0.2223865708625295,-0.21638760772276877,-0.0806856043815531,-86.65386912000002,75611304,72.24554499999999,0.0,77.83529980188533,-0.007215711805555606,0.0016010194538264638,0.07259212285617761,-0.11080956565011453,-3.293808503257688e-08,0.0,0.0,9.37322310947501,847,242.74,-0.16651349267217186,0.01,-0.014327124649943361,-0.17919635344225165,0.0,-0.0028143064227676034,4121,0.3149703,-0.4333810598755781,0.0,0.0,-0.17050609525606963,1.4537065356931753,0.0,-0.1983152797195875,-0.0011234816928602257,-0.01264684931829454,-0.4515679998950557,-0.03528447371194446,-0.5,3787,-0.026213493612707795,0.577556831,0.0,-0.00823766719097168,-34.0688175201416,0.994734525680542,0.8932821214199066,0.2,-0.14145803451538086,0.178662109375,16189,0.000262203564,0.018030329,-0.006193644402083009,1.0012190341949463
-0.00216109639337175,0.22659321236076413,-0.21622356676777058,-0.07870297886669603,-86.74974618000002,75629736,72.25706500000001,0.0,79.30762432626744,-0.007107204861111168,0.0015755203461998866,0.07107145055698681,-0.11076028665667967,-2.9740050834559735e-08,0.0,0.0,9.464030788396002,848,243.5,-0.16052391471601996,0.01,-0.01385442761536092,-0.17940069191623173,0.0,-0.003151634689719956,4121,0.3150471,-0.4206717389482464,0.0,0.0,-0.16455136614633392,1.476627469171171,0.0,-0.19326074990868244,-0.0011502913375532051,-0.013166751923634886,-0.44184234385206494,-0.0359008183348031,-0.5,3792,-0.026944696311278108,0.577539167,0.0,-0.009381324919458065,-34.07168178558349,0.997770369052887,0.5409476727247238,0.2,-0.035705894231796265,0.23133544921875,16193,0.000262194348,0.02396216,-0.01288395399460569,1.001712679862976
-0.002160101043234906,0.22087592490069866,-0.213817748923114,-0.07785949339262185,-87.26253406,75648168,72.268585,0.0,77.30657371524453,-0.007302517361111159,0.0014501948026008904,0.06930341155313681,-0.11070735808397078,-3.0028785356468474e-08,0.0,0.0,8.891875915116039,849,242.82,-0.16618196502341312,0.01,-0.013724007380621362,-0.17651258147623056,0.0,-0.0038178574030397136,4121,0.3151239,-0.4141329416579787,0.0,0.0,-0.16294685632273817,1.4584718088418653,0.0,-0.19343939391439602,-0.0010805449376509496,-0.012386941629093033,-0.43653741443445715,-0.03549201849765147,-0.5,3796,-0.02656254828886505,0.577521503,0.0,-0.010063289661451967,-34.07862930297851,0.9990377426147461,0.231190824508667,0.2,-0.2515310049057007,0.249951171875,16197,0.00026218513199999997,0.027761132,-0.01270502753322944,1.002197027206421
-0.002206282727208448,0.22435134330970172,-0.21517202804788368,-0.08002456088144777,-87.73200385999999,75666600,72.28010499999999,0.0,78.5229701583956,-0.007313368055555602,0.001700846045019312,0.06879817854421642,-0.1105207836506704,-3.299649070785759e-08,0.0,0.0,9.255801047002675,850,245.78,-0.1712244786165556,0.01,-0.01413716001997069,-0.1788596149307911,0.0,-0.0057243025760062745,4122,0.3152007,-0.42628406419605225,0.0,0.0,-0.16714094553888026,1.436632384041398,0.0,-0.20426443844448472,-0.0010843526892986334,-0.012382648852511887,-0.44325956829832097,-0.03596780893470494,-0.5,3800,-0.026442000344304568,0.577503839,0.0,-0.010014190812297683,-34.075165557861325,0.9958020448684692,0.6374384254217148,0.2,-0.2072771191596985,0.242138671875,16201,0.000262175916,0.019950535,-0.0041407185140997175,1.001828670501709
-0.0022464136459209353,0.2154585274186158,-0.21324880232581522,-0.07972111328169111,-86.89321152000001,75685032,72.291625,0.0,75.41048459651553,-0.007454427083333369,0.001453449794401725,0.07343816081952449,-0.11069692842790403,-3.275199313886857e-08,0.0,0.0,8.570716522150652,851,244.43,-0.17134531823850693,0.01,-0.014333196428631885,-0.1797169750186961,0.0,-0.0027749200398743726,4122,0.3152775,-0.4328151376958422,0.0,0.0,-0.17034175689936626,1.4478601713718513,0.0,-0.20294120344490688,-0.0013237320981112138,-0.01315575946533695,-0.45229683895541634,-0.03637651638387076,-0.5,3805,-0.026075454041560028,0.577486175,0.0,-0.009226840005592547,-34.08045558929443,0.9986740350723267,0.30266214832663535,0.2,-0.2460731863975525,0.24410400390625,16205,0.0002621667,0.026993752,-0.012648294877726585,1.0024727582931519
-0.002192860945008851,0.22440795677351755,-0.2165204406638842,-0.07948015644086942,-86.40395597000001,75703464,72.303145,0.0,78.54278487073114,-0.007335069444444489,0.0014708108824884726,0.07411422011166581,-0.11056993549570647,-3.260011378912864e-08,0.0,0.0,9.340780835831211,852,242.91,-0.16571319314576397,0.01,-0.014000078309345076,-0.18104898056332266,0.0,-0.002371797109514714,4122,0.3153543,-0.42075799073480424,0.0,0.0,-0.16630277862228252,1.4737078958161371,0.0,-0.19633237795844896,-0.0009088134018756304,-0.012529937830464053,-0.4459654286326582,-0.03569069615756431,-0.5,3809,-0.026969467400569963,0.577468511,0.0,-0.008485196455795731,-34.08074779510498,0.9991788864135742,0.22951504737138748,0.2,-0.20980949699878693,0.27279052734375,16209,0.000262157484,0.028771877,-0.015427835343871266,1.0021544694900513
-0.0021891164407456,0.22413894057041558,-0.21270599716427105,-0.07937656714606454,-86.99735575999999,75721896,72.314665,0.0,78.44862919964545,-0.007313368055555606,0.001624890784215596,0.07228673048496378,-0.11058967580531762,-3.200804174505674e-08,0.0,0.0,9.361687002824631,853,244.33,-0.16703240571639144,0.01,-0.013981936807509405,-0.1772497777189156,0.0,-0.003095930591883205,4122,0.3154311,-0.41688747434271006,0.0,0.0,-0.16540815078030044,1.4697680134323385,0.0,-0.1994372702886248,-0.0010756337633378462,-0.012256546495109825,-0.43889640614399067,-0.03628285394555372,-0.5,3813,-0.026680773537442744,0.577450847,0.0,-0.009880998027963668,-34.08169651031494,0.9994585514068604,0.15010443031787873,0.2,-0.30501577258110046,0.29754638671875,16213,0.000262148268,0.030557299,-0.01661338408011943,1.0025967359542847
-0.002276139674468733,0.22310001456497966,-0.22532590583642806,-0.08204718100686043,-86.72715739000003,75740328,72.32618500000001,0.0,78.08500509774288,-0.007378472222222264,0.0009483502168829242,0.07137342548557336,-0.11051606717649455,-3.4019668430906296e-08,0.0,0.0,9.322080154028127,854,241.9,-0.17026959897458932,0.01,-0.014481990801387706,-0.19021184541026862,0.0,-0.002158245137043245,4122,0.3155079,-0.4393562938964982,0.0,0.0,-0.17124361672031124,1.471159369049688,0.0,-0.2066949901548788,-0.00090534506789017,-0.012417771984338214,-0.4643558988484176,-0.03634998591224551,-0.5,3818,-0.027796547793688564,0.577433183,0.0,-0.008412226103246212,-34.07388763427734,0.9995660781860352,0.1229674130678177,0.2,-0.3081710934638977,0.29434814453125,16217,0.000262139052,0.029303882,-0.014226682216394693,1.0019091367721558
-0.0022433913496417842,0.223704395185097,-0.2171456257612478,-0.08169244264277231,-87.19731835,75758760,72.337705,0.0,78.29653831478394,-0.007389322916666708,0.001300997711950913,0.07368519259552987,-0.11083127043758306,-3.202914677378915e-08,0.0,0.0,9.203381767668976,855,238.32,-0.1632497977926448,0.01,-0.014408757651210156,-0.1854757632701352,0.0,-0.002447999901508439,4122,0.3155847,-0.42948549136056574,0.0,0.0,-0.17065896930325405,1.462115747388008,0.0,-0.20690438909682787,-0.001401402844937418,-0.013561313373221584,-0.4548721089656938,-0.036130258691504026,-0.5,3822,-0.026470820311333642,0.577415519,0.0,-0.008062970805137107,-34.07207145690918,0.9990896582603455,0.2627156302332878,0.2,-0.21337181329727173,0.329296875,16221,0.00026212983599999996,0.035526086,-0.012520372937433421,1.0022032260894775
-0.002235463051192246,0.22101385677530072,-0.2255178318482892,-0.08418250140159965,-87.08682707999998,75777192,72.34922499999999,0.0,77.35484987135526,-0.007128906250000057,0.0014057071109871483,0.07493236160486615,-0.11064645947647232,-3.1455696465088423e-08,0.0,0.0,9.042717722543141,856,237.37,-0.1629204263138891,0.01,-0.014211357579653213,-0.19090585186379158,0.0,-0.002418440647271602,4122,0.3156615,-0.42494549291169015,0.0,0.0,-0.1675246171866627,1.4988689283194079,0.0,-0.20468594655310127,-0.00140044582990718,-0.013191649224531705,-0.44218876973320786,-0.035769696911527114,-0.5,3827,-0.027802881633698942,0.5773978550000001,0.0,-0.008142044845347604,-34.07368621826172,0.9877505898475647,2.6487203896045686,0.2,0.39984336495399475,0.32093505859375,16225,0.00026212062,0.034378696,-0.0036145561607554555,1.0016318559646606
-0.0022232935978576617,0.22550066114314604,-0.22253939073604354,-0.0806702460381625,-87.23067749999998,75795624,72.36074500000001,0.0,78.92523140010111,-0.007009548611111176,0.00119086333628123,0.07340325651844051,-0.11071666140004861,-3.185787678552509e-08,0.0,0.0,9.49638151867671,857,243.03,-0.1694666051383908,0.01,-0.014276295971753934,-0.1857885615615401,0.0,-0.004432576441589838,4122,0.3157383,-0.4284662157879676,0.0,0.0,-0.16982834735417074,1.4686679816178483,0.0,-0.20333879169172478,-0.001438187745502027,-0.013940411634475671,-0.450162905267221,-0.0359538605696287,-0.5,3831,-0.026980863122441363,0.577380191,0.0,-0.00941821772883284,-34.069875717163086,0.9983199238777161,0.40538043826818465,0.2,-0.24146899580955505,0.1855712890625,16229,0.000262111404,0.023484882,-0.015980732184834777,1.0015279054641724
-0.0022363653102778227,0.22913116772789952,-0.2259060963452461,-0.08387998844456933,-86.52680418000001,75814056,72.372265,0.0,80.19590870476483,-0.007052951388888949,0.0014626733027398586,0.0742831193313816,-0.1106187065486823,-3.2456713589604264e-08,0.0,0.0,9.662836184644638,858,238.9,-0.16330397159467072,0.01,-0.014415421543326479,-0.18967079799147737,0.0,-0.0023720583889871006,4122,0.3158151,-0.43343530775173206,0.0,0.0,-0.17041313852687112,1.4803206029465306,0.0,-0.20602332303166423,-0.0012930848170347783,-0.013722181652128927,-0.45374750016658616,-0.036238223548472163,-0.5,3835,-0.027408263908678003,0.577362527,0.0,-0.007597206377087989,-34.08266468048096,0.9988979697227478,0.29037110731005666,0.2,-0.25875651836395264,0.2770263671875,16233,0.000262102188,0.030609768,-0.014975487277843058,1.0027098655700684
-0.0022597277293875187,0.22935401908540043,-0.2301980334218383,-0.08482407535964508,-86.44509058,75832488,72.383785,0.0,80.27390667989015,-0.0076171875000000345,0.0014811193007820596,0.07488123619900565,-0.11069877485894114,-3.2029926325537346e-08,0.0,0.0,9.851505185777402,859,240.12,-0.1644676865518551,0.01,-0.014543256076557978,-0.19297563729045641,0.0,-0.0018240038082772776,4122,0.3158919,-0.4419994509918801,0.0,0.0,-0.1725698783011533,1.4712087343717655,0.0,-0.21133459785705908,-0.0010058396034930174,-0.01360691159697286,-0.4613259633304041,-0.036430024154945,-0.5,3840,-0.02784271739591916,0.577344863,0.0,-0.00827889847924881,-34.06422424316406,0.9931382536888123,2.0797522408621654,0.2,0.8626043200492859,0.21383231026785715,16235,0.000262092972,0.041814912,0.0013700323844594614,1.0007908344268799
-0.002282591805138965,0.23166103845928476,-0.22628109951174227,-0.08079001219885075,-86.55794626999999,75850920,72.39530500000001,0.0,81.08136346074967,-0.006987847222222288,0.0009440102148801088,0.07258213717351256,-0.11080099601969101,-3.166112253579266e-08,0.0,0.0,9.935672763611766,860,240.36,-0.1677398905174877,0.01,-0.014495901641991339,-0.18975364069938128,0.0,-0.0028047560648067848,4122,0.3159687,-0.4350589642664946,0.0,0.0,-0.17144137021627626,1.4699285172784844,0.0,-0.20712119745888227,-0.0015255222105027646,-0.013807018278046403,-0.467788043931474,-0.035823314808347245,-0.5,3844,-0.02712007803342141,0.577327199,0.0,-0.00837886032079243,-34.08233757019043,0.9978188872337341,0.6111204534769058,0.2,-0.14204376935958862,0.2842041015625,16239,0.000262083756,0.02662549,-0.009944095567334443,1.0025575160980225
-0.002167319356862466,0.22550720331917093,-0.21933022253066184,-0.08033730770404723,-87.51703298000002,75869352,72.406825,0.0,78.92752116170982,-0.006987847222222286,0.0016384545726598138,0.07408764500140688,-0.11078740863145016,-3.057125632870125e-08,0.0,0.0,9.240784092458659,861,240.97,-0.16104767297000228,0.01,-0.013887572991272627,-0.1829017990952864,0.0,-0.004238054954290968,4122,0.3160455,-0.421196953426217,0.0,0.0,-0.16425201746759302,1.4714476562057726,0.0,-0.19426443911391872,-0.0013677818517732244,-0.01390579010680511,-0.4420420551695016,-0.03561391643991766,-0.5,3849,-0.026662944434698726,0.577309535,0.0,-0.009279329565793483,-34.076115417480466,0.9970613121986389,0.8446398511528969,0.2,0.17124226689338684,0.291455078125,16243,0.00026207454,0.027791742,-0.0076343950117006894,1.001837968826294
-0.0021837846441634754,0.22985190671696207,-0.2243715236589598,-0.08184839589953552,-87.32997205999999,75887784,72.418345,0.0,80.44816735093673,-0.006966145833333399,0.0012885198035898309,0.07228111919954978,-0.11059154282213186,-3.000116519479158e-08,0.0,0.0,9.934258319818781,862,242.29,-0.16494467087671336,0.01,-0.014090174459561292,-0.18552231144121403,0.0,-0.004264321187484408,4123,0.3161223,-0.4197513236615279,0.0,0.0,-0.1674798377733518,1.4859577181587944,0.0,-0.20033801558313205,-0.0016067965097665542,-0.0136386701262555,-0.44643321695367416,-0.03586011400989781,-0.5,3853,-0.027517679441825538,0.577291871,0.0,-0.00971606810667759,-34.074882125854494,0.9941333532333374,1.7164348632097244,0.2,0.23994234204292297,0.212353515625,16247,0.00026206532399999997,0.025154699,-0.0069144770794082435,1.001997947692871
-0.00225519825486943,0.2260978154636692,-0.22411380855550617,-0.08197925817857661,-88.17199858000002,75906216,72.429865,0.0,79.13423541228421,-0.00718315972222228,0.0013579641171317133,0.06864147064555041,-0.11042556089450105,-3.235760018475478e-08,0.0,0.0,9.472742350022372,863,240.15,-0.17459778520602198,0.01,-0.014537876063982914,-0.18647078904126319,0.0,-0.004579593441452392,4123,0.3161991,-0.43424639274737303,0.0,0.0,-0.17165943500716352,1.4601564570721117,0.0,-0.20714636566735328,-0.0017643652560241667,-0.013811725737304976,-0.4599048186567558,-0.03671611791540341,-0.5,3857,-0.02749947516882498,0.577274207,0.0,-0.010472630828088667,-34.078426361083984,0.9930800795555115,1.8806097507476807,0.2,0.2293335199356079,0.1794189453125,16251,0.000262056108,0.027516037,-0.006915561854839325,1.002063274383545
-0.00228423601682857,0.22614438119001007,-0.2262035325235066,-0.08457777746325154,-87.76271376000001,75924648,72.441385,0.0,79.15053341650352,-0.0073676215277778245,0.0013161888798802262,0.07224936366609264,-0.11053827326432374,-3.221408014592791e-08,0.0,0.0,9.487834660605197,864,238.19,-0.1676137040621008,0.01,-0.01477401708905869,-0.18904998608235687,0.0,-0.0030335473649940378,4123,0.3162759,-0.444846101911161,0.0,0.0,-0.1757223740480884,1.443564156328096,0.0,-0.21132581449570592,-0.0012560053097262294,-0.014713479628544706,-0.4718975409899746,-0.03610210409352777,-0.5,3862,-0.0269876063748034,0.5772565430000001,0.0,-0.00868403552319958,-34.068664360046384,0.9845770597457886,3.4057979941368104,0.2,1.5017908811569214,0.11109619140625,16255,0.000262046892,0.013076568,-0.007070659601595253,1.0010842084884644
-0.002261281677887165,0.22814140509215178,-0.2255957927426584,-0.08352706785472376,-87.31332570999999,75943080,72.452905,0.0,79.84949178225312,-0.007150607638888943,0.0011686195502988994,0.0713945134666012,-0.11059269236181596,-3.223043877751436e-08,0.0,0.0,9.662821595826983,865,238.85,-0.16852330367467747,0.01,-0.014679827390480512,-0.18679521368111615,0.0,-0.003150529438725868,4123,0.3163527,-0.4337790099400334,0.0,0.0,-0.17381593487326938,1.478451162786127,0.0,-0.2052834417370468,-0.0015349855860817803,-0.01447797755099451,-0.4644846881405003,-0.0362435421816163,-0.5,3866,-0.02727564177461723,0.577238879,0.0,-0.009234028121378893,-34.064986610412596,0.992537796497345,1.8771361708641052,0.2,0.9543410539627075,0.0811279296875,16259,0.000262037676,0.010774505,-0.010600558901205658,1.0009742975234985
-0.0022062978400852378,0.22600582296377508,-0.2240318307709636,-0.0843103243555266,-87.98421201,75961512,72.464425,0.0,79.10203803732128,-0.0069986979166667285,0.001191405708798104,0.07301279255643157,-0.1106933017702089,-3.1396565184934977e-08,0.0,0.0,9.575274669930762,866,240.03,-0.1657115852905237,0.01,-0.0142318968231999,-0.1885835347958749,0.0,-0.003248350334151827,4123,0.3164295,-0.42346384217919464,0.0,0.0,-0.1680854384733748,1.4861733769567325,0.0,-0.20085967951347355,-0.0011504840634327833,-0.013537333086331873,-0.4579216367234239,-0.03581290157513139,-0.5,3871,-0.027075038651202126,0.577221215,0.0,-0.009311746110648124,-34.0636848449707,0.9837736487388611,4.249695253372193,0.2,1.1278839111328125,0.0715576171875,16263,0.00026202846,0.011226216,-0.009281449648551644,1.0007641315460205
-0.002210338849048801,0.2346622255031118,-0.22537598962057726,-0.08500877906371962,-86.47982171,75979944,72.475945,0.0,82.13177892608913,-0.006901041666666732,0.0012760413551910056,0.07302432280252144,-0.11066013878685824,-3.165680558759465e-08,0.0,0.0,10.460002592311406,867,242.98,-0.1581735370204815,0.01,-0.014239758740186369,-0.19151748106767977,0.0,-0.003415262887735159,4123,0.3165063,-0.4274687439427263,0.0,0.0,-0.1681904952549987,1.4856409769313088,0.0,-0.2030736658787242,-0.0016175676219683944,-0.014143506175012767,-0.4452507471242933,-0.035802500143710204,-0.5,3875,-0.02773651919562615,0.577203551,0.0,-0.009158072782964963,-34.06276931762695,0.9898948073387146,2.58432394862175,0.2,1.332463026046753,0.0928466796875,16267,0.000262019244,0.01316418,-0.010383425827603788,1.0007760524749756
-0.002265251278868171,0.22586618177617573,-0.22880503771469193,-0.08519424637765148,-86.35078064,75998376,72.487465,0.0,79.05316362166151,-0.006911892361111178,0.0010101994751797367,0.07066495145168718,-0.11060157891481076,-3.285188798925017e-08,0.0,0.0,9.343507834807466,868,242.47,-0.16375894640565536,0.01,-0.01459242685747713,-0.19200608278659928,0.0,-0.003712666812255542,4123,0.3165831,-0.43145181674960936,0.0,0.0,-0.1720323084478301,1.4825499015978343,0.0,-0.20729854937060924,-0.0015632816489857821,-0.013322247405670189,-0.46299000660951706,-0.035894750724130946,-0.5,3880,-0.028336985672656776,0.577185887,0.0,-0.008991650748713356,-34.06636562347412,0.9977685213088989,0.39679505079984667,0.2,-0.20252534747123718,0.1670166015625,16271,0.00026201002799999996,0.02038119,-0.013023669086396693,1.0012563467025757
-0.0022961340180304556,0.2310487519415434,-0.22734849561193402,-0.08515760519693749,-86.49785764,76016808,72.498985,0.0,80.86706317954018,-0.0071614583333333886,0.0012820091700026144,0.07059564227264785,-0.11088426734083374,-3.347433218975247e-08,0.0,0.0,10.003964936800541,869,241.58,-0.1623030643175039,0.01,-0.014643947621709098,-0.19252633888022586,0.0,-0.002903591092937615,4121,0.3166599,-0.4322168708402671,0.0,0.0,-0.17112193733869074,1.481968057044558,0.0,-0.21472766969851087,-0.0014128452088808354,-0.014145041529200292,-0.47123387803467875,-0.03615376225501633,-0.5,3886,-0.02742403315638339,0.577168223,0.0,-0.008044660492386255,-34.07135982513428,0.9993162155151367,0.17011568397283555,0.2,-0.29591822624206543,0.25645751953125,16275,0.000262000812,0.02983585,-0.015227064723148942,1.001579999923706
-0.002223194870026769,0.2238519468880297,-0.22458534821988074,-0.08460511780529797,-86.58936252000001,76035240,72.510505,0.0,78.3481814108104,-0.0070095486111111755,0.0012679031804307466,0.07231746088592189,-0.11062617477202927,-3.1962805565533744e-08,0.0,0.0,9.281957996691855,870,242.51,-0.16025566749346257,0.01,-0.01437310890881436,-0.18840612712420904,0.0,-0.003015069267087349,4121,0.3167367,-0.42024328950587,0.0,0.0,-0.16814095269144416,1.504375477313141,0.0,-0.20102921644048083,-0.0012627412638206215,-0.014340846608112686,-0.45285524641162095,-0.03548864535432171,-0.5,3890,-0.02766524172091698,0.577150559,0.0,-0.008730421778939975,-34.07567291259765,0.9988450407981873,0.269510567933321,0.2,-0.2509523332118988,0.29765625,16279,0.000261991596,0.03308604,-0.014837447856552898,1.0022716522216797
-0.0022164676812268663,0.23321815628933348,-0.2152919555693903,-0.08123541942869768,-87.36041042000001,76053672,72.52202500000001,0.0,81.62635470126672,-0.007074652777777837,0.0013731548032309446,0.0703233994912673,-0.11049505950879161,-3.1266074172989017e-08,0.0,0.0,9.954487192718648,871,243.06,-0.16568548939532435,0.01,-0.014184692812299803,-0.1805439492554779,0.0,-0.004088478445390194,4121,0.3168135,-0.4191104110013705,0.0,0.0,-0.16664129682461254,1.4585352530888853,0.0,-0.20069719713883866,-0.0013326245366210893,-0.01395881548904301,-0.44429534200348675,-0.03616955838439263,-0.5,3895,-0.026246686768744126,0.577132895,0.0,-0.010080515229169073,-34.07932186126709,0.9992234110832214,0.21238115653395653,0.2,-0.2692078948020935,0.29656982421875,16283,0.00026198238,0.03229442,-0.01452432586811483,1.002238154411316
-0.0021961626055522904,0.22099144569037837,-0.22358143743650036,-0.08433540745550151,-87.41239912000003,76072104,72.533545,0.0,77.34700599163243,-0.007031250000000063,0.001593424230425929,0.06713990554490902,-0.11044979482817284,-3.0537379957436746e-08,0.0,0.0,8.97860507757577,872,245.18,-0.16412481101379248,0.01,-0.014150684239571906,-0.18998300950647273,0.0,-0.004656234917435894,4121,0.3168903,-0.4233678491108445,0.0,0.0,-0.16699604586205397,1.4765005002159262,0.0,-0.2007059923482697,-0.0011306732329700374,-0.013970586190832237,-0.4464369676990098,-0.03642383883461478,-0.5,3899,-0.02749534375045185,0.5771152310000001,0.0,-0.010041452420409769,-34.057062421526226,0.9960521459579468,0.8948750410761152,0.2,-0.08907899260520935,0.25355747767857145,16285,0.000261973164,0.04796806,0.004085025284439325,1.000340461730957
-0.002273602734725043,0.226759910063328,-0.2252670790309636,-0.08303670163547378,-88.00572720999999,76090536,72.545065,0.0,79.36596852216479,-0.00711805555555561,0.0010791013062569415,0.0660375080328974,-0.11031172700219118,-3.362126711290585e-08,0.0,0.0,9.501775795502596,873,243.59,-0.16934943128352872,0.01,-0.014465811644797683,-0.19109133117287644,0.0,-0.004685800291427706,4121,0.3169671,-0.43256707830115215,0.0,0.0,-0.16996643017805912,1.4612580434092413,0.0,-0.21204971061945474,-0.0015471744345737326,-0.014050472906827581,-0.4647399558969048,-0.036684325261365246,-0.5,3903,-0.027538418224064685,0.577097567,0.0,-0.010095570718274556,-34.07346935272217,0.9979422688484192,0.5047327123582364,0.2,-0.11586436629295349,0.19747314453125,16289,0.000261963948,0.02225296,-0.012410919513786211,1.0020949840545654
-0.0022505572850286446,0.2259610171773915,-0.2247767646897418,-0.0844902666520898,-87.18481753,76108968,72.556585,0.0,79.08635601208702,-0.007009548611111174,0.001335177738736901,0.07002452634761032,-0.1106370820832201,-3.2684242247711266e-08,0.0,0.0,9.458539123541033,874,243.8,-0.1600829424852269,0.01,-0.014540908570029046,-0.18651599607839492,0.0,-0.003897448952791299,4121,0.3170439,-0.4333582057288019,0.0,0.0,-0.1711313544484903,1.4713298798621586,0.0,-0.20538811493626913,-0.0012235095828642076,-0.01450179686327813,-0.45136737863182724,-0.03704484123678212,-0.5,3908,-0.027111767520029587,0.577079903,0.0,-0.009017828992606761,-34.07824535369873,0.9963600635528564,0.7315384075045586,0.2,-0.10146710276603699,0.24112548828125,16293,0.000261954732,0.02203213,-0.00947837916901335,1.0020394325256348
-0.002213526363238763,0.22652574464559092,-0.22422258515475268,-0.08347822752107066,-86.85329991999998,76127400,72.568105,0.0,79.28401062595682,-0.00684678819444451,0.0008789061167691317,0.07109835376807058,-0.1105564564076029,-3.1538248666782226e-08,0.0,0.0,9.471572086022233,875,243.04,-0.16285117963255352,0.01,-0.01425617755692404,-0.18970382786149875,0.0,-0.004124717513580562,4121,0.3171207,-0.4256248933021051,0.0,0.0,-0.16866661618310183,1.469706154852278,0.0,-0.20269465090798985,-0.0013612983044948188,-0.013677791529256435,-0.45084597259117687,-0.03624720417769908,-0.5,3912,-0.0272831182008136,0.577062239,0.0,-0.009214632943945212,-34.07617073059082,0.9990519285202026,0.24334562420845032,0.2,-0.28501033782958984,0.23443603515625,16297,0.00026194551599999997,0.025412178,-0.017477320181205867,1.0019301176071167
-0.002216254666027104,0.22641757068776824,-0.22607249020658532,-0.08377559875004424,-87.27865124,76145832,72.579625,0.0,79.24614974071889,-0.006890190972222286,0.0011149086672554,0.06989416046159398,-0.110609340701866,-3.306975466200047e-08,0.0,0.0,9.537759682407852,876,244.1,-0.1624427256286785,0.01,-0.014269634012206246,-0.1888760794525811,0.0,-0.004245901987332066,4121,0.3171975,-0.4220980369280879,0.0,0.0,-0.16882655049704223,1.4710993613148962,0.0,-0.20317170240281046,-0.0010304442594123954,-0.01288781862348604,-0.4478077876269508,-0.036118695447933974,-0.5,3917,-0.027012533211541158,0.577044575,0.0,-0.008998298488828974,-34.07701740264893,0.9985986948013306,0.3718183547258377,0.2,-0.21163992583751678,0.26304931640625,16301,0.0002619363,0.031516295,-0.01335273717995733,1.002259373664856
-0.0021992730243464535,0.23416227095636266,-0.2260257016001848,-0.08332577302608786,-87.23250071000001,76164264,72.59114500000001,0.0,81.95679483472694,-0.006662326388888952,0.0009781898633163008,0.07130973445808325,-0.1105814765869676,-3.181847856773255e-08,0.0,0.0,10.27948625960353,877,244.12,-0.1636494907007253,0.01,-0.014185277496936821,-0.18542279887426796,0.0,-0.004429860577057099,4122,0.3172743,-0.4122050054143462,0.0,0.0,-0.16653504946119627,1.4924667494309503,0.0,-0.20187535636205603,-0.0014483541070577778,-0.01253574038586724,-0.43415293417194556,-0.035438817357401356,-0.5,3921,-0.027496574844812504,0.577026911,0.0,-0.009628991657842157,-34.078280448913574,0.9980891346931458,0.4165473088622093,0.2,-0.19115863740444183,0.25726318359375,16305,0.000261927084,0.028601345,-0.01283423367422074,1.0021241903305054
-0.002236741697182249,0.22513588963197842,-0.2282512453920621,-0.08627972932819367,-86.75262794,76182696,72.602665,0.0,78.79756137119244,-0.007074652777777841,0.000843641399923298,0.07111351527807086,-0.11061149826803615,-3.188812851709558e-08,0.0,0.0,9.315018482018235,878,240.43,-0.15583171126185846,0.01,-0.014384899533234331,-0.19240617058592233,0.0,-0.0034171634406040285,4122,0.3173511,-0.43228339932470544,0.0,0.0,-0.16921627795275887,1.4821109897774478,0.0,-0.20048171872441525,-0.0017903138729622378,-0.01394332468109144,-0.44476316593871307,-0.03623864269757066,-0.5,3926,-0.02777887778474579,0.577009247,0.0,-0.007828596867814971,-34.08036231994629,0.9986304044723511,0.37077920138835907,0.2,-0.2074429988861084,0.26319580078125,16309,0.000261917868,0.028881704,-0.016210453351959586,1.0022966861724854
-0.0022776776352250523,0.2238645410805338,-0.22748532244615127,-0.0840078328525436,-86.1299304,76201128,72.61418499999999,0.0,78.35258937818683,-0.007204861111111165,0.0009689666169126414,0.07062624570055055,-0.1107248383513351,-3.3004154931609596e-08,0.0,0.0,9.239231153985896,879,241.04,-0.16568882217946307,0.01,-0.01466272287472362,-0.1893491459314075,0.0,-0.002290604021896779,4122,0.3174279,-0.43190691926161234,0.0,0.0,-0.17238270922873392,1.4862986950417887,0.0,-0.2060933519922852,-0.0014737112274671891,-0.013773658401873258,-0.46263254473625626,-0.03670169940570764,-0.5,3930,-0.027575902099265436,0.576991583,0.0,-0.008652024968695413,-34.07876834869385,0.9960699677467346,0.8884087175130844,0.2,-0.025509536266326904,0.23463134765625,16313,0.000261908652,0.03624586,-0.009387938026338815,1.002251148223877
-0.0022226064695869832,0.22816998137823125,-0.2248938165024304,-0.0854310988511472,-86.85696144999999,76219560,72.625705,0.0,79.85949348238094,-0.0071180555555556135,0.0009337018903655311,0.07209360504428146,-0.11050924631667586,-3.122036063384823e-08,0.0,0.0,9.667004842344124,880,241.44,-0.16526494410017542,0.01,-0.014346704381085663,-0.18666420761806507,0.0,-0.0028376541012260985,4122,0.3175047,-0.4271459141851076,0.0,0.0,-0.17068487854142725,1.4668166345845517,0.0,-0.20639098868246636,-0.0011967605892869763,-0.01347710385522317,-0.448702646486647,-0.03651580140995497,-0.5,3934,-0.027213882799486253,0.5769739190000001,0.0,-0.008772332997371754,-34.081260681152344,0.9987898468971252,0.33417287841439247,0.2,-0.23642711341381073,0.26641845703125,16317,0.000261899436,0.03083742,-0.016551433829590678,1.0023585557937622
-0.002240374461183682,0.2325210870379089,-0.22966374943913426,-0.08533538365025221,-86.8220622,76237992,72.637225,0.0,81.38238046326812,-0.0072265625000000515,0.0011008021893859324,0.07182481121132969,-0.11061712431699354,-3.3400609342039495e-08,0.0,0.0,10.207966646899651,881,240.52,-0.1646398402073874,0.01,-0.014535555500171774,-0.1921171590677969,0.0,-0.0029235228786541794,4122,0.3175815,-0.43176356232768087,0.0,0.0,-0.17126326700989872,1.4940042967503193,0.0,-0.20394836819362128,-0.0013126150171159077,-0.013973970562470005,-0.4584160096645767,-0.03614763271071245,-0.5,3939,-0.027984011551291193,0.576956255,0.0,-0.00889182478972038,-34.074316787719724,0.9913322329521179,1.6945345193147658,0.2,0.2282586693763733,0.2982666015625,16321,0.00026189021999999996,0.027426373,-0.005387971136951819,1.001633644104004
-0.0022604125009412575,0.22820979369688357,-0.22619774173377546,-0.08585249262295838,-87.51510944,76256424,72.64874499999999,0.0,79.87342779390924,-0.0071831597222222765,0.0009678814902953389,0.07047882450075484,-0.11072958829301806,-3.3198652310827925e-08,0.0,0.0,9.580960541376545,882,240.85,-0.16716042649156027,0.01,-0.014511416554893582,-0.18989233390918622,0.0,-0.002767027270093911,4122,0.3176583,-0.4338698751799843,0.0,0.0,-0.17170371213873745,1.4704542883979417,0.0,-0.2081180677544484,-0.0010474490204668392,-0.014438226340470104,-0.4670314839413831,-0.0362436519235435,-0.5,3943,-0.027372922950024133,0.576938591,0.0,-0.008679831046417045,-34.07023906707764,0.9967305660247803,0.7850848972797394,0.2,-0.12492626905441284,0.14176025390625,16325,0.000261881004,0.01753279,-0.011370588693534956,1.0013818740844727
-0.0022257847338187325,0.22484486896967218,-0.2308513821286038,-0.08645769687053081,-87.37322592999999,76274856,72.660265,0.0,78.69570413938526,-0.006759982638888955,0.0009293615197141966,0.07110568173646771,-0.11078038852991373,-3.0729645937675174e-08,0.0,0.0,9.389642893683952,883,241.31,-0.1625225091244419,0.01,-0.014357748019290913,-0.1944273301683433,0.0,-0.0035161956620452387,4122,0.3177351,-0.4263610728025808,0.0,0.0,-0.16950247817951478,1.494800986803982,0.0,-0.20428020860195525,-0.0012822291750561627,-0.0139701348766029,-0.4497809325892724,-0.03573777395022716,-0.5,3948,-0.028312232329706373,0.576920927,0.0,-0.009058382413867447,-34.06685237884521,0.9902989864349365,2.0846892476081846,0.2,0.33423495292663574,0.1395751953125,16329,0.000261871788,0.015567909,-0.0070001375977881255,1.0010164976119995
-0.002250103798163127,0.23319641778453348,-0.22789734953782503,-0.08526299275150276,-86.62496478999999,76293288,72.671785,0.0,81.61874622458672,-0.006857638888888953,0.0008317053305088646,0.06969385107272962,-0.11069304446445619,-3.2063070450855464e-08,0.0,0.0,10.155805125689705,884,242.72,-0.16428222132642353,0.01,-0.014477382232022178,-0.1900251191300306,0.0,-0.0034803055990197448,4122,0.3178119,-0.43274637379848796,0.0,0.0,-0.1706306997999999,1.4763681260388588,0.0,-0.20689276039327503,-0.0012612398163482105,-0.014732695336568655,-0.46058767659971817,-0.03605320642948854,-0.5,3952,-0.027574817205554675,0.576903263,0.0,-0.00907248878017223,-34.06954860687256,0.9986080527305603,0.3068187303841114,0.2,-0.2319127917289734,0.196728515625,16333,0.000261862572,0.02305991,-0.01890070376684889,1.0014851093292236
-0.0022239506218274655,0.2287817898990297,-0.2207415901188757,-0.08237646184266946,-86.35638955000002,76311720,72.683305,0.0,80.07362646466039,-0.006922743055555619,0.0011138233886514273,0.07262684626970554,-0.1108920808693734,-3.0855515206813526e-08,0.0,0.0,9.965530840454944,885,242.96,-0.1610567096704209,0.01,-0.014243845711775489,-0.18373591034249762,0.0,-0.003482286398829542,4122,0.3178887,-0.42320432646567424,0.0,0.0,-0.16634417380819191,1.4723620977740277,0.0,-0.20106118080577698,-0.0014495622914482515,-0.013765844077245189,-0.44995602803538365,-0.03604125104448121,-0.5,3956,-0.026435795088144195,0.576885599,0.0,-0.009156581706419174,-34.07918796539307,0.999082624912262,0.22640718892216682,0.2,-0.2695017158985138,0.24144287109375,16337,0.000261853356,0.026981127,-0.017076456965878607,1.0023455619812012
-0.0021929351104416207,0.22616267588454814,-0.22594758680364693,-0.08442292824231763,-86.58503847999998,76330152,72.69482500000001,0.0,79.15693655959184,-0.006868489583333399,0.0008387583786518209,0.07231295015052992,-0.11078700081060595,-3.0872797451686585e-08,0.0,0.0,9.417383803708567,886,242.49,-0.16124091304203494,0.01,-0.014082103656684667,-0.19222773080749145,0.0,-0.0024651643246695705,4122,0.3179655,-0.41849953779967924,0.0,0.0,-0.16706125089560273,1.5094130166809814,0.0,-0.19781285839487162,-0.0010910348842608157,-0.01384313228850666,-0.44572774461868125,-0.035501262227743614,-0.5,3961,-0.027653473740219703,0.576867935,0.0,-0.00885954362133311,-34.085807991027835,0.9994192719459534,0.15529673993587495,0.2,-0.3031180202960968,0.29791259765625,16341,0.00026184414,0.031090135,-0.015430568810552358,1.0027730464935303
-0.0022136466606686657,0.23126694301123193,-0.22672487519195147,-0.08599732518049111,-87.05187974,76348584,72.706345,0.0,80.94343005393118,-0.007085503472222282,0.000830620372047027,0.07142559018224123,-0.11079619686222156,-3.244890646642265e-08,0.0,0.0,9.829879848593617,887,241.3,-0.16284940526184352,0.01,-0.014218011069132131,-0.19266438295410712,0.0,-0.0029207672488167635,4122,0.3180423,-0.43034792774935027,0.0,0.0,-0.16875744943817164,1.4744346163604256,0.0,-0.20142411528372672,-0.001189878531972734,-0.013837681319677858,-0.447518479540407,-0.03653359833987217,-0.5,3965,-0.027767654035902808,0.576850271,0.0,-0.009553172819626829,-34.08367786407471,0.9992933869361877,0.18374963030219077,0.2,-0.2912575602531433,0.3019287109375,16345,0.000261834924,0.032950625,-0.015527427266351878,1.002624273300171
-0.0022571468343209216,0.23210267688137232,-0.22349097558521802,-0.08303040894367932,-87.26931621,76367016,72.71786499999999,0.0,81.23593690848031,-0.0072265625000000515,0.0013340926606259826,0.06945190306461549,-0.11070040547975432,-3.287284908593346e-08,0.0,0.0,9.976229423038115,888,243.39,-0.17032988880340383,0.01,-0.014518467562021123,-0.1887954614939052,0.0,-0.0036293091072210387,4122,0.3181191,-0.4386246251772363,0.0,0.0,-0.17239108038594117,1.4415223853854973,0.0,-0.2017817713686944,-0.001080032760441516,-0.013223414331639365,-0.46751446594538276,-0.036275376510229496,-0.5,3970,-0.026831030361368594,0.576832607,0.0,-0.00901579471408493,-34.083432579040526,0.9967464804649353,0.955463533103466,0.2,0.11257311701774597,0.31802978515625,16349,0.00026182570799999997,0.035548527,-0.005990270141046495,1.0025047063827515
-0.0022279492444468195,0.22537343139073882,-0.22007828792436646,-0.08177025173935638,-87.05101756999998,76385448,72.729385,0.0,78.88070098675858,-0.006998697916666731,0.0011051429513220985,0.07016360425654539,-0.11074872206277711,-3.258601990407916e-08,0.0,0.0,9.344566718380113,889,244.39,-0.16721140338687576,0.01,-0.014176400153612585,-0.18515511508855273,0.0,-0.003846153378390182,4122,0.3181959,-0.43036910138466244,0.0,0.0,-0.16804916977169282,1.452540510188892,0.0,-0.19793915811158813,-0.000730725570405397,-0.013158385360608172,-0.4545369859086796,-0.03574326669923926,-0.5,3974,-0.02660738038380644,0.576814943,0.0,-0.009368305725123113,-34.07403202056885,0.9964259266853333,0.6253479972481728,0.2,-0.17330637574195862,0.1769775390625,16353,0.000261816492,0.015353844,-0.00915396271739155,1.001774549484253
-0.002219709339270153,0.2262343588786589,-0.22110913389395317,-0.08219103254813147,-86.79734254999998,76403880,72.740905,0.0,79.18202560753062,-0.006803385416666731,0.00104926204140712,0.0729460502624169,-0.1110075469119772,-3.194175381427523e-08,0.0,0.0,9.592246402803593,890,242.78,-0.15998865494636175,0.01,-0.01418412859288027,-0.1864243612548366,0.0,-0.00230629842096086,4122,0.3182727,-0.4307842788786232,0.0,0.0,-0.16732983078564587,1.4867488300489624,0.0,-0.19554841352739877,-0.0009696096027937123,-0.013417547851055278,-0.4524322911011033,-0.0357726769352393,-0.5,3978,-0.026647200493978326,0.576797279,0.0,-0.007912417754091116,-34.0709342956543,0.9965551495552063,0.823236295580864,0.2,0.06898671388626099,0.18165283203125,16357,0.000261807276,0.019538771,-0.011493190051987767,1.0014982223510742
-0.002167038618608184,0.23075548062380977,-0.2276739394612851,-0.08269880640367727,-86.91532718999999,76422312,72.752425,0.0,80.76441821833342,-0.007020399305555616,0.001032985966756112,0.07247703348371012,-0.11085809168086874,-3.1742908543024225e-08,0.0,0.0,9.798103496408338,891,240.86,-0.15773874513101424,0.01,-0.01403747737537861,-0.18974986273562922,0.0,-0.002589000801996559,4122,0.3183495,-0.4220019989367487,0.0,0.0,-0.16651571457983275,1.4958170501952364,0.0,-0.1911679530805705,-0.0008164706571024993,-0.013318583393701698,-0.4395845297509775,-0.03636428708833364,-0.5,3983,-0.027887714174403985,0.576779615,0.0,-0.008485739041740695,-34.072868537902835,0.9972198605537415,0.5796762809157372,0.2,-0.14778944849967957,0.1814453125,16361,0.00026179806,0.022318002,-0.013415063626598566,1.001638650894165
-0.0022678899637363897,0.22996102430180526,-0.23193048391366342,-0.08620367438413885,-87.15537684000003,76440744,72.763945,0.0,80.48635850563184,-0.007378472222222269,0.001269530731305066,0.07024665424442901,-0.11095319844324705,-3.2967809366567335e-08,0.0,0.0,9.884192974335786,892,242.21,-0.16991779070806143,0.01,-0.014433736591270223,-0.19498612754969802,0.0,-0.0021062582781949815,4122,0.3184263,-0.43409416068708495,0.0,0.0,-0.17167152495782564,1.4732837804181396,0.0,-0.2041601045326226,-0.0011372210517315087,-0.01381608597464996,-0.4686815853721121,-0.036417262221416495,-0.5,3987,-0.028361679056416608,0.576761951,0.0,-0.008524258811828785,-34.074502563476564,0.9985845685005188,0.3438468188047409,0.2,-0.20772667229175568,0.22716064453125,16365,0.000261788844,0.029147368,-0.01517800967558287,1.0019726753234863
-0.0022932353392572566,0.22254772456848881,-0.22253406017587377,-0.08263229846530024,-87.58004297,76459176,72.775465,0.0,77.89170359897109,-0.007530381944444485,0.0011360672619452493,0.07330828138829903,-0.1108707021723237,-3.256520357446751e-08,0.0,0.0,9.072840693568805,893,241.26,-0.17417002810877646,0.01,-0.014714969177437873,-0.18767558771251566,0.0,-0.0024528087694162762,4122,0.3185031,-0.44399138091189916,0.0,0.0,-0.17545893277856084,1.4473290982806875,0.0,-0.20506391244571867,-0.0012449944337624699,-0.013871185371297091,-0.4765432401668209,-0.03630452594574282,-0.5,3992,-0.02671994735854975,0.576744287,0.0,-0.008072466249965752,-34.08346042633057,0.998587965965271,0.3151412710547447,0.2,-0.24749884009361267,0.2691650390625,16369,0.000261779628,0.030012766,-0.014833172166254372,1.0025662183761597
-0.002262794127843286,0.23132303449171973,-0.22216295607089806,-0.08225994843890407,-87.52614498999999,76477608,72.786985,0.0,80.9630620721019,-0.0070746527777778385,0.001245659342708273,0.07287026146209447,-0.11088428442931574,-3.212315420595414e-08,0.0,0.0,10.022553810777257,894,238.22,-0.16693417386684312,0.01,-0.014450803248033467,-0.18712567204464492,0.0,-0.0032550729208663254,4123,0.3185799,-0.4274238189273135,0.0,0.0,-0.17006647160632657,1.4812616711983804,0.0,-0.2012212736753779,-0.0016384816115842674,-0.014066444006246308,-0.4495292725133218,-0.03589058688909344,-0.5,3996,-0.027080328181934493,0.576726623,0.0,-0.008721605976461433,-34.083479499816896,0.9982321262359619,0.425960610806942,0.2,-0.22262145578861237,0.26129150390625,16373,0.00026177041199999996,0.026298586,-0.015781075321137907,1.0025948286056519
-0.00221670848191501,0.2280788023533853,-0.2238429134278809,-0.08164826865902496,-88.09144920000003,76496040,72.798505,0.0,79.82758082368485,-0.007128906250000059,0.001161566502155943,0.07107899324192521,-0.11081352374223832,-3.2292411812246724e-08,0.0,0.0,9.641540768406985,895,238.17,-0.17011592612491908,0.01,-0.014268692271441726,-0.18605097313194346,0.0,-0.003094340011902492,4123,0.3186567,-0.42528376955606684,0.0,0.0,-0.16961200086855252,1.475033180096118,0.0,-0.19981030134363398,-0.0016159755798427437,-0.013373038588594902,-0.45506812430961346,-0.03660323008757628,-0.5,4001,-0.027360854914340156,0.576708959,0.0,-0.009339821411736516,-34.07338905334473,0.9864286780357361,3.0188871741294863,0.2,0.10998964309692383,0.29644775390625,16377,0.000261761196,0.03176538,-0.005146533099468798,1.00149405002594
-0.0022482401344516463,0.2219824947403428,-0.22357753008753958,-0.0819258173280777,-87.01885391,76514472,72.810025,0.0,77.69387315911997,-0.007063802083333396,0.0011848955699760052,0.06822222505484238,-0.11065805338295658,-3.2116934463365954e-08,0.0,0.0,9.0995773769085,896,243.51,-0.16792778181215043,0.01,-0.014319824154844167,-0.18501125331360682,0.0,-0.003141997220170079,4121,0.3187335,-0.42539282646369647,0.0,0.0,-0.16984869375676934,1.4715336521271623,0.0,-0.2012582983547099,-0.001286455745217233,-0.014053245523377346,-0.4522817426167351,-0.03645083513895276,-0.5,4007,-0.027286504556545528,0.576691295,0.0,-0.0095363540846544,-34.063450241088866,0.9929684996604919,1.4919932156801223,0.2,-0.011755287647247314,0.0984130859375,16381,0.00026175198,0.011765222,-0.010287733981385827,1.0008175373077393
-0.0022487510003844358,0.22460166090709627,-0.22395875677382104,-0.08168337114895795,-86.2886772,76532904,72.821545,0.0,78.61058131748369,-0.007367621527777822,0.0014843745577511275,0.07270429299478104,-0.11072974270314852,-3.263003573261316e-08,0.0,0.0,9.41009770987022,897,243.14,-0.1695858381510288,0.01,-0.014354831174753283,-0.1874876064610495,0.0,-0.002532094066387375,4121,0.3188103,-0.42991765282444805,0.0,0.0,-0.1706237576024291,1.4763867275329239,0.0,-0.20295492357322992,-0.0014812654172877216,-0.014101145750096978,-0.46556214378213373,-0.03590240729116419,-0.5,4011,-0.027073059843824937,0.576673631,0.0,-0.008760532530787814,-34.07330741882324,0.9987502098083496,0.252428288012743,0.2,-0.26947370171546936,0.198095703125,16385,0.000261742764,0.023753628,-0.0178703774465248,1.001897931098938
-0.002250880445640133,0.22583261836415777,-0.21830421927825935,-0.08078647074777018,-86.55246595999999,76551336,72.833065,0.0,79.04141642745522,-0.006803385416666731,0.0015391707226323585,0.06997802636823232,-0.11054902196482988,-3.246605177296216e-08,0.0,0.0,9.32928892215315,898,244.23,-0.16935416254774918,0.01,-0.014260518501965145,-0.18123448615444895,0.0,-0.00332918886517948,4121,0.3188871,-0.4240271398004393,0.0,0.0,-0.16776845567861443,1.4707503783231777,0.0,-0.20294368362364998,-0.0010966152148008219,-0.013395517774192574,-0.4493392376443803,-0.03630357847858992,-0.5,4016,-0.02660761359397599,0.576655967,0.0,-0.009605391706120119,-34.07729148864746,0.9986233115196228,0.3001048006117344,0.2,-0.2454734444618225,0.258642578125,16389,0.000261733548,0.028336719,-0.014137545332778246,1.0020298957824707
-0.0022110017047644753,0.22519620083494843,-0.21553122889787096,-0.08062958476106913,-87.41489134999998,76569768,72.844585,0.0,78.81867029223196,-0.007345920138888937,0.001956921927760252,0.07293341861831686,-0.1105960722052054,-3.3373537273296484e-08,0.0,0.0,9.378223878299965,899,244.03,-0.1724087284316816,0.01,-0.01415790415323348,-0.18207346851884654,0.0,-0.0031402734675632267,4121,0.3189639,-0.41806251392763594,0.0,0.0,-0.16796799752336425,1.4665976247780572,0.0,-0.20056810214934118,-0.0011741959750022168,-0.013527813656928936,-0.4519525461115623,-0.036802412458444136,-0.5,4020,-0.02629697206034916,0.576638303,0.0,-0.009584640041187717,-34.075459480285645,0.9993935227394104,0.172221152856946,0.2,-0.29775312542915344,0.28221435546875,16393,0.000261724332,0.029170608,-0.015604931232519447,1.001868486404419
-0.0022622294396414788,0.23104287283645472,-0.22171660764881482,-0.0805798631444169,-88.02694607000001,76588200,72.856105,0.0,80.86500549275915,-0.007345920138888936,0.0020361322935463656,0.06815193046018213,-0.11045464946141229,-3.3497847652457714e-08,0.0,0.0,9.978892314729807,900,242.45,-0.17966244415761976,0.01,-0.01453057953580611,-0.1809001918660463,0.0,-0.004791754387622942,4121,0.3190407,-0.4268070376796016,0.0,0.0,-0.173330400358441,1.4539130611412274,0.0,-0.20855964493227008,-0.0014929831425733254,-0.014000990341187677,-0.4646393692544837,-0.03685281228091958,-0.5,4024,-0.02683221024704662,0.576620639,0.0,-0.010738607905093685,-34.076408576965335,0.9989631772041321,0.2950366124510765,0.2,-0.2208711951971054,0.28489990234375,16397,0.000261715116,0.028951788,-0.013003638107329607,1.0021581649780273
-0.002263240647365626,0.2265198171367073,-0.22331946835896366,-0.0809932502089052,-87.32749918000002,76606632,72.867625,0.0,79.28193599784755,-0.007020399305555619,0.0015950520044296151,0.06679121295118408,-0.1104795323646751,-3.3280224068775644e-08,0.0,0.0,9.554579304690709,901,245.44,-0.17523439004604607,0.01,-0.01453133744557589,-0.1849480129741418,0.0,-0.00537249671031052,4121,0.3191175,-0.42965971010996845,0.0,0.0,-0.17312853388852664,1.4584476111027012,0.0,-0.2071815119513009,-0.0009639284599918267,-0.013446746134917318,-0.46245382371913446,-0.03627629753973908,-0.5,4029,-0.027137283485474544,0.576602975,0.0,-0.00986187535777895,-34.06492652893066,0.9910864233970642,2.405674123764038,0.2,0.5261342525482178,0.292236328125,16399,0.00026170589999999997,0.042196415,0.0017630129237659275,1.000869631767273
-0.0022381546464016696,0.23450772531616015,-0.2237381778721353,-0.08082938604797246,-87.17334591,76625064,72.879145,0.0,82.07770386065606,-0.0072048611111111644,0.0016916230217450196,0.0677051763193382,-0.11069794160949412,-3.220561627279223e-08,0.0,0.0,10.690297455169398,902,245.73,-0.17346906689139863,0.01,-0.0142906964103872,-0.1813577001513812,0.0,-0.004320247964703757,4121,0.3191943,-0.42047297689110313,0.0,0.0,-0.17057797602723845,1.4745574594543749,0.0,-0.20121298337921878,-0.0011108767854407368,-0.01380546113019703,-0.45415274647903886,-0.03625408496594117,-0.5,4033,-0.027032157045209785,0.576585311,0.0,-0.01058859761299876,-34.073751068115236,0.9987077713012695,0.3304450176656246,0.2,-0.2003461718559265,0.2231689453125,16403,0.000261696684,0.024496168,-0.01794036163482815,1.00184166431427
-0.0022032278253532895,0.2272896399387892,-0.21695192665670954,-0.0786951804485,-87.36474911999998,76643496,72.890665,0.0,79.55137397857622,-0.007139756944444504,0.001937391242891964,0.06953038704639025,-0.11053763647290499,-3.372816852625667e-08,0.0,0.0,9.536890902224682,903,246.71,-0.17395639773791635,0.01,-0.014104510603522781,-0.18180195061399845,0.0,-0.005490007917322426,4121,0.3192711,-0.4102098789064904,0.0,0.0,-0.16693560066521906,1.4706007188025298,0.0,-0.1984170982414283,-0.0011859755705665624,-0.013607314902796451,-0.44430945414518047,-0.035879630667906316,-0.5,4038,-0.026689353055463647,0.5765676470000001,0.0,-0.010709718045998469,-34.07849674224853,0.9988256692886353,0.2447894550859928,0.2,-0.2552756071090698,0.26539306640625,16407,0.000261687468,0.033592038,-0.01355434963479638,1.002353549003601
-0.002231799560017619,0.2250293715066668,-0.22401799738124195,-0.08184953087171659,-87.72328739999999,76661928,72.902185,0.0,78.76028002733338,-0.00672743055555562,0.0013661021819441682,0.07009686125966529,-0.11057383423658029,-3.2188437931303534e-08,0.0,0.0,9.28208474478081,904,246.1,-0.17528936279554896,0.01,-0.014226294814243142,-0.18694632024801813,0.0,-0.004975891662878828,4121,0.3193479,-0.42380700994602855,0.0,0.0,-0.16839737137302638,1.4677841470556705,0.0,-0.20226954290961258,-0.0015448540799311997,-0.013579544626074474,-0.45182570468822536,-0.03624778491415778,-0.5,4042,-0.02713542941901409,0.576549983,0.0,-0.010029653379913524,-34.08192176818848,0.9994574785232544,0.155702093988657,0.2,-0.30923527479171753,0.30751953125,16411,0.000261678252,0.03166459,-0.017169618420302867,1.0023956298828125
-0.00224041565413867,0.2312174626547148,-0.22432122267210744,-0.08136847069352374,-87.85036711,76680360,72.913705,0.0,80.92611192915018,-0.007096354166666726,0.00137207010993734,0.06795143752378881,-0.11059701030789534,-3.350717145718142e-08,0.0,0.0,9.881141832903198,905,243.66,-0.1779036882700033,0.01,-0.014420370362536426,-0.1856833485703004,0.0,-0.00460663918648708,4121,0.3194247,-0.4254011613880929,0.0,0.0,-0.17132911318515065,1.4674436337672203,0.0,-0.20539663346121356,-0.0015785109944016456,-0.013710053333344727,-0.4511576550471138,-0.03613843802072926,-0.5,4046,-0.027297996160441814,0.576532319,0.0,-0.010248700341132158,-34.0809606552124,0.9990718960762024,0.27273150384426115,0.2,-0.1980409473180771,0.308203125,16415,0.000261669036,0.031676114,-0.013353293761610985,1.0025174617767334
-0.0022359429579835066,0.23603432645750194,-0.22844518472170863,-0.08269338613528066,-88.08702156,76698792,72.925225,0.0,82.61201426012568,-0.006759982638888953,0.001193033692996121,0.07024992596669204,-0.11059951546433164,-3.2374716870460905e-08,0.0,0.0,10.39834893412046,906,240.67,-0.17144232378914948,0.01,-0.01441175136955884,-0.19161423685052192,0.0,-0.0038433273204645105,4122,0.3195015,-0.43375257721370913,0.0,0.0,-0.17199444998230698,1.4843590157176931,0.0,-0.2024130895662518,-0.001438036025812759,-0.013904739359463644,-0.4606565895292041,-0.036190319870587274,-0.5,4051,-0.027865398923698784,0.576514655,0.0,-0.009441275924069082,-34.07574329376221,0.9947508573532104,0.8015774950385094,0.2,-0.20794710516929626,0.27872314453125,16419,0.00026165982,0.01848883,-0.003935196623206139,1.0017342567443848
-0.002234653514557759,0.23315415530734768,-0.224641318209949,-0.0820707769598643,-86.90664747000002,76717224,72.936745,0.0,81.60395435757168,-0.006857638888888956,0.0010205076283050908,0.07120100793223454,-0.11065135521872232,-3.158049681731641e-08,0.0,0.0,10.23160426013886,907,243.98,-0.16808181100314268,0.01,-0.014267795388157164,-0.1906430253706953,0.0,-0.0037097825447575633,4122,0.3195783,-0.42765935968439855,0.0,0.0,-0.1691383612998293,1.481257574590837,0.0,-0.20332570813268688,-0.0010045534177835027,-0.013808009055431471,-0.45238781842133086,-0.0363266269407386,-0.5,4055,-0.027577653954807078,0.576496991,0.0,-0.00932937801149415,-34.068016052246094,0.9950616955757141,0.8633108004927635,0.2,-0.09661167860031128,0.12237548828125,16423,0.00026165060399999996,0.0127594005,-0.007394749019294977,1.0012614727020264
-0.002208956793252298,0.22899337362125186,-0.2214207688908082,-0.07902913803599702,-86.84087496000002,76735656,72.948265,0.0,80.14768076743815,-0.006933593750000067,0.0012391491456785137,0.07005124128364804,-0.11052629880789551,-3.195081251038272e-08,0.0,0.0,9.703455476688216,908,245.41,-0.1751446297492565,0.01,-0.014271232589975178,-0.17976523301009473,0.0,-0.004271713791895281,4122,0.3196551,-0.42343786642355086,0.0,0.0,-0.1712137343428406,1.4493485563336481,0.0,-0.20038726187564582,-0.0012123856615236903,-0.013356375068681392,-0.44929805383729843,-0.036609537149903476,-0.5,4060,-0.02661354242671215,0.576479327,0.0,-0.010554282363348952,-34.08222217559815,0.9987695217132568,0.2529840722680092,0.2,-0.2671675384044647,0.22369384765625,16427,0.000261641388,0.03022438,-0.014344559935852885,1.0027611255645752
-0.0022249794272347777,0.2305983687041896,-0.23024801563283187,-0.08266653525528452,-87.37937618999999,76754088,72.95978500000001,0.0,80.70942904646635,-0.0072265625000000515,0.0011545134992856118,0.07156896173328657,-0.11061728836887703,-3.214393761585371e-08,0.0,0.0,9.97623701474271,909,244.97,-0.17204999597512122,0.01,-0.01442648603069624,-0.19208692404348002,0.0,-0.003771490001421839,4122,0.3197319,-0.4347228198676959,0.0,0.0,-0.17228771967617199,1.474893337506112,0.0,-0.20081348595367562,-0.001040514063825931,-0.013825986294844887,-0.457614455063018,-0.036339882758393935,-0.5,4064,-0.027920805078914993,0.576461663,0.0,-0.009684737576107081,-34.08833980560303,0.9992492198944092,0.21151624172925948,0.2,-0.2677396535873413,0.28558349609375,16431,0.000261632172,0.028279,-0.01590467890491709,1.0029451847076416
-0.002216611025893887,0.23512006414515907,-0.22359608888401508,-0.08043106263634138,-87.32612166000001,76772520,72.971305,0.0,82.29202245080567,-0.006803385416666732,0.0013172741099778148,0.07164383363528105,-0.11053025362822833,-3.193667370327801e-08,0.0,0.0,10.53209310763432,910,244.15,-0.17154155227881956,0.01,-0.014279297371786345,-0.18428167082674055,0.0,-0.004272525574839162,4122,0.3198087,-0.4267344701114759,0.0,0.0,-0.17139781326195502,1.4509237070108674,0.0,-0.20129316822491664,-0.0013940377363894055,-0.014240157337804997,-0.4545393095035115,-0.03632236238540057,-0.5,4068,-0.026642258978629478,0.576443999,0.0,-0.009854008982074447,-34.07798137664795,0.9987233281135559,0.35183018147945405,0.2,-0.22778235375881195,0.25479736328125,16435,0.000261622956,0.030223876,-0.01562655104789883,1.0021504163742065
-0.0022541170893937276,0.22669727749056764,-0.2220071115677239,-0.08044922660029553,-88.37488501,76790952,72.98282499999999,0.0,79.34404712169868,-0.006911892361111179,0.0015163841308094561,0.06906110552737628,-0.11065303760117817,-3.111138778173631e-08,0.0,0.0,9.434060174831899,911,245.34,-0.17513240860429327,0.01,-0.01443907854434065,-0.18443761915256277,0.0,-0.0049037324708469865,4122,0.3198855,-0.41930088161049667,0.0,0.0,-0.17015941036388432,1.4794017063540237,0.0,-0.20450504779109727,-0.0016367742678049908,-0.01448040328814563,-0.4543822724651363,-0.03661678863194324,-0.5,4073,-0.02706259203077581,0.5764263350000001,0.0,-0.011235026157616327,-34.08254470825195,0.9991868138313293,0.22995315864682198,0.2,-0.3002762794494629,0.26517333984375,16439,0.00026161374,0.029144755,-0.015720752568449826,1.0023062229156494
-0.0021793677522760433,0.23068396133830138,-0.23068365835130486,-0.08269903972190985,-86.74963450000001,76809384,72.994345,0.0,80.73938646840548,-0.00682508680555562,0.00149631035552981,0.07420391241079156,-0.11062201818548494,-3.07645090369519e-08,0.0,0.0,10.097929951809908,912,242.76,-0.16840660930234402,0.01,-0.014053856532348055,-0.18883600764296196,0.0,-0.0029297213536119385,4122,0.3199623,-0.42205583254825,0.0,0.0,-0.1691625277473737,1.5084679225361608,0.0,-0.19557704464140413,-0.0010776916509377468,-0.013164118422225375,-0.44570178647726977,-0.03635060603355928,-0.5,4077,-0.028379864590219836,0.576408671,0.0,-0.009061095438988155,-34.07274112701416,0.9935750961303711,1.7401686549186706,0.2,0.6573479175567627,0.24344482421875,16443,0.000261604524,0.02719228,-0.008064378728158772,1.0016705989837646
-0.00227905604561109,0.2322243326943012,-0.23178587592848737,-0.08163411098346741,-86.95682844000001,76827816,73.005865,0.0,81.27851644300542,-0.007356770833333381,0.0015793183508018653,0.07053220293335234,-0.11072588894503378,-3.2310709961269674e-08,0.0,0.0,10.135194674826385,913,240.94,-0.16859763812487605,0.01,-0.014531799721959452,-0.1889041929911884,0.0,-0.0026822583883144876,4122,0.3200391,-0.4390225357326741,0.0,0.0,-0.1730495165846014,1.4722270324471713,0.0,-0.2112436159195982,-0.0019229466497642119,-0.014625620019425686,-0.4600971868121546,-0.036442586536940436,-0.5,4082,-0.027843706905973115,0.576391007,0.0,-0.009010503799395842,-34.074239540100095,0.9978262186050415,0.45209712982177735,0.2,-0.214115709066391,0.17921142578125,16447,0.000261595308,0.023147956,-0.014688302436843515,1.0018926858901978
-0.002296962368613568,0.2306862375348574,-0.2341723619438531,-0.08298147365258873,-86.78375783999999,76846248,73.017385,0.0,80.74018313720009,-0.007020399305555617,0.0009939231935681568,0.07358630649327122,-0.11074174527422492,-3.359567811543551e-08,0.0,0.0,10.007141546412065,914,241.91,-0.17068234466910503,0.01,-0.014735106286514612,-0.1945853640193617,0.0,-0.002758692052776209,4122,0.3201159,-0.43910374910990685,0.0,0.0,-0.17436081759504848,1.4809790144443236,0.0,-0.20147012244014714,-0.0015773834724100689,-0.01529591200004994,-0.4666585840461679,-0.036645599176677854,-0.5,4086,-0.02824543612707954,0.576373343,0.0,-0.008604418376408931,-34.07739410400391,0.9934029579162598,1.6572221904993056,0.2,0.22207972407341003,0.26011962890625,16451,0.00026158609199999997,0.04380899,-0.005138119088951498,1.0018579959869385
-0.0022528678657973093,0.22820715488593485,-0.22936774195153375,-0.08276009401051831,-87.08194175,76864680,73.02890500000001,0.0,79.8725042100772,-0.007042100694444507,0.00107042081718747,0.07082778180258532,-0.11077785861281315,-3.2083467679630686e-08,0.0,0.0,9.582422824202478,915,242.87,-0.17053751908257303,0.01,-0.01450710327843855,-0.1880564064520142,0.0,-0.004677691509609294,4122,0.3201927,-0.43166640125654204,0.0,0.0,-0.1723461605529547,1.4702371271916008,0.0,-0.19700350978628636,-0.0018839536015655342,-0.014326821164336463,-0.4588430378647021,-0.03614560193462695,-0.5,4090,-0.027256375807106135,0.576355679,0.0,-0.009066250579457523,-34.070827865600585,0.9979957342147827,0.4781622841954231,0.2,-0.11894048750400543,0.22017822265625,16455,0.000261576876,0.0271416,-0.011689072905573994,1.0018672943115234
-0.0022466626259354684,0.2264343448363755,-0.22785982459060694,-0.08173031569745594,-87.73853917000001,76883112,73.040425,0.0,79.25202069273142,-0.00682508680555562,0.0012494573376089749,0.07224605488367383,-0.11089550311134141,-3.0996008418048245e-08,0.0,0.0,9.613111985139533,916,241.13,-0.16714873005545267,0.01,-0.014422980884911106,-0.19029632465387258,0.0,-0.002789464573518141,4122,0.3202695,-0.42334074209090555,0.0,0.0,-0.17078546891546742,1.4996971860963606,0.0,-0.20146994302001056,-0.001379401473151896,-0.013657057016470643,-0.4594961927186085,-0.03632520088481669,-0.5,4095,-0.027391962946147354,0.576338015,0.0,-0.008762566694511205,-34.08502712249756,0.9988291263580322,0.3062462128698826,0.2,-0.23548951745033264,0.2951416015625,16459,0.00026156766,0.030668383,-0.014954969810787588,1.0027637481689453
-0.0022708216559123072,0.22691020048475252,-0.2342365064658508,-0.08463375155620653,-87.48327618000002,76901544,73.05194499999999,0.0,79.41857016966338,-0.0069986979166667285,0.000836045817575521,0.07098065099897312,-0.11055701247249289,-3.172297847903661e-08,0.0,0.0,9.653040646336317,917,238.62,-0.16743479037569,0.01,-0.014526275478031795,-0.19592172239090877,0.0,-0.002868312392428336,4122,0.3203463,-0.43426776005394746,0.0,0.0,-0.17143660261097288,1.4935706920682066,0.0,-0.20002870220768526,-0.001983503124227178,-0.014644170442483256,-0.4585187656477258,-0.036762491007529825,-0.5,4099,-0.028943803338382628,0.576320351,0.0,-0.008800001284624968,-34.078483963012694,0.9924047589302063,1.9358200490474702,0.2,0.5984574556350708,0.31217041015625,16463,0.000261558444,0.031912282,-0.004269556899089366,1.0020825862884521
-0.002273976406870967,0.22819399184905592,-0.22766879590887207,-0.08217837056669536,-86.93060980000001,76919976,73.06346500000001,0.0,79.86789714716957,-0.007237413194444496,0.001038411195622757,0.07256189277884639,-0.11077795612053803,-3.265201733474472e-08,0.0,0.0,9.67242436427074,918,242.57,-0.17243063651958196,0.01,-0.014481887843354432,-0.19089592262275584,0.0,-0.0035703707163398705,4122,0.3204231,-0.43175964639940834,0.0,0.0,-0.17188206407015622,1.4668118238065884,0.0,-0.20269311508470067,-0.00141820508970496,-0.014011339301267708,-0.45443468322112235,-0.03634242304442076,-0.5,4104,-0.027482000661709374,0.576302687,0.0,-0.00887270161345239,-34.071784591674806,0.9947076439857483,0.8262914523482323,0.2,-0.1679307073354721,0.15758056640625,16467,0.000261549228,0.01490021,-0.006900823977775872,1.001450777053833
-0.002271677266565484,0.2273994069866404,-0.22536981422740768,-0.08142070663938861,-86.87998718,76938408,73.074985,0.0,79.58979244532414,-0.006911892361111178,0.0007134329967407717,0.07293667202037057,-0.11054939010769553,-3.2968935022005034e-08,0.0,0.0,9.645627062761696,919,240.4,-0.17253420374745546,0.01,-0.014486441585141726,-0.19303428329922043,0.0,-0.0027797313290844955,4122,0.3204999,-0.4301626816712219,0.0,0.0,-0.17263774049852093,1.4761277907674135,0.0,-0.20191335642199235,-0.0013782944273640124,-0.014371374327124835,-0.46903258834344125,-0.03647465119406375,-0.5,4108,-0.027347963964665253,0.5762850230000001,0.0,-0.008899556966045767,-34.071920013427736,0.9991738796234131,0.19945022612810134,0.2,-0.3080894947052002,0.2526611328125,16471,0.000261540012,0.02929907,-0.020740017795469613,1.001577615737915
-0.0022808252978784114,0.22176904411507115,-0.2298533261672167,-0.08388104282844193,-87.12788699000001,76956840,73.08650499999999,0.0,77.6191654402749,-0.007194010416666722,0.0010367837029560986,0.0709283007558408,-0.11079480222963341,-3.2307434517151055e-08,0.0,0.0,9.157450873283754,920,239.16,-0.16718368945324577,0.01,-0.014574032798743829,-0.1961787938333713,0.0,-0.003176179646604917,4122,0.3205767,-0.4310329750356544,0.0,0.0,-0.17287990162988753,1.49183991903446,0.0,-0.2041061438360477,-0.0013297974655430065,-0.01435776470539084,-0.4619344725851987,-0.036209336792943254,-0.5,4112,-0.02819388581449106,0.576267359,0.0,-0.008585565419505455,-34.07517642974854,0.9940940737724304,1.4492189556360244,0.2,0.34511637687683105,0.31102294921875,16475,0.000261530796,0.029063955,-0.006066118960734457,1.001814842224121
-0.0022898383076682917,0.22449560185289658,-0.23271574379487012,-0.08423930101391916,-86.15712499000003,76975272,73.098025,0.0,78.5734606485138,-0.00682508680555562,0.0008393009645967848,0.07463631317273114,-0.11074116114142371,-3.205509101561393e-08,0.0,0.0,9.393710353337056,921,238.65,-0.16061854499746808,0.01,-0.014523323026832822,-0.19613785942108405,0.0,-0.0021405790921153528,4123,0.3206535,-0.43086126873310204,0.0,0.0,-0.17178761963983347,1.508108376853641,0.0,-0.20580672093699473,-0.0016804859807789986,-0.014303950156785875,-0.456531463285775,-0.03614897250865599,-0.5,4117,-0.028305532275551562,0.576249695,0.0,-0.007639116290698035,-34.074489974975585,0.9927685260772705,2.086916649341583,0.2,0.5530405640602112,0.15787353515625,16479,0.00026152158,0.018859573,-0.010026547609595583,1.0019185543060303
-0.0022802809085223103,0.2255315050420527,-0.2270638790411112,-0.08191932996471288,-85.99956090999999,76993704,73.109545,0.0,78.93602676471843,-0.00699869791666673,0.0008159720002570086,0.07202275256971166,-0.11079664773408687,-3.110443377933394e-08,0.0,0.0,9.407945560381672,922,240.27,-0.16298155028740346,0.01,-0.014483695716859701,-0.1890419366557667,0.0,-0.0022259166526115404,4123,0.3207303,-0.426886795297141,0.0,0.0,-0.17162399728492753,1.4963480516947336,0.0,-0.20544768410904501,-0.0015355546811495078,-0.014554259893493975,-0.4574197316819023,-0.03643854015911397,-0.5,4121,-0.027716523397524614,0.576232031,0.0,-0.008136076367615411,-34.07546863555908,0.9989407658576965,0.23477077335119248,0.2,-0.2778529226779938,0.21326904296875,16483,0.000261512364,0.026727278,-0.019226609461475162,1.001828908920288
-0.0022929454659978542,0.2310903814942818,-0.2286869615361486,-0.08218395579247448,-86.26240695,77012136,73.121065,0.0,80.88163352299863,-0.0069661458333334,0.0008425562215658525,0.07114266347432094,-0.1105607305275819,-3.298816095005275e-08,0.0,0.0,9.977977211624784,923,241.5,-0.16889629673908635,0.01,-0.014719772912688183,-0.18995592869736938,0.0,-0.002682844582584725,4121,0.3208071,-0.43547077664209016,0.0,0.0,-0.1758542224925176,1.4897328411563668,0.0,-0.20762473164262643,-0.0012866097388930069,-0.013779966688156831,-0.46424545751663426,-0.03726327726780714,-0.5,4127,-0.027670712508295822,0.576214367,0.0,-0.008551656818276064,-34.08051166534424,0.998974084854126,0.2696667768061161,0.2,-0.28481602668762207,0.27108154296875,16487,0.000261503148,0.028429229,-0.016825830470770596,1.0023388862609863
-0.0022979667556167456,0.23123342594992444,-0.22950625647566789,-0.08589415789255642,-86.40653297,77030568,73.132585,0.0,80.93169908247356,-0.00721571180555561,0.0006477860766204281,0.07217255359881457,-0.11071699375644571,-3.2174260200251775e-08,0.0,0.0,10.02129082646076,924,239.66,-0.1705931547408174,0.01,-0.01468931473527274,-0.1916023787118299,0.0,-0.0022361111430194464,4121,0.3208839,-0.4366459798149721,0.0,0.0,-0.17516034986880752,1.4902445066660868,0.0,-0.2116506110351575,-0.0014494482870902716,-0.01466278596534943,-0.46870000147831675,-0.037135252968729875,-0.5,4132,-0.027559620633313523,0.576196703,0.0,-0.007928422678055035,-34.08027801513672,0.997275173664093,0.8486285328865051,0.2,0.13025611639022827,0.27486572265625,16491,0.000261493932,0.025275435,-0.0073141683358699085,1.0024089813232422
-0.0022800386280692527,0.228011213670841,-0.2269349477335297,-0.08366572309557407,-87.28388457000001,77049000,73.144105,0.0,79.80392478479435,-0.007074652777777837,0.0004937064691653682,0.07224579686670551,-0.1107565509957092,-3.3274905873064134e-08,0.0,0.0,9.71953499812221,925,238.56,-0.16991724271891917,0.01,-0.014672353471415538,-0.19131177180974734,0.0,-0.0031560744979748103,4121,0.3209607,-0.4329336361367718,0.0,0.0,-0.17537672127657036,1.4780914853826315,0.0,-0.209122395815438,-0.0014562368670523389,-0.013941955764003958,-0.46174777374894366,-0.03661548899291699,-0.5,4136,-0.027530305175027095,0.576179039,0.0,-0.008147606459614407,-34.07983741760254,0.9963405132293701,0.8740045696496963,0.2,0.08814463019371033,0.22584228515625,16495,0.000261484716,0.019655958,-0.008797672356013208,1.0022616386413574
-0.002274418840744414,0.22824151374114457,-0.2318603639337563,-0.08497807573008732,-85.50117436999999,77067432,73.15562499999999,0.0,79.8845298094006,-0.0068467881944445095,0.0008078338740031339,0.07264006110229415,-0.11074363737520901,-3.1628906072232655e-08,0.0,0.0,9.657808855929016,926,239.8,-0.16045016783564992,0.01,-0.014570819401409347,-0.19248185263660178,0.0,-0.0014674908871517222,4121,0.3210375,-0.43094732836567073,0.0,0.0,-0.17308668568274813,1.5053974715233656,0.0,-0.20439971111700783,-0.0014077922608937957,-0.013896788887999188,-0.44992680428562526,-0.0362032234914196,-0.5,4141,-0.028292720769977624,0.576161375,0.0,-0.007922589588108368,-34.07863426208496,0.990730881690979,2.1427473425865173,0.2,0.1957167685031891,0.22158203125,16499,0.0002614755,0.028352955,-0.005321493768133223,1.0018951892852783
-0.002313510881285008,0.23007982227342746,-0.23058042927506894,-0.08379826938710717,-86.34430922999998,77085864,73.167145,0.0,80.52793779569961,-0.00753038194444448,0.0009516053024627683,0.07409013674389035,-0.11056502218674694,-3.296820507356062e-08,0.0,0.0,9.826842489305523,927,238.32,-0.17105822692927303,0.01,-0.01485733364723806,-0.19516303284234474,0.0,-0.0015660397932170259,4121,0.3211143,-0.4451976130956321,0.0,0.0,-0.1781041440265036,1.4674655143136335,0.0,-0.2134506167176262,-0.001902816254771446,-0.015528048469525062,-0.48039870850889255,-0.03726645428632944,-0.5,4145,-0.027909701336052514,0.5761437110000001,0.0,-0.007997323855912933,-34.06875286102295,0.9975811243057251,0.4152513012290001,0.2,-0.223880797624588,0.15721435546875,16503,0.00026146628399999997,0.021488942,-0.012900078087113798,1.001429557800293
-0.002321882032296824,0.2255755051638732,-0.2265546627576821,-0.08364897291909168,-86.4680069,77104296,73.178665,0.0,78.95142680735562,-0.006944444444444513,0.0008002382948891156,0.07444729385062945,-0.11079996644018897,-3.295010402691372e-08,0.0,0.0,9.50661988121138,928,237.47,-0.16310112613862193,0.01,-0.014708919814689803,-0.19234302361474795,0.0,-0.0020040162000892524,4121,0.3211911,-0.43839774931181946,0.0,0.0,-0.17323791454338422,1.4950451363441235,0.0,-0.2061456426052268,-0.0011706253899127228,-0.01430516156035028,-0.4639580597835843,-0.0364601022508487,-0.5,4149,-0.027812325326135312,0.576126047,0.0,-0.007870507141989138,-34.071825408935545,0.9941736459732056,1.1693800449371339,0.2,0.042766422033309937,0.16314697265625,16507,0.000261457068,0.018775826,-0.007304789684712887,1.0014677047729492
-0.0022857706244015005,0.23405357143152286,-0.2241206885489918,-0.08345951998689824,-85.99116022999999,77122728,73.190185,0.0,81.918750001033,-0.00684678819444451,0.0007025821509564088,0.0710690661492595,-0.11076536923167482,-3.186726393506468e-08,0.0,0.0,10.189919028860254,929,242.13,-0.1647331485291191,0.01,-0.014426286460642333,-0.18574639591590783,0.0,-0.0026727251972189546,4121,0.3212679,-0.42595161232902296,0.0,0.0,-0.1709306793130338,1.4860811803414748,0.0,-0.20944799627563052,-0.0014375879241798682,-0.01411405563094271,-0.4461856051279887,-0.03629308745642979,-0.5,4154,-0.0272685388755119,0.576108383,0.0,-0.009073980456580304,-34.071694946289064,0.995938241481781,0.9350500300526619,0.2,-0.20786218345165253,0.15853271484375,16511,0.000261447852,0.017724441,-0.009320256306091323,1.0016106367111206
-0.002276607271686482,0.22842809728055016,-0.22832045981817725,-0.08341379185650398,-86.60167049000003,77141160,73.201705,0.0,79.94983404819256,-0.007172309027777831,0.0006141488233374225,0.07120600161217323,-0.11071420367908909,-3.2309186021948676e-08,0.0,0.0,9.749719416651914,930,241.44,-0.17092841936624076,0.01,-0.014679998868101079,-0.18934702584295932,0.0,-0.0021248793194021654,4121,0.3213447,-0.43575961201004804,0.0,0.0,-0.17685491919532553,1.4803133101120904,0.0,-0.20363472862591853,-0.0015874187018312255,-0.014543713390131142,-0.4642868167733951,-0.03659830098612436,-0.5,4158,-0.027892179059189084,0.576090719,0.0,-0.009140847072962465,-34.07704486846924,0.9991477131843567,0.22522086873650551,0.2,-0.2667783498764038,0.23050537109375,16515,0.000261438636,0.027051339,-0.018932371214032174,1.0021458864212036
-0.0023085034573438225,0.22795484546442912,-0.23054989762488612,-0.08539512682272794,-86.45569222999998,77159592,73.213225,0.0,79.78419591255019,-0.0070746527777778385,0.00048828123706496425,0.07151582639989801,-0.11074982933110142,-3.28612117129081e-08,0.0,0.0,9.75381083829096,931,239.55,-0.1623222539496626,0.01,-0.014748917750069208,-0.19726403201199502,0.0,-0.0023866988296347806,4121,0.3214215,-0.43905970792442073,0.0,0.0,-0.1749664345395179,1.4915709006503899,0.0,-0.2081236470669773,-0.0020099695780919935,-0.014942472777164786,-0.46723171476823094,-0.036047412905365006,-0.5,4163,-0.027915462242361886,0.576073055,0.0,-0.0077529135435017655,-34.076330757141115,0.9936841130256653,1.4904428780078889,0.2,-0.07264834642410278,0.31246337890625,16519,0.00026142942,0.034667857,-0.0014142405416350812,1.0016156435012817
-0.002271508807455249,0.22942178304244207,-0.22923097395900527,-0.0837190064884292,-85.67532299,77178024,73.224745,0.0,80.29762406485473,-0.006781684027777842,0.0008289928729128507,0.07291507591322122,-0.11080452882843626,-3.3746318335595074e-08,0.0,0.0,9.83610150789024,932,239.03,-0.15749384824186163,0.01,-0.014500197784145396,-0.19386050067336058,0.0,-0.0017638111872269279,4122,0.3214983,-0.4304734849180992,0.0,0.0,-0.17189271893134225,1.5078014200844025,0.0,-0.20247310646024444,-0.0014679525889039508,-0.014787931317086654,-0.457973376957838,-0.03642974006092381,-0.5,4167,-0.027886374653330985,0.576055391,0.0,-0.007644541089474741,-34.073014640808104,0.9987301230430603,0.2290004700422287,0.2,-0.2945961654186249,0.194287109375,16523,0.000261420204,0.026548844,-0.01683969344594516,1.0020456314086914
-0.0023054196716371872,0.2273426260152166,-0.22376845075227664,-0.08496299338167886,-86.12030923999998,77196456,73.236265,0.0,79.56991910532581,-0.006911892361111177,0.0006423607572085328,0.07118943005807733,-0.1106249068377053,-3.2902346434375956e-08,0.0,0.0,9.641256869198488,933,239.68,-0.161907540536798,0.01,-0.0146286189999225,-0.19099011119500434,0.0,-0.0020116003163789557,4122,0.3215751,-0.4335288335959109,0.0,0.0,-0.17239117054262226,1.4929919274654138,0.0,-0.20519229858162513,-0.0015916261194070297,-0.014595751494336846,-0.45836486566172674,-0.0363068101643181,-0.5,4171,-0.02753246422035529,0.576037727,0.0,-0.008022415906048587,-34.08004302978516,0.9996088147163391,0.10705091208219528,0.2,-0.32122716307640076,0.28427734375,16527,0.000261410988,0.032819323,-0.01645572920679115,1.0020231008529663
-0.002313512392473707,0.22886116556699795,-0.22302107478679747,-0.08372121271172457,-85.81952239000002,77214888,73.247785,0.0,80.10140794844928,-0.00719401041666672,0.00048285562338100537,0.07016583737616232,-0.11068084048791887,-3.369793201224234e-08,0.0,0.0,9.733790853453346,934,241.09,-0.16926030511554338,0.01,-0.014877382239941875,-0.1888627885682099,0.0,-0.0021359923246481224,4122,0.3216519,-0.43583580731636473,0.0,0.0,-0.17672564354432307,1.4754751556380752,0.0,-0.20908859579292044,-0.0012290328015349952,-0.01451876485081505,-0.46712178494610956,-0.03676224723682944,-0.5,4176,-0.027224817315326746,0.576020063,0.0,-0.008547587359013656,-34.074402809143066,0.9937317967414856,1.7989596724510193,0.2,0.36169686913490295,0.3157470703125,16531,0.000261401772,0.031828143,-0.003778754861559719,1.001931071281433
-0.0023478965548603113,0.2301832520723848,-0.22736636869207139,-0.08630545475233643,-86.27598296999999,77233320,73.259305,0.0,80.56413822533467,-0.007226562500000055,0.0005935327402160814,0.07035324128938004,-0.1108538542238034,-3.4730441834658205e-08,0.0,0.0,9.980215014197208,935,240.5,-0.16685302782334807,0.01,-0.014903612867069331,-0.1925947424716254,0.0,-0.0024532168890653177,4122,0.3217287,-0.4419990638036808,0.0,0.0,-0.17687526497362457,1.4789301073899375,0.0,-0.214370079343738,-0.0016641285527967948,-0.014722034238020518,-0.47789389249333625,-0.036028605547589215,-0.5,4180,-0.02732260648417438,0.576002399,0.0,-0.007736366116053735,-34.07802486419678,0.9987143874168396,0.3273755475878716,0.2,-0.2515987753868103,0.2166748046875,16535,0.000261392556,0.023143897,-0.016523531940765678,1.002072811126709
-0.0022294328718165937,0.22984535217457902,-0.2167766301221149,-0.0824653631676592,-86.27509474,77251752,73.270825,0.0,80.44587326110266,-0.0068142361111111745,0.0009483503785708712,0.07281199045247568,-0.11076558955807529,-3.2124530967288445e-08,0.0,0.0,9.792208050958834,936,241.69,-0.16419766532009797,0.01,-0.014182491195108242,-0.18331628007803868,0.0,-0.0029259481217336425,4122,0.3218055,-0.4177709832940147,0.0,0.0,-0.16911022597629743,1.4846766350738374,0.0,-0.2000696982667365,-0.0013644052151806614,-0.013629750754481336,-0.44831900888061477,-0.03576112152745673,-0.5,4185,-0.026262707520865528,0.575984735,0.0,-0.0086815935275,-34.073190689086914,0.9963362812995911,0.6585607945919036,0.2,-0.16997791826725006,0.22056884765625,16539,0.00026138333999999996,0.017438814,-0.008188082027481869,1.001609206199646
-0.0022396425895117246,0.2329360320497743,-0.21756280956009713,-0.08064118266573221,-86.57784621,77270184,73.28234499999999,0.0,81.52761121742101,-0.007020399305555616,0.0009760195033676508,0.0715309872565792,-0.1106364167977512,-3.1132742249438056e-08,0.0,0.0,10.005340096942605,937,244.37,-0.1681673920040554,0.01,-0.014251876984472377,-0.18115664839258766,0.0,-0.0035979012130340354,4122,0.3218823,-0.41921942602084783,0.0,0.0,-0.16872981995774616,1.4721996242658308,0.0,-0.20192871596450063,-0.0015126017212218716,-0.014364297120974692,-0.4453922221115733,-0.03650530087218168,-0.5,4189,-0.02632964692719291,0.575967071,0.0,-0.010013918875807172,-34.07465229034424,0.9992179274559021,0.19758125245571137,0.2,-0.2526513338088989,0.22696533203125,16543,0.000261374124,0.023638632,-0.016952205123379825,1.0017995834350586
-0.002300262022228879,0.23313881229114897,-0.22215604422088578,-0.08240288800773143,-86.13595842,77288616,73.293865,0.0,81.59858430190214,-0.00710720486111117,0.0007796220597811043,0.0711288635549023,-0.1106543524186106,-3.3162368959008136e-08,0.0,0.0,10.15243677395523,938,243.07,-0.16775719903509162,0.01,-0.014655129714530833,-0.1845318131711777,0.0,-0.002580160165091695,4122,0.3219591,-0.4295049101786616,0.0,0.0,-0.17455665048125552,1.465377060207971,0.0,-0.20879956043938586,-0.001811029665151346,-0.015146484619577408,-0.46218871839431624,-0.036797448634955515,-0.5,4193,-0.02671715305717139,0.575949407,0.0,-0.008974832338733703,-34.073650169372556,0.9994609355926514,0.14502447806298732,0.2,-0.317954957485199,0.282275390625,16547,0.000261364908,0.029690528,-0.01629092204384506,1.001758337020874
-0.002332618931254717,0.22913579247263907,-0.22491954083736942,-0.08418948976252535,-86.61643342,77307048,73.305385,0.0,80.19752736542368,-0.0070638020833333915,0.0004220919153239164,0.07094106292826476,-0.11083162980000502,-3.387229858852954e-08,0.0,0.0,9.956608902556281,939,241.98,-0.17387054687764056,0.01,-0.014964373857446815,-0.19037180988195881,0.0,-0.003925842987351113,4122,0.3220359,-0.43625899610006785,0.0,0.0,-0.1770204307794918,1.4658539872786451,0.0,-0.21094383799997424,-0.0018120017702177988,-0.015050026487030367,-0.4697983932722555,-0.03694722111664059,-0.5,4198,-0.02675104360699998,0.575931743,0.0,-0.008899557145519389,-34.07507553100586,0.998124361038208,0.36288763731718066,0.2,-0.22289904952049255,0.28863525390625,16551,0.000261355692,0.02846447,-0.009618746466003358,1.0020780563354492
-0.002274534258354817,0.2267646703111892,-0.2153849701795035,-0.08422303081962118,-86.90662936999999,77325480,73.31690499999999,0.0,79.36763460891622,-0.007150607638888947,0.0005468748665104309,0.06982163078114807,-0.11072844831922408,-3.258648349921367e-08,0.0,0.0,9.487759186921872,940,243.3,-0.1669371713999437,0.01,-0.014489186513468037,-0.1846459408102124,0.0,-0.0037323381250316504,4122,0.3221127,-0.42890620447760963,0.0,0.0,-0.17117818346443792,1.459187573784506,0.0,-0.20570076790792916,-0.0017232244040201589,-0.014503908082316235,-0.4606511688589673,-0.036613819301456144,-0.5,4202,-0.02553775421304836,0.575914079,0.0,-0.009182081040408876,-34.08644275665283,0.9989194273948669,0.27852900326251984,0.2,-0.27593356370925903,0.25853271484375,16555,0.00026134647599999997,0.029764244,-0.0169381583458744,1.0028924942016602
-0.002243474785665792,0.224886258783523,-0.21959990590577907,-0.08107206869759756,-86.74207038,77343912,73.32842500000001,0.0,78.71019057423305,-0.006857638888888955,0.0005571830131682671,0.07067211500294925,-0.11080885272280584,-3.27165671743204e-08,0.0,0.0,9.44209117687489,941,242.77,-0.16284143078362162,0.01,-0.014384849704420277,-0.18685429980838775,0.0,-0.003733241413610963,4122,0.3221895,-0.42309214508325865,0.0,0.0,-0.17029551215291952,1.4769941377616407,0.0,-0.19651108159791109,-0.0016470334625048088,-0.01520486450026396,-0.44083760249479353,-0.03609492585965431,-0.5,4207,-0.026365135716653547,0.575896415,0.0,-0.008755378080725981,-34.081607246398924,0.9965957403182983,0.674249854683876,0.2,-0.10612079501152039,0.25506591796875,16559,0.00026133726,0.020671327,-0.006733272946439684,1.0022038221359253
-0.0022513679367827805,0.22456118183829618,-0.22408396925607266,-0.08417808303350857,-86.48875851000001,77362344,73.339945,0.0,78.59641364340366,-0.006944444444444511,0.0005799694982771245,0.07130368014935848,-0.1106990076063646,-3.3096113761460564e-08,0.0,0.0,9.365332492841048,942,242.95,-0.16269145872052077,0.01,-0.014326640935127683,-0.1900346690368357,0.0,-0.003752779167130328,4122,0.3222663,-0.4222140445492768,0.0,0.0,-0.1698967703928018,1.4897057528608977,0.0,-0.19924577356438786,-0.0013704608180676243,-0.014642933700950584,-0.44656676271947504,-0.0360200022986609,-0.5,4211,-0.02720638933477866,0.575878751,0.0,-0.009506243209923722,-34.07821063995361,0.9991275072097778,0.24316237419843673,0.2,-0.2738182842731476,0.24969482421875,16563,0.000261328044,0.027209986,-0.015231804468203335,1.002111554145813
-0.0023551876293256236,0.22567413688668858,-0.22634523931541167,-0.0845542520752546,-86.24673637000002,77380776,73.35146499999999,0.0,78.985947910341,-0.007063802083333393,0.0004877384376919104,0.0706063670079605,-0.11086269757938287,-3.301708702726559e-08,0.0,0.0,9.446666339454056,943,239.33,-0.16536689614824182,0.01,-0.014954376732793583,-0.1930211165538388,0.0,-0.0027787851290863625,4122,0.3223431,-0.43979833931961543,0.0,0.0,-0.1761146080259571,1.4644021115539114,0.0,-0.21039439406906812,-0.0012117481385602196,-0.01475620381608987,-0.4678382633174972,-0.03643241365489328,-0.5,4215,-0.02724235622130517,0.575861087,0.0,-0.00885479710996151,-34.08085460662842,0.9990728497505188,0.20859616100788117,0.2,-0.30503615736961365,0.28819580078125,16567,0.00026131882799999997,0.034746274,-0.015810731728561223,1.0025334358215332
-0.0023010420803667776,0.2316298208105814,-0.21885966498682097,-0.08330129564260604,-87.38490833999998,77399208,73.362985,0.0,81.07043728370348,-0.007150607638888947,0.000844183659258609,0.07287746854267318,-0.11075092290860884,-3.269556371740948e-08,0.0,0.0,9.978874319068638,944,240.39,-0.1715556008265972,0.01,-0.014814177536979794,-0.18851564968716536,0.0,-0.0038075475309147463,4122,0.3224199,-0.43437191555199844,0.0,0.0,-0.17549528555830973,1.44503105609064,0.0,-0.20403850004022547,-0.0016598922370099352,-0.01519966300285343,-0.470516066319059,-0.03649285263860121,-0.5,4220,-0.025812244410968785,0.575843423,0.0,-0.009015930981452888,-34.078552627563475,0.9939659833908081,1.400408500432968,0.2,0.12035059928894043,0.28353271484375,16571,0.000261309612,0.02876679,-0.004820861085318029,1.0018986463546753
-0.0022447115574427056,0.2241711745594194,-0.22177835712409175,-0.0831092822043465,-86.82425350000001,77417640,73.374505,0.0,78.45991109579678,-0.006608072916666727,0.00042371940799057484,0.07435879465856071,-0.11082393981607376,-3.111036313690284e-08,0.0,0.0,9.26724199192498,945,240.2,-0.15612343706599188,0.01,-0.014330781885851067,-0.18964104768499157,0.0,-0.0028124840612936,4122,0.3224967,-0.42071220070500814,0.0,0.0,-0.16890969724992452,1.4914001162256738,0.0,-0.19151159869557635,-0.001345179118768463,-0.014562396532305637,-0.4496049830050323,-0.0359293317325123,-0.5,4224,-0.026650355767539463,0.575825759,0.0,-0.007574961827938548,-34.06773834228515,0.9891854524612427,2.793378973007202,0.2,1.1858004331588745,0.13062744140625,16575,0.000261300396,0.018861996,-0.009512767242267729,1.0010888576507568
-0.002273180662308045,0.22460980627840185,-0.22274776901809157,-0.0839391908602928,-87.57315192,77436072,73.386025,0.0,78.61343219744064,-0.00682508680555562,0.0005398216987183938,0.07188908319607624,-0.1109617429599035,-3.176442944078843e-08,0.0,0.0,9.294567837352828,946,240.32,-0.16541234151652134,0.01,-0.014595552573143674,-0.18989316166923217,0.0,-0.003989198985512456,4123,0.3225735,-0.42831991066547864,0.0,0.0,-0.17216772297895633,1.4826662477416108,0.0,-0.19437724547768243,-0.0014722112231249662,-0.014141705691695379,-0.4570654381709238,-0.03582149585518632,-0.5,4229,-0.026833115808129346,0.575808095,0.0,-0.009091884125761377,-34.07179508209229,0.9981622695922852,0.42248810902237893,0.2,-0.19201374053955078,0.20821533203125,16579,0.00026129118,0.025321355,-0.015970674494747074,1.001750111579895
-0.002290812040546864,0.2302215950882172,-0.22998339765051778,-0.08564708753659585,-87.25104201000002,77454504,73.39754500000001,0.0,80.57755828087602,-0.007172309027777833,0.000793727890898784,0.07180504778321742,-0.11090301276366993,-3.349737684649418e-08,0.0,0.0,9.89876984563347,947,238.58,-0.16019455875220057,0.01,-0.014778786221639004,-0.1938336119859952,0.0,-0.002615008972973579,4123,0.3226503,-0.4356591703892773,0.0,0.0,-0.17612168720213817,1.477100565900724,0.0,-0.19796063164320468,-0.0015868298008371447,-0.01453916024026062,-0.45809457231240786,-0.03632317120969706,-0.5,4233,-0.02762203079593049,0.575790431,0.0,-0.008537008019629866,-34.073417854309085,0.9901139736175537,2.4354730188846587,0.2,0.6583924889564514,0.30576171875,16583,0.000261281964,0.03145924,-0.005319091852288693,1.001558542251587
-0.002349112543277698,0.22892178896292287,-0.224583460384187,-0.08369298254431091,-86.23711787,77472936,73.409065,0.0,80.122626137023,-0.0070746527777778385,0.00030110659362334345,0.06843374418926863,-0.11086352234863323,-3.2406845759234284e-08,0.0,0.0,9.729212518606706,948,242.0,-0.16693781357103407,0.01,-0.014891235125428686,-0.18688264727987963,0.0,-0.003183710518805659,4123,0.3227271,-0.4443407213944888,0.0,0.0,-0.1769273608789732,1.4516144033610907,0.0,-0.20486028260738168,-0.0014698431951116716,-0.014617371789914438,-0.46703801636921205,-0.036590042662324435,-0.5,4237,-0.026593139408184585,0.575772767,0.0,-0.009163363139830634,-34.06940040588379,0.9928785562515259,1.8092327535152435,0.2,0.16519170999526978,0.182421875,16587,0.000261272748,0.019542644,-0.010855262028053403,1.0013198852539062
-0.002329253664318505,0.22741698910557165,-0.22577724100942798,-0.0848920243170947,-86.72282816,77491368,73.42058499999999,0.0,79.59594618695007,-0.006890190972222288,0.0008132593259991457,0.0726129972423115,-0.1108759359660065,-3.27967673145905e-08,0.0,0.0,9.702796275512135,949,241.36,-0.1625585449606689,0.01,-0.014803238416502726,-0.19057434053777036,0.0,-0.0031676657186122106,4123,0.3228039,-0.42761580950483835,0.0,0.0,-0.1731097574192281,1.4774911709551557,0.0,-0.2014585311049817,-0.0015039413751544552,-0.014380191776927549,-0.463763689957296,-0.03603741210339472,-0.5,4242,-0.02668481383682026,0.575755103,0.0,-0.008157914072702019,-34.07213306427002,0.9987614154815674,0.29075001180171967,0.2,-0.23899772763252258,0.23543701171875,16591,0.00026126353199999996,0.027212882,-0.019483042153296992,1.0016746520996094
-0.0022416026342227846,0.22695793499678754,-0.22488897570299915,-0.08326895105674133,-86.27916531999999,77509800,73.432105,0.0,79.43527724887564,-0.0068467881944445095,0.0007432723683046384,0.07283503488994161,-0.11100521023358559,-3.221853999527838e-08,0.0,0.0,9.531504129038316,950,242.0,-0.15634388661117785,0.01,-0.014369651826338335,-0.18536680589779297,0.0,-0.003584430634060604,4121,0.3228807,-0.423420387119177,0.0,0.0,-0.17069823084762198,1.4906300982292815,0.0,-0.1964120073452822,-0.001270824749811719,-0.013915284809120092,-0.44261393394079057,-0.03521553460999914,-0.5,4248,-0.02676101987809497,0.575737439,0.0,-0.008699226083182212,-34.07885189056397,0.9964759349822998,0.6914126053452492,0.2,-0.11903265118598938,0.23902587890625,16595,0.000261254316,0.02232718,-0.009898156905546785,1.002304196357727
-0.002275813270580175,0.22925478887926476,-0.2259631802646991,-0.08437678488409481,-87.34199991000001,77528232,73.443625,0.0,80.23917610774267,-0.006911892361111179,0.0005349389523164266,0.07040593690005853,-0.11091869805191416,-3.248659337660651e-08,0.0,0.0,9.880219491850879,951,239.38,-0.16536746203027705,0.01,-0.014651279419441832,-0.1905336186433801,0.0,-0.0033680248624916014,4121,0.3229575,-0.43638972009467675,0.0,0.0,-0.17495685153292617,1.472851285293744,0.0,-0.19551919597638437,-0.0015674430053906094,-0.014618425608602124,-0.46202459508634586,-0.03609159531541565,-0.5,4252,-0.0272125771258448,0.575719775,0.0,-0.008791999275369259,-34.08281211853027,0.9994499683380127,0.14052888229489327,0.2,-0.3112807273864746,0.2529541015625,16599,0.0002612451,0.030437883,-0.018876228109002115,1.0024652481079102
-0.002294723999776242,0.22833234957843346,-0.22323948492822254,-0.08173245774865928,-86.83109263,77546664,73.455145,0.0,79.91632235245172,-0.006738281250000064,0.0003895398080607669,0.07092056292245706,-0.11101261986728568,-3.266148428266881e-08,0.0,0.0,9.754068880669372,952,241.82,-0.16287124309947001,0.01,-0.014791521295938989,-0.1836719235697824,0.0,-0.00398691019857764,4121,0.3230343,-0.43469295204553626,0.0,0.0,-0.17544986150480193,1.4581805538661161,0.0,-0.20119574154460862,-0.001525559849534016,-0.0140324640922583,-0.45124918176941825,-0.03630183070587533,-0.5,4257,-0.02632869420593551,0.575702111,0.0,-0.009474912328490367,-34.07197647094726,0.9891294836997986,2.578900766372681,0.2,0.4564756453037262,0.2890625,16603,0.000261235884,0.027124494,-0.006745315581792965,1.0013974905014038
-0.002297284066432018,0.2331978594728851,-0.22483254431461142,-0.08646710749540047,-87.23402017000001,77565096,73.466665,0.0,81.61925081550979,-0.006922743055555621,0.0006911889811615563,0.07229062014796153,-0.1110394718210529,-3.3455531292537424e-08,0.0,0.0,10.059010726245624,953,241.61,-0.16134066594036126,0.01,-0.014665240795149014,-0.19078109468309185,0.0,-0.0036787821016171837,4121,0.3231111,-0.4306292465448906,0.0,0.0,-0.17363312394240837,1.471216063821753,0.0,-0.2037397313863152,-0.0018811057725564503,-0.014909674542801224,-0.45851296438781347,-0.03547312365360623,-0.5,4261,-0.026718032242523563,0.575684447,0.0,-0.008496319210583655,-34.06526622772217,0.9971685409545898,0.5063275068998336,0.2,-0.19828706979751587,0.13133544921875,16607,0.000261226668,0.018810209,-0.012457036599516868,1.0010859966278076
-0.002293835660086044,0.22979663961141586,-0.22428798653567122,-0.08264343504101485,-86.04714424,77583528,73.478185,0.0,80.42882386399555,-0.006987847222222286,0.0004595267689890332,0.07177025413937489,-0.11111419621987167,-3.1797623230822004e-08,0.0,0.0,9.888197820650499,954,241.09,-0.16237538389356368,0.01,-0.01473579726035074,-0.19092661485811202,0.0,-0.0031331332679601586,4121,0.3231879,-0.44065996001531155,0.0,0.0,-0.17611169586411124,1.4781960375800265,0.0,-0.20099686385139068,-0.0021760345523976635,-0.015458274618053004,-0.4615868973190037,-0.03606590095388872,-0.5,4266,-0.026860771950351296,0.575666783,0.0,-0.00845956168389724,-34.067861557006836,0.9937371015548706,1.1608751118183136,0.2,0.01862114667892456,0.1614501953125,16611,0.000261217452,0.016815264,-0.008055630279704929,1.0012156963348389
-0.0022571932125392286,0.22398883317474874,-0.22971831872381016,-0.084092227890242,-85.77030015,77601960,73.489705,0.0,78.39609161116206,-0.0066514756944445075,0.00044650589633319114,0.0726420884195063,-0.111025965616776,-3.213553167990984e-08,0.0,0.0,9.294642555355985,955,240.49,-0.1559685168296484,0.01,-0.014613977522246906,-0.19056142588622538,0.0,-0.0024528885224619477,4121,0.3232647,-0.43029826376998104,0.0,0.0,-0.17428488800634503,1.494365614540309,0.0,-0.1997026571663337,-0.00142806076619947,-0.014371192271273413,-0.4521531728521362,-0.03588364193268934,-0.5,4270,-0.027729499096479582,0.575649119,0.0,-0.008029061689740047,-34.079059791564944,0.9990212917327881,0.21336175575852395,0.2,-0.29375964403152466,0.2271484375,16615,0.000261208236,0.026642937,-0.016883662319742143,1.0024363994598389
-0.0023173305980962473,0.2251120867037291,-0.22427514015252836,-0.08311127975208449,-87.00575654000001,77620392,73.501225,0.0,78.78923034630519,-0.0068793402777778435,0.0003157551206337909,0.07013864414104964,-0.11111521395035234,-3.2186773444863854e-08,0.0,0.0,9.51833711847448,956,238.24,-0.16203059164995118,0.01,-0.014850532509374185,-0.1894996337020999,0.0,-0.003253966607165494,4121,0.3233415,-0.44165342485764936,0.0,0.0,-0.17626183348412203,1.472838172923572,0.0,-0.20211646177043482,-0.001559188221905574,-0.014743674729602954,-0.46084718424928783,-0.035920887858233545,-0.5,4274,-0.02667128291475025,0.575631455,0.0,-0.008124954704221131,-34.08089733123779,0.9969925880432129,0.551666796207428,0.2,-0.11067408323287964,0.2671875,16619,0.00026119901999999996,0.02515484,-0.004977722000330686,1.0024313926696777
-0.00227003948980358,0.23427804641677816,-0.22974833681756943,-0.08478992770258237,-86.43256797000002,77638824,73.512745,0.0,81.99731624587236,-0.006792534722222287,0.00037814643130534224,0.07351696969885738,-0.1110566308348324,-3.167186974601394e-08,0.0,0.0,10.174490029410727,957,240.86,-0.15712548980892665,0.01,-0.014562361533264671,-0.19330781187484541,0.0,-0.003011044364986337,4122,0.3234183,-0.43829493734908237,0.0,0.0,-0.17270963097468875,1.489036363821691,0.0,-0.19863754731716923,-0.0009150397716894087,-0.014006904632183344,-0.4444681814680114,-0.03606707500942477,-0.5,4279,-0.027702858785904238,0.575613791,0.0,-0.00860102732905135,-34.07413520812988,0.9902734160423279,1.9066079437732697,0.2,0.3481104373931885,0.20289306640625,16623,0.000261189804,0.020655932,-0.007449469401035458,1.0015084743499756
-0.002355430217880498,0.22348146306647335,-0.23185545847299893,-0.08439183240238152,-86.61937699,77657256,73.524265,0.0,78.21851207326567,-0.006814236111111176,0.0003304034859562914,0.07423661630165258,-0.11126349553932971,-3.2818906328950057e-08,0.0,0.0,9.311469896261821,958,238.11,-0.16340915901721487,0.01,-0.01518892743194613,-0.1966566265826416,0.0,-0.001969608104587419,4122,0.3234951,-0.45328901382536,0.0,0.0,-0.18053256428618558,1.4678201187051525,0.0,-0.20852019109703973,-0.0016973209531135863,-0.015285603885933882,-0.4695332287429916,-0.036104288654304546,-0.5,4283,-0.0275510184723178,0.5755961270000001,0.0,-0.007283215223449386,-34.07287158966064,0.9983961582183838,0.2936736777424812,0.2,-0.2572154998779297,0.2003173828125,16627,0.000261180588,0.024161626,-0.016082396346610038,1.0017590522766113
-0.0022680597124403053,0.2224767776072918,-0.22102793140389468,-0.08180694256338084,-86.56852412999999,77675688,73.535785,0.0,77.86687216255213,-0.006694878472222285,0.0003618704633683794,0.07405941971520759,-0.11114665278562424,-3.11816475854424e-08,0.0,0.0,9.199785787685057,959,239.12,-0.1625705827517061,0.01,-0.014516472641574534,-0.1895138333176494,0.0,-0.002709444256952829,4122,0.3235719,-0.43806237034682194,0.0,0.0,-0.1721938782487413,1.4875194057100953,0.0,-0.19624236275367377,-0.0013580959520780977,-0.014605111824257274,-0.4564239859763835,-0.03557559205840793,-0.5,4288,-0.02679656753130935,0.575578463,0.0,-0.008606181467055447,-34.07393798828125,0.9928998351097107,1.8444446921348572,0.2,-0.021048635244369507,0.250439453125,16631,0.000261171372,0.034679104,-0.00446390409488231,1.0016961097717285
-0.0022683934441302747,0.2272736787151329,-0.2262965376516083,-0.08325398679931165,-86.11343803,77694120,73.547305,0.0,79.54578755029651,-0.006987847222222288,0.0004177515802439302,0.07343811939785833,-0.11116306229709,-3.096647331275297e-08,0.0,0.0,9.585694656399111,960,240.29,-0.15835945339473662,0.01,-0.01446158931864499,-0.192082192715156,0.0,-0.002166958162296084,4122,0.3236487,-0.43413047249327547,0.0,0.0,-0.1721303372637143,1.4979476006112575,0.0,-0.20076004424859326,-0.0017062338866713914,-0.015018152594328482,-0.45432095284281865,-0.03581258914191598,-0.5,4292,-0.027373054657671446,0.575560799,0.0,-0.007956226278717319,-34.07879295349121,0.9993833899497986,0.1469644945114851,0.2,-0.30638259649276733,0.263232421875,16635,0.000261162156,0.0337138,-0.018087609484791756,1.002323865890503
-0.0023015737435614194,0.22980874155531494,-0.2207520310020313,-0.0817259188330129,-86.32014042,77712552,73.558825,0.0,80.43305954436023,-0.006803385416666733,0.00047471777846415836,0.07227773325318497,-0.11107445193217574,-3.153733858908347e-08,0.0,0.0,9.975635430493204,961,240.09,-0.16266701801179603,0.01,-0.014629828441533706,-0.18811614393540188,0.0,-0.0030911469263077834,4122,0.3237255,-0.4359957180537577,0.0,0.0,-0.17400607889728603,1.474721878685186,0.0,-0.20422424393434274,-0.002052525420211929,-0.015212439024274296,-0.454074771939352,-0.035890318466396294,-0.5,4296,-0.02644303841136758,0.575543135,0.0,-0.008505676974891685,-34.07503604888916,0.9995367527008057,0.12988375276327133,0.2,-0.31269651651382446,0.27056884765625,16639,0.00026115294,0.029827733,-0.01608587979571894,1.0018383264541626
-0.0023661496256099698,0.23145188633709413,-0.22732928464720675,-0.0859226202947417,-87.18161216000003,77730984,73.570345,0.0,81.00816021798295,-0.007259114583333383,0.00047851539824882313,0.07146774293362942,-0.11085918031502097,-3.377134318415382e-08,0.0,0.0,9.993445338518065,962,238.58,-0.17158296912865753,0.01,-0.01522258087403556,-0.19183142774981726,0.0,-0.0027856788709195585,4122,0.3238023,-0.45195046173979997,0.0,0.0,-0.18075002670024137,1.4646046130175783,0.0,-0.21325093890290414,-0.0016702204056369208,-0.015189144420990501,-0.470391438161741,-0.03624780792553847,-0.5,4301,-0.02723497398762266,0.575525471,0.0,-0.008055510959820822,-34.078215980529784,0.9986882209777832,0.37534224390983584,0.2,-0.17475761473178864,0.28931884765625,16643,0.00026114372399999996,0.032148864,-0.01066137666348368,1.0023367404937744
-0.002305636814093343,0.2260151936407034,-0.2174877807049809,-0.08039603498299285,-87.64015243999998,77749416,73.581865,0.0,79.10531777424619,-0.006673177083333397,0.0005664062013642655,0.0729966836010297,-0.1111146053683374,-3.131213498577438e-08,0.0,0.0,9.413992199434398,963,240.55,-0.16492676042218338,0.01,-0.014745059894379686,-0.1844132981440093,0.0,-0.004065135109187615,4122,0.3238791,-0.43545774198295334,0.0,0.0,-0.17419627929093584,1.456751047218353,0.0,-0.20156237811308533,-0.0021825714595192507,-0.015715560484305738,-0.46301463437642,-0.03633708052582736,-0.5,4305,-0.02579537331045775,0.575507807,0.0,-0.009087137656428644,-34.0734058380127,0.9913657307624817,2.2216010987758636,0.2,0.8968775272369385,0.272802734375,16647,0.000261134508,0.023971256,-0.005627412348985672,1.0015599727630615
-0.0022777308518623497,0.2273084098252402,-0.22254373019598217,-0.08438743929134378,-86.36793847000001,77767848,73.59338500000001,0.0,79.55794343883407,-0.006857638888888955,0.0005186628194577578,0.07450398638618767,-0.11117455850197668,-3.185022388667625e-08,0.0,0.0,9.683292180118203,964,240.79,-0.16128223150581117,0.01,-0.014573846952080098,-0.19061876668277528,0.0,-0.0023640516975382176,4122,0.3239559,-0.43252637327775717,0.0,0.0,-0.1721125471815675,1.4957211517478797,0.0,-0.1988146355336607,-0.0013360976487073436,-0.01482805235112382,-0.4485216659156523,-0.03544604120585943,-0.5,4310,-0.027283513935553713,0.575490143,0.0,-0.00811925776846086,-34.07129669189453,0.9970053434371948,0.6144677042961121,0.2,-0.11532849073410034,0.16055908203125,16651,0.000261125292,0.01662629,-0.009921665722504257,1.001554250717163
-0.0022887270967502553,0.22750843510538993,-0.22071507599686294,-0.08162050832668788,-86.57069596000001,77786280,73.604905,0.0,79.62795228688647,-0.006640625000000061,0.0003428818244073126,0.06988287823556735,-0.11100571070364891,-3.1984264847631484e-08,0.0,0.0,9.638664758179123,965,242.22,-0.16442825419092622,0.01,-0.014590049816548085,-0.1870661086396958,0.0,-0.004352649311145932,4122,0.3240327,-0.4311697638592651,0.0,0.0,-0.17243653548348453,1.4903474212457777,0.0,-0.20104953848615215,-0.0014037779585460266,-0.013996648086387817,-0.45370847402046166,-0.035941590172995655,-0.5,4314,-0.027066682399939524,0.575472479,0.0,-0.009537303026364598,-34.077758598327634,0.9991326332092285,0.21392904222011566,0.2,-0.2579774856567383,0.20865478515625,16655,0.000261116076,0.022867437,-0.01905966248596087,1.002189040184021
-0.0023489960453445618,0.2284819831017672,-0.2276518372740142,-0.08448882354932445,-86.41007558999999,77804712,73.61642499999999,0.0,79.96869408561852,-0.007128906250000062,0.0005224606138654053,0.07293481947615296,-0.11090758949975288,-3.304722490785564e-08,0.0,0.0,9.727868714681856,966,240.29,-0.16691978658813011,0.01,-0.014993546727731935,-0.191449052775018,0.0,-0.002732009077735817,4122,0.3241095,-0.4446477350155662,0.0,0.0,-0.17725172479808673,1.4701609594561615,0.0,-0.2092293475444508,-0.0021318902436964727,-0.015860805825475915,-0.4650118565641896,-0.036739142980376914,-0.5,4318,-0.02754645864581862,0.5754548150000001,0.0,-0.008477058973059885,-34.07869625091553,0.9976820349693298,0.5967762008309364,0.2,-0.12708549201488495,0.27176513671875,16659,0.00026110686,0.028230378,-0.008069238229654729,1.0022586584091187
-0.0023331456273571975,0.2305926017796267,-0.22399949403840333,-0.08107352766246548,-87.14873021000001,77823144,73.627945,0.0,80.70741062286935,-0.007291666666666714,0.0009613709213833014,0.07299826251770937,-0.11083464507724693,-3.2091804724712255e-08,0.0,0.0,9.808370482129266,967,240.9,-0.17690161105961313,0.01,-0.01512336550448759,-0.18731189306594473,0.0,-0.0034358765394888182,4122,0.3241863,-0.4413098061078744,0.0,0.0,-0.1806279310029429,1.4654925445867226,0.0,-0.20717681971483579,-0.0018649305404229125,-0.01593971827794989,-0.48024117123108734,-0.03651123319189308,-0.5,4323,-0.027070561401145544,0.575437151,0.0,-0.009161599717723826,-34.08494319915771,0.9988222122192383,0.3360790126025677,0.2,-0.1841854304075241,0.25062255859375,16663,0.000261097644,0.027027544,-0.013796535431174562,1.0029184818267822
-0.00236153089418984,0.23118178548526944,-0.23025766344131604,-0.08508971555723367,-87.29072454000001,77841576,73.639465,0.0,80.91362491984431,-0.007335069444444491,0.0009494352270849049,0.07509181906789056,-0.11108269061435629,-3.157373593013174e-08,0.0,0.0,9.967642788394041,968,235.97,-0.16720270469231352,0.01,-0.015154583375682401,-0.193022293775872,0.0,-0.0014696013049254452,4122,0.3242631,-0.44466743904818706,0.0,0.0,-0.17846195891587058,1.4902433872047345,0.0,-0.20742354965310036,-0.0014564187047980612,-0.015380457519150896,-0.4713900935396165,-0.03645524147091276,-0.5,4327,-0.027819454382574233,0.575419487,0.0,-0.007671533086168993,-34.08763122558594,0.9931610226631165,1.8585580796003343,0.2,0.44143936038017273,0.289501953125,16667,0.000261088428,0.03989695,-0.003984369046520442,1.0027599334716797
-0.0022686034604655937,0.22818629901282805,-0.23449397669466965,-0.08589476121183465,-86.34300322999998,77860008,73.650985,0.0,79.86520465448982,-0.006684027777777841,0.00037597645294024714,0.0733747804113203,-0.11110688335613743,-3.189524421657457e-08,0.0,0.0,9.970624762817382,969,237.71,-0.15508892911710703,0.01,-0.014652817346356952,-0.1974747704232377,0.0,-0.0025150998686422656,4122,0.3243399,-0.43078520723910946,0.0,0.0,-0.17470956907772306,1.5313608769005191,0.0,-0.2014449535099859,-0.0019020387435209468,-0.015724374483506245,-0.4476732964798856,-0.03539729675799583,-0.5,4332,-0.02853201139918303,0.575401823,0.0,-0.007772714410546339,-34.06816215515137,0.9907180070877075,1.8284118175506592,0.2,0.5427545309066772,0.11402587890625,16671,0.00026107921199999996,0.012152253,-0.008538223197683692,1.0009775161743164
-0.0023315072423326067,0.228171836075021,-0.22365863601015365,-0.08418628574753896,-86.58718624000001,77878440,73.66250500000001,0.0,79.86014262625736,-0.007161458333333388,0.0009494353435002267,0.07216098800924992,-0.11079421272981009,-3.1896610339952166e-08,0.0,0.0,9.812805601332318,970,240.58,-0.16263910176964808,0.01,-0.014913158146697933,-0.19054570265986104,0.0,-0.0036420088040087736,4122,0.3244167,-0.43615971806580767,0.0,0.0,-0.1764477614078065,1.4652281826973335,0.0,-0.2057279282802424,-0.0020982508226594595,-0.01605122947579001,-0.45472861146343874,-0.03619232396366651,-0.5,4336,-0.02720444738288689,0.575384159,0.0,-0.008361092028078727,-34.06973857879639,0.9986593723297119,0.290655941516161,0.2,-0.18895551562309265,0.20537109375,16675,0.000261069996,0.025776764,-0.016779691190458836,1.0016751289367676
-0.0023491478072274505,0.22583544998999006,-0.22537920593023955,-0.08407891547861246,-86.62322904000001,77896872,73.674025,0.0,79.04240749649652,-0.007497829861111148,0.0005598955192706651,0.07210171892968123,-0.11096101289113394,-3.250053370476746e-08,0.0,0.0,9.399834312130134,971,238.99,-0.16339714916087217,0.01,-0.014980544443819537,-0.19272144401655436,0.0,-0.0027242550593891473,4122,0.3244935,-0.43819784940193734,0.0,0.0,-0.177488773028486,1.4855251203564437,0.0,-0.20944696194396448,-0.0021828432446737898,-0.016350072544255006,-0.4703945548501276,-0.035832366375673906,-0.5,4340,-0.02719071313459616,0.575366495,0.0,-0.00784229516931292,-34.078107070922854,0.9968105554580688,0.6246621251106262,0.2,-0.16046155989170074,0.2431396484375,16679,0.00026106078,0.02839514,-0.009429280913900584,1.0021905899047852
-0.0023121158449284545,0.23405803948186624,-0.21703283305366416,-0.08309366293188607,-86.58843841000002,77915304,73.68554499999999,0.0,81.92031381865318,-0.007128906250000062,0.0006749129614844504,0.07180629280676376,-0.11090009021291397,-3.1798982895909925e-08,0.0,0.0,10.41934037575126,972,239.61,-0.1666655008808435,0.01,-0.014722973984727002,-0.18487502244821732,0.0,-0.0030598065481512427,4123,0.3245703,-0.4290565960145584,0.0,0.0,-0.1753032052073763,1.4632403066001052,0.0,-0.20703218833215026,-0.0016495203657254612,-0.015247763184480588,-0.4592747102610459,-0.036032695818028676,-0.5,4345,-0.026285432116776482,0.575348831,0.0,-0.008853440852059672,-34.088725090026855,0.9933691620826721,1.8840145498514176,0.2,0.10536426305770874,0.2602294921875,16683,0.000261051564,0.040225733,-0.007556695607490838,1.0032447576522827
-0.0022962917023440703,0.2248505232766067,-0.22200652784167685,-0.08085426713052347,-86.62286422000001,77933736,73.69706500000001,0.0,78.69768314681235,-0.007269965277777828,0.0006130638616418259,0.07221996548508659,-0.11106121174520003,-3.088596381622119e-08,0.0,0.0,9.460425251430925,973,242.54,-0.16490731597722152,0.01,-0.014700379070362476,-0.18511503090741807,0.0,-0.003501950810358314,4123,0.3246471,-0.42896786267071696,0.0,0.0,-0.1754558634603237,1.477899560706498,0.0,-0.1989219208823427,-0.0016692717808377202,-0.01526833964889431,-0.4603487854214017,-0.03581616103259853,-0.5,4349,-0.026841047649000263,0.575331167,0.0,-0.008819939478093551,-34.08669204711914,0.9940145611763,1.825628391901652,0.2,0.26004061102867126,0.23665364583333334,16686,0.000261042348,0.042073786,-0.005528211950634917,1.0026977062225342
-0.002258389428986165,0.22441717856119472,-0.21997427819681825,-0.0802010204769417,-86.83669623,77952168,73.708585,0.0,78.54601249641816,-0.007020399305555619,0.0008251949200510151,0.07120410929138048,-0.1107461769114362,-2.9499540550185852e-08,0.0,0.0,9.379555149360868,974,243.03,-0.16787218140470295,0.01,-0.01451212106640798,-0.18148801160646977,0.0,-0.004389941007323681,4123,0.3247239,-0.42442851426494094,0.0,0.0,-0.17455870844326132,1.4706312522747502,0.0,-0.19439692928823823,-0.0021986954486798117,-0.01577866336557283,-0.4553997679975632,-0.03575856696506589,-0.5,4354,-0.026807177319613316,0.5753135030000001,0.0,-0.010289796235156246,-34.088094520568845,0.9978514313697815,0.48056078106164934,0.2,-0.23907969892024994,0.2176025390625,16690,0.000261033132,0.030324806,-0.013253929978236555,1.0027540922164917
-0.0023086091938291607,0.2234834504710081,-0.2147698930517293,-0.07907260052263962,-87.38689392999999,77970600,73.72010499999999,0.0,78.21920766485283,-0.007476128472222262,0.0010997173958458006,0.07206661961219336,-0.11067162354998518,-3.101507496724352e-08,0.0,0.0,9.28087297313046,975,243.21,-0.17082428486517542,0.01,-0.014686321921098894,-0.17950856393112322,0.0,-0.004530394408601683,4123,0.3248007,-0.42658080131432974,0.0,0.0,-0.17492564038857134,1.434284539302794,0.0,-0.19516270512288802,-0.0016700435086076718,-0.014497812734368398,-0.4562222742714672,-0.03649604859076153,-0.5,4358,-0.025808179973293707,0.575295839,0.0,-0.010560792515106086,-34.076752471923825,0.9993414282798767,0.18088572174310685,0.2,-0.2973458468914032,0.27808837890625,16694,0.00026102391599999996,0.02891239,-0.017087551939766854,1.0019724369049072
-0.0022971573355446443,0.22482137210785777,-0.2156954972601344,-0.07925303889468044,-87.25467846,77989032,73.73162500000001,0.0,78.68748023775022,-0.00736762152777782,0.0008317053822490076,0.07080307959364848,-0.11077772243638345,-2.860243814037773e-08,0.0,0.0,9.275625993803065,976,244.97,-0.17131945290429304,0.01,-0.014622207735360639,-0.17920423566600563,0.0,-0.005045878166767739,4123,0.3248775,-0.42794071983265336,0.0,0.0,-0.17508603526157682,1.4482108339756925,0.0,-0.19189998209909287,-0.0022128956232315786,-0.015811094514664132,-0.46365674123073153,-0.03593267038679024,-0.5,4362,-0.026004567930278468,0.575278175,0.0,-0.011116753424479006,-34.06124210357666,0.9942469000816345,1.638457141816616,0.2,0.1012689471244812,0.237213134765625,16696,0.00026101469999999997,0.042440254,-0.0011076936061726883,1.0007177591323853
-0.002310244221305481,0.2226774995739392,-0.20378648786553788,-0.07830068595469136,-88.21148473,78007464,73.743145,0.0,77.93712485087872,-0.007617187500000025,0.0010818133240617397,0.07272133862253444,-0.11067008716850821,-2.8951828074469825e-08,0.0,0.0,9.08702158559198,977,246.14,-0.17764092412410257,0.01,-0.014575585130243172,-0.17192902483653233,0.0,-0.0051641561834191736,4121,0.3249543,-0.42385449157320193,0.0,0.0,-0.17308559159929426,1.4243537709787992,0.0,-0.19350515460494894,-0.0022292514014879763,-0.01537760331645722,-0.4613340583775199,-0.03639453532099037,-0.5,4369,-0.02460310509800617,0.575260511,0.0,-0.012519338515832916,-34.07940559387207,0.9995369911193848,0.12468296103179455,0.2,-0.3169323205947876,0.26937255859375,16700,0.000261005484,0.0334499,-0.018019924638792872,1.0021867752075195
-0.0022899973997716565,0.2318913891260279,-0.20438181976290345,-0.07692686331232192,-88.27551025999999,78025896,73.754665,0.0,81.16198619410977,-0.007519531250000038,0.0009548604559515499,0.07294190426324708,-0.11081715807977474,-2.7590941856091534e-08,0.0,0.0,9.932764160029931,978,246.49,-0.17352620528704504,0.01,-0.014390712151000221,-0.17262660057412826,0.0,-0.004237860097245002,4121,0.3250311,-0.425445773784901,0.0,0.0,-0.17234881333268884,1.4332407106486569,0.0,-0.18991770300379673,-0.0013841022261503388,-0.015003476550273894,-0.4544230298987552,-0.036319755699577655,-0.5,4373,-0.025039289389319437,0.575242847,0.0,-0.011786374861710809,-34.07200870513916,0.9962803721427917,0.6779034689068795,0.2,-0.14862048625946045,0.29815673828125,16704,0.000260996268,0.024703378,-0.004983502859249711,1.0017695426940918
-0.0022739471621709088,0.22033961265968538,-0.20856347077719964,-0.07771132337935163,-87.12501342,78044328,73.76618500000001,0.0,77.11886443088989,-0.007139756944444502,0.0006244571931246254,0.07164162750240384,-0.11097351780132231,-2.877664962398068e-08,0.0,0.0,8.896411421997978,979,245.07,-0.17003304118857593,0.01,-0.014419325319937651,-0.1755124473879214,0.0,-0.004665017774387511,4121,0.3251079,-0.4189253999319574,0.0,0.0,-0.17217400472285227,1.4507169693177258,0.0,-0.1888942417724374,-0.002147310583888462,-0.015300030854842769,-0.45148838448651507,-0.035816271045575325,-0.5,4378,-0.025517926283033905,0.575225183,0.0,-0.011003906326045075,-34.07416591644287,0.9993718266487122,0.17055120170116425,0.2,-0.29541605710983276,0.2678466796875,16708,0.000260987052,0.027032,-0.016437452146783472,1.0016875267028809
-0.002292881335306841,0.2274969284530303,-0.21494843041754563,-0.08086126660712853,-87.74650564000001,78062760,73.777705,0.0,79.62392495856061,-0.006890190972222288,0.000586479743813268,0.0680933437771625,-0.11086856466061949,-2.9079106439015733e-08,0.0,0.0,9.553002192928965,980,242.88,-0.16848297170795076,0.01,-0.014483567319442487,-0.1833901317294976,0.0,-0.006008017232235526,4121,0.3251847,-0.4180049919586418,0.0,0.0,-0.17167797813677296,1.4671980447653752,0.0,-0.1916706002588292,-0.0015833001306444223,-0.015014540747949109,-0.44856507231465975,-0.03593170020465014,-0.5,4382,-0.026610562127015246,0.575207519,0.0,-0.011031032675721994,-34.07012233734131,0.9995888471603394,0.10786097422242165,0.2,-0.33150041103363037,0.27421875,16712,0.000260977836,0.024871148,-0.01766273706452921,1.0017331838607788
-0.0023132627196784617,0.23433195102428764,-0.21412303041449923,-0.0802940096450762,-87.22368022,78081192,73.78922499999999,0.0,82.01618285850067,-0.007128906250000057,0.0004058156757512026,0.07012321407530482,-0.11084318371478757,-2.9205857613657153e-08,0.0,0.0,10.218161182511896,981,243.7,-0.16304946005442555,0.01,-0.014597472089858475,-0.1792848836773991,0.0,-0.003745926069051304,4121,0.3252615,-0.424187189036931,0.0,0.0,-0.17283401982290617,1.440133514199676,0.0,-0.199401386314179,-0.00219420408440592,-0.015722934597903446,-0.45628456416883384,-0.03637794932068603,-0.5,4386,-0.025856635913145774,0.575189855,0.0,-0.009991675080123564,-34.074139785766604,0.9932609796524048,1.877237331867218,0.2,-0.08269017934799194,0.32132568359375,16716,0.00026096862,0.034895033,-0.004754640569444746,1.001963496208191
-0.0023619470175711013,0.22453831495001275,-0.22014041953055274,-0.08016532463160032,-87.00143978999996,78099624,73.800745,0.0,78.58841023250446,-0.00699869791666673,0.0006228296939904491,0.06627387608527426,-0.11076596994897726,-2.8294102403086933e-08,0.0,0.0,9.327684631620006,982,244.62,-0.17421667178861078,0.01,-0.015039130867124098,-0.1819450224999274,0.0,-0.004762587719989704,4121,0.3253383,-0.4329886991245149,0.0,0.0,-0.17799544452300137,1.471461068334553,0.0,-0.20185090842554898,-0.0030934628223365495,-0.016114438901109144,-0.46791876969290125,-0.03605330615392416,-0.5,4391,-0.02696999465639437,0.575172191,0.0,-0.010827040160721581,-34.07771320343018,0.9984071254730225,0.4008642628788948,0.2,-0.12585076689720154,0.27701416015625,16720,0.00026095940399999996,0.031975854,-0.016232867480721325,1.0021586418151855
-0.002315953175605248,0.21835480310585503,-0.2169931982172364,-0.08212953066670978,-86.94569081,78118056,73.812265,0.0,76.42418108704926,-0.006890190972222289,0.0005278862275493642,0.07174574199754226,-0.11080773610081264,-2.887277742368454e-08,0.0,0.0,8.763775546345375,983,241.49,-0.16258986666452027,0.01,-0.014650001350505744,-0.18292162745120036,0.0,-0.0038242825916311035,4121,0.3254151,-0.4272484250177046,0.0,0.0,-0.17402385475877055,1.4575493550726104,0.0,-0.19431554304223833,-0.0017856301819788119,-0.016410914314439536,-0.45847627372836375,-0.03564786559195844,-0.5,4395,-0.02613954802540463,0.575154527,0.0,-0.009324496110720146,-34.08323307037354,0.9989703893661499,0.2667389325797558,0.2,-0.2349153757095337,0.26004638671875,16724,0.000260950188,0.029966826,-0.014023726258892566,1.0026558637619019
-0.0022973085839505364,0.22303903485109014,-0.21644560683627315,-0.08049405155659603,-86.62411558,78136488,73.823785,0.0,78.06366219788156,-0.006640625000000064,0.00047146262497537665,0.06997579338832924,-0.11104495247301156,-2.976687506376125e-08,0.0,0.0,9.184762160912166,984,242.2,-0.16409107754517094,0.01,-0.01455706176471789,-0.1854093018775692,0.0,-0.004564332830521855,4121,0.3254919,-0.42163939189141997,0.0,0.0,-0.17133530142563808,1.483041850109963,0.0,-0.19430926664161496,-0.002351886050373352,-0.01638976369899657,-0.45184363007841216,-0.03524473361522257,-0.5,4400,-0.026668413754102626,0.575136863,0.0,-0.009616648736280493,-34.06841773986817,0.9937031865119934,1.792603200674057,0.2,0.04856047034263611,0.245263671875,16726,0.000260940972,0.040973704,-0.0006708846893161535,1.001113772392273
-0.0023354861646291557,0.22348194254665663,-0.217509069097764,-0.08150137979998992,-88.20470653000002,78154920,73.835305,0.0,78.21867989132981,-0.00710720486111117,0.0006016707565221521,0.06991784915851434,-0.1107126583366221,-2.9630559410258606e-08,0.0,0.0,9.314678860510687,985,239.22,-0.17350399811160505,0.01,-0.01492847739070327,-0.18312809733732444,0.0,-0.005233235145155811,4122,0.3255687,-0.4398499677792256,0.0,0.0,-0.17745604106492643,1.4479034030933917,0.0,-0.1960957041810442,-0.002557663372045272,-0.016935636662114305,-0.4726439293369038,-0.03658704323452695,-0.5,4404,-0.026506949460578414,0.575119199,0.0,-0.010400880833104666,-34.083570289611814,0.9992663264274597,0.18393163233995438,0.2,-0.28435444831848145,0.20115966796875,16730,0.000260931756,0.022972493,-0.015877249371260404,1.002605676651001
-0.002309894732559542,0.22092761154434903,-0.22546911467137562,-0.08232631644898959,-86.88087233999998,78173352,73.846825,0.0,77.32466404052217,-0.006781684027777842,0.0004378254590038624,0.06833828662677849,-0.11094558681546268,-2.9300977420767463e-08,0.0,0.0,8.950248458418823,986,243.04,-0.17051716234124747,0.01,-0.01461513797107271,-0.186909773185512,0.0,-0.0041421468872152286,4122,0.3256455,-0.42976784356384734,0.0,0.0,-0.1741741844414558,1.4791964610709334,0.0,-0.19614536192939408,-0.0025664021774631307,-0.01644083163723987,-0.4610864322343924,-0.035678743663457455,-0.5,4408,-0.027482558425199404,0.575101535,0.0,-0.01016867625164903,-34.07705802917481,0.9832233786582947,4.587221145629883,0.2,0.6379979252815247,0.27427978515625,16734,0.00026092254,0.033009894,-0.005948811816051602,1.0017662048339844
-0.002331156649575683,0.22888346607583188,-0.21960637616233392,-0.08261642485314795,-86.75334677999999,78191784,73.858345,0.0,80.10921312654116,-0.006857638888888954,0.0005468748665104309,0.07032133030422819,-0.1107757034173793,-2.8003928703262244e-08,0.0,0.0,9.696976385440614,987,242.36,-0.1685823400503146,0.01,-0.014667487809516995,-0.18229805385137568,0.0,-0.0036766418000063433,4122,0.3257223,-0.42765966232604335,0.0,0.0,-0.17361842744376974,1.4775178082187557,0.0,-0.19834106326123085,-0.0027577930091468644,-0.016604623708738622,-0.4629301692243862,-0.03578708626054588,-0.5,4413,-0.026607031789423457,0.575083871,0.0,-0.00972135886129561,-34.06723289489746,0.9966888427734375,0.6100779965519905,0.2,-0.20918598771095276,0.09849853515625,16738,0.000260913324,0.015396361,-0.009918935352470726,1.001230239868164
-0.002336574259010751,0.22234783382460804,-0.21962849491532083,-0.08324322151113078,-87.01818714999999,78210216,73.869865,0.0,77.82174183861281,-0.006901041666666732,0.00040093297785561945,0.06861793765805028,-0.11098089961314446,-2.939660501941257e-08,0.0,0.0,9.244245349548791,988,242.38,-0.16360954777347236,0.01,-0.014798312820546645,-0.18756691523530883,0.0,-0.0037721842691475238,4122,0.3257991,-0.4279140402553587,0.0,0.0,-0.17504989733714707,1.483562736173675,0.0,-0.20118219490652348,-0.0024373932234902237,-0.016314671865658617,-0.45811706228003757,-0.035891255211987605,-0.5,4417,-0.026983976560348715,0.575066207,0.0,-0.00920771458509585,-34.070482063293454,0.9985466599464417,0.3571980372071266,0.2,-0.18504610657691956,0.244775390625,16742,0.00026090410799999996,0.026193911,-0.015273931401316077,1.001482605934143
-0.0023667790006814712,0.22106068557571823,-0.22531721465192486,-0.08439372004109873,-87.49406327999999,78228648,73.881385,0.0,77.37123995150138,-0.007020399305555619,0.000492078753369343,0.0687410504542671,-0.11075958309303424,-3.005034881172908e-08,0.0,0.0,9.034831327084802,989,238.86,-0.1696988342112532,0.01,-0.014953943542856032,-0.18664084836250916,0.0,-0.0033700597358291826,4122,0.3258759,-0.435978448693625,0.0,0.0,-0.17734338856425447,1.4709723311423701,0.0,-0.2030243165239076,-0.0025330112591233447,-0.0173949504618527,-0.4633551527545505,-0.03628946602500293,-0.5,4422,-0.027174360764300284,0.575048543,0.0,-0.009518722318009369,-34.073496627807614,0.9989125728607178,0.2833215594291687,0.2,-0.2815956473350525,0.29371337890625,16746,0.00026089489199999997,0.035599083,-0.01358603568514809,1.0018863677978516
-0.002337797072712068,0.22029966836162407,-0.21913680992253753,-0.08247586582159012,-86.52165448000001,78247080,73.892905,0.0,77.10488392656842,-0.007172309027777831,0.00048068564824966923,0.06979843781144988,-0.11083723733720108,-3.009683190000551e-08,0.0,0.0,8.988415660996903,990,241.16,-0.16302563899663725,0.01,-0.014726662395842869,-0.18460059190050707,0.0,-0.0030464724240072075,4122,0.3259527,-0.43141706366043253,0.0,0.0,-0.17508471387375504,1.471971546594222,0.0,-0.19961580896344472,-0.0031772259118675286,-0.017155502868845193,-0.46454787940618864,-0.035901305724321646,-0.5,4426,-0.026382700365008224,0.575030879,0.0,-0.008699633210198954,-34.075877571105956,0.9925409555435181,1.9447884291410447,0.2,0.9539879560470581,0.3091064453125,16750,0.000260885676,0.031967483,-0.00696929965633899,1.0019922256469727
-0.002284786944910422,0.22681114653093026,-0.22579023388059635,-0.08320095683318614,-86.65552249000002,78265512,73.904425,0.0,79.38390128582559,-0.006835937500000065,0.00032769076319204434,0.0685385982233862,-0.11089292709647391,-2.806003915603041e-08,0.0,0.0,9.649120029038782,991,241.74,-0.1640928421518228,0.01,-0.0144407569547284,-0.18778790440177281,0.0,-0.004481268085235295,4122,0.3260295,-0.4241282581244912,0.0,0.0,-0.1711967857945979,1.5019925424549356,0.0,-0.19612382088678768,-0.0030942947623717864,-0.017136191166724067,-0.44656919972506626,-0.0356063441697024,-0.5,4430,-0.028187501530270165,0.575013215,0.0,-0.01020461882419315,-34.072740173339845,0.9974814057350159,0.5415303915739059,0.2,-0.18771842122077942,0.16951904296875,16754,0.00026087646,0.025105018,-0.009439334919443354,1.0017712116241455
-0.0023857770225510326,0.22574582041205205,-0.22604406068608732,-0.08439933891735339,-86.49074288000001,78283944,73.915945,0.0,79.01103714421822,-0.007519531250000038,0.000462781864270154,0.06729881651306763,-0.11093724244449535,-3.0806508361634187e-08,0.0,0.0,9.404092140840996,992,241.19,-0.1593724228695043,0.01,-0.015037307135774253,-0.19304543344470237,0.0,-0.00281894838728215,4122,0.3261063,-0.44328077140504873,0.0,0.0,-0.17813377081192883,1.4700603896649025,0.0,-0.2079213240632891,-0.003335580280715076,-0.01813442661548699,-0.47153306674486445,-0.03608230315036679,-0.5,4435,-0.02779709466445606,0.574995551,0.0,-0.008354039334032374,-34.08146381378174,0.9992849826812744,0.17080000042915344,0.2,-0.3012550175189972,0.26483154296875,16758,0.00026086724399999997,0.025492942,-0.015443770063575358,1.002358317375183
-0.002366288418668682,0.22166681859611298,-0.21794906472982584,-0.08372885712561955,-87.01700390999999,78302376,73.927465,0.0,77.58338650863955,-0.00708550347222228,0.00033203108857075375,0.06670212619459746,-0.11057873177605143,-2.901876825187235e-08,0.0,0.0,8.99437889402371,993,240.69,-0.16199745059492532,0.01,-0.014935584589081945,-0.1845649740196562,0.0,-0.0037764620821693923,4122,0.3261831,-0.4340323278009158,0.0,0.0,-0.17600422136391916,1.4700603168478272,0.0,-0.20370815414559562,-0.0035857740512693407,-0.017067031763252506,-0.45547008663103195,-0.03621750635161224,-0.5,4439,-0.02699961765109762,0.574977887,0.0,-0.00928461870999955,-34.07711753845215,0.9994503855705261,0.1346273124217987,0.2,-0.3119013011455536,0.27939453125,16762,0.000260858028,0.027982544,-0.017459092591889203,1.0020592212677002
-0.002343424951024062,0.22927120078227894,-0.22256475581786214,-0.08344988205621076,-87.08929428000002,78320808,73.938985,0.0,80.24492027379763,-0.007345920138888937,0.0006380204318298234,0.0708950073604401,-0.11097241332847994,-2.9826762112991115e-08,0.0,0.0,9.81488321796235,994,240.05,-0.16588973816467664,0.01,-0.014902410505406527,-0.18995146097414217,0.0,-0.0037692214177034947,4122,0.3262599,-0.43211082805944906,0.0,0.0,-0.17626100538462966,1.4762525884324005,0.0,-0.20271947500306314,-0.0032365983565757262,-0.017080576996002447,-0.472618695821073,-0.03563239801751378,-0.5,4444,-0.027032965178509463,0.574960223,0.0,-0.008694750462180108,-34.070838928222656,0.9949581027030945,0.6753359124064445,0.2,-0.20856131613254547,0.30958251953125,16766,0.000260848812,0.026394028,-0.0032832589000463485,1.0015968084335327
-0.002326630747209385,0.22414671667968925,-0.22380510406412235,-0.08329047540694533,-86.21679143,78339240,73.95050499999999,0.0,78.45135083789124,-0.006868489583333399,0.0004003904953909417,0.06972956718509463,-0.11074430109245488,-2.925163982559883e-08,0.0,0.0,9.20073033636111,995,240.44,-0.1559326128306894,0.01,-0.014659579249627118,-0.18828455029524166,0.0,-0.002107685907972045,4122,0.3263367,-0.4252885154043324,0.0,0.0,-0.1722510708442202,1.5062200701464648,0.0,-0.19783715505359017,-0.0026167903948868623,-0.016544622086683614,-0.4506654628806642,-0.03560062447109657,-0.5,4448,-0.027626077515851954,0.574942559,0.0,-0.008010343755207336,-34.076514625549315,0.9984051585197449,0.36410750150680543,0.2,-0.24524623155593872,0.2393798828125,16770,0.00026083959599999996,0.027504012,-0.015682056441437452,1.0021162033081055
-0.002353134680589185,0.22417968940212818,-0.22298314781859274,-0.08376278377710483,-86.20148135,78357672,73.96202500000001,0.0,78.46289129074486,-0.007562934027777812,0.0005013018380850554,0.06768670338963195,-0.11094203664122017,-3.020801615338911e-08,0.0,0.0,9.301887825834037,996,240.87,-0.16356460236617987,0.01,-0.014822156854648248,-0.18978320730281173,0.0,-0.002533798127362319,4122,0.3264135,-0.43508906446387885,0.0,0.0,-0.17545936630447492,1.4727781082642444,0.0,-0.20335485528862607,-0.0021547013280417914,-0.016348940399298524,-0.4663987626931669,-0.03589926121804815,-0.5,4452,-0.027198146299638112,0.574924895,0.0,-0.008135941104329605,-34.07635612487793,0.9994436502456665,0.136583923175931,0.2,-0.31830841302871704,0.25753173828125,16774,0.00026083038,0.030150851,-0.014371240779291838,1.0019183158874512
-0.0023562494722545657,0.22239304620054934,-0.22331263726172398,-0.08584932536907477,-86.85000070999996,78376104,73.973545,0.0,77.83756617019228,-0.007389322916666712,0.0005620656560899483,0.06844667881449668,-0.11076974325445019,-2.988924215526498e-08,0.0,0.0,9.170364741508946,997,238.89,-0.16278735234470432,0.01,-0.014925196877910591,-0.1897320781867443,0.0,-0.0024032660991826146,4122,0.3264903,-0.4338975243847907,0.0,0.0,-0.17581254990642337,1.4893615190157004,0.0,-0.20215476578378394,-0.0021542777375482464,-0.016463923677975792,-0.4653658827538816,-0.036105335347553266,-0.5,4457,-0.027367374274459996,0.574907231,0.0,-0.008109492256254371,-34.07403221130371,0.9995430707931519,0.12699982337653637,0.2,-0.30785226821899414,0.280078125,16778,0.000260821164,0.03108939,-0.018165576597675683,1.002340316772461
-0.0023465549827704616,0.22765930890031555,-0.22684195133744345,-0.0857781835357018,-86.95780833,78394536,73.98506499999999,0.0,79.68075811511044,-0.00719401041666672,0.0005929899343755096,0.071696184065845,-0.11069086909434067,-2.9253771394905843e-08,0.0,0.0,9.72719882402142,998,237.85,-0.16411571413918324,0.01,-0.014929865634634585,-0.19083645094491616,0.0,-0.0020706274114979874,4122,0.3265671,-0.43298226328866063,0.0,0.0,-0.1757832349162226,1.5012728595544071,0.0,-0.20171526035381537,-0.0022342066728302016,-0.01641849892593207,-0.4673769616426085,-0.03627202844727593,-0.5,4461,-0.027420777043139357,0.574889567,0.0,-0.007845143307349645,-34.06265531267439,0.9939076900482178,2.020974712712424,0.2,0.0977640151977539,0.23866489955357142,16780,0.000260811948,0.046645053,0.00027305913889514547,1.0007855892181396
-0.002330868851709934,0.22766513912748285,-0.22525107467636715,-0.08473536380649811,-86.62142724999998,78412968,73.996585,0.0,79.682798694619,-0.0071397569444445,0.00048828091368907027,0.07042012571132071,-0.11071128790837688,-3.031594941730379e-08,0.0,0.0,9.63244027224096,999,239.8,-0.1643671149037265,0.01,-0.014760372774433678,-0.190681713384102,0.0,-0.0020646262554512417,4122,0.3266439,-0.4306405916162974,0.0,0.0,-0.17482591321717383,1.494230300593964,0.0,-0.20297399346873826,-0.0019642795643392066,-0.015814986904399236,-0.4628765347014235,-0.03651786698594005,-0.5,4466,-0.02757395281420893,0.574871903,0.0,-0.008442471885549216,-34.07781925201416,0.9986252784729004,0.33793486654758453,0.2,-0.23351559042930603,0.24410400390625,16784,0.000260802732,0.029556662,-0.017697025078814477,1.0019748210906982
-0.002414137069075241,0.2304448286914016,-0.22619417493765795,-0.08638334095131876,-86.03831207000002,78431400,74.008105,0.0,80.65569004199055,-0.007302517361111163,0.0004964190270079093,0.07008627240772954,-0.11046125507963028,-3.133762978020686e-08,0.0,0.0,9.763483883207867,1000,239.71,-0.16739868690870371,0.01,-0.015176749834230431,-0.1914944892742008,0.0,-0.002206200707669038,4122,0.3267207,-0.437215885212019,0.0,0.0,-0.17770987253851322,1.4901938102913546,0.0,-0.20950966513822364,-0.0022956117452696163,-0.016731932882738536,-0.4698726578487997,-0.03710923928201023,-0.5,4470,-0.027946068926311518,0.574854239,0.0,-0.007936288625286479,-34.07403411865234,0.9988740086555481,0.2282063342630863,0.2,-0.2666504979133606,0.237353515625,16788,0.000260793516,0.025753733,-0.012920714891515672,1.0021276473999023
-0.0023789393488749463,0.23043445478881042,-0.22960375272863706,-0.08659610837834181,-85.79033481999998,78449832,74.019625,0.0,80.65205917608364,-0.007237413194444496,0.0004665796554440425,0.07186658927752033,-0.11084798468441451,-3.1296458785383234e-08,0.0,0.0,9.84353124617695,1001,238.51,-0.16352743685558208,0.01,-0.015132752044103396,-0.19527376386588705,0.0,-0.0013379321033884365,4123,0.3267975,-0.43383077433249667,0.0,0.0,-0.17955817990077136,1.5110606093246484,0.0,-0.20334285861610243,-0.0026754656503923282,-0.016502740751697817,-0.4786458667905087,-0.036035232369237086,-0.5,4474,-0.02804805448926674,0.574836575,0.0,-0.00711719961448883,-34.077057456970216,0.9993568658828735,0.1668445348739624,0.2,-0.3088783025741577,0.26796875,16792,0.00026078429999999996,0.032566465,-0.021232174267061053,1.0019782781600952
-0.00236973030699772,0.23077291782899095,-0.22440209390710594,-0.08440511667328429,-86.65133694000001,78468264,74.03114500000001,0.0,80.77052124014683,-0.007085503472222279,0.00021104592855812775,0.06832989021782611,-0.11054200689760117,-3.0400263627489315e-08,0.0,0.0,9.906833278669708,1002,237.4,-0.16496283633791478,0.01,-0.015068371241741754,-0.1857779599618066,0.0,-0.0022401924067972393,4123,0.3268743,-0.42946065484537005,0.0,0.0,-0.1785726265158571,1.478486503710136,0.0,-0.20461823469419038,-0.0024281622135008357,-0.015793037753095998,-0.4611647967807082,-0.03661719286529473,-0.5,4479,-0.027541050885857486,0.574818911,0.0,-0.008432977216822716,-34.07288875579834,0.9995403289794922,0.12618992514908314,0.2,-0.31391626596450806,0.28310546875,16796,0.00026077508399999997,0.03298478,-0.016764531785156578,1.0020909309387207
-0.0023427137182611144,0.21900761324183132,-0.21855138915386008,-0.08196667275564154,-86.71364275999998,78486696,74.042665,0.0,76.65266463464096,-0.007085503472222282,0.0005588104476272645,0.07109008097406255,-0.11077837798787235,-2.8980572516048082e-08,0.0,0.0,8.78284141104659,1003,239.75,-0.16260511375679973,0.01,-0.014744560540988907,-0.18421014176309616,0.0,-0.0033550434938004986,4123,0.3269511,-0.4309146785761462,0.0,0.0,-0.17375931290392668,1.468198478807996,0.0,-0.19669092382717976,-0.002217662430247733,-0.01564412030893413,-0.4551209832073926,-0.03659724532270474,-0.5,4483,-0.026494394255389627,0.574801247,0.0,-0.008188839065648304,-34.06288805874911,0.9880887866020203,2.618897958235307,0.2,0.488069623708725,0.2579678622159091,16799,0.000260765868,0.045057755,-0.00041346455162221736,1.000762701034546
-0.00237130511886787,0.22377197951442243,-0.22506056123719276,-0.08322496718194057,-86.77250172,78505128,74.05418499999999,0.0,78.32019283004784,-0.007031250000000062,0.00022135402670957975,0.07026383693056223,-0.11041604746637683,-2.988091395200892e-08,0.0,0.0,9.274546586243167,1004,237.77,-0.16783051513930122,0.01,-0.015080941770624606,-0.1865200035356114,0.0,-0.0024456020682882807,4121,0.3270279,-0.4343304590075563,0.0,0.0,-0.17795433210558526,1.48202147211635,0.0,-0.20374594843557212,-0.0023323839203913104,-0.016483157889013,-0.4677557552971991,-0.036376630012250076,-0.5,4489,-0.027292240208985626,0.574783583,0.0,-0.00793913673583625,-34.0678617477417,0.9985949993133545,0.3397687844932079,0.2,-0.26242342591285706,0.13170166015625,16803,0.000260756652,0.017026339,-0.015638509369455277,1.0014557838439941
-0.0024242713089231756,0.23144871210487786,-0.2218337776994792,-0.08432166289154722,-86.74138993000001,78523560,74.06570500000001,0.0,81.00704923670725,-0.007378472222222267,0.0004280595716813372,0.0709842592591576,-0.11080263903049416,-3.165877791201862e-08,0.0,0.0,9.886254383441086,1005,238.54,-0.166074255202752,0.01,-0.015202847524988846,-0.18752840971669044,0.0,-0.002306285059850798,4121,0.3271047,-0.4332088706306616,0.0,0.0,-0.17789381558449235,1.478784791429874,0.0,-0.2120618515562122,-0.0028699042446045427,-0.01642460473630971,-0.4695937352607966,-0.036406664450195636,-0.5,4494,-0.02671149956315767,0.574765919,0.0,-0.007841888841034638,-34.07106380462646,0.9909944534301758,2.2540784537792207,0.2,0.8961948156356812,0.206103515625,16807,0.00026074743599999997,0.022117907,-0.006724412040784955,1.0015733242034912
-0.0023613930338233276,0.22650973627745402,-0.22051379479351035,-0.0825953398592238,-86.51261948999998,78541992,74.077225,0.0,79.2784076971089,-0.0071180555555556135,0.0004551864371428059,0.06967347681096521,-0.11072876184052875,-3.111292584533702e-08,0.0,0.0,9.468117161630648,1006,240.27,-0.1712488372092624,0.01,-0.014951722365890105,-0.18516606417877024,0.0,-0.003299571725781672,4121,0.3271815,-0.4294901248480809,0.0,0.0,-0.17590224962756834,1.492745473775423,0.0,-0.20382834994075416,-0.0020814960597086616,-0.016365713690984166,-0.460893174487834,-0.0362946537255,-0.5,4498,-0.02688359624174967,0.574748255,0.0,-0.008809495621891174,-34.07016487121582,0.9974713325500488,0.5158801913261414,0.2,-0.19011881947517395,0.17684326171875,16811,0.00026073822,0.021180928,-0.015175202547106892,1.001604676246643
-0.0023651365652081415,0.22550985464202566,-0.22525158966995854,-0.08367159564181388,-86.35868045,78560424,74.088745,0.0,78.92844912470898,-0.007313368055555599,0.0006684023990399308,0.07073723346712292,-0.11080295612316403,-3.043031222175143e-08,0.0,0.0,9.544461916996534,1007,240.36,-0.16599822592672153,0.01,-0.014958434903326403,-0.1860439905835223,0.0,-0.0023542992407651615,4121,0.3272583,-0.4312658903034474,0.0,0.0,-0.1760952976193297,1.496085212557653,0.0,-0.20533338133303916,-0.00237865561660371,-0.01683795037414829,-0.4624375399336751,-0.03638586560876301,-0.5,4503,-0.027560755722426902,0.574730591,0.0,-0.00869542754177625,-34.07747097015381,0.9988654255867004,0.25898139625787736,0.2,-0.2747620642185211,0.252587890625,16815,0.000260729004,0.026824743,-0.016878852958325297,1.0023553371429443
-0.002422388391673378,0.231375290750248,-0.2193212792134222,-0.08158224122706212,-86.67012761,78578856,74.10026500000001,0.0,80.98135176258681,-0.0072157118055556045,0.00048611088035007316,0.06732586682818088,-0.11069223235891068,-3.2284530900580574e-08,0.0,0.0,9.922417870281599,1008,241.99,-0.17417263476270706,0.01,-0.015297622639747155,-0.18165814867790037,0.0,-0.003773054813670116,4121,0.3273351,-0.43607963934971894,0.0,0.0,-0.18019531344870332,1.458283230384366,0.0,-0.2090622632633844,-0.0014092706302366782,-0.015326120084136339,-0.48000122460598976,-0.03666588781640907,-0.5,4507,-0.02662066069277104,0.574712927,0.0,-0.009072082092946706,-34.0850212097168,0.9989333152770996,0.27732159942388535,0.2,-0.25675421953201294,0.2759765625,16819,0.00026071978799999996,0.027165508,-0.012466133118141442,1.0025548934936523
-0.0023656122038573646,0.2243534728467446,-0.21456554445992934,-0.08155187213980877,-86.34024099,78597288,74.111785,0.0,78.52371549636061,-0.006922743055555622,0.00030924465843579837,0.06831802872425081,-0.1106650691989239,-2.92453115727096e-08,0.0,0.0,9.327053683433565,1009,241.27,-0.1692846036725875,0.01,-0.014880567485516444,-0.17873132493856347,0.0,-0.0031492433285571202,4121,0.3274119,-0.42702732469099686,0.0,0.0,-0.17594710270278532,1.4595088338575026,0.0,-0.20403190513433722,-0.0020062851801981264,-0.015571652917327048,-0.46072202625987096,-0.03594901352180274,-0.5,4512,-0.025975417780950426,0.574695263,0.0,-0.009312288281055063,-34.0775390625,0.999210774898529,0.2134355954825878,0.2,-0.262493371963501,0.28316650390625,16823,0.000260710572,0.02755883,-0.015282857627607883,1.0021319389343262
-0.002373967529999533,0.22235761495806278,-0.21605899187179103,-0.08104882722022227,-86.23928166,78615720,74.123305,0.0,77.82516523532198,-0.0067925347222222866,0.0005371093607714607,0.06821265503424927,-0.11090793189026728,-3.083834858326256e-08,0.0,0.0,9.179123680295369,1010,242.14,-0.17291473540220037,0.01,-0.014945241777836574,-0.18136663930092412,0.0,-0.003382154048513324,4121,0.3274887,-0.4318998068570908,0.0,0.0,-0.17671948781656097,1.4769152310109923,0.0,-0.20310392233086896,-0.001281344461071099,-0.015048485342429712,-0.46584804000081514,-0.035520466023697184,-0.5,4516,-0.02614889795687755,0.574677599,0.0,-0.009042650566294065,-34.08134841918945,0.9977006912231445,0.6952051654458046,0.2,0.22417736053466797,0.30140380859375,16827,0.000260701356,0.03282704,-0.006577342876698822,1.002424955368042
-0.0023191740734029285,0.22698664033986662,-0.22245121020724914,-0.08420061352917034,-87.0971952,78634152,74.134825,0.0,79.44532411895332,-0.007031250000000062,0.0007014971989620891,0.06768911773564984,-0.11073100281075351,-3.028381324895358e-08,0.0,0.0,9.516703248556068,1011,241.49,-0.17097519308389222,0.01,-0.014755292240049166,-0.1838120717426306,0.0,-0.0053722663172046554,4121,0.3275655,-0.4234673746334208,0.0,0.0,-0.174057978958793,1.4850297734657376,0.0,-0.2000965677725453,-0.0015643989584451152,-0.015194357990616423,-0.4543418397054871,-0.03562528403642378,-0.5,4520,-0.027535254119384085,0.574659935,0.0,-0.010027752411487099,-34.07770252227783,0.9984254837036133,0.43298024535179136,0.2,-0.19180160760879517,0.28447265625,16831,0.00026069214,0.033645313,-0.011488705174997449,1.0021677017211914
-0.002439071400907484,0.2259806595630128,-0.22484158183773267,-0.08357420873983123,-86.39717689999999,78652584,74.146345,0.0,79.09323084705449,-0.007389322916666711,0.0007177732768468559,0.0667038943866411,-0.11081085913979344,-3.217956413168407e-08,0.0,0.0,9.402246896142303,1012,239.78,-0.1751537367800808,0.01,-0.015307886929190424,-0.18472329977546365,0.0,-0.002783687723071008,4122,0.3276423,-0.44488845054147813,0.0,0.0,-0.18181316039205642,1.4611919017087827,0.0,-0.2131242058078773,-0.00230779363990461,-0.016385505353192067,-0.4810384954257315,-0.03613334083805247,-0.5,4525,-0.027181063706325524,0.574642271,0.0,-0.008884908211055316,-34.07922706604004,0.9935822486877441,1.5827060908079147,0.2,0.46771925687789917,0.3014892578125,16835,0.000260682924,0.031198049,-0.004612972028553486,1.0020631551742554
-0.0024038193971555183,0.22295533323977554,-0.2197681940941132,-0.08212055311360081,-86.00901377,78671016,74.157865,0.0,78.03436663392144,-0.007183159722222275,0.0008458114850024382,0.07062647086963267,-0.1109201753526213,-3.1559914031406524e-08,0.0,0.0,9.267127308793665,1013,239.01,-0.17085489211510185,0.01,-0.015290690946341797,-0.18417895576970228,0.0,-0.002376277621606653,4122,0.3277191,-0.4367500456593988,0.0,0.0,-0.18044551512447915,1.476782445243809,0.0,-0.20543994800070223,-0.0020295927437937802,-0.016146327278820795,-0.47193344235065804,-0.03572778679179808,-0.5,4529,-0.026510882608965242,0.5746246070000001,0.0,-0.007874440684746433,-34.06946907043457,0.9949225783348083,0.8445363953709603,0.2,-0.11095252633094788,0.1251953125,16839,0.000260673708,0.015683973,-0.009641393332276493,1.001326560974121
-0.0022931454171930803,0.23176208578885782,-0.2181088024330685,-0.08289660411668281,-85.65653062999998,78689448,74.169385,0.0,81.11673002610024,-0.006716579861111176,0.0005870223911996516,0.07328009837500901,-0.11099033155601812,-3.0161394617571544e-08,0.0,0.0,10.056521414317261,1014,240.2,-0.16215931355739124,0.01,-0.014572362178135907,-0.18645615049157047,0.0,-0.002456959908933921,4122,0.3277959,-0.4150481091882764,0.0,0.0,-0.17168409184199881,1.5121057783331242,0.0,-0.19712483096588007,-0.0017588010109691407,-0.014926608428101288,-0.4490390150919235,-0.034647566892409665,-0.5,4534,-0.026718862249911084,0.574606943,0.0,-0.008364889706071053,-34.068951797485354,0.9936448335647583,1.2431670755147934,0.2,-0.09819218516349792,0.1064208984375,16843,0.000260664492,0.0139433015,-0.006775005976669491,1.0011874437332153
-0.0024064667154190893,0.2225443639036741,-0.2308632919470012,-0.08537355924863807,-86.13985746,78707880,74.180905,0.0,77.89052736628594,-0.007031250000000062,0.0012131073486266865,0.06868411141815516,-0.11071955539157576,-3.144571283414271e-08,0.0,0.0,9.166579734219518,1015,240.11,-0.1674628759548855,0.01,-0.015115974124416382,-0.1923737961682192,0.0,-0.002812047596689405,4122,0.3278727,-0.4296699540233957,0.0,0.0,-0.17714990922738516,1.5043295930072311,0.0,-0.20874031021776923,-0.0019033794801465798,-0.01563401176732452,-0.46456664199911035,-0.035408234217090814,-0.5,4538,-0.028576233478759625,0.574589279,0.0,-0.008922884452557709,-34.07724170684814,0.9993740916252136,0.1568210482597351,0.2,-0.30462825298309326,0.2363037109375,16847,0.00026065527599999997,0.027494336,-0.02033738457830623,1.002349615097046
-0.0024143326953833667,0.23058671310433526,-0.2236254496039053,-0.08350747140804121,-86.27008787000003,78726312,74.192425,0.0,80.70534958651734,-0.00710720486111117,0.0009190535282767895,0.07170092020831847,-0.11094510543782415,-3.248404908448072e-08,0.0,0.0,9.793638575122934,1016,240.79,-0.1722980717144108,0.01,-0.015358013482543778,-0.18934003020032128,0.0,-0.002672410066459044,4122,0.3279495,-0.44223756396777425,0.0,0.0,-0.181924944391188,1.4659790819870033,0.0,-0.20807512821840413,-0.001806095938110344,-0.015897162799740766,-0.47947107521298155,-0.036171260754178876,-0.5,4542,-0.026788841089431324,0.574571615,0.0,-0.00839160977920983,-34.086483764648435,0.9988537430763245,0.3118880443274975,0.2,-0.20203110575675964,0.29041748046875,16851,0.00026064606,0.031511623,-0.015288576006423683,1.0028191804885864
-0.0023881930615076426,0.2272952453353731,-0.22063350177181892,-0.08373232201094677,-86.61139755999997,78744744,74.203945,0.0,79.55333586738058,-0.007031250000000062,0.000993923348788586,0.07380304448035443,-0.11094529490579272,-3.086149940154791e-08,0.0,0.0,9.719474992897583,1017,237.64,-0.16846780030904998,0.01,-0.015194668623466835,-0.18808573705323733,0.0,-0.0027021900857129195,4122,0.3280263,-0.4340152958072186,0.0,0.0,-0.17834920700800222,1.4769215132651354,0.0,-0.20718248562420058,-0.0020557641582459995,-0.01551685560240044,-0.4680072150536316,-0.035810381501492926,-0.5,4547,-0.02648135770055849,0.574553951,0.0,-0.00813784079218749,-34.08983936309814,0.9994261264801025,0.16187128536403178,0.2,-0.3041146397590637,0.27625732421875,16855,0.000260636844,0.029595274,-0.015132035862188786,1.003205418586731
-0.0023373723284086717,0.23177273701500933,-0.21959333025860991,-0.08257723929819996,-86.9743993,78763176,74.215465,0.0,81.12045795525327,-0.0070746527777778385,0.0011387802272414167,0.07002646598179557,-0.11080760432726121,-3.001197579019385e-08,0.0,0.0,9.954689512913005,1018,238.44,-0.1685448663686089,0.01,-0.014875095371515363,-0.18395157091985168,0.0,-0.00314073656756001,4122,0.3281031,-0.4251770212653018,0.0,0.0,-0.17586449897914316,1.4792285880069196,0.0,-0.20217865464814666,-0.002007306869107442,-0.015430054756938542,-0.4581377748880829,-0.035546790055449175,-0.5,4551,-0.026657674079715185,0.574536287,0.0,-0.008924105971042687,-34.0801362991333,0.9886117577552795,3.0109495341777803,0.2,0.8051223754882812,0.306787109375,16859,0.00026062762799999997,0.029830843,-0.00621495300438255,1.0020771026611328
-0.002395741308690704,0.2289304837083287,-0.21686464447558937,-0.08234490990800275,-85.97017302000002,78781608,74.22698500000001,0.0,80.12566929791504,-0.006966145833333399,0.0007351343649336033,0.07154131180176883,-0.111076635353314,-3.017831288246443e-08,0.0,0.0,9.894174498140794,1019,241.66,-0.17045202675638202,0.01,-0.01512671749774195,-0.18459682509948985,0.0,-0.002868261074020721,4122,0.3281799,-0.4313004946295877,0.0,0.0,-0.1785455764445657,1.4766551323201131,0.0,-0.20831452943634862,-0.0029587250317997284,-0.015951921419918906,-0.4715302464405198,-0.03532058323977488,-0.5,4556,-0.026205818542377784,0.574518623,0.0,-0.008401375477357457,-34.075137519836424,0.994617760181427,1.5958580195903778,0.2,0.11596852540969849,0.21126708984375,16863,0.000260618412,0.022964176,-0.010867359885014593,1.0019930601119995
-0.002342618430347552,0.22385398687306174,-0.22568699910975765,-0.08452429065738805,-86.05902601,78800040,74.238505,0.0,78.34889540557161,-0.006976996527777842,0.0007579208532762197,0.07064264466904585,-0.11080139276285177,-3.058092062067067e-08,0.0,0.0,9.309938126427834,1020,241.16,-0.16932418634851187,0.01,-0.0148787777663993,-0.18856315993302178,0.0,-0.003274870994618337,4122,0.3282567,-0.4159835370537611,0.0,0.0,-0.1752496026975293,1.5158660443707364,0.0,-0.2002716200166007,-0.0016149332724455122,-0.015776140427047298,-0.4597323886709373,-0.03515698202528397,-0.5,4560,-0.02790511885595242,0.574500959,0.0,-0.008653109940092286,-34.08293132781982,0.9987640976905823,0.3223175972700119,0.2,-0.24604567885398865,0.25986328125,16867,0.000260609196,0.026089331,-0.014341157511807978,1.0024393796920776
-0.0024055179309251714,0.227035970099728,-0.22005562953446817,-0.08092813496833476,-86.50099700999999,78818472,74.250025,0.0,79.46258953490481,-0.007476128472222263,0.0009315318764290876,0.07011202921022924,-0.11081132341924513,-3.093117639229429e-08,0.0,0.0,9.576108045253575,1021,241.34,-0.1742783443722697,0.01,-0.015249293963797504,-0.1808905001493745,0.0,-0.003591371620230573,4122,0.3283335,-0.42666457373236155,0.0,0.0,-0.1801053021844906,1.4545923582221176,0.0,-0.20732737655755057,-0.0025340084503618363,-0.01540096735311073,-0.4729288467712405,-0.03613805408143697,-0.5,4564,-0.02629375408144234,0.5744832950000001,0.0,-0.00889684461193004,-34.07915859222412,0.9990948438644409,0.226075279712677,0.2,-0.2718949317932129,0.23514404296875,16871,0.00026059997999999996,0.024923299,-0.015222853166051209,1.0022557973861694
-0.0024123416407673395,0.23717227821016598,-0.2204962558221534,-0.08384426396129274,-86.6856047,78836904,74.261545,0.0,83.01029737355809,-0.007194010416666719,0.001151258242316544,0.07335910841615818,-0.11080712985292233,-3.185595456434627e-08,0.0,0.0,10.459069098107003,1022,241.69,-0.17537161286300976,0.01,-0.015265922209743666,-0.1862036798101842,0.0,-0.0033878521675038257,4122,0.3284103,-0.4230970208560311,0.0,0.0,-0.1783607417197007,1.478226319023018,0.0,-0.21104306662341102,-0.0024834750980624225,-0.015477474161152546,-0.4680884474238167,-0.03598473130204633,-0.5,4569,-0.026524134984862807,0.574465631,0.0,-0.008896844086444212,-34.079742431640625,0.9931787848472595,1.9625842779874803,0.2,0.7994275689125061,0.278076171875,16875,0.000260590764,0.028276887,-0.006107676238752901,1.002112865447998
-0.002367829451241221,0.22985395909067274,-0.2204017487607332,-0.08298508224955313,-86.57440190000001,78855336,74.273065,0.0,80.44888568173546,-0.00703125000000006,0.0007085499722355356,0.07099947574314318,-0.11069927334292326,-3.089922460891352e-08,0.0,0.0,9.83546404947178,1023,240.83,-0.17411090525707634,0.01,-0.015106815516758437,-0.18293821597974688,0.0,-0.0031112564443466005,4122,0.3284871,-0.41713529269513394,0.0,0.0,-0.17798466327081783,1.49533096072952,0.0,-0.20482955864547614,-0.0026001223666389794,-0.01578811337748866,-0.4562329655844567,-0.03569075899145886,-0.5,4573,-0.02699899949050291,0.574447967,0.0,-0.009548425412504002,-34.07181968688965,0.9924215078353882,2.155671367049217,0.2,0.37107154726982117,0.119970703125,16879,0.000260581548,0.015991928,-0.009201209270395338,1.001582384109497
-0.0024157109988824947,0.2349945412780106,-0.21911694654759367,-0.08345983966458774,-86.82331941000001,78873768,74.28458499999999,0.0,82.24808944730371,-0.007573784722222258,0.0012684456014540046,0.07348828547560533,-0.11080604350234763,-3.245707395281664e-08,0.0,0.0,10.31276946841787,1024,241.5,-0.17448460829079807,0.01,-0.015326102906743895,-0.18487137718636948,0.0,-0.0026486437084978507,4122,0.3285639,-0.42621094689168487,0.0,0.0,-0.181013097638605,1.4542120315522673,0.0,-0.21637458022870198,-0.0020967710458910877,-0.015610529360068561,-0.4747693618412845,-0.03565771515959934,-0.5,4578,-0.026056946270503437,0.574430303,0.0,-0.009190083049664585,-34.076360893249515,0.9923158884048462,2.0117314636707304,0.2,0.07243159413337708,0.17889404296875,16883,0.000260572332,0.02375358,-0.009053907846100629,1.0019396543502808
-0.0024346964316111575,0.2323184882521811,-0.21740969946909458,-0.08275916865370882,-86.91183104000001,78892200,74.29610500000001,0.0,81.31147088826339,-0.007183159722222275,0.0009922959078620705,0.0709351965753609,-0.1108499192648806,-3.283986068737507e-08,0.0,0.0,10.083873718508917,1025,240.95,-0.18130058842254493,0.01,-0.015560626871017162,-0.1824310460500272,0.0,-0.0035439623960736005,4122,0.3286407,-0.43160933537955454,0.0,0.0,-0.1827173110605057,1.4592179521096764,0.0,-0.20991735493527044,-0.0012006913451240954,-0.014600901970279448,-0.47922466866505115,-0.036097008767854065,-0.5,4582,-0.025978444489905286,0.574412639,0.0,-0.009357997287426971,-34.073051643371585,0.9931937456130981,1.2109356582164765,0.2,-0.16242781281471252,0.14212646484375,16887,0.000260563116,0.01322979,-0.008954230579547584,1.0015606880187988
-0.002361268547243819,0.22979964002305264,-0.218025404694526,-0.0844938076094724,-87.30587269,78910632,74.307625,0.0,80.42987400806842,-0.007335069444444493,0.000733506542423533,0.07383111785723251,-0.11088622676530817,-3.124314474357384e-08,0.0,0.0,10.017280675176155,1026,242.81,-0.17235510707519425,0.01,-0.014967408925522459,-0.18363744215205474,0.0,-0.005027975329808349,4122,0.3287175,-0.42477592491665317,0.0,0.0,-0.17634149483031236,1.4695484493731399,0.0,-0.20493430501887597,-0.002303021541708405,-0.015456447796258481,-0.45375807845987737,-0.03535682749697318,-0.5,4587,-0.026469145649655555,0.574394975,0.0,-0.008852492390562676,-34.07297954559326,0.9930053949356079,1.966336590051651,0.2,0.4207132160663605,0.2328857421875,16891,0.0002605539,0.029017234,-0.006147677369881421,1.001646876335144
-0.002366069852386328,0.23693509135991092,-0.22216854351183402,-0.08201645537226676,-86.36166647,78929064,74.31914499999999,0.0,82.92728197596882,-0.0069661458333334,0.0008962671013755931,0.06897514701056805,-0.11079241929193223,-3.085036108545495e-08,0.0,0.0,10.517759048637341,1027,242.71,-0.17464364418177883,0.01,-0.015052482191855046,-0.184991066973785,0.0,-0.0034803828950730367,4122,0.3287943,-0.41761413321365876,0.0,0.0,-0.17798402616838885,1.491985425241972,0.0,-0.20636895748291145,-0.0020380238770533582,-0.015137824858940644,-0.4693097533667305,-0.03566992428789444,-0.5,4591,-0.02698639314158406,0.574377311,0.0,-0.008810173872108053,-34.0749231338501,0.9989097714424133,0.2702753275632858,0.2,-0.25750961899757385,0.22576904296875,16895,0.000260544684,0.025175333,-0.018339519854635,1.0019171237945557
-0.0023854526402555826,0.2344470208537584,-0.22489817042583862,-0.0835687762704023,-86.33191926000003,78947496,74.33066500000001,0.0,82.05645729881545,-0.0070746527777778385,0.0008637152172418104,0.06879493836123765,-0.1108676316707045,-3.2109578568487644e-08,0.0,0.0,10.267650020283028,1028,243.27,-0.17483719852947963,0.01,-0.015127805469315846,-0.1838886060872973,0.0,-0.004402498585837362,4122,0.3288711,-0.42689052883022566,0.0,0.0,-0.17804806201188217,1.4629924115388022,0.0,-0.20949366800355865,-0.0016964696649774329,-0.015068455807198419,-0.46367755167364627,-0.03565657760704456,-0.5,4595,-0.02671425847418415,0.574359647,0.0,-0.009826202450009683,-34.07636985778809,0.9987536072731018,0.3278370603919029,0.2,-0.21980907022953033,0.2655517578125,16899,0.00026053546799999997,0.028526997,-0.014081611309666186,1.0020174980163574
-0.0024318425381000264,0.23040950426940057,-0.22372771797988752,-0.08297128306558162,-86.19364591000001,78965928,74.342185,0.0,80.6433264942902,-0.007237413194444497,0.0008116315616967364,0.07294979172240017,-0.11114534493194486,-3.2279663826851617e-08,0.0,0.0,9.902767211483932,1029,242.64,-0.17166876176600465,0.01,-0.015430955836699999,-0.18758660595268073,0.0,-0.0023850420525450113,4122,0.3289479,-0.43575623923522205,0.0,0.0,-0.18075473529853228,1.4816382230381664,0.0,-0.208911928065839,-0.001821633112226782,-0.01492500830380835,-0.4754821762560343,-0.035776906773833196,-0.5,4600,-0.026816642008668592,0.5743419830000001,0.0,-0.008235496358894225,-34.076887130737305,0.9992506504058838,0.21138316467404367,0.2,-0.26016440987586975,0.2646728515625,16903,0.000260526252,0.031310268,-0.017906299140304328,1.0022367238998413
-0.002312003470847383,0.23082678458727152,-0.22544400992851785,-0.08413719487472145,-86.0716921,78984360,74.35370499999999,0.0,80.78937460554504,-0.006933593750000066,0.0005843096684354047,0.07350036591473452,-0.11095957667411842,-3.102174079954276e-08,0.0,0.0,10.037236430842723,1030,241.44,-0.16570305725028167,0.01,-0.014800193434676716,-0.18588251640204356,0.0,-0.0029312064345567664,4122,0.3290247,-0.416342549226425,0.0,0.0,-0.174453914391239,1.5093938172243806,0.0,-0.19921074169915587,-0.001150391468789729,-0.013962101258071933,-0.4449879557980662,-0.03513106784898106,-0.5,4604,-0.027263586151598868,0.574324319,0.0,-0.008621101017019505,-34.07528953552246,0.9995753169059753,0.11207130812108516,0.2,-0.3236992061138153,0.2829833984375,16907,0.000260517036,0.02915073,-0.016090874560177326,1.002214789390564
-0.0023351127766739013,0.22930806952207514,-0.22283097896180248,-0.08355045223417272,-86.25632421000002,79002792,74.365225,0.0,80.2578243327263,-0.006814236111111176,0.0006803383649740783,0.07039263328062977,-0.11103450636018736,-3.0258642732005064e-08,0.0,0.0,9.724630788573581,1031,242.53,-0.16516274403733974,0.01,-0.014846799989473561,-0.1861541828599717,0.0,-0.0034839538510910797,4121,0.3291015,-0.4218474328256762,0.0,0.0,-0.17560974254695144,1.4898557541932842,0.0,-0.2007012638235942,-0.0016241401367709134,-0.015167216294779648,-0.449897917037226,-0.03536611519872289,-0.5,4611,-0.02711099291591949,0.574306655,0.0,-0.009224261504843727,-34.08207836151123,0.9991871118545532,0.23686619102954865,0.2,-0.24234214425086975,0.29644775390625,16911,0.00026050781999999997,0.026775232,-0.013302822737023235,1.0026257038116455
-0.002444825982935051,0.23421031737833617,-0.23216375047139082,-0.08781873082769831,-86.00696488000001,79021224,74.376745,0.0,81.97361108241766,-0.007356770833333381,0.0005881074596092933,0.0697447410452824,-0.11092629148996656,-3.3385090468555425e-08,0.0,0.0,10.179559217630127,1032,240.67,-0.17772321914486436,0.01,-0.015664725974491638,-0.19272329623383178,0.0,-0.0017529441071556472,4121,0.3291783,-0.44740004112721987,0.0,0.0,-0.18703814449350595,1.4733243295585872,0.0,-0.21796462673702308,-0.0019182407332074766,-0.016119080485233295,-0.48790143223508853,-0.03597862590371071,-0.5,4615,-0.027831427674568913,0.574288991,0.0,-0.008230071011995379,-34.08003673553467,0.9996641874313354,0.09685919396579265,0.2,-0.3295157849788666,0.27679443359375,16915,0.000260498604,0.03038243,-0.017903602949809284,1.002223253250122
-0.0024195229412408434,0.22590906915859368,-0.22504606084513812,-0.0880992604747867,-87.04247874999999,79039656,74.388265,0.0,79.06817420550779,-0.00710720486111117,0.0003808591993422144,0.07262393779035765,-0.11118099298457047,-3.256779351968764e-08,0.0,0.0,9.443156558641313,1033,238.26,-0.17478131584817455,0.01,-0.015364192909564965,-0.19188076277423974,0.0,-0.001599240185032477,4121,0.3292551,-0.4366063720439817,0.0,0.0,-0.1806580351536238,1.5011249094399577,0.0,-0.20961934030133486,-0.0018553926824433692,-0.015204372710212303,-0.4869118067772605,-0.035486020252985036,-0.5,4619,-0.027011148287342097,0.5742713269999999,0.0,-0.007452621632384964,-34.06948471069336,0.9964964985847473,0.7898168683052063,0.2,0.28294837474823,0.2870361328125,16919,0.000260489388,0.022898814,-0.00619249654118903,1.0013717412948608
-0.0023528724624418606,0.22787995770880476,-0.2239174242385108,-0.08684068427733178,-86.68028964000003,79058088,74.39978500000001,0.0,79.75798519808167,-0.00710720486111117,0.0006917313989510553,0.07172873408270491,-0.11100150958855708,-3.136842164970565e-08,0.0,0.0,9.663979658440969,1034,236.9,-0.16555122955300275,0.01,-0.014931981534519773,-0.19222215320197128,0.0,-0.001937386677296839,4121,0.3293319,-0.4210313393505315,0.0,0.0,-0.17565512074926531,1.517255551111961,0.0,-0.20408118985815815,-0.0018250131624578214,-0.015148987009346323,-0.456480671655538,-0.03495326466344731,-0.5,4624,-0.02748507417233745,0.574253663,0.0,-0.00803936945158057,-34.06438083648682,0.9933863878250122,1.5428954362869263,0.2,0.36152079701423645,0.1453125,16923,0.00026048017199999996,0.015850168,-0.009037432493641973,1.0009177923202515
-0.0024176855262555636,0.22967297340919324,-0.22980433784356308,-0.08526213821851959,-85.96400637,79076520,74.411305,0.0,80.38554069321764,-0.007595486111111148,0.0008870437935305139,0.07206177148596911,-0.11095652390698078,-3.321352748961281e-08,0.0,0.0,9.978147398871563,1035,240.14,-0.17312311316995657,0.01,-0.015374825478149704,-0.19304734620552358,0.0,-0.0020766897122567515,4121,0.3294087,-0.4375186093214677,0.0,0.0,-0.18266724441764404,1.4808828225413007,0.0,-0.20851170194200722,-0.0013304266701291236,-0.014493785777706547,-0.4718525639477146,-0.03619827326944476,-0.5,4628,-0.028124287014426916,0.574235999,0.0,-0.008362990432134312,-34.06682205200195,0.9885842800140381,3.3475744783878327,0.2,1.6267709732055664,0.18155517578125,16927,0.000260470956,0.024761641,-0.009915714943781495,1.0011600255966187
-0.0024525661961455314,0.22407632513927545,-0.228537164371063,-0.08436961240186412,-85.84381289000002,79094952,74.42282499999999,0.0,78.4267137987464,-0.007313368055555604,0.0005745439428008265,0.07521037740768242,-0.11113233111462018,-3.2995658007397466e-08,0.0,0.0,9.276484393439002,1036,241.1,-0.1717317110048153,0.01,-0.015528588951595194,-0.19313948804136913,0.0,-0.0019401166569962289,4121,0.3294855,-0.4406472644393744,0.0,0.0,-0.18213924241821272,1.4815237371716972,0.0,-0.20821507608582354,-0.0017900953814403917,-0.015217013358047534,-0.479383412550229,-0.03591917434451725,-0.5,4633,-0.02744613537324472,0.574218335,0.0,-0.007906043237502066,-34.068864059448245,0.9987658262252808,0.28513571098446844,0.2,-0.25499019026756287,0.17933349609375,16931,0.00026046174,0.022094041,-0.016418943682219835,1.0014110803604126
-0.002327949436584801,0.22141203445313085,-0.21933176604376978,-0.08410518438801314,-85.85944609,79113384,74.434345,0.0,77.49421205859579,-0.006629774305555618,0.0004975039919372648,0.07538384063693489,-0.11105366418099244,-3.090531473101111e-08,0.0,0.0,9.002481688259959,1037,241.59,-0.16519541327058873,0.01,-0.014849482218423566,-0.18583364841091915,0.0,-0.002184927337833772,4121,0.3295623,-0.41817918383924124,0.0,0.0,-0.17559764098270358,1.5009458070035053,0.0,-0.19495711414129618,-0.0011378880501051623,-0.014109978923294844,-0.4530195149528882,-0.034909429751488724,-0.5,4637,-0.026655754655990162,0.574200671,0.0,-0.008358379421729801,-34.07366771697998,0.9995099902153015,0.11425828821957111,0.2,-0.3307044208049774,0.2448486328125,16935,0.000260452524,0.026170155,-0.018192511005327105,1.0018272399902344
-0.0023193886998186695,0.22638138978640696,-0.22712798251211705,-0.0849456625696199,-86.31995262999999,79131816,74.445865,0.0,79.23348642524243,-0.006890190972222289,0.0007188583452564975,0.07187907390008501,-0.11087149207110587,-3.0012989999733286e-08,0.0,0.0,9.403474652896364,1038,239.61,-0.16303706984987612,0.01,-0.01478744901701943,-0.19119631938317969,0.0,-0.002666030269188948,4121,0.3296391,-0.4215202839976683,0.0,0.0,-0.17607972778283154,1.521415764342022,0.0,-0.2004397130390824,-0.0026270014602332867,-0.015743182551744794,-0.4515900724865411,-0.03552496532931151,-0.5,4641,-0.02823407065884907,0.574183007,0.0,-0.00869678379159369,-34.080177307128906,0.9992402195930481,0.20127685740590096,0.2,-0.30297595262527466,0.27626953125,16939,0.000260443308,0.028140971,-0.012661759392358363,1.0026977062225342
-0.0024841318326279016,0.22813835299050889,-0.22969082843849448,-0.0867686568657179,-86.65928840000001,79150248,74.457385,0.0,79.8484235466781,-0.007302517361111159,0.0008007809293404636,0.07028097114825131,-0.11067556316236182,-3.337799993539878e-08,0.0,0.0,9.652961462379148,1039,237.09,-0.17510216390329017,0.01,-0.015806836344710615,-0.19552727818739082,0.0,-0.00228389754689077,4121,0.3297159,-0.4454384212967459,0.0,0.0,-0.18772779586740893,1.4671315807267784,0.0,-0.21815914461279637,-0.0020313067924635077,-0.01579018201970076,-0.4916045054251059,-0.035590334908235176,-0.5,4646,-0.02799784229173322,0.574165343,0.0,-0.008095522493628474,-34.08857688903809,0.9933676719665527,2.0434108555316923,0.2,1.103413701057434,0.29219970703125,16943,0.000260434092,0.028624112,-0.006541732046753168,1.0030021667480469
-0.0023954059233852647,0.231789054350089,-0.23193020708807566,-0.08786801575565288,-85.70620564999999,79168680,74.468905,0.0,81.12616902253116,-0.006922743055555623,0.0006846785254310817,0.07363096738530793,-0.11099483124561788,-3.2534662813241426e-08,0.0,0.0,10.077179570639082,1040,239.68,-0.16527870332824257,0.01,-0.015211415976819128,-0.19477511994751728,0.0,-0.0019838517332007727,4121,0.3297927,-0.4257537033693461,0.0,0.0,-0.1793532485099134,1.5283370904938927,0.0,-0.20741819087367303,-0.001309317710462366,-0.015269029921414249,-0.46467285674167663,-0.03544251536916469,-0.5,4650,-0.028538714314153682,0.574147679,0.0,-0.007763627924658876,-34.07964305877685,0.987454354763031,3.0928079783916473,0.2,0.9619108438491821,0.19962158203125,16947,0.000260424876,0.02429626,-0.006601368240080774,1.0019291639328003
-0.0023503877151578815,0.2318730686475476,-0.22866377485363135,-0.08537599982148293,-86.24567802,79187112,74.480425,0.0,81.15557402664166,-0.007085503472222282,0.0006716576042688555,0.07201170367376897,-0.11102720563822689,-3.2344900205887297e-08,0.0,0.0,9.95424039503528,1041,239.48,-0.1698114648851406,0.01,-0.015053302404620942,-0.19195264326024147,0.0,-0.002822188206075351,4121,0.3298695,-0.4272822424029108,0.0,0.0,-0.1794820303884893,1.5050781491510599,0.0,-0.2060326385604114,-0.0017142137980790438,-0.014934696643257124,-0.4650218805701684,-0.03534670420626671,-0.5,4655,-0.028178459849385336,0.574130015,0.0,-0.008837300816796616,-34.07156467437744,0.9979369640350342,0.446002983301878,0.2,-0.2526770532131195,0.1615478515625,16951,0.00026041565999999997,0.021143198,-0.01191000024555251,1.001692533493042
-0.0023696561572366607,0.22462662686674184,-0.22261831856358846,-0.08417580447642588,-86.72591071,79205544,74.491945,0.0,78.61931940335964,-0.007085503472222279,0.0007411020794986851,0.07156197297289817,-0.11103469445471623,-3.3201145434044654e-08,0.0,0.0,9.388603248114988,1042,240.02,-0.17083763500371407,0.01,-0.015107067547562893,-0.18727123524349526,0.0,-0.003116555829052757,4121,0.3299463,-0.4296320934391069,0.0,0.0,-0.1799991959785916,1.4799635182078312,0.0,-0.20612389862822778,-0.0014562048232122145,-0.014758746708579625,-0.4611369835347292,-0.035577272608493325,-0.5,4659,-0.02732466121465761,0.574112351,0.0,-0.009013080946816545,-34.07387847900391,0.9932366609573364,1.4040916383266449,0.2,0.007635772228240967,0.2512939453125,16955,0.000260406444,0.025063556,-0.005934346024878323,1.0016777515411377
-0.0024119834371691554,0.22430074059024102,-0.22864256473498093,-0.0850039925208954,-85.32586439000002,79223976,74.503465,0.0,78.50525920658436,-0.00703125000000006,0.0007161454543367856,0.07226003728704279,-0.1110040115297849,-3.1581525582260965e-08,0.0,0.0,9.311979191028572,1043,240.26,-0.16874361620003606,0.01,-0.015350383881247018,-0.19128932351181394,0.0,-0.0016359239336817513,4121,0.3300231,-0.43557031715816047,0.0,0.0,-0.18315512568058911,1.4857872334392448,0.0,-0.20874841298486435,-0.001951242847029212,-0.015611277162985259,-0.4766125779583985,-0.03554747417886556,-0.5,4663,-0.02774189206591737,0.574094687,0.0,-0.007956904756914204,-34.071933364868165,0.9937490820884705,1.6902499854564668,0.2,0.5757852792739868,0.16982421875,16959,0.000260397228,0.016716542,-0.0077144642011262475,1.0015074014663696
-0.0023885704409287523,0.2325366525218569,-0.21490544203647488,-0.08261828410417019,-87.10168837,79242408,74.514985,0.0,81.38782838264991,-0.007313368055555601,0.0008680550543229199,0.07450082802851643,-0.11089979526425352,-3.120708989572827e-08,0.0,0.0,10.072752716368397,1044,237.62,-0.1757957934185688,0.01,-0.015287039799615872,-0.18616641106071719,0.0,-0.002845448441317726,4121,0.3300999,-0.42868345398726376,0.0,0.0,-0.1823634433417069,1.4645902304803675,0.0,-0.20317626295358704,-0.0017192991849945436,-0.015572823149665948,-0.47099736446422624,-0.03627184531853132,-0.5,4668,-0.02605789461588311,0.574077023,0.0,-0.008705737027210288,-34.07332344055176,0.9980700612068176,0.38828725144267084,0.2,-0.24913057684898376,0.20208740234375,16963,0.00026038801199999997,0.024470616,-0.014198368700454012,1.0017870664596558
-0.0023512808679836644,0.22628490953794483,-0.22407432975612376,-0.08389771255111184,-85.90096107,79260840,74.526505,0.0,79.19971833828069,-0.0068684895833334,0.0009304464717085162,0.07534641502920249,-0.11109610741368142,-3.1674998959483873e-08,0.0,0.0,9.435755562298027,1045,240.53,-0.16559593625683655,0.01,-0.014921307566751613,-0.18869349724715553,0.0,-0.0021892682698190385,4122,0.3301767,-0.41918074509113645,0.0,0.0,-0.17584028362885273,1.5106667678061685,0.0,-0.2009927375395666,-0.0012828126678445574,-0.015066505829899348,-0.45600094182171563,-0.03513127850139411,-0.5,4672,-0.027674522029028942,0.574059359,0.0,-0.00855518304484172,-34.07114028930664,0.9851903915405273,3.43937491774559,0.2,1.0459392070770264,0.22408447265625,16967,0.000260378796,0.027087864,-0.004817277891561389,1.001272201538086
-0.002332865572860693,0.22437898668113904,-0.23047852385407286,-0.08170964612291198,-85.83121917999999,79279272,74.538025,0.0,78.53264533839867,-0.006987847222222288,0.0010991750233289269,0.07269336533480993,-0.11113990272659595,-3.0839412823629e-08,0.0,0.0,9.366523408446817,1046,242.2,-0.17063578583077718,0.01,-0.01491122535827829,-0.19045204669314808,0.0,-0.002924563625750864,4122,0.3302535,-0.42120287592721334,0.0,0.0,-0.17839508178751406,1.5001679248130193,0.0,-0.19911220672266441,-0.0017577045413804107,-0.014505904223159801,-0.46146587838430947,-0.03534667576753073,-0.5,4677,-0.02797246277658402,0.574041695,0.0,-0.00919387989981462,-34.06957092285156,0.9991104006767273,0.22465277463197708,0.2,-0.2828789949417114,0.22481689453125,16971,0.00026036958,0.027347181,-0.0198236930067651,1.001539945602417
-0.002375980635721278,0.22924533468960234,-0.22221997773802826,-0.08263177214202808,-86.19001098999999,79297704,74.549545,0.0,80.23586714136081,-0.007194010416666719,0.0010243052060508893,0.07332113478627757,-0.11114765973221956,-3.252889571114002e-08,0.0,0.0,9.899797217911475,1047,242.59,-0.16787447773219355,0.01,-0.015238100887104564,-0.18725745056767162,0.0,-0.0029870910850722894,4122,0.3303303,-0.4354709010138707,0.0,0.0,-0.1818036154906525,1.4656458329559372,0.0,-0.20456944193820567,-0.0017535074375171458,-0.016044741769697606,-0.46665972312589243,-0.03613816224152597,-0.5,4681,-0.026688304707460073,0.574024031,0.0,-0.008887484942937994,-34.07461433410644,0.9991981387138367,0.19342913553118707,0.2,-0.30785083770751953,0.25341796875,16975,0.000260360364,0.028150946,-0.015233140625059604,1.002036213874817
-0.0023725312149535686,0.2334558538196717,-0.21721399002889402,-0.08166638400142892,-87.36243942000002,79316136,74.561065,0.0,81.7095488368851,-0.007052951388888951,0.0017621522420085967,0.07339765217583161,-0.11100963708674334,-3.1686410841182175e-08,0.0,0.0,10.12313922321318,1048,241.51,-0.17559773464183862,0.01,-0.015103553395567812,-0.1864691400434992,0.0,-0.003789147159404385,4122,0.3304071,-0.42603669296477414,0.0,0.0,-0.17988182013135506,1.4760804332554773,0.0,-0.2040964592271287,-0.0011257753804207217,-0.014953334051527498,-0.46212556809515337,-0.03600357068459448,-0.5,4685,-0.02656198785302471,0.574006367,0.0,-0.0095548007601691,-34.07801990509033,0.9993460178375244,0.17167847082018853,0.2,-0.28811731934547424,0.3156494140625,16979,0.000260351148,0.03492386,-0.016112348681781442,1.0022921562194824
-0.0023141270154894322,0.22434997626924896,-0.21843590654315947,-0.08002263182104065,-86.65845660000001,79334568,74.572585,0.0,78.52249169423713,-0.006901041666666733,0.0011322694481350482,0.07137028325584228,-0.11093571310429669,-3.2947385517468174e-08,0.0,0.0,9.25655940190036,1049,244.44,-0.1716868426434924,0.01,-0.014736567386795484,-0.18251656533509616,0.0,-0.004061881280576907,4122,0.3304839,-0.4155115874759506,0.0,0.0,-0.17527978681398534,1.4838774338105152,0.0,-0.19754927603225977,-0.000996624658110939,-0.01462397976680662,-0.4540367560881762,-0.035313399542453355,-0.5,4690,-0.026811848353931297,0.573988703,0.0,-0.009642419241976717,-34.067298889160156,0.9882792830467224,3.257491556080905,0.2,1.075040578842163,0.28861860795454547,16982,0.000260341932,0.045035057,-0.001692416188730435,1.0010287761688232
-0.002360135218652534,0.22368962954087332,-0.2186857623877787,-0.08006250781247687,-87.02990661,79353000,74.584105,0.0,78.29137033930566,-0.007107204861111168,0.001295572107968231,0.07326514081384866,-0.11106552106883899,-3.150169675557162e-08,0.0,0.0,9.294862146482224,1050,242.85,-0.1735679959109925,0.01,-0.014975107490097398,-0.18241513626010905,0.0,-0.002609455200519053,4122,0.3305607,-0.4221949575943703,0.0,0.0,-0.1785570635352888,1.4567964428216171,0.0,-0.2002004842226756,-0.001282461764972412,-0.01501499243986967,-0.46365378588363065,-0.03536699968966513,-0.5,4694,-0.026566188394662495,0.573971039,0.0,-0.009730988007504493,-34.07007808685303,0.998071014881134,0.44667175263166425,0.2,-0.23497895896434784,0.15994873046875,16986,0.000260332716,0.020459225,-0.014983722846955061,1.0014617443084717
-0.002418604578909435,0.22341843353983715,-0.22434279246234898,-0.08267493452524464,-85.92191961,79371432,74.595625,0.0,78.196451738943,-0.007161458333333388,0.0009407547380154332,0.07110642052296023,-0.11121713867332544,-3.309770718921591e-08,0.0,0.0,9.287010613306567,1051,240.8,-0.17211203074865167,0.01,-0.015407152843412696,-0.18922795650871047,0.0,-0.0023196364748427466,4122,0.3306375,-0.4363773455850924,0.0,0.0,-0.18464106611309072,1.4795525336576838,0.0,-0.2063805146074441,-0.0018445004017606803,-0.015876053714080365,-0.4789820716877544,-0.03610979771176867,-0.5,4699,-0.027381159450755897,0.573953375,0.0,-0.008359057912861722,-34.07520294189453,0.9932427406311035,1.8743789672851563,0.2,0.6951401829719543,0.2778076171875,16990,0.0002603235,0.032448374,-0.005434523359872401,1.001888632774353
-0.0023350484144249012,0.2248272031892192,-0.21781185007327225,-0.08090242200057901,-86.16660543000002,79389864,74.607145,0.0,78.68952111622671,-0.007031250000000062,0.0013476559672401184,0.07122272460279604,-0.1111106110014352,-3.175683504250951e-08,0.0,0.0,9.404081910298586,1052,242.48,-0.16818964564746086,0.01,-0.01481041231162342,-0.183434845020226,0.0,-0.0034234240054574127,4122,0.3307143,-0.4176852445361611,0.0,0.0,-0.17608530384458812,1.4856077200891782,0.0,-0.1998811769028318,-0.0011715331415276156,-0.014324260720925368,-0.4514998623131642,-0.03563848110933332,-0.5,4703,-0.026739100331381507,0.573935711,0.0,-0.009159565469922705,-34.07450218200684,0.9963592290878296,0.9162368431687355,0.2,-0.1628265082836151,0.19588623046875,16994,0.000260314284,0.02369639,-0.008668059634510427,1.0018532276153564
-0.0023684267837925013,0.22782906722689727,-0.22104361552640484,-0.08481511005418717,-86.36055358999998,79408296,74.618665,0.0,79.74017352941405,-0.006901041666666734,0.001390516001265496,0.07055597698127353,-0.11094441454362299,-3.26790120985884e-08,0.0,0.0,9.640769500433896,1053,240.63,-0.16762109521352297,0.01,-0.015010982152759875,-0.18578774340776835,0.0,-0.0027453278621173555,4122,0.3307911,-0.42224003896748363,0.0,0.0,-0.17893577430423888,1.4925140930277514,0.0,-0.2061950098744779,-0.0016826645664390913,-0.014708650675022564,-0.4564063767045915,-0.035682852489535406,-0.5,4707,-0.02710355501481134,0.573918047,0.0,-0.008839335255389515,-34.07799167633057,0.9987297058105469,0.266908011585474,0.2,-0.2460581362247467,0.2481201171875,16998,0.000260305068,0.024929184,-0.012429971189703792,1.0022149085998535
-0.0023994386468216924,0.2281682289263457,-0.2245783613540764,-0.08461074303002697,-85.98355065,79426728,74.630185,0.0,79.85888012422099,-0.00704210069444451,0.0011371524014975876,0.0688627238271621,-0.11089747786213254,-3.490059691621261e-08,0.0,0.0,9.693832931457935,1054,238.94,-0.16412978461615904,0.01,-0.015179542472489711,-0.19296829194912543,0.0,-0.002101832531221736,4122,0.3308679,-0.4266367815004478,0.0,0.0,-0.18082963368674207,1.5047660552081878,0.0,-0.20522763687502085,-0.001144375070752294,-0.014207026595656418,-0.46231159680194256,-0.035808547046633554,-0.5,4712,-0.02825182144664527,0.573900383,0.0,-0.008417650209998505,-34.06812438964844,0.9940686225891113,1.8474998354911805,0.2,0.6194736957550049,0.2525390625,17000,0.00026029585199999997,0.03675405,-0.0015150796156376601,1.0011851787567139
-0.0023815623758369265,0.22174627667760094,-0.2175486060476827,-0.08461774830824395,-86.44348678,79445160,74.641705,0.0,77.61119683716034,-0.006868489583333399,0.0008859587962635689,0.06865042593716222,-0.11101107119691857,-3.230553314755963e-08,0.0,0.0,9.071768366209074,1055,240.25,-0.1681939008022712,0.01,-0.015113553106491092,-0.18871168228268187,0.0,-0.00302344038185478,4122,0.3309447,-0.4295443018688613,0.0,0.0,-0.18048782872418365,1.4711508855139426,0.0,-0.20279954281605453,-0.0012305475625397327,-0.01469819636698779,-0.46076116636195813,-0.03580106732351348,-0.5,4716,-0.026663979563997253,0.573882719,0.0,-0.008743307549997957,-34.085746383666994,0.9992305040359497,0.22049690410494804,0.2,-0.2617552876472473,0.2509765625,17004,0.000260286636,0.02757606,-0.013673841510899365,1.0026257038116455
-0.002394666447374381,0.22651157074117412,-0.22524772541108729,-0.08387887266726828,-86.27634752,79463592,74.653225,0.0,79.27904975941094,-0.006890190972222287,0.0010351559386536893,0.06949702873590957,-0.11139996066144153,-3.3303958242975045e-08,0.0,0.0,9.569607151913651,1056,240.85,-0.16983237009923177,0.01,-0.015262015285371808,-0.19053223471554015,0.0,-0.0024318724513545382,4122,0.3310215,-0.43047507614264746,0.0,0.0,-0.18343983312454015,1.4904405064014632,0.0,-0.20572334199638184,-0.0011570403571736527,-0.014613517063884711,-0.4699947894263788,-0.03511465777422908,-0.5,4720,-0.027593291859789273,0.573865055,0.0,-0.00828201835489987,-34.08120346069336,0.9982469081878662,0.490060518682003,0.2,-0.16530461609363556,0.26805419921875,17008,0.00026027742,0.030522978,-0.007968119822908192,1.0023356676101685
-0.0023323151148637172,0.22759226414203157,-0.2212312368585907,-0.08384843719342394,-85.87374693000001,79482024,74.66474500000001,0.0,79.65729244971105,-0.006922743055555621,0.0008327901693216214,0.07353925278825345,-0.11122245697592205,-3.3057347871141256e-08,0.0,0.0,9.587130374981168,1057,240.74,-0.16711559668154063,0.01,-0.014735392268761952,-0.18524536743922862,0.0,-0.001948858632840106,4122,0.3310983,-0.41474693852037026,0.0,0.0,-0.1767162254933379,1.512970901945743,0.0,-0.2022994972922526,-0.001312264053171571,-0.013950828212822881,-0.44851353034782043,-0.0349289095928666,-0.5,4725,-0.027497272824391114,0.573847391,0.0,-0.008394186616189674,-34.08144969940186,0.9991293549537659,0.24891881346702577,0.2,-0.257107675075531,0.25040283203125,17012,0.00026026820399999997,0.024225356,-0.012889504432678223,1.0024466514587402
-0.002351446713922194,0.22466714432750237,-0.2322702952807252,-0.0867513316527249,-85.91178157,79500456,74.676265,0.0,78.63350051462584,-0.007009548611111178,0.0007731113518174323,0.06753638293297232,-0.11124186893038929,-3.32832719307676e-08,0.0,0.0,9.456800438364647,1058,240.27,-0.17129519768419862,0.01,-0.015068562273458895,-0.19388702532215127,0.0,-0.002129515333159243,4121,0.3311751,-0.42616068447271344,0.0,0.0,-0.18132934083426833,1.5365448725337585,0.0,-0.2080238519208893,-0.0012494770559745593,-0.014398634788299265,-0.46473789341431576,-0.03509248380294655,-0.5,4731,-0.029484538134141695,0.573829727,0.0,-0.008747781571906267,-34.07785263061523,0.9992688894271851,0.212820415943861,0.2,-0.26820793747901917,0.26163330078125,17016,0.000260258988,0.029151147,-0.010526207240764052,1.0019993782043457
-0.0024555734221274298,0.22351887452836605,-0.22689379018763078,-0.08763011424192145,-85.62671533999999,79518888,74.68778499999999,0.0,78.23160608492812,-0.007302517361111155,0.0008425558367485388,0.07054785288102866,-0.11141189848395129,-3.395799353345969e-08,0.0,0.0,9.257297266408829,1059,238.57,-0.17132382629823684,0.01,-0.015582347810705237,-0.19423427620700925,0.0,-0.0010422058840293712,4121,0.3312519,-0.4408423752640778,0.0,0.0,-0.1865463128160144,1.4920714576338712,0.0,-0.2155821668083594,-0.0013266595019971656,-0.015375004254606441,-0.4823227486530294,-0.035096174528568044,-0.5,4736,-0.028051021692314302,0.573812063,0.0,-0.007113944684129415,-34.08207111358642,0.9989811182022095,0.3039867989718914,0.2,-0.24142399430274963,0.2587158203125,17020,0.000260249772,0.023923451,-0.012646383279934526,1.0026295185089111
-0.002395635466363866,0.2328914878466618,-0.22527788329857948,-0.08457677460996127,-86.93154206000001,79537320,74.699305,0.0,81.51202074633163,-0.006922743055555623,0.0009185110490458707,0.06810531434599364,-0.11143398271954973,-3.241119732330641e-08,0.0,0.0,10.01011209203876,1060,237.12,-0.17269863449357756,0.01,-0.01522709560960658,-0.19231449592578628,0.0,-0.002533118308422193,4121,0.3313287,-0.43723128173474207,0.0,0.0,-0.18372906154475302,1.487680931527646,0.0,-0.20954368554916183,-0.00148219004942637,-0.015546798410655078,-0.4727576758322624,-0.03481622635478268,-0.5,4740,-0.027826053555377324,0.5737943990000001,0.0,-0.007640745340419623,-34.08541202545166,0.9985448122024536,0.42931087166070936,0.2,-0.1202566921710968,0.25592041015625,17024,0.000260240556,0.029338017,-0.010019720729906112,1.002686858177185
-0.0023786768605082473,0.23211678618463685,-0.2283957097595205,-0.08531814504882865,-87.13013423000001,79555752,74.710825,0.0,81.24087516462289,-0.0073025173611111615,0.0009494350330593685,0.07238088207031064,-0.11147577170361814,-3.3407888253510775e-08,0.0,0.0,10.066910384027441,1061,239.18,-0.17380581661097058,0.01,-0.015142851158209673,-0.19242868486015785,0.0,-0.002140668542641143,4121,0.3314055,-0.42878018720485955,0.0,0.0,-0.180390815562817,1.513119617649822,0.0,-0.20455267936162064,-0.0013440434638320195,-0.013907085552947606,-0.46524412665404596,-0.03496275730963099,-0.5,4744,-0.028543700086342043,0.573776735,0.0,-0.008190194793213677,-34.079068946838376,0.9912809729576111,2.49045187830925,0.2,0.6348651647567749,0.24759521484375,17028,0.00026023134,0.020069364,-0.005857918929541484,1.0021426677703857
-0.0023546283102174087,0.22985313110285627,-0.224864591000561,-0.08342550365800525,-86.70833146000001,79574184,74.722345,0.0,80.4485958859997,-0.007248263888888936,0.000986870122788888,0.07063821166936642,-0.11130059955826985,-3.2090266728746256e-08,0.0,0.0,9.730297784210462,1062,239.1,-0.17327174478239202,0.01,-0.0149967439163751,-0.18455823805465263,0.0,-0.002365636488156741,4121,0.3314823,-0.42460073922370745,0.0,0.0,-0.18202279115828812,1.4964417250957096,0.0,-0.2015776248235799,-0.0012907594228117709,-0.014250225769762155,-0.45959530984499974,-0.03495055679471249,-0.5,4749,-0.027918504941983644,0.573759071,0.0,-0.00884652380288268,-34.07314872741699,0.9940279722213745,1.4165833473205567,0.2,0.06265032291412354,0.1650390625,17032,0.000260222124,0.015328849,-0.009651314467191696,1.001599669456482
-0.0023920170105956808,0.2329066974547662,-0.21921609849780507,-0.08289413908976327,-86.54568950999999,79592616,74.73386500000001,0.0,81.51734410916816,-0.007194010416666722,0.0007953553059552279,0.06848262160879565,-0.11132798409527227,-3.3346564276455004e-08,0.0,0.0,10.251900891309399,1063,240.36,-0.17808581408187377,0.01,-0.015107940379421156,-0.1862930468563992,0.0,-0.002293348134025835,4121,0.3315591,-0.4244072304891972,0.0,0.0,-0.18105209024035168,1.4934520844907762,0.0,-0.2070682998009795,-0.0013500522892606211,-0.014473698730701617,-0.4757288322762511,-0.03520722070102364,-0.5,4753,-0.027342874141043205,0.573741407,0.0,-0.008575664422500672,-34.069524955749515,0.9944007396697998,0.8979003012180329,0.2,-0.10129323601722717,0.12755126953125,17036,0.000260212908,0.012862871,-0.008371188340242952,1.001286506652832
-0.002351163490045791,0.22525666079972714,-0.22386694838759258,-0.08332635607599438,-86.36095411999999,79611048,74.745385,0.0,78.8398312799045,-0.00710720486111117,0.001222872796157996,0.06922449914249934,-0.11143779399966018,-3.17089054978423e-08,0.0,0.0,9.360898643986213,1064,243.12,-0.172522006025807,0.01,-0.014866669805145184,-0.18659762966252802,0.0,-0.0028035188158581975,4121,0.3316359,-0.42276132457240573,0.0,0.0,-0.17921936161535462,1.5090605844433738,0.0,-0.2003685646124273,-0.0009924403833740897,-0.013889257380599984,-0.4578338021283769,-0.03514585920771149,-0.5,4757,-0.028240047593572175,0.573723743,0.0,-0.009386208104034368,-34.072825813293456,0.9983333945274353,0.36294753551483155,0.2,-0.2340795248746872,0.189404296875,17040,0.000260203692,0.025662068,-0.014179631462320685,1.0017818212509155
-0.002348059274079807,0.2239062700804409,-0.22261501796519262,-0.08285134950538525,-87.16384103,79629480,74.756905,0.0,78.36719452815431,-0.007096354166666725,0.0007980681516023146,0.06972926790418328,-0.1113874418670853,-3.306725303365152e-08,0.0,0.0,9.323921159977923,1065,241.92,-0.18056924130448643,0.01,-0.014924149002373904,-0.1859624046926385,0.0,-0.0032371714746703604,4121,0.3317127,-0.4220353302949507,0.0,0.0,-0.18072952921910007,1.482026420686208,0.0,-0.20262695761214883,-0.001160795714207346,-0.013598374414637193,-0.460601664034174,-0.03464298035916407,-0.5,4762,-0.027501697691144477,0.573706079,0.0,-0.00934484036729878,-34.08198642730713,0.999171793460846,0.20174966678023337,0.2,-0.2960677146911621,0.25697021484375,17044,0.000260194476,0.027993724,-0.018657071213237942,1.0024948120117188
-0.002321687383633286,0.22517525339955297,-0.2221086984415306,-0.08101604480598705,-86.45472485999998,79647912,74.76842500000001,0.0,78.81133868984354,-0.006835937500000065,0.0008924691388124807,0.07046581766291479,-0.11150607402257307,-3.2134833804886314e-08,0.0,0.0,9.30450453275139,1066,244.05,-0.17113644121667612,0.01,-0.014679334778729961,-0.18336260441168573,0.0,-0.0030641106819543516,4121,0.3317895,-0.41435875337248707,0.0,0.0,-0.176647254662354,1.4929360084613714,0.0,-0.19825651869678826,-0.001330478815224202,-0.014104520084142647,-0.45893130027007345,-0.034780741610846766,-0.5,4766,-0.027768018584407125,0.573688415,0.0,-0.009886422935071297,-34.078453063964844,0.9961438775062561,0.7734534800052643,0.2,-0.21304556727409363,0.2499267578125,17048,0.00026018526,0.021897335,-0.006382940732873976,1.0020794868469238
-0.0023923339768439173,0.22845897714025848,-0.22336766860561802,-0.08564032961177735,-87.03671219,79666344,74.779945,0.0,79.96064199909047,-0.006944444444444511,0.0009385846949751592,0.0698298169249582,-0.11135029700684333,-3.302434834427185e-08,0.0,0.0,9.677097372425855,1067,240.05,-0.17160968533299,0.01,-0.01522206109705438,-0.18880989109823973,0.0,-0.0019893897624931006,4122,0.3318663,-0.42669001766082276,0.0,0.0,-0.18212946381568001,1.4840438918556766,0.0,-0.20741722039945024,-0.0012637262903322777,-0.01381659459697342,-0.46526531867375337,-0.0354304860686299,-0.5,4771,-0.027262861056884753,0.573670751,0.0,-0.008700175488936819,-34.07788562774658,0.9981123208999634,0.3519484281539917,0.2,-0.18855920433998108,0.23414306640625,17052,0.00026017604399999997,0.025537193,-0.01114011657773517,1.002153754234314
-0.0024103657385159396,0.2297653560895759,-0.21790466182733187,-0.08288411435022743,-87.22587109,79684776,74.79146499999999,0.0,80.41787463135157,-0.0070095486111111755,0.0008707679420088729,0.06743705783235067,-0.11129092596081167,-3.3049585304674434e-08,0.0,0.0,9.747157315921958,1068,239.3,-0.1773628802871021,0.01,-0.015372433776721154,-0.1834608681431069,0.0,-0.0037355949480152566,4122,0.3319431,-0.4294962961491384,0.0,0.0,-0.18448099513037375,1.4563711446647472,0.0,-0.20803185003196403,-0.0013378805005019737,-0.01382985727162106,-0.46945681484614393,-0.03509576304494836,-0.5,4775,-0.0266840479532686,0.5736530870000001,0.0,-0.009162414220756747,-34.07421379089355,0.9911274909973145,1.9192054569721222,0.2,0.4410385489463806,0.202685546875,17056,0.000260166828,0.01737012,-0.006776719493791461,1.0016440153121948
-0.0023979315429711523,0.22880683899328114,-0.22365771122836925,-0.08225929855987878,-86.30461411,79703208,74.802985,0.0,80.0823936476484,-0.00684678819444451,0.0007378468742697603,0.06787030138729623,-0.11144403404615796,-3.2192330416381995e-08,0.0,0.0,9.758676372671294,1069,241.87,-0.17582794432283894,0.01,-0.015175701924738454,-0.1846895461305891,0.0,-0.003114093527065063,4122,0.3320199,-0.4252767215552709,0.0,0.0,-0.18169650179852675,1.4873423968625314,0.0,-0.2040831247951131,-0.00153173580741468,-0.013350726091259488,-0.46486383662620523,-0.03498931483333598,-0.5,4779,-0.02757046537698874,0.573635423,0.0,-0.00964404665865004,-34.06711120605469,0.9888836145401001,2.014047634601593,0.2,0.41879135370254517,0.08389892578125,17060,0.000260157612,0.011027555,-0.00855568943079561,1.0010432004928589
-0.0023822838819139895,0.22918360588542547,-0.21902307738984167,-0.08208486150469148,-86.71986789,79721640,74.814505,0.0,80.21426205989891,-0.00672743055555562,0.0007606333561448588,0.07034151626618328,-0.1116094883639666,-3.296905310287929e-08,0.0,0.0,9.688729733383775,1070,241.35,-0.17192875897510165,0.01,-0.01516490392424614,-0.17968181722254134,0.0,-0.0024982969102690707,4122,0.3320967,-0.4282672365743952,0.0,0.0,-0.1824899821850564,1.4679645198024545,0.0,-0.20491334730256106,-0.0016730205765938379,-0.01419496449102804,-0.4737533096962819,-0.035027337063873266,-0.5,4784,-0.02635898316478918,0.573617759,0.0,-0.009731124577228911,-34.068258094787595,0.9976043701171875,0.44278534054756163,0.2,-0.2148711085319519,0.15572509765625,17064,0.00026014839599999997,0.01993989,-0.012617382523603737,1.0014965534210205
-0.0023494149046233577,0.22978836119915155,-0.21864925368302013,-0.08231961973935846,-86.72650156,79740072,74.826025,0.0,80.42592641970305,-0.006759982638888954,0.0005886500455542571,0.0692013871233679,-0.1115880765138228,-3.3835832486886825e-08,0.0,0.0,9.85919773420184,1071,242.29,-0.17359115422110727,0.01,-0.014891975761364949,-0.181005667932462,0.0,-0.002997435628487581,4122,0.3321735,-0.4133191101516254,0.0,0.0,-0.17883499554912036,1.4912084624624828,0.0,-0.20704106638472142,-0.0010193058423424008,-0.014036355370267317,-0.4624742396573676,-0.034622840872674,-0.5,4788,-0.027011106156654127,0.573600095,0.0,-0.010253311700782634,-34.07541751861572,0.9923895597457886,1.8041346490383148,0.2,0.6366410255432129,0.24027099609375,17068,0.00026013918,0.023892328,-0.007199430430773646,1.001739740371704
-0.002310707514154802,0.23222652953857886,-0.22018903180265184,-0.08198099955061496,-86.69532532,79758504,74.837545,0.0,81.2792853385026,-0.006770833333333398,0.0006792530152274088,0.06750406384249281,-0.11145109884824911,-3.1050170748474885e-08,0.0,0.0,10.008669995834772,1072,245.52,-0.17822039047158336,0.01,-0.014758547184946066,-0.17964819200125218,0.0,-0.004334080169602453,4122,0.3322503,-0.4119693337773163,0.0,0.0,-0.1773419148513705,1.4918299002217608,0.0,-0.19738736616695224,-0.001328928903119284,-0.013478404177355066,-0.46038729467518064,-0.03394248702017377,-0.5,4793,-0.02743254695306517,0.573582431,0.0,-0.011439560530965941,-34.07040004730224,0.9988254904747009,0.2918406635522842,0.2,-0.25163203477859497,0.1903564453125,17072,0.000260129964,0.021752095,-0.01569950390839949,1.0015687942504883
-0.0023388118941912975,0.23286167167558772,-0.21904553350176784,-0.08287443066193396,-87.01073561,79776936,74.849065,0.0,81.5015850864557,-0.006944444444444511,0.000962456203221033,0.07035089163646559,-0.11144314327961667,-3.162623923777277e-08,0.0,0.0,9.940324269147704,1073,245.98,-0.17027262631761889,0.01,-0.014858436841977442,-0.18233837091886326,0.0,-0.004222081114632589,4122,0.3323271,-0.41586005332160925,0.0,0.0,-0.17744507292530634,1.4780317639118945,0.0,-0.20239693743118992,-0.0026484685931081166,-0.014682806243191297,-0.45452297054681484,-0.03419822601897544,-0.5,4797,-0.02694245337798623,0.573564767,0.0,-0.010460560061296241,-34.07826461791992,0.9989054203033447,0.247459527105093,0.2,-0.26775676012039185,0.2254638671875,17076,0.000260120748,0.023891306,-0.01290604886598885,1.0021402835845947
-0.002369891378748467,0.22926262976700088,-0.23148538057918408,-0.08636680137679328,-86.95660249000001,79795368,74.86058499999999,0.0,80.2419204184503,-0.006857638888888955,0.0006521263696615481,0.06790743398240594,-0.11156406884664571,-3.316213962114969e-08,0.0,0.0,9.753387093274142,1074,243.63,-0.17184941881484245,0.01,-0.015174229599363024,-0.1899653444915946,0.0,-0.003416460304926032,4122,0.3324039,-0.42696769312303134,0.0,0.0,-0.1824076362844394,1.492703537601917,0.0,-0.20803048879032282,-0.0012010497343858768,-0.014466030952874841,-0.4755803314266757,-0.035259870577155725,-0.5,4801,-0.02846140622062995,0.573547103,0.0,-0.009440868363728643,-34.08422966003418,0.9989337921142578,0.28947017788887025,0.2,-0.22258177399635315,0.283154296875,17080,0.000260111532,0.030580282,-0.0137671870412305,1.0027613639831543
-0.002426553605628055,0.22951707529333149,-0.22295968323112053,-0.08359754918601678,-87.22501452000002,79813800,74.872105,0.0,80.33097635266601,-0.007204861111111163,0.0008875862242550486,0.07097824622838432,-0.11161011597197246,-3.369878264134032e-08,0.0,0.0,9.78634432830177,1075,241.37,-0.1725504801136344,0.01,-0.015433751969083845,-0.18634200052847155,0.0,-0.0028700368868235255,4122,0.3324807,-0.43414288491800856,0.0,0.0,-0.1829268996591673,1.4681774339585794,0.0,-0.20569173944901462,-0.0011501114055089733,-0.014053805323363441,-0.47991399944972735,-0.03491835648552771,-0.5,4806,-0.027123219574719325,0.573529439,0.0,-0.008851813941469623,-34.077520751953124,0.9966346621513367,0.6052448481321335,0.2,-0.12904813885688782,0.24713134765625,17084,0.000260102316,0.020554513,-0.005302777420729399,1.0019874572753906
-0.0023787896757101554,0.22432089186273946,-0.2166844561132266,-0.08219775998372948,-86.35521899999999,79832232,74.883625,0.0,78.51231215195881,-0.007215711805555606,0.0008528640480815537,0.07199237892058169,-0.1115024143596233,-3.2640599676097955e-08,0.0,0.0,9.349421660137162,1076,244.24,-0.17516690830420545,0.01,-0.015061039963901667,-0.18074693039561288,0.0,-0.003832887090232098,4122,0.3325575,-0.41815436414472534,0.0,0.0,-0.17967713842429128,1.4722116948897936,0.0,-0.2059526712165901,-0.0015752708513179752,-0.014151199992095933,-0.4652375903591708,-0.03470940141569592,-0.5,4810,-0.02634760596188275,0.5735117750000001,0.0,-0.009532150975751897,-34.07617721557617,0.9936354756355286,1.3655259996652602,0.2,0.2692205309867859,0.16815185546875,17088,0.0002600931,0.01657122,-0.007758365920744836,1.0018452405929565
-0.002322960035397057,0.2311113768584961,-0.2203795457942335,-0.08314681886607125,-86.77568809,79850664,74.895145,0.0,80.88898190047362,-0.0069986979166667285,0.00075792051696529,0.07163112717517461,-0.11140379426240199,-3.20357260336383e-08,0.0,0.0,10.034853645434644,1077,242.22,-0.17526847572647522,0.01,-0.014836520641401939,-0.18567551486597855,0.0,-0.0034785978594564313,4122,0.3326343,-0.4168799248031997,0.0,0.0,-0.17739639577190572,1.501432633988369,0.0,-0.19825575123139616,-0.0010996377444102091,-0.012758020243857766,-0.4659337423867438,-0.034228578767895416,-0.5,4815,-0.02759566365062117,0.573494111,0.0,-0.00979405726927022,-34.0735559463501,0.9985193014144897,0.28331645801663397,0.2,-0.24968306720256805,0.19017333984375,17092,0.000260083884,0.025528932,-0.011675695737358183,1.001782774925232
-0.0023138131219298756,0.2340860307744391,-0.22232644933267723,-0.08288944939540334,-86.83175571,79869096,74.906665,0.0,81.93011077105368,-0.0071723090277778356,0.0006993266676242152,0.07099166857370516,-0.11136447786588545,-3.172764812411948e-08,0.0,0.0,10.278582632556283,1078,244.69,-0.1634354492984183,0.01,-0.014805305945993904,-0.1838679526140446,0.0,-0.0035716303406727523,4122,0.3327111,-0.4167274729892477,0.0,0.0,-0.1764767922248085,1.4960154228004803,0.0,-0.19928523101419526,-0.0014181778360229337,-0.013776471635630077,-0.4486029545022572,-0.03423170902392304,-0.5,4819,-0.027779966282612603,0.573476447,0.0,-0.009742652502609417,-34.07793273925781,0.996821939945221,0.6477918952703476,0.2,-0.18126246333122253,0.2585205078125,17096,0.000260074668,0.033692352,-0.009498860640451311,1.0022379159927368
-0.0024002293955607563,0.23113249833055913,-0.2302602254076248,-0.08440817400987273,-86.56273757000001,79887528,74.918185,0.0,80.89637441569569,-0.007411024305555597,0.000639647969769107,0.0688225656989684,-0.11131718047891195,-3.364732552197452e-08,0.0,0.0,9.972790945478804,1079,242.44,-0.17271339211665365,0.01,-0.01536795162972248,-0.19136643117966443,0.0,-0.002847396648903087,4122,0.3327879,-0.43391300874487676,0.0,0.0,-0.1847231756815612,1.4918978180342848,0.0,-0.20926500179662447,-0.0011564465560520562,-0.014272286920182385,-0.48100763336660773,-0.035654444764276025,-0.5,4823,-0.028737657058175117,0.573458783,0.0,-0.009407909570856847,-34.08185291290283,0.9994109869003296,0.1567338492721319,0.2,-0.31087350845336914,0.2630615234375,17100,0.000260065452,0.02812382,-0.019038024521432818,1.0023727416992188
-0.0024099920545584395,0.23065444022614562,-0.2202513755111147,-0.08291609043068317,-86.43388309,79905960,74.929705,0.0,80.72905407915097,-0.007226562500000055,0.0008528641062892146,0.07045957348125982,-0.11144639567521858,-3.420517914804029e-08,0.0,0.0,9.874518617111864,1080,243.2,-0.16948996079630668,0.01,-0.01519686392446736,-0.18380339876269025,0.0,-0.0032103985317911226,4122,0.3328647,-0.4274901282853358,0.0,0.0,-0.18114754874620498,1.4670797019935697,0.0,-0.20787840727916576,-0.0015069246216597994,-0.013672809174217633,-0.4666616004116613,-0.0348431048797729,-0.5,4828,-0.026756568270094174,0.573441119,0.0,-0.009485628172923397,-34.074638748168944,0.9991823434829712,0.18319969475269318,0.2,-0.2989155352115631,0.2665283203125,17104,0.000260056236,0.03227775,-0.013513165549375117,1.0017006397247314
-0.0023890035001601245,0.23115920998919928,-0.22129961895949518,-0.08463668418592257,-86.66542371,79924392,74.941225,0.0,80.90572349621975,-0.00710720486111117,0.0006304250111699932,0.07045528862325837,-0.11143621332731973,-3.383424021245851e-08,0.0,0.0,10.110480649773079,1081,241.12,-0.1708995815391438,0.01,-0.015331400805182908,-0.1847487092740775,0.0,-0.00308238434598853,4123,0.3329415,-0.4258611869118536,0.0,0.0,-0.18343476914708554,1.4903891411732504,0.0,-0.2061418239766991,-0.0013639023368332633,-0.013587966315342585,-0.4761365039612214,-0.0347425022767201,-0.5,4832,-0.02718077170793682,0.573423455,0.0,-0.008870124344765726,-34.076511764526366,0.999180257320404,0.22559549883008004,0.2,-0.2555077373981476,0.28582763671875,17108,0.00026004702,0.03154112,-0.012647265498526395,1.002241611480713
-0.002311997520973204,0.23089531206381098,-0.22393832365266655,-0.08426392947153562,-86.63905781999998,79942824,74.952745,0.0,80.81335922233384,-0.006966145833333399,0.0010009758019198973,0.07056415370804145,-0.11171938798290208,-3.273142147761944e-08,0.0,0.0,9.885620330728608,1082,242.06,-0.17107944167123526,0.01,-0.014770594318457,-0.18829644070247586,0.0,-0.0028979900728112666,4123,0.3330183,-0.41908292965470717,0.0,0.0,-0.1783307552714975,1.505822573152458,0.0,-0.20231129286788077,-0.001157911048768084,-0.013898095904598185,-0.46357208448863463,-0.03454665568855422,-0.5,4836,-0.02766597102450312,0.573405791,0.0,-0.009819013972042335,-34.08261089324951,0.9933881759643555,1.8473669946193696,0.2,0.7942164540290833,0.3095947265625,17112,0.000260037804,0.034007348,-0.0042447133571840824,1.0023860931396484
-0.002376639115803384,0.2298040128512192,-0.22060133797412956,-0.0824610488029081,-87.17209026,79961256,74.964265,0.0,80.43140449792672,-0.0071397569444445015,0.0005213756521698087,0.06628900477487962,-0.11138692437112814,-3.08373470296091e-08,0.0,0.0,9.918409785864304,1083,241.43,-0.17176917074342288,0.01,-0.015152361633383146,-0.18195427243604118,0.0,-0.003516337966782996,4123,0.3330951,-0.424037922857333,0.0,0.0,-0.18172853463638045,1.4647930319636326,0.0,-0.20445267497718614,-0.0015423501958189518,-0.014017908057720232,-0.4766489685916381,-0.03489827765904908,-0.5,4841,-0.026841602334555677,0.573388127,0.0,-0.009932267887052149,-34.0757568359375,0.9966365098953247,0.7730618685483932,0.2,-0.21335414052009583,0.18914794921875,17116,0.00026002858799999997,0.01827913,-0.011408719699829817,1.0018784999847412
-0.002360861993528478,0.22769052286834257,-0.22065611609054828,-0.08218535500826614,-87.15462353000001,79979688,74.975785,0.0,79.6916830039199,-0.007237413194444497,0.0009098302398342639,0.06557631874693548,-0.11145096761308983,-3.050690605621535e-08,0.0,0.0,9.582254963001436,1084,242.89,-0.17072149802340475,0.01,-0.015029406405873524,-0.18000389955445759,0.0,-0.003980269706848764,4123,0.3331719,-0.4179080779068855,0.0,0.0,-0.1796918162914537,1.4845907216198702,0.0,-0.19987155601059292,-0.0015904489621877795,-0.013560848033364341,-0.4640608549999025,-0.034898352024241824,-0.5,4845,-0.02720692585162511,0.573370463,0.0,-0.010478191627448218,-34.08112983703613,0.9927006959915161,2.1527548670768737,0.2,0.6298218965530396,0.21873779296875,17120,0.000260019372,0.02710632,-0.009818905289284885,1.0025689601898193
-0.002375967765726952,0.22448631403225044,-0.22445223492064953,-0.08378077429307433,-86.38764834999998,79998120,74.98730499999999,0.0,78.57020991128766,-0.006781684027777842,0.0006846785351323584,0.06660826811589872,-0.11158596631823446,-3.166901720643988e-08,0.0,0.0,9.4319602286984,1085,243.65,-0.1733611194329651,0.01,-0.015122621799776075,-0.18604821753137668,0.0,-0.0034945892823635572,4123,0.3332487,-0.4279284537081389,0.0,0.0,-0.18115413001827319,1.4920703485486233,0.0,-0.2007972706625756,-0.0015065368473956941,-0.01339511301130565,-0.4748275689357059,-0.03433651983471206,-0.5,4850,-0.027829356788380513,0.573352799,0.0,-0.010451336832678257,-34.08531246185303,0.9987644553184509,0.3225821636617184,0.2,-0.2235693335533142,0.22762451171875,17124,0.000260010156,0.023079004,-0.01502888505347073,1.00264310836792
-0.002351681452584322,0.23157436999152686,-0.21647163520176024,-0.08335375554266468,-87.37050073000002,80016552,74.998825,0.0,81.0510294970344,-0.0071180555555556135,0.0008458111680940621,0.06521748293425161,-0.11148587516213723,-3.2282846928694906e-08,0.0,0.0,10.03177593949373,1086,244.38,-0.1726044844760484,0.01,-0.014864767936680075,-0.18369569987507128,0.0,-0.0037062546912430567,4121,0.3333255,-0.41744501103799037,0.0,0.0,-0.17773761892355255,1.4605015879881154,0.0,-0.20460194194794676,-0.0015199647087466715,-0.014212200649990958,-0.46656999607600064,-0.034221239784296614,-0.5,4856,-0.026236592599842744,0.573335135,0.0,-0.010177764047208862,-34.080945587158205,0.9992220997810364,0.18001623041927814,0.2,-0.30981045961380005,0.2520263671875,17128,0.00026000094,0.029299414,-0.015900876361411066,1.0025311708450317
-0.00238438722228945,0.2277580149973929,-0.23017399031126795,-0.08463108991632734,-86.79056702999998,80034984,75.010345,0.0,79.71530524908752,-0.006662326388888951,0.000662434794422653,0.0646584011811381,-0.11152682565457853,-3.199771115374849e-08,0.0,0.0,9.64882723907528,1087,244.16,-0.16892518028339779,0.01,-0.015052764047745455,-0.18755391732743187,0.0,-0.004261499435337693,4121,0.3334023,-0.4194856178716269,0.0,0.0,-0.17896295041238466,1.506633284535805,0.0,-0.20332310671072648,-0.00141236174869148,-0.01327678675152324,-0.4629121299918937,-0.03481587941616403,-0.5,4860,-0.02834027234446241,0.573317471,0.0,-0.010780517928651534,-34.0828275680542,0.9964219927787781,0.6871688783168792,0.2,-0.09879931807518005,0.2599365234375,17132,0.000259991724,0.023783829,-0.01202651378698647,1.002557396888733
-0.0023739234202700796,0.2303061347974708,-0.22282283852465856,-0.08579046653462498,-86.93857726,80053416,75.02186499999999,0.0,80.60714717911478,-0.007020399305555617,0.0005978730138546476,0.06716656577330023,-0.11168283944446077,-3.3376355451645556e-08,0.0,0.0,9.85605292539318,1088,244.07,-0.16998778734083964,0.01,-0.015077440642437299,-0.18933279267049963,0.0,-0.003366943513710935,4121,0.3334791,-0.4239327438258538,0.0,0.0,-0.1791789565560846,1.488765559955566,0.0,-0.2037817255372181,-0.0014363125470849456,-0.013043987913083565,-0.46297284031490715,-0.034539675508669196,-0.5,4865,-0.02766087216533394,0.573299807,0.0,-0.009602951878655909,-34.083909606933595,0.9993952512741089,0.16045753955841063,0.2,-0.3100295066833496,0.25235595703125,17136,0.000259982508,0.029346934,-0.018814791762270033,1.0026189088821411
-0.0024227637516989215,0.2225829245788173,-0.23161082518837287,-0.0863904105990618,-87.18247166,80071848,75.03338500000001,0.0,77.90402360258605,-0.006803385416666732,0.0007302514536099301,0.06522407390270815,-0.11154070606985383,-3.41739230719605e-08,0.0,0.0,9.31938271637184,1089,241.51,-0.17321664935544112,0.01,-0.015353042373604594,-0.19505641561648657,0.0,-0.0027702657146499777,4121,0.3335559,-0.43173751037651875,0.0,0.0,-0.18167796611195314,1.4985658671853466,0.0,-0.2083390745209272,-0.0012901195324766953,-0.013501056778189906,-0.48214817357999973,-0.03445890265782987,-0.5,4869,-0.028559003300622228,0.573282143,0.0,-0.009901750544991551,-34.08545093536377,0.9981224536895752,0.34321548640727995,0.2,-0.2173382043838501,0.2656005859375,17140,0.000259973292,0.026588604,-0.009098650241503492,1.0027512311935425
-0.0023782614204783206,0.2280022136831376,-0.22471645488303268,-0.08477767411644489,-86.85832286,80090280,75.044905,0.0,79.80077478909817,-0.006684027777777841,0.0006304249109234661,0.0673880176132706,-0.11160706508188108,-3.382695863670974e-08,0.0,0.0,9.630490240498974,1090,243.48,-0.17496215519981695,0.01,-0.0149997197393255,-0.1899542525793887,0.0,-0.0031177165619692576,4122,0.3336327,-0.4189942327041032,0.0,0.0,-0.17863157026092608,1.4974403163336552,0.0,-0.20464910443879117,-0.0011681962572082363,-0.01290089215196963,-0.47465701291335766,-0.0351559967963004,-0.5,4874,-0.027696541083402894,0.573264479,0.0,-0.009777917854888882,-34.0815372467041,0.9970898628234863,0.5867395296692848,0.2,-0.1451878845691681,0.2138671875,17144,0.000259964076,0.02039577,-0.01262844690354541,1.0023877620697021
-0.0023998465200595243,0.2291927728337333,-0.22797370524004668,-0.08544715589430996,-86.93276343000001,80108712,75.05642499999999,0.0,80.21747049180665,-0.006966145833333399,0.0010747606089959543,0.06864859954929413,-0.11156888935569925,-3.446963946066475e-08,0.0,0.0,9.686775752426156,1091,243.04,-0.16786920134066774,0.01,-0.015167509829721208,-0.19044902845195844,0.0,-0.002546752610531526,4122,0.3337095,-0.422744537074326,0.0,0.0,-0.17926058647998677,1.4974176106123356,0.0,-0.206297952284113,-0.0008095672902168204,-0.013387489903370917,-0.4720999739535732,-0.03480594268486752,-0.5,4878,-0.028093098137243293,0.573246815,0.0,-0.009165939585525647,-34.08057174682617,0.998961865901947,0.2694197967648506,0.2,-0.2529088854789734,0.24400634765625,17148,0.00025995486,0.029453358,-0.01586712901480496,1.0022611618041992
-0.002368849632245157,0.22400088348130046,-0.22634497395867406,-0.08548366776739116,-86.77780819000002,80127144,75.067945,0.0,78.40030921845516,-0.0067382812500000645,0.0009054903445454935,0.06772459732418505,-0.11148997433392134,-3.1960036641274464e-08,0.0,0.0,9.418226030424407,1092,243.18,-0.17200705087876264,0.01,-0.015062827347208593,-0.19042291646787657,0.0,-0.00400303624461476,4122,0.3337863,-0.4187988762150842,0.0,0.0,-0.1794821234461478,1.497145584785792,0.0,-0.1999998080662161,-0.0010194455019056625,-0.013443970479841073,-0.46449988646550266,-0.03456811920018566,-0.5,4882,-0.028066233762026865,0.573229151,0.0,-0.010174779884336103,-34.07710514068604,0.9993327260017395,0.1779656693339348,0.2,-0.30062413215637207,0.27940673828125,17152,0.000259945644,0.029174183,-0.016793452587444337,1.002098798751831
-0.0024394647900065998,0.2341603222523154,-0.22817374566158183,-0.0861071702269568,-86.38905432000001,80145576,75.079465,0.0,81.95611278831039,-0.0069335937500000664,0.0005273434799164534,0.06711280707816704,-0.11167492334769608,-3.40294097326458e-08,0.0,0.0,10.202640600706681,1093,241.33,-0.17040474811129971,0.01,-0.015300154733884883,-0.19779842484209645,0.0,-0.001881250854055836,4122,0.3338631,-0.4287976739185612,0.0,0.0,-0.18122022983639668,1.4949657385122619,0.0,-0.21021637703482313,-0.0011205649830936114,-0.013847302199874362,-0.47634916767967095,-0.03483162006073445,-0.5,4887,-0.028280850373342444,0.573211487,0.0,-0.009077914442362575,-34.077806854248045,0.9994620680809021,0.14246944040060044,0.2,-0.3125208616256714,0.26387939453125,17156,0.000259936428,0.027000898,-0.01600064055528492,1.002022385597229
-0.002414608575354285,0.22657298053722613,-0.21803772721090964,-0.08486452128696623,-86.48708686,80164008,75.090985,0.0,79.30054318802915,-0.006662326388888952,0.0004134113680467837,0.06738106917290568,-0.11140199482188268,-3.227102277113756e-08,0.0,0.0,9.494543845525214,1094,241.3,-0.17389182058426156,0.01,-0.015308103835875473,-0.18680515432866263,0.0,-0.00311663830210339,4122,0.3339399,-0.42743501513348287,0.0,0.0,-0.1808820426954292,1.470590296742576,0.0,-0.20405762033857075,-0.0014805197495388117,-0.01357392715066024,-0.45375313363012926,-0.03569287090805486,-0.5,4891,-0.026731218352433965,0.573193823,0.0,-0.00951695966715407,-34.08182487487793,0.998512327671051,0.35668380856513976,0.2,-0.2457880973815918,0.26405029296875,17160,0.000259927212,0.02703124,-0.008749548601917923,1.0026812553405762
-0.002394441931510813,0.22518886965530038,-0.22294361427983236,-0.08655980761071791,-86.72979763,80182440,75.10250500000001,0.0,78.81610437935514,-0.006955295138888954,0.0007883024906429151,0.06991837480289395,-0.11176704383360057,-3.410655995149356e-08,0.0,0.0,9.638405121512676,1095,237.86,-0.16870645670173628,0.01,-0.015151842600183867,-0.1942291666617888,0.0,-0.0026405288587410102,4122,0.3340167,-0.42624162864460924,0.0,0.0,-0.1800838249053674,1.5067829280935967,0.0,-0.20844764782825875,-0.0010081433498376289,-0.013966789523343336,-0.4641494269285654,-0.03504192210638553,-0.5,4896,-0.027500433740274652,0.573176159,0.0,-0.008262487007111,-34.08021240234375,0.9953687191009521,1.2534776777029037,0.2,0.25592488050460815,0.259326171875,17164,0.000259917996,0.025514249,-0.009633899829350413,1.0022081136703491
-0.002409026222896687,0.22711188335519977,-0.23147231301175786,-0.08726493978360125,-85.84204397999999,80200872,75.114025,0.0,79.48915917431992,-0.006510416666666728,0.0007703990817794369,0.06687469289465417,-0.11145272116346737,-3.3873238405078206e-08,0.0,0.0,9.585435247377493,1096,240.51,-0.1702008565063349,0.01,-0.015234189210177761,-0.1939385604217597,0.0,-0.003288698295743518,4122,0.3340935,-0.41955648715062643,0.0,0.0,-0.1812192158102056,1.5185703702539293,0.0,-0.20533143242752996,-0.001278760652667909,-0.013393688594979337,-0.4550482418911365,-0.03512018916860113,-0.5,4900,-0.029086064776260943,0.573158495,0.0,-0.010031415097829368,-34.07438659667969,0.9960088729858398,0.6949271321296692,0.2,-0.13326963782310486,0.1572509765625,17168,0.00025990877999999997,0.015101118,-0.010603893420193345,1.001699686050415
-0.002476563773134942,0.22967399543213898,-0.23103009165182353,-0.08882903032621618,-85.47145911000001,80219304,75.12554499999999,0.0,80.38589840124864,-0.006857638888888954,0.0003667533811595705,0.0668062862596337,-0.11158402617329505,-3.3748124914309815e-08,0.0,0.0,9.905712784067362,1097,240.02,-0.1671605522390125,0.01,-0.01562984144068554,-0.1964691395686163,0.0,-0.0021781113077526336,4122,0.3341703,-0.4404506876122076,0.0,0.0,-0.18605569725684612,1.4967832778743557,0.0,-0.21195865010143677,-0.0010911045268277545,-0.014039224588664896,-0.47141782650305963,-0.03517985546698896,-0.5,4904,-0.02824535883254759,0.573140831,0.0,-0.008006818731600005,-34.07448844909668,0.9992350339889526,0.23475460335612297,0.2,-0.3037927448749542,0.24913330078125,17172,0.000259899564,0.025572937,-0.015200237079989165,1.0017590522766113
-0.0024160312583807364,0.22552239950670167,-0.2239803355960318,-0.08573415679921685,-85.94762832000002,80237736,75.137065,0.0,78.93283982734559,-0.0065321180555556165,0.0005740014668036667,0.06769154207282174,-0.1116503053144311,-3.402016136526646e-08,0.0,0.0,9.326056746077478,1098,240.01,-0.1710227261483439,0.01,-0.01531224453271638,-0.1930482878693388,0.0,-0.0029727694537980977,4122,0.3342471,-0.42435937671339247,0.0,0.0,-0.18177369575624489,1.504777872141878,0.0,-0.20393550017001183,-0.0009829739696832142,-0.013595465105989179,-0.46559025292434214,-0.034648348087471074,-0.5,4909,-0.027776502492852226,0.573123167,0.0,-0.008534838864256421,-34.076123046875,0.9993274211883545,0.15473105385899544,0.2,-0.31188783049583435,0.26890869140625,17176,0.000259890348,0.032345224,-0.015027481829747558,1.0022053718566895
-0.002406390351613849,0.21828972557235776,-0.2234066750818998,-0.08704081581957429,-86.86810964,80256168,75.148585,0.0,76.40140395032522,-0.007020399305555617,0.0009271911177266804,0.06747498544016756,-0.11160482345620777,-3.4226323654150593e-08,0.0,0.0,8.767173021997703,1099,239.61,-0.17274043235113193,0.01,-0.015232783961235579,-0.19398264347641223,0.0,-0.001918872791321825,4122,0.3343239,-0.4261000007373484,0.0,0.0,-0.18131078102573428,1.5198292848247483,0.0,-0.20202604884238998,-0.0010214130776966474,-0.013671825788982607,-0.47230754918906126,-0.034531530336938926,-0.5,4913,-0.028210445891362776,0.573105503,0.0,-0.00871129687584471,-34.078024291992186,0.9993848204612732,0.1721255287528038,0.2,-0.3000687062740326,0.27515869140625,17180,0.000259881132,0.027674574,-0.01674016434699297,1.0020837783813477
-0.0023997512846398675,0.23560685680771337,-0.2218814517021374,-0.08464271666572952,-85.53943749,80274600,75.160105,0.0,82.46239988269969,-0.006835937500000066,0.0005647781718936232,0.06845283152546061,-0.11155096276096176,-3.324342798219018e-08,0.0,0.0,10.353732929390356,1100,240.16,-0.16914245339761355,0.01,-0.015254883636079056,-0.18598727837388224,0.0,-0.002276067224643233,4122,0.3344007,-0.4237325076924264,0.0,0.0,-0.1821346162846733,1.485779569602958,0.0,-0.20081319637031106,-0.0013859624854307485,-0.013229020838191984,-0.46397620376867504,-0.03507011006701012,-0.5,4918,-0.02721875825314899,0.573087839,0.0,-0.009175162495618375,-34.07326049804688,0.9955668449401855,0.5674115553498268,0.2,-0.12895546853542328,0.23831787109375,17184,0.000259871916,0.018929858,-0.004385791654931382,1.0016793012619019
-0.0024292791990577142,0.2321967255581337,-0.2261911860352065,-0.08451808464714582,-85.94884148999998,80293032,75.171625,0.0,81.26885394534679,-0.006998697916666731,0.0007031244167592376,0.06731458337465075,-0.11150011413557924,-3.297159190272841e-08,0.0,0.0,10.076745977812148,1101,241.26,-0.1773050016547253,0.01,-0.015528306401910512,-0.19086925964743348,0.0,-0.0025987529787847535,4122,0.3344775,-0.4300441938822307,0.0,0.0,-0.18641489862569097,1.4953389489761095,0.0,-0.20264943048702297,-0.0011044445222790787,-0.013717948130919885,-0.4783870209143817,-0.03526696033449275,-0.5,4922,-0.02796572181461609,0.573070175,0.0,-0.009423371682512678,-34.08008785247803,0.9993631839752197,0.14752591587603092,0.2,-0.3071758449077606,0.2057373046875,17188,0.0002598627,0.02774306,-0.01754672087263316,1.002368688583374
-0.0023909044269106177,0.23179563966135186,-0.22712400726584964,-0.08639777255741056,-85.70539458000002,80311464,75.183145,0.0,81.12847388147316,-0.00682508680555562,0.0008723954379092902,0.07233264433282899,-0.11157582992815374,-3.5065153709283356e-08,0.0,0.0,10.013235970938915,1102,239.96,-0.17301660772492108,0.01,-0.01528788977047258,-0.19229080668846923,0.0,-0.001625896526172725,4122,0.3345543,-0.4239796191171197,0.0,0.0,-0.18229775076708243,1.5083695178093086,0.0,-0.206137383825994,-0.001277351812117758,-0.013719096006385087,-0.47162739359052164,-0.03459488170436547,-0.5,4927,-0.027820278874810565,0.573052511,0.0,-0.008341425460659795,-34.078447341918945,0.9992830157279968,0.20209320411086082,0.2,-0.2629934251308441,0.28909912109375,17192,0.000259853484,0.030853048,-0.015736942680086942,1.0021193027496338
-0.002354906795732716,0.22609831566337296,-0.22531487077362986,-0.08519447196381684,-85.69811071,80329896,75.194665,0.0,79.13441048218054,-0.006542968750000063,0.0007454425665653414,0.06870078341056782,-0.111437731205909,-3.1366657930542804e-08,0.0,0.0,9.468114786956514,1103,241.42,-0.17070821660937238,0.01,-0.015055628838109344,-0.18878974835958845,0.0,-0.002352349663110898,4122,0.3346311,-0.4230114066657038,0.0,0.0,-0.18043099226555276,1.5190491321012134,0.0,-0.2007934880701845,-0.0012180492310017192,-0.013668367416600892,-0.4567341252770214,-0.03454198309793683,-0.5,4931,-0.02767994930410763,0.573034847,0.0,-0.00930672676056727,-34.08140697479248,0.9996032118797302,0.11170917488634587,0.2,-0.3200889527797699,0.2883544921875,17196,0.000259844268,0.029678423,-0.017048458149656654,1.0022902488708496
-0.0024222814756954553,0.2256672680190907,-0.22559469165236912,-0.08653287116882076,-85.58715529000003,80348328,75.206185,0.0,78.98354380668175,-0.006814236111111176,0.0007389318391991159,0.06691528133167743,-0.11143612669914929,-3.3502242227175926e-08,0.0,0.0,9.449299526102914,1104,240.35,-0.17358788656140167,0.01,-0.015324781252779815,-0.19130601954235882,0.0,-0.002662732791373119,4122,0.3347079,-0.42202418579511725,0.0,0.0,-0.18206415465664472,1.510641541614906,0.0,-0.20649200602362783,-0.0011929989174278672,-0.013804655634465868,-0.4623069908657663,-0.03518679027903772,-0.5,4935,-0.028254606927711517,0.573017183,0.0,-0.009522383523290046,-34.07244091033935,0.9997043013572693,0.08596926592290402,0.2,-0.33441030979156494,0.262158203125,17200,0.000259835052,0.027427385,-0.017913476831745358,1.0016131401062012
-0.002437138411021283,0.2244227453395446,-0.23149058382837412,-0.08669876827982309,-85.75650436,80366760,75.217705,0.0,78.5479608688406,-0.006922743055555622,0.00040581556580339867,0.06774801124469267,-0.11152272421210416,-3.2037047059597274e-08,0.0,0.0,9.342553792750007,1105,238.74,-0.1765349081628121,0.01,-0.015538575529237788,-0.19297013705725016,0.0,-0.001886167745199954,4122,0.3347847,-0.4317423188922748,0.0,0.0,-0.18610762253616986,1.5003457170453052,0.0,-0.20826264215329565,-0.0012154502693892332,-0.014719852376906255,-0.4767604682479626,-0.03540463572046728,-0.5,4940,-0.028367039877694494,0.572999519,0.0,-0.008877447720604122,-34.072472953796385,0.9993079900741577,0.2070099040865898,0.2,-0.2648846507072449,0.26539306640625,17204,0.000259825836,0.027335148,-0.011407332413364201,1.0017653703689575
-0.0024480982224976684,0.22900318174850054,-0.22385818007710856,-0.08379996965538339,-85.57936162000001,80385192,75.229225,0.0,80.15111361197519,-0.006792534722222288,0.0005636932069642676,0.06962422263265121,-0.11147835877845057,-3.306210185524932e-08,0.0,0.0,9.80072980407757,1106,241.04,-0.1780727380625439,0.01,-0.015543743591941779,-0.18738043460482678,0.0,-0.001816356663304477,4122,0.3348615,-0.42800359082545075,0.0,0.0,-0.18475497191576934,1.4871296968430525,0.0,-0.20776912072066356,-0.0011991963370658221,-0.01409451079892086,-0.4717378504674663,-0.03476966870175213,-0.5,4944,-0.02736345935661328,0.572981855,0.0,-0.008653382216127485,-34.07491893768311,0.9953784346580505,0.88698770403862,0.2,-0.12520354986190796,0.2724609375,17208,0.00025981662,0.023489956,-0.004956484376452863,1.0018486976623535
-0.00236624082307268,0.22750799792365992,-0.22431040067689695,-0.0854118144814433,-85.66406097999999,80403624,75.240745,0.0,79.62779927328097,-0.006944444444444513,0.0006190315794406666,0.06724096641419401,-0.11161187289743853,-3.252897837883592e-08,0.0,0.0,9.581534949270225,1107,241.32,-0.17326935073967384,0.01,-0.015077445630214903,-0.19083745085727802,0.0,-0.0019436821870983101,4122,0.3349383,-0.41622840911792713,0.0,0.0,-0.1794707796568649,1.5271922187128526,0.0,-0.20225126883565248,-0.0014223469502878845,-0.013506194866653049,-0.45776801702969355,-0.03425412747545678,-0.5,4949,-0.027912601647037696,0.572964191,0.0,-0.008905116458966708,-34.07560005187988,0.9974567890167236,0.4280188292264938,0.2,-0.22730138897895813,0.1924560546875,17212,0.000259807404,0.019389842,-0.010627123340964318,1.0019445419311523
-0.002384576084486185,0.23342358863750914,-0.21989131319435531,-0.085272834206428,-86.59678982,80422056,75.252265,0.0,81.6982560231282,-0.006955295138888954,0.00042751713772304356,0.06885939305065684,-0.11160841577586367,-3.23955845888478e-08,0.0,0.0,10.25302786766961,1108,240.04,-0.1733214876674503,0.01,-0.015217134597602676,-0.18815694208805575,0.0,-0.003200122046078115,4122,0.3350151,-0.424087563417638,0.0,0.0,-0.18123265604695588,1.4848397802528364,0.0,-0.20313140071585042,-0.0014044177000589171,-0.014082348174983876,-0.4504142933037496,-0.03506647747302786,-0.5,4953,-0.02692896508311675,0.572946527,0.0,-0.008799188328945698,-34.076169395446776,0.9973589777946472,0.5101018264889717,0.2,-0.17217853665351868,0.1763671875,17216,0.000259798188,0.019890219,-0.013060626806691289,1.0019139051437378
-0.0023973637197210935,0.23121252050731161,-0.22615500823061016,-0.08529227349430647,-86.18229797999999,80440488,75.263785,0.0,80.92438217755907,-0.0067382812500000645,0.000751952763595101,0.06619217428411722,-0.1114600041081468,-3.272362376080362e-08,0.0,0.0,10.128899561383362,1109,240.16,-0.17690449347879833,0.01,-0.015319838465842105,-0.19036658258576422,0.0,-0.003015959494960341,4122,0.3350919,-0.4242121323559493,0.0,0.0,-0.18320587887804635,1.5067908938833243,0.0,-0.20330587652583645,-0.0012838552240609727,-0.01424500578261997,-0.4655912061061749,-0.03516994893813899,-0.5,4957,-0.028342217581262413,0.572928863,0.0,-0.010127850216425335,-34.0701099395752,0.9933835864067078,1.1128641784191131,0.2,-0.09599706530570984,0.1755126953125,17220,0.00025978897199999997,0.017775837,-0.004751354176551104,1.0012869834899902
-0.00242747980629668,0.22223461876951894,-0.22161622185880953,-0.08401140746622206,-86.91574689000001,80458920,75.275305,0.0,77.78211656933163,-0.006835937500000065,0.0005734589325988458,0.06666248711285071,-0.11148231744641086,-3.278774295028376e-08,0.0,0.0,9.043919009865117,1110,241.69,-0.18415357918043446,0.01,-0.015421192535423841,-0.18849975159788893,0.0,-0.003045205150498598,4122,0.3351687,-0.43201877528038474,0.0,0.0,-0.18384842717085087,1.46878615376512,0.0,-0.21173681618353576,-0.0014404325814481762,-0.014741768551105641,-0.47885665456703674,-0.03469678105758652,-0.5,4962,-0.02713125748168016,0.572911199,0.0,-0.010274200485178476,-34.074985313415525,0.9989771246910095,0.2671531096100807,0.2,-0.23734088242053986,0.23433837890625,17224,0.000259779756,0.02849991,-0.019455849810037763,1.0019197463989258
-0.002446988649443931,0.22929242997145233,-0.22251860609582033,-0.0844757094915259,-85.81516180999999,80477352,75.286825,0.0,80.25235049000831,-0.006673177083333396,0.0005305987368855211,0.06779973168283207,-0.11153420998308425,-3.359014072426447e-08,0.0,0.0,9.750842143377104,1111,240.83,-0.17783604799073738,0.01,-0.01547113354645101,-0.19309609768653774,0.0,-0.0018328850009901013,4122,0.3352455,-0.43091218439502943,0.0,0.0,-0.18296802843472434,1.4998115237723157,0.0,-0.20635478525738032,-0.0010564483196481018,-0.014565364344615618,-0.4737493923453482,-0.03456770879960376,-0.5,4966,-0.027450815812001286,0.572893535,0.0,-0.008689324615665505,-34.0692813873291,0.9944866299629211,1.0453212559223175,0.2,-0.057374387979507446,0.267138671875,17228,0.00025977054,0.022735227,-0.003139242122415453,1.0012145042419434
-0.002350498456750926,0.22223282803375388,-0.2163471702761861,-0.08455092085014188,-85.83212921999998,80495784,75.29834500000001,0.0,77.78148981181386,-0.006369357638888949,0.0005300561509405574,0.07026648552337066,-0.11154172852103374,-3.084726692059438e-08,0.0,0.0,9.153299577841292,1112,241.14,-0.1687452274167155,0.01,-0.014898663500526092,-0.18860278518558202,0.0,-0.002242309228147667,4123,0.3353223,-0.41800495260030807,0.0,0.0,-0.17707788419551304,1.5090956601728953,0.0,-0.1994922271080043,-0.0014023439869157608,-0.013924419236126676,-0.4516404891830339,-0.03412901055027313,-0.5,4971,-0.02678829466534159,0.572875871,0.0,-0.008792134755316915,-34.06689643859863,0.9979581832885742,0.4104004792869091,0.2,-0.10935881733894348,0.18232421875,17232,0.000259761324,0.022975236,-0.011912970640696584,1.001407504081726
-0.0023752947720732218,0.22454799954417748,-0.2293235310046352,-0.08624811352024359,-86.0278571,80514216,75.309865,0.0,78.59179984046212,-0.006673177083333398,0.00034830716645552055,0.0658104777060566,-0.11145461112014793,-3.199324467245601e-08,0.0,0.0,9.370209560217162,1113,238.54,-0.1715461351869511,0.01,-0.015181971584074354,-0.1941551696109151,0.0,-0.0020985524216512127,4121,0.3353991,-0.4216281766695707,0.0,0.0,-0.18158312000210278,1.5186922958925773,0.0,-0.20433943616066086,-0.001181784702135973,-0.014206647121362362,-0.4538730509884286,-0.034540066898733096,-0.5,4977,-0.028520423685289547,0.572858207,0.0,-0.008946619308618311,-34.08564968109131,0.9991233348846436,0.23415279760956764,0.2,-0.24302995204925537,0.254931640625,17236,0.000259752108,0.028490335,-0.016590193123556675,1.0029544830322266
-0.0024133143980440714,0.22665290392887025,-0.2186570927712913,-0.08346458438810524,-86.13419395,80532648,75.32138499999999,0.0,79.32851637510458,-0.006933593750000068,0.000562608300242573,0.06514968187993925,-0.11140821755011215,-3.3148267062708624e-08,0.0,0.0,9.452104686139338,1114,242.51,-0.17929435123775833,0.01,-0.0154762708900454,-0.18582686908331533,0.0,-0.00283992682321314,4121,0.3354759,-0.4309883973706095,0.0,0.0,-0.1852192389513188,1.4561819853435998,0.0,-0.20986624973911397,-0.0014765497452694297,-0.015277721173503907,-0.4800912881467893,-0.03567876530954217,-0.5,4981,-0.026887678494558517,0.572840543,0.0,-0.009796499221314056,-34.08742179870605,0.9975525140762329,0.44271894320845606,0.2,-0.240298330783844,0.2507568359375,17240,0.000259742892,0.026210617,-0.008900837111286818,1.0030241012573242
-0.0024133799784205193,0.2251406657790787,-0.21765634922694346,-0.08340582050628631,-85.87992219000002,80551080,75.332905,0.0,78.79923302267754,-0.006521267361111174,0.00046169695754845935,0.067645686488606,-0.1116621667328361,-3.210892544589181e-08,0.0,0.0,9.350258158106246,1115,242.49,-0.1766177715011453,0.01,-0.015421842135062551,-0.18564745824360496,0.0,-0.0027986348889389467,4121,0.3355527,-0.4283178308374339,0.0,0.0,-0.1834934410724799,1.481193763789697,0.0,-0.2068837894574428,-0.0010706466482271336,-0.014230769735179206,-0.4665175717422736,-0.03499272733932738,-0.5,4986,-0.026315756089079333,0.5728228790000001,0.0,-0.008802714670309797,-34.08859119415283,0.9994123578071594,0.14537641853094102,0.2,-0.3186988830566406,0.25142822265625,17244,0.000259733676,0.032111727,-0.0205102919775527,1.002915620803833
-0.002377010489363998,0.22848062014343512,-0.2186707933616488,-0.08227743748099184,-85.75994924999999,80569512,75.344425,0.0,79.9682170502023,-0.006260850694444503,0.0004920787048629589,0.06969703714319862,-0.11160516477944611,-3.225643428109956e-08,0.0,0.0,9.750509397724317,1116,241.34,-0.17879417676632536,0.01,-0.015165317978965384,-0.18585642332172553,0.0,-0.002024343768680147,4121,0.3356295,-0.41798364867321003,0.0,0.0,-0.18075414494871692,1.5128040461583607,0.0,-0.20309093493507915,-0.0015940659142545507,-0.014354892732466274,-0.46569815233834144,-0.03486152018100272,-0.5,4990,-0.02682462089463486,0.572805215,0.0,-0.009475726254297316,-34.07740116119385,0.9994509816169739,0.14951747171580793,0.2,-0.29996007680892944,0.27493896484375,17248,0.00025972446,0.030296098,-0.016004155902191997,1.0018891096115112
-0.002387638379697422,0.2266185618836178,-0.22143918095423556,-0.08495240497659445,-85.48340352999999,80587944,75.355945,0.0,79.31649665926622,-0.006597222222222285,0.00037868880382221605,0.06952155587009012,-0.11136616640136435,-3.2715009032637045e-08,0.0,0.0,9.486217706376172,1117,241.12,-0.17284759756926715,0.01,-0.015195353265019692,-0.18922576579844771,0.0,-0.001490876936956031,4121,0.3357063,-0.4227216206735532,0.0,0.0,-0.18131784173243531,1.4936269371338597,0.0,-0.20639910074849127,-0.0018439595339171434,-0.0144734623935281,-0.4536306465553396,-0.034954399111098135,-0.5,4995,-0.027772251985295062,0.572787551,0.0,-0.009133386713478507,-34.077388763427734,0.9993161559104919,0.18880174458026885,0.2,-0.2817617654800415,0.27567138671875,17252,0.000259715244,0.028554395,-0.017896628449670972,1.0022165775299072
-0.002497345264043782,0.22733126990850117,-0.22924918016899054,-0.08718134865371023,-86.39918239,80606376,75.36746500000001,0.0,79.56594446797541,-0.006749131944444511,0.000226236828085449,0.06600009931483622,-0.11144308559552615,-3.4902432335627914e-08,0.0,0.0,9.551613395996803,1118,239.0,-0.17966467287334564,0.01,-0.015892007380240172,-0.20040416623734109,0.0,-0.002125868108882047,4121,0.3357831,-0.4458844740677692,0.0,0.0,-0.18949873418090213,1.4893129470217883,0.0,-0.2165960488761952,-0.0011310693045371743,-0.01486656813482018,-0.48285932209084087,-0.03485280433221866,-0.5,4999,-0.028206534269730774,0.572769887,0.0,-0.008331660284764238,-34.08274688720703,0.9994919896125793,0.14713109619915485,0.2,-0.27322790026664734,0.2718017578125,17256,0.000259706028,0.031463753,-0.011716184404212982,1.00250244140625
-0.0023932603563315085,0.229692747684951,-0.22236947643241597,-0.08297659315627348,-86.36668258000002,80624808,75.378985,0.0,80.39246168973284,-0.006542968750000063,0.00036024280578001507,0.07092262798505158,-0.11145648045983579,-3.045690778957413e-08,0.0,0.0,9.701658703120257,1119,240.43,-0.17226518733512894,0.01,-0.015306486455614316,-0.18718728364040005,0.0,-0.0021456318402911074,4121,0.3358599,-0.42878806490668453,0.0,0.0,-0.182054544582669,1.4801975802674443,0.0,-0.2019404663507373,-0.0013021696264628564,-0.014037816408756003,-0.45965125229283227,-0.035210772670826646,-0.5,5003,-0.02671827331458739,0.5727522230000001,0.0,-0.008731507075329622,-34.07378959655762,0.9957886934280396,0.775026197731495,0.2,-0.06141766905784607,0.3076171875,17260,0.000259696812,0.030096168,-0.003800664795562625,1.0016270875930786
-0.0024024756054049174,0.23408994802788585,-0.22265916723790521,-0.0834594084331797,-86.2343947,80643240,75.39050499999999,0.0,81.93148180976004,-0.006532118055555616,0.0005029294406995177,0.06860681115616322,-0.11134403196084551,-3.2143062427377606e-08,0.0,0.0,10.105503492455604,1120,242.22,-0.18018032150845967,0.01,-0.015370045293251061,-0.19006026936670367,0.0,-0.003287785382286503,4121,0.3359367,-0.4254050759115346,0.0,0.0,-0.18218498675087555,1.49992722348024,0.0,-0.20627043338195994,-0.0015247725002446575,-0.013828538272776601,-0.4617408374705352,-0.03523746444226413,-0.5,5008,-0.027361935534067704,0.572734559,0.0,-0.010662110611317784,-34.073273468017575,0.9975259900093079,0.72198935598135,0.2,-0.1940709799528122,0.22967529296875,17264,0.000259687596,0.029461736,-0.007209025090560317,1.0017766952514648
-0.0023902406860531714,0.23181637969687272,-0.22536878615708236,-0.08549528630631915,-86.66599360000002,80661672,75.40202500000001,0.0,81.13573289390546,-0.00658637152777784,0.0002246092707436118,0.06802719017923829,-0.11132931441163978,-3.156289069286846e-08,0.0,0.0,10.140741690299675,1121,240.59,-0.1743839323457742,0.01,-0.01522490724710661,-0.1934378426550991,0.0,-0.0026119706049775367,4122,0.3360135,-0.42548556051988495,0.0,0.0,-0.1804008355665013,1.4959504915008153,0.0,-0.2063914678046464,-0.001413261844367802,-0.01405539303834396,-0.45916982187107025,-0.034689469243497056,-0.5,5012,-0.027367370124711736,0.572716895,0.0,-0.009109923941044448,-34.07835350036621,0.9992364645004272,0.20865021422505378,0.2,-0.30419063568115234,0.25029296875,17268,0.00025967838,0.02409871,-0.015466988808475435,1.0022023916244507
-0.002400538152912831,0.23268250289286466,-0.22547797145240306,-0.08389273861342704,-85.49728181000002,80680104,75.413545,0.0,81.43887601250263,-0.006586371527777841,0.00030815959002615675,0.07012326736089869,-0.11164153731385709,-3.149796743611144e-08,0.0,0.0,10.15020130708924,1122,241.2,-0.17375486746850635,0.01,-0.015378992048495228,-0.1905266155830868,0.0,-0.002875982610526212,4122,0.3360903,-0.42857316291469094,0.0,0.0,-0.18309824111718498,1.5048293208252044,0.0,-0.20439203978753312,-0.0015672998067457478,-0.014285986238799956,-0.4594228450701816,-0.034896831137638265,-0.5,5017,-0.027497304566356424,0.572699231,0.0,-0.009086051541897986,-34.08262424468994,0.9976944923400879,0.49604984521865847,0.2,-0.2032705396413803,0.277099609375,17272,0.00025966916399999996,0.02763718,-0.00982315035071224,1.0025893449783325
-0.0024310590776321097,0.22776067005347195,-0.22917414025183427,-0.08479690893459405,-85.68935250000003,80698536,75.42506499999999,0.0,79.71623451871518,-0.006553819444444508,0.00024414061853248213,0.06666757863919326,-0.11149808122333188,-3.22456427041798e-08,0.0,0.0,9.684538057276404,1123,240.75,-0.1738830681146099,0.01,-0.015581292071528776,-0.1901210927959108,0.0,-0.0021788888955779607,4122,0.3361671,-0.4352533675279548,0.0,0.0,-0.1864156517658225,1.4937656495945213,0.0,-0.20806151868333322,-0.0010835280572828003,-0.014444034795304678,-0.47152704941780066,-0.03467320315008408,-0.5,5021,-0.027672312784788097,0.5726815670000001,0.0,-0.009360708768427786,-34.08474349975586,0.9995428323745728,0.1258835732936859,0.2,-0.31979626417160034,0.25555419921875,17276,0.000259659948,0.02927863,-0.019109985209070146,1.0025708675384521
-0.0024601297019106105,0.22988203008665004,-0.2256593787890248,-0.0853199059998407,-85.81444988000001,80716968,75.43658500000001,0.0,80.45871053032751,-0.006347656250000059,0.00036187057331618335,0.07011768845090559,-0.11150843445367281,-3.189954940411015e-08,0.0,0.0,9.779196521326977,1124,239.78,-0.17579791254697782,0.01,-0.015730874979203932,-0.19294561970339774,0.0,-0.002463136335536723,4122,0.3362439,-0.43678217996628055,0.0,0.0,-0.18618034699341712,1.4930970605980223,0.0,-0.20898047234595427,-0.0015928748789372847,-0.014753545727140596,-0.4642050399171071,-0.03465342125430713,-0.5,5025,-0.027168288063398133,0.572663903,0.0,-0.008453323371617848,-34.07687911987305,0.9971486330032349,0.903630556166172,0.2,0.18996074795722961,0.3236083984375,17280,0.000259650732,0.03113797,-0.0035763181396760045,1.002018690109253
-0.0024445938695555774,0.2284935469080042,-0.22318441681949436,-0.0855270217178228,-86.59183507,80735400,75.448105,0.0,79.97274141780147,-0.006640625000000063,0.0004931638832204044,0.06950377513920791,-0.11141362655395154,-3.147585397677667e-08,0.0,0.0,9.716408320724675,1125,236.69,-0.17286466182250548,0.01,-0.015687325738387457,-0.18978333462399827,0.0,-0.0028719821811041446,4122,0.3363207,-0.43147241307678963,0.0,0.0,-0.18583389331308223,1.4869991156594764,0.0,-0.21070628406552921,-0.0010475701644963261,-0.014256621926159313,-0.4639447296286005,-0.03495814034981701,-0.5,5030,-0.026634882032216547,0.572646239,0.0,-0.008682678885331066,-34.076304054260255,0.9994064569473267,0.1692710854113102,0.2,-0.2945486903190613,0.25955810546875,17284,0.000259641516,0.026121596,-0.01604408870334737,1.0018986463546753
-0.002375213608148893,0.2295322962007224,-0.2231439554393099,-0.08459638761039756,-86.18694602,80753832,75.459625,0.0,80.33630367025285,-0.006510416666666728,0.00024793824801842373,0.06900739972985785,-0.11147760537823076,-3.1594661226275376e-08,0.0,0.0,9.775776875020023,1126,239.99,-0.17304917992058505,0.01,-0.015255886940026648,-0.18709094386906253,0.0,-0.0025205995954245193,4122,0.3363975,-0.4209664058998303,0.0,0.0,-0.1809915653535943,1.5025291651561659,0.0,-0.20679595332131961,-0.0013439922888942577,-0.014086598617417293,-0.45513311167674597,-0.03458437730961858,-0.5,5034,-0.026891538936160104,0.572628575,0.0,-0.009692332369417677,-34.06808567047119,0.9827121496200562,4.204601943492889,0.2,1.455642580986023,0.2675537109375,17288,0.0002596323,0.028591564,-0.004754614213015884,1.0010735988616943
-0.0023958905428399973,0.22408949640172451,-0.221039106290939,-0.08375238957864595,-85.64711888,80772264,75.471145,0.0,78.43132374060357,-0.006608072916666731,0.000562608300242573,0.06870246080898192,-0.11140183198376552,-3.163031509588361e-08,0.0,0.0,9.191168494819118,1127,239.58,-0.17515673886525013,0.01,-0.015333645035665536,-0.18904123739964074,0.0,-0.0017662414575500933,4122,0.3364743,-0.4307218010420848,0.0,0.0,-0.1826913398750355,1.4962010149197216,0.0,-0.20419647496351834,-0.0015799600847198837,-0.01503903811651912,-0.4673484039441187,-0.0346100690827891,-0.5,5039,-0.026829622760258545,0.5726109110000001,0.0,-0.00906977527322144,-34.068723487854,0.998103678226471,0.3814540669322014,0.2,-0.21625466644763947,0.168505859375,17292,0.000259623084,0.020286676,-0.013924043998122216,1.0015861988067627
-0.002405875415968652,0.2291164366454181,-0.2272193236149425,-0.08448511415398996,-85.96510491000001,80790696,75.482665,0.0,80.19075282589633,-0.00662977430555562,0.000615234163382815,0.06863769713223228,-0.11139351170993167,-3.0883676406034385e-08,0.0,0.0,9.721116572809494,1128,242.41,-0.17559519923320138,0.01,-0.015413062226252883,-0.185910214648204,0.0,-0.0029531036700782875,4122,0.3365511,-0.42959272258075165,0.0,0.0,-0.18271175603577836,1.4834839441947307,0.0,-0.20574146271228583,-0.0016061840647492922,-0.013824958254971084,-0.4559669903209253,-0.035164410084973244,-0.5,5043,-0.02712470114887613,0.572593247,0.0,-0.01117900898356715,-34.07555179595947,0.9944376349449158,1.2827793762087822,0.2,0.042381107807159424,0.2448486328125,17296,0.00025961386799999996,0.023842996,-0.004271106846863404,1.001705527305603
-0.002483294377999739,0.22876185163453852,-0.227051427503879,-0.08449991089465937,-85.59731458,80809128,75.49418499999999,0.0,80.06664807208848,-0.006705729166666732,0.00040581588917929266,0.0679017703902437,-0.11156142962860437,-3.352846950439017e-08,0.0,0.0,9.788568353880846,1129,240.3,-0.17819955806681131,0.01,-0.015871881862886284,-0.19491652320341266,0.0,-0.0018944888842910314,4122,0.3366279,-0.4415406654388286,0.0,0.0,-0.1889709497329336,1.4778860471384978,0.0,-0.21277201384514005,-0.0012026999640414285,-0.014772728107832025,-0.48370541189752864,-0.035256952860145345,-0.5,5047,-0.026865537331312514,0.572575583,0.0,-0.008028520201656243,-34.07156620025635,0.9978520274162292,0.38070404529571533,0.2,-0.24601802229881287,0.1719482421875,17300,0.000259604652,0.019123022,-0.013757060759235173,1.0016535520553589
-0.0023620072288028965,0.2286633215037016,-0.2241539004369862,-0.08590435784800235,-85.41757215,80827560,75.505705,0.0,80.03216252629556,-0.006380208333333394,0.0002050780490713401,0.07204407392876748,-0.11158464577631316,-3.055889638833666e-08,0.0,0.0,9.709134876153822,1130,239.02,-0.16674502557683515,0.01,-0.015152135856413233,-0.18929594258801968,0.0,-0.0017999914945567375,4122,0.3367047,-0.4210943288567617,0.0,0.0,-0.18022698983673333,1.5351471303348272,0.0,-0.2005932291222767,-0.0010850187301953075,-0.013915023860981859,-0.45721075659176186,-0.034148825668316334,-0.5,5052,-0.02703239595735716,0.572557919,0.0,-0.008684442409301281,-34.07792205810547,0.9984332919120789,0.2679321803152561,0.2,-0.2950232923030853,0.2012451171875,17304,0.000259595436,0.02349703,-0.013100553012918681,1.0023339986801147
-0.0023779672488411234,0.2351007273990412,-0.23291491290357802,-0.0862601436522691,-85.66161173999998,80845992,75.517225,0.0,82.28525458966442,-0.006618923611111175,0.00037000863812863827,0.06550953938521291,-0.11130961764603822,-3.1269558820965706e-08,0.0,0.0,10.42928071945853,1131,240.38,-0.17103233329543313,0.01,-0.015233167311516083,-0.19246313260565975,0.0,-0.0020980561656800626,4122,0.3367815,-0.42160777692352774,0.0,0.0,-0.18080645018467734,1.5274323670991015,0.0,-0.20364358147026218,-0.0011962285297599995,-0.013665195944456497,-0.45507095124117924,-0.035114712632028505,-0.5,5056,-0.02863889409533861,0.572540255,0.0,-0.00923443394842454,-34.08073711395264,0.9978100657463074,0.49324494451284406,0.2,-0.07968246936798096,0.2520263671875,17308,0.00025958622,0.02692676,-0.013577334745787085,1.002271056175232
-0.002439427526841096,0.2282920094451139,-0.2242149619799568,-0.08396394332603535,-85.77063730999998,80864424,75.528745,0.0,79.90220330578987,-0.006901041666666735,0.0003531899742989077,0.06582399649506147,-0.11156600232775732,-3.2877660872127465e-08,0.0,0.0,9.713293075933331,1132,242.18,-0.18006802222861118,0.01,-0.015524241585456847,-0.1873372948466042,0.0,-0.0027222403668562783,4122,0.3368583,-0.43805447152386257,0.0,0.0,-0.18463415511663211,1.4701624973750795,0.0,-0.21171410733139762,-0.001178013676726628,-0.014291594822385309,-0.47254449399413456,-0.035340461278258815,-0.5,5061,-0.02686506723805649,0.572522591,0.0,-0.010164878963324655,-34.08013095855713,0.9993589520454407,0.17037856802344323,0.2,-0.3089444935321808,0.23826904296875,17312,0.000259577004,0.030219343,-0.019577338790986686,1.002285361289978
-0.0024778302857364227,0.22907099912524914,-0.2247181974762315,-0.08494689866322673,-86.33965399,80882856,75.540265,0.0,80.1748496938372,-0.006749131944444509,0.00018934456683281396,0.0682523358858611,-0.11144214354160899,-3.3382685126520535e-08,0.0,0.0,9.60389919989171,1133,240.25,-0.1787922891376872,0.01,-0.015882971961531354,-0.1901644818394366,0.0,-0.002063666195263822,4122,0.3369351,-0.44172211216106866,0.0,0.0,-0.18825781141512832,1.4634482639306816,0.0,-0.21190624855256973,-0.0015005040002841422,-0.0154064019338807,-0.4802838986735856,-0.035541127714671175,-0.5,5065,-0.026626762619839248,0.572504927,0.0,-0.009071540310590839,-34.08158531188965,0.9995656609535217,0.11927533894777298,0.2,-0.3219186067581177,0.285205078125,17316,0.000259567788,0.029908145,-0.01677731638774276,1.0024480819702148
-0.002391313349019801,0.2308597964782978,-0.22642285077419885,-0.08414291001100038,-86.36679920999997,80901288,75.551785,0.0,80.80092876740423,-0.0065646701388889514,0.00034179686594547494,0.06957686720052031,-0.11139111777965532,-3.0534946726540285e-08,0.0,0.0,9.98094070666368,1134,242.91,-0.17153468442328015,0.01,-0.01529081222290461,-0.18888001920611047,0.0,-0.00315516400420848,4122,0.3370119,-0.4218376800832393,0.0,0.0,-0.1807890050735003,1.5059960362606817,0.0,-0.20348409038845786,-0.001884294077590068,-0.014254635666402164,-0.45838333905367545,-0.03507227780743244,-0.5,5069,-0.026978204795864304,0.572487263,0.0,-0.008978631200281799,-34.060106004987446,0.9932368993759155,1.6773404393877303,0.2,0.10594514012336731,0.22684151785714285,17318,0.000259558572,0.045851134,0.002557817563813712,1.0005205869674683
-0.0023768463719947733,0.23309639967192583,-0.22649806846993886,-0.08322434952411276,-85.99613648,80919720,75.563305,0.0,81.58373988517404,-0.006575520833333396,0.0003396266773860488,0.06881138892279481,-0.11108159345005682,-3.0367976120362174e-08,0.0,0.0,10.055005986012283,1135,243.11,-0.17399383275037608,0.01,-0.015139201919651615,-0.1853836174281702,0.0,-0.0028419083061351396,4122,0.3370887,-0.4121080186397432,0.0,0.0,-0.17921752580280087,1.5138779260710544,0.0,-0.1990846242162504,-0.001962927569051394,-0.01381593877208158,-0.4584480843289678,-0.03520631444111086,-0.5,5074,-0.027302237741503924,0.572469599,0.0,-0.010141006779223163,-34.072533226013185,0.9992808103561401,0.18556867204606534,0.2,-0.29474833607673645,0.18580322265625,17322,0.00025954935599999996,0.024205178,-0.012039854156319052,1.0018724203109741
-0.0023900400667881344,0.2253771027364933,-0.22378122934555167,-0.08359820426396264,-85.99656888,80938152,75.574825,0.0,78.88198595777266,-0.006673177083333398,0.00024414061853248213,0.06657029837154876,-0.11129774346930753,-3.0021918762814734e-08,0.0,0.0,9.472711873772546,1136,242.6,-0.17342788915939777,0.01,-0.0151917504100701,-0.18740768713740388,0.0,-0.0034184781358095975,4122,0.3371655,-0.42297670782866237,0.0,0.0,-0.18083130186599428,1.486889496823939,0.0,-0.20567246722491847,-0.0014371893523293484,-0.014354066319427443,-0.46028340664924067,-0.03519754039004164,-0.5,5078,-0.02690888406651348,0.572451935,0.0,-0.00991314284005461,-34.07612018585205,0.9992877840995789,0.16409474425017834,0.2,-0.32026758790016174,0.24951171875,17326,0.00025954014,0.02825874,-0.014061429887078702,1.0019909143447876
-0.0024468543844372334,0.23168716490751987,-0.22076320379179873,-0.08376774726802151,-86.30377568000002,80956584,75.586345,0.0,81.09050771763195,-0.0065972222222222855,0.0003906249896519714,0.06634609072140674,-0.11117416300244942,-3.28355696587081e-08,0.0,0.0,9.878379148749847,1137,243.22,-0.17599953141573432,0.01,-0.015581599369993239,-0.1833584350998202,0.0,-0.0032584412044702918,4122,0.3372423,-0.428593216641147,0.0,0.0,-0.18339109201314047,1.4720293623578968,0.0,-0.20640305831792796,-0.0014971601451457984,-0.014044649794577159,-0.46292687006989297,-0.03558816501692312,-0.5,5083,-0.02651664366278457,0.572434271,0.0,-0.010253718827799376,-34.074513626098636,0.9996550679206848,0.09656755402684211,0.2,-0.331437885761261,0.268017578125,17330,0.000259530924,0.029347992,-0.01715188641101122,1.0017240047454834
-0.002429029555585833,0.2345798606413329,-0.21631395481326995,-0.08249548924535535,-86.8284066,80975016,75.597865,0.0,82.10295122446652,-0.006477864583333393,0.0002039929806616985,0.07105723174319649,-0.11142934467894834,-3.017735240294149e-08,0.0,0.0,10.265744231473606,1138,240.7,-0.17766729936085632,0.01,-0.015513478028662625,-0.18461410575315795,0.0,-0.0031895044090075675,4123,0.3373191,-0.4346756176006654,0.0,0.0,-0.1837669828153067,1.447385797548314,0.0,-0.2044950051555585,-0.0013571578127690395,-0.01445776435062587,-0.4778119969885839,-0.035838833867833694,-0.5,5087,-0.025233627773104672,0.572416607,0.0,-0.008702075708748048,-34.07331447601318,0.9985844492912292,0.4263712137937546,0.2,-0.16301637887954712,0.26690673828125,17334,0.000259521708,0.029490724,-0.010144561994820833,1.0020290613174438
-0.0023941460706194684,0.2295678588970668,-0.23406239206518745,-0.0865020236960356,-86.08954820999999,80993448,75.609385,0.0,80.34875061397338,-0.00670572916666673,0.00040635836841021146,0.06923053794388791,-0.11137409641343281,-3.1315216037994856e-08,0.0,0.0,10.06104107420682,1139,238.88,-0.17114702650354835,0.01,-0.015275613245191813,-0.19618731920069704,0.0,-0.0021935154471835814,4123,0.3373959,-0.4213221107645755,0.0,0.0,-0.18036912995909368,1.5277797110456703,0.0,-0.19969258049522431,-0.001283268893255407,-0.013968564705695768,-0.4584734585419538,-0.034994862667555734,-0.5,5091,-0.02834896422492072,0.572398943,0.0,-0.008619337593295818,-34.07700042724609,0.9931368827819824,1.9030698180198669,0.2,0.35234859585762024,0.2914794921875,17338,0.000259512492,0.034966264,-0.004622344765812159,1.0018997192382812
-0.0024746820354593162,0.2250768411445506,-0.23296405869893594,-0.08788270589225437,-86.07220394,81011880,75.620905,0.0,78.77689440059271,-0.007128906250000057,0.0002468532798553093,0.07103786067166659,-0.11146260382961908,-3.14427498328036e-08,0.0,0.0,9.348673378692816,1140,238.28,-0.16944868815152925,0.01,-0.015705106509938886,-0.1998521775485125,0.0,-0.0015028641388120597,4121,0.3374727,-0.43750884301878495,0.0,0.0,-0.18612581934345138,1.4857179193500345,0.0,-0.21086704833632794,-0.0012035060395413585,-0.014848420653927318,-0.4861436742750238,-0.03560117255797497,-0.5,5098,-0.02755663744036157,0.572381279,0.0,-0.007705713243922219,-34.07381000518799,0.9936648607254028,1.5417682871222496,0.2,-0.11744122207164764,0.2141357421875,17342,0.000259503276,0.027031153,-0.00524277260992676,1.001594066619873
-0.002442053265350626,0.22819559171046339,-0.22942617882161306,-0.08541852408958676,-85.57243783,81030312,75.632425,0.0,79.86845709866219,-0.0066514756944445075,0.0004378254590038624,0.07036253979743728,-0.1113352595614083,-3.148639722541015e-08,0.0,0.0,9.752878623727828,1141,239.12,-0.17155252827555773,0.01,-0.015497722591071732,-0.19344770654108648,0.0,-0.0019410579838931455,4121,0.3375495,-0.4248858204521703,0.0,0.0,-0.18156817630370992,1.4997162713169543,0.0,-0.20498410407958065,-0.0015759539065751385,-0.01438304597518877,-0.4718213609996722,-0.0354752306993751,-0.5,5102,-0.02747236594000221,0.572363615,0.0,-0.008532260893844068,-34.07035942077637,0.9959632158279419,0.698628006875515,0.2,-0.14573326706886292,0.16082763671875,17346,0.00025949406,0.017983615,-0.010320497187785804,1.0015614032745361
-0.002396083488814669,0.22335549730358065,-0.22204813685920252,-0.08253472161969418,-85.89109110000001,81048744,75.643945,0.0,78.17442405625323,-0.006456163194444506,0.0004296874459315505,0.07023677312860205,-0.11142003700904327,-3.093451712580918e-08,0.0,0.0,9.27074069696953,1142,240.65,-0.17173251233305709,0.01,-0.015234831405925606,-0.18840579537271987,0.0,-0.0026275300822974877,4121,0.3376263,-0.4193947761923068,0.0,0.0,-0.18115393100050986,1.488792811408549,0.0,-0.20164923523182943,-0.0011994221549253574,-0.014311588523100664,-0.4577854570089215,-0.035140171158559455,-0.5,5106,-0.026468690724574553,0.572345951,0.0,-0.009182894659008727,-34.07902183532715,0.9987145066261292,0.3236775457859039,0.2,-0.19554364681243896,0.217578125,17350,0.00025948484399999997,0.022926906,-0.016551983635872604,1.0022064447402954
-0.0023842788956944306,0.22936251559346,-0.22683090083612367,-0.08538722286128962,-85.46955439000001,81067176,75.65546499999999,0.0,80.276880457711,-0.00674913194444451,0.00038465706165879965,0.07041687718354567,-0.11138198644792202,-3.0182400926661e-08,0.0,0.0,9.716116473268663,1143,241.28,-0.1661509506633843,0.01,-0.01513311684637391,-0.1903240829524624,0.0,-0.002245059507572965,4121,0.3377031,-0.42145167337541595,0.0,0.0,-0.17859493148384098,1.5098860437282946,0.0,-0.20082750270309782,-0.001593250994660473,-0.014477173729751417,-0.447942649133887,-0.03506988816232239,-0.5,5111,-0.027670707571260385,0.572328287,0.0,-0.009086593500493715,-34.08201923370361,0.9992437362670898,0.18656901642680168,0.2,-0.30693283677101135,0.24227294921875,17354,0.000259475628,0.026448911,-0.016430275852326304,1.0024988651275635
-0.0024568897264372245,0.22652034119472603,-0.2308278266559497,-0.08692402189104949,-86.26758921999998,81085608,75.66698500000001,0.0,79.28211941815411,-0.0068793402777778435,0.00041069864528253675,0.06955171651021028,-0.11118406080499657,-3.0862565751190633e-08,0.0,0.0,9.624172867091591,1144,238.71,-0.16875205360227283,0.01,-0.015468728325274708,-0.19691470086978163,0.0,-0.002345927775836513,4121,0.3377799,-0.4311201376159488,0.0,0.0,-0.18276039507057057,1.4866108163757472,0.0,-0.20954837565064424,-0.0015948186760563158,-0.014352982512779056,-0.4620833642277941,-0.035395327357500485,-0.5,5115,-0.027702305771317656,0.572310623,0.0,-0.008329082655513452,-34.080462265014646,0.999646782875061,0.09544237926602364,0.2,-0.3339584767818451,0.2450927734375,17358,0.000259466412,0.027243685,-0.017990510747767984,1.0021693706512451
-0.00245638627536227,0.22352552570496778,-0.23096934559646762,-0.08638586353838767,-86.39780657000001,81104040,75.678505,0.0,78.23393399673873,-0.006987847222222288,0.0005040146675633474,0.0721558583986068,-0.11131555268175279,-3.234526537867354e-08,0.0,0.0,9.466155174177885,1145,236.18,-0.17292529175567364,0.01,-0.015615017642823196,-0.19757805135458967,0.0,-0.0015779235189352218,4121,0.3378567,-0.43485943944283045,0.0,0.0,-0.18556799123463275,1.5005275263133528,0.0,-0.20803348100009594,-0.0011199992525699847,-0.014473772096578328,-0.47739509110265615,-0.03508781204564609,-0.5,5120,-0.02774123499222549,0.572292959,0.0,-0.007654849692092587,-34.081548881530765,0.9937682747840881,1.7683920949697494,0.2,0.20844775438308716,0.25052490234375,17362,0.000259457196,0.029345494,-0.006178351561538875,1.0028036832809448
-0.0024202288781721574,0.2296205444913262,-0.2286135236753224,-0.08468145009911103,-85.57175642,81122472,75.69002499999999,0.0,80.36719057196417,-0.006727430555555619,0.0005973305928313897,0.07259806680775399,-0.11157669735430432,-3.121711856181991e-08,0.0,0.0,9.850502926313347,1146,239.24,-0.17181448735730623,0.01,-0.0152980935042721,-0.19299375615987258,0.0,-0.0015552734781978635,4121,0.3379335,-0.42122456168609984,0.0,0.0,-0.1809895812919974,1.5177343425951162,0.0,-0.2037696108001239,-0.0014334853737340467,-0.015258412342076845,-0.4742023996570064,-0.03485836106700538,-0.5,5124,-0.02769551018488657,0.572275295,0.0,-0.00852751413670679,-34.08711585998535,0.9969100952148438,0.893230551481247,0.2,0.05627205967903137,0.26417236328125,17366,0.00025944798,0.029159749,-0.010727712081279605,1.0025370121002197
-0.0024216782112680235,0.2322516624660809,-0.22743147312855058,-0.08635581836060618,-85.78762299,81140904,75.701545,0.0,81.28808186312831,-0.006640625000000064,0.0002875433484506276,0.07050034443603523,-0.11141793339845123,-3.170219409600731e-08,0.0,0.0,9.845003139560385,1147,238.45,-0.16927443271055925,0.01,-0.015455321875385028,-0.19699469950666337,0.0,-0.0014082903629960692,4122,0.3380103,-0.42565514946525035,0.0,0.0,-0.1837091280209554,1.4967383036366444,0.0,-0.20378075847771043,-0.00126303974500559,-0.015221242976608103,-0.4701953522568394,-0.03507874768049533,-0.5,5128,-0.027561293714429273,0.572257631,0.0,-0.008390524348619187,-34.08530941009521,0.9993326663970947,0.1658342383801937,0.2,-0.3043275475502014,0.25386962890625,17370,0.000259438764,0.029851025,-0.018311006925068797,1.0028977394104004
-0.0024535119387981744,0.22783011172825993,-0.22592537181272312,-0.08521045975306012,-86.04371031000001,81159336,75.713065,0.0,79.74053910489097,-0.007150607638888945,0.0007942705285838909,0.07193815328482844,-0.1113530610778915,-3.081266528678635e-08,0.0,0.0,9.588177168487311,1148,238.63,-0.1710542787895659,0.01,-0.01556362129464516,-0.19726639189818757,0.0,-0.001762696105354324,4122,0.3380871,-0.42760993413863646,0.0,0.0,-0.18307242033942434,1.4902959990038385,0.0,-0.2087678744884544,-0.001400224951738287,-0.015479304217490648,-0.47504309026507685,-0.03516084146340512,-0.5,5133,-0.027190543873828993,0.572239967,0.0,-0.007931406515935022,-34.08544292449951,0.9980905055999756,0.2963475435972214,0.2,-0.2859542965888977,0.25506591796875,17374,0.00025942954799999996,0.02418151,-0.010293372382875532,1.002678632736206
-0.0024486791149775314,0.22637728675223956,-0.23174413424411247,-0.08808141167103015,-85.74113051000002,81177768,75.724585,0.0,79.23205036328385,-0.0067382812500000645,0.0003640406583953235,0.07067713142730386,-0.11138128911451857,-3.047105648478381e-08,0.0,0.0,9.449528868894033,1149,237.77,-0.16860395953324173,0.01,-0.01553268907314204,-0.20045872719577462,0.0,-0.0012786743765574647,4122,0.3381639,-0.42506647355227295,0.0,0.0,-0.18336896884662296,1.5168797345506786,0.0,-0.20779144330218874,-0.001408191026153786,-0.01439411814876429,-0.4702156610300563,-0.034921451600281,-0.5,5137,-0.028089772193292506,0.572222303,0.0,-0.0076492884060523165,-34.080792617797854,0.9990636110305786,0.2669264167547226,0.2,-0.24962118268013,0.26253662109375,17378,0.000259420332,0.030652493,-0.014961879642214626,1.0022481679916382
-0.0024468429132472403,0.23614843611525949,-0.22966072401529855,-0.08648587268368384,-85.69353260000001,81196200,75.73610500000001,0.0,82.65195264034082,-0.006955295138888954,0.0005528427330621829,0.06979793966190621,-0.1112633864250123,-3.172891203391073e-08,0.0,0.0,10.299806705583672,1150,238.98,-0.17173533243922712,0.01,-0.01566387091659309,-0.19388258893450183,0.0,-0.0019297877117904335,4122,0.3382407,-0.4248326450635739,0.0,0.0,-0.18450520428723016,1.4962052342238983,0.0,-0.21099210139110405,-0.0015354966576477764,-0.014586267841135623,-0.4723588681337325,-0.035498530822974855,-0.5,5142,-0.02767118055539682,0.572204639,0.0,-0.007932762683291609,-34.078987503051756,0.9992843866348267,0.1974576883018017,0.2,-0.27873265743255615,0.2630859375,17382,0.000259411116,0.02765137,-0.016498473775573074,1.0022940635681152
-0.0024155143860956994,0.22997592984847645,-0.22526837624102702,-0.08565494646913836,-86.46087416,81214632,75.747625,0.0,80.49157544696676,-0.006835937500000067,0.00044813355068779655,0.07127291172474637,-0.11140599736869215,-2.993934610352643e-08,0.0,0.0,9.995800722764297,1151,238.57,-0.17151748051731858,0.01,-0.015498452844473702,-0.19309307054196442,0.0,-0.001959343837515645,4122,0.3383175,-0.42258508447422116,0.0,0.0,-0.18329625069887745,1.5077107279924962,0.0,-0.20457395756845362,-0.0019605009840858827,-0.014853976953797442,-0.4746985433013665,-0.03481029083145303,-0.5,5146,-0.026997735390654823,0.572186975,0.0,-0.008530904918896139,-34.0778995513916,0.998991072177887,0.2682657539844513,0.2,-0.2632655203342438,0.23997802734375,17386,0.0002594019,0.026718866,-0.016281598969362675,1.0021328926086426
-0.0024212718381228355,0.22895516754833012,-0.2233973208734557,-0.08609719987820748,-85.60000526,81233064,75.75914499999999,0.0,80.13430864191554,-0.006879340277777844,0.0008143442424221172,0.07099855558946526,-0.11118533721367209,-3.092708403396196e-08,0.0,0.0,9.77715167059267,1152,239.09,-0.17052336215803587,0.01,-0.015466503062730933,-0.19225228844198472,0.0,-0.0016071908122528744,4122,0.3383943,-0.42617732741258874,0.0,0.0,-0.18380265376608054,1.4927594816245813,0.0,-0.21087816599603038,-0.0016459200768485112,-0.014710796652092554,-0.4702348655715773,-0.03590294113875931,-0.5,5150,-0.027216138639659788,0.572169311,0.0,-0.00869759771901752,-34.062596457345144,0.9936553239822388,2.1007874267441884,0.2,0.9901202917098999,0.20814732142857142,17388,0.000259392684,0.04069639,-0.0006450858698891741,1.0006310939788818
-0.002437138120885341,0.22763966687700335,-0.22204891517224173,-0.0850362204180544,-85.12073851999999,81251496,75.77066500000001,0.0,79.67388340695118,-0.0068250868055556215,0.0003841144692463179,0.0708292946079169,-0.11119364207428653,-3.0415700388747534e-08,0.0,0.0,9.761789927053666,1153,239.99,-0.1748938545416524,0.01,-0.015664201926842064,-0.18633247426937058,0.0,-0.0017429040069732572,4122,0.3384711,-0.4245380762748913,0.0,0.0,-0.18720820829501827,1.4952060992295786,0.0,-0.21048745262705906,-0.001421107015295628,-0.01506137998189696,-0.4767081636877011,-0.035820818727491335,-0.5,5155,-0.026601624245088287,0.572151647,0.0,-0.008544739521716515,-34.07702693939209,0.9974319934844971,0.7481324359774589,0.2,-0.1629398614168167,0.25386962890625,17392,0.000259383468,0.030540252,-0.008854279911611229,1.0021910667419434
-0.002418453873491322,0.22993196526998322,-0.22410036139860803,-0.08510334368493205,-84.77267284,81269928,75.782185,0.0,80.47618784449412,-0.006955295138888954,0.0006911891008106371,0.07126748745032838,-0.11114460423666267,-3.2078012379578157e-08,0.0,0.0,9.912816733811843,1154,240.0,-0.1773126541693451,0.01,-0.015633653076013623,-0.1873410544339803,0.0,-0.0014018175211508066,4122,0.3385479,-0.42536835471461776,0.0,0.0,-0.1869876479324122,1.5014324117436524,0.0,-0.21276281508127812,-0.0018652443368054475,-0.014923712085288346,-0.4795795830230179,-0.035486098871009085,-0.5,5159,-0.027038626624306467,0.5721339830000001,0.0,-0.008411005073058832,-34.0793155670166,0.9994739890098572,0.13957748375833035,0.2,-0.3118307292461395,0.24512939453125,17396,0.000259374252,0.025468254,-0.01656661696615629,1.0021570920944214
-0.0023853137483184576,0.23459865316260808,-0.22282228041408583,-0.08238806463400274,-85.62541021000001,81288360,75.793705,0.0,82.10952860691283,-0.006651475694444508,0.0004096135768728952,0.07086619758698229,-0.11117778469088406,-3.071001190773387e-08,0.0,0.0,10.350127917470239,1155,242.01,-0.17629478818061797,0.01,-0.015457120077535155,-0.18487782274704387,0.0,-0.002433822743167819,4122,0.3386247,-0.4168411880544644,0.0,0.0,-0.18536472274939178,1.4920692302843355,0.0,-0.20805655987212912,-0.001719842193198501,-0.014857491821151187,-0.4687759043311227,-0.03543766250689767,-0.5,5164,-0.026659416953181015,0.572116319,0.0,-0.009592098955181427,-34.080206108093265,0.9995794296264648,0.1080356016755104,0.2,-0.32692012190818787,0.253125,17400,0.00025936503599999997,0.02643386,-0.016822459374088793,1.0022966861724854
-0.002432459734498697,0.23347984301712388,-0.22224792545442432,-0.08384449413944983,-85.66437156,81306792,75.80522500000001,0.0,81.71794505599335,-0.006803385416666734,0.0004926212358340207,0.07299812203277461,-0.11125996967501633,-3.280515223839001e-08,0.0,0.0,10.345630237794644,1156,237.97,-0.17671282156191567,0.01,-0.015638078528903355,-0.18515902517357077,0.0,-0.00120689838300467,4122,0.3387015,-0.4228854605704233,0.0,0.0,-0.18566120814109963,1.494329170994351,0.0,-0.2114613591994648,-0.0015577950725972846,-0.014482806625449,-0.48634952833581097,-0.03554883787102072,-0.5,5168,-0.02641145089159916,0.572098655,0.0,-0.008296937505494699,-34.08151149749756,0.9994493722915649,0.1612331908196211,0.2,-0.2814432382583618,0.2526123046875,17404,0.00025935582,0.02708301,-0.016868175816489382,1.0024824142456055
-0.0023886640648593787,0.22422350329163462,-0.22363807403602637,-0.08234753163582292,-86.30039486000001,81325224,75.816745,0.0,78.47822615207212,-0.006835937500000066,0.0005007594138280385,0.07325481739765266,-0.11119522977930564,-3.1890730315882175e-08,0.0,0.0,9.347808971679664,1157,237.36,-0.17567710915062554,0.01,-0.015496940022345727,-0.1863374188107181,0.0,-0.001784131282026025,4122,0.3387783,-0.42210393074151537,0.0,0.0,-0.1854849036940497,1.4835819476680177,0.0,-0.20541671433738984,-0.0015665920884562995,-0.014006277659186349,-0.4720952216243081,-0.035874421634272104,-0.5,5172,-0.026439895364484975,0.572080991,0.0,-0.008538906604775952,-34.067229407174246,0.9914271831512451,2.1613707499844685,0.2,0.1913234293460846,0.29666573660714285,17407,0.000259346604,0.04413276,-0.002022735325486532,1.0010097026824951
-0.0024204638672097557,0.22976046721271892,-0.22533424091128054,-0.08323352077186726,-84.99561401000001,81343656,75.828265,0.0,80.41616352445162,-0.006727430555555619,0.0001801214853508605,0.07151204122928707,-0.11111084246193184,-3.1401716159816444e-08,0.0,0.0,9.756945012443882,1158,240.92,-0.17973907487623111,0.01,-0.015653283995776084,-0.18796175992706654,0.0,-0.0017293769114681966,4122,0.3388551,-0.42683067582666434,0.0,0.0,-0.18753564983495621,1.4841079624636635,0.0,-0.20914258201577313,-0.0012789843735374715,-0.01400233146436629,-0.47631565600455805,-0.03562855430719485,-0.5,5177,-0.02697335504388391,0.572063327,0.0,-0.00904129292919404,-34.06807918548584,0.9934651851654053,1.9930833175778389,0.2,0.8077044486999512,0.17392578125,17411,0.000259337388,0.01952851,-0.007881868851836771,1.0012742280960083
-0.002407257611861914,0.2268488601655692,-0.2235648422869646,-0.08110764770593942,-85.32985753999999,81362088,75.839785,0.0,79.39710105794923,-0.00674913194444451,0.000633680378086865,0.07405399518336497,-0.11141483896644476,-3.16128066633699e-08,0.0,0.0,9.908758168670662,1159,240.82,-0.17819972433572412,0.01,-0.015460842290282127,-0.18570458889389496,0.0,-0.0019692874623935706,4122,0.3389319,-0.4231600738334893,0.0,0.0,-0.1849829157215119,1.4903874630768421,0.0,-0.2031968369598144,-0.0019597485851904216,-0.014832455917841872,-0.4759692903160956,-0.03494328459089182,-0.5,5181,-0.02655763735296582,0.572045663,0.0,-0.008440709735926552,-34.07155857086182,0.9994111657142639,0.16418587043881416,0.2,-0.2896083891391754,0.19029541015625,17415,0.000259328172,0.024490613,-0.018404355645179747,1.0017169713974
-0.0023511337875346387,0.23135892148017612,-0.21566273892538923,-0.08132011923007683,-86.11486366999999,81380520,75.851305,0.0,80.97562251806164,-0.006759982638888954,0.0004703773948777881,0.07321841991654315,-0.11135752234846803,-3.034018480859187e-08,0.0,0.0,9.945542128053795,1160,241.99,-0.17304086319742407,0.01,-0.015143987419350568,-0.1835095714583711,0.0,-0.0026419667956518876,4122,0.3390087,-0.41664274380980637,0.0,0.0,-0.18087465429891822,1.4846461211741833,0.0,-0.19793686329666393,-0.001989910783285065,-0.014050318283571799,-0.45052660875065975,-0.03548067714342342,-0.5,5186,-0.025909484851331255,0.572027999,0.0,-0.009345926011317514,-34.07572135925293,0.9991108775138855,0.18791089430451394,0.2,-0.30726006627082825,0.21475830078125,17419,0.000259318956,0.025214558,-0.015356526570394635,1.002004623413086
-0.002352892804324046,0.22950517741756687,-0.22462010438014568,-0.08237648474568393,-86.28046859,81398952,75.862825,0.0,80.3268120961484,-0.006532118055555617,0.0004855684043529133,0.07077085405060558,-0.11117376795708475,-3.087743198563967e-08,0.0,0.0,9.727256919200146,1161,242.65,-0.1793962754989133,0.01,-0.015157593076856792,-0.1894207142141317,0.0,-0.003531697595233826,4122,0.3390855,-0.40735347663472415,0.0,0.0,-0.182366178805389,1.4992553888848437,0.0,-0.20304704449581581,-0.001207285879192628,-0.014146130457734305,-0.4594793576125586,-0.03513754174666867,-0.5,5190,-0.027448971200407214,0.572010335,0.0,-0.009736413415844759,-34.077445602416994,0.9980201721191406,0.4502206385135651,0.2,-0.16158270835876465,0.25321044921875,17423,0.00025930973999999996,0.028268605,-0.01260693313088268,1.002205491065979
-0.0024363300611472296,0.22759557522928325,-0.2219585087470554,-0.08314753362675031,-85.95168028000002,81417384,75.874345,0.0,79.65845133024914,-0.007280815972222273,0.0004964189202938643,0.07131668062491728,-0.11122415946540347,-3.264114658989673e-08,0.0,0.0,9.716478656613184,1162,240.85,-0.18275722019477145,0.01,-0.015652632008807142,-0.19126504070010697,0.0,-0.0023648029684073878,4122,0.3391623,-0.4331435052021044,0.0,0.0,-0.1881802370153262,1.4721677659390953,0.0,-0.21180334967281605,-0.0012427786938935149,-0.014883537999877572,-0.49102548828381604,-0.03590668835558404,-0.5,5194,-0.026991880573785695,0.5719926710000001,0.0,-0.009178554141221361,-34.084120178222655,0.9985865354537964,0.39367336332798003,0.2,-0.22646231949329376,0.2568115234375,17427,0.000259300524,0.027317146,-0.01454793573357165,1.002659559249878
-0.002427638263199354,0.23186974609513286,-0.22160128704190804,-0.08370780102480804,-85.43161170999998,81435816,75.885865,0.0,81.1544111332965,-0.0066840277777778425,0.0006852210046620005,0.07289777212081909,-0.1112622557291399,-3.1331226992332056e-08,0.0,0.0,10.126930196439503,1163,241.95,-0.17714782338186286,0.01,-0.015619419615047795,-0.18606054909416397,0.0,-0.0015305373622036508,4122,0.3392391,-0.42511521641426236,0.0,0.0,-0.18558973306179632,1.4956194378424876,0.0,-0.20894421375198924,-0.0019941767758816795,-0.014724223201734573,-0.4784814038102764,-0.035223953368165944,-0.5,5199,-0.026871966810275552,0.571975007,0.0,-0.008368281291849498,-34.08359489440918,0.9935832619667053,1.9563209623098374,0.2,0.6643416285514832,0.27611083984375,17431,0.000259291308,0.030583214,-0.005063493037596345,1.0025266408920288
-0.002369439128004392,0.23096289938090608,-0.2182810054497763,-0.08174562695355168,-85.49734432,81454248,75.897385,0.0,80.83701478331713,-0.006868489583333399,0.0005539277497316814,0.07234238328047975,-0.11128431080657752,-3.135989083601619e-08,0.0,0.0,9.98123290480486,1164,241.83,-0.17729750953298584,0.01,-0.01522807072673163,-0.1850755349989859,0.0,-0.0020304447605682635,4122,0.3393159,-0.4170771050549445,0.0,0.0,-0.18210391205383125,1.496659383967411,0.0,-0.2038903527337591,-0.0013368195048723882,-0.01458534151910177,-0.4677068818726586,-0.03462247525185264,-0.5,5203,-0.026481038432239225,0.571957343,0.0,-0.00855030061211437,-34.077801895141604,0.9993652701377869,0.16759838983416558,0.2,-0.2945871949195862,0.19031982421875,17435,0.00025928209199999996,0.021539507,-0.015318665048107504,1.0018999576568604
-0.0023551329495907474,0.23624550688270404,-0.22309147716240402,-0.08279313414482727,-86.08614398999998,81472680,75.908905,0.0,82.68592740894641,-0.006716579861111177,0.0005235458439629939,0.07316819651785339,-0.11117506121644036,-3.1662859099973256e-08,0.0,0.0,10.483738224887396,1165,240.16,-0.17130659385978425,0.01,-0.015204673645084356,-0.19003980964145156,0.0,-0.002374894211635421,4122,0.3393927,-0.41135329902472567,0.0,0.0,-0.1810365523033683,1.509009720814739,0.0,-0.1998281575417999,-0.0008608032858959055,-0.013886263787104228,-0.452617091482788,-0.0353676143124545,-0.5,5208,-0.02760358612017844,0.571939679,0.0,-0.008940245299729414,-34.07082595825195,0.99614417552948,0.6312739610671997,0.2,-0.1925504505634308,0.194677734375,17439,0.000259272876,0.016716646,-0.007751387311145663,1.001493215560913
-0.0024145253205188465,0.2276416683486932,-0.22803583232954716,-0.08403686864255787,-85.25746180999998,81491112,75.920425,0.0,79.67458392204261,-0.006868489583333399,0.00030653198741169437,0.0707353557219032,-0.1111573334421368,-3.197303362521859e-08,0.0,0.0,9.696374661783327,1166,239.98,-0.17231088504363734,0.01,-0.015533294654727966,-0.1924460664164363,0.0,-0.0017484016084831887,4123,0.3394695,-0.42695253093650515,0.0,0.0,-0.18739377721726258,1.4883323012342957,0.0,-0.20686051692695917,-0.0016953655185625153,-0.014904381056617491,-0.4666972035841062,-0.035989217416552664,-0.5,5212,-0.027698732908611388,0.5719220150000001,0.0,-0.008104744642170973,-34.07115535736084,0.99490886926651,1.0635655671358109,0.2,0.05136007070541382,0.19031982421875,17443,0.00025926366,0.019297834,-0.006130226439563557,1.001417875289917
-0.002436211877947399,0.22841649515777968,-0.22577608239880048,-0.08273359874632669,-85.35793239,81509544,75.93194500000001,0.0,79.94577330522289,-0.006781684027777844,0.0005240884363754756,0.07481319339217683,-0.11117835710621543,-3.2009562007771686e-08,0.0,0.0,9.601214526678246,1167,239.1,-0.17615567582235486,0.01,-0.015760532973983263,-0.1894172202649013,0.0,-0.0016776307695142,4121,0.3395463,-0.43120621479414045,0.0,0.0,-0.1883802857020132,1.4922849392089275,0.0,-0.2049897835233284,-0.001708014200689913,-0.015220919062922646,-0.4752160743120707,-0.03603489272376248,-0.5,5218,-0.02696375256971177,0.571904351,0.0,-0.00826384392631654,-34.06978149414063,0.9986739158630371,0.2925220675766468,0.2,-0.24010586738586426,0.17269287109375,17447,0.000259254444,0.019050946,-0.014763909229077398,1.0014854669570923
-0.002362832447103112,0.22455088454711408,-0.22236781950417775,-0.08186931364045792,-85.50260663,81527976,75.943465,0.0,78.59280959148992,-0.006705729166666731,0.0005881074596092933,0.0739016173855034,-0.11130098041415387,-3.059827347775544e-08,0.0,0.0,9.373822618689726,1168,241.26,-0.16841517277734186,0.01,-0.015156496733240689,-0.1901295624283982,0.0,-0.002505083292845778,4121,0.3396231,-0.41634427355959586,0.0,0.0,-0.1805452715208611,1.4996082197908778,0.0,-0.1982686487918778,-0.001330805857511778,-0.013987329945827763,-0.453108536623284,-0.03490152335713616,-0.5,5223,-0.027196945568826666,0.571886687,0.0,-0.008321893897825956,-34.074677276611325,0.9976785182952881,0.5743500053882599,0.2,-0.11450836062431335,0.23248291015625,17451,0.00025924522799999997,0.024161497,-0.011809213203378022,1.002103328704834
-0.002427489797510473,0.23633772107954398,-0.22997681991389912,-0.08441426368848624,-85.26111691,81546408,75.954985,0.0,82.7182023778404,-0.006846788194444512,0.000612521602306515,0.07105954675543749,-0.11114567910461476,-3.169472397797439e-08,0.0,0.0,10.51045727010322,1169,241.74,-0.17248024918440896,0.01,-0.015511797549811626,-0.19177195143964992,0.0,-0.0020243122527874896,4121,0.3396999,-0.420480716728958,0.0,0.0,-0.18442689365059026,1.5154749964852121,0.0,-0.20595853925345295,-0.0014239188182520511,-0.01477762920709922,-0.45972119987857213,-0.03544476928903105,-0.5,5227,-0.028032774515720497,0.571869023,0.0,-0.009232806698289804,-34.08124313354492,0.9996410608291626,0.09084044247865677,0.2,-0.3352152705192566,0.24078369140625,17455,0.000259236012,0.025682945,-0.017130440473556517,1.0023775100708008
-0.002362066968102058,0.2260994273658197,-0.2299244964935607,-0.08502971475810653,-85.46611007000001,81564840,75.966505,0.0,79.13479957803689,-0.006803385416666733,0.0006738278510359427,0.07202475426318397,-0.11111967771805725,-3.126294545400436e-08,0.0,0.0,9.42695978959627,1170,242.29,-0.17189618627692962,0.01,-0.015232899742925743,-0.19225255636761607,0.0,-0.0026432447974709342,4121,0.3397767,-0.4151760246638831,0.0,0.0,-0.18282335807787237,1.50778216847102,0.0,-0.2019716741121418,-0.0012598161816579825,-0.013760261022070534,-0.46107559491612293,-0.03496499779750148,-0.5,5232,-0.027973256404710416,0.5718513590000001,0.0,-0.009081575550630482,-34.07416553497315,0.999389111995697,0.1832759205251932,0.2,-0.2505531311035156,0.26834716796875,17459,0.000259226796,0.033569794,-0.01341277735773474,1.0017979145050049
-0.002422050143731213,0.22876377738238768,-0.22567495279264926,-0.08499696863644127,-85.39011902,81583272,75.978025,0.0,80.06732208383569,-0.006868489583333401,0.0002745223658469816,0.07243836063771161,-0.11123029764154871,-3.152736254948144e-08,0.0,0.0,9.765579837017858,1171,241.5,-0.17072554078071797,0.01,-0.015498686334044002,-0.19079278236523367,0.0,-0.002059953878338917,4121,0.3398535,-0.4292048279519424,0.0,0.0,-0.18550998271311137,1.4921898122699524,0.0,-0.20704581102277683,-0.0010923610605650703,-0.014063453807070643,-0.4655932697522942,-0.035336866801808746,-0.5,5236,-0.027106603732606552,0.571833695,0.0,-0.008259367019895257,-34.07746925354004,0.9995558857917786,0.13061670251190663,0.2,-0.3123055398464203,0.26234130859375,17463,0.00025921757999999997,0.024453651,-0.015040017454884947,1.0021765232086182
-0.0023984558854867077,0.2338222328135311,-0.22253651457728946,-0.08224962364362738,-85.43626521,81601704,75.98954499999999,0.0,81.83778148473588,-0.006716579861111174,0.0005566404821972052,0.07022856946796499,-0.1111850656957906,-3.0890969679017426e-08,0.0,0.0,10.19728924877,1172,242.07,-0.17658196807770826,0.01,-0.015481194740999214,-0.1835982929305007,0.0,-0.0028761671485658196,4121,0.3399303,-0.42170125535770286,0.0,0.0,-0.18626278973313612,1.4892625347379427,0.0,-0.20313433408850842,-0.0009507083162535288,-0.014327007104608781,-0.4606170865801511,-0.03530128382808914,-0.5,5241,-0.02676566152583349,0.571816031,0.0,-0.008835130668659177,-34.08555889129639,0.9994305968284607,0.1643989622592926,0.2,-0.3180631697177887,0.26495361328125,17467,0.000259208364,0.026235536,-0.013555081584490836,1.0028507709503174
-0.0023827772716403114,0.22516710481995744,-0.2264334604412849,-0.084632426719705,-85.48453411,81620136,76.00106500000001,0.0,78.8084866869851,-0.006662326388888952,0.0005284284901184341,0.07239383826958155,-0.11115028154005498,-3.021065979229795e-08,0.0,0.0,9.497839204629598,1173,243.38,-0.1777736060633638,0.01,-0.015259591670783803,-0.18529929673329212,0.0,-0.0025985259284449632,4121,0.3400071,-0.4059507795159251,0.0,0.0,-0.18301474239447418,1.5141317130128682,0.0,-0.2003762480579044,-0.0017618270961582635,-0.014038518557324443,-0.46224267397882923,-0.035041641014101406,-0.5,5245,-0.02784003890846223,0.571798367,0.0,-0.009646081381813727,-34.08754901885986,0.9992814660072327,0.20984614863991738,0.2,-0.29499495029449463,0.28975830078125,17471,0.000259199148,0.032427557,-0.013395589409628882,1.002861738204956
-0.0024211837701571567,0.22731988978669676,-0.2215557732232155,-0.08412168344834137,-85.60241583000001,81638568,76.012585,0.0,79.56196142534387,-0.006770833333333399,0.0003483071147153775,0.0706300223417578,-0.11144647807712886,-3.216446599065972e-08,0.0,0.0,9.658138622913276,1174,242.1,-0.1778726516790522,0.01,-0.015525216551532276,-0.18898889030884136,0.0,-0.0018644177797267555,4121,0.3400839,-0.4216914645219545,0.0,0.0,-0.1857322297737105,1.5043178218034747,0.0,-0.20705275212450547,-0.0014097072191903036,-0.014620129729277648,-0.4735215945236723,-0.035580504350411386,-0.5,5249,-0.02704527428890051,0.5717807030000001,0.0,-0.008636427375475049,-34.079538917541505,0.9994935393333435,0.14927340894937516,0.2,-0.30583956837654114,0.23321533203125,17475,0.000259189932,0.023863249,-0.014813397149555384,1.0021107196807861
-0.002421831935078194,0.23087590494523175,-0.22757831805213213,-0.08606948691603761,-85.81255235999998,81657000,76.02410499999999,0.0,80.80656673083111,-0.006770833333333398,0.00027560754420442716,0.07143145955978152,-0.11126038772599972,-3.1009572299075714e-08,0.0,0.0,9.929566843145745,1175,241.39,-0.17212573144478782,0.01,-0.015543932415463637,-0.19081626495161638,0.0,-0.002750904766907399,4121,0.3401607,-0.41735969345470697,0.0,0.0,-0.1853911222001522,1.5072561182913764,0.0,-0.20254735236927957,-0.0013270008211228772,-0.014648048177905125,-0.46807605702661603,-0.03536342856287748,-0.5,5254,-0.027587081123167777,0.571763039,0.0,-0.0086540604792794,-34.07856483459473,0.9992417097091675,0.22873584777116776,0.2,-0.24596905708312988,0.27930908203125,17479,0.000259180716,0.030916536,-0.012923755927477031,1.002317190170288
-0.002445065230693264,0.22062989578615408,-0.23128511044350056,-0.08638940301642273,-85.09975254999999,81675432,76.03562500000001,0.0,77.22046352515393,-0.00699869791666673,0.0004926211808601187,0.07190830547487752,-0.11124997773179841,-3.2377049358996675e-08,0.0,0.0,9.061903801216562,1176,241.05,-0.17602978460078608,0.01,-0.015551577557119155,-0.19379893465874976,0.0,-0.001433527086239361,4122,0.3402375,-0.4177334979956016,0.0,0.0,-0.18571614704816036,1.5318047956002294,0.0,-0.20569176095393893,-0.0012156307412273875,-0.014611610793017392,-0.4731424264125995,-0.03501708484483556,-0.5,5258,-0.02893520158272957,0.571745375,0.0,-0.008617709638201632,-34.078318977355956,0.9964621067047119,0.6571588173508645,0.2,-0.1555878221988678,0.26160888671875,17483,0.0002591715,0.024055388,-0.007786080695223063,1.0020883083343506
-0.0024430997843593117,0.2274966739575905,-0.23002467798333937,-0.08662626361409681,-85.10203399999999,81693864,76.047145,0.0,79.62383588515667,-0.006694878472222286,0.0001350911010781096,0.07096695398827225,-0.1111845091488955,-3.165109365197442e-08,0.0,0.0,9.698451928757093,1177,240.96,-0.1741289890555266,0.01,-0.015507509337360873,-0.19583658604699836,0.0,-0.001859918383323436,4122,0.3403143,-0.41415402034189525,0.0,0.0,-0.18442252444405727,1.521762939996508,0.0,-0.20789064976119753,-0.0014855562514045652,-0.015240112075168883,-0.47488164538187305,-0.03482377171326245,-0.5,5262,-0.02840720948178061,0.571727711,0.0,-0.008488315678227486,-34.0792631149292,0.9995215535163879,0.13606791533529758,0.2,-0.3163530230522156,0.2164306640625,17487,0.00025916228399999996,0.02262794,-0.017694737133570015,1.0021164417266846
-0.002390121700040047,0.23085787024250637,-0.22800913148661117,-0.08498052990663495,-85.07664109000001,81712296,76.05866499999999,0.0,80.80025458487722,-0.006651475694444507,0.0002983939743393825,0.0735141684751211,-0.11121093198461704,-3.0073126954554596e-08,0.0,0.0,9.990494566515762,1178,240.95,-0.17409595808561473,0.01,-0.0155014415876992,-0.18943521430077584,0.0,-0.0016587708395281288,4122,0.3403911,-0.41746236652053725,0.0,0.0,-0.1864403599095107,1.5152031143318925,0.0,-0.20228138094138223,-0.0018223498971069298,-0.014926204678624615,-0.4671625761956324,-0.03519543405096933,-0.5,5267,-0.0276315358912061,0.571710047,0.0,-0.008604553308234446,-34.0711727142334,0.9994519948959351,0.1295758668333292,0.2,-0.30565565824508667,0.23662109375,17491,0.000259153068,0.025108969,-0.013486934104003012,1.0015754699707031
-0.0023942197766564674,0.2350449210029294,-0.22109740732692515,-0.08305682483523573,-85.41591116000001,81730728,76.070185,0.0,82.26572235102529,-0.006803385416666731,0.00043511262629181147,0.0715062916362797,-0.11130203118796635,-3.0223760473410846e-08,0.0,0.0,10.487733938411164,1179,242.58,-0.17776176007544095,0.01,-0.01536742470133989,-0.18527361790634136,0.0,-0.0027944866497783467,4122,0.3404679,-0.4126290895339333,0.0,0.0,-0.1845404106150719,1.4921550998046476,0.0,-0.20376777797723114,-0.0013562191006398086,-0.015251052486978552,-0.4633530646002748,-0.03474097862293176,-0.5,5271,-0.02700313605112357,0.571692383,0.0,-0.009799482836064676,-34.079188919067384,0.999198853969574,0.2346073053777218,0.2,-0.27195876836776733,0.26099853515625,17495,0.000259143852,0.027857747,-0.014163197879679502,1.0024369955062866
-0.002403619121756627,0.2266864599668396,-0.22468437371744387,-0.08246639678111368,-85.55599593000002,81749160,76.081705,0.0,79.34026098839385,-0.006608072916666728,0.0006776256939499743,0.07071234477558713,-0.11127428898332203,-3.1306245316388793e-08,0.0,0.0,9.541315161349827,1180,243.71,-0.18148591683724394,0.01,-0.01545059483060978,-0.186174605784949,0.0,-0.0036003530989924845,4122,0.3405447,-0.4128589965657017,0.0,0.0,-0.1853173122096874,1.498185236833472,0.0,-0.20331684051326535,-0.0015634385376396538,-0.01469551203156419,-0.46909728093451064,-0.035114190727204384,-0.5,5276,-0.0272005378360816,0.571674719,0.0,-0.010043622927494451,-34.085449600219725,0.9975293874740601,0.752045601606369,0.2,-0.04894062876701355,0.28790283203125,17499,0.000259134636,0.027504671,-0.005617030558642,1.0027430057525635
-0.0023902960639603735,0.2292625192891612,-0.22643312973520432,-0.08558502896340571,-86.04373752,81767592,76.093225,0.0,80.24188175120642,-0.0070095486111111755,0.000494248841682242,0.07241971993180212,-0.11133344081807829,-3.149937048176534e-08,0.0,0.0,9.794975808129493,1181,242.75,-0.17442384460748075,0.01,-0.015481018507423092,-0.18598074099494574,0.0,-0.002486296880544772,4122,0.3406215,-0.4141917966708169,0.0,0.0,-0.1860657958859066,1.5046594996230638,0.0,-0.20325893067849723,-0.0016012640318596955,-0.014992804525089807,-0.46429881989732064,-0.03519104118589608,-0.5,5280,-0.027377395847704305,0.571657055,0.0,-0.008930887834544087,-34.08000183105469,0.9995564818382263,0.12508345991373063,0.2,-0.3164551556110382,0.2400390625,17503,0.00025912541999999997,0.025970608,-0.01635852686595172,1.0021803379058838
-0.0023808996309171663,0.2310373474408538,-0.2233448230546281,-0.0835196045806151,-85.63263783999999,81786024,76.10474500000001,0.0,80.86307160429882,-0.00672743055555562,0.0003488497006603413,0.07181108740581439,-0.11110351536295636,-3.006453191960848e-08,0.0,0.0,9.883902431304584,1182,241.71,-0.18293093652346573,0.01,-0.015462305418757523,-0.18778534410011866,0.0,-0.0028418511018876826,4122,0.3406983,-0.4156190335563608,0.0,0.0,-0.1883049955509698,1.490275607482759,0.0,-0.19940965448437142,-0.0010078087856995644,-0.014340496969859047,-0.47627822925256286,-0.03474491258328853,-0.5,5284,-0.02715995794113935,0.571639391,0.0,-0.008934278854414716,-34.076880645751956,0.9940071105957031,1.6418580457568168,0.2,0.17508751153945923,0.25455322265625,17507,0.000259116204,0.023155667,-0.0064152373932302,1.0018935203552246
-0.0024060859712527792,0.22671155617090744,-0.22280857519475633,-0.08236086835956971,-85.82656963000001,81804456,76.116265,0.0,79.34904465981761,-0.006575520833333395,0.0005902775446884334,0.07221846870782488,-0.11112924755814772,-2.947591013172895e-08,0.0,0.0,9.523408793673735,1183,242.01,-0.1756303396744468,0.01,-0.015481527383699616,-0.1818868507902093,0.0,-0.0030302774440412006,4122,0.3407751,-0.41519063390035404,0.0,0.0,-0.1862988820034788,1.4940457289120668,0.0,-0.19797827530305706,-0.0013397364013755105,-0.014628499760989832,-0.4653206570718762,-0.03484996046184613,-0.5,5289,-0.02658799226842413,0.571621727,0.0,-0.009719866324707659,-34.07617702484131,0.9969146847724915,0.927705106139183,0.2,-0.17005398869514465,0.25938720703125,17511,0.000259106988,0.028688705,-0.007916241860948503,1.0020623207092285
-0.0024077560753028035,0.22633616524750702,-0.22220812765331305,-0.08403439400074324,-85.65826041999999,81822888,76.12778499999999,0.0,79.21765783662745,-0.006738281250000065,0.000649413973506954,0.07327642919835799,-0.11125189357515193,-3.144237858600885e-08,0.0,0.0,9.551129700033073,1184,240.86,-0.17422963570070782,0.01,-0.0154700191626694,-0.18488358652473752,0.0,-0.002419719338696851,4122,0.3408519,-0.41217820433975655,0.0,0.0,-0.18671302398078796,1.4933172978421299,0.0,-0.20232595148316934,-0.0014920102359415493,-0.014580221737629767,-0.46453906031784586,-0.035288588821160205,-0.5,5293,-0.026794463759115848,0.571604063,0.0,-0.008703159701932842,-34.08455829620361,0.9974954128265381,0.7481897979974746,0.2,0.1166037917137146,0.256982421875,17515,0.00025909777199999997,0.028984923,-0.008462654147297143,1.002647042274475
-0.0023620656007509308,0.23070378702404296,-0.21864545821329137,-0.08181851025087108,-85.98122468,81841320,76.139305,0.0,80.74632545841503,-0.006987847222222286,0.0012342656846158206,0.0740359028357819,-0.1110649636595422,-3.114279708388718e-08,0.0,0.0,9.885289598393678,1185,243.82,-0.1816028539324323,0.01,-0.015199610546851407,-0.18116066106852047,0.0,-0.0029764922975873695,4122,0.3409287,-0.3989622865787614,0.0,0.0,-0.18311042759379978,1.505070577116475,0.0,-0.19566499810097174,-0.0009980367653221116,-0.013899807210789943,-0.4623411100533906,-0.034640136175373225,-0.5,5298,-0.026733948088708194,0.571586399,0.0,-0.00986038186884899,-34.06433916091919,0.9974488019943237,0.7210210151970387,0.2,-0.09224563837051392,0.1376953125,17517,0.000259088556,0.033662554,-0.0011148558696731925,1.0007951259613037
-0.002432248007645155,0.2262103171392667,-0.22322683508767374,-0.08345902969333287,-85.26819716,81859752,76.150825,0.0,79.17361099874334,-0.006933593750000067,0.0007855898713589542,0.07068778062529847,-0.11095841907748726,-3.1637063453522296e-08,0.0,0.0,9.552650235367835,1186,242.65,-0.17589487187151176,0.01,-0.0156327662771514,-0.18052179707551907,0.0,-0.0025954601390878315,4122,0.3410055,-0.4171144701238483,0.0,0.0,-0.18739338843907716,1.4938124272129576,0.0,-0.20212601792728832,-0.001586419914728398,-0.014479039971354737,-0.4671755747866259,-0.03529068690314229,-0.5,5302,-0.02716179627153497,0.571568735,0.0,-0.009782663540035073,-34.07545471191406,0.9990347027778625,0.24549685642123223,0.2,-0.2572278380393982,0.22349853515625,17521,0.00025907934,0.023801029,-0.01528542882297188,1.0018342733383179
-0.002468583789042333,0.23325118150042817,-0.22140032735353843,-0.08342972354294842,-85.95809883,81878184,76.162345,0.0,81.63791352514986,-0.007280815972222271,0.0009358717684840991,0.07129417904239703,-0.11097957780982934,-3.081281381095901e-08,0.0,0.0,10.096104652707886,1187,243.46,-0.18135860467381273,0.01,-0.015723239732845333,-0.18130220585490395,0.0,-0.0026777219353416176,4122,0.3410823,-0.42466429747287804,0.0,0.0,-0.18938753069508196,1.4607492960556918,0.0,-0.20815883384773995,-0.0012878164952688444,-0.014770597834355442,-0.4811045132401957,-0.0356920490558689,-0.5,5306,-0.02637593297366851,0.571551071,0.0,-0.009122945429731367,-34.0758752822876,0.9993324875831604,0.1854121655225754,0.2,-0.2812715768814087,0.27283935546875,17525,0.000259070124,0.02754336,-0.014008574699983001,1.0020216703414917
-0.002405268246232797,0.22594232374627793,-0.2144940979275824,-0.08133885793018897,-86.04260459999999,81896616,76.173865,0.0,79.07981331119727,-0.006911892361111179,0.0007937276548343814,0.07457085203534412,-0.1113496842556971,-3.1784031353697654e-08,0.0,0.0,9.533278164327076,1188,242.58,-0.17676231331390216,0.01,-0.015465455762057653,-0.1747783699935722,0.0,-0.0025255528088442194,4122,0.3411591,-0.40621876275591584,0.0,0.0,-0.18503218237032515,1.494767971228641,0.0,-0.19833896519468974,-0.0012243922752349851,-0.013694820403656223,-0.4634656576751142,-0.034572352715440624,-0.5,5311,-0.025532785623889623,0.571533407,0.0,-0.008913933986655643,-34.07981281280517,0.9965150952339172,1.0565412282943725,0.2,-0.03963211178779602,0.2830810546875,17529,0.000259060908,0.029652104,-0.006496605568099767,1.0024895668029785
-0.0023504680971715764,0.22763302582301087,-0.2208305383375496,-0.08447143343593358,-86.08438930999999,81915048,76.185385,0.0,79.6715590380538,-0.006564670138888952,0.0006933589045527495,0.07142032134167522,-0.11094846811476285,-3.0272147566213353e-08,0.0,0.0,9.573699764543841,1189,242.42,-0.17343079230095113,0.01,-0.015105820819523184,-0.18234508078951472,0.0,-0.003292464541334953,4122,0.3412359,-0.3979456276306445,0.0,0.0,-0.1818215905180901,1.5291708962181152,0.0,-0.19418322079775585,-0.0015514722311156992,-0.013785169907083453,-0.4448939517944264,-0.03474696252735618,-0.5,5315,-0.027567443980762378,0.571515743,0.0,-0.009809247507493839,-34.08293209075928,0.9992713332176208,0.20311053544282914,0.2,-0.2894898056983948,0.2576171875,17533,0.000259051692,0.028222555,-0.015815161704085767,1.0022621154785156
-0.002431825171700001,0.22610710143120413,-0.22734260502550685,-0.08323006255489164,-85.68279924000001,81933480,76.196905,0.0,79.13748550092144,-0.006814236111111176,0.0007052949319283167,0.070911375603568,-0.11110035600885111,-3.231570757730081e-08,0.0,0.0,9.491434184851808,1190,242.62,-0.1725876685854376,0.01,-0.015632565820361176,-0.18303396654978607,0.0,-0.0026381722038525094,4122,0.3413127,-0.41480848165782963,0.0,0.0,-0.1885487144660016,1.4843109853578418,0.0,-0.20214463841787023,-0.001072828841033443,-0.013625407567341107,-0.45972001025826853,-0.03543374573376036,-0.5,5320,-0.02729414319891836,0.571498079,0.0,-0.00924921793436321,-34.070774350847515,0.996834933757782,0.977897218295506,0.2,0.273377388715744,0.27718680245535715,17536,0.00025904247599999996,0.03969733,0.00044904579408466816,1.0014114379882812
-0.0024859195960270984,0.2231288264604203,-0.2335219246863328,-0.08727004275772732,-86.07764949,81951912,76.208425,0.0,78.0950892611471,-0.006803385416666733,0.0006456160271126363,0.07126293372182692,-0.11105924240657848,-3.194412961426645e-08,0.0,0.0,9.299797531687561,1191,238.5,-0.17654494155489414,0.01,-0.01602219344209741,-0.1931411360349929,0.0,-0.002102960471166367,4122,0.3413895,-0.42802021959778164,0.0,0.0,-0.1937795342811657,1.4957792683287512,0.0,-0.20675678882094528,-0.0014406080486657142,-0.014562576467727953,-0.48355191401004444,-0.03525837778078023,-0.5,5324,-0.028229790025405672,0.571480415,0.0,-0.008638733402929373,-34.07981700897217,0.9964925050735474,1.1155730068683625,0.2,0.17177358269691467,0.23157958984375,17540,0.00025903326,0.023365537,-0.006139211356639862,1.0022965669631958
-0.0024591133491060793,0.23113859761800032,-0.23238924099428296,-0.08317262401148248,-86.24734869999999,81970344,76.219945,0.0,80.89850916630012,-0.006651475694444509,0.0004090710944082174,0.07265115193412762,-0.11115515170315199,-3.1463438576954364e-08,0.0,0.0,9.979160577897172,1192,237.41,-0.1782227884391504,0.01,-0.01600532570485673,-0.18771186592072034,0.0,-0.0021797178765744596,4123,0.3414663,-0.4245499159453951,0.0,0.0,-0.19413267527363237,1.491783046087655,0.0,-0.20361006194045578,-0.0014638017209070973,-0.015183109711984897,-0.4768107826815491,-0.03466014082921478,-0.5,5328,-0.027605480917849656,0.571462751,0.0,-0.008654331759316847,-34.071374130249026,0.9876043200492859,2.576638627052307,0.2,2.209162712097168,0.24383544921875,17544,0.000259024044,0.030008245,-0.002154371317010373,1.0012595653533936
-0.002371991744057355,0.22511178832007434,-0.23224498348501207,-0.08705821296572996,-85.37681428,81988776,76.231465,0.0,78.78912591202602,-0.006271701388888947,0.000323350599501282,0.07266117493238193,-0.11130228330341792,-3.029513621980652e-08,0.0,0.0,9.494856781904117,1193,239.65,-0.16265990237549188,0.01,-0.015154923471462479,-0.18942477657153386,0.0,-0.0021760476077225285,4123,0.3415431,-0.4033825154830314,0.0,0.0,-0.18214594816830648,1.5414072916705097,0.0,-0.19434268433354024,-0.00085710831112046,-0.014274519198057053,-0.440018354580623,-0.034888969535494835,-0.5,5333,-0.028320160777135908,0.5714450870000001,0.0,-0.008672369540565543,-34.06260318756104,0.9906468391418457,2.537352514266968,0.2,0.6625049710273743,0.11480712890625,17548,0.000259014828,0.014548141,-0.0070493880950380115,1.0006994009017944
-0.002416422881843917,0.23094416987881172,-0.22879849647829772,-0.08345144546981294,-85.81041099,82007208,76.242985,0.0,80.8304594575841,-0.006521267361111174,0.00023166228008146086,0.07105743874545323,-0.1112921724092748,-2.896553120942339e-08,0.0,0.0,10.024610866227304,1194,239.56,-0.17148183107321144,0.01,-0.015469133340739016,-0.18698828735653178,0.0,-0.002544806972757598,4121,0.3416199,-0.4160652686846359,0.0,0.0,-0.18733178732301792,1.4925509830666457,0.0,-0.20146467222259312,-0.0015149252593556594,-0.014405115534579623,-0.46100064606880437,-0.03460252235503158,-0.5,5339,-0.027335425789522222,0.571427423,0.0,-0.009056212395080365,-34.070214653015135,0.9945999383926392,1.388108555227518,0.2,-0.14467719197273254,0.17091064453125,17552,0.00025900561199999997,0.021856189,-0.00562035454204306,1.0016238689422607
-0.002436093055490971,0.22459196664092249,-0.22995329135801348,-0.08576548758757646,-86.52719601000001,82025640,76.254505,0.0,78.60718832432288,-0.006749131944444509,0.00030870216626984376,0.06931886612553419,-0.11111993384752106,-3.101662394980825e-08,0.0,0.0,9.346448665678519,1195,239.13,-0.173811883709185,0.01,-0.015691623304570086,-0.1850420889070267,0.0,-0.0031478898781128256,4121,0.3416967,-0.4173914211347291,0.0,0.0,-0.18842921065034435,1.492009429449572,0.0,-0.20156485547553332,-0.0009372853902941457,-0.014340180382176057,-0.46562914407319045,-0.03513486027141561,-0.5,5344,-0.02761590727023104,0.571409759,0.0,-0.009619769022618938,-34.07145042419434,0.9913998246192932,2.357283264398575,0.2,1.4229159355163574,0.1799560546875,17556,0.000258996396,0.018271338,-0.006247098301537335,1.0014376640319824
