reward_terms/time,reward_terms/energy,reward_terms/stance,reward_terms/vz,curriculum/eff_scale,time/time_elapsed,curriculum/ent_coef,curriculum/stance_ratio,time/fps,curriculum/pitch_assist,reward_terms/overrun,reward_terms/ang_xy,reward_terms/lat_vel,reward_terms/stop,reward_terms/torque,reward_terms/air_time,reward_terms/foot_slip,reward_terms/fwd_speed,reward_terms/upright,reward_terms/residual,reward_terms/hip_roll,time/iterations,reward_terms/clearance,reward_terms/alive,reward_terms/stance_time,reward_terms/height,reward_terms/angmom,rollout/ep_rew_mean,reward_terms/action_rate,rollout/ep_len_mean,reward_terms/phase_contact,time/total_timesteps,reward_terms/motor_vel,reward_terms/coef_rate,train/learning_rate,train/explained_variance,train/std,train/n_updates,train/policy_gradient_loss,train/clip_range,train/approx_kl,train/clip_fraction,train/value_loss,train/loss,train/entropy_loss
0.0,0.0,-0.0009085924802191346,-0.13871191603520233,0.0,7,0.01,0.65,2374,1.0,0.0,-0.3299811618518711,-7.665783452633798e-09,0.0,0.0,0.0002604166026382397,-0.8558160833203046,1.2675866779256488,-0.07855321215826516,-0.2613783668516405,-0.01770644018555902,1,0.09677955002951326,0.5,0.0,-0.03017089349150953,-0.19172406749103205,-113.02171345000001,-0.15557899589851107,31.86,-0.45331547393446847,18432,0.0,-0.5822620259818203,,,,,,,,,,,
0.0,0.0,-5.8153296312276145e-05,-0.14265507042441725,0.0,15,0.01,0.65,2326,0.9995392,0.0,-0.3466791519069439,-8.615842667275005e-09,0.0,0.0,0.00023546000658017065,-0.9107254269490076,1.194743391700921,-0.07499733845046729,-0.26083791907598,-0.020676846380012905,2,0.09645293071462241,0.5,0.0,-0.027499492704268866,-0.19632267158177816,-115.97560371999998,-0.1617667134032719,30.93,-0.45570891975801253,36864,0.0,-0.618020881064,0.0003,-1.3179759979248047,1.0006959438323975,33433,0.0034420527750626206,0.2,0.016458051,0.137255859375,6781.688403320312,1629.4361572265625,-34.06504077911377
0.0,0.0,-0.001521286328494751,-0.13470984641535433,0.0,21,0.01,0.65,2523,0.9990784,0.0,-0.35780707758751334,-9.28330205099039e-09,0.0,0.0,0.00016927082712451616,-0.9521450905835801,1.0646721390860705,-0.07304010770156118,-0.26010679455162466,-0.02146437055665618,3,0.08377370440249693,0.5,-4.014747941659557e-05,-0.02868020662068864,-0.19346774523683685,-117.63796233000001,-0.1680227725653449,30.19,-0.46408643777901987,55296,0.0,-0.6590210892649349,0.0003,-2.2553579807281494,1.000138282775879,33437,-0.00411686827428639,0.2,0.0032235081,0.0073486328125,3152.7332153320312,865.0628662109375,-34.05631427764892
0.0,0.0,-0.001778279682578203,-0.12530010428957622,0.0,27,0.01,0.65,2633,0.9986176,0.0,-0.3602307430850993,-8.222451921708714e-09,0.0,0.0,6.944438468457924e-05,-0.9521964390906036,0.95485251769967,-0.06709730934883967,-0.2590446272771152,-0.020698778523726154,4,0.07406236706582309,0.5,-0.000257161043312711,-0.02758135007176696,-0.19087351983818673,-120.50404124999999,-0.17127940827787513,31.41,-0.46524931341240955,73728,0.0,-0.7180708705431688,0.0003,-1.7196145057678223,1.0001840591430664,33441,-0.008853446925058961,0.2,0.006514523,0.03433837890625,987.4428527832031,249.0504150390625,-34.05604019165039
0.0,0.0,-0.0057265700705345975,-0.12495607409610218,0.0,34,0.01,0.65,2704,0.9981568,0.0,-0.3605740642144621,-7.293965661043359e-09,0.0,0.0,7.812494489674766e-05,-0.92911472130265,0.884414662949456,-0.06188999731335067,-0.25887956354042874,-0.022450280390522933,5,0.0722921436872946,0.5,-0.000667316538359349,-0.026346562718060105,-0.18990893016993934,-123.85630225999999,-0.17053074153405698,34.39,-0.4679337091346471,92160,0.0,-0.7592335413339035,0.0003,-1.005711317062378,1.0003747940063477,33445,-0.010964322998188437,0.2,0.010879594,0.07735595703125,292.41622161865234,77.3449478149414,-34.05790958404541
0.0,0.0,-0.00649233924901187,-0.12603364498329653,0.0,40,0.01,0.65,2754,0.997696,0.0,-0.3624586758502504,-8.211360823963079e-09,0.0,0.0,0.00017144088956734372,-0.9212003702381634,0.8386402259862922,-0.06431697055746098,-0.2582206899507235,-0.024555940659015105,6,0.07103438562000533,0.5,-0.0006960705957478947,-0.028794356532373173,-0.19303293645491906,-124.5496209,-0.17171082385731581,34.55,-0.46112634857302454,110592,0.0,-0.7899788318058468,0.0003,-0.9795123338699341,1.0007822513580322,33449,-0.014868654101155699,0.2,0.01838473,0.1452880859375,100.21683731079102,24.217187881469727,-34.06180629730225
0.0,0.0,-0.006349522560595532,-0.1226534027743289,0.0,46,0.01,0.65,2791,0.9972352,0.0,-0.3772586164005926,-7.759175757109013e-09,0.0,0.0,6.94443652820256e-05,-0.9231431126460206,0.8219044296962124,-0.06578539959002924,-0.2582623574977598,-0.024501984871580406,7,0.06725653813299563,0.5,-0.0007904716039774939,-0.027812493016159623,-0.1973296680612153,-124.53050905999999,-0.17503141683114462,32.91,-0.46279589093771584,129024,0.0,-0.8158568887474693,0.0003,-1.1962759494781494,1.0011988878250122,33453,-0.013522524863947182,0.2,0.025726268,0.24468994140625,55.75228080749512,13.388282775878906,-34.06664047241211
0.0,0.0,-0.004532357021170234,-0.11924888968052962,0.0,52,0.01,0.65,2820,0.9967744,0.0,-0.38075910818359054,-7.946245930519131e-09,0.0,0.0,0.00014322903007268906,-0.8972129278114941,0.7842720159828518,-0.055797053090326246,-0.25832045050498453,-0.024048823755379825,8,0.07085068273708121,0.5,-0.0009890388367542375,-0.023916840838544215,-0.19743707532496133,-123.36044873,-0.1767413315754341,32.12,-0.4512310068054944,147456,0.0,-0.832836213398098,0.0003,-0.42872750759124756,1.0010759830474854,33456,-0.0002051650413445064,0.2,0.04380259,0.35377720424107145,23.459628650120326,7.964996337890625,-34.06512641906738
0.0,0.0,-0.005248888705262459,-0.11851763369690484,0.0,58,0.01,0.65,2846,0.9963136,0.0,-0.3892303883057061,-8.121733917713669e-09,0.0,0.0,8.463528744565944e-05,-0.9030031938604179,0.7977208925941789,-0.06832470495717607,-0.25836925052520027,-0.026067001488317403,9,0.06656007027417674,0.5,-0.0009190518531896588,-0.027916758525282012,-0.2018739898379535,-126.28746507,-0.17939822125803634,35.26,-0.4554609130735221,165888,0.0,-0.8386280900497914,0.0003,-0.3719686269760132,1.0008010864257812,33458,0.0013647864439657756,0.2,0.043126635,0.27378627232142855,15.265369687761579,6.442297458648682,-34.0627065386091
0.0,0.0,-0.0052296591821931505,-0.11573211784321338,0.0,64,0.01,0.65,2867,0.9958528,0.0,-0.39327163792874814,-9.184063513361543e-09,0.0,0.0,0.00011284711783648365,-0.8916559742311249,0.8126896227854906,-0.06988414640027171,-0.2574242644837145,-0.02622240499103035,10,0.06483868727706806,0.5,-0.0019449837062792438,-0.02780961055791163,-0.19967345905962836,-125.68595087,-0.17817211533798694,35.05,-0.4647829380341481,184320,0.0,-0.8412919358359725,0.0003,-0.750460147857666,1.00026535987854,33459,0.015891904399419825,0.2,0.026462207,0.2791341145833333,19.67242368062337,9.501875877380371,-34.056678771972656
0.0,0.0,-0.002395408494630759,-0.11507228426506051,0.0,70,0.01,0.65,2885,0.995392,0.0,-0.4016199591025318,-8.148516567546472e-09,0.0,0.0,9.223080188449886e-05,-0.8747214990238592,0.8361750173584085,-0.0677880971245875,-0.2573358292404343,-0.027408070135978225,11,0.06868316176896766,0.5,-0.0013183568371459842,-0.025660637924997537,-0.20560062819096872,-126.64815767,-0.18246767551682605,35.55,-0.45492630581039367,202752,0.0,-0.8582797581611697,0.0003,-1.1266696453094482,1.0006322860717773,33461,0.011528381534541646,0.2,0.05001261,0.2964680989583333,32.32786909739176,11.360390663146973,-34.06093406677246
0.0,0.0,-0.0020144854527022558,-0.10697816763980328,0.0,76,0.01,0.65,2899,0.9949312,0.0,-0.4066426521876617,-9.175119966396927e-09,0.0,0.0,4.991310480464664e-05,-0.8736439518714115,0.8269529666449665,-0.06611975418431687,-0.2577588851762791,-0.02815000926995433,12,0.06552661517418741,0.5,-0.0017838511234408037,-0.02445279797186438,-0.2063754315630315,-126.67207665,-0.1829183095796023,35.6,-0.4638804960333824,221184,0.0,-0.848001042762519,0.0003,-0.750208854675293,1.001088261604309,33464,-0.004481022415513342,0.2,0.0767781,0.2761896306818182,16.237834930419922,5.905744552612305,-34.06499134410512
0.0,0.0,-0.003931149130361741,-0.11017642261693,0.0,82,0.01,0.65,2911,0.9944704,0.0,-0.4163671127277017,-9.055159255849318e-09,0.0,0.0,6.727418642387622e-05,-0.8811690520449155,0.8503655796205571,-0.07944898673080474,-0.2575135503528549,-0.03135019141710413,13,0.06737543134601703,0.5,-0.0013932265266905436,-0.028031553001855964,-0.20977986888920552,-126.09439927,-0.18657329983293014,35.0,-0.47071700900757,239616,0.0,-0.8551221266423265,0.0003,-0.678526759147644,1.0002036094665527,33465,0.01892031356692314,0.2,0.030170316,0.276611328125,21.67360242207845,8.66004467010498,-34.05528004964193
0.0,0.0,-0.002379293994914847,-0.10724322089088496,0.0,88,0.01,0.65,2922,0.9940096,0.0,-0.4073484389404333,-1.0282022193857874e-08,0.0,0.0,7.703984091575775e-05,-0.870443436142679,0.8461713299298793,-0.07218168887619608,-0.2576677614389531,-0.0320981654679133,14,0.06799108504460444,0.5,-0.0013134742524319638,-0.023791459647840848,-0.20856531335081685,-124.73261410999997,-0.18416431070906614,34.88,-0.46369885707943,258048,0.0,-0.8481185922736375,0.0003,-0.5431733131408691,1.0007524490356445,33467,0.008518708753399551,0.2,0.050433747,0.2746175130208333,19.823750813802082,8.100151062011719,-34.06216812133789
0.0,0.0,-0.0016356902385161012,-0.10840093448060172,0.0,94,0.01,0.65,2932,0.9935488,0.0,-0.4060105960984436,-1.1087412688339458e-08,0.0,0.0,8.789053147969146e-05,-0.84747641391918,0.8659795188143656,-0.07768680809424339,-0.25717154229321315,-0.03217346073051888,15,0.0693886819827952,0.5,-0.0011442038133585204,-0.02439299821849261,-0.20909264069841976,-124.75973704,-0.18385005277239397,34.36,-0.46593231573988914,276480,0.0,-0.8286379381550354,0.0003,-0.46826624870300293,1.0013413429260254,33469,-0.000900459662079811,0.2,0.039347615,0.325537109375,16.0245304107666,6.493164539337158,-34.07016143798828
0.0,0.0,-0.002665505394995163,-0.10327872665523297,0.0,100,0.01,0.65,2942,0.993088,0.0,-0.4173115015668047,-1.3066039289602725e-08,0.0,0.0,9.006071033784085e-05,-0.8395947247367409,0.8987324112370256,-0.08184380312382931,-0.257856419120179,-0.033919104851432264,16,0.0685136981831041,0.5,-0.001019420965652292,-0.024071146671031336,-0.21239803732888335,-124.68875226999998,-0.18819582244451352,34.95,-0.4654764325881393,294912,0.0,-0.8201413661512027,0.0003,-0.26262366771698,1.0010991096496582,33471,0.005754078738391399,0.2,0.044155505,0.30918666294642855,13.795902933393206,5.923128604888916,-34.0673828125
0.0,0.0,-0.0006584849000078057,-0.10562492105714154,0.0,106,0.01,0.65,2950,0.9926272,0.0,-0.4091166083057166,-1.2195937976582157e-08,0.0,0.0,8.572040112792618e-05,-0.8290861408946112,0.9002566601406835,-0.08832358963696485,-0.2583929328648298,-0.03550706123332341,17,0.06702166086971291,0.5,-0.0008821598134495111,-0.02549705904257312,-0.2111984347128749,-125.20951437999999,-0.18447691267573532,35.53,-0.4689076891449669,313344,0.0,-0.83364278473147,0.0003,-0.9757375717163086,1.0006744861602783,33472,0.012833770597353578,0.2,0.027852768,0.280126953125,29.452983474731447,18.430700302124023,-34.06284866333008
0.0,0.0,-0.0006811833536337679,-0.10405467869019798,0.0,112,0.01,0.65,2957,0.9921664,0.0,-0.40838866392348033,-1.4322653302426944e-08,0.0,0.0,0.0001475694168928183,-0.7989352762412827,0.9451201161805266,-0.09648831397923507,-0.25770713237163956,-0.03835259850108967,18,0.06703430554362595,0.5,-0.0006651462495533957,-0.026566840407671873,-0.21128779273013157,-124.25712965000001,-0.18383025041381224,35.92,-0.4731455935819745,331776,0.0,-0.8022930307266247,0.0003,-0.3955777883529663,1.0009325742721558,33474,0.002963576465845108,0.2,0.05409064,0.23872884114583334,15.886667251586914,6.933478355407715,-34.06520207722982
0.0,0.0,-0.001084990262874984,-0.10128784911002037,0.0,118,0.01,0.65,2963,0.9917056,0.0,-0.4152134108839294,-1.3431971371560425e-08,0.0,0.0,7.378467449194027e-05,-0.7776631715189055,0.9180908479472623,-0.08901861888674845,-0.25770142640529636,-0.034176171894414166,19,0.06729770328852354,0.5,-0.0005718305263952869,-0.023054609974397164,-0.21391103353127514,-124.38352812,-0.18605994405386386,35.48,-0.46623531331836204,350208,0.0,-0.7997947113513239,0.0003,-0.2507140636444092,1.0014493465423584,33476,0.0019582822278607637,0.2,0.04052003,0.2637939453125,14.432522416114807,6.180934429168701,-34.070889472961426
0.0,0.0,-0.0005614412416894512,-0.10025659815467296,0.0,124,0.01,0.65,2970,0.9912448,0.0,-0.4065925333832783,-1.3383505070371519e-08,0.0,0.0,0.0001009114203043282,-0.763774959010918,0.916328567076929,-0.09801627191209479,-0.25766546413029184,-0.03770151015274545,20,0.06495605374322104,0.5,-0.0005989571945974603,-0.024470663434416572,-0.20963419078163503,-123.05509353,-0.18467723577221054,34.01,-0.46984424788831636,368640,0.0,-0.7955594776560395,0.0003,-0.26519763469696045,1.0007774829864502,33477,0.0164955576765351,0.2,0.03006224,0.3121337890625,16.38579273223877,9.154441833496094,-34.06382083892822
0.0,0.0,-0.0007222702901021596,-0.09989259008509271,0.0,130,0.01,0.65,2976,0.990784,0.0,-0.4023119677303973,-1.4188297340590777e-08,0.0,0.0,9.765619567284982e-05,-0.7594279393397477,0.948911039978876,-0.10048505700624293,-0.25771311168878946,-0.0407502376796521,21,0.0656874533833557,0.5,-0.0004682065272289846,-0.024955624001158763,-0.2111029345113116,-124.63035352000001,-0.18213853105315328,36.34,-0.4649589042873054,387072,0.0,-0.7952545942344986,0.0003,0.013741850852966309,1.0010058879852295,33478,0.013653616607189178,0.2,0.023018438,0.27421875,11.520247459411621,4.886505603790283,-34.06691970825195
0.0,0.0,-0.0008143656327853853,-0.10025563944853798,0.0,136,0.01,0.65,2981,0.9903232,0.0,-0.3949392130314516,-1.5073948182811918e-08,0.0,0.0,0.00012803816611671614,-0.7486857950492359,0.956577191059075,-0.10831676229383075,-0.25750464656199146,-0.04252050855454814,22,0.06498835744439169,0.5,-0.000906573836497652,-0.027032894632463427,-0.21274688786925475,-123.64903323999997,-0.17946302332102318,35.4,-0.4678165905629031,405504,0.0,-0.7722082196455939,0.0003,0.04164385795593262,1.0012646913528442,33480,0.013048636261373758,0.2,0.06420843,0.3277994791666667,12.39859676361084,5.848592281341553,-34.06935501098633
0.0,0.0,-0.0008391847997251046,-0.10156216580787536,0.0,141,0.01,0.65,2986,0.9898624,0.0,-0.4003684001021275,-1.4755108823114965e-08,0.0,0.0,0.00020833329957289,-0.7302845361933786,0.9393583721542709,-0.09915586848706545,-0.25752681184930754,-0.04072593913681995,23,0.06810651731772593,0.5,-0.0005468739384216153,-0.02342109240137495,-0.2153790951115679,-123.95823967999999,-0.1810746506529415,35.11,-0.4564132312078695,423936,0.0,-0.783585354536746,0.0003,0.21254760026931763,1.0005254745483398,33481,0.01871029008179903,0.2,0.02473042,0.26416015625,10.251298586527506,4.731575012207031,-34.060691833496094
0.0,0.0,-0.001839519096304468,-0.1048179819836475,0.0,147,0.01,0.65,2990,0.9894016,0.0,-0.39440730925526346,-1.4584764770238982e-08,0.0,0.0,0.00020073781423788104,-0.7299588679854279,0.9424972864294738,-0.09974527363134018,-0.2576965333697711,-0.04195841024505741,24,0.06628719758350105,0.5,-0.000565862690564245,-0.02487579573596478,-0.21222733868197946,-123.51559808999998,-0.1789520356314362,35.6,-0.45952833549137545,442368,0.0,-0.7685082739744926,0.0003,-0.06373941898345947,1.0004971027374268,33482,0.011428301377842823,0.2,0.021723248,0.21175130208333334,14.404581069946289,5.407504558563232,-34.06037902832031
0.0,0.0,-0.00032523994016287627,-0.10137425122347586,0.0,153,0.01,0.65,2995,0.9889408,0.0,-0.4026655284274086,-1.4492178068520675e-08,0.0,0.0,0.00013346349199612936,-0.7299030902373617,0.9533690186320225,-0.09936451471013003,-0.25738683666491,-0.03986207499539751,25,0.06562732916897901,0.5,-0.0005669477638245249,-0.02326916259603821,-0.21683488713801535,-122.7282202,-0.1810805333286865,35.05,-0.4637977030481923,460800,0.0,-0.7615275736824872,0.0003,0.12655889987945557,1.001028299331665,33483,0.013393222447484731,0.2,0.023192205,0.27880859375,11.780708122253419,5.827944278717041,-34.06649475097656
0.0,0.0,-0.00019389957222839686,-0.10565131551679798,0.0,159,0.01,0.65,2998,0.98848,0.0,-0.3962515904504667,-1.5357342553793552e-08,0.0,0.0,0.00013888886638192667,-0.72040966637479,0.9962530800565741,-0.12084659789315243,-0.2577146626599768,-0.04582137021013735,26,0.06666776490639578,0.5,-0.0008186833131023579,-0.028623208479740432,-0.2175170508401798,-125.08627844999997,-0.17762549287562146,37.64,-0.46414575509561307,479232,0.0,-0.7475115026878993,0.0003,0.22584843635559082,1.001317024230957,33485,0.009293639023477832,0.2,0.059836358,0.3030192057291667,10.193730672200521,4.2431817054748535,-34.07007280985514
0.0,0.0,-0.0005134466444596846,-0.10427241844601466,0.0,165,0.01,0.65,3001,0.9880192,0.0,-0.38552129327072854,-1.4434806137679906e-08,0.0,0.0,0.00018446173958687318,-0.6997189019755345,0.986791301596447,-0.10863126834205619,-0.25810116051292326,-0.04459203651814176,27,0.06835442817759367,0.5,-0.0003266051838484903,-0.025572541555625574,-0.21511792036790112,-122.8301845,-0.17583248117910763,36.91,-0.46078606836121544,497664,0.0,-0.7494764364983298,0.0003,0.14184176921844482,1.0016087293624878,33487,0.005990665755234659,0.2,0.041845944,0.345916748046875,11.923255562782288,4.912093162536621,-34.07450532913208
0.0,0.0,-0.0009268063654240066,-0.1005412447162922,0.0,171,0.01,0.65,3001,0.9875584,0.0,-0.3966129608421301,-1.5607715923919695e-08,0.0,0.0,0.00014973950843947628,-0.6915833612074613,0.9507888816549214,-0.09890677995454794,-0.25785418374423436,-0.04005331909884483,28,0.06686849138653458,0.5,-0.00038248614873737097,-0.02235272195510392,-0.2202041358402281,-123.96200195,-0.17951625770728188,37.28,-0.4555633125449598,516096,0.0,-0.7574149015544961,0.0003,-0.05197882652282715,1.0007448196411133,33488,0.01587019725702703,0.2,0.027069101,0.3046875,18.260111236572264,5.88985538482666,-34.06360626220703
0.0,0.0,-0.0007229249485433193,-0.09856683237104026,0.0,177,0.01,0.65,3003,0.9870976,0.0,-0.3969635734957832,-1.6581113383018513e-08,0.0,0.0,0.0002701822474288444,-0.6919421648926494,0.9647735506639441,-0.10046696628906428,-0.2576225334578689,-0.04387251905934722,29,0.0673672708793373,0.5,-0.0006949857860389682,-0.023193800572870335,-0.22168268776543482,-123.94355050999998,-0.17915001492541324,37.42,-0.4561669348193399,534528,0.0,-0.7558176338068651,0.0003,0.07268255949020386,1.0017740726470947,33491,-0.00968094845302403,0.2,0.042370066,0.2820231119791667,12.331448475519815,4.554461479187012,-34.07568836212158
0.0,0.0,-0.0003491507368773345,-0.10049550055058902,0.0,183,0.01,0.65,3006,0.9866368,0.0,-0.3868971294132661,-1.6262709769832807e-08,0.0,0.0,0.0002224392147683021,-0.6967470221405354,0.978152130048908,-0.11293734087811222,-0.2577418536630467,-0.04635744807268432,30,0.06710665303761693,0.5,-0.00048665264815402526,-0.0266728630713398,-0.21937699903329488,-121.68746324,-0.1749350978876578,34.58,-0.4586186846747869,552960,0.0,-0.745385506682275,0.0003,0.3430591821670532,1.0003975629806519,33492,0.016881954739801586,0.2,0.025712851,0.28448486328125,9.372134447097778,4.0733232498168945,-34.05940818786621
0.0,0.0,-0.000737209642549989,-0.10083328914017295,0.0,189,0.01,0.65,3009,0.986176,0.0,-0.3892336010030306,-1.521484148254249e-08,0.0,0.0,0.00020616312071474062,-0.6833456288983419,0.9733994166706401,-0.11282668204478512,-0.25768284173203587,-0.04480942873513599,31,0.06703069364755906,0.5,-0.000805662623153896,-0.025477226271583317,-0.21509193377882524,-123.78649634000001,-0.17362444298523763,37.76,-0.46268564866184253,571392,0.0,-0.7319160392330126,0.0003,0.33040851354599,1.000329613685608,33493,0.013914242736063898,0.2,0.024347015,0.28143310546875,10.024158000946045,4.470302581787109,-34.05741310119629
0.0,0.0,-0.00040342394707143276,-0.1039761991827289,0.0,195,0.01,0.65,3011,0.9857152,0.0,-0.38362251955703675,-1.6085926417859967e-08,0.0,0.0,0.0002788628076410128,-0.6664848244322097,0.9758762848800457,-0.11157095590753835,-0.25809421113664904,-0.04641627281484531,32,0.07051489559271291,0.5,-0.001043292357482844,-0.024849739791198453,-0.2149394823396056,-123.77553515,-0.1719820848230885,38.06,-0.455804604446463,589824,0.0,-0.722403188847971,0.0003,0.3884468674659729,1.0009071826934814,33495,0.009687627122427026,0.2,0.054883495,0.2998860677083333,9.301525592803955,4.037796974182129,-34.06339073181152
0.0,0.0,-0.0003645695663908994,-0.10259411640580961,0.0,201,0.01,0.65,3014,0.9852544,0.0,-0.3839161316210971,-1.5546066936260232e-08,0.0,0.0,0.00029622387955896556,-0.6684865653608293,0.9697102175512202,-0.10119005293293311,-0.2577077978126201,-0.04446178610857571,33,0.07023893512970852,0.5,-0.0011680753199875148,-0.022929575223247674,-0.22017931246964442,-122.90648379999999,-0.17110424987097328,37.38,-0.4547357665461601,608256,0.0,-0.7285421750931791,0.0003,0.42964309453964233,1.0006475448608398,33496,0.021832226077094674,0.2,0.03138572,0.32318115234375,9.393320083618164,4.3590192794799805,-34.06076622009277
0.0,0.0,-0.0013418948440779834,-0.09675055751455972,0.0,207,0.01,0.65,3016,0.9847936,0.0,-0.3788924006405761,-1.8701720100910183e-08,0.0,0.0,0.0002387152506142027,-0.6612564226299582,0.9407025398375729,-0.10335451608909926,-0.25739892564157796,-0.04195521295459043,34,0.06551981831694981,0.5,-0.001087237838267659,-0.024004222223453754,-0.2165665989294295,-121.41060407,-0.17148883211264876,35.53,-0.4447532920175671,626688,0.0,-0.7068624192011386,0.0003,0.09964990615844727,1.0003434419631958,33497,0.012831682339310646,0.2,0.023814358,0.23893229166666666,12.808852513631185,5.325643539428711,-34.056870778401695
0.0,0.0,-0.000908341088812674,-0.10020738750311409,0.0,213,0.01,0.65,3017,0.9843328,0.0,-0.363115239529993,-1.7314539608038123e-08,0.0,0.0,0.0002766926384841402,-0.6416349613245081,0.9654906311180245,-0.10944514122009455,-0.25791646390557704,-0.04591073061689446,35,0.06935857766992018,0.5,-0.0021316159367820043,-0.02457843896717234,-0.21647903906869076,-121.78415279999999,-0.16643574390055826,37.5,-0.45038004629070233,645120,0.0,-0.7141985249635806,0.0003,0.4084312319755554,1.0009548664093018,33499,0.006021845852956176,0.2,0.052864395,0.2941487630208333,9.370814005533854,3.923750400543213,-34.0637264251709
0.0,0.0,-0.0013164384531418004,-0.0971738847363714,0.0,219,0.01,0.65,3019,0.983872,0.0,-0.3688348974928557,-1.8192163779307714e-08,0.0,0.0,0.00031575514973762137,-0.6525240794270334,0.9846219005246305,-0.11092506690944308,-0.25743687118800407,-0.048628431851602254,36,0.06848056798852321,0.5,-0.0009065738316470137,-0.025957070608460055,-0.22067690705150728,-121.85124522,-0.16788971952592346,38.19,-0.45312867452092465,663552,0.0,-0.7095319130417737,0.0003,0.4596928358078003,1.001044511795044,33501,0.014047441654838622,0.2,0.06343,0.350341796875,9.427514870961508,4.069307804107666,-34.064709981282554
0.0,0.0,-0.0017496510648570011,-0.09056399676155284,0.0,225,0.01,0.65,3020,0.9834112,0.0,-0.37143101048277877,-1.7689471414887575e-08,0.0,0.0,0.00019422736497492425,-0.6456380547253678,0.9514560838587138,-0.10155827279748963,-0.2568866522461077,-0.0435388498065034,37,0.06507516623053446,0.5,-0.0012174459390937248,-0.022680800812615826,-0.21635002186560645,-119.7410242,-0.17016958703062485,34.43,-0.44540708099207965,681984,0.0,-0.6975664320385249,0.0003,0.2617295980453491,1.0004256963729858,33502,0.022457952921589214,0.2,0.03814498,0.3107096354166667,15.485133488972982,5.470905303955078,-34.0588633219401
0.0,0.0,-0.0021698281450621614,-0.08912145186101746,0.0,231,0.01,0.65,3022,0.9829504,0.0,-0.37350623147689443,-1.753367904989228e-08,0.0,0.0,0.0002463107068453812,-0.6595093784223083,0.94414907995496,-0.0988438533624343,-0.2570855417642103,-0.04057298581301024,38,0.06306323256834459,0.5,-0.0007074639547176452,-0.02163795144091186,-0.215561404577928,-123.10983310000002,-0.16991064794666122,37.69,-0.4415671333269535,700416,0.0,-0.70219834881292,0.0003,-0.02526998519897461,1.0005536079406738,33503,0.013878189376555383,0.2,0.029654121,0.29193115234375,20.30358600616455,7.808194160461426,-34.060683250427246
0.0,0.0,-0.0013702993665787638,-0.08843612659596672,0.0,237,0.01,0.65,3023,0.9824896,0.0,-0.3655059400649077,-1.7585756534835927e-08,0.0,0.0,0.00021701382097995115,-0.6605127426012448,0.9570731703663635,-0.1107089911727268,-0.2569150556819506,-0.045645171076478204,39,0.06182734010547427,0.5,-0.000839842140622851,-0.02485555346331704,-0.2140096618571721,-120.82643006000002,-0.1678456779894746,35.93,-0.4449696878681631,718848,0.0,-0.683492375440486,0.0003,0.21148145198822021,1.001530647277832,33506,-0.00149078796279024,0.2,0.064835496,0.2909490411931818,12.896760420365768,4.830420017242432,-34.07292452725497
0.0,0.0,-0.0019444094196186723,-0.08649041191660611,0.0,243,0.01,0.65,3025,0.9820288,0.0,-0.3716289625547493,-1.9889930747783383e-08,0.0,0.0,0.00021267352147131332,-0.6678579004052523,0.9534499211330478,-0.10576107375797544,-0.2563857135462535,-0.0441223469466662,40,0.06173236099368135,0.5,-0.0010611960703196626,-0.022853900117897265,-0.21250674518727936,-119.89875058,-0.16766820597907067,35.99,-0.4438018052806832,737280,0.0,-0.6919795282504421,0.0003,0.42777472734451294,1.0016052722930908,33508,-0.0006886000512167812,0.2,0.042145114,0.325146484375,9.84788875579834,4.30131721496582,-34.07251663208008
0.0,0.0,-0.004088539178796332,-0.08165931582623416,0.0,249,0.01,0.65,3025,0.981568,0.0,-0.36832810232947494,-1.6656882620498975e-08,0.0,0.0,0.00013780376240093674,-0.6694343534208461,0.9474967802849235,-0.1029867558410187,-0.25608018785896103,-0.041959393708190136,41,0.05869976836805129,0.5,-0.0007931843995013171,-0.021858149093532467,-0.2069627914541818,-120.4140006,-0.16788313749284445,36.3,-0.4430258993836853,755712,0.0,-0.6814260539244688,0.0003,0.5390053391456604,1.0011048316955566,33510,0.012372512525568405,0.2,0.056095786,0.3202718098958333,8.185098807017008,3.4636192321777344,-34.06674448649088
0.0,0.0,-0.00220498617545295,-0.0874978939789803,0.0,255,0.01,0.65,3026,0.9811072,0.0,-0.36647769142931697,-1.8060809523091715e-08,0.0,0.0,0.00019531244955336055,-0.6445642485265155,0.9643863752063029,-0.11042817003547703,-0.25676119889208515,-0.04662062795462261,42,0.061496917412923686,0.5,-0.0007291652533846597,-0.024433311528291552,-0.21306376459807888,-121.63655096999999,-0.1657469175730568,38.09,-0.44679497449215927,774144,0.0,-0.6820871732990056,0.0003,0.5392450094223022,1.001143455505371,33512,0.010800649877637625,0.2,0.06254046,0.3052164713541667,8.369351466496786,3.646047592163086,-34.06767463684082
0.0,0.0,-0.002388369560579329,-0.08748890730556352,0.0,261,0.01,0.65,3028,0.9806464,0.0,-0.36617075298521645,-1.8705244749135403e-08,0.0,0.0,0.00014214404250702096,-0.6555534490544068,0.9730412797079637,-0.11242154871104693,-0.2559701064393234,-0.05463891237552252,43,0.06125845635878566,0.5,-0.0006700290816499748,-0.024871052305613196,-0.2141247363232216,-122.13445024999999,-0.16502426743530565,38.15,-0.44226787547414903,792576,0.0,-0.6815613752938225,0.0003,0.48611295223236084,1.000748872756958,33513,0.02114830445498228,0.2,0.03145255,0.31689453125,9.899576425552368,4.264386177062988,-34.06331253051758
0.0,0.0,-0.0019061206794000558,-0.09175644850296599,0.0,267,0.01,0.65,3029,0.9801856,0.0,-0.36001621714395277,-2.023203332685661e-08,0.0,0.0,0.0002745225275349286,-0.6500140210625971,0.9811897491016235,-0.12042982787261473,-0.25683990621789665,-0.05342590368152117,44,0.06379695652839387,0.5,-0.002001949949772097,-0.02698836517754226,-0.2102122026371926,-120.20002147,-0.1618973946997562,37.81,-0.4460056730377462,811008,0.0,-0.6801269094205843,0.0003,0.47599756717681885,1.0012195110321045,33515,0.009037767983196924,0.2,0.064277425,0.273193359375,10.717342694600424,4.921117782592773,-34.06902821858724
0.0,0.0,-0.0027258456466252327,-0.08919985376064503,0.0,273,0.01,0.65,3030,0.9797248,0.0,-0.3621087993256604,-2.2174214556731432e-08,0.0,0.0,0.00031032978505310084,-0.6279446846248798,0.9421101871422606,-0.10265167324325822,-0.25683429601284213,-0.053784345753195545,45,0.06518125821670465,0.5,-0.0034543151301073115,-0.023434095225404863,-0.2100138201139006,-124.41100147000002,-0.16602146649037838,41.57,-0.440161793271001,829440,0.0,-0.6808103637151262,0.0003,0.5448886156082153,1.000683307647705,33516,0.016446446534246206,0.2,0.023911037,0.28033447265625,9.647493600845337,4.233457565307617,-34.06269550323486
0.0,0.0,-0.00217440092247639,-0.09392410673190249,0.0,279,0.01,0.65,3031,0.979264,0.0,-0.3646312430319896,-2.1904092296519677e-08,0.0,0.0,0.00015950514352880418,-0.6503303409862915,0.9934577933023223,-0.1277709878593916,-0.2576311589080927,-0.06215148265473472,46,0.06446122921587111,0.5,-0.0011572244046773347,-0.029063849902533596,-0.2125880876395868,-122.10491403999998,-0.1654924147585285,39.7,-0.44297662168695473,847872,0.0,-0.6830680136836922,0.0003,0.6210876703262329,1.0010936260223389,33517,0.019797955360263585,0.2,0.03292247,0.334130859375,8.0921236038208,3.598933219909668,-34.06750564575195
0.0,0.0,-0.0020030453719802072,-0.09029091501163669,0.0,285,0.01,0.65,3032,0.9788032,0.0,-0.3602079812119742,-2.0895127597140202e-08,0.0,0.0,0.00022894960582359799,-0.6445351840949796,0.9935209520797288,-0.12861697313263468,-0.2580494430299103,-0.060496211350736795,47,0.06333401007657698,0.5,-0.0012093078839825466,-0.02829263121776873,-0.2193126791022132,-122.89934125999999,-0.16391119678552013,41.09,-0.44208514439202434,866304,0.0,-0.6883001542065046,0.0003,0.4042479395866394,1.0004991292953491,33518,0.018332062289118767,0.2,0.032940473,0.28515625,14.76375675201416,5.438962459564209,-34.06053034464518
0.0,0.0,-0.0017891417924732434,-0.09057127992019824,0.0,291,0.01,0.65,3033,0.9783424000000001,0.0,-0.36402990376068384,-2.0830873817584893e-08,0.0,0.0,0.00024956592177558277,-0.6497450724977053,1.0132727311900596,-0.12350802345707883,-0.25792975792626865,-0.05887122315172063,48,0.06574661209988748,0.5,-0.0016476752918808618,-0.027789241927443562,-0.2212855091169313,-120.84675139000001,-0.16316070241580213,38.42,-0.4389465115881745,884736,0.0,-0.6957334309821027,0.0003,0.603652834892273,1.0009207725524902,33519,0.014479135628789663,0.2,0.026143461,0.298095703125,8.772254943847656,3.93495774269104,-34.06558685302734
0.0,0.0,-0.0014208859810941425,-0.0904400553001864,0.0,297,0.01,0.65,3034,0.9778816,0.0,-0.35707970750555773,-1.968089169242753e-08,0.0,0.0,0.0002267794366667254,-0.6504911637890414,0.9978456217381593,-0.11636514439504388,-0.2582405698408619,-0.05982812173750783,49,0.06609642631866029,0.5,-0.0017344807048276481,-0.02574071069777624,-0.21839366939522942,-120.76253797000001,-0.163527626062841,38.68,-0.4391828464913385,903168,0.0,-0.7054597221724213,0.0003,0.5223321318626404,1.0006159543991089,33520,0.016287656500935555,0.2,0.026218392,0.28436279296875,10.767392873764038,4.855356693267822,-34.06151008605957
0.0,0.0,-0.0012800545231833375,-0.09382942343023697,0.0,303,0.01,0.65,3034,0.9774208,0.0,-0.36309944590712734,-2.1825278432846086e-08,0.0,0.0,0.0003776040975935757,-0.6276303987477215,1.0041491291380877,-0.11154590470399467,-0.2585131193711205,-0.06198908514120806,50,0.0702515790784132,0.5,-0.0011382358045213753,-0.0244498741127472,-0.22710536456432015,-122.27728966,-0.16368278011081536,40.77,-0.43001681418349136,921600,0.0,-0.7004269397947266,0.0003,0.478363037109375,1.001333236694336,33522,0.0037123092624824494,0.2,0.04894801,0.290069580078125,11.025607585906982,4.356085300445557,-34.0703239440918
0.0,0.0,-0.0010835268340381227,-0.10154555813945645,0.0,309,0.01,0.65,3035,0.97696,0.0,-0.35071170993294837,-2.026290576172031e-08,0.0,0.0,0.00023111969737025598,-0.6844722540199932,1.0657223817992472,-0.17043012737625776,-0.25950947467478425,-0.07756814222572801,51,0.06550054005112177,0.5,-0.0019661421748524946,-0.041890871084700354,-0.22012489944993546,-126.4377683,-0.15760519120268715,45.79,-0.45346902670306755,940032,0.0,-0.7047849658241448,0.0003,0.2882804870605469,1.0003383159637451,33523,0.012751165311783552,0.2,0.020978494,0.221435546875,15.201055526733398,5.676253795623779,-34.058125813802086
0.0,0.0,-0.0005084237138024738,-0.09844543472732506,0.0,315,0.01,0.65,3036,0.9764992,0.0,-0.3601528659089969,-2.0115026933291702e-08,0.0,0.0,0.00033854160574264824,-0.662563276648468,1.0156114472292392,-0.14199662085967474,-0.2592794580684768,-0.07165289656272235,52,0.06550067528843478,0.5,-0.0019091762482680173,-0.0321392130146544,-0.22933887966283295,-122.73103305999999,-0.16277974899822348,40.25,-0.4463915362196135,958464,0.0,-0.7088340100920169,0.0003,0.33910852670669556,1.0009509325027466,33525,0.009554841497447342,0.2,0.039211985,0.30743408203125,15.437492370605469,5.6618571281433105,-34.06589317321777
0.0,0.0,-0.0014366548837763849,-0.10354952609807805,0.0,321,0.01,0.65,3037,0.9760384,0.0,-0.3582641939996887,-2.21357418610322e-08,0.0,0.0,0.0003862845801955296,-0.6622988634377178,1.0491871757230435,-0.13928954640236724,-0.259534942462307,-0.0729853150724933,53,0.06861563051261774,0.5,-0.0026193538506049663,-0.03251500979309827,-0.2279681433621129,-122.84226357,-0.16151087508294568,42.45,-0.44021222666320126,976896,0.0,-0.7162960633052136,0.0003,0.6113706827163696,1.001598834991455,33528,-0.0034944294867190447,0.2,0.06922713,0.3144309303977273,9.860533280806107,4.257608413696289,-34.07043665105646
0.0,0.0,-0.0009715650531396099,-0.09550974275483776,0.0,327,0.01,0.65,3038,0.9755776,0.0,-0.3526945328708202,-2.2877367056840028e-08,0.0,0.0,0.0002864582638721913,-0.660455396209128,1.0546684889179867,-0.1331158654250445,-0.25825514138528294,-0.0725370634622056,54,0.06727840929220014,0.5,-0.001607528100268812,-0.029567770962787194,-0.22483461364300672,-124.77661297,-0.16144945712057254,44.19,-0.4363168139034945,995328,0.0,-0.70599212915491,0.0003,0.4604564905166626,1.0014371871948242,33530,0.008634664532211091,0.2,0.042269032,0.3448350694444444,13.51911809709337,6.87639856338501,-34.07183837890625
0.0,0.0,-0.003958514574964312,-0.10037545782155746,0.0,333,0.01,0.65,3036,0.9751168,0.0,-0.34791998098796123,-2.046442935179258e-08,0.0,0.0,0.00035915792169463303,-0.649172837578369,1.025877694746608,-0.1471759471069617,-0.2590538811949545,-0.07548096265258042,55,0.066676071180018,0.5,-0.0016845672814977458,-0.03424752809279016,-0.22518704359881914,-124.26977849999997,-0.1598758571765884,43.3,-0.44183359718595167,1013760,0.0,-0.7023384999224573,0.0003,0.6266841292381287,1.0007587671279907,33531,0.01586770061403513,0.2,0.025248513,0.28974609375,9.858394432067872,4.689698696136475,-34.0635124206543
0.0,0.0,-0.0005602068572060823,-0.10409443206098862,0.0,339,0.01,0.65,3036,0.974656,0.0,-0.34695773819398756,-2.1029018882610232e-08,0.0,0.0,0.00035156240725579363,-0.6687401996368711,1.0824559784960597,-0.17161728489960074,-0.2594767209723171,-0.08083409708618831,56,0.06591874848130924,0.5,-0.0016596103636806624,-0.04061082334901753,-0.22449186249667935,-123.65632599000004,-0.15672956469611035,42.92,-0.45072595881621985,1032192,0.0,-0.7048434140731397,0.0003,0.33309251070022583,1.0004949569702148,33532,0.010380379389971495,0.2,0.021952493,0.24102783203125,18.28318476676941,11.39430046081543,-34.06024646759033
0.0,0.0,-0.000541588701028956,-0.10908963657264151,0.0,345,0.01,0.65,3036,0.9741952,0.0,-0.34557076928419317,-2.1315938414718664e-08,0.0,0.0,0.0004047307851983027,-0.6547076206178407,1.0506429797909211,-0.16750777494141075,-0.2597425907842531,-0.08527628540083776,57,0.0675337390104746,0.5,-0.0022363239420681363,-0.039616865458535676,-0.23314272390136498,-125.39811833,-0.15683081109036429,45.21,-0.4469282532894433,1050624,0.0,-0.7082633760681147,0.0003,0.6007908582687378,1.0015816688537598,33534,-0.0009950792753241127,0.2,0.043590873,0.3095974392361111,11.178607728746202,4.886453151702881,-34.072900984022354
0.0,0.0,-0.00029198649064300565,-0.10424486514015047,0.0,351,0.01,0.65,3037,0.9737344,0.0,-0.3431458583651859,-1.823714922753673e-08,0.0,0.0,0.0003602429868705157,-0.6642464354355178,1.0705627954580652,-0.16960589645341315,-0.26016879938465387,-0.08224576565738725,58,0.06619549834500417,0.5,-0.0019292498068858145,-0.041057165587186056,-0.22967828601801132,-124.58885925999999,-0.15699174155562318,43.39,-0.44695105066964186,1069056,0.0,-0.7052274790838362,0.0003,0.6184396743774414,1.0009706020355225,33536,0.008767099934630096,0.2,0.04966469,0.2615966796875,11.22513977686564,4.654996395111084,-34.06599680582682
0.0,0.0,-0.0032959994681612775,-0.10188847992525946,0.0,358,0.01,0.65,3037,0.9732736,0.0,-0.33857257710118005,-2.189212181264904e-08,0.0,0.0,0.0003309461398101929,-0.6368082582737691,1.023298280605457,-0.15073426167927323,-0.25971101053290646,-0.07659545417130058,59,0.06807032169649814,0.5,-0.0024104776772825667,-0.035830715515331714,-0.2247381310141332,-123.06650190999999,-0.15708986600491742,42.91,-0.4363226146795638,1087488,0.0,-0.7043043038426451,0.0003,0.6599479913711548,1.0018218755722046,33538,0.0027410929712156453,0.2,0.04253816,0.3331163194444444,9.83872519599067,4.338697910308838,-34.07555135091146
0.0,0.0,-0.0011100170524610728,-0.10404258113315443,0.0,364,0.01,0.65,3038,0.9728128,0.0,-0.337948357715449,-2.108979517117091e-08,0.0,0.0,0.0004633245860329933,-0.6526707226818318,1.0514650070713298,-0.1547638203460428,-0.25934556094727323,-0.07689698260616035,60,0.07034451015120109,0.5,-0.0018088075222395775,-0.03660236022035947,-0.22657350430462353,-121.27432019000001,-0.15584129992249451,41.09,-0.440254845431071,1105920,0.0,-0.7029321278240158,0.0003,0.6909785866737366,1.001684546470642,33540,0.0025989520363509655,0.2,0.044555303,0.3140869140625,8.992212057113647,3.7964816093444824,-34.07519769668579
0.0,0.0,-0.0016051914867040535,-0.11492298843252935,0.0,370,0.01,0.65,3038,0.972352,0.0,-0.33985071651004845,-2.0283538422539434e-08,0.0,0.0,0.0004980468171803901,-0.6506820739022129,1.0878215904672386,-0.17595538881801684,-0.25988527046704474,-0.08899827086694731,61,0.07130700476905893,0.5,-0.002153316493301342,-0.043314373211108974,-0.22953411486173567,-126.25447050000001,-0.15656463192977835,46.93,-0.4465008899027835,1124352,0.0,-0.7210563175452259,0.0003,0.6762741804122925,1.0012233257293701,33542,0.014991597970947623,0.2,0.049837336,0.3223470052083333,9.549643675486246,4.093147277832031,-34.068769454956055
0.0,0.0,-0.00022115205229422707,-0.11460104825632797,0.0,376,0.01,0.65,3039,0.9718912,0.0,-0.34418392979935014,-2.46277822015476e-08,0.0,0.0,0.00046006935170023807,-0.6383810127634408,1.0713612632984715,-0.15654033365765951,-0.25918100050940285,-0.08961557511571358,62,0.07415899988216391,0.5,-0.0015353704042758585,-0.038433902246831284,-0.2382824551620731,-124.89797052,-0.15880189164173622,46.99,-0.43508470304118363,1142784,0.0,-0.711302809036069,0.0003,0.68050616979599,1.0009214878082275,33543,0.011492271209135652,0.2,0.022621445,0.26904296875,10.056860733032227,4.878739833831787,-34.06558685302734
0.0,0.0,-0.0015999811075967782,-0.1087492231211092,0.0,382,0.01,0.65,3039,0.9714304,0.0,-0.33950150718728067,-2.2235195811501857e-08,0.0,0.0,0.00039822038444173004,-0.6454736829145366,1.0861036684319283,-0.1585158337988596,-0.2596020145277161,-0.08982774137965473,63,0.07127738367602675,0.5,-0.002151146514936247,-0.03880525331734477,-0.228723328584162,-122.26812494999999,-0.15791909761966155,43.16,-0.44354853865669913,1161216,0.0,-0.7071384164703066,0.0003,0.6727948188781738,1.0009379386901855,33545,0.0074455668994536,0.2,0.04760567,0.275634765625,10.432856559753418,4.749444961547852,-34.065605799357094
0.0,0.0,-0.00023046742268538887,-0.10844953181643045,0.0,388,0.01,0.65,3039,0.9709696,0.0,-0.34000167317453656,-2.2204849399861445e-08,0.0,0.0,0.0004654946969822049,-0.6356990295412124,1.1004789115571656,-0.1417499047868701,-0.25968131543894574,-0.0896591945540331,64,0.07608532971758124,0.5,-0.0018337641878234637,-0.03333459799133489,-0.24027576164176934,-125.45896461000001,-0.15921612545775943,49.24,-0.4389165786163138,1179648,0.0,-0.7193852074030821,0.0003,0.647223949432373,1.0010294914245605,33547,0.01756436031843935,0.2,0.045841336,0.36324637276785715,11.652384621756417,5.128922462463379,-34.065673283168245
0.0,0.0,-0.0006304022076213354,-0.10983365739261826,0.0,394,0.01,0.65,3040,0.9705088,0.0,-0.3430117150920995,-2.136194822695776e-08,0.0,0.0,0.0003407117166918599,-0.6540905694606751,1.1061988863281913,-0.16606124768978325,-0.2599120081965161,-0.09350543688416382,65,0.0709059973188167,0.5,-0.0024663585677949917,-0.039928975804955386,-0.2352955150770988,-125.01506633999998,-0.15686728038459546,46.4,-0.441768105086168,1198080,0.0,-0.7084914207423825,0.0003,0.6237499713897705,1.0017881393432617,33549,0.006918693846091628,0.2,0.039508216,0.354638671875,12.230275440216065,5.650903701782227,-34.07377891540527
0.0,0.0,-0.0005194981585060128,-0.1150051332855012,0.0,400,0.01,0.65,3040,0.970048,0.0,-0.3458305183681878,-2.358318049397612e-08,0.0,0.0,0.0005110675701871514,-0.6352750774337984,1.1106756052611175,-0.14597882525832218,-0.2594929596130435,-0.09204335300505125,66,0.07607138004477704,0.5,-0.0015039035675322844,-0.03622652200536673,-0.24473610576073115,-126.01144500000001,-0.16000263005860002,48.13,-0.43918496315450506,1216512,0.0,-0.7157999128435643,0.0003,0.6796413660049438,1.001421570777893,33551,-0.0006830014495386018,0.2,0.043025374,0.3153754340277778,11.39417552947998,5.320513725280762,-34.072608100043404
0.0,0.0,-0.00024687691459290834,-0.11820865069099444,0.0,406,0.01,0.65,3041,0.9695872,0.0,-0.34052818000562357,-2.3306185438894767e-08,0.0,0.0,0.0005750866969012552,-0.6513711483230706,1.1305053969282755,-0.17242255104098206,-0.2600033135066482,-0.10086571170534864,67,0.07447842485129003,0.5,-0.001525604856498022,-0.04284395909426616,-0.24282964066223903,-126.37821477000001,-0.15667512969000172,49.69,-0.4439852739829534,1234944,0.0,-0.7150614909179001,0.0003,0.6565592885017395,1.0008807182312012,33553,0.007334788019458453,0.2,0.045696877,0.26708984375,12.612414836883545,5.757281303405762,-34.06448237101237
0.0,0.0,-0.00035038733419329583,-0.11753851530416595,0.0,412,0.01,0.65,3041,0.9691263999999999,0.0,-0.33990449263082134,-2.3781487383912385e-08,0.0,0.0,0.0005251734853825636,-0.6493402338853751,1.1082699595547678,-0.16155894483025335,-0.26054075563609,-0.09504421720003658,68,0.07501040969853842,0.5,-0.0018120626078194214,-0.03893342165286573,-0.24243559492430267,-126.12463846,-0.15659768891161027,48.83,-0.44572820386822976,1253376,0.0,-0.718882130322672,0.0003,0.7233273386955261,1.001007080078125,33555,0.015019374007048706,0.2,0.047694605,0.3221028645833333,10.058655420939127,4.404557704925537,-34.06547991434733
0.0,0.0,-0.00128690027055316,-0.12207566119639969,0.0,418,0.01,0.65,3042,0.9686656,0.0,-0.3369355975044761,-2.2138057132168177e-08,0.0,0.0,0.0005219182898549156,-0.6590467799541728,1.120235625360988,-0.17298932265172276,-0.26103375156909236,-0.1010395609203378,69,0.07461766710186099,0.5,-0.002050235010554186,-0.04318408087703319,-0.23606289835135394,-126.913781,-0.1557532568867872,51.21,-0.44672638403794973,1271808,0.0,-0.7179214105902658,0.0003,0.7226559519767761,1.0010638236999512,33557,0.01904331419306497,0.2,0.052257176,0.3358968098958333,10.661046346028646,4.888736724853516,-34.06698799133301
0.0,0.0,-0.000282280804630976,-0.11499192028653894,0.0,424,0.01,0.65,3042,0.9682048,0.0,-0.3335305685163949,-2.0984864387798933e-08,0.0,0.0,0.0004991318403174066,-0.6588713579742298,1.163555486189801,-0.17215673909931772,-0.26033865860664507,-0.10663955401146369,70,0.07450677854883272,0.5,-0.002243919684486981,-0.04240887936029678,-0.23436663754001716,-125.14380456,-0.15500406767961825,48.63,-0.44682819870855656,1290240,0.0,-0.7148489173609232,0.0003,0.728166937828064,1.0009952783584595,33559,0.010603124741464853,0.2,0.04885005,0.2910563151041667,10.521190961201986,4.7692670822143555,-34.06558418273926
0.0,0.0,-0.010750116894290456,-0.1188802236916375,0.0,430,0.01,0.65,3042,0.967744,0.0,-0.33478067909725095,-2.4130281778332072e-08,0.0,0.0,0.0006423610094417301,-0.6536555219696001,1.1203727162540185,-0.162852606524989,-0.2608332911889591,-0.10391828350945821,71,0.07634165566689141,0.5,-0.0019146014641996266,-0.04243066633346152,-0.23810538849847232,-128.89072554,-0.15656057088697,52.23,-0.4444051778917524,1308672,0.0,-0.7184079924221387,0.0003,0.6424477100372314,1.000580906867981,33560,0.019939562596846372,0.2,0.02957758,0.29248046875,14.411521434783936,6.356836318969727,-34.06096267700195
0.0,0.0,-0.0004143967764717576,-0.11940738189690084,0.0,436,0.01,0.65,3042,0.9672832,0.0,-0.3322462553218743,-2.4141679225400727e-08,0.0,0.0,0.0005957030031519631,-0.6491785910625563,1.1316752862309927,-0.18265682974888492,-0.26088215490741373,-0.10229729446794913,72,0.07429151496022013,0.5,-0.004467767695637627,-0.04544019037929933,-0.23342331977468284,-125.86521484,-0.15416901236248814,51.05,-0.44942552408723746,1327104,0.0,-0.7129316013323638,0.0003,0.6701447367668152,1.00174880027771,33563,-0.0028500064614821563,0.2,0.050776035,0.3087713068181818,12.640859603881836,5.309715747833252,-34.07612054998224
0.0,0.0,-0.0008317379805033514,-0.11527626638357104,0.0,442,0.01,0.65,3043,0.9668224,0.0,-0.3354763210746212,-2.5948831708438318e-08,0.0,0.0,0.000537109289628764,-0.6580557996117181,1.1320186833714558,-0.17101971865546026,-0.2608382258254218,-0.0996135319837365,73,0.07307291277970182,0.5,-0.001880964472851095,-0.04100892466444284,-0.233097452503188,-126.43085028,-0.15736017820263748,50.05,-0.44248176441442566,1345536,0.0,-0.7080680353772925,0.0003,0.726669192314148,1.0016273260116577,33566,-0.0035974524745886974,0.2,0.049134642,0.3348055752840909,11.6919114372947,5.209665298461914,-34.07322103326971
0.0,0.0,-0.0003214096901079767,-0.11911985211132659,0.0,448,0.01,0.65,3043,0.9663616,0.0,-0.33201362206298385,-2.3083015285936602e-08,0.0,0.0,0.0004340276904662864,-0.661877780140761,1.1603541941452276,-0.19942780832241805,-0.26074448748512213,-0.11123682029901616,74,0.07362740513171222,0.5,-0.0017339376370526021,-0.04840243346665631,-0.22900138933247519,-126.67356702,-0.15516603728277562,50.64,-0.44927482621494835,1363968,0.0,-0.7076320664970169,0.0003,0.7361652851104736,1.0018455982208252,33569,-0.0037590379572727465,0.2,0.0513802,0.32848011363636365,10.92719858342951,4.9734086990356445,-34.075702320445664
0.0,0.0,-0.0011950622813151103,-0.11723576820550712,0.0,454,0.01,0.65,3043,0.9659008,0.0,-0.3278984144884387,-2.2090763869242296e-08,0.0,0.0,0.00042860234518431954,-0.6553081707706625,1.1227571804258762,-0.16864671757428035,-0.2606757130088228,-0.10158584096403966,75,0.07443112817230985,0.5,-0.002897130933383273,-0.042328022229111514,-0.23296440397891496,-126.59740872000002,-0.15479686191659922,50.48,-0.44287007741503853,1382400,0.0,-0.7057807372114193,0.0003,0.748611330986023,1.0012239217758179,33571,0.010924062381188074,0.2,0.04544814,0.3083902994791667,10.93196185429891,4.955172538757324,-34.06876691182455
0.0,0.0,-0.0001229660276698599,-0.11962229016714326,0.0,460,0.01,0.65,3043,0.96544,0.0,-0.3268515594648347,-2.4073428664902196e-08,0.0,0.0,0.00043185753101069067,-0.6675858577766653,1.1651363785570996,-0.19229915502625214,-0.260433490103529,-0.11233432208784191,76,0.07245430042740664,0.5,-0.0019992367661972013,-0.04803246946166837,-0.22669406050901214,-126.77281291999999,-0.15298445766212854,50.83,-0.4530227371741387,1400832,0.0,-0.7175433960073061,0.0003,0.7296251058578491,1.0025997161865234,33574,-0.0008198710539462892,0.2,0.04991991,0.3512295809659091,11.496549086137252,5.125877380371094,-34.08551788330078
0.0,0.0,-0.000636489465145989,-0.11974166873575598,0.0,466,0.01,0.65,3044,0.9649792,0.0,-0.3207911311719972,-2.3842133306312993e-08,0.0,0.0,0.0004980467977778366,-0.6597199281612428,1.1736974432705023,-0.19032161797687158,-0.2609632579129847,-0.11430929270976449,77,0.0747828977620389,0.5,-0.0019542065403786385,-0.046650843024423745,-0.22929025204598905,-124.31166492999999,-0.15225139664135245,48.51,-0.4496620937048512,1419264,0.0,-0.7132745402047005,0.0003,0.7443856000900269,1.0019400119781494,33576,0.005291020823642611,0.2,0.04295119,0.346484375,10.81053647994995,4.843771934509277,-34.079154586791994
0.0,0.0,-0.0020681354764919262,-0.11825944274560987,0.0,472,0.01,0.65,3044,0.9645184,0.0,-0.3235485266985973,-2.3856403481461436e-08,0.0,0.0,0.00039713533866840106,-0.6665879936675183,1.1894152482974292,-0.1935497162005181,-0.2613656337196477,-0.11398407068753663,78,0.07411489006531306,0.5,-0.0030528374255583105,-0.04910985232419737,-0.22821813550346054,-127.17423503,-0.1512855859665258,53.39,-0.4530948556817776,1437696,0.0,-0.7100500767209369,0.0003,0.6589728593826294,1.000387191772461,33577,0.012963640736415982,0.2,0.023402672,0.23968505859375,16.88897395133972,5.609063625335693,-34.058271408081055
0.0,0.0,-9.894124920705084e-05,-0.11741428213442322,0.0,478,0.01,0.65,3044,0.9640576,0.0,-0.3258868434295056,-2.1993341917798957e-08,0.0,0.0,0.000441623195203849,-0.6551852567105501,1.1691850925927698,-0.18838957929655892,-0.26061425761092216,-0.10958835812466274,79,0.07509782684049224,0.5,-0.0020041197907024375,-0.047353850642596805,-0.22546562330086084,-125.36387426999998,-0.15351333207568538,50.49,-0.4429444669530807,1456128,0.0,-0.699865091508867,0.0003,0.7256723642349243,1.0021485090255737,33580,-0.010168927907943725,0.2,0.043979276,0.32623697916666666,12.8038023630778,5.360711574554443,-34.07762196858724
0.0,0.0,-0.0010991874178283092,-0.11990376847753599,0.0,484,0.01,0.65,3045,0.9635968,0.0,-0.33472424467647194,-2.0912164563261427e-08,0.0,0.0,0.0005946179864824646,-0.6381038002228302,1.1436302318239344,-0.16433561865278665,-0.2612290487622307,-0.10692564338450866,80,0.07915640544352237,0.5,-0.001849497629640003,-0.03836087663856838,-0.23640586578433812,-124.52179770000002,-0.1550553203267151,49.95,-0.43727436674764625,1474560,0.0,-0.6989332800770431,0.0003,0.7614316940307617,1.0014028549194336,33582,0.0002486017118725512,0.2,0.044393893,0.3235134548611111,11.31814850701226,5.384025573730469,-34.07122675577799
0.0,0.0,-0.0011926457024108625,-0.12081234033309753,0.0,490,0.01,0.65,3045,0.963136,0.0,-0.32433955435865053,-2.2167556240546125e-08,0.0,0.0,0.00043728293450031843,-0.6508876565462364,1.1630070489605098,-0.18526680773367146,-0.2616107773832871,-0.12085791536624048,81,0.07711552806198671,0.5,-0.0021522314830993614,-0.04533524328388849,-0.22649383984605242,-125.18635499999999,-0.15175882321533635,50.42,-0.4447575298473779,1492992,0.0,-0.7006296544940305,0.0003,0.7579085230827332,1.0012156963348389,33584,0.0008312310092151165,0.2,0.043728042,0.323577880859375,11.309430003166199,5.401666164398193,-34.06810522079468
0.0,0.0,-3.930279412545782e-05,-0.12390395937527741,0.0,496,0.01,0.65,3045,0.9626752,0.0,-0.3285570545565457,-2.4050214844017698e-08,0.0,0.0,0.00044162316610001854,-0.6522292798024223,1.184165775350409,-0.1892141653556171,-0.261335971972219,-0.1261650415565344,82,0.07724116728751879,0.5,-0.002369244943515191,-0.04688504305608357,-0.23005729432939923,-123.49527543,-0.15269566702122372,50.18,-0.4520575189149318,1511424,0.0,-0.6957505289317687,0.0003,0.7620866298675537,1.0016050338745117,33587,0.005249723919074644,0.2,0.046393067,0.3400213068181818,11.132515647194602,5.053083896636963,-34.07275598699396
0.0,0.0,-0.0002613760271153995,-0.12428229398827667,0.0,502,0.01,0.65,3046,0.9622144,0.0,-0.32560669790909524,-2.2120548966206484e-08,0.0,0.0,0.000489366247266945,-0.6694379568345755,1.2032137140710046,-0.18390566561354724,-0.26178075637258325,-0.12140528306600573,83,0.07887452842166204,0.5,-0.002177730420953594,-0.0461802186479789,-0.23231300562771418,-124.38283014999998,-0.1538364624703713,49.74,-0.4514628728117601,1529856,0.0,-0.6949390696710154,0.0003,0.793775200843811,1.0021467208862305,33589,-0.0015357835683971644,0.2,0.040553376,0.3311767578125,10.293983745574952,4.841882228851318,-34.07908058166504
0.0,0.0,-0.0003253770466414273,-0.12801813222053796,0.0,508,0.01,0.65,3046,0.9617536,0.0,-0.32900050492364713,-2.5373207778988565e-08,0.0,0.0,0.00042751730264474946,-0.6859855669333178,1.2401142839429853,-0.20963511033226953,-0.2615651534462431,-0.12940760692344327,84,0.076711998187397,0.5,-0.0036865172425879994,-0.056318618858863564,-0.2380417517085412,-128.63784892999996,-0.15207962681606255,56.32,-0.455015594238193,1548288,0.0,-0.6904771414490957,0.0003,0.7811346650123596,1.002623200416565,33592,-0.0003788608592003584,0.2,0.0480616,0.3526278409090909,11.039134979248047,4.89100456237793,-34.08660749955611
0.0,0.0,-0.00020934605479273395,-0.13205790265443307,0.0,514,0.01,0.65,3046,0.9612928000000001,0.0,-0.32060167273935647,-2.3824276803085855e-08,0.0,0.0,0.00046332457633171644,-0.6959781707765793,1.276360825067254,-0.22334557234833433,-0.2623023934899137,-0.1377570259053251,85,0.07697830082498287,0.5,-0.0037141862946252027,-0.05999008070125725,-0.23017504917005718,-129.475737,-0.14996339119248958,57.85,-0.46250768876596765,1566720,0.0,-0.6905791134818423,0.0003,0.7614515423774719,1.0024054050445557,33595,-0.0052309330203570426,0.2,0.04660029,0.3418375651041667,12.106794198354086,5.631988525390625,-34.08417956034342
0.0,0.0,-0.0002606025650417701,-0.12737231110950045,0.0,520,0.01,0.65,3046,0.960832,0.0,-0.3355975734940507,-2.3318128645160275e-08,0.0,0.0,0.0005023870552476081,-0.6648956336159713,1.2110627362124118,-0.17930204259631025,-0.2618056561396418,-0.13017848732600296,86,0.08016058296202842,0.5,-0.0026595004827767196,-0.045704011285427476,-0.23435603398216476,-126.71284576,-0.15481499899361612,53.63,-0.45009604406749937,1585152,0.0,-0.6961563051511638,0.0003,0.7744886875152588,1.0026562213897705,33598,-0.010856863863479633,0.2,0.040344328,0.30863131009615385,12.617823454049917,5.872292995452881,-34.08435557438777
0.0,0.0,-0.00014438059198967936,-0.12925643253579144,0.0,526,0.01,0.65,3046,0.9603712,0.0,-0.3217605214874725,-2.4707369241584033e-08,0.0,0.0,0.0003841144983501484,-0.669655906841562,1.2217876058121118,-0.19840062489776983,-0.2618545892502871,-0.13440092841415424,87,0.07699941828303679,0.5,-0.003311083610040239,-0.05335898179096164,-0.2289919316253805,-124.62008574000004,-0.15071658888535142,50.65,-0.45756191883331865,1603584,0.0,-0.6839883958186578,0.0003,0.7817602753639221,1.0028942823410034,33601,-0.01167150420535888,0.2,0.04275815,0.32864815848214285,11.602722440447126,5.396105766296387,-34.09065328325544
0.0,0.0,-0.0001551189280517641,-0.13165288400523745,0.0,532,0.01,0.65,3046,0.9599104,0.0,-0.3214154781321316,-2.520592427233812e-08,0.0,0.0,0.00038628463840319053,-0.6729323500044724,1.2368956768399346,-0.2143608162774538,-0.26183913281564125,-0.13652941034258645,88,0.07659310229405823,0.5,-0.0032606279952839636,-0.05685903674033807,-0.22643870516660788,-126.03124156999998,-0.14908941914738097,53.78,-0.4581338333710231,1622016,0.0,-0.6905918620169795,0.0003,0.7906183004379272,1.0026085376739502,33604,-0.009307125466875732,0.2,0.044245422,0.3213094075520833,11.658057371775309,5.332324504852295,-34.08517583211263
0.0,0.0,-4.6503874857186354e-05,-0.1265474512192406,0.0,538,0.01,0.65,3046,0.9594496,0.0,-0.3259908881835927,-2.2918323145346573e-08,0.0,0.0,0.00043294261558912694,-0.6808570732265368,1.2518496030240498,-0.19337019071326222,-0.261780111522736,-0.1278334076273489,89,0.0799240808610297,0.5,-0.0023567666422523973,-0.04862717616979425,-0.22936593824005527,-124.29617812999999,-0.15214236596416966,52.77,-0.4475110979460012,1640448,0.0,-0.691238063358429,0.0003,0.7944284081459045,1.0028293132781982,33607,-0.005264433351560281,0.2,0.043576468,0.3359187199519231,11.850218332730806,5.081142902374268,-34.088316697340744
0.0,0.0,-0.00018841793726333408,-0.12524029437925288,0.0,544,0.01,0.65,3046,0.9589888,0.0,-0.32207160252632056,-2.4839496703542063e-08,0.0,0.0,0.0003493923060078588,-0.6815430545379793,1.2332976916416838,-0.2011309164119526,-0.261151286627499,-0.1360896437509312,90,0.0761180652817348,0.5,-0.003753791632738689,-0.05282458236866631,-0.2207363030495148,-125.09158871,-0.1495953261279773,52.52,-0.4562386033890532,1658880,0.0,-0.6862171929417428,0.0003,0.7699346542358398,1.0028116703033447,33610,-0.006265871309941369,0.2,0.042685684,0.36002022879464285,13.053647245679583,5.948723793029785,-34.089081627982004
0.0,0.0,-9.309492179551581e-05,-0.12918583451902882,0.0,550,0.01,0.65,3046,0.958528,0.0,-0.3345574078215353,-2.2207221556424942e-08,0.0,0.0,0.0005208332052764794,-0.6728855124822307,1.2388110290506715,-0.18799006720559897,-0.2616239869726169,-0.12716428217965695,91,0.08176607648001272,0.5,-0.0023866061544847777,-0.045535713702285076,-0.2316817019523135,-125.81903843999997,-0.15321463894444695,54.41,-0.4497526811609122,1677312,0.0,-0.6978935476661622,0.0003,0.7776589393615723,1.0013452768325806,33612,0.0006189685340763794,0.2,0.038806893,0.2995062934027778,12.92717785305447,6.072647571563721,-34.07051467895508
0.0,0.0,-0.0014065094657461823,-0.1377291735721724,0.0,556,0.01,0.65,3046,0.9580672,0.0,-0.3300922136887239,-2.262444857603725e-08,0.0,0.0,0.0005609808108096735,-0.6755204117872206,1.2411742254099607,-0.19631622954272754,-0.2621571813357704,-0.1285105367042696,92,0.0833924868032105,0.5,-0.0034770994243444875,-0.05054444043641045,-0.23404881478511413,-124.40664010000002,-0.15033111703803648,52.4,-0.44902503585291037,1695744,0.0,-0.694813411907033,0.0003,0.7881243228912354,1.0014289617538452,33615,-0.006333971459587867,0.2,0.04668483,0.3050870028409091,12.896858995611018,6.046464443206787,-34.071530775590375
0.0,0.0,-0.00022959371576407794,-0.13531152328017093,0.0,562,0.01,0.65,3046,0.9576064,0.0,-0.32595982476066343,-2.112421380483307e-08,0.0,0.0,0.0005392794781881901,-0.6701060493815216,1.251405999535481,-0.20223150315022373,-0.2626849299467225,-0.13221874665251282,93,0.08392284332545424,0.5,-0.003492832880712942,-0.05054564659975613,-0.23339040869488537,-127.07786677,-0.14991570656664302,57.38,-0.44906768823550614,1714176,0.0,-0.6891477925030451,0.0003,0.8047667145729065,1.0024549961090088,33619,-0.015401921540615149,0.2,0.05167244,0.3433990478515625,11.93152666091919,5.253679275512695,-34.080153465270996
0.0,0.0,-0.0014704331279826216,-0.1395470271742039,0.0,568,0.01,0.65,3047,0.9571456,0.0,-0.33363682859740096,-2.246552641510315e-08,0.0,0.0,0.0007107204744695789,-0.6662400984387713,1.2466802486619921,-0.18467577573316513,-0.26255742477917904,-0.1316946114176868,94,0.0864493016290237,0.5,-0.0023795533682762957,-0.047288957143600735,-0.23903519003341264,-124.37799534999998,-0.15124374003317154,52.08,-0.4481107660310966,1732608,0.0,-0.6820204508882649,0.0003,0.7604466080665588,1.0006165504455566,33620,0.015148253366351127,0.2,0.024987508,0.2615234375,15.34360237121582,8.557868003845215,-34.06094207763672
0.0,0.0,-0.0008825553350852099,-0.13890767681789123,0.0,574,0.01,0.65,3047,0.9566848,0.0,-0.3271333351723305,-2.122379066310884e-08,0.0,0.0,0.0005251735080188761,-0.6845476198444612,1.295305225077576,-0.21619868750686855,-0.2629505541777078,-0.13947146351997539,95,0.08119852517595474,0.5,-0.0034049421859284243,-0.05746756555478579,-0.2333847377175578,-128.40116509,-0.149308765931064,59.25,-0.45907882796111465,1751040,0.0,-0.6783985755510501,0.0003,0.7902244329452515,1.002087950706482,33623,-0.017025296948850153,0.2,0.04222227,0.30789388020833336,12.838919639587402,5.761408805847168,-34.07771606445313
0.0,0.0,-0.0002729426743257083,-0.1460166893221837,0.0,580,0.01,0.65,3047,0.956224,0.0,-0.340754671472119,-2.2105187826212174e-08,0.0,0.0,0.000694444406286089,-0.6694169373223477,1.2707034109556565,-0.1836368587825943,-0.2627397921999215,-0.12941168278877435,96,0.08941461978681209,0.5,-0.0017762556752940225,-0.04801023793188021,-0.24665745048956975,-127.86651957999999,-0.153373690314426,57.23,-0.4479342393298436,1769472,0.0,-0.6972986882754635,0.0003,0.787652850151062,1.0026050806045532,33627,-0.013805891154333949,0.2,0.047954317,0.3477020263671875,14.342999458312988,6.701626300811768,-34.08458471298218
0.0,0.0,-0.00010450019663231134,-0.1390609699152317,0.0,586,0.01,0.65,3047,0.9557632,0.0,-0.335091692754766,-2.3986138096359366e-08,0.0,0.0,0.0005642360160385983,-0.6685508887896543,1.282877818612005,-0.1874064348300675,-0.26285060769493446,-0.1366180999348322,97,0.08727040654704755,0.5,-0.002040469519367131,-0.04827804226412838,-0.2427415613325291,-124.71557532000001,-0.15203255797649717,54.01,-0.4496738848152258,1787904,0.0,-0.6909761564499798,0.0003,0.7799431681632996,1.0023430585861206,33631,-0.017542192013934255,0.2,0.04756456,0.3191986083984375,14.29377543926239,6.7528791427612305,-34.08237552642822
0.0,0.0,-0.0006573854116853153,-0.14540367814684257,0.0,592,0.01,0.65,3047,0.9553024,0.0,-0.330375410888293,-2.1893973118511422e-08,0.0,0.0,0.0005978732402177735,-0.6910087523020839,1.30065910576087,-0.21018459134851533,-0.26298279257170065,-0.14091147479364788,98,0.08644216709163434,0.5,-0.0025515365592178162,-0.056485959091237374,-0.2383991397140058,-126.84588865999999,-0.15000079008154554,57.77,-0.4590065901880218,1806336,0.0,-0.6837544998319425,0.0003,0.7976888418197632,1.0022752285003662,33634,-0.01629379840257267,0.2,0.042077452,0.32469075520833335,13.128074264526367,5.955958843231201,-34.08038864135742
0.0,0.0,-0.00021280131534772166,-0.1417187502622523,0.0,598,0.01,0.65,3047,0.9548416,0.0,-0.32608693682357637,-2.458043844758157e-08,0.0,0.0,0.0005523002958701303,-0.6911908150587481,1.3195283859260172,-0.21404346621629067,-0.2627258937614923,-0.14266200597926137,99,0.08468507405485383,0.5,-0.0031173992206782308,-0.05755545409483904,-0.2330734700152338,-126.90422647999999,-0.14827540914266202,58.63,-0.45364937747615325,1824768,0.0,-0.6767797364511074,0.0003,0.8182106018066406,1.0021167993545532,33637,-0.010383089431203328,0.2,0.040524628,0.307373046875,12.547610723055326,5.818244457244873,-34.0791628910945
0.0,0.0,-0.0003923782009644764,-0.14189219751355922,0.0,604,0.01,0.65,3047,0.9543808,0.0,-0.34214883318798517,-2.3135308895776905e-08,0.0,0.0,0.0006163193546752962,-0.6807663654373596,1.3015141099617944,-0.19131712516993385,-0.2627608367590496,-0.13386421918547564,100,0.08926376302476019,0.5,-0.0032541179227539236,-0.050485799727259056,-0.24487152927344524,-122.14332362999998,-0.15317031956762078,51.5,-0.45448506572325226,1843200,0.0,-0.6940777745786328,0.0003,0.826249361038208,1.0019290447235107,33640,-0.009796420577913523,0.2,0.040623292,0.305419921875,12.545258113316127,5.544929504394531,-34.07652364458357
0.0,0.0,-0.0003448392904569029,-0.14179894775486168,0.0,610,0.01,0.65,3047,0.95392,0.0,-0.324034345591962,-2.2129913311521346e-08,0.0,0.0,0.0004481336282980111,-0.7064822235966841,1.3276442745363493,-0.2183940316904393,-0.26256837512953457,-0.14542216132897556,101,0.0834157260888757,0.5,-0.0033805281806659573,-0.058098726337222906,-0.23284243457355983,-125.08813305,-0.14682309646474878,55.66,-0.4636023629569559,1861632,0.0,-0.6820353406951626,0.0003,0.7885125875473022,1.001890778541565,33644,-0.017703683508443646,0.2,0.045549747,0.32220458984375,14.501203954219818,6.554309368133545,-34.07707905769348
0.0,0.0,-0.00021344532646294084,-0.14012195974020084,0.0,616,0.01,0.65,3047,0.9534592,0.0,-0.3284366514600825,-2.253874193992904e-08,0.0,0.0,0.00041232633844224945,-0.7111479629333068,1.3296088151846006,-0.2205196706183825,-0.26266648831965,-0.1427841561737432,102,0.08405771045567846,0.5,-0.005107956631238469,-0.05831669745054158,-0.233399249603082,-126.10245267,-0.14875775231343594,56.34,-0.4610124652803116,1880064,0.0,-0.6873695753835471,0.0003,0.8266165852546692,1.001900315284729,33648,-0.02118255360983312,0.2,0.04187254,0.3212890625,12.717689180374146,5.460909843444824,-34.07496604919434
0.0,0.0,-2.7917614802864194e-05,-0.1437467367772059,0.0,622,0.01,0.65,3047,0.9529984,0.0,-0.3278673230640059,-2.380368379487321e-08,0.0,0.0,0.00047092006490048434,-0.6953714007893209,1.3213169159216613,-0.19773844976444016,-0.2624626529224841,-0.14368680980275295,103,0.08770182225275187,0.5,-0.0036859747956946697,-0.05416874690616719,-0.23554743300337652,-122.51343093,-0.1485101269631103,53.12,-0.4522713348168439,1898496,0.0,-0.6898278579131567,0.0003,0.8149454593658447,1.001326322555542,33652,-0.019278820097336873,0.2,0.044276908,0.32986270680147056,13.472943698658662,5.947154521942139,-34.068625057444855
0.0,0.0,-0.00012841469931684305,-0.14068066516562658,0.0,629,0.01,0.65,3047,0.9525376,0.0,-0.3301651465629253,-2.1460703207329264e-08,0.0,0.0,0.00048719612661645643,-0.705562481546208,1.3380433236508482,-0.2182060071553814,-0.26277495144556334,-0.1446294383722122,104,0.08695555871871136,0.5,-0.003245979804584446,-0.05727310272321324,-0.23064840748306756,-122.57834324,-0.14834674501952605,53.59,-0.4541188724228632,1916928,0.0,-0.6931730097655766,0.0003,0.7994946241378784,1.0014331340789795,33656,-0.018278240471974842,0.2,0.04517028,0.3286675347222222,15.508085091908773,7.493257999420166,-34.06832949320475
0.0,0.0,-0.00026225147144505386,-0.1460786083748677,0.0,635,0.01,0.65,3047,0.9520768,0.0,-0.33405195497011453,-2.1167969936791892e-08,0.0,0.0,0.0005436197065541314,-0.706615542838668,1.3475875453357316,-0.21143508228792612,-0.26216648010286153,-0.14478698580823698,105,0.08764278859265295,0.5,-0.003512364137956562,-0.057359282278918476,-0.23495248965860746,-125.92079482999998,-0.14922565654400025,58.84,-0.4521231992055882,1935360,0.0,-0.6921095057302605,0.0003,0.8217391967773438,1.0020594596862793,33660,-0.021075139404274523,0.2,0.036469974,0.31680908203125,13.875674724578857,6.0730485916137695,-34.07400112152099
0.0,0.0,-0.00046836645894191616,-0.14588484353180953,0.0,641,0.01,0.65,3047,0.951616,0.0,-0.32811648958889666,-2.2273653972050077e-08,0.0,0.0,0.00040364581703518826,-0.7110824179651116,1.3658370889199087,-0.21718032720550548,-0.2629810246702102,-0.15297101850591163,106,0.08725444265233334,0.5,-0.0033571994782606554,-0.05916850519824773,-0.2285042611899385,-124.98127113999999,-0.14681955211103379,57.7,-0.4572674948180415,1953792,0.0,-0.6866925192396872,0.0003,0.8161293268203735,1.0024774074554443,33664,-0.023935826658271254,0.2,0.042156518,0.33433837890625,14.39581789970398,6.6231689453125,-34.08139572143555
0.0,0.0,-0.00023106674714137772,-0.14281153692249224,0.0,647,0.01,0.65,3047,0.9511552,0.0,-0.3262803158001744,-2.207575960626692e-08,0.0,0.0,0.00040690101579659514,-0.7059780027180822,1.3681366871331664,-0.2165321165873598,-0.2628317091466644,-0.15541079810960629,107,0.08791690238043849,0.5,-0.004221998436454062,-0.057063546275847754,-0.22827438709081754,-122.90416079999999,-0.14732041878689378,56.03,-0.4573506340864484,1972224,0.0,-0.6882545528209387,0.0003,0.8273395299911499,1.0025205612182617,33668,-0.024550079135224223,0.2,0.039911292,0.32799072265625,14.612455320358276,6.621639728546143,-34.082886123657225
0.0,0.0,-0.00035189473875700463,-0.14828070278579783,0.0,653,0.01,0.65,3047,0.9506944,0.0,-0.33429622015635496,-2.449946898332753e-08,0.0,0.0,0.0004470485598883695,-0.6949832130088303,1.3567870138612683,-0.20366920488333246,-0.2621702972584445,-0.1433398119360755,108,0.08966822783421209,0.5,-0.002944330990430899,-0.05369538232182442,-0.2298780991186097,-124.26416128000001,-0.15009263672998754,55.5,-0.450582568441027,1990656,0.0,-0.6835620709485302,0.0003,0.8312292098999023,1.002290964126587,33672,-0.019883719575591385,0.2,0.036496885,0.3,14.035282516479493,6.506196022033691,-34.08108558654785
0.0,0.0,-7.874362167328519e-05,-0.1519902918076268,0.0,659,0.01,0.65,3046,0.9502336,0.0,-0.3308914114041413,-2.2886960127918127e-08,0.0,0.0,0.0005837672959185309,-0.723802288843041,1.3787670677671826,-0.22708855480517715,-0.262479501120636,-0.1484923310550133,109,0.08823291786665702,0.5,-0.0037179843412660477,-0.06086575901914405,-0.23157207269473531,-125.42921995,-0.14722880219426765,59.04,-0.4629077519402307,2009088,0.0,-0.6890625613682462,0.0003,0.8168416023254395,1.0026395320892334,33676,-0.0214034172706306,0.2,0.03835491,0.3197021484375,14.861830043792725,6.955071926116943,-34.08363418579101
0.0,0.0,-0.00037201618097336306,-0.14888871205338622,0.0,665,0.01,0.65,3046,0.9497728,0.0,-0.3274840165765444,-2.7591189365410377e-08,0.0,0.0,0.0004329426834980647,-0.7147490842387616,1.3567820533023842,-0.2162636354067219,-0.26197457894982057,-0.14808082760064273,110,0.08881136544569838,0.5,-0.0034982581597028505,-0.059364671263816136,-0.22499219840738302,-123.18659253,-0.14737312126883303,54.94,-0.4585489745131913,2027520,0.0,-0.6882960624868795,0.0003,0.8383000493049622,1.0021028518676758,33680,-0.021941941627301276,0.2,0.03564719,0.2841552734375,14.025189876556396,6.07614278793335,-34.077670669555665
0.0,0.0,-0.00011871111128173775,-0.14910843745147687,0.0,671,0.01,0.65,3046,0.949312,0.0,-0.33740572809680675,-2.184965169914321e-08,0.0,0.0,0.0004774305432672716,-0.7039011010185178,1.3925940992746677,-0.19177172272916454,-0.2619345486228304,-0.14872518910469726,111,0.09270822902654038,0.5,-0.00268988271515506,-0.051231147260512123,-0.22989449927457054,-121.56282827,-0.15106365073185632,54.66,-0.4509504171343582,2045952,0.0,-0.6937631106076799,0.0003,0.8140953779220581,1.0020248889923096,33684,-0.019446803140453994,0.2,0.03848835,0.30269775390625,15.568001556396485,7.351027488708496,-34.07727603912353
0.0,0.0,-5.854109919940198e-05,-0.15168904980840156,0.0,677,0.01,0.65,3046,0.9488512,0.0,-0.3389983887388951,-2.309533300999104e-08,0.0,0.0,0.0005501301784534007,-0.7087834229310602,1.400268095095851,-0.21661920101716986,-0.26232735899349024,-0.15141361788181934,112,0.09085413001286359,0.5,-0.0026405119246596265,-0.06127561990607988,-0.2328028663778288,-124.60897643,-0.14915183077998,59.43,-0.4511110180519883,2064384,0.0,-0.6846235402623234,0.0003,0.8104140162467957,1.0022304058074951,33688,-0.026257713255472482,0.2,0.03542839,0.29569091796875,16.153234672546386,7.182027339935303,-34.07866916656494
0.0,0.0,-0.0002468101741090893,-0.15595780137307333,0.0,683,0.01,0.65,3046,0.9483904,0.0,-0.3339469253859192,-2.1243677501903412e-08,0.0,0.0,0.0005099826181928316,-0.7178000164994648,1.4119391291501235,-0.2225148663257854,-0.26229148452645323,-0.14701302302524774,113,0.09162447912377131,0.5,-0.004112949381427218,-0.06017982601796249,-0.2299384400030292,-123.03676002999998,-0.14681430380863478,56.95,-0.4593083096212694,2082816,0.0,-0.6878621456704734,0.0003,0.8381897807121277,1.0019608736038208,33692,-0.02278520246036351,0.2,0.04112144,0.30784912109375,14.329223251342773,6.410190582275391,-34.07814521789551
0.0,0.0,-0.0006590089849256112,-0.15502992045162936,0.0,689,0.01,0.65,3046,0.9479296,0.0,-0.33190447573521126,-2.2347364804564772e-08,0.0,0.0,0.0005099825955565191,-0.7021259078691805,1.4037151478120318,-0.20971057214766764,-0.2625641865967006,-0.15319129394832745,114,0.09316586849454689,0.5,-0.0032671386127023855,-0.05745106645790881,-0.2331262949407673,-121.27256562000001,-0.14768913702318176,56.61,-0.4531457831646477,2101248,0.0,-0.6764730996203765,0.0003,0.8277512788772583,1.0016697645187378,33696,-0.022556869499385356,0.2,0.038611077,0.32166748046875,15.569950771331786,7.444042205810547,-34.073394012451175
0.0,0.0,-0.0008165579870695227,-0.1617985010273653,0.0,695,0.01,0.65,3045,0.9474688,0.0,-0.32879735574988767,-2.2181920354328398e-08,0.0,0.0,0.0005262586605062501,-0.7095385722772688,1.4158007984989036,-0.21626504277362651,-0.2627443225699956,-0.15964606644428542,115,0.09357451114389918,0.5,-0.00457084766175184,-0.06623458660342198,-0.2317009072057966,-123.59794487999997,-0.14675310175095016,59.56,-0.45102912306605236,2119680,0.0,-0.6901612905958502,0.0003,0.8210246562957764,1.0022773742675781,33700,-0.023840633302461355,0.2,0.03538419,0.2883544921875,17.542970275878908,8.012886047363281,-34.07892532348633
0.0,0.0,-0.0011685837332033767,-0.1577887745851181,0.0,701,0.01,0.65,3045,0.947008,0.0,-0.34328772881324443,-2.2528161689121796e-08,0.0,0.0,0.0005805121133259187,-0.6883878017126385,1.401527458839538,-0.1825229592988255,-0.26216684476174984,-0.14649719110888074,116,0.09695946062667232,0.5,-0.003342008798628942,-0.051286843934158693,-0.23776214439704343,-121.64962920999999,-0.1507013035407531,58.29,-0.44848895586686194,2138112,0.0,-0.6873464163900369,0.0003,0.8469095230102539,1.0023001432418823,33704,-0.024183190893381834,0.2,0.034960628,0.29044189453125,15.375206184387206,7.583187103271484,-34.07959747314453
0.0,0.0,-0.0001002617813413268,-0.16070533422351624,0.0,708,0.01,0.65,3045,0.9465472,0.0,-0.3401472286975059,-2.250275521819011e-08,0.0,0.0,0.0007172308881611874,-0.7004443233368283,1.4098766053599958,-0.2052535278133537,-0.26248761192348724,-0.15457765997689366,117,0.09526549057795829,0.5,-0.003571500251483586,-0.05839734394560095,-0.2331015025562657,-123.13235631000002,-0.1489630334566511,57.89,-0.45240797585962994,2156544,0.0,-0.6888162800141389,0.0003,0.8326093554496765,1.0015501976013184,33708,-0.023094326141290367,0.2,0.031648852,0.28179931640625,16.700320053100587,7.3747053146362305,-34.070909881591795
0.0,0.0,-0.0022632244254652545,-0.15951076233121644,0.0,714,0.01,0.65,3045,0.9460864,0.0,-0.32914882691630143,-2.1281010676512516e-08,0.0,0.0,0.0005154079279034502,-0.718765008830823,1.4293908656729881,-0.22612893961843905,-0.2630609771336782,-0.14951132240181783,118,0.08983419758971856,0.5,-0.004548603977632916,-0.06382107786659469,-0.23069935068004854,-122.79552990999998,-0.1460618070147951,58.84,-0.4545897271446368,2174976,0.0,-0.6847141913255211,0.0003,0.848993182182312,1.0020122528076172,33712,-0.023010273813270032,0.2,0.031820506,0.29041748046875,14.929448175430299,7.1612229347229,-34.076776313781735
0.0,0.0,-0.0001101956495195092,-0.16030053554513823,0.0,720,0.01,0.65,3045,0.9456256,0.0,-0.3420260713044062,-1.9930209399694477e-08,0.0,0.0,0.0004937065855806901,-0.7059910093006999,1.4380491549360142,-0.20270427906557772,-0.26269188864447757,-0.15176769664628675,119,0.09694641897930818,0.5,-0.0037082189163710508,-0.05695146286193805,-0.2385611623199727,-120.72571023999998,-0.15029991581250007,58.18,-0.4481769118343565,2193408,0.0,-0.6881570185872427,0.0003,0.8329609632492065,1.0012314319610596,33716,-0.02214200523449108,0.2,0.033530977,0.29459228515625,17.02494897842407,7.6933088302612305,-34.06663093566895
0.0,0.0,-5.406101884335298e-05,-0.1657005431756725,0.0,726,0.01,0.65,3045,0.9451648,0.0,-0.33473468165104847,-2.166738941136638e-08,0.0,0.0,0.0006445312497412993,-0.702533012082531,1.43016925500328,-0.2110295854124603,-0.26304031629433944,-0.14965950675864345,120,0.09954711365251952,0.5,-0.003793396783294156,-0.0604548778919664,-0.23734629655949885,-124.07186517999999,-0.1486082003889945,61.26,-0.4468756316583874,2211840,0.0,-0.6926890936697961,0.0003,0.8437937498092651,1.001147985458374,33720,-0.02150792407337576,0.2,0.032213923,0.28653564453125,16.23758463859558,7.537001609802246,-34.06198902130127
0.0,0.0,-0.00020279492479804973,-0.16517459435572543,0.0,732,0.01,0.65,3044,0.944704,0.0,-0.33631184494153493,-2.109577882719387e-08,0.0,0.0,0.0007020398980886158,-0.7146307989420957,1.4499371424839718,-0.21705645631024878,-0.26278072403180774,-0.15408939463789628,121,0.09726460718308379,0.5,-0.003359369527768447,-0.06296211167644762,-0.23348175369955598,-123.89468892999999,-0.14813472113157425,61.45,-0.4524930726223524,2230272,0.0,-0.6930348753318961,0.0003,0.853195309638977,1.0016818046569824,33724,-0.023504895437508822,0.2,0.03043234,0.2789794921875,16.038136196136474,7.078369617462158,-34.06945400238037
0.0,0.0,-0.00018437865571194163,-0.16682858264034542,0.0,738,0.01,0.65,3044,0.9442432,0.0,-0.3364044284971032,-2.256048931808011e-08,0.0,0.0,0.000875650960046591,-0.7280110113529947,1.4853342541966692,-0.2210782473785342,-0.2630108284412214,-0.1579807566357104,122,0.09743771166727382,0.5,-0.004217658476490114,-0.06535142991395117,-0.2358393586398965,-122.24538281999999,-0.14707091845393486,61.38,-0.4487336852214551,2248704,0.0,-0.6946762545622225,0.0003,0.8664601445198059,1.0015137195587158,33728,-0.02399822525912896,0.2,0.040330388,0.313818359375,14.955145263671875,6.962586402893066,-34.069976806640625
0.0,0.0,-0.00023339923998882582,-0.16416412689115908,0.0,744,0.01,0.65,3044,0.9437824,0.0,-0.34163704738517403,-2.0644622201393706e-08,0.0,0.0,0.00049045139652056,-0.7518237898373722,1.5134148922008723,-0.23619394489511075,-0.2635846947814477,-0.15760373562231902,123,0.09468414723965904,0.5,-0.003914381956241818,-0.064451728449969,-0.2359658628326546,-122.90519445000001,-0.1477499170794357,61.8,-0.4601482320848658,2267136,0.0,-0.6932335760220455,0.0003,0.8598424196243286,1.0015631914138794,33732,-0.014657485292991624,0.2,0.034676418,0.3151123046875,16.106174993515015,8.028343200683594,-34.06789627075195
0.0,0.0,-0.0013117584823214073,-0.1640081912750365,0.0,750,0.01,0.65,3044,0.9433216,0.0,-0.346816530777261,-2.1470876786842774e-08,0.0,0.0,0.0007085503085464654,-0.7050816808313116,1.4517882996547717,-0.19559223810363335,-0.2626512528451348,-0.15332498129899064,124,0.10063225568498455,0.5,-0.0033550295904408107,-0.05674699702696633,-0.2439888724267282,-120.77875852,-0.15099244418978308,59.34,-0.4440929936841339,2285568,0.0,-0.693631237664164,0.0003,0.8665279150009155,1.0012843608856201,33736,-0.022545816435012966,0.2,0.031027222,0.285205078125,16.327196455001832,7.942161560058594,-34.067955017089844
0.0,0.0,-0.00011839250227039327,-0.1635735185907135,0.0,756,0.01,0.65,3044,0.9428608,0.0,-0.3400099899634615,-2.066207971065282e-08,0.0,0.0,0.0003862847030783693,-0.7329385303919604,1.514484343791165,-0.21047749272666558,-0.26301725370584195,-0.15846275610448898,125,0.09782507926723513,0.5,-0.0024858899834928,-0.058184288711711454,-0.23271892304317485,-122.38302728000002,-0.14932748897552306,64.15,-0.44670772369171313,2304000,0.0,-0.6999561764600079,0.0003,0.8509499430656433,1.00145423412323,33740,-0.024393399781547486,0.2,0.03222339,0.290869140625,17.155161666870118,7.882723331451416,-34.06719970703125
0.0,0.0,-0.0004470636359499515,-0.15899997567217167,0.0,762,0.01,0.65,3044,0.9424,0.0,-0.3483465757227006,-2.1628716756806154e-08,0.0,0.0,0.0006901041035436922,-0.7323916096641114,1.5096388029924972,-0.2079111432367031,-0.2632055228611047,-0.15163235665513847,126,0.10033720678478021,0.5,-0.0034564832797817266,-0.05682171425319524,-0.24055093934000643,-119.66293926000002,-0.1511997263306818,57.49,-0.4477558596930791,2322432,0.0,-0.7065421978110933,0.0003,0.869875967502594,1.0020354986190796,33744,-0.02445304300636053,0.2,0.03209334,0.27562255859375,15.39274196624756,7.439014911651611,-34.0741189956665
0.0,0.0,-0.0001398174323201062,-0.16208534134535577,0.0,769,0.01,0.65,3043,0.9419392,0.0,-0.33787723284968757,-2.0247759422439097e-08,0.0,0.0,0.0006325954519626168,-0.7333271179485584,1.5186610493285264,-0.21368598955895107,-0.26316722454356756,-0.1582263935817068,127,0.09908780272513193,0.5,-0.0038981058524869797,-0.06121273486290732,-0.24046722890895314,-122.66901646000001,-0.14862749980158946,63.58,-0.4485899985170566,2340864,0.0,-0.704245218088086,0.0003,0.8528449535369873,1.0019590854644775,33748,-0.024383766227401793,0.2,0.03317195,0.2807373046875,17.769600677490235,8.226568222045898,-34.076771926879886
0.0,0.0,-0.00017742149236637367,-0.16516672442036126,0.0,775,0.01,0.65,3043,0.9414784,0.0,-0.3430377601622208,-2.0165941209881722e-08,0.0,0.0,0.0005501301525833292,-0.7559653149489769,1.5445948808547536,-0.23860422431338701,-0.2634427903568588,-0.1569024692109024,128,0.09589264698439308,0.5,-0.002621523046400398,-0.06632962068223713,-0.23564297689483638,-122.54221173000002,-0.14845232072002604,63.57,-0.4513350218736025,2359296,0.0,-0.6935553709112603,0.0003,0.8637580275535583,1.0018706321716309,33752,-0.023936119640711694,0.2,0.033041738,0.27774658203125,16.59298629760742,7.595926284790039,-34.07406005859375
0.0,0.0,-0.0007846096756096721,-0.16908414228695912,0.0,781,0.01,0.65,3043,0.9410176,0.0,-0.33683872538706294,-1.960676926673178e-08,0.0,0.0,0.0007052951324213711,-0.7571575630128792,1.5494203092459005,-0.23150004644742694,-0.2633318423888153,-0.15817152096840814,129,0.09806111930606423,0.5,-0.003622498495840571,-0.06775714166616481,-0.23457994614855096,-121.15718172999999,-0.1466345243912971,61.68,-0.45205047650120217,2377728,0.0,-0.6979976160931569,0.0003,0.8725851774215698,1.0025379657745361,33756,-0.023440896277315916,0.2,0.029399633,0.26407470703125,16.021896362304688,7.036647796630859,-34.08194713592529
0.0,0.0,-0.0002657357209371348,-0.17298132456732757,0.0,787,0.01,0.65,3043,0.9405568,0.0,-0.3431358475348924,-2.088098521430378e-08,0.0,0.0,0.0007530381521468775,-0.7379451439688945,1.5424086151989662,-0.22479943003040187,-0.2635435768117786,-0.1565983448934084,130,0.10010731574227004,0.5,-0.0021967194463488543,-0.06301124956982183,-0.24013744710634885,-120.48039714000002,-0.14877992773792165,63.85,-0.44272247598525927,2396160,0.0,-0.6994380970243157,0.0003,0.8607662320137024,1.0021183490753174,33760,-0.021451584389433266,0.2,0.028467115,0.26212158203125,19.00506935119629,8.662601470947266,-34.07833251953125
0.0,0.0,-0.00028084697238502717,-0.17235344211060644,0.0,793,0.01,0.65,3043,0.940096,0.0,-0.3411420857489739,-2.195860354638798e-08,0.0,0.0,0.0008170572077182846,-0.7344480134836444,1.5404582816648609,-0.21351218217572185,-0.2635722842904642,-0.15606833696969222,131,0.10229625624972581,0.5,-0.0022292711687946897,-0.06379622521751203,-0.24038509574995526,-121.89356569999998,-0.14981832152018926,62.44,-0.44343869073853337,2414592,0.0,-0.7008809484815041,0.0003,0.8660638928413391,1.0014052391052246,33764,-0.022238975774962456,0.2,0.031034773,0.271142578125,17.796915817260743,8.903203010559082,-34.07088069915771
0.0,0.0,-0.0009140989024169813,-0.1765914984364095,0.0,799,0.01,0.65,3043,0.9396352,0.0,-0.34641051833017467,-2.1481055706198903e-08,0.0,0.0,0.0009353298131221285,-0.7534229791671458,1.569765974780902,-0.22359938849528968,-0.26364914428406416,-0.15562004164131898,132,0.10551836966129655,0.5,-0.0027430511238182792,-0.0679959198934388,-0.24987354311772433,-119.57082956999999,-0.14947552887188043,59.98,-0.4386114916050269,2433024,0.0,-0.6996102067778458,0.0003,0.8538625836372375,1.0017845630645752,33768,-0.02044691031333059,0.2,0.031766005,0.26748046875,19.306373023986815,8.451595306396484,-34.07173519134521
0.0,0.0,-0.0015788501727781517,-0.16470456884726364,0.0,805,0.01,0.65,3043,0.9391744,0.0,-0.35187526642507533,-2.475354416274226e-08,0.0,0.0,0.000678168389842742,-0.7369811784653741,1.5804171054334628,-0.2140246641260599,-0.26334232940713936,-0.15971225122991542,133,0.1047803809890316,0.5,-0.002970372781015208,-0.0615725366372859,-0.24439597273859132,-118.70876595,-0.15079391473768478,63.46,-0.43926181671600006,2451456,0.0,-0.7031552220375807,0.0003,0.8541664481163025,1.001537799835205,33772,-0.02044863752089441,0.2,0.026190436,0.23743896484375,19.22607841491699,8.447043418884277,-34.06943187713623
0.0,0.0,-0.0008909732202819323,-0.17288519262579247,0.0,811,0.01,0.65,3043,0.9387136,0.0,-0.3443116104833177,-2.0470865207773633e-08,0.0,0.0,0.0010036892490461469,-0.7565615305815863,1.5818756303794885,-0.22351725754465118,-0.2638532638732365,-0.1562729625515037,134,0.10427088535990617,0.5,-0.0030528378184600216,-0.06602215230425897,-0.24620664465579375,-118.87593428999999,-0.14866248050196684,61.33,-0.44424495512252515,2469888,0.0,-0.7059093274438113,0.0003,0.8468509316444397,1.0013236999511719,33776,-0.020831942604854704,0.2,0.027588647,0.2627197265625,20.923427963256835,9.196480751037598,-34.06755599975586
0.0,0.0,-0.00044313935648977856,-0.1684297565292242,0.0,817,0.01,0.65,3043,0.9382528,0.0,-0.3434926619779574,-2.0417265568134523e-08,0.0,0.0,0.0007052951033175406,-0.7468489919227826,1.574517773229329,-0.22239443192270508,-0.2633230763244191,-0.15959168520788664,135,0.10094171217234911,0.5,-0.0030202855850802734,-0.06461598796300683,-0.24089656927835978,-117.69120887999999,-0.1482561045129114,62.05,-0.4422665269478108,2488320,0.0,-0.7031112921441787,0.0003,0.8576281070709229,1.0015949010849,33780,-0.019573608483187854,0.2,0.025727246,0.24737548828125,19.941543769836425,9.933414459228516,-34.06996116638184
0.0,0.0,-0.00170774002514872,-0.1768256762764354,0.0,823,0.01,0.65,3043,0.937792,0.0,-0.35853804417263535,-2.1680608906485314e-08,0.0,0.0,0.000864800285651452,-0.7030039258492589,1.563962781739685,-0.1834114504433978,-0.26345386397330883,-0.15319008716954852,136,0.11251091631153365,0.5,-0.0014946805976150143,-0.05713949082649757,-0.2525655754776961,-117.65078371999998,-0.15381654484295926,60.51,-0.42445608182922345,2506752,0.0,-0.7098360361498546,0.0003,0.8593229651451111,1.0020833015441895,33784,-0.02454350246116519,0.2,0.0358387,0.29761962890625,20.706878852844238,9.863277435302734,-34.077968978881835
0.0,0.0,-0.00030301090499079046,-0.17289259946343602,0.0,829,0.01,0.65,3043,0.9373312,0.0,-0.352341100727418,-2.372070600202225e-08,0.0,0.0,0.0009960936343607802,-0.717761838919755,1.5780752151139057,-0.1905445206829691,-0.2637725745988114,-0.1529930123969103,137,0.11209039365546948,0.5,-0.001742618528725062,-0.056436907521133534,-0.25123308136837574,-116.09520816,-0.1533174882907042,62.15,-0.4240108282269845,2525184,0.0,-0.7078024347851933,0.0003,0.836647093296051,1.001604437828064,33788,-0.02326909522525966,0.2,0.026501622,0.24619140625,22.976550006866454,9.98413372039795,-34.07259635925293
0.0,0.0,-0.0016776703274412167,-0.17877350033969067,0.0,835,0.01,0.65,3043,0.9368704,0.0,-0.3453958387220697,-2.1937341265770553e-08,0.0,0.0,0.0007128905660162369,-0.7429934264912618,1.590869293499668,-0.21374057733836316,-0.2635082316133748,-0.15766377755948657,138,0.10688374912456608,0.5,-0.0029405336164119136,-0.06386567805528455,-0.24407060991593255,-116.53479003999999,-0.14988094814970568,63.12,-0.43556992750524215,2543616,0.0,-0.706370442839859,0.0003,0.8761985898017883,1.001105785369873,33792,-0.022787229949608447,0.2,0.024972346,0.2241455078125,18.29219388961792,8.46102237701416,-34.067321395874025
0.0,0.0,-0.0014463118831135832,-0.16953836469736253,0.0,841,0.01,0.65,3043,0.9364096,0.0,-0.3417045489952385,-1.9852721129373605e-08,0.0,0.0,0.0006130642399916218,-0.7403763267373563,1.6048855015903598,-0.21940802266646509,-0.2641727356359411,-0.16580487179837236,139,0.10375121411467311,0.5,-0.0025938540865253243,-0.06254614270789824,-0.2404989295437934,-118.23778789999999,-0.14763967054572835,65.65,-0.44153380594385677,2562048,0.0,-0.7073922866512571,0.0003,0.8710364699363708,1.0015344619750977,33796,-0.022825898416340352,0.2,0.028959397,0.27138671875,19.506180381774904,9.354137420654297,-34.06730728149414
0.0,0.0,-0.000772455731424521,-0.17380139201361777,0.0,848,0.01,0.65,3042,0.9359488,0.0,-0.34990960777793945,-2.0987854967969078e-08,0.0,0.0,0.0007595485237996198,-0.7424630101112347,1.603900183365899,-0.22201180565468134,-0.2637371747989793,-0.15802620140099427,140,0.1054263235572895,0.5,-0.0035736706955099683,-0.06355561006662828,-0.24347433943475424,-119.48328396,-0.15095007622485987,64.45,-0.43780233380957456,2580480,0.0,-0.7126483816204208,0.0003,0.8728719353675842,1.001662015914917,33800,-0.024453056830679998,0.2,0.02977781,0.28314208984375,20.16886177062988,9.153918266296387,-34.072869300842285
0.0,0.0,-0.0006920746658675792,-0.16756733616111677,0.0,854,0.01,0.65,3042,0.935488,0.0,-0.3470386354500776,-1.9522705966551673e-08,0.0,0.0,0.0005859374424390909,-0.7365450441615911,1.611065831623663,-0.2024848232359144,-0.26353994516781165,-0.16227756188963477,141,0.10618748390467297,0.5,-0.0030794219573080125,-0.05749669391569163,-0.24249339092284888,-116.54168454999999,-0.1514713990963979,62.61,-0.4360870907968058,2598912,0.0,-0.7089232291569771,0.0003,0.8798499703407288,1.0016276836395264,33804,-0.02157887094654143,0.2,0.030369168,0.28507080078125,19.345962238311767,9.190765380859375,-34.07026977539063
0.0,0.0,-0.001117341799268672,-0.16598365406328527,0.0,860,0.01,0.65,3042,0.9350272,0.0,-0.3404977327422951,-2.0892402404353424e-08,0.0,0.0,0.0005088975142118417,-0.7528114672108065,1.6334703341028929,-0.21999763163240071,-0.2636633763517619,-0.1580656522052211,142,0.10425681623368706,0.5,-0.002344288551183935,-0.06057448378764195,-0.23830629012418825,-116.68764120000002,-0.14984316473734774,63.97,-0.4366800401706569,2617344,0.0,-0.7065208447125174,0.0003,0.8761658668518066,1.0016237497329712,33808,-0.02310992598067969,0.2,0.02925235,0.25302734375,19.285023593902586,7.845048904418945,-34.07312297821045
0.0,0.0,-0.00016460761344095268,-0.17294226239913887,0.0,866,0.01,0.65,3042,0.9345664,0.0,-0.35200889444236544,-1.962643791785023e-08,0.0,0.0,0.0007638888394770523,-0.7155214230766235,1.6076038480493073,-0.18472999228271578,-0.26317479050699016,-0.15042051016767904,143,0.11311801763456808,0.5,-0.0019737379706283617,-0.05210632631247391,-0.2515141512518204,-115.9267003,-0.15445406062327002,59.62,-0.4202894531181378,2635776,0.0,-0.719532794211744,0.0003,0.8566045165061951,1.001833200454712,33812,-0.021736377000343053,0.2,0.02937166,0.2548828125,23.611796283721922,10.908162117004395,-34.07478008270264
0.0,0.0,-0.002081157386719599,-0.1742082054655746,0.0,872,0.01,0.65,3042,0.9341056,0.0,-0.35751125407816675,-2.1616148290813414e-08,0.0,0.0,0.0007335068981370165,-0.7239602927186783,1.5974350774716821,-0.18362102572878278,-0.26334652032197114,-0.15285307055533048,144,0.11327864220318205,0.5,-0.0015977619995181966,-0.05359829064852392,-0.24969941268167029,-114.47372519000001,-0.15588987634703388,59.63,-0.41722775522530725,2654208,0.0,-0.7125718874291761,0.0003,0.8602097630500793,1.0016289949417114,33816,-0.022293852432630955,0.2,0.024640016,0.2357177734375,22.03963680267334,11.27951431274414,-34.07336025238037
0.0,0.0,-0.0005522510243642191,-0.17577101080331337,0.0,878,0.01,0.65,3042,0.9336447999999999,0.0,-0.3553285838711173,-2.056261398109865e-08,0.0,0.0,0.0009147135198064563,-0.7367046882625078,1.633114648108245,-0.21297529090248127,-0.26395518576673016,-0.15432784457931664,145,0.11133695839452863,0.5,-0.0033040310469611236,-0.06322537208415269,-0.2508090475523414,-114.83267818,-0.15305105104276845,64.03,-0.42799615979561734,2672640,0.0,-0.7071523854369759,0.0003,0.8734469413757324,1.0013506412506104,33820,-0.024189199082320555,0.2,0.025305908,0.22882080078125,20.58061761856079,10.282889366149902,-34.069404220581056
0.0,0.0,-0.00043563232389014553,-0.1715313357953968,0.0,884,0.01,0.65,3042,0.933184,0.0,-0.35797874515035333,-1.9831950014310882e-08,0.0,0.0,0.0007345919600791401,-0.7287623076472993,1.6284920340292064,-0.197500899162847,-0.2633066313339514,-0.15403057476902401,146,0.1093796862599695,0.5,-0.0015397108800243586,-0.05485679697669304,-0.2465654739899406,-115.48146059999999,-0.15489146698179007,60.86,-0.42487972790795203,2691072,0.0,-0.7124501539879634,0.0003,0.8799561262130737,1.0015945434570312,33824,-0.024623149912804364,0.2,0.028883029,0.25650634765625,20.09081268310547,9.08031940460205,-34.06984634399414
0.0,0.0,-0.0019942466366304526,-0.18112708420920112,0.0,890,0.01,0.65,3042,0.9327232,0.0,-0.3537192174122837,-2.3906298920137213e-08,0.0,0.0,0.0008268228880802377,-0.7121744270162156,1.6317650975308238,-0.1818743413609383,-0.26351357597099995,-0.1523742188942472,147,0.11714287079326552,0.5,-0.002180443470327494,-0.05402599387240351,-0.25032891780737,-111.69587258,-0.15413526140567502,59.74,-0.4125346695381465,2709504,0.0,-0.713685420768972,0.0003,0.8717614412307739,1.0010921955108643,33828,-0.023291731276549398,0.2,0.026656676,0.2502685546875,21.479677772521974,10.12702751159668,-34.066554641723634
0.0,0.0,-0.0009912548599587175,-0.17664699647800639,0.0,896,0.01,0.65,3042,0.9322624,0.0,-0.35439554334143075,-2.1851135915500104e-08,0.0,0.0,0.0008430989594974866,-0.7391624194803036,1.6329034968518443,-0.19636575992853242,-0.26393331150910204,-0.15463941228030686,148,0.11325216933993049,0.5,-0.002075191967176377,-0.05730990857091342,-0.2526388732529504,-113.53207561,-0.15305173725351007,61.44,-0.42698945655807324,2727936,0.0,-0.7082565605565729,0.0003,0.8582202196121216,1.0012320280075073,33832,-0.020812792342621834,0.2,0.023143489,0.24072265625,24.086948108673095,11.868009567260742,-34.0672966003418
0.0,0.0,-0.002751647259524894,-0.17792203599799952,0.0,902,0.01,0.65,3042,0.9318016,0.0,-0.35599274189887053,-2.302722726502212e-08,0.0,0.0,0.0008235676828513129,-0.738527420631044,1.6628474279840164,-0.19062016858432695,-0.2637518822156842,-0.15386930771815294,149,0.11555137437157272,0.5,-0.00250053859458098,-0.0573765808266958,-0.2544028325138005,-112.55326979999998,-0.15339013498471313,61.3,-0.41398926088367716,2746368,0.0,-0.7160830944304898,0.0003,0.864676833152771,1.0013718605041504,33836,-0.02189084650017321,0.2,0.022399392,0.22947998046875,24.0558198928833,11.817790031433105,-34.069579887390134
0.0,0.0,-0.0010461543234871933,-0.17764486871321677,0.0,908,0.01,0.65,3042,0.9313408,0.0,-0.3490140685772698,-1.9794408549827055e-08,0.0,0.0,0.0007063801749609411,-0.7319513742263256,1.6721564653607137,-0.19408824634546087,-0.2642689992095766,-0.15625680810836837,150,0.11521693530973123,0.5,-0.0016520152389097752,-0.05606741854812712,-0.24656813765063998,-113.10588048,-0.15289427246173312,62.33,-0.4217234307425169,2764800,0.0,-0.7201743288170998,0.0003,0.8699826002120972,1.0019185543060303,33840,-0.02261879782890901,0.2,0.021781337,0.21087646484375,22.336919021606445,10.195972442626953,-34.07387924194336
0.0,0.0,-0.0003556675802296881,-0.17422114669051822,0.0,914,0.01,0.65,3042,0.93088,0.0,-0.3527207264589464,-1.94493065856608e-08,0.0,0.0,0.000630425292507021,-0.7211035333587473,1.6399162674391432,-0.19807401060670593,-0.26420048606722213,-0.15307860691395295,151,0.11158352282753461,0.5,-0.001623803539486188,-0.05598270950964632,-0.24558914947949517,-113.93865531,-0.15363096210149985,63.15,-0.4222813777198873,2783232,0.0,-0.7120856415466431,0.0003,0.8675945997238159,1.0017882585525513,33844,-0.020315446867607535,0.2,0.024761606,0.2187744140625,23.181050395965578,11.04326057434082,-34.07562885284424
0.0,0.0,-0.0007051218151749499,-0.17581707793845658,0.0,920,0.01,0.65,3042,0.9304192,0.0,-0.355542957913963,-2.0644365931877826e-08,0.0,0.0,0.000789930549217388,-0.719829085347668,1.6619862395703802,-0.18738804920887064,-0.2642745679254596,-0.15038784413384645,152,0.1177546052989663,0.5,-0.002410477874541862,-0.05221647690100092,-0.25415660985201394,-113.2973315,-0.15532061046267573,63.39,-0.41836063943302665,2801664,0.0,-0.7202988060362637,0.0003,0.8698062896728516,1.0015772581100464,33848,-0.023144973715534433,0.2,0.024124626,0.23572998046875,23.53688449859619,10.86286449432373,-34.07095642089844
0.0,0.0,-0.0006020929931976576,-0.17302713614526136,0.0,927,0.01,0.65,3042,0.9299584,0.0,-0.36049242262379955,-2.0914332775010313e-08,0.0,0.0,0.0007823349701033698,-0.7070793206596351,1.6697104488939596,-0.18651202092537256,-0.2639740029303922,-0.15562869334270366,153,0.1154635335522848,0.5,-0.001363387575515339,-0.05174713849434738,-0.2507218685955914,-112.09841620000002,-0.15722621459370445,62.49,-0.4138986101150751,2820096,0.0,-0.7231784457074301,0.0003,0.8700287342071533,1.0013988018035889,33852,-0.023522183753084392,0.2,0.02478585,0.2361328125,22.954039764404296,10.534337043762207,-34.067914199829104
0.0,0.0,-0.0015513529140565112,-0.17276901334412884,0.0,933,0.01,0.65,3041,0.9294976,0.0,-0.35466483562573203,-1.912432020595647e-08,0.0,0.0,0.0004926214654309055,-0.7407290237212083,1.68543176179505,-0.20284757081269128,-0.26438694567233356,-0.15502544363465534,154,0.11434124061808743,0.5,-0.0017789683527856444,-0.05537809828341537,-0.24876307331313788,-114.42538909999999,-0.15407136195045423,66.82,-0.42334885798975674,2838528,0.0,-0.7181390318610069,0.0003,0.8818663954734802,1.0013368129730225,33856,-0.02354688886553049,0.2,0.027971556,0.2438720703125,21.39867286682129,9.722286224365234,-34.06743392944336
0.0,0.0,-0.003575814671761912,-0.17761628223388504,0.0,939,0.01,0.65,3041,0.9290368,0.0,-0.36074729929770166,-2.2617457015828756e-08,0.0,0.0,0.0009212238720566449,-0.7086979680101215,1.6778275365046886,-0.18103540341422175,-0.26369325774323316,-0.15748525067710958,155,0.11723574410878086,0.5,-0.0026160988410184574,-0.05419911561561992,-0.2536364318706334,-111.71477071,-0.15571001538666548,62.6,-0.40730687461207077,2856960,0.0,-0.7161992638821384,0.0003,0.8780151605606079,1.001549482345581,33860,-0.024251626420300453,0.2,0.027866531,0.25894775390625,23.52453479766846,10.875306129455566,-34.070467948913574
0.0,0.0,-0.001725781766905554,-0.18511980858450236,0.0,945,0.01,0.65,3041,0.928576,0.0,-0.363437571802058,-2.1825142229653317e-08,0.0,0.0,0.0009429253113921732,-0.7052358553451102,1.700924698142976,-0.17590179603682862,-0.26424116263884917,-0.1532065986897522,156,0.12358871211078598,0.5,-0.001343313845508318,-0.05569697293438569,-0.25522389893228664,-110.74116488000001,-0.15595506816631216,64.66,-0.40539055621907805,2875392,0.0,-0.7190938917842477,0.0003,0.8823263645172119,1.0015175342559814,33864,-0.023378071235492827,0.2,0.025852477,0.24571533203125,22.32659339904785,10.64984130859375,-34.07132911682129
0.0,0.0,-0.0007733613036346311,-0.1874728799831054,0.0,951,0.01,0.65,3041,0.9281152,0.0,-0.36111635486681043,-2.175333628874736e-08,0.0,0.0,0.0007649739143542118,-0.7041229332625495,1.6770997889342574,-0.18371086226257713,-0.264357171742239,-0.15134935315068976,157,0.11859225837811935,0.5,-0.0015641250162540625,-0.05734792996561484,-0.25311933848048424,-110.30297883000001,-0.1560065572521513,61.81,-0.4074584636056922,2893824,0.0,-0.7143005221458258,0.0003,0.8837412595748901,1.001204013824463,33868,-0.021569603681564332,0.2,0.026739508,0.24412841796875,22.66313123703003,11.765368461608887,-34.06639022827149
0.0,0.0,-0.001583032173280194,-0.1763364669256318,0.0,957,0.01,0.65,3041,0.9276544,0.0,-0.35940114824391434,-1.9471593191218383e-08,0.0,0.0,0.0004687499701200674,-0.7112537676966455,1.681477849514878,-0.16920377257074654,-0.2637687294894455,-0.15224797705632004,158,0.11820440947780292,0.5,-0.001788191537747884,-0.04804747079252322,-0.24647303777832816,-108.88409470999999,-0.15653979962301603,59.03,-0.4086065323277885,2912256,0.0,-0.7215495487123166,0.0003,0.8736135959625244,1.0013720989227295,33872,-0.021137865865603088,0.2,0.024134904,0.22269287109375,24.241962242126466,10.456854820251465,-34.06753654479981
0.0,0.0,-0.0011272044112484727,-0.17433011328217446,0.0,963,0.01,0.65,3041,0.9271936000000001,0.0,-0.3610908368281587,-2.182844007005866e-08,0.0,0.0,0.0007324218426624106,-0.724418534980972,1.7199656288393275,-0.19472695353657424,-0.264064540324925,-0.15347848106594908,159,0.11764468590265416,0.5,-0.0012624760274775326,-0.053107831006526385,-0.24857988158023125,-109.33841313,-0.15550857333306153,62.34,-0.41292531971824736,2930688,0.0,-0.7166710253003362,0.0003,0.8686184883117676,1.0013810396194458,33876,-0.02090658083325252,0.2,0.024489757,0.250341796875,25.57203140258789,12.249277114868164,-34.068973541259766
0.0,0.0,-0.0035915819879177185,-0.1873939151809653,0.0,969,0.01,0.65,3041,0.9267328,0.0,-0.35942915487441524,-2.2106867737471914e-08,0.0,0.0,0.0007562933444407665,-0.7147769369775671,1.7033370781316968,-0.17705213174211948,-0.2645211663485265,-0.15344627585077888,160,0.12229756767435099,0.5,-0.0013243251839109387,-0.05703365529920986,-0.2511169689723005,-106.82566878000002,-0.15602479954568776,61.08,-0.39982331593976017,2949120,0.0,-0.7254278394142891,0.0003,0.8929332494735718,1.0009516477584839,33880,-0.016241932450793684,0.2,0.021505933,0.19981689453125,21.277774143218995,9.913307189941406,-34.06298179626465
0.0,0.0,-0.00119482322952927,-0.19005643182771892,0.0,975,0.01,0.65,3041,0.926272,0.0,-0.36146661746330605,-2.1889709742561124e-08,0.0,0.0,0.000889756933449664,-0.7214504382116702,1.7323222127804048,-0.18832195864532966,-0.26463095988223984,-0.15105515051518864,161,0.12281588377692944,0.5,-0.0013199847049286796,-0.05586443311126865,-0.2577300754395803,-109.00632126999999,-0.15382384877452393,62.07,-0.40677648518399634,2967552,0.0,-0.7268183347741748,0.0003,0.8840183019638062,1.0011974573135376,33884,-0.023880706785712393,0.2,0.026728105,0.249609375,23.962879180908203,10.9037504196167,-34.064987373352054
0.0,0.0,-0.0024230163752535163,-0.18765194765872467,0.0,981,0.01,0.65,3041,0.9258112000000001,0.0,-0.3642550786728971,-2.44570623523262e-08,0.0,0.0,0.0011035155815382798,-0.7259040991896293,1.71373402210549,-0.19071475046319625,-0.2646187105243304,-0.1473484921601198,162,0.1210673652141664,0.5,-0.001418183417020676,-0.05854923154655542,-0.25313588123674113,-109.99093167,-0.1542252244860052,63.67,-0.40907137082784895,2985984,0.0,-0.7214964038492292,0.0003,0.8881924748420715,1.0014069080352783,33888,-0.022040723636746407,0.2,0.02544342,0.25177001953125,23.30225553512573,10.917085647583008,-34.06898441314697
0.0,0.0,-0.0007303026653382664,-0.1916770010458439,0.0,987,0.01,0.65,3041,0.9253504,0.0,-0.35305483474525484,-2.3220271436037165e-08,0.0,0.0,0.0007063802008310126,-0.753305021058726,1.7513275135723276,-0.21411169568424943,-0.26466113762778287,-0.15158846595985095,163,0.11657050059443838,0.5,-0.0014718940963373622,-0.06385087003041999,-0.2492407240806179,-110.04650749000001,-0.15070876603870081,64.48,-0.413772552958396,3004416,0.0,-0.7040428441816957,0.0003,0.8895982503890991,1.0010384321212769,33892,-0.023163374199066313,0.2,0.021642797,0.20970458984375,23.591835975646973,11.211719512939453,-34.065127754211424
0.0,0.0,-0.0031985911611123277,-0.1925378522287945,0.0,994,0.01,0.65,3040,0.9248896,0.0,-0.35698305532584035,-2.2353739120482538e-08,0.0,0.0,0.0010156249498120612,-0.7104050105032764,1.7286124563756602,-0.18742185950650328,-0.26496494246363034,-0.15142934027008548,164,0.12267309821770549,0.5,-0.0012738692215255771,-0.059682298868240787,-0.24783273161425465,-106.67786075000002,-0.1514987049405536,62.55,-0.4055535997161005,3022848,0.0,-0.7169771878237399,0.0003,0.8885087370872498,1.001518726348877,33896,-0.021583667304366828,0.2,0.022836711,0.228271484375,24.666927528381347,11.64542293548584,-34.069524955749515
0.0,0.0,-0.0011291540183771024,-0.1906084118557389,0.0,1000,0.01,0.65,3040,0.9244288,0.0,-0.3543086546618629,-2.4136570541427402e-08,0.0,0.0,0.00090603295312677,-0.7315865964637267,1.763937062749176,-0.1893289402545458,-0.26513935915950504,-0.1533249671022387,165,0.12131572797042521,0.5,-0.0013986520951018771,-0.05710748010655337,-0.25055289018925436,-107.98129651,-0.15229117785941326,63.66,-0.4060735738420763,3041280,0.0,-0.7118807332654978,0.0003,0.8907985687255859,1.0015335083007812,33900,-0.022955974139040335,0.2,0.022830356,0.2349609375,23.74907865524292,11.758264541625977,-34.071617698669435
0.0,0.0,-0.0035823741340551105,-0.18923006665531297,0.0,1006,0.01,0.65,3040,0.923968,0.0,-0.35964649414770683,-2.169071608297389e-08,0.0,0.0,0.0009136284610980914,-0.7058397045580419,1.751361490970033,-0.18039662304976503,-0.26455180158790986,-0.15108267354106536,166,0.12506116929979091,0.5,-0.0011442037373651853,-0.05565994995450999,-0.2518058517611723,-106.98007025999998,-0.15370544192580807,63.79,-0.4007749096449815,3059712,0.0,-0.7177456170610509,0.0003,0.877079963684082,1.001334309577942,33904,-0.020720209274441004,0.2,0.02321387,0.23328857421875,27.59645986557007,12.07193660736084,-34.06955223083496
0.0,0.0,-0.002313173961874773,-0.18098104648842286,0.0,1012,0.01,0.65,3040,0.9235072,0.0,-0.35949150176498984,-2.2371530480088844e-08,0.0,0.0,0.000730251673505538,-0.7061076569974339,1.7490050601642606,-0.1751572462696552,-0.26468424821968645,-0.15103254981226236,167,0.12474597779227407,0.5,-0.0009499766327078558,-0.047906552873180436,-0.25084079532426495,-105.32928682000002,-0.15552807311580444,61.68,-0.4005851732861141,3078144,0.0,-0.7173447923054581,0.0003,0.8941643238067627,1.0014090538024902,33908,-0.02234686987940222,0.2,0.02483283,0.2218505859375,22.990538787841796,10.857992172241211,-34.06965503692627
0.0,0.0,-0.001995028397990773,-0.19151616994517892,0.0,1018,0.01,0.65,3040,0.9230464,0.0,-0.3577771073502929,-2.0385038360900148e-08,0.0,0.0,0.0008658853669961294,-0.7599788441518042,1.7700757076565823,-0.21436807339598862,-0.26541424142799586,-0.15494422451496695,168,0.11756922662114709,0.5,-0.0014659264852525666,-0.06442234860503607,-0.2473665523617647,-106.53044915000001,-0.15156092331639173,63.04,-0.41532820462415615,3096576,0.0,-0.7123980113286746,0.0003,0.8899288177490234,1.0010786056518555,33912,-0.021378210990224033,0.2,0.024352225,0.21378173828125,24.752714920043946,11.776124954223633,-34.06664562225342
0.0,0.0,-0.0016574169855078568,-0.1856175244078831,0.0,1024,0.01,0.65,3040,0.9225856,0.0,-0.35768330182143615,-2.080814902114886e-08,0.0,0.0,0.0008040364547115234,-0.7125982111174752,1.7492906654434275,-0.18373681764318106,-0.2651737833258839,-0.15658684844858323,169,0.1236884198383543,0.5,-0.0007899291118115394,-0.05453279066791836,-0.2472861195311202,-106.49188032,-0.15337064928302505,63.74,-0.39978033854885686,3115008,0.0,-0.7177155453630825,0.0003,0.8764138221740723,1.0005141496658325,33916,-0.015583515446633101,0.2,0.02080666,0.2004150390625,29.114550018310545,12.857630729675293,-34.05660552978516
0.0,0.0,-0.001633492556385544,-0.193993635203241,0.0,1030,0.01,0.65,3040,0.9221248,0.0,-0.36209243359553533,-2.1160172464927035e-08,0.0,0.0,0.0011577690246566716,-0.7360364358598771,1.7883460494845091,-0.19991210058626777,-0.26524891698747066,-0.15608753774699483,170,0.12335127809864248,0.5,-0.001100800958940656,-0.0636656710280016,-0.25185476364885523,-106.62076569999999,-0.15266528832152526,66.19,-0.40119343688894316,3133440,0.0,-0.7138375200119356,0.0003,0.8930938243865967,1.000774621963501,33920,-0.02137523943092674,0.2,0.022547333,0.22235107421875,25.23014211654663,11.688776016235352,-34.05635643005371
0.0,0.0,-0.0015694982687121221,-0.18886635556794812,0.0,1036,0.01,0.65,3040,0.921664,0.0,-0.35968853951426116,-2.160670123311275e-08,0.0,0.0,0.0008289929925619314,-0.7226967816389723,1.7719263190038366,-0.1845594301563243,-0.2652445613456005,-0.14968657380766567,171,0.1230979999526388,0.5,-0.0010660789266694337,-0.05473412335348357,-0.2517480678559043,-105.61224372000002,-0.15344439322812847,60.82,-0.4032475243143006,3151872,0.0,-0.7212840374141926,0.0003,0.9054349064826965,1.0008624792099,33924,-0.02123075141571462,0.2,0.024214901,0.2334716796875,22.80531005859375,12.183342933654785,-34.061258697509764
0.0,0.0,-0.0018102167008516529,-0.18718613209719687,0.0,1042,0.01,0.65,3040,0.9212032,0.0,-0.36367719457887143,-2.0832168834738715e-08,0.0,0.0,0.0009841578656859282,-0.6843904044999674,1.738040272384668,-0.1702006390893968,-0.2647304297860859,-0.1471925224754775,172,0.12755560334478247,0.5,-0.0007063789881714103,-0.05172052769463303,-0.25291978990137376,-104.37425522000001,-0.15463413424504466,59.33,-0.39338495186243727,3170304,0.0,-0.715078763163928,0.0003,0.8833104968070984,1.000675916671753,33928,-0.020501155662350355,0.2,0.022463765,0.2352294921875,27.61069974899292,12.42177677154541,-34.058999633789064
0.0,0.0,-0.0029405272948647464,-0.1881826945272464,0.0,1048,0.01,0.65,3040,0.9207424,0.0,-0.3628753650071548,-2.1957944191514754e-08,0.0,0.0,0.0006391058236153589,-0.7104544419974175,1.771449918701498,-0.16732472078239538,-0.26477615036270896,-0.15090411522605113,173,0.1279046685541552,0.5,-0.00045681340594051615,-0.05055346213162315,-0.243424844592934,-103.40664375,-0.15643445017113694,61.95,-0.3861929748591464,3188736,0.0,-0.7189323492874788,0.0003,0.8858689069747925,1.0009469985961914,33932,-0.01920920730335638,0.2,0.025217514,0.24302978515625,27.06428394317627,12.411836624145508,-34.06308879852295
0.0,0.0,-0.003465313126978157,-0.19323401691643885,0.0,1054,0.01,0.65,3040,0.9202816,0.0,-0.3621876306350157,-2.157422922169271e-08,0.0,0.0,0.0009657117415271285,-0.7144826895996258,1.760719309909434,-0.1854566539437375,-0.26429668026952774,-0.15047160125476988,174,0.12416564888466722,0.5,-0.0012912303823719008,-0.05659631827699015,-0.24803333237076877,-103.89182288,-0.1546611918660751,63.78,-0.39694045589666094,3207168,0.0,-0.7087249071847156,0.0003,0.8973921537399292,1.0007888078689575,33936,-0.021422091324348004,0.2,0.022809649,0.21571044921875,23.85367908477783,10.863189697265625,-34.06155242919922
0.0,0.0,-0.0028836602491240128,-0.18917849090652236,0.0,1060,0.01,0.65,3040,0.9198208,0.0,-0.36439660208451397,-2.1878239988837273e-08,0.0,0.0,0.0009689669499898122,-0.679563274224533,1.7706271140659107,-0.1589287642180663,-0.26442759187412146,-0.14875917420735693,175,0.13251476470845786,0.5,-0.0004524730466073379,-0.04601722247936196,-0.25340094404650493,-101.87102184999999,-0.15691707589569276,61.27,-0.38723231286110593,3225600,0.0,-0.7189321354142568,0.0003,0.9052873253822327,1.0010557174682617,33940,-0.020870569918770343,0.2,0.02525739,0.2569580078125,23.682799530029296,10.915672302246094,-34.06278018951416
0.0,0.0,-0.004017011903585627,-0.18372672491925263,0.0,1067,0.01,0.65,3040,0.91936,0.0,-0.357347174033365,-2.0543370674297352e-08,0.0,0.0,0.0007497829210478812,-0.7073452656254181,1.7945499660146527,-0.17411410914888054,-0.2651280653592297,-0.15063822602237678,176,0.12924685312534903,0.5,-0.0007063790205089996,-0.048225775497741236,-0.24745044717485737,-102.96907489000002,-0.1546112919532347,63.9,-0.39243193087925016,3244032,0.0,-0.7156604993474083,0.0003,0.8825593590736389,1.0010731220245361,33944,-0.019946656795218586,0.2,0.022702295,0.230908203125,27.925150871276855,14.462201118469238,-34.0643232345581
0.0,0.0,-0.0036158072672806624,-0.18424216791939727,0.0,1073,0.01,0.65,3040,0.9188992,0.0,-0.35281991033376303,-2.0152169357105565e-08,0.0,0.0,0.0006477863191523486,-0.6929250482175058,1.7942210923135002,-0.1824427372592835,-0.26476676888898754,-0.15424838772832697,177,0.1255162032590479,0.5,-0.0015646677541856964,-0.05258684641368391,-0.24114976916958694,-103.13789778999998,-0.15320862187408157,65.84,-0.39262083157339284,3262464,0.0,-0.7103906661266692,0.0003,0.8922325372695923,1.0014848709106445,33948,-0.02276610760600306,0.2,0.02302386,0.20908203125,25.88128776550293,11.7046480178833,-34.06750907897949
0.0,0.0,-0.0017769055056336834,-0.18132341011455874,0.0,1079,0.01,0.65,3039,0.9184384,0.0,-0.36312948164462133,-1.9495124332259516e-08,0.0,0.0,0.0009027777414303273,-0.7058316980876396,1.7793736927857167,-0.18066842133047373,-0.26479533160227625,-0.14359061247506288,178,0.12666811776767814,0.5,-0.000997719616862014,-0.04827810743259835,-0.24522072133871242,-105.7629658,-0.15620729899998528,65.91,-0.39621417414697946,3280896,0.0,-0.7148193844156464,0.0003,0.9126362800598145,1.001352071762085,33952,-0.019958838168531657,0.2,0.025587717,0.23790283203125,21.705189895629882,10.287403106689453,-34.06974201202392
0.0,0.0,-0.00205549627563771,-0.18936846466764212,0.0,1085,0.01,0.65,3039,0.9179776,0.0,-0.35033810328125786,-2.0446254166420386e-08,0.0,0.0,0.0005718314787372947,-0.7525748345035533,1.828597226940759,-0.21080989675418854,-0.2652605853710188,-0.15089405218174903,179,0.12108995417733569,0.5,-0.0013438560514866065,-0.0610960108972982,-0.2385020368707108,-104.76109501,-0.15179382310224734,64.67,-0.40663024011787796,3299328,0.0,-0.7094590215634068,0.0003,0.9032188653945923,1.0008313655853271,33956,-0.022835019597550854,0.2,0.02763794,0.24423828125,25.1387770652771,11.902595520019531,-34.06256618499756
0.0,0.0,-0.007295024240073504,-0.18661323328853052,0.0,1091,0.01,0.65,3039,0.9175168,0.0,-0.35503992290547454,-1.9769035418122976e-08,0.0,0.0,0.0006011283743040016,-0.7387494108210102,1.8279774761844914,-0.21057099940010018,-0.26547459455217925,-0.1498788275069786,180,0.12291386205880656,0.5,-0.0011686175744721873,-0.05821495929963495,-0.23864948154749596,-103.40735657,-0.1509498548399896,66.46,-0.4006294927165544,3317760,0.0,-0.7081769891608305,0.0003,0.9103769659996033,1.000715732574463,33960,-0.019655415532179178,0.2,0.025440848,0.239794921875,24.494338035583496,11.440864562988281,-34.05906753540039
0.0,0.0,-0.0026510648497420244,-0.1827491785710003,0.0,1097,0.01,0.65,3039,0.917056,0.0,-0.361314888796546,-2.0375513112029934e-08,0.0,0.0,0.0006282550716100053,-0.7028671551772679,1.8194195751666686,-0.18192585672840744,-0.2649317467788583,-0.14954493520348952,181,0.128746680351806,0.5,-0.00098035860961924,-0.05159123586448686,-0.24469219056277636,-102.08730734000002,-0.1560239961261693,64.06,-0.3890540064340494,3336192,0.0,-0.6984568869985156,0.0003,0.9231128096580505,1.0009089708328247,33964,-0.024832597421482205,0.2,0.024831938,0.2277587890625,21.30195903778076,10.336749076843262,-34.06236877441406
0.0,0.0,-0.007830734044290326,-0.17761353098392466,0.0,1103,0.01,0.65,3039,0.9165951999999999,0.0,-0.3552726458506598,-1.8731476541843132e-08,0.0,0.0,0.000600043302660601,-0.7304993470302051,1.8395287948028871,-0.19880721180021108,-0.2652514807620459,-0.1558969829074197,182,0.12490948973411942,0.5,-0.0013856312499329862,-0.05227760305022575,-0.2412567251792709,-102.49432340999999,-0.15460597503748938,65.97,-0.40099886921557953,3354624,0.0,-0.7071539325571174,0.0003,0.9055711030960083,1.0009369850158691,33968,-0.02054670964134857,0.2,0.023618128,0.229052734375,25.90534257888794,12.21586799621582,-34.064424705505374
0.0,0.0,-0.006158733471154449,-0.18381002095488752,0.0,1109,0.01,0.65,3039,0.9161344,0.0,-0.3638257899982455,-1.8972423253585473e-08,0.0,0.0,0.0006119790486991405,-0.7026837626685029,1.7901171983205084,-0.16561657168793234,-0.26473888272213203,-0.14377206022010558,183,0.13021414527797248,0.5,-0.0010346119411729483,-0.04759495879733593,-0.24424140638263964,-101.16500053,-0.15686270943504613,63.14,-0.38903004121994483,3373056,0.0,-0.7095646801734119,0.0003,0.9174753427505493,1.0013362169265747,33972,-0.021912975399754942,0.2,0.022815874,0.22568359375,23.09790449142456,10.274491310119629,-34.06593914031983
0.0,0.0,-0.00563731344470531,-0.17862763705548748,0.0,1115,0.01,0.65,3039,0.9156736,0.0,-0.3585115737910604,-1.776098475557115e-08,0.0,0.0,0.0007194009312014612,-0.7021829835352659,1.7923916828359845,-0.17346919425157548,-0.26453210003851546,-0.14926105144757307,184,0.12695398629487922,0.5,-0.0005110667100072735,-0.04641562527592565,-0.2394080027783151,-102.60844397000001,-0.1544474249577515,62.45,-0.3905771178570887,3391488,0.0,-0.7017083555498458,0.0003,0.8938978910446167,1.0015220642089844,33976,-0.020363476406782866,0.2,0.022588395,0.22718505859375,28.278867053985596,13.388656616210938,-34.07066822052002
0.0,0.0,-0.00490139675594219,-0.1796586915667968,0.0,1121,0.01,0.65,3039,0.9152128,0.0,-0.35803820036431033,-1.858536110607204e-08,0.0,0.0,0.00036349816946312785,-0.7154909430216786,1.836320610910359,-0.18641261272442064,-0.26508577412035766,-0.14806495000533254,185,0.1259991715114832,0.5,-0.001547306580404337,-0.048738094010715036,-0.24111372735487147,-102.91273608,-0.15525108420834888,66.43,-0.39533045487863455,3409920,0.0,-0.703248483836146,0.0003,0.8963290452957153,1.0011670589447021,33980,-0.020931827614549547,0.2,0.023287091,0.23780517578125,27.777258491516115,11.800373077392578,-34.065993309020996
0.0,0.0,-0.0032720913381042572,-0.17946918619810381,0.0,1127,0.01,0.65,3039,0.914752,0.0,-0.3557170908423034,-2.03930703361753e-08,0.0,0.0,0.0006770832567579217,-0.6939077238631524,1.8443365306798485,-0.17896402011774154,-0.2647132123866477,-0.1474124382184709,186,0.1312475052133564,0.5,-0.0008506929750890575,-0.04781039192154869,-0.2423338057412895,-100.49805984999998,-0.15348267606219276,64.98,-0.391791329036349,3428352,0.0,-0.7061888308966696,0.0003,0.904723584651947,1.0011433362960815,33984,-0.02032467208337039,0.2,0.023021223,0.216455078125,26.416331386566164,12.671839714050293,-34.065288352966306
0.0,0.0,-0.0028957152326079235,-0.17558107976007079,0.0,1133,0.01,0.65,3039,0.9142912,0.0,-0.3605675890975049,-1.840153563408441e-08,0.0,0.0,0.000654296736077716,-0.7074053287392161,1.8281896796031185,-0.17938639660038802,-0.26475708023430883,-0.14242367181225865,187,0.12945902528205344,0.5,-0.0011539697152329609,-0.046644022743388934,-0.24345686666458052,-102.64549661999999,-0.15582892930993358,64.4,-0.39205718777450244,3446784,0.0,-0.7017600028011912,0.0003,0.9011368751525879,1.0013782978057861,33988,-0.020934365037828685,0.2,0.023702484,0.2364990234375,27.407741641998292,11.784436225891113,-34.069003105163574
0.0,0.0,-0.0027248578879964227,-0.17620707880109485,0.0,1140,0.01,0.65,3039,0.9138304,0.0,-0.35698003613778273,-1.8795897237037732e-08,0.0,0.0,0.000505642254009015,-0.6984299530037373,1.8409053846161585,-0.1836869144261745,-0.2650876586961396,-0.14558285416785363,188,0.13083338962338018,0.5,-0.0010188786901481864,-0.04762880875850079,-0.2431150985521221,-101.0915908,-0.1539144299645513,64.82,-0.3898660148387134,3465216,0.0,-0.700014753646111,0.0003,0.9048559665679932,1.0012006759643555,33992,-0.022412144264671953,0.2,0.022613117,0.219189453125,26.51120271682739,11.8928861618042,-34.06686878204346
0.0,0.0,-0.0043613909499081735,-0.1801642215637336,0.0,1146,0.01,0.65,3039,0.9133696,0.0,-0.35327672978294733,-1.8761100118627782e-08,0.0,0.0,0.00043402761285607185,-0.6932574498810029,1.850968384246494,-0.18178208306645963,-0.26520595532918045,-0.14747489446458556,189,0.13288694540493542,0.5,-0.0004606110790822034,-0.045158445761299015,-0.2409982721355725,-98.38654604999999,-0.1547997779028095,66.87,-0.39099560791847043,3483648,0.0,-0.7048576127855108,0.0003,0.9081929922103882,1.0013233423233032,33996,-0.022233779763337225,0.2,0.023475872,0.2310546875,25.5453857421875,11.295988082885742,-34.06595096588135
0.0,0.0,-0.004163181699516919,-0.18597165755244704,0.0,1152,0.01,0.65,3039,0.9129088,0.0,-0.35047818680546505,-1.9846133082168993e-08,0.0,0.0,0.00048177074899690016,-0.6945811626083941,1.8545681038567838,-0.17589880599228186,-0.26485789488161515,-0.14512701538928663,190,0.13238667676089091,0.5,-0.0008718517589538047,-0.04770481901963598,-0.23899009457546416,-101.31735373,-0.15233036870408287,66.39,-0.39265646794481923,3502080,0.0,-0.6987759271159607,0.0003,0.91730797290802,1.0011028051376343,34000,-0.021702885057311504,0.2,0.025335401,0.2340576171875,23.350786209106445,11.016857147216797,-34.06478691101074
0.0,0.0,-0.006803412291433422,-0.17975687297741877,0.0,1158,0.01,0.65,3039,0.912448,0.0,-0.3568953884881454,-1.9172224774234356e-08,0.0,0.0,0.0006163193740778499,-0.6698478846744469,1.8421617553845482,-0.15531900849686042,-0.26487336566451153,-0.14287798890942055,191,0.1360769569145515,0.5,-0.0009575723039840037,-0.03930406623964807,-0.24335016662918393,-95.65689970000001,-0.1566689877124822,63.95,-0.3848859985154722,3520512,0.0,-0.709339708047327,0.0003,0.9130955338478088,1.0013318061828613,34004,-0.022521179041359574,0.2,0.025980627,0.2396484375,25.31079568862915,12.554374694824219,-34.0643669128418
0.0,0.0,-0.005394096636704508,-0.17057916992004812,0.0,1164,0.01,0.65,3039,0.9119872,0.0,-0.3644398861346006,-1.77890225273192e-08,0.0,0.0,0.00047960057013875083,-0.6760687050351364,1.8384178764909147,-0.160796539767907,-0.2646128108718816,-0.13892062933754612,192,0.1350594037093139,0.5,-0.0005571820575925005,-0.03872499585222395,-0.24557060463188485,-97.99058224000002,-0.15905573107835375,64.79,-0.3840825726804533,3538944,0.0,-0.7022213070713693,0.0003,0.9203424453735352,1.0013816356658936,34008,-0.0230950458557345,0.2,0.023328459,0.2178955078125,22.95166931152344,12.270691871643066,-34.06770000457764
0.0,0.0,-0.003384139906766684,-0.1693313763911659,0.0,1170,0.01,0.65,3039,0.9115264,0.0,-0.36114466397368755,-1.631406520104776e-08,0.0,0.0,0.00036349815329433314,-0.699725252684749,1.8614124843924051,-0.18202584610665395,-0.2649956377982423,-0.1421768291758219,193,0.13073740832385658,0.5,-0.0012722419455207677,-0.042676092098756155,-0.24448167862661296,-101.03609494,-0.15657673344502668,66.48,-0.39565232286942814,3557376,0.0,-0.7024045621339572,0.0003,0.8837304711341858,1.0009788274765015,34012,-0.02098926593316719,0.2,0.023355674,0.23685302734375,32.273305130004886,15.419443130493164,-34.06284790039062
0.0,0.0,-0.0055161791145074785,-0.17129992861128737,0.0,1176,0.01,0.65,3039,0.9110656,0.0,-0.35382383854056143,-1.6246817412309104e-08,0.0,0.0,0.0003331161860842258,-0.6758559480024129,1.8555021857492184,-0.17149263658973496,-0.2647365424899281,-0.14083956940469183,194,0.13205794215753783,0.5,-0.0012136482012768586,-0.04002450061576856,-0.23921433394304803,-98.30713302999999,-0.1566878169506754,65.94,-0.38670472469519884,3575808,0.0,-0.6957311184819095,0.0003,0.9051564335823059,1.001084327697754,34016,-0.021205826493678616,0.2,0.024332065,0.22491455078125,27.614347743988038,11.193230628967285,-34.0622838973999
0.0,0.0,-0.0047314398063514765,-0.17433472525709093,0.0,1182,0.01,0.65,3039,0.9106048,0.0,-0.36098979443094215,-1.70048380845656e-08,0.0,0.0,0.0006575519898130248,-0.6707969105282975,1.8693704439313583,-0.16348789919997642,-0.2650516500942622,-0.14346877797526983,195,0.13830683095543414,0.5,-0.0002842875934826831,-0.04103350172171578,-0.24668751712401576,-95.60111886,-0.15716265541495134,64.35,-0.37973878893539337,3594240,0.0,-0.7046855930324709,0.0003,0.8968458771705627,1.0012563467025757,34020,-0.017746740172151478,0.2,0.02261831,0.23201904296875,29.646589088439942,14.107988357543945,-34.06564846038818
0.0,0.0,-0.008451294705327359,-0.17293540107608452,0.0,1188,0.01,0.65,3039,0.910144,0.0,-0.35668124046809563,-1.745855402954978e-08,0.0,0.0,0.0004459633685958882,-0.6693272417178183,1.8861984584261684,-0.16350449652857305,-0.26502094526530834,-0.13996710946737917,196,0.1382159894030524,0.5,-0.0003678378464731698,-0.03783964577013353,-0.24588968584305493,-97.07230427999998,-0.15803602360097171,65.61,-0.37592228503602254,3612672,0.0,-0.6981508018937936,0.0003,0.9016571640968323,1.001537799835205,34024,-0.02053526302333921,0.2,0.024628883,0.2209716796875,29.331863021850587,14.85354232788086,-34.06831874847412
0.0,0.0,-0.0055177832071377254,-0.1741416844585445,0.0,1194,0.01,0.65,3039,0.9096832,0.0,-0.356216500645256,-1.644425196252465e-08,0.0,0.0,0.0005295137751899245,-0.6747468954809709,1.8847483761135082,-0.1718916651421167,-0.26508130378028605,-0.14038282292277293,197,0.1383828476649603,0.5,-0.00021484327347328266,-0.040044009079242056,-0.2417979975002597,-96.18081013000001,-0.15775828677055997,68.01,-0.3821032563528738,3631104,0.0,-0.7053182740696585,0.0003,0.9054945707321167,1.0009615421295166,34028,-0.02099059143802151,0.2,0.02139948,0.21455078125,28.071402740478515,12.20590877532959,-34.06467533111572
0.0,0.0,-0.007629106365783279,-0.17509277961734593,0.0,1200,0.01,0.65,3039,0.9092224,0.0,-0.3580566993487698,-1.6236660418048207e-08,0.0,0.0,0.000518663078158473,-0.6688971028178765,1.8829000259732855,-0.17130966534724706,-0.26494718869397993,-0.1371882263475232,198,0.13697939752412955,0.5,-0.0007714831865289145,-0.03932449283064601,-0.247354778554867,-94.56695103000001,-0.1576738359596497,63.22,-0.3850095684416057,3649536,0.0,-0.6985764244346648,0.0003,0.9099442362785339,1.000990629196167,34032,-0.020383077702717856,0.2,0.022860538,0.205322265625,27.444336223602296,13.686595916748047,-34.06144714355469
0.0,0.0,-0.006110108492971302,-0.17303654245735461,0.0,1206,0.01,0.65,3039,0.9087616000000001,0.0,-0.35747213385064025,-1.5868016533623162e-08,0.0,0.0,0.00044596333949205774,-0.6638491986261728,1.8856585657403693,-0.1697316965898096,-0.2650982704650231,-0.13431471651511875,199,0.13871700933398906,0.5,-0.00015462207536782243,-0.0363075847087221,-0.24350822427985863,-97.29445358999999,-0.15848537264156454,68.72,-0.38113309001865114,3667968,0.0,-0.7033208952034755,0.0003,0.9014493227005005,1.0013160705566406,34036,-0.021789410593919457,0.2,0.024983123,0.2389892578125,30.501524257659913,14.83332347869873,-34.067541885375974
0.0,0.0,-0.00813657443351678,-0.17512696720078583,0.0,1212,0.01,0.65,3039,0.9083008,0.0,-0.3588260270271896,-1.7577046619985065e-08,0.0,0.0,0.0005436196289439169,-0.6427031910999798,1.885030115764524,-0.15406893479686334,-0.2648367738235786,-0.1361330040385071,200,0.1438404544004472,0.5,-0.00019748225329547294,-0.03453735161828214,-0.24437074110789325,-96.33077471000003,-0.1596119138558747,65.81,-0.37457380590833633,3686400,0.0,-0.7022872237458551,0.0003,0.9101688265800476,1.0010151863098145,34040,-0.020648618682753295,0.2,0.02315388,0.22655029296875,27.435395908355712,13.486944198608398,-34.06404151916504
0.0,0.0,-0.0033025726989871205,-0.17916215213720985,0.0,1218,0.01,0.65,3039,0.90784,0.0,-0.35948547493046523,-1.6156134044330103e-08,0.0,0.0,0.0006065536549107896,-0.6560189127162013,1.8704058688763183,-0.15956015720896002,-0.26541567776970443,-0.13063827287608878,201,0.1428041900715843,0.5,-0.00020399268315587606,-0.0374281249836044,-0.2465310290976739,-96.88660009000002,-0.15862663365377555,64.72,-0.37764558972298745,3704832,0.0,-0.7039132234855933,0.0003,0.8992752432823181,1.0009504556655884,34044,-0.02120657211053185,0.2,0.023061356,0.23453369140625,30.153875160217286,14.64572525024414,-34.0625825881958
0.0,0.0,-0.007721663700459678,-0.17270261892461944,0.0,1224,0.01,0.65,3039,0.9073792,0.0,-0.35927524337884836,-1.5249438829239767e-08,0.0,0.0,0.00037326371724096435,-0.6389323278845793,1.8828047677628865,-0.156042459777746,-0.2652226416652533,-0.13027384957008714,202,0.14479026701196016,0.5,-0.0003971347355723588,-0.03241901590029412,-0.24748952402642604,-93.29361326,-0.1614739478933882,64.13,-0.3753191178605674,3723264,0.0,-0.7037227969249801,0.0003,0.9063014984130859,1.0009276866912842,34048,-0.022476350865326823,0.2,0.023846399,0.24345703125,29.07455930709839,13.67855453491211,-34.06042308807373
0.0,0.0,-0.003674287492493316,-0.1783240722934703,0.0,1230,0.01,0.65,3039,0.9069184,0.0,-0.3621540108251474,-1.631434755250447e-08,0.0,0.0,0.0007389320493934469,-0.6369935846522513,1.897987331645554,-0.16230218422776532,-0.2650654043642909,-0.13279342375814487,203,0.1470957961457448,0.5,-0.00018771663922557814,-0.034894476907384876,-0.25016737050999555,-95.98300042000001,-0.16041055206796814,65.87,-0.3672904960949351,3741696,0.0,-0.7010176113069129,0.0003,0.9013994932174683,1.0009104013442993,34052,-0.02108156632166356,0.2,0.024727218,0.22913818359375,30.374525547027588,13.912327766418457,-34.06207695007324
0.0,0.0,-0.0038944903517360834,-0.16906805118326637,0.0,1237,0.01,0.65,3039,0.9064576,0.0,-0.3604438692694928,-1.5360460494392903e-08,0.0,0.0,0.00030707446017509536,-0.6342359891592988,1.8786535979048853,-0.1482169634815289,-0.26515767043452204,-0.1335144350994263,204,0.14412739935775132,0.5,-0.00026095874070759036,-0.0313998788839707,-0.2503695301636942,-95.28604940999998,-0.16063144047534444,65.28,-0.37491918171424504,3760128,0.0,-0.6937877412575787,0.0003,0.9120147228240967,1.0010576248168945,34056,-0.024039072974119335,0.2,0.023255154,0.21153564453125,27.43219175338745,12.823749542236328,-34.06357765197754
0.0,0.0,-0.004650080031622426,-0.16606051944374609,0.0,1243,0.01,0.65,3039,0.9059968,0.0,-0.36026696006340997,-1.5169093734557853e-08,0.0,0.0,0.00037868904635413655,-0.6299869016685344,1.8918032821397561,-0.14915672030747784,-0.2648783361131783,-0.1331983076403387,205,0.14481541218499358,0.5,-0.00013346324946420887,-0.029962266699573678,-0.2489416642558212,-93.30163465000001,-0.16080540092151294,64.11,-0.37288533121004414,3778560,0.0,-0.6986738693680313,0.0003,0.900982141494751,1.0010483264923096,34060,-0.02199446982704103,0.2,0.023352893,0.22637939453125,29.508934783935548,13.252456665039062,-34.06301994323731
0.0,0.0,-0.00524230772508602,-0.1666137218846777,0.0,1249,0.01,0.65,3039,0.905536,0.0,-0.3536558655881593,-1.569231248725201e-08,0.0,0.0,0.000285373127553612,-0.6437155663624442,1.9151724554831813,-0.1609132091444322,-0.2655248107864722,-0.1357399468934639,206,0.1438965104313724,0.5,-4.286011163559225e-05,-0.03399459401422823,-0.24569976839784483,-92.30892503000001,-0.15933860423798796,68.21,-0.37514400122665037,3796992,0.0,-0.6956634979688968,0.0003,0.8893080949783325,1.00114107131958,34064,-0.02160799744306132,0.2,0.02581879,0.23956298828125,33.06870527267456,15.677677154541016,-34.06559886932373
0.0,0.0,-0.0028976666411245034,-0.17172662565997754,0.0,1255,0.01,0.65,3039,0.9050752,0.0,-0.35985229910334837,-1.5794524489634493e-08,0.0,0.0,0.000477430358943012,-0.6563049468425651,1.9174035389377788,-0.1653817450787482,-0.2654704063307105,-0.13458932536446228,207,0.14646083863390869,0.5,-0.0010416651542376105,-0.03607967949908681,-0.24758668998488828,-94.93224846999999,-0.16040368077800482,66.57,-0.37299528231925083,3815424,0.0,-0.695601077985829,0.0003,0.9020824432373047,1.0016329288482666,34068,-0.019886386999860405,0.2,0.022113437,0.21385498046875,30.43228464126587,13.686494827270508,-34.07071189880371
0.0,0.0,-0.004581683035616211,-0.17559060195323217,0.0,1261,0.01,0.65,3039,0.9046144,0.0,-0.3602941449581977,-1.4446886132806265e-08,0.0,0.0,0.00048068550596427586,-0.6353275470760181,1.8911285711337262,-0.15964910432765336,-0.2655294784729907,-0.1325956602696271,208,0.14502723107965534,0.5,-0.0004942483760209547,-0.03547254534206063,-0.2471512550553588,-92.83979055,-0.16136661565442556,66.8,-0.36978228414420083,3833856,0.0,-0.6951693241995055,0.0003,0.9066494703292847,1.0015543699264526,34072,-0.023512671201024203,0.2,0.024446305,0.22235107421875,30.159295654296876,14.84244441986084,-34.0714448928833
0.0,0.0,-0.0032808633797037348,-0.17638626847772015,0.0,1267,0.01,0.65,3039,0.9041536,0.0,-0.36379123341267056,-1.6434886791537878e-08,0.0,0.0,0.00034179665251738497,-0.650342234645018,1.9206452388494146,-0.1674521993019466,-0.26521952666554904,-0.12833923621312515,209,0.14661919589031053,0.5,-0.0004920781389551444,-0.0351635912807691,-0.25029255534480144,-90.08567520999999,-0.16172720278365516,63.56,-0.3704215765663606,3852288,0.0,-0.69080078112999,0.0003,0.9086626768112183,1.0014276504516602,34076,-0.021405507577583194,0.2,0.021540467,0.2189208984375,29.87114543914795,14.085083961486816,-34.070129585266116
0.0,0.0,-0.005199004371361041,-0.18023269948079512,0.0,1273,0.01,0.65,3039,0.9036928,0.0,-0.3630281247696067,-1.9177674640422868e-08,0.0,0.0,0.0004611543263308704,-0.6413297624063387,1.9257553374178376,-0.15806717276682183,-0.2655886508136048,-0.1299492986615135,210,0.14901164387250426,0.5,-0.00013400576426647604,-0.034185366952306104,-0.25080645872235124,-92.43273199,-0.16182754429929047,66.74,-0.36720462858027186,3870720,0.0,-0.690953396852787,0.0003,0.9106743931770325,1.0013426542282104,34080,-0.02151663650292903,0.2,0.024052955,0.228369140625,29.10616044998169,16.981197357177734,-34.067665100097656
0.0,0.0,-0.005284701437183116,-0.17189874132097868,0.0,1279,0.01,0.65,3039,0.903232,0.0,-0.3715718401927106,-1.5461670017417066e-08,0.0,0.0,0.0005935327337485634,-0.6341722898144115,1.9166172690549668,-0.1465779410864849,-0.2650969198722341,-0.12665047782925828,211,0.15125986444201972,0.5,-7.107189675379131e-05,-0.02872165985052845,-0.25638010134423217,-91.85431516000003,-0.16415132029765114,64.36,-0.3666072994664371,3889152,0.0,-0.6914921262509989,0.0003,0.8900074362754822,1.001025915145874,34084,-0.019489955483004452,0.2,0.021893024,0.2193115234375,35.836164474487305,18.39070701599121,-34.06390953063965
0.0,0.0,-0.007929155768716164,-0.17190308551628317,0.0,1285,0.01,0.65,3039,0.9027712,0.0,-0.360899368442949,-1.5090808592440143e-08,0.0,0.0,0.00047526015744855005,-0.6546912845152256,1.94036919527179,-0.15873105758997355,-0.26533191221700547,-0.13168053518500336,212,0.1464851613720145,0.5,-0.00016818537713131972,-0.03182228419352904,-0.24851039317198353,-92.09455194999998,-0.1616560099847124,65.95,-0.3731328503006607,3907584,0.0,-0.6995081180640594,0.0003,0.8734095096588135,1.00086510181427,34088,-0.018552215688396247,0.2,0.019705405,0.205029296875,38.185326194763185,18.18756866455078,-34.0594123840332
0.0,0.0,-0.0063967178990657235,-0.1763288276771327,0.0,1291,0.01,0.65,3039,0.9023104,0.0,-0.36859382356128767,-1.7283289428203566e-08,0.0,0.0,0.00039279490657564666,-0.6440601278421104,1.910199067582566,-0.1513249503758171,-0.26519788722124304,-0.12768600940954222,213,0.1471037576399438,0.5,-0.00024956549491940276,-0.03174045344481624,-0.2483511702348148,-92.26082027999999,-0.1630684385805624,63.39,-0.36886000945730973,3926016,0.0,-0.690367651834329,0.0003,0.8971561193466187,1.0011155605316162,34092,-0.02104096773546189,0.2,0.0229139,0.2328369140625,33.723300266265866,14.24160099029541,-34.06271591186523
0.0,0.0,-0.003079539244411868,-0.17146895860650102,0.0,1297,0.01,0.65,3039,0.9018496,0.0,-0.36933607761930154,-1.382328184507948e-08,0.0,0.0,0.00043945283848895796,-0.6217839692293995,1.9176386715198737,-0.1419485591956488,-0.2654489758446587,-0.1288151118479727,214,0.1497077205303866,0.5,-0.00017632338050235476,-0.028220210485223014,-0.25208786882673995,-90.30186193,-0.16373602312702717,63.58,-0.3658375445182449,3944448,0.0,-0.691276660686341,0.0003,0.8984904885292053,1.0012445449829102,34096,-0.021101474191527813,0.2,0.023010517,0.212744140625,33.2295708656311,17.41899299621582,-34.065554809570315
0.0,0.0,-0.004771317415304982,-0.1719879808083582,0.0,1303,0.01,0.65,3039,0.9013888,0.0,-0.3695861387438379,-1.5254680924845904e-08,0.0,0.0,0.0004405379521712247,-0.6400802640557469,1.9263729246921377,-0.15226352376472435,-0.26562028275922844,-0.12488933699343835,215,0.14890754407250453,0.5,-0.0007416437373548332,-0.030881125553568152,-0.25002144157449147,-89.21424083000002,-0.16399999333738913,66.98,-0.3681518342067662,3962880,0.0,-0.6898191987216777,0.0003,0.9065629839897156,1.001479983329773,34100,-0.021223591757006943,0.2,0.023814816,0.21812744140625,29.049220180511476,13.577038764953613,-34.069830322265624
0.0,0.0,-0.004143403996556615,-0.17009028610570195,0.0,1309,0.01,0.65,3039,0.900928,0.0,-0.35814065285314195,-1.437946693950725e-08,0.0,0.0,0.00034396679257042706,-0.6286446307447789,1.9461847255469218,-0.15065922660076528,-0.26582616027532435,-0.12965264536811427,216,0.15196900813949657,0.5,-0.00018391898225268556,-0.03017102208573346,-0.24707781865081063,-89.50695795,-0.16299351230345127,67.95,-0.36620257662571415,3981312,0.0,-0.6938511878497805,0.0003,0.9159369468688965,1.001356840133667,34104,-0.019944625289645045,0.2,0.02362844,0.22694091796875,27.90933198928833,13.97006607055664,-34.06864280700684
0.0,0.0,-0.003990067334427049,-0.1765848165614878,0.0,1315,0.01,0.65,3039,0.9004672,0.0,-0.35721959059410746,-1.518133512290706e-08,0.0,0.0,0.00039279488070557517,-0.6401247400059646,1.9438451890276371,-0.16388768786071195,-0.2656697558517451,-0.1311257393301731,217,0.14875243585192627,0.5,-0.0003694654604057885,-0.03488161421928451,-0.24829251666642238,-89.22892342000002,-0.16183760594763819,64.6,-0.3664546218421837,3999744,0.0,-0.6855102989152402,0.0003,0.91106778383255,1.0010713338851929,34108,-0.02143779704347253,0.2,0.022721646,0.23408203125,29.99688777923584,14.594999313354492,-34.06639232635498
0.0,0.0,-0.005520665712754969,-0.16896292617475128,0.0,1321,0.01,0.65,3039,0.9000064,0.0,-0.3642211976282377,-1.4738163625764893e-08,0.0,0.0,0.00048177054203632806,-0.6234845671111745,1.9580889497460636,-0.15196588606035955,-0.26559528277012134,-0.12752179826248106,218,0.15023092114670022,0.5,-0.00044976060518011864,-0.030605561121562794,-0.2516825512092633,-90.43309041999998,-0.16317175807140322,68.93,-0.36486823967845317,4018176,0.0,-0.6876511605030677,0.0003,0.9112607836723328,1.0008043050765991,34112,-0.02094315644353628,0.2,0.024134655,0.22969970703125,31.205181503295897,16.32149887084961,-34.062912178039554
0.0,0.0,-0.007711723834143101,-0.16695843718342218,0.0,1327,0.01,0.65,3039,0.8995456,0.0,-0.36058740238966636,-1.3652197914155339e-08,0.0,0.0,0.00040364550659433007,-0.6136650768066446,1.9588987353764038,-0.15151138527114666,-0.2657660482831097,-0.12450229502744052,219,0.15319355009712016,0.5,-0.00030219134512460895,-0.027222097501600078,-0.25071587578396426,-91.03123951000002,-0.1627969525318828,69.82,-0.36842098375337184,4036608,0.0,-0.6912688661008207,0.0003,0.9054765105247498,1.0007036924362183,34116,-0.020410532189998776,0.2,0.022967493,0.22872314453125,32.34697542190552,14.994206428527832,-34.06050109863281
0.0,0.0,-0.005433051165142578,-0.1716217903226649,0.0,1333,0.01,0.65,3040,0.8990848,0.0,-0.3636182408256538,-1.3238835237455981e-08,0.0,0.0,0.0002712671573842979,-0.6334984150094187,1.969411071761139,-0.16170924107090745,-0.2656180836608532,-0.12624618814687094,220,0.15182052959797374,0.5,-0.00021647103615881255,-0.030217727736217614,-0.24893905848257664,-89.21970173,-0.16369986641361192,66.03,-0.3642811070479752,4055040,0.0,-0.6881293735719035,0.0003,0.9058049917221069,1.0011545419692993,34120,-0.0217383925919421,0.2,0.02636894,0.22071533203125,31.618633460998534,15.792696952819824,-34.064476013183594
0.0,0.0,-0.006521421577975907,-0.17395967252717587,0.0,1339,0.01,0.65,3040,0.898624,0.0,-0.3577152275949682,-1.3940210605783593e-08,0.0,0.0,0.00024305531729219688,-0.6496429069483826,1.961044647542182,-0.16233866526860596,-0.26519472337944217,-0.12114749065291372,221,0.14924945368576772,0.5,-0.00024848046208110947,-0.031677196426392516,-0.2443787452590935,-88.34813867999999,-0.16154207047319732,67.4,-0.3723008810374541,4073472,0.0,-0.684973276341979,0.0003,0.9108551740646362,1.0011776685714722,34124,-0.022891410766169427,0.2,0.023906138,0.2300537109375,31.485231781005858,14.154507637023926,-34.06707611083984
0.0,0.0,-0.0038753744530823355,-0.17399866908478645,0.0,1345,0.01,0.65,3040,0.8981631999999999,0.0,-0.35397708600852495,-1.4447261550203801e-08,0.0,0.0,0.00026909693972104124,-0.6501989003227124,1.9831793168012177,-0.16419298691155268,-0.26549749522603266,-0.12331393257365736,222,0.1507693158538212,0.5,-0.0002311193594424468,-0.031753175818704106,-0.24500910400288958,-87.78442094999997,-0.16028939323819857,66.09,-0.37156580491071833,4091904,0.0,-0.6852009543591442,0.0003,0.9123398065567017,1.001173973083496,34128,-0.024409638496581464,0.2,0.0250067,0.248095703125,31.528577709197997,16.1262264251709,-34.06607933044434
0.0,0.0,-0.005848361114416295,-0.17423842180303473,0.0,1352,0.01,0.65,3040,0.8977024,0.0,-0.3595909186512534,-1.4755313905417842e-08,0.0,0.0,0.0002734371810220182,-0.6443979478374282,1.9705189734658317,-0.1638112572480887,-0.2658495989550981,-0.1237010440538832,223,0.15043804080546608,0.5,-6.618907597536842e-05,-0.03122518936520801,-0.24546151488594908,-90.80117644,-0.1626291477289432,66.4,-0.36988954566039034,4110336,0.0,-0.6896687681469819,0.0003,0.9061403274536133,1.0008325576782227,34132,-0.018705240543931724,0.2,0.023825359,0.24886474609375,33.53211259841919,16.527441024780273,-34.06256332397461
0.0,0.0,-0.0035776308354598454,-0.17174729322276783,0.0,1358,0.01,0.65,3040,0.8972416,0.0,-0.3586342172813751,-1.4084383180592864e-08,0.0,0.0,0.0004036455389319195,-0.6215592407967147,1.9791720119050522,-0.15190391635315334,-0.26521540225974705,-0.11931950423615942,224,0.156927263061649,0.5,-0.0002951384020788181,-0.02747953911207332,-0.24774681376528265,-86.36545896999998,-0.16344013207170413,68.43,-0.361952896535146,4128768,0.0,-0.6872110329004859,0.0003,0.8964672088623047,1.0012431144714355,34136,-0.019436206948012114,0.2,0.024561483,0.2186767578125,37.38077087402344,16.191965103149414,-34.064243125915525
0.0,0.0,-0.005585659939943773,-0.17216252149178818,0.0,1364,0.01,0.65,3040,0.8967808,0.0,-0.35504388899407197,-1.3481653699691687e-08,0.0,0.0,0.0002690969688248717,-0.6377175850972033,1.967441647265864,-0.16612382444645546,-0.26552901029209575,-0.12317992053674637,225,0.15175810144022683,0.5,-0.00010959182367918806,-0.031918491419476246,-0.2436726861338619,-89.2029848,-0.16071732729410912,70.88,-0.3684054052624887,4147200,0.0,-0.6818203885535344,0.0003,0.8716599941253662,1.0013914108276367,34140,-0.017851031117606907,0.2,0.02097777,0.2024169921875,43.8189811706543,21.364377975463867,-34.06926517486572
0.0,0.0,-0.003828125796783164,-0.16769940514357884,0.0,1370,0.01,0.65,3040,0.89632,0.0,-0.35941640183092466,-1.3474106639531156e-08,0.0,0.0,0.0003124996858079814,-0.6198798998967273,1.9940752883032076,-0.15563844847785435,-0.2657648637459651,-0.12225236691359065,226,0.15378609786937864,0.5,-0.00022732162647621913,-0.02777633647309359,-0.24885890326047905,-86.98613916999999,-0.16224542068411937,69.75,-0.3669167320186185,4165632,0.0,-0.6866752560910192,0.0003,0.902530312538147,1.0009276866912842,34144,-0.02168226563371718,0.2,0.024681378,0.22945556640625,34.93348217010498,16.771682739257812,-34.06376724243164
0.0,0.0,-0.0046342915089054755,-0.1724619283069482,0.0,1376,0.01,0.65,3040,0.8958592,0.0,-0.356520528034028,-1.2084917018463979e-08,0.0,0.0,0.0002528209135764175,-0.6170427291266751,1.9667015962237673,-0.15394121955838533,-0.2656106037415889,-0.11764660453153512,227,0.154755138942115,0.5,-0.00022460895545211516,-0.027691537876256365,-0.2463972006756867,-88.10396845999998,-0.1630942729639249,68.29,-0.36660927662193665,4184064,0.0,-0.6864653950786028,0.0003,0.9027559161186218,1.0006945133209229,34148,-0.020277891051955522,0.2,0.021633223,0.21768798828125,33.99432945251465,14.855616569519043,-34.05964126586914
0.0,0.0,-0.006278946880628109,-0.1730750419431085,0.0,1382,0.01,0.65,3040,0.8953984,0.0,-0.36039094900341173,-1.3490556853066891e-08,0.0,0.0,0.0002506507735233754,-0.6336956227704313,1.9975690610154113,-0.1612747292228353,-0.2660244072985545,-0.12005799658761641,228,0.1537617315303268,0.5,-0.0003727206737191106,-0.029574317535493395,-0.25021972789977875,-85.38326244,-0.1633583411565672,68.01,-0.36617452487624474,4202496,0.0,-0.6860571637363244,0.0003,0.8792951703071594,1.0011639595031738,34152,-0.01817780309356749,0.2,0.020518217,0.2037353515625,44.7583724975586,20.810285568237305,-34.06505069732666
0.0,0.0,-0.003754411493492167,-0.1738903081963279,0.0,1388,0.01,0.65,3040,0.8949376,0.0,-0.35662490178546025,-1.2626522259690191e-08,0.0,0.0,0.00030707434699353244,-0.6316002372289576,1.9943867583500823,-0.16179647134193387,-0.2656733810766166,-0.11740672145883063,229,0.15509453955661898,0.5,-0.0001340058030715833,-0.029715958883532796,-0.24827980932518778,-86.79226372,-0.1622947712846497,69.15,-0.36775918079540826,4220928,0.0,-0.6838225208298209,0.0003,0.9072688817977905,1.0010039806365967,34156,-0.02046456641983241,0.2,0.021999162,0.1982666015625,34.00537023544312,15.769793510437012,-34.06688251495361
0.0,0.0,-0.0037067543492619007,-0.17472862312959345,0.0,1394,0.01,0.65,3040,0.8944768,0.0,-0.35820081554509525,-1.4497674370643235e-08,0.0,0.0,0.00033420110574095615,-0.6275419525409341,2.003708685105121,-0.16378364224164954,-0.2662675230856392,-0.11888733676009082,230,0.15351306317796717,0.5,-0.00031358456989336346,-0.030456097263862097,-0.24637071212281375,-87.42048646,-0.16119007440700342,67.9,-0.36794348774185626,4239360,0.0,-0.6831629185833723,0.0003,0.9015663266181946,1.0018885135650635,34160,-0.021816650568507612,0.2,0.025499692,0.24462890625,36.71053466796875,18.70676040649414,-34.07196311950683
0.0,0.0,-0.0031319368122358104,-0.17291720751719708,0.0,1400,0.01,0.65,3040,0.894016,0.0,-0.35817907565575247,-1.3520875188229985e-08,0.0,0.0,0.00038411419761056703,-0.6360994119428651,1.9820245727068473,-0.16947921257302995,-0.2662101828587071,-0.11497811081089081,231,0.1553673331539154,0.5,-0.0002370871758709351,-0.0313948766412053,-0.24721846255211796,-88.42673097,-0.16113668866877628,72.73,-0.36787906567276163,4257792,0.0,-0.6882658801993417,0.0003,0.9054404497146606,1.0016860961914062,34164,-0.02177309217513539,0.2,0.029310498,0.266357421875,35.19241523742676,15.911358833312988,-34.07378978729248
0.0,0.0,-0.006701403070468518,-0.17057632995828897,0.0,1406,0.01,0.65,3040,0.8935552,0.0,-0.3555610758562621,-1.3471608948718234e-08,0.0,0.0,0.00027777739968668256,-0.626903654741927,1.996478991471967,-0.16783636523360812,-0.26602723617799806,-0.11881077855813126,232,0.15574335410806922,0.5,-2.7669179770681592e-05,-0.031178650036766578,-0.246209010578928,-88.29143326000002,-0.16113766479921507,69.93,-0.3656312779463296,4276224,0.0,-0.6826456769692546,0.0003,0.8913722038269043,1.001253366470337,34168,-0.02032532813900616,0.2,0.025492677,0.24873046875,41.52108745574951,19.0852108001709,-34.06942272186279
0.0,0.0,-0.004262906161377918,-0.17543268454151087,0.0,1412,0.01,0.65,3040,0.8930944,0.0,-0.3675107152181381,-1.360845802903834e-08,0.0,0.0,0.00034613681620814733,-0.636015792309942,2.0053167242977725,-0.16556482131837083,-0.2658514874710586,-0.1122020168107317,233,0.15583386580325576,0.5,-0.00031955240249064646,-0.029906479763273233,-0.24853701234976175,-89.37277673999998,-0.16229651456622798,71.5,-0.3628152083205479,4294656,0.0,-0.6876057496506855,0.0003,0.9156013131141663,1.0016220808029175,34172,-0.022210015344899147,0.2,0.023661826,0.22935791015625,32.51589488983154,15.767752647399902,-34.07112770080566
0.0,0.0,-0.0037141567172626257,-0.17264333897452444,0.0,1418,0.01,0.65,3040,0.8926336,0.0,-0.36047265212191465,-1.234157428314744e-08,0.0,0.0,0.00025824615214433934,-0.6413930007556206,1.981966835257533,-0.17324391636227174,-0.26554525567076315,-0.11051979611130625,234,0.15373068192149864,0.5,-0.00022081124350532063,-0.031143854872015795,-0.24705553387699122,-85.92332771,-0.16147054118964124,69.32,-0.3676757266156637,4313088,0.0,-0.6888067879861836,0.0003,0.8973987698554993,1.0014894008636475,34176,-0.020966678531840442,0.2,0.025091818,0.24239501953125,39.24283275604248,19.3720645904541,-34.06918468475342
0.0,0.0,-0.004303456321940844,-0.16917851650432206,0.0,1424,0.01,0.65,3040,0.8921728,0.0,-0.3627032798279078,-1.5567282307769905e-08,0.0,0.0,0.00043619757181861333,-0.6031764864552905,1.9772030116121533,-0.14982546847625997,-0.26545456717283655,-0.11279505179749733,235,0.1594125711585255,0.5,-0.00010850668897748821,-0.02566070989419012,-0.24697004748726437,-87.43450084999999,-0.16357897365809085,67.8,-0.35920043452098344,4331520,0.0,-0.6885414604789681,0.0003,0.8903960585594177,1.001068353652954,34180,-0.02075244942680001,0.2,0.024458874,0.2173583984375,42.70316104888916,18.79093360900879,-34.0645658493042
0.0,0.0,-0.003056593356301876,-0.17493790401230047,0.0,1430,0.01,0.65,3040,0.8917120000000001,0.0,-0.36133927226124624,-1.2808258152939095e-08,0.0,0.0,0.00040256033147064346,-0.6324778218171203,2.015636326135947,-0.16944583033519517,-0.26573623605281027,-0.11214919039396028,236,0.15588256198995418,0.5,-0.00018446146310048384,-0.030514494890729556,-0.2502630174962494,-86.95103117999999,-0.16162234386774815,70.93,-0.36868533287140665,4349952,0.0,-0.690459032699536,0.0003,0.8743332624435425,1.0010485649108887,34184,-0.019926713057793678,0.2,0.0206973,0.20576171875,45.988604354858396,23.291044235229492,-34.064453125
0.0,0.0,-0.007897913497832214,-0.17792425717281807,0.0,1436,0.01,0.65,3040,0.8912512,0.0,-0.35909304232981554,-1.301212592818974e-08,0.0,0.0,0.0003146698484973361,-0.6539909858175486,2.018914289611895,-0.1762657896680343,-0.26591076884329823,-0.1156441366602177,237,0.1549023739182927,0.5,-0.0001535369600686762,-0.03411461291060319,-0.24715494489407006,-86.67284702999997,-0.16091290401491873,71.43,-0.36567357843136833,4368384,0.0,-0.6869777876182628,0.0003,0.9055829048156738,1.001145362854004,34188,-0.019731453526765107,0.2,0.020551119,0.1915283203125,36.84006767272949,18.316946029663086,-34.06434307098389
0.0,0.0,-0.0032039836399895463,-0.17088711345163154,0.0,1442,0.01,0.65,3040,0.8907904,0.0,-0.3558480878951969,-1.2792385208726082e-08,0.0,0.0,0.00024197012276595665,-0.6480639560491867,2.03203017054168,-0.18062401383662466,-0.2663559821054274,-0.11534181266883071,238,0.1555814466655845,0.5,-0.00044325008639134467,-0.032151437032229904,-0.2452225343204416,-86.86571444,-0.1609915320388864,72.01,-0.3679182267909686,4386816,0.0,-0.6887220695336035,0.0003,0.9147853255271912,1.0014488697052002,34192,-0.019336950220167636,0.2,0.022261053,0.228662109375,35.293477630615236,16.17373275756836,-34.06926345825195
0.0,0.0,-0.005226667076700257,-0.17122632188523143,0.0,1448,0.01,0.65,3040,0.8903296,0.0,-0.3633722644039483,-1.2844603689835783e-08,0.0,0.0,0.0003222652562221305,-0.6559834941420175,2.0206535094917033,-0.17200807648869032,-0.2659948706871079,-0.11363271649517191,239,0.15546431229787275,0.5,-0.0005154073199567696,-0.030122284129177404,-0.2501242734929287,-85.64842747000003,-0.16355170342417008,67.11,-0.364098698259483,4405248,0.0,-0.6871524071261483,0.0003,0.9028828144073486,1.0018365383148193,34196,-0.020465147017966957,0.2,0.024880683,0.2340087890625,39.614698600769046,18.237855911254883,-34.07359294891357
0.0,0.0,-0.00485412249747407,-0.17480030254904416,0.0,1454,0.01,0.65,3040,0.8898688,0.0,-0.36401731328533515,-1.2549212719030776e-08,0.0,0.0,0.0002777773932191647,-0.6529213701753833,2.024923987919773,-0.18174857583538478,-0.2662599129508123,-0.11341900478620547,240,0.15351620237929528,0.5,-0.00020290759372680137,-0.035418506808643405,-0.2467082869573306,-83.98281311000001,-0.16240132956850073,68.07,-0.36397440922032975,4423680,0.0,-0.6834536535298077,0.0003,0.8751845359802246,1.001400351524353,34200,-0.019944005936849862,0.2,0.020667888,0.21314697265625,49.95377101898193,24.418867111206055,-34.07015190124512
0.0,0.0,-0.005261086791662479,-0.171589762764323,0.0,1460,0.01,0.65,3040,0.889408,0.0,-0.3694420397111507,-1.315523777308049e-08,0.0,0.0,0.0003873694222420454,-0.6384595427812501,2.026143935574494,-0.16544555761503935,-0.2660391717036382,-0.11038461867837224,241,0.15790572649427265,0.5,-0.00011989995416822947,-0.02944439373849454,-0.2499988599685918,-83.14748856,-0.16320624239317308,71.46,-0.36080172009983785,4442112,0.0,-0.6816633656950033,0.0003,0.894784152507782,1.0013927221298218,34204,-0.022364481817930937,0.2,0.022486772,0.21768798828125,44.56730327606201,19.394121170043945,-34.069828033447266
0.0,0.0,-0.01018722996002475,-0.17234831581897894,0.0,1466,0.01,0.65,3040,0.8889472,0.0,-0.3649604154095576,-1.3015117759217091e-08,0.0,0.0,0.000256076080000235,-0.6473841490231289,2.0570220487279918,-0.1703911311482129,-0.26616065870812006,-0.11698654260568772,242,0.1569911315959572,0.5,-0.0001703555931776969,-0.029896959104267293,-0.25049919737096915,-85.44355714,-0.1625487980283276,70.65,-0.36289976270601654,4460544,0.0,-0.687514283067661,0.0003,0.8851962685585022,1.0012753009796143,34208,-0.01958948418032378,0.2,0.018243525,0.19664306640625,45.76358547210693,19.75330924987793,-34.07004222869873
0.0,0.0,-0.005803079100743894,-0.17190778768128034,0.0,1472,0.01,0.65,3041,0.8884864,0.0,-0.3661732270092688,-1.546597822258968e-08,0.0,0.0,0.00044596309372637834,-0.6428166702962694,2.0433074703257894,-0.17998889737057616,-0.266443474972327,-0.11677616676593991,243,0.15729984852001264,0.5,-0.00012369766288126507,-0.03380350940589554,-0.25128469367555545,-85.4405517,-0.16181997609228774,68.7,-0.3621162774585507,4478976,0.0,-0.6811769279853528,0.0003,0.8910284042358398,1.0009044408798218,34212,-0.022046615422004832,0.2,0.018936392,0.1967041015625,44.90819053649902,19.16651725769043,-34.06455345153809
0.0,0.0,-0.00498990980250941,-0.17269607565185663,0.0,1478,0.01,0.65,3041,0.8880256,0.0,-0.36165506792469215,-1.256251260159744e-08,0.0,0.0,0.0002289492565776325,-0.6463891388852616,2.040230851074572,-0.1761440248827372,-0.26605219102068167,-0.11162461840509735,244,0.1567512972441549,0.5,-0.00034179630165454,-0.032079437768167116,-0.24939211490828653,-86.50918127999999,-0.16309429007146725,73.45,-0.3612009094839856,4497408,0.0,-0.6817575724614451,0.0003,0.8885766863822937,1.0009443759918213,34216,-0.020521577110048383,0.2,0.020436734,0.2021728515625,47.460924339294436,22.218236923217773,-34.063179397583006
0.0,0.0,-0.003977082409861559,-0.17689849504337424,0.0,1484,0.01,0.65,3041,0.8875648,0.0,-0.36461574787338913,-1.2332664353249515e-08,0.0,0.0,0.00028537287855417363,-0.6315337189663794,2.0276826002010884,-0.16957342426758232,-0.2662165360639267,-0.11044013663990634,245,0.1590749574006096,0.5,-0.000481227673137457,-0.031149340339336147,-0.2474728820709606,-84.03937875,-0.1642845731869759,72.9,-0.3628219199003814,4515840,0.0,-0.6891960583213346,0.0003,0.8990346789360046,1.0005834102630615,34220,-0.021434455725830047,0.2,0.020958807,0.21119384765625,44.192383193969725,22.454545974731445,-34.05863933563232
0.0,0.0,-0.003342039825103607,-0.17238520876345614,0.0,1490,0.01,0.65,3041,0.887104,0.0,-0.35656495361188506,-1.1819662852040137e-08,0.0,0.0,0.00027452214918513264,-0.6245936369609711,2.046567981873579,-0.16498187738996575,-0.26581885896393176,-0.11336554260526054,246,0.16035401222302026,0.5,-0.00016058995000397167,-0.02910152253314637,-0.24694895790373017,-83.57171054,-0.1633394117044833,70.49,-0.3588937445148883,4534272,0.0,-0.6832505208089257,0.0003,0.8916211128234863,1.0007725954055786,34224,-0.020749327441444622,0.2,0.02189916,0.20513916015625,47.253654098510744,24.330421447753906,-34.05830745697021
0.0,0.0,-0.005361518848136893,-0.17482700040231355,0.0,1496,0.01,0.65,3041,0.8866432,0.0,-0.3586132668616324,-1.2020853732503326e-08,0.0,0.0,0.0003971349473835693,-0.6081876417019854,2.0383069610569002,-0.16853941156677862,-0.26622739303306275,-0.11587341946084447,247,0.16145547768116417,0.5,-0.00011610216137746142,-0.030581144722795113,-0.24736306208101,-84.17606218,-0.16251538232382665,69.74,-0.3576824473506288,4552704,0.0,-0.6877420443902722,0.0003,0.8990588188171387,1.0013463497161865,34228,-0.020174053648952396,0.2,0.024015253,0.23707275390625,43.47383270263672,21.95176124572754,-34.06583099365234
0.0,0.0,-0.004510391762298174,-0.17105565711771795,0.0,1503,0.01,0.65,3041,0.8861824,0.0,-0.3613733707421112,-1.2446605612008838e-08,0.0,0.0,0.0003016489532051815,-0.6217416421028434,2.0392111352400666,-0.16952495834512135,-0.26618672244238806,-0.108139618342152,248,0.1614588432955416,0.5,-1.898866159737938e-05,-0.029169190616398492,-0.2516901756339437,-83.11098999,-0.1636858781433261,73.54,-0.35777389805325716,4571136,0.0,-0.6855745019339574,0.0003,0.909821093082428,1.0015382766723633,34232,-0.020508859306573868,0.2,0.024285268,0.23660888671875,39.992543411254886,20.722431182861328,-34.06935291290283
0.0,0.0,-0.004823463004969718,-0.17294590793206627,0.0,1509,0.01,0.65,3041,0.8857216,0.0,-0.3607799659636122,-1.2038234588946614e-08,0.0,0.0,0.00031901000572058064,-0.6065445896495961,2.0328300518787326,-0.16371663981411697,-0.26579796060806743,-0.10881992371661996,249,0.1642522434483139,0.5,-5.479586737540861e-05,-0.02842426236209303,-0.2474734465701563,-80.96352562,-0.1642734731980004,69.39,-0.35617184423624604,4589568,0.0,-0.6828661979908172,0.0003,0.8933069705963135,1.001267433166504,34236,-0.019128249981440602,0.2,0.023731215,0.22620849609375,45.57943744659424,22.063289642333984,-34.06691265106201
0.0,0.0,-0.003980366660116275,-0.17979129462045107,0.0,1515,0.01,0.65,3041,0.8852608,0.0,-0.3601787968206204,-1.2451111905495873e-08,0.0,0.0,0.0003146697256144964,-0.6474295727590804,2.036799696568921,-0.17765244792763699,-0.26647765944773866,-0.10922046557589273,250,0.15889194220320596,0.5,-6.239133654162288e-05,-0.03234527239734282,-0.2475990033138445,-85.59921585000002,-0.16276479999087315,69.66,-0.36420040739559245,4608000,0.0,-0.6827504652040982,0.0003,0.8904336094856262,1.0011881589889526,34240,-0.020089408778585494,0.2,0.021769267,0.21314697265625,46.79409275054932,21.471689224243164,-34.06472625732422
0.0,0.0,-0.005221098970572854,-0.17728056319078364,0.0,1521,0.01,0.65,3041,0.8848,0.0,-0.3593505582074001,-1.2897398699819181e-08,0.0,0.0,0.0003396262731661813,-0.63814032073203,2.035323099926872,-0.1854794074535801,-0.2662454982665264,-0.10900917391000342,251,0.16064072052610495,0.5,-0.000156792217037744,-0.03492212586812091,-0.24626852614848044,-84.42405423,-0.16294276696548168,68.57,-0.3611311887482287,4626432,0.0,-0.680856262126841,0.0003,0.8923129439353943,1.001032829284668,34244,-0.020354073913767933,0.2,0.02323091,0.23658447265625,48.491533279418945,23.60999298095703,-34.0646146774292
0.0,0.0,-0.00313171641638861,-0.17585331525432848,0.0,1527,0.01,0.65,3041,0.8843392,0.0,-0.3618286810349851,-1.2337328381177625e-08,0.0,0.0,0.00032986057016791566,-0.6169116205618748,2.0304519127344918,-0.18229178626349218,-0.2662331623849587,-0.10431382592849427,252,0.16278969191677584,0.5,-9.982615140163236e-05,-0.033124806382342095,-0.24962371746250403,-83.33103788,-0.1624034467560844,75.43,-0.36086402782859606,4644864,0.0,-0.6796295180036623,0.0003,0.898333728313446,1.0012879371643066,34248,-0.01830767436185852,0.2,0.023988698,0.232080078125,46.76842269897461,19.785734176635742,-34.06690578460693
0.0,0.0,-0.00390545237470802,-0.1709823646432851,0.0,1533,0.01,0.65,3041,0.8838784,0.0,-0.35721472075825006,-1.265582070049244e-08,0.0,0.0,0.0004199214486612214,-0.6117261095781928,2.053688260189765,-0.17431036203098127,-0.26609567629513126,-0.11062507653398325,253,0.16324903842542995,0.5,-2.712666820217338e-05,-0.030101482004036038,-0.2484976579671448,-83.67294419,-0.1611908440691728,75.58,-0.359063935900791,4663296,0.0,-0.6851870148480786,0.0003,0.9040886163711548,1.0011546611785889,34252,-0.02026349586667493,0.2,0.025066584,0.25477294921875,42.63874530792236,20.60012435913086,-34.06782894134521
0.0,0.0,-0.006781148189177965,-0.17320421142261744,0.0,1539,0.01,0.65,3041,0.8834176,0.0,-0.3555474905870038,-1.2426382203130355e-08,0.0,0.0,0.00028211759571503435,-0.6071794325576437,2.041591904902272,-0.1677207231996546,-0.2660505103317119,-0.10984259954009608,254,0.1639706527462271,0.5,-9.006055835117068e-05,-0.02946814523761919,-0.24711155004122387,-81.61173310000001,-0.16223420181683745,74.2,-0.35498115036771777,4681728,0.0,-0.6743910943918947,0.0003,0.9033499360084534,1.0014153718948364,34256,-0.021066993405111135,0.2,0.02122495,0.224755859375,42.59586009979248,22.169099807739258,-34.06953754425049
0.0,0.0,-0.0032954216664616764,-0.17223652826084215,0.0,1545,0.01,0.65,3041,0.8829568,0.0,-0.3564530437875174,-1.1946824380902487e-08,0.0,0.0,0.00034071132217326923,-0.6324995638336086,2.07429463000079,-0.18797359676304456,-0.2665419066163466,-0.11311328310354993,255,0.16102000097129046,0.5,-0.00015679217176511884,-0.032604675004688694,-0.24958220794054065,-81.55858036,-0.16239567830786036,73.39,-0.36230080210229987,4700160,0.0,-0.680658183139831,0.0003,0.9063702821731567,1.0012494325637817,34260,-0.02195728918304667,0.2,0.025317049,0.23192138671875,42.398078727722165,23.068058013916016,-34.06853256225586
0.0,0.0,-0.0027743964333957548,-0.17346378401393167,0.0,1551,0.01,0.65,3041,0.882496,0.0,-0.3570314413642304,-1.229762592596079e-08,0.0,0.0,0.0003667529284333189,-0.6331367179393932,2.062740507620524,-0.18146970942391388,-0.26652410902175394,-0.10810429319846343,256,0.16131154259957683,0.5,-8.680534988848699e-05,-0.03271973135453118,-0.24591608541604368,-81.97438807999998,-0.16203752890717424,76.14,-0.3609678067385755,4718592,0.0,-0.6803310740040512,0.0003,0.9133397936820984,1.0015321969985962,34264,-0.019723891955800356,0.2,0.0249435,0.2294677734375,40.618385314941406,20.286245346069336,-34.06994152069092
0.0,0.0,-0.0032333952335156678,-0.1714997807896391,0.0,1557,0.01,0.65,3042,0.8820352,0.0,-0.3601968195339559,-1.1402268719267116e-08,0.0,0.0,0.00027560720465973846,-0.6156856019021408,2.053800723001197,-0.1744455398181805,-0.266556998138017,-0.1085322261806828,257,0.1625647472276122,0.5,-5.750852223071787e-05,-0.030510964006243882,-0.2468583348283015,-80.07801997,-0.16320377033461647,72.9,-0.35931091321823044,4737024,0.0,-0.6850890384461285,0.0003,0.8936246037483215,1.0014656782150269,34268,-0.018932849203702064,0.2,0.022201369,0.23304443359375,49.922552490234374,21.73146629333496,-34.07093772888184
0.0,0.0,-0.0035728438784278465,-0.17305974573972382,0.0,1563,0.01,0.65,3042,0.8815744,0.0,-0.3625583760928664,-1.1777395301750091e-08,0.0,0.0,0.00029730855668377545,-0.6308437040217153,2.070730819413082,-0.18090006207519874,-0.26644119430448976,-0.10794661827382127,258,0.16292003160036603,0.5,-8.680534342096912e-05,-0.03143058738093323,-0.2501679476216615,-79.53350084,-0.16266634970724866,70.79,-0.35758275251556926,4755456,0.0,-0.6809126631181669,0.0003,0.8894773721694946,1.001282811164856,34272,-0.019603592983912677,0.2,0.021029392,0.218896484375,50.39220676422119,23.272249221801758,-34.067129898071286
0.0,0.0,-0.004477243263517622,-0.17536428064661574,0.0,1569,0.01,0.65,3042,0.8811135999999999,0.0,-0.35476710071463513,-1.2625295019877455e-08,0.0,0.0,0.00031901000572058064,-0.6333760674498056,2.0570033303038344,-0.17836638921142486,-0.2664260731299148,-0.11021883601625354,259,0.1621534280626002,0.5,-9.765593050461677e-06,-0.032425631093792276,-0.24731571758306536,-82.06444963,-0.16206001206024567,71.48,-0.3567832925148482,4773888,0.0,-0.674427707308634,0.0003,0.8982076644897461,1.00101900100708,34276,-0.020566453109495342,0.2,0.01969217,0.21466064453125,47.16403160095215,20.739606857299805,-34.06353969573975
0.0,0.0,-0.0028631799537395097,-0.173218204097192,0.0,1575,0.01,0.65,3042,0.8806528,0.0,-0.35792475263020856,-1.2223871971196474e-08,0.0,0.0,0.0002647564752906975,-0.6557862309441441,2.064832681673147,-0.1872083491984887,-0.2663581462661324,-0.10630338739554798,260,0.1569628733508376,0.5,-5.642345058731735e-05,-0.034193734718083194,-0.24645462067993273,-82.69500059,-0.16183780326034342,73.68,-0.3652894406422733,4792320,0.0,-0.6736253408885697,0.0003,0.9129344820976257,1.0011872053146362,34280,-0.02069100672379136,0.2,0.026043817,0.23062744140625,41.2038610458374,21.05620574951172,-34.06486148834229
0.0,0.0,-0.003374799000645752,-0.1731102180771483,0.0,1581,0.01,0.65,3042,0.880192,0.0,-0.3584973719631556,-1.2055446566995564e-08,0.0,0.0,0.00032986069628451433,-0.6256315094692456,2.0692943641490653,-0.1776322574353386,-0.266328050161163,-0.1052608956093878,261,0.16387816810050196,0.5,-0.0001562497410405841,-0.02999442399667882,-0.2493116498063125,-80.56128346999999,-0.16270123022898292,72.94,-0.36121710517879024,4810752,0.0,-0.6766491752553686,0.0003,0.8919329047203064,1.0011377334594727,34284,-0.016976782493293284,0.2,0.019806322,0.22587890625,51.08253860473633,24.358686447143555,-34.064930534362794
0.0,0.0,-0.0033311769109544186,-0.17512510766292735,0.0,1587,0.01,0.65,3042,0.8797312,0.0,-0.35846145501883614,-1.1884764294279452e-08,0.0,0.0,0.00021918363118958141,-0.639959899150799,2.0911755065692974,-0.18743761609194137,-0.26655810351026044,-0.10942872326857113,262,0.1612071778453833,0.5,-8.517776020906038e-05,-0.034403407129218216,-0.24683074060243695,-81.79252545000001,-0.1615191077749483,76.49,-0.3601475047612247,4829184,0.0,-0.6828712629411594,0.0003,0.8940051794052124,1.0013911724090576,34288,-0.01902268745470792,0.2,0.019959096,0.19156494140625,48.508541870117185,22.94347381591797,-34.066340637207034
0.0,0.0,-0.00363216335798309,-0.17383831990409968,0.0,1593,0.01,0.65,3042,0.8792704,0.0,-0.3564612572293335,-1.2007945895830968e-08,0.0,0.0,0.0002821176054163112,-0.6557255719982877,2.104601223641268,-0.19831275480862554,-0.2665996489454757,-0.10615203555563549,263,0.16058077791748324,0.5,-7.486960384994745e-05,-0.035764691710484915,-0.24980492832068002,-82.1311329,-0.1606230269744379,74.96,-0.3655889986725683,4847616,0.0,-0.6779016126299864,0.0003,0.8826068639755249,1.001060128211975,34292,-0.020349799166433515,0.2,0.020472027,0.2136474609375,55.809701156616214,26.83279800415039,-34.06543312072754
0.0,0.0,-0.00403218397211918,-0.17483005819258202,0.0,1599,0.01,0.65,3043,0.8788096,0.0,-0.3581826328835193,-1.1994700708831117e-08,0.0,0.0,0.0003233502437877986,-0.6421848767803016,2.072719260995477,-0.19246395487517243,-0.2670190927728191,-0.10720339429722704,264,0.16075050009280467,0.5,-0.0002555334439320076,-0.035970313318426844,-0.24608375380883288,-82.50610798,-0.1615932282462498,72.44,-0.3603000718425837,4866048,0.0,-0.6753697573805114,0.0003,0.8904876112937927,1.0009996891021729,34296,-0.018828844861127438,0.2,0.019344639,0.192333984375,52.94595737457276,26.763647079467773,-34.06269092559815
0.0,0.0,-0.003292559702755166,-0.17618635062001348,0.0,1605,0.01,0.65,3043,0.8783488,0.0,-0.35718449631681515,-1.3028690824156171e-08,0.0,0.0,0.00039604989514272247,-0.6591228100561125,2.103892962184423,-0.2029914902826243,-0.266795777440471,-0.10609994310761511,265,0.16177962487988648,0.5,-0.0001806637074979436,-0.03809973702057031,-0.25212628166883294,-81.23483058999999,-0.16132932106221853,77.46,-0.3634424793181138,4884480,0.0,-0.6751641115904736,0.0003,0.8864906430244446,1.0014303922653198,34300,-0.019614168000407516,0.2,0.020631794,0.20400390625,56.05527133941651,27.740880966186523,-34.06900291442871
0.0,0.0,-0.0019344990634495712,-0.1735871017599596,0.0,1611,0.01,0.65,3043,0.877888,0.0,-0.34981037974582485,-1.2099625294304341e-08,0.0,0.0,0.0003276905303614007,-0.6599873568820684,2.1049149599001757,-0.2030077342028805,-0.26638093420314046,-0.10582765398607567,266,0.15949876125781293,0.5,-0.0001426863438811981,-0.036952802202082934,-0.24489148728654989,-80.7958078,-0.15924414634731207,75.29,-0.3607505344089957,4902912,0.0,-0.6797166410251603,0.0003,0.9069073796272278,1.0014375448226929,34304,-0.020942779595497996,0.2,0.020867165,0.20797119140625,47.88594226837158,21.5473575592041,-34.07104206085205
0.0,0.0,-0.002133846105460613,-0.17359153375159636,0.0,1617,0.01,0.65,3043,0.8774272,0.0,-0.3586466750547304,-1.2634801685084367e-08,0.0,0.0,0.00037651866700293287,-0.6540100521791244,2.1038330558824687,-0.19899365257809343,-0.26670733650638223,-0.10184474208901129,267,0.16206803566307373,0.5,-7.16143986210227e-05,-0.03584972747413669,-0.25048677070510694,-79.01434179,-0.16192841968576055,79.64,-0.364000613298517,4921344,0.0,-0.6789428095901006,0.0003,0.9010049104690552,1.001109004020691,34308,-0.01979245386319235,0.2,0.02236857,0.2185546875,50.89150447845459,25.290319442749023,-34.06675052642822
0.0,0.0,-0.0015835787355609672,-0.17261777893460253,0.0,1622,0.01,0.65,3043,0.8769664,0.0,-0.36155280547149465,-1.1104875650809466e-08,0.0,0.0,0.00032009502885759703,-0.664528525183631,2.109679238771788,-0.2031448047770067,-0.26705948285243025,-0.10266134223220337,268,0.16050718426180097,0.5,-0.00015950493171759363,-0.03588677584359424,-0.24969875093417315,-80.07148007999999,-0.16078609862991347,76.78,-0.36387568690742206,4939776,0.0,-0.6850368260155301,0.0003,0.9053335785865784,1.001221776008606,34312,-0.0214931802242063,0.2,0.022269137,0.2015869140625,48.47566661834717,25.2237548828125,-34.0666582107544
0.0,0.0,-0.003164002772999837,-0.17622648914944328,0.0,1628,0.01,0.65,3043,0.8765056,0.0,-0.36160367160546947,-1.1272537009983457e-08,0.0,0.0,0.00038519915607240464,-0.649261535202984,2.1007716218861336,-0.19213250020339379,-0.2666313803574567,-0.10083935133424243,269,0.16345438671501702,0.5,-9.657098174405594e-05,-0.034122172115868266,-0.24803284664430858,-81.56512992,-0.16257450069201565,75.18,-0.35597927513908584,4958208,0.0,-0.6790905479398416,0.0003,0.9022538661956787,1.0011519193649292,34316,-0.019960316666401922,0.2,0.02227011,0.22135009765625,52.245646476745605,26.36258316040039,-34.06663551330566
0.0,0.0,-0.0015396801916103017,-0.17435289913232374,0.0,1634,0.01,0.65,3043,0.8760448,0.0,-0.36059848764689156,-1.219309713871162e-08,0.0,0.0,0.0003504769701976329,-0.6546815311447419,2.097112487593374,-0.19388796392881114,-0.26652905040750896,-0.10491817717916767,270,0.16017943417358949,0.5,-3.0924384999606344e-05,-0.03551843673543897,-0.24852287743948998,-82.40595442,-0.16289889029522614,76.57,-0.36160883758846546,4976640,0.0,-0.6838870335652235,0.0003,0.892099142074585,1.0009698867797852,34320,-0.020633496774826197,0.2,0.019320913,0.19405517578125,56.38600463867188,26.476825714111328,-34.064218521118164
0.0,0.0,-0.0011545166143260874,-0.17350344162223397,0.0,1640,0.01,0.65,3044,0.875584,0.0,-0.36420209813452614,-1.2535205671674082e-08,0.0,0.0,0.00039713494091605145,-0.6502129860895921,2.1206012556154104,-0.19971905463122863,-0.26707453799556935,-0.10278080723411792,271,0.16352441704244206,0.5,-0.00033148816469798074,-0.036327639753267735,-0.25355718614509715,-77.87718695000001,-0.16319550175147193,77.29,-0.3609809885799801,4995072,0.0,-0.676646355043425,0.0003,0.9069898128509521,1.0011464357376099,34324,-0.02164678091648966,0.2,0.021523397,0.210205078125,49.49774036407471,25.672590255737305,-34.06631069183349
0.0,0.0,-0.0016374244914288216,-0.17223286564866677,0.0,1646,0.01,0.65,3044,0.8751232,0.0,-0.35557201260047683,-1.1679483345232067e-08,0.0,0.0,0.0002680116708183454,-0.6572062544987572,2.1126258877425017,-0.2042973135101732,-0.26667340142765483,-0.10253520106576469,272,0.16173728073054558,0.5,-9.223069193669491e-05,-0.03637651134837308,-0.24737626243934566,-78.65487472000001,-0.16161182470416802,77.57,-0.36224436866348625,5013504,0.0,-0.6764648483760568,0.0003,0.912701427936554,1.0014103651046753,34328,-0.021092643856536596,0.2,0.02363884,0.22572021484375,46.32929706573486,19.5551700592041,-34.06826057434082
0.0,0.0,-0.0029466946956824285,-0.17484590460530927,0.0,1652,0.01,0.65,3044,0.8746624000000001,0.0,-0.356272326330395,-1.2097055031687872e-08,0.0,0.0,0.0002647564849919743,-0.6743087888048129,2.1176985647311892,-0.22125145685185307,-0.2668472350491779,-0.10236821712144474,273,0.1573995379129905,0.5,-0.00011881490354426205,-0.04053990924561714,-0.2489968456354371,-84.24633297,-0.15896030473506584,81.05,-0.36571328677234693,5031936,0.0,-0.6803608897837832,0.0003,0.9087178111076355,1.001075267791748,34332,-0.019901927933096884,0.2,0.022007946,0.214990234375,49.97999935150146,26.351741790771484,-34.06432914733887
0.0,0.0,-0.002188456627532358,-0.1719946984076227,0.0,1658,0.01,0.65,3044,0.8742016,0.0,-0.36079815976082136,-1.2125686261327753e-08,0.0,0.0,0.0003591574463320689,-0.6429116042872982,2.1104762563148456,-0.19240869444217593,-0.26658978578964954,-0.10217971402772748,274,0.16487817119109593,0.5,-0.00014485649201863757,-0.03316899550714562,-0.24943202141366003,-80.70232053,-0.16365506047359862,77.76,-0.35832463617277965,5050368,0.0,-0.6868301705794081,0.0003,0.9168508052825928,1.0008646249771118,34336,-0.02312606533523649,0.2,0.024743007,0.23560791015625,46.175673484802246,21.578155517578125,-34.063005447387695
0.0,0.0,-0.0019485166229994619,-0.1708209281432317,0.0,1664,0.01,0.65,3044,0.8737408,0.0,-0.35418648255383295,-1.1977036612134571e-08,0.0,0.0,0.00031792482736313506,-0.6842697506173996,2.131101335154211,-0.20914524967620188,-0.2667920648919347,-0.10309140673543064,275,0.15778973629471174,0.5,-9.006055511741174e-05,-0.038626398128379695,-0.24806516355637673,-81.31718187,-0.161057936369306,82.23,-0.366494614953083,5068800,0.0,-0.6824582705800657,0.0003,0.9022840261459351,1.0004022121429443,34340,-0.019881348492344842,0.2,0.022299813,0.21373291015625,51.75482578277588,23.81110382080078,-34.054633140563965
0.0,0.0,-0.002504707609071063,-0.17150718601987186,0.0,1670,0.01,0.65,3044,0.8732800000000001,0.0,-0.35454764489136115,-1.2865279206674467e-08,0.0,0.0,0.000322265123638014,-0.6462718267881409,2.1173594086071907,-0.1954174709258984,-0.26662611446216866,-0.10388424774147735,276,0.1656345483522116,0.5,-0.00010579403412217896,-0.034150239922606025,-0.24842813772628933,-76.42061381,-0.16280352694108982,74.7,-0.3550158288778578,5087232,0.0,-0.6685880786361376,0.0003,0.8985233902931213,1.0004518032073975,34344,-0.019693098904099315,0.2,0.020497456,0.2141845703125,55.56677093505859,30.02840805053711,-34.05456199645996
0.0,0.0,-0.0023237611596207456,-0.17239773509817946,0.0,1676,0.01,0.65,3044,0.8728192,0.0,-0.3558117206679021,-1.1772310575805003e-08,0.0,0.0,0.0003645828368866609,-0.6702994992076018,2.126258036166737,-0.2145712769783832,-0.26718425552676595,-0.10164102501973762,277,0.1617685777044697,0.5,-0.00011555964334143532,-0.039652133508911426,-0.24875548331315991,-80.52144622,-0.1613193349923957,79.74,-0.36482554576982873,5105664,0.0,-0.6739071731801877,0.0003,0.894957959651947,1.001044511795044,34348,-0.018693968816660345,0.2,0.02027736,0.20252685546875,55.45376396179199,25.380353927612305,-34.05966014862061
0.0,0.0,-0.002040187635685097,-0.16693321757457735,0.0,1682,0.01,0.65,3044,0.8723584,0.0,-0.36531694200859804,-1.1984568862466002e-08,0.0,0.0,0.0003244352442885025,-0.6664029796306704,2.1435878568331264,-0.21522090963459703,-0.2667878007845818,-0.09866975603029589,278,0.1631688767487914,0.5,-4.937053179471857e-05,-0.0361145031775725,-0.25215211730688714,-79.4076117,-0.16162296285351202,83.98,-0.36464470222127565,5124096,0.0,-0.6848639635710069,0.0003,0.8899929523468018,1.0010253190994263,34352,-0.020192860130919144,0.2,0.02240781,0.21514892578125,61.73099765777588,31.134166717529297,-34.065108108520505
0.0,0.0,-0.0034740172071810477,-0.1708998937765645,0.0,1688,0.01,0.65,3044,0.8718976,0.0,-0.3587236967214026,-1.2174660879853312e-08,0.0,0.0,0.00028320261238453287,-0.6632452119523748,2.1202257491477625,-0.2081871045541232,-0.2667757758963393,-0.10319376603158371,279,0.16358072667550286,0.5,-6.076373716091944e-05,-0.037365750292484026,-0.2502379657758683,-79.85421318,-0.16296676597724483,79.27,-0.3570096199873316,5142528,0.0,-0.6787049062547134,0.0003,0.8854801058769226,1.0007580518722534,34356,-0.01956012633163482,0.2,0.019623771,0.20611572265625,61.32733020782471,29.63156509399414,-34.06173572540283
0.0,0.0,-0.002526903878467329,-0.17090530142571111,0.0,1694,0.01,0.65,3045,0.8714368,0.0,-0.3628210875885911,-1.1831741286353136e-08,0.0,0.0,0.0002994786579317103,-0.6528382240428955,2.1201748406949323,-0.19808478063197246,-0.2668820208822502,-0.10106590975725332,280,0.16271580815268694,0.5,-5.208320605258147e-05,-0.03550624715780075,-0.24875705522599714,-80.482099,-0.164445917972064,78.04,-0.35876102673231697,5160960,0.0,-0.681276807582869,0.0003,0.8886807560920715,1.0005831718444824,34360,-0.01897101461654529,0.2,0.019710291,0.1841552734375,61.357100868225096,30.72667694091797,-34.05943336486816
0.0,0.0,-0.001873982217098118,-0.16729123281407854,0.0,1700,0.01,0.65,3045,0.870976,0.0,-0.3615647353838512,-1.1721120626867475e-08,0.0,0.0,0.0002636714295173685,-0.6700804898841951,2.154436063023075,-0.21293980897331452,-0.26696848075488555,-0.10162009723942958,281,0.16363770356001842,0.5,-9.765601134859025e-05,-0.037280280123315974,-0.252523066949901,-77.40382867,-0.16306345377260684,79.39,-0.3602698594257021,5179392,0.0,-0.6793764930634772,0.0003,0.9066984057426453,1.0008491277694702,34364,-0.020532070496119558,0.2,0.021023247,0.2035888671875,52.22291240692139,23.98180389404297,-34.06101493835449
0.0,0.0,-0.00249669301619216,-0.16889175558607122,0.0,1706,0.01,0.65,3045,0.8705152,0.0,-0.36481603866904916,-1.1348289159353228e-08,0.0,0.0,0.0002615012506592191,-0.6783569366301309,2.1416704497904004,-0.2117437958759401,-0.26738760296208336,-0.09814740419650735,282,0.1614799935111325,0.5,-0.0002511931686765618,-0.03802792200008878,-0.24978610422033234,-79.71147156,-0.16245798335120942,82.52,-0.36062865603417404,5197824,0.0,-0.6747346889636924,0.0003,0.9021621346473694,1.0009698867797852,34368,-0.02024230600800365,0.2,0.02070235,0.21090087890625,55.33580207824707,25.17953109741211,-34.064473724365236
0.0,0.0,-0.002562132648306832,-0.16769770877533732,0.0,1712,0.01,0.65,3045,0.8700544,0.0,-0.36248214856407424,-1.1650330246232198e-08,0.0,0.0,0.00025173565437499847,-0.7222794922197044,2.2018352870751876,-0.2465002680160754,-0.26723289201968625,-0.09794486993029991,283,0.15967644313752655,0.5,-5.6966013895968594e-05,-0.04472698181397729,-0.25477675725972065,-80.36691299999998,-0.1606359827225076,86.35,-0.3659041672896486,5216256,0.0,-0.6821238026568003,0.0003,0.903770923614502,1.0009207725524902,34372,-0.02007678832160309,0.2,0.01963989,0.21865234375,55.738521575927734,24.416561126708984,-34.062818145751955
0.0,0.0,-0.0023119537962354034,-0.16824160150519943,0.0,1718,0.01,0.65,3045,0.8695936,0.0,-0.36019010283601566,-1.1931852542309822e-08,0.0,0.0,0.0003135846216335065,-0.6692730154846468,2.1615336765341406,-0.2099443901941738,-0.26698284415824963,-0.09923528283706419,284,0.16617112306561577,0.5,-3.309453152016633e-05,-0.03688398537474677,-0.25054191097597384,-78.46824778,-0.16248884570675026,81.22,-0.35625288817543443,5234688,0.0,-0.6812318995055402,0.0003,0.9085821509361267,1.000990629196167,34376,-0.017449377011507748,0.2,0.018253502,0.1724853515625,55.470774459838864,27.35342788696289,-34.06229419708252
0.0,0.0,-0.0011452469403687596,-0.17270023419807834,0.0,1724,0.01,0.65,3045,0.8691328,0.0,-0.3663084816786296,-1.1301314836903206e-08,0.0,0.0,0.00035047692169124883,-0.6604743182256686,2.1403306959515387,-0.20360528554293678,-0.26708036032922866,-0.0974480296046804,285,0.16502493249990421,0.5,-2.0073736474538844e-05,-0.03660346202530413,-0.2542738264615804,-75.19658254,-0.16518310265615585,79.41,-0.3571035470755126,5253120,0.0,-0.6801528404298175,0.0003,0.8880720138549805,1.0008928775787354,34380,-0.018654464278370142,0.2,0.017328614,0.17637939453125,64.59477863311767,32.57972717285156,-34.064083099365234
0.0,0.0,-0.0028211649582644154,-0.16814714006392795,0.0,1730,0.01,0.65,3045,0.868672,0.0,-0.361278478392746,-1.1854830392359387e-08,0.0,0.0,0.0002734370743079732,-0.6911142044802583,2.1752915966586053,-0.22574164190665277,-0.26734261397515346,-0.10013193817213145,286,0.16448669826029402,0.5,-0.0004942484455467719,-0.04030045684099971,-0.25348488655291157,-80.34622081999998,-0.16143111095099474,85.57,-0.36454758154280853,5271552,0.0,-0.6818418984489676,0.0003,0.8916962146759033,1.0006654262542725,34384,-0.017491763411089777,0.2,0.01618902,0.14991455078125,63.8261905670166,32.45314407348633,-34.05995750427246
0.0,0.0,-0.0017972079380052855,-0.16716298935391635,0.0,1736,0.01,0.65,3046,0.8682112,0.0,-0.36455759710034674,-1.232626056036815e-08,0.0,0.0,0.0003342009149491787,-0.6783757902326405,2.161583010199042,-0.21827304872901404,-0.26680264417949284,-0.09820590978530694,287,0.16285526994998892,0.5,-1.898864866234362e-05,-0.03884939730122011,-0.252998515580875,-78.41680364,-0.1620838227121804,83.84,-0.3618475853460712,5289984,0.0,-0.6798621245228096,0.0003,0.9070228338241577,1.0009589195251465,34388,-0.021091198385693132,0.2,0.021176377,0.2061767578125,55.88140335083008,29.378339767456055,-34.062086296081546
0.0,0.0,-0.0015610308601993494,-0.16577193599943085,0.0,1742,0.01,0.65,3046,0.8677504,0.0,-0.36265957856108194,-1.1341232648399746e-08,0.0,0.0,0.00024305506505899958,-0.6684527047673268,2.1623685961470107,-0.21395627101970838,-0.26713415274900343,-0.09710629190400072,288,0.1647839077800356,0.5,-6.510391055295865e-06,-0.037230627940655986,-0.25488112147899034,-76.11301565,-0.1630524900149014,81.96,-0.36018064816949946,5308416,0.0,-0.6795314320308232,0.0003,0.9028173685073853,1.0011060237884521,34392,-0.02059758093673736,0.2,0.019614553,0.2025390625,58.08378372192383,28.11288833618164,-34.06750354766846
0.0,0.0,-0.0010833943597530476,-0.16278550475760886,0.0,1748,0.01,0.65,3046,0.8672896,0.0,-0.3588893149384743,-1.1209056508117075e-08,0.0,0.0,0.00024196999018184014,-0.6609949387924582,2.171873217054617,-0.20962766580252254,-0.26724289902801623,-0.09740167237050677,289,0.16585455614615674,0.5,-9.168817390066882e-05,-0.03539877732004154,-0.25121124557219593,-74.90095967,-0.1622298512647479,82.74,-0.35811766589708577,5326848,0.0,-0.6764234160012497,0.0003,0.8853785395622253,1.001081943511963,34396,-0.018832446495071053,0.2,0.019847697,0.1821533203125,66.27145900726319,30.994571685791016,-34.06628189086914
0.0,0.0,-0.0012928485530845722,-0.16651109525661256,0.0,1754,0.01,0.65,3046,0.8668288,0.0,-0.3651507364389903,-1.1443244584687226e-08,0.0,0.0,0.0002745220812761949,-0.6865541856055674,2.1562572536553013,-0.2154481875156342,-0.26742462458729915,-0.0975450138469702,290,0.16375217258891542,0.5,-0.00013075061401145326,-0.03756002693802394,-0.25169303959567696,-77.78107225000001,-0.16426398597327793,81.55,-0.3615829019839707,5345280,0.0,-0.6831311676004386,0.0003,0.900789737701416,1.0009517669677734,34400,-0.02012554365210235,0.2,0.021282403,0.199609375,58.08339710235596,28.23100471496582,-34.06487197875977
0.0,0.0,-0.0012980820237740414,-0.16283441569411056,0.0,1760,0.01,0.65,3046,0.866368,0.0,-0.3633432180997933,-1.1767323725348724e-08,0.0,0.0,0.00027018177206628025,-0.6946891411032924,2.2063014247589625,-0.2309504445468996,-0.2674033398182291,-0.09707602725422156,291,0.1652945340838147,0.5,-6.944426180173953e-05,-0.039058823768398615,-0.25829122815590594,-74.02363245,-0.16164718075747053,86.99,-0.3601183344874659,5363712,0.0,-0.6824507291653681,0.0003,0.8950103521347046,1.001235008239746,34404,-0.019654099992476404,0.2,0.020268967,0.2052001953125,62.283314323425294,28.865304946899414,-34.06701126098633
0.0,0.0,-0.0016945329090853971,-0.1674303745399156,0.0,1766,0.01,0.65,3046,0.8659072,0.0,-0.36329832543019014,-1.1551564337958731e-08,0.0,0.0,0.0002897130131411056,-0.692163569830486,2.179461837340872,-0.22908858091290257,-0.2671420377716395,-0.097947299619425,292,0.1642468781401374,0.5,-9.494338559711145e-05,-0.04116810372045779,-0.25564452354131206,-75.60949562,-0.16376769126234972,82.91,-0.3601445643550345,5382144,0.0,-0.6800803264068054,0.0003,0.9024769067764282,1.0008213520050049,34408,-0.014982929243706167,0.2,0.01929966,0.17098388671875,56.63113174438477,25.140880584716797,-34.06324138641357
0.0,0.0,-0.0026213835977794094,-0.1658404976100983,0.0,1772,0.01,0.65,3046,0.8654464,0.0,-0.36817831793233347,-1.0823771250972457e-08,0.0,0.0,0.00035264701647166576,-0.6827766648299916,2.1741646481499632,-0.2278812839979522,-0.2671139644596379,-0.09175125405654365,293,0.1662371541969625,0.5,-0.0001508243666547868,-0.039438606628865766,-0.2573069425942103,-77.26451920999999,-0.16285122140731104,86.98,-0.3597544170062923,5400576,0.0,-0.6755609355672393,0.0003,0.8794263005256653,1.0011247396469116,34412,-0.018332883331459014,0.2,0.020880809,0.2115966796875,73.34914207458496,38.0237922668457,-34.06349773406983
0.0,0.0,-0.0017942628179583061,-0.16515211550779202,0.0,1778,0.01,0.65,3047,0.8649856,0.0,-0.3655225122705028,-1.1483034469044341e-08,0.0,0.0,0.0002484804491460737,-0.6721367569482544,2.18131620928614,-0.2174578499296774,-0.2670815892662247,-0.09717399559737029,294,0.16723111681932812,0.5,-2.766920564075311e-05,-0.03661251794983847,-0.2563487741055312,-75.73825252,-0.1648470235302148,80.6,-0.35533624016771204,5419008,0.0,-0.6746290774103273,0.0003,0.8732820749282837,1.001225233078003,34416,-0.019715789519250394,0.2,0.018726869,0.1773193359375,78.35566558837891,38.81596755981445,-34.0663179397583
0.0,0.0,-0.0007145459297362108,-0.16410393686044877,0.0,1784,0.01,0.65,3047,0.8645248,0.0,-0.3639838350708666,-1.1481863582533404e-08,0.0,0.0,0.00031141437486641936,-0.6916064817658423,2.186196816553931,-0.2263271322119141,-0.2672436487091606,-0.09143005799719443,295,0.16494333811514467,0.5,-5.9136137780216006e-05,-0.03854815413281727,-0.2571571341693954,-75.6717026,-0.16364489087739162,86.99,-0.3583879757842582,5437440,0.0,-0.6764907014396917,0.0003,0.8818864822387695,1.0008772611618042,34420,-0.018222531559877096,0.2,0.018758686,0.16295166015625,72.7579303741455,33.34773254394531,-34.06293487548828
0.0,0.0,-0.0023758388556689505,-0.16498052764099091,0.0,1790,0.01,0.65,3047,0.8640639999999999,0.0,-0.3627879226455978,-1.163444784793743e-08,0.0,0.0,0.0002463103381968621,-0.7058311092444423,2.1844909693926544,-0.23041154745057366,-0.2677044720032507,-0.09685899196289371,296,0.1630768824918516,0.5,-0.00015787727251234982,-0.040834868975496444,-0.25422173203967097,-74.90082495,-0.16411224064613852,83.95,-0.3608515194161837,5455872,0.0,-0.6810915234816215,0.0003,0.8856693506240845,1.0006091594696045,34424,-0.017051869933493436,0.2,0.020458456,0.188671875,70.77771453857422,37.87257385253906,-34.058708381652835
0.0,0.0,-0.0021784201769714717,-0.16558026639434795,0.0,1796,0.01,0.65,3047,0.8636032,0.0,-0.3625936453228362,-1.1550833322706854e-08,0.0,0.0,0.0003309456191750036,-0.694755043413782,2.1922285097906804,-0.23135731906814094,-0.26757655883565284,-0.09585474525629183,297,0.1659629757590483,0.5,-0.00012912305020209815,-0.041594449819682106,-0.2564477596514608,-77.43203245,-0.16326835310714866,85.56,-0.3567739504883719,5474304,0.0,-0.6771049062382838,0.0003,0.8914951682090759,1.0009808540344238,34428,-0.020217325421981514,0.2,0.020612556,0.209912109375,69.43492164611817,36.76860427856445,-34.062899589538574
0.0,0.0,-0.002697110937546595,-0.16692825278047693,0.0,1802,0.01,0.65,3047,0.8631424,0.0,-0.3656680212057385,-1.163410729363251e-08,0.0,0.0,0.000291883191999255,-0.6924970783185347,2.184756778989785,-0.22416733796218935,-0.2675814800894069,-0.09486405419186333,298,0.16552580425277824,0.5,-6.890175346699025e-05,-0.03857276657025722,-0.2566081404308487,-74.32881233,-0.16395895263961105,88.44,-0.3565715523713633,5492736,0.0,-0.6752384736621636,0.0003,0.8838930130004883,1.0011900663375854,34432,-0.01955624627880752,0.2,0.019611318,0.18785400390625,73.19777946472168,34.35543441772461,-34.06682167053223
0.0,0.0,-0.0008632655831433264,-0.16563874949828594,0.0,1808,0.01,0.65,3047,0.8626815999999999,0.0,-0.3666900446763703,-1.2099846686957059e-08,0.0,0.0,0.00031249951118499867,-0.7052269283807501,2.208183459513447,-0.24015219580446295,-0.2677345929578566,-0.09462617974660084,299,0.1646280899343004,0.5,-9.27732746478998e-05,-0.04233192256170731,-0.2597162044661798,-74.72455224999999,-0.1626166811877473,86.42,-0.3616097668619708,5511168,0.0,-0.6783965026840875,0.0003,0.8826227784156799,1.0014210939407349,34436,-0.01911114256363362,0.2,0.01868107,0.191650390625,74.35059700012206,36.538700103759766,-34.06973857879639
0.0,0.0,-0.0015047498308612536,-0.163182195549435,0.0,1814,0.01,0.65,3047,0.8622208,0.0,-0.36557018050054535,-1.1658958454327175e-08,0.0,0.0,0.000258246064832848,-0.6965242959756759,2.20841422093669,-0.2313712806746882,-0.2676046888853955,-0.09615359685154397,300,0.1661124926623127,0.5,-2.495652168161339e-05,-0.03994777480676231,-0.2584069088904106,-75.34867100999999,-0.16360610416470361,90.4,-0.3572567261101489,5529600,0.0,-0.6795889785458122,0.0003,0.8810803294181824,1.0010631084442139,34440,-0.01781439109472558,0.2,0.017670289,0.16658935546875,74.07869338989258,33.51533508300781,-34.06529064178467
0.0,0.0,-0.0014394250058559301,-0.16195186349407623,0.0,1820,0.01,0.65,3047,0.86176,0.0,-0.37131387618638495,-1.0969633555763138e-08,0.0,0.0,0.0002853728009439591,-0.7105237957846988,2.209130181753335,-0.24177313332398015,-0.26787735792525846,-0.08880526115113088,301,0.16420150536359573,0.5,-5.967860084234013e-06,-0.04124614835124926,-0.26338749924785915,-73.11360931,-0.16372925292417498,93.74,-0.36294838603096036,5548032,0.0,-0.6799563274868358,0.0003,0.8856155276298523,1.0009968280792236,34444,-0.017918228229973465,0.2,0.019417282,0.17755126953125,71.21998710632325,34.7413215637207,-34.06472187042236
0.0,0.0,-0.000735613754956298,-0.16291149506390198,0.0,1826,0.01,0.65,3048,0.8612991999999999,0.0,-0.3667512712448208,-1.1266952615919192e-08,0.0,0.0,0.0002929682668764144,-0.711472073178972,2.208722622688686,-0.24171072362070095,-0.2681411960501127,-0.09543024906024153,302,0.16548306567049778,0.5,-3.580719931051135e-05,-0.042681618366317946,-0.260576400216653,-77.56600191,-0.16374787684388153,85.04,-0.3622208846434239,5566464,0.0,-0.6811881011596038,0.0003,0.8827164173126221,1.0008745193481445,34448,-0.01996935133356601,0.2,0.01867655,0.19234619140625,77.15989151000977,38.3229866027832,-34.06279830932617
0.0,0.0,-0.0005316583732371436,-0.16338450146117128,0.0,1832,0.01,0.65,3048,0.8608384,0.0,-0.3675197207911597,-1.2310589490890713e-08,0.0,0.0,0.00023979988893390528,-0.7138539872135212,2.216408868407583,-0.2430280155416377,-0.2682142443513278,-0.0943333817581459,303,0.16370627809084518,0.5,-1.5190935098669595e-05,-0.04343980780175392,-0.26156755969802103,-74.19099747,-0.16390691521630027,86.82,-0.3591457459272783,5584896,0.0,-0.6748442579896069,0.0003,0.8887217044830322,1.0011343955993652,34452,-0.019928756402805448,0.2,0.02026927,0.195458984375,71.95571403503418,35.621700286865234,-34.06497650146484
0.0,0.0,-0.0012985487101921695,-0.16000084427691438,0.0,1838,0.01,0.65,3048,0.8603776,0.0,-0.371307759594327,-1.1579621590001556e-08,0.0,0.0,0.0003114144621779107,-0.7083723285753724,2.2219301030918905,-0.2445252095817,-0.2684192556887111,-0.09104039660919878,304,0.16594782808803515,0.5,0.0,-0.041595557556772314,-0.26326293338410084,-76.61630066,-0.1637749055027809,91.8,-0.3613684668230747,5603328,0.0,-0.679737997638597,0.0003,0.8955828547477722,1.000984787940979,34456,-0.0193262776825577,0.2,0.018492583,0.1830322265625,71.51611289978027,36.534061431884766,-34.0634687423706
0.0,0.0,-0.0011640060187323642,-0.1583392343186481,0.0,1844,0.01,0.65,3048,0.8599168,0.0,-0.3706441804704081,-1.0948144673929561e-08,0.0,0.0,0.00026584154046658013,-0.7067297541193889,2.20967610975178,-0.2417873321847503,-0.26846946960878787,-0.09002838966439536,305,0.1654631539206491,0.5,-4.231762917091449e-05,-0.04052201761973176,-0.2627799790523117,-74.48660544,-0.1631984951115629,86.89,-0.3572928162072275,5621760,0.0,-0.6780093359374181,0.0003,0.8837791681289673,1.0010578632354736,34460,-0.016829331684857608,0.2,0.016738236,0.16043701171875,75.97157287597656,39.66083908081055,-34.06448917388916
0.0,0.0,-0.0018173108641522384,-0.1615756922355713,0.0,1850,0.01,0.65,3048,0.859456,0.0,-0.3695152215035648,-1.1828425805267825e-08,0.0,0.0,0.00022352389189311199,-0.7386402170179611,2.2258423771037967,-0.25928297069084477,-0.2684185522943343,-0.09275672711573475,306,0.16044049889547587,0.5,-4.394519621402853e-05,-0.04734775864065594,-0.26266606258218395,-74.06102960000001,-0.1619783675001178,93.8,-0.36193611364042694,5640192,0.0,-0.6776019925373172,0.0003,0.8770063519477844,1.0008362531661987,34464,-0.018692599900532514,0.2,0.018840184,0.1785888671875,80.31078147888184,37.33717727661133,-34.06254940032959
0.0,0.0,-0.0013841598521279407,-0.1587565050381734,0.0,1855,0.01,0.65,3048,0.8589952,0.0,-0.3719095226202088,-1.1712377036346455e-08,0.0,0.0,0.00021809851750731468,-0.7167983879674892,2.241264434947789,-0.2529125376815425,-0.26806023102526777,-0.09197303493507093,307,0.16584467297691508,0.5,-4.394518974651065e-05,-0.043769951177143517,-0.26578854715743083,-71.98938346,-0.16329696274396627,94.61,-0.36107299932393483,5658624,0.0,-0.6788412794318183,0.0003,0.888287365436554,1.000713586807251,34468,-0.020537539676297456,0.2,0.018519286,0.17906494140625,76.19040145874024,35.13709259033203,-34.05916080474854
0.0,0.0,-0.0014179116122975195,-0.16245747740673405,0.0,1861,0.01,0.65,3049,0.8585344,0.0,-0.37238540318765223,-1.1462059819335374e-08,0.0,0.0,0.00025824610363795527,-0.7353949597103104,2.229940322943963,-0.25899463239511633,-0.26849734116688484,-0.09168963897753918,308,0.16373744963104805,0.5,-4.123253165744245e-05,-0.04582229692385121,-0.2644566559699687,-71.87657680000001,-0.16340998102052964,92.77,-0.36353379138783315,5677056,0.0,-0.6848902067148139,0.0003,0.8820549845695496,1.0004260540008545,34472,-0.017944402946159243,0.2,0.01823045,0.18358154296875,81.30159797668458,43.31953048706055,-34.05585613250732
0.0,0.0,-0.0016948395388326183,-0.15485201016422312,0.0,1867,0.01,0.65,3049,0.8580736,0.0,-0.3709068512357993,-1.16067961145813e-08,0.0,0.0,0.00024631031879430846,-0.7080697919469721,2.2586264729007723,-0.24948513149229992,-0.2681639204211514,-0.09191869948553338,309,0.16777551644162086,0.5,-3.634975291788578e-05,-0.04133982390587015,-0.26514457844577044,-72.04482622999998,-0.16347561881434428,95.96,-0.35691419784245776,5695488,0.0,-0.681047042439125,0.0003,0.8930343389511108,1.0005687475204468,34476,-0.018986576644238085,0.2,0.017592821,0.171875,76.36245613098144,36.427371978759766,-34.0549861907959
0.0,0.0,-0.0015372867673551208,-0.16011286528251417,0.0,1873,0.01,0.65,3049,0.8576128000000001,0.0,-0.3724249256123772,-1.1423958496126783e-08,0.0,0.0,0.00025607599268874363,-0.7177002724099142,2.231731057044609,-0.2490597125687941,-0.2680496456900473,-0.09255527646385245,310,0.1660077159503327,0.5,-1.5190935098669595e-05,-0.042499360034230695,-0.26587173214612214,-72.17139805999997,-0.1645404844903491,92.71,-0.3566382235476083,5713920,0.0,-0.6750999913006539,0.0003,0.8843194246292114,1.000576138496399,34480,-0.01859721029177308,0.2,0.016970415,0.17215576171875,80.88204841613769,37.10085678100586,-34.05642528533936
0.0,0.0,-0.0017456326264861026,-0.1577854113105263,0.0,1879,0.01,0.65,3049,0.857152,0.0,-0.3747580095428198,-1.147966001256908e-08,0.0,0.0,0.0002343745727557689,-0.7321903114279024,2.2329013216692783,-0.2566781506274832,-0.26839882890982725,-0.09118335621264442,311,0.16368080217600914,0.5,-5.4253359040659336e-05,-0.04491854735341802,-0.26688139999013305,-74.85212373,-0.16366880676618784,94.56,-0.3587229300066337,5732352,0.0,-0.6796389811584147,0.0003,0.8763619661331177,1.0009465217590332,34484,-0.019288263318594547,0.2,0.01993842,0.20260009765625,86.27062110900879,41.09690475463867,-34.06088733673096
0.0,0.0,-0.00144074584096307,-0.16064561233621003,0.0,1885,0.01,0.65,3049,0.8566912,0.0,-0.373321166279153,-1.1833068699048032e-08,0.0,0.0,0.0002256939737384932,-0.7357526328486057,2.25083086288746,-0.2595965999118903,-0.26820117889955253,-0.09107833916968225,312,0.16528027917860863,0.5,-3.309452181888951e-05,-0.04559383142367646,-0.2656676369287403,-73.68471131,-0.16380355624732676,98.13,-0.35818893758103376,5750784,0.0,-0.6785111054815649,0.0003,0.8780674338340759,1.0009055137634277,34488,-0.01948614666471258,0.2,0.021671597,0.20247802734375,86.74354972839356,41.88799285888672,-34.06215400695801
0.0,0.0,-0.0016711014250621156,-0.1586829869512318,0.0,1891,0.01,0.65,3049,0.8562304000000001,0.0,-0.37296142508375846,-1.1414811750538546e-08,0.0,0.0,0.0002376298167898009,-0.7338525705421124,2.25453080455238,-0.26647012059413966,-0.2684935523938011,-0.09028020472252765,313,0.16404189778084663,0.5,-0.00017957872801667286,-0.04745112831468479,-0.2670168251819256,-73.44586378,-0.1634934838424475,99.2,-0.36330307493758773,5769216,0.0,-0.6791855285921815,0.0003,0.8910157084465027,1.0006272792816162,34492,-0.018453936150763184,0.2,0.017960008,0.1714111328125,81.39298286437989,40.87868881225586,-34.05812492370605
0.0,0.0,-0.0011385764735384171,-0.15600072767167159,0.0,1897,0.01,0.65,3049,0.8557696,0.0,-0.3778822821512966,-1.1573388200295917e-08,0.0,0.0,0.00022026869636546407,-0.7252088682999577,2.260179468246421,-0.2601580306087946,-0.2685491557410976,-0.09141204677101819,314,0.16599682185165185,0.5,-1.6275961469444965e-06,-0.043831332306444454,-0.271400211003087,-71.81276374,-0.1651607990397571,97.38,-0.36039719521403213,5787648,0.0,-0.6794907898316396,0.0003,0.8826639652252197,1.0005838871002197,34496,-0.016643164888955654,0.2,0.017382475,0.16248779296875,85.36340675354003,39.8104362487793,-34.05741844177246
0.0,0.0,-0.001266226785692357,-0.16172380709675788,0.0,1903,0.01,0.65,3049,0.8553088,0.0,-0.375024499295715,-1.1623146285824766e-08,0.0,0.0,0.0002636714101148148,-0.7408873501854412,2.240870842510895,-0.2657713070576424,-0.2684246706269389,-0.09085987329559264,315,0.16494434261471194,0.5,-4.774293564777407e-05,-0.04724915794854832,-0.26998735333522794,-74.93956947,-0.16420484773798272,93.97,-0.3568565478673642,5806080,0.0,-0.6802005778537468,0.0003,0.8926002979278564,1.0007202625274658,34500,-0.018674330343492328,0.2,0.01769733,0.1710205078125,78.38954010009766,37.71437072753906,-34.05864543914795
0.0,0.0,-0.0009157040716228479,-0.15617071392009335,0.0,1909,0.01,0.65,3050,0.854848,0.0,-0.37302711688048357,-1.1386170401833987e-08,0.0,0.0,0.00021701346203270886,-0.732827956669848,2.2670247298093162,-0.25875168037918894,-0.268055653906529,-0.08869237328094402,316,0.1663710824497402,0.5,-3.7977264987097847e-06,-0.04401606162483876,-0.26806191431882515,-73.06811395,-0.16433152377747284,102.14,-0.3575330565668013,5824512,0.0,-0.6812714153584172,0.0003,0.8876891732215881,1.0008164644241333,34504,-0.01964636171469465,0.2,0.0186201,0.1822021484375,85.7862159729004,40.82947540283203,-34.05981979370117
0.0,0.0,-0.0008417292672685641,-0.1576121929241135,0.0,1915,0.01,0.65,3050,0.8543872,0.0,-0.380982855440264,-1.1772790056328626e-08,0.0,0.0,0.00026692664444757003,-0.7180913174820455,2.2432135340669777,-0.24326946259312734,-0.2679818509759621,-0.08910504939706286,317,0.16975076084316243,0.5,-5.425309710618523e-07,-0.040966779785694137,-0.2705134441365961,-72.90715515,-0.1666826341867017,92.46,-0.35075314595847223,5842944,0.0,-0.6772605654364685,0.0003,0.8903685808181763,1.0009589195251465,34508,-0.020080557838082314,0.2,0.018234504,0.1879638671875,81.11590423583985,37.90166473388672,-34.06187229156494
0.0,0.0,-0.0025751657137725414,-0.1612563780100589,0.0,1921,0.01,0.65,3050,0.8539264,0.0,-0.3742392585976504,-1.1889066110136474e-08,0.0,0.0,0.00034722172939735983,-0.7253018719308302,2.245238478810536,-0.25686517594061375,-0.2682122984163241,-0.08924124250886278,318,0.16675403268015881,0.5,-5.42532911317216e-06,-0.04459976480207328,-0.26574171264942287,-73.11136543000002,-0.163781146267381,94.99,-0.35360488040951044,5861376,0.0,-0.6779071655091501,0.0003,0.856188952922821,1.0008304119110107,34512,-0.018218360410537572,0.2,0.01679451,0.165234375,103.09770584106445,50.31373977661133,-34.06290111541748
0.0,0.0,-0.00226998645034286,-0.15997155612151734,0.0,1927,0.01,0.65,3050,0.8534656,0.0,-0.3775901099994417,-1.1534818201757536e-08,0.0,0.0,0.0003027339763421979,-0.7472504614473925,2.2601733888410833,-0.26711603517919424,-0.2681055415521571,-0.08952108535913661,319,0.16559780234241683,0.5,-1.844613062631753e-05,-0.04719875024870483,-0.26921855506410963,-74.52182882,-0.16414167709649252,95.83,-0.35882917072522064,5879808,0.0,-0.6790737551392384,0.0003,0.8925203084945679,1.0007853507995605,34516,-0.01656334593426436,0.2,0.015273312,0.1529296875,81.10677032470703,39.31065368652344,-34.06230430603027
0.0,0.0,-0.0017965501821722797,-0.15830166046567215,0.0,1933,0.01,0.65,3050,0.8530048,0.0,-0.37822039218681336,-1.193703676090225e-08,0.0,0.0,0.0002343745727557689,-0.7566595646396395,2.275759780330191,-0.27989007947579747,-0.26840039510041547,-0.09168095372372971,320,0.16407788348341196,0.5,-5.4253333170587816e-05,-0.05011090782549462,-0.273392147918684,-74.44784023,-0.16417923918537702,104.87,-0.3586818171667607,5898240,0.0,-0.6775078391785576,0.0003,0.8910437226295471,1.0010240077972412,34520,-0.019014407944632696,0.2,0.018839488,0.18643798828125,81.84739799499512,36.4310302734375,-34.064511108398435
0.0,0.0,-0.0013174677162801737,-0.16125940089572952,0.0,1939,0.01,0.65,3050,0.852544,0.0,-0.37506615064469656,-1.1823538619140508e-08,0.0,0.0,0.00023545967673675882,-0.7340831684239074,2.25393355598671,-0.25219498043317756,-0.2682330963167433,-0.08975469743300288,321,0.166833637401004,0.5,0.0,-0.04359516773304637,-0.2667699807885664,-73.46459596,-0.16558874390249417,93.54,-0.35365208486827704,5916672,0.0,-0.6763027526834149,0.0003,0.9056460857391357,1.0008152723312378,34524,-0.01711431019939482,0.2,0.014900839,0.14049072265625,74.87319488525391,36.71420669555664,-34.062034606933594
0.0,0.0,-0.00201951827611988,-0.15954370969372578,0.0,1945,0.01,0.65,3050,0.8520832,0.0,-0.37533520852884483,-1.2339820061764827e-08,0.0,0.0,0.00018120622391709022,-0.7714447901052192,2.272419078458443,-0.26973046319534855,-0.2683201614934067,-0.090806965048055,322,0.16275223733104457,0.5,-4.177507232978112e-05,-0.049708152870884856,-0.26544558384827127,-73.82092141000001,-0.1635697741209427,91.13,-0.35913349875227996,5935104,0.0,-0.6728323301846189,0.0003,0.8914400339126587,1.0007052421569824,34528,-0.017875978292431684,0.2,0.017338201,0.166650390625,84.1652774810791,40.94417953491211,-34.06129150390625
0.0,0.0,-0.001685073695563594,-0.1564318869432753,0.0,1951,0.01,0.65,3050,0.8516224,0.0,-0.3774569061307609,-1.1606000304830382e-08,0.0,0.0,0.0002886280611467858,-0.7317398669546328,2.268001459701341,-0.25588068202420156,-0.2681690311306901,-0.0901896476482645,323,0.16896098996021758,0.5,-3.6349723814055324e-05,-0.04346371380156396,-0.26808315019996076,-69.57662442,-0.16548112069554624,98.27,-0.35038972168532584,5953536,0.0,-0.672435807689804,0.0003,0.888853907585144,1.0006675720214844,34532,-0.017352777742780746,0.2,0.018387407,0.18306884765625,87.10227165222167,42.62896728515625,-34.05995750427246
0.0,0.0,-0.001079870175083444,-0.1551955584735328,0.0,1957,0.01,0.65,3051,0.8511616,0.0,-0.3760136402513113,-1.1798036071440655e-08,0.0,0.0,0.00025824614891058043,-0.7434688336260976,2.27051220635688,-0.2666487786794468,-0.26843399314721245,-0.08833090300114717,324,0.16633226117796335,0.5,0.0,-0.04618514787051047,-0.27065944433028905,-71.24247059999999,-0.16458420282225106,98.95,-0.3551926735801457,5971968,0.0,-0.6735698338988788,0.0003,0.8951845169067383,1.000807762145996,34536,-0.01924456749111414,0.2,0.018659668,0.18583984375,77.89651870727539,36.97344207763672,-34.06068859100342
0.0,0.0,-0.0015041001230441027,-0.16301315060499114,0.0,1963,0.01,0.65,3051,0.8507008,0.0,-0.37407915963570393,-1.2091211854081773e-08,0.0,0.0,0.00027343706460669637,-0.763786178015033,2.267941623681759,-0.2792988668266992,-0.26816191533942807,-0.08814790415844154,325,0.1643724548897743,0.5,-6.1306284300776e-05,-0.05222887597010595,-0.26662336901900496,-72.85286833,-0.16371520670037895,99.64,-0.35842674028900307,5990400,0.0,-0.6784107345375445,0.0003,0.8897209167480469,1.0007200241088867,34540,-0.014814303792081773,0.2,0.019141082,0.19244384765625,86.37949638366699,46.5662727355957,-34.062628746032715
0.0,0.0,-0.0015779893176982142,-0.15619007860223216,0.0,1969,0.01,0.65,3051,0.85024,0.0,-0.38209471477017254,-1.129018682856938e-08,0.0,0.0,0.00026367146832247573,-0.7153956405157217,2.254502322961115,-0.2521519133106762,-0.2677112061130655,-0.08711120471947258,326,0.17035165541856312,0.5,-1.62759970407933e-05,-0.04165959827749908,-0.27060521325452674,-70.05337632999999,-0.1667012224308451,94.79,-0.34787541947661643,6008832,0.0,-0.6731398342552541,0.0003,0.8989405035972595,1.0005600452423096,34544,-0.01765813890378922,0.2,0.01792642,0.165283203125,83.22611656188965,42.321754455566406,-34.05937747955322
0.0,0.0,-0.0009494831147996636,-0.1563872218556542,0.0,1975,0.01,0.65,3051,0.8497792,0.0,-0.380494831428603,-1.2130073433310954e-08,0.0,0.0,0.0002745220812761949,-0.7440369108861032,2.281006336026393,-0.27024460376407755,-0.26778375606357563,-0.08664336964825066,327,0.16736034969290212,0.5,-5.42532911317216e-06,-0.04749551467076161,-0.2718402986745369,-69.13103929,-0.16486000257322883,107.94,-0.35161064742995907,6027264,0.0,-0.6739544465489704,0.0003,0.8709772825241089,1.000368595123291,34548,-0.0180959430988878,0.2,0.018037949,0.18055419921875,98.27509307861328,47.00210189819336,-34.056820678710935
0.0,0.0,-0.00132925338901502,-0.15865440424504254,0.0,1981,0.01,0.65,3051,0.8493184,0.0,-0.3777845659390175,-1.239385450512802e-08,0.0,0.0,0.00027343706460669637,-0.7516337569690741,2.2746901287009993,-0.280948207629688,-0.2681601404358039,-0.08953979168146077,328,0.1652641369580479,0.5,-1.953120550347699e-05,-0.05212961066204004,-0.2707975069685937,-72.71380579000001,-0.16420656746090445,98.72,-0.35394180699315936,6045696,0.0,-0.669314744962614,0.0003,0.9121508002281189,1.0006263256072998,34552,-0.019297011161688714,0.2,0.018506432,0.17398681640625,69.40708084106446,33.79756164550781,-34.05671863555908
0.0,0.0,-0.00115115496514852,-0.1541316627911026,0.0,1987,0.01,0.65,3051,0.8488576,0.0,-0.3862812370885633,-1.1660989472790652e-08,0.0,0.0,0.0002810325402404285,-0.7095926857401095,2.2599303804988997,-0.2516720869722978,-0.26770224100160106,-0.08491449448764282,329,0.17124698874587782,0.5,-9.331579915144377e-05,-0.041310529030104515,-0.2754026955900476,-70.00288635999999,-0.16603078456703538,98.86,-0.3488155053545971,6064128,0.0,-0.6665162438281107,0.0003,0.891542375087738,1.0008437633514404,34556,-0.017995689518284053,0.2,0.019031936,0.178271484375,90.85040740966797,40.4283561706543,-34.06073894500732
0.0,0.0,-0.0003471786724066452,-0.155543772783428,0.0,1993,0.01,0.65,3051,0.8483968,0.0,-0.3835841633885319,-1.2540549763021276e-08,0.0,0.0,0.00029947868703554076,-0.7298015264852734,2.282069040281362,-0.26634184289777996,-0.2678217657498002,-0.0881365885394177,330,0.1692174124018678,0.5,-2.3871462973248628e-05,-0.04542924686946649,-0.27534015212218094,-71.53558533,-0.16584570042714605,105.77,-0.350755563422668,6082560,0.0,-0.66825089758521,0.0003,0.8702483773231506,1.0008047819137573,34560,-0.017533449945040046,0.2,0.016016906,0.15267333984375,100.13603134155274,51.53407287597656,-34.06219215393067
0.0,0.0,-0.0007081667583341956,-0.15715285969106157,0.0,1999,0.01,0.65,3052,0.847936,0.0,-0.3836322621780463,-1.239532164843808e-08,0.0,0.0,0.000288627996471607,-0.7276450247218955,2.2515777728403603,-0.25907511353602136,-0.26786836575725353,-0.0839241675150023,331,0.1695116241338953,0.5,-3.2551955276479325e-06,-0.04563333584529806,-0.27288190568355025,-71.57245145,-0.16713850962452784,96.25,-0.34933510264935363,6100992,0.0,-0.6677582383628745,0.0003,0.9000549912452698,1.0007245540618896,34564,-0.018215670459903778,0.2,0.015924102,0.14686279296875,80.91415672302246,40.191673278808594,-34.059859657287596
0.0,0.0,-0.0006199609173963207,-0.15698379366444798,0.0,2004,0.01,0.65,3052,0.8474752,0.0,-0.3812534386886005,-1.2099421558259136e-08,0.0,0.0,0.0002604162533922742,-0.7344023965077571,2.261859384778504,-0.2649443362673464,-0.2681345751266295,-0.08803212860960674,332,0.16742487331101524,0.5,-1.8446127392558588e-05,-0.047378600642578435,-0.2733304112443306,-73.55715709,-0.1651660474844343,98.5,-0.35344597846940995,6119424,0.0,-0.6688941497376998,0.0003,0.8722515106201172,1.0005943775177002,34568,-0.01671373415738344,0.2,0.015940646,0.16363525390625,104.17445869445801,54.41311264038086,-34.05812721252441
0.0,0.0,-0.00043319739274049683,-0.1575734786074307,0.0,2010,0.01,0.65,3052,0.8470144,0.0,-0.3809139141669599,-1.2654769322134126e-08,0.0,0.0,0.00027777734471278056,-0.7432471941223862,2.288094582681777,-0.27583800988771934,-0.26823842872778086,-0.08620408483197495,333,0.16850892716966384,0.5,-2.4414010113105178e-05,-0.04921484726585648,-0.27315060399983804,-72.51560346000001,-0.16549941352592584,100.56,-0.35096098485451566,6137856,0.0,-0.6698175475424656,0.0003,0.8826074600219727,1.0005910396575928,34572,-0.018123897875193508,0.2,0.018822672,0.18013916015625,95.96467437744141,49.53041458129883,-34.056497955322264
0.0,0.0,-0.0010062616578500926,-0.15654850322420608,0.0,2016,0.01,0.65,3052,0.8465536,0.0,-0.3880783630062325,-1.2088926139245096e-08,0.0,0.0,0.00030056373280886974,-0.7307949243109653,2.2777417095694084,-0.26863445919039536,-0.26784789238202894,-0.08471752009059134,334,0.1713129503746837,0.5,-0.00013888869014206447,-0.04611499207989391,-0.2750770466371238,-69.78868792999998,-0.16691194961395653,102.12,-0.3509858013424407,6156288,0.0,-0.6698302346762901,0.0003,0.8848700523376465,1.0006803274154663,34576,-0.018088043970055877,0.2,0.018144768,0.187060546875,92.80520820617676,47.976806640625,-34.05718479156494
0.0,0.0,-0.0013775644163904533,-0.15710119040899043,0.0,2022,0.01,0.65,3052,0.8460928,0.0,-0.3851951122115643,-1.2725231403399448e-08,0.0,0.0,0.0003135846216335065,-0.7391442603293487,2.282513365693354,-0.27439951963164977,-0.2680886946808028,-0.08568878664060425,335,0.1695281760369089,0.5,-1.5190935098669595e-05,-0.04819311906253122,-0.2764457489931671,-71.07880487,-0.16641070958286241,104.81,-0.35107728552087053,6174720,0.0,-0.672411504625665,0.0003,0.8816813230514526,1.000880479812622,34580,-0.017561036138795318,0.2,0.019582318,0.1783447265625,97.65559463500976,47.726585388183594,-34.06096839904785
0.0,0.0,-0.0006395424357443549,-0.15630104324739802,0.0,2028,0.01,0.65,3052,0.8456319999999999,0.0,-0.3838009371553319,-1.2365406868577165e-08,0.0,0.0,0.00030273392136829597,-0.7300186917580214,2.2838494749453586,-0.2718624265914301,-0.2682165999513442,-0.08497673402737535,336,0.17132170609187014,0.5,-4.5030274324946935e-05,-0.04620894311260498,-0.27523556906157987,-68.27822867,-0.16576178330743194,110.49,-0.35177084206108306,6193152,0.0,-0.6684233276427529,0.0003,0.8952839970588684,1.000671625137329,34584,-0.019196221383754163,0.2,0.0161872,0.170751953125,88.16884384155273,50.9251708984375,-34.060631942749026
0.0,0.0,-0.0008656017945791889,-0.1519973321072554,0.0,2034,0.01,0.65,3052,0.8451712,0.0,-0.39091230511053193,-1.2014240494357975e-08,0.0,0.0,0.00032877557290097076,-0.7083152869033483,2.2874632853972443,-0.2553205764361597,-0.2679250631693338,-0.08482489106260774,337,0.17456311270498986,0.5,-3.2551955276479325e-06,-0.04019339115805098,-0.2790915263228401,-68.92682551,-0.16916638468307812,96.78,-0.34585132160732135,6211584,0.0,-0.6688051239782508,0.0003,0.9002436399459839,1.0008571147918701,34588,-0.01859782199608162,0.2,0.01904177,0.183251953125,83.0437858581543,36.59843444824219,-34.06174793243408
0.0,0.0,-0.0003425814692049739,-0.15505857349700317,0.0,2040,0.01,0.65,3052,0.8447104,0.0,-0.38526133876575136,-1.21949858912627e-08,0.0,0.0,0.00029730861489143636,-0.7351823764975498,2.3038725881232325,-0.2756237599611637,-0.26817626099029224,-0.08575719356265854,338,0.17138084721101865,0.5,-5.425309710618523e-07,-0.04806752654095207,-0.2780681313537872,-68.75042417,-0.16619467377905425,104.53,-0.3475952602112754,6230016,0.0,-0.6664489924472777,0.0003,0.8776299357414246,1.0007033348083496,34592,-0.020544365234673023,0.2,0.017858243,0.171533203125,96.7725616455078,48.38480758666992,-34.06053428649902
0.0,0.0,-0.0013822974769415472,-0.15538063442397265,0.0,2046,0.01,0.65,3052,0.8442495999999999,0.0,-0.3868533697059165,-1.2302648051922064e-08,0.0,0.0,0.0002452252536184258,-0.7457303683531049,2.2980100739644276,-0.2773457309860021,-0.26874248382328186,-0.08681658750528501,339,0.17155296228106182,0.5,0.0,-0.04757171649147007,-0.2790579368102443,-66.53926882,-0.16644910628720638,105.91,-0.3490616646290058,6248448,0.0,-0.6676652758161259,0.0003,0.9014542102813721,1.0008172988891602,34596,-0.01793218592647463,0.2,0.01860806,0.1774169921875,81.81421432495117,38.19944763183594,-34.06004314422607
0.0,0.0,-0.0006126452771352736,-0.15484907705477038,0.0,2052,0.01,0.65,3052,0.8437888,0.0,-0.3900652540867497,-1.2041386781392097e-08,0.0,0.0,0.00029839368976859585,-0.7303176000489547,2.2942626423255534,-0.2649191498716944,-0.2682641290494164,-0.08498517185374224,340,0.17551831352629393,0.5,-3.7977264987097847e-06,-0.04360662851320053,-0.2796829945380083,-66.57646294999999,-0.16911373443396704,99.99,-0.34430576744296765,6266880,0.0,-0.6635580092544591,0.0003,0.9052338004112244,1.00126314163208,34600,-0.01829916702117771,0.2,0.020233652,0.2112548828125,82.52551231384277,38.551551818847656,-34.067399978637695
0.0,0.0,-0.0008210174444017401,-0.15811933949560897,0.0,2058,0.01,0.65,3053,0.843328,0.0,-0.38988111727143493,-1.1740087081453506e-08,0.0,0.0,0.00031032939700202807,-0.7455905076724201,2.2726590444654886,-0.27035717187291436,-0.26838330390110543,-0.08355418088123341,341,0.17020166862290254,0.5,-9.331582663839476e-05,-0.0483485085039797,-0.27584785266138223,-70.59074459,-0.1678240638951933,101.72,-0.34894459707273434,6285312,0.0,-0.6662951465615953,0.0003,0.889625072479248,1.0012162923812866,34604,-0.018237024190602823,0.2,0.018697914,0.17781982421875,92.69927711486817,42.4837532043457,-34.06759967803955
0.0,0.0,-0.0008066433858671085,-0.15478896298080488,0.0,2064,0.01,0.65,3053,0.8428672,0.0,-0.3885768186034533,-1.2265159141726696e-08,0.0,0.0,0.0003320308234025207,-0.73216822360909,2.2796124056156972,-0.26698835849141195,-0.2681421292707288,-0.08687831677063425,342,0.17133380475984855,0.5,0.0,-0.045376404523656544,-0.2787382748620819,-69.89691756000002,-0.1673457266307152,102.84,-0.346472633777629,6303744,0.0,-0.6632877232810483,0.0003,0.8852951526641846,1.001208782196045,34608,-0.017948968219570816,0.2,0.017613882,0.174609375,98.67742462158203,47.570369720458984,-34.067809677124025
0.0,0.0,-0.001525213983254889,-0.15373190823715474,0.0,2070,0.01,0.65,3053,0.8424064,0.0,-0.38936588018380974,-1.2087870505116232e-08,0.0,0.0,0.000281032569344259,-0.7333640070799876,2.296332830021328,-0.2641095527925619,-0.26808666173140194,-0.08707734035731719,343,0.1737809613456237,0.5,0.0,-0.044566908219295855,-0.2793998892113785,-69.97306233,-0.16917775800235796,98.02,-0.3465552986775105,6322176,0.0,-0.6683000212154674,0.0003,0.8857702016830444,1.001325011253357,34612,-0.018811405333690346,0.2,0.020614585,0.19132080078125,95.86255111694337,52.580318450927734,-34.06818027496338
0.0,0.0,-0.0011590714840530479,-0.1552479254596068,0.0,2076,0.01,0.65,3053,0.8419456,0.0,-0.3931188722162402,-1.2180874888653176e-08,0.0,0.0,0.0002625863449389322,-0.731840587219703,2.2908971639945146,-0.2678571081155691,-0.26789454934271845,-0.08464642498089489,344,0.17297472302587785,0.5,0.0,-0.045735307975098664,-0.28123158933927866,-68.25277327,-0.16865953690441904,106.14,-0.3444833478048065,6340608,0.0,-0.6609389205583538,0.0003,0.8837260603904724,1.0012264251708984,34616,-0.016922300588339566,0.2,0.015702527,0.16204833984375,94.12792205810547,43.03374099731445,-34.068938446044925
0.0,0.0,-0.0015107750057717056,-0.15241375620454375,0.0,2082,0.01,0.65,3053,0.8414848,0.0,-0.39157442068331366,-1.2432818104111522e-08,0.0,0.0,0.00023762986529618502,-0.7730376231090399,2.322392082915519,-0.2961599529047636,-0.26824145480057066,-0.08522470751576752,345,0.16905404895285944,0.5,0.0,-0.05170010428609592,-0.2847740555726034,-71.02331506,-0.1662456573471044,110.59,-0.35082256376532306,6359040,0.0,-0.6672417893608527,0.0003,0.8913679718971252,1.00113046169281,34620,-0.01779725549276918,0.2,0.018868765,0.18353271484375,89.6588077545166,44.160316467285156,-34.06666507720947
0.0,0.0,-0.0005138789949029049,-0.15611093116486624,0.0,2088,0.01,0.65,3053,0.841024,0.0,-0.396231617096038,-1.2177180558381222e-08,0.0,0.0,0.0003124995273537934,-0.7108528983955124,2.2751778401060827,-0.24761248554070134,-0.2673035124040894,-0.08501951184335221,346,0.1761385515822984,0.5,-1.6275961469444965e-06,-0.04011074635846345,-0.27828577396200876,-67.17201343999999,-0.1703155036312803,104.62,-0.339042530879732,6377472,0.0,-0.665427782083331,0.0003,0.9053226113319397,1.001061201095581,34624,-0.018813248630613087,0.2,0.017902592,0.18359375,80.5481128692627,35.47057342529297,-34.06614513397217
0.0,0.0,-0.000835731667641585,-0.15033400101618025,0.0,2094,0.01,0.65,3053,0.8405632000000001,0.0,-0.3943476835625457,-1.1514610332301251e-08,0.0,0.0,0.0002593311591125611,-0.7343322395449468,2.3103681599277106,-0.27084997167314023,-0.2678822921779831,-0.08363621756240625,347,0.17184721937676334,0.5,0.0,-0.044160894687973705,-0.27859865703231174,-66.00602269000001,-0.16814500732242454,108.77,-0.3450076845585912,6395904,0.0,-0.6702951528277703,0.0003,0.8717061281204224,1.0005996227264404,34628,-0.01726892814040184,0.2,0.017843798,0.18228759765625,104.06731872558593,44.69355010986328,-34.059502029418944
0.0,0.0,-0.000867863403296094,-0.1530036153758657,0.0,2100,0.01,0.65,3053,0.8401024,0.0,-0.39546338489144645,-1.2295811965537557e-08,0.0,0.0,0.000272352038235921,-0.7562017202660984,2.3233500949325836,-0.28421229713153306,-0.26819444308271706,-0.08408134505245027,348,0.17141056338817381,0.5,0.0,-0.049094197502245834,-0.284323413350876,-70.25355628999999,-0.16736298843803243,112.64,-0.3486550942143061,6414336,0.0,-0.666838916902009,0.0003,0.8979984521865845,1.0005854368209839,34632,-0.01633103764615953,0.2,0.016144954,0.14986572265625,85.18718338012695,41.45558547973633,-34.05843372344971
0.0,0.0,-0.0015944857242849698,-0.1548329346509164,0.0,2106,0.01,0.65,3053,0.8396416,0.0,-0.40024792214837945,-1.1846663416792548e-08,0.0,0.0,0.0003276904883225345,-0.735681185513445,2.289462300352262,-0.26953729495043494,-0.26772887792409167,-0.0797575098731276,349,0.17401152006987983,0.5,-1.6275961469444965e-06,-0.04539548071731323,-0.2822579722630742,-67.14262114,-0.16984456351495217,101.03,-0.3429985110286622,6432768,0.0,-0.6640742917519096,0.0003,0.9050963521003723,1.001059889793396,34636,-0.01892967348685488,0.2,0.020261304,0.19080810546875,81.3935619354248,39.22890090942383,-34.063492965698245
0.0,0.0,-0.0005295924382012523,-0.15398277892267637,0.0,2112,0.01,0.65,3053,0.8391808000000001,0.0,-0.39909640579585176,-1.2179955345564676e-08,0.0,0.0,0.0002658415695704106,-0.755529631694284,2.3122051510084076,-0.28038325168933004,-0.2678652580859848,-0.08347400882664474,350,0.17160084847604767,0.5,-2.9839329525000518e-05,-0.04677596717409939,-0.28492603556718016,-70.78979874,-0.1695576883992039,110.15,-0.34582065333979445,6451200,0.0,-0.6671620775107857,0.0003,0.8794571757316589,1.0012497901916504,34640,-0.01714457814814523,0.2,0.020394044,0.1921875,105.47449760437011,43.685794830322266,-34.06841335296631
0.0,0.0,-0.0012246878946396466,-0.15535010673108518,0.0,2118,0.01,0.65,3054,0.83872,0.0,-0.40342322339946984,-1.2624065683622107e-08,0.0,0.0,0.00027994745566199225,-0.7383737685851186,2.311929739425726,-0.2744207335059414,-0.26823259989501635,-0.08577593049934046,351,0.17396854991544672,0.5,-3.2551955276479325e-06,-0.045696557042281885,-0.28721799262308756,-66.55453759000001,-0.16985139085361545,105.86,-0.3418171245375754,6469632,0.0,-0.6698012477830937,0.0003,0.8945273160934448,1.0014524459838867,34644,-0.018399804236833007,0.2,0.02193262,0.20035400390625,92.74998016357422,39.91120910644531,-34.0699369430542
0.0,0.0,-0.0008070995631591397,-0.15239020228895214,0.0,2124,0.01,0.65,3054,0.8382592,0.0,-0.40323398752470857,-1.2055390472190269e-08,0.0,0.0,0.0002799474847658227,-0.7370085243317773,2.3223368682073424,-0.2771096976929197,-0.26763250899707874,-0.08282969336764404,352,0.17437154947032496,0.5,0.0,-0.045914266591161795,-0.2889707227316788,-66.82886698,-0.16955947340709648,110.13,-0.34551364320510775,6488064,0.0,-0.6653677137208309,0.0003,0.8949206471443176,1.0012996196746826,34648,-0.01855314295971766,0.2,0.01826944,0.18692626953125,93.45168609619141,49.155372619628906,-34.06985664367676
0.0,0.0,-0.0026252206335037756,-0.15069295324887932,0.0,2130,0.01,0.65,3054,0.8377984,0.0,-0.40653107692685536,-1.2420961253951365e-08,0.0,0.0,0.0002962235400142769,-0.7432073638125211,2.313152680994413,-0.2748715235575828,-0.26817959153003845,-0.08259866046586262,353,0.17381281815547267,0.5,0.0,-0.04571830424421967,-0.28774250550615116,-68.35518856,-0.1700918958023311,107.19,-0.344837484265805,6506496,0.0,-0.6665383051512851,0.0003,0.8896392583847046,1.0010069608688354,34652,-0.018161999247968196,0.2,0.01808535,0.1859619140625,93.24639778137207,48.40666198730469,-34.06627426147461
0.0,0.0,-0.0006774511821671685,-0.1563134414798636,0.0,2136,0.01,0.65,3054,0.8373376,0.0,-0.39809559620934687,-1.2314006193412352e-08,0.0,0.0,0.0003124995370550702,-0.7413416199591635,2.3010449875096035,-0.27524195521921,-0.2679519129379134,-0.08435780261451757,354,0.17452564201219972,0.5,-5.967860084234013e-06,-0.047556106530392286,-0.2841290272471197,-66.91211775,-0.16989441394526011,110.41,-0.34362695020912487,6524928,0.0,-0.6647630779499214,0.0003,0.8849239945411682,1.0012716054916382,34656,-0.016958408791106196,0.2,0.018058363,0.181689453125,98.26295776367188,51.81467819213867,-34.06788234710693
0.0,0.0,-0.0019710695156335434,-0.15267619775987365,0.0,2142,0.01,0.65,3054,0.8368768,0.0,-0.3947846727279274,-1.2398791127188231e-08,0.0,0.0,0.00024197003868822422,-0.7667348554219685,2.306912750864768,-0.29022876585059953,-0.2682148129423236,-0.08355287728235096,355,0.16933983788472237,0.5,0.0,-0.05149073979158347,-0.2813620910996115,-69.97709661,-0.1683317767758038,108.73,-0.34985971211727745,6543360,0.0,-0.663971039964702,0.0003,0.9032132625579834,1.000983715057373,34660,-0.01763045953121036,0.2,0.017476093,0.19073486328125,86.36980018615722,41.349117279052734,-34.066013145446775
0.0,0.0,-0.0012082957650480497,-0.15047808894640044,0.0,2148,0.01,0.65,3054,0.836416,0.0,-0.4010585968724082,-1.197123808794961e-08,0.0,0.0,0.00031141451068429486,-0.7388521278356777,2.3215814379873216,-0.27769719480139643,-0.2682872265441761,-0.08351803737559131,356,0.17576976576041223,0.5,-1.5190935098669595e-05,-0.045583175021572504,-0.28813290649573625,-67.42863465,-0.1698583747292774,108.88,-0.34166444241735,6561792,0.0,-0.6658892391399606,0.0003,0.8990644216537476,1.0010359287261963,34664,-0.01851154601899907,0.2,0.020147225,0.19581298828125,92.78217163085938,47.13359069824219,-34.064216995239256
0.0,0.0,-0.001787380676740068,-0.1544720523522651,0.0,2154,0.01,0.65,3054,0.8359552,0.0,-0.40475135766702736,-1.2428756027830277e-08,0.0,0.0,0.0003211800681634082,-0.7500725837171783,2.3113838011607086,-0.28388464960807397,-0.2677643571540975,-0.08516095460126355,357,0.1718804791665498,0.5,0.0,-0.04953086225028886,-0.28576984044491066,-71.58146449,-0.16963933697276168,105.31,-0.34472731916896937,6580224,0.0,-0.6653816538250212,0.0003,0.9019721150398254,1.000981092453003,34668,-0.017445550905540584,0.2,0.01908436,0.18455810546875,88.19400024414062,45.458030700683594,-34.06317768096924
0.0,0.0,-0.0019295048794620772,-0.15311136338766376,0.0,2160,0.01,0.65,3054,0.8354944,0.0,-0.4027142956447938,-1.2194670325312723e-08,0.0,0.0,0.00025607590537725226,-0.7529794667040619,2.3081988578675143,-0.28739096533039843,-0.26787871995144447,-0.08510692199670206,358,0.17191848287848238,0.5,0.0,-0.05027371300311998,-0.28538494947731313,-71.66354489999999,-0.169370530993306,108.99,-0.34434362980630784,6598656,0.0,-0.6677741565671719,0.0003,0.895871102809906,1.0010465383529663,34672,-0.018237368954578413,0.2,0.018737052,0.1790283203125,95.47387351989747,47.66204071044922,-34.064429473876956
0.0,0.0,-0.001035382470704843,-0.14937950117848264,0.0,2166,0.01,0.65,3054,0.8350336,0.0,-0.41174997744512465,-1.2255721034140923e-08,0.0,0.0,0.00026041620488589007,-0.7259493259447645,2.3139061197422377,-0.2755199544882218,-0.26807800166397056,-0.08015300226505638,359,0.17562797262196184,0.5,-1.953120550347699e-05,-0.04450410345723857,-0.2916111424181588,-62.63156463,-0.16993700154662483,111.56,-0.3421379335330672,6617088,0.0,-0.6592598226746067,0.0003,0.8973684310913086,1.0011701583862305,34676,-0.020012306817807256,0.2,0.01772696,0.20706787109375,94.08236541748047,51.932621002197266,-34.0671028137207
0.0,0.0,-0.0014479476842580974,-0.1546623439572506,0.0,2172,0.01,0.65,3054,0.8345728,0.0,-0.40369899502524753,-1.2410735430311831e-08,0.0,0.0,0.0003049040711226149,-0.7190446515081145,2.3070411398880175,-0.2686802814760794,-0.2683426971460603,-0.0833727382769694,360,0.17816635340779416,0.5,0.0,-0.04429110290181115,-0.28864417674332143,-67.52696115,-0.17142968800074512,107.78,-0.3400419883291032,6635520,0.0,-0.665716180154078,0.0003,0.8958273530006409,1.0011093616485596,34680,-0.01768569606356323,0.2,0.0205677,0.19979248046875,92.49091453552246,46.86422348022461,-34.06633987426758
0.0,0.0,-0.0028139883267179625,-0.1489713818769327,0.0,2178,0.01,0.65,3054,0.834112,0.0,-0.4070518086161332,-1.2272311808839354e-08,0.0,0.0,0.0002842877648719069,-0.7322171182068228,2.327530521128797,-0.27253000760219886,-0.2678754742495484,-0.08423406899142817,361,0.17883540763775396,0.5,-2.3328932002186775e-05,-0.042956037738941605,-0.29401061053590793,-67.07342328,-0.1714158412963236,103.49,-0.3362065138739101,6653952,0.0,-0.6626278240956119,0.0003,0.875368058681488,1.0012950897216797,34684,-0.017294602643232793,0.2,0.018473849,0.174658203125,113.04651718139648,52.69855499267578,-34.06798324584961
0.0,0.0,-0.0013186550458098242,-0.1529887268860203,0.0,2184,0.01,0.65,3055,0.8336512,0.0,-0.4062625862662744,-1.2344022022961738e-08,0.0,0.0,0.00025933113971000747,-0.7394077596593537,2.302021489755375,-0.2791226076648128,-0.26740484864482517,-0.0807823352728773,362,0.1738799878576567,0.5,-1.1393198898682991e-05,-0.04760170623245892,-0.28859494135523023,-69.57837214,-0.17057915055540418,109.9,-0.3405590279845253,6672384,0.0,-0.6636248028560429,0.0003,0.8908582925796509,1.0008710622787476,34688,-0.019474839593749495,0.2,0.020888988,0.20115966796875,95.65431900024414,42.83354187011719,-34.06542339324951
0.0,0.0,-0.0011912282205078948,-0.15001657437429092,0.0,2189,0.01,0.65,3055,0.8331904,0.0,-0.4120200323208143,-1.2345777654716923e-08,0.0,0.0,0.00022786415259664258,-0.7394525190180743,2.3372640923602552,-0.28616408905901314,-0.2676982562769583,-0.08137536976587553,363,0.1763088013146613,0.5,0.0,-0.0470598722702211,-0.29599089142833646,-63.174766609999985,-0.1701561895114965,119.89,-0.33906947231923007,6690816,0.0,-0.6629294210888601,0.0003,0.8794583678245544,1.0006725788116455,34692,-0.018429373321123422,0.2,0.018183101,0.1850341796875,108.89230155944824,60.104888916015625,-34.060211181640625
0.0,0.0,-0.0014613658245702704,-0.1518122094769322,0.0,2195,0.01,0.65,3055,0.8327296,0.0,-0.4132094725692213,-1.2626250003763503e-08,0.0,0.0,0.0002788623904861096,-0.7469031707930116,2.3361125092739083,-0.2891992091410976,-0.26830239554366436,-0.08382097852804683,364,0.17717471106756663,0.5,0.0,-0.04797902811460983,-0.29847358272389984,-68.90148707,-0.17069289814038982,109.2,-0.33966599758873317,6709248,0.0,-0.6637364654753815,0.0003,0.9017320871353149,1.0011759996414185,34696,-0.016482103732414544,0.2,0.019520594,0.19033203125,84.98974838256837,38.952369689941406,-34.06530590057373
0.0,0.0,-0.0010488082898285902,-0.15279346157282891,0.0,2201,0.01,0.65,3055,0.8322688,0.0,-0.40990137882734257,-1.2270446499316428e-08,0.0,0.0,0.0002625864128478699,-0.7670422811258655,2.3407895624623034,-0.3014165794750627,-0.26825188173150705,-0.0826160633118522,365,0.17428352394477997,0.5,-5.425309710618523e-07,-0.05231427897013036,-0.2959352452184056,-64.35871364999998,-0.17091799508096692,115.51,-0.33969324186036814,6727680,0.0,-0.6640007073878456,0.0003,0.8963093757629395,1.001511812210083,34700,-0.017874207883141934,0.2,0.020486832,0.21400146484375,95.08323516845704,46.24385452270508,-34.070223808288574
0.0,0.0,-0.002322520686582296,-0.14923024783580788,0.0,2207,0.01,0.65,3055,0.831808,0.0,-0.413057185629157,-1.2745301634831675e-08,0.0,0.0,0.00027560718525718484,-0.7343995196480199,2.34605660512031,-0.2774552034118585,-0.26841901142241875,-0.08569010914869474,366,0.17889014222507668,0.5,0.0,-0.04431105069309171,-0.2952247598944611,-65.11261244,-0.17287818200883448,108.88,-0.3328295650878342,6746112,0.0,-0.666998249008677,0.0003,0.913044810295105,1.0014572143554688,34704,-0.018580466287676244,0.2,0.020239111,0.21424560546875,85.73481101989746,42.28913879394531,-34.07075805664063
0.0,0.0,-0.0018028440994512056,-0.15220276539342475,0.0,2213,0.01,0.65,3055,0.8313472,0.0,-0.4100433725159192,-1.2651260798159251e-08,0.0,0.0,0.0002940534096625116,-0.7312199629561722,2.329052294983659,-0.2745184689624394,-0.2678410405420455,-0.08335810870679077,367,0.17832951151116058,0.5,0.0,-0.04470323462176923,-0.2918369343385628,-64.25616725,-0.17211120543829017,110.61,-0.3349497558690559,6764544,0.0,-0.6590805722730085,0.0003,0.9108963012695312,1.0010837316513062,34708,-0.01809562516864389,0.2,0.017883351,0.1764892578125,83.76835212707519,38.795013427734375,-34.067090797424314
0.0,0.0,-0.0012123969254329192,-0.15279573015800313,0.0,2219,0.01,0.65,3055,0.8308864,0.0,-0.4084638447796335,-1.2429075224106744e-08,0.0,0.0,0.00026801174842856,-0.7424440005266737,2.319685169168439,-0.27853239764846893,-0.2679362387744831,-0.08405873764446309,368,0.17613789765251342,0.5,-5.425309710618523e-07,-0.04699059983271399,-0.29133866891340654,-64.97688778000001,-0.17219422491437608,111.04,-0.3353621897627881,6782976,0.0,-0.6626165525995366,0.0003,0.9004296064376831,1.0011200904846191,34712,-0.017120544612407685,0.2,0.020472959,0.212841796875,93.05503196716309,43.85508346557617,-34.06647148132324
0.0,0.0,-0.0010735639533498455,-0.15399612932453954,0.0,2225,0.01,0.65,3055,0.8304256,0.0,-0.40066639314984265,-1.2513137473372831e-08,0.0,0.0,0.00028645793402877945,-0.7592085225125886,2.3056137443501186,-0.28184855728335323,-0.2684701521080373,-0.0837147626397006,369,0.1711980784591003,0.5,-3.255192293888993e-06,-0.04901615326347465,-0.28385864520333215,-70.38084405,-0.1706513042337572,107.62,-0.3400656009503461,6801408,0.0,-0.6616562095224664,0.0003,0.8946903944015503,1.0011780261993408,34716,-0.01777752786874771,0.2,0.018434595,0.20113525390625,97.2787239074707,48.81343460083008,-34.0678186416626
0.0,0.0,-0.001273110687658184,-0.14828071105386725,0.0,2231,0.01,0.65,3055,0.8299648,0.0,-0.40967104964389933,-1.2490911871332672e-08,0.0,0.0,0.00026909681360444263,-0.7346442151339654,2.354232567729097,-0.28178593897479304,-0.267991604853661,-0.08185260659723156,370,0.17979569452232858,0.5,-5.425309710618523e-07,-0.04492312410902828,-0.29597938204822394,-64.43273257999999,-0.17165654440842104,115.65,-0.33645709253933337,6819840,0.0,-0.6609368162233336,0.0003,0.9059856534004211,1.0010063648223877,34720,-0.019999254948925228,0.2,0.01979143,0.1956298828125,89.85831298828126,46.27739334106445,-34.06576843261719
0.0,0.0,-0.000877897184613829,-0.15504285560006553,0.0,2237,0.01,0.65,3056,0.829504,0.0,-0.4022448411020926,-1.2188998630214428e-08,0.0,0.0,0.0003005638104190843,-0.7680823478829429,2.3150288735775217,-0.2934309707445859,-0.26811195290843526,-0.08150158582281299,371,0.16990795325715977,0.5,-2.495652814913127e-05,-0.05291776683038848,-0.28389870168211745,-69.98793095,-0.1697193319205501,108.96,-0.34317709084018805,6838272,0.0,-0.667607313101481,0.0003,0.9154883623123169,1.001164436340332,34724,-0.018433306878432632,0.2,0.019623257,0.19168701171875,74.24634914398193,39.79909133911133,-34.06669902801514
0.0,0.0,-0.0011427307187869109,-0.15250969913607137,0.0,2243,0.01,0.65,3056,0.8290432,0.0,-0.4153572240961554,-1.2022561273447041e-08,0.0,0.0,0.00027452211038002535,-0.7286491646275252,2.3215835822488002,-0.27142080779845146,-0.268182353209442,-0.08252474582187491,372,0.1776069053944643,0.5,-1.1393208599959811e-05,-0.044004382955534035,-0.2890052496575101,-67.91751815,-0.17246826847915087,105.14,-0.337497658555433,6856704,0.0,-0.666020395813234,0.0003,0.9000436663627625,1.0008642673492432,34728,-0.017483792288112456,0.2,0.020015609,0.201123046875,99.02653465270996,50.668670654296875,-34.06479034423828
0.0,0.0,-0.0010409933539558545,-0.15458200874081615,0.0,2249,0.01,0.65,3056,0.8285823999999999,0.0,-0.4143791419424383,-1.2332152588674465e-08,0.0,0.0,0.00027126697306003835,-0.7556009387056699,2.3335825541595576,-0.2844127583918214,-0.2681235263790957,-0.08019893263117958,373,0.1746328712310878,0.5,0.0,-0.047610337417680886,-0.29275615641853325,-66.67366823,-0.1720601154045981,109.17,-0.33852935308913595,6875136,0.0,-0.6669768596262715,0.0003,0.8880528211593628,1.0011335611343384,34732,-0.020359075465239584,0.2,0.019757602,0.197216796875,102.33420295715332,51.68155288696289,-34.06475315093994
0.0,0.0,-0.00114960545736841,-0.1537297371954238,0.0,2255,0.01,0.65,3056,0.8281216,0.0,-0.41262605319876716,-1.2610056063708473e-08,0.0,0.0,0.00026150132826943364,-0.7543520565010543,2.337102132781947,-0.28351108930014024,-0.26867583256031025,-0.08107735311458962,374,0.17795743421483848,0.5,0.0,-0.04666610995702498,-0.29357442878287066,-65.18662218,-0.17147614225706947,114.53,-0.33452913866893363,6893568,0.0,-0.6614087682464069,0.0003,0.9003128409385681,1.001564860343933,34736,-0.018191937543451785,0.2,0.01932928,0.191015625,91.22503967285157,47.99695587158203,-34.07049198150635
0.0,0.0,-0.0013587058005459821,-0.14777352557479811,0.0,2261,0.01,0.65,3056,0.8276608,0.0,-0.4185393726219887,-1.165400742973387e-08,0.0,0.0,0.00028971305194621283,-0.7322666632532298,2.340625672218429,-0.2742551634086936,-0.2679689356996029,-0.07852414687596362,375,0.1783839601290415,0.5,-3.255192293888993e-06,-0.04293121976933993,-0.2943932209306968,-63.33055988,-0.17235159599694067,111.3,-0.33684710889316183,6912000,0.0,-0.6661449976435975,0.0003,0.9046235084533691,1.0015521049499512,34740,-0.01862855950021185,0.2,0.023042316,0.23681640625,88.6734245300293,47.005985260009766,-34.07216873168945
0.0,0.0,-0.0009662626754311566,-0.15148539369740088,0.0,2267,0.01,0.65,3056,0.8271999999999999,0.0,-0.41595876412355987,-1.2287899340933974e-08,0.0,0.0,0.0003190099766167502,-0.7466296531620551,2.3254509475310616,-0.2808524083954781,-0.26816053262492306,-0.0795908770222533,376,0.17765638147999702,0.5,-1.6275961469444965e-06,-0.0469206407506971,-0.29464412686056507,-68.62006339999999,-0.17191632570534773,108.31,-0.3368574876048722,6930432,0.0,-0.6639163029186715,0.0003,0.9018399119377136,1.0011624097824097,34744,-0.01840639462461695,0.2,0.020646712,0.20050048828125,85.69840087890626,38.776206970214844,-34.06674346923828
0.0,0.0,-0.0007689610459378915,-0.15517458088822236,0.0,2273,0.01,0.65,3056,0.8267392,0.0,-0.40885708684463046,-1.2272127435790783e-08,0.0,0.0,0.00031575475198527175,-0.758468974487902,2.3070535457959185,-0.2852941944643772,-0.26808908805769566,-0.08007147626258086,377,0.1728748392037479,0.5,-3.743481809376842e-05,-0.051014693565257486,-0.28652020204889417,-66.83179464000001,-0.17042403354757601,111.14,-0.3438748754010297,6948864,0.0,-0.6669686265924843,0.0003,0.8948883414268494,1.0007375478744507,34748,-0.01768286156002432,0.2,0.018426646,0.19793701171875,97.87475891113282,47.75538635253906,-34.06154937744141
0.0,0.0,-0.0014481213874014277,-0.14747073347610817,0.0,2279,0.01,0.65,3056,0.8262784,0.0,-0.414431846969652,-1.1854336181461024e-08,0.0,0.0,0.0002788624292912169,-0.7339145613150644,2.345695586987147,-0.278817627170908,-0.26821187874832236,-0.0794236666024636,378,0.18015757942362612,0.5,0.0,-0.04382928890155932,-0.29517642585967824,-64.37800537999999,-0.17267921455631904,114.5,-0.33574393743368014,6967296,0.0,-0.6646509885970124,0.0003,0.8918302059173584,1.0006749629974365,34752,-0.01782641732133925,0.2,0.01947862,0.19957275390625,103.88224792480469,56.06794738769531,-34.05920143127442
0.0,0.0,-0.0007778310739956417,-0.15112337271534723,0.0,2285,0.01,0.65,3056,0.8258176,0.0,-0.4181712543805354,-1.2328079062130727e-08,0.0,0.0,0.00031683982686243125,-0.7418104382340193,2.34864062015329,-0.28328325701516505,-0.26820186188293227,-0.07912508520628074,379,0.1802350374119526,0.5,0.0,-0.04685040925204716,-0.2966098998581146,-64.87311268,-0.17183708417563778,113.6,-0.33570707949844336,6985728,0.0,-0.6666647591894915,0.0003,0.9005137085914612,1.0008065700531006,34756,-0.01719983589136973,0.2,0.017404456,0.17144775390625,89.3829288482666,43.68901824951172,-34.06048164367676
0.0,0.0,-0.0007738251267598405,-0.15341909226418707,0.0,2291,0.01,0.65,3056,0.8253568,0.0,-0.41292943969020557,-1.2530694308672375e-08,0.0,0.0,0.00032335025672283437,-0.7326545853378825,2.3197400360692724,-0.2784233221033339,-0.268394080541813,-0.08005865250319337,380,0.17926921984956012,0.5,-2.4414010113105178e-05,-0.045843210895515414,-0.29293157151873156,-64.5632332,-0.17224473187603506,110.91,-0.3346629302373871,7004160,0.0,-0.6653328111342236,0.0003,0.8985675573348999,1.00094735622406,34760,-0.01849009277066216,0.2,0.019788967,0.1968505859375,95.48812637329101,48.533443450927734,-34.06224174499512
0.0,0.0,-0.0008799350035567787,-0.1502601617575651,0.0,2297,0.01,0.65,3056,0.824896,0.0,-0.4123625798188899,-1.2188539789944162e-08,0.0,0.0,0.00023762971977703273,-0.7437741079344087,2.3312118109041164,-0.28090303201860584,-0.26848672421259817,-0.07823447362516865,381,0.17768421562622877,0.5,0.0,-0.045250272473254964,-0.2944811324857773,-65.11558348,-0.17143516180691823,115.11,-0.33862671446759257,7022592,0.0,-0.6659984699837319,0.0003,0.8854734301567078,1.0010714530944824,34764,-0.02036387611879036,0.2,0.02102283,0.210009765625,108.57157821655274,59.41051483154297,-34.06431369781494
0.0,0.0,-0.0006476377799299606,-0.15076764178110127,0.0,2303,0.01,0.65,3056,0.8244352,0.0,-0.4151121983258905,-1.2543280107848965e-08,0.0,0.0,0.00019965237071220245,-0.7584348497673595,2.3555767030488424,-0.2948228963080025,-0.2687150992759908,-0.07951052859101265,382,0.17641876682274743,0.5,0.0,-0.050296188568981194,-0.29653053959563863,-62.65251138000001,-0.17063885287134972,124.33,-0.3395541904953123,7041024,0.0,-0.6630109159489209,0.0003,0.8870111107826233,1.0009307861328125,34768,-0.016882248292677104,0.2,0.020623688,0.2037353515625,108.01364479064941,54.02648162841797,-34.06210155487061
0.0,0.0,-0.0004294398005642894,-0.14859979423000944,0.0,2309,0.01,0.65,3057,0.8239744,0.0,-0.414080172691532,-1.253745686450902e-08,0.0,0.0,0.0002322044424040036,-0.7493354406927268,2.3576232421839354,-0.2938161676795761,-0.26875348436354796,-0.07791954977504048,383,0.176727543262154,0.5,-5.425309710618523e-07,-0.04924019294014864,-0.2951735287250688,-63.65048565,-0.16988253416872662,125.62,-0.3392390826303328,7059456,0.0,-0.6616820392314946,0.0003,0.9210808873176575,1.0013680458068848,34772,-0.017822372197406365,0.2,0.018229347,0.19044189453125,74.71124229431152,37.88677215576172,-34.06737003326416
0.0,0.0,-0.0012429007471890996,-0.15047533074236166,0.0,2315,0.01,0.65,3057,0.8235136000000001,0.0,-0.4155036785530231,-1.2614487708061043e-08,0.0,0.0,0.0002126732207317319,-0.7343598423010922,2.3409730285420123,-0.28242527036188975,-0.26856638269960503,-0.08252918382526941,384,0.18000441093840677,0.5,0.0,-0.046651613761412684,-0.29520826877366246,-63.24078222,-0.17216949121054823,116.55,-0.3343988352049561,7077888,0.0,-0.662824691421165,0.0003,0.921866774559021,1.0015305280685425,34776,-0.01967645768309012,0.2,0.021070201,0.2110107421875,76.26864471435547,41.523963928222656,-34.07191123962402
0.0,0.0,-0.000719039499428379,-0.15032262772999097,0.0,2321,0.01,0.65,3057,0.8230528,0.0,-0.4186325993790099,-1.2451274376921835e-08,0.0,0.0,0.0002723520188333674,-0.7395811860321646,2.3479230986890585,-0.28666198087413325,-0.2684458345430873,-0.07726841703187214,385,0.179627078439137,0.5,-8.13799690351718e-06,-0.046126079984766984,-0.298551163897248,-63.25876488,-0.17187227753819254,118.67,-0.33783005837345503,7096320,0.0,-0.662603460879359,0.0003,0.9058942198753357,1.0013588666915894,34780,-0.017299857456237078,0.2,0.022217203,0.2076171875,93.08470420837402,52.468868255615234,-34.06952667236328
0.0,0.0,-0.0006185273577305273,-0.15062583274602306,0.0,2327,0.01,0.65,3057,0.822592,0.0,-0.4146170846674017,-1.2456836916298217e-08,0.0,0.0,0.0002745221588864095,-0.73201378306783,2.344250874429257,-0.2788306088439314,-0.2682699455969332,-0.07907881197323163,386,0.17961450558811298,0.5,0.0,-0.04562990703815789,-0.29608323489038624,-65.83658998,-0.1710471431563014,112.19,-0.33472370856217953,7114752,0.0,-0.6633597393488941,0.0003,0.9044233560562134,1.0010924339294434,34784,-0.01782239384483546,0.2,0.020527769,0.19991455078125,94.78665771484376,44.44204330444336,-34.06608715057373
0.0,0.0,-0.0009077588266771417,-0.14722378370217026,0.0,2333,0.01,0.65,3057,0.8221312000000001,0.0,-0.4150407676171141,-1.2521547505924932e-08,0.0,0.0,0.0003233502922941827,-0.7390275366125926,2.3487997429503307,-0.28205665497615806,-0.26870692494227,-0.08114319592243761,387,0.17792901852257687,0.5,0.0,-0.04636109820569733,-0.2920672568636212,-63.61203481999999,-0.1720500816813227,117.46,-0.33582556155548826,7133184,0.0,-0.6650619377228406,0.0003,0.8888817429542542,1.0012006759643555,34788,-0.01772599684773013,0.2,0.020403277,0.1934326171875,108.91526069641114,52.35188674926758,-34.065559768676756
0.0,0.0,-0.0006149706295430449,-0.149102357148451,0.0,2339,0.01,0.65,3057,0.8216704,0.0,-0.41744384977801213,-1.287995989427297e-08,0.0,0.0,0.000294053390259958,-0.7330044525602581,2.343842466022297,-0.27993045628632485,-0.2686672500790557,-0.08036548550528325,388,0.18004122602662734,0.5,0.0,-0.04569149921264398,-0.29622967257874366,-62.714710970000006,-0.17313496016184574,112.49,-0.3321180066454538,7151616,0.0,-0.6644094845877088,0.0003,0.916130781173706,1.0011489391326904,34792,-0.019561515329405664,0.2,0.021378394,0.20428466796875,80.64729843139648,39.997432708740234,-34.06675300598145
0.0,0.0,-0.001004687569864049,-0.15091444213876576,0.0,2345,0.01,0.65,3057,0.8212096,0.0,-0.4197770750435979,-1.2813907258023922e-08,0.0,0.0,0.0002821175860137575,-0.7469498446646778,2.342987702544674,-0.2889059956558312,-0.2686296730967124,-0.07996080442995895,389,0.17808147566339697,0.5,-3.038187989861601e-05,-0.04803457217856797,-0.2976568899383795,-65.31833648000001,-0.17211067988002837,117.13,-0.33660583138391964,7170048,0.0,-0.6636187238596025,0.0003,0.9085854887962341,1.0013668537139893,34796,-0.018021100899204612,0.2,0.020347262,0.206591796875,90.91386642456055,45.96961975097656,-34.06639232635498
0.0,0.0,-0.001825680632402216,-0.144378507187602,0.0,2350,0.01,0.65,3057,0.8207488000000001,0.0,-0.42513875175003996,-1.2984114265463857e-08,0.0,0.0,0.0002690968427082731,-0.7007872929643932,2.3646076450096154,-0.26809446249939967,-0.26885894565120333,-0.08123716829692663,390,0.18445763036907514,0.5,0.0,-0.03915589989873462,-0.3004198736429153,-56.58817534999999,-0.17279853735315964,118.04,-0.33001197831938245,7188480,0.0,-0.6622652750935523,0.0003,0.9095239639282227,1.0016913414001465,34800,-0.01852953793713823,0.2,0.022271777,0.214013671875,88.40286445617676,46.428375244140625,-34.07508888244629
0.0,0.0,-0.0019509638273445837,-0.1509958577528041,0.0,2356,0.01,0.65,3057,0.820288,0.0,-0.4154143092211868,-1.2453346394155481e-08,0.0,0.0,0.0002615013379707105,-0.7468481202834215,2.346887163718045,-0.2900641651822404,-0.26898343915551376,-0.07753112514180208,391,0.1776716835040806,0.5,0.0,-0.047653707561450834,-0.29562637132324887,-62.521589289999994,-0.17046166915416905,119.57,-0.3348450224930995,7206912,0.0,-0.670919943433602,0.0003,0.9109464883804321,1.0016323328018188,34804,-0.01843597208498977,0.2,0.02137197,0.2026123046875,80.54995613098144,40.99848556518555,-34.071589660644534
0.0,0.0,-0.0007209615713081359,-0.15084137748068016,0.0,2362,0.01,0.65,3057,0.8198272,0.0,-0.41751348794726373,-1.3010069773262928e-08,0.0,0.0,0.00021918365059213506,-0.7586220902297277,2.365908582014018,-0.2923475097852479,-0.26912430910411733,-0.07899180812795156,392,0.17744316897144025,0.5,0.0,-0.048443388676774925,-0.2991582946719323,-62.75150124999999,-0.17224120723527117,121.13,-0.33298566931672846,7225344,0.0,-0.6658385302250489,0.0003,0.9020017981529236,1.001859426498413,34808,-0.019603771739639342,0.2,0.020662894,0.2059326171875,100.49183006286621,48.26115798950195,-34.074838638305664
0.0,0.0,-0.0006767235020514771,-0.15208362026255873,0.0,2368,0.01,0.65,3057,0.8193664,0.0,-0.4173226767999918,-1.2882835367711583e-08,0.0,0.0,0.00022460895706899464,-0.7401595182888482,2.3308495382953804,-0.28316147645285866,-0.2690269620622618,-0.07919556453698402,393,0.1780650201842835,0.5,0.0,-0.047697811502565385,-0.2943535710498944,-63.17627953,-0.17297586036787138,113.94,-0.3345471995508955,7243776,0.0,-0.6689346488985793,0.0003,0.9156708121299744,1.0020599365234375,34812,-0.0194163833046332,0.2,0.024516452,0.2471435546875,85.78179550170898,43.63473129272461,-34.0781192779541
0.0,0.0,-0.0009498299093762737,-0.14951560995929367,0.0,2374,0.01,0.65,3058,0.8189056,0.0,-0.41646756709403665,-1.2533974501416843e-08,0.0,0.0,0.0002788623904861096,-0.7306584668033601,2.3412177302124757,-0.27645329529707735,-0.2688189136905154,-0.07821997690076422,394,0.180205630948913,0.5,-3.580722194682393e-05,-0.04449548648773731,-0.2918345695052002,-62.23413931,-0.1720183400880857,113.69,-0.33387940259300497,7262208,0.0,-0.6675048837865922,0.0003,0.8947690725326538,1.001491904258728,34816,-0.01725340380799025,0.2,0.02187643,0.22435302734375,106.27165565490722,56.40130615234375,-34.07223129272461
0.0,0.0,-0.0012365502603966065,-0.1471864295436058,0.0,2380,0.01,0.65,3058,0.8184448,0.0,-0.4192183405572064,-1.274149003081798e-08,0.0,0.0,0.00027452216858768626,-0.7306518604643996,2.369044515869468,-0.28459963349302986,-0.26853277237845474,-0.07653163647449623,395,0.18415801227752554,0.5,-4.231762917091449e-05,-0.04374569248465927,-0.30186540021894154,-62.433851909999994,-0.17159497005314173,119.73,-0.33300254169167576,7280640,0.0,-0.6671588096842342,0.0003,0.9025481939315796,1.0014511346817017,34820,-0.019199838489294054,0.2,0.020341612,0.21004638671875,95.17553215026855,43.27346420288086,-34.07027473449707
0.0,0.0,-0.0012761877692705169,-0.15310433208340632,0.0,2386,0.01,0.65,3058,0.817984,0.0,-0.4188326013233128,-1.3634082443233417e-08,0.0,0.0,0.0002528207486547116,-0.7655341118233538,2.3575175940355932,-0.3058409284426414,-0.2689975545065063,-0.07852019339957003,396,0.17785967903971941,0.5,0.0,-0.052228045959365026,-0.3017597994094543,-64.95685159,-0.17107364086613536,127.29,-0.3339448645997866,7299072,0.0,-0.662249330112451,0.0003,0.914962887763977,1.0012695789337158,34824,-0.01909683723933995,0.2,0.01934028,0.18880615234375,82.3040615081787,41.39671325683594,-34.06798496246338
0.0,0.0,-0.0017831962366125606,-0.14870426079405782,0.0,2392,0.01,0.65,3058,0.8175232,0.0,-0.4195152934094302,-1.2441810751807485e-08,0.0,0.0,0.0003493919373593397,-0.7181786157459386,2.3530319774753354,-0.2810317512883809,-0.26869047800533924,-0.0746705811370125,397,0.18371181281815804,0.5,0.0,-0.04373429143701459,-0.3013833706204311,-56.51258533,-0.17257235010776206,124.09,-0.33001585338035744,7317504,0.0,-0.6663783980143771,0.0003,0.9001021981239319,1.0012305974960327,34828,-0.015521645254921168,0.2,0.020305207,0.19881591796875,100.72515449523925,46.34481430053711,-34.06770286560059
0.0,0.0,-0.0009672652154165969,-0.14967048498534688,0.0,2398,0.01,0.65,3058,0.8170624,0.0,-0.41769139874084493,-1.2783235425125523e-08,0.0,0.0,0.00030164884649113647,-0.7128755162455477,2.341768616985432,-0.2720079639737733,-0.26894229773187983,-0.07744657624875194,398,0.18488360546907834,0.5,-5.588095518760383e-05,-0.041768765036716234,-0.30047936083604365,-63.95855990999999,-0.17357299152655253,111.82,-0.32684332691141343,7335936,0.0,-0.6622171981709957,0.0003,0.9023441672325134,1.0011193752288818,34832,-0.01881089201197028,0.2,0.020810386,0.205859375,95.39673080444337,45.8336067199707,-34.06651859283447
0.0,0.0,-0.0015539053862862289,-0.1488887811462113,0.0,2404,0.01,0.65,3058,0.8166016,0.0,-0.4220562072965943,-1.2483468932212556e-08,0.0,0.0,0.0002495655143219564,-0.7360882648726066,2.351895833951632,-0.28523963157910404,-0.26846819143104983,-0.0768064520616882,399,0.18187143350538362,0.5,0.0,-0.04473988767628174,-0.3019675313907651,-61.638042170000006,-0.17327344343126438,118.1,-0.3342225658912119,7354368,0.0,-0.6674037096026979,0.0003,0.8845652937889099,1.0011849403381348,34836,-0.017184229707345365,0.2,0.018904626,0.19346923828125,115.14279708862304,55.06916809082031,-34.06502819061279
0.0,0.0,-0.0010852021520798374,-0.14885490476250393,0.0,2410,0.01,0.65,3058,0.8161408,0.0,-0.41670618597459963,-1.2413822789676535e-08,0.0,0.0,0.00033203080723372597,-0.7116782633828026,2.3463914805007007,-0.2668681510703413,-0.26868538104573625,-0.07496499223398914,400,0.18574378744551517,0.5,0.0,-0.04009436052847128,-0.2987969930292887,-61.11844475,-0.17373840200306612,112.88,-0.32828633493238235,7372800,0.0,-0.6581732057859594,0.0003,0.9083108305931091,1.0011223554611206,34840,-0.01892818515188992,0.2,0.019531649,0.1984375,91.54187088012695,47.971221923828125,-34.06570587158203
0.0,0.0,-0.0009072608741331097,-0.14996049224318161,0.0,2416,0.01,0.65,3058,0.81568,0.0,-0.41935456012121486,-1.2440466281551904e-08,0.0,0.0,0.0003114144912817412,-0.7330219217578778,2.3373494245907733,-0.2812332139949403,-0.26908895809847366,-0.0755997762778412,401,0.17882630521204856,0.5,0.0,-0.04654882307814465,-0.2940978940176456,-65.33705889,-0.17280738503098897,114.58,-0.3338129740045866,7391232,0.0,-0.6706870239022643,0.0003,0.8978253602981567,1.001102328300476,34844,-0.018165078281890602,0.2,0.021118745,0.21353759765625,101.74917602539062,56.30335235595703,-34.06569766998291
0.0,0.0,-0.0007593435091854259,-0.1480735225744737,0.0,2422,0.01,0.65,3058,0.8152192,0.0,-0.4241413442744804,-1.2764319134889655e-08,0.0,0.0,0.0003374561719182465,-0.7093845294698913,2.3443492169877325,-0.2681227198988504,-0.26877372644457226,-0.07816366810980618,402,0.1857533091674842,0.5,0.0,-0.04011769128743976,-0.3030501400463881,-58.678826369999996,-0.17451898487079517,114.46,-0.32609232522025966,7409664,0.0,-0.6584127139881866,0.0003,0.9058184027671814,1.0009616613388062,34848,-0.01798950014053844,0.2,0.018367207,0.2056884765625,96.56715774536133,48.20294952392578,-34.06377353668213
0.0,0.0,-0.0006837365660585261,-0.14573270908657174,0.0,2428,0.01,0.65,3058,0.8147584,0.0,-0.42427146942034266,-1.2268944356397099e-08,0.0,0.0,0.00026692663474629324,-0.725949345736153,2.352554583545113,-0.27925188845107785,-0.2684706653360535,-0.07621430207476085,403,0.18441023614503493,0.5,0.0,-0.041220116333426204,-0.3008129528126142,-60.44151755,-0.17331798717468377,118.51,-0.33092590110476006,7428096,0.0,-0.6626918722061089,0.0003,0.8836190104484558,1.0009303092956543,34852,-0.017735474492656066,0.2,0.01978097,0.18704833984375,113.20450096130371,53.25917434692383,-34.0632230758667
0.0,0.0,-0.0013504593721083327,-0.14794874880435882,0.0,2434,0.01,0.65,3058,0.8142976,0.0,-0.42339033313400176,-1.240137480921437e-08,0.0,0.0,0.00033203074902606505,-0.7179456835648552,2.3385698909209687,-0.2739460926928986,-0.26842928362950674,-0.07525949519215341,404,0.18436994879939525,0.5,0.0,-0.04076687106824361,-0.3015459408250986,-60.79862448,-0.17400941124338512,113.38,-0.3275994092324337,7446528,0.0,-0.6627782243055653,0.0003,0.8950358629226685,1.0006452798843384,34856,-0.01811725050210953,0.2,0.023086395,0.207958984375,102.5421932220459,52.3328971862793,-34.05879802703858
0.0,0.0,-0.0010492849005679773,-0.14948698346328768,0.0,2440,0.01,0.65,3059,0.8138368,0.0,-0.4243699439107968,-1.3020573368805632e-08,0.0,0.0,0.0002278641719991962,-0.731889188760268,2.3563266201402753,-0.27781765570377126,-0.26861574508333436,-0.07758421905865506,405,0.1829264403201149,0.5,0.0,-0.04423667550716779,-0.2986780270631441,-61.19282811,-0.17422401421299535,115.06,-0.32947428465399897,7464960,0.0,-0.6615475729778697,0.0003,0.8759342432022095,1.0009236335754395,34860,-0.017541858810000123,0.2,0.019836407,0.2082763671875,117.75288925170898,57.86109161376953,-34.06050186157226
0.0,0.0,-0.0006816685539312305,-0.1520728372161585,0.0,2446,0.01,0.65,3059,0.813376,0.0,-0.4196707843372496,-1.3156391015708699e-08,0.0,0.0,0.00024305514266921414,-0.7384544202375141,2.3504884173606246,-0.283884756802528,-0.268892580672994,-0.08042119258736885,406,0.18242900080682092,0.5,-2.0073736474538844e-05,-0.046797574080199536,-0.29869187671229225,-63.38801698,-0.17452274294298645,116.15,-0.3270986898496524,7483392,0.0,-0.6645469102529653,0.0003,0.909640908241272,1.0010545253753662,34864,-0.018167250230908392,0.2,0.022596177,0.2128662109375,87.75750122070312,38.48731231689453,-34.06377468109131
0.0,0.0,-0.0008322313363637163,-0.15020504334800663,0.0,2452,0.01,0.65,3059,0.8129152,0.0,-0.4281293790298317,-1.2912204182875876e-08,0.0,0.0,0.0003244353121974402,-0.7099357003804542,2.3338490516501817,-0.2658329749685504,-0.26849641402043506,-0.07631766602397536,407,0.1846764588244219,0.5,-3.6349736749091084e-05,-0.04095273620491614,-0.3003749791050694,-60.844244880000005,-0.1752882152027462,113.72,-0.32818862369294766,7501824,0.0,-0.6649632783377193,0.0003,0.908664882183075,1.0015578269958496,34868,-0.017789396294392645,0.2,0.021902138,0.231884765625,92.07420768737794,46.10443115234375,-34.068770790100096
0.0,0.0,-0.0006331618561126119,-0.14696631658853884,0.0,2458,0.01,0.65,3059,0.8124544,0.0,-0.4273531473566186,-1.2988352997787671e-08,0.0,0.0,0.00026692669295395416,-0.7119573179477336,2.3505680744222293,-0.27350469876710815,-0.26912295251878493,-0.08046928154696652,408,0.18634013285622986,0.5,0.0,-0.04193310914459817,-0.3036118152529668,-57.565891680000014,-0.17575468786628293,112.7,-0.32709090412084274,7520256,0.0,-0.6591582348422851,0.0003,0.880288302898407,1.0013259649276733,34872,-0.017501584836281836,0.2,0.018766833,0.20634765625,113.66201362609863,56.267066955566406,-34.07071495056152
0.0,0.0,-0.0005929256766715188,-0.14713004571681187,0.0,2464,0.01,0.65,3059,0.8119936,0.0,-0.42667718307206015,-1.3617754707070832e-08,0.0,0.0,0.0002723520188333674,-0.7391033396904497,2.3811830837383092,-0.28927480003112355,-0.26927387029925004,-0.07894468950323419,409,0.1846319945776418,0.5,0.0,-0.04590847578544854,-0.3062221045069472,-57.47334697000001,-0.17446852710342056,127.37,-0.3264668722430102,7538688,0.0,-0.6586570845932905,0.0003,0.9015511870384216,1.001145362854004,34876,-0.018349356681574135,0.2,0.019871134,0.22236328125,96.33302536010743,43.665771484375,-34.06663570404053
0.0,0.0,-0.0007036458862577927,-0.1517277426257534,0.0,2469,0.01,0.65,3059,0.8115327999999999,0.0,-0.4230801014415907,-1.3693257636353152e-08,0.0,0.0,0.000221353800346454,-0.7520759769967721,2.3767181328217086,-0.2968083462453165,-0.2690145763477494,-0.0782869828127785,410,0.18183507550894745,0.5,-2.4414010113105178e-05,-0.04983276811859873,-0.3021497878934982,-58.3070897,-0.1749289444389399,125.89,-0.32986313828267194,7557120,0.0,-0.6646846436318904,0.0003,0.9204079508781433,1.001485824584961,34880,-0.017209444707259536,0.2,0.021315495,0.20433349609375,78.0446647644043,37.37841796875,-34.069673728942874
0.0,0.0,-0.0008457103283119388,-0.14818472414203415,0.0,2475,0.01,0.65,3059,0.811072,0.0,-0.42040897969695484,-1.2849168909544341e-08,0.0,0.0,0.00027235202853464417,-0.7285123025158768,2.3635692115192795,-0.27954460015065896,-0.26914903653961336,-0.07689126673530565,411,0.1845313906922187,0.5,-8.13799690351718e-06,-0.0432908737572096,-0.2987014341479827,-57.33555451,-0.17478118384053584,118.96,-0.32993464096813385,7575552,0.0,-0.6603879196369419,0.0003,0.9267874956130981,1.001326560974121,34884,-0.01762328811455518,0.2,0.018415779,0.19228515625,76.62283401489258,38.944374084472656,-34.06959419250488
0.0,0.0,-0.000812760866299798,-0.1456630732801481,0.0,2481,0.01,0.65,3059,0.8106112,0.0,-0.42643637439259824,-1.2751466833430363e-08,0.0,0.0,0.0002842877422355943,-0.7082872012959717,2.3560627386301967,-0.2754301278346357,-0.2690161555402727,-0.08029559948373366,412,0.18510360355079766,0.5,0.0,-0.04240820699398484,-0.30262659365930644,-60.97385788,-0.17513254294181677,117.7,-0.3259973189506803,7593984,0.0,-0.6634435636661234,0.0003,0.9102527499198914,1.001340627670288,34888,-0.01948404957074672,0.2,0.022093648,0.22008056640625,91.41860008239746,45.25930404663086,-34.069108200073245
0.0,0.0,-0.0012149718150278397,-0.15039070994150264,0.0,2487,0.01,0.65,3059,0.8101503999999999,0.0,-0.4248519031582043,-1.2784485543581154e-08,0.0,0.0,0.0002712669439562079,-0.7272232038307815,2.34030501399171,-0.27753370396625876,-0.2690066007863246,-0.07606859457927576,413,0.18394803298233517,0.5,0.0,-0.043606838667237476,-0.2996990496036155,-61.63755360000001,-0.17456963880537482,117.41,-0.32799776682621223,7612416,0.0,-0.6623357925765999,0.0003,0.9008248448371887,1.0007951259613037,34892,-0.01750812925165519,0.2,0.021397078,0.22813720703125,100.2377914428711,49.056365966796875,-34.06174259185791
0.0,0.0,-0.000827628409690275,-0.14913831304871364,0.0,2493,0.01,0.65,3059,0.8096896,0.0,-0.4260993745324897,-1.3070977988223775e-08,0.0,0.0,0.00022569404164743092,-0.7323804708229309,2.3508032852901333,-0.2798346694619827,-0.269121832928588,-0.07995321313001803,414,0.18311896952742177,0.5,-8.13799690351718e-06,-0.045170420499120685,-0.30113234309498377,-60.64172743,-0.1749725997307304,114.64,-0.33164998126477085,7630848,0.0,-0.660577916603405,0.0003,0.9028069972991943,1.0010186433792114,34896,-0.017494744481518866,0.2,0.022371706,0.219677734375,98.75423812866211,45.65069580078125,-34.06280326843262
0.0,0.0,-0.0008421488509323135,-0.14873524787387674,0.0,2499,0.01,0.65,3059,0.8092288,0.0,-0.4273990129196956,-1.268169281537886e-08,0.0,0.0,0.00028537279124268226,-0.7188650812325479,2.3591812384999784,-0.2773604451748317,-0.2688303306371597,-0.07690191296692395,415,0.1844193143430724,0.5,0.0,-0.04243909516837527,-0.30257804847391745,-60.01371566000001,-0.1759225273029802,122.94,-0.32908954815125263,7649280,0.0,-0.6582851528583441,0.0003,0.8949178457260132,1.0011179447174072,34900,-0.017748602363280953,0.2,0.02269631,0.23114013671875,109.39708976745605,53.994407653808594,-34.065427207946776
0.0,0.0,-0.0006307596291925742,-0.14908878296922426,0.0,2505,0.01,0.65,3060,0.8087679999999999,0.0,-0.4215414874948152,-1.2791150578039669e-08,0.0,0.0,0.0002832026705921938,-0.7314867821505735,2.3653919196466577,-0.2787289468146153,-0.2691790192525782,-0.07801969380317957,416,0.18397548236530492,0.5,-3.2551955276479325e-06,-0.044530746839658436,-0.298737573937923,-59.832791750000005,-0.1752975601383441,117.78,-0.33069899747518333,7667712,0.0,-0.6612630799151084,0.0003,0.9027321338653564,1.0009353160858154,34904,-0.018051352561451496,0.2,0.022084866,0.21312255859375,95.86135673522949,45.35226058959961,-34.06172466278076
0.0,0.0,-0.0012933086077197462,-0.15029529949955278,0.0,2511,0.01,0.65,3060,0.8083072,0.0,-0.4238983054791683,-1.3186195616343743e-08,0.0,0.0,0.00033528598335882026,-0.7271851514539301,2.3496556459668088,-0.28050872588272197,-0.26870079577920153,-0.07520844605663027,417,0.18344890351094317,0.5,0.0,-0.04492686198747252,-0.29897321534629745,-59.10749646,-0.17566522720401748,119.43,-0.3271648860733564,7686144,0.0,-0.6603373206358764,0.0003,0.9129698872566223,1.0010206699371338,34908,-0.01746727043064311,0.2,0.022374094,0.22271728515625,89.36898727416992,47.4525260925293,-34.061766624450684
0.0,0.0,-0.00029172813413519844,-0.1487321673540871,0.0,2517,0.01,0.65,3060,0.8078464,0.0,-0.4232722706601662,-1.3179385659494898e-08,0.0,0.0,0.00027669228923817474,-0.7469732900838271,2.363606393564061,-0.2864801357452464,-0.2691474057513311,-0.07742735052681399,418,0.18256000805684217,0.5,0.0,-0.04689307491435043,-0.29880151388654874,-61.18850593,-0.17515189519443097,121.48,-0.33083007962692057,7704576,0.0,-0.6631072699368535,0.0003,0.9062730669975281,1.0011842250823975,34912,-0.019985283724963665,0.2,0.023306914,0.23970947265625,98.20223808288574,58.1296272277832,-34.06516094207764
0.0,0.0,-0.0010717685392327536,-0.1518158332337282,0.0,2523,0.01,0.65,3060,0.8073856,0.0,-0.4239752153707252,-1.2747669639756226e-08,0.0,0.0,0.00031249955645762384,-0.7288993130434637,2.3430434581911266,-0.2735375586099879,-0.2691554670042862,-0.07846290252778118,419,0.1831563899267325,0.5,-3.2551955276479325e-06,-0.04378023218869815,-0.292419545428211,-62.629050320000005,-0.17541974734857335,109.83,-0.3301068882445697,7723008,0.0,-0.6606163793459633,0.0003,0.9160703420639038,1.0012092590332031,34916,-0.017967345693614335,0.2,0.02310379,0.22369384765625,86.49836692810058,45.04722595214844,-34.06616764068603
0.0,0.0,-0.0012566790071880526,-0.14786612998783102,0.0,2529,0.01,0.65,3060,0.8069248,0.0,-0.42761138472143373,-1.316068140994367e-08,0.0,0.0,0.00031249955645762384,-0.7269389620146594,2.377647817788143,-0.28472431462097747,-0.26903502117004463,-0.0764858690681332,420,0.18831528477012716,0.5,-2.4414010113105178e-05,-0.04368596301208609,-0.30489173843525075,-55.35306626999999,-0.17553041545247322,125.24,-0.3265453979351724,7741440,0.0,-0.6566240855696284,0.0003,0.8982332348823547,1.0007988214492798,34920,-0.018968594749458133,0.2,0.020679275,0.1991455078125,103.90941619873047,49.53013610839844,-34.062730979919436
0.0,0.0,-0.0021449752463620023,-0.15122573048676824,0.0,2535,0.01,0.65,3060,0.806464,0.0,-0.4266435613315921,-1.2868679074277075e-08,0.0,0.0,0.00033094574205784336,-0.7228900114251657,2.3387912116331986,-0.27362636734052204,-0.2693869271073248,-0.07645796541019217,421,0.18493354086907549,0.5,-1.6275961469444965e-06,-0.042803936879972575,-0.2996335443225543,-61.468123059999996,-0.17538781362615083,114.19,-0.33018174959716245,7759872,0.0,-0.6609926991520463,0.0003,0.9168722629547119,1.0008761882781982,34924,-0.018544305546674876,0.2,0.02020517,0.2116455078125,83.60051040649414,37.86909866333008,-34.06119365692139
0.0,0.0,-0.0005195478729793505,-0.1471350757565991,0.0,2541,0.01,0.65,3060,0.8060032,0.0,-0.4266737218830581,-1.2849156837721228e-08,0.0,0.0,0.00034939182094401785,-0.7067466531127822,2.3579181575700057,-0.2728742288588373,-0.2693440427750078,-0.07579780860155261,422,0.18958871168945857,0.5,-1.6275961469444965e-06,-0.04054191576861507,-0.30312159886760703,-59.51215408,-0.17597055316624008,116.89,-0.3284615277360526,7778304,0.0,-0.6590525145898558,0.0003,0.9043780565261841,1.0012612342834473,34928,-0.01872765414882451,0.2,0.022190144,0.20428466796875,98.28035163879395,49.07465744018555,-34.06527576446533
0.0,0.0,-0.0005750125652639469,-0.1504764056554027,0.0,2547,0.01,0.65,3060,0.8055424,0.0,-0.42561681579186844,-1.2512324567007991e-08,0.0,0.0,0.0003222651721443981,-0.727310389473827,2.3522332956627485,-0.2760470401212659,-0.26937396620767967,-0.07407487379659669,423,0.18597643700629485,0.5,0.0,-0.04340867520462185,-0.2979479969020499,-60.20620314999999,-0.17473489299023362,116.21,-0.3330624909115559,7796736,0.0,-0.6564739825225259,0.0003,0.9057260155677795,1.0014159679412842,34932,-0.01938510328764096,0.2,0.024445938,0.23382568359375,92.95128555297852,48.79861831665039,-34.06789970397949
0.0,0.0,-0.0009143348159801774,-0.14839551412407498,0.0,2553,0.01,0.65,3060,0.8050816000000001,0.0,-0.42459180388317863,-1.2733683711483361e-08,0.0,0.0,0.0003114144621779107,-0.717635244279427,2.368991193479182,-0.27749460348089366,-0.2692135076771795,-0.07484527343594977,424,0.1893225836266243,0.5,0.0,-0.042092906891588885,-0.30249974144752495,-54.976693100000006,-0.17476473062757397,122.36,-0.3276310338538112,7815168,0.0,-0.6592309799455595,0.0003,0.8993386626243591,1.0013949871063232,34936,-0.018028642784338446,0.2,0.022430556,0.2197509765625,100.40004386901856,44.947776794433594,-34.067644119262695
0.0,0.0,-0.0007130720925064122,-0.15110647051279305,0.0,2559,0.01,0.65,3060,0.8046208,0.0,-0.4239295040766049,-1.2607666574369932e-08,0.0,0.0,0.00033311582390322455,-0.7156066852909783,2.3522478036006635,-0.27322401007310515,-0.2696504074556481,-0.07453429228159161,425,0.18642352207620155,0.5,0.0,-0.042770964130888794,-0.29723025693121125,-56.71999461,-0.17424546704806185,118.95,-0.3284380572050847,7833600,0.0,-0.6592597344860178,0.0003,0.90998375415802,1.0012682676315308,34940,-0.016871046042069793,0.2,0.021841101,0.202685546875,93.27891006469727,49.92515182495117,-34.06673049926758
0.0,0.0,-0.0005085960983311533,-0.14914548097087066,0.0,2565,0.01,0.65,3060,0.80416,0.0,-0.42910987746497004,-1.2997975502496976e-08,0.0,0.0,0.00031683974925221666,-0.7178612095504502,2.3614720106859535,-0.27272110936060623,-0.26948621043484694,-0.07583265394102255,426,0.1873352678429635,0.5,0.0,-0.041632792174222784,-0.3025330485030587,-59.00867862,-0.17537758550859056,120.97,-0.3276496471498587,7852032,0.0,-0.657255891560472,0.0003,0.9140954613685608,1.0008621215820312,34944,-0.017227020242717116,0.2,0.020564623,0.20010986328125,87.26290740966797,39.097068786621094,-34.06287307739258
0.0,0.0,-0.0005610517897329488,-0.14922720461523176,0.0,2571,0.01,0.65,3061,0.8036992000000001,0.0,-0.4255447083580692,-1.2933485362989514e-08,0.0,0.0,0.00034613668685778975,-0.7269163030547747,2.36846164839634,-0.2843326512332566,-0.2695857235120933,-0.07608906122989188,427,0.18583900380481855,0.5,0.0,-0.044481237053506956,-0.3020148757675046,-61.163971190000005,-0.1751277768677169,123.06,-0.3323787980919025,7870464,0.0,-0.6614827496627222,0.0003,0.907501757144928,1.0010610818862915,34948,-0.01752425340237096,0.2,0.023061955,0.23441162109375,93.96634101867676,47.42231750488281,-34.06349487304688
0.0,0.0,-0.0004099880486474015,-0.151675688653368,0.0,2577,0.01,0.65,3061,0.8032384,0.0,-0.418726075839883,-1.30459978521165e-08,0.0,0.0,0.0003005637813152538,-0.7402945019140773,2.3671974892370415,-0.296316750530174,-0.2699369148319637,-0.07408770369046973,428,0.1835401752063791,0.5,-1.5190935098669595e-05,-0.04868695001423926,-0.3004306889352049,-58.59786536000001,-0.17327855835920558,127.33,-0.3317199016132426,7888896,0.0,-0.6591815824022296,0.0003,0.9237873554229736,1.0014631748199463,34952,-0.019521807366982103,0.2,0.02648288,0.2448486328125,80.11988983154296,43.17565155029297,-34.068434715270996
0.0,0.0,-0.0008571442825478854,-0.14852009803559854,0.0,2583,0.01,0.65,3061,0.8027776,0.0,-0.41756418157562103,-1.3302788711631656e-08,0.0,0.0,0.0003114144912817412,-0.7266620464506196,2.365760908734833,-0.2786934711111346,-0.2694839126475897,-0.0776631373394053,429,0.1848728802705367,0.5,0.0,-0.04327496991661137,-0.295735708721287,-58.092046130000014,-0.17361453580136366,120.22,-0.32868260040361763,7907328,0.0,-0.6605728331367701,0.0003,0.9277063012123108,1.0015639066696167,34956,-0.017312304966617377,0.2,0.021905422,0.2191162109375,78.61318588256836,40.03773880004883,-34.0716495513916
0.0,0.0,-0.0012388639910523279,-0.1475591130825208,0.0,2589,0.01,0.65,3061,0.8023168,0.0,-0.42360704006649785,-1.3083562347150222e-08,0.0,0.0,0.00027777736411533423,-0.7378545667829853,2.372033100609979,-0.2907240291077198,-0.2694467553002781,-0.07580191018379147,430,0.18468526204505673,0.5,-1.0850619421237045e-06,-0.046165803554607664,-0.30149890139636026,-56.99901182000001,-0.17500610237405503,125.93,-0.32784877582389405,7925760,0.0,-0.6578374627146287,0.0003,0.9134700298309326,1.0014326572418213,34960,-0.02055643517524004,0.2,0.022597138,0.2435791015625,91.53319511413574,42.703712463378906,-34.07053833007812
0.0,0.0,-0.0010291200907106817,-0.14824607457200437,0.0,2595,0.01,0.65,3061,0.801856,0.0,-0.42435246130480275,-1.2884000586849478e-08,0.0,0.0,0.00024522524391714897,-0.7148440547183859,2.3675324067228143,-0.2794752434206995,-0.2697779282629736,-0.0768210556562767,431,0.1854693191873106,0.5,0.0,-0.04323150601015729,-0.300175209948832,-57.972825580000006,-0.17531891223359225,120.19,-0.3253230853031898,7944192,0.0,-0.6597390655104978,0.0003,0.9151657223701477,1.0013478994369507,34964,-0.018465706228744237,0.2,0.023325007,0.2284912109375,89.76199150085449,41.770530700683594,-34.06799964904785
0.0,0.0,-0.0010653455202485243,-0.14807017908066436,0.0,2600,0.01,0.65,3061,0.8013952,0.0,-0.4269894190794607,-1.2711604097180687e-08,0.0,0.0,0.0002701818981828789,-0.7354086268375758,2.38659427652952,-0.29457520019492006,-0.2697815717278416,-0.0746089993393429,432,0.18587823910917767,0.5,0.0,-0.04589191778072456,-0.3054711672419516,-54.39334325,-0.17316491504746506,132.62,-0.3254451858014231,7962624,0.0,-0.6628425759124164,0.0003,0.9132391214370728,1.0016696453094482,34968,-0.017498845583759248,0.2,0.02330355,0.23980712890625,91.89447326660157,52.31967544555664,-34.07284698486328
0.0,0.0,-0.0009608093326748125,-0.1476410543964885,0.0,2606,0.01,0.65,3061,0.8009344,0.0,-0.4267363771191316,-1.2644898902286176e-08,0.0,0.0,0.00035481726000499394,-0.7078904841065483,2.3710469698125207,-0.27210974734266213,-0.2694380938231198,-0.07484347646831654,433,0.18953328863891128,0.5,0.0,-0.040205930519340356,-0.30199851164612457,-54.515597070000005,-0.17575044156505976,119.44,-0.32328094830946297,7981056,0.0,-0.6511660328083198,0.0003,0.9282180666923523,1.0015724897384644,34972,-0.016864232544321567,0.2,0.02064984,0.2262939453125,77.50477752685546,40.18315505981445,-34.07169857025146
0.0,0.0,-0.000523264341811205,-0.14933809707199383,0.0,2612,0.01,0.65,3061,0.8004736,0.0,-0.42469849601045084,-1.2910724075306204e-08,0.0,0.0,0.00025499086930520006,-0.7203275440102195,2.3929653327127167,-0.2821305390972747,-0.26936506552141437,-0.07670213397650384,434,0.1883246920043452,0.5,0.0,-0.043375705500806126,-0.30316755540289053,-54.01786653,-0.17564494570506184,125.2,-0.32778988132807446,7999488,0.0,-0.657784114267634,0.0003,0.9151235818862915,1.001778244972229,34976,-0.01726451552240178,0.2,0.02525751,0.24644775390625,87.88691558837891,41.77106857299805,-34.073480415344235
0.0,0.0,-0.00041755795363352185,-0.1499116585038853,0.0,2618,0.01,0.65,3061,0.8000128,0.0,-0.4218093327188024,-1.2756197892168948e-08,0.0,0.0,0.0003103294455084122,-0.722186684239388,2.3612577305209737,-0.2833647695981878,-0.26945529587237665,-0.07430088789359567,435,0.1852381270167575,0.5,0.0,-0.044243004181214476,-0.2973915228945449,-55.82102334,-0.17458809719222215,123.25,-0.32669426249086103,8017920,0.0,-0.6540272542105812,0.0003,0.9214082956314087,1.0019357204437256,34980,-0.018015549750998616,0.2,0.026475076,0.26697998046875,85.69094810485839,43.77485275268555,-34.07417297363281
0.0,0.0,-0.0006926869613457812,-0.14783568200881028,0.0,2624,0.01,0.65,3061,0.799552,0.0,-0.4195620711840976,-1.2255949552183782e-08,0.0,0.0,0.0003624127291712082,-0.6917738170404765,2.3470924721311284,-0.2663204419662659,-0.2695644914680482,-0.07730802224496623,436,0.18748256697947546,0.5,0.0,-0.03966839409670267,-0.2938829029679004,-58.46127699999999,-0.17512533636999505,114.8,-0.32661004407316707,8036352,0.0,-0.6533938696621111,0.0003,0.919191300868988,1.001758337020874,34984,-0.017877000314183534,0.2,0.02504518,0.2466064453125,89.38528633117676,42.853553771972656,-34.074503898620605
0.0,0.0,-0.0010581681978443583,-0.15155640680817176,0.0,2630,0.01,0.65,3061,0.7990912,0.0,-0.41671577545930566,-1.259478811393562e-08,0.0,0.0,0.00031032939700202807,-0.7237020927041096,2.357258984708482,-0.2825729579598696,-0.2695639496968859,-0.0759116850099702,437,0.18550193081569602,0.5,-2.4414010113105178e-05,-0.04571966195863991,-0.2943996780708779,-58.10710416,-0.17373158612913497,121.37,-0.3291784168997826,8054784,0.0,-0.6563667921723766,0.0003,0.8964472413063049,1.0013349056243896,34988,-0.016917575139086694,0.2,0.022259157,0.219775390625,110.58189392089844,54.26602554321289,-34.06850528717041
0.0,0.0,-0.0009621884910983852,-0.150078375613675,0.0,2636,0.01,0.65,3061,0.7986304,0.0,-0.4163448634967795,-1.2851856839872028e-08,0.0,0.0,0.0002766922310305138,-0.7354136775278053,2.3669810835761727,-0.28209188960236586,-0.26957922297549364,-0.07759882530295008,438,0.1838964389775195,0.5,-0.00012586789994707538,-0.04550842240104274,-0.2933657111321498,-58.78690882,-0.17369994452482018,117.96,-0.3318704863498459,8073216,0.0,-0.6551822779237572,0.0003,0.9161896705627441,1.0015299320220947,34992,-0.018221238703699783,0.2,0.022508945,0.22706298828125,91.58719100952149,45.70537567138672,-34.069305992126466
0.0,0.0,-0.0013406166546711836,-0.15252895211760328,0.0,2642,0.01,0.65,3061,0.7981696,0.0,-0.4233931747316822,-1.3073488750128221e-08,0.0,0.0,0.0003472217585011903,-0.7254206812943265,2.3617395753807693,-0.28329751335782966,-0.2693563577008208,-0.07501827114310372,439,0.1879229663998631,0.5,0.0,-0.04494748333417329,-0.30063900835951796,-56.51426428999999,-0.17570373062516553,125.45,-0.32590016229922636,8091648,0.0,-0.6585290537102986,0.0003,0.9128820300102234,1.0017918348312378,34996,-0.017252291971817612,0.2,0.026597451,0.250537109375,92.89016799926758,35.50259780883789,-34.07441291809082
0.0,0.0,-0.0005723096789860274,-0.14805261235330386,0.0,2648,0.01,0.65,3062,0.7977088,0.0,-0.41956540678563237,-1.234956301399502e-08,0.0,0.0,0.0003081593054553701,-0.7150470632611092,2.374791144867338,-0.284478084832002,-0.2697443456546147,-0.07493065628638276,440,0.1882855561484816,0.5,0.0,-0.043687570330959234,-0.2995203232383485,-53.7509689,-0.1748466048060667,124.63,-0.32759058875643887,8110080,0.0,-0.6572049912713619,0.0003,0.9115057587623596,1.001715064048767,35000,-0.019020071282284334,0.2,0.022172961,0.226708984375,94.52074890136718,44.566978454589844,-34.07318382263183
0.0,0.0,-0.0011654382229690549,-0.1509645731327852,0.0,2654,0.01,0.65,3062,0.797248,0.0,-0.4212401423480089,-1.2991159488794978e-08,0.0,0.0,0.000307074211175657,-0.7308222566117037,2.367010379991542,-0.28728057268360757,-0.26948491286658194,-0.07528455201635115,441,0.18653710941957216,0.5,-1.5190935098669595e-05,-0.04568946060212464,-0.2992952906759145,-56.56038817999998,-0.17512231312017426,124.05,-0.32791124949650297,8128512,0.0,-0.6610343637559404,0.0003,0.9100176692008972,1.0017197132110596,35004,-0.016324369050562382,0.2,0.02498332,0.24205322265625,93.54683113098145,46.93144607543945,-34.073550415039065
0.0,0.0,-0.0011435031049631642,-0.14983643224332754,0.0,2660,0.01,0.65,3062,0.7967872,0.0,-0.42252437705366314,-1.2599476243017199e-08,0.0,0.0,0.0003070741529679961,-0.714990580309175,2.369936907188341,-0.28016502050730613,-0.26981359966038043,-0.07575090247806066,442,0.18493005442951954,0.5,0.0,-0.04315232541853589,-0.2993424189929103,-53.24096273999999,-0.17542556700780007,121.47,-0.3274762521557566,8146944,0.0,-0.6538801745959806,0.0003,0.917995274066925,1.00154709815979,35008,-0.01950911901658401,0.2,0.02361413,0.22620849609375,86.59598731994629,46.8028564453125,-34.07076644897461
0.0,0.0,-0.0005543538470775065,-0.1489817864251034,0.0,2666,0.01,0.65,3062,0.7963264,0.0,-0.42270690795639765,-1.2829823224368651e-08,0.0,0.0,0.00024305514266921414,-0.7427298879233614,2.3750418158599595,-0.29408897478039314,-0.2695121211156007,-0.07650773390943563,443,0.18160254951113422,0.5,0.0,-0.048813648568881235,-0.2992837607063905,-59.45858847999999,-0.17481549478568217,124.55,-0.32964227769121685,8165376,0.0,-0.6601574870288817,0.0003,0.9205947518348694,1.001878023147583,35012,-0.019172599795274435,0.2,0.023552004,0.23360595703125,83.28693466186523,35.99741744995117,-34.07432327270508
0.0,0.0,-0.0010129734034557067,-0.1471988543947224,0.0,2672,0.01,0.65,3062,0.7958656,0.0,-0.4242258145626414,-1.265739809797424e-08,0.0,0.0,0.0003081592278451555,-0.7260012896563168,2.3725548822903355,-0.2885672016861423,-0.26950938944643094,-0.07619874167769375,444,0.1860331890232328,0.5,0.0,-0.04453143694227598,-0.3012524433017669,-56.655572279999994,-0.17584268281219684,127.83,-0.3260037308182136,8183808,0.0,-0.6568546095627333,0.0003,0.9388483762741089,1.001788854598999,35016,-0.01662589212646708,0.2,0.027964288,0.25089111328125,66.02095623016358,29.124225616455078,-34.073953819274905
0.0,0.0,-0.0010945381508408415,-0.1495816364642026,0.0,2678,0.01,0.65,3062,0.7954048,0.0,-0.42237038435963553,-1.310198682180547e-08,0.0,0.0,0.0003168398559662617,-0.7358709519721128,2.366399029594433,-0.29193005518267123,-0.2697502634443747,-0.07451237437735761,445,0.1861958985326989,0.5,0.0,-0.04556099087554923,-0.2986385093944649,-59.397335080000005,-0.17428440925189695,121.48,-0.32578092368967926,8202240,0.0,-0.6635918337075588,0.0003,0.9279589056968689,1.0015995502471924,35020,-0.01551553183235228,0.2,0.027696377,0.254736328125,78.10383071899415,39.17544937133789,-34.07219276428223
0.0,0.0,-0.0006192456254168381,-0.14933310807074884,0.0,2684,0.01,0.65,3062,0.794944,0.0,-0.4191742795001297,-1.2536241357854335e-08,0.0,0.0,0.00032552039677587646,-0.7251440620353198,2.3646671064929357,-0.2811586218257231,-0.26958947747194384,-0.07716169409451591,446,0.18759749069435167,0.5,0.0,-0.04300726434420907,-0.29633920592939345,-56.79244664,-0.17621050899220073,119.4,-0.3233564793798227,8220672,0.0,-0.6652071840639796,0.0003,0.9222800731658936,1.0015126466751099,35024,-0.018755031347973274,0.2,0.025228163,0.2439208984375,85.406538772583,33.68593978881836,-34.07046623229981
0.0,0.0,-0.000845110425720456,-0.14840386457602905,0.0,2690,0.01,0.65,3062,0.7944832,0.0,-0.42437418000779403,-1.2981295492892072e-08,0.0,0.0,0.0002864578564185649,-0.7199495553684528,2.3794058913967424,-0.28541169331088106,-0.2696481465717584,-0.07851693305696025,447,0.1878945732656252,0.5,-2.1158801650421487e-05,-0.04492196417570766,-0.3008037095061325,-55.048036759999995,-0.17613764387192163,126.51,-0.32476393486716687,8239104,0.0,-0.656668580998899,0.0003,0.9214057326316833,1.001537561416626,35028,-0.016713526169769465,0.2,0.02279807,0.239697265625,86.40259284973145,39.60178756713867,-34.07121334075928
0.0,0.0,-0.0013636976031351476,-0.14817509874244583,0.0,2696,0.01,0.65,3062,0.7940224,0.0,-0.42266733587247923,-1.2780173195431164e-08,0.0,0.0,0.00031358465073733695,-0.7235118898876778,2.367696014277701,-0.2818827250130094,-0.2697175241510279,-0.07777673536599962,448,0.18717481801444205,0.5,0.0,-0.04297630111710401,-0.2967343864920797,-55.94922058,-0.17531494638234213,123.03,-0.3273866709484621,8257536,0.0,-0.6635443797765872,0.0003,0.9243611097335815,1.001314401626587,35032,-0.019169429049361496,0.2,0.027114829,0.24674072265625,80.04153404235839,38.86014938354492,-34.06834316253662
0.0,0.0,-0.0010768507017279415,-0.15084597512270578,0.0,2702,0.01,0.65,3062,0.7935616,0.0,-0.42085556994199347,-1.2796775946988618e-08,0.0,0.0,0.00030815927635153965,-0.7293822435967559,2.3609722822528236,-0.2851819441610177,-0.26967552283013174,-0.07682005505031747,449,0.1834402239909381,0.5,0.0,-0.046148083580583116,-0.2949989905474138,-61.04113371999999,-0.17507008744817681,122.68,-0.3311871043944759,8275968,0.0,-0.6599314167378296,0.0003,0.916813850402832,1.0016441345214844,35036,-0.017206470808014275,0.2,0.024822269,0.26998291015625,90.6855453491211,45.125,-34.070234870910646
0.0,0.0,-0.0010933665130212448,-0.1476600695276414,0.0,2708,0.01,0.65,3062,0.7931007999999999,0.0,-0.4230546594630589,-1.3187593704822139e-08,0.0,0.0,0.0002983936606647654,-0.7387174731659081,2.376622945377006,-0.28477158088916166,-0.2694320818374738,-0.07651587625358477,450,0.18583008421728928,0.5,0.0,-0.04478614221038771,-0.29778121075077485,-57.94556268,-0.17553719359918213,124.78,-0.3283958924849501,8294400,0.0,-0.6572658427783804,0.0003,0.9183623194694519,1.0015699863433838,35040,-0.018776245368644594,0.2,0.023323193,0.249267578125,88.74101257324219,37.67028045654297,-34.070169830322264
0.0,0.0,-0.0009928091310889525,-0.15079966463369238,0.0,2714,0.01,0.65,3062,0.79264,0.0,-0.41708095350697527,-1.2747657567853135e-08,0.0,0.0,0.0002983936024571045,-0.7299411039235308,2.3780665752238663,-0.28458123755708203,-0.2696361360450078,-0.07764158398774099,451,0.18638406541431343,0.5,0.0,-0.0457216754582434,-0.2953344140020829,-54.95014082999998,-0.17572718835363055,127.11,-0.3265392755396863,8312832,0.0,-0.6559817727888617,0.0003,0.9161186814308167,1.00146484375,35044,-0.01720896476181224,0.2,0.021778977,0.24276123046875,88.18703155517578,41.00806427001953,-34.07035961151123
0.0,0.0,-0.001482582071159639,-0.14506854600094352,0.0,2720,0.01,0.65,3062,0.7921792,0.0,-0.4280923996408166,-1.2614525303728512e-08,0.0,0.0,0.00026692664444757003,-0.7167232356715261,2.379015274656412,-0.28167708345336373,-0.26935449895344726,-0.07689649260008496,452,0.18824663821593543,0.5,0.0,-0.04181735994046515,-0.29934867485293626,-55.986293319999994,-0.17697711766541843,123.68,-0.32433811427636317,8331264,0.0,-0.6613003643311903,0.0003,0.9241145253181458,1.0010709762573242,35048,-0.01851865213830024,0.2,0.025198177,0.23740234375,84.17413101196288,39.25822067260742,-34.06466541290283
0.0,0.0,-0.0015598371814244212,-0.1493845235618917,0.0,2725,0.01,0.65,3062,0.7917183999999999,0.0,-0.42275122045838237,-1.3028630670164457e-08,0.0,0.0,0.00033311582390322455,-0.7146526138624103,2.366957452250055,-0.2763873189554301,-0.26936751646895585,-0.0781050546525951,453,0.18984703229300395,0.5,0.0,-0.042020505892962995,-0.2975049760822115,-56.178356439999995,-0.176783531269612,118.45,-0.3256372033813071,8349696,0.0,-0.655528262784879,0.0003,0.9160823822021484,1.0013266801834106,35052,-0.016873664048034698,0.2,0.023287786,0.24801025390625,87.44189529418945,38.662681579589844,-34.06650638580322
0.0,0.0,-0.0008742977836690798,-0.15247486869989846,0.0,2731,0.01,0.65,3063,0.7912576,0.0,-0.422791091422201,-1.291723916144203e-08,0.0,0.0,0.00036241270976865455,-0.7368966589244136,2.362382410186406,-0.2881019158752358,-0.26906258184106235,-0.07413886958513573,454,0.1871006126077009,0.5,-2.9839339226277338e-05,-0.046745654072169684,-0.2980244122951141,-56.56154502999999,-0.17565761342370706,124.84,-0.3280396760979309,8368128,0.0,-0.6561069404460016,0.0003,0.9038732051849365,1.0016118288040161,35056,-0.018900648003909736,0.2,0.024010252,0.2476806640625,103.19502716064453,46.62980270385742,-34.071187019348145
0.0,0.0,-0.001130946409202895,-0.14836489549670878,0.0,2737,0.01,0.65,3063,0.7907968,0.0,-0.42713266930576965,-1.2963818386292275e-08,0.0,0.0,0.0002734370743079732,-0.7451591470039578,2.388542638286376,-0.294786744182801,-0.26958231430326807,-0.07670113470327032,455,0.1867760754296591,0.5,-1.1393198898682991e-05,-0.04698198672275469,-0.30114367463281017,-55.763763960000006,-0.1747223153276765,133.01,-0.32845640839068035,8386560,0.0,-0.6588698306039448,0.0003,0.9096380472183228,1.0015974044799805,35060,-0.01669261632487178,0.2,0.0277085,0.27069091796875,99.21483688354492,47.34455871582031,-34.07216167449951
0.0,0.0,-0.001216077520700729,-0.15112106838643233,0.0,2743,0.01,0.65,3063,0.790336,0.0,-0.42002594555861794,-1.2999661648598569e-08,0.0,0.0,0.00034288146869382926,-0.7235840091368726,2.361466238017471,-0.28063874297933,-0.2689706824243152,-0.0774952099617668,456,0.18403578003837345,0.5,0.0,-0.04517324966643833,-0.2937632998299449,-56.07420173,-0.17599960241174425,123.84,-0.32791980419116196,8404992,0.0,-0.6533988941034593,0.0003,0.9315714836120605,1.0011751651763916,35064,-0.01798148509114981,0.2,0.023742031,0.237841796875,73.25967025756836,32.0302848815918,-34.06557502746582
0.0,0.0,-0.0009662566829069864,-0.14548360028066992,0.0,2749,0.01,0.65,3063,0.7898752,0.0,-0.4263651040997327,-1.2535451282172318e-08,0.0,0.0,0.0002962234915078928,-0.7106115109797378,2.381146620054693,-0.27583410663240693,-0.26933750737773615,-0.07828427605603118,457,0.18918920847366094,0.5,0.0,-0.040931222260756996,-0.2994231996008359,-54.44402842999999,-0.17529683363762255,124.04,-0.3237592399965097,8423424,0.0,-0.6545769362331506,0.0003,0.8980244398117065,1.0017082691192627,35068,-0.017100082617253064,0.2,0.023177803,0.24324951171875,113.15241394042968,56.430721282958984,-34.07138843536377
0.0,0.0,-0.0013100041400780941,-0.149919484312378,0.0,2755,0.01,0.65,3063,0.7894144,0.0,-0.4204727569510673,-1.3017748226484446e-08,0.0,0.0,0.000312499546756347,-0.7291309683300707,2.363079428077152,-0.2824082210555758,-0.26940091232969204,-0.07674343571460102,458,0.18782249314646882,0.5,-1.6275961469444965e-06,-0.04331191221390587,-0.2962355788311013,-57.59283992999999,-0.1757849690552608,122.64,-0.32808595272778607,8441856,0.0,-0.6558995291992722,0.0003,0.903997540473938,1.00181245803833,35072,-0.018276779726147652,0.2,0.026591685,0.24154052734375,99.5512306213379,51.919315338134766,-34.07376499176026
0.0,0.0,-0.0013113864938547623,-0.14899270934624473,0.0,2761,0.01,0.65,3063,0.7889536,0.0,-0.4189836330418888,-1.3374968048937734e-08,0.0,0.0,0.0002832026802934706,-0.7319752662060295,2.3832053360401613,-0.28209918064537115,-0.26948306599291627,-0.0781338660767275,459,0.18840433226143175,0.5,-1.5190935098669595e-05,-0.04354906242915743,-0.29779325427310527,-53.191548220000016,-0.1758168212575233,126.3,-0.32387143188647965,8460288,0.0,-0.6491763505527215,0.0003,0.8957802653312683,1.0016205310821533,35076,-0.0179935610271059,0.2,0.022452757,0.21658935546875,114.00295143127441,56.279170989990234,-34.07261447906494
0.0,0.0,-0.00103418468729163,-0.15031754146991505,0.0,2767,0.01,0.65,3063,0.7884928,0.0,-0.42182969198977305,-1.2823921180276491e-08,0.0,0.0,0.0003255203482694924,-0.7236559792825713,2.3777356818106274,-0.2833868530296338,-0.269520352421156,-0.07584071508601227,460,0.1878447910262825,0.5,-1.5190935098669595e-05,-0.044808024634508586,-0.2972551905504023,-57.34222985,-0.17588327809801724,124.71,-0.32738212099648395,8478720,0.0,-0.6543685558321919,0.0003,0.9095319509506226,1.0017292499542236,35080,-0.018992800649721177,0.2,0.024007687,0.22767333984375,95.69285736083984,45.858463287353516,-34.07240009307861
0.0,0.0,-0.0010630732116262969,-0.14454484583698166,0.0,2773,0.01,0.65,3063,0.7880320000000001,0.0,-0.4200524553832514,-1.2720548416285598e-08,0.0,0.0,0.0003049040808238917,-0.7164500078906237,2.3983652921770817,-0.28197160579212877,-0.2696263389790933,-0.07844546573358423,461,0.19274066146059676,0.5,0.0,-0.04234363072366473,-0.3001165135065219,-51.452026759999995,-0.17648133918593098,128.09,-0.3235008810267266,8497152,0.0,-0.6534702370009676,0.0003,0.9176428914070129,1.0015177726745605,35084,-0.017428211588412523,0.2,0.02477507,0.24027099609375,88.88676528930664,40.81367492675781,-34.072230911254884
0.0,0.0,-0.0014698928010106484,-0.14893151729639995,0.0,2779,0.01,0.65,3063,0.7875712,0.0,-0.4242720322768273,-1.313080373406443e-08,0.0,0.0,0.0002994787064380944,-0.7209795058238788,2.391011223176425,-0.28504058639426405,-0.2694406202733928,-0.07753292027277596,462,0.18941967327615178,0.5,-1.5190935098669595e-05,-0.04402377264397884,-0.3017450150790811,-55.18861168999999,-0.17694335004178904,126.78,-0.3255949074661949,8515584,0.0,-0.6542853878832188,0.0003,0.9349797368049622,1.0017403364181519,35088,-0.01827691113576293,0.2,0.026827639,0.25396728515625,70.49389915466308,30.000656127929688,-34.07178249359131
0.0,0.0,-0.001732413450006176,-0.15001906023979408,0.0,2785,0.01,0.65,3063,0.7871104,0.0,-0.4232543500171531,-1.3278486279741886e-08,0.0,0.0,0.0003135845634258456,-0.705267136348975,2.3662844866706676,-0.276089396607746,-0.26953492795500905,-0.0777988148351622,463,0.19111313793869267,0.5,-5.42532911317216e-06,-0.04150569972952539,-0.29912422013417017,-55.39157443,-0.17715996420111557,121.45,-0.32248344730411743,8534016,0.0,-0.6532951771668432,0.0003,0.9175604581832886,1.001910924911499,35092,-0.017962424317374825,0.2,0.028862363,0.280322265625,91.96279182434083,45.349334716796875,-34.07711982727051
0.0,0.0,-0.0012084640257719816,-0.14819617412273914,0.0,2791,0.01,0.65,3063,0.7866496000000001,0.0,-0.4284470790192601,-1.33236405238295e-08,0.0,0.0,0.00031358459252967604,-0.7260688236756786,2.388348510909657,-0.29218428082792597,-0.26900566784718427,-0.07571861478341577,464,0.18908724652110964,0.5,-1.1393198898682991e-05,-0.045076127892796636,-0.304273297893212,-55.66642001,-0.17552585668192858,129.7,-0.3228237126953317,8552448,0.0,-0.6564189267536746,0.0003,0.8962680101394653,1.001716136932373,35096,-0.018096927285660057,0.2,0.022033134,0.2387939453125,114.06783332824708,61.54854965209961,-34.073456382751466
0.0,0.0,-0.0012985811966405676,-0.14370142424245685,0.0,2797,0.01,0.65,3063,0.7861888,0.0,-0.42493298260559625,-1.2454166503264963e-08,0.0,0.0,0.0002929682571751376,-0.7009277107409599,2.379706695585634,-0.2790249769505681,-0.26886273532053057,-0.07751810559946953,465,0.19016025223417807,0.5,0.0,-0.041166626281803884,-0.2990202101622034,-50.12900586,-0.17716479592038561,123.8,-0.32246764038721276,8570880,0.0,-0.6535442267404612,0.0003,0.916172444820404,1.001739263534546,35100,-0.01719522799830884,0.2,0.021960367,0.22607421875,90.72223129272462,46.154964447021484,-34.07339611053467
0.0,0.0,-0.0008468982972350758,-0.14652201215420277,0.0,2803,0.01,0.65,3063,0.785728,0.0,-0.4292941998186219,-1.2784287257891254e-08,0.0,0.0,0.0003168397977586008,-0.697824332674569,2.384325835295789,-0.27756374543422946,-0.2686718282001588,-0.07681217187822567,466,0.19280427903079395,0.5,0.0,-0.04076657051895363,-0.3036493009805049,-49.4582744,-0.1769799310065517,125.75,-0.3182676256171956,8589312,0.0,-0.6518846623525649,0.0003,0.9173082113265991,1.0014084577560425,35104,-0.01818365720100701,0.2,0.022126792,0.22548828125,90.8612174987793,38.75034713745117,-34.070892333984375
0.0,0.0,-0.0017088850104948114,-0.14687364464542288,0.0,2809,0.01,0.65,3064,0.7852672,0.0,-0.4253281641926771,-1.2770510733664453e-08,0.0,0.0,0.00035590229931080504,-0.6909805794336957,2.3874622806735935,-0.2777985604557202,-0.2692525021133899,-0.07629435140508917,467,0.19298693398122763,0.5,0.0,-0.040643579050115446,-0.3025462260104225,-50.22627206999999,-0.17699340665871113,129.71,-0.31999743320415264,8607744,0.0,-0.6529768336367678,0.0003,0.9119952917098999,1.0017532110214233,35108,-0.01785776347387582,0.2,0.025758669,0.2407470703125,97.53004379272461,50.613929748535156,-34.07217025756836
0.0,0.0,-0.0011832349450218486,-0.14959850769101238,0.0,2815,0.01,0.65,3064,0.7848064,0.0,-0.4213078045343485,-1.3230620750265424e-08,0.0,0.0,0.00028862804497799114,-0.7255005012588289,2.3810751836277557,-0.2897087775704183,-0.26922177048500456,-0.07851407995738838,468,0.1881734179695688,0.5,0.0,-0.04547427614513033,-0.30077785500350934,-56.146222519999995,-0.1749912260081765,128.18,-0.3236663961727976,8626176,0.0,-0.6528726461662229,0.0003,0.9228693842887878,1.0014762878417969,35112,-0.016828571737278253,0.2,0.019240651,0.198291015625,86.53791885375976,37.23004913330078,-34.071464157104494
0.0,0.0,-0.000816040663353683,-0.14480946810506953,0.0,2821,0.01,0.65,3064,0.7843456,0.0,-0.42464897357933,-1.2494601393826962e-08,0.0,0.0,0.00029079814622592594,-0.6873522790097225,2.3748195880035823,-0.26661791639441534,-0.26926915061665285,-0.07758964066912517,469,0.19443587540023566,0.5,0.0,-0.037263378659062596,-0.30034339610212935,-50.64359966000001,-0.17719434247862534,119.48,-0.32024434233534144,8644608,0.0,-0.651892221574384,0.0003,0.9248874187469482,1.001634955406189,35116,-0.017480475967749952,0.2,0.029206544,0.2775146484375,88.79757957458496,42.900421142578125,-34.07016315460205
0.0,0.0,-0.002205152190640621,-0.1448763009231231,0.0,2827,0.01,0.65,3064,0.7838848,0.0,-0.43212062062864154,-1.2403828962617589e-08,0.0,0.0,0.00033094568385018245,-0.6855833800330812,2.3585761049919496,-0.2658659877559974,-0.268363657266256,-0.0783095269600577,470,0.19318501463189702,0.5,0.0,-0.03699479267099123,-0.3019058697074386,-54.10050693000001,-0.17752510235595523,121.72,-0.3198192338045833,8663040,0.0,-0.6552068616078295,0.0003,0.9002375602722168,1.0012884140014648,35120,-0.01787266544997692,0.2,0.02444377,0.23795166015625,107.21638870239258,47.691978454589844,-34.069250869750974
0.0,0.0,-0.000872074131450107,-0.14221901004480392,0.0,2833,0.01,0.65,3064,0.783424,0.0,-0.42335912583036106,-1.2448603572103897e-08,0.0,0.0,0.0003016488594261722,-0.6950634287463625,2.3839941785747545,-0.26636515670706284,-0.26859359653155673,-0.07813332910231754,471,0.19125737425395034,0.5,0.0,-0.036579938328043876,-0.29582709370262283,-50.88014414000001,-0.1762815907467428,127.71,-0.3196170078314248,8681472,0.0,-0.6570372973394794,0.0003,0.9003007411956787,1.0011167526245117,35124,-0.01879182910779491,0.2,0.024140567,0.23031005859375,104.55154838562012,44.2033805847168,-34.065553855896
0.0,0.0,-0.0007155371687793899,-0.14389723932058907,0.0,2838,0.01,0.65,3064,0.7829632,0.0,-0.42636278432396185,-1.2647040915950822e-08,0.0,0.0,0.00031466970621194277,-0.6820783582034426,2.371548686891213,-0.26870653571583447,-0.26888923477524435,-0.07754158043977194,472,0.1923086703748972,0.5,0.0,-0.03785082197002883,-0.30002787146152016,-52.73870958,-0.17718957487911371,121.04,-0.3194571369753167,8699904,0.0,-0.6558775870743092,0.0003,0.9145250916481018,1.001167893409729,35128,-0.01768091968842782,0.2,0.023154492,0.23594970703125,89.09185066223145,41.522605895996094,-34.06706027984619
0.0,0.0,-0.0011256685567398966,-0.14651065144681613,0.0,2844,0.01,0.65,3064,0.7825024,0.0,-0.4295576128083411,-1.2795909734926613e-08,0.0,0.0,0.00031792486293448345,-0.6760131053895216,2.388972944529825,-0.2721494812484757,-0.2690002890845069,-0.07593691405772533,473,0.19588231602902506,0.5,0.0,-0.037977788813168774,-0.3028329994199505,-47.93111296999999,-0.1773063979346303,127.79,-0.31842222162634776,8718336,0.0,-0.6513922682873199,0.0003,0.8946288228034973,1.001380443572998,35132,-0.017146187298931182,0.2,0.026553113,0.2523681640625,113.7209903717041,51.08746337890625,-34.067266654968265
0.0,0.0,-0.001158782749601545,-0.14855633943239324,0.0,2850,0.01,0.65,3064,0.7820416,0.0,-0.4284291321558682,-1.2691314826659504e-08,0.0,0.0,0.000288627996471607,-0.7063575213753919,2.374572782586333,-0.2870684340134082,-0.26885722661338746,-0.0751424042550191,474,0.18974542567943187,0.5,0.0,-0.04396273249962863,-0.2994003662201805,-53.41570831,-0.17535840875291153,124.89,-0.3249753492043592,8736768,0.0,-0.6554915733052622,0.0003,0.9160279631614685,1.0012867450714111,35136,-0.016807680297642947,0.2,0.028714668,0.2618408203125,89.36241188049317,40.26617431640625,-34.067953491210936
0.0,0.0,-0.0014463183912717496,-0.14484149477844602,0.0,2856,0.01,0.65,3064,0.7815808,0.0,-0.42687086199651103,-1.228700183023858e-08,0.0,0.0,0.00033854114008136094,-0.6955120035919007,2.379104537614397,-0.27462811422038547,-0.26884139990665307,-0.07548274012613804,475,0.1918208349932242,0.5,0.0,-0.03986320015257055,-0.29811217291278885,-50.87177477999999,-0.17658474833928411,124.74,-0.32343693295420345,8755200,0.0,-0.6557727178362812,0.0003,0.920156717300415,1.0017831325531006,35140,-0.017059431364759802,0.2,0.026652202,0.27178955078125,90.63538475036621,50.09598922729492,-34.07346782684326
0.0,0.0,-0.002916899314484964,-0.150662911231641,0.0,2862,0.01,0.65,3064,0.78112,0.0,-0.4236319553017178,-1.2897474871836949e-08,0.0,0.0,0.00038194393144092627,-0.6956640844274454,2.3676270636224235,-0.2750858699832621,-0.269195143604321,-0.07627918203376803,476,0.19075965989795887,0.5,-1.5190935098669595e-05,-0.04205381656572374,-0.29866025727544804,-53.9385563,-0.17697631461033675,123.69,-0.32540960438425537,8773632,0.0,-0.6528521031229408,0.0003,0.9145227074623108,1.0018362998962402,35144,-0.01874172028619796,0.2,0.026386892,0.25601806640625,93.01365356445312,50.69142532348633,-34.0750228881836
0.0,0.0,-0.0008604624136574514,-0.1459268298722342,0.0,2868,0.01,0.65,3064,0.7806592,0.0,-0.43147198641437534,-1.3123287466126454e-08,0.0,0.0,0.0003049040323175076,-0.7141083355349767,2.3701021174952874,-0.28982545289047157,-0.26878933606988026,-0.07486194304023072,477,0.18958795091643157,0.5,0.0,-0.043622963442582346,-0.30356944479352044,-55.530619769999994,-0.17620462812051646,129.12,-0.32420622234226104,8792064,0.0,-0.6565301924525399,0.0003,0.9125392436981201,1.0017558336257935,35148,-0.01758092491654679,0.2,0.026521752,0.2510498046875,96.72925643920898,42.206871032714844,-34.07321281433106
0.0,0.0,-0.0014400815192350434,-0.1499760717975656,0.0,2874,0.01,0.65,3064,0.7801984,0.0,-0.4182459059896543,-1.243988819235797e-08,0.0,0.0,0.0003352859348524362,-0.6936195986060628,2.355357225912623,-0.2694079069722503,-0.26924073529421233,-0.07876206234328792,478,0.1917906132105216,0.5,-1.953120550347699e-05,-0.04071814736719642,-0.2934404607252777,-53.86310251999999,-0.17588580785397656,119.72,-0.322768891331476,8810496,0.0,-0.6497187582482148,0.0003,0.8944204449653625,1.0015323162078857,35152,-0.01799429035745561,0.2,0.021184016,0.21292724609375,112.6539981842041,46.35186004638672,-34.07129402160645
0.0,0.0,-0.0014300704754556177,-0.141871728446051,0.0,2880,0.01,0.65,3064,0.7797376,0.0,-0.42904639505819814,-1.2868431309027709e-08,0.0,0.0,0.0002918832599081927,-0.6986077351050249,2.3875187948866117,-0.2856435144009666,-0.2686203915852069,-0.07373847788941373,479,0.1922375543460454,0.5,0.0,-0.04018609012848872,-0.30351970040973675,-49.78048837,-0.17513004057956624,132.16,-0.323867442194997,8828928,0.0,-0.6495893817161013,0.0003,0.8890897035598755,1.0016080141067505,35156,-0.017508567473851145,0.2,0.019909736,0.1854736328125,118.05800895690918,59.99269104003906,-34.07191638946533
0.0,0.0,-0.0012733895777836382,-0.14649662348389147,0.0,2886,0.01,0.65,3064,0.7792768,0.0,-0.4234597914536802,-1.2698803813693353e-08,0.0,0.0,0.00030381900594673224,-0.7096678540580986,2.3855539761825697,-0.286206652807042,-0.2692373430758342,-0.07467397176245044,480,0.18929671430868944,0.5,0.0,-0.041967235165741766,-0.29991367770872934,-52.749527799999996,-0.17536208112462226,133.41,-0.3270706123616317,8847360,0.0,-0.6534363687954382,0.0003,0.9177536368370056,1.0017534494400024,35160,-0.01578139958437532,0.2,0.021381173,0.20860595703125,86.915673828125,44.50837326049805,-34.073758125305176
0.0,0.0,-0.0008580446055798812,-0.15086992122525875,0.0,2892,0.01,0.65,3065,0.778816,0.0,-0.42671368903560997,-1.3020900982838738e-08,0.0,0.0,0.0002994787161393712,-0.7175249865083074,2.3857693709134136,-0.2936332232302228,-0.26896546107406,-0.0746303194864789,481,0.1889750465768408,0.5,0.0,-0.04570328219212501,-0.30064953281254825,-51.22747538000001,-0.17596319283084075,131.7,-0.32474115451388247,8865792,0.0,-0.647062454482475,0.0003,0.9179188013076782,1.0015705823898315,35164,-0.017334535939153285,0.2,0.02590096,0.25018310546875,92.35463676452636,41.766143798828125,-34.07286262512207
0.0,0.0,-0.0007788859944564474,-0.1521668308658822,0.0,2898,0.01,0.65,3065,0.7783552,0.0,-0.4218895792110936,-1.2990353352197525e-08,0.0,0.0,0.0003135846216335065,-0.7383869098306765,2.378951589741061,-0.2978025492559069,-0.26939743256928594,-0.07454615696340079,482,0.18965657782144268,0.5,0.0,-0.04701226570201804,-0.2981810344456584,-53.847290009999995,-0.17430615121132287,131.72,-0.3280670247283251,8884224,0.0,-0.6504939536010031,0.0003,0.9292711019515991,1.0015640258789062,35168,-0.01768645115662366,0.2,0.02718082,0.252490234375,81.03914527893066,39.5745964050293,-34.07124404907226
0.0,0.0,-0.001309077745038079,-0.14666789320507917,0.0,2904,0.01,0.65,3065,0.7778944,0.0,-0.42674847557967205,-1.2345255809672244e-08,0.0,0.0,0.0003211800681634082,-0.6926989830249256,2.385555866082575,-0.27202339058275227,-0.26884236355672786,-0.07439975998558893,483,0.1924964369954889,0.5,0.0,-0.0384772872155719,-0.29815305309154566,-51.65666275,-0.1758841831948643,123.16,-0.32051125696266225,8902656,0.0,-0.6438876552081303,0.0003,0.9250568747520447,1.0020493268966675,35172,-0.01835580028127879,0.2,0.02455984,0.24927978515625,89.19706382751465,44.545257568359375,-34.07582759857178
0.0,0.0,-0.0007181176721366017,-0.14892224478581867,0.0,2910,0.01,0.65,3065,0.7774336,0.0,-0.42284809369263404,-1.28817812233522e-08,0.0,0.0,0.0002723519800282601,-0.7085452700272628,2.382668726176272,-0.2853312857132268,-0.26907820322909454,-0.07784391381025495,484,0.1898708321887249,0.5,0.0,-0.04340087820829211,-0.2996726108612269,-49.908333739999996,-0.17442300579899156,128.71,-0.32619835704716516,8921088,0.0,-0.6491210074703498,0.0003,0.9052926898002625,1.0018706321716309,35176,-0.017573295766487716,0.2,0.022124816,0.228662109375,104.11052017211914,52.15868377685547,-34.07664279937744
0.0,0.0,-0.0006482860367955413,-0.1513640020325713,0.0,2916,0.01,0.65,3065,0.7769728,0.0,-0.42000690576397764,-1.3162511780072685e-08,0.0,0.0,0.0002886280352767143,-0.7196073968341417,2.3852138546808646,-0.2911024528422161,-0.2691731882329674,-0.07639203695955561,485,0.18858450829686502,0.5,0.0,-0.045435605819639374,-0.2982899147391659,-51.00105437,-0.17472597901027692,134.08,-0.32740301406499567,8939520,0.0,-0.6423524724993529,0.0003,0.9182428121566772,1.0020893812179565,35180,-0.018204615067224948,0.2,0.025201952,0.24573974609375,94.90898818969727,45.31441116333008,-34.07795162200928
0.0,0.0,-0.000514809850105815,-0.14604927212165694,0.0,2922,0.01,0.65,3065,0.776512,0.0,-0.430829088114761,-1.251815182013921e-08,0.0,0.0,0.0002766922989394516,-0.7178156521053389,2.378248303200134,-0.28802353423130067,-0.2692083373313579,-0.07243012248609376,486,0.18851816805375196,0.5,0.0,-0.04254076683450441,-0.3005427853259266,-54.94308955,-0.17566301411615842,125.38,-0.32745153138661515,8957952,0.0,-0.6547904214269953,0.0003,0.9209903478622437,1.0016450881958008,35184,-0.018554427230264993,0.2,0.025486788,0.247021484375,89.90270042419434,44.301822662353516,-34.07413158416748
0.0,0.0,-0.0004074112201724853,-0.14634244977405744,0.0,2928,0.01,0.65,3065,0.7760511999999999,0.0,-0.42496974003440846,-1.2722397820468966e-08,0.0,0.0,0.0003222651333392908,-0.6974019376884246,2.3863204362076114,-0.2756188457554286,-0.2689603408418606,-0.07494484331006596,487,0.1922298972277654,0.5,0.0,-0.03977122100440551,-0.29735379664927053,-50.33268536,-0.1759689018062525,129.21,-0.32661740284935503,8976384,0.0,-0.6488731868171118,0.0003,0.9030221700668335,1.001460075378418,35188,-0.017088606616016477,0.2,0.02415926,0.24818115234375,109.00771942138672,49.26661682128906,-34.07008934020996
0.0,0.0,-0.0012424211751467511,-0.14826668621244987,0.0,2934,0.01,0.65,3065,0.7755904,0.0,-0.43002906201450114,-1.302923694298989e-08,0.0,0.0,0.00034830682367707294,-0.6942446535072363,2.3838897334258027,-0.27509734284178555,-0.2690353685402279,-0.07570103730928349,488,0.1941051745805374,0.5,0.0,-0.03990115376412044,-0.2998057767879228,-49.316933010000014,-0.17574857629280138,127.38,-0.32302149661688645,8994816,0.0,-0.6455645395862445,0.0003,0.9194271564483643,1.0021216869354248,35192,-0.01700368036981672,0.2,0.028099138,0.25633544921875,88.51094589233398,49.86488342285156,-34.07746696472168
0.0,0.0,-0.0007980378174410557,-0.15123242136949566,0.0,2940,0.01,0.65,3065,0.7751296,0.0,-0.4313075934642759,-1.317554802012241e-08,0.0,0.0,0.0002853728203465127,-0.7151611262534092,2.3675079059274764,-0.2836161461375572,-0.2692758427808313,-0.07514553774275703,489,0.18663509072834442,0.5,0.0,-0.04461684650692905,-0.2988328599742367,-55.38271563,-0.1760260942578256,123.01,-0.32592817796388396,9013248,0.0,-0.6520188551289169,0.0003,0.9148128628730774,1.0022441148757935,35196,-0.018215448781847953,0.2,0.025126044,0.2514892578125,95.09822006225586,44.021854400634766,-34.07973308563233
0.0,0.0,-0.0013437179948743133,-0.148741620674625,0.0,2946,0.01,0.65,3065,0.7746687999999999,0.0,-0.42777704645989545,-1.2647737294257084e-08,0.0,0.0,0.00029947868703554076,-0.7008796441374676,2.372061713466431,-0.278378200299797,-0.2695079510903872,-0.07651071386515557,490,0.18815513688624635,0.5,-1.953120550347699e-05,-0.043771881222921194,-0.29330655998567523,-54.396292329999994,-0.17572414379245926,123.52,-0.3286860299130176,9031680,0.0,-0.647702358077225,0.0003,0.9090083837509155,1.0019807815551758,35200,-0.015141896705608815,0.2,0.02573657,0.25294189453125,105.56101722717285,43.31902313232422,-34.07713298797607
0.0,0.0,-0.00043144979710696006,-0.14786576224578285,0.0,2952,0.01,0.65,3065,0.774208,0.0,-0.4248043667539354,-1.3163781000042147e-08,0.0,0.0,0.00036241273240496713,-0.715235954724102,2.3828238221378815,-0.28456824801065145,-0.26952012446850754,-0.07596796843300037,491,0.1916538429302036,0.5,0.0,-0.041834242184270704,-0.30050299298832794,-51.42998895999999,-0.1756619448450486,131.24,-0.325083270832811,9050112,0.0,-0.6466431173531519,0.0003,0.9180942177772522,1.001558542251587,35204,-0.018182556703686716,0.2,0.025457367,0.257421875,93.31904602050781,35.96091079711914,-34.07214641571045
0.0,0.0,-0.0010567418946553857,-0.14452649204964596,0.0,2958,0.01,0.65,3065,0.7737472,0.0,-0.434549153615406,-1.2939258052215171e-08,0.0,0.0,0.000297308527579945,-0.6882578234580584,2.392442956521545,-0.2748488655947608,-0.2695647289187576,-0.07568690154492008,492,0.1953289841716144,0.5,0.0,-0.0381991880317951,-0.30268419678518743,-50.201756,-0.17779669798088238,131.49,-0.32454784680947957,9068544,0.0,-0.6457624060016035,0.0003,0.9156004190444946,1.001924991607666,35208,-0.01777821811847389,0.2,0.02631182,0.24578857421875,92.8062900543213,42.183719635009766,-34.07428894042969
0.0,0.0,-0.00060328628035559,-0.1450615668045086,0.0,2964,0.01,0.65,3065,0.7732864,0.0,-0.4255557095110285,-1.2887493736843778e-08,0.0,0.0,0.0002983935830545508,-0.691124687628363,2.383597460750953,-0.27926125952367975,-0.26952953159524723,-0.07837016722145101,493,0.19311276418442624,0.5,0.0,-0.03944976916454343,-0.2984444579134474,-51.79208952000001,-0.1774194899479966,130.99,-0.3264111700649012,9086976,0.0,-0.6498155805807367,0.0003,0.9203704595565796,1.0018396377563477,35212,-0.015808453154750168,0.2,0.025829557,0.247119140625,85.32875633239746,44.37737274169922,-34.07559680938721
0.0,0.0,-0.0008468614816976787,-0.147405235445374,0.0,2970,0.01,0.65,3065,0.7728256,0.0,-0.42493223934549856,-1.2946162296433393e-08,0.0,0.0,0.0003266054231466518,-0.6929411426038997,2.3843065870045175,-0.27643639137540466,-0.2691868526526267,-0.07477676589945413,494,0.19451191468559187,0.5,0.0,-0.039312577222432414,-0.30051038635732147,-50.73978958000001,-0.1765833696768443,125.54,-0.32381293958444635,9105408,0.0,-0.6422840556776996,0.0003,0.9226505160331726,1.0020478963851929,35216,-0.017301371379289776,0.2,0.029466424,0.25850830078125,86.53328247070313,43.583072662353516,-34.075669860839845
0.0,0.0,-0.0008293762746923627,-0.1467727447935613,0.0,2976,0.01,0.65,3065,0.7723648,0.0,-0.42783434800158704,-1.2711233752239383e-08,0.0,0.0,0.00029079816562847956,-0.7047763932707177,2.392982139854942,-0.28425133143974707,-0.2698076468811903,-0.0747753607303116,495,0.19175805153902095,0.5,0.0,-0.04194211091764052,-0.29872306013652894,-51.669072279999995,-0.17671435355001464,129.97,-0.328526460123477,9123840,0.0,-0.6447345273407471,0.0003,0.9151339530944824,1.0018742084503174,35220,-0.01778757928404957,0.2,0.028444296,0.2712890625,94.91468086242676,47.925498962402344,-34.07656078338623
0.0,0.0,-0.0011512863359733805,-0.14847438951260516,0.0,2982,0.01,0.65,3065,0.771904,0.0,-0.4272458811928138,-1.288976885466638e-08,0.0,0.0,0.00032552037737332284,-0.7014217567417199,2.3793787572791087,-0.2782643476716466,-0.2694116938625301,-0.07625703852857176,496,0.19161455570715924,0.5,0.0,-0.041224069225314165,-0.2960762928636722,-52.24717449000001,-0.17737810621847966,123.96,-0.3230669001754711,9142272,0.0,-0.6420809127526622,0.0003,0.927370011806488,1.0017540454864502,35224,-0.018591057462617754,0.2,0.02793535,0.2849609375,83.11727371215821,45.80275344848633,-34.074043083190915
0.0,0.0,-0.0009818515255425033,-0.14669808709007037,0.0,2988,0.01,0.65,3065,0.7714432,0.0,-0.43074676771591003,-1.2919838343001112e-08,0.0,0.0,0.0002983936218596581,-0.685047427733309,2.3863664155474096,-0.2735126978176124,-0.2694548204986308,-0.07746326717491835,497,0.194826018483814,0.5,0.0,-0.03846740541025328,-0.3007316572139571,-50.45580729999999,-0.1780586789426508,122.74,-0.32319220183218456,9160704,0.0,-0.6452153206495488,0.0003,0.9204739332199097,1.0019487142562866,35228,-0.018302948283962905,0.2,0.02310574,0.24178466796875,93.02651596069336,53.01332473754883,-34.075867080688475
0.0,0.0,-0.0005115883104956486,-0.149152456270073,0.0,2994,0.01,0.65,3065,0.7709824000000001,0.0,-0.42834434586912695,-1.2761163972152553e-08,0.0,0.0,0.00036892312022650405,-0.6803235736043143,2.3656637050823304,-0.2692637085223337,-0.2695528467099466,-0.07692597252288176,498,0.19449023206027166,0.5,0.0,-0.038314988140054226,-0.2977998084273212,-52.00907862,-0.17788183765567794,118.47,-0.3223472781291256,9179136,0.0,-0.6494045251263598,0.0003,0.9183531403541565,1.0017999410629272,35232,-0.016346117935609073,0.2,0.02664799,0.25628662109375,89.6161548614502,47.61112976074219,-34.074099731445315
0.0,0.0,-0.00042538382138213043,-0.14766401071808363,0.0,2999,0.01,0.65,3065,0.7705216,0.0,-0.4264907133144525,-1.2992778355896892e-08,0.0,0.0,0.00038411407149396837,-0.6912212845492883,2.385396658929075,-0.2753460478144257,-0.26982822124033873,-0.0761238172265351,499,0.19448992301142648,0.5,0.0,-0.03916429817333611,-0.30064566152213035,-47.85182336999999,-0.17709416477277862,128.96,-0.3226925913301878,9197568,0.0,-0.6395431990947115,0.0003,0.9105793833732605,1.002269983291626,35236,-0.01764155983692035,0.2,0.025036741,0.25189208984375,99.18413696289062,53.996559143066406,-34.07879486083984
0.0,0.0,-0.000610590846861794,-0.15100473303626485,0.0,3005,0.01,0.65,3065,0.7700608,0.0,-0.42685122182578855,-1.337197286256272e-08,0.0,0.0,0.0003200950126888023,-0.7031630940720565,2.386984162673466,-0.2837317131741113,-0.26986437283882814,-0.07547928100555316,500,0.193177281820949,0.5,0.0,-0.04293695823046392,-0.2999042172701303,-49.00445778,-0.17702195361441203,128.87,-0.32151450769626516,9216000,0.0,-0.64209626095285,0.0003,0.9211008548736572,1.0018407106399536,35240,-0.018367239693179726,0.2,0.027636731,0.2837646484375,84.98643569946289,43.0031852722168,-34.07621021270752
0.0,0.0,-0.0005208403365056696,-0.14465909950958175,0.0,3011,0.01,0.65,3065,0.7696000000000001,0.0,-0.42560307843033446,-1.2809074463767136e-08,0.0,0.0,0.00034722174879991345,-0.6992063394282783,2.388487831572964,-0.2777486841313556,-0.2698703101063718,-0.07516510956623577,501,0.1932425750743619,0.5,0.0,-0.03892676872424087,-0.2991570336833249,-50.8566014,-0.1768522954950849,126.13,-0.3228020138627983,9234432,0.0,-0.6404689763372995,0.0003,0.9248349666595459,1.0021238327026367,35244,-0.01804137385915965,0.2,0.026484575,0.26343994140625,83.63072700500489,48.023338317871094,-34.0764102935791
0.0,0.0,-0.0011779800172787834,-0.14918739929558283,0.0,3017,0.01,0.65,3065,0.7691392,0.0,-0.4264395709286081,-1.3233340862098382e-08,0.0,0.0,0.00032660539404282137,-0.6995348500743065,2.380350639065816,-0.28179706239442814,-0.2698597410566901,-0.0766807672096229,502,0.19295668474531424,0.5,-5.425309710618523e-07,-0.042348538974813096,-0.29878633402360977,-49.071323760000006,-0.17682890345971736,129.33,-0.32664904475626305,9252864,0.0,-0.6443447225560246,0.0003,0.9271447658538818,1.00204598903656,35248,-0.017560993297956885,0.2,0.030499775,0.27618408203125,78.20991020202636,35.41889953613281,-34.076805877685544
0.0,0.0,-0.0007361405740784946,-0.1521638394932466,0.0,3023,0.01,0.65,3066,0.7686784,0.0,-0.43201747289946446,-1.312072266615779e-08,0.0,0.0,0.00036024255031305883,-0.7096746906429948,2.3798650346960963,-0.2859407757466958,-0.2699280955357536,-0.07405889778194838,503,0.1920968707950113,0.5,0.0,-0.04295731179358257,-0.30184674108403164,-52.94866029,-0.17809249926386217,125.78,-0.3227504403172902,9271296,0.0,-0.6477226520001559,0.0003,0.9224964380264282,1.001948356628418,35252,-0.017452288349159063,0.2,0.02938334,0.2799560546875,87.85542335510254,38.735897064208984,-34.07619743347168
0.0,0.0,-0.0010433268431080207,-0.14809345619240763,0.0,3029,0.01,0.65,3066,0.7682176000000001,0.0,-0.43130468953060885,-1.2780819771528333e-08,0.0,0.0,0.0003613276154889415,-0.6873869845433327,2.366295908379975,-0.269522268106484,-0.26975423445929597,-0.07600130734155114,504,0.19311400486430041,0.5,0.0,-0.03872981579821292,-0.29615497922423073,-51.506251389999996,-0.17703542225195912,127.19,-0.32095019767675675,9289728,0.0,-0.6461643838650345,0.0003,0.9209721088409424,1.002126693725586,35256,-0.01927579352632165,0.2,0.030099591,0.2813232421875,90.59433860778809,49.83193588256836,-34.078528785705565
0.0,0.0,-0.0008608904959576129,-0.1499747763103089,0.0,3035,0.01,0.65,3066,0.7677568,0.0,-0.4273763540588137,-1.3375415924083995e-08,0.0,0.0,0.000351562009503444,-0.6977123877585665,2.3873977448155514,-0.28070196790442337,-0.27025968066141265,-0.0791055624074774,505,0.19334417191043798,0.5,0.0,-0.04181696942037939,-0.2990720789252743,-50.92474366999999,-0.1775601447602235,125.85,-0.32069194846059984,9308160,0.0,-0.6463692815404338,0.0003,0.9027076363563538,1.0019924640655518,35260,-0.016884567588567732,0.2,0.025192702,0.2537353515625,106.14187202453613,50.68427658081055,-34.07559185028076
0.0,0.0,-0.0008481396470427548,-0.1472625551729859,0.0,3041,0.01,0.65,3066,0.767296,0.0,-0.43490530932595944,-1.314823258158934e-08,0.0,0.0,0.00035156205800982815,-0.6878241921913597,2.3853767961579333,-0.27509025144613575,-0.26973846085259107,-0.07639569685168804,506,0.1949097640305799,0.5,0.0,-0.03860486776197733,-0.30385253116456806,-48.195709080000015,-0.17854127196955527,128.21,-0.31996913073090594,9326592,0.0,-0.6473787097889273,0.0003,0.9229841232299805,1.0021815299987793,35264,-0.018775062006898224,0.2,0.028103715,0.26322021484375,86.70930213928223,42.13137435913086,-34.078079032897946
0.0,0.0,-0.000652916275340577,-0.15269914723168043,0.0,3047,0.01,0.65,3066,0.7668352,0.0,-0.4276824491806373,-1.3608934783776624e-08,0.0,0.0,0.00036132765429404873,-0.7144165687712143,2.385514944820776,-0.28693471635340306,-0.27002295522019026,-0.07614525069246506,507,0.1910515204430062,0.5,-1.6275961469444965e-06,-0.044178292413365856,-0.30103025190920685,-54.30883366999999,-0.17675391105156973,125.03,-0.3244272752666322,9345024,0.0,-0.6420512916181748,0.0003,0.9182255864143372,1.0019781589508057,35268,-0.0180966573767364,0.2,0.025021348,0.24569091796875,88.60638732910157,45.000362396240234,-34.075531005859375
0.0,0.0,-0.0007121636424916415,-0.14775030660242128,0.0,3053,0.01,0.65,3066,0.7663744,0.0,-0.4226862293624494,-1.3253760943218594e-08,0.0,0.0,0.0003114144621779107,-0.7080475819733716,2.3839990182362225,-0.28539489894412795,-0.27011791355842757,-0.07493588960088814,508,0.19144892663167898,0.5,-4.123254782623715e-05,-0.04219344946656263,-0.2996163495861006,-49.85139248,-0.17631614386443667,126.08,-0.32187488666783637,9363456,0.0,-0.6387490803985374,0.0003,0.9182081818580627,1.0022910833358765,35272,-0.0176093939866405,0.2,0.030208895,0.26649169921875,93.82132034301758,41.06602478027344,-34.0794713973999
0.0,0.0,-0.0010572522176192259,-0.15062489640605306,0.0,3059,0.01,0.65,3066,0.7659136,0.0,-0.4308925690394673,-1.392367392474797e-08,0.0,0.0,0.0003331159015134391,-0.7090994690569903,2.3766930567944864,-0.2870787702684425,-0.2699753282351389,-0.07551341295675904,509,0.1920583443119271,0.5,-2.7126697306003836e-05,-0.04174879541871476,-0.3031577436870593,-50.93137588999999,-0.1766017127819862,128.9,-0.320167202395693,9381888,0.0,-0.645111842699355,0.0003,0.9244472980499268,1.001793622970581,35276,-0.016181797604076564,0.2,0.026923265,0.25321044921875,84.04736289978027,38.290504455566406,-34.075716209411624
0.0,0.0,-0.0005813365481218828,-0.1466217515952807,0.0,3065,0.01,0.65,3066,0.7654528,0.0,-0.42429079431496314,-1.3268912054093563e-08,0.0,0.0,0.0003580724652339187,-0.700360709879627,2.407136251826862,-0.2793860132863235,-0.2700646537903282,-0.07660152083351184,510,0.19398485877406785,0.5,0.0,-0.040226014781311395,-0.2979405866456779,-45.86364554000001,-0.1766464346606315,130.72,-0.32226150636716144,9400320,0.0,-0.6438457143085082,0.0003,0.9127157926559448,1.0013680458068848,35280,-0.015052807913161815,0.2,0.02542293,0.26627197265625,96.27497863769531,56.073909759521484,-34.067778778076175
0.0,0.0,-0.0007277208794448015,-0.1478174041762703,0.0,3071,0.01,0.65,3066,0.764992,0.0,-0.4258492484833894,-1.3672981885167532e-08,0.0,0.0,0.0003515620935811765,-0.7023751397426004,2.396319266023804,-0.2859529051383096,-0.2697206750469938,-0.07477870852100175,511,0.19180765071308598,0.5,0.0,-0.042145683305691205,-0.30019552226951574,-49.25482579,-0.17645338648107936,126.32,-0.3200571216476758,9418752,0.0,-0.6428406553115759,0.0003,0.9269461035728455,1.0017611980438232,35284,-0.01846311902627349,0.2,0.030226488,0.25953369140625,80.48031349182129,46.240787506103516,-34.070087623596194
0.0,0.0,-0.002010776114202603,-0.15236821685011573,0.0,3077,0.01,0.65,3066,0.7645312,0.0,-0.4250293323311307,-1.350616965742212e-08,0.0,0.0,0.000320095032091356,-0.7076918607138951,2.3687709927094014,-0.27903122196734553,-0.2699441413150835,-0.07671013688466458,512,0.1897389761806226,0.5,0.0,-0.04271507921090729,-0.2972835469705936,-55.279818760000005,-0.17678958090263028,125.25,-0.32535637128288974,9437184,0.0,-0.6445317800765622,0.0003,0.927977442741394,1.0014722347259521,35288,-0.018322805967181922,0.2,0.03412796,0.31015625,82.87412490844727,44.21245193481445,-34.0663646697998
0.0,0.0,-0.000520363865906417,-0.14320158752972423,0.0,3083,0.01,0.65,3066,0.7640704,0.0,-0.42522010752931977,-1.2982209445528826e-08,0.0,0.0,0.00026475646558942064,-0.6806423761851971,2.399450784904123,-0.2729481031186036,-0.26978392023361303,-0.07792780697990853,513,0.19723728731007373,0.5,0.0,-0.03639353085370492,-0.30383345494582975,-48.04618987,-0.17675121902249877,127.11,-0.315087150718548,9455616,0.0,-0.6406988558322319,0.0003,0.9018585085868835,1.0016694068908691,35292,-0.016876342240720987,0.2,0.027079705,0.26103515625,111.70111846923828,66.25379180908203,-34.06874771118164
0.0,0.0,-0.0008548532547288957,-0.14626300830902164,0.0,3089,0.01,0.65,3066,0.7636096,0.0,-0.42759663492704114,-1.3467668189228516e-08,0.0,0.0,0.00025607596358491317,-0.694948457527841,2.396245401096005,-0.27877938119238216,-0.2697807995776221,-0.07738451923630925,514,0.19304231280110906,0.5,0.0,-0.03990104589409184,-0.3030908204607232,-50.05901153,-0.17677164034185783,128.45,-0.3215678244358459,9474048,0.0,-0.6435733195965647,0.0003,0.9146926403045654,1.0019439458847046,35296,-0.016602576710283756,0.2,0.025606852,0.23765869140625,94.13890190124512,40.474151611328125,-34.072164154052736
0.0,0.0,-0.0007326030919805452,-0.14816695739459107,0.0,3095,0.01,0.65,3066,0.7631488,0.0,-0.4272531624040116,-1.3836578997935882e-08,0.0,0.0,0.00029513847483839426,-0.6974486458661247,2.393284410730713,-0.28577364249120807,-0.2696852472710147,-0.07684738505894345,515,0.19489289639024762,0.5,0.0,-0.040881168658283035,-0.3042659830632151,-48.54434775,-0.17605194924968112,128.43,-0.3193743057210787,9492480,0.0,-0.6412894816644488,0.0003,0.905820906162262,1.0021090507507324,35300,-0.01707688282476738,0.2,0.027941832,0.262255859375,103.81092262268066,47.01937484741211,-34.07776393890381
0.0,0.0,-0.0007569647109858065,-0.14611910208918222,0.0,3101,0.01,0.65,3066,0.762688,0.0,-0.4276326053852576,-1.3443151773747357e-08,0.0,0.0,0.0002907981559272028,-0.6988596971055989,2.392164925302874,-0.274364180004737,-0.2696525620498011,-0.0771313240358997,516,0.19322067029775625,0.5,0.0,-0.03898951912309393,-0.30038353908448023,-51.44051459,-0.17689136311279163,124.72,-0.3205147256598289,9510912,0.0,-0.6421475788027933,0.0003,0.9148392081260681,1.0015759468078613,35304,-0.016414645209442823,0.2,0.026674148,0.24752197265625,98.13149032592773,47.5927619934082,-34.07153549194336
0.0,0.0,-0.000698024019927489,-0.14673779494915623,0.0,3107,0.01,0.65,3066,0.7622272,0.0,-0.42742677191696066,-1.3693930821974099e-08,0.0,0.0,0.0002756072143610153,-0.7170687431917322,2.390084043018699,-0.287428691963761,-0.2698901409631189,-0.07396865993444865,517,0.18988269607244923,0.5,0.0,-0.043110625481037695,-0.3004806721210616,-50.972717200000005,-0.17582697554000867,129.95,-0.3239196228748116,9529344,0.0,-0.6409381581636899,0.0003,0.9170297980308533,1.0016965866088867,35308,-0.016715135931735858,0.2,0.024228293,0.2525146484375,94.27725257873536,50.689910888671875,-34.071930694580075
0.0,0.0,-0.0005675650742964388,-0.14770218148501846,0.0,3113,0.01,0.65,3066,0.7617664,0.0,-0.4259743116516556,-1.3714303751861986e-08,0.0,0.0,0.00030164886589369015,-0.703327850093557,2.385476343675397,-0.280625171371214,-0.27000417363878115,-0.07799252699346866,518,0.1904328204372,0.5,0.0,-0.04179978224557142,-0.3005589921748169,-51.59320489999999,-0.17541786643434754,126.55,-0.32125754101312975,9547776,0.0,-0.6418840107884523,0.0003,0.9249428510665894,1.0011463165283203,35312,-0.017141369893215595,0.2,0.022690024,0.236767578125,87.70368881225586,37.877471923828125,-34.064528465270996
0.0,0.0,-0.0006972228109195654,-0.1472767960510775,0.0,3119,0.01,0.65,3066,0.7613056,0.0,-0.42915394136470264,-1.385327359262035e-08,0.0,0.0,0.0003721783254554288,-0.6940765793958783,2.387798291000101,-0.273383723552125,-0.2697670765222648,-0.07470743153295228,519,0.19415348181796024,0.5,0.0,-0.03838713838049652,-0.3014130823307719,-47.29020533999999,-0.17750683022784475,127.73,-0.3203611073058326,9566208,0.0,-0.6464277808007468,0.0003,0.9166117310523987,1.000913143157959,35316,-0.017178791877813637,0.2,0.022680234,0.22518310546875,95.7632453918457,41.47951889038086,-34.06218070983887
0.0,0.0,-0.0006598772151277234,-0.14811674249587384,0.0,3125,0.01,0.65,3066,0.7608448,0.0,-0.427840944361973,-1.3416975715709701e-08,0.0,0.0,0.00035698741299307183,-0.6985794991210699,2.3892313733003303,-0.2847261265229103,-0.2703437872543456,-0.0749811051091633,520,0.19362545711438905,0.5,0.0,-0.04150842989523586,-0.3021786725910532,-46.713867490000005,-0.1765314159755281,129.25,-0.3233802364805557,9584640,0.0,-0.6422910505501547,0.0003,0.9173951745033264,1.0011861324310303,35320,-0.019648025976493955,0.2,0.029301858,0.262255859375,92.61898422241211,44.20615005493164,-34.06318988800049
0.0,0.0,-0.0005566564410473193,-0.14464700126963756,0.0,3131,0.01,0.65,3066,0.760384,0.0,-0.4308389937285048,-1.3601086184492635e-08,0.0,0.0,0.0003417964229205002,-0.6830738545607318,2.414767323369361,-0.2790874519375544,-0.2703131493107882,-0.07517486954659372,521,0.1980409848132665,0.5,0.0,-0.03772329825278209,-0.3064945170466779,-43.77422572000001,-0.177310211101054,129.84,-0.3155503501762872,9603072,0.0,-0.636745584938171,0.0003,0.9331316947937012,1.0020151138305664,35324,-0.016967426473274826,0.2,0.028519746,0.2589111328125,78.73169326782227,36.92937088012695,-34.075288963317874
0.0,0.0,-0.0006215939451948008,-0.1490065672138554,0.0,3137,0.01,0.65,3066,0.7599232,0.0,-0.4238518603333205,-1.332958662220982e-08,0.0,0.0,0.00037651864436662034,-0.6930674116137273,2.374482040143586,-0.2806004468778087,-0.27055572307370973,-0.07519216414502644,522,0.19371470501318402,0.5,0.0,-0.04010047918728361,-0.29913267553725326,-49.45563764000001,-0.17675475232303672,126.47,-0.3211990070253556,9621504,0.0,-0.6398694496268894,0.0003,0.9321391582489014,1.002268671989441,35328,-0.01633071801625192,0.2,0.02771835,0.2812744140625,77.07814598083496,32.6456413269043,-34.07871494293213
0.0,0.0,-0.00045852847126732186,-0.1446863577048099,0.0,3143,0.01,0.65,3067,0.7594624,0.0,-0.42576925738763305,-1.3314550600786345e-08,0.0,0.0,0.00035481725353747606,-0.6750533696073231,2.3943803098862,-0.2771238283943361,-0.2702125306868665,-0.07548804222663852,523,0.19821599662510866,0.5,0.0,-0.03740363810808343,-0.301369384189921,-49.01448854,-0.17739427071606945,125.17,-0.31590983577896253,9639936,0.0,-0.6399858730430634,0.0003,0.9135637879371643,1.0020464658737183,35332,-0.01759607542771846,0.2,0.025883187,0.25733642578125,101.56390075683593,44.649993896484375,-34.07770042419433
0.0,0.0,-0.0003251475096143091,-0.14758618947763463,0.0,3149,0.01,0.65,3067,0.7590015999999999,0.0,-0.4268554355381032,-1.3593010744298845e-08,0.0,0.0,0.0003808589050701509,-0.6941661142676206,2.397452749599163,-0.2838119093499507,-0.27042484703265257,-0.07242155353983075,524,0.19587180769013426,0.5,-4.231762917091449e-05,-0.039524983129935215,-0.3048083800782281,-49.56927889999999,-0.17780434641966866,127.98,-0.3182328220174138,9658368,0.0,-0.6379427772940981,0.0003,0.9167216420173645,1.0017261505126953,35336,-0.017507937469054012,0.2,0.02495481,0.2409423828125,94.78786392211914,44.651004791259766,-34.07343044281006
0.0,0.0,-0.000424349208783807,-0.14630256148278087,0.0,3155,0.01,0.65,3067,0.7585408,0.0,-0.43171289885424585,-1.3667579318796244e-08,0.0,0.0,0.0003710933087859303,-0.6837417624472726,2.3975453378237286,-0.2837161895737015,-0.27019570690116584,-0.07430661291055446,525,0.19754790638069747,0.5,0.0,-0.03911673982298369,-0.30511483958155744,-47.96786335000001,-0.17792473380415907,129.55,-0.31636193994640455,9676800,0.0,-0.643041690188836,0.0003,0.912818431854248,1.0016677379608154,35340,-0.017414119141176344,0.2,0.026568959,0.24937744140625,100.25644454956054,48.59171676635742,-34.07273826599121
0.0,0.0,-0.0006988024794229251,-0.14888945990022528,0.0,3161,0.01,0.65,3067,0.75808,0.0,-0.4295439587871028,-1.3812573764711629e-08,0.0,0.0,0.00040581547202438943,-0.6860571309177861,2.371265522335353,-0.2782625688485445,-0.27025276995864367,-0.07512214079434737,526,0.19549640104034105,0.5,0.0,-0.03888095931806726,-0.3026937238524584,-52.38154218,-0.17765101940730452,121.12,-0.3182734922345502,9695232,0.0,-0.6415537588051707,0.0003,0.9160125851631165,1.0015971660614014,35344,-0.015539396437816322,0.2,0.023838,0.24302978515625,90.51028976440429,42.57982635498047,-34.072117233276366
0.0,0.0,-0.0005577277023832204,-0.1496029454748032,0.0,3166,0.01,0.65,3067,0.7576191999999999,0.0,-0.43254747635311774,-1.3510415250414364e-08,0.0,0.0,0.000396049866038892,-0.6988126006155828,2.387786224076298,-0.28889103993513293,-0.2699577739288006,-0.07083735454794024,527,0.19514675642478851,0.5,0.0,-0.041444414425042174,-0.3062800982388141,-48.176729970000004,-0.1769718403845607,132.11,-0.31910432538814004,9713664,0.0,-0.6401603706023085,0.0003,0.8920810222625732,1.0015172958374023,35348,-0.017755755048710853,0.2,0.02165823,0.2164306640625,122.99111061096191,60.53513717651367,-34.07057647705078
0.0,0.0,-0.0009541478632245188,-0.14922818225795564,0.0,3172,0.01,0.65,3067,0.7571584,0.0,-0.4271641780091743,-1.3676258816327656e-08,0.0,0.0,0.00039604987574016885,-0.6822885970114493,2.4067998057272066,-0.2844174080301143,-0.2701263035407767,-0.07570861633957693,528,0.1975063235591059,0.5,0.0,-0.040298671722858746,-0.30579095758621705,-46.63143276000001,-0.17759116503357375,127.74,-0.31405178246819493,9732096,0.0,-0.6339761939310702,0.0003,0.9136555194854736,1.00204336643219,35352,-0.01730961073189974,0.2,0.025468674,0.24130859375,100.36442337036132,43.87425994873047,-34.07459487915039
0.0,0.0,-0.0005003404346610546,-0.14799315683788866,0.0,3178,0.01,0.65,3067,0.7566976,0.0,-0.4295753643833188,-1.3130133218980541e-08,0.0,0.0,0.0003906245013543715,-0.6836640921302499,2.378414902988911,-0.2740400560078849,-0.2693712632197002,-0.07387430543515133,529,0.19627613517542966,0.5,0.0,-0.03712788871907979,-0.3018937819170445,-47.83319922000001,-0.17782370396310868,130.17,-0.31839862187390167,9750528,0.0,-0.6414505171448902,0.0003,0.9234652519226074,1.0019447803497314,35356,-0.01700718274805695,0.2,0.032474287,0.28890380859375,87.81050643920898,40.11717224121094,-34.07594509124756
0.0,0.0,-0.0006096046766635324,-0.1510612574108065,0.0,3184,0.01,0.65,3067,0.7562367999999999,0.0,-0.42581322274133204,-1.3528474031166137e-08,0.0,0.0,0.00039713494091605145,-0.6979558424533104,2.3879477446499076,-0.28558274385274646,-0.27001648152108243,-0.07403597805836257,530,0.19538437808441864,0.5,0.0,-0.04186225508746729,-0.3016338858603644,-48.008895900000006,-0.17727600657341916,128.64,-0.32059631011388906,9768960,0.0,-0.6377099416108073,0.0003,0.9093258380889893,1.001868724822998,35360,-0.01597668678732589,0.2,0.024910197,0.2591064453125,103.9807861328125,54.59563064575195,-34.07187690734863
0.0,0.0,-0.0002622966195339278,-0.1503113108900306,0.0,3190,0.01,0.65,3067,0.755776,0.0,-0.42661640358666175,-1.3497819213833074e-08,0.0,0.0,0.0003721783448579825,-0.6911453474862168,2.3817463709362094,-0.28385639375969773,-0.2698795694047236,-0.07395943762680975,531,0.19476525889764099,0.5,-8.13799690351718e-06,-0.04051150813720417,-0.3020629570287283,-50.389081469999994,-0.177289114153023,119.4,-0.31917597950305293,9787392,0.0,-0.638686454275518,0.0003,0.9286128878593445,1.0021158456802368,35364,-0.017302826535888015,0.2,0.028334219,0.27281494140625,83.80171394348145,38.00210189819336,-34.078674125671384
0.0,0.0,-0.0004967725562564903,-0.14985853661923135,0.0,3196,0.01,0.65,3067,0.7553152,0.0,-0.43082041126297443,-1.3584281128310604e-08,0.0,0.0,0.0004926210224059307,-0.6731559503118243,2.3851343349426033,-0.27639752995561406,-0.2698420919686309,-0.07550869948259319,532,0.19802003446434996,0.5,-8.13799690351718e-06,-0.03778838651270229,-0.3056132439685894,-48.835926069999985,-0.1783431094585126,127.4,-0.314279579328291,9805824,0.0,-0.6356150707963926,0.0003,0.9012302756309509,1.002071738243103,35368,-0.014719319541472941,0.2,0.027161768,0.26751708984375,116.82781600952148,61.52687454223633,-34.077461051940915
0.0,0.0,-0.0006459911601403728,-0.15123006593512284,0.0,3202,0.01,0.65,3067,0.7548544,0.0,-0.4290802667905529,-1.3524584589988319e-08,0.0,0.0,0.00037000819510366354,-0.6823169631925684,2.3712510856301057,-0.2783901119552553,-0.27004125734823003,-0.0741706745970253,533,0.19477918657186172,0.5,-1.953120550347699e-05,-0.040218258912720815,-0.2991502702063719,-50.02912619,-0.17680004113518455,125.06,-0.32122747217918834,9824256,0.0,-0.6329124838292217,0.0003,0.9075589179992676,1.0017635822296143,35372,-0.01793025847291574,0.2,0.026449835,0.2636474609375,105.2560260772705,55.23938751220703,-34.0748908996582
0.0,0.0,-0.00047659155213644253,-0.1486825915261541,0.0,3208,0.01,0.65,3067,0.7543936,0.0,-0.43272236062853536,-1.3951709705531358e-08,0.0,0.0,0.0003710933087859303,-0.695722227062766,2.394869384282345,-0.29399958212325455,-0.2694137797617391,-0.07182513764478225,534,0.1962144772331294,0.5,0.0,-0.040723144703610194,-0.31094464960718093,-48.46201472999999,-0.17607424423982473,135.09,-0.31829739076626984,9842688,0.0,-0.6396269064878458,0.0003,0.9034836292266846,1.0016565322875977,35376,-0.017117168847471477,0.2,0.021844275,0.24166259765625,111.57570838928223,52.66857147216797,-34.07155418395996
0.0,0.0,-0.0005244621590001544,-0.15334460467788022,0.0,3214,0.01,0.65,3067,0.7539328,0.0,-0.4270953781752227,-1.4017044795887852e-08,0.0,0.0,0.00039496476205790206,-0.705393546775377,2.3727677163220466,-0.28514109208842053,-0.26993366324540863,-0.07246978940247022,535,0.19455175122166624,0.5,0.0,-0.04185743224203832,-0.3018381616187359,-52.01779384999999,-0.1764788324167238,127.87,-0.319337498807233,9861120,0.0,-0.6384171117608158,0.0003,0.9166841506958008,1.0013489723205566,35380,-0.017310005973558872,0.2,0.021359857,0.21866455078125,94.83005065917969,41.787899017333984,-34.070130348205566
0.0,0.0,-0.00037613091061418813,-0.1517971009746497,0.0,3220,0.01,0.65,3067,0.753472,0.0,-0.4304422345299766,-1.3671620588367403e-08,0.0,0.0,0.00035698733538285724,-0.7006064313646054,2.3794253502477343,-0.28523551655393165,-0.2701859043904876,-0.07234144320723902,536,0.19199386144763872,0.5,-5.750856426958409e-05,-0.04167459276326181,-0.3018886684447046,-53.38329241000001,-0.17688529618734547,127.18,-0.3216154302891194,9879552,0.0,-0.6386457458758907,0.0003,0.9099677205085754,1.001382827758789,35384,-0.018503398995380848,0.2,0.025522064,0.2571044921875,103.70687675476074,49.046871185302734,-34.06685523986816
0.0,0.0,-0.00020835961672384574,-0.15508792090194243,0.0,3226,0.01,0.65,3067,0.7530112,0.0,-0.4285287150310625,-1.4379662966770178e-08,0.0,0.0,0.00040581548172566626,-0.6970094557325772,2.3796393381740146,-0.289918532258457,-0.2699736495474872,-0.07255850049047127,537,0.19478593304902325,0.5,0.0,-0.04326531976264299,-0.30263814225996594,-50.796928820000005,-0.17708924141252236,126.94,-0.31856344792807734,9897984,0.0,-0.6401203717218489,0.0003,0.9071798920631409,1.0015509128570557,35388,-0.017631137254647912,0.2,0.027604913,0.2642333984375,107.06345596313477,57.5900764465332,-34.070447731018064
0.0,0.0,-0.00030517862812249534,-0.14517820695695405,0.0,3232,0.01,0.65,3067,0.7525504000000001,0.0,-0.42964021498358984,-1.3761327774558831e-08,0.0,0.0,0.0003342009472867681,-0.6897410955359127,2.4040015347483843,-0.2861118159260582,-0.27025808408105073,-0.07369567712269263,538,0.1961908179559822,0.5,0.0,-0.038488304588583495,-0.30527053247744207,-48.73029513,-0.17567493358090144,133.81,-0.3195786444633818,9916416,0.0,-0.6382505169420879,0.0003,0.904719889163971,1.0019997358322144,35392,-0.0166565427207388,0.2,0.02654923,0.26944580078125,111.20829391479492,57.22416305541992,-34.07506465911865
0.0,0.0,-0.0001793396617144048,-0.15271196012843316,0.0,3238,0.01,0.65,3067,0.7520896,0.0,-0.4303648638611517,-1.4311467164549908e-08,0.0,0.0,0.0003526470940818803,-0.6887418802676235,2.3835846767392597,-0.28888763208587764,-0.2702440961668968,-0.07214921558392189,539,0.19511552225252154,0.5,-1.1393198898682991e-05,-0.04078518182119948,-0.3036650112513499,-49.071395169999995,-0.17654626696572284,129.1,-0.32060975973669525,9934848,0.0,-0.6362723737854474,0.0003,0.9265503883361816,1.0020816326141357,35396,-0.017725976149085908,0.2,0.027739465,0.25360107421875,81.59142150878907,40.955284118652344,-34.07568073272705
0.0,0.0,-0.0002595797980859873,-0.14461098055621735,0.0,3244,0.01,0.65,3067,0.7516288,0.0,-0.43101613873286404,-1.3131588363798665e-08,0.0,0.0,0.00038194393144092627,-0.6649800011454324,2.401581911481325,-0.26841942988263084,-0.27005227149021765,-0.07519588852910028,540,0.19939732590350104,0.5,0.0,-0.03444045480429221,-0.30206763890670413,-46.49079811000001,-0.17690075246477688,124.49,-0.31788459506520234,9953280,0.0,-0.6338590867179087,0.0003,0.9215776324272156,1.0019384622573853,35400,-0.01617840025573969,0.2,0.025521863,0.2804443359375,90.84474601745606,44.95492935180664,-34.07772045135498
0.0,0.0,-0.0003247153178195141,-0.15364623796728552,0.0,3250,0.01,0.65,3067,0.7511680000000001,0.0,-0.43135905410605707,-1.4050201430248324e-08,0.0,0.0,0.0003776036707373957,-0.6846739341277752,2.3897844374656136,-0.2935314646294225,-0.27002020563669316,-0.07246983461298911,541,0.19501636697171232,0.5,0.0,-0.04333930888080241,-0.3055873302312449,-50.630331059999996,-0.17615410363491732,133.95,-0.3171780334969422,9971712,0.0,-0.633387141708627,0.0003,0.9082988500595093,1.0017441511154175,35404,-0.016213306807912886,0.2,0.023105022,0.244921875,100.45361442565918,54.49555969238281,-34.07333831787109
0.0,0.0,-8.626622154376443e-05,-0.15244010475655334,0.0,3256,0.01,0.65,3067,0.7507072,0.0,-0.4292592381629226,-1.4199439615254916e-08,0.0,0.0,0.00040364534167262417,-0.6805023312486687,2.3889100968966166,-0.2842052188006773,-0.2702670737304722,-0.07163991334918886,542,0.19504926725368738,0.5,0.0,-0.04066618245746979,-0.3010469202594972,-49.893689499999994,-0.17650375057201456,124.38,-0.3172472360411188,9990144,0.0,-0.6365306553475327,0.0003,0.9183758497238159,1.0019135475158691,35408,-0.0157442084280774,0.2,0.028042201,0.2620849609375,97.86797790527343,38.72871017456055,-34.0756591796875
0.0,0.0,-0.0004189407127533937,-0.15198043467330014,0.0,3262,0.01,0.65,3067,0.7502464,0.0,-0.43077738437002105,-1.4173876658089098e-08,0.0,0.0,0.00038411412000035244,-0.6899456857885582,2.3848475573234307,-0.2856957186334391,-0.2700037542291373,-0.07177792757267241,543,0.19613581840443045,0.5,-0.000286457984152043,-0.04001412297605777,-0.30541175887870614,-48.81108456,-0.17585720847236483,129.71,-0.3177157943970289,10008576,0.0,-0.637211718788261,0.0003,0.913082480430603,1.0014585256576538,35412,-0.016557470755651595,0.2,0.025219416,0.25267333984375,105.05691833496094,57.0920524597168,-34.07139644622803
0.0,0.0,-0.000497150377896783,-0.15133678009557078,0.0,3268,0.01,0.65,3067,0.7497856,0.0,-0.43034095273341466,-1.3934088793505882e-08,0.0,0.0,0.00037217829635159834,-0.6754283004770659,2.3945721619638114,-0.28572051438045704,-0.26994818061655357,-0.07373538275391751,544,0.19716443780390566,0.5,0.0,-0.04032105378614303,-0.30374741223174717,-49.29618177,-0.17701207504834057,123.4,-0.31514628520016474,10027008,0.0,-0.6364202647696934,0.0003,0.9123356342315674,1.0016698837280273,35416,-0.016203793667955324,0.2,0.026503265,0.2526611328125,103.70265998840333,45.28350830078125,-34.07066135406494
0.0,0.0,-0.0002870575444444714,-0.1515497003438717,0.0,3274,0.01,0.65,3067,0.7493248,0.0,-0.4293311134797968,-1.4472794279247377e-08,0.0,0.0,0.00036024256971561245,-0.6819673804778016,2.3990213167842276,-0.28938625922153893,-0.2699229165030663,-0.07335685149340504,545,0.19637169190233533,0.5,0.0,-0.04123726824795194,-0.3066229416351169,-47.739799860000005,-0.17596686044821194,129.44,-0.31789863773690596,10045440,0.0,-0.6354709391372327,0.0003,0.9078143835067749,1.0016794204711914,35420,-0.017454943573102354,0.2,0.026876513,0.2438232421875,108.68411865234376,53.842254638671875,-34.07267055511475
0.0,0.0,-0.0002914117409845193,-0.15367360943732983,0.0,3280,0.01,0.65,3067,0.748864,0.0,-0.43049811788454934,-1.3546470943924758e-08,0.0,0.0,0.0004318571429596179,-0.6836160082635298,2.3803718297487393,-0.28513912508021283,-0.2699580736403344,-0.07162106289201003,546,0.1964506060123321,0.5,-8.13799690351718e-06,-0.03998087642576088,-0.30284251744112867,-49.18815729999999,-0.17464744120389378,127.45,-0.3186542753717949,10063872,0.0,-0.6362901820732274,0.0003,0.9194837212562561,1.0015276670455933,35424,-0.017194914864376187,0.2,0.025266299,0.24830322265625,93.72709045410156,44.85395050048828,-34.070189476013184
0.0,0.0,-0.0004612443356814222,-0.14812280689238774,0.0,3286,0.01,0.65,3067,0.7484032,0.0,-0.4320115041505556,-1.3536408950487458e-08,0.0,0.0,0.0004329422178367774,-0.6588099611737304,2.384885767106162,-0.2709058430482944,-0.27070766597471624,-0.07413449845902635,547,0.20024364559235658,0.5,0.0,-0.03430869851760036,-0.3057563630436845,-47.24128901,-0.17714600059893035,125.15,-0.3148207540086457,10082304,0.0,-0.6297769002921887,0.0003,0.9024661779403687,1.0014350414276123,35428,-0.016553662344813348,0.2,0.027962023,0.265625,113.69011268615722,56.583251953125,-34.06903705596924
0.0,0.0,-0.0013305073152980896,-0.1501338380806316,0.0,3292,0.01,0.65,3067,0.7479424,0.0,-0.43351492485098236,-1.443057713224664e-08,0.0,0.0,0.00044270783352355164,-0.6724380539324074,2.395134713349873,-0.28663839226325066,-0.27050816229633967,-0.07344000987952778,548,0.19969253527005798,0.5,0.0,-0.039702650026454345,-0.30576439887609,-48.00401583,-0.17710807455350394,127.59,-0.3138282905004104,10100736,0.0,-0.6386197572668856,0.0003,0.8893572092056274,1.0018255710601807,35432,-0.018418273772113025,0.2,0.026172962,0.25150146484375,123.58725395202637,67.83097839355469,-34.07061080932617
0.0,0.0,-0.00024175716220576073,-0.15041996910004932,0.0,3298,0.01,0.65,3067,0.7474816,0.0,-0.42532955926726124,-1.4010817870209142e-08,0.0,0.0,0.00043402728301266,-0.6747161526084671,2.387280447377386,-0.2864868643677671,-0.27055283609133657,-0.07365090609703556,549,0.19757799618568414,0.5,0.0,-0.040062518340348456,-0.30200697817418526,-47.72683552999999,-0.17602031160300458,125.32,-0.31704200229993496,10119168,0.0,-0.6352443531101475,0.0003,0.9204515218734741,1.0019681453704834,35436,-0.0171103265369311,0.2,0.026134497,0.2312255859375,88.8552921295166,37.58053970336914,-34.075560569763184
0.0,0.0,-0.00034665525658586,-0.14806678164520087,0.0,3304,0.01,0.65,3068,0.7470208,0.0,-0.43043064124507524,-1.4065585778032067e-08,0.0,0.0,0.00038628423094956414,-0.6669491640637747,2.407981721256635,-0.28838917949589665,-0.27036657845175877,-0.07426303353294848,550,0.19927751277802278,0.5,0.0,-0.03915735058691196,-0.30558155124976555,-45.23823356,-0.17526345726058845,135.45,-0.3112726492021075,10137600,0.0,-0.6429020777364299,0.0003,0.9066094160079956,1.0018829107284546,35440,-0.017918337509036063,0.2,0.02498526,0.26680908203125,108.37878379821777,46.2887077331543,-34.07461032867432
0.0,0.0,-0.0005710546717459796,-0.15411244020808504,0.0,3310,0.01,0.65,3068,0.74656,0.0,-0.4292350189582541,-1.3773320137898489e-08,0.0,0.0,0.00046549422161964077,-0.6686794997983617,2.3799368115338653,-0.2780259448904347,-0.27048906515445953,-0.07370071407970913,551,0.19890630011956068,0.5,0.0,-0.03848970168189511,-0.3027105786026656,-48.409056280000016,-0.17682723735277994,123.73,-0.31508004815344626,10156032,0.0,-0.6339767670564368,0.0003,0.9349998831748962,1.0018771886825562,35444,-0.017753180162981153,0.2,0.030446794,0.27923583984375,74.95958003997802,34.61216354370117,-34.075185012817386
0.0,0.0,-0.0005161075968366205,-0.15235678080960544,0.0,3316,0.01,0.65,3068,0.7460992,0.0,-0.4350198862128968,-1.4360560843563177e-08,0.0,0.0,0.0003993050615665399,-0.6775343159321978,2.3974503259859516,-0.29932017116693443,-0.2704536335500711,-0.07144749181996662,552,0.19781582081644825,0.5,0.0,-0.04381198460901159,-0.3073495308619032,-46.52012677,-0.17584937224927671,135.13,-0.3156265084179426,10174464,0.0,-0.6360382376547573,0.0003,0.9056646823883057,1.0019443035125732,35448,-0.01542376991128549,0.2,0.034084544,0.301171875,108.4376277923584,49.7308349609375,-34.076470947265626
0.0,0.0,-0.00040355392662676866,-0.14902417916886904,0.0,3322,0.01,0.65,3068,0.7456384,0.0,-0.4291548007287548,-1.3456297733517093e-08,0.0,0.0,0.0003895394555810425,-0.6796423467410799,2.391815684865534,-0.28075152052417773,-0.2702242825037924,-0.07352785971785919,553,0.19787940696270756,0.5,0.0,-0.03779438748048899,-0.30315631409864796,-45.31794730000001,-0.17610461156561438,128.24,-0.31611013948389177,10192896,0.0,-0.6356868612967065,0.0003,0.9356553554534912,1.001068353652954,35452,-0.016576332924887537,0.2,0.026838277,0.26566162109375,76.08958930969239,35.88274383544922,-34.06662731170654
0.0,0.0,-0.0001536854483833598,-0.15295000745106938,0.0,3328,0.01,0.65,3068,0.7451776,0.0,-0.4344323773850347,-1.4482904560744795e-08,0.0,0.0,0.00041775126656931307,-0.6937791983542642,2.3861669847101394,-0.30148909181510936,-0.2703898486660552,-0.0719441577800944,554,0.19575627026331655,0.5,0.0,-0.0443659836354184,-0.30760018458330524,-51.16762878,-0.17489005604720442,134.07,-0.31499089643559786,10211328,0.0,-0.6347464731790614,0.0003,0.9146514534950256,1.0010136365890503,35456,-0.014443945197854191,0.2,0.02445965,0.255029296875,99.31442260742188,52.155941009521484,-34.05992412567139
0.0,0.0,-8.912396042270683e-05,-0.15716197310481503,0.0,3334,0.01,0.65,3068,0.7447168,0.0,-0.43167548224227076,-1.4960118936689645e-08,0.0,0.0,0.000415581126516271,-0.6937724179215935,2.383462592145529,-0.2949920935043328,-0.27006805372019416,-0.07318204601110631,555,0.19559691080083985,0.5,-0.00017632355189157857,-0.04420050039055008,-0.30646563015369555,-52.618956960000006,-0.17613501359222114,125.6,-0.31593076732859293,10229760,0.0,-0.6330722761368119,0.0003,0.9198573231697083,1.0010063648223877,35460,-0.017163760669063777,0.2,0.02209648,0.2070556640625,94.73032035827637,49.62113571166992,-34.0614933013916
0.0,0.0,-0.00018502444365103504,-0.15097004535852726,0.0,3340,0.01,0.65,3068,0.744256,0.0,-0.4260361511314126,-1.441976907475803e-08,0.0,0.0,0.0003938797162845731,-0.6822618392452957,2.401274318616234,-0.29874341227937057,-0.2701615162403573,-0.07302529154282204,556,0.19676018828992986,0.5,0.0,-0.04286056400242767,-0.30517277018575856,-48.48296148,-0.17436873898236616,134.02,-0.3153765410168417,10248192,0.0,-0.6373201282866544,0.0003,0.9150020480155945,1.001297950744629,35464,-0.01779471291229129,0.2,0.028712356,0.26690673828125,102.7870994567871,42.73508834838867,-34.06520595550537
0.0,0.0,-0.00030045335541438564,-0.14967115591209826,0.0,3346,0.01,0.65,3068,0.7437952,0.0,-0.4284423795236659,-1.373450434273864e-08,0.0,0.0,0.00034939187915167876,-0.6724448476510632,2.379012655954725,-0.2795085908463591,-0.2704453005104951,-0.074596768884559,557,0.19638185673145847,0.5,-1.1393198898682991e-05,-0.03793111416510057,-0.30159401723312174,-48.16753361000001,-0.17531162263804062,125.8,-0.3177202778373039,10266624,0.0,-0.6368070086044899,0.0003,0.9217318892478943,1.0018506050109863,35468,-0.015979665517807006,0.2,0.027614158,0.25181884765625,93.2458366394043,45.88103485107422,-34.072669410705565
0.0,0.0,-0.00022287320983947986,-0.15334904561666987,0.0,3352,0.01,0.65,3068,0.7433344,0.0,-0.42559441475219456,-1.4402252545299793e-08,0.0,0.0,0.0004242616382220553,-0.6845003380684453,2.381320167894068,-0.2882865095275648,-0.2701779805928075,-0.07445673763795307,558,0.19485506852473827,0.5,0.0,-0.041126746198025366,-0.30299718993844205,-50.634153260000005,-0.1747272347986063,123.79,-0.3177161359122928,10285056,0.0,-0.6305651718309319,0.0003,0.9006552696228027,1.0015358924865723,35472,-0.01769072919851169,0.2,0.026186952,0.254150390625,113.74472694396972,68.34564971923828,-34.0697717666626
0.0,0.0,-0.0002872965291593674,-0.15148673752799727,0.0,3358,0.01,0.65,3068,0.7428736,0.0,-0.4288419429863497,-1.4468409612917136e-08,0.0,0.0,0.00039496478146045573,-0.6894839138091449,2.394654533556258,-0.29282741498398723,-0.2703385878821296,-0.07335601398623767,559,0.19663513187924375,0.5,0.0,-0.04170373493572347,-0.30447399767091654,-50.37956749,-0.17457621962660114,128.04,-0.318524602543411,10303488,0.0,-0.6281864632073867,0.0003,0.9011607766151428,1.0013375282287598,35476,-0.017364833527244626,0.2,0.025987376,0.26807861328125,115.35030860900879,53.78120040893555,-34.06657047271729
0.0,0.0,-0.00017845996722286894,-0.15400681202573335,0.0,3363,0.01,0.65,3068,0.7424128,0.0,-0.4243310917741629,-1.468845614838608e-08,0.0,0.0,0.0003417964423230539,-0.69758187906155,2.38615867870025,-0.29742296439244137,-0.27039022897677134,-0.07419922743546253,560,0.19371718612617606,0.5,0.0,-0.044445795678192776,-0.3036128872661272,-51.93476732000001,-0.17413253988179964,125.55,-0.32051420662160424,10321920,0.0,-0.6310592923109379,0.0003,0.9101762771606445,1.0016502141952515,35480,-0.01633576287422329,0.2,0.02647082,0.25654296875,104.5088996887207,58.11764144897461,-34.07089138031006
0.0,0.0,-0.0006837198094250528,-0.15558783053082115,0.0,3369,0.01,0.65,3068,0.741952,0.0,-0.4339677050519943,-1.4770835758169922e-08,0.0,0.0,0.00039170960533536144,-0.68811528252774,2.4017528165223165,-0.29418200630832736,-0.2704796465370412,-0.07489989855497901,561,0.19681747197531418,0.5,0.0,-0.042695174132901234,-0.3084605852638881,-48.05191275999999,-0.1758882983580253,135.13,-0.31598315019637563,10340352,0.0,-0.634939980621022,0.0003,0.9058764576911926,1.001267910003662,35484,-0.01573723417241126,0.2,0.024642173,0.24097900390625,113.4627182006836,53.552528381347656,-34.0691520690918
0.0,0.0,-0.00019573981635706217,-0.15246692111888807,0.0,3375,0.01,0.65,3068,0.7414912,0.0,-0.4257727730412224,-1.4625459099593162e-08,0.0,0.0,0.00036132765429404873,-0.6870301986755225,2.3826209302065497,-0.2954624252011087,-0.270677384772497,-0.07408970101081949,562,0.1950994363271296,0.5,0.0,-0.04304708965764741,-0.3028762154158643,-45.342487070000004,-0.17379388460704223,131.78,-0.3164043684431934,10358784,0.0,-0.6287665116737166,0.0003,0.9354480504989624,1.0013008117675781,35488,-0.017229990259511396,0.2,0.024304109,0.19312744140625,72.58677825927734,31.791934967041016,-34.066985321044925
0.0,0.0,-0.0007886603667655681,-0.15506800926143507,0.0,3381,0.01,0.65,3068,0.7410304,0.0,-0.4318994104417685,-1.4882308266222901e-08,0.0,0.0,0.0003949648105642862,-0.7018308381070332,2.398072506949299,-0.2985442720122052,-0.2701959946764986,-0.07241320515360068,563,0.19539751618922677,0.5,-1.6275961469444965e-06,-0.043914695685896704,-0.30880280885337796,-51.02112807,-0.17420274034856528,130.11,-0.3187125518752697,10377216,0.0,-0.6325780764065869,0.0003,0.9111791253089905,1.0016201734542847,35492,-0.015968383802101017,0.2,0.025828918,0.271923828125,108.9378818511963,55.94744873046875,-34.07215881347656
0.0,0.0,-0.0007309542592109817,-0.15639703011915665,0.0,3387,0.01,0.65,3068,0.7405695999999999,0.0,-0.429095574296398,-1.4182677778751133e-08,0.0,0.0,0.00039713494091605145,-0.6974900478818831,2.376826369923502,-0.2988582200927926,-0.270093057838749,-0.0730762004465355,564,0.19607572351987337,0.5,-1.3020795045627488e-05,-0.04516901948874708,-0.30473873529616186,-51.86719990999999,-0.1751741058484991,131.27,-0.3182876020100632,10395648,0.0,-0.6354547768883412,0.0003,0.918630838394165,1.0016939640045166,35496,-0.018856047000736,0.2,0.02226453,0.22431640625,99.26084632873535,44.084842681884766,-34.07330493927002
0.0,0.0,-0.000602010930606587,-0.15147170258947487,0.0,3393,0.01,0.65,3068,0.7401088,0.0,-0.4319115998820719,-1.4534805223185197e-08,0.0,0.0,0.0003862842600533946,-0.6813468730033158,2.3975235798153745,-0.29569874583224975,-0.270937465042782,-0.07359706879797792,565,0.19688009213439633,0.5,0.0,-0.04196806444661663,-0.30640062708817856,-48.31631084,-0.17545123181152877,135.58,-0.3146754915480299,10414080,0.0,-0.629868805913099,0.0003,0.9097365140914917,1.0012028217315674,35500,-0.017823709012009203,0.2,0.022321185,0.221826171875,112.04323654174804,57.29206466674805,-34.067594337463376
0.0,0.0,-0.0007493574217558798,-0.153632200620493,0.0,3399,0.01,0.65,3068,0.7396480000000001,0.0,-0.425277641634737,-1.4009960689112781e-08,0.0,0.0,0.00036132762519021827,-0.6845276640572822,2.374266107372193,-0.28351061255669957,-0.2700526422623237,-0.0737506568402334,566,0.1964564914558104,0.5,0.0,-0.04008153600217215,-0.30074029550314424,-51.584660520000014,-0.1755609457332516,118.53,-0.3201629516565976,10432512,0.0,-0.6302601090587224,0.0003,0.9230805039405823,1.0014164447784424,35504,-0.017562628095038234,0.2,0.030457163,0.26436767578125,91.44870834350586,41.94340133666992,-34.06821556091309
0.0,0.0,-0.0006132424882612,-0.1545226148968547,0.0,3405,0.01,0.65,3068,0.7391871999999999,0.0,-0.4292146904579184,-1.4541662623704454e-08,0.0,0.0,0.0003548172244336456,-0.6883490620686565,2.388710915031631,-0.29773163095060773,-0.27047437729267626,-0.07518800267595788,567,0.19593128214555425,0.5,0.0,-0.04282720891359035,-0.3060416282666613,-47.71589376,-0.17476918076525902,132.68,-0.3169319322572359,10450944,0.0,-0.6317498846785832,0.0003,0.8939288258552551,1.0014727115631104,35508,-0.016137929074466227,0.2,0.027615402,0.2513916015625,126.71304016113281,60.43853759765625,-34.069750022888186
0.0,0.0,-0.0004437373246906854,-0.14941652846933262,0.0,3411,0.01,0.65,3068,0.7387264,0.0,-0.42860726747397654,-1.3612230796186579e-08,0.0,0.0,0.0003461366836240308,-0.6523284688759238,2.3814186268077666,-0.2732164601013125,-0.2702420321552801,-0.07459447212194732,568,0.20032124092413794,0.5,0.0,-0.03485305554949794,-0.303200840462557,-45.85172877,-0.1760920849057698,119.1,-0.3136028099876043,10469376,0.0,-0.6299525363149883,0.0003,0.9166480302810669,1.0019769668579102,35512,-0.01789318323135376,0.2,0.02667426,0.23792724609375,100.71923713684082,46.911720275878906,-34.075073051452634
0.0,0.0,-0.0006881152118840682,-0.15439819200557603,0.0,3417,0.01,0.65,3068,0.7382656000000001,0.0,-0.43369327712278266,-1.4919840378036008e-08,0.0,0.0,0.00034830684307962656,-0.6933789937501904,2.4130318006549523,-0.3100968038281924,-0.2705606684724765,-0.07171553571607707,569,0.19600659845623256,0.5,0.0,-0.046305230363017404,-0.309227007141222,-45.661221620000006,-0.1749153736449976,139.51,-0.31622409864310447,10487808,0.0,-0.6301358565548132,0.0003,0.8834645748138428,1.0018112659454346,35516,-0.015053625660948455,0.2,0.021191295,0.2322265625,130.66433029174806,63.58759307861328,-34.07560710906982
0.0,0.0,-0.0002452242405394226,-0.1547056578741536,0.0,3423,0.01,0.65,3068,0.7378047999999999,0.0,-0.4358612237253604,-1.4729884609272463e-08,0.0,0.0,0.0003352859930600971,-0.6933720732655217,2.393655333014296,-0.3020785336625513,-0.2705927145896055,-0.07204595107939701,570,0.19635565086444567,0.5,0.0,-0.04471399367829721,-0.30934760262336286,-47.81988124,-0.17598020006329834,133.86,-0.31702294282367915,10506240,0.0,-0.6257502396156545,0.0003,0.935802161693573,1.0023930072784424,35520,-0.016564941918477415,0.2,0.026644703,0.24002685546875,78.0350341796875,39.039756774902344,-34.078584861755374
0.0,0.0,-0.0004141186774255131,-0.1527347193076984,0.0,3429,0.01,0.65,3068,0.737344,0.0,-0.432279977649637,-1.4572518644762457e-08,0.0,0.0,0.0003678380841544519,-0.6893919246145858,2.398493912427826,-0.3024346335917601,-0.2710313611110624,-0.07361689082450464,571,0.19805379128492817,0.5,0.0,-0.043467649015178446,-0.3103208660620244,-48.07175873000001,-0.1757620331034237,130.39,-0.31847702485312807,10524672,0.0,-0.6265966347511273,0.0003,0.9338293075561523,1.002018928527832,35524,-0.01567493602633476,0.2,0.031221787,0.2832275390625,80.35848007202148,32.592227935791016,-34.077162742614746
0.0,0.0,-0.0005210349163525522,-0.15347736774726697,0.0,3435,0.01,0.65,3068,0.7368832000000001,0.0,-0.4310229986572167,-1.4343261101916148e-08,0.0,0.0,0.0003526470940818803,-0.6770710493660906,2.3869767237947617,-0.2911112787994936,-0.27088359935281825,-0.07396121407598674,572,0.1981419146889106,0.5,0.0,-0.04146771024585774,-0.3034506516721327,-49.53584911000001,-0.17532261963428586,123.59,-0.31798310222377124,10543104,0.0,-0.629904394371739,0.0003,0.9230645895004272,1.0016582012176514,35528,-0.015826346608810125,0.2,0.025137415,0.25074462890625,96.16890983581543,44.877296447753906,-34.0713451385498
0.0,0.0,-0.00039701517203402566,-0.1533537710560211,0.0,3441,0.01,0.65,3068,0.7364223999999999,0.0,-0.43530822269226255,-1.472834592985537e-08,0.0,0.0,0.0003559023284146355,-0.6847538411211019,2.3860700473094827,-0.29602424912022945,-0.2706519458518182,-0.07214735333620252,573,0.1977668352677462,0.5,0.0,-0.04152114887046181,-0.30879887912394566,-49.996171669999995,-0.17595941070223003,128.18,-0.31617551319118475,10561536,0.0,-0.6257917316977761,0.0003,0.9057619571685791,1.0015997886657715,35532,-0.01787834201240912,0.2,0.023622517,0.2217041015625,113.97396697998047,60.17499923706055,-34.070746421813965
0.0,0.0,-0.0003462994545483606,-0.15252489166818306,0.0,3447,0.01,0.65,3068,0.7359616,0.0,-0.4317287980896423,-1.450581624176103e-08,0.0,0.0,0.00033962630227001175,-0.6841272470663685,2.4073603246259494,-0.29890617209344594,-0.2704887235778471,-0.07342337656859271,574,0.19939749580615654,0.5,0.0,-0.04249123367732349,-0.3064465923808236,-44.82141726,-0.17489496182802367,135.28,-0.3178983080052784,10579968,0.0,-0.6259008280718352,0.0003,0.9172474145889282,1.0013889074325562,35536,-0.017912945756688715,0.2,0.02267153,0.22138671875,102.72170715332031,47.451683044433594,-34.07006607055664
0.0,0.0,-0.00030057738449811787,-0.1541958710854484,0.0,3453,0.01,0.65,3068,0.7355008000000001,0.0,-0.43329362615029277,-1.484562128927322e-08,0.0,0.0,0.000323350276125388,-0.7013162795998826,2.3956293033718885,-0.30934931089903583,-0.270816429690159,-0.07360762759942961,575,0.19435097080822972,0.5,0.0,-0.04537681293701227,-0.3063360083769271,-51.06161744,-0.17438122329993255,131.09,-0.3176238789839257,10598400,0.0,-0.6287367489522355,0.0003,0.922157347202301,1.0015984773635864,35540,-0.01703852742211893,0.2,0.024082527,0.2409423828125,96.85552864074707,45.634544372558594,-34.07187061309814
0.0,0.0,-0.00043580621036878983,-0.1535112556619982,0.0,3459,0.01,0.65,3069,0.73504,0.0,-0.4314360922965897,-1.4289498109257205e-08,0.0,0.0,0.0003515620386072745,-0.6938321985701894,2.404046588941922,-0.3040916468275145,-0.27049969991742295,-0.073519282328876,576,0.19651101701902518,0.5,-3.2551955276479325e-06,-0.04460066777654956,-0.3062215474576438,-48.16123874,-0.17576619246572045,136.67,-0.31500185511429285,10616832,0.0,-0.6277534234953827,0.0003,0.9183855652809143,1.0017508268356323,35544,-0.016183186182752253,0.2,0.02265935,0.21190185546875,99.40020904541015,40.329437255859375,-34.07409801483154
0.0,0.0,-0.0012244941681177615,-0.15008781069953833,0.0,3465,0.01,0.65,3069,0.7345792,0.0,-0.43845376735049313,-1.4142833382311149e-08,0.0,0.0,0.0004025602667954647,-0.6546254292178557,2.3764728418326326,-0.27847533366720995,-0.2705963369321871,-0.07414056802084665,577,0.20035304941686025,0.5,0.0,-0.035526392665993764,-0.3069004293899351,-47.45228538000001,-0.1763785144225442,124.69,-0.3137786345927012,10635264,0.0,-0.6249729345334056,0.0003,0.940208375453949,1.0023397207260132,35548,-0.016806764574721456,0.2,0.029379115,0.2628173828125,74.73781623840333,32.13037872314453,-34.07907695770264
0.0,0.0,-0.000449392937977003,-0.15185636067603858,0.0,3471,0.01,0.65,3069,0.7341184000000001,0.0,-0.4322747803400156,-1.40709378375076e-08,0.0,0.0,0.0003645828498216967,-0.6711050324383296,2.4027951702377965,-0.29044365482055096,-0.27051425916967575,-0.07465836575931133,578,0.20045374411439293,0.5,0.0,-0.04038761006969261,-0.3054841586329026,-44.27027886,-0.17652951260618605,135.15,-0.31384948940603175,10653696,0.0,-0.6286821127833718,0.0003,0.8902439475059509,1.0018832683563232,35552,-0.015676391241140664,0.2,0.02411226,0.27352294921875,131.569176864624,62.77590560913086,-34.07748985290527
0.0,0.0,-0.0006749047252948982,-0.15504797674823292,0.0,3477,0.01,0.65,3069,0.7336576,0.0,-0.4329325470116559,-1.465688694474062e-08,0.0,0.0,0.0003483068333783497,-0.6835603692165019,2.3971055975098277,-0.30482212226651656,-0.27076214088122197,-0.07235522301018454,579,0.1961677303841619,0.5,0.0,-0.04433010408438463,-0.30665812146650606,-45.16149598999999,-0.17527440744278644,138.61,-0.31575789015874545,10672128,0.0,-0.6231829399870209,0.0003,0.9204261302947998,1.0017471313476562,35556,-0.016163460549432785,0.2,0.024716284,0.21767578125,93.9285514831543,44.954647064208984,-34.07390441894531
0.0,0.0,-0.00037713971995340345,-0.15880557475880233,0.0,3483,0.01,0.65,3069,0.7331968,0.0,-0.4319738191862015,-1.5064998497979357e-08,0.0,0.0,0.00035915747543589934,-0.6881782239682386,2.4051434785062593,-0.3042583921309439,-0.2712148137284739,-0.07671392819554691,580,0.19715716720120766,0.5,0.0,-0.046181175961509176,-0.30431158510625006,-46.1427961,-0.1759795621718999,138.86,-0.3125596954919048,10690560,0.0,-0.623826106657855,0.0003,0.9328053593635559,1.0016427040100098,35560,-0.018575059052091093,0.2,0.029154692,0.28328857421875,85.28499183654785,41.34239196777344,-34.07281341552734
0.0,0.0,-0.0006779084309370576,-0.15361373930277963,0.0,3489,0.01,0.65,3069,0.732736,0.0,-0.43634501857597946,-1.4297788761213161e-08,0.0,0.0,0.00033962624406235083,-0.6950013296205063,2.3880885567758003,-0.3019145283117334,-0.2709125169993968,-0.07283051895365705,581,0.1948686763481976,0.5,0.0,-0.044083550686338825,-0.30374845250311094,-50.39635214,-0.174986695376406,132.34,-0.31541769449130547,10708992,0.0,-0.6256407063504499,0.0003,0.9428789615631104,1.0019503831863403,35564,-0.016544295265339314,0.2,0.029229831,0.2940673828125,73.85545272827149,37.963706970214844,-34.073666381835935
0.0,0.0,-0.0002836279180460376,-0.15651222417217545,0.0,3495,0.01,0.65,3069,0.7322752,0.0,-0.4316019173881143,-1.4766841268947426e-08,0.0,0.0,0.0003569873644866877,-0.6884816314306773,2.3813371689324687,-0.2944767049613973,-0.2712088561289645,-0.07396360238338576,582,0.19507617131730962,0.5,0.0,-0.043233870719109245,-0.3016121884415812,-51.397384659999986,-0.1755726072421709,125.68,-0.31624044374600135,10727424,0.0,-0.6212832584694606,0.0003,0.9133092761039734,1.0017091035842896,35568,-0.0158776264404878,0.2,0.030984277,0.27884521484375,106.40128936767579,48.53949737548828,-34.07364063262939
0.0,0.0,-0.0005253794088834539,-0.1553090117126816,0.0,3501,0.01,0.65,3069,0.7318144,0.0,-0.43763207906731083,-1.4884055448527605e-08,0.0,0.0,0.00039170962473791506,-0.6945118159807288,2.3942480727787903,-0.3042229685381758,-0.27049639075900317,-0.0705202505971671,583,0.19711652715890732,0.5,0.0,-0.04442910406042991,-0.30721060690533375,-49.532752259999995,-0.17497084018770767,133.0,-0.31630063324897495,10745856,0.0,-0.6264432005178331,0.0003,0.914585292339325,1.0013498067855835,35572,-0.017364764504600318,0.2,0.023883376,0.22105712890625,106.23428382873536,51.9660758972168,-34.0685977935791
0.0,0.0,-0.00042312888310123715,-0.15278730573956498,0.0,3507,0.01,0.65,3069,0.7313536,0.0,-0.44361159004132117,-1.4061450850939393e-08,0.0,0.0,0.0003851991851762351,-0.6765937670883029,2.3949893299736966,-0.2990031229357531,-0.2711165626864507,-0.0714508472450269,584,0.19851527105129868,0.5,0.0,-0.04056851345323084,-0.31171542480434206,-48.13995497999999,-0.1766725349525503,134.16,-0.3129866959146057,10764288,0.0,-0.6239524092138624,0.0003,0.9239053130149841,1.001533031463623,35576,-0.01783931569661945,0.2,0.032390803,0.27833251953125,94.63457527160645,42.27919006347656,-34.067273902893064
0.0,0.0,-0.00027562681476279505,-0.15460819158247358,0.0,3513,0.01,0.65,3069,0.7308928,0.0,-0.4369384261104438,-1.4810124066363951e-08,0.0,0.0,0.00035481723413492244,-0.6925674749720473,2.4035427879012503,-0.3122177626223641,-0.2711064553366079,-0.07150301164171685,585,0.19858201336769682,0.5,0.0,-0.04550804451770246,-0.3103122898332449,-44.608774980000014,-0.17529957060545434,142.83,-0.31348367766937035,10782720,0.0,-0.6270870690645304,0.0003,0.920339047908783,1.0017132759094238,35580,-0.016625741403549908,0.2,0.025726661,0.24552001953125,94.29591217041016,47.56761169433594,-34.06951732635498
0.0,0.0,-0.0004904940000551027,-0.15066965683894856,0.0,3518,0.01,0.65,3069,0.730432,0.0,-0.4376777763686683,-1.40014991075689e-08,0.0,0.0,0.0003851991851762351,-0.6720234051044197,2.389639083125894,-0.2917874611110439,-0.2711171102333762,-0.07321564398411036,586,0.1997808569984496,0.5,0.0,-0.03908349193896013,-0.30868261803038916,-46.83471872,-0.1754628369632238,129.34,-0.310377523601531,10801152,0.0,-0.624909679182743,0.0003,0.9452490210533142,1.0013985633850098,35584,-0.0162437641993165,0.2,0.029444724,0.2588623046875,67.2951234817505,30.717683792114258,-34.068177223205566
0.0,0.0,-0.0014910034737647038,-0.15439360148427933,0.0,3524,0.01,0.65,3069,0.7299712,0.0,-0.43378852599892714,-1.4537364379855598e-08,0.0,0.0,0.0004036453222700705,-0.674228953624538,2.392329822875427,-0.2968384862087693,-0.27097748731026167,-0.0732821386186381,587,0.20068661381958108,0.5,0.0,-0.04167259798105494,-0.3057405821291051,-45.57012350000001,-0.17577115862157502,130.45,-0.3075267047910029,10819584,0.0,-0.6275739199112377,0.0003,0.916035532951355,1.0014269351959229,35588,-0.01708005236578174,0.2,0.026361564,0.26480712890625,101.27430114746093,48.49375915527344,-34.06731948852539
0.0,0.0,-0.000137020377224854,-0.15502434655570216,0.0,3530,0.01,0.65,3069,0.7295104,0.0,-0.4349090746764008,-1.4814878828205105e-08,0.0,0.0,0.00035264712318571075,-0.6782682971882923,2.399199412694387,-0.30185598043431117,-0.2708755734650128,-0.0739089894137363,588,0.19917619792717248,0.5,0.0,-0.04341051312845144,-0.3067702176563252,-45.90816643,-0.17549496315600024,135.23,-0.31093422700632706,10838016,0.0,-0.6252163832459305,0.0003,0.9158725142478943,1.0016849040985107,35592,-0.0172922529396601,0.2,0.027865112,0.24842529296875,106.98496208190917,53.1251220703125,-34.07025833129883
0.0,0.0,-0.00028259030324017585,-0.15765798697098204,0.0,3536,0.01,0.65,3069,0.7290496,0.0,-0.4387880839233089,-1.5028759387852874e-08,0.0,0.0,0.00036675299957601563,-0.6779225322572535,2.388797360059416,-0.3017717178606042,-0.27114994231810124,-0.0725209354109701,589,0.19739690388829148,0.5,0.0,-0.04392132859000834,-0.30831050512156916,-49.05249529999999,-0.17571101162690347,131.61,-0.3122023487851629,10856448,0.0,-0.626198627969993,0.0003,0.9186023473739624,1.0016849040985107,35596,-0.01714903876418248,0.2,0.027692473,0.25029296875,101.22322731018066,51.94239807128906,-34.07045783996582
0.0,0.0,-0.00044104435429687426,-0.15861854733098424,0.0,3542,0.01,0.65,3069,0.7285888,0.0,-0.43568136668439805,-1.5050622531301213e-08,0.0,0.0,0.00040473042625106044,-0.6867988080897057,2.3803583508474078,-0.3049771307029978,-0.2712279875913662,-0.07199604957600425,590,0.1991077143741261,0.5,0.0,-0.04471607472237725,-0.30897873938408593,-48.972577460000004,-0.17470599985758148,131.55,-0.31299570390836046,10874880,0.0,-0.6210031118392096,0.0003,0.9187543988227844,1.0015909671783447,35600,-0.016770830494351685,0.2,0.027043473,0.25377197265625,102.05733222961426,48.74174499511719,-34.069632339477536
0.0,0.0,-0.00040710702005612227,-0.15447341073285445,0.0,3548,0.01,0.65,3069,0.728128,0.0,-0.4377744480884539,-1.4667766746771744e-08,0.0,0.0,0.00036349780404836766,-0.6771600905195052,2.3994628825383177,-0.29817419132042994,-0.2711787939316269,-0.07212377747915022,591,0.19859375848633753,0.5,0.0,-0.0426270476670884,-0.30635783480627315,-46.601971160000005,-0.17530932083954986,133.23,-0.31284557285779635,10893312,0.0,-0.6207918960511223,0.0003,0.9202865362167358,1.0015127658843994,35604,-0.016892884112894534,0.2,0.026174005,0.24859619140625,98.35578193664551,49.012203216552734,-34.06895866394043
0.0,0.0,-0.0005525863143626775,-0.1581044125407173,0.0,3554,0.01,0.65,3069,0.7276672,0.0,-0.4399570456261668,-1.4848609416714264e-08,0.0,0.0,0.000407985641181262,-0.6771969240357718,2.398952571535453,-0.29949586994503163,-0.27127941693850155,-0.07018342607115136,592,0.2012601365553597,0.5,-3.580722194682393e-05,-0.04268991397951874,-0.30810656104744505,-45.37735667,-0.1751143545905809,139.21,-0.3096271492168181,10911744,0.0,-0.6231766628088394,0.0003,0.9181666374206543,1.0016698837280273,35608,-0.016686994093470277,0.2,0.027469266,0.271435546875,97.55754432678222,45.44355392456055,-34.07062397003174
0.0,0.0,-0.00017577505297932904,-0.1587220114489189,0.0,3560,0.01,0.65,3069,0.7272064,0.0,-0.43824240422223126,-1.4536897264893945e-08,0.0,0.0,0.0004416227877502226,-0.6704152551029519,2.383751407978395,-0.29616756185485515,-0.2713912770204506,-0.07126184845073026,593,0.19947199442911556,0.5,0.0,-0.042416006978178586,-0.30744608612648044,-45.65537362999999,-0.17567763466263137,132.71,-0.3089720093623104,10930176,0.0,-0.6205790695056816,0.0003,0.9251742362976074,1.0021188259124756,35612,-0.01586765793617815,0.2,0.027967487,0.25616455078125,96.54391517639161,50.329978942871094,-34.07601528167724
0.0,0.0,-0.0003586580244828385,-0.15320804444807473,0.0,3566,0.01,0.65,3069,0.7267456,0.0,-0.43593582572864625,-1.523720195707896e-08,0.0,0.0,0.00036783812295955914,-0.6810457527925604,2.4206205484126966,-0.3070806951914584,-0.2712062415735254,-0.0713559586314678,594,0.1996225342369173,0.5,0.0,-0.043722328597761935,-0.31017554253404916,-40.07756580000001,-0.17540578095328213,146.46,-0.30980399633057293,10948608,0.0,-0.6168397419055499,0.0003,0.9170856475830078,1.0022311210632324,35616,-0.0172569211688824,0.2,0.025129568,0.24102783203125,105.96084594726562,59.141483306884766,-34.07996807098389
0.0,0.0,-0.00031930708621553423,-0.15541761163787637,0.0,3572,0.01,0.65,3069,0.7262848,0.0,-0.4403708411358722,-1.465771200718247e-08,0.0,0.0,0.0003917096150366382,-0.6591401725284808,2.398151244006714,-0.2993175951948851,-0.27127873243969114,-0.07202158072245228,595,0.20226021946517542,0.5,0.0,-0.04216742451416722,-0.30912575470645837,-41.42446191999999,-0.17569314427541916,140.21,-0.3057806942039059,10967040,0.0,-0.6202395289798521,0.0003,0.9494519233703613,1.0019994974136353,35620,-0.01746398532995954,0.2,0.02839933,0.2556640625,61.81991882324219,33.97127151489258,-34.075876998901364
0.0,0.0,-0.0003881597500330234,-0.15208460117512748,0.0,3578,0.01,0.65,3069,0.725824,0.0,-0.4354648128055009,-1.4401694660323072e-08,0.0,0.0,0.00036566793440013297,-0.6721989672528248,2.396698131273756,-0.2977730121513918,-0.27171396554905075,-0.07436681620061218,596,0.19908458451930186,0.5,-3.2551955276479325e-06,-0.041237834019907965,-0.3043334105011482,-46.10293983999999,-0.17533481169984025,133.27,-0.31049199971190733,10985472,0.0,-0.6222529450990035,0.0003,0.9263442754745483,1.0022809505462646,35624,-0.01580595102859661,0.2,0.028157245,0.283837890625,91.11171913146973,39.428348541259766,-34.08046894073486
0.0,0.0,-0.0003741675747076452,-0.1555193036264001,0.0,3584,0.01,0.65,3069,0.7253632,0.0,-0.4341468459070887,-1.5274768071519225e-08,0.0,0.0,0.00035373219806287024,-0.6764206793374511,2.411753192031693,-0.3115851145808788,-0.2718798771003838,-0.07422962823914646,597,0.2001361151600924,0.5,-1.1393198898682991e-05,-0.04531998277821874,-0.30879271847229345,-42.96442354999999,-0.1735240656716424,139.22,-0.3095117941736783,11003904,0.0,-0.6207136676960433,0.0003,0.9276312589645386,1.0016690492630005,35628,-0.015690672770142557,0.2,0.024662375,0.24517822265625,91.6478931427002,44.744667053222656,-34.073507690429686
0.0,0.0,-0.0007323379819882928,-0.1559403704990164,0.0,3590,0.01,0.65,3069,0.7249024,0.0,-0.4379325812268848,-1.5641114276767682e-08,0.0,0.0,0.0003461367418316917,-0.6820480240540835,2.408120177383493,-0.3074098846761936,-0.27170937980530074,-0.07387037642616898,598,0.19825894669015193,0.5,0.0,-0.04513366263012971,-0.3089685694458087,-45.820510110000015,-0.1745780453232405,138.17,-0.30677426859029205,11022336,0.0,-0.6196581227702191,0.0003,0.9510563015937805,1.0020607709884644,35632,-0.014881084603257478,0.2,0.027898971,0.2810302734375,64.70984401702881,25.985965728759766,-34.07609634399414
0.0,0.0,-0.0003403376440733074,-0.1522993966212034,0.0,3596,0.01,0.65,3069,0.7244416,0.0,-0.43398688689251497,-1.5147119238017573e-08,0.0,0.0,0.00036241274857376184,-0.6728499752139495,2.3988298496488665,-0.3027320544821507,-0.2716266299487775,-0.07418745835652804,599,0.2008615249534003,0.5,0.0,-0.04245028623776951,-0.30732694669426075,-42.93751976000001,-0.17377046887339237,138.74,-0.31039372496307627,11040768,0.0,-0.6207200600038045,0.0003,0.9416263103485107,1.0022263526916504,35636,-0.015042475867085158,0.2,0.026660865,0.27083740234375,76.4756031036377,36.2384147644043,-34.08018131256104
0.0,0.0,-0.00029016929605147745,-0.1550435473882586,0.0,3602,0.01,0.65,3069,0.7239808,0.0,-0.434040076176528,-1.4966602445962023e-08,0.0,0.0,0.00036566793440013297,-0.6768199821355805,2.3916442032308343,-0.3038666882223658,-0.2713975719861519,-0.07492949568859986,600,0.19890605784951557,0.5,0.0,-0.043536560461860475,-0.3053923180209763,-47.57374979,-0.1754891375037732,131.9,-0.3091246097281359,11059200,0.0,-0.6173862273303623,0.0003,0.9398199915885925,1.0022907257080078,35640,-0.016630775143858044,0.2,0.028814396,0.27459716796875,78.67409706115723,39.194175720214844,-34.0789155960083
0.0,0.0,-0.0005610443230890466,-0.15250829225453622,0.0,3608,0.01,0.65,3069,0.7235199999999999,0.0,-0.4391231149429145,-1.5304346425412934e-08,0.0,0.0,0.0003700082630126013,-0.6774682471270768,2.3969893693091895,-0.306610630257041,-0.27158860700149834,-0.07538004038894705,601,0.20091875655803818,0.5,0.0,-0.04291532261691359,-0.31122374758850424,-46.02204374,-0.17500773828157287,135.8,-0.3065470709082054,11077632,0.0,-0.6200990466910454,0.0003,0.9244829416275024,1.002258062362671,35644,-0.015703086252324285,0.2,0.027672708,0.27529296875,101.7358512878418,55.42472839355469,-34.081795883178714
0.0,0.0,-0.00031871059576582116,-0.15635510586893653,0.0,3614,0.01,0.65,3069,0.7230592,0.0,-0.43547082357278166,-1.5420521343601783e-08,0.0,0.0,0.0003700081854023867,-0.673664359568245,2.3911670050687452,-0.3000648932427157,-0.27163037199282747,-0.07677136083475494,602,0.19919312603151906,0.5,0.0,-0.043826463357766174,-0.3035747948210965,-45.374960300000005,-0.1743865020028133,134.43,-0.30987359767089634,11096064,0.0,-0.6204729788469381,0.0003,0.927036702632904,1.002056360244751,35648,-0.017134249210357666,0.2,0.029640839,0.2838623046875,91.59742660522461,45.14195251464844,-34.07641677856445
0.0,0.0,-0.00041848737418333774,-0.15650634594242152,0.0,3620,0.01,0.65,3069,0.7225984,0.0,-0.43094592818553956,-1.507057835034718e-08,0.0,0.0,0.0003927946899137977,-0.6831125704105482,2.3874823478605665,-0.30701683143630687,-0.271494087927783,-0.07528623464153505,603,0.19740669280245,0.5,-1.5190935098669595e-05,-0.04537077712209866,-0.3050938263417362,-46.060277029999995,-0.1742182639851847,135.63,-0.31474940892249226,11114496,0.0,-0.6204004531165551,0.0003,0.925534188747406,1.0020545721054077,35652,-0.017294366599526257,0.2,0.034542505,0.3014404296875,96.20978088378907,45.08734893798828,-34.077986335754396
0.0,0.0,-0.0005377377810442225,-0.15405066999916533,0.0,3626,0.01,0.65,3069,0.7221375999999999,0.0,-0.43480940114957994,-1.5413393596176847e-08,0.0,0.0,0.0003493919082555092,-0.6636787917510806,2.3997110624577953,-0.30301247075841836,-0.27177878146013673,-0.07622374295093985,604,0.2008686258310368,0.5,0.0,-0.04297042514117541,-0.3098132234880823,-44.0658919,-0.1740931889005759,137.99,-0.307074880511075,11132928,0.0,-0.6176320458950749,0.0003,0.9229252338409424,1.0019245147705078,35656,-0.015685026126448065,0.2,0.026886906,0.26654052734375,99.38723220825196,43.43583679199219,-34.07584819793701
0.0,0.0,-0.0002953862882762587,-0.15752747642118547,0.0,3632,0.01,0.65,3069,0.7216768,0.0,-0.433143791838584,-1.5562544359774166e-08,0.0,0.0,0.00036783806475189823,-0.6838411518065977,2.3837648963830147,-0.3059771763641064,-0.27118665040218615,-0.07645101771203812,605,0.19847401463526018,0.5,0.0,-0.04537738517695326,-0.305631024087471,-45.75786416999999,-0.17396819210112352,134.1,-0.3098104136447775,11151360,0.0,-0.6208659688201492,0.0003,0.9257103800773621,1.0020790100097656,35660,-0.016146049671806394,0.2,0.025800303,0.26268310546875,94.61978340148926,44.23911666870117,-34.0773229598999
0.0,0.0,-0.00027904395072070895,-0.15213690030469687,0.0,3638,0.01,0.65,3070,0.7212160000000001,0.0,-0.4347112208525477,-1.485290390519137e-08,0.0,0.0,0.0003548172438361992,-0.667658563449737,2.3919366700355464,-0.29810293006116484,-0.2716956141894362,-0.07714346681522016,606,0.199292462947773,0.5,-5.42532911317216e-06,-0.04250976192491805,-0.3040715570407724,-45.17101371,-0.17471253403605416,135.46,-0.30881362086803094,11169792,0.0,-0.6178228054804022,0.0003,0.9225671291351318,1.0016744136810303,35664,-0.018117482180241496,0.2,0.026256625,0.26300048828125,100.49123764038086,50.55521011352539,-34.07361469268799
0.0,0.0,-0.0002723487063068025,-0.1589029304768459,0.0,3644,0.01,0.65,3070,0.7207551999999999,0.0,-0.42849545112388226,-1.568001730944125e-08,0.0,0.0,0.00035373219806287024,-0.6938150391376573,2.382912976442032,-0.31437934324375233,-0.2716788885455662,-0.0742959447087047,607,0.19548182026059027,0.5,0.0,-0.04792261049167016,-0.3034050408765777,-47.472643760000004,-0.1733632490248989,134.25,-0.31217717886048235,11188224,0.0,-0.6202271655264845,0.0003,0.9140796065330505,1.0016250610351562,35668,-0.016450537915807216,0.2,0.02414191,0.23609619140625,103.61275825500488,50.89790725708008,-34.07121696472168
0.0,0.0,-0.0002584307600216125,-0.15514821815135124,0.0,3650,0.01,0.65,3070,0.7202944,0.0,-0.4354950506899791,-1.5364642706229874e-08,0.0,0.0,0.00037868878441966243,-0.6658667442066234,2.4078179700112248,-0.30648067806418905,-0.271669706818707,-0.0770677070310764,608,0.20231311705128235,0.5,0.0,-0.04408647686887876,-0.30873138569668124,-41.93549887,-0.17466982566684675,138.09,-0.3080297086311867,11206656,0.0,-0.6175542499984581,0.0003,0.9243230819702148,1.0016003847122192,35672,-0.01568597061559558,0.2,0.0242417,0.22181396484375,100.17033195495605,54.06114196777344,-34.07060604095459
0.0,0.0,-0.0005010689051128516,-0.15590496553764083,0.0,3656,0.01,0.65,3070,0.7198336000000001,0.0,-0.4356520705147437,-1.4928196759254204e-08,0.0,0.0,0.0003830290257206394,-0.6695633953768448,2.387540941243782,-0.3021954543097578,-0.27214691493497106,-0.07619205355471682,609,0.20001784098474007,0.5,0.0,-0.04315627082049464,-0.3051072917848845,-48.772401200000004,-0.17445847833193653,133.9,-0.3093091689512402,11225088,0.0,-0.6224509599510998,0.0003,0.9394655227661133,1.0017156600952148,35676,-0.016290062468033283,0.2,0.023745468,0.21510009765625,74.13642196655273,35.102413177490234,-34.07257919311523
0.0,0.0,-0.0005456113856574601,-0.15442308142592076,0.0,3662,0.01,0.65,3070,0.7193727999999999,0.0,-0.4382934613948721,-1.5383265952295513e-08,0.0,0.0,0.0003765186540678971,-0.6809033930899541,2.4094509214976707,-0.31850937379249283,-0.2721863849661461,-0.07544834696586383,610,0.2017281492605041,0.5,0.0,-0.0459724864723949,-0.3111832579506951,-45.43368013,-0.17362937717930826,140.32,-0.31170632816591576,11243520,0.0,-0.6189198356530017,0.0003,0.9221289753913879,1.0017049312591553,35680,-0.018020497460383922,0.2,0.02964126,0.287060546875,99.36450729370117,46.40148162841797,-34.07358283996582
0.0,0.0,-0.00017914915598958483,-0.15701040253135826,0.0,3668,0.01,0.65,3070,0.718912,0.0,-0.4284025009810451,-1.5277868965676796e-08,0.0,0.0,0.0003927946802125209,-0.6760505522779634,2.3969606582389797,-0.311116601929567,-0.272048613815217,-0.07451412305567388,611,0.20056957374406034,0.5,0.0,-0.044858194152885715,-0.3044987305781139,-44.14670341,-0.1728078890961201,138.82,-0.3103015384494274,11261952,0.0,-0.6184965421909083,0.0003,0.9423872232437134,1.002115249633789,35684,-0.01664208333240822,0.2,0.027008463,0.27320556640625,73.43658294677735,29.911468505859375,-34.07714138031006
0.0,0.0,-0.0004025055190465053,-0.15865466198545217,0.0,3674,0.01,0.65,3070,0.7184512000000001,0.0,-0.4330165859508083,-1.546183498268736e-08,0.0,0.0,0.0003559023478171892,-0.6756025722396464,2.391487701651931,-0.308566297072916,-0.27176000967099523,-0.07767337686488637,612,0.2007020093305283,0.5,-3.2551955276479325e-06,-0.04580304437525303,-0.3064866985722046,-47.856033159999996,-0.17360940439905337,133.28,-0.3106327079555769,11280384,0.0,-0.6206354214172644,0.0003,0.9357415437698364,1.0016216039657593,35688,-0.015965647413395345,0.2,0.029553685,0.2871826171875,85.73768882751465,36.971927642822266,-34.0716890335083
0.0,0.0,-0.000615130555031324,-0.15622541732360468,0.0,3680,0.01,0.65,3070,0.7179903999999999,0.0,-0.4322405171248549,-1.5773035017223528e-08,0.0,0.0,0.00035807248787023127,-0.6866702833512616,2.4108912424167075,-0.31885654722355883,-0.2717320876173859,-0.07662056120373682,613,0.19994544393963973,0.5,0.0,-0.04799915911266131,-0.3077496604205963,-43.77253695,-0.17229170474985345,144.76,-0.3132570380485294,11298816,0.0,-0.6170542395906611,0.0003,0.9270619750022888,1.0015307664871216,35692,-0.018278284289408475,0.2,0.026871294,0.27296142578125,96.62419395446777,44.31023025512695,-34.071750450134275
0.0,0.0,-0.0002782608025170071,-0.15392518535330557,0.0,3686,0.01,0.65,3070,0.7175296,0.0,-0.42962375567384226,-1.4687042359818806e-08,0.0,0.0,0.00034288147839510604,-0.6691104310609487,2.406958125787385,-0.3006993441871435,-0.27145547658221747,-0.0744063379370882,614,0.20296500779015114,0.5,0.0,-0.042109418663564796,-0.30267994589696934,-40.678326500000004,-0.17306547779738002,141.16,-0.30834318160411117,11317248,0.0,-0.6170387451500298,0.0003,0.9532807469367981,1.0017338991165161,35696,-0.01761247222311795,0.2,0.029919347,0.274853515625,61.87698402404785,26.492841720581055,-34.071244430541995
0.0,0.0,-0.0005073554414942577,-0.1599089433589921,0.0,3692,0.01,0.65,3070,0.7170688000000001,0.0,-0.4314766702875479,-1.5526539292553625e-08,0.0,0.0,0.00035264711348443397,-0.683489954447132,2.3987981063215558,-0.31450291425659516,-0.2716134161240135,-0.07679219976599444,615,0.1994502318099178,0.5,0.0,-0.047686510929856485,-0.30609279629487807,-45.71276956,-0.1732615802370497,135.07,-0.31005036667059366,11335680,0.0,-0.6208617031369857,0.0003,0.9430040121078491,1.002068042755127,35700,-0.016119920765049756,0.2,0.02581684,0.2694580078125,75.25668869018554,33.83055877685547,-34.07390232086182
0.0,0.0,-0.0004759270756121984,-0.1569543745636921,0.0,3697,0.01,0.65,3070,0.716608,0.0,-0.43031574932329436,-1.5167766216839408e-08,0.0,0.0,0.00036458287892552715,-0.6719655396153184,2.400955586111724,-0.3064082304560399,-0.27185603671313585,-0.0781383833053812,616,0.20117057239648706,0.5,0.0,-0.04454232442805239,-0.3038341464760333,-45.11203049999999,-0.17387947490050049,137.65,-0.3073549893670959,11354112,0.0,-0.6221825206311826,0.0003,0.9358122944831848,1.002178430557251,35704,-0.017191781452856957,0.2,0.029498508,0.29398193359375,87.38324661254883,35.73361587524414,-34.07910671234131
0.0,0.0,-0.0005992318660763911,-0.15682609085447005,0.0,3703,0.01,0.65,3070,0.7161472,0.0,-0.4302804687323212,-1.494965092488598e-08,0.0,0.0,0.00036132766399532557,-0.6748045896015892,2.3923188786207072,-0.2988838423562413,-0.27190382240548117,-0.07618951883734298,617,0.2016619841998873,0.5,0.0,-0.04214870022948416,-0.3013493169914804,-44.4014037,-0.1731801596037534,131.83,-0.3091845521136009,11372544,0.0,-0.6219661888151595,0.0003,0.9320042729377747,1.0017083883285522,35708,-0.016100748965982348,0.2,0.026405836,0.26058349609375,90.87748565673829,43.86210632324219,-34.071522903442386
0.0,0.0,-0.00033356744017499444,-0.15390952429128704,0.0,3709,0.01,0.65,3070,0.7156864000000001,0.0,-0.42984540265863974,-1.5000502690951006e-08,0.0,0.0,0.0003873693155280004,-0.65724701911009,2.408952389830385,-0.3039045496922699,-0.27192114776087406,-0.07662795185229278,618,0.2028800827996303,0.5,0.0,-0.04304146042090805,-0.3021925099492885,-41.13501387,-0.1729598886912388,137.32,-0.3080261205110152,11390976,0.0,-0.6196419203467463,0.0003,0.9254355430603027,1.0015065670013428,35712,-0.017149726900970563,0.2,0.026851654,0.25035400390625,98.69167137145996,51.94414520263672,-34.069708061218265
0.0,0.0,-0.00041965207911513953,-0.1578971618880407,0.0,3715,0.01,0.65,3070,0.7152256,0.0,-0.43029061465776575,-1.5553940575980156e-08,0.0,0.0,0.00038519921104630665,-0.6891554210681241,2.37938214489973,-0.3106857173304865,-0.2712263597149899,-0.07733013186657961,619,0.19821504314454447,0.5,0.0,-0.04604624671061375,-0.30397762851362675,-47.54311241000001,-0.17262173730798192,133.93,-0.31134143836133116,11409408,0.0,-0.6243310097877325,0.0003,0.9344595074653625,1.0020859241485596,35716,-0.016900669294409455,0.2,0.025429284,0.25704345703125,84.29283485412597,38.69626998901367,-34.07605419158936
0.0,0.0,-0.0005226160849846032,-0.16127311017589172,0.0,3721,0.01,0.65,3070,0.7147648,0.0,-0.4282350907332092,-1.5300844678197638e-08,0.0,0.0,0.0003483068139757961,-0.6824147114993641,2.379240792360196,-0.30921001499293216,-0.271765913763401,-0.07865480935990969,620,0.1971430717532663,0.5,0.0,-0.047205599546354164,-0.3004992823887883,-53.626030930000006,-0.17345695387960883,125.64,-0.3130280030479188,11427840,0.0,-0.617336671305148,0.0003,0.9205572009086609,1.0016798973083496,35720,-0.016964686091523618,0.2,0.024766974,0.23267822265625,105.52624626159668,59.11414337158203,-34.07369136810303
0.0,0.0,-0.000650559177848197,-0.15067646679263103,0.0,3727,0.01,0.65,3070,0.714304,0.0,-0.4297453925408546,-1.4727881802720968e-08,0.0,0.0,0.00033854119828902185,-0.6624520415894142,2.4130425352590117,-0.3010329368149968,-0.27209239910525773,-0.07871283016103943,621,0.202494041695704,0.5,0.0,-0.04190185725251284,-0.30406576760629905,-39.695218399999995,-0.17313256015072934,137.32,-0.30973093181068007,11446272,0.0,-0.6172099727007893,0.0003,0.9060063362121582,1.0011279582977295,35724,-0.016972307488322257,0.2,0.021786844,0.20968017578125,123.90708503723144,62.33711624145508,-34.06749267578125
0.0,0.0,-0.0004168481646886843,-0.16049031221104224,0.0,3733,0.01,0.65,3070,0.7138432,0.0,-0.43002427566660045,-1.5766927297165397e-08,0.0,0.0,0.0003569873838892414,-0.6895137710177228,2.3944722361797446,-0.318942142022208,-0.2715212585898709,-0.07692915312466754,622,0.19774991534746256,0.5,0.0,-0.04925186892989766,-0.3050472180130751,-45.988195160000004,-0.17224892937484906,136.55,-0.3112548866338308,11464704,0.0,-0.6216651247449899,0.0003,0.9444705843925476,1.0015233755111694,35728,-0.0169255139073357,0.2,0.024908144,0.21456298828125,66.82900905609131,29.547605514526367,-34.069933319091795
0.0,0.0,-0.0005817680442684668,-0.1554493719259324,0.0,3739,0.01,0.65,3070,0.7133824,0.0,-0.432788731246439,-1.4981338642340625e-08,0.0,0.0,0.00037217835455925926,-0.6574852360087811,2.3900812550304074,-0.2978452831766617,-0.2717540405352802,-0.07878256010017409,623,0.20101634976787036,0.5,0.0,-0.04245947446302543,-0.30174178988215644,-45.42448150999999,-0.17371635953166503,134.13,-0.3096892091005702,11483136,0.0,-0.6207007392674754,0.0003,0.9358595609664917,1.0018038749694824,35732,-0.016137955419253558,0.2,0.026681995,0.28729248046875,87.6444595336914,41.834312438964844,-34.07427291870117
0.0,0.0,-0.0005640824066650154,-0.1561139728693453,0.0,3745,0.01,0.65,3070,0.7129216,0.0,-0.4276262311857322,-1.5102427298294004e-08,0.0,0.0,0.00035264710378315713,-0.6836960756671009,2.396019010676759,-0.30691835262711004,-0.2715310638375106,-0.07691090275374485,624,0.20024416744848628,0.5,0.0,-0.04453509570640996,-0.3016534859171316,-46.321606009999996,-0.17292733541274954,134.92,-0.31347422690182003,11501568,0.0,-0.6218957452411006,0.0003,0.921450674533844,1.00189208984375,35736,-0.016134063841309398,0.2,0.024918493,0.2617431640625,102.65889396667481,56.3276252746582,-34.074520683288576
0.0,0.0,-0.0005616870105008523,-0.15726581432598988,0.0,3751,0.01,0.65,3070,0.7124608,0.0,-0.4266651129997603,-1.5097109062173437e-08,0.0,0.0,0.00036024264732582704,-0.6756720246703589,2.402905825998749,-0.3055225644776017,-0.27146601950114513,-0.07678707745664658,625,0.20112970780732692,0.5,0.0,-0.044305943627363856,-0.30265798856366033,-44.07952266,-0.17302100605714676,135.76,-0.30917008134076673,11520000,0.0,-0.6162092030454882,0.0003,0.9255903363227844,1.0020804405212402,35740,-0.016718888515606524,0.2,0.02491292,0.247802734375,98.16835289001465,47.52324295043945,-34.0765474319458
0.0,0.0,-0.0005631854514776726,-0.1565008699952155,0.0,3757,0.01,0.65,3070,0.712,0.0,-0.42939816867364655,-1.499215225427037e-08,0.0,0.0,0.0003732634003325883,-0.6782493688023578,2.3870640222253234,-0.30536059704233876,-0.27171065793495897,-0.07765521092756988,626,0.20015036214569226,0.5,0.0,-0.04475925043933304,-0.29990567087515185,-45.79264147000001,-0.17298667858379269,132.45,-0.3101903382644065,11538432,0.0,-0.6162337041138354,0.0003,0.923428475856781,1.0018484592437744,35744,-0.01713102257344872,0.2,0.031281654,0.278369140625,98.21994857788086,57.35890197753906,-34.074499893188474
0.0,0.0,-0.0003734429316283611,-0.15742889959596015,0.0,3763,0.01,0.65,3070,0.7115392,0.0,-0.43405380582802755,-1.4980898563542532e-08,0.0,0.0,0.00040473043595233723,-0.6576690051961498,2.3973726513442752,-0.30444004594774926,-0.27166589968985183,-0.07655080800015887,627,0.20323859575414688,0.5,0.0,-0.04254693934188488,-0.3045059629765503,-45.12493272999998,-0.17348384566439667,130.86,-0.30612374308811713,11556864,0.0,-0.6215536997898021,0.0003,0.9258405566215515,1.0018442869186401,35748,-0.01589800078654662,0.2,0.028963923,0.280615234375,95.83419609069824,48.218299865722656,-34.07431621551514
0.0,0.0,-0.000632737216708884,-0.155481616576555,0.0,3769,0.01,0.65,3070,0.7110784,0.0,-0.43058811830183213,-1.4897271673065494e-08,0.0,0.0,0.00035807247816895443,-0.6718708077114754,2.3976603976552715,-0.30657417667634485,-0.27190280671595907,-0.07624456108174649,628,0.2022905418773299,0.5,0.0,-0.043438769333215846,-0.30391811491313686,-43.59788699,-0.17346102193474755,136.93,-0.30718211464111916,11575296,0.0,-0.619508003053284,0.0003,0.9294070601463318,1.0018444061279297,35752,-0.018409157008863985,0.2,0.028613752,0.27252197265625,91.79753913879395,44.9221076965332,-34.07320785522461
0.0,0.0,-0.0008916851024052251,-0.15950278896422715,0.0,3775,0.01,0.65,3070,0.7106176,0.0,-0.4266878076402313,-1.4651266042460293e-08,0.0,0.0,0.0003949648105642862,-0.6679954997733917,2.3755443346206793,-0.2969776421677826,-0.2722724681495955,-0.07887501443274426,629,0.20097428245358506,0.5,0.0,-0.04363090600771448,-0.29600281829792696,-49.78112429,-0.17311124395871563,123.06,-0.30753055654208095,11593728,0.0,-0.6194122677570806,0.0003,0.9274396896362305,1.0023016929626465,35756,-0.017671449098270387,0.2,0.03010115,0.27291259765625,93.00516395568847,45.29998779296875,-34.07825965881348
0.0,0.0,-0.0005511989289422219,-0.15786176128704055,0.0,3781,0.01,0.65,3070,0.7101568,0.0,-0.4279499908904237,-1.5162097042151977e-08,0.0,0.0,0.00034505160874687135,-0.6740596309832054,2.3881392405291963,-0.3022403365839377,-0.27226223417902773,-0.07799838959932623,630,0.2003497937052965,0.5,0.0,-0.04391657276705352,-0.2981142378268,-48.46741848,-0.17223998818336878,128.16,-0.30978335320727746,11612160,0.0,-0.6229312209448857,0.0003,0.9082653522491455,1.0021084547042847,35760,-0.016959058493375777,0.2,0.025572607,0.2619873046875,117.47452507019042,57.25614929199219,-34.07888221740723
0.0,0.0,-0.0007704007965441625,-0.16162945628116304,0.0,3787,0.01,0.65,3070,0.709696,0.0,-0.4245304494733667,-1.5995469621660683e-08,0.0,0.0,0.00034179641321922344,-0.6893516169784477,2.397234930078584,-0.3170876307981082,-0.27217802315286477,-0.07753062468788267,631,0.19874533928142793,0.5,0.0,-0.04874621312159924,-0.2990744767301309,-44.75086094000001,-0.1714898308544888,140.19,-0.31140570500521714,11630592,0.0,-0.6182373606780249,0.0003,0.9179583191871643,1.00193190574646,35764,-0.016195539839100093,0.2,0.027787607,0.26922607421875,103.10412979125977,48.71195602416992,-34.07616271972656
0.0,0.0,-0.00041922955181518065,-0.15367718640007613,0.0,3793,0.01,0.65,3070,0.7092352,0.0,-0.43397945002049904,-1.5272189459898196e-08,0.0,0.0,0.00035915752394228347,-0.6585123446067875,2.3918999507197074,-0.3030206060678471,-0.2726373326714746,-0.07662481863465347,632,0.20281761742169774,0.5,0.0,-0.04116884524614625,-0.30328420662300376,-44.94818703999999,-0.17332081694941218,132.01,-0.3056858468722231,11649024,0.0,-0.6202062990203667,0.0003,0.9339790940284729,1.001450538635254,35768,-0.014506880092085339,0.2,0.028749311,0.24442138671875,82.10634384155273,39.87818908691406,-34.071072578430176
0.0,0.0,-0.0006114960776953984,-0.15703432914030324,0.0,3799,0.01,0.65,3070,0.7087744,0.0,-0.4317097810229248,-1.5233991168363306e-08,0.0,0.0,0.0003472217585011903,-0.6652224635762162,2.389401569091861,-0.2986509572472318,-0.2720610345644755,-0.07619923389488982,633,0.20138409067925542,0.5,0.0,-0.042920245905528606,-0.2968163546635583,-45.05382216000001,-0.17384718012056954,132.18,-0.3085738690443405,11667456,0.0,-0.6206944857451452,0.0003,0.9174507856369019,1.0013959407806396,35772,-0.015905407862737773,0.2,0.02213977,0.2404296875,101.25088920593262,43.22190856933594,-34.06948890686035
0.0,0.0,-0.0005289728356485173,-0.16047842507643637,0.0,3805,0.01,0.65,3070,0.7083136,0.0,-0.433559092753417,-1.53841316717086e-08,0.0,0.0,0.00035590233811591234,-0.681561578686392,2.3879604282339386,-0.3126898990932831,-0.2720785783334216,-0.07387543179028296,634,0.19904850156366238,0.5,0.0,-0.04658126015559186,-0.3003486381091627,-48.1740651,-0.17227000738628825,132.55,-0.31184190634575626,11685888,0.0,-0.621788286954319,0.0003,0.9097620248794556,1.0012409687042236,35776,-0.01808910265099257,0.2,0.025442094,0.25186767578125,112.91969146728516,53.730289459228516,-34.0681266784668
0.0,0.0,-0.0011870324126691267,-0.1586961383257925,0.0,3811,0.01,0.65,3071,0.7078528,0.0,-0.42799640260320976,-1.5284191288884327e-08,0.0,0.0,0.0003689231396290577,-0.6606301269149575,2.3878451815568225,-0.297794376295728,-0.27275800263173067,-0.07835114167505858,635,0.20254639644199027,0.5,0.0,-0.04262341859193664,-0.2983607751440489,-46.858788610000005,-0.1727647664644812,126.61,-0.30875896963436666,11704320,0.0,-0.6188973580274726,0.0003,0.9268438220024109,1.0013463497161865,35780,-0.015875795017927886,0.2,0.026159018,0.26951904296875,96.27468147277833,50.324222564697266,-34.067927551269534
0.0,0.0,-0.0006972186564153197,-0.1597778365129494,0.0,3817,0.01,0.65,3071,0.707392,0.0,-0.4306508675619844,-1.6203832610541365e-08,0.0,0.0,0.0003146697256144964,-0.6849861647892014,2.402645731549965,-0.3248429142928604,-0.2728275860498759,-0.07611607908843288,636,0.20072617283054442,0.5,0.0,-0.049112271675394184,-0.3037570600926689,-43.90173827000002,-0.17277160303379183,140.47,-0.3097414617932783,11722752,0.0,-0.6165793059690534,0.0003,0.919864296913147,1.0012962818145752,35784,-0.015821919485460967,0.2,0.026236812,0.25341796875,100.09154891967773,40.68475341796875,-34.067725372314456
0.0,0.0,-0.0011512727212515735,-0.15743129973728343,0.0,3823,0.01,0.65,3071,0.7069312,0.0,-0.43178549299409646,-1.5807339254747842e-08,0.0,0.0,0.0003135846410360601,-0.6657670281999701,2.398097207558136,-0.3088798904890448,-0.27274638345316554,-0.07697028083130561,637,0.2020204528341993,0.5,0.0,-0.044419684540928844,-0.3025610863950199,-42.390842649999996,-0.17339310285483733,139.55,-0.3072362115472339,11741184,0.0,-0.6148931084790482,0.0003,0.9472144246101379,1.002002239227295,35788,-0.015240290842484683,0.2,0.035999503,0.33394775390625,70.45146503448487,29.26432991027832,-34.07304229736328
0.0,0.0,-0.0004849785704201713,-0.15927438280548706,0.0,3829,0.01,0.65,3071,0.7064703999999999,0.0,-0.4331933033030281,-1.596848381532266e-08,0.0,0.0,0.00039822001579321094,-0.6637325078441906,2.405419081542207,-0.3089936296900884,-0.27266796363907747,-0.07584530164384656,638,0.20312832122416738,0.5,0.0,-0.044826153302436826,-0.3008550283593553,-41.07121929,-0.17397235299285532,138.36,-0.3081790317098305,11759616,0.0,-0.6133248640529475,0.0003,0.9326791763305664,1.001976728439331,35792,-0.01753305601887405,0.2,0.033131886,0.28778076171875,85.99899101257324,43.198883056640625,-34.076560974121094
0.0,0.0,-0.0005952194416345345,-0.1608842986608682,0.0,3835,0.01,0.65,3071,0.7060096,0.0,-0.4304092208028868,-1.5971668615164893e-08,0.0,0.0,0.00037217835455925926,-0.6695350579261654,2.3758000464126066,-0.3046788667411231,-0.2723443881350105,-0.07422594066356686,639,0.19872311494968645,0.5,0.0,-0.04539636801052117,-0.2984436946476135,-42.76747408,-0.17243740409607555,136.88,-0.308452883454002,11778048,0.0,-0.6123581146077641,0.0003,0.9399715662002563,1.0020617246627808,35796,-0.015121564478613436,0.2,0.034593623,0.31141357421875,79.23479881286622,35.58857345581055,-34.07602443695068
0.0,0.0,-0.000297008291071844,-0.15805909907513335,0.0,3841,0.01,0.65,3071,0.7055488,0.0,-0.4331643333958794,-1.5140303860614786e-08,0.0,0.0,0.00036783807445317507,-0.6543668523954891,2.3920428069317428,-0.2974900611662401,-0.2727570335175165,-0.07626270964263548,640,0.2032590315868734,0.5,0.0,-0.04198353958612879,-0.3012209812440161,-42.5820087,-0.17356676158033593,135.12,-0.3047939590229041,11796480,0.0,-0.6121121277700912,0.0003,0.9239388108253479,1.0021494626998901,35800,-0.016276875976473093,0.2,0.028098185,0.26787109375,98.85519065856934,48.74749755859375,-34.07835502624512
0.0,0.0,-0.0005398408896659509,-0.15948057866738657,0.0,3847,0.01,0.65,3071,0.7050879999999999,0.0,-0.4334114627761706,-1.595099084276436e-08,0.0,0.0,0.0003689231493303345,-0.6705132842419901,2.385911729871099,-0.31538990343568485,-0.2725942091261504,-0.07455283059523968,641,0.20021294140437274,0.5,0.0,-0.04675615033284438,-0.3007231801964059,-43.432969539999995,-0.17311256461771032,137.67,-0.3113330948199515,11814912,0.0,-0.6139172206435947,0.0003,0.9167489409446716,1.002061367034912,35804,-0.017734855087473987,0.2,0.025993058,0.24761962890625,109.6161922454834,53.26189422607422,-34.07704162597656
0.0,0.0,-0.0004488624862549861,-0.15855825362787393,0.0,3852,0.01,0.65,3071,0.7046272,0.0,-0.43212715420374764,-1.6017409458970704e-08,0.0,0.0,0.0003168398171611544,-0.6609363485970138,2.4014658441337535,-0.30800890013475996,-0.272958477661285,-0.0746949925178807,642,0.20198625598173628,0.5,0.0,-0.04433961104657064,-0.3023295925943879,-42.26003143,-0.1735967495415694,139.22,-0.3065942848695091,11833344,0.0,-0.6129164463246478,0.0003,0.9239733219146729,1.0019056797027588,35808,-0.016857254877686502,0.2,0.02395075,0.241064453125,101.53353919982911,47.42723846435547,-34.07558803558349
0.0,0.0,-0.00034913190734706524,-0.15893497457678446,0.0,3858,0.01,0.65,3071,0.7041664000000001,0.0,-0.4339793522780838,-1.5613081071457574e-08,0.0,0.0,0.00037543353068435355,-0.6669847131576322,2.3956452190157775,-0.3125976570669262,-0.2730570628601592,-0.07352514313275578,643,0.20256677024638536,0.5,0.0,-0.044529681825724074,-0.30305477242809636,-44.68465020000001,-0.1729486150913931,136.22,-0.30691909309141524,11851776,0.0,-0.6150232908948061,0.0003,0.9391897320747375,1.0019254684448242,35812,-0.01615251225885004,0.2,0.023593497,0.231103515625,78.84029502868653,39.644752502441406,-34.07575931549072
0.0,0.0,-0.000868281790170779,-0.16293699018177601,0.0,3864,0.01,0.65,3071,0.7037055999999999,0.0,-0.4318037284611479,-1.6367722639405977e-08,0.0,0.0,0.0003613276833978792,-0.6867738524287365,2.3915082905017675,-0.3254579975081143,-0.2731246165930697,-0.07321075795512572,644,0.19822867864023763,0.5,0.0,-0.049750697266125105,-0.3031243346413838,-45.22033061,-0.17321811655207733,140.36,-0.3115767011946866,11870208,0.0,-0.6099932792171927,0.0003,0.9241852760314941,1.00162672996521,35816,-0.017731330438982694,0.2,0.028496658,0.26312255859375,99.07980422973633,44.71574020385742,-34.07246360778809
0.0,0.0,-0.0004209859279470737,-0.15990866109026858,0.0,3870,0.01,0.65,3071,0.7032448,0.0,-0.43324345689568855,-1.571124106539628e-08,0.0,0.0,0.0003689231396290577,-0.6573225353718946,2.4025314497312764,-0.31435871358042133,-0.2733507866620099,-0.07434078069462849,645,0.204115685032499,0.5,0.0,-0.04585055998012546,-0.30250633356043316,-42.20858767000001,-0.17364862656685187,140.71,-0.30657200661339523,11888640,0.0,-0.6155190263557181,0.0003,0.9431227445602417,1.0019497871398926,35820,-0.017439904785715044,0.2,0.027760213,0.2744140625,76.96624755859375,40.573429107666016,-34.07611236572266
0.0,0.0,-0.00047870678245368986,-0.16108951014630818,0.0,3876,0.01,0.65,3071,0.7027840000000001,0.0,-0.43154611402048626,-1.547962871346353e-08,0.0,0.0,0.0003656679538026866,-0.6772704112190757,2.3865149755066017,-0.314032002592602,-0.27340859463752815,-0.07177059668440594,646,0.19827662935002058,0.5,-4.8827916745924285e-06,-0.04675818655534717,-0.30004618052210863,-47.054726030000005,-0.1725139388530821,131.71,-0.311225719685913,11907072,0.0,-0.6140685650439184,0.0003,0.9415606260299683,1.002366542816162,35824,-0.016177410446107387,0.2,0.033902366,0.28680419921875,76.53352508544921,32.643394470214844,-34.08031883239746
0.0,0.0,-0.0006679893672979132,-0.1621243921157012,0.0,3882,0.01,0.65,3071,0.7023231999999999,0.0,-0.42462024107437807,-1.5598236927511345e-08,0.0,0.0,0.00037651862496406667,-0.6726508821597643,2.4027077684562723,-0.3154197641330033,-0.27293101400281927,-0.07476629917491277,647,0.19945233782363328,0.5,0.0,-0.048539657660407166,-0.29678566512604276,-42.415782240000006,-0.17179730686420408,138.28,-0.31021143426338255,11925504,0.0,-0.6165611654760031,0.0003,0.9255303144454956,1.0017452239990234,35828,-0.014598177745938301,0.2,0.024084607,0.2467529296875,103.12188568115235,47.876792907714844,-34.074587440490724
0.0,0.0,-0.000726674569655081,-0.1575644171642065,0.0,3888,0.01,0.65,3071,0.7018624,0.0,-0.431492658427141,-1.5370387806972076e-08,0.0,0.0,0.0004242616446895732,-0.6598363314327932,2.3885560996845383,-0.29936879334649685,-0.27314918287614587,-0.07489387844048925,648,0.2020696686275141,0.5,0.0,-0.04155296910619207,-0.2986403321770975,-44.86941017,-0.17387074838636252,129.91,-0.3081150496155724,11943936,0.0,-0.6155581607938728,0.0003,0.9473550319671631,1.0017850399017334,35832,-0.015988233929965644,0.2,0.026387513,0.2331787109375,72.89342632293702,35.4580192565918,-34.072096824645996
0.0,0.0,-0.0005702863243915033,-0.1613096597690941,0.0,3894,0.01,0.65,3071,0.7014016000000001,0.0,-0.4301073967366534,-1.5793009362501945e-08,0.0,0.0,0.00040364534167262417,-0.6662996883378959,2.389360211341128,-0.30939114407639534,-0.2730267133473187,-0.0758016154912476,649,0.20233597165160566,0.5,0.0,-0.04476919110569353,-0.3012095532477385,-42.53659273,-0.1738708024070926,137.87,-0.3046947234877804,11962368,0.0,-0.6169544018013049,0.0003,0.9194335341453552,1.0020816326141357,35836,-0.01648807660676539,0.2,0.030693442,0.288916015625,106.44639511108399,55.54686737060547,-34.0762279510498
0.0,0.0,-0.0005580680917446388,-0.15854738621076714,0.0,3900,0.01,0.65,3071,0.7009407999999999,0.0,-0.43082784755856757,-1.5989408685312136e-08,0.0,0.0,0.0003548172826413065,-0.6735192621128214,2.403954823496326,-0.31792036004876634,-0.27313519221940885,-0.07416833633038525,650,0.20226276268527343,0.5,0.0,-0.045916792184067315,-0.3020956758336784,-38.252616929999995,-0.173113013421349,146.41,-0.30764042258204444,11980800,0.0,-0.6158218390003662,0.0003,0.9313889145851135,1.0025157928466797,35840,-0.01750133470632136,0.2,0.02729562,0.26578369140625,90.85898246765137,43.52895736694336,-34.081824111938474
0.0,0.0,-0.0005051129460647991,-0.1611314901197458,0.0,3906,0.01,0.65,3071,0.70048,0.0,-0.42718355225424515,-1.613336742199845e-08,0.0,0.0,0.000335286051267758,-0.6821397546088196,2.3985545643590642,-0.3240287054082252,-0.2732842051329909,-0.07428844962423019,651,0.19942294873630653,0.5,0.0,-0.04916603390557343,-0.30142435364403236,-43.18171528,-0.17164290493375606,143.19,-0.3092749116029471,11999232,0.0,-0.6178371543387562,0.0003,0.9490368962287903,1.0019240379333496,35844,-0.015491034626029432,0.2,0.028439436,0.2729736328125,67.88527584075928,24.916000366210938,-34.07839374542236
0.0,0.0,-0.0005151559433352937,-0.16143807329803095,0.0,3912,0.01,0.65,3071,0.7000192000000001,0.0,-0.42964943065759215,-1.5717624500486045e-08,0.0,0.0,0.000372178315754152,-0.6662893290957015,2.3891544517688215,-0.3091781881156279,-0.2731055462394643,-0.07577559781960941,652,0.200887530030739,0.5,0.0,-0.046042446923970824,-0.2978252399371382,-45.16164382,-0.1731912356406328,136.14,-0.30728084553467805,12017664,0.0,-0.6142614584323285,0.0003,0.9478645324707031,1.0019606351852417,35848,-0.015200758399441839,0.2,0.030406032,0.31177978515625,70.9657606124878,29.142276763916016,-34.07513198852539
0.0,0.0,-0.00040315928649746306,-0.15741821005950046,0.0,3918,0.01,0.65,3071,0.6995584,0.0,-0.4293201333170471,-1.5710004393574105e-08,0.0,0.0,0.0003450516184481482,-0.6589919516854397,2.3992010674834408,-0.31320513361027336,-0.273079845812704,-0.07521672793860384,653,0.20244093320748804,0.5,0.0,-0.04540806307069421,-0.3010036410903297,-39.8215222,-0.17302444163754924,139.23,-0.3075745826291339,12036096,0.0,-0.6156930021082933,0.0003,0.9260589480400085,1.0022120475769043,35852,-0.01473107107449323,0.2,0.02862418,0.2773681640625,97.28019065856934,33.09474563598633,-34.079607772827146
0.0,0.0,-0.0006398405928024829,-0.1608152147507275,0.0,3924,0.01,0.65,3071,0.6990976,0.0,-0.43012638211482174,-1.591331613181219e-08,0.0,0.0,0.00034288152690149017,-0.6796245530180863,2.4066059856548137,-0.3190890222169825,-0.27288358231370763,-0.07465044150403179,654,0.20090788757881956,0.5,0.0,-0.047306598933353844,-0.3029968128019671,-43.57582131000001,-0.1731700065121202,140.06,-0.3078022106702317,12054528,0.0,-0.6151097136230677,0.0003,0.9435684084892273,1.002274751663208,35856,-0.016470561508322136,0.2,0.03357213,0.2913330078125,75.43760948181152,40.972103118896484,-34.079407691955566
0.0,0.0,-0.0005878667276631,-0.15716529127155157,0.0,3930,0.01,0.65,3071,0.6986368000000001,0.0,-0.42558650002640974,-1.538195967310906e-08,0.0,0.0,0.0003645828692242503,-0.658145493280784,2.3859716630618184,-0.3072455991334694,-0.2733084533332611,-0.0755245904157218,655,0.20257037896059005,0.5,0.0,-0.0439797203141056,-0.3000145134465577,-42.50944203,-0.17323129940299328,133.51,-0.30605374549535824,12072960,0.0,-0.6148408521741995,0.0003,0.9460185766220093,1.0023841857910156,35860,-0.01536429482512176,0.2,0.028839711,0.28076171875,74.3148078918457,46.9051513671875,-34.080359840393065
0.0,0.0,-0.00040401653693675226,-0.1594520849502796,0.0,3936,0.01,0.65,3071,0.698176,0.0,-0.42867988177404537,-1.5765847070401734e-08,0.0,0.0,0.0003841141491041829,-0.6664514865284568,2.3895903978454136,-0.31376759421856915,-0.2735560635577793,-0.07571576141637003,656,0.20009102175847512,0.5,0.0,-0.045727311405461456,-0.2986889858956791,-42.47770385999999,-0.1725206632947713,135.25,-0.3063566150075083,12091392,0.0,-0.6161897081671549,0.0003,0.9379146695137024,1.0018317699432373,35864,-0.01756319203414023,0.2,0.029857974,0.26514892578125,84.75294990539551,39.026973724365234,-34.07450847625732
0.0,0.0,-0.00045038046806002326,-0.16309844405741558,0.0,3942,0.01,0.65,3071,0.6977152,0.0,-0.42772980573356906,-1.6042155041903076e-08,0.0,0.0,0.0003624127291712082,-0.6790570080771531,2.405332220815072,-0.3213442248287419,-0.27353061501886583,-0.07508366759440571,657,0.1996846600044367,0.5,0.0,-0.04918998606604067,-0.2986053523669975,-43.1482399,-0.17219824622379618,142.64,-0.30792826717059335,12109824,0.0,-0.6144583074299894,0.0003,0.9378467202186584,1.0016368627548218,35868,-0.015289575140923262,0.2,0.024892796,0.237548828125,87.91714973449707,52.02880859375,-34.072090530395506
0.0,0.0,-0.0005067901886951673,-0.16193744184966258,0.0,3948,0.01,0.65,3071,0.6972544,0.0,-0.4303308724669229,-1.5915968042697334e-08,0.0,0.0,0.0003917096344391919,-0.6798414098927741,2.394622454011341,-0.31756400806472257,-0.2734470304957435,-0.07381605007325946,658,0.2009281157736187,0.5,0.0,-0.04692659371384479,-0.30004755022981944,-44.92917357,-0.1722388777596954,139.21,-0.3068802178173613,12128256,0.0,-0.613174173287939,0.0003,0.9445516467094421,1.0016134977340698,35872,-0.016763489792356267,0.2,0.029100155,0.2578857421875,76.44191799163818,33.594791412353516,-34.072054862976074
0.0,0.0,-0.0004773343340932403,-0.16118882181502556,0.0,3954,0.01,0.65,3071,0.6967936,0.0,-0.4288407012268161,-1.6039682276200167e-08,0.0,0.0,0.0004090707257596983,-0.6654795172993198,2.3884004073153746,-0.3158191518382385,-0.27360976680799376,-0.0746981385443038,659,0.2005022674320835,0.5,0.0,-0.04682811600269887,-0.2997335109399883,-43.65426530000001,-0.17216484617040695,137.3,-0.30599050289734614,12146688,0.0,-0.6157736641655418,0.0003,0.9422982335090637,1.0025094747543335,35876,-0.015410276222974062,0.2,0.031157678,0.299462890625,79.49447517395019,37.1992073059082,-34.08007583618164
0.0,0.0,-0.0008174369770192094,-0.16220820033642036,0.0,3960,0.01,0.65,3071,0.6963328,0.0,-0.43375503104202484,-1.6000389584928296e-08,0.0,0.0,0.0004058155011282199,-0.6711452999293868,2.395768486789787,-0.3222326030101033,-0.2737344284367442,-0.0725535159154398,660,0.20145684059417804,0.5,0.0,-0.04748984030958339,-0.3048665581962461,-44.752833200000005,-0.1732395095154538,140.87,-0.3059363649881437,12165120,0.0,-0.6150700506499001,0.0003,0.9457798600196838,1.0021271705627441,35880,-0.016381591884419323,0.2,0.032557685,0.309912109375,75.48679809570312,38.180572509765625,-34.08063163757324
0.0,0.0,-0.0003762366811599634,-0.15731917358788305,0.0,3966,0.01,0.65,3071,0.695872,0.0,-0.42759429933483634,-1.521702662969921e-08,0.0,0.0,0.00039604987574016885,-0.6570268047633419,2.3888796779216137,-0.3067321465896652,-0.27402350823947236,-0.07579826644169707,661,0.20264270187134373,0.5,0.0,-0.042357941932967255,-0.2982376184321993,-43.10954627000001,-0.17298591636087415,133.24,-0.30555028713226595,12183552,0.0,-0.6158138277691794,0.0003,0.939534604549408,1.0016642808914185,35884,-0.01582312065293081,0.2,0.030153375,0.28043212890625,82.92753105163574,40.256710052490234,-34.07148780822754
0.0,0.0,-0.0010076608446166265,-0.1621180987328753,0.0,3972,0.01,0.65,3071,0.6954112,0.0,-0.4281425727274608,-1.570736663173053e-08,0.0,0.0,0.0003873693252292772,-0.6650622796045648,2.3777333113195653,-0.3154650259905616,-0.2735887586245547,-0.07661457228490114,662,0.19950153063699064,0.5,0.0,-0.04750624144665185,-0.2963102471766509,-44.51500993000001,-0.17299946780477057,133.84,-0.3036100494326295,12201984,0.0,-0.6152797606473887,0.0003,0.9232649207115173,1.0020012855529785,35888,-0.011321470560505986,0.2,0.028532188,0.27674560546875,101.75744934082032,43.56370544433594,-34.07619075775146
0.0,0.0,-0.0005033855473742465,-0.16191981769156338,0.0,3978,0.01,0.65,3071,0.6949504,0.0,-0.42701078216893285,-1.5882815315249263e-08,0.0,0.0,0.00035373215925776295,-0.6732502313670564,2.3994151634827303,-0.32080230993691505,-0.273663312150027,-0.07577288698630483,663,0.2015995726253835,0.5,0.0,-0.04783332468388749,-0.29931012465694967,-41.40929109,-0.17284615703339293,140.94,-0.3050125879500072,12220416,0.0,-0.6135243303030234,0.0003,0.9204123020172119,1.0015199184417725,35892,-0.014769521541893482,0.2,0.026056215,0.22989501953125,111.69786949157715,57.123268127441406,-34.07276515960693
0.0,0.0,-0.0008539264739061376,-0.16060897077950034,0.0,3984,0.01,0.65,3071,0.6944896,0.0,-0.4267031701900118,-1.653524628388963e-08,0.0,0.0,0.00037651866376917396,-0.672557683041624,2.3986469599108906,-0.32450275625035613,-0.2736856160144963,-0.07516411070227053,664,0.202944433819943,0.5,0.0,-0.047882453256965087,-0.30128629769042103,-43.73154836999999,-0.17329110871347592,138.17,-0.30527992224454575,12238848,0.0,-0.6142733950881885,0.0003,0.9497656226158142,1.0024927854537964,35896,-0.015543578343931585,0.2,0.028080761,0.26728515625,68.53481216430664,28.8757381439209,-34.08045539855957
0.0,0.0,-0.00060188934704413,-0.16146993635003584,0.0,3990,0.01,0.65,3071,0.6940288,0.0,-0.42476769138298576,-1.5952670882272166e-08,0.0,0.0,0.00036458288862680394,-0.6793882650833122,2.3838806757066604,-0.31616580865305605,-0.2733717609481967,-0.07592667752820198,665,0.19947408922066284,0.5,0.0,-0.04746736991174702,-0.29864508458207384,-45.60723993,-0.17212116809612535,136.63,-0.3080926236792432,12257280,0.0,-0.6084609135731837,0.0003,0.9400727152824402,1.0019967555999756,35900,-0.014306756085716188,0.2,0.029071454,0.2745849609375,83.57006340026855,40.212196350097656,-34.07754039764404
0.0,0.0,-0.000694798081499297,-0.15829314090494806,0.0,3996,0.01,0.65,3071,0.693568,0.0,-0.4261107086502338,-1.581512833859724e-08,0.0,0.0,0.0003580725072727849,-0.6697205738821421,2.4097683360405804,-0.32424044316901907,-0.2734453536530436,-0.07438163739356647,666,0.2024674538852904,0.5,0.0,-0.04735491835892946,-0.3001184447793317,-39.55406608999999,-0.17240102718489875,142.36,-0.3057371311152456,12275712,0.0,-0.6105402954490452,0.0003,0.937727153301239,1.0022852420806885,35904,-0.015015480003785341,0.2,0.026119491,0.27003173828125,86.59107856750488,38.0609016418457,-34.07906360626221
0.0,0.0,-0.0005405668772688929,-0.1635914685437157,0.0,4002,0.01,0.65,3071,0.6931072,0.0,-0.43163226005196004,-1.582698298362516e-08,0.0,0.0,0.00039930507126781676,-0.667411557800383,2.3612560362795376,-0.3143045629763621,-0.2736734221998152,-0.07559086515660955,667,0.19930402264829075,0.5,0.0,-0.04646465799028962,-0.29802425730406107,-48.57298395000001,-0.1731068301881883,127.13,-0.3062463653067534,12294144,0.0,-0.6168931709824239,0.0003,0.9535022377967834,1.00238037109375,35908,-0.014956872758921236,0.2,0.025101393,0.2638671875,64.6339822769165,30.5941162109375,-34.081109809875485
0.0,0.0,-0.0004784571155687978,-0.1652856796475483,0.0,4008,0.01,0.65,3071,0.6926464,0.0,-0.42424026202416515,-1.59814381847017e-08,0.0,0.0,0.00036675303838112287,-0.6792611234993893,2.3911929585648983,-0.3284221504123577,-0.2733333620841335,-0.07479073264875764,668,0.19991425765019552,0.5,0.0,-0.05076460499312989,-0.2982185015115169,-43.477661289999986,-0.17186457053185827,139.39,-0.30562927101178555,12312576,0.0,-0.6149631850325776,0.0003,0.9015746116638184,1.001744270324707,35912,-0.012812058290001005,0.2,0.02353364,0.243896484375,133.00881309509276,67.36155700683594,-34.07570838928223
0.0,0.0,-0.0006724129787068221,-0.16191885361540057,0.0,4014,0.01,0.65,3071,0.6921856,0.0,-0.4285222972737859,-1.635346043067444e-08,0.0,0.0,0.00038736934463183087,-0.6787048323980761,2.3895033498713243,-0.32346402350979614,-0.27336602708285085,-0.07614067294819644,669,0.1991237118133684,0.5,0.0,-0.04821362408670509,-0.29679967217852415,-43.772986010000004,-0.1712599063045838,140.29,-0.30751109091405254,12331008,0.0,-0.612776612255273,0.0003,0.9444604516029358,1.0014605522155762,35916,-0.01595171452499926,0.2,0.025275532,0.24801025390625,76.43363037109376,34.06010818481445,-34.06855392456055
0.0,0.0,-0.0005869816071310833,-0.16049821394137495,0.0,4020,0.01,0.65,3071,0.6917248,0.0,-0.4273018344685845,-1.6233097457883385e-08,0.0,0.0,0.0003483068624821802,-0.6734544014589512,2.3948470762079372,-0.3249844096520896,-0.2738001455717598,-0.07521338888064034,670,0.1992303426938714,0.5,0.0,-0.04858042754917551,-0.29769634075851087,-41.0340571,-0.17270575552462933,141.59,-0.3050890902614349,12349440,0.0,-0.613048557808099,0.0003,0.9360566139221191,1.0021294355392456,35920,-0.01620711092837155,0.2,0.022897672,0.21943359375,87.97017707824708,43.22913360595703,-34.077519226074216
0.0,0.0,-0.0003934041408183676,-0.16330994213729996,0.0,4026,0.01,0.65,3071,0.691264,0.0,-0.42483486489534905,-1.659423165335014e-08,0.0,0.0,0.00034939194706061646,-0.6861545255723419,2.4034363215266286,-0.33143562303692264,-0.27393078077831823,-0.07420097324403943,671,0.1991054727677762,0.5,0.0,-0.05067421427022991,-0.2989267171468755,-41.659531539999996,-0.17141458643937488,144.54,-0.3062362545106912,12367872,0.0,-0.6125735030145159,0.0003,0.947502076625824,1.001758337020874,35924,-0.0163036871352233,0.2,0.025410404,0.24913330078125,72.35247001647949,33.74763107299805,-34.07513961791992
0.0,0.0,-0.0004167427179382986,-0.16314802649868912,0.0,4032,0.01,0.65,3071,0.6908032,0.0,-0.42763614576667874,-1.5843291007055697e-08,0.0,0.0,0.0004014752404246893,-0.6665846631529626,2.3826522234211915,-0.3184070120464739,-0.2737871294486933,-0.07381451598871155,672,0.19974581128275679,0.5,0.0,-0.04808416336498254,-0.29499880126972877,-45.52270856,-0.172048326378018,135.62,-0.3057917641833055,12386304,0.0,-0.6117506693974034,0.0003,0.9527072906494141,1.0017064809799194,35928,-0.015635322401067242,0.2,0.028109068,0.27171630859375,68.33178997039795,40.14695739746094,-34.07222232818604
0.0,0.0,-0.00034800956877077547,-0.16118119314569193,0.0,4038,0.01,0.65,3071,0.6903424,0.0,-0.42847870487175294,-1.6184710076933977e-08,0.0,0.0,0.00039062453045820195,-0.6758709183172814,2.388750759350131,-0.3182620797020207,-0.27355644785825795,-0.07320403297563462,673,0.20024890730694256,0.5,0.0,-0.04628429917964562,-0.29736190052444456,-43.86369199999999,-0.17324226848520527,135.57,-0.3046586001080245,12404736,0.0,-0.608221803080987,0.0003,0.9364587068557739,1.0021660327911377,35932,-0.016176079493016006,0.2,0.027833572,0.27490234375,88.75999374389649,40.173797607421875,-34.078027153015135
0.0,0.0,-0.0008408233782122602,-0.15986037025301864,0.0,4044,0.01,0.65,3071,0.6898816,0.0,-0.4311958499830175,-1.5813563459333088e-08,0.0,0.0,0.00040039023345646757,-0.6693001597293607,2.37937107639638,-0.3181184393603498,-0.27380037528747925,-0.07215341962486746,674,0.1993048536297278,0.5,0.0,-0.046213319980677146,-0.2986538592343134,-44.67219379,-0.17330367139069683,135.44,-0.3097417905018347,12423168,0.0,-0.6149661844432925,0.0003,0.9350516200065613,1.0018501281738281,35936,-0.015781829750631006,0.2,0.028584018,0.27459716796875,90.0203742980957,43.35126876831055,-34.07544422149658
0.0,0.0,-0.0005001051919372755,-0.16189672146687262,0.0,4050,0.01,0.65,3071,0.6894208,0.0,-0.42409411261317265,-1.6392481541327672e-08,0.0,0.0,0.0003200950514939096,-0.6795045918602388,2.3885702397763957,-0.3203655308701776,-0.2737371847117063,-0.07658097292560595,675,0.19901990636938333,0.5,0.0,-0.04730123199505685,-0.2950900578425114,-43.54967301,-0.17219816828099022,133.01,-0.30682438271689516,12441600,0.0,-0.6116268818775397,0.0003,0.9256480932235718,1.001522421836853,35940,-0.015893820940982552,0.2,0.024820287,0.243212890625,102.62928199768066,49.83055877685547,-34.072119522094724
0.0,0.0,-0.0003338409279131665,-0.16238297142715016,0.0,4056,0.01,0.65,3071,0.68896,0.0,-0.4255975253324484,-1.5928215867087297e-08,0.0,0.0,0.0003851992239813424,-0.665797099419625,2.3798716367623096,-0.3162816563431271,-0.27367816322068816,-0.07430669160248621,676,0.20065621010983054,0.5,0.0,-0.04618860087990391,-0.29425674860104467,-43.014371710000006,-0.17264171516506813,134.69,-0.30834225105920676,12460032,0.0,-0.6173581233548211,0.0003,0.9354766607284546,1.0015532970428467,35944,-0.01550989740062505,0.2,0.02427186,0.23260498046875,90.31258926391601,38.655826568603516,-34.07084159851074
0.0,0.0,-0.0002878121635977747,-0.16456637664044174,0.0,4062,0.01,0.65,3071,0.6884992,0.0,-0.4319770740525051,-1.6791388220249847e-08,0.0,0.0,0.00036024262792327337,-0.6852840977881083,2.394763053885288,-0.33284940577835775,-0.27410890358204487,-0.07372894739266538,677,0.2001181343363684,0.5,0.0,-0.05053998056308947,-0.30208414667443173,-45.616199710000004,-0.17228412951615635,138.21,-0.3067320689608864,12478464,0.0,-0.6118047673105346,0.0003,0.922346830368042,1.0018147230148315,35948,-0.01747762319864705,0.2,0.026319915,0.2391845703125,108.02347602844239,59.408775329589844,-34.07391719818115
0.0,0.0,-0.00048727770926653487,-0.16219873315237715,0.0,4067,0.01,0.65,3072,0.6880383999999999,0.0,-0.4281468767286066,-1.564918772210304e-08,0.0,0.0,0.0003678380938557287,-0.6699744141738339,2.37679351039832,-0.3194911463568434,-0.27343556505307265,-0.07122952408014574,678,0.19870017805200393,0.5,0.0,-0.04667364500998759,-0.29658803480399687,-45.413071040000005,-0.17163038827551855,138.11,-0.31034990908489407,12496896,0.0,-0.614759424849223,0.0003,0.9440028667449951,1.0013222694396973,35952,-0.01601884575211443,0.2,0.027608043,0.24495849609375,79.26089439392089,36.55685043334961,-34.06869640350342
0.0,0.0,-0.0015885830778558166,-0.16498240427475394,0.0,4073,0.01,0.65,3072,0.6875776,0.0,-0.4274695665782702,-1.6983190087205412e-08,0.0,0.0,0.0003841141491041829,-0.6823108843166291,2.3906139468264085,-0.3250562620321639,-0.2737834136873605,-0.07518715207463296,679,0.1999949701261731,0.5,0.0,-0.04925683150659717,-0.29865269981756276,-47.72304341,-0.1719963383309962,133.55,-0.3072479682919246,12515328,0.0,-0.6106729572304188,0.0003,0.9303832650184631,1.0015807151794434,35956,-0.015488506597466766,0.2,0.02720569,0.26978759765625,95.15764122009277,46.017635345458984,-34.07168731689453
0.0,0.0,-0.00036055980123334187,-0.1565558042355873,0.0,4079,0.01,0.65,3072,0.6871168000000001,0.0,-0.4325679861524361,-1.5606972264016626e-08,0.0,0.0,0.0004036453610751778,-0.6485864607566912,2.382606435011356,-0.3058026127213761,-0.27412891325155997,-0.07475586503065654,680,0.20225039199932873,0.5,0.0,-0.04153350743400304,-0.29766581314745255,-41.57596008,-0.1737361466672433,131.74,-0.30573925883598163,12533760,0.0,-0.6111745300284872,0.0003,0.93080073595047,1.0019277334213257,35960,-0.015511033369693904,0.2,0.02575845,0.230078125,93.36837921142578,40.34819412231445,-34.07472877502441
0.0,0.0,-0.0003926557681908421,-0.16681058479615443,0.0,4085,0.01,0.65,3072,0.6866559999999999,0.0,-0.4282817940480744,-1.62143655749311e-08,0.0,0.0,0.0004003901267424226,-0.6880504464624198,2.355896628045458,-0.31745907104999965,-0.27385804153515036,-0.07569759504817695,681,0.19510562820175015,0.5,0.0,-0.049221825290838545,-0.29416211476683335,-52.73061433000001,-0.17212149805166221,126.21,-0.3098794207438274,12552192,0.0,-0.612598745585327,0.0003,0.9240356087684631,1.0018261671066284,35964,-0.014857153105549515,0.2,0.024421345,0.2369873046875,98.28113250732422,49.57415008544922,-34.07485084533691
0.0,0.0,-0.00044709456744694624,-0.16007358179695283,0.0,4091,0.01,0.65,3072,0.6861952,0.0,-0.43290504801488233,-1.6130370222240787e-08,0.0,0.0,0.0003732634585402492,-0.6677307774202038,2.406011432688258,-0.32364838860410927,-0.27378185690669166,-0.073763093545326,682,0.2022374479699238,0.5,0.0,-0.046625816164739764,-0.30021513301825986,-41.986205070000004,-0.17335848012350932,144.05,-0.30659309804990886,12570624,0.0,-0.6168632973080529,0.0003,0.9177314043045044,1.0012397766113281,35968,-0.01720128849847242,0.2,0.02403104,0.21490478515625,117.62408714294433,61.2239875793457,-34.06861572265625
0.0,0.0,-0.0004888448793773383,-0.1658103539825344,0.0,4097,0.01,0.65,3072,0.6857344000000001,0.0,-0.42915443201272035,-1.6826452116069338e-08,0.0,0.0,0.0003851992336826192,-0.681217245365483,2.39264434911375,-0.3251507758480789,-0.27396988663444616,-0.07466815528569054,683,0.19894421329337866,0.5,0.0,-0.050181022568893445,-0.2979912583542559,-44.16545086,-0.17205664885735822,140.29,-0.308890674774055,12589056,0.0,-0.6100234599307761,0.0003,0.9510884284973145,1.0016145706176758,35972,-0.01731359614059329,0.2,0.027860176,0.25401611328125,63.93246231079102,32.84889221191406,-34.07074241638183
0.0,0.0,-0.00039137095845228676,-0.1643614956877617,0.0,4103,0.01,0.65,3072,0.6852735999999999,0.0,-0.431574548065083,-1.65024274417046e-08,0.0,0.0,0.0003732634585402492,-0.6772559286550933,2.3864340956321697,-0.32252955027201374,-0.2741697380102318,-0.07623908181065281,684,0.20056538019006476,0.5,0.0,-0.0485602730234472,-0.29861673695276497,-44.65335661000001,-0.17322368021049997,139.31,-0.30588964783592837,12607488,0.0,-0.6092901957391081,0.0003,0.9486244916915894,1.002701997756958,35976,-0.014239688299130648,0.2,0.032568835,0.31243896484375,73.27113800048828,41.90707778930664,-34.08437595367432
0.0,0.0,-0.000443522497905084,-0.16094993143882266,0.0,4109,0.01,0.65,3072,0.6848128,0.0,-0.43582222219740285,-1.6692760250535854e-08,0.0,0.0,0.0003634978331521981,-0.6815622059664659,2.3989148116993797,-0.3318796298485448,-0.27386495321613735,-0.07568411291031144,685,0.20049792170310576,0.5,0.0,-0.04967159986560529,-0.3031119926809581,-44.43837252,-0.1720555286280631,146.24,-0.3074602091249913,12625920,0.0,-0.6131378376371689,0.0003,0.9335997700691223,1.0017451047897339,35980,-0.015038442192599177,0.2,0.022909263,0.24681396484375,93.66075134277344,51.237823486328125,-34.0750171661377
0.0,0.0,-0.0006534132350989872,-0.1600419006508017,0.0,4115,0.01,0.65,3072,0.6843520000000001,0.0,-0.4308392639285382,-1.6546197358944735e-08,0.0,0.0,0.0003906245595620324,-0.6697554996066248,2.3997073698775875,-0.317861214589644,-0.2744564874355648,-0.07433115188103126,686,0.20254736175821042,0.5,0.0,-0.04588666260989357,-0.29990360643531533,-41.32064185,-0.17242533016907358,141.06,-0.3050579823459277,12644352,0.0,-0.6101781666829611,0.0003,0.9483929872512817,1.0013941526412964,35984,-0.015700339642353355,0.2,0.026925618,0.25369873046875,71.44577369689941,34.85153579711914,-34.068465614318846
0.0,0.0,-0.0003222809983146618,-0.16454942482346446,0.0,4121,0.01,0.65,3072,0.6838911999999999,0.0,-0.4256070745429137,-1.6900839753190834e-08,0.0,0.0,0.0003656679732052402,-0.6840430586170557,2.3881035412864695,-0.3286151323204727,-0.27377830584063984,-0.07586556301488726,687,0.19771145589735328,0.5,0.0,-0.0507526313421511,-0.2946834347225592,-41.87029576999999,-0.1718072046626936,143.35,-0.31057691473771376,12662784,0.0,-0.6134041255446534,0.0003,0.9428375363349915,1.0018463134765625,35988,-0.015017002681270241,0.2,0.030012827,0.267822265625,78.90125923156738,35.16128921508789,-34.07351570129394
0.0,0.0,-0.0005256146819468716,-0.15954032084592845,0.0,4127,0.01,0.65,3072,0.6834304,0.0,-0.42925467420576796,-1.647379469880061e-08,0.0,0.0,0.00033528606096903485,-0.6701508802111179,2.3999831365228754,-0.31820212541207665,-0.2740066183311761,-0.07575928003350646,688,0.20092914707169524,0.5,0.0,-0.0463750541705605,-0.29728272305845127,-42.05500825,-0.17189817327128185,140.94,-0.30661149460231096,12681216,0.0,-0.6118374349044398,0.0003,0.9459702968597412,1.0019948482513428,35992,-0.01583978112321347,0.2,0.03562734,0.30191650390625,78.65308799743653,42.43903732299805,-34.07681255340576
0.0,0.0,-0.0004598933240611508,-0.16171050086416244,0.0,4133,0.01,0.65,3072,0.6829696000000001,0.0,-0.4302343164077899,-1.6456259856348508e-08,0.0,0.0,0.000398220064299595,-0.6716650416134679,2.39161518603114,-0.3206677227951987,-0.27401012161743116,-0.07642823809549135,689,0.20097371866888947,0.5,0.0,-0.04768765404916855,-0.2976282290563177,-42.55239432000001,-0.17239336659447302,141.33,-0.3059656244881561,12699648,0.0,-0.6109016645625468,0.0003,0.9510693550109863,1.001786708831787,35996,-0.01523567367112264,0.2,0.032391593,0.28016357421875,67.47363948822021,32.78067398071289,-34.07394638061523
0.0,0.0,-0.00037636313144688723,-0.16341770617463786,0.0,4139,0.01,0.65,3072,0.6825088,0.0,-0.4325294043700103,-1.6469733471289855e-08,0.0,0.0,0.0003786888232247697,-0.6740081029245923,2.379866042801476,-0.3209439223414636,-0.2745222024357463,-0.07545260687786143,690,0.20030508094524754,0.5,0.0,-0.04776246035543144,-0.29949866457942115,-42.4803438,-0.1718809654538893,138.49,-0.3081610646301217,12718080,0.0,-0.6135684165534231,0.0003,0.9402903914451599,1.0017210245132446,36000,-0.01496112426975742,0.2,0.026645994,0.26007080078125,85.18536605834962,42.518165588378906,-34.0734224319458
0.0,0.0,-0.00044509828450502896,-0.15970210071778637,0.0,4145,0.01,0.65,3072,0.682048,0.0,-0.4326115905182919,-1.7095058923292657e-08,0.0,0.0,0.00039062460806841653,-0.6706584647238304,2.412231316879221,-0.32650411545112634,-0.27465560943103895,-0.07771231060516472,691,0.20270233213128103,0.5,0.0,-0.047882402852116444,-0.3021603535527163,-39.19888637,-0.17317206007344013,146.84,-0.3046594405897088,12736512,0.0,-0.6079133013473011,0.0003,0.9410994648933411,1.0016562938690186,36004,-0.017622896446846427,0.2,0.023779105,0.2427978515625,83.54630584716797,38.891944885253906,-34.072647666931154
0.0,0.0,-0.0004538421783826925,-0.1632709626270586,0.0,4151,0.01,0.65,3072,0.6815872000000001,0.0,-0.4316835289065214,-1.6585558531255013e-08,0.0,0.0,0.0003982200545983182,-0.6729923065590727,2.3815699547747298,-0.32532482836505694,-0.274195869674254,-0.07603270933160328,692,0.20062193501579773,0.5,0.0,-0.04852737388181788,-0.3005046342225333,-42.97751749,-0.17250405226811746,140.16,-0.30822461680942975,12754944,0.0,-0.6088828402026647,0.0003,0.9530878663063049,1.0020804405212402,36008,-0.014486083632800729,0.2,0.02732567,0.2510986328125,65.57865676879882,25.663148880004883,-34.07511901855469
0.0,0.0,-0.0007933675904874701,-0.16298951757040295,0.0,4157,0.01,0.65,3072,0.6811264,0.0,-0.438299066831805,-1.6745924336791998e-08,0.0,0.0,0.00044487801238170103,-0.6679168732402059,2.3877128308357163,-0.32155993787478554,-0.2742428680274582,-0.07687548887016092,693,0.20056136667937316,0.5,-0.0002202688176314243,-0.047953006201920945,-0.3012255707486108,-43.17992831000001,-0.17212534901124427,142.27,-0.30786523276103345,12773376,0.0,-0.6104776189295746,0.0003,0.9281981587409973,1.0021202564239502,36012,-0.013140858069527894,0.2,0.03288991,0.31240234375,96.73901023864747,41.7162971496582,-34.07890434265137
0.0,0.0,-0.0005319785396616009,-0.16205028741662186,0.0,4163,0.01,0.65,3072,0.6806656,0.0,-0.4326234574173923,-1.6981501047220657e-08,0.0,0.0,0.0004003901461449762,-0.6701717979051489,2.3952974221572303,-0.3277252789547232,-0.27446303080670664,-0.07588699791453674,694,0.20189590668903992,0.5,0.0,-0.048421817877619004,-0.300328603737664,-41.06131314,-0.17183080200813974,144.14,-0.30872655082399586,12791808,0.0,-0.6136194924922386,0.0003,0.9503883123397827,1.0019431114196777,36016,-0.017468775156885386,0.2,0.027325178,0.24515380859375,67.22068996429444,29.078203201293945,-34.07602062225342
0.0,0.0,-0.0008290507739317841,-0.16014295522975322,0.0,4169,0.01,0.65,3072,0.6802048,0.0,-0.4312119895676403,-1.6476744781285714e-08,0.0,0.0,0.00039930511977420084,-0.658499992539038,2.3822577362610526,-0.3130367753215233,-0.2741609550548815,-0.0759267723037202,695,0.19952005988928864,0.5,0.0,-0.04545149103768653,-0.2958314922292022,-42.99796429,-0.17317549699645446,139.3,-0.3081298152610852,12810240,0.0,-0.6090641748173958,0.0003,0.9418328404426575,1.0020650625228882,36020,-0.015038395253941416,0.2,0.032271158,0.306298828125,83.38482933044433,36.98684310913086,-34.07734069824219
0.0,0.0,-0.00043619291321211743,-0.16262070321200128,0.0,4175,0.01,0.65,3072,0.679744,0.0,-0.4322861231681941,-1.6447947759590972e-08,0.0,0.0,0.0003971349700198819,-0.6777489685981005,2.3842360565668397,-0.3231493492231376,-0.27439979043187024,-0.076060337938773,696,0.20094689762124562,0.5,0.0,-0.04756233262686366,-0.29888362243637423,-45.088743480000005,-0.171944283372052,138.05,-0.3072735237834967,12828672,0.0,-0.6117308151615313,0.0003,0.9265662431716919,1.0013998746871948,36024,-0.01605542383622378,0.2,0.02910744,0.27606201171875,102.40157279968261,51.49384689331055,-34.07153968811035
0.0,0.0,-0.00042955651651318145,-0.16791048027342392,0.0,4181,0.01,0.65,3072,0.6792832,0.0,-0.43313717433697607,-1.7229776031190335e-08,0.0,0.0,0.00040581556903715763,-0.6892767061077014,2.390352384672883,-0.3308507772907839,-0.2744337835914292,-0.07468861404799025,697,0.19943724092550263,0.5,0.0,-0.051123013319445416,-0.29890882570143495,-44.21760927999999,-0.17324547189052864,145.7,-0.3096473888433135,12847104,0.0,-0.611695652054268,0.0003,0.9337847828865051,1.001695156097412,36028,-0.016514910489786417,0.2,0.027223015,0.2726806640625,94.77254791259766,41.718894958496094,-34.071657752990724
0.0,0.0,-0.0004214946818673706,-0.16255997901173247,0.0,4187,0.01,0.65,3072,0.6788224,0.0,-0.43238359508478685,-1.643311181976059e-08,0.0,0.0,0.00037760378715271753,-0.6884515882458014,2.3854229715359905,-0.3291152209272793,-0.2745786813021449,-0.07359208271110385,698,0.19863331685714916,0.5,0.0,-0.04921095692493096,-0.29866192138053527,-43.35939607000001,-0.17191863099388865,142.0,-0.31113462667376784,12865536,0.0,-0.6106755331605443,0.0003,0.9541860222816467,1.0020685195922852,36032,-0.01606420238967985,0.2,0.030476537,0.24810791015625,63.87821369171142,36.349639892578125,-34.0764762878418
0.0,0.0,-0.0002522245568817917,-0.16130812660973104,0.0,4193,0.01,0.65,3072,0.6783616,0.0,-0.4332751618436038,-1.6753483573935774e-08,0.0,0.0,0.0004210065106033451,-0.66341600394812,2.388830491026655,-0.316775864613955,-0.2743000084705279,-0.07404057906122724,699,0.20197262894114187,0.5,0.0,-0.04625211850403683,-0.29704491767891145,-42.079723290000004,-0.17292933361354457,141.68,-0.3054287834449591,12883968,0.0,-0.6100192390618138,0.0003,0.9432884454727173,1.0017874240875244,36036,-0.01376168499700725,0.2,0.028518874,0.27978515625,78.43502159118653,37.67723846435547,-34.07630252838135
0.0,0.0,-0.00034407278976780054,-0.1637266776907367,0.0,4199,0.01,0.65,3072,0.6779008,0.0,-0.43161056025621286,-1.671633386716791e-08,0.0,0.0,0.00040581553023205034,-0.6821602997219538,2.3859683372015024,-0.3277619640692585,-0.2744551013324897,-0.07372179395395115,700,0.19942539669355072,0.5,-1.5190935098669595e-05,-0.049482711004926926,-0.2974249742816129,-44.745562379999996,-0.17201790741640338,140.42,-0.3095733032339578,12902400,0.0,-0.6100639083639072,0.0003,0.9430766701698303,1.0020177364349365,36040,-0.015748696192167698,0.2,0.028591681,0.2757080078125,80.30972709655762,45.050811767578125,-34.07685737609863
0.0,0.0,-0.0008626472458616153,-0.16284931028043306,0.0,4205,0.01,0.65,3072,0.67744,0.0,-0.43057412540006973,-1.662242688992823e-08,0.0,0.0,0.00038736935433310765,-0.6809041671713596,2.382836225462132,-0.32300200391858036,-0.2741686864900317,-0.07299136374853611,701,0.20020068617864942,0.5,0.0,-0.04887458851290608,-0.29578934412735886,-43.160118270000005,-0.17234305670112687,140.96,-0.3098331786388483,12920832,0.0,-0.6136053092387497,0.0003,0.9352025985717773,1.002042293548584,36044,-0.015870177501346915,0.2,0.024663191,0.23856201171875,94.97682647705078,42.775028228759766,-34.07756004333496
0.0,0.0,-0.00038088260677454985,-0.16390493623126517,0.0,4211,0.01,0.65,3072,0.6769792,0.0,-0.42933767273044116,-1.6451977850965374e-08,0.0,0.0,0.0004351123966949268,-0.667671001299899,2.38190496850782,-0.31377542158365307,-0.2741756148452731,-0.07448662852875926,702,0.20059393282254734,0.5,0.0,-0.04686833956947688,-0.29250301307413124,-46.67463412,-0.171952471730627,134.19,-0.31167363728370645,12939264,0.0,-0.6082828699787917,0.0003,0.9402589201927185,1.0016992092132568,36048,-0.015805772761814295,0.2,0.025527898,0.24290771484375,85.32101364135742,47.617366790771484,-34.07344646453858
0.0,0.0,-0.00047144883484658327,-0.16482428016174155,0.0,4217,0.01,0.65,3072,0.6765184,0.0,-0.43019738684102654,-1.700458343261774e-08,0.0,0.0,0.0003895394943861498,-0.6810759067200212,2.394665902445759,-0.3336290371354299,-0.27460682011294263,-0.07140257223493585,703,0.199317776822495,0.5,0.0,-0.05159281505740912,-0.29638670670061784,-42.56949946999999,-0.1716386175189882,146.77,-0.30705616302456185,12957696,0.0,-0.6062773175065803,0.0003,0.9267605543136597,1.0016517639160156,36052,-0.017470660852268338,0.2,0.026928712,0.236962890625,100.64631958007813,46.152565002441406,-34.0721981048584
0.0,0.0,-0.0003463263724371487,-0.16533329032274457,0.0,4223,0.01,0.65,3072,0.6760576,0.0,-0.4321353690346048,-1.706531664729698e-08,0.0,0.0,0.00040256035410695605,-0.6876340275044954,2.385838208964966,-0.3334030903461901,-0.27419896485434153,-0.07362323688754735,704,0.19677542482477436,0.5,0.0,-0.05063383953332637,-0.29857782488249424,-42.34851788,-0.17180450508110182,148.27,-0.3087875322634485,12976128,0.0,-0.6022984522944064,0.0003,0.951246440410614,1.001847743988037,36056,-0.014865038637071847,0.2,0.026593897,0.26192626953125,69.67331218719482,38.198448181152344,-34.07445659637451
0.0,0.0,-0.0002596349658443607,-0.16391767378756616,0.0,4229,0.01,0.65,3072,0.6755968,0.0,-0.4337794053652676,-1.6368444568983732e-08,0.0,0.0,0.00039713497972115874,-0.6694999703789146,2.3769005045538933,-0.3190199798531232,-0.2742519153402609,-0.07328797915558254,705,0.1994044682611581,0.5,0.0,-0.04737125604925837,-0.293963235226263,-41.909012350000005,-0.17218555304682637,141.12,-0.3070917364596269,12994560,0.0,-0.6069548093711439,0.0003,0.942079484462738,1.0016305446624756,36060,-0.014878815039992332,0.2,0.026921501,0.270751953125,83.45828819274902,42.56284713745117,-34.07203197479248
0.0,0.0,-0.00030427068369520173,-0.16116329777016497,0.0,4235,0.01,0.65,3072,0.675136,0.0,-0.43067202042997066,-1.6243934480789644e-08,0.0,0.0,0.0003776037386463334,-0.6622115653319938,2.3869421972119165,-0.3213152419257596,-0.27452420084646945,-0.07441769445609218,706,0.20112379167475655,0.5,0.0,-0.04715958375639504,-0.2935192869290704,-44.34325429999999,-0.17261202326139855,138.52,-0.30811315710593123,13012992,0.0,-0.6075635369811079,0.0003,0.9425743818283081,1.001832365989685,36064,-0.017032129707513378,0.2,0.026425397,0.2406005859375,80.39662055969238,34.00457000732422,-34.07251148223877
0.0,0.0,-0.0005458742197028479,-0.1615091509040792,0.0,4241,0.01,0.65,3072,0.6746752,0.0,-0.4280192975127309,-1.6862903100273516e-08,0.0,0.0,0.0003873693737356613,-0.6826696438203236,2.3948014629156464,-0.32671247928630925,-0.2745720936712168,-0.0737089931951884,707,0.2001877681388652,0.5,0.0,-0.048630806671048965,-0.2941344665134879,-41.725389920000005,-0.1716087104656637,145.01,-0.3083217661242349,13031424,0.0,-0.6052986752298058,0.0003,0.9448925256729126,1.0023928880691528,36068,-0.013814748986624182,0.2,0.029827654,0.284033203125,75.89974060058594,27.158203125,-34.080441856384276
0.0,0.0,-0.0002591399428240542,-0.1603867798582174,0.0,4247,0.01,0.65,3072,0.6742144,0.0,-0.43501174514466834,-1.6222307697431563e-08,0.0,0.0,0.0003927946802125209,-0.6623350648170059,2.3863739105034902,-0.3192603729106126,-0.27418728866554326,-0.07472850439914519,708,0.2030164338137162,0.5,-1.5190935098669595e-05,-0.046053257471811326,-0.29433727227102985,-42.761628120000005,-0.17235459686166854,139.25,-0.30620377936607673,13049856,0.0,-0.6087197028746201,0.0003,0.9571245312690735,1.0028135776519775,36072,-0.0148029564647004,0.2,0.036469035,0.3259765625,60.99546318054199,32.86286926269531,-34.08485717773438
0.0,0.0,-0.00041124514770066493,-0.16100005611620394,0.0,4253,0.01,0.65,3072,0.6737536,0.0,-0.4292185389620732,-1.6643221331650162e-08,0.0,0.0,0.00037326347794280283,-0.672278208614443,2.3946247430857577,-0.3262098878216889,-0.27448675234509157,-0.07503515132290683,709,0.2004758618293322,0.5,0.0,-0.047904624187508314,-0.29222648451821664,-39.17453838000001,-0.1730876724701338,147.78,-0.30882482198448474,13068288,0.0,-0.6083587739592784,0.0003,0.9389123320579529,1.002210259437561,36076,-0.01787183127598837,0.2,0.03045595,0.28660888671875,85.59469337463379,44.342830657958984,-34.080433464050294
0.0,0.0,-0.0005301258708723011,-0.1625096892304607,0.0,4259,0.01,0.65,3072,0.6732928,0.0,-0.4311687084836193,-1.635231174086472e-08,0.0,0.0,0.0003841141297016293,-0.6767158707703174,2.3689091079345657,-0.3172675423723717,-0.2746337598806753,-0.0755496128296374,710,0.1984218108590377,0.5,0.0,-0.04656516320908932,-0.290379200765728,-45.62014968,-0.1727603081665579,137.3,-0.30886130408991236,13086720,0.0,-0.6046402250817742,0.0003,0.9636508226394653,1.002014398574829,36080,-0.016736473480705172,0.2,0.03300968,0.31038818359375,51.467763137817386,20.92020034790039,-34.07555980682373
0.0,0.0,-0.0005220652079339573,-0.16266453051405386,0.0,4265,0.01,0.65,3072,0.672832,0.0,-0.43054402361488886,-1.6979512343741803e-08,0.0,0.0,0.00033637110674236383,-0.6773017792930784,2.3830429852912762,-0.3261816773052648,-0.2746809312493971,-0.0766751221164213,711,0.1986760911546382,0.5,0.0,-0.049144052973038484,-0.29250099268870655,-42.59594559999999,-0.17339569640585412,142.24,-0.3099503869933313,13105152,0.0,-0.60658197226998,0.0003,0.9280008673667908,1.0019925832748413,36084,-0.014218444982543588,0.2,0.029948661,0.27608642578125,100.14298400878906,48.599693298339844,-34.0764799118042
0.0,0.0,-0.0005337574559030427,-0.16237297505839987,0.0,4271,0.01,0.65,3072,0.6723712,0.0,-0.4339822217567509,-1.6883606492423187e-08,0.0,0.0,0.00033094574205784336,-0.6744586096445878,2.39744524882921,-0.3262551720583331,-0.2743829379304106,-0.07614068499811005,712,0.2004679853631518,0.5,0.0,-0.04779568560765367,-0.2962020834581848,-39.41519341,-0.17278214124340818,145.6,-0.30743676518286844,13123584,0.0,-0.6054874535134847,0.0003,0.9514733552932739,1.0020354986190796,36088,-0.01792614262085408,0.2,0.031096723,0.2952392578125,68.54751682281494,36.85834884643555,-34.07368755340576
0.0,0.0,-0.0003524316625905557,-0.16441720374479085,0.0,4277,0.01,0.65,3072,0.6719104,0.0,-0.4336220928321015,-1.6857874808932122e-08,0.0,0.0,0.00037326346824152604,-0.6988569860656237,2.3724042875014364,-0.3346686675209489,-0.27460007509206075,-0.07327403457741982,713,0.19579262351429524,0.5,0.0,-0.051953658922910165,-0.29281224204039646,-49.15044384,-0.1724164869414292,135.55,-0.31360627119102436,13142016,0.0,-0.6058674690222029,0.0003,0.9585046172142029,1.0020506381988525,36092,-0.015937907993793486,0.2,0.027808314,0.2701416015625,58.64996166229248,29.653827667236328,-34.0751314163208
0.0,0.0,-0.000523069425837712,-0.16266426416679786,0.0,4283,0.01,0.65,3072,0.6714496,0.0,-0.43220266107259747,-1.6878761121320656e-08,0.0,0.0,0.00036675305778367654,-0.6837859124272486,2.3895834134062444,-0.33090161771159055,-0.2751681981039159,-0.0744651814860078,714,0.20041712898763347,0.5,0.0,-0.04874709164761511,-0.29588625959903486,-41.08225269999999,-0.17236312301773368,146.46,-0.3086214096978071,13160448,0.0,-0.6043571592045489,0.0003,0.9350958466529846,1.001878023147583,36096,-0.012674020824488253,0.2,0.025651604,0.26624755859375,88.06397361755371,38.255035400390625,-34.074365043640135
0.0,0.0,-0.0003732598850951946,-0.163096404372903,0.0,4289,0.01,0.65,3072,0.6709887999999999,0.0,-0.43152670751980826,-1.706645702485294e-08,0.0,0.0,0.00033854123709412914,-0.690547641685399,2.4038058021142037,-0.3382952641942276,-0.2750003450074714,-0.0744561252105122,715,0.19912541692164865,0.5,0.0,-0.051500382826642994,-0.29523992362636164,-41.726460319999994,-0.17127538384256039,147.53,-0.30957757069353053,13178880,0.0,-0.6029397741404215,0.0003,0.9563890695571899,1.0015815496444702,36100,-0.015733358764555304,0.2,0.028258443,0.2440185546875,60.84142551422119,32.90489196777344,-34.07109603881836
0.0,0.0,-0.0002680299044253089,-0.163073069764359,0.0,4295,0.01,0.65,3072,0.670528,0.0,-0.4317103949545331,-1.675746076864236e-08,0.0,0.0,0.00032335025672283437,-0.6877131162982983,2.3742274205648966,-0.32794178848188404,-0.27453968285719227,-0.07268771280553706,716,0.19702382084228465,0.5,0.0,-0.04917777911846428,-0.29390209443358006,-45.556554500000004,-0.17102839704327308,141.75,-0.31243953816123127,13197312,0.0,-0.6052671553188902,0.0003,0.959920346736908,1.0020368099212646,36104,-0.014251940906979144,0.2,0.030214857,0.2709716796875,59.10004863739014,24.488861083984375,-34.07594928741455
0.0,0.0,-0.0005835051543908874,-0.1594773505364954,0.0,4300,0.01,0.65,3072,0.6700672,0.0,-0.4287240903862216,-1.6567034435726996e-08,0.0,0.0,0.00038194399934986397,-0.6734154826344341,2.3823387432474807,-0.3170928325632595,-0.2750343125492296,-0.07449083517475424,717,0.2005611955277699,0.5,0.0,-0.0459311732960459,-0.28873921741613523,-46.943255009999994,-0.17203527625556733,134.1,-0.3083930667129633,13215744,0.0,-0.6073397727122951,0.0003,0.9382407665252686,1.0026503801345825,36108,-0.014824120502453297,0.2,0.034394216,0.3060791015625,91.31724624633789,42.643798828125,-34.08120269775391
0.0,0.0,-0.000378584162161481,-0.1707892581090451,0.0,4306,0.01,0.65,3072,0.6696063999999999,0.0,-0.43299707375348434,-1.6845629126797052e-08,0.0,0.0,0.0003786887941209392,-0.6936662815955813,2.3697212646828048,-0.33316603761329633,-0.2741602550136848,-0.07173854741833692,718,0.19749506310532175,0.5,0.0,-0.05214652301236214,-0.29366802534688174,-46.20795913999999,-0.17144818007187182,141.65,-0.3128581765982739,13234176,0.0,-0.6066389046701705,0.0003,0.9224064350128174,1.0027326345443726,36112,-0.015842535317642615,0.2,0.028157497,0.26881103515625,108.80017967224121,51.247440338134766,-34.083991050720215
0.0,0.0,-0.0003049347584174239,-0.16653083343167532,0.0,4312,0.01,0.65,3072,0.6691456,0.0,-0.4323990225903024,-1.663432423191845e-08,0.0,0.0,0.00040364539017900825,-0.675200241530053,2.3728946383843716,-0.32995905689492333,-0.2745021546746913,-0.07300953675672725,719,0.19838970367208789,0.5,0.0,-0.05004976132246544,-0.29237046484400925,-44.72303945999999,-0.1722533996379061,139.71,-0.30959579339286397,13252608,0.0,-0.6072090545855385,0.0003,0.9448366761207581,1.002486228942871,36116,-0.018180257198400794,0.2,0.029383043,0.2725830078125,78.86229858398437,37.15132522583008,-34.08282108306885
0.0,0.0,-0.00031732163566564015,-0.1615256951535511,0.0,4318,0.01,0.65,3072,0.6686848000000001,0.0,-0.4317523108727343,-1.689568316056977e-08,0.0,0.0,0.0003092443900338064,-0.6728688904480599,2.397825448987189,-0.3311268974851995,-0.27482137287747826,-0.07515344652129617,720,0.2004547222102813,0.5,0.0,-0.048912271675861235,-0.2927227079217741,-42.15746941999999,-0.17255575061440365,143.25,-0.3085868876727399,13271040,0.0,-0.6101970335780572,0.0003,0.9424060583114624,1.0017406940460205,36120,-0.015083844237960876,0.2,0.031769756,0.307275390625,83.05715484619141,43.6807746887207,-34.074723625183104
0.0,0.0,-0.0005030811351724628,-0.16436099881775967,0.0,4324,0.01,0.65,3072,0.6682239999999999,0.0,-0.43421525819763884,-1.7004094039432942e-08,0.0,0.0,0.000335286051267758,-0.6868373832107272,2.3916330669818526,-0.33777998932508957,-0.27490939856036567,-0.07539729301106307,721,0.19919397888406778,0.5,0.0,-0.05134525157911662,-0.2945152277257855,-43.33445121999999,-0.17224220080927538,144.07,-0.30910817961512727,13289472,0.0,-0.6057031748413664,0.0003,0.9533123970031738,1.0013195276260376,36124,-0.01654741286765784,0.2,0.028249362,0.25302734375,64.65508193969727,28.705101013183594,-34.06891689300537
0.0,0.0,-0.0005515072458812389,-0.1656350061295252,0.0,4330,0.01,0.65,3072,0.6677632,0.0,-0.43199213069727155,-1.7377069752974815e-08,0.0,0.0,0.0003363710776385334,-0.6945404809916692,2.3885272987705384,-0.33670709148282385,-0.27470286213266787,-0.07423219620794044,722,0.19721555571805174,0.5,0.0,-0.05141975521989034,-0.29308856161682517,-44.292896029999994,-0.17221338947955583,142.62,-0.31017046003393245,13307904,0.0,-0.6103373149302335,0.0003,0.959575891494751,1.0022950172424316,36128,-0.01582988570444286,0.2,0.030178377,0.2655029296875,57.382653045654294,27.45043182373047,-34.07491950988769
0.0,0.0,-0.0003577825385660163,-0.16591404180329827,0.0,4336,0.01,0.65,3072,0.6673024000000001,0.0,-0.43531153022879554,-1.6895089100753344e-08,0.0,0.0,0.0003276905465301954,-0.6915374357844819,2.3748233578251092,-0.33397722331655866,-0.27457442941487026,-0.07510908741353442,723,0.19622365513836315,0.5,0.0,-0.05176996547024751,-0.29353707782734184,-45.91853251999999,-0.17222536320239226,140.84,-0.3079389009764713,13326336,0.0,-0.607435609990528,0.0003,0.9530972838401794,1.0024703741073608,36132,-0.014002733153756709,0.2,0.028930616,0.290625,70.00693626403809,31.865402221679688,-34.08400974273682
0.0,0.0,-0.0004929784174456016,-0.16375955399769324,0.0,4342,0.01,0.65,3072,0.6668415999999999,0.0,-0.4348443248185641,-1.7131451848630658e-08,0.0,0.0,0.0003385412467954059,-0.6850032083014416,2.391132920364469,-0.32724295337488596,-0.27452060962525865,-0.07437828431240963,724,0.1981010391905071,0.5,0.0,-0.04909154927883179,-0.29315315379186935,-43.83579858000001,-0.1724604575807108,142.48,-0.30870592465122004,13344768,0.0,-0.607841199023444,0.0003,0.9423176050186157,1.0019543170928955,36136,-0.014230342925293371,0.2,0.029107329,0.26640625,81.79294967651367,38.55955505371094,-34.07569580078125
0.0,0.0,-0.00025878655306944305,-0.1615758664138931,0.0,4348,0.01,0.65,3072,0.6663808,0.0,-0.43267528103085495,-1.7243076931919243e-08,0.0,0.0,0.0003407113868484481,-0.6787113096794475,2.383014177868846,-0.3324174001190725,-0.2749466870090445,-0.07455607792396338,725,0.2004508224964174,0.5,0.0,-0.04911088675567422,-0.2923999559724688,-44.72321593999999,-0.17231097194444048,143.02,-0.3083308980620345,13363200,0.0,-0.6102989463037855,0.0003,0.9555380344390869,1.002766728401184,36140,-0.015750365721760317,0.2,0.034395967,0.2782958984375,62.46128063201904,26.054271697998047,-34.083536529541014
0.0,0.0,-0.0005087255943890703,-0.1638009044828211,0.0,4354,0.01,0.65,3072,0.6659200000000001,0.0,-0.4349119038986598,-1.683728863228035e-08,0.0,0.0,0.0003493919567618933,-0.6703182180468285,2.3919730937058112,-0.33275688425626426,-0.2742705158548332,-0.07406743708210943,726,0.20072275243085488,0.5,0.0,-0.04988191206934472,-0.29501504112382027,-44.69663916000001,-0.17242632696522253,141.85,-0.30617238498379623,13381632,0.0,-0.6120193777302757,0.0003,0.9475425481796265,1.0026321411132812,36144,-0.013644377049058676,0.2,0.036482506,0.3266357421875,74.41825523376465,39.514347076416016,-34.0858247756958
0.0,0.0,-0.0005855167283105151,-0.1620364433690424,0.0,4360,0.01,0.65,3072,0.6654591999999999,0.0,-0.4369336633178033,-1.6892072655579586e-08,0.0,0.0,0.0003656679732052402,-0.6699336293330327,2.3787036804908843,-0.328264271345901,-0.27454396563086875,-0.07358996206895788,727,0.2010134840817305,0.5,0.0,-0.04731367190214013,-0.2944724255705926,-43.99606651,-0.17230026078403068,142.12,-0.3082649428027974,13400064,0.0,-0.6112153603675821,0.0003,0.9570351243019104,1.0022063255310059,36148,-0.0170575603377074,0.2,0.032189734,0.31849365234375,60.80332794189453,34.287208557128906,-34.079677200317384
0.0,0.0,-0.00026410191757862624,-0.16280467692723988,0.0,4366,0.01,0.65,3072,0.6649984,0.0,-0.43650416884125826,-1.6797790948839414e-08,0.0,0.0,0.00037434851401485503,-0.6629525272978348,2.3767159678234324,-0.32621679105306256,-0.2742889029096906,-0.07510459753734525,728,0.20210496562346725,0.5,0.0,-0.04699680533024833,-0.2948183715913222,-43.683685270000005,-0.17242543233904636,141.01,-0.3030526226133608,13418496,0.0,-0.6075699539814754,0.0003,0.9457672238349915,1.0022027492523193,36152,-0.015460670617176219,0.2,0.026737848,0.27828369140625,77.43721580505371,43.324527740478516,-34.07922439575195
0.0,0.0,-0.0002131087170043404,-0.16745829820743777,0.0,4372,0.01,0.65,3072,0.6645376000000001,0.0,-0.4348068964384744,-1.7322462967885546e-08,0.0,0.0,0.0003786887747183856,-0.6760881271154978,2.377668377835752,-0.33507567527095505,-0.27392604734090187,-0.07449208911871952,729,0.19796954414370171,0.5,0.0,-0.05095044202569795,-0.2941204503003148,-45.62076450000001,-0.17273256990385924,141.31,-0.3098194099572856,13436928,0.0,-0.6096036004244083,0.0003,0.9440913796424866,1.0019886493682861,36156,-0.017208172124810517,0.2,0.028649028,0.26009521484375,78.6574047088623,39.378265380859375,-34.07586784362793
0.0,0.0,-0.0005915078612426098,-0.16413490088466165,0.0,4378,0.01,0.65,3072,0.6640768,0.0,-0.4398758820393055,-1.7766537689259946e-08,0.0,0.0,0.00034179649082943797,-0.6805946169699305,2.3893093809261563,-0.34286348296955105,-0.2740823581016938,-0.07358177821355948,730,0.20126589017626023,0.5,-3.580722194682393e-05,-0.05053210626388302,-0.30039580747218864,-42.50137988,-0.17308397558019112,145.7,-0.3067122954086602,13455360,0.0,-0.6110316772909522,0.0003,0.9494760036468506,1.0018235445022583,36160,-0.01661538812331855,0.2,0.03162789,0.27337646484375,72.98539714813232,36.09244918823242,-34.07566890716553
0.0,0.0,-0.0003578929312417383,-0.166681351582809,0.0,4384,0.01,0.65,3072,0.663616,0.0,-0.4384920148147453,-1.7582886856099366e-08,0.0,0.0,0.00034830689158601064,-0.6927960271206511,2.38788250195069,-0.3457430736971461,-0.27430712631823373,-0.07495012370766183,731,0.1977812226989906,0.5,0.0,-0.05281188173102965,-0.29835371541117395,-46.94738512,-0.17287020737520656,144.48,-0.3083157707566529,13473792,0.0,-0.6130706386265308,0.0003,0.9527766704559326,1.001556396484375,36164,-0.01414884878322482,0.2,0.031339563,0.27962646484375,66.58748435974121,33.787296295166016,-34.071265029907224
0.0,0.0,-0.0008933757669863682,-0.1651028933466838,0.0,4390,0.01,0.65,3072,0.6631552000000001,0.0,-0.43797329897404924,-1.706944877879538e-08,0.0,0.0,0.00037217839336436655,-0.6809111550418118,2.3677623558117777,-0.33225052219426865,-0.2740571130217006,-0.07551888138973922,732,0.198527414008345,0.5,0.0,-0.04896225038383358,-0.2943834863726638,-47.07687623000001,-0.17302885126922274,139.17,-0.30693495227041134,13492224,0.0,-0.6187447766206414,0.0003,0.9549287557601929,1.0025603771209717,36168,-0.014939074555877596,0.2,0.034394335,0.3115234375,66.33331050872803,39.052886962890625,-34.0818733215332
0.0,0.0,-0.0005518111744319994,-0.16428200562793133,0.0,4396,0.01,0.65,3072,0.6626944,0.0,-0.44087266326618146,-1.6941233647753396e-08,0.0,0.0,0.0004079856896876461,-0.6678141566316382,2.3904604589240885,-0.33177067049144887,-0.2740762693300359,-0.0751585329274584,733,0.20223960266997829,0.5,0.0,-0.04848367279865551,-0.29777453543514043,-45.61843109,-0.1735220741052791,142.23,-0.3034471839580136,13510656,0.0,-0.607052197578136,0.0003,0.9415659308433533,1.0022616386413574,36172,-0.01553517353022471,0.2,0.032470018,0.30697021484375,84.19600296020508,36.85109329223633,-34.0816764831543
0.0,0.0,-0.0005825496066126251,-0.16745359643297283,0.0,4402,0.01,0.65,3072,0.6622336,0.0,-0.43689726316874045,-1.7357526708656252e-08,0.0,0.0,0.00038085892447270453,-0.6828778797591005,2.372250743034939,-0.3366203001659756,-0.27421870563613426,-0.07545721738320296,734,0.19982582983621544,0.5,0.0,-0.04965193226915056,-0.2960576994649613,-46.367383739999994,-0.17348559101249872,134.81,-0.3074768094492294,13529088,0.0,-0.6128491247639077,0.0003,0.9398940801620483,1.0020846128463745,36176,-0.01716583522502333,0.2,0.030311426,0.2943115234375,82.7372543334961,42.53392791748047,-34.077410507202146
0.0,0.0,-0.0005541478283140581,-0.16546170973861385,0.0,4408,0.01,0.65,3072,0.6617728,0.0,-0.43993672989142896,-1.7000963175946325e-08,0.0,0.0,0.0003830290936295771,-0.666831421584131,2.374642399524201,-0.33211246783087206,-0.2744176085456229,-0.07604292615638496,735,0.20102685867626058,0.5,0.0,-0.04862893139903959,-0.2963077498704876,-44.50050831000001,-0.17411206213053323,139.97,-0.3047079919675618,13547520,0.0,-0.613174829394866,0.0003,0.9359606504440308,1.0013384819030762,36180,-0.015561763156438247,0.2,0.024786111,0.248095703125,94.15041694641113,46.050174713134766,-34.070255279541016
0.0,0.0,-0.0004965140967503988,-0.16218305880919928,0.0,4414,0.01,0.65,3072,0.661312,0.0,-0.44033425322205144,-1.6778283660223828e-08,0.0,0.0,0.0003917096344391919,-0.652835048996156,2.375607001473584,-0.3249543432614276,-0.27431759122515725,-0.07422089460916068,736,0.20397572373395934,0.5,0.0,-0.04540442366873256,-0.29536312110091034,-45.23791948000001,-0.17476804932318835,137.95,-0.3042557581221683,13565952,0.0,-0.6086637181145075,0.0003,0.9359049201011658,1.0012249946594238,36184,-0.015938158531207593,0.2,0.025849884,0.25274658203125,90.8672031402588,43.67736053466797,-34.06599941253662
0.0,0.0,-0.00037591309954835303,-0.16884537791212176,0.0,4420,0.01,0.65,3072,0.6608512,0.0,-0.43734328233270475,-1.7255063960555818e-08,0.0,0.0,0.0003960499145452761,-0.6837893652339248,2.370447062390321,-0.3366995153817227,-0.27396311795907574,-0.07448197817750955,737,0.19933044555442658,0.5,-5.425309710618523e-07,-0.05086737774037138,-0.2951052642281623,-47.90449143,-0.17346600357080144,136.63,-0.3051272251753478,13584384,0.0,-0.6079709015399185,0.0003,0.942845344543457,1.0011191368103027,36188,-0.015425368933938444,0.2,0.026479367,0.26142578125,78.94251174926758,37.43189239501953,-34.065016746520996
0.0,0.0,-0.0003639416730769448,-0.16846376782297978,0.0,4426,0.01,0.65,3072,0.6603904,0.0,-0.44035682141965043,-1.729004929090698e-08,0.0,0.0,0.0003895395137887034,-0.6761677756313557,2.376757036492696,-0.33663605015680564,-0.2741458877781657,-0.07376446933437474,738,0.2011151352884125,0.5,-1.085065175882644e-06,-0.050993399049814286,-0.2960350494698796,-46.682248130000005,-0.17330309933481247,136.79,-0.3048618702862658,13602816,0.0,-0.6104161818292074,0.0003,0.9302942752838135,1.001493215560913,36192,-0.016434159269556402,0.2,0.026543325,0.27664794921875,100.25607070922851,42.486412048339844,-34.06767196655274
0.0,0.0,-0.0005711350916944459,-0.16650924362944272,0.0,4432,0.01,0.65,3073,0.6599296,0.0,-0.43796153748885985,-1.704194185072697e-08,0.0,0.0,0.0004351123772923731,-0.6707388373724879,2.3761180111578857,-0.3321112955628867,-0.27394721811932277,-0.07501827591184515,739,0.2015542694173662,0.5,0.0,-0.04799523941763224,-0.29505954101851795,-44.969957239999985,-0.17456986678489497,137.54,-0.3062683412076064,13621248,0.0,-0.6130065770152049,0.0003,0.9394265413284302,1.0019166469573975,36196,-0.017265247041359545,0.2,0.030509282,0.27177734375,85.41149711608887,34.688629150390625,-34.073577117919925
0.0,0.0,-0.0009121068633098017,-0.16164669072760032,0.0,4438,0.01,0.65,3073,0.6594688,0.0,-0.43807097371077786,-1.652476530025009e-08,0.0,0.0,0.00040581552053077356,-0.6480688468177699,2.3812526095282696,-0.3167878844169859,-0.27435799126367155,-0.0762520931301735,740,0.20238557760498077,0.5,0.0,-0.04422360714935103,-0.2906594000293675,-44.77465025000001,-0.1742267220955555,136.16,-0.30268271165531097,13639680,0.0,-0.6091882399711079,0.0003,0.9467775821685791,1.0023550987243652,36200,-0.015232320188079029,0.2,0.035729945,0.29676513671875,76.3267433166504,42.41838073730469,-34.079037284851076
0.0,0.0,-0.0006381662413727582,-0.16693518511856462,0.0,4444,0.01,0.65,3073,0.659008,0.0,-0.43819546079744104,-1.7602516942376855e-08,0.0,0.0,0.0003559023672197428,-0.6799200654445028,2.381048387054326,-0.3368979933996262,-0.2743906860395136,-0.07598813990266631,741,0.19942539573231663,0.5,-1.6275961469444965e-06,-0.05023896023199022,-0.2945254701447544,-45.82525347,-0.17331352635305897,142.27,-0.30561489871384234,13658112,0.0,-0.6131317160435749,0.0003,0.9306902885437012,1.0018606185913086,36204,-0.015715511771850287,0.2,0.023705453,0.23704833984375,94.26686820983886,50.907508850097656,-34.07679672241211
0.0,0.0,-0.0006915656364947377,-0.164793139325499,0.0,4450,0.01,0.65,3073,0.6585472,0.0,-0.437647763368372,-1.721231725304389e-08,0.0,0.0,0.0003700082436100476,-0.6798166023793598,2.390890926294348,-0.3377773053095976,-0.27447370574772334,-0.07638460059629722,742,0.1980108959925389,0.5,0.0,-0.04947329116475247,-0.2956516040001882,-45.31866868999999,-0.1721671523247568,139.7,-0.30663028228624006,13676544,0.0,-0.6066243985674499,0.0003,0.9486330151557922,1.0015220642089844,36208,-0.0172196063445881,0.2,0.027002316,0.24781494140625,71.8668327331543,35.07137680053711,-34.07090835571289
0.0,0.0,-0.0006064241565833081,-0.16910207345220454,0.0,4456,0.01,0.65,3073,0.6580864,0.0,-0.43434701317923324,-1.762588212332553e-08,0.0,0.0,0.0003949648105642862,-0.6910283724037828,2.3554028087848513,-0.341730635575017,-0.27435034914137274,-0.07580217554940696,743,0.19664112561245992,0.5,0.0,-0.0522637262000831,-0.2928794219898304,-49.3427555,-0.1725909485769584,135.47,-0.3074091924121031,13694976,0.0,-0.611811049368033,0.0003,0.9499650001525879,1.0013996362686157,36212,-0.014261289418209344,0.2,0.027991513,0.26043701171875,70.05995140075683,36.867279052734375,-34.06866874694824
0.0,0.0,-0.0006411607668593343,-0.16737795974019015,0.0,4462,0.01,0.65,3073,0.6576256,0.0,-0.43753105709016726,-1.7445880745712703e-08,0.0,0.0,0.0003797738689980987,-0.6715092831088744,2.381649708706771,-0.33511070283054867,-0.27430158284290823,-0.07572783499267673,744,0.20069503264735383,0.5,0.0,-0.04948307314934081,-0.2946315432947262,-46.024395080000005,-0.17359402472486452,136.41,-0.3060418911694385,13713408,0.0,-0.6103959275832506,0.0003,0.9322072267532349,1.0015809535980225,36216,-0.015063387854024769,0.2,0.028900767,0.2586181640625,97.11242408752442,38.99571228027344,-34.06890983581543
0.0,0.0,-0.0005210335266740861,-0.16576472144551477,0.0,4468,0.01,0.65,3073,0.6571648,0.0,-0.43620836834910004,-1.7850648647401048e-08,0.0,0.0,0.00036892319783671864,-0.6809486527223753,2.38796039908507,-0.345219140758731,-0.27424633855699576,-0.07521157265675302,745,0.20050106933271458,0.5,0.0,-0.05145432823648486,-0.2959772574778771,-42.66039301,-0.17339476298586606,148.27,-0.305301270780635,13731840,0.0,-0.6104450141826706,0.0003,0.937048077583313,1.0017391443252563,36220,-0.015256879106163978,0.2,0.032023333,0.268408203125,88.95232620239258,48.760841369628906,-34.07348346710205
0.0,0.0,-0.000761019050981988,-0.16670014104603592,0.0,4474,0.01,0.65,3073,0.656704,0.0,-0.44035950762566795,-1.777162884024574e-08,0.0,0.0,0.00036024260852071975,-0.6859735839317564,2.3789352291323467,-0.34525097784095937,-0.2742095366000451,-0.07505534974419001,746,0.20064118482639196,0.5,0.0,-0.05166004681614356,-0.2975192178724231,-46.04531309000001,-0.1741076797755955,145.78,-0.30792354843196784,13750272,0.0,-0.6109200041508397,0.0003,0.9574528932571411,1.0014244318008423,36224,-0.01563253130298108,0.2,0.026783222,0.244677734375,59.99243297576904,27.618412017822266,-34.068026542663574
0.0,0.0,-0.0003992856547901408,-0.16948993239591073,0.0,4480,0.01,0.65,3073,0.6562432,0.0,-0.43853758259360776,-1.731431473891298e-08,0.0,0.0,0.00037543362769712176,-0.6798051119004358,2.364518570599723,-0.33129304972727147,-0.2744136840394051,-0.07632050337988,747,0.19913179341446588,0.5,0.0,-0.05013924710479205,-0.2935158461516333,-46.289429090000006,-0.17420928659793866,138.63,-0.3073485219556604,13768704,0.0,-0.6126769375924218,0.0003,0.9481925368309021,1.001217246055603,36228,-0.012633646023459733,0.2,0.025738144,0.25323486328125,76.49392986297607,31.378694534301758,-34.06654510498047
0.0,0.0,-0.000997450663715315,-0.1654846243277273,0.0,4486,0.01,0.65,3073,0.6557824,0.0,-0.4378535315001991,-1.77065440195681e-08,0.0,0.0,0.0004047304747574445,-0.6873264016728908,2.3786398370219275,-0.33869349890107414,-0.27419177594720057,-0.07567748123378425,748,0.19906161749658652,0.5,-6.835925159975886e-05,-0.05015948950147234,-0.2953630763256215,-48.50293286999999,-0.1728765998735999,140.34,-0.305165437780823,13787136,0.0,-0.6105470333747801,0.0003,0.9437600374221802,1.0014935731887817,36232,-0.015728681714972482,0.2,0.026877513,0.25169677734375,79.94477920532226,42.42074203491211,-34.07058277130127
0.0,0.0,-0.0004056168801769152,-0.1662764294833464,0.0,4492,0.01,0.65,3073,0.6553216,0.0,-0.437624430184924,-1.794533038942251e-08,0.0,0.0,0.00034505164755197865,-0.680621647563251,2.3906962716092797,-0.3407326650046982,-0.2742994474268419,-0.07807379846685823,749,0.19968688335339518,0.5,0.0,-0.05102424541264905,-0.2967568645701105,-43.92052318,-0.17284274647858433,146.99,-0.30423020039569487,13805568,0.0,-0.6113465625973511,0.0003,0.9422744512557983,1.0020556449890137,36236,-0.016512629366479813,0.2,0.026572138,0.26534423828125,82.80754051208496,36.183433532714844,-34.07655754089355
0.0,0.0,-0.0003344322234611875,-0.16962318790239952,0.0,4498,0.01,0.65,3073,0.6548608,0.0,-0.43687626299356874,-1.800596286880118e-08,0.0,0.0,0.00039279471901762817,-0.6812683926966041,2.374321519600876,-0.3414959590126231,-0.27467261792056014,-0.07617491357121535,750,0.20141689260931658,0.5,0.0,-0.05141546859031618,-0.2958236674974054,-45.99017330000001,-0.1735372985220068,141.43,-0.30612553960718,13824000,0.0,-0.6061234090021704,0.0003,0.9469016790390015,1.0022839307785034,36240,-0.013895884878002107,0.2,0.03205646,0.2854736328125,73.58636379241943,37.21038055419922,-34.07876415252686
0.0,0.0,-0.0006284014030403383,-0.16309545999272507,0.0,4504,0.01,0.65,3073,0.6544,0.0,-0.43856050148976006,-1.7604649485529878e-08,0.0,0.0,0.0003862843376636091,-0.6766895838301518,2.3841399826700456,-0.3389854139893227,-0.27478175436765284,-0.07603449057340923,751,0.1995700648246755,0.5,0.0,-0.04985709440317868,-0.29569075891124075,-45.44117059,-0.17316434700827696,142.13,-0.3080752451429079,13842432,0.0,-0.6064955213880497,0.0003,0.9520282745361328,1.0023753643035889,36244,-0.015993126726243645,0.2,0.034193628,0.30267333984375,66.922971534729,26.717504501342773,-34.08203620910645
0.0,0.0,-0.0007430713225009764,-0.16861956293148542,0.0,4510,0.01,0.65,3073,0.6539391999999999,0.0,-0.43694605204515324,-1.757146977979961e-08,0.0,0.0,0.00037868874561455514,-0.674298986473515,2.3699724964802047,-0.33254794211126537,-0.2746589088263377,-0.07761836881691381,752,0.20077822550636776,0.5,0.0,-0.050012731045801825,-0.2929786071183728,-46.00273244,-0.17428433687259853,136.96,-0.3048802356201622,13860864,0.0,-0.6126223023301075,0.0003,0.9540805220603943,1.0022953748703003,36248,-0.01611244196537882,0.2,0.034580696,0.29599609375,64.8898910522461,35.63254165649414,-34.08119621276855
0.0,0.0,-0.0006855016661475723,-0.16614723785443555,0.0,4516,0.01,0.65,3073,0.6534784,0.0,-0.43673622884833296,-1.7717586440952214e-08,0.0,0.0,0.0003819440478562481,-0.6867504300486175,2.374506552621803,-0.34415465695159875,-0.274138973601405,-0.07458472799692038,753,0.1995807611474182,0.5,0.0,-0.05092581156299039,-0.29619655717205384,-48.79093374999999,-0.1735260093652581,141.3,-0.30869849987720477,13879296,0.0,-0.6117949942046426,0.0003,0.9451945424079895,1.0018155574798584,36252,-0.01614617487648502,0.2,0.026873548,0.26513671875,78.7883285522461,32.01408386230469,-34.07461280822754
0.0,0.0,-0.0005663464853366347,-0.16763057377281537,0.0,4522,0.01,0.65,3073,0.6530176,0.0,-0.4402873955946077,-1.8071343706866395e-08,0.0,0.0,0.00037977388840065233,-0.6842483074703274,2.3712266748146096,-0.3466951108782281,-0.2741663990642792,-0.07514895759518048,754,0.19926881856960155,0.5,0.0,-0.05200552987762665,-0.2961212946256772,-46.34978425,-0.17357156778894084,146.54,-0.30833482514667687,13897728,0.0,-0.6132926923463011,0.0003,0.949849009513855,1.002009630203247,36256,-0.01695241407142021,0.2,0.030647332,0.280908203125,69.59419593811035,32.88811111450195,-34.074341201782225
0.0,0.0,-0.0003707775430871864,-0.1643551595891127,0.0,4528,0.01,0.65,3073,0.6525567999999999,0.0,-0.4372414327382467,-1.789799150315171e-08,0.0,0.0,0.0003776037192437798,-0.6711134997757802,2.3609999263797263,-0.33297196718069844,-0.2741020712308618,-0.0765925451806509,755,0.20000548598475942,0.5,0.0,-0.047759483098321676,-0.2915703936660362,-47.42977793,-0.17373196697520107,135.05,-0.30636142179729253,13916160,0.0,-0.6136437101096557,0.0003,0.951021134853363,1.001868724822998,36260,-0.015035334043204784,0.2,0.031719215,0.29986572265625,70.1306245803833,31.346813201904297,-34.07517585754395
0.0,0.0,-0.0004953814558305712,-0.17001613144599284,0.0,4534,0.01,0.65,3073,0.652096,0.0,-0.43651146020970927,-1.7869770327681965e-08,0.0,0.0,0.00039387980359606445,-0.6933928158695325,2.367385095191697,-0.3527131237823352,-0.2743003103248963,-0.07446075005650432,756,0.19741417698086539,0.5,0.0,-0.05407317842202175,-0.2961891673856416,-50.66727229,-0.1725514035735685,141.0,-0.3091892331346407,13934592,0.0,-0.6102693383164247,0.0003,0.9269151091575623,1.0017858743667603,36264,-0.015200377244036644,0.2,0.0269314,0.25654296875,102.00831146240235,42.86088943481445,-34.07385406494141
0.0,0.0,-0.00036794975593080494,-0.16767110841147154,0.0,4540,0.01,0.65,3073,0.6516352000000001,0.0,-0.4371016174986859,-1.8198325685836876e-08,0.0,0.0,0.0003949648687719471,-0.6873311373662098,2.3682466570590512,-0.35104446466812883,-0.2742450232152972,-0.07485702627281049,757,0.19771158311483047,0.5,0.0,-0.05253175527783091,-0.2955911661300018,-49.687550710000004,-0.1726941973390342,140.34,-0.310458478145841,13953024,0.0,-0.6100693913111868,0.0003,0.9509960412979126,1.0017518997192383,36268,-0.015792637004051358,0.2,0.025749553,0.26396484375,67.74723167419434,34.94049072265625,-34.07386112213135
0.0,0.0,-0.0007123950545334333,-0.16896778134631157,0.0,4545,0.01,0.65,3073,0.6511743999999999,0.0,-0.43646139798248884,-1.772712658687377e-08,0.0,0.0,0.00038194403815497126,-0.6686730325131729,2.37975137711477,-0.34158722204789294,-0.27446889808063896,-0.07797523827241423,758,0.2015076801309389,0.5,0.0,-0.0509355655942265,-0.2955065023147314,-44.605734840000004,-0.17194823805307136,143.7,-0.30620033308100764,13971456,0.0,-0.6079068552680568,0.0003,0.9468888640403748,1.001805305480957,36272,-0.016073695756494998,0.2,0.02925833,0.27939453125,75.18044700622559,31.660463333129883,-34.07450275421142
0.0,0.0,-0.0005440796483506065,-0.16571750586086414,0.0,4551,0.01,0.65,3073,0.6507136,0.0,-0.43734355829872795,-1.754759843288775e-08,0.0,0.0,0.00034939192765806284,-0.6804283360656213,2.371014039604346,-0.34747963454610925,-0.2743015329686973,-0.07407137940494,759,0.19810669988801352,0.5,0.0,-0.05190789865856305,-0.2962580159955046,-45.45121814999999,-0.17228203078071436,149.78,-0.3080123836957018,13989888,0.0,-0.6101626698358751,0.0003,0.9526536464691162,1.0018987655639648,36276,-0.015873936109710485,0.2,0.030173128,0.27457275390625,62.97918701171875,25.860164642333984,-34.07178020477295
0.0,0.0,-0.00045005399045714166,-0.16570001504794474,0.0,4557,0.01,0.65,3073,0.6502528000000001,0.0,-0.4379646999240241,-1.7873255381773068e-08,0.0,0.0,0.00038194399934986397,-0.6920538481490232,2.38167498627617,-0.33977122459309056,-0.27427017174201773,-0.07550313884779442,760,0.19981746557890073,0.5,0.0,-0.04991907519267672,-0.2944606196681414,-45.03557904,-0.17300505162267732,145.11,-0.3084449799675792,14008320,0.0,-0.6107137061742233,0.0003,0.9461377263069153,1.0022097826004028,36280,-0.015538412675959989,0.2,0.03791178,0.33575439453125,74.34281272888184,32.99356460571289,-34.07809009552002
0.0,0.0,-0.0003430271565304085,-0.17052272977237137,0.0,4563,0.01,0.65,3073,0.6497919999999999,0.0,-0.4330480270214564,-1.8229704016299948e-08,0.0,0.0,0.00034722182641012803,-0.6859868692455445,2.3754117107090256,-0.3492059873526407,-0.2744956895097986,-0.07460923694762911,761,0.19921221293109986,0.5,0.0,-0.05399638987913762,-0.2932727831300356,-46.46338969000001,-0.17142447928740678,141.41,-0.30905953989495516,14026752,0.0,-0.6112345853945896,0.0003,0.9604212641716003,1.0021700859069824,36284,-0.015301773720420898,0.2,0.03280519,0.30819091796875,55.83455600738525,23.989450454711914,-34.07796287536621
0.0,0.0,-0.0004034456171290008,-0.16562593259043334,0.0,4569,0.01,0.65,3073,0.6493312,0.0,-0.43795888938341143,-1.789110024299818e-08,0.0,0.0,0.00035590237692101963,-0.6793021502271417,2.373189112443776,-0.33912348783028334,-0.2746156063956621,-0.07567081547269776,762,0.20010440995848894,0.5,0.0,-0.04989276333138166,-0.2946829351752784,-47.64044701000002,-0.1722616005036066,140.59,-0.307669273721511,14045184,0.0,-0.6095191353115808,0.0003,0.9529217481613159,1.0026787519454956,36288,-0.016550731705501677,0.2,0.032344133,0.30428466796875,67.94518241882324,28.979148864746094,-34.08294563293457
0.0,0.0,-0.00042530330643210775,-0.17111913067060144,0.0,4575,0.01,0.65,3073,0.6488704000000001,0.0,-0.43671738843517305,-1.846379826170773e-08,0.0,0.0,0.0003645829177306344,-0.6960191319518972,2.3790736155341254,-0.35204605446815446,-0.27417488658932904,-0.07568769004498194,763,0.19695934848801908,0.5,0.0,-0.054655751636790505,-0.29586103263740854,-47.54990784999998,-0.17154209931484718,144.38,-0.30987458878358976,14063616,0.0,-0.6079541882573818,0.0003,0.9381141066551208,1.002475619316101,36292,-0.014806196093559265,0.2,0.03479851,0.3095947265625,84.98165626525879,47.06077194213867,-34.082831954956056
0.0,0.0,-0.00038233060619387077,-0.166938900288358,0.0,4581,0.01,0.65,3073,0.6484095999999999,0.0,-0.43527142848161193,-1.7636222499630832e-08,0.0,0.0,0.0003656679732052402,-0.6829066982320394,2.370598013790203,-0.3422213404983363,-0.2747207378076757,-0.07703965547815206,764,0.19838341748277777,0.5,0.0,-0.05144367853163808,-0.29300658738044905,-46.840651959999995,-0.1721990478851419,141.96,-0.3089682352831594,14082048,0.0,-0.6076690334164625,0.0003,0.9503116607666016,1.0021275281906128,36296,-0.013485494256019592,0.2,0.037247777,0.31318359375,70.77683448791504,24.98471450805664,-34.076967811584474
0.0,0.0,-0.0006515878700666292,-0.16764323643822346,0.0,4587,0.01,0.65,3073,0.6479488,0.0,-0.4361743899513824,-1.7803572879901354e-08,0.0,0.0,0.00035264712318571075,-0.6823014629557114,2.3818084742575203,-0.34330932749405796,-0.27434169003420306,-0.07587284539863445,765,0.19903722895615375,0.5,0.0,-0.05151544126885341,-0.2935593732371012,-45.334948,-0.17144234250249502,143.76,-0.3081993375487688,14100480,0.0,-0.6117739235307011,0.0003,0.9448752403259277,1.0023269653320312,36300,-0.014103916042950004,0.2,0.03244425,0.29400634765625,77.43037986755371,31.969894409179688,-34.0796537399292
0.0,0.0,-0.0006367504464523524,-0.16715345699398726,0.0,4593,0.01,0.65,3073,0.6474880000000001,0.0,-0.43625693328430026,-1.821140567891287e-08,0.0,0.0,0.00037326348764407966,-0.6874039889548071,2.374533533886174,-0.34585502324466555,-0.274715435673511,-0.07630768396244886,766,0.19740402831815007,0.5,0.0,-0.05251268379360401,-0.29249777942954824,-46.32048535,-0.1715646251629032,142.3,-0.3093300931056589,14118912,0.0,-0.6061875135378589,0.0003,0.9570134878158569,1.003037929534912,36304,-0.014540206640958786,0.2,0.039854266,0.32774658203125,60.42313232421875,25.665712356567383,-34.0878511428833
0.0,0.0,-0.0006479403099185089,-0.16831757337407238,0.0,4599,0.01,0.65,3073,0.6470272,0.0,-0.43297193958368707,-1.8292741979395944e-08,0.0,0.0,0.00039822007400087186,-0.6939318703163628,2.370163585589535,-0.3413250226270296,-0.27457909245439605,-0.07649166099288551,767,0.19752660262732,0.5,0.0,-0.05188589966067799,-0.29063581606285904,-48.76913345,-0.17233461039001396,140.29,-0.3099375843832508,14137344,0.0,-0.6072166851341783,0.0003,0.9615321159362793,1.0024808645248413,36308,-0.011813146283384413,0.2,0.030822212,0.301318359375,55.169186401367185,22.379005432128906,-34.08403854370117
0.0,0.0,-0.0005542805339240715,-0.16604280661876542,0.0,4605,0.01,0.65,3073,0.6465664,0.0,-0.43739445031385943,-1.7530021060997167e-08,0.0,0.0,0.0003548173214464138,-0.6932447265336994,2.374126155189597,-0.34597135923979133,-0.27462130390953227,-0.07569267844437358,768,0.19970102234243303,0.5,0.0,-0.05165471418449399,-0.29405022741315157,-50.33117556,-0.17245972471121299,138.25,-0.30880899145932666,14155776,0.0,-0.6111083913656947,0.0003,0.9575141668319702,1.002286434173584,36312,-0.015221636998467148,0.2,0.028262034,0.2586181640625,60.73872127532959,29.621417999267578,-34.07856426239014
0.0,0.0,-0.0004347119474445661,-0.16909435579771934,0.0,4611,0.01,0.65,3073,0.6461056000000001,0.0,-0.4330000719202809,-1.8412707266979647e-08,0.0,0.0,0.0003461367224291381,-0.6922866165014963,2.3728702851300394,-0.3457580612367293,-0.27443541730830234,-0.07799122582304194,769,0.19725560517852736,0.5,0.0,-0.05359054958853711,-0.2922366169054835,-47.782904899999984,-0.1711995449496604,142.13,-0.3096779763037672,14174208,0.0,-0.6129073852687332,0.0003,0.942658543586731,1.001988410949707,36316,-0.015142607619054615,0.2,0.027064854,0.27208251953125,81.99883842468262,41.334022521972656,-34.07817783355713
0.0,0.0,-0.0005609857241571523,-0.1681057836527225,0.0,4617,0.01,0.65,3073,0.6456448,0.0,-0.4334443496874842,-1.840453241084774e-08,0.0,0.0,0.00030598918480488163,-0.6910871166447689,2.3720649147463995,-0.3488049398588542,-0.27479152699841475,-0.07724558148629568,770,0.1967132182738715,0.5,0.0,-0.05395560660412415,-0.2922925427957349,-44.75846417000002,-0.17103006728108133,148.75,-0.3101920281005669,14192640,0.0,-0.6085514131164156,0.0003,0.9554834365844727,1.001662254333496,36320,-0.014835935225710273,0.2,0.02578204,0.269775390625,62.55460758209229,29.088102340698242,-34.07322368621826
0.0,0.0,-0.00033508051378076617,-0.16825731132797814,0.0,4623,0.01,0.65,3073,0.645184,0.0,-0.4335698195605408,-1.807325614640512e-08,0.0,0.0,0.0003862843279623323,-0.6925532639943993,2.3810790003217672,-0.34428258855200145,-0.27459372534090604,-0.07584639640505933,771,0.19793873811162468,0.5,0.0,-0.052893532537001825,-0.2921382304425173,-48.739471249999994,-0.1716809539958345,141.16,-0.3067075878318162,14211072,0.0,-0.6104467845277556,0.0003,0.9593971967697144,1.001617193222046,36324,-0.0138264961540699,0.2,0.03289833,0.29508056640625,59.11697692871094,27.69995880126953,-34.071801376342776
0.0,0.0,-0.00048794949176676614,-0.1677883967982785,0.0,4629,0.01,0.65,3073,0.6447232,0.0,-0.4356387942325914,-1.7727784060673558e-08,0.0,0.0,0.000392794728718905,-0.6818009498605816,2.3509710885251547,-0.34033932788331206,-0.27447179322484366,-0.07534405090170788,772,0.19781716039723904,0.5,-2.9839348927554158e-05,-0.05190463149053325,-0.2922641768583556,-47.892124270000004,-0.1719188980275932,139.3,-0.30821802601190734,14229504,0.0,-0.6066147432444002,0.0003,0.9474694132804871,1.0022224187850952,36328,-0.012989217380527407,0.2,0.028104033,0.25660400390625,72.54396762847901,29.72711944580078,-34.0779806137085
0.0,0.0,-0.0004885607965330833,-0.16950612428710155,0.0,4635,0.01,0.65,3073,0.6442624,0.0,-0.4343997406853129,-1.81770677282531e-08,0.0,0.0,0.0003765186734704508,-0.6876650631847676,2.366841486110779,-0.34316839024256374,-0.27480096116340735,-0.07686561742198911,773,0.1978135474699673,0.5,-3.960494521177477e-05,-0.053185725502503424,-0.2907099256172811,-47.20140062,-0.1715226864509226,146.03,-0.30743708226576655,14247936,0.0,-0.6114693486314057,0.0003,0.9434845447540283,1.0023388862609863,36332,-0.01431175007019192,0.2,0.032156456,0.30926513671875,79.38313636779785,36.85456848144531,-34.08215160369873
0.0,0.0,-0.0007439265417567916,-0.1674698567400998,0.0,4641,0.01,0.65,3073,0.6438016,0.0,-0.4375488172068325,-1.834257788710394e-08,0.0,0.0,0.00037109335729231435,-0.6937383135738906,2.390253018557648,-0.35929843609218665,-0.27485568033101043,-0.07909086257532484,774,0.19928306241349678,0.5,0.0,-0.05454956722363424,-0.29962977243235495,-45.70410849000001,-0.17159277508968684,149.76,-0.30685289615469696,14266368,0.0,-0.6083824179105662,0.0003,0.952038049697876,1.0026304721832275,36336,-0.016542480210773647,0.2,0.031374507,0.26221923828125,68.7483060836792,33.23952865600586,-34.081922149658205
0.0,0.0,-0.00033621662195390154,-0.16631249680240592,0.0,4647,0.01,0.65,3073,0.6433408,0.0,-0.4365357409613355,-1.721509851977031e-08,0.0,0.0,0.0003960499242465529,-0.6664479933577837,2.3524781329710756,-0.33017903939066384,-0.2745369159956441,-0.07658340236436235,775,0.1994007010839042,0.5,0.0,-0.048007365263870116,-0.2908227734893564,-46.71483623000001,-0.17287418025958456,135.75,-0.30573436809610194,14284800,0.0,-0.6104692283916138,0.0003,0.9619702100753784,1.0024917125701904,36340,-0.014121875492855906,0.2,0.033130348,0.28829345703125,52.62673072814941,20.748926162719727,-34.08292064666748
0.0,0.0,-0.0004456879797344412,-0.17043887842054434,0.0,4653,0.01,0.65,3073,0.64288,0.0,-0.43699235537970227,-1.86453184971886e-08,0.0,0.0,0.0003667530674849533,-0.6965948301171783,2.3759879245196966,-0.3502367593969969,-0.27467136253099445,-0.0774839637235198,776,0.19902894601909862,0.5,0.0,-0.05380338753551854,-0.29632808689680373,-46.518003339999986,-0.17296684786500738,151.32,-0.3072918504442671,14303232,0.0,-0.6129848501027365,0.0003,0.9383708834648132,1.0026551485061646,36344,-0.014525010448414833,0.2,0.037661932,0.34339599609375,86.62560844421387,36.551231384277344,-34.08294906616211
0.0,0.0,-0.0005454853419034185,-0.16585508107149033,0.0,4659,0.01,0.65,3073,0.6424192,0.0,-0.438838926855464,-1.8233203259258515e-08,0.0,0.0,0.0003624127970801459,-0.6754861468557967,2.379621210188854,-0.34905112922698805,-0.27446644460091285,-0.07652191033328401,777,0.19900918435294276,0.5,0.0,-0.05227517824030375,-0.29518083957983776,-46.594220619999994,-0.17248561159606332,145.15,-0.30559082342760463,14321664,0.0,-0.6093758386437946,0.0003,0.9677230715751648,1.0028021335601807,36348,-0.012640258541796356,0.2,0.031966846,0.31971435546875,46.79175205230713,24.30538558959961,-34.08540782928467
0.0,0.0,-0.0004007424774241867,-0.1646507947259156,0.0,4665,0.01,0.65,3073,0.6419584,0.0,-0.4359832295106797,-1.7731617996674228e-08,0.0,0.0,0.00034830688188473385,-0.6731454776276619,2.389650390811964,-0.3453077405611956,-0.2747816050857686,-0.07892563109587752,778,0.20059343577147085,0.5,0.0,-0.051289541031718074,-0.29474518757889906,-43.08798146999999,-0.1722389465798756,145.72,-0.3047608992615779,14340096,0.0,-0.6107474323151999,0.0003,0.9623185992240906,1.002873420715332,36352,-0.012572718667797744,0.2,0.035506707,0.32020263671875,52.64078922271729,23.436166763305664,-34.08773918151856
0.0,0.0,-0.000585327197814097,-0.17246568091499484,0.0,4671,0.01,0.65,3073,0.6414976,0.0,-0.4376743018081062,-1.887690856789146e-08,0.0,0.0,0.00037326353615046374,-0.6951555597678118,2.360068957194317,-0.3590305395664592,-0.2743303441738162,-0.07713856891533821,779,0.19643489543441287,0.5,0.0,-0.05659171572964924,-0.2941974781421831,-50.44484898,-0.17206566979105947,145.25,-0.3076986569055494,14358528,0.0,-0.6151057422399495,0.0003,0.9668028950691223,1.003010869026184,36356,-0.01380390061531216,0.2,0.03230271,0.29678955078125,45.187255477905275,18.79606819152832,-34.086296272277835
0.0,0.0,-0.0006132429164375608,-0.16496133292893062,0.0,4677,0.01,0.65,3073,0.6410368,0.0,-0.4313735053709809,-1.802687586273134e-08,0.0,0.0,0.0003493919373593397,-0.6852774536724735,2.373858606637481,-0.3412527719399998,-0.27465809074615277,-0.07957066706681909,780,0.19913699483217037,0.5,0.0,-0.05073055809309889,-0.2908358122857018,-45.76755253,-0.17250876454810082,144.26,-0.3084467645992193,14376960,0.0,-0.6115799446525169,0.0003,0.953810453414917,1.0027633905410767,36360,-0.014416573895141482,0.2,0.032224488,0.31298828125,67.36534881591797,30.545236587524414,-34.08739585876465
0.0,0.0,-0.00040862959770805897,-0.16575252039783755,0.0,4683,0.01,0.65,3073,0.640576,0.0,-0.4348271324242556,-1.7935389512308945e-08,0.0,0.0,0.00037760374834761024,-0.6747487019612954,2.366315959727514,-0.3401924925170269,-0.27466870684779876,-0.07857649004351258,781,0.19984691471097954,0.5,0.0,-0.0511833892637392,-0.2903871083958332,-46.02204404,-0.17205980987289152,144.15,-0.3063998362289661,14395392,0.0,-0.6151875395565063,0.0003,0.9500042200088501,1.002897024154663,36364,-0.015028099762275815,0.2,0.03723396,0.30447998046875,71.51381397247314,43.5175666809082,-34.086099243164064
0.0,0.0,-0.0005767993657905438,-0.16957144053139567,0.0,4689,0.01,0.65,3073,0.6401152,0.0,-0.43822762430519685,-1.8464422410914792e-08,0.0,0.0,0.000367838132660836,-0.6832347450492209,2.3670033069185163,-0.35221271886037503,-0.27426820303649296,-0.07810305179642595,782,0.19811295010280064,0.5,0.0,-0.05402807130658929,-0.29401846564313944,-49.03922989999999,-0.1723180363900888,146.33,-0.3051435912375512,14413824,0.0,-0.6132477418623401,0.0003,0.9542155861854553,1.0025324821472168,36368,-0.015289045963436365,0.2,0.03359328,0.30526123046875,62.42876377105713,27.379589080810547,-34.08417739868164
0.0,0.0,-0.0004251236288718519,-0.16852978461209867,0.0,4695,0.01,0.65,3073,0.6396544,0.0,-0.4367192771443664,-1.8068925508286052e-08,0.0,0.0,0.0003624127970801459,-0.6843531647704411,2.361997342697366,-0.34983623301339367,-0.2745199411287562,-0.07704429371195781,783,0.1988807197304479,0.5,0.0,-0.0530114737366617,-0.2925582859304157,-50.37459719,-0.171809665339098,140.69,-0.3086463589758772,14432256,0.0,-0.609350322431532,0.0003,0.9449540972709656,1.0021685361862183,36372,-0.0139252815162763,0.2,0.031594407,0.29281005859375,78.4704086303711,32.67780685424805,-34.0788215637207
0.0,0.0,-0.00042699681050548756,-0.1689294636099614,0.0,4701,0.01,0.65,3073,0.6391936,0.0,-0.4402278362390614,-1.853579579921742e-08,0.0,0.0,0.00042317667005894083,-0.6837524008926181,2.375512347491021,-0.35520131179589626,-0.2746165251086585,-0.0776590558657799,784,0.20014855293151765,0.5,0.0,-0.053844361807372836,-0.29562679789519053,-48.95073686,-0.1721858575470773,145.13,-0.30560499760843324,14450688,0.0,-0.6111828737791878,0.0003,0.9473865628242493,1.0020231008529663,36376,-0.01597332311794162,0.2,0.030066019,0.28349609375,75.33273429870606,32.22836685180664,-34.07609462738037
0.0,0.0,-0.0005351614982898881,-0.16960256430732915,0.0,4707,0.01,0.65,3073,0.6387328,0.0,-0.4360432696996668,-1.8462450919439376e-08,0.0,0.0,0.0003559023672197428,-0.6787961093831965,2.3619831844178214,-0.348986821073024,-0.2742638451341765,-0.07920622665865314,785,0.1997873375392374,0.5,0.0,-0.0532958948367413,-0.2910308584008777,-48.13357324,-0.1727767777642045,143.75,-0.30493355001149075,14469120,0.0,-0.614067590843926,0.0003,0.9665843844413757,1.002558946609497,36380,-0.016384146083146332,0.2,0.032498844,0.2980224609375,48.110794639587404,24.81454849243164,-34.08275089263916
0.0,0.0,-0.0006075444847827889,-0.16980460386013785,0.0,4713,0.01,0.65,3073,0.638272,0.0,-0.4392339751354912,-1.8283219334570063e-08,0.0,0.0,0.00034179649082943797,-0.6856327738840045,2.364557360123726,-0.3592636506898886,-0.27464018968254034,-0.07748095534741328,786,0.19679551049690808,0.5,0.0,-0.05536851483781665,-0.29504982286534015,-48.322144279999996,-0.17197663181891606,146.07,-0.3067179931232465,14487552,0.0,-0.6123662633264559,0.0003,0.9581953883171082,1.002921462059021,36384,-0.014702874585054815,0.2,0.036051206,0.32982177734375,60.896850967407225,31.713163375854492,-34.08686084747315
0.0,0.0,-0.0004556146469985116,-0.16575838220812625,0.0,4719,0.01,0.65,3073,0.6378112,0.0,-0.4412609859551545,-1.820909062981871e-08,0.0,0.0,0.00037217841276692017,-0.6718033256948448,2.3801116964512303,-0.3459044893180418,-0.2745537023687212,-0.07738609407991336,787,0.20166696811352702,0.5,0.0,-0.05023457833475711,-0.29564990929014967,-46.78550989,-0.17244286634499228,140.66,-0.30437938834034156,14505984,0.0,-0.6142995753747128,0.0003,0.9541358351707458,1.0022571086883545,36388,-0.012450255732983351,0.2,0.035023473,0.29122314453125,65.05894222259522,28.07210350036621,-34.08158130645752
0.0,0.0,-0.000541657664048146,-0.1686868956212376,0.0,4725,0.01,0.65,3073,0.6373504,0.0,-0.4375756473003462,-1.8401359593195403e-08,0.0,0.0,0.0003862842697546714,-0.6771403097137697,2.358611251027494,-0.34784270793941746,-0.27441102376064586,-0.07643823860182791,788,0.19828424456205526,0.5,0.0,-0.052727843623240685,-0.2905839819354127,-49.69475045,-0.1724802932423083,139.69,-0.3044509144571571,14524416,0.0,-0.6124745165343982,0.0003,0.9584057331085205,1.0022978782653809,36392,-0.015400295960716903,0.2,0.030227412,0.2774658203125,56.17433681488037,19.769880294799805,-34.07811965942383
0.0,0.0,-0.0004792154177997918,-0.16819485615142252,0.0,4731,0.01,0.65,3073,0.6368896,0.0,-0.43609219459562265,-1.8594414979239283e-08,0.0,0.0,0.0003689232366418259,-0.6774067714803917,2.3657032697571894,-0.3478747768182393,-0.27479242859663966,-0.07727724940419117,789,0.1998764983795042,0.5,0.0,-0.05246572607355749,-0.29143437070299416,-46.65827384999999,-0.1719307457865353,143.6,-0.3042464383446234,14542848,0.0,-0.612607383079748,0.0003,0.9491125345230103,1.0030438899993896,36396,-0.014215289324056357,0.2,0.037355293,0.333056640625,73.70481758117675,36.70063781738281,-34.08907413482666
0.0,0.0,-0.00040065979669680275,-0.17025171127670735,0.0,4737,0.01,0.65,3073,0.6364288,0.0,-0.43535968389571184,-1.8539233122237677e-08,0.0,0.0,0.0003841141685067366,-0.683873622436029,2.3648345700043407,-0.35611855272145254,-0.2747722768383751,-0.07622813567542787,790,0.19741532934557235,0.5,0.0,-0.055976906483386726,-0.2905454888043787,-48.47404078,-0.17112999573030224,144.24,-0.3052818750292647,14561280,0.0,-0.6084878817124314,0.0003,0.9583351016044617,1.0025824308395386,36400,-0.015991963882697746,0.2,0.03581088,0.30562744140625,59.25040283203125,31.559144973754883,-34.082580184936525
0.0,0.0,-0.0002597658843213748,-0.1719882557317344,0.0,4743,0.01,0.65,3073,0.635968,0.0,-0.43286434413652697,-1.843756251800628e-08,0.0,0.0,0.0003917096441404687,-0.681437333434113,2.3591128238489434,-0.3511988672049549,-0.27457806327914513,-0.07642169459007782,791,0.1983846491443508,0.5,0.0,-0.05436118204048009,-0.2901750532231598,-46.87312739000001,-0.1709456539703687,143.3,-0.30342517856070517,14579712,0.0,-0.6110030511563136,0.0003,0.954962968826294,1.0029816627502441,36404,-0.013650431844871492,0.2,0.041149635,0.331494140625,63.6026517868042,33.18733596801758,-34.087877655029295
0.0,0.0,-0.0007025589763556655,-0.1650708083045601,0.0,4749,0.01,0.65,3073,0.6355071999999999,0.0,-0.4400771836946597,-1.803285468558238e-08,0.0,0.0,0.00039604994364910654,-0.6659018658475967,2.376256215408267,-0.34430618929043794,-0.2745646022547457,-0.07817815670562459,792,0.2005627092143778,0.5,0.0,-0.05042315868989253,-0.2932294642127332,-46.554139019999994,-0.17181407425778594,142.17,-0.30129219237514376,14598144,0.0,-0.6077812672944822,0.0003,0.9610462784767151,1.0029983520507812,36408,-0.014692044747062028,0.2,0.03461328,0.32410888671875,54.398358535766604,19.0009708404541,-34.087690353393555
0.0,0.0,-0.0003810772759038054,-0.16858381146914442,0.0,4755,0.01,0.65,3073,0.6350464,0.0,-0.43391208496825856,-1.81277125352534e-08,0.0,0.0,0.0004188363802515798,-0.6641188126080704,2.3522590634719016,-0.33777070294256933,-0.27452477892642463,-0.07664209670346885,793,0.20005720408518288,0.5,0.0,-0.050234296290031885,-0.28664553483411326,-50.11157697000001,-0.17152040433924248,129.91,-0.30489263535381395,14616576,0.0,-0.6109921715160478,0.0003,0.9567040205001831,1.002418041229248,36412,-0.015427277458366006,0.2,0.030954223,0.29952392578125,60.80712356567383,29.682973861694336,-34.082597732543945
0.0,0.0,-0.0004358096554918584,-0.16808457755495854,0.0,4761,0.01,0.65,3073,0.6345856000000001,0.0,-0.43924605410872997,-1.8393715276996576e-08,0.0,0.0,0.00035264716199081804,-0.6831315514245188,2.3631563861930522,-0.3480059803655682,-0.2746263960206082,-0.07722973254060474,794,0.19688074546456633,0.5,0.0,-0.052485286006158254,-0.29170127902582976,-45.52670411,-0.17117648357851842,145.38,-0.3053284362107041,14635008,0.0,-0.6095054514312278,0.0003,0.9356359243392944,1.001833200454712,36416,-0.014629063126631082,0.2,0.025710037,0.2690673828125,90.8764591217041,40.07624053955078,-34.074945068359376
0.0,0.0,-0.0005133435400438268,-0.16852905846797397,0.0,4767,0.01,0.65,3073,0.6341247999999999,0.0,-0.4393061371484929,-1.842343568689887e-08,0.0,0.0,0.0003754336568009522,-0.6801769027811917,2.3706775845417822,-0.3534036626461993,-0.2743518213307371,-0.07710824552300205,795,0.19888069281893317,0.5,0.0,-0.05359491461312612,-0.29325181995440425,-47.09350612,-0.17176688164517154,141.52,-0.3036699067237659,14653440,0.0,-0.6078454443440778,0.0003,0.9608421921730042,1.0021432638168335,36420,-0.015039809269364924,0.2,0.026523892,0.25654296875,53.644175910949706,19.857946395874023,-34.07724456787109
0.0,0.0,-0.0006029010623987226,-0.17127270899313313,0.0,4773,0.01,0.65,3073,0.633664,0.0,-0.4377995588819571,-1.848415177046059e-08,0.0,0.0,0.0003732634973453565,-0.68644337022219,2.3547545622597763,-0.3532939405879838,-0.27463706442668245,-0.07629424236884749,796,0.19636692481985313,0.5,-5.425309710618523e-07,-0.05506768667689302,-0.29057457423549043,-48.35937407,-0.1706932988688931,140.77,-0.3051165953883403,14671872,0.0,-0.6139736828223152,0.0003,0.9570032954216003,1.0023143291473389,36424,-0.013756505423225462,0.2,0.034086365,0.288916015625,58.6854923248291,25.559206008911133,-34.08088073730469
0.0,0.0,-0.0007026722704281488,-0.16959655661305492,0.0,4779,0.01,0.65,3073,0.6332032000000001,0.0,-0.4371524314985647,-1.8123098140231867e-08,0.0,0.0,0.00039713501852626604,-0.6794041690521844,2.353826839955323,-0.34421665193207907,-0.27484124093881823,-0.07728687323272136,797,0.19812235173737178,0.5,-1.953120550347699e-05,-0.05219233789684402,-0.2881577219709937,-48.87819046,-0.17126452632876427,136.69,-0.3054189409835661,14690304,0.0,-0.6118680877714175,0.0003,0.9507814049720764,1.001812219619751,36428,-0.013774686946999282,0.2,0.035311352,0.32752685546875,69.58013896942138,36.69247055053711,-34.07405471801758
0.0,0.0,-0.0004481688021607886,-0.16494881238591516,0.0,4785,0.01,0.65,3073,0.6327423999999999,0.0,-0.43656528571666814,-1.8256765551753186e-08,0.0,0.0,0.00035807248787023127,-0.6697623139820228,2.3555174436128663,-0.34202816195118646,-0.27461144897557743,-0.07894939692312439,798,0.1996704109217153,0.5,0.0,-0.05020922464857066,-0.28763549467973415,-46.178318960000006,-0.17179044667242624,143.31,-0.30547715009890347,14708736,0.0,-0.6125615729332493,0.0003,0.9384647011756897,1.0015246868133545,36432,-0.013329801405780018,0.2,0.026717588,0.26661376953125,81.41073570251464,45.24539566040039,-34.07256183624268
0.0,0.0,-0.0004529354067202917,-0.17196521850476335,0.0,4791,0.01,0.65,3073,0.6322816,0.0,-0.437496596221951,-1.867219958968091e-08,0.0,0.0,0.00037977388840065233,-0.6809120663320686,2.3611252904179407,-0.3568457526737258,-0.27454064820848584,-0.07765140896910595,799,0.19795305798858517,0.5,0.0,-0.05582382727438204,-0.2923837189608869,-48.04405659,-0.1713205939866872,142.32,-0.30373668775738827,14727168,0.0,-0.6087335356797309,0.0003,0.9447243809700012,1.0017571449279785,36436,-0.016469828819390388,0.2,0.026461955,0.2553955078125,76.33587417602538,35.359806060791016,-34.07119579315186
0.0,0.0,-0.0005241383631923756,-0.166027199510454,0.0,4797,0.01,0.65,3073,0.6318208000000001,0.0,-0.4396566428929104,-1.8343360738755607e-08,0.0,0.0,0.0004014752986323502,-0.6648060325475936,2.373245961784224,-0.35200999290696866,-0.2746126668255522,-0.0779445169268726,800,0.20180352877924912,0.5,0.0,-0.052187755480245256,-0.29258246204638716,-46.25441737,-0.1718410598091912,143.55,-0.3024771627027575,14745600,0.0,-0.6131747542869764,0.0003,0.950469434261322,1.001582384109497,36440,-0.014494518283754587,0.2,0.027658844,0.259716796875,71.05447769165039,40.016624450683594,-34.07088069915771
0.0,0.0,-0.0005295970001821233,-0.16817850299713372,0.0,4803,0.01,0.65,3073,0.6313599999999999,0.0,-0.4377653727755175,-1.8464292968521364e-08,0.0,0.0,0.00037543360829456814,-0.668900541055713,2.357831308307448,-0.34853788554821014,-0.27447246098043115,-0.07847228854919057,801,0.2004920430490706,0.5,0.0,-0.05207908346505009,-0.29061991248575986,-45.97116585,-0.17139770217368572,144.07,-0.30422840195131357,14764032,0.0,-0.6118405633247056,0.0003,0.9547846913337708,1.0019505023956299,36444,-0.013208623835816979,0.2,0.027863503,0.2506591796875,63.09555721282959,30.831993103027344,-34.07333889007568
0.0,0.0,-0.0005614409081770735,-0.1735713088713463,0.0,4809,0.01,0.65,3073,0.6308992,0.0,-0.4347371956549116,-1.8988917505998394e-08,0.0,0.0,0.0003613277319042633,-0.6797846163673914,2.367557867163281,-0.35816612827750627,-0.27417568274544313,-0.07697745566262641,802,0.19812889124671476,0.5,-0.0003043616112942497,-0.05670676982488662,-0.289719898681559,-45.33750420999999,-0.17016423717381896,147.02,-0.30520988695015594,14782464,0.0,-0.613123777874775,0.0003,0.9600797891616821,1.0016463994979858,36448,-0.012730038072913886,0.2,0.025985956,0.24312744140625,58.06972408294678,25.59480857849121,-34.07456951141357
0.0,0.0,-0.0007116931361235961,-0.16462288747556522,0.0,4815,0.01,0.65,3073,0.6304384000000001,0.0,-0.44111317949195467,-1.8335475820180564e-08,0.0,0.0,0.000405815549634604,-0.6649470632998309,2.369812509359528,-0.3485529032178985,-0.274577115451832,-0.07892531162336996,803,0.20044426661887324,0.5,0.0,-0.051805504301814985,-0.29247464015141494,-47.13053115,-0.17152444740192016,143.64,-0.3021182498260301,14800896,0.0,-0.6070931127974005,0.0003,0.9630082845687866,1.0022366046905518,36452,-0.01588552778121084,0.2,0.035262354,0.31116943359375,55.56369762420654,28.601699829101562,-34.07642078399658
0.0,0.0,-0.0005509851332411882,-0.16926876371818472,0.0,4821,0.01,0.65,3073,0.6299776,0.0,-0.43566783602879844,-1.9115053569433413e-08,0.0,0.0,0.000392794728718905,-0.672618488148639,2.3732434320229845,-0.3503501043687377,-0.2745145548354906,-0.07677864885931175,804,0.20155376268274125,0.5,0.0,-0.05339155769415442,-0.2898060792741491,-43.299458730000005,-0.17187333368819221,144.34,-0.3021066297863969,14819328,0.0,-0.6158856997769983,0.0003,0.9611614346504211,1.0020127296447754,36456,-0.01607453213073313,0.2,0.029783944,0.27337646484375,51.802418899536136,23.054027557373047,-34.07872562408447
0.0,0.0,-0.0004360660496611313,-0.16798655948456773,0.0,4827,0.01,0.65,3073,0.6295168,0.0,-0.4373050621971282,-1.858252913077103e-08,0.0,0.0,0.00039279476752401225,-0.6731730498530991,2.356897520818864,-0.35431215697424556,-0.2746459760013203,-0.07701620138216564,805,0.19978474207816263,0.5,0.0,-0.05420887123572678,-0.2909624840429349,-46.034827969999995,-0.17088185889502014,140.88,-0.3018955632907431,14837760,0.0,-0.609234189618483,0.0003,0.967047393321991,1.0018199682235718,36459,-0.009471824237455925,0.2,0.039933734,0.32236328125,48.325384521484374,24.5673828125,-34.074239603678386
0.0,0.0,-0.000506062239911963,-0.17092651916991508,0.0,4833,0.01,0.65,3073,0.6290560000000001,0.0,-0.4320612492107523,-1.8325643373742694e-08,0.0,0.0,0.0004025603347044024,-0.655952388102945,2.3606558530513393,-0.33585114620517736,-0.27458304755581564,-0.08029746427433221,806,0.20073936682864899,0.5,0.0,-0.051048282513093485,-0.28579251375434406,-46.97976787,-0.17061502164746897,135.29,-0.3007132369522725,14856192,0.0,-0.6101986080573121,0.0003,0.9484519958496094,1.0015754699707031,36462,-0.006202336905213694,0.2,0.045755498,0.2864990234375,74.1627213160197,34.379268646240234,-34.07303110758463
0.0,0.0,-0.00033063550567717106,-0.16668009246120866,0.0,4839,0.01,0.65,3073,0.6285952,0.0,-0.4347397522977421,-1.8017923823733104e-08,0.0,0.0,0.0004014752792297966,-0.6539796432222672,2.3578215108497513,-0.34120742967056406,-0.274556869275637,-0.07691071154339914,807,0.19924210208156057,0.5,0.0,-0.05093002110940446,-0.2855409440542234,-47.51094689000001,-0.17100200442065042,137.35,-0.29975384914027414,14874624,0.0,-0.612674214517321,0.0003,0.9519859552383423,1.0024793148040771,36466,-0.014411500340793281,0.2,0.034779005,0.3303955078125,68.35699882507325,39.561161041259766,-34.083060073852536
0.0,0.0,-0.0018873433991118806,-0.1740911658424932,0.0,4845,0.01,0.65,3073,0.6281344,0.0,-0.4382577571244499,-1.9078312900908234e-08,0.0,0.0,0.00041124089491657086,-0.6754607626620336,2.337602150310162,-0.3526569541736258,-0.2744163164583677,-0.07817713668456715,808,0.19826135647428741,0.5,0.0,-0.055158802747548315,-0.28882762242054466,-49.42039713,-0.1712229573294608,139.19,-0.3016955077459515,14893056,0.0,-0.6132134655833137,0.0003,0.9415113925933838,1.0022389888763428,36470,-0.016619734885171055,0.2,0.02968498,0.27037353515625,80.62135810852051,35.40400314331055,-34.07938556671142
0.0,0.0,-0.001931639975442435,-0.16818561922876768,0.0,4851,0.01,0.65,3073,0.6276736,0.0,-0.4363865407391937,-1.8313774920922436e-08,0.0,0.0,0.0004307721553939498,-0.6575438498736674,2.3627549858072445,-0.34453788821656967,-0.27437500530088793,-0.07739560346499218,809,0.20135865454853594,0.5,0.0,-0.05171892466475637,-0.2888571697390059,-46.02912087000001,-0.1713133660197797,138.47,-0.2996320242917231,14911488,0.0,-0.6133011146806414,0.0003,0.9387558102607727,1.0020928382873535,36474,-0.017186455731280147,0.2,0.033301882,0.27215576171875,88.57751388549805,41.32879638671875,-34.07769622802734
0.0,0.0,-0.0005207351328732089,-0.17383423054161726,0.0,4857,0.01,0.65,3073,0.6272128,0.0,-0.43722337382940474,-1.878460067322938e-08,0.0,0.0,0.00043077217479650345,-0.6706847766780336,2.3561489907822395,-0.3596675250133712,-0.2746934944812612,-0.07691236159964701,810,0.20100572687602358,0.5,0.0,-0.056029835980432686,-0.2917798706445202,-45.10803007,-0.1710938015928124,146.39,-0.30189406606683833,14929920,0.0,-0.611805170828146,0.0003,0.9509991407394409,1.0022464990615845,36478,-0.017218775837682186,0.2,0.031777672,0.293701171875,65.76567306518555,24.676288604736328,-34.07892894744873
0.0,0.0,-0.0002096481552009551,-0.17092378698439836,0.0,4863,0.01,0.65,3073,0.626752,0.0,-0.4387462817134123,-1.8685812871196156e-08,0.0,0.0,0.00040473048445872136,-0.6709943490004816,2.3628096148314857,-0.3556178608486583,-0.27511727758738425,-0.07633981096885233,811,0.19941119573852287,0.5,0.0,-0.05436042837048797,-0.2914708235030741,-45.73303542000001,-0.1704741179959638,140.59,-0.30325656226439596,14948352,0.0,-0.6100284279189038,0.0003,0.971420407295227,1.0021932125091553,36482,-0.012120233010500669,0.2,0.03855442,0.31483154296875,40.79690151214599,17.73305320739746,-34.07931270599365
0.0,0.0,-0.00037420892100004083,-0.1715902504698174,0.0,4869,0.01,0.65,3073,0.6262912,0.0,-0.4347756221820719,-1.8420722085547867e-08,0.0,0.0,0.000404730503861275,-0.6702066945831445,2.362555392497693,-0.35964734165414813,-0.27445150990777034,-0.07599799219791514,812,0.20033607685291602,0.5,0.0,-0.055703345801713273,-0.28962734038597593,-44.74768726000001,-0.17099963842695692,146.44,-0.30311039966814973,14966784,0.0,-0.614571914485962,0.0003,0.9551413655281067,1.0021920204162598,36486,-0.012869026977568865,0.2,0.028920595,0.28707275390625,65.23194675445556,27.319293975830078,-34.07804927825928
0.0,0.0,-0.0005011795516801405,-0.1678450665821866,0.0,4875,0.01,0.65,3073,0.6258304,0.0,-0.4359370443748141,-1.8229625900656328e-08,0.0,0.0,0.0003808589729790886,-0.6618000303162936,2.3663313199715112,-0.34735909951235144,-0.2742203390021862,-0.07755369379043563,813,0.20153520338917608,0.5,0.0,-0.0517998931214626,-0.28878067026567567,-47.45302754,-0.17100923867331827,138.21,-0.3030500004038883,14985216,0.0,-0.6103888261460088,0.0003,0.964614748954773,1.0022791624069214,36490,-0.015513198194094002,0.2,0.02799527,0.26732177734375,50.851555824279785,26.828157424926758,-34.08032512664795
0.0,0.0,-0.0003601706841075815,-0.16719385378498977,0.0,4881,0.01,0.65,3073,0.6253696,0.0,-0.4353244316554049,-1.865557203116695e-08,0.0,0.0,0.00034613675153296854,-0.6706163377699068,2.3692969015907206,-0.35352499678913873,-0.27469539774548213,-0.07854919042149305,814,0.1990758243491722,0.5,0.0,-0.05400159888578273,-0.2896022018406928,-46.51471296,-0.17008261807082425,141.01,-0.3041237308439198,15003648,0.0,-0.6130842528180122,0.0003,0.954327404499054,1.0027251243591309,36494,-0.01460247547365725,0.2,0.03718213,0.317236328125,64.37106971740722,28.800064086914062,-34.08479747772217
0.0,0.0,-0.00031403119942510397,-0.16775401958664415,0.0,4887,0.01,0.65,3073,0.6249088,0.0,-0.43917427837827827,-1.8243776677979527e-08,0.0,0.0,0.0003613277222029865,-0.6561590849560487,2.362292554099234,-0.3482579226972684,-0.2744164578166305,-0.07772792565495978,815,0.2012570012001732,0.5,0.0,-0.05202964853409401,-0.29058147917507454,-46.72309918999999,-0.1716168142055326,138.48,-0.3028287089381243,15022080,0.0,-0.6123708558554755,0.0003,0.9550656080245972,1.0016539096832275,36498,-0.014607725583482533,0.2,0.026534593,0.2556396484375,65.59835224151611,31.584211349487305,-34.074653244018556
0.0,0.0,-0.0002921635168048049,-0.1713104565567744,0.0,4893,0.01,0.65,3073,0.624448,0.0,-0.435209601795865,-1.900774726649245e-08,0.0,0.0,0.0003493919567618933,-0.6817978514919079,2.358589682473441,-0.3625689779635003,-0.2745385860883317,-0.07863910053895823,816,0.19810012221778775,0.5,0.0,-0.056520778168822824,-0.2899459646689189,-47.565334119999996,-0.17016038618841034,142.63,-0.3067064089033825,15040512,0.0,-0.6130922836093005,0.0003,0.951281726360321,1.002111554145813,36502,-0.016033601062372328,0.2,0.02878511,0.29140625,69.31390743255615,37.961124420166016,-34.07521343231201
0.0,0.0,-0.00048388882374296026,-0.17192085335174143,0.0,4899,0.01,0.65,3073,0.6239872,0.0,-0.4359298140097722,-1.8656887065496995e-08,0.0,0.0,0.0003819440284536944,-0.6649834469398733,2.345701075518581,-0.35455189501823114,-0.2746142412689172,-0.07955786203480696,817,0.19851681307295033,0.5,0.0,-0.05509704856017963,-0.2895067516876183,-48.753150670000004,-0.17094994407590772,136.81,-0.30325700640882175,15058944,0.0,-0.6107724456603761,0.0003,0.9596403241157532,1.001593828201294,36506,-0.014023257442750037,0.2,0.037521742,0.30936279296875,57.52791328430176,26.460437774658203,-34.07257232666016
0.0,0.0,-0.0003799809445194846,-0.1707647613075628,0.0,4905,0.01,0.65,3073,0.6235264,0.0,-0.435885969749812,-1.834061537261158e-08,0.0,0.0,0.00036132770280043286,-0.6740584177353417,2.360183899856011,-0.35963427071089415,-0.2742877483492545,-0.07831917672605772,818,0.19771318192808987,0.5,0.0,-0.05528115432065462,-0.29048028930459796,-49.351561000000004,-0.1705016309551608,140.84,-0.3055727509309024,15077376,0.0,-0.6112327965300706,0.0003,0.9491957426071167,1.0018960237503052,36510,-0.014369121845811605,0.2,0.025866974,0.27364501953125,70.76721439361572,32.84104919433594,-34.074876403808595
0.0,0.0,-0.00036123999529672597,-0.1708297789957706,0.0,4911,0.01,0.65,3073,0.6230656,0.0,-0.4357616392533515,-1.8854709411859125e-08,0.0,0.0,0.00038302911303213076,-0.6701013526225369,2.38027585925009,-0.36181036394624044,-0.2745906521324851,-0.07680295810853142,819,0.2013223546994248,0.5,0.0,-0.05634937112747482,-0.2932480624269358,-43.55177807,-0.17040229309855157,148.46,-0.3005309827466893,15095808,0.0,-0.6082729650753282,0.0003,0.9558594822883606,1.0019382238388062,36514,-0.015299683925695718,0.2,0.027427059,0.25906982421875,62.33720149993896,23.765058517456055,-34.074150466918944
0.0,0.0,-0.0002398757049707974,-0.17023811112209064,0.0,4917,0.01,0.65,3073,0.6226048,0.0,-0.4373535768515208,-1.8706911175843416e-08,0.0,0.0,0.00037977388840065233,-0.6628167809450043,2.358405840803604,-0.3560428058618802,-0.27461314069456955,-0.07668946112280531,820,0.2005505771167199,0.5,0.0,-0.0541970781071945,-0.2900274187335106,-46.08864974,-0.17079273279363974,140.08,-0.30324319177398246,15114240,0.0,-0.6098721858732391,0.0003,0.9712058305740356,1.001873254776001,36518,-0.012825292762136087,0.2,0.03198932,0.26722412109375,39.55904169082642,13.866215705871582,-34.07371921539307
0.0,0.0,-0.00034612287366148905,-0.16378648792318315,0.0,4923,0.01,0.65,3073,0.622144,0.0,-0.43317230571270654,-1.775070438847561e-08,0.0,0.0,0.00040256029589929513,-0.6306043767349938,2.3446975067964946,-0.32862887230614635,-0.27432887319775356,-0.07906863915653972,821,0.20223565258419274,0.5,0.0,-0.04704145428830006,-0.28470276353163226,-45.308115539999996,-0.1719805052331893,129.94,-0.3001398825236732,15132672,0.0,-0.6123188318526209,0.0003,0.9495548605918884,1.002392292022705,36522,-0.011323587922379374,0.2,0.039827067,0.3592529296875,73.96677131652832,39.22677230834961,-34.081539154052734
0.0,0.0,-0.00030952834974075426,-0.1676437836307551,0.0,4929,0.01,0.65,3073,0.6216832,0.0,-0.43410276186739705,-1.844498866996999e-08,0.0,0.0,0.0004134110446708898,-0.6538172508612522,2.347807589486494,-0.3472098918364517,-0.27385963467601404,-0.07583411192349238,822,0.20080913914755605,0.5,0.0,-0.051777917673904196,-0.2881554730264473,-43.56927457,-0.1706927582016994,140.04,-0.3014863461418041,15151104,0.0,-0.6090823497560005,0.0003,0.9324643611907959,1.001497507095337,36526,-0.01566874593263492,0.2,0.02037861,0.21046142578125,94.1510066986084,41.327884674072266,-34.07183418273926
0.0,0.0,-0.00015114434161489436,-0.16468736251889943,0.0,4935,0.01,0.65,3073,0.6212224,0.0,-0.4372369542443249,-1.7940693210929322e-08,0.0,0.0,0.00040473048445872136,-0.6394859366853255,2.3523527045824886,-0.3373387791048146,-0.2748302791477748,-0.07740546454372461,823,0.20339116041800953,0.5,0.0,-0.04767322538036481,-0.2879534688532644,-44.751670669999996,-0.17224747659760023,136.54,-0.30197146817916476,15169536,0.0,-0.6121009347015174,0.0003,0.944566547870636,1.001650333404541,36530,-0.015261044166982174,0.2,0.026571583,0.25308837890625,78.23214607238769,45.427581787109375,-34.07146301269531
0.0,0.0,-0.0001674248788385101,-0.16578144700052835,0.0,4941,0.01,0.65,3073,0.6207616,0.0,-0.4356232033263303,-1.8174575025644722e-08,0.0,0.0,0.0003960499145452761,-0.6449862513858975,2.3560335850855214,-0.34199688620152613,-0.27395614891313813,-0.07753182429372588,824,0.20214812377021654,0.5,0.0,-0.05009673197715389,-0.2894000588609658,-45.80585703,-0.17136525940834949,135.73,-0.30067754565707266,15187968,0.0,-0.607638940786703,0.0003,0.9320974349975586,1.0013961791992188,36534,-0.014616877003572882,0.2,0.030352792,0.27490234375,94.41800117492676,48.48746109008789,-34.069996452331544
0.0,0.0,-0.0001362115941637109,-0.17226797179092695,0.0,4947,0.01,0.65,3073,0.6203008,0.0,-0.4367044294348838,-1.8697454525161216e-08,0.0,0.0,0.00040364544838666916,-0.6672017804862385,2.344930060222913,-0.35854953731529693,-0.274304343492499,-0.07491815157165123,825,0.19874887039337674,0.5,0.0,-0.05524162401508173,-0.2917537511243535,-49.585428189999995,-0.17128713119991515,136.73,-0.3031190256951907,15206400,0.0,-0.6102471258082632,0.0003,0.935617983341217,1.0019705295562744,36538,-0.014206803881097584,0.2,0.024792653,0.21751708984375,90.36362724304199,42.32395935058594,-34.0746467590332
0.0,0.0,-0.00017057453402909977,-0.16899616578282065,0.0,4953,0.01,0.65,3073,0.61984,0.0,-0.43402800420260557,-1.8324773432202238e-08,0.0,0.0,0.00041015582003941137,-0.6522047974451076,2.358799066675072,-0.34306672144097267,-0.2743224251287113,-0.07562899277889418,826,0.2028064216167462,0.5,0.0,-0.050957088358252994,-0.2883832200025386,-44.57983586,-0.17188663390729342,139.42,-0.3018072255350615,15224832,0.0,-0.6111193097940238,0.0003,0.938768208026886,1.0018267631530762,36542,-0.0153934141038917,0.2,0.026863882,0.25225830078125,86.83223724365234,37.998573303222656,-34.075787734985354
0.0,0.0,-0.000254112410332015,-0.16411403167352145,0.0,4959,0.01,0.65,3073,0.6193792,0.0,-0.4343939480207435,-1.8081754671554267e-08,0.0,0.0,0.0003982200448970414,-0.6487822073623797,2.359093858624183,-0.3380475468688017,-0.2743586521599657,-0.0746596035235933,827,0.20278276945911672,0.5,0.0,-0.04762938515140557,-0.2870971311808058,-43.291847960000005,-0.17136617401126322,140.39,-0.30173765932980223,15243264,0.0,-0.6130239305915491,0.0003,0.9511367082595825,1.0017201900482178,36546,-0.015377246448770166,0.2,0.02902184,0.2365478515625,63.7068696975708,34.65943908691406,-34.07211170196533
0.0,0.0,-0.00023215582867180902,-0.171494307962975,0.0,4965,0.01,0.65,3073,0.6189184,0.0,-0.4362545002872797,-1.8893542244744357e-08,0.0,0.0,0.0003862843376636091,-0.6646136794603993,2.351518610507843,-0.357972788675706,-0.27431027641925176,-0.07513268396866951,828,0.20071252004137147,0.5,0.0,-0.054543768789340655,-0.28998836319265764,-47.71281921,-0.1710349305045263,143.64,-0.3040916004518303,15261696,0.0,-0.6115416170763235,0.0003,0.955513060092926,1.0019056797027588,36550,-0.016131780785508455,0.2,0.027533382,0.27703857421875,59.21864032745361,28.665082931518555,-34.07587490081787
0.0,0.0,-0.00020318857150497307,-0.16479032354854287,0.0,4971,0.01,0.65,3073,0.6184575999999999,0.0,-0.43218147878651764,-1.7670928622260963e-08,0.0,0.0,0.0004340273606228746,-0.6440164741818941,2.3318266626189725,-0.3330082312305662,-0.27429371457007146,-0.07415698837223375,829,0.2020391312071149,0.5,0.0,-0.04766203091991075,-0.2840393238663659,-48.939168519999996,-0.17208439302247022,128.58,-0.302087140013326,15280128,0.0,-0.6107079066665978,0.0003,0.9553409814834595,1.0019400119781494,36554,-0.014346286479849368,0.2,0.029788798,0.28607177734375,63.46498050689697,25.920368194580078,-34.07644538879394
0.0,0.0,-0.0001901350474312448,-0.16835435579357091,0.0,4977,0.01,0.65,3073,0.6179968,0.0,-0.43162006339897735,-1.775447556621303e-08,0.0,0.0,0.0003960499048439993,-0.6442253294782524,2.3440469504953865,-0.3374292107899909,-0.27489207946487076,-0.07545302193922741,830,0.20214957180456705,0.5,0.0,-0.049688196670893164,-0.285445111303024,-46.26505833,-0.17067059089537467,134.95,-0.3019827420760847,15298560,0.0,-0.6103606525471686,0.0003,0.9148256778717041,1.001288890838623,36558,-0.010934784798882902,0.2,0.020792345,0.216845703125,116.71630783081055,58.25032424926758,-34.06979503631592
0.0,0.0,-0.00027976321691435967,-0.16925303024662794,0.0,4983,0.01,0.65,3073,0.617536,0.0,-0.4326472159330866,-1.811135659575582e-08,0.0,0.0,0.0004307721553939498,-0.6474403658272675,2.337116203748005,-0.3450007518879457,-0.2743917781854639,-0.07455840708079968,831,0.20180319437787025,0.5,0.0,-0.05158644384838821,-0.2861121035656493,-47.419389849999995,-0.17075730663062427,134.82,-0.30188290932009365,15316992,0.0,-0.6098472536052902,0.0003,0.9421336650848389,1.001456618309021,36562,-0.013107113144360482,0.2,0.022695858,0.20914306640625,73.99631385803222,31.299396514892578,-34.06907844543457
0.0,0.0,-0.00010333742922381078,-0.1709304528884574,0.0,4989,0.01,0.65,3073,0.6170751999999999,0.0,-0.43009358922509566,-1.876146105593796e-08,0.0,0.0,0.00043945271560611826,-0.6508502658492393,2.356475435542963,-0.3473569730908012,-0.2747762310331711,-0.07512006685408387,832,0.20261218211649454,0.5,0.0,-0.05195055185984643,-0.28516037886825535,-44.64218666000001,-0.17109931831722464,139.08,-0.30030611820609165,15335424,0.0,-0.6095253804213132,0.0003,0.9306166768074036,1.001785159111023,36566,-0.015313386742491275,0.2,0.030402556,0.27689208984375,95.98855285644531,36.54331970214844,-34.07348155975342
0.0,0.0,-0.00013629027833321218,-0.16850841094412433,0.0,4995,0.01,0.65,3073,0.6166144,0.0,-0.43079293925454554,-1.8595187110518247e-08,0.0,0.0,0.00045681379722534784,-0.6527861464973089,2.339570550385522,-0.34377723269635957,-0.275048607153729,-0.07335786399317468,833,0.2021583137531649,0.5,0.0,-0.05099505313702385,-0.2852853216342805,-47.54183604999999,-0.17163830394620774,133.54,-0.3021205711593569,15353856,0.0,-0.6113115682560133,0.0003,0.9515194892883301,1.002590537071228,36570,-0.014090109698008746,0.2,0.030427236,0.307275390625,65.50897006988525,32.00430679321289,-34.08148593902588
0.0,0.0,-0.00020904227706700098,-0.17332241949023441,0.0,5001,0.01,0.65,3073,0.6161536000000001,0.0,-0.4322436136825975,-1.8723960206863998e-08,0.0,0.0,0.00039930517798186175,-0.6635201000505764,2.353899338225884,-0.35651379756612595,-0.2746096756867856,-0.07233614656091707,834,0.20013331344300941,0.5,0.0,-0.05522835450307465,-0.28759578454548373,-44.73229118000001,-0.17012894410847573,144.37,-0.30189553625515814,15372288,0.0,-0.608179673458055,0.0003,0.9421960115432739,1.0025025606155396,36574,-0.01603005671640858,0.2,0.030079633,0.28336181640625,77.25124130249023,37.58008575439453,-34.08458652496338
0.0,0.0,-9.250496220581873e-05,-0.1693966303900555,0.0,5007,0.01,0.65,3073,0.6156927999999999,0.0,-0.4287484275191539,-1.821214410458382e-08,0.0,0.0,0.000409070793668636,-0.6517832862251743,2.3389287448244525,-0.34557406275957697,-0.27480128086683675,-0.07232020992021866,835,0.19894209934822357,0.5,0.0,-0.052419451998406946,-0.2815943337107448,-46.76379260000001,-0.17034489245277581,130.85,-0.30230168381222167,15390720,0.0,-0.6078750254311495,0.0003,0.9586713314056396,1.0017703771591187,36578,-0.015999380056746303,0.2,0.03209599,0.28565673828125,56.0414436340332,23.91216468811035,-34.07380542755127
0.0,0.0,-0.00021799650882506596,-0.17208411760359138,0.0,5013,0.01,0.65,3073,0.615232,0.0,-0.43336846338323104,-1.8738799581368487e-08,0.0,0.0,0.0004394526962035646,-0.6647994657654439,2.344699912237436,-0.3486453609276503,-0.2745425772483493,-0.07500491840702196,836,0.19973024024497724,0.5,0.0,-0.053219713213018056,-0.2871715972007276,-47.86926899,-0.17158132466904752,138.49,-0.3006465601730721,15409152,0.0,-0.6119521170398147,0.0003,0.9277914762496948,1.0012316703796387,36582,-0.01028908893931657,0.2,0.031777576,0.29437255859375,98.99741134643554,44.413883209228516,-34.0694221496582
0.0,0.0,-0.00013376622418547856,-0.1679599772434711,0.0,5019,0.01,0.65,3073,0.6147712000000001,0.0,-0.4315251515058219,-1.812589246654982e-08,0.0,0.0,0.0004058155593358808,-0.6527607899759061,2.339333359892446,-0.34432050400596537,-0.27458982126393944,-0.0748944181029309,837,0.1987404591700767,0.5,0.0,-0.05187235707202755,-0.2863416902257509,-49.84517693,-0.17066370475452816,129.67,-0.30440989772503707,15427584,0.0,-0.6097791476886545,0.0003,0.9428101181983948,1.0013642311096191,36586,-0.015449886920396238,0.2,0.028165083,0.24801025390625,78.66081199645996,32.439579010009766,-34.06918239593506
0.0,0.0,-0.00014900211665751738,-0.1713912553427167,0.0,5025,0.01,0.65,3073,0.6143103999999999,0.0,-0.4291025999019929,-1.8169686351436785e-08,0.0,0.0,0.0004275169501650251,-0.656027702748928,2.336728509606597,-0.34230062675829587,-0.27508534026934345,-0.07435189870386022,838,0.19888664552263163,0.5,0.0,-0.05290445119108207,-0.2833013094885086,-48.28711206999999,-0.1713915716870293,132.84,-0.300890569610057,15446016,0.0,-0.609198550366387,0.0003,0.9326320886611938,1.0018669366836548,36590,-0.01594179922249168,0.2,0.023885086,0.2365966796875,92.68704185485839,52.1883430480957,-34.07400035858154
0.0,0.0,-0.00014193265856695487,-0.1722219104469199,0.0,5031,0.01,0.65,3073,0.6138496,0.0,-0.4298776832090817,-1.908459454319168e-08,0.0,0.0,0.0004025603832107865,-0.669300894568876,2.349350215611355,-0.3583270190705467,-0.2750660561253623,-0.07498236027352864,839,0.19939707048801936,0.5,0.0,-0.05633768068245225,-0.288530656781547,-46.42064047000001,-0.17128306157297085,137.82,-0.3032938935300375,15464448,0.0,-0.6061753224052744,0.0003,0.9307392835617065,1.0015281438827515,36594,-0.014590675849467516,0.2,0.025580889,0.24476318359375,97.72494010925293,45.55303192138672,-34.072523498535155
0.0,0.0,-0.00017136955639504624,-0.17329041155061936,0.0,5037,0.01,0.65,3073,0.6133888000000001,0.0,-0.43098345459276655,-1.8705390168690393e-08,0.0,0.0,0.00042643190439169604,-0.66590755542191,2.3444306048348267,-0.3585032697257967,-0.2747860336955713,-0.07309176682368164,840,0.19943585320076554,0.5,0.0,-0.05562217976932658,-0.28722750415012727,-44.30293882999999,-0.17161512159072834,141.25,-0.30063906190976397,15482880,0.0,-0.6063038267191271,0.0003,0.9539555907249451,1.001783847808838,36598,-0.015126462292391807,0.2,0.028912056,0.25167236328125,65.54184398651122,34.49552536010742,-34.0725601196289
0.0,0.0,-0.0013103717435439957,-0.1705874556855106,0.0,5043,0.01,0.65,3073,0.6129279999999999,0.0,-0.4288549339105384,-1.801192789171244e-08,0.0,0.0,0.0004709196930182063,-0.6535666915642172,2.3215994885050115,-0.34022988746324034,-0.2745143306983693,-0.07323133619701558,841,0.19921528661948318,0.5,0.0,-0.05135316742897893,-0.28159602502206366,-49.78063568,-0.17145112227757092,129.6,-0.3024593943122639,15501312,0.0,-0.611503023532848,0.0003,0.9535573124885559,1.002053141593933,36602,-0.01608532132813707,0.2,0.026373262,0.26475830078125,66.35895900726318,28.624996185302734,-34.076617050170896
0.0,0.0,-0.00013408778237512212,-0.17119118880187967,0.0,5049,0.01,0.65,3073,0.6124672,0.0,-0.42802214960242463,-1.852665539559982e-08,0.0,0.0,0.0004351123966949268,-0.6562105626225485,2.3388077807869565,-0.34780830275058155,-0.2751329932023757,-0.07365071145912855,842,0.20052844539112552,0.5,-1.953120550347699e-05,-0.05341079492641423,-0.2833777083557203,-47.776964279999994,-0.17086193457273954,131.5,-0.3015438005547704,15519744,0.0,-0.6090687037825258,0.0003,0.9326131343841553,1.0017164945602417,36606,-0.015478674101177602,0.2,0.02618609,0.2404052734375,92.50129356384278,45.32825469970703,-34.074195861816406
0.0,0.0,-0.00015221237040850052,-0.1705299314927135,0.0,5055,0.01,0.65,3073,0.6120064000000001,0.0,-0.4285463575967639,-1.8507021648462704e-08,0.0,0.0,0.0004535586308015303,-0.6539447407897124,2.341224459369739,-0.35305382877063346,-0.2748778810106773,-0.07395422409700986,843,0.20002637155194813,0.5,0.0,-0.054456449041519,-0.2851894453453752,-45.58548646,-0.1708855881082529,138.63,-0.2990876619705478,15538176,0.0,-0.608821348307005,0.0003,0.9347802400588989,1.0017411708831787,36610,-0.015749233844690024,0.2,0.025493592,0.23890380859375,89.2993179321289,47.71939468383789,-34.07435855865479
0.0,0.0,-3.7581078956806125e-05,-0.1732802037295819,0.0,5061,0.01,0.65,3073,0.6115456,0.0,-0.4292261817217533,-1.8727678439018286e-08,0.0,0.0,0.0004383676116251283,-0.6580829932125442,2.3290999581651946,-0.34808720968227047,-0.27512022204714703,-0.07549744544806261,844,0.19821238151206613,0.5,0.0,-0.05435319335072987,-0.2835967207625906,-49.389008950000004,-0.17129009382984975,130.37,-0.3007905109611537,15556608,0.0,-0.6063451342213602,0.0003,0.9486514329910278,1.0019681453704834,36614,-0.015974545548669995,0.2,0.024506697,0.2381591796875,69.39639320373536,33.95667266845703,-34.075145149230956
0.0,0.0,-3.71369966061302e-05,-0.1734455312758444,0.0,5067,0.01,0.65,3073,0.6110848,0.0,-0.4277304367157011,-1.838033163465898e-08,0.0,0.0,0.0004654943768400699,-0.6537625228771747,2.3317460379995376,-0.3505911420518172,-0.2753540807746584,-0.07441689790394446,845,0.20114368577836006,0.5,0.0,-0.054748787864903704,-0.2839619001748683,-48.84771817000001,-0.17118008978179836,131.27,-0.2973780381441824,15575040,0.0,-0.6075434003166476,0.0003,0.9379906058311462,1.0019071102142334,36618,-0.01521868429845199,0.2,0.025192086,0.23836669921875,85.46100311279297,35.627628326416016,-34.075979232788086
0.0,0.0,-4.8409681844404245e-05,-0.1713570840367068,0.0,5073,0.01,0.65,3073,0.6106240000000001,0.0,-0.42846826399969645,-1.8790976574098952e-08,0.0,0.0,0.000468749562666441,-0.6574190605943716,2.3314155008475668,-0.3492724498165856,-0.27522783469897255,-0.07213319095729426,846,0.19878795409219893,0.5,0.0,-0.053951681662505184,-0.2822328757885318,-49.19122539,-0.17085024231398757,135.51,-0.3012873718388444,15593472,0.0,-0.6083346366699971,0.0003,0.9333330988883972,1.0019245147705078,36622,-0.015157391456887126,0.2,0.030390833,0.24947509765625,90.93277435302734,39.144248962402344,-34.07564792633057
0.0,0.0,-0.00011510383368466758,-0.1726014678140929,0.0,5079,0.01,0.65,3073,0.6101632,0.0,-0.42459306190513124,-1.8740868693864297e-08,0.0,0.0,0.00041232593098862306,-0.6736368608521766,2.3398336891178793,-0.3485124572203814,-0.2754506060806001,-0.0755185555052298,847,0.1967484866584083,0.5,0.0,-0.05585199230067336,-0.28020371642745956,-47.264786189999995,-0.17077097818416315,134.72,-0.30273687236675356,15611904,0.0,-0.6052615583460381,0.0003,0.9331984519958496,1.0024596452713013,36626,-0.015555818006396294,0.2,0.032569356,0.29493408203125,90.30599708557129,44.175235748291016,-34.081044578552245
0.0,0.0,-9.292345031503373e-05,-0.17482256517110836,0.0,5085,0.01,0.65,3073,0.6097024,0.0,-0.4254766154557742,-1.9404012359388413e-08,0.0,0.0,0.00040473049415999814,-0.6757261198784532,2.333479270823001,-0.36234337372098907,-0.2755282233648128,-0.07354714121764579,848,0.19500821207772945,0.5,0.0,-0.05917657104844641,-0.28249677277863755,-47.62860365999999,-0.17059490262384353,143.52,-0.30199848256961254,15630336,0.0,-0.6075835317662558,0.0003,0.9455488920211792,1.0022706985473633,36630,-0.016181269683875142,0.2,0.03328224,0.2782470703125,72.42281646728516,36.59275817871094,-34.07981548309326
0.0,0.0,-5.265463982697187e-05,-0.16692754135537194,0.0,5091,0.01,0.65,3073,0.6092416,0.0,-0.4263444814149755,-1.8333720675465465e-08,0.0,0.0,0.00043077213599139615,-0.6405080681493095,2.342855041814361,-0.3419021512394175,-0.2753192703595594,-0.07348310811730063,849,0.1999247850519424,0.5,0.0,-0.05181409489298213,-0.28125755476977377,-45.80621267000001,-0.17164051972320618,133.31,-0.30064201527788526,15648768,0.0,-0.6078528957493704,0.0003,0.9528639316558838,1.0023531913757324,36634,-0.014596894185524434,0.2,0.032529272,0.287548828125,63.60843620300293,32.08478546142578,-34.0800142288208
0.0,0.0,-0.00012178253569383043,-0.16677348363327577,0.0,5097,0.01,0.65,3073,0.6087808,0.0,-0.42719743674178773,-1.859657486888024e-08,0.0,0.0,0.0003938797938947876,-0.6552250530912052,2.3262913591572882,-0.33797693776336396,-0.2756190799078372,-0.07391246006706789,850,0.19680562206338334,0.5,-1.953120550347699e-05,-0.05096078955723725,-0.27920448078376375,-47.86148707000001,-0.17164337677538577,128.64,-0.3013031546095089,15667200,0.0,-0.6090244232116953,0.0003,0.9434174299240112,1.0020294189453125,36638,-0.013909555866848677,0.2,0.03159994,0.315087890625,75.52603492736816,34.601016998291016,-34.077289772033694
0.0,0.0,-9.802447705116147e-05,-0.17610708896098523,0.0,5103,0.01,0.65,3073,0.60832,0.0,-0.42387524158922213,-1.9840845159925153e-08,0.0,0.0,0.0004318572205698325,-0.6642728004277189,2.3396236074040164,-0.3597561283110197,-0.2755663281695307,-0.07423950335321897,851,0.19855676690321503,0.5,0.0,-0.05826570464016142,-0.28274837325622654,-48.52791272,-0.17128152658410994,134.06,-0.30059171794075856,15685632,0.0,-0.6108754235782029,0.0003,0.9328078031539917,1.0019917488098145,36642,-0.015414927550591529,0.2,0.028479934,0.25745849609375,92.98291473388672,55.113525390625,-34.07530517578125
0.0,0.0,-0.000642318355461138,-0.17218846269844362,0.0,5109,0.01,0.65,3073,0.6078592,0.0,-0.4247100936358624,-1.909201019027771e-08,0.0,0.0,0.00042426171583226987,-0.6593807708579792,2.3434592231937073,-0.3540241774342239,-0.2752397174242833,-0.07336754014548935,852,0.1989603997726062,0.5,0.0,-0.05555874295802616,-0.2830324937044166,-48.0268555,-0.17076025541082673,139.6,-0.30228968097871567,15704064,0.0,-0.6123122957866465,0.0003,0.9402029514312744,1.0017880201339722,36646,-0.016149681177921593,0.2,0.031517066,0.2828125,85.63388366699219,36.30889892578125,-34.07444038391113
0.0,0.0,-0.00013854817608079892,-0.16774717421204102,0.0,5115,0.01,0.65,3073,0.6073984,0.0,-0.4261994083328565,-1.8954555907361007e-08,0.0,0.0,0.0004003902043526371,-0.6516473703507958,2.339117511753861,-0.34883112422900736,-0.27546319895667926,-0.0735660292964432,853,0.19842546987073637,0.5,0.0,-0.053824578587196664,-0.2788203061371734,-47.43159771,-0.17159512593220466,134.84,-0.30217554709385214,15722496,0.0,-0.6090267711173014,0.0003,0.9514117240905762,1.001988410949707,36650,-0.015871144516859205,0.2,0.030876469,0.28699951171875,66.20905590057373,33.11362838745117,-34.07519302368164
0.0,0.0,-0.00011752496750333101,-0.17131916826907137,0.0,5121,0.01,0.65,3073,0.6069376,0.0,-0.42506622368021746,-1.8797789800863917e-08,0.0,0.0,0.00043294224694060784,-0.6476453025293147,2.327532019843117,-0.34204270488488064,-0.27553475147614,-0.07426124129238847,854,0.19986939011625157,0.5,0.0,-0.05242177502710452,-0.2791590043169582,-46.657775029999996,-0.17171586294690472,135.98,-0.29994620353769125,15740928,0.0,-0.6112185491799522,0.0003,0.9475164413452148,1.0021753311157227,36654,-0.015389986010268331,0.2,0.031459186,0.29849853515625,71.63471374511718,34.363014221191406,-34.07696113586426
0.0,0.0,-0.00014489773671686607,-0.16995398382220206,0.0,5127,0.01,0.65,3073,0.6064768,0.0,-0.4263491726897922,-1.9545918753826344e-08,0.0,0.0,0.00037326347794280283,-0.6597696446002805,2.3498463578635875,-0.3535755027652912,-0.2754611974456737,-0.07432157303237055,855,0.19914887288217692,0.5,0.0,-0.05570030181352054,-0.28047536096998127,-46.214130589999996,-0.17050941015688625,139.05,-0.3013257914406205,15759360,0.0,-0.6097094137617609,0.0003,0.9405611753463745,1.002171277999878,36658,-0.015318923187442124,0.2,0.030082423,0.27132568359375,81.10915317535401,39.73200607299805,-34.07858467102051
0.0,0.0,-0.00015086726223121578,-0.16664955647863636,0.0,5133,0.01,0.65,3073,0.606016,0.0,-0.42768257917688934,-1.887081395653243e-08,0.0,0.0,0.00045898393727838993,-0.6462026422895976,2.3351255577223626,-0.3370251980198298,-0.2758234299881404,-0.07411030309309154,856,0.19950243426707576,0.5,0.0,-0.049880895095045535,-0.2799366884274235,-46.84534614999998,-0.17267966034830565,131.7,-0.29941090228152123,15777792,0.0,-0.6118466589661504,0.0003,0.9445011019706726,1.0022213459014893,36662,-0.014739761967211962,0.2,0.03127051,0.2667236328125,75.63414001464844,29.136966705322266,-34.07876071929932
0.0,0.0,-0.000122912549475774,-0.16924710172790114,0.0,5139,0.01,0.65,3073,0.6055552,0.0,-0.4259089633761351,-1.8423616710266498e-08,0.0,0.0,0.00042426172553354665,-0.6446714904921206,2.334501330224976,-0.34072995901446645,-0.2754215412415783,-0.07549107809719995,857,0.20033722022486433,0.5,0.0,-0.051699862026034354,-0.2791834011328062,-47.68424505000001,-0.17218478453130417,130.37,-0.29877686492446776,15796224,0.0,-0.6088250805199426,0.0003,0.9399147033691406,1.0024906396865845,36666,-0.01578698994126171,0.2,0.028124144,0.27021484375,79.72010536193848,44.059574127197266,-34.08157730102539
0.0,0.0,-9.793640043642744e-05,-0.1694498577489027,0.0,5145,0.01,0.65,3073,0.6050944,0.0,-0.4285872159931606,-1.8963176867306362e-08,0.0,0.0,0.0004090707257596983,-0.651567486914137,2.3256054065144873,-0.3452668928904587,-0.27563421025073764,-0.07431578155820265,858,0.1984898214867801,0.5,0.0,-0.05309369663019245,-0.2794988391395764,-47.106160009999996,-0.17193500741492798,136.85,-0.30364950375676675,15814656,0.0,-0.6103164413296489,0.0003,0.9455444812774658,1.0025811195373535,36670,-0.018098198459483683,0.2,0.03414855,0.29237060546875,73.45263366699218,29.470439910888672,-34.082506370544436
0.0,0.0,-6.104802463247351e-05,-0.17245528764293447,0.0,5151,0.01,0.65,3073,0.6046336,0.0,-0.42534274431428787,-1.9533481238924524e-08,0.0,0.0,0.00039496484936939343,-0.6573351989958856,2.3460972877555575,-0.3510746741057092,-0.27625878731172654,-0.07424761089648045,859,0.19928579923511058,0.5,0.0,-0.05545505345699969,-0.28120347587835526,-45.08160022999999,-0.1719584795553407,139.43,-0.30148698892835096,15833088,0.0,-0.6079382419084377,0.0003,0.9481201171875,1.0026109218597412,36674,-0.01453650143230334,0.2,0.033841398,0.2808837890625,69.14297065734863,34.36514663696289,-34.083875274658205
0.0,0.0,-0.00038698182249716326,-0.17040022797958457,0.0,5157,0.01,0.65,3073,0.6041728,0.0,-0.4246745397081615,-1.9507558234787577e-08,0.0,0.0,0.000385199243383896,-0.6555839568046199,2.3477733572853894,-0.34620553783456326,-0.2760474243024125,-0.074489049924866,860,0.1982064143416047,0.5,-5.425309710618523e-07,-0.054034221511735266,-0.28026521161366463,-44.33367250000001,-0.1717301054917761,141.17,-0.299529989040763,15851520,0.0,-0.6050713746127622,0.0003,0.9595327377319336,1.0021979808807373,36678,-0.014792199130170047,0.2,0.034153257,0.302587890625,55.188411712646484,23.125732421875,-34.079393005371095
0.0,0.0,-5.336666629325987e-05,-0.17312438024688456,0.0,5163,0.01,0.65,3073,0.603712,0.0,-0.42784229896281145,-1.9602306966746374e-08,0.0,0.0,0.0004025603347044024,-0.6659743528825033,2.3290610514981824,-0.34968701985959305,-0.27611424321661465,-0.0733670295132865,861,0.19535426819967847,0.5,0.0,-0.05635225278234489,-0.28098466251607274,-47.51353058999999,-0.1715474561734341,137.01,-0.30314815004868223,15869952,0.0,-0.6067474047184641,0.0003,0.95286625623703,1.0019216537475586,36682,-0.012159369746223092,0.2,0.027744055,0.2763427734375,63.14003429412842,32.4700927734375,-34.075930213928224
0.0,0.0,-3.386868490243282e-05,-0.17231099085388163,0.0,5169,0.01,0.65,3073,0.6032512,0.0,-0.42463817543171395,-1.937378546570784e-08,0.0,0.0,0.00043185721086855564,-0.6488122900952512,2.328889655876268,-0.34595528841983936,-0.27581349143745676,-0.0735419210567345,862,0.19881033107870527,0.5,0.0,-0.05452841539593403,-0.27821790917280254,-48.5739868,-0.17206614854233832,133.93,-0.29927610108447866,15888384,0.0,-0.6105397508178351,0.0003,0.9424777626991272,1.0014108419418335,36686,-0.016232224949635565,0.2,0.027621176,0.26400146484375,79.80701789855956,38.507347106933594,-34.069627380371095
0.0,0.0,-0.000114663214247521,-0.1710990842342318,0.0,5175,0.01,0.65,3073,0.6027904,0.0,-0.4258559602389234,-1.9644672742944168e-08,0.0,0.0,0.00039062456926330924,-0.6674738554941322,2.347017470535604,-0.35681355104615314,-0.2761491522579021,-0.07379994614322777,863,0.19831587988739233,0.5,0.0,-0.0564796382419837,-0.28255368655440577,-45.06112120999999,-0.17074964765334372,143.43,-0.30004771905307176,15906816,0.0,-0.6059605428791497,0.0003,0.9408345818519592,1.002087116241455,36690,-0.016796265507582574,0.2,0.03253651,0.26341552734375,80.42358283996582,32.36127853393555,-34.07493915557861
0.0,0.0,-4.901356790211735e-05,-0.16943249221292395,0.0,5181,0.01,0.65,3073,0.6023296,0.0,-0.4251080045323168,-1.9096807043653216e-08,0.0,0.0,0.0003993051488780313,-0.6603985766142956,2.3447991006822324,-0.3476326128603932,-0.2759427348316078,-0.07329848715395122,864,0.19902571060851948,0.5,0.0,-0.05389858111861793,-0.2808920831706441,-46.88204044000001,-0.17192000528704882,138.86,-0.2975738014185627,15925248,0.0,-0.6054125697188417,0.0003,0.9590688943862915,1.002328872680664,36694,-0.013680507394019515,0.2,0.033230763,0.27711181640625,55.72206439971924,23.091785430908203,-34.07956027984619
0.0,0.0,-8.687717908241074e-05,-0.17060207807654582,0.0,5187,0.01,0.65,3073,0.6018688,0.0,-0.42527558557173717,-1.9310604845404142e-08,0.0,0.0,0.0003971350088249892,-0.6615673426723104,2.3376969922625417,-0.3543925959382681,-0.2759317732103058,-0.07295422931762563,865,0.19714165149638643,0.5,0.0,-0.055623579585604856,-0.2814370291371558,-49.04422384,-0.17151076767126391,133.92,-0.30104698721319156,15943680,0.0,-0.6101871457118573,0.0003,0.9555376768112183,1.002368688583374,36698,-0.016538537805899978,0.2,0.034556735,0.30753173828125,61.13960647583008,30.97236442565918,-34.08276996612549
0.0,0.0,-8.277051082462741e-05,-0.17368737355525152,0.0,5193,0.01,0.65,3073,0.6014079999999999,0.0,-0.42274945832516303,-1.9552792895800617e-08,0.0,0.0,0.000425346810111983,-0.6637651276523631,2.3343416327836106,-0.35202237875571535,-0.27602580996665327,-0.07220685170386948,866,0.19743115921633636,0.5,0.0,-0.05663975206394664,-0.2798195556258355,-46.23082836,-0.17088620745019042,139.32,-0.29888194967254095,15962112,0.0,-0.6051815497593337,0.0003,0.9467316269874573,1.0022122859954834,36702,-0.015169015456922352,0.2,0.02917701,0.271044921875,73.70325317382813,32.991756439208984,-34.079060554504395
0.0,0.0,-6.8107174700138e-05,-0.17397584512686565,0.0,5199,0.01,0.65,3073,0.6009472,0.0,-0.42475606098988217,-1.943831373870403e-08,0.0,0.0,0.00041449611954804923,-0.673309306513418,2.3464932724946532,-0.359058329507021,-0.2759986386379285,-0.07253978640405839,867,0.19726199787892623,0.5,0.0,-0.058164283388449936,-0.2826123992488949,-47.528016290000004,-0.1713712905721918,143.34,-0.3002063691921768,15980544,0.0,-0.6065336505377772,0.0003,0.9499533772468567,1.00205659866333,36706,-0.01394573098514229,0.2,0.03087357,0.274462890625,70.978316116333,27.835285186767578,-34.07793960571289
0.0,0.0,-7.381588901629002e-05,-0.1711935288762941,0.0,5205,0.01,0.65,3073,0.6004864,0.0,-0.422648438812771,-1.9382474067818404e-08,0.0,0.0,0.00039062458866586286,-0.6703084256502273,2.3409834173212727,-0.3533839093519768,-0.27621219544368414,-0.07335077928686698,868,0.19769845143636114,0.5,0.0,-0.05631139072116674,-0.2794734382567283,-47.553555259999996,-0.17088527799520334,135.22,-0.2985846061478621,15998976,0.0,-0.6113826778943694,0.0003,0.960338294506073,1.0021089315414429,36710,-0.014302518113981932,0.2,0.033528965,0.2794677734375,55.82989273071289,22.201810836791992,-34.078185844421384
0.0,0.0,-9.88596960019938e-05,-0.17149511512189208,0.0,5211,0.01,0.65,3073,0.6000255999999999,0.0,-0.419388084017698,-1.9113175538866033e-08,0.0,0.0,0.00041558115562010143,-0.6563368027674128,2.336024270874611,-0.34474699693969674,-0.2762651505973766,-0.07394032971751435,869,0.19937209748184143,0.5,0.0,-0.05375532875850891,-0.2760238919779905,-46.88966579,-0.17156695370666916,136.13,-0.2986451821479364,16017408,0.0,-0.607320324130986,0.0003,0.9533384442329407,1.001983642578125,36714,-0.012397840921767055,0.2,0.029506003,0.2680908203125,67.98032245635986,41.789249420166016,-34.07644081115723
0.0,0.0,-0.00012173343752262449,-0.1725506651460474,0.0,5217,0.01,0.65,3073,0.5995648,0.0,-0.41774704260626944,-1.933882427939388e-08,0.0,0.0,0.00039604994364910654,-0.6674480610210202,2.3340105909981874,-0.35034556153091034,-0.27622441692614363,-0.07414784326862768,870,0.1975758435772465,0.5,0.0,-0.05612484623339368,-0.2759130320319129,-46.45254273999999,-0.1707007528980019,137.2,-0.30132104812904,16035840,0.0,-0.6083575884522187,0.0003,0.9500938057899475,1.0017099380493164,36718,-0.015370113030076026,0.2,0.029904386,0.250439453125,69.45529346466064,30.67432403564453,-34.07304077148437
0.0,0.0,-6.473195511978272e-05,-0.173256311730037,0.0,5223,0.01,0.65,3073,0.5991040000000001,0.0,-0.4232979889102673,-1.910770701195105e-08,0.0,0.0,0.00045681379722534784,-0.6571854726479907,2.33608262583922,-0.34850318463546015,-0.27631834078585144,-0.07444334543803449,871,0.19908628238680592,0.5,0.0,-0.05498375576362999,-0.2783218677249782,-47.82566944999999,-0.1711802449755383,138.11,-0.2984325564623529,16054272,0.0,-0.6078965024246892,0.0003,0.946004331111908,1.0018813610076904,36722,-0.01566420546732843,0.2,0.030917529,0.2700439453125,77.28856315612794,35.616966247558594,-34.073358345031735
0.0,0.0,-7.465234782506392e-05,-0.17476544866901056,0.0,5229,0.01,0.65,3073,0.5986431999999999,0.0,-0.4243364529828209,-1.9430497872078116e-08,0.0,0.0,0.0004199214745312929,-0.66643312311297,2.3287386074434036,-0.3535420446672058,-0.27657424657110524,-0.07285819053401467,872,0.19695864259721937,0.5,0.0,-0.057071183020403274,-0.2818725139256483,-46.00496767,-0.17118467393642456,137.94,-0.29997697418219355,16072704,0.0,-0.608004424943311,0.0003,0.9513616561889648,1.0019915103912354,36726,-0.015080291917547584,0.2,0.034979817,0.31324462890625,65.65202312469482,25.947805404663086,-34.07433891296387
0.0,0.0,-0.00010963513737500127,-0.17068335824165168,0.0,5235,0.01,0.65,3073,0.5981824,0.0,-0.423417236218609,-1.9582014002642045e-08,0.0,0.0,0.0003808589632778118,-0.661393131336118,2.360864938702599,-0.3571706067942041,-0.27672409850396595,-0.07385683901584833,873,0.20125157482820047,0.5,0.0,-0.05629113944467894,-0.282707747182877,-45.5788561,-0.17080701166947215,141.82,-0.2972745754937171,16091136,0.0,-0.6078779362377958,0.0003,0.9519386887550354,1.0025668144226074,36730,-0.014794752420857548,0.2,0.02939651,0.29173583984375,67.26403636932373,30.348228454589844,-34.08347930908203
0.0,0.0,-7.357602898193666e-05,-0.17584094202185518,0.0,5241,0.01,0.65,3073,0.5977216000000001,0.0,-0.4239962216303063,-1.911246520873449e-08,0.0,0.0,0.0005013016440595189,-0.6584748253613338,2.3204109055841546,-0.3532879013762194,-0.27590803371087624,-0.07216069884768922,874,0.19909069827646797,0.5,0.0,-0.05664143314768631,-0.2792847588085108,-49.59519135000001,-0.17118554420049342,135.61,-0.298370046179091,16109568,0.0,-0.6102706646694109,0.0003,0.9688459038734436,1.002368450164795,36734,-0.01656165571184829,0.2,0.032923043,0.29078369140625,42.7747896194458,18.383352279663086,-34.08150749206543
0.0,0.0,-6.98111735250872e-05,-0.17262996871914832,0.0,5247,0.01,0.65,3073,0.5972607999999999,0.0,-0.42608444047436583,-1.9494223769036003e-08,0.0,0.0,0.000417751324776974,-0.662468660439669,2.3338773220116376,-0.35106049277585266,-0.27625565464079394,-0.07354448903627564,875,0.1992902193340808,0.5,0.0,-0.055428437767647915,-0.282035862590264,-44.64384408,-0.17220917745318365,140.54,-0.2976805127492881,16128000,0.0,-0.6077173232859602,0.0003,0.9436764121055603,1.0019807815551758,36738,-0.015442418155726046,0.2,0.02754742,0.2787109375,79.84707565307617,33.748538970947266,-34.07740020751953
0.0,0.0,-0.00012645329261099712,-0.1728121916636814,0.0,5253,0.01,0.65,3073,0.5968,0.0,-0.4239180868572984,-1.9847590353625064e-08,0.0,0.0,0.00039496483966811665,-0.6623125665850514,2.3423853529463017,-0.34608357168305104,-0.2764939635290021,-0.07548868846042497,876,0.1977121053498324,0.5,0.0,-0.05521686400641365,-0.2785675005261331,-49.11203740999999,-0.17165582073907842,133.97,-0.29679959190527705,16146432,0.0,-0.6091333736455745,0.0003,0.9495566487312317,1.0017578601837158,36742,-0.01451482754200697,0.2,0.022387374,0.236279296875,69.10214691162109,29.43744468688965,-34.074585914611816
0.0,0.0,-0.00011538466654823445,-0.1684171480613415,0.0,5259,0.01,0.65,3073,0.5963392000000001,0.0,-0.4249614899500375,-1.9053576044412462e-08,0.0,0.0,0.0003938797938947876,-0.6580185800539845,2.3329687729281208,-0.3495342482590538,-0.2762220274357965,-0.07284333693602846,877,0.19727932339960993,0.5,0.0,-0.05407656529509533,-0.27735063394803183,-47.30567015,-0.17096053262754038,138.41,-0.2996192054846829,16164864,0.0,-0.6083503735386278,0.0003,0.9441463351249695,1.0020110607147217,36746,-0.014730560255702584,0.2,0.025336495,0.2605712890625,78.21205978393554,32.23106002807617,-34.074655532836914
0.0,0.0,-6.474881895394749e-05,-0.16919413347213963,0.0,5265,0.01,0.65,3073,0.5958783999999999,0.0,-0.4254974989031847,-1.916946568917227e-08,0.0,0.0,0.00037868880382221605,-0.6498310009857109,2.3350398652699984,-0.3459439600144829,-0.27630591481600075,-0.07477178580418926,878,0.20038680864779224,0.5,0.0,-0.053458872995549064,-0.2789003946631396,-48.15509661,-0.17145759601619492,131.95,-0.2965247650035479,16183296,0.0,-0.6120404266550292,0.0003,0.9558274745941162,1.0020079612731934,36750,-0.01616544962162152,0.2,0.03127504,0.27850341796875,61.71923007965088,26.207626342773438,-34.07683162689209
0.0,0.0,-0.00015913724553868558,-0.17527895223135181,0.0,5271,0.01,0.65,3073,0.5954176,0.0,-0.42501570303153957,-1.9154217178862756e-08,0.0,0.0,0.00042209157577922777,-0.6523234230925676,2.3179360277437278,-0.352691348100787,-0.2764507819552948,-0.07572571697123379,879,0.19867470313602548,0.5,0.0,-0.05654651165709887,-0.2788068430144782,-50.08933268,-0.1710503614446044,134.92,-0.2964092342223676,16201728,0.0,-0.6083940975499244,0.0003,0.9470363855361938,1.001653790473938,36754,-0.014206584042403847,0.2,0.030331884,0.2895263671875,72.74720439910888,36.9208984375,-34.07339611053467
0.0,0.0,-0.00012367812065425593,-0.17143547419282845,0.0,5277,0.01,0.65,3073,0.5949568000000001,0.0,-0.4245657452543842,-1.9272387516987062e-08,0.0,0.0,0.0003624127582750387,-0.6503985120306723,2.3195775245075576,-0.34408215288233357,-0.27611111012515166,-0.07669244277972403,880,0.1984042093404589,0.5,0.0,-0.05447538229613875,-0.2753151247375985,-51.02552181,-0.17119776748340398,129.84,-0.29775043648829735,16220160,0.0,-0.6098048966071803,0.0003,0.9366434216499329,1.0018696784973145,36758,-0.016970681375823915,0.2,0.024060847,0.23089599609375,88.91506843566894,44.841651916503906,-34.07424831390381
0.0,0.0,-7.211449126834921e-05,-0.17341027941965592,0.0,5283,0.01,0.65,3073,0.594496,0.0,-0.42409280300442576,-2.032397806155221e-08,0.0,0.0,0.0003374562107233538,-0.6695097318465799,2.3429469526794224,-0.36531379312303414,-0.2763965862689386,-0.07563393535180268,881,0.19904953046608267,0.5,0.0,-0.0588905603369866,-0.28144948448474383,-44.52182117,-0.17161523298595502,145.89,-0.2977378696617905,16238592,0.0,-0.6079429866425716,0.0003,0.9259652495384216,1.0018744468688965,36762,-0.016858909401344137,0.2,0.026612077,0.246728515625,100.22323989868164,48.6749153137207,-34.07610607147217
0.0,0.0,-0.00013990705164927135,-0.16825640834889008,0.0,5289,0.01,0.65,3073,0.5940352,0.0,-0.425129157007442,-1.9425575012131346e-08,0.0,0.0,0.0003450516766558091,-0.6597015692057857,2.339342502249862,-0.34240741405610725,-0.2765614524994215,-0.0769002202713582,882,0.19727450252893186,0.5,0.0,-0.05300677846479038,-0.2761988049173377,-49.32424365,-0.17195989817470295,134.7,-0.2975270172424898,16257024,0.0,-0.6127134181293892,0.0003,0.9629482626914978,1.0024718046188354,36766,-0.01414617735426873,0.2,0.035644285,0.29305419921875,50.534589767456055,21.91019630432129,-34.079989433288574
0.0,0.0,-0.002266100085654239,-0.17162261029770054,0.0,5295,0.01,0.65,3073,0.5935744000000001,0.0,-0.42435267378267566,-2.0003911030723817e-08,0.0,0.0,0.00033420097639059857,-0.6591788319820563,2.341083446414297,-0.35616894384653375,-0.276110166272189,-0.07762834695414489,883,0.19808375381783094,0.5,0.0,-0.0566977095331919,-0.2795639341934655,-45.85314728,-0.1720057912545785,143.71,-0.29761186957619123,16275456,0.0,-0.6101208466577209,0.0003,0.9560346603393555,1.0031440258026123,36770,-0.014757155952975155,0.2,0.03508584,0.322265625,59.56559009552002,34.05598831176758,-34.09049911499024
0.0,0.0,-9.086758363649572e-05,-0.17095355815257918,0.0,5301,0.01,0.65,3073,0.5931136,0.0,-0.42560282541900113,-1.9457976766188235e-08,0.0,0.0,0.0003624127776775923,-0.6652252143061703,2.3116354165176043,-0.3583821286008538,-0.27618091130418765,-0.07531409849522822,884,0.19568075726317607,0.5,0.0,-0.05677220487467042,-0.27749394456027565,-51.86977744000001,-0.17220054222294878,134.44,-0.2982232996568666,16293888,0.0,-0.6093503093462045,0.0003,0.9617670774459839,1.0023106336593628,36774,-0.016384575224947184,0.2,0.031562306,0.3036865234375,54.23663272857666,27.444286346435547,-34.08137588500976
0.0,0.0,-0.00035020785883970373,-0.16760193583075364,0.0,5307,0.01,0.65,3073,0.5926528,0.0,-0.42537008486201294,-2.0039688477547917e-08,0.0,0.0,0.0003190100154218574,-0.6590929994001951,2.3484861016646184,-0.3591419911238345,-0.2763603490588883,-0.07809287064769001,885,0.19965739072202876,0.5,0.0,-0.05583016754067058,-0.2815025354945108,-44.270180579999995,-0.17245212253766856,143.57,-0.29603610337563346,16312320,0.0,-0.6130431092957909,0.0003,0.9380601048469543,1.001883625984192,36778,-0.015230847790371626,0.2,0.029085372,0.25948486328125,85.86088714599609,44.84907531738281,-34.07545852661133
0.0,0.0,-6.332198414600944e-05,-0.1698970576921199,0.0,5313,0.01,0.65,3073,0.592192,0.0,-0.4252853655699008,-1.9854463798276218e-08,0.0,0.0,0.00030490410022644535,-0.6528600360432257,2.323310771661057,-0.35050425283528736,-0.27659116111234194,-0.07803046602434463,886,0.19859252144810008,0.5,0.0,-0.05420235819280475,-0.278680082296885,-46.47203021,-0.1723181659404932,138.49,-0.29706694556181507,16330752,0.0,-0.6124951533062168,0.0003,0.9635056257247925,1.0020732879638672,36782,-0.014634703326737507,0.2,0.03989639,0.3090576171875,48.221931076049806,17.99112892150879,-34.07607517242432
0.0,0.0,-0.0001463062275109789,-0.1670687401914367,0.0,5319,0.01,0.65,3073,0.5917312,0.0,-0.42435280326553926,-1.983645749717532e-08,0.0,0.0,0.0003255204258797069,-0.6597047207069984,2.3378710167527945,-0.35008960111878307,-0.27663714479656276,-0.07760348818372702,887,0.1977696906174165,0.5,0.0,-0.05418085187931386,-0.2757604984424312,-49.48199212,-0.17239719596308467,135.43,-0.2965343885111468,16349184,0.0,-0.6163027256667357,0.0003,0.9455710649490356,1.0023034811019897,36786,-0.014957031002268195,0.2,0.03864888,0.3544189453125,75.04451293945313,39.00613784790039,-34.08017425537109
0.0,0.0,-5.711999352146549e-05,-0.17312630495610434,0.0,5325,0.01,0.65,3073,0.5912704,0.0,-0.42109073959043664,-2.0033612721682736e-08,0.0,0.0,0.00030924440943636,-0.665448108105144,2.318795280889155,-0.34902386298958527,-0.2763929730486358,-0.07715388032528947,888,0.19500793578153094,0.5,0.0,-0.056101241290875764,-0.2718356864488569,-50.76596271,-0.17111088006996025,134.32,-0.3012488163043286,16367616,0.0,-0.6151251927394262,0.0003,0.9503876566886902,1.0025291442871094,36790,-0.015233101625926792,0.2,0.037327908,0.34449462890625,65.93320903778076,38.85747146606445,-34.08381309509277
0.0,0.0,-0.00011689914391168359,-0.17304897757779683,0.0,5331,0.01,0.65,3073,0.5908096,0.0,-0.42521418781022097,-1.995587260300209e-08,0.0,0.0,0.00033962630227001175,-0.6617415306567052,2.337033167460471,-0.35651125406691847,-0.276449853041889,-0.0767932766610191,889,0.19796920150751654,0.5,0.0,-0.05762331375159359,-0.27897206094323324,-47.16891317999999,-0.17144873196370244,138.94,-0.29739513821856645,16386048,0.0,-0.6112502789954812,0.0003,0.9402058720588684,1.0025146007537842,36794,-0.015781895560212433,0.2,0.03619974,0.30682373046875,81.14600448608398,37.63760757446289,-34.081059265136716
0.0,0.0,-5.866501407941444e-05,-0.1735740242203836,0.0,5337,0.01,0.65,3073,0.5903488,0.0,-0.42217038160237996,-1.9595085799715938e-08,0.0,0.0,0.0003331159015134391,-0.6568198205089288,2.327622726654871,-0.3512863346572515,-0.2761346784869238,-0.0759358386641768,890,0.19923729585635047,0.5,0.0,-0.05584234691983968,-0.27609531854886926,-48.135693499999995,-0.17124039546863906,137.79,-0.2954131344831901,16404480,0.0,-0.6155825415739506,0.0003,0.9556546807289124,1.0030136108398438,36798,-0.013516180275473744,0.2,0.032290068,0.30126953125,59.949490547180176,28.23403549194336,-34.088763046264646
0.0,0.0,-9.300374110900216e-05,-0.1713846066770991,0.0,5343,0.01,0.65,3073,0.589888,0.0,-0.42184890420911625,-2.038082823384598e-08,0.0,0.0,0.0003710933281884839,-0.6552841984163242,2.326292201392684,-0.35118496472433947,-0.2761973464901346,-0.07704668850617159,891,0.19932235968614717,0.5,0.0,-0.05555208722180654,-0.2778940261657158,-50.349471300000005,-0.17151169241101372,132.8,-0.29673958089856867,16422912,0.0,-0.6126044031547576,0.0003,0.9415586590766907,1.0023893117904663,36802,-0.015882454632082953,0.2,0.035477042,0.30830078125,79.71615905761719,44.77239227294922,-34.08335514068604
0.0,0.0,-0.00017624523634807452,-0.17487846318754488,0.0,5349,0.01,0.65,3073,0.5894272,0.0,-0.4259294933227591,-2.011094875669065e-08,0.0,0.0,0.0003124995855614543,-0.6724449108210628,2.3304617057344164,-0.3633180132430305,-0.2762498845653072,-0.07717602415718174,892,0.1968107271285773,0.5,0.0,-0.059146581960177524,-0.28006254573651646,-50.94610210999999,-0.17158627649710323,140.46,-0.2981515953787573,16441344,0.0,-0.6136009914482333,0.0003,0.9432891607284546,1.0019171237945557,36806,-0.01609078833134845,0.2,0.026814422,0.25460205078125,78.14499588012696,42.54833984375,-34.07639503479004
0.0,0.0,-0.00017432534201654429,-0.17546181868145694,0.0,5355,0.01,0.65,3073,0.5889664,0.0,-0.42310828906133646,-1.953523497480909e-08,0.0,0.0,0.00037543360829456814,-0.6490670081480351,2.321870039362905,-0.349038353005707,-0.2764227151894576,-0.07665294569660662,893,0.20035802023946053,0.5,0.0,-0.05559897065638291,-0.27766729170143967,-51.04372071000002,-0.17180989156458717,132.66,-0.29586760326082934,16459776,0.0,-0.6155436963546081,0.0003,0.9509406089782715,1.0020263195037842,36810,-0.015887145965825765,0.2,0.030343523,0.24613037109375,66.8417272567749,29.83626365661621,-34.076334953308105
0.0,0.0,-8.111405005137008e-05,-0.17513051601929544,0.0,5361,0.01,0.65,3073,0.5885056,0.0,-0.42600976456419104,-1.9943272478882755e-08,0.0,0.0,0.0003526471425882644,-0.6646336039966879,2.3208025725702703,-0.3575725137408956,-0.2764320808925833,-0.07531443685481169,894,0.19708054641288228,0.5,0.0,-0.05784762481850033,-0.27938983879578566,-51.56238723999999,-0.1716007354064729,137.16,-0.29819378935247776,16478208,0.0,-0.6091498134043105,0.0003,0.9397876262664795,1.00240159034729,36814,-0.01477242261171341,0.2,0.028770406,0.26328125,78.54440574645996,39.464202880859375,-34.07942905426025
0.0,0.0,-0.00010608111873745913,-0.17420807314378217,0.0,5367,0.01,0.65,3073,0.5880448,0.0,-0.42400485827793927,-2.001307820798847e-08,0.0,0.0,0.00033854125649668276,-0.6682802493817442,2.3425652102397283,-0.35848566798544224,-0.2765063460211913,-0.0769894056257413,895,0.19998433465230958,0.5,0.0,-0.0573187824128374,-0.2807612999707652,-49.320234410000005,-0.1713779718115348,135.67,-0.2950437439706498,16496640,0.0,-0.6129540128035493,0.0003,0.9403626322746277,1.0025593042373657,36818,-0.01436343613313511,0.2,0.035407424,0.2881103515625,80.32523155212402,36.51070785522461,-34.08393154144287
0.0,0.0,-0.00012557763121389022,-0.16987371400576842,0.0,5373,0.01,0.65,3073,0.587584,0.0,-0.42715083521091873,-1.9783528421894513e-08,0.0,0.0,0.00030056384922419157,-0.6570536981325781,2.32843379654644,-0.3528581476304656,-0.27642052399115546,-0.07897538167706124,896,0.19896388970533646,0.5,0.0,-0.05557785289745049,-0.2786401876863123,-50.30371735,-0.17245036504727213,134.84,-0.29651307203417376,16515072,0.0,-0.6153812045466148,0.0003,0.9506696462631226,1.0026580095291138,36822,-0.014530382584780455,0.2,0.03947123,0.29295654296875,67.51603698730469,35.193206787109375,-34.08208599090576
0.0,0.0,-0.00031471413388230667,-0.17888184355474343,0.0,5379,0.01,0.65,3073,0.5871232,0.0,-0.42786079868207316,-2.063693928681252e-08,0.0,0.0,0.0003331159209159927,-0.6681162109118214,2.327950505679005,-0.37148688098814653,-0.27636619474090945,-0.0765307066109397,897,0.1998125843159832,0.5,-1.953120550347699e-05,-0.06059536153653347,-0.28227162536141287,-51.3390742,-0.17172484395488744,143.51,-0.2955770623817268,16533504,0.0,-0.6162555696743699,0.0003,0.9476224780082703,1.002510905265808,36826,-0.0158434723271057,0.2,0.03566168,0.3326171875,70.67156410217285,36.268436431884766,-34.083757400512695
0.0,0.0,-0.00011113826278168115,-0.17338805983419403,0.0,5385,0.01,0.65,3073,0.5866624,0.0,-0.4294052634218004,-1.9776666980093798e-08,0.0,0.0,0.00034179647142688435,-0.6616961887769066,2.318354249370242,-0.3546398232046567,-0.2762345621866279,-0.07698514117065375,898,0.19908260546207582,0.5,0.0,-0.05621872808072015,-0.2791100975624377,-52.158545180000004,-0.17188131756029143,132.25,-0.2961966981505249,16551936,0.0,-0.6140328410996096,0.0003,0.9536014199256897,1.002516269683838,36830,-0.014415442850440741,0.2,0.030946707,0.27685546875,61.94328060150146,25.190242767333984,-34.081972694396974
0.0,0.0,-0.0001225357766524386,-0.1759449364068365,0.0,5391,0.01,0.65,3073,0.5862016,0.0,-0.42902583400754435,-2.0790811954541228e-08,0.0,0.0,0.00033637110674236383,-0.6627449436435042,2.330561863473712,-0.36746267731426907,-0.2763339643341237,-0.07759888840365914,899,0.1982766183879691,0.5,0.0,-0.05967894123879139,-0.28088002192679024,-49.018475130000006,-0.17219047549243785,142.74,-0.29567254602575843,16570368,0.0,-0.6157209224160253,0.0003,0.9415662288665771,1.0020921230316162,36834,-0.015025420201709494,0.2,0.0386206,0.33336181640625,77.82456893920899,35.82269287109375,-34.07691078186035
0.0,0.0,-8.445521977086716e-05,-0.17104002637761032,0.0,5397,0.01,0.65,3073,0.5857408,0.0,-0.42918744280158205,-1.9284409571549186e-08,0.0,0.0,0.00034288151720021333,-0.6475144123811913,2.3209805751875723,-0.3468438717809,-0.2765265644904917,-0.07670066447795416,900,0.2004760834366707,0.5,0.0,-0.05357762001650554,-0.2784106214976837,-52.307088150000006,-0.17279186065385302,133.15,-0.2959651391111494,16588800,0.0,-0.6141996136609759,0.0003,0.9636375308036804,1.0028928518295288,36838,-0.014573162724263965,0.2,0.043640852,0.35072021484375,49.202293968200685,26.966238021850586,-34.086203002929686
0.0,0.0,-0.00010720963952730394,-0.17470370468404278,0.0,5403,0.01,0.65,3073,0.58528,0.0,-0.42621130483716096,-2.046055473709421e-08,0.0,0.0,0.00031900998631802696,-0.6542809453418612,2.3139063524586496,-0.35190095203295174,-0.2765606652893633,-0.07784902275836904,901,0.1986142244174764,0.5,0.0,-0.05567480445249335,-0.27733150911245114,-52.210905600000004,-0.1719684932329772,128.73,-0.2973672577808054,16607232,0.0,-0.6110318592033035,0.0003,0.9407676458358765,1.0025784969329834,36842,-0.012452946742996573,0.2,0.040687103,0.3321533203125,75.92946281433106,45.44333267211914,-34.08383769989014
0.0,0.0,-8.587871630402234e-05,-0.17278338961285383,0.0,5409,0.01,0.65,3073,0.5848192,0.0,-0.42946036634629176,-1.9803081541087795e-08,0.0,0.0,0.00034722178760502074,-0.6563968151673475,2.327114830893137,-0.35096513873670376,-0.27666335265558106,-0.07701580240664678,902,0.20048584808006825,0.5,0.0,-0.05528720073148498,-0.27903605769841616,-50.93937931000001,-0.17203376529846157,133.57,-0.2939379980698604,16625664,0.0,-0.6099932204100568,0.0003,0.9397590160369873,1.0022242069244385,36846,-0.014921305538155138,0.2,0.02913872,0.28115234375,82.20956306457519,38.82157516479492,-34.08045997619629
0.0,0.0,-0.00011244565734978447,-0.17250982334140724,0.0,5415,0.01,0.65,3073,0.5843584,0.0,-0.4301428478194318,-2.0386593028224834e-08,0.0,0.0,0.0003070742305782106,-0.6693907700366306,2.331766700981199,-0.3629210498520686,-0.27669151635729755,-0.07792366265467926,903,0.19873712036310312,0.5,0.0,-0.05787085936930796,-0.280819411370925,-49.281819760000005,-0.17241010858244515,144.51,-0.297239433692784,16644096,0.0,-0.6122616501570683,0.0003,0.9460159540176392,1.002689242362976,36850,-0.017104096652474254,0.2,0.033210635,0.283447265625,72.78281135559082,44.41682815551758,-34.082923126220706
0.0,0.0,-0.00011778087844571153,-0.17758932408086686,0.0,5421,0.01,0.65,3073,0.5838976,0.0,-0.42995554421415044,-2.0425743493134444e-08,0.0,0.0,0.00032552041617843014,-0.6605292485336008,2.3200634900108494,-0.35841127548171287,-0.2770076934510826,-0.07893453991351379,904,0.19844263935347214,0.5,0.0,-0.058534632166415315,-0.28055934867831994,-52.98037182,-0.17200731643950912,133.77,-0.29545784467919334,16662528,0.0,-0.6119267739679051,0.0003,0.977628231048584,1.0022003650665283,36853,-0.01126888810346524,0.2,0.03963237,0.28955078125,28.642305755615233,11.056347846984863,-34.0789545694987
0.0,0.0,-8.277467552114193e-05,-0.1697281532332794,0.0,5427,0.01,0.65,3073,0.5834368,0.0,-0.4294292914543644,-1.996496122827091e-08,0.0,0.0,0.0003385412661979596,-0.6334631203438397,2.3367484549759054,-0.3495740336202543,-0.2769135802621136,-0.08113315742277934,905,0.20320124536261377,0.5,0.0,-0.053199888987852134,-0.28060302100813517,-47.59586976999999,-0.17274754175402782,135.7,-0.29108353298728623,16680960,0.0,-0.6108275157734453,0.0003,0.9478268027305603,1.0032238960266113,36857,-0.01317274800967425,0.2,0.03850419,0.3525634765625,72.51103649139404,40.80982971191406,-34.0924991607666
0.0,0.0,-7.73165238379416e-05,-0.1749096907240605,0.0,5433,0.01,0.65,3073,0.5829759999999999,0.0,-0.4251885098958826,-2.0278218577001293e-08,0.0,0.0,0.00034071137714717124,-0.6562577352385144,2.306924975512626,-0.3498763852959947,-0.2762375054177187,-0.07935397911780766,906,0.19670661339588025,0.5,0.0,-0.05619273661384377,-0.2749326337374618,-52.31228251000002,-0.17231451633347875,131.65,-0.295584856076198,16699392,0.0,-0.6135895523154002,0.0003,0.9520390033721924,1.0025694370269775,36861,-0.01654065093025565,0.2,0.036321256,0.31673583984375,62.32381744384766,30.02950668334961,-34.0828332901001
0.0,0.0,-0.00013818401090568265,-0.1713604888107495,0.0,5439,0.01,0.65,3073,0.5825152,0.0,-0.4288025200537143,-2.0228593651896562e-08,0.0,0.0,0.0003114145397881253,-0.6519516923659108,2.3368456737499645,-0.36111294791711385,-0.27678102849284475,-0.08002886997132443,907,0.2001828370226033,0.5,0.0,-0.057220340263446454,-0.2816681535740091,-50.31450255,-0.17193669149858848,134.02,-0.2926096803117422,16717824,0.0,-0.6070576462315653,0.0003,0.9441179037094116,1.0018390417099,36865,-0.014135591825470329,0.2,0.03386589,0.31544189453125,73.77247714996338,32.53825759887695,-34.07548828125
0.0,0.0,-0.00020767042590421405,-0.17022020430436202,0.0,5445,0.01,0.65,3073,0.5820544000000001,0.0,-0.42589052864228033,-2.0094117342468892e-08,0.0,0.0,0.0003298606865832375,-0.6403571170898035,2.3037364927420665,-0.34139623428870264,-0.2762220038092734,-0.08119715195035533,908,0.19945129848046148,0.5,0.0,-0.05247440575886239,-0.2738620914500588,-49.98325486999999,-0.17239606853192743,131.11,-0.2931739529248485,16736256,0.0,-0.6160850038248724,0.0003,0.9487209916114807,1.002031683921814,36869,-0.015486307977698743,0.2,0.027852008,0.2585693359375,67.19020442962646,31.6306095123291,-34.0741662979126
0.0,0.0,-0.00013609267590241657,-0.175604223109185,0.0,5451,0.01,0.65,3073,0.5815935999999999,0.0,-0.43057928450070565,-2.1029935234024986e-08,0.0,0.0,0.0003027339795759569,-0.66383763551377,2.3282858727464837,-0.3668667185399561,-0.2763574304806165,-0.0801536375659082,909,0.1986360285471788,0.5,0.0,-0.05995970086812852,-0.28194783600929446,-51.65567490999999,-0.1718825609874765,141.15,-0.29514612424135644,16754688,0.0,-0.6129912710551126,0.0003,0.9372163414955139,1.0022834539413452,36873,-0.016404239844996484,0.2,0.033586998,0.29373779296875,82.2645305633545,39.59537887573242,-34.07948684692383
0.0,0.0,-0.0001874681141219437,-0.1734273186032681,0.0,5457,0.01,0.65,3073,0.5811328,0.0,-0.42933114575955666,-2.048693753765227e-08,0.0,0.0,0.0003700082436100476,-0.6494431252504407,2.3217694418914183,-0.3550093210638925,-0.2766942496050544,-0.08115212319878268,910,0.20079560116647568,0.5,0.0,-0.05551853229940791,-0.2809562123467587,-50.37676535999999,-0.17228582322197203,136.67,-0.29363007266103913,16773120,0.0,-0.6154979942388125,0.0003,0.9587274789810181,1.0028568506240845,36877,-0.015917707793414594,0.2,0.039912857,0.33768310546875,53.889977264404294,22.028602600097656,-34.08455333709717
0.0,0.0,-0.000250794653532082,-0.1724307385907389,0.0,5463,0.01,0.65,3073,0.5806720000000001,0.0,-0.4286367261611268,-2.015171913524384e-08,0.0,0.0,0.00026692669295395416,-0.6634124199208293,2.324278622961492,-0.36048588252471003,-0.2764247270738608,-0.07834111173575609,911,0.19861485109831697,0.5,0.0,-0.05775020281774907,-0.27854543390897946,-52.63671151,-0.1721112168865849,131.53,-0.2968934413972092,16791552,0.0,-0.6151397625089837,0.0003,0.9494915008544922,1.002751350402832,36881,-0.016065856057684867,0.2,0.03679958,0.31568603515625,65.93672790527344,37.49812316894531,-34.08726272583008
0.0,0.0,-0.0003392573188866672,-0.17460410251702507,0.0,5469,0.01,0.65,3073,0.5802111999999999,0.0,-0.4270676504372509,-2.1187252872715837e-08,0.0,0.0,0.0003135846895424442,-0.6603224945396788,2.3241031559319407,-0.3645862048351872,-0.27688054456960576,-0.07825273245258628,912,0.2007051092774912,0.5,0.0,-0.05838173317241857,-0.27900551234625076,-53.10543479999999,-0.17196348726015406,134.6,-0.2949639754590253,16809984,0.0,-0.6116038179641092,0.0003,0.9424657821655273,1.0021133422851562,36885,-0.015440795244649053,0.2,0.03263937,0.31123046875,73.22279739379883,43.16328811645508,-34.078368186950684
0.0,0.0,-0.00014337629197612293,-0.17684955275415004,0.0,5475,0.01,0.65,3073,0.5797504,0.0,-0.4267476993139441,-2.0920879571367574e-08,0.0,0.0,0.00033311589181216224,-0.6610107411752356,2.314924739807468,-0.36181085794034584,-0.27641590808673216,-0.07895411259170812,913,0.19930236549515953,0.5,0.0,-0.058461740017999135,-0.2788290692868942,-51.584245519999996,-0.17147436153252,136.25,-0.29596791776111364,16828416,0.0,-0.6138502215545824,0.0003,0.9548376202583313,1.0022553205490112,36889,-0.01552393778692931,0.2,0.031280376,0.27479248046875,59.56712055206299,27.92630958557129,-34.07926235198975
0.0,0.0,-0.00018010293711835776,-0.1790252095248996,0.0,5481,0.01,0.65,3073,0.5792896000000001,0.0,-0.42706100960783017,-2.0627660528863585e-08,0.0,0.0,0.00034939198586572375,-0.6650495937093617,2.3205241677250674,-0.3669881015459652,-0.2767626150186407,-0.07894495016820223,914,0.19919833970454082,0.5,0.0,-0.06056005814262669,-0.28122723035366876,-52.405850089999994,-0.17163202633726385,137.78,-0.2947366338441679,16846848,0.0,-0.6135017462797024,0.0003,0.9393896460533142,1.0020116567611694,36893,-0.01368930374737829,0.2,0.030241117,0.278515625,80.16241264343262,33.42020797729492,-34.0764986038208
0.0,0.0,-0.00026390935668413925,-0.1746031614336541,0.0,5487,0.01,0.65,3073,0.5788287999999999,0.0,-0.426127290621202,-2.0517521702447962e-08,0.0,0.0,0.0003819440090511408,-0.650860757214859,2.3051650269754425,-0.35836679137912225,-0.27680030488245955,-0.07864655824315431,915,0.19793309323354263,0.5,0.0,-0.057037107378508534,-0.2756857027899192,-52.17183026,-0.17154237176164672,132.25,-0.2953901766940247,16865280,0.0,-0.6165513172067184,0.0003,0.9525077939033508,1.0025310516357422,36897,-0.014639622252434491,0.2,0.033196177,0.29534912109375,64.77708282470704,32.729270935058594,-34.08123016357422
0.0,0.0,-0.0007335115422474209,-0.17334057685067614,0.0,5493,0.01,0.65,3073,0.578368,0.0,-0.4267303125943571,-2.0887179966859543e-08,0.0,0.0,0.00035590237692101963,-0.6573021653254811,2.3304806438271783,-0.3633987547134336,-0.2770608363947465,-0.0814299145263986,916,0.2000891929642145,0.5,-3.580722194682393e-05,-0.057692508856995645,-0.2803550140146838,-49.86057102000001,-0.172257525291024,140.25,-0.29298714870472536,16883712,0.0,-0.6158460333356627,0.0003,0.9438517689704895,1.0023099184036255,36901,-0.014575441763736308,0.2,0.028236795,0.28499755859375,74.96694259643554,36.97858428955078,-34.08136253356933
0.0,0.0,-0.00018470638013280577,-0.1757880112556377,0.0,5499,0.01,0.65,3073,0.5779072000000001,0.0,-0.4280582709621748,-2.0885027140316695e-08,0.0,0.0,0.00032009507089646324,-0.6599729127833334,2.3011895532381916,-0.35944585408868773,-0.27684237242736953,-0.07861480907826075,917,0.19685258249426954,0.5,0.0,-0.05893646443703655,-0.2767511714956312,-52.90677824,-0.17151297964330262,136.02,-0.2946575420582121,16902144,0.0,-0.6202613999511547,0.0003,0.9619973301887512,1.0023152828216553,36905,-0.017620158649515362,0.2,0.038469285,0.32840576171875,51.343772888183594,27.56047248840332,-34.079067611694335
0.0,0.0,-0.0009392081086191128,-0.16878998162225045,0.0,5505,0.01,0.65,3073,0.5774464,0.0,-0.4261491460085103,-2.0018878154889086e-08,0.0,0.0,0.00036566802171162434,-0.6420522249342298,2.323364630810106,-0.3450124054586541,-0.2767341432999205,-0.08006042853464972,918,0.20065670319476803,0.5,0.0,-0.05277895732712583,-0.2741243795309394,-49.0714951,-0.17230565280042023,135.64,-0.29206800331932103,16920576,0.0,-0.6168100901059037,0.0003,0.9412407279014587,1.0017995834350586,36909,-0.015631413878872992,0.2,0.032981757,0.2652587890625,79.39066314697266,54.03667449951172,-34.0751428604126
0.0,0.0,-0.0002984980459521422,-0.17547808628741077,0.0,5511,0.01,0.65,3073,0.5769856,0.0,-0.4239709768917639,-2.079603062763309e-08,0.0,0.0,0.0003526471716920949,-0.6549588071709123,2.31865730659251,-0.37017078221464,-0.2765737083224218,-0.07996341872448579,919,0.19939036346263037,0.5,0.0,-0.06102724899220332,-0.2773487606821235,-49.52959457,-0.17211573985035936,144.96,-0.29477788148290396,16939008,0.0,-0.6173382079012155,0.0003,0.9523953795433044,1.0023798942565918,36913,-0.016187514420016667,0.2,0.031947594,0.2996826171875,61.072466659545896,33.34608840942383,-34.07862033843994
0.0,0.0,-0.00033707846482188035,-0.17443488158537138,0.0,5517,0.01,0.65,3073,0.5765248000000001,0.0,-0.42585776735784875,-2.0299455702456846e-08,0.0,0.0,0.00038953948468487296,-0.6403576859296761,2.304901756073551,-0.34602920629158035,-0.2763900372792309,-0.08016081690108709,920,0.1990673538774283,0.5,0.0,-0.05515425751451266,-0.2744106066387708,-51.72911371,-0.17172842317594503,131.19,-0.2912100936397993,16957440,0.0,-0.6151428433149836,0.0003,0.9696418642997742,1.002034306526184,36917,-0.012964650344870546,0.2,0.045999467,0.2987850413602941,40.62989380780388,19.89170265197754,-34.07768630981445
0.0,0.0,-0.00012639804852283235,-0.17304639587805204,0.0,5523,0.01,0.65,3073,0.576064,0.0,-0.43116181855401126,-2.0393449984755598e-08,0.0,0.0,0.0003786888232247697,-0.6628824415252423,2.3048895294329457,-0.35601298686417926,-0.27655343121815473,-0.07856835273008769,921,0.19781179860044965,0.5,0.0,-0.05720828955373299,-0.27522239842198115,-56.079568910000006,-0.17163349135568795,130.07,-0.29487289563807517,16975872,0.0,-0.6187405925098505,0.0003,0.9441245794296265,1.00286865234375,36921,-0.014700038987211884,0.2,0.034617454,0.2936279296875,73.66406745910645,37.7149772644043,-34.08662033081055
0.0,0.0,-0.00026650381908931956,-0.176035959304887,0.0,5529,0.01,0.65,3073,0.5756032,0.0,-0.4257471816424075,-2.1117453575802074e-08,0.0,0.0,0.00034939194706061646,-0.6525545217709827,2.3074887663935075,-0.36244233474417586,-0.27659782039235137,-0.0809596840364296,922,0.19831876843812643,0.5,0.0,-0.059377568240328644,-0.27465983395816645,-51.99025212000001,-0.17227651734303287,134.71,-0.2927506690588334,16994304,0.0,-0.6161710499062703,0.0003,0.9335430860519409,1.0023252964019775,36925,-0.013784713693894446,0.2,0.027845811,0.25194091796875,85.56797409057617,32.69264221191406,-34.08254566192627
0.0,0.0,-0.00022852218917750473,-0.17215513477850197,0.0,5535,0.01,0.65,3073,0.5751424,0.0,-0.4281949336328391,-2.0326655700659142e-08,0.0,0.0,0.00034722180700757436,-0.6412678176342057,2.3204895820369242,-0.3517335132323546,-0.2765157989911702,-0.07994049007759943,923,0.20174358649816623,0.5,0.0,-0.05521157288589902,-0.27451120773846954,-49.697185829999995,-0.1725534717744462,134.68,-0.2918648742013066,17012736,0.0,-0.6161249342142431,0.0003,0.9478122591972351,1.0019922256469727,36929,-0.015930691023822875,0.2,0.025976231,0.2417236328125,67.94415302276612,31.75822639465332,-34.07756805419922
0.0,0.0,-0.00038001250283483214,-0.17486023452060417,0.0,5541,0.01,0.65,3073,0.5746816,0.0,-0.4273060869606048,-2.0135823880895368e-08,0.0,0.0,0.0003417964520243307,-0.647500671238286,2.302910313265434,-0.3495858106233734,-0.2763030855726937,-0.08145158839246974,924,0.19777414494011075,0.5,0.0,-0.05700326470998258,-0.27262647880766866,-51.30917974999999,-0.17186829416255212,133.82,-0.2947950580254989,17031168,0.0,-0.6167474746356885,0.0003,0.9498887062072754,1.002110242843628,36933,-0.015310203330591321,0.2,0.03659634,0.33157958984375,64.63516159057617,39.57878494262695,-34.07724742889404
0.0,0.0,-0.000339792333809738,-0.17166832205218358,0.0,5547,0.01,0.65,3073,0.5742208,0.0,-0.4311964633068978,-2.1152602541730142e-08,0.0,0.0,0.00029839369946987263,-0.6570016199283748,2.329446767438685,-0.37005280466253365,-0.27673525173601937,-0.08157959414933189,925,0.2001901083430645,0.5,0.0,-0.05982737242571983,-0.27831750348053436,-50.22880091,-0.17227355426109062,143.37,-0.29382252343217813,17049600,0.0,-0.6169270577692479,0.0003,0.9478254914283752,1.001873254776001,36937,-0.01623964428436011,0.2,0.029874649,0.2948486328125,68.61082153320312,36.899715423583984,-34.07475605010986
0.0,0.0,-0.00019296411999260052,-0.17883323109917973,0.0,5553,0.01,0.65,3073,0.57376,0.0,-0.4270703819617382,-2.0206143017911896e-08,0.0,0.0,0.00042643181708020467,-0.6434915794913023,2.2928440161331225,-0.3566315902533611,-0.27664155573645444,-0.07896768918280066,926,0.20160689121148354,0.5,0.0,-0.05666748274584235,-0.2753497066668851,-51.16779795,-0.17284578438255532,136.51,-0.29389195118048,17068032,0.0,-0.614809948071334,0.0003,0.965240478515625,1.002576231956482,36941,-0.013716822338756174,0.2,0.03938607,0.3105224609375,45.23519630432129,23.19483757019043,-34.08024501800537
0.0,0.0,-0.0002159798503902186,-0.1719863889069566,0.0,5559,0.01,0.65,3073,0.5732992,0.0,-0.4271134369443868,-2.0281108233361643e-08,0.0,0.0,0.0004123259503911767,-0.6430510781498605,2.311556178549551,-0.3557666501570129,-0.27650448125506494,-0.0795439355348391,927,0.20084268788332701,0.5,0.0,-0.0559048167600209,-0.27450628489405704,-52.18468847,-0.17307342926455455,134.49,-0.29237648414478934,17086464,0.0,-0.6147238260621102,0.0003,0.9428232908248901,1.0026541948318481,36945,-0.012866645096801221,0.2,0.040633373,0.33150634765625,75.93641109466553,37.63396453857422,-34.084717178344725
0.0,0.0,-0.00022045402273934873,-0.1748985238121527,0.0,5565,0.01,0.65,3073,0.5728384,0.0,-0.42895350510189423,-2.070760500823296e-08,0.0,0.0,0.0003548172826413065,-0.6431534163185654,2.312142999312293,-0.36566729625873307,-0.2762334560586405,-0.08079760174645217,928,0.20167538608215135,0.5,0.0,-0.05809997178004327,-0.2763029426166039,-49.20080931,-0.17221723843825806,142.21,-0.2925623114617616,17104896,0.0,-0.6150051446759505,0.0003,0.9535564184188843,1.0026988983154297,36949,-0.014490909257438034,0.2,0.03540957,0.30521240234375,59.7989315032959,30.21295738220215,-34.085171699523926
0.0,0.0,-0.0005691990529188265,-0.17738295054420578,0.0,5571,0.01,0.65,3073,0.5723776,0.0,-0.4242370232485012,-2.0613144845771838e-08,0.0,0.0,0.0003927946899137977,-0.6501070236916623,2.2931036184284728,-0.3640200390351584,-0.2764284102280454,-0.08105467723117615,929,0.19875600828184817,0.5,0.0,-0.059867946440239996,-0.27289567939224546,-52.75655525000001,-0.17082555754943374,134.26,-0.2952408334511637,17123328,0.0,-0.6130246402073408,0.0003,0.9621325135231018,1.0027592182159424,36953,-0.016708674863912164,0.2,0.032351233,0.30811767578125,48.80991630554199,23.947233200073242,-34.083914566040036
0.0,0.0,-0.00027549268401814444,-0.1761807186798359,0.0,5577,0.01,0.65,3073,0.5719168,0.0,-0.4319494230895433,-2.0711973880381903e-08,0.0,0.0,0.00034071139654972486,-0.6558244055480483,2.317184388022767,-0.3675944341550969,-0.2765181672626136,-0.08075216732710211,930,0.20087750382303718,0.5,0.0,-0.05980522687146697,-0.27803732280790594,-51.745039899999995,-0.1725402612275221,138.38,-0.29456545679057833,17141760,0.0,-0.6143005436475398,0.0003,0.9449461102485657,1.0023417472839355,36957,-0.013560807332396507,0.2,0.035591073,0.31390380859375,71.52657585144043,32.7271728515625,-34.08178558349609
0.0,0.0,-0.0003064213166046134,-0.17587785396310948,0.0,5583,0.01,0.65,3073,0.571456,0.0,-0.4278379787103517,-2.0604955196889967e-08,0.0,0.0,0.00036675301897856925,-0.6516666615629142,2.318408462784798,-0.3612895661637419,-0.27646437990874545,-0.08003191292260951,931,0.20114162227019708,0.5,0.0,-0.05756929466655133,-0.2743436044371098,-50.28680719999999,-0.17095347089543994,137.27,-0.29346825461476445,17160192,0.0,-0.6124117215036067,0.0003,0.9592114686965942,1.0021823644638062,36961,-0.015255041397176683,0.2,0.034767676,0.27889404296875,52.83685092926025,24.69550132751465,-34.07819442749023
0.0,0.0,-0.0003276441588850648,-0.17624558123784978,0.0,5589,0.01,0.65,3073,0.5709952,0.0,-0.4307271699281252,-2.0192991750675787e-08,0.0,0.0,0.0003927947384201818,-0.653771547251059,2.292801405863891,-0.3657735423501356,-0.27621515637515054,-0.07906550025559486,932,0.2003482773810748,0.5,0.0,-0.059102404048133717,-0.2765219637035654,-51.19203176,-0.1714775737523258,141.17,-0.29353257718441444,17178624,0.0,-0.6123373332322468,0.0003,0.9614945650100708,1.0021833181381226,36965,-0.011772325390484183,0.2,0.040219564,0.341845703125,49.26303119659424,24.24837303161621,-34.075989151000975
0.0,0.0,-0.00017179799065051887,-0.17610858154051529,0.0,5595,0.01,0.65,3073,0.5705344,0.0,-0.4283448859292576,-2.0254382398315056e-08,0.0,0.0,0.00038736935433310765,-0.6443696409815067,2.294557859857061,-0.35511868480711634,-0.27637917970132675,-0.07966166670848615,933,0.20176709278995192,0.5,0.0,-0.056253621014113936,-0.2756802976614853,-52.765410550000006,-0.17223789601749798,135.14,-0.2919301069873565,17197056,0.0,-0.6095830972361459,0.0003,0.9560064077377319,1.0013991594314575,36967,-0.001709884125739336,0.2,0.038439333,0.298681640625,58.76460609436035,29.522945404052734,-34.07114753723145
0.0,0.0,-0.0003767484799232377,-0.1776557811334545,0.0,5601,0.01,0.65,3073,0.5700736,0.0,-0.42994676146612154,-2.099777074053214e-08,0.0,0.0,0.0003493919373593397,-0.6550978936658205,2.325392953438948,-0.3738059950114214,-0.27657916604181415,-0.08063802693673576,934,0.2014738359254603,0.5,-5.425309710618523e-07,-0.06129352509559797,-0.27958720524647207,-50.825585780000004,-0.1713581004054746,142.45,-0.29245569608110245,17215488,0.0,-0.6084744299910597,0.0003,0.9461970925331116,1.002326488494873,36971,-0.013025821337942034,0.2,0.04143883,0.35352783203125,68.66554203033448,29.01325035095215,-34.08162269592285
0.0,0.0,-0.0007958077573982655,-0.17791627473143634,0.0,5607,0.01,0.65,3073,0.5696128,0.0,-0.43280389633091004,-2.0297585425762098e-08,0.0,0.0,0.00040798567028509244,-0.6502903011880967,2.301839568111051,-0.36804394046693134,-0.27671189127608387,-0.07817264809520902,935,0.20290920121034567,0.5,0.0,-0.05908881982805868,-0.2791186430147812,-51.140974840000005,-0.17161435707256603,139.96,-0.2928287395496164,17233920,0.0,-0.6076118401276376,0.0003,0.9678389430046082,1.0029966831207275,36975,-0.014013417589012533,0.2,0.038790934,0.32315673828125,42.133955001831055,15.59567642211914,-34.086141967773436
0.0,0.0,-0.00035490500266721614,-0.16872072663301763,0.0,5613,0.01,0.65,3073,0.569152,0.0,-0.43017222610174355,-1.92501309659715e-08,0.0,0.0,0.00038736934463183087,-0.6325362182052875,2.30955950946196,-0.35098735560666683,-0.2769222527931851,-0.08063754349780529,936,0.20398920381745272,0.5,0.0,-0.05322910850985313,-0.27454378012159303,-49.587973730000016,-0.17199631810802896,135.35,-0.29210702919120085,17252352,0.0,-0.6104686156754036,0.0003,0.9640370011329651,1.0011188983917236,36977,-0.0015532887644237941,0.2,0.039460376,0.2844509548611111,48.816749572753906,19.11901092529297,-34.06774351331923
0.0,0.0,-0.0004746442969078186,-0.17517732263795305,0.0,5619,0.01,0.65,3073,0.5686912,0.0,-0.4299307498717505,-2.0507891328379764e-08,0.0,0.0,0.00039496485907067027,-0.6585637784647371,2.290908729978875,-0.3628388635807862,-0.2768051061409693,-0.07909613463962208,937,0.19940418461339315,0.5,0.0,-0.05802821597870335,-0.2713543521619465,-52.604492,-0.1713057925703565,134.88,-0.29439482465700695,17270784,0.0,-0.6111071312681068,0.0003,0.9540274143218994,1.0029168128967285,36981,-0.01432585387956351,0.2,0.03793505,0.3322021484375,60.1588228225708,31.36941909790039,-34.087781524658205
0.0,0.0,-0.0004929406370970066,-0.17600777947506102,0.0,5625,0.01,0.65,3073,0.5682304,0.0,-0.4308607606823463,-2.0817455562659032e-08,0.0,0.0,0.0003971349894224356,-0.6526697244825628,2.2833966809751916,-0.3616489972998944,-0.27647630570332543,-0.07941868929904074,938,0.20083188454931816,0.5,0.0,-0.05752409147881933,-0.27340857963493914,-54.533516420000005,-0.17143438657371524,134.7,-0.29377588153823525,17289216,0.0,-0.6143312162904246,0.0003,0.9552481174468994,1.002895474433899,36985,-0.016672232962446288,0.2,0.034972023,0.31834716796875,59.48211269378662,24.887149810791016,-34.0868724822998
0.0,0.0,-0.00034621967919337,-0.1752300891883692,0.0,5631,0.01,0.65,3073,0.5677696,0.0,-0.4285038986167759,-2.0242282829458417e-08,0.0,0.0,0.0003982200448970414,-0.6495489756589738,2.3035173756733816,-0.36184005835260374,-0.276758084735957,-0.08056901358951069,939,0.202392893910421,0.5,0.0,-0.05766680599144986,-0.27404394822941225,-52.44389413000001,-0.17203769995634224,136.52,-0.29458981681999663,17307648,0.0,-0.6116756099571345,0.0003,0.9386170506477356,1.0025911331176758,36989,-0.014882651530206204,0.2,0.03468401,0.30740966796875,80.85269203186036,32.19694900512695,-34.08413829803467
0.0,0.0,-0.0003808431851592201,-0.17770780019938515,0.0,5637,0.01,0.65,3073,0.5673088,0.0,-0.4297553929893607,-2.0506272582966342e-08,0.0,0.0,0.00038085894387525815,-0.6568296230851722,2.3083987546800073,-0.372116319744389,-0.2768780758380645,-0.0791593562559427,940,0.20268089414078033,0.5,0.0,-0.05993295094522168,-0.27710351217892454,-51.90199833,-0.1723042545196788,139.72,-0.2934433782094423,17326080,0.0,-0.611264576756916,0.0003,0.9545723795890808,1.0027036666870117,36993,-0.01575658265501261,0.2,0.037617452,0.3012939453125,57.05530204772949,21.953367233276367,-34.085012435913086
0.0,0.0,-0.000281983916954335,-0.18045295923320326,0.0,5643,0.01,0.65,3073,0.566848,0.0,-0.4280222727585179,-2.103035365281342e-08,0.0,0.0,0.0003504770510416064,-0.6584671424498951,2.309005171440911,-0.3716218441688824,-0.2766642752027507,-0.07989287471704579,941,0.2005717665928886,0.5,0.0,-0.06156026999505079,-0.27479516979875984,-51.84547379000001,-0.17107677896867554,141.15,-0.29337719815233976,17344512,0.0,-0.6143864306050946,0.0003,0.9644286036491394,1.0008100271224976,36995,-0.0008978396321513823,0.2,0.046043683,0.24801199776785715,48.72263935634068,27.277809143066406,-34.063970293317524
0.0,0.0,-0.0003304491059047066,-0.17668490570343195,0.0,5649,0.01,0.65,3073,0.5663872,0.0,-0.4275887803952091,-2.0861643439614236e-08,0.0,0.0,0.00036458294683446485,-0.6616869009902664,2.303035650956779,-0.3650773252888681,-0.27681821509834104,-0.08008871929156927,942,0.19881540677604997,0.5,0.0,-0.060066830246776566,-0.2740219652940076,-52.91420662,-0.1708258626449156,139.56,-0.296529995572812,17362944,0.0,-0.6137015557123957,0.0003,0.9658209085464478,1.0009329319000244,36997,0.001881817850517109,0.2,0.043065205,0.26593017578125,47.21056842803955,23.033809661865234,-34.06545877456665
0.0,0.0,-0.00027240642825310664,-0.1794231801212183,0.0,5655,0.01,0.65,3073,0.5659263999999999,0.0,-0.4282110017577011,-2.1569472817757693e-08,0.0,0.0,0.00033311589181216224,-0.6711202003119001,2.308246113500582,-0.37166912038479405,-0.27647292279911234,-0.07995809330937559,943,0.19739786429158598,0.5,0.0,-0.062339391688348914,-0.27423972173600225,-53.51395254,-0.1715329530058924,144.71,-0.2962248585208323,17381376,0.0,-0.6158317862951413,0.0003,0.9639575481414795,1.0012519359588623,36999,-0.00202618520706892,0.2,0.04187162,0.3026611328125,49.342411041259766,23.071372985839844,-34.06919136047363
0.0,0.0,-0.0003508833357280085,-0.17290708655349316,0.0,5660,0.01,0.65,3073,0.5654656,0.0,-0.42747090636442375,-1.9978019953688475e-08,0.0,0.0,0.0003472217973062976,-0.651720056198163,2.2916058815580644,-0.35214315977608934,-0.2766923638245586,-0.08031883709977271,944,0.2003979420562626,0.5,0.0,-0.05592157742007146,-0.26969566254156396,-53.53092641999999,-0.1718622312820324,133.96,-0.29553206374756524,17399808,0.0,-0.6181259210963297,0.0003,0.9764962792396545,1.001624584197998,37002,-0.007069589026893179,0.2,0.044566985,0.3111979166666667,31.82268778483073,14.049883842468262,-34.07315254211426
0.0,0.0,-0.00031269403030940936,-0.17395389577037368,0.0,5667,0.01,0.65,3073,0.5650048,0.0,-0.4290900249743355,-2.054926861205546e-08,0.0,0.0,0.000324435321898717,-0.6524016213335293,2.2965531332286218,-0.3583367270385037,-0.2767462996800586,-0.08191996029251986,945,0.19864019403884345,0.5,0.0,-0.058006235927852194,-0.2713858600470511,-55.27462066999998,-0.17106891342864633,135.47,-0.29458816356496,17418240,0.0,-0.6165036453025998,0.0003,0.9440838098526001,1.0030391216278076,37006,-0.012803170131519437,0.2,0.03682447,0.3509765625,73.53055572509766,35.62900924682617,-34.08949928283691
0.0,0.0,-0.00033387339279336033,-0.17265037232247973,0.0,5672,0.01,0.65,3073,0.5645439999999999,0.0,-0.42799827522824496,-2.073122927311309e-08,0.0,0.0,0.0002994787646457553,-0.655908593842611,2.320959152899885,-0.36166740995188107,-0.27722837780537246,-0.08280275120140027,946,0.20026608199466633,0.5,0.0,-0.057600073116756995,-0.2711399714550146,-50.95111988000001,-0.17159421193944677,144.01,-0.29460624237396593,17436672,0.0,-0.6181248907566219,0.0003,0.9561231732368469,1.002108097076416,37010,-0.013695101784024801,0.2,0.043452848,0.3271755642361111,57.29221047295464,24.957700729370117,-34.07989523145888
0.0,0.0,-0.00037543051060568957,-0.17828662458906844,0.0,5678,0.01,0.65,3073,0.5640832,0.0,-0.43097097341778046,-2.1491106414022678e-08,0.0,0.0,0.0003211801360723459,-0.6656903299375423,2.3069190091981713,-0.37517265596981897,-0.27732106707912396,-0.08121279827719881,947,0.20031969436234764,0.5,0.0,-0.06123168112277935,-0.2756715880167598,-53.46920351999999,-0.171516323487823,141.4,-0.2951421503355876,17455104,0.0,-0.6159724744206847,0.0003,0.9767653942108154,1.0018197298049927,37014,-0.010741016842075624,0.2,0.04605929,0.3297271728515625,29.784053683280945,15.742286682128906,-34.07455062866211
0.0,0.0,-0.0002779866697287947,-0.17204894182290464,0.0,5684,0.01,0.65,3073,0.5636224000000001,0.0,-0.42706237722172724,-2.0698694908538436e-08,0.0,0.0,0.00035807247816895443,-0.6485290777705055,2.309133100689296,-0.3626324503671315,-0.277186230471651,-0.08045563795321417,948,0.20239900808685798,0.5,0.0,-0.05613782360908738,-0.27131921113966007,-51.48008143,-0.17120361231033854,139.72,-0.293777015571599,17473536,0.0,-0.6154155639505854,0.0003,0.9710189700126648,1.0019311904907227,37017,-0.005178563189334595,0.2,0.04529478,0.31576772836538464,38.52157431382399,19.704620361328125,-34.07646766075721
0.0,0.0,-0.00024906430826744587,-0.17023627404793756,0.0,5690,0.01,0.65,3073,0.5631615999999999,0.0,-0.42915374276825596,-2.075594392935982e-08,0.0,0.0,0.0003255203870745997,-0.6447708421049968,2.311684957838406,-0.36504521095389886,-0.27717622935831643,-0.08038537440766975,949,0.2021020348308833,0.5,0.0,-0.056708823397823495,-0.27290112544756195,-51.97858772000001,-0.17175732503614832,141.48,-0.2937267783643096,17491968,0.0,-0.6209302479930909,0.0003,0.9680920839309692,1.001805305480957,37020,-0.004661317279731686,0.2,0.045907907,0.28495649857954547,41.24062104658647,17.369497299194336,-34.07559238780629
0.0,0.0,-0.00046449039379369207,-0.17069205623116226,0.0,5696,0.01,0.65,3073,0.5627008,0.0,-0.42958400742940084,-2.0828033788623193e-08,0.0,0.0,0.0003417964617256075,-0.6511305528807606,2.308860746517576,-0.36414532958949064,-0.2774715592865592,-0.08207539371305012,950,0.20086922094202123,0.5,0.0,-0.056848021283919525,-0.2725255884613692,-51.468452729999996,-0.17065799287030775,141.68,-0.29365363493082886,17510400,0.0,-0.6152810221081046,0.0003,0.9725472927093506,1.0011347532272339,37022,0.001159347069915384,0.2,0.03683159,0.244293212890625,36.03183102607727,19.032047271728516,-34.06832456588745
0.0,0.0,-0.00035410556250201725,-0.1778217120855857,0.0,5702,0.01,0.65,3073,0.5622400000000001,0.0,-0.42994235611919246,-2.1085863627054653e-08,0.0,0.0,0.0003884544001064367,-0.6501125268522345,2.2864157029935868,-0.3604296760645118,-0.2776323643175428,-0.08132996885962206,951,0.20020336012018677,0.5,0.0,-0.058179203298353986,-0.27230868578613643,-53.42549935999998,-0.1713002063733714,137.67,-0.29207578860629896,17528832,0.0,-0.6104963344693403,0.0003,0.974869430065155,1.0018103122711182,37025,-0.002010201453231275,0.2,0.04455914,0.31463623046875,33.95380051930746,17.11513900756836,-34.075462659200035
0.0,0.0,-0.0003173080179663448,-0.17320417793629594,0.0,5708,0.01,0.65,3073,0.5617791999999999,0.0,-0.4345966531383661,-2.092457863712306e-08,0.0,0.0,0.0003244353704051011,-0.654596367475711,2.305416444920033,-0.3747439511113647,-0.27757681040340143,-0.08078799546106061,952,0.20107787004987052,0.5,0.0,-0.05920821179212394,-0.2764913437716529,-52.52156661,-0.1711364702420617,139.17,-0.29370441817366894,17547264,0.0,-0.6101889526513888,0.0003,0.9616460800170898,1.0013692378997803,37027,-0.0014398139254707429,0.2,0.03979537,0.295166015625,54.24699020385742,21.501861572265625,-34.07037904527452
0.0,0.0,-0.00022507923547882033,-0.1794071185506903,0.0,5714,0.01,0.65,3073,0.5613184,0.0,-0.4306782236035923,-2.1738065779200253e-08,0.0,0.0,0.0003765186734704508,-0.6519472870930212,2.3112517214104256,-0.3783832407896522,-0.27699053580866123,-0.08254343162563187,953,0.20423854900597915,0.5,0.0,-0.06091396564395843,-0.2775316768552482,-54.04292558999999,-0.17120762181034618,143.55,-0.29403864355461073,17565696,0.0,-0.6077512120885916,0.0003,0.9703042507171631,1.001311182975769,37029,-0.0033089254413627917,0.2,0.03824681,0.2698838975694444,40.373853047688804,19.464942932128906,-34.06992509629991
0.0,0.0,-0.00031654352014049173,-0.17665058606502082,0.0,5720,0.01,0.65,3073,0.5608576000000001,0.0,-0.433092692469272,-2.050935905505085e-08,0.0,0.0,0.0003841141394029061,-0.6534504963806784,2.2960604867223418,-0.36908522840687075,-0.2768566196718386,-0.08034526703341255,954,0.20257315399290746,0.5,0.0,-0.058706837071357515,-0.27341919873774845,-54.43647272000001,-0.17078337270611366,137.08,-0.2931879176136001,17584128,0.0,-0.6120616402632931,0.0003,0.9746598601341248,1.0021551847457886,37032,-0.007435923406424431,0.2,0.043684404,0.31173001802884615,34.908155588003304,20.414121627807617,-34.07903260451097
0.0,0.0,-0.0003973453157941518,-0.17546790142502947,0.0,5726,0.01,0.65,3073,0.5603967999999999,0.0,-0.4324970198023629,-2.0923161721679744e-08,0.0,0.0,0.00037326346824152604,-0.6483088161863072,2.3008938127404885,-0.3700651841175567,-0.27721647667787364,-0.08100548155768957,955,0.20302505959598305,0.5,0.0,-0.05858244671322483,-0.27371377569868166,-51.81533875999999,-0.17076276724618383,140.1,-0.2919235669374697,17602560,0.0,-0.6121266656334989,0.0003,0.967995285987854,1.0019102096557617,37035,-0.007604980160697148,0.2,0.044367194,0.3144719050480769,41.81110088641827,17.203731536865234,-34.07817723200871
0.0,0.0,-0.00024409973876957208,-0.1749667802942016,0.0,5732,0.01,0.65,3073,0.559936,0.0,-0.42996108652786735,-2.097308079488667e-08,0.0,0.0,0.00039387975508968037,-0.6399163534888463,2.295403011514524,-0.3685178541934401,-0.2772418268847876,-0.08130012533792288,956,0.2038260682432932,0.5,0.0,-0.05826949878305451,-0.2722414948092555,-52.44974189999999,-0.17121241878293786,137.48,-0.2917510837403209,17620992,0.0,-0.6090240168753754,0.0003,0.9707216024398804,1.0012218952178955,37037,-0.003642008639872074,0.2,0.039852284,0.27109375,39.03252067565918,20.312509536743164,-34.06918907165527
0.0,0.0,-0.0004003852576650545,-0.1779635292527788,0.0,5738,0.01,0.65,3073,0.5594752000000001,0.0,-0.43265927310394187,-2.1400838723087846e-08,0.0,0.0,0.00038628429885850183,-0.6479589096963846,2.3047104566613053,-0.37007394782520536,-0.2777112305412547,-0.0812374695407141,957,0.20214546170992284,0.5,0.0,-0.05990188300266007,-0.27383000406614527,-51.23132587,-0.17112676429389076,142.95,-0.2924040064826159,17639424,0.0,-0.6117204821467348,0.0003,0.9694143533706665,1.0018110275268555,37040,-0.006074889546393284,0.2,0.044636413,0.34793526785714285,41.182996477399556,23.273290634155273,-34.07547106061663
0.0,0.0,-0.00027822296228173374,-0.17685963568085106,0.0,5744,0.01,0.65,3073,0.5590144,0.0,-0.43340142949462185,-2.097395094592601e-08,0.0,0.0,0.00041232593098862306,-0.6458626678210628,2.291368952917969,-0.3684116519745122,-0.27722282620789956,-0.07996626449212496,958,0.20461682483895316,0.5,0.0,-0.0578047042439441,-0.27438354363810213,-54.83227936,-0.1713912832518981,136.36,-0.2923838248101465,17657856,0.0,-0.6098028956430462,0.0003,0.9764984846115112,1.0017701387405396,37043,-0.006439827399195305,0.2,0.044034183,0.32364327566964285,31.37907232557024,13.451675415039062,-34.075073787144255
0.0,0.0,-0.00015773999269894705,-0.1747292512139256,0.0,5750,0.01,0.65,3073,0.5585536,0.0,-0.43446744647509317,-2.1055806548049317e-08,0.0,0.0,0.00034613671272786125,-0.6320666666432566,2.2921400144080213,-0.36236093610789766,-0.27729516091299433,-0.08273134804706972,959,0.20366987455819563,0.5,0.0,-0.05596262623569786,-0.27319505667180044,-51.93782052,-0.17203593941791614,136.58,-0.29091192000649785,17676288,0.0,-0.6121567909456898,0.0003,0.9641547799110413,1.001543641090393,37046,-0.005721734293426077,0.2,0.04387089,0.305908203125,46.88660717010498,21.751707077026367,-34.07270876566569
0.0,0.0,-0.00034596513951993396,-0.17043378830328726,0.0,5756,0.01,0.65,3073,0.5580928,0.0,-0.4333568429271133,-2.081385063986461e-08,0.0,0.0,0.00037326346824152604,-0.6289663630307468,2.308895756796582,-0.3694941614663644,-0.27754184493037265,-0.08169072138449258,960,0.20652910136130187,0.5,0.0,-0.05587202494716989,-0.27424229764392377,-52.50882592000001,-0.1717141708038866,139.43,-0.29047087196050797,17694720,0.0,-0.6137743370185499,0.0003,0.9671826958656311,1.0024468898773193,37050,-0.01435411092825234,0.2,0.032246508,0.30125732421875,41.545396614074704,17.267675399780273,-34.08210067749023
0.0,0.0,-0.0002826886040143319,-0.1813363245561238,0.0,5762,0.01,0.65,3073,0.557632,0.0,-0.4361394546168316,-2.124965657938834e-08,0.0,0.0,0.00043077213599139615,-0.6431016809132024,2.2985195044664746,-0.3810568619592446,-0.2772541244835796,-0.08079920819252309,961,0.20455348011792387,0.5,0.0,-0.060578125129703814,-0.27827676358462633,-55.08363781999999,-0.17135779930945638,141.31,-0.29264815229241437,17713152,0.0,-0.6130360076909505,0.0003,0.9719153642654419,1.00116765499115,37053,-0.0010899250734258783,0.2,0.046745487,0.2765891335227273,35.28027326410467,16.76726722717285,-34.06853831898082
0.0,0.0,-0.0004125708854593373,-0.17557330241095406,0.0,5768,0.01,0.65,3073,0.5571712,0.0,-0.43821209530743715,-2.0667112240815677e-08,0.0,0.0,0.00041341103496961296,-0.632193733512517,2.2903555879285804,-0.36671369888991784,-0.2777262037727341,-0.08190893029176659,962,0.20526521486010138,0.5,0.0,-0.05676388858220988,-0.27349577561225363,-52.83003408999999,-0.17139067451679224,139.2,-0.29030340284425715,17731584,0.0,-0.6130873889445759,0.0003,0.9732838273048401,1.0021946430206299,37057,-0.012641214951872825,0.2,0.039103173,0.3037841796875,34.40643072128296,15.989217758178711,-34.07887706756592
0.0,0.0,-0.0005784512683037152,-0.17394140146766265,0.0,5774,0.01,0.65,3073,0.5567104,0.0,-0.43401400027051174,-2.1724583233177497e-08,0.0,0.0,0.00036241276797631546,-0.6414857541860296,2.305439044382436,-0.3770582477674518,-0.27745475564109884,-0.08229106740067274,963,0.204664097829561,0.5,0.0,-0.05795918840311936,-0.2753620227384251,-51.79757884,-0.17144781192638034,142.18,-0.292653081048631,17750016,0.0,-0.6146894777661076,0.0003,0.9654491543769836,1.00241219997406,37061,-0.013637838512659073,0.2,0.040169585,0.34447021484375,44.35177707672119,18.565731048583984,-34.08135356903076
0.0,0.0,-0.000506955398554654,-0.17589969077154746,0.0,5780,0.01,0.65,3073,0.5562496,0.0,-0.4351030712335653,-2.1247594231893185e-08,0.0,0.0,0.0003559023284146355,-0.6437044746855514,2.295815968173871,-0.3760772547686147,-0.27750596383093573,-0.08095817711747216,964,0.20445677422632944,0.5,0.0,-0.058480129098912266,-0.2758509815440316,-52.07503697,-0.17097968687364762,141.37,-0.291604055019361,17768448,0.0,-0.6130716035455523,0.0003,0.9730170369148254,1.002533197402954,37065,-0.01224281411850825,0.2,0.040299695,0.34476318359375,34.429905319213866,15.588663101196289,-34.08125247955322
0.0,0.0,-0.0007339801188479259,-0.17554601148278415,0.0,5786,0.01,0.65,3073,0.5557888,0.0,-0.4354460839621013,-2.1983024173570782e-08,0.0,0.0,0.0003417964229205002,-0.637790083843884,2.3109416686991398,-0.37697208479008837,-0.2778325845658758,-0.08364153412748039,965,0.20422662128948954,0.5,0.0,-0.05858429152797341,-0.27518092135957506,-50.986806319999985,-0.17153433258561807,144.58,-0.2902949375281114,17786880,0.0,-0.6155733776901793,0.0003,0.9750474095344543,1.0008621215820312,37067,-0.0017003983666654676,0.2,0.039684527,0.24688720703125,33.13350510597229,16.81781768798828,-34.064000606536865
0.0,0.0,-0.0005639379503963541,-0.17709578589044794,0.0,5792,0.01,0.65,3073,0.555328,0.0,-0.4390393087347187,-2.1106146271983567e-08,0.0,0.0,0.0003439666017786496,-0.6448052852569589,2.2992641239734954,-0.37666973395928116,-0.27801339271730047,-0.08339003289673172,966,0.20280897809949341,0.5,0.0,-0.05956311765096278,-0.27596448352309355,-55.58404722000001,-0.17105255193335037,137.92,-0.29020331674638006,17805312,0.0,-0.6123794709434686,0.0003,0.9808841347694397,1.0024795532226562,37071,-0.008475794835248962,0.2,0.045896266,0.3627166748046875,25.43233072757721,13.02941608428955,-34.08253288269043
0.0,0.0,-0.0006220951751524619,-0.17301010192000627,0.0,5798,0.01,0.65,3073,0.5548672,0.0,-0.4358995306733229,-2.1103626578852434e-08,0.0,0.0,0.00033420098609187536,-0.6435269354816381,2.3123269893794105,-0.3722942998872776,-0.2779759166718838,-0.08223762136837004,967,0.2033730772035379,0.5,0.0,-0.05799488596414269,-0.2732514773457876,-51.8891289,-0.17204491336368077,142.33,-0.29228462763543517,17823744,0.0,-0.6173664400867369,0.0003,0.9716794490814209,1.0033290386199951,37075,-0.01281786042964086,0.2,0.039148267,0.35938720703125,38.02679786682129,19.317832946777344,-34.0938419342041
0.0,0.0,-0.0005812223730355195,-0.17216635276918446,0.0,5804,0.01,0.65,3073,0.5544064,0.0,-0.43409242782411234,-2.1287702600882658e-08,0.0,0.0,0.00031141447187918756,-0.6352763518225497,2.305556813673998,-0.37014871227393975,-0.2780469606838301,-0.08411428209580578,968,0.20386366560147118,0.5,-5.42532911317216e-06,-0.05654269460915589,-0.2725001660826497,-51.91066690000002,-0.1712200512202373,138.91,-0.29087707815928204,17842176,0.0,-0.6120201988904979,0.0003,0.9823370575904846,1.0011540651321411,37077,-7.079880581133896e-05,0.2,0.03627572,0.2506510416666667,23.14375178019206,9.753288269042969,-34.06848441229926
0.0,0.0,-0.0005560892034693009,-0.17983494559041827,0.0,5810,0.01,0.65,3073,0.5539456,0.0,-0.43557753900193985,-2.185685515154833e-08,0.0,0.0,0.0003374562107233538,-0.6496686360681174,2.2919535646765317,-0.37713314501978606,-0.27802508778506324,-0.08163196820998976,969,0.20217199699906804,0.5,0.0,-0.060118563443418656,-0.27442354059725343,-53.25387218,-0.1715024338887337,140.84,-0.29370663045768475,17860608,0.0,-0.6130180846476736,0.0003,0.970443069934845,1.0011723041534424,37079,-0.003101974073797464,0.2,0.03703722,0.269873046875,39.854749298095705,17.05914306640625,-34.068308639526364
0.0,0.0,-0.0005116559310416089,-0.1753537594703546,0.0,5816,0.01,0.65,3073,0.5534848,0.0,-0.43743155319074184,-2.108118147257229e-08,0.0,0.0,0.00038628429885850183,-0.6353256721321492,2.309171265030692,-0.3745094972474898,-0.2780703446643683,-0.08085863450518814,970,0.20316709722286216,0.5,0.0,-0.05795387370020028,-0.2740759252413241,-52.246560990000006,-0.171162028803596,139.11,-0.28944837452084804,17879040,0.0,-0.6087479456586359,0.0003,0.973186194896698,1.001603126525879,37082,-0.006002890955035885,0.2,0.044339493,0.3060099283854167,37.08846219380697,20.31178092956543,-34.07252756754557
0.0,0.0,-0.0005406508027542708,-0.17762106064137978,0.0,5822,0.01,0.65,3074,0.553024,0.0,-0.43375685971603134,-2.1635593407923916e-08,0.0,0.0,0.0003700082436100476,-0.6474219539416168,2.301679995938853,-0.374975776933487,-0.27785564809777624,-0.08005858076914746,971,0.20412698381754013,0.5,0.0,-0.05848362908472815,-0.27191252645613023,-54.05362426,-0.17097403609110637,138.96,-0.292787481493179,17897472,0.0,-0.6136371839979529,0.0003,0.9795345664024353,1.0023871660232544,37085,-0.007221977164347967,0.2,0.043354474,0.32171223958333334,26.67139434814453,14.306357383728027,-34.08194529215495
0.0,0.0,-0.0006520717910254823,-0.175727842048001,0.0,5828,0.01,0.65,3074,0.5525632,0.0,-0.4325955381877361,-2.130377753368304e-08,0.0,0.0,0.00034613670302658447,-0.6372056967869207,2.2897972678532725,-0.3725941628176722,-0.27779590018866257,-0.08092909282542793,972,0.2040866121641127,0.5,0.0,-0.05782333875629949,-0.2691030274352856,-52.77019627,-0.1705668470587807,135.17,-0.2924157183808582,17915904,0.0,-0.6102302979530863,0.0003,0.9698290228843689,1.002274751663208,37089,-0.00743976078229025,0.2,0.045012843,0.3426666259765625,40.51653480529785,21.24150276184082,-34.08220720291138
0.0,0.0,-0.0006032283611271347,-0.17637376858416462,0.0,5834,0.01,0.65,3074,0.5521024,0.0,-0.43282310740229507,-2.1597938029006328e-08,0.0,0.0,0.00034613671272786125,-0.6353962171371039,2.307952164359504,-0.37643478719997187,-0.2781829668510913,-0.08077546722449297,973,0.2046447847400935,0.5,0.0,-0.05836448737430503,-0.27224459945157886,-51.08090555,-0.17090462210653906,139.02,-0.29090751424967043,17934336,0.0,-0.6096146680320296,0.0003,0.9620154500007629,1.0020878314971924,37093,-0.01347420916426927,0.2,0.036419816,0.31878662109375,48.644297409057614,26.870189666748047,-34.07808666229248
0.0,0.0,-0.0009935717185948093,-0.1725241273934287,0.0,5840,0.01,0.65,3074,0.5516416,0.0,-0.4303870019558171,-2.0424728349240818e-08,0.0,0.0,0.0003374561331131392,-0.6253741144158584,2.2781934596344637,-0.3594290174324819,-0.2776124618366398,-0.08193029095920366,974,0.20327403571373256,0.5,0.0,-0.05402167212693581,-0.26741035523469775,-51.19976361,-0.17092003985102922,131.54,-0.29335232611136075,17952768,0.0,-0.6148314118373933,0.0003,0.9750334024429321,1.0022566318511963,37097,-0.013430026732385159,0.2,0.038191877,0.2961669921875,31.79248046875,17.28343963623047,-34.078589630126956
0.0,0.0,-0.0008410986401057552,-0.1727973294378165,0.0,5846,0.01,0.65,3074,0.5511808,0.0,-0.43316345095114045,-2.1463286231389738e-08,0.0,0.0,0.0003808589147714277,-0.6365673323915062,2.2935274003371453,-0.3664504720367317,-0.277748513244936,-0.08158746276540084,975,0.2047008512982672,0.5,0.0,-0.05482931623536777,-0.2691348131507313,-53.91644521999999,-0.17066341882397962,133.61,-0.2927037985655964,17971200,0.0,-0.6148335432516545,0.0003,0.9591580629348755,1.0022920370101929,37101,-0.014918395085260272,0.2,0.028929789,0.2704833984375,52.251036643981934,25.31623649597168,-34.07991409301758
0.0,0.0,-0.0008286205305519489,-0.1708184461668322,0.0,5852,0.01,0.65,3073,0.55072,0.0,-0.42666344973528386,-2.1066965500223226e-08,0.0,0.0,0.00039496480086300935,-0.6162688926762097,2.2914689709768736,-0.36260716109023217,-0.2778138200975391,-0.08268331979319178,976,0.20681291656580758,0.5,0.0,-0.052657462565150095,-0.26806409904936873,-50.35764673,-0.17092901756207812,134.79,-0.29119362727619197,17989632,0.0,-0.6129038269445848,0.0003,0.9606760740280151,1.0017989873886108,37105,-0.01229727864265442,0.2,0.030093858,0.2971435546875,50.306032371521,22.787126541137695,-34.07467212677002
0.0,0.0,-0.0006418047873213697,-0.1725485141116617,0.0,5858,0.01,0.65,3073,0.5502592,0.0,-0.43114200779079787,-2.072449024440922e-08,0.0,0.0,0.00036132765429404873,-0.6201688272541781,2.284686640205729,-0.36152788887871257,-0.2777793938030905,-0.08166734469677049,977,0.2042177043998462,0.5,0.0,-0.05430238797196382,-0.2682245576838393,-51.74603471,-0.17048227527900706,133.11,-0.28888665879718706,18008064,0.0,-0.6140942653413929,0.0003,0.9656363725662231,1.0024285316467285,37109,-0.015032246243208647,0.2,0.030734783,0.27154541015625,42.470968627929686,21.643638610839844,-34.079366302490236
0.0,0.0,-0.0005922175198712736,-0.17471120347705368,0.0,5864,0.01,0.65,3073,0.5497984,0.0,-0.42825814732918566,-2.1226994156393877e-08,0.0,0.0,0.0004036453610751778,-0.623546502073189,2.276017589692164,-0.3692330435579021,-0.2779377647155964,-0.08147722246314358,978,0.2055888502849371,0.5,0.0,-0.055823654843315834,-0.2674339278387286,-54.040087469999996,-0.16991751826670792,132.59,-0.2907432219831222,18026496,0.0,-0.612778191208684,0.0003,0.9540725350379944,1.0023866891860962,37113,-0.012122789700515568,0.2,0.036704805,0.34674072265625,57.554596710205075,31.017803192138672,-34.081440162658694
0.0,0.0,-0.0005820125029348841,-0.17595944803212438,0.0,5870,0.01,0.65,3073,0.5493376,0.0,-0.43084931156059747,-2.1490848001169046e-08,0.0,0.0,0.0003982200254944877,-0.6275554146480606,2.288733896391763,-0.37075408652924824,-0.27786068672883124,-0.08064912518625378,979,0.2055978250536086,0.5,0.0,-0.05627401589414251,-0.27060946750635617,-52.184523760000005,-0.17053785729147108,137.03,-0.2901495675797743,18044928,0.0,-0.6118498218974647,0.0003,0.9511141180992126,1.0021017789840698,37117,-0.014553694985806942,0.2,0.034629464,0.32410888671875,63.011285400390626,37.06297302246094,-34.07528457641602
0.0,0.0,-0.0006648045854618907,-0.1762186694679028,0.0,5876,0.01,0.65,3073,0.5488767999999999,0.0,-0.42852724696069316,-2.1852186472778195e-08,0.0,0.0,0.0003819439702460335,-0.6275906527495901,2.2984029491744296,-0.37452704696534206,-0.2775492656523697,-0.08139511264324882,980,0.20716008384628773,0.5,0.0,-0.05719656455705439,-0.270180581533208,-52.76202425999999,-0.17075915706272965,137.22,-0.28935321107650214,18063360,0.0,-0.6145654076234918,0.0003,0.9660910964012146,1.0023813247680664,37121,-0.014288896461948752,0.2,0.036143627,0.30050048828125,43.918853759765625,16.986257553100586,-34.07979831695557
0.0,0.0,-0.0008700272623590003,-0.17527918494464276,0.0,5882,0.01,0.65,3073,0.548416,0.0,-0.4301233071684591,-2.1702489986586263e-08,0.0,0.0,0.0004101558103381346,-0.6188035689913729,2.2888011781675783,-0.37719628815068246,-0.2777627854995122,-0.08036657177069002,981,0.20862113468371166,0.5,0.0,-0.057182910319332175,-0.27094786897615486,-51.26600611,-0.17126406626686916,134.65,-0.28727760663818974,18081792,0.0,-0.6131985599742173,0.0003,0.968934953212738,1.0022006034851074,37125,-0.015526952967047692,0.2,0.03236546,0.30330810546875,38.32549285888672,19.45696258544922,-34.0799373626709
0.0,0.0,-0.000719927523729784,-0.1724966857870865,0.0,5888,0.01,0.65,3073,0.5479552,0.0,-0.4290923830298035,-2.0304348018237065e-08,0.0,0.0,0.00036566793440013297,-0.6103888377015881,2.2795926486793814,-0.35418433750536654,-0.2779391556332753,-0.08168562346239328,982,0.2067022864827236,0.5,0.0,-0.05211897778575434,-0.26651290523480586,-51.9139067,-0.17108646040008652,130.64,-0.28760620207923193,18100224,0.0,-0.6160308916520237,0.0003,0.9645694494247437,1.0025336742401123,37129,-0.015404005569871515,0.2,0.03782637,0.32137451171875,44.138555908203124,22.642601013183594,-34.080939865112306
0.0,0.0,-0.0007104592688127378,-0.16881504270689554,0.0,5894,0.01,0.65,3073,0.5474943999999999,0.0,-0.42854343909126463,-2.097751729887439e-08,0.0,0.0,0.0004003901461449762,-0.6151981356475553,2.29403080150497,-0.3686007620334308,-0.27791667751118904,-0.08082321687545693,983,0.2070863732890117,0.5,0.0,-0.05370026549928191,-0.2677399280333315,-49.87536175,-0.17084603056335654,137.87,-0.2885651725834372,18118656,0.0,-0.613895462156379,0.0003,0.9571872353553772,1.0016636848449707,37133,-0.015499102207832039,0.2,0.029004822,0.29132080078125,51.17377853393555,22.8884334564209,-34.074447059631346
0.0,0.0,-0.0007106901265190846,-0.17529815409422944,0.0,5900,0.01,0.65,3073,0.5470336,0.0,-0.4320710272617632,-2.0833316178316585e-08,0.0,0.0,0.00039930507126781676,-0.6194965576514311,2.2804154134571752,-0.3682654283333474,-0.2780638213102878,-0.08102555688613564,984,0.20711937626347762,0.5,0.0,-0.05524623267621756,-0.26907903010441886,-53.85800918999999,-0.1702874016695486,133.07,-0.28903141681507305,18137088,0.0,-0.6134115798880528,0.0003,0.9725513458251953,1.0027333498001099,37137,-0.013808156922459602,0.2,0.04284322,0.341064453125,33.166243362426755,13.093337059020996,-34.08041515350342
0.0,0.0,-0.0006040656248283354,-0.1750931434539926,0.0,5906,0.01,0.65,3073,0.5465728000000001,0.0,-0.4328291888003785,-2.1138289798402787e-08,0.0,0.0,0.000356987403291795,-0.623765876642052,2.2882957413204803,-0.3723753280424161,-0.27806561601259516,-0.08256578271736949,985,0.20465257131522796,0.5,0.0,-0.05689876544183108,-0.26939538287695947,-50.71269554,-0.17003253029805984,138.92,-0.28880647522227854,18155520,0.0,-0.6111518049536923,0.0003,0.9635627269744873,1.0034698247909546,37141,-0.01332318598870188,0.2,0.04036907,0.35162353515625,46.009813499450686,16.236066818237305,-34.09442539215088
0.0,0.0,-0.0030628857321179045,-0.17233848747232758,0.0,5912,0.01,0.65,3073,0.5461119999999999,0.0,-0.43265873310369823,-2.1533127590724982e-08,0.0,0.0,0.0003830290645257466,-0.61762180944919,2.286140581375273,-0.3656167135671542,-0.27836780087894275,-0.08236029989063692,986,0.2074098972306467,0.5,0.0,-0.05412952206156152,-0.2679639455978789,-50.96657874,-0.17066496275106188,135.68,-0.28961482422766915,18173952,0.0,-0.6143656140937428,0.0003,0.9675296545028687,1.0027217864990234,37145,-0.011928840796463192,0.2,0.038574744,0.34674072265625,40.96824550628662,17.131519317626953,-34.0867826461792
0.0,0.0,-0.0006420871729717917,-0.1763368082152289,0.0,5918,0.01,0.65,3073,0.5456512,0.0,-0.43270934306080955,-2.169604902931134e-08,0.0,0.0,0.00038845440980771347,-0.6216295597061526,2.2865814234327284,-0.37134982926986126,-0.2785478252939171,-0.08128214184144052,987,0.20638686639074982,0.5,0.0,-0.05665445744418677,-0.2694260060857505,-51.76372622000001,-0.1706497020736791,138.17,-0.2890588948265415,18192384,0.0,-0.6142332165379326,0.0003,0.9540450572967529,1.0023671388626099,37149,-0.01483472806867212,0.2,0.040402524,0.3357421875,57.74970970153809,24.587507247924805,-34.081947326660156
0.0,0.0,-0.0005628354660712507,-0.17435318754007012,0.0,5924,0.01,0.65,3073,0.5451904000000001,0.0,-0.4303951902102698,-2.146257785840204e-08,0.0,0.0,0.0003396263119712886,-0.6325654815604023,2.290410785222136,-0.37381536683846583,-0.2781079873515999,-0.08243209247229319,988,0.20460999516804212,0.5,0.0,-0.05760880608689137,-0.26640093015476646,-51.88172722000001,-0.16966591900649372,139.57,-0.2881592549731344,18210816,0.0,-0.6096696773078242,0.0003,0.9627540707588196,1.0020970106124878,37153,-0.015852044959319755,0.2,0.032439243,0.28421630859375,45.41601486206055,18.62301254272461,-34.07686367034912
0.0,0.0,-0.0006510815061926023,-0.17657342045610988,0.0,5930,0.01,0.65,3073,0.5447295999999999,0.0,-0.426320183563635,-2.1870164174464203e-08,0.0,0.0,0.000333115853007055,-0.6286058648603775,2.2916823732038267,-0.37801684457524,-0.27823732429068493,-0.08103564073805519,989,0.20474832109141594,0.5,0.0,-0.05915861184703058,-0.2653770292138636,-52.87012084,-0.16927497329631347,137.31,-0.2884318754260525,18229248,0.0,-0.6129236887822102,0.0003,0.9723857045173645,1.0025639533996582,37157,-0.01472255225526169,0.2,0.036884215,0.3114990234375,34.49797420501709,17.533767700195312,-34.081651306152345
0.0,0.0,-0.0006254544409979345,-0.17555633238288437,0.0,5936,0.01,0.65,3073,0.5442688,0.0,-0.4294025490261391,-2.1836537537522586e-08,0.0,0.0,0.00035807246846767765,-0.6255961785120987,2.288980196712316,-0.37151916366875576,-0.2784902824676445,-0.08062224443124405,990,0.2063175935216993,0.5,0.0,-0.05738845645033394,-0.2662584486930102,-52.28374053999999,-0.16952987127348482,133.65,-0.290195684375889,18247680,0.0,-0.6142323859637602,0.0003,0.968782365322113,1.0030474662780762,37161,-0.01302096894942224,0.2,0.039271817,0.3310791015625,39.46901092529297,18.057268142700195,-34.08728446960449
0.0,0.0,-0.000658268978753655,-0.1711622828400413,0.0,5942,0.01,0.65,3073,0.5438080000000001,0.0,-0.42746690344138627,-2.1089174535921343e-08,0.0,0.0,0.0003233502276190039,-0.6154941502924206,2.281915797560697,-0.3546482465860843,-0.2779398318314704,-0.08431850237808153,991,0.2043574955981674,0.5,0.0,-0.05258180443286634,-0.2609135669194779,-52.75035983,-0.16918746571793158,129.04,-0.28861257952206576,18266112,0.0,-0.6125228937910187,0.0003,0.9668608903884888,1.0027124881744385,37165,-0.012850083550438285,0.2,0.040670037,0.3474853515625,42.11318187713623,17.666093826293945,-34.08645648956299
0.0,0.0,-0.0004568853618040617,-0.1768745817623486,0.0,5948,0.01,0.65,3073,0.5433471999999999,0.0,-0.43338156208182116,-2.2139425653694084e-08,0.0,0.0,0.0003059891751036048,-0.6326207018555683,2.2877314831321502,-0.3810449112132915,-0.2777221176968832,-0.08050164270219928,992,0.20430737358027484,0.5,0.0,-0.05909155901621277,-0.26754902269470127,-53.274488110000014,-0.16930790345603183,135.9,-0.2913916439796282,18284544,0.0,-0.6123446268640433,0.0003,0.9528654217720032,1.0023810863494873,37169,-0.015262373408768326,0.2,0.031675883,0.31533203125,59.661190795898435,26.131868362426758,-34.08206920623779
0.0,0.0,-0.000889634015341582,-0.17143771147217493,0.0,5954,0.01,0.65,3073,0.5428864,0.0,-0.4267672804199583,-2.0849160731671412e-08,0.0,0.0,0.0003895394555810425,-0.6057113094742451,2.288113023432293,-0.3577870267610604,-0.2781780954621599,-0.07966603804912026,993,0.20756955797191592,0.5,0.0,-0.052405643240785484,-0.2595700429123521,-48.30323228000001,-0.16977710278779493,135.24,-0.28765808595396564,18302976,0.0,-0.6131097853759064,0.0003,0.9756163358688354,1.0023219585418701,37173,-0.015702782786684112,0.2,0.030689891,0.29984130859375,31.932233810424805,14.12630844116211,-34.080712509155276
0.0,0.0,-0.000678661501095575,-0.17970924393213025,0.0,5960,0.01,0.65,3073,0.5424256000000001,0.0,-0.4283770800940702,-2.2099701974780067e-08,0.0,0.0,0.00036783805505062145,-0.6291856394349629,2.2918770347105077,-0.37771739389624104,-0.27802446378441265,-0.0806364108094137,994,0.20515678658755632,0.5,0.0,-0.05933298489291098,-0.2664041504665078,-50.12043186000001,-0.16923018272355897,139.98,-0.28974527570806663,18321408,0.0,-0.6111114880370263,0.0003,0.9730542302131653,1.0024867057800293,37177,-0.013646699627861381,0.2,0.034268353,0.284375,32.19976549148559,14.716511726379395,-34.081431198120114
0.0,0.0,-0.0004865748774941306,-0.17480229963339466,0.0,5966,0.01,0.65,3073,0.5419648,0.0,-0.42714342354393875,-2.204756094086868e-08,0.0,0.0,0.0003873693252292772,-0.6115697867047376,2.2867233155330604,-0.37052899595861954,-0.27791774925765345,-0.07890520407455512,995,0.20637868878652182,0.5,0.0,-0.056179801972309,-0.2631509801009195,-48.149056470000005,-0.169382632389154,139.72,-0.28871795822470264,18339840,0.0,-0.6116130400103961,0.0003,0.9819380640983582,1.0015770196914673,37180,-0.004383141450075941,0.2,0.046248086,0.2793856534090909,23.378789034756746,10.063467025756836,-34.07286002419212
0.0,0.0,-0.00048338135784134907,-0.17406355886082459,0.0,5972,0.01,0.65,3073,0.541504,0.0,-0.4248188699584967,-2.142570337066374e-08,0.0,0.0,0.000333115853007055,-0.6203009108548313,2.2736068833380103,-0.3658384809595294,-0.2778665637138287,-0.07925544325476983,996,0.20517965770831462,0.5,0.0,-0.05457830000158383,-0.2606474015237185,-50.381825010000014,-0.1690948996782583,134.52,-0.29190090618569153,18358272,0.0,-0.6156708185807338,0.0003,0.9781849384307861,1.0019599199295044,37183,-0.0050793853230201285,0.2,0.044167314,0.32461313100961536,29.30800437927246,14.125105857849121,-34.07739874032828
0.0,0.0,-0.0008075229252023813,-0.16866958724780898,0.0,5978,0.01,0.65,3073,0.5410432000000001,0.0,-0.425132727859118,-2.0919169985898415e-08,0.0,0.0,0.0003428814880963829,-0.6040907726781388,2.284558521419685,-0.3528506970620631,-0.27808364173446665,-0.0826868770506444,997,0.2056385824969355,0.5,0.0,-0.051431135449544925,-0.2580548202607613,-49.52146723,-0.1694448128798546,130.89,-0.2892169389130422,18376704,0.0,-0.613830057370392,0.0003,0.9584007263183594,1.0029810667037964,37187,-0.0106753284111619,0.2,0.04147798,0.35457763671875,54.81038951873779,22.723989486694336,-34.089738273620604
0.0,0.0,-0.0003711105779569976,-0.17354508318576345,0.0,5984,0.01,0.65,3073,0.5405824,0.0,-0.4250905947602968,-2.1553826799945654e-08,0.0,0.0,0.0003396263119712886,-0.6259610671892726,2.277072724225614,-0.3675436856380014,-0.27822221958038973,-0.0808964465061995,998,0.20425438949910066,0.5,0.0,-0.05540897050551808,-0.26049477045443636,-51.57053320000001,-0.16899198602095122,133.02,-0.29306920128107955,18395136,0.0,-0.6126974119166246,0.0003,0.949265718460083,1.002535343170166,37191,-0.014548000413924456,0.2,0.036160838,0.2980712890625,64.1303279876709,27.73313331604004,-34.08336696624756
0.0,0.0,-0.0003833105891635066,-0.17748381416332643,0.0,5990,0.01,0.65,3073,0.5401216,0.0,-0.42358415852160014,-2.2397888872935907e-08,0.0,0.0,0.0003602425891181661,-0.6238590416816544,2.296260672023963,-0.37797893485188677,-0.27804244107775816,-0.08175097022127038,999,0.20788963794986748,0.5,0.0,-0.057753714803392496,-0.26388459156417154,-49.21957751,-0.16883729354911103,138.39,-0.288085053067762,18413568,0.0,-0.6155132725308989,0.0003,0.9528967142105103,1.0019209384918213,37195,-0.014044857898261398,0.2,0.034937046,0.27957763671875,60.38738746643067,22.223236083984375,-34.07724781036377
0.0,0.0,-0.0003459694274071859,-0.17015589448111437,0.0,5996,0.01,0.65,3073,0.5396608,0.0,-0.4218938824525773,-2.094684504529384e-08,0.0,0.0,0.00039822001579321094,-0.6032457705154294,2.286809247973759,-0.35983753780397454,-0.2779480546116387,-0.08016342416665095,1000,0.20764721514377205,0.5,0.0,-0.052444715601247194,-0.25800972329452854,-48.94632577,-0.16873015674987943,132.9,-0.2887434881946233,18432000,0.0,-0.6154642597273551,0.0003,0.9692075848579407,1.0019252300262451,37199,-0.015452193596865981,0.2,0.028389689,0.25767822265625,40.088607215881346,16.001008987426758,-34.075446128845215
0.0,0.0,-0.0004231878598399929,-0.17192746906139159,0.0,6002,0.01,0.65,3073,0.5392,0.0,-0.4240248132490085,-2.155823433581371e-08,0.0,0.0,0.0003927946511086904,-0.6149667212274952,2.283877488454908,-0.367670503973579,-0.2785546173602692,-0.08093329320300628,1001,0.20716551367073255,0.5,0.0,-0.05409056119706832,-0.26108315562464957,-48.95374647999999,-0.1693169445988011,137.05,-0.2901756927292587,18450432,0.0,-0.6147658980621922,0.0003,0.9667996764183044,1.0025272369384766,37203,-0.013565307110548019,0.2,0.037628077,0.32720947265625,42.19724540710449,15.755400657653809,-34.08190212249756
0.0,0.0,-0.000371227273967762,-0.17723137754283821,0.0,6008,0.01,0.65,3073,0.5387392,0.0,-0.42090377160879155,-2.2079088145426442e-08,0.0,0.0,0.00038736933493055403,-0.6188079113477843,2.282795042236794,-0.37110489115676626,-0.278103811267558,-0.08097088343483888,1002,0.2066988315852727,0.5,0.0,-0.056466109566541633,-0.26113310821681934,-48.52785002999999,-0.16967659398187485,136.72,-0.2900564422297398,18468864,0.0,-0.6148608445871699,0.0003,0.9723085165023804,1.0030407905578613,37207,-0.015922996611334384,0.2,0.0336371,0.3063232421875,35.54617719650268,16.5120906829834,-34.08743686676026
0.0,0.0,-0.00038773681637211153,-0.17189281205261508,0.0,6014,0.01,0.65,3073,0.5382784,0.0,-0.42318557370717275,-2.0929335910213928e-08,0.0,0.0,0.00037326342943641875,-0.6174801172882317,2.2858930218505886,-0.3673627008851344,-0.2783717376383467,-0.08111780997831891,1003,0.20645362131000178,0.5,0.0,-0.0547070044018643,-0.2591073287148741,-49.98654649,-0.16846026343855086,133.94,-0.2890996813415154,18487296,0.0,-0.6108662110654228,0.0003,0.9720056056976318,1.0014665126800537,37210,-0.002998662625693462,0.2,0.046486773,0.2748135653409091,37.7314286665483,16.9002685546875,-34.072054082697086
0.0,0.0,-0.0004055447315892637,-0.17810684952067024,0.0,6020,0.01,0.65,3073,0.5378176,0.0,-0.41903929050318606,-2.245269479648686e-08,0.0,0.0,0.0003602425988194429,-0.6216201079657016,2.2795419937445502,-0.37534169671543116,-0.2784195188603849,-0.08063124105129166,1004,0.2061382903682621,0.5,0.0,-0.05868633375285332,-0.2610447335372256,-50.07691711,-0.16822382240677985,136.39,-0.28895924322525623,18505728,0.0,-0.6145830304562181,0.0003,0.9718588590621948,1.0027248859405518,37214,-0.011085973971057683,0.2,0.039483715,0.34959716796875,35.86831750869751,20.33037757873535,-34.085297203063966
0.0,0.0,-0.0005755910193720471,-0.1791281276071447,0.0,6026,0.01,0.65,3073,0.5373568,0.0,-0.42267855635454255,-2.2095294004226487e-08,0.0,0.0,0.0003830290645257466,-0.6195657811706048,2.2717216127786566,-0.3743533448867277,-0.2779780096546966,-0.0803270891204792,1005,0.20614989330453365,0.5,0.0,-0.05819396942739933,-0.26173620383123486,-51.41896555,-0.16912276861341385,136.04,-0.28732598681509397,18524160,0.0,-0.613070779642987,0.0003,0.9726033806800842,1.002375841140747,37218,-0.013699558720691129,0.2,0.03735883,0.33408203125,34.57906064987183,16.02747917175293,-34.08176536560059
0.0,0.0,-0.00044587673673963956,-0.1701825623065573,0.0,6032,0.01,0.65,3073,0.536896,0.0,-0.42320411844191314,-2.1336019866789183e-08,0.0,0.0,0.0003754335403856304,-0.6046225316733072,2.2789352718748854,-0.3647920162668456,-0.2785619612969585,-0.08055065246258837,1006,0.2071409034699672,0.5,0.0,-0.05306946902580854,-0.2599633826688909,-48.795212189999994,-0.16884582109547688,133.87,-0.2871046819776801,18542592,0.0,-0.615449229953233,0.0003,0.9619147777557373,1.0017033815383911,37222,-0.014163007808383555,0.2,0.03418129,0.29849853515625,49.486840057373044,25.834142684936523,-34.07439022064209
0.0,0.0,-0.0006200658533975395,-0.17526325784393013,0.0,6038,0.01,0.65,3073,0.5364352,0.0,-0.4212481327840323,-2.129839503843001e-08,0.0,0.0,0.00041341097676195204,-0.6111449457809344,2.2728609659164083,-0.3660897969644247,-0.27828330629232495,-0.08051317086018571,1007,0.2086704241648562,0.5,0.0,-0.05469497156930067,-0.2603212054644646,-52.854182080000015,-0.16911557546363656,128.9,-0.2875931721583345,18561024,0.0,-0.61241331700432,0.0003,0.9703816771507263,1.0018887519836426,37226,-0.014023922802880406,0.2,0.02745315,0.26060791015625,36.37969007492065,13.876399993896484,-34.074571800231936
0.0,0.0,-0.0004208971992446656,-0.17070275394289547,0.0,6044,0.01,0.65,3073,0.5359744,0.0,-0.42158316817010016,-2.0856111738560244e-08,0.0,0.0,0.00047417483033819333,-0.5997777383136553,2.2821098313706982,-0.3606426412408057,-0.2779191132079861,-0.08088551547166159,1008,0.2092729700740419,0.5,0.0,-0.05258577779662341,-0.25935694939758785,-47.973134959999996,-0.1688581899973287,132.47,-0.2845985085744273,18579456,0.0,-0.6124069883434511,0.0003,0.9616948366165161,1.0022013187408447,37230,-0.011588049656711518,0.2,0.03841099,0.33319091796875,50.05132904052734,23.48413848876953,-34.07968406677246
0.0,0.0,-0.0005760931813092943,-0.174541812809769,0.0,6050,0.01,0.65,3073,0.5355136,0.0,-0.4220196221364263,-2.216269452745152e-08,0.0,0.0,0.00039713493121477467,-0.6101484019477907,2.2778722282523702,-0.3726457173351813,-0.27827816616780043,-0.08094880500176599,1009,0.20719791951555566,0.5,0.0,-0.05548935686077806,-0.26100782987537713,-50.63422172999999,-0.16863786863544122,133.69,-0.28900125400782484,18597888,0.0,-0.6149543832869198,0.0003,0.9716740846633911,1.0019526481628418,37234,-0.014279469079338015,0.2,0.033483665,0.2724853515625,34.98195953369141,13.353139877319336,-34.07558059692383
0.0,0.0,-0.0005356486582034128,-0.17851830643846478,0.0,6056,0.01,0.65,3073,0.5350528,0.0,-0.4187400630737207,-2.2401612164560522e-08,0.0,0.0,0.00042534674220304523,-0.625497193946873,2.276613136141264,-0.3842409724451071,-0.27801675342659043,-0.07946887735039009,1010,0.2069513052865358,0.5,0.0,-0.05926853439502427,-0.2619463589334223,-51.14795979999999,-0.16820370924809747,132.79,-0.2892849143614407,18616320,0.0,-0.6153265886355724,0.0003,0.9784834980964661,1.0022470951080322,37238,-0.013841852208133786,0.2,0.035950363,0.310888671875,28.086665439605714,12.803912162780762,-34.07721939086914
0.0,0.0,-0.0006203290049160864,-0.17315006930893304,0.0,6062,0.01,0.65,3073,0.534592,0.0,-0.42116828405746093,-2.1431091629039212e-08,0.0,0.0,0.00041775126656931307,-0.6049945624217348,2.2752964116811594,-0.3686939364930565,-0.2786316302731574,-0.08039900600106271,1011,0.20813364151311814,0.5,0.0,-0.05402417217886461,-0.2605851392133255,-49.54524433,-0.16909710483235763,135.55,-0.28534701082268177,18634752,0.0,-0.6115462386218617,0.0003,0.9648460745811462,1.0021616220474243,37242,-0.013437702169176191,0.2,0.039167054,0.3061279296875,48.77062072753906,24.28939437866211,-34.07639751434326
0.0,0.0,-0.0005431488462987982,-0.1811813327480404,0.0,6068,0.01,0.65,3073,0.5341312,0.0,-0.4235677748516124,-2.272438811514549e-08,0.0,0.0,0.00041015575213047367,-0.6180148603220794,2.2752920702750012,-0.38269652031077417,-0.2782821308652257,-0.08019290916672667,1012,0.20858552596349608,0.5,0.0,-0.059408418129766924,-0.2652626149258884,-53.312751369999994,-0.1685518859721027,134.01,-0.28800172425935977,18653184,0.0,-0.6127848117031314,0.0003,0.9736494421958923,1.0015020370483398,37245,-0.005446729572633138,0.2,0.04591158,0.28504356971153844,34.12257370581994,15.272237777709961,-34.07091874342699
0.0,0.0,-0.0003736622698553456,-0.17606350159709405,0.0,6074,0.01,0.65,3073,0.5336704,0.0,-0.41633611375505314,-2.2318209499401393e-08,0.0,0.0,0.00038194399934986397,-0.626078148376186,2.273703711456388,-0.3792133329846892,-0.27848871685814536,-0.07957078269379123,1013,0.20644253826890227,0.5,0.0,-0.057977548440743244,-0.25884340674318573,-51.41022307,-0.16766543869470857,133.16,-0.2909585004361761,18671616,0.0,-0.6134054964901574,0.0003,0.9709019660949707,1.0026764869689941,37249,-0.011404313216917216,0.2,0.043612797,0.3809814453125,38.594272232055665,19.84516716003418,-34.08613758087158
0.0,0.0,-0.000401355119799995,-0.17639316066416394,0.0,6080,0.01,0.65,3073,0.5332096,0.0,-0.4194324300044573,-2.229605053221945e-08,0.0,0.0,0.0004459630387524764,-0.6143154797366139,2.2723008751587495,-0.37462779156520315,-0.2784302139206896,-0.07943265559748716,1014,0.20908286075648516,0.5,0.0,-0.0558900397415781,-0.26066685365731046,-52.64792422000001,-0.1681816316864522,130.53,-0.2865030614383175,18690048,0.0,-0.6144742522247338,0.0003,0.9657822847366333,1.0017108917236328,37253,-0.007271159171068575,0.2,0.046508998,0.3030548095703125,44.651896476745605,20.039840698242188,-34.07579731941223
0.0,0.0,-0.0003843624008747694,-0.17404351135732032,0.0,6086,0.01,0.65,3073,0.5327488,0.0,-0.4180717324322688,-2.154200901488127e-08,0.0,0.0,0.0004101558103381346,-0.6144485016393174,2.273977231933943,-0.37439876198510236,-0.27848052720864336,-0.07968174790524951,1015,0.20807242887873556,0.5,0.0,-0.05577612190553839,-0.25901226824992546,-51.50324277000001,-0.16802076080672457,133.63,-0.288167708427406,18708480,0.0,-0.6179317950118646,0.0003,0.9675303101539612,1.0020203590393066,37257,-0.01517803865717724,0.2,0.030076345,0.27576904296875,42.2546028137207,20.826684951782227,-34.076506996154784
0.0,0.0,-0.0003304360369007828,-0.17676128259962037,0.0,6092,0.01,0.65,3073,0.532288,0.0,-0.41871759842686745,-2.1983799185452592e-08,0.0,0.0,0.00043619742306570214,-0.6110463084212231,2.265532163049494,-0.3764292169848395,-0.27839845886256803,-0.07933964287652759,1016,0.20783613595261896,0.5,0.0,-0.057005938411811265,-0.2589423083079311,-52.770432809999996,-0.16804477157601927,130.41,-0.2888347442196466,18726912,0.0,-0.6126482778028888,0.0003,0.9680811762809753,1.0027165412902832,37261,-0.013437616673763841,0.2,0.037992533,0.33665771484375,42.65765113830567,23.714675903320312,-34.08465137481689
0.0,0.0,-0.0004567101501208019,-0.1752276062097405,0.0,6098,0.01,0.65,3073,0.5318271999999999,0.0,-0.4187581106391941,-2.2235489545207024e-08,0.0,0.0,0.00039930505186526314,-0.6159491931749352,2.2770051928106088,-0.3767899456832655,-0.2784072144864505,-0.07976580553260669,1017,0.20754749350693932,0.5,0.0,-0.0567506017461169,-0.25880794369216953,-50.254126070000005,-0.16775705985812359,135.25,-0.28814178914345623,18745344,0.0,-0.6126426713499866,0.0003,0.960566520690918,1.002171277999878,37265,-0.015059537277556956,0.2,0.027366448,0.26602783203125,50.94721031188965,17.382205963134766,-34.079268836975096
0.0,0.0,-0.00029480843932657585,-0.17395369823164408,0.0,6104,0.01,0.65,3073,0.5313664,0.0,-0.4147062959127783,-2.217767502214765e-08,0.0,0.0,0.0004568137487189637,-0.6151970349816671,2.270256555006581,-0.37816585809960207,-0.27839820227899065,-0.07957915140922617,1018,0.208461915538197,0.5,0.0,-0.05591326594140892,-0.2567002087350298,-51.7587134,-0.16756306919564773,134.77,-0.2869681040865416,18763776,0.0,-0.6187380493301209,0.0003,0.9712139964103699,1.0018224716186523,37269,-0.013979440764524042,0.2,0.029213767,0.27376708984375,37.45224952697754,16.290517807006836,-34.074953651428224
0.0,0.0,-0.00031578298339788544,-0.17632384740854568,0.0,6110,0.01,0.65,3073,0.5309056,0.0,-0.4164375600050656,-2.2102672382748845e-08,0.0,0.0,0.0004318571429596179,-0.6110961936493219,2.2547822629342686,-0.37635214271576556,-0.2783887336361358,-0.07942226260578106,1019,0.20640657991285885,0.5,0.0,-0.05660233514487287,-0.2575218532824455,-52.77662538999999,-0.16822921685714184,127.56,-0.2901550134019479,18782208,0.0,-0.6179517464160333,0.0003,0.9605474472045898,1.0017809867858887,37273,-0.013848123513162136,0.2,0.030894566,0.28817138671875,50.86155338287354,21.19989585876465,-34.07408256530762
0.0,0.0,-0.00039979082227120243,-0.17743617105379964,0.0,6116,0.01,0.65,3073,0.5304447999999999,0.0,-0.4183405217414857,-2.1967292249060232e-08,0.0,0.0,0.00035698739359051816,-0.6192561963360226,2.267024092637269,-0.37889983012781703,-0.2780323366225195,-0.0809837929127932,1020,0.2060274315222806,0.5,0.0,-0.05829440857402726,-0.2600299189544173,-52.021855370000004,-0.16824272352215933,132.06,-0.28554597234491913,18800640,0.0,-0.6141493495835479,0.0003,0.9507214426994324,1.0021837949752808,37277,-0.01589917333330959,0.2,0.033442743,0.28740234375,64.44139728546142,28.951292037963867,-34.07826538085938
0.0,0.0,-0.00034788129036359875,-0.17527892719884172,0.0,6122,0.01,0.65,3073,0.529984,0.0,-0.4170637086938809,-2.152190908933974e-08,0.0,0.0,0.00037868878441966243,-0.6162089549827986,2.2739655857552092,-0.37996766875191207,-0.2784971453784879,-0.08105462037242611,1021,0.20820169082832837,0.5,0.0,-0.05725213776699764,-0.2592659296675918,-49.03762001000001,-0.16859474876965283,139.8,-0.28643939272064073,18819072,0.0,-0.6154015111178969,0.0003,0.964290976524353,1.0023421049118042,37281,-0.015235108358319848,0.2,0.033782344,0.31175537109375,46.952701568603516,22.31574058532715,-34.08051872253418
0.0,0.0,-0.0003908783810097838,-0.1693111491175347,0.0,6128,0.01,0.65,3073,0.5295232000000001,0.0,-0.4146773212829737,-2.03354085433388e-08,0.0,0.0,0.00041558111681499414,-0.6034451393903661,2.274753294165627,-0.3582373523993217,-0.27805166030238315,-0.08180991109372811,1022,0.2064801459643103,0.5,0.0,-0.05149149496058195,-0.25388607473894664,-49.79021562999999,-0.1681544149750249,130.78,-0.28497812903003317,18837504,0.0,-0.6124736533711517,0.0003,0.9808248281478882,1.0022387504577637,37285,-0.016129333176650107,0.2,0.038018867,0.31461181640625,24.768456840515135,13.266861915588379,-34.07937660217285
0.0,0.0,-0.00036675502678868235,-0.17836262032661895,0.0,6134,0.01,0.65,3073,0.5290623999999999,0.0,-0.4173824684232207,-2.175254720142928e-08,0.0,0.0,0.00036783807445317507,-0.622951805498039,2.2588134370841018,-0.3850144702224779,-0.2781511655395145,-0.07942830989688027,1023,0.20504795750269383,0.5,0.0,-0.059716687547972894,-0.2570448360639387,-52.79922139999999,-0.1675069005124109,133.41,-0.29102906049384697,18855936,0.0,-0.6164945426235411,0.0003,0.9686023592948914,1.002467155456543,37289,-0.012800721870735287,0.2,0.034247853,0.33060302734375,40.5925479888916,16.253482818603516,-34.08163986206055
0.0,0.0,-0.0004947224733318076,-0.17203660468120152,0.0,6140,0.01,0.65,3073,0.5286016,0.0,-0.4151335025438724,-2.163902197579279e-08,0.0,0.0,0.00038736933493055403,-0.6115465631550658,2.2813457151873937,-0.37201883194232255,-0.2780162323715004,-0.08203032685950834,1024,0.2074351611669921,0.5,0.0,-0.05573208106011857,-0.2563817662954791,-50.710506669999994,-0.16768241103366247,133.57,-0.2864175546331237,18874368,0.0,-0.6150152084749972,0.0003,0.9674535393714905,1.002242922782898,37293,-0.014009971765335649,0.2,0.038421784,0.311572265625,43.026420783996585,20.650409698486328,-34.078500747680664
0.0,0.0,-0.0004586649454387836,-0.17373268136215816,0.0,6146,0.01,0.65,3073,0.5281408000000001,0.0,-0.4149151968839455,-2.0800562588337466e-08,0.0,0.0,0.00037217835455925926,-0.6097713863971559,2.263677208395245,-0.36854973457158186,-0.2784390752898343,-0.08104774575843234,1025,0.20407389380393443,0.5,0.0,-0.05571373400849785,-0.25384090025859507,-50.81436413,-0.16714922584240496,132.59,-0.2869365744513199,18892800,0.0,-0.6173746393137647,0.0003,0.9719341397285461,1.001137137413025,37296,-0.007485992488606523,0.2,0.04526575,0.2669270833333333,36.38776922225952,18.677946090698242,-34.06769053141276
0.0,0.0,-0.0005005664200097774,-0.1737708918262868,0.0,6152,0.01,0.65,3073,0.5276799999999999,0.0,-0.41596549023784185,-2.1433614366155794e-08,0.0,0.0,0.00035481725353747606,-0.6118975992245745,2.264675498335346,-0.3758599692399874,-0.27838825489039865,-0.07901901876811476,1026,0.2054514026716231,0.5,0.0,-0.056855518604914224,-0.2536535185728419,-50.3622718,-0.1673447552846385,135.74,-0.2890840408794824,18911232,0.0,-0.618099577698193,0.0003,0.9658243656158447,1.0022168159484863,37300,-0.014492317382246257,0.2,0.03674537,0.32603759765625,43.50478668212891,27.914581298828125,-34.07752723693848
0.0,0.0,-0.0003952752409204078,-0.17397687344620702,0.0,6158,0.01,0.65,3073,0.5272192,0.0,-0.4139725605947594,-2.0731142835048547e-08,0.0,0.0,0.0003841141297016293,-0.6151811614686734,2.260433286407459,-0.36987742945924856,-0.27821258366660717,-0.0793765300721725,1027,0.20487417057871396,0.5,0.0,-0.056369328714548285,-0.2514811212037715,-51.275683629999996,-0.16679126886654488,128.39,-0.28795422710271884,18929664,0.0,-0.6142443642262144,0.0003,0.9743056297302246,1.0031406879425049,37304,-0.015581849473528564,0.2,0.039737426,0.32254638671875,33.51751899719238,16.281143188476562,-34.08798332214356
0.0,0.0,-0.0004690788442181433,-0.17477234408276227,0.0,6164,0.01,0.65,3073,0.5267584000000001,0.0,-0.41758829677720055,-2.1069593642360573e-08,0.0,0.0,0.0003819439896485872,-0.6122714755103701,2.2641423935855305,-0.37564124318281755,-0.2779237577041306,-0.0794801029725481,1028,0.2061359376983927,0.5,0.0,-0.056809420264163926,-0.2547701227971093,-51.484599900000006,-0.16713077392141254,133.55,-0.28910835825057324,18948096,0.0,-0.6162826786773171,0.0003,0.9610188603401184,1.0027074813842773,37308,-0.013237193587701767,0.2,0.04281514,0.33531494140625,51.210188674926755,20.718473434448242,-34.08635501861572
0.0,0.0,-0.0003049693672554765,-0.1724367415139313,0.0,6170,0.01,0.65,3073,0.5262975999999999,0.0,-0.415035576852063,-2.032247862079331e-08,0.0,0.0,0.0004307720874850121,-0.6024113468935122,2.261047890996192,-0.3658893450232245,-0.2784266482854269,-0.08017349777330654,1029,0.20656304229019443,0.5,0.0,-0.053924095162576645,-0.2536279388946162,-51.05650835,-0.16748858708539194,132.78,-0.2870725144134715,18966528,0.0,-0.6142774927011359,0.0003,0.9597941040992737,1.0022499561309814,37312,-0.01355723770102486,0.2,0.04022657,0.32208251953125,51.83394241333008,18.962461471557617,-34.07866611480713
0.0,0.0,-0.00024300763023947037,-0.17196825839341628,0.0,6176,0.01,0.65,3073,0.5258368,0.0,-0.4125266304528485,-2.0861596590695183e-08,0.0,0.0,0.0004492182536826779,-0.6047658678973595,2.250185048541359,-0.36904024239652006,-0.2777712553063784,-0.07739396726795945,1030,0.20664715254729302,0.5,0.0,-0.054186202227605035,-0.25040133520586294,-51.269634249999996,-0.16740146225444785,126.0,-0.2887445754997652,18984960,0.0,-0.6165223033635878,0.0003,0.9665634632110596,1.0024597644805908,37316,-0.0158036099281162,0.2,0.03131747,0.27171630859375,41.77266902923584,21.06273651123047,-34.08144340515137
0.0,0.0,-0.00029927358400449826,-0.17265644440159683,0.0,6182,0.01,0.65,3073,0.5253760000000001,0.0,-0.4146009331718755,-2.135771542048634e-08,0.0,0.0,0.00041666619169215363,-0.6122706024354027,2.261743106186819,-0.37551853962597465,-0.2784001820979133,-0.0787454231662045,1031,0.20600589392319216,0.5,0.0,-0.056354597560414534,-0.25261958171681287,-52.60749256,-0.16730126507335788,130.71,-0.29003395771430224,19003392,0.0,-0.6111760587237832,0.0003,0.9648995995521545,1.0019245147705078,37320,-0.015237377223093063,0.2,0.031177178,0.27984619140625,45.34317398071289,21.222637176513672,-34.077135467529295
0.0,0.0,-0.00033537064063079487,-0.17923270438740033,0.0,6188,0.01,0.65,3073,0.5249152,0.0,-0.4144675937782111,-2.161499269127681e-08,0.0,0.0,0.0004383675437161906,-0.6181001393686005,2.2595442154589818,-0.3795346054616492,-0.27861772457845785,-0.07859725575503014,1032,0.20618705509060567,0.5,0.0,-0.0590413570485336,-0.2553930866677526,-51.575965559999986,-0.1670897389373641,136.12,-0.2887661329012545,19021824,0.0,-0.6133310008565135,0.0003,0.9620222449302673,1.0021229982376099,37324,-0.01467572305118665,0.2,0.034718998,0.30831298828125,49.24894390106201,27.571151733398438,-34.0768539428711
0.0,0.0,-0.00031192970123944115,-0.17408270758793562,0.0,6194,0.01,0.65,3073,0.5244544,0.0,-0.40971736353306787,-2.1639173579768024e-08,0.0,0.0,0.0004199213678172479,-0.608433790753028,2.2572987525365593,-0.37501235330443594,-0.27828094467302095,-0.08036137757209186,1033,0.20579365619078405,0.5,0.0,-0.05646362583160905,-0.25158337588728075,-52.78136892999999,-0.16664289198079807,129.34,-0.28954481048914993,19040256,0.0,-0.6144327157821835,0.0003,0.9740588665008545,1.0026118755340576,37328,-0.015331455529667437,0.2,0.03484781,0.308154296875,34.004449939727785,14.620559692382812,-34.082736587524415
0.0,0.0,-0.00036907017555935144,-0.17602842685163989,0.0,6200,0.01,0.65,3073,0.5239936000000001,0.0,-0.41157395849951883,-2.22920905254211e-08,0.0,0.0,0.0003949647911617325,-0.6066321749154249,2.269650193283219,-0.3846816976113272,-0.2785224158345871,-0.08061986449384495,1034,0.20652266814743275,0.5,0.0,-0.05858095589747726,-0.25482104278293116,-48.94411424,-0.16629217363216556,137.21,-0.28711990939418863,19058688,0.0,-0.6139815917079443,0.0003,0.9576796889305115,1.0020976066589355,37332,-0.015270538616459817,0.2,0.033459835,0.2927001953125,55.289177894592285,25.540966033935547,-34.07889366149902
0.0,0.0,-0.00016547163669496088,-0.17091833526580447,0.0,6206,0.01,0.65,3073,0.5235328,0.0,-0.4104407626393425,-2.087824764766087e-08,0.0,0.0,0.0003993051003716472,-0.6103704356658788,2.252347732479238,-0.37699552331550823,-0.2782450350698139,-0.07859726265651984,1035,0.20549492216471055,0.5,0.0,-0.05577726977165213,-0.25095532828587713,-51.62412706,-0.16662202088895472,132.41,-0.2894431209255307,19077120,0.0,-0.6178191419794782,0.0003,0.9754095077514648,1.001993179321289,37336,-0.01569253581110388,0.2,0.038031366,0.27769775390625,30.86974811553955,11.673133850097656,-34.07495670318603
0.0,0.0,-0.0003746522406946101,-0.17344708710895188,0.0,6212,0.01,0.65,3073,0.523072,0.0,-0.4086091806585361,-2.1462303612552623e-08,0.0,0.0,0.00042751689195736416,-0.6051809823057587,2.264206967325025,-0.3755675764447547,-0.27826792475128365,-0.08027918471068826,1036,0.20777554140451587,0.5,0.0,-0.05605996880621075,-0.2519769862630935,-49.66402858999999,-0.16682105632548463,132.73,-0.28679662013061935,19095552,0.0,-0.6160321907932365,0.0003,0.9550499320030212,1.0023988485336304,37340,-0.01343703965540044,0.2,0.03752893,0.323095703125,59.11434326171875,26.549646377563477,-34.08120899200439
0.0,0.0,-0.0002869295303285376,-0.17870709987927832,0.0,6218,0.01,0.65,3073,0.5226112,0.0,-0.41456598235508957,-2.1795764607879233e-08,0.0,0.0,0.00039170956653025415,-0.6181236402097744,2.2491104132852633,-0.38328434257072863,-0.2782038760085256,-0.07942988262197165,1037,0.20496907227891198,0.5,0.0,-0.059581298287360855,-0.2551944751198926,-54.29765280000001,-0.16682226159066416,134.12,-0.2890335231932305,19113984,0.0,-0.6131012874449255,0.0003,0.9727073311805725,1.0025441646575928,37344,-0.016177823091857134,0.2,0.037647776,0.3118408203125,35.07566909790039,16.1273193359375,-34.082894515991214
0.0,0.0,-0.0002788986706723583,-0.17394972735013736,0.0,6224,0.01,0.65,3073,0.5221504,0.0,-0.41293897113693295,-2.1806549077592767e-08,0.0,0.0,0.00041124085611146357,-0.6112642413514311,2.2661834922873716,-0.3859539585282324,-0.2782788262358691,-0.07803692697940194,1038,0.20709224444436863,0.5,0.0,-0.05780718128607529,-0.2549621249520665,-52.83513705,-0.16645247213691067,134.2,-0.2900284288332193,19132416,0.0,-0.6165817570791026,0.0003,0.966849684715271,1.0022923946380615,37348,-0.014075809123460204,0.2,0.034220308,0.3302734375,44.934633827209474,26.162750244140625,-34.080721092224124
0.0,0.0,-0.00029475305196856517,-0.1812489423615189,0.0,6230,0.01,0.65,3073,0.5216896,0.0,-0.411522770719811,-2.152711386275342e-08,0.0,0.0,0.00042968703201040626,-0.6164115234630018,2.2379586792085613,-0.38434505717797013,-0.2782864626277299,-0.07896718485754495,1039,0.20315689986325608,0.5,0.0,-0.06023749802006194,-0.25211183936664794,-53.21786957000001,-0.16647180846519294,131.16,-0.28972891754144103,19150848,0.0,-0.6154275514728239,0.0003,0.9701235294342041,1.0027095079421997,37352,-0.013363996613770723,0.2,0.038331747,0.3262451171875,40.00020141601563,18.2298583984375,-34.08412456512451
0.0,0.0,-0.00029438950682158735,-0.1751264268764785,0.0,6236,0.01,0.65,3073,0.5212288,0.0,-0.4108457050287601,-2.1573650549798382e-08,0.0,0.0,0.0003949648105642862,-0.6145707905488724,2.2548561003495378,-0.38356483830080634,-0.2782705543573197,-0.08097795767483301,1040,0.20480126140018917,0.5,0.0,-0.058191241003212636,-0.25116648517493595,-51.74369935000001,-0.16662315378061346,137.83,-0.2880354646493107,19169280,0.0,-0.6146203294437086,0.0003,0.9702614545822144,1.0029802322387695,37356,-0.014121118560433387,0.2,0.040179364,0.33447265625,38.403019714355466,20.49433708190918,-34.08833065032959
0.0,0.0,-0.0003214490464896895,-0.1746585502015606,0.0,6242,0.01,0.65,3073,0.520768,0.0,-0.41225331904364526,-2.1101936528891864e-08,0.0,0.0,0.0003938797162845731,-0.5994619793840443,2.2582168781923198,-0.3782955211028138,-0.2782267823729476,-0.08050465927602429,1041,0.2075187861565251,0.5,0.0,-0.05601420249524157,-0.2518447645474511,-52.53522572,-0.1667843386202678,134.72,-0.28443510970631325,19187712,0.0,-0.616097018102675,0.0003,0.9678453207015991,1.0025864839553833,37360,-0.013907326816115529,0.2,0.037514966,0.30552978515625,42.03476524353027,17.58123779296875,-34.0830659866333
0.0,0.0,-0.00024087363153358623,-0.172008908139569,0.0,6247,0.01,0.65,3073,0.5203072,0.0,-0.4138287615751792,-2.0893913830050827e-08,0.0,0.0,0.0003971349700198819,-0.6009998989648022,2.247147945404584,-0.3658699609898773,-0.2785811785651259,-0.07895318898996806,1042,0.20495999810363577,0.5,0.0,-0.054492671475102214,-0.24847567722815989,-49.59608735999999,-0.16666264863791333,130.8,-0.2863711501552434,19206144,0.0,-0.6139976380157784,0.0003,0.9692061543464661,1.0012569427490234,37362,-0.004402872663922608,0.2,0.038189113,0.26298828125,41.6205249786377,20.306570053100586,-34.06962547302246
0.0,0.0,-0.0002385096634483263,-0.17798082558781458,0.0,6253,0.01,0.65,3074,0.5198464,0.0,-0.41207531968884276,-2.144448947258955e-08,0.0,0.0,0.0004644092146514191,-0.615649619418239,2.2451908994877554,-0.3835921149124676,-0.2784889846476835,-0.07963672832199854,1043,0.2052919267267818,0.5,0.0,-0.059407013763463724,-0.2506712479985373,-55.35039421,-0.16722604638918814,129.98,-0.28936601376057813,19224576,0.0,-0.6155246215213462,0.0003,0.9581878781318665,1.0008571147918701,37364,-0.002318790622262491,0.2,0.03861127,0.2363552517361111,54.13376786973741,26.0939884185791,-34.06546105278863
0.0,0.0,-0.0002319275743885473,-0.1790085299816291,0.0,6259,0.01,0.65,3074,0.5193856,0.0,-0.41388750696395343,-2.188210296959528e-08,0.0,0.0,0.00042209156607795093,-0.6224492069936417,2.252333004494533,-0.3922149954086077,-0.2789040565327511,-0.08021637025144347,1044,0.20464440428321357,0.5,0.0,-0.06090227364660894,-0.2544216249448319,-53.172293909999986,-0.16759421683953588,136.55,-0.2893890621157783,19243008,0.0,-0.6166073828372751,0.0003,0.961877167224884,1.0019344091415405,37368,-0.0125950712361373,0.2,0.04286351,0.33565673828125,48.491980743408206,20.93996810913086,-34.075808715820315
0.0,0.0,-0.00021074963433291693,-0.17672140900473896,0.0,6265,0.01,0.65,3074,0.5189248,0.0,-0.41201420142993794,-2.1382796420309502e-08,0.0,0.0,0.00043402731211649045,-0.6019969102825286,2.2466471660919396,-0.37682624570072515,-0.27867515884349714,-0.08179387638808683,1045,0.20741312584410293,0.5,0.0,-0.056423495356090654,-0.25276264440361396,-53.311582529999995,-0.16787319360494032,131.72,-0.28441184201005504,19261440,0.0,-0.6114968064727226,0.0003,0.979117751121521,1.002206563949585,37372,-0.01629226630902849,0.2,0.03280483,0.2861572265625,27.830337238311767,17.914682388305664,-34.079406547546384
0.0,0.0,-0.00033671832619333467,-0.17619348888861164,0.0,6271,0.01,0.65,3074,0.518464,0.0,-0.41226648327499127,-2.106544956255662e-08,0.0,0.0,0.0004503033285598374,-0.6065112224640002,2.2404183842126697,-0.3781918504554399,-0.27876929822451046,-0.07875448554316519,1046,0.20444338449115912,0.5,0.0,-0.05743479771102838,-0.25031774929646594,-55.54885475000001,-0.16675267642990893,125.08,-0.2866802122320344,19279872,0.0,-0.6157136557389103,0.0003,0.9723504781723022,1.0023586750030518,37376,-0.016333300236146896,0.2,0.031674176,0.30048828125,35.174878215789796,19.817506790161133,-34.0802526473999
0.0,0.0,-0.0001660003509768767,-0.17464710561019048,0.0,6277,0.01,0.65,3074,0.5180032,0.0,-0.4093190263494609,-2.0442683859580895e-08,0.0,0.0,0.0004828554099529154,-0.6053393102234083,2.235190854571395,-0.3726708464464042,-0.27889287434136545,-0.07911690361965701,1047,0.2044314319871448,0.5,0.0,-0.055763087028969344,-0.2457640751969382,-54.942898019999994,-0.1664165701275021,128.96,-0.28816355336944044,19298304,0.0,-0.6195622621280876,0.0003,0.9581141471862793,1.0022449493408203,37380,-0.014642291166819633,0.2,0.032474075,0.277294921875,53.94385738372803,23.163463592529297,-34.07994613647461
0.0,0.0,-0.0003774721712107812,-0.17585615788777015,0.0,6283,0.01,0.65,3074,0.5175424,0.0,-0.4101048625220878,-2.107233627498475e-08,0.0,0.0,0.00044487799297914736,-0.6199082346147524,2.2480179987715903,-0.38355817372364,-0.2789629185719256,-0.08159918026512875,1048,0.2056364280311602,0.5,0.0,-0.05845732437969003,-0.24969251872266712,-53.92371642,-0.16662906077486606,131.88,-0.2874051828024938,19316736,0.0,-0.6178806672726688,0.0003,0.9572719931602478,1.0025428533554077,37384,-0.012584547069855035,0.2,0.033779003,0.2850341796875,54.08822498321533,26.946184158325195,-34.08408317565918
0.0,0.0,-0.00017914132817568507,-0.17671118402805636,0.0,6289,0.01,0.65,3074,0.5170816,0.0,-0.4110045153827269,-2.0694273801648615e-08,0.0,0.0,0.0004535585725938694,-0.6148513821255681,2.230214621247388,-0.3812164611900934,-0.27894782727271716,-0.08027668441299736,1049,0.20498612677177952,0.5,0.0,-0.0576476952750146,-0.2486146006342831,-55.61548216000001,-0.16708621433107573,129.39,-0.2887932053643492,19335168,0.0,-0.6145243064869085,0.0003,0.9675805568695068,1.002089500427246,37388,-0.015369570220354945,0.2,0.033294447,0.28099365234375,41.13113594055176,20.072715759277344,-34.07838306427002
0.0,0.0,-0.00018700928826008778,-0.1767885828039998,0.0,6295,0.01,0.65,3074,0.5166208,0.0,-0.4109720026104664,-2.1286492424876184e-08,0.0,0.0,0.00047308981366869476,-0.6166134670342137,2.247797877545912,-0.38343854845805647,-0.2789868826443373,-0.08182111320856003,1050,0.20470402620327688,0.5,0.0,-0.05857197967989103,-0.2510156767746146,-53.99047227,-0.16674249706884087,132.75,-0.28697643609471113,19353600,0.0,-0.6155738347109796,0.0003,0.9611409306526184,1.0020723342895508,37392,-0.015215298969997093,0.2,0.03273312,0.3040771484375,50.38098030090332,16.151357650756836,-34.07783718109131
0.0,0.0,-0.0002808389326559263,-0.17534824708226293,0.0,6301,0.01,0.65,3074,0.51616,0.0,-0.40845483308657626,-2.1056435333339337e-08,0.0,0.0,0.00045138840343699686,-0.6044487626776729,2.2374870586985507,-0.38403867102758765,-0.2785911892086021,-0.08175098829527847,1051,0.20498753325049038,0.5,0.0,-0.05835929902779104,-0.2476426063149777,-51.76159439999999,-0.1670820894100071,132.29,-0.28645531329308915,19372032,0.0,-0.6156401846727126,0.0003,0.9673120975494385,1.0024094581604004,37396,-0.015644318936392666,0.2,0.028464478,0.27542724609375,41.3738899230957,16.975255966186523,-34.07953224182129
0.0,0.0,-0.0003580167463260093,-0.1793882366177782,0.0,6307,0.01,0.65,3074,0.5156992,0.0,-0.41158257674590354,-2.188784085098574e-08,0.0,0.0,0.000467664410179067,-0.6232493693191931,2.2419958661457713,-0.39009382333441406,-0.27878671503775876,-0.08171128862053303,1052,0.20525476605456242,0.5,0.0,-0.060693327100876014,-0.2506877341975566,-52.55068284,-0.16652329474581282,135.14,-0.2884894996051115,19390464,0.0,-0.6173642818416082,0.0003,0.9711184501647949,1.002394437789917,37399,-0.008236907919247945,0.2,0.044352673,0.321826171875,37.023891067504884,19.665386199951172,-34.08190994262695
0.0,0.0,-0.00033438437547500684,-0.17784098390765532,0.0,6313,0.01,0.65,3074,0.5152384,0.0,-0.40668041728995447,-2.1049635285070605e-08,0.0,0.0,0.0004654942798273017,-0.6036870501974642,2.2242722662158547,-0.3751910547371706,-0.27868103713238085,-0.08386831244112886,1053,0.20475670449274996,0.5,0.0,-0.05640689577861487,-0.2450298579491393,-53.55639906,-0.16584201673255924,130.54,-0.2876335433275916,19408896,0.0,-0.6175202586960826,0.0003,0.9721702933311462,1.0029373168945312,37403,-0.011982818855904043,0.2,0.041596167,0.35584716796875,35.16627836227417,11.471078872680664,-34.08787803649902
0.0,0.0,-0.0002804557988224721,-0.17588060458361546,0.0,6319,0.01,0.65,3074,0.5147776,0.0,-0.40809999177020523,-2.1316229212394763e-08,0.0,0.0,0.000465494318632409,-0.605639306709248,2.2468005821196155,-0.3851566747293511,-0.2787965220162639,-0.08170855446440248,1054,0.20682602875478942,0.5,0.0,-0.05786983775100866,-0.24959140072345778,-54.36026690999999,-0.16643215441056583,131.58,-0.2859536583128791,19427328,0.0,-0.616922715415864,0.0003,0.953254759311676,1.0023741722106934,37407,-0.013817356689833105,0.2,0.038855176,0.32242431640625,57.90508327484131,22.889738082885742,-34.0808609008789
0.0,0.0,-0.00039041547247009096,-0.1740546886468602,0.0,6325,0.01,0.65,3074,0.5143168,0.0,-0.4076549765491808,-2.038841363630179e-08,0.0,0.0,0.00046549435743751627,-0.600598024013975,2.2313497014078325,-0.37929868870664957,-0.279016889202277,-0.08198200271893302,1055,0.20598759213663922,0.5,0.0,-0.05625751158009067,-0.24779740279415183,-53.92654259999999,-0.16606413829481584,131.15,-0.285838530428268,19445760,0.0,-0.6170448599668527,0.0003,0.9676530957221985,1.0021144151687622,37411,-0.01531362603418529,0.2,0.031590443,0.2905517578125,39.53711490631103,17.068872451782227,-34.07795524597168
0.0,0.0,-0.0003350673467897533,-0.1782440836064233,0.0,6331,0.01,0.65,3074,0.513856,0.0,-0.40978721914014204,-2.1617667759433063e-08,0.0,0.0,0.00045681375842024054,-0.6196654815014618,2.2414550987256683,-0.38908003645828143,-0.2788260362430593,-0.08227324189149786,1056,0.20635449930357674,0.5,0.0,-0.059750310064148694,-0.2513042222216683,-55.59856752,-0.1658604843297632,130.68,-0.2870063118756246,19464192,0.0,-0.6178832036525073,0.0003,0.9603363275527954,1.001967430114746,37415,-0.015268238715361804,0.2,0.033308245,0.305078125,50.82646923065185,25.78322410583496,-34.07650032043457
0.0,0.0,-0.0002998622980801885,-0.1763001737476504,0.0,6337,0.01,0.65,3074,0.5133951999999999,0.0,-0.4074051261984822,-2.028635191838172e-08,0.0,0.0,0.0004893658301120417,-0.6025281830828016,2.2301460439116845,-0.37040632365467124,-0.2789401651721636,-0.08227321005244145,1057,0.20559243176963207,0.5,0.0,-0.055016617309268004,-0.24514123142489344,-51.55680095,-0.1664408182412802,134.7,-0.28695367594054294,19482624,0.0,-0.6203039070659176,0.0003,0.9622964262962341,1.002382755279541,37419,-0.015681648533791302,0.2,0.037374817,0.3174560546875,49.15124797821045,23.62566566467285,-34.081161689758304
0.0,0.0,-0.00026162276523354573,-0.17577785284410988,0.0,6343,0.01,0.65,3074,0.5129344,0.0,-0.405027348285976,-2.0623237954911263e-08,0.0,0.0,0.00039713497972115874,-0.6104084747599904,2.241040539681448,-0.37924811992183305,-0.2787722999555642,-0.08306612653131747,1058,0.2046773382994832,0.5,0.0,-0.05778441851762057,-0.24620412574413805,-53.86023926,-0.16600855323024322,130.46,-0.28667236075288155,19501056,0.0,-0.6203550895678932,0.0003,0.9696627855300903,1.002410650253296,37423,-0.014862386416643858,0.2,0.033548407,0.28721923828125,38.42389106750488,12.584049224853516,-34.081020545959475
0.0,0.0,-0.00036959467028481436,-0.17364524437664008,0.0,6349,0.01,0.65,3074,0.5124736,0.0,-0.4063978034996889,-2.0489406186223032e-08,0.0,0.0,0.00043619742306570214,-0.6011637529990933,2.2352223799208653,-0.3723535904144705,-0.2783111986347128,-0.0833746962069595,1059,0.2056322386836507,0.5,0.0,-0.05528244585259625,-0.2450190945415873,-54.85174959,-0.1657660656535441,127.94,-0.2872779319908407,19519488,0.0,-0.6208247645856466,0.0003,0.9667274951934814,1.0024869441986084,37427,-0.014271660376107321,0.2,0.03610715,0.29376220703125,41.03654985427856,18.15885353088379,-34.081652069091795
0.0,0.0,-0.00029234042629690103,-0.17394091153642957,0.0,6355,0.01,0.65,3073,0.5120127999999999,0.0,-0.40515049958727567,-2.0462603174859273e-08,0.0,0.0,0.00040907070635714464,-0.603765777770536,2.2364346599552096,-0.36792488982865096,-0.27887349872753464,-0.08314768095219088,1060,0.20493611784864377,0.5,0.0,-0.05524112692840433,-0.24318201836029305,-52.62807884000001,-0.16566249479909165,130.05,-0.28831750508160997,19537920,0.0,-0.6225824953626573,0.0003,0.9590052366256714,1.0022367238998413,37431,-0.015578293823637068,0.2,0.03156038,0.30064697265625,50.42878398895264,23.274202346801758,-34.08028450012207
0.0,0.0,-0.00020102184183959203,-0.18098476057408505,0.0,6361,0.01,0.65,3074,0.511552,0.0,-0.4102703245669649,-2.1244229768736605e-08,0.0,0.0,0.0004503033382611142,-0.6150992896628646,2.241547572207179,-0.3915098782482094,-0.2785782840515936,-0.08243007386373699,1061,0.20595582305873475,0.5,0.0,-0.06090684810785743,-0.25209766057928046,-55.57641476999999,-0.16601639512434677,134.62,-0.28701909861700864,19556352,0.0,-0.6187740509948233,0.0003,0.964952826499939,1.0020776987075806,37435,-0.01662082129623741,0.2,0.032819644,0.29842529296875,43.72789115905762,17.71452522277832,-34.078514862060544
0.0,0.0,-0.0002646454978463373,-0.17697687541645138,0.0,6367,0.01,0.65,3074,0.5110912000000001,0.0,-0.4069738976797304,-2.0562517172511295e-08,0.0,0.0,0.0004372825173454152,-0.5990373480970496,2.2268530620815588,-0.3793770000370646,-0.2789668522358096,-0.0825733437656289,1062,0.20509992715035333,0.5,0.0,-0.05709354876483319,-0.24557373921289294,-55.4986114,-0.1661361277460762,127.42,-0.2876956544257372,19574784,0.0,-0.6209963002716594,0.0003,0.9603362083435059,1.0020686388015747,37439,-0.015107048663776369,0.2,0.028490946,0.262158203125,49.72270965576172,19.40951919555664,-34.077978515625
0.0,0.0,-0.0002793491495956478,-0.17457648200053683,0.0,6373,0.01,0.65,3074,0.5106303999999999,0.0,-0.4061651602079525,-2.0836725808611806e-08,0.0,0.0,0.00045247347831415635,-0.6034560554313928,2.2267816196663044,-0.37740166258005714,-0.2788075770280648,-0.08262959918632108,1063,0.20599202520510254,0.5,0.0,-0.05626870593611607,-0.24494121977209588,-54.12984740000001,-0.16585404751474775,126.69,-0.2874780146357578,19593216,0.0,-0.6206174315643016,0.0003,0.9511210918426514,1.0022540092468262,37443,-0.015174184320494532,0.2,0.033441007,0.28446044921875,59.94780254364014,28.811365127563477,-34.07921161651611
0.0,0.0,-0.0003773403260647634,-0.1787009466380329,0.0,6379,0.01,0.65,3074,0.5101696,0.0,-0.4040105730516686,-2.077649407229933e-08,0.0,0.0,0.0004481331885067953,-0.6094038863968987,2.245728051697532,-0.3822457274705717,-0.2790173729973716,-0.08314349329662413,1064,0.20605213426323318,0.5,0.0,-0.05878960107571449,-0.24732113184945576,-53.20717928999999,-0.16556363697049029,132.16,-0.2866265788237318,19611648,0.0,-0.618902382164805,0.0003,0.9608883857727051,1.0021884441375732,37447,-0.014645759540144354,0.2,0.037740022,0.31160888671875,48.70859909057617,24.607988357543945,-34.07837886810303
0.0,0.0,-0.0003064076162247079,-0.17825577420298208,0.0,6385,0.01,0.65,3074,0.5097088000000001,0.0,-0.40774370287611156,-2.103577489460665e-08,0.0,0.0,0.0004492182827865084,-0.6053144548102606,2.208294028564941,-0.3793831202036291,-0.2790557995322257,-0.08544724527524755,1065,0.2036418022562078,0.5,0.0,-0.05795503944712656,-0.24529438175172696,-56.215568779999984,-0.16603128382582416,127.28,-0.2882637121005929,19630080,0.0,-0.6199700518343014,0.0003,0.9731593728065491,1.0024161338806152,37451,-0.014714731159619987,0.2,0.036506236,0.3067138671875,33.3365216255188,18.173534393310547,-34.081543159484866
0.0,0.0,-0.0003650434781933097,-0.1775601778658359,0.0,6391,0.01,0.65,3074,0.5092479999999999,0.0,-0.4062929168230406,-2.140576098691803e-08,0.0,0.0,0.00046549430893113214,-0.6142824592376903,2.229994133836894,-0.3891615634211816,-0.27873435507659816,-0.08463127015015096,1066,0.20495956524555237,0.5,0.0,-0.06017225747496589,-0.24798477148591833,-55.78678082000001,-0.16526202784208746,132.9,-0.28770668906497154,19648512,0.0,-0.6173694000449572,0.0003,0.9486687183380127,1.0021284818649292,37455,-0.01383012211881578,0.2,0.040656246,0.34183349609375,65.72933044433594,33.158451080322266,-34.078888702392575
0.0,0.0,-0.00029840935949964833,-0.17731539005703126,0.0,6397,0.01,0.65,3074,0.5087872,0.0,-0.4102452903884101,-2.105407504622199e-08,0.0,0.0,0.00043294222753805417,-0.6055104132906841,2.212263141265489,-0.38517852937499203,-0.2792929610475777,-0.08292706696225584,1067,0.2041045311115174,0.5,0.0,-0.058598407594203504,-0.24842240296214188,-57.29305498000001,-0.1660259471994302,126.15,-0.2895010304799731,19666944,0.0,-0.6177450607762542,0.0003,0.9633487462997437,1.00266432762146,37459,-0.015426936117000878,0.2,0.035586867,0.30772705078125,44.902463340759276,20.71738052368164,-34.082937240600586
0.0,0.0,-0.00034043755914755483,-0.1779000910880696,0.0,6403,0.01,0.65,3074,0.5083264000000001,0.0,-0.4099578489363561,-2.150616203067106e-08,0.0,0.0,0.00042100648149951466,-0.6135845887425924,2.23396391837948,-0.3882549480407933,-0.27908592068150473,-0.08371695151984043,1068,0.2055796115885102,0.5,0.0,-0.06004595383924893,-0.2498813643268882,-55.52966045,-0.16569579671191687,133.35,-0.287936908955296,19685376,0.0,-0.6153898828816321,0.0003,0.9524206519126892,1.0021746158599854,37463,-0.012229684903286398,0.2,0.038179416,0.30301513671875,60.07364749908447,27.766590118408203,-34.0795560836792
0.0,0.0,-0.0003232494736495943,-0.17662031503778908,0.0,6409,0.01,0.65,3074,0.5078655999999999,0.0,-0.4094962896621704,-2.0152692698521896e-08,0.0,0.0,0.0004535585531913158,-0.6047422334752974,2.2117159396357517,-0.37586086723394907,-0.2791673181356229,-0.0818432196233648,1069,0.2035454045896286,0.5,0.0,-0.05712826428031034,-0.2464906213561267,-57.677444779999995,-0.16542888287506538,121.86,-0.28685639869372886,19703808,0.0,-0.6188877049935985,0.0003,0.9658157825469971,1.002309799194336,37467,-0.01585108698345721,0.2,0.03385622,0.27518310546875,42.25030851364136,15.16249942779541,-34.07876567840576
0.0,0.0,-0.00037000998840997477,-0.17556557333353703,0.0,6415,0.01,0.65,3074,0.5074048,0.0,-0.41062392275310633,-2.072912183395514e-08,0.0,0.0,0.0004361974521695326,-0.6019342416558022,2.2155142664356258,-0.3842205155319865,-0.27923291179165094,-0.0822793250651746,1070,0.20537431686954186,0.5,0.0,-0.057377313088495904,-0.24744178017402252,-56.22860988,-0.1656299764266601,127.9,-0.28759392540300993,19722240,0.0,-0.6155531775582808,0.0003,0.9361265897750854,1.001932144165039,37471,-0.014193799794884398,0.2,0.02736495,0.22921142578125,77.6056568145752,32.587093353271484,-34.07781772613525
0.0,0.0,-0.0005012208752943605,-0.1784613970931234,0.0,6421,0.01,0.65,3074,0.5069440000000001,0.0,-0.4123176713050422,-2.0861157085280426e-08,0.0,0.0,0.00042100649120079144,-0.6017520297200922,2.2248294512576816,-0.38773001372305194,-0.27887028249456186,-0.08411666359222392,1071,0.20443755157037558,0.5,0.0,-0.05939979759626578,-0.2515225800849825,-54.752659950000016,-0.16548353505680055,131.12,-0.2844476543715817,19740672,0.0,-0.6140653666742455,0.0003,0.9538557529449463,1.001663088798523,37475,-0.015647737844847142,0.2,0.027045285,0.2282958984375,56.88096923828125,28.195526123046875,-34.07302074432373
0.0,0.0,-0.00033552623735834836,-0.17834611300946357,0.0,6427,0.01,0.65,3073,0.5064832,0.0,-0.4112287183064447,-2.1157925903485108e-08,0.0,0.0,0.0004513883743331664,-0.6098866320635703,2.2344134381058827,-0.3957803867639782,-0.27919507635142016,-0.0824792215617723,1072,0.2066999640861636,0.5,0.0,-0.06061652134191881,-0.25061451012239844,-56.34289235,-0.16605444578918185,131.42,-0.28762680785124245,19759104,0.0,-0.6159088668685906,0.0003,0.9676594734191895,1.0017404556274414,37479,-0.016634812741540373,0.2,0.034913473,0.285498046875,39.43167247772217,19.049718856811523,-34.07272205352783
0.0,0.0,-0.00044252932412648335,-0.17730636593864119,0.0,6433,0.01,0.65,3073,0.5060224,0.0,-0.4061985275577286,-2.094736628892785e-08,0.0,0.0,0.00046223913280603785,-0.5818542120582566,2.2224317741108504,-0.3790031117929661,-0.27885741450282786,-0.08266127803131666,1073,0.20803796104288688,0.5,0.0,-0.05720688223851573,-0.2454346087710613,-55.02571228,-0.1655734048062558,130.08,-0.28474531142664694,19777536,0.0,-0.6165955486908211,0.0003,0.9722386002540588,1.001921534538269,37483,-0.014544234809000045,0.2,0.03655223,0.31104736328125,35.063527488708495,17.52996826171875,-34.075534629821775
0.0,0.0,-0.0002727647538570563,-0.17866198661251792,0.0,6439,0.01,0.65,3073,0.5055616,0.0,-0.4098271622431345,-2.1489874804899664e-08,0.0,0.0,0.0004307720874850121,-0.6016936532008703,2.218263467854484,-0.3886417648088131,-0.2788544912868644,-0.08326719309094165,1074,0.20720022694721374,0.5,0.0,-0.05917509534532223,-0.24886899015402783,-57.96046576,-0.16595080959290798,128.15,-0.2883454361791364,19795968,0.0,-0.6183534549107509,0.0003,0.9629167914390564,1.0016367435455322,37487,-0.01530857584439218,0.2,0.03134054,0.28328857421875,46.16953735351562,19.84581756591797,-34.0716516494751
0.0,0.0,-0.0003205052333721923,-0.17628828709953046,0.0,6445,0.01,0.65,3073,0.5051008,0.0,-0.40935001268578136,-2.0768027180715405e-08,0.0,0.0,0.0004383675437161906,-0.6047698983019926,2.220314311985957,-0.3827633916235023,-0.2789557300049715,-0.08339539228052001,1075,0.20399154240068806,0.5,0.0,-0.05836356718252812,-0.246326863256698,-56.271340910000006,-0.1654612678536037,128.16,-0.28872042093032796,19814400,0.0,-0.615094955846812,0.0003,0.9514619708061218,1.0019357204437256,37491,-0.014992750273086131,0.2,0.031537693,0.28226318359375,59.005842208862305,29.82344627380371,-34.07474689483642
0.0,0.0,-0.00035721430921449137,-0.17615479371796516,0.0,6451,0.01,0.65,3073,0.50464,0.0,-0.4085888288051305,-2.021061083985691e-08,0.0,0.0,0.0004687495141600569,-0.5958077293037953,2.207900669938127,-0.37329308150255053,-0.279087781315581,-0.0845640858567062,1076,0.2053597957484274,0.5,0.0,-0.05554765785016799,-0.24410318315837332,-56.70490517,-0.16649118366192886,127.95,-0.2854301521049764,19832832,0.0,-0.6135164046561826,0.0003,0.9569181203842163,1.0019330978393555,37495,-0.01593132532434538,0.2,0.030924704,0.2907958984375,52.95681915283203,29.27226448059082,-34.075900650024415
0.0,0.0,-0.00034226247728946015,-0.17240530112785496,0.0,6457,0.01,0.65,3074,0.5041792,0.0,-0.406891141715237,-1.9722922898875843e-08,0.0,0.0,0.00048502554030468065,-0.5851971158328202,2.20312437449022,-0.3661632627056828,-0.27861480066471955,-0.08402405551577491,1077,0.20604065001206215,0.5,0.0,-0.052973897246062454,-0.24085684098100277,-55.52457799,-0.16578910869120098,123.43,-0.2836425713163535,19851264,0.0,-0.6175591079449786,0.0003,0.9643052816390991,1.0024465322494507,37499,-0.016656269156374037,0.2,0.036393885,0.29027099609375,42.80524253845215,21.529891967773438,-34.08149604797363
0.0,0.0,-0.00019928281485885645,-0.1759326777132454,0.0,6463,0.01,0.65,3074,0.5037184,0.0,-0.4101877467468963,-2.1833895700940508e-08,0.0,0.0,0.0004361974715720862,-0.6026215607924837,2.228851448381888,-0.39303217476582314,-0.279009133512082,-0.08401141634631765,1078,0.20555575617683083,0.5,0.0,-0.059780983342439975,-0.2481410896684674,-55.54735258000001,-0.1659208264810316,129.58,-0.2873935479075825,19869696,0.0,-0.6172188832065384,0.0003,0.9513713121414185,1.0018831491470337,37503,-0.015503708180040121,0.2,0.03529378,0.310693359375,59.03150615692139,30.287023544311523,-34.075567436218265
0.0,0.0,-0.0003976825910005875,-0.17655359299002008,0.0,6469,0.01,0.65,3074,0.5032576,0.0,-0.40770549380896165,-2.1254549555522412e-08,0.0,0.0,0.00041666619169215363,-0.6020055077416494,2.2336779512202463,-0.3923675200292139,-0.27897638712983713,-0.08408521472850046,1079,0.2072390645211033,0.5,0.0,-0.059645456283916536,-0.2473549618697766,-55.934290229999995,-0.16605059465505112,131.37,-0.2854780942982331,19888128,0.0,-0.6179795796197333,0.0003,0.9637654423713684,1.0021895170211792,37507,-0.014048473467119038,0.2,0.035462566,0.300390625,42.446666622161864,21.47113609313965,-34.07627773284912
0.0,0.0,-0.00047127658111322635,-0.17648430798117515,0.0,6475,0.01,0.65,3073,0.5027968,0.0,-0.4072719512487659,-2.109931005445447e-08,0.0,0.0,0.00045355853378876217,-0.587220928267388,2.2216943316632443,-0.38301894190030594,-0.279028420228897,-0.08420604311592134,1080,0.20767879044481052,0.5,0.0,-0.05727032585389887,-0.24625000334260166,-54.09320426,-0.16575666174413808,129.82,-0.28730337004588563,19906560,0.0,-0.6196037201031062,0.0003,0.9747253656387329,1.0027292966842651,37511,-0.01391519270837307,0.2,0.041756444,0.31434326171875,30.938671398162843,14.94771671295166,-34.08446025848389
0.0,0.0,-0.00028935331471948437,-0.17647963475733108,0.0,6481,0.01,0.65,3074,0.502336,0.0,-0.40890484858390264,-2.0690583858717898e-08,0.0,0.0,0.0004535585531913158,-0.584434087598479,2.1948006630423267,-0.3767352916193467,-0.2790732778171509,-0.08322482016887524,1081,0.20612648371728404,0.5,0.0,-0.05550724320784014,-0.24333436573642697,-57.598307780000006,-0.16647121333784787,123.23,-0.2875447489374316,19924992,0.0,-0.6184014084020494,0.0003,0.9695404767990112,1.0027554035186768,37515,-0.01174495229497552,0.2,0.039535463,0.351318359375,37.910768699646,21.038911819458008,-34.08465747833252
0.0,0.0,-0.0002245653275734759,-0.17531342456208654,0.0,6487,0.01,0.65,3074,0.5018752,0.0,-0.4076683776847527,-2.057782250180097e-08,0.0,0.0,0.00044053770317178633,-0.6000279970854298,2.219161846087055,-0.386260663547076,-0.2794473583024976,-0.08352378389301333,1082,0.20674727665409076,0.5,0.0,-0.058139087449574474,-0.24729134198346817,-54.93101042999999,-0.16590454764671306,128.81,-0.28578999396353233,19943424,0.0,-0.6158673114003831,0.0003,0.9472756385803223,1.0015602111816406,37518,-0.0073825709405355155,0.2,0.043017887,0.2734171549479167,67.80780982971191,33.97842788696289,-34.07340304056803
0.0,0.0,-0.00031073303352340963,-0.17528286544374602,0.0,6493,0.01,0.65,3074,0.5014144,0.0,-0.4078643544700709,-2.1249396894907356e-08,0.0,0.0,0.0004296870514129599,-0.5992813036148601,2.2173165957813565,-0.39083316359130904,-0.2792763839518845,-0.08399974074885441,1083,0.20666885635999688,0.5,0.0,-0.0591860413782391,-0.24701099383411618,-54.48147038,-0.16591883537643431,132.72,-0.286743971898952,19961856,0.0,-0.6175800456672942,0.0003,0.9557474255561829,1.002609133720398,37522,-0.0147260116529651,0.2,0.03684518,0.3062744140625,54.803848075866696,27.33072280883789,-34.08521366119385
0.0,0.0,-0.000266872827002356,-0.18027790171228608,0.0,6499,0.01,0.65,3074,0.5009536,0.0,-0.40542089648569923,-2.0740500192580504e-08,0.0,0.0,0.0004546436280684753,-0.5937441737158518,2.2042764816337215,-0.3850509616124971,-0.27928388033359786,-0.08462479130167083,1084,0.20543919322172918,0.5,0.0,-0.059177466079257654,-0.2438429434342511,-57.44926350000001,-0.16512689950355816,124.74,-0.28692755817371457,19980288,0.0,-0.6164726092065463,0.0003,0.964259922504425,1.0019943714141846,37526,-0.014166646567173303,0.2,0.02856202,0.26246337890625,44.18195285797119,19.5291748046875,-34.07713108062744
0.0,0.0,-0.00021605376698620704,-0.17954821917306768,0.0,6505,0.01,0.65,3074,0.5004928,0.0,-0.4057206232123358,-2.047250486688529e-08,0.0,0.0,0.0004524735074179868,-0.5968733906120615,2.1984550475923315,-0.3864812396607865,-0.2795676622405986,-0.0821382024080292,1085,0.20469426249488154,0.5,0.0,-0.059834659691877005,-0.242847190048418,-57.654010989999996,-0.16534473244521164,123.86,-0.2886443107753415,19998720,0.0,-0.6171661947780755,0.0003,0.951260507106781,1.001798391342163,37530,-0.013815299863927067,0.2,0.03422024,0.2888427734375,61.77623271942139,29.853748321533203,-34.07457847595215
0.0,0.0,-0.0002787534371341099,-0.17987359215740384,0.0,6511,0.01,0.65,3073,0.500032,0.0,-0.4081016446277955,-2.1170955711332535e-08,0.0,0.0,0.00047960018532143696,-0.5891911361595992,2.2209266732142736,-0.3867757520737178,-0.2793420458172744,-0.08378103822375088,1086,0.20764779857421037,0.5,0.0,-0.059525798211856405,-0.24452920957004062,-54.89669222999999,-0.1660568565340934,130.17,-0.28513287165858753,20017152,0.0,-0.6150991982922602,0.0003,0.9494040608406067,1.0019481182098389,37534,-0.01419881519395858,0.2,0.03469584,0.2975830078125,63.525381851196286,31.190269470214844,-34.075195121765134
0.0,0.0,-0.0002181414769923249,-0.17841892409465976,0.0,6517,0.01,0.65,3073,0.4995712,0.0,-0.4113353081452967,-2.0801886847480187e-08,0.0,0.0,0.0004459630484537532,-0.5866565026391606,2.2012754660013645,-0.3860674578390532,-0.27901681990209,-0.08519124393394327,1087,0.20628268912642883,0.5,0.0,-0.05865446009343752,-0.2456142827312694,-56.9682523,-0.16513836649278804,125.82,-0.28605192298972093,20035584,0.0,-0.615838616561607,0.0003,0.9724274277687073,1.0025767087936401,37538,-0.014803305361419916,0.2,0.040474746,0.30419921875,33.872436332702634,19.362918853759766,-34.08223705291748
0.0,0.0,-0.0003040122614514038,-0.17911979707637216,0.0,6523,0.01,0.65,3073,0.49911039999999995,0.0,-0.40954901207269695,-2.1213655359516087e-08,0.0,0.0,0.0004264318073789279,-0.5833722343914247,2.214901375376139,-0.39034861389874353,-0.27933787092063,-0.08532195099374873,1088,0.2089626459886555,0.5,0.0,-0.05959975307343546,-0.24766963489627603,-57.89613853999998,-0.16598280183600422,128.83,-0.2847697185055768,20054016,0.0,-0.6137889679907516,0.0003,0.9556307792663574,1.0026376247406006,37542,-0.013357947510667146,0.2,0.042350926,0.33797607421875,56.414017868041995,29.92070960998535,-34.08340721130371
0.0,0.0,-0.0001236778173186631,-0.1832226985801726,0.0,6529,0.01,0.65,3073,0.4986496,0.0,-0.4089146736978497,-2.1722719992586667e-08,0.0,0.0,0.00042860193773069314,-0.5895366826821902,2.2113044369831685,-0.3953421832459678,-0.2788739167600236,-0.08519212784921877,1089,0.20950839764953788,0.5,0.0,-0.06095758547875469,-0.24858869224081032,-57.09691678,-0.16571159633825389,128.52,-0.28512474808937255,20072448,0.0,-0.6153326010692095,0.0003,0.9634508490562439,1.0021185874938965,37546,-0.014282692386768759,0.2,0.034573946,0.30732421875,44.69184684753418,25.172582626342773,-34.07969036102295
0.0,0.0,-0.00018120933836292307,-0.1834787218803105,0.0,6535,0.01,0.65,3073,0.4981888,0.0,-0.41258219785346045,-2.1496866932371504e-08,0.0,0.0,0.00041015578123430413,-0.5955720936809414,2.2048735893616587,-0.4035521218047834,-0.2790625897597872,-0.08455965153048683,1090,0.2077412343117392,0.5,0.0,-0.06323028356088087,-0.24994694539880605,-58.50733937,-0.16597373605382715,128.48,-0.28631315580655825,20090880,0.0,-0.6109721594499119,0.0003,0.9625897407531738,1.0022324323654175,37550,-0.016325777885504066,0.2,0.0377459,0.30982666015625,44.752662086486815,19.080944061279297,-34.07788581848145
0.0,0.0,-0.00023199213440295888,-0.17831854564687744,0.0,6541,0.01,0.65,3073,0.49772799999999995,0.0,-0.4080417699874743,-2.0875597512615514e-08,0.0,0.0,0.0004264317879763742,-0.5974352277742209,2.2175799378384706,-0.3894834107929622,-0.27932093927472335,-0.08586644684625154,1091,0.20577040598308685,0.5,0.0,-0.060636567354539594,-0.2453074972832627,-57.09534689,-0.1655212888920749,127.84,-0.2860526375353172,20109312,0.0,-0.6133923092808071,0.0003,0.9574378728866577,1.003044843673706,37554,-0.012890481972135603,0.2,0.042334877,0.3182373046875,52.92835731506348,19.21609878540039,-34.087089157104494
0.0,0.0,-0.0001816995985062733,-0.17582343573373063,0.0,6547,0.01,0.65,3073,0.4972672,0.0,-0.40869832439992076,-2.0171228841522067e-08,0.0,0.0,0.0004665793741070148,-0.5800969728945354,2.195748932394514,-0.37102749181222483,-0.2790854079476756,-0.08388702373455409,1092,0.2089007985157552,0.5,0.0,-0.053934779248895406,-0.241368386439884,-55.36050696000001,-0.1660542083857186,124.29,-0.28421772082641295,20127744,0.0,-0.6143501312211893,0.0003,0.9591745734214783,1.0029385089874268,37558,-0.01479497152613476,0.2,0.038669318,0.32940673828125,51.37785415649414,32.348289489746094,-34.088493537902835
0.0,0.0,-0.0002507440690934993,-0.17792645985521519,0.0,6553,0.01,0.65,3073,0.4968064,0.0,-0.4087985463874048,-2.0731983049965783e-08,0.0,0.0,0.00042534674220304523,-0.5849499305750975,2.200335277213429,-0.38442703695461483,-0.27916719300447235,-0.08438629866132491,1093,0.2053808483302534,0.5,0.0,-0.05871857159685386,-0.24298910634945203,-57.717849480000005,-0.1650661481329769,120.72,-0.28569487897833623,20146176,0.0,-0.6139613828842683,0.0003,0.9581528306007385,1.0030770301818848,37562,-0.01315257498063147,0.2,0.040057424,0.34010009765625,50.099853515625,30.493833541870117,-34.088899803161624
0.0,0.0,-0.00023817958085987223,-0.1833725740720175,0.0,6559,0.01,0.65,3073,0.49634560000000005,0.0,-0.41136667624436246,-2.183020625405097e-08,0.0,0.0,0.000529513425943959,-0.5873488428059671,2.2043468585536328,-0.3986142451821244,-0.2790932670813733,-0.08394999890105986,1094,0.21017471026603984,0.5,0.0,-0.06116749981511674,-0.24787709983417466,-58.90279872,-0.1661521056397333,128.03,-0.2848040657886324,20164608,0.0,-0.6159173868639205,0.0003,0.9530597925186157,1.0024135112762451,37566,-0.01436026960145682,0.2,0.03534264,0.30030517578125,58.259756851196286,22.38541030883789,-34.081661796569826
0.0,0.0,-0.00021126713618944227,-0.17882335021612614,0.0,6565,0.01,0.65,3073,0.4958848,0.0,-0.40946373831621696,-2.0679660013723308e-08,0.0,0.0,0.00044487801238170103,-0.5860862755334373,2.2059164494358683,-0.3914717608407131,-0.2790329847405577,-0.08362807472584316,1095,0.2052970996905976,0.5,0.0,-0.05980845890743902,-0.2440084790783899,-55.52776869,-0.16537310754184908,128.41,-0.286057460678657,20183040,0.0,-0.61386573660688,0.0003,0.9674218893051147,1.0027387142181396,37570,-0.014192099147476257,0.2,0.037179373,0.32269287109375,40.312136840820315,22.3801212310791,-34.08503437042236
0.0,0.0,-0.00040633386855746286,-0.17966422588420014,0.0,6571,0.01,0.65,3073,0.495424,0.0,-0.409467919933077,-2.066329053453415e-08,0.0,0.0,0.0004611540191237711,-0.5882622458815716,2.204892820521607,-0.39076696533664623,-0.27857491290844927,-0.08335411271829003,1096,0.20692468449709095,0.5,-1.6275961469444965e-06,-0.05954860753892526,-0.24475993603895438,-55.90780499,-0.1651474609657009,132.34,-0.2857523722846406,20201472,0.0,-0.6161124403134299,0.0003,0.9612348079681396,1.002050757408142,37574,-0.013874288520310075,0.2,0.03576548,0.28372802734375,48.564513206481934,24.866674423217773,-34.0782392501831
0.0,0.0,-0.00023610250974987623,-0.18012783806474408,0.0,6577,0.01,0.65,3073,0.49496320000000005,0.0,-0.4072990528020306,-2.0804428239013642e-08,0.0,0.0,0.0004492182342801243,-0.581290727619259,2.2061357177840653,-0.3880393792098063,-0.27904537011159986,-0.08480990564562654,1097,0.2066103185820998,0.5,0.0,-0.059773403576200236,-0.24343815171029273,-55.94240351000001,-0.16465481900095577,129.04,-0.2848647737933082,20219904,0.0,-0.6112938784091094,0.0003,0.9667761921882629,1.0022071599960327,37578,-0.014064592495560645,0.2,0.039576925,0.3057861328125,40.055242919921874,15.679953575134277,-34.076425552368164
0.0,0.0,-0.00017755245484779564,-0.17857664110622296,0.0,6583,0.01,0.65,3073,0.4945024,0.0,-0.4085015532267109,-2.0755957874253883e-08,0.0,0.0,0.0004785151492493848,-0.567384284307926,2.1996468158590057,-0.3888569609048075,-0.2789803387469741,-0.08382700995032093,1098,0.20741112183132696,0.5,0.0,-0.05818577295557881,-0.24171241682375777,-55.78478988999999,-0.16455841946584693,125.91,-0.28503909394739335,20238336,0.0,-0.6157135939784997,0.0003,0.9722141027450562,1.002554178237915,37582,-0.01634020054480061,0.2,0.03930195,0.3310546875,33.746011352539064,17.237279891967773,-34.08290405273438
0.0,0.0,-0.0002134286990279259,-0.1779728779941639,0.0,6589,0.01,0.65,3073,0.49404159999999997,0.0,-0.41158052118580324,-2.0575065289282558e-08,0.0,0.0,0.0004980464097267637,-0.5775691788860478,2.1990382732909786,-0.3960019870550856,-0.2788940324691151,-0.08195749055585583,1099,0.2087702183119179,0.5,0.0,-0.05954598822893167,-0.2441478083970313,-58.03062079,-0.16493298580158755,127.88,-0.2854188183538977,20256768,0.0,-0.6170514408748167,0.0003,0.9640591144561768,1.0023934841156006,37586,-0.014282313804142178,0.2,0.039686535,0.343603515625,43.57893733978271,19.707368850708008,-34.080532455444335
0.0,0.0,-0.00013063832767870126,-0.1843983148187848,0.0,6595,0.01,0.65,3073,0.49358080000000004,0.0,-0.41042930116788345,-2.1732831201207302e-08,0.0,0.0,0.0005056418950617728,-0.5807180505655332,2.1891079673949276,-0.40404599628078297,-0.2791165738223864,-0.08354288153916557,1100,0.20820780146683224,0.5,0.0,-0.06308293942853475,-0.2461920122246777,-57.891373189999996,-0.16519533461488078,123.28,-0.28593616976864245,20275200,0.0,-0.6138491621625958,0.0003,0.956879198551178,1.0017931461334229,37590,-0.013184360973536969,0.2,0.034254484,0.30244140625,51.35289630889893,26.097017288208008,-34.07550945281982
0.0,0.0,-0.00011104259551470538,-0.18192923816469053,0.0,6601,0.01,0.65,3073,0.49312,0.0,-0.40841533413089093,-2.1376315419453313e-08,0.0,0.0,0.0005045568395871669,-0.5797151396946958,2.201254007991365,-0.39813457460301105,-0.27885536156288615,-0.08327624556357012,1101,0.20730603482175758,0.5,0.0,-0.060769801777739225,-0.24452754768419074,-58.64310934,-0.16475724929061608,127.98,-0.2855968610240198,20293632,0.0,-0.6162645418585717,0.0003,0.9626767039299011,1.0023325681686401,37594,-0.014842836244497448,0.2,0.03831326,0.28800048828125,46.16882591247558,19.65530014038086,-34.07670211791992
0.0,0.0,-0.0001453013867930835,-0.18536492036125893,0.0,6607,0.01,0.65,3073,0.49265919999999996,0.0,-0.41128889571124655,-2.1687936921848715e-08,0.0,0.0,0.00046440924375524954,-0.5785070514503686,2.1970538490152425,-0.4000719459808141,-0.2789322238346333,-0.08330549355864797,1102,0.20588829932174021,0.5,0.0,-0.06213588623190014,-0.24629299023793547,-59.060704529999995,-0.16510341958899327,128.25,-0.28693493072037896,20312064,0.0,-0.6164325677717521,0.0003,0.9656038284301758,1.002692699432373,37598,-0.014505473047029227,0.2,0.04195616,0.339697265625,42.155898094177246,18.403451919555664,-34.08311233520508
0.0,0.0,-0.00023349947951211222,-0.18306242942130177,0.0,6613,0.01,0.65,3073,0.49219840000000004,0.0,-0.41194030012043303,-2.1617130919261173e-08,0.0,0.0,0.000477430093774779,-0.5853267135356572,2.194804106391215,-0.4025112125463628,-0.27885779419566326,-0.0835014652259044,1103,0.20807356233853294,0.5,0.0,-0.06177085691180442,-0.24688547802834224,-57.428576840000005,-0.16505488824080564,129.44,-0.28506070316330173,20330496,0.0,-0.6154353152799505,0.0003,0.9657003283500671,1.0027297735214233,37602,-0.01367712786886841,0.2,0.039974526,0.337890625,43.37919921875,22.749603271484375,-34.08767471313477
0.0,0.0,-0.0002996284136450111,-0.1832621695969008,0.0,6619,0.01,0.65,3073,0.4917376,0.0,-0.41216370983887646,-2.1468170412724204e-08,0.0,0.0,0.0005164925759244296,-0.5804780274474627,2.1946332922508045,-0.399765620976999,-0.27867011495873134,-0.08282423025006677,1104,0.20466639520636695,0.5,0.0,-0.061685806004897675,-0.24504614485632523,-59.46659947000001,-0.1644481333040561,127.68,-0.2881960754829047,20348928,0.0,-0.6154543489634227,0.0003,0.9650505781173706,1.0021332502365112,37606,-0.014002253615763039,0.2,0.0331482,0.287255859375,44.18960685729981,21.873497009277344,-34.07877883911133
0.0,0.0,-0.00015794763566474,-0.18452126711090153,0.0,6625,0.01,0.65,3073,0.49127679999999996,0.0,-0.4129022215488365,-2.2155029657522975e-08,0.0,0.0,0.0004318571817647252,-0.5889717392629448,2.1985293060419067,-0.4069871978387281,-0.27830769954395307,-0.0839075379624926,1105,0.20614553975042363,0.5,0.0,-0.06417110102098095,-0.247556989536867,-59.05054465,-0.1645397961578313,130.6,-0.28806918572289536,20367360,0.0,-0.6164770405154746,0.0003,0.9613660573959351,1.0021295547485352,37610,-0.015102630900219082,0.2,0.030907612,0.25357666015625,46.942213439941405,29.526086807250977,-34.07825050354004
0.0,0.0,-0.00027947312820997386,-0.1833198571211362,0.0,6631,0.01,0.65,3073,0.49081600000000003,0.0,-0.4108284797006172,-2.1244926328922698e-08,0.0,0.0,0.000477430093774779,-0.5820449617541285,2.2030275754853426,-0.403072035936186,-0.2790345864762861,-0.08265446621106393,1106,0.20516786702861492,0.5,0.0,-0.0625385762267232,-0.24534114862565953,-59.59453736,-0.16408632777623655,129.03,-0.2878927849831751,20385792,0.0,-0.6126135303853076,0.0003,0.9633588194847107,1.002234697341919,37614,-0.015381641243584454,0.2,0.032915752,0.2497314453125,45.79464855194092,24.316261291503906,-34.07834663391113
0.0,0.0,-0.00031523923097669614,-0.18015252164459886,0.0,6637,0.01,0.65,3073,0.4903552,0.0,-0.4113424779856716,-2.19647430044563e-08,0.0,0.0,0.00046332422708575096,-0.5877610307613702,2.205949024995008,-0.4078788821341483,-0.2789293434231114,-0.08236646963758876,1107,0.20543379094822722,0.5,0.0,-0.06317500731499165,-0.24592206921186271,-57.64344379999999,-0.164376610281266,130.6,-0.28729383396950037,20404224,0.0,-0.6119642805012977,0.0003,0.967485785484314,1.0016350746154785,37617,-0.0072181330262018105,0.2,0.04393831,0.32435825892857145,41.480574880327495,20.04487419128418,-34.0734623500279
0.0,0.0,-0.0002483995778195661,-0.18427059891941786,0.0,6643,0.01,0.65,3073,0.48989439999999995,0.0,-0.4090790387413927,-2.159084787738475e-08,0.0,0.0,0.0004785151589506616,-0.5909956605343774,2.192144587344242,-0.3999804038854339,-0.27897050828665904,-0.08181552456280017,1108,0.20220126710557926,0.5,0.0,-0.06371888341061792,-0.24140103253578854,-61.07108426,-0.16397812327306652,123.71,-0.2887382236370125,20422656,0.0,-0.6147635017581161,0.0003,0.9647355675697327,1.001636028289795,37621,-0.00925712927710265,0.2,0.040777642,0.29718017578125,43.7421012878418,19.784587860107422,-34.07330055236817
0.0,0.0,-0.00019563712199089018,-0.18184441426480916,0.0,6649,0.01,0.65,3074,0.4894336,0.0,-0.4083712584286775,-2.1531465118456362e-08,0.0,0.0,0.0004470481427334663,-0.5876232769669981,2.2005604112810584,-0.4064385535600937,-0.2792547223810677,-0.08239990368617701,1109,0.20390657404093632,0.5,0.0,-0.06386148106138068,-0.24319471635857737,-56.49690828000001,-0.16379823900603918,132.63,-0.28670841207707515,20441088,0.0,-0.6152936991187352,0.0003,0.9659105539321899,1.0016491413116455,37625,-0.012865497270831838,0.2,0.02538206,0.2376953125,42.53029994964599,20.161867141723633,-34.0723653793335
0.0,0.0,-0.00023339565254080978,-0.18803772782011963,0.0,6655,0.01,0.65,3074,0.4889728,0.0,-0.4126567679196652,-2.239962176091789e-08,0.0,0.0,0.0004492182730852316,-0.5940630815560565,2.188526016316511,-0.41584155474435003,-0.2794677496396034,-0.08361183942632239,1110,0.20326607793693516,0.5,0.0,-0.0674414861306362,-0.24596172036609168,-60.56588712999999,-0.16429553721455054,130.47,-0.28960211824484894,20459520,0.0,-0.6173498607521298,0.0003,0.974677324295044,1.0024051666259766,37629,-0.011403560929466039,0.2,0.041330047,0.26898193359375,28.091926193237306,16.201990127563477,-34.0770959854126
0.0,0.0,-0.00022728882334633737,-0.18471265613892676,0.0,6661,0.01,0.65,3074,0.48851199999999995,0.0,-0.40928630326853405,-2.179344633986754e-08,0.0,0.0,0.0004871957288641069,-0.5825617701120644,2.1994381748844227,-0.4014636155914088,-0.2794729633213706,-0.08407954148876157,1111,0.20383993935783237,0.5,0.0,-0.06253315888422742,-0.24366489523366652,-61.01066792,-0.16344414069026802,126.45,-0.28659575613806326,20477952,0.0,-0.6171757673930619,0.0003,0.9620128273963928,1.0014684200286865,37632,-0.006205726996995509,0.2,0.045766495,0.2886759440104167,49.395185470581055,24.374940872192383,-34.071221669514976
0.0,0.0,-0.00013935705408980528,-0.18579136223228798,0.0,6667,0.01,0.65,3074,0.4880512,0.0,-0.4089466362319133,-2.1644944734677946e-08,0.0,0.0,0.0005327686311728838,-0.5823250661157584,2.19433663531012,-0.40349326525128393,-0.2793416867931038,-0.08275027355106049,1112,0.20485852163881343,0.5,0.0,-0.06299633224411649,-0.24386415729104519,-58.75173599,-0.1635628556968888,129.61,-0.28653928523453864,20496384,0.0,-0.6153998308040362,0.0003,0.9625915884971619,1.0024367570877075,37636,-0.01408634582767263,0.2,0.04073093,0.3405029296875,46.894660568237306,19.310115814208984,-34.08186588287354
0.0,0.0,-0.00016602193681130364,-0.17962482366687654,0.0,6673,0.01,0.65,3074,0.4875904,0.0,-0.40879678978928197,-2.092899288772305e-08,0.0,0.0,0.0004720047290902585,-0.5819994289141027,2.186977314599377,-0.39777698699189845,-0.2790859295553361,-0.08183242758638651,1113,0.2046592153594322,0.5,0.0,-0.060893963891783795,-0.24033967102942289,-58.63484387,-0.16327799779578964,125.32,-0.2871230723624334,20514816,0.0,-0.6172209394902074,0.0003,0.9687022566795349,1.001875400543213,37639,-0.007837757049128414,0.2,0.041176926,0.281640625,39.426263427734376,25.336467742919922,-34.07652028401693
0.0,0.0,-0.00021378851736434567,-0.1855678146207385,0.0,6679,0.01,0.65,3074,0.48712960000000005,0.0,-0.40863050561693837,-2.2641145613177464e-08,0.0,0.0,0.00045030336736494466,-0.5799716699296197,2.194427687897712,-0.4085570718352535,-0.2792017069186348,-0.08375296694872705,1114,0.2051103582488697,0.5,0.0,-0.06459407331947793,-0.2436197078805826,-59.35979012000001,-0.16357936558442998,128.85,-0.28701889877737935,20533248,0.0,-0.6174174254497583,0.0003,0.9579026103019714,1.0019690990447998,37643,-0.013243360281921922,0.2,0.030283943,0.29056396484375,51.70643634796143,28.379985809326172,-34.078297996520995
0.0,0.0,-0.0002685748380085155,-0.18483456458684333,0.0,6685,0.01,0.65,3074,0.4866688,0.0,-0.4102766135663757,-2.2311655277773848e-08,0.0,0.0,0.0004774301034760558,-0.5840357285301542,2.1850241576783294,-0.40371897467276086,-0.27925297434521634,-0.08546127531126822,1115,0.20314999360053046,0.5,0.0,-0.06323596921189965,-0.2441102757937471,-60.682089399999995,-0.16388459785219356,129.42,-0.28846356888736513,20551680,0.0,-0.6188319900933087,0.0003,0.9707508683204651,1.0019339323043823,37647,-0.01523344947490841,0.2,0.030183608,0.27457275390625,35.35695552825928,17.03615951538086,-34.07516365051269
0.0,0.0,-0.0001395639175354351,-0.18082816612843222,0.0,6691,0.01,0.65,3074,0.486208,0.0,-0.40869662659699757,-2.143764482946665e-08,0.0,0.0,0.0004763450188976195,-0.5802259698140125,2.1915358518760826,-0.39957149174295337,-0.2791445429177134,-0.08288545957906795,1116,0.2029746477273377,0.5,0.0,-0.061809560778166316,-0.24123940170603453,-58.81436001,-0.16360265733634502,127.57,-0.28722052469661347,20570112,0.0,-0.6170269487157218,0.0003,0.9591984748840332,1.0019176006317139,37651,-0.013203424774110318,0.2,0.033050466,0.29600830078125,50.68619155883789,20.86594581604004,-34.07725601196289
0.0,0.0,-0.00024009730266335316,-0.18186441275561405,0.0,6697,0.01,0.65,3074,0.48574720000000005,0.0,-0.40741144494692033,-2.1280060725503097e-08,0.0,0.0,0.0004937061199194028,-0.5855578725341378,2.192692505553139,-0.40320314752675007,-0.2793210293630579,-0.08488579900837136,1117,0.2038027245895569,0.5,0.0,-0.06296000513432108,-0.24157146606739927,-59.65081469,-0.1632407189455072,126.55,-0.28643520060259375,20588544,0.0,-0.6173052904016945,0.0003,0.9629203081130981,1.001581072807312,37655,-0.014964547206182033,0.2,0.024847468,0.2368408203125,46.95515155792236,21.676122665405273,-34.07217102050781
0.0,0.0,-0.0001723798470943385,-0.1832439579821741,0.0,6703,0.01,0.65,3074,0.4852864,0.0,-0.41153539137798056,-2.2347161841803068e-08,0.0,0.0,0.00045355854349003895,-0.584909953616152,2.1874388166380445,-0.40704487039843945,-0.27929489906982297,-0.0838306456954937,1118,0.20449541908718108,0.5,0.0,-0.06344520386371275,-0.2427843657202034,-59.69601972999999,-0.16378223831751826,128.0,-0.2880648286224512,20606976,0.0,-0.6181036950163246,0.0003,0.9642471075057983,1.001489520072937,37659,-0.015091971354559064,0.2,0.028515762,0.2542236328125,45.30918807983399,20.87798500061035,-34.070038414001466
0.0,0.0,-0.00040303098935802256,-0.18658326721354987,0.0,6709,0.01,0.65,3074,0.48482559999999997,0.0,-0.40926402852756943,-2.2530684995026997e-08,0.0,0.0,0.00045898389847328264,-0.5744602606851098,2.176155208359946,-0.4086739171272196,-0.27917418025961477,-0.08397368551733368,1119,0.20540940544820807,0.5,0.0,-0.0641984066315815,-0.24388538106607516,-60.13498243000001,-0.16332819558988698,125.28,-0.2865251361798949,20625408,0.0,-0.6143299016557321,0.0003,0.9581560492515564,1.0015168190002441,37663,-0.014669907256029546,0.2,0.03285054,0.2871337890625,52.74172744750977,20.75494956970215,-34.070220375061034
0.0,0.0,-0.0003303084729713425,-0.18437353918283392,0.0,6715,0.01,0.65,3074,0.48436480000000004,0.0,-0.40709694974620875,-2.194979210276306e-08,0.0,0.0,0.00044704813303218945,-0.5835979247095029,2.2023004832591693,-0.40580908783299374,-0.2794104741695156,-0.08488085175561426,1120,0.2042479840150404,0.5,0.0,-0.06321021025473476,-0.24207778061512666,-59.910481090000005,-0.1637508038937644,130.62,-0.2865264009779802,20643840,0.0,-0.6167552984545752,0.0003,0.9568206667900085,1.002058506011963,37667,-0.013623441546224057,0.2,0.03254053,0.283935546875,55.01927509307861,29.266845703125,-34.07570571899414
0.0,0.0,-0.00027786454803887877,-0.18772583131317522,0.0,6721,0.01,0.65,3074,0.483904,0.0,-0.4070717037143803,-2.210290427478444e-08,0.0,0.0,0.00048068530870498053,-0.5886305581517615,2.173597897059225,-0.40790569556208234,-0.27902929062930126,-0.08283785672998632,1121,0.20080345372327807,0.5,0.0,-0.06601813868862853,-0.23925279634266897,-59.82693124,-0.16267313655030635,124.69,-0.2896797988134244,20662272,0.0,-0.6179528817280774,0.0003,0.9692064523696899,1.0028812885284424,37671,-0.013922048034146428,0.2,0.03463674,0.32059326171875,38.77279396057129,18.687015533447266,-34.083866119384766
0.0,0.0,-0.00022039526271223504,-0.18249746604728445,0.0,6727,0.01,0.65,3074,0.48344319999999996,0.0,-0.4062232403642044,-2.2180960328638946e-08,0.0,0.0,0.00046115406763015524,-0.5806163926029977,2.1961634687184226,-0.4044363136184532,-0.279139024701909,-0.08469245347807693,1122,0.20532615100984167,0.5,0.0,-0.06294413103947877,-0.24103952087523217,-58.737231279999996,-0.16346944458175214,127.74,-0.28582162913476933,20680704,0.0,-0.6160984439016091,0.0003,0.9632864594459534,1.0026837587356567,37675,-0.01231068149791099,0.2,0.039662752,0.33016357421875,46.7187255859375,22.28460693359375,-34.0858980178833
0.0,0.0,-0.00021986624994026576,-0.1841160276232888,0.0,6733,0.01,0.65,3074,0.48298240000000003,0.0,-0.40530226252428403,-2.2370475442684942e-08,0.0,0.0,0.00046983459873849317,-0.5779619566014572,2.173344177878889,-0.40063686603287624,-0.27898223340764,-0.08349056685534745,1123,0.2024563924685678,0.5,0.0,-0.06287377710787392,-0.23821919414514367,-60.27154308000001,-0.16335688968527076,126.07,-0.28884279261971835,20699136,0.0,-0.6173256733263589,0.0003,0.9675707817077637,1.0023878812789917,37679,-0.014741831948049367,0.2,0.035783164,0.32608642578125,40.084950637817386,16.033369064331055,-34.08079833984375
0.0,0.0,-0.00023305875718300945,-0.1835388534934655,0.0,6739,0.01,0.65,3074,0.4825216,0.0,-0.4051963650400902,-2.1993835593034106e-08,0.0,0.0,0.00048719571916283004,-0.5826036333354366,2.1840448777234345,-0.40267198013489464,-0.2789554675128679,-0.08292036659519905,1124,0.20070378734419406,0.5,0.0,-0.0637931152438867,-0.23798183770811437,-60.40303567,-0.16304990637086972,126.0,-0.287707693954229,20717568,0.0,-0.6163147092069334,0.0003,0.9570832252502441,1.0026447772979736,37683,-0.012769506522454321,0.2,0.037709378,0.29263916015625,53.62398223876953,27.186695098876953,-34.08400459289551
0.0,0.0,-0.00010405850188615334,-0.18281397384405648,0.0,6745,0.01,0.65,3074,0.48206079999999996,0.0,-0.4061857065418811,-2.2343958277966625e-08,0.0,0.0,0.0004481331982080721,-0.5841396086512627,2.185157994744277,-0.4106702004692195,-0.2791956644545859,-0.08297730937708031,1125,0.20226098237424137,0.5,0.0,-0.06456072526496653,-0.24016939778809107,-60.59322229,-0.16359329726018698,128.38,-0.28877325668943876,20736000,0.0,-0.619496663879846,0.0003,0.9665694236755371,1.0016541481018066,37686,-0.007568260987422296,0.2,0.04378316,0.3064662388392857,41.69004821777344,23.08934211730957,-34.07367079598563
0.0,0.0,-0.00017798514718940357,-0.18644929008944156,0.0,6751,0.01,0.65,3074,0.48160000000000003,0.0,-0.4038925897716072,-2.2148920123003947e-08,0.0,0.0,0.00048719570946155325,-0.5781836145308183,2.1604853303232523,-0.4010302266515967,-0.2793328858070731,-0.08348969784503243,1126,0.20176208912052676,0.5,0.0,-0.06334501392231112,-0.2377846775313196,-62.5683052,-0.16279810775617057,120.84,-0.28942820100950656,20754432,0.0,-0.6176454102618805,0.0003,0.9696170687675476,1.002457618713379,37690,-0.01335079213604331,0.2,0.038013704,0.3276123046875,37.34497623443603,19.287948608398438,-34.08199272155762
0.0,0.0,-0.00024106981449380016,-0.18190157571460444,0.0,6757,0.01,0.65,3074,0.4811392,0.0,-0.39867994713823446,-2.0794668219265373e-08,0.0,0.0,0.0005110672112399092,-0.5661946758230219,2.1637328230786643,-0.3872524837585555,-0.2796320816597518,-0.08212670153455265,1127,0.20114290693071407,0.5,0.0,-0.05987472177607811,-0.2337992352299508,-58.26677287000001,-0.16276759203681967,121.23,-0.2871828604721054,20772864,0.0,-0.6150644366818787,0.0003,0.9481745958328247,1.0021395683288574,37694,-0.014943341992329806,0.2,0.0345873,0.30821533203125,65.69806156158447,36.023406982421875,-34.07674980163574
0.0,0.0,-0.00022409809574127146,-0.18185989550747994,0.0,6763,0.01,0.65,3074,0.48067839999999995,0.0,-0.40265870182657787,-2.107293280451656e-08,0.0,0.0,0.0004839405139339053,-0.5647944396187986,2.169691961189626,-0.39474973478111675,-0.2793322932703162,-0.08317672681840776,1128,0.20246737604906173,0.5,0.0,-0.06059496171393229,-0.2359059428370169,-62.32660167,-0.16272508186353887,117.04,-0.2862361591265218,20791296,0.0,-0.6174026325642078,0.0003,0.9461929798126221,1.0019848346710205,37698,-0.015139449737034738,0.2,0.03301376,0.2739013671875,65.15239849090577,29.29474639892578,-34.0759090423584
0.0,0.0,-0.0001938416283837628,-0.17849177646241773,0.0,6769,0.01,0.65,3074,0.4802176,0.0,-0.40129117176079226,-2.0665680956598428e-08,0.0,0.0,0.0005164925953269833,-0.560310037033184,2.1810583335161473,-0.39387891941879205,-0.2793081203256503,-0.08368711089237262,1129,0.20460087306849462,0.5,0.0,-0.05978492445010854,-0.2351687300532398,-58.50588538000001,-0.16338710044479213,122.12,-0.28575974102046087,20809728,0.0,-0.6178996929855772,0.0003,0.9454784393310547,1.002011775970459,37702,-0.01651041249278933,0.2,0.030098591,0.25950927734375,65.16328315734863,35.1356315612793,-34.07684688568115
0.0,0.0,-0.0001755428788543855,-0.18225094293673572,0.0,6775,0.01,0.65,3074,0.4797568,0.0,-0.40484581500859185,-2.2045027533595706e-08,0.0,0.0,0.0004654943283336858,-0.5659942601607508,2.1814546577514005,-0.4036693559287717,-0.27962154679106727,-0.08463966629514343,1130,0.20362128120388515,0.5,0.0,-0.06306665250764389,-0.23801617899592406,-58.95247144,-0.16338870901367106,123.94,-0.2867136294815193,20828160,0.0,-0.6201264610860217,0.0003,0.9643775820732117,1.0014824867248535,37706,-0.01450440096668899,0.2,0.03710794,0.30853271484375,42.31257858276367,17.12872886657715,-34.06922454833985
0.0,0.0,-0.00020629989528124615,-0.18265501652061483,0.0,6781,0.01,0.65,3074,0.47929600000000006,0.0,-0.40420032585980636,-2.205881533169495e-08,0.0,0.0,0.0004492182730852316,-0.5643808384367228,2.1750489415076766,-0.39805134078129534,-0.279466000191653,-0.08552134290126955,1131,0.20477160661921107,0.5,0.0,-0.06135200578065753,-0.23813310470488785,-58.83818804,-0.16467085031135242,121.91,-0.28557875243411623,20846592,0.0,-0.6183343423447907,0.0003,0.9657618999481201,1.0021686553955078,37710,-0.012411718349903822,0.2,0.035006367,0.31104736328125,41.73260688781738,24.604557037353516,-34.0758602142334
0.0,0.0,-0.00020409227751063024,-0.18095936690624592,0.0,6787,0.01,0.65,3074,0.4788352,0.0,-0.40331445964712587,-2.1907036217585384e-08,0.0,0.0,0.00048285543905674585,-0.5670424699750122,2.1839390161831966,-0.3999024160540081,-0.279395708907602,-0.08456157180648123,1132,0.20528990187235002,0.5,0.0,-0.06143627515708331,-0.23836628293342496,-56.71406145,-0.16463236987644336,130.57,-0.2860176424242418,20865024,0.0,-0.6187605596536343,0.0003,0.9581299424171448,1.0025614500045776,37714,-0.014397691166959704,0.2,0.034778148,0.30030517578125,51.349425315856934,28.94009780883789,-34.08394527435303
0.0,0.0,-0.00012042999437890601,-0.18289111957443843,0.0,6793,0.01,0.65,3074,0.4783744,0.0,-0.40258341761478994,-2.1159413188013773e-08,0.0,0.0,0.0005002165303772523,-0.5758013013731911,2.186109245784534,-0.40324038493518993,-0.2793975777989386,-0.08246964049867107,1133,0.20387920689804723,0.5,0.0,-0.06305588031285508,-0.23856073367455213,-57.22964558,-0.16331299773229063,128.36,-0.28589921061702905,20883456,0.0,-0.6167365145025282,0.0003,0.9774689078330994,1.0018811225891113,37718,-0.01420475785723991,0.2,0.043414563,0.3202311197916667,26.809207916259766,13.476883888244629,-34.07639079623752
0.0,0.0,-0.00012404709629868448,-0.1842134394767393,0.0,6799,0.01,0.65,3074,0.47791360000000005,0.0,-0.40465046563144375,-2.238804300118501e-08,0.0,0.0,0.00044704813303218945,-0.5748136265175348,2.167685375748322,-0.40686848937473025,-0.27936218803569046,-0.08358303232128633,1134,0.20336228649777138,0.5,0.0,-0.06418507405141546,-0.2405462424521727,-59.80862637999999,-0.16421930525927378,125.66,-0.28748287881629725,20901888,0.0,-0.617310167555732,0.0003,0.9761437773704529,1.0025014877319336,37722,-0.014208531827898696,0.2,0.03983503,0.34033203125,28.807505512237547,15.009251594543457,-34.08171195983887
0.0,0.0,-0.00021414264559326495,-0.18023160802406127,0.0,6805,0.01,0.65,3074,0.4774528,0.0,-0.40734143254739713,-2.208765312607997e-08,0.0,0.0,0.00043945266709973413,-0.5790074343704181,2.17229841012745,-0.4068854747008538,-0.2791465716379045,-0.08348765395020616,1135,0.20129570255885534,0.5,0.0,-0.06397174795352499,-0.23904080960308086,-63.231543529999996,-0.1639773590397519,121.35,-0.2872037485418221,20920320,0.0,-0.6127536538333674,0.0003,0.9582353830337524,1.0026077032089233,37726,-0.011750635714270175,0.2,0.03985083,0.351611328125,52.177884101867676,21.492761611938477,-34.08316345214844
0.0,0.0,-0.00012250632081646626,-0.18357409823655638,0.0,6811,0.01,0.65,3073,0.47699199999999997,0.0,-0.4051912725027538,-2.194544830395656e-08,0.0,0.0,0.0004470481427334663,-0.570027249218148,2.164874173624206,-0.3983728029515545,-0.2790994382708425,-0.08459856572031825,1136,0.20140662897722392,0.5,0.0,-0.062381085849065515,-0.2379419001801249,-60.55274651999999,-0.16445171081616,124.8,-0.28727950738164654,20938752,0.0,-0.6158269786313568,0.0003,0.9529422521591187,1.0024237632751465,37730,-0.012142492178827523,0.2,0.03389066,0.30076904296875,57.508857345581056,25.838130950927734,-34.08250770568848
0.0,0.0,-0.0001186907537444459,-0.18611499101291043,0.0,6817,0.01,0.65,3073,0.47653120000000004,0.0,-0.40510896701121524,-2.162253514865894e-08,0.0,0.0,0.0005023866704302944,-0.5714570275869824,2.1653333125420864,-0.4035605489318419,-0.2793530824760424,-0.082732677970039,1137,0.20181397146783076,0.5,0.0,-0.06395264224494472,-0.23956154373708013,-60.93645889000001,-0.16510936445936497,121.74,-0.2871462441012718,20957184,0.0,-0.6162127552559684,0.0003,0.9579124450683594,1.0027401447296143,37734,-0.01561725155916065,0.2,0.033823498,0.2744873046875,49.530633735656735,26.18564796447754,-34.08354377746582
0.0,0.0,-0.00024039297709438232,-0.18729109017095613,0.0,6823,0.01,0.65,3074,0.4760704,0.0,-0.40802423880047806,-2.2677685108281428e-08,0.0,0.0,0.00047417489824713103,-0.570125663759299,2.164117266322175,-0.414615944937807,-0.27939310890961,-0.08362810655021466,1138,0.20300753259321552,0.5,0.0,-0.0665066486452603,-0.24222737584296217,-59.513718399999995,-0.1647412459061518,126.61,-0.2872106905009375,20975616,0.0,-0.6155780158403084,0.0003,0.9566982388496399,1.0028278827667236,37738,-0.014231492090038956,0.2,0.036230445,0.32440185546875,53.89257125854492,25.06252098083496,-34.08746452331543
0.0,0.0,-0.0001436586032136506,-0.1803293533405919,0.0,6829,0.01,0.65,3073,0.47560959999999997,0.0,-0.40421067750999834,-2.0982128763544053e-08,0.0,0.0,0.0004850255597072343,-0.5640166715075096,2.1721778039703876,-0.39456618479918953,-0.2788144909561121,-0.08361114168484035,1139,0.20293121862036928,0.5,0.0,-0.061314051300541,-0.23658077813384948,-59.034660419999994,-0.1639880219187442,122.1,-0.28469471214339337,20994048,0.0,-0.6169673014391246,0.0003,0.9676106572151184,1.0022015571594238,37742,-0.016311523830518128,0.2,0.037542187,0.3263916015625,40.52764663696289,25.233631134033203,-34.08014335632324
0.0,0.0,-0.00011494603476153053,-0.18687333831978742,0.0,6835,0.01,0.65,3073,0.47514880000000004,0.0,-0.405502034594728,-2.273742885006242e-08,0.0,0.0,0.0005045568298858901,-0.5814141335978777,2.1806514917256394,-0.41600926355867274,-0.2797665490097532,-0.08311115686658704,1140,0.20205734672142445,0.5,0.0,-0.06750936895991427,-0.24048116972413341,-61.158532730000005,-0.16422931415687222,127.38,-0.2858236529976989,21012480,0.0,-0.6115962706715697,0.0003,0.9649103879928589,1.0021557807922363,37746,-0.01602102881297469,0.2,0.03591491,0.28553466796875,41.09995288848877,17.06745147705078,-34.07682304382324
0.0,0.0,-0.0001277854199266916,-0.1849311140155356,0.0,6841,0.01,0.65,3074,0.474688,0.0,-0.4057581505870028,-2.2674371340382596e-08,0.0,0.0,0.00048719571916283004,-0.5719268171206578,2.1709317067299927,-0.4143163494103777,-0.2794342771334417,-0.08496191077268658,1141,0.20277432859364858,0.5,0.0,-0.06640379274224252,-0.23840792329418672,-59.45413587,-0.16411379421835065,126.47,-0.2856834616110193,21030912,0.0,-0.6149889412040039,0.0003,0.96661776304245,1.0013799667358398,37749,-0.008256053193830527,0.2,0.04204318,0.2682917668269231,41.3222175011268,20.932098388671875,-34.068274571345405
0.0,0.0,-0.0001441177547564264,-0.18422260310717908,0.0,6847,0.01,0.65,3074,0.47422719999999996,0.0,-0.40800345596266124,-2.1749437826428138e-08,0.0,0.0,0.0004991314943052001,-0.5551892649986395,2.165624995484887,-0.4034089817873739,-0.2797866618879787,-0.0825958912855055,1142,0.2033989259899535,0.5,0.0,-0.06338508698976923,-0.23829529130751562,-59.606235210000015,-0.16452276603646374,121.92,-0.28554267940261785,21049344,0.0,-0.6125357861923151,0.0003,0.9696252942085266,1.0021767616271973,37753,-0.011739873240003362,0.2,0.045057736,0.336761474609375,38.18393087387085,20.521896362304688,-34.0800986289978
0.0,0.0,-0.00014577789550894143,-0.18077843485044573,0.0,6853,0.01,0.65,3074,0.47376640000000003,0.0,-0.40615904204975584,-2.2134972963793938e-08,0.0,0.0,0.0004991314652013696,-0.5576570223683781,2.1797769919247787,-0.4055727257044468,-0.27958113507959825,-0.0841640352660929,1143,0.20520812550472164,0.5,0.0,-0.06299269108972023,-0.23798204561029598,-57.057321159999994,-0.16450905105796998,123.64,-0.283534591350753,21067776,0.0,-0.6153643192096252,0.0003,0.9607928395271301,1.0017468929290771,37756,-0.008899940053621928,0.2,0.041193508,0.28074544270833335,49.90869115193685,27.67799949645996,-34.07534484863281
0.0,0.0,-0.0001040993987885698,-0.182450789655059,0.0,6859,0.01,0.65,3074,0.4733056,0.0,-0.4107129070162098,-2.1691804083028304e-08,0.0,0.0,0.00048828075523488224,-0.5668339042507419,2.1692892021213335,-0.4065586715126876,-0.28006828724007654,-0.08442037014490274,1144,0.20287422633503588,0.5,0.0,-0.0631480671345322,-0.2382022558020625,-60.500796199999996,-0.1644634708630097,121.72,-0.28623290519786754,21086208,0.0,-0.6146440650213962,0.0003,0.9728884696960449,1.0030733346939087,37760,-0.013451738306321204,0.2,0.043706767,0.34970703125,32.99001302719116,17.705249786376953,-34.08692054748535
0.0,0.0,-0.0001312635881498081,-0.18317421493857336,0.0,6865,0.01,0.65,3074,0.47284479999999995,0.0,-0.40604965535444976,-2.169687033132509e-08,0.0,0.0,0.0004796002144252674,-0.5663490255687449,2.1812102513130966,-0.4059735656273616,-0.27993569966407206,-0.0838002451967069,1145,0.2057568952431289,0.5,0.0,-0.06383167558778434,-0.23780093318607254,-59.45483553000001,-0.1643359993757786,124.34,-0.28480467109093405,21104640,0.0,-0.6170502540282969,0.0003,0.9636796116828918,1.0009336471557617,37762,-0.002636374905705452,0.2,0.038918704,0.25244140625,47.332773208618164,22.839941024780273,-34.06431198120117
0.0,0.0,-0.00011127543542600892,-0.18412883772039276,0.0,6871,0.01,0.65,3074,0.472384,0.0,-0.4103651822447103,-2.138661009964222e-08,0.0,0.0,0.0004947911947965622,-0.5718544313541167,2.1575496178554,-0.4027745867009918,-0.2798163913179105,-0.08482521588532363,1146,0.2018778176373442,0.5,-1.953120550347699e-05,-0.06404944232083294,-0.23611278518698453,-62.47626150000001,-0.16410643751772147,122.66,-0.2871775028364277,21123072,0.0,-0.6146352245019058,0.0003,0.9758069515228271,1.0008931159973145,37764,0.00240716605912894,0.2,0.042841528,0.269683837890625,30.623250007629395,14.11067008972168,-34.06423568725586
0.0,0.0,-7.542524747186965e-05,-0.1845032950500631,0.0,6877,0.01,0.65,3074,0.4719232,0.0,-0.4099011932953133,-2.2280867169122714e-08,0.0,0.0,0.00046223908429965377,-0.5683556420975138,2.1608923180948834,-0.4061848325553677,-0.279483509606415,-0.08440501934332592,1147,0.20205485675106394,0.5,0.0,-0.06479450186259515,-0.2359446329524491,-62.622105299999994,-0.1640720238059547,120.24,-0.28730224856086534,21141504,0.0,-0.614125564970938,0.0003,0.964238166809082,1.0021626949310303,37768,-0.013426452514249832,0.2,0.041726198,0.35509033203125,43.96605472564697,23.160255432128906,-34.079098510742185
0.0,0.0,-7.85359668242142e-05,-0.18124282029340139,0.0,6883,0.01,0.65,3074,0.47146239999999995,0.0,-0.4087534815917916,-2.119783234516883e-08,0.0,0.0,0.0004785151492493848,-0.5591288649177045,2.1619757879382293,-0.40009935126259033,-0.27955918969337246,-0.08372098566483438,1148,0.2014578252196809,0.5,0.0,-0.0627424214958799,-0.23403806782797767,-60.73698302,-0.16454292455896385,120.28,-0.28504588185987967,21159936,0.0,-0.6154140142148447,0.0003,0.9521820545196533,1.0021030902862549,37772,-0.014284658269025386,0.2,0.03884501,0.296142578125,58.202239227294925,22.2950382232666,-34.07812442779541
0.0,0.0,-7.059950830823035e-05,-0.18515397422135263,0.0,6889,0.01,0.65,3074,0.4710016,0.0,-0.40598455241345177,-2.200328936530913e-08,0.0,0.0,0.0004796002144252674,-0.5599748837535479,2.1722191552239227,-0.40888377794842035,-0.28004010387238737,-0.08479692471120187,1149,0.20330193592928839,0.5,0.0,-0.06500208187747025,-0.23597049994094593,-59.369981800000005,-0.1636261405321463,122.16,-0.2846490326337965,21178368,0.0,-0.6181763026435904,0.0003,0.9563917517662048,1.0019102096557617,37776,-0.016752715758047997,0.2,0.03314543,0.30335693359375,52.5956169128418,18.64341926574707,-34.075994682312015
0.0,0.0,-7.127624640206446e-05,-0.1814835404906054,0.0,6895,0.01,0.65,3074,0.4705408,0.0,-0.4073088676248376,-2.1889332895947133e-08,0.0,0.0,0.0004958762890762753,-0.5586322008634548,2.1847041534588363,-0.403040619102982,-0.2798294887070015,-0.0846244636216922,1150,0.2052895457360655,0.5,0.0,-0.06253151375503932,-0.23527498718529488,-58.003850729999996,-0.16354949363940802,123.53,-0.28308076447381836,21196800,0.0,-0.618080415735824,0.0003,0.9683697819709778,1.002389907836914,37780,-0.013196754490491003,0.2,0.03813324,0.349755859375,39.10737581253052,19.401992797851562,-34.08106002807617
0.0,0.0,-6.0537865703536106e-05,-0.18318175952883398,0.0,6901,0.01,0.65,3074,0.47008000000000005,0.0,-0.4095649673162175,-2.1981231715257733e-08,0.0,0.0,0.0004720047387915353,-0.57228218835273,2.1720625699315255,-0.4116063166459346,-0.2798235132666344,-0.08411185174786107,1151,0.20135820557962592,0.5,0.0,-0.06565228301901128,-0.23583266078781373,-60.09234146,-0.164315933304933,123.85,-0.28779064375144187,21215232,0.0,-0.6160562588497521,0.0003,0.9737966656684875,1.0021624565124512,37784,-0.01356371418805793,0.2,0.043202907,0.34940185546875,30.94174757003784,10.878763198852539,-34.077684211730954
0.0,0.0,-0.00010732286109374791,-0.18563987281444166,0.0,6907,0.01,0.65,3074,0.4696192,0.0,-0.4074860243258511,-2.1688213357839323e-08,0.0,0.0,0.000526258181909927,-0.5613393898113856,2.156162414561989,-0.4022080096422392,-0.27988374987471465,-0.08437451589007568,1152,0.20293493951492653,0.5,0.0,-0.0635887222909031,-0.2324438638123575,-62.19066282000001,-0.16371806740702086,117.74,-0.28519917536786094,21233664,0.0,-0.6165019016185969,0.0003,0.9722030162811279,1.0011167526245117,37786,0.00031780842174258496,0.2,0.04014859,0.2851291232638889,34.651633156670464,16.235706329345703,-34.06752734714084
0.0,0.0,-0.00010614697660939255,-0.18348560282518778,0.0,6913,0.01,0.65,3074,0.4691584,0.0,-0.4088557580224272,-2.1624661356316335e-08,0.0,0.0,0.0004926210450422433,-0.5623968772824913,2.176715434288821,-0.4067996298604118,-0.2798909620140033,-0.08461140094271674,1153,0.2033519834772618,0.5,0.0,-0.06487491659359719,-0.23585767045396855,-60.93766247000001,-0.16356426352691134,119.81,-0.28489964535985696,21252096,0.0,-0.6165659534624709,0.0003,0.9501779675483704,1.002685785293579,37790,-0.01304573118686676,0.2,0.03775286,0.32572021484375,61.299861907958984,26.533411026000977,-34.085904121398926
0.0,0.0,-0.00019135546562839146,-0.18506063856690613,0.0,6919,0.01,0.65,3074,0.46869760000000005,0.0,-0.404484106678831,-2.153189300832539e-08,0.0,0.0,0.0005067269602376553,-0.5537375550749363,2.1646570418260946,-0.40211113976658114,-0.2798725644809143,-0.0848086779359284,1154,0.2033978632097645,0.5,0.0,-0.06369214475882137,-0.2332389153626713,-59.09396378999999,-0.1633657702595203,123.28,-0.28198671532195846,21270528,0.0,-0.6151438289382237,0.0003,0.9595334529876709,1.0026893615722656,37794,-0.01437716968357563,0.2,0.039492052,0.31190185546875,48.439588737487796,25.00714683532715,-34.0840482711792
0.0,0.0,-0.00010774323103737623,-0.1861065617120798,0.0,6925,0.01,0.65,3074,0.4682368,0.0,-0.4077399039986888,-2.1849633742372484e-08,0.0,0.0,0.00046766445868545107,-0.5574356137195804,2.155080774428951,-0.40448536677035885,-0.2798419555143622,-0.08395811834524193,1155,0.20265935690996117,0.5,0.0,-0.0649453894018343,-0.2334505769294309,-60.243194880000004,-0.16323674374852615,122.1,-0.2842021005721989,21288960,0.0,-0.6139408275088651,0.0003,0.9675883054733276,1.0023537874221802,37798,-0.014646140474360437,0.2,0.03436734,0.300439453125,39.0859899520874,22.21487045288086,-34.081495094299314
0.0,0.0,-0.00017376426733828887,-0.1866455065457053,0.0,6931,0.01,0.65,3074,0.46777599999999997,0.0,-0.4049893359804319,-2.192063720623849e-08,0.0,0.0,0.00048394047512879805,-0.5578797041530594,2.15907703555899,-0.4051187795448455,-0.279921891052605,-0.08309887038259106,1156,0.20150386073582685,0.5,0.0,-0.06532533776853303,-0.2310038155070786,-60.15750851000001,-0.16302166605455365,118.86,-0.28688030210902205,21307392,0.0,-0.6132359405553954,0.0003,0.9502270221710205,1.0021239519119263,37802,-0.014183891762513667,0.2,0.034784894,0.318603515625,61.99788284301758,30.379308700561523,-34.07869052886963
0.0,0.0,-0.00013660458873256215,-0.18691233066883128,0.0,6937,0.01,0.65,3074,0.46731520000000004,0.0,-0.4039214518509064,-2.1805318401404048e-08,0.0,0.0,0.0005316835368931708,-0.5501296002663554,2.157075654879352,-0.4042668037609527,-0.2798883524890676,-0.08372985740733023,1157,0.20580647414396025,0.5,0.0,-0.06371505938805783,-0.23230046381472125,-59.29265315999999,-0.16317887003373924,123.04,-0.2839189594724712,21325824,0.0,-0.6129239651175176,0.0003,0.9597036838531494,1.0018627643585205,37806,-0.014933798217680306,0.2,0.02993549,0.27530517578125,47.834757804870605,21.797927856445312,-34.07517929077149
0.0,0.0,-0.00020450837995959753,-0.18103971877765235,0.0,6943,0.01,0.65,3074,0.4668544,0.0,-0.4053361623202488,-2.1792116789361466e-08,0.0,0.0,0.0004687495044587801,-0.5582329746291173,2.180619398963115,-0.40960220442053663,-0.2797909321340706,-0.08428160466164804,1158,0.20478383665596453,0.5,0.0,-0.06450372409092843,-0.23429190580678727,-59.50128142,-0.16347434414318424,123.21,-0.28387589535835694,21344256,0.0,-0.6150640539898657,0.0003,0.959987998008728,1.0020674467086792,37810,-0.013961097737774254,0.2,0.039526924,0.2919189453125,48.62971878051758,19.469947814941406,-34.076479530334474
0.0,0.0,-0.00014470499764328347,-0.1842005991658061,0.0,6949,0.01,0.65,3074,0.46639359999999996,0.0,-0.40556228187905824,-2.1841610036854003e-08,0.0,0.0,0.0005219179406089501,-0.5595392020484156,2.139743866261176,-0.4025177494390393,-0.2801482530711827,-0.08335357817119134,1159,0.20197103379923229,0.5,0.0,-0.06371368427778203,-0.2298651361095968,-61.22345645999999,-0.163028495806091,118.51,-0.2865202871537639,21362688,0.0,-0.6129608892522678,0.0003,0.9667043685913086,1.002329707145691,37814,-0.013419155683368444,0.2,0.031875886,0.29205322265625,41.17322216033936,26.187740325927734,-34.079463958740234
0.0,0.0,-0.00015793791014609253,-0.1796281946351866,0.0,6955,0.01,0.65,3074,0.46593280000000004,0.0,-0.40601438027283415,-2.0949183769684466e-08,0.0,0.0,0.00046115404822760157,-0.5472130588624915,2.1664836614460556,-0.4023192671654535,-0.2798872109827881,-0.08382035050521078,1160,0.205645172935149,0.5,0.0,-0.06199938500826864,-0.23416147581825253,-59.02681122999999,-0.16336390280002044,120.57,-0.2819882551896197,21381120,0.0,-0.6122568017831556,0.0003,0.9438772797584534,1.0022499561309814,37818,-0.013916473789140581,0.2,0.035650186,0.28966064453125,69.46319427490235,31.838029861450195,-34.08037185668945
0.0,0.0,-0.00013381374780128573,-0.18582260319738797,0.0,6961,0.01,0.65,3074,0.465472,0.0,-0.4036652837434965,-2.2075468500359016e-08,0.0,0.0,0.000509982175167857,-0.5576896371394443,2.167448685506928,-0.41611339375409756,-0.2800869950197171,-0.08350643138218933,1161,0.2049789536179112,0.5,0.0,-0.06691732470255422,-0.23572482251828605,-57.309856720000006,-0.16331204068232855,127.1,-0.28465183876135647,21399552,0.0,-0.6138059779789469,0.0003,0.9561219215393066,1.002039909362793,37822,-0.012110220070462674,0.2,0.031598628,0.272412109375,52.934269714355466,22.930768966674805,-34.07613468170166
0.0,0.0,-0.00011234203803299279,-0.18243172420252612,0.0,6967,0.01,0.65,3074,0.46501119999999996,0.0,-0.39823172532409057,-2.124985532144901e-08,0.0,0.0,0.0005316835368931708,-0.5522721248480739,2.158843789212168,-0.3955264196934155,-0.2799216600567902,-0.08429181191544552,1162,0.2024165811660093,0.5,0.0,-0.06228907823837962,-0.22890579885474308,-60.25695244999999,-0.16337698557050104,117.61,-0.28399322996786597,21417984,0.0,-0.6123839004022162,0.0003,0.976064920425415,1.002442717552185,37826,-0.013897650281433017,0.2,0.03626301,0.2998291015625,29.873192310333252,11.211404800415039,-34.08272819519043
0.0,0.0,-0.00011143496190653,-0.18115857161040227,0.0,6973,0.01,0.65,3074,0.46455040000000003,0.0,-0.39600660976995505,-2.086598796790086e-08,0.0,0.0,0.0005230029669797255,-0.5444011900653398,2.143773080817247,-0.3879359527449956,-0.2800717648855159,-0.08279782825051442,1163,0.20158898204589187,0.5,0.0,-0.06075728076540491,-0.2239299280306946,-59.810523059999994,-0.16321068701235494,115.56,-0.28397730336407645,21436416,0.0,-0.6135265882642509,0.0003,0.9530074596405029,1.001999020576477,37830,-0.011871819687075912,0.2,0.041484553,0.32548828125,57.139987754821775,29.753055572509766,-34.07668190002441
0.0,0.0,-0.00012761606214110657,-0.18587704193176383,0.0,6979,0.01,0.65,3074,0.4640896,0.0,-0.40169504733633976,-2.1636915084072937e-08,0.0,0.0,0.0005512147973705498,-0.5573397649759011,2.1529540477501867,-0.4045209797460438,-0.2799548050011469,-0.08400823898769655,1164,0.2009581647593758,0.5,0.0,-0.06561512812318673,-0.23118047234060152,-62.46665151,-0.16282391150050773,120.8,-0.28539243357822675,21454848,0.0,-0.6118771397087328,0.0003,0.9520223140716553,1.0021418333053589,37834,-0.015014746971428395,0.2,0.03408107,0.2827880859375,60.0537467956543,29.201379776000977,-34.07731666564941
0.0,0.0,-0.00015182401623914892,-0.18455317746705202,0.0,6985,0.01,0.65,3074,0.46362879999999995,0.0,-0.3982076469879643,-2.191108799880943e-08,0.0,0.0,0.0005078119963097075,-0.5491479406811076,2.1575441723681172,-0.40223369855092916,-0.2802736732260575,-0.08430175968557684,1165,0.2038075606460842,0.5,0.0,-0.06426075349474895,-0.22980470464910147,-57.84113433,-0.16330599340081145,121.37,-0.2840439549738274,21473280,0.0,-0.6135540121970844,0.0003,0.9637537002563477,1.0017833709716797,37838,-0.014573877258226276,0.2,0.035799783,0.29864501953125,45.318332481384275,25.336090087890625,-34.07580337524414
0.0,0.0,-0.0001248815056832992,-0.17833478747249257,0.0,6991,0.01,0.65,3074,0.463168,0.0,-0.39961977823217426,-2.0681249505640776e-08,0.0,0.0,0.0005164925856257065,-0.5387357811183804,2.1580173579617195,-0.394666585757241,-0.2805995584388227,-0.083309142803952,1166,0.2035483361744722,0.5,0.0,-0.06040807699161171,-0.22932633149857898,-58.62651606999999,-0.1627460642663695,119.0,-0.2832661244457539,21491712,0.0,-0.6116025262929536,0.0003,0.9682080149650574,1.0020103454589844,37842,-0.014512131200172007,0.2,0.036322042,0.31209716796875,39.1294207572937,15.429837226867676,-34.07484760284424
0.0,0.0,-0.00011270966153089287,-0.18737866951949578,0.0,6997,0.01,0.65,3074,0.4627072,0.0,-0.40167946024838197,-2.0717216204630983e-08,0.0,0.0,0.0004991314360975391,-0.5558704028708089,2.138857731058178,-0.3965551681926426,-0.2801554804652927,-0.08338041374456062,1167,0.2011591818236375,0.5,0.0,-0.06434035287537745,-0.22893150115239624,-59.50273647,-0.16293603909386759,117.79,-0.28518095205515404,21510144,0.0,-0.612324970618516,0.0003,0.957496166229248,1.0023224353790283,37846,-0.014498650608584285,0.2,0.0340259,0.30107421875,51.987599754333495,35.11776351928711,-34.080261039733884
0.0,0.0,-0.00017545377493472251,-0.18720365309685424,0.0,7003,0.01,0.65,3074,0.46224639999999995,0.0,-0.4022894022202034,-2.2188309693318188e-08,0.0,0.0,0.000526258240117588,-0.5519764840073832,2.150774951066547,-0.41334250737443173,-0.28025703238359706,-0.08322365695415022,1168,0.2028704171026732,0.5,0.0,-0.06755296840663179,-0.23206723593245465,-59.352336050000005,-0.1628284342223261,123.39,-0.2860923949185803,21528576,0.0,-0.6106654893188806,0.0003,0.9528878927230835,1.0021032094955444,37850,-0.016022343619260936,0.2,0.029277558,0.2688232421875,59.1634859085083,28.21717071533203,-34.07872848510742
0.0,0.0,-0.00012443465546286734,-0.18063404735856964,0.0,7008,0.01,0.65,3074,0.4617856,0.0,-0.3976621005030575,-2.107800594799805e-08,0.0,0.0,0.0004698345502321091,-0.5397548046620408,2.1667554097416555,-0.40319983930840664,-0.28030528479051575,-0.085293517824237,1169,0.20603991990571396,0.5,0.0,-0.06264839694893665,-0.22911821113007827,-57.22243748000001,-0.16382644283276393,124.02,-0.2819435196287836,21547008,0.0,-0.6132888415806178,0.0003,0.9666898250579834,1.0023102760314941,37854,-0.014777033269638196,0.2,0.035667047,0.2895263671875,40.24046020507812,19.86066436767578,-34.07920627593994
0.0,0.0,-0.00016728137359837655,-0.18502537538429142,0.0,7015,0.01,0.65,3074,0.4613248,0.0,-0.40432193603324007,-2.1574091359946715e-08,0.0,0.0,0.0004416227877502226,-0.5562123597023502,2.149256904719851,-0.41030184371349443,-0.2801146188999472,-0.08624550719884877,1170,0.20419732674723273,0.5,0.0,-0.06602489181641943,-0.23251583001073087,-61.51483747,-0.16344949191274838,121.95,-0.28295528541366943,21565440,0.0,-0.6116170074950428,0.0003,0.9710448980331421,1.0024974346160889,37858,-0.012867354857735335,0.2,0.04124157,0.340478515625,34.31142044067383,18.272232055664062,-34.083255195617674
0.0,0.0,-0.00023436279981961015,-0.1831989062475329,0.0,7020,0.01,0.65,3074,0.46086400000000005,0.0,-0.40099469452017256,-2.1593971576603662e-08,0.0,0.0,0.00043619740366314846,-0.5482589821963401,2.158955768978764,-0.4078847171086659,-0.2799131543115385,-0.08676535166564557,1171,0.20484984533750047,0.5,0.0,-0.06444838957368595,-0.23299506310515986,-58.507258300000004,-0.16325107161611319,121.56,-0.28356163903089016,21583872,0.0,-0.6129806419725704,0.0003,0.9536616206169128,1.0024656057357788,37862,-0.01583258545724675,0.2,0.033684652,0.30028076171875,55.093214988708496,25.291574478149414,-34.08228607177735
0.0,0.0,-0.0001561428572984222,-0.1844657592649076,0.0,7026,0.01,0.65,3074,0.4604032,0.0,-0.402192560355746,-2.1956195343767823e-08,0.0,0.0,0.0004828553905503617,-0.5440156202781217,2.145486172967215,-0.4031632990207108,-0.2800182538524767,-0.08557514221526971,1172,0.20467726027833216,0.5,0.0,-0.0629115930784086,-0.23218400043268206,-58.95080619,-0.16383659584541255,121.67,-0.2838768371978584,21602304,0.0,-0.6144543264685157,0.0003,0.9592653512954712,1.0024282932281494,37866,-0.014498573821038007,0.2,0.036577225,0.30894775390625,49.191692161560056,23.388330459594727,-34.081363677978516
0.0,0.0,-5.699713976181569e-05,-0.18296654018658662,0.0,7032,0.01,0.65,3074,0.4599424,0.0,-0.40175456414948224,-2.1381165065798407e-08,0.0,0.0,0.00045789879449229274,-0.549615091753707,2.1373131854387393,-0.40761303429322565,-0.2798312515207367,-0.08397339816055162,1173,0.20227495691475042,0.5,0.0,-0.06423897355684645,-0.2288587905847299,-63.77568838000001,-0.162518557630209,111.52,-0.2861648571653705,21620736,0.0,-0.6151777352881463,0.0003,0.9567689895629883,1.0025252103805542,37870,-0.014200175285805017,0.2,0.03646191,0.305908203125,52.48774433135986,26.194734573364258,-34.082282829284665
0.0,0.0,-0.00029538357327423654,-0.18249427746779856,0.0,7038,0.01,0.65,3074,0.45948160000000005,0.0,-0.3994311014302705,-2.1445427428749203e-08,0.0,0.0,0.000501301585851858,-0.5433740855764819,2.1425209923111255,-0.40176883640537464,-0.28017694692772266,-0.08771139450537072,1174,0.20376449774657016,0.5,0.0,-0.0629113052422459,-0.22877933668635744,-59.67287198,-0.16321926987105712,120.85,-0.28185873994685207,21639168,0.0,-0.6116138896026505,0.0003,0.9309791326522827,1.0018752813339233,37874,-0.013414412667043508,0.2,0.025500411,0.23131103515625,81.98516750335693,39.841552734375,-34.07741374969483
0.0,0.0,-0.00023183080483633544,-0.1817672450874044,0.0,7044,0.01,0.65,3074,0.4590208,0.0,-0.4023064528043655,-2.1023647418214693e-08,0.0,0.0,0.0004600689442466117,-0.5456148537377937,2.141296971442103,-0.3993814210749653,-0.2799553358003117,-0.08623424604357134,1175,0.2031864394714611,0.5,0.0,-0.06247253608308667,-0.2285523485161224,-59.92558837999999,-0.16269462317938374,121.13,-0.28499632780750916,21657600,0.0,-0.611913563985715,0.0003,0.9551293253898621,1.0019670724868774,37878,-0.016648808540776373,0.2,0.03166914,0.27119140625,52.50528221130371,24.77199363708496,-34.07489013671875
0.0,0.0,-9.443184650478339e-05,-0.1855805045724302,0.0,7050,0.01,0.65,3074,0.45855999999999997,0.0,-0.4015835529733839,-2.1799248162699784e-08,0.0,0.0,0.0005045567910807828,-0.5497464453932531,2.157358204937576,-0.41225641072593616,-0.2800488820494451,-0.08663001565329073,1176,0.20464937634582592,0.5,0.0,-0.06656762191294384,-0.23401798175066593,-59.53770619000001,-0.16274311205093125,122.03,-0.283455074525193,21676032,0.0,-0.6093574216022306,0.0003,0.9555275440216064,1.0019874572753906,37882,-0.014638945937622338,0.2,0.03650772,0.31683349609375,53.55895881652832,27.403696060180664,-34.07713985443115
0.0,0.0,-6.961655783853641e-05,-0.1806159059397623,0.0,7056,0.01,0.65,3074,0.45809920000000004,0.0,-0.39825484759146507,-2.0598788320297604e-08,0.0,0.0,0.0005132373221891208,-0.5372739650592698,2.1407308644868106,-0.39962556207974864,-0.2800064294284981,-0.08389783528626363,1177,0.20573233799357896,0.5,0.0,-0.061133425262109325,-0.22511803006890968,-59.340839259999996,-0.1622422185212578,117.24,-0.2839618050783968,21694464,0.0,-0.612936781397797,0.0003,0.9651307463645935,1.0020413398742676,37886,-0.014983079070225358,0.2,0.03104056,0.28546142578125,41.325856590270995,21.313446044921875,-34.07654323577881
0.0,0.0,-0.00011906853238082377,-0.1844231860379129,0.0,7062,0.01,0.65,3074,0.4576384,0.0,-0.3970046463062238,-2.1474026072696648e-08,0.0,0.0,0.0004958762502711681,-0.5428992501215791,2.1452809421467265,-0.40094363853911213,-0.28039331823495145,-0.08670644037357901,1178,0.20301569041413692,0.5,0.0,-0.06365926878563744,-0.22642147360047485,-61.2317681,-0.16231058058673933,119.62,-0.28393693777310586,21712896,0.0,-0.6099719682461417,0.0003,0.9591100811958313,1.0020194053649902,37890,-0.010779343522153794,0.2,0.040040687,0.3178466796875,49.49105854034424,25.011539459228516,-34.07605457305908
0.0,0.0,-0.00023194255719131285,-0.18413900559292162,0.0,7068,0.01,0.65,3074,0.45717759999999996,0.0,-0.4015450649102114,-2.1026649530772842e-08,0.0,0.0,0.0004915359119574229,-0.5448036063389969,2.128036093928345,-0.3994890265874312,-0.2802614385851002,-0.08492585740845172,1179,0.2021343049229774,0.5,0.0,-0.06298422891221958,-0.22681571106375265,-62.852670399999994,-0.1622280778685714,114.96,-0.285356701256263,21731328,0.0,-0.6124380926464554,0.0003,0.9645770192146301,1.0020654201507568,37894,-0.015593045565765351,0.2,0.037719328,0.31253662109375,42.012986183166504,17.819618225097656,-34.07622928619385
0.0,0.0,-0.00012646460234478295,-0.18324778213495824,0.0,7074,0.01,0.65,3074,0.45671680000000003,0.0,-0.3976621687953117,-2.12789147046978e-08,0.0,0.0,0.0004709196445118222,-0.5380378596396451,2.143645942781433,-0.40606634975637007,-0.2804140433034121,-0.08565432926874529,1180,0.20439210059952811,0.5,0.0,-0.06384734180486354,-0.22698380305057433,-60.61972333,-0.16266298208821306,121.15,-0.28362606503214594,21749760,0.0,-0.6109661999669016,0.0003,0.932364284992218,1.001522421836853,37898,-0.014040134433889762,0.2,0.02825571,0.2566650390625,78.65170059204101,35.00644302368164,-34.071349716186525
0.0,0.0,-0.000187027634312302,-0.1803917062220154,0.0,7080,0.01,0.65,3074,0.456256,0.0,-0.39729184073784424,-2.109170342803595e-08,0.0,0.0,0.0005099821266614728,-0.5329414229632563,2.143485949252506,-0.3987322081175234,-0.28038507464799634,-0.08529402056837102,1181,0.20561752817797552,0.5,0.0,-0.06093624592664341,-0.22668322482300296,-58.09498992999999,-0.1624503533015378,121.02,-0.28167483457786546,21768192,0.0,-0.6160451959978636,0.0003,0.9602658748626709,1.0015642642974854,37902,-0.015637648256961255,0.2,0.027882883,0.23228759765625,46.75114440917969,25.147560119628906,-34.07067470550537
0.0,0.0,-0.00014763942222088168,-0.18289241130540396,0.0,7086,0.01,0.65,3074,0.45579519999999996,0.0,-0.39522316607637986,-2.115419380750151e-08,0.0,0.0,0.00046332413007298275,-0.5346399293005926,2.1410591462811137,-0.3993644828524594,-0.2805184380973101,-0.08609916659437564,1182,0.20406323798021922,0.5,0.0,-0.06294830682479355,-0.22418036333779026,-60.45520491,-0.1619060358067399,122.71,-0.28359680961089834,21786624,0.0,-0.6126881860242137,0.0003,0.9534597992897034,1.0023468732833862,37906,-0.015575655340217053,0.2,0.036467265,0.3177490234375,54.71686992645264,25.58709716796875,-34.0795394897461
0.0,0.0,-0.0002745521758421768,-0.18785329816833143,0.0,7092,0.01,0.65,3074,0.45533440000000003,0.0,-0.3975732340095193,-2.1513765098278193e-08,0.0,0.0,0.0005284282928591387,-0.5486674915076618,2.152851876681989,-0.41587364722425885,-0.28078557763640627,-0.08470653525128545,1183,0.2050544145895887,0.5,0.0,-0.06688469776531257,-0.22886487235233444,-59.902749560000004,-0.16145989107224298,124.2,-0.28519794999267123,21805056,0.0,-0.6106700327902727,0.0003,0.9647845029830933,1.0020251274108887,37910,-0.015221533877775074,0.2,0.033419497,0.28687744140625,41.43784770965576,22.165334701538086,-34.07660446166992
0.0,0.0,-0.00026865408721661556,-0.18413776624634431,0.0,7098,0.01,0.65,3074,0.4548736,0.0,-0.39412578205517856,-2.0700385055088598e-08,0.0,0.0,0.00046983454053083225,-0.5472196613772684,2.141663511647411,-0.4032516967649442,-0.28045671634639024,-0.08524431439157365,1184,0.20134674330056873,0.5,0.0,-0.06498013044284828,-0.22386226045507718,-61.35279188,-0.16206380992553499,121.22,-0.28600565501217207,21823488,0.0,-0.6078291245067313,0.0003,0.9766337871551514,1.002313494682312,37914,-0.013019061298109591,0.2,0.03508527,0.3243896484375,27.894937133789064,11.395689964294434,-34.078114891052245
0.0,0.0,-0.00014868577374235205,-0.18509329360359922,0.0,7104,0.01,0.65,3074,0.45441279999999995,0.0,-0.39450422332872376,-2.1433046910834872e-08,0.0,0.0,0.0004947911074850708,-0.5421786570296855,2.1460948382664555,-0.40740936296932306,-0.28067598551490824,-0.08607987533856575,1185,0.2042583959431338,0.5,0.0,-0.06410036011518051,-0.2255813599506834,-59.82340621,-0.1619052746461038,123.01,-0.2835148265478681,21841920,0.0,-0.6095383658711464,0.0003,0.9582683444023132,1.0022345781326294,37918,-0.013366625673370436,0.2,0.0325178,0.29083251953125,49.6987211227417,20.837434768676758,-34.08038101196289
0.0,0.0,-0.0002279169425159312,-0.18688029776313533,0.0,7110,0.01,0.65,3074,0.453952,0.0,-0.3961187894823999,-2.143815768517252e-08,0.0,0.0,0.0005360237587915941,-0.5375792760008968,2.146870246173263,-0.4079236359641528,-0.2803886455514535,-0.08728080176411088,1186,0.20624076580156278,0.5,0.0,-0.0654323031909091,-0.22584148364836976,-60.464489869999994,-0.16227424735611778,123.44,-0.28312728898845874,21860352,0.0,-0.6106713734398146,0.0003,0.9677689075469971,1.002299189567566,37922,-0.012129949021618814,0.2,0.04334026,0.3264404296875,38.265198135375975,16.386335372924805,-34.078805160522464
0.0,0.0,-0.00023373747803962555,-0.1872541599341268,0.0,7116,0.01,0.65,3074,0.4534912,0.0,-0.3990627037819012,-2.121157779574715e-08,0.0,0.0,0.0004535584561785476,-0.5436634819483014,2.121349711302459,-0.40554181427737296,-0.2803145767659164,-0.08611024922498271,1187,0.1996035379433789,0.5,0.0,-0.06638380364546366,-0.2244427634181301,-63.23105114999999,-0.16117584115333958,115.81,-0.2858563221138354,21878784,0.0,-0.6083018886070707,0.0003,0.9740048050880432,1.0018894672393799,37926,-0.013080866024312045,0.2,0.04291585,0.3336046006944444,31.63362322913276,14.776192665100098,-34.07669427659776
0.0,0.0,-0.0002032597753907544,-0.18601836088064913,0.0,7122,0.01,0.65,3074,0.45303040000000006,0.0,-0.3962677643507441,-2.074217676830852e-08,0.0,0.0,0.0004926209771333055,-0.5401110463812571,2.141039803580929,-0.4126501082073643,-0.2804874239861598,-0.0858950793637889,1188,0.20398841779681326,0.5,0.0,-0.06655328723691781,-0.2254736611775141,-62.43839457,-0.16091802894359758,115.86,-0.2840153253184086,21897216,0.0,-0.6098755960040662,0.0003,0.9431507587432861,1.0018819570541382,37930,-0.01367330887587741,0.2,0.036125235,0.302392578125,69.83787479400635,32.27232360839844,-34.076455688476564
0.0,0.0,-7.490124497308649e-05,-0.18671106708790977,0.0,7128,0.01,0.65,3074,0.4525696,0.0,-0.39199395347275884,-2.0651525217210415e-08,0.0,0.0,0.000530598423210904,-0.5351576331838405,2.14514101895134,-0.4053317518507641,-0.2804261900293216,-0.08398977439660117,1189,0.20490492887744416,0.5,0.0,-0.06523886329604194,-0.22343093708638254,-58.63072999999999,-0.16086892322616822,120.23,-0.2829545758441832,21915648,0.0,-0.611101386294947,0.0003,0.9498367309570312,1.0018389225006104,37934,-0.012598235614132137,0.2,0.028281536,0.246435546875,60.53706436157226,33.546390533447266,-34.0740888595581
0.0,0.0,-0.00046901782816754324,-0.1804992673255981,0.0,7134,0.01,0.65,3074,0.4521088,0.0,-0.39660634436391284,-2.042021793020105e-08,0.0,0.0,0.0005240880224543313,-0.5332982353229336,2.144051369347368,-0.4064853103629181,-0.2807742833155363,-0.08544885763787985,1190,0.2054311052433491,0.5,0.0,-0.06227158938888227,-0.22669903622720028,-59.79454396,-0.16156959494588208,120.25,-0.2818530829818759,21934080,0.0,-0.6151475340303622,0.0003,0.9696968793869019,1.0021953582763672,37938,-0.013599728839471937,0.2,0.034854386,0.2772705078125,33.559403800964354,12.147634506225586,-34.07784233093262
0.0,0.0,-0.00011420126066071125,-0.18714897790385865,0.0,7140,0.01,0.65,3074,0.45164800000000005,0.0,-0.39107003391934075,-2.063612133151843e-08,0.0,0.0,0.0004676643519714061,-0.5395414748490586,2.126321620488877,-0.40338498007176166,-0.2802813237235884,-0.08572128723191091,1191,0.2017307937873498,0.5,0.0,-0.06548323248441254,-0.22171816224937974,-63.326146969999996,-0.16072483615123387,116.52,-0.2839247810217991,21952512,0.0,-0.6096494078975445,0.0003,0.9584171772003174,1.0024290084838867,37942,-0.012078168580774217,0.2,0.035349213,0.28890380859375,45.51898183822632,19.81188201904297,-34.080741500854494
0.0,0.0,-0.0001252186296146864,-0.1881413363195214,0.0,7146,0.01,0.65,3074,0.4511872,0.0,-0.3902584844116286,-2.068060402172581e-08,0.0,0.0,0.0005414491040735609,-0.5324317150410482,2.115238028807769,-0.3994017280973907,-0.28044177014742266,-0.08608948384809463,1192,0.20334186413538255,0.5,0.0,-0.06432266552799458,-0.22019853280977694,-62.30458912000001,-0.16078701436843584,114.36,-0.28274417557000914,21970944,0.0,-0.6118235605442297,0.0003,0.9512874484062195,1.0021814107894897,37946,-0.013575319817755371,0.2,0.031084571,0.28958740234375,58.90405902862549,26.477949142456055,-34.079074478149415
0.0,0.0,-0.0001384871972583537,-0.18330399279322332,0.0,7152,0.01,0.65,3074,0.45072639999999997,0.0,-0.39610671362550437,-2.0696027963407877e-08,0.0,0.0,0.00046549426042474806,-0.5261264273757901,2.1287022042756845,-0.4017693215461846,-0.28073972256740043,-0.08463189733760543,1193,0.204172116135548,0.5,0.0,-0.06238344505859536,-0.22342249892539046,-60.896650869999995,-0.16116831513948449,116.57,-0.28302396000862656,21989376,0.0,-0.613298547147578,0.0003,0.9388937950134277,1.0018529891967773,37950,-0.013738366484176368,0.2,0.02852481,0.252197265625,73.62263145446778,33.951202392578125,-34.07464962005615
0.0,0.0,-0.0001799696897879723,-0.18399733838417784,0.0,7158,0.01,0.65,3074,0.45026560000000004,0.0,-0.394441318305053,-2.1174405189661243e-08,0.0,0.0,0.000540364048598955,-0.5298199843729672,2.126588757883229,-0.40700886122675084,-0.2808880435775015,-0.08485087509136967,1194,0.2054069798212912,0.5,0.0,-0.06330918373709882,-0.2246366142466788,-62.175424549999995,-0.1611716241923939,118.68,-0.2834288051801142,22007808,0.0,-0.6144033899063817,0.0003,0.9517641663551331,1.0017638206481934,37954,-0.014732568338513375,0.2,0.031279117,0.263330078125,54.79954280853271,17.736799240112305,-34.073927307128905
0.0,0.0,-0.00011239866291450534,-0.18860429119487715,0.0,7164,0.01,0.65,3074,0.4498048,0.0,-0.396630328465003,-2.168276519596897e-08,0.0,0.0,0.0005262581528060966,-0.5332788569638207,2.1226762561691026,-0.4121296938412782,-0.28066379378428824,-0.08467152939500164,1195,0.2048993304168814,0.5,0.0,-0.06573494703769138,-0.22642096752459745,-61.22927147999999,-0.16102512619065815,120.91,-0.28210567169072287,22026240,0.0,-0.6129101342874457,0.0003,0.9477314352989197,1.0018267631530762,37958,-0.014845506055280566,0.2,0.033508606,0.27972412109375,61.5981388092041,30.438583374023438,-34.07459011077881
0.0,0.0,-0.00011281636331956103,-0.18785318811934448,0.0,7170,0.01,0.65,3074,0.44934399999999997,0.0,-0.3968778594477048,-2.010242988060186e-08,0.0,0.0,0.00048611059577928647,-0.5418478132303677,2.127282061425433,-0.4080557370753436,-0.2808519445548303,-0.08264824042187169,1196,0.20209862274572052,0.5,0.0,-0.0654255231153059,-0.22383287394026785,-61.59283554999999,-0.1610014849278304,120.17,-0.28370261395279645,22044672,0.0,-0.610038516393559,0.0003,0.9614869952201843,1.0019991397857666,37962,-0.015165136067662389,0.2,0.028387025,0.25999755859375,44.82033348083496,23.669919967651367,-34.07546844482422
0.0,0.0,-4.0547582912163596e-05,-0.1874404849128404,0.0,7176,0.01,0.65,3074,0.44888320000000004,0.0,-0.39664494144816737,-2.0956190462583096e-08,0.0,0.0,0.0005425341498468899,-0.5367225715246103,2.1385093116780913,-0.4172406907757223,-0.28064025419961824,-0.08180803236123363,1197,0.20527799241776462,0.5,0.0,-0.06696729115432348,-0.2264864700332504,-61.56295507,-0.16066583188282965,119.34,-0.2833353536634069,22063104,0.0,-0.6099921692507586,0.0003,0.9515030980110168,1.0017004013061523,37966,-0.014158251602202654,0.2,0.031666704,0.2938232421875,56.19224224090576,26.60279655456543,-34.07377128601074
0.0,0.0,-9.63926550711107e-05,-0.184366802530621,0.0,7182,0.01,0.65,3074,0.4484224,0.0,-0.3938343309576405,-2.0625931906313048e-08,0.0,0.0,0.0005371088433700303,-0.5357052754667783,2.1215994165990284,-0.40477432664072355,-0.2807148743137747,-0.08425349163092727,1198,0.20354878534343704,0.5,0.0,-0.06375878308289577,-0.2224133129262028,-60.12406118999999,-0.1607218127221096,119.04,-0.28409938025736853,22081536,0.0,-0.6099205459640674,0.0003,0.95860356092453,1.001761555671692,37970,-0.013412250741384923,0.2,0.035818204,0.2713134765625,47.90714817047119,24.669551849365234,-34.07330951690674
0.0,0.0,-0.00010344187751670249,-0.18572090190140172,0.0,7188,0.01,0.65,3074,0.44796159999999996,0.0,-0.3954845549338021,-2.105003305387973e-08,0.0,0.0,0.0005121522376106845,-0.5351050508928457,2.1206491466831845,-0.406949324090014,-0.2807612224034904,-0.0840451939116089,1199,0.20494195621856684,0.5,0.0,-0.06344274054520758,-0.22319437491160787,-61.43430563999999,-0.1612228434854958,117.6,-0.2837759233772568,22099968,0.0,-0.6133263197269507,0.0003,0.9541425108909607,1.002181887626648,37974,-0.01434549952391535,0.2,0.03461451,0.30155029296875,53.30331516265869,23.03557014465332,-34.077471542358396
0.0,0.0,-0.00018261101840703445,-0.18687770832188252,0.0,7194,0.01,0.65,3074,0.44750080000000003,0.0,-0.39321394597257,-2.191996613388621e-08,0.0,0.0,0.0005403640388976783,-0.5386461913419979,2.138716061266838,-0.4124006562979484,-0.2809310316135977,-0.08731162680579335,1200,0.20690734942218483,0.5,0.0,-0.06463607420835799,-0.22370852070093664,-60.099699230000006,-0.16071016620937034,123.46,-0.2838530834726971,22118400,0.0,-0.6155881357460431,0.0003,0.9622153043746948,1.001941442489624,37978,-0.013208390062209219,0.2,0.03854259,0.31331787109375,43.82262496948242,22.34795379638672,-34.07595844268799
0.0,0.0,-4.9907812045799535e-05,-0.1883297430045717,0.0,7200,0.01,0.65,3074,0.44704,0.0,-0.39904803702648245,-2.179068037980381e-08,0.0,0.0,0.0004926209965358592,-0.5437508430667427,2.1413601855139914,-0.41759873655323987,-0.2809503608832689,-0.08540281297445568,1201,0.20548363125488306,0.5,0.0,-0.06731677703229987,-0.22840926775593762,-59.94337611000001,-0.1606518507010702,123.52,-0.2821019846552161,22136832,0.0,-0.6093827794270585,0.0003,0.9742028713226318,1.0017305612564087,37982,-0.009411103223101236,0.2,0.04512898,0.2847900390625,29.887240409851074,15.699275016784668,-34.073018074035645
0.0,0.0,-6.899871359185896e-05,-0.18324725097500882,0.0,7206,0.01,0.65,3074,0.44657919999999995,0.0,-0.3936392232036992,-2.0157064809349398e-08,0.0,0.0,0.0004806852504973196,-0.5254806041174527,2.131833949567876,-0.40262673533397375,-0.2806866426747858,-0.08486231259860853,1202,0.20416119133489183,0.5,0.0,-0.06273140808538047,-0.22170772441440542,-59.0368141,-0.1608759262539693,119.78,-0.2802457459746861,22155264,0.0,-0.6088865927304328,0.0003,0.9756173491477966,1.0013675689697266,37984,-0.0022490447154268622,0.2,0.039509736,0.2936279296875,29.47016372680664,13.708113670349121,-34.0698600769043
0.0,0.0,-0.00013244145464795293,-0.18447305726438984,0.0,7212,0.01,0.65,3074,0.4461184,0.0,-0.39512310753753904,-2.078438805330907e-08,0.0,0.0,0.00045464357956209115,-0.5347700762169729,2.1221405649948633,-0.40655651653915137,-0.28060552794314725,-0.08639499334163188,1203,0.2035922344924316,0.5,0.0,-0.06382500441558547,-0.2235357742948116,-60.43715438,-0.16071090096962218,121.71,-0.282939652490356,22173696,0.0,-0.6127864465035888,0.0003,0.9688048958778381,1.0019879341125488,37987,-0.005420971473750587,0.2,0.044258654,0.31283804086538464,37.93405092679537,17.17667579650879,-34.0779421879695
0.0,0.0,-5.223806701233708e-05,-0.18459316150295205,0.0,7218,0.01,0.65,3074,0.4456576,0.0,-0.39562393682467606,-2.0856530549049703e-08,0.0,0.0,0.0004600689054415044,-0.535443411713936,2.1174089490259487,-0.40272120175356685,-0.28074867106660456,-0.08488308018516212,1204,0.2024628748236189,0.5,0.0,-0.06328188693869685,-0.22177887682390138,-62.38569717,-0.16067455898772606,115.99,-0.2840990412309261,22192128,0.0,-0.6144247596669428,0.0003,0.9628491997718811,1.0032081604003906,37991,-0.012479549203999341,0.2,0.03955752,0.339794921875,44.26203842163086,23.72283935546875,-34.0916088104248
0.0,0.0,-0.0001156026499297411,-0.18605888785389568,0.0,7224,0.01,0.65,3074,0.44519679999999995,0.0,-0.3965574829064575,-2.134844680799127e-08,0.0,0.0,0.00048611059577928647,-0.5377954363209176,2.1108424500711855,-0.41650429068353556,-0.280784917959818,-0.0828195911986127,1205,0.2033020464381384,0.5,0.0,-0.06603297851576247,-0.22260167329984093,-65.54650541,-0.1602795922334873,116.67,-0.28733319376528527,22210560,0.0,-0.6155444039572104,0.0003,0.953859806060791,1.002318024635315,37995,-0.015102846559602767,0.2,0.030776406,0.282958984375,53.5915714263916,22.522647857666016,-34.08133525848389
0.0,0.0,-0.00017922318066922652,-0.18776226174818875,0.0,7230,0.01,0.65,3074,0.444736,0.0,-0.39684667114927086,-2.0676841492888475e-08,0.0,0.0,0.000511067162733525,-0.5320109481721378,2.124414213926263,-0.410802957473156,-0.2806832227313551,-0.08360475681588699,1206,0.20597762057726407,0.5,0.0,-0.06505223919347072,-0.22542069217310498,-62.180832009999996,-0.16045520605196611,122.05,-0.28244709918611877,22228992,0.0,-0.617494021470003,0.0003,0.939399003982544,1.0018309354782104,37999,-0.012981220765504986,0.2,0.031199718,0.26767578125,71.00883617401124,33.89297103881836,-34.074720573425296
0.0,0.0,-4.609916489363211e-05,-0.18827223027645823,0.0,7236,0.01,0.65,3074,0.4442752,0.0,-0.3988972740604549,-2.124602693872608e-08,0.0,0.0,0.0005023866704302944,-0.5351867844254663,2.1077353201203173,-0.4130956526316072,-0.280745202829547,-0.08185184665872598,1207,0.20262427768032523,0.5,0.0,-0.06649856955984597,-0.22588818051988854,-62.89068346,-0.16017077566206875,118.02,-0.28471254778973354,22247424,0.0,-0.6143494514760707,0.0003,0.9592821002006531,1.0023317337036133,38003,-0.012845559988636523,0.2,0.031356372,0.27236328125,46.29739246368408,18.98717498779297,-34.07909240722656
0.0,0.0,-4.6946151652002934e-05,-0.1839266441351851,0.0,7242,0.01,0.65,3074,0.44381440000000005,0.0,-0.3922179157180945,-1.993282487439067e-08,0.0,0.0,0.0004969612669406666,-0.5269933969169,2.108846420728518,-0.3966955702053466,-0.28082115091466586,-0.0831855048189915,1208,0.20318737286534327,0.5,0.0,-0.06194365529937071,-0.21832109722241397,-63.03455033000001,-0.1598439476523853,114.84,-0.2846658268162966,22265856,0.0,-0.6138328107344204,0.0003,0.9545443058013916,1.0021971464157104,38007,-0.014136775326915086,0.2,0.03826258,0.3178955078125,52.944818305969235,27.305686950683594,-34.07939071655274
0.0,0.0,-0.00010516894575172961,-0.18884505191581302,0.0,7248,0.01,0.65,3074,0.4433536,0.0,-0.4000907434256478,-2.0988389696351802e-08,0.0,0.0,0.0005230029766810023,-0.5336405933067379,2.103950776176286,-0.4144386413462054,-0.2807379175297346,-0.07996370364560662,1209,0.20492255024770883,0.5,0.0,-0.06542646251949005,-0.2249980923810256,-63.45131957,-0.1609006670337384,117.87,-0.28369185357200405,22284288,0.0,-0.6156424198634983,0.0003,0.9480002522468567,1.0023930072784424,38011,-0.014233637228608131,0.2,0.030250791,0.2701416015625,58.82496032714844,29.254518508911133,-34.08078536987305
0.0,0.0,-8.22326774068208e-05,-0.18469290763657925,0.0,7254,0.01,0.65,3074,0.4428928,0.0,-0.3914274334091338,-2.0858462655351647e-08,0.0,0.0,0.0005175775828926513,-0.5122863444864257,2.126250262190918,-0.4043002241648825,-0.28117686882422016,-0.08443055366746967,1210,0.20724886159680403,0.5,0.0,-0.06242604690227806,-0.22160355110209784,-60.47191427,-0.16098450819672022,119.69,-0.2797391291679416,22302720,0.0,-0.6142868205385993,0.0003,0.9594814777374268,1.002429485321045,38015,-0.015110438002739101,0.2,0.03577677,0.2926513671875,45.853631591796876,14.276097297668457,-34.08096981048584
0.0,0.0,-6.665018909267132e-05,-0.1843412564951645,0.0,7260,0.01,0.65,3074,0.44243200000000005,0.0,-0.39085150173577526,-2.0195490452676986e-08,0.0,0.0,0.000575086279746352,-0.5260717668086214,2.099552230584733,-0.3970504707139586,-0.2808372863605189,-0.0817654211092972,1211,0.20400247926294163,0.5,0.0,-0.06152033824381672,-0.21741806466189206,-62.77760254,-0.16052476222032788,114.85,-0.2836852188098806,22321152,0.0,-0.6163401520330827,0.0003,0.9667443037033081,1.0020978450775146,38019,-0.0131643911707215,0.2,0.039331216,0.3330810546875,37.34766330718994,17.073925018310547,-34.07982902526855
0.0,0.0,-6.424556468631177e-05,-0.18766421186327698,0.0,7266,0.01,0.65,3074,0.4419712,0.0,-0.3949160861807232,-2.047643964589592e-08,0.0,0.0,0.0005208328269266834,-0.5285801718998165,2.128873614231599,-0.41204819275144233,-0.28086198698614473,-0.08278625648575084,1212,0.20589744203005433,0.5,0.0,-0.06552860263970862,-0.2233056061165456,-62.64827076,-0.15969889533482137,116.44,-0.28187995451381614,22339584,0.0,-0.6161309722512451,0.0003,0.9550936818122864,1.0022238492965698,38023,-0.013870813488028943,0.2,0.034892563,0.31119384765625,50.4802906036377,25.942419052124023,-34.07632846832276
0.0,0.0,-6.485697818691853e-05,-0.18542347712561097,0.0,7272,0.01,0.65,3074,0.44151039999999997,0.0,-0.3957608243193243,-2.0727829669717628e-08,0.0,0.0,0.0005577251884258456,-0.5275754509215561,2.123812634600202,-0.4115627764805334,-0.2810614456692063,-0.08205791885342764,1213,0.20532605476957677,0.5,0.0,-0.0648000226225095,-0.22301610094401486,-60.45534288999999,-0.16026339180741025,120.71,-0.2812469702497615,22358016,0.0,-0.6154573390091227,0.0003,0.9655250906944275,1.0026700496673584,38027,-0.013820729812141507,0.2,0.037402347,0.326416015625,38.6725058555603,16.5435733795166,-34.08599987030029
0.0,0.0,-0.00015990755725379832,-0.1808267075382677,0.0,7278,0.01,0.65,3074,0.44104960000000004,0.0,-0.3960034863845068,-2.053047661555371e-08,0.0,0.0,0.0004839404460249676,-0.5235832135842888,2.111282852450592,-0.40204220152608866,-0.2807594076999433,-0.08321136106135088,1214,0.2051856047665945,0.5,0.0,-0.0610722863316026,-0.22113503957075442,-62.01310103,-0.16046872395268685,118.57,-0.2826742947120484,22376448,0.0,-0.6171624124513537,0.0003,0.9785206317901611,1.0027709007263184,38031,-0.012536828161682934,0.2,0.041517593,0.35318603515625,24.05571804046631,12.5274076461792,-34.084374809265135
0.0,0.0,-0.00011244458381477366,-0.18610527047081515,0.0,7284,0.01,0.65,3074,0.4405888,0.0,-0.39568565766974517,-2.0721361054540766e-08,0.0,0.0,0.0005620654297268225,-0.5211424703545178,2.1098234121670774,-0.40662533550585167,-0.28076044574943126,-0.0823710852431155,1215,0.2066481242438412,0.5,0.0,-0.06330858781051225,-0.22198492843091,-62.31931028000001,-0.16066709873511345,117.83,-0.2814166860940622,22394880,0.0,-0.6151885376647154,0.0003,0.9556988477706909,1.0023326873779297,38035,-0.011048908345401287,0.2,0.03993493,0.32984619140625,49.825944137573245,26.627466201782227,-34.08164978027344
0.0,0.0,-7.26096646900169e-05,-0.1836054468435825,0.0,7290,0.01,0.65,3074,0.44012799999999996,0.0,-0.39288239933130387,-2.1282221204922634e-08,0.0,0.0,0.00048828071642977494,-0.531275818105668,2.1254795199298013,-0.4115465709476346,-0.28079694908082964,-0.08405607476129268,1216,0.20534128731095358,0.5,0.0,-0.06495475021973061,-0.2204271361075915,-62.36308007999999,-0.16038299861383998,120.17,-0.2839912732434251,22413312,0.0,-0.6172230528671113,0.0003,0.9681043028831482,1.0031200647354126,38039,-0.0126585993450135,0.2,0.041692726,0.3123779296875,35.52548103332519,13.754449844360352,-34.086999130249026
0.0,0.0,-8.472098822111998e-05,-0.18443492741104509,0.0,7296,0.01,0.65,3074,0.43966720000000004,0.0,-0.39585477599414554,-2.027867229950039e-08,0.0,0.0,0.0005479595533365177,-0.5182877747074284,2.0930222003889996,-0.397921887474202,-0.2807533066562283,-0.08367982014916914,1217,0.20561731447581896,0.5,0.0,-0.06187729057342479,-0.2174124395269925,-61.90401018000001,-0.16076059931517386,115.44,-0.283687048699217,22431744,0.0,-0.614051589609288,0.0003,0.9701665639877319,1.0017746686935425,38042,-0.006256376781190435,0.2,0.045076214,0.2947184244791667,35.22637494405111,18.711763381958008,-34.075953801472984
0.0,0.0,-9.03748771067528e-05,-0.18769816712052406,0.0,7302,0.01,0.65,3074,0.4392064,0.0,-0.3922726480370868,-2.060068892528013e-08,0.0,0.0,0.0005230029378758951,-0.5251730257430693,2.1019280542050653,-0.402351902800613,-0.28078408762302426,-0.08445242302331615,1218,0.20249548602602976,0.5,0.0,-0.06426303297951079,-0.21823970349541147,-62.849523,-0.1600626187350108,117.78,-0.2836973786165429,22450176,0.0,-0.6128376375573046,0.0003,0.9526947140693665,1.0018587112426758,38045,-0.006773750825474659,0.2,0.04344948,0.3321614583333333,53.467017873128256,24.78862762451172,-34.077231852213544
0.0,0.0,-4.285469812777898e-05,-0.1803236335040403,0.0,7308,0.01,0.65,3074,0.43874559999999996,0.0,-0.3916327789214591,-2.0735122593658376e-08,0.0,0.0,0.000478515139548108,-0.5206918437385217,2.111270726878861,-0.4048790554984953,-0.2809248965759686,-0.0855833716236753,1219,0.20618541498384063,0.5,0.0,-0.06251322016839085,-0.21785000358407053,-63.47398159,-0.16030110091645663,115.23,-0.2838135275898413,22468608,0.0,-0.6181410678799749,0.0003,0.9528311491012573,1.0021510124206543,38049,-0.014833803381770849,0.2,0.033827167,0.30479736328125,54.0867280960083,28.495237350463867,-34.0793815612793
0.0,0.0,-0.00012981352513554299,-0.1836939448400338,0.0,7314,0.01,0.65,3074,0.43828480000000003,0.0,-0.3938531516531624,-2.0203796414810498e-08,0.0,0.0,0.0005056418465553886,-0.5217825013079139,2.1069453913995217,-0.39680383672673947,-0.2809111334307857,-0.08454294444825643,1220,0.20564917833265858,0.5,0.0,-0.06099577683383999,-0.2189836923155729,-61.616851239999995,-0.16066463171369644,118.01,-0.27985537022756285,22487040,0.0,-0.6131478803602726,0.0003,0.9565266966819763,1.002239465713501,38053,-0.014729132514912636,0.2,0.039981786,0.31455078125,48.7977876663208,26.320152282714844,-34.07834529876709
0.0,0.0,-9.330429932351594e-05,-0.1816143995981382,0.0,7320,0.01,0.65,3074,0.437824,0.0,-0.390415546300469,-1.997115901539249e-08,0.0,0.0,0.00048285534204397764,-0.5167878024916241,2.120567300722417,-0.3999030485497845,-0.2815675129398303,-0.08522178408191455,1221,0.20517473616741222,0.5,0.0,-0.06179077212570188,-0.21657562188457186,-61.922523950000006,-0.16079371223101332,113.52,-0.2832771888549068,22505472,0.0,-0.6149982081348491,0.0003,0.9603437781333923,1.0020512342453003,38057,-0.015897644823417066,0.2,0.035886306,0.289697265625,42.95216751098633,27.066747665405273,-34.07720241546631
0.0,0.0,-8.589463246134656e-05,-0.17921112313318874,0.0,7326,0.01,0.65,3074,0.43736319999999995,0.0,-0.3896746584380341,-1.9959407453387125e-08,0.0,0.0,0.0004926210353409664,-0.5075208009279901,2.105375222405061,-0.3946102716520778,-0.2810845894516032,-0.08316826245351072,1222,0.2058133970614178,0.5,0.0,-0.059201973694253604,-0.2143283690880898,-59.227539590000006,-0.16002496062103697,115.15,-0.2814069462456161,22523904,0.0,-0.6190201392338825,0.0003,0.9627187252044678,1.0018917322158813,38061,-0.014094679441768676,0.2,0.03533917,0.31768798828125,41.32912673950195,17.707448959350586,-34.075259399414065
0.0,0.0,-3.486831240225461e-05,-0.18542069540215486,0.0,7332,0.01,0.65,3074,0.4369024,0.0,-0.39368528069910336,-2.040016752452768e-08,0.0,0.0,0.0005251731070327676,-0.5184580290890817,2.097583230382756,-0.4025553137335546,-0.28102911715192014,-0.08453932943051255,1223,0.20444709184688795,0.5,0.0,-0.06326963284929926,-0.21737880124506687,-64.18877052,-0.1601938092620815,117.08,-0.28414338400962824,22542336,0.0,-0.6187302045038214,0.0003,0.9510456323623657,1.0018370151519775,38065,-0.011353333538863808,0.2,0.035344593,0.31077880859375,52.584300422668456,23.132732391357422,-34.0762523651123
0.0,0.0,-9.976965608327813e-05,-0.1837830922606435,0.0,7338,0.01,0.65,3074,0.4364416,0.0,-0.3939048903180189,-2.0339546870844876e-08,0.0,0.0,0.0005132373318903976,-0.5243371451895472,2.116630882984195,-0.4084606977087524,-0.28143278520332293,-0.08333269115847058,1224,0.20498344811569558,0.5,0.0,-0.0646801955607532,-0.2189606272739435,-62.17789814,-0.16001125637992106,120.8,-0.2812701847437265,22560768,0.0,-0.6180805954442987,0.0003,0.9536901712417603,1.0015660524368286,38069,-0.015456938068382442,0.2,0.032057706,0.27813720703125,51.745350456237794,29.648868560791016,-34.07164669036865
0.0,0.0,-9.103621989107636e-05,-0.18340134803800803,0.0,7344,0.01,0.65,3074,0.43598079999999995,0.0,-0.39393266945840105,-2.0573538274553403e-08,0.0,0.0,0.0005121522376106845,-0.5204015166137644,2.105593441698241,-0.40263172349605214,-0.2810933481011544,-0.08447320541075941,1225,0.20543998049060452,0.5,0.0,-0.06196675217293331,-0.21686204805188805,-62.564722259999996,-0.16031716093339204,118.86,-0.2827927680798424,22579200,0.0,-0.6192605187107222,0.0003,0.9641900658607483,1.001739740371704,38073,-0.015083535038866103,0.2,0.03725224,0.32388916015625,40.23820056915283,16.622791290283203,-34.07303600311279
0.0,0.0,-7.636874900986448e-05,-0.18543664097478732,0.0,7350,0.01,0.65,3074,0.43552,0.0,-0.398013566141761,-2.0842937972118187e-08,0.0,0.0,0.0005219179115051196,-0.5224414389239489,2.1057679360312105,-0.41569723377839884,-0.28105584404166317,-0.08191096689423488,1226,0.20573283312199367,0.5,0.0,-0.06574832515816802,-0.2214703883274052,-63.96351479999999,-0.1604700609354467,118.22,-0.28361085595940105,22597632,0.0,-0.6199282321868852,0.0003,0.9653594493865967,1.0015058517456055,38077,-0.013730476784985512,0.2,0.04066347,0.32138671875,38.470564460754396,15.684110641479492,-34.0717866897583
0.0,0.0,-6.340178157694551e-05,-0.18448337043431262,0.0,7356,0.01,0.65,3074,0.4350592,0.0,-0.3941511005633027,-2.0593282919169534e-08,0.0,0.0,0.0005045568201846132,-0.5243337192705101,2.1159786654773685,-0.41050826653433464,-0.2812539236038653,-0.08355759220233533,1227,0.20647302975089118,0.5,0.0,-0.06443512556487493,-0.21827246139709855,-63.73924073000001,-0.1598744176899393,118.32,-0.2840522201395892,22616064,0.0,-0.6207698332641677,0.0003,0.9629941582679749,1.0019787549972534,38081,-0.013503732136450708,0.2,0.038008757,0.32021484375,41.41154232025146,17.510116577148438,-34.07421875
0.0,0.0,-0.00021011856116579322,-0.18589698453176007,0.0,7362,0.01,0.65,3074,0.43459840000000005,0.0,-0.3943724693589484,-2.047535932759831e-08,0.0,0.0,0.0004654943380349626,-0.5218323564250974,2.1101696920829625,-0.412076311498417,-0.28097436747411453,-0.08378840823832509,1228,0.20557231616950253,0.5,0.0,-0.06515266248995757,-0.21732149909116952,-62.57587951999999,-0.1598897557655791,118.84,-0.2841060980568864,22634496,0.0,-0.6202757390042328,0.0003,0.9665271043777466,1.0021703243255615,38085,-0.01490275333635509,0.2,0.03793481,0.32415771484375,37.00759172439575,14.70996379852295,-34.07823791503906
0.0,0.0,-9.84722951259761e-05,-0.1863676399942564,0.0,7368,0.01,0.65,3074,0.4341376,0.0,-0.3929147888351002,-1.988599224625753e-08,0.0,0.0,0.0005056418562566654,-0.5228468159703563,2.0986228995876264,-0.40183561446919996,-0.28093931988987253,-0.08356127732378778,1229,0.20220188276917178,0.5,0.0,-0.0640112377493353,-0.21421640761763874,-63.942641189999996,-0.15931084314101301,117.43,-0.28446923250017625,22652928,0.0,-0.6160641168984327,0.0003,0.9742610454559326,1.0021226406097412,38089,-0.013760506367543713,0.2,0.03670936,0.31793212890625,28.876109981536864,13.119436264038086,-34.07750778198242
0.0,0.0,-4.542903965706013e-05,-0.18078726573830578,0.0,7374,0.01,0.65,3074,0.4336768,0.0,-0.39178592012382185,-1.9361612586448112e-08,0.0,0.0,0.0005154074428396092,-0.5209407400709368,2.1092602724269334,-0.4013270046784221,-0.2812864048330608,-0.0841145863437957,1230,0.20367839282812103,0.5,0.0,-0.06271964058623054,-0.21389798618546363,-63.34807715,-0.15943916188214566,113.96,-0.28325172398188014,22671360,0.0,-0.6194539832369628,0.0003,0.9564193487167358,1.0020368099212646,38093,-0.013760939845815301,0.2,0.033874623,0.3052978515625,49.11946887969971,23.506229400634766,-34.076285171508786
0.0,0.0,-0.0001069057671047697,-0.18032924003245443,0.0,7380,0.01,0.65,3074,0.43321600000000005,0.0,-0.39062962085611086,-1.9589766593505868e-08,0.0,0.0,0.0005045567910807828,-0.5200098666073895,2.123080750695963,-0.4007053604903283,-0.28135659414957526,-0.0842802407463092,1231,0.2060740456214985,0.5,0.0,-0.061000160591804055,-0.21387175029581407,-61.44361633000001,-0.15980245323126874,117.44,-0.28176511464017695,22689792,0.0,-0.6198868678317612,0.0003,0.9586951732635498,1.0015898942947388,38097,-0.014898434188216925,0.2,0.032658983,0.29439697265625,45.812376976013184,19.667308807373047,-34.073299407958984
0.0,0.0,-6.209651527286811e-05,-0.1832917226988232,0.0,7386,0.01,0.65,3074,0.4327552,0.0,-0.39204498156337536,-2.0512638154258474e-08,0.0,0.0,0.0004730897651623107,-0.5282701000919432,2.1115275622751812,-0.4105146374241743,-0.28120366019447374,-0.08442519629255285,1232,0.20579483535812687,0.5,0.0,-0.06463708264437072,-0.21581106826063015,-62.5033994,-0.15907704009425172,118.35,-0.2851696078831006,22708224,0.0,-0.6200702086781599,0.0003,0.9747081398963928,1.0015591382980347,38101,-0.015715098287910224,0.2,0.0342296,0.26644287109375,26.236941242218016,12.872869491577148,-34.06989669799805
0.0,0.0,-5.040891274958893e-05,-0.18139303682145066,0.0,7392,0.01,0.65,3074,0.43229439999999997,0.0,-0.3912961292922185,-1.9165265159678123e-08,0.0,0.0,0.00046223907459837693,-0.5206406187595503,2.119307080605332,-0.4051037944690632,-0.2813175277931004,-0.0829221509217953,1233,0.20751357287902586,0.5,0.0,-0.062240807226849264,-0.21387594642421423,-61.702611590000004,-0.15920020329630463,117.48,-0.28337806868662857,22726656,0.0,-0.6174474636553243,0.0003,0.9696635603904724,1.0016521215438843,38105,-0.013524950481951237,0.2,0.02783353,0.2691650390625,32.52643260955811,16.679058074951172,-34.07289695739746
0.0,0.0,-0.00012003123165690621,-0.18676975583917135,0.0,7398,0.01,0.65,3074,0.43183360000000004,0.0,-0.39296465828662336,-2.0221546267491885e-08,0.0,0.0,0.0005533849083197614,-0.5186698181719454,2.104444735470951,-0.4109189734448556,-0.28094181579387917,-0.08158328149298649,1234,0.20572440606797476,0.5,0.0,-0.06517769359347217,-0.2155532392061854,-62.94404856999999,-0.1597466164545319,118.44,-0.2840251130183393,22745088,0.0,-0.6192904909529339,0.0003,0.9728994369506836,1.0017766952514648,38109,-0.013314469885598455,0.2,0.04268557,0.2868381076388889,31.4087888929579,13.039721488952637,-34.07364145914713
0.0,0.0,-0.00011712222075052353,-0.1852146603001259,0.0,7404,0.01,0.65,3074,0.4313728,0.0,-0.38947523953102764,-1.898144129709019e-08,0.0,0.0,0.000557725217529676,-0.5170333936159754,2.1156310072207463,-0.4103626600047978,-0.2811142104602918,-0.08178344629025339,1235,0.20802895900795979,0.5,0.0,-0.06466400119074033,-0.21331655044695952,-64.33577143000001,-0.15899693546388816,118.71,-0.28340302645449506,22763520,0.0,-0.6212021102390242,0.0003,0.9702956676483154,1.0023013353347778,38113,-0.012729278765618801,0.2,0.033851244,0.3179931640625,34.275622844696045,14.236759185791016,-34.08064556121826
0.0,0.0,-3.867733469363917e-05,-0.18849418262839865,0.0,7409,0.01,0.65,3074,0.43091199999999996,0.0,-0.38731203680474074,-1.996568708928877e-08,0.0,0.0,0.0005566401038474093,-0.5149350889218611,2.0737148342423186,-0.3986344472610697,-0.2808071795944906,-0.08085717828896982,1236,0.20621136030241052,0.5,0.0,-0.062573034664083,-0.2085201002235559,-66.93099691,-0.1593253466780541,109.31,-0.28700495355766603,22781952,0.0,-0.6255541844672416,0.0003,0.9703004956245422,1.002166986465454,38117,-0.013591370196081698,0.2,0.040727958,0.31695556640625,33.78996639251709,20.39872932434082,-34.078466987609865
0.0,0.0,-0.00010571324773508377,-0.17853087867766165,0.0,7415,0.01,0.65,3074,0.43045120000000003,0.0,-0.38504371297105244,-1.8182399462223317e-08,0.0,0.0,0.0005414491428786682,-0.5026112537023727,2.1133913898181302,-0.38921771266022837,-0.28133935366323687,-0.08181444881942897,1237,0.2076750907432661,0.5,0.0,-0.05777538901153911,-0.207928279544897,-58.95506278,-0.15941187078765864,118.49,-0.2803041653781085,22800384,0.0,-0.6193257985442475,0.0003,0.9436434507369995,1.0023777484893799,38121,-0.013406691729323938,0.2,0.029622495,0.2652587890625,63.207002830505374,26.691913604736328,-34.08134460449219
0.0,0.0,-0.00016210459295673693,-0.18266432791176765,0.0,7421,0.01,0.65,3074,0.4299904,0.0,-0.3911531168887754,-1.9177040923746316e-08,0.0,0.0,0.0004980463709216565,-0.5134953392290521,2.103816141009728,-0.4036960461103061,-0.2813945935610472,-0.08247608563123825,1238,0.20792477531502096,0.5,0.0,-0.06188987600820414,-0.2128851083313292,-61.75943052,-0.15962090835606985,116.3,-0.2831219951180584,22818816,0.0,-0.6198855766038318,0.0003,0.9708831310272217,1.0024670362472534,38125,-0.016191585757769644,0.2,0.030636752,0.26029052734375,31.33432102203369,15.528549194335938,-34.08200206756592
0.0,0.0,-0.00010039382707362359,-0.1803184635354809,0.0,7427,0.01,0.65,3074,0.42952959999999996,0.0,-0.3861666840892516,-1.896775781271254e-08,0.0,0.0,0.0004785151104442775,-0.5129412148207559,2.1017482040063102,-0.39250091842755774,-0.2812720040102603,-0.08255388473033068,1239,0.2042789206626624,0.5,0.0,-0.059560824534395235,-0.20651252473146967,-63.207543500000014,-0.15863122633420088,113.72,-0.2852010437798617,22837248,0.0,-0.6203285316337825,0.0003,0.9644447565078735,1.0023211240768433,38129,-0.013302022975403815,0.2,0.037365384,0.319677734375,39.52353477478027,19.543012619018555,-34.07970676422119
0.0,0.0,-9.326960697339893e-05,-0.18494745424624362,0.0,7433,0.01,0.65,3074,0.42906880000000003,0.0,-0.38560240114863015,-1.916103740293316e-08,0.0,0.0,0.0005143224164688339,-0.5081521341526858,2.1049900123432415,-0.3967784509878239,-0.281244624672622,-0.08190839001323456,1240,0.20458593518000845,0.5,0.0,-0.0623409086199119,-0.20794194970592528,-61.280676320000005,-0.158859616049491,115.05,-0.281726838984665,22855680,0.0,-0.6198614527404926,0.0003,0.9565037488937378,1.0020899772644043,38133,-0.013352787937037647,0.2,0.035900407,0.309423828125,47.70477237701416,23.90989112854004,-34.077138328552245
0.0,0.0,-6.527122756585312e-05,-0.18482367308459563,0.0,7439,0.01,0.65,3074,0.428608,0.0,-0.38277803318440773,-1.951398770436117e-08,0.0,0.0,0.0004991314457988159,-0.5112410436403266,2.0941832116343893,-0.3980541935783053,-0.2816220147395514,-0.08191756837383496,1241,0.20538017104297943,0.5,0.0,-0.06223971108952737,-0.2056677786905356,-64.22509336,-0.1583375822805888,112.78,-0.2860595486689801,22874112,0.0,-0.6188997680924005,0.0003,0.9662947058677673,1.0018401145935059,38137,-0.0149152742465958,0.2,0.032619137,0.30711669921875,37.94449644088745,19.817787170410156,-34.075388526916505
0.0,0.0,-0.00010960151965603401,-0.18724628742812913,0.0,7445,0.01,0.65,3074,0.42814719999999995,0.0,-0.3861829371745828,-1.95296398545985e-08,0.0,0.0,0.0005555550580740803,-0.5174009741602382,2.1003589873316657,-0.41040079255040446,-0.28123759259092956,-0.0805626163104795,1242,0.20586070521201405,0.5,0.0,-0.06574210656930189,-0.21002903020236632,-62.018121919999984,-0.15901211916724803,119.22,-0.2844877436123603,22892544,0.0,-0.6223301853588009,0.0003,0.9576948285102844,1.0018476247787476,38141,-0.014179785514716058,0.2,0.032608792,0.28189697265625,46.808628463745116,19.27727508544922,-34.07353534698486
0.0,0.0,-7.63036638605643e-05,-0.18528441742107266,0.0,7451,0.01,0.65,3074,0.4276864,0.0,-0.3845966254318284,-1.917589384602335e-08,0.0,0.0,0.0005544699540930904,-0.5019434960926351,2.099430452748165,-0.40108506096662055,-0.28146024079947357,-0.08114018337777001,1243,0.209296589783176,0.5,0.0,-0.061529605829895924,-0.20765920378069713,-63.41745607000001,-0.16017882081961893,115.73,-0.28237330212715617,22910976,0.0,-0.6231695159632508,0.0003,0.9703432321548462,1.0020078420639038,38145,-0.016125891427509486,0.2,0.029588785,0.271484375,32.78483295440674,13.482282638549805,-34.07731590270996
0.0,0.0,-0.0002966232825965321,-0.18540396209632692,0.0,7457,0.01,0.65,3074,0.4272256,0.0,-0.38612580455904955,-1.918628996022556e-08,0.0,0.0,0.0005316835562957244,-0.5151655388517409,2.0905260833960435,-0.4015588970459023,-0.28143987374017576,-0.08166738606347632,1244,0.20546800111977864,0.5,0.0,-0.06305816063204592,-0.20696632067547013,-64.50795785999999,-0.15872728432381789,114.35,-0.28549108955385166,22929408,0.0,-0.6219784478419071,0.0003,0.9638239145278931,1.0019139051437378,38149,-0.013645601482130587,0.2,0.031567175,0.28719482421875,39.70772304534912,16.33558464050293,-34.07592144012451
0.0,0.0,-3.234411466971325e-05,-0.18099230062920693,0.0,7463,0.01,0.65,3074,0.42676480000000006,0.0,-0.382264370070233,-1.8667717285576316e-08,0.0,0.0,0.0005121522376106845,-0.5127654161947235,2.1146712748761627,-0.3999662953386341,-0.28156822153451105,-0.08140107991655593,1245,0.2063737011570911,0.5,0.0,-0.06211510934270251,-0.20531851979926033,-62.23109286999999,-0.15862635316866194,117.9,-0.28185095891045386,22947840,0.0,-0.6225635445369844,0.0003,0.9543775916099548,1.001910924911499,38153,-0.014585109264589845,0.2,0.033726152,0.29666748046875,50.310782241821286,24.570804595947266,-34.07543029785156
0.0,0.0,-9.916488502344467e-05,-0.18594233888305634,0.0,7469,0.01,0.65,3074,0.426304,0.0,-0.38298582342809295,-1.9109718662344646e-08,0.0,0.0,0.00048502552090212703,-0.5107679285476973,2.079062325703706,-0.39431097935471704,-0.28107435005039016,-0.0829462528683481,1246,0.20480633386672753,0.5,0.0,-0.061750998393414996,-0.2038074837780255,-65.49538179,-0.15884519336996064,111.36,-0.28528544979279696,22966272,0.0,-0.624588843936612,0.0003,0.9722038507461548,1.0020968914031982,38157,-0.013945420389063656,0.2,0.03185167,0.28858642578125,30.628436756134032,17.080322265625,-34.077460861206056
0.0,0.0,-0.00010286364762510125,-0.1878114844842208,0.0,7475,0.01,0.65,3074,0.4258432,0.0,-0.3864537562577312,-1.963600091388704e-08,0.0,0.0,0.0004774300549696717,-0.5239070768385268,2.087040594833518,-0.40895475126740616,-0.28123043574335954,-0.08113708841348023,1247,0.20174475268198921,0.5,0.0,-0.06647381149217765,-0.20691791300495851,-63.99335924,-0.1588168871624839,117.27,-0.28712497230005857,22984704,0.0,-0.6228184228926357,0.0003,0.9501381516456604,1.0016846656799316,38161,-0.01264237342402339,0.2,0.028524837,0.2649658203125,57.17306404113769,21.61810874938965,-34.07397537231445
0.0,0.0,-0.0001304318103046142,-0.18507087942407438,0.0,7481,0.01,0.65,3074,0.42538240000000005,0.0,-0.38360133819323783,-1.8826924121753984e-08,0.0,0.0,0.0004926210353409664,-0.5176638415315511,2.0921741029975602,-0.3997732136263742,-0.2806740773715322,-0.08053333547588074,1248,0.20535309096196042,0.5,0.0,-0.06274625185895669,-0.20579216799995173,-63.479260459999985,-0.15959163778988927,116.06,-0.2848426702363735,23003136,0.0,-0.6248736098753838,0.0003,0.9681146144866943,1.001994013786316,38165,-0.014738502545515075,0.2,0.03381198,0.30882568359375,36.412548828125,17.24107551574707,-34.07619380950928
0.0,0.0,-3.777625832744849e-05,-0.18728032395685512,0.0,7487,0.01,0.65,3074,0.4249216,0.0,-0.3847958287278697,-1.863394558373472e-08,0.0,0.0,0.0005609803839534936,-0.5227173568933946,2.0868668496612823,-0.40203271722209055,-0.281271026049301,-0.07937637130222529,1249,0.20147523871375564,0.5,0.0,-0.0645396412690657,-0.20621765355098592,-64.1479534,-0.15789429952473502,114.07,-0.2840137803479307,23021568,0.0,-0.620993307037164,0.0003,0.9636220932006836,1.0020389556884766,38169,-0.014805678208358587,0.2,0.03642608,0.30552978515625,40.08194751739502,17.414993286132812,-34.07697772979736
0.0,0.0,-0.00012988345967160765,-0.187250134664201,0.0,7493,0.01,0.65,3074,0.42446079999999997,0.0,-0.38448569667554433,-1.9158958528370933e-08,0.0,0.0,0.0005457894035821988,-0.5065772586800397,2.088186523198823,-0.4030427804775052,-0.28151887229988554,-0.08098120378275073,1250,0.20672165100498707,0.5,0.0,-0.0628633337160653,-0.20741221527580464,-64.70339959,-0.15859879578195,115.57,-0.2829597997761053,23040000,0.0,-0.6231500207888622,0.0003,0.955913782119751,1.002068281173706,38173,-0.013049614802002906,0.2,0.03679548,0.3039794921875,47.588632583618164,24.629837036132812,-34.072685432434085
0.0,0.0,-0.0001616582962343326,-0.18924318881236252,0.0,7499,0.01,0.65,3074,0.42400000000000004,0.0,-0.38254438233137145,-1.9319674093137727e-08,0.0,0.0,0.000540364106806616,-0.5166759509124337,2.0956505773840988,-0.411157459011048,-0.2813774262371945,-0.08138066515378611,1251,0.20564224711215878,0.5,0.0,-0.06608981863442173,-0.20720553916258605,-62.6864755,-0.158269193743301,119.51,-0.28607967873616535,23058432,0.0,-0.6239921328743044,0.0003,0.9613650441169739,1.0020537376403809,38177,-0.014217154949437826,0.2,0.03288083,0.30223388671875,42.04249324798584,21.194419860839844,-34.074720764160155
0.0,0.0,-5.6786277785626595e-05,-0.18512000185622465,0.0,7505,0.01,0.65,3074,0.4235392,0.0,-0.38552770909880707,-1.8562549794970323e-08,0.0,0.0,0.0005013015664493045,-0.5108717815470318,2.0780457291508903,-0.398008891892728,-0.28094984117529753,-0.08154892062744835,1252,0.20236427110728292,0.5,0.0,-0.06179749025843695,-0.205350563633138,-64.20635423,-0.15829154351391264,114.51,-0.2843890322338014,23076864,0.0,-0.6211203327998014,0.0003,0.9702995419502258,1.001853346824646,38181,-0.014279951364733279,0.2,0.037091974,0.3283447265625,32.427495288848874,15.188017845153809,-34.07583599090576
0.0,0.0,-0.00014028404571143243,-0.18450188330557993,0.0,7511,0.01,0.65,3074,0.42307839999999997,0.0,-0.38063373324986916,-1.8738726135733657e-08,0.0,0.0,0.0004980463903242102,-0.5044934930557873,2.1015087286701633,-0.3998361784653566,-0.2814775949049956,-0.08164668321939979,1253,0.20592252875367187,0.5,0.0,-0.061021532932730334,-0.20400272725377738,-63.82040120999999,-0.15911900288153596,116.79,-0.2811455173561256,23095296,0.0,-0.628152140944004,0.0003,0.9580971002578735,1.002392292022705,38185,-0.013911973289214074,0.2,0.04094228,0.3455078125,45.70132617950439,20.4276123046875,-34.07927474975586
0.0,0.0,-4.407758017069701e-05,-0.1852944478262071,0.0,7517,0.01,0.65,3074,0.42261760000000004,0.0,-0.37890939355593806,-1.811418419622466e-08,0.0,0.0,0.0005479595339339641,-0.5090187391877077,2.0720125680270747,-0.3870850046407705,-0.2812618358272554,-0.0797015127726904,1254,0.20124296926318494,0.5,0.0,-0.06036148147887724,-0.19918168932828534,-64.59489434,-0.1583690126642256,110.43,-0.2870153179207108,23113728,0.0,-0.6235114900212421,0.0003,0.9693741798400879,1.0024073123931885,38189,-0.015763601032085718,0.2,0.04109148,0.3196533203125,32.69786319732666,14.694907188415527,-34.08072929382324
0.0,0.0,-9.011307927529103e-05,-0.18646990157608354,0.0,7523,0.01,0.65,3074,0.4221568,0.0,-0.38361361381429626,-1.927677977339799e-08,0.0,0.0,0.0005121522861170686,-0.5146258146934456,2.0763651056447494,-0.405077803539185,-0.2811601678995834,-0.07879063013129894,1255,0.20227870982110294,0.5,0.0,-0.06459695490575129,-0.20413372418989442,-63.00545484,-0.15815265008825172,118.24,-0.2872763754974308,23132160,0.0,-0.6252522528113882,0.0003,0.9565537571907043,1.0018928050994873,38193,-0.012831845553591847,0.2,0.03580482,0.31357421875,46.70978717803955,22.339374542236328,-34.07650146484375
0.0,0.0,-5.984378488878073e-05,-0.1899167046659225,0.0,7529,0.01,0.65,3074,0.42169599999999996,0.0,-0.3840258106662711,-1.9145593060664534e-08,0.0,0.0,0.00047851512984683114,-0.5245028547709571,2.082057596769142,-0.401374601381123,-0.28126968187079293,-0.07950644746809919,1256,0.19713170543245628,0.5,0.0,-0.06687252883710754,-0.20124535294671964,-66.91533423,-0.15740823233291634,111.18,-0.288472610767311,23150592,0.0,-0.6228226532772756,0.0003,0.9541561603546143,1.00174880027771,38197,-0.01473633588757366,0.2,0.031937983,0.28175048828125,48.9262077331543,23.97679328918457,-34.07397861480713
0.0,0.0,-8.214595933672778e-05,-0.18708570741121722,0.0,7535,0.01,0.65,3074,0.42123520000000003,0.0,-0.3803551924959263,-1.862165070259737e-08,0.0,0.0,0.0004947911850952854,-0.5146693405502117,2.091943367877829,-0.4064624376463302,-0.28129312313919874,-0.08018109353663933,1257,0.2027784719280933,0.5,0.0,-0.06383774205845556,-0.20153268401486163,-63.388708689999994,-0.1583448225707568,118.06,-0.28656116626044537,23169024,0.0,-0.6258781169289188,0.0003,0.9593570232391357,1.0019090175628662,38201,-0.014979525539092719,0.2,0.023255423,0.209619140625,43.09821395874023,19.305757522583008,-34.07614250183106
0.0,0.0,-5.604451367900443e-05,-0.18774839211510042,0.0,7541,0.01,0.65,3074,0.4207744,0.0,-0.3830815266327087,-1.9086019816435317e-08,0.0,0.0,0.00047743006467094854,-0.5245421935313721,2.084890286323232,-0.40181580816236023,-0.280927169740527,-0.08069737390020763,1258,0.2006763480059236,0.5,0.0,-0.06451443918298094,-0.2011082987986454,-64.3004287,-0.15794607389008922,114.02,-0.2873826662597966,23187456,0.0,-0.6289475152839255,0.0003,0.9745070338249207,1.0025866031646729,38205,-0.014305732678622007,0.2,0.033593096,0.26551513671875,26.7924204826355,13.530871391296387,-34.08122253417969
0.0,0.0,-0.00011100723860614812,-0.1856800896387342,0.0,7547,0.01,0.65,3074,0.42031359999999995,0.0,-0.38163898775461186,-1.8408097723609748e-08,0.0,0.0,0.00044921824398140114,-0.5181565406945045,2.0838064841759754,-0.393205441316396,-0.2810105551455824,-0.0810684826498615,1259,0.20030645589059257,0.5,0.0,-0.06180122072853969,-0.20022860474599496,-66.34971249,-0.15777125233877062,114.08,-0.28763845189620835,23205888,0.0,-0.6287431948021978,0.0003,0.954675555229187,1.0016727447509766,38208,-0.006113917067913073,0.2,0.04348904,0.29518345424107145,49.442500250680105,28.386760711669922,-34.07487760271345
0.0,0.0,-5.3384059659246004e-05,-0.18727464023984153,0.0,7553,0.01,0.65,3074,0.4198528,0.0,-0.3825147217223279,-1.9335117064108428e-08,0.0,0.0,0.00046332416887809004,-0.5120120521631976,2.0826034648599303,-0.4049890007430597,-0.28112228023823227,-0.080384274698764,1260,0.20335473858527806,0.5,0.0,-0.06438659909048468,-0.20191384093720366,-65.32189364,-0.15838868438285153,114.0,-0.28626335950617365,23224320,0.0,-0.6267125435191107,0.0003,0.9621609449386597,1.0012054443359375,38211,-0.008609823900489854,0.2,0.045125365,0.2672776442307692,40.908060807448166,20.09614372253418,-34.069374084472656
0.0,0.0,-8.107836441792146e-05,-0.1885915001982503,0.0,7559,0.01,0.65,3074,0.419392,0.0,-0.38093890296108124,-1.9130757121644588e-08,0.0,0.0,0.000511067220941186,-0.520146743533191,2.075481601385226,-0.4082483118055962,-0.2813105941164815,-0.08072860253063122,1261,0.20004380125051713,0.5,0.0,-0.06667284777961992,-0.20143347149057586,-65.94261363000001,-0.15753976663475144,114.12,-0.29024513164268023,23242752,0.0,-0.6274256435124739,0.0003,0.9562439918518066,1.0019338130950928,38215,-0.012251725001260639,0.2,0.03355973,0.31612548828125,47.406462574005126,14.915918350219727,-34.07477703094482
0.0,0.0,-3.8711393310143754e-05,-0.18856932057381015,0.0,7565,0.01,0.65,3074,0.41893119999999995,0.0,-0.3826930478369582,-1.8710172849467765e-08,0.0,0.0,0.0005251731070327676,-0.5127163080662673,2.06356050946585,-0.4034814434467632,-0.281335960322881,-0.07980303074427504,1262,0.2019674888728618,0.5,0.0,-0.06457496637147961,-0.2011654785120064,-65.57909634999999,-0.1585585561945356,113.56,-0.2853878603699161,23261184,0.0,-0.6281611499677635,0.0003,0.95511394739151,1.0023705959320068,38219,-0.01368329799734056,0.2,0.033008628,0.27142333984375,49.28597717285156,28.58049964904785,-34.081464004516604
0.0,0.0,-6.23221037977768e-05,-0.19085772981734553,0.0,7571,0.01,0.65,3074,0.4184704,0.0,-0.3792753444307015,-1.8993599483096317e-08,0.0,0.0,0.0004969612572393897,-0.5141801008075619,2.06730209017306,-0.40395308609353014,-0.2807923665502923,-0.07960336235507846,1263,0.2017626019017959,0.5,0.0,-0.06485490022786816,-0.19842884427234614,-65.67821588000001,-0.1583747335250427,114.69,-0.2864047198943065,23279616,0.0,-0.629527504240088,0.0003,0.9642735123634338,1.001901626586914,38223,-0.01536159599199891,0.2,0.03312943,0.2614501953125,37.61122817993164,15.137042999267578,-34.076020050048825
0.0,0.0,-4.2292920404093626e-05,-0.18524044813165189,0.0,7577,0.01,0.65,3074,0.4180096,0.0,-0.38248048941014384,-1.885984191355407e-08,0.0,0.0,0.00045464357956209115,-0.5070383427285006,2.0868333290884853,-0.403338043163143,-0.28105972058210704,-0.08127409251785829,1264,0.20437953150897714,0.5,0.0,-0.0632777163819603,-0.20219116205901613,-64.24196209,-0.15867273852198943,116.61,-0.2841974183010799,23298048,0.0,-0.6259397510044955,0.0003,0.9605266451835632,1.001837968826294,38227,-0.013900454493705184,0.2,0.040414862,0.327978515625,42.802668762207034,25.810840606689453,-34.07469158172607
0.0,0.0,-5.202362190529028e-05,-0.18641150102875728,0.0,7583,0.01,0.65,3074,0.41754880000000005,0.0,-0.379230349283915,-1.832368152951073e-08,0.0,0.0,0.0005034716968010697,-0.5074470070134072,2.0649339515805964,-0.39907328530073777,-0.2815564198757575,-0.07889042136832147,1265,0.20202127268862569,0.5,0.0,-0.06221504483741055,-0.19804220627373792,-65.1415398,-0.1576974196340151,113.49,-0.2857760071777091,23316480,0.0,-0.6282544855854895,0.0003,0.9727015495300293,1.002326250076294,38231,-0.014838310505729169,0.2,0.04097394,0.34349365234375,28.579032993316652,16.098203659057617,-34.07802772521973
0.0,0.0,-8.25646669371034e-05,-0.18648352104625626,0.0,7589,0.01,0.65,3074,0.417088,0.0,-0.37939085213763146,-1.8229674293090744e-08,0.0,0.0,0.0005284282928591387,-0.5047685533021914,2.0763350313907747,-0.3956951804298189,-0.28095377585561815,-0.0812411507262662,1266,0.20389153597502088,0.5,0.0,-0.06153484936995627,-0.19815361486673158,-66.24544943,-0.15844662075812627,113.45,-0.2850950768462541,23334912,0.0,-0.629810553841352,0.0003,0.9507894515991211,1.0022119283676147,38235,-0.013933159445878118,0.2,0.029992923,0.27711181640625,52.46702136993408,21.72946548461914,-34.07771892547608
0.0,0.0,-8.978355178009247e-05,-0.1903836896723978,0.0,7595,0.01,0.65,3074,0.4166272,0.0,-0.38323616834892904,-1.8821633778939178e-08,0.0,0.0,0.0005088971002906975,-0.5154923186356724,2.075606219850804,-0.4104598249031011,-0.2812593161284071,-0.08127229562392667,1267,0.2037368648892073,0.5,0.0,-0.06577330733986757,-0.20202435720307138,-67.74107927000001,-0.15851194506932031,115.02,-0.28500230576035923,23353344,0.0,-0.6272224341213405,0.0003,0.960497260093689,1.002073884010315,38239,-0.015356547647388651,0.2,0.033582844,0.26995849609375,41.521205520629884,19.894651412963867,-34.0771463394165
0.0,0.0,-4.2930569600845776e-05,-0.19217761760995902,0.0,7601,0.01,0.65,3074,0.41616640000000005,0.0,-0.38265267970995837,-1.8851064348156378e-08,0.0,0.0,0.0005685759177948865,-0.5153550767186195,2.0685950506370716,-0.40962550706033457,-0.28132302985006413,-0.07899538445914482,1268,0.20211155980303155,0.5,0.0,-0.06642860678468437,-0.20231290391487702,-67.21738312999999,-0.15794162523087832,113.84,-0.2862585101420734,23371776,0.0,-0.6291465698546906,0.0003,0.956922173500061,1.0020248889923096,38243,-0.015077214641496538,0.2,0.024423331,0.2431396484375,47.64131202697754,25.481138229370117,-34.077176094055176
0.0,0.0,-8.452284680623822e-05,-0.18885686065613772,0.0,7607,0.01,0.65,3074,0.4157056,0.0,-0.381879101320751,-1.8190017313194103e-08,0.0,0.0,0.0005403640583002319,-0.5106302667525502,2.0604150398789987,-0.3999422369772183,-0.2808582761777473,-0.08049022735038436,1269,0.20222730157177093,0.5,0.0,-0.06356305316983116,-0.19855632055981873,-66.35388485,-0.15792777686892306,115.16,-0.28492965535164033,23390208,0.0,-0.6297267859328821,0.0003,0.9638283848762512,1.001845359802246,38247,-0.014707957534119487,0.2,0.027747655,0.25478515625,39.07592697143555,14.405647277832031,-34.07592830657959
0.0,0.0,-4.140606161534121e-05,-0.18897722177464715,0.0,7613,0.01,0.65,3074,0.41524479999999997,0.0,-0.38101560629997117,-1.8319308453930144e-08,0.0,0.0,0.0005577251981271224,-0.5090797152740779,2.0712456947003215,-0.4044335460036168,-0.28128511132639006,-0.07957823181361721,1270,0.20299548713810153,0.5,0.0,-0.06402527880832326,-0.19900459928541847,-65.60352724,-0.1585586696233494,114.72,-0.28553156309232575,23408640,0.0,-0.6304655316344943,0.0003,0.9622624516487122,1.0015480518341064,38251,-0.015729934582486747,0.2,0.03629112,0.27760009765625,38.94335250854492,18.32962989807129,-34.07169075012207
0.0,0.0,-9.225619456323626e-05,-0.1893398322291088,0.0,7619,0.01,0.65,3074,0.41478400000000004,0.0,-0.37724383269125816,-1.806946187502751e-08,0.0,0.0,0.0005588102730042818,-0.5051443097600112,2.057390425787707,-0.3921432765274917,-0.28153384088231914,-0.08030071683025099,1271,0.20088926050263187,0.5,0.0,-0.06247704963413413,-0.1934685915421105,-66.94091897,-0.15799008722708602,110.49,-0.28674427014167586,23427072,0.0,-0.6316716060375687,0.0003,0.9670541286468506,1.002011775970459,38255,-0.015401614108122885,0.2,0.031529695,0.27261962890625,34.61353826522827,15.047819137573242,-34.07642936706543
0.0,0.0,-2.5651850427565068e-05,-0.19372285496692773,0.0,7625,0.01,0.65,3074,0.4143232,0.0,-0.38372140274807826,-1.845312602381201e-08,0.0,0.0,0.0005284282928591387,-0.5107677048972485,2.0751649066083204,-0.41317484927540415,-0.281447747949223,-0.07993817103031525,1272,0.2037350417290248,0.5,0.0,-0.06810891159902506,-0.200762520351728,-65.64813556,-0.15810994493337216,115.41,-0.28562624424806066,23445504,0.0,-0.629609102659974,0.0003,0.960077702999115,1.0019166469573975,38259,-0.016124570602551104,0.2,0.027706306,0.265185546875,41.554903507232666,15.019786834716797,-34.0765495300293
0.0,0.0,-7.249238097976492e-05,-0.19220364763681247,0.0,7631,0.01,0.65,3074,0.41386239999999996,0.0,-0.38246186788961045,-1.8619769785707874e-08,0.0,0.0,0.000579426569553713,-0.5054049813987436,2.0678293806480545,-0.411451878211689,-0.2811104162324213,-0.07886726062385532,1273,0.20464401676157148,0.5,0.0,-0.06663788377782749,-0.19959205964734264,-66.80305815,-0.15876819993405877,117.34,-0.2845155062085407,23463936,0.0,-0.6339517822073015,0.0003,0.9680289030075073,1.0019304752349854,38263,-0.014725791150704026,0.2,0.033045676,0.29749755859375,34.68933658599853,12.923654556274414,-34.07589225769043
0.0,0.0,-2.5528969905150776e-05,-0.1895065318085394,0.0,7637,0.01,0.65,3074,0.41340160000000004,0.0,-0.3834626229714064,-1.8427352646658476e-08,0.0,0.0,0.0004861106248831169,-0.5071681538178915,2.0570713709165407,-0.4027450172299897,-0.2809342050123521,-0.08078033388872514,1274,0.20101062825140803,0.5,0.0,-0.06471200226205574,-0.19899487230888424,-69.49064224,-0.1583010333413741,110.46,-0.28773221184031794,23482368,0.0,-0.6326188720192076,0.0003,0.9653791189193726,1.0019869804382324,38267,-0.014179922780022025,0.2,0.037106544,0.31529541015625,36.197198486328126,21.85102653503418,-34.07570343017578
0.0,0.0,-0.00015923248380671603,-0.19186417453398977,0.0,7643,0.01,0.65,3074,0.4129408,0.0,-0.38177127555578316,-1.879766704765571e-08,0.0,0.0,0.0005425341789507204,-0.5053269481977976,2.0730140746671064,-0.41288285683965464,-0.2810400785784146,-0.07991272497119015,1275,0.20320382222329458,0.5,0.0,-0.06740554522430157,-0.1994351860765923,-66.08404755,-0.15820104642956945,116.16,-0.2847985217977971,23500800,0.0,-0.6334090383767252,0.0003,0.9549998641014099,1.0019023418426514,38271,-0.015045758616179229,0.2,0.036076494,0.2990478515625,47.68301219940186,23.63814926147461,-34.07595024108887
0.0,0.0,-5.520885052262594e-05,-0.1886477645567413,0.0,7649,0.01,0.65,3074,0.41247999999999996,0.0,-0.37990544421538924,-1.8288577073692237e-08,0.0,0.0,0.0005208328075241297,-0.5021471972165735,2.081001104025549,-0.4077994616557601,-0.28129728504115153,-0.08126528660987992,1276,0.20577855080841703,0.5,0.0,-0.06387820347830486,-0.19916770020748084,-65.84553498,-0.15884431346442132,117.7,-0.28446178459592747,23519232,0.0,-0.6324839894494976,0.0003,0.9707505106925964,1.0020256042480469,38275,-0.014492628071457148,0.2,0.03829912,0.29527587890625,30.578623390197755,15.841699600219727,-34.07642879486084
0.0,0.0,-3.293916808712621e-05,-0.18973110157952297,0.0,7654,0.01,0.65,3074,0.41201920000000003,0.0,-0.3789040648895591,-1.8051236665348443e-08,0.0,0.0,0.0005078119963097075,-0.49507395823745287,2.068292850773105,-0.3983935287264635,-0.2814526837406224,-0.08085088149238556,1277,0.20332966137692984,0.5,0.0,-0.06303380346678475,-0.19590098251726273,-64.80829899999999,-0.15909202510201786,116.02,-0.28460515883528986,23537664,0.0,-0.6345610693248194,0.0003,0.9719571471214294,1.0020008087158203,38279,-0.014524281001649797,0.2,0.036683727,0.29791259765625,29.85875873565674,15.118465423583984,-34.07600994110108
0.0,0.0,-8.473412718566153e-05,-0.18634593876160102,0.0,7660,0.01,0.65,3074,0.4115584,0.0,-0.37853487107755346,-1.776608047309377e-08,0.0,0.0,0.0005316834883867867,-0.4905113736941241,2.054489719232111,-0.3906348866391001,-0.2811622780290694,-0.07988210373216789,1278,0.20398330831029168,0.5,0.0,-0.05948897581768334,-0.19377660438416033,-65.13279869000002,-0.15878475380644777,110.46,-0.2839921508508022,23556096,0.0,-0.6392209962243025,0.0003,0.9670712947845459,1.0019261837005615,38283,-0.01393648914527148,0.2,0.036404822,0.31439208984375,34.8508716583252,15.708196640014648,-34.07606449127197
0.0,0.0,-2.9848550270015293e-05,-0.1919175537759143,0.0,7666,0.01,0.65,3074,0.41109759999999995,0.0,-0.3781262552493007,-1.8148413973109306e-08,0.0,0.0,0.0005197477617508008,-0.5007882855535943,2.0526456891428366,-0.39664647555107585,-0.2814056428962383,-0.0794790147762512,1279,0.20239831972071787,0.5,0.0,-0.06339032516896223,-0.1940112122220528,-66.99211803,-0.158633928029809,110.44,-0.28501557864600063,23574528,0.0,-0.6357050886359615,0.0003,0.9557622671127319,1.001573085784912,38287,-0.01482375911436975,0.2,0.031271048,0.2880859375,45.86981563568115,18.277366638183594,-34.0710168838501
0.0,0.0,-6.067232630228889e-05,-0.1919980573157156,0.0,7672,0.01,0.65,3074,0.4106368,0.0,-0.3748821418766132,-1.8489817372571505e-08,0.0,0.0,0.0005067269214325481,-0.5002721546836937,2.080268876461293,-0.40584534554537277,-0.2813821920670596,-0.08147173720373069,1280,0.20388003799299373,0.5,0.0,-0.06514269464316841,-0.19494466418715806,-64.40690506000001,-0.15813080433932158,116.29,-0.2853055715239841,23592960,0.0,-0.6366802577765581,0.0003,0.9466026425361633,1.001853346824646,38291,-0.015760793507797643,0.2,0.033712417,0.30052490234375,56.71531505584717,28.90797233581543,-34.07463474273682
0.0,0.0,-3.2899676911887143e-05,-0.19102759401724365,0.0,7678,0.01,0.65,3074,0.410176,0.0,-0.37763776900192847,-1.8262526534013113e-08,0.0,0.0,0.0005305984620160112,-0.5069941789821981,2.0771013842348234,-0.4088038372779098,-0.2812808998142263,-0.07852641366897632,1281,0.20565833099343436,0.5,0.0,-0.06522410478855106,-0.1961323055958218,-63.524837639999994,-0.1581526770358223,117.83,-0.28713613057410686,23611392,0.0,-0.6392348852082013,0.0003,0.9732031226158142,1.002680778503418,38295,-0.016956423327792437,0.2,0.035591796,0.29600830078125,26.926003456115723,12.46275520324707,-34.08281688690185
0.0,0.0,-4.954199250060012e-05,-0.18817776579746895,0.0,7684,0.01,0.65,3074,0.40971519999999995,0.0,-0.37656516273991664,-1.7754838447202384e-08,0.0,0.0,0.0005512147488641656,-0.49829524421155136,2.0666462409296398,-0.4021437928610104,-0.28151351029547167,-0.08005468286799435,1282,0.20442776889396513,0.5,0.0,-0.06343764971389992,-0.1939942313533489,-64.39341934999999,-0.1582926682555464,114.42,-0.2856137753323844,23629824,0.0,-0.637831853110019,0.0003,0.9706926941871643,1.0027199983596802,38299,-0.013439283357001841,0.2,0.034140095,0.2600341796875,28.70922746658325,11.442893981933594,-34.08508014678955
0.0,0.0,-5.070434239672694e-05,-0.19579232294788299,0.0,7690,0.01,0.65,3074,0.4092544,0.0,-0.38021592112750824,-1.855420483844673e-08,0.0,0.0,0.0005099821266614728,-0.5113308156610991,2.07621397407057,-0.4169159672669196,-0.28101853663241383,-0.08055243578472154,1283,0.20404318944706565,0.5,0.0,-0.06893068224154679,-0.1985727330310428,-67.54544138,-0.15840793975901052,116.42,-0.2868433849792098,23648256,0.0,-0.6352459356594251,0.0003,0.9661225080490112,1.0025224685668945,38303,-0.015466101001948118,0.2,0.03529153,0.3097412109375,36.34742212295532,17.55721092224121,-34.08400211334229
0.0,0.0,-2.9477110022031212e-05,-0.19430708485515705,0.0,7696,0.01,0.65,3074,0.4087936,0.0,-0.37829286047390986,-1.876760066327099e-08,0.0,0.0,0.0005164925274180456,-0.5098137941758538,2.0705866645073074,-0.4114371720603174,-0.28101865465376824,-0.08004999714506084,1284,0.20483066240591807,0.5,0.0,-0.06749646691027407,-0.19695193621310986,-64.95395502,-0.1587099008681634,116.47,-0.28709565807570747,23666688,0.0,-0.6358563998264894,0.0003,0.9729591012001038,1.0028218030929565,38307,-0.015732345753349364,0.2,0.040873718,0.33094482421875,29.28816509246826,19.79122543334961,-34.08548145294189
0.0,0.0,-4.600076865735542e-05,-0.19054862894102598,0.0,7702,0.01,0.65,3074,0.40833280000000005,0.0,-0.3736195396989685,-1.9028170280314286e-08,0.0,0.0,0.0005273432373845329,-0.5090074152300196,2.084446880344974,-0.40482990153709664,-0.2812934080358792,-0.0833998231339121,1285,0.2035501796073899,0.5,0.0,-0.06576766611804293,-0.19442801126245401,-63.27660599,-0.1586107890901005,116.87,-0.2872643555615012,23685120,0.0,-0.6325315264323162,0.0003,0.9705812335014343,1.0028769969940186,38311,-0.012098603649064898,0.2,0.040698826,0.3300537109375,31.868918228149415,14.467937469482422,-34.087604713439944
0.0,0.0,-6.774923048929034e-05,-0.19279119515571813,0.0,7708,0.01,0.65,3074,0.407872,0.0,-0.374847135054455,-1.841434860263807e-08,0.0,0.0,0.0005631505143052588,-0.49265898192208446,2.038749578748887,-0.3940253573787029,-0.28069859351412957,-0.08161167349149429,1286,0.20178039110974094,0.5,0.0,-0.0636598084053554,-0.19229835490536276,-64.81948673999999,-0.15872896963194336,111.33,-0.2840724919750394,23703552,0.0,-0.6349237529105688,0.0003,0.977820873260498,1.0023612976074219,38315,-0.012492195965023711,0.2,0.051484175,0.282501220703125,23.36564862728119,11.275768280029297,-34.08064651489258
0.0,0.0,-3.572061716234765e-05,-0.1918369819462834,0.0,7714,0.01,0.65,3074,0.4074112,0.0,-0.37558408782891173,-1.884016429363019e-08,0.0,0.0,0.0005490446573175075,-0.5032785907121271,2.082236714682733,-0.4186422847755591,-0.2808628726893095,-0.08122467518784567,1287,0.2057299614383472,0.5,0.0,-0.06808307885622472,-0.19628486572661086,-66.68809177000001,-0.1579024530877874,110.6,-0.2853679466137697,23721984,0.0,-0.6382519035500018,0.0003,0.9593065977096558,1.0027856826782227,38319,-0.013606729952152818,0.2,0.040788367,0.3350341796875,44.57642364501953,23.197511672973633,-34.08759822845459
0.0,0.0,-3.605230856790689e-05,-0.19318288449097268,0.0,7720,0.01,0.65,3074,0.40695040000000005,0.0,-0.37439483563555037,-1.8803800207626248e-08,0.0,0.0,0.0005490446282136771,-0.5024067705959339,2.0536664732899754,-0.40604841580975654,-0.2810176870696872,-0.08199356485415626,1288,0.20175790513458314,0.5,0.0,-0.0666968887972423,-0.19307142539126376,-67.07401549000001,-0.15852247670119238,113.33,-0.28709301456705405,23740416,0.0,-0.6377589680886617,0.0003,0.9649294018745422,1.002609372138977,38323,-0.014148016669787466,0.2,0.035223223,0.30257568359375,37.3521990776062,18.778501510620117,-34.08382987976074
0.0,0.0,-3.2573914373073786e-05,-0.18941582490506054,0.0,7726,0.01,0.65,3074,0.4064896,0.0,-0.37324539419217134,-1.7832640502993386e-08,0.0,0.0,0.0005815967387105855,-0.49601872383346407,2.0658929610779873,-0.4064555820906103,-0.2810180469750856,-0.08054555546149628,1289,0.20468955456662283,0.5,0.0,-0.06389285616218408,-0.19228780479309068,-65.17815286,-0.15805165587309195,112.86,-0.28527145278232946,23758848,0.0,-0.6369659024035351,0.0003,0.9627434611320496,1.0026055574417114,38327,-0.014907415909692644,0.2,0.040053386,0.31710205078125,40.07802324295044,23.650997161865234,-34.08277931213379
0.0,0.0,-9.906481640801662e-05,-0.19066617959811483,0.0,7732,0.01,0.65,3074,0.40602879999999997,0.0,-0.36881640380074693,-1.7875690540380267e-08,0.0,0.0,0.0005805116444308725,-0.4995645739583481,2.0608634172843976,-0.39670143120284623,-0.28071957392553054,-0.08037237503707564,1290,0.20280606587368827,0.5,0.0,-0.0636483731650479,-0.18845845664722446,-65.58042364,-0.157411505257967,111.87,-0.28454292556745026,23777280,0.0,-0.6350717735039269,0.0003,0.9673032164573669,1.0020779371261597,38331,-0.013406741607468575,0.2,0.036142576,0.3115234375,34.62437047958374,19.197702407836914,-34.07848834991455
0.0,0.0,-4.995769219159634e-05,-0.196420757086218,0.0,7738,0.01,0.65,3074,0.40556800000000004,0.0,-0.3737471819914017,-1.9243654582373703e-08,0.0,0.0,0.0005891921949417641,-0.5038414018365851,2.051597256443181,-0.4083557123529996,-0.2805028262529469,-0.07980513405365303,1291,0.20149609619436804,0.5,0.0,-0.06815304289564535,-0.19305427167006878,-67.44814022,-0.1574127011379246,110.1,-0.28564089714450164,23795712,0.0,-0.6369109801078762,0.0003,0.9682474732398987,1.0020153522491455,38335,-0.013241769125064215,0.2,0.044784885,0.3306206597222222,33.6505963007609,16.699716567993164,-34.07730950249566
0.0,0.0,-8.296076563163447e-05,-0.19039499742266058,0.0,7744,0.01,0.65,3074,0.4051072,0.0,-0.37383825840068474,-1.821793499022201e-08,0.0,0.0,0.0005620654976357602,-0.5019306898372574,2.0437982962458836,-0.4024904999747237,-0.2806844806029083,-0.07929216107409948,1292,0.20170449996246934,0.5,0.0,-0.06486546181622269,-0.18782006681349875,-65.28454832999999,-0.15823386943525525,110.47,-0.2881850111563125,23814144,0.0,-0.6379798229252518,0.0003,0.9614195823669434,1.0013066530227661,38338,-0.0038517049767754293,0.2,0.04505378,0.29893909801136365,41.77024043690074,21.15741539001465,-34.069710818204015
0.0,0.0,-8.530554208761263e-05,-0.1950738106400673,0.0,7750,0.01,0.65,3074,0.40464639999999996,0.0,-0.3688587846868812,-1.810194453605799e-08,0.0,0.0,0.0006152338561757157,-0.4931938668966232,2.043831856496732,-0.39576928876187895,-0.2807338537166565,-0.0810877490815917,1293,0.2042188371288708,0.5,0.0,-0.06340861966786994,-0.18903158159796873,-65.42905456,-0.1584712291414142,111.76,-0.28382306432034593,23832576,0.0,-0.6390643279186365,0.0003,0.9519956111907959,1.0020437240600586,38342,-0.012686526530887931,0.2,0.032572728,0.288818359375,49.28707752227783,19.572917938232422,-34.07957534790039
0.0,0.0,-6.0426500558290286e-05,-0.19853694648288114,0.0,7756,0.01,0.65,3074,0.40418560000000003,0.0,-0.3749193535570222,-1.908164083472084e-08,0.0,0.0,0.0006239144163878842,-0.5121097599467704,2.062445910373497,-0.4110041307410888,-0.28067819203261235,-0.07908992582415669,1294,0.2019700414796232,0.5,0.0,-0.06981234722108579,-0.19256522693980072,-64.98663427,-0.15818899789913124,113.71,-0.2875400361450168,23851008,0.0,-0.6359575718241893,0.0003,0.959928035736084,1.0020020008087158,38346,-0.016636240005027503,0.2,0.03169778,0.2689208984375,42.17760810852051,14.455581665039062,-34.075790596008304
0.0,0.0,-0.00012368870851315567,-0.19558065700289853,0.0,7762,0.01,0.65,3074,0.4037248,0.0,-0.3691938957838226,-1.8861131733425148e-08,0.0,0.0,0.0005978727551539325,-0.4945132807000252,2.047076960453685,-0.40693172490913915,-0.2806443658885848,-0.08192205214312076,1295,0.2035787267003309,0.5,0.0,-0.06759440304669445,-0.18922275058323013,-66.48268701,-0.15776840947767698,113.05,-0.2855143570477736,23869440,0.0,-0.6399722442524218,0.0003,0.9733206629753113,1.0019785165786743,38350,-0.015227983833756297,0.2,0.035579138,0.3234130859375,28.07014694213867,10.85648250579834,-34.07700157165527
0.0,0.0,-0.00011998059151581448,-0.1955584725711824,0.0,7768,0.01,0.65,3074,0.40326399999999996,0.0,-0.3734067551120544,-1.8677976537466995e-08,0.0,0.0,0.0005729161396933099,-0.4995807759928384,2.040512937052296,-0.40719683317518457,-0.2805688287768728,-0.08195870426609037,1296,0.20239245830415356,0.5,0.0,-0.06756059512244768,-0.19090671527440312,-67.4298702,-0.15794991002425032,110.77,-0.2860482809086568,23887872,0.0,-0.6355803814815165,0.0003,0.964104413986206,1.00233793258667,38354,-0.013301129557657988,0.2,0.035964243,0.34637451171875,38.448293685913086,13.145864486694336,-34.077169799804686
0.0,0.0,-0.00010098553939955303,-0.19228616782441207,0.0,7774,0.01,0.65,3074,0.40280320000000003,0.0,-0.371462355383409,-1.8297193288801657e-08,0.0,0.0,0.0005935324459440178,-0.49502758298932875,2.0310936462031774,-0.39783454532121093,-0.28089518306050243,-0.07953984777268014,1297,0.20355309929740742,0.5,0.0,-0.06328411163109376,-0.1873588040382914,-66.22006827,-0.15805346858729924,110.71,-0.28620718453361016,23906304,0.0,-0.6388914585233055,0.0003,0.9547691941261292,1.0021255016326904,38358,-0.01372040884452872,0.2,0.032123707,0.2941650390625,47.532826614379886,25.761795043945312,-34.0777681350708
0.0,0.0,-0.00011878406677398305,-0.19427598019449752,0.0,7780,0.01,0.65,3074,0.4023424,0.0,-0.36900986242918415,-1.8177349674269354e-08,0.0,0.0,0.0005957025956983367,-0.500712541479433,2.0525665374492363,-0.40870481002963405,-0.2802292120736738,-0.07984585801341745,1298,0.20342394509838194,0.5,0.0,-0.06706640798546151,-0.1885529888188655,-65.44893237000001,-0.15763213663141543,112.36,-0.28689387689610685,23924736,0.0,-0.636492980481367,0.0003,0.9547088146209717,1.0022685527801514,38362,-0.016602468281053006,0.2,0.033167243,0.29869384765625,47.4558780670166,20.524322509765625,-34.079127883911134
0.0,0.0,-8.49204236432522e-05,-0.19725627601210885,0.0,7786,0.01,0.65,3075,0.40188159999999995,0.0,-0.3668701743159908,-1.8561785386808787e-08,0.0,0.0,0.0006130637064213968,-0.4920906862608029,2.0353966203615887,-0.3997176785121084,-0.28082430051219753,-0.08236326736054923,1299,0.2032904774626791,0.5,0.0,-0.06627245122321124,-0.18605763668504466,-67.93055084000001,-0.1577916048183374,107.21,-0.2853703691600481,23943168,0.0,-0.6389406150135177,0.0003,0.9540689587593079,1.0020053386688232,38366,-0.01571323073003441,0.2,0.030831045,0.2691650390625,46.91661319732666,21.839942932128906,-34.07582473754883
0.0,0.0,-0.0002133782923998209,-0.19662686419585093,0.0,7792,0.01,0.65,3075,0.4014208,0.0,-0.37264117460603113,-1.83561717507671e-08,0.0,0.0,0.0006293398101762352,-0.5056011154790822,2.039628268819127,-0.41275151888446227,-0.28062411129818104,-0.0788623441709792,1300,0.20319284639171065,0.5,0.0,-0.06895279308721598,-0.19148092017071172,-67.23083452,-0.15782021194417434,111.39,-0.28576848919238557,23961600,0.0,-0.6378398054545696,0.0003,0.9554022550582886,1.001946210861206,38370,-0.015338657004758716,0.2,0.03068189,0.272412109375,47.09119129180908,22.079345703125,-34.07412948608398
0.0,0.0,-9.38633451610826e-05,-0.19312239578054827,0.0,7798,0.01,0.65,3075,0.40096,0.0,-0.3656554302679362,-1.8051309064518695e-08,0.0,0.0,0.0006239143678815,-0.4941282292740168,2.009993127131437,-0.3859432308110516,-0.28051533387806615,-0.08086427615602218,1301,0.19837144439440746,0.5,0.0,-0.06368823264609341,-0.18280319237756576,-64.97904109999999,-0.15746712918291664,108.55,-0.285958250083772,23980032,0.0,-0.6355766591576313,0.0003,0.9600504636764526,1.0020087957382202,38374,-0.014119796629529446,0.2,0.029956704,0.27796630859375,42.23023147583008,16.63877296447754,-34.07761917114258
0.0,0.0,-0.00010273700080800648,-0.20142881273605678,0.0,7804,0.01,0.65,3075,0.40049920000000006,0.0,-0.36742151502222314,-1.9121927840763415e-08,0.0,0.0,0.0006152338270718852,-0.49713726475258624,2.0367584547444193,-0.40572657097581605,-0.280650858627923,-0.0813166636064711,1302,0.20305464432067852,0.5,0.0,-0.06875026050114406,-0.1889344009388551,-65.34084023999999,-0.15757671166011927,113.22,-0.28643208100747986,23998464,0.0,-0.6376421847885326,0.0003,0.9415366053581238,1.0020716190338135,38378,-0.015406771760899574,0.2,0.030212054,0.2433349609375,60.965654373168945,30.656156539916992,-34.07771034240723
0.0,0.0,-9.38989613850514e-05,-0.2000526225176031,0.0,7810,0.01,0.65,3075,0.4000384,0.0,-0.3682196546889075,-1.9288601233934297e-08,0.0,0.0,0.0005479595727390713,-0.5136320764632564,2.0374367547760053,-0.4165970264659491,-0.2805567375650914,-0.08112016247712997,1303,0.20046778197294968,0.5,0.0,-0.072349116954927,-0.18979899751305765,-67.59757391,-0.15713974732643898,110.7,-0.28810593581984056,24016896,0.0,-0.6394406736831216,0.0003,0.9502364993095398,1.0019519329071045,38382,-0.014986218325793743,0.2,0.03537874,0.2943603515625,52.4449275970459,18.769210815429688,-34.07527866363525
0.0,0.0,-0.00010652776210646018,-0.19538989421397857,0.0,7816,0.01,0.65,3075,0.3995776,0.0,-0.3662309891959538,-1.8565128167792752e-08,0.0,0.0,0.0005729161202907562,-0.4980066983590636,2.035978240810706,-0.4014259060165435,-0.2808583015825832,-0.08129967444239673,1304,0.20179455158526333,0.5,0.0,-0.06676966716453163,-0.18685102435806542,-67.30015452,-0.15696606368630756,109.0,-0.2876877933777098,24035328,0.0,-0.6369521953485398,0.0003,0.9570726752281189,1.0024102926254272,38386,-0.015032100153621285,0.2,0.03881699,0.30579833984375,45.44303169250488,20.71438980102539,-34.079908752441405
0.0,0.0,-0.00011489102415603006,-0.20194298034591704,0.0,7822,0.01,0.65,3075,0.39911680000000005,0.0,-0.36837771130013564,-1.954406561553019e-08,0.0,0.0,0.0005457894326860292,-0.5062982862020191,2.03542550370646,-0.4186956312966534,-0.28072379731150865,-0.08119664095430285,1305,0.20081803097708112,0.5,0.0,-0.07303184835862589,-0.1904206433449202,-66.25519964,-0.15698749819444285,110.1,-0.28891477371244945,24053760,0.0,-0.6417041818002568,0.0003,0.9472905993461609,1.0016603469848633,38390,-0.014481499133398756,0.2,0.030101154,0.277001953125,54.908334732055664,30.116230010986328,-34.07240161895752
0.0,0.0,-8.727722524750068e-05,-0.19732964340603287,0.0,7828,0.01,0.65,3075,0.398656,0.0,-0.3628260987319969,-1.819344476635161e-08,0.0,0.0,0.0005870220257848916,-0.5003687374509639,2.022517206653081,-0.39518812041969636,-0.28031063801007144,-0.08116976530031232,1306,0.19906054071744975,0.5,0.0,-0.06640057838033647,-0.1821683229278407,-65.60476732000001,-0.15739552912878962,110.23,-0.2887453379745224,24072192,0.0,-0.6412224297906781,0.0003,0.9549288749694824,1.0019587278366089,38394,-0.01367569835856557,0.2,0.03511197,0.289013671875,48.59163227081299,17.62846565246582,-34.07460041046143
0.0,0.0,-0.0001335398934866082,-0.19929925058609566,0.0,7834,0.01,0.65,3075,0.39819519999999997,0.0,-0.364373023127077,-1.9312275311771443e-08,0.0,0.0,0.000574001233973023,-0.5067535982613836,2.0458332294501766,-0.4167398435620062,-0.2804904578342537,-0.08054301376753385,1307,0.2019989994821701,0.5,0.0,-0.07228443112595627,-0.1894640613507134,-65.86994895000001,-0.15714763583043878,111.4,-0.2880847986607055,24090624,0.0,-0.6377662904256627,0.0003,0.9449326395988464,1.002197027206421,38398,-0.013667958928272128,0.2,0.03028198,0.28458251953125,58.74291343688965,27.162303924560547,-34.078185081481934
0.0,0.0,-0.00017246097752048574,-0.19952004297338716,0.0,7839,0.01,0.65,3075,0.39773440000000004,0.0,-0.3646611843879183,-1.9380546640634637e-08,0.0,0.0,0.0006521262273761547,-0.5073479491103197,2.02802696223359,-0.4119595269093542,-0.28032708866350364,-0.08067393541955713,1308,0.19980894033541538,0.5,0.0,-0.071142777489213,-0.1868828265678963,-68.2024462,-0.15655527304171776,109.53,-0.2890762341684175,24109056,0.0,-0.6438623372598282,0.0003,0.9529615044593811,1.0022863149642944,38402,-0.014284246606985107,0.2,0.030422915,0.2496337890625,50.76545677185059,28.878707885742188,-34.08008155822754
0.0,0.0,-0.00016827001440058734,-0.19679040462904684,0.0,7845,0.01,0.65,3075,0.3972736,0.0,-0.36243853157758404,-1.876711931401648e-08,0.0,0.0,0.0005750862991489056,-0.4991604509519798,2.022658377317798,-0.39974444170086365,-0.28039516255423513,-0.08055203448868276,1309,0.19802961257549387,0.5,0.0,-0.06784363534902328,-0.18274544891473757,-66.37957483,-0.1565406497281291,107.68,-0.2885539079442679,24127488,0.0,-0.6390180779958546,0.0003,0.9425938725471497,1.0022237300872803,38406,-0.014214489492587745,0.2,0.03173036,0.26170654296875,60.86907787322998,28.482666015625,-34.078726577758786
0.0,0.0,-0.0001410996463082355,-0.2037828826894648,0.0,7851,0.01,0.65,3075,0.39681279999999997,0.0,-0.3690641454811139,-1.9470481417839225e-08,0.0,0.0,0.0005946175305224541,-0.5136847085839217,2.034573106984679,-0.42180742967582757,-0.28049098512103626,-0.07977860974518998,1310,0.19986604507400238,0.5,0.0,-0.07421109295020693,-0.18932428144565028,-68.6893427,-0.15673342254638556,110.49,-0.2900568539249637,24145920,0.0,-0.6446644893018777,0.0003,0.9495168328285217,1.002292513847351,38410,-0.017057351680705324,0.2,0.032631435,0.29005126953125,53.3582124710083,27.787721633911133,-34.081885528564456
0.0,0.0,-8.917927438797359e-05,-0.2019842228777675,0.0,7857,0.01,0.65,3075,0.39635200000000004,0.0,-0.35973606899798,-1.9527651480426545e-08,0.0,0.0,0.0006401904619350615,-0.49823630001966657,2.0469774185431038,-0.4115222138425961,-0.280391427640255,-0.08085936060510163,1311,0.20147146689626,0.5,0.0,-0.07204889700237946,-0.1845595904438305,-64.71480232,-0.15705429136378762,112.3,-0.2869056358221007,24164352,0.0,-0.6442666668824732,0.0003,0.9574406743049622,1.001359462738037,38414,-0.014653751428704708,0.2,0.030661488,0.26832275390625,46.51328830718994,17.97184944152832,-34.068075561523436
0.0,0.0,-0.00014199428579982749,-0.19628992208805657,0.0,7863,0.01,0.65,3075,0.3958912,0.0,-0.3600830792622667,-1.8719318793573094e-08,0.0,0.0,0.0005598952993750572,-0.5029154986762299,2.0274879586426073,-0.40256120511162047,-0.28043823980772825,-0.08022159843293344,1312,0.19696561546818525,0.5,0.0,-0.06914157761841712,-0.18179198200461041,-66.36298659,-0.15614624663201893,108.54,-0.29066981258557795,24182784,0.0,-0.6426323705019643,0.0003,0.9652966856956482,1.0019110441207886,38418,-0.012810393457766623,0.2,0.035257332,0.29327392578125,36.528062438964845,14.259154319763184,-34.07239933013916
0.0,0.0,-4.453437392302314e-05,-0.20271495628100183,0.0,7869,0.01,0.65,3075,0.39543039999999996,0.0,-0.36140278135630743,-1.9197100680187377e-08,0.0,0.0,0.0006597217321137174,-0.506819589167752,2.0249044372180984,-0.4138334473942869,-0.28001711460249296,-0.08004813054104558,1313,0.19868887646840167,0.5,0.0,-0.0730812629154763,-0.18297852296660638,-66.14163343999999,-0.15644134679967867,108.55,-0.2893275287892472,24201216,0.0,-0.6432002787364707,0.0003,0.9439613223075867,1.0027639865875244,38422,-0.012890631787013263,0.2,0.037610292,0.3268798828125,60.5263557434082,27.738801956176758,-34.085311317443846
0.0,0.0,-0.00014524687749628638,-0.20096037289410454,0.0,7875,0.01,0.65,3075,0.39496960000000003,0.0,-0.36294823224577627,-1.8496795834547064e-08,0.0,0.0,0.0006184890711059173,-0.5018065600055861,2.026849185056184,-0.40368465444878715,-0.2802241245166305,-0.07791291282237134,1314,0.19860133300983454,0.5,0.0,-0.07081690667379235,-0.1832444047831257,-64.46877553,-0.1556776054765818,110.82,-0.2878746082641557,24219648,0.0,-0.6422815761284091,0.0003,0.9477028250694275,1.0022752285003662,38426,-0.014332737179938704,0.2,0.028637331,0.25560302734375,56.93516883850098,25.01140785217285,-34.08124465942383
0.0,0.0,-5.168794303509499e-05,-0.2029738298555041,0.0,7881,0.01,0.65,3075,0.3945088,0.0,-0.359913009013774,-1.8673067605211525e-08,0.0,0.0,0.0006542963383253664,-0.5037420054995008,2.01712341474594,-0.4043671493253017,-0.2805651574993073,-0.07811474495245829,1315,0.19861291074829926,0.5,0.0,-0.07071161476086388,-0.18133517198249993,-69.86477525,-0.1561100343189173,107.06,-0.2905051361323534,24238080,0.0,-0.6426903974760446,0.0003,0.9539403915405273,1.0019739866256714,38430,-0.01628326755017042,0.2,0.0283687,0.25550537109375,50.249399757385255,23.971296310424805,-34.07650775909424
0.0,0.0,-7.377090415225236e-05,-0.20563565196266134,0.0,7887,0.01,0.65,3075,0.39404799999999995,0.0,-0.36169833424621206,-1.9531209455411868e-08,0.0,0.0,0.0006608067972896,-0.5123654517621857,2.0287097376444603,-0.4187211796430303,-0.2804091289176732,-0.0794061583006123,1316,0.19962555133061108,0.5,0.0,-0.07469597450516338,-0.18343543386522165,-69.16812238,-0.15655432354131418,112.14,-0.2900866939659749,24256512,0.0,-0.6462144108935253,0.0003,0.9546136856079102,1.0025147199630737,38434,-0.016116540227085353,0.2,0.029693628,0.2703369140625,48.77617988586426,22.225465774536133,-34.081652069091795
0.0,0.0,-6.583227788933671e-05,-0.20070096331133613,0.0,7893,0.01,0.65,3075,0.3935872,0.0,-0.35881866881826247,-1.8722348741771884e-08,0.0,0.0,0.0006271696022142553,-0.49888297391142167,2.027918091666326,-0.39868692944784256,-0.28058315213235757,-0.08043100224909949,1317,0.19899733866183247,0.5,0.0,-0.0693085057358674,-0.18033083780472356,-65.13076367,-0.1561704971864376,108.81,-0.2874970549997578,24274944,0.0,-0.6423963638967742,0.0003,0.9605523943901062,1.0017699003219604,38438,-0.013335125474259257,0.2,0.039661236,0.32547607421875,42.27796974182129,18.482011795043945,-34.07673358917236
0.0,0.0,-0.00016444969676314596,-0.20000600923143677,0.0,7899,0.01,0.65,3075,0.3931264,0.0,-0.3603767456019732,-1.8921244249951134e-08,0.0,0.0,0.0006445307323398689,-0.4933436001141796,2.0191434647367505,-0.4022209397618176,-0.2807746970390082,-0.07898295032121162,1318,0.20203946962177247,0.5,0.0,-0.06891180750650026,-0.18104390849912713,-64.08891700999999,-0.1568973440548711,110.91,-0.28645400881464483,24293376,0.0,-0.6468658970044237,0.0003,0.9562321305274963,1.0020779371261597,38442,-0.013188752415589988,0.2,0.037421037,0.320849609375,47.90646247863769,28.2789363861084,-34.07728576660156
0.0,0.0,-0.00010105445237572596,-0.19364190151387412,0.0,7905,0.01,0.65,3075,0.39266559999999995,0.0,-0.357443222434298,-1.8296015094341718e-08,0.0,0.0,0.0006228293512120015,-0.4862286360752971,2.0243642171974803,-0.39900302885818545,-0.2806394859233345,-0.07841675994350236,1319,0.20173853702536734,0.5,0.0,-0.06654751636514547,-0.17767662261588088,-66.13683574,-0.15659472936619806,107.88,-0.2875565419866015,24311808,0.0,-0.6444748631508476,0.0003,0.950394868850708,1.0018783807754517,38446,-0.01399047183804214,0.2,0.032665633,0.2931884765625,53.00213356018067,23.7330322265625,-34.075791358947754
0.0,0.0,-0.00017159872699283807,-0.20222468173959282,0.0,7911,0.01,0.65,3075,0.3922048,0.0,-0.3592299899634823,-1.9346135089176297e-08,0.0,0.0,0.000684678289366679,-0.5119561213852923,2.0114847129577265,-0.4036036283273443,-0.2809726975274827,-0.0789036957561509,1320,0.19557967161201145,0.5,0.0,-0.07222887778232466,-0.1795718814354111,-67.61346272,-0.15516757733208855,110.07,-0.29064352877092947,24330240,0.0,-0.6453474258698565,0.0003,0.9471213817596436,1.0012162923812866,38450,-0.013480483938474208,0.2,0.025394093,0.22645263671875,55.296057510375974,26.000015258789062,-34.06791515350342
0.0,0.0,-7.283200760353199e-05,-0.20088300000090972,0.0,7917,0.01,0.65,3075,0.391744,0.0,-0.35818774311929524,-1.8508922360560312e-08,0.0,0.0,0.0006553813937999723,-0.4998049201116567,2.0186635501563885,-0.39762126098117595,-0.280603580422798,-0.08028660822608251,1321,0.19751759518274617,0.5,-5.42532911317216e-06,-0.07096678605091064,-0.17923201926978666,-68.090246,-0.15606164524420593,105.66,-0.28777492679650307,24348672,0.0,-0.6395911196899262,0.0003,0.9548993110656738,1.001427412033081,38454,-0.014234381669666618,0.2,0.031396367,0.2373046875,47.393273162841794,20.5773983001709,-34.06778526306152
0.0,0.0,-0.00012016574922715311,-0.2005505382417976,0.0,7923,0.01,0.65,3075,0.39128320000000005,0.0,-0.35390934798753565,-1.836535870247174e-08,0.0,0.0,0.0007063796704945465,-0.48856751249851854,2.0083806500275703,-0.39417120117775256,-0.2805524488873872,-0.07892252802811736,1322,0.19950067076367578,0.5,0.0,-0.06776052524168719,-0.17645849983906717,-65.21844157000001,-0.15608013607273194,110.05,-0.2872288114711987,24367104,0.0,-0.646648052619585,0.0003,0.9513463377952576,1.0018965005874634,38458,-0.01604031312162988,0.2,0.035875537,0.31798095703125,50.349164962768555,19.285463333129883,-34.07621593475342
0.0,0.0,-0.00012030284111948961,-0.20102109483432215,0.0,7929,0.01,0.65,3075,0.3908224,0.0,-0.3602035793995066,-1.891669080891335e-08,0.0,0.0,0.0006108935760696315,-0.49927632684542694,2.027734772383835,-0.40566565891319945,-0.28089951552967707,-0.07964935654473157,1323,0.2006060824572366,0.5,0.0,-0.071561281311429,-0.18365399185162412,-64.59028083,-0.15588352450928744,113.22,-0.28586148490500496,24385536,0.0,-0.6431750816994926,0.0003,0.9537410736083984,1.0020650625228882,38462,-0.014946697489358484,0.2,0.03506574,0.2919189453125,48.11669921875,23.55996322631836,-34.076253509521486
0.0,0.0,-0.0001288927308862553,-0.20234594082154736,0.0,7935,0.01,0.65,3075,0.3903616,0.0,-0.3601519125859316,-1.8756221699251215e-08,0.0,0.0,0.0006488709639395691,-0.4965907087287811,2.004272518438062,-0.40537867740660105,-0.2807758067485988,-0.0772923049316011,1324,0.1986384303069889,0.5,0.0,-0.07166193757061531,-0.18077057031498484,-66.94297886999999,-0.15611242981899492,110.11,-0.2881144509372023,24403968,0.0,-0.6436416044501465,0.0003,0.965181291103363,1.0021477937698364,38466,-0.014210774074308574,0.2,0.030778712,0.29642333984375,36.955287075042726,16.65464210510254,-34.07740955352783
0.0,0.0,-6.563621460552459e-05,-0.1996045371379876,0.0,7941,0.01,0.65,3075,0.38990080000000005,0.0,-0.3582670743273412,-1.8375087832984273e-08,0.0,0.0,0.0006770827943303933,-0.4958959554287057,2.009403521053824,-0.3976075106426294,-0.28097320385763963,-0.07922459312372203,1325,0.1977840219147258,0.5,0.0,-0.06906396489882732,-0.17847628965783086,-68.67459795999999,-0.1562894489500026,102.75,-0.28701798724648653,24422400,0.0,-0.6481043503483775,0.0003,0.9509750008583069,1.0017554759979248,38470,-0.013561992009636014,0.2,0.032162398,0.29317626953125,53.119900131225585,20.30715560913086,-34.074325752258304
