ISO-10303-21;
HEADER;
/* Generated by software containing ST-Developer
 * from STEP Tools, Inc. (www.steptools.com) 
 */

FILE_DESCRIPTION(
/* description */ (''),
/* implementation_level */ '2;1');

FILE_NAME(
/* name */ 
'C:\\Users\\Nathann\\ClawdDrive\\Objet3D\\RunningRobot\\PartURDF\\Foot
LeftNCS.stp',
/* time_stamp */ '2026-06-19T10:43:19+02:00',
/* author */ ('Nathann'),
/* organization */ (''),
/* preprocessor_version */ 'ST-DEVELOPER v19',
/* originating_system */ 'Autodesk Inventor 2023',
/* authorisation */ '');

FILE_SCHEMA (('AUTOMOTIVE_DESIGN { 1 0 10303 214 3 1 1 }'));
ENDSEC;

DATA;
#10=MECHANICAL_DESIGN_GEOMETRIC_PRESENTATION_REPRESENTATION('',(#9500,#9501,
#9502,#9503,#9504,#9505,#9506,#9507,#9508,#9509,#9510,#9511,#9512,#9513,
#9514,#9515,#9516,#9517,#9518,#9519,#9520,#9521,#9522,#9523,#9524,#9525,
#9526,#9527,#9528,#9529,#9530,#9531,#9532,#9533,#9534,#9535,#9536,#9537,
#9538,#9539,#9540,#9541,#9542,#9543,#9544,#9545,#9546,#9547,#9548,#9549,
#9550,#9551,#9552,#9553,#9554,#9555,#9556,#9557,#9558,#9559,#9560,#9561,
#9562,#9563,#9564,#9565,#9566,#9567,#9568,#9569,#9570,#9571,#9572,#9573,
#9574,#9575,#9576,#9577,#9578,#9579,#9580,#9581,#9582,#9583,#9584,#9585,
#9586,#9587,#9588,#9589,#9590,#9591,#9592,#9593,#9594,#9595,#9596,#9597,
#9598,#9599,#9600,#9601,#9602,#9603,#9604,#9605,#9606,#9607,#9608,#9609,
#9610,#9611,#9612,#9613,#9614,#9615,#9616,#9617,#9618,#9619,#9620,#9621,
#9622,#9623,#9624,#9625,#9626,#9627,#9628,#9629,#9630,#9631,#9632,#9633,
#9634,#9635,#9636,#9637,#9638,#9639,#9640,#9641,#9642,#9643,#9644,#9645,
#9646,#9647,#9648,#9649,#9650,#9651,#9652,#9653,#9654,#9655,#9656,#9657,
#9658,#9659,#9660,#9661,#9662,#9663,#9664,#9665,#9666,#9667,#9668,#9669,
#9670,#9671,#9672,#9673,#9674,#9675,#9676,#9677,#9678,#9679,#9680,#9681,
#9682,#9683,#9684,#9685,#9686,#9687,#9688,#9689,#9690,#9691,#9692,#9693,
#9694,#9695,#9696,#9697,#9698,#9699,#9700,#9701,#9702,#9703,#9704,#9705,
#9706,#9707,#9708,#9709,#9710,#9711,#9712,#9713,#9714,#9715,#9716,#9717,
#9718,#9719,#9720,#9721,#9722,#9723,#9724,#9725,#9726,#9727,#9728,#9729,
#9730,#9731,#9732,#9733,#9734,#9735,#9736,#9737,#9738,#9739,#9740,#9741,
#9742,#9743,#9744,#9745,#9746,#9747,#9748,#9749,#9750,#9751,#9752,#9753,
#9754,#9755,#9756,#9757,#9758,#9759,#9760,#9761,#9762,#9763,#9764,#9765,
#9766,#9767,#9768,#9769,#9770,#9771,#9772,#9773,#9774,#9775,#9776,#9777,
#9778,#9779,#9780,#9781,#9782,#9783,#9784,#9785,#9786,#9787,#9788,#9789,
#9790,#9791,#9792,#9793,#9794,#9795,#9796,#9797,#9798,#9799,#9800,#9801,
#9802,#9803,#9804,#9805,#9806,#9807,#9808,#9809,#9810,#9811,#9812,#9813,
#9814,#9815,#9816,#9817,#9818,#9819,#9820,#9821,#9822,#9823,#9824,#9825,
#9826,#9827,#9828,#9829,#9830,#9831,#9832,#9833,#9834,#9835,#9836,#9837,
#9838,#9839,#9840,#9841,#9842,#9843,#9844,#9845,#9846,#9847,#9848,#9849,
#9850,#9851,#9852,#9853,#9854,#9855,#9856,#9857,#9858,#9859,#9860,#9861,
#9862,#9863,#9864,#9865,#9866,#9867,#9868,#9869,#9870,#9871,#9872,#9873,
#9874,#9875,#9876,#9877,#9878,#9879,#9880,#9881,#9882,#9883,#9884,#9885,
#9886,#9887,#9888,#9889,#9890,#9891,#9892,#9893,#9894,#9895,#9896,#9897,
#9898,#9899,#9900,#9901,#9902,#9903,#9904,#9905,#9906,#9907,#9908,#9909,
#9910,#9911,#9912,#9913,#9914,#9915,#9916,#9917,#9918,#9919,#9920,#9921,
#9922,#9923,#9924,#9925,#9926,#9927,#9928,#9929,#9930,#9931,#9932,#9933,
#9934,#9935,#9936,#9937,#9938,#9939,#9940,#9941,#9942,#9943,#9944,#9945,
#9946,#9947,#9948,#9949,#9950,#9951,#9952,#9953,#9954,#9955,#9956,#9957,
#9958,#9959,#9960,#9961,#9962,#9963,#9964,#9965,#9966,#9967,#9968,#9969,
#9970,#9971,#9972,#9973,#9974,#9975,#9976,#9977,#9978,#9979,#9980,#9981,
#9982,#9983,#9984,#9985,#9986,#9987,#9988,#9989,#9990,#9991,#9992,#9993,
#9994,#9995,#9996,#9997,#9998,#9999,#10000,#10001,#10002,#10003,#10004,
#10005,#10006,#10007,#10008,#10009,#10010,#10011,#10012,#10013,#10014,#10015,
#10016,#10017,#10018,#10019,#10020,#10021,#10022,#10023,#10024,#10025,#10026,
#10027,#10028,#10029,#10030,#10031,#10032,#10033,#10034,#10035,#10036,#10037,
#10038,#10039,#10040,#10041,#10042,#10043,#10044,#10045,#10046,#10047,#10048,
#10049,#10050,#10051,#10052,#10053,#10054,#10055,#10056,#10057,#10058,#10059,
#10060,#10061,#10062,#10063,#10064,#10065,#10066,#10067,#10068,#10069,#10070,
#10071,#10072,#10073,#10074,#10075,#10076,#10077,#10078,#10079,#10080,#10081,
#10082,#10083,#10084,#10085,#10086,#10087,#10088,#10089,#10090,#10091,#10092,
#10093,#10094,#10095,#10096,#10097,#10098,#10099,#10100,#10101,#10102,#10103,
#10104,#10105,#10106,#10107,#10108,#10109,#10110,#10111,#10112,#10113,#10114,
#10115,#10116,#10117,#10118,#10119,#10120,#10121,#10122,#10123,#10124,#10125,
#10126,#10127,#10128,#10129,#10130,#10131,#10132,#10133,#10134,#10135,#10136,
#10137,#10138,#10139,#10140,#10141,#10142,#10143,#10144,#10145,#10146,#10147,
#10148,#10149,#10150,#10151,#10152,#10153,#10154,#10155,#10156,#10157,#10158,
#10159,#10160,#10161,#10162,#10163,#10164,#10165,#10166,#10167,#10168,#10169,
#10170,#10171,#10172,#10173,#10174,#10175,#10176,#10177,#10178,#10179,#10180,
#10181,#10182,#10183,#10184,#10185,#10186,#10187,#10188,#10189,#10190,#10191,
#10192,#10193,#10194,#10195,#10196),#18150);
#11=SHAPE_REPRESENTATION_RELATIONSHIP('SRR','None',#18157,#12);
#12=ADVANCED_BREP_SHAPE_REPRESENTATION('',(#19,#20,#21,#22,#23,#24,#25,
#26,#27,#28,#29,#30,#31,#32,#33,#34,#35,#36,#37,#38,#39,#40,#41,#42,#43,
#44,#45,#46,#47,#48,#49,#50,#51,#52,#53,#54,#55,#56,#57,#58,#59,#60,#61,
#62,#63,#64,#65,#66,#67,#68,#69,#70,#71,#72,#73,#74),#18149);
#13=SPHERICAL_SURFACE('',#11336,17.75);
#14=TOROIDAL_SURFACE('',#11093,5.2499,0.2499);
#15=TOROIDAL_SURFACE('',#11494,5.2499,0.2499);
#16=TOROIDAL_SURFACE('',#11517,5.2499,0.2499);
#17=TOROIDAL_SURFACE('',#11540,5.2499,0.2499);
#18=TOROIDAL_SURFACE('',#11563,5.2499,0.2499);
#19=MANIFOLD_SOLID_BREP('Solid1',#10838);
#20=MANIFOLD_SOLID_BREP('Solid2',#10839);
#21=MANIFOLD_SOLID_BREP('Solid3',#10840);
#22=MANIFOLD_SOLID_BREP('Solid4',#10841);
#23=MANIFOLD_SOLID_BREP('Solid5',#10842);
#24=MANIFOLD_SOLID_BREP('Solid6',#10843);
#25=MANIFOLD_SOLID_BREP('Solid7',#10844);
#26=MANIFOLD_SOLID_BREP('Solid8',#10845);
#27=MANIFOLD_SOLID_BREP('Solid9',#10846);
#28=MANIFOLD_SOLID_BREP('Solid10',#10847);
#29=MANIFOLD_SOLID_BREP('Solid11',#10848);
#30=MANIFOLD_SOLID_BREP('Solid12',#10849);
#31=MANIFOLD_SOLID_BREP('Solid13',#10850);
#32=MANIFOLD_SOLID_BREP('Solid14',#10851);
#33=MANIFOLD_SOLID_BREP('Solid15',#10852);
#34=MANIFOLD_SOLID_BREP('Solid16',#10853);
#35=MANIFOLD_SOLID_BREP('Solid17',#10854);
#36=MANIFOLD_SOLID_BREP('Solid18',#10855);
#37=MANIFOLD_SOLID_BREP('Solid19',#10856);
#38=MANIFOLD_SOLID_BREP('Solid20',#10857);
#39=MANIFOLD_SOLID_BREP('Solid21',#10858);
#40=MANIFOLD_SOLID_BREP('Solid22',#10859);
#41=MANIFOLD_SOLID_BREP('Solid23',#10860);
#42=MANIFOLD_SOLID_BREP('Solid24',#10861);
#43=MANIFOLD_SOLID_BREP('Solid25',#10862);
#44=MANIFOLD_SOLID_BREP('Solid26',#10863);
#45=MANIFOLD_SOLID_BREP('Solid27',#10864);
#46=MANIFOLD_SOLID_BREP('Solid28',#10865);
#47=MANIFOLD_SOLID_BREP('Solid29',#10866);
#48=MANIFOLD_SOLID_BREP('Solid30',#10867);
#49=MANIFOLD_SOLID_BREP('Solid31',#10868);
#50=MANIFOLD_SOLID_BREP('Solid32',#10869);
#51=MANIFOLD_SOLID_BREP('Solid33',#10870);
#52=MANIFOLD_SOLID_BREP('Solid34',#10871);
#53=MANIFOLD_SOLID_BREP('Solid35',#10872);
#54=MANIFOLD_SOLID_BREP('Solid36',#10873);
#55=MANIFOLD_SOLID_BREP('Solid37',#10874);
#56=MANIFOLD_SOLID_BREP('Solid38',#10875);
#57=MANIFOLD_SOLID_BREP('Solid39',#10876);
#58=MANIFOLD_SOLID_BREP('Solid40',#10877);
#59=MANIFOLD_SOLID_BREP('Solid41',#10878);
#60=MANIFOLD_SOLID_BREP('Solid42',#10879);
#61=MANIFOLD_SOLID_BREP('Solid43',#10880);
#62=MANIFOLD_SOLID_BREP('Solid44',#10881);
#63=MANIFOLD_SOLID_BREP('Solid45',#10882);
#64=MANIFOLD_SOLID_BREP('Solid46',#10883);
#65=MANIFOLD_SOLID_BREP('Solid47',#10884);
#66=MANIFOLD_SOLID_BREP('Solid48',#10885);
#67=MANIFOLD_SOLID_BREP('Solid49',#10886);
#68=MANIFOLD_SOLID_BREP('Solid50',#10887);
#69=MANIFOLD_SOLID_BREP('Solid51',#10888);
#70=MANIFOLD_SOLID_BREP('Solid52',#10889);
#71=MANIFOLD_SOLID_BREP('Solid53',#10890);
#72=MANIFOLD_SOLID_BREP('Solid54',#10891);
#73=MANIFOLD_SOLID_BREP('Solid55',#10892);
#74=MANIFOLD_SOLID_BREP('Solid56',#10893);
#75=FACE_BOUND('',#1493,.T.);
#76=FACE_BOUND('',#1495,.T.);
#77=FACE_BOUND('',#1514,.T.);
#78=FACE_BOUND('',#1516,.T.);
#79=FACE_BOUND('',#1521,.T.);
#80=FACE_BOUND('',#1522,.T.);
#81=FACE_BOUND('',#1524,.T.);
#82=FACE_BOUND('',#1525,.T.);
#83=FACE_BOUND('',#1557,.T.);
#84=FACE_BOUND('',#1563,.T.);
#85=FACE_BOUND('',#1564,.T.);
#86=FACE_BOUND('',#1565,.T.);
#87=FACE_BOUND('',#1566,.T.);
#88=FACE_BOUND('',#1568,.T.);
#89=FACE_BOUND('',#1569,.T.);
#90=FACE_BOUND('',#1570,.T.);
#91=FACE_BOUND('',#1571,.T.);
#92=FACE_BOUND('',#1573,.T.);
#93=FACE_BOUND('',#1575,.T.);
#94=FACE_BOUND('',#1581,.T.);
#95=FACE_BOUND('',#1584,.T.);
#96=FACE_BOUND('',#1599,.T.);
#97=FACE_BOUND('',#1601,.T.);
#98=FACE_BOUND('',#1603,.T.);
#99=FACE_BOUND('',#1627,.T.);
#100=FACE_BOUND('',#1628,.T.);
#101=FACE_BOUND('',#1629,.T.);
#102=FACE_BOUND('',#1630,.T.);
#103=FACE_BOUND('',#1632,.T.);
#104=FACE_BOUND('',#1633,.T.);
#105=FACE_BOUND('',#1634,.T.);
#106=FACE_BOUND('',#1635,.T.);
#107=FACE_BOUND('',#1657,.T.);
#108=FACE_BOUND('',#1658,.T.);
#109=FACE_BOUND('',#1659,.T.);
#110=FACE_BOUND('',#1660,.T.);
#111=FACE_BOUND('',#1661,.T.);
#112=FACE_BOUND('',#1662,.T.);
#113=FACE_BOUND('',#1663,.T.);
#114=FACE_BOUND('',#1664,.T.);
#115=FACE_BOUND('',#1665,.T.);
#116=FACE_BOUND('',#1666,.T.);
#117=FACE_BOUND('',#1667,.T.);
#118=FACE_BOUND('',#1668,.T.);
#119=FACE_BOUND('',#1670,.T.);
#120=FACE_BOUND('',#1671,.T.);
#121=FACE_BOUND('',#1672,.T.);
#122=FACE_BOUND('',#1673,.T.);
#123=FACE_BOUND('',#1674,.T.);
#124=FACE_BOUND('',#1675,.T.);
#125=FACE_BOUND('',#1676,.T.);
#126=FACE_BOUND('',#1677,.T.);
#127=FACE_BOUND('',#1678,.T.);
#128=FACE_BOUND('',#1679,.T.);
#129=FACE_BOUND('',#1680,.T.);
#130=FACE_BOUND('',#1681,.T.);
#131=FACE_BOUND('',#1707,.T.);
#132=FACE_BOUND('',#1708,.T.);
#133=FACE_BOUND('',#1709,.T.);
#134=FACE_BOUND('',#1710,.T.);
#135=FACE_BOUND('',#1711,.T.);
#136=FACE_BOUND('',#1712,.T.);
#137=FACE_BOUND('',#1713,.T.);
#138=FACE_BOUND('',#1714,.T.);
#139=FACE_BOUND('',#1715,.T.);
#140=FACE_BOUND('',#1716,.T.);
#141=FACE_BOUND('',#1717,.T.);
#142=FACE_BOUND('',#1718,.T.);
#143=FACE_BOUND('',#1720,.T.);
#144=FACE_BOUND('',#1721,.T.);
#145=FACE_BOUND('',#1722,.T.);
#146=FACE_BOUND('',#1723,.T.);
#147=FACE_BOUND('',#1724,.T.);
#148=FACE_BOUND('',#1725,.T.);
#149=FACE_BOUND('',#1726,.T.);
#150=FACE_BOUND('',#1727,.T.);
#151=FACE_BOUND('',#1728,.T.);
#152=FACE_BOUND('',#1729,.T.);
#153=FACE_BOUND('',#1730,.T.);
#154=FACE_BOUND('',#1731,.T.);
#155=FACE_BOUND('',#1749,.T.);
#156=FACE_BOUND('',#1750,.T.);
#157=FACE_BOUND('',#1755,.T.);
#158=FACE_BOUND('',#1761,.T.);
#159=FACE_BOUND('',#1762,.T.);
#160=FACE_BOUND('',#1764,.T.);
#161=FACE_BOUND('',#1770,.T.);
#162=FACE_BOUND('',#1775,.T.);
#163=FACE_BOUND('',#1785,.T.);
#164=FACE_BOUND('',#1792,.T.);
#165=FACE_BOUND('',#1794,.T.);
#166=FACE_BOUND('',#1795,.T.);
#167=FACE_BOUND('',#1796,.T.);
#168=FACE_BOUND('',#1798,.T.);
#169=FACE_BOUND('',#1812,.T.);
#170=FACE_BOUND('',#1813,.T.);
#171=FACE_BOUND('',#1814,.T.);
#172=FACE_BOUND('',#1816,.T.);
#173=FACE_BOUND('',#1817,.T.);
#174=FACE_BOUND('',#1818,.T.);
#175=FACE_BOUND('',#1826,.T.);
#176=FACE_BOUND('',#1833,.T.);
#177=FACE_BOUND('',#1835,.T.);
#178=FACE_BOUND('',#1836,.T.);
#179=FACE_BOUND('',#1837,.T.);
#180=FACE_BOUND('',#1839,.T.);
#181=FACE_BOUND('',#1853,.T.);
#182=FACE_BOUND('',#1854,.T.);
#183=FACE_BOUND('',#1855,.T.);
#184=FACE_BOUND('',#1857,.T.);
#185=FACE_BOUND('',#1858,.T.);
#186=FACE_BOUND('',#1859,.T.);
#187=FACE_BOUND('',#1869,.T.);
#188=FACE_BOUND('',#1871,.T.);
#189=FACE_BOUND('',#1873,.T.);
#190=FACE_BOUND('',#1883,.T.);
#191=FACE_BOUND('',#1885,.T.);
#192=FACE_BOUND('',#1887,.T.);
#193=FACE_BOUND('',#1897,.T.);
#194=FACE_BOUND('',#1899,.T.);
#195=FACE_BOUND('',#1901,.T.);
#196=FACE_BOUND('',#1911,.T.);
#197=FACE_BOUND('',#1913,.T.);
#198=FACE_BOUND('',#1915,.T.);
#199=FACE_BOUND('',#1947,.T.);
#200=FACE_BOUND('',#1949,.T.);
#201=FACE_BOUND('',#1953,.T.);
#202=FACE_BOUND('',#1955,.T.);
#203=FACE_BOUND('',#1959,.T.);
#204=FACE_BOUND('',#1961,.T.);
#205=FACE_BOUND('',#1965,.T.);
#206=FACE_BOUND('',#1967,.T.);
#207=FACE_BOUND('',#1972,.T.);
#208=FACE_BOUND('',#1974,.T.);
#209=FACE_BOUND('',#1987,.T.);
#210=FACE_BOUND('',#1989,.T.);
#211=FACE_BOUND('',#2002,.T.);
#212=FACE_BOUND('',#2004,.T.);
#213=FACE_BOUND('',#2017,.T.);
#214=FACE_BOUND('',#2019,.T.);
#215=FACE_BOUND('',#2032,.T.);
#216=FACE_BOUND('',#2034,.T.);
#217=FACE_BOUND('',#2047,.T.);
#218=FACE_BOUND('',#2049,.T.);
#219=FACE_BOUND('',#2061,.T.);
#220=FACE_BOUND('',#2063,.T.);
#221=FACE_BOUND('',#2069,.T.);
#222=FACE_BOUND('',#2071,.T.);
#223=FACE_BOUND('',#2073,.T.);
#224=FACE_BOUND('',#2085,.T.);
#225=FACE_BOUND('',#2087,.T.);
#226=FACE_BOUND('',#2099,.T.);
#227=FACE_BOUND('',#2101,.T.);
#228=FACE_BOUND('',#2105,.T.);
#229=FACE_BOUND('',#2107,.T.);
#230=FACE_BOUND('',#2111,.T.);
#231=FACE_BOUND('',#2113,.T.);
#232=FACE_BOUND('',#2117,.T.);
#233=FACE_BOUND('',#2119,.T.);
#234=FACE_BOUND('',#2123,.T.);
#235=FACE_BOUND('',#2125,.T.);
#236=FACE_BOUND('',#2130,.T.);
#237=FACE_BOUND('',#2132,.T.);
#238=FACE_BOUND('',#2145,.T.);
#239=FACE_BOUND('',#2147,.T.);
#240=FACE_BOUND('',#2160,.T.);
#241=FACE_BOUND('',#2162,.T.);
#242=FACE_BOUND('',#2174,.T.);
#243=FACE_BOUND('',#2176,.T.);
#244=FACE_BOUND('',#2180,.T.);
#245=FACE_BOUND('',#2182,.T.);
#246=FACE_BOUND('',#2186,.T.);
#247=FACE_BOUND('',#2188,.T.);
#248=FACE_BOUND('',#2194,.T.);
#249=FACE_BOUND('',#2196,.T.);
#250=FACE_BOUND('',#2198,.T.);
#251=FACE_BOUND('',#2211,.T.);
#252=FACE_BOUND('',#2213,.T.);
#253=FACE_BOUND('',#2215,.T.);
#254=FACE_BOUND('',#2228,.T.);
#255=FACE_BOUND('',#2230,.T.);
#256=FACE_BOUND('',#2232,.T.);
#257=FACE_BOUND('',#2244,.T.);
#258=FACE_BOUND('',#2246,.T.);
#259=FACE_BOUND('',#2258,.T.);
#260=FACE_BOUND('',#2260,.T.);
#261=FACE_BOUND('',#2265,.T.);
#262=FACE_BOUND('',#2267,.T.);
#263=FACE_BOUND('',#2279,.T.);
#264=FACE_BOUND('',#2281,.T.);
#265=FACE_BOUND('',#2286,.T.);
#266=FACE_BOUND('',#2288,.T.);
#267=FACE_BOUND('',#2300,.T.);
#268=FACE_BOUND('',#2302,.T.);
#269=FACE_BOUND('',#2307,.T.);
#270=FACE_BOUND('',#2309,.T.);
#271=FACE_BOUND('',#2321,.T.);
#272=FACE_BOUND('',#2323,.T.);
#273=PLANE('',#10931);
#274=PLANE('',#10932);
#275=PLANE('',#10933);
#276=PLANE('',#10934);
#277=PLANE('',#10941);
#278=PLANE('',#10945);
#279=PLANE('',#10949);
#280=PLANE('',#10953);
#281=PLANE('',#10957);
#282=PLANE('',#10958);
#283=PLANE('',#10959);
#284=PLANE('',#10960);
#285=PLANE('',#10967);
#286=PLANE('',#10968);
#287=PLANE('',#10978);
#288=PLANE('',#10979);
#289=PLANE('',#11042);
#290=PLANE('',#11043);
#291=PLANE('',#11061);
#292=PLANE('',#11064);
#293=PLANE('',#11067);
#294=PLANE('',#11068);
#295=PLANE('',#11069);
#296=PLANE('',#11070);
#297=PLANE('',#11071);
#298=PLANE('',#11072);
#299=PLANE('',#11073);
#300=PLANE('',#11074);
#301=PLANE('',#11075);
#302=PLANE('',#11076);
#303=PLANE('',#11079);
#304=PLANE('',#11080);
#305=PLANE('',#11101);
#306=PLANE('',#11102);
#307=PLANE('',#11103);
#308=PLANE('',#11125);
#309=PLANE('',#11135);
#310=PLANE('',#11142);
#311=PLANE('',#11146);
#312=PLANE('',#11150);
#313=PLANE('',#11154);
#314=PLANE('',#11158);
#315=PLANE('',#11159);
#316=PLANE('',#11205);
#317=PLANE('',#11209);
#318=PLANE('',#11213);
#319=PLANE('',#11214);
#320=PLANE('',#11218);
#321=PLANE('',#11222);
#322=PLANE('',#11271);
#323=PLANE('',#11275);
#324=PLANE('',#11279);
#325=PLANE('',#11280);
#326=PLANE('',#11284);
#327=PLANE('',#11288);
#328=PLANE('',#11320);
#329=PLANE('',#11323);
#330=PLANE('',#11325);
#331=PLANE('',#11327);
#332=PLANE('',#11328);
#333=PLANE('',#11329);
#334=PLANE('',#11335);
#335=PLANE('',#11353);
#336=PLANE('',#11354);
#337=PLANE('',#11355);
#338=PLANE('',#11356);
#339=PLANE('',#11357);
#340=PLANE('',#11358);
#341=PLANE('',#11359);
#342=PLANE('',#11381);
#343=PLANE('',#11385);
#344=PLANE('',#11386);
#345=PLANE('',#11387);
#346=PLANE('',#11388);
#347=PLANE('',#11389);
#348=PLANE('',#11390);
#349=PLANE('',#11391);
#350=PLANE('',#11409);
#351=PLANE('',#11413);
#352=PLANE('',#11414);
#353=PLANE('',#11418);
#354=PLANE('',#11419);
#355=PLANE('',#11420);
#356=PLANE('',#11442);
#357=PLANE('',#11446);
#358=PLANE('',#11447);
#359=PLANE('',#11448);
#360=PLANE('',#11449);
#361=PLANE('',#11450);
#362=PLANE('',#11451);
#363=PLANE('',#11452);
#364=PLANE('',#11470);
#365=PLANE('',#11474);
#366=PLANE('',#11475);
#367=PLANE('',#11479);
#368=PLANE('',#11480);
#369=PLANE('',#11481);
#370=PLANE('',#11502);
#371=PLANE('',#11503);
#372=PLANE('',#11504);
#373=PLANE('',#11525);
#374=PLANE('',#11526);
#375=PLANE('',#11527);
#376=PLANE('',#11548);
#377=PLANE('',#11549);
#378=PLANE('',#11550);
#379=PLANE('',#11571);
#380=PLANE('',#11572);
#381=PLANE('',#11573);
#382=PLANE('',#11580);
#383=PLANE('',#11584);
#384=PLANE('',#11588);
#385=PLANE('',#11592);
#386=PLANE('',#11596);
#387=PLANE('',#11597);
#388=PLANE('',#11598);
#389=PLANE('',#11599);
#390=PLANE('',#11606);
#391=PLANE('',#11610);
#392=PLANE('',#11614);
#393=PLANE('',#11618);
#394=PLANE('',#11622);
#395=PLANE('',#11623);
#396=PLANE('',#11624);
#397=PLANE('',#11625);
#398=PLANE('',#11632);
#399=PLANE('',#11633);
#400=PLANE('',#11640);
#401=PLANE('',#11641);
#402=PLANE('',#11648);
#403=PLANE('',#11649);
#404=PLANE('',#11656);
#405=PLANE('',#11657);
#406=PLANE('',#11666);
#407=PLANE('',#11667);
#408=PLANE('',#11668);
#409=PLANE('',#11669);
#410=PLANE('',#11670);
#411=PLANE('',#11671);
#412=PLANE('',#11672);
#413=PLANE('',#11673);
#414=PLANE('',#11674);
#415=PLANE('',#11675);
#416=PLANE('',#11684);
#417=PLANE('',#11685);
#418=PLANE('',#11686);
#419=PLANE('',#11687);
#420=PLANE('',#11688);
#421=PLANE('',#11689);
#422=PLANE('',#11690);
#423=PLANE('',#11691);
#424=PLANE('',#11692);
#425=PLANE('',#11693);
#426=PLANE('',#11702);
#427=PLANE('',#11703);
#428=PLANE('',#11704);
#429=PLANE('',#11705);
#430=PLANE('',#11706);
#431=PLANE('',#11707);
#432=PLANE('',#11708);
#433=PLANE('',#11709);
#434=PLANE('',#11710);
#435=PLANE('',#11711);
#436=PLANE('',#11720);
#437=PLANE('',#11721);
#438=PLANE('',#11722);
#439=PLANE('',#11723);
#440=PLANE('',#11724);
#441=PLANE('',#11725);
#442=PLANE('',#11726);
#443=PLANE('',#11727);
#444=PLANE('',#11728);
#445=PLANE('',#11729);
#446=PLANE('',#11738);
#447=PLANE('',#11739);
#448=PLANE('',#11740);
#449=PLANE('',#11741);
#450=PLANE('',#11742);
#451=PLANE('',#11743);
#452=PLANE('',#11744);
#453=PLANE('',#11745);
#454=PLANE('',#11746);
#455=PLANE('',#11747);
#456=PLANE('',#11756);
#457=PLANE('',#11757);
#458=PLANE('',#11758);
#459=PLANE('',#11759);
#460=PLANE('',#11760);
#461=PLANE('',#11761);
#462=PLANE('',#11762);
#463=PLANE('',#11763);
#464=PLANE('',#11764);
#465=PLANE('',#11765);
#466=PLANE('',#11772);
#467=PLANE('',#11773);
#468=PLANE('',#11784);
#469=PLANE('',#11785);
#470=PLANE('',#11786);
#471=PLANE('',#11787);
#472=PLANE('',#11788);
#473=PLANE('',#11789);
#474=PLANE('',#11790);
#475=PLANE('',#11791);
#476=PLANE('',#11792);
#477=PLANE('',#11793);
#478=PLANE('',#11802);
#479=PLANE('',#11803);
#480=PLANE('',#11804);
#481=PLANE('',#11805);
#482=PLANE('',#11806);
#483=PLANE('',#11807);
#484=PLANE('',#11808);
#485=PLANE('',#11809);
#486=PLANE('',#11810);
#487=PLANE('',#11811);
#488=PLANE('',#11818);
#489=PLANE('',#11819);
#490=PLANE('',#11826);
#491=PLANE('',#11827);
#492=PLANE('',#11834);
#493=PLANE('',#11835);
#494=PLANE('',#11842);
#495=PLANE('',#11843);
#496=PLANE('',#11850);
#497=PLANE('',#11851);
#498=PLANE('',#11860);
#499=PLANE('',#11861);
#500=PLANE('',#11862);
#501=PLANE('',#11863);
#502=PLANE('',#11864);
#503=PLANE('',#11865);
#504=PLANE('',#11866);
#505=PLANE('',#11867);
#506=PLANE('',#11868);
#507=PLANE('',#11869);
#508=PLANE('',#11878);
#509=PLANE('',#11879);
#510=PLANE('',#11880);
#511=PLANE('',#11881);
#512=PLANE('',#11882);
#513=PLANE('',#11883);
#514=PLANE('',#11884);
#515=PLANE('',#11885);
#516=PLANE('',#11886);
#517=PLANE('',#11887);
#518=PLANE('',#11896);
#519=PLANE('',#11897);
#520=PLANE('',#11898);
#521=PLANE('',#11899);
#522=PLANE('',#11900);
#523=PLANE('',#11901);
#524=PLANE('',#11902);
#525=PLANE('',#11903);
#526=PLANE('',#11904);
#527=PLANE('',#11905);
#528=PLANE('',#11912);
#529=PLANE('',#11913);
#530=PLANE('',#11920);
#531=PLANE('',#11921);
#532=PLANE('',#11928);
#533=PLANE('',#11929);
#534=PLANE('',#11940);
#535=PLANE('',#11941);
#536=PLANE('',#11942);
#537=PLANE('',#11943);
#538=PLANE('',#11944);
#539=PLANE('',#11945);
#540=PLANE('',#11946);
#541=PLANE('',#11947);
#542=PLANE('',#11948);
#543=PLANE('',#11949);
#544=PLANE('',#11960);
#545=PLANE('',#11961);
#546=PLANE('',#11962);
#547=PLANE('',#11963);
#548=PLANE('',#11964);
#549=PLANE('',#11965);
#550=PLANE('',#11966);
#551=PLANE('',#11967);
#552=PLANE('',#11968);
#553=PLANE('',#11969);
#554=PLANE('',#11980);
#555=PLANE('',#11981);
#556=PLANE('',#11982);
#557=PLANE('',#11983);
#558=PLANE('',#11984);
#559=PLANE('',#11985);
#560=PLANE('',#11986);
#561=PLANE('',#11987);
#562=PLANE('',#11988);
#563=PLANE('',#11989);
#564=PLANE('',#11998);
#565=PLANE('',#11999);
#566=PLANE('',#12000);
#567=PLANE('',#12001);
#568=PLANE('',#12002);
#569=PLANE('',#12003);
#570=PLANE('',#12004);
#571=PLANE('',#12005);
#572=PLANE('',#12006);
#573=PLANE('',#12007);
#574=PLANE('',#12014);
#575=PLANE('',#12015);
#576=PLANE('',#12024);
#577=PLANE('',#12025);
#578=PLANE('',#12026);
#579=PLANE('',#12027);
#580=PLANE('',#12028);
#581=PLANE('',#12029);
#582=PLANE('',#12030);
#583=PLANE('',#12031);
#584=PLANE('',#12032);
#585=PLANE('',#12033);
#586=PLANE('',#12040);
#587=PLANE('',#12041);
#588=PLANE('',#12050);
#589=PLANE('',#12051);
#590=PLANE('',#12052);
#591=PLANE('',#12053);
#592=PLANE('',#12054);
#593=PLANE('',#12055);
#594=PLANE('',#12056);
#595=PLANE('',#12057);
#596=PLANE('',#12058);
#597=PLANE('',#12059);
#598=PLANE('',#12066);
#599=PLANE('',#12067);
#600=PLANE('',#12076);
#601=PLANE('',#12077);
#602=PLANE('',#12078);
#603=PLANE('',#12079);
#604=PLANE('',#12080);
#605=PLANE('',#12081);
#606=PLANE('',#12082);
#607=PLANE('',#12083);
#608=PLANE('',#12084);
#609=PLANE('',#12085);
#610=PLANE('',#12092);
#611=PLANE('',#12093);
#612=CYLINDRICAL_SURFACE('',#10919,3.99999999999994);
#613=CYLINDRICAL_SURFACE('',#10921,2.99999999999994);
#614=CYLINDRICAL_SURFACE('',#10926,3.99999999999997);
#615=CYLINDRICAL_SURFACE('',#10928,15.);
#616=CYLINDRICAL_SURFACE('',#10935,6.);
#617=CYLINDRICAL_SURFACE('',#10938,3.);
#618=CYLINDRICAL_SURFACE('',#10942,4.6);
#619=CYLINDRICAL_SURFACE('',#10946,3.);
#620=CYLINDRICAL_SURFACE('',#10950,4.6);
#621=CYLINDRICAL_SURFACE('',#10954,3.);
#622=CYLINDRICAL_SURFACE('',#10961,8.);
#623=CYLINDRICAL_SURFACE('',#10964,4.20000000000624);
#624=CYLINDRICAL_SURFACE('',#10969,9.);
#625=CYLINDRICAL_SURFACE('',#10972,4.);
#626=CYLINDRICAL_SURFACE('',#10975,0.75);
#627=CYLINDRICAL_SURFACE('',#10980,1.24999999999999);
#628=CYLINDRICAL_SURFACE('',#10984,1.69999999999999);
#629=CYLINDRICAL_SURFACE('',#10988,1.24999999999999);
#630=CYLINDRICAL_SURFACE('',#10992,1.69999999999999);
#631=CYLINDRICAL_SURFACE('',#10999,5.);
#632=CYLINDRICAL_SURFACE('',#11001,1.24999999999999);
#633=CYLINDRICAL_SURFACE('',#11005,1.69999999999999);
#634=CYLINDRICAL_SURFACE('',#11009,1.24999999999999);
#635=CYLINDRICAL_SURFACE('',#11013,1.69999999999999);
#636=CYLINDRICAL_SURFACE('',#11032,5.);
#637=CYLINDRICAL_SURFACE('',#11034,2.);
#638=CYLINDRICAL_SURFACE('',#11036,8.);
#639=CYLINDRICAL_SURFACE('',#11038,2.);
#640=CYLINDRICAL_SURFACE('',#11040,8.);
#641=CYLINDRICAL_SURFACE('',#11044,15.);
#642=CYLINDRICAL_SURFACE('',#11049,3.);
#643=CYLINDRICAL_SURFACE('',#11052,3.);
#644=CYLINDRICAL_SURFACE('',#11055,3.);
#645=CYLINDRICAL_SURFACE('',#11058,3.);
#646=CYLINDRICAL_SURFACE('',#11077,5.);
#647=CYLINDRICAL_SURFACE('',#11078,5.);
#648=CYLINDRICAL_SURFACE('',#11087,7.5);
#649=CYLINDRICAL_SURFACE('',#11089,4.);
#650=CYLINDRICAL_SURFACE('',#11097,5.);
#651=CYLINDRICAL_SURFACE('',#11104,2.14999999999999);
#652=CYLINDRICAL_SURFACE('',#11107,2.14999999999999);
#653=CYLINDRICAL_SURFACE('',#11110,2.15);
#654=CYLINDRICAL_SURFACE('',#11113,2.14999999999999);
#655=CYLINDRICAL_SURFACE('',#11116,0.500000000000021);
#656=CYLINDRICAL_SURFACE('',#11119,0.5);
#657=CYLINDRICAL_SURFACE('',#11122,10.5);
#658=CYLINDRICAL_SURFACE('',#11126,27.);
#659=CYLINDRICAL_SURFACE('',#11129,25.0000000000001);
#660=CYLINDRICAL_SURFACE('',#11132,385.839379533265);
#661=CYLINDRICAL_SURFACE('',#11136,0.5);
#662=CYLINDRICAL_SURFACE('',#11139,0.5);
#663=CYLINDRICAL_SURFACE('',#11143,5.);
#664=CYLINDRICAL_SURFACE('',#11147,22.);
#665=CYLINDRICAL_SURFACE('',#11151,5.50000000000001);
#666=CYLINDRICAL_SURFACE('',#11155,5.46765530914402);
#667=CYLINDRICAL_SURFACE('',#11160,2.15000000000001);
#668=CYLINDRICAL_SURFACE('',#11163,2.15000000000001);
#669=CYLINDRICAL_SURFACE('',#11166,2.15);
#670=CYLINDRICAL_SURFACE('',#11169,2.15000000000001);
#671=CYLINDRICAL_SURFACE('',#11172,2.15);
#672=CYLINDRICAL_SURFACE('',#11175,2.15);
#673=CYLINDRICAL_SURFACE('',#11178,2.);
#674=CYLINDRICAL_SURFACE('',#11181,1.7);
#675=CYLINDRICAL_SURFACE('',#11184,1.7);
#676=CYLINDRICAL_SURFACE('',#11187,1.7);
#677=CYLINDRICAL_SURFACE('',#11190,8.);
#678=CYLINDRICAL_SURFACE('',#11193,5.);
#679=CYLINDRICAL_SURFACE('',#11196,15.);
#680=CYLINDRICAL_SURFACE('',#11199,385.839379533265);
#681=CYLINDRICAL_SURFACE('',#11202,385.839379533265);
#682=CYLINDRICAL_SURFACE('',#11206,9.99999999999998);
#683=CYLINDRICAL_SURFACE('',#11210,9.99999999999999);
#684=CYLINDRICAL_SURFACE('',#11223,27.);
#685=CYLINDRICAL_SURFACE('',#11224,25.0000000000001);
#686=CYLINDRICAL_SURFACE('',#11225,10.);
#687=CYLINDRICAL_SURFACE('',#11226,2.15000000000001);
#688=CYLINDRICAL_SURFACE('',#11229,2.15000000000001);
#689=CYLINDRICAL_SURFACE('',#11232,2.15);
#690=CYLINDRICAL_SURFACE('',#11235,2.15000000000001);
#691=CYLINDRICAL_SURFACE('',#11238,2.15);
#692=CYLINDRICAL_SURFACE('',#11241,2.15);
#693=CYLINDRICAL_SURFACE('',#11244,2.);
#694=CYLINDRICAL_SURFACE('',#11247,1.7);
#695=CYLINDRICAL_SURFACE('',#11250,1.7);
#696=CYLINDRICAL_SURFACE('',#11253,1.7);
#697=CYLINDRICAL_SURFACE('',#11256,8.);
#698=CYLINDRICAL_SURFACE('',#11259,5.);
#699=CYLINDRICAL_SURFACE('',#11262,15.);
#700=CYLINDRICAL_SURFACE('',#11265,385.839379533265);
#701=CYLINDRICAL_SURFACE('',#11268,385.839379533265);
#702=CYLINDRICAL_SURFACE('',#11272,9.99999999999998);
#703=CYLINDRICAL_SURFACE('',#11276,9.99999999999999);
#704=CYLINDRICAL_SURFACE('',#11289,27.);
#705=CYLINDRICAL_SURFACE('',#11290,25.0000000000001);
#706=CYLINDRICAL_SURFACE('',#11291,10.);
#707=CYLINDRICAL_SURFACE('',#11292,3.4);
#708=CYLINDRICAL_SURFACE('',#11296,2.24999999999999);
#709=CYLINDRICAL_SURFACE('',#11302,2.24999999999999);
#710=CYLINDRICAL_SURFACE('',#11308,2.24999999999999);
#711=CYLINDRICAL_SURFACE('',#11313,2.24999999999999);
#712=CYLINDRICAL_SURFACE('',#11318,1.65);
#713=CYLINDRICAL_SURFACE('',#11319,1.65);
#714=CYLINDRICAL_SURFACE('',#11330,10.);
#715=CYLINDRICAL_SURFACE('',#11331,10.);
#716=CYLINDRICAL_SURFACE('',#11333,10.);
#717=CYLINDRICAL_SURFACE('',#11339,8.9);
#718=CYLINDRICAL_SURFACE('',#11344,6.5);
#719=CYLINDRICAL_SURFACE('',#11351,4.);
#720=CYLINDRICAL_SURFACE('',#11363,5.);
#721=CYLINDRICAL_SURFACE('',#11365,1.24999999999999);
#722=CYLINDRICAL_SURFACE('',#11368,1.24999999999999);
#723=CYLINDRICAL_SURFACE('',#11371,8.);
#724=CYLINDRICAL_SURFACE('',#11378,5.);
#725=CYLINDRICAL_SURFACE('',#11382,5.);
#726=CYLINDRICAL_SURFACE('',#11395,5.);
#727=CYLINDRICAL_SURFACE('',#11397,1.7);
#728=CYLINDRICAL_SURFACE('',#11400,1.7);
#729=CYLINDRICAL_SURFACE('',#11403,5.);
#730=CYLINDRICAL_SURFACE('',#11406,5.);
#731=CYLINDRICAL_SURFACE('',#11410,8.);
#732=CYLINDRICAL_SURFACE('',#11415,8.);
#733=CYLINDRICAL_SURFACE('',#11424,5.);
#734=CYLINDRICAL_SURFACE('',#11426,1.24999999999999);
#735=CYLINDRICAL_SURFACE('',#11429,1.24999999999999);
#736=CYLINDRICAL_SURFACE('',#11432,8.);
#737=CYLINDRICAL_SURFACE('',#11439,5.);
#738=CYLINDRICAL_SURFACE('',#11443,5.);
#739=CYLINDRICAL_SURFACE('',#11456,5.);
#740=CYLINDRICAL_SURFACE('',#11458,1.7);
#741=CYLINDRICAL_SURFACE('',#11461,1.7);
#742=CYLINDRICAL_SURFACE('',#11464,5.);
#743=CYLINDRICAL_SURFACE('',#11467,5.);
#744=CYLINDRICAL_SURFACE('',#11471,8.);
#745=CYLINDRICAL_SURFACE('',#11476,8.);
#746=CYLINDRICAL_SURFACE('',#11488,7.5);
#747=CYLINDRICAL_SURFACE('',#11490,4.);
#748=CYLINDRICAL_SURFACE('',#11498,5.);
#749=CYLINDRICAL_SURFACE('',#11511,7.5);
#750=CYLINDRICAL_SURFACE('',#11513,4.);
#751=CYLINDRICAL_SURFACE('',#11521,5.);
#752=CYLINDRICAL_SURFACE('',#11534,7.5);
#753=CYLINDRICAL_SURFACE('',#11536,4.);
#754=CYLINDRICAL_SURFACE('',#11544,5.);
#755=CYLINDRICAL_SURFACE('',#11557,7.5);
#756=CYLINDRICAL_SURFACE('',#11559,4.);
#757=CYLINDRICAL_SURFACE('',#11567,5.);
#758=CYLINDRICAL_SURFACE('',#11574,6.);
#759=CYLINDRICAL_SURFACE('',#11577,3.);
#760=CYLINDRICAL_SURFACE('',#11581,4.6);
#761=CYLINDRICAL_SURFACE('',#11585,3.);
#762=CYLINDRICAL_SURFACE('',#11589,4.6);
#763=CYLINDRICAL_SURFACE('',#11593,3.);
#764=CYLINDRICAL_SURFACE('',#11600,6.);
#765=CYLINDRICAL_SURFACE('',#11603,3.);
#766=CYLINDRICAL_SURFACE('',#11607,4.6);
#767=CYLINDRICAL_SURFACE('',#11611,3.);
#768=CYLINDRICAL_SURFACE('',#11615,4.6);
#769=CYLINDRICAL_SURFACE('',#11619,3.);
#770=CYLINDRICAL_SURFACE('',#11626,8.);
#771=CYLINDRICAL_SURFACE('',#11629,4.20000000000624);
#772=CYLINDRICAL_SURFACE('',#11634,8.);
#773=CYLINDRICAL_SURFACE('',#11637,4.20000000000624);
#774=CYLINDRICAL_SURFACE('',#11642,8.);
#775=CYLINDRICAL_SURFACE('',#11645,4.20000000000624);
#776=CYLINDRICAL_SURFACE('',#11650,8.);
#777=CYLINDRICAL_SURFACE('',#11653,4.20000000000624);
#778=CYLINDRICAL_SURFACE('',#11658,1.5);
#779=CYLINDRICAL_SURFACE('',#11663,2.75);
#780=CYLINDRICAL_SURFACE('',#11676,1.5);
#781=CYLINDRICAL_SURFACE('',#11681,2.75);
#782=CYLINDRICAL_SURFACE('',#11694,1.5);
#783=CYLINDRICAL_SURFACE('',#11699,2.75);
#784=CYLINDRICAL_SURFACE('',#11712,1.5);
#785=CYLINDRICAL_SURFACE('',#11717,2.75);
#786=CYLINDRICAL_SURFACE('',#11730,1.5);
#787=CYLINDRICAL_SURFACE('',#11735,2.75);
#788=CYLINDRICAL_SURFACE('',#11748,1.5);
#789=CYLINDRICAL_SURFACE('',#11753,2.75);
#790=CYLINDRICAL_SURFACE('',#11766,1.6);
#791=CYLINDRICAL_SURFACE('',#11769,3.);
#792=CYLINDRICAL_SURFACE('',#11774,1.24999999999999);
#793=CYLINDRICAL_SURFACE('',#11778,2.);
#794=CYLINDRICAL_SURFACE('',#11781,4.25);
#795=CYLINDRICAL_SURFACE('',#11794,1.5);
#796=CYLINDRICAL_SURFACE('',#11799,2.75);
#797=CYLINDRICAL_SURFACE('',#11812,1.6);
#798=CYLINDRICAL_SURFACE('',#11815,3.);
#799=CYLINDRICAL_SURFACE('',#11820,2.15);
#800=CYLINDRICAL_SURFACE('',#11823,4.);
#801=CYLINDRICAL_SURFACE('',#11828,1.6);
#802=CYLINDRICAL_SURFACE('',#11831,3.);
#803=CYLINDRICAL_SURFACE('',#11836,1.6);
#804=CYLINDRICAL_SURFACE('',#11839,3.);
#805=CYLINDRICAL_SURFACE('',#11844,1.6);
#806=CYLINDRICAL_SURFACE('',#11847,3.);
#807=CYLINDRICAL_SURFACE('',#11852,1.5);
#808=CYLINDRICAL_SURFACE('',#11857,2.75);
#809=CYLINDRICAL_SURFACE('',#11870,1.5);
#810=CYLINDRICAL_SURFACE('',#11875,2.75);
#811=CYLINDRICAL_SURFACE('',#11888,1.5);
#812=CYLINDRICAL_SURFACE('',#11893,2.75);
#813=CYLINDRICAL_SURFACE('',#11906,2.15);
#814=CYLINDRICAL_SURFACE('',#11909,4.);
#815=CYLINDRICAL_SURFACE('',#11914,2.15);
#816=CYLINDRICAL_SURFACE('',#11917,4.);
#817=CYLINDRICAL_SURFACE('',#11922,2.15);
#818=CYLINDRICAL_SURFACE('',#11925,4.);
#819=CYLINDRICAL_SURFACE('',#11930,1.24999999999999);
#820=CYLINDRICAL_SURFACE('',#11934,2.);
#821=CYLINDRICAL_SURFACE('',#11937,4.25);
#822=CYLINDRICAL_SURFACE('',#11950,1.24999999999999);
#823=CYLINDRICAL_SURFACE('',#11954,2.);
#824=CYLINDRICAL_SURFACE('',#11957,4.25);
#825=CYLINDRICAL_SURFACE('',#11970,1.24999999999999);
#826=CYLINDRICAL_SURFACE('',#11974,2.);
#827=CYLINDRICAL_SURFACE('',#11977,4.25);
#828=CYLINDRICAL_SURFACE('',#11990,2.);
#829=CYLINDRICAL_SURFACE('',#11995,3.5);
#830=CYLINDRICAL_SURFACE('',#12008,2.15);
#831=CYLINDRICAL_SURFACE('',#12011,4.);
#832=CYLINDRICAL_SURFACE('',#12016,2.);
#833=CYLINDRICAL_SURFACE('',#12021,3.5);
#834=CYLINDRICAL_SURFACE('',#12034,2.15);
#835=CYLINDRICAL_SURFACE('',#12037,4.);
#836=CYLINDRICAL_SURFACE('',#12042,2.);
#837=CYLINDRICAL_SURFACE('',#12047,3.5);
#838=CYLINDRICAL_SURFACE('',#12060,2.15);
#839=CYLINDRICAL_SURFACE('',#12063,4.);
#840=CYLINDRICAL_SURFACE('',#12068,2.);
#841=CYLINDRICAL_SURFACE('',#12073,3.5);
#842=CYLINDRICAL_SURFACE('',#12086,2.15);
#843=CYLINDRICAL_SURFACE('',#12089,4.);
#844=FACE_OUTER_BOUND('',#1485,.T.);
#845=FACE_OUTER_BOUND('',#1486,.T.);
#846=FACE_OUTER_BOUND('',#1487,.T.);
#847=FACE_OUTER_BOUND('',#1488,.T.);
#848=FACE_OUTER_BOUND('',#1489,.T.);
#849=FACE_OUTER_BOUND('',#1490,.T.);
#850=FACE_OUTER_BOUND('',#1491,.T.);
#851=FACE_OUTER_BOUND('',#1492,.T.);
#852=FACE_OUTER_BOUND('',#1494,.T.);
#853=FACE_OUTER_BOUND('',#1496,.T.);
#854=FACE_OUTER_BOUND('',#1497,.T.);
#855=FACE_OUTER_BOUND('',#1498,.T.);
#856=FACE_OUTER_BOUND('',#1499,.T.);
#857=FACE_OUTER_BOUND('',#1500,.T.);
#858=FACE_OUTER_BOUND('',#1501,.T.);
#859=FACE_OUTER_BOUND('',#1502,.T.);
#860=FACE_OUTER_BOUND('',#1503,.T.);
#861=FACE_OUTER_BOUND('',#1504,.T.);
#862=FACE_OUTER_BOUND('',#1505,.T.);
#863=FACE_OUTER_BOUND('',#1506,.T.);
#864=FACE_OUTER_BOUND('',#1507,.T.);
#865=FACE_OUTER_BOUND('',#1508,.T.);
#866=FACE_OUTER_BOUND('',#1509,.T.);
#867=FACE_OUTER_BOUND('',#1510,.T.);
#868=FACE_OUTER_BOUND('',#1511,.T.);
#869=FACE_OUTER_BOUND('',#1512,.T.);
#870=FACE_OUTER_BOUND('',#1513,.T.);
#871=FACE_OUTER_BOUND('',#1515,.T.);
#872=FACE_OUTER_BOUND('',#1517,.T.);
#873=FACE_OUTER_BOUND('',#1518,.T.);
#874=FACE_OUTER_BOUND('',#1519,.T.);
#875=FACE_OUTER_BOUND('',#1520,.T.);
#876=FACE_OUTER_BOUND('',#1523,.T.);
#877=FACE_OUTER_BOUND('',#1526,.T.);
#878=FACE_OUTER_BOUND('',#1527,.T.);
#879=FACE_OUTER_BOUND('',#1528,.T.);
#880=FACE_OUTER_BOUND('',#1529,.T.);
#881=FACE_OUTER_BOUND('',#1530,.T.);
#882=FACE_OUTER_BOUND('',#1531,.T.);
#883=FACE_OUTER_BOUND('',#1532,.T.);
#884=FACE_OUTER_BOUND('',#1533,.T.);
#885=FACE_OUTER_BOUND('',#1534,.T.);
#886=FACE_OUTER_BOUND('',#1535,.T.);
#887=FACE_OUTER_BOUND('',#1536,.T.);
#888=FACE_OUTER_BOUND('',#1537,.T.);
#889=FACE_OUTER_BOUND('',#1538,.T.);
#890=FACE_OUTER_BOUND('',#1539,.T.);
#891=FACE_OUTER_BOUND('',#1540,.T.);
#892=FACE_OUTER_BOUND('',#1541,.T.);
#893=FACE_OUTER_BOUND('',#1542,.T.);
#894=FACE_OUTER_BOUND('',#1543,.T.);
#895=FACE_OUTER_BOUND('',#1544,.T.);
#896=FACE_OUTER_BOUND('',#1545,.T.);
#897=FACE_OUTER_BOUND('',#1546,.T.);
#898=FACE_OUTER_BOUND('',#1547,.T.);
#899=FACE_OUTER_BOUND('',#1548,.T.);
#900=FACE_OUTER_BOUND('',#1549,.T.);
#901=FACE_OUTER_BOUND('',#1550,.T.);
#902=FACE_OUTER_BOUND('',#1551,.T.);
#903=FACE_OUTER_BOUND('',#1552,.T.);
#904=FACE_OUTER_BOUND('',#1553,.T.);
#905=FACE_OUTER_BOUND('',#1554,.T.);
#906=FACE_OUTER_BOUND('',#1555,.T.);
#907=FACE_OUTER_BOUND('',#1556,.T.);
#908=FACE_OUTER_BOUND('',#1558,.T.);
#909=FACE_OUTER_BOUND('',#1559,.T.);
#910=FACE_OUTER_BOUND('',#1560,.T.);
#911=FACE_OUTER_BOUND('',#1561,.T.);
#912=FACE_OUTER_BOUND('',#1562,.T.);
#913=FACE_OUTER_BOUND('',#1567,.T.);
#914=FACE_OUTER_BOUND('',#1572,.T.);
#915=FACE_OUTER_BOUND('',#1574,.T.);
#916=FACE_OUTER_BOUND('',#1576,.T.);
#917=FACE_OUTER_BOUND('',#1577,.T.);
#918=FACE_OUTER_BOUND('',#1578,.T.);
#919=FACE_OUTER_BOUND('',#1579,.T.);
#920=FACE_OUTER_BOUND('',#1580,.T.);
#921=FACE_OUTER_BOUND('',#1582,.T.);
#922=FACE_OUTER_BOUND('',#1583,.T.);
#923=FACE_OUTER_BOUND('',#1585,.T.);
#924=FACE_OUTER_BOUND('',#1586,.T.);
#925=FACE_OUTER_BOUND('',#1587,.T.);
#926=FACE_OUTER_BOUND('',#1588,.T.);
#927=FACE_OUTER_BOUND('',#1589,.T.);
#928=FACE_OUTER_BOUND('',#1590,.T.);
#929=FACE_OUTER_BOUND('',#1591,.T.);
#930=FACE_OUTER_BOUND('',#1592,.T.);
#931=FACE_OUTER_BOUND('',#1593,.T.);
#932=FACE_OUTER_BOUND('',#1594,.T.);
#933=FACE_OUTER_BOUND('',#1595,.T.);
#934=FACE_OUTER_BOUND('',#1596,.T.);
#935=FACE_OUTER_BOUND('',#1597,.T.);
#936=FACE_OUTER_BOUND('',#1598,.T.);
#937=FACE_OUTER_BOUND('',#1600,.T.);
#938=FACE_OUTER_BOUND('',#1602,.T.);
#939=FACE_OUTER_BOUND('',#1604,.T.);
#940=FACE_OUTER_BOUND('',#1605,.T.);
#941=FACE_OUTER_BOUND('',#1606,.T.);
#942=FACE_OUTER_BOUND('',#1607,.T.);
#943=FACE_OUTER_BOUND('',#1608,.T.);
#944=FACE_OUTER_BOUND('',#1609,.T.);
#945=FACE_OUTER_BOUND('',#1610,.T.);
#946=FACE_OUTER_BOUND('',#1611,.T.);
#947=FACE_OUTER_BOUND('',#1612,.T.);
#948=FACE_OUTER_BOUND('',#1613,.T.);
#949=FACE_OUTER_BOUND('',#1614,.T.);
#950=FACE_OUTER_BOUND('',#1615,.T.);
#951=FACE_OUTER_BOUND('',#1616,.T.);
#952=FACE_OUTER_BOUND('',#1617,.T.);
#953=FACE_OUTER_BOUND('',#1618,.T.);
#954=FACE_OUTER_BOUND('',#1619,.T.);
#955=FACE_OUTER_BOUND('',#1620,.T.);
#956=FACE_OUTER_BOUND('',#1621,.T.);
#957=FACE_OUTER_BOUND('',#1622,.T.);
#958=FACE_OUTER_BOUND('',#1623,.T.);
#959=FACE_OUTER_BOUND('',#1624,.T.);
#960=FACE_OUTER_BOUND('',#1625,.T.);
#961=FACE_OUTER_BOUND('',#1626,.T.);
#962=FACE_OUTER_BOUND('',#1631,.T.);
#963=FACE_OUTER_BOUND('',#1636,.T.);
#964=FACE_OUTER_BOUND('',#1637,.T.);
#965=FACE_OUTER_BOUND('',#1638,.T.);
#966=FACE_OUTER_BOUND('',#1639,.T.);
#967=FACE_OUTER_BOUND('',#1640,.T.);
#968=FACE_OUTER_BOUND('',#1641,.T.);
#969=FACE_OUTER_BOUND('',#1642,.T.);
#970=FACE_OUTER_BOUND('',#1643,.T.);
#971=FACE_OUTER_BOUND('',#1644,.T.);
#972=FACE_OUTER_BOUND('',#1645,.T.);
#973=FACE_OUTER_BOUND('',#1646,.T.);
#974=FACE_OUTER_BOUND('',#1647,.T.);
#975=FACE_OUTER_BOUND('',#1648,.T.);
#976=FACE_OUTER_BOUND('',#1649,.T.);
#977=FACE_OUTER_BOUND('',#1650,.T.);
#978=FACE_OUTER_BOUND('',#1651,.T.);
#979=FACE_OUTER_BOUND('',#1652,.T.);
#980=FACE_OUTER_BOUND('',#1653,.T.);
#981=FACE_OUTER_BOUND('',#1654,.T.);
#982=FACE_OUTER_BOUND('',#1655,.T.);
#983=FACE_OUTER_BOUND('',#1656,.T.);
#984=FACE_OUTER_BOUND('',#1669,.T.);
#985=FACE_OUTER_BOUND('',#1682,.T.);
#986=FACE_OUTER_BOUND('',#1683,.T.);
#987=FACE_OUTER_BOUND('',#1684,.T.);
#988=FACE_OUTER_BOUND('',#1685,.T.);
#989=FACE_OUTER_BOUND('',#1686,.T.);
#990=FACE_OUTER_BOUND('',#1687,.T.);
#991=FACE_OUTER_BOUND('',#1688,.T.);
#992=FACE_OUTER_BOUND('',#1689,.T.);
#993=FACE_OUTER_BOUND('',#1690,.T.);
#994=FACE_OUTER_BOUND('',#1691,.T.);
#995=FACE_OUTER_BOUND('',#1692,.T.);
#996=FACE_OUTER_BOUND('',#1693,.T.);
#997=FACE_OUTER_BOUND('',#1694,.T.);
#998=FACE_OUTER_BOUND('',#1695,.T.);
#999=FACE_OUTER_BOUND('',#1696,.T.);
#1000=FACE_OUTER_BOUND('',#1697,.T.);
#1001=FACE_OUTER_BOUND('',#1698,.T.);
#1002=FACE_OUTER_BOUND('',#1699,.T.);
#1003=FACE_OUTER_BOUND('',#1700,.T.);
#1004=FACE_OUTER_BOUND('',#1701,.T.);
#1005=FACE_OUTER_BOUND('',#1702,.T.);
#1006=FACE_OUTER_BOUND('',#1703,.T.);
#1007=FACE_OUTER_BOUND('',#1704,.T.);
#1008=FACE_OUTER_BOUND('',#1705,.T.);
#1009=FACE_OUTER_BOUND('',#1706,.T.);
#1010=FACE_OUTER_BOUND('',#1719,.T.);
#1011=FACE_OUTER_BOUND('',#1732,.T.);
#1012=FACE_OUTER_BOUND('',#1733,.T.);
#1013=FACE_OUTER_BOUND('',#1734,.T.);
#1014=FACE_OUTER_BOUND('',#1735,.T.);
#1015=FACE_OUTER_BOUND('',#1736,.T.);
#1016=FACE_OUTER_BOUND('',#1737,.T.);
#1017=FACE_OUTER_BOUND('',#1738,.T.);
#1018=FACE_OUTER_BOUND('',#1739,.T.);
#1019=FACE_OUTER_BOUND('',#1740,.T.);
#1020=FACE_OUTER_BOUND('',#1741,.T.);
#1021=FACE_OUTER_BOUND('',#1742,.T.);
#1022=FACE_OUTER_BOUND('',#1743,.T.);
#1023=FACE_OUTER_BOUND('',#1744,.T.);
#1024=FACE_OUTER_BOUND('',#1745,.T.);
#1025=FACE_OUTER_BOUND('',#1746,.T.);
#1026=FACE_OUTER_BOUND('',#1747,.T.);
#1027=FACE_OUTER_BOUND('',#1748,.T.);
#1028=FACE_OUTER_BOUND('',#1751,.T.);
#1029=FACE_OUTER_BOUND('',#1752,.T.);
#1030=FACE_OUTER_BOUND('',#1753,.T.);
#1031=FACE_OUTER_BOUND('',#1754,.T.);
#1032=FACE_OUTER_BOUND('',#1756,.T.);
#1033=FACE_OUTER_BOUND('',#1757,.T.);
#1034=FACE_OUTER_BOUND('',#1758,.T.);
#1035=FACE_OUTER_BOUND('',#1759,.T.);
#1036=FACE_OUTER_BOUND('',#1760,.T.);
#1037=FACE_OUTER_BOUND('',#1763,.T.);
#1038=FACE_OUTER_BOUND('',#1765,.T.);
#1039=FACE_OUTER_BOUND('',#1766,.T.);
#1040=FACE_OUTER_BOUND('',#1767,.T.);
#1041=FACE_OUTER_BOUND('',#1768,.T.);
#1042=FACE_OUTER_BOUND('',#1769,.T.);
#1043=FACE_OUTER_BOUND('',#1771,.T.);
#1044=FACE_OUTER_BOUND('',#1772,.T.);
#1045=FACE_OUTER_BOUND('',#1773,.T.);
#1046=FACE_OUTER_BOUND('',#1774,.T.);
#1047=FACE_OUTER_BOUND('',#1776,.T.);
#1048=FACE_OUTER_BOUND('',#1777,.T.);
#1049=FACE_OUTER_BOUND('',#1778,.T.);
#1050=FACE_OUTER_BOUND('',#1779,.T.);
#1051=FACE_OUTER_BOUND('',#1780,.T.);
#1052=FACE_OUTER_BOUND('',#1781,.T.);
#1053=FACE_OUTER_BOUND('',#1782,.T.);
#1054=FACE_OUTER_BOUND('',#1783,.T.);
#1055=FACE_OUTER_BOUND('',#1784,.T.);
#1056=FACE_OUTER_BOUND('',#1786,.T.);
#1057=FACE_OUTER_BOUND('',#1787,.T.);
#1058=FACE_OUTER_BOUND('',#1788,.T.);
#1059=FACE_OUTER_BOUND('',#1789,.T.);
#1060=FACE_OUTER_BOUND('',#1790,.T.);
#1061=FACE_OUTER_BOUND('',#1791,.T.);
#1062=FACE_OUTER_BOUND('',#1793,.T.);
#1063=FACE_OUTER_BOUND('',#1797,.T.);
#1064=FACE_OUTER_BOUND('',#1799,.T.);
#1065=FACE_OUTER_BOUND('',#1800,.T.);
#1066=FACE_OUTER_BOUND('',#1801,.T.);
#1067=FACE_OUTER_BOUND('',#1802,.T.);
#1068=FACE_OUTER_BOUND('',#1803,.T.);
#1069=FACE_OUTER_BOUND('',#1804,.T.);
#1070=FACE_OUTER_BOUND('',#1805,.T.);
#1071=FACE_OUTER_BOUND('',#1806,.T.);
#1072=FACE_OUTER_BOUND('',#1807,.T.);
#1073=FACE_OUTER_BOUND('',#1808,.T.);
#1074=FACE_OUTER_BOUND('',#1809,.T.);
#1075=FACE_OUTER_BOUND('',#1810,.T.);
#1076=FACE_OUTER_BOUND('',#1811,.T.);
#1077=FACE_OUTER_BOUND('',#1815,.T.);
#1078=FACE_OUTER_BOUND('',#1819,.T.);
#1079=FACE_OUTER_BOUND('',#1820,.T.);
#1080=FACE_OUTER_BOUND('',#1821,.T.);
#1081=FACE_OUTER_BOUND('',#1822,.T.);
#1082=FACE_OUTER_BOUND('',#1823,.T.);
#1083=FACE_OUTER_BOUND('',#1824,.T.);
#1084=FACE_OUTER_BOUND('',#1825,.T.);
#1085=FACE_OUTER_BOUND('',#1827,.T.);
#1086=FACE_OUTER_BOUND('',#1828,.T.);
#1087=FACE_OUTER_BOUND('',#1829,.T.);
#1088=FACE_OUTER_BOUND('',#1830,.T.);
#1089=FACE_OUTER_BOUND('',#1831,.T.);
#1090=FACE_OUTER_BOUND('',#1832,.T.);
#1091=FACE_OUTER_BOUND('',#1834,.T.);
#1092=FACE_OUTER_BOUND('',#1838,.T.);
#1093=FACE_OUTER_BOUND('',#1840,.T.);
#1094=FACE_OUTER_BOUND('',#1841,.T.);
#1095=FACE_OUTER_BOUND('',#1842,.T.);
#1096=FACE_OUTER_BOUND('',#1843,.T.);
#1097=FACE_OUTER_BOUND('',#1844,.T.);
#1098=FACE_OUTER_BOUND('',#1845,.T.);
#1099=FACE_OUTER_BOUND('',#1846,.T.);
#1100=FACE_OUTER_BOUND('',#1847,.T.);
#1101=FACE_OUTER_BOUND('',#1848,.T.);
#1102=FACE_OUTER_BOUND('',#1849,.T.);
#1103=FACE_OUTER_BOUND('',#1850,.T.);
#1104=FACE_OUTER_BOUND('',#1851,.T.);
#1105=FACE_OUTER_BOUND('',#1852,.T.);
#1106=FACE_OUTER_BOUND('',#1856,.T.);
#1107=FACE_OUTER_BOUND('',#1860,.T.);
#1108=FACE_OUTER_BOUND('',#1861,.T.);
#1109=FACE_OUTER_BOUND('',#1862,.T.);
#1110=FACE_OUTER_BOUND('',#1863,.T.);
#1111=FACE_OUTER_BOUND('',#1864,.T.);
#1112=FACE_OUTER_BOUND('',#1865,.T.);
#1113=FACE_OUTER_BOUND('',#1866,.T.);
#1114=FACE_OUTER_BOUND('',#1867,.T.);
#1115=FACE_OUTER_BOUND('',#1868,.T.);
#1116=FACE_OUTER_BOUND('',#1870,.T.);
#1117=FACE_OUTER_BOUND('',#1872,.T.);
#1118=FACE_OUTER_BOUND('',#1874,.T.);
#1119=FACE_OUTER_BOUND('',#1875,.T.);
#1120=FACE_OUTER_BOUND('',#1876,.T.);
#1121=FACE_OUTER_BOUND('',#1877,.T.);
#1122=FACE_OUTER_BOUND('',#1878,.T.);
#1123=FACE_OUTER_BOUND('',#1879,.T.);
#1124=FACE_OUTER_BOUND('',#1880,.T.);
#1125=FACE_OUTER_BOUND('',#1881,.T.);
#1126=FACE_OUTER_BOUND('',#1882,.T.);
#1127=FACE_OUTER_BOUND('',#1884,.T.);
#1128=FACE_OUTER_BOUND('',#1886,.T.);
#1129=FACE_OUTER_BOUND('',#1888,.T.);
#1130=FACE_OUTER_BOUND('',#1889,.T.);
#1131=FACE_OUTER_BOUND('',#1890,.T.);
#1132=FACE_OUTER_BOUND('',#1891,.T.);
#1133=FACE_OUTER_BOUND('',#1892,.T.);
#1134=FACE_OUTER_BOUND('',#1893,.T.);
#1135=FACE_OUTER_BOUND('',#1894,.T.);
#1136=FACE_OUTER_BOUND('',#1895,.T.);
#1137=FACE_OUTER_BOUND('',#1896,.T.);
#1138=FACE_OUTER_BOUND('',#1898,.T.);
#1139=FACE_OUTER_BOUND('',#1900,.T.);
#1140=FACE_OUTER_BOUND('',#1902,.T.);
#1141=FACE_OUTER_BOUND('',#1903,.T.);
#1142=FACE_OUTER_BOUND('',#1904,.T.);
#1143=FACE_OUTER_BOUND('',#1905,.T.);
#1144=FACE_OUTER_BOUND('',#1906,.T.);
#1145=FACE_OUTER_BOUND('',#1907,.T.);
#1146=FACE_OUTER_BOUND('',#1908,.T.);
#1147=FACE_OUTER_BOUND('',#1909,.T.);
#1148=FACE_OUTER_BOUND('',#1910,.T.);
#1149=FACE_OUTER_BOUND('',#1912,.T.);
#1150=FACE_OUTER_BOUND('',#1914,.T.);
#1151=FACE_OUTER_BOUND('',#1916,.T.);
#1152=FACE_OUTER_BOUND('',#1917,.T.);
#1153=FACE_OUTER_BOUND('',#1918,.T.);
#1154=FACE_OUTER_BOUND('',#1919,.T.);
#1155=FACE_OUTER_BOUND('',#1920,.T.);
#1156=FACE_OUTER_BOUND('',#1921,.T.);
#1157=FACE_OUTER_BOUND('',#1922,.T.);
#1158=FACE_OUTER_BOUND('',#1923,.T.);
#1159=FACE_OUTER_BOUND('',#1924,.T.);
#1160=FACE_OUTER_BOUND('',#1925,.T.);
#1161=FACE_OUTER_BOUND('',#1926,.T.);
#1162=FACE_OUTER_BOUND('',#1927,.T.);
#1163=FACE_OUTER_BOUND('',#1928,.T.);
#1164=FACE_OUTER_BOUND('',#1929,.T.);
#1165=FACE_OUTER_BOUND('',#1930,.T.);
#1166=FACE_OUTER_BOUND('',#1931,.T.);
#1167=FACE_OUTER_BOUND('',#1932,.T.);
#1168=FACE_OUTER_BOUND('',#1933,.T.);
#1169=FACE_OUTER_BOUND('',#1934,.T.);
#1170=FACE_OUTER_BOUND('',#1935,.T.);
#1171=FACE_OUTER_BOUND('',#1936,.T.);
#1172=FACE_OUTER_BOUND('',#1937,.T.);
#1173=FACE_OUTER_BOUND('',#1938,.T.);
#1174=FACE_OUTER_BOUND('',#1939,.T.);
#1175=FACE_OUTER_BOUND('',#1940,.T.);
#1176=FACE_OUTER_BOUND('',#1941,.T.);
#1177=FACE_OUTER_BOUND('',#1942,.T.);
#1178=FACE_OUTER_BOUND('',#1943,.T.);
#1179=FACE_OUTER_BOUND('',#1944,.T.);
#1180=FACE_OUTER_BOUND('',#1945,.T.);
#1181=FACE_OUTER_BOUND('',#1946,.T.);
#1182=FACE_OUTER_BOUND('',#1948,.T.);
#1183=FACE_OUTER_BOUND('',#1950,.T.);
#1184=FACE_OUTER_BOUND('',#1951,.T.);
#1185=FACE_OUTER_BOUND('',#1952,.T.);
#1186=FACE_OUTER_BOUND('',#1954,.T.);
#1187=FACE_OUTER_BOUND('',#1956,.T.);
#1188=FACE_OUTER_BOUND('',#1957,.T.);
#1189=FACE_OUTER_BOUND('',#1958,.T.);
#1190=FACE_OUTER_BOUND('',#1960,.T.);
#1191=FACE_OUTER_BOUND('',#1962,.T.);
#1192=FACE_OUTER_BOUND('',#1963,.T.);
#1193=FACE_OUTER_BOUND('',#1964,.T.);
#1194=FACE_OUTER_BOUND('',#1966,.T.);
#1195=FACE_OUTER_BOUND('',#1968,.T.);
#1196=FACE_OUTER_BOUND('',#1969,.T.);
#1197=FACE_OUTER_BOUND('',#1970,.T.);
#1198=FACE_OUTER_BOUND('',#1971,.T.);
#1199=FACE_OUTER_BOUND('',#1973,.T.);
#1200=FACE_OUTER_BOUND('',#1975,.T.);
#1201=FACE_OUTER_BOUND('',#1976,.T.);
#1202=FACE_OUTER_BOUND('',#1977,.T.);
#1203=FACE_OUTER_BOUND('',#1978,.T.);
#1204=FACE_OUTER_BOUND('',#1979,.T.);
#1205=FACE_OUTER_BOUND('',#1980,.T.);
#1206=FACE_OUTER_BOUND('',#1981,.T.);
#1207=FACE_OUTER_BOUND('',#1982,.T.);
#1208=FACE_OUTER_BOUND('',#1983,.T.);
#1209=FACE_OUTER_BOUND('',#1984,.T.);
#1210=FACE_OUTER_BOUND('',#1985,.T.);
#1211=FACE_OUTER_BOUND('',#1986,.T.);
#1212=FACE_OUTER_BOUND('',#1988,.T.);
#1213=FACE_OUTER_BOUND('',#1990,.T.);
#1214=FACE_OUTER_BOUND('',#1991,.T.);
#1215=FACE_OUTER_BOUND('',#1992,.T.);
#1216=FACE_OUTER_BOUND('',#1993,.T.);
#1217=FACE_OUTER_BOUND('',#1994,.T.);
#1218=FACE_OUTER_BOUND('',#1995,.T.);
#1219=FACE_OUTER_BOUND('',#1996,.T.);
#1220=FACE_OUTER_BOUND('',#1997,.T.);
#1221=FACE_OUTER_BOUND('',#1998,.T.);
#1222=FACE_OUTER_BOUND('',#1999,.T.);
#1223=FACE_OUTER_BOUND('',#2000,.T.);
#1224=FACE_OUTER_BOUND('',#2001,.T.);
#1225=FACE_OUTER_BOUND('',#2003,.T.);
#1226=FACE_OUTER_BOUND('',#2005,.T.);
#1227=FACE_OUTER_BOUND('',#2006,.T.);
#1228=FACE_OUTER_BOUND('',#2007,.T.);
#1229=FACE_OUTER_BOUND('',#2008,.T.);
#1230=FACE_OUTER_BOUND('',#2009,.T.);
#1231=FACE_OUTER_BOUND('',#2010,.T.);
#1232=FACE_OUTER_BOUND('',#2011,.T.);
#1233=FACE_OUTER_BOUND('',#2012,.T.);
#1234=FACE_OUTER_BOUND('',#2013,.T.);
#1235=FACE_OUTER_BOUND('',#2014,.T.);
#1236=FACE_OUTER_BOUND('',#2015,.T.);
#1237=FACE_OUTER_BOUND('',#2016,.T.);
#1238=FACE_OUTER_BOUND('',#2018,.T.);
#1239=FACE_OUTER_BOUND('',#2020,.T.);
#1240=FACE_OUTER_BOUND('',#2021,.T.);
#1241=FACE_OUTER_BOUND('',#2022,.T.);
#1242=FACE_OUTER_BOUND('',#2023,.T.);
#1243=FACE_OUTER_BOUND('',#2024,.T.);
#1244=FACE_OUTER_BOUND('',#2025,.T.);
#1245=FACE_OUTER_BOUND('',#2026,.T.);
#1246=FACE_OUTER_BOUND('',#2027,.T.);
#1247=FACE_OUTER_BOUND('',#2028,.T.);
#1248=FACE_OUTER_BOUND('',#2029,.T.);
#1249=FACE_OUTER_BOUND('',#2030,.T.);
#1250=FACE_OUTER_BOUND('',#2031,.T.);
#1251=FACE_OUTER_BOUND('',#2033,.T.);
#1252=FACE_OUTER_BOUND('',#2035,.T.);
#1253=FACE_OUTER_BOUND('',#2036,.T.);
#1254=FACE_OUTER_BOUND('',#2037,.T.);
#1255=FACE_OUTER_BOUND('',#2038,.T.);
#1256=FACE_OUTER_BOUND('',#2039,.T.);
#1257=FACE_OUTER_BOUND('',#2040,.T.);
#1258=FACE_OUTER_BOUND('',#2041,.T.);
#1259=FACE_OUTER_BOUND('',#2042,.T.);
#1260=FACE_OUTER_BOUND('',#2043,.T.);
#1261=FACE_OUTER_BOUND('',#2044,.T.);
#1262=FACE_OUTER_BOUND('',#2045,.T.);
#1263=FACE_OUTER_BOUND('',#2046,.T.);
#1264=FACE_OUTER_BOUND('',#2048,.T.);
#1265=FACE_OUTER_BOUND('',#2050,.T.);
#1266=FACE_OUTER_BOUND('',#2051,.T.);
#1267=FACE_OUTER_BOUND('',#2052,.T.);
#1268=FACE_OUTER_BOUND('',#2053,.T.);
#1269=FACE_OUTER_BOUND('',#2054,.T.);
#1270=FACE_OUTER_BOUND('',#2055,.T.);
#1271=FACE_OUTER_BOUND('',#2056,.T.);
#1272=FACE_OUTER_BOUND('',#2057,.T.);
#1273=FACE_OUTER_BOUND('',#2058,.T.);
#1274=FACE_OUTER_BOUND('',#2059,.T.);
#1275=FACE_OUTER_BOUND('',#2060,.T.);
#1276=FACE_OUTER_BOUND('',#2062,.T.);
#1277=FACE_OUTER_BOUND('',#2064,.T.);
#1278=FACE_OUTER_BOUND('',#2065,.T.);
#1279=FACE_OUTER_BOUND('',#2066,.T.);
#1280=FACE_OUTER_BOUND('',#2067,.T.);
#1281=FACE_OUTER_BOUND('',#2068,.T.);
#1282=FACE_OUTER_BOUND('',#2070,.T.);
#1283=FACE_OUTER_BOUND('',#2072,.T.);
#1284=FACE_OUTER_BOUND('',#2074,.T.);
#1285=FACE_OUTER_BOUND('',#2075,.T.);
#1286=FACE_OUTER_BOUND('',#2076,.T.);
#1287=FACE_OUTER_BOUND('',#2077,.T.);
#1288=FACE_OUTER_BOUND('',#2078,.T.);
#1289=FACE_OUTER_BOUND('',#2079,.T.);
#1290=FACE_OUTER_BOUND('',#2080,.T.);
#1291=FACE_OUTER_BOUND('',#2081,.T.);
#1292=FACE_OUTER_BOUND('',#2082,.T.);
#1293=FACE_OUTER_BOUND('',#2083,.T.);
#1294=FACE_OUTER_BOUND('',#2084,.T.);
#1295=FACE_OUTER_BOUND('',#2086,.T.);
#1296=FACE_OUTER_BOUND('',#2088,.T.);
#1297=FACE_OUTER_BOUND('',#2089,.T.);
#1298=FACE_OUTER_BOUND('',#2090,.T.);
#1299=FACE_OUTER_BOUND('',#2091,.T.);
#1300=FACE_OUTER_BOUND('',#2092,.T.);
#1301=FACE_OUTER_BOUND('',#2093,.T.);
#1302=FACE_OUTER_BOUND('',#2094,.T.);
#1303=FACE_OUTER_BOUND('',#2095,.T.);
#1304=FACE_OUTER_BOUND('',#2096,.T.);
#1305=FACE_OUTER_BOUND('',#2097,.T.);
#1306=FACE_OUTER_BOUND('',#2098,.T.);
#1307=FACE_OUTER_BOUND('',#2100,.T.);
#1308=FACE_OUTER_BOUND('',#2102,.T.);
#1309=FACE_OUTER_BOUND('',#2103,.T.);
#1310=FACE_OUTER_BOUND('',#2104,.T.);
#1311=FACE_OUTER_BOUND('',#2106,.T.);
#1312=FACE_OUTER_BOUND('',#2108,.T.);
#1313=FACE_OUTER_BOUND('',#2109,.T.);
#1314=FACE_OUTER_BOUND('',#2110,.T.);
#1315=FACE_OUTER_BOUND('',#2112,.T.);
#1316=FACE_OUTER_BOUND('',#2114,.T.);
#1317=FACE_OUTER_BOUND('',#2115,.T.);
#1318=FACE_OUTER_BOUND('',#2116,.T.);
#1319=FACE_OUTER_BOUND('',#2118,.T.);
#1320=FACE_OUTER_BOUND('',#2120,.T.);
#1321=FACE_OUTER_BOUND('',#2121,.T.);
#1322=FACE_OUTER_BOUND('',#2122,.T.);
#1323=FACE_OUTER_BOUND('',#2124,.T.);
#1324=FACE_OUTER_BOUND('',#2126,.T.);
#1325=FACE_OUTER_BOUND('',#2127,.T.);
#1326=FACE_OUTER_BOUND('',#2128,.T.);
#1327=FACE_OUTER_BOUND('',#2129,.T.);
#1328=FACE_OUTER_BOUND('',#2131,.T.);
#1329=FACE_OUTER_BOUND('',#2133,.T.);
#1330=FACE_OUTER_BOUND('',#2134,.T.);
#1331=FACE_OUTER_BOUND('',#2135,.T.);
#1332=FACE_OUTER_BOUND('',#2136,.T.);
#1333=FACE_OUTER_BOUND('',#2137,.T.);
#1334=FACE_OUTER_BOUND('',#2138,.T.);
#1335=FACE_OUTER_BOUND('',#2139,.T.);
#1336=FACE_OUTER_BOUND('',#2140,.T.);
#1337=FACE_OUTER_BOUND('',#2141,.T.);
#1338=FACE_OUTER_BOUND('',#2142,.T.);
#1339=FACE_OUTER_BOUND('',#2143,.T.);
#1340=FACE_OUTER_BOUND('',#2144,.T.);
#1341=FACE_OUTER_BOUND('',#2146,.T.);
#1342=FACE_OUTER_BOUND('',#2148,.T.);
#1343=FACE_OUTER_BOUND('',#2149,.T.);
#1344=FACE_OUTER_BOUND('',#2150,.T.);
#1345=FACE_OUTER_BOUND('',#2151,.T.);
#1346=FACE_OUTER_BOUND('',#2152,.T.);
#1347=FACE_OUTER_BOUND('',#2153,.T.);
#1348=FACE_OUTER_BOUND('',#2154,.T.);
#1349=FACE_OUTER_BOUND('',#2155,.T.);
#1350=FACE_OUTER_BOUND('',#2156,.T.);
#1351=FACE_OUTER_BOUND('',#2157,.T.);
#1352=FACE_OUTER_BOUND('',#2158,.T.);
#1353=FACE_OUTER_BOUND('',#2159,.T.);
#1354=FACE_OUTER_BOUND('',#2161,.T.);
#1355=FACE_OUTER_BOUND('',#2163,.T.);
#1356=FACE_OUTER_BOUND('',#2164,.T.);
#1357=FACE_OUTER_BOUND('',#2165,.T.);
#1358=FACE_OUTER_BOUND('',#2166,.T.);
#1359=FACE_OUTER_BOUND('',#2167,.T.);
#1360=FACE_OUTER_BOUND('',#2168,.T.);
#1361=FACE_OUTER_BOUND('',#2169,.T.);
#1362=FACE_OUTER_BOUND('',#2170,.T.);
#1363=FACE_OUTER_BOUND('',#2171,.T.);
#1364=FACE_OUTER_BOUND('',#2172,.T.);
#1365=FACE_OUTER_BOUND('',#2173,.T.);
#1366=FACE_OUTER_BOUND('',#2175,.T.);
#1367=FACE_OUTER_BOUND('',#2177,.T.);
#1368=FACE_OUTER_BOUND('',#2178,.T.);
#1369=FACE_OUTER_BOUND('',#2179,.T.);
#1370=FACE_OUTER_BOUND('',#2181,.T.);
#1371=FACE_OUTER_BOUND('',#2183,.T.);
#1372=FACE_OUTER_BOUND('',#2184,.T.);
#1373=FACE_OUTER_BOUND('',#2185,.T.);
#1374=FACE_OUTER_BOUND('',#2187,.T.);
#1375=FACE_OUTER_BOUND('',#2189,.T.);
#1376=FACE_OUTER_BOUND('',#2190,.T.);
#1377=FACE_OUTER_BOUND('',#2191,.T.);
#1378=FACE_OUTER_BOUND('',#2192,.T.);
#1379=FACE_OUTER_BOUND('',#2193,.T.);
#1380=FACE_OUTER_BOUND('',#2195,.T.);
#1381=FACE_OUTER_BOUND('',#2197,.T.);
#1382=FACE_OUTER_BOUND('',#2199,.T.);
#1383=FACE_OUTER_BOUND('',#2200,.T.);
#1384=FACE_OUTER_BOUND('',#2201,.T.);
#1385=FACE_OUTER_BOUND('',#2202,.T.);
#1386=FACE_OUTER_BOUND('',#2203,.T.);
#1387=FACE_OUTER_BOUND('',#2204,.T.);
#1388=FACE_OUTER_BOUND('',#2205,.T.);
#1389=FACE_OUTER_BOUND('',#2206,.T.);
#1390=FACE_OUTER_BOUND('',#2207,.T.);
#1391=FACE_OUTER_BOUND('',#2208,.T.);
#1392=FACE_OUTER_BOUND('',#2209,.T.);
#1393=FACE_OUTER_BOUND('',#2210,.T.);
#1394=FACE_OUTER_BOUND('',#2212,.T.);
#1395=FACE_OUTER_BOUND('',#2214,.T.);
#1396=FACE_OUTER_BOUND('',#2216,.T.);
#1397=FACE_OUTER_BOUND('',#2217,.T.);
#1398=FACE_OUTER_BOUND('',#2218,.T.);
#1399=FACE_OUTER_BOUND('',#2219,.T.);
#1400=FACE_OUTER_BOUND('',#2220,.T.);
#1401=FACE_OUTER_BOUND('',#2221,.T.);
#1402=FACE_OUTER_BOUND('',#2222,.T.);
#1403=FACE_OUTER_BOUND('',#2223,.T.);
#1404=FACE_OUTER_BOUND('',#2224,.T.);
#1405=FACE_OUTER_BOUND('',#2225,.T.);
#1406=FACE_OUTER_BOUND('',#2226,.T.);
#1407=FACE_OUTER_BOUND('',#2227,.T.);
#1408=FACE_OUTER_BOUND('',#2229,.T.);
#1409=FACE_OUTER_BOUND('',#2231,.T.);
#1410=FACE_OUTER_BOUND('',#2233,.T.);
#1411=FACE_OUTER_BOUND('',#2234,.T.);
#1412=FACE_OUTER_BOUND('',#2235,.T.);
#1413=FACE_OUTER_BOUND('',#2236,.T.);
#1414=FACE_OUTER_BOUND('',#2237,.T.);
#1415=FACE_OUTER_BOUND('',#2238,.T.);
#1416=FACE_OUTER_BOUND('',#2239,.T.);
#1417=FACE_OUTER_BOUND('',#2240,.T.);
#1418=FACE_OUTER_BOUND('',#2241,.T.);
#1419=FACE_OUTER_BOUND('',#2242,.T.);
#1420=FACE_OUTER_BOUND('',#2243,.T.);
#1421=FACE_OUTER_BOUND('',#2245,.T.);
#1422=FACE_OUTER_BOUND('',#2247,.T.);
#1423=FACE_OUTER_BOUND('',#2248,.T.);
#1424=FACE_OUTER_BOUND('',#2249,.T.);
#1425=FACE_OUTER_BOUND('',#2250,.T.);
#1426=FACE_OUTER_BOUND('',#2251,.T.);
#1427=FACE_OUTER_BOUND('',#2252,.T.);
#1428=FACE_OUTER_BOUND('',#2253,.T.);
#1429=FACE_OUTER_BOUND('',#2254,.T.);
#1430=FACE_OUTER_BOUND('',#2255,.T.);
#1431=FACE_OUTER_BOUND('',#2256,.T.);
#1432=FACE_OUTER_BOUND('',#2257,.T.);
#1433=FACE_OUTER_BOUND('',#2259,.T.);
#1434=FACE_OUTER_BOUND('',#2261,.T.);
#1435=FACE_OUTER_BOUND('',#2262,.T.);
#1436=FACE_OUTER_BOUND('',#2263,.T.);
#1437=FACE_OUTER_BOUND('',#2264,.T.);
#1438=FACE_OUTER_BOUND('',#2266,.T.);
#1439=FACE_OUTER_BOUND('',#2268,.T.);
#1440=FACE_OUTER_BOUND('',#2269,.T.);
#1441=FACE_OUTER_BOUND('',#2270,.T.);
#1442=FACE_OUTER_BOUND('',#2271,.T.);
#1443=FACE_OUTER_BOUND('',#2272,.T.);
#1444=FACE_OUTER_BOUND('',#2273,.T.);
#1445=FACE_OUTER_BOUND('',#2274,.T.);
#1446=FACE_OUTER_BOUND('',#2275,.T.);
#1447=FACE_OUTER_BOUND('',#2276,.T.);
#1448=FACE_OUTER_BOUND('',#2277,.T.);
#1449=FACE_OUTER_BOUND('',#2278,.T.);
#1450=FACE_OUTER_BOUND('',#2280,.T.);
#1451=FACE_OUTER_BOUND('',#2282,.T.);
#1452=FACE_OUTER_BOUND('',#2283,.T.);
#1453=FACE_OUTER_BOUND('',#2284,.T.);
#1454=FACE_OUTER_BOUND('',#2285,.T.);
#1455=FACE_OUTER_BOUND('',#2287,.T.);
#1456=FACE_OUTER_BOUND('',#2289,.T.);
#1457=FACE_OUTER_BOUND('',#2290,.T.);
#1458=FACE_OUTER_BOUND('',#2291,.T.);
#1459=FACE_OUTER_BOUND('',#2292,.T.);
#1460=FACE_OUTER_BOUND('',#2293,.T.);
#1461=FACE_OUTER_BOUND('',#2294,.T.);
#1462=FACE_OUTER_BOUND('',#2295,.T.);
#1463=FACE_OUTER_BOUND('',#2296,.T.);
#1464=FACE_OUTER_BOUND('',#2297,.T.);
#1465=FACE_OUTER_BOUND('',#2298,.T.);
#1466=FACE_OUTER_BOUND('',#2299,.T.);
#1467=FACE_OUTER_BOUND('',#2301,.T.);
#1468=FACE_OUTER_BOUND('',#2303,.T.);
#1469=FACE_OUTER_BOUND('',#2304,.T.);
#1470=FACE_OUTER_BOUND('',#2305,.T.);
#1471=FACE_OUTER_BOUND('',#2306,.T.);
#1472=FACE_OUTER_BOUND('',#2308,.T.);
#1473=FACE_OUTER_BOUND('',#2310,.T.);
#1474=FACE_OUTER_BOUND('',#2311,.T.);
#1475=FACE_OUTER_BOUND('',#2312,.T.);
#1476=FACE_OUTER_BOUND('',#2313,.T.);
#1477=FACE_OUTER_BOUND('',#2314,.T.);
#1478=FACE_OUTER_BOUND('',#2315,.T.);
#1479=FACE_OUTER_BOUND('',#2316,.T.);
#1480=FACE_OUTER_BOUND('',#2317,.T.);
#1481=FACE_OUTER_BOUND('',#2318,.T.);
#1482=FACE_OUTER_BOUND('',#2319,.T.);
#1483=FACE_OUTER_BOUND('',#2320,.T.);
#1484=FACE_OUTER_BOUND('',#2322,.T.);
#1485=EDGE_LOOP('',(#6730,#6731,#6732,#6733));
#1486=EDGE_LOOP('',(#6734,#6735,#6736,#6737));
#1487=EDGE_LOOP('',(#6738,#6739,#6740,#6741));
#1488=EDGE_LOOP('',(#6742,#6743,#6744,#6745));
#1489=EDGE_LOOP('',(#6746,#6747,#6748,#6749));
#1490=EDGE_LOOP('',(#6750,#6751,#6752,#6753));
#1491=EDGE_LOOP('',(#6754));
#1492=EDGE_LOOP('',(#6755));
#1493=EDGE_LOOP('',(#6756));
#1494=EDGE_LOOP('',(#6757));
#1495=EDGE_LOOP('',(#6758));
#1496=EDGE_LOOP('',(#6759));
#1497=EDGE_LOOP('',(#6760,#6761,#6762,#6763));
#1498=EDGE_LOOP('',(#6764,#6765,#6766,#6767));
#1499=EDGE_LOOP('',(#6768,#6769,#6770,#6771));
#1500=EDGE_LOOP('',(#6772,#6773,#6774,#6775));
#1501=EDGE_LOOP('',(#6776,#6777,#6778,#6779));
#1502=EDGE_LOOP('',(#6780,#6781,#6782,#6783));
#1503=EDGE_LOOP('',(#6784,#6785,#6786,#6787));
#1504=EDGE_LOOP('',(#6788,#6789,#6790,#6791));
#1505=EDGE_LOOP('',(#6792,#6793,#6794,#6795));
#1506=EDGE_LOOP('',(#6796,#6797,#6798,#6799));
#1507=EDGE_LOOP('',(#6800,#6801,#6802,#6803));
#1508=EDGE_LOOP('',(#6804,#6805,#6806,#6807));
#1509=EDGE_LOOP('',(#6808,#6809,#6810,#6811,#6812,#6813,#6814,#6815,#6816,
#6817,#6818,#6819));
#1510=EDGE_LOOP('',(#6820,#6821,#6822,#6823,#6824,#6825,#6826,#6827,#6828,
#6829,#6830,#6831));
#1511=EDGE_LOOP('',(#6832,#6833,#6834,#6835));
#1512=EDGE_LOOP('',(#6836,#6837,#6838,#6839));
#1513=EDGE_LOOP('',(#6840));
#1514=EDGE_LOOP('',(#6841));
#1515=EDGE_LOOP('',(#6842));
#1516=EDGE_LOOP('',(#6843));
#1517=EDGE_LOOP('',(#6844,#6845,#6846,#6847));
#1518=EDGE_LOOP('',(#6848,#6849,#6850,#6851));
#1519=EDGE_LOOP('',(#6852,#6853,#6854,#6855));
#1520=EDGE_LOOP('',(#6856));
#1521=EDGE_LOOP('',(#6857));
#1522=EDGE_LOOP('',(#6858));
#1523=EDGE_LOOP('',(#6859));
#1524=EDGE_LOOP('',(#6860));
#1525=EDGE_LOOP('',(#6861));
#1526=EDGE_LOOP('',(#6862,#6863,#6864,#6865));
#1527=EDGE_LOOP('',(#6866,#6867,#6868));
#1528=EDGE_LOOP('',(#6869,#6870,#6871,#6872));
#1529=EDGE_LOOP('',(#6873,#6874,#6875,#6876));
#1530=EDGE_LOOP('',(#6877,#6878,#6879,#6880));
#1531=EDGE_LOOP('',(#6881,#6882,#6883));
#1532=EDGE_LOOP('',(#6884,#6885,#6886,#6887));
#1533=EDGE_LOOP('',(#6888,#6889,#6890,#6891));
#1534=EDGE_LOOP('',(#6892,#6893,#6894,#6895));
#1535=EDGE_LOOP('',(#6896,#6897,#6898,#6899));
#1536=EDGE_LOOP('',(#6900,#6901,#6902,#6903));
#1537=EDGE_LOOP('',(#6904,#6905,#6906));
#1538=EDGE_LOOP('',(#6907,#6908,#6909,#6910));
#1539=EDGE_LOOP('',(#6911,#6912,#6913,#6914));
#1540=EDGE_LOOP('',(#6915,#6916,#6917,#6918));
#1541=EDGE_LOOP('',(#6919,#6920,#6921));
#1542=EDGE_LOOP('',(#6922,#6923,#6924,#6925));
#1543=EDGE_LOOP('',(#6926,#6927,#6928,#6929));
#1544=EDGE_LOOP('',(#6930,#6931,#6932,#6933));
#1545=EDGE_LOOP('',(#6934,#6935,#6936,#6937));
#1546=EDGE_LOOP('',(#6938,#6939,#6940,#6941));
#1547=EDGE_LOOP('',(#6942,#6943,#6944,#6945));
#1548=EDGE_LOOP('',(#6946,#6947,#6948,#6949));
#1549=EDGE_LOOP('',(#6950,#6951,#6952,#6953));
#1550=EDGE_LOOP('',(#6954,#6955,#6956,#6957));
#1551=EDGE_LOOP('',(#6958,#6959,#6960,#6961));
#1552=EDGE_LOOP('',(#6962,#6963,#6964,#6965));
#1553=EDGE_LOOP('',(#6966,#6967,#6968,#6969));
#1554=EDGE_LOOP('',(#6970,#6971,#6972,#6973));
#1555=EDGE_LOOP('',(#6974,#6975,#6976,#6977));
#1556=EDGE_LOOP('',(#6978,#6979,#6980,#6981));
#1557=EDGE_LOOP('',(#6982,#6983,#6984,#6985));
#1558=EDGE_LOOP('',(#6986,#6987,#6988,#6989));
#1559=EDGE_LOOP('',(#6990,#6991,#6992,#6993));
#1560=EDGE_LOOP('',(#6994,#6995,#6996,#6997));
#1561=EDGE_LOOP('',(#6998,#6999,#7000,#7001));
#1562=EDGE_LOOP('',(#7002,#7003,#7004,#7005,#7006,#7007));
#1563=EDGE_LOOP('',(#7008));
#1564=EDGE_LOOP('',(#7009));
#1565=EDGE_LOOP('',(#7010));
#1566=EDGE_LOOP('',(#7011));
#1567=EDGE_LOOP('',(#7012,#7013,#7014,#7015,#7016,#7017));
#1568=EDGE_LOOP('',(#7018));
#1569=EDGE_LOOP('',(#7019));
#1570=EDGE_LOOP('',(#7020));
#1571=EDGE_LOOP('',(#7021));
#1572=EDGE_LOOP('',(#7022,#7023,#7024,#7025,#7026,#7027));
#1573=EDGE_LOOP('',(#7028));
#1574=EDGE_LOOP('',(#7029,#7030,#7031,#7032,#7033,#7034));
#1575=EDGE_LOOP('',(#7035));
#1576=EDGE_LOOP('',(#7036,#7037,#7038,#7039));
#1577=EDGE_LOOP('',(#7040,#7041,#7042,#7043));
#1578=EDGE_LOOP('',(#7044,#7045,#7046,#7047));
#1579=EDGE_LOOP('',(#7048,#7049,#7050,#7051,#7052,#7053,#7054,#7055));
#1580=EDGE_LOOP('',(#7056));
#1581=EDGE_LOOP('',(#7057));
#1582=EDGE_LOOP('',(#7058));
#1583=EDGE_LOOP('',(#7059));
#1584=EDGE_LOOP('',(#7060));
#1585=EDGE_LOOP('',(#7061));
#1586=EDGE_LOOP('',(#7062,#7063,#7064,#7065));
#1587=EDGE_LOOP('',(#7066,#7067,#7068,#7069));
#1588=EDGE_LOOP('',(#7070,#7071,#7072,#7073,#7074,#7075));
#1589=EDGE_LOOP('',(#7076,#7077,#7078,#7079,#7080,#7081));
#1590=EDGE_LOOP('',(#7082,#7083,#7084,#7085));
#1591=EDGE_LOOP('',(#7086,#7087,#7088,#7089));
#1592=EDGE_LOOP('',(#7090,#7091,#7092,#7093));
#1593=EDGE_LOOP('',(#7094,#7095,#7096,#7097));
#1594=EDGE_LOOP('',(#7098,#7099,#7100,#7101));
#1595=EDGE_LOOP('',(#7102,#7103,#7104,#7105));
#1596=EDGE_LOOP('',(#7106,#7107,#7108,#7109));
#1597=EDGE_LOOP('',(#7110,#7111,#7112,#7113));
#1598=EDGE_LOOP('',(#7114));
#1599=EDGE_LOOP('',(#7115));
#1600=EDGE_LOOP('',(#7116));
#1601=EDGE_LOOP('',(#7117));
#1602=EDGE_LOOP('',(#7118));
#1603=EDGE_LOOP('',(#7119));
#1604=EDGE_LOOP('',(#7120,#7121,#7122,#7123));
#1605=EDGE_LOOP('',(#7124,#7125,#7126,#7127));
#1606=EDGE_LOOP('',(#7128,#7129,#7130,#7131));
#1607=EDGE_LOOP('',(#7132,#7133,#7134,#7135));
#1608=EDGE_LOOP('',(#7136,#7137,#7138,#7139));
#1609=EDGE_LOOP('',(#7140,#7141,#7142,#7143));
#1610=EDGE_LOOP('',(#7144,#7145,#7146,#7147));
#1611=EDGE_LOOP('',(#7148,#7149,#7150,#7151));
#1612=EDGE_LOOP('',(#7152,#7153,#7154,#7155));
#1613=EDGE_LOOP('',(#7156,#7157,#7158,#7159));
#1614=EDGE_LOOP('',(#7160,#7161,#7162,#7163));
#1615=EDGE_LOOP('',(#7164,#7165,#7166,#7167));
#1616=EDGE_LOOP('',(#7168,#7169,#7170,#7171));
#1617=EDGE_LOOP('',(#7172,#7173,#7174,#7175));
#1618=EDGE_LOOP('',(#7176,#7177,#7178,#7179));
#1619=EDGE_LOOP('',(#7180,#7181,#7182,#7183));
#1620=EDGE_LOOP('',(#7184,#7185,#7186,#7187));
#1621=EDGE_LOOP('',(#7188,#7189,#7190,#7191));
#1622=EDGE_LOOP('',(#7192,#7193,#7194,#7195));
#1623=EDGE_LOOP('',(#7196,#7197,#7198,#7199));
#1624=EDGE_LOOP('',(#7200,#7201,#7202,#7203));
#1625=EDGE_LOOP('',(#7204,#7205,#7206,#7207));
#1626=EDGE_LOOP('',(#7208,#7209,#7210,#7211,#7212,#7213,#7214,#7215,#7216,
#7217,#7218,#7219,#7220,#7221,#7222,#7223,#7224,#7225));
#1627=EDGE_LOOP('',(#7226));
#1628=EDGE_LOOP('',(#7227));
#1629=EDGE_LOOP('',(#7228));
#1630=EDGE_LOOP('',(#7229));
#1631=EDGE_LOOP('',(#7230,#7231,#7232,#7233,#7234,#7235,#7236,#7237,#7238,
#7239,#7240,#7241,#7242,#7243,#7244,#7245,#7246,#7247));
#1632=EDGE_LOOP('',(#7248));
#1633=EDGE_LOOP('',(#7249));
#1634=EDGE_LOOP('',(#7250));
#1635=EDGE_LOOP('',(#7251));
#1636=EDGE_LOOP('',(#7252,#7253,#7254,#7255));
#1637=EDGE_LOOP('',(#7256,#7257,#7258,#7259));
#1638=EDGE_LOOP('',(#7260,#7261,#7262,#7263));
#1639=EDGE_LOOP('',(#7264,#7265,#7266,#7267));
#1640=EDGE_LOOP('',(#7268,#7269,#7270,#7271));
#1641=EDGE_LOOP('',(#7272,#7273,#7274,#7275));
#1642=EDGE_LOOP('',(#7276,#7277,#7278,#7279));
#1643=EDGE_LOOP('',(#7280,#7281,#7282,#7283));
#1644=EDGE_LOOP('',(#7284,#7285,#7286,#7287));
#1645=EDGE_LOOP('',(#7288,#7289,#7290,#7291));
#1646=EDGE_LOOP('',(#7292,#7293,#7294,#7295));
#1647=EDGE_LOOP('',(#7296,#7297,#7298,#7299));
#1648=EDGE_LOOP('',(#7300,#7301,#7302,#7303));
#1649=EDGE_LOOP('',(#7304,#7305,#7306,#7307));
#1650=EDGE_LOOP('',(#7308,#7309,#7310,#7311));
#1651=EDGE_LOOP('',(#7312,#7313,#7314,#7315));
#1652=EDGE_LOOP('',(#7316,#7317,#7318,#7319));
#1653=EDGE_LOOP('',(#7320,#7321,#7322,#7323));
#1654=EDGE_LOOP('',(#7324,#7325,#7326,#7327));
#1655=EDGE_LOOP('',(#7328,#7329,#7330,#7331));
#1656=EDGE_LOOP('',(#7332,#7333,#7334,#7335,#7336,#7337,#7338,#7339,#7340,
#7341,#7342,#7343));
#1657=EDGE_LOOP('',(#7344));
#1658=EDGE_LOOP('',(#7345));
#1659=EDGE_LOOP('',(#7346));
#1660=EDGE_LOOP('',(#7347));
#1661=EDGE_LOOP('',(#7348));
#1662=EDGE_LOOP('',(#7349));
#1663=EDGE_LOOP('',(#7350));
#1664=EDGE_LOOP('',(#7351));
#1665=EDGE_LOOP('',(#7352));
#1666=EDGE_LOOP('',(#7353));
#1667=EDGE_LOOP('',(#7354));
#1668=EDGE_LOOP('',(#7355));
#1669=EDGE_LOOP('',(#7356,#7357,#7358,#7359,#7360,#7361,#7362,#7363,#7364,
#7365,#7366,#7367));
#1670=EDGE_LOOP('',(#7368));
#1671=EDGE_LOOP('',(#7369));
#1672=EDGE_LOOP('',(#7370));
#1673=EDGE_LOOP('',(#7371));
#1674=EDGE_LOOP('',(#7372));
#1675=EDGE_LOOP('',(#7373));
#1676=EDGE_LOOP('',(#7374));
#1677=EDGE_LOOP('',(#7375));
#1678=EDGE_LOOP('',(#7376));
#1679=EDGE_LOOP('',(#7377));
#1680=EDGE_LOOP('',(#7378));
#1681=EDGE_LOOP('',(#7379));
#1682=EDGE_LOOP('',(#7380,#7381,#7382,#7383));
#1683=EDGE_LOOP('',(#7384,#7385,#7386,#7387));
#1684=EDGE_LOOP('',(#7388,#7389,#7390,#7391));
#1685=EDGE_LOOP('',(#7392,#7393,#7394,#7395));
#1686=EDGE_LOOP('',(#7396,#7397,#7398,#7399));
#1687=EDGE_LOOP('',(#7400,#7401,#7402,#7403));
#1688=EDGE_LOOP('',(#7404,#7405,#7406,#7407));
#1689=EDGE_LOOP('',(#7408,#7409,#7410,#7411));
#1690=EDGE_LOOP('',(#7412,#7413,#7414,#7415));
#1691=EDGE_LOOP('',(#7416,#7417,#7418,#7419));
#1692=EDGE_LOOP('',(#7420,#7421,#7422,#7423));
#1693=EDGE_LOOP('',(#7424,#7425,#7426,#7427));
#1694=EDGE_LOOP('',(#7428,#7429,#7430,#7431));
#1695=EDGE_LOOP('',(#7432,#7433,#7434,#7435));
#1696=EDGE_LOOP('',(#7436,#7437,#7438,#7439));
#1697=EDGE_LOOP('',(#7440,#7441,#7442,#7443));
#1698=EDGE_LOOP('',(#7444,#7445,#7446,#7447));
#1699=EDGE_LOOP('',(#7448,#7449,#7450,#7451));
#1700=EDGE_LOOP('',(#7452,#7453,#7454,#7455));
#1701=EDGE_LOOP('',(#7456,#7457,#7458,#7459));
#1702=EDGE_LOOP('',(#7460,#7461,#7462,#7463));
#1703=EDGE_LOOP('',(#7464,#7465,#7466,#7467));
#1704=EDGE_LOOP('',(#7468,#7469,#7470,#7471));
#1705=EDGE_LOOP('',(#7472,#7473,#7474,#7475));
#1706=EDGE_LOOP('',(#7476,#7477,#7478,#7479,#7480,#7481,#7482,#7483,#7484,
#7485,#7486,#7487));
#1707=EDGE_LOOP('',(#7488));
#1708=EDGE_LOOP('',(#7489));
#1709=EDGE_LOOP('',(#7490));
#1710=EDGE_LOOP('',(#7491));
#1711=EDGE_LOOP('',(#7492));
#1712=EDGE_LOOP('',(#7493));
#1713=EDGE_LOOP('',(#7494));
#1714=EDGE_LOOP('',(#7495));
#1715=EDGE_LOOP('',(#7496));
#1716=EDGE_LOOP('',(#7497));
#1717=EDGE_LOOP('',(#7498));
#1718=EDGE_LOOP('',(#7499));
#1719=EDGE_LOOP('',(#7500,#7501,#7502,#7503,#7504,#7505,#7506,#7507,#7508,
#7509,#7510,#7511));
#1720=EDGE_LOOP('',(#7512));
#1721=EDGE_LOOP('',(#7513));
#1722=EDGE_LOOP('',(#7514));
#1723=EDGE_LOOP('',(#7515));
#1724=EDGE_LOOP('',(#7516));
#1725=EDGE_LOOP('',(#7517));
#1726=EDGE_LOOP('',(#7518));
#1727=EDGE_LOOP('',(#7519));
#1728=EDGE_LOOP('',(#7520));
#1729=EDGE_LOOP('',(#7521));
#1730=EDGE_LOOP('',(#7522));
#1731=EDGE_LOOP('',(#7523));
#1732=EDGE_LOOP('',(#7524,#7525,#7526,#7527));
#1733=EDGE_LOOP('',(#7528,#7529,#7530,#7531));
#1734=EDGE_LOOP('',(#7532,#7533,#7534,#7535));
#1735=EDGE_LOOP('',(#7536,#7537,#7538,#7539));
#1736=EDGE_LOOP('',(#7540,#7541,#7542,#7543));
#1737=EDGE_LOOP('',(#7544,#7545,#7546));
#1738=EDGE_LOOP('',(#7547,#7548,#7549,#7550));
#1739=EDGE_LOOP('',(#7551,#7552,#7553,#7554,#7555));
#1740=EDGE_LOOP('',(#7556,#7557,#7558,#7559));
#1741=EDGE_LOOP('',(#7560,#7561,#7562,#7563,#7564));
#1742=EDGE_LOOP('',(#7565,#7566,#7567,#7568));
#1743=EDGE_LOOP('',(#7569,#7570,#7571,#7572));
#1744=EDGE_LOOP('',(#7573,#7574,#7575,#7576));
#1745=EDGE_LOOP('',(#7577,#7578,#7579,#7580));
#1746=EDGE_LOOP('',(#7581,#7582,#7583,#7584,#7585));
#1747=EDGE_LOOP('',(#7586,#7587,#7588,#7589,#7590));
#1748=EDGE_LOOP('',(#7591,#7592,#7593,#7594));
#1749=EDGE_LOOP('',(#7595));
#1750=EDGE_LOOP('',(#7596));
#1751=EDGE_LOOP('',(#7597,#7598,#7599,#7600));
#1752=EDGE_LOOP('',(#7601,#7602,#7603,#7604));
#1753=EDGE_LOOP('',(#7605,#7606,#7607,#7608,#7609,#7610,#7611,#7612));
#1754=EDGE_LOOP('',(#7613,#7614,#7615,#7616));
#1755=EDGE_LOOP('',(#7617));
#1756=EDGE_LOOP('',(#7618,#7619,#7620,#7621,#7622,#7623,#7624,#7625));
#1757=EDGE_LOOP('',(#7626,#7627,#7628,#7629));
#1758=EDGE_LOOP('',(#7630,#7631,#7632,#7633));
#1759=EDGE_LOOP('',(#7634,#7635,#7636,#7637));
#1760=EDGE_LOOP('',(#7638,#7639,#7640,#7641));
#1761=EDGE_LOOP('',(#7642));
#1762=EDGE_LOOP('',(#7643));
#1763=EDGE_LOOP('',(#7644,#7645));
#1764=EDGE_LOOP('',(#7646));
#1765=EDGE_LOOP('',(#7647,#7648,#7649,#7650));
#1766=EDGE_LOOP('',(#7651,#7652,#7653,#7654));
#1767=EDGE_LOOP('',(#7655,#7656,#7657,#7658,#7659,#7660,#7661,#7662,#7663,
#7664,#7665,#7666));
#1768=EDGE_LOOP('',(#7667,#7668,#7669,#7670));
#1769=EDGE_LOOP('',(#7671,#7672,#7673,#7674));
#1770=EDGE_LOOP('',(#7675));
#1771=EDGE_LOOP('',(#7676,#7677,#7678,#7679));
#1772=EDGE_LOOP('',(#7680,#7681,#7682,#7683));
#1773=EDGE_LOOP('',(#7684,#7685));
#1774=EDGE_LOOP('',(#7686));
#1775=EDGE_LOOP('',(#7687));
#1776=EDGE_LOOP('',(#7688,#7689,#7690));
#1777=EDGE_LOOP('',(#7691));
#1778=EDGE_LOOP('',(#7692,#7693,#7694,#7695));
#1779=EDGE_LOOP('',(#7696,#7697,#7698,#7699));
#1780=EDGE_LOOP('',(#7700,#7701,#7702,#7703));
#1781=EDGE_LOOP('',(#7704,#7705,#7706,#7707));
#1782=EDGE_LOOP('',(#7708,#7709,#7710,#7711,#7712,#7713,#7714,#7715,#7716,
#7717,#7718,#7719));
#1783=EDGE_LOOP('',(#7720,#7721,#7722,#7723));
#1784=EDGE_LOOP('',(#7724,#7725,#7726,#7727));
#1785=EDGE_LOOP('',(#7728));
#1786=EDGE_LOOP('',(#7729,#7730,#7731,#7732));
#1787=EDGE_LOOP('',(#7733,#7734,#7735,#7736));
#1788=EDGE_LOOP('',(#7737,#7738,#7739,#7740));
#1789=EDGE_LOOP('',(#7741,#7742,#7743,#7744));
#1790=EDGE_LOOP('',(#7745,#7746,#7747,#7748));
#1791=EDGE_LOOP('',(#7749,#7750,#7751,#7752,#7753));
#1792=EDGE_LOOP('',(#7754));
#1793=EDGE_LOOP('',(#7755,#7756,#7757,#7758,#7759,#7760,#7761,#7762));
#1794=EDGE_LOOP('',(#7763));
#1795=EDGE_LOOP('',(#7764));
#1796=EDGE_LOOP('',(#7765));
#1797=EDGE_LOOP('',(#7766));
#1798=EDGE_LOOP('',(#7767));
#1799=EDGE_LOOP('',(#7768,#7769,#7770,#7771));
#1800=EDGE_LOOP('',(#7772,#7773,#7774,#7775));
#1801=EDGE_LOOP('',(#7776,#7777,#7778,#7779));
#1802=EDGE_LOOP('',(#7780,#7781,#7782,#7783));
#1803=EDGE_LOOP('',(#7784,#7785,#7786,#7787));
#1804=EDGE_LOOP('',(#7788,#7789,#7790,#7791));
#1805=EDGE_LOOP('',(#7792,#7793,#7794,#7795));
#1806=EDGE_LOOP('',(#7796,#7797,#7798,#7799));
#1807=EDGE_LOOP('',(#7800,#7801,#7802,#7803));
#1808=EDGE_LOOP('',(#7804,#7805,#7806,#7807));
#1809=EDGE_LOOP('',(#7808,#7809,#7810,#7811));
#1810=EDGE_LOOP('',(#7812,#7813,#7814,#7815));
#1811=EDGE_LOOP('',(#7816,#7817,#7818,#7819,#7820,#7821,#7822,#7823));
#1812=EDGE_LOOP('',(#7824));
#1813=EDGE_LOOP('',(#7825));
#1814=EDGE_LOOP('',(#7826));
#1815=EDGE_LOOP('',(#7827,#7828,#7829,#7830,#7831,#7832,#7833,#7834));
#1816=EDGE_LOOP('',(#7835));
#1817=EDGE_LOOP('',(#7836));
#1818=EDGE_LOOP('',(#7837));
#1819=EDGE_LOOP('',(#7838,#7839,#7840,#7841));
#1820=EDGE_LOOP('',(#7842,#7843,#7844,#7845));
#1821=EDGE_LOOP('',(#7846,#7847,#7848,#7849));
#1822=EDGE_LOOP('',(#7850,#7851,#7852,#7853));
#1823=EDGE_LOOP('',(#7854,#7855,#7856,#7857,#7858,#7859,#7860,#7861,#7862,
#7863,#7864,#7865));
#1824=EDGE_LOOP('',(#7866,#7867,#7868,#7869));
#1825=EDGE_LOOP('',(#7870,#7871,#7872,#7873));
#1826=EDGE_LOOP('',(#7874));
#1827=EDGE_LOOP('',(#7875,#7876,#7877,#7878));
#1828=EDGE_LOOP('',(#7879,#7880,#7881,#7882));
#1829=EDGE_LOOP('',(#7883,#7884,#7885,#7886));
#1830=EDGE_LOOP('',(#7887,#7888,#7889,#7890));
#1831=EDGE_LOOP('',(#7891,#7892,#7893,#7894));
#1832=EDGE_LOOP('',(#7895,#7896,#7897,#7898,#7899));
#1833=EDGE_LOOP('',(#7900));
#1834=EDGE_LOOP('',(#7901,#7902,#7903,#7904,#7905,#7906,#7907,#7908));
#1835=EDGE_LOOP('',(#7909));
#1836=EDGE_LOOP('',(#7910));
#1837=EDGE_LOOP('',(#7911));
#1838=EDGE_LOOP('',(#7912));
#1839=EDGE_LOOP('',(#7913));
#1840=EDGE_LOOP('',(#7914,#7915,#7916,#7917));
#1841=EDGE_LOOP('',(#7918,#7919,#7920,#7921));
#1842=EDGE_LOOP('',(#7922,#7923,#7924,#7925));
#1843=EDGE_LOOP('',(#7926,#7927,#7928,#7929));
#1844=EDGE_LOOP('',(#7930,#7931,#7932,#7933));
#1845=EDGE_LOOP('',(#7934,#7935,#7936,#7937));
#1846=EDGE_LOOP('',(#7938,#7939,#7940,#7941));
#1847=EDGE_LOOP('',(#7942,#7943,#7944,#7945));
#1848=EDGE_LOOP('',(#7946,#7947,#7948,#7949));
#1849=EDGE_LOOP('',(#7950,#7951,#7952,#7953));
#1850=EDGE_LOOP('',(#7954,#7955,#7956,#7957));
#1851=EDGE_LOOP('',(#7958,#7959,#7960,#7961));
#1852=EDGE_LOOP('',(#7962,#7963,#7964,#7965,#7966,#7967,#7968,#7969));
#1853=EDGE_LOOP('',(#7970));
#1854=EDGE_LOOP('',(#7971));
#1855=EDGE_LOOP('',(#7972));
#1856=EDGE_LOOP('',(#7973,#7974,#7975,#7976,#7977,#7978,#7979,#7980));
#1857=EDGE_LOOP('',(#7981));
#1858=EDGE_LOOP('',(#7982));
#1859=EDGE_LOOP('',(#7983));
#1860=EDGE_LOOP('',(#7984,#7985,#7986,#7987));
#1861=EDGE_LOOP('',(#7988,#7989,#7990,#7991));
#1862=EDGE_LOOP('',(#7992,#7993,#7994,#7995));
#1863=EDGE_LOOP('',(#7996,#7997,#7998,#7999));
#1864=EDGE_LOOP('',(#8000,#8001,#8002,#8003));
#1865=EDGE_LOOP('',(#8004,#8005,#8006,#8007));
#1866=EDGE_LOOP('',(#8008,#8009,#8010,#8011));
#1867=EDGE_LOOP('',(#8012,#8013,#8014,#8015));
#1868=EDGE_LOOP('',(#8016));
#1869=EDGE_LOOP('',(#8017));
#1870=EDGE_LOOP('',(#8018));
#1871=EDGE_LOOP('',(#8019));
#1872=EDGE_LOOP('',(#8020));
#1873=EDGE_LOOP('',(#8021));
#1874=EDGE_LOOP('',(#8022,#8023,#8024,#8025));
#1875=EDGE_LOOP('',(#8026,#8027,#8028,#8029));
#1876=EDGE_LOOP('',(#8030,#8031,#8032,#8033));
#1877=EDGE_LOOP('',(#8034,#8035,#8036,#8037));
#1878=EDGE_LOOP('',(#8038,#8039,#8040,#8041));
#1879=EDGE_LOOP('',(#8042,#8043,#8044,#8045));
#1880=EDGE_LOOP('',(#8046,#8047,#8048,#8049));
#1881=EDGE_LOOP('',(#8050,#8051,#8052,#8053));
#1882=EDGE_LOOP('',(#8054));
#1883=EDGE_LOOP('',(#8055));
#1884=EDGE_LOOP('',(#8056));
#1885=EDGE_LOOP('',(#8057));
#1886=EDGE_LOOP('',(#8058));
#1887=EDGE_LOOP('',(#8059));
#1888=EDGE_LOOP('',(#8060,#8061,#8062,#8063));
#1889=EDGE_LOOP('',(#8064,#8065,#8066,#8067));
#1890=EDGE_LOOP('',(#8068,#8069,#8070,#8071));
#1891=EDGE_LOOP('',(#8072,#8073,#8074,#8075));
#1892=EDGE_LOOP('',(#8076,#8077,#8078,#8079));
#1893=EDGE_LOOP('',(#8080,#8081,#8082,#8083));
#1894=EDGE_LOOP('',(#8084,#8085,#8086,#8087));
#1895=EDGE_LOOP('',(#8088,#8089,#8090,#8091));
#1896=EDGE_LOOP('',(#8092));
#1897=EDGE_LOOP('',(#8093));
#1898=EDGE_LOOP('',(#8094));
#1899=EDGE_LOOP('',(#8095));
#1900=EDGE_LOOP('',(#8096));
#1901=EDGE_LOOP('',(#8097));
#1902=EDGE_LOOP('',(#8098,#8099,#8100,#8101));
#1903=EDGE_LOOP('',(#8102,#8103,#8104,#8105));
#1904=EDGE_LOOP('',(#8106,#8107,#8108,#8109));
#1905=EDGE_LOOP('',(#8110,#8111,#8112,#8113));
#1906=EDGE_LOOP('',(#8114,#8115,#8116,#8117));
#1907=EDGE_LOOP('',(#8118,#8119,#8120,#8121));
#1908=EDGE_LOOP('',(#8122,#8123,#8124,#8125));
#1909=EDGE_LOOP('',(#8126,#8127,#8128,#8129));
#1910=EDGE_LOOP('',(#8130));
#1911=EDGE_LOOP('',(#8131));
#1912=EDGE_LOOP('',(#8132));
#1913=EDGE_LOOP('',(#8133));
#1914=EDGE_LOOP('',(#8134));
#1915=EDGE_LOOP('',(#8135));
#1916=EDGE_LOOP('',(#8136,#8137,#8138,#8139));
#1917=EDGE_LOOP('',(#8140,#8141,#8142,#8143));
#1918=EDGE_LOOP('',(#8144,#8145,#8146,#8147));
#1919=EDGE_LOOP('',(#8148,#8149,#8150,#8151));
#1920=EDGE_LOOP('',(#8152,#8153,#8154,#8155));
#1921=EDGE_LOOP('',(#8156,#8157,#8158,#8159));
#1922=EDGE_LOOP('',(#8160,#8161,#8162,#8163));
#1923=EDGE_LOOP('',(#8164,#8165,#8166,#8167));
#1924=EDGE_LOOP('',(#8168,#8169,#8170,#8171));
#1925=EDGE_LOOP('',(#8172,#8173,#8174,#8175));
#1926=EDGE_LOOP('',(#8176,#8177,#8178,#8179));
#1927=EDGE_LOOP('',(#8180,#8181,#8182,#8183));
#1928=EDGE_LOOP('',(#8184,#8185,#8186,#8187,#8188,#8189,#8190,#8191,#8192,
#8193,#8194,#8195));
#1929=EDGE_LOOP('',(#8196,#8197,#8198,#8199,#8200,#8201,#8202,#8203,#8204,
#8205,#8206,#8207));
#1930=EDGE_LOOP('',(#8208,#8209,#8210,#8211));
#1931=EDGE_LOOP('',(#8212,#8213,#8214,#8215));
#1932=EDGE_LOOP('',(#8216,#8217,#8218,#8219));
#1933=EDGE_LOOP('',(#8220,#8221,#8222,#8223));
#1934=EDGE_LOOP('',(#8224,#8225,#8226,#8227));
#1935=EDGE_LOOP('',(#8228,#8229,#8230,#8231));
#1936=EDGE_LOOP('',(#8232,#8233,#8234,#8235));
#1937=EDGE_LOOP('',(#8236,#8237,#8238,#8239));
#1938=EDGE_LOOP('',(#8240,#8241,#8242,#8243));
#1939=EDGE_LOOP('',(#8244,#8245,#8246,#8247));
#1940=EDGE_LOOP('',(#8248,#8249,#8250,#8251));
#1941=EDGE_LOOP('',(#8252,#8253,#8254,#8255));
#1942=EDGE_LOOP('',(#8256,#8257,#8258,#8259,#8260,#8261,#8262,#8263,#8264,
#8265,#8266,#8267));
#1943=EDGE_LOOP('',(#8268,#8269,#8270,#8271,#8272,#8273,#8274,#8275,#8276,
#8277,#8278,#8279));
#1944=EDGE_LOOP('',(#8280,#8281,#8282,#8283));
#1945=EDGE_LOOP('',(#8284,#8285,#8286,#8287));
#1946=EDGE_LOOP('',(#8288));
#1947=EDGE_LOOP('',(#8289));
#1948=EDGE_LOOP('',(#8290));
#1949=EDGE_LOOP('',(#8291));
#1950=EDGE_LOOP('',(#8292,#8293,#8294,#8295));
#1951=EDGE_LOOP('',(#8296,#8297,#8298,#8299));
#1952=EDGE_LOOP('',(#8300));
#1953=EDGE_LOOP('',(#8301));
#1954=EDGE_LOOP('',(#8302));
#1955=EDGE_LOOP('',(#8303));
#1956=EDGE_LOOP('',(#8304,#8305,#8306,#8307));
#1957=EDGE_LOOP('',(#8308,#8309,#8310,#8311));
#1958=EDGE_LOOP('',(#8312));
#1959=EDGE_LOOP('',(#8313));
#1960=EDGE_LOOP('',(#8314));
#1961=EDGE_LOOP('',(#8315));
#1962=EDGE_LOOP('',(#8316,#8317,#8318,#8319));
#1963=EDGE_LOOP('',(#8320,#8321,#8322,#8323));
#1964=EDGE_LOOP('',(#8324));
#1965=EDGE_LOOP('',(#8325));
#1966=EDGE_LOOP('',(#8326));
#1967=EDGE_LOOP('',(#8327));
#1968=EDGE_LOOP('',(#8328,#8329,#8330,#8331));
#1969=EDGE_LOOP('',(#8332,#8333,#8334,#8335));
#1970=EDGE_LOOP('',(#8336,#8337,#8338,#8339));
#1971=EDGE_LOOP('',(#8340));
#1972=EDGE_LOOP('',(#8341,#8342,#8343,#8344,#8345,#8346));
#1973=EDGE_LOOP('',(#8347));
#1974=EDGE_LOOP('',(#8348));
#1975=EDGE_LOOP('',(#8349));
#1976=EDGE_LOOP('',(#8350,#8351,#8352,#8353));
#1977=EDGE_LOOP('',(#8354,#8355,#8356,#8357));
#1978=EDGE_LOOP('',(#8358,#8359,#8360,#8361));
#1979=EDGE_LOOP('',(#8362,#8363,#8364,#8365));
#1980=EDGE_LOOP('',(#8366,#8367,#8368,#8369));
#1981=EDGE_LOOP('',(#8370,#8371,#8372,#8373));
#1982=EDGE_LOOP('',(#8374,#8375,#8376,#8377,#8378,#8379));
#1983=EDGE_LOOP('',(#8380,#8381,#8382,#8383));
#1984=EDGE_LOOP('',(#8384,#8385,#8386,#8387));
#1985=EDGE_LOOP('',(#8388,#8389,#8390,#8391));
#1986=EDGE_LOOP('',(#8392));
#1987=EDGE_LOOP('',(#8393,#8394,#8395,#8396,#8397,#8398));
#1988=EDGE_LOOP('',(#8399));
#1989=EDGE_LOOP('',(#8400));
#1990=EDGE_LOOP('',(#8401));
#1991=EDGE_LOOP('',(#8402,#8403,#8404,#8405));
#1992=EDGE_LOOP('',(#8406,#8407,#8408,#8409));
#1993=EDGE_LOOP('',(#8410,#8411,#8412,#8413));
#1994=EDGE_LOOP('',(#8414,#8415,#8416,#8417));
#1995=EDGE_LOOP('',(#8418,#8419,#8420,#8421));
#1996=EDGE_LOOP('',(#8422,#8423,#8424,#8425));
#1997=EDGE_LOOP('',(#8426,#8427,#8428,#8429,#8430,#8431));
#1998=EDGE_LOOP('',(#8432,#8433,#8434,#8435));
#1999=EDGE_LOOP('',(#8436,#8437,#8438,#8439));
#2000=EDGE_LOOP('',(#8440,#8441,#8442,#8443));
#2001=EDGE_LOOP('',(#8444));
#2002=EDGE_LOOP('',(#8445,#8446,#8447,#8448,#8449,#8450));
#2003=EDGE_LOOP('',(#8451));
#2004=EDGE_LOOP('',(#8452));
#2005=EDGE_LOOP('',(#8453));
#2006=EDGE_LOOP('',(#8454,#8455,#8456,#8457));
#2007=EDGE_LOOP('',(#8458,#8459,#8460,#8461));
#2008=EDGE_LOOP('',(#8462,#8463,#8464,#8465));
#2009=EDGE_LOOP('',(#8466,#8467,#8468,#8469));
#2010=EDGE_LOOP('',(#8470,#8471,#8472,#8473));
#2011=EDGE_LOOP('',(#8474,#8475,#8476,#8477));
#2012=EDGE_LOOP('',(#8478,#8479,#8480,#8481,#8482,#8483));
#2013=EDGE_LOOP('',(#8484,#8485,#8486,#8487));
#2014=EDGE_LOOP('',(#8488,#8489,#8490,#8491));
#2015=EDGE_LOOP('',(#8492,#8493,#8494,#8495));
#2016=EDGE_LOOP('',(#8496));
#2017=EDGE_LOOP('',(#8497,#8498,#8499,#8500,#8501,#8502));
#2018=EDGE_LOOP('',(#8503));
#2019=EDGE_LOOP('',(#8504));
#2020=EDGE_LOOP('',(#8505));
#2021=EDGE_LOOP('',(#8506,#8507,#8508,#8509));
#2022=EDGE_LOOP('',(#8510,#8511,#8512,#8513));
#2023=EDGE_LOOP('',(#8514,#8515,#8516,#8517));
#2024=EDGE_LOOP('',(#8518,#8519,#8520,#8521));
#2025=EDGE_LOOP('',(#8522,#8523,#8524,#8525));
#2026=EDGE_LOOP('',(#8526,#8527,#8528,#8529));
#2027=EDGE_LOOP('',(#8530,#8531,#8532,#8533,#8534,#8535));
#2028=EDGE_LOOP('',(#8536,#8537,#8538,#8539));
#2029=EDGE_LOOP('',(#8540,#8541,#8542,#8543));
#2030=EDGE_LOOP('',(#8544,#8545,#8546,#8547));
#2031=EDGE_LOOP('',(#8548));
#2032=EDGE_LOOP('',(#8549,#8550,#8551,#8552,#8553,#8554));
#2033=EDGE_LOOP('',(#8555));
#2034=EDGE_LOOP('',(#8556));
#2035=EDGE_LOOP('',(#8557));
#2036=EDGE_LOOP('',(#8558,#8559,#8560,#8561));
#2037=EDGE_LOOP('',(#8562,#8563,#8564,#8565));
#2038=EDGE_LOOP('',(#8566,#8567,#8568,#8569));
#2039=EDGE_LOOP('',(#8570,#8571,#8572,#8573));
#2040=EDGE_LOOP('',(#8574,#8575,#8576,#8577));
#2041=EDGE_LOOP('',(#8578,#8579,#8580,#8581));
#2042=EDGE_LOOP('',(#8582,#8583,#8584,#8585,#8586,#8587));
#2043=EDGE_LOOP('',(#8588,#8589,#8590,#8591));
#2044=EDGE_LOOP('',(#8592,#8593,#8594,#8595));
#2045=EDGE_LOOP('',(#8596,#8597,#8598,#8599));
#2046=EDGE_LOOP('',(#8600));
#2047=EDGE_LOOP('',(#8601,#8602,#8603,#8604,#8605,#8606));
#2048=EDGE_LOOP('',(#8607));
#2049=EDGE_LOOP('',(#8608));
#2050=EDGE_LOOP('',(#8609));
#2051=EDGE_LOOP('',(#8610,#8611,#8612,#8613));
#2052=EDGE_LOOP('',(#8614,#8615,#8616,#8617));
#2053=EDGE_LOOP('',(#8618,#8619,#8620,#8621));
#2054=EDGE_LOOP('',(#8622,#8623,#8624,#8625));
#2055=EDGE_LOOP('',(#8626,#8627,#8628,#8629));
#2056=EDGE_LOOP('',(#8630,#8631,#8632,#8633));
#2057=EDGE_LOOP('',(#8634,#8635,#8636,#8637,#8638,#8639));
#2058=EDGE_LOOP('',(#8640,#8641,#8642,#8643));
#2059=EDGE_LOOP('',(#8644,#8645,#8646,#8647));
#2060=EDGE_LOOP('',(#8648));
#2061=EDGE_LOOP('',(#8649));
#2062=EDGE_LOOP('',(#8650));
#2063=EDGE_LOOP('',(#8651));
#2064=EDGE_LOOP('',(#8652,#8653,#8654,#8655));
#2065=EDGE_LOOP('',(#8656,#8657,#8658));
#2066=EDGE_LOOP('',(#8659,#8660,#8661,#8662));
#2067=EDGE_LOOP('',(#8663,#8664,#8665,#8666));
#2068=EDGE_LOOP('',(#8667));
#2069=EDGE_LOOP('',(#8668,#8669,#8670,#8671,#8672,#8673));
#2070=EDGE_LOOP('',(#8674));
#2071=EDGE_LOOP('',(#8675));
#2072=EDGE_LOOP('',(#8676));
#2073=EDGE_LOOP('',(#8677));
#2074=EDGE_LOOP('',(#8678,#8679,#8680,#8681));
#2075=EDGE_LOOP('',(#8682,#8683,#8684,#8685));
#2076=EDGE_LOOP('',(#8686,#8687,#8688,#8689));
#2077=EDGE_LOOP('',(#8690,#8691,#8692,#8693));
#2078=EDGE_LOOP('',(#8694,#8695,#8696,#8697));
#2079=EDGE_LOOP('',(#8698,#8699,#8700,#8701));
#2080=EDGE_LOOP('',(#8702,#8703,#8704,#8705,#8706,#8707));
#2081=EDGE_LOOP('',(#8708,#8709,#8710,#8711));
#2082=EDGE_LOOP('',(#8712,#8713,#8714,#8715));
#2083=EDGE_LOOP('',(#8716,#8717,#8718,#8719));
#2084=EDGE_LOOP('',(#8720));
#2085=EDGE_LOOP('',(#8721,#8722,#8723,#8724,#8725,#8726));
#2086=EDGE_LOOP('',(#8727));
#2087=EDGE_LOOP('',(#8728));
#2088=EDGE_LOOP('',(#8729));
#2089=EDGE_LOOP('',(#8730,#8731,#8732,#8733));
#2090=EDGE_LOOP('',(#8734,#8735,#8736,#8737));
#2091=EDGE_LOOP('',(#8738,#8739,#8740,#8741));
#2092=EDGE_LOOP('',(#8742,#8743,#8744,#8745));
#2093=EDGE_LOOP('',(#8746,#8747,#8748,#8749));
#2094=EDGE_LOOP('',(#8750,#8751,#8752,#8753));
#2095=EDGE_LOOP('',(#8754,#8755,#8756,#8757,#8758,#8759));
#2096=EDGE_LOOP('',(#8760,#8761,#8762,#8763));
#2097=EDGE_LOOP('',(#8764,#8765,#8766,#8767));
#2098=EDGE_LOOP('',(#8768));
#2099=EDGE_LOOP('',(#8769));
#2100=EDGE_LOOP('',(#8770));
#2101=EDGE_LOOP('',(#8771));
#2102=EDGE_LOOP('',(#8772,#8773,#8774,#8775));
#2103=EDGE_LOOP('',(#8776,#8777,#8778,#8779));
#2104=EDGE_LOOP('',(#8780));
#2105=EDGE_LOOP('',(#8781));
#2106=EDGE_LOOP('',(#8782));
#2107=EDGE_LOOP('',(#8783));
#2108=EDGE_LOOP('',(#8784,#8785,#8786,#8787));
#2109=EDGE_LOOP('',(#8788,#8789,#8790,#8791));
#2110=EDGE_LOOP('',(#8792));
#2111=EDGE_LOOP('',(#8793));
#2112=EDGE_LOOP('',(#8794));
#2113=EDGE_LOOP('',(#8795));
#2114=EDGE_LOOP('',(#8796,#8797,#8798,#8799));
#2115=EDGE_LOOP('',(#8800,#8801,#8802,#8803));
#2116=EDGE_LOOP('',(#8804));
#2117=EDGE_LOOP('',(#8805));
#2118=EDGE_LOOP('',(#8806));
#2119=EDGE_LOOP('',(#8807));
#2120=EDGE_LOOP('',(#8808,#8809,#8810,#8811));
#2121=EDGE_LOOP('',(#8812,#8813,#8814,#8815));
#2122=EDGE_LOOP('',(#8816));
#2123=EDGE_LOOP('',(#8817));
#2124=EDGE_LOOP('',(#8818));
#2125=EDGE_LOOP('',(#8819));
#2126=EDGE_LOOP('',(#8820,#8821,#8822,#8823));
#2127=EDGE_LOOP('',(#8824,#8825,#8826,#8827));
#2128=EDGE_LOOP('',(#8828,#8829,#8830,#8831));
#2129=EDGE_LOOP('',(#8832));
#2130=EDGE_LOOP('',(#8833,#8834,#8835,#8836,#8837,#8838));
#2131=EDGE_LOOP('',(#8839));
#2132=EDGE_LOOP('',(#8840));
#2133=EDGE_LOOP('',(#8841));
#2134=EDGE_LOOP('',(#8842,#8843,#8844,#8845));
#2135=EDGE_LOOP('',(#8846,#8847,#8848,#8849));
#2136=EDGE_LOOP('',(#8850,#8851,#8852,#8853));
#2137=EDGE_LOOP('',(#8854,#8855,#8856,#8857));
#2138=EDGE_LOOP('',(#8858,#8859,#8860,#8861));
#2139=EDGE_LOOP('',(#8862,#8863,#8864,#8865));
#2140=EDGE_LOOP('',(#8866,#8867,#8868,#8869,#8870,#8871));
#2141=EDGE_LOOP('',(#8872,#8873,#8874,#8875));
#2142=EDGE_LOOP('',(#8876,#8877,#8878,#8879));
#2143=EDGE_LOOP('',(#8880,#8881,#8882,#8883));
#2144=EDGE_LOOP('',(#8884));
#2145=EDGE_LOOP('',(#8885,#8886,#8887,#8888,#8889,#8890));
#2146=EDGE_LOOP('',(#8891));
#2147=EDGE_LOOP('',(#8892));
#2148=EDGE_LOOP('',(#8893));
#2149=EDGE_LOOP('',(#8894,#8895,#8896,#8897));
#2150=EDGE_LOOP('',(#8898,#8899,#8900,#8901));
#2151=EDGE_LOOP('',(#8902,#8903,#8904,#8905));
#2152=EDGE_LOOP('',(#8906,#8907,#8908,#8909));
#2153=EDGE_LOOP('',(#8910,#8911,#8912,#8913));
#2154=EDGE_LOOP('',(#8914,#8915,#8916,#8917));
#2155=EDGE_LOOP('',(#8918,#8919,#8920,#8921,#8922,#8923));
#2156=EDGE_LOOP('',(#8924,#8925,#8926,#8927));
#2157=EDGE_LOOP('',(#8928,#8929,#8930,#8931));
#2158=EDGE_LOOP('',(#8932,#8933,#8934,#8935));
#2159=EDGE_LOOP('',(#8936));
#2160=EDGE_LOOP('',(#8937,#8938,#8939,#8940,#8941,#8942));
#2161=EDGE_LOOP('',(#8943));
#2162=EDGE_LOOP('',(#8944));
#2163=EDGE_LOOP('',(#8945));
#2164=EDGE_LOOP('',(#8946,#8947,#8948,#8949));
#2165=EDGE_LOOP('',(#8950,#8951,#8952,#8953));
#2166=EDGE_LOOP('',(#8954,#8955,#8956,#8957));
#2167=EDGE_LOOP('',(#8958,#8959,#8960,#8961));
#2168=EDGE_LOOP('',(#8962,#8963,#8964,#8965));
#2169=EDGE_LOOP('',(#8966,#8967,#8968,#8969));
#2170=EDGE_LOOP('',(#8970,#8971,#8972,#8973,#8974,#8975));
#2171=EDGE_LOOP('',(#8976,#8977,#8978,#8979));
#2172=EDGE_LOOP('',(#8980,#8981,#8982,#8983));
#2173=EDGE_LOOP('',(#8984));
#2174=EDGE_LOOP('',(#8985));
#2175=EDGE_LOOP('',(#8986));
#2176=EDGE_LOOP('',(#8987));
#2177=EDGE_LOOP('',(#8988,#8989,#8990,#8991));
#2178=EDGE_LOOP('',(#8992,#8993,#8994,#8995));
#2179=EDGE_LOOP('',(#8996));
#2180=EDGE_LOOP('',(#8997));
#2181=EDGE_LOOP('',(#8998));
#2182=EDGE_LOOP('',(#8999));
#2183=EDGE_LOOP('',(#9000,#9001,#9002,#9003));
#2184=EDGE_LOOP('',(#9004,#9005,#9006,#9007));
#2185=EDGE_LOOP('',(#9008));
#2186=EDGE_LOOP('',(#9009));
#2187=EDGE_LOOP('',(#9010));
#2188=EDGE_LOOP('',(#9011));
#2189=EDGE_LOOP('',(#9012,#9013,#9014,#9015));
#2190=EDGE_LOOP('',(#9016,#9017,#9018));
#2191=EDGE_LOOP('',(#9019,#9020,#9021,#9022));
#2192=EDGE_LOOP('',(#9023,#9024,#9025,#9026));
#2193=EDGE_LOOP('',(#9027));
#2194=EDGE_LOOP('',(#9028,#9029,#9030,#9031,#9032,#9033));
#2195=EDGE_LOOP('',(#9034));
#2196=EDGE_LOOP('',(#9035));
#2197=EDGE_LOOP('',(#9036));
#2198=EDGE_LOOP('',(#9037));
#2199=EDGE_LOOP('',(#9038,#9039,#9040,#9041));
#2200=EDGE_LOOP('',(#9042,#9043,#9044,#9045));
#2201=EDGE_LOOP('',(#9046,#9047,#9048,#9049));
#2202=EDGE_LOOP('',(#9050,#9051,#9052,#9053));
#2203=EDGE_LOOP('',(#9054,#9055,#9056,#9057));
#2204=EDGE_LOOP('',(#9058,#9059,#9060,#9061));
#2205=EDGE_LOOP('',(#9062,#9063,#9064,#9065,#9066,#9067));
#2206=EDGE_LOOP('',(#9068,#9069,#9070,#9071));
#2207=EDGE_LOOP('',(#9072,#9073,#9074));
#2208=EDGE_LOOP('',(#9075,#9076,#9077,#9078));
#2209=EDGE_LOOP('',(#9079,#9080,#9081,#9082));
#2210=EDGE_LOOP('',(#9083));
#2211=EDGE_LOOP('',(#9084,#9085,#9086,#9087,#9088,#9089));
#2212=EDGE_LOOP('',(#9090));
#2213=EDGE_LOOP('',(#9091));
#2214=EDGE_LOOP('',(#9092));
#2215=EDGE_LOOP('',(#9093));
#2216=EDGE_LOOP('',(#9094,#9095,#9096,#9097));
#2217=EDGE_LOOP('',(#9098,#9099,#9100,#9101));
#2218=EDGE_LOOP('',(#9102,#9103,#9104,#9105));
#2219=EDGE_LOOP('',(#9106,#9107,#9108,#9109));
#2220=EDGE_LOOP('',(#9110,#9111,#9112,#9113));
#2221=EDGE_LOOP('',(#9114,#9115,#9116,#9117));
#2222=EDGE_LOOP('',(#9118,#9119,#9120,#9121,#9122,#9123));
#2223=EDGE_LOOP('',(#9124,#9125,#9126,#9127));
#2224=EDGE_LOOP('',(#9128,#9129,#9130));
#2225=EDGE_LOOP('',(#9131,#9132,#9133,#9134));
#2226=EDGE_LOOP('',(#9135,#9136,#9137,#9138));
#2227=EDGE_LOOP('',(#9139));
#2228=EDGE_LOOP('',(#9140,#9141,#9142,#9143,#9144,#9145));
#2229=EDGE_LOOP('',(#9146));
#2230=EDGE_LOOP('',(#9147));
#2231=EDGE_LOOP('',(#9148));
#2232=EDGE_LOOP('',(#9149));
#2233=EDGE_LOOP('',(#9150,#9151,#9152,#9153));
#2234=EDGE_LOOP('',(#9154,#9155,#9156,#9157));
#2235=EDGE_LOOP('',(#9158,#9159,#9160,#9161));
#2236=EDGE_LOOP('',(#9162,#9163,#9164,#9165));
#2237=EDGE_LOOP('',(#9166,#9167,#9168,#9169));
#2238=EDGE_LOOP('',(#9170,#9171,#9172,#9173));
#2239=EDGE_LOOP('',(#9174,#9175,#9176,#9177,#9178,#9179));
#2240=EDGE_LOOP('',(#9180,#9181,#9182,#9183));
#2241=EDGE_LOOP('',(#9184,#9185,#9186,#9187));
#2242=EDGE_LOOP('',(#9188,#9189,#9190,#9191));
#2243=EDGE_LOOP('',(#9192));
#2244=EDGE_LOOP('',(#9193));
#2245=EDGE_LOOP('',(#9194));
#2246=EDGE_LOOP('',(#9195,#9196,#9197,#9198,#9199,#9200));
#2247=EDGE_LOOP('',(#9201));
#2248=EDGE_LOOP('',(#9202,#9203,#9204,#9205));
#2249=EDGE_LOOP('',(#9206,#9207,#9208,#9209));
#2250=EDGE_LOOP('',(#9210,#9211,#9212,#9213));
#2251=EDGE_LOOP('',(#9214,#9215,#9216,#9217));
#2252=EDGE_LOOP('',(#9218,#9219,#9220,#9221));
#2253=EDGE_LOOP('',(#9222,#9223,#9224,#9225));
#2254=EDGE_LOOP('',(#9226,#9227,#9228,#9229,#9230,#9231));
#2255=EDGE_LOOP('',(#9232,#9233,#9234,#9235));
#2256=EDGE_LOOP('',(#9236,#9237,#9238,#9239));
#2257=EDGE_LOOP('',(#9240));
#2258=EDGE_LOOP('',(#9241));
#2259=EDGE_LOOP('',(#9242));
#2260=EDGE_LOOP('',(#9243));
#2261=EDGE_LOOP('',(#9244,#9245,#9246,#9247));
#2262=EDGE_LOOP('',(#9248,#9249,#9250,#9251));
#2263=EDGE_LOOP('',(#9252,#9253,#9254,#9255));
#2264=EDGE_LOOP('',(#9256));
#2265=EDGE_LOOP('',(#9257));
#2266=EDGE_LOOP('',(#9258));
#2267=EDGE_LOOP('',(#9259,#9260,#9261,#9262,#9263,#9264));
#2268=EDGE_LOOP('',(#9265));
#2269=EDGE_LOOP('',(#9266,#9267,#9268,#9269));
#2270=EDGE_LOOP('',(#9270,#9271,#9272,#9273));
#2271=EDGE_LOOP('',(#9274,#9275,#9276,#9277));
#2272=EDGE_LOOP('',(#9278,#9279,#9280,#9281));
#2273=EDGE_LOOP('',(#9282,#9283,#9284,#9285));
#2274=EDGE_LOOP('',(#9286,#9287,#9288,#9289));
#2275=EDGE_LOOP('',(#9290,#9291,#9292,#9293,#9294,#9295));
#2276=EDGE_LOOP('',(#9296,#9297,#9298,#9299));
#2277=EDGE_LOOP('',(#9300,#9301,#9302,#9303));
#2278=EDGE_LOOP('',(#9304));
#2279=EDGE_LOOP('',(#9305));
#2280=EDGE_LOOP('',(#9306));
#2281=EDGE_LOOP('',(#9307));
#2282=EDGE_LOOP('',(#9308,#9309,#9310,#9311));
#2283=EDGE_LOOP('',(#9312,#9313,#9314,#9315));
#2284=EDGE_LOOP('',(#9316,#9317,#9318,#9319));
#2285=EDGE_LOOP('',(#9320));
#2286=EDGE_LOOP('',(#9321));
#2287=EDGE_LOOP('',(#9322));
#2288=EDGE_LOOP('',(#9323,#9324,#9325,#9326,#9327,#9328));
#2289=EDGE_LOOP('',(#9329));
#2290=EDGE_LOOP('',(#9330,#9331,#9332,#9333));
#2291=EDGE_LOOP('',(#9334,#9335,#9336,#9337));
#2292=EDGE_LOOP('',(#9338,#9339,#9340,#9341));
#2293=EDGE_LOOP('',(#9342,#9343,#9344,#9345));
#2294=EDGE_LOOP('',(#9346,#9347,#9348,#9349));
#2295=EDGE_LOOP('',(#9350,#9351,#9352,#9353));
#2296=EDGE_LOOP('',(#9354,#9355,#9356,#9357,#9358,#9359));
#2297=EDGE_LOOP('',(#9360,#9361,#9362,#9363));
#2298=EDGE_LOOP('',(#9364,#9365,#9366,#9367));
#2299=EDGE_LOOP('',(#9368));
#2300=EDGE_LOOP('',(#9369));
#2301=EDGE_LOOP('',(#9370));
#2302=EDGE_LOOP('',(#9371));
#2303=EDGE_LOOP('',(#9372,#9373,#9374,#9375));
#2304=EDGE_LOOP('',(#9376,#9377,#9378,#9379));
#2305=EDGE_LOOP('',(#9380,#9381,#9382,#9383));
#2306=EDGE_LOOP('',(#9384));
#2307=EDGE_LOOP('',(#9385));
#2308=EDGE_LOOP('',(#9386));
#2309=EDGE_LOOP('',(#9387,#9388,#9389,#9390,#9391,#9392));
#2310=EDGE_LOOP('',(#9393));
#2311=EDGE_LOOP('',(#9394,#9395,#9396,#9397));
#2312=EDGE_LOOP('',(#9398,#9399,#9400,#9401));
#2313=EDGE_LOOP('',(#9402,#9403,#9404,#9405));
#2314=EDGE_LOOP('',(#9406,#9407,#9408,#9409));
#2315=EDGE_LOOP('',(#9410,#9411,#9412,#9413));
#2316=EDGE_LOOP('',(#9414,#9415,#9416,#9417));
#2317=EDGE_LOOP('',(#9418,#9419,#9420,#9421,#9422,#9423));
#2318=EDGE_LOOP('',(#9424,#9425,#9426,#9427));
#2319=EDGE_LOOP('',(#9428,#9429,#9430,#9431));
#2320=EDGE_LOOP('',(#9432));
#2321=EDGE_LOOP('',(#9433));
#2322=EDGE_LOOP('',(#9434));
#2323=EDGE_LOOP('',(#9435));
#2324=LINE('',#15273,#3140);
#2325=LINE('',#15278,#3141);
#2326=LINE('',#15283,#3142);
#2327=LINE('',#15288,#3143);
#2328=LINE('',#15292,#3144);
#2329=LINE('',#15297,#3145);
#2330=LINE('',#15308,#3146);
#2331=LINE('',#15311,#3147);
#2332=LINE('',#15317,#3148);
#2333=LINE('',#15320,#3149);
#2334=LINE('',#15323,#3150);
#2335=LINE('',#15325,#3151);
#2336=LINE('',#15326,#3152);
#2337=LINE('',#15331,#3153);
#2338=LINE('',#15335,#3154);
#2339=LINE('',#15337,#3155);
#2340=LINE('',#15338,#3156);
#2341=LINE('',#15343,#3157);
#2342=LINE('',#15347,#3158);
#2343=LINE('',#15349,#3159);
#2344=LINE('',#15350,#3160);
#2345=LINE('',#15355,#3161);
#2346=LINE('',#15359,#3162);
#2347=LINE('',#15361,#3163);
#2348=LINE('',#15362,#3164);
#2349=LINE('',#15367,#3165);
#2350=LINE('',#15370,#3166);
#2351=LINE('',#15371,#3167);
#2352=LINE('',#15373,#3168);
#2353=LINE('',#15374,#3169);
#2354=LINE('',#15381,#3170);
#2355=LINE('',#15387,#3171);
#2356=LINE('',#15395,#3172);
#2357=LINE('',#15401,#3173);
#2358=LINE('',#15407,#3174);
#2359=LINE('',#15415,#3175);
#2360=LINE('',#15419,#3176);
#2361=LINE('',#15424,#3177);
#2362=LINE('',#15427,#3178);
#2363=LINE('',#15432,#3179);
#2364=LINE('',#15436,#3180);
#2365=LINE('',#15441,#3181);
#2366=LINE('',#15444,#3182);
#2367=LINE('',#15449,#3183);
#2368=LINE('',#15454,#3184);
#2369=LINE('',#15459,#3185);
#2370=LINE('',#15463,#3186);
#2371=LINE('',#15468,#3187);
#2372=LINE('',#15471,#3188);
#2373=LINE('',#15476,#3189);
#2374=LINE('',#15480,#3190);
#2375=LINE('',#15485,#3191);
#2376=LINE('',#15488,#3192);
#2377=LINE('',#15493,#3193);
#2378=LINE('',#15499,#3194);
#2379=LINE('',#15505,#3195);
#2380=LINE('',#15511,#3196);
#2381=LINE('',#15517,#3197);
#2382=LINE('',#15522,#3198);
#2383=LINE('',#15526,#3199);
#2384=LINE('',#15530,#3200);
#2385=LINE('',#15534,#3201);
#2386=LINE('',#15538,#3202);
#2387=LINE('',#15542,#3203);
#2388=LINE('',#15544,#3204);
#2389=LINE('',#15546,#3205);
#2390=LINE('',#15547,#3206);
#2391=LINE('',#15551,#3207);
#2392=LINE('',#15553,#3208);
#2393=LINE('',#15555,#3209);
#2394=LINE('',#15556,#3210);
#2395=LINE('',#15560,#3211);
#2396=LINE('',#15564,#3212);
#2397=LINE('',#15570,#3213);
#2398=LINE('',#15573,#3214);
#2399=LINE('',#15578,#3215);
#2400=LINE('',#15585,#3216);
#2401=LINE('',#15590,#3217);
#2402=LINE('',#15597,#3218);
#2403=LINE('',#15601,#3219);
#2404=LINE('',#15604,#3220);
#2405=LINE('',#15606,#3221);
#2406=LINE('',#15610,#3222);
#2407=LINE('',#15614,#3223);
#2408=LINE('',#15617,#3224);
#2409=LINE('',#15619,#3225);
#2410=LINE('',#15620,#3226);
#2411=LINE('',#15621,#3227);
#2412=LINE('',#15623,#3228);
#2413=LINE('',#15624,#3229);
#2414=LINE('',#15625,#3230);
#2415=LINE('',#15627,#3231);
#2416=LINE('',#15629,#3232);
#2417=LINE('',#15630,#3233);
#2418=LINE('',#15632,#3234);
#2419=LINE('',#15646,#3235);
#2420=LINE('',#15652,#3236);
#2421=LINE('',#15656,#3237);
#2422=LINE('',#15661,#3238);
#2423=LINE('',#15664,#3239);
#2424=LINE('',#15674,#3240);
#2425=LINE('',#15678,#3241);
#2426=LINE('',#15687,#3242);
#2427=LINE('',#15693,#3243);
#2428=LINE('',#15699,#3244);
#2429=LINE('',#15705,#3245);
#2430=LINE('',#15712,#3246);
#2431=LINE('',#15715,#3247);
#2432=LINE('',#15721,#3248);
#2433=LINE('',#15724,#3249);
#2434=LINE('',#15730,#3250);
#2435=LINE('',#15733,#3251);
#2436=LINE('',#15736,#3252);
#2437=LINE('',#15738,#3253);
#2438=LINE('',#15739,#3254);
#2439=LINE('',#15744,#3255);
#2440=LINE('',#15750,#3256);
#2441=LINE('',#15756,#3257);
#2442=LINE('',#15760,#3258);
#2443=LINE('',#15762,#3259);
#2444=LINE('',#15763,#3260);
#2445=LINE('',#15771,#3261);
#2446=LINE('',#15775,#3262);
#2447=LINE('',#15777,#3263);
#2448=LINE('',#15778,#3264);
#2449=LINE('',#15783,#3265);
#2450=LINE('',#15787,#3266);
#2451=LINE('',#15789,#3267);
#2452=LINE('',#15790,#3268);
#2453=LINE('',#15795,#3269);
#2454=LINE('',#15798,#3270);
#2455=LINE('',#15799,#3271);
#2456=LINE('',#15804,#3272);
#2457=LINE('',#15808,#3273);
#2458=LINE('',#15810,#3274);
#2459=LINE('',#15811,#3275);
#2460=LINE('',#15821,#3276);
#2461=LINE('',#15827,#3277);
#2462=LINE('',#15833,#3278);
#2463=LINE('',#15839,#3279);
#2464=LINE('',#15845,#3280);
#2465=LINE('',#15851,#3281);
#2466=LINE('',#15857,#3282);
#2467=LINE('',#15863,#3283);
#2468=LINE('',#15869,#3284);
#2469=LINE('',#15875,#3285);
#2470=LINE('',#15881,#3286);
#2471=LINE('',#15887,#3287);
#2472=LINE('',#15894,#3288);
#2473=LINE('',#15897,#3289);
#2474=LINE('',#15902,#3290);
#2475=LINE('',#15909,#3291);
#2476=LINE('',#15912,#3292);
#2477=LINE('',#15915,#3293);
#2478=LINE('',#15917,#3294);
#2479=LINE('',#15918,#3295);
#2480=LINE('',#15923,#3296);
#2481=LINE('',#15927,#3297);
#2482=LINE('',#15929,#3298);
#2483=LINE('',#15930,#3299);
#2484=LINE('',#15935,#3300);
#2485=LINE('',#15938,#3301);
#2486=LINE('',#15939,#3302);
#2487=LINE('',#15944,#3303);
#2488=LINE('',#15954,#3304);
#2489=LINE('',#15957,#3305);
#2490=LINE('',#15958,#3306);
#2491=LINE('',#15960,#3307);
#2492=LINE('',#15967,#3308);
#2493=LINE('',#15973,#3309);
#2494=LINE('',#15979,#3310);
#2495=LINE('',#15985,#3311);
#2496=LINE('',#15991,#3312);
#2497=LINE('',#15997,#3313);
#2498=LINE('',#16003,#3314);
#2499=LINE('',#16009,#3315);
#2500=LINE('',#16015,#3316);
#2501=LINE('',#16021,#3317);
#2502=LINE('',#16027,#3318);
#2503=LINE('',#16033,#3319);
#2504=LINE('',#16040,#3320);
#2505=LINE('',#16043,#3321);
#2506=LINE('',#16048,#3322);
#2507=LINE('',#16055,#3323);
#2508=LINE('',#16058,#3324);
#2509=LINE('',#16061,#3325);
#2510=LINE('',#16063,#3326);
#2511=LINE('',#16064,#3327);
#2512=LINE('',#16069,#3328);
#2513=LINE('',#16073,#3329);
#2514=LINE('',#16075,#3330);
#2515=LINE('',#16076,#3331);
#2516=LINE('',#16081,#3332);
#2517=LINE('',#16084,#3333);
#2518=LINE('',#16085,#3334);
#2519=LINE('',#16090,#3335);
#2520=LINE('',#16100,#3336);
#2521=LINE('',#16103,#3337);
#2522=LINE('',#16104,#3338);
#2523=LINE('',#16106,#3339);
#2524=LINE('',#16113,#3340);
#2525=LINE('',#16117,#3341);
#2526=LINE('',#16122,#3342);
#2527=LINE('',#16129,#3343);
#2528=LINE('',#16134,#3344);
#2529=LINE('',#16141,#3345);
#2530=LINE('',#16146,#3346);
#2531=LINE('',#16151,#3347);
#2532=LINE('',#16156,#3348);
#2533=LINE('',#16161,#3349);
#2534=LINE('',#16163,#3350);
#2535=LINE('',#16165,#3351);
#2536=LINE('',#16171,#3352);
#2537=LINE('',#16174,#3353);
#2538=LINE('',#16178,#3354);
#2539=LINE('',#16182,#3355);
#2540=LINE('',#16183,#3356);
#2541=LINE('',#16189,#3357);
#2542=LINE('',#16191,#3358);
#2543=LINE('',#16192,#3359);
#2544=LINE('',#16194,#3360);
#2545=LINE('',#16195,#3361);
#2546=LINE('',#16197,#3362);
#2547=LINE('',#16199,#3363);
#2548=LINE('',#16200,#3364);
#2549=LINE('',#16202,#3365);
#2550=LINE('',#16204,#3366);
#2551=LINE('',#16206,#3367);
#2552=LINE('',#16208,#3368);
#2553=LINE('',#16209,#3369);
#2554=LINE('',#16224,#3370);
#2555=LINE('',#16230,#3371);
#2556=LINE('',#16236,#3372);
#2557=LINE('',#16240,#3373);
#2558=LINE('',#16244,#3374);
#2559=LINE('',#16248,#3375);
#2560=LINE('',#16252,#3376);
#2561=LINE('',#16257,#3377);
#2562=LINE('',#16259,#3378);
#2563=LINE('',#16260,#3379);
#2564=LINE('',#16262,#3380);
#2565=LINE('',#16264,#3381);
#2566=LINE('',#16273,#3382);
#2567=LINE('',#16278,#3383);
#2568=LINE('',#16283,#3384);
#2569=LINE('',#16289,#3385);
#2570=LINE('',#16296,#3386);
#2571=LINE('',#16300,#3387);
#2572=LINE('',#16304,#3388);
#2573=LINE('',#16309,#3389);
#2574=LINE('',#16312,#3390);
#2575=LINE('',#16318,#3391);
#2576=LINE('',#16321,#3392);
#2577=LINE('',#16323,#3393);
#2578=LINE('',#16324,#3394);
#2579=LINE('',#16330,#3395);
#2580=LINE('',#16333,#3396);
#2581=LINE('',#16335,#3397);
#2582=LINE('',#16336,#3398);
#2583=LINE('',#16338,#3399);
#2584=LINE('',#16340,#3400);
#2585=LINE('',#16342,#3401);
#2586=LINE('',#16343,#3402);
#2587=LINE('',#16351,#3403);
#2588=LINE('',#16356,#3404);
#2589=LINE('',#16361,#3405);
#2590=LINE('',#16367,#3406);
#2591=LINE('',#16374,#3407);
#2592=LINE('',#16377,#3408);
#2593=LINE('',#16383,#3409);
#2594=LINE('',#16386,#3410);
#2595=LINE('',#16389,#3411);
#2596=LINE('',#16391,#3412);
#2597=LINE('',#16392,#3413);
#2598=LINE('',#16397,#3414);
#2599=LINE('',#16400,#3415);
#2600=LINE('',#16401,#3416);
#2601=LINE('',#16404,#3417);
#2602=LINE('',#16406,#3418);
#2603=LINE('',#16407,#3419);
#2604=LINE('',#16412,#3420);
#2605=LINE('',#16415,#3421);
#2606=LINE('',#16416,#3422);
#2607=LINE('',#16423,#3423);
#2608=LINE('',#16428,#3424);
#2609=LINE('',#16433,#3425);
#2610=LINE('',#16439,#3426);
#2611=LINE('',#16446,#3427);
#2612=LINE('',#16450,#3428);
#2613=LINE('',#16454,#3429);
#2614=LINE('',#16459,#3430);
#2615=LINE('',#16462,#3431);
#2616=LINE('',#16468,#3432);
#2617=LINE('',#16471,#3433);
#2618=LINE('',#16473,#3434);
#2619=LINE('',#16474,#3435);
#2620=LINE('',#16480,#3436);
#2621=LINE('',#16483,#3437);
#2622=LINE('',#16485,#3438);
#2623=LINE('',#16486,#3439);
#2624=LINE('',#16488,#3440);
#2625=LINE('',#16490,#3441);
#2626=LINE('',#16492,#3442);
#2627=LINE('',#16493,#3443);
#2628=LINE('',#16501,#3444);
#2629=LINE('',#16506,#3445);
#2630=LINE('',#16511,#3446);
#2631=LINE('',#16517,#3447);
#2632=LINE('',#16524,#3448);
#2633=LINE('',#16527,#3449);
#2634=LINE('',#16533,#3450);
#2635=LINE('',#16536,#3451);
#2636=LINE('',#16539,#3452);
#2637=LINE('',#16541,#3453);
#2638=LINE('',#16542,#3454);
#2639=LINE('',#16547,#3455);
#2640=LINE('',#16550,#3456);
#2641=LINE('',#16551,#3457);
#2642=LINE('',#16554,#3458);
#2643=LINE('',#16556,#3459);
#2644=LINE('',#16557,#3460);
#2645=LINE('',#16562,#3461);
#2646=LINE('',#16565,#3462);
#2647=LINE('',#16566,#3463);
#2648=LINE('',#16573,#3464);
#2649=LINE('',#16579,#3465);
#2650=LINE('',#16583,#3466);
#2651=LINE('',#16588,#3467);
#2652=LINE('',#16591,#3468);
#2653=LINE('',#16601,#3469);
#2654=LINE('',#16605,#3470);
#2655=LINE('',#16614,#3471);
#2656=LINE('',#16620,#3472);
#2657=LINE('',#16624,#3473);
#2658=LINE('',#16629,#3474);
#2659=LINE('',#16632,#3475);
#2660=LINE('',#16642,#3476);
#2661=LINE('',#16646,#3477);
#2662=LINE('',#16655,#3478);
#2663=LINE('',#16661,#3479);
#2664=LINE('',#16665,#3480);
#2665=LINE('',#16670,#3481);
#2666=LINE('',#16673,#3482);
#2667=LINE('',#16683,#3483);
#2668=LINE('',#16687,#3484);
#2669=LINE('',#16696,#3485);
#2670=LINE('',#16702,#3486);
#2671=LINE('',#16706,#3487);
#2672=LINE('',#16711,#3488);
#2673=LINE('',#16714,#3489);
#2674=LINE('',#16724,#3490);
#2675=LINE('',#16728,#3491);
#2676=LINE('',#16738,#3492);
#2677=LINE('',#16741,#3493);
#2678=LINE('',#16747,#3494);
#2679=LINE('',#16750,#3495);
#2680=LINE('',#16753,#3496);
#2681=LINE('',#16755,#3497);
#2682=LINE('',#16756,#3498);
#2683=LINE('',#16761,#3499);
#2684=LINE('',#16765,#3500);
#2685=LINE('',#16767,#3501);
#2686=LINE('',#16768,#3502);
#2687=LINE('',#16773,#3503);
#2688=LINE('',#16777,#3504);
#2689=LINE('',#16779,#3505);
#2690=LINE('',#16780,#3506);
#2691=LINE('',#16785,#3507);
#2692=LINE('',#16789,#3508);
#2693=LINE('',#16791,#3509);
#2694=LINE('',#16792,#3510);
#2695=LINE('',#16797,#3511);
#2696=LINE('',#16800,#3512);
#2697=LINE('',#16801,#3513);
#2698=LINE('',#16803,#3514);
#2699=LINE('',#16804,#3515);
#2700=LINE('',#16812,#3516);
#2701=LINE('',#16815,#3517);
#2702=LINE('',#16821,#3518);
#2703=LINE('',#16824,#3519);
#2704=LINE('',#16827,#3520);
#2705=LINE('',#16829,#3521);
#2706=LINE('',#16830,#3522);
#2707=LINE('',#16835,#3523);
#2708=LINE('',#16839,#3524);
#2709=LINE('',#16841,#3525);
#2710=LINE('',#16842,#3526);
#2711=LINE('',#16847,#3527);
#2712=LINE('',#16851,#3528);
#2713=LINE('',#16853,#3529);
#2714=LINE('',#16854,#3530);
#2715=LINE('',#16859,#3531);
#2716=LINE('',#16863,#3532);
#2717=LINE('',#16865,#3533);
#2718=LINE('',#16866,#3534);
#2719=LINE('',#16871,#3535);
#2720=LINE('',#16874,#3536);
#2721=LINE('',#16875,#3537);
#2722=LINE('',#16877,#3538);
#2723=LINE('',#16878,#3539);
#2724=LINE('',#16885,#3540);
#2725=LINE('',#16891,#3541);
#2726=LINE('',#16899,#3542);
#2727=LINE('',#16905,#3543);
#2728=LINE('',#16913,#3544);
#2729=LINE('',#16919,#3545);
#2730=LINE('',#16927,#3546);
#2731=LINE('',#16933,#3547);
#2732=LINE('',#16941,#3548);
#2733=LINE('',#16945,#3549);
#2734=LINE('',#16951,#3550);
#2735=LINE('',#16956,#3551);
#2736=LINE('',#16958,#3552);
#2737=LINE('',#16960,#3553);
#2738=LINE('',#16962,#3554);
#2739=LINE('',#16964,#3555);
#2740=LINE('',#16965,#3556);
#2741=LINE('',#16970,#3557);
#2742=LINE('',#16972,#3558);
#2743=LINE('',#16973,#3559);
#2744=LINE('',#16976,#3560);
#2745=LINE('',#16977,#3561);
#2746=LINE('',#16980,#3562);
#2747=LINE('',#16981,#3563);
#2748=LINE('',#16984,#3564);
#2749=LINE('',#16985,#3565);
#2750=LINE('',#16988,#3566);
#2751=LINE('',#16989,#3567);
#2752=LINE('',#16991,#3568);
#2753=LINE('',#16997,#3569);
#2754=LINE('',#17001,#3570);
#2755=LINE('',#17007,#3571);
#2756=LINE('',#17012,#3572);
#2757=LINE('',#17014,#3573);
#2758=LINE('',#17016,#3574);
#2759=LINE('',#17018,#3575);
#2760=LINE('',#17020,#3576);
#2761=LINE('',#17021,#3577);
#2762=LINE('',#17026,#3578);
#2763=LINE('',#17028,#3579);
#2764=LINE('',#17029,#3580);
#2765=LINE('',#17032,#3581);
#2766=LINE('',#17033,#3582);
#2767=LINE('',#17036,#3583);
#2768=LINE('',#17037,#3584);
#2769=LINE('',#17040,#3585);
#2770=LINE('',#17041,#3586);
#2771=LINE('',#17044,#3587);
#2772=LINE('',#17045,#3588);
#2773=LINE('',#17047,#3589);
#2774=LINE('',#17053,#3590);
#2775=LINE('',#17057,#3591);
#2776=LINE('',#17063,#3592);
#2777=LINE('',#17068,#3593);
#2778=LINE('',#17070,#3594);
#2779=LINE('',#17072,#3595);
#2780=LINE('',#17074,#3596);
#2781=LINE('',#17076,#3597);
#2782=LINE('',#17077,#3598);
#2783=LINE('',#17082,#3599);
#2784=LINE('',#17084,#3600);
#2785=LINE('',#17085,#3601);
#2786=LINE('',#17088,#3602);
#2787=LINE('',#17089,#3603);
#2788=LINE('',#17092,#3604);
#2789=LINE('',#17093,#3605);
#2790=LINE('',#17096,#3606);
#2791=LINE('',#17097,#3607);
#2792=LINE('',#17100,#3608);
#2793=LINE('',#17101,#3609);
#2794=LINE('',#17103,#3610);
#2795=LINE('',#17109,#3611);
#2796=LINE('',#17113,#3612);
#2797=LINE('',#17119,#3613);
#2798=LINE('',#17124,#3614);
#2799=LINE('',#17126,#3615);
#2800=LINE('',#17128,#3616);
#2801=LINE('',#17130,#3617);
#2802=LINE('',#17132,#3618);
#2803=LINE('',#17133,#3619);
#2804=LINE('',#17138,#3620);
#2805=LINE('',#17140,#3621);
#2806=LINE('',#17141,#3622);
#2807=LINE('',#17144,#3623);
#2808=LINE('',#17145,#3624);
#2809=LINE('',#17148,#3625);
#2810=LINE('',#17149,#3626);
#2811=LINE('',#17152,#3627);
#2812=LINE('',#17153,#3628);
#2813=LINE('',#17156,#3629);
#2814=LINE('',#17157,#3630);
#2815=LINE('',#17159,#3631);
#2816=LINE('',#17165,#3632);
#2817=LINE('',#17169,#3633);
#2818=LINE('',#17175,#3634);
#2819=LINE('',#17180,#3635);
#2820=LINE('',#17182,#3636);
#2821=LINE('',#17184,#3637);
#2822=LINE('',#17186,#3638);
#2823=LINE('',#17188,#3639);
#2824=LINE('',#17189,#3640);
#2825=LINE('',#17194,#3641);
#2826=LINE('',#17196,#3642);
#2827=LINE('',#17197,#3643);
#2828=LINE('',#17200,#3644);
#2829=LINE('',#17201,#3645);
#2830=LINE('',#17204,#3646);
#2831=LINE('',#17205,#3647);
#2832=LINE('',#17208,#3648);
#2833=LINE('',#17209,#3649);
#2834=LINE('',#17212,#3650);
#2835=LINE('',#17213,#3651);
#2836=LINE('',#17215,#3652);
#2837=LINE('',#17221,#3653);
#2838=LINE('',#17225,#3654);
#2839=LINE('',#17231,#3655);
#2840=LINE('',#17236,#3656);
#2841=LINE('',#17238,#3657);
#2842=LINE('',#17240,#3658);
#2843=LINE('',#17242,#3659);
#2844=LINE('',#17244,#3660);
#2845=LINE('',#17245,#3661);
#2846=LINE('',#17250,#3662);
#2847=LINE('',#17252,#3663);
#2848=LINE('',#17253,#3664);
#2849=LINE('',#17256,#3665);
#2850=LINE('',#17257,#3666);
#2851=LINE('',#17260,#3667);
#2852=LINE('',#17261,#3668);
#2853=LINE('',#17264,#3669);
#2854=LINE('',#17265,#3670);
#2855=LINE('',#17268,#3671);
#2856=LINE('',#17269,#3672);
#2857=LINE('',#17271,#3673);
#2858=LINE('',#17277,#3674);
#2859=LINE('',#17283,#3675);
#2860=LINE('',#17291,#3676);
#2861=LINE('',#17295,#3677);
#2862=LINE('',#17300,#3678);
#2863=LINE('',#17306,#3679);
#2864=LINE('',#17311,#3680);
#2865=LINE('',#17313,#3681);
#2866=LINE('',#17315,#3682);
#2867=LINE('',#17317,#3683);
#2868=LINE('',#17319,#3684);
#2869=LINE('',#17320,#3685);
#2870=LINE('',#17325,#3686);
#2871=LINE('',#17327,#3687);
#2872=LINE('',#17328,#3688);
#2873=LINE('',#17331,#3689);
#2874=LINE('',#17332,#3690);
#2875=LINE('',#17335,#3691);
#2876=LINE('',#17336,#3692);
#2877=LINE('',#17339,#3693);
#2878=LINE('',#17340,#3694);
#2879=LINE('',#17343,#3695);
#2880=LINE('',#17344,#3696);
#2881=LINE('',#17346,#3697);
#2882=LINE('',#17352,#3698);
#2883=LINE('',#17356,#3699);
#2884=LINE('',#17362,#3700);
#2885=LINE('',#17367,#3701);
#2886=LINE('',#17369,#3702);
#2887=LINE('',#17371,#3703);
#2888=LINE('',#17373,#3704);
#2889=LINE('',#17375,#3705);
#2890=LINE('',#17376,#3706);
#2891=LINE('',#17381,#3707);
#2892=LINE('',#17383,#3708);
#2893=LINE('',#17384,#3709);
#2894=LINE('',#17387,#3710);
#2895=LINE('',#17388,#3711);
#2896=LINE('',#17391,#3712);
#2897=LINE('',#17392,#3713);
#2898=LINE('',#17395,#3714);
#2899=LINE('',#17396,#3715);
#2900=LINE('',#17399,#3716);
#2901=LINE('',#17400,#3717);
#2902=LINE('',#17402,#3718);
#2903=LINE('',#17408,#3719);
#2904=LINE('',#17414,#3720);
#2905=LINE('',#17422,#3721);
#2906=LINE('',#17428,#3722);
#2907=LINE('',#17436,#3723);
#2908=LINE('',#17442,#3724);
#2909=LINE('',#17450,#3725);
#2910=LINE('',#17456,#3726);
#2911=LINE('',#17464,#3727);
#2912=LINE('',#17470,#3728);
#2913=LINE('',#17478,#3729);
#2914=LINE('',#17482,#3730);
#2915=LINE('',#17488,#3731);
#2916=LINE('',#17493,#3732);
#2917=LINE('',#17495,#3733);
#2918=LINE('',#17497,#3734);
#2919=LINE('',#17499,#3735);
#2920=LINE('',#17501,#3736);
#2921=LINE('',#17502,#3737);
#2922=LINE('',#17507,#3738);
#2923=LINE('',#17509,#3739);
#2924=LINE('',#17510,#3740);
#2925=LINE('',#17513,#3741);
#2926=LINE('',#17514,#3742);
#2927=LINE('',#17517,#3743);
#2928=LINE('',#17518,#3744);
#2929=LINE('',#17521,#3745);
#2930=LINE('',#17522,#3746);
#2931=LINE('',#17525,#3747);
#2932=LINE('',#17526,#3748);
#2933=LINE('',#17528,#3749);
#2934=LINE('',#17534,#3750);
#2935=LINE('',#17538,#3751);
#2936=LINE('',#17544,#3752);
#2937=LINE('',#17549,#3753);
#2938=LINE('',#17551,#3754);
#2939=LINE('',#17553,#3755);
#2940=LINE('',#17555,#3756);
#2941=LINE('',#17557,#3757);
#2942=LINE('',#17558,#3758);
#2943=LINE('',#17563,#3759);
#2944=LINE('',#17565,#3760);
#2945=LINE('',#17566,#3761);
#2946=LINE('',#17569,#3762);
#2947=LINE('',#17570,#3763);
#2948=LINE('',#17573,#3764);
#2949=LINE('',#17574,#3765);
#2950=LINE('',#17577,#3766);
#2951=LINE('',#17578,#3767);
#2952=LINE('',#17581,#3768);
#2953=LINE('',#17582,#3769);
#2954=LINE('',#17584,#3770);
#2955=LINE('',#17590,#3771);
#2956=LINE('',#17594,#3772);
#2957=LINE('',#17600,#3773);
#2958=LINE('',#17605,#3774);
#2959=LINE('',#17607,#3775);
#2960=LINE('',#17609,#3776);
#2961=LINE('',#17611,#3777);
#2962=LINE('',#17613,#3778);
#2963=LINE('',#17614,#3779);
#2964=LINE('',#17619,#3780);
#2965=LINE('',#17621,#3781);
#2966=LINE('',#17622,#3782);
#2967=LINE('',#17625,#3783);
#2968=LINE('',#17626,#3784);
#2969=LINE('',#17629,#3785);
#2970=LINE('',#17630,#3786);
#2971=LINE('',#17633,#3787);
#2972=LINE('',#17634,#3788);
#2973=LINE('',#17637,#3789);
#2974=LINE('',#17638,#3790);
#2975=LINE('',#17640,#3791);
#2976=LINE('',#17646,#3792);
#2977=LINE('',#17652,#3793);
#2978=LINE('',#17660,#3794);
#2979=LINE('',#17666,#3795);
#2980=LINE('',#17674,#3796);
#2981=LINE('',#17680,#3797);
#2982=LINE('',#17688,#3798);
#2983=LINE('',#17692,#3799);
#2984=LINE('',#17697,#3800);
#2985=LINE('',#17703,#3801);
#2986=LINE('',#17708,#3802);
#2987=LINE('',#17710,#3803);
#2988=LINE('',#17712,#3804);
#2989=LINE('',#17714,#3805);
#2990=LINE('',#17716,#3806);
#2991=LINE('',#17717,#3807);
#2992=LINE('',#17722,#3808);
#2993=LINE('',#17724,#3809);
#2994=LINE('',#17725,#3810);
#2995=LINE('',#17728,#3811);
#2996=LINE('',#17729,#3812);
#2997=LINE('',#17732,#3813);
#2998=LINE('',#17733,#3814);
#2999=LINE('',#17736,#3815);
#3000=LINE('',#17737,#3816);
#3001=LINE('',#17740,#3817);
#3002=LINE('',#17741,#3818);
#3003=LINE('',#17743,#3819);
#3004=LINE('',#17749,#3820);
#3005=LINE('',#17753,#3821);
#3006=LINE('',#17758,#3822);
#3007=LINE('',#17764,#3823);
#3008=LINE('',#17769,#3824);
#3009=LINE('',#17771,#3825);
#3010=LINE('',#17773,#3826);
#3011=LINE('',#17775,#3827);
#3012=LINE('',#17777,#3828);
#3013=LINE('',#17778,#3829);
#3014=LINE('',#17783,#3830);
#3015=LINE('',#17785,#3831);
#3016=LINE('',#17786,#3832);
#3017=LINE('',#17789,#3833);
#3018=LINE('',#17790,#3834);
#3019=LINE('',#17793,#3835);
#3020=LINE('',#17794,#3836);
#3021=LINE('',#17797,#3837);
#3022=LINE('',#17798,#3838);
#3023=LINE('',#17801,#3839);
#3024=LINE('',#17802,#3840);
#3025=LINE('',#17804,#3841);
#3026=LINE('',#17810,#3842);
#3027=LINE('',#17814,#3843);
#3028=LINE('',#17819,#3844);
#3029=LINE('',#17825,#3845);
#3030=LINE('',#17830,#3846);
#3031=LINE('',#17832,#3847);
#3032=LINE('',#17834,#3848);
#3033=LINE('',#17836,#3849);
#3034=LINE('',#17838,#3850);
#3035=LINE('',#17839,#3851);
#3036=LINE('',#17844,#3852);
#3037=LINE('',#17846,#3853);
#3038=LINE('',#17847,#3854);
#3039=LINE('',#17850,#3855);
#3040=LINE('',#17851,#3856);
#3041=LINE('',#17854,#3857);
#3042=LINE('',#17855,#3858);
#3043=LINE('',#17858,#3859);
#3044=LINE('',#17859,#3860);
#3045=LINE('',#17862,#3861);
#3046=LINE('',#17863,#3862);
#3047=LINE('',#17865,#3863);
#3048=LINE('',#17871,#3864);
#3049=LINE('',#17875,#3865);
#3050=LINE('',#17881,#3866);
#3051=LINE('',#17887,#3867);
#3052=LINE('',#17889,#3868);
#3053=LINE('',#17891,#3869);
#3054=LINE('',#17893,#3870);
#3055=LINE('',#17895,#3871);
#3056=LINE('',#17896,#3872);
#3057=LINE('',#17900,#3873);
#3058=LINE('',#17902,#3874);
#3059=LINE('',#17903,#3875);
#3060=LINE('',#17906,#3876);
#3061=LINE('',#17907,#3877);
#3062=LINE('',#17910,#3878);
#3063=LINE('',#17911,#3879);
#3064=LINE('',#17914,#3880);
#3065=LINE('',#17915,#3881);
#3066=LINE('',#17918,#3882);
#3067=LINE('',#17919,#3883);
#3068=LINE('',#17921,#3884);
#3069=LINE('',#17927,#3885);
#3070=LINE('',#17933,#3886);
#3071=LINE('',#17941,#3887);
#3072=LINE('',#17945,#3888);
#3073=LINE('',#17951,#3889);
#3074=LINE('',#17957,#3890);
#3075=LINE('',#17959,#3891);
#3076=LINE('',#17961,#3892);
#3077=LINE('',#17963,#3893);
#3078=LINE('',#17965,#3894);
#3079=LINE('',#17966,#3895);
#3080=LINE('',#17970,#3896);
#3081=LINE('',#17972,#3897);
#3082=LINE('',#17973,#3898);
#3083=LINE('',#17976,#3899);
#3084=LINE('',#17977,#3900);
#3085=LINE('',#17980,#3901);
#3086=LINE('',#17981,#3902);
#3087=LINE('',#17984,#3903);
#3088=LINE('',#17985,#3904);
#3089=LINE('',#17988,#3905);
#3090=LINE('',#17989,#3906);
#3091=LINE('',#17991,#3907);
#3092=LINE('',#17997,#3908);
#3093=LINE('',#18003,#3909);
#3094=LINE('',#18011,#3910);
#3095=LINE('',#18015,#3911);
#3096=LINE('',#18021,#3912);
#3097=LINE('',#18027,#3913);
#3098=LINE('',#18029,#3914);
#3099=LINE('',#18031,#3915);
#3100=LINE('',#18033,#3916);
#3101=LINE('',#18035,#3917);
#3102=LINE('',#18036,#3918);
#3103=LINE('',#18040,#3919);
#3104=LINE('',#18042,#3920);
#3105=LINE('',#18043,#3921);
#3106=LINE('',#18046,#3922);
#3107=LINE('',#18047,#3923);
#3108=LINE('',#18050,#3924);
#3109=LINE('',#18051,#3925);
#3110=LINE('',#18054,#3926);
#3111=LINE('',#18055,#3927);
#3112=LINE('',#18058,#3928);
#3113=LINE('',#18059,#3929);
#3114=LINE('',#18061,#3930);
#3115=LINE('',#18067,#3931);
#3116=LINE('',#18073,#3932);
#3117=LINE('',#18081,#3933);
#3118=LINE('',#18085,#3934);
#3119=LINE('',#18091,#3935);
#3120=LINE('',#18097,#3936);
#3121=LINE('',#18099,#3937);
#3122=LINE('',#18101,#3938);
#3123=LINE('',#18103,#3939);
#3124=LINE('',#18105,#3940);
#3125=LINE('',#18106,#3941);
#3126=LINE('',#18110,#3942);
#3127=LINE('',#18112,#3943);
#3128=LINE('',#18113,#3944);
#3129=LINE('',#18116,#3945);
#3130=LINE('',#18117,#3946);
#3131=LINE('',#18120,#3947);
#3132=LINE('',#18121,#3948);
#3133=LINE('',#18124,#3949);
#3134=LINE('',#18125,#3950);
#3135=LINE('',#18128,#3951);
#3136=LINE('',#18129,#3952);
#3137=LINE('',#18131,#3953);
#3138=LINE('',#18137,#3954);
#3139=LINE('',#18143,#3955);
#3140=VECTOR('',#12100,3.99999999999994);
#3141=VECTOR('',#12107,3.99999999999994);
#3142=VECTOR('',#12112,2.99999999999994);
#3143=VECTOR('',#12119,2.99999999999994);
#3144=VECTOR('',#12124,3.99999999999997);
#3145=VECTOR('',#12129,15.);
#3146=VECTOR('',#12144,1000.);
#3147=VECTOR('',#12147,1000.);
#3148=VECTOR('',#12152,1000.);
#3149=VECTOR('',#12155,1000.);
#3150=VECTOR('',#12158,1000.);
#3151=VECTOR('',#12159,1000.);
#3152=VECTOR('',#12160,1000.);
#3153=VECTOR('',#12165,1000.);
#3154=VECTOR('',#12170,1000.);
#3155=VECTOR('',#12171,1000.);
#3156=VECTOR('',#12172,1000.);
#3157=VECTOR('',#12177,1000.);
#3158=VECTOR('',#12182,1000.);
#3159=VECTOR('',#12183,1000.);
#3160=VECTOR('',#12184,1000.);
#3161=VECTOR('',#12189,1000.);
#3162=VECTOR('',#12194,1000.);
#3163=VECTOR('',#12195,1000.);
#3164=VECTOR('',#12196,1000.);
#3165=VECTOR('',#12201,1000.);
#3166=VECTOR('',#12206,1000.);
#3167=VECTOR('',#12207,1000.);
#3168=VECTOR('',#12210,1000.);
#3169=VECTOR('',#12211,1000.);
#3170=VECTOR('',#12220,8.);
#3171=VECTOR('',#12227,4.20000000000624);
#3172=VECTOR('',#12238,9.);
#3173=VECTOR('',#12245,4.);
#3174=VECTOR('',#12252,0.75);
#3175=VECTOR('',#12263,1.24999999999999);
#3176=VECTOR('',#12268,1.24999999999999);
#3177=VECTOR('',#12273,1.69999999999999);
#3178=VECTOR('',#12278,1.69999999999999);
#3179=VECTOR('',#12283,1.24999999999999);
#3180=VECTOR('',#12288,1.24999999999999);
#3181=VECTOR('',#12293,1.69999999999999);
#3182=VECTOR('',#12298,1.69999999999999);
#3183=VECTOR('',#12303,5.5);
#3184=VECTOR('',#12310,5.);
#3185=VECTOR('',#12315,1.24999999999999);
#3186=VECTOR('',#12320,1.24999999999999);
#3187=VECTOR('',#12325,1.69999999999999);
#3188=VECTOR('',#12330,1.69999999999999);
#3189=VECTOR('',#12335,1.24999999999999);
#3190=VECTOR('',#12340,1.24999999999999);
#3191=VECTOR('',#12345,1.69999999999999);
#3192=VECTOR('',#12350,1.69999999999999);
#3193=VECTOR('',#12355,7.5);
#3194=VECTOR('',#12362,1.5);
#3195=VECTOR('',#12369,7.5);
#3196=VECTOR('',#12376,1.5);
#3197=VECTOR('',#12383,5.5);
#3198=VECTOR('',#12390,5.);
#3199=VECTOR('',#12395,2.);
#3200=VECTOR('',#12400,8.);
#3201=VECTOR('',#12405,2.);
#3202=VECTOR('',#12410,8.);
#3203=VECTOR('',#12413,1000.);
#3204=VECTOR('',#12414,1000.);
#3205=VECTOR('',#12415,1000.);
#3206=VECTOR('',#12416,1000.);
#3207=VECTOR('',#12419,1000.);
#3208=VECTOR('',#12420,1000.);
#3209=VECTOR('',#12421,1000.);
#3210=VECTOR('',#12422,1000.);
#3211=VECTOR('',#12425,1000.);
#3212=VECTOR('',#12428,1000.);
#3213=VECTOR('',#12433,1000.);
#3214=VECTOR('',#12436,1000.);
#3215=VECTOR('',#12441,1000.);
#3216=VECTOR('',#12450,1000.);
#3217=VECTOR('',#12455,1000.);
#3218=VECTOR('',#12464,1000.);
#3219=VECTOR('',#12467,1000.);
#3220=VECTOR('',#12470,1000.);
#3221=VECTOR('',#12471,1000.);
#3222=VECTOR('',#12476,1000.);
#3223=VECTOR('',#12479,1000.);
#3224=VECTOR('',#12482,1000.);
#3225=VECTOR('',#12485,1000.);
#3226=VECTOR('',#12486,1000.);
#3227=VECTOR('',#12487,1000.);
#3228=VECTOR('',#12490,1000.);
#3229=VECTOR('',#12491,1000.);
#3230=VECTOR('',#12492,1000.);
#3231=VECTOR('',#12495,1000.);
#3232=VECTOR('',#12498,1000.);
#3233=VECTOR('',#12499,1000.);
#3234=VECTOR('',#12502,1000.);
#3235=VECTOR('',#12525,7.5);
#3236=VECTOR('',#12532,4.);
#3237=VECTOR('',#12537,7.5);
#3238=VECTOR('',#12544,4.);
#3239=VECTOR('',#12547,4.);
#3240=VECTOR('',#12560,5.);
#3241=VECTOR('',#12565,5.);
#3242=VECTOR('',#12578,2.14999999999999);
#3243=VECTOR('',#12585,2.14999999999999);
#3244=VECTOR('',#12592,2.15);
#3245=VECTOR('',#12599,2.14999999999999);
#3246=VECTOR('',#12606,1000.);
#3247=VECTOR('',#12609,1000.);
#3248=VECTOR('',#12614,1000.);
#3249=VECTOR('',#12617,1000.);
#3250=VECTOR('',#12622,1000.);
#3251=VECTOR('',#12625,1000.);
#3252=VECTOR('',#12628,1000.);
#3253=VECTOR('',#12629,1000.);
#3254=VECTOR('',#12630,1000.);
#3255=VECTOR('',#12635,1000.);
#3256=VECTOR('',#12642,1000.);
#3257=VECTOR('',#12649,1000.);
#3258=VECTOR('',#12654,1000.);
#3259=VECTOR('',#12655,1000.);
#3260=VECTOR('',#12656,1000.);
#3261=VECTOR('',#12667,1000.);
#3262=VECTOR('',#12672,1000.);
#3263=VECTOR('',#12673,1000.);
#3264=VECTOR('',#12674,1000.);
#3265=VECTOR('',#12679,1000.);
#3266=VECTOR('',#12684,1000.);
#3267=VECTOR('',#12685,1000.);
#3268=VECTOR('',#12686,1000.);
#3269=VECTOR('',#12691,1000.);
#3270=VECTOR('',#12696,1000.);
#3271=VECTOR('',#12697,1000.);
#3272=VECTOR('',#12702,1000.);
#3273=VECTOR('',#12707,1000.);
#3274=VECTOR('',#12708,1000.);
#3275=VECTOR('',#12709,1000.);
#3276=VECTOR('',#12724,2.15000000000001);
#3277=VECTOR('',#12731,2.15000000000001);
#3278=VECTOR('',#12738,2.15);
#3279=VECTOR('',#12745,2.15000000000001);
#3280=VECTOR('',#12752,2.15);
#3281=VECTOR('',#12759,2.15);
#3282=VECTOR('',#12766,2.);
#3283=VECTOR('',#12773,1.7);
#3284=VECTOR('',#12780,1.7);
#3285=VECTOR('',#12787,1.7);
#3286=VECTOR('',#12794,8.);
#3287=VECTOR('',#12801,5.);
#3288=VECTOR('',#12808,1000.);
#3289=VECTOR('',#12811,1000.);
#3290=VECTOR('',#12816,1000.);
#3291=VECTOR('',#12823,1000.);
#3292=VECTOR('',#12826,1000.);
#3293=VECTOR('',#12829,1000.);
#3294=VECTOR('',#12830,1000.);
#3295=VECTOR('',#12831,1000.);
#3296=VECTOR('',#12836,1000.);
#3297=VECTOR('',#12841,1000.);
#3298=VECTOR('',#12842,1000.);
#3299=VECTOR('',#12843,1000.);
#3300=VECTOR('',#12848,1000.);
#3301=VECTOR('',#12853,1000.);
#3302=VECTOR('',#12854,1000.);
#3303=VECTOR('',#12859,1000.);
#3304=VECTOR('',#12870,1000.);
#3305=VECTOR('',#12875,1000.);
#3306=VECTOR('',#12876,1000.);
#3307=VECTOR('',#12879,1000.);
#3308=VECTOR('',#12888,2.15000000000001);
#3309=VECTOR('',#12895,2.15000000000001);
#3310=VECTOR('',#12902,2.15);
#3311=VECTOR('',#12909,2.15000000000001);
#3312=VECTOR('',#12916,2.15);
#3313=VECTOR('',#12923,2.15);
#3314=VECTOR('',#12930,2.);
#3315=VECTOR('',#12937,1.7);
#3316=VECTOR('',#12944,1.7);
#3317=VECTOR('',#12951,1.7);
#3318=VECTOR('',#12958,8.);
#3319=VECTOR('',#12965,5.);
#3320=VECTOR('',#12972,1000.);
#3321=VECTOR('',#12975,1000.);
#3322=VECTOR('',#12980,1000.);
#3323=VECTOR('',#12987,1000.);
#3324=VECTOR('',#12990,1000.);
#3325=VECTOR('',#12993,1000.);
#3326=VECTOR('',#12994,1000.);
#3327=VECTOR('',#12995,1000.);
#3328=VECTOR('',#13000,1000.);
#3329=VECTOR('',#13005,1000.);
#3330=VECTOR('',#13006,1000.);
#3331=VECTOR('',#13007,1000.);
#3332=VECTOR('',#13012,1000.);
#3333=VECTOR('',#13017,1000.);
#3334=VECTOR('',#13018,1000.);
#3335=VECTOR('',#13023,1000.);
#3336=VECTOR('',#13034,1000.);
#3337=VECTOR('',#13039,1000.);
#3338=VECTOR('',#13040,1000.);
#3339=VECTOR('',#13043,1000.);
#3340=VECTOR('',#13052,3.4);
#3341=VECTOR('',#13057,3.4);
#3342=VECTOR('',#13062,2.24999999999999);
#3343=VECTOR('',#13071,2.25);
#3344=VECTOR('',#13076,2.24999999999999);
#3345=VECTOR('',#13085,2.25);
#3346=VECTOR('',#13090,2.24999999999999);
#3347=VECTOR('',#13097,2.25);
#3348=VECTOR('',#13102,2.24999999999999);
#3349=VECTOR('',#13109,2.25);
#3350=VECTOR('',#13112,1.65);
#3351=VECTOR('',#13115,1.65);
#3352=VECTOR('',#13120,1000.);
#3353=VECTOR('',#13123,1000.);
#3354=VECTOR('',#13126,1000.);
#3355=VECTOR('',#13129,1000.);
#3356=VECTOR('',#13130,1000.);
#3357=VECTOR('',#13135,1000.);
#3358=VECTOR('',#13136,1000.);
#3359=VECTOR('',#13137,1000.);
#3360=VECTOR('',#13140,1000.);
#3361=VECTOR('',#13141,1000.);
#3362=VECTOR('',#13142,1000.);
#3363=VECTOR('',#13143,1000.);
#3364=VECTOR('',#13144,1000.);
#3365=VECTOR('',#13147,1000.);
#3366=VECTOR('',#13150,1000.);
#3367=VECTOR('',#13151,1000.);
#3368=VECTOR('',#13152,1000.);
#3369=VECTOR('',#13153,1000.);
#3370=VECTOR('',#13174,8.9);
#3371=VECTOR('',#13181,3.233);
#3372=VECTOR('',#13188,6.5);
#3373=VECTOR('',#13191,1000.);
#3374=VECTOR('',#13194,1000.);
#3375=VECTOR('',#13197,1000.);
#3376=VECTOR('',#13200,1000.);
#3377=VECTOR('',#13207,4.);
#3378=VECTOR('',#13210,1000.);
#3379=VECTOR('',#13211,1000.);
#3380=VECTOR('',#13214,1000.);
#3381=VECTOR('',#13217,1000.);
#3382=VECTOR('',#13230,5.5);
#3383=VECTOR('',#13237,5.);
#3384=VECTOR('',#13242,1.24999999999999);
#3385=VECTOR('',#13249,1.24999999999999);
#3386=VECTOR('',#13256,1000.);
#3387=VECTOR('',#13259,1000.);
#3388=VECTOR('',#13262,8.);
#3389=VECTOR('',#13267,1000.);
#3390=VECTOR('',#13270,1000.);
#3391=VECTOR('',#13275,1000.);
#3392=VECTOR('',#13278,1000.);
#3393=VECTOR('',#13281,1000.);
#3394=VECTOR('',#13282,1000.);
#3395=VECTOR('',#13287,1000.);
#3396=VECTOR('',#13290,1000.);
#3397=VECTOR('',#13293,1000.);
#3398=VECTOR('',#13294,1000.);
#3399=VECTOR('',#13297,1000.);
#3400=VECTOR('',#13300,1000.);
#3401=VECTOR('',#13303,1000.);
#3402=VECTOR('',#13304,1000.);
#3403=VECTOR('',#13315,5.5);
#3404=VECTOR('',#13322,5.);
#3405=VECTOR('',#13327,1.7);
#3406=VECTOR('',#13334,1.7);
#3407=VECTOR('',#13341,1000.);
#3408=VECTOR('',#13344,1000.);
#3409=VECTOR('',#13349,1000.);
#3410=VECTOR('',#13352,1000.);
#3411=VECTOR('',#13355,1000.);
#3412=VECTOR('',#13356,1000.);
#3413=VECTOR('',#13357,1000.);
#3414=VECTOR('',#13362,1000.);
#3415=VECTOR('',#13367,1000.);
#3416=VECTOR('',#13368,1000.);
#3417=VECTOR('',#13371,1000.);
#3418=VECTOR('',#13372,1000.);
#3419=VECTOR('',#13373,1000.);
#3420=VECTOR('',#13378,1000.);
#3421=VECTOR('',#13383,1000.);
#3422=VECTOR('',#13384,1000.);
#3423=VECTOR('',#13393,5.5);
#3424=VECTOR('',#13400,5.);
#3425=VECTOR('',#13405,1.24999999999999);
#3426=VECTOR('',#13412,1.24999999999999);
#3427=VECTOR('',#13419,1000.);
#3428=VECTOR('',#13422,1000.);
#3429=VECTOR('',#13425,8.);
#3430=VECTOR('',#13430,1000.);
#3431=VECTOR('',#13433,1000.);
#3432=VECTOR('',#13438,1000.);
#3433=VECTOR('',#13441,1000.);
#3434=VECTOR('',#13444,1000.);
#3435=VECTOR('',#13445,1000.);
#3436=VECTOR('',#13450,1000.);
#3437=VECTOR('',#13453,1000.);
#3438=VECTOR('',#13456,1000.);
#3439=VECTOR('',#13457,1000.);
#3440=VECTOR('',#13460,1000.);
#3441=VECTOR('',#13463,1000.);
#3442=VECTOR('',#13466,1000.);
#3443=VECTOR('',#13467,1000.);
#3444=VECTOR('',#13478,5.5);
#3445=VECTOR('',#13485,5.);
#3446=VECTOR('',#13490,1.7);
#3447=VECTOR('',#13497,1.7);
#3448=VECTOR('',#13504,1000.);
#3449=VECTOR('',#13507,1000.);
#3450=VECTOR('',#13512,1000.);
#3451=VECTOR('',#13515,1000.);
#3452=VECTOR('',#13518,1000.);
#3453=VECTOR('',#13519,1000.);
#3454=VECTOR('',#13520,1000.);
#3455=VECTOR('',#13525,1000.);
#3456=VECTOR('',#13530,1000.);
#3457=VECTOR('',#13531,1000.);
#3458=VECTOR('',#13534,1000.);
#3459=VECTOR('',#13535,1000.);
#3460=VECTOR('',#13536,1000.);
#3461=VECTOR('',#13541,1000.);
#3462=VECTOR('',#13546,1000.);
#3463=VECTOR('',#13547,1000.);
#3464=VECTOR('',#13556,7.5);
#3465=VECTOR('',#13563,4.);
#3466=VECTOR('',#13568,7.5);
#3467=VECTOR('',#13575,4.);
#3468=VECTOR('',#13578,4.);
#3469=VECTOR('',#13591,5.);
#3470=VECTOR('',#13596,5.);
#3471=VECTOR('',#13609,7.5);
#3472=VECTOR('',#13616,4.);
#3473=VECTOR('',#13621,7.5);
#3474=VECTOR('',#13628,4.);
#3475=VECTOR('',#13631,4.);
#3476=VECTOR('',#13644,5.);
#3477=VECTOR('',#13649,5.);
#3478=VECTOR('',#13662,7.5);
#3479=VECTOR('',#13669,4.);
#3480=VECTOR('',#13674,7.5);
#3481=VECTOR('',#13681,4.);
#3482=VECTOR('',#13684,4.);
#3483=VECTOR('',#13697,5.);
#3484=VECTOR('',#13702,5.);
#3485=VECTOR('',#13715,7.5);
#3486=VECTOR('',#13722,4.);
#3487=VECTOR('',#13727,7.5);
#3488=VECTOR('',#13734,4.);
#3489=VECTOR('',#13737,4.);
#3490=VECTOR('',#13750,5.);
#3491=VECTOR('',#13755,5.);
#3492=VECTOR('',#13768,1000.);
#3493=VECTOR('',#13771,1000.);
#3494=VECTOR('',#13776,1000.);
#3495=VECTOR('',#13779,1000.);
#3496=VECTOR('',#13782,1000.);
#3497=VECTOR('',#13783,1000.);
#3498=VECTOR('',#13784,1000.);
#3499=VECTOR('',#13789,1000.);
#3500=VECTOR('',#13794,1000.);
#3501=VECTOR('',#13795,1000.);
#3502=VECTOR('',#13796,1000.);
#3503=VECTOR('',#13801,1000.);
#3504=VECTOR('',#13806,1000.);
#3505=VECTOR('',#13807,1000.);
#3506=VECTOR('',#13808,1000.);
#3507=VECTOR('',#13813,1000.);
#3508=VECTOR('',#13818,1000.);
#3509=VECTOR('',#13819,1000.);
#3510=VECTOR('',#13820,1000.);
#3511=VECTOR('',#13825,1000.);
#3512=VECTOR('',#13830,1000.);
#3513=VECTOR('',#13831,1000.);
#3514=VECTOR('',#13834,1000.);
#3515=VECTOR('',#13835,1000.);
#3516=VECTOR('',#13844,1000.);
#3517=VECTOR('',#13847,1000.);
#3518=VECTOR('',#13852,1000.);
#3519=VECTOR('',#13855,1000.);
#3520=VECTOR('',#13858,1000.);
#3521=VECTOR('',#13859,1000.);
#3522=VECTOR('',#13860,1000.);
#3523=VECTOR('',#13865,1000.);
#3524=VECTOR('',#13870,1000.);
#3525=VECTOR('',#13871,1000.);
#3526=VECTOR('',#13872,1000.);
#3527=VECTOR('',#13877,1000.);
#3528=VECTOR('',#13882,1000.);
#3529=VECTOR('',#13883,1000.);
#3530=VECTOR('',#13884,1000.);
#3531=VECTOR('',#13889,1000.);
#3532=VECTOR('',#13894,1000.);
#3533=VECTOR('',#13895,1000.);
#3534=VECTOR('',#13896,1000.);
#3535=VECTOR('',#13901,1000.);
#3536=VECTOR('',#13906,1000.);
#3537=VECTOR('',#13907,1000.);
#3538=VECTOR('',#13910,1000.);
#3539=VECTOR('',#13911,1000.);
#3540=VECTOR('',#13920,8.);
#3541=VECTOR('',#13927,4.20000000000624);
#3542=VECTOR('',#13938,8.);
#3543=VECTOR('',#13945,4.20000000000624);
#3544=VECTOR('',#13956,8.);
#3545=VECTOR('',#13963,4.20000000000624);
#3546=VECTOR('',#13974,8.);
#3547=VECTOR('',#13981,4.20000000000624);
#3548=VECTOR('',#13992,1.5);
#3549=VECTOR('',#13997,1.5);
#3550=VECTOR('',#14004,2.75);
#3551=VECTOR('',#14009,1000.);
#3552=VECTOR('',#14010,1000.);
#3553=VECTOR('',#14011,1000.);
#3554=VECTOR('',#14012,1000.);
#3555=VECTOR('',#14013,1000.);
#3556=VECTOR('',#14014,1000.);
#3557=VECTOR('',#14021,1000.);
#3558=VECTOR('',#14022,1000.);
#3559=VECTOR('',#14023,1000.);
#3560=VECTOR('',#14026,1000.);
#3561=VECTOR('',#14027,1000.);
#3562=VECTOR('',#14030,1000.);
#3563=VECTOR('',#14031,1000.);
#3564=VECTOR('',#14034,1000.);
#3565=VECTOR('',#14035,1000.);
#3566=VECTOR('',#14038,1000.);
#3567=VECTOR('',#14039,1000.);
#3568=VECTOR('',#14042,1000.);
#3569=VECTOR('',#14049,1.5);
#3570=VECTOR('',#14054,1.5);
#3571=VECTOR('',#14061,2.75);
#3572=VECTOR('',#14066,1000.);
#3573=VECTOR('',#14067,1000.);
#3574=VECTOR('',#14068,1000.);
#3575=VECTOR('',#14069,1000.);
#3576=VECTOR('',#14070,1000.);
#3577=VECTOR('',#14071,1000.);
#3578=VECTOR('',#14078,1000.);
#3579=VECTOR('',#14079,1000.);
#3580=VECTOR('',#14080,1000.);
#3581=VECTOR('',#14083,1000.);
#3582=VECTOR('',#14084,1000.);
#3583=VECTOR('',#14087,1000.);
#3584=VECTOR('',#14088,1000.);
#3585=VECTOR('',#14091,1000.);
#3586=VECTOR('',#14092,1000.);
#3587=VECTOR('',#14095,1000.);
#3588=VECTOR('',#14096,1000.);
#3589=VECTOR('',#14099,1000.);
#3590=VECTOR('',#14106,1.5);
#3591=VECTOR('',#14111,1.5);
#3592=VECTOR('',#14118,2.75);
#3593=VECTOR('',#14123,1000.);
#3594=VECTOR('',#14124,1000.);
#3595=VECTOR('',#14125,1000.);
#3596=VECTOR('',#14126,1000.);
#3597=VECTOR('',#14127,1000.);
#3598=VECTOR('',#14128,1000.);
#3599=VECTOR('',#14135,1000.);
#3600=VECTOR('',#14136,1000.);
#3601=VECTOR('',#14137,1000.);
#3602=VECTOR('',#14140,1000.);
#3603=VECTOR('',#14141,1000.);
#3604=VECTOR('',#14144,1000.);
#3605=VECTOR('',#14145,1000.);
#3606=VECTOR('',#14148,1000.);
#3607=VECTOR('',#14149,1000.);
#3608=VECTOR('',#14152,1000.);
#3609=VECTOR('',#14153,1000.);
#3610=VECTOR('',#14156,1000.);
#3611=VECTOR('',#14163,1.5);
#3612=VECTOR('',#14168,1.5);
#3613=VECTOR('',#14175,2.75);
#3614=VECTOR('',#14180,1000.);
#3615=VECTOR('',#14181,1000.);
#3616=VECTOR('',#14182,1000.);
#3617=VECTOR('',#14183,1000.);
#3618=VECTOR('',#14184,1000.);
#3619=VECTOR('',#14185,1000.);
#3620=VECTOR('',#14192,1000.);
#3621=VECTOR('',#14193,1000.);
#3622=VECTOR('',#14194,1000.);
#3623=VECTOR('',#14197,1000.);
#3624=VECTOR('',#14198,1000.);
#3625=VECTOR('',#14201,1000.);
#3626=VECTOR('',#14202,1000.);
#3627=VECTOR('',#14205,1000.);
#3628=VECTOR('',#14206,1000.);
#3629=VECTOR('',#14209,1000.);
#3630=VECTOR('',#14210,1000.);
#3631=VECTOR('',#14213,1000.);
#3632=VECTOR('',#14220,1.5);
#3633=VECTOR('',#14225,1.5);
#3634=VECTOR('',#14232,2.75);
#3635=VECTOR('',#14237,1000.);
#3636=VECTOR('',#14238,1000.);
#3637=VECTOR('',#14239,1000.);
#3638=VECTOR('',#14240,1000.);
#3639=VECTOR('',#14241,1000.);
#3640=VECTOR('',#14242,1000.);
#3641=VECTOR('',#14249,1000.);
#3642=VECTOR('',#14250,1000.);
#3643=VECTOR('',#14251,1000.);
#3644=VECTOR('',#14254,1000.);
#3645=VECTOR('',#14255,1000.);
#3646=VECTOR('',#14258,1000.);
#3647=VECTOR('',#14259,1000.);
#3648=VECTOR('',#14262,1000.);
#3649=VECTOR('',#14263,1000.);
#3650=VECTOR('',#14266,1000.);
#3651=VECTOR('',#14267,1000.);
#3652=VECTOR('',#14270,1000.);
#3653=VECTOR('',#14277,1.5);
#3654=VECTOR('',#14282,1.5);
#3655=VECTOR('',#14289,2.75);
#3656=VECTOR('',#14294,1000.);
#3657=VECTOR('',#14295,1000.);
#3658=VECTOR('',#14296,1000.);
#3659=VECTOR('',#14297,1000.);
#3660=VECTOR('',#14298,1000.);
#3661=VECTOR('',#14299,1000.);
#3662=VECTOR('',#14306,1000.);
#3663=VECTOR('',#14307,1000.);
#3664=VECTOR('',#14308,1000.);
#3665=VECTOR('',#14311,1000.);
#3666=VECTOR('',#14312,1000.);
#3667=VECTOR('',#14315,1000.);
#3668=VECTOR('',#14316,1000.);
#3669=VECTOR('',#14319,1000.);
#3670=VECTOR('',#14320,1000.);
#3671=VECTOR('',#14323,1000.);
#3672=VECTOR('',#14324,1000.);
#3673=VECTOR('',#14327,1000.);
#3674=VECTOR('',#14334,1.6);
#3675=VECTOR('',#14341,3.);
#3676=VECTOR('',#14352,1.24999999999999);
#3677=VECTOR('',#14357,1.25);
#3678=VECTOR('',#14362,2.);
#3679=VECTOR('',#14369,4.25);
#3680=VECTOR('',#14374,1000.);
#3681=VECTOR('',#14375,1000.);
#3682=VECTOR('',#14376,1000.);
#3683=VECTOR('',#14377,1000.);
#3684=VECTOR('',#14378,1000.);
#3685=VECTOR('',#14379,1000.);
#3686=VECTOR('',#14386,1000.);
#3687=VECTOR('',#14387,1000.);
#3688=VECTOR('',#14388,1000.);
#3689=VECTOR('',#14391,1000.);
#3690=VECTOR('',#14392,1000.);
#3691=VECTOR('',#14395,1000.);
#3692=VECTOR('',#14396,1000.);
#3693=VECTOR('',#14399,1000.);
#3694=VECTOR('',#14400,1000.);
#3695=VECTOR('',#14403,1000.);
#3696=VECTOR('',#14404,1000.);
#3697=VECTOR('',#14407,1000.);
#3698=VECTOR('',#14414,1.5);
#3699=VECTOR('',#14419,1.5);
#3700=VECTOR('',#14426,2.75);
#3701=VECTOR('',#14431,1000.);
#3702=VECTOR('',#14432,1000.);
#3703=VECTOR('',#14433,1000.);
#3704=VECTOR('',#14434,1000.);
#3705=VECTOR('',#14435,1000.);
#3706=VECTOR('',#14436,1000.);
#3707=VECTOR('',#14443,1000.);
#3708=VECTOR('',#14444,1000.);
#3709=VECTOR('',#14445,1000.);
#3710=VECTOR('',#14448,1000.);
#3711=VECTOR('',#14449,1000.);
#3712=VECTOR('',#14452,1000.);
#3713=VECTOR('',#14453,1000.);
#3714=VECTOR('',#14456,1000.);
#3715=VECTOR('',#14457,1000.);
#3716=VECTOR('',#14460,1000.);
#3717=VECTOR('',#14461,1000.);
#3718=VECTOR('',#14464,1000.);
#3719=VECTOR('',#14471,1.6);
#3720=VECTOR('',#14478,3.);
#3721=VECTOR('',#14489,2.15);
#3722=VECTOR('',#14496,4.);
#3723=VECTOR('',#14507,1.6);
#3724=VECTOR('',#14514,3.);
#3725=VECTOR('',#14525,1.6);
#3726=VECTOR('',#14532,3.);
#3727=VECTOR('',#14543,1.6);
#3728=VECTOR('',#14550,3.);
#3729=VECTOR('',#14561,1.5);
#3730=VECTOR('',#14566,1.5);
#3731=VECTOR('',#14573,2.75);
#3732=VECTOR('',#14578,1000.);
#3733=VECTOR('',#14579,1000.);
#3734=VECTOR('',#14580,1000.);
#3735=VECTOR('',#14581,1000.);
#3736=VECTOR('',#14582,1000.);
#3737=VECTOR('',#14583,1000.);
#3738=VECTOR('',#14590,1000.);
#3739=VECTOR('',#14591,1000.);
#3740=VECTOR('',#14592,1000.);
#3741=VECTOR('',#14595,1000.);
#3742=VECTOR('',#14596,1000.);
#3743=VECTOR('',#14599,1000.);
#3744=VECTOR('',#14600,1000.);
#3745=VECTOR('',#14603,1000.);
#3746=VECTOR('',#14604,1000.);
#3747=VECTOR('',#14607,1000.);
#3748=VECTOR('',#14608,1000.);
#3749=VECTOR('',#14611,1000.);
#3750=VECTOR('',#14618,1.5);
#3751=VECTOR('',#14623,1.5);
#3752=VECTOR('',#14630,2.75);
#3753=VECTOR('',#14635,1000.);
#3754=VECTOR('',#14636,1000.);
#3755=VECTOR('',#14637,1000.);
#3756=VECTOR('',#14638,1000.);
#3757=VECTOR('',#14639,1000.);
#3758=VECTOR('',#14640,1000.);
#3759=VECTOR('',#14647,1000.);
#3760=VECTOR('',#14648,1000.);
#3761=VECTOR('',#14649,1000.);
#3762=VECTOR('',#14652,1000.);
#3763=VECTOR('',#14653,1000.);
#3764=VECTOR('',#14656,1000.);
#3765=VECTOR('',#14657,1000.);
#3766=VECTOR('',#14660,1000.);
#3767=VECTOR('',#14661,1000.);
#3768=VECTOR('',#14664,1000.);
#3769=VECTOR('',#14665,1000.);
#3770=VECTOR('',#14668,1000.);
#3771=VECTOR('',#14675,1.5);
#3772=VECTOR('',#14680,1.5);
#3773=VECTOR('',#14687,2.75);
#3774=VECTOR('',#14692,1000.);
#3775=VECTOR('',#14693,1000.);
#3776=VECTOR('',#14694,1000.);
#3777=VECTOR('',#14695,1000.);
#3778=VECTOR('',#14696,1000.);
#3779=VECTOR('',#14697,1000.);
#3780=VECTOR('',#14704,1000.);
#3781=VECTOR('',#14705,1000.);
#3782=VECTOR('',#14706,1000.);
#3783=VECTOR('',#14709,1000.);
#3784=VECTOR('',#14710,1000.);
#3785=VECTOR('',#14713,1000.);
#3786=VECTOR('',#14714,1000.);
#3787=VECTOR('',#14717,1000.);
#3788=VECTOR('',#14718,1000.);
#3789=VECTOR('',#14721,1000.);
#3790=VECTOR('',#14722,1000.);
#3791=VECTOR('',#14725,1000.);
#3792=VECTOR('',#14732,2.15);
#3793=VECTOR('',#14739,4.);
#3794=VECTOR('',#14750,2.15);
#3795=VECTOR('',#14757,4.);
#3796=VECTOR('',#14768,2.15);
#3797=VECTOR('',#14775,4.);
#3798=VECTOR('',#14786,1.24999999999999);
#3799=VECTOR('',#14791,1.25);
#3800=VECTOR('',#14796,2.);
#3801=VECTOR('',#14803,4.25);
#3802=VECTOR('',#14808,1000.);
#3803=VECTOR('',#14809,1000.);
#3804=VECTOR('',#14810,1000.);
#3805=VECTOR('',#14811,1000.);
#3806=VECTOR('',#14812,1000.);
#3807=VECTOR('',#14813,1000.);
#3808=VECTOR('',#14820,1000.);
#3809=VECTOR('',#14821,1000.);
#3810=VECTOR('',#14822,1000.);
#3811=VECTOR('',#14825,1000.);
#3812=VECTOR('',#14826,1000.);
#3813=VECTOR('',#14829,1000.);
#3814=VECTOR('',#14830,1000.);
#3815=VECTOR('',#14833,1000.);
#3816=VECTOR('',#14834,1000.);
#3817=VECTOR('',#14837,1000.);
#3818=VECTOR('',#14838,1000.);
#3819=VECTOR('',#14841,1000.);
#3820=VECTOR('',#14848,1.24999999999999);
#3821=VECTOR('',#14853,1.25);
#3822=VECTOR('',#14858,2.);
#3823=VECTOR('',#14865,4.25);
#3824=VECTOR('',#14870,1000.);
#3825=VECTOR('',#14871,1000.);
#3826=VECTOR('',#14872,1000.);
#3827=VECTOR('',#14873,1000.);
#3828=VECTOR('',#14874,1000.);
#3829=VECTOR('',#14875,1000.);
#3830=VECTOR('',#14882,1000.);
#3831=VECTOR('',#14883,1000.);
#3832=VECTOR('',#14884,1000.);
#3833=VECTOR('',#14887,1000.);
#3834=VECTOR('',#14888,1000.);
#3835=VECTOR('',#14891,1000.);
#3836=VECTOR('',#14892,1000.);
#3837=VECTOR('',#14895,1000.);
#3838=VECTOR('',#14896,1000.);
#3839=VECTOR('',#14899,1000.);
#3840=VECTOR('',#14900,1000.);
#3841=VECTOR('',#14903,1000.);
#3842=VECTOR('',#14910,1.24999999999999);
#3843=VECTOR('',#14915,1.25);
#3844=VECTOR('',#14920,2.);
#3845=VECTOR('',#14927,4.25);
#3846=VECTOR('',#14932,1000.);
#3847=VECTOR('',#14933,1000.);
#3848=VECTOR('',#14934,1000.);
#3849=VECTOR('',#14935,1000.);
#3850=VECTOR('',#14936,1000.);
#3851=VECTOR('',#14937,1000.);
#3852=VECTOR('',#14944,1000.);
#3853=VECTOR('',#14945,1000.);
#3854=VECTOR('',#14946,1000.);
#3855=VECTOR('',#14949,1000.);
#3856=VECTOR('',#14950,1000.);
#3857=VECTOR('',#14953,1000.);
#3858=VECTOR('',#14954,1000.);
#3859=VECTOR('',#14957,1000.);
#3860=VECTOR('',#14958,1000.);
#3861=VECTOR('',#14961,1000.);
#3862=VECTOR('',#14962,1000.);
#3863=VECTOR('',#14965,1000.);
#3864=VECTOR('',#14972,2.);
#3865=VECTOR('',#14977,2.);
#3866=VECTOR('',#14984,3.5);
#3867=VECTOR('',#14991,1000.);
#3868=VECTOR('',#14992,1000.);
#3869=VECTOR('',#14993,1000.);
#3870=VECTOR('',#14994,1000.);
#3871=VECTOR('',#14995,1000.);
#3872=VECTOR('',#14996,1000.);
#3873=VECTOR('',#15001,1000.);
#3874=VECTOR('',#15002,1000.);
#3875=VECTOR('',#15003,1000.);
#3876=VECTOR('',#15006,1000.);
#3877=VECTOR('',#15007,1000.);
#3878=VECTOR('',#15010,1000.);
#3879=VECTOR('',#15011,1000.);
#3880=VECTOR('',#15014,1000.);
#3881=VECTOR('',#15015,1000.);
#3882=VECTOR('',#15018,1000.);
#3883=VECTOR('',#15019,1000.);
#3884=VECTOR('',#15022,1000.);
#3885=VECTOR('',#15029,2.15);
#3886=VECTOR('',#15036,4.);
#3887=VECTOR('',#15047,2.);
#3888=VECTOR('',#15052,2.);
#3889=VECTOR('',#15059,3.5);
#3890=VECTOR('',#15066,1000.);
#3891=VECTOR('',#15067,1000.);
#3892=VECTOR('',#15068,1000.);
#3893=VECTOR('',#15069,1000.);
#3894=VECTOR('',#15070,1000.);
#3895=VECTOR('',#15071,1000.);
#3896=VECTOR('',#15076,1000.);
#3897=VECTOR('',#15077,1000.);
#3898=VECTOR('',#15078,1000.);
#3899=VECTOR('',#15081,1000.);
#3900=VECTOR('',#15082,1000.);
#3901=VECTOR('',#15085,1000.);
#3902=VECTOR('',#15086,1000.);
#3903=VECTOR('',#15089,1000.);
#3904=VECTOR('',#15090,1000.);
#3905=VECTOR('',#15093,1000.);
#3906=VECTOR('',#15094,1000.);
#3907=VECTOR('',#15097,1000.);
#3908=VECTOR('',#15104,2.15);
#3909=VECTOR('',#15111,4.);
#3910=VECTOR('',#15122,2.);
#3911=VECTOR('',#15127,2.);
#3912=VECTOR('',#15134,3.5);
#3913=VECTOR('',#15141,1000.);
#3914=VECTOR('',#15142,1000.);
#3915=VECTOR('',#15143,1000.);
#3916=VECTOR('',#15144,1000.);
#3917=VECTOR('',#15145,1000.);
#3918=VECTOR('',#15146,1000.);
#3919=VECTOR('',#15151,1000.);
#3920=VECTOR('',#15152,1000.);
#3921=VECTOR('',#15153,1000.);
#3922=VECTOR('',#15156,1000.);
#3923=VECTOR('',#15157,1000.);
#3924=VECTOR('',#15160,1000.);
#3925=VECTOR('',#15161,1000.);
#3926=VECTOR('',#15164,1000.);
#3927=VECTOR('',#15165,1000.);
#3928=VECTOR('',#15168,1000.);
#3929=VECTOR('',#15169,1000.);
#3930=VECTOR('',#15172,1000.);
#3931=VECTOR('',#15179,2.15);
#3932=VECTOR('',#15186,4.);
#3933=VECTOR('',#15197,2.);
#3934=VECTOR('',#15202,2.);
#3935=VECTOR('',#15209,3.5);
#3936=VECTOR('',#15216,1000.);
#3937=VECTOR('',#15217,1000.);
#3938=VECTOR('',#15218,1000.);
#3939=VECTOR('',#15219,1000.);
#3940=VECTOR('',#15220,1000.);
#3941=VECTOR('',#15221,1000.);
#3942=VECTOR('',#15226,1000.);
#3943=VECTOR('',#15227,1000.);
#3944=VECTOR('',#15228,1000.);
#3945=VECTOR('',#15231,1000.);
#3946=VECTOR('',#15232,1000.);
#3947=VECTOR('',#15235,1000.);
#3948=VECTOR('',#15236,1000.);
#3949=VECTOR('',#15239,1000.);
#3950=VECTOR('',#15240,1000.);
#3951=VECTOR('',#15243,1000.);
#3952=VECTOR('',#15244,1000.);
#3953=VECTOR('',#15247,1000.);
#3954=VECTOR('',#15254,2.15);
#3955=VECTOR('',#15261,4.);
#3956=CIRCLE('',#10917,3.99999999999994);
#3957=CIRCLE('',#10918,3.49999999999997);
#3958=CIRCLE('',#10920,3.99999999999994);
#3959=CIRCLE('',#10922,2.99999999999994);
#3960=CIRCLE('',#10923,2.99999999999994);
#3961=CIRCLE('',#10925,3.99999999999995);
#3962=CIRCLE('',#10927,3.99999999999999);
#3963=CIRCLE('',#10929,15.);
#3964=CIRCLE('',#10930,15.);
#3965=CIRCLE('',#10936,6.);
#3966=CIRCLE('',#10937,6.);
#3967=CIRCLE('',#10939,3.);
#3968=CIRCLE('',#10940,3.);
#3969=CIRCLE('',#10943,4.6);
#3970=CIRCLE('',#10944,4.6);
#3971=CIRCLE('',#10947,3.);
#3972=CIRCLE('',#10948,3.);
#3973=CIRCLE('',#10951,4.6);
#3974=CIRCLE('',#10952,4.6);
#3975=CIRCLE('',#10955,3.);
#3976=CIRCLE('',#10956,3.);
#3977=CIRCLE('',#10962,8.);
#3978=CIRCLE('',#10963,7.99999999999999);
#3979=CIRCLE('',#10965,4.2);
#3980=CIRCLE('',#10966,4.20000000001248);
#3981=CIRCLE('',#10970,9.);
#3982=CIRCLE('',#10971,9.);
#3983=CIRCLE('',#10973,4.);
#3984=CIRCLE('',#10974,4.);
#3985=CIRCLE('',#10976,0.75);
#3986=CIRCLE('',#10977,0.75);
#3987=CIRCLE('',#10981,1.24999999999999);
#3988=CIRCLE('',#10982,1.24999999999999);
#3989=CIRCLE('',#10985,1.69999999999999);
#3990=CIRCLE('',#10986,1.69999999999999);
#3991=CIRCLE('',#10989,1.24999999999999);
#3992=CIRCLE('',#10990,1.24999999999999);
#3993=CIRCLE('',#10993,1.69999999999999);
#3994=CIRCLE('',#10994,1.69999999999999);
#3995=CIRCLE('',#10997,5.);
#3996=CIRCLE('',#10998,5.5);
#3997=CIRCLE('',#11000,5.);
#3998=CIRCLE('',#11002,1.24999999999999);
#3999=CIRCLE('',#11003,1.24999999999999);
#4000=CIRCLE('',#11006,1.69999999999999);
#4001=CIRCLE('',#11007,1.69999999999999);
#4002=CIRCLE('',#11010,1.24999999999999);
#4003=CIRCLE('',#11011,1.24999999999999);
#4004=CIRCLE('',#11014,1.69999999999999);
#4005=CIRCLE('',#11015,1.69999999999999);
#4006=CIRCLE('',#11018,8.);
#4007=CIRCLE('',#11019,7.5);
#4008=CIRCLE('',#11021,2.);
#4009=CIRCLE('',#11022,1.5);
#4010=CIRCLE('',#11024,8.);
#4011=CIRCLE('',#11025,7.5);
#4012=CIRCLE('',#11027,2.);
#4013=CIRCLE('',#11028,1.5);
#4014=CIRCLE('',#11030,5.);
#4015=CIRCLE('',#11031,5.5);
#4016=CIRCLE('',#11033,5.);
#4017=CIRCLE('',#11035,2.);
#4018=CIRCLE('',#11037,8.);
#4019=CIRCLE('',#11039,2.);
#4020=CIRCLE('',#11041,8.);
#4021=CIRCLE('',#11045,15.);
#4022=CIRCLE('',#11046,15.);
#4023=CIRCLE('',#11047,15.);
#4024=CIRCLE('',#11048,15.);
#4025=CIRCLE('',#11050,3.);
#4026=CIRCLE('',#11051,3.);
#4027=CIRCLE('',#11053,3.);
#4028=CIRCLE('',#11054,3.);
#4029=CIRCLE('',#11056,3.);
#4030=CIRCLE('',#11057,3.);
#4031=CIRCLE('',#11059,3.);
#4032=CIRCLE('',#11060,3.);
#4033=CIRCLE('',#11062,5.);
#4034=CIRCLE('',#11063,5.);
#4035=CIRCLE('',#11065,5.);
#4036=CIRCLE('',#11066,5.);
#4037=CIRCLE('',#11082,7.5);
#4038=CIRCLE('',#11083,7.495336923418);
#4039=CIRCLE('',#11085,4.);
#4040=CIRCLE('',#11086,4.004663076582);
#4041=CIRCLE('',#11088,7.5);
#4042=CIRCLE('',#11090,4.);
#4043=CIRCLE('',#11092,4.004663076582);
#4044=CIRCLE('',#11094,5.);
#4045=CIRCLE('',#11095,0.2499);
#4046=CIRCLE('',#11096,5.2499);
#4047=CIRCLE('',#11098,5.);
#4048=CIRCLE('',#11100,4.711324865405);
#4049=CIRCLE('',#11105,2.15);
#4050=CIRCLE('',#11106,2.14999999999999);
#4051=CIRCLE('',#11108,2.15);
#4052=CIRCLE('',#11109,2.14999999999999);
#4053=CIRCLE('',#11111,2.15);
#4054=CIRCLE('',#11112,2.14999999999999);
#4055=CIRCLE('',#11114,2.14999999999999);
#4056=CIRCLE('',#11115,2.14999999999999);
#4057=CIRCLE('',#11117,0.500000000000021);
#4058=CIRCLE('',#11118,0.500000000000021);
#4059=CIRCLE('',#11120,0.5);
#4060=CIRCLE('',#11121,0.5);
#4061=CIRCLE('',#11123,10.5);
#4062=CIRCLE('',#11124,10.5);
#4063=CIRCLE('',#11127,27.);
#4064=CIRCLE('',#11128,27.);
#4065=CIRCLE('',#11130,25.0000000000001);
#4066=CIRCLE('',#11131,25.0000000000001);
#4067=CIRCLE('',#11133,385.839379533265);
#4068=CIRCLE('',#11134,385.839379533265);
#4069=CIRCLE('',#11137,0.5);
#4070=CIRCLE('',#11138,0.5);
#4071=CIRCLE('',#11140,0.5);
#4072=CIRCLE('',#11141,0.5);
#4073=CIRCLE('',#11144,5.);
#4074=CIRCLE('',#11145,5.);
#4075=CIRCLE('',#11148,22.);
#4076=CIRCLE('',#11149,22.);
#4077=CIRCLE('',#11152,5.50000000000001);
#4078=CIRCLE('',#11153,5.50000000000001);
#4079=CIRCLE('',#11156,5.46765530914402);
#4080=CIRCLE('',#11157,5.46765530914402);
#4081=CIRCLE('',#11161,2.15000000000001);
#4082=CIRCLE('',#11162,2.15000000000001);
#4083=CIRCLE('',#11164,2.15000000000001);
#4084=CIRCLE('',#11165,2.15000000000001);
#4085=CIRCLE('',#11167,2.15);
#4086=CIRCLE('',#11168,2.15);
#4087=CIRCLE('',#11170,2.15000000000001);
#4088=CIRCLE('',#11171,2.15000000000001);
#4089=CIRCLE('',#11173,2.15);
#4090=CIRCLE('',#11174,2.15);
#4091=CIRCLE('',#11176,2.15);
#4092=CIRCLE('',#11177,2.15);
#4093=CIRCLE('',#11179,2.);
#4094=CIRCLE('',#11180,2.);
#4095=CIRCLE('',#11182,1.7);
#4096=CIRCLE('',#11183,1.7);
#4097=CIRCLE('',#11185,1.7);
#4098=CIRCLE('',#11186,1.7);
#4099=CIRCLE('',#11188,1.7);
#4100=CIRCLE('',#11189,1.7);
#4101=CIRCLE('',#11191,8.);
#4102=CIRCLE('',#11192,8.);
#4103=CIRCLE('',#11194,5.);
#4104=CIRCLE('',#11195,5.);
#4105=CIRCLE('',#11197,15.);
#4106=CIRCLE('',#11198,15.);
#4107=CIRCLE('',#11200,385.839379533265);
#4108=CIRCLE('',#11201,385.839379533265);
#4109=CIRCLE('',#11203,385.839379533265);
#4110=CIRCLE('',#11204,385.839379533265);
#4111=CIRCLE('',#11207,9.99999999999998);
#4112=CIRCLE('',#11208,9.99999999999998);
#4113=CIRCLE('',#11211,10.);
#4114=CIRCLE('',#11212,10.);
#4115=CIRCLE('',#11215,10.);
#4116=CIRCLE('',#11216,27.);
#4117=CIRCLE('',#11217,25.0000000000001);
#4118=CIRCLE('',#11219,25.0000000000001);
#4119=CIRCLE('',#11220,27.);
#4120=CIRCLE('',#11221,10.);
#4121=CIRCLE('',#11227,2.15000000000001);
#4122=CIRCLE('',#11228,2.15000000000001);
#4123=CIRCLE('',#11230,2.15000000000001);
#4124=CIRCLE('',#11231,2.15000000000001);
#4125=CIRCLE('',#11233,2.15);
#4126=CIRCLE('',#11234,2.15);
#4127=CIRCLE('',#11236,2.15000000000001);
#4128=CIRCLE('',#11237,2.15000000000001);
#4129=CIRCLE('',#11239,2.15);
#4130=CIRCLE('',#11240,2.15);
#4131=CIRCLE('',#11242,2.15);
#4132=CIRCLE('',#11243,2.15);
#4133=CIRCLE('',#11245,2.);
#4134=CIRCLE('',#11246,2.);
#4135=CIRCLE('',#11248,1.7);
#4136=CIRCLE('',#11249,1.7);
#4137=CIRCLE('',#11251,1.7);
#4138=CIRCLE('',#11252,1.7);
#4139=CIRCLE('',#11254,1.7);
#4140=CIRCLE('',#11255,1.7);
#4141=CIRCLE('',#11257,8.);
#4142=CIRCLE('',#11258,8.);
#4143=CIRCLE('',#11260,5.);
#4144=CIRCLE('',#11261,5.);
#4145=CIRCLE('',#11263,15.);
#4146=CIRCLE('',#11264,15.);
#4147=CIRCLE('',#11266,385.839379533265);
#4148=CIRCLE('',#11267,385.839379533265);
#4149=CIRCLE('',#11269,385.839379533265);
#4150=CIRCLE('',#11270,385.839379533265);
#4151=CIRCLE('',#11273,9.99999999999998);
#4152=CIRCLE('',#11274,9.99999999999998);
#4153=CIRCLE('',#11277,10.);
#4154=CIRCLE('',#11278,10.);
#4155=CIRCLE('',#11281,10.);
#4156=CIRCLE('',#11282,27.);
#4157=CIRCLE('',#11283,25.0000000000001);
#4158=CIRCLE('',#11285,25.0000000000001);
#4159=CIRCLE('',#11286,27.);
#4160=CIRCLE('',#11287,10.);
#4161=CIRCLE('',#11293,3.39999999999999);
#4162=CIRCLE('',#11294,3.4);
#4163=CIRCLE('',#11297,2.25);
#4164=CIRCLE('',#11298,2.24999999999999);
#4165=CIRCLE('',#11300,1.65);
#4166=CIRCLE('',#11301,1.65);
#4167=CIRCLE('',#11303,2.25);
#4168=CIRCLE('',#11304,2.24999999999999);
#4169=CIRCLE('',#11306,1.65);
#4170=CIRCLE('',#11307,1.65);
#4171=CIRCLE('',#11309,2.25);
#4172=CIRCLE('',#11310,2.24999999999999);
#4173=CIRCLE('',#11312,1.65);
#4174=CIRCLE('',#11314,2.25);
#4175=CIRCLE('',#11315,2.24999999999999);
#4176=CIRCLE('',#11317,1.65);
#4177=CIRCLE('',#11321,10.);
#4178=CIRCLE('',#11322,10.);
#4179=CIRCLE('',#11324,10.);
#4180=CIRCLE('',#11326,10.);
#4181=CIRCLE('',#11332,10.);
#4182=CIRCLE('',#11334,10.);
#4183=CIRCLE('',#11337,17.75);
#4184=CIRCLE('',#11338,8.9);
#4185=CIRCLE('',#11340,8.9);
#4186=CIRCLE('',#11342,4.);
#4187=CIRCLE('',#11343,3.233);
#4188=CIRCLE('',#11345,6.5);
#4189=CIRCLE('',#11346,6.5);
#4190=CIRCLE('',#11347,6.5);
#4191=CIRCLE('',#11348,6.5);
#4192=CIRCLE('',#11349,6.5);
#4193=CIRCLE('',#11350,6.5);
#4194=CIRCLE('',#11352,4.);
#4195=CIRCLE('',#11361,5.);
#4196=CIRCLE('',#11362,5.5);
#4197=CIRCLE('',#11364,5.);
#4198=CIRCLE('',#11366,1.25);
#4199=CIRCLE('',#11367,1.24999999999999);
#4200=CIRCLE('',#11369,1.25);
#4201=CIRCLE('',#11370,1.24999999999999);
#4202=CIRCLE('',#11372,8.);
#4203=CIRCLE('',#11373,8.);
#4204=CIRCLE('',#11374,8.);
#4205=CIRCLE('',#11375,8.);
#4206=CIRCLE('',#11376,8.);
#4207=CIRCLE('',#11377,8.);
#4208=CIRCLE('',#11379,5.);
#4209=CIRCLE('',#11380,5.);
#4210=CIRCLE('',#11383,5.);
#4211=CIRCLE('',#11384,5.);
#4212=CIRCLE('',#11393,5.);
#4213=CIRCLE('',#11394,5.5);
#4214=CIRCLE('',#11396,5.);
#4215=CIRCLE('',#11398,1.7);
#4216=CIRCLE('',#11399,1.7);
#4217=CIRCLE('',#11401,1.7);
#4218=CIRCLE('',#11402,1.7);
#4219=CIRCLE('',#11404,5.);
#4220=CIRCLE('',#11405,5.);
#4221=CIRCLE('',#11407,5.);
#4222=CIRCLE('',#11408,5.);
#4223=CIRCLE('',#11411,8.);
#4224=CIRCLE('',#11412,8.);
#4225=CIRCLE('',#11416,8.);
#4226=CIRCLE('',#11417,8.);
#4227=CIRCLE('',#11422,5.);
#4228=CIRCLE('',#11423,5.5);
#4229=CIRCLE('',#11425,5.);
#4230=CIRCLE('',#11427,1.25);
#4231=CIRCLE('',#11428,1.24999999999999);
#4232=CIRCLE('',#11430,1.25);
#4233=CIRCLE('',#11431,1.24999999999999);
#4234=CIRCLE('',#11433,8.);
#4235=CIRCLE('',#11434,8.);
#4236=CIRCLE('',#11435,8.);
#4237=CIRCLE('',#11436,8.);
#4238=CIRCLE('',#11437,8.);
#4239=CIRCLE('',#11438,8.);
#4240=CIRCLE('',#11440,5.);
#4241=CIRCLE('',#11441,5.);
#4242=CIRCLE('',#11444,5.);
#4243=CIRCLE('',#11445,5.);
#4244=CIRCLE('',#11454,5.);
#4245=CIRCLE('',#11455,5.5);
#4246=CIRCLE('',#11457,5.);
#4247=CIRCLE('',#11459,1.7);
#4248=CIRCLE('',#11460,1.7);
#4249=CIRCLE('',#11462,1.7);
#4250=CIRCLE('',#11463,1.7);
#4251=CIRCLE('',#11465,5.);
#4252=CIRCLE('',#11466,5.);
#4253=CIRCLE('',#11468,5.);
#4254=CIRCLE('',#11469,5.);
#4255=CIRCLE('',#11472,8.);
#4256=CIRCLE('',#11473,8.);
#4257=CIRCLE('',#11477,8.);
#4258=CIRCLE('',#11478,8.);
#4259=CIRCLE('',#11483,7.5);
#4260=CIRCLE('',#11484,7.495336923418);
#4261=CIRCLE('',#11486,4.);
#4262=CIRCLE('',#11487,4.004663076582);
#4263=CIRCLE('',#11489,7.5);
#4264=CIRCLE('',#11491,4.);
#4265=CIRCLE('',#11493,4.004663076582);
#4266=CIRCLE('',#11495,5.);
#4267=CIRCLE('',#11496,0.2499);
#4268=CIRCLE('',#11497,5.2499);
#4269=CIRCLE('',#11499,5.);
#4270=CIRCLE('',#11501,4.711324865405);
#4271=CIRCLE('',#11506,7.5);
#4272=CIRCLE('',#11507,7.495336923418);
#4273=CIRCLE('',#11509,4.);
#4274=CIRCLE('',#11510,4.004663076582);
#4275=CIRCLE('',#11512,7.5);
#4276=CIRCLE('',#11514,4.);
#4277=CIRCLE('',#11516,4.004663076582);
#4278=CIRCLE('',#11518,5.);
#4279=CIRCLE('',#11519,0.2499);
#4280=CIRCLE('',#11520,5.2499);
#4281=CIRCLE('',#11522,5.);
#4282=CIRCLE('',#11524,4.711324865405);
#4283=CIRCLE('',#11529,7.5);
#4284=CIRCLE('',#11530,7.495336923418);
#4285=CIRCLE('',#11532,4.);
#4286=CIRCLE('',#11533,4.004663076582);
#4287=CIRCLE('',#11535,7.5);
#4288=CIRCLE('',#11537,4.);
#4289=CIRCLE('',#11539,4.004663076582);
#4290=CIRCLE('',#11541,5.);
#4291=CIRCLE('',#11542,0.2499);
#4292=CIRCLE('',#11543,5.2499);
#4293=CIRCLE('',#11545,5.);
#4294=CIRCLE('',#11547,4.711324865405);
#4295=CIRCLE('',#11552,7.5);
#4296=CIRCLE('',#11553,7.495336923418);
#4297=CIRCLE('',#11555,4.);
#4298=CIRCLE('',#11556,4.004663076582);
#4299=CIRCLE('',#11558,7.5);
#4300=CIRCLE('',#11560,4.);
#4301=CIRCLE('',#11562,4.004663076582);
#4302=CIRCLE('',#11564,5.);
#4303=CIRCLE('',#11565,0.2499);
#4304=CIRCLE('',#11566,5.2499);
#4305=CIRCLE('',#11568,5.);
#4306=CIRCLE('',#11570,4.711324865405);
#4307=CIRCLE('',#11575,6.);
#4308=CIRCLE('',#11576,6.);
#4309=CIRCLE('',#11578,3.);
#4310=CIRCLE('',#11579,3.);
#4311=CIRCLE('',#11582,4.6);
#4312=CIRCLE('',#11583,4.6);
#4313=CIRCLE('',#11586,3.);
#4314=CIRCLE('',#11587,3.);
#4315=CIRCLE('',#11590,4.6);
#4316=CIRCLE('',#11591,4.6);
#4317=CIRCLE('',#11594,3.);
#4318=CIRCLE('',#11595,3.);
#4319=CIRCLE('',#11601,6.);
#4320=CIRCLE('',#11602,6.);
#4321=CIRCLE('',#11604,3.);
#4322=CIRCLE('',#11605,3.);
#4323=CIRCLE('',#11608,4.6);
#4324=CIRCLE('',#11609,4.6);
#4325=CIRCLE('',#11612,3.);
#4326=CIRCLE('',#11613,3.);
#4327=CIRCLE('',#11616,4.6);
#4328=CIRCLE('',#11617,4.6);
#4329=CIRCLE('',#11620,3.);
#4330=CIRCLE('',#11621,3.);
#4331=CIRCLE('',#11627,8.);
#4332=CIRCLE('',#11628,7.99999999999999);
#4333=CIRCLE('',#11630,4.2);
#4334=CIRCLE('',#11631,4.20000000001248);
#4335=CIRCLE('',#11635,8.);
#4336=CIRCLE('',#11636,8.);
#4337=CIRCLE('',#11638,4.2);
#4338=CIRCLE('',#11639,4.20000000001248);
#4339=CIRCLE('',#11643,8.);
#4340=CIRCLE('',#11644,8.);
#4341=CIRCLE('',#11646,4.2);
#4342=CIRCLE('',#11647,4.20000000001248);
#4343=CIRCLE('',#11651,8.);
#4344=CIRCLE('',#11652,8.);
#4345=CIRCLE('',#11654,4.2);
#4346=CIRCLE('',#11655,4.20000000001248);
#4347=CIRCLE('',#11659,1.5);
#4348=CIRCLE('',#11660,1.5);
#4349=CIRCLE('',#11662,1.2195);
#4350=CIRCLE('',#11664,2.75);
#4351=CIRCLE('',#11665,2.75);
#4352=CIRCLE('',#11677,1.5);
#4353=CIRCLE('',#11678,1.5);
#4354=CIRCLE('',#11680,1.2195);
#4355=CIRCLE('',#11682,2.75);
#4356=CIRCLE('',#11683,2.75);
#4357=CIRCLE('',#11695,1.5);
#4358=CIRCLE('',#11696,1.5);
#4359=CIRCLE('',#11698,1.2195);
#4360=CIRCLE('',#11700,2.75);
#4361=CIRCLE('',#11701,2.75);
#4362=CIRCLE('',#11713,1.5);
#4363=CIRCLE('',#11714,1.5);
#4364=CIRCLE('',#11716,1.2195);
#4365=CIRCLE('',#11718,2.75);
#4366=CIRCLE('',#11719,2.75);
#4367=CIRCLE('',#11731,1.5);
#4368=CIRCLE('',#11732,1.5);
#4369=CIRCLE('',#11734,1.2195);
#4370=CIRCLE('',#11736,2.75);
#4371=CIRCLE('',#11737,2.75);
#4372=CIRCLE('',#11749,1.5);
#4373=CIRCLE('',#11750,1.5);
#4374=CIRCLE('',#11752,1.2195);
#4375=CIRCLE('',#11754,2.75);
#4376=CIRCLE('',#11755,2.75);
#4377=CIRCLE('',#11767,1.6);
#4378=CIRCLE('',#11768,1.6);
#4379=CIRCLE('',#11770,3.);
#4380=CIRCLE('',#11771,3.);
#4381=CIRCLE('',#11775,1.25);
#4382=CIRCLE('',#11776,1.24999999999999);
#4383=CIRCLE('',#11779,2.);
#4384=CIRCLE('',#11780,2.);
#4385=CIRCLE('',#11782,4.25);
#4386=CIRCLE('',#11783,4.25);
#4387=CIRCLE('',#11795,1.5);
#4388=CIRCLE('',#11796,1.5);
#4389=CIRCLE('',#11798,1.2195);
#4390=CIRCLE('',#11800,2.75);
#4391=CIRCLE('',#11801,2.75);
#4392=CIRCLE('',#11813,1.6);
#4393=CIRCLE('',#11814,1.6);
#4394=CIRCLE('',#11816,3.);
#4395=CIRCLE('',#11817,3.);
#4396=CIRCLE('',#11821,2.15);
#4397=CIRCLE('',#11822,2.15);
#4398=CIRCLE('',#11824,4.);
#4399=CIRCLE('',#11825,4.);
#4400=CIRCLE('',#11829,1.6);
#4401=CIRCLE('',#11830,1.6);
#4402=CIRCLE('',#11832,3.);
#4403=CIRCLE('',#11833,3.);
#4404=CIRCLE('',#11837,1.6);
#4405=CIRCLE('',#11838,1.6);
#4406=CIRCLE('',#11840,3.);
#4407=CIRCLE('',#11841,3.);
#4408=CIRCLE('',#11845,1.6);
#4409=CIRCLE('',#11846,1.6);
#4410=CIRCLE('',#11848,3.);
#4411=CIRCLE('',#11849,3.);
#4412=CIRCLE('',#11853,1.5);
#4413=CIRCLE('',#11854,1.5);
#4414=CIRCLE('',#11856,1.2195);
#4415=CIRCLE('',#11858,2.75);
#4416=CIRCLE('',#11859,2.75);
#4417=CIRCLE('',#11871,1.5);
#4418=CIRCLE('',#11872,1.5);
#4419=CIRCLE('',#11874,1.2195);
#4420=CIRCLE('',#11876,2.75);
#4421=CIRCLE('',#11877,2.75);
#4422=CIRCLE('',#11889,1.5);
#4423=CIRCLE('',#11890,1.5);
#4424=CIRCLE('',#11892,1.2195);
#4425=CIRCLE('',#11894,2.75);
#4426=CIRCLE('',#11895,2.75);
#4427=CIRCLE('',#11907,2.15);
#4428=CIRCLE('',#11908,2.15);
#4429=CIRCLE('',#11910,4.);
#4430=CIRCLE('',#11911,4.);
#4431=CIRCLE('',#11915,2.15);
#4432=CIRCLE('',#11916,2.15);
#4433=CIRCLE('',#11918,4.);
#4434=CIRCLE('',#11919,4.);
#4435=CIRCLE('',#11923,2.15);
#4436=CIRCLE('',#11924,2.15);
#4437=CIRCLE('',#11926,4.);
#4438=CIRCLE('',#11927,4.);
#4439=CIRCLE('',#11931,1.25);
#4440=CIRCLE('',#11932,1.24999999999999);
#4441=CIRCLE('',#11935,2.);
#4442=CIRCLE('',#11936,2.);
#4443=CIRCLE('',#11938,4.25);
#4444=CIRCLE('',#11939,4.25);
#4445=CIRCLE('',#11951,1.25);
#4446=CIRCLE('',#11952,1.24999999999999);
#4447=CIRCLE('',#11955,2.);
#4448=CIRCLE('',#11956,2.);
#4449=CIRCLE('',#11958,4.25);
#4450=CIRCLE('',#11959,4.25);
#4451=CIRCLE('',#11971,1.25);
#4452=CIRCLE('',#11972,1.24999999999999);
#4453=CIRCLE('',#11975,2.);
#4454=CIRCLE('',#11976,2.);
#4455=CIRCLE('',#11978,4.25);
#4456=CIRCLE('',#11979,4.25);
#4457=CIRCLE('',#11991,2.);
#4458=CIRCLE('',#11992,2.);
#4459=CIRCLE('',#11994,1.61);
#4460=CIRCLE('',#11996,3.5);
#4461=CIRCLE('',#11997,3.5);
#4462=CIRCLE('',#12009,2.15);
#4463=CIRCLE('',#12010,2.15);
#4464=CIRCLE('',#12012,4.);
#4465=CIRCLE('',#12013,4.);
#4466=CIRCLE('',#12017,2.);
#4467=CIRCLE('',#12018,2.);
#4468=CIRCLE('',#12020,1.61);
#4469=CIRCLE('',#12022,3.5);
#4470=CIRCLE('',#12023,3.5);
#4471=CIRCLE('',#12035,2.15);
#4472=CIRCLE('',#12036,2.15);
#4473=CIRCLE('',#12038,4.);
#4474=CIRCLE('',#12039,4.);
#4475=CIRCLE('',#12043,2.);
#4476=CIRCLE('',#12044,2.);
#4477=CIRCLE('',#12046,1.61);
#4478=CIRCLE('',#12048,3.5);
#4479=CIRCLE('',#12049,3.5);
#4480=CIRCLE('',#12061,2.15);
#4481=CIRCLE('',#12062,2.15);
#4482=CIRCLE('',#12064,4.);
#4483=CIRCLE('',#12065,4.);
#4484=CIRCLE('',#12069,2.);
#4485=CIRCLE('',#12070,2.);
#4486=CIRCLE('',#12072,1.61);
#4487=CIRCLE('',#12074,3.5);
#4488=CIRCLE('',#12075,3.5);
#4489=CIRCLE('',#12087,2.15);
#4490=CIRCLE('',#12088,2.15);
#4491=CIRCLE('',#12090,4.);
#4492=CIRCLE('',#12091,4.);
#4493=VERTEX_POINT('',#15270);
#4494=VERTEX_POINT('',#15272);
#4495=VERTEX_POINT('',#15276);
#4496=VERTEX_POINT('',#15280);
#4497=VERTEX_POINT('',#15282);
#4498=VERTEX_POINT('',#15286);
#4499=VERTEX_POINT('',#15290);
#4500=VERTEX_POINT('',#15294);
#4501=VERTEX_POINT('',#15296);
#4502=VERTEX_POINT('',#15304);
#4503=VERTEX_POINT('',#15305);
#4504=VERTEX_POINT('',#15307);
#4505=VERTEX_POINT('',#15309);
#4506=VERTEX_POINT('',#15313);
#4507=VERTEX_POINT('',#15314);
#4508=VERTEX_POINT('',#15316);
#4509=VERTEX_POINT('',#15318);
#4510=VERTEX_POINT('',#15322);
#4511=VERTEX_POINT('',#15324);
#4512=VERTEX_POINT('',#15328);
#4513=VERTEX_POINT('',#15330);
#4514=VERTEX_POINT('',#15334);
#4515=VERTEX_POINT('',#15336);
#4516=VERTEX_POINT('',#15340);
#4517=VERTEX_POINT('',#15342);
#4518=VERTEX_POINT('',#15346);
#4519=VERTEX_POINT('',#15348);
#4520=VERTEX_POINT('',#15352);
#4521=VERTEX_POINT('',#15354);
#4522=VERTEX_POINT('',#15358);
#4523=VERTEX_POINT('',#15360);
#4524=VERTEX_POINT('',#15364);
#4525=VERTEX_POINT('',#15366);
#4526=VERTEX_POINT('',#15378);
#4527=VERTEX_POINT('',#15380);
#4528=VERTEX_POINT('',#15384);
#4529=VERTEX_POINT('',#15386);
#4530=VERTEX_POINT('',#15392);
#4531=VERTEX_POINT('',#15394);
#4532=VERTEX_POINT('',#15398);
#4533=VERTEX_POINT('',#15400);
#4534=VERTEX_POINT('',#15404);
#4535=VERTEX_POINT('',#15406);
#4536=VERTEX_POINT('',#15412);
#4537=VERTEX_POINT('',#15414);
#4538=VERTEX_POINT('',#15418);
#4539=VERTEX_POINT('',#15421);
#4540=VERTEX_POINT('',#15423);
#4541=VERTEX_POINT('',#15429);
#4542=VERTEX_POINT('',#15431);
#4543=VERTEX_POINT('',#15435);
#4544=VERTEX_POINT('',#15438);
#4545=VERTEX_POINT('',#15440);
#4546=VERTEX_POINT('',#15446);
#4547=VERTEX_POINT('',#15448);
#4548=VERTEX_POINT('',#15452);
#4549=VERTEX_POINT('',#15456);
#4550=VERTEX_POINT('',#15458);
#4551=VERTEX_POINT('',#15462);
#4552=VERTEX_POINT('',#15465);
#4553=VERTEX_POINT('',#15467);
#4554=VERTEX_POINT('',#15473);
#4555=VERTEX_POINT('',#15475);
#4556=VERTEX_POINT('',#15479);
#4557=VERTEX_POINT('',#15482);
#4558=VERTEX_POINT('',#15484);
#4559=VERTEX_POINT('',#15490);
#4560=VERTEX_POINT('',#15492);
#4561=VERTEX_POINT('',#15496);
#4562=VERTEX_POINT('',#15498);
#4563=VERTEX_POINT('',#15502);
#4564=VERTEX_POINT('',#15504);
#4565=VERTEX_POINT('',#15508);
#4566=VERTEX_POINT('',#15510);
#4567=VERTEX_POINT('',#15514);
#4568=VERTEX_POINT('',#15516);
#4569=VERTEX_POINT('',#15520);
#4570=VERTEX_POINT('',#15524);
#4571=VERTEX_POINT('',#15528);
#4572=VERTEX_POINT('',#15532);
#4573=VERTEX_POINT('',#15536);
#4574=VERTEX_POINT('',#15540);
#4575=VERTEX_POINT('',#15541);
#4576=VERTEX_POINT('',#15543);
#4577=VERTEX_POINT('',#15545);
#4578=VERTEX_POINT('',#15549);
#4579=VERTEX_POINT('',#15550);
#4580=VERTEX_POINT('',#15552);
#4581=VERTEX_POINT('',#15554);
#4582=VERTEX_POINT('',#15558);
#4583=VERTEX_POINT('',#15559);
#4584=VERTEX_POINT('',#15561);
#4585=VERTEX_POINT('',#15563);
#4586=VERTEX_POINT('',#15566);
#4587=VERTEX_POINT('',#15567);
#4588=VERTEX_POINT('',#15569);
#4589=VERTEX_POINT('',#15571);
#4590=VERTEX_POINT('',#15575);
#4591=VERTEX_POINT('',#15577);
#4592=VERTEX_POINT('',#15581);
#4593=VERTEX_POINT('',#15583);
#4594=VERTEX_POINT('',#15587);
#4595=VERTEX_POINT('',#15589);
#4596=VERTEX_POINT('',#15593);
#4597=VERTEX_POINT('',#15595);
#4598=VERTEX_POINT('',#15599);
#4599=VERTEX_POINT('',#15600);
#4600=VERTEX_POINT('',#15602);
#4601=VERTEX_POINT('',#15605);
#4602=VERTEX_POINT('',#15609);
#4603=VERTEX_POINT('',#15611);
#4604=VERTEX_POINT('',#15613);
#4605=VERTEX_POINT('',#15615);
#4606=VERTEX_POINT('',#15643);
#4607=VERTEX_POINT('',#15645);
#4608=VERTEX_POINT('',#15649);
#4609=VERTEX_POINT('',#15651);
#4610=VERTEX_POINT('',#15655);
#4611=VERTEX_POINT('',#15659);
#4612=VERTEX_POINT('',#15663);
#4613=VERTEX_POINT('',#15667);
#4614=VERTEX_POINT('',#15669);
#4615=VERTEX_POINT('',#15673);
#4616=VERTEX_POINT('',#15677);
#4617=VERTEX_POINT('',#15684);
#4618=VERTEX_POINT('',#15686);
#4619=VERTEX_POINT('',#15690);
#4620=VERTEX_POINT('',#15692);
#4621=VERTEX_POINT('',#15696);
#4622=VERTEX_POINT('',#15698);
#4623=VERTEX_POINT('',#15702);
#4624=VERTEX_POINT('',#15704);
#4625=VERTEX_POINT('',#15708);
#4626=VERTEX_POINT('',#15709);
#4627=VERTEX_POINT('',#15711);
#4628=VERTEX_POINT('',#15713);
#4629=VERTEX_POINT('',#15717);
#4630=VERTEX_POINT('',#15718);
#4631=VERTEX_POINT('',#15720);
#4632=VERTEX_POINT('',#15722);
#4633=VERTEX_POINT('',#15726);
#4634=VERTEX_POINT('',#15727);
#4635=VERTEX_POINT('',#15729);
#4636=VERTEX_POINT('',#15731);
#4637=VERTEX_POINT('',#15735);
#4638=VERTEX_POINT('',#15737);
#4639=VERTEX_POINT('',#15741);
#4640=VERTEX_POINT('',#15743);
#4641=VERTEX_POINT('',#15747);
#4642=VERTEX_POINT('',#15749);
#4643=VERTEX_POINT('',#15753);
#4644=VERTEX_POINT('',#15755);
#4645=VERTEX_POINT('',#15759);
#4646=VERTEX_POINT('',#15761);
#4647=VERTEX_POINT('',#15768);
#4648=VERTEX_POINT('',#15770);
#4649=VERTEX_POINT('',#15774);
#4650=VERTEX_POINT('',#15776);
#4651=VERTEX_POINT('',#15780);
#4652=VERTEX_POINT('',#15782);
#4653=VERTEX_POINT('',#15786);
#4654=VERTEX_POINT('',#15788);
#4655=VERTEX_POINT('',#15792);
#4656=VERTEX_POINT('',#15794);
#4657=VERTEX_POINT('',#15801);
#4658=VERTEX_POINT('',#15803);
#4659=VERTEX_POINT('',#15807);
#4660=VERTEX_POINT('',#15809);
#4661=VERTEX_POINT('',#15818);
#4662=VERTEX_POINT('',#15820);
#4663=VERTEX_POINT('',#15824);
#4664=VERTEX_POINT('',#15826);
#4665=VERTEX_POINT('',#15830);
#4666=VERTEX_POINT('',#15832);
#4667=VERTEX_POINT('',#15836);
#4668=VERTEX_POINT('',#15838);
#4669=VERTEX_POINT('',#15842);
#4670=VERTEX_POINT('',#15844);
#4671=VERTEX_POINT('',#15848);
#4672=VERTEX_POINT('',#15850);
#4673=VERTEX_POINT('',#15854);
#4674=VERTEX_POINT('',#15856);
#4675=VERTEX_POINT('',#15860);
#4676=VERTEX_POINT('',#15862);
#4677=VERTEX_POINT('',#15866);
#4678=VERTEX_POINT('',#15868);
#4679=VERTEX_POINT('',#15872);
#4680=VERTEX_POINT('',#15874);
#4681=VERTEX_POINT('',#15878);
#4682=VERTEX_POINT('',#15880);
#4683=VERTEX_POINT('',#15884);
#4684=VERTEX_POINT('',#15886);
#4685=VERTEX_POINT('',#15890);
#4686=VERTEX_POINT('',#15891);
#4687=VERTEX_POINT('',#15893);
#4688=VERTEX_POINT('',#15895);
#4689=VERTEX_POINT('',#15899);
#4690=VERTEX_POINT('',#15901);
#4691=VERTEX_POINT('',#15905);
#4692=VERTEX_POINT('',#15906);
#4693=VERTEX_POINT('',#15908);
#4694=VERTEX_POINT('',#15910);
#4695=VERTEX_POINT('',#15914);
#4696=VERTEX_POINT('',#15916);
#4697=VERTEX_POINT('',#15920);
#4698=VERTEX_POINT('',#15922);
#4699=VERTEX_POINT('',#15926);
#4700=VERTEX_POINT('',#15928);
#4701=VERTEX_POINT('',#15932);
#4702=VERTEX_POINT('',#15934);
#4703=VERTEX_POINT('',#15941);
#4704=VERTEX_POINT('',#15943);
#4705=VERTEX_POINT('',#15945);
#4706=VERTEX_POINT('',#15949);
#4707=VERTEX_POINT('',#15951);
#4708=VERTEX_POINT('',#15953);
#4709=VERTEX_POINT('',#15964);
#4710=VERTEX_POINT('',#15966);
#4711=VERTEX_POINT('',#15970);
#4712=VERTEX_POINT('',#15972);
#4713=VERTEX_POINT('',#15976);
#4714=VERTEX_POINT('',#15978);
#4715=VERTEX_POINT('',#15982);
#4716=VERTEX_POINT('',#15984);
#4717=VERTEX_POINT('',#15988);
#4718=VERTEX_POINT('',#15990);
#4719=VERTEX_POINT('',#15994);
#4720=VERTEX_POINT('',#15996);
#4721=VERTEX_POINT('',#16000);
#4722=VERTEX_POINT('',#16002);
#4723=VERTEX_POINT('',#16006);
#4724=VERTEX_POINT('',#16008);
#4725=VERTEX_POINT('',#16012);
#4726=VERTEX_POINT('',#16014);
#4727=VERTEX_POINT('',#16018);
#4728=VERTEX_POINT('',#16020);
#4729=VERTEX_POINT('',#16024);
#4730=VERTEX_POINT('',#16026);
#4731=VERTEX_POINT('',#16030);
#4732=VERTEX_POINT('',#16032);
#4733=VERTEX_POINT('',#16036);
#4734=VERTEX_POINT('',#16037);
#4735=VERTEX_POINT('',#16039);
#4736=VERTEX_POINT('',#16041);
#4737=VERTEX_POINT('',#16045);
#4738=VERTEX_POINT('',#16047);
#4739=VERTEX_POINT('',#16051);
#4740=VERTEX_POINT('',#16052);
#4741=VERTEX_POINT('',#16054);
#4742=VERTEX_POINT('',#16056);
#4743=VERTEX_POINT('',#16060);
#4744=VERTEX_POINT('',#16062);
#4745=VERTEX_POINT('',#16066);
#4746=VERTEX_POINT('',#16068);
#4747=VERTEX_POINT('',#16072);
#4748=VERTEX_POINT('',#16074);
#4749=VERTEX_POINT('',#16078);
#4750=VERTEX_POINT('',#16080);
#4751=VERTEX_POINT('',#16087);
#4752=VERTEX_POINT('',#16089);
#4753=VERTEX_POINT('',#16091);
#4754=VERTEX_POINT('',#16095);
#4755=VERTEX_POINT('',#16097);
#4756=VERTEX_POINT('',#16099);
#4757=VERTEX_POINT('',#16110);
#4758=VERTEX_POINT('',#16112);
#4759=VERTEX_POINT('',#16116);
#4760=VERTEX_POINT('',#16119);
#4761=VERTEX_POINT('',#16121);
#4762=VERTEX_POINT('',#16125);
#4763=VERTEX_POINT('',#16126);
#4764=VERTEX_POINT('',#16131);
#4765=VERTEX_POINT('',#16133);
#4766=VERTEX_POINT('',#16137);
#4767=VERTEX_POINT('',#16138);
#4768=VERTEX_POINT('',#16143);
#4769=VERTEX_POINT('',#16145);
#4770=VERTEX_POINT('',#16149);
#4771=VERTEX_POINT('',#16153);
#4772=VERTEX_POINT('',#16155);
#4773=VERTEX_POINT('',#16159);
#4774=VERTEX_POINT('',#16167);
#4775=VERTEX_POINT('',#16168);
#4776=VERTEX_POINT('',#16170);
#4777=VERTEX_POINT('',#16172);
#4778=VERTEX_POINT('',#16176);
#4779=VERTEX_POINT('',#16177);
#4780=VERTEX_POINT('',#16179);
#4781=VERTEX_POINT('',#16181);
#4782=VERTEX_POINT('',#16185);
#4783=VERTEX_POINT('',#16186);
#4784=VERTEX_POINT('',#16188);
#4785=VERTEX_POINT('',#16190);
#4786=VERTEX_POINT('',#16196);
#4787=VERTEX_POINT('',#16198);
#4788=VERTEX_POINT('',#16205);
#4789=VERTEX_POINT('',#16207);
#4790=VERTEX_POINT('',#16217);
#4791=VERTEX_POINT('',#16218);
#4792=VERTEX_POINT('',#16220);
#4793=VERTEX_POINT('',#16223);
#4794=VERTEX_POINT('',#16227);
#4795=VERTEX_POINT('',#16229);
#4796=VERTEX_POINT('',#16233);
#4797=VERTEX_POINT('',#16235);
#4798=VERTEX_POINT('',#16237);
#4799=VERTEX_POINT('',#16239);
#4800=VERTEX_POINT('',#16241);
#4801=VERTEX_POINT('',#16243);
#4802=VERTEX_POINT('',#16245);
#4803=VERTEX_POINT('',#16247);
#4804=VERTEX_POINT('',#16249);
#4805=VERTEX_POINT('',#16251);
#4806=VERTEX_POINT('',#16255);
#4807=VERTEX_POINT('',#16270);
#4808=VERTEX_POINT('',#16272);
#4809=VERTEX_POINT('',#16276);
#4810=VERTEX_POINT('',#16280);
#4811=VERTEX_POINT('',#16282);
#4812=VERTEX_POINT('',#16286);
#4813=VERTEX_POINT('',#16288);
#4814=VERTEX_POINT('',#16292);
#4815=VERTEX_POINT('',#16293);
#4816=VERTEX_POINT('',#16295);
#4817=VERTEX_POINT('',#16297);
#4818=VERTEX_POINT('',#16299);
#4819=VERTEX_POINT('',#16301);
#4820=VERTEX_POINT('',#16303);
#4821=VERTEX_POINT('',#16306);
#4822=VERTEX_POINT('',#16308);
#4823=VERTEX_POINT('',#16310);
#4824=VERTEX_POINT('',#16314);
#4825=VERTEX_POINT('',#16315);
#4826=VERTEX_POINT('',#16317);
#4827=VERTEX_POINT('',#16319);
#4828=VERTEX_POINT('',#16326);
#4829=VERTEX_POINT('',#16327);
#4830=VERTEX_POINT('',#16329);
#4831=VERTEX_POINT('',#16331);
#4832=VERTEX_POINT('',#16348);
#4833=VERTEX_POINT('',#16350);
#4834=VERTEX_POINT('',#16354);
#4835=VERTEX_POINT('',#16358);
#4836=VERTEX_POINT('',#16360);
#4837=VERTEX_POINT('',#16364);
#4838=VERTEX_POINT('',#16366);
#4839=VERTEX_POINT('',#16370);
#4840=VERTEX_POINT('',#16371);
#4841=VERTEX_POINT('',#16373);
#4842=VERTEX_POINT('',#16375);
#4843=VERTEX_POINT('',#16379);
#4844=VERTEX_POINT('',#16380);
#4845=VERTEX_POINT('',#16382);
#4846=VERTEX_POINT('',#16384);
#4847=VERTEX_POINT('',#16388);
#4848=VERTEX_POINT('',#16390);
#4849=VERTEX_POINT('',#16394);
#4850=VERTEX_POINT('',#16396);
#4851=VERTEX_POINT('',#16403);
#4852=VERTEX_POINT('',#16405);
#4853=VERTEX_POINT('',#16409);
#4854=VERTEX_POINT('',#16411);
#4855=VERTEX_POINT('',#16420);
#4856=VERTEX_POINT('',#16422);
#4857=VERTEX_POINT('',#16426);
#4858=VERTEX_POINT('',#16430);
#4859=VERTEX_POINT('',#16432);
#4860=VERTEX_POINT('',#16436);
#4861=VERTEX_POINT('',#16438);
#4862=VERTEX_POINT('',#16442);
#4863=VERTEX_POINT('',#16443);
#4864=VERTEX_POINT('',#16445);
#4865=VERTEX_POINT('',#16447);
#4866=VERTEX_POINT('',#16449);
#4867=VERTEX_POINT('',#16451);
#4868=VERTEX_POINT('',#16453);
#4869=VERTEX_POINT('',#16456);
#4870=VERTEX_POINT('',#16458);
#4871=VERTEX_POINT('',#16460);
#4872=VERTEX_POINT('',#16464);
#4873=VERTEX_POINT('',#16465);
#4874=VERTEX_POINT('',#16467);
#4875=VERTEX_POINT('',#16469);
#4876=VERTEX_POINT('',#16476);
#4877=VERTEX_POINT('',#16477);
#4878=VERTEX_POINT('',#16479);
#4879=VERTEX_POINT('',#16481);
#4880=VERTEX_POINT('',#16498);
#4881=VERTEX_POINT('',#16500);
#4882=VERTEX_POINT('',#16504);
#4883=VERTEX_POINT('',#16508);
#4884=VERTEX_POINT('',#16510);
#4885=VERTEX_POINT('',#16514);
#4886=VERTEX_POINT('',#16516);
#4887=VERTEX_POINT('',#16520);
#4888=VERTEX_POINT('',#16521);
#4889=VERTEX_POINT('',#16523);
#4890=VERTEX_POINT('',#16525);
#4891=VERTEX_POINT('',#16529);
#4892=VERTEX_POINT('',#16530);
#4893=VERTEX_POINT('',#16532);
#4894=VERTEX_POINT('',#16534);
#4895=VERTEX_POINT('',#16538);
#4896=VERTEX_POINT('',#16540);
#4897=VERTEX_POINT('',#16544);
#4898=VERTEX_POINT('',#16546);
#4899=VERTEX_POINT('',#16553);
#4900=VERTEX_POINT('',#16555);
#4901=VERTEX_POINT('',#16559);
#4902=VERTEX_POINT('',#16561);
#4903=VERTEX_POINT('',#16570);
#4904=VERTEX_POINT('',#16572);
#4905=VERTEX_POINT('',#16576);
#4906=VERTEX_POINT('',#16578);
#4907=VERTEX_POINT('',#16582);
#4908=VERTEX_POINT('',#16586);
#4909=VERTEX_POINT('',#16590);
#4910=VERTEX_POINT('',#16594);
#4911=VERTEX_POINT('',#16596);
#4912=VERTEX_POINT('',#16600);
#4913=VERTEX_POINT('',#16604);
#4914=VERTEX_POINT('',#16611);
#4915=VERTEX_POINT('',#16613);
#4916=VERTEX_POINT('',#16617);
#4917=VERTEX_POINT('',#16619);
#4918=VERTEX_POINT('',#16623);
#4919=VERTEX_POINT('',#16627);
#4920=VERTEX_POINT('',#16631);
#4921=VERTEX_POINT('',#16635);
#4922=VERTEX_POINT('',#16637);
#4923=VERTEX_POINT('',#16641);
#4924=VERTEX_POINT('',#16645);
#4925=VERTEX_POINT('',#16652);
#4926=VERTEX_POINT('',#16654);
#4927=VERTEX_POINT('',#16658);
#4928=VERTEX_POINT('',#16660);
#4929=VERTEX_POINT('',#16664);
#4930=VERTEX_POINT('',#16668);
#4931=VERTEX_POINT('',#16672);
#4932=VERTEX_POINT('',#16676);
#4933=VERTEX_POINT('',#16678);
#4934=VERTEX_POINT('',#16682);
#4935=VERTEX_POINT('',#16686);
#4936=VERTEX_POINT('',#16693);
#4937=VERTEX_POINT('',#16695);
#4938=VERTEX_POINT('',#16699);
#4939=VERTEX_POINT('',#16701);
#4940=VERTEX_POINT('',#16705);
#4941=VERTEX_POINT('',#16709);
#4942=VERTEX_POINT('',#16713);
#4943=VERTEX_POINT('',#16717);
#4944=VERTEX_POINT('',#16719);
#4945=VERTEX_POINT('',#16723);
#4946=VERTEX_POINT('',#16727);
#4947=VERTEX_POINT('',#16734);
#4948=VERTEX_POINT('',#16735);
#4949=VERTEX_POINT('',#16737);
#4950=VERTEX_POINT('',#16739);
#4951=VERTEX_POINT('',#16743);
#4952=VERTEX_POINT('',#16744);
#4953=VERTEX_POINT('',#16746);
#4954=VERTEX_POINT('',#16748);
#4955=VERTEX_POINT('',#16752);
#4956=VERTEX_POINT('',#16754);
#4957=VERTEX_POINT('',#16758);
#4958=VERTEX_POINT('',#16760);
#4959=VERTEX_POINT('',#16764);
#4960=VERTEX_POINT('',#16766);
#4961=VERTEX_POINT('',#16770);
#4962=VERTEX_POINT('',#16772);
#4963=VERTEX_POINT('',#16776);
#4964=VERTEX_POINT('',#16778);
#4965=VERTEX_POINT('',#16782);
#4966=VERTEX_POINT('',#16784);
#4967=VERTEX_POINT('',#16788);
#4968=VERTEX_POINT('',#16790);
#4969=VERTEX_POINT('',#16794);
#4970=VERTEX_POINT('',#16796);
#4971=VERTEX_POINT('',#16808);
#4972=VERTEX_POINT('',#16809);
#4973=VERTEX_POINT('',#16811);
#4974=VERTEX_POINT('',#16813);
#4975=VERTEX_POINT('',#16817);
#4976=VERTEX_POINT('',#16818);
#4977=VERTEX_POINT('',#16820);
#4978=VERTEX_POINT('',#16822);
#4979=VERTEX_POINT('',#16826);
#4980=VERTEX_POINT('',#16828);
#4981=VERTEX_POINT('',#16832);
#4982=VERTEX_POINT('',#16834);
#4983=VERTEX_POINT('',#16838);
#4984=VERTEX_POINT('',#16840);
#4985=VERTEX_POINT('',#16844);
#4986=VERTEX_POINT('',#16846);
#4987=VERTEX_POINT('',#16850);
#4988=VERTEX_POINT('',#16852);
#4989=VERTEX_POINT('',#16856);
#4990=VERTEX_POINT('',#16858);
#4991=VERTEX_POINT('',#16862);
#4992=VERTEX_POINT('',#16864);
#4993=VERTEX_POINT('',#16868);
#4994=VERTEX_POINT('',#16870);
#4995=VERTEX_POINT('',#16882);
#4996=VERTEX_POINT('',#16884);
#4997=VERTEX_POINT('',#16888);
#4998=VERTEX_POINT('',#16890);
#4999=VERTEX_POINT('',#16896);
#5000=VERTEX_POINT('',#16898);
#5001=VERTEX_POINT('',#16902);
#5002=VERTEX_POINT('',#16904);
#5003=VERTEX_POINT('',#16910);
#5004=VERTEX_POINT('',#16912);
#5005=VERTEX_POINT('',#16916);
#5006=VERTEX_POINT('',#16918);
#5007=VERTEX_POINT('',#16924);
#5008=VERTEX_POINT('',#16926);
#5009=VERTEX_POINT('',#16930);
#5010=VERTEX_POINT('',#16932);
#5011=VERTEX_POINT('',#16938);
#5012=VERTEX_POINT('',#16940);
#5013=VERTEX_POINT('',#16944);
#5014=VERTEX_POINT('',#16948);
#5015=VERTEX_POINT('',#16950);
#5016=VERTEX_POINT('',#16954);
#5017=VERTEX_POINT('',#16955);
#5018=VERTEX_POINT('',#16957);
#5019=VERTEX_POINT('',#16959);
#5020=VERTEX_POINT('',#16961);
#5021=VERTEX_POINT('',#16963);
#5022=VERTEX_POINT('',#16969);
#5023=VERTEX_POINT('',#16971);
#5024=VERTEX_POINT('',#16975);
#5025=VERTEX_POINT('',#16979);
#5026=VERTEX_POINT('',#16983);
#5027=VERTEX_POINT('',#16987);
#5028=VERTEX_POINT('',#16994);
#5029=VERTEX_POINT('',#16996);
#5030=VERTEX_POINT('',#17000);
#5031=VERTEX_POINT('',#17004);
#5032=VERTEX_POINT('',#17006);
#5033=VERTEX_POINT('',#17010);
#5034=VERTEX_POINT('',#17011);
#5035=VERTEX_POINT('',#17013);
#5036=VERTEX_POINT('',#17015);
#5037=VERTEX_POINT('',#17017);
#5038=VERTEX_POINT('',#17019);
#5039=VERTEX_POINT('',#17025);
#5040=VERTEX_POINT('',#17027);
#5041=VERTEX_POINT('',#17031);
#5042=VERTEX_POINT('',#17035);
#5043=VERTEX_POINT('',#17039);
#5044=VERTEX_POINT('',#17043);
#5045=VERTEX_POINT('',#17050);
#5046=VERTEX_POINT('',#17052);
#5047=VERTEX_POINT('',#17056);
#5048=VERTEX_POINT('',#17060);
#5049=VERTEX_POINT('',#17062);
#5050=VERTEX_POINT('',#17066);
#5051=VERTEX_POINT('',#17067);
#5052=VERTEX_POINT('',#17069);
#5053=VERTEX_POINT('',#17071);
#5054=VERTEX_POINT('',#17073);
#5055=VERTEX_POINT('',#17075);
#5056=VERTEX_POINT('',#17081);
#5057=VERTEX_POINT('',#17083);
#5058=VERTEX_POINT('',#17087);
#5059=VERTEX_POINT('',#17091);
#5060=VERTEX_POINT('',#17095);
#5061=VERTEX_POINT('',#17099);
#5062=VERTEX_POINT('',#17106);
#5063=VERTEX_POINT('',#17108);
#5064=VERTEX_POINT('',#17112);
#5065=VERTEX_POINT('',#17116);
#5066=VERTEX_POINT('',#17118);
#5067=VERTEX_POINT('',#17122);
#5068=VERTEX_POINT('',#17123);
#5069=VERTEX_POINT('',#17125);
#5070=VERTEX_POINT('',#17127);
#5071=VERTEX_POINT('',#17129);
#5072=VERTEX_POINT('',#17131);
#5073=VERTEX_POINT('',#17137);
#5074=VERTEX_POINT('',#17139);
#5075=VERTEX_POINT('',#17143);
#5076=VERTEX_POINT('',#17147);
#5077=VERTEX_POINT('',#17151);
#5078=VERTEX_POINT('',#17155);
#5079=VERTEX_POINT('',#17162);
#5080=VERTEX_POINT('',#17164);
#5081=VERTEX_POINT('',#17168);
#5082=VERTEX_POINT('',#17172);
#5083=VERTEX_POINT('',#17174);
#5084=VERTEX_POINT('',#17178);
#5085=VERTEX_POINT('',#17179);
#5086=VERTEX_POINT('',#17181);
#5087=VERTEX_POINT('',#17183);
#5088=VERTEX_POINT('',#17185);
#5089=VERTEX_POINT('',#17187);
#5090=VERTEX_POINT('',#17193);
#5091=VERTEX_POINT('',#17195);
#5092=VERTEX_POINT('',#17199);
#5093=VERTEX_POINT('',#17203);
#5094=VERTEX_POINT('',#17207);
#5095=VERTEX_POINT('',#17211);
#5096=VERTEX_POINT('',#17218);
#5097=VERTEX_POINT('',#17220);
#5098=VERTEX_POINT('',#17224);
#5099=VERTEX_POINT('',#17228);
#5100=VERTEX_POINT('',#17230);
#5101=VERTEX_POINT('',#17234);
#5102=VERTEX_POINT('',#17235);
#5103=VERTEX_POINT('',#17237);
#5104=VERTEX_POINT('',#17239);
#5105=VERTEX_POINT('',#17241);
#5106=VERTEX_POINT('',#17243);
#5107=VERTEX_POINT('',#17249);
#5108=VERTEX_POINT('',#17251);
#5109=VERTEX_POINT('',#17255);
#5110=VERTEX_POINT('',#17259);
#5111=VERTEX_POINT('',#17263);
#5112=VERTEX_POINT('',#17267);
#5113=VERTEX_POINT('',#17274);
#5114=VERTEX_POINT('',#17276);
#5115=VERTEX_POINT('',#17280);
#5116=VERTEX_POINT('',#17282);
#5117=VERTEX_POINT('',#17288);
#5118=VERTEX_POINT('',#17290);
#5119=VERTEX_POINT('',#17294);
#5120=VERTEX_POINT('',#17297);
#5121=VERTEX_POINT('',#17299);
#5122=VERTEX_POINT('',#17303);
#5123=VERTEX_POINT('',#17305);
#5124=VERTEX_POINT('',#17309);
#5125=VERTEX_POINT('',#17310);
#5126=VERTEX_POINT('',#17312);
#5127=VERTEX_POINT('',#17314);
#5128=VERTEX_POINT('',#17316);
#5129=VERTEX_POINT('',#17318);
#5130=VERTEX_POINT('',#17324);
#5131=VERTEX_POINT('',#17326);
#5132=VERTEX_POINT('',#17330);
#5133=VERTEX_POINT('',#17334);
#5134=VERTEX_POINT('',#17338);
#5135=VERTEX_POINT('',#17342);
#5136=VERTEX_POINT('',#17349);
#5137=VERTEX_POINT('',#17351);
#5138=VERTEX_POINT('',#17355);
#5139=VERTEX_POINT('',#17359);
#5140=VERTEX_POINT('',#17361);
#5141=VERTEX_POINT('',#17365);
#5142=VERTEX_POINT('',#17366);
#5143=VERTEX_POINT('',#17368);
#5144=VERTEX_POINT('',#17370);
#5145=VERTEX_POINT('',#17372);
#5146=VERTEX_POINT('',#17374);
#5147=VERTEX_POINT('',#17380);
#5148=VERTEX_POINT('',#17382);
#5149=VERTEX_POINT('',#17386);
#5150=VERTEX_POINT('',#17390);
#5151=VERTEX_POINT('',#17394);
#5152=VERTEX_POINT('',#17398);
#5153=VERTEX_POINT('',#17405);
#5154=VERTEX_POINT('',#17407);
#5155=VERTEX_POINT('',#17411);
#5156=VERTEX_POINT('',#17413);
#5157=VERTEX_POINT('',#17419);
#5158=VERTEX_POINT('',#17421);
#5159=VERTEX_POINT('',#17425);
#5160=VERTEX_POINT('',#17427);
#5161=VERTEX_POINT('',#17433);
#5162=VERTEX_POINT('',#17435);
#5163=VERTEX_POINT('',#17439);
#5164=VERTEX_POINT('',#17441);
#5165=VERTEX_POINT('',#17447);
#5166=VERTEX_POINT('',#17449);
#5167=VERTEX_POINT('',#17453);
#5168=VERTEX_POINT('',#17455);
#5169=VERTEX_POINT('',#17461);
#5170=VERTEX_POINT('',#17463);
#5171=VERTEX_POINT('',#17467);
#5172=VERTEX_POINT('',#17469);
#5173=VERTEX_POINT('',#17475);
#5174=VERTEX_POINT('',#17477);
#5175=VERTEX_POINT('',#17481);
#5176=VERTEX_POINT('',#17485);
#5177=VERTEX_POINT('',#17487);
#5178=VERTEX_POINT('',#17491);
#5179=VERTEX_POINT('',#17492);
#5180=VERTEX_POINT('',#17494);
#5181=VERTEX_POINT('',#17496);
#5182=VERTEX_POINT('',#17498);
#5183=VERTEX_POINT('',#17500);
#5184=VERTEX_POINT('',#17506);
#5185=VERTEX_POINT('',#17508);
#5186=VERTEX_POINT('',#17512);
#5187=VERTEX_POINT('',#17516);
#5188=VERTEX_POINT('',#17520);
#5189=VERTEX_POINT('',#17524);
#5190=VERTEX_POINT('',#17531);
#5191=VERTEX_POINT('',#17533);
#5192=VERTEX_POINT('',#17537);
#5193=VERTEX_POINT('',#17541);
#5194=VERTEX_POINT('',#17543);
#5195=VERTEX_POINT('',#17547);
#5196=VERTEX_POINT('',#17548);
#5197=VERTEX_POINT('',#17550);
#5198=VERTEX_POINT('',#17552);
#5199=VERTEX_POINT('',#17554);
#5200=VERTEX_POINT('',#17556);
#5201=VERTEX_POINT('',#17562);
#5202=VERTEX_POINT('',#17564);
#5203=VERTEX_POINT('',#17568);
#5204=VERTEX_POINT('',#17572);
#5205=VERTEX_POINT('',#17576);
#5206=VERTEX_POINT('',#17580);
#5207=VERTEX_POINT('',#17587);
#5208=VERTEX_POINT('',#17589);
#5209=VERTEX_POINT('',#17593);
#5210=VERTEX_POINT('',#17597);
#5211=VERTEX_POINT('',#17599);
#5212=VERTEX_POINT('',#17603);
#5213=VERTEX_POINT('',#17604);
#5214=VERTEX_POINT('',#17606);
#5215=VERTEX_POINT('',#17608);
#5216=VERTEX_POINT('',#17610);
#5217=VERTEX_POINT('',#17612);
#5218=VERTEX_POINT('',#17618);
#5219=VERTEX_POINT('',#17620);
#5220=VERTEX_POINT('',#17624);
#5221=VERTEX_POINT('',#17628);
#5222=VERTEX_POINT('',#17632);
#5223=VERTEX_POINT('',#17636);
#5224=VERTEX_POINT('',#17643);
#5225=VERTEX_POINT('',#17645);
#5226=VERTEX_POINT('',#17649);
#5227=VERTEX_POINT('',#17651);
#5228=VERTEX_POINT('',#17657);
#5229=VERTEX_POINT('',#17659);
#5230=VERTEX_POINT('',#17663);
#5231=VERTEX_POINT('',#17665);
#5232=VERTEX_POINT('',#17671);
#5233=VERTEX_POINT('',#17673);
#5234=VERTEX_POINT('',#17677);
#5235=VERTEX_POINT('',#17679);
#5236=VERTEX_POINT('',#17685);
#5237=VERTEX_POINT('',#17687);
#5238=VERTEX_POINT('',#17691);
#5239=VERTEX_POINT('',#17694);
#5240=VERTEX_POINT('',#17696);
#5241=VERTEX_POINT('',#17700);
#5242=VERTEX_POINT('',#17702);
#5243=VERTEX_POINT('',#17706);
#5244=VERTEX_POINT('',#17707);
#5245=VERTEX_POINT('',#17709);
#5246=VERTEX_POINT('',#17711);
#5247=VERTEX_POINT('',#17713);
#5248=VERTEX_POINT('',#17715);
#5249=VERTEX_POINT('',#17721);
#5250=VERTEX_POINT('',#17723);
#5251=VERTEX_POINT('',#17727);
#5252=VERTEX_POINT('',#17731);
#5253=VERTEX_POINT('',#17735);
#5254=VERTEX_POINT('',#17739);
#5255=VERTEX_POINT('',#17746);
#5256=VERTEX_POINT('',#17748);
#5257=VERTEX_POINT('',#17752);
#5258=VERTEX_POINT('',#17755);
#5259=VERTEX_POINT('',#17757);
#5260=VERTEX_POINT('',#17761);
#5261=VERTEX_POINT('',#17763);
#5262=VERTEX_POINT('',#17767);
#5263=VERTEX_POINT('',#17768);
#5264=VERTEX_POINT('',#17770);
#5265=VERTEX_POINT('',#17772);
#5266=VERTEX_POINT('',#17774);
#5267=VERTEX_POINT('',#17776);
#5268=VERTEX_POINT('',#17782);
#5269=VERTEX_POINT('',#17784);
#5270=VERTEX_POINT('',#17788);
#5271=VERTEX_POINT('',#17792);
#5272=VERTEX_POINT('',#17796);
#5273=VERTEX_POINT('',#17800);
#5274=VERTEX_POINT('',#17807);
#5275=VERTEX_POINT('',#17809);
#5276=VERTEX_POINT('',#17813);
#5277=VERTEX_POINT('',#17816);
#5278=VERTEX_POINT('',#17818);
#5279=VERTEX_POINT('',#17822);
#5280=VERTEX_POINT('',#17824);
#5281=VERTEX_POINT('',#17828);
#5282=VERTEX_POINT('',#17829);
#5283=VERTEX_POINT('',#17831);
#5284=VERTEX_POINT('',#17833);
#5285=VERTEX_POINT('',#17835);
#5286=VERTEX_POINT('',#17837);
#5287=VERTEX_POINT('',#17843);
#5288=VERTEX_POINT('',#17845);
#5289=VERTEX_POINT('',#17849);
#5290=VERTEX_POINT('',#17853);
#5291=VERTEX_POINT('',#17857);
#5292=VERTEX_POINT('',#17861);
#5293=VERTEX_POINT('',#17868);
#5294=VERTEX_POINT('',#17870);
#5295=VERTEX_POINT('',#17874);
#5296=VERTEX_POINT('',#17878);
#5297=VERTEX_POINT('',#17880);
#5298=VERTEX_POINT('',#17885);
#5299=VERTEX_POINT('',#17886);
#5300=VERTEX_POINT('',#17888);
#5301=VERTEX_POINT('',#17890);
#5302=VERTEX_POINT('',#17892);
#5303=VERTEX_POINT('',#17894);
#5304=VERTEX_POINT('',#17899);
#5305=VERTEX_POINT('',#17901);
#5306=VERTEX_POINT('',#17905);
#5307=VERTEX_POINT('',#17909);
#5308=VERTEX_POINT('',#17913);
#5309=VERTEX_POINT('',#17917);
#5310=VERTEX_POINT('',#17924);
#5311=VERTEX_POINT('',#17926);
#5312=VERTEX_POINT('',#17930);
#5313=VERTEX_POINT('',#17932);
#5314=VERTEX_POINT('',#17938);
#5315=VERTEX_POINT('',#17940);
#5316=VERTEX_POINT('',#17944);
#5317=VERTEX_POINT('',#17948);
#5318=VERTEX_POINT('',#17950);
#5319=VERTEX_POINT('',#17955);
#5320=VERTEX_POINT('',#17956);
#5321=VERTEX_POINT('',#17958);
#5322=VERTEX_POINT('',#17960);
#5323=VERTEX_POINT('',#17962);
#5324=VERTEX_POINT('',#17964);
#5325=VERTEX_POINT('',#17969);
#5326=VERTEX_POINT('',#17971);
#5327=VERTEX_POINT('',#17975);
#5328=VERTEX_POINT('',#17979);
#5329=VERTEX_POINT('',#17983);
#5330=VERTEX_POINT('',#17987);
#5331=VERTEX_POINT('',#17994);
#5332=VERTEX_POINT('',#17996);
#5333=VERTEX_POINT('',#18000);
#5334=VERTEX_POINT('',#18002);
#5335=VERTEX_POINT('',#18008);
#5336=VERTEX_POINT('',#18010);
#5337=VERTEX_POINT('',#18014);
#5338=VERTEX_POINT('',#18018);
#5339=VERTEX_POINT('',#18020);
#5340=VERTEX_POINT('',#18025);
#5341=VERTEX_POINT('',#18026);
#5342=VERTEX_POINT('',#18028);
#5343=VERTEX_POINT('',#18030);
#5344=VERTEX_POINT('',#18032);
#5345=VERTEX_POINT('',#18034);
#5346=VERTEX_POINT('',#18039);
#5347=VERTEX_POINT('',#18041);
#5348=VERTEX_POINT('',#18045);
#5349=VERTEX_POINT('',#18049);
#5350=VERTEX_POINT('',#18053);
#5351=VERTEX_POINT('',#18057);
#5352=VERTEX_POINT('',#18064);
#5353=VERTEX_POINT('',#18066);
#5354=VERTEX_POINT('',#18070);
#5355=VERTEX_POINT('',#18072);
#5356=VERTEX_POINT('',#18078);
#5357=VERTEX_POINT('',#18080);
#5358=VERTEX_POINT('',#18084);
#5359=VERTEX_POINT('',#18088);
#5360=VERTEX_POINT('',#18090);
#5361=VERTEX_POINT('',#18095);
#5362=VERTEX_POINT('',#18096);
#5363=VERTEX_POINT('',#18098);
#5364=VERTEX_POINT('',#18100);
#5365=VERTEX_POINT('',#18102);
#5366=VERTEX_POINT('',#18104);
#5367=VERTEX_POINT('',#18109);
#5368=VERTEX_POINT('',#18111);
#5369=VERTEX_POINT('',#18115);
#5370=VERTEX_POINT('',#18119);
#5371=VERTEX_POINT('',#18123);
#5372=VERTEX_POINT('',#18127);
#5373=VERTEX_POINT('',#18134);
#5374=VERTEX_POINT('',#18136);
#5375=VERTEX_POINT('',#18140);
#5376=VERTEX_POINT('',#18142);
#5377=EDGE_CURVE('',#4493,#4493,#3956,.T.);
#5378=EDGE_CURVE('',#4493,#4494,#2324,.T.);
#5379=EDGE_CURVE('',#4494,#4494,#3957,.T.);
#5380=EDGE_CURVE('',#4495,#4495,#3958,.T.);
#5381=EDGE_CURVE('',#4495,#4493,#2325,.T.);
#5382=EDGE_CURVE('',#4496,#4496,#3959,.T.);
#5383=EDGE_CURVE('',#4496,#4497,#2326,.T.);
#5384=EDGE_CURVE('',#4497,#4497,#3960,.T.);
#5385=EDGE_CURVE('',#4498,#4498,#3961,.T.);
#5386=EDGE_CURVE('',#4498,#4496,#2327,.T.);
#5387=EDGE_CURVE('',#4499,#4499,#3962,.T.);
#5388=EDGE_CURVE('',#4499,#4498,#2328,.T.);
#5389=EDGE_CURVE('',#4500,#4500,#3963,.T.);
#5390=EDGE_CURVE('',#4500,#4501,#2329,.T.);
#5391=EDGE_CURVE('',#4501,#4501,#3964,.T.);
#5392=EDGE_CURVE('',#4502,#4503,#3965,.T.);
#5393=EDGE_CURVE('',#4502,#4504,#2330,.T.);
#5394=EDGE_CURVE('',#4504,#4505,#3966,.T.);
#5395=EDGE_CURVE('',#4503,#4505,#2331,.T.);
#5396=EDGE_CURVE('',#4506,#4507,#3967,.T.);
#5397=EDGE_CURVE('',#4508,#4507,#2332,.T.);
#5398=EDGE_CURVE('',#4509,#4508,#3968,.T.);
#5399=EDGE_CURVE('',#4509,#4506,#2333,.T.);
#5400=EDGE_CURVE('',#4507,#4510,#2334,.T.);
#5401=EDGE_CURVE('',#4511,#4510,#2335,.T.);
#5402=EDGE_CURVE('',#4508,#4511,#2336,.T.);
#5403=EDGE_CURVE('',#4510,#4512,#3969,.T.);
#5404=EDGE_CURVE('',#4513,#4512,#2337,.T.);
#5405=EDGE_CURVE('',#4511,#4513,#3970,.T.);
#5406=EDGE_CURVE('',#4512,#4514,#2338,.T.);
#5407=EDGE_CURVE('',#4515,#4514,#2339,.T.);
#5408=EDGE_CURVE('',#4513,#4515,#2340,.T.);
#5409=EDGE_CURVE('',#4514,#4516,#3971,.T.);
#5410=EDGE_CURVE('',#4517,#4516,#2341,.T.);
#5411=EDGE_CURVE('',#4515,#4517,#3972,.T.);
#5412=EDGE_CURVE('',#4516,#4518,#2342,.T.);
#5413=EDGE_CURVE('',#4519,#4518,#2343,.T.);
#5414=EDGE_CURVE('',#4517,#4519,#2344,.T.);
#5415=EDGE_CURVE('',#4518,#4520,#3973,.T.);
#5416=EDGE_CURVE('',#4521,#4520,#2345,.T.);
#5417=EDGE_CURVE('',#4519,#4521,#3974,.T.);
#5418=EDGE_CURVE('',#4520,#4522,#2346,.T.);
#5419=EDGE_CURVE('',#4523,#4522,#2347,.T.);
#5420=EDGE_CURVE('',#4521,#4523,#2348,.T.);
#5421=EDGE_CURVE('',#4522,#4524,#3975,.T.);
#5422=EDGE_CURVE('',#4525,#4524,#2349,.T.);
#5423=EDGE_CURVE('',#4523,#4525,#3976,.T.);
#5424=EDGE_CURVE('',#4524,#4504,#2350,.T.);
#5425=EDGE_CURVE('',#4525,#4502,#2351,.T.);
#5426=EDGE_CURVE('',#4505,#4506,#2352,.T.);
#5427=EDGE_CURVE('',#4503,#4509,#2353,.T.);
#5428=EDGE_CURVE('',#4526,#4526,#3977,.T.);
#5429=EDGE_CURVE('',#4526,#4527,#2354,.T.);
#5430=EDGE_CURVE('',#4527,#4527,#3978,.T.);
#5431=EDGE_CURVE('',#4528,#4528,#3979,.T.);
#5432=EDGE_CURVE('',#4528,#4529,#2355,.T.);
#5433=EDGE_CURVE('',#4529,#4529,#3980,.T.);
#5434=EDGE_CURVE('',#4530,#4530,#3981,.T.);
#5435=EDGE_CURVE('',#4530,#4531,#2356,.T.);
#5436=EDGE_CURVE('',#4531,#4531,#3982,.T.);
#5437=EDGE_CURVE('',#4532,#4532,#3983,.T.);
#5438=EDGE_CURVE('',#4532,#4533,#2357,.T.);
#5439=EDGE_CURVE('',#4533,#4533,#3984,.T.);
#5440=EDGE_CURVE('',#4534,#4534,#3985,.T.);
#5441=EDGE_CURVE('',#4534,#4535,#2358,.T.);
#5442=EDGE_CURVE('',#4535,#4535,#3986,.T.);
#5443=EDGE_CURVE('',#4536,#4536,#3987,.T.);
#5444=EDGE_CURVE('',#4536,#4537,#2359,.T.);
#5445=EDGE_CURVE('',#4537,#4537,#3988,.T.);
#5446=EDGE_CURVE('',#4538,#4536,#2360,.T.);
#5447=EDGE_CURVE('',#4539,#4539,#3989,.T.);
#5448=EDGE_CURVE('',#4539,#4540,#2361,.T.);
#5449=EDGE_CURVE('',#4540,#4540,#3990,.T.);
#5450=EDGE_CURVE('',#4537,#4539,#2362,.T.);
#5451=EDGE_CURVE('',#4541,#4541,#3991,.T.);
#5452=EDGE_CURVE('',#4541,#4542,#2363,.T.);
#5453=EDGE_CURVE('',#4542,#4542,#3992,.T.);
#5454=EDGE_CURVE('',#4543,#4541,#2364,.T.);
#5455=EDGE_CURVE('',#4544,#4544,#3993,.T.);
#5456=EDGE_CURVE('',#4544,#4545,#2365,.T.);
#5457=EDGE_CURVE('',#4545,#4545,#3994,.T.);
#5458=EDGE_CURVE('',#4542,#4544,#2366,.T.);
#5459=EDGE_CURVE('',#4546,#4546,#3995,.T.);
#5460=EDGE_CURVE('',#4546,#4547,#2367,.T.);
#5461=EDGE_CURVE('',#4547,#4547,#3996,.T.);
#5462=EDGE_CURVE('',#4548,#4548,#3997,.T.);
#5463=EDGE_CURVE('',#4548,#4546,#2368,.T.);
#5464=EDGE_CURVE('',#4549,#4549,#3998,.T.);
#5465=EDGE_CURVE('',#4549,#4550,#2369,.T.);
#5466=EDGE_CURVE('',#4550,#4550,#3999,.T.);
#5467=EDGE_CURVE('',#4551,#4549,#2370,.T.);
#5468=EDGE_CURVE('',#4552,#4552,#4000,.T.);
#5469=EDGE_CURVE('',#4552,#4553,#2371,.T.);
#5470=EDGE_CURVE('',#4553,#4553,#4001,.T.);
#5471=EDGE_CURVE('',#4550,#4552,#2372,.T.);
#5472=EDGE_CURVE('',#4554,#4554,#4002,.T.);
#5473=EDGE_CURVE('',#4554,#4555,#2373,.T.);
#5474=EDGE_CURVE('',#4555,#4555,#4003,.T.);
#5475=EDGE_CURVE('',#4556,#4554,#2374,.T.);
#5476=EDGE_CURVE('',#4557,#4557,#4004,.T.);
#5477=EDGE_CURVE('',#4557,#4558,#2375,.T.);
#5478=EDGE_CURVE('',#4558,#4558,#4005,.T.);
#5479=EDGE_CURVE('',#4555,#4557,#2376,.T.);
#5480=EDGE_CURVE('',#4559,#4559,#4006,.T.);
#5481=EDGE_CURVE('',#4559,#4560,#2377,.T.);
#5482=EDGE_CURVE('',#4560,#4560,#4007,.T.);
#5483=EDGE_CURVE('',#4561,#4561,#4008,.T.);
#5484=EDGE_CURVE('',#4561,#4562,#2378,.T.);
#5485=EDGE_CURVE('',#4562,#4562,#4009,.T.);
#5486=EDGE_CURVE('',#4563,#4563,#4010,.T.);
#5487=EDGE_CURVE('',#4563,#4564,#2379,.T.);
#5488=EDGE_CURVE('',#4564,#4564,#4011,.T.);
#5489=EDGE_CURVE('',#4565,#4565,#4012,.T.);
#5490=EDGE_CURVE('',#4565,#4566,#2380,.T.);
#5491=EDGE_CURVE('',#4566,#4566,#4013,.T.);
#5492=EDGE_CURVE('',#4567,#4567,#4014,.T.);
#5493=EDGE_CURVE('',#4567,#4568,#2381,.T.);
#5494=EDGE_CURVE('',#4568,#4568,#4015,.T.);
#5495=EDGE_CURVE('',#4569,#4569,#4016,.T.);
#5496=EDGE_CURVE('',#4569,#4567,#2382,.T.);
#5497=EDGE_CURVE('',#4570,#4570,#4017,.T.);
#5498=EDGE_CURVE('',#4570,#4561,#2383,.T.);
#5499=EDGE_CURVE('',#4571,#4571,#4018,.T.);
#5500=EDGE_CURVE('',#4571,#4559,#2384,.T.);
#5501=EDGE_CURVE('',#4572,#4572,#4019,.T.);
#5502=EDGE_CURVE('',#4572,#4565,#2385,.T.);
#5503=EDGE_CURVE('',#4573,#4573,#4020,.T.);
#5504=EDGE_CURVE('',#4573,#4563,#2386,.T.);
#5505=EDGE_CURVE('',#4574,#4575,#2387,.T.);
#5506=EDGE_CURVE('',#4574,#4576,#2388,.T.);
#5507=EDGE_CURVE('',#4577,#4576,#2389,.T.);
#5508=EDGE_CURVE('',#4577,#4575,#2390,.T.);
#5509=EDGE_CURVE('',#4578,#4579,#2391,.T.);
#5510=EDGE_CURVE('',#4578,#4580,#2392,.T.);
#5511=EDGE_CURVE('',#4581,#4580,#2393,.T.);
#5512=EDGE_CURVE('',#4581,#4579,#2394,.T.);
#5513=EDGE_CURVE('',#4582,#4583,#2395,.T.);
#5514=EDGE_CURVE('',#4584,#4582,#4021,.T.);
#5515=EDGE_CURVE('',#4584,#4585,#2396,.T.);
#5516=EDGE_CURVE('',#4585,#4583,#4022,.T.);
#5517=EDGE_CURVE('',#4586,#4587,#4023,.T.);
#5518=EDGE_CURVE('',#4588,#4586,#2397,.T.);
#5519=EDGE_CURVE('',#4589,#4588,#4024,.T.);
#5520=EDGE_CURVE('',#4587,#4589,#2398,.T.);
#5521=EDGE_CURVE('',#4590,#4574,#4025,.T.);
#5522=EDGE_CURVE('',#4591,#4590,#2399,.T.);
#5523=EDGE_CURVE('',#4576,#4591,#4026,.T.);
#5524=EDGE_CURVE('',#4579,#4592,#4027,.T.);
#5525=EDGE_CURVE('',#4593,#4581,#4028,.T.);
#5526=EDGE_CURVE('',#4592,#4593,#2400,.T.);
#5527=EDGE_CURVE('',#4594,#4578,#4029,.T.);
#5528=EDGE_CURVE('',#4595,#4594,#2401,.T.);
#5529=EDGE_CURVE('',#4580,#4595,#4030,.T.);
#5530=EDGE_CURVE('',#4575,#4596,#4031,.T.);
#5531=EDGE_CURVE('',#4597,#4577,#4032,.T.);
#5532=EDGE_CURVE('',#4596,#4597,#2402,.T.);
#5533=EDGE_CURVE('',#4598,#4599,#2403,.T.);
#5534=EDGE_CURVE('',#4599,#4600,#4033,.T.);
#5535=EDGE_CURVE('',#4600,#4584,#2404,.T.);
#5536=EDGE_CURVE('',#4582,#4601,#2405,.T.);
#5537=EDGE_CURVE('',#4601,#4598,#4034,.T.);
#5538=EDGE_CURVE('',#4602,#4585,#2406,.T.);
#5539=EDGE_CURVE('',#4602,#4603,#4035,.T.);
#5540=EDGE_CURVE('',#4604,#4603,#2407,.T.);
#5541=EDGE_CURVE('',#4604,#4605,#4036,.T.);
#5542=EDGE_CURVE('',#4583,#4605,#2408,.T.);
#5543=EDGE_CURVE('',#4596,#4588,#2409,.T.);
#5544=EDGE_CURVE('',#4595,#4597,#2410,.T.);
#5545=EDGE_CURVE('',#4589,#4594,#2411,.T.);
#5546=EDGE_CURVE('',#4592,#4587,#2412,.T.);
#5547=EDGE_CURVE('',#4591,#4593,#2413,.T.);
#5548=EDGE_CURVE('',#4586,#4590,#2414,.T.);
#5549=EDGE_CURVE('',#4605,#4601,#2415,.T.);
#5550=EDGE_CURVE('',#4603,#4599,#2416,.T.);
#5551=EDGE_CURVE('',#4598,#4604,#2417,.T.);
#5552=EDGE_CURVE('',#4600,#4602,#2418,.T.);
#5553=EDGE_CURVE('',#4606,#4606,#4037,.T.);
#5554=EDGE_CURVE('',#4606,#4607,#2419,.T.);
#5555=EDGE_CURVE('',#4607,#4607,#4038,.T.);
#5556=EDGE_CURVE('',#4608,#4608,#4039,.T.);
#5557=EDGE_CURVE('',#4608,#4609,#2420,.T.);
#5558=EDGE_CURVE('',#4609,#4609,#4040,.T.);
#5559=EDGE_CURVE('',#4606,#4610,#2421,.T.);
#5560=EDGE_CURVE('',#4610,#4610,#4041,.T.);
#5561=EDGE_CURVE('',#4611,#4611,#4042,.T.);
#5562=EDGE_CURVE('',#4611,#4608,#2422,.T.);
#5563=EDGE_CURVE('',#4611,#4612,#2423,.T.);
#5564=EDGE_CURVE('',#4612,#4612,#4043,.T.);
#5565=EDGE_CURVE('',#4613,#4613,#4044,.T.);
#5566=EDGE_CURVE('',#4613,#4614,#4045,.T.);
#5567=EDGE_CURVE('',#4614,#4614,#4046,.T.);
#5568=EDGE_CURVE('',#4613,#4615,#2424,.T.);
#5569=EDGE_CURVE('',#4615,#4615,#4047,.T.);
#5570=EDGE_CURVE('',#4615,#4616,#2425,.T.);
#5571=EDGE_CURVE('',#4616,#4616,#4048,.T.);
#5572=EDGE_CURVE('',#4617,#4617,#4049,.T.);
#5573=EDGE_CURVE('',#4617,#4618,#2426,.T.);
#5574=EDGE_CURVE('',#4618,#4618,#4050,.T.);
#5575=EDGE_CURVE('',#4619,#4619,#4051,.T.);
#5576=EDGE_CURVE('',#4619,#4620,#2427,.T.);
#5577=EDGE_CURVE('',#4620,#4620,#4052,.T.);
#5578=EDGE_CURVE('',#4621,#4621,#4053,.T.);
#5579=EDGE_CURVE('',#4621,#4622,#2428,.T.);
#5580=EDGE_CURVE('',#4622,#4622,#4054,.T.);
#5581=EDGE_CURVE('',#4623,#4623,#4055,.T.);
#5582=EDGE_CURVE('',#4623,#4624,#2429,.T.);
#5583=EDGE_CURVE('',#4624,#4624,#4056,.T.);
#5584=EDGE_CURVE('',#4625,#4626,#4057,.T.);
#5585=EDGE_CURVE('',#4625,#4627,#2430,.T.);
#5586=EDGE_CURVE('',#4627,#4628,#4058,.T.);
#5587=EDGE_CURVE('',#4626,#4628,#2431,.T.);
#5588=EDGE_CURVE('',#4629,#4630,#4059,.T.);
#5589=EDGE_CURVE('',#4630,#4631,#2432,.T.);
#5590=EDGE_CURVE('',#4632,#4631,#4060,.T.);
#5591=EDGE_CURVE('',#4629,#4632,#2433,.T.);
#5592=EDGE_CURVE('',#4633,#4634,#4061,.T.);
#5593=EDGE_CURVE('',#4634,#4635,#2434,.T.);
#5594=EDGE_CURVE('',#4636,#4635,#4062,.T.);
#5595=EDGE_CURVE('',#4633,#4636,#2435,.T.);
#5596=EDGE_CURVE('',#4628,#4637,#2436,.T.);
#5597=EDGE_CURVE('',#4638,#4637,#2437,.T.);
#5598=EDGE_CURVE('',#4626,#4638,#2438,.T.);
#5599=EDGE_CURVE('',#4637,#4639,#4063,.T.);
#5600=EDGE_CURVE('',#4640,#4639,#2439,.T.);
#5601=EDGE_CURVE('',#4638,#4640,#4064,.T.);
#5602=EDGE_CURVE('',#4639,#4641,#4065,.T.);
#5603=EDGE_CURVE('',#4642,#4641,#2440,.T.);
#5604=EDGE_CURVE('',#4640,#4642,#4066,.T.);
#5605=EDGE_CURVE('',#4641,#4643,#4067,.T.);
#5606=EDGE_CURVE('',#4644,#4643,#2441,.T.);
#5607=EDGE_CURVE('',#4642,#4644,#4068,.T.);
#5608=EDGE_CURVE('',#4645,#4643,#2442,.T.);
#5609=EDGE_CURVE('',#4646,#4645,#2443,.T.);
#5610=EDGE_CURVE('',#4646,#4644,#2444,.T.);
#5611=EDGE_CURVE('',#4635,#4645,#4069,.T.);
#5612=EDGE_CURVE('',#4634,#4646,#4070,.T.);
#5613=EDGE_CURVE('',#4636,#4647,#4071,.T.);
#5614=EDGE_CURVE('',#4648,#4647,#2445,.T.);
#5615=EDGE_CURVE('',#4633,#4648,#4072,.T.);
#5616=EDGE_CURVE('',#4649,#4647,#2446,.T.);
#5617=EDGE_CURVE('',#4650,#4649,#2447,.T.);
#5618=EDGE_CURVE('',#4650,#4648,#2448,.T.);
#5619=EDGE_CURVE('',#4651,#4649,#4073,.T.);
#5620=EDGE_CURVE('',#4652,#4651,#2449,.T.);
#5621=EDGE_CURVE('',#4652,#4650,#4074,.T.);
#5622=EDGE_CURVE('',#4653,#4651,#2450,.T.);
#5623=EDGE_CURVE('',#4654,#4653,#2451,.T.);
#5624=EDGE_CURVE('',#4654,#4652,#2452,.T.);
#5625=EDGE_CURVE('',#4655,#4653,#4075,.T.);
#5626=EDGE_CURVE('',#4656,#4655,#2453,.T.);
#5627=EDGE_CURVE('',#4656,#4654,#4076,.T.);
#5628=EDGE_CURVE('',#4631,#4655,#2454,.T.);
#5629=EDGE_CURVE('',#4630,#4656,#2455,.T.);
#5630=EDGE_CURVE('',#4657,#4632,#4077,.T.);
#5631=EDGE_CURVE('',#4658,#4657,#2456,.T.);
#5632=EDGE_CURVE('',#4658,#4629,#4078,.T.);
#5633=EDGE_CURVE('',#4657,#4659,#2457,.T.);
#5634=EDGE_CURVE('',#4660,#4659,#2458,.T.);
#5635=EDGE_CURVE('',#4658,#4660,#2459,.T.);
#5636=EDGE_CURVE('',#4659,#4627,#4079,.T.);
#5637=EDGE_CURVE('',#4660,#4625,#4080,.T.);
#5638=EDGE_CURVE('',#4661,#4661,#4081,.T.);
#5639=EDGE_CURVE('',#4661,#4662,#2460,.T.);
#5640=EDGE_CURVE('',#4662,#4662,#4082,.T.);
#5641=EDGE_CURVE('',#4663,#4663,#4083,.T.);
#5642=EDGE_CURVE('',#4663,#4664,#2461,.T.);
#5643=EDGE_CURVE('',#4664,#4664,#4084,.T.);
#5644=EDGE_CURVE('',#4665,#4665,#4085,.T.);
#5645=EDGE_CURVE('',#4665,#4666,#2462,.T.);
#5646=EDGE_CURVE('',#4666,#4666,#4086,.T.);
#5647=EDGE_CURVE('',#4667,#4667,#4087,.T.);
#5648=EDGE_CURVE('',#4667,#4668,#2463,.T.);
#5649=EDGE_CURVE('',#4668,#4668,#4088,.T.);
#5650=EDGE_CURVE('',#4669,#4669,#4089,.T.);
#5651=EDGE_CURVE('',#4669,#4670,#2464,.T.);
#5652=EDGE_CURVE('',#4670,#4670,#4090,.T.);
#5653=EDGE_CURVE('',#4671,#4671,#4091,.T.);
#5654=EDGE_CURVE('',#4671,#4672,#2465,.T.);
#5655=EDGE_CURVE('',#4672,#4672,#4092,.T.);
#5656=EDGE_CURVE('',#4673,#4673,#4093,.T.);
#5657=EDGE_CURVE('',#4673,#4674,#2466,.T.);
#5658=EDGE_CURVE('',#4674,#4674,#4094,.T.);
#5659=EDGE_CURVE('',#4675,#4675,#4095,.T.);
#5660=EDGE_CURVE('',#4675,#4676,#2467,.T.);
#5661=EDGE_CURVE('',#4676,#4676,#4096,.T.);
#5662=EDGE_CURVE('',#4677,#4677,#4097,.T.);
#5663=EDGE_CURVE('',#4677,#4678,#2468,.T.);
#5664=EDGE_CURVE('',#4678,#4678,#4098,.T.);
#5665=EDGE_CURVE('',#4679,#4679,#4099,.T.);
#5666=EDGE_CURVE('',#4679,#4680,#2469,.T.);
#5667=EDGE_CURVE('',#4680,#4680,#4100,.T.);
#5668=EDGE_CURVE('',#4681,#4681,#4101,.T.);
#5669=EDGE_CURVE('',#4681,#4682,#2470,.T.);
#5670=EDGE_CURVE('',#4682,#4682,#4102,.T.);
#5671=EDGE_CURVE('',#4683,#4683,#4103,.T.);
#5672=EDGE_CURVE('',#4683,#4684,#2471,.T.);
#5673=EDGE_CURVE('',#4684,#4684,#4104,.T.);
#5674=EDGE_CURVE('',#4685,#4686,#4105,.T.);
#5675=EDGE_CURVE('',#4685,#4687,#2472,.T.);
#5676=EDGE_CURVE('',#4687,#4688,#4106,.T.);
#5677=EDGE_CURVE('',#4686,#4688,#2473,.T.);
#5678=EDGE_CURVE('',#4688,#4689,#4107,.T.);
#5679=EDGE_CURVE('',#4689,#4690,#2474,.T.);
#5680=EDGE_CURVE('',#4686,#4690,#4108,.T.);
#5681=EDGE_CURVE('',#4691,#4692,#4109,.T.);
#5682=EDGE_CURVE('',#4691,#4693,#2475,.T.);
#5683=EDGE_CURVE('',#4693,#4694,#4110,.T.);
#5684=EDGE_CURVE('',#4692,#4694,#2476,.T.);
#5685=EDGE_CURVE('',#4694,#4695,#2477,.T.);
#5686=EDGE_CURVE('',#4696,#4695,#2478,.T.);
#5687=EDGE_CURVE('',#4692,#4696,#2479,.T.);
#5688=EDGE_CURVE('',#4695,#4697,#4111,.T.);
#5689=EDGE_CURVE('',#4698,#4697,#2480,.T.);
#5690=EDGE_CURVE('',#4696,#4698,#4112,.T.);
#5691=EDGE_CURVE('',#4697,#4699,#2481,.T.);
#5692=EDGE_CURVE('',#4700,#4699,#2482,.T.);
#5693=EDGE_CURVE('',#4698,#4700,#2483,.T.);
#5694=EDGE_CURVE('',#4699,#4701,#4113,.T.);
#5695=EDGE_CURVE('',#4702,#4701,#2484,.T.);
#5696=EDGE_CURVE('',#4700,#4702,#4114,.T.);
#5697=EDGE_CURVE('',#4701,#4687,#2485,.T.);
#5698=EDGE_CURVE('',#4702,#4685,#2486,.T.);
#5699=EDGE_CURVE('',#4690,#4703,#4115,.T.);
#5700=EDGE_CURVE('',#4703,#4704,#2487,.T.);
#5701=EDGE_CURVE('',#4704,#4705,#4116,.T.);
#5702=EDGE_CURVE('',#4705,#4691,#4117,.T.);
#5703=EDGE_CURVE('',#4706,#4693,#4118,.T.);
#5704=EDGE_CURVE('',#4707,#4706,#4119,.T.);
#5705=EDGE_CURVE('',#4708,#4707,#2488,.T.);
#5706=EDGE_CURVE('',#4708,#4689,#4120,.T.);
#5707=EDGE_CURVE('',#4703,#4708,#2489,.T.);
#5708=EDGE_CURVE('',#4704,#4707,#2490,.T.);
#5709=EDGE_CURVE('',#4705,#4706,#2491,.T.);
#5710=EDGE_CURVE('',#4709,#4709,#4121,.T.);
#5711=EDGE_CURVE('',#4709,#4710,#2492,.T.);
#5712=EDGE_CURVE('',#4710,#4710,#4122,.T.);
#5713=EDGE_CURVE('',#4711,#4711,#4123,.T.);
#5714=EDGE_CURVE('',#4711,#4712,#2493,.T.);
#5715=EDGE_CURVE('',#4712,#4712,#4124,.T.);
#5716=EDGE_CURVE('',#4713,#4713,#4125,.T.);
#5717=EDGE_CURVE('',#4713,#4714,#2494,.T.);
#5718=EDGE_CURVE('',#4714,#4714,#4126,.T.);
#5719=EDGE_CURVE('',#4715,#4715,#4127,.T.);
#5720=EDGE_CURVE('',#4715,#4716,#2495,.T.);
#5721=EDGE_CURVE('',#4716,#4716,#4128,.T.);
#5722=EDGE_CURVE('',#4717,#4717,#4129,.T.);
#5723=EDGE_CURVE('',#4717,#4718,#2496,.T.);
#5724=EDGE_CURVE('',#4718,#4718,#4130,.T.);
#5725=EDGE_CURVE('',#4719,#4719,#4131,.T.);
#5726=EDGE_CURVE('',#4719,#4720,#2497,.T.);
#5727=EDGE_CURVE('',#4720,#4720,#4132,.T.);
#5728=EDGE_CURVE('',#4721,#4721,#4133,.T.);
#5729=EDGE_CURVE('',#4721,#4722,#2498,.T.);
#5730=EDGE_CURVE('',#4722,#4722,#4134,.T.);
#5731=EDGE_CURVE('',#4723,#4723,#4135,.T.);
#5732=EDGE_CURVE('',#4723,#4724,#2499,.T.);
#5733=EDGE_CURVE('',#4724,#4724,#4136,.T.);
#5734=EDGE_CURVE('',#4725,#4725,#4137,.T.);
#5735=EDGE_CURVE('',#4725,#4726,#2500,.T.);
#5736=EDGE_CURVE('',#4726,#4726,#4138,.T.);
#5737=EDGE_CURVE('',#4727,#4727,#4139,.T.);
#5738=EDGE_CURVE('',#4727,#4728,#2501,.T.);
#5739=EDGE_CURVE('',#4728,#4728,#4140,.T.);
#5740=EDGE_CURVE('',#4729,#4729,#4141,.T.);
#5741=EDGE_CURVE('',#4729,#4730,#2502,.T.);
#5742=EDGE_CURVE('',#4730,#4730,#4142,.T.);
#5743=EDGE_CURVE('',#4731,#4731,#4143,.T.);
#5744=EDGE_CURVE('',#4731,#4732,#2503,.T.);
#5745=EDGE_CURVE('',#4732,#4732,#4144,.T.);
#5746=EDGE_CURVE('',#4733,#4734,#4145,.T.);
#5747=EDGE_CURVE('',#4733,#4735,#2504,.T.);
#5748=EDGE_CURVE('',#4735,#4736,#4146,.T.);
#5749=EDGE_CURVE('',#4734,#4736,#2505,.T.);
#5750=EDGE_CURVE('',#4736,#4737,#4147,.T.);
#5751=EDGE_CURVE('',#4737,#4738,#2506,.T.);
#5752=EDGE_CURVE('',#4734,#4738,#4148,.T.);
#5753=EDGE_CURVE('',#4739,#4740,#4149,.T.);
#5754=EDGE_CURVE('',#4739,#4741,#2507,.T.);
#5755=EDGE_CURVE('',#4741,#4742,#4150,.T.);
#5756=EDGE_CURVE('',#4740,#4742,#2508,.T.);
#5757=EDGE_CURVE('',#4742,#4743,#2509,.T.);
#5758=EDGE_CURVE('',#4744,#4743,#2510,.T.);
#5759=EDGE_CURVE('',#4740,#4744,#2511,.T.);
#5760=EDGE_CURVE('',#4743,#4745,#4151,.T.);
#5761=EDGE_CURVE('',#4746,#4745,#2512,.T.);
#5762=EDGE_CURVE('',#4744,#4746,#4152,.T.);
#5763=EDGE_CURVE('',#4745,#4747,#2513,.T.);
#5764=EDGE_CURVE('',#4748,#4747,#2514,.T.);
#5765=EDGE_CURVE('',#4746,#4748,#2515,.T.);
#5766=EDGE_CURVE('',#4747,#4749,#4153,.T.);
#5767=EDGE_CURVE('',#4750,#4749,#2516,.T.);
#5768=EDGE_CURVE('',#4748,#4750,#4154,.T.);
#5769=EDGE_CURVE('',#4749,#4735,#2517,.T.);
#5770=EDGE_CURVE('',#4750,#4733,#2518,.T.);
#5771=EDGE_CURVE('',#4738,#4751,#4155,.T.);
#5772=EDGE_CURVE('',#4751,#4752,#2519,.T.);
#5773=EDGE_CURVE('',#4752,#4753,#4156,.T.);
#5774=EDGE_CURVE('',#4753,#4739,#4157,.T.);
#5775=EDGE_CURVE('',#4754,#4741,#4158,.T.);
#5776=EDGE_CURVE('',#4755,#4754,#4159,.T.);
#5777=EDGE_CURVE('',#4756,#4755,#2520,.T.);
#5778=EDGE_CURVE('',#4756,#4737,#4160,.T.);
#5779=EDGE_CURVE('',#4751,#4756,#2521,.T.);
#5780=EDGE_CURVE('',#4752,#4755,#2522,.T.);
#5781=EDGE_CURVE('',#4753,#4754,#2523,.T.);
#5782=EDGE_CURVE('',#4757,#4757,#4161,.T.);
#5783=EDGE_CURVE('',#4757,#4758,#2524,.T.);
#5784=EDGE_CURVE('',#4758,#4758,#4162,.T.);
#5785=EDGE_CURVE('',#4759,#4757,#2525,.T.);
#5786=EDGE_CURVE('',#4760,#4760,#4163,.T.);
#5787=EDGE_CURVE('',#4760,#4761,#2526,.T.);
#5788=EDGE_CURVE('',#4761,#4761,#4164,.T.);
#5789=EDGE_CURVE('',#4762,#4763,#4165,.T.);
#5790=EDGE_CURVE('',#4763,#4762,#4166,.T.);
#5791=EDGE_CURVE('',#4763,#4760,#2527,.T.);
#5792=EDGE_CURVE('',#4764,#4764,#4167,.T.);
#5793=EDGE_CURVE('',#4764,#4765,#2528,.T.);
#5794=EDGE_CURVE('',#4765,#4765,#4168,.T.);
#5795=EDGE_CURVE('',#4766,#4767,#4169,.T.);
#5796=EDGE_CURVE('',#4767,#4766,#4170,.T.);
#5797=EDGE_CURVE('',#4767,#4764,#2529,.T.);
#5798=EDGE_CURVE('',#4768,#4768,#4171,.T.);
#5799=EDGE_CURVE('',#4768,#4769,#2530,.T.);
#5800=EDGE_CURVE('',#4769,#4769,#4172,.T.);
#5801=EDGE_CURVE('',#4770,#4770,#4173,.T.);
#5802=EDGE_CURVE('',#4770,#4768,#2531,.T.);
#5803=EDGE_CURVE('',#4771,#4771,#4174,.T.);
#5804=EDGE_CURVE('',#4771,#4772,#2532,.T.);
#5805=EDGE_CURVE('',#4772,#4772,#4175,.T.);
#5806=EDGE_CURVE('',#4773,#4773,#4176,.T.);
#5807=EDGE_CURVE('',#4773,#4771,#2533,.T.);
#5808=EDGE_CURVE('',#4762,#4770,#2534,.T.);
#5809=EDGE_CURVE('',#4766,#4773,#2535,.T.);
#5810=EDGE_CURVE('',#4774,#4775,#4177,.T.);
#5811=EDGE_CURVE('',#4776,#4774,#2536,.T.);
#5812=EDGE_CURVE('',#4777,#4776,#4178,.T.);
#5813=EDGE_CURVE('',#4775,#4777,#2537,.T.);
#5814=EDGE_CURVE('',#4778,#4779,#2538,.T.);
#5815=EDGE_CURVE('',#4779,#4780,#4179,.T.);
#5816=EDGE_CURVE('',#4780,#4781,#2539,.T.);
#5817=EDGE_CURVE('',#4781,#4778,#2540,.T.);
#5818=EDGE_CURVE('',#4782,#4783,#4180,.T.);
#5819=EDGE_CURVE('',#4784,#4782,#2541,.T.);
#5820=EDGE_CURVE('',#4785,#4784,#2542,.T.);
#5821=EDGE_CURVE('',#4783,#4785,#2543,.T.);
#5822=EDGE_CURVE('',#4783,#4777,#2544,.T.);
#5823=EDGE_CURVE('',#4781,#4785,#2545,.T.);
#5824=EDGE_CURVE('',#4786,#4780,#2546,.T.);
#5825=EDGE_CURVE('',#4787,#4786,#2547,.T.);
#5826=EDGE_CURVE('',#4787,#4775,#2548,.T.);
#5827=EDGE_CURVE('',#4778,#4784,#2549,.T.);
#5828=EDGE_CURVE('',#4782,#4776,#2550,.T.);
#5829=EDGE_CURVE('',#4788,#4774,#2551,.T.);
#5830=EDGE_CURVE('',#4789,#4788,#2552,.T.);
#5831=EDGE_CURVE('',#4789,#4779,#2553,.T.);
#5832=EDGE_CURVE('',#4788,#4787,#4181,.T.);
#5833=EDGE_CURVE('',#4786,#4789,#4182,.T.);
#5834=EDGE_CURVE('',#4790,#4791,#4183,.T.);
#5835=EDGE_CURVE('',#4792,#4792,#4184,.T.);
#5836=EDGE_CURVE('',#4792,#4793,#2554,.T.);
#5837=EDGE_CURVE('',#4793,#4793,#4185,.T.);
#5838=EDGE_CURVE('',#4794,#4794,#4186,.T.);
#5839=EDGE_CURVE('',#4794,#4795,#2555,.T.);
#5840=EDGE_CURVE('',#4795,#4795,#4187,.T.);
#5841=EDGE_CURVE('',#4796,#4796,#4188,.T.);
#5842=EDGE_CURVE('',#4796,#4797,#2556,.T.);
#5843=EDGE_CURVE('',#4797,#4798,#4189,.T.);
#5844=EDGE_CURVE('',#4799,#4798,#2557,.T.);
#5845=EDGE_CURVE('',#4799,#4800,#4190,.T.);
#5846=EDGE_CURVE('',#4801,#4800,#2558,.T.);
#5847=EDGE_CURVE('',#4801,#4802,#4191,.T.);
#5848=EDGE_CURVE('',#4803,#4802,#2559,.T.);
#5849=EDGE_CURVE('',#4803,#4804,#4192,.T.);
#5850=EDGE_CURVE('',#4805,#4804,#2560,.T.);
#5851=EDGE_CURVE('',#4805,#4797,#4193,.T.);
#5852=EDGE_CURVE('',#4806,#4806,#4194,.T.);
#5853=EDGE_CURVE('',#4806,#4794,#2561,.T.);
#5854=EDGE_CURVE('',#4803,#4800,#2562,.T.);
#5855=EDGE_CURVE('',#4799,#4804,#2563,.T.);
#5856=EDGE_CURVE('',#4802,#4801,#2564,.T.);
#5857=EDGE_CURVE('',#4798,#4805,#2565,.T.);
#5858=EDGE_CURVE('',#4807,#4807,#4195,.T.);
#5859=EDGE_CURVE('',#4807,#4808,#2566,.T.);
#5860=EDGE_CURVE('',#4808,#4808,#4196,.T.);
#5861=EDGE_CURVE('',#4809,#4809,#4197,.T.);
#5862=EDGE_CURVE('',#4809,#4807,#2567,.T.);
#5863=EDGE_CURVE('',#4810,#4810,#4198,.T.);
#5864=EDGE_CURVE('',#4810,#4811,#2568,.T.);
#5865=EDGE_CURVE('',#4811,#4811,#4199,.T.);
#5866=EDGE_CURVE('',#4812,#4812,#4200,.T.);
#5867=EDGE_CURVE('',#4812,#4813,#2569,.T.);
#5868=EDGE_CURVE('',#4813,#4813,#4201,.T.);
#5869=EDGE_CURVE('',#4814,#4815,#4202,.T.);
#5870=EDGE_CURVE('',#4815,#4816,#2570,.T.);
#5871=EDGE_CURVE('',#4816,#4817,#4203,.T.);
#5872=EDGE_CURVE('',#4818,#4817,#2571,.T.);
#5873=EDGE_CURVE('',#4818,#4819,#4204,.T.);
#5874=EDGE_CURVE('',#4819,#4820,#2572,.T.);
#5875=EDGE_CURVE('',#4820,#4820,#4205,.T.);
#5876=EDGE_CURVE('',#4819,#4821,#4206,.T.);
#5877=EDGE_CURVE('',#4821,#4822,#2573,.T.);
#5878=EDGE_CURVE('',#4822,#4823,#4207,.T.);
#5879=EDGE_CURVE('',#4814,#4823,#2574,.T.);
#5880=EDGE_CURVE('',#4824,#4825,#4208,.T.);
#5881=EDGE_CURVE('',#4824,#4826,#2575,.T.);
#5882=EDGE_CURVE('',#4826,#4827,#4209,.T.);
#5883=EDGE_CURVE('',#4825,#4827,#2576,.T.);
#5884=EDGE_CURVE('',#4824,#4814,#2577,.T.);
#5885=EDGE_CURVE('',#4825,#4815,#2578,.T.);
#5886=EDGE_CURVE('',#4828,#4829,#4210,.T.);
#5887=EDGE_CURVE('',#4830,#4828,#2579,.T.);
#5888=EDGE_CURVE('',#4830,#4831,#4211,.T.);
#5889=EDGE_CURVE('',#4831,#4829,#2580,.T.);
#5890=EDGE_CURVE('',#4828,#4822,#2581,.T.);
#5891=EDGE_CURVE('',#4830,#4821,#2582,.T.);
#5892=EDGE_CURVE('',#4826,#4823,#2583,.T.);
#5893=EDGE_CURVE('',#4827,#4816,#2584,.T.);
#5894=EDGE_CURVE('',#4829,#4817,#2585,.T.);
#5895=EDGE_CURVE('',#4831,#4818,#2586,.T.);
#5896=EDGE_CURVE('',#4832,#4832,#4212,.T.);
#5897=EDGE_CURVE('',#4832,#4833,#2587,.T.);
#5898=EDGE_CURVE('',#4833,#4833,#4213,.T.);
#5899=EDGE_CURVE('',#4834,#4834,#4214,.T.);
#5900=EDGE_CURVE('',#4834,#4832,#2588,.T.);
#5901=EDGE_CURVE('',#4835,#4835,#4215,.T.);
#5902=EDGE_CURVE('',#4835,#4836,#2589,.T.);
#5903=EDGE_CURVE('',#4836,#4836,#4216,.T.);
#5904=EDGE_CURVE('',#4837,#4837,#4217,.T.);
#5905=EDGE_CURVE('',#4837,#4838,#2590,.T.);
#5906=EDGE_CURVE('',#4838,#4838,#4218,.T.);
#5907=EDGE_CURVE('',#4839,#4840,#4219,.T.);
#5908=EDGE_CURVE('',#4839,#4841,#2591,.T.);
#5909=EDGE_CURVE('',#4841,#4842,#4220,.T.);
#5910=EDGE_CURVE('',#4840,#4842,#2592,.T.);
#5911=EDGE_CURVE('',#4843,#4844,#4221,.T.);
#5912=EDGE_CURVE('',#4845,#4843,#2593,.T.);
#5913=EDGE_CURVE('',#4845,#4846,#4222,.T.);
#5914=EDGE_CURVE('',#4846,#4844,#2594,.T.);
#5915=EDGE_CURVE('',#4843,#4847,#2595,.T.);
#5916=EDGE_CURVE('',#4848,#4847,#2596,.T.);
#5917=EDGE_CURVE('',#4845,#4848,#2597,.T.);
#5918=EDGE_CURVE('',#4847,#4849,#4223,.T.);
#5919=EDGE_CURVE('',#4850,#4849,#2598,.T.);
#5920=EDGE_CURVE('',#4848,#4850,#4224,.T.);
#5921=EDGE_CURVE('',#4841,#4849,#2599,.T.);
#5922=EDGE_CURVE('',#4839,#4850,#2600,.T.);
#5923=EDGE_CURVE('',#4842,#4851,#2601,.T.);
#5924=EDGE_CURVE('',#4852,#4851,#2602,.T.);
#5925=EDGE_CURVE('',#4840,#4852,#2603,.T.);
#5926=EDGE_CURVE('',#4851,#4853,#4225,.T.);
#5927=EDGE_CURVE('',#4854,#4853,#2604,.T.);
#5928=EDGE_CURVE('',#4852,#4854,#4226,.T.);
#5929=EDGE_CURVE('',#4844,#4853,#2605,.T.);
#5930=EDGE_CURVE('',#4846,#4854,#2606,.T.);
#5931=EDGE_CURVE('',#4855,#4855,#4227,.T.);
#5932=EDGE_CURVE('',#4855,#4856,#2607,.T.);
#5933=EDGE_CURVE('',#4856,#4856,#4228,.T.);
#5934=EDGE_CURVE('',#4857,#4857,#4229,.T.);
#5935=EDGE_CURVE('',#4857,#4855,#2608,.T.);
#5936=EDGE_CURVE('',#4858,#4858,#4230,.T.);
#5937=EDGE_CURVE('',#4858,#4859,#2609,.T.);
#5938=EDGE_CURVE('',#4859,#4859,#4231,.T.);
#5939=EDGE_CURVE('',#4860,#4860,#4232,.T.);
#5940=EDGE_CURVE('',#4860,#4861,#2610,.T.);
#5941=EDGE_CURVE('',#4861,#4861,#4233,.T.);
#5942=EDGE_CURVE('',#4862,#4863,#4234,.T.);
#5943=EDGE_CURVE('',#4863,#4864,#2611,.T.);
#5944=EDGE_CURVE('',#4864,#4865,#4235,.T.);
#5945=EDGE_CURVE('',#4866,#4865,#2612,.T.);
#5946=EDGE_CURVE('',#4866,#4867,#4236,.T.);
#5947=EDGE_CURVE('',#4867,#4868,#2613,.T.);
#5948=EDGE_CURVE('',#4868,#4868,#4237,.T.);
#5949=EDGE_CURVE('',#4867,#4869,#4238,.T.);
#5950=EDGE_CURVE('',#4869,#4870,#2614,.T.);
#5951=EDGE_CURVE('',#4870,#4871,#4239,.T.);
#5952=EDGE_CURVE('',#4862,#4871,#2615,.T.);
#5953=EDGE_CURVE('',#4872,#4873,#4240,.T.);
#5954=EDGE_CURVE('',#4872,#4874,#2616,.T.);
#5955=EDGE_CURVE('',#4874,#4875,#4241,.T.);
#5956=EDGE_CURVE('',#4873,#4875,#2617,.T.);
#5957=EDGE_CURVE('',#4872,#4862,#2618,.T.);
#5958=EDGE_CURVE('',#4873,#4863,#2619,.T.);
#5959=EDGE_CURVE('',#4876,#4877,#4242,.T.);
#5960=EDGE_CURVE('',#4878,#4876,#2620,.T.);
#5961=EDGE_CURVE('',#4878,#4879,#4243,.T.);
#5962=EDGE_CURVE('',#4879,#4877,#2621,.T.);
#5963=EDGE_CURVE('',#4876,#4870,#2622,.T.);
#5964=EDGE_CURVE('',#4878,#4869,#2623,.T.);
#5965=EDGE_CURVE('',#4874,#4871,#2624,.T.);
#5966=EDGE_CURVE('',#4875,#4864,#2625,.T.);
#5967=EDGE_CURVE('',#4877,#4865,#2626,.T.);
#5968=EDGE_CURVE('',#4879,#4866,#2627,.T.);
#5969=EDGE_CURVE('',#4880,#4880,#4244,.T.);
#5970=EDGE_CURVE('',#4880,#4881,#2628,.T.);
#5971=EDGE_CURVE('',#4881,#4881,#4245,.T.);
#5972=EDGE_CURVE('',#4882,#4882,#4246,.T.);
#5973=EDGE_CURVE('',#4882,#4880,#2629,.T.);
#5974=EDGE_CURVE('',#4883,#4883,#4247,.T.);
#5975=EDGE_CURVE('',#4883,#4884,#2630,.T.);
#5976=EDGE_CURVE('',#4884,#4884,#4248,.T.);
#5977=EDGE_CURVE('',#4885,#4885,#4249,.T.);
#5978=EDGE_CURVE('',#4885,#4886,#2631,.T.);
#5979=EDGE_CURVE('',#4886,#4886,#4250,.T.);
#5980=EDGE_CURVE('',#4887,#4888,#4251,.T.);
#5981=EDGE_CURVE('',#4887,#4889,#2632,.T.);
#5982=EDGE_CURVE('',#4889,#4890,#4252,.T.);
#5983=EDGE_CURVE('',#4888,#4890,#2633,.T.);
#5984=EDGE_CURVE('',#4891,#4892,#4253,.T.);
#5985=EDGE_CURVE('',#4893,#4891,#2634,.T.);
#5986=EDGE_CURVE('',#4893,#4894,#4254,.T.);
#5987=EDGE_CURVE('',#4894,#4892,#2635,.T.);
#5988=EDGE_CURVE('',#4891,#4895,#2636,.T.);
#5989=EDGE_CURVE('',#4896,#4895,#2637,.T.);
#5990=EDGE_CURVE('',#4893,#4896,#2638,.T.);
#5991=EDGE_CURVE('',#4895,#4897,#4255,.T.);
#5992=EDGE_CURVE('',#4898,#4897,#2639,.T.);
#5993=EDGE_CURVE('',#4896,#4898,#4256,.T.);
#5994=EDGE_CURVE('',#4889,#4897,#2640,.T.);
#5995=EDGE_CURVE('',#4887,#4898,#2641,.T.);
#5996=EDGE_CURVE('',#4890,#4899,#2642,.T.);
#5997=EDGE_CURVE('',#4900,#4899,#2643,.T.);
#5998=EDGE_CURVE('',#4888,#4900,#2644,.T.);
#5999=EDGE_CURVE('',#4899,#4901,#4257,.T.);
#6000=EDGE_CURVE('',#4902,#4901,#2645,.T.);
#6001=EDGE_CURVE('',#4900,#4902,#4258,.T.);
#6002=EDGE_CURVE('',#4892,#4901,#2646,.T.);
#6003=EDGE_CURVE('',#4894,#4902,#2647,.T.);
#6004=EDGE_CURVE('',#4903,#4903,#4259,.T.);
#6005=EDGE_CURVE('',#4903,#4904,#2648,.T.);
#6006=EDGE_CURVE('',#4904,#4904,#4260,.T.);
#6007=EDGE_CURVE('',#4905,#4905,#4261,.T.);
#6008=EDGE_CURVE('',#4905,#4906,#2649,.T.);
#6009=EDGE_CURVE('',#4906,#4906,#4262,.T.);
#6010=EDGE_CURVE('',#4903,#4907,#2650,.T.);
#6011=EDGE_CURVE('',#4907,#4907,#4263,.T.);
#6012=EDGE_CURVE('',#4908,#4908,#4264,.T.);
#6013=EDGE_CURVE('',#4908,#4905,#2651,.T.);
#6014=EDGE_CURVE('',#4908,#4909,#2652,.T.);
#6015=EDGE_CURVE('',#4909,#4909,#4265,.T.);
#6016=EDGE_CURVE('',#4910,#4910,#4266,.T.);
#6017=EDGE_CURVE('',#4910,#4911,#4267,.T.);
#6018=EDGE_CURVE('',#4911,#4911,#4268,.T.);
#6019=EDGE_CURVE('',#4910,#4912,#2653,.T.);
#6020=EDGE_CURVE('',#4912,#4912,#4269,.T.);
#6021=EDGE_CURVE('',#4912,#4913,#2654,.T.);
#6022=EDGE_CURVE('',#4913,#4913,#4270,.T.);
#6023=EDGE_CURVE('',#4914,#4914,#4271,.T.);
#6024=EDGE_CURVE('',#4914,#4915,#2655,.T.);
#6025=EDGE_CURVE('',#4915,#4915,#4272,.T.);
#6026=EDGE_CURVE('',#4916,#4916,#4273,.T.);
#6027=EDGE_CURVE('',#4916,#4917,#2656,.T.);
#6028=EDGE_CURVE('',#4917,#4917,#4274,.T.);
#6029=EDGE_CURVE('',#4914,#4918,#2657,.T.);
#6030=EDGE_CURVE('',#4918,#4918,#4275,.T.);
#6031=EDGE_CURVE('',#4919,#4919,#4276,.T.);
#6032=EDGE_CURVE('',#4919,#4916,#2658,.T.);
#6033=EDGE_CURVE('',#4919,#4920,#2659,.T.);
#6034=EDGE_CURVE('',#4920,#4920,#4277,.T.);
#6035=EDGE_CURVE('',#4921,#4921,#4278,.T.);
#6036=EDGE_CURVE('',#4921,#4922,#4279,.T.);
#6037=EDGE_CURVE('',#4922,#4922,#4280,.T.);
#6038=EDGE_CURVE('',#4921,#4923,#2660,.T.);
#6039=EDGE_CURVE('',#4923,#4923,#4281,.T.);
#6040=EDGE_CURVE('',#4923,#4924,#2661,.T.);
#6041=EDGE_CURVE('',#4924,#4924,#4282,.T.);
#6042=EDGE_CURVE('',#4925,#4925,#4283,.T.);
#6043=EDGE_CURVE('',#4925,#4926,#2662,.T.);
#6044=EDGE_CURVE('',#4926,#4926,#4284,.T.);
#6045=EDGE_CURVE('',#4927,#4927,#4285,.T.);
#6046=EDGE_CURVE('',#4927,#4928,#2663,.T.);
#6047=EDGE_CURVE('',#4928,#4928,#4286,.T.);
#6048=EDGE_CURVE('',#4925,#4929,#2664,.T.);
#6049=EDGE_CURVE('',#4929,#4929,#4287,.T.);
#6050=EDGE_CURVE('',#4930,#4930,#4288,.T.);
#6051=EDGE_CURVE('',#4930,#4927,#2665,.T.);
#6052=EDGE_CURVE('',#4930,#4931,#2666,.T.);
#6053=EDGE_CURVE('',#4931,#4931,#4289,.T.);
#6054=EDGE_CURVE('',#4932,#4932,#4290,.T.);
#6055=EDGE_CURVE('',#4932,#4933,#4291,.T.);
#6056=EDGE_CURVE('',#4933,#4933,#4292,.T.);
#6057=EDGE_CURVE('',#4932,#4934,#2667,.T.);
#6058=EDGE_CURVE('',#4934,#4934,#4293,.T.);
#6059=EDGE_CURVE('',#4934,#4935,#2668,.T.);
#6060=EDGE_CURVE('',#4935,#4935,#4294,.T.);
#6061=EDGE_CURVE('',#4936,#4936,#4295,.T.);
#6062=EDGE_CURVE('',#4936,#4937,#2669,.T.);
#6063=EDGE_CURVE('',#4937,#4937,#4296,.T.);
#6064=EDGE_CURVE('',#4938,#4938,#4297,.T.);
#6065=EDGE_CURVE('',#4938,#4939,#2670,.T.);
#6066=EDGE_CURVE('',#4939,#4939,#4298,.T.);
#6067=EDGE_CURVE('',#4936,#4940,#2671,.T.);
#6068=EDGE_CURVE('',#4940,#4940,#4299,.T.);
#6069=EDGE_CURVE('',#4941,#4941,#4300,.T.);
#6070=EDGE_CURVE('',#4941,#4938,#2672,.T.);
#6071=EDGE_CURVE('',#4941,#4942,#2673,.T.);
#6072=EDGE_CURVE('',#4942,#4942,#4301,.T.);
#6073=EDGE_CURVE('',#4943,#4943,#4302,.T.);
#6074=EDGE_CURVE('',#4943,#4944,#4303,.T.);
#6075=EDGE_CURVE('',#4944,#4944,#4304,.T.);
#6076=EDGE_CURVE('',#4943,#4945,#2674,.T.);
#6077=EDGE_CURVE('',#4945,#4945,#4305,.T.);
#6078=EDGE_CURVE('',#4945,#4946,#2675,.T.);
#6079=EDGE_CURVE('',#4946,#4946,#4306,.T.);
#6080=EDGE_CURVE('',#4947,#4948,#4307,.T.);
#6081=EDGE_CURVE('',#4947,#4949,#2676,.T.);
#6082=EDGE_CURVE('',#4949,#4950,#4308,.T.);
#6083=EDGE_CURVE('',#4948,#4950,#2677,.T.);
#6084=EDGE_CURVE('',#4951,#4952,#4309,.T.);
#6085=EDGE_CURVE('',#4953,#4952,#2678,.T.);
#6086=EDGE_CURVE('',#4954,#4953,#4310,.T.);
#6087=EDGE_CURVE('',#4954,#4951,#2679,.T.);
#6088=EDGE_CURVE('',#4952,#4955,#2680,.T.);
#6089=EDGE_CURVE('',#4956,#4955,#2681,.T.);
#6090=EDGE_CURVE('',#4953,#4956,#2682,.T.);
#6091=EDGE_CURVE('',#4955,#4957,#4311,.T.);
#6092=EDGE_CURVE('',#4958,#4957,#2683,.T.);
#6093=EDGE_CURVE('',#4956,#4958,#4312,.T.);
#6094=EDGE_CURVE('',#4957,#4959,#2684,.T.);
#6095=EDGE_CURVE('',#4960,#4959,#2685,.T.);
#6096=EDGE_CURVE('',#4958,#4960,#2686,.T.);
#6097=EDGE_CURVE('',#4959,#4961,#4313,.T.);
#6098=EDGE_CURVE('',#4962,#4961,#2687,.T.);
#6099=EDGE_CURVE('',#4960,#4962,#4314,.T.);
#6100=EDGE_CURVE('',#4961,#4963,#2688,.T.);
#6101=EDGE_CURVE('',#4964,#4963,#2689,.T.);
#6102=EDGE_CURVE('',#4962,#4964,#2690,.T.);
#6103=EDGE_CURVE('',#4963,#4965,#4315,.T.);
#6104=EDGE_CURVE('',#4966,#4965,#2691,.T.);
#6105=EDGE_CURVE('',#4964,#4966,#4316,.T.);
#6106=EDGE_CURVE('',#4965,#4967,#2692,.T.);
#6107=EDGE_CURVE('',#4968,#4967,#2693,.T.);
#6108=EDGE_CURVE('',#4966,#4968,#2694,.T.);
#6109=EDGE_CURVE('',#4967,#4969,#4317,.T.);
#6110=EDGE_CURVE('',#4970,#4969,#2695,.T.);
#6111=EDGE_CURVE('',#4968,#4970,#4318,.T.);
#6112=EDGE_CURVE('',#4969,#4949,#2696,.T.);
#6113=EDGE_CURVE('',#4970,#4947,#2697,.T.);
#6114=EDGE_CURVE('',#4950,#4951,#2698,.T.);
#6115=EDGE_CURVE('',#4948,#4954,#2699,.T.);
#6116=EDGE_CURVE('',#4971,#4972,#4319,.T.);
#6117=EDGE_CURVE('',#4971,#4973,#2700,.T.);
#6118=EDGE_CURVE('',#4973,#4974,#4320,.T.);
#6119=EDGE_CURVE('',#4972,#4974,#2701,.T.);
#6120=EDGE_CURVE('',#4975,#4976,#4321,.T.);
#6121=EDGE_CURVE('',#4977,#4976,#2702,.T.);
#6122=EDGE_CURVE('',#4978,#4977,#4322,.T.);
#6123=EDGE_CURVE('',#4978,#4975,#2703,.T.);
#6124=EDGE_CURVE('',#4976,#4979,#2704,.T.);
#6125=EDGE_CURVE('',#4980,#4979,#2705,.T.);
#6126=EDGE_CURVE('',#4977,#4980,#2706,.T.);
#6127=EDGE_CURVE('',#4979,#4981,#4323,.T.);
#6128=EDGE_CURVE('',#4982,#4981,#2707,.T.);
#6129=EDGE_CURVE('',#4980,#4982,#4324,.T.);
#6130=EDGE_CURVE('',#4981,#4983,#2708,.T.);
#6131=EDGE_CURVE('',#4984,#4983,#2709,.T.);
#6132=EDGE_CURVE('',#4982,#4984,#2710,.T.);
#6133=EDGE_CURVE('',#4983,#4985,#4325,.T.);
#6134=EDGE_CURVE('',#4986,#4985,#2711,.T.);
#6135=EDGE_CURVE('',#4984,#4986,#4326,.T.);
#6136=EDGE_CURVE('',#4985,#4987,#2712,.T.);
#6137=EDGE_CURVE('',#4988,#4987,#2713,.T.);
#6138=EDGE_CURVE('',#4986,#4988,#2714,.T.);
#6139=EDGE_CURVE('',#4987,#4989,#4327,.T.);
#6140=EDGE_CURVE('',#4990,#4989,#2715,.T.);
#6141=EDGE_CURVE('',#4988,#4990,#4328,.T.);
#6142=EDGE_CURVE('',#4989,#4991,#2716,.T.);
#6143=EDGE_CURVE('',#4992,#4991,#2717,.T.);
#6144=EDGE_CURVE('',#4990,#4992,#2718,.T.);
#6145=EDGE_CURVE('',#4991,#4993,#4329,.T.);
#6146=EDGE_CURVE('',#4994,#4993,#2719,.T.);
#6147=EDGE_CURVE('',#4992,#4994,#4330,.T.);
#6148=EDGE_CURVE('',#4993,#4973,#2720,.T.);
#6149=EDGE_CURVE('',#4994,#4971,#2721,.T.);
#6150=EDGE_CURVE('',#4974,#4975,#2722,.T.);
#6151=EDGE_CURVE('',#4972,#4978,#2723,.T.);
#6152=EDGE_CURVE('',#4995,#4995,#4331,.T.);
#6153=EDGE_CURVE('',#4995,#4996,#2724,.T.);
#6154=EDGE_CURVE('',#4996,#4996,#4332,.T.);
#6155=EDGE_CURVE('',#4997,#4997,#4333,.T.);
#6156=EDGE_CURVE('',#4997,#4998,#2725,.T.);
#6157=EDGE_CURVE('',#4998,#4998,#4334,.T.);
#6158=EDGE_CURVE('',#4999,#4999,#4335,.T.);
#6159=EDGE_CURVE('',#4999,#5000,#2726,.T.);
#6160=EDGE_CURVE('',#5000,#5000,#4336,.T.);
#6161=EDGE_CURVE('',#5001,#5001,#4337,.T.);
#6162=EDGE_CURVE('',#5001,#5002,#2727,.T.);
#6163=EDGE_CURVE('',#5002,#5002,#4338,.T.);
#6164=EDGE_CURVE('',#5003,#5003,#4339,.T.);
#6165=EDGE_CURVE('',#5003,#5004,#2728,.T.);
#6166=EDGE_CURVE('',#5004,#5004,#4340,.T.);
#6167=EDGE_CURVE('',#5005,#5005,#4341,.T.);
#6168=EDGE_CURVE('',#5005,#5006,#2729,.T.);
#6169=EDGE_CURVE('',#5006,#5006,#4342,.T.);
#6170=EDGE_CURVE('',#5007,#5007,#4343,.T.);
#6171=EDGE_CURVE('',#5007,#5008,#2730,.T.);
#6172=EDGE_CURVE('',#5008,#5008,#4344,.T.);
#6173=EDGE_CURVE('',#5009,#5009,#4345,.T.);
#6174=EDGE_CURVE('',#5009,#5010,#2731,.T.);
#6175=EDGE_CURVE('',#5010,#5010,#4346,.T.);
#6176=EDGE_CURVE('',#5011,#5011,#4347,.T.);
#6177=EDGE_CURVE('',#5011,#5012,#2732,.T.);
#6178=EDGE_CURVE('',#5012,#5012,#4348,.T.);
#6179=EDGE_CURVE('',#5012,#5013,#2733,.T.);
#6180=EDGE_CURVE('',#5013,#5013,#4349,.T.);
#6181=EDGE_CURVE('',#5014,#5014,#4350,.T.);
#6182=EDGE_CURVE('',#5014,#5015,#2734,.T.);
#6183=EDGE_CURVE('',#5015,#5015,#4351,.T.);
#6184=EDGE_CURVE('',#5016,#5017,#2735,.T.);
#6185=EDGE_CURVE('',#5018,#5016,#2736,.T.);
#6186=EDGE_CURVE('',#5019,#5018,#2737,.T.);
#6187=EDGE_CURVE('',#5020,#5019,#2738,.T.);
#6188=EDGE_CURVE('',#5021,#5020,#2739,.T.);
#6189=EDGE_CURVE('',#5017,#5021,#2740,.T.);
#6190=EDGE_CURVE('',#5022,#5017,#2741,.T.);
#6191=EDGE_CURVE('',#5023,#5022,#2742,.T.);
#6192=EDGE_CURVE('',#5023,#5016,#2743,.T.);
#6193=EDGE_CURVE('',#5024,#5023,#2744,.T.);
#6194=EDGE_CURVE('',#5024,#5018,#2745,.T.);
#6195=EDGE_CURVE('',#5025,#5024,#2746,.T.);
#6196=EDGE_CURVE('',#5025,#5019,#2747,.T.);
#6197=EDGE_CURVE('',#5026,#5025,#2748,.T.);
#6198=EDGE_CURVE('',#5026,#5020,#2749,.T.);
#6199=EDGE_CURVE('',#5027,#5026,#2750,.T.);
#6200=EDGE_CURVE('',#5027,#5021,#2751,.T.);
#6201=EDGE_CURVE('',#5022,#5027,#2752,.T.);
#6202=EDGE_CURVE('',#5028,#5028,#4352,.T.);
#6203=EDGE_CURVE('',#5028,#5029,#2753,.T.);
#6204=EDGE_CURVE('',#5029,#5029,#4353,.T.);
#6205=EDGE_CURVE('',#5029,#5030,#2754,.T.);
#6206=EDGE_CURVE('',#5030,#5030,#4354,.T.);
#6207=EDGE_CURVE('',#5031,#5031,#4355,.T.);
#6208=EDGE_CURVE('',#5031,#5032,#2755,.T.);
#6209=EDGE_CURVE('',#5032,#5032,#4356,.T.);
#6210=EDGE_CURVE('',#5033,#5034,#2756,.T.);
#6211=EDGE_CURVE('',#5035,#5033,#2757,.T.);
#6212=EDGE_CURVE('',#5036,#5035,#2758,.T.);
#6213=EDGE_CURVE('',#5037,#5036,#2759,.T.);
#6214=EDGE_CURVE('',#5038,#5037,#2760,.T.);
#6215=EDGE_CURVE('',#5034,#5038,#2761,.T.);
#6216=EDGE_CURVE('',#5039,#5034,#2762,.T.);
#6217=EDGE_CURVE('',#5040,#5039,#2763,.T.);
#6218=EDGE_CURVE('',#5040,#5033,#2764,.T.);
#6219=EDGE_CURVE('',#5041,#5040,#2765,.T.);
#6220=EDGE_CURVE('',#5041,#5035,#2766,.T.);
#6221=EDGE_CURVE('',#5042,#5041,#2767,.T.);
#6222=EDGE_CURVE('',#5042,#5036,#2768,.T.);
#6223=EDGE_CURVE('',#5043,#5042,#2769,.T.);
#6224=EDGE_CURVE('',#5043,#5037,#2770,.T.);
#6225=EDGE_CURVE('',#5044,#5043,#2771,.T.);
#6226=EDGE_CURVE('',#5044,#5038,#2772,.T.);
#6227=EDGE_CURVE('',#5039,#5044,#2773,.T.);
#6228=EDGE_CURVE('',#5045,#5045,#4357,.T.);
#6229=EDGE_CURVE('',#5045,#5046,#2774,.T.);
#6230=EDGE_CURVE('',#5046,#5046,#4358,.T.);
#6231=EDGE_CURVE('',#5046,#5047,#2775,.T.);
#6232=EDGE_CURVE('',#5047,#5047,#4359,.T.);
#6233=EDGE_CURVE('',#5048,#5048,#4360,.T.);
#6234=EDGE_CURVE('',#5048,#5049,#2776,.T.);
#6235=EDGE_CURVE('',#5049,#5049,#4361,.T.);
#6236=EDGE_CURVE('',#5050,#5051,#2777,.T.);
#6237=EDGE_CURVE('',#5052,#5050,#2778,.T.);
#6238=EDGE_CURVE('',#5053,#5052,#2779,.T.);
#6239=EDGE_CURVE('',#5054,#5053,#2780,.T.);
#6240=EDGE_CURVE('',#5055,#5054,#2781,.T.);
#6241=EDGE_CURVE('',#5051,#5055,#2782,.T.);
#6242=EDGE_CURVE('',#5056,#5051,#2783,.T.);
#6243=EDGE_CURVE('',#5057,#5056,#2784,.T.);
#6244=EDGE_CURVE('',#5057,#5050,#2785,.T.);
#6245=EDGE_CURVE('',#5058,#5057,#2786,.T.);
#6246=EDGE_CURVE('',#5058,#5052,#2787,.T.);
#6247=EDGE_CURVE('',#5059,#5058,#2788,.T.);
#6248=EDGE_CURVE('',#5059,#5053,#2789,.T.);
#6249=EDGE_CURVE('',#5060,#5059,#2790,.T.);
#6250=EDGE_CURVE('',#5060,#5054,#2791,.T.);
#6251=EDGE_CURVE('',#5061,#5060,#2792,.T.);
#6252=EDGE_CURVE('',#5061,#5055,#2793,.T.);
#6253=EDGE_CURVE('',#5056,#5061,#2794,.T.);
#6254=EDGE_CURVE('',#5062,#5062,#4362,.T.);
#6255=EDGE_CURVE('',#5062,#5063,#2795,.T.);
#6256=EDGE_CURVE('',#5063,#5063,#4363,.T.);
#6257=EDGE_CURVE('',#5063,#5064,#2796,.T.);
#6258=EDGE_CURVE('',#5064,#5064,#4364,.T.);
#6259=EDGE_CURVE('',#5065,#5065,#4365,.T.);
#6260=EDGE_CURVE('',#5065,#5066,#2797,.T.);
#6261=EDGE_CURVE('',#5066,#5066,#4366,.T.);
#6262=EDGE_CURVE('',#5067,#5068,#2798,.T.);
#6263=EDGE_CURVE('',#5069,#5067,#2799,.T.);
#6264=EDGE_CURVE('',#5070,#5069,#2800,.T.);
#6265=EDGE_CURVE('',#5071,#5070,#2801,.T.);
#6266=EDGE_CURVE('',#5072,#5071,#2802,.T.);
#6267=EDGE_CURVE('',#5068,#5072,#2803,.T.);
#6268=EDGE_CURVE('',#5073,#5068,#2804,.T.);
#6269=EDGE_CURVE('',#5074,#5073,#2805,.T.);
#6270=EDGE_CURVE('',#5074,#5067,#2806,.T.);
#6271=EDGE_CURVE('',#5075,#5074,#2807,.T.);
#6272=EDGE_CURVE('',#5075,#5069,#2808,.T.);
#6273=EDGE_CURVE('',#5076,#5075,#2809,.T.);
#6274=EDGE_CURVE('',#5076,#5070,#2810,.T.);
#6275=EDGE_CURVE('',#5077,#5076,#2811,.T.);
#6276=EDGE_CURVE('',#5077,#5071,#2812,.T.);
#6277=EDGE_CURVE('',#5078,#5077,#2813,.T.);
#6278=EDGE_CURVE('',#5078,#5072,#2814,.T.);
#6279=EDGE_CURVE('',#5073,#5078,#2815,.T.);
#6280=EDGE_CURVE('',#5079,#5079,#4367,.T.);
#6281=EDGE_CURVE('',#5079,#5080,#2816,.T.);
#6282=EDGE_CURVE('',#5080,#5080,#4368,.T.);
#6283=EDGE_CURVE('',#5080,#5081,#2817,.T.);
#6284=EDGE_CURVE('',#5081,#5081,#4369,.T.);
#6285=EDGE_CURVE('',#5082,#5082,#4370,.T.);
#6286=EDGE_CURVE('',#5082,#5083,#2818,.T.);
#6287=EDGE_CURVE('',#5083,#5083,#4371,.T.);
#6288=EDGE_CURVE('',#5084,#5085,#2819,.T.);
#6289=EDGE_CURVE('',#5086,#5084,#2820,.T.);
#6290=EDGE_CURVE('',#5087,#5086,#2821,.T.);
#6291=EDGE_CURVE('',#5088,#5087,#2822,.T.);
#6292=EDGE_CURVE('',#5089,#5088,#2823,.T.);
#6293=EDGE_CURVE('',#5085,#5089,#2824,.T.);
#6294=EDGE_CURVE('',#5090,#5085,#2825,.T.);
#6295=EDGE_CURVE('',#5091,#5090,#2826,.T.);
#6296=EDGE_CURVE('',#5091,#5084,#2827,.T.);
#6297=EDGE_CURVE('',#5092,#5091,#2828,.T.);
#6298=EDGE_CURVE('',#5092,#5086,#2829,.T.);
#6299=EDGE_CURVE('',#5093,#5092,#2830,.T.);
#6300=EDGE_CURVE('',#5093,#5087,#2831,.T.);
#6301=EDGE_CURVE('',#5094,#5093,#2832,.T.);
#6302=EDGE_CURVE('',#5094,#5088,#2833,.T.);
#6303=EDGE_CURVE('',#5095,#5094,#2834,.T.);
#6304=EDGE_CURVE('',#5095,#5089,#2835,.T.);
#6305=EDGE_CURVE('',#5090,#5095,#2836,.T.);
#6306=EDGE_CURVE('',#5096,#5096,#4372,.T.);
#6307=EDGE_CURVE('',#5096,#5097,#2837,.T.);
#6308=EDGE_CURVE('',#5097,#5097,#4373,.T.);
#6309=EDGE_CURVE('',#5097,#5098,#2838,.T.);
#6310=EDGE_CURVE('',#5098,#5098,#4374,.T.);
#6311=EDGE_CURVE('',#5099,#5099,#4375,.T.);
#6312=EDGE_CURVE('',#5099,#5100,#2839,.T.);
#6313=EDGE_CURVE('',#5100,#5100,#4376,.T.);
#6314=EDGE_CURVE('',#5101,#5102,#2840,.T.);
#6315=EDGE_CURVE('',#5103,#5101,#2841,.T.);
#6316=EDGE_CURVE('',#5104,#5103,#2842,.T.);
#6317=EDGE_CURVE('',#5105,#5104,#2843,.T.);
#6318=EDGE_CURVE('',#5106,#5105,#2844,.T.);
#6319=EDGE_CURVE('',#5102,#5106,#2845,.T.);
#6320=EDGE_CURVE('',#5107,#5102,#2846,.T.);
#6321=EDGE_CURVE('',#5108,#5107,#2847,.T.);
#6322=EDGE_CURVE('',#5108,#5101,#2848,.T.);
#6323=EDGE_CURVE('',#5109,#5108,#2849,.T.);
#6324=EDGE_CURVE('',#5109,#5103,#2850,.T.);
#6325=EDGE_CURVE('',#5110,#5109,#2851,.T.);
#6326=EDGE_CURVE('',#5110,#5104,#2852,.T.);
#6327=EDGE_CURVE('',#5111,#5110,#2853,.T.);
#6328=EDGE_CURVE('',#5111,#5105,#2854,.T.);
#6329=EDGE_CURVE('',#5112,#5111,#2855,.T.);
#6330=EDGE_CURVE('',#5112,#5106,#2856,.T.);
#6331=EDGE_CURVE('',#5107,#5112,#2857,.T.);
#6332=EDGE_CURVE('',#5113,#5113,#4377,.T.);
#6333=EDGE_CURVE('',#5113,#5114,#2858,.T.);
#6334=EDGE_CURVE('',#5114,#5114,#4378,.T.);
#6335=EDGE_CURVE('',#5115,#5115,#4379,.T.);
#6336=EDGE_CURVE('',#5115,#5116,#2859,.T.);
#6337=EDGE_CURVE('',#5116,#5116,#4380,.T.);
#6338=EDGE_CURVE('',#5117,#5117,#4381,.T.);
#6339=EDGE_CURVE('',#5117,#5118,#2860,.T.);
#6340=EDGE_CURVE('',#5118,#5118,#4382,.T.);
#6341=EDGE_CURVE('',#5119,#5117,#2861,.T.);
#6342=EDGE_CURVE('',#5120,#5120,#4383,.T.);
#6343=EDGE_CURVE('',#5120,#5121,#2862,.T.);
#6344=EDGE_CURVE('',#5121,#5121,#4384,.T.);
#6345=EDGE_CURVE('',#5122,#5122,#4385,.T.);
#6346=EDGE_CURVE('',#5122,#5123,#2863,.T.);
#6347=EDGE_CURVE('',#5123,#5123,#4386,.T.);
#6348=EDGE_CURVE('',#5124,#5125,#2864,.T.);
#6349=EDGE_CURVE('',#5126,#5124,#2865,.T.);
#6350=EDGE_CURVE('',#5127,#5126,#2866,.T.);
#6351=EDGE_CURVE('',#5128,#5127,#2867,.T.);
#6352=EDGE_CURVE('',#5129,#5128,#2868,.T.);
#6353=EDGE_CURVE('',#5125,#5129,#2869,.T.);
#6354=EDGE_CURVE('',#5130,#5124,#2870,.T.);
#6355=EDGE_CURVE('',#5131,#5130,#2871,.T.);
#6356=EDGE_CURVE('',#5131,#5126,#2872,.T.);
#6357=EDGE_CURVE('',#5132,#5131,#2873,.T.);
#6358=EDGE_CURVE('',#5132,#5127,#2874,.T.);
#6359=EDGE_CURVE('',#5133,#5132,#2875,.T.);
#6360=EDGE_CURVE('',#5133,#5128,#2876,.T.);
#6361=EDGE_CURVE('',#5134,#5133,#2877,.T.);
#6362=EDGE_CURVE('',#5134,#5129,#2878,.T.);
#6363=EDGE_CURVE('',#5135,#5134,#2879,.T.);
#6364=EDGE_CURVE('',#5135,#5125,#2880,.T.);
#6365=EDGE_CURVE('',#5130,#5135,#2881,.T.);
#6366=EDGE_CURVE('',#5136,#5136,#4387,.T.);
#6367=EDGE_CURVE('',#5136,#5137,#2882,.T.);
#6368=EDGE_CURVE('',#5137,#5137,#4388,.T.);
#6369=EDGE_CURVE('',#5137,#5138,#2883,.T.);
#6370=EDGE_CURVE('',#5138,#5138,#4389,.T.);
#6371=EDGE_CURVE('',#5139,#5139,#4390,.T.);
#6372=EDGE_CURVE('',#5139,#5140,#2884,.T.);
#6373=EDGE_CURVE('',#5140,#5140,#4391,.T.);
#6374=EDGE_CURVE('',#5141,#5142,#2885,.T.);
#6375=EDGE_CURVE('',#5143,#5141,#2886,.T.);
#6376=EDGE_CURVE('',#5144,#5143,#2887,.T.);
#6377=EDGE_CURVE('',#5145,#5144,#2888,.T.);
#6378=EDGE_CURVE('',#5146,#5145,#2889,.T.);
#6379=EDGE_CURVE('',#5142,#5146,#2890,.T.);
#6380=EDGE_CURVE('',#5147,#5142,#2891,.T.);
#6381=EDGE_CURVE('',#5148,#5147,#2892,.T.);
#6382=EDGE_CURVE('',#5148,#5141,#2893,.T.);
#6383=EDGE_CURVE('',#5149,#5148,#2894,.T.);
#6384=EDGE_CURVE('',#5149,#5143,#2895,.T.);
#6385=EDGE_CURVE('',#5150,#5149,#2896,.T.);
#6386=EDGE_CURVE('',#5150,#5144,#2897,.T.);
#6387=EDGE_CURVE('',#5151,#5150,#2898,.T.);
#6388=EDGE_CURVE('',#5151,#5145,#2899,.T.);
#6389=EDGE_CURVE('',#5152,#5151,#2900,.T.);
#6390=EDGE_CURVE('',#5152,#5146,#2901,.T.);
#6391=EDGE_CURVE('',#5147,#5152,#2902,.T.);
#6392=EDGE_CURVE('',#5153,#5153,#4392,.T.);
#6393=EDGE_CURVE('',#5153,#5154,#2903,.T.);
#6394=EDGE_CURVE('',#5154,#5154,#4393,.T.);
#6395=EDGE_CURVE('',#5155,#5155,#4394,.T.);
#6396=EDGE_CURVE('',#5155,#5156,#2904,.T.);
#6397=EDGE_CURVE('',#5156,#5156,#4395,.T.);
#6398=EDGE_CURVE('',#5157,#5157,#4396,.T.);
#6399=EDGE_CURVE('',#5157,#5158,#2905,.T.);
#6400=EDGE_CURVE('',#5158,#5158,#4397,.T.);
#6401=EDGE_CURVE('',#5159,#5159,#4398,.T.);
#6402=EDGE_CURVE('',#5159,#5160,#2906,.T.);
#6403=EDGE_CURVE('',#5160,#5160,#4399,.T.);
#6404=EDGE_CURVE('',#5161,#5161,#4400,.T.);
#6405=EDGE_CURVE('',#5161,#5162,#2907,.T.);
#6406=EDGE_CURVE('',#5162,#5162,#4401,.T.);
#6407=EDGE_CURVE('',#5163,#5163,#4402,.T.);
#6408=EDGE_CURVE('',#5163,#5164,#2908,.T.);
#6409=EDGE_CURVE('',#5164,#5164,#4403,.T.);
#6410=EDGE_CURVE('',#5165,#5165,#4404,.T.);
#6411=EDGE_CURVE('',#5165,#5166,#2909,.T.);
#6412=EDGE_CURVE('',#5166,#5166,#4405,.T.);
#6413=EDGE_CURVE('',#5167,#5167,#4406,.T.);
#6414=EDGE_CURVE('',#5167,#5168,#2910,.T.);
#6415=EDGE_CURVE('',#5168,#5168,#4407,.T.);
#6416=EDGE_CURVE('',#5169,#5169,#4408,.T.);
#6417=EDGE_CURVE('',#5169,#5170,#2911,.T.);
#6418=EDGE_CURVE('',#5170,#5170,#4409,.T.);
#6419=EDGE_CURVE('',#5171,#5171,#4410,.T.);
#6420=EDGE_CURVE('',#5171,#5172,#2912,.T.);
#6421=EDGE_CURVE('',#5172,#5172,#4411,.T.);
#6422=EDGE_CURVE('',#5173,#5173,#4412,.T.);
#6423=EDGE_CURVE('',#5173,#5174,#2913,.T.);
#6424=EDGE_CURVE('',#5174,#5174,#4413,.T.);
#6425=EDGE_CURVE('',#5174,#5175,#2914,.T.);
#6426=EDGE_CURVE('',#5175,#5175,#4414,.T.);
#6427=EDGE_CURVE('',#5176,#5176,#4415,.T.);
#6428=EDGE_CURVE('',#5176,#5177,#2915,.T.);
#6429=EDGE_CURVE('',#5177,#5177,#4416,.T.);
#6430=EDGE_CURVE('',#5178,#5179,#2916,.T.);
#6431=EDGE_CURVE('',#5180,#5178,#2917,.T.);
#6432=EDGE_CURVE('',#5181,#5180,#2918,.T.);
#6433=EDGE_CURVE('',#5182,#5181,#2919,.T.);
#6434=EDGE_CURVE('',#5183,#5182,#2920,.T.);
#6435=EDGE_CURVE('',#5179,#5183,#2921,.T.);
#6436=EDGE_CURVE('',#5184,#5179,#2922,.T.);
#6437=EDGE_CURVE('',#5185,#5184,#2923,.T.);
#6438=EDGE_CURVE('',#5185,#5178,#2924,.T.);
#6439=EDGE_CURVE('',#5186,#5185,#2925,.T.);
#6440=EDGE_CURVE('',#5186,#5180,#2926,.T.);
#6441=EDGE_CURVE('',#5187,#5186,#2927,.T.);
#6442=EDGE_CURVE('',#5187,#5181,#2928,.T.);
#6443=EDGE_CURVE('',#5188,#5187,#2929,.T.);
#6444=EDGE_CURVE('',#5188,#5182,#2930,.T.);
#6445=EDGE_CURVE('',#5189,#5188,#2931,.T.);
#6446=EDGE_CURVE('',#5189,#5183,#2932,.T.);
#6447=EDGE_CURVE('',#5184,#5189,#2933,.T.);
#6448=EDGE_CURVE('',#5190,#5190,#4417,.T.);
#6449=EDGE_CURVE('',#5190,#5191,#2934,.T.);
#6450=EDGE_CURVE('',#5191,#5191,#4418,.T.);
#6451=EDGE_CURVE('',#5191,#5192,#2935,.T.);
#6452=EDGE_CURVE('',#5192,#5192,#4419,.T.);
#6453=EDGE_CURVE('',#5193,#5193,#4420,.T.);
#6454=EDGE_CURVE('',#5193,#5194,#2936,.T.);
#6455=EDGE_CURVE('',#5194,#5194,#4421,.T.);
#6456=EDGE_CURVE('',#5195,#5196,#2937,.T.);
#6457=EDGE_CURVE('',#5197,#5195,#2938,.T.);
#6458=EDGE_CURVE('',#5198,#5197,#2939,.T.);
#6459=EDGE_CURVE('',#5199,#5198,#2940,.T.);
#6460=EDGE_CURVE('',#5200,#5199,#2941,.T.);
#6461=EDGE_CURVE('',#5196,#5200,#2942,.T.);
#6462=EDGE_CURVE('',#5201,#5196,#2943,.T.);
#6463=EDGE_CURVE('',#5202,#5201,#2944,.T.);
#6464=EDGE_CURVE('',#5202,#5195,#2945,.T.);
#6465=EDGE_CURVE('',#5203,#5202,#2946,.T.);
#6466=EDGE_CURVE('',#5203,#5197,#2947,.T.);
#6467=EDGE_CURVE('',#5204,#5203,#2948,.T.);
#6468=EDGE_CURVE('',#5204,#5198,#2949,.T.);
#6469=EDGE_CURVE('',#5205,#5204,#2950,.T.);
#6470=EDGE_CURVE('',#5205,#5199,#2951,.T.);
#6471=EDGE_CURVE('',#5206,#5205,#2952,.T.);
#6472=EDGE_CURVE('',#5206,#5200,#2953,.T.);
#6473=EDGE_CURVE('',#5201,#5206,#2954,.T.);
#6474=EDGE_CURVE('',#5207,#5207,#4422,.T.);
#6475=EDGE_CURVE('',#5207,#5208,#2955,.T.);
#6476=EDGE_CURVE('',#5208,#5208,#4423,.T.);
#6477=EDGE_CURVE('',#5208,#5209,#2956,.T.);
#6478=EDGE_CURVE('',#5209,#5209,#4424,.T.);
#6479=EDGE_CURVE('',#5210,#5210,#4425,.T.);
#6480=EDGE_CURVE('',#5210,#5211,#2957,.T.);
#6481=EDGE_CURVE('',#5211,#5211,#4426,.T.);
#6482=EDGE_CURVE('',#5212,#5213,#2958,.T.);
#6483=EDGE_CURVE('',#5214,#5212,#2959,.T.);
#6484=EDGE_CURVE('',#5215,#5214,#2960,.T.);
#6485=EDGE_CURVE('',#5216,#5215,#2961,.T.);
#6486=EDGE_CURVE('',#5217,#5216,#2962,.T.);
#6487=EDGE_CURVE('',#5213,#5217,#2963,.T.);
#6488=EDGE_CURVE('',#5218,#5213,#2964,.T.);
#6489=EDGE_CURVE('',#5219,#5218,#2965,.T.);
#6490=EDGE_CURVE('',#5219,#5212,#2966,.T.);
#6491=EDGE_CURVE('',#5220,#5219,#2967,.T.);
#6492=EDGE_CURVE('',#5220,#5214,#2968,.T.);
#6493=EDGE_CURVE('',#5221,#5220,#2969,.T.);
#6494=EDGE_CURVE('',#5221,#5215,#2970,.T.);
#6495=EDGE_CURVE('',#5222,#5221,#2971,.T.);
#6496=EDGE_CURVE('',#5222,#5216,#2972,.T.);
#6497=EDGE_CURVE('',#5223,#5222,#2973,.T.);
#6498=EDGE_CURVE('',#5223,#5217,#2974,.T.);
#6499=EDGE_CURVE('',#5218,#5223,#2975,.T.);
#6500=EDGE_CURVE('',#5224,#5224,#4427,.T.);
#6501=EDGE_CURVE('',#5224,#5225,#2976,.T.);
#6502=EDGE_CURVE('',#5225,#5225,#4428,.T.);
#6503=EDGE_CURVE('',#5226,#5226,#4429,.T.);
#6504=EDGE_CURVE('',#5226,#5227,#2977,.T.);
#6505=EDGE_CURVE('',#5227,#5227,#4430,.T.);
#6506=EDGE_CURVE('',#5228,#5228,#4431,.T.);
#6507=EDGE_CURVE('',#5228,#5229,#2978,.T.);
#6508=EDGE_CURVE('',#5229,#5229,#4432,.T.);
#6509=EDGE_CURVE('',#5230,#5230,#4433,.T.);
#6510=EDGE_CURVE('',#5230,#5231,#2979,.T.);
#6511=EDGE_CURVE('',#5231,#5231,#4434,.T.);
#6512=EDGE_CURVE('',#5232,#5232,#4435,.T.);
#6513=EDGE_CURVE('',#5232,#5233,#2980,.T.);
#6514=EDGE_CURVE('',#5233,#5233,#4436,.T.);
#6515=EDGE_CURVE('',#5234,#5234,#4437,.T.);
#6516=EDGE_CURVE('',#5234,#5235,#2981,.T.);
#6517=EDGE_CURVE('',#5235,#5235,#4438,.T.);
#6518=EDGE_CURVE('',#5236,#5236,#4439,.T.);
#6519=EDGE_CURVE('',#5236,#5237,#2982,.T.);
#6520=EDGE_CURVE('',#5237,#5237,#4440,.T.);
#6521=EDGE_CURVE('',#5238,#5236,#2983,.T.);
#6522=EDGE_CURVE('',#5239,#5239,#4441,.T.);
#6523=EDGE_CURVE('',#5239,#5240,#2984,.T.);
#6524=EDGE_CURVE('',#5240,#5240,#4442,.T.);
#6525=EDGE_CURVE('',#5241,#5241,#4443,.T.);
#6526=EDGE_CURVE('',#5241,#5242,#2985,.T.);
#6527=EDGE_CURVE('',#5242,#5242,#4444,.T.);
#6528=EDGE_CURVE('',#5243,#5244,#2986,.T.);
#6529=EDGE_CURVE('',#5245,#5243,#2987,.T.);
#6530=EDGE_CURVE('',#5246,#5245,#2988,.T.);
#6531=EDGE_CURVE('',#5247,#5246,#2989,.T.);
#6532=EDGE_CURVE('',#5248,#5247,#2990,.T.);
#6533=EDGE_CURVE('',#5244,#5248,#2991,.T.);
#6534=EDGE_CURVE('',#5249,#5243,#2992,.T.);
#6535=EDGE_CURVE('',#5250,#5249,#2993,.T.);
#6536=EDGE_CURVE('',#5250,#5245,#2994,.T.);
#6537=EDGE_CURVE('',#5251,#5250,#2995,.T.);
#6538=EDGE_CURVE('',#5251,#5246,#2996,.T.);
#6539=EDGE_CURVE('',#5252,#5251,#2997,.T.);
#6540=EDGE_CURVE('',#5252,#5247,#2998,.T.);
#6541=EDGE_CURVE('',#5253,#5252,#2999,.T.);
#6542=EDGE_CURVE('',#5253,#5248,#3000,.T.);
#6543=EDGE_CURVE('',#5254,#5253,#3001,.T.);
#6544=EDGE_CURVE('',#5254,#5244,#3002,.T.);
#6545=EDGE_CURVE('',#5249,#5254,#3003,.T.);
#6546=EDGE_CURVE('',#5255,#5255,#4445,.T.);
#6547=EDGE_CURVE('',#5255,#5256,#3004,.T.);
#6548=EDGE_CURVE('',#5256,#5256,#4446,.T.);
#6549=EDGE_CURVE('',#5257,#5255,#3005,.T.);
#6550=EDGE_CURVE('',#5258,#5258,#4447,.T.);
#6551=EDGE_CURVE('',#5258,#5259,#3006,.T.);
#6552=EDGE_CURVE('',#5259,#5259,#4448,.T.);
#6553=EDGE_CURVE('',#5260,#5260,#4449,.T.);
#6554=EDGE_CURVE('',#5260,#5261,#3007,.T.);
#6555=EDGE_CURVE('',#5261,#5261,#4450,.T.);
#6556=EDGE_CURVE('',#5262,#5263,#3008,.T.);
#6557=EDGE_CURVE('',#5264,#5262,#3009,.T.);
#6558=EDGE_CURVE('',#5265,#5264,#3010,.T.);
#6559=EDGE_CURVE('',#5266,#5265,#3011,.T.);
#6560=EDGE_CURVE('',#5267,#5266,#3012,.T.);
#6561=EDGE_CURVE('',#5263,#5267,#3013,.T.);
#6562=EDGE_CURVE('',#5268,#5262,#3014,.T.);
#6563=EDGE_CURVE('',#5269,#5268,#3015,.T.);
#6564=EDGE_CURVE('',#5269,#5264,#3016,.T.);
#6565=EDGE_CURVE('',#5270,#5269,#3017,.T.);
#6566=EDGE_CURVE('',#5270,#5265,#3018,.T.);
#6567=EDGE_CURVE('',#5271,#5270,#3019,.T.);
#6568=EDGE_CURVE('',#5271,#5266,#3020,.T.);
#6569=EDGE_CURVE('',#5272,#5271,#3021,.T.);
#6570=EDGE_CURVE('',#5272,#5267,#3022,.T.);
#6571=EDGE_CURVE('',#5273,#5272,#3023,.T.);
#6572=EDGE_CURVE('',#5273,#5263,#3024,.T.);
#6573=EDGE_CURVE('',#5268,#5273,#3025,.T.);
#6574=EDGE_CURVE('',#5274,#5274,#4451,.T.);
#6575=EDGE_CURVE('',#5274,#5275,#3026,.T.);
#6576=EDGE_CURVE('',#5275,#5275,#4452,.T.);
#6577=EDGE_CURVE('',#5276,#5274,#3027,.T.);
#6578=EDGE_CURVE('',#5277,#5277,#4453,.T.);
#6579=EDGE_CURVE('',#5277,#5278,#3028,.T.);
#6580=EDGE_CURVE('',#5278,#5278,#4454,.T.);
#6581=EDGE_CURVE('',#5279,#5279,#4455,.T.);
#6582=EDGE_CURVE('',#5279,#5280,#3029,.T.);
#6583=EDGE_CURVE('',#5280,#5280,#4456,.T.);
#6584=EDGE_CURVE('',#5281,#5282,#3030,.T.);
#6585=EDGE_CURVE('',#5283,#5281,#3031,.T.);
#6586=EDGE_CURVE('',#5284,#5283,#3032,.T.);
#6587=EDGE_CURVE('',#5285,#5284,#3033,.T.);
#6588=EDGE_CURVE('',#5286,#5285,#3034,.T.);
#6589=EDGE_CURVE('',#5282,#5286,#3035,.T.);
#6590=EDGE_CURVE('',#5287,#5281,#3036,.T.);
#6591=EDGE_CURVE('',#5288,#5287,#3037,.T.);
#6592=EDGE_CURVE('',#5288,#5283,#3038,.T.);
#6593=EDGE_CURVE('',#5289,#5288,#3039,.T.);
#6594=EDGE_CURVE('',#5289,#5284,#3040,.T.);
#6595=EDGE_CURVE('',#5290,#5289,#3041,.T.);
#6596=EDGE_CURVE('',#5290,#5285,#3042,.T.);
#6597=EDGE_CURVE('',#5291,#5290,#3043,.T.);
#6598=EDGE_CURVE('',#5291,#5286,#3044,.T.);
#6599=EDGE_CURVE('',#5292,#5291,#3045,.T.);
#6600=EDGE_CURVE('',#5292,#5282,#3046,.T.);
#6601=EDGE_CURVE('',#5287,#5292,#3047,.T.);
#6602=EDGE_CURVE('',#5293,#5293,#4457,.T.);
#6603=EDGE_CURVE('',#5293,#5294,#3048,.T.);
#6604=EDGE_CURVE('',#5294,#5294,#4458,.T.);
#6605=EDGE_CURVE('',#5294,#5295,#3049,.T.);
#6606=EDGE_CURVE('',#5295,#5295,#4459,.T.);
#6607=EDGE_CURVE('',#5296,#5296,#4460,.T.);
#6608=EDGE_CURVE('',#5296,#5297,#3050,.T.);
#6609=EDGE_CURVE('',#5297,#5297,#4461,.T.);
#6610=EDGE_CURVE('',#5298,#5299,#3051,.T.);
#6611=EDGE_CURVE('',#5300,#5298,#3052,.T.);
#6612=EDGE_CURVE('',#5301,#5300,#3053,.T.);
#6613=EDGE_CURVE('',#5302,#5301,#3054,.T.);
#6614=EDGE_CURVE('',#5303,#5302,#3055,.T.);
#6615=EDGE_CURVE('',#5299,#5303,#3056,.T.);
#6616=EDGE_CURVE('',#5304,#5298,#3057,.T.);
#6617=EDGE_CURVE('',#5305,#5304,#3058,.T.);
#6618=EDGE_CURVE('',#5305,#5300,#3059,.T.);
#6619=EDGE_CURVE('',#5306,#5305,#3060,.T.);
#6620=EDGE_CURVE('',#5306,#5301,#3061,.T.);
#6621=EDGE_CURVE('',#5307,#5306,#3062,.T.);
#6622=EDGE_CURVE('',#5307,#5302,#3063,.T.);
#6623=EDGE_CURVE('',#5308,#5307,#3064,.T.);
#6624=EDGE_CURVE('',#5308,#5303,#3065,.T.);
#6625=EDGE_CURVE('',#5309,#5308,#3066,.T.);
#6626=EDGE_CURVE('',#5309,#5299,#3067,.T.);
#6627=EDGE_CURVE('',#5304,#5309,#3068,.T.);
#6628=EDGE_CURVE('',#5310,#5310,#4462,.T.);
#6629=EDGE_CURVE('',#5310,#5311,#3069,.T.);
#6630=EDGE_CURVE('',#5311,#5311,#4463,.T.);
#6631=EDGE_CURVE('',#5312,#5312,#4464,.T.);
#6632=EDGE_CURVE('',#5312,#5313,#3070,.T.);
#6633=EDGE_CURVE('',#5313,#5313,#4465,.T.);
#6634=EDGE_CURVE('',#5314,#5314,#4466,.T.);
#6635=EDGE_CURVE('',#5314,#5315,#3071,.T.);
#6636=EDGE_CURVE('',#5315,#5315,#4467,.T.);
#6637=EDGE_CURVE('',#5315,#5316,#3072,.T.);
#6638=EDGE_CURVE('',#5316,#5316,#4468,.T.);
#6639=EDGE_CURVE('',#5317,#5317,#4469,.T.);
#6640=EDGE_CURVE('',#5317,#5318,#3073,.T.);
#6641=EDGE_CURVE('',#5318,#5318,#4470,.T.);
#6642=EDGE_CURVE('',#5319,#5320,#3074,.T.);
#6643=EDGE_CURVE('',#5321,#5319,#3075,.T.);
#6644=EDGE_CURVE('',#5322,#5321,#3076,.T.);
#6645=EDGE_CURVE('',#5323,#5322,#3077,.T.);
#6646=EDGE_CURVE('',#5324,#5323,#3078,.T.);
#6647=EDGE_CURVE('',#5320,#5324,#3079,.T.);
#6648=EDGE_CURVE('',#5325,#5319,#3080,.T.);
#6649=EDGE_CURVE('',#5326,#5325,#3081,.T.);
#6650=EDGE_CURVE('',#5326,#5321,#3082,.T.);
#6651=EDGE_CURVE('',#5327,#5326,#3083,.T.);
#6652=EDGE_CURVE('',#5327,#5322,#3084,.T.);
#6653=EDGE_CURVE('',#5328,#5327,#3085,.T.);
#6654=EDGE_CURVE('',#5328,#5323,#3086,.T.);
#6655=EDGE_CURVE('',#5329,#5328,#3087,.T.);
#6656=EDGE_CURVE('',#5329,#5324,#3088,.T.);
#6657=EDGE_CURVE('',#5330,#5329,#3089,.T.);
#6658=EDGE_CURVE('',#5330,#5320,#3090,.T.);
#6659=EDGE_CURVE('',#5325,#5330,#3091,.T.);
#6660=EDGE_CURVE('',#5331,#5331,#4471,.T.);
#6661=EDGE_CURVE('',#5331,#5332,#3092,.T.);
#6662=EDGE_CURVE('',#5332,#5332,#4472,.T.);
#6663=EDGE_CURVE('',#5333,#5333,#4473,.T.);
#6664=EDGE_CURVE('',#5333,#5334,#3093,.T.);
#6665=EDGE_CURVE('',#5334,#5334,#4474,.T.);
#6666=EDGE_CURVE('',#5335,#5335,#4475,.T.);
#6667=EDGE_CURVE('',#5335,#5336,#3094,.T.);
#6668=EDGE_CURVE('',#5336,#5336,#4476,.T.);
#6669=EDGE_CURVE('',#5336,#5337,#3095,.T.);
#6670=EDGE_CURVE('',#5337,#5337,#4477,.T.);
#6671=EDGE_CURVE('',#5338,#5338,#4478,.T.);
#6672=EDGE_CURVE('',#5338,#5339,#3096,.T.);
#6673=EDGE_CURVE('',#5339,#5339,#4479,.T.);
#6674=EDGE_CURVE('',#5340,#5341,#3097,.T.);
#6675=EDGE_CURVE('',#5342,#5340,#3098,.T.);
#6676=EDGE_CURVE('',#5343,#5342,#3099,.T.);
#6677=EDGE_CURVE('',#5344,#5343,#3100,.T.);
#6678=EDGE_CURVE('',#5345,#5344,#3101,.T.);
#6679=EDGE_CURVE('',#5341,#5345,#3102,.T.);
#6680=EDGE_CURVE('',#5346,#5340,#3103,.T.);
#6681=EDGE_CURVE('',#5347,#5346,#3104,.T.);
#6682=EDGE_CURVE('',#5347,#5342,#3105,.T.);
#6683=EDGE_CURVE('',#5348,#5347,#3106,.T.);
#6684=EDGE_CURVE('',#5348,#5343,#3107,.T.);
#6685=EDGE_CURVE('',#5349,#5348,#3108,.T.);
#6686=EDGE_CURVE('',#5349,#5344,#3109,.T.);
#6687=EDGE_CURVE('',#5350,#5349,#3110,.T.);
#6688=EDGE_CURVE('',#5350,#5345,#3111,.T.);
#6689=EDGE_CURVE('',#5351,#5350,#3112,.T.);
#6690=EDGE_CURVE('',#5351,#5341,#3113,.T.);
#6691=EDGE_CURVE('',#5346,#5351,#3114,.T.);
#6692=EDGE_CURVE('',#5352,#5352,#4480,.T.);
#6693=EDGE_CURVE('',#5352,#5353,#3115,.T.);
#6694=EDGE_CURVE('',#5353,#5353,#4481,.T.);
#6695=EDGE_CURVE('',#5354,#5354,#4482,.T.);
#6696=EDGE_CURVE('',#5354,#5355,#3116,.T.);
#6697=EDGE_CURVE('',#5355,#5355,#4483,.T.);
#6698=EDGE_CURVE('',#5356,#5356,#4484,.T.);
#6699=EDGE_CURVE('',#5356,#5357,#3117,.T.);
#6700=EDGE_CURVE('',#5357,#5357,#4485,.T.);
#6701=EDGE_CURVE('',#5357,#5358,#3118,.T.);
#6702=EDGE_CURVE('',#5358,#5358,#4486,.T.);
#6703=EDGE_CURVE('',#5359,#5359,#4487,.T.);
#6704=EDGE_CURVE('',#5359,#5360,#3119,.T.);
#6705=EDGE_CURVE('',#5360,#5360,#4488,.T.);
#6706=EDGE_CURVE('',#5361,#5362,#3120,.T.);
#6707=EDGE_CURVE('',#5363,#5361,#3121,.T.);
#6708=EDGE_CURVE('',#5364,#5363,#3122,.T.);
#6709=EDGE_CURVE('',#5365,#5364,#3123,.T.);
#6710=EDGE_CURVE('',#5366,#5365,#3124,.T.);
#6711=EDGE_CURVE('',#5362,#5366,#3125,.T.);
#6712=EDGE_CURVE('',#5367,#5361,#3126,.T.);
#6713=EDGE_CURVE('',#5368,#5367,#3127,.T.);
#6714=EDGE_CURVE('',#5368,#5363,#3128,.T.);
#6715=EDGE_CURVE('',#5369,#5368,#3129,.T.);
#6716=EDGE_CURVE('',#5369,#5364,#3130,.T.);
#6717=EDGE_CURVE('',#5370,#5369,#3131,.T.);
#6718=EDGE_CURVE('',#5370,#5365,#3132,.T.);
#6719=EDGE_CURVE('',#5371,#5370,#3133,.T.);
#6720=EDGE_CURVE('',#5371,#5366,#3134,.T.);
#6721=EDGE_CURVE('',#5372,#5371,#3135,.T.);
#6722=EDGE_CURVE('',#5372,#5362,#3136,.T.);
#6723=EDGE_CURVE('',#5367,#5372,#3137,.T.);
#6724=EDGE_CURVE('',#5373,#5373,#4489,.T.);
#6725=EDGE_CURVE('',#5373,#5374,#3138,.T.);
#6726=EDGE_CURVE('',#5374,#5374,#4490,.T.);
#6727=EDGE_CURVE('',#5375,#5375,#4491,.T.);
#6728=EDGE_CURVE('',#5375,#5376,#3139,.T.);
#6729=EDGE_CURVE('',#5376,#5376,#4492,.T.);
#6730=ORIENTED_EDGE('',*,*,#5377,.F.);
#6731=ORIENTED_EDGE('',*,*,#5378,.T.);
#6732=ORIENTED_EDGE('',*,*,#5379,.F.);
#6733=ORIENTED_EDGE('',*,*,#5378,.F.);
#6734=ORIENTED_EDGE('',*,*,#5380,.F.);
#6735=ORIENTED_EDGE('',*,*,#5381,.T.);
#6736=ORIENTED_EDGE('',*,*,#5377,.T.);
#6737=ORIENTED_EDGE('',*,*,#5381,.F.);
#6738=ORIENTED_EDGE('',*,*,#5382,.F.);
#6739=ORIENTED_EDGE('',*,*,#5383,.T.);
#6740=ORIENTED_EDGE('',*,*,#5384,.T.);
#6741=ORIENTED_EDGE('',*,*,#5383,.F.);
#6742=ORIENTED_EDGE('',*,*,#5385,.F.);
#6743=ORIENTED_EDGE('',*,*,#5386,.T.);
#6744=ORIENTED_EDGE('',*,*,#5382,.T.);
#6745=ORIENTED_EDGE('',*,*,#5386,.F.);
#6746=ORIENTED_EDGE('',*,*,#5387,.F.);
#6747=ORIENTED_EDGE('',*,*,#5388,.T.);
#6748=ORIENTED_EDGE('',*,*,#5385,.T.);
#6749=ORIENTED_EDGE('',*,*,#5388,.F.);
#6750=ORIENTED_EDGE('',*,*,#5389,.F.);
#6751=ORIENTED_EDGE('',*,*,#5390,.T.);
#6752=ORIENTED_EDGE('',*,*,#5391,.T.);
#6753=ORIENTED_EDGE('',*,*,#5390,.F.);
#6754=ORIENTED_EDGE('',*,*,#5389,.T.);
#6755=ORIENTED_EDGE('',*,*,#5391,.F.);
#6756=ORIENTED_EDGE('',*,*,#5387,.T.);
#6757=ORIENTED_EDGE('',*,*,#5380,.T.);
#6758=ORIENTED_EDGE('',*,*,#5384,.F.);
#6759=ORIENTED_EDGE('',*,*,#5379,.T.);
#6760=ORIENTED_EDGE('',*,*,#5392,.F.);
#6761=ORIENTED_EDGE('',*,*,#5393,.T.);
#6762=ORIENTED_EDGE('',*,*,#5394,.T.);
#6763=ORIENTED_EDGE('',*,*,#5395,.F.);
#6764=ORIENTED_EDGE('',*,*,#5396,.T.);
#6765=ORIENTED_EDGE('',*,*,#5397,.F.);
#6766=ORIENTED_EDGE('',*,*,#5398,.F.);
#6767=ORIENTED_EDGE('',*,*,#5399,.T.);
#6768=ORIENTED_EDGE('',*,*,#5400,.T.);
#6769=ORIENTED_EDGE('',*,*,#5401,.F.);
#6770=ORIENTED_EDGE('',*,*,#5402,.F.);
#6771=ORIENTED_EDGE('',*,*,#5397,.T.);
#6772=ORIENTED_EDGE('',*,*,#5403,.T.);
#6773=ORIENTED_EDGE('',*,*,#5404,.F.);
#6774=ORIENTED_EDGE('',*,*,#5405,.F.);
#6775=ORIENTED_EDGE('',*,*,#5401,.T.);
#6776=ORIENTED_EDGE('',*,*,#5406,.T.);
#6777=ORIENTED_EDGE('',*,*,#5407,.F.);
#6778=ORIENTED_EDGE('',*,*,#5408,.F.);
#6779=ORIENTED_EDGE('',*,*,#5404,.T.);
#6780=ORIENTED_EDGE('',*,*,#5409,.T.);
#6781=ORIENTED_EDGE('',*,*,#5410,.F.);
#6782=ORIENTED_EDGE('',*,*,#5411,.F.);
#6783=ORIENTED_EDGE('',*,*,#5407,.T.);
#6784=ORIENTED_EDGE('',*,*,#5412,.T.);
#6785=ORIENTED_EDGE('',*,*,#5413,.F.);
#6786=ORIENTED_EDGE('',*,*,#5414,.F.);
#6787=ORIENTED_EDGE('',*,*,#5410,.T.);
#6788=ORIENTED_EDGE('',*,*,#5415,.T.);
#6789=ORIENTED_EDGE('',*,*,#5416,.F.);
#6790=ORIENTED_EDGE('',*,*,#5417,.F.);
#6791=ORIENTED_EDGE('',*,*,#5413,.T.);
#6792=ORIENTED_EDGE('',*,*,#5418,.T.);
#6793=ORIENTED_EDGE('',*,*,#5419,.F.);
#6794=ORIENTED_EDGE('',*,*,#5420,.F.);
#6795=ORIENTED_EDGE('',*,*,#5416,.T.);
#6796=ORIENTED_EDGE('',*,*,#5421,.T.);
#6797=ORIENTED_EDGE('',*,*,#5422,.F.);
#6798=ORIENTED_EDGE('',*,*,#5423,.F.);
#6799=ORIENTED_EDGE('',*,*,#5419,.T.);
#6800=ORIENTED_EDGE('',*,*,#5424,.T.);
#6801=ORIENTED_EDGE('',*,*,#5393,.F.);
#6802=ORIENTED_EDGE('',*,*,#5425,.F.);
#6803=ORIENTED_EDGE('',*,*,#5422,.T.);
#6804=ORIENTED_EDGE('',*,*,#5426,.T.);
#6805=ORIENTED_EDGE('',*,*,#5399,.F.);
#6806=ORIENTED_EDGE('',*,*,#5427,.F.);
#6807=ORIENTED_EDGE('',*,*,#5395,.T.);
#6808=ORIENTED_EDGE('',*,*,#5398,.T.);
#6809=ORIENTED_EDGE('',*,*,#5402,.T.);
#6810=ORIENTED_EDGE('',*,*,#5405,.T.);
#6811=ORIENTED_EDGE('',*,*,#5408,.T.);
#6812=ORIENTED_EDGE('',*,*,#5411,.T.);
#6813=ORIENTED_EDGE('',*,*,#5414,.T.);
#6814=ORIENTED_EDGE('',*,*,#5417,.T.);
#6815=ORIENTED_EDGE('',*,*,#5420,.T.);
#6816=ORIENTED_EDGE('',*,*,#5423,.T.);
#6817=ORIENTED_EDGE('',*,*,#5425,.T.);
#6818=ORIENTED_EDGE('',*,*,#5392,.T.);
#6819=ORIENTED_EDGE('',*,*,#5427,.T.);
#6820=ORIENTED_EDGE('',*,*,#5396,.F.);
#6821=ORIENTED_EDGE('',*,*,#5426,.F.);
#6822=ORIENTED_EDGE('',*,*,#5394,.F.);
#6823=ORIENTED_EDGE('',*,*,#5424,.F.);
#6824=ORIENTED_EDGE('',*,*,#5421,.F.);
#6825=ORIENTED_EDGE('',*,*,#5418,.F.);
#6826=ORIENTED_EDGE('',*,*,#5415,.F.);
#6827=ORIENTED_EDGE('',*,*,#5412,.F.);
#6828=ORIENTED_EDGE('',*,*,#5409,.F.);
#6829=ORIENTED_EDGE('',*,*,#5406,.F.);
#6830=ORIENTED_EDGE('',*,*,#5403,.F.);
#6831=ORIENTED_EDGE('',*,*,#5400,.F.);
#6832=ORIENTED_EDGE('',*,*,#5428,.F.);
#6833=ORIENTED_EDGE('',*,*,#5429,.T.);
#6834=ORIENTED_EDGE('',*,*,#5430,.T.);
#6835=ORIENTED_EDGE('',*,*,#5429,.F.);
#6836=ORIENTED_EDGE('',*,*,#5431,.F.);
#6837=ORIENTED_EDGE('',*,*,#5432,.T.);
#6838=ORIENTED_EDGE('',*,*,#5433,.T.);
#6839=ORIENTED_EDGE('',*,*,#5432,.F.);
#6840=ORIENTED_EDGE('',*,*,#5430,.F.);
#6841=ORIENTED_EDGE('',*,*,#5431,.T.);
#6842=ORIENTED_EDGE('',*,*,#5428,.T.);
#6843=ORIENTED_EDGE('',*,*,#5433,.F.);
#6844=ORIENTED_EDGE('',*,*,#5434,.T.);
#6845=ORIENTED_EDGE('',*,*,#5435,.T.);
#6846=ORIENTED_EDGE('',*,*,#5436,.F.);
#6847=ORIENTED_EDGE('',*,*,#5435,.F.);
#6848=ORIENTED_EDGE('',*,*,#5437,.T.);
#6849=ORIENTED_EDGE('',*,*,#5438,.T.);
#6850=ORIENTED_EDGE('',*,*,#5439,.F.);
#6851=ORIENTED_EDGE('',*,*,#5438,.F.);
#6852=ORIENTED_EDGE('',*,*,#5440,.F.);
#6853=ORIENTED_EDGE('',*,*,#5441,.T.);
#6854=ORIENTED_EDGE('',*,*,#5442,.T.);
#6855=ORIENTED_EDGE('',*,*,#5441,.F.);
#6856=ORIENTED_EDGE('',*,*,#5436,.T.);
#6857=ORIENTED_EDGE('',*,*,#5440,.T.);
#6858=ORIENTED_EDGE('',*,*,#5437,.F.);
#6859=ORIENTED_EDGE('',*,*,#5434,.F.);
#6860=ORIENTED_EDGE('',*,*,#5442,.F.);
#6861=ORIENTED_EDGE('',*,*,#5439,.T.);
#6862=ORIENTED_EDGE('',*,*,#5443,.F.);
#6863=ORIENTED_EDGE('',*,*,#5444,.T.);
#6864=ORIENTED_EDGE('',*,*,#5445,.T.);
#6865=ORIENTED_EDGE('',*,*,#5444,.F.);
#6866=ORIENTED_EDGE('',*,*,#5446,.T.);
#6867=ORIENTED_EDGE('',*,*,#5443,.T.);
#6868=ORIENTED_EDGE('',*,*,#5446,.F.);
#6869=ORIENTED_EDGE('',*,*,#5447,.F.);
#6870=ORIENTED_EDGE('',*,*,#5448,.T.);
#6871=ORIENTED_EDGE('',*,*,#5449,.T.);
#6872=ORIENTED_EDGE('',*,*,#5448,.F.);
#6873=ORIENTED_EDGE('',*,*,#5445,.F.);
#6874=ORIENTED_EDGE('',*,*,#5450,.T.);
#6875=ORIENTED_EDGE('',*,*,#5447,.T.);
#6876=ORIENTED_EDGE('',*,*,#5450,.F.);
#6877=ORIENTED_EDGE('',*,*,#5451,.F.);
#6878=ORIENTED_EDGE('',*,*,#5452,.T.);
#6879=ORIENTED_EDGE('',*,*,#5453,.T.);
#6880=ORIENTED_EDGE('',*,*,#5452,.F.);
#6881=ORIENTED_EDGE('',*,*,#5454,.T.);
#6882=ORIENTED_EDGE('',*,*,#5451,.T.);
#6883=ORIENTED_EDGE('',*,*,#5454,.F.);
#6884=ORIENTED_EDGE('',*,*,#5455,.F.);
#6885=ORIENTED_EDGE('',*,*,#5456,.T.);
#6886=ORIENTED_EDGE('',*,*,#5457,.T.);
#6887=ORIENTED_EDGE('',*,*,#5456,.F.);
#6888=ORIENTED_EDGE('',*,*,#5453,.F.);
#6889=ORIENTED_EDGE('',*,*,#5458,.T.);
#6890=ORIENTED_EDGE('',*,*,#5455,.T.);
#6891=ORIENTED_EDGE('',*,*,#5458,.F.);
#6892=ORIENTED_EDGE('',*,*,#5459,.F.);
#6893=ORIENTED_EDGE('',*,*,#5460,.T.);
#6894=ORIENTED_EDGE('',*,*,#5461,.T.);
#6895=ORIENTED_EDGE('',*,*,#5460,.F.);
#6896=ORIENTED_EDGE('',*,*,#5462,.F.);
#6897=ORIENTED_EDGE('',*,*,#5463,.T.);
#6898=ORIENTED_EDGE('',*,*,#5459,.T.);
#6899=ORIENTED_EDGE('',*,*,#5463,.F.);
#6900=ORIENTED_EDGE('',*,*,#5464,.F.);
#6901=ORIENTED_EDGE('',*,*,#5465,.T.);
#6902=ORIENTED_EDGE('',*,*,#5466,.T.);
#6903=ORIENTED_EDGE('',*,*,#5465,.F.);
#6904=ORIENTED_EDGE('',*,*,#5467,.T.);
#6905=ORIENTED_EDGE('',*,*,#5464,.T.);
#6906=ORIENTED_EDGE('',*,*,#5467,.F.);
#6907=ORIENTED_EDGE('',*,*,#5468,.F.);
#6908=ORIENTED_EDGE('',*,*,#5469,.T.);
#6909=ORIENTED_EDGE('',*,*,#5470,.T.);
#6910=ORIENTED_EDGE('',*,*,#5469,.F.);
#6911=ORIENTED_EDGE('',*,*,#5466,.F.);
#6912=ORIENTED_EDGE('',*,*,#5471,.T.);
#6913=ORIENTED_EDGE('',*,*,#5468,.T.);
#6914=ORIENTED_EDGE('',*,*,#5471,.F.);
#6915=ORIENTED_EDGE('',*,*,#5472,.F.);
#6916=ORIENTED_EDGE('',*,*,#5473,.T.);
#6917=ORIENTED_EDGE('',*,*,#5474,.T.);
#6918=ORIENTED_EDGE('',*,*,#5473,.F.);
#6919=ORIENTED_EDGE('',*,*,#5475,.T.);
#6920=ORIENTED_EDGE('',*,*,#5472,.T.);
#6921=ORIENTED_EDGE('',*,*,#5475,.F.);
#6922=ORIENTED_EDGE('',*,*,#5476,.F.);
#6923=ORIENTED_EDGE('',*,*,#5477,.T.);
#6924=ORIENTED_EDGE('',*,*,#5478,.T.);
#6925=ORIENTED_EDGE('',*,*,#5477,.F.);
#6926=ORIENTED_EDGE('',*,*,#5474,.F.);
#6927=ORIENTED_EDGE('',*,*,#5479,.T.);
#6928=ORIENTED_EDGE('',*,*,#5476,.T.);
#6929=ORIENTED_EDGE('',*,*,#5479,.F.);
#6930=ORIENTED_EDGE('',*,*,#5480,.F.);
#6931=ORIENTED_EDGE('',*,*,#5481,.T.);
#6932=ORIENTED_EDGE('',*,*,#5482,.F.);
#6933=ORIENTED_EDGE('',*,*,#5481,.F.);
#6934=ORIENTED_EDGE('',*,*,#5483,.F.);
#6935=ORIENTED_EDGE('',*,*,#5484,.T.);
#6936=ORIENTED_EDGE('',*,*,#5485,.F.);
#6937=ORIENTED_EDGE('',*,*,#5484,.F.);
#6938=ORIENTED_EDGE('',*,*,#5486,.F.);
#6939=ORIENTED_EDGE('',*,*,#5487,.T.);
#6940=ORIENTED_EDGE('',*,*,#5488,.F.);
#6941=ORIENTED_EDGE('',*,*,#5487,.F.);
#6942=ORIENTED_EDGE('',*,*,#5489,.F.);
#6943=ORIENTED_EDGE('',*,*,#5490,.T.);
#6944=ORIENTED_EDGE('',*,*,#5491,.F.);
#6945=ORIENTED_EDGE('',*,*,#5490,.F.);
#6946=ORIENTED_EDGE('',*,*,#5492,.F.);
#6947=ORIENTED_EDGE('',*,*,#5493,.T.);
#6948=ORIENTED_EDGE('',*,*,#5494,.T.);
#6949=ORIENTED_EDGE('',*,*,#5493,.F.);
#6950=ORIENTED_EDGE('',*,*,#5495,.F.);
#6951=ORIENTED_EDGE('',*,*,#5496,.T.);
#6952=ORIENTED_EDGE('',*,*,#5492,.T.);
#6953=ORIENTED_EDGE('',*,*,#5496,.F.);
#6954=ORIENTED_EDGE('',*,*,#5497,.T.);
#6955=ORIENTED_EDGE('',*,*,#5498,.T.);
#6956=ORIENTED_EDGE('',*,*,#5483,.T.);
#6957=ORIENTED_EDGE('',*,*,#5498,.F.);
#6958=ORIENTED_EDGE('',*,*,#5499,.T.);
#6959=ORIENTED_EDGE('',*,*,#5500,.T.);
#6960=ORIENTED_EDGE('',*,*,#5480,.T.);
#6961=ORIENTED_EDGE('',*,*,#5500,.F.);
#6962=ORIENTED_EDGE('',*,*,#5501,.T.);
#6963=ORIENTED_EDGE('',*,*,#5502,.T.);
#6964=ORIENTED_EDGE('',*,*,#5489,.T.);
#6965=ORIENTED_EDGE('',*,*,#5502,.F.);
#6966=ORIENTED_EDGE('',*,*,#5503,.T.);
#6967=ORIENTED_EDGE('',*,*,#5504,.T.);
#6968=ORIENTED_EDGE('',*,*,#5486,.T.);
#6969=ORIENTED_EDGE('',*,*,#5504,.F.);
#6970=ORIENTED_EDGE('',*,*,#5505,.F.);
#6971=ORIENTED_EDGE('',*,*,#5506,.T.);
#6972=ORIENTED_EDGE('',*,*,#5507,.F.);
#6973=ORIENTED_EDGE('',*,*,#5508,.T.);
#6974=ORIENTED_EDGE('',*,*,#5509,.F.);
#6975=ORIENTED_EDGE('',*,*,#5510,.T.);
#6976=ORIENTED_EDGE('',*,*,#5511,.F.);
#6977=ORIENTED_EDGE('',*,*,#5512,.T.);
#6978=ORIENTED_EDGE('',*,*,#5513,.F.);
#6979=ORIENTED_EDGE('',*,*,#5514,.F.);
#6980=ORIENTED_EDGE('',*,*,#5515,.T.);
#6981=ORIENTED_EDGE('',*,*,#5516,.T.);
#6982=ORIENTED_EDGE('',*,*,#5517,.F.);
#6983=ORIENTED_EDGE('',*,*,#5518,.F.);
#6984=ORIENTED_EDGE('',*,*,#5519,.F.);
#6985=ORIENTED_EDGE('',*,*,#5520,.F.);
#6986=ORIENTED_EDGE('',*,*,#5521,.F.);
#6987=ORIENTED_EDGE('',*,*,#5522,.F.);
#6988=ORIENTED_EDGE('',*,*,#5523,.F.);
#6989=ORIENTED_EDGE('',*,*,#5506,.F.);
#6990=ORIENTED_EDGE('',*,*,#5524,.F.);
#6991=ORIENTED_EDGE('',*,*,#5512,.F.);
#6992=ORIENTED_EDGE('',*,*,#5525,.F.);
#6993=ORIENTED_EDGE('',*,*,#5526,.F.);
#6994=ORIENTED_EDGE('',*,*,#5527,.F.);
#6995=ORIENTED_EDGE('',*,*,#5528,.F.);
#6996=ORIENTED_EDGE('',*,*,#5529,.F.);
#6997=ORIENTED_EDGE('',*,*,#5510,.F.);
#6998=ORIENTED_EDGE('',*,*,#5530,.F.);
#6999=ORIENTED_EDGE('',*,*,#5508,.F.);
#7000=ORIENTED_EDGE('',*,*,#5531,.F.);
#7001=ORIENTED_EDGE('',*,*,#5532,.F.);
#7002=ORIENTED_EDGE('',*,*,#5533,.T.);
#7003=ORIENTED_EDGE('',*,*,#5534,.T.);
#7004=ORIENTED_EDGE('',*,*,#5535,.T.);
#7005=ORIENTED_EDGE('',*,*,#5514,.T.);
#7006=ORIENTED_EDGE('',*,*,#5536,.T.);
#7007=ORIENTED_EDGE('',*,*,#5537,.T.);
#7008=ORIENTED_EDGE('',*,*,#5470,.F.);
#7009=ORIENTED_EDGE('',*,*,#5478,.F.);
#7010=ORIENTED_EDGE('',*,*,#5497,.F.);
#7011=ORIENTED_EDGE('',*,*,#5499,.F.);
#7012=ORIENTED_EDGE('',*,*,#5538,.F.);
#7013=ORIENTED_EDGE('',*,*,#5539,.T.);
#7014=ORIENTED_EDGE('',*,*,#5540,.F.);
#7015=ORIENTED_EDGE('',*,*,#5541,.T.);
#7016=ORIENTED_EDGE('',*,*,#5542,.F.);
#7017=ORIENTED_EDGE('',*,*,#5516,.F.);
#7018=ORIENTED_EDGE('',*,*,#5449,.F.);
#7019=ORIENTED_EDGE('',*,*,#5457,.F.);
#7020=ORIENTED_EDGE('',*,*,#5501,.F.);
#7021=ORIENTED_EDGE('',*,*,#5503,.F.);
#7022=ORIENTED_EDGE('',*,*,#5519,.T.);
#7023=ORIENTED_EDGE('',*,*,#5543,.F.);
#7024=ORIENTED_EDGE('',*,*,#5532,.T.);
#7025=ORIENTED_EDGE('',*,*,#5544,.F.);
#7026=ORIENTED_EDGE('',*,*,#5528,.T.);
#7027=ORIENTED_EDGE('',*,*,#5545,.F.);
#7028=ORIENTED_EDGE('',*,*,#5495,.T.);
#7029=ORIENTED_EDGE('',*,*,#5517,.T.);
#7030=ORIENTED_EDGE('',*,*,#5546,.F.);
#7031=ORIENTED_EDGE('',*,*,#5526,.T.);
#7032=ORIENTED_EDGE('',*,*,#5547,.F.);
#7033=ORIENTED_EDGE('',*,*,#5522,.T.);
#7034=ORIENTED_EDGE('',*,*,#5548,.F.);
#7035=ORIENTED_EDGE('',*,*,#5462,.T.);
#7036=ORIENTED_EDGE('',*,*,#5542,.T.);
#7037=ORIENTED_EDGE('',*,*,#5549,.T.);
#7038=ORIENTED_EDGE('',*,*,#5536,.F.);
#7039=ORIENTED_EDGE('',*,*,#5513,.T.);
#7040=ORIENTED_EDGE('',*,*,#5540,.T.);
#7041=ORIENTED_EDGE('',*,*,#5550,.T.);
#7042=ORIENTED_EDGE('',*,*,#5533,.F.);
#7043=ORIENTED_EDGE('',*,*,#5551,.T.);
#7044=ORIENTED_EDGE('',*,*,#5535,.F.);
#7045=ORIENTED_EDGE('',*,*,#5552,.T.);
#7046=ORIENTED_EDGE('',*,*,#5538,.T.);
#7047=ORIENTED_EDGE('',*,*,#5515,.F.);
#7048=ORIENTED_EDGE('',*,*,#5507,.T.);
#7049=ORIENTED_EDGE('',*,*,#5523,.T.);
#7050=ORIENTED_EDGE('',*,*,#5547,.T.);
#7051=ORIENTED_EDGE('',*,*,#5525,.T.);
#7052=ORIENTED_EDGE('',*,*,#5511,.T.);
#7053=ORIENTED_EDGE('',*,*,#5529,.T.);
#7054=ORIENTED_EDGE('',*,*,#5544,.T.);
#7055=ORIENTED_EDGE('',*,*,#5531,.T.);
#7056=ORIENTED_EDGE('',*,*,#5488,.T.);
#7057=ORIENTED_EDGE('',*,*,#5461,.F.);
#7058=ORIENTED_EDGE('',*,*,#5491,.T.);
#7059=ORIENTED_EDGE('',*,*,#5482,.T.);
#7060=ORIENTED_EDGE('',*,*,#5494,.F.);
#7061=ORIENTED_EDGE('',*,*,#5485,.T.);
#7062=ORIENTED_EDGE('',*,*,#5534,.F.);
#7063=ORIENTED_EDGE('',*,*,#5550,.F.);
#7064=ORIENTED_EDGE('',*,*,#5539,.F.);
#7065=ORIENTED_EDGE('',*,*,#5552,.F.);
#7066=ORIENTED_EDGE('',*,*,#5537,.F.);
#7067=ORIENTED_EDGE('',*,*,#5549,.F.);
#7068=ORIENTED_EDGE('',*,*,#5541,.F.);
#7069=ORIENTED_EDGE('',*,*,#5551,.F.);
#7070=ORIENTED_EDGE('',*,*,#5518,.T.);
#7071=ORIENTED_EDGE('',*,*,#5548,.T.);
#7072=ORIENTED_EDGE('',*,*,#5521,.T.);
#7073=ORIENTED_EDGE('',*,*,#5505,.T.);
#7074=ORIENTED_EDGE('',*,*,#5530,.T.);
#7075=ORIENTED_EDGE('',*,*,#5543,.T.);
#7076=ORIENTED_EDGE('',*,*,#5520,.T.);
#7077=ORIENTED_EDGE('',*,*,#5545,.T.);
#7078=ORIENTED_EDGE('',*,*,#5527,.T.);
#7079=ORIENTED_EDGE('',*,*,#5509,.T.);
#7080=ORIENTED_EDGE('',*,*,#5524,.T.);
#7081=ORIENTED_EDGE('',*,*,#5546,.T.);
#7082=ORIENTED_EDGE('',*,*,#5553,.F.);
#7083=ORIENTED_EDGE('',*,*,#5554,.T.);
#7084=ORIENTED_EDGE('',*,*,#5555,.T.);
#7085=ORIENTED_EDGE('',*,*,#5554,.F.);
#7086=ORIENTED_EDGE('',*,*,#5556,.T.);
#7087=ORIENTED_EDGE('',*,*,#5557,.T.);
#7088=ORIENTED_EDGE('',*,*,#5558,.F.);
#7089=ORIENTED_EDGE('',*,*,#5557,.F.);
#7090=ORIENTED_EDGE('',*,*,#5553,.T.);
#7091=ORIENTED_EDGE('',*,*,#5559,.T.);
#7092=ORIENTED_EDGE('',*,*,#5560,.F.);
#7093=ORIENTED_EDGE('',*,*,#5559,.F.);
#7094=ORIENTED_EDGE('',*,*,#5561,.T.);
#7095=ORIENTED_EDGE('',*,*,#5562,.T.);
#7096=ORIENTED_EDGE('',*,*,#5556,.F.);
#7097=ORIENTED_EDGE('',*,*,#5562,.F.);
#7098=ORIENTED_EDGE('',*,*,#5561,.F.);
#7099=ORIENTED_EDGE('',*,*,#5563,.T.);
#7100=ORIENTED_EDGE('',*,*,#5564,.T.);
#7101=ORIENTED_EDGE('',*,*,#5563,.F.);
#7102=ORIENTED_EDGE('',*,*,#5565,.T.);
#7103=ORIENTED_EDGE('',*,*,#5566,.T.);
#7104=ORIENTED_EDGE('',*,*,#5567,.F.);
#7105=ORIENTED_EDGE('',*,*,#5566,.F.);
#7106=ORIENTED_EDGE('',*,*,#5565,.F.);
#7107=ORIENTED_EDGE('',*,*,#5568,.T.);
#7108=ORIENTED_EDGE('',*,*,#5569,.F.);
#7109=ORIENTED_EDGE('',*,*,#5568,.F.);
#7110=ORIENTED_EDGE('',*,*,#5569,.T.);
#7111=ORIENTED_EDGE('',*,*,#5570,.T.);
#7112=ORIENTED_EDGE('',*,*,#5571,.F.);
#7113=ORIENTED_EDGE('',*,*,#5570,.F.);
#7114=ORIENTED_EDGE('',*,*,#5571,.T.);
#7115=ORIENTED_EDGE('',*,*,#5564,.F.);
#7116=ORIENTED_EDGE('',*,*,#5560,.T.);
#7117=ORIENTED_EDGE('',*,*,#5567,.T.);
#7118=ORIENTED_EDGE('',*,*,#5555,.F.);
#7119=ORIENTED_EDGE('',*,*,#5558,.T.);
#7120=ORIENTED_EDGE('',*,*,#5572,.F.);
#7121=ORIENTED_EDGE('',*,*,#5573,.T.);
#7122=ORIENTED_EDGE('',*,*,#5574,.T.);
#7123=ORIENTED_EDGE('',*,*,#5573,.F.);
#7124=ORIENTED_EDGE('',*,*,#5575,.F.);
#7125=ORIENTED_EDGE('',*,*,#5576,.T.);
#7126=ORIENTED_EDGE('',*,*,#5577,.T.);
#7127=ORIENTED_EDGE('',*,*,#5576,.F.);
#7128=ORIENTED_EDGE('',*,*,#5578,.F.);
#7129=ORIENTED_EDGE('',*,*,#5579,.T.);
#7130=ORIENTED_EDGE('',*,*,#5580,.T.);
#7131=ORIENTED_EDGE('',*,*,#5579,.F.);
#7132=ORIENTED_EDGE('',*,*,#5581,.F.);
#7133=ORIENTED_EDGE('',*,*,#5582,.T.);
#7134=ORIENTED_EDGE('',*,*,#5583,.T.);
#7135=ORIENTED_EDGE('',*,*,#5582,.F.);
#7136=ORIENTED_EDGE('',*,*,#5584,.F.);
#7137=ORIENTED_EDGE('',*,*,#5585,.T.);
#7138=ORIENTED_EDGE('',*,*,#5586,.T.);
#7139=ORIENTED_EDGE('',*,*,#5587,.F.);
#7140=ORIENTED_EDGE('',*,*,#5588,.T.);
#7141=ORIENTED_EDGE('',*,*,#5589,.T.);
#7142=ORIENTED_EDGE('',*,*,#5590,.F.);
#7143=ORIENTED_EDGE('',*,*,#5591,.F.);
#7144=ORIENTED_EDGE('',*,*,#5592,.T.);
#7145=ORIENTED_EDGE('',*,*,#5593,.T.);
#7146=ORIENTED_EDGE('',*,*,#5594,.F.);
#7147=ORIENTED_EDGE('',*,*,#5595,.F.);
#7148=ORIENTED_EDGE('',*,*,#5596,.T.);
#7149=ORIENTED_EDGE('',*,*,#5597,.F.);
#7150=ORIENTED_EDGE('',*,*,#5598,.F.);
#7151=ORIENTED_EDGE('',*,*,#5587,.T.);
#7152=ORIENTED_EDGE('',*,*,#5599,.T.);
#7153=ORIENTED_EDGE('',*,*,#5600,.F.);
#7154=ORIENTED_EDGE('',*,*,#5601,.F.);
#7155=ORIENTED_EDGE('',*,*,#5597,.T.);
#7156=ORIENTED_EDGE('',*,*,#5602,.T.);
#7157=ORIENTED_EDGE('',*,*,#5603,.F.);
#7158=ORIENTED_EDGE('',*,*,#5604,.F.);
#7159=ORIENTED_EDGE('',*,*,#5600,.T.);
#7160=ORIENTED_EDGE('',*,*,#5605,.T.);
#7161=ORIENTED_EDGE('',*,*,#5606,.F.);
#7162=ORIENTED_EDGE('',*,*,#5607,.F.);
#7163=ORIENTED_EDGE('',*,*,#5603,.T.);
#7164=ORIENTED_EDGE('',*,*,#5608,.F.);
#7165=ORIENTED_EDGE('',*,*,#5609,.F.);
#7166=ORIENTED_EDGE('',*,*,#5610,.T.);
#7167=ORIENTED_EDGE('',*,*,#5606,.T.);
#7168=ORIENTED_EDGE('',*,*,#5611,.F.);
#7169=ORIENTED_EDGE('',*,*,#5593,.F.);
#7170=ORIENTED_EDGE('',*,*,#5612,.T.);
#7171=ORIENTED_EDGE('',*,*,#5609,.T.);
#7172=ORIENTED_EDGE('',*,*,#5613,.T.);
#7173=ORIENTED_EDGE('',*,*,#5614,.F.);
#7174=ORIENTED_EDGE('',*,*,#5615,.F.);
#7175=ORIENTED_EDGE('',*,*,#5595,.T.);
#7176=ORIENTED_EDGE('',*,*,#5616,.F.);
#7177=ORIENTED_EDGE('',*,*,#5617,.F.);
#7178=ORIENTED_EDGE('',*,*,#5618,.T.);
#7179=ORIENTED_EDGE('',*,*,#5614,.T.);
#7180=ORIENTED_EDGE('',*,*,#5619,.F.);
#7181=ORIENTED_EDGE('',*,*,#5620,.F.);
#7182=ORIENTED_EDGE('',*,*,#5621,.T.);
#7183=ORIENTED_EDGE('',*,*,#5617,.T.);
#7184=ORIENTED_EDGE('',*,*,#5622,.F.);
#7185=ORIENTED_EDGE('',*,*,#5623,.F.);
#7186=ORIENTED_EDGE('',*,*,#5624,.T.);
#7187=ORIENTED_EDGE('',*,*,#5620,.T.);
#7188=ORIENTED_EDGE('',*,*,#5625,.F.);
#7189=ORIENTED_EDGE('',*,*,#5626,.F.);
#7190=ORIENTED_EDGE('',*,*,#5627,.T.);
#7191=ORIENTED_EDGE('',*,*,#5623,.T.);
#7192=ORIENTED_EDGE('',*,*,#5628,.F.);
#7193=ORIENTED_EDGE('',*,*,#5589,.F.);
#7194=ORIENTED_EDGE('',*,*,#5629,.T.);
#7195=ORIENTED_EDGE('',*,*,#5626,.T.);
#7196=ORIENTED_EDGE('',*,*,#5630,.F.);
#7197=ORIENTED_EDGE('',*,*,#5631,.F.);
#7198=ORIENTED_EDGE('',*,*,#5632,.T.);
#7199=ORIENTED_EDGE('',*,*,#5591,.T.);
#7200=ORIENTED_EDGE('',*,*,#5633,.T.);
#7201=ORIENTED_EDGE('',*,*,#5634,.F.);
#7202=ORIENTED_EDGE('',*,*,#5635,.F.);
#7203=ORIENTED_EDGE('',*,*,#5631,.T.);
#7204=ORIENTED_EDGE('',*,*,#5636,.T.);
#7205=ORIENTED_EDGE('',*,*,#5585,.F.);
#7206=ORIENTED_EDGE('',*,*,#5637,.F.);
#7207=ORIENTED_EDGE('',*,*,#5634,.T.);
#7208=ORIENTED_EDGE('',*,*,#5598,.T.);
#7209=ORIENTED_EDGE('',*,*,#5601,.T.);
#7210=ORIENTED_EDGE('',*,*,#5604,.T.);
#7211=ORIENTED_EDGE('',*,*,#5607,.T.);
#7212=ORIENTED_EDGE('',*,*,#5610,.F.);
#7213=ORIENTED_EDGE('',*,*,#5612,.F.);
#7214=ORIENTED_EDGE('',*,*,#5592,.F.);
#7215=ORIENTED_EDGE('',*,*,#5615,.T.);
#7216=ORIENTED_EDGE('',*,*,#5618,.F.);
#7217=ORIENTED_EDGE('',*,*,#5621,.F.);
#7218=ORIENTED_EDGE('',*,*,#5624,.F.);
#7219=ORIENTED_EDGE('',*,*,#5627,.F.);
#7220=ORIENTED_EDGE('',*,*,#5629,.F.);
#7221=ORIENTED_EDGE('',*,*,#5588,.F.);
#7222=ORIENTED_EDGE('',*,*,#5632,.F.);
#7223=ORIENTED_EDGE('',*,*,#5635,.T.);
#7224=ORIENTED_EDGE('',*,*,#5637,.T.);
#7225=ORIENTED_EDGE('',*,*,#5584,.T.);
#7226=ORIENTED_EDGE('',*,*,#5574,.F.);
#7227=ORIENTED_EDGE('',*,*,#5577,.F.);
#7228=ORIENTED_EDGE('',*,*,#5580,.F.);
#7229=ORIENTED_EDGE('',*,*,#5583,.F.);
#7230=ORIENTED_EDGE('',*,*,#5596,.F.);
#7231=ORIENTED_EDGE('',*,*,#5586,.F.);
#7232=ORIENTED_EDGE('',*,*,#5636,.F.);
#7233=ORIENTED_EDGE('',*,*,#5633,.F.);
#7234=ORIENTED_EDGE('',*,*,#5630,.T.);
#7235=ORIENTED_EDGE('',*,*,#5590,.T.);
#7236=ORIENTED_EDGE('',*,*,#5628,.T.);
#7237=ORIENTED_EDGE('',*,*,#5625,.T.);
#7238=ORIENTED_EDGE('',*,*,#5622,.T.);
#7239=ORIENTED_EDGE('',*,*,#5619,.T.);
#7240=ORIENTED_EDGE('',*,*,#5616,.T.);
#7241=ORIENTED_EDGE('',*,*,#5613,.F.);
#7242=ORIENTED_EDGE('',*,*,#5594,.T.);
#7243=ORIENTED_EDGE('',*,*,#5611,.T.);
#7244=ORIENTED_EDGE('',*,*,#5608,.T.);
#7245=ORIENTED_EDGE('',*,*,#5605,.F.);
#7246=ORIENTED_EDGE('',*,*,#5602,.F.);
#7247=ORIENTED_EDGE('',*,*,#5599,.F.);
#7248=ORIENTED_EDGE('',*,*,#5572,.T.);
#7249=ORIENTED_EDGE('',*,*,#5575,.T.);
#7250=ORIENTED_EDGE('',*,*,#5578,.T.);
#7251=ORIENTED_EDGE('',*,*,#5581,.T.);
#7252=ORIENTED_EDGE('',*,*,#5638,.F.);
#7253=ORIENTED_EDGE('',*,*,#5639,.T.);
#7254=ORIENTED_EDGE('',*,*,#5640,.T.);
#7255=ORIENTED_EDGE('',*,*,#5639,.F.);
#7256=ORIENTED_EDGE('',*,*,#5641,.F.);
#7257=ORIENTED_EDGE('',*,*,#5642,.T.);
#7258=ORIENTED_EDGE('',*,*,#5643,.T.);
#7259=ORIENTED_EDGE('',*,*,#5642,.F.);
#7260=ORIENTED_EDGE('',*,*,#5644,.F.);
#7261=ORIENTED_EDGE('',*,*,#5645,.T.);
#7262=ORIENTED_EDGE('',*,*,#5646,.T.);
#7263=ORIENTED_EDGE('',*,*,#5645,.F.);
#7264=ORIENTED_EDGE('',*,*,#5647,.F.);
#7265=ORIENTED_EDGE('',*,*,#5648,.T.);
#7266=ORIENTED_EDGE('',*,*,#5649,.T.);
#7267=ORIENTED_EDGE('',*,*,#5648,.F.);
#7268=ORIENTED_EDGE('',*,*,#5650,.F.);
#7269=ORIENTED_EDGE('',*,*,#5651,.T.);
#7270=ORIENTED_EDGE('',*,*,#5652,.T.);
#7271=ORIENTED_EDGE('',*,*,#5651,.F.);
#7272=ORIENTED_EDGE('',*,*,#5653,.F.);
#7273=ORIENTED_EDGE('',*,*,#5654,.T.);
#7274=ORIENTED_EDGE('',*,*,#5655,.T.);
#7275=ORIENTED_EDGE('',*,*,#5654,.F.);
#7276=ORIENTED_EDGE('',*,*,#5656,.F.);
#7277=ORIENTED_EDGE('',*,*,#5657,.T.);
#7278=ORIENTED_EDGE('',*,*,#5658,.T.);
#7279=ORIENTED_EDGE('',*,*,#5657,.F.);
#7280=ORIENTED_EDGE('',*,*,#5659,.F.);
#7281=ORIENTED_EDGE('',*,*,#5660,.T.);
#7282=ORIENTED_EDGE('',*,*,#5661,.T.);
#7283=ORIENTED_EDGE('',*,*,#5660,.F.);
#7284=ORIENTED_EDGE('',*,*,#5662,.F.);
#7285=ORIENTED_EDGE('',*,*,#5663,.T.);
#7286=ORIENTED_EDGE('',*,*,#5664,.T.);
#7287=ORIENTED_EDGE('',*,*,#5663,.F.);
#7288=ORIENTED_EDGE('',*,*,#5665,.F.);
#7289=ORIENTED_EDGE('',*,*,#5666,.T.);
#7290=ORIENTED_EDGE('',*,*,#5667,.T.);
#7291=ORIENTED_EDGE('',*,*,#5666,.F.);
#7292=ORIENTED_EDGE('',*,*,#5668,.F.);
#7293=ORIENTED_EDGE('',*,*,#5669,.T.);
#7294=ORIENTED_EDGE('',*,*,#5670,.T.);
#7295=ORIENTED_EDGE('',*,*,#5669,.F.);
#7296=ORIENTED_EDGE('',*,*,#5671,.F.);
#7297=ORIENTED_EDGE('',*,*,#5672,.T.);
#7298=ORIENTED_EDGE('',*,*,#5673,.T.);
#7299=ORIENTED_EDGE('',*,*,#5672,.F.);
#7300=ORIENTED_EDGE('',*,*,#5674,.F.);
#7301=ORIENTED_EDGE('',*,*,#5675,.T.);
#7302=ORIENTED_EDGE('',*,*,#5676,.T.);
#7303=ORIENTED_EDGE('',*,*,#5677,.F.);
#7304=ORIENTED_EDGE('',*,*,#5678,.T.);
#7305=ORIENTED_EDGE('',*,*,#5679,.T.);
#7306=ORIENTED_EDGE('',*,*,#5680,.F.);
#7307=ORIENTED_EDGE('',*,*,#5677,.T.);
#7308=ORIENTED_EDGE('',*,*,#5681,.F.);
#7309=ORIENTED_EDGE('',*,*,#5682,.T.);
#7310=ORIENTED_EDGE('',*,*,#5683,.T.);
#7311=ORIENTED_EDGE('',*,*,#5684,.F.);
#7312=ORIENTED_EDGE('',*,*,#5685,.T.);
#7313=ORIENTED_EDGE('',*,*,#5686,.F.);
#7314=ORIENTED_EDGE('',*,*,#5687,.F.);
#7315=ORIENTED_EDGE('',*,*,#5684,.T.);
#7316=ORIENTED_EDGE('',*,*,#5688,.T.);
#7317=ORIENTED_EDGE('',*,*,#5689,.F.);
#7318=ORIENTED_EDGE('',*,*,#5690,.F.);
#7319=ORIENTED_EDGE('',*,*,#5686,.T.);
#7320=ORIENTED_EDGE('',*,*,#5691,.T.);
#7321=ORIENTED_EDGE('',*,*,#5692,.F.);
#7322=ORIENTED_EDGE('',*,*,#5693,.F.);
#7323=ORIENTED_EDGE('',*,*,#5689,.T.);
#7324=ORIENTED_EDGE('',*,*,#5694,.T.);
#7325=ORIENTED_EDGE('',*,*,#5695,.F.);
#7326=ORIENTED_EDGE('',*,*,#5696,.F.);
#7327=ORIENTED_EDGE('',*,*,#5692,.T.);
#7328=ORIENTED_EDGE('',*,*,#5697,.T.);
#7329=ORIENTED_EDGE('',*,*,#5675,.F.);
#7330=ORIENTED_EDGE('',*,*,#5698,.F.);
#7331=ORIENTED_EDGE('',*,*,#5695,.T.);
#7332=ORIENTED_EDGE('',*,*,#5674,.T.);
#7333=ORIENTED_EDGE('',*,*,#5680,.T.);
#7334=ORIENTED_EDGE('',*,*,#5699,.T.);
#7335=ORIENTED_EDGE('',*,*,#5700,.T.);
#7336=ORIENTED_EDGE('',*,*,#5701,.T.);
#7337=ORIENTED_EDGE('',*,*,#5702,.T.);
#7338=ORIENTED_EDGE('',*,*,#5681,.T.);
#7339=ORIENTED_EDGE('',*,*,#5687,.T.);
#7340=ORIENTED_EDGE('',*,*,#5690,.T.);
#7341=ORIENTED_EDGE('',*,*,#5693,.T.);
#7342=ORIENTED_EDGE('',*,*,#5696,.T.);
#7343=ORIENTED_EDGE('',*,*,#5698,.T.);
#7344=ORIENTED_EDGE('',*,*,#5640,.F.);
#7345=ORIENTED_EDGE('',*,*,#5643,.F.);
#7346=ORIENTED_EDGE('',*,*,#5646,.F.);
#7347=ORIENTED_EDGE('',*,*,#5649,.F.);
#7348=ORIENTED_EDGE('',*,*,#5652,.F.);
#7349=ORIENTED_EDGE('',*,*,#5655,.F.);
#7350=ORIENTED_EDGE('',*,*,#5658,.F.);
#7351=ORIENTED_EDGE('',*,*,#5661,.F.);
#7352=ORIENTED_EDGE('',*,*,#5664,.F.);
#7353=ORIENTED_EDGE('',*,*,#5667,.F.);
#7354=ORIENTED_EDGE('',*,*,#5670,.F.);
#7355=ORIENTED_EDGE('',*,*,#5673,.F.);
#7356=ORIENTED_EDGE('',*,*,#5676,.F.);
#7357=ORIENTED_EDGE('',*,*,#5697,.F.);
#7358=ORIENTED_EDGE('',*,*,#5694,.F.);
#7359=ORIENTED_EDGE('',*,*,#5691,.F.);
#7360=ORIENTED_EDGE('',*,*,#5688,.F.);
#7361=ORIENTED_EDGE('',*,*,#5685,.F.);
#7362=ORIENTED_EDGE('',*,*,#5683,.F.);
#7363=ORIENTED_EDGE('',*,*,#5703,.F.);
#7364=ORIENTED_EDGE('',*,*,#5704,.F.);
#7365=ORIENTED_EDGE('',*,*,#5705,.F.);
#7366=ORIENTED_EDGE('',*,*,#5706,.T.);
#7367=ORIENTED_EDGE('',*,*,#5678,.F.);
#7368=ORIENTED_EDGE('',*,*,#5638,.T.);
#7369=ORIENTED_EDGE('',*,*,#5641,.T.);
#7370=ORIENTED_EDGE('',*,*,#5644,.T.);
#7371=ORIENTED_EDGE('',*,*,#5647,.T.);
#7372=ORIENTED_EDGE('',*,*,#5650,.T.);
#7373=ORIENTED_EDGE('',*,*,#5653,.T.);
#7374=ORIENTED_EDGE('',*,*,#5656,.T.);
#7375=ORIENTED_EDGE('',*,*,#5659,.T.);
#7376=ORIENTED_EDGE('',*,*,#5662,.T.);
#7377=ORIENTED_EDGE('',*,*,#5665,.T.);
#7378=ORIENTED_EDGE('',*,*,#5668,.T.);
#7379=ORIENTED_EDGE('',*,*,#5671,.T.);
#7380=ORIENTED_EDGE('',*,*,#5700,.F.);
#7381=ORIENTED_EDGE('',*,*,#5707,.T.);
#7382=ORIENTED_EDGE('',*,*,#5705,.T.);
#7383=ORIENTED_EDGE('',*,*,#5708,.F.);
#7384=ORIENTED_EDGE('',*,*,#5704,.T.);
#7385=ORIENTED_EDGE('',*,*,#5709,.F.);
#7386=ORIENTED_EDGE('',*,*,#5701,.F.);
#7387=ORIENTED_EDGE('',*,*,#5708,.T.);
#7388=ORIENTED_EDGE('',*,*,#5703,.T.);
#7389=ORIENTED_EDGE('',*,*,#5682,.F.);
#7390=ORIENTED_EDGE('',*,*,#5702,.F.);
#7391=ORIENTED_EDGE('',*,*,#5709,.T.);
#7392=ORIENTED_EDGE('',*,*,#5699,.F.);
#7393=ORIENTED_EDGE('',*,*,#5679,.F.);
#7394=ORIENTED_EDGE('',*,*,#5706,.F.);
#7395=ORIENTED_EDGE('',*,*,#5707,.F.);
#7396=ORIENTED_EDGE('',*,*,#5710,.F.);
#7397=ORIENTED_EDGE('',*,*,#5711,.T.);
#7398=ORIENTED_EDGE('',*,*,#5712,.T.);
#7399=ORIENTED_EDGE('',*,*,#5711,.F.);
#7400=ORIENTED_EDGE('',*,*,#5713,.F.);
#7401=ORIENTED_EDGE('',*,*,#5714,.T.);
#7402=ORIENTED_EDGE('',*,*,#5715,.T.);
#7403=ORIENTED_EDGE('',*,*,#5714,.F.);
#7404=ORIENTED_EDGE('',*,*,#5716,.F.);
#7405=ORIENTED_EDGE('',*,*,#5717,.T.);
#7406=ORIENTED_EDGE('',*,*,#5718,.T.);
#7407=ORIENTED_EDGE('',*,*,#5717,.F.);
#7408=ORIENTED_EDGE('',*,*,#5719,.F.);
#7409=ORIENTED_EDGE('',*,*,#5720,.T.);
#7410=ORIENTED_EDGE('',*,*,#5721,.T.);
#7411=ORIENTED_EDGE('',*,*,#5720,.F.);
#7412=ORIENTED_EDGE('',*,*,#5722,.F.);
#7413=ORIENTED_EDGE('',*,*,#5723,.T.);
#7414=ORIENTED_EDGE('',*,*,#5724,.T.);
#7415=ORIENTED_EDGE('',*,*,#5723,.F.);
#7416=ORIENTED_EDGE('',*,*,#5725,.F.);
#7417=ORIENTED_EDGE('',*,*,#5726,.T.);
#7418=ORIENTED_EDGE('',*,*,#5727,.T.);
#7419=ORIENTED_EDGE('',*,*,#5726,.F.);
#7420=ORIENTED_EDGE('',*,*,#5728,.F.);
#7421=ORIENTED_EDGE('',*,*,#5729,.T.);
#7422=ORIENTED_EDGE('',*,*,#5730,.T.);
#7423=ORIENTED_EDGE('',*,*,#5729,.F.);
#7424=ORIENTED_EDGE('',*,*,#5731,.F.);
#7425=ORIENTED_EDGE('',*,*,#5732,.T.);
#7426=ORIENTED_EDGE('',*,*,#5733,.T.);
#7427=ORIENTED_EDGE('',*,*,#5732,.F.);
#7428=ORIENTED_EDGE('',*,*,#5734,.F.);
#7429=ORIENTED_EDGE('',*,*,#5735,.T.);
#7430=ORIENTED_EDGE('',*,*,#5736,.T.);
#7431=ORIENTED_EDGE('',*,*,#5735,.F.);
#7432=ORIENTED_EDGE('',*,*,#5737,.F.);
#7433=ORIENTED_EDGE('',*,*,#5738,.T.);
#7434=ORIENTED_EDGE('',*,*,#5739,.T.);
#7435=ORIENTED_EDGE('',*,*,#5738,.F.);
#7436=ORIENTED_EDGE('',*,*,#5740,.F.);
#7437=ORIENTED_EDGE('',*,*,#5741,.T.);
#7438=ORIENTED_EDGE('',*,*,#5742,.T.);
#7439=ORIENTED_EDGE('',*,*,#5741,.F.);
#7440=ORIENTED_EDGE('',*,*,#5743,.F.);
#7441=ORIENTED_EDGE('',*,*,#5744,.T.);
#7442=ORIENTED_EDGE('',*,*,#5745,.T.);
#7443=ORIENTED_EDGE('',*,*,#5744,.F.);
#7444=ORIENTED_EDGE('',*,*,#5746,.F.);
#7445=ORIENTED_EDGE('',*,*,#5747,.T.);
#7446=ORIENTED_EDGE('',*,*,#5748,.T.);
#7447=ORIENTED_EDGE('',*,*,#5749,.F.);
#7448=ORIENTED_EDGE('',*,*,#5750,.T.);
#7449=ORIENTED_EDGE('',*,*,#5751,.T.);
#7450=ORIENTED_EDGE('',*,*,#5752,.F.);
#7451=ORIENTED_EDGE('',*,*,#5749,.T.);
#7452=ORIENTED_EDGE('',*,*,#5753,.F.);
#7453=ORIENTED_EDGE('',*,*,#5754,.T.);
#7454=ORIENTED_EDGE('',*,*,#5755,.T.);
#7455=ORIENTED_EDGE('',*,*,#5756,.F.);
#7456=ORIENTED_EDGE('',*,*,#5757,.T.);
#7457=ORIENTED_EDGE('',*,*,#5758,.F.);
#7458=ORIENTED_EDGE('',*,*,#5759,.F.);
#7459=ORIENTED_EDGE('',*,*,#5756,.T.);
#7460=ORIENTED_EDGE('',*,*,#5760,.T.);
#7461=ORIENTED_EDGE('',*,*,#5761,.F.);
#7462=ORIENTED_EDGE('',*,*,#5762,.F.);
#7463=ORIENTED_EDGE('',*,*,#5758,.T.);
#7464=ORIENTED_EDGE('',*,*,#5763,.T.);
#7465=ORIENTED_EDGE('',*,*,#5764,.F.);
#7466=ORIENTED_EDGE('',*,*,#5765,.F.);
#7467=ORIENTED_EDGE('',*,*,#5761,.T.);
#7468=ORIENTED_EDGE('',*,*,#5766,.T.);
#7469=ORIENTED_EDGE('',*,*,#5767,.F.);
#7470=ORIENTED_EDGE('',*,*,#5768,.F.);
#7471=ORIENTED_EDGE('',*,*,#5764,.T.);
#7472=ORIENTED_EDGE('',*,*,#5769,.T.);
#7473=ORIENTED_EDGE('',*,*,#5747,.F.);
#7474=ORIENTED_EDGE('',*,*,#5770,.F.);
#7475=ORIENTED_EDGE('',*,*,#5767,.T.);
#7476=ORIENTED_EDGE('',*,*,#5746,.T.);
#7477=ORIENTED_EDGE('',*,*,#5752,.T.);
#7478=ORIENTED_EDGE('',*,*,#5771,.T.);
#7479=ORIENTED_EDGE('',*,*,#5772,.T.);
#7480=ORIENTED_EDGE('',*,*,#5773,.T.);
#7481=ORIENTED_EDGE('',*,*,#5774,.T.);
#7482=ORIENTED_EDGE('',*,*,#5753,.T.);
#7483=ORIENTED_EDGE('',*,*,#5759,.T.);
#7484=ORIENTED_EDGE('',*,*,#5762,.T.);
#7485=ORIENTED_EDGE('',*,*,#5765,.T.);
#7486=ORIENTED_EDGE('',*,*,#5768,.T.);
#7487=ORIENTED_EDGE('',*,*,#5770,.T.);
#7488=ORIENTED_EDGE('',*,*,#5712,.F.);
#7489=ORIENTED_EDGE('',*,*,#5715,.F.);
#7490=ORIENTED_EDGE('',*,*,#5718,.F.);
#7491=ORIENTED_EDGE('',*,*,#5721,.F.);
#7492=ORIENTED_EDGE('',*,*,#5724,.F.);
#7493=ORIENTED_EDGE('',*,*,#5727,.F.);
#7494=ORIENTED_EDGE('',*,*,#5730,.F.);
#7495=ORIENTED_EDGE('',*,*,#5733,.F.);
#7496=ORIENTED_EDGE('',*,*,#5736,.F.);
#7497=ORIENTED_EDGE('',*,*,#5739,.F.);
#7498=ORIENTED_EDGE('',*,*,#5742,.F.);
#7499=ORIENTED_EDGE('',*,*,#5745,.F.);
#7500=ORIENTED_EDGE('',*,*,#5748,.F.);
#7501=ORIENTED_EDGE('',*,*,#5769,.F.);
#7502=ORIENTED_EDGE('',*,*,#5766,.F.);
#7503=ORIENTED_EDGE('',*,*,#5763,.F.);
#7504=ORIENTED_EDGE('',*,*,#5760,.F.);
#7505=ORIENTED_EDGE('',*,*,#5757,.F.);
#7506=ORIENTED_EDGE('',*,*,#5755,.F.);
#7507=ORIENTED_EDGE('',*,*,#5775,.F.);
#7508=ORIENTED_EDGE('',*,*,#5776,.F.);
#7509=ORIENTED_EDGE('',*,*,#5777,.F.);
#7510=ORIENTED_EDGE('',*,*,#5778,.T.);
#7511=ORIENTED_EDGE('',*,*,#5750,.F.);
#7512=ORIENTED_EDGE('',*,*,#5710,.T.);
#7513=ORIENTED_EDGE('',*,*,#5713,.T.);
#7514=ORIENTED_EDGE('',*,*,#5716,.T.);
#7515=ORIENTED_EDGE('',*,*,#5719,.T.);
#7516=ORIENTED_EDGE('',*,*,#5722,.T.);
#7517=ORIENTED_EDGE('',*,*,#5725,.T.);
#7518=ORIENTED_EDGE('',*,*,#5728,.T.);
#7519=ORIENTED_EDGE('',*,*,#5731,.T.);
#7520=ORIENTED_EDGE('',*,*,#5734,.T.);
#7521=ORIENTED_EDGE('',*,*,#5737,.T.);
#7522=ORIENTED_EDGE('',*,*,#5740,.T.);
#7523=ORIENTED_EDGE('',*,*,#5743,.T.);
#7524=ORIENTED_EDGE('',*,*,#5772,.F.);
#7525=ORIENTED_EDGE('',*,*,#5779,.T.);
#7526=ORIENTED_EDGE('',*,*,#5777,.T.);
#7527=ORIENTED_EDGE('',*,*,#5780,.F.);
#7528=ORIENTED_EDGE('',*,*,#5776,.T.);
#7529=ORIENTED_EDGE('',*,*,#5781,.F.);
#7530=ORIENTED_EDGE('',*,*,#5773,.F.);
#7531=ORIENTED_EDGE('',*,*,#5780,.T.);
#7532=ORIENTED_EDGE('',*,*,#5775,.T.);
#7533=ORIENTED_EDGE('',*,*,#5754,.F.);
#7534=ORIENTED_EDGE('',*,*,#5774,.F.);
#7535=ORIENTED_EDGE('',*,*,#5781,.T.);
#7536=ORIENTED_EDGE('',*,*,#5771,.F.);
#7537=ORIENTED_EDGE('',*,*,#5751,.F.);
#7538=ORIENTED_EDGE('',*,*,#5778,.F.);
#7539=ORIENTED_EDGE('',*,*,#5779,.F.);
#7540=ORIENTED_EDGE('',*,*,#5782,.F.);
#7541=ORIENTED_EDGE('',*,*,#5783,.T.);
#7542=ORIENTED_EDGE('',*,*,#5784,.T.);
#7543=ORIENTED_EDGE('',*,*,#5783,.F.);
#7544=ORIENTED_EDGE('',*,*,#5785,.T.);
#7545=ORIENTED_EDGE('',*,*,#5782,.T.);
#7546=ORIENTED_EDGE('',*,*,#5785,.F.);
#7547=ORIENTED_EDGE('',*,*,#5786,.F.);
#7548=ORIENTED_EDGE('',*,*,#5787,.T.);
#7549=ORIENTED_EDGE('',*,*,#5788,.T.);
#7550=ORIENTED_EDGE('',*,*,#5787,.F.);
#7551=ORIENTED_EDGE('',*,*,#5789,.F.);
#7552=ORIENTED_EDGE('',*,*,#5790,.F.);
#7553=ORIENTED_EDGE('',*,*,#5791,.T.);
#7554=ORIENTED_EDGE('',*,*,#5786,.T.);
#7555=ORIENTED_EDGE('',*,*,#5791,.F.);
#7556=ORIENTED_EDGE('',*,*,#5792,.F.);
#7557=ORIENTED_EDGE('',*,*,#5793,.T.);
#7558=ORIENTED_EDGE('',*,*,#5794,.T.);
#7559=ORIENTED_EDGE('',*,*,#5793,.F.);
#7560=ORIENTED_EDGE('',*,*,#5795,.F.);
#7561=ORIENTED_EDGE('',*,*,#5796,.F.);
#7562=ORIENTED_EDGE('',*,*,#5797,.T.);
#7563=ORIENTED_EDGE('',*,*,#5792,.T.);
#7564=ORIENTED_EDGE('',*,*,#5797,.F.);
#7565=ORIENTED_EDGE('',*,*,#5798,.F.);
#7566=ORIENTED_EDGE('',*,*,#5799,.T.);
#7567=ORIENTED_EDGE('',*,*,#5800,.T.);
#7568=ORIENTED_EDGE('',*,*,#5799,.F.);
#7569=ORIENTED_EDGE('',*,*,#5801,.F.);
#7570=ORIENTED_EDGE('',*,*,#5802,.T.);
#7571=ORIENTED_EDGE('',*,*,#5798,.T.);
#7572=ORIENTED_EDGE('',*,*,#5802,.F.);
#7573=ORIENTED_EDGE('',*,*,#5803,.F.);
#7574=ORIENTED_EDGE('',*,*,#5804,.T.);
#7575=ORIENTED_EDGE('',*,*,#5805,.T.);
#7576=ORIENTED_EDGE('',*,*,#5804,.F.);
#7577=ORIENTED_EDGE('',*,*,#5806,.F.);
#7578=ORIENTED_EDGE('',*,*,#5807,.T.);
#7579=ORIENTED_EDGE('',*,*,#5803,.T.);
#7580=ORIENTED_EDGE('',*,*,#5807,.F.);
#7581=ORIENTED_EDGE('',*,*,#5789,.T.);
#7582=ORIENTED_EDGE('',*,*,#5790,.T.);
#7583=ORIENTED_EDGE('',*,*,#5808,.T.);
#7584=ORIENTED_EDGE('',*,*,#5801,.T.);
#7585=ORIENTED_EDGE('',*,*,#5808,.F.);
#7586=ORIENTED_EDGE('',*,*,#5795,.T.);
#7587=ORIENTED_EDGE('',*,*,#5796,.T.);
#7588=ORIENTED_EDGE('',*,*,#5809,.T.);
#7589=ORIENTED_EDGE('',*,*,#5806,.T.);
#7590=ORIENTED_EDGE('',*,*,#5809,.F.);
#7591=ORIENTED_EDGE('',*,*,#5810,.F.);
#7592=ORIENTED_EDGE('',*,*,#5811,.F.);
#7593=ORIENTED_EDGE('',*,*,#5812,.F.);
#7594=ORIENTED_EDGE('',*,*,#5813,.F.);
#7595=ORIENTED_EDGE('',*,*,#5794,.F.);
#7596=ORIENTED_EDGE('',*,*,#5788,.F.);
#7597=ORIENTED_EDGE('',*,*,#5814,.T.);
#7598=ORIENTED_EDGE('',*,*,#5815,.T.);
#7599=ORIENTED_EDGE('',*,*,#5816,.T.);
#7600=ORIENTED_EDGE('',*,*,#5817,.T.);
#7601=ORIENTED_EDGE('',*,*,#5818,.F.);
#7602=ORIENTED_EDGE('',*,*,#5819,.F.);
#7603=ORIENTED_EDGE('',*,*,#5820,.F.);
#7604=ORIENTED_EDGE('',*,*,#5821,.F.);
#7605=ORIENTED_EDGE('',*,*,#5822,.F.);
#7606=ORIENTED_EDGE('',*,*,#5821,.T.);
#7607=ORIENTED_EDGE('',*,*,#5823,.F.);
#7608=ORIENTED_EDGE('',*,*,#5816,.F.);
#7609=ORIENTED_EDGE('',*,*,#5824,.F.);
#7610=ORIENTED_EDGE('',*,*,#5825,.F.);
#7611=ORIENTED_EDGE('',*,*,#5826,.T.);
#7612=ORIENTED_EDGE('',*,*,#5813,.T.);
#7613=ORIENTED_EDGE('',*,*,#5820,.T.);
#7614=ORIENTED_EDGE('',*,*,#5827,.F.);
#7615=ORIENTED_EDGE('',*,*,#5817,.F.);
#7616=ORIENTED_EDGE('',*,*,#5823,.T.);
#7617=ORIENTED_EDGE('',*,*,#5784,.F.);
#7618=ORIENTED_EDGE('',*,*,#5819,.T.);
#7619=ORIENTED_EDGE('',*,*,#5828,.T.);
#7620=ORIENTED_EDGE('',*,*,#5811,.T.);
#7621=ORIENTED_EDGE('',*,*,#5829,.F.);
#7622=ORIENTED_EDGE('',*,*,#5830,.F.);
#7623=ORIENTED_EDGE('',*,*,#5831,.T.);
#7624=ORIENTED_EDGE('',*,*,#5814,.F.);
#7625=ORIENTED_EDGE('',*,*,#5827,.T.);
#7626=ORIENTED_EDGE('',*,*,#5828,.F.);
#7627=ORIENTED_EDGE('',*,*,#5818,.T.);
#7628=ORIENTED_EDGE('',*,*,#5822,.T.);
#7629=ORIENTED_EDGE('',*,*,#5812,.T.);
#7630=ORIENTED_EDGE('',*,*,#5810,.T.);
#7631=ORIENTED_EDGE('',*,*,#5826,.F.);
#7632=ORIENTED_EDGE('',*,*,#5832,.F.);
#7633=ORIENTED_EDGE('',*,*,#5829,.T.);
#7634=ORIENTED_EDGE('',*,*,#5815,.F.);
#7635=ORIENTED_EDGE('',*,*,#5831,.F.);
#7636=ORIENTED_EDGE('',*,*,#5833,.F.);
#7637=ORIENTED_EDGE('',*,*,#5824,.T.);
#7638=ORIENTED_EDGE('',*,*,#5832,.T.);
#7639=ORIENTED_EDGE('',*,*,#5825,.T.);
#7640=ORIENTED_EDGE('',*,*,#5833,.T.);
#7641=ORIENTED_EDGE('',*,*,#5830,.T.);
#7642=ORIENTED_EDGE('',*,*,#5800,.F.);
#7643=ORIENTED_EDGE('',*,*,#5805,.F.);
#7644=ORIENTED_EDGE('',*,*,#5834,.T.);
#7645=ORIENTED_EDGE('',*,*,#5834,.F.);
#7646=ORIENTED_EDGE('',*,*,#5835,.T.);
#7647=ORIENTED_EDGE('',*,*,#5835,.F.);
#7648=ORIENTED_EDGE('',*,*,#5836,.T.);
#7649=ORIENTED_EDGE('',*,*,#5837,.T.);
#7650=ORIENTED_EDGE('',*,*,#5836,.F.);
#7651=ORIENTED_EDGE('',*,*,#5838,.F.);
#7652=ORIENTED_EDGE('',*,*,#5839,.T.);
#7653=ORIENTED_EDGE('',*,*,#5840,.T.);
#7654=ORIENTED_EDGE('',*,*,#5839,.F.);
#7655=ORIENTED_EDGE('',*,*,#5841,.F.);
#7656=ORIENTED_EDGE('',*,*,#5842,.T.);
#7657=ORIENTED_EDGE('',*,*,#5843,.T.);
#7658=ORIENTED_EDGE('',*,*,#5844,.F.);
#7659=ORIENTED_EDGE('',*,*,#5845,.T.);
#7660=ORIENTED_EDGE('',*,*,#5846,.F.);
#7661=ORIENTED_EDGE('',*,*,#5847,.T.);
#7662=ORIENTED_EDGE('',*,*,#5848,.F.);
#7663=ORIENTED_EDGE('',*,*,#5849,.T.);
#7664=ORIENTED_EDGE('',*,*,#5850,.F.);
#7665=ORIENTED_EDGE('',*,*,#5851,.T.);
#7666=ORIENTED_EDGE('',*,*,#5842,.F.);
#7667=ORIENTED_EDGE('',*,*,#5852,.F.);
#7668=ORIENTED_EDGE('',*,*,#5853,.T.);
#7669=ORIENTED_EDGE('',*,*,#5838,.T.);
#7670=ORIENTED_EDGE('',*,*,#5853,.F.);
#7671=ORIENTED_EDGE('',*,*,#5854,.T.);
#7672=ORIENTED_EDGE('',*,*,#5845,.F.);
#7673=ORIENTED_EDGE('',*,*,#5855,.T.);
#7674=ORIENTED_EDGE('',*,*,#5849,.F.);
#7675=ORIENTED_EDGE('',*,*,#5852,.T.);
#7676=ORIENTED_EDGE('',*,*,#5848,.T.);
#7677=ORIENTED_EDGE('',*,*,#5856,.T.);
#7678=ORIENTED_EDGE('',*,*,#5846,.T.);
#7679=ORIENTED_EDGE('',*,*,#5854,.F.);
#7680=ORIENTED_EDGE('',*,*,#5844,.T.);
#7681=ORIENTED_EDGE('',*,*,#5857,.T.);
#7682=ORIENTED_EDGE('',*,*,#5850,.T.);
#7683=ORIENTED_EDGE('',*,*,#5855,.F.);
#7684=ORIENTED_EDGE('',*,*,#5856,.F.);
#7685=ORIENTED_EDGE('',*,*,#5847,.F.);
#7686=ORIENTED_EDGE('',*,*,#5837,.F.);
#7687=ORIENTED_EDGE('',*,*,#5841,.T.);
#7688=ORIENTED_EDGE('',*,*,#5857,.F.);
#7689=ORIENTED_EDGE('',*,*,#5843,.F.);
#7690=ORIENTED_EDGE('',*,*,#5851,.F.);
#7691=ORIENTED_EDGE('',*,*,#5840,.F.);
#7692=ORIENTED_EDGE('',*,*,#5858,.F.);
#7693=ORIENTED_EDGE('',*,*,#5859,.T.);
#7694=ORIENTED_EDGE('',*,*,#5860,.T.);
#7695=ORIENTED_EDGE('',*,*,#5859,.F.);
#7696=ORIENTED_EDGE('',*,*,#5861,.F.);
#7697=ORIENTED_EDGE('',*,*,#5862,.T.);
#7698=ORIENTED_EDGE('',*,*,#5858,.T.);
#7699=ORIENTED_EDGE('',*,*,#5862,.F.);
#7700=ORIENTED_EDGE('',*,*,#5863,.F.);
#7701=ORIENTED_EDGE('',*,*,#5864,.T.);
#7702=ORIENTED_EDGE('',*,*,#5865,.T.);
#7703=ORIENTED_EDGE('',*,*,#5864,.F.);
#7704=ORIENTED_EDGE('',*,*,#5866,.F.);
#7705=ORIENTED_EDGE('',*,*,#5867,.T.);
#7706=ORIENTED_EDGE('',*,*,#5868,.T.);
#7707=ORIENTED_EDGE('',*,*,#5867,.F.);
#7708=ORIENTED_EDGE('',*,*,#5869,.T.);
#7709=ORIENTED_EDGE('',*,*,#5870,.T.);
#7710=ORIENTED_EDGE('',*,*,#5871,.T.);
#7711=ORIENTED_EDGE('',*,*,#5872,.F.);
#7712=ORIENTED_EDGE('',*,*,#5873,.T.);
#7713=ORIENTED_EDGE('',*,*,#5874,.T.);
#7714=ORIENTED_EDGE('',*,*,#5875,.F.);
#7715=ORIENTED_EDGE('',*,*,#5874,.F.);
#7716=ORIENTED_EDGE('',*,*,#5876,.T.);
#7717=ORIENTED_EDGE('',*,*,#5877,.T.);
#7718=ORIENTED_EDGE('',*,*,#5878,.T.);
#7719=ORIENTED_EDGE('',*,*,#5879,.F.);
#7720=ORIENTED_EDGE('',*,*,#5880,.F.);
#7721=ORIENTED_EDGE('',*,*,#5881,.T.);
#7722=ORIENTED_EDGE('',*,*,#5882,.T.);
#7723=ORIENTED_EDGE('',*,*,#5883,.F.);
#7724=ORIENTED_EDGE('',*,*,#5869,.F.);
#7725=ORIENTED_EDGE('',*,*,#5884,.F.);
#7726=ORIENTED_EDGE('',*,*,#5880,.T.);
#7727=ORIENTED_EDGE('',*,*,#5885,.T.);
#7728=ORIENTED_EDGE('',*,*,#5865,.F.);
#7729=ORIENTED_EDGE('',*,*,#5886,.F.);
#7730=ORIENTED_EDGE('',*,*,#5887,.F.);
#7731=ORIENTED_EDGE('',*,*,#5888,.T.);
#7732=ORIENTED_EDGE('',*,*,#5889,.T.);
#7733=ORIENTED_EDGE('',*,*,#5890,.T.);
#7734=ORIENTED_EDGE('',*,*,#5877,.F.);
#7735=ORIENTED_EDGE('',*,*,#5891,.F.);
#7736=ORIENTED_EDGE('',*,*,#5887,.T.);
#7737=ORIENTED_EDGE('',*,*,#5892,.F.);
#7738=ORIENTED_EDGE('',*,*,#5881,.F.);
#7739=ORIENTED_EDGE('',*,*,#5884,.T.);
#7740=ORIENTED_EDGE('',*,*,#5879,.T.);
#7741=ORIENTED_EDGE('',*,*,#5893,.T.);
#7742=ORIENTED_EDGE('',*,*,#5870,.F.);
#7743=ORIENTED_EDGE('',*,*,#5885,.F.);
#7744=ORIENTED_EDGE('',*,*,#5883,.T.);
#7745=ORIENTED_EDGE('',*,*,#5894,.F.);
#7746=ORIENTED_EDGE('',*,*,#5889,.F.);
#7747=ORIENTED_EDGE('',*,*,#5895,.T.);
#7748=ORIENTED_EDGE('',*,*,#5872,.T.);
#7749=ORIENTED_EDGE('',*,*,#5873,.F.);
#7750=ORIENTED_EDGE('',*,*,#5895,.F.);
#7751=ORIENTED_EDGE('',*,*,#5888,.F.);
#7752=ORIENTED_EDGE('',*,*,#5891,.T.);
#7753=ORIENTED_EDGE('',*,*,#5876,.F.);
#7754=ORIENTED_EDGE('',*,*,#5868,.F.);
#7755=ORIENTED_EDGE('',*,*,#5886,.T.);
#7756=ORIENTED_EDGE('',*,*,#5894,.T.);
#7757=ORIENTED_EDGE('',*,*,#5871,.F.);
#7758=ORIENTED_EDGE('',*,*,#5893,.F.);
#7759=ORIENTED_EDGE('',*,*,#5882,.F.);
#7760=ORIENTED_EDGE('',*,*,#5892,.T.);
#7761=ORIENTED_EDGE('',*,*,#5878,.F.);
#7762=ORIENTED_EDGE('',*,*,#5890,.F.);
#7763=ORIENTED_EDGE('',*,*,#5861,.T.);
#7764=ORIENTED_EDGE('',*,*,#5863,.T.);
#7765=ORIENTED_EDGE('',*,*,#5866,.T.);
#7766=ORIENTED_EDGE('',*,*,#5875,.T.);
#7767=ORIENTED_EDGE('',*,*,#5860,.F.);
#7768=ORIENTED_EDGE('',*,*,#5896,.F.);
#7769=ORIENTED_EDGE('',*,*,#5897,.T.);
#7770=ORIENTED_EDGE('',*,*,#5898,.T.);
#7771=ORIENTED_EDGE('',*,*,#5897,.F.);
#7772=ORIENTED_EDGE('',*,*,#5899,.F.);
#7773=ORIENTED_EDGE('',*,*,#5900,.T.);
#7774=ORIENTED_EDGE('',*,*,#5896,.T.);
#7775=ORIENTED_EDGE('',*,*,#5900,.F.);
#7776=ORIENTED_EDGE('',*,*,#5901,.F.);
#7777=ORIENTED_EDGE('',*,*,#5902,.T.);
#7778=ORIENTED_EDGE('',*,*,#5903,.T.);
#7779=ORIENTED_EDGE('',*,*,#5902,.F.);
#7780=ORIENTED_EDGE('',*,*,#5904,.F.);
#7781=ORIENTED_EDGE('',*,*,#5905,.T.);
#7782=ORIENTED_EDGE('',*,*,#5906,.T.);
#7783=ORIENTED_EDGE('',*,*,#5905,.F.);
#7784=ORIENTED_EDGE('',*,*,#5907,.F.);
#7785=ORIENTED_EDGE('',*,*,#5908,.T.);
#7786=ORIENTED_EDGE('',*,*,#5909,.T.);
#7787=ORIENTED_EDGE('',*,*,#5910,.F.);
#7788=ORIENTED_EDGE('',*,*,#5911,.F.);
#7789=ORIENTED_EDGE('',*,*,#5912,.F.);
#7790=ORIENTED_EDGE('',*,*,#5913,.T.);
#7791=ORIENTED_EDGE('',*,*,#5914,.T.);
#7792=ORIENTED_EDGE('',*,*,#5915,.T.);
#7793=ORIENTED_EDGE('',*,*,#5916,.F.);
#7794=ORIENTED_EDGE('',*,*,#5917,.F.);
#7795=ORIENTED_EDGE('',*,*,#5912,.T.);
#7796=ORIENTED_EDGE('',*,*,#5918,.T.);
#7797=ORIENTED_EDGE('',*,*,#5919,.F.);
#7798=ORIENTED_EDGE('',*,*,#5920,.F.);
#7799=ORIENTED_EDGE('',*,*,#5916,.T.);
#7800=ORIENTED_EDGE('',*,*,#5921,.F.);
#7801=ORIENTED_EDGE('',*,*,#5908,.F.);
#7802=ORIENTED_EDGE('',*,*,#5922,.T.);
#7803=ORIENTED_EDGE('',*,*,#5919,.T.);
#7804=ORIENTED_EDGE('',*,*,#5923,.T.);
#7805=ORIENTED_EDGE('',*,*,#5924,.F.);
#7806=ORIENTED_EDGE('',*,*,#5925,.F.);
#7807=ORIENTED_EDGE('',*,*,#5910,.T.);
#7808=ORIENTED_EDGE('',*,*,#5926,.T.);
#7809=ORIENTED_EDGE('',*,*,#5927,.F.);
#7810=ORIENTED_EDGE('',*,*,#5928,.F.);
#7811=ORIENTED_EDGE('',*,*,#5924,.T.);
#7812=ORIENTED_EDGE('',*,*,#5929,.F.);
#7813=ORIENTED_EDGE('',*,*,#5914,.F.);
#7814=ORIENTED_EDGE('',*,*,#5930,.T.);
#7815=ORIENTED_EDGE('',*,*,#5927,.T.);
#7816=ORIENTED_EDGE('',*,*,#5913,.F.);
#7817=ORIENTED_EDGE('',*,*,#5917,.T.);
#7818=ORIENTED_EDGE('',*,*,#5920,.T.);
#7819=ORIENTED_EDGE('',*,*,#5922,.F.);
#7820=ORIENTED_EDGE('',*,*,#5907,.T.);
#7821=ORIENTED_EDGE('',*,*,#5925,.T.);
#7822=ORIENTED_EDGE('',*,*,#5928,.T.);
#7823=ORIENTED_EDGE('',*,*,#5930,.F.);
#7824=ORIENTED_EDGE('',*,*,#5898,.F.);
#7825=ORIENTED_EDGE('',*,*,#5903,.F.);
#7826=ORIENTED_EDGE('',*,*,#5906,.F.);
#7827=ORIENTED_EDGE('',*,*,#5911,.T.);
#7828=ORIENTED_EDGE('',*,*,#5929,.T.);
#7829=ORIENTED_EDGE('',*,*,#5926,.F.);
#7830=ORIENTED_EDGE('',*,*,#5923,.F.);
#7831=ORIENTED_EDGE('',*,*,#5909,.F.);
#7832=ORIENTED_EDGE('',*,*,#5921,.T.);
#7833=ORIENTED_EDGE('',*,*,#5918,.F.);
#7834=ORIENTED_EDGE('',*,*,#5915,.F.);
#7835=ORIENTED_EDGE('',*,*,#5899,.T.);
#7836=ORIENTED_EDGE('',*,*,#5901,.T.);
#7837=ORIENTED_EDGE('',*,*,#5904,.T.);
#7838=ORIENTED_EDGE('',*,*,#5931,.F.);
#7839=ORIENTED_EDGE('',*,*,#5932,.T.);
#7840=ORIENTED_EDGE('',*,*,#5933,.T.);
#7841=ORIENTED_EDGE('',*,*,#5932,.F.);
#7842=ORIENTED_EDGE('',*,*,#5934,.F.);
#7843=ORIENTED_EDGE('',*,*,#5935,.T.);
#7844=ORIENTED_EDGE('',*,*,#5931,.T.);
#7845=ORIENTED_EDGE('',*,*,#5935,.F.);
#7846=ORIENTED_EDGE('',*,*,#5936,.F.);
#7847=ORIENTED_EDGE('',*,*,#5937,.T.);
#7848=ORIENTED_EDGE('',*,*,#5938,.T.);
#7849=ORIENTED_EDGE('',*,*,#5937,.F.);
#7850=ORIENTED_EDGE('',*,*,#5939,.F.);
#7851=ORIENTED_EDGE('',*,*,#5940,.T.);
#7852=ORIENTED_EDGE('',*,*,#5941,.T.);
#7853=ORIENTED_EDGE('',*,*,#5940,.F.);
#7854=ORIENTED_EDGE('',*,*,#5942,.T.);
#7855=ORIENTED_EDGE('',*,*,#5943,.T.);
#7856=ORIENTED_EDGE('',*,*,#5944,.T.);
#7857=ORIENTED_EDGE('',*,*,#5945,.F.);
#7858=ORIENTED_EDGE('',*,*,#5946,.T.);
#7859=ORIENTED_EDGE('',*,*,#5947,.T.);
#7860=ORIENTED_EDGE('',*,*,#5948,.F.);
#7861=ORIENTED_EDGE('',*,*,#5947,.F.);
#7862=ORIENTED_EDGE('',*,*,#5949,.T.);
#7863=ORIENTED_EDGE('',*,*,#5950,.T.);
#7864=ORIENTED_EDGE('',*,*,#5951,.T.);
#7865=ORIENTED_EDGE('',*,*,#5952,.F.);
#7866=ORIENTED_EDGE('',*,*,#5953,.F.);
#7867=ORIENTED_EDGE('',*,*,#5954,.T.);
#7868=ORIENTED_EDGE('',*,*,#5955,.T.);
#7869=ORIENTED_EDGE('',*,*,#5956,.F.);
#7870=ORIENTED_EDGE('',*,*,#5942,.F.);
#7871=ORIENTED_EDGE('',*,*,#5957,.F.);
#7872=ORIENTED_EDGE('',*,*,#5953,.T.);
#7873=ORIENTED_EDGE('',*,*,#5958,.T.);
#7874=ORIENTED_EDGE('',*,*,#5938,.F.);
#7875=ORIENTED_EDGE('',*,*,#5959,.F.);
#7876=ORIENTED_EDGE('',*,*,#5960,.F.);
#7877=ORIENTED_EDGE('',*,*,#5961,.T.);
#7878=ORIENTED_EDGE('',*,*,#5962,.T.);
#7879=ORIENTED_EDGE('',*,*,#5963,.T.);
#7880=ORIENTED_EDGE('',*,*,#5950,.F.);
#7881=ORIENTED_EDGE('',*,*,#5964,.F.);
#7882=ORIENTED_EDGE('',*,*,#5960,.T.);
#7883=ORIENTED_EDGE('',*,*,#5965,.F.);
#7884=ORIENTED_EDGE('',*,*,#5954,.F.);
#7885=ORIENTED_EDGE('',*,*,#5957,.T.);
#7886=ORIENTED_EDGE('',*,*,#5952,.T.);
#7887=ORIENTED_EDGE('',*,*,#5966,.T.);
#7888=ORIENTED_EDGE('',*,*,#5943,.F.);
#7889=ORIENTED_EDGE('',*,*,#5958,.F.);
#7890=ORIENTED_EDGE('',*,*,#5956,.T.);
#7891=ORIENTED_EDGE('',*,*,#5967,.F.);
#7892=ORIENTED_EDGE('',*,*,#5962,.F.);
#7893=ORIENTED_EDGE('',*,*,#5968,.T.);
#7894=ORIENTED_EDGE('',*,*,#5945,.T.);
#7895=ORIENTED_EDGE('',*,*,#5946,.F.);
#7896=ORIENTED_EDGE('',*,*,#5968,.F.);
#7897=ORIENTED_EDGE('',*,*,#5961,.F.);
#7898=ORIENTED_EDGE('',*,*,#5964,.T.);
#7899=ORIENTED_EDGE('',*,*,#5949,.F.);
#7900=ORIENTED_EDGE('',*,*,#5941,.F.);
#7901=ORIENTED_EDGE('',*,*,#5959,.T.);
#7902=ORIENTED_EDGE('',*,*,#5967,.T.);
#7903=ORIENTED_EDGE('',*,*,#5944,.F.);
#7904=ORIENTED_EDGE('',*,*,#5966,.F.);
#7905=ORIENTED_EDGE('',*,*,#5955,.F.);
#7906=ORIENTED_EDGE('',*,*,#5965,.T.);
#7907=ORIENTED_EDGE('',*,*,#5951,.F.);
#7908=ORIENTED_EDGE('',*,*,#5963,.F.);
#7909=ORIENTED_EDGE('',*,*,#5934,.T.);
#7910=ORIENTED_EDGE('',*,*,#5936,.T.);
#7911=ORIENTED_EDGE('',*,*,#5939,.T.);
#7912=ORIENTED_EDGE('',*,*,#5948,.T.);
#7913=ORIENTED_EDGE('',*,*,#5933,.F.);
#7914=ORIENTED_EDGE('',*,*,#5969,.F.);
#7915=ORIENTED_EDGE('',*,*,#5970,.T.);
#7916=ORIENTED_EDGE('',*,*,#5971,.T.);
#7917=ORIENTED_EDGE('',*,*,#5970,.F.);
#7918=ORIENTED_EDGE('',*,*,#5972,.F.);
#7919=ORIENTED_EDGE('',*,*,#5973,.T.);
#7920=ORIENTED_EDGE('',*,*,#5969,.T.);
#7921=ORIENTED_EDGE('',*,*,#5973,.F.);
#7922=ORIENTED_EDGE('',*,*,#5974,.F.);
#7923=ORIENTED_EDGE('',*,*,#5975,.T.);
#7924=ORIENTED_EDGE('',*,*,#5976,.T.);
#7925=ORIENTED_EDGE('',*,*,#5975,.F.);
#7926=ORIENTED_EDGE('',*,*,#5977,.F.);
#7927=ORIENTED_EDGE('',*,*,#5978,.T.);
#7928=ORIENTED_EDGE('',*,*,#5979,.T.);
#7929=ORIENTED_EDGE('',*,*,#5978,.F.);
#7930=ORIENTED_EDGE('',*,*,#5980,.F.);
#7931=ORIENTED_EDGE('',*,*,#5981,.T.);
#7932=ORIENTED_EDGE('',*,*,#5982,.T.);
#7933=ORIENTED_EDGE('',*,*,#5983,.F.);
#7934=ORIENTED_EDGE('',*,*,#5984,.F.);
#7935=ORIENTED_EDGE('',*,*,#5985,.F.);
#7936=ORIENTED_EDGE('',*,*,#5986,.T.);
#7937=ORIENTED_EDGE('',*,*,#5987,.T.);
#7938=ORIENTED_EDGE('',*,*,#5988,.T.);
#7939=ORIENTED_EDGE('',*,*,#5989,.F.);
#7940=ORIENTED_EDGE('',*,*,#5990,.F.);
#7941=ORIENTED_EDGE('',*,*,#5985,.T.);
#7942=ORIENTED_EDGE('',*,*,#5991,.T.);
#7943=ORIENTED_EDGE('',*,*,#5992,.F.);
#7944=ORIENTED_EDGE('',*,*,#5993,.F.);
#7945=ORIENTED_EDGE('',*,*,#5989,.T.);
#7946=ORIENTED_EDGE('',*,*,#5994,.F.);
#7947=ORIENTED_EDGE('',*,*,#5981,.F.);
#7948=ORIENTED_EDGE('',*,*,#5995,.T.);
#7949=ORIENTED_EDGE('',*,*,#5992,.T.);
#7950=ORIENTED_EDGE('',*,*,#5996,.T.);
#7951=ORIENTED_EDGE('',*,*,#5997,.F.);
#7952=ORIENTED_EDGE('',*,*,#5998,.F.);
#7953=ORIENTED_EDGE('',*,*,#5983,.T.);
#7954=ORIENTED_EDGE('',*,*,#5999,.T.);
#7955=ORIENTED_EDGE('',*,*,#6000,.F.);
#7956=ORIENTED_EDGE('',*,*,#6001,.F.);
#7957=ORIENTED_EDGE('',*,*,#5997,.T.);
#7958=ORIENTED_EDGE('',*,*,#6002,.F.);
#7959=ORIENTED_EDGE('',*,*,#5987,.F.);
#7960=ORIENTED_EDGE('',*,*,#6003,.T.);
#7961=ORIENTED_EDGE('',*,*,#6000,.T.);
#7962=ORIENTED_EDGE('',*,*,#5986,.F.);
#7963=ORIENTED_EDGE('',*,*,#5990,.T.);
#7964=ORIENTED_EDGE('',*,*,#5993,.T.);
#7965=ORIENTED_EDGE('',*,*,#5995,.F.);
#7966=ORIENTED_EDGE('',*,*,#5980,.T.);
#7967=ORIENTED_EDGE('',*,*,#5998,.T.);
#7968=ORIENTED_EDGE('',*,*,#6001,.T.);
#7969=ORIENTED_EDGE('',*,*,#6003,.F.);
#7970=ORIENTED_EDGE('',*,*,#5971,.F.);
#7971=ORIENTED_EDGE('',*,*,#5976,.F.);
#7972=ORIENTED_EDGE('',*,*,#5979,.F.);
#7973=ORIENTED_EDGE('',*,*,#5984,.T.);
#7974=ORIENTED_EDGE('',*,*,#6002,.T.);
#7975=ORIENTED_EDGE('',*,*,#5999,.F.);
#7976=ORIENTED_EDGE('',*,*,#5996,.F.);
#7977=ORIENTED_EDGE('',*,*,#5982,.F.);
#7978=ORIENTED_EDGE('',*,*,#5994,.T.);
#7979=ORIENTED_EDGE('',*,*,#5991,.F.);
#7980=ORIENTED_EDGE('',*,*,#5988,.F.);
#7981=ORIENTED_EDGE('',*,*,#5972,.T.);
#7982=ORIENTED_EDGE('',*,*,#5974,.T.);
#7983=ORIENTED_EDGE('',*,*,#5977,.T.);
#7984=ORIENTED_EDGE('',*,*,#6004,.F.);
#7985=ORIENTED_EDGE('',*,*,#6005,.T.);
#7986=ORIENTED_EDGE('',*,*,#6006,.T.);
#7987=ORIENTED_EDGE('',*,*,#6005,.F.);
#7988=ORIENTED_EDGE('',*,*,#6007,.T.);
#7989=ORIENTED_EDGE('',*,*,#6008,.T.);
#7990=ORIENTED_EDGE('',*,*,#6009,.F.);
#7991=ORIENTED_EDGE('',*,*,#6008,.F.);
#7992=ORIENTED_EDGE('',*,*,#6004,.T.);
#7993=ORIENTED_EDGE('',*,*,#6010,.T.);
#7994=ORIENTED_EDGE('',*,*,#6011,.F.);
#7995=ORIENTED_EDGE('',*,*,#6010,.F.);
#7996=ORIENTED_EDGE('',*,*,#6012,.T.);
#7997=ORIENTED_EDGE('',*,*,#6013,.T.);
#7998=ORIENTED_EDGE('',*,*,#6007,.F.);
#7999=ORIENTED_EDGE('',*,*,#6013,.F.);
#8000=ORIENTED_EDGE('',*,*,#6012,.F.);
#8001=ORIENTED_EDGE('',*,*,#6014,.T.);
#8002=ORIENTED_EDGE('',*,*,#6015,.T.);
#8003=ORIENTED_EDGE('',*,*,#6014,.F.);
#8004=ORIENTED_EDGE('',*,*,#6016,.T.);
#8005=ORIENTED_EDGE('',*,*,#6017,.T.);
#8006=ORIENTED_EDGE('',*,*,#6018,.F.);
#8007=ORIENTED_EDGE('',*,*,#6017,.F.);
#8008=ORIENTED_EDGE('',*,*,#6016,.F.);
#8009=ORIENTED_EDGE('',*,*,#6019,.T.);
#8010=ORIENTED_EDGE('',*,*,#6020,.F.);
#8011=ORIENTED_EDGE('',*,*,#6019,.F.);
#8012=ORIENTED_EDGE('',*,*,#6020,.T.);
#8013=ORIENTED_EDGE('',*,*,#6021,.T.);
#8014=ORIENTED_EDGE('',*,*,#6022,.F.);
#8015=ORIENTED_EDGE('',*,*,#6021,.F.);
#8016=ORIENTED_EDGE('',*,*,#6022,.T.);
#8017=ORIENTED_EDGE('',*,*,#6015,.F.);
#8018=ORIENTED_EDGE('',*,*,#6011,.T.);
#8019=ORIENTED_EDGE('',*,*,#6018,.T.);
#8020=ORIENTED_EDGE('',*,*,#6006,.F.);
#8021=ORIENTED_EDGE('',*,*,#6009,.T.);
#8022=ORIENTED_EDGE('',*,*,#6023,.F.);
#8023=ORIENTED_EDGE('',*,*,#6024,.T.);
#8024=ORIENTED_EDGE('',*,*,#6025,.T.);
#8025=ORIENTED_EDGE('',*,*,#6024,.F.);
#8026=ORIENTED_EDGE('',*,*,#6026,.T.);
#8027=ORIENTED_EDGE('',*,*,#6027,.T.);
#8028=ORIENTED_EDGE('',*,*,#6028,.F.);
#8029=ORIENTED_EDGE('',*,*,#6027,.F.);
#8030=ORIENTED_EDGE('',*,*,#6023,.T.);
#8031=ORIENTED_EDGE('',*,*,#6029,.T.);
#8032=ORIENTED_EDGE('',*,*,#6030,.F.);
#8033=ORIENTED_EDGE('',*,*,#6029,.F.);
#8034=ORIENTED_EDGE('',*,*,#6031,.T.);
#8035=ORIENTED_EDGE('',*,*,#6032,.T.);
#8036=ORIENTED_EDGE('',*,*,#6026,.F.);
#8037=ORIENTED_EDGE('',*,*,#6032,.F.);
#8038=ORIENTED_EDGE('',*,*,#6031,.F.);
#8039=ORIENTED_EDGE('',*,*,#6033,.T.);
#8040=ORIENTED_EDGE('',*,*,#6034,.T.);
#8041=ORIENTED_EDGE('',*,*,#6033,.F.);
#8042=ORIENTED_EDGE('',*,*,#6035,.T.);
#8043=ORIENTED_EDGE('',*,*,#6036,.T.);
#8044=ORIENTED_EDGE('',*,*,#6037,.F.);
#8045=ORIENTED_EDGE('',*,*,#6036,.F.);
#8046=ORIENTED_EDGE('',*,*,#6035,.F.);
#8047=ORIENTED_EDGE('',*,*,#6038,.T.);
#8048=ORIENTED_EDGE('',*,*,#6039,.F.);
#8049=ORIENTED_EDGE('',*,*,#6038,.F.);
#8050=ORIENTED_EDGE('',*,*,#6039,.T.);
#8051=ORIENTED_EDGE('',*,*,#6040,.T.);
#8052=ORIENTED_EDGE('',*,*,#6041,.F.);
#8053=ORIENTED_EDGE('',*,*,#6040,.F.);
#8054=ORIENTED_EDGE('',*,*,#6041,.T.);
#8055=ORIENTED_EDGE('',*,*,#6034,.F.);
#8056=ORIENTED_EDGE('',*,*,#6030,.T.);
#8057=ORIENTED_EDGE('',*,*,#6037,.T.);
#8058=ORIENTED_EDGE('',*,*,#6025,.F.);
#8059=ORIENTED_EDGE('',*,*,#6028,.T.);
#8060=ORIENTED_EDGE('',*,*,#6042,.F.);
#8061=ORIENTED_EDGE('',*,*,#6043,.T.);
#8062=ORIENTED_EDGE('',*,*,#6044,.T.);
#8063=ORIENTED_EDGE('',*,*,#6043,.F.);
#8064=ORIENTED_EDGE('',*,*,#6045,.T.);
#8065=ORIENTED_EDGE('',*,*,#6046,.T.);
#8066=ORIENTED_EDGE('',*,*,#6047,.F.);
#8067=ORIENTED_EDGE('',*,*,#6046,.F.);
#8068=ORIENTED_EDGE('',*,*,#6042,.T.);
#8069=ORIENTED_EDGE('',*,*,#6048,.T.);
#8070=ORIENTED_EDGE('',*,*,#6049,.F.);
#8071=ORIENTED_EDGE('',*,*,#6048,.F.);
#8072=ORIENTED_EDGE('',*,*,#6050,.T.);
#8073=ORIENTED_EDGE('',*,*,#6051,.T.);
#8074=ORIENTED_EDGE('',*,*,#6045,.F.);
#8075=ORIENTED_EDGE('',*,*,#6051,.F.);
#8076=ORIENTED_EDGE('',*,*,#6050,.F.);
#8077=ORIENTED_EDGE('',*,*,#6052,.T.);
#8078=ORIENTED_EDGE('',*,*,#6053,.T.);
#8079=ORIENTED_EDGE('',*,*,#6052,.F.);
#8080=ORIENTED_EDGE('',*,*,#6054,.T.);
#8081=ORIENTED_EDGE('',*,*,#6055,.T.);
#8082=ORIENTED_EDGE('',*,*,#6056,.F.);
#8083=ORIENTED_EDGE('',*,*,#6055,.F.);
#8084=ORIENTED_EDGE('',*,*,#6054,.F.);
#8085=ORIENTED_EDGE('',*,*,#6057,.T.);
#8086=ORIENTED_EDGE('',*,*,#6058,.F.);
#8087=ORIENTED_EDGE('',*,*,#6057,.F.);
#8088=ORIENTED_EDGE('',*,*,#6058,.T.);
#8089=ORIENTED_EDGE('',*,*,#6059,.T.);
#8090=ORIENTED_EDGE('',*,*,#6060,.F.);
#8091=ORIENTED_EDGE('',*,*,#6059,.F.);
#8092=ORIENTED_EDGE('',*,*,#6060,.T.);
#8093=ORIENTED_EDGE('',*,*,#6053,.F.);
#8094=ORIENTED_EDGE('',*,*,#6049,.T.);
#8095=ORIENTED_EDGE('',*,*,#6056,.T.);
#8096=ORIENTED_EDGE('',*,*,#6044,.F.);
#8097=ORIENTED_EDGE('',*,*,#6047,.T.);
#8098=ORIENTED_EDGE('',*,*,#6061,.F.);
#8099=ORIENTED_EDGE('',*,*,#6062,.T.);
#8100=ORIENTED_EDGE('',*,*,#6063,.T.);
#8101=ORIENTED_EDGE('',*,*,#6062,.F.);
#8102=ORIENTED_EDGE('',*,*,#6064,.T.);
#8103=ORIENTED_EDGE('',*,*,#6065,.T.);
#8104=ORIENTED_EDGE('',*,*,#6066,.F.);
#8105=ORIENTED_EDGE('',*,*,#6065,.F.);
#8106=ORIENTED_EDGE('',*,*,#6061,.T.);
#8107=ORIENTED_EDGE('',*,*,#6067,.T.);
#8108=ORIENTED_EDGE('',*,*,#6068,.F.);
#8109=ORIENTED_EDGE('',*,*,#6067,.F.);
#8110=ORIENTED_EDGE('',*,*,#6069,.T.);
#8111=ORIENTED_EDGE('',*,*,#6070,.T.);
#8112=ORIENTED_EDGE('',*,*,#6064,.F.);
#8113=ORIENTED_EDGE('',*,*,#6070,.F.);
#8114=ORIENTED_EDGE('',*,*,#6069,.F.);
#8115=ORIENTED_EDGE('',*,*,#6071,.T.);
#8116=ORIENTED_EDGE('',*,*,#6072,.T.);
#8117=ORIENTED_EDGE('',*,*,#6071,.F.);
#8118=ORIENTED_EDGE('',*,*,#6073,.T.);
#8119=ORIENTED_EDGE('',*,*,#6074,.T.);
#8120=ORIENTED_EDGE('',*,*,#6075,.F.);
#8121=ORIENTED_EDGE('',*,*,#6074,.F.);
#8122=ORIENTED_EDGE('',*,*,#6073,.F.);
#8123=ORIENTED_EDGE('',*,*,#6076,.T.);
#8124=ORIENTED_EDGE('',*,*,#6077,.F.);
#8125=ORIENTED_EDGE('',*,*,#6076,.F.);
#8126=ORIENTED_EDGE('',*,*,#6077,.T.);
#8127=ORIENTED_EDGE('',*,*,#6078,.T.);
#8128=ORIENTED_EDGE('',*,*,#6079,.F.);
#8129=ORIENTED_EDGE('',*,*,#6078,.F.);
#8130=ORIENTED_EDGE('',*,*,#6079,.T.);
#8131=ORIENTED_EDGE('',*,*,#6072,.F.);
#8132=ORIENTED_EDGE('',*,*,#6068,.T.);
#8133=ORIENTED_EDGE('',*,*,#6075,.T.);
#8134=ORIENTED_EDGE('',*,*,#6063,.F.);
#8135=ORIENTED_EDGE('',*,*,#6066,.T.);
#8136=ORIENTED_EDGE('',*,*,#6080,.F.);
#8137=ORIENTED_EDGE('',*,*,#6081,.T.);
#8138=ORIENTED_EDGE('',*,*,#6082,.T.);
#8139=ORIENTED_EDGE('',*,*,#6083,.F.);
#8140=ORIENTED_EDGE('',*,*,#6084,.T.);
#8141=ORIENTED_EDGE('',*,*,#6085,.F.);
#8142=ORIENTED_EDGE('',*,*,#6086,.F.);
#8143=ORIENTED_EDGE('',*,*,#6087,.T.);
#8144=ORIENTED_EDGE('',*,*,#6088,.T.);
#8145=ORIENTED_EDGE('',*,*,#6089,.F.);
#8146=ORIENTED_EDGE('',*,*,#6090,.F.);
#8147=ORIENTED_EDGE('',*,*,#6085,.T.);
#8148=ORIENTED_EDGE('',*,*,#6091,.T.);
#8149=ORIENTED_EDGE('',*,*,#6092,.F.);
#8150=ORIENTED_EDGE('',*,*,#6093,.F.);
#8151=ORIENTED_EDGE('',*,*,#6089,.T.);
#8152=ORIENTED_EDGE('',*,*,#6094,.T.);
#8153=ORIENTED_EDGE('',*,*,#6095,.F.);
#8154=ORIENTED_EDGE('',*,*,#6096,.F.);
#8155=ORIENTED_EDGE('',*,*,#6092,.T.);
#8156=ORIENTED_EDGE('',*,*,#6097,.T.);
#8157=ORIENTED_EDGE('',*,*,#6098,.F.);
#8158=ORIENTED_EDGE('',*,*,#6099,.F.);
#8159=ORIENTED_EDGE('',*,*,#6095,.T.);
#8160=ORIENTED_EDGE('',*,*,#6100,.T.);
#8161=ORIENTED_EDGE('',*,*,#6101,.F.);
#8162=ORIENTED_EDGE('',*,*,#6102,.F.);
#8163=ORIENTED_EDGE('',*,*,#6098,.T.);
#8164=ORIENTED_EDGE('',*,*,#6103,.T.);
#8165=ORIENTED_EDGE('',*,*,#6104,.F.);
#8166=ORIENTED_EDGE('',*,*,#6105,.F.);
#8167=ORIENTED_EDGE('',*,*,#6101,.T.);
#8168=ORIENTED_EDGE('',*,*,#6106,.T.);
#8169=ORIENTED_EDGE('',*,*,#6107,.F.);
#8170=ORIENTED_EDGE('',*,*,#6108,.F.);
#8171=ORIENTED_EDGE('',*,*,#6104,.T.);
#8172=ORIENTED_EDGE('',*,*,#6109,.T.);
#8173=ORIENTED_EDGE('',*,*,#6110,.F.);
#8174=ORIENTED_EDGE('',*,*,#6111,.F.);
#8175=ORIENTED_EDGE('',*,*,#6107,.T.);
#8176=ORIENTED_EDGE('',*,*,#6112,.T.);
#8177=ORIENTED_EDGE('',*,*,#6081,.F.);
#8178=ORIENTED_EDGE('',*,*,#6113,.F.);
#8179=ORIENTED_EDGE('',*,*,#6110,.T.);
#8180=ORIENTED_EDGE('',*,*,#6114,.T.);
#8181=ORIENTED_EDGE('',*,*,#6087,.F.);
#8182=ORIENTED_EDGE('',*,*,#6115,.F.);
#8183=ORIENTED_EDGE('',*,*,#6083,.T.);
#8184=ORIENTED_EDGE('',*,*,#6086,.T.);
#8185=ORIENTED_EDGE('',*,*,#6090,.T.);
#8186=ORIENTED_EDGE('',*,*,#6093,.T.);
#8187=ORIENTED_EDGE('',*,*,#6096,.T.);
#8188=ORIENTED_EDGE('',*,*,#6099,.T.);
#8189=ORIENTED_EDGE('',*,*,#6102,.T.);
#8190=ORIENTED_EDGE('',*,*,#6105,.T.);
#8191=ORIENTED_EDGE('',*,*,#6108,.T.);
#8192=ORIENTED_EDGE('',*,*,#6111,.T.);
#8193=ORIENTED_EDGE('',*,*,#6113,.T.);
#8194=ORIENTED_EDGE('',*,*,#6080,.T.);
#8195=ORIENTED_EDGE('',*,*,#6115,.T.);
#8196=ORIENTED_EDGE('',*,*,#6084,.F.);
#8197=ORIENTED_EDGE('',*,*,#6114,.F.);
#8198=ORIENTED_EDGE('',*,*,#6082,.F.);
#8199=ORIENTED_EDGE('',*,*,#6112,.F.);
#8200=ORIENTED_EDGE('',*,*,#6109,.F.);
#8201=ORIENTED_EDGE('',*,*,#6106,.F.);
#8202=ORIENTED_EDGE('',*,*,#6103,.F.);
#8203=ORIENTED_EDGE('',*,*,#6100,.F.);
#8204=ORIENTED_EDGE('',*,*,#6097,.F.);
#8205=ORIENTED_EDGE('',*,*,#6094,.F.);
#8206=ORIENTED_EDGE('',*,*,#6091,.F.);
#8207=ORIENTED_EDGE('',*,*,#6088,.F.);
#8208=ORIENTED_EDGE('',*,*,#6116,.F.);
#8209=ORIENTED_EDGE('',*,*,#6117,.T.);
#8210=ORIENTED_EDGE('',*,*,#6118,.T.);
#8211=ORIENTED_EDGE('',*,*,#6119,.F.);
#8212=ORIENTED_EDGE('',*,*,#6120,.T.);
#8213=ORIENTED_EDGE('',*,*,#6121,.F.);
#8214=ORIENTED_EDGE('',*,*,#6122,.F.);
#8215=ORIENTED_EDGE('',*,*,#6123,.T.);
#8216=ORIENTED_EDGE('',*,*,#6124,.T.);
#8217=ORIENTED_EDGE('',*,*,#6125,.F.);
#8218=ORIENTED_EDGE('',*,*,#6126,.F.);
#8219=ORIENTED_EDGE('',*,*,#6121,.T.);
#8220=ORIENTED_EDGE('',*,*,#6127,.T.);
#8221=ORIENTED_EDGE('',*,*,#6128,.F.);
#8222=ORIENTED_EDGE('',*,*,#6129,.F.);
#8223=ORIENTED_EDGE('',*,*,#6125,.T.);
#8224=ORIENTED_EDGE('',*,*,#6130,.T.);
#8225=ORIENTED_EDGE('',*,*,#6131,.F.);
#8226=ORIENTED_EDGE('',*,*,#6132,.F.);
#8227=ORIENTED_EDGE('',*,*,#6128,.T.);
#8228=ORIENTED_EDGE('',*,*,#6133,.T.);
#8229=ORIENTED_EDGE('',*,*,#6134,.F.);
#8230=ORIENTED_EDGE('',*,*,#6135,.F.);
#8231=ORIENTED_EDGE('',*,*,#6131,.T.);
#8232=ORIENTED_EDGE('',*,*,#6136,.T.);
#8233=ORIENTED_EDGE('',*,*,#6137,.F.);
#8234=ORIENTED_EDGE('',*,*,#6138,.F.);
#8235=ORIENTED_EDGE('',*,*,#6134,.T.);
#8236=ORIENTED_EDGE('',*,*,#6139,.T.);
#8237=ORIENTED_EDGE('',*,*,#6140,.F.);
#8238=ORIENTED_EDGE('',*,*,#6141,.F.);
#8239=ORIENTED_EDGE('',*,*,#6137,.T.);
#8240=ORIENTED_EDGE('',*,*,#6142,.T.);
#8241=ORIENTED_EDGE('',*,*,#6143,.F.);
#8242=ORIENTED_EDGE('',*,*,#6144,.F.);
#8243=ORIENTED_EDGE('',*,*,#6140,.T.);
#8244=ORIENTED_EDGE('',*,*,#6145,.T.);
#8245=ORIENTED_EDGE('',*,*,#6146,.F.);
#8246=ORIENTED_EDGE('',*,*,#6147,.F.);
#8247=ORIENTED_EDGE('',*,*,#6143,.T.);
#8248=ORIENTED_EDGE('',*,*,#6148,.T.);
#8249=ORIENTED_EDGE('',*,*,#6117,.F.);
#8250=ORIENTED_EDGE('',*,*,#6149,.F.);
#8251=ORIENTED_EDGE('',*,*,#6146,.T.);
#8252=ORIENTED_EDGE('',*,*,#6150,.T.);
#8253=ORIENTED_EDGE('',*,*,#6123,.F.);
#8254=ORIENTED_EDGE('',*,*,#6151,.F.);
#8255=ORIENTED_EDGE('',*,*,#6119,.T.);
#8256=ORIENTED_EDGE('',*,*,#6122,.T.);
#8257=ORIENTED_EDGE('',*,*,#6126,.T.);
#8258=ORIENTED_EDGE('',*,*,#6129,.T.);
#8259=ORIENTED_EDGE('',*,*,#6132,.T.);
#8260=ORIENTED_EDGE('',*,*,#6135,.T.);
#8261=ORIENTED_EDGE('',*,*,#6138,.T.);
#8262=ORIENTED_EDGE('',*,*,#6141,.T.);
#8263=ORIENTED_EDGE('',*,*,#6144,.T.);
#8264=ORIENTED_EDGE('',*,*,#6147,.T.);
#8265=ORIENTED_EDGE('',*,*,#6149,.T.);
#8266=ORIENTED_EDGE('',*,*,#6116,.T.);
#8267=ORIENTED_EDGE('',*,*,#6151,.T.);
#8268=ORIENTED_EDGE('',*,*,#6120,.F.);
#8269=ORIENTED_EDGE('',*,*,#6150,.F.);
#8270=ORIENTED_EDGE('',*,*,#6118,.F.);
#8271=ORIENTED_EDGE('',*,*,#6148,.F.);
#8272=ORIENTED_EDGE('',*,*,#6145,.F.);
#8273=ORIENTED_EDGE('',*,*,#6142,.F.);
#8274=ORIENTED_EDGE('',*,*,#6139,.F.);
#8275=ORIENTED_EDGE('',*,*,#6136,.F.);
#8276=ORIENTED_EDGE('',*,*,#6133,.F.);
#8277=ORIENTED_EDGE('',*,*,#6130,.F.);
#8278=ORIENTED_EDGE('',*,*,#6127,.F.);
#8279=ORIENTED_EDGE('',*,*,#6124,.F.);
#8280=ORIENTED_EDGE('',*,*,#6152,.F.);
#8281=ORIENTED_EDGE('',*,*,#6153,.T.);
#8282=ORIENTED_EDGE('',*,*,#6154,.T.);
#8283=ORIENTED_EDGE('',*,*,#6153,.F.);
#8284=ORIENTED_EDGE('',*,*,#6155,.F.);
#8285=ORIENTED_EDGE('',*,*,#6156,.T.);
#8286=ORIENTED_EDGE('',*,*,#6157,.T.);
#8287=ORIENTED_EDGE('',*,*,#6156,.F.);
#8288=ORIENTED_EDGE('',*,*,#6154,.F.);
#8289=ORIENTED_EDGE('',*,*,#6155,.T.);
#8290=ORIENTED_EDGE('',*,*,#6152,.T.);
#8291=ORIENTED_EDGE('',*,*,#6157,.F.);
#8292=ORIENTED_EDGE('',*,*,#6158,.F.);
#8293=ORIENTED_EDGE('',*,*,#6159,.T.);
#8294=ORIENTED_EDGE('',*,*,#6160,.T.);
#8295=ORIENTED_EDGE('',*,*,#6159,.F.);
#8296=ORIENTED_EDGE('',*,*,#6161,.F.);
#8297=ORIENTED_EDGE('',*,*,#6162,.T.);
#8298=ORIENTED_EDGE('',*,*,#6163,.T.);
#8299=ORIENTED_EDGE('',*,*,#6162,.F.);
#8300=ORIENTED_EDGE('',*,*,#6160,.F.);
#8301=ORIENTED_EDGE('',*,*,#6161,.T.);
#8302=ORIENTED_EDGE('',*,*,#6158,.T.);
#8303=ORIENTED_EDGE('',*,*,#6163,.F.);
#8304=ORIENTED_EDGE('',*,*,#6164,.F.);
#8305=ORIENTED_EDGE('',*,*,#6165,.T.);
#8306=ORIENTED_EDGE('',*,*,#6166,.T.);
#8307=ORIENTED_EDGE('',*,*,#6165,.F.);
#8308=ORIENTED_EDGE('',*,*,#6167,.F.);
#8309=ORIENTED_EDGE('',*,*,#6168,.T.);
#8310=ORIENTED_EDGE('',*,*,#6169,.T.);
#8311=ORIENTED_EDGE('',*,*,#6168,.F.);
#8312=ORIENTED_EDGE('',*,*,#6166,.F.);
#8313=ORIENTED_EDGE('',*,*,#6167,.T.);
#8314=ORIENTED_EDGE('',*,*,#6164,.T.);
#8315=ORIENTED_EDGE('',*,*,#6169,.F.);
#8316=ORIENTED_EDGE('',*,*,#6170,.F.);
#8317=ORIENTED_EDGE('',*,*,#6171,.T.);
#8318=ORIENTED_EDGE('',*,*,#6172,.T.);
#8319=ORIENTED_EDGE('',*,*,#6171,.F.);
#8320=ORIENTED_EDGE('',*,*,#6173,.F.);
#8321=ORIENTED_EDGE('',*,*,#6174,.T.);
#8322=ORIENTED_EDGE('',*,*,#6175,.T.);
#8323=ORIENTED_EDGE('',*,*,#6174,.F.);
#8324=ORIENTED_EDGE('',*,*,#6172,.F.);
#8325=ORIENTED_EDGE('',*,*,#6173,.T.);
#8326=ORIENTED_EDGE('',*,*,#6170,.T.);
#8327=ORIENTED_EDGE('',*,*,#6175,.F.);
#8328=ORIENTED_EDGE('',*,*,#6176,.F.);
#8329=ORIENTED_EDGE('',*,*,#6177,.T.);
#8330=ORIENTED_EDGE('',*,*,#6178,.T.);
#8331=ORIENTED_EDGE('',*,*,#6177,.F.);
#8332=ORIENTED_EDGE('',*,*,#6178,.F.);
#8333=ORIENTED_EDGE('',*,*,#6179,.T.);
#8334=ORIENTED_EDGE('',*,*,#6180,.T.);
#8335=ORIENTED_EDGE('',*,*,#6179,.F.);
#8336=ORIENTED_EDGE('',*,*,#6181,.T.);
#8337=ORIENTED_EDGE('',*,*,#6182,.T.);
#8338=ORIENTED_EDGE('',*,*,#6183,.F.);
#8339=ORIENTED_EDGE('',*,*,#6182,.F.);
#8340=ORIENTED_EDGE('',*,*,#6183,.T.);
#8341=ORIENTED_EDGE('',*,*,#6184,.F.);
#8342=ORIENTED_EDGE('',*,*,#6185,.F.);
#8343=ORIENTED_EDGE('',*,*,#6186,.F.);
#8344=ORIENTED_EDGE('',*,*,#6187,.F.);
#8345=ORIENTED_EDGE('',*,*,#6188,.F.);
#8346=ORIENTED_EDGE('',*,*,#6189,.F.);
#8347=ORIENTED_EDGE('',*,*,#6181,.F.);
#8348=ORIENTED_EDGE('',*,*,#6176,.T.);
#8349=ORIENTED_EDGE('',*,*,#6180,.F.);
#8350=ORIENTED_EDGE('',*,*,#6184,.T.);
#8351=ORIENTED_EDGE('',*,*,#6190,.F.);
#8352=ORIENTED_EDGE('',*,*,#6191,.F.);
#8353=ORIENTED_EDGE('',*,*,#6192,.T.);
#8354=ORIENTED_EDGE('',*,*,#6185,.T.);
#8355=ORIENTED_EDGE('',*,*,#6192,.F.);
#8356=ORIENTED_EDGE('',*,*,#6193,.F.);
#8357=ORIENTED_EDGE('',*,*,#6194,.T.);
#8358=ORIENTED_EDGE('',*,*,#6186,.T.);
#8359=ORIENTED_EDGE('',*,*,#6194,.F.);
#8360=ORIENTED_EDGE('',*,*,#6195,.F.);
#8361=ORIENTED_EDGE('',*,*,#6196,.T.);
#8362=ORIENTED_EDGE('',*,*,#6187,.T.);
#8363=ORIENTED_EDGE('',*,*,#6196,.F.);
#8364=ORIENTED_EDGE('',*,*,#6197,.F.);
#8365=ORIENTED_EDGE('',*,*,#6198,.T.);
#8366=ORIENTED_EDGE('',*,*,#6188,.T.);
#8367=ORIENTED_EDGE('',*,*,#6198,.F.);
#8368=ORIENTED_EDGE('',*,*,#6199,.F.);
#8369=ORIENTED_EDGE('',*,*,#6200,.T.);
#8370=ORIENTED_EDGE('',*,*,#6189,.T.);
#8371=ORIENTED_EDGE('',*,*,#6200,.F.);
#8372=ORIENTED_EDGE('',*,*,#6201,.F.);
#8373=ORIENTED_EDGE('',*,*,#6190,.T.);
#8374=ORIENTED_EDGE('',*,*,#6191,.T.);
#8375=ORIENTED_EDGE('',*,*,#6201,.T.);
#8376=ORIENTED_EDGE('',*,*,#6199,.T.);
#8377=ORIENTED_EDGE('',*,*,#6197,.T.);
#8378=ORIENTED_EDGE('',*,*,#6195,.T.);
#8379=ORIENTED_EDGE('',*,*,#6193,.T.);
#8380=ORIENTED_EDGE('',*,*,#6202,.F.);
#8381=ORIENTED_EDGE('',*,*,#6203,.T.);
#8382=ORIENTED_EDGE('',*,*,#6204,.T.);
#8383=ORIENTED_EDGE('',*,*,#6203,.F.);
#8384=ORIENTED_EDGE('',*,*,#6204,.F.);
#8385=ORIENTED_EDGE('',*,*,#6205,.T.);
#8386=ORIENTED_EDGE('',*,*,#6206,.T.);
#8387=ORIENTED_EDGE('',*,*,#6205,.F.);
#8388=ORIENTED_EDGE('',*,*,#6207,.T.);
#8389=ORIENTED_EDGE('',*,*,#6208,.T.);
#8390=ORIENTED_EDGE('',*,*,#6209,.F.);
#8391=ORIENTED_EDGE('',*,*,#6208,.F.);
#8392=ORIENTED_EDGE('',*,*,#6209,.T.);
#8393=ORIENTED_EDGE('',*,*,#6210,.F.);
#8394=ORIENTED_EDGE('',*,*,#6211,.F.);
#8395=ORIENTED_EDGE('',*,*,#6212,.F.);
#8396=ORIENTED_EDGE('',*,*,#6213,.F.);
#8397=ORIENTED_EDGE('',*,*,#6214,.F.);
#8398=ORIENTED_EDGE('',*,*,#6215,.F.);
#8399=ORIENTED_EDGE('',*,*,#6207,.F.);
#8400=ORIENTED_EDGE('',*,*,#6202,.T.);
#8401=ORIENTED_EDGE('',*,*,#6206,.F.);
#8402=ORIENTED_EDGE('',*,*,#6210,.T.);
#8403=ORIENTED_EDGE('',*,*,#6216,.F.);
#8404=ORIENTED_EDGE('',*,*,#6217,.F.);
#8405=ORIENTED_EDGE('',*,*,#6218,.T.);
#8406=ORIENTED_EDGE('',*,*,#6211,.T.);
#8407=ORIENTED_EDGE('',*,*,#6218,.F.);
#8408=ORIENTED_EDGE('',*,*,#6219,.F.);
#8409=ORIENTED_EDGE('',*,*,#6220,.T.);
#8410=ORIENTED_EDGE('',*,*,#6212,.T.);
#8411=ORIENTED_EDGE('',*,*,#6220,.F.);
#8412=ORIENTED_EDGE('',*,*,#6221,.F.);
#8413=ORIENTED_EDGE('',*,*,#6222,.T.);
#8414=ORIENTED_EDGE('',*,*,#6213,.T.);
#8415=ORIENTED_EDGE('',*,*,#6222,.F.);
#8416=ORIENTED_EDGE('',*,*,#6223,.F.);
#8417=ORIENTED_EDGE('',*,*,#6224,.T.);
#8418=ORIENTED_EDGE('',*,*,#6214,.T.);
#8419=ORIENTED_EDGE('',*,*,#6224,.F.);
#8420=ORIENTED_EDGE('',*,*,#6225,.F.);
#8421=ORIENTED_EDGE('',*,*,#6226,.T.);
#8422=ORIENTED_EDGE('',*,*,#6215,.T.);
#8423=ORIENTED_EDGE('',*,*,#6226,.F.);
#8424=ORIENTED_EDGE('',*,*,#6227,.F.);
#8425=ORIENTED_EDGE('',*,*,#6216,.T.);
#8426=ORIENTED_EDGE('',*,*,#6217,.T.);
#8427=ORIENTED_EDGE('',*,*,#6227,.T.);
#8428=ORIENTED_EDGE('',*,*,#6225,.T.);
#8429=ORIENTED_EDGE('',*,*,#6223,.T.);
#8430=ORIENTED_EDGE('',*,*,#6221,.T.);
#8431=ORIENTED_EDGE('',*,*,#6219,.T.);
#8432=ORIENTED_EDGE('',*,*,#6228,.F.);
#8433=ORIENTED_EDGE('',*,*,#6229,.T.);
#8434=ORIENTED_EDGE('',*,*,#6230,.T.);
#8435=ORIENTED_EDGE('',*,*,#6229,.F.);
#8436=ORIENTED_EDGE('',*,*,#6230,.F.);
#8437=ORIENTED_EDGE('',*,*,#6231,.T.);
#8438=ORIENTED_EDGE('',*,*,#6232,.T.);
#8439=ORIENTED_EDGE('',*,*,#6231,.F.);
#8440=ORIENTED_EDGE('',*,*,#6233,.T.);
#8441=ORIENTED_EDGE('',*,*,#6234,.T.);
#8442=ORIENTED_EDGE('',*,*,#6235,.F.);
#8443=ORIENTED_EDGE('',*,*,#6234,.F.);
#8444=ORIENTED_EDGE('',*,*,#6235,.T.);
#8445=ORIENTED_EDGE('',*,*,#6236,.F.);
#8446=ORIENTED_EDGE('',*,*,#6237,.F.);
#8447=ORIENTED_EDGE('',*,*,#6238,.F.);
#8448=ORIENTED_EDGE('',*,*,#6239,.F.);
#8449=ORIENTED_EDGE('',*,*,#6240,.F.);
#8450=ORIENTED_EDGE('',*,*,#6241,.F.);
#8451=ORIENTED_EDGE('',*,*,#6233,.F.);
#8452=ORIENTED_EDGE('',*,*,#6228,.T.);
#8453=ORIENTED_EDGE('',*,*,#6232,.F.);
#8454=ORIENTED_EDGE('',*,*,#6236,.T.);
#8455=ORIENTED_EDGE('',*,*,#6242,.F.);
#8456=ORIENTED_EDGE('',*,*,#6243,.F.);
#8457=ORIENTED_EDGE('',*,*,#6244,.T.);
#8458=ORIENTED_EDGE('',*,*,#6237,.T.);
#8459=ORIENTED_EDGE('',*,*,#6244,.F.);
#8460=ORIENTED_EDGE('',*,*,#6245,.F.);
#8461=ORIENTED_EDGE('',*,*,#6246,.T.);
#8462=ORIENTED_EDGE('',*,*,#6238,.T.);
#8463=ORIENTED_EDGE('',*,*,#6246,.F.);
#8464=ORIENTED_EDGE('',*,*,#6247,.F.);
#8465=ORIENTED_EDGE('',*,*,#6248,.T.);
#8466=ORIENTED_EDGE('',*,*,#6239,.T.);
#8467=ORIENTED_EDGE('',*,*,#6248,.F.);
#8468=ORIENTED_EDGE('',*,*,#6249,.F.);
#8469=ORIENTED_EDGE('',*,*,#6250,.T.);
#8470=ORIENTED_EDGE('',*,*,#6240,.T.);
#8471=ORIENTED_EDGE('',*,*,#6250,.F.);
#8472=ORIENTED_EDGE('',*,*,#6251,.F.);
#8473=ORIENTED_EDGE('',*,*,#6252,.T.);
#8474=ORIENTED_EDGE('',*,*,#6241,.T.);
#8475=ORIENTED_EDGE('',*,*,#6252,.F.);
#8476=ORIENTED_EDGE('',*,*,#6253,.F.);
#8477=ORIENTED_EDGE('',*,*,#6242,.T.);
#8478=ORIENTED_EDGE('',*,*,#6243,.T.);
#8479=ORIENTED_EDGE('',*,*,#6253,.T.);
#8480=ORIENTED_EDGE('',*,*,#6251,.T.);
#8481=ORIENTED_EDGE('',*,*,#6249,.T.);
#8482=ORIENTED_EDGE('',*,*,#6247,.T.);
#8483=ORIENTED_EDGE('',*,*,#6245,.T.);
#8484=ORIENTED_EDGE('',*,*,#6254,.F.);
#8485=ORIENTED_EDGE('',*,*,#6255,.T.);
#8486=ORIENTED_EDGE('',*,*,#6256,.T.);
#8487=ORIENTED_EDGE('',*,*,#6255,.F.);
#8488=ORIENTED_EDGE('',*,*,#6256,.F.);
#8489=ORIENTED_EDGE('',*,*,#6257,.T.);
#8490=ORIENTED_EDGE('',*,*,#6258,.T.);
#8491=ORIENTED_EDGE('',*,*,#6257,.F.);
#8492=ORIENTED_EDGE('',*,*,#6259,.T.);
#8493=ORIENTED_EDGE('',*,*,#6260,.T.);
#8494=ORIENTED_EDGE('',*,*,#6261,.F.);
#8495=ORIENTED_EDGE('',*,*,#6260,.F.);
#8496=ORIENTED_EDGE('',*,*,#6261,.T.);
#8497=ORIENTED_EDGE('',*,*,#6262,.F.);
#8498=ORIENTED_EDGE('',*,*,#6263,.F.);
#8499=ORIENTED_EDGE('',*,*,#6264,.F.);
#8500=ORIENTED_EDGE('',*,*,#6265,.F.);
#8501=ORIENTED_EDGE('',*,*,#6266,.F.);
#8502=ORIENTED_EDGE('',*,*,#6267,.F.);
#8503=ORIENTED_EDGE('',*,*,#6259,.F.);
#8504=ORIENTED_EDGE('',*,*,#6254,.T.);
#8505=ORIENTED_EDGE('',*,*,#6258,.F.);
#8506=ORIENTED_EDGE('',*,*,#6262,.T.);
#8507=ORIENTED_EDGE('',*,*,#6268,.F.);
#8508=ORIENTED_EDGE('',*,*,#6269,.F.);
#8509=ORIENTED_EDGE('',*,*,#6270,.T.);
#8510=ORIENTED_EDGE('',*,*,#6263,.T.);
#8511=ORIENTED_EDGE('',*,*,#6270,.F.);
#8512=ORIENTED_EDGE('',*,*,#6271,.F.);
#8513=ORIENTED_EDGE('',*,*,#6272,.T.);
#8514=ORIENTED_EDGE('',*,*,#6264,.T.);
#8515=ORIENTED_EDGE('',*,*,#6272,.F.);
#8516=ORIENTED_EDGE('',*,*,#6273,.F.);
#8517=ORIENTED_EDGE('',*,*,#6274,.T.);
#8518=ORIENTED_EDGE('',*,*,#6265,.T.);
#8519=ORIENTED_EDGE('',*,*,#6274,.F.);
#8520=ORIENTED_EDGE('',*,*,#6275,.F.);
#8521=ORIENTED_EDGE('',*,*,#6276,.T.);
#8522=ORIENTED_EDGE('',*,*,#6266,.T.);
#8523=ORIENTED_EDGE('',*,*,#6276,.F.);
#8524=ORIENTED_EDGE('',*,*,#6277,.F.);
#8525=ORIENTED_EDGE('',*,*,#6278,.T.);
#8526=ORIENTED_EDGE('',*,*,#6267,.T.);
#8527=ORIENTED_EDGE('',*,*,#6278,.F.);
#8528=ORIENTED_EDGE('',*,*,#6279,.F.);
#8529=ORIENTED_EDGE('',*,*,#6268,.T.);
#8530=ORIENTED_EDGE('',*,*,#6269,.T.);
#8531=ORIENTED_EDGE('',*,*,#6279,.T.);
#8532=ORIENTED_EDGE('',*,*,#6277,.T.);
#8533=ORIENTED_EDGE('',*,*,#6275,.T.);
#8534=ORIENTED_EDGE('',*,*,#6273,.T.);
#8535=ORIENTED_EDGE('',*,*,#6271,.T.);
#8536=ORIENTED_EDGE('',*,*,#6280,.F.);
#8537=ORIENTED_EDGE('',*,*,#6281,.T.);
#8538=ORIENTED_EDGE('',*,*,#6282,.T.);
#8539=ORIENTED_EDGE('',*,*,#6281,.F.);
#8540=ORIENTED_EDGE('',*,*,#6282,.F.);
#8541=ORIENTED_EDGE('',*,*,#6283,.T.);
#8542=ORIENTED_EDGE('',*,*,#6284,.T.);
#8543=ORIENTED_EDGE('',*,*,#6283,.F.);
#8544=ORIENTED_EDGE('',*,*,#6285,.T.);
#8545=ORIENTED_EDGE('',*,*,#6286,.T.);
#8546=ORIENTED_EDGE('',*,*,#6287,.F.);
#8547=ORIENTED_EDGE('',*,*,#6286,.F.);
#8548=ORIENTED_EDGE('',*,*,#6287,.T.);
#8549=ORIENTED_EDGE('',*,*,#6288,.F.);
#8550=ORIENTED_EDGE('',*,*,#6289,.F.);
#8551=ORIENTED_EDGE('',*,*,#6290,.F.);
#8552=ORIENTED_EDGE('',*,*,#6291,.F.);
#8553=ORIENTED_EDGE('',*,*,#6292,.F.);
#8554=ORIENTED_EDGE('',*,*,#6293,.F.);
#8555=ORIENTED_EDGE('',*,*,#6285,.F.);
#8556=ORIENTED_EDGE('',*,*,#6280,.T.);
#8557=ORIENTED_EDGE('',*,*,#6284,.F.);
#8558=ORIENTED_EDGE('',*,*,#6288,.T.);
#8559=ORIENTED_EDGE('',*,*,#6294,.F.);
#8560=ORIENTED_EDGE('',*,*,#6295,.F.);
#8561=ORIENTED_EDGE('',*,*,#6296,.T.);
#8562=ORIENTED_EDGE('',*,*,#6289,.T.);
#8563=ORIENTED_EDGE('',*,*,#6296,.F.);
#8564=ORIENTED_EDGE('',*,*,#6297,.F.);
#8565=ORIENTED_EDGE('',*,*,#6298,.T.);
#8566=ORIENTED_EDGE('',*,*,#6290,.T.);
#8567=ORIENTED_EDGE('',*,*,#6298,.F.);
#8568=ORIENTED_EDGE('',*,*,#6299,.F.);
#8569=ORIENTED_EDGE('',*,*,#6300,.T.);
#8570=ORIENTED_EDGE('',*,*,#6291,.T.);
#8571=ORIENTED_EDGE('',*,*,#6300,.F.);
#8572=ORIENTED_EDGE('',*,*,#6301,.F.);
#8573=ORIENTED_EDGE('',*,*,#6302,.T.);
#8574=ORIENTED_EDGE('',*,*,#6292,.T.);
#8575=ORIENTED_EDGE('',*,*,#6302,.F.);
#8576=ORIENTED_EDGE('',*,*,#6303,.F.);
#8577=ORIENTED_EDGE('',*,*,#6304,.T.);
#8578=ORIENTED_EDGE('',*,*,#6293,.T.);
#8579=ORIENTED_EDGE('',*,*,#6304,.F.);
#8580=ORIENTED_EDGE('',*,*,#6305,.F.);
#8581=ORIENTED_EDGE('',*,*,#6294,.T.);
#8582=ORIENTED_EDGE('',*,*,#6295,.T.);
#8583=ORIENTED_EDGE('',*,*,#6305,.T.);
#8584=ORIENTED_EDGE('',*,*,#6303,.T.);
#8585=ORIENTED_EDGE('',*,*,#6301,.T.);
#8586=ORIENTED_EDGE('',*,*,#6299,.T.);
#8587=ORIENTED_EDGE('',*,*,#6297,.T.);
#8588=ORIENTED_EDGE('',*,*,#6306,.F.);
#8589=ORIENTED_EDGE('',*,*,#6307,.T.);
#8590=ORIENTED_EDGE('',*,*,#6308,.T.);
#8591=ORIENTED_EDGE('',*,*,#6307,.F.);
#8592=ORIENTED_EDGE('',*,*,#6308,.F.);
#8593=ORIENTED_EDGE('',*,*,#6309,.T.);
#8594=ORIENTED_EDGE('',*,*,#6310,.T.);
#8595=ORIENTED_EDGE('',*,*,#6309,.F.);
#8596=ORIENTED_EDGE('',*,*,#6311,.T.);
#8597=ORIENTED_EDGE('',*,*,#6312,.T.);
#8598=ORIENTED_EDGE('',*,*,#6313,.F.);
#8599=ORIENTED_EDGE('',*,*,#6312,.F.);
#8600=ORIENTED_EDGE('',*,*,#6313,.T.);
#8601=ORIENTED_EDGE('',*,*,#6314,.F.);
#8602=ORIENTED_EDGE('',*,*,#6315,.F.);
#8603=ORIENTED_EDGE('',*,*,#6316,.F.);
#8604=ORIENTED_EDGE('',*,*,#6317,.F.);
#8605=ORIENTED_EDGE('',*,*,#6318,.F.);
#8606=ORIENTED_EDGE('',*,*,#6319,.F.);
#8607=ORIENTED_EDGE('',*,*,#6311,.F.);
#8608=ORIENTED_EDGE('',*,*,#6306,.T.);
#8609=ORIENTED_EDGE('',*,*,#6310,.F.);
#8610=ORIENTED_EDGE('',*,*,#6314,.T.);
#8611=ORIENTED_EDGE('',*,*,#6320,.F.);
#8612=ORIENTED_EDGE('',*,*,#6321,.F.);
#8613=ORIENTED_EDGE('',*,*,#6322,.T.);
#8614=ORIENTED_EDGE('',*,*,#6315,.T.);
#8615=ORIENTED_EDGE('',*,*,#6322,.F.);
#8616=ORIENTED_EDGE('',*,*,#6323,.F.);
#8617=ORIENTED_EDGE('',*,*,#6324,.T.);
#8618=ORIENTED_EDGE('',*,*,#6316,.T.);
#8619=ORIENTED_EDGE('',*,*,#6324,.F.);
#8620=ORIENTED_EDGE('',*,*,#6325,.F.);
#8621=ORIENTED_EDGE('',*,*,#6326,.T.);
#8622=ORIENTED_EDGE('',*,*,#6317,.T.);
#8623=ORIENTED_EDGE('',*,*,#6326,.F.);
#8624=ORIENTED_EDGE('',*,*,#6327,.F.);
#8625=ORIENTED_EDGE('',*,*,#6328,.T.);
#8626=ORIENTED_EDGE('',*,*,#6318,.T.);
#8627=ORIENTED_EDGE('',*,*,#6328,.F.);
#8628=ORIENTED_EDGE('',*,*,#6329,.F.);
#8629=ORIENTED_EDGE('',*,*,#6330,.T.);
#8630=ORIENTED_EDGE('',*,*,#6319,.T.);
#8631=ORIENTED_EDGE('',*,*,#6330,.F.);
#8632=ORIENTED_EDGE('',*,*,#6331,.F.);
#8633=ORIENTED_EDGE('',*,*,#6320,.T.);
#8634=ORIENTED_EDGE('',*,*,#6321,.T.);
#8635=ORIENTED_EDGE('',*,*,#6331,.T.);
#8636=ORIENTED_EDGE('',*,*,#6329,.T.);
#8637=ORIENTED_EDGE('',*,*,#6327,.T.);
#8638=ORIENTED_EDGE('',*,*,#6325,.T.);
#8639=ORIENTED_EDGE('',*,*,#6323,.T.);
#8640=ORIENTED_EDGE('',*,*,#6332,.T.);
#8641=ORIENTED_EDGE('',*,*,#6333,.T.);
#8642=ORIENTED_EDGE('',*,*,#6334,.F.);
#8643=ORIENTED_EDGE('',*,*,#6333,.F.);
#8644=ORIENTED_EDGE('',*,*,#6335,.T.);
#8645=ORIENTED_EDGE('',*,*,#6336,.T.);
#8646=ORIENTED_EDGE('',*,*,#6337,.F.);
#8647=ORIENTED_EDGE('',*,*,#6336,.F.);
#8648=ORIENTED_EDGE('',*,*,#6337,.T.);
#8649=ORIENTED_EDGE('',*,*,#6332,.F.);
#8650=ORIENTED_EDGE('',*,*,#6335,.F.);
#8651=ORIENTED_EDGE('',*,*,#6334,.T.);
#8652=ORIENTED_EDGE('',*,*,#6338,.F.);
#8653=ORIENTED_EDGE('',*,*,#6339,.T.);
#8654=ORIENTED_EDGE('',*,*,#6340,.T.);
#8655=ORIENTED_EDGE('',*,*,#6339,.F.);
#8656=ORIENTED_EDGE('',*,*,#6341,.T.);
#8657=ORIENTED_EDGE('',*,*,#6338,.T.);
#8658=ORIENTED_EDGE('',*,*,#6341,.F.);
#8659=ORIENTED_EDGE('',*,*,#6342,.F.);
#8660=ORIENTED_EDGE('',*,*,#6343,.T.);
#8661=ORIENTED_EDGE('',*,*,#6344,.T.);
#8662=ORIENTED_EDGE('',*,*,#6343,.F.);
#8663=ORIENTED_EDGE('',*,*,#6345,.F.);
#8664=ORIENTED_EDGE('',*,*,#6346,.T.);
#8665=ORIENTED_EDGE('',*,*,#6347,.T.);
#8666=ORIENTED_EDGE('',*,*,#6346,.F.);
#8667=ORIENTED_EDGE('',*,*,#6345,.T.);
#8668=ORIENTED_EDGE('',*,*,#6348,.F.);
#8669=ORIENTED_EDGE('',*,*,#6349,.F.);
#8670=ORIENTED_EDGE('',*,*,#6350,.F.);
#8671=ORIENTED_EDGE('',*,*,#6351,.F.);
#8672=ORIENTED_EDGE('',*,*,#6352,.F.);
#8673=ORIENTED_EDGE('',*,*,#6353,.F.);
#8674=ORIENTED_EDGE('',*,*,#6347,.F.);
#8675=ORIENTED_EDGE('',*,*,#6342,.T.);
#8676=ORIENTED_EDGE('',*,*,#6344,.F.);
#8677=ORIENTED_EDGE('',*,*,#6340,.F.);
#8678=ORIENTED_EDGE('',*,*,#6349,.T.);
#8679=ORIENTED_EDGE('',*,*,#6354,.F.);
#8680=ORIENTED_EDGE('',*,*,#6355,.F.);
#8681=ORIENTED_EDGE('',*,*,#6356,.T.);
#8682=ORIENTED_EDGE('',*,*,#6350,.T.);
#8683=ORIENTED_EDGE('',*,*,#6356,.F.);
#8684=ORIENTED_EDGE('',*,*,#6357,.F.);
#8685=ORIENTED_EDGE('',*,*,#6358,.T.);
#8686=ORIENTED_EDGE('',*,*,#6351,.T.);
#8687=ORIENTED_EDGE('',*,*,#6358,.F.);
#8688=ORIENTED_EDGE('',*,*,#6359,.F.);
#8689=ORIENTED_EDGE('',*,*,#6360,.T.);
#8690=ORIENTED_EDGE('',*,*,#6352,.T.);
#8691=ORIENTED_EDGE('',*,*,#6360,.F.);
#8692=ORIENTED_EDGE('',*,*,#6361,.F.);
#8693=ORIENTED_EDGE('',*,*,#6362,.T.);
#8694=ORIENTED_EDGE('',*,*,#6353,.T.);
#8695=ORIENTED_EDGE('',*,*,#6362,.F.);
#8696=ORIENTED_EDGE('',*,*,#6363,.F.);
#8697=ORIENTED_EDGE('',*,*,#6364,.T.);
#8698=ORIENTED_EDGE('',*,*,#6348,.T.);
#8699=ORIENTED_EDGE('',*,*,#6364,.F.);
#8700=ORIENTED_EDGE('',*,*,#6365,.F.);
#8701=ORIENTED_EDGE('',*,*,#6354,.T.);
#8702=ORIENTED_EDGE('',*,*,#6355,.T.);
#8703=ORIENTED_EDGE('',*,*,#6365,.T.);
#8704=ORIENTED_EDGE('',*,*,#6363,.T.);
#8705=ORIENTED_EDGE('',*,*,#6361,.T.);
#8706=ORIENTED_EDGE('',*,*,#6359,.T.);
#8707=ORIENTED_EDGE('',*,*,#6357,.T.);
#8708=ORIENTED_EDGE('',*,*,#6366,.F.);
#8709=ORIENTED_EDGE('',*,*,#6367,.T.);
#8710=ORIENTED_EDGE('',*,*,#6368,.T.);
#8711=ORIENTED_EDGE('',*,*,#6367,.F.);
#8712=ORIENTED_EDGE('',*,*,#6368,.F.);
#8713=ORIENTED_EDGE('',*,*,#6369,.T.);
#8714=ORIENTED_EDGE('',*,*,#6370,.T.);
#8715=ORIENTED_EDGE('',*,*,#6369,.F.);
#8716=ORIENTED_EDGE('',*,*,#6371,.T.);
#8717=ORIENTED_EDGE('',*,*,#6372,.T.);
#8718=ORIENTED_EDGE('',*,*,#6373,.F.);
#8719=ORIENTED_EDGE('',*,*,#6372,.F.);
#8720=ORIENTED_EDGE('',*,*,#6373,.T.);
#8721=ORIENTED_EDGE('',*,*,#6374,.F.);
#8722=ORIENTED_EDGE('',*,*,#6375,.F.);
#8723=ORIENTED_EDGE('',*,*,#6376,.F.);
#8724=ORIENTED_EDGE('',*,*,#6377,.F.);
#8725=ORIENTED_EDGE('',*,*,#6378,.F.);
#8726=ORIENTED_EDGE('',*,*,#6379,.F.);
#8727=ORIENTED_EDGE('',*,*,#6371,.F.);
#8728=ORIENTED_EDGE('',*,*,#6366,.T.);
#8729=ORIENTED_EDGE('',*,*,#6370,.F.);
#8730=ORIENTED_EDGE('',*,*,#6374,.T.);
#8731=ORIENTED_EDGE('',*,*,#6380,.F.);
#8732=ORIENTED_EDGE('',*,*,#6381,.F.);
#8733=ORIENTED_EDGE('',*,*,#6382,.T.);
#8734=ORIENTED_EDGE('',*,*,#6375,.T.);
#8735=ORIENTED_EDGE('',*,*,#6382,.F.);
#8736=ORIENTED_EDGE('',*,*,#6383,.F.);
#8737=ORIENTED_EDGE('',*,*,#6384,.T.);
#8738=ORIENTED_EDGE('',*,*,#6376,.T.);
#8739=ORIENTED_EDGE('',*,*,#6384,.F.);
#8740=ORIENTED_EDGE('',*,*,#6385,.F.);
#8741=ORIENTED_EDGE('',*,*,#6386,.T.);
#8742=ORIENTED_EDGE('',*,*,#6377,.T.);
#8743=ORIENTED_EDGE('',*,*,#6386,.F.);
#8744=ORIENTED_EDGE('',*,*,#6387,.F.);
#8745=ORIENTED_EDGE('',*,*,#6388,.T.);
#8746=ORIENTED_EDGE('',*,*,#6378,.T.);
#8747=ORIENTED_EDGE('',*,*,#6388,.F.);
#8748=ORIENTED_EDGE('',*,*,#6389,.F.);
#8749=ORIENTED_EDGE('',*,*,#6390,.T.);
#8750=ORIENTED_EDGE('',*,*,#6379,.T.);
#8751=ORIENTED_EDGE('',*,*,#6390,.F.);
#8752=ORIENTED_EDGE('',*,*,#6391,.F.);
#8753=ORIENTED_EDGE('',*,*,#6380,.T.);
#8754=ORIENTED_EDGE('',*,*,#6381,.T.);
#8755=ORIENTED_EDGE('',*,*,#6391,.T.);
#8756=ORIENTED_EDGE('',*,*,#6389,.T.);
#8757=ORIENTED_EDGE('',*,*,#6387,.T.);
#8758=ORIENTED_EDGE('',*,*,#6385,.T.);
#8759=ORIENTED_EDGE('',*,*,#6383,.T.);
#8760=ORIENTED_EDGE('',*,*,#6392,.T.);
#8761=ORIENTED_EDGE('',*,*,#6393,.T.);
#8762=ORIENTED_EDGE('',*,*,#6394,.F.);
#8763=ORIENTED_EDGE('',*,*,#6393,.F.);
#8764=ORIENTED_EDGE('',*,*,#6395,.T.);
#8765=ORIENTED_EDGE('',*,*,#6396,.T.);
#8766=ORIENTED_EDGE('',*,*,#6397,.F.);
#8767=ORIENTED_EDGE('',*,*,#6396,.F.);
#8768=ORIENTED_EDGE('',*,*,#6397,.T.);
#8769=ORIENTED_EDGE('',*,*,#6392,.F.);
#8770=ORIENTED_EDGE('',*,*,#6395,.F.);
#8771=ORIENTED_EDGE('',*,*,#6394,.T.);
#8772=ORIENTED_EDGE('',*,*,#6398,.T.);
#8773=ORIENTED_EDGE('',*,*,#6399,.T.);
#8774=ORIENTED_EDGE('',*,*,#6400,.F.);
#8775=ORIENTED_EDGE('',*,*,#6399,.F.);
#8776=ORIENTED_EDGE('',*,*,#6401,.T.);
#8777=ORIENTED_EDGE('',*,*,#6402,.T.);
#8778=ORIENTED_EDGE('',*,*,#6403,.F.);
#8779=ORIENTED_EDGE('',*,*,#6402,.F.);
#8780=ORIENTED_EDGE('',*,*,#6403,.T.);
#8781=ORIENTED_EDGE('',*,*,#6398,.F.);
#8782=ORIENTED_EDGE('',*,*,#6401,.F.);
#8783=ORIENTED_EDGE('',*,*,#6400,.T.);
#8784=ORIENTED_EDGE('',*,*,#6404,.T.);
#8785=ORIENTED_EDGE('',*,*,#6405,.T.);
#8786=ORIENTED_EDGE('',*,*,#6406,.F.);
#8787=ORIENTED_EDGE('',*,*,#6405,.F.);
#8788=ORIENTED_EDGE('',*,*,#6407,.T.);
#8789=ORIENTED_EDGE('',*,*,#6408,.T.);
#8790=ORIENTED_EDGE('',*,*,#6409,.F.);
#8791=ORIENTED_EDGE('',*,*,#6408,.F.);
#8792=ORIENTED_EDGE('',*,*,#6409,.T.);
#8793=ORIENTED_EDGE('',*,*,#6404,.F.);
#8794=ORIENTED_EDGE('',*,*,#6407,.F.);
#8795=ORIENTED_EDGE('',*,*,#6406,.T.);
#8796=ORIENTED_EDGE('',*,*,#6410,.T.);
#8797=ORIENTED_EDGE('',*,*,#6411,.T.);
#8798=ORIENTED_EDGE('',*,*,#6412,.F.);
#8799=ORIENTED_EDGE('',*,*,#6411,.F.);
#8800=ORIENTED_EDGE('',*,*,#6413,.T.);
#8801=ORIENTED_EDGE('',*,*,#6414,.T.);
#8802=ORIENTED_EDGE('',*,*,#6415,.F.);
#8803=ORIENTED_EDGE('',*,*,#6414,.F.);
#8804=ORIENTED_EDGE('',*,*,#6415,.T.);
#8805=ORIENTED_EDGE('',*,*,#6410,.F.);
#8806=ORIENTED_EDGE('',*,*,#6413,.F.);
#8807=ORIENTED_EDGE('',*,*,#6412,.T.);
#8808=ORIENTED_EDGE('',*,*,#6416,.T.);
#8809=ORIENTED_EDGE('',*,*,#6417,.T.);
#8810=ORIENTED_EDGE('',*,*,#6418,.F.);
#8811=ORIENTED_EDGE('',*,*,#6417,.F.);
#8812=ORIENTED_EDGE('',*,*,#6419,.T.);
#8813=ORIENTED_EDGE('',*,*,#6420,.T.);
#8814=ORIENTED_EDGE('',*,*,#6421,.F.);
#8815=ORIENTED_EDGE('',*,*,#6420,.F.);
#8816=ORIENTED_EDGE('',*,*,#6421,.T.);
#8817=ORIENTED_EDGE('',*,*,#6416,.F.);
#8818=ORIENTED_EDGE('',*,*,#6419,.F.);
#8819=ORIENTED_EDGE('',*,*,#6418,.T.);
#8820=ORIENTED_EDGE('',*,*,#6422,.F.);
#8821=ORIENTED_EDGE('',*,*,#6423,.T.);
#8822=ORIENTED_EDGE('',*,*,#6424,.T.);
#8823=ORIENTED_EDGE('',*,*,#6423,.F.);
#8824=ORIENTED_EDGE('',*,*,#6424,.F.);
#8825=ORIENTED_EDGE('',*,*,#6425,.T.);
#8826=ORIENTED_EDGE('',*,*,#6426,.T.);
#8827=ORIENTED_EDGE('',*,*,#6425,.F.);
#8828=ORIENTED_EDGE('',*,*,#6427,.T.);
#8829=ORIENTED_EDGE('',*,*,#6428,.T.);
#8830=ORIENTED_EDGE('',*,*,#6429,.F.);
#8831=ORIENTED_EDGE('',*,*,#6428,.F.);
#8832=ORIENTED_EDGE('',*,*,#6429,.T.);
#8833=ORIENTED_EDGE('',*,*,#6430,.F.);
#8834=ORIENTED_EDGE('',*,*,#6431,.F.);
#8835=ORIENTED_EDGE('',*,*,#6432,.F.);
#8836=ORIENTED_EDGE('',*,*,#6433,.F.);
#8837=ORIENTED_EDGE('',*,*,#6434,.F.);
#8838=ORIENTED_EDGE('',*,*,#6435,.F.);
#8839=ORIENTED_EDGE('',*,*,#6427,.F.);
#8840=ORIENTED_EDGE('',*,*,#6422,.T.);
#8841=ORIENTED_EDGE('',*,*,#6426,.F.);
#8842=ORIENTED_EDGE('',*,*,#6430,.T.);
#8843=ORIENTED_EDGE('',*,*,#6436,.F.);
#8844=ORIENTED_EDGE('',*,*,#6437,.F.);
#8845=ORIENTED_EDGE('',*,*,#6438,.T.);
#8846=ORIENTED_EDGE('',*,*,#6431,.T.);
#8847=ORIENTED_EDGE('',*,*,#6438,.F.);
#8848=ORIENTED_EDGE('',*,*,#6439,.F.);
#8849=ORIENTED_EDGE('',*,*,#6440,.T.);
#8850=ORIENTED_EDGE('',*,*,#6432,.T.);
#8851=ORIENTED_EDGE('',*,*,#6440,.F.);
#8852=ORIENTED_EDGE('',*,*,#6441,.F.);
#8853=ORIENTED_EDGE('',*,*,#6442,.T.);
#8854=ORIENTED_EDGE('',*,*,#6433,.T.);
#8855=ORIENTED_EDGE('',*,*,#6442,.F.);
#8856=ORIENTED_EDGE('',*,*,#6443,.F.);
#8857=ORIENTED_EDGE('',*,*,#6444,.T.);
#8858=ORIENTED_EDGE('',*,*,#6434,.T.);
#8859=ORIENTED_EDGE('',*,*,#6444,.F.);
#8860=ORIENTED_EDGE('',*,*,#6445,.F.);
#8861=ORIENTED_EDGE('',*,*,#6446,.T.);
#8862=ORIENTED_EDGE('',*,*,#6435,.T.);
#8863=ORIENTED_EDGE('',*,*,#6446,.F.);
#8864=ORIENTED_EDGE('',*,*,#6447,.F.);
#8865=ORIENTED_EDGE('',*,*,#6436,.T.);
#8866=ORIENTED_EDGE('',*,*,#6437,.T.);
#8867=ORIENTED_EDGE('',*,*,#6447,.T.);
#8868=ORIENTED_EDGE('',*,*,#6445,.T.);
#8869=ORIENTED_EDGE('',*,*,#6443,.T.);
#8870=ORIENTED_EDGE('',*,*,#6441,.T.);
#8871=ORIENTED_EDGE('',*,*,#6439,.T.);
#8872=ORIENTED_EDGE('',*,*,#6448,.F.);
#8873=ORIENTED_EDGE('',*,*,#6449,.T.);
#8874=ORIENTED_EDGE('',*,*,#6450,.T.);
#8875=ORIENTED_EDGE('',*,*,#6449,.F.);
#8876=ORIENTED_EDGE('',*,*,#6450,.F.);
#8877=ORIENTED_EDGE('',*,*,#6451,.T.);
#8878=ORIENTED_EDGE('',*,*,#6452,.T.);
#8879=ORIENTED_EDGE('',*,*,#6451,.F.);
#8880=ORIENTED_EDGE('',*,*,#6453,.T.);
#8881=ORIENTED_EDGE('',*,*,#6454,.T.);
#8882=ORIENTED_EDGE('',*,*,#6455,.F.);
#8883=ORIENTED_EDGE('',*,*,#6454,.F.);
#8884=ORIENTED_EDGE('',*,*,#6455,.T.);
#8885=ORIENTED_EDGE('',*,*,#6456,.F.);
#8886=ORIENTED_EDGE('',*,*,#6457,.F.);
#8887=ORIENTED_EDGE('',*,*,#6458,.F.);
#8888=ORIENTED_EDGE('',*,*,#6459,.F.);
#8889=ORIENTED_EDGE('',*,*,#6460,.F.);
#8890=ORIENTED_EDGE('',*,*,#6461,.F.);
#8891=ORIENTED_EDGE('',*,*,#6453,.F.);
#8892=ORIENTED_EDGE('',*,*,#6448,.T.);
#8893=ORIENTED_EDGE('',*,*,#6452,.F.);
#8894=ORIENTED_EDGE('',*,*,#6456,.T.);
#8895=ORIENTED_EDGE('',*,*,#6462,.F.);
#8896=ORIENTED_EDGE('',*,*,#6463,.F.);
#8897=ORIENTED_EDGE('',*,*,#6464,.T.);
#8898=ORIENTED_EDGE('',*,*,#6457,.T.);
#8899=ORIENTED_EDGE('',*,*,#6464,.F.);
#8900=ORIENTED_EDGE('',*,*,#6465,.F.);
#8901=ORIENTED_EDGE('',*,*,#6466,.T.);
#8902=ORIENTED_EDGE('',*,*,#6458,.T.);
#8903=ORIENTED_EDGE('',*,*,#6466,.F.);
#8904=ORIENTED_EDGE('',*,*,#6467,.F.);
#8905=ORIENTED_EDGE('',*,*,#6468,.T.);
#8906=ORIENTED_EDGE('',*,*,#6459,.T.);
#8907=ORIENTED_EDGE('',*,*,#6468,.F.);
#8908=ORIENTED_EDGE('',*,*,#6469,.F.);
#8909=ORIENTED_EDGE('',*,*,#6470,.T.);
#8910=ORIENTED_EDGE('',*,*,#6460,.T.);
#8911=ORIENTED_EDGE('',*,*,#6470,.F.);
#8912=ORIENTED_EDGE('',*,*,#6471,.F.);
#8913=ORIENTED_EDGE('',*,*,#6472,.T.);
#8914=ORIENTED_EDGE('',*,*,#6461,.T.);
#8915=ORIENTED_EDGE('',*,*,#6472,.F.);
#8916=ORIENTED_EDGE('',*,*,#6473,.F.);
#8917=ORIENTED_EDGE('',*,*,#6462,.T.);
#8918=ORIENTED_EDGE('',*,*,#6463,.T.);
#8919=ORIENTED_EDGE('',*,*,#6473,.T.);
#8920=ORIENTED_EDGE('',*,*,#6471,.T.);
#8921=ORIENTED_EDGE('',*,*,#6469,.T.);
#8922=ORIENTED_EDGE('',*,*,#6467,.T.);
#8923=ORIENTED_EDGE('',*,*,#6465,.T.);
#8924=ORIENTED_EDGE('',*,*,#6474,.F.);
#8925=ORIENTED_EDGE('',*,*,#6475,.T.);
#8926=ORIENTED_EDGE('',*,*,#6476,.T.);
#8927=ORIENTED_EDGE('',*,*,#6475,.F.);
#8928=ORIENTED_EDGE('',*,*,#6476,.F.);
#8929=ORIENTED_EDGE('',*,*,#6477,.T.);
#8930=ORIENTED_EDGE('',*,*,#6478,.T.);
#8931=ORIENTED_EDGE('',*,*,#6477,.F.);
#8932=ORIENTED_EDGE('',*,*,#6479,.T.);
#8933=ORIENTED_EDGE('',*,*,#6480,.T.);
#8934=ORIENTED_EDGE('',*,*,#6481,.F.);
#8935=ORIENTED_EDGE('',*,*,#6480,.F.);
#8936=ORIENTED_EDGE('',*,*,#6481,.T.);
#8937=ORIENTED_EDGE('',*,*,#6482,.F.);
#8938=ORIENTED_EDGE('',*,*,#6483,.F.);
#8939=ORIENTED_EDGE('',*,*,#6484,.F.);
#8940=ORIENTED_EDGE('',*,*,#6485,.F.);
#8941=ORIENTED_EDGE('',*,*,#6486,.F.);
#8942=ORIENTED_EDGE('',*,*,#6487,.F.);
#8943=ORIENTED_EDGE('',*,*,#6479,.F.);
#8944=ORIENTED_EDGE('',*,*,#6474,.T.);
#8945=ORIENTED_EDGE('',*,*,#6478,.F.);
#8946=ORIENTED_EDGE('',*,*,#6482,.T.);
#8947=ORIENTED_EDGE('',*,*,#6488,.F.);
#8948=ORIENTED_EDGE('',*,*,#6489,.F.);
#8949=ORIENTED_EDGE('',*,*,#6490,.T.);
#8950=ORIENTED_EDGE('',*,*,#6483,.T.);
#8951=ORIENTED_EDGE('',*,*,#6490,.F.);
#8952=ORIENTED_EDGE('',*,*,#6491,.F.);
#8953=ORIENTED_EDGE('',*,*,#6492,.T.);
#8954=ORIENTED_EDGE('',*,*,#6484,.T.);
#8955=ORIENTED_EDGE('',*,*,#6492,.F.);
#8956=ORIENTED_EDGE('',*,*,#6493,.F.);
#8957=ORIENTED_EDGE('',*,*,#6494,.T.);
#8958=ORIENTED_EDGE('',*,*,#6485,.T.);
#8959=ORIENTED_EDGE('',*,*,#6494,.F.);
#8960=ORIENTED_EDGE('',*,*,#6495,.F.);
#8961=ORIENTED_EDGE('',*,*,#6496,.T.);
#8962=ORIENTED_EDGE('',*,*,#6486,.T.);
#8963=ORIENTED_EDGE('',*,*,#6496,.F.);
#8964=ORIENTED_EDGE('',*,*,#6497,.F.);
#8965=ORIENTED_EDGE('',*,*,#6498,.T.);
#8966=ORIENTED_EDGE('',*,*,#6487,.T.);
#8967=ORIENTED_EDGE('',*,*,#6498,.F.);
#8968=ORIENTED_EDGE('',*,*,#6499,.F.);
#8969=ORIENTED_EDGE('',*,*,#6488,.T.);
#8970=ORIENTED_EDGE('',*,*,#6489,.T.);
#8971=ORIENTED_EDGE('',*,*,#6499,.T.);
#8972=ORIENTED_EDGE('',*,*,#6497,.T.);
#8973=ORIENTED_EDGE('',*,*,#6495,.T.);
#8974=ORIENTED_EDGE('',*,*,#6493,.T.);
#8975=ORIENTED_EDGE('',*,*,#6491,.T.);
#8976=ORIENTED_EDGE('',*,*,#6500,.T.);
#8977=ORIENTED_EDGE('',*,*,#6501,.T.);
#8978=ORIENTED_EDGE('',*,*,#6502,.F.);
#8979=ORIENTED_EDGE('',*,*,#6501,.F.);
#8980=ORIENTED_EDGE('',*,*,#6503,.T.);
#8981=ORIENTED_EDGE('',*,*,#6504,.T.);
#8982=ORIENTED_EDGE('',*,*,#6505,.F.);
#8983=ORIENTED_EDGE('',*,*,#6504,.F.);
#8984=ORIENTED_EDGE('',*,*,#6505,.T.);
#8985=ORIENTED_EDGE('',*,*,#6500,.F.);
#8986=ORIENTED_EDGE('',*,*,#6503,.F.);
#8987=ORIENTED_EDGE('',*,*,#6502,.T.);
#8988=ORIENTED_EDGE('',*,*,#6506,.T.);
#8989=ORIENTED_EDGE('',*,*,#6507,.T.);
#8990=ORIENTED_EDGE('',*,*,#6508,.F.);
#8991=ORIENTED_EDGE('',*,*,#6507,.F.);
#8992=ORIENTED_EDGE('',*,*,#6509,.T.);
#8993=ORIENTED_EDGE('',*,*,#6510,.T.);
#8994=ORIENTED_EDGE('',*,*,#6511,.F.);
#8995=ORIENTED_EDGE('',*,*,#6510,.F.);
#8996=ORIENTED_EDGE('',*,*,#6511,.T.);
#8997=ORIENTED_EDGE('',*,*,#6506,.F.);
#8998=ORIENTED_EDGE('',*,*,#6509,.F.);
#8999=ORIENTED_EDGE('',*,*,#6508,.T.);
#9000=ORIENTED_EDGE('',*,*,#6512,.T.);
#9001=ORIENTED_EDGE('',*,*,#6513,.T.);
#9002=ORIENTED_EDGE('',*,*,#6514,.F.);
#9003=ORIENTED_EDGE('',*,*,#6513,.F.);
#9004=ORIENTED_EDGE('',*,*,#6515,.T.);
#9005=ORIENTED_EDGE('',*,*,#6516,.T.);
#9006=ORIENTED_EDGE('',*,*,#6517,.F.);
#9007=ORIENTED_EDGE('',*,*,#6516,.F.);
#9008=ORIENTED_EDGE('',*,*,#6517,.T.);
#9009=ORIENTED_EDGE('',*,*,#6512,.F.);
#9010=ORIENTED_EDGE('',*,*,#6515,.F.);
#9011=ORIENTED_EDGE('',*,*,#6514,.T.);
#9012=ORIENTED_EDGE('',*,*,#6518,.F.);
#9013=ORIENTED_EDGE('',*,*,#6519,.T.);
#9014=ORIENTED_EDGE('',*,*,#6520,.T.);
#9015=ORIENTED_EDGE('',*,*,#6519,.F.);
#9016=ORIENTED_EDGE('',*,*,#6521,.T.);
#9017=ORIENTED_EDGE('',*,*,#6518,.T.);
#9018=ORIENTED_EDGE('',*,*,#6521,.F.);
#9019=ORIENTED_EDGE('',*,*,#6522,.F.);
#9020=ORIENTED_EDGE('',*,*,#6523,.T.);
#9021=ORIENTED_EDGE('',*,*,#6524,.T.);
#9022=ORIENTED_EDGE('',*,*,#6523,.F.);
#9023=ORIENTED_EDGE('',*,*,#6525,.F.);
#9024=ORIENTED_EDGE('',*,*,#6526,.T.);
#9025=ORIENTED_EDGE('',*,*,#6527,.T.);
#9026=ORIENTED_EDGE('',*,*,#6526,.F.);
#9027=ORIENTED_EDGE('',*,*,#6525,.T.);
#9028=ORIENTED_EDGE('',*,*,#6528,.F.);
#9029=ORIENTED_EDGE('',*,*,#6529,.F.);
#9030=ORIENTED_EDGE('',*,*,#6530,.F.);
#9031=ORIENTED_EDGE('',*,*,#6531,.F.);
#9032=ORIENTED_EDGE('',*,*,#6532,.F.);
#9033=ORIENTED_EDGE('',*,*,#6533,.F.);
#9034=ORIENTED_EDGE('',*,*,#6527,.F.);
#9035=ORIENTED_EDGE('',*,*,#6522,.T.);
#9036=ORIENTED_EDGE('',*,*,#6524,.F.);
#9037=ORIENTED_EDGE('',*,*,#6520,.F.);
#9038=ORIENTED_EDGE('',*,*,#6529,.T.);
#9039=ORIENTED_EDGE('',*,*,#6534,.F.);
#9040=ORIENTED_EDGE('',*,*,#6535,.F.);
#9041=ORIENTED_EDGE('',*,*,#6536,.T.);
#9042=ORIENTED_EDGE('',*,*,#6530,.T.);
#9043=ORIENTED_EDGE('',*,*,#6536,.F.);
#9044=ORIENTED_EDGE('',*,*,#6537,.F.);
#9045=ORIENTED_EDGE('',*,*,#6538,.T.);
#9046=ORIENTED_EDGE('',*,*,#6531,.T.);
#9047=ORIENTED_EDGE('',*,*,#6538,.F.);
#9048=ORIENTED_EDGE('',*,*,#6539,.F.);
#9049=ORIENTED_EDGE('',*,*,#6540,.T.);
#9050=ORIENTED_EDGE('',*,*,#6532,.T.);
#9051=ORIENTED_EDGE('',*,*,#6540,.F.);
#9052=ORIENTED_EDGE('',*,*,#6541,.F.);
#9053=ORIENTED_EDGE('',*,*,#6542,.T.);
#9054=ORIENTED_EDGE('',*,*,#6533,.T.);
#9055=ORIENTED_EDGE('',*,*,#6542,.F.);
#9056=ORIENTED_EDGE('',*,*,#6543,.F.);
#9057=ORIENTED_EDGE('',*,*,#6544,.T.);
#9058=ORIENTED_EDGE('',*,*,#6528,.T.);
#9059=ORIENTED_EDGE('',*,*,#6544,.F.);
#9060=ORIENTED_EDGE('',*,*,#6545,.F.);
#9061=ORIENTED_EDGE('',*,*,#6534,.T.);
#9062=ORIENTED_EDGE('',*,*,#6535,.T.);
#9063=ORIENTED_EDGE('',*,*,#6545,.T.);
#9064=ORIENTED_EDGE('',*,*,#6543,.T.);
#9065=ORIENTED_EDGE('',*,*,#6541,.T.);
#9066=ORIENTED_EDGE('',*,*,#6539,.T.);
#9067=ORIENTED_EDGE('',*,*,#6537,.T.);
#9068=ORIENTED_EDGE('',*,*,#6546,.F.);
#9069=ORIENTED_EDGE('',*,*,#6547,.T.);
#9070=ORIENTED_EDGE('',*,*,#6548,.T.);
#9071=ORIENTED_EDGE('',*,*,#6547,.F.);
#9072=ORIENTED_EDGE('',*,*,#6549,.T.);
#9073=ORIENTED_EDGE('',*,*,#6546,.T.);
#9074=ORIENTED_EDGE('',*,*,#6549,.F.);
#9075=ORIENTED_EDGE('',*,*,#6550,.F.);
#9076=ORIENTED_EDGE('',*,*,#6551,.T.);
#9077=ORIENTED_EDGE('',*,*,#6552,.T.);
#9078=ORIENTED_EDGE('',*,*,#6551,.F.);
#9079=ORIENTED_EDGE('',*,*,#6553,.F.);
#9080=ORIENTED_EDGE('',*,*,#6554,.T.);
#9081=ORIENTED_EDGE('',*,*,#6555,.T.);
#9082=ORIENTED_EDGE('',*,*,#6554,.F.);
#9083=ORIENTED_EDGE('',*,*,#6553,.T.);
#9084=ORIENTED_EDGE('',*,*,#6556,.F.);
#9085=ORIENTED_EDGE('',*,*,#6557,.F.);
#9086=ORIENTED_EDGE('',*,*,#6558,.F.);
#9087=ORIENTED_EDGE('',*,*,#6559,.F.);
#9088=ORIENTED_EDGE('',*,*,#6560,.F.);
#9089=ORIENTED_EDGE('',*,*,#6561,.F.);
#9090=ORIENTED_EDGE('',*,*,#6555,.F.);
#9091=ORIENTED_EDGE('',*,*,#6550,.T.);
#9092=ORIENTED_EDGE('',*,*,#6552,.F.);
#9093=ORIENTED_EDGE('',*,*,#6548,.F.);
#9094=ORIENTED_EDGE('',*,*,#6557,.T.);
#9095=ORIENTED_EDGE('',*,*,#6562,.F.);
#9096=ORIENTED_EDGE('',*,*,#6563,.F.);
#9097=ORIENTED_EDGE('',*,*,#6564,.T.);
#9098=ORIENTED_EDGE('',*,*,#6558,.T.);
#9099=ORIENTED_EDGE('',*,*,#6564,.F.);
#9100=ORIENTED_EDGE('',*,*,#6565,.F.);
#9101=ORIENTED_EDGE('',*,*,#6566,.T.);
#9102=ORIENTED_EDGE('',*,*,#6559,.T.);
#9103=ORIENTED_EDGE('',*,*,#6566,.F.);
#9104=ORIENTED_EDGE('',*,*,#6567,.F.);
#9105=ORIENTED_EDGE('',*,*,#6568,.T.);
#9106=ORIENTED_EDGE('',*,*,#6560,.T.);
#9107=ORIENTED_EDGE('',*,*,#6568,.F.);
#9108=ORIENTED_EDGE('',*,*,#6569,.F.);
#9109=ORIENTED_EDGE('',*,*,#6570,.T.);
#9110=ORIENTED_EDGE('',*,*,#6561,.T.);
#9111=ORIENTED_EDGE('',*,*,#6570,.F.);
#9112=ORIENTED_EDGE('',*,*,#6571,.F.);
#9113=ORIENTED_EDGE('',*,*,#6572,.T.);
#9114=ORIENTED_EDGE('',*,*,#6556,.T.);
#9115=ORIENTED_EDGE('',*,*,#6572,.F.);
#9116=ORIENTED_EDGE('',*,*,#6573,.F.);
#9117=ORIENTED_EDGE('',*,*,#6562,.T.);
#9118=ORIENTED_EDGE('',*,*,#6563,.T.);
#9119=ORIENTED_EDGE('',*,*,#6573,.T.);
#9120=ORIENTED_EDGE('',*,*,#6571,.T.);
#9121=ORIENTED_EDGE('',*,*,#6569,.T.);
#9122=ORIENTED_EDGE('',*,*,#6567,.T.);
#9123=ORIENTED_EDGE('',*,*,#6565,.T.);
#9124=ORIENTED_EDGE('',*,*,#6574,.F.);
#9125=ORIENTED_EDGE('',*,*,#6575,.T.);
#9126=ORIENTED_EDGE('',*,*,#6576,.T.);
#9127=ORIENTED_EDGE('',*,*,#6575,.F.);
#9128=ORIENTED_EDGE('',*,*,#6577,.T.);
#9129=ORIENTED_EDGE('',*,*,#6574,.T.);
#9130=ORIENTED_EDGE('',*,*,#6577,.F.);
#9131=ORIENTED_EDGE('',*,*,#6578,.F.);
#9132=ORIENTED_EDGE('',*,*,#6579,.T.);
#9133=ORIENTED_EDGE('',*,*,#6580,.T.);
#9134=ORIENTED_EDGE('',*,*,#6579,.F.);
#9135=ORIENTED_EDGE('',*,*,#6581,.F.);
#9136=ORIENTED_EDGE('',*,*,#6582,.T.);
#9137=ORIENTED_EDGE('',*,*,#6583,.T.);
#9138=ORIENTED_EDGE('',*,*,#6582,.F.);
#9139=ORIENTED_EDGE('',*,*,#6581,.T.);
#9140=ORIENTED_EDGE('',*,*,#6584,.F.);
#9141=ORIENTED_EDGE('',*,*,#6585,.F.);
#9142=ORIENTED_EDGE('',*,*,#6586,.F.);
#9143=ORIENTED_EDGE('',*,*,#6587,.F.);
#9144=ORIENTED_EDGE('',*,*,#6588,.F.);
#9145=ORIENTED_EDGE('',*,*,#6589,.F.);
#9146=ORIENTED_EDGE('',*,*,#6583,.F.);
#9147=ORIENTED_EDGE('',*,*,#6578,.T.);
#9148=ORIENTED_EDGE('',*,*,#6580,.F.);
#9149=ORIENTED_EDGE('',*,*,#6576,.F.);
#9150=ORIENTED_EDGE('',*,*,#6585,.T.);
#9151=ORIENTED_EDGE('',*,*,#6590,.F.);
#9152=ORIENTED_EDGE('',*,*,#6591,.F.);
#9153=ORIENTED_EDGE('',*,*,#6592,.T.);
#9154=ORIENTED_EDGE('',*,*,#6586,.T.);
#9155=ORIENTED_EDGE('',*,*,#6592,.F.);
#9156=ORIENTED_EDGE('',*,*,#6593,.F.);
#9157=ORIENTED_EDGE('',*,*,#6594,.T.);
#9158=ORIENTED_EDGE('',*,*,#6587,.T.);
#9159=ORIENTED_EDGE('',*,*,#6594,.F.);
#9160=ORIENTED_EDGE('',*,*,#6595,.F.);
#9161=ORIENTED_EDGE('',*,*,#6596,.T.);
#9162=ORIENTED_EDGE('',*,*,#6588,.T.);
#9163=ORIENTED_EDGE('',*,*,#6596,.F.);
#9164=ORIENTED_EDGE('',*,*,#6597,.F.);
#9165=ORIENTED_EDGE('',*,*,#6598,.T.);
#9166=ORIENTED_EDGE('',*,*,#6589,.T.);
#9167=ORIENTED_EDGE('',*,*,#6598,.F.);
#9168=ORIENTED_EDGE('',*,*,#6599,.F.);
#9169=ORIENTED_EDGE('',*,*,#6600,.T.);
#9170=ORIENTED_EDGE('',*,*,#6584,.T.);
#9171=ORIENTED_EDGE('',*,*,#6600,.F.);
#9172=ORIENTED_EDGE('',*,*,#6601,.F.);
#9173=ORIENTED_EDGE('',*,*,#6590,.T.);
#9174=ORIENTED_EDGE('',*,*,#6591,.T.);
#9175=ORIENTED_EDGE('',*,*,#6601,.T.);
#9176=ORIENTED_EDGE('',*,*,#6599,.T.);
#9177=ORIENTED_EDGE('',*,*,#6597,.T.);
#9178=ORIENTED_EDGE('',*,*,#6595,.T.);
#9179=ORIENTED_EDGE('',*,*,#6593,.T.);
#9180=ORIENTED_EDGE('',*,*,#6602,.F.);
#9181=ORIENTED_EDGE('',*,*,#6603,.T.);
#9182=ORIENTED_EDGE('',*,*,#6604,.T.);
#9183=ORIENTED_EDGE('',*,*,#6603,.F.);
#9184=ORIENTED_EDGE('',*,*,#6604,.F.);
#9185=ORIENTED_EDGE('',*,*,#6605,.T.);
#9186=ORIENTED_EDGE('',*,*,#6606,.T.);
#9187=ORIENTED_EDGE('',*,*,#6605,.F.);
#9188=ORIENTED_EDGE('',*,*,#6607,.T.);
#9189=ORIENTED_EDGE('',*,*,#6608,.T.);
#9190=ORIENTED_EDGE('',*,*,#6609,.F.);
#9191=ORIENTED_EDGE('',*,*,#6608,.F.);
#9192=ORIENTED_EDGE('',*,*,#6609,.T.);
#9193=ORIENTED_EDGE('',*,*,#6602,.T.);
#9194=ORIENTED_EDGE('',*,*,#6607,.F.);
#9195=ORIENTED_EDGE('',*,*,#6610,.F.);
#9196=ORIENTED_EDGE('',*,*,#6611,.F.);
#9197=ORIENTED_EDGE('',*,*,#6612,.F.);
#9198=ORIENTED_EDGE('',*,*,#6613,.F.);
#9199=ORIENTED_EDGE('',*,*,#6614,.F.);
#9200=ORIENTED_EDGE('',*,*,#6615,.F.);
#9201=ORIENTED_EDGE('',*,*,#6606,.F.);
#9202=ORIENTED_EDGE('',*,*,#6611,.T.);
#9203=ORIENTED_EDGE('',*,*,#6616,.F.);
#9204=ORIENTED_EDGE('',*,*,#6617,.F.);
#9205=ORIENTED_EDGE('',*,*,#6618,.T.);
#9206=ORIENTED_EDGE('',*,*,#6612,.T.);
#9207=ORIENTED_EDGE('',*,*,#6618,.F.);
#9208=ORIENTED_EDGE('',*,*,#6619,.F.);
#9209=ORIENTED_EDGE('',*,*,#6620,.T.);
#9210=ORIENTED_EDGE('',*,*,#6613,.T.);
#9211=ORIENTED_EDGE('',*,*,#6620,.F.);
#9212=ORIENTED_EDGE('',*,*,#6621,.F.);
#9213=ORIENTED_EDGE('',*,*,#6622,.T.);
#9214=ORIENTED_EDGE('',*,*,#6614,.T.);
#9215=ORIENTED_EDGE('',*,*,#6622,.F.);
#9216=ORIENTED_EDGE('',*,*,#6623,.F.);
#9217=ORIENTED_EDGE('',*,*,#6624,.T.);
#9218=ORIENTED_EDGE('',*,*,#6615,.T.);
#9219=ORIENTED_EDGE('',*,*,#6624,.F.);
#9220=ORIENTED_EDGE('',*,*,#6625,.F.);
#9221=ORIENTED_EDGE('',*,*,#6626,.T.);
#9222=ORIENTED_EDGE('',*,*,#6610,.T.);
#9223=ORIENTED_EDGE('',*,*,#6626,.F.);
#9224=ORIENTED_EDGE('',*,*,#6627,.F.);
#9225=ORIENTED_EDGE('',*,*,#6616,.T.);
#9226=ORIENTED_EDGE('',*,*,#6617,.T.);
#9227=ORIENTED_EDGE('',*,*,#6627,.T.);
#9228=ORIENTED_EDGE('',*,*,#6625,.T.);
#9229=ORIENTED_EDGE('',*,*,#6623,.T.);
#9230=ORIENTED_EDGE('',*,*,#6621,.T.);
#9231=ORIENTED_EDGE('',*,*,#6619,.T.);
#9232=ORIENTED_EDGE('',*,*,#6628,.T.);
#9233=ORIENTED_EDGE('',*,*,#6629,.T.);
#9234=ORIENTED_EDGE('',*,*,#6630,.F.);
#9235=ORIENTED_EDGE('',*,*,#6629,.F.);
#9236=ORIENTED_EDGE('',*,*,#6631,.T.);
#9237=ORIENTED_EDGE('',*,*,#6632,.T.);
#9238=ORIENTED_EDGE('',*,*,#6633,.F.);
#9239=ORIENTED_EDGE('',*,*,#6632,.F.);
#9240=ORIENTED_EDGE('',*,*,#6633,.T.);
#9241=ORIENTED_EDGE('',*,*,#6628,.F.);
#9242=ORIENTED_EDGE('',*,*,#6631,.F.);
#9243=ORIENTED_EDGE('',*,*,#6630,.T.);
#9244=ORIENTED_EDGE('',*,*,#6634,.F.);
#9245=ORIENTED_EDGE('',*,*,#6635,.T.);
#9246=ORIENTED_EDGE('',*,*,#6636,.T.);
#9247=ORIENTED_EDGE('',*,*,#6635,.F.);
#9248=ORIENTED_EDGE('',*,*,#6636,.F.);
#9249=ORIENTED_EDGE('',*,*,#6637,.T.);
#9250=ORIENTED_EDGE('',*,*,#6638,.T.);
#9251=ORIENTED_EDGE('',*,*,#6637,.F.);
#9252=ORIENTED_EDGE('',*,*,#6639,.T.);
#9253=ORIENTED_EDGE('',*,*,#6640,.T.);
#9254=ORIENTED_EDGE('',*,*,#6641,.F.);
#9255=ORIENTED_EDGE('',*,*,#6640,.F.);
#9256=ORIENTED_EDGE('',*,*,#6641,.T.);
#9257=ORIENTED_EDGE('',*,*,#6634,.T.);
#9258=ORIENTED_EDGE('',*,*,#6639,.F.);
#9259=ORIENTED_EDGE('',*,*,#6642,.F.);
#9260=ORIENTED_EDGE('',*,*,#6643,.F.);
#9261=ORIENTED_EDGE('',*,*,#6644,.F.);
#9262=ORIENTED_EDGE('',*,*,#6645,.F.);
#9263=ORIENTED_EDGE('',*,*,#6646,.F.);
#9264=ORIENTED_EDGE('',*,*,#6647,.F.);
#9265=ORIENTED_EDGE('',*,*,#6638,.F.);
#9266=ORIENTED_EDGE('',*,*,#6643,.T.);
#9267=ORIENTED_EDGE('',*,*,#6648,.F.);
#9268=ORIENTED_EDGE('',*,*,#6649,.F.);
#9269=ORIENTED_EDGE('',*,*,#6650,.T.);
#9270=ORIENTED_EDGE('',*,*,#6644,.T.);
#9271=ORIENTED_EDGE('',*,*,#6650,.F.);
#9272=ORIENTED_EDGE('',*,*,#6651,.F.);
#9273=ORIENTED_EDGE('',*,*,#6652,.T.);
#9274=ORIENTED_EDGE('',*,*,#6645,.T.);
#9275=ORIENTED_EDGE('',*,*,#6652,.F.);
#9276=ORIENTED_EDGE('',*,*,#6653,.F.);
#9277=ORIENTED_EDGE('',*,*,#6654,.T.);
#9278=ORIENTED_EDGE('',*,*,#6646,.T.);
#9279=ORIENTED_EDGE('',*,*,#6654,.F.);
#9280=ORIENTED_EDGE('',*,*,#6655,.F.);
#9281=ORIENTED_EDGE('',*,*,#6656,.T.);
#9282=ORIENTED_EDGE('',*,*,#6647,.T.);
#9283=ORIENTED_EDGE('',*,*,#6656,.F.);
#9284=ORIENTED_EDGE('',*,*,#6657,.F.);
#9285=ORIENTED_EDGE('',*,*,#6658,.T.);
#9286=ORIENTED_EDGE('',*,*,#6642,.T.);
#9287=ORIENTED_EDGE('',*,*,#6658,.F.);
#9288=ORIENTED_EDGE('',*,*,#6659,.F.);
#9289=ORIENTED_EDGE('',*,*,#6648,.T.);
#9290=ORIENTED_EDGE('',*,*,#6649,.T.);
#9291=ORIENTED_EDGE('',*,*,#6659,.T.);
#9292=ORIENTED_EDGE('',*,*,#6657,.T.);
#9293=ORIENTED_EDGE('',*,*,#6655,.T.);
#9294=ORIENTED_EDGE('',*,*,#6653,.T.);
#9295=ORIENTED_EDGE('',*,*,#6651,.T.);
#9296=ORIENTED_EDGE('',*,*,#6660,.T.);
#9297=ORIENTED_EDGE('',*,*,#6661,.T.);
#9298=ORIENTED_EDGE('',*,*,#6662,.F.);
#9299=ORIENTED_EDGE('',*,*,#6661,.F.);
#9300=ORIENTED_EDGE('',*,*,#6663,.T.);
#9301=ORIENTED_EDGE('',*,*,#6664,.T.);
#9302=ORIENTED_EDGE('',*,*,#6665,.F.);
#9303=ORIENTED_EDGE('',*,*,#6664,.F.);
#9304=ORIENTED_EDGE('',*,*,#6665,.T.);
#9305=ORIENTED_EDGE('',*,*,#6660,.F.);
#9306=ORIENTED_EDGE('',*,*,#6663,.F.);
#9307=ORIENTED_EDGE('',*,*,#6662,.T.);
#9308=ORIENTED_EDGE('',*,*,#6666,.F.);
#9309=ORIENTED_EDGE('',*,*,#6667,.T.);
#9310=ORIENTED_EDGE('',*,*,#6668,.T.);
#9311=ORIENTED_EDGE('',*,*,#6667,.F.);
#9312=ORIENTED_EDGE('',*,*,#6668,.F.);
#9313=ORIENTED_EDGE('',*,*,#6669,.T.);
#9314=ORIENTED_EDGE('',*,*,#6670,.T.);
#9315=ORIENTED_EDGE('',*,*,#6669,.F.);
#9316=ORIENTED_EDGE('',*,*,#6671,.T.);
#9317=ORIENTED_EDGE('',*,*,#6672,.T.);
#9318=ORIENTED_EDGE('',*,*,#6673,.F.);
#9319=ORIENTED_EDGE('',*,*,#6672,.F.);
#9320=ORIENTED_EDGE('',*,*,#6673,.T.);
#9321=ORIENTED_EDGE('',*,*,#6666,.T.);
#9322=ORIENTED_EDGE('',*,*,#6671,.F.);
#9323=ORIENTED_EDGE('',*,*,#6674,.F.);
#9324=ORIENTED_EDGE('',*,*,#6675,.F.);
#9325=ORIENTED_EDGE('',*,*,#6676,.F.);
#9326=ORIENTED_EDGE('',*,*,#6677,.F.);
#9327=ORIENTED_EDGE('',*,*,#6678,.F.);
#9328=ORIENTED_EDGE('',*,*,#6679,.F.);
#9329=ORIENTED_EDGE('',*,*,#6670,.F.);
#9330=ORIENTED_EDGE('',*,*,#6675,.T.);
#9331=ORIENTED_EDGE('',*,*,#6680,.F.);
#9332=ORIENTED_EDGE('',*,*,#6681,.F.);
#9333=ORIENTED_EDGE('',*,*,#6682,.T.);
#9334=ORIENTED_EDGE('',*,*,#6676,.T.);
#9335=ORIENTED_EDGE('',*,*,#6682,.F.);
#9336=ORIENTED_EDGE('',*,*,#6683,.F.);
#9337=ORIENTED_EDGE('',*,*,#6684,.T.);
#9338=ORIENTED_EDGE('',*,*,#6677,.T.);
#9339=ORIENTED_EDGE('',*,*,#6684,.F.);
#9340=ORIENTED_EDGE('',*,*,#6685,.F.);
#9341=ORIENTED_EDGE('',*,*,#6686,.T.);
#9342=ORIENTED_EDGE('',*,*,#6678,.T.);
#9343=ORIENTED_EDGE('',*,*,#6686,.F.);
#9344=ORIENTED_EDGE('',*,*,#6687,.F.);
#9345=ORIENTED_EDGE('',*,*,#6688,.T.);
#9346=ORIENTED_EDGE('',*,*,#6679,.T.);
#9347=ORIENTED_EDGE('',*,*,#6688,.F.);
#9348=ORIENTED_EDGE('',*,*,#6689,.F.);
#9349=ORIENTED_EDGE('',*,*,#6690,.T.);
#9350=ORIENTED_EDGE('',*,*,#6674,.T.);
#9351=ORIENTED_EDGE('',*,*,#6690,.F.);
#9352=ORIENTED_EDGE('',*,*,#6691,.F.);
#9353=ORIENTED_EDGE('',*,*,#6680,.T.);
#9354=ORIENTED_EDGE('',*,*,#6681,.T.);
#9355=ORIENTED_EDGE('',*,*,#6691,.T.);
#9356=ORIENTED_EDGE('',*,*,#6689,.T.);
#9357=ORIENTED_EDGE('',*,*,#6687,.T.);
#9358=ORIENTED_EDGE('',*,*,#6685,.T.);
#9359=ORIENTED_EDGE('',*,*,#6683,.T.);
#9360=ORIENTED_EDGE('',*,*,#6692,.T.);
#9361=ORIENTED_EDGE('',*,*,#6693,.T.);
#9362=ORIENTED_EDGE('',*,*,#6694,.F.);
#9363=ORIENTED_EDGE('',*,*,#6693,.F.);
#9364=ORIENTED_EDGE('',*,*,#6695,.T.);
#9365=ORIENTED_EDGE('',*,*,#6696,.T.);
#9366=ORIENTED_EDGE('',*,*,#6697,.F.);
#9367=ORIENTED_EDGE('',*,*,#6696,.F.);
#9368=ORIENTED_EDGE('',*,*,#6697,.T.);
#9369=ORIENTED_EDGE('',*,*,#6692,.F.);
#9370=ORIENTED_EDGE('',*,*,#6695,.F.);
#9371=ORIENTED_EDGE('',*,*,#6694,.T.);
#9372=ORIENTED_EDGE('',*,*,#6698,.F.);
#9373=ORIENTED_EDGE('',*,*,#6699,.T.);
#9374=ORIENTED_EDGE('',*,*,#6700,.T.);
#9375=ORIENTED_EDGE('',*,*,#6699,.F.);
#9376=ORIENTED_EDGE('',*,*,#6700,.F.);
#9377=ORIENTED_EDGE('',*,*,#6701,.T.);
#9378=ORIENTED_EDGE('',*,*,#6702,.T.);
#9379=ORIENTED_EDGE('',*,*,#6701,.F.);
#9380=ORIENTED_EDGE('',*,*,#6703,.T.);
#9381=ORIENTED_EDGE('',*,*,#6704,.T.);
#9382=ORIENTED_EDGE('',*,*,#6705,.F.);
#9383=ORIENTED_EDGE('',*,*,#6704,.F.);
#9384=ORIENTED_EDGE('',*,*,#6705,.T.);
#9385=ORIENTED_EDGE('',*,*,#6698,.T.);
#9386=ORIENTED_EDGE('',*,*,#6703,.F.);
#9387=ORIENTED_EDGE('',*,*,#6706,.F.);
#9388=ORIENTED_EDGE('',*,*,#6707,.F.);
#9389=ORIENTED_EDGE('',*,*,#6708,.F.);
#9390=ORIENTED_EDGE('',*,*,#6709,.F.);
#9391=ORIENTED_EDGE('',*,*,#6710,.F.);
#9392=ORIENTED_EDGE('',*,*,#6711,.F.);
#9393=ORIENTED_EDGE('',*,*,#6702,.F.);
#9394=ORIENTED_EDGE('',*,*,#6707,.T.);
#9395=ORIENTED_EDGE('',*,*,#6712,.F.);
#9396=ORIENTED_EDGE('',*,*,#6713,.F.);
#9397=ORIENTED_EDGE('',*,*,#6714,.T.);
#9398=ORIENTED_EDGE('',*,*,#6708,.T.);
#9399=ORIENTED_EDGE('',*,*,#6714,.F.);
#9400=ORIENTED_EDGE('',*,*,#6715,.F.);
#9401=ORIENTED_EDGE('',*,*,#6716,.T.);
#9402=ORIENTED_EDGE('',*,*,#6709,.T.);
#9403=ORIENTED_EDGE('',*,*,#6716,.F.);
#9404=ORIENTED_EDGE('',*,*,#6717,.F.);
#9405=ORIENTED_EDGE('',*,*,#6718,.T.);
#9406=ORIENTED_EDGE('',*,*,#6710,.T.);
#9407=ORIENTED_EDGE('',*,*,#6718,.F.);
#9408=ORIENTED_EDGE('',*,*,#6719,.F.);
#9409=ORIENTED_EDGE('',*,*,#6720,.T.);
#9410=ORIENTED_EDGE('',*,*,#6711,.T.);
#9411=ORIENTED_EDGE('',*,*,#6720,.F.);
#9412=ORIENTED_EDGE('',*,*,#6721,.F.);
#9413=ORIENTED_EDGE('',*,*,#6722,.T.);
#9414=ORIENTED_EDGE('',*,*,#6706,.T.);
#9415=ORIENTED_EDGE('',*,*,#6722,.F.);
#9416=ORIENTED_EDGE('',*,*,#6723,.F.);
#9417=ORIENTED_EDGE('',*,*,#6712,.T.);
#9418=ORIENTED_EDGE('',*,*,#6713,.T.);
#9419=ORIENTED_EDGE('',*,*,#6723,.T.);
#9420=ORIENTED_EDGE('',*,*,#6721,.T.);
#9421=ORIENTED_EDGE('',*,*,#6719,.T.);
#9422=ORIENTED_EDGE('',*,*,#6717,.T.);
#9423=ORIENTED_EDGE('',*,*,#6715,.T.);
#9424=ORIENTED_EDGE('',*,*,#6724,.T.);
#9425=ORIENTED_EDGE('',*,*,#6725,.T.);
#9426=ORIENTED_EDGE('',*,*,#6726,.F.);
#9427=ORIENTED_EDGE('',*,*,#6725,.F.);
#9428=ORIENTED_EDGE('',*,*,#6727,.T.);
#9429=ORIENTED_EDGE('',*,*,#6728,.T.);
#9430=ORIENTED_EDGE('',*,*,#6729,.F.);
#9431=ORIENTED_EDGE('',*,*,#6728,.F.);
#9432=ORIENTED_EDGE('',*,*,#6729,.T.);
#9433=ORIENTED_EDGE('',*,*,#6724,.F.);
#9434=ORIENTED_EDGE('',*,*,#6727,.F.);
#9435=ORIENTED_EDGE('',*,*,#6726,.T.);
#9436=CONICAL_SURFACE('',#10916,3.99999999999994,0.785398163397462);
#9437=CONICAL_SURFACE('',#10924,2.99999999999994,0.78539816339745);
#9438=CONICAL_SURFACE('',#10983,1.24999999999999,1.02974425867665);
#9439=CONICAL_SURFACE('',#10987,1.69999999999999,1.02974425867665);
#9440=CONICAL_SURFACE('',#10991,1.24999999999999,1.02974425867665);
#9441=CONICAL_SURFACE('',#10995,1.69999999999999,1.02974425867665);
#9442=CONICAL_SURFACE('',#10996,5.5,0.523598775598301);
#9443=CONICAL_SURFACE('',#11004,1.24999999999999,1.02974425867665);
#9444=CONICAL_SURFACE('',#11008,1.69999999999999,1.02974425867665);
#9445=CONICAL_SURFACE('',#11012,1.24999999999999,1.02974425867665);
#9446=CONICAL_SURFACE('',#11016,1.69999999999999,1.02974425867665);
#9447=CONICAL_SURFACE('',#11017,7.5,0.523598775598297);
#9448=CONICAL_SURFACE('',#11020,1.5,0.523598775598299);
#9449=CONICAL_SURFACE('',#11023,7.5,0.523598775598296);
#9450=CONICAL_SURFACE('',#11026,1.5,0.523598775598298);
#9451=CONICAL_SURFACE('',#11029,5.5,0.5235987755983);
#9452=CONICAL_SURFACE('',#11081,7.5,0.436332312999);
#9453=CONICAL_SURFACE('',#11084,4.,0.436332312999);
#9454=CONICAL_SURFACE('',#11091,4.,0.436332312999);
#9455=CONICAL_SURFACE('',#11099,5.,0.523598775598);
#9456=CONICAL_SURFACE('',#11295,3.39999999999999,1.02974425867665);
#9457=CONICAL_SURFACE('',#11299,2.25,1.02974425867665);
#9458=CONICAL_SURFACE('',#11305,2.25,1.02974425867665);
#9459=CONICAL_SURFACE('',#11311,2.25,1.02974425867665);
#9460=CONICAL_SURFACE('',#11316,2.25,1.02974425867665);
#9461=CONICAL_SURFACE('',#11341,3.233,0.785398163397446);
#9462=CONICAL_SURFACE('',#11360,5.5,0.523598775598302);
#9463=CONICAL_SURFACE('',#11392,5.5,0.523598775598301);
#9464=CONICAL_SURFACE('',#11421,5.5,0.523598775598302);
#9465=CONICAL_SURFACE('',#11453,5.5,0.523598775598301);
#9466=CONICAL_SURFACE('',#11482,7.5,0.436332312999);
#9467=CONICAL_SURFACE('',#11485,4.,0.436332312999);
#9468=CONICAL_SURFACE('',#11492,4.,0.436332312999);
#9469=CONICAL_SURFACE('',#11500,5.,0.523598775598);
#9470=CONICAL_SURFACE('',#11505,7.5,0.436332312999);
#9471=CONICAL_SURFACE('',#11508,4.,0.436332312999);
#9472=CONICAL_SURFACE('',#11515,4.,0.436332312999);
#9473=CONICAL_SURFACE('',#11523,5.,0.523598775598);
#9474=CONICAL_SURFACE('',#11528,7.5,0.436332312999);
#9475=CONICAL_SURFACE('',#11531,4.,0.436332312999);
#9476=CONICAL_SURFACE('',#11538,4.,0.436332312999);
#9477=CONICAL_SURFACE('',#11546,5.,0.523598775598);
#9478=CONICAL_SURFACE('',#11551,7.5,0.436332312999);
#9479=CONICAL_SURFACE('',#11554,4.,0.436332312999);
#9480=CONICAL_SURFACE('',#11561,4.,0.436332312999);
#9481=CONICAL_SURFACE('',#11569,5.,0.523598775598);
#9482=CONICAL_SURFACE('',#11661,1.5,0.785398163397453);
#9483=CONICAL_SURFACE('',#11679,1.5,0.785398163397453);
#9484=CONICAL_SURFACE('',#11697,1.5,0.785398163397453);
#9485=CONICAL_SURFACE('',#11715,1.5,0.785398163397453);
#9486=CONICAL_SURFACE('',#11733,1.5,0.785398163397453);
#9487=CONICAL_SURFACE('',#11751,1.5,0.785398163397453);
#9488=CONICAL_SURFACE('',#11777,1.25,1.02974425867665);
#9489=CONICAL_SURFACE('',#11797,1.5,0.785398163397451);
#9490=CONICAL_SURFACE('',#11855,1.5,0.785398163397451);
#9491=CONICAL_SURFACE('',#11873,1.5,0.785398163397451);
#9492=CONICAL_SURFACE('',#11891,1.5,0.785398163397451);
#9493=CONICAL_SURFACE('',#11933,1.25,1.02974425867665);
#9494=CONICAL_SURFACE('',#11953,1.25,1.02974425867665);
#9495=CONICAL_SURFACE('',#11973,1.25,1.02974425867665);
#9496=CONICAL_SURFACE('',#11993,2.,0.785398163397453);
#9497=CONICAL_SURFACE('',#12019,2.,0.785398163397453);
#9498=CONICAL_SURFACE('',#12045,2.,0.785398163397453);
#9499=CONICAL_SURFACE('',#12071,2.,0.785398163397453);
#9500=STYLED_ITEM('',(#18166),#10197);
#9501=STYLED_ITEM('',(#18166),#10198);
#9502=STYLED_ITEM('',(#18166),#10199);
#9503=STYLED_ITEM('',(#18166),#10200);
#9504=STYLED_ITEM('',(#18166),#10201);
#9505=STYLED_ITEM('',(#18166),#10202);
#9506=STYLED_ITEM('',(#18166),#10203);
#9507=STYLED_ITEM('',(#18166),#10204);
#9508=STYLED_ITEM('',(#18166),#10205);
#9509=STYLED_ITEM('',(#18166),#10206);
#9510=STYLED_ITEM('',(#18166),#19);
#9511=STYLED_ITEM('',(#18166),#10207);
#9512=STYLED_ITEM('',(#18166),#10208);
#9513=STYLED_ITEM('',(#18166),#10209);
#9514=STYLED_ITEM('',(#18166),#10210);
#9515=STYLED_ITEM('',(#18166),#10211);
#9516=STYLED_ITEM('',(#18166),#10212);
#9517=STYLED_ITEM('',(#18166),#10213);
#9518=STYLED_ITEM('',(#18166),#10214);
#9519=STYLED_ITEM('',(#18166),#10215);
#9520=STYLED_ITEM('',(#18166),#10216);
#9521=STYLED_ITEM('',(#18166),#10217);
#9522=STYLED_ITEM('',(#18166),#10218);
#9523=STYLED_ITEM('',(#18166),#10219);
#9524=STYLED_ITEM('',(#18166),#10220);
#9525=STYLED_ITEM('',(#18166),#20);
#9526=STYLED_ITEM('',(#18166),#10221);
#9527=STYLED_ITEM('',(#18166),#10222);
#9528=STYLED_ITEM('',(#18166),#10223);
#9529=STYLED_ITEM('',(#18166),#10224);
#9530=STYLED_ITEM('',(#18166),#21);
#9531=STYLED_ITEM('',(#18166),#10225);
#9532=STYLED_ITEM('',(#18166),#10226);
#9533=STYLED_ITEM('',(#18166),#10227);
#9534=STYLED_ITEM('',(#18166),#10228);
#9535=STYLED_ITEM('',(#18166),#10229);
#9536=STYLED_ITEM('',(#18166),#22);
#9537=STYLED_ITEM('',(#18166),#10230);
#9538=STYLED_ITEM('',(#18166),#10231);
#9539=STYLED_ITEM('',(#18166),#10232);
#9540=STYLED_ITEM('',(#18166),#10233);
#9541=STYLED_ITEM('',(#18166),#10234);
#9542=STYLED_ITEM('',(#18166),#10235);
#9543=STYLED_ITEM('',(#18166),#10236);
#9544=STYLED_ITEM('',(#18166),#10237);
#9545=STYLED_ITEM('',(#18166),#10238);
#9546=STYLED_ITEM('',(#18166),#10239);
#9547=STYLED_ITEM('',(#18166),#10240);
#9548=STYLED_ITEM('',(#18166),#10241);
#9549=STYLED_ITEM('',(#18166),#10242);
#9550=STYLED_ITEM('',(#18166),#10243);
#9551=STYLED_ITEM('',(#18166),#10244);
#9552=STYLED_ITEM('',(#18166),#10245);
#9553=STYLED_ITEM('',(#18166),#10246);
#9554=STYLED_ITEM('',(#18166),#10247);
#9555=STYLED_ITEM('',(#18166),#10248);
#9556=STYLED_ITEM('',(#18166),#10249);
#9557=STYLED_ITEM('',(#18166),#10250);
#9558=STYLED_ITEM('',(#18166),#10251);
#9559=STYLED_ITEM('',(#18166),#10252);
#9560=STYLED_ITEM('',(#18166),#10253);
#9561=STYLED_ITEM('',(#18166),#10254);
#9562=STYLED_ITEM('',(#18166),#10255);
#9563=STYLED_ITEM('',(#18166),#10256);
#9564=STYLED_ITEM('',(#18166),#10257);
#9565=STYLED_ITEM('',(#18166),#10258);
#9566=STYLED_ITEM('',(#18166),#10259);
#9567=STYLED_ITEM('',(#18166),#10260);
#9568=STYLED_ITEM('',(#18166),#10261);
#9569=STYLED_ITEM('',(#18166),#10262);
#9570=STYLED_ITEM('',(#18166),#10263);
#9571=STYLED_ITEM('',(#18166),#10264);
#9572=STYLED_ITEM('',(#18166),#10265);
#9573=STYLED_ITEM('',(#18166),#10266);
#9574=STYLED_ITEM('',(#18166),#10267);
#9575=STYLED_ITEM('',(#18166),#10268);
#9576=STYLED_ITEM('',(#18166),#10269);
#9577=STYLED_ITEM('',(#18166),#10270);
#9578=STYLED_ITEM('',(#18166),#10271);
#9579=STYLED_ITEM('',(#18166),#10272);
#9580=STYLED_ITEM('',(#18166),#10273);
#9581=STYLED_ITEM('',(#18166),#10274);
#9582=STYLED_ITEM('',(#18166),#10275);
#9583=STYLED_ITEM('',(#18166),#10276);
#9584=STYLED_ITEM('',(#18166),#10277);
#9585=STYLED_ITEM('',(#18166),#10278);
#9586=STYLED_ITEM('',(#18166),#10279);
#9587=STYLED_ITEM('',(#18166),#10280);
#9588=STYLED_ITEM('',(#18166),#23);
#9589=STYLED_ITEM('',(#18166),#10281);
#9590=STYLED_ITEM('',(#18166),#10282);
#9591=STYLED_ITEM('',(#18166),#10283);
#9592=STYLED_ITEM('',(#18166),#10284);
#9593=STYLED_ITEM('',(#18166),#10285);
#9594=STYLED_ITEM('',(#18166),#10286);
#9595=STYLED_ITEM('',(#18166),#10287);
#9596=STYLED_ITEM('',(#18166),#10288);
#9597=STYLED_ITEM('',(#18166),#10289);
#9598=STYLED_ITEM('',(#18166),#10290);
#9599=STYLED_ITEM('',(#18166),#10291);
#9600=STYLED_ITEM('',(#18166),#24);
#9601=STYLED_ITEM('',(#18166),#10292);
#9602=STYLED_ITEM('',(#18166),#10293);
#9603=STYLED_ITEM('',(#18166),#10294);
#9604=STYLED_ITEM('',(#18166),#10295);
#9605=STYLED_ITEM('',(#18166),#10296);
#9606=STYLED_ITEM('',(#18166),#10297);
#9607=STYLED_ITEM('',(#18166),#10298);
#9608=STYLED_ITEM('',(#18166),#10299);
#9609=STYLED_ITEM('',(#18166),#10300);
#9610=STYLED_ITEM('',(#18166),#10301);
#9611=STYLED_ITEM('',(#18166),#10302);
#9612=STYLED_ITEM('',(#18166),#10303);
#9613=STYLED_ITEM('',(#18166),#10304);
#9614=STYLED_ITEM('',(#18166),#10305);
#9615=STYLED_ITEM('',(#18166),#10306);
#9616=STYLED_ITEM('',(#18166),#10307);
#9617=STYLED_ITEM('',(#18166),#10308);
#9618=STYLED_ITEM('',(#18166),#10309);
#9619=STYLED_ITEM('',(#18166),#10310);
#9620=STYLED_ITEM('',(#18166),#10311);
#9621=STYLED_ITEM('',(#18166),#10312);
#9622=STYLED_ITEM('',(#18166),#10313);
#9623=STYLED_ITEM('',(#18166),#10314);
#9624=STYLED_ITEM('',(#18166),#10315);
#9625=STYLED_ITEM('',(#18166),#25);
#9626=STYLED_ITEM('',(#18166),#10316);
#9627=STYLED_ITEM('',(#18166),#10317);
#9628=STYLED_ITEM('',(#18166),#10318);
#9629=STYLED_ITEM('',(#18166),#10319);
#9630=STYLED_ITEM('',(#18166),#10320);
#9631=STYLED_ITEM('',(#18166),#10321);
#9632=STYLED_ITEM('',(#18166),#10322);
#9633=STYLED_ITEM('',(#18166),#10323);
#9634=STYLED_ITEM('',(#18166),#10324);
#9635=STYLED_ITEM('',(#18166),#10325);
#9636=STYLED_ITEM('',(#18166),#10326);
#9637=STYLED_ITEM('',(#18166),#10327);
#9638=STYLED_ITEM('',(#18166),#10328);
#9639=STYLED_ITEM('',(#18166),#10329);
#9640=STYLED_ITEM('',(#18166),#10330);
#9641=STYLED_ITEM('',(#18166),#10331);
#9642=STYLED_ITEM('',(#18166),#10332);
#9643=STYLED_ITEM('',(#18166),#10333);
#9644=STYLED_ITEM('',(#18166),#10334);
#9645=STYLED_ITEM('',(#18166),#10335);
#9646=STYLED_ITEM('',(#18166),#10336);
#9647=STYLED_ITEM('',(#18166),#10337);
#9648=STYLED_ITEM('',(#18166),#10338);
#9649=STYLED_ITEM('',(#18166),#10339);
#9650=STYLED_ITEM('',(#18166),#10340);
#9651=STYLED_ITEM('',(#18166),#10341);
#9652=STYLED_ITEM('',(#18166),#26);
#9653=STYLED_ITEM('',(#18166),#10342);
#9654=STYLED_ITEM('',(#18166),#10343);
#9655=STYLED_ITEM('',(#18166),#10344);
#9656=STYLED_ITEM('',(#18166),#10345);
#9657=STYLED_ITEM('',(#18166),#10346);
#9658=STYLED_ITEM('',(#18166),#10347);
#9659=STYLED_ITEM('',(#18166),#10348);
#9660=STYLED_ITEM('',(#18166),#10349);
#9661=STYLED_ITEM('',(#18166),#10350);
#9662=STYLED_ITEM('',(#18166),#10351);
#9663=STYLED_ITEM('',(#18166),#10352);
#9664=STYLED_ITEM('',(#18166),#10353);
#9665=STYLED_ITEM('',(#18166),#10354);
#9666=STYLED_ITEM('',(#18166),#10355);
#9667=STYLED_ITEM('',(#18166),#10356);
#9668=STYLED_ITEM('',(#18166),#10357);
#9669=STYLED_ITEM('',(#18166),#10358);
#9670=STYLED_ITEM('',(#18166),#10359);
#9671=STYLED_ITEM('',(#18166),#10360);
#9672=STYLED_ITEM('',(#18166),#10361);
#9673=STYLED_ITEM('',(#18166),#10362);
#9674=STYLED_ITEM('',(#18166),#10363);
#9675=STYLED_ITEM('',(#18166),#10364);
#9676=STYLED_ITEM('',(#18166),#10365);
#9677=STYLED_ITEM('',(#18166),#10366);
#9678=STYLED_ITEM('',(#18166),#10367);
#9679=STYLED_ITEM('',(#18166),#27);
#9680=STYLED_ITEM('',(#18166),#10368);
#9681=STYLED_ITEM('',(#18166),#10369);
#9682=STYLED_ITEM('',(#18166),#10370);
#9683=STYLED_ITEM('',(#18166),#10371);
#9684=STYLED_ITEM('',(#18166),#10372);
#9685=STYLED_ITEM('',(#18166),#10373);
#9686=STYLED_ITEM('',(#18166),#10374);
#9687=STYLED_ITEM('',(#18166),#10375);
#9688=STYLED_ITEM('',(#18166),#10376);
#9689=STYLED_ITEM('',(#18166),#10377);
#9690=STYLED_ITEM('',(#18166),#10378);
#9691=STYLED_ITEM('',(#18166),#10379);
#9692=STYLED_ITEM('',(#18166),#10380);
#9693=STYLED_ITEM('',(#18166),#10381);
#9694=STYLED_ITEM('',(#18166),#10382);
#9695=STYLED_ITEM('',(#18166),#10383);
#9696=STYLED_ITEM('',(#18166),#10384);
#9697=STYLED_ITEM('',(#18166),#10385);
#9698=STYLED_ITEM('',(#18166),#10386);
#9699=STYLED_ITEM('',(#18166),#10387);
#9700=STYLED_ITEM('',(#18166),#10388);
#9701=STYLED_ITEM('',(#18166),#10389);
#9702=STYLED_ITEM('',(#18166),#28);
#9703=STYLED_ITEM('',(#18166),#10390);
#9704=STYLED_ITEM('',(#18166),#10391);
#9705=STYLED_ITEM('',(#18166),#10392);
#9706=STYLED_ITEM('',(#18166),#10393);
#9707=STYLED_ITEM('',(#18166),#10394);
#9708=STYLED_ITEM('',(#18166),#10395);
#9709=STYLED_ITEM('',(#18166),#10396);
#9710=STYLED_ITEM('',(#18166),#10397);
#9711=STYLED_ITEM('',(#18166),#10398);
#9712=STYLED_ITEM('',(#18166),#10399);
#9713=STYLED_ITEM('',(#18166),#10400);
#9714=STYLED_ITEM('',(#18166),#10401);
#9715=STYLED_ITEM('',(#18166),#29);
#9716=STYLED_ITEM('',(#18166),#10402);
#9717=STYLED_ITEM('',(#18166),#10403);
#9718=STYLED_ITEM('',(#18166),#10404);
#9719=STYLED_ITEM('',(#18166),#10405);
#9720=STYLED_ITEM('',(#18166),#10406);
#9721=STYLED_ITEM('',(#18166),#10407);
#9722=STYLED_ITEM('',(#18166),#10408);
#9723=STYLED_ITEM('',(#18166),#10409);
#9724=STYLED_ITEM('',(#18166),#10410);
#9725=STYLED_ITEM('',(#18166),#10411);
#9726=STYLED_ITEM('',(#18166),#10412);
#9727=STYLED_ITEM('',(#18166),#10413);
#9728=STYLED_ITEM('',(#18166),#10414);
#9729=STYLED_ITEM('',(#18166),#10415);
#9730=STYLED_ITEM('',(#18166),#10416);
#9731=STYLED_ITEM('',(#18166),#30);
#9732=STYLED_ITEM('',(#18166),#10417);
#9733=STYLED_ITEM('',(#18166),#10418);
#9734=STYLED_ITEM('',(#18166),#10419);
#9735=STYLED_ITEM('',(#18166),#10420);
#9736=STYLED_ITEM('',(#18166),#10421);
#9737=STYLED_ITEM('',(#18166),#10422);
#9738=STYLED_ITEM('',(#18166),#10423);
#9739=STYLED_ITEM('',(#18166),#10424);
#9740=STYLED_ITEM('',(#18166),#10425);
#9741=STYLED_ITEM('',(#18166),#10426);
#9742=STYLED_ITEM('',(#18166),#10427);
#9743=STYLED_ITEM('',(#18166),#10428);
#9744=STYLED_ITEM('',(#18166),#10429);
#9745=STYLED_ITEM('',(#18166),#10430);
#9746=STYLED_ITEM('',(#18166),#31);
#9747=STYLED_ITEM('',(#18166),#10431);
#9748=STYLED_ITEM('',(#18166),#10432);
#9749=STYLED_ITEM('',(#18166),#10433);
#9750=STYLED_ITEM('',(#18166),#10434);
#9751=STYLED_ITEM('',(#18166),#10435);
#9752=STYLED_ITEM('',(#18166),#10436);
#9753=STYLED_ITEM('',(#18166),#10437);
#9754=STYLED_ITEM('',(#18166),#10438);
#9755=STYLED_ITEM('',(#18166),#10439);
#9756=STYLED_ITEM('',(#18166),#10440);
#9757=STYLED_ITEM('',(#18166),#10441);
#9758=STYLED_ITEM('',(#18166),#10442);
#9759=STYLED_ITEM('',(#18166),#10443);
#9760=STYLED_ITEM('',(#18166),#10444);
#9761=STYLED_ITEM('',(#18166),#10445);
#9762=STYLED_ITEM('',(#18166),#32);
#9763=STYLED_ITEM('',(#18166),#10446);
#9764=STYLED_ITEM('',(#18166),#10447);
#9765=STYLED_ITEM('',(#18166),#10448);
#9766=STYLED_ITEM('',(#18166),#10449);
#9767=STYLED_ITEM('',(#18166),#10450);
#9768=STYLED_ITEM('',(#18166),#10451);
#9769=STYLED_ITEM('',(#18166),#10452);
#9770=STYLED_ITEM('',(#18166),#10453);
#9771=STYLED_ITEM('',(#18166),#10454);
#9772=STYLED_ITEM('',(#18166),#10455);
#9773=STYLED_ITEM('',(#18166),#10456);
#9774=STYLED_ITEM('',(#18166),#10457);
#9775=STYLED_ITEM('',(#18166),#10458);
#9776=STYLED_ITEM('',(#18166),#10459);
#9777=STYLED_ITEM('',(#18166),#33);
#9778=STYLED_ITEM('',(#18166),#10460);
#9779=STYLED_ITEM('',(#18166),#10461);
#9780=STYLED_ITEM('',(#18166),#10462);
#9781=STYLED_ITEM('',(#18166),#10463);
#9782=STYLED_ITEM('',(#18166),#10464);
#9783=STYLED_ITEM('',(#18166),#10465);
#9784=STYLED_ITEM('',(#18166),#10466);
#9785=STYLED_ITEM('',(#18166),#10467);
#9786=STYLED_ITEM('',(#18166),#10468);
#9787=STYLED_ITEM('',(#18166),#10469);
#9788=STYLED_ITEM('',(#18166),#10470);
#9789=STYLED_ITEM('',(#18166),#34);
#9790=STYLED_ITEM('',(#18166),#10471);
#9791=STYLED_ITEM('',(#18166),#10472);
#9792=STYLED_ITEM('',(#18166),#10473);
#9793=STYLED_ITEM('',(#18166),#10474);
#9794=STYLED_ITEM('',(#18166),#10475);
#9795=STYLED_ITEM('',(#18166),#10476);
#9796=STYLED_ITEM('',(#18166),#10477);
#9797=STYLED_ITEM('',(#18166),#10478);
#9798=STYLED_ITEM('',(#18166),#10479);
#9799=STYLED_ITEM('',(#18166),#10480);
#9800=STYLED_ITEM('',(#18166),#10481);
#9801=STYLED_ITEM('',(#18166),#35);
#9802=STYLED_ITEM('',(#18166),#10482);
#9803=STYLED_ITEM('',(#18166),#10483);
#9804=STYLED_ITEM('',(#18166),#10484);
#9805=STYLED_ITEM('',(#18166),#10485);
#9806=STYLED_ITEM('',(#18166),#10486);
#9807=STYLED_ITEM('',(#18166),#10487);
#9808=STYLED_ITEM('',(#18166),#10488);
#9809=STYLED_ITEM('',(#18166),#10489);
#9810=STYLED_ITEM('',(#18166),#10490);
#9811=STYLED_ITEM('',(#18166),#10491);
#9812=STYLED_ITEM('',(#18166),#10492);
#9813=STYLED_ITEM('',(#18166),#36);
#9814=STYLED_ITEM('',(#18166),#10493);
#9815=STYLED_ITEM('',(#18166),#10494);
#9816=STYLED_ITEM('',(#18166),#10495);
#9817=STYLED_ITEM('',(#18166),#10496);
#9818=STYLED_ITEM('',(#18166),#10497);
#9819=STYLED_ITEM('',(#18166),#10498);
#9820=STYLED_ITEM('',(#18166),#10499);
#9821=STYLED_ITEM('',(#18166),#10500);
#9822=STYLED_ITEM('',(#18166),#10501);
#9823=STYLED_ITEM('',(#18166),#10502);
#9824=STYLED_ITEM('',(#18166),#10503);
#9825=STYLED_ITEM('',(#18166),#37);
#9826=STYLED_ITEM('',(#18166),#10504);
#9827=STYLED_ITEM('',(#18166),#10505);
#9828=STYLED_ITEM('',(#18166),#10506);
#9829=STYLED_ITEM('',(#18166),#10507);
#9830=STYLED_ITEM('',(#18166),#10508);
#9831=STYLED_ITEM('',(#18166),#10509);
#9832=STYLED_ITEM('',(#18166),#10510);
#9833=STYLED_ITEM('',(#18166),#10511);
#9834=STYLED_ITEM('',(#18166),#10512);
#9835=STYLED_ITEM('',(#18166),#10513);
#9836=STYLED_ITEM('',(#18166),#10514);
#9837=STYLED_ITEM('',(#18166),#10515);
#9838=STYLED_ITEM('',(#18166),#10516);
#9839=STYLED_ITEM('',(#18166),#10517);
#9840=STYLED_ITEM('',(#18166),#38);
#9841=STYLED_ITEM('',(#18166),#10518);
#9842=STYLED_ITEM('',(#18166),#10519);
#9843=STYLED_ITEM('',(#18166),#10520);
#9844=STYLED_ITEM('',(#18166),#10521);
#9845=STYLED_ITEM('',(#18166),#10522);
#9846=STYLED_ITEM('',(#18166),#10523);
#9847=STYLED_ITEM('',(#18166),#10524);
#9848=STYLED_ITEM('',(#18166),#10525);
#9849=STYLED_ITEM('',(#18166),#10526);
#9850=STYLED_ITEM('',(#18166),#10527);
#9851=STYLED_ITEM('',(#18166),#10528);
#9852=STYLED_ITEM('',(#18166),#10529);
#9853=STYLED_ITEM('',(#18166),#10530);
#9854=STYLED_ITEM('',(#18166),#10531);
#9855=STYLED_ITEM('',(#18166),#39);
#9856=STYLED_ITEM('',(#18166),#10532);
#9857=STYLED_ITEM('',(#18166),#10533);
#9858=STYLED_ITEM('',(#18166),#10534);
#9859=STYLED_ITEM('',(#18166),#10535);
#9860=STYLED_ITEM('',(#18166),#40);
#9861=STYLED_ITEM('',(#18166),#10536);
#9862=STYLED_ITEM('',(#18166),#10537);
#9863=STYLED_ITEM('',(#18166),#10538);
#9864=STYLED_ITEM('',(#18166),#10539);
#9865=STYLED_ITEM('',(#18166),#41);
#9866=STYLED_ITEM('',(#18166),#10540);
#9867=STYLED_ITEM('',(#18166),#10541);
#9868=STYLED_ITEM('',(#18166),#10542);
#9869=STYLED_ITEM('',(#18166),#10543);
#9870=STYLED_ITEM('',(#18166),#42);
#9871=STYLED_ITEM('',(#18166),#10544);
#9872=STYLED_ITEM('',(#18166),#10545);
#9873=STYLED_ITEM('',(#18166),#10546);
#9874=STYLED_ITEM('',(#18166),#10547);
#9875=STYLED_ITEM('',(#18166),#43);
#9876=STYLED_ITEM('',(#18166),#10548);
#9877=STYLED_ITEM('',(#18166),#10549);
#9878=STYLED_ITEM('',(#18166),#10550);
#9879=STYLED_ITEM('',(#18166),#10551);
#9880=STYLED_ITEM('',(#18166),#10552);
#9881=STYLED_ITEM('',(#18166),#10553);
#9882=STYLED_ITEM('',(#18166),#10554);
#9883=STYLED_ITEM('',(#18166),#10555);
#9884=STYLED_ITEM('',(#18166),#10556);
#9885=STYLED_ITEM('',(#18166),#10557);
#9886=STYLED_ITEM('',(#18166),#10558);
#9887=STYLED_ITEM('',(#18166),#10559);
#9888=STYLED_ITEM('',(#18166),#10560);
#9889=STYLED_ITEM('',(#18166),#44);
#9890=STYLED_ITEM('',(#18166),#10561);
#9891=STYLED_ITEM('',(#18166),#10562);
#9892=STYLED_ITEM('',(#18166),#10563);
#9893=STYLED_ITEM('',(#18166),#10564);
#9894=STYLED_ITEM('',(#18166),#10565);
#9895=STYLED_ITEM('',(#18166),#10566);
#9896=STYLED_ITEM('',(#18166),#10567);
#9897=STYLED_ITEM('',(#18166),#10568);
#9898=STYLED_ITEM('',(#18166),#10569);
#9899=STYLED_ITEM('',(#18166),#10570);
#9900=STYLED_ITEM('',(#18166),#10571);
#9901=STYLED_ITEM('',(#18166),#10572);
#9902=STYLED_ITEM('',(#18166),#10573);
#9903=STYLED_ITEM('',(#18166),#45);
#9904=STYLED_ITEM('',(#18166),#10574);
#9905=STYLED_ITEM('',(#18166),#10575);
#9906=STYLED_ITEM('',(#18166),#10576);
#9907=STYLED_ITEM('',(#18166),#10577);
#9908=STYLED_ITEM('',(#18166),#10578);
#9909=STYLED_ITEM('',(#18166),#10579);
#9910=STYLED_ITEM('',(#18166),#10580);
#9911=STYLED_ITEM('',(#18166),#10581);
#9912=STYLED_ITEM('',(#18166),#10582);
#9913=STYLED_ITEM('',(#18166),#10583);
#9914=STYLED_ITEM('',(#18166),#10584);
#9915=STYLED_ITEM('',(#18166),#10585);
#9916=STYLED_ITEM('',(#18166),#10586);
#9917=STYLED_ITEM('',(#18166),#46);
#9918=STYLED_ITEM('',(#18166),#10587);
#9919=STYLED_ITEM('',(#18166),#10588);
#9920=STYLED_ITEM('',(#18166),#10589);
#9921=STYLED_ITEM('',(#18166),#10590);
#9922=STYLED_ITEM('',(#18166),#10591);
#9923=STYLED_ITEM('',(#18166),#10592);
#9924=STYLED_ITEM('',(#18166),#10593);
#9925=STYLED_ITEM('',(#18166),#10594);
#9926=STYLED_ITEM('',(#18166),#10595);
#9927=STYLED_ITEM('',(#18166),#10596);
#9928=STYLED_ITEM('',(#18166),#10597);
#9929=STYLED_ITEM('',(#18166),#10598);
#9930=STYLED_ITEM('',(#18166),#10599);
#9931=STYLED_ITEM('',(#18166),#47);
#9932=STYLED_ITEM('',(#18166),#10600);
#9933=STYLED_ITEM('',(#18166),#10601);
#9934=STYLED_ITEM('',(#18166),#10602);
#9935=STYLED_ITEM('',(#18166),#10603);
#9936=STYLED_ITEM('',(#18166),#10604);
#9937=STYLED_ITEM('',(#18166),#10605);
#9938=STYLED_ITEM('',(#18166),#10606);
#9939=STYLED_ITEM('',(#18166),#10607);
#9940=STYLED_ITEM('',(#18166),#10608);
#9941=STYLED_ITEM('',(#18166),#10609);
#9942=STYLED_ITEM('',(#18166),#10610);
#9943=STYLED_ITEM('',(#18166),#10611);
#9944=STYLED_ITEM('',(#18166),#10612);
#9945=STYLED_ITEM('',(#18166),#48);
#9946=STYLED_ITEM('',(#18166),#10613);
#9947=STYLED_ITEM('',(#18166),#10614);
#9948=STYLED_ITEM('',(#18166),#10615);
#9949=STYLED_ITEM('',(#18166),#10616);
#9950=STYLED_ITEM('',(#18166),#10617);
#9951=STYLED_ITEM('',(#18166),#10618);
#9952=STYLED_ITEM('',(#18166),#10619);
#9953=STYLED_ITEM('',(#18166),#10620);
#9954=STYLED_ITEM('',(#18166),#10621);
#9955=STYLED_ITEM('',(#18166),#10622);
#9956=STYLED_ITEM('',(#18166),#10623);
#9957=STYLED_ITEM('',(#18166),#10624);
#9958=STYLED_ITEM('',(#18166),#10625);
#9959=STYLED_ITEM('',(#18166),#49);
#9960=STYLED_ITEM('',(#18166),#10626);
#9961=STYLED_ITEM('',(#18166),#10627);
#9962=STYLED_ITEM('',(#18166),#10628);
#9963=STYLED_ITEM('',(#18166),#10629);
#9964=STYLED_ITEM('',(#18166),#50);
#9965=STYLED_ITEM('',(#18166),#10630);
#9966=STYLED_ITEM('',(#18166),#10631);
#9967=STYLED_ITEM('',(#18166),#10632);
#9968=STYLED_ITEM('',(#18166),#10633);
#9969=STYLED_ITEM('',(#18166),#10634);
#9970=STYLED_ITEM('',(#18166),#10635);
#9971=STYLED_ITEM('',(#18166),#10636);
#9972=STYLED_ITEM('',(#18166),#10637);
#9973=STYLED_ITEM('',(#18166),#10638);
#9974=STYLED_ITEM('',(#18166),#10639);
#9975=STYLED_ITEM('',(#18166),#10640);
#9976=STYLED_ITEM('',(#18166),#10641);
#9977=STYLED_ITEM('',(#18166),#10642);
#9978=STYLED_ITEM('',(#18166),#10643);
#9979=STYLED_ITEM('',(#18166),#51);
#9980=STYLED_ITEM('',(#18166),#10644);
#9981=STYLED_ITEM('',(#18166),#10645);
#9982=STYLED_ITEM('',(#18166),#10646);
#9983=STYLED_ITEM('',(#18166),#10647);
#9984=STYLED_ITEM('',(#18166),#10648);
#9985=STYLED_ITEM('',(#18166),#10649);
#9986=STYLED_ITEM('',(#18166),#10650);
#9987=STYLED_ITEM('',(#18166),#10651);
#9988=STYLED_ITEM('',(#18166),#10652);
#9989=STYLED_ITEM('',(#18166),#10653);
#9990=STYLED_ITEM('',(#18166),#10654);
#9991=STYLED_ITEM('',(#18166),#10655);
#9992=STYLED_ITEM('',(#18166),#10656);
#9993=STYLED_ITEM('',(#18166),#52);
#9994=STYLED_ITEM('',(#18166),#10657);
#9995=STYLED_ITEM('',(#18166),#10658);
#9996=STYLED_ITEM('',(#18166),#10659);
#9997=STYLED_ITEM('',(#18166),#10660);
#9998=STYLED_ITEM('',(#18166),#53);
#9999=STYLED_ITEM('',(#18166),#10661);
#10000=STYLED_ITEM('',(#18166),#10662);
#10001=STYLED_ITEM('',(#18166),#10663);
#10002=STYLED_ITEM('',(#18166),#10664);
#10003=STYLED_ITEM('',(#18166),#54);
#10004=STYLED_ITEM('',(#18166),#10665);
#10005=STYLED_ITEM('',(#18166),#10666);
#10006=STYLED_ITEM('',(#18166),#10667);
#10007=STYLED_ITEM('',(#18166),#10668);
#10008=STYLED_ITEM('',(#18166),#55);
#10009=STYLED_ITEM('',(#18166),#10669);
#10010=STYLED_ITEM('',(#18166),#10670);
#10011=STYLED_ITEM('',(#18166),#10671);
#10012=STYLED_ITEM('',(#18166),#10672);
#10013=STYLED_ITEM('',(#18166),#56);
#10014=STYLED_ITEM('',(#18166),#10673);
#10015=STYLED_ITEM('',(#18166),#10674);
#10016=STYLED_ITEM('',(#18166),#10675);
#10017=STYLED_ITEM('',(#18166),#10676);
#10018=STYLED_ITEM('',(#18166),#57);
#10019=STYLED_ITEM('',(#18166),#10677);
#10020=STYLED_ITEM('',(#18166),#10678);
#10021=STYLED_ITEM('',(#18166),#10679);
#10022=STYLED_ITEM('',(#18166),#10680);
#10023=STYLED_ITEM('',(#18166),#10681);
#10024=STYLED_ITEM('',(#18166),#10682);
#10025=STYLED_ITEM('',(#18166),#10683);
#10026=STYLED_ITEM('',(#18166),#10684);
#10027=STYLED_ITEM('',(#18166),#10685);
#10028=STYLED_ITEM('',(#18166),#10686);
#10029=STYLED_ITEM('',(#18166),#10687);
#10030=STYLED_ITEM('',(#18166),#10688);
#10031=STYLED_ITEM('',(#18166),#10689);
#10032=STYLED_ITEM('',(#18166),#58);
#10033=STYLED_ITEM('',(#18166),#10690);
#10034=STYLED_ITEM('',(#18166),#10691);
#10035=STYLED_ITEM('',(#18166),#10692);
#10036=STYLED_ITEM('',(#18166),#10693);
#10037=STYLED_ITEM('',(#18166),#10694);
#10038=STYLED_ITEM('',(#18166),#10695);
#10039=STYLED_ITEM('',(#18166),#10696);
#10040=STYLED_ITEM('',(#18166),#10697);
#10041=STYLED_ITEM('',(#18166),#10698);
#10042=STYLED_ITEM('',(#18166),#10699);
#10043=STYLED_ITEM('',(#18166),#10700);
#10044=STYLED_ITEM('',(#18166),#10701);
#10045=STYLED_ITEM('',(#18166),#10702);
#10046=STYLED_ITEM('',(#18166),#59);
#10047=STYLED_ITEM('',(#18166),#10703);
#10048=STYLED_ITEM('',(#18166),#10704);
#10049=STYLED_ITEM('',(#18166),#10705);
#10050=STYLED_ITEM('',(#18166),#10706);
#10051=STYLED_ITEM('',(#18166),#10707);
#10052=STYLED_ITEM('',(#18166),#10708);
#10053=STYLED_ITEM('',(#18166),#10709);
#10054=STYLED_ITEM('',(#18166),#10710);
#10055=STYLED_ITEM('',(#18166),#10711);
#10056=STYLED_ITEM('',(#18166),#10712);
#10057=STYLED_ITEM('',(#18166),#10713);
#10058=STYLED_ITEM('',(#18166),#10714);
#10059=STYLED_ITEM('',(#18166),#10715);
#10060=STYLED_ITEM('',(#18166),#60);
#10061=STYLED_ITEM('',(#18166),#10716);
#10062=STYLED_ITEM('',(#18166),#10717);
#10063=STYLED_ITEM('',(#18166),#10718);
#10064=STYLED_ITEM('',(#18166),#10719);
#10065=STYLED_ITEM('',(#18166),#61);
#10066=STYLED_ITEM('',(#18166),#10720);
#10067=STYLED_ITEM('',(#18166),#10721);
#10068=STYLED_ITEM('',(#18166),#10722);
#10069=STYLED_ITEM('',(#18166),#10723);
#10070=STYLED_ITEM('',(#18166),#62);
#10071=STYLED_ITEM('',(#18166),#10724);
#10072=STYLED_ITEM('',(#18166),#10725);
#10073=STYLED_ITEM('',(#18166),#10726);
#10074=STYLED_ITEM('',(#18166),#10727);
#10075=STYLED_ITEM('',(#18166),#63);
#10076=STYLED_ITEM('',(#18166),#10728);
#10077=STYLED_ITEM('',(#18166),#10729);
#10078=STYLED_ITEM('',(#18166),#10730);
#10079=STYLED_ITEM('',(#18166),#10731);
#10080=STYLED_ITEM('',(#18166),#10732);
#10081=STYLED_ITEM('',(#18166),#10733);
#10082=STYLED_ITEM('',(#18166),#10734);
#10083=STYLED_ITEM('',(#18166),#10735);
#10084=STYLED_ITEM('',(#18166),#10736);
#10085=STYLED_ITEM('',(#18166),#10737);
#10086=STYLED_ITEM('',(#18166),#10738);
#10087=STYLED_ITEM('',(#18166),#10739);
#10088=STYLED_ITEM('',(#18166),#10740);
#10089=STYLED_ITEM('',(#18166),#10741);
#10090=STYLED_ITEM('',(#18166),#64);
#10091=STYLED_ITEM('',(#18166),#10742);
#10092=STYLED_ITEM('',(#18166),#10743);
#10093=STYLED_ITEM('',(#18166),#10744);
#10094=STYLED_ITEM('',(#18166),#10745);
#10095=STYLED_ITEM('',(#18166),#10746);
#10096=STYLED_ITEM('',(#18166),#10747);
#10097=STYLED_ITEM('',(#18166),#10748);
#10098=STYLED_ITEM('',(#18166),#10749);
#10099=STYLED_ITEM('',(#18166),#10750);
#10100=STYLED_ITEM('',(#18166),#10751);
#10101=STYLED_ITEM('',(#18166),#10752);
#10102=STYLED_ITEM('',(#18166),#10753);
#10103=STYLED_ITEM('',(#18166),#10754);
#10104=STYLED_ITEM('',(#18166),#10755);
#10105=STYLED_ITEM('',(#18166),#65);
#10106=STYLED_ITEM('',(#18166),#10756);
#10107=STYLED_ITEM('',(#18166),#10757);
#10108=STYLED_ITEM('',(#18166),#10758);
#10109=STYLED_ITEM('',(#18166),#10759);
#10110=STYLED_ITEM('',(#18166),#10760);
#10111=STYLED_ITEM('',(#18166),#10761);
#10112=STYLED_ITEM('',(#18166),#10762);
#10113=STYLED_ITEM('',(#18166),#10763);
#10114=STYLED_ITEM('',(#18166),#10764);
#10115=STYLED_ITEM('',(#18166),#10765);
#10116=STYLED_ITEM('',(#18166),#10766);
#10117=STYLED_ITEM('',(#18166),#10767);
#10118=STYLED_ITEM('',(#18166),#10768);
#10119=STYLED_ITEM('',(#18166),#10769);
#10120=STYLED_ITEM('',(#18166),#66);
#10121=STYLED_ITEM('',(#18166),#10770);
#10122=STYLED_ITEM('',(#18166),#10771);
#10123=STYLED_ITEM('',(#18166),#10772);
#10124=STYLED_ITEM('',(#18166),#10773);
#10125=STYLED_ITEM('',(#18166),#10774);
#10126=STYLED_ITEM('',(#18166),#10775);
#10127=STYLED_ITEM('',(#18166),#10776);
#10128=STYLED_ITEM('',(#18166),#10777);
#10129=STYLED_ITEM('',(#18166),#10778);
#10130=STYLED_ITEM('',(#18166),#10779);
#10131=STYLED_ITEM('',(#18166),#10780);
#10132=STYLED_ITEM('',(#18166),#10781);
#10133=STYLED_ITEM('',(#18166),#10782);
#10134=STYLED_ITEM('',(#18166),#67);
#10135=STYLED_ITEM('',(#18166),#10783);
#10136=STYLED_ITEM('',(#18166),#10784);
#10137=STYLED_ITEM('',(#18166),#10785);
#10138=STYLED_ITEM('',(#18166),#10786);
#10139=STYLED_ITEM('',(#18166),#68);
#10140=STYLED_ITEM('',(#18166),#10787);
#10141=STYLED_ITEM('',(#18166),#10788);
#10142=STYLED_ITEM('',(#18166),#10789);
#10143=STYLED_ITEM('',(#18166),#10790);
#10144=STYLED_ITEM('',(#18166),#10791);
#10145=STYLED_ITEM('',(#18166),#10792);
#10146=STYLED_ITEM('',(#18166),#10793);
#10147=STYLED_ITEM('',(#18166),#10794);
#10148=STYLED_ITEM('',(#18166),#10795);
#10149=STYLED_ITEM('',(#18166),#10796);
#10150=STYLED_ITEM('',(#18166),#10797);
#10151=STYLED_ITEM('',(#18166),#10798);
#10152=STYLED_ITEM('',(#18166),#10799);
#10153=STYLED_ITEM('',(#18166),#69);
#10154=STYLED_ITEM('',(#18166),#10800);
#10155=STYLED_ITEM('',(#18166),#10801);
#10156=STYLED_ITEM('',(#18166),#10802);
#10157=STYLED_ITEM('',(#18166),#10803);
#10158=STYLED_ITEM('',(#18166),#70);
#10159=STYLED_ITEM('',(#18166),#10804);
#10160=STYLED_ITEM('',(#18166),#10805);
#10161=STYLED_ITEM('',(#18166),#10806);
#10162=STYLED_ITEM('',(#18166),#10807);
#10163=STYLED_ITEM('',(#18166),#10808);
#10164=STYLED_ITEM('',(#18166),#10809);
#10165=STYLED_ITEM('',(#18166),#10810);
#10166=STYLED_ITEM('',(#18166),#10811);
#10167=STYLED_ITEM('',(#18166),#10812);
#10168=STYLED_ITEM('',(#18166),#10813);
#10169=STYLED_ITEM('',(#18166),#10814);
#10170=STYLED_ITEM('',(#18166),#10815);
#10171=STYLED_ITEM('',(#18166),#10816);
#10172=STYLED_ITEM('',(#18166),#71);
#10173=STYLED_ITEM('',(#18166),#10817);
#10174=STYLED_ITEM('',(#18166),#10818);
#10175=STYLED_ITEM('',(#18166),#10819);
#10176=STYLED_ITEM('',(#18166),#10820);
#10177=STYLED_ITEM('',(#18166),#72);
#10178=STYLED_ITEM('',(#18166),#10821);
#10179=STYLED_ITEM('',(#18166),#10822);
#10180=STYLED_ITEM('',(#18166),#10823);
#10181=STYLED_ITEM('',(#18166),#10824);
#10182=STYLED_ITEM('',(#18166),#10825);
#10183=STYLED_ITEM('',(#18166),#10826);
#10184=STYLED_ITEM('',(#18166),#10827);
#10185=STYLED_ITEM('',(#18166),#10828);
#10186=STYLED_ITEM('',(#18166),#10829);
#10187=STYLED_ITEM('',(#18166),#10830);
#10188=STYLED_ITEM('',(#18166),#10831);
#10189=STYLED_ITEM('',(#18166),#10832);
#10190=STYLED_ITEM('',(#18166),#10833);
#10191=STYLED_ITEM('',(#18166),#73);
#10192=STYLED_ITEM('',(#18166),#10834);
#10193=STYLED_ITEM('',(#18166),#10835);
#10194=STYLED_ITEM('',(#18166),#10836);
#10195=STYLED_ITEM('',(#18166),#10837);
#10196=STYLED_ITEM('',(#18166),#74);
#10197=ADVANCED_FACE('',(#844),#9436,.T.);
#10198=ADVANCED_FACE('',(#845),#612,.T.);
#10199=ADVANCED_FACE('',(#846),#613,.T.);
#10200=ADVANCED_FACE('',(#847),#9437,.T.);
#10201=ADVANCED_FACE('',(#848),#614,.T.);
#10202=ADVANCED_FACE('',(#849),#615,.T.);
#10203=ADVANCED_FACE('',(#850),#273,.F.);
#10204=ADVANCED_FACE('',(#851,#75),#274,.F.);
#10205=ADVANCED_FACE('',(#852,#76),#275,.F.);
#10206=ADVANCED_FACE('',(#853),#276,.F.);
#10207=ADVANCED_FACE('',(#854),#616,.T.);
#10208=ADVANCED_FACE('',(#855),#617,.F.);
#10209=ADVANCED_FACE('',(#856),#277,.F.);
#10210=ADVANCED_FACE('',(#857),#618,.F.);
#10211=ADVANCED_FACE('',(#858),#278,.F.);
#10212=ADVANCED_FACE('',(#859),#619,.F.);
#10213=ADVANCED_FACE('',(#860),#279,.F.);
#10214=ADVANCED_FACE('',(#861),#620,.F.);
#10215=ADVANCED_FACE('',(#862),#280,.F.);
#10216=ADVANCED_FACE('',(#863),#621,.F.);
#10217=ADVANCED_FACE('',(#864),#281,.F.);
#10218=ADVANCED_FACE('',(#865),#282,.F.);
#10219=ADVANCED_FACE('',(#866),#283,.T.);
#10220=ADVANCED_FACE('',(#867),#284,.F.);
#10221=ADVANCED_FACE('',(#868),#622,.T.);
#10222=ADVANCED_FACE('',(#869),#623,.F.);
#10223=ADVANCED_FACE('',(#870,#77),#285,.F.);
#10224=ADVANCED_FACE('',(#871,#78),#286,.F.);
#10225=ADVANCED_FACE('',(#872),#624,.T.);
#10226=ADVANCED_FACE('',(#873),#625,.F.);
#10227=ADVANCED_FACE('',(#874),#626,.F.);
#10228=ADVANCED_FACE('',(#875,#79,#80),#287,.T.);
#10229=ADVANCED_FACE('',(#876,#81,#82),#288,.F.);
#10230=ADVANCED_FACE('',(#877),#627,.F.);
#10231=ADVANCED_FACE('',(#878),#9438,.F.);
#10232=ADVANCED_FACE('',(#879),#628,.F.);
#10233=ADVANCED_FACE('',(#880),#9439,.F.);
#10234=ADVANCED_FACE('',(#881),#629,.F.);
#10235=ADVANCED_FACE('',(#882),#9440,.F.);
#10236=ADVANCED_FACE('',(#883),#630,.F.);
#10237=ADVANCED_FACE('',(#884),#9441,.F.);
#10238=ADVANCED_FACE('',(#885),#9442,.F.);
#10239=ADVANCED_FACE('',(#886),#631,.F.);
#10240=ADVANCED_FACE('',(#887),#632,.F.);
#10241=ADVANCED_FACE('',(#888),#9443,.F.);
#10242=ADVANCED_FACE('',(#889),#633,.F.);
#10243=ADVANCED_FACE('',(#890),#9444,.F.);
#10244=ADVANCED_FACE('',(#891),#634,.F.);
#10245=ADVANCED_FACE('',(#892),#9445,.F.);
#10246=ADVANCED_FACE('',(#893),#635,.F.);
#10247=ADVANCED_FACE('',(#894),#9446,.F.);
#10248=ADVANCED_FACE('',(#895),#9447,.T.);
#10249=ADVANCED_FACE('',(#896),#9448,.T.);
#10250=ADVANCED_FACE('',(#897),#9449,.T.);
#10251=ADVANCED_FACE('',(#898),#9450,.T.);
#10252=ADVANCED_FACE('',(#899),#9451,.F.);
#10253=ADVANCED_FACE('',(#900),#636,.F.);
#10254=ADVANCED_FACE('',(#901),#637,.T.);
#10255=ADVANCED_FACE('',(#902),#638,.T.);
#10256=ADVANCED_FACE('',(#903),#639,.T.);
#10257=ADVANCED_FACE('',(#904),#640,.T.);
#10258=ADVANCED_FACE('',(#905),#289,.F.);
#10259=ADVANCED_FACE('',(#906),#290,.F.);
#10260=ADVANCED_FACE('',(#907,#83),#641,.T.);
#10261=ADVANCED_FACE('',(#908),#642,.F.);
#10262=ADVANCED_FACE('',(#909),#643,.F.);
#10263=ADVANCED_FACE('',(#910),#644,.F.);
#10264=ADVANCED_FACE('',(#911),#645,.F.);
#10265=ADVANCED_FACE('',(#912,#84,#85,#86,#87),#291,.F.);
#10266=ADVANCED_FACE('',(#913,#88,#89,#90,#91),#292,.T.);
#10267=ADVANCED_FACE('',(#914,#92),#293,.F.);
#10268=ADVANCED_FACE('',(#915,#93),#294,.F.);
#10269=ADVANCED_FACE('',(#916),#295,.F.);
#10270=ADVANCED_FACE('',(#917),#296,.F.);
#10271=ADVANCED_FACE('',(#918),#297,.F.);
#10272=ADVANCED_FACE('',(#919),#298,.T.);
#10273=ADVANCED_FACE('',(#920,#94),#299,.T.);
#10274=ADVANCED_FACE('',(#921),#300,.T.);
#10275=ADVANCED_FACE('',(#922,#95),#301,.T.);
#10276=ADVANCED_FACE('',(#923),#302,.T.);
#10277=ADVANCED_FACE('',(#924),#646,.T.);
#10278=ADVANCED_FACE('',(#925),#647,.T.);
#10279=ADVANCED_FACE('',(#926),#303,.T.);
#10280=ADVANCED_FACE('',(#927),#304,.T.);
#10281=ADVANCED_FACE('',(#928),#9452,.T.);
#10282=ADVANCED_FACE('',(#929),#9453,.F.);
#10283=ADVANCED_FACE('',(#930),#648,.T.);
#10284=ADVANCED_FACE('',(#931),#649,.F.);
#10285=ADVANCED_FACE('',(#932),#9454,.F.);
#10286=ADVANCED_FACE('',(#933),#14,.F.);
#10287=ADVANCED_FACE('',(#934),#650,.T.);
#10288=ADVANCED_FACE('',(#935),#9455,.T.);
#10289=ADVANCED_FACE('',(#936,#96),#305,.T.);
#10290=ADVANCED_FACE('',(#937,#97),#306,.T.);
#10291=ADVANCED_FACE('',(#938,#98),#307,.F.);
#10292=ADVANCED_FACE('',(#939),#651,.F.);
#10293=ADVANCED_FACE('',(#940),#652,.F.);
#10294=ADVANCED_FACE('',(#941),#653,.F.);
#10295=ADVANCED_FACE('',(#942),#654,.F.);
#10296=ADVANCED_FACE('',(#943),#655,.T.);
#10297=ADVANCED_FACE('',(#944),#656,.T.);
#10298=ADVANCED_FACE('',(#945),#657,.F.);
#10299=ADVANCED_FACE('',(#946),#308,.F.);
#10300=ADVANCED_FACE('',(#947),#658,.T.);
#10301=ADVANCED_FACE('',(#948),#659,.F.);
#10302=ADVANCED_FACE('',(#949),#660,.F.);
#10303=ADVANCED_FACE('',(#950),#309,.T.);
#10304=ADVANCED_FACE('',(#951),#661,.T.);
#10305=ADVANCED_FACE('',(#952),#662,.T.);
#10306=ADVANCED_FACE('',(#953),#310,.T.);
#10307=ADVANCED_FACE('',(#954),#663,.T.);
#10308=ADVANCED_FACE('',(#955),#311,.T.);
#10309=ADVANCED_FACE('',(#956),#664,.F.);
#10310=ADVANCED_FACE('',(#957),#312,.T.);
#10311=ADVANCED_FACE('',(#958),#665,.F.);
#10312=ADVANCED_FACE('',(#959),#313,.F.);
#10313=ADVANCED_FACE('',(#960),#666,.F.);
#10314=ADVANCED_FACE('',(#961,#99,#100,#101,#102),#314,.T.);
#10315=ADVANCED_FACE('',(#962,#103,#104,#105,#106),#315,.F.);
#10316=ADVANCED_FACE('',(#963),#667,.F.);
#10317=ADVANCED_FACE('',(#964),#668,.F.);
#10318=ADVANCED_FACE('',(#965),#669,.F.);
#10319=ADVANCED_FACE('',(#966),#670,.F.);
#10320=ADVANCED_FACE('',(#967),#671,.F.);
#10321=ADVANCED_FACE('',(#968),#672,.F.);
#10322=ADVANCED_FACE('',(#969),#673,.F.);
#10323=ADVANCED_FACE('',(#970),#674,.F.);
#10324=ADVANCED_FACE('',(#971),#675,.F.);
#10325=ADVANCED_FACE('',(#972),#676,.F.);
#10326=ADVANCED_FACE('',(#973),#677,.F.);
#10327=ADVANCED_FACE('',(#974),#678,.F.);
#10328=ADVANCED_FACE('',(#975),#679,.T.);
#10329=ADVANCED_FACE('',(#976),#680,.F.);
#10330=ADVANCED_FACE('',(#977),#681,.F.);
#10331=ADVANCED_FACE('',(#978),#316,.F.);
#10332=ADVANCED_FACE('',(#979),#682,.T.);
#10333=ADVANCED_FACE('',(#980),#317,.F.);
#10334=ADVANCED_FACE('',(#981),#683,.T.);
#10335=ADVANCED_FACE('',(#982),#318,.F.);
#10336=ADVANCED_FACE('',(#983,#107,#108,#109,#110,#111,#112,#113,#114,#115,
#116,#117,#118),#319,.T.);
#10337=ADVANCED_FACE('',(#984,#119,#120,#121,#122,#123,#124,#125,#126,#127,
#128,#129,#130),#320,.F.);
#10338=ADVANCED_FACE('',(#985),#321,.F.);
#10339=ADVANCED_FACE('',(#986),#684,.T.);
#10340=ADVANCED_FACE('',(#987),#685,.F.);
#10341=ADVANCED_FACE('',(#988),#686,.F.);
#10342=ADVANCED_FACE('',(#989),#687,.F.);
#10343=ADVANCED_FACE('',(#990),#688,.F.);
#10344=ADVANCED_FACE('',(#991),#689,.F.);
#10345=ADVANCED_FACE('',(#992),#690,.F.);
#10346=ADVANCED_FACE('',(#993),#691,.F.);
#10347=ADVANCED_FACE('',(#994),#692,.F.);
#10348=ADVANCED_FACE('',(#995),#693,.F.);
#10349=ADVANCED_FACE('',(#996),#694,.F.);
#10350=ADVANCED_FACE('',(#997),#695,.F.);
#10351=ADVANCED_FACE('',(#998),#696,.F.);
#10352=ADVANCED_FACE('',(#999),#697,.F.);
#10353=ADVANCED_FACE('',(#1000),#698,.F.);
#10354=ADVANCED_FACE('',(#1001),#699,.T.);
#10355=ADVANCED_FACE('',(#1002),#700,.F.);
#10356=ADVANCED_FACE('',(#1003),#701,.F.);
#10357=ADVANCED_FACE('',(#1004),#322,.F.);
#10358=ADVANCED_FACE('',(#1005),#702,.T.);
#10359=ADVANCED_FACE('',(#1006),#323,.F.);
#10360=ADVANCED_FACE('',(#1007),#703,.T.);
#10361=ADVANCED_FACE('',(#1008),#324,.F.);
#10362=ADVANCED_FACE('',(#1009,#131,#132,#133,#134,#135,#136,#137,#138,
#139,#140,#141,#142),#325,.T.);
#10363=ADVANCED_FACE('',(#1010,#143,#144,#145,#146,#147,#148,#149,#150,
#151,#152,#153,#154),#326,.F.);
#10364=ADVANCED_FACE('',(#1011),#327,.F.);
#10365=ADVANCED_FACE('',(#1012),#704,.T.);
#10366=ADVANCED_FACE('',(#1013),#705,.F.);
#10367=ADVANCED_FACE('',(#1014),#706,.F.);
#10368=ADVANCED_FACE('',(#1015),#707,.F.);
#10369=ADVANCED_FACE('',(#1016),#9456,.F.);
#10370=ADVANCED_FACE('',(#1017),#708,.F.);
#10371=ADVANCED_FACE('',(#1018),#9457,.F.);
#10372=ADVANCED_FACE('',(#1019),#709,.F.);
#10373=ADVANCED_FACE('',(#1020),#9458,.F.);
#10374=ADVANCED_FACE('',(#1021),#710,.F.);
#10375=ADVANCED_FACE('',(#1022),#9459,.F.);
#10376=ADVANCED_FACE('',(#1023),#711,.F.);
#10377=ADVANCED_FACE('',(#1024),#9460,.F.);
#10378=ADVANCED_FACE('',(#1025),#712,.F.);
#10379=ADVANCED_FACE('',(#1026),#713,.F.);
#10380=ADVANCED_FACE('',(#1027,#155,#156),#328,.F.);
#10381=ADVANCED_FACE('',(#1028),#329,.T.);
#10382=ADVANCED_FACE('',(#1029),#330,.F.);
#10383=ADVANCED_FACE('',(#1030),#331,.F.);
#10384=ADVANCED_FACE('',(#1031,#157),#332,.F.);
#10385=ADVANCED_FACE('',(#1032),#333,.F.);
#10386=ADVANCED_FACE('',(#1033),#714,.T.);
#10387=ADVANCED_FACE('',(#1034),#715,.T.);
#10388=ADVANCED_FACE('',(#1035),#716,.T.);
#10389=ADVANCED_FACE('',(#1036,#158,#159),#334,.T.);
#10390=ADVANCED_FACE('',(#1037,#160),#13,.T.);
#10391=ADVANCED_FACE('',(#1038),#717,.T.);
#10392=ADVANCED_FACE('',(#1039),#9461,.T.);
#10393=ADVANCED_FACE('',(#1040),#718,.T.);
#10394=ADVANCED_FACE('',(#1041),#719,.T.);
#10395=ADVANCED_FACE('',(#1042,#161),#335,.F.);
#10396=ADVANCED_FACE('',(#1043),#336,.T.);
#10397=ADVANCED_FACE('',(#1044),#337,.T.);
#10398=ADVANCED_FACE('',(#1045),#338,.F.);
#10399=ADVANCED_FACE('',(#1046,#162),#339,.F.);
#10400=ADVANCED_FACE('',(#1047),#340,.F.);
#10401=ADVANCED_FACE('',(#1048),#341,.F.);
#10402=ADVANCED_FACE('',(#1049),#9462,.F.);
#10403=ADVANCED_FACE('',(#1050),#720,.F.);
#10404=ADVANCED_FACE('',(#1051),#721,.F.);
#10405=ADVANCED_FACE('',(#1052),#722,.F.);
#10406=ADVANCED_FACE('',(#1053),#723,.T.);
#10407=ADVANCED_FACE('',(#1054),#724,.T.);
#10408=ADVANCED_FACE('',(#1055,#163),#342,.T.);
#10409=ADVANCED_FACE('',(#1056),#725,.T.);
#10410=ADVANCED_FACE('',(#1057),#343,.F.);
#10411=ADVANCED_FACE('',(#1058),#344,.T.);
#10412=ADVANCED_FACE('',(#1059),#345,.F.);
#10413=ADVANCED_FACE('',(#1060),#346,.T.);
#10414=ADVANCED_FACE('',(#1061,#164),#347,.T.);
#10415=ADVANCED_FACE('',(#1062,#165,#166,#167),#348,.F.);
#10416=ADVANCED_FACE('',(#1063,#168),#349,.T.);
#10417=ADVANCED_FACE('',(#1064),#9463,.F.);
#10418=ADVANCED_FACE('',(#1065),#726,.F.);
#10419=ADVANCED_FACE('',(#1066),#727,.F.);
#10420=ADVANCED_FACE('',(#1067),#728,.F.);
#10421=ADVANCED_FACE('',(#1068),#729,.T.);
#10422=ADVANCED_FACE('',(#1069),#730,.T.);
#10423=ADVANCED_FACE('',(#1070),#350,.F.);
#10424=ADVANCED_FACE('',(#1071),#731,.T.);
#10425=ADVANCED_FACE('',(#1072),#351,.T.);
#10426=ADVANCED_FACE('',(#1073),#352,.F.);
#10427=ADVANCED_FACE('',(#1074),#732,.T.);
#10428=ADVANCED_FACE('',(#1075),#353,.T.);
#10429=ADVANCED_FACE('',(#1076,#169,#170,#171),#354,.T.);
#10430=ADVANCED_FACE('',(#1077,#172,#173,#174),#355,.F.);
#10431=ADVANCED_FACE('',(#1078),#9464,.F.);
#10432=ADVANCED_FACE('',(#1079),#733,.F.);
#10433=ADVANCED_FACE('',(#1080),#734,.F.);
#10434=ADVANCED_FACE('',(#1081),#735,.F.);
#10435=ADVANCED_FACE('',(#1082),#736,.T.);
#10436=ADVANCED_FACE('',(#1083),#737,.T.);
#10437=ADVANCED_FACE('',(#1084,#175),#356,.T.);
#10438=ADVANCED_FACE('',(#1085),#738,.T.);
#10439=ADVANCED_FACE('',(#1086),#357,.F.);
#10440=ADVANCED_FACE('',(#1087),#358,.T.);
#10441=ADVANCED_FACE('',(#1088),#359,.F.);
#10442=ADVANCED_FACE('',(#1089),#360,.T.);
#10443=ADVANCED_FACE('',(#1090,#176),#361,.T.);
#10444=ADVANCED_FACE('',(#1091,#177,#178,#179),#362,.F.);
#10445=ADVANCED_FACE('',(#1092,#180),#363,.T.);
#10446=ADVANCED_FACE('',(#1093),#9465,.F.);
#10447=ADVANCED_FACE('',(#1094),#739,.F.);
#10448=ADVANCED_FACE('',(#1095),#740,.F.);
#10449=ADVANCED_FACE('',(#1096),#741,.F.);
#10450=ADVANCED_FACE('',(#1097),#742,.T.);
#10451=ADVANCED_FACE('',(#1098),#743,.T.);
#10452=ADVANCED_FACE('',(#1099),#364,.F.);
#10453=ADVANCED_FACE('',(#1100),#744,.T.);
#10454=ADVANCED_FACE('',(#1101),#365,.T.);
#10455=ADVANCED_FACE('',(#1102),#366,.F.);
#10456=ADVANCED_FACE('',(#1103),#745,.T.);
#10457=ADVANCED_FACE('',(#1104),#367,.T.);
#10458=ADVANCED_FACE('',(#1105,#181,#182,#183),#368,.T.);
#10459=ADVANCED_FACE('',(#1106,#184,#185,#186),#369,.F.);
#10460=ADVANCED_FACE('',(#1107),#9466,.T.);
#10461=ADVANCED_FACE('',(#1108),#9467,.F.);
#10462=ADVANCED_FACE('',(#1109),#746,.T.);
#10463=ADVANCED_FACE('',(#1110),#747,.F.);
#10464=ADVANCED_FACE('',(#1111),#9468,.F.);
#10465=ADVANCED_FACE('',(#1112),#15,.F.);
#10466=ADVANCED_FACE('',(#1113),#748,.T.);
#10467=ADVANCED_FACE('',(#1114),#9469,.T.);
#10468=ADVANCED_FACE('',(#1115,#187),#370,.T.);
#10469=ADVANCED_FACE('',(#1116,#188),#371,.T.);
#10470=ADVANCED_FACE('',(#1117,#189),#372,.F.);
#10471=ADVANCED_FACE('',(#1118),#9470,.T.);
#10472=ADVANCED_FACE('',(#1119),#9471,.F.);
#10473=ADVANCED_FACE('',(#1120),#749,.T.);
#10474=ADVANCED_FACE('',(#1121),#750,.F.);
#10475=ADVANCED_FACE('',(#1122),#9472,.F.);
#10476=ADVANCED_FACE('',(#1123),#16,.F.);
#10477=ADVANCED_FACE('',(#1124),#751,.T.);
#10478=ADVANCED_FACE('',(#1125),#9473,.T.);
#10479=ADVANCED_FACE('',(#1126,#190),#373,.T.);
#10480=ADVANCED_FACE('',(#1127,#191),#374,.T.);
#10481=ADVANCED_FACE('',(#1128,#192),#375,.F.);
#10482=ADVANCED_FACE('',(#1129),#9474,.T.);
#10483=ADVANCED_FACE('',(#1130),#9475,.F.);
#10484=ADVANCED_FACE('',(#1131),#752,.T.);
#10485=ADVANCED_FACE('',(#1132),#753,.F.);
#10486=ADVANCED_FACE('',(#1133),#9476,.F.);
#10487=ADVANCED_FACE('',(#1134),#17,.F.);
#10488=ADVANCED_FACE('',(#1135),#754,.T.);
#10489=ADVANCED_FACE('',(#1136),#9477,.T.);
#10490=ADVANCED_FACE('',(#1137,#193),#376,.T.);
#10491=ADVANCED_FACE('',(#1138,#194),#377,.T.);
#10492=ADVANCED_FACE('',(#1139,#195),#378,.F.);
#10493=ADVANCED_FACE('',(#1140),#9478,.T.);
#10494=ADVANCED_FACE('',(#1141),#9479,.F.);
#10495=ADVANCED_FACE('',(#1142),#755,.T.);
#10496=ADVANCED_FACE('',(#1143),#756,.F.);
#10497=ADVANCED_FACE('',(#1144),#9480,.F.);
#10498=ADVANCED_FACE('',(#1145),#18,.F.);
#10499=ADVANCED_FACE('',(#1146),#757,.T.);
#10500=ADVANCED_FACE('',(#1147),#9481,.T.);
#10501=ADVANCED_FACE('',(#1148,#196),#379,.T.);
#10502=ADVANCED_FACE('',(#1149,#197),#380,.T.);
#10503=ADVANCED_FACE('',(#1150,#198),#381,.F.);
#10504=ADVANCED_FACE('',(#1151),#758,.T.);
#10505=ADVANCED_FACE('',(#1152),#759,.F.);
#10506=ADVANCED_FACE('',(#1153),#382,.F.);
#10507=ADVANCED_FACE('',(#1154),#760,.F.);
#10508=ADVANCED_FACE('',(#1155),#383,.F.);
#10509=ADVANCED_FACE('',(#1156),#761,.F.);
#10510=ADVANCED_FACE('',(#1157),#384,.F.);
#10511=ADVANCED_FACE('',(#1158),#762,.F.);
#10512=ADVANCED_FACE('',(#1159),#385,.F.);
#10513=ADVANCED_FACE('',(#1160),#763,.F.);
#10514=ADVANCED_FACE('',(#1161),#386,.F.);
#10515=ADVANCED_FACE('',(#1162),#387,.F.);
#10516=ADVANCED_FACE('',(#1163),#388,.T.);
#10517=ADVANCED_FACE('',(#1164),#389,.F.);
#10518=ADVANCED_FACE('',(#1165),#764,.T.);
#10519=ADVANCED_FACE('',(#1166),#765,.F.);
#10520=ADVANCED_FACE('',(#1167),#390,.F.);
#10521=ADVANCED_FACE('',(#1168),#766,.F.);
#10522=ADVANCED_FACE('',(#1169),#391,.F.);
#10523=ADVANCED_FACE('',(#1170),#767,.F.);
#10524=ADVANCED_FACE('',(#1171),#392,.F.);
#10525=ADVANCED_FACE('',(#1172),#768,.F.);
#10526=ADVANCED_FACE('',(#1173),#393,.F.);
#10527=ADVANCED_FACE('',(#1174),#769,.F.);
#10528=ADVANCED_FACE('',(#1175),#394,.F.);
#10529=ADVANCED_FACE('',(#1176),#395,.F.);
#10530=ADVANCED_FACE('',(#1177),#396,.T.);
#10531=ADVANCED_FACE('',(#1178),#397,.F.);
#10532=ADVANCED_FACE('',(#1179),#770,.T.);
#10533=ADVANCED_FACE('',(#1180),#771,.F.);
#10534=ADVANCED_FACE('',(#1181,#199),#398,.F.);
#10535=ADVANCED_FACE('',(#1182,#200),#399,.F.);
#10536=ADVANCED_FACE('',(#1183),#772,.T.);
#10537=ADVANCED_FACE('',(#1184),#773,.F.);
#10538=ADVANCED_FACE('',(#1185,#201),#400,.F.);
#10539=ADVANCED_FACE('',(#1186,#202),#401,.F.);
#10540=ADVANCED_FACE('',(#1187),#774,.T.);
#10541=ADVANCED_FACE('',(#1188),#775,.F.);
#10542=ADVANCED_FACE('',(#1189,#203),#402,.F.);
#10543=ADVANCED_FACE('',(#1190,#204),#403,.F.);
#10544=ADVANCED_FACE('',(#1191),#776,.T.);
#10545=ADVANCED_FACE('',(#1192),#777,.F.);
#10546=ADVANCED_FACE('',(#1193,#205),#404,.F.);
#10547=ADVANCED_FACE('',(#1194,#206),#405,.F.);
#10548=ADVANCED_FACE('',(#1195),#778,.T.);
#10549=ADVANCED_FACE('',(#1196),#9482,.T.);
#10550=ADVANCED_FACE('',(#1197),#779,.T.);
#10551=ADVANCED_FACE('',(#1198,#207),#406,.T.);
#10552=ADVANCED_FACE('',(#1199,#208),#407,.F.);
#10553=ADVANCED_FACE('',(#1200),#408,.T.);
#10554=ADVANCED_FACE('',(#1201),#409,.F.);
#10555=ADVANCED_FACE('',(#1202),#410,.F.);
#10556=ADVANCED_FACE('',(#1203),#411,.F.);
#10557=ADVANCED_FACE('',(#1204),#412,.F.);
#10558=ADVANCED_FACE('',(#1205),#413,.F.);
#10559=ADVANCED_FACE('',(#1206),#414,.F.);
#10560=ADVANCED_FACE('',(#1207),#415,.T.);
#10561=ADVANCED_FACE('',(#1208),#780,.T.);
#10562=ADVANCED_FACE('',(#1209),#9483,.T.);
#10563=ADVANCED_FACE('',(#1210),#781,.T.);
#10564=ADVANCED_FACE('',(#1211,#209),#416,.T.);
#10565=ADVANCED_FACE('',(#1212,#210),#417,.F.);
#10566=ADVANCED_FACE('',(#1213),#418,.T.);
#10567=ADVANCED_FACE('',(#1214),#419,.F.);
#10568=ADVANCED_FACE('',(#1215),#420,.F.);
#10569=ADVANCED_FACE('',(#1216),#421,.F.);
#10570=ADVANCED_FACE('',(#1217),#422,.F.);
#10571=ADVANCED_FACE('',(#1218),#423,.F.);
#10572=ADVANCED_FACE('',(#1219),#424,.F.);
#10573=ADVANCED_FACE('',(#1220),#425,.T.);
#10574=ADVANCED_FACE('',(#1221),#782,.T.);
#10575=ADVANCED_FACE('',(#1222),#9484,.T.);
#10576=ADVANCED_FACE('',(#1223),#783,.T.);
#10577=ADVANCED_FACE('',(#1224,#211),#426,.T.);
#10578=ADVANCED_FACE('',(#1225,#212),#427,.F.);
#10579=ADVANCED_FACE('',(#1226),#428,.T.);
#10580=ADVANCED_FACE('',(#1227),#429,.F.);
#10581=ADVANCED_FACE('',(#1228),#430,.F.);
#10582=ADVANCED_FACE('',(#1229),#431,.F.);
#10583=ADVANCED_FACE('',(#1230),#432,.F.);
#10584=ADVANCED_FACE('',(#1231),#433,.F.);
#10585=ADVANCED_FACE('',(#1232),#434,.F.);
#10586=ADVANCED_FACE('',(#1233),#435,.T.);
#10587=ADVANCED_FACE('',(#1234),#784,.T.);
#10588=ADVANCED_FACE('',(#1235),#9485,.T.);
#10589=ADVANCED_FACE('',(#1236),#785,.T.);
#10590=ADVANCED_FACE('',(#1237,#213),#436,.T.);
#10591=ADVANCED_FACE('',(#1238,#214),#437,.F.);
#10592=ADVANCED_FACE('',(#1239),#438,.T.);
#10593=ADVANCED_FACE('',(#1240),#439,.F.);
#10594=ADVANCED_FACE('',(#1241),#440,.F.);
#10595=ADVANCED_FACE('',(#1242),#441,.F.);
#10596=ADVANCED_FACE('',(#1243),#442,.F.);
#10597=ADVANCED_FACE('',(#1244),#443,.F.);
#10598=ADVANCED_FACE('',(#1245),#444,.F.);
#10599=ADVANCED_FACE('',(#1246),#445,.T.);
#10600=ADVANCED_FACE('',(#1247),#786,.T.);
#10601=ADVANCED_FACE('',(#1248),#9486,.T.);
#10602=ADVANCED_FACE('',(#1249),#787,.T.);
#10603=ADVANCED_FACE('',(#1250,#215),#446,.T.);
#10604=ADVANCED_FACE('',(#1251,#216),#447,.F.);
#10605=ADVANCED_FACE('',(#1252),#448,.T.);
#10606=ADVANCED_FACE('',(#1253),#449,.F.);
#10607=ADVANCED_FACE('',(#1254),#450,.F.);
#10608=ADVANCED_FACE('',(#1255),#451,.F.);
#10609=ADVANCED_FACE('',(#1256),#452,.F.);
#10610=ADVANCED_FACE('',(#1257),#453,.F.);
#10611=ADVANCED_FACE('',(#1258),#454,.F.);
#10612=ADVANCED_FACE('',(#1259),#455,.T.);
#10613=ADVANCED_FACE('',(#1260),#788,.T.);
#10614=ADVANCED_FACE('',(#1261),#9487,.T.);
#10615=ADVANCED_FACE('',(#1262),#789,.T.);
#10616=ADVANCED_FACE('',(#1263,#217),#456,.T.);
#10617=ADVANCED_FACE('',(#1264,#218),#457,.F.);
#10618=ADVANCED_FACE('',(#1265),#458,.T.);
#10619=ADVANCED_FACE('',(#1266),#459,.F.);
#10620=ADVANCED_FACE('',(#1267),#460,.F.);
#10621=ADVANCED_FACE('',(#1268),#461,.F.);
#10622=ADVANCED_FACE('',(#1269),#462,.F.);
#10623=ADVANCED_FACE('',(#1270),#463,.F.);
#10624=ADVANCED_FACE('',(#1271),#464,.F.);
#10625=ADVANCED_FACE('',(#1272),#465,.T.);
#10626=ADVANCED_FACE('',(#1273),#790,.F.);
#10627=ADVANCED_FACE('',(#1274),#791,.T.);
#10628=ADVANCED_FACE('',(#1275,#219),#466,.T.);
#10629=ADVANCED_FACE('',(#1276,#220),#467,.F.);
#10630=ADVANCED_FACE('',(#1277),#792,.F.);
#10631=ADVANCED_FACE('',(#1278),#9488,.F.);
#10632=ADVANCED_FACE('',(#1279),#793,.T.);
#10633=ADVANCED_FACE('',(#1280),#794,.T.);
#10634=ADVANCED_FACE('',(#1281,#221),#468,.F.);
#10635=ADVANCED_FACE('',(#1282,#222),#469,.F.);
#10636=ADVANCED_FACE('',(#1283,#223),#470,.F.);
#10637=ADVANCED_FACE('',(#1284),#471,.F.);
#10638=ADVANCED_FACE('',(#1285),#472,.F.);
#10639=ADVANCED_FACE('',(#1286),#473,.F.);
#10640=ADVANCED_FACE('',(#1287),#474,.F.);
#10641=ADVANCED_FACE('',(#1288),#475,.F.);
#10642=ADVANCED_FACE('',(#1289),#476,.F.);
#10643=ADVANCED_FACE('',(#1290),#477,.T.);
#10644=ADVANCED_FACE('',(#1291),#795,.T.);
#10645=ADVANCED_FACE('',(#1292),#9489,.T.);
#10646=ADVANCED_FACE('',(#1293),#796,.T.);
#10647=ADVANCED_FACE('',(#1294,#224),#478,.T.);
#10648=ADVANCED_FACE('',(#1295,#225),#479,.F.);
#10649=ADVANCED_FACE('',(#1296),#480,.T.);
#10650=ADVANCED_FACE('',(#1297),#481,.F.);
#10651=ADVANCED_FACE('',(#1298),#482,.F.);
#10652=ADVANCED_FACE('',(#1299),#483,.F.);
#10653=ADVANCED_FACE('',(#1300),#484,.F.);
#10654=ADVANCED_FACE('',(#1301),#485,.F.);
#10655=ADVANCED_FACE('',(#1302),#486,.F.);
#10656=ADVANCED_FACE('',(#1303),#487,.T.);
#10657=ADVANCED_FACE('',(#1304),#797,.F.);
#10658=ADVANCED_FACE('',(#1305),#798,.T.);
#10659=ADVANCED_FACE('',(#1306,#226),#488,.T.);
#10660=ADVANCED_FACE('',(#1307,#227),#489,.F.);
#10661=ADVANCED_FACE('',(#1308),#799,.F.);
#10662=ADVANCED_FACE('',(#1309),#800,.T.);
#10663=ADVANCED_FACE('',(#1310,#228),#490,.T.);
#10664=ADVANCED_FACE('',(#1311,#229),#491,.F.);
#10665=ADVANCED_FACE('',(#1312),#801,.F.);
#10666=ADVANCED_FACE('',(#1313),#802,.T.);
#10667=ADVANCED_FACE('',(#1314,#230),#492,.T.);
#10668=ADVANCED_FACE('',(#1315,#231),#493,.F.);
#10669=ADVANCED_FACE('',(#1316),#803,.F.);
#10670=ADVANCED_FACE('',(#1317),#804,.T.);
#10671=ADVANCED_FACE('',(#1318,#232),#494,.T.);
#10672=ADVANCED_FACE('',(#1319,#233),#495,.F.);
#10673=ADVANCED_FACE('',(#1320),#805,.F.);
#10674=ADVANCED_FACE('',(#1321),#806,.T.);
#10675=ADVANCED_FACE('',(#1322,#234),#496,.T.);
#10676=ADVANCED_FACE('',(#1323,#235),#497,.F.);
#10677=ADVANCED_FACE('',(#1324),#807,.T.);
#10678=ADVANCED_FACE('',(#1325),#9490,.T.);
#10679=ADVANCED_FACE('',(#1326),#808,.T.);
#10680=ADVANCED_FACE('',(#1327,#236),#498,.T.);
#10681=ADVANCED_FACE('',(#1328,#237),#499,.F.);
#10682=ADVANCED_FACE('',(#1329),#500,.T.);
#10683=ADVANCED_FACE('',(#1330),#501,.F.);
#10684=ADVANCED_FACE('',(#1331),#502,.F.);
#10685=ADVANCED_FACE('',(#1332),#503,.F.);
#10686=ADVANCED_FACE('',(#1333),#504,.F.);
#10687=ADVANCED_FACE('',(#1334),#505,.F.);
#10688=ADVANCED_FACE('',(#1335),#506,.F.);
#10689=ADVANCED_FACE('',(#1336),#507,.T.);
#10690=ADVANCED_FACE('',(#1337),#809,.T.);
#10691=ADVANCED_FACE('',(#1338),#9491,.T.);
#10692=ADVANCED_FACE('',(#1339),#810,.T.);
#10693=ADVANCED_FACE('',(#1340,#238),#508,.T.);
#10694=ADVANCED_FACE('',(#1341,#239),#509,.F.);
#10695=ADVANCED_FACE('',(#1342),#510,.T.);
#10696=ADVANCED_FACE('',(#1343),#511,.F.);
#10697=ADVANCED_FACE('',(#1344),#512,.F.);
#10698=ADVANCED_FACE('',(#1345),#513,.F.);
#10699=ADVANCED_FACE('',(#1346),#514,.F.);
#10700=ADVANCED_FACE('',(#1347),#515,.F.);
#10701=ADVANCED_FACE('',(#1348),#516,.F.);
#10702=ADVANCED_FACE('',(#1349),#517,.T.);
#10703=ADVANCED_FACE('',(#1350),#811,.T.);
#10704=ADVANCED_FACE('',(#1351),#9492,.T.);
#10705=ADVANCED_FACE('',(#1352),#812,.T.);
#10706=ADVANCED_FACE('',(#1353,#240),#518,.T.);
#10707=ADVANCED_FACE('',(#1354,#241),#519,.F.);
#10708=ADVANCED_FACE('',(#1355),#520,.T.);
#10709=ADVANCED_FACE('',(#1356),#521,.F.);
#10710=ADVANCED_FACE('',(#1357),#522,.F.);
#10711=ADVANCED_FACE('',(#1358),#523,.F.);
#10712=ADVANCED_FACE('',(#1359),#524,.F.);
#10713=ADVANCED_FACE('',(#1360),#525,.F.);
#10714=ADVANCED_FACE('',(#1361),#526,.F.);
#10715=ADVANCED_FACE('',(#1362),#527,.T.);
#10716=ADVANCED_FACE('',(#1363),#813,.F.);
#10717=ADVANCED_FACE('',(#1364),#814,.T.);
#10718=ADVANCED_FACE('',(#1365,#242),#528,.T.);
#10719=ADVANCED_FACE('',(#1366,#243),#529,.F.);
#10720=ADVANCED_FACE('',(#1367),#815,.F.);
#10721=ADVANCED_FACE('',(#1368),#816,.T.);
#10722=ADVANCED_FACE('',(#1369,#244),#530,.T.);
#10723=ADVANCED_FACE('',(#1370,#245),#531,.F.);
#10724=ADVANCED_FACE('',(#1371),#817,.F.);
#10725=ADVANCED_FACE('',(#1372),#818,.T.);
#10726=ADVANCED_FACE('',(#1373,#246),#532,.T.);
#10727=ADVANCED_FACE('',(#1374,#247),#533,.F.);
#10728=ADVANCED_FACE('',(#1375),#819,.F.);
#10729=ADVANCED_FACE('',(#1376),#9493,.F.);
#10730=ADVANCED_FACE('',(#1377),#820,.T.);
#10731=ADVANCED_FACE('',(#1378),#821,.T.);
#10732=ADVANCED_FACE('',(#1379,#248),#534,.F.);
#10733=ADVANCED_FACE('',(#1380,#249),#535,.F.);
#10734=ADVANCED_FACE('',(#1381,#250),#536,.F.);
#10735=ADVANCED_FACE('',(#1382),#537,.F.);
#10736=ADVANCED_FACE('',(#1383),#538,.F.);
#10737=ADVANCED_FACE('',(#1384),#539,.F.);
#10738=ADVANCED_FACE('',(#1385),#540,.F.);
#10739=ADVANCED_FACE('',(#1386),#541,.F.);
#10740=ADVANCED_FACE('',(#1387),#542,.F.);
#10741=ADVANCED_FACE('',(#1388),#543,.T.);
#10742=ADVANCED_FACE('',(#1389),#822,.F.);
#10743=ADVANCED_FACE('',(#1390),#9494,.F.);
#10744=ADVANCED_FACE('',(#1391),#823,.T.);
#10745=ADVANCED_FACE('',(#1392),#824,.T.);
#10746=ADVANCED_FACE('',(#1393,#251),#544,.F.);
#10747=ADVANCED_FACE('',(#1394,#252),#545,.F.);
#10748=ADVANCED_FACE('',(#1395,#253),#546,.F.);
#10749=ADVANCED_FACE('',(#1396),#547,.F.);
#10750=ADVANCED_FACE('',(#1397),#548,.F.);
#10751=ADVANCED_FACE('',(#1398),#549,.F.);
#10752=ADVANCED_FACE('',(#1399),#550,.F.);
#10753=ADVANCED_FACE('',(#1400),#551,.F.);
#10754=ADVANCED_FACE('',(#1401),#552,.F.);
#10755=ADVANCED_FACE('',(#1402),#553,.T.);
#10756=ADVANCED_FACE('',(#1403),#825,.F.);
#10757=ADVANCED_FACE('',(#1404),#9495,.F.);
#10758=ADVANCED_FACE('',(#1405),#826,.T.);
#10759=ADVANCED_FACE('',(#1406),#827,.T.);
#10760=ADVANCED_FACE('',(#1407,#254),#554,.F.);
#10761=ADVANCED_FACE('',(#1408,#255),#555,.F.);
#10762=ADVANCED_FACE('',(#1409,#256),#556,.F.);
#10763=ADVANCED_FACE('',(#1410),#557,.F.);
#10764=ADVANCED_FACE('',(#1411),#558,.F.);
#10765=ADVANCED_FACE('',(#1412),#559,.F.);
#10766=ADVANCED_FACE('',(#1413),#560,.F.);
#10767=ADVANCED_FACE('',(#1414),#561,.F.);
#10768=ADVANCED_FACE('',(#1415),#562,.F.);
#10769=ADVANCED_FACE('',(#1416),#563,.T.);
#10770=ADVANCED_FACE('',(#1417),#828,.T.);
#10771=ADVANCED_FACE('',(#1418),#9496,.T.);
#10772=ADVANCED_FACE('',(#1419),#829,.T.);
#10773=ADVANCED_FACE('',(#1420,#257),#564,.T.);
#10774=ADVANCED_FACE('',(#1421,#258),#565,.F.);
#10775=ADVANCED_FACE('',(#1422),#566,.T.);
#10776=ADVANCED_FACE('',(#1423),#567,.F.);
#10777=ADVANCED_FACE('',(#1424),#568,.F.);
#10778=ADVANCED_FACE('',(#1425),#569,.F.);
#10779=ADVANCED_FACE('',(#1426),#570,.F.);
#10780=ADVANCED_FACE('',(#1427),#571,.F.);
#10781=ADVANCED_FACE('',(#1428),#572,.F.);
#10782=ADVANCED_FACE('',(#1429),#573,.T.);
#10783=ADVANCED_FACE('',(#1430),#830,.F.);
#10784=ADVANCED_FACE('',(#1431),#831,.T.);
#10785=ADVANCED_FACE('',(#1432,#259),#574,.T.);
#10786=ADVANCED_FACE('',(#1433,#260),#575,.F.);
#10787=ADVANCED_FACE('',(#1434),#832,.T.);
#10788=ADVANCED_FACE('',(#1435),#9497,.T.);
#10789=ADVANCED_FACE('',(#1436),#833,.T.);
#10790=ADVANCED_FACE('',(#1437,#261),#576,.T.);
#10791=ADVANCED_FACE('',(#1438,#262),#577,.F.);
#10792=ADVANCED_FACE('',(#1439),#578,.T.);
#10793=ADVANCED_FACE('',(#1440),#579,.F.);
#10794=ADVANCED_FACE('',(#1441),#580,.F.);
#10795=ADVANCED_FACE('',(#1442),#581,.F.);
#10796=ADVANCED_FACE('',(#1443),#582,.F.);
#10797=ADVANCED_FACE('',(#1444),#583,.F.);
#10798=ADVANCED_FACE('',(#1445),#584,.F.);
#10799=ADVANCED_FACE('',(#1446),#585,.T.);
#10800=ADVANCED_FACE('',(#1447),#834,.F.);
#10801=ADVANCED_FACE('',(#1448),#835,.T.);
#10802=ADVANCED_FACE('',(#1449,#263),#586,.T.);
#10803=ADVANCED_FACE('',(#1450,#264),#587,.F.);
#10804=ADVANCED_FACE('',(#1451),#836,.T.);
#10805=ADVANCED_FACE('',(#1452),#9498,.T.);
#10806=ADVANCED_FACE('',(#1453),#837,.T.);
#10807=ADVANCED_FACE('',(#1454,#265),#588,.T.);
#10808=ADVANCED_FACE('',(#1455,#266),#589,.F.);
#10809=ADVANCED_FACE('',(#1456),#590,.T.);
#10810=ADVANCED_FACE('',(#1457),#591,.F.);
#10811=ADVANCED_FACE('',(#1458),#592,.F.);
#10812=ADVANCED_FACE('',(#1459),#593,.F.);
#10813=ADVANCED_FACE('',(#1460),#594,.F.);
#10814=ADVANCED_FACE('',(#1461),#595,.F.);
#10815=ADVANCED_FACE('',(#1462),#596,.F.);
#10816=ADVANCED_FACE('',(#1463),#597,.T.);
#10817=ADVANCED_FACE('',(#1464),#838,.F.);
#10818=ADVANCED_FACE('',(#1465),#839,.T.);
#10819=ADVANCED_FACE('',(#1466,#267),#598,.T.);
#10820=ADVANCED_FACE('',(#1467,#268),#599,.F.);
#10821=ADVANCED_FACE('',(#1468),#840,.T.);
#10822=ADVANCED_FACE('',(#1469),#9499,.T.);
#10823=ADVANCED_FACE('',(#1470),#841,.T.);
#10824=ADVANCED_FACE('',(#1471,#269),#600,.T.);
#10825=ADVANCED_FACE('',(#1472,#270),#601,.F.);
#10826=ADVANCED_FACE('',(#1473),#602,.T.);
#10827=ADVANCED_FACE('',(#1474),#603,.F.);
#10828=ADVANCED_FACE('',(#1475),#604,.F.);
#10829=ADVANCED_FACE('',(#1476),#605,.F.);
#10830=ADVANCED_FACE('',(#1477),#606,.F.);
#10831=ADVANCED_FACE('',(#1478),#607,.F.);
#10832=ADVANCED_FACE('',(#1479),#608,.F.);
#10833=ADVANCED_FACE('',(#1480),#609,.T.);
#10834=ADVANCED_FACE('',(#1481),#842,.F.);
#10835=ADVANCED_FACE('',(#1482),#843,.T.);
#10836=ADVANCED_FACE('',(#1483,#271),#610,.T.);
#10837=ADVANCED_FACE('',(#1484,#272),#611,.F.);
#10838=CLOSED_SHELL('',(#10197,#10198,#10199,#10200,#10201,#10202,#10203,
#10204,#10205,#10206));
#10839=CLOSED_SHELL('',(#10207,#10208,#10209,#10210,#10211,#10212,#10213,
#10214,#10215,#10216,#10217,#10218,#10219,#10220));
#10840=CLOSED_SHELL('',(#10221,#10222,#10223,#10224));
#10841=CLOSED_SHELL('',(#10225,#10226,#10227,#10228,#10229));
#10842=CLOSED_SHELL('',(#10230,#10231,#10232,#10233,#10234,#10235,#10236,
#10237,#10238,#10239,#10240,#10241,#10242,#10243,#10244,#10245,#10246,#10247,
#10248,#10249,#10250,#10251,#10252,#10253,#10254,#10255,#10256,#10257,#10258,
#10259,#10260,#10261,#10262,#10263,#10264,#10265,#10266,#10267,#10268,#10269,
#10270,#10271,#10272,#10273,#10274,#10275,#10276,#10277,#10278,#10279,#10280));
#10843=CLOSED_SHELL('',(#10281,#10282,#10283,#10284,#10285,#10286,#10287,
#10288,#10289,#10290,#10291));
#10844=CLOSED_SHELL('',(#10292,#10293,#10294,#10295,#10296,#10297,#10298,
#10299,#10300,#10301,#10302,#10303,#10304,#10305,#10306,#10307,#10308,#10309,
#10310,#10311,#10312,#10313,#10314,#10315));
#10845=CLOSED_SHELL('',(#10316,#10317,#10318,#10319,#10320,#10321,#10322,
#10323,#10324,#10325,#10326,#10327,#10328,#10329,#10330,#10331,#10332,#10333,
#10334,#10335,#10336,#10337,#10338,#10339,#10340,#10341));
#10846=CLOSED_SHELL('',(#10342,#10343,#10344,#10345,#10346,#10347,#10348,
#10349,#10350,#10351,#10352,#10353,#10354,#10355,#10356,#10357,#10358,#10359,
#10360,#10361,#10362,#10363,#10364,#10365,#10366,#10367));
#10847=CLOSED_SHELL('',(#10368,#10369,#10370,#10371,#10372,#10373,#10374,
#10375,#10376,#10377,#10378,#10379,#10380,#10381,#10382,#10383,#10384,#10385,
#10386,#10387,#10388,#10389));
#10848=CLOSED_SHELL('',(#10390,#10391,#10392,#10393,#10394,#10395,#10396,
#10397,#10398,#10399,#10400,#10401));
#10849=CLOSED_SHELL('',(#10402,#10403,#10404,#10405,#10406,#10407,#10408,
#10409,#10410,#10411,#10412,#10413,#10414,#10415,#10416));
#10850=CLOSED_SHELL('',(#10417,#10418,#10419,#10420,#10421,#10422,#10423,
#10424,#10425,#10426,#10427,#10428,#10429,#10430));
#10851=CLOSED_SHELL('',(#10431,#10432,#10433,#10434,#10435,#10436,#10437,
#10438,#10439,#10440,#10441,#10442,#10443,#10444,#10445));
#10852=CLOSED_SHELL('',(#10446,#10447,#10448,#10449,#10450,#10451,#10452,
#10453,#10454,#10455,#10456,#10457,#10458,#10459));
#10853=CLOSED_SHELL('',(#10460,#10461,#10462,#10463,#10464,#10465,#10466,
#10467,#10468,#10469,#10470));
#10854=CLOSED_SHELL('',(#10471,#10472,#10473,#10474,#10475,#10476,#10477,
#10478,#10479,#10480,#10481));
#10855=CLOSED_SHELL('',(#10482,#10483,#10484,#10485,#10486,#10487,#10488,
#10489,#10490,#10491,#10492));
#10856=CLOSED_SHELL('',(#10493,#10494,#10495,#10496,#10497,#10498,#10499,
#10500,#10501,#10502,#10503));
#10857=CLOSED_SHELL('',(#10504,#10505,#10506,#10507,#10508,#10509,#10510,
#10511,#10512,#10513,#10514,#10515,#10516,#10517));
#10858=CLOSED_SHELL('',(#10518,#10519,#10520,#10521,#10522,#10523,#10524,
#10525,#10526,#10527,#10528,#10529,#10530,#10531));
#10859=CLOSED_SHELL('',(#10532,#10533,#10534,#10535));
#10860=CLOSED_SHELL('',(#10536,#10537,#10538,#10539));
#10861=CLOSED_SHELL('',(#10540,#10541,#10542,#10543));
#10862=CLOSED_SHELL('',(#10544,#10545,#10546,#10547));
#10863=CLOSED_SHELL('',(#10548,#10549,#10550,#10551,#10552,#10553,#10554,
#10555,#10556,#10557,#10558,#10559,#10560));
#10864=CLOSED_SHELL('',(#10561,#10562,#10563,#10564,#10565,#10566,#10567,
#10568,#10569,#10570,#10571,#10572,#10573));
#10865=CLOSED_SHELL('',(#10574,#10575,#10576,#10577,#10578,#10579,#10580,
#10581,#10582,#10583,#10584,#10585,#10586));
#10866=CLOSED_SHELL('',(#10587,#10588,#10589,#10590,#10591,#10592,#10593,
#10594,#10595,#10596,#10597,#10598,#10599));
#10867=CLOSED_SHELL('',(#10600,#10601,#10602,#10603,#10604,#10605,#10606,
#10607,#10608,#10609,#10610,#10611,#10612));
#10868=CLOSED_SHELL('',(#10613,#10614,#10615,#10616,#10617,#10618,#10619,
#10620,#10621,#10622,#10623,#10624,#10625));
#10869=CLOSED_SHELL('',(#10626,#10627,#10628,#10629));
#10870=CLOSED_SHELL('',(#10630,#10631,#10632,#10633,#10634,#10635,#10636,
#10637,#10638,#10639,#10640,#10641,#10642,#10643));
#10871=CLOSED_SHELL('',(#10644,#10645,#10646,#10647,#10648,#10649,#10650,
#10651,#10652,#10653,#10654,#10655,#10656));
#10872=CLOSED_SHELL('',(#10657,#10658,#10659,#10660));
#10873=CLOSED_SHELL('',(#10661,#10662,#10663,#10664));
#10874=CLOSED_SHELL('',(#10665,#10666,#10667,#10668));
#10875=CLOSED_SHELL('',(#10669,#10670,#10671,#10672));
#10876=CLOSED_SHELL('',(#10673,#10674,#10675,#10676));
#10877=CLOSED_SHELL('',(#10677,#10678,#10679,#10680,#10681,#10682,#10683,
#10684,#10685,#10686,#10687,#10688,#10689));
#10878=CLOSED_SHELL('',(#10690,#10691,#10692,#10693,#10694,#10695,#10696,
#10697,#10698,#10699,#10700,#10701,#10702));
#10879=CLOSED_SHELL('',(#10703,#10704,#10705,#10706,#10707,#10708,#10709,
#10710,#10711,#10712,#10713,#10714,#10715));
#10880=CLOSED_SHELL('',(#10716,#10717,#10718,#10719));
#10881=CLOSED_SHELL('',(#10720,#10721,#10722,#10723));
#10882=CLOSED_SHELL('',(#10724,#10725,#10726,#10727));
#10883=CLOSED_SHELL('',(#10728,#10729,#10730,#10731,#10732,#10733,#10734,
#10735,#10736,#10737,#10738,#10739,#10740,#10741));
#10884=CLOSED_SHELL('',(#10742,#10743,#10744,#10745,#10746,#10747,#10748,
#10749,#10750,#10751,#10752,#10753,#10754,#10755));
#10885=CLOSED_SHELL('',(#10756,#10757,#10758,#10759,#10760,#10761,#10762,
#10763,#10764,#10765,#10766,#10767,#10768,#10769));
#10886=CLOSED_SHELL('',(#10770,#10771,#10772,#10773,#10774,#10775,#10776,
#10777,#10778,#10779,#10780,#10781,#10782));
#10887=CLOSED_SHELL('',(#10783,#10784,#10785,#10786));
#10888=CLOSED_SHELL('',(#10787,#10788,#10789,#10790,#10791,#10792,#10793,
#10794,#10795,#10796,#10797,#10798,#10799));
#10889=CLOSED_SHELL('',(#10800,#10801,#10802,#10803));
#10890=CLOSED_SHELL('',(#10804,#10805,#10806,#10807,#10808,#10809,#10810,
#10811,#10812,#10813,#10814,#10815,#10816));
#10891=CLOSED_SHELL('',(#10817,#10818,#10819,#10820));
#10892=CLOSED_SHELL('',(#10821,#10822,#10823,#10824,#10825,#10826,#10827,
#10828,#10829,#10830,#10831,#10832,#10833));
#10893=CLOSED_SHELL('',(#10834,#10835,#10836,#10837));
#10894=DERIVED_UNIT_ELEMENT(#10897,1.);
#10895=DERIVED_UNIT_ELEMENT(#18152,-3.);
#10896=DIMENSIONAL_EXPONENTS(1.,0.,0.,0.,0.,0.,0.);
#10897=(
CONVERSION_BASED_UNIT('gram',#10899)
MASS_UNIT()
NAMED_UNIT(#10896)
);
#10898=(
MASS_UNIT()
NAMED_UNIT(*)
SI_UNIT(.KILO.,.GRAM.)
);
#10899=MASS_MEASURE_WITH_UNIT(MASS_MEASURE(0.001),#10898);
#10900=DERIVED_UNIT((#10894,#10895));
#10901=MEASURE_REPRESENTATION_ITEM('density measure',
POSITIVE_RATIO_MEASURE(1.),#10900);
#10902=PROPERTY_DEFINITION_REPRESENTATION(#10907,#10904);
#10903=PROPERTY_DEFINITION_REPRESENTATION(#10908,#10905);
#10904=REPRESENTATION('material name',(#10906),#18149);
#10905=REPRESENTATION('density',(#10901),#18149);
#10906=DESCRIPTIVE_REPRESENTATION_ITEM('Generic','Generic');
#10907=PROPERTY_DEFINITION('material property','material name',#18159);
#10908=PROPERTY_DEFINITION('material property','density of part',#18159);
#10909=DATE_TIME_ROLE('creation_date');
#10910=APPLIED_DATE_AND_TIME_ASSIGNMENT(#10911,#10909,(#18159));
#10911=DATE_AND_TIME(#10912,#10913);
#10912=CALENDAR_DATE(2026,19,6);
#10913=LOCAL_TIME(0,0,0.,#10914);
#10914=COORDINATED_UNIVERSAL_TIME_OFFSET(0,0,.BEHIND.);
#10915=AXIS2_PLACEMENT_3D('placement',#15268,#12094,#12095);
#10916=AXIS2_PLACEMENT_3D('',#15269,#12096,#12097);
#10917=AXIS2_PLACEMENT_3D('',#15271,#12098,#12099);
#10918=AXIS2_PLACEMENT_3D('',#15274,#12101,#12102);
#10919=AXIS2_PLACEMENT_3D('',#15275,#12103,#12104);
#10920=AXIS2_PLACEMENT_3D('',#15277,#12105,#12106);
#10921=AXIS2_PLACEMENT_3D('',#15279,#12108,#12109);
#10922=AXIS2_PLACEMENT_3D('',#15281,#12110,#12111);
#10923=AXIS2_PLACEMENT_3D('',#15284,#12113,#12114);
#10924=AXIS2_PLACEMENT_3D('',#15285,#12115,#12116);
#10925=AXIS2_PLACEMENT_3D('',#15287,#12117,#12118);
#10926=AXIS2_PLACEMENT_3D('',#15289,#12120,#12121);
#10927=AXIS2_PLACEMENT_3D('',#15291,#12122,#12123);
#10928=AXIS2_PLACEMENT_3D('',#15293,#12125,#12126);
#10929=AXIS2_PLACEMENT_3D('',#15295,#12127,#12128);
#10930=AXIS2_PLACEMENT_3D('',#15298,#12130,#12131);
#10931=AXIS2_PLACEMENT_3D('',#15299,#12132,#12133);
#10932=AXIS2_PLACEMENT_3D('',#15300,#12134,#12135);
#10933=AXIS2_PLACEMENT_3D('',#15301,#12136,#12137);
#10934=AXIS2_PLACEMENT_3D('',#15302,#12138,#12139);
#10935=AXIS2_PLACEMENT_3D('',#15303,#12140,#12141);
#10936=AXIS2_PLACEMENT_3D('',#15306,#12142,#12143);
#10937=AXIS2_PLACEMENT_3D('',#15310,#12145,#12146);
#10938=AXIS2_PLACEMENT_3D('',#15312,#12148,#12149);
#10939=AXIS2_PLACEMENT_3D('',#15315,#12150,#12151);
#10940=AXIS2_PLACEMENT_3D('',#15319,#12153,#12154);
#10941=AXIS2_PLACEMENT_3D('',#15321,#12156,#12157);
#10942=AXIS2_PLACEMENT_3D('',#15327,#12161,#12162);
#10943=AXIS2_PLACEMENT_3D('',#15329,#12163,#12164);
#10944=AXIS2_PLACEMENT_3D('',#15332,#12166,#12167);
#10945=AXIS2_PLACEMENT_3D('',#15333,#12168,#12169);
#10946=AXIS2_PLACEMENT_3D('',#15339,#12173,#12174);
#10947=AXIS2_PLACEMENT_3D('',#15341,#12175,#12176);
#10948=AXIS2_PLACEMENT_3D('',#15344,#12178,#12179);
#10949=AXIS2_PLACEMENT_3D('',#15345,#12180,#12181);
#10950=AXIS2_PLACEMENT_3D('',#15351,#12185,#12186);
#10951=AXIS2_PLACEMENT_3D('',#15353,#12187,#12188);
#10952=AXIS2_PLACEMENT_3D('',#15356,#12190,#12191);
#10953=AXIS2_PLACEMENT_3D('',#15357,#12192,#12193);
#10954=AXIS2_PLACEMENT_3D('',#15363,#12197,#12198);
#10955=AXIS2_PLACEMENT_3D('',#15365,#12199,#12200);
#10956=AXIS2_PLACEMENT_3D('',#15368,#12202,#12203);
#10957=AXIS2_PLACEMENT_3D('',#15369,#12204,#12205);
#10958=AXIS2_PLACEMENT_3D('',#15372,#12208,#12209);
#10959=AXIS2_PLACEMENT_3D('',#15375,#12212,#12213);
#10960=AXIS2_PLACEMENT_3D('',#15376,#12214,#12215);
#10961=AXIS2_PLACEMENT_3D('',#15377,#12216,#12217);
#10962=AXIS2_PLACEMENT_3D('',#15379,#12218,#12219);
#10963=AXIS2_PLACEMENT_3D('',#15382,#12221,#12222);
#10964=AXIS2_PLACEMENT_3D('',#15383,#12223,#12224);
#10965=AXIS2_PLACEMENT_3D('',#15385,#12225,#12226);
#10966=AXIS2_PLACEMENT_3D('',#15388,#12228,#12229);
#10967=AXIS2_PLACEMENT_3D('',#15389,#12230,#12231);
#10968=AXIS2_PLACEMENT_3D('',#15390,#12232,#12233);
#10969=AXIS2_PLACEMENT_3D('',#15391,#12234,#12235);
#10970=AXIS2_PLACEMENT_3D('',#15393,#12236,#12237);
#10971=AXIS2_PLACEMENT_3D('',#15396,#12239,#12240);
#10972=AXIS2_PLACEMENT_3D('',#15397,#12241,#12242);
#10973=AXIS2_PLACEMENT_3D('',#15399,#12243,#12244);
#10974=AXIS2_PLACEMENT_3D('',#15402,#12246,#12247);
#10975=AXIS2_PLACEMENT_3D('',#15403,#12248,#12249);
#10976=AXIS2_PLACEMENT_3D('',#15405,#12250,#12251);
#10977=AXIS2_PLACEMENT_3D('',#15408,#12253,#12254);
#10978=AXIS2_PLACEMENT_3D('',#15409,#12255,#12256);
#10979=AXIS2_PLACEMENT_3D('',#15410,#12257,#12258);
#10980=AXIS2_PLACEMENT_3D('',#15411,#12259,#12260);
#10981=AXIS2_PLACEMENT_3D('',#15413,#12261,#12262);
#10982=AXIS2_PLACEMENT_3D('',#15416,#12264,#12265);
#10983=AXIS2_PLACEMENT_3D('',#15417,#12266,#12267);
#10984=AXIS2_PLACEMENT_3D('',#15420,#12269,#12270);
#10985=AXIS2_PLACEMENT_3D('',#15422,#12271,#12272);
#10986=AXIS2_PLACEMENT_3D('',#15425,#12274,#12275);
#10987=AXIS2_PLACEMENT_3D('',#15426,#12276,#12277);
#10988=AXIS2_PLACEMENT_3D('',#15428,#12279,#12280);
#10989=AXIS2_PLACEMENT_3D('',#15430,#12281,#12282);
#10990=AXIS2_PLACEMENT_3D('',#15433,#12284,#12285);
#10991=AXIS2_PLACEMENT_3D('',#15434,#12286,#12287);
#10992=AXIS2_PLACEMENT_3D('',#15437,#12289,#12290);
#10993=AXIS2_PLACEMENT_3D('',#15439,#12291,#12292);
#10994=AXIS2_PLACEMENT_3D('',#15442,#12294,#12295);
#10995=AXIS2_PLACEMENT_3D('',#15443,#12296,#12297);
#10996=AXIS2_PLACEMENT_3D('',#15445,#12299,#12300);
#10997=AXIS2_PLACEMENT_3D('',#15447,#12301,#12302);
#10998=AXIS2_PLACEMENT_3D('',#15450,#12304,#12305);
#10999=AXIS2_PLACEMENT_3D('',#15451,#12306,#12307);
#11000=AXIS2_PLACEMENT_3D('',#15453,#12308,#12309);
#11001=AXIS2_PLACEMENT_3D('',#15455,#12311,#12312);
#11002=AXIS2_PLACEMENT_3D('',#15457,#12313,#12314);
#11003=AXIS2_PLACEMENT_3D('',#15460,#12316,#12317);
#11004=AXIS2_PLACEMENT_3D('',#15461,#12318,#12319);
#11005=AXIS2_PLACEMENT_3D('',#15464,#12321,#12322);
#11006=AXIS2_PLACEMENT_3D('',#15466,#12323,#12324);
#11007=AXIS2_PLACEMENT_3D('',#15469,#12326,#12327);
#11008=AXIS2_PLACEMENT_3D('',#15470,#12328,#12329);
#11009=AXIS2_PLACEMENT_3D('',#15472,#12331,#12332);
#11010=AXIS2_PLACEMENT_3D('',#15474,#12333,#12334);
#11011=AXIS2_PLACEMENT_3D('',#15477,#12336,#12337);
#11012=AXIS2_PLACEMENT_3D('',#15478,#12338,#12339);
#11013=AXIS2_PLACEMENT_3D('',#15481,#12341,#12342);
#11014=AXIS2_PLACEMENT_3D('',#15483,#12343,#12344);
#11015=AXIS2_PLACEMENT_3D('',#15486,#12346,#12347);
#11016=AXIS2_PLACEMENT_3D('',#15487,#12348,#12349);
#11017=AXIS2_PLACEMENT_3D('',#15489,#12351,#12352);
#11018=AXIS2_PLACEMENT_3D('',#15491,#12353,#12354);
#11019=AXIS2_PLACEMENT_3D('',#15494,#12356,#12357);
#11020=AXIS2_PLACEMENT_3D('',#15495,#12358,#12359);
#11021=AXIS2_PLACEMENT_3D('',#15497,#12360,#12361);
#11022=AXIS2_PLACEMENT_3D('',#15500,#12363,#12364);
#11023=AXIS2_PLACEMENT_3D('',#15501,#12365,#12366);
#11024=AXIS2_PLACEMENT_3D('',#15503,#12367,#12368);
#11025=AXIS2_PLACEMENT_3D('',#15506,#12370,#12371);
#11026=AXIS2_PLACEMENT_3D('',#15507,#12372,#12373);
#11027=AXIS2_PLACEMENT_3D('',#15509,#12374,#12375);
#11028=AXIS2_PLACEMENT_3D('',#15512,#12377,#12378);
#11029=AXIS2_PLACEMENT_3D('',#15513,#12379,#12380);
#11030=AXIS2_PLACEMENT_3D('',#15515,#12381,#12382);
#11031=AXIS2_PLACEMENT_3D('',#15518,#12384,#12385);
#11032=AXIS2_PLACEMENT_3D('',#15519,#12386,#12387);
#11033=AXIS2_PLACEMENT_3D('',#15521,#12388,#12389);
#11034=AXIS2_PLACEMENT_3D('',#15523,#12391,#12392);
#11035=AXIS2_PLACEMENT_3D('',#15525,#12393,#12394);
#11036=AXIS2_PLACEMENT_3D('',#15527,#12396,#12397);
#11037=AXIS2_PLACEMENT_3D('',#15529,#12398,#12399);
#11038=AXIS2_PLACEMENT_3D('',#15531,#12401,#12402);
#11039=AXIS2_PLACEMENT_3D('',#15533,#12403,#12404);
#11040=AXIS2_PLACEMENT_3D('',#15535,#12406,#12407);
#11041=AXIS2_PLACEMENT_3D('',#15537,#12408,#12409);
#11042=AXIS2_PLACEMENT_3D('',#15539,#12411,#12412);
#11043=AXIS2_PLACEMENT_3D('',#15548,#12417,#12418);
#11044=AXIS2_PLACEMENT_3D('',#15557,#12423,#12424);
#11045=AXIS2_PLACEMENT_3D('',#15562,#12426,#12427);
#11046=AXIS2_PLACEMENT_3D('',#15565,#12429,#12430);
#11047=AXIS2_PLACEMENT_3D('',#15568,#12431,#12432);
#11048=AXIS2_PLACEMENT_3D('',#15572,#12434,#12435);
#11049=AXIS2_PLACEMENT_3D('',#15574,#12437,#12438);
#11050=AXIS2_PLACEMENT_3D('',#15576,#12439,#12440);
#11051=AXIS2_PLACEMENT_3D('',#15579,#12442,#12443);
#11052=AXIS2_PLACEMENT_3D('',#15580,#12444,#12445);
#11053=AXIS2_PLACEMENT_3D('',#15582,#12446,#12447);
#11054=AXIS2_PLACEMENT_3D('',#15584,#12448,#12449);
#11055=AXIS2_PLACEMENT_3D('',#15586,#12451,#12452);
#11056=AXIS2_PLACEMENT_3D('',#15588,#12453,#12454);
#11057=AXIS2_PLACEMENT_3D('',#15591,#12456,#12457);
#11058=AXIS2_PLACEMENT_3D('',#15592,#12458,#12459);
#11059=AXIS2_PLACEMENT_3D('',#15594,#12460,#12461);
#11060=AXIS2_PLACEMENT_3D('',#15596,#12462,#12463);
#11061=AXIS2_PLACEMENT_3D('',#15598,#12465,#12466);
#11062=AXIS2_PLACEMENT_3D('',#15603,#12468,#12469);
#11063=AXIS2_PLACEMENT_3D('',#15607,#12472,#12473);
#11064=AXIS2_PLACEMENT_3D('',#15608,#12474,#12475);
#11065=AXIS2_PLACEMENT_3D('',#15612,#12477,#12478);
#11066=AXIS2_PLACEMENT_3D('',#15616,#12480,#12481);
#11067=AXIS2_PLACEMENT_3D('',#15618,#12483,#12484);
#11068=AXIS2_PLACEMENT_3D('',#15622,#12488,#12489);
#11069=AXIS2_PLACEMENT_3D('',#15626,#12493,#12494);
#11070=AXIS2_PLACEMENT_3D('',#15628,#12496,#12497);
#11071=AXIS2_PLACEMENT_3D('',#15631,#12500,#12501);
#11072=AXIS2_PLACEMENT_3D('',#15633,#12503,#12504);
#11073=AXIS2_PLACEMENT_3D('',#15634,#12505,#12506);
#11074=AXIS2_PLACEMENT_3D('',#15635,#12507,#12508);
#11075=AXIS2_PLACEMENT_3D('',#15636,#12509,#12510);
#11076=AXIS2_PLACEMENT_3D('',#15637,#12511,#12512);
#11077=AXIS2_PLACEMENT_3D('',#15638,#12513,#12514);
#11078=AXIS2_PLACEMENT_3D('',#15639,#12515,#12516);
#11079=AXIS2_PLACEMENT_3D('',#15640,#12517,#12518);
#11080=AXIS2_PLACEMENT_3D('',#15641,#12519,#12520);
#11081=AXIS2_PLACEMENT_3D('',#15642,#12521,#12522);
#11082=AXIS2_PLACEMENT_3D('',#15644,#12523,#12524);
#11083=AXIS2_PLACEMENT_3D('',#15647,#12526,#12527);
#11084=AXIS2_PLACEMENT_3D('',#15648,#12528,#12529);
#11085=AXIS2_PLACEMENT_3D('',#15650,#12530,#12531);
#11086=AXIS2_PLACEMENT_3D('',#15653,#12533,#12534);
#11087=AXIS2_PLACEMENT_3D('',#15654,#12535,#12536);
#11088=AXIS2_PLACEMENT_3D('',#15657,#12538,#12539);
#11089=AXIS2_PLACEMENT_3D('',#15658,#12540,#12541);
#11090=AXIS2_PLACEMENT_3D('',#15660,#12542,#12543);
#11091=AXIS2_PLACEMENT_3D('',#15662,#12545,#12546);
#11092=AXIS2_PLACEMENT_3D('',#15665,#12548,#12549);
#11093=AXIS2_PLACEMENT_3D('',#15666,#12550,#12551);
#11094=AXIS2_PLACEMENT_3D('',#15668,#12552,#12553);
#11095=AXIS2_PLACEMENT_3D('',#15670,#12554,#12555);
#11096=AXIS2_PLACEMENT_3D('',#15671,#12556,#12557);
#11097=AXIS2_PLACEMENT_3D('',#15672,#12558,#12559);
#11098=AXIS2_PLACEMENT_3D('',#15675,#12561,#12562);
#11099=AXIS2_PLACEMENT_3D('',#15676,#12563,#12564);
#11100=AXIS2_PLACEMENT_3D('',#15679,#12566,#12567);
#11101=AXIS2_PLACEMENT_3D('',#15680,#12568,#12569);
#11102=AXIS2_PLACEMENT_3D('',#15681,#12570,#12571);
#11103=AXIS2_PLACEMENT_3D('',#15682,#12572,#12573);
#11104=AXIS2_PLACEMENT_3D('',#15683,#12574,#12575);
#11105=AXIS2_PLACEMENT_3D('',#15685,#12576,#12577);
#11106=AXIS2_PLACEMENT_3D('',#15688,#12579,#12580);
#11107=AXIS2_PLACEMENT_3D('',#15689,#12581,#12582);
#11108=AXIS2_PLACEMENT_3D('',#15691,#12583,#12584);
#11109=AXIS2_PLACEMENT_3D('',#15694,#12586,#12587);
#11110=AXIS2_PLACEMENT_3D('',#15695,#12588,#12589);
#11111=AXIS2_PLACEMENT_3D('',#15697,#12590,#12591);
#11112=AXIS2_PLACEMENT_3D('',#15700,#12593,#12594);
#11113=AXIS2_PLACEMENT_3D('',#15701,#12595,#12596);
#11114=AXIS2_PLACEMENT_3D('',#15703,#12597,#12598);
#11115=AXIS2_PLACEMENT_3D('',#15706,#12600,#12601);
#11116=AXIS2_PLACEMENT_3D('',#15707,#12602,#12603);
#11117=AXIS2_PLACEMENT_3D('',#15710,#12604,#12605);
#11118=AXIS2_PLACEMENT_3D('',#15714,#12607,#12608);
#11119=AXIS2_PLACEMENT_3D('',#15716,#12610,#12611);
#11120=AXIS2_PLACEMENT_3D('',#15719,#12612,#12613);
#11121=AXIS2_PLACEMENT_3D('',#15723,#12615,#12616);
#11122=AXIS2_PLACEMENT_3D('',#15725,#12618,#12619);
#11123=AXIS2_PLACEMENT_3D('',#15728,#12620,#12621);
#11124=AXIS2_PLACEMENT_3D('',#15732,#12623,#12624);
#11125=AXIS2_PLACEMENT_3D('',#15734,#12626,#12627);
#11126=AXIS2_PLACEMENT_3D('',#15740,#12631,#12632);
#11127=AXIS2_PLACEMENT_3D('',#15742,#12633,#12634);
#11128=AXIS2_PLACEMENT_3D('',#15745,#12636,#12637);
#11129=AXIS2_PLACEMENT_3D('',#15746,#12638,#12639);
#11130=AXIS2_PLACEMENT_3D('',#15748,#12640,#12641);
#11131=AXIS2_PLACEMENT_3D('',#15751,#12643,#12644);
#11132=AXIS2_PLACEMENT_3D('',#15752,#12645,#12646);
#11133=AXIS2_PLACEMENT_3D('',#15754,#12647,#12648);
#11134=AXIS2_PLACEMENT_3D('',#15757,#12650,#12651);
#11135=AXIS2_PLACEMENT_3D('',#15758,#12652,#12653);
#11136=AXIS2_PLACEMENT_3D('',#15764,#12657,#12658);
#11137=AXIS2_PLACEMENT_3D('',#15765,#12659,#12660);
#11138=AXIS2_PLACEMENT_3D('',#15766,#12661,#12662);
#11139=AXIS2_PLACEMENT_3D('',#15767,#12663,#12664);
#11140=AXIS2_PLACEMENT_3D('',#15769,#12665,#12666);
#11141=AXIS2_PLACEMENT_3D('',#15772,#12668,#12669);
#11142=AXIS2_PLACEMENT_3D('',#15773,#12670,#12671);
#11143=AXIS2_PLACEMENT_3D('',#15779,#12675,#12676);
#11144=AXIS2_PLACEMENT_3D('',#15781,#12677,#12678);
#11145=AXIS2_PLACEMENT_3D('',#15784,#12680,#12681);
#11146=AXIS2_PLACEMENT_3D('',#15785,#12682,#12683);
#11147=AXIS2_PLACEMENT_3D('',#15791,#12687,#12688);
#11148=AXIS2_PLACEMENT_3D('',#15793,#12689,#12690);
#11149=AXIS2_PLACEMENT_3D('',#15796,#12692,#12693);
#11150=AXIS2_PLACEMENT_3D('',#15797,#12694,#12695);
#11151=AXIS2_PLACEMENT_3D('',#15800,#12698,#12699);
#11152=AXIS2_PLACEMENT_3D('',#15802,#12700,#12701);
#11153=AXIS2_PLACEMENT_3D('',#15805,#12703,#12704);
#11154=AXIS2_PLACEMENT_3D('',#15806,#12705,#12706);
#11155=AXIS2_PLACEMENT_3D('',#15812,#12710,#12711);
#11156=AXIS2_PLACEMENT_3D('',#15813,#12712,#12713);
#11157=AXIS2_PLACEMENT_3D('',#15814,#12714,#12715);
#11158=AXIS2_PLACEMENT_3D('',#15815,#12716,#12717);
#11159=AXIS2_PLACEMENT_3D('',#15816,#12718,#12719);
#11160=AXIS2_PLACEMENT_3D('',#15817,#12720,#12721);
#11161=AXIS2_PLACEMENT_3D('',#15819,#12722,#12723);
#11162=AXIS2_PLACEMENT_3D('',#15822,#12725,#12726);
#11163=AXIS2_PLACEMENT_3D('',#15823,#12727,#12728);
#11164=AXIS2_PLACEMENT_3D('',#15825,#12729,#12730);
#11165=AXIS2_PLACEMENT_3D('',#15828,#12732,#12733);
#11166=AXIS2_PLACEMENT_3D('',#15829,#12734,#12735);
#11167=AXIS2_PLACEMENT_3D('',#15831,#12736,#12737);
#11168=AXIS2_PLACEMENT_3D('',#15834,#12739,#12740);
#11169=AXIS2_PLACEMENT_3D('',#15835,#12741,#12742);
#11170=AXIS2_PLACEMENT_3D('',#15837,#12743,#12744);
#11171=AXIS2_PLACEMENT_3D('',#15840,#12746,#12747);
#11172=AXIS2_PLACEMENT_3D('',#15841,#12748,#12749);
#11173=AXIS2_PLACEMENT_3D('',#15843,#12750,#12751);
#11174=AXIS2_PLACEMENT_3D('',#15846,#12753,#12754);
#11175=AXIS2_PLACEMENT_3D('',#15847,#12755,#12756);
#11176=AXIS2_PLACEMENT_3D('',#15849,#12757,#12758);
#11177=AXIS2_PLACEMENT_3D('',#15852,#12760,#12761);
#11178=AXIS2_PLACEMENT_3D('',#15853,#12762,#12763);
#11179=AXIS2_PLACEMENT_3D('',#15855,#12764,#12765);
#11180=AXIS2_PLACEMENT_3D('',#15858,#12767,#12768);
#11181=AXIS2_PLACEMENT_3D('',#15859,#12769,#12770);
#11182=AXIS2_PLACEMENT_3D('',#15861,#12771,#12772);
#11183=AXIS2_PLACEMENT_3D('',#15864,#12774,#12775);
#11184=AXIS2_PLACEMENT_3D('',#15865,#12776,#12777);
#11185=AXIS2_PLACEMENT_3D('',#15867,#12778,#12779);
#11186=AXIS2_PLACEMENT_3D('',#15870,#12781,#12782);
#11187=AXIS2_PLACEMENT_3D('',#15871,#12783,#12784);
#11188=AXIS2_PLACEMENT_3D('',#15873,#12785,#12786);
#11189=AXIS2_PLACEMENT_3D('',#15876,#12788,#12789);
#11190=AXIS2_PLACEMENT_3D('',#15877,#12790,#12791);
#11191=AXIS2_PLACEMENT_3D('',#15879,#12792,#12793);
#11192=AXIS2_PLACEMENT_3D('',#15882,#12795,#12796);
#11193=AXIS2_PLACEMENT_3D('',#15883,#12797,#12798);
#11194=AXIS2_PLACEMENT_3D('',#15885,#12799,#12800);
#11195=AXIS2_PLACEMENT_3D('',#15888,#12802,#12803);
#11196=AXIS2_PLACEMENT_3D('',#15889,#12804,#12805);
#11197=AXIS2_PLACEMENT_3D('',#15892,#12806,#12807);
#11198=AXIS2_PLACEMENT_3D('',#15896,#12809,#12810);
#11199=AXIS2_PLACEMENT_3D('',#15898,#12812,#12813);
#11200=AXIS2_PLACEMENT_3D('',#15900,#12814,#12815);
#11201=AXIS2_PLACEMENT_3D('',#15903,#12817,#12818);
#11202=AXIS2_PLACEMENT_3D('',#15904,#12819,#12820);
#11203=AXIS2_PLACEMENT_3D('',#15907,#12821,#12822);
#11204=AXIS2_PLACEMENT_3D('',#15911,#12824,#12825);
#11205=AXIS2_PLACEMENT_3D('',#15913,#12827,#12828);
#11206=AXIS2_PLACEMENT_3D('',#15919,#12832,#12833);
#11207=AXIS2_PLACEMENT_3D('',#15921,#12834,#12835);
#11208=AXIS2_PLACEMENT_3D('',#15924,#12837,#12838);
#11209=AXIS2_PLACEMENT_3D('',#15925,#12839,#12840);
#11210=AXIS2_PLACEMENT_3D('',#15931,#12844,#12845);
#11211=AXIS2_PLACEMENT_3D('',#15933,#12846,#12847);
#11212=AXIS2_PLACEMENT_3D('',#15936,#12849,#12850);
#11213=AXIS2_PLACEMENT_3D('',#15937,#12851,#12852);
#11214=AXIS2_PLACEMENT_3D('',#15940,#12855,#12856);
#11215=AXIS2_PLACEMENT_3D('',#15942,#12857,#12858);
#11216=AXIS2_PLACEMENT_3D('',#15946,#12860,#12861);
#11217=AXIS2_PLACEMENT_3D('',#15947,#12862,#12863);
#11218=AXIS2_PLACEMENT_3D('',#15948,#12864,#12865);
#11219=AXIS2_PLACEMENT_3D('',#15950,#12866,#12867);
#11220=AXIS2_PLACEMENT_3D('',#15952,#12868,#12869);
#11221=AXIS2_PLACEMENT_3D('',#15955,#12871,#12872);
#11222=AXIS2_PLACEMENT_3D('',#15956,#12873,#12874);
#11223=AXIS2_PLACEMENT_3D('',#15959,#12877,#12878);
#11224=AXIS2_PLACEMENT_3D('',#15961,#12880,#12881);
#11225=AXIS2_PLACEMENT_3D('',#15962,#12882,#12883);
#11226=AXIS2_PLACEMENT_3D('',#15963,#12884,#12885);
#11227=AXIS2_PLACEMENT_3D('',#15965,#12886,#12887);
#11228=AXIS2_PLACEMENT_3D('',#15968,#12889,#12890);
#11229=AXIS2_PLACEMENT_3D('',#15969,#12891,#12892);
#11230=AXIS2_PLACEMENT_3D('',#15971,#12893,#12894);
#11231=AXIS2_PLACEMENT_3D('',#15974,#12896,#12897);
#11232=AXIS2_PLACEMENT_3D('',#15975,#12898,#12899);
#11233=AXIS2_PLACEMENT_3D('',#15977,#12900,#12901);
#11234=AXIS2_PLACEMENT_3D('',#15980,#12903,#12904);
#11235=AXIS2_PLACEMENT_3D('',#15981,#12905,#12906);
#11236=AXIS2_PLACEMENT_3D('',#15983,#12907,#12908);
#11237=AXIS2_PLACEMENT_3D('',#15986,#12910,#12911);
#11238=AXIS2_PLACEMENT_3D('',#15987,#12912,#12913);
#11239=AXIS2_PLACEMENT_3D('',#15989,#12914,#12915);
#11240=AXIS2_PLACEMENT_3D('',#15992,#12917,#12918);
#11241=AXIS2_PLACEMENT_3D('',#15993,#12919,#12920);
#11242=AXIS2_PLACEMENT_3D('',#15995,#12921,#12922);
#11243=AXIS2_PLACEMENT_3D('',#15998,#12924,#12925);
#11244=AXIS2_PLACEMENT_3D('',#15999,#12926,#12927);
#11245=AXIS2_PLACEMENT_3D('',#16001,#12928,#12929);
#11246=AXIS2_PLACEMENT_3D('',#16004,#12931,#12932);
#11247=AXIS2_PLACEMENT_3D('',#16005,#12933,#12934);
#11248=AXIS2_PLACEMENT_3D('',#16007,#12935,#12936);
#11249=AXIS2_PLACEMENT_3D('',#16010,#12938,#12939);
#11250=AXIS2_PLACEMENT_3D('',#16011,#12940,#12941);
#11251=AXIS2_PLACEMENT_3D('',#16013,#12942,#12943);
#11252=AXIS2_PLACEMENT_3D('',#16016,#12945,#12946);
#11253=AXIS2_PLACEMENT_3D('',#16017,#12947,#12948);
#11254=AXIS2_PLACEMENT_3D('',#16019,#12949,#12950);
#11255=AXIS2_PLACEMENT_3D('',#16022,#12952,#12953);
#11256=AXIS2_PLACEMENT_3D('',#16023,#12954,#12955);
#11257=AXIS2_PLACEMENT_3D('',#16025,#12956,#12957);
#11258=AXIS2_PLACEMENT_3D('',#16028,#12959,#12960);
#11259=AXIS2_PLACEMENT_3D('',#16029,#12961,#12962);
#11260=AXIS2_PLACEMENT_3D('',#16031,#12963,#12964);
#11261=AXIS2_PLACEMENT_3D('',#16034,#12966,#12967);
#11262=AXIS2_PLACEMENT_3D('',#16035,#12968,#12969);
#11263=AXIS2_PLACEMENT_3D('',#16038,#12970,#12971);
#11264=AXIS2_PLACEMENT_3D('',#16042,#12973,#12974);
#11265=AXIS2_PLACEMENT_3D('',#16044,#12976,#12977);
#11266=AXIS2_PLACEMENT_3D('',#16046,#12978,#12979);
#11267=AXIS2_PLACEMENT_3D('',#16049,#12981,#12982);
#11268=AXIS2_PLACEMENT_3D('',#16050,#12983,#12984);
#11269=AXIS2_PLACEMENT_3D('',#16053,#12985,#12986);
#11270=AXIS2_PLACEMENT_3D('',#16057,#12988,#12989);
#11271=AXIS2_PLACEMENT_3D('',#16059,#12991,#12992);
#11272=AXIS2_PLACEMENT_3D('',#16065,#12996,#12997);
#11273=AXIS2_PLACEMENT_3D('',#16067,#12998,#12999);
#11274=AXIS2_PLACEMENT_3D('',#16070,#13001,#13002);
#11275=AXIS2_PLACEMENT_3D('',#16071,#13003,#13004);
#11276=AXIS2_PLACEMENT_3D('',#16077,#13008,#13009);
#11277=AXIS2_PLACEMENT_3D('',#16079,#13010,#13011);
#11278=AXIS2_PLACEMENT_3D('',#16082,#13013,#13014);
#11279=AXIS2_PLACEMENT_3D('',#16083,#13015,#13016);
#11280=AXIS2_PLACEMENT_3D('',#16086,#13019,#13020);
#11281=AXIS2_PLACEMENT_3D('',#16088,#13021,#13022);
#11282=AXIS2_PLACEMENT_3D('',#16092,#13024,#13025);
#11283=AXIS2_PLACEMENT_3D('',#16093,#13026,#13027);
#11284=AXIS2_PLACEMENT_3D('',#16094,#13028,#13029);
#11285=AXIS2_PLACEMENT_3D('',#16096,#13030,#13031);
#11286=AXIS2_PLACEMENT_3D('',#16098,#13032,#13033);
#11287=AXIS2_PLACEMENT_3D('',#16101,#13035,#13036);
#11288=AXIS2_PLACEMENT_3D('',#16102,#13037,#13038);
#11289=AXIS2_PLACEMENT_3D('',#16105,#13041,#13042);
#11290=AXIS2_PLACEMENT_3D('',#16107,#13044,#13045);
#11291=AXIS2_PLACEMENT_3D('',#16108,#13046,#13047);
#11292=AXIS2_PLACEMENT_3D('',#16109,#13048,#13049);
#11293=AXIS2_PLACEMENT_3D('',#16111,#13050,#13051);
#11294=AXIS2_PLACEMENT_3D('',#16114,#13053,#13054);
#11295=AXIS2_PLACEMENT_3D('',#16115,#13055,#13056);
#11296=AXIS2_PLACEMENT_3D('',#16118,#13058,#13059);
#11297=AXIS2_PLACEMENT_3D('',#16120,#13060,#13061);
#11298=AXIS2_PLACEMENT_3D('',#16123,#13063,#13064);
#11299=AXIS2_PLACEMENT_3D('',#16124,#13065,#13066);
#11300=AXIS2_PLACEMENT_3D('',#16127,#13067,#13068);
#11301=AXIS2_PLACEMENT_3D('',#16128,#13069,#13070);
#11302=AXIS2_PLACEMENT_3D('',#16130,#13072,#13073);
#11303=AXIS2_PLACEMENT_3D('',#16132,#13074,#13075);
#11304=AXIS2_PLACEMENT_3D('',#16135,#13077,#13078);
#11305=AXIS2_PLACEMENT_3D('',#16136,#13079,#13080);
#11306=AXIS2_PLACEMENT_3D('',#16139,#13081,#13082);
#11307=AXIS2_PLACEMENT_3D('',#16140,#13083,#13084);
#11308=AXIS2_PLACEMENT_3D('',#16142,#13086,#13087);
#11309=AXIS2_PLACEMENT_3D('',#16144,#13088,#13089);
#11310=AXIS2_PLACEMENT_3D('',#16147,#13091,#13092);
#11311=AXIS2_PLACEMENT_3D('',#16148,#13093,#13094);
#11312=AXIS2_PLACEMENT_3D('',#16150,#13095,#13096);
#11313=AXIS2_PLACEMENT_3D('',#16152,#13098,#13099);
#11314=AXIS2_PLACEMENT_3D('',#16154,#13100,#13101);
#11315=AXIS2_PLACEMENT_3D('',#16157,#13103,#13104);
#11316=AXIS2_PLACEMENT_3D('',#16158,#13105,#13106);
#11317=AXIS2_PLACEMENT_3D('',#16160,#13107,#13108);
#11318=AXIS2_PLACEMENT_3D('',#16162,#13110,#13111);
#11319=AXIS2_PLACEMENT_3D('',#16164,#13113,#13114);
#11320=AXIS2_PLACEMENT_3D('',#16166,#13116,#13117);
#11321=AXIS2_PLACEMENT_3D('',#16169,#13118,#13119);
#11322=AXIS2_PLACEMENT_3D('',#16173,#13121,#13122);
#11323=AXIS2_PLACEMENT_3D('',#16175,#13124,#13125);
#11324=AXIS2_PLACEMENT_3D('',#16180,#13127,#13128);
#11325=AXIS2_PLACEMENT_3D('',#16184,#13131,#13132);
#11326=AXIS2_PLACEMENT_3D('',#16187,#13133,#13134);
#11327=AXIS2_PLACEMENT_3D('',#16193,#13138,#13139);
#11328=AXIS2_PLACEMENT_3D('',#16201,#13145,#13146);
#11329=AXIS2_PLACEMENT_3D('',#16203,#13148,#13149);
#11330=AXIS2_PLACEMENT_3D('',#16210,#13154,#13155);
#11331=AXIS2_PLACEMENT_3D('',#16211,#13156,#13157);
#11332=AXIS2_PLACEMENT_3D('',#16212,#13158,#13159);
#11333=AXIS2_PLACEMENT_3D('',#16213,#13160,#13161);
#11334=AXIS2_PLACEMENT_3D('',#16214,#13162,#13163);
#11335=AXIS2_PLACEMENT_3D('',#16215,#13164,#13165);
#11336=AXIS2_PLACEMENT_3D('',#16216,#13166,#13167);
#11337=AXIS2_PLACEMENT_3D('',#16219,#13168,#13169);
#11338=AXIS2_PLACEMENT_3D('',#16221,#13170,#13171);
#11339=AXIS2_PLACEMENT_3D('',#16222,#13172,#13173);
#11340=AXIS2_PLACEMENT_3D('',#16225,#13175,#13176);
#11341=AXIS2_PLACEMENT_3D('',#16226,#13177,#13178);
#11342=AXIS2_PLACEMENT_3D('',#16228,#13179,#13180);
#11343=AXIS2_PLACEMENT_3D('',#16231,#13182,#13183);
#11344=AXIS2_PLACEMENT_3D('',#16232,#13184,#13185);
#11345=AXIS2_PLACEMENT_3D('',#16234,#13186,#13187);
#11346=AXIS2_PLACEMENT_3D('',#16238,#13189,#13190);
#11347=AXIS2_PLACEMENT_3D('',#16242,#13192,#13193);
#11348=AXIS2_PLACEMENT_3D('',#16246,#13195,#13196);
#11349=AXIS2_PLACEMENT_3D('',#16250,#13198,#13199);
#11350=AXIS2_PLACEMENT_3D('',#16253,#13201,#13202);
#11351=AXIS2_PLACEMENT_3D('',#16254,#13203,#13204);
#11352=AXIS2_PLACEMENT_3D('',#16256,#13205,#13206);
#11353=AXIS2_PLACEMENT_3D('',#16258,#13208,#13209);
#11354=AXIS2_PLACEMENT_3D('',#16261,#13212,#13213);
#11355=AXIS2_PLACEMENT_3D('',#16263,#13215,#13216);
#11356=AXIS2_PLACEMENT_3D('',#16265,#13218,#13219);
#11357=AXIS2_PLACEMENT_3D('',#16266,#13220,#13221);
#11358=AXIS2_PLACEMENT_3D('',#16267,#13222,#13223);
#11359=AXIS2_PLACEMENT_3D('',#16268,#13224,#13225);
#11360=AXIS2_PLACEMENT_3D('',#16269,#13226,#13227);
#11361=AXIS2_PLACEMENT_3D('',#16271,#13228,#13229);
#11362=AXIS2_PLACEMENT_3D('',#16274,#13231,#13232);
#11363=AXIS2_PLACEMENT_3D('',#16275,#13233,#13234);
#11364=AXIS2_PLACEMENT_3D('',#16277,#13235,#13236);
#11365=AXIS2_PLACEMENT_3D('',#16279,#13238,#13239);
#11366=AXIS2_PLACEMENT_3D('',#16281,#13240,#13241);
#11367=AXIS2_PLACEMENT_3D('',#16284,#13243,#13244);
#11368=AXIS2_PLACEMENT_3D('',#16285,#13245,#13246);
#11369=AXIS2_PLACEMENT_3D('',#16287,#13247,#13248);
#11370=AXIS2_PLACEMENT_3D('',#16290,#13250,#13251);
#11371=AXIS2_PLACEMENT_3D('',#16291,#13252,#13253);
#11372=AXIS2_PLACEMENT_3D('',#16294,#13254,#13255);
#11373=AXIS2_PLACEMENT_3D('',#16298,#13257,#13258);
#11374=AXIS2_PLACEMENT_3D('',#16302,#13260,#13261);
#11375=AXIS2_PLACEMENT_3D('',#16305,#13263,#13264);
#11376=AXIS2_PLACEMENT_3D('',#16307,#13265,#13266);
#11377=AXIS2_PLACEMENT_3D('',#16311,#13268,#13269);
#11378=AXIS2_PLACEMENT_3D('',#16313,#13271,#13272);
#11379=AXIS2_PLACEMENT_3D('',#16316,#13273,#13274);
#11380=AXIS2_PLACEMENT_3D('',#16320,#13276,#13277);
#11381=AXIS2_PLACEMENT_3D('',#16322,#13279,#13280);
#11382=AXIS2_PLACEMENT_3D('',#16325,#13283,#13284);
#11383=AXIS2_PLACEMENT_3D('',#16328,#13285,#13286);
#11384=AXIS2_PLACEMENT_3D('',#16332,#13288,#13289);
#11385=AXIS2_PLACEMENT_3D('',#16334,#13291,#13292);
#11386=AXIS2_PLACEMENT_3D('',#16337,#13295,#13296);
#11387=AXIS2_PLACEMENT_3D('',#16339,#13298,#13299);
#11388=AXIS2_PLACEMENT_3D('',#16341,#13301,#13302);
#11389=AXIS2_PLACEMENT_3D('',#16344,#13305,#13306);
#11390=AXIS2_PLACEMENT_3D('',#16345,#13307,#13308);
#11391=AXIS2_PLACEMENT_3D('',#16346,#13309,#13310);
#11392=AXIS2_PLACEMENT_3D('',#16347,#13311,#13312);
#11393=AXIS2_PLACEMENT_3D('',#16349,#13313,#13314);
#11394=AXIS2_PLACEMENT_3D('',#16352,#13316,#13317);
#11395=AXIS2_PLACEMENT_3D('',#16353,#13318,#13319);
#11396=AXIS2_PLACEMENT_3D('',#16355,#13320,#13321);
#11397=AXIS2_PLACEMENT_3D('',#16357,#13323,#13324);
#11398=AXIS2_PLACEMENT_3D('',#16359,#13325,#13326);
#11399=AXIS2_PLACEMENT_3D('',#16362,#13328,#13329);
#11400=AXIS2_PLACEMENT_3D('',#16363,#13330,#13331);
#11401=AXIS2_PLACEMENT_3D('',#16365,#13332,#13333);
#11402=AXIS2_PLACEMENT_3D('',#16368,#13335,#13336);
#11403=AXIS2_PLACEMENT_3D('',#16369,#13337,#13338);
#11404=AXIS2_PLACEMENT_3D('',#16372,#13339,#13340);
#11405=AXIS2_PLACEMENT_3D('',#16376,#13342,#13343);
#11406=AXIS2_PLACEMENT_3D('',#16378,#13345,#13346);
#11407=AXIS2_PLACEMENT_3D('',#16381,#13347,#13348);
#11408=AXIS2_PLACEMENT_3D('',#16385,#13350,#13351);
#11409=AXIS2_PLACEMENT_3D('',#16387,#13353,#13354);
#11410=AXIS2_PLACEMENT_3D('',#16393,#13358,#13359);
#11411=AXIS2_PLACEMENT_3D('',#16395,#13360,#13361);
#11412=AXIS2_PLACEMENT_3D('',#16398,#13363,#13364);
#11413=AXIS2_PLACEMENT_3D('',#16399,#13365,#13366);
#11414=AXIS2_PLACEMENT_3D('',#16402,#13369,#13370);
#11415=AXIS2_PLACEMENT_3D('',#16408,#13374,#13375);
#11416=AXIS2_PLACEMENT_3D('',#16410,#13376,#13377);
#11417=AXIS2_PLACEMENT_3D('',#16413,#13379,#13380);
#11418=AXIS2_PLACEMENT_3D('',#16414,#13381,#13382);
#11419=AXIS2_PLACEMENT_3D('',#16417,#13385,#13386);
#11420=AXIS2_PLACEMENT_3D('',#16418,#13387,#13388);
#11421=AXIS2_PLACEMENT_3D('',#16419,#13389,#13390);
#11422=AXIS2_PLACEMENT_3D('',#16421,#13391,#13392);
#11423=AXIS2_PLACEMENT_3D('',#16424,#13394,#13395);
#11424=AXIS2_PLACEMENT_3D('',#16425,#13396,#13397);
#11425=AXIS2_PLACEMENT_3D('',#16427,#13398,#13399);
#11426=AXIS2_PLACEMENT_3D('',#16429,#13401,#13402);
#11427=AXIS2_PLACEMENT_3D('',#16431,#13403,#13404);
#11428=AXIS2_PLACEMENT_3D('',#16434,#13406,#13407);
#11429=AXIS2_PLACEMENT_3D('',#16435,#13408,#13409);
#11430=AXIS2_PLACEMENT_3D('',#16437,#13410,#13411);
#11431=AXIS2_PLACEMENT_3D('',#16440,#13413,#13414);
#11432=AXIS2_PLACEMENT_3D('',#16441,#13415,#13416);
#11433=AXIS2_PLACEMENT_3D('',#16444,#13417,#13418);
#11434=AXIS2_PLACEMENT_3D('',#16448,#13420,#13421);
#11435=AXIS2_PLACEMENT_3D('',#16452,#13423,#13424);
#11436=AXIS2_PLACEMENT_3D('',#16455,#13426,#13427);
#11437=AXIS2_PLACEMENT_3D('',#16457,#13428,#13429);
#11438=AXIS2_PLACEMENT_3D('',#16461,#13431,#13432);
#11439=AXIS2_PLACEMENT_3D('',#16463,#13434,#13435);
#11440=AXIS2_PLACEMENT_3D('',#16466,#13436,#13437);
#11441=AXIS2_PLACEMENT_3D('',#16470,#13439,#13440);
#11442=AXIS2_PLACEMENT_3D('',#16472,#13442,#13443);
#11443=AXIS2_PLACEMENT_3D('',#16475,#13446,#13447);
#11444=AXIS2_PLACEMENT_3D('',#16478,#13448,#13449);
#11445=AXIS2_PLACEMENT_3D('',#16482,#13451,#13452);
#11446=AXIS2_PLACEMENT_3D('',#16484,#13454,#13455);
#11447=AXIS2_PLACEMENT_3D('',#16487,#13458,#13459);
#11448=AXIS2_PLACEMENT_3D('',#16489,#13461,#13462);
#11449=AXIS2_PLACEMENT_3D('',#16491,#13464,#13465);
#11450=AXIS2_PLACEMENT_3D('',#16494,#13468,#13469);
#11451=AXIS2_PLACEMENT_3D('',#16495,#13470,#13471);
#11452=AXIS2_PLACEMENT_3D('',#16496,#13472,#13473);
#11453=AXIS2_PLACEMENT_3D('',#16497,#13474,#13475);
#11454=AXIS2_PLACEMENT_3D('',#16499,#13476,#13477);
#11455=AXIS2_PLACEMENT_3D('',#16502,#13479,#13480);
#11456=AXIS2_PLACEMENT_3D('',#16503,#13481,#13482);
#11457=AXIS2_PLACEMENT_3D('',#16505,#13483,#13484);
#11458=AXIS2_PLACEMENT_3D('',#16507,#13486,#13487);
#11459=AXIS2_PLACEMENT_3D('',#16509,#13488,#13489);
#11460=AXIS2_PLACEMENT_3D('',#16512,#13491,#13492);
#11461=AXIS2_PLACEMENT_3D('',#16513,#13493,#13494);
#11462=AXIS2_PLACEMENT_3D('',#16515,#13495,#13496);
#11463=AXIS2_PLACEMENT_3D('',#16518,#13498,#13499);
#11464=AXIS2_PLACEMENT_3D('',#16519,#13500,#13501);
#11465=AXIS2_PLACEMENT_3D('',#16522,#13502,#13503);
#11466=AXIS2_PLACEMENT_3D('',#16526,#13505,#13506);
#11467=AXIS2_PLACEMENT_3D('',#16528,#13508,#13509);
#11468=AXIS2_PLACEMENT_3D('',#16531,#13510,#13511);
#11469=AXIS2_PLACEMENT_3D('',#16535,#13513,#13514);
#11470=AXIS2_PLACEMENT_3D('',#16537,#13516,#13517);
#11471=AXIS2_PLACEMENT_3D('',#16543,#13521,#13522);
#11472=AXIS2_PLACEMENT_3D('',#16545,#13523,#13524);
#11473=AXIS2_PLACEMENT_3D('',#16548,#13526,#13527);
#11474=AXIS2_PLACEMENT_3D('',#16549,#13528,#13529);
#11475=AXIS2_PLACEMENT_3D('',#16552,#13532,#13533);
#11476=AXIS2_PLACEMENT_3D('',#16558,#13537,#13538);
#11477=AXIS2_PLACEMENT_3D('',#16560,#13539,#13540);
#11478=AXIS2_PLACEMENT_3D('',#16563,#13542,#13543);
#11479=AXIS2_PLACEMENT_3D('',#16564,#13544,#13545);
#11480=AXIS2_PLACEMENT_3D('',#16567,#13548,#13549);
#11481=AXIS2_PLACEMENT_3D('',#16568,#13550,#13551);
#11482=AXIS2_PLACEMENT_3D('',#16569,#13552,#13553);
#11483=AXIS2_PLACEMENT_3D('',#16571,#13554,#13555);
#11484=AXIS2_PLACEMENT_3D('',#16574,#13557,#13558);
#11485=AXIS2_PLACEMENT_3D('',#16575,#13559,#13560);
#11486=AXIS2_PLACEMENT_3D('',#16577,#13561,#13562);
#11487=AXIS2_PLACEMENT_3D('',#16580,#13564,#13565);
#11488=AXIS2_PLACEMENT_3D('',#16581,#13566,#13567);
#11489=AXIS2_PLACEMENT_3D('',#16584,#13569,#13570);
#11490=AXIS2_PLACEMENT_3D('',#16585,#13571,#13572);
#11491=AXIS2_PLACEMENT_3D('',#16587,#13573,#13574);
#11492=AXIS2_PLACEMENT_3D('',#16589,#13576,#13577);
#11493=AXIS2_PLACEMENT_3D('',#16592,#13579,#13580);
#11494=AXIS2_PLACEMENT_3D('',#16593,#13581,#13582);
#11495=AXIS2_PLACEMENT_3D('',#16595,#13583,#13584);
#11496=AXIS2_PLACEMENT_3D('',#16597,#13585,#13586);
#11497=AXIS2_PLACEMENT_3D('',#16598,#13587,#13588);
#11498=AXIS2_PLACEMENT_3D('',#16599,#13589,#13590);
#11499=AXIS2_PLACEMENT_3D('',#16602,#13592,#13593);
#11500=AXIS2_PLACEMENT_3D('',#16603,#13594,#13595);
#11501=AXIS2_PLACEMENT_3D('',#16606,#13597,#13598);
#11502=AXIS2_PLACEMENT_3D('',#16607,#13599,#13600);
#11503=AXIS2_PLACEMENT_3D('',#16608,#13601,#13602);
#11504=AXIS2_PLACEMENT_3D('',#16609,#13603,#13604);
#11505=AXIS2_PLACEMENT_3D('',#16610,#13605,#13606);
#11506=AXIS2_PLACEMENT_3D('',#16612,#13607,#13608);
#11507=AXIS2_PLACEMENT_3D('',#16615,#13610,#13611);
#11508=AXIS2_PLACEMENT_3D('',#16616,#13612,#13613);
#11509=AXIS2_PLACEMENT_3D('',#16618,#13614,#13615);
#11510=AXIS2_PLACEMENT_3D('',#16621,#13617,#13618);
#11511=AXIS2_PLACEMENT_3D('',#16622,#13619,#13620);
#11512=AXIS2_PLACEMENT_3D('',#16625,#13622,#13623);
#11513=AXIS2_PLACEMENT_3D('',#16626,#13624,#13625);
#11514=AXIS2_PLACEMENT_3D('',#16628,#13626,#13627);
#11515=AXIS2_PLACEMENT_3D('',#16630,#13629,#13630);
#11516=AXIS2_PLACEMENT_3D('',#16633,#13632,#13633);
#11517=AXIS2_PLACEMENT_3D('',#16634,#13634,#13635);
#11518=AXIS2_PLACEMENT_3D('',#16636,#13636,#13637);
#11519=AXIS2_PLACEMENT_3D('',#16638,#13638,#13639);
#11520=AXIS2_PLACEMENT_3D('',#16639,#13640,#13641);
#11521=AXIS2_PLACEMENT_3D('',#16640,#13642,#13643);
#11522=AXIS2_PLACEMENT_3D('',#16643,#13645,#13646);
#11523=AXIS2_PLACEMENT_3D('',#16644,#13647,#13648);
#11524=AXIS2_PLACEMENT_3D('',#16647,#13650,#13651);
#11525=AXIS2_PLACEMENT_3D('',#16648,#13652,#13653);
#11526=AXIS2_PLACEMENT_3D('',#16649,#13654,#13655);
#11527=AXIS2_PLACEMENT_3D('',#16650,#13656,#13657);
#11528=AXIS2_PLACEMENT_3D('',#16651,#13658,#13659);
#11529=AXIS2_PLACEMENT_3D('',#16653,#13660,#13661);
#11530=AXIS2_PLACEMENT_3D('',#16656,#13663,#13664);
#11531=AXIS2_PLACEMENT_3D('',#16657,#13665,#13666);
#11532=AXIS2_PLACEMENT_3D('',#16659,#13667,#13668);
#11533=AXIS2_PLACEMENT_3D('',#16662,#13670,#13671);
#11534=AXIS2_PLACEMENT_3D('',#16663,#13672,#13673);
#11535=AXIS2_PLACEMENT_3D('',#16666,#13675,#13676);
#11536=AXIS2_PLACEMENT_3D('',#16667,#13677,#13678);
#11537=AXIS2_PLACEMENT_3D('',#16669,#13679,#13680);
#11538=AXIS2_PLACEMENT_3D('',#16671,#13682,#13683);
#11539=AXIS2_PLACEMENT_3D('',#16674,#13685,#13686);
#11540=AXIS2_PLACEMENT_3D('',#16675,#13687,#13688);
#11541=AXIS2_PLACEMENT_3D('',#16677,#13689,#13690);
#11542=AXIS2_PLACEMENT_3D('',#16679,#13691,#13692);
#11543=AXIS2_PLACEMENT_3D('',#16680,#13693,#13694);
#11544=AXIS2_PLACEMENT_3D('',#16681,#13695,#13696);
#11545=AXIS2_PLACEMENT_3D('',#16684,#13698,#13699);
#11546=AXIS2_PLACEMENT_3D('',#16685,#13700,#13701);
#11547=AXIS2_PLACEMENT_3D('',#16688,#13703,#13704);
#11548=AXIS2_PLACEMENT_3D('',#16689,#13705,#13706);
#11549=AXIS2_PLACEMENT_3D('',#16690,#13707,#13708);
#11550=AXIS2_PLACEMENT_3D('',#16691,#13709,#13710);
#11551=AXIS2_PLACEMENT_3D('',#16692,#13711,#13712);
#11552=AXIS2_PLACEMENT_3D('',#16694,#13713,#13714);
#11553=AXIS2_PLACEMENT_3D('',#16697,#13716,#13717);
#11554=AXIS2_PLACEMENT_3D('',#16698,#13718,#13719);
#11555=AXIS2_PLACEMENT_3D('',#16700,#13720,#13721);
#11556=AXIS2_PLACEMENT_3D('',#16703,#13723,#13724);
#11557=AXIS2_PLACEMENT_3D('',#16704,#13725,#13726);
#11558=AXIS2_PLACEMENT_3D('',#16707,#13728,#13729);
#11559=AXIS2_PLACEMENT_3D('',#16708,#13730,#13731);
#11560=AXIS2_PLACEMENT_3D('',#16710,#13732,#13733);
#11561=AXIS2_PLACEMENT_3D('',#16712,#13735,#13736);
#11562=AXIS2_PLACEMENT_3D('',#16715,#13738,#13739);
#11563=AXIS2_PLACEMENT_3D('',#16716,#13740,#13741);
#11564=AXIS2_PLACEMENT_3D('',#16718,#13742,#13743);
#11565=AXIS2_PLACEMENT_3D('',#16720,#13744,#13745);
#11566=AXIS2_PLACEMENT_3D('',#16721,#13746,#13747);
#11567=AXIS2_PLACEMENT_3D('',#16722,#13748,#13749);
#11568=AXIS2_PLACEMENT_3D('',#16725,#13751,#13752);
#11569=AXIS2_PLACEMENT_3D('',#16726,#13753,#13754);
#11570=AXIS2_PLACEMENT_3D('',#16729,#13756,#13757);
#11571=AXIS2_PLACEMENT_3D('',#16730,#13758,#13759);
#11572=AXIS2_PLACEMENT_3D('',#16731,#13760,#13761);
#11573=AXIS2_PLACEMENT_3D('',#16732,#13762,#13763);
#11574=AXIS2_PLACEMENT_3D('',#16733,#13764,#13765);
#11575=AXIS2_PLACEMENT_3D('',#16736,#13766,#13767);
#11576=AXIS2_PLACEMENT_3D('',#16740,#13769,#13770);
#11577=AXIS2_PLACEMENT_3D('',#16742,#13772,#13773);
#11578=AXIS2_PLACEMENT_3D('',#16745,#13774,#13775);
#11579=AXIS2_PLACEMENT_3D('',#16749,#13777,#13778);
#11580=AXIS2_PLACEMENT_3D('',#16751,#13780,#13781);
#11581=AXIS2_PLACEMENT_3D('',#16757,#13785,#13786);
#11582=AXIS2_PLACEMENT_3D('',#16759,#13787,#13788);
#11583=AXIS2_PLACEMENT_3D('',#16762,#13790,#13791);
#11584=AXIS2_PLACEMENT_3D('',#16763,#13792,#13793);
#11585=AXIS2_PLACEMENT_3D('',#16769,#13797,#13798);
#11586=AXIS2_PLACEMENT_3D('',#16771,#13799,#13800);
#11587=AXIS2_PLACEMENT_3D('',#16774,#13802,#13803);
#11588=AXIS2_PLACEMENT_3D('',#16775,#13804,#13805);
#11589=AXIS2_PLACEMENT_3D('',#16781,#13809,#13810);
#11590=AXIS2_PLACEMENT_3D('',#16783,#13811,#13812);
#11591=AXIS2_PLACEMENT_3D('',#16786,#13814,#13815);
#11592=AXIS2_PLACEMENT_3D('',#16787,#13816,#13817);
#11593=AXIS2_PLACEMENT_3D('',#16793,#13821,#13822);
#11594=AXIS2_PLACEMENT_3D('',#16795,#13823,#13824);
#11595=AXIS2_PLACEMENT_3D('',#16798,#13826,#13827);
#11596=AXIS2_PLACEMENT_3D('',#16799,#13828,#13829);
#11597=AXIS2_PLACEMENT_3D('',#16802,#13832,#13833);
#11598=AXIS2_PLACEMENT_3D('',#16805,#13836,#13837);
#11599=AXIS2_PLACEMENT_3D('',#16806,#13838,#13839);
#11600=AXIS2_PLACEMENT_3D('',#16807,#13840,#13841);
#11601=AXIS2_PLACEMENT_3D('',#16810,#13842,#13843);
#11602=AXIS2_PLACEMENT_3D('',#16814,#13845,#13846);
#11603=AXIS2_PLACEMENT_3D('',#16816,#13848,#13849);
#11604=AXIS2_PLACEMENT_3D('',#16819,#13850,#13851);
#11605=AXIS2_PLACEMENT_3D('',#16823,#13853,#13854);
#11606=AXIS2_PLACEMENT_3D('',#16825,#13856,#13857);
#11607=AXIS2_PLACEMENT_3D('',#16831,#13861,#13862);
#11608=AXIS2_PLACEMENT_3D('',#16833,#13863,#13864);
#11609=AXIS2_PLACEMENT_3D('',#16836,#13866,#13867);
#11610=AXIS2_PLACEMENT_3D('',#16837,#13868,#13869);
#11611=AXIS2_PLACEMENT_3D('',#16843,#13873,#13874);
#11612=AXIS2_PLACEMENT_3D('',#16845,#13875,#13876);
#11613=AXIS2_PLACEMENT_3D('',#16848,#13878,#13879);
#11614=AXIS2_PLACEMENT_3D('',#16849,#13880,#13881);
#11615=AXIS2_PLACEMENT_3D('',#16855,#13885,#13886);
#11616=AXIS2_PLACEMENT_3D('',#16857,#13887,#13888);
#11617=AXIS2_PLACEMENT_3D('',#16860,#13890,#13891);
#11618=AXIS2_PLACEMENT_3D('',#16861,#13892,#13893);
#11619=AXIS2_PLACEMENT_3D('',#16867,#13897,#13898);
#11620=AXIS2_PLACEMENT_3D('',#16869,#13899,#13900);
#11621=AXIS2_PLACEMENT_3D('',#16872,#13902,#13903);
#11622=AXIS2_PLACEMENT_3D('',#16873,#13904,#13905);
#11623=AXIS2_PLACEMENT_3D('',#16876,#13908,#13909);
#11624=AXIS2_PLACEMENT_3D('',#16879,#13912,#13913);
#11625=AXIS2_PLACEMENT_3D('',#16880,#13914,#13915);
#11626=AXIS2_PLACEMENT_3D('',#16881,#13916,#13917);
#11627=AXIS2_PLACEMENT_3D('',#16883,#13918,#13919);
#11628=AXIS2_PLACEMENT_3D('',#16886,#13921,#13922);
#11629=AXIS2_PLACEMENT_3D('',#16887,#13923,#13924);
#11630=AXIS2_PLACEMENT_3D('',#16889,#13925,#13926);
#11631=AXIS2_PLACEMENT_3D('',#16892,#13928,#13929);
#11632=AXIS2_PLACEMENT_3D('',#16893,#13930,#13931);
#11633=AXIS2_PLACEMENT_3D('',#16894,#13932,#13933);
#11634=AXIS2_PLACEMENT_3D('',#16895,#13934,#13935);
#11635=AXIS2_PLACEMENT_3D('',#16897,#13936,#13937);
#11636=AXIS2_PLACEMENT_3D('',#16900,#13939,#13940);
#11637=AXIS2_PLACEMENT_3D('',#16901,#13941,#13942);
#11638=AXIS2_PLACEMENT_3D('',#16903,#13943,#13944);
#11639=AXIS2_PLACEMENT_3D('',#16906,#13946,#13947);
#11640=AXIS2_PLACEMENT_3D('',#16907,#13948,#13949);
#11641=AXIS2_PLACEMENT_3D('',#16908,#13950,#13951);
#11642=AXIS2_PLACEMENT_3D('',#16909,#13952,#13953);
#11643=AXIS2_PLACEMENT_3D('',#16911,#13954,#13955);
#11644=AXIS2_PLACEMENT_3D('',#16914,#13957,#13958);
#11645=AXIS2_PLACEMENT_3D('',#16915,#13959,#13960);
#11646=AXIS2_PLACEMENT_3D('',#16917,#13961,#13962);
#11647=AXIS2_PLACEMENT_3D('',#16920,#13964,#13965);
#11648=AXIS2_PLACEMENT_3D('',#16921,#13966,#13967);
#11649=AXIS2_PLACEMENT_3D('',#16922,#13968,#13969);
#11650=AXIS2_PLACEMENT_3D('',#16923,#13970,#13971);
#11651=AXIS2_PLACEMENT_3D('',#16925,#13972,#13973);
#11652=AXIS2_PLACEMENT_3D('',#16928,#13975,#13976);
#11653=AXIS2_PLACEMENT_3D('',#16929,#13977,#13978);
#11654=AXIS2_PLACEMENT_3D('',#16931,#13979,#13980);
#11655=AXIS2_PLACEMENT_3D('',#16934,#13982,#13983);
#11656=AXIS2_PLACEMENT_3D('',#16935,#13984,#13985);
#11657=AXIS2_PLACEMENT_3D('',#16936,#13986,#13987);
#11658=AXIS2_PLACEMENT_3D('',#16937,#13988,#13989);
#11659=AXIS2_PLACEMENT_3D('',#16939,#13990,#13991);
#11660=AXIS2_PLACEMENT_3D('',#16942,#13993,#13994);
#11661=AXIS2_PLACEMENT_3D('',#16943,#13995,#13996);
#11662=AXIS2_PLACEMENT_3D('',#16946,#13998,#13999);
#11663=AXIS2_PLACEMENT_3D('',#16947,#14000,#14001);
#11664=AXIS2_PLACEMENT_3D('',#16949,#14002,#14003);
#11665=AXIS2_PLACEMENT_3D('',#16952,#14005,#14006);
#11666=AXIS2_PLACEMENT_3D('',#16953,#14007,#14008);
#11667=AXIS2_PLACEMENT_3D('',#16966,#14015,#14016);
#11668=AXIS2_PLACEMENT_3D('',#16967,#14017,#14018);
#11669=AXIS2_PLACEMENT_3D('',#16968,#14019,#14020);
#11670=AXIS2_PLACEMENT_3D('',#16974,#14024,#14025);
#11671=AXIS2_PLACEMENT_3D('',#16978,#14028,#14029);
#11672=AXIS2_PLACEMENT_3D('',#16982,#14032,#14033);
#11673=AXIS2_PLACEMENT_3D('',#16986,#14036,#14037);
#11674=AXIS2_PLACEMENT_3D('',#16990,#14040,#14041);
#11675=AXIS2_PLACEMENT_3D('',#16992,#14043,#14044);
#11676=AXIS2_PLACEMENT_3D('',#16993,#14045,#14046);
#11677=AXIS2_PLACEMENT_3D('',#16995,#14047,#14048);
#11678=AXIS2_PLACEMENT_3D('',#16998,#14050,#14051);
#11679=AXIS2_PLACEMENT_3D('',#16999,#14052,#14053);
#11680=AXIS2_PLACEMENT_3D('',#17002,#14055,#14056);
#11681=AXIS2_PLACEMENT_3D('',#17003,#14057,#14058);
#11682=AXIS2_PLACEMENT_3D('',#17005,#14059,#14060);
#11683=AXIS2_PLACEMENT_3D('',#17008,#14062,#14063);
#11684=AXIS2_PLACEMENT_3D('',#17009,#14064,#14065);
#11685=AXIS2_PLACEMENT_3D('',#17022,#14072,#14073);
#11686=AXIS2_PLACEMENT_3D('',#17023,#14074,#14075);
#11687=AXIS2_PLACEMENT_3D('',#17024,#14076,#14077);
#11688=AXIS2_PLACEMENT_3D('',#17030,#14081,#14082);
#11689=AXIS2_PLACEMENT_3D('',#17034,#14085,#14086);
#11690=AXIS2_PLACEMENT_3D('',#17038,#14089,#14090);
#11691=AXIS2_PLACEMENT_3D('',#17042,#14093,#14094);
#11692=AXIS2_PLACEMENT_3D('',#17046,#14097,#14098);
#11693=AXIS2_PLACEMENT_3D('',#17048,#14100,#14101);
#11694=AXIS2_PLACEMENT_3D('',#17049,#14102,#14103);
#11695=AXIS2_PLACEMENT_3D('',#17051,#14104,#14105);
#11696=AXIS2_PLACEMENT_3D('',#17054,#14107,#14108);
#11697=AXIS2_PLACEMENT_3D('',#17055,#14109,#14110);
#11698=AXIS2_PLACEMENT_3D('',#17058,#14112,#14113);
#11699=AXIS2_PLACEMENT_3D('',#17059,#14114,#14115);
#11700=AXIS2_PLACEMENT_3D('',#17061,#14116,#14117);
#11701=AXIS2_PLACEMENT_3D('',#17064,#14119,#14120);
#11702=AXIS2_PLACEMENT_3D('',#17065,#14121,#14122);
#11703=AXIS2_PLACEMENT_3D('',#17078,#14129,#14130);
#11704=AXIS2_PLACEMENT_3D('',#17079,#14131,#14132);
#11705=AXIS2_PLACEMENT_3D('',#17080,#14133,#14134);
#11706=AXIS2_PLACEMENT_3D('',#17086,#14138,#14139);
#11707=AXIS2_PLACEMENT_3D('',#17090,#14142,#14143);
#11708=AXIS2_PLACEMENT_3D('',#17094,#14146,#14147);
#11709=AXIS2_PLACEMENT_3D('',#17098,#14150,#14151);
#11710=AXIS2_PLACEMENT_3D('',#17102,#14154,#14155);
#11711=AXIS2_PLACEMENT_3D('',#17104,#14157,#14158);
#11712=AXIS2_PLACEMENT_3D('',#17105,#14159,#14160);
#11713=AXIS2_PLACEMENT_3D('',#17107,#14161,#14162);
#11714=AXIS2_PLACEMENT_3D('',#17110,#14164,#14165);
#11715=AXIS2_PLACEMENT_3D('',#17111,#14166,#14167);
#11716=AXIS2_PLACEMENT_3D('',#17114,#14169,#14170);
#11717=AXIS2_PLACEMENT_3D('',#17115,#14171,#14172);
#11718=AXIS2_PLACEMENT_3D('',#17117,#14173,#14174);
#11719=AXIS2_PLACEMENT_3D('',#17120,#14176,#14177);
#11720=AXIS2_PLACEMENT_3D('',#17121,#14178,#14179);
#11721=AXIS2_PLACEMENT_3D('',#17134,#14186,#14187);
#11722=AXIS2_PLACEMENT_3D('',#17135,#14188,#14189);
#11723=AXIS2_PLACEMENT_3D('',#17136,#14190,#14191);
#11724=AXIS2_PLACEMENT_3D('',#17142,#14195,#14196);
#11725=AXIS2_PLACEMENT_3D('',#17146,#14199,#14200);
#11726=AXIS2_PLACEMENT_3D('',#17150,#14203,#14204);
#11727=AXIS2_PLACEMENT_3D('',#17154,#14207,#14208);
#11728=AXIS2_PLACEMENT_3D('',#17158,#14211,#14212);
#11729=AXIS2_PLACEMENT_3D('',#17160,#14214,#14215);
#11730=AXIS2_PLACEMENT_3D('',#17161,#14216,#14217);
#11731=AXIS2_PLACEMENT_3D('',#17163,#14218,#14219);
#11732=AXIS2_PLACEMENT_3D('',#17166,#14221,#14222);
#11733=AXIS2_PLACEMENT_3D('',#17167,#14223,#14224);
#11734=AXIS2_PLACEMENT_3D('',#17170,#14226,#14227);
#11735=AXIS2_PLACEMENT_3D('',#17171,#14228,#14229);
#11736=AXIS2_PLACEMENT_3D('',#17173,#14230,#14231);
#11737=AXIS2_PLACEMENT_3D('',#17176,#14233,#14234);
#11738=AXIS2_PLACEMENT_3D('',#17177,#14235,#14236);
#11739=AXIS2_PLACEMENT_3D('',#17190,#14243,#14244);
#11740=AXIS2_PLACEMENT_3D('',#17191,#14245,#14246);
#11741=AXIS2_PLACEMENT_3D('',#17192,#14247,#14248);
#11742=AXIS2_PLACEMENT_3D('',#17198,#14252,#14253);
#11743=AXIS2_PLACEMENT_3D('',#17202,#14256,#14257);
#11744=AXIS2_PLACEMENT_3D('',#17206,#14260,#14261);
#11745=AXIS2_PLACEMENT_3D('',#17210,#14264,#14265);
#11746=AXIS2_PLACEMENT_3D('',#17214,#14268,#14269);
#11747=AXIS2_PLACEMENT_3D('',#17216,#14271,#14272);
#11748=AXIS2_PLACEMENT_3D('',#17217,#14273,#14274);
#11749=AXIS2_PLACEMENT_3D('',#17219,#14275,#14276);
#11750=AXIS2_PLACEMENT_3D('',#17222,#14278,#14279);
#11751=AXIS2_PLACEMENT_3D('',#17223,#14280,#14281);
#11752=AXIS2_PLACEMENT_3D('',#17226,#14283,#14284);
#11753=AXIS2_PLACEMENT_3D('',#17227,#14285,#14286);
#11754=AXIS2_PLACEMENT_3D('',#17229,#14287,#14288);
#11755=AXIS2_PLACEMENT_3D('',#17232,#14290,#14291);
#11756=AXIS2_PLACEMENT_3D('',#17233,#14292,#14293);
#11757=AXIS2_PLACEMENT_3D('',#17246,#14300,#14301);
#11758=AXIS2_PLACEMENT_3D('',#17247,#14302,#14303);
#11759=AXIS2_PLACEMENT_3D('',#17248,#14304,#14305);
#11760=AXIS2_PLACEMENT_3D('',#17254,#14309,#14310);
#11761=AXIS2_PLACEMENT_3D('',#17258,#14313,#14314);
#11762=AXIS2_PLACEMENT_3D('',#17262,#14317,#14318);
#11763=AXIS2_PLACEMENT_3D('',#17266,#14321,#14322);
#11764=AXIS2_PLACEMENT_3D('',#17270,#14325,#14326);
#11765=AXIS2_PLACEMENT_3D('',#17272,#14328,#14329);
#11766=AXIS2_PLACEMENT_3D('',#17273,#14330,#14331);
#11767=AXIS2_PLACEMENT_3D('',#17275,#14332,#14333);
#11768=AXIS2_PLACEMENT_3D('',#17278,#14335,#14336);
#11769=AXIS2_PLACEMENT_3D('',#17279,#14337,#14338);
#11770=AXIS2_PLACEMENT_3D('',#17281,#14339,#14340);
#11771=AXIS2_PLACEMENT_3D('',#17284,#14342,#14343);
#11772=AXIS2_PLACEMENT_3D('',#17285,#14344,#14345);
#11773=AXIS2_PLACEMENT_3D('',#17286,#14346,#14347);
#11774=AXIS2_PLACEMENT_3D('',#17287,#14348,#14349);
#11775=AXIS2_PLACEMENT_3D('',#17289,#14350,#14351);
#11776=AXIS2_PLACEMENT_3D('',#17292,#14353,#14354);
#11777=AXIS2_PLACEMENT_3D('',#17293,#14355,#14356);
#11778=AXIS2_PLACEMENT_3D('',#17296,#14358,#14359);
#11779=AXIS2_PLACEMENT_3D('',#17298,#14360,#14361);
#11780=AXIS2_PLACEMENT_3D('',#17301,#14363,#14364);
#11781=AXIS2_PLACEMENT_3D('',#17302,#14365,#14366);
#11782=AXIS2_PLACEMENT_3D('',#17304,#14367,#14368);
#11783=AXIS2_PLACEMENT_3D('',#17307,#14370,#14371);
#11784=AXIS2_PLACEMENT_3D('',#17308,#14372,#14373);
#11785=AXIS2_PLACEMENT_3D('',#17321,#14380,#14381);
#11786=AXIS2_PLACEMENT_3D('',#17322,#14382,#14383);
#11787=AXIS2_PLACEMENT_3D('',#17323,#14384,#14385);
#11788=AXIS2_PLACEMENT_3D('',#17329,#14389,#14390);
#11789=AXIS2_PLACEMENT_3D('',#17333,#14393,#14394);
#11790=AXIS2_PLACEMENT_3D('',#17337,#14397,#14398);
#11791=AXIS2_PLACEMENT_3D('',#17341,#14401,#14402);
#11792=AXIS2_PLACEMENT_3D('',#17345,#14405,#14406);
#11793=AXIS2_PLACEMENT_3D('',#17347,#14408,#14409);
#11794=AXIS2_PLACEMENT_3D('',#17348,#14410,#14411);
#11795=AXIS2_PLACEMENT_3D('',#17350,#14412,#14413);
#11796=AXIS2_PLACEMENT_3D('',#17353,#14415,#14416);
#11797=AXIS2_PLACEMENT_3D('',#17354,#14417,#14418);
#11798=AXIS2_PLACEMENT_3D('',#17357,#14420,#14421);
#11799=AXIS2_PLACEMENT_3D('',#17358,#14422,#14423);
#11800=AXIS2_PLACEMENT_3D('',#17360,#14424,#14425);
#11801=AXIS2_PLACEMENT_3D('',#17363,#14427,#14428);
#11802=AXIS2_PLACEMENT_3D('',#17364,#14429,#14430);
#11803=AXIS2_PLACEMENT_3D('',#17377,#14437,#14438);
#11804=AXIS2_PLACEMENT_3D('',#17378,#14439,#14440);
#11805=AXIS2_PLACEMENT_3D('',#17379,#14441,#14442);
#11806=AXIS2_PLACEMENT_3D('',#17385,#14446,#14447);
#11807=AXIS2_PLACEMENT_3D('',#17389,#14450,#14451);
#11808=AXIS2_PLACEMENT_3D('',#17393,#14454,#14455);
#11809=AXIS2_PLACEMENT_3D('',#17397,#14458,#14459);
#11810=AXIS2_PLACEMENT_3D('',#17401,#14462,#14463);
#11811=AXIS2_PLACEMENT_3D('',#17403,#14465,#14466);
#11812=AXIS2_PLACEMENT_3D('',#17404,#14467,#14468);
#11813=AXIS2_PLACEMENT_3D('',#17406,#14469,#14470);
#11814=AXIS2_PLACEMENT_3D('',#17409,#14472,#14473);
#11815=AXIS2_PLACEMENT_3D('',#17410,#14474,#14475);
#11816=AXIS2_PLACEMENT_3D('',#17412,#14476,#14477);
#11817=AXIS2_PLACEMENT_3D('',#17415,#14479,#14480);
#11818=AXIS2_PLACEMENT_3D('',#17416,#14481,#14482);
#11819=AXIS2_PLACEMENT_3D('',#17417,#14483,#14484);
#11820=AXIS2_PLACEMENT_3D('',#17418,#14485,#14486);
#11821=AXIS2_PLACEMENT_3D('',#17420,#14487,#14488);
#11822=AXIS2_PLACEMENT_3D('',#17423,#14490,#14491);
#11823=AXIS2_PLACEMENT_3D('',#17424,#14492,#14493);
#11824=AXIS2_PLACEMENT_3D('',#17426,#14494,#14495);
#11825=AXIS2_PLACEMENT_3D('',#17429,#14497,#14498);
#11826=AXIS2_PLACEMENT_3D('',#17430,#14499,#14500);
#11827=AXIS2_PLACEMENT_3D('',#17431,#14501,#14502);
#11828=AXIS2_PLACEMENT_3D('',#17432,#14503,#14504);
#11829=AXIS2_PLACEMENT_3D('',#17434,#14505,#14506);
#11830=AXIS2_PLACEMENT_3D('',#17437,#14508,#14509);
#11831=AXIS2_PLACEMENT_3D('',#17438,#14510,#14511);
#11832=AXIS2_PLACEMENT_3D('',#17440,#14512,#14513);
#11833=AXIS2_PLACEMENT_3D('',#17443,#14515,#14516);
#11834=AXIS2_PLACEMENT_3D('',#17444,#14517,#14518);
#11835=AXIS2_PLACEMENT_3D('',#17445,#14519,#14520);
#11836=AXIS2_PLACEMENT_3D('',#17446,#14521,#14522);
#11837=AXIS2_PLACEMENT_3D('',#17448,#14523,#14524);
#11838=AXIS2_PLACEMENT_3D('',#17451,#14526,#14527);
#11839=AXIS2_PLACEMENT_3D('',#17452,#14528,#14529);
#11840=AXIS2_PLACEMENT_3D('',#17454,#14530,#14531);
#11841=AXIS2_PLACEMENT_3D('',#17457,#14533,#14534);
#11842=AXIS2_PLACEMENT_3D('',#17458,#14535,#14536);
#11843=AXIS2_PLACEMENT_3D('',#17459,#14537,#14538);
#11844=AXIS2_PLACEMENT_3D('',#17460,#14539,#14540);
#11845=AXIS2_PLACEMENT_3D('',#17462,#14541,#14542);
#11846=AXIS2_PLACEMENT_3D('',#17465,#14544,#14545);
#11847=AXIS2_PLACEMENT_3D('',#17466,#14546,#14547);
#11848=AXIS2_PLACEMENT_3D('',#17468,#14548,#14549);
#11849=AXIS2_PLACEMENT_3D('',#17471,#14551,#14552);
#11850=AXIS2_PLACEMENT_3D('',#17472,#14553,#14554);
#11851=AXIS2_PLACEMENT_3D('',#17473,#14555,#14556);
#11852=AXIS2_PLACEMENT_3D('',#17474,#14557,#14558);
#11853=AXIS2_PLACEMENT_3D('',#17476,#14559,#14560);
#11854=AXIS2_PLACEMENT_3D('',#17479,#14562,#14563);
#11855=AXIS2_PLACEMENT_3D('',#17480,#14564,#14565);
#11856=AXIS2_PLACEMENT_3D('',#17483,#14567,#14568);
#11857=AXIS2_PLACEMENT_3D('',#17484,#14569,#14570);
#11858=AXIS2_PLACEMENT_3D('',#17486,#14571,#14572);
#11859=AXIS2_PLACEMENT_3D('',#17489,#14574,#14575);
#11860=AXIS2_PLACEMENT_3D('',#17490,#14576,#14577);
#11861=AXIS2_PLACEMENT_3D('',#17503,#14584,#14585);
#11862=AXIS2_PLACEMENT_3D('',#17504,#14586,#14587);
#11863=AXIS2_PLACEMENT_3D('',#17505,#14588,#14589);
#11864=AXIS2_PLACEMENT_3D('',#17511,#14593,#14594);
#11865=AXIS2_PLACEMENT_3D('',#17515,#14597,#14598);
#11866=AXIS2_PLACEMENT_3D('',#17519,#14601,#14602);
#11867=AXIS2_PLACEMENT_3D('',#17523,#14605,#14606);
#11868=AXIS2_PLACEMENT_3D('',#17527,#14609,#14610);
#11869=AXIS2_PLACEMENT_3D('',#17529,#14612,#14613);
#11870=AXIS2_PLACEMENT_3D('',#17530,#14614,#14615);
#11871=AXIS2_PLACEMENT_3D('',#17532,#14616,#14617);
#11872=AXIS2_PLACEMENT_3D('',#17535,#14619,#14620);
#11873=AXIS2_PLACEMENT_3D('',#17536,#14621,#14622);
#11874=AXIS2_PLACEMENT_3D('',#17539,#14624,#14625);
#11875=AXIS2_PLACEMENT_3D('',#17540,#14626,#14627);
#11876=AXIS2_PLACEMENT_3D('',#17542,#14628,#14629);
#11877=AXIS2_PLACEMENT_3D('',#17545,#14631,#14632);
#11878=AXIS2_PLACEMENT_3D('',#17546,#14633,#14634);
#11879=AXIS2_PLACEMENT_3D('',#17559,#14641,#14642);
#11880=AXIS2_PLACEMENT_3D('',#17560,#14643,#14644);
#11881=AXIS2_PLACEMENT_3D('',#17561,#14645,#14646);
#11882=AXIS2_PLACEMENT_3D('',#17567,#14650,#14651);
#11883=AXIS2_PLACEMENT_3D('',#17571,#14654,#14655);
#11884=AXIS2_PLACEMENT_3D('',#17575,#14658,#14659);
#11885=AXIS2_PLACEMENT_3D('',#17579,#14662,#14663);
#11886=AXIS2_PLACEMENT_3D('',#17583,#14666,#14667);
#11887=AXIS2_PLACEMENT_3D('',#17585,#14669,#14670);
#11888=AXIS2_PLACEMENT_3D('',#17586,#14671,#14672);
#11889=AXIS2_PLACEMENT_3D('',#17588,#14673,#14674);
#11890=AXIS2_PLACEMENT_3D('',#17591,#14676,#14677);
#11891=AXIS2_PLACEMENT_3D('',#17592,#14678,#14679);
#11892=AXIS2_PLACEMENT_3D('',#17595,#14681,#14682);
#11893=AXIS2_PLACEMENT_3D('',#17596,#14683,#14684);
#11894=AXIS2_PLACEMENT_3D('',#17598,#14685,#14686);
#11895=AXIS2_PLACEMENT_3D('',#17601,#14688,#14689);
#11896=AXIS2_PLACEMENT_3D('',#17602,#14690,#14691);
#11897=AXIS2_PLACEMENT_3D('',#17615,#14698,#14699);
#11898=AXIS2_PLACEMENT_3D('',#17616,#14700,#14701);
#11899=AXIS2_PLACEMENT_3D('',#17617,#14702,#14703);
#11900=AXIS2_PLACEMENT_3D('',#17623,#14707,#14708);
#11901=AXIS2_PLACEMENT_3D('',#17627,#14711,#14712);
#11902=AXIS2_PLACEMENT_3D('',#17631,#14715,#14716);
#11903=AXIS2_PLACEMENT_3D('',#17635,#14719,#14720);
#11904=AXIS2_PLACEMENT_3D('',#17639,#14723,#14724);
#11905=AXIS2_PLACEMENT_3D('',#17641,#14726,#14727);
#11906=AXIS2_PLACEMENT_3D('',#17642,#14728,#14729);
#11907=AXIS2_PLACEMENT_3D('',#17644,#14730,#14731);
#11908=AXIS2_PLACEMENT_3D('',#17647,#14733,#14734);
#11909=AXIS2_PLACEMENT_3D('',#17648,#14735,#14736);
#11910=AXIS2_PLACEMENT_3D('',#17650,#14737,#14738);
#11911=AXIS2_PLACEMENT_3D('',#17653,#14740,#14741);
#11912=AXIS2_PLACEMENT_3D('',#17654,#14742,#14743);
#11913=AXIS2_PLACEMENT_3D('',#17655,#14744,#14745);
#11914=AXIS2_PLACEMENT_3D('',#17656,#14746,#14747);
#11915=AXIS2_PLACEMENT_3D('',#17658,#14748,#14749);
#11916=AXIS2_PLACEMENT_3D('',#17661,#14751,#14752);
#11917=AXIS2_PLACEMENT_3D('',#17662,#14753,#14754);
#11918=AXIS2_PLACEMENT_3D('',#17664,#14755,#14756);
#11919=AXIS2_PLACEMENT_3D('',#17667,#14758,#14759);
#11920=AXIS2_PLACEMENT_3D('',#17668,#14760,#14761);
#11921=AXIS2_PLACEMENT_3D('',#17669,#14762,#14763);
#11922=AXIS2_PLACEMENT_3D('',#17670,#14764,#14765);
#11923=AXIS2_PLACEMENT_3D('',#17672,#14766,#14767);
#11924=AXIS2_PLACEMENT_3D('',#17675,#14769,#14770);
#11925=AXIS2_PLACEMENT_3D('',#17676,#14771,#14772);
#11926=AXIS2_PLACEMENT_3D('',#17678,#14773,#14774);
#11927=AXIS2_PLACEMENT_3D('',#17681,#14776,#14777);
#11928=AXIS2_PLACEMENT_3D('',#17682,#14778,#14779);
#11929=AXIS2_PLACEMENT_3D('',#17683,#14780,#14781);
#11930=AXIS2_PLACEMENT_3D('',#17684,#14782,#14783);
#11931=AXIS2_PLACEMENT_3D('',#17686,#14784,#14785);
#11932=AXIS2_PLACEMENT_3D('',#17689,#14787,#14788);
#11933=AXIS2_PLACEMENT_3D('',#17690,#14789,#14790);
#11934=AXIS2_PLACEMENT_3D('',#17693,#14792,#14793);
#11935=AXIS2_PLACEMENT_3D('',#17695,#14794,#14795);
#11936=AXIS2_PLACEMENT_3D('',#17698,#14797,#14798);
#11937=AXIS2_PLACEMENT_3D('',#17699,#14799,#14800);
#11938=AXIS2_PLACEMENT_3D('',#17701,#14801,#14802);
#11939=AXIS2_PLACEMENT_3D('',#17704,#14804,#14805);
#11940=AXIS2_PLACEMENT_3D('',#17705,#14806,#14807);
#11941=AXIS2_PLACEMENT_3D('',#17718,#14814,#14815);
#11942=AXIS2_PLACEMENT_3D('',#17719,#14816,#14817);
#11943=AXIS2_PLACEMENT_3D('',#17720,#14818,#14819);
#11944=AXIS2_PLACEMENT_3D('',#17726,#14823,#14824);
#11945=AXIS2_PLACEMENT_3D('',#17730,#14827,#14828);
#11946=AXIS2_PLACEMENT_3D('',#17734,#14831,#14832);
#11947=AXIS2_PLACEMENT_3D('',#17738,#14835,#14836);
#11948=AXIS2_PLACEMENT_3D('',#17742,#14839,#14840);
#11949=AXIS2_PLACEMENT_3D('',#17744,#14842,#14843);
#11950=AXIS2_PLACEMENT_3D('',#17745,#14844,#14845);
#11951=AXIS2_PLACEMENT_3D('',#17747,#14846,#14847);
#11952=AXIS2_PLACEMENT_3D('',#17750,#14849,#14850);
#11953=AXIS2_PLACEMENT_3D('',#17751,#14851,#14852);
#11954=AXIS2_PLACEMENT_3D('',#17754,#14854,#14855);
#11955=AXIS2_PLACEMENT_3D('',#17756,#14856,#14857);
#11956=AXIS2_PLACEMENT_3D('',#17759,#14859,#14860);
#11957=AXIS2_PLACEMENT_3D('',#17760,#14861,#14862);
#11958=AXIS2_PLACEMENT_3D('',#17762,#14863,#14864);
#11959=AXIS2_PLACEMENT_3D('',#17765,#14866,#14867);
#11960=AXIS2_PLACEMENT_3D('',#17766,#14868,#14869);
#11961=AXIS2_PLACEMENT_3D('',#17779,#14876,#14877);
#11962=AXIS2_PLACEMENT_3D('',#17780,#14878,#14879);
#11963=AXIS2_PLACEMENT_3D('',#17781,#14880,#14881);
#11964=AXIS2_PLACEMENT_3D('',#17787,#14885,#14886);
#11965=AXIS2_PLACEMENT_3D('',#17791,#14889,#14890);
#11966=AXIS2_PLACEMENT_3D('',#17795,#14893,#14894);
#11967=AXIS2_PLACEMENT_3D('',#17799,#14897,#14898);
#11968=AXIS2_PLACEMENT_3D('',#17803,#14901,#14902);
#11969=AXIS2_PLACEMENT_3D('',#17805,#14904,#14905);
#11970=AXIS2_PLACEMENT_3D('',#17806,#14906,#14907);
#11971=AXIS2_PLACEMENT_3D('',#17808,#14908,#14909);
#11972=AXIS2_PLACEMENT_3D('',#17811,#14911,#14912);
#11973=AXIS2_PLACEMENT_3D('',#17812,#14913,#14914);
#11974=AXIS2_PLACEMENT_3D('',#17815,#14916,#14917);
#11975=AXIS2_PLACEMENT_3D('',#17817,#14918,#14919);
#11976=AXIS2_PLACEMENT_3D('',#17820,#14921,#14922);
#11977=AXIS2_PLACEMENT_3D('',#17821,#14923,#14924);
#11978=AXIS2_PLACEMENT_3D('',#17823,#14925,#14926);
#11979=AXIS2_PLACEMENT_3D('',#17826,#14928,#14929);
#11980=AXIS2_PLACEMENT_3D('',#17827,#14930,#14931);
#11981=AXIS2_PLACEMENT_3D('',#17840,#14938,#14939);
#11982=AXIS2_PLACEMENT_3D('',#17841,#14940,#14941);
#11983=AXIS2_PLACEMENT_3D('',#17842,#14942,#14943);
#11984=AXIS2_PLACEMENT_3D('',#17848,#14947,#14948);
#11985=AXIS2_PLACEMENT_3D('',#17852,#14951,#14952);
#11986=AXIS2_PLACEMENT_3D('',#17856,#14955,#14956);
#11987=AXIS2_PLACEMENT_3D('',#17860,#14959,#14960);
#11988=AXIS2_PLACEMENT_3D('',#17864,#14963,#14964);
#11989=AXIS2_PLACEMENT_3D('',#17866,#14966,#14967);
#11990=AXIS2_PLACEMENT_3D('',#17867,#14968,#14969);
#11991=AXIS2_PLACEMENT_3D('',#17869,#14970,#14971);
#11992=AXIS2_PLACEMENT_3D('',#17872,#14973,#14974);
#11993=AXIS2_PLACEMENT_3D('',#17873,#14975,#14976);
#11994=AXIS2_PLACEMENT_3D('',#17876,#14978,#14979);
#11995=AXIS2_PLACEMENT_3D('',#17877,#14980,#14981);
#11996=AXIS2_PLACEMENT_3D('',#17879,#14982,#14983);
#11997=AXIS2_PLACEMENT_3D('',#17882,#14985,#14986);
#11998=AXIS2_PLACEMENT_3D('',#17883,#14987,#14988);
#11999=AXIS2_PLACEMENT_3D('',#17884,#14989,#14990);
#12000=AXIS2_PLACEMENT_3D('',#17897,#14997,#14998);
#12001=AXIS2_PLACEMENT_3D('',#17898,#14999,#15000);
#12002=AXIS2_PLACEMENT_3D('',#17904,#15004,#15005);
#12003=AXIS2_PLACEMENT_3D('',#17908,#15008,#15009);
#12004=AXIS2_PLACEMENT_3D('',#17912,#15012,#15013);
#12005=AXIS2_PLACEMENT_3D('',#17916,#15016,#15017);
#12006=AXIS2_PLACEMENT_3D('',#17920,#15020,#15021);
#12007=AXIS2_PLACEMENT_3D('',#17922,#15023,#15024);
#12008=AXIS2_PLACEMENT_3D('',#17923,#15025,#15026);
#12009=AXIS2_PLACEMENT_3D('',#17925,#15027,#15028);
#12010=AXIS2_PLACEMENT_3D('',#17928,#15030,#15031);
#12011=AXIS2_PLACEMENT_3D('',#17929,#15032,#15033);
#12012=AXIS2_PLACEMENT_3D('',#17931,#15034,#15035);
#12013=AXIS2_PLACEMENT_3D('',#17934,#15037,#15038);
#12014=AXIS2_PLACEMENT_3D('',#17935,#15039,#15040);
#12015=AXIS2_PLACEMENT_3D('',#17936,#15041,#15042);
#12016=AXIS2_PLACEMENT_3D('',#17937,#15043,#15044);
#12017=AXIS2_PLACEMENT_3D('',#17939,#15045,#15046);
#12018=AXIS2_PLACEMENT_3D('',#17942,#15048,#15049);
#12019=AXIS2_PLACEMENT_3D('',#17943,#15050,#15051);
#12020=AXIS2_PLACEMENT_3D('',#17946,#15053,#15054);
#12021=AXIS2_PLACEMENT_3D('',#17947,#15055,#15056);
#12022=AXIS2_PLACEMENT_3D('',#17949,#15057,#15058);
#12023=AXIS2_PLACEMENT_3D('',#17952,#15060,#15061);
#12024=AXIS2_PLACEMENT_3D('',#17953,#15062,#15063);
#12025=AXIS2_PLACEMENT_3D('',#17954,#15064,#15065);
#12026=AXIS2_PLACEMENT_3D('',#17967,#15072,#15073);
#12027=AXIS2_PLACEMENT_3D('',#17968,#15074,#15075);
#12028=AXIS2_PLACEMENT_3D('',#17974,#15079,#15080);
#12029=AXIS2_PLACEMENT_3D('',#17978,#15083,#15084);
#12030=AXIS2_PLACEMENT_3D('',#17982,#15087,#15088);
#12031=AXIS2_PLACEMENT_3D('',#17986,#15091,#15092);
#12032=AXIS2_PLACEMENT_3D('',#17990,#15095,#15096);
#12033=AXIS2_PLACEMENT_3D('',#17992,#15098,#15099);
#12034=AXIS2_PLACEMENT_3D('',#17993,#15100,#15101);
#12035=AXIS2_PLACEMENT_3D('',#17995,#15102,#15103);
#12036=AXIS2_PLACEMENT_3D('',#17998,#15105,#15106);
#12037=AXIS2_PLACEMENT_3D('',#17999,#15107,#15108);
#12038=AXIS2_PLACEMENT_3D('',#18001,#15109,#15110);
#12039=AXIS2_PLACEMENT_3D('',#18004,#15112,#15113);
#12040=AXIS2_PLACEMENT_3D('',#18005,#15114,#15115);
#12041=AXIS2_PLACEMENT_3D('',#18006,#15116,#15117);
#12042=AXIS2_PLACEMENT_3D('',#18007,#15118,#15119);
#12043=AXIS2_PLACEMENT_3D('',#18009,#15120,#15121);
#12044=AXIS2_PLACEMENT_3D('',#18012,#15123,#15124);
#12045=AXIS2_PLACEMENT_3D('',#18013,#15125,#15126);
#12046=AXIS2_PLACEMENT_3D('',#18016,#15128,#15129);
#12047=AXIS2_PLACEMENT_3D('',#18017,#15130,#15131);
#12048=AXIS2_PLACEMENT_3D('',#18019,#15132,#15133);
#12049=AXIS2_PLACEMENT_3D('',#18022,#15135,#15136);
#12050=AXIS2_PLACEMENT_3D('',#18023,#15137,#15138);
#12051=AXIS2_PLACEMENT_3D('',#18024,#15139,#15140);
#12052=AXIS2_PLACEMENT_3D('',#18037,#15147,#15148);
#12053=AXIS2_PLACEMENT_3D('',#18038,#15149,#15150);
#12054=AXIS2_PLACEMENT_3D('',#18044,#15154,#15155);
#12055=AXIS2_PLACEMENT_3D('',#18048,#15158,#15159);
#12056=AXIS2_PLACEMENT_3D('',#18052,#15162,#15163);
#12057=AXIS2_PLACEMENT_3D('',#18056,#15166,#15167);
#12058=AXIS2_PLACEMENT_3D('',#18060,#15170,#15171);
#12059=AXIS2_PLACEMENT_3D('',#18062,#15173,#15174);
#12060=AXIS2_PLACEMENT_3D('',#18063,#15175,#15176);
#12061=AXIS2_PLACEMENT_3D('',#18065,#15177,#15178);
#12062=AXIS2_PLACEMENT_3D('',#18068,#15180,#15181);
#12063=AXIS2_PLACEMENT_3D('',#18069,#15182,#15183);
#12064=AXIS2_PLACEMENT_3D('',#18071,#15184,#15185);
#12065=AXIS2_PLACEMENT_3D('',#18074,#15187,#15188);
#12066=AXIS2_PLACEMENT_3D('',#18075,#15189,#15190);
#12067=AXIS2_PLACEMENT_3D('',#18076,#15191,#15192);
#12068=AXIS2_PLACEMENT_3D('',#18077,#15193,#15194);
#12069=AXIS2_PLACEMENT_3D('',#18079,#15195,#15196);
#12070=AXIS2_PLACEMENT_3D('',#18082,#15198,#15199);
#12071=AXIS2_PLACEMENT_3D('',#18083,#15200,#15201);
#12072=AXIS2_PLACEMENT_3D('',#18086,#15203,#15204);
#12073=AXIS2_PLACEMENT_3D('',#18087,#15205,#15206);
#12074=AXIS2_PLACEMENT_3D('',#18089,#15207,#15208);
#12075=AXIS2_PLACEMENT_3D('',#18092,#15210,#15211);
#12076=AXIS2_PLACEMENT_3D('',#18093,#15212,#15213);
#12077=AXIS2_PLACEMENT_3D('',#18094,#15214,#15215);
#12078=AXIS2_PLACEMENT_3D('',#18107,#15222,#15223);
#12079=AXIS2_PLACEMENT_3D('',#18108,#15224,#15225);
#12080=AXIS2_PLACEMENT_3D('',#18114,#15229,#15230);
#12081=AXIS2_PLACEMENT_3D('',#18118,#15233,#15234);
#12082=AXIS2_PLACEMENT_3D('',#18122,#15237,#15238);
#12083=AXIS2_PLACEMENT_3D('',#18126,#15241,#15242);
#12084=AXIS2_PLACEMENT_3D('',#18130,#15245,#15246);
#12085=AXIS2_PLACEMENT_3D('',#18132,#15248,#15249);
#12086=AXIS2_PLACEMENT_3D('',#18133,#15250,#15251);
#12087=AXIS2_PLACEMENT_3D('',#18135,#15252,#15253);
#12088=AXIS2_PLACEMENT_3D('',#18138,#15255,#15256);
#12089=AXIS2_PLACEMENT_3D('',#18139,#15257,#15258);
#12090=AXIS2_PLACEMENT_3D('',#18141,#15259,#15260);
#12091=AXIS2_PLACEMENT_3D('',#18144,#15262,#15263);
#12092=AXIS2_PLACEMENT_3D('',#18145,#15264,#15265);
#12093=AXIS2_PLACEMENT_3D('',#18146,#15266,#15267);
#12094=DIRECTION('axis',(0.,0.,1.));
#12095=DIRECTION('refdir',(1.,0.,0.));
#12096=DIRECTION('center_axis',(-4.53817810038107E-15,1.,1.15875838225751E-15));
#12097=DIRECTION('ref_axis',(-0.31270182154655,-2.51974476226328E-15,0.949851341422156));
#12098=DIRECTION('center_axis',(-4.53817810038107E-15,1.,1.15875838225751E-15));
#12099=DIRECTION('ref_axis',(-0.31270182154655,-2.51974476226328E-15,0.949851341422156));
#12100=DIRECTION('',(-0.221113578504951,-0.70710678118654,0.671646324638754));
#12101=DIRECTION('center_axis',(4.53817810038115E-15,-1.,-1.15875838225777E-15));
#12102=DIRECTION('ref_axis',(-0.31270182154655,-2.51974476226356E-15,0.949851341422156));
#12103=DIRECTION('center_axis',(-4.53817810038115E-15,1.,1.15875838225777E-15));
#12104=DIRECTION('ref_axis',(-0.31270182154655,-2.51974476226356E-15,0.949851341422156));
#12105=DIRECTION('center_axis',(-4.53817810038115E-15,1.,1.15875838225777E-15));
#12106=DIRECTION('ref_axis',(-0.31270182154655,-2.51974476226356E-15,0.949851341422156));
#12107=DIRECTION('',(4.53817810038115E-15,-1.,-1.15875838225777E-15));
#12108=DIRECTION('center_axis',(-4.53817810038115E-15,1.,1.15875838225777E-15));
#12109=DIRECTION('ref_axis',(-0.31270182154655,-2.51974476226356E-15,0.949851341422156));
#12110=DIRECTION('center_axis',(-4.53817810038115E-15,1.,1.15875838225777E-15));
#12111=DIRECTION('ref_axis',(-0.31270182154655,-2.51974476226356E-15,0.949851341422156));
#12112=DIRECTION('',(4.53817810038115E-15,-1.,-1.15875838225777E-15));
#12113=DIRECTION('center_axis',(-4.53817810038115E-15,1.,1.15875838225777E-15));
#12114=DIRECTION('ref_axis',(-0.31270182154655,-2.51974476226356E-15,0.949851341422156));
#12115=DIRECTION('center_axis',(-4.53817810038115E-15,1.,1.15875838225777E-15));
#12116=DIRECTION('ref_axis',(-0.31270182154655,-2.51974476226356E-15,0.949851341422156));
#12117=DIRECTION('center_axis',(-4.53817810038115E-15,1.,1.15875838225777E-15));
#12118=DIRECTION('ref_axis',(-0.31270182154655,-2.51974476226356E-15,0.949851341422156));
#12119=DIRECTION('',(-0.221113578504948,-0.707106781186548,0.671646324638746));
#12120=DIRECTION('center_axis',(-4.53817810038115E-15,1.,1.15875838225777E-15));
#12121=DIRECTION('ref_axis',(-0.31270182154655,-2.51974476226356E-15,0.949851341422156));
#12122=DIRECTION('center_axis',(-4.53817810038115E-15,1.,1.15875838225777E-15));
#12123=DIRECTION('ref_axis',(-0.31270182154655,-2.51974476226356E-15,0.949851341422156));
#12124=DIRECTION('',(4.53817810038115E-15,-1.,-1.15875838225777E-15));
#12125=DIRECTION('center_axis',(-4.53817810038115E-15,1.,1.15875838225777E-15));
#12126=DIRECTION('ref_axis',(-0.31270182154655,-2.51974476226356E-15,0.949851341422156));
#12127=DIRECTION('center_axis',(-4.53817810038115E-15,1.,1.15875838225777E-15));
#12128=DIRECTION('ref_axis',(-0.31270182154655,-2.51974476226356E-15,0.949851341422156));
#12129=DIRECTION('',(4.53817810038115E-15,-1.,-1.15875838225777E-15));
#12130=DIRECTION('center_axis',(-4.53817810038115E-15,1.,1.15875838225777E-15));
#12131=DIRECTION('ref_axis',(-0.31270182154655,-2.51974476226356E-15,0.949851341422156));
#12132=DIRECTION('center_axis',(4.53817810038115E-15,-1.,-1.15875838225777E-15));
#12133=DIRECTION('ref_axis',(0.31270182154655,2.51974476226356E-15,-0.949851341422156));
#12134=DIRECTION('center_axis',(-4.53817810038115E-15,1.,1.15875838225777E-15));
#12135=DIRECTION('ref_axis',(-0.31270182154655,-2.51974476226356E-15,0.949851341422156));
#12136=DIRECTION('center_axis',(4.53817810038115E-15,-1.,-1.15875838225777E-15));
#12137=DIRECTION('ref_axis',(0.31270182154655,2.51974476226356E-15,-0.949851341422156));
#12138=DIRECTION('center_axis',(-4.53817810038115E-15,1.,1.15875838225777E-15));
#12139=DIRECTION('ref_axis',(-0.31270182154655,-2.51974476226356E-15,0.949851341422156));
#12140=DIRECTION('center_axis',(4.56209353954999E-15,-1.,-1.03865155649012E-15));
#12141=DIRECTION('ref_axis',(0.949851341422155,4.00852243456828E-15,0.312701821546554));
#12142=DIRECTION('center_axis',(-4.56209353954999E-15,1.,1.03865155649012E-15));
#12143=DIRECTION('ref_axis',(-0.312701821546555,-2.4131395340854E-15,0.949851341422155));
#12144=DIRECTION('',(4.56209353954999E-15,-1.,-1.03865155649012E-15));
#12145=DIRECTION('center_axis',(-4.56209353954999E-15,1.,1.03865155649012E-15));
#12146=DIRECTION('ref_axis',(-0.312701821546555,-2.4131395340854E-15,0.949851341422155));
#12147=DIRECTION('',(4.56209353954999E-15,-1.,-1.03865155649012E-15));
#12148=DIRECTION('center_axis',(4.56209353954999E-15,-1.,-1.03865155649012E-15));
#12149=DIRECTION('ref_axis',(0.312701821546555,2.4131395340854E-15,-0.949851341422155));
#12150=DIRECTION('center_axis',(4.56209353954999E-15,-1.,-1.03865155649012E-15));
#12151=DIRECTION('ref_axis',(-0.312701821546555,-2.4131395340854E-15,0.949851341422155));
#12152=DIRECTION('',(4.56209353954999E-15,-1.,-1.03865155649012E-15));
#12153=DIRECTION('center_axis',(4.56209353954999E-15,-1.,-1.03865155649012E-15));
#12154=DIRECTION('ref_axis',(-0.312701821546555,-2.4131395340854E-15,0.949851341422155));
#12155=DIRECTION('',(4.56209353954999E-15,-1.,-1.03865155649012E-15));
#12156=DIRECTION('center_axis',(-0.949851341422155,-4.00852243456828E-15,
-0.312701821546555));
#12157=DIRECTION('ref_axis',(-0.312701821546555,-2.4131395340854E-15,0.949851341422155));
#12158=DIRECTION('',(0.312701821546555,2.4131395340854E-15,-0.949851341422155));
#12159=DIRECTION('',(4.56209353954999E-15,-1.,-1.03865155649012E-15));
#12160=DIRECTION('',(0.312701821546555,2.4131395340854E-15,-0.949851341422155));
#12161=DIRECTION('center_axis',(4.56209353954999E-15,-1.,-1.03865155649012E-15));
#12162=DIRECTION('ref_axis',(0.312701821546555,2.4131395340854E-15,-0.949851341422155));
#12163=DIRECTION('center_axis',(4.56209353954999E-15,-1.,-1.03865155649012E-15));
#12164=DIRECTION('ref_axis',(-0.312701821546555,-2.4131395340854E-15,0.949851341422155));
#12165=DIRECTION('',(4.56209353954999E-15,-1.,-1.03865155649012E-15));
#12166=DIRECTION('center_axis',(4.56209353954999E-15,-1.,-1.03865155649012E-15));
#12167=DIRECTION('ref_axis',(-0.312701821546555,-2.4131395340854E-15,0.949851341422155));
#12168=DIRECTION('center_axis',(-0.0666592958825847,-1.34044732621835E-15,
0.997775795593598));
#12169=DIRECTION('ref_axis',(0.997775795593598,4.48271072957393E-15,0.0666592958825847));
#12170=DIRECTION('',(-0.997775795593598,-4.48271072957393E-15,-0.0666592958825846));
#12171=DIRECTION('',(4.56209353954999E-15,-1.,-1.03865155649012E-15));
#12172=DIRECTION('',(-0.997775795593598,-4.48271072957393E-15,-0.0666592958825846));
#12173=DIRECTION('center_axis',(4.56209353954999E-15,-1.,-1.03865155649012E-15));
#12174=DIRECTION('ref_axis',(0.312701821546555,2.4131395340854E-15,-0.949851341422155));
#12175=DIRECTION('center_axis',(4.56209353954999E-15,-1.,-1.03865155649012E-15));
#12176=DIRECTION('ref_axis',(-0.312701821546555,-2.4131395340854E-15,0.949851341422155));
#12177=DIRECTION('',(4.56209353954999E-15,-1.,-1.03865155649012E-15));
#12178=DIRECTION('center_axis',(4.56209353954999E-15,-1.,-1.03865155649012E-15));
#12179=DIRECTION('ref_axis',(-0.312701821546555,-2.4131395340854E-15,0.949851341422155));
#12180=DIRECTION('center_axis',(0.539096141725902,3.33420531011948E-15,
-0.842244234160286));
#12181=DIRECTION('ref_axis',(-0.842244234160286,-3.28246393268444E-15,-0.539096141725902));
#12182=DIRECTION('',(0.842244234160286,3.28246393268444E-15,0.539096141725902));
#12183=DIRECTION('',(4.56209353954999E-15,-1.,-1.03865155649012E-15));
#12184=DIRECTION('',(0.842244234160286,3.28246393268444E-15,0.539096141725902));
#12185=DIRECTION('center_axis',(4.56209353954999E-15,-1.,-1.03865155649012E-15));
#12186=DIRECTION('ref_axis',(0.312701821546555,2.4131395340854E-15,-0.949851341422155));
#12187=DIRECTION('center_axis',(4.56209353954999E-15,-1.,-1.03865155649012E-15));
#12188=DIRECTION('ref_axis',(-0.312701821546555,-2.4131395340854E-15,0.949851341422155));
#12189=DIRECTION('',(4.56209353954999E-15,-1.,-1.03865155649012E-15));
#12190=DIRECTION('center_axis',(4.56209353954999E-15,-1.,-1.03865155649012E-15));
#12191=DIRECTION('ref_axis',(-0.312701821546555,-2.4131395340854E-15,0.949851341422155));
#12192=DIRECTION('center_axis',(-0.949851341422155,-4.00852243456828E-15,
-0.312701821546555));
#12193=DIRECTION('ref_axis',(-0.312701821546555,-2.4131395340854E-15,0.949851341422155));
#12194=DIRECTION('',(0.312701821546555,2.4131395340854E-15,-0.949851341422155));
#12195=DIRECTION('',(4.56209353954999E-15,-1.,-1.03865155649012E-15));
#12196=DIRECTION('',(0.312701821546555,2.4131395340854E-15,-0.949851341422155));
#12197=DIRECTION('center_axis',(4.56209353954999E-15,-1.,-1.03865155649012E-15));
#12198=DIRECTION('ref_axis',(0.312701821546555,2.4131395340854E-15,-0.949851341422155));
#12199=DIRECTION('center_axis',(4.56209353954999E-15,-1.,-1.03865155649012E-15));
#12200=DIRECTION('ref_axis',(-0.312701821546555,-2.4131395340854E-15,0.949851341422155));
#12201=DIRECTION('',(4.56209353954999E-15,-1.,-1.03865155649012E-15));
#12202=DIRECTION('center_axis',(4.56209353954999E-15,-1.,-1.03865155649012E-15));
#12203=DIRECTION('ref_axis',(-0.312701821546555,-2.4131395340854E-15,0.949851341422155));
#12204=DIRECTION('center_axis',(0.0188112625405367,-9.52649030434245E-16,
0.999823052545615));
#12205=DIRECTION('ref_axis',(0.999823052545615,4.58082463582878E-15,-0.0188112625405367));
#12206=DIRECTION('',(-0.999823052545615,-4.58082463582878E-15,0.0188112625405367));
#12207=DIRECTION('',(-0.999823052545615,-4.58082463582878E-15,0.0188112625405367));
#12208=DIRECTION('center_axis',(0.609067816015432,3.60239774671158E-15,
-0.793118147248058));
#12209=DIRECTION('ref_axis',(-0.793118147248058,-2.98566994054776E-15,-0.609067816015432));
#12210=DIRECTION('',(0.793118147248058,2.98566994054776E-15,0.609067816015432));
#12211=DIRECTION('',(0.793118147248058,2.98566994054776E-15,0.609067816015432));
#12212=DIRECTION('center_axis',(-4.56209353954999E-15,1.,1.03865155649012E-15));
#12213=DIRECTION('ref_axis',(-0.312701821546555,-2.4131395340854E-15,0.949851341422155));
#12214=DIRECTION('center_axis',(-4.56209353954999E-15,1.,1.03865155649012E-15));
#12215=DIRECTION('ref_axis',(-0.312701821546555,-2.4131395340854E-15,0.949851341422155));
#12216=DIRECTION('center_axis',(-4.53817810038114E-15,1.,1.15875838225777E-15));
#12217=DIRECTION('ref_axis',(-0.312701821546552,-2.51974476226356E-15,0.949851341422156));
#12218=DIRECTION('center_axis',(-4.53817810038114E-15,1.,1.15875838225777E-15));
#12219=DIRECTION('ref_axis',(-0.312701821546552,-2.51974476226356E-15,0.949851341422156));
#12220=DIRECTION('',(4.53817810038114E-15,-1.,-1.15875838225777E-15));
#12221=DIRECTION('center_axis',(-4.53817810038114E-15,1.,1.15875838225777E-15));
#12222=DIRECTION('ref_axis',(-0.312701821546552,-2.51974476226356E-15,0.949851341422156));
#12223=DIRECTION('center_axis',(-4.53817810038114E-15,1.,1.15875838225777E-15));
#12224=DIRECTION('ref_axis',(-0.312701821546552,-2.51974476226356E-15,0.949851341422156));
#12225=DIRECTION('center_axis',(-4.53817810038114E-15,1.,1.15875838225777E-15));
#12226=DIRECTION('ref_axis',(-0.312701821546552,-2.51974476226356E-15,0.949851341422156));
#12227=DIRECTION('',(-4.53817810038114E-15,1.,1.15875838225777E-15));
#12228=DIRECTION('center_axis',(-4.53817810038114E-15,1.,1.15875838225777E-15));
#12229=DIRECTION('ref_axis',(-0.312701821546552,-2.51974476226356E-15,0.949851341422156));
#12230=DIRECTION('center_axis',(-4.53817810038114E-15,1.,1.15875838225777E-15));
#12231=DIRECTION('ref_axis',(-0.312701821546552,-2.51974476226356E-15,0.949851341422156));
#12232=DIRECTION('center_axis',(4.53817810038114E-15,-1.,-1.15875838225777E-15));
#12233=DIRECTION('ref_axis',(0.312701821546552,2.51974476226356E-15,-0.949851341422156));
#12234=DIRECTION('center_axis',(4.56209353955E-15,-1.,-1.03865155649012E-15));
#12235=DIRECTION('ref_axis',(-0.312701821546556,-2.41313953408541E-15,0.949851341422154));
#12236=DIRECTION('center_axis',(-4.56209353955E-15,1.,1.03865155649012E-15));
#12237=DIRECTION('ref_axis',(-0.312701821546556,-2.41313953408541E-15,0.949851341422154));
#12238=DIRECTION('',(-4.56209353955E-15,1.,1.03865155649012E-15));
#12239=DIRECTION('center_axis',(-4.56209353955E-15,1.,1.03865155649012E-15));
#12240=DIRECTION('ref_axis',(-0.312701821546556,-2.41313953408541E-15,0.949851341422154));
#12241=DIRECTION('center_axis',(4.56209353955E-15,-1.,-1.03865155649012E-15));
#12242=DIRECTION('ref_axis',(-0.312701821546556,-2.41313953408541E-15,0.949851341422154));
#12243=DIRECTION('center_axis',(-4.56209353955E-15,1.,1.03865155649012E-15));
#12244=DIRECTION('ref_axis',(-0.312701821546556,-2.41313953408541E-15,0.949851341422154));
#12245=DIRECTION('',(4.56209353955E-15,-1.,-1.03865155649012E-15));
#12246=DIRECTION('center_axis',(-4.56209353955E-15,1.,1.03865155649012E-15));
#12247=DIRECTION('ref_axis',(-0.312701821546556,-2.41313953408541E-15,0.949851341422154));
#12248=DIRECTION('center_axis',(4.56209353955E-15,-1.,-1.03865155649012E-15));
#12249=DIRECTION('ref_axis',(-0.312701821546556,-2.41313953408541E-15,0.949851341422154));
#12250=DIRECTION('center_axis',(4.56209353955E-15,-1.,-1.03865155649012E-15));
#12251=DIRECTION('ref_axis',(-0.312701821546556,-2.41313953408541E-15,0.949851341422154));
#12252=DIRECTION('',(4.56209353955E-15,-1.,-1.03865155649012E-15));
#12253=DIRECTION('center_axis',(4.56209353955E-15,-1.,-1.03865155649012E-15));
#12254=DIRECTION('ref_axis',(-0.312701821546556,-2.41313953408541E-15,0.949851341422154));
#12255=DIRECTION('center_axis',(-4.56209353955E-15,1.,1.03865155649012E-15));
#12256=DIRECTION('ref_axis',(-0.312701821546556,-2.41313953408541E-15,0.949851341422154));
#12257=DIRECTION('center_axis',(-4.56209353955E-15,1.,1.03865155649012E-15));
#12258=DIRECTION('ref_axis',(-0.312701821546556,-2.41313953408541E-15,0.949851341422154));
#12259=DIRECTION('center_axis',(-3.66415532724753E-16,1.,1.24689229785141E-16));
#12260=DIRECTION('ref_axis',(0.37803195662345,2.53953140378587E-16,-0.925792546832953));
#12261=DIRECTION('center_axis',(-3.66415532724753E-16,1.,1.24689229785141E-16));
#12262=DIRECTION('ref_axis',(0.37803195662345,2.53953140378587E-16,-0.925792546832953));
#12263=DIRECTION('',(-3.66415532724753E-16,1.,1.24689229785141E-16));
#12264=DIRECTION('center_axis',(-3.66415532724753E-16,1.,1.24689229785141E-16));
#12265=DIRECTION('ref_axis',(0.37803195662345,2.53953140378587E-16,-0.925792546832953));
#12266=DIRECTION('center_axis',(-3.66415532724753E-16,1.,1.24689229785141E-16));
#12267=DIRECTION('ref_axis',(0.37803195662345,2.53953140378587E-16,-0.925792546832953));
#12268=DIRECTION('',(-0.324036631838061,0.515038074910055,0.793559098378936));
#12269=DIRECTION('center_axis',(-3.66415532724753E-16,1.,1.24689229785141E-16));
#12270=DIRECTION('ref_axis',(0.37803195662345,2.53953140378587E-16,-0.925792546832953));
#12271=DIRECTION('center_axis',(-3.66415532724753E-16,1.,1.24689229785141E-16));
#12272=DIRECTION('ref_axis',(0.37803195662345,2.53953140378587E-16,-0.925792546832953));
#12273=DIRECTION('',(-3.66415532724753E-16,1.,1.24689229785141E-16));
#12274=DIRECTION('center_axis',(-3.66415532724753E-16,1.,1.24689229785141E-16));
#12275=DIRECTION('ref_axis',(0.37803195662345,2.53953140378587E-16,-0.925792546832953));
#12276=DIRECTION('center_axis',(-3.66415532724753E-16,1.,1.24689229785141E-16));
#12277=DIRECTION('ref_axis',(0.37803195662345,2.53953140378587E-16,-0.925792546832953));
#12278=DIRECTION('',(-0.324036631838061,0.515038074910056,0.793559098378935));
#12279=DIRECTION('center_axis',(-3.66415532724753E-16,1.,1.24689229785141E-16));
#12280=DIRECTION('ref_axis',(0.37803195662345,2.53953140378587E-16,-0.925792546832953));
#12281=DIRECTION('center_axis',(-3.66415532724753E-16,1.,1.24689229785141E-16));
#12282=DIRECTION('ref_axis',(0.37803195662345,2.53953140378587E-16,-0.925792546832953));
#12283=DIRECTION('',(-3.66415532724753E-16,1.,1.24689229785141E-16));
#12284=DIRECTION('center_axis',(-3.66415532724753E-16,1.,1.24689229785141E-16));
#12285=DIRECTION('ref_axis',(0.37803195662345,2.53953140378587E-16,-0.925792546832953));
#12286=DIRECTION('center_axis',(-3.66415532724753E-16,1.,1.24689229785141E-16));
#12287=DIRECTION('ref_axis',(0.37803195662345,2.53953140378587E-16,-0.925792546832953));
#12288=DIRECTION('',(-0.324036631838061,0.515038074910055,0.793559098378936));
#12289=DIRECTION('center_axis',(-3.66415532724753E-16,1.,1.24689229785141E-16));
#12290=DIRECTION('ref_axis',(0.37803195662345,2.53953140378587E-16,-0.925792546832953));
#12291=DIRECTION('center_axis',(-3.66415532724753E-16,1.,1.24689229785141E-16));
#12292=DIRECTION('ref_axis',(0.37803195662345,2.53953140378587E-16,-0.925792546832953));
#12293=DIRECTION('',(-3.66415532724753E-16,1.,1.24689229785141E-16));
#12294=DIRECTION('center_axis',(-3.66415532724753E-16,1.,1.24689229785141E-16));
#12295=DIRECTION('ref_axis',(0.37803195662345,2.53953140378587E-16,-0.925792546832953));
#12296=DIRECTION('center_axis',(-3.66415532724753E-16,1.,1.24689229785141E-16));
#12297=DIRECTION('ref_axis',(0.37803195662345,2.53953140378587E-16,-0.925792546832953));
#12298=DIRECTION('',(-0.324036631838061,0.515038074910056,0.793559098378935));
#12299=DIRECTION('center_axis',(-3.66415532724753E-16,1.,1.24689229785141E-16));
#12300=DIRECTION('ref_axis',(0.37803195662345,2.53953140378587E-16,-0.925792546832953));
#12301=DIRECTION('center_axis',(-3.66415532724753E-16,1.,1.24689229785141E-16));
#12302=DIRECTION('ref_axis',(0.37803195662345,2.53953140378587E-16,-0.925792546832953));
#12303=DIRECTION('',(-0.189015978311726,0.866025403784437,0.462896273416478));
#12304=DIRECTION('center_axis',(-3.66415532724753E-16,1.,1.24689229785141E-16));
#12305=DIRECTION('ref_axis',(0.37803195662345,2.53953140378587E-16,-0.925792546832953));
#12306=DIRECTION('center_axis',(-3.66415532724753E-16,1.,1.24689229785141E-16));
#12307=DIRECTION('ref_axis',(0.37803195662345,2.53953140378587E-16,-0.925792546832953));
#12308=DIRECTION('center_axis',(-3.66415532724753E-16,1.,1.24689229785141E-16));
#12309=DIRECTION('ref_axis',(0.37803195662345,2.53953140378587E-16,-0.925792546832953));
#12310=DIRECTION('',(-3.66415532724753E-16,1.,1.24689229785141E-16));
#12311=DIRECTION('center_axis',(3.66415532724753E-16,-1.,-1.24689229785141E-16));
#12312=DIRECTION('ref_axis',(-0.37803195662345,-2.53953140378587E-16,0.925792546832953));
#12313=DIRECTION('center_axis',(3.66415532724753E-16,-1.,-1.24689229785141E-16));
#12314=DIRECTION('ref_axis',(-0.37803195662345,-2.53953140378587E-16,0.925792546832953));
#12315=DIRECTION('',(3.66415532724753E-16,-1.,-1.24689229785141E-16));
#12316=DIRECTION('center_axis',(3.66415532724753E-16,-1.,-1.24689229785141E-16));
#12317=DIRECTION('ref_axis',(-0.37803195662345,-2.53953140378587E-16,0.925792546832953));
#12318=DIRECTION('center_axis',(3.66415532724753E-16,-1.,-1.24689229785141E-16));
#12319=DIRECTION('ref_axis',(-0.37803195662345,-2.53953140378587E-16,0.925792546832953));
#12320=DIRECTION('',(0.324036631838061,-0.515038074910055,-0.793559098378936));
#12321=DIRECTION('center_axis',(3.66415532724753E-16,-1.,-1.24689229785141E-16));
#12322=DIRECTION('ref_axis',(-0.37803195662345,-2.53953140378587E-16,0.925792546832953));
#12323=DIRECTION('center_axis',(3.66415532724753E-16,-1.,-1.24689229785141E-16));
#12324=DIRECTION('ref_axis',(-0.37803195662345,-2.53953140378587E-16,0.925792546832953));
#12325=DIRECTION('',(3.66415532724753E-16,-1.,-1.24689229785141E-16));
#12326=DIRECTION('center_axis',(3.66415532724753E-16,-1.,-1.24689229785141E-16));
#12327=DIRECTION('ref_axis',(-0.37803195662345,-2.53953140378587E-16,0.925792546832953));
#12328=DIRECTION('center_axis',(3.66415532724753E-16,-1.,-1.24689229785141E-16));
#12329=DIRECTION('ref_axis',(-0.37803195662345,-2.53953140378587E-16,0.925792546832953));
#12330=DIRECTION('',(0.324036631838061,-0.515038074910056,-0.793559098378935));
#12331=DIRECTION('center_axis',(3.66415532724753E-16,-1.,-1.24689229785141E-16));
#12332=DIRECTION('ref_axis',(-0.37803195662345,-2.53953140378587E-16,0.925792546832953));
#12333=DIRECTION('center_axis',(3.66415532724753E-16,-1.,-1.24689229785141E-16));
#12334=DIRECTION('ref_axis',(-0.37803195662345,-2.53953140378587E-16,0.925792546832953));
#12335=DIRECTION('',(3.66415532724753E-16,-1.,-1.24689229785141E-16));
#12336=DIRECTION('center_axis',(3.66415532724753E-16,-1.,-1.24689229785141E-16));
#12337=DIRECTION('ref_axis',(-0.37803195662345,-2.53953140378587E-16,0.925792546832953));
#12338=DIRECTION('center_axis',(3.66415532724753E-16,-1.,-1.24689229785141E-16));
#12339=DIRECTION('ref_axis',(-0.37803195662345,-2.53953140378587E-16,0.925792546832953));
#12340=DIRECTION('',(0.324036631838061,-0.515038074910055,-0.793559098378936));
#12341=DIRECTION('center_axis',(3.66415532724753E-16,-1.,-1.24689229785141E-16));
#12342=DIRECTION('ref_axis',(-0.37803195662345,-2.53953140378587E-16,0.925792546832953));
#12343=DIRECTION('center_axis',(3.66415532724753E-16,-1.,-1.24689229785141E-16));
#12344=DIRECTION('ref_axis',(-0.37803195662345,-2.53953140378587E-16,0.925792546832953));
#12345=DIRECTION('',(3.66415532724753E-16,-1.,-1.24689229785141E-16));
#12346=DIRECTION('center_axis',(3.66415532724753E-16,-1.,-1.24689229785141E-16));
#12347=DIRECTION('ref_axis',(-0.37803195662345,-2.53953140378587E-16,0.925792546832953));
#12348=DIRECTION('center_axis',(3.66415532724753E-16,-1.,-1.24689229785141E-16));
#12349=DIRECTION('ref_axis',(-0.37803195662345,-2.53953140378587E-16,0.925792546832953));
#12350=DIRECTION('',(0.324036631838061,-0.515038074910056,-0.793559098378935));
#12351=DIRECTION('center_axis',(-3.66415532724753E-16,1.,1.24689229785141E-16));
#12352=DIRECTION('ref_axis',(0.37803195662345,2.53953140378587E-16,-0.925792546832953));
#12353=DIRECTION('center_axis',(-3.66415532724753E-16,1.,1.24689229785141E-16));
#12354=DIRECTION('ref_axis',(-0.37803195662345,-2.53953140378587E-16,0.925792546832953));
#12355=DIRECTION('',(0.189015978311725,-0.866025403784439,-0.462896273416475));
#12356=DIRECTION('center_axis',(3.66415532724753E-16,-1.,-1.24689229785141E-16));
#12357=DIRECTION('ref_axis',(-0.37803195662345,-2.53953140378587E-16,0.925792546832953));
#12358=DIRECTION('center_axis',(-3.66415532724753E-16,1.,1.24689229785141E-16));
#12359=DIRECTION('ref_axis',(0.37803195662345,2.53953140378587E-16,-0.925792546832953));
#12360=DIRECTION('center_axis',(-3.66415532724753E-16,1.,1.24689229785141E-16));
#12361=DIRECTION('ref_axis',(-0.37803195662345,-2.53953140378587E-16,0.925792546832953));
#12362=DIRECTION('',(0.189015978311725,-0.866025403784439,-0.462896273416477));
#12363=DIRECTION('center_axis',(3.66415532724753E-16,-1.,-1.24689229785141E-16));
#12364=DIRECTION('ref_axis',(-0.37803195662345,-2.53953140378587E-16,0.925792546832953));
#12365=DIRECTION('center_axis',(3.66415532724753E-16,-1.,-1.24689229785141E-16));
#12366=DIRECTION('ref_axis',(-0.37803195662345,-2.53953140378587E-16,0.925792546832953));
#12367=DIRECTION('center_axis',(3.66415532724753E-16,-1.,-1.24689229785141E-16));
#12368=DIRECTION('ref_axis',(0.37803195662345,2.53953140378587E-16,-0.925792546832953));
#12369=DIRECTION('',(-0.189015978311725,0.86602540378444,0.462896273416474));
#12370=DIRECTION('center_axis',(-3.66415532724753E-16,1.,1.24689229785141E-16));
#12371=DIRECTION('ref_axis',(0.37803195662345,2.53953140378587E-16,-0.925792546832953));
#12372=DIRECTION('center_axis',(3.66415532724753E-16,-1.,-1.24689229785141E-16));
#12373=DIRECTION('ref_axis',(-0.37803195662345,-2.53953140378587E-16,0.925792546832953));
#12374=DIRECTION('center_axis',(3.66415532724753E-16,-1.,-1.24689229785141E-16));
#12375=DIRECTION('ref_axis',(0.37803195662345,2.53953140378587E-16,-0.925792546832953));
#12376=DIRECTION('',(-0.189015978311725,0.866025403784439,0.462896273416476));
#12377=DIRECTION('center_axis',(-3.66415532724753E-16,1.,1.24689229785141E-16));
#12378=DIRECTION('ref_axis',(0.37803195662345,2.53953140378587E-16,-0.925792546832953));
#12379=DIRECTION('center_axis',(3.66415532724753E-16,-1.,-1.24689229785141E-16));
#12380=DIRECTION('ref_axis',(-0.37803195662345,-2.53953140378587E-16,0.925792546832953));
#12381=DIRECTION('center_axis',(3.66415532724753E-16,-1.,-1.24689229785141E-16));
#12382=DIRECTION('ref_axis',(-0.37803195662345,-2.53953140378587E-16,0.925792546832953));
#12383=DIRECTION('',(0.189015978311726,-0.866025403784438,-0.462896273416478));
#12384=DIRECTION('center_axis',(3.66415532724753E-16,-1.,-1.24689229785141E-16));
#12385=DIRECTION('ref_axis',(-0.37803195662345,-2.53953140378587E-16,0.925792546832953));
#12386=DIRECTION('center_axis',(3.66415532724753E-16,-1.,-1.24689229785141E-16));
#12387=DIRECTION('ref_axis',(-0.37803195662345,-2.53953140378587E-16,0.925792546832953));
#12388=DIRECTION('center_axis',(3.66415532724753E-16,-1.,-1.24689229785141E-16));
#12389=DIRECTION('ref_axis',(-0.37803195662345,-2.53953140378587E-16,0.925792546832953));
#12390=DIRECTION('',(3.66415532724753E-16,-1.,-1.24689229785141E-16));
#12391=DIRECTION('center_axis',(-3.66415532724753E-16,1.,1.24689229785141E-16));
#12392=DIRECTION('ref_axis',(0.37803195662345,2.53953140378587E-16,-0.925792546832953));
#12393=DIRECTION('center_axis',(3.66415532724753E-16,-1.,-1.24689229785141E-16));
#12394=DIRECTION('ref_axis',(0.37803195662345,2.53953140378587E-16,-0.925792546832953));
#12395=DIRECTION('',(3.66415532724753E-16,-1.,-1.24689229785141E-16));
#12396=DIRECTION('center_axis',(-3.66415532724753E-16,1.,1.24689229785141E-16));
#12397=DIRECTION('ref_axis',(0.37803195662345,2.53953140378587E-16,-0.925792546832953));
#12398=DIRECTION('center_axis',(3.66415532724753E-16,-1.,-1.24689229785141E-16));
#12399=DIRECTION('ref_axis',(-0.37803195662345,-2.53953140378587E-16,0.925792546832953));
#12400=DIRECTION('',(3.66415532724753E-16,-1.,-1.24689229785141E-16));
#12401=DIRECTION('center_axis',(3.66415532724753E-16,-1.,-1.24689229785141E-16));
#12402=DIRECTION('ref_axis',(-0.37803195662345,-2.53953140378587E-16,0.925792546832953));
#12403=DIRECTION('center_axis',(-3.66415532724753E-16,1.,1.24689229785141E-16));
#12404=DIRECTION('ref_axis',(0.37803195662345,2.53953140378587E-16,-0.925792546832953));
#12405=DIRECTION('',(-3.66415532724753E-16,1.,1.24689229785141E-16));
#12406=DIRECTION('center_axis',(3.66415532724753E-16,-1.,-1.24689229785141E-16));
#12407=DIRECTION('ref_axis',(-0.37803195662345,-2.53953140378587E-16,0.925792546832953));
#12408=DIRECTION('center_axis',(-3.66415532724753E-16,1.,1.24689229785141E-16));
#12409=DIRECTION('ref_axis',(0.37803195662345,2.53953140378587E-16,-0.925792546832953));
#12410=DIRECTION('',(-3.66415532724753E-16,1.,1.24689229785141E-16));
#12411=DIRECTION('center_axis',(0.925792546832953,4.30866133812999E-16,
0.37803195662345));
#12412=DIRECTION('ref_axis',(-4.94895057914792E-16,1.,7.22267569992093E-17));
#12413=DIRECTION('',(4.94895057914792E-16,-1.,-7.22267569992093E-17));
#12414=DIRECTION('',(0.37803195662345,2.53953140378587E-16,-0.925792546832953));
#12415=DIRECTION('',(-4.94895057914792E-16,1.,7.22267569992093E-17));
#12416=DIRECTION('',(-0.37803195662345,-2.53953140378587E-16,0.925792546832953));
#12417=DIRECTION('center_axis',(-0.925792546832953,-4.30866133812999E-16,
-0.37803195662345));
#12418=DIRECTION('ref_axis',(4.94895057914792E-16,-1.,-7.22267569992093E-17));
#12419=DIRECTION('',(-4.94895057914792E-16,1.,7.22267569992093E-17));
#12420=DIRECTION('',(0.37803195662345,2.53953140378587E-16,-0.925792546832953));
#12421=DIRECTION('',(4.94895057914792E-16,-1.,-7.22267569992093E-17));
#12422=DIRECTION('',(-0.37803195662345,-2.53953140378587E-16,0.925792546832953));
#12423=DIRECTION('center_axis',(-3.66415532724753E-16,1.,1.24689229785141E-16));
#12424=DIRECTION('ref_axis',(-0.378031956623451,-2.53953140378587E-16,0.925792546832953));
#12425=DIRECTION('',(-3.66415532724753E-16,1.,1.24689229785141E-16));
#12426=DIRECTION('center_axis',(3.66415532724753E-16,-1.,-1.24689229785141E-16));
#12427=DIRECTION('ref_axis',(0.37803195662345,2.53953140378587E-16,-0.925792546832953));
#12428=DIRECTION('',(-3.66415532724753E-16,1.,1.24689229785141E-16));
#12429=DIRECTION('center_axis',(3.66415532724753E-16,-1.,-1.24689229785141E-16));
#12430=DIRECTION('ref_axis',(0.37803195662345,2.53953140378587E-16,-0.925792546832953));
#12431=DIRECTION('center_axis',(3.66415532724753E-16,-1.,-1.24689229785141E-16));
#12432=DIRECTION('ref_axis',(0.37803195662345,2.53953140378587E-16,-0.925792546832953));
#12433=DIRECTION('',(-3.66415532724753E-16,1.,1.24689229785141E-16));
#12434=DIRECTION('center_axis',(-3.66415532724753E-16,1.,1.24689229785141E-16));
#12435=DIRECTION('ref_axis',(-0.37803195662345,-2.53953140378587E-16,0.925792546832953));
#12436=DIRECTION('',(3.66415532724753E-16,-1.,-1.24689229785141E-16));
#12437=DIRECTION('center_axis',(0.37803195662345,2.53953140378587E-16,-0.925792546832953));
#12438=DIRECTION('ref_axis',(0.925792546832953,2.92088255734855E-16,0.37803195662345));
#12439=DIRECTION('center_axis',(0.37803195662345,2.53953140378587E-16,-0.925792546832953));
#12440=DIRECTION('ref_axis',(-0.925792546832953,-2.92088255734855E-16,-0.37803195662345));
#12441=DIRECTION('',(-0.37803195662345,-2.53953140378587E-16,0.925792546832953));
#12442=DIRECTION('center_axis',(-0.37803195662345,-2.53953140378587E-16,
0.925792546832953));
#12443=DIRECTION('ref_axis',(-0.925792546832953,-2.92088255734855E-16,-0.37803195662345));
#12444=DIRECTION('center_axis',(0.37803195662345,2.53953140378587E-16,-0.925792546832953));
#12445=DIRECTION('ref_axis',(0.925792546832953,2.92088255734855E-16,0.37803195662345));
#12446=DIRECTION('center_axis',(0.37803195662345,2.53953140378587E-16,-0.925792546832953));
#12447=DIRECTION('ref_axis',(-0.925792546832953,-2.92088255734855E-16,-0.37803195662345));
#12448=DIRECTION('center_axis',(-0.37803195662345,-2.53953140378587E-16,
0.925792546832953));
#12449=DIRECTION('ref_axis',(-0.925792546832953,-2.92088255734855E-16,-0.37803195662345));
#12450=DIRECTION('',(0.37803195662345,2.53953140378587E-16,-0.925792546832953));
#12451=DIRECTION('center_axis',(0.37803195662345,2.53953140378587E-16,-0.925792546832953));
#12452=DIRECTION('ref_axis',(0.925792546832953,2.92088255734855E-16,0.37803195662345));
#12453=DIRECTION('center_axis',(0.37803195662345,2.53953140378587E-16,-0.925792546832953));
#12454=DIRECTION('ref_axis',(-0.925792546832953,-2.92088255734855E-16,-0.37803195662345));
#12455=DIRECTION('',(-0.37803195662345,-2.53953140378587E-16,0.925792546832953));
#12456=DIRECTION('center_axis',(-0.37803195662345,-2.53953140378587E-16,
0.925792546832953));
#12457=DIRECTION('ref_axis',(-0.925792546832953,-2.92088255734855E-16,-0.37803195662345));
#12458=DIRECTION('center_axis',(0.37803195662345,2.53953140378587E-16,-0.925792546832953));
#12459=DIRECTION('ref_axis',(0.925792546832953,2.92088255734855E-16,0.37803195662345));
#12460=DIRECTION('center_axis',(0.37803195662345,2.53953140378587E-16,-0.925792546832953));
#12461=DIRECTION('ref_axis',(-0.925792546832953,-2.92088255734855E-16,-0.37803195662345));
#12462=DIRECTION('center_axis',(-0.37803195662345,-2.53953140378587E-16,
0.925792546832953));
#12463=DIRECTION('ref_axis',(-0.925792546832953,-2.92088255734855E-16,-0.37803195662345));
#12464=DIRECTION('',(0.37803195662345,2.53953140378587E-16,-0.925792546832953));
#12465=DIRECTION('center_axis',(-3.66415532724753E-16,1.,1.24689229785141E-16));
#12466=DIRECTION('ref_axis',(0.37803195662345,2.53953140378587E-16,-0.925792546832953));
#12467=DIRECTION('',(0.925792546832953,2.92088255734855E-16,0.37803195662345));
#12468=DIRECTION('center_axis',(3.66415532724753E-16,-1.,-1.24689229785141E-16));
#12469=DIRECTION('ref_axis',(0.37803195662345,2.53953140378587E-16,-0.925792546832953));
#12470=DIRECTION('',(-0.37803195662345,-2.53953140378587E-16,0.925792546832953));
#12471=DIRECTION('',(0.37803195662345,2.53953140378587E-16,-0.925792546832953));
#12472=DIRECTION('center_axis',(3.66415532724753E-16,-1.,-1.24689229785141E-16));
#12473=DIRECTION('ref_axis',(0.378031956623449,2.53953140378587E-16,-0.925792546832954));
#12474=DIRECTION('center_axis',(-3.66415532724753E-16,1.,1.24689229785141E-16));
#12475=DIRECTION('ref_axis',(0.37803195662345,2.53953140378587E-16,-0.925792546832953));
#12476=DIRECTION('',(-0.37803195662345,-2.53953140378587E-16,0.925792546832953));
#12477=DIRECTION('center_axis',(-3.66415532724753E-16,1.,1.24689229785141E-16));
#12478=DIRECTION('ref_axis',(0.37803195662345,2.53953140378587E-16,-0.925792546832953));
#12479=DIRECTION('',(0.925792546832953,2.92088255734855E-16,0.37803195662345));
#12480=DIRECTION('center_axis',(-3.66415532724753E-16,1.,1.24689229785141E-16));
#12481=DIRECTION('ref_axis',(0.37803195662345,2.53953140378587E-16,-0.925792546832953));
#12482=DIRECTION('',(0.37803195662345,2.53953140378587E-16,-0.925792546832953));
#12483=DIRECTION('center_axis',(3.66415532724753E-16,-1.,-1.24689229785141E-16));
#12484=DIRECTION('ref_axis',(-0.37803195662345,-2.53953140378587E-16,0.925792546832953));
#12485=DIRECTION('',(0.925792546832953,2.92088255734855E-16,0.37803195662345));
#12486=DIRECTION('',(0.925792546832953,2.92088255734855E-16,0.37803195662345));
#12487=DIRECTION('',(0.925792546832953,2.92088255734855E-16,0.37803195662345));
#12488=DIRECTION('center_axis',(-3.66415532724753E-16,1.,1.24689229785141E-16));
#12489=DIRECTION('ref_axis',(0.37803195662345,2.53953140378587E-16,-0.925792546832953));
#12490=DIRECTION('',(-0.925792546832953,-2.92088255734855E-16,-0.37803195662345));
#12491=DIRECTION('',(-0.925792546832953,-2.92088255734855E-16,-0.37803195662345));
#12492=DIRECTION('',(-0.925792546832953,-2.92088255734855E-16,-0.37803195662345));
#12493=DIRECTION('center_axis',(0.925792546832953,2.92088255734855E-16,
0.37803195662345));
#12494=DIRECTION('ref_axis',(-0.37803195662345,-2.53953140378587E-16,0.925792546832953));
#12495=DIRECTION('',(3.66415532724753E-16,-1.,-1.24689229785141E-16));
#12496=DIRECTION('center_axis',(-0.37803195662345,-2.53953140378587E-16,
0.925792546832953));
#12497=DIRECTION('ref_axis',(-0.925792546832953,-2.92088255734855E-16,-0.37803195662345));
#12498=DIRECTION('',(3.66415532724753E-16,-1.,-1.24689229785141E-16));
#12499=DIRECTION('',(-3.66415532724753E-16,1.,1.24689229785141E-16));
#12500=DIRECTION('center_axis',(-0.925792546832953,-2.92088255734855E-16,
-0.37803195662345));
#12501=DIRECTION('ref_axis',(0.37803195662345,2.53953140378587E-16,-0.925792546832953));
#12502=DIRECTION('',(-3.66415532724753E-16,1.,1.24689229785141E-16));
#12503=DIRECTION('center_axis',(-0.37803195662345,-2.53953140378587E-16,
0.925792546832953));
#12504=DIRECTION('ref_axis',(-0.925792546832953,-2.92088255734855E-16,-0.37803195662345));
#12505=DIRECTION('center_axis',(-3.66415532724753E-16,1.,1.24689229785141E-16));
#12506=DIRECTION('ref_axis',(0.37803195662345,2.53953140378587E-16,-0.925792546832953));
#12507=DIRECTION('center_axis',(-3.66415532724753E-16,1.,1.24689229785141E-16));
#12508=DIRECTION('ref_axis',(0.37803195662345,2.53953140378587E-16,-0.925792546832953));
#12509=DIRECTION('center_axis',(3.66415532724753E-16,-1.,-1.24689229785141E-16));
#12510=DIRECTION('ref_axis',(-0.37803195662345,-2.53953140378587E-16,0.925792546832953));
#12511=DIRECTION('center_axis',(3.66415532724753E-16,-1.,-1.24689229785141E-16));
#12512=DIRECTION('ref_axis',(-0.37803195662345,-2.53953140378587E-16,0.925792546832953));
#12513=DIRECTION('center_axis',(-3.66415532724753E-16,1.,1.24689229785141E-16));
#12514=DIRECTION('ref_axis',(0.37803195662345,2.53953140378587E-16,-0.925792546832953));
#12515=DIRECTION('center_axis',(-3.66415532724753E-16,1.,1.24689229785141E-16));
#12516=DIRECTION('ref_axis',(0.37803195662345,2.53953140378587E-16,-0.925792546832953));
#12517=DIRECTION('center_axis',(-0.37803195662345,-2.53953140378587E-16,
0.925792546832953));
#12518=DIRECTION('ref_axis',(-0.925792546832953,-2.92088255734855E-16,-0.37803195662345));
#12519=DIRECTION('center_axis',(-0.37803195662345,-2.53953140378587E-16,
0.925792546832953));
#12520=DIRECTION('ref_axis',(-0.925792546832953,-2.92088255734855E-16,-0.37803195662345));
#12521=DIRECTION('center_axis',(4.43805342523808E-15,-1.,-1.40416277448093E-15));
#12522=DIRECTION('ref_axis',(-0.262316787229199,1.90815626510052E-16,-0.964981814925935));
#12523=DIRECTION('center_axis',(4.43805342523808E-15,-1.,-1.40416277448093E-15));
#12524=DIRECTION('ref_axis',(-0.262316787229199,1.90815626510052E-16,-0.964981814925935));
#12525=DIRECTION('',(-0.110859864644312,0.906307787036474,-0.407818937235747));
#12526=DIRECTION('center_axis',(4.43805342523808E-15,-1.,-1.40416277448093E-15));
#12527=DIRECTION('ref_axis',(-0.262316787229199,1.90815626510052E-16,-0.964981814925935));
#12528=DIRECTION('center_axis',(-4.43805342523808E-15,1.,1.40416277448093E-15));
#12529=DIRECTION('ref_axis',(-0.262316787229199,1.90815626510052E-16,-0.964981814925935));
#12530=DIRECTION('center_axis',(4.43805342523808E-15,-1.,-1.40416277448093E-15));
#12531=DIRECTION('ref_axis',(-0.262316787229199,1.90815626510052E-16,-0.964981814925935));
#12532=DIRECTION('',(0.110859864644304,0.906307787036474,0.40781893723575));
#12533=DIRECTION('center_axis',(4.43805342523808E-15,-1.,-1.40416277448093E-15));
#12534=DIRECTION('ref_axis',(-0.262316787229199,1.90815626510052E-16,-0.964981814925935));
#12535=DIRECTION('center_axis',(-4.43805342523808E-15,1.,1.40416277448093E-15));
#12536=DIRECTION('ref_axis',(-0.262316787229199,1.90815626510052E-16,-0.964981814925935));
#12537=DIRECTION('',(4.43805342523808E-15,-1.,-1.40416277448093E-15));
#12538=DIRECTION('center_axis',(4.43805342523808E-15,-1.,-1.40416277448093E-15));
#12539=DIRECTION('ref_axis',(-0.262316787229199,1.90815626510052E-16,-0.964981814925935));
#12540=DIRECTION('center_axis',(-4.43805342523808E-15,1.,1.40416277448093E-15));
#12541=DIRECTION('ref_axis',(-0.262316787229199,1.90815626510052E-16,-0.964981814925935));
#12542=DIRECTION('center_axis',(4.43805342523808E-15,-1.,-1.40416277448093E-15));
#12543=DIRECTION('ref_axis',(-0.262316787229199,1.90815626510052E-16,-0.964981814925935));
#12544=DIRECTION('',(-4.43805342523808E-15,1.,1.40416277448093E-15));
#12545=DIRECTION('center_axis',(4.43805342523808E-15,-1.,-1.40416277448093E-15));
#12546=DIRECTION('ref_axis',(-0.262316787229199,1.90815626510052E-16,-0.964981814925935));
#12547=DIRECTION('',(0.110859864644312,-0.906307787036474,0.407818937235748));
#12548=DIRECTION('center_axis',(4.43805342523808E-15,-1.,-1.40416277448093E-15));
#12549=DIRECTION('ref_axis',(-0.262316787229199,1.90815626510052E-16,-0.964981814925935));
#12550=DIRECTION('center_axis',(4.43805342523808E-15,-1.,-1.40416277448093E-15));
#12551=DIRECTION('ref_axis',(-0.262316787229199,0.,-0.964981814925935));
#12552=DIRECTION('center_axis',(-4.43805342523808E-15,1.,1.40416277448093E-15));
#12553=DIRECTION('ref_axis',(-0.262316787229199,1.90815626510051E-16,-0.964981814925935));
#12554=DIRECTION('center_axis',(0.964981814925935,4.65097631677318E-15,
-0.262316787229199));
#12555=DIRECTION('ref_axis',(0.262316787229199,0.,0.964981814925935));
#12556=DIRECTION('center_axis',(-4.43805342523808E-15,1.,1.40416277448093E-15));
#12557=DIRECTION('ref_axis',(-0.262316787229199,1.90815626510051E-16,-0.964981814925935));
#12558=DIRECTION('center_axis',(-4.43805342523808E-15,1.,1.40416277448093E-15));
#12559=DIRECTION('ref_axis',(-0.262316787229199,1.90815626510052E-16,-0.964981814925935));
#12560=DIRECTION('',(4.43805342523808E-15,-1.,-1.40416277448093E-15));
#12561=DIRECTION('center_axis',(4.43805342523808E-15,-1.,-1.40416277448093E-15));
#12562=DIRECTION('ref_axis',(-0.262316787229199,1.90815626510052E-16,-0.964981814925935));
#12563=DIRECTION('center_axis',(-4.43805342523808E-15,1.,1.40416277448093E-15));
#12564=DIRECTION('ref_axis',(-0.262316787229199,1.90815626510052E-16,-0.964981814925935));
#12565=DIRECTION('',(-0.131158393614528,-0.866025403784588,-0.482490907462719));
#12566=DIRECTION('center_axis',(4.43805342523808E-15,-1.,-1.40416277448093E-15));
#12567=DIRECTION('ref_axis',(-0.262316787229199,1.90815626510052E-16,-0.964981814925935));
#12568=DIRECTION('center_axis',(4.43805342523808E-15,-1.,-1.40416277448093E-15));
#12569=DIRECTION('ref_axis',(-0.262316787229199,1.90815626510052E-16,-0.964981814925935));
#12570=DIRECTION('center_axis',(4.43805342523808E-15,-1.,-1.40416277448093E-15));
#12571=DIRECTION('ref_axis',(-0.262316787229199,1.90815626510052E-16,-0.964981814925935));
#12572=DIRECTION('center_axis',(4.43805342523808E-15,-1.,-1.40416277448093E-15));
#12573=DIRECTION('ref_axis',(-0.262316787229199,1.90815626510052E-16,-0.964981814925935));
#12574=DIRECTION('center_axis',(1.68597149612776E-32,-1.,4.14027865130494E-16));
#12575=DIRECTION('ref_axis',(-4.07212083562518E-17,-4.14027865130494E-16,
-1.));
#12576=DIRECTION('center_axis',(1.68597149612776E-32,-1.,4.14027865130494E-16));
#12577=DIRECTION('ref_axis',(-4.07212083562518E-17,-4.14027865130494E-16,
-1.));
#12578=DIRECTION('',(1.68597149612776E-32,-1.,4.14027865130494E-16));
#12579=DIRECTION('center_axis',(1.68597149612776E-32,-1.,4.14027865130494E-16));
#12580=DIRECTION('ref_axis',(-4.07212083562518E-17,-4.14027865130494E-16,
-1.));
#12581=DIRECTION('center_axis',(1.68597149612776E-32,-1.,4.14027865130494E-16));
#12582=DIRECTION('ref_axis',(-4.07212083562518E-17,-4.14027865130494E-16,
-1.));
#12583=DIRECTION('center_axis',(1.68597149612776E-32,-1.,4.14027865130494E-16));
#12584=DIRECTION('ref_axis',(-4.07212083562518E-17,-4.14027865130494E-16,
-1.));
#12585=DIRECTION('',(1.68597149612776E-32,-1.,4.14027865130494E-16));
#12586=DIRECTION('center_axis',(1.68597149612776E-32,-1.,4.14027865130494E-16));
#12587=DIRECTION('ref_axis',(-4.07212083562518E-17,-4.14027865130494E-16,
-1.));
#12588=DIRECTION('center_axis',(1.68597149612776E-32,-1.,4.14027865130494E-16));
#12589=DIRECTION('ref_axis',(-4.07212083562518E-17,-4.14027865130494E-16,
-1.));
#12590=DIRECTION('center_axis',(1.68597149612776E-32,-1.,4.14027865130494E-16));
#12591=DIRECTION('ref_axis',(-4.07212083562518E-17,-4.14027865130494E-16,
-1.));
#12592=DIRECTION('',(1.68597149612776E-32,-1.,4.14027865130494E-16));
#12593=DIRECTION('center_axis',(1.68597149612776E-32,-1.,4.14027865130494E-16));
#12594=DIRECTION('ref_axis',(-4.07212083562518E-17,-4.14027865130494E-16,
-1.));
#12595=DIRECTION('center_axis',(1.68597149612776E-32,-1.,4.14027865130494E-16));
#12596=DIRECTION('ref_axis',(-4.07212083562518E-17,-4.14027865130494E-16,
-1.));
#12597=DIRECTION('center_axis',(1.68597149612776E-32,-1.,4.14027865130494E-16));
#12598=DIRECTION('ref_axis',(-4.07212083562518E-17,-4.14027865130494E-16,
-1.));
#12599=DIRECTION('',(1.68597149612776E-32,-1.,4.14027865130494E-16));
#12600=DIRECTION('center_axis',(1.68597149612776E-32,-1.,4.14027865130494E-16));
#12601=DIRECTION('ref_axis',(-4.07212083562518E-17,-4.14027865130494E-16,
-1.));
#12602=DIRECTION('center_axis',(-1.68597149612776E-32,1.,-4.14027865130494E-16));
#12603=DIRECTION('ref_axis',(4.07212083562518E-17,4.14027865130494E-16,
1.));
#12604=DIRECTION('center_axis',(1.68597149612776E-32,-1.,4.14027865130494E-16));
#12605=DIRECTION('ref_axis',(-4.07212083562518E-17,-4.14027865130494E-16,
-1.));
#12606=DIRECTION('',(-1.68597149612776E-32,1.,-4.14027865130494E-16));
#12607=DIRECTION('center_axis',(1.68597149612776E-32,-1.,4.14027865130494E-16));
#12608=DIRECTION('ref_axis',(-4.07212083562518E-17,-4.14027865130494E-16,
-1.));
#12609=DIRECTION('',(-1.68597149612776E-32,1.,-4.14027865130494E-16));
#12610=DIRECTION('center_axis',(-1.68597149612776E-32,1.,-4.14027865130494E-16));
#12611=DIRECTION('ref_axis',(4.07212083562518E-17,4.14027865130494E-16,
1.));
#12612=DIRECTION('center_axis',(-1.68597149612776E-32,1.,-4.14027865130494E-16));
#12613=DIRECTION('ref_axis',(-4.07212083562518E-17,-4.14027865130494E-16,
-1.));
#12614=DIRECTION('',(-1.68597149612776E-32,1.,-4.14027865130494E-16));
#12615=DIRECTION('center_axis',(-1.68597149612776E-32,1.,-4.14027865130494E-16));
#12616=DIRECTION('ref_axis',(-4.07212083562518E-17,-4.14027865130494E-16,
-1.));
#12617=DIRECTION('',(-1.68597149612776E-32,1.,-4.14027865130494E-16));
#12618=DIRECTION('center_axis',(-1.68597149612776E-32,1.,-4.14027865130494E-16));
#12619=DIRECTION('ref_axis',(4.07212083562518E-17,4.14027865130493E-16,
1.));
#12620=DIRECTION('center_axis',(1.68597149612776E-32,-1.,4.14027865130494E-16));
#12621=DIRECTION('ref_axis',(-4.07212083562518E-17,-4.14027865130493E-16,
-1.));
#12622=DIRECTION('',(-1.68597149612776E-32,1.,-4.14027865130494E-16));
#12623=DIRECTION('center_axis',(1.68597149612776E-32,-1.,4.14027865130494E-16));
#12624=DIRECTION('ref_axis',(-4.07212083562518E-17,-4.14027865130493E-16,
-1.));
#12625=DIRECTION('',(-1.68597149612776E-32,1.,-4.14027865130494E-16));
#12626=DIRECTION('center_axis',(0.993544530230488,4.69684758772977E-17,
0.113442789321666));
#12627=DIRECTION('ref_axis',(-0.113442789321666,4.11355120763408E-16,0.993544530230487));
#12628=DIRECTION('',(0.113442789321666,-4.11355120763408E-16,-0.993544530230487));
#12629=DIRECTION('',(-1.68597149612776E-32,1.,-4.14027865130494E-16));
#12630=DIRECTION('',(0.113442789321666,-4.11355120763408E-16,-0.993544530230487));
#12631=DIRECTION('center_axis',(-1.68597149612776E-32,1.,-4.14027865130494E-16));
#12632=DIRECTION('ref_axis',(4.07212083562518E-17,4.14027865130494E-16,
1.));
#12633=DIRECTION('center_axis',(1.68597149612776E-32,-1.,4.14027865130494E-16));
#12634=DIRECTION('ref_axis',(-4.07212083562518E-17,-4.14027865130494E-16,
-1.));
#12635=DIRECTION('',(-1.68597149612776E-32,1.,-4.14027865130494E-16));
#12636=DIRECTION('center_axis',(1.68597149612776E-32,-1.,4.14027865130494E-16));
#12637=DIRECTION('ref_axis',(-4.07212083562518E-17,-4.14027865130494E-16,
-1.));
#12638=DIRECTION('center_axis',(-1.68597149612776E-32,1.,-4.14027865130494E-16));
#12639=DIRECTION('ref_axis',(4.07212083562518E-17,4.14027865130494E-16,
1.));
#12640=DIRECTION('center_axis',(-1.68597149612776E-32,1.,-4.14027865130494E-16));
#12641=DIRECTION('ref_axis',(-5.31428057532573E-15,-4.14027865130494E-16,
-1.));
#12642=DIRECTION('',(-1.68597149612776E-32,1.,-4.14027865130494E-16));
#12643=DIRECTION('center_axis',(-1.68597149612776E-32,1.,-4.14027865130494E-16));
#12644=DIRECTION('ref_axis',(-5.31428057532573E-15,-4.14027865130494E-16,
-1.));
#12645=DIRECTION('center_axis',(-1.68597149612776E-32,1.,-4.14027865130494E-16));
#12646=DIRECTION('ref_axis',(4.07212083562518E-17,4.14027865130494E-16,
1.));
#12647=DIRECTION('center_axis',(-1.68597149612776E-32,1.,-4.14027865130494E-16));
#12648=DIRECTION('ref_axis',(-4.07212083562518E-17,-4.14027865130494E-16,
-1.));
#12649=DIRECTION('',(-1.68597149612776E-32,1.,-4.14027865130494E-16));
#12650=DIRECTION('center_axis',(-1.68597149612776E-32,1.,-4.14027865130494E-16));
#12651=DIRECTION('ref_axis',(-4.07212083562518E-17,-4.14027865130494E-16,
-1.));
#12652=DIRECTION('center_axis',(-1.,1.31697250196728E-31,3.58809098781754E-16));
#12653=DIRECTION('ref_axis',(-3.58809098781754E-16,-4.14027865130494E-16,
-1.));
#12654=DIRECTION('',(3.58809098781754E-16,4.14027865130494E-16,1.));
#12655=DIRECTION('',(-1.68597149612776E-32,1.,-4.14027865130494E-16));
#12656=DIRECTION('',(3.58809098781754E-16,4.14027865130494E-16,1.));
#12657=DIRECTION('center_axis',(-1.68597149612776E-32,1.,-4.14027865130494E-16));
#12658=DIRECTION('ref_axis',(-0.26111648393357,-3.99664120267512E-16,-0.965307299163417));
#12659=DIRECTION('center_axis',(-1.68597149612776E-32,1.,-4.14027865130494E-16));
#12660=DIRECTION('ref_axis',(1.03676196475046E-14,-4.14027865130494E-16,
-1.));
#12661=DIRECTION('center_axis',(-1.68597149612776E-32,1.,-4.14027865130494E-16));
#12662=DIRECTION('ref_axis',(1.03676196475046E-14,-4.14027865130494E-16,
-1.));
#12663=DIRECTION('center_axis',(-1.68597149612776E-32,1.,-4.14027865130494E-16));
#12664=DIRECTION('ref_axis',(0.26111648393357,-3.99664120267512E-16,-0.965307299163416));
#12665=DIRECTION('center_axis',(1.68597149612776E-32,-1.,4.14027865130494E-16));
#12666=DIRECTION('ref_axis',(-4.07212083562518E-17,-4.14027865130494E-16,
-1.));
#12667=DIRECTION('',(-1.68597149612776E-32,1.,-4.14027865130494E-16));
#12668=DIRECTION('center_axis',(1.68597149612776E-32,-1.,4.14027865130494E-16));
#12669=DIRECTION('ref_axis',(-4.07212083562518E-17,-4.14027865130494E-16,
-1.));
#12670=DIRECTION('center_axis',(1.,1.68597149612822E-32,1.12289419477553E-29));
#12671=DIRECTION('ref_axis',(-1.12320234356664E-29,4.14027865130494E-16,
1.));
#12672=DIRECTION('',(1.1225490681295E-29,-4.14027865130494E-16,-1.));
#12673=DIRECTION('',(-1.68597149612776E-32,1.,-4.14027865130494E-16));
#12674=DIRECTION('',(1.1225490681295E-29,-4.14027865130494E-16,-1.));
#12675=DIRECTION('center_axis',(-1.68597149612776E-32,1.,-4.14027865130494E-16));
#12676=DIRECTION('ref_axis',(4.07212083562518E-17,4.14027865130493E-16,
1.));
#12677=DIRECTION('center_axis',(-1.68597149612776E-32,1.,-4.14027865130494E-16));
#12678=DIRECTION('ref_axis',(-5.41836398388435E-15,-4.14027865130493E-16,
-1.));
#12679=DIRECTION('',(-1.68597149612776E-32,1.,-4.14027865130494E-16));
#12680=DIRECTION('center_axis',(-1.68597149612776E-32,1.,-4.14027865130494E-16));
#12681=DIRECTION('ref_axis',(-5.41836398388435E-15,-4.14027865130493E-16,
-1.));
#12682=DIRECTION('center_axis',(0.731975788334031,2.82089871630646E-16,
0.681330643148225));
#12683=DIRECTION('ref_axis',(-0.681330643148226,3.03058372971149E-16,0.731975788334031));
#12684=DIRECTION('',(0.681330643148225,-3.03058372971149E-16,-0.731975788334031));
#12685=DIRECTION('',(-1.68597149612776E-32,1.,-4.14027865130494E-16));
#12686=DIRECTION('',(0.681330643148225,-3.03058372971149E-16,-0.731975788334031));
#12687=DIRECTION('center_axis',(-1.68597149612776E-32,1.,-4.14027865130494E-16));
#12688=DIRECTION('ref_axis',(4.07212083562518E-17,4.14027865130494E-16,
1.));
#12689=DIRECTION('center_axis',(1.68597149612776E-32,-1.,4.14027865130494E-16));
#12690=DIRECTION('ref_axis',(-4.07212083562518E-17,-4.14027865130494E-16,
-1.));
#12691=DIRECTION('',(-1.68597149612776E-32,1.,-4.14027865130494E-16));
#12692=DIRECTION('center_axis',(1.68597149612776E-32,-1.,4.14027865130494E-16));
#12693=DIRECTION('ref_axis',(-4.07212083562518E-17,-4.14027865130494E-16,
-1.));
#12694=DIRECTION('center_axis',(0.910879379587837,-1.70857996234394E-16,
-0.412672698202435));
#12695=DIRECTION('ref_axis',(0.412672698202435,3.7712944492214E-16,0.910879379587837));
#12696=DIRECTION('',(-0.412672698202435,-3.7712944492214E-16,-0.910879379587837));
#12697=DIRECTION('',(-0.412672698202435,-3.7712944492214E-16,-0.910879379587837));
#12698=DIRECTION('center_axis',(-1.68597149612776E-32,1.,-4.14027865130494E-16));
#12699=DIRECTION('ref_axis',(4.07212083562518E-17,4.14027865130494E-16,
1.));
#12700=DIRECTION('center_axis',(1.68597149612776E-32,-1.,4.14027865130494E-16));
#12701=DIRECTION('ref_axis',(-4.07212083562518E-17,-4.14027865130494E-16,
-1.));
#12702=DIRECTION('',(-1.68597149612776E-32,1.,-4.14027865130494E-16));
#12703=DIRECTION('center_axis',(1.68597149612776E-32,-1.,4.14027865130494E-16));
#12704=DIRECTION('ref_axis',(-4.07212083562518E-17,-4.14027865130494E-16,
-1.));
#12705=DIRECTION('center_axis',(0.376529972230754,-3.83557251101574E-16,
-0.926404436524301));
#12706=DIRECTION('ref_axis',(0.926404436524301,1.55893900560343E-16,0.376529972230754));
#12707=DIRECTION('',(-0.926404436524301,-1.55893900560343E-16,-0.376529972230753));
#12708=DIRECTION('',(-1.68597149612776E-32,1.,-4.14027865130494E-16));
#12709=DIRECTION('',(-0.926404436524301,-1.55893900560343E-16,-0.376529972230753));
#12710=DIRECTION('center_axis',(-1.68597149612776E-32,1.,-4.14027865130494E-16));
#12711=DIRECTION('ref_axis',(-0.128976454650088,-4.10569762078798E-16,-0.991647656249887));
#12712=DIRECTION('center_axis',(-1.68597149612776E-32,1.,-4.14027865130494E-16));
#12713=DIRECTION('ref_axis',(-4.07212083562518E-17,-4.14027865130494E-16,
-1.));
#12714=DIRECTION('center_axis',(-1.68597149612776E-32,1.,-4.14027865130494E-16));
#12715=DIRECTION('ref_axis',(-4.07212083562518E-17,-4.14027865130494E-16,
-1.));
#12716=DIRECTION('center_axis',(1.68597149612776E-32,-1.,4.14027865130494E-16));
#12717=DIRECTION('ref_axis',(-4.07212083562518E-17,-4.14027865130494E-16,
-1.));
#12718=DIRECTION('center_axis',(1.68597149612776E-32,-1.,4.14027865130494E-16));
#12719=DIRECTION('ref_axis',(-4.07212083562518E-17,-4.14027865130494E-16,
-1.));
#12720=DIRECTION('center_axis',(-4.53212887989105E-16,-1.,6.44113547547858E-16));
#12721=DIRECTION('ref_axis',(5.14390303956328E-16,-6.44113547547858E-16,
-1.));
#12722=DIRECTION('center_axis',(-4.53212887989105E-16,-1.,6.44113547547858E-16));
#12723=DIRECTION('ref_axis',(5.14390303956328E-16,-6.44113547547858E-16,
-1.));
#12724=DIRECTION('',(-4.53212887989105E-16,-1.,6.44113547547858E-16));
#12725=DIRECTION('center_axis',(-4.53212887989105E-16,-1.,6.44113547547858E-16));
#12726=DIRECTION('ref_axis',(5.14390303956328E-16,-6.44113547547858E-16,
-1.));
#12727=DIRECTION('center_axis',(-4.53212887989105E-16,-1.,6.44113547547858E-16));
#12728=DIRECTION('ref_axis',(5.14390303956328E-16,-6.44113547547858E-16,
-1.));
#12729=DIRECTION('center_axis',(-4.53212887989105E-16,-1.,6.44113547547858E-16));
#12730=DIRECTION('ref_axis',(5.14390303956328E-16,-6.44113547547858E-16,
-1.));
#12731=DIRECTION('',(-4.53212887989105E-16,-1.,6.44113547547858E-16));
#12732=DIRECTION('center_axis',(-4.53212887989105E-16,-1.,6.44113547547858E-16));
#12733=DIRECTION('ref_axis',(5.14390303956328E-16,-6.44113547547858E-16,
-1.));
#12734=DIRECTION('center_axis',(-4.53212887989105E-16,-1.,6.44113547547858E-16));
#12735=DIRECTION('ref_axis',(5.14390303956328E-16,-6.44113547547858E-16,
-1.));
#12736=DIRECTION('center_axis',(-4.53212887989105E-16,-1.,6.44113547547858E-16));
#12737=DIRECTION('ref_axis',(5.14390303956328E-16,-6.44113547547858E-16,
-1.));
#12738=DIRECTION('',(-4.53212887989105E-16,-1.,6.44113547547858E-16));
#12739=DIRECTION('center_axis',(-4.53212887989105E-16,-1.,6.44113547547858E-16));
#12740=DIRECTION('ref_axis',(5.14390303956328E-16,-6.44113547547858E-16,
-1.));
#12741=DIRECTION('center_axis',(-4.53212887989105E-16,-1.,6.44113547547858E-16));
#12742=DIRECTION('ref_axis',(5.14390303956328E-16,-6.44113547547858E-16,
-1.));
#12743=DIRECTION('center_axis',(-4.53212887989105E-16,-1.,6.44113547547858E-16));
#12744=DIRECTION('ref_axis',(5.14390303956328E-16,-6.44113547547858E-16,
-1.));
#12745=DIRECTION('',(-4.53212887989105E-16,-1.,6.44113547547858E-16));
#12746=DIRECTION('center_axis',(-4.53212887989105E-16,-1.,6.44113547547858E-16));
#12747=DIRECTION('ref_axis',(5.14390303956328E-16,-6.44113547547858E-16,
-1.));
#12748=DIRECTION('center_axis',(-4.53212887989105E-16,-1.,6.44113547547858E-16));
#12749=DIRECTION('ref_axis',(5.14390303956328E-16,-6.44113547547858E-16,
-1.));
#12750=DIRECTION('center_axis',(-4.53212887989105E-16,-1.,6.44113547547858E-16));
#12751=DIRECTION('ref_axis',(5.14390303956328E-16,-6.44113547547858E-16,
-1.));
#12752=DIRECTION('',(-4.53212887989105E-16,-1.,6.44113547547858E-16));
#12753=DIRECTION('center_axis',(-4.53212887989105E-16,-1.,6.44113547547858E-16));
#12754=DIRECTION('ref_axis',(5.14390303956328E-16,-6.44113547547858E-16,
-1.));
#12755=DIRECTION('center_axis',(-4.53212887989105E-16,-1.,6.44113547547858E-16));
#12756=DIRECTION('ref_axis',(5.14390303956328E-16,-6.44113547547858E-16,
-1.));
#12757=DIRECTION('center_axis',(-4.53212887989105E-16,-1.,6.44113547547858E-16));
#12758=DIRECTION('ref_axis',(5.14390303956328E-16,-6.44113547547858E-16,
-1.));
#12759=DIRECTION('',(-4.53212887989105E-16,-1.,6.44113547547858E-16));
#12760=DIRECTION('center_axis',(-4.53212887989105E-16,-1.,6.44113547547858E-16));
#12761=DIRECTION('ref_axis',(5.14390303956328E-16,-6.44113547547858E-16,
-1.));
#12762=DIRECTION('center_axis',(-4.53212887989105E-16,-1.,6.44113547547858E-16));
#12763=DIRECTION('ref_axis',(5.14390303956328E-16,-6.44113547547858E-16,
-1.));
#12764=DIRECTION('center_axis',(-4.53212887989105E-16,-1.,6.44113547547858E-16));
#12765=DIRECTION('ref_axis',(5.14390303956328E-16,-6.44113547547858E-16,
-1.));
#12766=DIRECTION('',(-4.53212887989105E-16,-1.,6.44113547547858E-16));
#12767=DIRECTION('center_axis',(-4.53212887989105E-16,-1.,6.44113547547858E-16));
#12768=DIRECTION('ref_axis',(5.14390303956328E-16,-6.44113547547858E-16,
-1.));
#12769=DIRECTION('center_axis',(-4.53212887989105E-16,-1.,6.44113547547858E-16));
#12770=DIRECTION('ref_axis',(5.14390303956328E-16,-6.44113547547858E-16,
-1.));
#12771=DIRECTION('center_axis',(-4.53212887989105E-16,-1.,6.44113547547858E-16));
#12772=DIRECTION('ref_axis',(5.14390303956328E-16,-6.44113547547858E-16,
-1.));
#12773=DIRECTION('',(-4.53212887989105E-16,-1.,6.44113547547858E-16));
#12774=DIRECTION('center_axis',(-4.53212887989105E-16,-1.,6.44113547547858E-16));
#12775=DIRECTION('ref_axis',(5.14390303956328E-16,-6.44113547547858E-16,
-1.));
#12776=DIRECTION('center_axis',(-4.53212887989105E-16,-1.,6.44113547547858E-16));
#12777=DIRECTION('ref_axis',(5.14390303956328E-16,-6.44113547547858E-16,
-1.));
#12778=DIRECTION('center_axis',(-4.53212887989105E-16,-1.,6.44113547547858E-16));
#12779=DIRECTION('ref_axis',(5.14390303956328E-16,-6.44113547547858E-16,
-1.));
#12780=DIRECTION('',(-4.53212887989105E-16,-1.,6.44113547547858E-16));
#12781=DIRECTION('center_axis',(-4.53212887989105E-16,-1.,6.44113547547858E-16));
#12782=DIRECTION('ref_axis',(5.14390303956328E-16,-6.44113547547858E-16,
-1.));
#12783=DIRECTION('center_axis',(-4.53212887989105E-16,-1.,6.44113547547858E-16));
#12784=DIRECTION('ref_axis',(5.14390303956328E-16,-6.44113547547858E-16,
-1.));
#12785=DIRECTION('center_axis',(-4.53212887989105E-16,-1.,6.44113547547858E-16));
#12786=DIRECTION('ref_axis',(5.14390303956328E-16,-6.44113547547858E-16,
-1.));
#12787=DIRECTION('',(-4.53212887989105E-16,-1.,6.44113547547858E-16));
#12788=DIRECTION('center_axis',(-4.53212887989105E-16,-1.,6.44113547547858E-16));
#12789=DIRECTION('ref_axis',(5.14390303956328E-16,-6.44113547547858E-16,
-1.));
#12790=DIRECTION('center_axis',(-4.53212887989105E-16,-1.,6.44113547547858E-16));
#12791=DIRECTION('ref_axis',(5.14390303956328E-16,-6.44113547547858E-16,
-1.));
#12792=DIRECTION('center_axis',(-4.53212887989105E-16,-1.,6.44113547547858E-16));
#12793=DIRECTION('ref_axis',(5.14390303956328E-16,-6.44113547547858E-16,
-1.));
#12794=DIRECTION('',(-4.53212887989105E-16,-1.,6.44113547547858E-16));
#12795=DIRECTION('center_axis',(-4.53212887989105E-16,-1.,6.44113547547858E-16));
#12796=DIRECTION('ref_axis',(5.14390303956328E-16,-6.44113547547858E-16,
-1.));
#12797=DIRECTION('center_axis',(-4.53212887989105E-16,-1.,6.44113547547858E-16));
#12798=DIRECTION('ref_axis',(5.14390303956328E-16,-6.44113547547858E-16,
-1.));
#12799=DIRECTION('center_axis',(-4.53212887989105E-16,-1.,6.44113547547858E-16));
#12800=DIRECTION('ref_axis',(5.14390303956328E-16,-6.44113547547858E-16,
-1.));
#12801=DIRECTION('',(-4.53212887989105E-16,-1.,6.44113547547858E-16));
#12802=DIRECTION('center_axis',(-4.53212887989105E-16,-1.,6.44113547547858E-16));
#12803=DIRECTION('ref_axis',(5.14390303956328E-16,-6.44113547547858E-16,
-1.));
#12804=DIRECTION('center_axis',(4.53212887989105E-16,1.,-6.44113547547858E-16));
#12805=DIRECTION('ref_axis',(-5.14390303956328E-16,6.44113547547858E-16,
1.));
#12806=DIRECTION('center_axis',(-4.53212887989105E-16,-1.,6.44113547547858E-16));
#12807=DIRECTION('ref_axis',(5.14390303956328E-16,-6.44113547547858E-16,
-1.));
#12808=DIRECTION('',(4.53212887989105E-16,1.,-6.44113547547858E-16));
#12809=DIRECTION('center_axis',(-4.53212887989105E-16,-1.,6.44113547547858E-16));
#12810=DIRECTION('ref_axis',(5.14390303956328E-16,-6.44113547547858E-16,
-1.));
#12811=DIRECTION('',(4.53212887989105E-16,1.,-6.44113547547858E-16));
#12812=DIRECTION('center_axis',(4.53212887989105E-16,1.,-6.44113547547858E-16));
#12813=DIRECTION('ref_axis',(-5.14390303956328E-16,6.44113547547858E-16,
1.));
#12814=DIRECTION('center_axis',(4.53212887989105E-16,1.,-6.44113547547858E-16));
#12815=DIRECTION('ref_axis',(-5.14390303956328E-16,6.44113547547858E-16,
1.));
#12816=DIRECTION('',(-4.53212887989105E-16,-1.,6.44113547547858E-16));
#12817=DIRECTION('center_axis',(4.53212887989105E-16,1.,-6.44113547547858E-16));
#12818=DIRECTION('ref_axis',(-5.14390303956328E-16,6.44113547547858E-16,
1.));
#12819=DIRECTION('center_axis',(4.53212887989105E-16,1.,-6.44113547547858E-16));
#12820=DIRECTION('ref_axis',(-5.14390303956328E-16,6.44113547547858E-16,
1.));
#12821=DIRECTION('center_axis',(4.53212887989105E-16,1.,-6.44113547547858E-16));
#12822=DIRECTION('ref_axis',(-5.14390303956328E-16,6.44113547547858E-16,
1.));
#12823=DIRECTION('',(4.53212887989105E-16,1.,-6.44113547547858E-16));
#12824=DIRECTION('center_axis',(4.53212887989105E-16,1.,-6.44113547547858E-16));
#12825=DIRECTION('ref_axis',(-5.14390303956328E-16,6.44113547547858E-16,
1.));
#12826=DIRECTION('',(4.53212887989105E-16,1.,-6.44113547547858E-16));
#12827=DIRECTION('center_axis',(1.,-4.53212887989105E-16,1.96302413530826E-16));
#12828=DIRECTION('ref_axis',(-1.96302413530826E-16,6.44113547547858E-16,
1.));
#12829=DIRECTION('',(1.96302413530826E-16,-6.44113547547858E-16,-1.));
#12830=DIRECTION('',(4.53212887989105E-16,1.,-6.44113547547858E-16));
#12831=DIRECTION('',(1.96302413530826E-16,-6.44113547547858E-16,-1.));
#12832=DIRECTION('center_axis',(4.53212887989105E-16,1.,-6.44113547547858E-16));
#12833=DIRECTION('ref_axis',(-2.51323435829062E-16,-6.44113547547858E-16,
-1.));
#12834=DIRECTION('center_axis',(-4.53212887989105E-16,-1.,6.44113547547858E-16));
#12835=DIRECTION('ref_axis',(-5.14390303956328E-16,6.44113547547858E-16,
1.));
#12836=DIRECTION('',(4.53212887989105E-16,1.,-6.44113547547858E-16));
#12837=DIRECTION('center_axis',(-4.53212887989105E-16,-1.,6.44113547547858E-16));
#12838=DIRECTION('ref_axis',(-5.14390303956328E-16,6.44113547547858E-16,
1.));
#12839=DIRECTION('center_axis',(-1.,4.53212887989105E-16,-5.55111512312591E-16));
#12840=DIRECTION('ref_axis',(5.55111512312591E-16,-6.44113547547858E-16,
-1.));
#12841=DIRECTION('',(-5.55111512312591E-16,6.44113547547858E-16,1.));
#12842=DIRECTION('',(4.53212887989105E-16,1.,-6.44113547547858E-16));
#12843=DIRECTION('',(-5.55111512312591E-16,6.44113547547858E-16,1.));
#12844=DIRECTION('center_axis',(4.53212887989105E-16,1.,-6.44113547547858E-16));
#12845=DIRECTION('ref_axis',(-5.14390303956328E-16,6.44113547547858E-16,
1.));
#12846=DIRECTION('center_axis',(-4.53212887989105E-16,-1.,6.44113547547858E-16));
#12847=DIRECTION('ref_axis',(5.14390303956328E-16,-6.44113547547858E-16,
-1.));
#12848=DIRECTION('',(4.53212887989105E-16,1.,-6.44113547547858E-16));
#12849=DIRECTION('center_axis',(-4.53212887989105E-16,-1.,6.44113547547858E-16));
#12850=DIRECTION('ref_axis',(5.14390303956328E-16,-6.44113547547858E-16,
-1.));
#12851=DIRECTION('center_axis',(-0.926404436524301,1.77330373951451E-16,
-0.376529972230753));
#12852=DIRECTION('ref_axis',(0.376529972230753,-7.67357884202899E-16,-0.926404436524301));
#12853=DIRECTION('',(-0.376529972230753,7.67357884202899E-16,0.926404436524301));
#12854=DIRECTION('',(-0.376529972230753,7.67357884202899E-16,0.926404436524301));
#12855=DIRECTION('center_axis',(-4.53212887989105E-16,-1.,6.44113547547858E-16));
#12856=DIRECTION('ref_axis',(5.14390303956328E-16,-6.44113547547858E-16,
-1.));
#12857=DIRECTION('center_axis',(4.53212887989105E-16,1.,-6.44113547547858E-16));
#12858=DIRECTION('ref_axis',(4.67772664630066E-15,-6.4411354754786E-16,
-1.));
#12859=DIRECTION('',(0.113203803756994,-6.91278472237694E-16,-0.993571788455644));
#12860=DIRECTION('center_axis',(-4.53212887989105E-16,-1.,6.44113547547858E-16));
#12861=DIRECTION('ref_axis',(5.14390303956328E-16,-6.44113547547858E-16,
-1.));
#12862=DIRECTION('center_axis',(4.53212887989105E-16,1.,-6.44113547547858E-16));
#12863=DIRECTION('ref_axis',(-5.14390303956328E-16,6.44113547547858E-16,
1.));
#12864=DIRECTION('center_axis',(-4.53212887989105E-16,-1.,6.44113547547858E-16));
#12865=DIRECTION('ref_axis',(5.14390303956328E-16,-6.44113547547858E-16,
-1.));
#12866=DIRECTION('center_axis',(4.53212887989105E-16,1.,-6.44113547547858E-16));
#12867=DIRECTION('ref_axis',(-5.14390303956328E-16,6.44113547547858E-16,
1.));
#12868=DIRECTION('center_axis',(-4.53212887989105E-16,-1.,6.44113547547858E-16));
#12869=DIRECTION('ref_axis',(5.14390303956328E-16,-6.44113547547858E-16,
-1.));
#12870=DIRECTION('',(0.113203803756994,-6.91278472237694E-16,-0.993571788455644));
#12871=DIRECTION('center_axis',(-4.53212887989105E-16,-1.,6.44113547547858E-16));
#12872=DIRECTION('ref_axis',(5.14390303956328E-16,-6.44113547547858E-16,
-1.));
#12873=DIRECTION('center_axis',(0.993571788455645,-3.77383436036654E-16,
0.113203803756994));
#12874=DIRECTION('ref_axis',(-0.113203803756994,6.91278472237694E-16,0.993571788455645));
#12875=DIRECTION('',(4.53212887989105E-16,1.,-6.44113547547858E-16));
#12876=DIRECTION('',(4.53212887989105E-16,1.,-6.44113547547858E-16));
#12877=DIRECTION('center_axis',(4.53212887989105E-16,1.,-6.44113547547858E-16));
#12878=DIRECTION('ref_axis',(-5.14390303956328E-16,6.44113547547858E-16,
1.));
#12879=DIRECTION('',(4.53212887989105E-16,1.,-6.44113547547858E-16));
#12880=DIRECTION('center_axis',(4.53212887989105E-16,1.,-6.44113547547858E-16));
#12881=DIRECTION('ref_axis',(-5.14390303956328E-16,6.44113547547858E-16,
1.));
#12882=DIRECTION('center_axis',(4.53212887989105E-16,1.,-6.44113547547858E-16));
#12883=DIRECTION('ref_axis',(-5.14390303956328E-16,6.44113547547858E-16,
1.));
#12884=DIRECTION('center_axis',(-1.93579663398243E-15,-1.,5.9756483121184E-16));
#12885=DIRECTION('ref_axis',(1.01399066503765E-15,-5.97564831211842E-16,
-1.));
#12886=DIRECTION('center_axis',(-1.93579663398243E-15,-1.,5.9756483121184E-16));
#12887=DIRECTION('ref_axis',(1.01399066503765E-15,-5.97564831211842E-16,
-1.));
#12888=DIRECTION('',(-1.93579663398243E-15,-1.,5.9756483121184E-16));
#12889=DIRECTION('center_axis',(-1.93579663398243E-15,-1.,5.9756483121184E-16));
#12890=DIRECTION('ref_axis',(1.01399066503765E-15,-5.97564831211842E-16,
-1.));
#12891=DIRECTION('center_axis',(-1.93579663398243E-15,-1.,5.9756483121184E-16));
#12892=DIRECTION('ref_axis',(1.01399066503765E-15,-5.97564831211842E-16,
-1.));
#12893=DIRECTION('center_axis',(-1.93579663398243E-15,-1.,5.9756483121184E-16));
#12894=DIRECTION('ref_axis',(1.01399066503765E-15,-5.97564831211842E-16,
-1.));
#12895=DIRECTION('',(-1.93579663398243E-15,-1.,5.9756483121184E-16));
#12896=DIRECTION('center_axis',(-1.93579663398243E-15,-1.,5.9756483121184E-16));
#12897=DIRECTION('ref_axis',(1.01399066503765E-15,-5.97564831211842E-16,
-1.));
#12898=DIRECTION('center_axis',(-1.93579663398243E-15,-1.,5.9756483121184E-16));
#12899=DIRECTION('ref_axis',(1.01399066503765E-15,-5.97564831211842E-16,
-1.));
#12900=DIRECTION('center_axis',(-1.93579663398243E-15,-1.,5.9756483121184E-16));
#12901=DIRECTION('ref_axis',(1.01399066503765E-15,-5.97564831211842E-16,
-1.));
#12902=DIRECTION('',(-1.93579663398243E-15,-1.,5.9756483121184E-16));
#12903=DIRECTION('center_axis',(-1.93579663398243E-15,-1.,5.9756483121184E-16));
#12904=DIRECTION('ref_axis',(1.01399066503765E-15,-5.97564831211842E-16,
-1.));
#12905=DIRECTION('center_axis',(-1.93579663398243E-15,-1.,5.9756483121184E-16));
#12906=DIRECTION('ref_axis',(1.01399066503765E-15,-5.97564831211842E-16,
-1.));
#12907=DIRECTION('center_axis',(-1.93579663398243E-15,-1.,5.9756483121184E-16));
#12908=DIRECTION('ref_axis',(1.01399066503765E-15,-5.97564831211842E-16,
-1.));
#12909=DIRECTION('',(-1.93579663398243E-15,-1.,5.9756483121184E-16));
#12910=DIRECTION('center_axis',(-1.93579663398243E-15,-1.,5.9756483121184E-16));
#12911=DIRECTION('ref_axis',(1.01399066503765E-15,-5.97564831211842E-16,
-1.));
#12912=DIRECTION('center_axis',(-1.93579663398243E-15,-1.,5.9756483121184E-16));
#12913=DIRECTION('ref_axis',(1.01399066503765E-15,-5.97564831211842E-16,
-1.));
#12914=DIRECTION('center_axis',(-1.93579663398243E-15,-1.,5.9756483121184E-16));
#12915=DIRECTION('ref_axis',(1.01399066503765E-15,-5.97564831211842E-16,
-1.));
#12916=DIRECTION('',(-1.93579663398243E-15,-1.,5.9756483121184E-16));
#12917=DIRECTION('center_axis',(-1.93579663398243E-15,-1.,5.9756483121184E-16));
#12918=DIRECTION('ref_axis',(1.01399066503765E-15,-5.97564831211842E-16,
-1.));
#12919=DIRECTION('center_axis',(-1.93579663398243E-15,-1.,5.9756483121184E-16));
#12920=DIRECTION('ref_axis',(1.01399066503765E-15,-5.97564831211842E-16,
-1.));
#12921=DIRECTION('center_axis',(-1.93579663398243E-15,-1.,5.9756483121184E-16));
#12922=DIRECTION('ref_axis',(1.01399066503765E-15,-5.97564831211842E-16,
-1.));
#12923=DIRECTION('',(-1.93579663398243E-15,-1.,5.9756483121184E-16));
#12924=DIRECTION('center_axis',(-1.93579663398243E-15,-1.,5.9756483121184E-16));
#12925=DIRECTION('ref_axis',(1.01399066503765E-15,-5.97564831211842E-16,
-1.));
#12926=DIRECTION('center_axis',(-1.93579663398243E-15,-1.,5.9756483121184E-16));
#12927=DIRECTION('ref_axis',(1.01399066503765E-15,-5.97564831211842E-16,
-1.));
#12928=DIRECTION('center_axis',(-1.93579663398243E-15,-1.,5.9756483121184E-16));
#12929=DIRECTION('ref_axis',(1.01399066503765E-15,-5.97564831211842E-16,
-1.));
#12930=DIRECTION('',(-1.93579663398243E-15,-1.,5.9756483121184E-16));
#12931=DIRECTION('center_axis',(-1.93579663398243E-15,-1.,5.9756483121184E-16));
#12932=DIRECTION('ref_axis',(1.01399066503765E-15,-5.97564831211842E-16,
-1.));
#12933=DIRECTION('center_axis',(-1.93579663398243E-15,-1.,5.9756483121184E-16));
#12934=DIRECTION('ref_axis',(1.01399066503765E-15,-5.97564831211842E-16,
-1.));
#12935=DIRECTION('center_axis',(-1.93579663398243E-15,-1.,5.9756483121184E-16));
#12936=DIRECTION('ref_axis',(1.01399066503765E-15,-5.97564831211842E-16,
-1.));
#12937=DIRECTION('',(-1.93579663398243E-15,-1.,5.9756483121184E-16));
#12938=DIRECTION('center_axis',(-1.93579663398243E-15,-1.,5.9756483121184E-16));
#12939=DIRECTION('ref_axis',(1.01399066503765E-15,-5.97564831211842E-16,
-1.));
#12940=DIRECTION('center_axis',(-1.93579663398243E-15,-1.,5.9756483121184E-16));
#12941=DIRECTION('ref_axis',(1.01399066503765E-15,-5.97564831211842E-16,
-1.));
#12942=DIRECTION('center_axis',(-1.93579663398243E-15,-1.,5.9756483121184E-16));
#12943=DIRECTION('ref_axis',(1.01399066503765E-15,-5.97564831211842E-16,
-1.));
#12944=DIRECTION('',(-1.93579663398243E-15,-1.,5.9756483121184E-16));
#12945=DIRECTION('center_axis',(-1.93579663398243E-15,-1.,5.9756483121184E-16));
#12946=DIRECTION('ref_axis',(1.01399066503765E-15,-5.97564831211842E-16,
-1.));
#12947=DIRECTION('center_axis',(-1.93579663398243E-15,-1.,5.9756483121184E-16));
#12948=DIRECTION('ref_axis',(1.01399066503765E-15,-5.97564831211842E-16,
-1.));
#12949=DIRECTION('center_axis',(-1.93579663398243E-15,-1.,5.9756483121184E-16));
#12950=DIRECTION('ref_axis',(1.01399066503765E-15,-5.97564831211842E-16,
-1.));
#12951=DIRECTION('',(-1.93579663398243E-15,-1.,5.9756483121184E-16));
#12952=DIRECTION('center_axis',(-1.93579663398243E-15,-1.,5.9756483121184E-16));
#12953=DIRECTION('ref_axis',(1.01399066503765E-15,-5.97564831211842E-16,
-1.));
#12954=DIRECTION('center_axis',(-1.93579663398243E-15,-1.,5.9756483121184E-16));
#12955=DIRECTION('ref_axis',(1.01399066503765E-15,-5.97564831211842E-16,
-1.));
#12956=DIRECTION('center_axis',(-1.93579663398243E-15,-1.,5.9756483121184E-16));
#12957=DIRECTION('ref_axis',(1.01399066503765E-15,-5.97564831211842E-16,
-1.));
#12958=DIRECTION('',(-1.93579663398243E-15,-1.,5.9756483121184E-16));
#12959=DIRECTION('center_axis',(-1.93579663398243E-15,-1.,5.9756483121184E-16));
#12960=DIRECTION('ref_axis',(1.01399066503765E-15,-5.97564831211842E-16,
-1.));
#12961=DIRECTION('center_axis',(-1.93579663398243E-15,-1.,5.9756483121184E-16));
#12962=DIRECTION('ref_axis',(1.01399066503765E-15,-5.97564831211842E-16,
-1.));
#12963=DIRECTION('center_axis',(-1.93579663398243E-15,-1.,5.9756483121184E-16));
#12964=DIRECTION('ref_axis',(1.01399066503765E-15,-5.97564831211842E-16,
-1.));
#12965=DIRECTION('',(-1.93579663398243E-15,-1.,5.9756483121184E-16));
#12966=DIRECTION('center_axis',(-1.93579663398243E-15,-1.,5.9756483121184E-16));
#12967=DIRECTION('ref_axis',(1.01399066503765E-15,-5.97564831211842E-16,
-1.));
#12968=DIRECTION('center_axis',(1.93579663398243E-15,1.,-5.9756483121184E-16));
#12969=DIRECTION('ref_axis',(-1.01399066503765E-15,5.97564831211842E-16,
1.));
#12970=DIRECTION('center_axis',(-1.93579663398243E-15,-1.,5.9756483121184E-16));
#12971=DIRECTION('ref_axis',(1.01399066503765E-15,-5.97564831211842E-16,
-1.));
#12972=DIRECTION('',(1.93579663398243E-15,1.,-5.9756483121184E-16));
#12973=DIRECTION('center_axis',(-1.93579663398243E-15,-1.,5.9756483121184E-16));
#12974=DIRECTION('ref_axis',(1.01399066503765E-15,-5.97564831211842E-16,
-1.));
#12975=DIRECTION('',(1.93579663398243E-15,1.,-5.9756483121184E-16));
#12976=DIRECTION('center_axis',(1.93579663398243E-15,1.,-5.9756483121184E-16));
#12977=DIRECTION('ref_axis',(-1.01399066503765E-15,5.97564831211842E-16,
1.));
#12978=DIRECTION('center_axis',(1.93579663398243E-15,1.,-5.9756483121184E-16));
#12979=DIRECTION('ref_axis',(-1.01399066503765E-15,5.97564831211842E-16,
1.));
#12980=DIRECTION('',(-1.93579663398243E-15,-1.,5.9756483121184E-16));
#12981=DIRECTION('center_axis',(1.93579663398243E-15,1.,-5.9756483121184E-16));
#12982=DIRECTION('ref_axis',(-1.01399066503765E-15,5.97564831211842E-16,
1.));
#12983=DIRECTION('center_axis',(1.93579663398243E-15,1.,-5.9756483121184E-16));
#12984=DIRECTION('ref_axis',(-1.01399066503765E-15,5.97564831211842E-16,
1.));
#12985=DIRECTION('center_axis',(1.93579663398243E-15,1.,-5.9756483121184E-16));
#12986=DIRECTION('ref_axis',(-1.01399066503765E-15,5.97564831211842E-16,
1.));
#12987=DIRECTION('',(1.93579663398243E-15,1.,-5.9756483121184E-16));
#12988=DIRECTION('center_axis',(1.93579663398243E-15,1.,-5.9756483121184E-16));
#12989=DIRECTION('ref_axis',(-1.01399066503765E-15,5.97564831211842E-16,
1.));
#12990=DIRECTION('',(1.93579663398243E-15,1.,-5.9756483121184E-16));
#12991=DIRECTION('center_axis',(1.,-1.93579663398243E-15,6.95902774612147E-16));
#12992=DIRECTION('ref_axis',(-6.95902774612146E-16,5.97564831211841E-16,
1.));
#12993=DIRECTION('',(6.95902774612146E-16,-5.97564831211841E-16,-1.));
#12994=DIRECTION('',(1.93579663398243E-15,1.,-5.9756483121184E-16));
#12995=DIRECTION('',(6.95902774612146E-16,-5.97564831211841E-16,-1.));
#12996=DIRECTION('center_axis',(1.93579663398243E-15,1.,-5.9756483121184E-16));
#12997=DIRECTION('ref_axis',(2.48276925252258E-16,-5.9756483121184E-16,
-1.));
#12998=DIRECTION('center_axis',(-1.93579663398243E-15,-1.,5.9756483121184E-16));
#12999=DIRECTION('ref_axis',(-1.01399066503765E-15,5.97564831211842E-16,
1.));
#13000=DIRECTION('',(1.93579663398243E-15,1.,-5.9756483121184E-16));
#13001=DIRECTION('center_axis',(-1.93579663398243E-15,-1.,5.9756483121184E-16));
#13002=DIRECTION('ref_axis',(-1.01399066503765E-15,5.97564831211842E-16,
1.));
#13003=DIRECTION('center_axis',(-1.,1.93579663398243E-15,-1.05471187339391E-15));
#13004=DIRECTION('ref_axis',(1.05471187339391E-15,-5.97564831211842E-16,
-1.));
#13005=DIRECTION('',(-1.05471187339391E-15,5.97564831211842E-16,1.));
#13006=DIRECTION('',(1.93579663398243E-15,1.,-5.9756483121184E-16));
#13007=DIRECTION('',(-1.05471187339391E-15,5.97564831211842E-16,1.));
#13008=DIRECTION('center_axis',(1.93579663398243E-15,1.,-5.9756483121184E-16));
#13009=DIRECTION('ref_axis',(-1.01399066503765E-15,5.97564831211842E-16,
1.));
#13010=DIRECTION('center_axis',(-1.93579663398243E-15,-1.,5.9756483121184E-16));
#13011=DIRECTION('ref_axis',(1.01399066503765E-15,-5.97564831211841E-16,
-1.));
#13012=DIRECTION('',(1.93579663398243E-15,1.,-5.9756483121184E-16));
#13013=DIRECTION('center_axis',(-1.93579663398243E-15,-1.,5.9756483121184E-16));
#13014=DIRECTION('ref_axis',(1.01399066503765E-15,-5.97564831211841E-16,
-1.));
#13015=DIRECTION('center_axis',(-0.926404436524301,1.56832952062787E-15,
-0.376529972230754));
#13016=DIRECTION('ref_axis',(0.376529972230754,-1.28247216358334E-15,-0.926404436524301));
#13017=DIRECTION('',(-0.376529972230754,1.28247216358334E-15,0.926404436524301));
#13018=DIRECTION('',(-0.376529972230754,1.28247216358334E-15,0.926404436524301));
#13019=DIRECTION('center_axis',(-1.93579663398243E-15,-1.,5.9756483121184E-16));
#13020=DIRECTION('ref_axis',(1.01399066503765E-15,-5.97564831211842E-16,
-1.));
#13021=DIRECTION('center_axis',(1.93579663398243E-15,1.,-5.9756483121184E-16));
#13022=DIRECTION('ref_axis',(5.17732700738198E-15,-5.9756483121185E-16,
-1.));
#13023=DIRECTION('',(0.113203803756995,-8.12863100332141E-16,-0.993571788455644));
#13024=DIRECTION('center_axis',(-1.93579663398243E-15,-1.,5.9756483121184E-16));
#13025=DIRECTION('ref_axis',(1.01399066503765E-15,-5.97564831211842E-16,
-1.));
#13026=DIRECTION('center_axis',(1.93579663398243E-15,1.,-5.9756483121184E-16));
#13027=DIRECTION('ref_axis',(-1.01399066503765E-15,5.97564831211842E-16,
1.));
#13028=DIRECTION('center_axis',(-1.93579663398243E-15,-1.,5.9756483121184E-16));
#13029=DIRECTION('ref_axis',(1.01399066503765E-15,-5.97564831211842E-16,
-1.));
#13030=DIRECTION('center_axis',(1.93579663398243E-15,1.,-5.9756483121184E-16));
#13031=DIRECTION('ref_axis',(-1.01399066503765E-15,5.97564831211842E-16,
1.));
#13032=DIRECTION('center_axis',(-1.93579663398243E-15,-1.,5.9756483121184E-16));
#13033=DIRECTION('ref_axis',(1.01399066503765E-15,-5.97564831211842E-16,
-1.));
#13034=DIRECTION('',(0.113203803756995,-8.12863100332141E-16,-0.993571788455644));
#13035=DIRECTION('center_axis',(-1.93579663398243E-15,-1.,5.9756483121184E-16));
#13036=DIRECTION('ref_axis',(1.01399066503765E-15,-5.97564831211842E-16,
-1.));
#13037=DIRECTION('center_axis',(0.993571788455644,-1.85570631182776E-15,
0.113203803756995));
#13038=DIRECTION('ref_axis',(-0.113203803756995,8.12863100332141E-16,0.993571788455644));
#13039=DIRECTION('',(1.93579663398243E-15,1.,-5.9756483121184E-16));
#13040=DIRECTION('',(1.93579663398243E-15,1.,-5.9756483121184E-16));
#13041=DIRECTION('center_axis',(1.93579663398243E-15,1.,-5.9756483121184E-16));
#13042=DIRECTION('ref_axis',(-1.01399066503765E-15,5.97564831211842E-16,
1.));
#13043=DIRECTION('',(1.93579663398243E-15,1.,-5.9756483121184E-16));
#13044=DIRECTION('center_axis',(1.93579663398243E-15,1.,-5.9756483121184E-16));
#13045=DIRECTION('ref_axis',(-1.01399066503765E-15,5.97564831211842E-16,
1.));
#13046=DIRECTION('center_axis',(1.93579663398243E-15,1.,-5.9756483121184E-16));
#13047=DIRECTION('ref_axis',(-1.01399066503765E-15,5.97564831211842E-16,
1.));
#13048=DIRECTION('center_axis',(-5.40321569437576E-16,-6.25320406827476E-16,
-1.));
#13049=DIRECTION('ref_axis',(-1.,-4.57780799616297E-18,5.40321569437576E-16));
#13050=DIRECTION('center_axis',(-5.40321569437576E-16,-6.25320406827476E-16,
-1.));
#13051=DIRECTION('ref_axis',(-1.,-4.57780799616297E-18,5.40321569437576E-16));
#13052=DIRECTION('',(-5.40321569437576E-16,-6.25320406827476E-16,-1.));
#13053=DIRECTION('center_axis',(-5.40321569437576E-16,-6.25320406827476E-16,
-1.));
#13054=DIRECTION('ref_axis',(-1.,-4.57780799616297E-18,5.40321569437576E-16));
#13055=DIRECTION('center_axis',(-5.40321569437576E-16,-6.25320406827476E-16,
-1.));
#13056=DIRECTION('ref_axis',(-1.,-4.57780799616297E-18,5.40321569437576E-16));
#13057=DIRECTION('',(0.857167300702111,-4.23112590325054E-16,-0.515038074910056));
#13058=DIRECTION('center_axis',(4.5778079961633E-18,-1.,6.25320406827476E-16));
#13059=DIRECTION('ref_axis',(-1.,-4.57780799616297E-18,5.40321569437576E-16));
#13060=DIRECTION('center_axis',(4.5778079961633E-18,-1.,6.25320406827476E-16));
#13061=DIRECTION('ref_axis',(-1.,-4.57780799616296E-18,5.40321569437576E-16));
#13062=DIRECTION('',(4.5778079961633E-18,-1.,6.25320406827476E-16));
#13063=DIRECTION('center_axis',(4.5778079961633E-18,-1.,6.25320406827476E-16));
#13064=DIRECTION('ref_axis',(-1.,-4.57780799616297E-18,5.40321569437576E-16));
#13065=DIRECTION('center_axis',(4.5778079961633E-18,-1.,6.25320406827476E-16));
#13066=DIRECTION('ref_axis',(-1.,-4.57780799616296E-18,5.40321569437576E-16));
#13067=DIRECTION('center_axis',(4.5778079961633E-18,-1.,6.25320406827476E-16));
#13068=DIRECTION('ref_axis',(-1.,-4.57780799616297E-18,5.40321569437576E-16));
#13069=DIRECTION('center_axis',(4.5778079961633E-18,-1.,6.25320406827476E-16));
#13070=DIRECTION('ref_axis',(-1.,-4.57780799616297E-18,5.40321569437576E-16));
#13071=DIRECTION('',(0.857167300702112,-0.515038074910055,-3.61094435376782E-17));
#13072=DIRECTION('center_axis',(4.5778079961633E-18,-1.,6.25320406827476E-16));
#13073=DIRECTION('ref_axis',(-1.,-4.57780799616297E-18,5.40321569437576E-16));
#13074=DIRECTION('center_axis',(4.5778079961633E-18,-1.,6.25320406827476E-16));
#13075=DIRECTION('ref_axis',(-1.,-4.57780799616296E-18,5.40321569437576E-16));
#13076=DIRECTION('',(4.5778079961633E-18,-1.,6.25320406827476E-16));
#13077=DIRECTION('center_axis',(4.5778079961633E-18,-1.,6.25320406827476E-16));
#13078=DIRECTION('ref_axis',(-1.,-4.57780799616297E-18,5.40321569437576E-16));
#13079=DIRECTION('center_axis',(4.5778079961633E-18,-1.,6.25320406827476E-16));
#13080=DIRECTION('ref_axis',(-1.,-4.57780799616296E-18,5.40321569437576E-16));
#13081=DIRECTION('center_axis',(4.5778079961633E-18,-1.,6.25320406827476E-16));
#13082=DIRECTION('ref_axis',(-1.,-4.57780799616297E-18,5.40321569437576E-16));
#13083=DIRECTION('center_axis',(4.5778079961633E-18,-1.,6.25320406827476E-16));
#13084=DIRECTION('ref_axis',(-1.,-4.57780799616297E-18,5.40321569437576E-16));
#13085=DIRECTION('',(0.857167300702112,-0.515038074910055,-3.61094435376782E-17));
#13086=DIRECTION('center_axis',(-4.5778079961633E-18,1.,-6.25320406827476E-16));
#13087=DIRECTION('ref_axis',(1.,4.57780799616297E-18,-5.40321569437576E-16));
#13088=DIRECTION('center_axis',(-4.5778079961633E-18,1.,-6.25320406827476E-16));
#13089=DIRECTION('ref_axis',(1.,4.57780799616296E-18,-5.40321569437576E-16));
#13090=DIRECTION('',(-4.5778079961633E-18,1.,-6.25320406827476E-16));
#13091=DIRECTION('center_axis',(-4.5778079961633E-18,1.,-6.25320406827476E-16));
#13092=DIRECTION('ref_axis',(1.,4.57780799616297E-18,-5.40321569437576E-16));
#13093=DIRECTION('center_axis',(-4.5778079961633E-18,1.,-6.25320406827476E-16));
#13094=DIRECTION('ref_axis',(1.,4.57780799616296E-18,-5.40321569437576E-16));
#13095=DIRECTION('center_axis',(-4.5778079961633E-18,1.,-6.25320406827476E-16));
#13096=DIRECTION('ref_axis',(1.,4.57780799616297E-18,-5.40321569437576E-16));
#13097=DIRECTION('',(-0.857167300702112,0.515038074910055,2.46054881765402E-16));
#13098=DIRECTION('center_axis',(-4.5778079961633E-18,1.,-6.25320406827476E-16));
#13099=DIRECTION('ref_axis',(1.,4.57780799616297E-18,-5.40321569437576E-16));
#13100=DIRECTION('center_axis',(-4.5778079961633E-18,1.,-6.25320406827476E-16));
#13101=DIRECTION('ref_axis',(1.,4.57780799616296E-18,-5.40321569437576E-16));
#13102=DIRECTION('',(-4.5778079961633E-18,1.,-6.25320406827476E-16));
#13103=DIRECTION('center_axis',(-4.5778079961633E-18,1.,-6.25320406827476E-16));
#13104=DIRECTION('ref_axis',(1.,4.57780799616297E-18,-5.40321569437576E-16));
#13105=DIRECTION('center_axis',(-4.5778079961633E-18,1.,-6.25320406827476E-16));
#13106=DIRECTION('ref_axis',(1.,4.57780799616296E-18,-5.40321569437576E-16));
#13107=DIRECTION('center_axis',(-4.5778079961633E-18,1.,-6.25320406827476E-16));
#13108=DIRECTION('ref_axis',(1.,4.57780799616297E-18,-5.40321569437576E-16));
#13109=DIRECTION('',(-0.857167300702112,0.515038074910055,2.46054881765402E-16));
#13110=DIRECTION('center_axis',(-4.5778079961633E-18,1.,-6.25320406827476E-16));
#13111=DIRECTION('ref_axis',(1.,4.57780799616297E-18,-5.40321569437576E-16));
#13112=DIRECTION('',(-4.5778079961633E-18,1.,-6.25320406827476E-16));
#13113=DIRECTION('center_axis',(-4.5778079961633E-18,1.,-6.25320406827476E-16));
#13114=DIRECTION('ref_axis',(1.,4.57780799616297E-18,-5.40321569437576E-16));
#13115=DIRECTION('',(-4.5778079961633E-18,1.,-6.25320406827476E-16));
#13116=DIRECTION('center_axis',(-4.5778079961633E-18,1.,-6.25320406827476E-16));
#13117=DIRECTION('ref_axis',(1.,4.57780799616297E-18,-5.40321569437576E-16));
#13118=DIRECTION('center_axis',(-4.5778079961633E-18,1.,-6.25320406827476E-16));
#13119=DIRECTION('ref_axis',(1.,4.57780799616297E-18,-5.40321569437576E-16));
#13120=DIRECTION('',(7.13793917035257E-16,6.25320406827476E-16,1.));
#13121=DIRECTION('center_axis',(-4.5778079961633E-18,1.,-6.25320406827476E-16));
#13122=DIRECTION('ref_axis',(1.,4.57780799616297E-18,-5.40321569437576E-16));
#13123=DIRECTION('',(-7.13793917035257E-16,-6.25320406827476E-16,-1.));
#13124=DIRECTION('center_axis',(-4.5778079961633E-18,1.,-6.25320406827476E-16));
#13125=DIRECTION('ref_axis',(1.,4.57780799616297E-18,-5.40321569437576E-16));
#13126=DIRECTION('',(5.40321569437576E-16,6.25320406827476E-16,1.));
#13127=DIRECTION('center_axis',(4.5778079961633E-18,-1.,6.25320406827476E-16));
#13128=DIRECTION('ref_axis',(1.,4.57780799616405E-18,1.19440190653923E-15));
#13129=DIRECTION('',(-5.40321569437576E-16,-6.25320406827476E-16,-1.));
#13130=DIRECTION('',(-1.,-4.57780799616297E-18,5.40321569437576E-16));
#13131=DIRECTION('center_axis',(-4.5778079961633E-18,1.,-6.25320406827476E-16));
#13132=DIRECTION('ref_axis',(1.,4.57780799616297E-18,-5.40321569437576E-16));
#13133=DIRECTION('center_axis',(4.5778079961633E-18,-1.,6.25320406827476E-16));
#13134=DIRECTION('ref_axis',(1.,4.57780799616405E-18,1.19440190653923E-15));
#13135=DIRECTION('',(5.40321569437576E-16,6.25320406827476E-16,1.));
#13136=DIRECTION('',(-1.,-4.57780799616297E-18,5.40321569437576E-16));
#13137=DIRECTION('',(-5.40321569437576E-16,-6.25320406827476E-16,-1.));
#13138=DIRECTION('center_axis',(-1.,-4.57780799616297E-18,5.40321569437576E-16));
#13139=DIRECTION('ref_axis',(5.40321569437576E-16,6.25320406827476E-16,
1.));
#13140=DIRECTION('',(4.5778079961633E-18,-1.,6.25320406827476E-16));
#13141=DIRECTION('',(4.5778079961633E-18,-1.,6.25320406827476E-16));
#13142=DIRECTION('',(4.5778079961633E-18,-1.,6.25320406827476E-16));
#13143=DIRECTION('',(-7.13793917035257E-16,-6.25320406827476E-16,-1.));
#13144=DIRECTION('',(4.5778079961633E-18,-1.,6.25320406827476E-16));
#13145=DIRECTION('center_axis',(5.40321569437576E-16,6.25320406827476E-16,
1.));
#13146=DIRECTION('ref_axis',(1.,4.57780799616297E-18,-5.40321569437576E-16));
#13147=DIRECTION('',(4.5778079961633E-18,-1.,6.25320406827476E-16));
#13148=DIRECTION('center_axis',(1.,4.57780799616297E-18,-5.40321569437576E-16));
#13149=DIRECTION('ref_axis',(-5.40321569437576E-16,-6.25320406827476E-16,
-1.));
#13150=DIRECTION('',(4.5778079961633E-18,-1.,6.25320406827476E-16));
#13151=DIRECTION('',(4.5778079961633E-18,-1.,6.25320406827476E-16));
#13152=DIRECTION('',(7.13793917035257E-16,6.25320406827476E-16,1.));
#13153=DIRECTION('',(4.5778079961633E-18,-1.,6.25320406827476E-16));
#13154=DIRECTION('center_axis',(4.5778079961633E-18,-1.,6.25320406827476E-16));
#13155=DIRECTION('ref_axis',(-1.,-4.57780799616297E-18,5.40321569437576E-16));
#13156=DIRECTION('center_axis',(4.5778079961633E-18,-1.,6.25320406827476E-16));
#13157=DIRECTION('ref_axis',(-1.,-4.57780799616297E-18,5.40321569437576E-16));
#13158=DIRECTION('center_axis',(-4.5778079961633E-18,1.,-6.25320406827476E-16));
#13159=DIRECTION('ref_axis',(1.,4.57780799616297E-18,-5.40321569437576E-16));
#13160=DIRECTION('center_axis',(4.5778079961633E-18,-1.,6.25320406827476E-16));
#13161=DIRECTION('ref_axis',(-1.,-4.57780799616297E-18,5.40321569437576E-16));
#13162=DIRECTION('center_axis',(-4.5778079961633E-18,1.,-6.25320406827476E-16));
#13163=DIRECTION('ref_axis',(1.,4.57780799616297E-18,-5.40321569437576E-16));
#13164=DIRECTION('center_axis',(-4.5778079961633E-18,1.,-6.25320406827476E-16));
#13165=DIRECTION('ref_axis',(1.,4.57780799616297E-18,-5.40321569437576E-16));
#13166=DIRECTION('center_axis',(-0.657153913545134,0.753756415503254,0.));
#13167=DIRECTION('ref_axis',(-0.753756415503254,-0.657153913545134,0.));
#13168=DIRECTION('center_axis',(7.17222947332058E-17,-8.2265567739111E-17,
-1.));
#13169=DIRECTION('ref_axis',(0.753756415503254,0.657153913545134,0.));
#13170=DIRECTION('center_axis',(-4.71391548511067E-16,-5.55773162828988E-16,
-1.));
#13171=DIRECTION('ref_axis',(0.657153913545113,-0.753756415503273,1.09140786130757E-16));
#13172=DIRECTION('center_axis',(-4.71391548511067E-16,-5.55773162828988E-16,
-1.));
#13173=DIRECTION('ref_axis',(0.657153913545134,-0.753756415503254,1.09140786130736E-16));
#13174=DIRECTION('',(4.71391548511067E-16,5.55773162828988E-16,1.));
#13175=DIRECTION('center_axis',(-4.71391548511067E-16,-5.55773162828988E-16,
-1.));
#13176=DIRECTION('ref_axis',(0.657153913545134,-0.753756415503254,1.09140786130736E-16));
#13177=DIRECTION('center_axis',(-4.71391548511067E-16,-5.55773162828988E-16,
-1.));
#13178=DIRECTION('ref_axis',(0.657153913545134,-0.753756415503254,1.09140786130736E-16));
#13179=DIRECTION('center_axis',(-4.71391548511067E-16,-5.55773162828988E-16,
-1.));
#13180=DIRECTION('ref_axis',(0.657153913545134,-0.753756415503254,1.09140786130736E-16));
#13181=DIRECTION('',(0.464677988551042,-0.532986272765214,0.707106781186549));
#13182=DIRECTION('center_axis',(-4.71391548511067E-16,-5.55773162828988E-16,
-1.));
#13183=DIRECTION('ref_axis',(0.657153913545134,-0.753756415503254,1.09140786130736E-16));
#13184=DIRECTION('center_axis',(-4.71391548511067E-16,-5.55773162828988E-16,
-1.));
#13185=DIRECTION('ref_axis',(0.657153913545134,-0.753756415503254,1.09140786130736E-16));
#13186=DIRECTION('center_axis',(-4.71391548511067E-16,-5.55773162828988E-16,
-1.));
#13187=DIRECTION('ref_axis',(0.657153913545134,-0.753756415503254,1.09140786130736E-16));
#13188=DIRECTION('',(4.71391548511067E-16,5.55773162828988E-16,1.));
#13189=DIRECTION('center_axis',(-4.71391548511067E-16,-5.55773162828988E-16,
-1.));
#13190=DIRECTION('ref_axis',(-0.987131551022943,0.159910290397579,3.76451622557672E-16));
#13191=DIRECTION('',(-4.71391548511067E-16,-5.55773162828988E-16,-1.));
#13192=DIRECTION('center_axis',(-4.71391548511067E-16,-5.55773162828988E-16,
-1.));
#13193=DIRECTION('ref_axis',(-0.0238744698157239,0.999714964222812,-5.44360524297266E-16));
#13194=DIRECTION('',(4.71391548511067E-16,5.55773162828988E-16,1.));
#13195=DIRECTION('center_axis',(-4.71391548511067E-16,-5.55773162828988E-16,
-1.));
#13196=DIRECTION('ref_axis',(0.987131551022944,-0.159910290397579,-3.76451622557672E-16));
#13197=DIRECTION('',(-4.71391548511067E-16,-5.55773162828988E-16,-1.));
#13198=DIRECTION('center_axis',(-4.71391548511067E-16,-5.55773162828988E-16,
-1.));
#13199=DIRECTION('ref_axis',(0.0238744698157239,-0.999714964222812,5.44360524297266E-16));
#13200=DIRECTION('',(4.71391548511067E-16,5.55773162828988E-16,1.));
#13201=DIRECTION('center_axis',(-4.71391548511067E-16,-5.55773162828988E-16,
-1.));
#13202=DIRECTION('ref_axis',(-0.987131551022943,0.159910290397579,3.76451622557672E-16));
#13203=DIRECTION('center_axis',(-4.71391548511067E-16,-5.55773162828988E-16,
-1.));
#13204=DIRECTION('ref_axis',(0.657153913545134,-0.753756415503254,1.09140786130736E-16));
#13205=DIRECTION('center_axis',(-4.71391548511067E-16,-5.55773162828988E-16,
-1.));
#13206=DIRECTION('ref_axis',(0.657153913545134,-0.753756415503254,1.09140786130736E-16));
#13207=DIRECTION('',(4.71391548511067E-16,5.55773162828988E-16,1.));
#13208=DIRECTION('center_axis',(-4.71391548511067E-16,-5.55773162828988E-16,
-1.));
#13209=DIRECTION('ref_axis',(0.657153913545134,-0.753756415503254,1.09140786130736E-16));
#13210=DIRECTION('',(0.753756415503254,0.657153913545134,-7.20542912900657E-16));
#13211=DIRECTION('',(-0.753756415503254,-0.657153913545134,7.20542912900657E-16));
#13212=DIRECTION('center_axis',(0.657153913545134,-0.753756415503254,1.09140786130736E-16));
#13213=DIRECTION('ref_axis',(4.71391548511067E-16,5.55773162828988E-16,
1.));
#13214=DIRECTION('',(0.753756415503254,0.657153913545134,-7.20542912900657E-16));
#13215=DIRECTION('center_axis',(-0.657153913545134,0.753756415503254,-1.09140786130736E-16));
#13216=DIRECTION('ref_axis',(-4.71391548511067E-16,-5.55773162828988E-16,
-1.));
#13217=DIRECTION('',(-0.753756415503254,-0.657153913545134,7.20542912900657E-16));
#13218=DIRECTION('center_axis',(-4.71391548511067E-16,-5.55773162828988E-16,
-1.));
#13219=DIRECTION('ref_axis',(0.657153913545134,-0.753756415503254,1.09140786130736E-16));
#13220=DIRECTION('center_axis',(-4.71391548511067E-16,-5.55773162828988E-16,
-1.));
#13221=DIRECTION('ref_axis',(0.657153913545134,-0.753756415503254,1.09140786130736E-16));
#13222=DIRECTION('center_axis',(-4.71391548511067E-16,-5.55773162828988E-16,
-1.));
#13223=DIRECTION('ref_axis',(0.657153913545134,-0.753756415503254,1.09140786130736E-16));
#13224=DIRECTION('center_axis',(-4.71391548511067E-16,-5.55773162828988E-16,
-1.));
#13225=DIRECTION('ref_axis',(0.657153913545134,-0.753756415503254,1.09140786130736E-16));
#13226=DIRECTION('center_axis',(1.60782197727034E-15,1.,-5.864078149108E-16));
#13227=DIRECTION('ref_axis',(-4.5887915272507E-16,5.86407814910801E-16,
1.));
#13228=DIRECTION('center_axis',(1.60782197727034E-15,1.,-5.864078149108E-16));
#13229=DIRECTION('ref_axis',(-4.5887915272507E-16,5.86407814910801E-16,
1.));
#13230=DIRECTION('',(1.56062191348421E-15,0.866025403784437,-0.500000000000003));
#13231=DIRECTION('center_axis',(1.60782197727034E-15,1.,-5.864078149108E-16));
#13232=DIRECTION('ref_axis',(-4.5887915272507E-16,5.86407814910801E-16,
1.));
#13233=DIRECTION('center_axis',(1.60782197727034E-15,1.,-5.864078149108E-16));
#13234=DIRECTION('ref_axis',(-4.5887915272507E-16,5.86407814910801E-16,
1.));
#13235=DIRECTION('center_axis',(1.60782197727034E-15,1.,-5.864078149108E-16));
#13236=DIRECTION('ref_axis',(-4.5887915272507E-16,5.86407814910801E-16,
1.));
#13237=DIRECTION('',(1.60782197727034E-15,1.,-5.864078149108E-16));
#13238=DIRECTION('center_axis',(1.60782197727034E-15,1.,-5.864078149108E-16));
#13239=DIRECTION('ref_axis',(-4.5887915272507E-16,5.86407814910801E-16,
1.));
#13240=DIRECTION('center_axis',(1.60782197727034E-15,1.,-5.864078149108E-16));
#13241=DIRECTION('ref_axis',(-4.5887915272507E-16,5.86407814910801E-16,
1.));
#13242=DIRECTION('',(1.60782197727034E-15,1.,-5.864078149108E-16));
#13243=DIRECTION('center_axis',(1.60782197727034E-15,1.,-5.864078149108E-16));
#13244=DIRECTION('ref_axis',(-4.5887915272507E-16,5.86407814910801E-16,
1.));
#13245=DIRECTION('center_axis',(1.60782197727034E-15,1.,-5.864078149108E-16));
#13246=DIRECTION('ref_axis',(-4.5887915272507E-16,5.86407814910801E-16,
1.));
#13247=DIRECTION('center_axis',(1.60782197727034E-15,1.,-5.864078149108E-16));
#13248=DIRECTION('ref_axis',(-4.5887915272507E-16,5.86407814910801E-16,
1.));
#13249=DIRECTION('',(1.60782197727034E-15,1.,-5.864078149108E-16));
#13250=DIRECTION('center_axis',(1.60782197727034E-15,1.,-5.864078149108E-16));
#13251=DIRECTION('ref_axis',(-4.5887915272507E-16,5.86407814910801E-16,
1.));
#13252=DIRECTION('center_axis',(-1.60782197727034E-15,-1.,5.864078149108E-16));
#13253=DIRECTION('ref_axis',(4.5887915272507E-16,-5.86407814910801E-16,
-1.));
#13254=DIRECTION('center_axis',(1.60782197727034E-15,1.,-5.864078149108E-16));
#13255=DIRECTION('ref_axis',(-4.5887915272507E-16,5.86407814910801E-16,
1.));
#13256=DIRECTION('',(-1.60782197727034E-15,-1.,5.864078149108E-16));
#13257=DIRECTION('center_axis',(1.60782197727034E-15,1.,-5.864078149108E-16));
#13258=DIRECTION('ref_axis',(-4.5887915272507E-16,5.86407814910801E-16,
1.));
#13259=DIRECTION('',(-1.60782197727034E-15,-1.,5.864078149108E-16));
#13260=DIRECTION('center_axis',(1.60782197727034E-15,1.,-5.864078149108E-16));
#13261=DIRECTION('ref_axis',(-4.5887915272507E-16,5.86407814910801E-16,
1.));
#13262=DIRECTION('',(1.60782197727034E-15,1.,-5.864078149108E-16));
#13263=DIRECTION('center_axis',(1.60782197727034E-15,1.,-5.864078149108E-16));
#13264=DIRECTION('ref_axis',(-4.5887915272507E-16,5.86407814910801E-16,
1.));
#13265=DIRECTION('center_axis',(1.60782197727034E-15,1.,-5.864078149108E-16));
#13266=DIRECTION('ref_axis',(-4.5887915272507E-16,5.86407814910801E-16,
1.));
#13267=DIRECTION('',(-1.60782197727034E-15,-1.,5.864078149108E-16));
#13268=DIRECTION('center_axis',(1.60782197727034E-15,1.,-5.864078149108E-16));
#13269=DIRECTION('ref_axis',(-4.5887915272507E-16,5.86407814910801E-16,
1.));
#13270=DIRECTION('',(-1.60782197727034E-15,-1.,5.864078149108E-16));
#13271=DIRECTION('center_axis',(-1.60782197727034E-15,-1.,5.864078149108E-16));
#13272=DIRECTION('ref_axis',(4.5887915272507E-16,-5.86407814910801E-16,
-1.));
#13273=DIRECTION('center_axis',(1.60782197727034E-15,1.,-5.864078149108E-16));
#13274=DIRECTION('ref_axis',(-4.5887915272507E-16,5.86407814910801E-16,
1.));
#13275=DIRECTION('',(-1.60782197727034E-15,-1.,5.864078149108E-16));
#13276=DIRECTION('center_axis',(1.60782197727034E-15,1.,-5.864078149108E-16));
#13277=DIRECTION('ref_axis',(-4.5887915272507E-16,5.86407814910801E-16,
1.));
#13278=DIRECTION('',(-1.60782197727034E-15,-1.,5.864078149108E-16));
#13279=DIRECTION('center_axis',(1.60782197727034E-15,1.,-5.864078149108E-16));
#13280=DIRECTION('ref_axis',(-4.5887915272507E-16,5.86407814910801E-16,
1.));
#13281=DIRECTION('',(0.23076923076923,1.99543953811638E-16,0.97300851082104));
#13282=DIRECTION('',(-0.230769230769231,9.41615635628719E-16,0.97300851082104));
#13283=DIRECTION('center_axis',(-1.60782197727034E-15,-1.,5.864078149108E-16));
#13284=DIRECTION('ref_axis',(-3.36414472810334E-16,5.86407814910801E-16,
1.));
#13285=DIRECTION('center_axis',(-1.60782197727034E-15,-1.,5.864078149108E-16));
#13286=DIRECTION('ref_axis',(-4.5887915272507E-16,5.86407814910801E-16,
1.));
#13287=DIRECTION('',(-1.60782197727034E-15,-1.,5.864078149108E-16));
#13288=DIRECTION('center_axis',(-1.60782197727034E-15,-1.,5.864078149108E-16));
#13289=DIRECTION('ref_axis',(-4.5887915272507E-16,5.86407814910801E-16,
1.));
#13290=DIRECTION('',(-1.60782197727034E-15,-1.,5.864078149108E-16));
#13291=DIRECTION('center_axis',(-0.97300851082104,1.42909958740512E-15,
-0.230769230769231));
#13292=DIRECTION('ref_axis',(-0.230769230769231,9.41615635628719E-16,0.97300851082104));
#13293=DIRECTION('',(0.230769230769231,-9.41615635628719E-16,-0.97300851082104));
#13294=DIRECTION('',(0.230769230769231,-9.41615635628719E-16,-0.97300851082104));
#13295=DIRECTION('center_axis',(0.97300851082104,-1.69974934813319E-15,
-0.23076923076923));
#13296=DIRECTION('ref_axis',(-0.23076923076923,-1.99543953811638E-16,-0.97300851082104));
#13297=DIRECTION('',(0.23076923076923,1.99543953811638E-16,0.97300851082104));
#13298=DIRECTION('center_axis',(0.97300851082104,-1.42909958740512E-15,
0.230769230769231));
#13299=DIRECTION('ref_axis',(0.230769230769231,-9.41615635628719E-16,-0.97300851082104));
#13300=DIRECTION('',(-0.230769230769231,9.41615635628719E-16,0.97300851082104));
#13301=DIRECTION('center_axis',(-0.97300851082104,1.69974934813319E-15,
0.23076923076923));
#13302=DIRECTION('ref_axis',(0.23076923076923,1.99543953811638E-16,0.97300851082104));
#13303=DIRECTION('',(-0.23076923076923,-1.99543953811638E-16,-0.97300851082104));
#13304=DIRECTION('',(-0.23076923076923,-1.99543953811638E-16,-0.97300851082104));
#13305=DIRECTION('center_axis',(1.60782197727034E-15,1.,-5.864078149108E-16));
#13306=DIRECTION('ref_axis',(-4.5887915272507E-16,5.86407814910801E-16,
1.));
#13307=DIRECTION('center_axis',(1.60782197727034E-15,1.,-5.864078149108E-16));
#13308=DIRECTION('ref_axis',(-4.5887915272507E-16,5.86407814910801E-16,
1.));
#13309=DIRECTION('center_axis',(1.60782197727034E-15,1.,-5.864078149108E-16));
#13310=DIRECTION('ref_axis',(-4.5887915272507E-16,5.86407814910801E-16,
1.));
#13311=DIRECTION('center_axis',(-6.15648661866523E-15,1.,1.06063793231976E-16));
#13312=DIRECTION('ref_axis',(-2.22192504353781E-14,-1.06063793232112E-16,
1.));
#13313=DIRECTION('center_axis',(-6.15648661866523E-15,1.,1.06063793231976E-16));
#13314=DIRECTION('ref_axis',(-2.22192504353781E-14,-1.06063793232112E-16,
1.));
#13315=DIRECTION('',(5.7167190679087E-15,0.866025403784437,-0.500000000000002));
#13316=DIRECTION('center_axis',(-6.15648661866523E-15,1.,1.06063793231976E-16));
#13317=DIRECTION('ref_axis',(-2.22192504353781E-14,-1.06063793232112E-16,
1.));
#13318=DIRECTION('center_axis',(-6.15648661866523E-15,1.,1.06063793231976E-16));
#13319=DIRECTION('ref_axis',(-2.22192504353781E-14,-1.06063793232112E-16,
1.));
#13320=DIRECTION('center_axis',(-6.15648661866523E-15,1.,1.06063793231976E-16));
#13321=DIRECTION('ref_axis',(-2.22192504353781E-14,-1.06063793232112E-16,
1.));
#13322=DIRECTION('',(-6.15648661866523E-15,1.,1.06063793231976E-16));
#13323=DIRECTION('center_axis',(-6.15648661866523E-15,1.,1.06063793231976E-16));
#13324=DIRECTION('ref_axis',(-2.22192504353781E-14,-1.06063793232112E-16,
1.));
#13325=DIRECTION('center_axis',(-6.15648661866523E-15,1.,1.06063793231976E-16));
#13326=DIRECTION('ref_axis',(-2.22192504353781E-14,-1.06063793232112E-16,
1.));
#13327=DIRECTION('',(-6.15648661866523E-15,1.,1.06063793231976E-16));
#13328=DIRECTION('center_axis',(-6.15648661866523E-15,1.,1.06063793231976E-16));
#13329=DIRECTION('ref_axis',(-2.22192504353781E-14,-1.06063793232112E-16,
1.));
#13330=DIRECTION('center_axis',(-6.15648661866523E-15,1.,1.06063793231976E-16));
#13331=DIRECTION('ref_axis',(-2.22192504353781E-14,-1.06063793232112E-16,
1.));
#13332=DIRECTION('center_axis',(-6.15648661866523E-15,1.,1.06063793231976E-16));
#13333=DIRECTION('ref_axis',(-2.22192504353781E-14,-1.06063793232112E-16,
1.));
#13334=DIRECTION('',(-6.15648661866523E-15,1.,1.06063793231976E-16));
#13335=DIRECTION('center_axis',(-6.15648661866523E-15,1.,1.06063793231976E-16));
#13336=DIRECTION('ref_axis',(-2.22192504353781E-14,-1.06063793232112E-16,
1.));
#13337=DIRECTION('center_axis',(6.15648661866523E-15,-1.,-1.06063793231976E-16));
#13338=DIRECTION('ref_axis',(2.22192504353781E-14,1.06063793232112E-16,
-1.));
#13339=DIRECTION('center_axis',(-6.15648661866523E-15,1.,1.06063793231976E-16));
#13340=DIRECTION('ref_axis',(-2.22192504353781E-14,-1.06063793232112E-16,
1.));
#13341=DIRECTION('',(6.15648661866523E-15,-1.,-1.06063793231976E-16));
#13342=DIRECTION('center_axis',(-6.15648661866523E-15,1.,1.06063793231976E-16));
#13343=DIRECTION('ref_axis',(-2.22192504353781E-14,-1.06063793232112E-16,
1.));
#13344=DIRECTION('',(6.15648661866523E-15,-1.,-1.06063793231976E-16));
#13345=DIRECTION('center_axis',(6.15648661866523E-15,-1.,-1.06063793231976E-16));
#13346=DIRECTION('ref_axis',(-2.25408749653134E-14,-1.06063793232114E-16,
1.));
#13347=DIRECTION('center_axis',(6.15648661866523E-15,-1.,-1.06063793231976E-16));
#13348=DIRECTION('ref_axis',(-2.22192504353781E-14,-1.06063793232112E-16,
1.));
#13349=DIRECTION('',(6.15648661866523E-15,-1.,-1.06063793231976E-16));
#13350=DIRECTION('center_axis',(6.15648661866523E-15,-1.,-1.06063793231976E-16));
#13351=DIRECTION('ref_axis',(-2.22192504353781E-14,-1.06063793232112E-16,
1.));
#13352=DIRECTION('',(6.15648661866523E-15,-1.,-1.06063793231976E-16));
#13353=DIRECTION('center_axis',(-0.973008510821035,-5.96583761674047E-15,
-0.230769230769252));
#13354=DIRECTION('ref_axis',(-0.230769230769252,-1.52392865473524E-15,0.973008510821035));
#13355=DIRECTION('',(0.230769230769252,1.52392865473524E-15,-0.973008510821035));
#13356=DIRECTION('',(6.15648661866523E-15,-1.,-1.06063793231976E-16));
#13357=DIRECTION('',(0.230769230769252,1.52392865473524E-15,-0.973008510821035));
#13358=DIRECTION('center_axis',(6.15648661866523E-15,-1.,-1.06063793231976E-16));
#13359=DIRECTION('ref_axis',(2.22192504353781E-14,1.06063793232112E-16,
-1.));
#13360=DIRECTION('center_axis',(-6.15648661866523E-15,1.,1.06063793231976E-16));
#13361=DIRECTION('ref_axis',(-2.22192504353781E-14,-1.06063793232112E-16,
1.));
#13362=DIRECTION('',(6.15648661866523E-15,-1.,-1.06063793231976E-16));
#13363=DIRECTION('center_axis',(-6.15648661866523E-15,1.,1.06063793231976E-16));
#13364=DIRECTION('ref_axis',(-2.22192504353781E-14,-1.06063793232112E-16,
1.));
#13365=DIRECTION('center_axis',(0.973008510821045,6.01479013669375E-15,
-0.230769230769209));
#13366=DIRECTION('ref_axis',(-0.230769230769209,-1.31752670772563E-15,-0.973008510821045));
#13367=DIRECTION('',(0.230769230769209,1.31752670772563E-15,0.973008510821045));
#13368=DIRECTION('',(0.230769230769209,1.31752670772563E-15,0.973008510821045));
#13369=DIRECTION('center_axis',(0.973008510821035,5.96583761674047E-15,
0.230769230769252));
#13370=DIRECTION('ref_axis',(0.230769230769252,1.52392865473525E-15,-0.973008510821035));
#13371=DIRECTION('',(-0.230769230769253,-1.52392865473525E-15,0.973008510821035));
#13372=DIRECTION('',(6.15648661866523E-15,-1.,-1.06063793231976E-16));
#13373=DIRECTION('',(-0.230769230769253,-1.52392865473525E-15,0.973008510821035));
#13374=DIRECTION('center_axis',(6.15648661866523E-15,-1.,-1.06063793231976E-16));
#13375=DIRECTION('ref_axis',(2.22192504353781E-14,1.06063793232112E-16,
-1.));
#13376=DIRECTION('center_axis',(-6.15648661866523E-15,1.,1.06063793231976E-16));
#13377=DIRECTION('ref_axis',(-2.22192504353781E-14,-1.06063793232112E-16,
1.));
#13378=DIRECTION('',(6.15648661866523E-15,-1.,-1.06063793231976E-16));
#13379=DIRECTION('center_axis',(-6.15648661866523E-15,1.,1.06063793231976E-16));
#13380=DIRECTION('ref_axis',(-2.22192504353781E-14,-1.06063793232112E-16,
1.));
#13381=DIRECTION('center_axis',(-0.973008510821045,-6.01479013669375E-15,
0.230769230769209));
#13382=DIRECTION('ref_axis',(0.230769230769209,1.31752670772563E-15,0.973008510821045));
#13383=DIRECTION('',(-0.230769230769209,-1.31752670772563E-15,-0.973008510821045));
#13384=DIRECTION('',(-0.230769230769209,-1.31752670772563E-15,-0.973008510821045));
#13385=DIRECTION('center_axis',(-6.15648661866523E-15,1.,1.06063793231976E-16));
#13386=DIRECTION('ref_axis',(-2.22192504353781E-14,-1.06063793232112E-16,
1.));
#13387=DIRECTION('center_axis',(-6.15648661866523E-15,1.,1.06063793231976E-16));
#13388=DIRECTION('ref_axis',(-2.22192504353781E-14,-1.06063793232112E-16,
1.));
#13389=DIRECTION('center_axis',(3.31885540974554E-16,-1.,1.51906968195582E-15));
#13390=DIRECTION('ref_axis',(4.07859062120995E-14,1.51906968195584E-15,
1.));
#13391=DIRECTION('center_axis',(3.31885540974554E-16,-1.,1.51906968195582E-15));
#13392=DIRECTION('ref_axis',(4.07859062120995E-14,1.51906968195584E-15,
1.));
#13393=DIRECTION('',(-2.00442994564598E-14,-0.866025403784438,-0.500000000000002));
#13394=DIRECTION('center_axis',(3.31885540974554E-16,-1.,1.51906968195582E-15));
#13395=DIRECTION('ref_axis',(4.07859062120995E-14,1.51906968195584E-15,
1.));
#13396=DIRECTION('center_axis',(3.31885540974554E-16,-1.,1.51906968195582E-15));
#13397=DIRECTION('ref_axis',(4.07859062120995E-14,1.51906968195584E-15,
1.));
#13398=DIRECTION('center_axis',(3.31885540974554E-16,-1.,1.51906968195582E-15));
#13399=DIRECTION('ref_axis',(4.07859062120995E-14,1.51906968195584E-15,
1.));
#13400=DIRECTION('',(3.31885540974554E-16,-1.,1.51906968195582E-15));
#13401=DIRECTION('center_axis',(3.31885540974554E-16,-1.,1.51906968195582E-15));
#13402=DIRECTION('ref_axis',(4.07859062120995E-14,1.51906968195584E-15,
1.));
#13403=DIRECTION('center_axis',(3.31885540974554E-16,-1.,1.51906968195582E-15));
#13404=DIRECTION('ref_axis',(4.07859062120995E-14,1.51906968195584E-15,
1.));
#13405=DIRECTION('',(3.31885540974554E-16,-1.,1.51906968195582E-15));
#13406=DIRECTION('center_axis',(3.31885540974554E-16,-1.,1.51906968195582E-15));
#13407=DIRECTION('ref_axis',(4.07859062120995E-14,1.51906968195584E-15,
1.));
#13408=DIRECTION('center_axis',(3.31885540974554E-16,-1.,1.51906968195582E-15));
#13409=DIRECTION('ref_axis',(4.07859062120995E-14,1.51906968195584E-15,
1.));
#13410=DIRECTION('center_axis',(3.31885540974554E-16,-1.,1.51906968195582E-15));
#13411=DIRECTION('ref_axis',(4.07859062120995E-14,1.51906968195584E-15,
1.));
#13412=DIRECTION('',(3.31885540974554E-16,-1.,1.51906968195582E-15));
#13413=DIRECTION('center_axis',(3.31885540974554E-16,-1.,1.51906968195582E-15));
#13414=DIRECTION('ref_axis',(4.07859062120995E-14,1.51906968195584E-15,
1.));
#13415=DIRECTION('center_axis',(-3.31885540974554E-16,1.,-1.51906968195582E-15));
#13416=DIRECTION('ref_axis',(-4.07859062120995E-14,-1.51906968195584E-15,
-1.));
#13417=DIRECTION('center_axis',(3.31885540974554E-16,-1.,1.51906968195582E-15));
#13418=DIRECTION('ref_axis',(4.07859062120995E-14,1.51906968195584E-15,
1.));
#13419=DIRECTION('',(-3.31885540974554E-16,1.,-1.51906968195582E-15));
#13420=DIRECTION('center_axis',(3.31885540974554E-16,-1.,1.51906968195582E-15));
#13421=DIRECTION('ref_axis',(4.07859062120995E-14,1.51906968195584E-15,
1.));
#13422=DIRECTION('',(-3.31885540974554E-16,1.,-1.51906968195582E-15));
#13423=DIRECTION('center_axis',(3.31885540974554E-16,-1.,1.51906968195582E-15));
#13424=DIRECTION('ref_axis',(4.07859062120995E-14,1.51906968195584E-15,
1.));
#13425=DIRECTION('',(3.31885540974554E-16,-1.,1.51906968195582E-15));
#13426=DIRECTION('center_axis',(3.31885540974554E-16,-1.,1.51906968195582E-15));
#13427=DIRECTION('ref_axis',(4.07859062120995E-14,1.51906968195584E-15,
1.));
#13428=DIRECTION('center_axis',(3.31885540974554E-16,-1.,1.51906968195582E-15));
#13429=DIRECTION('ref_axis',(4.07859062120995E-14,1.51906968195584E-15,
1.));
#13430=DIRECTION('',(-3.31885540974554E-16,1.,-1.51906968195582E-15));
#13431=DIRECTION('center_axis',(3.31885540974554E-16,-1.,1.51906968195582E-15));
#13432=DIRECTION('ref_axis',(4.07859062120995E-14,1.51906968195584E-15,
1.));
#13433=DIRECTION('',(-3.31885540974554E-16,1.,-1.51906968195582E-15));
#13434=DIRECTION('center_axis',(-3.31885540974554E-16,1.,-1.51906968195582E-15));
#13435=DIRECTION('ref_axis',(-4.07859062120995E-14,-1.51906968195584E-15,
-1.));
#13436=DIRECTION('center_axis',(3.31885540974554E-16,-1.,1.51906968195582E-15));
#13437=DIRECTION('ref_axis',(4.07859062120995E-14,1.51906968195584E-15,
1.));
#13438=DIRECTION('',(-3.31885540974554E-16,1.,-1.51906968195582E-15));
#13439=DIRECTION('center_axis',(3.31885540974554E-16,-1.,1.51906968195582E-15));
#13440=DIRECTION('ref_axis',(4.07859062120995E-14,1.51906968195584E-15,
1.));
#13441=DIRECTION('',(-3.31885540974554E-16,1.,-1.51906968195582E-15));
#13442=DIRECTION('center_axis',(3.31885540974554E-16,-1.,1.51906968195582E-15));
#13443=DIRECTION('ref_axis',(4.07859062120995E-14,1.51906968195584E-15,
1.));
#13444=DIRECTION('',(-0.230769230769191,1.40147875807913E-15,0.973008510821049));
#13445=DIRECTION('',(0.230769230769271,1.55465670006735E-15,0.97300851082103));
#13446=DIRECTION('center_axis',(-3.31885540974554E-16,1.,-1.51906968195582E-15));
#13447=DIRECTION('ref_axis',(4.06634415321848E-14,1.51906968195584E-15,
1.));
#13448=DIRECTION('center_axis',(-3.31885540974554E-16,1.,-1.51906968195582E-15));
#13449=DIRECTION('ref_axis',(4.07859062120995E-14,1.51906968195584E-15,
1.));
#13450=DIRECTION('',(-3.31885540974554E-16,1.,-1.51906968195582E-15));
#13451=DIRECTION('center_axis',(-3.31885540974554E-16,1.,-1.51906968195582E-15));
#13452=DIRECTION('ref_axis',(4.07859062120995E-14,1.51906968195584E-15,
1.));
#13453=DIRECTION('',(-3.31885540974554E-16,1.,-1.51906968195582E-15));
#13454=DIRECTION('center_axis',(0.97300851082103,-2.76270860031831E-17,
-0.23076923076927));
#13455=DIRECTION('ref_axis',(0.23076923076927,1.55465670006735E-15,0.97300851082103));
#13456=DIRECTION('',(-0.230769230769271,-1.55465670006735E-15,-0.97300851082103));
#13457=DIRECTION('',(-0.230769230769271,-1.55465670006735E-15,-0.97300851082103));
#13458=DIRECTION('center_axis',(-0.973008510821049,-6.73481997976434E-16,
-0.230769230769191));
#13459=DIRECTION('ref_axis',(0.230769230769191,-1.40147875807913E-15,-0.973008510821049));
#13460=DIRECTION('',(-0.230769230769191,1.40147875807913E-15,0.973008510821049));
#13461=DIRECTION('center_axis',(-0.97300851082103,2.76270860031832E-17,
0.230769230769271));
#13462=DIRECTION('ref_axis',(-0.230769230769271,-1.55465670006735E-15,-0.97300851082103));
#13463=DIRECTION('',(0.230769230769271,1.55465670006735E-15,0.97300851082103));
#13464=DIRECTION('center_axis',(0.973008510821049,6.73481997976434E-16,
0.230769230769191));
#13465=DIRECTION('ref_axis',(-0.230769230769191,1.40147875807913E-15,0.973008510821049));
#13466=DIRECTION('',(0.230769230769191,-1.40147875807913E-15,-0.973008510821049));
#13467=DIRECTION('',(0.230769230769191,-1.40147875807913E-15,-0.973008510821049));
#13468=DIRECTION('center_axis',(3.31885540974554E-16,-1.,1.51906968195582E-15));
#13469=DIRECTION('ref_axis',(4.07859062120995E-14,1.51906968195584E-15,
1.));
#13470=DIRECTION('center_axis',(3.31885540974554E-16,-1.,1.51906968195582E-15));
#13471=DIRECTION('ref_axis',(4.07859062120995E-14,1.51906968195584E-15,
1.));
#13472=DIRECTION('center_axis',(3.31885540974554E-16,-1.,1.51906968195582E-15));
#13473=DIRECTION('ref_axis',(4.07859062120995E-14,1.51906968195584E-15,
1.));
#13474=DIRECTION('center_axis',(1.93288429485751E-15,-1.,-5.72391499260408E-16));
#13475=DIRECTION('ref_axis',(3.65670587185239E-14,-5.72391499260337E-16,
1.));
#13476=DIRECTION('center_axis',(1.93288429485751E-15,-1.,-5.72391499260408E-16));
#13477=DIRECTION('ref_axis',(3.65670587185239E-14,-5.72391499260337E-16,
1.));
#13478=DIRECTION('',(-1.65483701173821E-14,-0.866025403784437,-0.500000000000003));
#13479=DIRECTION('center_axis',(1.93288429485751E-15,-1.,-5.72391499260408E-16));
#13480=DIRECTION('ref_axis',(3.65670587185239E-14,-5.72391499260337E-16,
1.));
#13481=DIRECTION('center_axis',(1.93288429485751E-15,-1.,-5.72391499260408E-16));
#13482=DIRECTION('ref_axis',(3.65670587185239E-14,-5.72391499260337E-16,
1.));
#13483=DIRECTION('center_axis',(1.93288429485751E-15,-1.,-5.72391499260408E-16));
#13484=DIRECTION('ref_axis',(3.65670587185239E-14,-5.72391499260337E-16,
1.));
#13485=DIRECTION('',(1.93288429485751E-15,-1.,-5.72391499260408E-16));
#13486=DIRECTION('center_axis',(1.93288429485751E-15,-1.,-5.72391499260408E-16));
#13487=DIRECTION('ref_axis',(3.65670587185239E-14,-5.72391499260337E-16,
1.));
#13488=DIRECTION('center_axis',(1.93288429485751E-15,-1.,-5.72391499260408E-16));
#13489=DIRECTION('ref_axis',(3.65670587185239E-14,-5.72391499260337E-16,
1.));
#13490=DIRECTION('',(1.93288429485751E-15,-1.,-5.72391499260408E-16));
#13491=DIRECTION('center_axis',(1.93288429485751E-15,-1.,-5.72391499260408E-16));
#13492=DIRECTION('ref_axis',(3.65670587185239E-14,-5.72391499260337E-16,
1.));
#13493=DIRECTION('center_axis',(1.93288429485751E-15,-1.,-5.72391499260408E-16));
#13494=DIRECTION('ref_axis',(3.65670587185239E-14,-5.72391499260337E-16,
1.));
#13495=DIRECTION('center_axis',(1.93288429485751E-15,-1.,-5.72391499260408E-16));
#13496=DIRECTION('ref_axis',(3.65670587185239E-14,-5.72391499260337E-16,
1.));
#13497=DIRECTION('',(1.93288429485751E-15,-1.,-5.72391499260408E-16));
#13498=DIRECTION('center_axis',(1.93288429485751E-15,-1.,-5.72391499260408E-16));
#13499=DIRECTION('ref_axis',(3.65670587185239E-14,-5.72391499260337E-16,
1.));
#13500=DIRECTION('center_axis',(-1.93288429485751E-15,1.,5.72391499260408E-16));
#13501=DIRECTION('ref_axis',(-3.65670587185239E-14,5.72391499260337E-16,
-1.));
#13502=DIRECTION('center_axis',(1.93288429485751E-15,-1.,-5.72391499260408E-16));
#13503=DIRECTION('ref_axis',(3.65670587185239E-14,-5.72391499260337E-16,
1.));
#13504=DIRECTION('',(-1.93288429485751E-15,1.,5.72391499260408E-16));
#13505=DIRECTION('center_axis',(1.93288429485751E-15,-1.,-5.72391499260408E-16));
#13506=DIRECTION('ref_axis',(3.65670587185239E-14,-5.72391499260337E-16,
1.));
#13507=DIRECTION('',(-1.93288429485751E-15,1.,5.72391499260408E-16));
#13508=DIRECTION('center_axis',(-1.93288429485751E-15,1.,5.72391499260408E-16));
#13509=DIRECTION('ref_axis',(3.64445940386092E-14,-5.72391499260337E-16,
1.));
#13510=DIRECTION('center_axis',(-1.93288429485751E-15,1.,5.72391499260408E-16));
#13511=DIRECTION('ref_axis',(3.65670587185239E-14,-5.72391499260337E-16,
1.));
#13512=DIRECTION('',(-1.93288429485751E-15,1.,5.72391499260408E-16));
#13513=DIRECTION('center_axis',(-1.93288429485751E-15,1.,5.72391499260408E-16));
#13514=DIRECTION('ref_axis',(3.65670587185239E-14,-5.72391499260337E-16,
1.));
#13515=DIRECTION('',(-1.93288429485751E-15,1.,5.72391499260408E-16));
#13516=DIRECTION('center_axis',(0.973008510821031,2.01280321531186E-15,
-0.230769230769266));
#13517=DIRECTION('ref_axis',(0.230769230769266,-1.10891578411722E-16,0.973008510821031));
#13518=DIRECTION('',(-0.230769230769266,1.10891578411722E-16,-0.973008510821031));
#13519=DIRECTION('',(-1.93288429485751E-15,1.,5.72391499260408E-16));
#13520=DIRECTION('',(-0.230769230769266,1.10891578411722E-16,-0.973008510821031));
#13521=DIRECTION('center_axis',(-1.93288429485751E-15,1.,5.72391499260408E-16));
#13522=DIRECTION('ref_axis',(-3.65670587185239E-14,5.72391499260337E-16,
-1.));
#13523=DIRECTION('center_axis',(1.93288429485751E-15,-1.,-5.72391499260408E-16));
#13524=DIRECTION('ref_axis',(3.65670587185239E-14,-5.72391499260337E-16,
1.));
#13525=DIRECTION('',(-1.93288429485751E-15,1.,5.72391499260408E-16));
#13526=DIRECTION('center_axis',(1.93288429485751E-15,-1.,-5.72391499260408E-16));
#13527=DIRECTION('ref_axis',(3.65670587185239E-14,-5.72391499260337E-16,
1.));
#13528=DIRECTION('center_axis',(-0.973008510821048,-1.74862252334555E-15,
-0.230769230769195));
#13529=DIRECTION('ref_axis',(0.230769230769195,1.00299202219212E-15,-0.973008510821048));
#13530=DIRECTION('',(-0.230769230769195,-1.00299202219212E-15,0.973008510821048));
#13531=DIRECTION('',(-0.230769230769195,-1.00299202219212E-15,0.973008510821048));
#13532=DIRECTION('center_axis',(-0.973008510821031,-2.01280321531186E-15,
0.230769230769266));
#13533=DIRECTION('ref_axis',(-0.230769230769266,1.10891578411722E-16,-0.973008510821031));
#13534=DIRECTION('',(0.230769230769266,-1.10891578411722E-16,0.973008510821031));
#13535=DIRECTION('',(-1.93288429485751E-15,1.,5.72391499260408E-16));
#13536=DIRECTION('',(0.230769230769266,-1.10891578411722E-16,0.973008510821031));
#13537=DIRECTION('center_axis',(-1.93288429485751E-15,1.,5.72391499260408E-16));
#13538=DIRECTION('ref_axis',(-3.65670587185239E-14,5.72391499260337E-16,
-1.));
#13539=DIRECTION('center_axis',(1.93288429485751E-15,-1.,-5.72391499260408E-16));
#13540=DIRECTION('ref_axis',(3.65670587185239E-14,-5.72391499260337E-16,
1.));
#13541=DIRECTION('',(-1.93288429485751E-15,1.,5.72391499260408E-16));
#13542=DIRECTION('center_axis',(1.93288429485751E-15,-1.,-5.72391499260408E-16));
#13543=DIRECTION('ref_axis',(3.65670587185239E-14,-5.72391499260337E-16,
1.));
#13544=DIRECTION('center_axis',(0.973008510821048,1.74862252334555E-15,
0.230769230769195));
#13545=DIRECTION('ref_axis',(-0.230769230769195,-1.00299202219212E-15,0.973008510821048));
#13546=DIRECTION('',(0.230769230769195,1.00299202219212E-15,-0.973008510821048));
#13547=DIRECTION('',(0.230769230769195,1.00299202219212E-15,-0.973008510821048));
#13548=DIRECTION('center_axis',(1.93288429485751E-15,-1.,-5.72391499260408E-16));
#13549=DIRECTION('ref_axis',(3.65670587185239E-14,-5.72391499260337E-16,
1.));
#13550=DIRECTION('center_axis',(1.93288429485751E-15,-1.,-5.72391499260408E-16));
#13551=DIRECTION('ref_axis',(3.65670587185239E-14,-5.72391499260337E-16,
1.));
#13552=DIRECTION('center_axis',(-2.1383121074793E-15,1.,3.44860366946575E-16));
#13553=DIRECTION('ref_axis',(0.708954940275617,1.75918100943201E-15,-0.705253778904301));
#13554=DIRECTION('center_axis',(-2.1383121074793E-15,1.,3.44860366946575E-16));
#13555=DIRECTION('ref_axis',(0.708954940275617,1.75918100943201E-15,-0.705253778904301));
#13556=DIRECTION('',(0.299617304512033,-0.906307787036473,-0.298053126126862));
#13557=DIRECTION('center_axis',(-2.1383121074793E-15,1.,3.44860366946575E-16));
#13558=DIRECTION('ref_axis',(0.708954940275617,1.75918100943201E-15,-0.705253778904301));
#13559=DIRECTION('center_axis',(2.1383121074793E-15,-1.,-3.44860366946575E-16));
#13560=DIRECTION('ref_axis',(0.708954940275617,1.75918100943201E-15,-0.705253778904301));
#13561=DIRECTION('center_axis',(-2.1383121074793E-15,1.,3.44860366946575E-16));
#13562=DIRECTION('ref_axis',(0.708954940275617,1.75918100943201E-15,-0.705253778904301));
#13563=DIRECTION('',(-0.299617304512029,-0.906307787036474,0.298053126126862));
#13564=DIRECTION('center_axis',(-2.1383121074793E-15,1.,3.44860366946575E-16));
#13565=DIRECTION('ref_axis',(0.708954940275617,1.75918100943201E-15,-0.705253778904301));
#13566=DIRECTION('center_axis',(2.1383121074793E-15,-1.,-3.44860366946575E-16));
#13567=DIRECTION('ref_axis',(0.708954940275617,1.75918100943201E-15,-0.705253778904301));
#13568=DIRECTION('',(-2.1383121074793E-15,1.,3.44860366946575E-16));
#13569=DIRECTION('center_axis',(-2.1383121074793E-15,1.,3.44860366946575E-16));
#13570=DIRECTION('ref_axis',(0.708954940275617,1.75918100943201E-15,-0.705253778904301));
#13571=DIRECTION('center_axis',(2.1383121074793E-15,-1.,-3.44860366946575E-16));
#13572=DIRECTION('ref_axis',(0.708954940275617,1.75918100943201E-15,-0.705253778904301));
#13573=DIRECTION('center_axis',(-2.1383121074793E-15,1.,3.44860366946575E-16));
#13574=DIRECTION('ref_axis',(0.708954940275617,1.75918100943201E-15,-0.705253778904301));
#13575=DIRECTION('',(2.1383121074793E-15,-1.,-3.44860366946575E-16));
#13576=DIRECTION('center_axis',(-2.1383121074793E-15,1.,3.44860366946575E-16));
#13577=DIRECTION('ref_axis',(0.708954940275617,1.75918100943201E-15,-0.705253778904301));
#13578=DIRECTION('',(-0.299617304512033,0.906307787036473,0.298053126126862));
#13579=DIRECTION('center_axis',(-2.1383121074793E-15,1.,3.44860366946575E-16));
#13580=DIRECTION('ref_axis',(0.708954940275617,1.75918100943201E-15,-0.705253778904301));
#13581=DIRECTION('center_axis',(-2.1383121074793E-15,1.,3.44860366946575E-16));
#13582=DIRECTION('ref_axis',(0.708954940275617,1.93791429441098E-15,-0.705253778904301));
#13583=DIRECTION('center_axis',(2.1383121074793E-15,-1.,-3.44860366946575E-16));
#13584=DIRECTION('ref_axis',(0.708954940275617,1.75918100943201E-15,-0.705253778904301));
#13585=DIRECTION('center_axis',(-0.705253778904301,-1.26356223342456E-15,
-0.708954940275617));
#13586=DIRECTION('ref_axis',(-0.708954940275617,-1.61492857867582E-15,0.705253778904301));
#13587=DIRECTION('center_axis',(2.1383121074793E-15,-1.,-3.44860366946575E-16));
#13588=DIRECTION('ref_axis',(0.708954940275617,1.75918100943201E-15,-0.705253778904301));
#13589=DIRECTION('center_axis',(2.1383121074793E-15,-1.,-3.44860366946575E-16));
#13590=DIRECTION('ref_axis',(0.708954940275617,1.75918100943201E-15,-0.705253778904301));
#13591=DIRECTION('',(-2.1383121074793E-15,1.,3.44860366946575E-16));
#13592=DIRECTION('center_axis',(-2.1383121074793E-15,1.,3.44860366946575E-16));
#13593=DIRECTION('ref_axis',(0.708954940275617,1.75918100943201E-15,-0.705253778904301));
#13594=DIRECTION('center_axis',(2.1383121074793E-15,-1.,-3.44860366946575E-16));
#13595=DIRECTION('ref_axis',(0.708954940275617,1.75918100943201E-15,-0.705253778904301));
#13596=DIRECTION('',(0.354477470137623,0.866025403784589,-0.352626889451968));
#13597=DIRECTION('center_axis',(-2.1383121074793E-15,1.,3.44860366946575E-16));
#13598=DIRECTION('ref_axis',(0.708954940275617,1.75918100943201E-15,-0.705253778904301));
#13599=DIRECTION('center_axis',(-2.1383121074793E-15,1.,3.44860366946575E-16));
#13600=DIRECTION('ref_axis',(0.708954940275617,1.75918100943201E-15,-0.705253778904301));
#13601=DIRECTION('center_axis',(-2.1383121074793E-15,1.,3.44860366946575E-16));
#13602=DIRECTION('ref_axis',(0.708954940275617,1.75918100943201E-15,-0.705253778904301));
#13603=DIRECTION('center_axis',(-2.1383121074793E-15,1.,3.44860366946575E-16));
#13604=DIRECTION('ref_axis',(0.708954940275617,1.75918100943201E-15,-0.705253778904301));
#13605=DIRECTION('center_axis',(-1.38695108941691E-16,1.,-6.12323399573678E-17));
#13606=DIRECTION('ref_axis',(0.369312534743107,1.08125377363808E-16,0.929305252154329));
#13607=DIRECTION('center_axis',(-1.38695108941691E-16,1.,-6.12323399573678E-17));
#13608=DIRECTION('ref_axis',(0.369312534743107,1.08125377363808E-16,0.929305252154329));
#13609=DIRECTION('',(0.156078221472323,-0.906307787036474,0.392741370292316));
#13610=DIRECTION('center_axis',(-1.38695108941691E-16,1.,-6.12323399573678E-17));
#13611=DIRECTION('ref_axis',(0.369312534743107,1.08125377363808E-16,0.929305252154329));
#13612=DIRECTION('center_axis',(1.38695108941691E-16,-1.,6.12323399573678E-17));
#13613=DIRECTION('ref_axis',(0.369312534743107,1.08125377363808E-16,0.929305252154329));
#13614=DIRECTION('center_axis',(-1.38695108941691E-16,1.,-6.12323399573678E-17));
#13615=DIRECTION('ref_axis',(0.369312534743107,1.08125377363808E-16,0.929305252154329));
#13616=DIRECTION('',(-0.156078221472323,-0.906307787036474,-0.392741370292317));
#13617=DIRECTION('center_axis',(-1.38695108941691E-16,1.,-6.12323399573678E-17));
#13618=DIRECTION('ref_axis',(0.369312534743107,1.08125377363808E-16,0.929305252154329));
#13619=DIRECTION('center_axis',(1.38695108941691E-16,-1.,6.12323399573678E-17));
#13620=DIRECTION('ref_axis',(0.369312534743107,1.08125377363808E-16,0.929305252154329));
#13621=DIRECTION('',(-1.38695108941691E-16,1.,-6.12323399573678E-17));
#13622=DIRECTION('center_axis',(-1.38695108941691E-16,1.,-6.12323399573678E-17));
#13623=DIRECTION('ref_axis',(0.369312534743107,1.08125377363808E-16,0.929305252154329));
#13624=DIRECTION('center_axis',(1.38695108941691E-16,-1.,6.12323399573678E-17));
#13625=DIRECTION('ref_axis',(0.369312534743107,1.08125377363808E-16,0.929305252154329));
#13626=DIRECTION('center_axis',(-1.38695108941691E-16,1.,-6.12323399573678E-17));
#13627=DIRECTION('ref_axis',(0.369312534743107,1.08125377363808E-16,0.929305252154329));
#13628=DIRECTION('',(1.38695108941691E-16,-1.,6.12323399573678E-17));
#13629=DIRECTION('center_axis',(-1.38695108941691E-16,1.,-6.12323399573678E-17));
#13630=DIRECTION('ref_axis',(0.369312534743107,1.08125377363808E-16,0.929305252154329));
#13631=DIRECTION('',(-0.156078221472323,0.906307787036474,-0.392741370292317));
#13632=DIRECTION('center_axis',(-1.38695108941691E-16,1.,-6.12323399573678E-17));
#13633=DIRECTION('ref_axis',(0.369312534743107,1.08125377363808E-16,0.929305252154329));
#13634=DIRECTION('center_axis',(-1.38695108941691E-16,1.,-6.12323399573678E-17));
#13635=DIRECTION('ref_axis',(0.369312534743107,1.61492857867582E-16,0.929305252154329));
#13636=DIRECTION('center_axis',(1.38695108941691E-16,-1.,6.12323399573678E-17));
#13637=DIRECTION('ref_axis',(0.369312534743107,1.08125377363808E-16,0.929305252154329));
#13638=DIRECTION('center_axis',(0.929305252154329,1.06276222509723E-16,
-0.369312534743107));
#13639=DIRECTION('ref_axis',(-0.369312534743107,-2.01866072334477E-16,-0.929305252154329));
#13640=DIRECTION('center_axis',(1.38695108941691E-16,-1.,6.12323399573678E-17));
#13641=DIRECTION('ref_axis',(0.369312534743107,1.08125377363808E-16,0.929305252154329));
#13642=DIRECTION('center_axis',(1.38695108941691E-16,-1.,6.12323399573678E-17));
#13643=DIRECTION('ref_axis',(0.369312534743107,1.08125377363808E-16,0.929305252154329));
#13644=DIRECTION('',(-1.38695108941691E-16,1.,-6.12323399573678E-17));
#13645=DIRECTION('center_axis',(-1.38695108941691E-16,1.,-6.12323399573678E-17));
#13646=DIRECTION('ref_axis',(0.369312534743107,1.08125377363808E-16,0.929305252154329));
#13647=DIRECTION('center_axis',(1.38695108941691E-16,-1.,6.12323399573678E-17));
#13648=DIRECTION('ref_axis',(0.369312534743107,1.08125377363808E-16,0.929305252154329));
#13649=DIRECTION('',(0.184656267371458,0.866025403784588,0.464652626076924));
#13650=DIRECTION('center_axis',(-1.38695108941691E-16,1.,-6.12323399573678E-17));
#13651=DIRECTION('ref_axis',(0.369312534743107,1.08125377363808E-16,0.929305252154329));
#13652=DIRECTION('center_axis',(-1.38695108941691E-16,1.,-6.12323399573678E-17));
#13653=DIRECTION('ref_axis',(0.369312534743107,1.08125377363808E-16,0.929305252154329));
#13654=DIRECTION('center_axis',(-1.38695108941691E-16,1.,-6.12323399573678E-17));
#13655=DIRECTION('ref_axis',(0.369312534743107,1.08125377363808E-16,0.929305252154329));
#13656=DIRECTION('center_axis',(-1.38695108941691E-16,1.,-6.12323399573678E-17));
#13657=DIRECTION('ref_axis',(0.369312534743107,1.08125377363808E-16,0.929305252154329));
#13658=DIRECTION('center_axis',(6.61852874676485E-15,-1.,-7.52038842317161E-16));
#13659=DIRECTION('ref_axis',(-0.69627017479591,-5.14808245849049E-15,0.717779801672959));
#13660=DIRECTION('center_axis',(6.61852874676485E-15,-1.,-7.52038842317161E-16));
#13661=DIRECTION('ref_axis',(-0.69627017479591,-5.14808245849049E-15,0.717779801672959));
#13662=DIRECTION('',(-0.29425649097441,0.906307787036471,0.303346852095882));
#13663=DIRECTION('center_axis',(6.61852874676485E-15,-1.,-7.52038842317161E-16));
#13664=DIRECTION('ref_axis',(-0.69627017479591,-5.14808245849049E-15,0.717779801672959));
#13665=DIRECTION('center_axis',(-6.61852874676485E-15,1.,7.52038842317161E-16));
#13666=DIRECTION('ref_axis',(-0.69627017479591,-5.14808245849049E-15,0.71777980167296));
#13667=DIRECTION('center_axis',(6.61852874676485E-15,-1.,-7.52038842317161E-16));
#13668=DIRECTION('ref_axis',(-0.69627017479591,-5.14808245849049E-15,0.71777980167296));
#13669=DIRECTION('',(0.294256490974398,0.906307787036476,-0.303346852095881));
#13670=DIRECTION('center_axis',(6.61852874676485E-15,-1.,-7.52038842317161E-16));
#13671=DIRECTION('ref_axis',(-0.69627017479591,-5.1480824584905E-15,0.71777980167296));
#13672=DIRECTION('center_axis',(-6.61852874676485E-15,1.,7.52038842317161E-16));
#13673=DIRECTION('ref_axis',(-0.69627017479591,-5.14808245849049E-15,0.717779801672959));
#13674=DIRECTION('',(6.61852874676485E-15,-1.,-7.52038842317161E-16));
#13675=DIRECTION('center_axis',(6.61852874676485E-15,-1.,-7.52038842317161E-16));
#13676=DIRECTION('ref_axis',(-0.69627017479591,-5.14808245849049E-15,0.717779801672959));
#13677=DIRECTION('center_axis',(-6.61852874676485E-15,1.,7.52038842317161E-16));
#13678=DIRECTION('ref_axis',(-0.69627017479591,-5.14808245849049E-15,0.71777980167296));
#13679=DIRECTION('center_axis',(6.61852874676485E-15,-1.,-7.52038842317161E-16));
#13680=DIRECTION('ref_axis',(-0.69627017479591,-5.14808245849049E-15,0.71777980167296));
#13681=DIRECTION('',(-6.61852874676485E-15,1.,7.52038842317161E-16));
#13682=DIRECTION('center_axis',(6.61852874676485E-15,-1.,-7.52038842317161E-16));
#13683=DIRECTION('ref_axis',(-0.69627017479591,-5.14808245849049E-15,0.71777980167296));
#13684=DIRECTION('',(0.29425649097441,-0.906307787036471,-0.303346852095882));
#13685=DIRECTION('center_axis',(6.61852874676485E-15,-1.,-7.52038842317161E-16));
#13686=DIRECTION('ref_axis',(-0.69627017479591,-5.1480824584905E-15,0.71777980167296));
#13687=DIRECTION('center_axis',(6.61852874676485E-15,-1.,-7.52038842317161E-16));
#13688=DIRECTION('ref_axis',(-0.69627017479591,-5.16777145176261E-15,0.71777980167296));
#13689=DIRECTION('center_axis',(-6.61852874676485E-15,1.,7.52038842317161E-16));
#13690=DIRECTION('ref_axis',(-0.69627017479591,-5.14808245849049E-15,0.71777980167296));
#13691=DIRECTION('center_axis',(-0.71777980167296,-4.22702403502618E-15,
-0.69627017479591));
#13692=DIRECTION('ref_axis',(0.69627017479591,4.84478573602745E-15,-0.71777980167296));
#13693=DIRECTION('center_axis',(-6.61852874676485E-15,1.,7.52038842317161E-16));
#13694=DIRECTION('ref_axis',(-0.69627017479591,-5.14808245849049E-15,0.71777980167296));
#13695=DIRECTION('center_axis',(-6.61852874676485E-15,1.,7.52038842317161E-16));
#13696=DIRECTION('ref_axis',(-0.69627017479591,-5.14808245849049E-15,0.717779801672959));
#13697=DIRECTION('',(6.61852874676485E-15,-1.,-7.52038842317161E-16));
#13698=DIRECTION('center_axis',(6.61852874676485E-15,-1.,-7.52038842317161E-16));
#13699=DIRECTION('ref_axis',(-0.69627017479591,-5.14808245849049E-15,0.717779801672959));
#13700=DIRECTION('center_axis',(-6.61852874676485E-15,1.,7.52038842317161E-16));
#13701=DIRECTION('ref_axis',(-0.69627017479591,-5.14808245849049E-15,0.717779801672959));
#13702=DIRECTION('',(-0.348135087397769,-0.866025403784591,0.358889900836293));
#13703=DIRECTION('center_axis',(6.61852874676485E-15,-1.,-7.52038842317161E-16));
#13704=DIRECTION('ref_axis',(-0.69627017479591,-5.14808245849049E-15,0.717779801672959));
#13705=DIRECTION('center_axis',(6.61852874676485E-15,-1.,-7.52038842317161E-16));
#13706=DIRECTION('ref_axis',(-0.69627017479591,-5.14808245849049E-15,0.71777980167296));
#13707=DIRECTION('center_axis',(6.61852874676485E-15,-1.,-7.52038842317161E-16));
#13708=DIRECTION('ref_axis',(-0.69627017479591,-5.14808245849049E-15,0.71777980167296));
#13709=DIRECTION('center_axis',(6.61852874676485E-15,-1.,-7.52038842317161E-16));
#13710=DIRECTION('ref_axis',(-0.69627017479591,-5.14808245849049E-15,0.71777980167296));
#13711=DIRECTION('center_axis',(-1.00191399433342E-15,-1.,-1.45678636436953E-16));
#13712=DIRECTION('ref_axis',(-0.69711379200259,8.02893892117229E-16,-0.716960501701293));
#13713=DIRECTION('center_axis',(-1.00191399433342E-15,-1.,-1.45678636436953E-16));
#13714=DIRECTION('ref_axis',(-0.69711379200259,8.02893892117229E-16,-0.716960501701293));
#13715=DIRECTION('',(-0.294613019011865,0.906307787036474,-0.303000600966012));
#13716=DIRECTION('center_axis',(-1.00191399433342E-15,-1.,-1.45678636436953E-16));
#13717=DIRECTION('ref_axis',(-0.69711379200259,8.02893892117229E-16,-0.716960501701293));
#13718=DIRECTION('center_axis',(1.00191399433342E-15,1.,1.45678636436953E-16));
#13719=DIRECTION('ref_axis',(-0.69711379200259,8.02893892117229E-16,-0.716960501701293));
#13720=DIRECTION('center_axis',(-1.00191399433342E-15,-1.,-1.45678636436953E-16));
#13721=DIRECTION('ref_axis',(-0.69711379200259,8.02893892117229E-16,-0.716960501701293));
#13722=DIRECTION('',(0.294613019011867,0.906307787036473,0.303000600966012));
#13723=DIRECTION('center_axis',(-1.00191399433342E-15,-1.,-1.45678636436953E-16));
#13724=DIRECTION('ref_axis',(-0.697113792002589,8.02893892117229E-16,-0.716960501701293));
#13725=DIRECTION('center_axis',(1.00191399433342E-15,1.,1.45678636436953E-16));
#13726=DIRECTION('ref_axis',(-0.69711379200259,8.02893892117229E-16,-0.716960501701293));
#13727=DIRECTION('',(-1.00191399433342E-15,-1.,-1.45678636436953E-16));
#13728=DIRECTION('center_axis',(-1.00191399433342E-15,-1.,-1.45678636436953E-16));
#13729=DIRECTION('ref_axis',(-0.69711379200259,8.02893892117229E-16,-0.716960501701293));
#13730=DIRECTION('center_axis',(1.00191399433342E-15,1.,1.45678636436953E-16));
#13731=DIRECTION('ref_axis',(-0.69711379200259,8.02893892117229E-16,-0.716960501701293));
#13732=DIRECTION('center_axis',(-1.00191399433342E-15,-1.,-1.45678636436953E-16));
#13733=DIRECTION('ref_axis',(-0.69711379200259,8.02893892117229E-16,-0.716960501701293));
#13734=DIRECTION('',(1.00191399433342E-15,1.,1.45678636436953E-16));
#13735=DIRECTION('center_axis',(-1.00191399433342E-15,-1.,-1.45678636436953E-16));
#13736=DIRECTION('ref_axis',(-0.69711379200259,8.02893892117229E-16,-0.716960501701293));
#13737=DIRECTION('',(0.294613019011865,-0.906307787036474,0.303000600966011));
#13738=DIRECTION('center_axis',(-1.00191399433342E-15,-1.,-1.45678636436953E-16));
#13739=DIRECTION('ref_axis',(-0.697113792002589,8.02893892117229E-16,-0.716960501701293));
#13740=DIRECTION('center_axis',(-1.00191399433342E-15,-1.,-1.45678636436953E-16));
#13741=DIRECTION('ref_axis',(-0.69711379200259,8.07464289337908E-16,-0.716960501701293));
#13742=DIRECTION('center_axis',(1.00191399433342E-15,1.,1.45678636436953E-16));
#13743=DIRECTION('ref_axis',(-0.69711379200259,8.02893892117229E-16,-0.716960501701293));
#13744=DIRECTION('center_axis',(0.716960501701293,-6.16778173378504E-16,
-0.69711379200259));
#13745=DIRECTION('ref_axis',(0.69711379200259,-8.07464289337908E-16,0.716960501701293));
#13746=DIRECTION('center_axis',(1.00191399433342E-15,1.,1.45678636436953E-16));
#13747=DIRECTION('ref_axis',(-0.69711379200259,8.02893892117229E-16,-0.716960501701293));
#13748=DIRECTION('center_axis',(1.00191399433342E-15,1.,1.45678636436953E-16));
#13749=DIRECTION('ref_axis',(-0.69711379200259,8.02893892117229E-16,-0.716960501701293));
#13750=DIRECTION('',(-1.00191399433342E-15,-1.,-1.45678636436953E-16));
#13751=DIRECTION('center_axis',(-1.00191399433342E-15,-1.,-1.45678636436953E-16));
#13752=DIRECTION('ref_axis',(-0.69711379200259,8.02893892117229E-16,-0.716960501701293));
#13753=DIRECTION('center_axis',(1.00191399433342E-15,1.,1.45678636436953E-16));
#13754=DIRECTION('ref_axis',(-0.69711379200259,8.02893892117229E-16,-0.716960501701293));
#13755=DIRECTION('',(-0.348556896001115,-0.866025403784588,-0.358480250850461));
#13756=DIRECTION('center_axis',(-1.00191399433342E-15,-1.,-1.45678636436953E-16));
#13757=DIRECTION('ref_axis',(-0.69711379200259,8.02893892117229E-16,-0.716960501701293));
#13758=DIRECTION('center_axis',(-1.00191399433342E-15,-1.,-1.45678636436953E-16));
#13759=DIRECTION('ref_axis',(-0.69711379200259,8.02893892117229E-16,-0.716960501701293));
#13760=DIRECTION('center_axis',(-1.00191399433342E-15,-1.,-1.45678636436953E-16));
#13761=DIRECTION('ref_axis',(-0.69711379200259,8.02893892117229E-16,-0.716960501701293));
#13762=DIRECTION('center_axis',(-1.00191399433342E-15,-1.,-1.45678636436953E-16));
#13763=DIRECTION('ref_axis',(-0.69711379200259,8.02893892117229E-16,-0.716960501701293));
#13764=DIRECTION('center_axis',(-3.39478319843679E-15,1.,-3.77352071962601E-16));
#13765=DIRECTION('ref_axis',(0.99787210691012,3.41216344938602E-15,0.0652016736806576));
#13766=DIRECTION('center_axis',(3.39478319843679E-15,-1.,3.77352071962601E-16));
#13767=DIRECTION('ref_axis',(0.0652016736806574,-1.55203560775166E-16,-0.99787210691012));
#13768=DIRECTION('',(-3.39478319843679E-15,1.,-3.77352071962601E-16));
#13769=DIRECTION('center_axis',(3.39478319843679E-15,-1.,3.77352071962601E-16));
#13770=DIRECTION('ref_axis',(0.0652016736806574,-1.55203560775166E-16,-0.99787210691012));
#13771=DIRECTION('',(-3.39478319843679E-15,1.,-3.77352071962601E-16));
#13772=DIRECTION('center_axis',(-3.39478319843679E-15,1.,-3.77352071962601E-16));
#13773=DIRECTION('ref_axis',(-0.0652016736806574,1.55203560775166E-16,0.99787210691012));
#13774=DIRECTION('center_axis',(-3.39478319843679E-15,1.,-3.77352071962601E-16));
#13775=DIRECTION('ref_axis',(0.0652016736806574,-1.55203560775166E-16,-0.99787210691012));
#13776=DIRECTION('',(-3.39478319843679E-15,1.,-3.77352071962601E-16));
#13777=DIRECTION('center_axis',(-3.39478319843679E-15,1.,-3.77352071962601E-16));
#13778=DIRECTION('ref_axis',(0.0652016736806574,-1.55203560775166E-16,-0.99787210691012));
#13779=DIRECTION('',(-3.39478319843679E-15,1.,-3.77352071962601E-16));
#13780=DIRECTION('center_axis',(-0.99787210691012,-3.41216344938602E-15,
-0.0652016736806572));
#13781=DIRECTION('ref_axis',(0.0652016736806572,-1.55203560775166E-16,-0.99787210691012));
#13782=DIRECTION('',(-0.0652016736806571,1.55203560775167E-16,0.99787210691012));
#13783=DIRECTION('',(-3.39478319843679E-15,1.,-3.77352071962601E-16));
#13784=DIRECTION('',(-0.0652016736806571,1.55203560775167E-16,0.99787210691012));
#13785=DIRECTION('center_axis',(-3.39478319843679E-15,1.,-3.77352071962601E-16));
#13786=DIRECTION('ref_axis',(-0.0652016736806574,1.55203560775166E-16,0.99787210691012));
#13787=DIRECTION('center_axis',(-3.39478319843679E-15,1.,-3.77352071962601E-16));
#13788=DIRECTION('ref_axis',(0.0652016736806574,-1.55203560775166E-16,-0.99787210691012));
#13789=DIRECTION('',(-3.39478319843679E-15,1.,-3.77352071962601E-16));
#13790=DIRECTION('center_axis',(-3.39478319843679E-15,1.,-3.77352071962601E-16));
#13791=DIRECTION('ref_axis',(0.0652016736806574,-1.55203560775166E-16,-0.99787210691012));
#13792=DIRECTION('center_axis',(0.311313944876919,6.98242987701811E-16,
-0.95030712284249));
#13793=DIRECTION('ref_axis',(0.95030712284249,3.34356161611065E-15,0.311313944876919));
#13794=DIRECTION('',(-0.95030712284249,-3.34356161611065E-15,-0.311313944876919));
#13795=DIRECTION('',(-3.39478319843679E-15,1.,-3.77352071962601E-16));
#13796=DIRECTION('',(-0.95030712284249,-3.34356161611065E-15,-0.311313944876919));
#13797=DIRECTION('center_axis',(-3.39478319843679E-15,1.,-3.77352071962601E-16));
#13798=DIRECTION('ref_axis',(-0.0652016736806573,1.55203560775166E-16,0.99787210691012));
#13799=DIRECTION('center_axis',(-3.39478319843679E-15,1.,-3.77352071962601E-16));
#13800=DIRECTION('ref_axis',(0.0652016736806573,-1.55203560775166E-16,-0.99787210691012));
#13801=DIRECTION('',(-3.39478319843679E-15,1.,-3.77352071962601E-16));
#13802=DIRECTION('center_axis',(-3.39478319843679E-15,1.,-3.77352071962601E-16));
#13803=DIRECTION('ref_axis',(0.0652016736806573,-1.55203560775166E-16,-0.99787210691012));
#13804=DIRECTION('center_axis',(0.185007458467942,9.98898098729871E-16,
0.982737116583694));
#13805=DIRECTION('ref_axis',(-0.982737116583694,-3.26636650407713E-15,0.185007458467942));
#13806=DIRECTION('',(0.982737116583694,3.26636650407713E-15,-0.185007458467942));
#13807=DIRECTION('',(-3.39478319843679E-15,1.,-3.77352071962601E-16));
#13808=DIRECTION('',(0.982737116583694,3.26636650407713E-15,-0.185007458467942));
#13809=DIRECTION('center_axis',(-3.39478319843679E-15,1.,-3.77352071962601E-16));
#13810=DIRECTION('ref_axis',(-0.0652016736806574,1.55203560775166E-16,0.99787210691012));
#13811=DIRECTION('center_axis',(-3.39478319843679E-15,1.,-3.77352071962601E-16));
#13812=DIRECTION('ref_axis',(0.0652016736806574,-1.55203560775166E-16,-0.99787210691012));
#13813=DIRECTION('',(-3.39478319843679E-15,1.,-3.77352071962601E-16));
#13814=DIRECTION('center_axis',(-3.39478319843679E-15,1.,-3.77352071962601E-16));
#13815=DIRECTION('ref_axis',(0.0652016736806574,-1.55203560775166E-16,-0.99787210691012));
#13816=DIRECTION('center_axis',(-0.99787210691012,-3.41216344938602E-15,
-0.0652016736806575));
#13817=DIRECTION('ref_axis',(0.0652016736806575,-1.55203560775165E-16,-0.99787210691012));
#13818=DIRECTION('',(-0.0652016736806575,1.55203560775165E-16,0.99787210691012));
#13819=DIRECTION('',(-3.39478319843679E-15,1.,-3.77352071962601E-16));
#13820=DIRECTION('',(-0.0652016736806575,1.55203560775165E-16,0.99787210691012));
#13821=DIRECTION('center_axis',(-3.39478319843679E-15,1.,-3.77352071962601E-16));
#13822=DIRECTION('ref_axis',(-0.0652016736806574,1.55203560775166E-16,0.99787210691012));
#13823=DIRECTION('center_axis',(-3.39478319843679E-15,1.,-3.77352071962601E-16));
#13824=DIRECTION('ref_axis',(0.0652016736806574,-1.55203560775166E-16,-0.99787210691012));
#13825=DIRECTION('',(-3.39478319843679E-15,1.,-3.77352071962601E-16));
#13826=DIRECTION('center_axis',(-3.39478319843679E-15,1.,-3.77352071962601E-16));
#13827=DIRECTION('ref_axis',(0.0652016736806574,-1.55203560775166E-16,-0.99787210691012));
#13828=DIRECTION('center_axis',(0.391348495085487,9.81287861963371E-16,
-0.920242552479684));
#13829=DIRECTION('ref_axis',(0.920242552479684,3.27170012112457E-15,0.391348495085487));
#13830=DIRECTION('',(-0.920242552479684,-3.27170012112457E-15,-0.391348495085487));
#13831=DIRECTION('',(-0.920242552479684,-3.27170012112457E-15,-0.391348495085487));
#13832=DIRECTION('center_axis',(0.268273691756239,1.27425039866079E-15,
0.963342735640581));
#13833=DIRECTION('ref_axis',(-0.963342735640581,-3.16910609985151E-15,0.268273691756239));
#13834=DIRECTION('',(0.963342735640581,3.16910609985151E-15,-0.26827369175624));
#13835=DIRECTION('',(0.963342735640581,3.16910609985151E-15,-0.26827369175624));
#13836=DIRECTION('center_axis',(3.39478319843679E-15,-1.,3.77352071962601E-16));
#13837=DIRECTION('ref_axis',(0.0652016736806573,-1.55203560775166E-16,-0.99787210691012));
#13838=DIRECTION('center_axis',(3.39478319843679E-15,-1.,3.77352071962601E-16));
#13839=DIRECTION('ref_axis',(0.0652016736806573,-1.55203560775166E-16,-0.99787210691012));
#13840=DIRECTION('center_axis',(3.36849878435474E-15,-1.,2.7519065142991E-16));
#13841=DIRECTION('ref_axis',(0.612806961592455,2.28170414058681E-15,0.790232641583365));
#13842=DIRECTION('center_axis',(-3.36849878435474E-15,1.,-2.7519065142991E-16));
#13843=DIRECTION('ref_axis',(-0.790232641583365,-2.49325894556959E-15,0.612806961592455));
#13844=DIRECTION('',(3.36849878435474E-15,-1.,2.7519065142991E-16));
#13845=DIRECTION('center_axis',(-3.36849878435474E-15,1.,-2.7519065142991E-16));
#13846=DIRECTION('ref_axis',(-0.790232641583365,-2.49325894556959E-15,0.612806961592455));
#13847=DIRECTION('',(3.36849878435474E-15,-1.,2.7519065142991E-16));
#13848=DIRECTION('center_axis',(3.36849878435474E-15,-1.,2.7519065142991E-16));
#13849=DIRECTION('ref_axis',(0.790232641583365,2.49325894556959E-15,-0.612806961592455));
#13850=DIRECTION('center_axis',(3.36849878435474E-15,-1.,2.7519065142991E-16));
#13851=DIRECTION('ref_axis',(-0.790232641583365,-2.49325894556959E-15,0.612806961592455));
#13852=DIRECTION('',(3.36849878435474E-15,-1.,2.7519065142991E-16));
#13853=DIRECTION('center_axis',(3.36849878435474E-15,-1.,2.7519065142991E-16));
#13854=DIRECTION('ref_axis',(-0.790232641583365,-2.49325894556959E-15,0.612806961592455));
#13855=DIRECTION('',(3.36849878435474E-15,-1.,2.7519065142991E-16));
#13856=DIRECTION('center_axis',(-0.612806961592455,-2.28170414058681E-15,
-0.790232641583365));
#13857=DIRECTION('ref_axis',(-0.790232641583365,-2.49325894556959E-15,0.612806961592455));
#13858=DIRECTION('',(0.790232641583365,2.49325894556959E-15,-0.612806961592455));
#13859=DIRECTION('',(3.36849878435474E-15,-1.,2.7519065142991E-16));
#13860=DIRECTION('',(0.790232641583365,2.49325894556959E-15,-0.612806961592455));
#13861=DIRECTION('center_axis',(3.36849878435474E-15,-1.,2.7519065142991E-16));
#13862=DIRECTION('ref_axis',(0.790232641583365,2.49325894556959E-15,-0.612806961592455));
#13863=DIRECTION('center_axis',(3.36849878435474E-15,-1.,2.7519065142991E-16));
#13864=DIRECTION('ref_axis',(-0.790232641583365,-2.49325894556959E-15,0.612806961592455));
#13865=DIRECTION('',(3.36849878435474E-15,-1.,2.7519065142991E-16));
#13866=DIRECTION('center_axis',(3.36849878435474E-15,-1.,2.7519065142991E-16));
#13867=DIRECTION('ref_axis',(-0.790232641583365,-2.49325894556959E-15,0.612806961592455));
#13868=DIRECTION('center_axis',(-0.613007135879582,-1.84749188574592E-15,
0.790077370490202));
#13869=DIRECTION('ref_axis',(0.790077370490202,2.83006849509632E-15,0.613007135879582));
#13870=DIRECTION('',(-0.790077370490202,-2.83006849509632E-15,-0.613007135879582));
#13871=DIRECTION('',(3.36849878435474E-15,-1.,2.7519065142991E-16));
#13872=DIRECTION('',(-0.790077370490202,-2.83006849509632E-15,-0.613007135879582));
#13873=DIRECTION('center_axis',(3.36849878435474E-15,-1.,2.7519065142991E-16));
#13874=DIRECTION('ref_axis',(0.790232641583365,2.49325894556959E-15,-0.612806961592455));
#13875=DIRECTION('center_axis',(3.36849878435474E-15,-1.,2.7519065142991E-16));
#13876=DIRECTION('ref_axis',(-0.790232641583365,-2.49325894556959E-15,0.612806961592455));
#13877=DIRECTION('',(3.36849878435474E-15,-1.,2.7519065142991E-16));
#13878=DIRECTION('center_axis',(3.36849878435474E-15,-1.,2.7519065142991E-16));
#13879=DIRECTION('ref_axis',(-0.790232641583365,-2.49325894556959E-15,0.612806961592455));
#13880=DIRECTION('center_axis',(0.917804924144108,2.98236537627814E-15,
-0.397031637551502));
#13881=DIRECTION('ref_axis',(-0.397031637551502,-1.5899719234034E-15,-0.917804924144108));
#13882=DIRECTION('',(0.397031637551502,1.5899719234034E-15,0.917804924144108));
#13883=DIRECTION('',(3.36849878435474E-15,-1.,2.7519065142991E-16));
#13884=DIRECTION('',(0.397031637551502,1.5899719234034E-15,0.917804924144108));
#13885=DIRECTION('center_axis',(3.36849878435474E-15,-1.,2.7519065142991E-16));
#13886=DIRECTION('ref_axis',(0.790232641583365,2.49325894556959E-15,-0.612806961592455));
#13887=DIRECTION('center_axis',(3.36849878435474E-15,-1.,2.7519065142991E-16));
#13888=DIRECTION('ref_axis',(-0.790232641583365,-2.49325894556959E-15,0.612806961592455));
#13889=DIRECTION('',(3.36849878435474E-15,-1.,2.7519065142991E-16));
#13890=DIRECTION('center_axis',(3.36849878435474E-15,-1.,2.7519065142991E-16));
#13891=DIRECTION('ref_axis',(-0.790232641583365,-2.49325894556959E-15,0.612806961592455));
#13892=DIRECTION('center_axis',(-0.612806961592455,-2.28170414058681E-15,
-0.790232641583365));
#13893=DIRECTION('ref_axis',(-0.790232641583365,-2.49325894556959E-15,0.612806961592455));
#13894=DIRECTION('',(0.790232641583365,2.49325894556958E-15,-0.612806961592455));
#13895=DIRECTION('',(3.36849878435474E-15,-1.,2.7519065142991E-16));
#13896=DIRECTION('',(0.790232641583365,2.49325894556958E-15,-0.612806961592455));
#13897=DIRECTION('center_axis',(3.36849878435474E-15,-1.,2.7519065142991E-16));
#13898=DIRECTION('ref_axis',(0.790232641583365,2.49325894556959E-15,-0.612806961592455));
#13899=DIRECTION('center_axis',(3.36849878435474E-15,-1.,2.7519065142991E-16));
#13900=DIRECTION('ref_axis',(-0.790232641583365,-2.49325894556959E-15,0.612806961592455));
#13901=DIRECTION('',(3.36849878435474E-15,-1.,2.7519065142991E-16));
#13902=DIRECTION('center_axis',(3.36849878435474E-15,-1.,2.7519065142991E-16));
#13903=DIRECTION('ref_axis',(-0.790232641583365,-2.49325894556959E-15,0.612806961592455));
#13904=DIRECTION('center_axis',(-0.543280798337343,-1.59900410699468E-15,
0.839551055122879));
#13905=DIRECTION('ref_axis',(0.839551055122879,2.97753250538897E-15,0.543280798337343));
#13906=DIRECTION('',(-0.839551055122879,-2.97753250538897E-15,-0.543280798337343));
#13907=DIRECTION('',(-0.839551055122879,-2.97753250538897E-15,-0.543280798337343));
#13908=DIRECTION('center_axis',(0.948363839859675,3.10727622374927E-15,
-0.317184531852694));
#13909=DIRECTION('ref_axis',(-0.317184531852694,-1.32941657284548E-15,-0.948363839859675));
#13910=DIRECTION('',(0.317184531852694,1.32941657284548E-15,0.948363839859675));
#13911=DIRECTION('',(0.317184531852694,1.32941657284548E-15,0.948363839859675));
#13912=DIRECTION('center_axis',(-3.36849878435474E-15,1.,-2.7519065142991E-16));
#13913=DIRECTION('ref_axis',(-0.790232641583365,-2.49325894556959E-15,0.612806961592455));
#13914=DIRECTION('center_axis',(-3.36849878435474E-15,1.,-2.7519065142991E-16));
#13915=DIRECTION('ref_axis',(-0.790232641583365,-2.49325894556959E-15,0.612806961592455));
#13916=DIRECTION('center_axis',(-3.36767200596598E-15,1.,-1.96249898904077E-16));
#13917=DIRECTION('ref_axis',(-0.790232641583365,-2.54098104100061E-15,0.612806961592456));
#13918=DIRECTION('center_axis',(-3.36767200596598E-15,1.,-1.96249898904077E-16));
#13919=DIRECTION('ref_axis',(-0.790232641583365,-2.54098104100061E-15,0.612806961592456));
#13920=DIRECTION('',(3.36767200596598E-15,-1.,1.96249898904077E-16));
#13921=DIRECTION('center_axis',(-3.36767200596598E-15,1.,-1.96249898904077E-16));
#13922=DIRECTION('ref_axis',(-0.790232641583365,-2.54098104100061E-15,0.612806961592456));
#13923=DIRECTION('center_axis',(-3.36767200596598E-15,1.,-1.96249898904077E-16));
#13924=DIRECTION('ref_axis',(-0.790232641583365,-2.54098104100061E-15,0.612806961592456));
#13925=DIRECTION('center_axis',(-3.36767200596598E-15,1.,-1.96249898904077E-16));
#13926=DIRECTION('ref_axis',(-0.790232641583364,-2.54098104100061E-15,0.612806961592456));
#13927=DIRECTION('',(-3.36767200596598E-15,1.,-1.96249898904077E-16));
#13928=DIRECTION('center_axis',(-3.36767200596598E-15,1.,-1.96249898904077E-16));
#13929=DIRECTION('ref_axis',(-0.790232641583364,-2.54098104100061E-15,0.612806961592456));
#13930=DIRECTION('center_axis',(-3.36767200596598E-15,1.,-1.96249898904077E-16));
#13931=DIRECTION('ref_axis',(-0.790232641583365,-2.54098104100061E-15,0.612806961592456));
#13932=DIRECTION('center_axis',(3.36767200596598E-15,-1.,1.96249898904077E-16));
#13933=DIRECTION('ref_axis',(0.790232641583365,2.54098104100061E-15,-0.612806961592456));
#13934=DIRECTION('center_axis',(-1.39129494550015E-15,-1.,-8.57665104352851E-16));
#13935=DIRECTION('ref_axis',(0.369312534743104,-1.31085534896253E-15,0.929305252154331));
#13936=DIRECTION('center_axis',(-1.39129494550015E-15,-1.,-8.57665104352851E-16));
#13937=DIRECTION('ref_axis',(0.369312534743104,-1.31085534896253E-15,0.929305252154331));
#13938=DIRECTION('',(1.39129494550015E-15,1.,8.57665104352851E-16));
#13939=DIRECTION('center_axis',(-1.39129494550015E-15,-1.,-8.57665104352851E-16));
#13940=DIRECTION('ref_axis',(0.369312534743104,-1.31085534896253E-15,0.929305252154331));
#13941=DIRECTION('center_axis',(-1.39129494550015E-15,-1.,-8.57665104352851E-16));
#13942=DIRECTION('ref_axis',(0.369312534743104,-1.31085534896253E-15,0.929305252154331));
#13943=DIRECTION('center_axis',(-1.39129494550015E-15,-1.,-8.57665104352851E-16));
#13944=DIRECTION('ref_axis',(0.369312534743104,-1.31085534896253E-15,0.929305252154331));
#13945=DIRECTION('',(-1.39129494550015E-15,-1.,-8.57665104352851E-16));
#13946=DIRECTION('center_axis',(-1.39129494550015E-15,-1.,-8.57665104352851E-16));
#13947=DIRECTION('ref_axis',(0.369312534743104,-1.31085534896253E-15,0.929305252154331));
#13948=DIRECTION('center_axis',(-1.39129494550015E-15,-1.,-8.57665104352851E-16));
#13949=DIRECTION('ref_axis',(0.369312534743104,-1.31085534896253E-15,0.929305252154331));
#13950=DIRECTION('center_axis',(1.39129494550015E-15,1.,8.57665104352851E-16));
#13951=DIRECTION('ref_axis',(-0.369312534743104,1.31085534896253E-15,-0.929305252154331));
#13952=DIRECTION('center_axis',(-3.81359484855804E-15,1.,-5.32798546317816E-16));
#13953=DIRECTION('ref_axis',(-0.790232641583365,-2.68712447279483E-15,0.612806961592456));
#13954=DIRECTION('center_axis',(-3.81359484855804E-15,1.,-5.32798546317816E-16));
#13955=DIRECTION('ref_axis',(-0.790232641583365,-2.68712447279483E-15,0.612806961592456));
#13956=DIRECTION('',(3.81359484855804E-15,-1.,5.32798546317816E-16));
#13957=DIRECTION('center_axis',(-3.81359484855804E-15,1.,-5.32798546317816E-16));
#13958=DIRECTION('ref_axis',(-0.790232641583365,-2.68712447279483E-15,0.612806961592456));
#13959=DIRECTION('center_axis',(-3.81359484855804E-15,1.,-5.32798546317816E-16));
#13960=DIRECTION('ref_axis',(-0.790232641583365,-2.68712447279483E-15,0.612806961592456));
#13961=DIRECTION('center_axis',(-3.81359484855804E-15,1.,-5.32798546317816E-16));
#13962=DIRECTION('ref_axis',(-0.790232641583365,-2.68712447279483E-15,0.612806961592456));
#13963=DIRECTION('',(-3.81359484855804E-15,1.,-5.32798546317816E-16));
#13964=DIRECTION('center_axis',(-3.81359484855804E-15,1.,-5.32798546317816E-16));
#13965=DIRECTION('ref_axis',(-0.790232641583365,-2.68712447279483E-15,0.612806961592456));
#13966=DIRECTION('center_axis',(-3.81359484855804E-15,1.,-5.32798546317816E-16));
#13967=DIRECTION('ref_axis',(-0.790232641583365,-2.68712447279483E-15,0.612806961592456));
#13968=DIRECTION('center_axis',(3.81359484855804E-15,-1.,5.32798546317816E-16));
#13969=DIRECTION('ref_axis',(0.790232641583365,2.68712447279483E-15,-0.612806961592456));
#13970=DIRECTION('center_axis',(3.34458334518593E-15,-1.,1.5508382566222E-16));
#13971=DIRECTION('ref_axis',(0.776003870082025,2.4975938859079E-15,-0.630728145572813));
#13972=DIRECTION('center_axis',(3.34458334518593E-15,-1.,1.5508382566222E-16));
#13973=DIRECTION('ref_axis',(0.776003870082025,2.4975938859079E-15,-0.630728145572813));
#13974=DIRECTION('',(-3.34458334518593E-15,1.,-1.5508382566222E-16));
#13975=DIRECTION('center_axis',(3.34458334518593E-15,-1.,1.5508382566222E-16));
#13976=DIRECTION('ref_axis',(0.776003870082025,2.4975938859079E-15,-0.630728145572813));
#13977=DIRECTION('center_axis',(3.34458334518593E-15,-1.,1.5508382566222E-16));
#13978=DIRECTION('ref_axis',(0.776003870082025,2.4975938859079E-15,-0.630728145572813));
#13979=DIRECTION('center_axis',(3.34458334518593E-15,-1.,1.5508382566222E-16));
#13980=DIRECTION('ref_axis',(0.776003870082025,2.4975938859079E-15,-0.630728145572813));
#13981=DIRECTION('',(3.34458334518593E-15,-1.,1.5508382566222E-16));
#13982=DIRECTION('center_axis',(3.34458334518593E-15,-1.,1.5508382566222E-16));
#13983=DIRECTION('ref_axis',(0.776003870082025,2.4975938859079E-15,-0.630728145572813));
#13984=DIRECTION('center_axis',(3.34458334518593E-15,-1.,1.5508382566222E-16));
#13985=DIRECTION('ref_axis',(0.776003870082025,2.4975938859079E-15,-0.630728145572813));
#13986=DIRECTION('center_axis',(-3.34458334518593E-15,1.,-1.5508382566222E-16));
#13987=DIRECTION('ref_axis',(-0.776003870082025,-2.4975938859079E-15,0.630728145572813));
#13988=DIRECTION('center_axis',(-6.20579387465203E-15,1.,2.84135326069713E-17));
#13989=DIRECTION('ref_axis',(-0.793800349313367,-4.94344184318057E-15,0.608178432230194));
#13990=DIRECTION('center_axis',(-6.20579387465203E-15,1.,2.84135326069713E-17));
#13991=DIRECTION('ref_axis',(-0.793800349313367,-4.94344184318057E-15,0.608178432230194));
#13992=DIRECTION('',(6.20579387465203E-15,-1.,-2.84135326069713E-17));
#13993=DIRECTION('center_axis',(-6.20579387465203E-15,1.,2.84135326069713E-17));
#13994=DIRECTION('ref_axis',(-0.793800349313367,-4.94344184318057E-15,0.608178432230194));
#13995=DIRECTION('center_axis',(-6.20579387465203E-15,1.,2.84135326069713E-17));
#13996=DIRECTION('ref_axis',(-0.793800349313367,-4.94344184318057E-15,0.608178432230194));
#13997=DIRECTION('',(-0.56130160990773,-0.707106781186548,0.430047093601375));
#13998=DIRECTION('center_axis',(-6.20579387465203E-15,1.,2.84135326069713E-17));
#13999=DIRECTION('ref_axis',(-0.793800349313367,-4.94344184318057E-15,0.608178432230194));
#14000=DIRECTION('center_axis',(6.20579387465203E-15,-1.,-2.84135326069713E-17));
#14001=DIRECTION('ref_axis',(0.793800349313367,4.94344184318057E-15,-0.608178432230194));
#14002=DIRECTION('center_axis',(-6.20579387465203E-15,1.,2.84135326069713E-17));
#14003=DIRECTION('ref_axis',(-0.793800349313367,-4.94344184318057E-15,0.608178432230194));
#14004=DIRECTION('',(-6.20579387465203E-15,1.,2.84135326069713E-17));
#14005=DIRECTION('center_axis',(-6.20579387465203E-15,1.,2.84135326069713E-17));
#14006=DIRECTION('ref_axis',(-0.793800349313367,-4.94344184318057E-15,0.608178432230194));
#14007=DIRECTION('center_axis',(-6.20579387465203E-15,1.,2.84135326069713E-17));
#14008=DIRECTION('ref_axis',(-0.793800349313367,-4.94344184318057E-15,0.608178432230194));
#14009=DIRECTION('',(0.923598147001824,5.72076705314129E-15,0.38336205192324));
#14010=DIRECTION('',(0.129797797688457,7.77325209960724E-16,0.991540484153434));
#14011=DIRECTION('',(-0.793800349313367,-4.94344184318057E-15,0.608178432230194));
#14012=DIRECTION('',(-0.923598147001824,-5.72076705314129E-15,-0.38336205192324));
#14013=DIRECTION('',(-0.129797797688457,-7.77325209960726E-16,-0.991540484153434));
#14014=DIRECTION('',(0.793800349313367,4.94344184318057E-15,-0.608178432230194));
#14015=DIRECTION('center_axis',(-6.20579387465203E-15,1.,2.84135326069713E-17));
#14016=DIRECTION('ref_axis',(-0.793800349313367,-4.94344184318057E-15,0.608178432230194));
#14017=DIRECTION('center_axis',(6.20579387465203E-15,-1.,-2.84135326069713E-17));
#14018=DIRECTION('ref_axis',(0.793800349313367,4.94344184318057E-15,-0.608178432230194));
#14019=DIRECTION('center_axis',(-0.383362051923239,-2.40530855966485E-15,
0.923598147001824));
#14020=DIRECTION('ref_axis',(0.923598147001824,5.72076705314129E-15,0.38336205192324));
#14021=DIRECTION('',(-6.20579387465203E-15,1.,2.84135326069713E-17));
#14022=DIRECTION('',(0.923598147001824,5.72076705314129E-15,0.38336205192324));
#14023=DIRECTION('',(-6.20579387465203E-15,1.,2.84135326069713E-17));
#14024=DIRECTION('center_axis',(-0.991540484153434,-6.15698387698583E-15,
0.129797797688457));
#14025=DIRECTION('ref_axis',(0.129797797688457,7.77325209960725E-16,0.991540484153434));
#14026=DIRECTION('',(0.129797797688457,7.77325209960724E-16,0.991540484153434));
#14027=DIRECTION('',(-6.20579387465203E-15,1.,2.84135326069713E-17));
#14028=DIRECTION('center_axis',(-0.608178432230194,-3.75167531732097E-15,
-0.793800349313367));
#14029=DIRECTION('ref_axis',(6.20579387465203E-15,-1.,-2.84135326069713E-17));
#14030=DIRECTION('',(-0.793800349313367,-4.94344184318057E-15,0.608178432230194));
#14031=DIRECTION('',(-6.20579387465203E-15,1.,2.84135326069713E-17));
#14032=DIRECTION('center_axis',(0.38336205192324,2.40530855966485E-15,-0.923598147001824));
#14033=DIRECTION('ref_axis',(-0.923598147001824,-5.72076705314129E-15,-0.38336205192324));
#14034=DIRECTION('',(-0.923598147001824,-5.72076705314129E-15,-0.38336205192324));
#14035=DIRECTION('',(-6.20579387465203E-15,1.,2.84135326069713E-17));
#14036=DIRECTION('center_axis',(0.991540484153434,6.15698387698583E-15,
-0.129797797688457));
#14037=DIRECTION('ref_axis',(-0.129797797688457,-7.77325209960726E-16,-0.991540484153434));
#14038=DIRECTION('',(-0.129797797688457,-7.77325209960726E-16,-0.991540484153434));
#14039=DIRECTION('',(-6.20579387465203E-15,1.,2.84135326069713E-17));
#14040=DIRECTION('center_axis',(0.608178432230194,3.75167531732097E-15,
0.793800349313367));
#14041=DIRECTION('ref_axis',(-6.20579387465203E-15,1.,2.84135326069713E-17));
#14042=DIRECTION('',(0.793800349313367,4.94344184318057E-15,-0.608178432230194));
#14043=DIRECTION('center_axis',(-6.20579387465203E-15,1.,2.84135326069713E-17));
#14044=DIRECTION('ref_axis',(-0.793800349313367,-4.94344184318057E-15,0.608178432230194));
#14045=DIRECTION('center_axis',(1.03659874890163E-16,-1.,-1.23825913283652E-15));
#14046=DIRECTION('ref_axis',(0.327422149360358,1.20394454933188E-15,-0.944878159398471));
#14047=DIRECTION('center_axis',(1.03659874890163E-16,-1.,-1.23825913283652E-15));
#14048=DIRECTION('ref_axis',(0.327422149360358,1.20394454933188E-15,-0.944878159398472));
#14049=DIRECTION('',(-1.03659874890163E-16,1.,1.23825913283652E-15));
#14050=DIRECTION('center_axis',(1.03659874890163E-16,-1.,-1.23825913283652E-15));
#14051=DIRECTION('ref_axis',(0.327422149360358,1.20394454933188E-15,-0.944878159398472));
#14052=DIRECTION('center_axis',(1.03659874890163E-16,-1.,-1.23825913283652E-15));
#14053=DIRECTION('ref_axis',(0.327422149360358,1.20394454933188E-15,-0.944878159398472));
#14054=DIRECTION('',(0.231522422123385,0.707106781186545,-0.668129753905725));
#14055=DIRECTION('center_axis',(1.03659874890163E-16,-1.,-1.23825913283652E-15));
#14056=DIRECTION('ref_axis',(0.327422149360358,1.20394454933188E-15,-0.944878159398471));
#14057=DIRECTION('center_axis',(-1.03659874890163E-16,1.,1.23825913283652E-15));
#14058=DIRECTION('ref_axis',(-0.327422149360358,-1.20394454933188E-15,0.944878159398472));
#14059=DIRECTION('center_axis',(1.03659874890163E-16,-1.,-1.23825913283652E-15));
#14060=DIRECTION('ref_axis',(0.327422149360358,1.20394454933188E-15,-0.944878159398472));
#14061=DIRECTION('',(1.03659874890163E-16,-1.,-1.23825913283652E-15));
#14062=DIRECTION('center_axis',(1.03659874890163E-16,-1.,-1.23825913283652E-15));
#14063=DIRECTION('ref_axis',(0.327422149360358,1.20394454933188E-15,-0.944878159398472));
#14064=DIRECTION('center_axis',(1.03659874890163E-16,-1.,-1.23825913283652E-15));
#14065=DIRECTION('ref_axis',(0.327422149360358,1.20394454933188E-15,-0.944878159398472));
#14066=DIRECTION('',(0.654577414839979,-8.68264273958088E-16,0.755994978807009));
#14067=DIRECTION('',(0.981999564200338,3.35680275373789E-16,-0.188883180591463));
#14068=DIRECTION('',(0.327422149360358,1.20394454933188E-15,-0.944878159398471));
#14069=DIRECTION('',(-0.654577414839979,8.68264273958088E-16,-0.755994978807009));
#14070=DIRECTION('',(-0.981999564200338,-3.35680275373789E-16,0.188883180591463));
#14071=DIRECTION('',(-0.327422149360358,-1.20394454933188E-15,0.944878159398471));
#14072=DIRECTION('center_axis',(1.03659874890163E-16,-1.,-1.23825913283652E-15));
#14073=DIRECTION('ref_axis',(0.327422149360358,1.20394454933188E-15,-0.944878159398472));
#14074=DIRECTION('center_axis',(-1.03659874890163E-16,1.,1.23825913283652E-15));
#14075=DIRECTION('ref_axis',(-0.327422149360358,-1.20394454933188E-15,0.944878159398472));
#14076=DIRECTION('center_axis',(0.755994978807009,8.88902806994846E-16,
-0.654577414839979));
#14077=DIRECTION('ref_axis',(0.654577414839979,-8.68264273958088E-16,0.755994978807009));
#14078=DIRECTION('',(1.03659874890163E-16,-1.,-1.23825913283652E-15));
#14079=DIRECTION('',(0.654577414839979,-8.68264273958088E-16,0.755994978807009));
#14080=DIRECTION('',(1.03659874890163E-16,-1.,-1.23825913283652E-15));
#14081=DIRECTION('center_axis',(-0.188883180591463,1.19639032194358E-15,
-0.981999564200338));
#14082=DIRECTION('ref_axis',(0.981999564200338,3.35680275373789E-16,-0.188883180591463));
#14083=DIRECTION('',(0.981999564200338,3.35680275373789E-16,-0.188883180591463));
#14084=DIRECTION('',(1.03659874890163E-16,-1.,-1.23825913283652E-15));
#14085=DIRECTION('center_axis',(-0.944878159398472,3.07487514948732E-16,
-0.327422149360358));
#14086=DIRECTION('ref_axis',(-1.03659874890163E-16,1.,1.23825913283652E-15));
#14087=DIRECTION('',(0.327422149360358,1.20394454933188E-15,-0.944878159398471));
#14088=DIRECTION('',(1.03659874890163E-16,-1.,-1.23825913283652E-15));
#14089=DIRECTION('center_axis',(-0.755994978807009,-8.88902806994847E-16,
0.654577414839979));
#14090=DIRECTION('ref_axis',(-0.654577414839979,8.68264273958088E-16,-0.755994978807009));
#14091=DIRECTION('',(-0.654577414839979,8.68264273958088E-16,-0.755994978807009));
#14092=DIRECTION('',(1.03659874890163E-16,-1.,-1.23825913283652E-15));
#14093=DIRECTION('center_axis',(0.188883180591463,-1.19639032194358E-15,
0.981999564200338));
#14094=DIRECTION('ref_axis',(-0.981999564200338,-3.35680275373789E-16,0.188883180591463));
#14095=DIRECTION('',(-0.981999564200338,-3.35680275373789E-16,0.188883180591463));
#14096=DIRECTION('',(1.03659874890163E-16,-1.,-1.23825913283652E-15));
#14097=DIRECTION('center_axis',(0.944878159398472,-3.07487514948732E-16,
0.327422149360358));
#14098=DIRECTION('ref_axis',(1.03659874890163E-16,-1.,-1.23825913283652E-15));
#14099=DIRECTION('',(-0.327422149360358,-1.20394454933188E-15,0.944878159398471));
#14100=DIRECTION('center_axis',(1.03659874890163E-16,-1.,-1.23825913283652E-15));
#14101=DIRECTION('ref_axis',(0.327422149360358,1.20394454933188E-15,-0.944878159398472));
#14102=DIRECTION('center_axis',(-6.20579387465203E-15,1.,2.84135326069713E-17));
#14103=DIRECTION('ref_axis',(-0.793800349313367,-4.94344184318057E-15,0.608178432230194));
#14104=DIRECTION('center_axis',(-6.20579387465203E-15,1.,2.84135326069713E-17));
#14105=DIRECTION('ref_axis',(-0.793800349313367,-4.94344184318057E-15,0.608178432230194));
#14106=DIRECTION('',(6.20579387465203E-15,-1.,-2.84135326069713E-17));
#14107=DIRECTION('center_axis',(-6.20579387465203E-15,1.,2.84135326069713E-17));
#14108=DIRECTION('ref_axis',(-0.793800349313367,-4.94344184318057E-15,0.608178432230194));
#14109=DIRECTION('center_axis',(-6.20579387465203E-15,1.,2.84135326069713E-17));
#14110=DIRECTION('ref_axis',(-0.793800349313367,-4.94344184318057E-15,0.608178432230194));
#14111=DIRECTION('',(-0.56130160990773,-0.707106781186548,0.430047093601375));
#14112=DIRECTION('center_axis',(-6.20579387465203E-15,1.,2.84135326069713E-17));
#14113=DIRECTION('ref_axis',(-0.793800349313367,-4.94344184318057E-15,0.608178432230194));
#14114=DIRECTION('center_axis',(6.20579387465203E-15,-1.,-2.84135326069713E-17));
#14115=DIRECTION('ref_axis',(0.793800349313367,4.94344184318057E-15,-0.608178432230194));
#14116=DIRECTION('center_axis',(-6.20579387465203E-15,1.,2.84135326069713E-17));
#14117=DIRECTION('ref_axis',(-0.793800349313367,-4.94344184318057E-15,0.608178432230194));
#14118=DIRECTION('',(-6.20579387465203E-15,1.,2.84135326069713E-17));
#14119=DIRECTION('center_axis',(-6.20579387465203E-15,1.,2.84135326069713E-17));
#14120=DIRECTION('ref_axis',(-0.793800349313367,-4.94344184318057E-15,0.608178432230194));
#14121=DIRECTION('center_axis',(-6.20579387465203E-15,1.,2.84135326069713E-17));
#14122=DIRECTION('ref_axis',(-0.793800349313367,-4.94344184318057E-15,0.608178432230194));
#14123=DIRECTION('',(0.923598147001824,5.72076705314129E-15,0.38336205192324));
#14124=DIRECTION('',(0.129797797688457,7.77325209960724E-16,0.991540484153434));
#14125=DIRECTION('',(-0.793800349313367,-4.94344184318057E-15,0.608178432230194));
#14126=DIRECTION('',(-0.923598147001824,-5.72076705314129E-15,-0.38336205192324));
#14127=DIRECTION('',(-0.129797797688457,-7.77325209960726E-16,-0.991540484153434));
#14128=DIRECTION('',(0.793800349313367,4.94344184318057E-15,-0.608178432230194));
#14129=DIRECTION('center_axis',(-6.20579387465203E-15,1.,2.84135326069713E-17));
#14130=DIRECTION('ref_axis',(-0.793800349313367,-4.94344184318057E-15,0.608178432230194));
#14131=DIRECTION('center_axis',(6.20579387465203E-15,-1.,-2.84135326069713E-17));
#14132=DIRECTION('ref_axis',(0.793800349313367,4.94344184318057E-15,-0.608178432230194));
#14133=DIRECTION('center_axis',(-0.383362051923239,-2.40530855966485E-15,
0.923598147001824));
#14134=DIRECTION('ref_axis',(0.923598147001824,5.72076705314129E-15,0.38336205192324));
#14135=DIRECTION('',(-6.20579387465203E-15,1.,2.84135326069713E-17));
#14136=DIRECTION('',(0.923598147001824,5.72076705314129E-15,0.38336205192324));
#14137=DIRECTION('',(-6.20579387465203E-15,1.,2.84135326069713E-17));
#14138=DIRECTION('center_axis',(-0.991540484153434,-6.15698387698583E-15,
0.129797797688457));
#14139=DIRECTION('ref_axis',(0.129797797688457,7.77325209960725E-16,0.991540484153434));
#14140=DIRECTION('',(0.129797797688457,7.77325209960724E-16,0.991540484153434));
#14141=DIRECTION('',(-6.20579387465203E-15,1.,2.84135326069713E-17));
#14142=DIRECTION('center_axis',(-0.608178432230194,-3.75167531732097E-15,
-0.793800349313367));
#14143=DIRECTION('ref_axis',(6.20579387465203E-15,-1.,-2.84135326069713E-17));
#14144=DIRECTION('',(-0.793800349313367,-4.94344184318057E-15,0.608178432230194));
#14145=DIRECTION('',(-6.20579387465203E-15,1.,2.84135326069713E-17));
#14146=DIRECTION('center_axis',(0.38336205192324,2.40530855966485E-15,-0.923598147001824));
#14147=DIRECTION('ref_axis',(-0.923598147001824,-5.72076705314129E-15,-0.38336205192324));
#14148=DIRECTION('',(-0.923598147001824,-5.72076705314129E-15,-0.38336205192324));
#14149=DIRECTION('',(-6.20579387465203E-15,1.,2.84135326069713E-17));
#14150=DIRECTION('center_axis',(0.991540484153434,6.15698387698583E-15,
-0.129797797688457));
#14151=DIRECTION('ref_axis',(-0.129797797688457,-7.77325209960726E-16,-0.991540484153434));
#14152=DIRECTION('',(-0.129797797688457,-7.77325209960726E-16,-0.991540484153434));
#14153=DIRECTION('',(-6.20579387465203E-15,1.,2.84135326069713E-17));
#14154=DIRECTION('center_axis',(0.608178432230194,3.75167531732097E-15,
0.793800349313367));
#14155=DIRECTION('ref_axis',(-6.20579387465203E-15,1.,2.84135326069713E-17));
#14156=DIRECTION('',(0.793800349313367,4.94344184318057E-15,-0.608178432230194));
#14157=DIRECTION('center_axis',(-6.20579387465203E-15,1.,2.84135326069713E-17));
#14158=DIRECTION('ref_axis',(-0.793800349313367,-4.94344184318057E-15,0.608178432230194));
#14159=DIRECTION('center_axis',(1.03659874890163E-16,-1.,-1.23825913283652E-15));
#14160=DIRECTION('ref_axis',(0.327422149360358,1.20394454933188E-15,-0.944878159398471));
#14161=DIRECTION('center_axis',(1.03659874890163E-16,-1.,-1.23825913283652E-15));
#14162=DIRECTION('ref_axis',(0.327422149360358,1.20394454933188E-15,-0.944878159398472));
#14163=DIRECTION('',(-1.03659874890163E-16,1.,1.23825913283652E-15));
#14164=DIRECTION('center_axis',(1.03659874890163E-16,-1.,-1.23825913283652E-15));
#14165=DIRECTION('ref_axis',(0.327422149360358,1.20394454933188E-15,-0.944878159398472));
#14166=DIRECTION('center_axis',(1.03659874890163E-16,-1.,-1.23825913283652E-15));
#14167=DIRECTION('ref_axis',(0.327422149360358,1.20394454933188E-15,-0.944878159398472));
#14168=DIRECTION('',(0.231522422123385,0.707106781186545,-0.668129753905725));
#14169=DIRECTION('center_axis',(1.03659874890163E-16,-1.,-1.23825913283652E-15));
#14170=DIRECTION('ref_axis',(0.327422149360358,1.20394454933188E-15,-0.944878159398471));
#14171=DIRECTION('center_axis',(-1.03659874890163E-16,1.,1.23825913283652E-15));
#14172=DIRECTION('ref_axis',(-0.327422149360358,-1.20394454933188E-15,0.944878159398472));
#14173=DIRECTION('center_axis',(1.03659874890163E-16,-1.,-1.23825913283652E-15));
#14174=DIRECTION('ref_axis',(0.327422149360358,1.20394454933188E-15,-0.944878159398472));
#14175=DIRECTION('',(1.03659874890163E-16,-1.,-1.23825913283652E-15));
#14176=DIRECTION('center_axis',(1.03659874890163E-16,-1.,-1.23825913283652E-15));
#14177=DIRECTION('ref_axis',(0.327422149360358,1.20394454933188E-15,-0.944878159398472));
#14178=DIRECTION('center_axis',(1.03659874890163E-16,-1.,-1.23825913283652E-15));
#14179=DIRECTION('ref_axis',(0.327422149360358,1.20394454933188E-15,-0.944878159398472));
#14180=DIRECTION('',(0.654577414839979,-8.68264273958088E-16,0.755994978807009));
#14181=DIRECTION('',(0.981999564200338,3.35680275373789E-16,-0.188883180591463));
#14182=DIRECTION('',(0.327422149360358,1.20394454933188E-15,-0.944878159398471));
#14183=DIRECTION('',(-0.654577414839979,8.68264273958088E-16,-0.755994978807009));
#14184=DIRECTION('',(-0.981999564200338,-3.35680275373789E-16,0.188883180591463));
#14185=DIRECTION('',(-0.327422149360358,-1.20394454933188E-15,0.944878159398471));
#14186=DIRECTION('center_axis',(1.03659874890163E-16,-1.,-1.23825913283652E-15));
#14187=DIRECTION('ref_axis',(0.327422149360358,1.20394454933188E-15,-0.944878159398472));
#14188=DIRECTION('center_axis',(-1.03659874890163E-16,1.,1.23825913283652E-15));
#14189=DIRECTION('ref_axis',(-0.327422149360358,-1.20394454933188E-15,0.944878159398472));
#14190=DIRECTION('center_axis',(0.755994978807009,8.88902806994846E-16,
-0.654577414839979));
#14191=DIRECTION('ref_axis',(0.654577414839979,-8.68264273958088E-16,0.755994978807009));
#14192=DIRECTION('',(1.03659874890163E-16,-1.,-1.23825913283652E-15));
#14193=DIRECTION('',(0.654577414839979,-8.68264273958088E-16,0.755994978807009));
#14194=DIRECTION('',(1.03659874890163E-16,-1.,-1.23825913283652E-15));
#14195=DIRECTION('center_axis',(-0.188883180591463,1.19639032194358E-15,
-0.981999564200338));
#14196=DIRECTION('ref_axis',(0.981999564200338,3.35680275373789E-16,-0.188883180591463));
#14197=DIRECTION('',(0.981999564200338,3.35680275373789E-16,-0.188883180591463));
#14198=DIRECTION('',(1.03659874890163E-16,-1.,-1.23825913283652E-15));
#14199=DIRECTION('center_axis',(-0.944878159398472,3.07487514948732E-16,
-0.327422149360358));
#14200=DIRECTION('ref_axis',(-1.03659874890163E-16,1.,1.23825913283652E-15));
#14201=DIRECTION('',(0.327422149360358,1.20394454933188E-15,-0.944878159398471));
#14202=DIRECTION('',(1.03659874890163E-16,-1.,-1.23825913283652E-15));
#14203=DIRECTION('center_axis',(-0.755994978807009,-8.88902806994847E-16,
0.654577414839979));
#14204=DIRECTION('ref_axis',(-0.654577414839979,8.68264273958088E-16,-0.755994978807009));
#14205=DIRECTION('',(-0.654577414839979,8.68264273958088E-16,-0.755994978807009));
#14206=DIRECTION('',(1.03659874890163E-16,-1.,-1.23825913283652E-15));
#14207=DIRECTION('center_axis',(0.188883180591463,-1.19639032194358E-15,
0.981999564200338));
#14208=DIRECTION('ref_axis',(-0.981999564200338,-3.35680275373789E-16,0.188883180591463));
#14209=DIRECTION('',(-0.981999564200338,-3.35680275373789E-16,0.188883180591463));
#14210=DIRECTION('',(1.03659874890163E-16,-1.,-1.23825913283652E-15));
#14211=DIRECTION('center_axis',(0.944878159398472,-3.07487514948732E-16,
0.327422149360358));
#14212=DIRECTION('ref_axis',(1.03659874890163E-16,-1.,-1.23825913283652E-15));
#14213=DIRECTION('',(-0.327422149360358,-1.20394454933188E-15,0.944878159398471));
#14214=DIRECTION('center_axis',(1.03659874890163E-16,-1.,-1.23825913283652E-15));
#14215=DIRECTION('ref_axis',(0.327422149360358,1.20394454933188E-15,-0.944878159398472));
#14216=DIRECTION('center_axis',(6.5931514509611E-16,-1.,-3.69683080445009E-16));
#14217=DIRECTION('ref_axis',(0.327422149360358,5.65179850524841E-16,-0.944878159398472));
#14218=DIRECTION('center_axis',(6.5931514509611E-16,-1.,-3.69683080445009E-16));
#14219=DIRECTION('ref_axis',(0.327422149360358,5.65179850524841E-16,-0.944878159398472));
#14220=DIRECTION('',(-6.5931514509611E-16,1.,3.69683080445009E-16));
#14221=DIRECTION('center_axis',(6.5931514509611E-16,-1.,-3.69683080445009E-16));
#14222=DIRECTION('ref_axis',(0.327422149360358,5.65179850524841E-16,-0.944878159398472));
#14223=DIRECTION('center_axis',(6.5931514509611E-16,-1.,-3.69683080445009E-16));
#14224=DIRECTION('ref_axis',(0.327422149360358,5.65179850524841E-16,-0.944878159398472));
#14225=DIRECTION('',(0.231522422123384,0.707106781186545,-0.668129753905725));
#14226=DIRECTION('center_axis',(6.5931514509611E-16,-1.,-3.69683080445009E-16));
#14227=DIRECTION('ref_axis',(0.327422149360358,5.65179850524841E-16,-0.944878159398472));
#14228=DIRECTION('center_axis',(-6.5931514509611E-16,1.,3.69683080445009E-16));
#14229=DIRECTION('ref_axis',(-0.327422149360358,-5.65179850524841E-16,0.944878159398472));
#14230=DIRECTION('center_axis',(6.5931514509611E-16,-1.,-3.69683080445009E-16));
#14231=DIRECTION('ref_axis',(0.327422149360358,5.65179850524841E-16,-0.944878159398472));
#14232=DIRECTION('',(6.5931514509611E-16,-1.,-3.69683080445009E-16));
#14233=DIRECTION('center_axis',(6.5931514509611E-16,-1.,-3.69683080445009E-16));
#14234=DIRECTION('ref_axis',(0.327422149360358,5.65179850524841E-16,-0.944878159398472));
#14235=DIRECTION('center_axis',(6.5931514509611E-16,-1.,-3.69683080445009E-16));
#14236=DIRECTION('ref_axis',(0.327422149360358,5.65179850524841E-16,-0.944878159398472));
#14237=DIRECTION('',(0.654577414839979,1.52094250675524E-16,0.755994978807009));
#14238=DIRECTION('',(0.981999564200337,7.17274101200366E-16,-0.188883180591464));
#14239=DIRECTION('',(0.327422149360358,5.65179850524841E-16,-0.944878159398472));
#14240=DIRECTION('',(-0.65457741483998,-1.52094250675524E-16,-0.755994978807008));
#14241=DIRECTION('',(-0.981999564200337,-7.17274101200366E-16,0.188883180591463));
#14242=DIRECTION('',(-0.327422149360358,-5.65179850524841E-16,0.944878159398472));
#14243=DIRECTION('center_axis',(6.5931514509611E-16,-1.,-3.69683080445009E-16));
#14244=DIRECTION('ref_axis',(0.327422149360358,5.65179850524841E-16,-0.944878159398472));
#14245=DIRECTION('center_axis',(-6.5931514509611E-16,1.,3.69683080445009E-16));
#14246=DIRECTION('ref_axis',(-0.327422149360358,-5.65179850524841E-16,0.944878159398472));
#14247=DIRECTION('center_axis',(0.755994978807008,7.40425134251847E-16,
-0.65457741483998));
#14248=DIRECTION('ref_axis',(0.65457741483998,1.52094250675524E-16,0.755994978807009));
#14249=DIRECTION('',(6.5931514509611E-16,-1.,-3.69683080445009E-16));
#14250=DIRECTION('',(0.654577414839979,1.52094250675524E-16,0.755994978807009));
#14251=DIRECTION('',(6.5931514509611E-16,-1.,-3.69683080445009E-16));
#14252=DIRECTION('center_axis',(-0.188883180591464,2.38495082271361E-16,
-0.981999564200337));
#14253=DIRECTION('ref_axis',(0.981999564200338,7.17274101200366E-16,-0.188883180591464));
#14254=DIRECTION('',(0.981999564200337,7.17274101200366E-16,-0.188883180591464));
#14255=DIRECTION('',(6.5931514509611E-16,-1.,-3.69683080445009E-16));
#14256=DIRECTION('center_axis',(-0.944878159398472,-5.01930051980486E-16,
-0.327422149360358));
#14257=DIRECTION('ref_axis',(-6.5931514509611E-16,1.,3.69683080445009E-16));
#14258=DIRECTION('',(0.327422149360358,5.65179850524841E-16,-0.944878159398472));
#14259=DIRECTION('',(6.5931514509611E-16,-1.,-3.69683080445009E-16));
#14260=DIRECTION('center_axis',(-0.755994978807008,-7.40425134251847E-16,
0.65457741483998));
#14261=DIRECTION('ref_axis',(-0.65457741483998,-1.52094250675524E-16,-0.755994978807008));
#14262=DIRECTION('',(-0.65457741483998,-1.52094250675524E-16,-0.755994978807008));
#14263=DIRECTION('',(6.5931514509611E-16,-1.,-3.69683080445009E-16));
#14264=DIRECTION('center_axis',(0.188883180591463,-2.38495082271361E-16,
0.981999564200338));
#14265=DIRECTION('ref_axis',(-0.981999564200337,-7.17274101200366E-16,0.188883180591463));
#14266=DIRECTION('',(-0.981999564200337,-7.17274101200366E-16,0.188883180591463));
#14267=DIRECTION('',(6.5931514509611E-16,-1.,-3.69683080445009E-16));
#14268=DIRECTION('center_axis',(0.944878159398472,5.01930051980486E-16,
0.327422149360358));
#14269=DIRECTION('ref_axis',(6.5931514509611E-16,-1.,-3.69683080445009E-16));
#14270=DIRECTION('',(-0.327422149360358,-5.65179850524841E-16,0.944878159398472));
#14271=DIRECTION('center_axis',(6.5931514509611E-16,-1.,-3.69683080445009E-16));
#14272=DIRECTION('ref_axis',(0.327422149360358,5.65179850524841E-16,-0.944878159398472));
#14273=DIRECTION('center_axis',(-2.95973523569497E-16,1.,1.38085403590937E-15));
#14274=DIRECTION('ref_axis',(-0.802645352860429,-1.06118123245479E-15,0.596456568017788));
#14275=DIRECTION('center_axis',(-2.95973523569497E-16,1.,1.38085403590937E-15));
#14276=DIRECTION('ref_axis',(-0.802645352860429,-1.06118123245479E-15,0.596456568017788));
#14277=DIRECTION('',(2.95973523569497E-16,-1.,-1.38085403590937E-15));
#14278=DIRECTION('center_axis',(-2.95973523569497E-16,1.,1.38085403590937E-15));
#14279=DIRECTION('ref_axis',(-0.802645352860429,-1.06118123245479E-15,0.596456568017788));
#14280=DIRECTION('center_axis',(-2.95973523569497E-16,1.,1.38085403590937E-15));
#14281=DIRECTION('ref_axis',(-0.802645352860429,-1.06118123245479E-15,0.596456568017788));
#14282=DIRECTION('',(-0.567555971895481,-0.707106781186545,0.421758483928634));
#14283=DIRECTION('center_axis',(-2.95973523569497E-16,1.,1.38085403590937E-15));
#14284=DIRECTION('ref_axis',(-0.802645352860429,-1.06118123245479E-15,0.596456568017788));
#14285=DIRECTION('center_axis',(2.95973523569497E-16,-1.,-1.38085403590937E-15));
#14286=DIRECTION('ref_axis',(0.802645352860429,1.06118123245479E-15,-0.596456568017788));
#14287=DIRECTION('center_axis',(-2.95973523569497E-16,1.,1.38085403590937E-15));
#14288=DIRECTION('ref_axis',(-0.802645352860429,-1.06118123245479E-15,0.596456568017788));
#14289=DIRECTION('',(-2.95973523569497E-16,1.,1.38085403590937E-15));
#14290=DIRECTION('center_axis',(-2.95973523569497E-16,1.,1.38085403590937E-15));
#14291=DIRECTION('ref_axis',(-0.802645352860429,-1.06118123245479E-15,0.596456568017788));
#14292=DIRECTION('center_axis',(-2.95973523569497E-16,1.,1.38085403590937E-15));
#14293=DIRECTION('ref_axis',(-0.802645352860429,-1.06118123245479E-15,0.596456568017788));
#14294=DIRECTION('',(0.9178692165877,-2.76372480989747E-16,0.396882981797762));
#14295=DIRECTION('',(0.115223863727271,-1.33755371344454E-15,0.99333954981555));
#14296=DIRECTION('',(-0.802645352860429,-1.06118123245479E-15,0.596456568017788));
#14297=DIRECTION('',(-0.917869216587699,2.76372480989748E-16,-0.396882981797762));
#14298=DIRECTION('',(-0.115223863727271,1.33755371344454E-15,-0.99333954981555));
#14299=DIRECTION('',(0.802645352860429,1.06118123245479E-15,-0.596456568017788));
#14300=DIRECTION('center_axis',(-2.95973523569497E-16,1.,1.38085403590937E-15));
#14301=DIRECTION('ref_axis',(-0.802645352860429,-1.06118123245479E-15,0.596456568017788));
#14302=DIRECTION('center_axis',(2.95973523569497E-16,-1.,-1.38085403590937E-15));
#14303=DIRECTION('ref_axis',(0.802645352860429,1.06118123245479E-15,-0.596456568017788));
#14304=DIRECTION('center_axis',(-0.396882981797762,-1.38491026672954E-15,
0.9178692165877));
#14305=DIRECTION('ref_axis',(0.9178692165877,-2.76372480989747E-16,0.396882981797762));
#14306=DIRECTION('',(-2.95973523569497E-16,1.,1.38085403590936E-15));
#14307=DIRECTION('',(0.9178692165877,-2.76372480989747E-16,0.396882981797762));
#14308=DIRECTION('',(-2.95973523569497E-16,1.,1.38085403590936E-15));
#14309=DIRECTION('center_axis',(-0.99333954981555,-4.53109543920718E-16,
0.115223863727271));
#14310=DIRECTION('ref_axis',(0.115223863727271,-1.33755371344454E-15,0.99333954981555));
#14311=DIRECTION('',(0.115223863727271,-1.33755371344454E-15,0.99333954981555));
#14312=DIRECTION('',(-2.95973523569497E-16,1.,1.38085403590936E-15));
#14313=DIRECTION('center_axis',(-0.596456568017788,9.31800722808826E-16,
-0.802645352860429));
#14314=DIRECTION('ref_axis',(2.95973523569497E-16,-1.,-1.38085403590937E-15));
#14315=DIRECTION('',(-0.802645352860429,-1.06118123245479E-15,0.596456568017788));
#14316=DIRECTION('',(-2.95973523569497E-16,1.,1.38085403590936E-15));
#14317=DIRECTION('center_axis',(0.396882981797762,1.38491026672954E-15,
-0.9178692165877));
#14318=DIRECTION('ref_axis',(-0.917869216587699,2.76372480989748E-16,-0.396882981797762));
#14319=DIRECTION('',(-0.917869216587699,2.76372480989748E-16,-0.396882981797762));
#14320=DIRECTION('',(-2.95973523569497E-16,1.,1.38085403590936E-15));
#14321=DIRECTION('center_axis',(0.99333954981555,4.53109543920719E-16,-0.115223863727271));
#14322=DIRECTION('ref_axis',(-0.115223863727271,1.33755371344454E-15,-0.99333954981555));
#14323=DIRECTION('',(-0.115223863727271,1.33755371344454E-15,-0.99333954981555));
#14324=DIRECTION('',(-2.95973523569497E-16,1.,1.38085403590936E-15));
#14325=DIRECTION('center_axis',(0.596456568017788,-9.31800722808826E-16,
0.802645352860429));
#14326=DIRECTION('ref_axis',(-2.95973523569497E-16,1.,1.38085403590937E-15));
#14327=DIRECTION('',(0.802645352860429,1.06118123245479E-15,-0.596456568017788));
#14328=DIRECTION('center_axis',(-2.95973523569497E-16,1.,1.38085403590937E-15));
#14329=DIRECTION('ref_axis',(-0.802645352860429,-1.06118123245479E-15,0.596456568017788));
#14330=DIRECTION('center_axis',(2.95973523569497E-16,-1.,-1.38085403590937E-15));
#14331=DIRECTION('ref_axis',(0.802645352860429,1.06118123245479E-15,-0.596456568017788));
#14332=DIRECTION('center_axis',(-2.95973523569497E-16,1.,1.38085403590937E-15));
#14333=DIRECTION('ref_axis',(-0.802645352860429,-1.06118123245479E-15,0.596456568017788));
#14334=DIRECTION('',(2.95973523569497E-16,-1.,-1.38085403590937E-15));
#14335=DIRECTION('center_axis',(-2.95973523569497E-16,1.,1.38085403590937E-15));
#14336=DIRECTION('ref_axis',(-0.802645352860429,-1.06118123245479E-15,0.596456568017788));
#14337=DIRECTION('center_axis',(2.95973523569497E-16,-1.,-1.38085403590937E-15));
#14338=DIRECTION('ref_axis',(0.802645352860429,1.06118123245479E-15,-0.596456568017788));
#14339=DIRECTION('center_axis',(-2.95973523569497E-16,1.,1.38085403590937E-15));
#14340=DIRECTION('ref_axis',(-0.802645352860429,-1.06118123245479E-15,0.596456568017788));
#14341=DIRECTION('',(-2.95973523569497E-16,1.,1.38085403590937E-15));
#14342=DIRECTION('center_axis',(-2.95973523569497E-16,1.,1.38085403590937E-15));
#14343=DIRECTION('ref_axis',(-0.802645352860429,-1.06118123245479E-15,0.596456568017788));
#14344=DIRECTION('center_axis',(-2.95973523569497E-16,1.,1.38085403590937E-15));
#14345=DIRECTION('ref_axis',(-0.802645352860429,-1.06118123245479E-15,0.596456568017788));
#14346=DIRECTION('center_axis',(-2.95973523569497E-16,1.,1.38085403590937E-15));
#14347=DIRECTION('ref_axis',(-0.802645352860429,-1.06118123245479E-15,0.596456568017788));
#14348=DIRECTION('center_axis',(3.01975603548869E-16,-1.,8.85568592414295E-17));
#14349=DIRECTION('ref_axis',(0.85844183540762,3.0465027179529E-16,0.512910923282004));
#14350=DIRECTION('center_axis',(3.01975603548869E-16,-1.,8.85568592414295E-17));
#14351=DIRECTION('ref_axis',(0.85844183540762,3.0465027179529E-16,0.512910923282004));
#14352=DIRECTION('',(3.01975603548869E-16,-1.,8.85568592414295E-17));
#14353=DIRECTION('center_axis',(3.01975603548869E-16,-1.,8.85568592414295E-17));
#14354=DIRECTION('ref_axis',(0.85844183540762,3.0465027179529E-16,0.512910923282004));
#14355=DIRECTION('center_axis',(3.01975603548869E-16,-1.,8.85568592414295E-17));
#14356=DIRECTION('ref_axis',(0.85844183540762,3.0465027179529E-16,0.512910923282004));
#14357=DIRECTION('',(-0.735828270866116,-0.515038074910054,-0.439650471610263));
#14358=DIRECTION('center_axis',(-3.01975603548869E-16,1.,-8.85568592414295E-17));
#14359=DIRECTION('ref_axis',(-0.85844183540762,-3.0465027179529E-16,-0.512910923282004));
#14360=DIRECTION('center_axis',(-3.01975603548869E-16,1.,-8.85568592414295E-17));
#14361=DIRECTION('ref_axis',(-0.85844183540762,-3.0465027179529E-16,-0.512910923282004));
#14362=DIRECTION('',(3.01975603548869E-16,-1.,8.85568592414295E-17));
#14363=DIRECTION('center_axis',(-3.01975603548869E-16,1.,-8.85568592414295E-17));
#14364=DIRECTION('ref_axis',(-0.85844183540762,-3.0465027179529E-16,-0.512910923282004));
#14365=DIRECTION('center_axis',(-3.01975603548869E-16,1.,-8.85568592414295E-17));
#14366=DIRECTION('ref_axis',(-0.85844183540762,-3.0465027179529E-16,-0.512910923282004));
#14367=DIRECTION('center_axis',(-3.01975603548869E-16,1.,-8.85568592414295E-17));
#14368=DIRECTION('ref_axis',(-0.85844183540762,-3.0465027179529E-16,-0.512910923282004));
#14369=DIRECTION('',(3.01975603548869E-16,-1.,8.85568592414295E-17));
#14370=DIRECTION('center_axis',(-3.01975603548869E-16,1.,-8.85568592414295E-17));
#14371=DIRECTION('ref_axis',(-0.85844183540762,-3.0465027179529E-16,-0.512910923282004));
#14372=DIRECTION('center_axis',(3.01975603548869E-16,-1.,8.85568592414295E-17));
#14373=DIRECTION('ref_axis',(0.85844183540762,3.0465027179529E-16,0.512910923282004));
#14374=DIRECTION('',(0.99988789877534,3.03267711064427E-16,0.0149729717369365));
#14375=DIRECTION('',(0.486976975493337,2.24402038224684E-16,0.873414807144556));
#14376=DIRECTION('',(-0.512910923282004,-7.88656728397435E-17,0.858441835407619));
#14377=DIRECTION('',(-0.99988789877534,-3.03267711064427E-16,-0.0149729717369367));
#14378=DIRECTION('',(-0.486976975493336,-2.24402038224684E-16,-0.873414807144556));
#14379=DIRECTION('',(0.512910923282003,7.88656728397434E-17,-0.85844183540762));
#14380=DIRECTION('center_axis',(-3.01975603548869E-16,1.,-8.85568592414295E-17));
#14381=DIRECTION('ref_axis',(-0.85844183540762,-3.0465027179529E-16,-0.512910923282004));
#14382=DIRECTION('center_axis',(-3.01975603548869E-16,1.,-8.85568592414295E-17));
#14383=DIRECTION('ref_axis',(-0.85844183540762,-3.0465027179529E-16,-0.512910923282004));
#14384=DIRECTION('center_axis',(-0.873414807144556,-2.20624812063415E-16,
0.486976975493337));
#14385=DIRECTION('ref_axis',(-0.486976975493337,-2.24402038224684E-16,-0.873414807144556));
#14386=DIRECTION('',(-3.01975603548868E-16,1.,-8.85568592414295E-17));
#14387=DIRECTION('',(0.486976975493337,2.24402038224684E-16,0.873414807144556));
#14388=DIRECTION('',(-3.01975603548868E-16,1.,-8.85568592414295E-17));
#14389=DIRECTION('center_axis',(-0.85844183540762,-3.0465027179529E-16,
-0.512910923282004));
#14390=DIRECTION('ref_axis',(0.512910923282004,7.88656728397435E-17,-0.85844183540762));
#14391=DIRECTION('',(-0.512910923282004,-7.88656728397435E-17,0.858441835407619));
#14392=DIRECTION('',(-3.01975603548868E-16,1.,-8.85568592414295E-17));
#14393=DIRECTION('center_axis',(0.0149729717369367,-8.40254597318749E-17,
-0.99988789877534));
#14394=DIRECTION('ref_axis',(0.99988789877534,3.03267711064427E-16,0.0149729717369366));
#14395=DIRECTION('',(-0.99988789877534,-3.03267711064427E-16,-0.0149729717369367));
#14396=DIRECTION('',(-3.01975603548868E-16,1.,-8.85568592414295E-17));
#14397=DIRECTION('center_axis',(0.873414807144556,2.20624812063416E-16,
-0.486976975493336));
#14398=DIRECTION('ref_axis',(0.486976975493336,2.24402038224684E-16,0.873414807144556));
#14399=DIRECTION('',(-0.486976975493336,-2.24402038224684E-16,-0.873414807144556));
#14400=DIRECTION('',(-3.01975603548868E-16,1.,-8.85568592414295E-17));
#14401=DIRECTION('center_axis',(0.85844183540762,3.0465027179529E-16,0.512910923282003));
#14402=DIRECTION('ref_axis',(-0.512910923282003,-7.88656728397434E-17,0.85844183540762));
#14403=DIRECTION('',(0.512910923282003,7.88656728397434E-17,-0.85844183540762));
#14404=DIRECTION('',(-3.01975603548868E-16,1.,-8.85568592414295E-17));
#14405=DIRECTION('center_axis',(-0.0149729717369365,8.4025459731875E-17,
0.99988789877534));
#14406=DIRECTION('ref_axis',(-0.99988789877534,-3.03267711064427E-16,-0.0149729717369364));
#14407=DIRECTION('',(0.99988789877534,3.03267711064427E-16,0.0149729717369365));
#14408=DIRECTION('center_axis',(-3.01975603548869E-16,1.,-8.85568592414295E-17));
#14409=DIRECTION('ref_axis',(-0.85844183540762,-3.0465027179529E-16,-0.512910923282004));
#14410=DIRECTION('center_axis',(8.66925382781667E-16,-1.,2.55460601351933E-16));
#14411=DIRECTION('ref_axis',(0.144964898757708,-1.27088369186489E-16,-0.989436798450597));
#14412=DIRECTION('center_axis',(8.66925382781667E-16,-1.,2.55460601351933E-16));
#14413=DIRECTION('ref_axis',(0.144964898757708,-1.27088369186489E-16,-0.989436798450597));
#14414=DIRECTION('',(-8.66925382781667E-16,1.,-2.55460601351933E-16));
#14415=DIRECTION('center_axis',(8.66925382781667E-16,-1.,2.55460601351933E-16));
#14416=DIRECTION('ref_axis',(0.144964898757708,-1.27088369186489E-16,-0.989436798450597));
#14417=DIRECTION('center_axis',(8.66925382781667E-16,-1.,2.55460601351933E-16));
#14418=DIRECTION('ref_axis',(0.144964898757708,-1.27088369186489E-16,-0.989436798450597));
#14419=DIRECTION('',(0.102505662945597,0.707106781186546,-0.699637469739926));
#14420=DIRECTION('center_axis',(8.66925382781667E-16,-1.,2.55460601351933E-16));
#14421=DIRECTION('ref_axis',(0.144964898757708,-1.27088369186489E-16,-0.989436798450597));
#14422=DIRECTION('center_axis',(-8.66925382781667E-16,1.,-2.55460601351933E-16));
#14423=DIRECTION('ref_axis',(-0.144964898757708,1.27088369186489E-16,0.989436798450597));
#14424=DIRECTION('center_axis',(8.66925382781667E-16,-1.,2.55460601351933E-16));
#14425=DIRECTION('ref_axis',(0.144964898757708,-1.27088369186489E-16,-0.989436798450597));
#14426=DIRECTION('',(8.66925382781667E-16,-1.,2.55460601351933E-16));
#14427=DIRECTION('center_axis',(8.66925382781667E-16,-1.,2.55460601351933E-16));
#14428=DIRECTION('ref_axis',(0.144964898757708,-1.27088369186489E-16,-0.989436798450597));
#14429=DIRECTION('center_axis',(8.66925382781667E-16,-1.,2.55460601351933E-16));
#14430=DIRECTION('ref_axis',(0.144964898757708,-1.27088369186489E-16,-0.989436798450597));
#14431=DIRECTION('',(0.784394953518506,8.38464318173997E-16,0.620261684206514));
#14432=DIRECTION('',(0.929359852276215,7.11375948987508E-16,-0.369175114244084));
#14433=DIRECTION('',(0.144964898757708,-1.27088369186489E-16,-0.989436798450597));
#14434=DIRECTION('',(-0.784394953518507,-8.38464318173998E-16,-0.620261684206513));
#14435=DIRECTION('',(-0.929359852276215,-7.11375948987508E-16,0.369175114244084));
#14436=DIRECTION('',(-0.144964898757708,1.27088369186489E-16,0.989436798450597));
#14437=DIRECTION('center_axis',(8.66925382781667E-16,-1.,2.55460601351933E-16));
#14438=DIRECTION('ref_axis',(0.144964898757708,-1.27088369186489E-16,-0.989436798450597));
#14439=DIRECTION('center_axis',(-8.66925382781667E-16,1.,-2.55460601351933E-16));
#14440=DIRECTION('ref_axis',(-0.144964898757708,1.27088369186489E-16,0.989436798450597));
#14441=DIRECTION('center_axis',(0.620261684206514,3.37338591482274E-16,
-0.784394953518506));
#14442=DIRECTION('ref_axis',(0.784394953518506,8.38464318173997E-16,0.620261684206514));
#14443=DIRECTION('',(8.66925382781667E-16,-1.,2.55460601351933E-16));
#14444=DIRECTION('',(0.784394953518506,8.38464318173997E-16,0.620261684206514));
#14445=DIRECTION('',(8.66925382781667E-16,-1.,2.55460601351933E-16));
#14446=DIRECTION('center_axis',(-0.369175114244084,-5.57462103964344E-16,
-0.929359852276215));
#14447=DIRECTION('ref_axis',(0.929359852276215,7.11375948987508E-16,-0.369175114244084));
#14448=DIRECTION('',(0.929359852276215,7.11375948987508E-16,-0.369175114244084));
#14449=DIRECTION('',(8.66925382781667E-16,-1.,2.55460601351933E-16));
#14450=DIRECTION('center_axis',(-0.989436798450597,-8.94800695446617E-16,
-0.144964898757708));
#14451=DIRECTION('ref_axis',(-8.66925382781667E-16,1.,-2.55460601351933E-16));
#14452=DIRECTION('',(0.144964898757708,-1.27088369186489E-16,-0.989436798450597));
#14453=DIRECTION('',(8.66925382781667E-16,-1.,2.55460601351933E-16));
#14454=DIRECTION('center_axis',(-0.620261684206513,-3.37338591482273E-16,
0.784394953518506));
#14455=DIRECTION('ref_axis',(-0.784394953518506,-8.38464318173998E-16,-0.620261684206513));
#14456=DIRECTION('',(-0.784394953518507,-8.38464318173998E-16,-0.620261684206513));
#14457=DIRECTION('',(8.66925382781667E-16,-1.,2.55460601351933E-16));
#14458=DIRECTION('center_axis',(0.369175114244084,5.57462103964344E-16,
0.929359852276215));
#14459=DIRECTION('ref_axis',(-0.929359852276215,-7.11375948987508E-16,0.369175114244084));
#14460=DIRECTION('',(-0.929359852276215,-7.11375948987508E-16,0.369175114244084));
#14461=DIRECTION('',(8.66925382781667E-16,-1.,2.55460601351933E-16));
#14462=DIRECTION('center_axis',(0.989436798450597,8.94800695446617E-16,
0.144964898757708));
#14463=DIRECTION('ref_axis',(8.66925382781667E-16,-1.,2.55460601351933E-16));
#14464=DIRECTION('',(-0.144964898757708,1.27088369186489E-16,0.989436798450597));
#14465=DIRECTION('center_axis',(8.66925382781667E-16,-1.,2.55460601351933E-16));
#14466=DIRECTION('ref_axis',(0.144964898757708,-1.27088369186489E-16,-0.989436798450597));
#14467=DIRECTION('center_axis',(6.80417763545355E-16,-1.,7.34995066009753E-16));
#14468=DIRECTION('ref_axis',(0.512910923282004,-2.81956810163432E-16,-0.85844183540762));
#14469=DIRECTION('center_axis',(-6.80417763545355E-16,1.,-7.34995066009753E-16));
#14470=DIRECTION('ref_axis',(-0.512910923282004,2.81956810163432E-16,0.85844183540762));
#14471=DIRECTION('',(6.80417763545355E-16,-1.,7.34995066009753E-16));
#14472=DIRECTION('center_axis',(-6.80417763545355E-16,1.,-7.34995066009753E-16));
#14473=DIRECTION('ref_axis',(-0.512910923282004,2.81956810163432E-16,0.85844183540762));
#14474=DIRECTION('center_axis',(6.80417763545355E-16,-1.,7.34995066009753E-16));
#14475=DIRECTION('ref_axis',(0.512910923282004,-2.81956810163432E-16,-0.85844183540762));
#14476=DIRECTION('center_axis',(-6.80417763545355E-16,1.,-7.34995066009753E-16));
#14477=DIRECTION('ref_axis',(-0.512910923282004,2.81956810163432E-16,0.85844183540762));
#14478=DIRECTION('',(-6.80417763545355E-16,1.,-7.34995066009753E-16));
#14479=DIRECTION('center_axis',(-6.80417763545355E-16,1.,-7.34995066009753E-16));
#14480=DIRECTION('ref_axis',(-0.512910923282004,2.81956810163432E-16,0.85844183540762));
#14481=DIRECTION('center_axis',(-6.80417763545355E-16,1.,-7.34995066009753E-16));
#14482=DIRECTION('ref_axis',(-0.512910923282004,2.81956810163432E-16,0.85844183540762));
#14483=DIRECTION('center_axis',(-6.80417763545355E-16,1.,-7.34995066009753E-16));
#14484=DIRECTION('ref_axis',(-0.512910923282004,2.81956810163432E-16,0.85844183540762));
#14485=DIRECTION('center_axis',(4.6013730053409E-16,-1.,2.13944567680808E-17));
#14486=DIRECTION('ref_axis',(0.512910923282004,2.17643550917889E-16,-0.85844183540762));
#14487=DIRECTION('center_axis',(-4.6013730053409E-16,1.,-2.13944567680808E-17));
#14488=DIRECTION('ref_axis',(-0.512910923282004,-2.17643550917889E-16,0.85844183540762));
#14489=DIRECTION('',(4.6013730053409E-16,-1.,2.13944567680808E-17));
#14490=DIRECTION('center_axis',(-4.6013730053409E-16,1.,-2.13944567680808E-17));
#14491=DIRECTION('ref_axis',(-0.512910923282004,-2.17643550917889E-16,0.85844183540762));
#14492=DIRECTION('center_axis',(4.6013730053409E-16,-1.,2.13944567680808E-17));
#14493=DIRECTION('ref_axis',(0.512910923282004,2.17643550917889E-16,-0.85844183540762));
#14494=DIRECTION('center_axis',(-4.6013730053409E-16,1.,-2.13944567680808E-17));
#14495=DIRECTION('ref_axis',(-0.512910923282004,-2.17643550917889E-16,0.85844183540762));
#14496=DIRECTION('',(-4.6013730053409E-16,1.,-2.13944567680808E-17));
#14497=DIRECTION('center_axis',(-4.6013730053409E-16,1.,-2.13944567680808E-17));
#14498=DIRECTION('ref_axis',(-0.512910923282004,-2.17643550917889E-16,0.85844183540762));
#14499=DIRECTION('center_axis',(-4.6013730053409E-16,1.,-2.13944567680808E-17));
#14500=DIRECTION('ref_axis',(-0.512910923282004,-2.17643550917889E-16,0.85844183540762));
#14501=DIRECTION('center_axis',(-4.6013730053409E-16,1.,-2.13944567680808E-17));
#14502=DIRECTION('ref_axis',(-0.512910923282004,-2.17643550917889E-16,0.85844183540762));
#14503=DIRECTION('center_axis',(6.80417763545355E-16,-1.,7.34995066009753E-16));
#14504=DIRECTION('ref_axis',(0.512910923282004,-2.81956810163432E-16,-0.85844183540762));
#14505=DIRECTION('center_axis',(-6.80417763545355E-16,1.,-7.34995066009753E-16));
#14506=DIRECTION('ref_axis',(-0.512910923282004,2.81956810163432E-16,0.85844183540762));
#14507=DIRECTION('',(6.80417763545355E-16,-1.,7.34995066009753E-16));
#14508=DIRECTION('center_axis',(-6.80417763545355E-16,1.,-7.34995066009753E-16));
#14509=DIRECTION('ref_axis',(-0.512910923282004,2.81956810163432E-16,0.85844183540762));
#14510=DIRECTION('center_axis',(6.80417763545355E-16,-1.,7.34995066009753E-16));
#14511=DIRECTION('ref_axis',(0.512910923282004,-2.81956810163432E-16,-0.85844183540762));
#14512=DIRECTION('center_axis',(-6.80417763545355E-16,1.,-7.34995066009753E-16));
#14513=DIRECTION('ref_axis',(-0.512910923282004,2.81956810163432E-16,0.85844183540762));
#14514=DIRECTION('',(-6.80417763545355E-16,1.,-7.34995066009753E-16));
#14515=DIRECTION('center_axis',(-6.80417763545355E-16,1.,-7.34995066009753E-16));
#14516=DIRECTION('ref_axis',(-0.512910923282004,2.81956810163432E-16,0.85844183540762));
#14517=DIRECTION('center_axis',(-6.80417763545355E-16,1.,-7.34995066009753E-16));
#14518=DIRECTION('ref_axis',(-0.512910923282004,2.81956810163432E-16,0.85844183540762));
#14519=DIRECTION('center_axis',(-6.80417763545355E-16,1.,-7.34995066009753E-16));
#14520=DIRECTION('ref_axis',(-0.512910923282004,2.81956810163432E-16,0.85844183540762));
#14521=DIRECTION('center_axis',(6.80417763545355E-16,-1.,7.34995066009753E-16));
#14522=DIRECTION('ref_axis',(0.512910923282004,-2.81956810163432E-16,-0.85844183540762));
#14523=DIRECTION('center_axis',(-6.80417763545355E-16,1.,-7.34995066009753E-16));
#14524=DIRECTION('ref_axis',(-0.512910923282004,2.81956810163432E-16,0.85844183540762));
#14525=DIRECTION('',(6.80417763545355E-16,-1.,7.34995066009753E-16));
#14526=DIRECTION('center_axis',(-6.80417763545355E-16,1.,-7.34995066009753E-16));
#14527=DIRECTION('ref_axis',(-0.512910923282004,2.81956810163432E-16,0.85844183540762));
#14528=DIRECTION('center_axis',(6.80417763545355E-16,-1.,7.34995066009753E-16));
#14529=DIRECTION('ref_axis',(0.512910923282004,-2.81956810163432E-16,-0.85844183540762));
#14530=DIRECTION('center_axis',(-6.80417763545355E-16,1.,-7.34995066009753E-16));
#14531=DIRECTION('ref_axis',(-0.512910923282004,2.81956810163432E-16,0.85844183540762));
#14532=DIRECTION('',(-6.80417763545355E-16,1.,-7.34995066009753E-16));
#14533=DIRECTION('center_axis',(-6.80417763545355E-16,1.,-7.34995066009753E-16));
#14534=DIRECTION('ref_axis',(-0.512910923282004,2.81956810163432E-16,0.85844183540762));
#14535=DIRECTION('center_axis',(-6.80417763545355E-16,1.,-7.34995066009753E-16));
#14536=DIRECTION('ref_axis',(-0.512910923282004,2.81956810163432E-16,0.85844183540762));
#14537=DIRECTION('center_axis',(-6.80417763545355E-16,1.,-7.34995066009753E-16));
#14538=DIRECTION('ref_axis',(-0.512910923282004,2.81956810163432E-16,0.85844183540762));
#14539=DIRECTION('center_axis',(6.80417763545355E-16,-1.,7.34995066009753E-16));
#14540=DIRECTION('ref_axis',(0.512910923282004,-2.81956810163432E-16,-0.85844183540762));
#14541=DIRECTION('center_axis',(-6.80417763545355E-16,1.,-7.34995066009753E-16));
#14542=DIRECTION('ref_axis',(-0.512910923282004,2.81956810163432E-16,0.85844183540762));
#14543=DIRECTION('',(6.80417763545355E-16,-1.,7.34995066009753E-16));
#14544=DIRECTION('center_axis',(-6.80417763545355E-16,1.,-7.34995066009753E-16));
#14545=DIRECTION('ref_axis',(-0.512910923282004,2.81956810163432E-16,0.85844183540762));
#14546=DIRECTION('center_axis',(6.80417763545355E-16,-1.,7.34995066009753E-16));
#14547=DIRECTION('ref_axis',(0.512910923282004,-2.81956810163432E-16,-0.85844183540762));
#14548=DIRECTION('center_axis',(-6.80417763545355E-16,1.,-7.34995066009753E-16));
#14549=DIRECTION('ref_axis',(-0.512910923282004,2.81956810163432E-16,0.85844183540762));
#14550=DIRECTION('',(-6.80417763545355E-16,1.,-7.34995066009753E-16));
#14551=DIRECTION('center_axis',(-6.80417763545355E-16,1.,-7.34995066009753E-16));
#14552=DIRECTION('ref_axis',(-0.512910923282004,2.81956810163432E-16,0.85844183540762));
#14553=DIRECTION('center_axis',(-6.80417763545355E-16,1.,-7.34995066009753E-16));
#14554=DIRECTION('ref_axis',(-0.512910923282004,2.81956810163432E-16,0.85844183540762));
#14555=DIRECTION('center_axis',(-6.80417763545355E-16,1.,-7.34995066009753E-16));
#14556=DIRECTION('ref_axis',(-0.512910923282004,2.81956810163432E-16,0.85844183540762));
#14557=DIRECTION('center_axis',(8.66925382781667E-16,-1.,2.55460601351933E-16));
#14558=DIRECTION('ref_axis',(0.144964898757708,-1.27088369186489E-16,-0.989436798450597));
#14559=DIRECTION('center_axis',(8.66925382781667E-16,-1.,2.55460601351933E-16));
#14560=DIRECTION('ref_axis',(0.144964898757708,-1.27088369186489E-16,-0.989436798450597));
#14561=DIRECTION('',(-8.66925382781667E-16,1.,-2.55460601351933E-16));
#14562=DIRECTION('center_axis',(8.66925382781667E-16,-1.,2.55460601351933E-16));
#14563=DIRECTION('ref_axis',(0.144964898757708,-1.27088369186489E-16,-0.989436798450597));
#14564=DIRECTION('center_axis',(8.66925382781667E-16,-1.,2.55460601351933E-16));
#14565=DIRECTION('ref_axis',(0.144964898757708,-1.27088369186489E-16,-0.989436798450597));
#14566=DIRECTION('',(0.102505662945597,0.707106781186546,-0.699637469739926));
#14567=DIRECTION('center_axis',(8.66925382781667E-16,-1.,2.55460601351933E-16));
#14568=DIRECTION('ref_axis',(0.144964898757708,-1.27088369186489E-16,-0.989436798450597));
#14569=DIRECTION('center_axis',(-8.66925382781667E-16,1.,-2.55460601351933E-16));
#14570=DIRECTION('ref_axis',(-0.144964898757708,1.27088369186489E-16,0.989436798450597));
#14571=DIRECTION('center_axis',(8.66925382781667E-16,-1.,2.55460601351933E-16));
#14572=DIRECTION('ref_axis',(0.144964898757708,-1.27088369186489E-16,-0.989436798450597));
#14573=DIRECTION('',(8.66925382781667E-16,-1.,2.55460601351933E-16));
#14574=DIRECTION('center_axis',(8.66925382781667E-16,-1.,2.55460601351933E-16));
#14575=DIRECTION('ref_axis',(0.144964898757708,-1.27088369186489E-16,-0.989436798450597));
#14576=DIRECTION('center_axis',(8.66925382781667E-16,-1.,2.55460601351933E-16));
#14577=DIRECTION('ref_axis',(0.144964898757708,-1.27088369186489E-16,-0.989436798450597));
#14578=DIRECTION('',(0.784394953518506,8.38464318173997E-16,0.620261684206514));
#14579=DIRECTION('',(0.929359852276215,7.11375948987508E-16,-0.369175114244084));
#14580=DIRECTION('',(0.144964898757708,-1.27088369186489E-16,-0.989436798450597));
#14581=DIRECTION('',(-0.784394953518507,-8.38464318173998E-16,-0.620261684206513));
#14582=DIRECTION('',(-0.929359852276215,-7.11375948987508E-16,0.369175114244084));
#14583=DIRECTION('',(-0.144964898757708,1.27088369186489E-16,0.989436798450597));
#14584=DIRECTION('center_axis',(8.66925382781667E-16,-1.,2.55460601351933E-16));
#14585=DIRECTION('ref_axis',(0.144964898757708,-1.27088369186489E-16,-0.989436798450597));
#14586=DIRECTION('center_axis',(-8.66925382781667E-16,1.,-2.55460601351933E-16));
#14587=DIRECTION('ref_axis',(-0.144964898757708,1.27088369186489E-16,0.989436798450597));
#14588=DIRECTION('center_axis',(0.620261684206514,3.37338591482274E-16,
-0.784394953518506));
#14589=DIRECTION('ref_axis',(0.784394953518506,8.38464318173997E-16,0.620261684206514));
#14590=DIRECTION('',(8.66925382781667E-16,-1.,2.55460601351933E-16));
#14591=DIRECTION('',(0.784394953518506,8.38464318173997E-16,0.620261684206514));
#14592=DIRECTION('',(8.66925382781667E-16,-1.,2.55460601351933E-16));
#14593=DIRECTION('center_axis',(-0.369175114244084,-5.57462103964344E-16,
-0.929359852276215));
#14594=DIRECTION('ref_axis',(0.929359852276215,7.11375948987508E-16,-0.369175114244084));
#14595=DIRECTION('',(0.929359852276215,7.11375948987508E-16,-0.369175114244084));
#14596=DIRECTION('',(8.66925382781667E-16,-1.,2.55460601351933E-16));
#14597=DIRECTION('center_axis',(-0.989436798450597,-8.94800695446617E-16,
-0.144964898757708));
#14598=DIRECTION('ref_axis',(-8.66925382781667E-16,1.,-2.55460601351933E-16));
#14599=DIRECTION('',(0.144964898757708,-1.27088369186489E-16,-0.989436798450597));
#14600=DIRECTION('',(8.66925382781667E-16,-1.,2.55460601351933E-16));
#14601=DIRECTION('center_axis',(-0.620261684206513,-3.37338591482273E-16,
0.784394953518506));
#14602=DIRECTION('ref_axis',(-0.784394953518506,-8.38464318173998E-16,-0.620261684206513));
#14603=DIRECTION('',(-0.784394953518507,-8.38464318173998E-16,-0.620261684206513));
#14604=DIRECTION('',(8.66925382781667E-16,-1.,2.55460601351933E-16));
#14605=DIRECTION('center_axis',(0.369175114244084,5.57462103964344E-16,
0.929359852276215));
#14606=DIRECTION('ref_axis',(-0.929359852276215,-7.11375948987508E-16,0.369175114244084));
#14607=DIRECTION('',(-0.929359852276215,-7.11375948987508E-16,0.369175114244084));
#14608=DIRECTION('',(8.66925382781667E-16,-1.,2.55460601351933E-16));
#14609=DIRECTION('center_axis',(0.989436798450597,8.94800695446617E-16,
0.144964898757708));
#14610=DIRECTION('ref_axis',(8.66925382781667E-16,-1.,2.55460601351933E-16));
#14611=DIRECTION('',(-0.144964898757708,1.27088369186489E-16,0.989436798450597));
#14612=DIRECTION('center_axis',(8.66925382781667E-16,-1.,2.55460601351933E-16));
#14613=DIRECTION('ref_axis',(0.144964898757708,-1.27088369186489E-16,-0.989436798450597));
#14614=DIRECTION('center_axis',(8.66925382781667E-16,-1.,2.55460601351933E-16));
#14615=DIRECTION('ref_axis',(0.144964898757708,-1.27088369186489E-16,-0.989436798450597));
#14616=DIRECTION('center_axis',(8.66925382781667E-16,-1.,2.55460601351933E-16));
#14617=DIRECTION('ref_axis',(0.144964898757708,-1.27088369186489E-16,-0.989436798450597));
#14618=DIRECTION('',(-8.66925382781667E-16,1.,-2.55460601351933E-16));
#14619=DIRECTION('center_axis',(8.66925382781667E-16,-1.,2.55460601351933E-16));
#14620=DIRECTION('ref_axis',(0.144964898757708,-1.27088369186489E-16,-0.989436798450597));
#14621=DIRECTION('center_axis',(8.66925382781667E-16,-1.,2.55460601351933E-16));
#14622=DIRECTION('ref_axis',(0.144964898757708,-1.27088369186489E-16,-0.989436798450597));
#14623=DIRECTION('',(0.102505662945597,0.707106781186546,-0.699637469739926));
#14624=DIRECTION('center_axis',(8.66925382781667E-16,-1.,2.55460601351933E-16));
#14625=DIRECTION('ref_axis',(0.144964898757708,-1.27088369186489E-16,-0.989436798450597));
#14626=DIRECTION('center_axis',(-8.66925382781667E-16,1.,-2.55460601351933E-16));
#14627=DIRECTION('ref_axis',(-0.144964898757708,1.27088369186489E-16,0.989436798450597));
#14628=DIRECTION('center_axis',(8.66925382781667E-16,-1.,2.55460601351933E-16));
#14629=DIRECTION('ref_axis',(0.144964898757708,-1.27088369186489E-16,-0.989436798450597));
#14630=DIRECTION('',(8.66925382781667E-16,-1.,2.55460601351933E-16));
#14631=DIRECTION('center_axis',(8.66925382781667E-16,-1.,2.55460601351933E-16));
#14632=DIRECTION('ref_axis',(0.144964898757708,-1.27088369186489E-16,-0.989436798450597));
#14633=DIRECTION('center_axis',(8.66925382781667E-16,-1.,2.55460601351933E-16));
#14634=DIRECTION('ref_axis',(0.144964898757708,-1.27088369186489E-16,-0.989436798450597));
#14635=DIRECTION('',(0.784394953518506,8.38464318173997E-16,0.620261684206514));
#14636=DIRECTION('',(0.929359852276215,7.11375948987508E-16,-0.369175114244084));
#14637=DIRECTION('',(0.144964898757708,-1.27088369186489E-16,-0.989436798450597));
#14638=DIRECTION('',(-0.784394953518507,-8.38464318173998E-16,-0.620261684206513));
#14639=DIRECTION('',(-0.929359852276215,-7.11375948987508E-16,0.369175114244084));
#14640=DIRECTION('',(-0.144964898757708,1.27088369186489E-16,0.989436798450597));
#14641=DIRECTION('center_axis',(8.66925382781667E-16,-1.,2.55460601351933E-16));
#14642=DIRECTION('ref_axis',(0.144964898757708,-1.27088369186489E-16,-0.989436798450597));
#14643=DIRECTION('center_axis',(-8.66925382781667E-16,1.,-2.55460601351933E-16));
#14644=DIRECTION('ref_axis',(-0.144964898757708,1.27088369186489E-16,0.989436798450597));
#14645=DIRECTION('center_axis',(0.620261684206514,3.37338591482274E-16,
-0.784394953518506));
#14646=DIRECTION('ref_axis',(0.784394953518506,8.38464318173997E-16,0.620261684206514));
#14647=DIRECTION('',(8.66925382781667E-16,-1.,2.55460601351933E-16));
#14648=DIRECTION('',(0.784394953518506,8.38464318173997E-16,0.620261684206514));
#14649=DIRECTION('',(8.66925382781667E-16,-1.,2.55460601351933E-16));
#14650=DIRECTION('center_axis',(-0.369175114244084,-5.57462103964344E-16,
-0.929359852276215));
#14651=DIRECTION('ref_axis',(0.929359852276215,7.11375948987508E-16,-0.369175114244084));
#14652=DIRECTION('',(0.929359852276215,7.11375948987508E-16,-0.369175114244084));
#14653=DIRECTION('',(8.66925382781667E-16,-1.,2.55460601351933E-16));
#14654=DIRECTION('center_axis',(-0.989436798450597,-8.94800695446617E-16,
-0.144964898757708));
#14655=DIRECTION('ref_axis',(-8.66925382781667E-16,1.,-2.55460601351933E-16));
#14656=DIRECTION('',(0.144964898757708,-1.27088369186489E-16,-0.989436798450597));
#14657=DIRECTION('',(8.66925382781667E-16,-1.,2.55460601351933E-16));
#14658=DIRECTION('center_axis',(-0.620261684206513,-3.37338591482273E-16,
0.784394953518506));
#14659=DIRECTION('ref_axis',(-0.784394953518506,-8.38464318173998E-16,-0.620261684206513));
#14660=DIRECTION('',(-0.784394953518507,-8.38464318173998E-16,-0.620261684206513));
#14661=DIRECTION('',(8.66925382781667E-16,-1.,2.55460601351933E-16));
#14662=DIRECTION('center_axis',(0.369175114244084,5.57462103964344E-16,
0.929359852276215));
#14663=DIRECTION('ref_axis',(-0.929359852276215,-7.11375948987508E-16,0.369175114244084));
#14664=DIRECTION('',(-0.929359852276215,-7.11375948987508E-16,0.369175114244084));
#14665=DIRECTION('',(8.66925382781667E-16,-1.,2.55460601351933E-16));
#14666=DIRECTION('center_axis',(0.989436798450597,8.94800695446617E-16,
0.144964898757708));
#14667=DIRECTION('ref_axis',(8.66925382781667E-16,-1.,2.55460601351933E-16));
#14668=DIRECTION('',(-0.144964898757708,1.27088369186489E-16,0.989436798450597));
#14669=DIRECTION('center_axis',(8.66925382781667E-16,-1.,2.55460601351933E-16));
#14670=DIRECTION('ref_axis',(0.144964898757708,-1.27088369186489E-16,-0.989436798450597));
#14671=DIRECTION('center_axis',(8.66925382781667E-16,-1.,2.55460601351933E-16));
#14672=DIRECTION('ref_axis',(0.144964898757708,-1.27088369186489E-16,-0.989436798450597));
#14673=DIRECTION('center_axis',(8.66925382781667E-16,-1.,2.55460601351933E-16));
#14674=DIRECTION('ref_axis',(0.144964898757708,-1.27088369186489E-16,-0.989436798450597));
#14675=DIRECTION('',(-8.66925382781667E-16,1.,-2.55460601351933E-16));
#14676=DIRECTION('center_axis',(8.66925382781667E-16,-1.,2.55460601351933E-16));
#14677=DIRECTION('ref_axis',(0.144964898757708,-1.27088369186489E-16,-0.989436798450597));
#14678=DIRECTION('center_axis',(8.66925382781667E-16,-1.,2.55460601351933E-16));
#14679=DIRECTION('ref_axis',(0.144964898757708,-1.27088369186489E-16,-0.989436798450597));
#14680=DIRECTION('',(0.102505662945597,0.707106781186546,-0.699637469739926));
#14681=DIRECTION('center_axis',(8.66925382781667E-16,-1.,2.55460601351933E-16));
#14682=DIRECTION('ref_axis',(0.144964898757708,-1.27088369186489E-16,-0.989436798450597));
#14683=DIRECTION('center_axis',(-8.66925382781667E-16,1.,-2.55460601351933E-16));
#14684=DIRECTION('ref_axis',(-0.144964898757708,1.27088369186489E-16,0.989436798450597));
#14685=DIRECTION('center_axis',(8.66925382781667E-16,-1.,2.55460601351933E-16));
#14686=DIRECTION('ref_axis',(0.144964898757708,-1.27088369186489E-16,-0.989436798450597));
#14687=DIRECTION('',(8.66925382781667E-16,-1.,2.55460601351933E-16));
#14688=DIRECTION('center_axis',(8.66925382781667E-16,-1.,2.55460601351933E-16));
#14689=DIRECTION('ref_axis',(0.144964898757708,-1.27088369186489E-16,-0.989436798450597));
#14690=DIRECTION('center_axis',(8.66925382781667E-16,-1.,2.55460601351933E-16));
#14691=DIRECTION('ref_axis',(0.144964898757708,-1.27088369186489E-16,-0.989436798450597));
#14692=DIRECTION('',(0.784394953518506,8.38464318173997E-16,0.620261684206514));
#14693=DIRECTION('',(0.929359852276215,7.11375948987508E-16,-0.369175114244084));
#14694=DIRECTION('',(0.144964898757708,-1.27088369186489E-16,-0.989436798450597));
#14695=DIRECTION('',(-0.784394953518507,-8.38464318173998E-16,-0.620261684206513));
#14696=DIRECTION('',(-0.929359852276215,-7.11375948987508E-16,0.369175114244084));
#14697=DIRECTION('',(-0.144964898757708,1.27088369186489E-16,0.989436798450597));
#14698=DIRECTION('center_axis',(8.66925382781667E-16,-1.,2.55460601351933E-16));
#14699=DIRECTION('ref_axis',(0.144964898757708,-1.27088369186489E-16,-0.989436798450597));
#14700=DIRECTION('center_axis',(-8.66925382781667E-16,1.,-2.55460601351933E-16));
#14701=DIRECTION('ref_axis',(-0.144964898757708,1.27088369186489E-16,0.989436798450597));
#14702=DIRECTION('center_axis',(0.620261684206514,3.37338591482274E-16,
-0.784394953518506));
#14703=DIRECTION('ref_axis',(0.784394953518506,8.38464318173997E-16,0.620261684206514));
#14704=DIRECTION('',(8.66925382781667E-16,-1.,2.55460601351933E-16));
#14705=DIRECTION('',(0.784394953518506,8.38464318173997E-16,0.620261684206514));
#14706=DIRECTION('',(8.66925382781667E-16,-1.,2.55460601351933E-16));
#14707=DIRECTION('center_axis',(-0.369175114244084,-5.57462103964344E-16,
-0.929359852276215));
#14708=DIRECTION('ref_axis',(0.929359852276215,7.11375948987508E-16,-0.369175114244084));
#14709=DIRECTION('',(0.929359852276215,7.11375948987508E-16,-0.369175114244084));
#14710=DIRECTION('',(8.66925382781667E-16,-1.,2.55460601351933E-16));
#14711=DIRECTION('center_axis',(-0.989436798450597,-8.94800695446617E-16,
-0.144964898757708));
#14712=DIRECTION('ref_axis',(-8.66925382781667E-16,1.,-2.55460601351933E-16));
#14713=DIRECTION('',(0.144964898757708,-1.27088369186489E-16,-0.989436798450597));
#14714=DIRECTION('',(8.66925382781667E-16,-1.,2.55460601351933E-16));
#14715=DIRECTION('center_axis',(-0.620261684206513,-3.37338591482273E-16,
0.784394953518506));
#14716=DIRECTION('ref_axis',(-0.784394953518506,-8.38464318173998E-16,-0.620261684206513));
#14717=DIRECTION('',(-0.784394953518507,-8.38464318173998E-16,-0.620261684206513));
#14718=DIRECTION('',(8.66925382781667E-16,-1.,2.55460601351933E-16));
#14719=DIRECTION('center_axis',(0.369175114244084,5.57462103964344E-16,
0.929359852276215));
#14720=DIRECTION('ref_axis',(-0.929359852276215,-7.11375948987508E-16,0.369175114244084));
#14721=DIRECTION('',(-0.929359852276215,-7.11375948987508E-16,0.369175114244084));
#14722=DIRECTION('',(8.66925382781667E-16,-1.,2.55460601351933E-16));
#14723=DIRECTION('center_axis',(0.989436798450597,8.94800695446617E-16,
0.144964898757708));
#14724=DIRECTION('ref_axis',(8.66925382781667E-16,-1.,2.55460601351933E-16));
#14725=DIRECTION('',(-0.144964898757708,1.27088369186489E-16,0.989436798450597));
#14726=DIRECTION('center_axis',(8.66925382781667E-16,-1.,2.55460601351933E-16));
#14727=DIRECTION('ref_axis',(0.144964898757708,-1.27088369186489E-16,-0.989436798450597));
#14728=DIRECTION('center_axis',(4.6013730053409E-16,-1.,2.13944567680808E-17));
#14729=DIRECTION('ref_axis',(0.512910923282004,2.17643550917889E-16,-0.85844183540762));
#14730=DIRECTION('center_axis',(-4.6013730053409E-16,1.,-2.13944567680808E-17));
#14731=DIRECTION('ref_axis',(-0.512910923282004,-2.17643550917889E-16,0.85844183540762));
#14732=DIRECTION('',(4.6013730053409E-16,-1.,2.13944567680808E-17));
#14733=DIRECTION('center_axis',(-4.6013730053409E-16,1.,-2.13944567680808E-17));
#14734=DIRECTION('ref_axis',(-0.512910923282004,-2.17643550917889E-16,0.85844183540762));
#14735=DIRECTION('center_axis',(4.6013730053409E-16,-1.,2.13944567680808E-17));
#14736=DIRECTION('ref_axis',(0.512910923282004,2.17643550917889E-16,-0.85844183540762));
#14737=DIRECTION('center_axis',(-4.6013730053409E-16,1.,-2.13944567680808E-17));
#14738=DIRECTION('ref_axis',(-0.512910923282004,-2.17643550917889E-16,0.85844183540762));
#14739=DIRECTION('',(-4.6013730053409E-16,1.,-2.13944567680808E-17));
#14740=DIRECTION('center_axis',(-4.6013730053409E-16,1.,-2.13944567680808E-17));
#14741=DIRECTION('ref_axis',(-0.512910923282004,-2.17643550917889E-16,0.85844183540762));
#14742=DIRECTION('center_axis',(-4.6013730053409E-16,1.,-2.13944567680808E-17));
#14743=DIRECTION('ref_axis',(-0.512910923282004,-2.17643550917889E-16,0.85844183540762));
#14744=DIRECTION('center_axis',(-4.6013730053409E-16,1.,-2.13944567680808E-17));
#14745=DIRECTION('ref_axis',(-0.512910923282004,-2.17643550917889E-16,0.85844183540762));
#14746=DIRECTION('center_axis',(4.6013730053409E-16,-1.,2.13944567680808E-17));
#14747=DIRECTION('ref_axis',(0.512910923282004,2.17643550917889E-16,-0.85844183540762));
#14748=DIRECTION('center_axis',(-4.6013730053409E-16,1.,-2.13944567680808E-17));
#14749=DIRECTION('ref_axis',(-0.512910923282004,-2.17643550917889E-16,0.85844183540762));
#14750=DIRECTION('',(4.6013730053409E-16,-1.,2.13944567680808E-17));
#14751=DIRECTION('center_axis',(-4.6013730053409E-16,1.,-2.13944567680808E-17));
#14752=DIRECTION('ref_axis',(-0.512910923282004,-2.17643550917889E-16,0.85844183540762));
#14753=DIRECTION('center_axis',(4.6013730053409E-16,-1.,2.13944567680808E-17));
#14754=DIRECTION('ref_axis',(0.512910923282004,2.17643550917889E-16,-0.85844183540762));
#14755=DIRECTION('center_axis',(-4.6013730053409E-16,1.,-2.13944567680808E-17));
#14756=DIRECTION('ref_axis',(-0.512910923282004,-2.17643550917889E-16,0.85844183540762));
#14757=DIRECTION('',(-4.6013730053409E-16,1.,-2.13944567680808E-17));
#14758=DIRECTION('center_axis',(-4.6013730053409E-16,1.,-2.13944567680808E-17));
#14759=DIRECTION('ref_axis',(-0.512910923282004,-2.17643550917889E-16,0.85844183540762));
#14760=DIRECTION('center_axis',(-4.6013730053409E-16,1.,-2.13944567680808E-17));
#14761=DIRECTION('ref_axis',(-0.512910923282004,-2.17643550917889E-16,0.85844183540762));
#14762=DIRECTION('center_axis',(-4.6013730053409E-16,1.,-2.13944567680808E-17));
#14763=DIRECTION('ref_axis',(-0.512910923282004,-2.17643550917889E-16,0.85844183540762));
#14764=DIRECTION('center_axis',(4.6013730053409E-16,-1.,2.13944567680808E-17));
#14765=DIRECTION('ref_axis',(0.512910923282004,2.17643550917889E-16,-0.85844183540762));
#14766=DIRECTION('center_axis',(-4.6013730053409E-16,1.,-2.13944567680808E-17));
#14767=DIRECTION('ref_axis',(-0.512910923282004,-2.17643550917889E-16,0.85844183540762));
#14768=DIRECTION('',(4.6013730053409E-16,-1.,2.13944567680808E-17));
#14769=DIRECTION('center_axis',(-4.6013730053409E-16,1.,-2.13944567680808E-17));
#14770=DIRECTION('ref_axis',(-0.512910923282004,-2.17643550917889E-16,0.85844183540762));
#14771=DIRECTION('center_axis',(4.6013730053409E-16,-1.,2.13944567680808E-17));
#14772=DIRECTION('ref_axis',(0.512910923282004,2.17643550917889E-16,-0.85844183540762));
#14773=DIRECTION('center_axis',(-4.6013730053409E-16,1.,-2.13944567680808E-17));
#14774=DIRECTION('ref_axis',(-0.512910923282004,-2.17643550917889E-16,0.85844183540762));
#14775=DIRECTION('',(-4.6013730053409E-16,1.,-2.13944567680808E-17));
#14776=DIRECTION('center_axis',(-4.6013730053409E-16,1.,-2.13944567680808E-17));
#14777=DIRECTION('ref_axis',(-0.512910923282004,-2.17643550917889E-16,0.85844183540762));
#14778=DIRECTION('center_axis',(-4.6013730053409E-16,1.,-2.13944567680808E-17));
#14779=DIRECTION('ref_axis',(-0.512910923282004,-2.17643550917889E-16,0.85844183540762));
#14780=DIRECTION('center_axis',(-4.6013730053409E-16,1.,-2.13944567680808E-17));
#14781=DIRECTION('ref_axis',(-0.512910923282004,-2.17643550917889E-16,0.85844183540762));
#14782=DIRECTION('center_axis',(3.01975603548869E-16,-1.,8.85568592414295E-17));
#14783=DIRECTION('ref_axis',(0.85844183540762,3.0465027179529E-16,0.512910923282004));
#14784=DIRECTION('center_axis',(3.01975603548869E-16,-1.,8.85568592414295E-17));
#14785=DIRECTION('ref_axis',(0.85844183540762,3.0465027179529E-16,0.512910923282004));
#14786=DIRECTION('',(3.01975603548869E-16,-1.,8.85568592414295E-17));
#14787=DIRECTION('center_axis',(3.01975603548869E-16,-1.,8.85568592414295E-17));
#14788=DIRECTION('ref_axis',(0.85844183540762,3.0465027179529E-16,0.512910923282004));
#14789=DIRECTION('center_axis',(3.01975603548869E-16,-1.,8.85568592414295E-17));
#14790=DIRECTION('ref_axis',(0.85844183540762,3.0465027179529E-16,0.512910923282004));
#14791=DIRECTION('',(-0.735828270866116,-0.515038074910054,-0.439650471610263));
#14792=DIRECTION('center_axis',(-3.01975603548869E-16,1.,-8.85568592414295E-17));
#14793=DIRECTION('ref_axis',(-0.85844183540762,-3.0465027179529E-16,-0.512910923282004));
#14794=DIRECTION('center_axis',(-3.01975603548869E-16,1.,-8.85568592414295E-17));
#14795=DIRECTION('ref_axis',(-0.85844183540762,-3.0465027179529E-16,-0.512910923282004));
#14796=DIRECTION('',(3.01975603548869E-16,-1.,8.85568592414295E-17));
#14797=DIRECTION('center_axis',(-3.01975603548869E-16,1.,-8.85568592414295E-17));
#14798=DIRECTION('ref_axis',(-0.85844183540762,-3.0465027179529E-16,-0.512910923282004));
#14799=DIRECTION('center_axis',(-3.01975603548869E-16,1.,-8.85568592414295E-17));
#14800=DIRECTION('ref_axis',(-0.85844183540762,-3.0465027179529E-16,-0.512910923282004));
#14801=DIRECTION('center_axis',(-3.01975603548869E-16,1.,-8.85568592414295E-17));
#14802=DIRECTION('ref_axis',(-0.85844183540762,-3.0465027179529E-16,-0.512910923282004));
#14803=DIRECTION('',(3.01975603548869E-16,-1.,8.85568592414295E-17));
#14804=DIRECTION('center_axis',(-3.01975603548869E-16,1.,-8.85568592414295E-17));
#14805=DIRECTION('ref_axis',(-0.85844183540762,-3.0465027179529E-16,-0.512910923282004));
#14806=DIRECTION('center_axis',(3.01975603548869E-16,-1.,8.85568592414295E-17));
#14807=DIRECTION('ref_axis',(0.85844183540762,3.0465027179529E-16,0.512910923282004));
#14808=DIRECTION('',(0.99988789877534,3.03267711064427E-16,0.0149729717369365));
#14809=DIRECTION('',(0.486976975493337,2.24402038224684E-16,0.873414807144556));
#14810=DIRECTION('',(-0.512910923282004,-7.88656728397435E-17,0.858441835407619));
#14811=DIRECTION('',(-0.99988789877534,-3.03267711064427E-16,-0.0149729717369367));
#14812=DIRECTION('',(-0.486976975493336,-2.24402038224684E-16,-0.873414807144556));
#14813=DIRECTION('',(0.512910923282003,7.88656728397434E-17,-0.85844183540762));
#14814=DIRECTION('center_axis',(-3.01975603548869E-16,1.,-8.85568592414295E-17));
#14815=DIRECTION('ref_axis',(-0.85844183540762,-3.0465027179529E-16,-0.512910923282004));
#14816=DIRECTION('center_axis',(-3.01975603548869E-16,1.,-8.85568592414295E-17));
#14817=DIRECTION('ref_axis',(-0.85844183540762,-3.0465027179529E-16,-0.512910923282004));
#14818=DIRECTION('center_axis',(-0.873414807144556,-2.20624812063415E-16,
0.486976975493337));
#14819=DIRECTION('ref_axis',(-0.486976975493337,-2.24402038224684E-16,-0.873414807144556));
#14820=DIRECTION('',(-3.01975603548868E-16,1.,-8.85568592414295E-17));
#14821=DIRECTION('',(0.486976975493337,2.24402038224684E-16,0.873414807144556));
#14822=DIRECTION('',(-3.01975603548868E-16,1.,-8.85568592414295E-17));
#14823=DIRECTION('center_axis',(-0.85844183540762,-3.0465027179529E-16,
-0.512910923282004));
#14824=DIRECTION('ref_axis',(0.512910923282004,7.88656728397435E-17,-0.85844183540762));
#14825=DIRECTION('',(-0.512910923282004,-7.88656728397435E-17,0.858441835407619));
#14826=DIRECTION('',(-3.01975603548868E-16,1.,-8.85568592414295E-17));
#14827=DIRECTION('center_axis',(0.0149729717369367,-8.40254597318749E-17,
-0.99988789877534));
#14828=DIRECTION('ref_axis',(0.99988789877534,3.03267711064427E-16,0.0149729717369366));
#14829=DIRECTION('',(-0.99988789877534,-3.03267711064427E-16,-0.0149729717369367));
#14830=DIRECTION('',(-3.01975603548868E-16,1.,-8.85568592414295E-17));
#14831=DIRECTION('center_axis',(0.873414807144556,2.20624812063416E-16,
-0.486976975493336));
#14832=DIRECTION('ref_axis',(0.486976975493336,2.24402038224684E-16,0.873414807144556));
#14833=DIRECTION('',(-0.486976975493336,-2.24402038224684E-16,-0.873414807144556));
#14834=DIRECTION('',(-3.01975603548868E-16,1.,-8.85568592414295E-17));
#14835=DIRECTION('center_axis',(0.85844183540762,3.0465027179529E-16,0.512910923282003));
#14836=DIRECTION('ref_axis',(-0.512910923282003,-7.88656728397434E-17,0.85844183540762));
#14837=DIRECTION('',(0.512910923282003,7.88656728397434E-17,-0.85844183540762));
#14838=DIRECTION('',(-3.01975603548868E-16,1.,-8.85568592414295E-17));
#14839=DIRECTION('center_axis',(-0.0149729717369365,8.4025459731875E-17,
0.99988789877534));
#14840=DIRECTION('ref_axis',(-0.99988789877534,-3.03267711064427E-16,-0.0149729717369364));
#14841=DIRECTION('',(0.99988789877534,3.03267711064427E-16,0.0149729717369365));
#14842=DIRECTION('center_axis',(-3.01975603548869E-16,1.,-8.85568592414295E-17));
#14843=DIRECTION('ref_axis',(-0.85844183540762,-3.0465027179529E-16,-0.512910923282004));
#14844=DIRECTION('center_axis',(3.01975603548869E-16,-1.,8.85568592414295E-17));
#14845=DIRECTION('ref_axis',(0.85844183540762,3.0465027179529E-16,0.512910923282004));
#14846=DIRECTION('center_axis',(3.01975603548869E-16,-1.,8.85568592414295E-17));
#14847=DIRECTION('ref_axis',(0.85844183540762,3.0465027179529E-16,0.512910923282004));
#14848=DIRECTION('',(3.01975603548869E-16,-1.,8.85568592414295E-17));
#14849=DIRECTION('center_axis',(3.01975603548869E-16,-1.,8.85568592414295E-17));
#14850=DIRECTION('ref_axis',(0.85844183540762,3.0465027179529E-16,0.512910923282004));
#14851=DIRECTION('center_axis',(3.01975603548869E-16,-1.,8.85568592414295E-17));
#14852=DIRECTION('ref_axis',(0.85844183540762,3.0465027179529E-16,0.512910923282004));
#14853=DIRECTION('',(-0.735828270866116,-0.515038074910054,-0.439650471610263));
#14854=DIRECTION('center_axis',(-3.01975603548869E-16,1.,-8.85568592414295E-17));
#14855=DIRECTION('ref_axis',(-0.85844183540762,-3.0465027179529E-16,-0.512910923282004));
#14856=DIRECTION('center_axis',(-3.01975603548869E-16,1.,-8.85568592414295E-17));
#14857=DIRECTION('ref_axis',(-0.85844183540762,-3.0465027179529E-16,-0.512910923282004));
#14858=DIRECTION('',(3.01975603548869E-16,-1.,8.85568592414295E-17));
#14859=DIRECTION('center_axis',(-3.01975603548869E-16,1.,-8.85568592414295E-17));
#14860=DIRECTION('ref_axis',(-0.85844183540762,-3.0465027179529E-16,-0.512910923282004));
#14861=DIRECTION('center_axis',(-3.01975603548869E-16,1.,-8.85568592414295E-17));
#14862=DIRECTION('ref_axis',(-0.85844183540762,-3.0465027179529E-16,-0.512910923282004));
#14863=DIRECTION('center_axis',(-3.01975603548869E-16,1.,-8.85568592414295E-17));
#14864=DIRECTION('ref_axis',(-0.85844183540762,-3.0465027179529E-16,-0.512910923282004));
#14865=DIRECTION('',(3.01975603548869E-16,-1.,8.85568592414295E-17));
#14866=DIRECTION('center_axis',(-3.01975603548869E-16,1.,-8.85568592414295E-17));
#14867=DIRECTION('ref_axis',(-0.85844183540762,-3.0465027179529E-16,-0.512910923282004));
#14868=DIRECTION('center_axis',(3.01975603548869E-16,-1.,8.85568592414295E-17));
#14869=DIRECTION('ref_axis',(0.85844183540762,3.0465027179529E-16,0.512910923282004));
#14870=DIRECTION('',(0.99988789877534,3.03267711064427E-16,0.0149729717369365));
#14871=DIRECTION('',(0.486976975493337,2.24402038224684E-16,0.873414807144556));
#14872=DIRECTION('',(-0.512910923282004,-7.88656728397435E-17,0.858441835407619));
#14873=DIRECTION('',(-0.99988789877534,-3.03267711064427E-16,-0.0149729717369367));
#14874=DIRECTION('',(-0.486976975493336,-2.24402038224684E-16,-0.873414807144556));
#14875=DIRECTION('',(0.512910923282003,7.88656728397434E-17,-0.85844183540762));
#14876=DIRECTION('center_axis',(-3.01975603548869E-16,1.,-8.85568592414295E-17));
#14877=DIRECTION('ref_axis',(-0.85844183540762,-3.0465027179529E-16,-0.512910923282004));
#14878=DIRECTION('center_axis',(-3.01975603548869E-16,1.,-8.85568592414295E-17));
#14879=DIRECTION('ref_axis',(-0.85844183540762,-3.0465027179529E-16,-0.512910923282004));
#14880=DIRECTION('center_axis',(-0.873414807144556,-2.20624812063415E-16,
0.486976975493337));
#14881=DIRECTION('ref_axis',(-0.486976975493337,-2.24402038224684E-16,-0.873414807144556));
#14882=DIRECTION('',(-3.01975603548868E-16,1.,-8.85568592414295E-17));
#14883=DIRECTION('',(0.486976975493337,2.24402038224684E-16,0.873414807144556));
#14884=DIRECTION('',(-3.01975603548868E-16,1.,-8.85568592414295E-17));
#14885=DIRECTION('center_axis',(-0.85844183540762,-3.0465027179529E-16,
-0.512910923282004));
#14886=DIRECTION('ref_axis',(0.512910923282004,7.88656728397435E-17,-0.85844183540762));
#14887=DIRECTION('',(-0.512910923282004,-7.88656728397435E-17,0.858441835407619));
#14888=DIRECTION('',(-3.01975603548868E-16,1.,-8.85568592414295E-17));
#14889=DIRECTION('center_axis',(0.0149729717369367,-8.40254597318749E-17,
-0.99988789877534));
#14890=DIRECTION('ref_axis',(0.99988789877534,3.03267711064427E-16,0.0149729717369366));
#14891=DIRECTION('',(-0.99988789877534,-3.03267711064427E-16,-0.0149729717369367));
#14892=DIRECTION('',(-3.01975603548868E-16,1.,-8.85568592414295E-17));
#14893=DIRECTION('center_axis',(0.873414807144556,2.20624812063416E-16,
-0.486976975493336));
#14894=DIRECTION('ref_axis',(0.486976975493336,2.24402038224684E-16,0.873414807144556));
#14895=DIRECTION('',(-0.486976975493336,-2.24402038224684E-16,-0.873414807144556));
#14896=DIRECTION('',(-3.01975603548868E-16,1.,-8.85568592414295E-17));
#14897=DIRECTION('center_axis',(0.85844183540762,3.0465027179529E-16,0.512910923282003));
#14898=DIRECTION('ref_axis',(-0.512910923282003,-7.88656728397434E-17,0.85844183540762));
#14899=DIRECTION('',(0.512910923282003,7.88656728397434E-17,-0.85844183540762));
#14900=DIRECTION('',(-3.01975603548868E-16,1.,-8.85568592414295E-17));
#14901=DIRECTION('center_axis',(-0.0149729717369365,8.4025459731875E-17,
0.99988789877534));
#14902=DIRECTION('ref_axis',(-0.99988789877534,-3.03267711064427E-16,-0.0149729717369364));
#14903=DIRECTION('',(0.99988789877534,3.03267711064427E-16,0.0149729717369365));
#14904=DIRECTION('center_axis',(-3.01975603548869E-16,1.,-8.85568592414295E-17));
#14905=DIRECTION('ref_axis',(-0.85844183540762,-3.0465027179529E-16,-0.512910923282004));
#14906=DIRECTION('center_axis',(3.01975603548869E-16,-1.,8.85568592414295E-17));
#14907=DIRECTION('ref_axis',(0.85844183540762,3.0465027179529E-16,0.512910923282004));
#14908=DIRECTION('center_axis',(3.01975603548869E-16,-1.,8.85568592414295E-17));
#14909=DIRECTION('ref_axis',(0.85844183540762,3.0465027179529E-16,0.512910923282004));
#14910=DIRECTION('',(3.01975603548869E-16,-1.,8.85568592414295E-17));
#14911=DIRECTION('center_axis',(3.01975603548869E-16,-1.,8.85568592414295E-17));
#14912=DIRECTION('ref_axis',(0.85844183540762,3.0465027179529E-16,0.512910923282004));
#14913=DIRECTION('center_axis',(3.01975603548869E-16,-1.,8.85568592414295E-17));
#14914=DIRECTION('ref_axis',(0.85844183540762,3.0465027179529E-16,0.512910923282004));
#14915=DIRECTION('',(-0.735828270866116,-0.515038074910054,-0.439650471610263));
#14916=DIRECTION('center_axis',(-3.01975603548869E-16,1.,-8.85568592414295E-17));
#14917=DIRECTION('ref_axis',(-0.85844183540762,-3.0465027179529E-16,-0.512910923282004));
#14918=DIRECTION('center_axis',(-3.01975603548869E-16,1.,-8.85568592414295E-17));
#14919=DIRECTION('ref_axis',(-0.85844183540762,-3.0465027179529E-16,-0.512910923282004));
#14920=DIRECTION('',(3.01975603548869E-16,-1.,8.85568592414295E-17));
#14921=DIRECTION('center_axis',(-3.01975603548869E-16,1.,-8.85568592414295E-17));
#14922=DIRECTION('ref_axis',(-0.85844183540762,-3.0465027179529E-16,-0.512910923282004));
#14923=DIRECTION('center_axis',(-3.01975603548869E-16,1.,-8.85568592414295E-17));
#14924=DIRECTION('ref_axis',(-0.85844183540762,-3.0465027179529E-16,-0.512910923282004));
#14925=DIRECTION('center_axis',(-3.01975603548869E-16,1.,-8.85568592414295E-17));
#14926=DIRECTION('ref_axis',(-0.85844183540762,-3.0465027179529E-16,-0.512910923282004));
#14927=DIRECTION('',(3.01975603548869E-16,-1.,8.85568592414295E-17));
#14928=DIRECTION('center_axis',(-3.01975603548869E-16,1.,-8.85568592414295E-17));
#14929=DIRECTION('ref_axis',(-0.85844183540762,-3.0465027179529E-16,-0.512910923282004));
#14930=DIRECTION('center_axis',(3.01975603548869E-16,-1.,8.85568592414295E-17));
#14931=DIRECTION('ref_axis',(0.85844183540762,3.0465027179529E-16,0.512910923282004));
#14932=DIRECTION('',(0.99988789877534,3.03267711064427E-16,0.0149729717369365));
#14933=DIRECTION('',(0.486976975493337,2.24402038224684E-16,0.873414807144556));
#14934=DIRECTION('',(-0.512910923282004,-7.88656728397435E-17,0.858441835407619));
#14935=DIRECTION('',(-0.99988789877534,-3.03267711064427E-16,-0.0149729717369367));
#14936=DIRECTION('',(-0.486976975493336,-2.24402038224684E-16,-0.873414807144556));
#14937=DIRECTION('',(0.512910923282003,7.88656728397434E-17,-0.85844183540762));
#14938=DIRECTION('center_axis',(-3.01975603548869E-16,1.,-8.85568592414295E-17));
#14939=DIRECTION('ref_axis',(-0.85844183540762,-3.0465027179529E-16,-0.512910923282004));
#14940=DIRECTION('center_axis',(-3.01975603548869E-16,1.,-8.85568592414295E-17));
#14941=DIRECTION('ref_axis',(-0.85844183540762,-3.0465027179529E-16,-0.512910923282004));
#14942=DIRECTION('center_axis',(-0.873414807144556,-2.20624812063415E-16,
0.486976975493337));
#14943=DIRECTION('ref_axis',(-0.486976975493337,-2.24402038224684E-16,-0.873414807144556));
#14944=DIRECTION('',(-3.01975603548868E-16,1.,-8.85568592414295E-17));
#14945=DIRECTION('',(0.486976975493337,2.24402038224684E-16,0.873414807144556));
#14946=DIRECTION('',(-3.01975603548868E-16,1.,-8.85568592414295E-17));
#14947=DIRECTION('center_axis',(-0.85844183540762,-3.0465027179529E-16,
-0.512910923282004));
#14948=DIRECTION('ref_axis',(0.512910923282004,7.88656728397435E-17,-0.85844183540762));
#14949=DIRECTION('',(-0.512910923282004,-7.88656728397435E-17,0.858441835407619));
#14950=DIRECTION('',(-3.01975603548868E-16,1.,-8.85568592414295E-17));
#14951=DIRECTION('center_axis',(0.0149729717369367,-8.40254597318749E-17,
-0.99988789877534));
#14952=DIRECTION('ref_axis',(0.99988789877534,3.03267711064427E-16,0.0149729717369366));
#14953=DIRECTION('',(-0.99988789877534,-3.03267711064427E-16,-0.0149729717369367));
#14954=DIRECTION('',(-3.01975603548868E-16,1.,-8.85568592414295E-17));
#14955=DIRECTION('center_axis',(0.873414807144556,2.20624812063416E-16,
-0.486976975493336));
#14956=DIRECTION('ref_axis',(0.486976975493336,2.24402038224684E-16,0.873414807144556));
#14957=DIRECTION('',(-0.486976975493336,-2.24402038224684E-16,-0.873414807144556));
#14958=DIRECTION('',(-3.01975603548868E-16,1.,-8.85568592414295E-17));
#14959=DIRECTION('center_axis',(0.85844183540762,3.0465027179529E-16,0.512910923282003));
#14960=DIRECTION('ref_axis',(-0.512910923282003,-7.88656728397434E-17,0.85844183540762));
#14961=DIRECTION('',(0.512910923282003,7.88656728397434E-17,-0.85844183540762));
#14962=DIRECTION('',(-3.01975603548868E-16,1.,-8.85568592414295E-17));
#14963=DIRECTION('center_axis',(-0.0149729717369365,8.4025459731875E-17,
0.99988789877534));
#14964=DIRECTION('ref_axis',(-0.99988789877534,-3.03267711064427E-16,-0.0149729717369364));
#14965=DIRECTION('',(0.99988789877534,3.03267711064427E-16,0.0149729717369365));
#14966=DIRECTION('center_axis',(-3.01975603548869E-16,1.,-8.85568592414295E-17));
#14967=DIRECTION('ref_axis',(-0.85844183540762,-3.0465027179529E-16,-0.512910923282004));
#14968=DIRECTION('center_axis',(-5.75376029695365E-17,1.,-7.89827744962021E-16));
#14969=DIRECTION('ref_axis',(-0.533049729566367,-6.98930951809583E-16,-0.846083911801438));
#14970=DIRECTION('center_axis',(-5.75376029695365E-17,1.,-7.89827744962021E-16));
#14971=DIRECTION('ref_axis',(-0.533049729566367,-6.98930951809583E-16,-0.846083911801438));
#14972=DIRECTION('',(5.75376029695365E-17,-1.,7.89827744962021E-16));
#14973=DIRECTION('center_axis',(-5.75376029695365E-17,1.,-7.89827744962021E-16));
#14974=DIRECTION('ref_axis',(-0.533049729566367,-6.98930951809583E-16,-0.846083911801438));
#14975=DIRECTION('center_axis',(-5.75376029695365E-17,1.,-7.89827744962021E-16));
#14976=DIRECTION('ref_axis',(-0.533049729566367,-6.98930951809583E-16,-0.846083911801438));
#14977=DIRECTION('',(-0.376923078486035,-0.707106781186545,-0.59827167148764));
#14978=DIRECTION('center_axis',(-5.75376029695365E-17,1.,-7.89827744962021E-16));
#14979=DIRECTION('ref_axis',(-0.533049729566367,-6.98930951809583E-16,-0.846083911801438));
#14980=DIRECTION('center_axis',(-5.75376029695365E-17,1.,-7.89827744962021E-16));
#14981=DIRECTION('ref_axis',(-0.533049729566367,-6.98930951809583E-16,-0.846083911801438));
#14982=DIRECTION('center_axis',(5.75376029695365E-17,-1.,7.89827744962021E-16));
#14983=DIRECTION('ref_axis',(0.533049729566367,6.98930951809583E-16,0.846083911801438));
#14984=DIRECTION('',(5.75376029695365E-17,-1.,7.89827744962021E-16));
#14985=DIRECTION('center_axis',(5.75376029695365E-17,-1.,7.89827744962021E-16));
#14986=DIRECTION('ref_axis',(0.533049729566367,6.98930951809583E-16,0.846083911801438));
#14987=DIRECTION('center_axis',(5.75376029695365E-17,-1.,7.89827744962021E-16));
#14988=DIRECTION('ref_axis',(0.533049729566367,6.98930951809583E-16,0.846083911801438));
#14989=DIRECTION('center_axis',(5.75376029695365E-17,-1.,7.89827744962021E-16));
#14990=DIRECTION('ref_axis',(0.533049729566367,6.98930951809583E-16,0.846083911801438));
#14991=DIRECTION('',(0.846083911801438,-3.72335825659875E-16,-0.533049729566367));
#14992=DIRECTION('',(0.884676563185617,4.19124046928399E-16,0.466205296570174));
#14993=DIRECTION('',(0.0385926513841792,7.91459872588274E-16,0.999255026136541));
#14994=DIRECTION('',(-0.846083911801438,3.72335825659875E-16,0.533049729566367));
#14995=DIRECTION('',(-0.884676563185617,-4.19124046928399E-16,-0.466205296570174));
#14996=DIRECTION('',(-0.0385926513841793,-7.91459872588274E-16,-0.999255026136541));
#14997=DIRECTION('center_axis',(5.75376029695365E-17,-1.,7.89827744962021E-16));
#14998=DIRECTION('ref_axis',(0.533049729566367,6.98930951809583E-16,0.846083911801438));
#14999=DIRECTION('center_axis',(-0.466205296570174,6.71917759665297E-16,
0.884676563185617));
#15000=DIRECTION('ref_axis',(-0.884676563185617,-4.19124046928399E-16,-0.466205296570174));
#15001=DIRECTION('',(-5.75376029695365E-17,1.,-7.89827744962021E-16));
#15002=DIRECTION('',(0.884676563185617,4.19124046928399E-16,0.466205296570174));
#15003=DIRECTION('',(-5.75376029695365E-17,1.,-7.89827744962021E-16));
#15004=DIRECTION('center_axis',(-0.999255026136541,-2.70131921442863E-17,
0.0385926513841792));
#15005=DIRECTION('ref_axis',(-0.0385926513841792,-7.91459872588274E-16,
-0.999255026136541));
#15006=DIRECTION('',(0.0385926513841792,7.91459872588274E-16,0.999255026136541));
#15007=DIRECTION('',(-5.75376029695365E-17,1.,-7.89827744962021E-16));
#15008=DIRECTION('center_axis',(-0.533049729566367,-6.98930951809583E-16,
-0.846083911801438));
#15009=DIRECTION('ref_axis',(0.846083911801438,-3.72335825659875E-16,-0.533049729566367));
#15010=DIRECTION('',(-0.846083911801438,3.72335825659875E-16,0.533049729566367));
#15011=DIRECTION('',(-5.75376029695365E-17,1.,-7.89827744962021E-16));
#15012=DIRECTION('center_axis',(0.466205296570174,-6.71917759665297E-16,
-0.884676563185617));
#15013=DIRECTION('ref_axis',(0.884676563185617,4.19124046928399E-16,0.466205296570174));
#15014=DIRECTION('',(-0.884676563185617,-4.19124046928399E-16,-0.466205296570174));
#15015=DIRECTION('',(-5.75376029695365E-17,1.,-7.89827744962021E-16));
#15016=DIRECTION('center_axis',(0.999255026136541,2.70131921442863E-17,
-0.0385926513841793));
#15017=DIRECTION('ref_axis',(0.0385926513841793,7.91459872588274E-16,0.999255026136541));
#15018=DIRECTION('',(-0.0385926513841793,-7.91459872588274E-16,-0.999255026136541));
#15019=DIRECTION('',(-5.75376029695365E-17,1.,-7.89827744962021E-16));
#15020=DIRECTION('center_axis',(0.533049729566367,6.98930951809583E-16,
0.846083911801438));
#15021=DIRECTION('ref_axis',(-0.846083911801438,3.72335825659875E-16,0.533049729566367));
#15022=DIRECTION('',(0.846083911801438,-3.72335825659875E-16,-0.533049729566367));
#15023=DIRECTION('center_axis',(-5.75376029695365E-17,1.,-7.89827744962021E-16));
#15024=DIRECTION('ref_axis',(-0.533049729566367,-6.98930951809583E-16,-0.846083911801438));
#15025=DIRECTION('center_axis',(-2.59873572565091E-16,-1.,2.68098497890182E-16));
#15026=DIRECTION('ref_axis',(0.846083911801438,-3.62784680647198E-16,-0.533049729566367));
#15027=DIRECTION('center_axis',(2.59873572565091E-16,1.,-2.68098497890182E-16));
#15028=DIRECTION('ref_axis',(-0.846083911801438,3.62784680647198E-16,0.533049729566367));
#15029=DIRECTION('',(-2.59873572565091E-16,-1.,2.68098497890182E-16));
#15030=DIRECTION('center_axis',(2.59873572565091E-16,1.,-2.68098497890182E-16));
#15031=DIRECTION('ref_axis',(-0.846083911801438,3.62784680647198E-16,0.533049729566367));
#15032=DIRECTION('center_axis',(-2.59873572565091E-16,-1.,2.68098497890182E-16));
#15033=DIRECTION('ref_axis',(0.846083911801438,-3.62784680647198E-16,-0.533049729566367));
#15034=DIRECTION('center_axis',(2.59873572565091E-16,1.,-2.68098497890182E-16));
#15035=DIRECTION('ref_axis',(-0.846083911801438,3.62784680647198E-16,0.533049729566367));
#15036=DIRECTION('',(2.59873572565091E-16,1.,-2.68098497890182E-16));
#15037=DIRECTION('center_axis',(2.59873572565091E-16,1.,-2.68098497890182E-16));
#15038=DIRECTION('ref_axis',(-0.846083911801438,3.62784680647198E-16,0.533049729566367));
#15039=DIRECTION('center_axis',(2.59873572565091E-16,1.,-2.68098497890182E-16));
#15040=DIRECTION('ref_axis',(-0.846083911801438,3.62784680647198E-16,0.533049729566367));
#15041=DIRECTION('center_axis',(2.59873572565091E-16,1.,-2.68098497890182E-16));
#15042=DIRECTION('ref_axis',(-0.846083911801438,3.62784680647198E-16,0.533049729566367));
#15043=DIRECTION('center_axis',(-3.20700701483526E-16,1.,2.78738130619942E-16));
#15044=DIRECTION('ref_axis',(-0.558368109453703,5.2170243066917E-17,-0.829593306593717));
#15045=DIRECTION('center_axis',(-3.20700701483526E-16,1.,2.78738130619942E-16));
#15046=DIRECTION('ref_axis',(-0.558368109453703,5.2170243066917E-17,-0.829593306593717));
#15047=DIRECTION('',(3.20700701483526E-16,-1.,-2.78738130619942E-16));
#15048=DIRECTION('center_axis',(-3.20700701483526E-16,1.,2.78738130619942E-16));
#15049=DIRECTION('ref_axis',(-0.558368109453703,5.2170243066917E-17,-0.829593306593717));
#15050=DIRECTION('center_axis',(-3.20700701483526E-16,1.,2.78738130619942E-16));
#15051=DIRECTION('ref_axis',(-0.558368109453703,5.2170243066917E-17,-0.829593306593717));
#15052=DIRECTION('',(-0.394825876593027,-0.707106781186544,-0.586611052719391));
#15053=DIRECTION('center_axis',(-3.20700701483526E-16,1.,2.78738130619942E-16));
#15054=DIRECTION('ref_axis',(-0.558368109453703,5.2170243066917E-17,-0.829593306593717));
#15055=DIRECTION('center_axis',(-3.20700701483526E-16,1.,2.78738130619942E-16));
#15056=DIRECTION('ref_axis',(-0.558368109453703,5.21702430669169E-17,-0.829593306593717));
#15057=DIRECTION('center_axis',(3.20700701483526E-16,-1.,-2.78738130619942E-16));
#15058=DIRECTION('ref_axis',(0.558368109453703,-5.21702430669169E-17,0.829593306593717));
#15059=DIRECTION('',(3.20700701483526E-16,-1.,-2.78738130619942E-16));
#15060=DIRECTION('center_axis',(3.20700701483526E-16,-1.,-2.78738130619942E-16));
#15061=DIRECTION('ref_axis',(0.558368109453703,-5.21702430669169E-17,0.829593306593717));
#15062=DIRECTION('center_axis',(3.20700701483526E-16,-1.,-2.78738130619942E-16));
#15063=DIRECTION('ref_axis',(0.558368109453703,-5.2170243066917E-17,0.829593306593717));
#15064=DIRECTION('center_axis',(3.20700701483526E-16,-1.,-2.78738130619942E-16));
#15065=DIRECTION('ref_axis',(0.558368109453703,-5.2170243066917E-17,0.829593306593717));
#15066=DIRECTION('',(0.829593306593717,4.21689638397559E-16,-0.558368109453703));
#15067=DIRECTION('',(0.898357620746855,1.65664063381221E-16,0.43926482359284));
#15068=DIRECTION('',(0.0687643141531374,-2.56025575016339E-16,0.997632933046543));
#15069=DIRECTION('',(-0.829593306593717,-4.21689638397559E-16,0.558368109453703));
#15070=DIRECTION('',(-0.898357620746855,-1.6566406338122E-16,-0.43926482359284));
#15071=DIRECTION('',(-0.0687643141531375,2.56025575016339E-16,-0.997632933046543));
#15072=DIRECTION('center_axis',(3.20700701483526E-16,-1.,-2.78738130619942E-16));
#15073=DIRECTION('ref_axis',(0.558368109453703,-5.2170243066917E-17,0.829593306593717));
#15074=DIRECTION('center_axis',(-0.439264823592841,-3.91279060898419E-16,
0.898357620746855));
#15075=DIRECTION('ref_axis',(-0.898357620746855,-1.6566406338122E-16,-0.43926482359284));
#15076=DIRECTION('',(-3.20700701483526E-16,1.,2.78738130619942E-16));
#15077=DIRECTION('',(0.898357620746855,1.65664063381221E-16,0.43926482359284));
#15078=DIRECTION('',(-3.20700701483526E-16,1.,2.78738130619942E-16));
#15079=DIRECTION('center_axis',(-0.997632933046543,-3.39108817831502E-16,
0.0687643141531374));
#15080=DIRECTION('ref_axis',(-0.0687643141531374,2.56025575016339E-16,-0.997632933046543));
#15081=DIRECTION('',(0.0687643141531374,-2.56025575016339E-16,0.997632933046543));
#15082=DIRECTION('',(-3.20700701483526E-16,1.,2.78738130619942E-16));
#15083=DIRECTION('center_axis',(-0.558368109453703,5.21702430669171E-17,
-0.829593306593718));
#15084=DIRECTION('ref_axis',(0.829593306593718,4.21689638397559E-16,-0.558368109453703));
#15085=DIRECTION('',(-0.829593306593717,-4.21689638397559E-16,0.558368109453703));
#15086=DIRECTION('',(-3.20700701483526E-16,1.,2.78738130619942E-16));
#15087=DIRECTION('center_axis',(0.439264823592841,3.91279060898419E-16,
-0.898357620746855));
#15088=DIRECTION('ref_axis',(0.898357620746855,1.6566406338122E-16,0.43926482359284));
#15089=DIRECTION('',(-0.898357620746855,-1.6566406338122E-16,-0.43926482359284));
#15090=DIRECTION('',(-3.20700701483526E-16,1.,2.78738130619942E-16));
#15091=DIRECTION('center_axis',(0.997632933046543,3.39108817831502E-16,
-0.0687643141531375));
#15092=DIRECTION('ref_axis',(0.0687643141531375,-2.56025575016339E-16,0.997632933046543));
#15093=DIRECTION('',(-0.0687643141531375,2.56025575016339E-16,-0.997632933046543));
#15094=DIRECTION('',(-3.20700701483526E-16,1.,2.78738130619942E-16));
#15095=DIRECTION('center_axis',(0.558368109453703,-5.21702430669169E-17,
0.829593306593717));
#15096=DIRECTION('ref_axis',(-0.829593306593717,-4.21689638397559E-16,0.558368109453703));
#15097=DIRECTION('',(0.829593306593717,4.21689638397559E-16,-0.558368109453703));
#15098=DIRECTION('center_axis',(-3.20700701483526E-16,1.,2.78738130619942E-16));
#15099=DIRECTION('ref_axis',(-0.558368109453703,5.2170243066917E-17,-0.829593306593717));
#15100=DIRECTION('center_axis',(5.95406049800745E-16,-1.,9.83365624453317E-17));
#15101=DIRECTION('ref_axis',(0.829593306593718,4.39036873157327E-16,-0.558368109453703));
#15102=DIRECTION('center_axis',(-5.95406049800745E-16,1.,-9.83365624453317E-17));
#15103=DIRECTION('ref_axis',(-0.829593306593718,-4.39036873157327E-16,0.558368109453703));
#15104=DIRECTION('',(5.95406049800745E-16,-1.,9.83365624453317E-17));
#15105=DIRECTION('center_axis',(-5.95406049800745E-16,1.,-9.83365624453317E-17));
#15106=DIRECTION('ref_axis',(-0.829593306593718,-4.39036873157327E-16,0.558368109453703));
#15107=DIRECTION('center_axis',(5.95406049800745E-16,-1.,9.83365624453317E-17));
#15108=DIRECTION('ref_axis',(0.829593306593717,4.39036873157327E-16,-0.558368109453703));
#15109=DIRECTION('center_axis',(-5.95406049800745E-16,1.,-9.83365624453317E-17));
#15110=DIRECTION('ref_axis',(-0.829593306593717,-4.39036873157327E-16,0.558368109453703));
#15111=DIRECTION('',(-5.95406049800744E-16,1.,-9.83365624453317E-17));
#15112=DIRECTION('center_axis',(-5.95406049800745E-16,1.,-9.83365624453317E-17));
#15113=DIRECTION('ref_axis',(-0.829593306593717,-4.39036873157327E-16,0.558368109453703));
#15114=DIRECTION('center_axis',(-5.95406049800745E-16,1.,-9.83365624453317E-17));
#15115=DIRECTION('ref_axis',(-0.829593306593717,-4.39036873157327E-16,0.558368109453703));
#15116=DIRECTION('center_axis',(-5.95406049800745E-16,1.,-9.83365624453317E-17));
#15117=DIRECTION('ref_axis',(-0.829593306593717,-4.39036873157327E-16,0.558368109453703));
#15118=DIRECTION('center_axis',(3.50195492688811E-17,-1.,3.97716957014496E-16));
#15119=DIRECTION('ref_axis',(0.533049729566341,3.55169080047908E-16,0.846083911801454));
#15120=DIRECTION('center_axis',(3.50195492688811E-17,-1.,3.97716957014496E-16));
#15121=DIRECTION('ref_axis',(0.533049729566341,3.55169080047908E-16,0.846083911801454));
#15122=DIRECTION('',(-3.50195492688811E-17,1.,-3.97716957014496E-16));
#15123=DIRECTION('center_axis',(3.50195492688811E-17,-1.,3.97716957014496E-16));
#15124=DIRECTION('ref_axis',(0.533049729566341,3.55169080047908E-16,0.846083911801454));
#15125=DIRECTION('center_axis',(3.50195492688811E-17,-1.,3.97716957014496E-16));
#15126=DIRECTION('ref_axis',(0.533049729566341,3.55169080047908E-16,0.846083911801454));
#15127=DIRECTION('',(0.376923078486016,0.707106781186544,0.598271671487652));
#15128=DIRECTION('center_axis',(3.50195492688811E-17,-1.,3.97716957014496E-16));
#15129=DIRECTION('ref_axis',(0.533049729566341,3.55169080047908E-16,0.846083911801454));
#15130=DIRECTION('center_axis',(3.50195492688811E-17,-1.,3.97716957014496E-16));
#15131=DIRECTION('ref_axis',(0.533049729566341,3.55169080047908E-16,0.846083911801454));
#15132=DIRECTION('center_axis',(-3.50195492688811E-17,1.,-3.97716957014496E-16));
#15133=DIRECTION('ref_axis',(-0.533049729566341,-3.55169080047908E-16,-0.846083911801454));
#15134=DIRECTION('',(-3.50195492688811E-17,1.,-3.97716957014496E-16));
#15135=DIRECTION('center_axis',(-3.50195492688811E-17,1.,-3.97716957014496E-16));
#15136=DIRECTION('ref_axis',(-0.533049729566341,-3.55169080047908E-16,-0.846083911801454));
#15137=DIRECTION('center_axis',(-3.50195492688811E-17,1.,-3.97716957014496E-16));
#15138=DIRECTION('ref_axis',(-0.533049729566341,-3.55169080047908E-16,-0.846083911801454));
#15139=DIRECTION('center_axis',(-3.50195492688811E-17,1.,-3.97716957014496E-16));
#15140=DIRECTION('ref_axis',(-0.533049729566341,-3.55169080047908E-16,-0.846083911801454));
#15141=DIRECTION('',(0.846083911801454,-1.82373439145586E-16,-0.533049729566341));
#15142=DIRECTION('',(-0.0385926513841489,-3.9877216553303E-16,-0.999255026136542));
#15143=DIRECTION('',(-0.884676563185603,-2.16398726387444E-16,-0.466205296570201));
#15144=DIRECTION('',(-0.846083911801454,1.82373439145586E-16,0.533049729566341));
#15145=DIRECTION('',(0.038592651384149,3.9877216553303E-16,0.999255026136542));
#15146=DIRECTION('',(0.884676563185603,2.16398726387444E-16,0.466205296570201));
#15147=DIRECTION('center_axis',(-3.50195492688811E-17,1.,-3.97716957014496E-16));
#15148=DIRECTION('ref_axis',(-0.533049729566341,-3.55169080047908E-16,-0.846083911801454));
#15149=DIRECTION('center_axis',(-0.999255026136542,-1.96445087483407E-17,
0.038592651384149));
#15150=DIRECTION('ref_axis',(0.038592651384149,3.9877216553303E-16,0.999255026136542));
#15151=DIRECTION('',(3.50195492688811E-17,-1.,3.97716957014496E-16));
#15152=DIRECTION('',(-0.0385926513841489,-3.9877216553303E-16,-0.999255026136542));
#15153=DIRECTION('',(3.50195492688811E-17,-1.,3.97716957014496E-16));
#15154=DIRECTION('center_axis',(-0.466205296570201,3.35524571299567E-16,
0.884676563185604));
#15155=DIRECTION('ref_axis',(0.884676563185603,2.16398726387444E-16,0.466205296570201));
#15156=DIRECTION('',(-0.884676563185603,-2.16398726387444E-16,-0.466205296570201));
#15157=DIRECTION('',(3.50195492688811E-17,-1.,3.97716957014496E-16));
#15158=DIRECTION('center_axis',(0.533049729566341,3.55169080047908E-16,
0.846083911801454));
#15159=DIRECTION('ref_axis',(0.846083911801454,-1.82373439145586E-16,-0.533049729566341));
#15160=DIRECTION('',(-0.846083911801454,1.82373439145586E-16,0.533049729566341));
#15161=DIRECTION('',(3.50195492688811E-17,-1.,3.97716957014496E-16));
#15162=DIRECTION('center_axis',(0.999255026136542,1.96445087483407E-17,
-0.038592651384149));
#15163=DIRECTION('ref_axis',(-0.038592651384149,-3.9877216553303E-16,-0.999255026136542));
#15164=DIRECTION('',(0.038592651384149,3.9877216553303E-16,0.999255026136542));
#15165=DIRECTION('',(3.50195492688811E-17,-1.,3.97716957014496E-16));
#15166=DIRECTION('center_axis',(0.466205296570201,-3.35524571299567E-16,
-0.884676563185603));
#15167=DIRECTION('ref_axis',(-0.884676563185603,-2.16398726387444E-16,-0.466205296570201));
#15168=DIRECTION('',(0.884676563185603,2.16398726387444E-16,0.466205296570201));
#15169=DIRECTION('',(3.50195492688811E-17,-1.,3.97716957014496E-16));
#15170=DIRECTION('center_axis',(-0.533049729566341,-3.55169080047908E-16,
-0.846083911801454));
#15171=DIRECTION('ref_axis',(-0.846083911801454,1.82373439145586E-16,0.533049729566341));
#15172=DIRECTION('',(0.846083911801454,-1.82373439145586E-16,-0.533049729566341));
#15173=DIRECTION('center_axis',(3.50195492688811E-17,-1.,3.97716957014496E-16));
#15174=DIRECTION('ref_axis',(0.533049729566341,3.55169080047908E-16,0.846083911801454));
#15175=DIRECTION('center_axis',(2.43439771385551E-16,1.,7.03026765526289E-17));
#15176=DIRECTION('ref_axis',(0.846083911801454,-1.6849565133777E-16,-0.533049729566341));
#15177=DIRECTION('center_axis',(-2.43439771385551E-16,-1.,-7.03026765526289E-17));
#15178=DIRECTION('ref_axis',(-0.846083911801454,1.6849565133777E-16,0.533049729566341));
#15179=DIRECTION('',(2.43439771385551E-16,1.,7.03026765526289E-17));
#15180=DIRECTION('center_axis',(-2.43439771385551E-16,-1.,-7.03026765526289E-17));
#15181=DIRECTION('ref_axis',(-0.846083911801454,1.6849565133777E-16,0.533049729566341));
#15182=DIRECTION('center_axis',(2.43439771385551E-16,1.,7.03026765526289E-17));
#15183=DIRECTION('ref_axis',(0.846083911801454,-1.6849565133777E-16,-0.533049729566341));
#15184=DIRECTION('center_axis',(-2.43439771385551E-16,-1.,-7.03026765526289E-17));
#15185=DIRECTION('ref_axis',(-0.846083911801454,1.6849565133777E-16,0.533049729566341));
#15186=DIRECTION('',(-2.43439771385551E-16,-1.,-7.03026765526289E-17));
#15187=DIRECTION('center_axis',(-2.43439771385551E-16,-1.,-7.03026765526289E-17));
#15188=DIRECTION('ref_axis',(-0.846083911801454,1.6849565133777E-16,0.533049729566341));
#15189=DIRECTION('center_axis',(-2.43439771385551E-16,-1.,-7.03026765526289E-17));
#15190=DIRECTION('ref_axis',(-0.846083911801454,1.6849565133777E-16,0.533049729566341));
#15191=DIRECTION('center_axis',(-2.43439771385551E-16,-1.,-7.03026765526289E-17));
#15192=DIRECTION('ref_axis',(-0.846083911801454,1.6849565133777E-16,0.533049729566341));
#15193=DIRECTION('center_axis',(3.50195492688811E-17,-1.,3.97716957014496E-16));
#15194=DIRECTION('ref_axis',(0.533049729566341,3.55169080047908E-16,0.846083911801454));
#15195=DIRECTION('center_axis',(3.50195492688811E-17,-1.,3.97716957014496E-16));
#15196=DIRECTION('ref_axis',(0.533049729566341,3.55169080047908E-16,0.846083911801454));
#15197=DIRECTION('',(-3.50195492688811E-17,1.,-3.97716957014496E-16));
#15198=DIRECTION('center_axis',(3.50195492688811E-17,-1.,3.97716957014496E-16));
#15199=DIRECTION('ref_axis',(0.533049729566341,3.55169080047908E-16,0.846083911801454));
#15200=DIRECTION('center_axis',(3.50195492688811E-17,-1.,3.97716957014496E-16));
#15201=DIRECTION('ref_axis',(0.533049729566341,3.55169080047908E-16,0.846083911801454));
#15202=DIRECTION('',(0.376923078486016,0.707106781186544,0.598271671487652));
#15203=DIRECTION('center_axis',(3.50195492688811E-17,-1.,3.97716957014496E-16));
#15204=DIRECTION('ref_axis',(0.533049729566341,3.55169080047908E-16,0.846083911801454));
#15205=DIRECTION('center_axis',(3.50195492688811E-17,-1.,3.97716957014496E-16));
#15206=DIRECTION('ref_axis',(0.533049729566341,3.55169080047908E-16,0.846083911801454));
#15207=DIRECTION('center_axis',(-3.50195492688811E-17,1.,-3.97716957014496E-16));
#15208=DIRECTION('ref_axis',(-0.533049729566341,-3.55169080047908E-16,-0.846083911801454));
#15209=DIRECTION('',(-3.50195492688811E-17,1.,-3.97716957014496E-16));
#15210=DIRECTION('center_axis',(-3.50195492688811E-17,1.,-3.97716957014496E-16));
#15211=DIRECTION('ref_axis',(-0.533049729566341,-3.55169080047908E-16,-0.846083911801454));
#15212=DIRECTION('center_axis',(-3.50195492688811E-17,1.,-3.97716957014496E-16));
#15213=DIRECTION('ref_axis',(-0.533049729566341,-3.55169080047908E-16,-0.846083911801454));
#15214=DIRECTION('center_axis',(-3.50195492688811E-17,1.,-3.97716957014496E-16));
#15215=DIRECTION('ref_axis',(-0.533049729566341,-3.55169080047908E-16,-0.846083911801454));
#15216=DIRECTION('',(0.846083911801454,-1.82373439145586E-16,-0.533049729566341));
#15217=DIRECTION('',(-0.0385926513841489,-3.9877216553303E-16,-0.999255026136542));
#15218=DIRECTION('',(-0.884676563185603,-2.16398726387444E-16,-0.466205296570201));
#15219=DIRECTION('',(-0.846083911801454,1.82373439145586E-16,0.533049729566341));
#15220=DIRECTION('',(0.038592651384149,3.9877216553303E-16,0.999255026136542));
#15221=DIRECTION('',(0.884676563185603,2.16398726387444E-16,0.466205296570201));
#15222=DIRECTION('center_axis',(-3.50195492688811E-17,1.,-3.97716957014496E-16));
#15223=DIRECTION('ref_axis',(-0.533049729566341,-3.55169080047908E-16,-0.846083911801454));
#15224=DIRECTION('center_axis',(-0.999255026136542,-1.96445087483407E-17,
0.038592651384149));
#15225=DIRECTION('ref_axis',(0.038592651384149,3.9877216553303E-16,0.999255026136542));
#15226=DIRECTION('',(3.50195492688811E-17,-1.,3.97716957014496E-16));
#15227=DIRECTION('',(-0.0385926513841489,-3.9877216553303E-16,-0.999255026136542));
#15228=DIRECTION('',(3.50195492688811E-17,-1.,3.97716957014496E-16));
#15229=DIRECTION('center_axis',(-0.466205296570201,3.35524571299567E-16,
0.884676563185604));
#15230=DIRECTION('ref_axis',(0.884676563185603,2.16398726387444E-16,0.466205296570201));
#15231=DIRECTION('',(-0.884676563185603,-2.16398726387444E-16,-0.466205296570201));
#15232=DIRECTION('',(3.50195492688811E-17,-1.,3.97716957014496E-16));
#15233=DIRECTION('center_axis',(0.533049729566341,3.55169080047908E-16,
0.846083911801454));
#15234=DIRECTION('ref_axis',(0.846083911801454,-1.82373439145586E-16,-0.533049729566341));
#15235=DIRECTION('',(-0.846083911801454,1.82373439145586E-16,0.533049729566341));
#15236=DIRECTION('',(3.50195492688811E-17,-1.,3.97716957014496E-16));
#15237=DIRECTION('center_axis',(0.999255026136542,1.96445087483407E-17,
-0.038592651384149));
#15238=DIRECTION('ref_axis',(-0.038592651384149,-3.9877216553303E-16,-0.999255026136542));
#15239=DIRECTION('',(0.038592651384149,3.9877216553303E-16,0.999255026136542));
#15240=DIRECTION('',(3.50195492688811E-17,-1.,3.97716957014496E-16));
#15241=DIRECTION('center_axis',(0.466205296570201,-3.35524571299567E-16,
-0.884676563185603));
#15242=DIRECTION('ref_axis',(-0.884676563185603,-2.16398726387444E-16,-0.466205296570201));
#15243=DIRECTION('',(0.884676563185603,2.16398726387444E-16,0.466205296570201));
#15244=DIRECTION('',(3.50195492688811E-17,-1.,3.97716957014496E-16));
#15245=DIRECTION('center_axis',(-0.533049729566341,-3.55169080047908E-16,
-0.846083911801454));
#15246=DIRECTION('ref_axis',(-0.846083911801454,1.82373439145586E-16,0.533049729566341));
#15247=DIRECTION('',(0.846083911801454,-1.82373439145586E-16,-0.533049729566341));
#15248=DIRECTION('center_axis',(3.50195492688811E-17,-1.,3.97716957014496E-16));
#15249=DIRECTION('ref_axis',(0.533049729566341,3.55169080047908E-16,0.846083911801454));
#15250=DIRECTION('center_axis',(2.43439771385551E-16,1.,7.03026765526289E-17));
#15251=DIRECTION('ref_axis',(0.846083911801454,-1.6849565133777E-16,-0.533049729566341));
#15252=DIRECTION('center_axis',(-2.43439771385551E-16,-1.,-7.03026765526289E-17));
#15253=DIRECTION('ref_axis',(-0.846083911801454,1.6849565133777E-16,0.533049729566341));
#15254=DIRECTION('',(2.43439771385551E-16,1.,7.03026765526289E-17));
#15255=DIRECTION('center_axis',(-2.43439771385551E-16,-1.,-7.03026765526289E-17));
#15256=DIRECTION('ref_axis',(-0.846083911801454,1.6849565133777E-16,0.533049729566341));
#15257=DIRECTION('center_axis',(2.43439771385551E-16,1.,7.03026765526289E-17));
#15258=DIRECTION('ref_axis',(0.846083911801454,-1.6849565133777E-16,-0.533049729566341));
#15259=DIRECTION('center_axis',(-2.43439771385551E-16,-1.,-7.03026765526289E-17));
#15260=DIRECTION('ref_axis',(-0.846083911801454,1.6849565133777E-16,0.533049729566341));
#15261=DIRECTION('',(-2.43439771385551E-16,-1.,-7.03026765526289E-17));
#15262=DIRECTION('center_axis',(-2.43439771385551E-16,-1.,-7.03026765526289E-17));
#15263=DIRECTION('ref_axis',(-0.846083911801454,1.6849565133777E-16,0.533049729566341));
#15264=DIRECTION('center_axis',(-2.43439771385551E-16,-1.,-7.03026765526289E-17));
#15265=DIRECTION('ref_axis',(-0.846083911801454,1.6849565133777E-16,0.533049729566341));
#15266=DIRECTION('center_axis',(-2.43439771385551E-16,-1.,-7.03026765526289E-17));
#15267=DIRECTION('ref_axis',(-0.846083911801454,1.6849565133777E-16,0.533049729566341));
#15268=CARTESIAN_POINT('',(0.,0.,0.));
#15269=CARTESIAN_POINT('Origin',(-24.5000000000008,7.79999999999878,60.0000000000013));
#15270=CARTESIAN_POINT('',(-23.2491927138146,7.79999999999879,56.2005946343127));
#15271=CARTESIAN_POINT('Origin',(-24.5000000000008,7.79999999999878,60.0000000000013));
#15272=CARTESIAN_POINT('',(-23.4055436245879,7.29999999999883,56.6755203050238));
#15273=CARTESIAN_POINT('',(-23.2491927138146,7.79999999999879,56.2005946343127));
#15274=CARTESIAN_POINT('Origin',(-24.5000000000008,7.29999999999882,60.0000000000013));
#15275=CARTESIAN_POINT('Origin',(-24.5000000000024,361.497511761245,60.0000000000017));
#15276=CARTESIAN_POINT('',(-23.2491927138146,8.49999999999881,56.2005946343127));
#15277=CARTESIAN_POINT('Origin',(-24.5000000000008,8.49999999999882,60.0000000000013));
#15278=CARTESIAN_POINT('',(-23.2491927138162,361.497511761245,56.2005946343131));
#15279=CARTESIAN_POINT('Origin',(-24.5000000000024,361.497511761245,60.0000000000017));
#15280=CARTESIAN_POINT('',(-23.5618945353612,9.39999999999884,57.1504459757349));
#15281=CARTESIAN_POINT('Origin',(-24.5000000000008,9.39999999999882,60.0000000000013));
#15282=CARTESIAN_POINT('',(-23.5618945353612,8.49999999999881,57.1504459757349));
#15283=CARTESIAN_POINT('',(-23.5618945353628,361.497511761245,57.1504459757353));
#15284=CARTESIAN_POINT('Origin',(-24.5000000000008,8.49999999999882,60.0000000000013));
#15285=CARTESIAN_POINT('Origin',(-24.5000000000008,9.39999999999882,60.0000000000013));
#15286=CARTESIAN_POINT('',(-23.2491927138146,10.3999999999988,56.2005946343127));
#15287=CARTESIAN_POINT('Origin',(-24.5000000000008,10.3999999999988,60.0000000000013));
#15288=CARTESIAN_POINT('',(-23.5618945353612,9.39999999999883,57.1504459757349));
#15289=CARTESIAN_POINT('Origin',(-24.5000000000024,361.497511761245,60.0000000000017));
#15290=CARTESIAN_POINT('',(-23.2491927138147,22.4999999999989,56.2005946343127));
#15291=CARTESIAN_POINT('Origin',(-24.5000000000009,22.4999999999988,60.0000000000013));
#15292=CARTESIAN_POINT('',(-23.2491927138162,361.497511761245,56.2005946343131));
#15293=CARTESIAN_POINT('Origin',(-24.5000000000024,361.497511761245,60.0000000000017));
#15294=CARTESIAN_POINT('',(-19.8094726768026,26.499999999999,45.752229878669));
#15295=CARTESIAN_POINT('Origin',(-24.5000000000009,26.4999999999988,60.0000000000013));
#15296=CARTESIAN_POINT('',(-19.8094726768026,22.4999999999987,45.752229878669));
#15297=CARTESIAN_POINT('',(-19.8094726768041,361.497511761245,45.7522298786694));
#15298=CARTESIAN_POINT('Origin',(-24.5000000000009,22.4999999999988,60.0000000000013));
#15299=CARTESIAN_POINT('Origin',(-24.5000000000009,26.4999999999988,60.0000000000013));
#15300=CARTESIAN_POINT('Origin',(-19.8094726768026,22.4999999999988,45.752229878669));
#15301=CARTESIAN_POINT('Origin',(-23.5618945353612,8.49999999999883,57.1504459757349));
#15302=CARTESIAN_POINT('Origin',(-23.2491927138146,7.29999999999883,56.2005946343127));
#15303=CARTESIAN_POINT('Origin',(-24.5000000000008,9.39999999999879,60.0000000000013));
#15304=CARTESIAN_POINT('',(-30.1332505691173,9.39999999999876,62.0655478753962));
#15305=CARTESIAN_POINT('',(-27.8045656486346,9.39999999999878,54.9920217778173));
#15306=CARTESIAN_POINT('Origin',(-24.5000000000008,9.39999999999879,60.0000000000013));
#15307=CARTESIAN_POINT('',(-30.1332505691173,8.59999999999876,62.0655478753962));
#15308=CARTESIAN_POINT('',(-30.1332505691173,9.39999999999876,62.0655478753962));
#15309=CARTESIAN_POINT('',(-27.8045656486346,8.59999999999878,54.9920217778173));
#15310=CARTESIAN_POINT('Origin',(-24.5000000000008,8.59999999999879,60.0000000000013));
#15311=CARTESIAN_POINT('',(-27.8045656486346,9.39999999999878,54.9920217778173));
#15312=CARTESIAN_POINT('Origin',(-24.5000000000008,9.39999999999879,60.0000000000013));
#15313=CARTESIAN_POINT('',(-25.1085825791675,8.59999999999879,57.0623772801247));
#15314=CARTESIAN_POINT('',(-23.5618945353611,8.59999999999879,57.1504459757348));
#15315=CARTESIAN_POINT('Origin',(-24.5000000000008,8.59999999999879,60.0000000000013));
#15316=CARTESIAN_POINT('',(-23.5618945353611,9.39999999999879,57.1504459757348));
#15317=CARTESIAN_POINT('',(-23.5618945353611,9.39999999999879,57.1504459757348));
#15318=CARTESIAN_POINT('',(-25.1085825791675,9.39999999999879,57.0623772801247));
#15319=CARTESIAN_POINT('Origin',(-24.5000000000008,9.39999999999879,60.0000000000013));
#15320=CARTESIAN_POINT('',(-25.1085825791675,9.39999999999879,57.0623772801247));
#15321=CARTESIAN_POINT('Origin',(-23.5618945353611,9.39999999999879,57.1504459757348));
#15322=CARTESIAN_POINT('',(-23.0615716208867,8.5999999999988,55.6306838294594));
#15323=CARTESIAN_POINT('',(-23.5618945353611,8.59999999999879,57.1504459757348));
#15324=CARTESIAN_POINT('',(-23.0615716208867,9.3999999999988,55.6306838294594));
#15325=CARTESIAN_POINT('',(-23.0615716208867,9.3999999999988,55.6306838294594));
#15326=CARTESIAN_POINT('',(-23.5618945353611,9.39999999999879,57.1504459757348));
#15327=CARTESIAN_POINT('Origin',(-24.5000000000008,9.39999999999879,60.0000000000013));
#15328=CARTESIAN_POINT('',(-19.9102313402703,8.59999999999881,60.3066327610612));
#15329=CARTESIAN_POINT('Origin',(-24.5000000000008,8.59999999999879,60.0000000000013));
#15330=CARTESIAN_POINT('',(-19.9102313402703,9.39999999999881,60.3066327610612));
#15331=CARTESIAN_POINT('',(-19.9102313402703,9.39999999999881,60.3066327610612));
#15332=CARTESIAN_POINT('Origin',(-24.5000000000008,9.39999999999879,60.0000000000013));
#15333=CARTESIAN_POINT('Origin',(-21.50667261322,9.3999999999988,60.199977887649));
#15334=CARTESIAN_POINT('',(-21.50667261322,8.5999999999988,60.199977887649));
#15335=CARTESIAN_POINT('',(-21.50667261322,8.5999999999988,60.199977887649));
#15336=CARTESIAN_POINT('',(-21.50667261322,9.3999999999988,60.199977887649));
#15337=CARTESIAN_POINT('',(-21.50667261322,9.3999999999988,60.199977887649));
#15338=CARTESIAN_POINT('',(-21.50667261322,9.3999999999988,60.199977887649));
#15339=CARTESIAN_POINT('Origin',(-24.5000000000008,9.39999999999879,60.0000000000013));
#15340=CARTESIAN_POINT('',(-21.97326729752,8.5999999999988,61.617288425179));
#15341=CARTESIAN_POINT('Origin',(-24.5000000000008,8.59999999999879,60.0000000000013));
#15342=CARTESIAN_POINT('',(-21.97326729752,9.3999999999988,61.617288425179));
#15343=CARTESIAN_POINT('',(-21.97326729752,9.3999999999988,61.617288425179));
#15344=CARTESIAN_POINT('Origin',(-24.5000000000008,9.39999999999879,60.0000000000013));
#15345=CARTESIAN_POINT('Origin',(-20.6256765228635,9.3999999999988,62.4798422519404));
#15346=CARTESIAN_POINT('',(-20.6256765228635,8.5999999999988,62.4798422519404));
#15347=CARTESIAN_POINT('',(-20.6256765228635,8.5999999999988,62.4798422519404));
#15348=CARTESIAN_POINT('',(-20.6256765228635,9.3999999999988,62.4798422519404));
#15349=CARTESIAN_POINT('',(-20.6256765228635,9.3999999999988,62.4798422519404));
#15350=CARTESIAN_POINT('',(-20.6256765228635,9.3999999999988,62.4798422519404));
#15351=CARTESIAN_POINT('Origin',(-24.5000000000008,9.39999999999879,60.0000000000013));
#15352=CARTESIAN_POINT('',(-25.938428379115,8.59999999999878,64.3693161705432));
#15353=CARTESIAN_POINT('Origin',(-24.5000000000008,8.59999999999879,60.0000000000013));
#15354=CARTESIAN_POINT('',(-25.938428379115,9.39999999999878,64.3693161705432));
#15355=CARTESIAN_POINT('',(-25.938428379115,9.39999999999878,64.3693161705432));
#15356=CARTESIAN_POINT('Origin',(-24.5000000000008,9.39999999999879,60.0000000000013));
#15357=CARTESIAN_POINT('Origin',(-25.4381054646405,9.39999999999878,62.8495540242677));
#15358=CARTESIAN_POINT('',(-25.4381054646405,8.59999999999878,62.8495540242677));
#15359=CARTESIAN_POINT('',(-25.4381054646405,8.59999999999878,62.8495540242677));
#15360=CARTESIAN_POINT('',(-25.4381054646405,9.39999999999878,62.8495540242677));
#15361=CARTESIAN_POINT('',(-25.4381054646405,9.39999999999878,62.8495540242677));
#15362=CARTESIAN_POINT('',(-25.4381054646405,9.39999999999878,62.8495540242677));
#15363=CARTESIAN_POINT('Origin',(-24.5000000000008,9.39999999999879,60.0000000000013));
#15364=CARTESIAN_POINT('',(-26.7346320512096,8.59999999999877,62.00160425552));
#15365=CARTESIAN_POINT('Origin',(-24.5000000000008,8.59999999999879,60.0000000000013));
#15366=CARTESIAN_POINT('',(-26.7346320512096,9.39999999999877,62.00160425552));
#15367=CARTESIAN_POINT('',(-26.7346320512096,9.39999999999877,62.00160425552));
#15368=CARTESIAN_POINT('Origin',(-24.5000000000008,9.39999999999879,60.0000000000013));
#15369=CARTESIAN_POINT('Origin',(-26.7346320512096,9.39999999999877,62.00160425552));
#15370=CARTESIAN_POINT('',(-26.7346320512096,8.59999999999877,62.00160425552));
#15371=CARTESIAN_POINT('',(-26.7346320512096,9.39999999999877,62.00160425552));
#15372=CARTESIAN_POINT('Origin',(-25.1085825791675,9.39999999999879,57.0623772801247));
#15373=CARTESIAN_POINT('',(-25.1085825791675,8.59999999999879,57.0623772801247));
#15374=CARTESIAN_POINT('',(-25.1085825791675,9.39999999999879,57.0623772801247));
#15375=CARTESIAN_POINT('Origin',(-24.5000000000008,9.39999999999879,60.0000000000013));
#15376=CARTESIAN_POINT('Origin',(-24.5000000000008,8.59999999999879,60.0000000000013));
#15377=CARTESIAN_POINT('Origin',(-24.5000000000016,147.709915843863,60.0000000000015));
#15378=CARTESIAN_POINT('',(-21.9983854276285,10.9999999999989,52.4011892686241));
#15379=CARTESIAN_POINT('Origin',(-24.500000000001,10.9999999999989,60.0000000000014));
#15380=CARTESIAN_POINT('',(-21.9983854276285,9.39999999999893,52.4011892686241));
#15381=CARTESIAN_POINT('',(-21.9983854276292,147.709915843863,52.4011892686243));
#15382=CARTESIAN_POINT('Origin',(-24.5000000000009,9.39999999999891,60.0000000000014));
#15383=CARTESIAN_POINT('Origin',(-24.5000000000016,147.709915843863,60.0000000000015));
#15384=CARTESIAN_POINT('',(-23.1866523495035,9.39999999999889,56.0106243660224));
#15385=CARTESIAN_POINT('Origin',(-24.5000000000009,9.39999999999891,60.0000000000014));
#15386=CARTESIAN_POINT('',(-23.1866523495035,10.9999999999989,56.0106243660224));
#15387=CARTESIAN_POINT('',(-23.1866523495041,147.709915843863,56.0106243660226));
#15388=CARTESIAN_POINT('Origin',(-24.500000000001,10.9999999999989,60.0000000000014));
#15389=CARTESIAN_POINT('Origin',(-23.1866523495054,9.39999999999892,56.0106243660283));
#15390=CARTESIAN_POINT('Origin',(-23.1866523495015,10.9999999999989,56.0106243660165));
#15391=CARTESIAN_POINT('Origin',(-24.5000000000008,10.9999999999988,60.0000000000014));
#15392=CARTESIAN_POINT('',(-21.6856836060818,10.9999999999988,51.451337927202));
#15393=CARTESIAN_POINT('Origin',(-24.5000000000008,10.9999999999988,60.0000000000014));
#15394=CARTESIAN_POINT('',(-21.6856836060818,12.4999999999988,51.451337927202));
#15395=CARTESIAN_POINT('',(-21.6856836060818,10.9999999999988,51.451337927202));
#15396=CARTESIAN_POINT('Origin',(-24.5000000000008,12.4999999999988,60.0000000000014));
#15397=CARTESIAN_POINT('Origin',(-24.5000000000008,10.9999999999988,60.0000000000014));
#15398=CARTESIAN_POINT('',(-23.2491927138146,12.4999999999988,56.2005946343128));
#15399=CARTESIAN_POINT('Origin',(-24.5000000000008,12.4999999999988,60.0000000000014));
#15400=CARTESIAN_POINT('',(-23.2491927138146,10.9999999999988,56.2005946343128));
#15401=CARTESIAN_POINT('',(-23.2491927138146,10.9999999999988,56.2005946343128));
#15402=CARTESIAN_POINT('Origin',(-24.5000000000008,10.9999999999988,60.0000000000014));
#15403=CARTESIAN_POINT('Origin',(-26.5325618400534,10.2499999999988,66.1740337192454));
#15404=CARTESIAN_POINT('',(-26.2980354738935,12.4999999999988,65.4616452131788));
#15405=CARTESIAN_POINT('Origin',(-26.5325618400534,12.4999999999988,66.1740337192454));
#15406=CARTESIAN_POINT('',(-26.2980354738935,10.9999999999988,65.4616452131788));
#15407=CARTESIAN_POINT('',(-26.2980354738935,10.2499999999988,65.4616452131788));
#15408=CARTESIAN_POINT('Origin',(-26.5325618400534,10.9999999999988,66.1740337192454));
#15409=CARTESIAN_POINT('Origin',(-24.5000000000008,12.4999999999988,60.0000000000014));
#15410=CARTESIAN_POINT('Origin',(-24.5000000000008,10.9999999999988,60.0000000000014));
#15411=CARTESIAN_POINT('Origin',(-8.62651529076167,17.5000000000002,47.5789499966605));
#15412=CARTESIAN_POINT('',(-9.09905523654098,6.00000000000017,48.7361906802017));
#15413=CARTESIAN_POINT('Origin',(-8.62651529076167,6.00000000000017,47.5789499966605));
#15414=CARTESIAN_POINT('',(-9.09905523654098,13.2296127214378,48.7361906802017));
#15415=CARTESIAN_POINT('',(-9.09905523654098,17.5000000000002,48.7361906802017));
#15416=CARTESIAN_POINT('Origin',(-8.62651529076167,13.2296127214378,47.5789499966605));
#15417=CARTESIAN_POINT('Origin',(-8.62651529076167,6.00000000000017,47.5789499966605));
#15418=CARTESIAN_POINT('',(-8.62651529076167,5.24892422621573,47.5789499966605));
#15419=CARTESIAN_POINT('',(-9.09905523654098,6.00000000000017,48.7361906802017));
#15420=CARTESIAN_POINT('Origin',(-8.62651529076167,17.5000000000002,47.5789499966605));
#15421=CARTESIAN_POINT('',(-9.26916961702153,13.5000000000002,49.1527973262765));
#15422=CARTESIAN_POINT('Origin',(-8.62651529076167,13.5000000000002,47.5789499966605));
#15423=CARTESIAN_POINT('',(-9.26916961702154,17.5000000000002,49.1527973262765));
#15424=CARTESIAN_POINT('',(-9.26916961702154,17.5000000000002,49.1527973262765));
#15425=CARTESIAN_POINT('Origin',(-8.62651529076167,17.5000000000002,47.5789499966605));
#15426=CARTESIAN_POINT('Origin',(-8.62651529076167,13.5000000000002,47.5789499966605));
#15427=CARTESIAN_POINT('',(-9.26916961702153,13.5000000000002,49.1527973262765));
#15428=CARTESIAN_POINT('Origin',(-27.1423662274207,17.5000000000002,40.0183108641915));
#15429=CARTESIAN_POINT('',(-27.6149061732,6.00000000000017,41.1755515477327));
#15430=CARTESIAN_POINT('Origin',(-27.1423662274207,6.00000000000017,40.0183108641915));
#15431=CARTESIAN_POINT('',(-27.6149061732,13.2296127214378,41.1755515477327));
#15432=CARTESIAN_POINT('',(-27.6149061732,17.5000000000002,41.1755515477327));
#15433=CARTESIAN_POINT('Origin',(-27.1423662274207,13.2296127214378,40.0183108641915));
#15434=CARTESIAN_POINT('Origin',(-27.1423662274207,6.00000000000017,40.0183108641915));
#15435=CARTESIAN_POINT('',(-27.1423662274207,5.24892422621572,40.0183108641915));
#15436=CARTESIAN_POINT('',(-27.6149061732,6.00000000000017,41.1755515477327));
#15437=CARTESIAN_POINT('Origin',(-27.1423662274207,17.5000000000002,40.0183108641915));
#15438=CARTESIAN_POINT('',(-27.7850205536806,13.5000000000002,41.5921581938075));
#15439=CARTESIAN_POINT('Origin',(-27.1423662274207,13.5000000000002,40.0183108641915));
#15440=CARTESIAN_POINT('',(-27.7850205536806,17.5000000000002,41.5921581938075));
#15441=CARTESIAN_POINT('',(-27.7850205536806,17.5000000000002,41.5921581938075));
#15442=CARTESIAN_POINT('Origin',(-27.1423662274207,17.5000000000002,40.0183108641915));
#15443=CARTESIAN_POINT('Origin',(-27.1423662274207,13.5000000000002,40.0183108641915));
#15444=CARTESIAN_POINT('',(-27.7850205536806,13.5000000000002,41.5921581938075));
#15445=CARTESIAN_POINT('Origin',(-24.5000000000016,19.5000000000002,60.0000000000027));
#15446=CARTESIAN_POINT('',(-26.3901597831188,18.6339745962157,64.6289627341674));
#15447=CARTESIAN_POINT('Origin',(-24.5000000000016,18.6339745962157,60.0000000000027));
#15448=CARTESIAN_POINT('',(-26.5791757614306,19.5000000000002,65.0918590075839));
#15449=CARTESIAN_POINT('',(-26.5791757614306,19.5000000000002,65.0918590075839));
#15450=CARTESIAN_POINT('Origin',(-24.5000000000016,19.5000000000002,60.0000000000027));
#15451=CARTESIAN_POINT('Origin',(-24.5000000000016,19.5000000000002,60.0000000000027));
#15452=CARTESIAN_POINT('',(-26.3901597831188,12.5000000000002,64.6289627341674));
#15453=CARTESIAN_POINT('Origin',(-24.5000000000016,12.5000000000002,60.0000000000027));
#15454=CARTESIAN_POINT('',(-26.3901597831188,19.5000000000002,64.6289627341674));
#15455=CARTESIAN_POINT('Origin',(-8.62651529076166,-17.4999999999998,47.5789499966605));
#15456=CARTESIAN_POINT('',(-8.15397534498236,-5.99999999999984,46.4217093131193));
#15457=CARTESIAN_POINT('Origin',(-8.62651529076166,-5.99999999999984,47.5789499966605));
#15458=CARTESIAN_POINT('',(-8.15397534498235,-13.2296127214374,46.4217093131193));
#15459=CARTESIAN_POINT('',(-8.15397534498235,-17.4999999999998,46.4217093131193));
#15460=CARTESIAN_POINT('Origin',(-8.62651529076166,-13.2296127214374,47.5789499966605));
#15461=CARTESIAN_POINT('Origin',(-8.62651529076166,-5.99999999999984,47.5789499966605));
#15462=CARTESIAN_POINT('',(-8.62651529076166,-5.24892422621539,47.5789499966605));
#15463=CARTESIAN_POINT('',(-8.15397534498236,-5.99999999999984,46.4217093131193));
#15464=CARTESIAN_POINT('Origin',(-8.62651529076166,-17.4999999999998,47.5789499966605));
#15465=CARTESIAN_POINT('',(-7.9838609645018,-13.4999999999998,46.0051026670445));
#15466=CARTESIAN_POINT('Origin',(-8.62651529076166,-13.4999999999998,47.5789499966605));
#15467=CARTESIAN_POINT('',(-7.9838609645018,-17.4999999999998,46.0051026670445));
#15468=CARTESIAN_POINT('',(-7.9838609645018,-17.4999999999998,46.0051026670445));
#15469=CARTESIAN_POINT('Origin',(-8.62651529076166,-17.4999999999998,47.5789499966605));
#15470=CARTESIAN_POINT('Origin',(-8.62651529076166,-13.4999999999998,47.5789499966605));
#15471=CARTESIAN_POINT('',(-7.9838609645018,-13.4999999999998,46.0051026670445));
#15472=CARTESIAN_POINT('Origin',(-27.1423662274207,-17.4999999999998,40.0183108641915));
#15473=CARTESIAN_POINT('',(-26.6698262816414,-5.99999999999985,38.8610701806503));
#15474=CARTESIAN_POINT('Origin',(-27.1423662274207,-5.99999999999985,40.0183108641915));
#15475=CARTESIAN_POINT('',(-26.6698262816414,-13.2296127214374,38.8610701806503));
#15476=CARTESIAN_POINT('',(-26.6698262816414,-17.4999999999998,38.8610701806503));
#15477=CARTESIAN_POINT('Origin',(-27.1423662274207,-13.2296127214374,40.0183108641915));
#15478=CARTESIAN_POINT('Origin',(-27.1423662274207,-5.99999999999985,40.0183108641915));
#15479=CARTESIAN_POINT('',(-27.1423662274207,-5.2489242262154,40.0183108641915));
#15480=CARTESIAN_POINT('',(-26.6698262816414,-5.99999999999985,38.8610701806503));
#15481=CARTESIAN_POINT('Origin',(-27.1423662274207,-17.4999999999998,40.0183108641915));
#15482=CARTESIAN_POINT('',(-26.4997119011609,-13.4999999999998,38.4444635345755));
#15483=CARTESIAN_POINT('Origin',(-27.1423662274207,-13.4999999999998,40.0183108641915));
#15484=CARTESIAN_POINT('',(-26.4997119011609,-17.4999999999998,38.4444635345755));
#15485=CARTESIAN_POINT('',(-26.4997119011609,-17.4999999999998,38.4444635345755));
#15486=CARTESIAN_POINT('Origin',(-27.1423662274207,-17.4999999999998,40.0183108641915));
#15487=CARTESIAN_POINT('Origin',(-27.1423662274207,-13.4999999999998,40.0183108641915));
#15488=CARTESIAN_POINT('',(-26.4997119011609,-13.4999999999998,38.4444635345755));
#15489=CARTESIAN_POINT('Origin',(-24.5000000000016,-19.4999999999999,60.0000000000027));
#15490=CARTESIAN_POINT('',(-27.5242556529892,-18.6339745962154,67.4063403746663));
#15491=CARTESIAN_POINT('Origin',(-24.5000000000016,-18.6339745962154,60.0000000000027));
#15492=CARTESIAN_POINT('',(-27.3352396746775,-19.4999999999999,66.9434441012498));
#15493=CARTESIAN_POINT('',(-27.3352396746775,-19.4999999999999,66.9434441012498));
#15494=CARTESIAN_POINT('Origin',(-24.5000000000016,-19.4999999999999,60.0000000000027));
#15495=CARTESIAN_POINT('Origin',(-18.8295206506498,-19.4999999999998,46.1131117975084));
#15496=CARTESIAN_POINT('',(-19.5855845638967,-18.6339745962154,47.9646968911743));
#15497=CARTESIAN_POINT('Origin',(-18.8295206506498,-18.6339745962154,46.1131117975084));
#15498=CARTESIAN_POINT('',(-19.396568585585,-19.4999999999998,47.5018006177578));
#15499=CARTESIAN_POINT('',(-19.396568585585,-19.4999999999998,47.5018006177578));
#15500=CARTESIAN_POINT('Origin',(-18.8295206506498,-19.4999999999998,46.1131117975084));
#15501=CARTESIAN_POINT('Origin',(-24.5000000000016,19.5000000000002,60.0000000000027));
#15502=CARTESIAN_POINT('',(-21.475744347014,18.6339745962157,52.5936596253391));
#15503=CARTESIAN_POINT('Origin',(-24.5000000000016,18.6339745962157,60.0000000000027));
#15504=CARTESIAN_POINT('',(-21.6647603253257,19.5000000000002,53.0565558987555));
#15505=CARTESIAN_POINT('',(-21.6647603253257,19.5000000000002,53.0565558987555));
#15506=CARTESIAN_POINT('Origin',(-24.5000000000016,19.5000000000002,60.0000000000027));
#15507=CARTESIAN_POINT('Origin',(-18.8295206506498,19.5000000000002,46.1131117975084));
#15508=CARTESIAN_POINT('',(-18.0734567374029,18.6339745962157,44.2615267038425));
#15509=CARTESIAN_POINT('Origin',(-18.8295206506498,18.6339745962157,46.1131117975084));
#15510=CARTESIAN_POINT('',(-18.2624727157147,19.5000000000002,44.7244229772589));
#15511=CARTESIAN_POINT('',(-18.2624727157147,19.5000000000002,44.7244229772589));
#15512=CARTESIAN_POINT('Origin',(-18.8295206506498,19.5000000000002,46.1131117975084));
#15513=CARTESIAN_POINT('Origin',(-24.5000000000016,-19.4999999999999,60.0000000000027));
#15514=CARTESIAN_POINT('',(-22.6098402168843,-18.6339745962154,55.3710372658379));
#15515=CARTESIAN_POINT('Origin',(-24.5000000000016,-18.6339745962154,60.0000000000027));
#15516=CARTESIAN_POINT('',(-22.4208242385726,-19.4999999999999,54.9081409924214));
#15517=CARTESIAN_POINT('',(-22.4208242385726,-19.4999999999998,54.9081409924214));
#15518=CARTESIAN_POINT('Origin',(-24.5000000000016,-19.4999999999999,60.0000000000027));
#15519=CARTESIAN_POINT('Origin',(-24.5000000000016,-19.4999999999999,60.0000000000027));
#15520=CARTESIAN_POINT('',(-22.6098402168843,-12.4999999999998,55.3710372658379));
#15521=CARTESIAN_POINT('Origin',(-24.5000000000016,-12.4999999999998,60.0000000000027));
#15522=CARTESIAN_POINT('',(-22.6098402168843,-19.4999999999998,55.3710372658379));
#15523=CARTESIAN_POINT('Origin',(-18.8295206506498,-19.4999999999998,46.1131117975084));
#15524=CARTESIAN_POINT('',(-19.5855845638967,-17.4999999999998,47.9646968911743));
#15525=CARTESIAN_POINT('Origin',(-18.8295206506498,-17.4999999999998,46.1131117975084));
#15526=CARTESIAN_POINT('',(-19.5855845638967,-19.4999999999998,47.9646968911743));
#15527=CARTESIAN_POINT('Origin',(-24.5000000000016,-19.4999999999999,60.0000000000027));
#15528=CARTESIAN_POINT('',(-27.5242556529892,-17.4999999999998,67.4063403746663));
#15529=CARTESIAN_POINT('Origin',(-24.5000000000016,-17.4999999999998,60.0000000000027));
#15530=CARTESIAN_POINT('',(-27.5242556529892,-19.4999999999999,67.4063403746663));
#15531=CARTESIAN_POINT('Origin',(-18.8295206506498,19.5000000000002,46.1131117975084));
#15532=CARTESIAN_POINT('',(-18.0734567374029,17.5000000000002,44.2615267038425));
#15533=CARTESIAN_POINT('Origin',(-18.8295206506498,17.5000000000002,46.1131117975084));
#15534=CARTESIAN_POINT('',(-18.0734567374029,19.5000000000002,44.2615267038425));
#15535=CARTESIAN_POINT('Origin',(-24.5000000000016,19.5000000000002,60.0000000000027));
#15536=CARTESIAN_POINT('',(-21.475744347014,17.5000000000002,52.5936596253391));
#15537=CARTESIAN_POINT('Origin',(-24.5000000000016,17.5000000000002,60.0000000000027));
#15538=CARTESIAN_POINT('',(-21.475744347014,19.5000000000002,52.5936596253391));
#15539=CARTESIAN_POINT('Origin',(-8.66508998021301,-12.4999999999998,52.9639766440722));
#15540=CARTESIAN_POINT('',(-16.5092530801496,9.50000000000016,72.1741719908559));
#15541=CARTESIAN_POINT('',(-16.5092530801496,-9.49999999999985,72.1741719908559));
#15542=CARTESIAN_POINT('',(-16.5092530801496,-12.4999999999998,72.1741719908559));
#15543=CARTESIAN_POINT('',(-8.66508998021303,9.50000000000017,52.9639766440722));
#15544=CARTESIAN_POINT('',(-8.66508998021303,9.50000000000017,52.9639766440722));
#15545=CARTESIAN_POINT('',(-8.66508998021302,-9.49999999999984,52.9639766440722));
#15546=CARTESIAN_POINT('',(-8.66508998021301,-12.4999999999998,52.9639766440722));
#15547=CARTESIAN_POINT('',(-16.7927770476172,-9.49999999999985,72.8685164009807));
#15548=CARTESIAN_POINT('Origin',(-30.8841111042039,-12.4999999999998,43.8912096851093));
#15549=CARTESIAN_POINT('',(-38.7282742041405,-9.49999999999985,63.1014050318931));
#15550=CARTESIAN_POINT('',(-38.7282742041405,9.50000000000015,63.1014050318931));
#15551=CARTESIAN_POINT('',(-38.7282742041405,-12.4999999999999,63.1014050318931));
#15552=CARTESIAN_POINT('',(-30.8841111042039,-9.49999999999985,43.8912096851093));
#15553=CARTESIAN_POINT('',(-30.8841111042039,-9.49999999999985,43.8912096851093));
#15554=CARTESIAN_POINT('',(-30.8841111042039,9.50000000000016,43.8912096851094));
#15555=CARTESIAN_POINT('',(-30.8841111042039,-12.4999999999998,43.8912096851093));
#15556=CARTESIAN_POINT('',(-39.0117981716081,9.50000000000015,63.7957494420179));
#15557=CARTESIAN_POINT('Origin',(-24.5000000000016,-17.4999999999998,60.0000000000027));
#15558=CARTESIAN_POINT('',(-38.3868882024959,-17.4999999999998,54.3295206506509));
#15559=CARTESIAN_POINT('',(-38.3868882024959,17.5000000000002,54.3295206506509));
#15560=CARTESIAN_POINT('',(-38.3868882024959,-17.4999999999998,54.3295206506509));
#15561=CARTESIAN_POINT('',(-10.6131117975073,-17.4999999999998,65.6704793493544));
#15562=CARTESIAN_POINT('Origin',(-24.5000000000016,-17.4999999999998,60.0000000000027));
#15563=CARTESIAN_POINT('',(-10.6131117975073,17.5000000000002,65.6704793493544));
#15564=CARTESIAN_POINT('',(-10.6131117975073,-17.4999999999998,65.6704793493544));
#15565=CARTESIAN_POINT('Origin',(-24.5000000000016,17.5000000000002,60.0000000000027));
#15566=CARTESIAN_POINT('',(-16.0209254554772,12.5000000000002,72.3735724375972));
#15567=CARTESIAN_POINT('',(-39.2166018288129,12.5000000000002,62.9020045851519));
#15568=CARTESIAN_POINT('Origin',(-24.5000000000016,12.5000000000002,60.0000000000027));
#15569=CARTESIAN_POINT('',(-16.0209254554772,-12.4999999999998,72.3735724375972));
#15570=CARTESIAN_POINT('',(-16.0209254554772,-17.4999999999998,72.3735724375972));
#15571=CARTESIAN_POINT('',(-39.2166018288129,-12.4999999999999,62.9020045851519));
#15572=CARTESIAN_POINT('Origin',(-24.5000000000016,-12.4999999999998,60.0000000000027));
#15573=CARTESIAN_POINT('',(-39.2166018288129,-17.4999999999999,62.9020045851519));
#15574=CARTESIAN_POINT('Origin',(-11.4424676207119,9.50000000000016,51.8298807742018));
#15575=CARTESIAN_POINT('',(-19.2866307206485,12.5000000000002,71.0400761209856));
#15576=CARTESIAN_POINT('Origin',(-19.2866307206485,9.50000000000016,71.0400761209856));
#15577=CARTESIAN_POINT('',(-11.4424676207119,12.5000000000002,51.8298807742018));
#15578=CARTESIAN_POINT('',(-19.5701546881161,12.5000000000002,71.7344205311103));
#15579=CARTESIAN_POINT('Origin',(-11.4424676207119,9.50000000000016,51.8298807742018));
#15580=CARTESIAN_POINT('Origin',(-28.106733463705,9.50000000000016,45.0253055549797));
#15581=CARTESIAN_POINT('',(-35.9508965636416,12.5000000000002,64.2355009017635));
#15582=CARTESIAN_POINT('Origin',(-35.9508965636416,9.50000000000015,64.2355009017635));
#15583=CARTESIAN_POINT('',(-28.106733463705,12.5000000000002,45.0253055549797));
#15584=CARTESIAN_POINT('Origin',(-28.106733463705,9.50000000000016,45.0253055549797));
#15585=CARTESIAN_POINT('',(-28.106733463705,12.5000000000002,45.0253055549797));
#15586=CARTESIAN_POINT('Origin',(-28.106733463705,-9.49999999999985,45.0253055549797));
#15587=CARTESIAN_POINT('',(-35.9508965636416,-12.4999999999999,64.2355009017635));
#15588=CARTESIAN_POINT('Origin',(-35.9508965636416,-9.49999999999985,64.2355009017635));
#15589=CARTESIAN_POINT('',(-28.106733463705,-12.4999999999998,45.0253055549797));
#15590=CARTESIAN_POINT('',(-36.2344205311092,-12.4999999999999,64.9298453118882));
#15591=CARTESIAN_POINT('Origin',(-28.106733463705,-9.49999999999985,45.0253055549797));
#15592=CARTESIAN_POINT('Origin',(-11.4424676207119,-9.49999999999984,51.8298807742018));
#15593=CARTESIAN_POINT('',(-19.2866307206485,-12.4999999999998,71.0400761209856));
#15594=CARTESIAN_POINT('Origin',(-19.2866307206485,-9.49999999999985,71.0400761209856));
#15595=CARTESIAN_POINT('',(-11.4424676207119,-12.4999999999998,51.8298807742018));
#15596=CARTESIAN_POINT('Origin',(-11.4424676207119,-9.49999999999984,51.8298807742018));
#15597=CARTESIAN_POINT('',(-11.4424676207119,-12.4999999999998,51.8298807742018));
#15598=CARTESIAN_POINT('Origin',(-23.0823801626636,-17.4999999999998,56.5282779493791));
#15599=CARTESIAN_POINT('',(-25.2522064443035,-17.4999999999998,35.3893481300267));
#15600=CARTESIAN_POINT('',(-6.73635550764441,-17.4999999999998,42.9499872624957));
#15601=CARTESIAN_POINT('',(-2.10739277347964,-17.4999999999998,44.840147045613));
#15602=CARTESIAN_POINT('',(-3.99755255659689,-17.4999999999998,49.4691097797777));
#15603=CARTESIAN_POINT('Origin',(-8.62651529076166,-17.4999999999998,47.5789499966605));
#15604=CARTESIAN_POINT('',(-16.283591146859,-17.4999999999998,79.5573675518487));
#15605=CARTESIAN_POINT('',(-31.7713289615855,-17.4999999999998,38.1281510810742));
#15606=CARTESIAN_POINT('',(-44.0573675518476,-17.4999999999999,68.2164088531452));
#15607=CARTESIAN_POINT('Origin',(-27.1423662274207,-17.4999999999998,40.0183108641915));
#15608=CARTESIAN_POINT('Origin',(-23.0823801626637,17.5000000000002,56.5282779493791));
#15609=CARTESIAN_POINT('',(-3.99755255659691,17.5000000000002,49.4691097797777));
#15610=CARTESIAN_POINT('',(-16.283591146859,17.5000000000002,79.5573675518487));
#15611=CARTESIAN_POINT('',(-6.73635550764442,17.5000000000002,42.9499872624957));
#15612=CARTESIAN_POINT('Origin',(-8.62651529076167,17.5000000000002,47.5789499966605));
#15613=CARTESIAN_POINT('',(-25.2522064443035,17.5000000000002,35.3893481300267));
#15614=CARTESIAN_POINT('',(-2.10739277347965,17.5000000000002,44.840147045613));
#15615=CARTESIAN_POINT('',(-31.7713289615855,17.5000000000002,38.1281510810742));
#15616=CARTESIAN_POINT('Origin',(-27.1423662274207,17.5000000000002,40.0183108641915));
#15617=CARTESIAN_POINT('',(-44.0573675518476,17.5000000000001,68.2164088531452));
#15618=CARTESIAN_POINT('Origin',(-8.66508998021301,-12.4999999999998,52.9639766440722));
#15619=CARTESIAN_POINT('',(-13.7318754396507,-12.4999999999998,73.3082678607263));
#15620=CARTESIAN_POINT('',(-8.66508998021301,-12.4999999999998,52.9639766440722));
#15621=CARTESIAN_POINT('',(-13.7318754396507,-12.4999999999998,73.3082678607263));
#15622=CARTESIAN_POINT('Origin',(-8.66508998021303,12.5000000000002,52.9639766440722));
#15623=CARTESIAN_POINT('',(-13.7318754396508,12.5000000000002,73.3082678607263));
#15624=CARTESIAN_POINT('',(-8.66508998021303,12.5000000000002,52.9639766440722));
#15625=CARTESIAN_POINT('',(-13.7318754396508,12.5000000000002,73.3082678607263));
#15626=CARTESIAN_POINT('Origin',(-44.0573675518476,-17.4999999999999,68.2164088531452));
#15627=CARTESIAN_POINT('',(-31.7713289615855,-17.4999999999998,38.1281510810742));
#15628=CARTESIAN_POINT('Origin',(-2.10739277347964,-17.4999999999998,44.840147045613));
#15629=CARTESIAN_POINT('',(-6.73635550764441,-17.4999999999998,42.9499872624957));
#15630=CARTESIAN_POINT('',(-25.2522064443035,-17.4999999999998,35.3893481300267));
#15631=CARTESIAN_POINT('Origin',(-16.283591146859,-17.4999999999998,79.5573675518487));
#15632=CARTESIAN_POINT('',(-3.99755255659689,-17.4999999999998,49.4691097797777));
#15633=CARTESIAN_POINT('Origin',(-19.7746005422085,17.5000000000002,48.4275931645908));
#15634=CARTESIAN_POINT('Origin',(-24.5000000000016,19.5000000000002,60.0000000000027));
#15635=CARTESIAN_POINT('Origin',(-18.8295206506498,19.5000000000002,46.1131117975084));
#15636=CARTESIAN_POINT('Origin',(-24.5000000000016,-19.4999999999999,60.0000000000027));
#15637=CARTESIAN_POINT('Origin',(-18.8295206506498,-19.4999999999998,46.1131117975084));
#15638=CARTESIAN_POINT('Origin',(-8.62651529076166,-17.4999999999998,47.5789499966605));
#15639=CARTESIAN_POINT('Origin',(-27.1423662274207,-17.4999999999998,40.0183108641915));
#15640=CARTESIAN_POINT('Origin',(-27.6187636421451,17.5000000000002,67.6377885113745));
#15641=CARTESIAN_POINT('Origin',(-27.6187636421451,17.5000000000002,67.6377885113745));
#15642=CARTESIAN_POINT('Origin',(-24.500000000001,20.4899999999988,60.0000000000013));
#15643=CARTESIAN_POINT('',(-22.532624095782,20.4899999999988,67.2373636119458));
#15644=CARTESIAN_POINT('Origin',(-24.500000000001,20.4899999999988,60.0000000000013));
#15645=CARTESIAN_POINT('',(-22.5338472990495,20.499999999999,67.2328638278429));
#15646=CARTESIAN_POINT('',(-22.532624095782,20.4899999999988,67.2373636119458));
#15647=CARTESIAN_POINT('Origin',(-24.500000000001,20.4999999999988,60.0000000000013));
#15648=CARTESIAN_POINT('Origin',(-24.500000000001,20.4899999999988,60.0000000000013));
#15649=CARTESIAN_POINT('',(-23.4507328510842,20.4899999999988,63.859927259705));
#15650=CARTESIAN_POINT('Origin',(-24.500000000001,20.4899999999988,60.0000000000013));
#15651=CARTESIAN_POINT('',(-23.4495096478167,20.499999999999,63.8644270438079));
#15652=CARTESIAN_POINT('',(-23.4507328510842,20.4899999999988,63.859927259705));
#15653=CARTESIAN_POINT('Origin',(-24.500000000001,20.4999999999988,60.0000000000013));
#15654=CARTESIAN_POINT('Origin',(-24.500000000001,20.4999999999988,60.0000000000013));
#15655=CARTESIAN_POINT('',(-22.532624095782,19.4999999999988,67.2373636119458));
#15656=CARTESIAN_POINT('',(-22.532624095782,20.4999999999988,67.2373636119458));
#15657=CARTESIAN_POINT('Origin',(-24.500000000001,19.4999999999988,60.0000000000013));
#15658=CARTESIAN_POINT('Origin',(-24.500000000001,20.4999999999988,60.0000000000013));
#15659=CARTESIAN_POINT('',(-23.4507328510842,15.5099999999988,63.859927259705));
#15660=CARTESIAN_POINT('Origin',(-24.500000000001,15.5099999999988,60.0000000000013));
#15661=CARTESIAN_POINT('',(-23.4507328510842,20.4999999999988,63.859927259705));
#15662=CARTESIAN_POINT('Origin',(-24.500000000001,15.5099999999988,60.0000000000013));
#15663=CARTESIAN_POINT('',(-23.4495096478167,15.4999999999987,63.8644270438079));
#15664=CARTESIAN_POINT('',(-23.4507328510842,15.5099999999988,63.859927259705));
#15665=CARTESIAN_POINT('Origin',(-24.500000000001,15.4999999999988,60.0000000000013));
#15666=CARTESIAN_POINT('Origin',(-24.500000000001,19.2500999999988,60.0000000000013));
#15667=CARTESIAN_POINT('',(-23.188416063855,19.2500999999988,64.824909074631));
#15668=CARTESIAN_POINT('Origin',(-24.500000000001,19.2500999999988,60.0000000000013));
#15669=CARTESIAN_POINT('',(-23.1228630987264,19.4999999999988,65.0660580301809));
#15670=CARTESIAN_POINT('Origin',(-23.1228630987264,19.2500999999988,65.0660580301809));
#15671=CARTESIAN_POINT('Origin',(-24.500000000001,19.4999999999988,60.0000000000013));
#15672=CARTESIAN_POINT('Origin',(-24.500000000001,20.4999999999988,60.0000000000013));
#15673=CARTESIAN_POINT('',(-23.188416063855,15.9999999999988,64.8249090746309));
#15674=CARTESIAN_POINT('',(-23.188416063855,20.4999999999988,64.824909074631));
#15675=CARTESIAN_POINT('Origin',(-24.500000000001,15.9999999999988,60.0000000000013));
#15676=CARTESIAN_POINT('Origin',(-24.500000000001,15.9999999999988,60.0000000000013));
#15677=CARTESIAN_POINT('',(-23.2641403977149,15.4999999999987,64.5463428193257));
#15678=CARTESIAN_POINT('',(-23.188416063855,15.9999999999988,64.8249090746309));
#15679=CARTESIAN_POINT('Origin',(-24.500000000001,15.4999999999988,60.0000000000013));
#15680=CARTESIAN_POINT('Origin',(-24.500000000001,15.4999999999988,60.0000000000013));
#15681=CARTESIAN_POINT('Origin',(-24.500000000001,19.4999999999988,60.0000000000013));
#15682=CARTESIAN_POINT('Origin',(-24.500000000001,20.4999999999988,60.0000000000013));
#15683=CARTESIAN_POINT('Origin',(-22.4357415745339,-17.4999999999999,28.4382554076349));
#15684=CARTESIAN_POINT('',(-22.4357415745339,17.5000000000001,30.5882554076349));
#15685=CARTESIAN_POINT('Origin',(-22.4357415745339,17.5000000000001,28.4382554076349));
#15686=CARTESIAN_POINT('',(-22.4357415745339,-17.4999999999999,30.5882554076349));
#15687=CARTESIAN_POINT('',(-22.4357415745339,-17.4999999999999,30.5882554076349));
#15688=CARTESIAN_POINT('Origin',(-22.4357415745339,-17.4999999999999,28.4382554076349));
#15689=CARTESIAN_POINT('Origin',(7.79560948918298E-13,-17.4999999999999,
-50.0000000000001));
#15690=CARTESIAN_POINT('',(7.79385200454447E-13,17.5000000000001,-47.8500000000002));
#15691=CARTESIAN_POINT('Origin',(7.79560948918298E-13,17.5000000000001,
-50.0000000000002));
#15692=CARTESIAN_POINT('',(7.79385200454447E-13,-17.4999999999999,-47.8500000000002));
#15693=CARTESIAN_POINT('',(7.79385200454447E-13,-17.4999999999999,-47.8500000000002));
#15694=CARTESIAN_POINT('Origin',(7.79560948918298E-13,-17.4999999999999,
-50.0000000000001));
#15695=CARTESIAN_POINT('Origin',(7.77728494542266E-13,-17.5,-95.0000000000001));
#15696=CARTESIAN_POINT('',(7.77552746078416E-13,17.5000000000001,-92.8500000000002));
#15697=CARTESIAN_POINT('Origin',(7.77728494542266E-13,17.5,-95.0000000000002));
#15698=CARTESIAN_POINT('',(7.77552746078416E-13,-17.5,-92.8500000000001));
#15699=CARTESIAN_POINT('',(7.77552746078416E-13,-17.5,-92.8500000000001));
#15700=CARTESIAN_POINT('Origin',(7.77728494542266E-13,-17.5,-95.0000000000001));
#15701=CARTESIAN_POINT('Origin',(7.75896040166235E-13,-17.5,-140.));
#15702=CARTESIAN_POINT('',(7.75720291702384E-13,17.5,-137.85));
#15703=CARTESIAN_POINT('Origin',(7.75896040166235E-13,17.5,-140.));
#15704=CARTESIAN_POINT('',(7.75720291702384E-13,-17.5,-137.85));
#15705=CARTESIAN_POINT('',(7.75720291702384E-13,-17.5,-137.85));
#15706=CARTESIAN_POINT('Origin',(7.75896040166235E-13,-17.5,-140.));
#15707=CARTESIAN_POINT('Origin',(-30.6963711612776,-17.4999999999999,35.2442996960886));
#15708=CARTESIAN_POINT('',(-30.3958833379829,-17.4999999999999,35.6439333634036));
#15709=CARTESIAN_POINT('',(-31.1931434263929,-17.4999999999999,35.1875783014277));
#15710=CARTESIAN_POINT('Origin',(-30.6963711612776,-17.4999999999999,35.2442996960886));
#15711=CARTESIAN_POINT('',(-30.3958833379829,17.5000000000001,35.6439333634035));
#15712=CARTESIAN_POINT('',(-30.3958833379829,-17.4999999999999,35.6439333634036));
#15713=CARTESIAN_POINT('',(-31.1931434263929,17.5000000000001,35.1875783014277));
#15714=CARTESIAN_POINT('Origin',(-30.6963711612776,17.5000000000001,35.2442996960886));
#15715=CARTESIAN_POINT('',(-31.1931434263929,-17.4999999999999,35.1875783014277));
#15716=CARTESIAN_POINT('Origin',(-5.46096472393989,-17.4999999999999,42.4688134607554));
#15717=CARTESIAN_POINT('',(-5.72644109033807,-17.4999999999999,42.8925141792868));
#15718=CARTESIAN_POINT('',(-5.00552503414598,-17.4999999999999,42.2624771116542));
#15719=CARTESIAN_POINT('Origin',(-5.46096472393989,-17.4999999999999,42.4688134607554));
#15720=CARTESIAN_POINT('',(-5.00552503414598,17.5000000000001,42.2624771116542));
#15721=CARTESIAN_POINT('',(-5.00552503414598,-17.4999999999999,42.2624771116542));
#15722=CARTESIAN_POINT('',(-5.72644109033807,17.5000000000001,42.8925141792868));
#15723=CARTESIAN_POINT('Origin',(-5.46096472393989,17.5000000000001,42.4688134607554));
#15724=CARTESIAN_POINT('',(-5.72644109033807,-17.4999999999999,42.8925141792868));
#15725=CARTESIAN_POINT('Origin',(8.07331419667918E-13,-17.5,-160.));
#15726=CARTESIAN_POINT('',(9.06818181818267,-17.5,-154.706789394668));
#15727=CARTESIAN_POINT('',(-9.06818181818105,-17.5,-154.706789394668));
#15728=CARTESIAN_POINT('Origin',(8.07331419667918E-13,-17.5,-160.));
#15729=CARTESIAN_POINT('',(-9.06818181818105,17.5,-154.706789394668));
#15730=CARTESIAN_POINT('',(-9.06818181818105,-17.5,-154.706789394668));
#15731=CARTESIAN_POINT('',(9.06818181818267,17.5,-154.706789394668));
#15732=CARTESIAN_POINT('Origin',(8.07331419667918E-13,17.5,-160.));
#15733=CARTESIAN_POINT('',(9.06818181818267,-17.5,-154.706789394668));
#15734=CARTESIAN_POINT('Origin',(-26.8257023162224,-17.4999999999999,-3.0629553116851));
#15735=CARTESIAN_POINT('',(-26.8257023162224,17.5000000000001,-3.06295531168511));
#15736=CARTESIAN_POINT('',(-26.8257023162224,17.5000000000001,-3.06295531168512));
#15737=CARTESIAN_POINT('',(-26.8257023162224,-17.4999999999999,-3.0629553116851));
#15738=CARTESIAN_POINT('',(-26.8257023162224,-17.4999999999999,-3.0629553116851));
#15739=CARTESIAN_POINT('',(-26.8257023162224,-17.4999999999999,-3.0629553116851));
#15740=CARTESIAN_POINT('Origin',(7.8159700933611E-13,-17.4999999999999,
-1.27617571872453E-13));
#15741=CARTESIAN_POINT('',(-20.5401964455426,17.5000000000001,-17.5242783012166));
#15742=CARTESIAN_POINT('Origin',(7.8159700933611E-13,17.5000000000001,-1.4210854715202E-13));
#15743=CARTESIAN_POINT('',(-20.5401964455426,-17.4999999999999,-17.5242783012165));
#15744=CARTESIAN_POINT('',(-20.5401964455426,-17.4999999999999,-17.5242783012165));
#15745=CARTESIAN_POINT('Origin',(7.8159700933611E-13,-17.4999999999999,
-1.27617571872453E-13));
#15746=CARTESIAN_POINT('Origin',(-39.5588968580828,-17.4999999999999,-33.7504619134541));
#15747=CARTESIAN_POINT('',(-14.8747504702896,17.5000000000001,-29.7890332436428));
#15748=CARTESIAN_POINT('Origin',(-39.5588968580828,17.5000000000001,-33.7504619134541));
#15749=CARTESIAN_POINT('',(-14.8747504702896,-17.4999999999999,-29.7890332436428));
#15750=CARTESIAN_POINT('',(-14.8747504702896,-17.4999999999999,-29.7890332436428));
#15751=CARTESIAN_POINT('Origin',(-39.5588968580828,-17.4999999999999,-33.7504619134541));
#15752=CARTESIAN_POINT('Origin',(-395.839379533264,-17.4999999999999,-90.9280404446527));
#15753=CARTESIAN_POINT('',(-9.99999999999917,17.5,-90.9280404446527));
#15754=CARTESIAN_POINT('Origin',(-395.839379533264,17.5,-90.9280404446527));
#15755=CARTESIAN_POINT('',(-9.99999999999917,-17.4999999999999,-90.9280404446526));
#15756=CARTESIAN_POINT('',(-9.99999999999917,-17.4999999999999,-90.9280404446526));
#15757=CARTESIAN_POINT('Origin',(-395.839379533264,-17.4999999999999,-90.9280404446527));
#15758=CARTESIAN_POINT('Origin',(-9.99999999999914,-17.4999999999999,-1.24029480884635E-13));
#15759=CARTESIAN_POINT('',(-9.9999999999992,17.5,-154.454731746795));
#15760=CARTESIAN_POINT('',(-9.99999999999914,17.5000000000001,-1.38520456164203E-13));
#15761=CARTESIAN_POINT('',(-9.9999999999992,-17.5,-154.454731746795));
#15762=CARTESIAN_POINT('',(-9.9999999999992,-17.5,-154.454731746795));
#15763=CARTESIAN_POINT('',(-9.99999999999914,-17.4999999999999,-1.24029480884635E-13));
#15764=CARTESIAN_POINT('Origin',(-9.49999999999924,-17.5,-154.454731746795));
#15765=CARTESIAN_POINT('Origin',(-9.49999999999924,17.5,-154.454731746795));
#15766=CARTESIAN_POINT('Origin',(-9.49999999999924,-17.5,-154.454731746795));
#15767=CARTESIAN_POINT('Origin',(9.50000000000086,-17.5,-154.454731746795));
#15768=CARTESIAN_POINT('',(10.0000000000008,17.5,-154.454731746795));
#15769=CARTESIAN_POINT('Origin',(9.50000000000086,17.5,-154.454731746795));
#15770=CARTESIAN_POINT('',(10.0000000000008,-17.5,-154.454731746795));
#15771=CARTESIAN_POINT('',(10.0000000000008,-17.5,-154.454731746795));
#15772=CARTESIAN_POINT('Origin',(9.50000000000086,-17.5,-154.454731746795));
#15773=CARTESIAN_POINT('Origin',(10.0000000000008,-17.4999999999999,-1.27617571872453E-13));
#15774=CARTESIAN_POINT('',(10.0000000000008,17.5000000000001,-45.0000000000001));
#15775=CARTESIAN_POINT('',(10.0000000000008,17.5000000000001,-1.4210854715202E-13));
#15776=CARTESIAN_POINT('',(10.0000000000008,-17.4999999999999,-45.0000000000001));
#15777=CARTESIAN_POINT('',(10.0000000000008,-17.4999999999999,-45.0000000000001));
#15778=CARTESIAN_POINT('',(10.0000000000008,-17.4999999999999,-1.27617571872453E-13));
#15779=CARTESIAN_POINT('Origin',(5.00000000000077,-17.4999999999999,-45.0000000000001));
#15780=CARTESIAN_POINT('',(8.65987894167092,17.5000000000001,-41.593346784259));
#15781=CARTESIAN_POINT('Origin',(5.00000000000077,17.5000000000001,-45.0000000000001));
#15782=CARTESIAN_POINT('',(8.65987894167092,-17.4999999999999,-41.593346784259));
#15783=CARTESIAN_POINT('',(8.65987894167092,-17.4999999999999,-41.593346784259));
#15784=CARTESIAN_POINT('Origin',(5.00000000000077,-17.4999999999999,-45.0000000000001));
#15785=CARTESIAN_POINT('Origin',(-16.1034673433479,-17.4999999999999,-14.9892741492611));
#15786=CARTESIAN_POINT('',(-16.1034673433479,17.5000000000001,-14.9892741492611));
#15787=CARTESIAN_POINT('',(-16.1034673433479,17.5000000000001,-14.9892741492611));
#15788=CARTESIAN_POINT('',(-16.1034673433479,-17.4999999999999,-14.9892741492611));
#15789=CARTESIAN_POINT('',(-16.1034673433479,-17.4999999999999,-14.9892741492611));
#15790=CARTESIAN_POINT('',(-16.1034673433479,-17.4999999999999,-14.9892741492611));
#15791=CARTESIAN_POINT('Origin',(7.8159700933611E-13,-17.4999999999999,
-1.27617571872453E-13));
#15792=CARTESIAN_POINT('',(-20.0393463509316,17.5000000000001,9.07879936045342));
#15793=CARTESIAN_POINT('Origin',(7.8159700933611E-13,17.5000000000001,-1.4210854715202E-13));
#15794=CARTESIAN_POINT('',(-20.0393463509316,-17.4999999999999,9.07879936045343));
#15795=CARTESIAN_POINT('',(-20.0393463509316,-17.4999999999999,9.07879936045343));
#15796=CARTESIAN_POINT('Origin',(7.8159700933611E-13,-17.4999999999999,
-1.27617571872453E-13));
#15797=CARTESIAN_POINT('Origin',(-20.0393463509316,-17.4999999999999,9.07879936045343));
#15798=CARTESIAN_POINT('',(-20.0393463509316,17.5000000000001,9.07879936045342));
#15799=CARTESIAN_POINT('',(-20.0393463509316,-17.4999999999999,9.07879936045343));
#15800=CARTESIAN_POINT('Origin',(-8.64668112071803,-17.4999999999999,47.5532220831321));
#15801=CARTESIAN_POINT('',(-6.57576627344889,17.5000000000001,42.4579976822484));
#15802=CARTESIAN_POINT('Origin',(-8.64668112071803,17.5000000000001,47.5532220831321));
#15803=CARTESIAN_POINT('',(-6.57576627344889,-17.4999999999999,42.4579976822485));
#15804=CARTESIAN_POINT('',(-6.57576627344889,-17.4999999999999,42.4579976822485));
#15805=CARTESIAN_POINT('Origin',(-8.64668112071803,-17.4999999999999,47.5532220831321));
#15806=CARTESIAN_POINT('Origin',(-15.7424359339367,-17.4999999999999,38.7322751612495));
#15807=CARTESIAN_POINT('',(-25.0512195515226,17.5000000000001,34.9487915132415));
#15808=CARTESIAN_POINT('',(-15.7424359339367,17.5000000000001,38.7322751612495));
#15809=CARTESIAN_POINT('',(-25.0512195515226,-17.4999999999999,34.9487915132415));
#15810=CARTESIAN_POINT('',(-25.0512195515226,-17.4999999999999,34.9487915132415));
#15811=CARTESIAN_POINT('',(-15.7424359339367,-17.4999999999999,38.7322751612495));
#15812=CARTESIAN_POINT('Origin',(-27.1099556532419,-17.4999999999999,40.0140516490182));
#15813=CARTESIAN_POINT('Origin',(-27.1099556532419,17.5000000000001,40.0140516490182));
#15814=CARTESIAN_POINT('Origin',(-27.1099556532419,-17.4999999999999,40.0140516490182));
#15815=CARTESIAN_POINT('Origin',(7.8159700933611E-13,-17.4999999999999,
-1.27617571872453E-13));
#15816=CARTESIAN_POINT('Origin',(7.8159700933611E-13,17.5000000000001,-1.4210854715202E-13));
#15817=CARTESIAN_POINT('Origin',(7.64228342821573E-13,17.4999999999999,
-200.));
#15818=CARTESIAN_POINT('',(7.63765530382228E-13,19.4999999999999,-197.85));
#15819=CARTESIAN_POINT('Origin',(7.65134768597551E-13,19.4999999999999,
-200.));
#15820=CARTESIAN_POINT('',(7.6285910460625E-13,17.4999999999999,-197.85));
#15821=CARTESIAN_POINT('',(7.6285910460625E-13,17.4999999999999,-197.85));
#15822=CARTESIAN_POINT('Origin',(7.64228342821573E-13,17.4999999999999,
-200.));
#15823=CARTESIAN_POINT('Origin',(7.4365273066332E-13,17.4999999999999,-160.));
#15824=CARTESIAN_POINT('',(7.43189918223975E-13,19.4999999999999,-157.85));
#15825=CARTESIAN_POINT('Origin',(7.44559156439298E-13,19.4999999999999,
-160.));
#15826=CARTESIAN_POINT('',(7.42283492447997E-13,17.4999999999999,-157.85));
#15827=CARTESIAN_POINT('',(7.42283492447997E-13,17.4999999999999,-157.85));
#15828=CARTESIAN_POINT('Origin',(7.4365273066332E-13,17.4999999999999,-160.));
#15829=CARTESIAN_POINT('Origin',(-22.435741574534,17.5000000000001,28.4382554076349));
#15830=CARTESIAN_POINT('',(-22.435741574534,19.5000000000001,30.5882554076349));
#15831=CARTESIAN_POINT('Origin',(-22.435741574534,19.5000000000001,28.4382554076349));
#15832=CARTESIAN_POINT('',(-22.435741574534,17.5000000000001,30.5882554076349));
#15833=CARTESIAN_POINT('',(-22.435741574534,17.5000000000001,30.5882554076349));
#15834=CARTESIAN_POINT('Origin',(-22.435741574534,17.5000000000001,28.4382554076349));
#15835=CARTESIAN_POINT('Origin',(7.10596678961998E-13,17.4999999999999,
-140.));
#15836=CARTESIAN_POINT('',(7.10133866522653E-13,19.4999999999999,-137.85));
#15837=CARTESIAN_POINT('Origin',(7.11503104737976E-13,19.4999999999999,
-140.));
#15838=CARTESIAN_POINT('',(7.09227440746675E-13,17.4999999999999,-137.85));
#15839=CARTESIAN_POINT('',(7.09227440746675E-13,17.4999999999999,-137.85));
#15840=CARTESIAN_POINT('Origin',(7.10596678961998E-13,17.4999999999999,
-140.));
#15841=CARTESIAN_POINT('Origin',(6.87449115283963E-13,17.5,-95.0000000000002));
#15842=CARTESIAN_POINT('',(6.86986302844619E-13,19.5,-92.8500000000002));
#15843=CARTESIAN_POINT('Origin',(6.88355541059941E-13,19.5,-95.0000000000002));
#15844=CARTESIAN_POINT('',(6.8607987706864E-13,17.5,-92.8500000000002));
#15845=CARTESIAN_POINT('',(6.8607987706864E-13,17.5,-92.8500000000002));
#15846=CARTESIAN_POINT('Origin',(6.87449115283963E-13,17.5,-95.0000000000002));
#15847=CARTESIAN_POINT('Origin',(6.64301551605928E-13,17.5,-50.0000000000002));
#15848=CARTESIAN_POINT('',(6.63838739166584E-13,19.5,-47.8500000000002));
#15849=CARTESIAN_POINT('Origin',(6.65207977381907E-13,19.5,-50.0000000000002));
#15850=CARTESIAN_POINT('',(6.62932313390606E-13,17.5,-47.8500000000002));
#15851=CARTESIAN_POINT('',(6.62932313390606E-13,17.5,-47.8500000000002));
#15852=CARTESIAN_POINT('Origin',(6.64301551605928E-13,17.5,-50.0000000000002));
#15853=CARTESIAN_POINT('Origin',(-18.8295206506476,17.5000000000001,46.1131117975056));
#15854=CARTESIAN_POINT('',(-18.8295206506476,19.5000000000001,48.1131117975056));
#15855=CARTESIAN_POINT('Origin',(-18.8295206506476,19.5000000000001,46.1131117975056));
#15856=CARTESIAN_POINT('',(-18.8295206506476,17.5000000000001,48.1131117975056));
#15857=CARTESIAN_POINT('',(-18.8295206506476,17.5000000000001,48.1131117975056));
#15858=CARTESIAN_POINT('Origin',(-18.8295206506476,17.5000000000001,46.1131117975056));
#15859=CARTESIAN_POINT('Origin',(6.3189496245668E-13,17.5,12.9999999999999));
#15860=CARTESIAN_POINT('',(6.31718734760077E-13,19.5,14.6999999999999));
#15861=CARTESIAN_POINT('Origin',(6.32801388232658E-13,19.5,12.9999999999999));
#15862=CARTESIAN_POINT('',(6.30812308984099E-13,17.5,14.6999999999999));
#15863=CARTESIAN_POINT('',(6.30812308984099E-13,17.5,14.6999999999999));
#15864=CARTESIAN_POINT('Origin',(6.3189496245668E-13,17.5,12.9999999999999));
#15865=CARTESIAN_POINT('Origin',(6.45269110359544E-13,17.5,-13.0000000000001));
#15866=CARTESIAN_POINT('',(6.45092882662942E-13,19.5,-11.3000000000001));
#15867=CARTESIAN_POINT('Origin',(6.46175536135522E-13,19.5,-13.0000000000001));
#15868=CARTESIAN_POINT('',(6.44186456886963E-13,17.5,-11.3000000000001));
#15869=CARTESIAN_POINT('',(6.44186456886963E-13,17.5,-11.3000000000001));
#15870=CARTESIAN_POINT('Origin',(6.45269110359544E-13,17.5,-13.0000000000001));
#15871=CARTESIAN_POINT('Origin',(-27.1423662274184,17.5000000000001,40.0183108641886));
#15872=CARTESIAN_POINT('',(-27.1423662274184,19.5000000000001,41.7183108641886));
#15873=CARTESIAN_POINT('Origin',(-27.1423662274184,19.5000000000001,40.0183108641886));
#15874=CARTESIAN_POINT('',(-27.1423662274184,17.5000000000001,41.7183108641886));
#15875=CARTESIAN_POINT('',(-27.1423662274184,17.5000000000001,41.7183108641886));
#15876=CARTESIAN_POINT('Origin',(-27.1423662274184,17.5000000000001,40.0183108641886));
#15877=CARTESIAN_POINT('Origin',(-24.4999999999994,17.5000000000001,59.9999999999999));
#15878=CARTESIAN_POINT('',(-24.4999999999994,19.5000000000001,67.9999999999998));
#15879=CARTESIAN_POINT('Origin',(-24.4999999999994,19.5000000000001,59.9999999999999));
#15880=CARTESIAN_POINT('',(-24.4999999999994,17.5000000000001,67.9999999999998));
#15881=CARTESIAN_POINT('',(-24.4999999999994,17.5000000000001,67.9999999999998));
#15882=CARTESIAN_POINT('Origin',(-24.4999999999994,17.5000000000001,59.9999999999999));
#15883=CARTESIAN_POINT('Origin',(6.38582036408112E-13,17.5,-1.40820320056924E-13));
#15884=CARTESIAN_POINT('',(6.36304187264735E-13,19.5,4.99999999999986));
#15885=CARTESIAN_POINT('Origin',(6.3948846218409E-13,19.5,-1.4210854715202E-13));
#15886=CARTESIAN_POINT('',(6.35397761488757E-13,17.5,4.99999999999986));
#15887=CARTESIAN_POINT('',(6.35397761488757E-13,17.5,4.99999999999986));
#15888=CARTESIAN_POINT('Origin',(6.38582036408112E-13,17.5,-1.40820320056924E-13));
#15889=CARTESIAN_POINT('Origin',(-24.4999999999994,17.5000000000001,59.9999999999999));
#15890=CARTESIAN_POINT('',(-10.6039334521349,17.5000000000001,65.6479495834611));
#15891=CARTESIAN_POINT('',(-38.3960665478639,17.5000000000001,54.3520504165385));
#15892=CARTESIAN_POINT('Origin',(-24.4999999999994,17.5000000000001,59.9999999999999));
#15893=CARTESIAN_POINT('',(-10.6039334521349,19.5000000000001,65.6479495834611));
#15894=CARTESIAN_POINT('',(-10.6039334521349,17.5000000000001,65.6479495834611));
#15895=CARTESIAN_POINT('',(-38.3960665478639,19.5000000000001,54.3520504165385));
#15896=CARTESIAN_POINT('Origin',(-24.4999999999994,19.5000000000001,59.9999999999999));
#15897=CARTESIAN_POINT('',(-38.3960665478639,17.5000000000001,54.3520504165385));
#15898=CARTESIAN_POINT('Origin',(-395.839379533264,17.5000000000001,-90.9280404446529));
#15899=CARTESIAN_POINT('',(-31.5479038018546,19.5000000000001,36.2086871679716));
#15900=CARTESIAN_POINT('Origin',(-395.839379533264,19.5000000000001,-90.9280404446529));
#15901=CARTESIAN_POINT('',(-31.5479038018546,17.5000000000001,36.2086871679716));
#15902=CARTESIAN_POINT('',(-31.5479038018546,17.5000000000001,36.2086871679716));
#15903=CARTESIAN_POINT('Origin',(-395.839379533264,17.5000000000001,-90.9280404446529));
#15904=CARTESIAN_POINT('Origin',(-395.839379533264,17.5000000000001,-90.9280404446529));
#15905=CARTESIAN_POINT('',(-14.8747504702898,17.5,-29.7890332436428));
#15906=CARTESIAN_POINT('',(-9.99999999999927,17.5,-90.9280404446527));
#15907=CARTESIAN_POINT('Origin',(-395.839379533264,17.5000000000001,-90.9280404446529));
#15908=CARTESIAN_POINT('',(-14.8747504702898,19.5,-29.7890332436428));
#15909=CARTESIAN_POINT('',(-14.8747504702898,17.5,-29.7890332436428));
#15910=CARTESIAN_POINT('',(-9.99999999999926,19.5,-90.9280404446527));
#15911=CARTESIAN_POINT('Origin',(-395.839379533264,19.5000000000001,-90.9280404446529));
#15912=CARTESIAN_POINT('',(-9.99999999999927,17.5,-90.9280404446527));
#15913=CARTESIAN_POINT('Origin',(-9.99999999999924,17.4999999999999,-200.));
#15914=CARTESIAN_POINT('',(-9.99999999999923,19.4999999999999,-200.));
#15915=CARTESIAN_POINT('',(-9.99999999999924,19.4999999999999,-200.));
#15916=CARTESIAN_POINT('',(-9.99999999999923,17.4999999999999,-200.));
#15917=CARTESIAN_POINT('',(-9.99999999999923,17.4999999999999,-200.));
#15918=CARTESIAN_POINT('',(-9.99999999999924,17.4999999999999,-200.));
#15919=CARTESIAN_POINT('Origin',(7.64228342821573E-13,17.4999999999999,
-200.));
#15920=CARTESIAN_POINT('',(10.0000000000007,19.4999999999999,-200.));
#15921=CARTESIAN_POINT('Origin',(7.65134768597551E-13,19.4999999999999,
-200.));
#15922=CARTESIAN_POINT('',(10.0000000000007,17.4999999999999,-200.));
#15923=CARTESIAN_POINT('',(10.0000000000007,17.4999999999999,-200.));
#15924=CARTESIAN_POINT('Origin',(7.64228342821573E-13,17.4999999999999,
-200.));
#15925=CARTESIAN_POINT('Origin',(10.0000000000006,17.5,12.9999999999999));
#15926=CARTESIAN_POINT('',(10.0000000000006,19.5,12.9999999999999));
#15927=CARTESIAN_POINT('',(10.0000000000006,19.5,12.9999999999999));
#15928=CARTESIAN_POINT('',(10.0000000000006,17.5,12.9999999999999));
#15929=CARTESIAN_POINT('',(10.0000000000006,17.5,12.9999999999999));
#15930=CARTESIAN_POINT('',(10.0000000000006,17.5,12.9999999999999));
#15931=CARTESIAN_POINT('Origin',(6.30302921617788E-13,17.5,12.9999999999999));
#15932=CARTESIAN_POINT('',(9.26404436524364,19.5,16.7652997223074));
#15933=CARTESIAN_POINT('Origin',(6.31209347393766E-13,19.5,12.9999999999999));
#15934=CARTESIAN_POINT('',(9.26404436524364,17.5,16.7652997223074));
#15935=CARTESIAN_POINT('',(9.26404436524364,17.5,16.7652997223074));
#15936=CARTESIAN_POINT('Origin',(6.30302921617788E-13,17.5,12.9999999999999));
#15937=CARTESIAN_POINT('Origin',(-10.6039334521349,17.5000000000001,65.6479495834611));
#15938=CARTESIAN_POINT('',(-10.6039334521349,19.5000000000001,65.6479495834611));
#15939=CARTESIAN_POINT('',(-10.6039334521349,17.5000000000001,65.6479495834611));
#15940=CARTESIAN_POINT('Origin',(-24.4999999999994,17.5000000000001,59.9999999999999));
#15941=CARTESIAN_POINT('',(-31.0537176803878,17.5000000000001,34.0456564708153));
#15942=CARTESIAN_POINT('Origin',(-40.9894355649443,17.5000000000001,32.9136184332453));
#15943=CARTESIAN_POINT('',(-26.8264382883018,17.5,-3.05650270143898));
#15944=CARTESIAN_POINT('',(-31.1792443056456,17.5000000000001,35.1473837045038));
#15945=CARTESIAN_POINT('',(-20.5401964455428,17.5,-17.5242783012166));
#15946=CARTESIAN_POINT('Origin',(6.38582036408112E-13,17.5,-1.40820320056924E-13));
#15947=CARTESIAN_POINT('Origin',(-39.5588968580829,17.5,-33.7504619134541));
#15948=CARTESIAN_POINT('Origin',(-24.4999999999994,19.5000000000001,59.9999999999999));
#15949=CARTESIAN_POINT('',(-20.5401964455428,19.5,-17.5242783012166));
#15950=CARTESIAN_POINT('Origin',(-39.5588968580829,19.5,-33.7504619134541));
#15951=CARTESIAN_POINT('',(-26.8264382883018,19.5,-3.05650270143898));
#15952=CARTESIAN_POINT('Origin',(6.3948846218409E-13,19.5,-1.4210854715202E-13));
#15953=CARTESIAN_POINT('',(-31.0537176803878,19.5000000000001,34.0456564708153));
#15954=CARTESIAN_POINT('',(-31.1792443056456,19.5000000000001,35.1473837045038));
#15955=CARTESIAN_POINT('Origin',(-40.9894355649443,19.5000000000001,32.9136184332453));
#15956=CARTESIAN_POINT('Origin',(-31.1792443056456,17.5000000000001,35.1473837045038));
#15957=CARTESIAN_POINT('',(-31.0537176803878,19.5000000000001,34.0456564708153));
#15958=CARTESIAN_POINT('',(-26.8264382883018,17.5,-3.05650270143898));
#15959=CARTESIAN_POINT('Origin',(6.38582036408112E-13,17.5,-1.40820320056924E-13));
#15960=CARTESIAN_POINT('',(-20.5401964455428,17.5,-17.5242783012166));
#15961=CARTESIAN_POINT('Origin',(-39.5588968580829,17.5,-33.7504619134541));
#15962=CARTESIAN_POINT('Origin',(-40.9894355649443,17.5000000000001,32.9136184332453));
#15963=CARTESIAN_POINT('Origin',(8.6118324754585E-13,-19.5000000000002,
-200.));
#15964=CARTESIAN_POINT('',(8.62611461822168E-13,-17.5000000000002,-197.85));
#15965=CARTESIAN_POINT('Origin',(8.65054840813815E-13,-17.5000000000002,
-200.));
#15966=CARTESIAN_POINT('',(8.58739868554203E-13,-19.5000000000002,-197.85));
#15967=CARTESIAN_POINT('',(8.58739868554203E-13,-19.5000000000002,-197.85));
#15968=CARTESIAN_POINT('Origin',(8.6118324754585E-13,-19.5000000000002,
-200.));
#15969=CARTESIAN_POINT('Origin',(8.20623620944345E-13,-19.5000000000001,
-160.));
#15970=CARTESIAN_POINT('',(8.22051835220662E-13,-17.5000000000001,-157.85));
#15971=CARTESIAN_POINT('Origin',(8.24495214212309E-13,-17.5000000000001,
-160.));
#15972=CARTESIAN_POINT('',(8.18180241952697E-13,-19.5000000000001,-157.85));
#15973=CARTESIAN_POINT('',(8.18180241952697E-13,-19.5000000000001,-157.85));
#15974=CARTESIAN_POINT('Origin',(8.20623620944345E-13,-19.5000000000001,
-160.));
#15975=CARTESIAN_POINT('Origin',(-22.435741574534,-19.5,28.4382554076349));
#15976=CARTESIAN_POINT('',(-22.435741574534,-17.5,30.5882554076349));
#15977=CARTESIAN_POINT('Origin',(-22.435741574534,-17.5,28.4382554076349));
#15978=CARTESIAN_POINT('',(-22.435741574534,-19.5,30.5882554076349));
#15979=CARTESIAN_POINT('',(-22.435741574534,-19.5,30.5882554076349));
#15980=CARTESIAN_POINT('Origin',(-22.435741574534,-19.5,28.4382554076349));
#15981=CARTESIAN_POINT('Origin',(7.77575562021396E-13,-19.5000000000001,
-140.));
#15982=CARTESIAN_POINT('',(7.79003776297713E-13,-17.5000000000001,-137.85));
#15983=CARTESIAN_POINT('Origin',(7.81447155289361E-13,-17.5000000000001,
-140.));
#15984=CARTESIAN_POINT('',(7.75132183029748E-13,-19.5000000000001,-137.85));
#15985=CARTESIAN_POINT('',(7.75132183029748E-13,-19.5000000000001,-137.85));
#15986=CARTESIAN_POINT('Origin',(7.77575562021396E-13,-19.5000000000001,
-140.));
#15987=CARTESIAN_POINT('Origin',(7.31945982094702E-13,-19.5000000000001,
-95.0000000000001));
#15988=CARTESIAN_POINT('',(7.33374196371019E-13,-17.5000000000001,-92.8500000000001));
#15989=CARTESIAN_POINT('Origin',(7.35817575362667E-13,-17.5000000000001,
-95.0000000000001));
#15990=CARTESIAN_POINT('',(7.29502603103054E-13,-19.5000000000001,-92.8500000000001));
#15991=CARTESIAN_POINT('',(7.29502603103054E-13,-19.5000000000001,-92.8500000000001));
#15992=CARTESIAN_POINT('Origin',(7.31945982094702E-13,-19.5000000000001,
-95.0000000000001));
#15993=CARTESIAN_POINT('Origin',(6.86316402168008E-13,-19.5000000000001,
-50.0000000000001));
#15994=CARTESIAN_POINT('',(6.87744616444325E-13,-17.5000000000001,-47.8500000000001));
#15995=CARTESIAN_POINT('Origin',(6.90187995435973E-13,-17.5000000000001,
-50.0000000000001));
#15996=CARTESIAN_POINT('',(6.8387302317636E-13,-19.5000000000001,-47.8500000000001));
#15997=CARTESIAN_POINT('',(6.8387302317636E-13,-19.5000000000001,-47.8500000000001));
#15998=CARTESIAN_POINT('Origin',(6.86316402168008E-13,-19.5000000000001,
-50.0000000000001));
#15999=CARTESIAN_POINT('Origin',(-18.8295206506476,-19.5,46.1131117975056));
#16000=CARTESIAN_POINT('',(-18.8295206506476,-17.5,48.1131117975056));
#16001=CARTESIAN_POINT('Origin',(-18.8295206506476,-17.5,46.1131117975056));
#16002=CARTESIAN_POINT('',(-18.8295206506476,-19.5,48.1131117975056));
#16003=CARTESIAN_POINT('',(-18.8295206506476,-19.5,48.1131117975056));
#16004=CARTESIAN_POINT('Origin',(-18.8295206506476,-19.5,46.1131117975056));
#16005=CARTESIAN_POINT('Origin',(6.22434990270636E-13,-19.5,12.9999999999999));
#16006=CARTESIAN_POINT('',(6.24374609452182E-13,-17.5,14.6999999999999));
#16007=CARTESIAN_POINT('Origin',(6.26306583538601E-13,-17.5,12.9999999999999));
#16008=CARTESIAN_POINT('',(6.20503016184217E-13,-19.5,14.6999999999999));
#16009=CARTESIAN_POINT('',(6.20503016184217E-13,-19.5,14.6999999999999));
#16010=CARTESIAN_POINT('Origin',(6.22434990270636E-13,-19.5,12.9999999999999));
#16011=CARTESIAN_POINT('Origin',(6.48798747561615E-13,-19.5,-13.0000000000001));
#16012=CARTESIAN_POINT('',(6.5073836674316E-13,-17.5,-11.3000000000001));
#16013=CARTESIAN_POINT('Origin',(6.5267034082958E-13,-17.5,-13.0000000000001));
#16014=CARTESIAN_POINT('',(6.46866773475196E-13,-19.5,-11.3000000000001));
#16015=CARTESIAN_POINT('',(6.46866773475196E-13,-19.5,-11.3000000000001));
#16016=CARTESIAN_POINT('Origin',(6.48798747561615E-13,-19.5,-13.0000000000001));
#16017=CARTESIAN_POINT('Origin',(-27.1423662274185,-19.5,40.0183108641887));
#16018=CARTESIAN_POINT('',(-27.1423662274185,-17.5,41.7183108641887));
#16019=CARTESIAN_POINT('Origin',(-27.1423662274185,-17.5,40.0183108641887));
#16020=CARTESIAN_POINT('',(-27.1423662274185,-19.5,41.7183108641887));
#16021=CARTESIAN_POINT('',(-27.1423662274185,-19.5,41.7183108641887));
#16022=CARTESIAN_POINT('Origin',(-27.1423662274185,-19.5,40.0183108641887));
#16023=CARTESIAN_POINT('Origin',(-24.4999999999994,-19.5,59.9999999999999));
#16024=CARTESIAN_POINT('',(-24.4999999999994,-17.5,67.9999999999999));
#16025=CARTESIAN_POINT('Origin',(-24.4999999999994,-17.5,59.9999999999999));
#16026=CARTESIAN_POINT('',(-24.4999999999994,-19.5,67.9999999999999));
#16027=CARTESIAN_POINT('',(-24.4999999999994,-19.5,67.9999999999999));
#16028=CARTESIAN_POINT('Origin',(-24.4999999999994,-19.5,59.9999999999999));
#16029=CARTESIAN_POINT('Origin',(6.35616868916125E-13,-19.5,-6.98591439135863E-14));
#16030=CARTESIAN_POINT('',(6.33806185459328E-13,-17.5,4.99999999999993));
#16031=CARTESIAN_POINT('Origin',(6.3948846218409E-13,-17.5,-7.105427357601E-14));
#16032=CARTESIAN_POINT('',(6.29934592191363E-13,-19.5,4.99999999999993));
#16033=CARTESIAN_POINT('',(6.29934592191363E-13,-19.5,4.99999999999993));
#16034=CARTESIAN_POINT('Origin',(6.35616868916125E-13,-19.5,-6.98591439135863E-14));
#16035=CARTESIAN_POINT('Origin',(-24.4999999999994,-19.5,59.9999999999999));
#16036=CARTESIAN_POINT('',(-10.6039334521349,-19.5,65.6479495834612));
#16037=CARTESIAN_POINT('',(-38.396066547864,-19.4999999999999,54.3520504165386));
#16038=CARTESIAN_POINT('Origin',(-24.4999999999994,-19.5,59.9999999999999));
#16039=CARTESIAN_POINT('',(-10.6039334521349,-17.5,65.6479495834612));
#16040=CARTESIAN_POINT('',(-10.6039334521349,-19.5,65.6479495834612));
#16041=CARTESIAN_POINT('',(-38.396066547864,-17.4999999999999,54.3520504165386));
#16042=CARTESIAN_POINT('Origin',(-24.4999999999994,-17.5,59.9999999999999));
#16043=CARTESIAN_POINT('',(-38.396066547864,-19.4999999999999,54.3520504165386));
#16044=CARTESIAN_POINT('Origin',(-395.839379533264,-19.4999999999993,-90.928040444653));
#16045=CARTESIAN_POINT('',(-31.5479038018546,-17.5,36.2086871679717));
#16046=CARTESIAN_POINT('Origin',(-395.839379533264,-17.4999999999993,-90.928040444653));
#16047=CARTESIAN_POINT('',(-31.5479038018546,-19.5,36.2086871679717));
#16048=CARTESIAN_POINT('',(-31.5479038018546,-19.5,36.2086871679717));
#16049=CARTESIAN_POINT('Origin',(-395.839379533264,-19.4999999999993,-90.928040444653));
#16050=CARTESIAN_POINT('Origin',(-395.839379533264,-19.4999999999993,-90.928040444653));
#16051=CARTESIAN_POINT('',(-14.8747504702898,-19.5,-29.7890332436428));
#16052=CARTESIAN_POINT('',(-9.99999999999922,-19.5000000000001,-90.9280404446526));
#16053=CARTESIAN_POINT('Origin',(-395.839379533264,-19.4999999999993,-90.928040444653));
#16054=CARTESIAN_POINT('',(-14.8747504702898,-17.5,-29.7890332436428));
#16055=CARTESIAN_POINT('',(-14.8747504702898,-19.5,-29.7890332436428));
#16056=CARTESIAN_POINT('',(-9.99999999999922,-17.5000000000001,-90.9280404446526));
#16057=CARTESIAN_POINT('Origin',(-395.839379533264,-17.4999999999993,-90.928040444653));
#16058=CARTESIAN_POINT('',(-9.99999999999922,-19.5000000000001,-90.9280404446526));
#16059=CARTESIAN_POINT('Origin',(-9.99999999999915,-19.5000000000001,-200.));
#16060=CARTESIAN_POINT('',(-9.99999999999913,-17.5000000000001,-200.));
#16061=CARTESIAN_POINT('',(-9.99999999999914,-17.5000000000001,-200.));
#16062=CARTESIAN_POINT('',(-9.99999999999913,-19.5000000000001,-200.));
#16063=CARTESIAN_POINT('',(-9.99999999999913,-19.5000000000001,-200.));
#16064=CARTESIAN_POINT('',(-9.99999999999915,-19.5000000000001,-200.));
#16065=CARTESIAN_POINT('Origin',(8.6118324754585E-13,-19.5000000000002,
-200.));
#16066=CARTESIAN_POINT('',(10.0000000000008,-17.5000000000002,-200.));
#16067=CARTESIAN_POINT('Origin',(8.65054840813815E-13,-17.5000000000002,
-200.));
#16068=CARTESIAN_POINT('',(10.0000000000008,-19.5000000000002,-200.));
#16069=CARTESIAN_POINT('',(10.0000000000008,-19.5000000000002,-200.));
#16070=CARTESIAN_POINT('Origin',(8.6118324754585E-13,-19.5000000000002,
-200.));
#16071=CARTESIAN_POINT('Origin',(10.0000000000006,-19.5,12.9999999999999));
#16072=CARTESIAN_POINT('',(10.0000000000006,-17.5,12.9999999999999));
#16073=CARTESIAN_POINT('',(10.0000000000006,-17.5,12.9999999999999));
#16074=CARTESIAN_POINT('',(10.0000000000006,-19.5,12.9999999999999));
#16075=CARTESIAN_POINT('',(10.0000000000006,-19.5,12.9999999999999));
#16076=CARTESIAN_POINT('',(10.0000000000006,-19.5,12.9999999999999));
#16077=CARTESIAN_POINT('Origin',(6.20842949431744E-13,-19.5,12.9999999999999));
#16078=CARTESIAN_POINT('',(9.26404436524363,-17.5,16.7652997223075));
#16079=CARTESIAN_POINT('Origin',(6.24714542699709E-13,-17.5,12.9999999999999));
#16080=CARTESIAN_POINT('',(9.26404436524363,-19.5,16.7652997223075));
#16081=CARTESIAN_POINT('',(9.26404436524363,-19.5,16.7652997223075));
#16082=CARTESIAN_POINT('Origin',(6.20842949431744E-13,-19.5,12.9999999999999));
#16083=CARTESIAN_POINT('Origin',(-10.6039334521349,-19.5,65.6479495834612));
#16084=CARTESIAN_POINT('',(-10.6039334521349,-17.5,65.6479495834612));
#16085=CARTESIAN_POINT('',(-10.6039334521349,-19.5,65.6479495834612));
#16086=CARTESIAN_POINT('Origin',(-24.4999999999994,-19.5,59.9999999999999));
#16087=CARTESIAN_POINT('',(-31.0537176803878,-19.5,34.0456564708153));
#16088=CARTESIAN_POINT('Origin',(-40.9894355649443,-19.4999999999999,32.9136184332454));
#16089=CARTESIAN_POINT('',(-26.8264382883018,-19.5,-3.05650270143892));
#16090=CARTESIAN_POINT('',(-31.1792443056457,-19.5,35.1473837045039));
#16091=CARTESIAN_POINT('',(-20.5401964455428,-19.5,-17.5242783012165));
#16092=CARTESIAN_POINT('Origin',(6.35616868916125E-13,-19.5,-6.98591439135863E-14));
#16093=CARTESIAN_POINT('Origin',(-39.5588968580829,-19.5,-33.750461913454));
#16094=CARTESIAN_POINT('Origin',(-24.4999999999994,-17.5,59.9999999999999));
#16095=CARTESIAN_POINT('',(-20.5401964455428,-17.5,-17.5242783012165));
#16096=CARTESIAN_POINT('Origin',(-39.5588968580829,-17.5,-33.750461913454));
#16097=CARTESIAN_POINT('',(-26.8264382883018,-17.5,-3.05650270143893));
#16098=CARTESIAN_POINT('Origin',(6.3948846218409E-13,-17.5,-7.105427357601E-14));
#16099=CARTESIAN_POINT('',(-31.0537176803878,-17.5,34.0456564708153));
#16100=CARTESIAN_POINT('',(-31.1792443056456,-17.5,35.1473837045039));
#16101=CARTESIAN_POINT('Origin',(-40.9894355649443,-17.4999999999999,32.9136184332454));
#16102=CARTESIAN_POINT('Origin',(-31.1792443056457,-19.5,35.1473837045039));
#16103=CARTESIAN_POINT('',(-31.0537176803878,-17.5,34.0456564708153));
#16104=CARTESIAN_POINT('',(-26.8264382883018,-19.5,-3.05650270143892));
#16105=CARTESIAN_POINT('Origin',(6.35616868916125E-13,-19.5,-6.98591439135863E-14));
#16106=CARTESIAN_POINT('',(-20.5401964455428,-19.5,-17.5242783012165));
#16107=CARTESIAN_POINT('Origin',(-39.5588968580829,-19.5,-33.750461913454));
#16108=CARTESIAN_POINT('Origin',(-40.9894355649443,-19.4999999999999,32.9136184332454));
#16109=CARTESIAN_POINT('Origin',(1.72638703020212E-13,-1.17953304088071E-13,
-254.999999999999));
#16110=CARTESIAN_POINT('',(3.40000000000018,-1.04597070502389E-13,-232.999999999999));
#16111=CARTESIAN_POINT('Origin',(1.84525777547838E-13,-1.04196255137866E-13,
-232.999999999999));
#16112=CARTESIAN_POINT('',(3.40000000000017,-1.18354119452594E-13,-254.999999999999));
#16113=CARTESIAN_POINT('',(3.40000000000017,-1.18354119452594E-13,-254.999999999999));
#16114=CARTESIAN_POINT('Origin',(1.72638703020212E-13,-1.17953304088071E-13,
-254.999999999999));
#16115=CARTESIAN_POINT('Origin',(1.84525777547838E-13,-1.04196255137866E-13,
-232.999999999999));
#16116=CARTESIAN_POINT('',(1.85629614586972E-13,-1.08807590254211E-13,-230.957073895306));
#16117=CARTESIAN_POINT('',(3.40000000000018,-1.04597070502389E-13,-232.999999999999));
#16118=CARTESIAN_POINT('Origin',(2.31421938529616E-13,-17.5000000000001,
-159.999999999999));
#16119=CARTESIAN_POINT('',(2.25000000000022,-11.5000000000001,-159.999999999999));
#16120=CARTESIAN_POINT('Origin',(2.31394471681639E-13,-11.5000000000001,
-159.999999999999));
#16121=CARTESIAN_POINT('',(2.25000000000022,-17.5000000000001,-159.999999999999));
#16122=CARTESIAN_POINT('',(2.25000000000022,-17.5000000000001,-159.999999999999));
#16123=CARTESIAN_POINT('Origin',(2.31421938529616E-13,-17.5000000000001,
-159.999999999999));
#16124=CARTESIAN_POINT('Origin',(2.31394471681639E-13,-11.5000000000001,
-159.999999999999));
#16125=CARTESIAN_POINT('',(-1.64999999999977,-11.1394836285835,-159.999999999999));
#16126=CARTESIAN_POINT('',(1.65000000000022,-11.1394836285835,-159.999999999999));
#16127=CARTESIAN_POINT('Origin',(2.31392821306911E-13,-11.1394836285835,
-159.999999999999));
#16128=CARTESIAN_POINT('Origin',(2.31392821306911E-13,-11.1394836285835,
-159.999999999999));
#16129=CARTESIAN_POINT('',(2.25000000000023,-11.5000000000001,-159.999999999999));
#16130=CARTESIAN_POINT('Origin',(2.02436500979211E-13,-17.5000000000001,
-199.999999999999));
#16131=CARTESIAN_POINT('',(2.2500000000002,-11.5000000000001,-199.999999999999));
#16132=CARTESIAN_POINT('Origin',(2.02409034131234E-13,-11.5000000000001,
-199.999999999999));
#16133=CARTESIAN_POINT('',(2.2500000000002,-17.5000000000001,-199.999999999999));
#16134=CARTESIAN_POINT('',(2.2500000000002,-17.5000000000001,-199.999999999999));
#16135=CARTESIAN_POINT('Origin',(2.02436500979211E-13,-17.5000000000001,
-199.999999999999));
#16136=CARTESIAN_POINT('Origin',(2.02409034131234E-13,-11.5000000000001,
-199.999999999999));
#16137=CARTESIAN_POINT('',(-1.64999999999979,-11.1394836285836,-199.999999999999));
#16138=CARTESIAN_POINT('',(1.6500000000002,-11.1394836285836,-199.999999999999));
#16139=CARTESIAN_POINT('Origin',(2.02407383756507E-13,-11.1394836285836,
-199.999999999999));
#16140=CARTESIAN_POINT('Origin',(2.02407383756507E-13,-11.1394836285836,
-199.999999999999));
#16141=CARTESIAN_POINT('',(2.2500000000002,-11.5000000000001,-199.999999999999));
#16142=CARTESIAN_POINT('Origin',(2.3126171524975E-13,17.4999999999999,-159.999999999999));
#16143=CARTESIAN_POINT('',(-2.24999999999976,11.4999999999999,-159.999999999999));
#16144=CARTESIAN_POINT('Origin',(2.31289182097727E-13,11.4999999999999,
-159.999999999999));
#16145=CARTESIAN_POINT('',(-2.24999999999976,17.4999999999999,-159.999999999999));
#16146=CARTESIAN_POINT('',(-2.24999999999976,17.4999999999999,-159.999999999999));
#16147=CARTESIAN_POINT('Origin',(2.3126171524975E-13,17.4999999999999,-159.999999999999));
#16148=CARTESIAN_POINT('Origin',(2.31289182097727E-13,11.4999999999999,
-159.999999999999));
#16149=CARTESIAN_POINT('',(-1.64999999999976,11.1394836285834,-159.999999999999));
#16150=CARTESIAN_POINT('Origin',(2.31290832472455E-13,11.1394836285834,
-159.999999999999));
#16151=CARTESIAN_POINT('',(-2.24999999999976,11.4999999999999,-159.999999999999));
#16152=CARTESIAN_POINT('Origin',(2.02276277699346E-13,17.4999999999999,
-199.999999999999));
#16153=CARTESIAN_POINT('',(-2.24999999999979,11.4999999999999,-199.999999999999));
#16154=CARTESIAN_POINT('Origin',(2.02303744547323E-13,11.4999999999999,
-199.999999999999));
#16155=CARTESIAN_POINT('',(-2.24999999999979,17.4999999999999,-199.999999999999));
#16156=CARTESIAN_POINT('',(-2.24999999999979,17.4999999999999,-199.999999999999));
#16157=CARTESIAN_POINT('Origin',(2.02276277699346E-13,17.4999999999999,
-199.999999999999));
#16158=CARTESIAN_POINT('Origin',(2.02303744547323E-13,11.4999999999999,
-199.999999999999));
#16159=CARTESIAN_POINT('',(-1.64999999999979,11.1394836285834,-199.999999999999));
#16160=CARTESIAN_POINT('Origin',(2.0230539492205E-13,11.1394836285834,-199.999999999999));
#16161=CARTESIAN_POINT('',(-2.24999999999979,11.4999999999999,-199.999999999999));
#16162=CARTESIAN_POINT('Origin',(2.3126171524975E-13,17.4999999999999,-159.999999999999));
#16163=CARTESIAN_POINT('',(-1.64999999999977,17.4999999999999,-159.999999999999));
#16164=CARTESIAN_POINT('Origin',(2.02276277699346E-13,17.4999999999999,
-199.999999999999));
#16165=CARTESIAN_POINT('',(-1.64999999999979,17.4999999999999,-199.999999999999));
#16166=CARTESIAN_POINT('Origin',(2.31397244551599E-13,-17.5000000000001,
-159.999999999999));
#16167=CARTESIAN_POINT('',(-9.99999999999977,-17.5000000000001,-159.999999999999));
#16168=CARTESIAN_POINT('',(10.0000000000002,-17.5000000000001,-159.999999999999));
#16169=CARTESIAN_POINT('Origin',(2.31397244551599E-13,-17.5000000000001,
-159.999999999999));
#16170=CARTESIAN_POINT('',(-9.9999999999998,-17.5000000000001,-199.999999999999));
#16171=CARTESIAN_POINT('',(-9.99999999999977,-17.5000000000001,-159.999999999999));
#16172=CARTESIAN_POINT('',(10.0000000000002,-17.5000000000001,-199.999999999999));
#16173=CARTESIAN_POINT('Origin',(2.02436500979211E-13,-17.5000000000001,
-199.999999999999));
#16174=CARTESIAN_POINT('',(10.0000000000002,-17.5000000000001,-159.999999999999));
#16175=CARTESIAN_POINT('Origin',(2.13117042648068E-13,9.99999999999993,
-179.999999999999));
#16176=CARTESIAN_POINT('',(-9.99999999999983,9.99999999999988,-254.999999999999));
#16177=CARTESIAN_POINT('',(-9.9999999999998,9.99999999999992,-199.999999999999));
#16178=CARTESIAN_POINT('',(-9.99999999999979,9.99999999999993,-179.999999999999));
#16179=CARTESIAN_POINT('',(10.0000000000002,9.99999999999992,-199.999999999999));
#16180=CARTESIAN_POINT('Origin',(2.02310611259317E-13,9.99999999999992,
-199.999999999999));
#16181=CARTESIAN_POINT('',(10.0000000000002,9.99999999999988,-254.999999999999));
#16182=CARTESIAN_POINT('',(10.0000000000002,9.99999999999993,-179.999999999999));
#16183=CARTESIAN_POINT('',(-9.99999999999983,9.99999999999988,-254.999999999999));
#16184=CARTESIAN_POINT('Origin',(2.13208598807992E-13,-10.0000000000001,
-179.999999999999));
#16185=CARTESIAN_POINT('',(-9.9999999999998,-10.0000000000001,-199.999999999999));
#16186=CARTESIAN_POINT('',(10.0000000000002,-10.0000000000001,-199.999999999999));
#16187=CARTESIAN_POINT('Origin',(2.0240216741924E-13,-10.0000000000001,
-199.999999999999));
#16188=CARTESIAN_POINT('',(-9.99999999999983,-10.0000000000001,-254.999999999999));
#16189=CARTESIAN_POINT('',(-9.99999999999979,-10.0000000000001,-179.999999999999));
#16190=CARTESIAN_POINT('',(10.0000000000002,-10.0000000000001,-254.999999999999));
#16191=CARTESIAN_POINT('',(-9.99999999999983,-10.0000000000001,-254.999999999999));
#16192=CARTESIAN_POINT('',(10.0000000000002,-10.0000000000001,-179.999999999999));
#16193=CARTESIAN_POINT('Origin',(10.0000000000002,9.99999999999993,-179.999999999999));
#16194=CARTESIAN_POINT('',(10.0000000000002,17.4999999999999,-199.999999999999));
#16195=CARTESIAN_POINT('',(10.0000000000002,9.99999999999988,-254.999999999999));
#16196=CARTESIAN_POINT('',(10.0000000000002,17.4999999999999,-199.999999999999));
#16197=CARTESIAN_POINT('',(10.0000000000002,17.4999999999999,-199.999999999999));
#16198=CARTESIAN_POINT('',(10.0000000000002,17.4999999999999,-159.999999999999));
#16199=CARTESIAN_POINT('',(10.0000000000002,17.4999999999999,-159.999999999999));
#16200=CARTESIAN_POINT('',(10.0000000000002,17.4999999999999,-159.999999999999));
#16201=CARTESIAN_POINT('Origin',(-9.99999999999983,9.99999999999988,-254.999999999999));
#16202=CARTESIAN_POINT('',(-9.99999999999983,9.99999999999988,-254.999999999999));
#16203=CARTESIAN_POINT('Origin',(-9.99999999999979,9.99999999999993,-179.999999999999));
#16204=CARTESIAN_POINT('',(-9.9999999999998,17.4999999999999,-199.999999999999));
#16205=CARTESIAN_POINT('',(-9.99999999999977,17.4999999999999,-159.999999999999));
#16206=CARTESIAN_POINT('',(-9.99999999999977,17.4999999999999,-159.999999999999));
#16207=CARTESIAN_POINT('',(-9.9999999999998,17.4999999999999,-199.999999999999));
#16208=CARTESIAN_POINT('',(-9.99999999999977,17.4999999999999,-159.999999999999));
#16209=CARTESIAN_POINT('',(-9.9999999999998,17.4999999999999,-199.999999999999));
#16210=CARTESIAN_POINT('Origin',(2.02276277699346E-13,17.4999999999999,
-199.999999999999));
#16211=CARTESIAN_POINT('Origin',(2.31237021271733E-13,17.4999999999999,
-159.999999999999));
#16212=CARTESIAN_POINT('Origin',(2.31237021271733E-13,17.4999999999999,
-159.999999999999));
#16213=CARTESIAN_POINT('Origin',(2.02276277699346E-13,17.4999999999999,
-199.999999999999));
#16214=CARTESIAN_POINT('Origin',(2.02276277699346E-13,17.4999999999999,
-199.999999999999));
#16215=CARTESIAN_POINT('Origin',(2.31237021271733E-13,17.4999999999999,
-159.999999999999));
#16216=CARTESIAN_POINT('Origin',(1.00275351544722E-13,1.43760936508109E-13,
-293.75));
#16217=CARTESIAN_POINT('',(-11.664481965426,13.3791763751829,-293.75));
#16218=CARTESIAN_POINT('',(11.6644819654262,-13.3791763751826,-293.75));
#16219=CARTESIAN_POINT('Origin',(1.00275351544722E-13,1.43760936508109E-13,
-293.75));
#16220=CARTESIAN_POINT('',(-5.84866983055178,6.70843209797895,-278.392509970702));
#16221=CARTESIAN_POINT('Origin',(1.07514742550876E-13,1.52296217314807E-13,
-278.392509970702));
#16222=CARTESIAN_POINT('Origin',(-9.76878960668853E-14,-3.14011836998378E-14,
-311.5));
#16223=CARTESIAN_POINT('',(-5.84866983055177,6.70843209797896,-264.));
#16224=CARTESIAN_POINT('',(-5.84866983055179,6.70843209797893,-311.5));
#16225=CARTESIAN_POINT('Origin',(-7.52967975126096E-14,-5.0019584654609E-15,
-264.));
#16226=CARTESIAN_POINT('Origin',(-6.3983400348344E-14,8.33659744243482E-15,
-240.));
#16227=CARTESIAN_POINT('',(-2.6286156541806,3.01502566201302,-240.767));
#16228=CARTESIAN_POINT('Origin',(-6.4344957666052E-14,7.91031942654499E-15,
-240.767));
#16229=CARTESIAN_POINT('',(-2.12457860249148,2.43689449132203,-240.));
#16230=CARTESIAN_POINT('',(-2.12457860249148,2.43689449132203,-240.));
#16231=CARTESIAN_POINT('Origin',(-6.3983400348344E-14,8.33659744243482E-15,
-240.));
#16232=CARTESIAN_POINT('Origin',(-9.76878960668853E-14,-3.14011836998378E-14,
-311.5));
#16233=CARTESIAN_POINT('',(-4.27150043804345,4.89941670077115,-264.));
#16234=CARTESIAN_POINT('Origin',(-7.52967975126096E-14,-5.0019584654609E-15,
-264.));
#16235=CARTESIAN_POINT('',(-4.27150043804345,4.89941670077115,-263.));
#16236=CARTESIAN_POINT('',(-4.27150043804347,4.89941670077112,-311.5));
#16237=CARTESIAN_POINT('',(-0.155184053802281,6.49814726744828,-263.));
#16238=CARTESIAN_POINT('Origin',(-7.48254059640986E-14,-4.44618530263191E-15,
-263.));
#16239=CARTESIAN_POINT('',(-0.155184053802277,6.49814726744828,-255.));
#16240=CARTESIAN_POINT('',(-0.155184053802277,6.49814726744828,-255.));
#16241=CARTESIAN_POINT('',(6.41635508164906,-1.03941688758426,-255.));
#16242=CARTESIAN_POINT('Origin',(-7.105427357601E-14,0.,-255.));
#16243=CARTESIAN_POINT('',(6.41635508164906,-1.03941688758427,-263.));
#16244=CARTESIAN_POINT('',(6.41635508164906,-1.03941688758427,-263.));
#16245=CARTESIAN_POINT('',(0.155184053802131,-6.49814726744828,-263.));
#16246=CARTESIAN_POINT('Origin',(-7.48254059640986E-14,-4.44618530263191E-15,
-263.));
#16247=CARTESIAN_POINT('',(0.155184053802135,-6.49814726744828,-255.));
#16248=CARTESIAN_POINT('',(0.155184053802135,-6.49814726744828,-255.));
#16249=CARTESIAN_POINT('',(-6.41635508164921,1.03941688758426,-255.));
#16250=CARTESIAN_POINT('Origin',(-7.105427357601E-14,0.,-255.));
#16251=CARTESIAN_POINT('',(-6.41635508164921,1.03941688758426,-263.));
#16252=CARTESIAN_POINT('',(-6.41635508164921,1.03941688758426,-263.));
#16253=CARTESIAN_POINT('Origin',(-7.48254059640986E-14,-4.44618530263191E-15,
-263.));
#16254=CARTESIAN_POINT('Origin',(-9.76878960668853E-14,-3.14011836998378E-14,
-311.5));
#16255=CARTESIAN_POINT('',(-2.62861565418061,3.01502566201302,-255.));
#16256=CARTESIAN_POINT('Origin',(-7.105427357601E-14,0.,-255.));
#16257=CARTESIAN_POINT('',(-2.62861565418063,3.01502566201299,-311.5));
#16258=CARTESIAN_POINT('Origin',(-3.01502566201309,-2.62861565418054,-255.));
#16259=CARTESIAN_POINT('',(0.155184053802135,-6.49814726744828,-255.));
#16260=CARTESIAN_POINT('',(-0.155184053802277,6.49814726744828,-255.));
#16261=CARTESIAN_POINT('Origin',(-4.25179458730695,-10.3403212129676,-263.));
#16262=CARTESIAN_POINT('',(0.155184053802131,-6.49814726744828,-263.));
#16263=CARTESIAN_POINT('Origin',(4.2517945873068,10.3403212129676,-263.));
#16264=CARTESIAN_POINT('',(-0.155184053802281,6.49814726744828,-263.));
#16265=CARTESIAN_POINT('Origin',(-7.48254059640986E-14,-4.44618530263191E-15,
-263.));
#16266=CARTESIAN_POINT('Origin',(-4.89941670077123,-4.27150043804338,-264.));
#16267=CARTESIAN_POINT('Origin',(-7.48254059640986E-14,-4.44618530263191E-15,
-263.));
#16268=CARTESIAN_POINT('Origin',(-6.3983400348344E-14,8.33659744243482E-15,
-240.));
#16269=CARTESIAN_POINT('Origin',(5.13779699200228E-13,-7.29999999999998,
-2.1914418044012E-13));
#16270=CARTESIAN_POINT('',(5.140693568872E-13,-8.16602540378442,-5.00000000000022));
#16271=CARTESIAN_POINT('Origin',(5.12387284523149E-13,-8.16602540378442,
-2.1863633637543E-13));
#16272=CARTESIAN_POINT('',(5.15629978800684E-13,-7.29999999999998,-5.50000000000022));
#16273=CARTESIAN_POINT('',(5.15629978800684E-13,-7.29999999999998,-5.50000000000022));
#16274=CARTESIAN_POINT('Origin',(5.13779699200228E-13,-7.29999999999998,
-2.1914418044012E-13));
#16275=CARTESIAN_POINT('Origin',(5.13779699200228E-13,-7.29999999999998,
-2.1914418044012E-13));
#16276=CARTESIAN_POINT('',(4.99061987396122E-13,-17.5,-5.00000000000021));
#16277=CARTESIAN_POINT('Origin',(4.9737991503207E-13,-17.5,-2.1316282072803E-13));
#16278=CARTESIAN_POINT('',(5.15461771564279E-13,-7.29999999999998,-5.00000000000022));
#16279=CARTESIAN_POINT('Origin',(5.11706018299302E-13,-12.3,-13.0000000000002));
#16280=CARTESIAN_POINT('',(5.03765862108509E-13,-17.5,-14.2500000000002));
#16281=CARTESIAN_POINT('Origin',(5.03345344017496E-13,-17.5,-13.0000000000002));
#16282=CARTESIAN_POINT('',(5.12126536390315E-13,-12.3,-14.2500000000002));
#16283=CARTESIAN_POINT('',(5.12126536390315E-13,-12.3,-14.2500000000002));
#16284=CARTESIAN_POINT('Origin',(5.11706018299302E-13,-12.3,-13.0000000000002));
#16285=CARTESIAN_POINT('Origin',(4.9977516032845E-13,-12.3,12.9999999999998));
#16286=CARTESIAN_POINT('',(4.91835004137657E-13,-17.5,11.7499999999998));
#16287=CARTESIAN_POINT('Origin',(4.91414486046644E-13,-17.5,12.9999999999998));
#16288=CARTESIAN_POINT('',(5.00195678419463E-13,-12.3,11.7499999999998));
#16289=CARTESIAN_POINT('',(5.00195678419463E-13,-12.3,11.7499999999998));
#16290=CARTESIAN_POINT('Origin',(4.9977516032845E-13,-12.3,12.9999999999998));
#16291=CARTESIAN_POINT('Origin',(5.05740589313876E-13,-12.3,-2.16212141365566E-13));
#16292=CARTESIAN_POINT('',(7.78406808656883,-12.3,-1.84615384615406));
#16293=CARTESIAN_POINT('',(-7.78406808656781,-12.3,-1.84615384615407));
#16294=CARTESIAN_POINT('Origin',(5.05740589313876E-13,-12.3,-2.16212141365566E-13));
#16295=CARTESIAN_POINT('',(-7.78406808656782,-17.5,-1.84615384615406));
#16296=CARTESIAN_POINT('',(-7.78406808656781,-12.3,-1.84615384615407));
#16297=CARTESIAN_POINT('',(-7.78406808656782,-17.5,1.84615384615363));
#16298=CARTESIAN_POINT('Origin',(4.9737991503207E-13,-17.5,-2.1316282072803E-13));
#16299=CARTESIAN_POINT('',(-7.78406808656781,-12.3,1.84615384615363));
#16300=CARTESIAN_POINT('',(-7.78406808656781,-12.3,1.84615384615363));
#16301=CARTESIAN_POINT('',(5.01089838652758E-13,-12.3,7.99999999999978));
#16302=CARTESIAN_POINT('Origin',(5.05740589313876E-13,-12.3,-2.16212141365566E-13));
#16303=CARTESIAN_POINT('',(5.09128948539109E-13,-7.29999999999998,7.99999999999978));
#16304=CARTESIAN_POINT('',(5.01089838652758E-13,-12.3,7.99999999999978));
#16305=CARTESIAN_POINT('Origin',(5.13779699200228E-13,-7.29999999999998,
-2.1914418044012E-13));
#16306=CARTESIAN_POINT('',(7.78406808656882,-12.3,1.84615384615363));
#16307=CARTESIAN_POINT('Origin',(5.05740589313876E-13,-12.3,-2.16212141365566E-13));
#16308=CARTESIAN_POINT('',(7.78406808656881,-17.5,1.84615384615364));
#16309=CARTESIAN_POINT('',(7.78406808656882,-12.3,1.84615384615363));
#16310=CARTESIAN_POINT('',(7.78406808656882,-17.5,-1.84615384615406));
#16311=CARTESIAN_POINT('Origin',(4.9737991503207E-13,-17.5,-2.1316282072803E-13));
#16312=CARTESIAN_POINT('',(7.78406808656883,-12.3,-1.84615384615406));
#16313=CARTESIAN_POINT('Origin',(5.11706018299302E-13,-12.3,-13.0000000000002));
#16314=CARTESIAN_POINT('',(4.86504255410571,-12.3,-14.1538461538464));
#16315=CARTESIAN_POINT('',(-4.86504255410468,-12.3,-14.1538461538464));
#16316=CARTESIAN_POINT('Origin',(5.11706018299302E-13,-12.3,-13.0000000000002));
#16317=CARTESIAN_POINT('',(4.8650425541057,-17.5,-14.1538461538464));
#16318=CARTESIAN_POINT('',(4.86504255410571,-12.3,-14.1538461538464));
#16319=CARTESIAN_POINT('',(-4.86504255410469,-17.5,-14.1538461538464));
#16320=CARTESIAN_POINT('Origin',(5.03345344017496E-13,-17.5,-13.0000000000002));
#16321=CARTESIAN_POINT('',(-4.86504255410468,-12.3,-14.1538461538464));
#16322=CARTESIAN_POINT('Origin',(5.05740589313876E-13,-12.3,-2.16212141365566E-13));
#16323=CARTESIAN_POINT('',(7.78406808656883,-12.3,-1.84615384615406));
#16324=CARTESIAN_POINT('',(-7.78406808656781,-12.3,-1.84615384615407));
#16325=CARTESIAN_POINT('Origin',(4.9977516032845E-13,-12.3,12.9999999999998));
#16326=CARTESIAN_POINT('',(4.86504255410569,-17.5,14.1538461538459));
#16327=CARTESIAN_POINT('',(-4.86504255410471,-17.5,14.1538461538459));
#16328=CARTESIAN_POINT('Origin',(4.91414486046644E-13,-17.5,12.9999999999998));
#16329=CARTESIAN_POINT('',(4.8650425541057,-12.3,14.1538461538459));
#16330=CARTESIAN_POINT('',(4.8650425541057,-12.3,14.1538461538459));
#16331=CARTESIAN_POINT('',(-4.8650425541047,-12.3,14.1538461538459));
#16332=CARTESIAN_POINT('Origin',(4.9977516032845E-13,-12.3,12.9999999999998));
#16333=CARTESIAN_POINT('',(-4.8650425541047,-12.3,14.1538461538459));
#16334=CARTESIAN_POINT('Origin',(7.78406808656882,-12.3,1.84615384615363));
#16335=CARTESIAN_POINT('',(7.78406808656881,-17.5,1.84615384615364));
#16336=CARTESIAN_POINT('',(7.78406808656882,-12.3,1.84615384615363));
#16337=CARTESIAN_POINT('Origin',(7.78406808656883,-12.3,-1.84615384615406));
#16338=CARTESIAN_POINT('',(7.78406808656882,-17.5,-1.84615384615406));
#16339=CARTESIAN_POINT('Origin',(-7.78406808656781,-12.3,-1.84615384615407));
#16340=CARTESIAN_POINT('',(-7.78406808656782,-17.5,-1.84615384615406));
#16341=CARTESIAN_POINT('Origin',(-7.78406808656781,-12.3,1.84615384615363));
#16342=CARTESIAN_POINT('',(-7.78406808656782,-17.5,1.84615384615363));
#16343=CARTESIAN_POINT('',(-7.78406808656781,-12.3,1.84615384615363));
#16344=CARTESIAN_POINT('Origin',(5.05740589313876E-13,-12.3,-2.16212141365566E-13));
#16345=CARTESIAN_POINT('Origin',(4.9737991503207E-13,-17.5,-2.1316282072803E-13));
#16346=CARTESIAN_POINT('Origin',(5.13779699200228E-13,-7.29999999999998,
-2.1914418044012E-13));
#16347=CARTESIAN_POINT('Origin',(2.17313134508672E-12,24.2999999999982,
-1.84690200676875E-12));
#16348=CARTESIAN_POINT('',(2.28894694767386E-12,23.4339745962137,-5.00000000000185));
#16349=CARTESIAN_POINT('Origin',(2.17846301889654E-12,23.4339745962137,
-1.84699386070811E-12));
#16350=CARTESIAN_POINT('',(2.29466366674177E-12,24.2999999999982,-5.50000000000185));
#16351=CARTESIAN_POINT('',(2.29466366674177E-12,24.2999999999982,-5.50000000000185));
#16352=CARTESIAN_POINT('Origin',(2.17313134508672E-12,24.2999999999982,
-1.84690200676875E-12));
#16353=CARTESIAN_POINT('Origin',(2.17313134508672E-12,24.2999999999982,
-1.84690200676875E-12));
#16354=CARTESIAN_POINT('',(2.31316640963363E-12,19.4999999999982,-5.00000000000185));
#16355=CARTESIAN_POINT('Origin',(2.20268248085631E-12,19.4999999999982,
-1.84741111297626E-12));
#16356=CARTESIAN_POINT('',(2.28361527386403E-12,24.2999999999982,-5.00000000000185));
#16357=CARTESIAN_POINT('Origin',(2.46198160074663E-12,24.2999999999982,
-13.0000000000018));
#16358=CARTESIAN_POINT('',(2.52909727230051E-12,19.4999999999982,-14.7000000000018));
#16359=CARTESIAN_POINT('Origin',(2.49153273651623E-12,19.4999999999982,
-13.0000000000018));
#16360=CARTESIAN_POINT('',(2.49954613653092E-12,24.2999999999982,-14.7000000000018));
#16361=CARTESIAN_POINT('',(2.49954613653092E-12,24.2999999999982,-14.7000000000018));
#16362=CARTESIAN_POINT('Origin',(2.46198160074663E-12,24.2999999999982,
-13.0000000000018));
#16363=CARTESIAN_POINT('Origin',(1.8842810894268E-12,24.2999999999982,12.9999999999982));
#16364=CARTESIAN_POINT('',(1.95139676098068E-12,19.4999999999982,11.2999999999982));
#16365=CARTESIAN_POINT('Origin',(1.9138322251964E-12,19.4999999999982,12.9999999999982));
#16366=CARTESIAN_POINT('',(1.92184562521109E-12,24.2999999999982,11.2999999999982));
#16367=CARTESIAN_POINT('',(1.92184562521109E-12,24.2999999999982,11.2999999999982));
#16368=CARTESIAN_POINT('Origin',(1.8842810894268E-12,24.2999999999982,12.9999999999982));
#16369=CARTESIAN_POINT('Origin',(2.46198160074663E-12,24.2999999999982,
-13.0000000000018));
#16370=CARTESIAN_POINT('',(4.86504255410769,24.2999999999982,-14.1538461538479));
#16371=CARTESIAN_POINT('',(-4.86504255410271,24.2999999999982,-14.1538461538481));
#16372=CARTESIAN_POINT('Origin',(2.46198160074663E-12,24.2999999999982,
-13.0000000000018));
#16373=CARTESIAN_POINT('',(4.86504255410772,19.4999999999982,-14.1538461538479));
#16374=CARTESIAN_POINT('',(4.86504255410769,24.2999999999982,-14.1538461538479));
#16375=CARTESIAN_POINT('',(-4.86504255410268,19.4999999999982,-14.1538461538481));
#16376=CARTESIAN_POINT('Origin',(2.49153273651623E-12,19.4999999999982,
-13.0000000000018));
#16377=CARTESIAN_POINT('',(-4.86504255410271,24.2999999999982,-14.1538461538481));
#16378=CARTESIAN_POINT('Origin',(1.8842810894268E-12,24.2999999999982,12.9999999999982));
#16379=CARTESIAN_POINT('',(4.86504255410709,19.4999999999982,14.1538461538444));
#16380=CARTESIAN_POINT('',(-4.86504255410331,19.4999999999981,14.1538461538442));
#16381=CARTESIAN_POINT('Origin',(1.9138322251964E-12,19.4999999999982,12.9999999999982));
#16382=CARTESIAN_POINT('',(4.86504255410706,24.2999999999982,14.1538461538444));
#16383=CARTESIAN_POINT('',(4.86504255410706,24.2999999999982,14.1538461538444));
#16384=CARTESIAN_POINT('',(-4.86504255410334,24.2999999999981,14.1538461538442));
#16385=CARTESIAN_POINT('Origin',(1.8842810894268E-12,24.2999999999982,12.9999999999982));
#16386=CARTESIAN_POINT('',(-4.86504255410334,24.2999999999981,14.1538461538442));
#16387=CARTESIAN_POINT('Origin',(7.78406808657045,24.2999999999982,1.84615384615217));
#16388=CARTESIAN_POINT('',(7.78406808657048,19.4999999999982,1.84615384615217));
#16389=CARTESIAN_POINT('',(7.78406808657048,19.4999999999982,1.84615384615217));
#16390=CARTESIAN_POINT('',(7.78406808657045,24.2999999999982,1.84615384615217));
#16391=CARTESIAN_POINT('',(7.78406808657045,24.2999999999982,1.84615384615217));
#16392=CARTESIAN_POINT('',(7.78406808657045,24.2999999999982,1.84615384615217));
#16393=CARTESIAN_POINT('Origin',(2.17313134508672E-12,24.2999999999982,
-1.84690200676875E-12));
#16394=CARTESIAN_POINT('',(7.78406808657056,19.4999999999982,-1.84615384615552));
#16395=CARTESIAN_POINT('Origin',(2.20268248085631E-12,19.4999999999982,
-1.84741111297626E-12));
#16396=CARTESIAN_POINT('',(7.78406808657053,24.2999999999982,-1.84615384615552));
#16397=CARTESIAN_POINT('',(7.78406808657053,24.2999999999982,-1.84615384615552));
#16398=CARTESIAN_POINT('Origin',(2.17313134508672E-12,24.2999999999982,
-1.84690200676875E-12));
#16399=CARTESIAN_POINT('Origin',(7.78406808657053,24.2999999999982,-1.84615384615552));
#16400=CARTESIAN_POINT('',(7.78406808657056,19.4999999999982,-1.84615384615552));
#16401=CARTESIAN_POINT('',(7.78406808657053,24.2999999999982,-1.84615384615552));
#16402=CARTESIAN_POINT('Origin',(-7.7840680865661,24.2999999999981,-1.84615384615587));
#16403=CARTESIAN_POINT('',(-7.78406808656607,19.4999999999981,-1.84615384615587));
#16404=CARTESIAN_POINT('',(-7.78406808656607,19.4999999999981,-1.84615384615587));
#16405=CARTESIAN_POINT('',(-7.7840680865661,24.2999999999981,-1.84615384615587));
#16406=CARTESIAN_POINT('',(-7.7840680865661,24.2999999999981,-1.84615384615587));
#16407=CARTESIAN_POINT('',(-7.7840680865661,24.2999999999981,-1.84615384615587));
#16408=CARTESIAN_POINT('Origin',(2.17313134508672E-12,24.2999999999982,
-1.84690200676875E-12));
#16409=CARTESIAN_POINT('',(-7.78406808656616,19.4999999999981,1.84615384615183));
#16410=CARTESIAN_POINT('Origin',(2.20268248085631E-12,19.4999999999982,
-1.84741111297626E-12));
#16411=CARTESIAN_POINT('',(-7.78406808656619,24.2999999999981,1.84615384615183));
#16412=CARTESIAN_POINT('',(-7.78406808656619,24.2999999999981,1.84615384615183));
#16413=CARTESIAN_POINT('Origin',(2.17313134508672E-12,24.2999999999982,
-1.84690200676875E-12));
#16414=CARTESIAN_POINT('Origin',(-7.78406808656619,24.2999999999981,1.84615384615183));
#16415=CARTESIAN_POINT('',(-7.78406808656616,19.4999999999981,1.84615384615183));
#16416=CARTESIAN_POINT('',(-7.78406808656619,24.2999999999981,1.84615384615183));
#16417=CARTESIAN_POINT('Origin',(2.17313134508672E-12,24.2999999999982,
-1.84690200676875E-12));
#16418=CARTESIAN_POINT('Origin',(2.20268248085631E-12,19.4999999999982,
-1.84741111297626E-12));
#16419=CARTESIAN_POINT('Origin',(2.16548053245971E-13,7.30000000000001,
-1.26614036396071E-13));
#16420=CARTESIAN_POINT('',(1.29434242754141E-14,8.16602540378444,-5.00000000000013));
#16421=CARTESIAN_POINT('Origin',(2.16260631936338E-13,8.16602540378445,
-1.27929589330763E-13));
#16422=CARTESIAN_POINT('',(-7.10087518104568E-15,7.30000000000001,-5.50000000000013));
#16423=CARTESIAN_POINT('',(-7.10087518104567E-15,7.30000000000001,-5.50000000000013));
#16424=CARTESIAN_POINT('Origin',(2.16548053245971E-13,7.30000000000001,
-1.26614036396071E-13));
#16425=CARTESIAN_POINT('Origin',(2.16548053245971E-13,7.30000000000001,
-1.26614036396071E-13));
#16426=CARTESIAN_POINT('',(9.84561306710636E-15,17.5,-5.00000000000014));
#16427=CARTESIAN_POINT('Origin',(2.1316282072803E-13,17.5,-1.4210854715202E-13));
#16428=CARTESIAN_POINT('',(1.32308455850468E-14,7.30000000000001,-5.00000000000013));
#16429=CARTESIAN_POINT('Origin',(-3.15328155216196E-13,12.3,-13.0000000000001));
#16430=CARTESIAN_POINT('',(-3.67883261944494E-13,17.5,-14.2500000000001));
#16431=CARTESIAN_POINT('Origin',(-3.17053960029263E-13,17.5,-13.0000000000001));
#16432=CARTESIAN_POINT('',(-3.66157457131426E-13,12.3,-14.2500000000001));
#16433=CARTESIAN_POINT('',(-3.66157457131426E-13,12.3,-14.2500000000001));
#16434=CARTESIAN_POINT('Origin',(-3.15328155216196E-13,12.3,-13.0000000000001));
#16435=CARTESIAN_POINT('Origin',(7.45105406298391E-13,12.3,12.9999999999999));
#16436=CARTESIAN_POINT('',(6.92550299570093E-13,17.5,11.7499999999999));
#16437=CARTESIAN_POINT('Origin',(7.43379601485323E-13,17.5,12.9999999999999));
#16438=CARTESIAN_POINT('',(6.9427610438316E-13,12.3,11.7499999999999));
#16439=CARTESIAN_POINT('',(6.9427610438316E-13,12.3,11.7499999999999));
#16440=CARTESIAN_POINT('Origin',(7.45105406298391E-13,12.3,12.9999999999999));
#16441=CARTESIAN_POINT('Origin',(2.14888625541098E-13,12.3,-1.3420938480585E-13));
#16442=CARTESIAN_POINT('',(-7.78406808656818,12.3,-1.84615384615366));
#16443=CARTESIAN_POINT('',(7.78406808656846,12.3,-1.8461538461543));
#16444=CARTESIAN_POINT('Origin',(2.14888625541098E-13,12.3,-1.3420938480585E-13));
#16445=CARTESIAN_POINT('',(7.78406808656846,17.5,-1.84615384615431));
#16446=CARTESIAN_POINT('',(7.78406808656846,12.3,-1.8461538461543));
#16447=CARTESIAN_POINT('',(7.78406808656861,17.5,1.84615384615339));
#16448=CARTESIAN_POINT('Origin',(2.1316282072803E-13,17.5,-1.4210854715202E-13));
#16449=CARTESIAN_POINT('',(7.78406808656861,12.3,1.84615384615339));
#16450=CARTESIAN_POINT('',(7.78406808656861,12.3,1.84615384615339));
#16451=CARTESIAN_POINT('',(5.42155592677212E-13,12.3,7.99999999999987));
#16452=CARTESIAN_POINT('Origin',(2.14888625541098E-13,12.3,-1.3420938480585E-13));
#16453=CARTESIAN_POINT('',(5.43815020382084E-13,7.30000000000003,7.99999999999987));
#16454=CARTESIAN_POINT('',(5.42155592677212E-13,12.3,7.99999999999987));
#16455=CARTESIAN_POINT('Origin',(2.16548053245971E-13,7.30000000000001,
-1.26614036396071E-13));
#16456=CARTESIAN_POINT('',(-7.78406808656803,12.3,1.84615384615403));
#16457=CARTESIAN_POINT('Origin',(2.14888625541098E-13,12.3,-1.3420938480585E-13));
#16458=CARTESIAN_POINT('',(-7.78406808656803,17.5,1.84615384615402));
#16459=CARTESIAN_POINT('',(-7.78406808656803,12.3,1.84615384615403));
#16460=CARTESIAN_POINT('',(-7.78406808656818,17.5,-1.84615384615367));
#16461=CARTESIAN_POINT('Origin',(2.1316282072803E-13,17.5,-1.4210854715202E-13));
#16462=CARTESIAN_POINT('',(-7.78406808656818,12.3,-1.84615384615366));
#16463=CARTESIAN_POINT('Origin',(-3.15328155216196E-13,12.3,-13.0000000000001));
#16464=CARTESIAN_POINT('',(-4.86504255410556,12.3,-14.1538461538461));
#16465=CARTESIAN_POINT('',(4.86504255410483,12.3,-14.1538461538465));
#16466=CARTESIAN_POINT('Origin',(-3.15328155216196E-13,12.3,-13.0000000000001));
#16467=CARTESIAN_POINT('',(-4.86504255410556,17.5,-14.1538461538461));
#16468=CARTESIAN_POINT('',(-4.86504255410556,12.3,-14.1538461538461));
#16469=CARTESIAN_POINT('',(4.86504255410483,17.5,-14.1538461538465));
#16470=CARTESIAN_POINT('Origin',(-3.17053960029263E-13,17.5,-13.0000000000001));
#16471=CARTESIAN_POINT('',(4.86504255410483,12.3,-14.1538461538465));
#16472=CARTESIAN_POINT('Origin',(2.14888625541098E-13,12.3,-1.3420938480585E-13));
#16473=CARTESIAN_POINT('',(-7.78406808656818,12.3,-1.84615384615366));
#16474=CARTESIAN_POINT('',(7.78406808656846,12.3,-1.8461538461543));
#16475=CARTESIAN_POINT('Origin',(7.45105406298391E-13,12.3,12.9999999999999));
#16476=CARTESIAN_POINT('',(-4.86504255410441,17.5,14.1538461538462));
#16477=CARTESIAN_POINT('',(4.86504255410599,17.5,14.1538461538458));
#16478=CARTESIAN_POINT('Origin',(7.43379601485323E-13,17.5,12.9999999999999));
#16479=CARTESIAN_POINT('',(-4.86504255410441,12.3,14.1538461538462));
#16480=CARTESIAN_POINT('',(-4.86504255410441,12.3,14.1538461538462));
#16481=CARTESIAN_POINT('',(4.86504255410599,12.3,14.1538461538458));
#16482=CARTESIAN_POINT('Origin',(7.45105406298391E-13,12.3,12.9999999999999));
#16483=CARTESIAN_POINT('',(4.86504255410599,12.3,14.1538461538458));
#16484=CARTESIAN_POINT('Origin',(-7.78406808656803,12.3,1.84615384615403));
#16485=CARTESIAN_POINT('',(-7.78406808656803,17.5,1.84615384615402));
#16486=CARTESIAN_POINT('',(-7.78406808656803,12.3,1.84615384615403));
#16487=CARTESIAN_POINT('Origin',(-7.78406808656818,12.3,-1.84615384615366));
#16488=CARTESIAN_POINT('',(-7.78406808656818,17.5,-1.84615384615367));
#16489=CARTESIAN_POINT('Origin',(7.78406808656846,12.3,-1.8461538461543));
#16490=CARTESIAN_POINT('',(7.78406808656846,17.5,-1.84615384615431));
#16491=CARTESIAN_POINT('Origin',(7.78406808656861,12.3,1.8461538461534));
#16492=CARTESIAN_POINT('',(7.78406808656861,17.5,1.84615384615339));
#16493=CARTESIAN_POINT('',(7.78406808656861,12.3,1.8461538461534));
#16494=CARTESIAN_POINT('Origin',(2.14888625541098E-13,12.3,-1.3420938480585E-13));
#16495=CARTESIAN_POINT('Origin',(2.1316282072803E-13,17.5,-1.4210854715202E-13));
#16496=CARTESIAN_POINT('Origin',(2.16548053245971E-13,7.30000000000001,
-1.26614036396071E-13));
#16497=CARTESIAN_POINT('Origin',(-4.11187002279327E-12,-24.300000000001,
4.11840038821213E-12));
#16498=CARTESIAN_POINT('',(-4.29576691988823E-12,-23.4339745962166,-4.99999999999588));
#16499=CARTESIAN_POINT('Origin',(-4.11354394969519E-12,-23.4339745962166,
4.1188960937914E-12));
#16500=CARTESIAN_POINT('',(-4.31231529000562E-12,-24.300000000001,-5.49999999999588));
#16501=CARTESIAN_POINT('',(-4.31231529000562E-12,-24.300000000001,-5.49999999999588));
#16502=CARTESIAN_POINT('Origin',(-4.11187002279327E-12,-24.300000000001,
4.11840038821213E-12));
#16503=CARTESIAN_POINT('Origin',(-4.11187002279327E-12,-24.300000000001,
4.11840038821213E-12));
#16504=CARTESIAN_POINT('',(-4.30337083760163E-12,-19.500000000001,-4.99999999999588));
#16505=CARTESIAN_POINT('Origin',(-4.12114786740858E-12,-19.500000000001,
4.12114786740858E-12));
#16506=CARTESIAN_POINT('',(-4.29409299298631E-12,-24.300000000001,-4.99999999999588));
#16507=CARTESIAN_POINT('Origin',(-4.58724178613408E-12,-24.300000000001,
-12.9999999999959));
#16508=CARTESIAN_POINT('',(-4.65847544061503E-12,-19.500000000001,-14.6999999999959));
#16509=CARTESIAN_POINT('Origin',(-4.59651963074939E-12,-19.500000000001,
-12.9999999999959));
#16510=CARTESIAN_POINT('',(-4.64919759599971E-12,-24.300000000001,-14.6999999999959));
#16511=CARTESIAN_POINT('',(-4.64919759599971E-12,-24.300000000001,-14.6999999999959));
#16512=CARTESIAN_POINT('Origin',(-4.58724178613408E-12,-24.300000000001,
-12.9999999999959));
#16513=CARTESIAN_POINT('Origin',(-3.63649825945245E-12,-24.300000000001,
13.0000000000041));
#16514=CARTESIAN_POINT('',(-3.70773191393341E-12,-19.500000000001,11.3000000000041));
#16515=CARTESIAN_POINT('Origin',(-3.64577610406777E-12,-19.500000000001,
13.0000000000041));
#16516=CARTESIAN_POINT('',(-3.69845406931809E-12,-24.300000000001,11.3000000000041));
#16517=CARTESIAN_POINT('',(-3.69845406931809E-12,-24.300000000001,11.3000000000041));
#16518=CARTESIAN_POINT('Origin',(-3.63649825945245E-12,-24.300000000001,
13.0000000000041));
#16519=CARTESIAN_POINT('Origin',(-4.58724178613408E-12,-24.300000000001,
-12.9999999999959));
#16520=CARTESIAN_POINT('',(-4.86504255410983,-24.300000000001,-14.1538461538419));
#16521=CARTESIAN_POINT('',(4.86504255410057,-24.300000000001,-14.1538461538422));
#16522=CARTESIAN_POINT('Origin',(-4.58724178613408E-12,-24.300000000001,
-12.9999999999959));
#16523=CARTESIAN_POINT('',(-4.86504255410984,-19.500000000001,-14.1538461538419));
#16524=CARTESIAN_POINT('',(-4.86504255410983,-24.300000000001,-14.1538461538419));
#16525=CARTESIAN_POINT('',(4.86504255410056,-19.500000000001,-14.1538461538422));
#16526=CARTESIAN_POINT('Origin',(-4.59651963074939E-12,-19.500000000001,
-12.9999999999959));
#16527=CARTESIAN_POINT('',(4.86504255410057,-24.300000000001,-14.1538461538422));
#16528=CARTESIAN_POINT('Origin',(-3.63649825945245E-12,-24.300000000001,
13.0000000000041));
#16529=CARTESIAN_POINT('',(-4.8650425541088,-19.500000000001,14.1538461538505));
#16530=CARTESIAN_POINT('',(4.86504255410159,-19.500000000001,14.1538461538501));
#16531=CARTESIAN_POINT('Origin',(-3.64577610406777E-12,-19.500000000001,
13.0000000000041));
#16532=CARTESIAN_POINT('',(-4.86504255410879,-24.300000000001,14.1538461538505));
#16533=CARTESIAN_POINT('',(-4.86504255410879,-24.300000000001,14.1538461538505));
#16534=CARTESIAN_POINT('',(4.8650425541016,-24.300000000001,14.1538461538501));
#16535=CARTESIAN_POINT('Origin',(-3.63649825945245E-12,-24.300000000001,
13.0000000000041));
#16536=CARTESIAN_POINT('',(4.8650425541016,-24.300000000001,14.1538461538501));
#16537=CARTESIAN_POINT('Origin',(-7.78406808657236,-24.300000000001,1.84615384615825));
#16538=CARTESIAN_POINT('',(-7.78406808657237,-19.500000000001,1.84615384615825));
#16539=CARTESIAN_POINT('',(-7.78406808657237,-19.500000000001,1.84615384615825));
#16540=CARTESIAN_POINT('',(-7.78406808657236,-24.300000000001,1.84615384615825));
#16541=CARTESIAN_POINT('',(-7.78406808657236,-24.300000000001,1.84615384615825));
#16542=CARTESIAN_POINT('',(-7.78406808657236,-24.300000000001,1.84615384615825));
#16543=CARTESIAN_POINT('Origin',(-4.11187002279327E-12,-24.300000000001,
4.11840038821213E-12));
#16544=CARTESIAN_POINT('',(-7.78406808657251,-19.500000000001,-1.84615384614944));
#16545=CARTESIAN_POINT('Origin',(-4.12114786740858E-12,-19.500000000001,
4.12114786740858E-12));
#16546=CARTESIAN_POINT('',(-7.7840680865725,-24.300000000001,-1.84615384614944));
#16547=CARTESIAN_POINT('',(-7.7840680865725,-24.300000000001,-1.84615384614944));
#16548=CARTESIAN_POINT('Origin',(-4.11187002279327E-12,-24.300000000001,
4.11840038821213E-12));
#16549=CARTESIAN_POINT('Origin',(-7.7840680865725,-24.300000000001,-1.84615384614944));
#16550=CARTESIAN_POINT('',(-7.78406808657251,-19.500000000001,-1.84615384614944));
#16551=CARTESIAN_POINT('',(-7.7840680865725,-24.300000000001,-1.84615384614944));
#16552=CARTESIAN_POINT('Origin',(7.78406808656414,-24.300000000001,-1.84615384615001));
#16553=CARTESIAN_POINT('',(7.78406808656413,-19.500000000001,-1.84615384615001));
#16554=CARTESIAN_POINT('',(7.78406808656413,-19.500000000001,-1.84615384615001));
#16555=CARTESIAN_POINT('',(7.78406808656414,-24.300000000001,-1.84615384615001));
#16556=CARTESIAN_POINT('',(7.78406808656414,-24.300000000001,-1.84615384615001));
#16557=CARTESIAN_POINT('',(7.78406808656414,-24.300000000001,-1.84615384615001));
#16558=CARTESIAN_POINT('Origin',(-4.11187002279327E-12,-24.300000000001,
4.11840038821213E-12));
#16559=CARTESIAN_POINT('',(7.78406808656427,-19.500000000001,1.84615384615768));
#16560=CARTESIAN_POINT('Origin',(-4.12114786740858E-12,-19.500000000001,
4.12114786740858E-12));
#16561=CARTESIAN_POINT('',(7.78406808656427,-24.300000000001,1.84615384615768));
#16562=CARTESIAN_POINT('',(7.78406808656427,-24.300000000001,1.84615384615768));
#16563=CARTESIAN_POINT('Origin',(-4.11187002279327E-12,-24.300000000001,
4.11840038821213E-12));
#16564=CARTESIAN_POINT('Origin',(7.78406808656427,-24.300000000001,1.84615384615768));
#16565=CARTESIAN_POINT('',(7.78406808656427,-19.500000000001,1.84615384615768));
#16566=CARTESIAN_POINT('',(7.78406808656427,-24.300000000001,1.84615384615768));
#16567=CARTESIAN_POINT('Origin',(-4.11187002279327E-12,-24.300000000001,
4.11840038821213E-12));
#16568=CARTESIAN_POINT('Origin',(-4.12114786740858E-12,-19.500000000001,
4.12114786740858E-12));
#16569=CARTESIAN_POINT('Origin',(-3.97906070337764E-12,-25.290000000001,
4.33431413674028E-12));
#16570=CARTESIAN_POINT('',(-5.3171620520711,-25.290000000001,5.28940334178659));
#16571=CARTESIAN_POINT('Origin',(-3.97906070337764E-12,-25.290000000001,
4.33431413674028E-12));
#16572=CARTESIAN_POINT('',(-5.31385614089167,-25.3000000000012,5.28611468940607));
#16573=CARTESIAN_POINT('',(-5.3171620520711,-25.290000000001,5.28940334178659));
#16574=CARTESIAN_POINT('Origin',(-3.97903932025656E-12,-25.300000000001,
4.33431068813661E-12));
#16575=CARTESIAN_POINT('Origin',(-3.97906070337764E-12,-25.290000000001,
4.33431413674028E-12));
#16576=CARTESIAN_POINT('',(-2.83581976110645,-25.290000000001,2.82101511562154));
#16577=CARTESIAN_POINT('Origin',(-3.97906070337764E-12,-25.290000000001,
4.33431413674028E-12));
#16578=CARTESIAN_POINT('',(-2.83912567228588,-25.3000000000012,2.82430376800206));
#16579=CARTESIAN_POINT('',(-2.83581976110645,-25.290000000001,2.82101511562154));
#16580=CARTESIAN_POINT('Origin',(-3.97903932025656E-12,-25.300000000001,
4.33431068813661E-12));
#16581=CARTESIAN_POINT('Origin',(-3.97903932025656E-12,-25.300000000001,
4.33431068813661E-12));
#16582=CARTESIAN_POINT('',(-5.31716205207111,-24.300000000001,5.28940334178659));
#16583=CARTESIAN_POINT('',(-5.31716205207111,-25.300000000001,5.28940334178659));
#16584=CARTESIAN_POINT('Origin',(-3.98117763236404E-12,-24.300000000001,
4.33465554850356E-12));
#16585=CARTESIAN_POINT('Origin',(-3.97903932025656E-12,-25.300000000001,
4.33431068813661E-12));
#16586=CARTESIAN_POINT('',(-2.83581976110646,-20.310000000001,2.82101511562154));
#16587=CARTESIAN_POINT('Origin',(-3.98970949767288E-12,-20.310000000001,
4.33603154136767E-12));
#16588=CARTESIAN_POINT('',(-2.83581976110645,-25.300000000001,2.82101511562154));
#16589=CARTESIAN_POINT('Origin',(-3.98970949767288E-12,-20.310000000001,
4.33603154136767E-12));
#16590=CARTESIAN_POINT('',(-2.83912567228589,-20.3000000000008,2.82430376800206));
#16591=CARTESIAN_POINT('',(-2.83581976110646,-20.310000000001,2.82101511562154));
#16592=CARTESIAN_POINT('Origin',(-3.98973088079396E-12,-20.300000000001,
4.33603498997134E-12));
#16593=CARTESIAN_POINT('Origin',(-3.9817119965597E-12,-24.050100000001,
4.33474172910926E-12));
#16594=CARTESIAN_POINT('',(-3.54477470138207,-24.050100000001,3.52626889452584));
#16595=CARTESIAN_POINT('Origin',(-3.9817119965597E-12,-24.050100000001,
4.33474172910926E-12));
#16596=CARTESIAN_POINT('',(-3.72194254095694,-24.300000000001,3.70251181387402));
#16597=CARTESIAN_POINT('Origin',(-3.72194254095694,-24.050100000001,3.70251181387402));
#16598=CARTESIAN_POINT('Origin',(-3.98117763236404E-12,-24.300000000001,
4.33465554850356E-12));
#16599=CARTESIAN_POINT('Origin',(-3.97903932025656E-12,-25.300000000001,
4.33431068813661E-12));
#16600=CARTESIAN_POINT('',(-3.54477470138207,-20.800000000001,3.52626889452584));
#16601=CARTESIAN_POINT('',(-3.54477470138206,-25.300000000001,3.52626889452584));
#16602=CARTESIAN_POINT('Origin',(-3.98866172474022E-12,-20.800000000001,
4.33586255978787E-12));
#16603=CARTESIAN_POINT('Origin',(-3.98866172474022E-12,-20.800000000001,
4.33586255978787E-12));
#16604=CARTESIAN_POINT('',(-3.34011703857643,-20.3000000000008,3.32267966497721));
#16605=CARTESIAN_POINT('',(-3.54477470138207,-20.800000000001,3.52626889452584));
#16606=CARTESIAN_POINT('Origin',(-3.98973088079396E-12,-20.300000000001,
4.33603498997134E-12));
#16607=CARTESIAN_POINT('Origin',(-3.98973088079396E-12,-20.300000000001,
4.33603498997134E-12));
#16608=CARTESIAN_POINT('Origin',(-3.98117763236404E-12,-24.300000000001,
4.33465554850356E-12));
#16609=CARTESIAN_POINT('Origin',(-3.97903932025656E-12,-25.300000000001,
4.33431068813661E-12));
#16610=CARTESIAN_POINT('Origin',(1.42107160200931E-13,6.31000000000006,
-1.4210915947542E-13));
#16611=CARTESIAN_POINT('',(-2.76984401057316,6.31000000000006,-6.96978939115761));
#16612=CARTESIAN_POINT('Origin',(1.42107160200931E-13,6.31000000000006,
-1.4210915947542E-13));
#16613=CARTESIAN_POINT('',(-2.7681218779411,6.29999999999989,-6.9654559695991));
#16614=CARTESIAN_POINT('',(-2.76984401057316,6.31000000000006,-6.96978939115761));
#16615=CARTESIAN_POINT('Origin',(1.4210854715202E-13,6.30000000000006,-1.4210854715202E-13));
#16616=CARTESIAN_POINT('Origin',(1.42107160200931E-13,6.31000000000006,
-1.4210915947542E-13));
#16617=CARTESIAN_POINT('',(-1.47725013897228,6.31000000000006,-3.71722100861746));
#16618=CARTESIAN_POINT('Origin',(1.42107160200931E-13,6.31000000000006,
-1.4210915947542E-13));
#16619=CARTESIAN_POINT('',(-1.47897227160435,6.29999999999989,-3.72155443017597));
#16620=CARTESIAN_POINT('',(-1.47725013897228,6.31000000000006,-3.71722100861746));
#16621=CARTESIAN_POINT('Origin',(1.4210854715202E-13,6.30000000000006,-1.4210854715202E-13));
#16622=CARTESIAN_POINT('Origin',(1.4210854715202E-13,6.30000000000006,-1.4210854715202E-13));
#16623=CARTESIAN_POINT('',(-2.76984401057316,7.30000000000006,-6.96978939115761));
#16624=CARTESIAN_POINT('',(-2.76984401057316,6.30000000000006,-6.96978939115761));
#16625=CARTESIAN_POINT('Origin',(1.41969852043078E-13,7.30000000000006,
-1.42169779491977E-13));
#16626=CARTESIAN_POINT('Origin',(1.4210854715202E-13,6.30000000000006,-1.4210854715202E-13));
#16627=CARTESIAN_POINT('',(-1.47725013897229,11.2900000000001,-3.71722100861746));
#16628=CARTESIAN_POINT('Origin',(1.41416458558401E-13,11.2900000000001,
-1.42414096528407E-13));
#16629=CARTESIAN_POINT('',(-1.47725013897228,6.30000000000006,-3.71722100861746));
#16630=CARTESIAN_POINT('Origin',(1.41416458558401E-13,11.2900000000001,
-1.42414096528407E-13));
#16631=CARTESIAN_POINT('',(-1.47897227160435,11.3000000000002,-3.72155443017597));
#16632=CARTESIAN_POINT('',(-1.47725013897229,11.2900000000001,-3.71722100861746));
#16633=CARTESIAN_POINT('Origin',(1.41415071607312E-13,11.3000000000001,
-1.42414708851807E-13));
#16634=CARTESIAN_POINT('Origin',(1.41935192135354E-13,7.54990000000006,
-1.42185081453733E-13));
#16635=CARTESIAN_POINT('',(-1.84656267371539,7.54990000000006,-4.64652626077179));
#16636=CARTESIAN_POINT('Origin',(1.41935192135354E-13,7.54990000000006,
-1.42185081453733E-13));
#16637=CARTESIAN_POINT('',(-1.93885387614769,7.30000000000006,-4.87875964328516));
#16638=CARTESIAN_POINT('Origin',(-1.93885387614769,7.54990000000006,-4.87875964328516));
#16639=CARTESIAN_POINT('Origin',(1.41969852043078E-13,7.30000000000006,
-1.42169779491977E-13));
#16640=CARTESIAN_POINT('Origin',(1.4210854715202E-13,6.30000000000006,-1.4210854715202E-13));
#16641=CARTESIAN_POINT('',(-1.84656267371539,10.8000000000001,-4.64652626077179));
#16642=CARTESIAN_POINT('',(-1.84656267371539,6.30000000000006,-4.64652626077179));
#16643=CARTESIAN_POINT('Origin',(1.41484419161782E-13,10.8000000000001,
-1.42384092681828E-13));
#16644=CARTESIAN_POINT('Origin',(1.41484419161782E-13,10.8000000000001,
-1.42384092681828E-13));
#16645=CARTESIAN_POINT('',(-1.73995132804091,11.3000000000002,-4.37825894202657));
#16646=CARTESIAN_POINT('',(-1.84656267371539,10.8000000000001,-4.64652626077179));
#16647=CARTESIAN_POINT('Origin',(1.41415071607312E-13,11.3000000000001,
-1.42414708851807E-13));
#16648=CARTESIAN_POINT('Origin',(1.41415071607312E-13,11.3000000000001,
-1.42414708851807E-13));
#16649=CARTESIAN_POINT('Origin',(1.41969852043078E-13,7.30000000000006,
-1.42169779491977E-13));
#16650=CARTESIAN_POINT('Origin',(1.4210854715202E-13,6.30000000000006,-1.4210854715202E-13));
#16651=CARTESIAN_POINT('Origin',(2.27380293971979E-12,25.2899999999982,
-1.56320153906064E-12));
#16652=CARTESIAN_POINT('',(5.2220263109716,25.2899999999983,-5.38334851254876));
#16653=CARTESIAN_POINT('Origin',(2.27380293971979E-12,25.2899999999982,
-1.56320153906064E-12));
#16654=CARTESIAN_POINT('',(5.21877954982502,25.2999999999984,-5.38000145036481));
#16655=CARTESIAN_POINT('',(5.2220263109716,25.2899999999983,-5.38334851254876));
#16656=CARTESIAN_POINT('Origin',(2.27373675443232E-12,25.2999999999982,
-1.56319401867222E-12));
#16657=CARTESIAN_POINT('Origin',(2.27380293971979E-12,25.2899999999982,
-1.56320153906064E-12));
#16658=CARTESIAN_POINT('',(2.78508069918591,25.2899999999982,-2.8711192066934));
#16659=CARTESIAN_POINT('Origin',(2.27380293971979E-12,25.2899999999982,
-1.56320153906064E-12));
#16660=CARTESIAN_POINT('',(2.78832746033249,25.2999999999984,-2.87446626887735));
#16661=CARTESIAN_POINT('',(2.78508069918591,25.2899999999982,-2.8711192066934));
#16662=CARTESIAN_POINT('Origin',(2.27373675443232E-12,25.2999999999982,
-1.56319401867222E-12));
#16663=CARTESIAN_POINT('Origin',(2.27373675443232E-12,25.2999999999982,
-1.56319401867222E-12));
#16664=CARTESIAN_POINT('',(5.2220263109716,24.2999999999983,-5.38334851254876));
#16665=CARTESIAN_POINT('',(5.2220263109716,25.2999999999983,-5.38334851254876));
#16666=CARTESIAN_POINT('Origin',(2.28035528317909E-12,24.2999999999982,
-1.56394605751454E-12));
#16667=CARTESIAN_POINT('Origin',(2.27373675443232E-12,25.2999999999982,
-1.56319401867222E-12));
#16668=CARTESIAN_POINT('',(2.78508069918595,20.3099999999982,-2.87111920669341));
#16669=CARTESIAN_POINT('Origin',(2.30676321287868E-12,20.3099999999982,
-1.56694669249538E-12));
#16670=CARTESIAN_POINT('',(2.78508069918591,25.2999999999982,-2.8711192066934));
#16671=CARTESIAN_POINT('Origin',(2.30676321287868E-12,20.3099999999982,
-1.56694669249538E-12));
#16672=CARTESIAN_POINT('',(2.78832746033253,20.2999999999981,-2.87446626887736));
#16673=CARTESIAN_POINT('',(2.78508069918595,20.3099999999982,-2.8711192066934));
#16674=CARTESIAN_POINT('Origin',(2.30682939816614E-12,20.2999999999982,
-1.56695421288381E-12));
#16675=CARTESIAN_POINT('Origin',(2.2820092535129E-12,24.0500999999982,-1.56413399202123E-12));
#16676=CARTESIAN_POINT('',(3.48135087398183,24.0500999999982,-3.58889900836636));
#16677=CARTESIAN_POINT('Origin',(2.2820092535129E-12,24.0500999999982,-1.56413399202123E-12));
#16678=CARTESIAN_POINT('',(3.65534879066333,24.2999999999982,-3.76827218080444));
#16679=CARTESIAN_POINT('Origin',(3.65534879066333,24.0500999999982,-3.76827218080444));
#16680=CARTESIAN_POINT('Origin',(2.28035528317909E-12,24.2999999999982,
-1.56394605751454E-12));
#16681=CARTESIAN_POINT('Origin',(2.27373675443232E-12,25.2999999999982,
-1.56319401867222E-12));
#16682=CARTESIAN_POINT('',(3.48135087398185,20.7999999999982,-3.58889900836636));
#16683=CARTESIAN_POINT('',(3.48135087398182,25.2999999999982,-3.58889900836636));
#16684=CARTESIAN_POINT('Origin',(2.30352013379276E-12,20.7999999999982,
-1.56657819346265E-12));
#16685=CARTESIAN_POINT('Origin',(2.30352013379276E-12,20.7999999999982,
-1.56657819346265E-12));
#16686=CARTESIAN_POINT('',(3.28035498755836,20.2999999999981,-3.38169382750906));
#16687=CARTESIAN_POINT('',(3.48135087398185,20.7999999999982,-3.58889900836636));
#16688=CARTESIAN_POINT('Origin',(2.30682939816614E-12,20.2999999999982,
-1.56695421288381E-12));
#16689=CARTESIAN_POINT('Origin',(2.30682939816614E-12,20.2999999999982,
-1.56695421288381E-12));
#16690=CARTESIAN_POINT('Origin',(2.28035528317909E-12,24.2999999999982,
-1.56394605751454E-12));
#16691=CARTESIAN_POINT('Origin',(2.27373675443232E-12,25.2999999999982,
-1.56319401867222E-12));
#16692=CARTESIAN_POINT('Origin',(7.10532716620157E-13,-6.30999999999999,
7.10528167896456E-14));
#16693=CARTESIAN_POINT('',(5.22835344002013,-6.31,5.37720376275977));
#16694=CARTESIAN_POINT('Origin',(7.10532716620157E-13,-6.30999999999999,
7.10528167896456E-14));
#16695=CARTESIAN_POINT('',(5.22510274502191,-6.29999999999982,5.37386052103433));
#16696=CARTESIAN_POINT('',(5.22835344002013,-6.31,5.37720376275977));
#16697=CARTESIAN_POINT('Origin',(7.105427357601E-13,-6.29999999999999,7.105427357601E-14));
#16698=CARTESIAN_POINT('Origin',(7.10532716620157E-13,-6.30999999999999,
7.10528167896456E-14));
#16699=CARTESIAN_POINT('',(2.78845516801107,-6.30999999999999,2.86784200680524));
#16700=CARTESIAN_POINT('Origin',(7.10532716620157E-13,-6.30999999999999,
7.10528167896456E-14));
#16701=CARTESIAN_POINT('',(2.79170586300929,-6.29999999999982,2.87118524853069));
#16702=CARTESIAN_POINT('',(2.78845516801107,-6.30999999999999,2.86784200680524));
#16703=CARTESIAN_POINT('Origin',(7.105427357601E-13,-6.29999999999999,7.105427357601E-14));
#16704=CARTESIAN_POINT('Origin',(7.105427357601E-13,-6.29999999999999,7.105427357601E-14));
#16705=CARTESIAN_POINT('',(5.22835344002013,-7.3,5.37720376275977));
#16706=CARTESIAN_POINT('',(5.22835344002013,-6.3,5.37720376275977));
#16707=CARTESIAN_POINT('Origin',(7.09540821765767E-13,-7.29999999999999,
7.09085949395731E-14));
#16708=CARTESIAN_POINT('Origin',(7.105427357601E-13,-6.29999999999999,7.105427357601E-14));
#16709=CARTESIAN_POINT('',(2.78845516801107,-11.29,2.86784200680524));
#16710=CARTESIAN_POINT('Origin',(7.05543184928376E-13,-11.29,7.03273371801896E-14));
#16711=CARTESIAN_POINT('',(2.78845516801107,-6.29999999999999,2.86784200680524));
#16712=CARTESIAN_POINT('Origin',(7.05543184928376E-13,-11.29,7.03273371801896E-14));
#16713=CARTESIAN_POINT('',(2.79170586300929,-11.3000000000002,2.87118524853069));
#16714=CARTESIAN_POINT('',(2.78845516801106,-11.29,2.86784200680525));
#16715=CARTESIAN_POINT('Origin',(7.05533165788433E-13,-11.3,7.03258803938252E-14));
#16716=CARTESIAN_POINT('Origin',(7.09290443458583E-13,-7.54989999999999,
7.08721898483275E-14));
#16717=CARTESIAN_POINT('',(3.48556896001366,-7.54989999999999,3.58480250850654));
#16718=CARTESIAN_POINT('Origin',(7.09290443458583E-13,-7.54989999999999,
7.08721898483275E-14));
#16719=CARTESIAN_POINT('',(3.65977769663511,-7.29999999999999,3.76397093788169));
#16720=CARTESIAN_POINT('Origin',(3.65977769663511,-7.54989999999999,3.76397093788169));
#16721=CARTESIAN_POINT('Origin',(7.09540821765767E-13,-7.29999999999999,
7.09085949395731E-14));
#16722=CARTESIAN_POINT('Origin',(7.105427357601E-13,-6.29999999999999,7.105427357601E-14));
#16723=CARTESIAN_POINT('',(3.48556896001366,-10.8,3.58480250850654));
#16724=CARTESIAN_POINT('',(3.48556896001366,-6.29999999999999,3.58480250850654));
#16725=CARTESIAN_POINT('Origin',(7.060341227856E-13,-10.8,7.03987197120437E-14));
#16726=CARTESIAN_POINT('Origin',(7.060341227856E-13,-10.8,7.03987197120437E-14));
#16727=CARTESIAN_POINT('',(3.28432954227948,-11.3000000000002,3.37783383917883));
#16728=CARTESIAN_POINT('',(3.48556896001366,-10.8,3.58480250850654));
#16729=CARTESIAN_POINT('Origin',(7.05533165788433E-13,-11.3,7.03258803938252E-14));
#16730=CARTESIAN_POINT('Origin',(7.05533165788433E-13,-11.3,7.03258803938252E-14));
#16731=CARTESIAN_POINT('Origin',(7.09540821765767E-13,-7.29999999999999,
7.09085949395731E-14));
#16732=CARTESIAN_POINT('Origin',(7.105427357601E-13,-6.29999999999999,7.105427357601E-14));
#16733=CARTESIAN_POINT('Origin',(-9.20989729929381E-13,26.899999999999,
9.9506171172171E-13));
#16734=CARTESIAN_POINT('',(-4.45206075475702,26.899999999999,-4.02233203949557));
#16735=CARTESIAN_POINT('',(-4.93761646255379,26.899999999999,3.40880384720706));
#16736=CARTESIAN_POINT('Origin',(-9.20989729929381E-13,26.899999999999,
9.9506171172171E-13));
#16737=CARTESIAN_POINT('',(-4.45206075475702,27.699999999999,-4.02233203949557));
#16738=CARTESIAN_POINT('',(-4.45206075475702,26.899999999999,-4.02233203949557));
#16739=CARTESIAN_POINT('',(-4.9376164625538,27.699999999999,3.40880384720706));
#16740=CARTESIAN_POINT('Origin',(-9.2370555648813E-13,27.699999999999,9.9475983006414E-13));
#16741=CARTESIAN_POINT('',(-4.93761646255379,26.899999999999,3.40880384720706));
#16742=CARTESIAN_POINT('Origin',(-9.20989729929381E-13,26.899999999999,
9.9506171172171E-13));
#16743=CARTESIAN_POINT('',(-1.663002567521,27.699999999999,2.4968825483844));
#16744=CARTESIAN_POINT('',(-0.195605021042896,27.699999999999,2.99361632073135));
#16745=CARTESIAN_POINT('Origin',(-9.2370555648813E-13,27.699999999999,9.9475983006414E-13));
#16746=CARTESIAN_POINT('',(-0.195605021042893,26.899999999999,2.99361632073135));
#16747=CARTESIAN_POINT('',(-0.195605021042893,26.899999999999,2.99361632073135));
#16748=CARTESIAN_POINT('',(-1.663002567521,26.899999999999,2.4968825483844));
#16749=CARTESIAN_POINT('Origin',(-9.20989729929381E-13,26.899999999999,
9.9506171172171E-13));
#16750=CARTESIAN_POINT('',(-1.663002567521,26.899999999999,2.4968825483844));
#16751=CARTESIAN_POINT('Origin',(-0.195605021042893,26.899999999999,2.99361632073135));
#16752=CARTESIAN_POINT('',(-0.299927698931947,27.699999999999,4.59021169178754));
#16753=CARTESIAN_POINT('',(-0.195605021042896,27.699999999999,2.99361632073135));
#16754=CARTESIAN_POINT('',(-0.299927698931944,26.899999999999,4.59021169178755));
#16755=CARTESIAN_POINT('',(-0.299927698931944,26.899999999999,4.59021169178755));
#16756=CARTESIAN_POINT('',(-0.195605021042893,26.899999999999,2.99361632073135));
#16757=CARTESIAN_POINT('Origin',(-9.20989729929381E-13,26.899999999999,
9.9506171172171E-13));
#16758=CARTESIAN_POINT('',(4.37141276507453,27.699999999999,1.43204414643482));
#16759=CARTESIAN_POINT('Origin',(-9.2370555648813E-13,27.699999999999,9.9475983006414E-13));
#16760=CARTESIAN_POINT('',(4.37141276507453,26.899999999999,1.43204414643482));
#16761=CARTESIAN_POINT('',(4.37141276507453,26.899999999999,1.43204414643482));
#16762=CARTESIAN_POINT('Origin',(-9.20989729929381E-13,26.899999999999,
9.9506171172171E-13));
#16763=CARTESIAN_POINT('Origin',(2.85092136852655,26.899999999999,0.933941834631753));
#16764=CARTESIAN_POINT('',(2.85092136852654,27.699999999999,0.933941834631753));
#16765=CARTESIAN_POINT('',(2.85092136852654,27.699999999999,0.933941834631753));
#16766=CARTESIAN_POINT('',(2.85092136852655,26.899999999999,0.933941834631753));
#16767=CARTESIAN_POINT('',(2.85092136852655,26.899999999999,0.933941834631753));
#16768=CARTESIAN_POINT('',(2.85092136852655,26.899999999999,0.933941834631753));
#16769=CARTESIAN_POINT('Origin',(-9.20989729929381E-13,26.899999999999,
9.9506171172171E-13));
#16770=CARTESIAN_POINT('',(2.94821134975016,27.699999999999,-0.555022375402832));
#16771=CARTESIAN_POINT('Origin',(-9.2370555648813E-13,27.699999999999,9.9475983006414E-13));
#16772=CARTESIAN_POINT('',(2.94821134975016,26.899999999999,-0.555022375402831));
#16773=CARTESIAN_POINT('',(2.94821134975016,26.899999999999,-0.555022375402831));
#16774=CARTESIAN_POINT('Origin',(-9.20989729929381E-13,26.899999999999,
9.9506171172171E-13));
#16775=CARTESIAN_POINT('Origin',(4.52059073628407,26.899999999999,-0.851034308951538));
#16776=CARTESIAN_POINT('',(4.52059073628407,27.699999999999,-0.851034308951539));
#16777=CARTESIAN_POINT('',(4.52059073628407,27.699999999999,-0.851034308951539));
#16778=CARTESIAN_POINT('',(4.52059073628407,26.899999999999,-0.851034308951539));
#16779=CARTESIAN_POINT('',(4.52059073628407,26.899999999999,-0.851034308951539));
#16780=CARTESIAN_POINT('',(4.52059073628407,26.899999999999,-0.851034308951538));
#16781=CARTESIAN_POINT('Origin',(-9.20989729929381E-13,26.899999999999,
9.9506171172171E-13));
#16782=CARTESIAN_POINT('',(0.2999276989301,27.699999999999,-4.59021169178556));
#16783=CARTESIAN_POINT('Origin',(-9.2370555648813E-13,27.699999999999,9.9475983006414E-13));
#16784=CARTESIAN_POINT('',(0.299927698930103,26.899999999999,-4.59021169178555));
#16785=CARTESIAN_POINT('',(0.299927698930103,26.899999999999,-4.59021169178555));
#16786=CARTESIAN_POINT('Origin',(-9.20989729929381E-13,26.899999999999,
9.9506171172171E-13));
#16787=CARTESIAN_POINT('Origin',(0.195605021041051,26.899999999999,-2.99361632072936));
#16788=CARTESIAN_POINT('',(0.195605021041048,27.699999999999,-2.99361632072936));
#16789=CARTESIAN_POINT('',(0.195605021041048,27.699999999999,-2.99361632072936));
#16790=CARTESIAN_POINT('',(0.195605021041051,26.899999999999,-2.99361632072936));
#16791=CARTESIAN_POINT('',(0.195605021041051,26.899999999999,-2.99361632072936));
#16792=CARTESIAN_POINT('',(0.195605021041051,26.899999999999,-2.99361632072936));
#16793=CARTESIAN_POINT('Origin',(-9.20989729929381E-13,26.899999999999,
9.9506171172171E-13));
#16794=CARTESIAN_POINT('',(-1.32395386438159,27.699999999999,-2.69205240754822));
#16795=CARTESIAN_POINT('Origin',(-9.2370555648813E-13,27.699999999999,9.9475983006414E-13));
#16796=CARTESIAN_POINT('',(-1.32395386438158,26.899999999999,-2.69205240754822));
#16797=CARTESIAN_POINT('',(-1.32395386438158,26.899999999999,-2.69205240754822));
#16798=CARTESIAN_POINT('Origin',(-9.20989729929381E-13,26.899999999999,
9.9506171172171E-13));
#16799=CARTESIAN_POINT('Origin',(-1.32395386438158,26.899999999999,-2.69205240754822));
#16800=CARTESIAN_POINT('',(-1.32395386438159,27.699999999999,-2.69205240754822));
#16801=CARTESIAN_POINT('',(-1.32395386438158,26.899999999999,-2.69205240754822));
#16802=CARTESIAN_POINT('Origin',(-1.663002567521,26.899999999999,2.4968825483844));
#16803=CARTESIAN_POINT('',(-1.663002567521,27.699999999999,2.4968825483844));
#16804=CARTESIAN_POINT('',(-1.663002567521,26.899999999999,2.4968825483844));
#16805=CARTESIAN_POINT('Origin',(-9.20989729929381E-13,26.899999999999,
9.9506171172171E-13));
#16806=CARTESIAN_POINT('Origin',(-9.2370555648813E-13,27.699999999999,9.9475983006414E-13));
#16807=CARTESIAN_POINT('Origin',(-7.13237534787584E-13,-26.900000000001,
9.23485403966986E-13));
#16808=CARTESIAN_POINT('',(-5.8255890845517,-26.900000000001,-1.4361447761134));
#16809=CARTESIAN_POINT('',(0.0592593855568025,-26.900000000001,-5.99970735329752));
#16810=CARTESIAN_POINT('Origin',(-7.13237534787584E-13,-26.900000000001,
9.23485403966986E-13));
#16811=CARTESIAN_POINT('',(-5.82558908455169,-27.700000000001,-1.4361447761134));
#16812=CARTESIAN_POINT('',(-5.8255890845517,-26.900000000001,-1.4361447761134));
#16813=CARTESIAN_POINT('',(0.0592593855568052,-27.700000000001,-5.99970735329752));
#16814=CARTESIAN_POINT('Origin',(-7.105427357601E-13,-27.700000000001,9.2370555648813E-13));
#16815=CARTESIAN_POINT('',(0.0592593855568025,-26.900000000001,-5.99970735329752));
#16816=CARTESIAN_POINT('Origin',(-7.13237534787584E-13,-26.900000000001,
9.23485403966986E-13));
#16817=CARTESIAN_POINT('',(1.13743939031248,-27.700000000001,-2.77601002039957));
#16818=CARTESIAN_POINT('',(2.37069792474939,-27.7000000000009,-1.83842088477644));
#16819=CARTESIAN_POINT('Origin',(-7.105427357601E-13,-27.700000000001,9.2370555648813E-13));
#16820=CARTESIAN_POINT('',(2.37069792474938,-26.9000000000009,-1.83842088477644));
#16821=CARTESIAN_POINT('',(2.37069792474938,-26.9000000000009,-1.83842088477644));
#16822=CARTESIAN_POINT('',(1.13743939031247,-26.900000000001,-2.77601002039957));
#16823=CARTESIAN_POINT('Origin',(-7.13237534787584E-13,-26.900000000001,
9.23485403966986E-13));
#16824=CARTESIAN_POINT('',(1.13743939031247,-26.900000000001,-2.77601002039957));
#16825=CARTESIAN_POINT('Origin',(2.37069792474938,-26.9000000000009,-1.83842088477644));
#16826=CARTESIAN_POINT('',(3.63507015128277,-27.7000000000009,-2.81891202332437));
#16827=CARTESIAN_POINT('',(2.37069792474939,-27.7000000000009,-1.83842088477644));
#16828=CARTESIAN_POINT('',(3.63507015128277,-26.9000000000009,-2.81891202332437));
#16829=CARTESIAN_POINT('',(3.63507015128277,-26.9000000000009,-2.81891202332437));
#16830=CARTESIAN_POINT('',(2.37069792474938,-26.9000000000009,-1.83842088477644));
#16831=CARTESIAN_POINT('Origin',(-7.13237534787584E-13,-26.900000000001,
9.23485403966986E-13));
#16832=CARTESIAN_POINT('',(3.63435590425422,-27.7000000000009,2.819832825047));
#16833=CARTESIAN_POINT('Origin',(-7.105427357601E-13,-27.700000000001,9.2370555648813E-13));
#16834=CARTESIAN_POINT('',(3.63435590425422,-26.9000000000009,2.819832825047));
#16835=CARTESIAN_POINT('',(3.63435590425422,-26.9000000000009,2.819832825047));
#16836=CARTESIAN_POINT('Origin',(-7.13237534787584E-13,-26.900000000001,
9.23485403966986E-13));
#16837=CARTESIAN_POINT('Origin',(2.37023211146989,-26.9000000000009,1.83902140763967));
#16838=CARTESIAN_POINT('',(2.3702321114699,-27.7000000000009,1.83902140763967));
#16839=CARTESIAN_POINT('',(2.3702321114699,-27.7000000000009,1.83902140763967));
#16840=CARTESIAN_POINT('',(2.37023211146989,-26.9000000000009,1.83902140763967));
#16841=CARTESIAN_POINT('',(2.37023211146989,-26.9000000000009,1.83902140763967));
#16842=CARTESIAN_POINT('',(2.37023211146989,-26.9000000000009,1.83902140763967));
#16843=CARTESIAN_POINT('Origin',(-7.13237534787584E-13,-26.900000000001,
9.23485403966986E-13));
#16844=CARTESIAN_POINT('',(1.1910949126538,-27.700000000001,2.75341477243325));
#16845=CARTESIAN_POINT('Origin',(-7.105427357601E-13,-27.700000000001,9.2370555648813E-13));
#16846=CARTESIAN_POINT('',(1.19109491265379,-26.900000000001,2.75341477243325));
#16847=CARTESIAN_POINT('',(1.19109491265379,-26.900000000001,2.75341477243325));
#16848=CARTESIAN_POINT('Origin',(-7.13237534787584E-13,-26.900000000001,
9.23485403966986E-13));
#16849=CARTESIAN_POINT('Origin',(1.8263455327362,-26.9000000000009,4.22190265106382));
#16850=CARTESIAN_POINT('',(1.8263455327362,-27.7000000000009,4.22190265106382));
#16851=CARTESIAN_POINT('',(1.8263455327362,-27.7000000000009,4.22190265106382));
#16852=CARTESIAN_POINT('',(1.8263455327362,-26.9000000000009,4.22190265106382));
#16853=CARTESIAN_POINT('',(1.8263455327362,-26.9000000000009,4.22190265106382));
#16854=CARTESIAN_POINT('',(1.8263455327362,-26.9000000000009,4.22190265106382));
#16855=CARTESIAN_POINT('Origin',(-7.13237534787584E-13,-26.900000000001,
9.23485403966986E-13));
#16856=CARTESIAN_POINT('',(-3.63507015128419,-27.700000000001,2.81891202332622));
#16857=CARTESIAN_POINT('Origin',(-7.105427357601E-13,-27.700000000001,9.2370555648813E-13));
#16858=CARTESIAN_POINT('',(-3.63507015128419,-26.900000000001,2.81891202332622));
#16859=CARTESIAN_POINT('',(-3.63507015128419,-26.900000000001,2.81891202332622));
#16860=CARTESIAN_POINT('Origin',(-7.13237534787584E-13,-26.900000000001,
9.23485403966986E-13));
#16861=CARTESIAN_POINT('Origin',(-2.37069792475081,-26.900000000001,1.83842088477829));
#16862=CARTESIAN_POINT('',(-2.37069792475081,-27.700000000001,1.83842088477829));
#16863=CARTESIAN_POINT('',(-2.37069792475081,-27.700000000001,1.83842088477829));
#16864=CARTESIAN_POINT('',(-2.37069792475081,-26.900000000001,1.83842088477829));
#16865=CARTESIAN_POINT('',(-2.37069792475081,-26.900000000001,1.83842088477829));
#16866=CARTESIAN_POINT('',(-2.37069792475081,-26.900000000001,1.83842088477829));
#16867=CARTESIAN_POINT('Origin',(-7.13237534787584E-13,-26.900000000001,
9.23485403966986E-13));
#16868=CARTESIAN_POINT('',(-2.97177034592102,-27.700000000001,0.410586179881193));
#16869=CARTESIAN_POINT('Origin',(-7.105427357601E-13,-27.700000000001,9.2370555648813E-13));
#16870=CARTESIAN_POINT('',(-2.97177034592103,-26.900000000001,0.410586179881193));
#16871=CARTESIAN_POINT('',(-2.97177034592103,-26.900000000001,0.410586179881193));
#16872=CARTESIAN_POINT('Origin',(-7.13237534787584E-13,-26.900000000001,
9.23485403966986E-13));
#16873=CARTESIAN_POINT('Origin',(-2.97177034592103,-26.900000000001,0.410586179881193));
#16874=CARTESIAN_POINT('',(-2.97177034592102,-27.700000000001,0.410586179881193));
#16875=CARTESIAN_POINT('',(-2.97177034592103,-26.900000000001,0.410586179881193));
#16876=CARTESIAN_POINT('Origin',(1.13743939031247,-26.900000000001,-2.77601002039957));
#16877=CARTESIAN_POINT('',(1.13743939031248,-27.700000000001,-2.77601002039957));
#16878=CARTESIAN_POINT('',(1.13743939031247,-26.900000000001,-2.77601002039957));
#16879=CARTESIAN_POINT('Origin',(-7.13237534787584E-13,-26.900000000001,
9.23485403966986E-13));
#16880=CARTESIAN_POINT('Origin',(-7.105427357601E-13,-27.700000000001,9.2370555648813E-13));
#16881=CARTESIAN_POINT('Origin',(-1.02882834513342E-12,111.409915843863,
1.18109334362863E-12));
#16882=CARTESIAN_POINT('',(6.32186113266634,-25.300000000001,-4.90245569273844));
#16883=CARTESIAN_POINT('Origin',(-5.6843418860808E-13,-25.300000000001,
1.20792265079217E-12));
#16884=CARTESIAN_POINT('',(6.32186113266635,-26.900000000001,-4.90245569273844));
#16885=CARTESIAN_POINT('',(6.32186113266588,111.409915843863,-4.90245569273846));
#16886=CARTESIAN_POINT('Origin',(-5.63045913398535E-13,-26.900000000001,
1.20823665063042E-12));
#16887=CARTESIAN_POINT('Origin',(-1.02882834513342E-12,111.409915843863,
1.18109334362863E-12));
#16888=CARTESIAN_POINT('',(3.3189770946545,-26.900000000001,-2.57378923869093));
#16889=CARTESIAN_POINT('Origin',(-5.63045913398535E-13,-26.900000000001,
1.20823665063042E-12));
#16890=CARTESIAN_POINT('',(3.31897709465449,-25.3000000000009,-2.57378923869093));
#16891=CARTESIAN_POINT('',(3.31897709465403,111.409915843863,-2.57378923869096));
#16892=CARTESIAN_POINT('Origin',(-5.6843418860808E-13,-25.300000000001,
1.20792265079217E-12));
#16893=CARTESIAN_POINT('Origin',(3.31897709464956,-26.900000000001,-2.5737892386871));
#16894=CARTESIAN_POINT('Origin',(3.31897709465943,-25.300000000001,-2.57378923869476));
#16895=CARTESIAN_POINT('Origin',(2.36121826542741E-13,-143.009915843864,
-1.88305597814307E-13));
#16896=CARTESIAN_POINT('',(-2.9545002779444,-6.29999999999999,-7.43444201723471));
#16897=CARTESIAN_POINT('Origin',(4.2632564145606E-13,-6.29999999999998,
-7.105427357601E-14));
#16898=CARTESIAN_POINT('',(-2.9545002779444,-4.69999999999994,-7.43444201723471));
#16899=CARTESIAN_POINT('',(-2.95450027794459,-143.009915843864,-7.43444201723483));
#16900=CARTESIAN_POINT('Origin',(4.2855171336886E-13,-4.69999999999999,
-6.96820094090454E-14));
#16901=CARTESIAN_POINT('Origin',(2.36121826542741E-13,-143.009915843864,
-1.88305597814307E-13));
#16902=CARTESIAN_POINT('',(-1.55111264592291,-4.69999999999999,-3.90308205905406));
#16903=CARTESIAN_POINT('Origin',(4.2855171336886E-13,-4.69999999999999,
-6.96820094090454E-14));
#16904=CARTESIAN_POINT('',(-1.55111264592291,-6.30000000000001,-3.90308205905406));
#16905=CARTESIAN_POINT('',(-1.5511126459231,-143.009915843864,-3.90308205905417));
#16906=CARTESIAN_POINT('Origin',(4.2632564145606E-13,-6.29999999999998,
-7.105427357601E-14));
#16907=CARTESIAN_POINT('Origin',(-1.5511126459206,-4.69999999999998,-3.90308205904825));
#16908=CARTESIAN_POINT('Origin',(-1.55111264592522,-6.29999999999998,-3.90308205905986));
#16909=CARTESIAN_POINT('Origin',(-1.58717033444911E-12,143.009915843862,
8.50866712059289E-13));
#16910=CARTESIAN_POINT('',(6.32186113266585,6.2999999999982,-4.90245569273872));
#16911=CARTESIAN_POINT('Origin',(-1.06581410364015E-12,6.29999999999817,
9.2370555648813E-13));
#16912=CARTESIAN_POINT('',(6.32186113266585,4.69999999999819,-4.90245569273872));
#16913=CARTESIAN_POINT('',(6.32186113266533,143.009915843862,-4.9024556927388));
#16914=CARTESIAN_POINT('Origin',(-1.05971235188246E-12,4.69999999999818,
9.24558034162239E-13));
#16915=CARTESIAN_POINT('Origin',(-1.58717033444911E-12,143.009915843862,
8.50866712059289E-13));
#16916=CARTESIAN_POINT('',(3.318977094654,4.69999999999819,-2.57378923869121));
#16917=CARTESIAN_POINT('Origin',(-1.05971235188246E-12,4.69999999999818,
9.24558034162239E-13));
#16918=CARTESIAN_POINT('',(3.318977094654,6.29999999999821,-2.57378923869121));
#16919=CARTESIAN_POINT('',(3.31897709465347,143.009915843862,-2.57378923869129));
#16920=CARTESIAN_POINT('Origin',(-1.06581410364015E-12,6.29999999999817,
9.2370555648813E-13));
#16921=CARTESIAN_POINT('Origin',(3.31897709464907,4.69999999999819,-2.57378923868739));
#16922=CARTESIAN_POINT('Origin',(3.31897709465893,6.29999999999819,-2.57378923869504));
#16923=CARTESIAN_POINT('Origin',(-2.53305028106943E-13,-111.409915843865,
1.30017842112321E-12));
#16924=CARTESIAN_POINT('',(-6.20803096065691,25.2999999999989,5.04582516458378));
#16925=CARTESIAN_POINT('Origin',(-7.105427357601E-13,25.299999999999,1.27897692436818E-12));
#16926=CARTESIAN_POINT('',(-6.20803096065691,26.8999999999989,5.04582516458378));
#16927=CARTESIAN_POINT('',(-6.20803096065645,-111.409915843865,5.04582516458381));
#16928=CARTESIAN_POINT('Origin',(-7.15894069112398E-13,26.8999999999989,
1.27872879024712E-12));
#16929=CARTESIAN_POINT('Origin',(-2.53305028106943E-13,-111.409915843865,
1.30017842112321E-12));
#16930=CARTESIAN_POINT('',(-3.25921625435006,26.899999999999,2.64905821141103));
#16931=CARTESIAN_POINT('Origin',(-7.15894069112398E-13,26.8999999999989,
1.27872879024712E-12));
#16932=CARTESIAN_POINT('',(-3.25921625435006,25.2999999999989,2.64905821141103));
#16933=CARTESIAN_POINT('',(-3.2592162543496,-111.409915843865,2.64905821141105));
#16934=CARTESIAN_POINT('Origin',(-7.105427357601E-13,25.299999999999,1.27897692436818E-12));
#16935=CARTESIAN_POINT('Origin',(-3.25921625434522,26.8999999999989,2.64905821140709));
#16936=CARTESIAN_POINT('Origin',(-3.2592162543549,25.2999999999989,2.64905821141497));
#16937=CARTESIAN_POINT('Origin',(2.06057393370429E-12,24.2999999999982,
12.9999999999983));
#16938=CARTESIAN_POINT('',(1.19070052397211,24.2999999999982,12.087732351653));
#16939=CARTESIAN_POINT('Origin',(2.06057393370429E-12,24.2999999999982,
12.9999999999983));
#16940=CARTESIAN_POINT('',(1.19070052397218,12.5804999999982,12.087732351653));
#16941=CARTESIAN_POINT('',(1.19070052397211,24.2999999999982,12.087732351653));
#16942=CARTESIAN_POINT('Origin',(2.13330273501827E-12,12.5804999999982,
12.9999999999983));
#16943=CARTESIAN_POINT('Origin',(2.13330273501827E-12,12.5804999999982,
12.9999999999983));
#16944=CARTESIAN_POINT('',(0.968039525989785,12.2999999999982,12.2583264018936));
#16945=CARTESIAN_POINT('',(1.19070052397218,12.5804999999982,12.087732351653));
#16946=CARTESIAN_POINT('Origin',(2.13504346020011E-12,12.2999999999982,
12.9999999999983));
#16947=CARTESIAN_POINT('Origin',(2.04195655208033E-12,27.2999999999982,
12.9999999999983));
#16948=CARTESIAN_POINT('',(-2.1829509606097,24.2999999999982,14.6724906886314));
#16949=CARTESIAN_POINT('Origin',(2.06057393370429E-12,24.2999999999982,
12.9999999999983));
#16950=CARTESIAN_POINT('',(-2.18295096060972,27.2999999999982,14.6724906886314));
#16951=CARTESIAN_POINT('',(-2.18295096060972,27.2999999999982,14.6724906886314));
#16952=CARTESIAN_POINT('Origin',(2.04195655208033E-12,27.2999999999982,
12.9999999999983));
#16953=CARTESIAN_POINT('Origin',(2.04195655208033E-12,27.2999999999982,
12.9999999999983));
#16954=CARTESIAN_POINT('',(-1.14575211339519,27.2999999999982,13.8778299539069));
#16955=CARTESIAN_POINT('',(0.18734698359117,27.2999999999982,14.4311654135943));
#16956=CARTESIAN_POINT('',(-1.14575211339519,27.2999999999982,13.8778299539069));
#16957=CARTESIAN_POINT('',(-1.33309909698431,27.2999999999982,12.4466645403109));
#16958=CARTESIAN_POINT('',(-1.33309909698431,27.2999999999982,12.4466645403109));
#16959=CARTESIAN_POINT('',(-0.187346983587086,27.2999999999982,11.5688345864023));
#16960=CARTESIAN_POINT('',(-0.187346983587086,27.2999999999982,11.5688345864023));
#16961=CARTESIAN_POINT('',(1.14575211339927,27.2999999999982,12.1221700460898));
#16962=CARTESIAN_POINT('',(1.14575211339927,27.2999999999982,12.1221700460898));
#16963=CARTESIAN_POINT('',(1.3330990969884,27.2999999999982,13.5533354596858));
#16964=CARTESIAN_POINT('',(1.3330990969884,27.2999999999982,13.5533354596858));
#16965=CARTESIAN_POINT('',(0.18734698359117,27.2999999999982,14.4311654135943));
#16966=CARTESIAN_POINT('Origin',(2.06057393370429E-12,24.2999999999982,
12.9999999999983));
#16967=CARTESIAN_POINT('Origin',(-0.968039525985516,12.2999999999982,13.7416735981031));
#16968=CARTESIAN_POINT('Origin',(-1.14575211339518,25.9999999999982,13.8778299539069));
#16969=CARTESIAN_POINT('',(0.187346983591178,25.9999999999982,14.4311654135943));
#16970=CARTESIAN_POINT('',(0.187346983591178,25.9999999999982,14.4311654135943));
#16971=CARTESIAN_POINT('',(-1.14575211339518,25.9999999999982,13.8778299539069));
#16972=CARTESIAN_POINT('',(-1.14575211339518,25.9999999999982,13.8778299539069));
#16973=CARTESIAN_POINT('',(-1.14575211339518,25.9999999999982,13.8778299539069));
#16974=CARTESIAN_POINT('Origin',(-1.33309909698431,25.9999999999982,12.4466645403109));
#16975=CARTESIAN_POINT('',(-1.33309909698431,25.9999999999982,12.4466645403109));
#16976=CARTESIAN_POINT('',(-1.33309909698431,25.9999999999982,12.4466645403109));
#16977=CARTESIAN_POINT('',(-1.33309909698431,25.9999999999982,12.4466645403109));
#16978=CARTESIAN_POINT('Origin',(-0.187346983587078,25.9999999999982,11.5688345864023));
#16979=CARTESIAN_POINT('',(-0.187346983587078,25.9999999999982,11.5688345864023));
#16980=CARTESIAN_POINT('',(-0.187346983587078,25.9999999999982,11.5688345864023));
#16981=CARTESIAN_POINT('',(-0.187346983587078,25.9999999999982,11.5688345864023));
#16982=CARTESIAN_POINT('Origin',(1.14575211339928,25.9999999999982,12.1221700460898));
#16983=CARTESIAN_POINT('',(1.14575211339928,25.9999999999982,12.1221700460898));
#16984=CARTESIAN_POINT('',(1.14575211339928,25.9999999999982,12.1221700460898));
#16985=CARTESIAN_POINT('',(1.14575211339928,25.9999999999982,12.1221700460898));
#16986=CARTESIAN_POINT('Origin',(1.33309909698841,25.9999999999982,13.5533354596858));
#16987=CARTESIAN_POINT('',(1.33309909698841,25.9999999999982,13.5533354596858));
#16988=CARTESIAN_POINT('',(1.33309909698841,25.9999999999982,13.5533354596858));
#16989=CARTESIAN_POINT('',(1.33309909698841,25.9999999999982,13.5533354596858));
#16990=CARTESIAN_POINT('Origin',(0.187346983591178,25.9999999999982,14.4311654135943));
#16991=CARTESIAN_POINT('',(0.187346983591178,25.9999999999982,14.4311654135943));
#16992=CARTESIAN_POINT('Origin',(2.05002408411738E-12,25.9999999999982,
12.9999999999983));
#16993=CARTESIAN_POINT('Origin',(-4.47641923528863E-12,-24.300000000001,
-12.9999999999956));
#16994=CARTESIAN_POINT('',(-0.491133224045014,-24.300000000001,-11.5826827608979));
#16995=CARTESIAN_POINT('Origin',(-4.47641923528863E-12,-24.300000000001,
-12.9999999999956));
#16996=CARTESIAN_POINT('',(-0.491133224045015,-12.5805000000009,-11.5826827608979));
#16997=CARTESIAN_POINT('',(-0.491133224045014,-24.300000000001,-11.5826827608979));
#16998=CARTESIAN_POINT('Origin',(-4.47763407719241E-12,-12.5805000000009,
-12.9999999999956));
#16999=CARTESIAN_POINT('Origin',(-4.47763407719241E-12,-12.5805000000009,
-12.9999999999956));
#17000=CARTESIAN_POINT('',(-0.399291311149434,-12.300000000001,-11.8477210846092));
#17001=CARTESIAN_POINT('',(-0.491133224045015,-12.580500000001,-11.5826827608979));
#17002=CARTESIAN_POINT('Origin',(-4.47766315378731E-12,-12.300000000001,
-12.9999999999956));
#17003=CARTESIAN_POINT('Origin',(-4.47610825566396E-12,-27.300000000001,
-12.9999999999956));
#17004=CARTESIAN_POINT('',(0.900410910736509,-24.300000000001,-15.5984149383414));
#17005=CARTESIAN_POINT('Origin',(-4.47641923528863E-12,-24.300000000001,
-12.9999999999956));
#17006=CARTESIAN_POINT('',(0.900410910736509,-27.3000000000009,-15.5984149383414));
#17007=CARTESIAN_POINT('',(0.900410910736509,-27.3000000000009,-15.5984149383414));
#17008=CARTESIAN_POINT('Origin',(-4.47610825566396E-12,-27.300000000001,
-12.9999999999956));
#17009=CARTESIAN_POINT('Origin',(-4.47610825566396E-12,-27.300000000001,
-12.9999999999956));
#17010=CARTESIAN_POINT('',(0.472593165175146,-27.300000000001,-14.3638141491959));
#17011=CARTESIAN_POINT('',(1.41739428183342,-27.300000000001,-13.2726293878953));
#17012=CARTESIAN_POINT('',(0.472593165175146,-27.300000000001,-14.3638141491959));
#17013=CARTESIAN_POINT('',(-0.944801116662755,-27.300000000001,-14.0911847612962));
#17014=CARTESIAN_POINT('',(-0.944801116662755,-27.300000000001,-14.0911847612962));
#17015=CARTESIAN_POINT('',(-1.41739428184238,-27.300000000001,-12.727370612096));
#17016=CARTESIAN_POINT('',(-1.41739428184238,-27.300000000001,-12.727370612096));
#17017=CARTESIAN_POINT('',(-0.472593165184098,-27.300000000001,-11.6361858507954));
#17018=CARTESIAN_POINT('',(-0.472593165184098,-27.300000000001,-11.6361858507954));
#17019=CARTESIAN_POINT('',(0.944801116653802,-27.300000000001,-11.9088152386951));
#17020=CARTESIAN_POINT('',(0.944801116653802,-27.300000000001,-11.9088152386951));
#17021=CARTESIAN_POINT('',(1.41739428183342,-27.300000000001,-13.2726293878953));
#17022=CARTESIAN_POINT('Origin',(-4.47641923528863E-12,-24.300000000001,
-12.9999999999956));
#17023=CARTESIAN_POINT('Origin',(0.399291311140479,-12.3000000000009,-14.1522789153821));
#17024=CARTESIAN_POINT('Origin',(0.472593165175146,-26.000000000001,-14.3638141491959));
#17025=CARTESIAN_POINT('',(1.41739428183342,-26.000000000001,-13.2726293878953));
#17026=CARTESIAN_POINT('',(1.41739428183342,-26.000000000001,-13.2726293878953));
#17027=CARTESIAN_POINT('',(0.472593165175146,-26.000000000001,-14.3638141491959));
#17028=CARTESIAN_POINT('',(0.472593165175146,-26.000000000001,-14.3638141491959));
#17029=CARTESIAN_POINT('',(0.472593165175146,-26.000000000001,-14.3638141491959));
#17030=CARTESIAN_POINT('Origin',(-0.944801116662755,-26.000000000001,-14.0911847612962));
#17031=CARTESIAN_POINT('',(-0.944801116662755,-26.000000000001,-14.0911847612962));
#17032=CARTESIAN_POINT('',(-0.944801116662755,-26.000000000001,-14.0911847612962));
#17033=CARTESIAN_POINT('',(-0.944801116662755,-26.000000000001,-14.0911847612962));
#17034=CARTESIAN_POINT('Origin',(-1.41739428184238,-26.000000000001,-12.727370612096));
#17035=CARTESIAN_POINT('',(-1.41739428184238,-26.000000000001,-12.727370612096));
#17036=CARTESIAN_POINT('',(-1.41739428184238,-26.000000000001,-12.727370612096));
#17037=CARTESIAN_POINT('',(-1.41739428184238,-26.000000000001,-12.727370612096));
#17038=CARTESIAN_POINT('Origin',(-0.472593165184098,-26.000000000001,-11.6361858507954));
#17039=CARTESIAN_POINT('',(-0.472593165184098,-26.000000000001,-11.6361858507954));
#17040=CARTESIAN_POINT('',(-0.472593165184098,-26.000000000001,-11.6361858507954));
#17041=CARTESIAN_POINT('',(-0.472593165184098,-26.000000000001,-11.6361858507954));
#17042=CARTESIAN_POINT('Origin',(0.944801116653802,-26.000000000001,-11.9088152386951));
#17043=CARTESIAN_POINT('',(0.944801116653802,-26.000000000001,-11.9088152386951));
#17044=CARTESIAN_POINT('',(0.944801116653802,-26.000000000001,-11.9088152386951));
#17045=CARTESIAN_POINT('',(0.944801116653802,-26.000000000001,-11.9088152386951));
#17046=CARTESIAN_POINT('Origin',(1.41739428183342,-26.000000000001,-13.2726293878953));
#17047=CARTESIAN_POINT('',(1.41739428183342,-26.000000000001,-13.2726293878953));
#17048=CARTESIAN_POINT('Origin',(-4.47624301350132E-12,-26.000000000001,
-12.9999999999956));
#17049=CARTESIAN_POINT('Origin',(2.62900812231237E-12,24.2999999999982,
-13.0000000000017));
#17050=CARTESIAN_POINT('',(1.19070052397268,24.2999999999982,-13.912267648347));
#17051=CARTESIAN_POINT('Origin',(2.62900812231237E-12,24.2999999999982,
-13.0000000000017));
#17052=CARTESIAN_POINT('',(1.19070052397275,12.5804999999982,-13.912267648347));
#17053=CARTESIAN_POINT('',(1.19070052397268,24.2999999999982,-13.912267648347));
#17054=CARTESIAN_POINT('Origin',(2.70173692362636E-12,12.5804999999982,
-13.0000000000017));
#17055=CARTESIAN_POINT('Origin',(2.70173692362636E-12,12.5804999999982,
-13.0000000000017));
#17056=CARTESIAN_POINT('',(0.968039525990353,12.2999999999982,-13.7416735981064));
#17057=CARTESIAN_POINT('',(1.19070052397275,12.5804999999982,-13.912267648347));
#17058=CARTESIAN_POINT('Origin',(2.7034776488082E-12,12.2999999999982,-13.0000000000017));
#17059=CARTESIAN_POINT('Origin',(2.61039074068841E-12,27.2999999999982,
-13.0000000000017));
#17060=CARTESIAN_POINT('',(-2.18295096060913,24.2999999999982,-11.3275093113686));
#17061=CARTESIAN_POINT('Origin',(2.62900812231237E-12,24.2999999999982,
-13.0000000000017));
#17062=CARTESIAN_POINT('',(-2.18295096060915,27.2999999999982,-11.3275093113686));
#17063=CARTESIAN_POINT('',(-2.18295096060915,27.2999999999982,-11.3275093113686));
#17064=CARTESIAN_POINT('Origin',(2.61039074068841E-12,27.2999999999982,
-13.0000000000017));
#17065=CARTESIAN_POINT('Origin',(2.61039074068841E-12,27.2999999999982,
-13.0000000000017));
#17066=CARTESIAN_POINT('',(-1.14575211339462,27.2999999999982,-12.1221700460931));
#17067=CARTESIAN_POINT('',(0.187346983591739,27.2999999999982,-11.5688345864057));
#17068=CARTESIAN_POINT('',(-1.14575211339462,27.2999999999982,-12.1221700460931));
#17069=CARTESIAN_POINT('',(-1.33309909698375,27.2999999999982,-13.5533354596891));
#17070=CARTESIAN_POINT('',(-1.33309909698375,27.2999999999982,-13.5533354596891));
#17071=CARTESIAN_POINT('',(-0.187346983586518,27.2999999999982,-14.4311654135977));
#17072=CARTESIAN_POINT('',(-0.187346983586518,27.2999999999982,-14.4311654135977));
#17073=CARTESIAN_POINT('',(1.14575211339984,27.2999999999982,-13.8778299539102));
#17074=CARTESIAN_POINT('',(1.14575211339984,27.2999999999982,-13.8778299539102));
#17075=CARTESIAN_POINT('',(1.33309909698897,27.2999999999982,-12.4466645403143));
#17076=CARTESIAN_POINT('',(1.33309909698897,27.2999999999982,-12.4466645403143));
#17077=CARTESIAN_POINT('',(0.187346983591739,27.2999999999982,-11.5688345864057));
#17078=CARTESIAN_POINT('Origin',(2.62900812231237E-12,24.2999999999982,
-13.0000000000017));
#17079=CARTESIAN_POINT('Origin',(-0.968039525984947,12.2999999999982,-12.258326401897));
#17080=CARTESIAN_POINT('Origin',(-1.14575211339461,25.9999999999982,-12.1221700460931));
#17081=CARTESIAN_POINT('',(0.187346983591747,25.9999999999982,-11.5688345864057));
#17082=CARTESIAN_POINT('',(0.187346983591747,25.9999999999982,-11.5688345864057));
#17083=CARTESIAN_POINT('',(-1.14575211339461,25.9999999999982,-12.1221700460931));
#17084=CARTESIAN_POINT('',(-1.14575211339461,25.9999999999982,-12.1221700460931));
#17085=CARTESIAN_POINT('',(-1.14575211339461,25.9999999999982,-12.1221700460931));
#17086=CARTESIAN_POINT('Origin',(-1.33309909698374,25.9999999999982,-13.5533354596891));
#17087=CARTESIAN_POINT('',(-1.33309909698374,25.9999999999982,-13.5533354596891));
#17088=CARTESIAN_POINT('',(-1.33309909698374,25.9999999999982,-13.5533354596891));
#17089=CARTESIAN_POINT('',(-1.33309909698374,25.9999999999982,-13.5533354596891));
#17090=CARTESIAN_POINT('Origin',(-0.18734698358651,25.9999999999982,-14.4311654135977));
#17091=CARTESIAN_POINT('',(-0.18734698358651,25.9999999999982,-14.4311654135977));
#17092=CARTESIAN_POINT('',(-0.18734698358651,25.9999999999982,-14.4311654135977));
#17093=CARTESIAN_POINT('',(-0.18734698358651,25.9999999999982,-14.4311654135977));
#17094=CARTESIAN_POINT('Origin',(1.14575211339985,25.9999999999982,-13.8778299539102));
#17095=CARTESIAN_POINT('',(1.14575211339985,25.9999999999982,-13.8778299539102));
#17096=CARTESIAN_POINT('',(1.14575211339985,25.9999999999982,-13.8778299539102));
#17097=CARTESIAN_POINT('',(1.14575211339985,25.9999999999982,-13.8778299539102));
#17098=CARTESIAN_POINT('Origin',(1.33309909698898,25.9999999999982,-12.4466645403143));
#17099=CARTESIAN_POINT('',(1.33309909698898,25.9999999999982,-12.4466645403143));
#17100=CARTESIAN_POINT('',(1.33309909698898,25.9999999999982,-12.4466645403143));
#17101=CARTESIAN_POINT('',(1.33309909698898,25.9999999999982,-12.4466645403143));
#17102=CARTESIAN_POINT('Origin',(0.187346983591747,25.9999999999982,-11.5688345864057));
#17103=CARTESIAN_POINT('',(0.187346983591747,25.9999999999982,-11.5688345864057));
#17104=CARTESIAN_POINT('Origin',(2.61845827272546E-12,25.9999999999982,
-13.0000000000017));
#17105=CARTESIAN_POINT('Origin',(-3.5527136788005E-12,-24.300000000001,
13.0000000000044));
#17106=CARTESIAN_POINT('',(-0.49113322404409,-24.300000000001,14.4173172391022));
#17107=CARTESIAN_POINT('Origin',(-3.5527136788005E-12,-24.300000000001,
13.0000000000044));
#17108=CARTESIAN_POINT('',(-0.491133224044091,-12.580500000001,14.4173172391022));
#17109=CARTESIAN_POINT('',(-0.49113322404409,-24.300000000001,14.4173172391022));
#17110=CARTESIAN_POINT('Origin',(-3.55392852070428E-12,-12.580500000001,
13.0000000000045));
#17111=CARTESIAN_POINT('Origin',(-3.55392852070428E-12,-12.580500000001,
13.0000000000045));
#17112=CARTESIAN_POINT('',(-0.399291311148511,-12.300000000001,14.1522789153909));
#17113=CARTESIAN_POINT('',(-0.491133224044091,-12.580500000001,14.4173172391022));
#17114=CARTESIAN_POINT('Origin',(-3.55395759729918E-12,-12.300000000001,
13.0000000000045));
#17115=CARTESIAN_POINT('Origin',(-3.55240269917583E-12,-27.300000000001,
13.0000000000044));
#17116=CARTESIAN_POINT('',(0.900410910737432,-24.300000000001,10.4015850616587));
#17117=CARTESIAN_POINT('Origin',(-3.5527136788005E-12,-24.300000000001,
13.0000000000044));
#17118=CARTESIAN_POINT('',(0.900410910737433,-27.300000000001,10.4015850616586));
#17119=CARTESIAN_POINT('',(0.900410910737433,-27.300000000001,10.4015850616586));
#17120=CARTESIAN_POINT('Origin',(-3.55240269917583E-12,-27.300000000001,
13.0000000000044));
#17121=CARTESIAN_POINT('Origin',(-3.55240269917583E-12,-27.300000000001,
13.0000000000044));
#17122=CARTESIAN_POINT('',(0.47259316517607,-27.300000000001,11.6361858508042));
#17123=CARTESIAN_POINT('',(1.41739428183435,-27.300000000001,12.7273706121048));
#17124=CARTESIAN_POINT('',(0.47259316517607,-27.300000000001,11.6361858508042));
#17125=CARTESIAN_POINT('',(-0.944801116661831,-27.300000000001,11.9088152387039));
#17126=CARTESIAN_POINT('',(-0.944801116661831,-27.300000000001,11.9088152387039));
#17127=CARTESIAN_POINT('',(-1.41739428184145,-27.300000000001,13.2726293879041));
#17128=CARTESIAN_POINT('',(-1.41739428184145,-27.300000000001,13.2726293879041));
#17129=CARTESIAN_POINT('',(-0.472593165183174,-27.300000000001,14.3638141492047));
#17130=CARTESIAN_POINT('',(-0.472593165183174,-27.300000000001,14.3638141492047));
#17131=CARTESIAN_POINT('',(0.944801116654726,-27.300000000001,14.091184761305));
#17132=CARTESIAN_POINT('',(0.944801116654726,-27.300000000001,14.091184761305));
#17133=CARTESIAN_POINT('',(1.41739428183435,-27.300000000001,12.7273706121048));
#17134=CARTESIAN_POINT('Origin',(-3.5527136788005E-12,-24.300000000001,
13.0000000000044));
#17135=CARTESIAN_POINT('Origin',(0.399291311141403,-12.300000000001,11.847721084618));
#17136=CARTESIAN_POINT('Origin',(0.47259316517607,-26.000000000001,11.6361858508042));
#17137=CARTESIAN_POINT('',(1.41739428183435,-26.000000000001,12.7273706121048));
#17138=CARTESIAN_POINT('',(1.41739428183435,-26.000000000001,12.7273706121048));
#17139=CARTESIAN_POINT('',(0.47259316517607,-26.000000000001,11.6361858508042));
#17140=CARTESIAN_POINT('',(0.47259316517607,-26.000000000001,11.6361858508042));
#17141=CARTESIAN_POINT('',(0.47259316517607,-26.000000000001,11.6361858508042));
#17142=CARTESIAN_POINT('Origin',(-0.944801116661831,-26.000000000001,11.9088152387039));
#17143=CARTESIAN_POINT('',(-0.944801116661831,-26.000000000001,11.9088152387039));
#17144=CARTESIAN_POINT('',(-0.944801116661831,-26.000000000001,11.9088152387039));
#17145=CARTESIAN_POINT('',(-0.944801116661831,-26.000000000001,11.9088152387039));
#17146=CARTESIAN_POINT('Origin',(-1.41739428184145,-26.000000000001,13.2726293879041));
#17147=CARTESIAN_POINT('',(-1.41739428184145,-26.000000000001,13.2726293879041));
#17148=CARTESIAN_POINT('',(-1.41739428184145,-26.000000000001,13.2726293879041));
#17149=CARTESIAN_POINT('',(-1.41739428184145,-26.000000000001,13.2726293879041));
#17150=CARTESIAN_POINT('Origin',(-0.472593165183174,-26.000000000001,14.3638141492047));
#17151=CARTESIAN_POINT('',(-0.472593165183174,-26.000000000001,14.3638141492047));
#17152=CARTESIAN_POINT('',(-0.472593165183174,-26.000000000001,14.3638141492047));
#17153=CARTESIAN_POINT('',(-0.472593165183174,-26.000000000001,14.3638141492047));
#17154=CARTESIAN_POINT('Origin',(0.944801116654726,-26.000000000001,14.091184761305));
#17155=CARTESIAN_POINT('',(0.944801116654726,-26.000000000001,14.091184761305));
#17156=CARTESIAN_POINT('',(0.944801116654726,-26.000000000001,14.091184761305));
#17157=CARTESIAN_POINT('',(0.944801116654726,-26.000000000001,14.091184761305));
#17158=CARTESIAN_POINT('Origin',(1.41739428183435,-26.000000000001,12.7273706121048));
#17159=CARTESIAN_POINT('',(1.41739428183435,-26.000000000001,12.7273706121048));
#17160=CARTESIAN_POINT('Origin',(-3.55253745701319E-12,-26.000000000001,
13.0000000000044));
#17161=CARTESIAN_POINT('Origin',(-27.1423662274209,-19.4999999999999,40.0183108641914));
#17162=CARTESIAN_POINT('',(-27.6334994514615,-19.4999999999999,41.4356281032891));
#17163=CARTESIAN_POINT('Origin',(-27.1423662274209,-19.4999999999999,40.0183108641914));
#17164=CARTESIAN_POINT('',(-27.6334994514615,-7.78049999999986,41.4356281032891));
#17165=CARTESIAN_POINT('',(-27.6334994514615,-19.4999999999999,41.4356281032891));
#17166=CARTESIAN_POINT('Origin',(-27.1423662274209,-7.78049999999986,40.0183108641914));
#17167=CARTESIAN_POINT('Origin',(-27.1423662274209,-7.78049999999986,40.0183108641914));
#17168=CARTESIAN_POINT('',(-27.5416575385659,-7.49999999999987,41.1705897795779));
#17169=CARTESIAN_POINT('',(-27.6334994514615,-7.78049999999986,41.4356281032891));
#17170=CARTESIAN_POINT('Origin',(-27.1423662274209,-7.49999999999986,40.0183108641914));
#17171=CARTESIAN_POINT('Origin',(-27.1423662274209,-22.4999999999999,40.0183108641914));
#17172=CARTESIAN_POINT('',(-26.2419553166799,-19.4999999999999,37.4198959258456));
#17173=CARTESIAN_POINT('Origin',(-27.1423662274209,-19.4999999999999,40.0183108641914));
#17174=CARTESIAN_POINT('',(-26.2419553166799,-22.4999999999999,37.4198959258456));
#17175=CARTESIAN_POINT('',(-26.2419553166799,-22.4999999999999,37.4198959258456));
#17176=CARTESIAN_POINT('Origin',(-27.1423662274209,-22.4999999999999,40.0183108641914));
#17177=CARTESIAN_POINT('Origin',(-27.1423662274209,-22.4999999999999,40.0183108641914));
#17178=CARTESIAN_POINT('',(-26.6697730622413,-22.4999999999999,38.6544967149911));
#17179=CARTESIAN_POINT('',(-25.724971945583,-22.4999999999999,39.7456814762917));
#17180=CARTESIAN_POINT('',(-26.6697730622413,-22.4999999999999,38.6544967149911));
#17181=CARTESIAN_POINT('',(-28.0871673440792,-22.4999999999999,38.9271261028908));
#17182=CARTESIAN_POINT('',(-28.0871673440792,-22.4999999999999,38.9271261028908));
#17183=CARTESIAN_POINT('',(-28.5597605092588,-22.4999999999999,40.2909402520911));
#17184=CARTESIAN_POINT('',(-28.5597605092588,-22.4999999999999,40.2909402520911));
#17185=CARTESIAN_POINT('',(-27.6149593926005,-22.4999999999999,41.3821250133917));
#17186=CARTESIAN_POINT('',(-27.6149593926005,-22.4999999999999,41.3821250133917));
#17187=CARTESIAN_POINT('',(-26.1975651107626,-22.4999999999999,41.109495625492));
#17188=CARTESIAN_POINT('',(-26.1975651107626,-22.4999999999999,41.109495625492));
#17189=CARTESIAN_POINT('',(-25.724971945583,-22.4999999999999,39.7456814762917));
#17190=CARTESIAN_POINT('Origin',(-27.1423662274209,-19.4999999999999,40.0183108641914));
#17191=CARTESIAN_POINT('Origin',(-26.743074916276,-7.49999999999986,38.866031948805));
#17192=CARTESIAN_POINT('Origin',(-26.6697730622413,-21.1999999999999,38.6544967149911));
#17193=CARTESIAN_POINT('',(-25.724971945583,-21.1999999999999,39.7456814762917));
#17194=CARTESIAN_POINT('',(-25.724971945583,-21.1999999999999,39.7456814762917));
#17195=CARTESIAN_POINT('',(-26.6697730622413,-21.1999999999999,38.6544967149911));
#17196=CARTESIAN_POINT('',(-26.6697730622413,-21.1999999999999,38.6544967149911));
#17197=CARTESIAN_POINT('',(-26.6697730622413,-21.1999999999999,38.6544967149911));
#17198=CARTESIAN_POINT('Origin',(-28.0871673440792,-21.1999999999999,38.9271261028908));
#17199=CARTESIAN_POINT('',(-28.0871673440792,-21.1999999999999,38.9271261028908));
#17200=CARTESIAN_POINT('',(-28.0871673440792,-21.1999999999999,38.9271261028908));
#17201=CARTESIAN_POINT('',(-28.0871673440792,-21.1999999999999,38.9271261028908));
#17202=CARTESIAN_POINT('Origin',(-28.5597605092588,-21.1999999999999,40.2909402520911));
#17203=CARTESIAN_POINT('',(-28.5597605092588,-21.1999999999999,40.2909402520911));
#17204=CARTESIAN_POINT('',(-28.5597605092588,-21.1999999999999,40.2909402520911));
#17205=CARTESIAN_POINT('',(-28.5597605092588,-21.1999999999999,40.2909402520911));
#17206=CARTESIAN_POINT('Origin',(-27.6149593926005,-21.1999999999999,41.3821250133917));
#17207=CARTESIAN_POINT('',(-27.6149593926005,-21.1999999999999,41.3821250133917));
#17208=CARTESIAN_POINT('',(-27.6149593926005,-21.1999999999999,41.3821250133917));
#17209=CARTESIAN_POINT('',(-27.6149593926005,-21.1999999999999,41.3821250133917));
#17210=CARTESIAN_POINT('Origin',(-26.1975651107626,-21.1999999999999,41.109495625492));
#17211=CARTESIAN_POINT('',(-26.1975651107626,-21.1999999999999,41.109495625492));
#17212=CARTESIAN_POINT('',(-26.1975651107626,-21.1999999999999,41.109495625492));
#17213=CARTESIAN_POINT('',(-26.1975651107626,-21.1999999999999,41.109495625492));
#17214=CARTESIAN_POINT('Origin',(-25.724971945583,-21.1999999999999,39.7456814762917));
#17215=CARTESIAN_POINT('',(-25.724971945583,-21.1999999999999,39.7456814762917));
#17216=CARTESIAN_POINT('Origin',(-27.1423662274209,-21.1999999999999,40.0183108641914));
#17217=CARTESIAN_POINT('Origin',(-27.142366227421,20.0000000000002,40.0183108641916));
#17218=CARTESIAN_POINT('',(-25.9383981981304,20.0000000000002,39.1236260121649));
#17219=CARTESIAN_POINT('Origin',(-27.142366227421,20.0000000000002,40.0183108641916));
#17220=CARTESIAN_POINT('',(-25.9383981981303,8.28050000000017,39.1236260121649));
#17221=CARTESIAN_POINT('',(-25.9383981981304,20.0000000000002,39.1236260121649));
#17222=CARTESIAN_POINT('Origin',(-27.142366227421,8.28050000000017,40.0183108641916));
#17223=CARTESIAN_POINT('Origin',(-27.142366227421,8.28050000000017,40.0183108641916));
#17224=CARTESIAN_POINT('',(-26.1635402196077,8.00000000000017,39.2909320794939));
#17225=CARTESIAN_POINT('',(-25.9383981981303,8.28050000000017,39.1236260121649));
#17226=CARTESIAN_POINT('Origin',(-27.142366227421,8.00000000000017,40.0183108641916));
#17227=CARTESIAN_POINT('Origin',(-27.142366227421,23.0000000000002,40.0183108641916));
#17228=CARTESIAN_POINT('',(-29.3496409477872,20.0000000000002,41.6585664262405));
#17229=CARTESIAN_POINT('Origin',(-27.142366227421,20.0000000000002,40.0183108641916));
#17230=CARTESIAN_POINT('',(-29.3496409477872,23.0000000000002,41.6585664262405));
#17231=CARTESIAN_POINT('',(-29.3496409477872,23.0000000000002,41.6585664262405));
#17232=CARTESIAN_POINT('Origin',(-27.142366227421,23.0000000000002,40.0183108641916));
#17233=CARTESIAN_POINT('Origin',(-27.142366227421,23.0000000000002,40.0183108641916));
#17234=CARTESIAN_POINT('',(-28.3008850037654,23.0000000000002,40.8792217644541));
#17235=CARTESIAN_POINT('',(-26.976054905571,23.0000000000002,41.4520730053984));
#17236=CARTESIAN_POINT('',(-28.3008850037654,23.0000000000002,40.8792217644541));
#17237=CARTESIAN_POINT('',(-28.4671963256154,23.0000000000002,39.4454596232473));
#17238=CARTESIAN_POINT('',(-28.4671963256154,23.0000000000002,39.4454596232473));
#17239=CARTESIAN_POINT('',(-27.308677549271,23.0000000000002,38.5845487229848));
#17240=CARTESIAN_POINT('',(-27.308677549271,23.0000000000002,38.5845487229848));
#17241=CARTESIAN_POINT('',(-25.9838474510766,23.0000000000002,39.1573999639291));
#17242=CARTESIAN_POINT('',(-25.9838474510766,23.0000000000002,39.1573999639291));
#17243=CARTESIAN_POINT('',(-25.8175361292265,23.0000000000002,40.5911621051359));
#17244=CARTESIAN_POINT('',(-25.8175361292265,23.0000000000002,40.5911621051359));
#17245=CARTESIAN_POINT('',(-26.976054905571,23.0000000000002,41.4520730053984));
#17246=CARTESIAN_POINT('Origin',(-27.142366227421,20.0000000000002,40.0183108641916));
#17247=CARTESIAN_POINT('Origin',(-28.1211922352343,8.00000000000017,40.7456896488893));
#17248=CARTESIAN_POINT('Origin',(-28.3008850037654,21.7000000000002,40.8792217644541));
#17249=CARTESIAN_POINT('',(-26.976054905571,21.7000000000002,41.4520730053984));
#17250=CARTESIAN_POINT('',(-26.976054905571,21.7000000000002,41.4520730053984));
#17251=CARTESIAN_POINT('',(-28.3008850037654,21.7000000000002,40.8792217644541));
#17252=CARTESIAN_POINT('',(-28.3008850037654,21.7000000000002,40.8792217644541));
#17253=CARTESIAN_POINT('',(-28.3008850037654,21.7000000000002,40.8792217644541));
#17254=CARTESIAN_POINT('Origin',(-28.4671963256154,21.7000000000002,39.4454596232473));
#17255=CARTESIAN_POINT('',(-28.4671963256154,21.7000000000002,39.4454596232473));
#17256=CARTESIAN_POINT('',(-28.4671963256154,21.7000000000002,39.4454596232473));
#17257=CARTESIAN_POINT('',(-28.4671963256154,21.7000000000002,39.4454596232473));
#17258=CARTESIAN_POINT('Origin',(-27.308677549271,21.7000000000002,38.5845487229848));
#17259=CARTESIAN_POINT('',(-27.308677549271,21.7000000000002,38.5845487229848));
#17260=CARTESIAN_POINT('',(-27.308677549271,21.7000000000002,38.5845487229848));
#17261=CARTESIAN_POINT('',(-27.308677549271,21.7000000000002,38.5845487229848));
#17262=CARTESIAN_POINT('Origin',(-25.9838474510766,21.7000000000002,39.1573999639291));
#17263=CARTESIAN_POINT('',(-25.9838474510766,21.7000000000002,39.1573999639291));
#17264=CARTESIAN_POINT('',(-25.9838474510766,21.7000000000002,39.1573999639291));
#17265=CARTESIAN_POINT('',(-25.9838474510766,21.7000000000002,39.1573999639291));
#17266=CARTESIAN_POINT('Origin',(-25.8175361292265,21.7000000000002,40.5911621051359));
#17267=CARTESIAN_POINT('',(-25.8175361292265,21.7000000000002,40.5911621051359));
#17268=CARTESIAN_POINT('',(-25.8175361292265,21.7000000000002,40.5911621051359));
#17269=CARTESIAN_POINT('',(-25.8175361292265,21.7000000000002,40.5911621051359));
#17270=CARTESIAN_POINT('Origin',(-26.976054905571,21.7000000000002,41.4520730053984));
#17271=CARTESIAN_POINT('',(-26.976054905571,21.7000000000002,41.4520730053984));
#17272=CARTESIAN_POINT('Origin',(-27.142366227421,21.7000000000002,40.0183108641916));
#17273=CARTESIAN_POINT('Origin',(-27.1423662274211,20.0000000000002,40.0183108641916));
#17274=CARTESIAN_POINT('',(-28.4265987919978,20.0000000000002,40.9726413730201));
#17275=CARTESIAN_POINT('Origin',(-27.1423662274211,20.0000000000002,40.0183108641916));
#17276=CARTESIAN_POINT('',(-28.4265987919978,19.5000000000002,40.9726413730201));
#17277=CARTESIAN_POINT('',(-28.4265987919978,20.0000000000002,40.9726413730201));
#17278=CARTESIAN_POINT('Origin',(-27.1423662274211,19.5000000000002,40.0183108641916));
#17279=CARTESIAN_POINT('Origin',(-27.1423662274211,20.0000000000002,40.0183108641916));
#17280=CARTESIAN_POINT('',(-29.5503022860024,19.5000000000002,41.807680568245));
#17281=CARTESIAN_POINT('Origin',(-27.1423662274211,19.5000000000002,40.0183108641916));
#17282=CARTESIAN_POINT('',(-29.5503022860024,20.0000000000002,41.807680568245));
#17283=CARTESIAN_POINT('',(-29.5503022860024,20.0000000000002,41.807680568245));
#17284=CARTESIAN_POINT('Origin',(-27.1423662274211,20.0000000000002,40.0183108641916));
#17285=CARTESIAN_POINT('Origin',(-27.1423662274211,20.0000000000002,40.0183108641916));
#17286=CARTESIAN_POINT('Origin',(-27.1423662274211,19.5000000000002,40.0183108641916));
#17287=CARTESIAN_POINT('Origin',(-22.4357415745337,3.5527136788005E-14,
28.4382554076351));
#17288=CARTESIAN_POINT('',(-23.5087938687932,5.50000000000003,27.7971167535326));
#17289=CARTESIAN_POINT('Origin',(-22.4357415745337,5.50000000000003,28.4382554076351));
#17290=CARTESIAN_POINT('',(-23.5087938687932,3.51463239482609E-14,27.7971167535326));
#17291=CARTESIAN_POINT('',(-23.5087938687932,3.51463239482609E-14,27.7971167535326));
#17292=CARTESIAN_POINT('Origin',(-22.4357415745337,3.5527136788005E-14,
28.4382554076351));
#17293=CARTESIAN_POINT('Origin',(-22.4357415745337,5.50000000000003,28.4382554076351));
#17294=CARTESIAN_POINT('',(-22.4357415745337,6.25107577378448,28.4382554076351));
#17295=CARTESIAN_POINT('',(-23.5087938687933,5.50000000000003,27.7971167535326));
#17296=CARTESIAN_POINT('Origin',(-22.4357415745337,21.7,28.4382554076351));
#17297=CARTESIAN_POINT('',(-20.7188579037185,20.,29.4640772541991));
#17298=CARTESIAN_POINT('Origin',(-22.4357415745337,20.,28.4382554076351));
#17299=CARTESIAN_POINT('',(-20.7188579037185,3.5527136788005E-14,29.4640772541991));
#17300=CARTESIAN_POINT('',(-20.7188579037185,21.7,29.4640772541991));
#17301=CARTESIAN_POINT('Origin',(-22.4357415745337,3.5527136788005E-14,
28.4382554076351));
#17302=CARTESIAN_POINT('Origin',(-22.4357415745337,21.7,28.4382554076351));
#17303=CARTESIAN_POINT('',(-18.7873637740514,21.7,30.6181268315836));
#17304=CARTESIAN_POINT('Origin',(-22.4357415745337,21.7,28.4382554076351));
#17305=CARTESIAN_POINT('',(-18.7873637740514,20.,30.6181268315836));
#17306=CARTESIAN_POINT('',(-18.7873637740514,21.7,30.6181268315836));
#17307=CARTESIAN_POINT('Origin',(-22.4357415745337,20.,28.4382554076351));
#17308=CARTESIAN_POINT('Origin',(-22.4357415745337,21.7,28.4382554076351));
#17309=CARTESIAN_POINT('',(-23.1760647236016,21.7,29.6773094695257));
#17310=CARTESIAN_POINT('',(-21.7328508548082,21.7,29.6989210926829));
#17311=CARTESIAN_POINT('',(-23.1760647236016,21.7,29.6773094695257));
#17312=CARTESIAN_POINT('',(-23.8789554433272,21.7,28.4166437844779));
#17313=CARTESIAN_POINT('',(-23.8789554433272,21.7,28.4166437844779));
#17314=CARTESIAN_POINT('',(-23.1386322942593,21.7,27.1775897225873));
#17315=CARTESIAN_POINT('',(-23.1386322942593,21.7,27.1775897225873));
#17316=CARTESIAN_POINT('',(-21.6954184254658,21.7,27.1992013457445));
#17317=CARTESIAN_POINT('',(-21.6954184254658,21.7,27.1992013457445));
#17318=CARTESIAN_POINT('',(-20.9925277057403,21.7,28.4598670307923));
#17319=CARTESIAN_POINT('',(-20.9925277057403,21.7,28.4598670307923));
#17320=CARTESIAN_POINT('',(-21.7328508548082,21.7,29.6989210926829));
#17321=CARTESIAN_POINT('Origin',(-20.2558701505852,20.,24.7898776071527));
#17322=CARTESIAN_POINT('Origin',(-21.4099197279697,3.5527136788005E-14,
26.7213717368199));
#17323=CARTESIAN_POINT('Origin',(-23.8789554433272,19.7,28.4166437844779));
#17324=CARTESIAN_POINT('',(-23.1760647236016,19.7,29.6773094695257));
#17325=CARTESIAN_POINT('',(-23.1760647236016,19.7,29.6773094695257));
#17326=CARTESIAN_POINT('',(-23.8789554433272,19.7,28.4166437844779));
#17327=CARTESIAN_POINT('',(-23.8789554433272,19.7,28.4166437844779));
#17328=CARTESIAN_POINT('',(-23.8789554433272,19.7,28.4166437844779));
#17329=CARTESIAN_POINT('Origin',(-23.1386322942593,19.7,27.1775897225873));
#17330=CARTESIAN_POINT('',(-23.1386322942593,19.7,27.1775897225873));
#17331=CARTESIAN_POINT('',(-23.1386322942593,19.7,27.1775897225873));
#17332=CARTESIAN_POINT('',(-23.1386322942593,19.7,27.1775897225873));
#17333=CARTESIAN_POINT('Origin',(-21.6954184254658,19.7,27.1992013457445));
#17334=CARTESIAN_POINT('',(-21.6954184254658,19.7,27.1992013457445));
#17335=CARTESIAN_POINT('',(-21.6954184254658,19.7,27.1992013457445));
#17336=CARTESIAN_POINT('',(-21.6954184254658,19.7,27.1992013457445));
#17337=CARTESIAN_POINT('Origin',(-20.9925277057403,19.7,28.4598670307923));
#17338=CARTESIAN_POINT('',(-20.9925277057403,19.7,28.4598670307923));
#17339=CARTESIAN_POINT('',(-20.9925277057403,19.7,28.4598670307923));
#17340=CARTESIAN_POINT('',(-20.9925277057403,19.7,28.4598670307923));
#17341=CARTESIAN_POINT('Origin',(-21.7328508548082,19.7,29.6989210926829));
#17342=CARTESIAN_POINT('',(-21.7328508548082,19.7,29.6989210926829));
#17343=CARTESIAN_POINT('',(-21.7328508548082,19.7,29.6989210926829));
#17344=CARTESIAN_POINT('',(-21.7328508548082,19.7,29.6989210926829));
#17345=CARTESIAN_POINT('Origin',(-23.1760647236016,19.7,29.6773094695257));
#17346=CARTESIAN_POINT('',(-23.1760647236016,19.7,29.6773094695257));
#17347=CARTESIAN_POINT('Origin',(-22.4357415745337,19.7,28.4382554076351));
#17348=CARTESIAN_POINT('Origin',(-22.4357415745338,-19.9999999999999,28.438255407635));
#17349=CARTESIAN_POINT('',(-22.6531889226704,-19.9999999999999,29.9224106053109));
#17350=CARTESIAN_POINT('Origin',(-22.4357415745338,-19.9999999999999,28.438255407635));
#17351=CARTESIAN_POINT('',(-22.6531889226704,1.71950000000011,29.9224106053109));
#17352=CARTESIAN_POINT('',(-22.6531889226704,-19.9999999999999,29.9224106053109));
#17353=CARTESIAN_POINT('Origin',(-22.4357415745338,1.71950000000011,28.438255407635));
#17354=CARTESIAN_POINT('Origin',(-22.4357415745338,1.71950000000011,28.438255407635));
#17355=CARTESIAN_POINT('',(-22.6125262685688,2.00000000000011,29.6448735833455));
#17356=CARTESIAN_POINT('',(-22.6531889226704,1.71950000000011,29.9224106053109));
#17357=CARTESIAN_POINT('Origin',(-22.4357415745338,2.00000000000011,28.438255407635));
#17358=CARTESIAN_POINT('Origin',(-22.4357415745338,-22.9999999999999,28.438255407635));
#17359=CARTESIAN_POINT('',(-22.0370881029501,-19.9999999999999,25.7173042118959));
#17360=CARTESIAN_POINT('Origin',(-22.4357415745338,-19.9999999999999,28.438255407635));
#17361=CARTESIAN_POINT('',(-22.0370881029501,-22.9999999999999,25.7173042118959));
#17362=CARTESIAN_POINT('',(-22.0370881029501,-22.9999999999999,25.7173042118959));
#17363=CARTESIAN_POINT('Origin',(-22.4357415745338,-22.9999999999999,28.438255407635));
#17364=CARTESIAN_POINT('Origin',(-22.4357415745338,-22.9999999999999,28.438255407635));
#17365=CARTESIAN_POINT('',(-22.2265027662318,-22.9999999999999,27.0101264028061));
#17366=CARTESIAN_POINT('',(-21.0943261723195,-22.9999999999999,27.9053970286677));
#17367=CARTESIAN_POINT('',(-22.2265027662318,-22.9999999999999,27.0101264028061));
#17368=CARTESIAN_POINT('',(-23.567918168446,-22.9999999999999,27.5429847817734));
#17369=CARTESIAN_POINT('',(-23.567918168446,-22.9999999999999,27.5429847817734));
#17370=CARTESIAN_POINT('',(-23.7771569767481,-22.9999999999999,28.9711137866024));
#17371=CARTESIAN_POINT('',(-23.7771569767481,-22.9999999999999,28.9711137866024));
#17372=CARTESIAN_POINT('',(-22.6449803828358,-22.9999999999999,29.866384412464));
#17373=CARTESIAN_POINT('',(-22.6449803828358,-22.9999999999999,29.866384412464));
#17374=CARTESIAN_POINT('',(-21.3035649806216,-22.9999999999999,29.3335260334966));
#17375=CARTESIAN_POINT('',(-21.3035649806216,-22.9999999999999,29.3335260334966));
#17376=CARTESIAN_POINT('',(-21.0943261723195,-22.9999999999999,27.9053970286677));
#17377=CARTESIAN_POINT('Origin',(-22.4357415745338,-19.9999999999999,28.438255407635));
#17378=CARTESIAN_POINT('Origin',(-22.2589568804988,2.00000000000011,27.2316372319245));
#17379=CARTESIAN_POINT('Origin',(-22.2265027662318,-21.6999999999999,27.0101264028061));
#17380=CARTESIAN_POINT('',(-21.0943261723195,-21.6999999999999,27.9053970286677));
#17381=CARTESIAN_POINT('',(-21.0943261723195,-21.6999999999999,27.9053970286677));
#17382=CARTESIAN_POINT('',(-22.2265027662318,-21.6999999999999,27.0101264028061));
#17383=CARTESIAN_POINT('',(-22.2265027662318,-21.6999999999999,27.0101264028061));
#17384=CARTESIAN_POINT('',(-22.2265027662318,-21.6999999999999,27.0101264028061));
#17385=CARTESIAN_POINT('Origin',(-23.567918168446,-21.6999999999999,27.5429847817734));
#17386=CARTESIAN_POINT('',(-23.567918168446,-21.6999999999999,27.5429847817734));
#17387=CARTESIAN_POINT('',(-23.567918168446,-21.6999999999999,27.5429847817734));
#17388=CARTESIAN_POINT('',(-23.567918168446,-21.6999999999999,27.5429847817734));
#17389=CARTESIAN_POINT('Origin',(-23.7771569767481,-21.6999999999999,28.9711137866024));
#17390=CARTESIAN_POINT('',(-23.7771569767481,-21.6999999999999,28.9711137866024));
#17391=CARTESIAN_POINT('',(-23.7771569767481,-21.6999999999999,28.9711137866024));
#17392=CARTESIAN_POINT('',(-23.7771569767481,-21.6999999999999,28.9711137866024));
#17393=CARTESIAN_POINT('Origin',(-22.6449803828358,-21.6999999999999,29.866384412464));
#17394=CARTESIAN_POINT('',(-22.6449803828358,-21.6999999999999,29.866384412464));
#17395=CARTESIAN_POINT('',(-22.6449803828358,-21.6999999999999,29.866384412464));
#17396=CARTESIAN_POINT('',(-22.6449803828358,-21.6999999999999,29.866384412464));
#17397=CARTESIAN_POINT('Origin',(-21.3035649806216,-21.6999999999999,29.3335260334966));
#17398=CARTESIAN_POINT('',(-21.3035649806216,-21.6999999999999,29.3335260334966));
#17399=CARTESIAN_POINT('',(-21.3035649806216,-21.6999999999999,29.3335260334966));
#17400=CARTESIAN_POINT('',(-21.3035649806216,-21.6999999999999,29.3335260334966));
#17401=CARTESIAN_POINT('Origin',(-21.0943261723195,-21.6999999999999,27.9053970286677));
#17402=CARTESIAN_POINT('',(-21.0943261723195,-21.6999999999999,27.9053970286677));
#17403=CARTESIAN_POINT('Origin',(-22.4357415745338,-21.6999999999999,28.438255407635));
#17404=CARTESIAN_POINT('Origin',(-22.435741574534,-19.4999999999999,28.438255407635));
#17405=CARTESIAN_POINT('',(-23.2563990517852,-19.4999999999999,29.8117623442872));
#17406=CARTESIAN_POINT('Origin',(-22.435741574534,-19.4999999999999,28.438255407635));
#17407=CARTESIAN_POINT('',(-23.2563990517852,-19.9999999999999,29.8117623442872));
#17408=CARTESIAN_POINT('',(-23.2563990517852,-19.4999999999999,29.8117623442872));
#17409=CARTESIAN_POINT('Origin',(-22.435741574534,-19.9999999999999,28.438255407635));
#17410=CARTESIAN_POINT('Origin',(-22.435741574534,-19.4999999999999,28.438255407635));
#17411=CARTESIAN_POINT('',(-23.97447434438,-19.9999999999999,31.0135809138579));
#17412=CARTESIAN_POINT('Origin',(-22.435741574534,-19.9999999999999,28.438255407635));
#17413=CARTESIAN_POINT('',(-23.97447434438,-19.4999999999999,31.0135809138579));
#17414=CARTESIAN_POINT('',(-23.97447434438,-19.4999999999999,31.0135809138579));
#17415=CARTESIAN_POINT('Origin',(-22.435741574534,-19.4999999999999,28.438255407635));
#17416=CARTESIAN_POINT('Origin',(-22.435741574534,-19.4999999999999,28.438255407635));
#17417=CARTESIAN_POINT('Origin',(-22.435741574534,-19.9999999999999,28.438255407635));
#17418=CARTESIAN_POINT('Origin',(-22.4357415745339,20.0000000000001,28.4382554076348));
#17419=CARTESIAN_POINT('',(-23.5385000595903,20.0000000000001,30.2839053537612));
#17420=CARTESIAN_POINT('Origin',(-22.4357415745339,20.0000000000001,28.4382554076348));
#17421=CARTESIAN_POINT('',(-23.5385000595903,19.5000000000001,30.2839053537612));
#17422=CARTESIAN_POINT('',(-23.5385000595903,20.0000000000001,30.2839053537612));
#17423=CARTESIAN_POINT('Origin',(-22.4357415745339,19.5000000000001,28.4382554076348));
#17424=CARTESIAN_POINT('Origin',(-22.4357415745339,20.0000000000001,28.4382554076348));
#17425=CARTESIAN_POINT('',(-24.487385267662,19.5000000000001,31.8720227492653));
#17426=CARTESIAN_POINT('Origin',(-22.4357415745339,19.5000000000001,28.4382554076348));
#17427=CARTESIAN_POINT('',(-24.487385267662,20.0000000000001,31.8720227492653));
#17428=CARTESIAN_POINT('',(-24.487385267662,20.0000000000001,31.8720227492653));
#17429=CARTESIAN_POINT('Origin',(-22.4357415745339,20.0000000000001,28.4382554076348));
#17430=CARTESIAN_POINT('Origin',(-22.4357415745339,20.0000000000001,28.4382554076348));
#17431=CARTESIAN_POINT('Origin',(-22.4357415745339,19.5000000000001,28.4382554076348));
#17432=CARTESIAN_POINT('Origin',(7.10372631319214E-13,-19.4999999999999,
-49.9999999999999));
#17433=CARTESIAN_POINT('',(-0.820657477250496,-19.4999999999999,-48.6264930633477));
#17434=CARTESIAN_POINT('Origin',(7.10372631319214E-13,-19.4999999999999,
-49.9999999999999));
#17435=CARTESIAN_POINT('',(-0.820657477250496,-19.9999999999999,-48.6264930633477));
#17436=CARTESIAN_POINT('',(-0.820657477250496,-19.4999999999999,-48.6264930633477));
#17437=CARTESIAN_POINT('Origin',(7.10712840200987E-13,-19.9999999999999,
-49.9999999999999));
#17438=CARTESIAN_POINT('Origin',(7.10372631319214E-13,-19.4999999999999,
-49.9999999999999));
#17439=CARTESIAN_POINT('',(-1.5387327698453,-19.9999999999999,-47.4246744937771));
#17440=CARTESIAN_POINT('Origin',(7.10712840200987E-13,-19.9999999999999,
-49.9999999999999));
#17441=CARTESIAN_POINT('',(-1.5387327698453,-19.4999999999999,-47.4246744937771));
#17442=CARTESIAN_POINT('',(-1.5387327698453,-19.4999999999999,-47.4246744937771));
#17443=CARTESIAN_POINT('Origin',(7.10372631319214E-13,-19.4999999999999,
-49.9999999999999));
#17444=CARTESIAN_POINT('Origin',(7.10372631319214E-13,-19.4999999999999,
-49.9999999999999));
#17445=CARTESIAN_POINT('Origin',(7.10712840200987E-13,-19.9999999999999,
-49.9999999999999));
#17446=CARTESIAN_POINT('Origin',(7.10372631319214E-13,-19.5,-94.9999999999999));
#17447=CARTESIAN_POINT('',(-0.820657477250496,-19.5,-93.6264930633477));
#17448=CARTESIAN_POINT('Origin',(7.10372631319214E-13,-19.5,-94.9999999999999));
#17449=CARTESIAN_POINT('',(-0.820657477250496,-20.,-93.6264930633477));
#17450=CARTESIAN_POINT('',(-0.820657477250496,-19.5,-93.6264930633477));
#17451=CARTESIAN_POINT('Origin',(7.10712840200987E-13,-20.,-94.9999999999999));
#17452=CARTESIAN_POINT('Origin',(7.10372631319214E-13,-19.5,-94.9999999999999));
#17453=CARTESIAN_POINT('',(-1.5387327698453,-20.,-92.4246744937771));
#17454=CARTESIAN_POINT('Origin',(7.10712840200987E-13,-20.,-94.9999999999999));
#17455=CARTESIAN_POINT('',(-1.5387327698453,-19.5,-92.4246744937771));
#17456=CARTESIAN_POINT('',(-1.5387327698453,-19.5,-92.4246744937771));
#17457=CARTESIAN_POINT('Origin',(7.10372631319214E-13,-19.5,-94.9999999999999));
#17458=CARTESIAN_POINT('Origin',(7.10372631319214E-13,-19.5,-94.9999999999999));
#17459=CARTESIAN_POINT('Origin',(7.10712840200987E-13,-20.,-94.9999999999999));
#17460=CARTESIAN_POINT('Origin',(7.10372631319214E-13,-19.5,-140.));
#17461=CARTESIAN_POINT('',(-0.820657477250496,-19.5,-138.626493063348));
#17462=CARTESIAN_POINT('Origin',(7.10372631319214E-13,-19.5,-140.));
#17463=CARTESIAN_POINT('',(-0.820657477250496,-20.,-138.626493063348));
#17464=CARTESIAN_POINT('',(-0.820657477250496,-19.5,-138.626493063348));
#17465=CARTESIAN_POINT('Origin',(7.10712840200987E-13,-20.,-140.));
#17466=CARTESIAN_POINT('Origin',(7.10372631319214E-13,-19.5,-140.));
#17467=CARTESIAN_POINT('',(-1.5387327698453,-20.,-137.424674493777));
#17468=CARTESIAN_POINT('Origin',(7.10712840200987E-13,-20.,-140.));
#17469=CARTESIAN_POINT('',(-1.5387327698453,-19.5,-137.424674493777));
#17470=CARTESIAN_POINT('',(-1.5387327698453,-19.5,-137.424674493777));
#17471=CARTESIAN_POINT('Origin',(7.10372631319214E-13,-19.5,-140.));
#17472=CARTESIAN_POINT('Origin',(7.10372631319214E-13,-19.5,-140.));
#17473=CARTESIAN_POINT('Origin',(7.10712840200987E-13,-20.,-140.));
#17474=CARTESIAN_POINT('Origin',(9.2370555648813E-13,-19.9999999999999,
-49.9999999999999));
#17475=CARTESIAN_POINT('',(-0.217447348135639,-19.9999999999999,-48.515844802324));
#17476=CARTESIAN_POINT('Origin',(9.2370555648813E-13,-19.9999999999999,
-49.9999999999999));
#17477=CARTESIAN_POINT('',(-0.217447348135658,1.71950000000007,-48.515844802324));
#17478=CARTESIAN_POINT('',(-0.217447348135639,-19.9999999999999,-48.515844802324));
#17479=CARTESIAN_POINT('Origin',(9.04876370636804E-13,1.71950000000007,
-49.9999999999999));
#17480=CARTESIAN_POINT('Origin',(9.04876370636804E-13,1.71950000000007,
-49.9999999999999));
#17481=CARTESIAN_POINT('',(-0.176784694034121,2.00000000000007,-48.7933818242894));
#17482=CARTESIAN_POINT('',(-0.217447348135658,1.71950000000007,-48.515844802324));
#17483=CARTESIAN_POINT('Origin',(9.04633198066934E-13,2.00000000000007,
-49.9999999999999));
#17484=CARTESIAN_POINT('Origin',(9.26306332636475E-13,-22.9999999999999,
-49.9999999999999));
#17485=CARTESIAN_POINT('',(0.398653471584621,-19.9999999999999,-52.7209511957391));
#17486=CARTESIAN_POINT('Origin',(9.2370555648813E-13,-19.9999999999999,
-49.9999999999999));
#17487=CARTESIAN_POINT('',(0.398653471584624,-22.9999999999999,-52.7209511957391));
#17488=CARTESIAN_POINT('',(0.398653471584624,-22.9999999999999,-52.7209511957391));
#17489=CARTESIAN_POINT('Origin',(9.26306332636475E-13,-22.9999999999999,
-49.9999999999999));
#17490=CARTESIAN_POINT('Origin',(9.26306332636475E-13,-22.9999999999999,
-49.9999999999999));
#17491=CARTESIAN_POINT('',(0.209238808302951,-22.9999999999999,-51.4281290048289));
#17492=CARTESIAN_POINT('',(1.34141540221518,-22.9999999999999,-50.5328583789673));
#17493=CARTESIAN_POINT('',(0.209238808302951,-22.9999999999999,-51.4281290048289));
#17494=CARTESIAN_POINT('',(-1.13217659391131,-22.9999999999999,-50.8952706258615));
#17495=CARTESIAN_POINT('',(-1.13217659391131,-22.9999999999999,-50.8952706258615));
#17496=CARTESIAN_POINT('',(-1.34141540221333,-22.9999999999999,-49.4671416210326));
#17497=CARTESIAN_POINT('',(-1.34141540221333,-22.9999999999999,-49.4671416210326));
#17498=CARTESIAN_POINT('',(-0.209238808301098,-22.9999999999999,-48.571870995171));
#17499=CARTESIAN_POINT('',(-0.209238808301098,-22.9999999999999,-48.571870995171));
#17500=CARTESIAN_POINT('',(1.13217659391316,-22.9999999999999,-49.1047293741383));
#17501=CARTESIAN_POINT('',(1.13217659391316,-22.9999999999999,-49.1047293741383));
#17502=CARTESIAN_POINT('',(1.34141540221518,-22.9999999999999,-50.5328583789673));
#17503=CARTESIAN_POINT('Origin',(9.2370555648813E-13,-19.9999999999999,
-49.9999999999999));
#17504=CARTESIAN_POINT('Origin',(0.17678469403593,2.00000000000007,-51.2066181757104));
#17505=CARTESIAN_POINT('Origin',(0.20923880830295,-21.6999999999999,-51.4281290048289));
#17506=CARTESIAN_POINT('',(1.34141540221518,-21.6999999999999,-50.5328583789673));
#17507=CARTESIAN_POINT('',(1.34141540221518,-21.6999999999999,-50.5328583789673));
#17508=CARTESIAN_POINT('',(0.20923880830295,-21.6999999999999,-51.4281290048289));
#17509=CARTESIAN_POINT('',(0.20923880830295,-21.6999999999999,-51.4281290048289));
#17510=CARTESIAN_POINT('',(0.20923880830295,-21.6999999999999,-51.4281290048289));
#17511=CARTESIAN_POINT('Origin',(-1.13217659391131,-21.6999999999999,-50.8952706258615));
#17512=CARTESIAN_POINT('',(-1.13217659391131,-21.6999999999999,-50.8952706258615));
#17513=CARTESIAN_POINT('',(-1.13217659391131,-21.6999999999999,-50.8952706258615));
#17514=CARTESIAN_POINT('',(-1.13217659391131,-21.6999999999999,-50.8952706258615));
#17515=CARTESIAN_POINT('Origin',(-1.34141540221333,-21.6999999999999,-49.4671416210326));
#17516=CARTESIAN_POINT('',(-1.34141540221333,-21.6999999999999,-49.4671416210326));
#17517=CARTESIAN_POINT('',(-1.34141540221333,-21.6999999999999,-49.4671416210326));
#17518=CARTESIAN_POINT('',(-1.34141540221333,-21.6999999999999,-49.4671416210326));
#17519=CARTESIAN_POINT('Origin',(-0.209238808301099,-21.6999999999999,-48.571870995171));
#17520=CARTESIAN_POINT('',(-0.209238808301099,-21.6999999999999,-48.571870995171));
#17521=CARTESIAN_POINT('',(-0.209238808301099,-21.6999999999999,-48.571870995171));
#17522=CARTESIAN_POINT('',(-0.209238808301099,-21.6999999999999,-48.571870995171));
#17523=CARTESIAN_POINT('Origin',(1.13217659391316,-21.6999999999999,-49.1047293741383));
#17524=CARTESIAN_POINT('',(1.13217659391316,-21.6999999999999,-49.1047293741383));
#17525=CARTESIAN_POINT('',(1.13217659391316,-21.6999999999999,-49.1047293741383));
#17526=CARTESIAN_POINT('',(1.13217659391316,-21.6999999999999,-49.1047293741383));
#17527=CARTESIAN_POINT('Origin',(1.34141540221518,-21.6999999999999,-50.5328583789673));
#17528=CARTESIAN_POINT('',(1.34141540221518,-21.6999999999999,-50.5328583789673));
#17529=CARTESIAN_POINT('Origin',(9.25179329638859E-13,-21.6999999999999,
-49.9999999999999));
#17530=CARTESIAN_POINT('Origin',(9.2370555648813E-13,-20.,-94.9999999999999));
#17531=CARTESIAN_POINT('',(-0.217447348135639,-20.,-93.515844802324));
#17532=CARTESIAN_POINT('Origin',(9.2370555648813E-13,-20.,-94.9999999999999));
#17533=CARTESIAN_POINT('',(-0.217447348135658,1.71950000000004,-93.515844802324));
#17534=CARTESIAN_POINT('',(-0.217447348135639,-20.,-93.515844802324));
#17535=CARTESIAN_POINT('Origin',(9.04876370636804E-13,1.71950000000004,
-94.9999999999999));
#17536=CARTESIAN_POINT('Origin',(9.04876370636804E-13,1.71950000000004,
-94.9999999999999));
#17537=CARTESIAN_POINT('',(-0.176784694034121,2.00000000000004,-93.7933818242894));
#17538=CARTESIAN_POINT('',(-0.217447348135658,1.71950000000004,-93.515844802324));
#17539=CARTESIAN_POINT('Origin',(9.04633198066934E-13,2.00000000000004,
-94.9999999999999));
#17540=CARTESIAN_POINT('Origin',(9.26306332636475E-13,-23.,-94.9999999999999));
#17541=CARTESIAN_POINT('',(0.398653471584621,-20.,-97.7209511957391));
#17542=CARTESIAN_POINT('Origin',(9.2370555648813E-13,-20.,-94.9999999999999));
#17543=CARTESIAN_POINT('',(0.398653471584624,-23.,-97.7209511957391));
#17544=CARTESIAN_POINT('',(0.398653471584624,-23.,-97.7209511957391));
#17545=CARTESIAN_POINT('Origin',(9.26306332636475E-13,-23.,-94.9999999999999));
#17546=CARTESIAN_POINT('Origin',(9.26306332636475E-13,-23.,-94.9999999999999));
#17547=CARTESIAN_POINT('',(0.209238808302951,-23.,-96.4281290048289));
#17548=CARTESIAN_POINT('',(1.34141540221518,-23.,-95.5328583789672));
#17549=CARTESIAN_POINT('',(0.209238808302951,-23.,-96.4281290048289));
#17550=CARTESIAN_POINT('',(-1.13217659391131,-23.,-95.8952706258615));
#17551=CARTESIAN_POINT('',(-1.13217659391131,-23.,-95.8952706258615));
#17552=CARTESIAN_POINT('',(-1.34141540221333,-23.,-94.4671416210326));
#17553=CARTESIAN_POINT('',(-1.34141540221333,-23.,-94.4671416210326));
#17554=CARTESIAN_POINT('',(-0.209238808301098,-23.,-93.571870995171));
#17555=CARTESIAN_POINT('',(-0.209238808301098,-23.,-93.571870995171));
#17556=CARTESIAN_POINT('',(1.13217659391316,-23.,-94.1047293741383));
#17557=CARTESIAN_POINT('',(1.13217659391316,-23.,-94.1047293741383));
#17558=CARTESIAN_POINT('',(1.34141540221518,-23.,-95.5328583789672));
#17559=CARTESIAN_POINT('Origin',(9.2370555648813E-13,-20.,-94.9999999999999));
#17560=CARTESIAN_POINT('Origin',(0.17678469403593,2.00000000000004,-96.2066181757104));
#17561=CARTESIAN_POINT('Origin',(0.20923880830295,-21.7,-96.4281290048289));
#17562=CARTESIAN_POINT('',(1.34141540221518,-21.7,-95.5328583789672));
#17563=CARTESIAN_POINT('',(1.34141540221518,-21.7,-95.5328583789672));
#17564=CARTESIAN_POINT('',(0.20923880830295,-21.7,-96.4281290048289));
#17565=CARTESIAN_POINT('',(0.20923880830295,-21.7,-96.4281290048289));
#17566=CARTESIAN_POINT('',(0.20923880830295,-21.7,-96.4281290048289));
#17567=CARTESIAN_POINT('Origin',(-1.13217659391131,-21.7,-95.8952706258615));
#17568=CARTESIAN_POINT('',(-1.13217659391131,-21.7,-95.8952706258615));
#17569=CARTESIAN_POINT('',(-1.13217659391131,-21.7,-95.8952706258615));
#17570=CARTESIAN_POINT('',(-1.13217659391131,-21.7,-95.8952706258615));
#17571=CARTESIAN_POINT('Origin',(-1.34141540221333,-21.7,-94.4671416210326));
#17572=CARTESIAN_POINT('',(-1.34141540221333,-21.7,-94.4671416210326));
#17573=CARTESIAN_POINT('',(-1.34141540221333,-21.7,-94.4671416210326));
#17574=CARTESIAN_POINT('',(-1.34141540221333,-21.7,-94.4671416210326));
#17575=CARTESIAN_POINT('Origin',(-0.209238808301099,-21.7,-93.571870995171));
#17576=CARTESIAN_POINT('',(-0.209238808301099,-21.7,-93.571870995171));
#17577=CARTESIAN_POINT('',(-0.209238808301099,-21.7,-93.571870995171));
#17578=CARTESIAN_POINT('',(-0.209238808301099,-21.7,-93.571870995171));
#17579=CARTESIAN_POINT('Origin',(1.13217659391316,-21.7,-94.1047293741383));
#17580=CARTESIAN_POINT('',(1.13217659391316,-21.7,-94.1047293741383));
#17581=CARTESIAN_POINT('',(1.13217659391316,-21.7,-94.1047293741383));
#17582=CARTESIAN_POINT('',(1.13217659391316,-21.7,-94.1047293741383));
#17583=CARTESIAN_POINT('Origin',(1.34141540221518,-21.7,-95.5328583789672));
#17584=CARTESIAN_POINT('',(1.34141540221518,-21.7,-95.5328583789672));
#17585=CARTESIAN_POINT('Origin',(9.25179329638859E-13,-21.7,-94.9999999999999));
#17586=CARTESIAN_POINT('Origin',(9.2370555648813E-13,-20.,-140.));
#17587=CARTESIAN_POINT('',(-0.217447348135639,-20.,-138.515844802324));
#17588=CARTESIAN_POINT('Origin',(9.2370555648813E-13,-20.,-140.));
#17589=CARTESIAN_POINT('',(-0.217447348135658,1.71950000000002,-138.515844802324));
#17590=CARTESIAN_POINT('',(-0.217447348135639,-20.,-138.515844802324));
#17591=CARTESIAN_POINT('Origin',(9.04876370636804E-13,1.71950000000002,
-140.));
#17592=CARTESIAN_POINT('Origin',(9.04876370636804E-13,1.71950000000002,
-140.));
#17593=CARTESIAN_POINT('',(-0.176784694034121,2.00000000000002,-138.793381824289));
#17594=CARTESIAN_POINT('',(-0.217447348135658,1.71950000000002,-138.515844802324));
#17595=CARTESIAN_POINT('Origin',(9.04633198066934E-13,2.00000000000002,
-140.));
#17596=CARTESIAN_POINT('Origin',(9.26306332636475E-13,-23.,-140.));
#17597=CARTESIAN_POINT('',(0.398653471584621,-20.,-142.720951195739));
#17598=CARTESIAN_POINT('Origin',(9.2370555648813E-13,-20.,-140.));
#17599=CARTESIAN_POINT('',(0.398653471584624,-23.,-142.720951195739));
#17600=CARTESIAN_POINT('',(0.398653471584624,-23.,-142.720951195739));
#17601=CARTESIAN_POINT('Origin',(9.26306332636475E-13,-23.,-140.));
#17602=CARTESIAN_POINT('Origin',(9.26306332636475E-13,-23.,-140.));
#17603=CARTESIAN_POINT('',(0.209238808302951,-23.,-141.428129004829));
#17604=CARTESIAN_POINT('',(1.34141540221518,-23.,-140.532858378967));
#17605=CARTESIAN_POINT('',(0.209238808302951,-23.,-141.428129004829));
#17606=CARTESIAN_POINT('',(-1.13217659391131,-23.,-140.895270625861));
#17607=CARTESIAN_POINT('',(-1.13217659391131,-23.,-140.895270625861));
#17608=CARTESIAN_POINT('',(-1.34141540221333,-23.,-139.467141621033));
#17609=CARTESIAN_POINT('',(-1.34141540221333,-23.,-139.467141621033));
#17610=CARTESIAN_POINT('',(-0.209238808301098,-23.,-138.571870995171));
#17611=CARTESIAN_POINT('',(-0.209238808301098,-23.,-138.571870995171));
#17612=CARTESIAN_POINT('',(1.13217659391316,-23.,-139.104729374138));
#17613=CARTESIAN_POINT('',(1.13217659391316,-23.,-139.104729374138));
#17614=CARTESIAN_POINT('',(1.34141540221518,-23.,-140.532858378967));
#17615=CARTESIAN_POINT('Origin',(9.2370555648813E-13,-20.,-140.));
#17616=CARTESIAN_POINT('Origin',(0.17678469403593,2.00000000000002,-141.20661817571));
#17617=CARTESIAN_POINT('Origin',(0.20923880830295,-21.7,-141.428129004829));
#17618=CARTESIAN_POINT('',(1.34141540221518,-21.7,-140.532858378967));
#17619=CARTESIAN_POINT('',(1.34141540221518,-21.7,-140.532858378967));
#17620=CARTESIAN_POINT('',(0.20923880830295,-21.7,-141.428129004829));
#17621=CARTESIAN_POINT('',(0.20923880830295,-21.7,-141.428129004829));
#17622=CARTESIAN_POINT('',(0.20923880830295,-21.7,-141.428129004829));
#17623=CARTESIAN_POINT('Origin',(-1.13217659391131,-21.7,-140.895270625861));
#17624=CARTESIAN_POINT('',(-1.13217659391131,-21.7,-140.895270625861));
#17625=CARTESIAN_POINT('',(-1.13217659391131,-21.7,-140.895270625861));
#17626=CARTESIAN_POINT('',(-1.13217659391131,-21.7,-140.895270625861));
#17627=CARTESIAN_POINT('Origin',(-1.34141540221333,-21.7,-139.467141621033));
#17628=CARTESIAN_POINT('',(-1.34141540221333,-21.7,-139.467141621033));
#17629=CARTESIAN_POINT('',(-1.34141540221333,-21.7,-139.467141621033));
#17630=CARTESIAN_POINT('',(-1.34141540221333,-21.7,-139.467141621033));
#17631=CARTESIAN_POINT('Origin',(-0.209238808301099,-21.7,-138.571870995171));
#17632=CARTESIAN_POINT('',(-0.209238808301099,-21.7,-138.571870995171));
#17633=CARTESIAN_POINT('',(-0.209238808301099,-21.7,-138.571870995171));
#17634=CARTESIAN_POINT('',(-0.209238808301099,-21.7,-138.571870995171));
#17635=CARTESIAN_POINT('Origin',(1.13217659391316,-21.7,-139.104729374138));
#17636=CARTESIAN_POINT('',(1.13217659391316,-21.7,-139.104729374138));
#17637=CARTESIAN_POINT('',(1.13217659391316,-21.7,-139.104729374138));
#17638=CARTESIAN_POINT('',(1.13217659391316,-21.7,-139.104729374138));
#17639=CARTESIAN_POINT('Origin',(1.34141540221518,-21.7,-140.532858378967));
#17640=CARTESIAN_POINT('',(1.34141540221518,-21.7,-140.532858378967));
#17641=CARTESIAN_POINT('Origin',(9.25179329638859E-13,-21.7,-140.));
#17642=CARTESIAN_POINT('Origin',(8.52421214261853E-13,20.0000000000001,
-50.0000000000002));
#17643=CARTESIAN_POINT('',(-1.10275848505546,20.0000000000001,-48.1543500538738));
#17644=CARTESIAN_POINT('Origin',(8.52421214261853E-13,20.0000000000001,
-50.0000000000002));
#17645=CARTESIAN_POINT('',(-1.10275848505546,19.5000000000001,-48.1543500538738));
#17646=CARTESIAN_POINT('',(-1.10275848505546,20.0000000000001,-48.1543500538738));
#17647=CARTESIAN_POINT('Origin',(8.5265128291212E-13,19.5000000000001,-50.0000000000002));
#17648=CARTESIAN_POINT('Origin',(8.52421214261853E-13,20.0000000000001,
-50.0000000000002));
#17649=CARTESIAN_POINT('',(-2.05164369312716,19.5000000000001,-46.5662326583697));
#17650=CARTESIAN_POINT('Origin',(8.5265128291212E-13,19.5000000000001,-50.0000000000002));
#17651=CARTESIAN_POINT('',(-2.05164369312716,20.0000000000001,-46.5662326583697));
#17652=CARTESIAN_POINT('',(-2.05164369312716,20.0000000000001,-46.5662326583697));
#17653=CARTESIAN_POINT('Origin',(8.52421214261853E-13,20.0000000000001,
-50.0000000000002));
#17654=CARTESIAN_POINT('Origin',(8.52421214261853E-13,20.0000000000001,
-50.0000000000002));
#17655=CARTESIAN_POINT('Origin',(8.5265128291212E-13,19.5000000000001,-50.0000000000002));
#17656=CARTESIAN_POINT('Origin',(8.52421214261853E-13,20.0000000000001,
-95.0000000000002));
#17657=CARTESIAN_POINT('',(-1.10275848505546,20.0000000000001,-93.1543500538738));
#17658=CARTESIAN_POINT('Origin',(8.52421214261853E-13,20.0000000000001,
-95.0000000000002));
#17659=CARTESIAN_POINT('',(-1.10275848505546,19.5000000000001,-93.1543500538738));
#17660=CARTESIAN_POINT('',(-1.10275848505546,20.0000000000001,-93.1543500538738));
#17661=CARTESIAN_POINT('Origin',(8.5265128291212E-13,19.5000000000001,-95.0000000000002));
#17662=CARTESIAN_POINT('Origin',(8.52421214261853E-13,20.0000000000001,
-95.0000000000002));
#17663=CARTESIAN_POINT('',(-2.05164369312716,19.5000000000001,-91.5662326583697));
#17664=CARTESIAN_POINT('Origin',(8.5265128291212E-13,19.5000000000001,-95.0000000000002));
#17665=CARTESIAN_POINT('',(-2.05164369312716,20.0000000000001,-91.5662326583697));
#17666=CARTESIAN_POINT('',(-2.05164369312716,20.0000000000001,-91.5662326583697));
#17667=CARTESIAN_POINT('Origin',(8.52421214261853E-13,20.0000000000001,
-95.0000000000002));
#17668=CARTESIAN_POINT('Origin',(8.52421214261853E-13,20.0000000000001,
-95.0000000000002));
#17669=CARTESIAN_POINT('Origin',(8.5265128291212E-13,19.5000000000001,-95.0000000000002));
#17670=CARTESIAN_POINT('Origin',(8.52421214261853E-13,20.,-140.));
#17671=CARTESIAN_POINT('',(-1.10275848505546,20.,-138.154350053874));
#17672=CARTESIAN_POINT('Origin',(8.52421214261853E-13,20.,-140.));
#17673=CARTESIAN_POINT('',(-1.10275848505546,19.5,-138.154350053874));
#17674=CARTESIAN_POINT('',(-1.10275848505546,20.,-138.154350053874));
#17675=CARTESIAN_POINT('Origin',(8.5265128291212E-13,19.5,-140.));
#17676=CARTESIAN_POINT('Origin',(8.52421214261853E-13,20.,-140.));
#17677=CARTESIAN_POINT('',(-2.05164369312716,19.5,-136.56623265837));
#17678=CARTESIAN_POINT('Origin',(8.5265128291212E-13,19.5,-140.));
#17679=CARTESIAN_POINT('',(-2.05164369312716,20.,-136.56623265837));
#17680=CARTESIAN_POINT('',(-2.05164369312716,20.,-136.56623265837));
#17681=CARTESIAN_POINT('Origin',(8.52421214261853E-13,20.,-140.));
#17682=CARTESIAN_POINT('Origin',(8.52421214261853E-13,20.,-140.));
#17683=CARTESIAN_POINT('Origin',(8.5265128291212E-13,19.5,-140.));
#17684=CARTESIAN_POINT('Origin',(1.07236697423716E-12,0.,-49.9999999999997));
#17685=CARTESIAN_POINT('',(-1.07305229425845,5.5,-50.6411386541022));
#17686=CARTESIAN_POINT('Origin',(1.07070610841764E-12,5.5,-49.9999999999997));
#17687=CARTESIAN_POINT('',(-1.07305229425845,-3.80812839744111E-16,-50.6411386541022));
#17688=CARTESIAN_POINT('',(-1.07305229425845,-3.80812839744111E-16,-50.6411386541022));
#17689=CARTESIAN_POINT('Origin',(1.07236697423716E-12,0.,-49.9999999999997));
#17690=CARTESIAN_POINT('Origin',(1.07070610841764E-12,5.5,-49.9999999999997));
#17691=CARTESIAN_POINT('',(1.07126460540427E-12,6.25107577378445,-49.9999999999997));
#17692=CARTESIAN_POINT('',(-1.07305229425845,5.5,-50.6411386541022));
#17693=CARTESIAN_POINT('Origin',(1.06581410364015E-12,21.7,-49.9999999999997));
#17694=CARTESIAN_POINT('',(1.71688367081631,20.,-48.9741781534357));
#17695=CARTESIAN_POINT('Origin',(1.06632746216618E-12,20.,-49.9999999999997));
#17696=CARTESIAN_POINT('',(1.71688367081631,0.,-48.9741781534357));
#17697=CARTESIAN_POINT('',(1.7168836708163,21.7,-48.9741781534357));
#17698=CARTESIAN_POINT('Origin',(1.07236697423716E-12,0.,-49.9999999999997));
#17699=CARTESIAN_POINT('Origin',(1.06581410364015E-12,21.7,-49.9999999999997));
#17700=CARTESIAN_POINT('',(3.64837780048345,21.7,-47.8201285760512));
#17701=CARTESIAN_POINT('Origin',(1.06581410364015E-12,21.7,-49.9999999999997));
#17702=CARTESIAN_POINT('',(3.64837780048345,20.,-47.8201285760512));
#17703=CARTESIAN_POINT('',(3.64837780048345,21.7,-47.8201285760512));
#17704=CARTESIAN_POINT('Origin',(1.06632746216618E-12,20.,-49.9999999999997));
#17705=CARTESIAN_POINT('Origin',(1.06581410364015E-12,21.7,-49.9999999999997));
#17706=CARTESIAN_POINT('',(-0.740323149066845,21.7,-48.7609459381092));
#17707=CARTESIAN_POINT('',(0.702890719726635,21.7,-48.7393343149519));
#17708=CARTESIAN_POINT('',(-0.740323149066845,21.7,-48.7609459381092));
#17709=CARTESIAN_POINT('',(-1.44321386879241,21.7,-50.0216116231569));
#17710=CARTESIAN_POINT('',(-1.44321386879241,21.7,-50.0216116231569));
#17711=CARTESIAN_POINT('',(-0.702890719724503,21.7,-51.2606656850475));
#17712=CARTESIAN_POINT('',(-0.702890719724503,21.7,-51.2606656850475));
#17713=CARTESIAN_POINT('',(0.740323149068977,21.7,-51.2390540618903));
#17714=CARTESIAN_POINT('',(0.740323149068977,21.7,-51.2390540618903));
#17715=CARTESIAN_POINT('',(1.44321386879455,21.7,-49.9783883768425));
#17716=CARTESIAN_POINT('',(1.44321386879455,21.7,-49.9783883768425));
#17717=CARTESIAN_POINT('',(0.702890719726635,21.7,-48.7393343149519));
#17718=CARTESIAN_POINT('Origin',(2.17987142394958,20.,-53.6483778004821));
#17719=CARTESIAN_POINT('Origin',(1.02582184656508,0.,-51.716883670815));
#17720=CARTESIAN_POINT('Origin',(-1.44321386879241,19.7,-50.0216116231569));
#17721=CARTESIAN_POINT('',(-0.740323149066844,19.7,-48.7609459381092));
#17722=CARTESIAN_POINT('',(-0.740323149066844,19.7,-48.7609459381092));
#17723=CARTESIAN_POINT('',(-1.44321386879241,19.7,-50.0216116231569));
#17724=CARTESIAN_POINT('',(-1.44321386879241,19.7,-50.0216116231569));
#17725=CARTESIAN_POINT('',(-1.44321386879241,19.7,-50.0216116231569));
#17726=CARTESIAN_POINT('Origin',(-0.702890719724503,19.7,-51.2606656850475));
#17727=CARTESIAN_POINT('',(-0.702890719724503,19.7,-51.2606656850475));
#17728=CARTESIAN_POINT('',(-0.702890719724503,19.7,-51.2606656850475));
#17729=CARTESIAN_POINT('',(-0.702890719724503,19.7,-51.2606656850475));
#17730=CARTESIAN_POINT('Origin',(0.740323149068977,19.7,-51.2390540618903));
#17731=CARTESIAN_POINT('',(0.740323149068977,19.7,-51.2390540618903));
#17732=CARTESIAN_POINT('',(0.740323149068977,19.7,-51.2390540618903));
#17733=CARTESIAN_POINT('',(0.740323149068977,19.7,-51.2390540618903));
#17734=CARTESIAN_POINT('Origin',(1.44321386879455,19.7,-49.9783883768425));
#17735=CARTESIAN_POINT('',(1.44321386879455,19.7,-49.9783883768425));
#17736=CARTESIAN_POINT('',(1.44321386879455,19.7,-49.9783883768425));
#17737=CARTESIAN_POINT('',(1.44321386879455,19.7,-49.9783883768425));
#17738=CARTESIAN_POINT('Origin',(0.702890719726636,19.7,-48.7393343149519));
#17739=CARTESIAN_POINT('',(0.702890719726636,19.7,-48.7393343149519));
#17740=CARTESIAN_POINT('',(0.702890719726636,19.7,-48.7393343149519));
#17741=CARTESIAN_POINT('',(0.702890719726636,19.7,-48.7393343149519));
#17742=CARTESIAN_POINT('Origin',(-0.740323149066844,19.7,-48.7609459381092));
#17743=CARTESIAN_POINT('',(-0.740323149066844,19.7,-48.7609459381092));
#17744=CARTESIAN_POINT('Origin',(1.06641805484725E-12,19.7,-49.9999999999997));
#17745=CARTESIAN_POINT('Origin',(1.07236697423716E-12,-5.32907051820075E-14,
-94.9999999999997));
#17746=CARTESIAN_POINT('',(-1.07305229425845,5.49999999999994,-95.6411386541022));
#17747=CARTESIAN_POINT('Origin',(1.07070610841764E-12,5.49999999999994,
-94.9999999999997));
#17748=CARTESIAN_POINT('',(-1.07305229425845,-5.36715180217516E-14,-95.6411386541022));
#17749=CARTESIAN_POINT('',(-1.07305229425845,-5.36715180217516E-14,-95.6411386541022));
#17750=CARTESIAN_POINT('Origin',(1.07236697423716E-12,-5.32907051820075E-14,
-94.9999999999997));
#17751=CARTESIAN_POINT('Origin',(1.07070610841764E-12,5.49999999999994,
-94.9999999999997));
#17752=CARTESIAN_POINT('',(1.07126460540427E-12,6.25107577378439,-94.9999999999997));
#17753=CARTESIAN_POINT('',(-1.07305229425845,5.49999999999994,-95.6411386541022));
#17754=CARTESIAN_POINT('Origin',(1.06581410364015E-12,21.6999999999999,
-94.9999999999997));
#17755=CARTESIAN_POINT('',(1.71688367081631,19.9999999999999,-93.9741781534357));
#17756=CARTESIAN_POINT('Origin',(1.06632746216618E-12,19.9999999999999,
-94.9999999999997));
#17757=CARTESIAN_POINT('',(1.71688367081631,-5.32907051820075E-14,-93.9741781534357));
#17758=CARTESIAN_POINT('',(1.7168836708163,21.6999999999999,-93.9741781534357));
#17759=CARTESIAN_POINT('Origin',(1.07236697423716E-12,-5.32907051820075E-14,
-94.9999999999997));
#17760=CARTESIAN_POINT('Origin',(1.06581410364015E-12,21.6999999999999,
-94.9999999999997));
#17761=CARTESIAN_POINT('',(3.64837780048345,21.6999999999999,-92.8201285760512));
#17762=CARTESIAN_POINT('Origin',(1.06581410364015E-12,21.6999999999999,
-94.9999999999997));
#17763=CARTESIAN_POINT('',(3.64837780048345,19.9999999999999,-92.8201285760512));
#17764=CARTESIAN_POINT('',(3.64837780048345,21.6999999999999,-92.8201285760512));
#17765=CARTESIAN_POINT('Origin',(1.06632746216618E-12,19.9999999999999,
-94.9999999999997));
#17766=CARTESIAN_POINT('Origin',(1.06581410364015E-12,21.6999999999999,
-94.9999999999997));
#17767=CARTESIAN_POINT('',(-0.740323149066845,21.6999999999999,-93.7609459381092));
#17768=CARTESIAN_POINT('',(0.702890719726635,21.6999999999999,-93.7393343149519));
#17769=CARTESIAN_POINT('',(-0.740323149066845,21.6999999999999,-93.7609459381092));
#17770=CARTESIAN_POINT('',(-1.44321386879241,21.6999999999999,-95.0216116231569));
#17771=CARTESIAN_POINT('',(-1.44321386879241,21.6999999999999,-95.0216116231569));
#17772=CARTESIAN_POINT('',(-0.702890719724503,21.6999999999999,-96.2606656850475));
#17773=CARTESIAN_POINT('',(-0.702890719724503,21.6999999999999,-96.2606656850475));
#17774=CARTESIAN_POINT('',(0.740323149068977,21.6999999999999,-96.2390540618903));
#17775=CARTESIAN_POINT('',(0.740323149068977,21.6999999999999,-96.2390540618903));
#17776=CARTESIAN_POINT('',(1.44321386879455,21.6999999999999,-94.9783883768425));
#17777=CARTESIAN_POINT('',(1.44321386879455,21.6999999999999,-94.9783883768425));
#17778=CARTESIAN_POINT('',(0.702890719726635,21.6999999999999,-93.7393343149519));
#17779=CARTESIAN_POINT('Origin',(2.17987142394958,19.9999999999999,-98.6483778004821));
#17780=CARTESIAN_POINT('Origin',(1.02582184656508,-5.32907051820075E-14,
-96.716883670815));
#17781=CARTESIAN_POINT('Origin',(-1.44321386879241,19.6999999999999,-95.0216116231569));
#17782=CARTESIAN_POINT('',(-0.740323149066844,19.6999999999999,-93.7609459381092));
#17783=CARTESIAN_POINT('',(-0.740323149066844,19.6999999999999,-93.7609459381092));
#17784=CARTESIAN_POINT('',(-1.44321386879241,19.6999999999999,-95.0216116231569));
#17785=CARTESIAN_POINT('',(-1.44321386879241,19.6999999999999,-95.0216116231569));
#17786=CARTESIAN_POINT('',(-1.44321386879241,19.6999999999999,-95.0216116231569));
#17787=CARTESIAN_POINT('Origin',(-0.702890719724503,19.6999999999999,-96.2606656850475));
#17788=CARTESIAN_POINT('',(-0.702890719724503,19.6999999999999,-96.2606656850475));
#17789=CARTESIAN_POINT('',(-0.702890719724503,19.6999999999999,-96.2606656850475));
#17790=CARTESIAN_POINT('',(-0.702890719724503,19.6999999999999,-96.2606656850475));
#17791=CARTESIAN_POINT('Origin',(0.740323149068977,19.6999999999999,-96.2390540618903));
#17792=CARTESIAN_POINT('',(0.740323149068977,19.6999999999999,-96.2390540618903));
#17793=CARTESIAN_POINT('',(0.740323149068977,19.6999999999999,-96.2390540618903));
#17794=CARTESIAN_POINT('',(0.740323149068977,19.6999999999999,-96.2390540618903));
#17795=CARTESIAN_POINT('Origin',(1.44321386879455,19.6999999999999,-94.9783883768425));
#17796=CARTESIAN_POINT('',(1.44321386879455,19.6999999999999,-94.9783883768425));
#17797=CARTESIAN_POINT('',(1.44321386879455,19.6999999999999,-94.9783883768425));
#17798=CARTESIAN_POINT('',(1.44321386879455,19.6999999999999,-94.9783883768425));
#17799=CARTESIAN_POINT('Origin',(0.702890719726636,19.6999999999999,-93.7393343149519));
#17800=CARTESIAN_POINT('',(0.702890719726636,19.6999999999999,-93.7393343149519));
#17801=CARTESIAN_POINT('',(0.702890719726636,19.6999999999999,-93.7393343149519));
#17802=CARTESIAN_POINT('',(0.702890719726636,19.6999999999999,-93.7393343149519));
#17803=CARTESIAN_POINT('Origin',(-0.740323149066844,19.6999999999999,-93.7609459381092));
#17804=CARTESIAN_POINT('',(-0.740323149066844,19.6999999999999,-93.7609459381092));
#17805=CARTESIAN_POINT('Origin',(1.06641805484725E-12,19.6999999999999,
-94.9999999999997));
#17806=CARTESIAN_POINT('Origin',(1.07236697423716E-12,-8.88178419700125E-14,
-140.));
#17807=CARTESIAN_POINT('',(-1.07305229425845,5.49999999999991,-140.641138654102));
#17808=CARTESIAN_POINT('Origin',(1.07070610841764E-12,5.49999999999991,
-140.));
#17809=CARTESIAN_POINT('',(-1.07305229425845,-8.91986548097566E-14,-140.641138654102));
#17810=CARTESIAN_POINT('',(-1.07305229425845,-8.91986548097566E-14,-140.641138654102));
#17811=CARTESIAN_POINT('Origin',(1.07236697423716E-12,-8.88178419700125E-14,
-140.));
#17812=CARTESIAN_POINT('Origin',(1.07070610841764E-12,5.49999999999991,
-140.));
#17813=CARTESIAN_POINT('',(1.07126460540427E-12,6.25107577378436,-140.));
#17814=CARTESIAN_POINT('',(-1.07305229425845,5.49999999999991,-140.641138654102));
#17815=CARTESIAN_POINT('Origin',(1.06581410364015E-12,21.6999999999999,
-140.));
#17816=CARTESIAN_POINT('',(1.71688367081631,19.9999999999999,-138.974178153436));
#17817=CARTESIAN_POINT('Origin',(1.06632746216618E-12,19.9999999999999,
-140.));
#17818=CARTESIAN_POINT('',(1.71688367081631,-8.88178419700125E-14,-138.974178153436));
#17819=CARTESIAN_POINT('',(1.7168836708163,21.6999999999999,-138.974178153436));
#17820=CARTESIAN_POINT('Origin',(1.07236697423716E-12,-8.88178419700125E-14,
-140.));
#17821=CARTESIAN_POINT('Origin',(1.06581410364015E-12,21.6999999999999,
-140.));
#17822=CARTESIAN_POINT('',(3.64837780048345,21.6999999999999,-137.820128576051));
#17823=CARTESIAN_POINT('Origin',(1.06581410364015E-12,21.6999999999999,
-140.));
#17824=CARTESIAN_POINT('',(3.64837780048345,19.9999999999999,-137.820128576051));
#17825=CARTESIAN_POINT('',(3.64837780048345,21.6999999999999,-137.820128576051));
#17826=CARTESIAN_POINT('Origin',(1.06632746216618E-12,19.9999999999999,
-140.));
#17827=CARTESIAN_POINT('Origin',(1.06581410364015E-12,21.6999999999999,
-140.));
#17828=CARTESIAN_POINT('',(-0.740323149066845,21.6999999999999,-138.760945938109));
#17829=CARTESIAN_POINT('',(0.702890719726635,21.6999999999999,-138.739334314952));
#17830=CARTESIAN_POINT('',(-0.740323149066845,21.6999999999999,-138.760945938109));
#17831=CARTESIAN_POINT('',(-1.44321386879241,21.6999999999999,-140.021611623157));
#17832=CARTESIAN_POINT('',(-1.44321386879241,21.6999999999999,-140.021611623157));
#17833=CARTESIAN_POINT('',(-0.702890719724503,21.6999999999999,-141.260665685048));
#17834=CARTESIAN_POINT('',(-0.702890719724503,21.6999999999999,-141.260665685048));
#17835=CARTESIAN_POINT('',(0.740323149068977,21.6999999999999,-141.23905406189));
#17836=CARTESIAN_POINT('',(0.740323149068977,21.6999999999999,-141.23905406189));
#17837=CARTESIAN_POINT('',(1.44321386879455,21.6999999999999,-139.978388376843));
#17838=CARTESIAN_POINT('',(1.44321386879455,21.6999999999999,-139.978388376843));
#17839=CARTESIAN_POINT('',(0.702890719726635,21.6999999999999,-138.739334314952));
#17840=CARTESIAN_POINT('Origin',(2.17987142394958,19.9999999999999,-143.648377800482));
#17841=CARTESIAN_POINT('Origin',(1.02582184656508,-8.88178419700125E-14,
-141.716883670815));
#17842=CARTESIAN_POINT('Origin',(-1.44321386879241,19.6999999999999,-140.021611623157));
#17843=CARTESIAN_POINT('',(-0.740323149066844,19.6999999999999,-138.760945938109));
#17844=CARTESIAN_POINT('',(-0.740323149066844,19.6999999999999,-138.760945938109));
#17845=CARTESIAN_POINT('',(-1.44321386879241,19.6999999999999,-140.021611623157));
#17846=CARTESIAN_POINT('',(-1.44321386879241,19.6999999999999,-140.021611623157));
#17847=CARTESIAN_POINT('',(-1.44321386879241,19.6999999999999,-140.021611623157));
#17848=CARTESIAN_POINT('Origin',(-0.702890719724503,19.6999999999999,-141.260665685048));
#17849=CARTESIAN_POINT('',(-0.702890719724503,19.6999999999999,-141.260665685048));
#17850=CARTESIAN_POINT('',(-0.702890719724503,19.6999999999999,-141.260665685048));
#17851=CARTESIAN_POINT('',(-0.702890719724503,19.6999999999999,-141.260665685048));
#17852=CARTESIAN_POINT('Origin',(0.740323149068977,19.6999999999999,-141.23905406189));
#17853=CARTESIAN_POINT('',(0.740323149068977,19.6999999999999,-141.23905406189));
#17854=CARTESIAN_POINT('',(0.740323149068977,19.6999999999999,-141.23905406189));
#17855=CARTESIAN_POINT('',(0.740323149068977,19.6999999999999,-141.23905406189));
#17856=CARTESIAN_POINT('Origin',(1.44321386879455,19.6999999999999,-139.978388376843));
#17857=CARTESIAN_POINT('',(1.44321386879455,19.6999999999999,-139.978388376843));
#17858=CARTESIAN_POINT('',(1.44321386879455,19.6999999999999,-139.978388376843));
#17859=CARTESIAN_POINT('',(1.44321386879455,19.6999999999999,-139.978388376843));
#17860=CARTESIAN_POINT('Origin',(0.702890719726636,19.6999999999999,-138.739334314952));
#17861=CARTESIAN_POINT('',(0.702890719726636,19.6999999999999,-138.739334314952));
#17862=CARTESIAN_POINT('',(0.702890719726636,19.6999999999999,-138.739334314952));
#17863=CARTESIAN_POINT('',(0.702890719726636,19.6999999999999,-138.739334314952));
#17864=CARTESIAN_POINT('Origin',(-0.740323149066844,19.6999999999999,-138.760945938109));
#17865=CARTESIAN_POINT('',(-0.740323149066844,19.6999999999999,-138.760945938109));
#17866=CARTESIAN_POINT('Origin',(1.06641805484725E-12,19.6999999999999,
-140.));
#17867=CARTESIAN_POINT('Origin',(6.39718612595968E-13,20.,-160.000000000001));
#17868=CARTESIAN_POINT('',(1.06609945913337,20.,-158.307832176398));
#17869=CARTESIAN_POINT('Origin',(6.39718612595968E-13,20.,-160.000000000001));
#17870=CARTESIAN_POINT('',(1.06609945913337,4.38999999999998,-158.307832176398));
#17871=CARTESIAN_POINT('',(1.06609945913337,20.,-158.307832176398));
#17872=CARTESIAN_POINT('Origin',(6.40616774578323E-13,4.38999999999998,
-160.000000000001));
#17873=CARTESIAN_POINT('Origin',(6.40616774578323E-13,4.38999999999998,
-160.000000000001));
#17874=CARTESIAN_POINT('',(0.858210064602489,3.99999999999998,-158.637804902));
#17875=CARTESIAN_POINT('',(1.06609945913337,4.38999999999998,-158.307832176398));
#17876=CARTESIAN_POINT('Origin',(6.40639214243481E-13,3.99999999999999,
-160.000000000001));
#17877=CARTESIAN_POINT('Origin',(6.39718612595968E-13,20.,-160.000000000001));
#17878=CARTESIAN_POINT('',(1.86567405348292,24.,-157.038706308695));
#17879=CARTESIAN_POINT('Origin',(6.3948846218409E-13,24.,-160.000000000001));
#17880=CARTESIAN_POINT('',(1.86567405348292,20.,-157.038706308695));
#17881=CARTESIAN_POINT('',(1.86567405348292,20.,-157.038706308695));
#17882=CARTESIAN_POINT('Origin',(6.39718612595968E-13,20.,-160.000000000001));
#17883=CARTESIAN_POINT('Origin',(6.39718612595968E-13,20.,-160.000000000001));
#17884=CARTESIAN_POINT('Origin',(6.3948846218409E-13,24.,-160.000000000001));
#17885=CARTESIAN_POINT('',(0.0668444329968319,24.,-158.269239525013));
#17886=CARTESIAN_POINT('',(1.53230475570355,24.,-159.192508739583));
#17887=CARTESIAN_POINT('',(0.0668444329968319,24.,-158.269239525013));
#17888=CARTESIAN_POINT('',(-1.46546032270608,24.,-159.076730785431));
#17889=CARTESIAN_POINT('',(-1.46546032270608,24.,-159.076730785431));
#17890=CARTESIAN_POINT('',(-1.53230475570227,24.,-160.807491260418));
#17891=CARTESIAN_POINT('',(-1.53230475570227,24.,-160.807491260418));
#17892=CARTESIAN_POINT('',(-0.0668444329955527,24.,-161.730760474988));
#17893=CARTESIAN_POINT('',(-0.0668444329955527,24.,-161.730760474988));
#17894=CARTESIAN_POINT('',(1.46546032270736,24.,-160.92326921457));
#17895=CARTESIAN_POINT('',(1.46546032270736,24.,-160.92326921457));
#17896=CARTESIAN_POINT('',(1.53230475570355,24.,-159.192508739583));
#17897=CARTESIAN_POINT('Origin',(-1.36219509799967,3.99999999999999,-159.141789935399));
#17898=CARTESIAN_POINT('Origin',(-1.46546032270608,22.,-159.076730785431));
#17899=CARTESIAN_POINT('',(0.0668444329968321,22.,-158.269239525013));
#17900=CARTESIAN_POINT('',(0.0668444329968321,22.,-158.269239525013));
#17901=CARTESIAN_POINT('',(-1.46546032270608,22.,-159.076730785431));
#17902=CARTESIAN_POINT('',(-1.46546032270608,22.,-159.076730785431));
#17903=CARTESIAN_POINT('',(-1.46546032270608,22.,-159.076730785431));
#17904=CARTESIAN_POINT('Origin',(-1.53230475570227,22.,-160.807491260418));
#17905=CARTESIAN_POINT('',(-1.53230475570227,22.,-160.807491260418));
#17906=CARTESIAN_POINT('',(-1.53230475570227,22.,-160.807491260418));
#17907=CARTESIAN_POINT('',(-1.53230475570227,22.,-160.807491260418));
#17908=CARTESIAN_POINT('Origin',(-0.0668444329955525,22.,-161.730760474988));
#17909=CARTESIAN_POINT('',(-0.0668444329955525,22.,-161.730760474988));
#17910=CARTESIAN_POINT('',(-0.0668444329955525,22.,-161.730760474988));
#17911=CARTESIAN_POINT('',(-0.0668444329955525,22.,-161.730760474988));
#17912=CARTESIAN_POINT('Origin',(1.46546032270736,22.,-160.92326921457));
#17913=CARTESIAN_POINT('',(1.46546032270736,22.,-160.92326921457));
#17914=CARTESIAN_POINT('',(1.46546032270736,22.,-160.92326921457));
#17915=CARTESIAN_POINT('',(1.46546032270736,22.,-160.92326921457));
#17916=CARTESIAN_POINT('Origin',(1.53230475570355,22.,-159.192508739583));
#17917=CARTESIAN_POINT('',(1.53230475570355,22.,-159.192508739583));
#17918=CARTESIAN_POINT('',(1.53230475570355,22.,-159.192508739583));
#17919=CARTESIAN_POINT('',(1.53230475570355,22.,-159.192508739583));
#17920=CARTESIAN_POINT('Origin',(0.0668444329968321,22.,-158.269239525013));
#17921=CARTESIAN_POINT('',(0.0668444329968321,22.,-158.269239525013));
#17922=CARTESIAN_POINT('Origin',(6.39603537390029E-13,22.,-160.000000000001));
#17923=CARTESIAN_POINT('Origin',(8.52781219698403E-13,19.9999999999999,
-160.));
#17924=CARTESIAN_POINT('',(-1.81908041037224,19.9999999999999,-158.853943081432));
#17925=CARTESIAN_POINT('Origin',(8.52781219698403E-13,19.9999999999999,
-160.));
#17926=CARTESIAN_POINT('',(-1.81908041037224,19.4999999999999,-158.853943081432));
#17927=CARTESIAN_POINT('',(-1.81908041037224,19.9999999999999,-158.853943081432));
#17928=CARTESIAN_POINT('Origin',(8.5265128291212E-13,19.4999999999999,-160.));
#17929=CARTESIAN_POINT('Origin',(8.52781219698403E-13,19.9999999999999,
-160.));
#17930=CARTESIAN_POINT('',(-3.3843356472049,19.4999999999999,-157.867801081735));
#17931=CARTESIAN_POINT('Origin',(8.5265128291212E-13,19.4999999999999,-160.));
#17932=CARTESIAN_POINT('',(-3.3843356472049,19.9999999999999,-157.867801081735));
#17933=CARTESIAN_POINT('',(-3.3843356472049,19.9999999999999,-157.867801081735));
#17934=CARTESIAN_POINT('Origin',(8.52781219698403E-13,19.9999999999999,
-160.));
#17935=CARTESIAN_POINT('Origin',(8.52781219698403E-13,19.9999999999999,
-160.));
#17936=CARTESIAN_POINT('Origin',(8.5265128291212E-13,19.4999999999999,-160.));
#17937=CARTESIAN_POINT('Origin',(1.13815118002209E-12,19.9999999999999,
-200.));
#17938=CARTESIAN_POINT('',(1.11673621890854,19.9999999999999,-198.340813386812));
#17939=CARTESIAN_POINT('Origin',(1.13815118002209E-12,19.9999999999999,
-200.));
#17940=CARTESIAN_POINT('',(1.11673621890855,4.38999999999989,-198.340813386812));
#17941=CARTESIAN_POINT('',(1.11673621890854,19.9999999999999,-198.340813386812));
#17942=CARTESIAN_POINT('Origin',(1.14315731797225E-12,4.38999999999989,
-200.));
#17943=CARTESIAN_POINT('Origin',(1.14315731797225E-12,4.38999999999989,
-200.));
#17944=CARTESIAN_POINT('',(0.898972656221601,3.99999999999989,-198.664354776384));
#17945=CARTESIAN_POINT('',(1.11673621890855,4.38999999999989,-198.340813386812));
#17946=CARTESIAN_POINT('Origin',(1.14328239124583E-12,3.9999999999999,-200.));
#17947=CARTESIAN_POINT('Origin',(1.13815118002209E-12,19.9999999999999,
-200.));
#17948=CARTESIAN_POINT('',(1.9542883830891,23.9999999999999,-197.096423426922));
#17949=CARTESIAN_POINT('Origin',(1.13686837721616E-12,23.9999999999999,
-200.));
#17950=CARTESIAN_POINT('',(1.9542883830891,19.9999999999999,-197.096423426922));
#17951=CARTESIAN_POINT('',(1.9542883830891,19.9999999999999,-197.096423426922));
#17952=CARTESIAN_POINT('Origin',(1.13815118002209E-12,19.9999999999999,
-200.));
#17953=CARTESIAN_POINT('Origin',(1.13815118002209E-12,19.9999999999999,
-200.));
#17954=CARTESIAN_POINT('Origin',(1.13686837721616E-12,23.9999999999999,
-200.));
#17955=CARTESIAN_POINT('',(0.119103285861999,23.9999999999999,-198.272049072659));
#17956=CARTESIAN_POINT('',(1.55600104250138,23.9999999999999,-199.239171007559));
#17957=CARTESIAN_POINT('',(0.119103285861999,23.9999999999999,-198.272049072659));
#17958=CARTESIAN_POINT('',(-1.43689775663825,23.9999999999999,-199.0328780651));
#17959=CARTESIAN_POINT('',(-1.43689775663825,23.9999999999999,-199.0328780651));
#17960=CARTESIAN_POINT('',(-1.55600104249911,23.9999999999999,-200.760828992441));
#17961=CARTESIAN_POINT('',(-1.55600104249911,23.9999999999999,-200.760828992441));
#17962=CARTESIAN_POINT('',(-0.119103285859725,23.9999999999999,-201.72795092734));
#17963=CARTESIAN_POINT('',(-0.119103285859725,23.9999999999999,-201.72795092734));
#17964=CARTESIAN_POINT('',(1.43689775664052,23.9999999999999,-200.9671219349));
#17965=CARTESIAN_POINT('',(1.43689775664052,23.9999999999999,-200.9671219349));
#17966=CARTESIAN_POINT('',(1.55600104250138,23.9999999999999,-199.239171007559));
#17967=CARTESIAN_POINT('Origin',(-1.33564522361474,3.9999999999999,-199.101027343779));
#17968=CARTESIAN_POINT('Origin',(-1.43689775663825,21.9999999999999,-199.0328780651));
#17969=CARTESIAN_POINT('',(0.119103285862,21.9999999999999,-198.272049072659));
#17970=CARTESIAN_POINT('',(0.119103285862,21.9999999999999,-198.272049072659));
#17971=CARTESIAN_POINT('',(-1.43689775663825,21.9999999999999,-199.0328780651));
#17972=CARTESIAN_POINT('',(-1.43689775663825,21.9999999999999,-199.0328780651));
#17973=CARTESIAN_POINT('',(-1.43689775663825,21.9999999999999,-199.0328780651));
#17974=CARTESIAN_POINT('Origin',(-1.55600104249911,21.9999999999999,-200.760828992441));
#17975=CARTESIAN_POINT('',(-1.55600104249911,21.9999999999999,-200.760828992441));
#17976=CARTESIAN_POINT('',(-1.55600104249911,21.9999999999999,-200.760828992441));
#17977=CARTESIAN_POINT('',(-1.55600104249911,21.9999999999999,-200.760828992441));
#17978=CARTESIAN_POINT('Origin',(-0.119103285859724,21.9999999999999,-201.72795092734));
#17979=CARTESIAN_POINT('',(-0.119103285859724,21.9999999999999,-201.72795092734));
#17980=CARTESIAN_POINT('',(-0.119103285859724,21.9999999999999,-201.72795092734));
#17981=CARTESIAN_POINT('',(-0.119103285859724,21.9999999999999,-201.72795092734));
#17982=CARTESIAN_POINT('Origin',(1.43689775664052,21.9999999999999,-200.9671219349));
#17983=CARTESIAN_POINT('',(1.43689775664052,21.9999999999999,-200.9671219349));
#17984=CARTESIAN_POINT('',(1.43689775664052,21.9999999999999,-200.9671219349));
#17985=CARTESIAN_POINT('',(1.43689775664052,21.9999999999999,-200.9671219349));
#17986=CARTESIAN_POINT('Origin',(1.55600104250138,21.9999999999999,-199.239171007559));
#17987=CARTESIAN_POINT('',(1.55600104250138,21.9999999999999,-199.239171007559));
#17988=CARTESIAN_POINT('',(1.55600104250138,21.9999999999999,-199.239171007559));
#17989=CARTESIAN_POINT('',(1.55600104250138,21.9999999999999,-199.239171007559));
#17990=CARTESIAN_POINT('Origin',(0.119103285862,21.9999999999999,-198.272049072659));
#17991=CARTESIAN_POINT('',(0.119103285862,21.9999999999999,-198.272049072659));
#17992=CARTESIAN_POINT('Origin',(1.13750977861913E-12,21.9999999999999,
-200.));
#17993=CARTESIAN_POINT('Origin',(9.9446212703924E-13,19.9999999999999,-200.));
#17994=CARTESIAN_POINT('',(-1.7836256091755,19.9999999999999,-198.799508564675));
#17995=CARTESIAN_POINT('Origin',(9.9446212703924E-13,19.9999999999999,-200.));
#17996=CARTESIAN_POINT('',(-1.7836256091755,19.4999999999999,-198.799508564675));
#17997=CARTESIAN_POINT('',(-1.7836256091755,19.9999999999999,-198.799508564675));
#17998=CARTESIAN_POINT('Origin',(9.9475983006414E-13,19.4999999999999,-200.));
#17999=CARTESIAN_POINT('Origin',(9.9446212703924E-13,19.9999999999999,-200.));
#18000=CARTESIAN_POINT('',(-3.31837322637388,19.4999999999999,-197.766527562185));
#18001=CARTESIAN_POINT('Origin',(9.9475983006414E-13,19.4999999999999,-200.));
#18002=CARTESIAN_POINT('',(-3.31837322637388,19.9999999999999,-197.766527562185));
#18003=CARTESIAN_POINT('',(-3.31837322637388,19.9999999999999,-197.766527562185));
#18004=CARTESIAN_POINT('Origin',(9.9446212703924E-13,19.9999999999999,-200.));
#18005=CARTESIAN_POINT('Origin',(9.9446212703924E-13,19.9999999999999,-200.));
#18006=CARTESIAN_POINT('Origin',(9.9475983006414E-13,19.4999999999999,-200.));
#18007=CARTESIAN_POINT('Origin',(5.68294110411005E-13,-20.,-160.));
#18008=CARTESIAN_POINT('',(-1.06609945913211,-20.,-161.692167823603));
#18009=CARTESIAN_POINT('Origin',(5.68294110411005E-13,-20.,-160.));
#18010=CARTESIAN_POINT('',(-1.06609945913211,-4.39000000000001,-161.692167823603));
#18011=CARTESIAN_POINT('',(-1.06609945913211,-20.,-161.692167823603));
#18012=CARTESIAN_POINT('Origin',(5.67747455246917E-13,-4.39000000000001,
-160.));
#18013=CARTESIAN_POINT('Origin',(5.67747455246917E-13,-4.39000000000001,
-160.));
#18014=CARTESIAN_POINT('',(-0.858210064601237,-4.00000000000001,-161.362195098001));
#18015=CARTESIAN_POINT('',(-1.06609945913211,-4.39000000000001,-161.692167823603));
#18016=CARTESIAN_POINT('Origin',(5.67733797622703E-13,-4.00000000000002,
-160.));
#18017=CARTESIAN_POINT('Origin',(5.68294110411005E-13,-20.,-160.));
#18018=CARTESIAN_POINT('',(-1.86567405348162,-24.,-162.961293691305));
#18019=CARTESIAN_POINT('Origin',(5.6843418860808E-13,-24.,-160.));
#18020=CARTESIAN_POINT('',(-1.86567405348162,-20.,-162.961293691305));
#18021=CARTESIAN_POINT('',(-1.86567405348162,-20.,-162.961293691305));
#18022=CARTESIAN_POINT('Origin',(5.68294110411005E-13,-20.,-160.));
#18023=CARTESIAN_POINT('Origin',(5.68294110411005E-13,-20.,-160.));
#18024=CARTESIAN_POINT('Origin',(5.6843418860808E-13,-24.,-160.));
#18025=CARTESIAN_POINT('',(-1.53230475570232,-24.,-160.807491260418));
#18026=CARTESIAN_POINT('',(-0.0668444329955713,-24.,-161.730760474987));
#18027=CARTESIAN_POINT('',(-1.53230475570232,-24.,-160.807491260418));
#18028=CARTESIAN_POINT('',(-1.46546032270618,-24.,-159.076730785431));
#18029=CARTESIAN_POINT('',(-1.46546032270618,-24.,-159.076730785431));
#18030=CARTESIAN_POINT('',(0.0668444329967081,-24.,-158.269239525013));
#18031=CARTESIAN_POINT('',(0.0668444329967081,-24.,-158.269239525013));
#18032=CARTESIAN_POINT('',(1.53230475570345,-24.,-159.192508739583));
#18033=CARTESIAN_POINT('',(1.53230475570345,-24.,-159.192508739583));
#18034=CARTESIAN_POINT('',(1.46546032270731,-24.,-160.92326921457));
#18035=CARTESIAN_POINT('',(1.46546032270731,-24.,-160.92326921457));
#18036=CARTESIAN_POINT('',(-0.0668444329955713,-24.,-161.730760474987));
#18037=CARTESIAN_POINT('Origin',(-1.36219509799977,-4.00000000000002,-159.141789935398));
#18038=CARTESIAN_POINT('Origin',(-1.46546032270618,-22.,-159.076730785431));
#18039=CARTESIAN_POINT('',(-1.53230475570232,-22.,-160.807491260418));
#18040=CARTESIAN_POINT('',(-1.53230475570232,-22.,-160.807491260418));
#18041=CARTESIAN_POINT('',(-1.46546032270618,-22.,-159.076730785431));
#18042=CARTESIAN_POINT('',(-1.46546032270618,-22.,-159.076730785431));
#18043=CARTESIAN_POINT('',(-1.46546032270618,-22.,-159.076730785431));
#18044=CARTESIAN_POINT('Origin',(0.066844432996708,-22.,-158.269239525013));
#18045=CARTESIAN_POINT('',(0.066844432996708,-22.,-158.269239525013));
#18046=CARTESIAN_POINT('',(0.066844432996708,-22.,-158.269239525013));
#18047=CARTESIAN_POINT('',(0.066844432996708,-22.,-158.269239525013));
#18048=CARTESIAN_POINT('Origin',(1.53230475570345,-22.,-159.192508739583));
#18049=CARTESIAN_POINT('',(1.53230475570345,-22.,-159.192508739583));
#18050=CARTESIAN_POINT('',(1.53230475570345,-22.,-159.192508739583));
#18051=CARTESIAN_POINT('',(1.53230475570345,-22.,-159.192508739583));
#18052=CARTESIAN_POINT('Origin',(1.46546032270731,-22.,-160.92326921457));
#18053=CARTESIAN_POINT('',(1.46546032270731,-22.,-160.92326921457));
#18054=CARTESIAN_POINT('',(1.46546032270731,-22.,-160.92326921457));
#18055=CARTESIAN_POINT('',(1.46546032270731,-22.,-160.92326921457));
#18056=CARTESIAN_POINT('Origin',(-0.0668444329955714,-22.,-161.730760474987));
#18057=CARTESIAN_POINT('',(-0.0668444329955714,-22.,-161.730760474987));
#18058=CARTESIAN_POINT('',(-0.0668444329955714,-22.,-161.730760474987));
#18059=CARTESIAN_POINT('',(-0.0668444329955714,-22.,-161.730760474987));
#18060=CARTESIAN_POINT('Origin',(-1.53230475570232,-22.,-160.807491260418));
#18061=CARTESIAN_POINT('',(-1.53230475570232,-22.,-160.807491260418));
#18062=CARTESIAN_POINT('Origin',(5.68364149509542E-13,-22.,-160.));
#18063=CARTESIAN_POINT('Origin',(7.10421015874407E-13,-20.,-160.));
#18064=CARTESIAN_POINT('',(-1.81908041037242,-20.,-158.853943081433));
#18065=CARTESIAN_POINT('Origin',(7.10421015874407E-13,-20.,-160.));
#18066=CARTESIAN_POINT('',(-1.81908041037242,-19.5,-158.853943081433));
#18067=CARTESIAN_POINT('',(-1.81908041037242,-20.,-158.853943081433));
#18068=CARTESIAN_POINT('Origin',(7.105427357601E-13,-19.5,-160.));
#18069=CARTESIAN_POINT('Origin',(7.10421015874407E-13,-20.,-160.));
#18070=CARTESIAN_POINT('',(-3.38433564720511,-19.5,-157.867801081735));
#18071=CARTESIAN_POINT('Origin',(7.105427357601E-13,-19.5,-160.));
#18072=CARTESIAN_POINT('',(-3.38433564720511,-20.,-157.867801081735));
#18073=CARTESIAN_POINT('',(-3.38433564720511,-20.,-157.867801081735));
#18074=CARTESIAN_POINT('Origin',(7.10421015874407E-13,-20.,-160.));
#18075=CARTESIAN_POINT('Origin',(7.10421015874407E-13,-20.,-160.));
#18076=CARTESIAN_POINT('Origin',(7.105427357601E-13,-19.5,-160.));
#18077=CARTESIAN_POINT('Origin',(7.81456931139035E-13,-20.0000000000001,
-200.));
#18078=CARTESIAN_POINT('',(-1.0660994591319,-20.0000000000001,-201.692167823603));
#18079=CARTESIAN_POINT('Origin',(7.81456931139035E-13,-20.0000000000001,
-200.));
#18080=CARTESIAN_POINT('',(-1.0660994591319,-4.39000000000008,-201.692167823603));
#18081=CARTESIAN_POINT('',(-1.0660994591319,-20.0000000000001,-201.692167823603));
#18082=CARTESIAN_POINT('Origin',(7.80910275974947E-13,-4.39000000000008,
-200.));
#18083=CARTESIAN_POINT('Origin',(7.80910275974947E-13,-4.39000000000008,
-200.));
#18084=CARTESIAN_POINT('',(-0.858210064601024,-4.00000000000008,-201.362195098001));
#18085=CARTESIAN_POINT('',(-1.0660994591319,-4.39000000000009,-201.692167823603));
#18086=CARTESIAN_POINT('Origin',(7.80896618350733E-13,-4.00000000000009,
-200.));
#18087=CARTESIAN_POINT('Origin',(7.81456931139035E-13,-20.0000000000001,
-200.));
#18088=CARTESIAN_POINT('',(-1.86567405348141,-24.0000000000001,-202.961293691305));
#18089=CARTESIAN_POINT('Origin',(7.8159700933611E-13,-24.0000000000001,
-200.));
#18090=CARTESIAN_POINT('',(-1.86567405348141,-20.0000000000001,-202.961293691305));
#18091=CARTESIAN_POINT('',(-1.86567405348141,-20.0000000000001,-202.961293691305));
#18092=CARTESIAN_POINT('Origin',(7.81456931139035E-13,-20.0000000000001,
-200.));
#18093=CARTESIAN_POINT('Origin',(7.81456931139035E-13,-20.0000000000001,
-200.));
#18094=CARTESIAN_POINT('Origin',(7.8159700933611E-13,-24.0000000000001,
-200.));
#18095=CARTESIAN_POINT('',(-1.5323047557021,-24.0000000000001,-200.807491260418));
#18096=CARTESIAN_POINT('',(-0.0668444329953581,-24.0000000000001,-201.730760474987));
#18097=CARTESIAN_POINT('',(-1.5323047557021,-24.0000000000001,-200.807491260418));
#18098=CARTESIAN_POINT('',(-1.46546032270596,-24.0000000000001,-199.07673078543));
#18099=CARTESIAN_POINT('',(-1.46546032270596,-24.0000000000001,-199.07673078543));
#18100=CARTESIAN_POINT('',(0.0668444329969213,-24.0000000000001,-198.269239525013));
#18101=CARTESIAN_POINT('',(0.0668444329969213,-24.0000000000001,-198.269239525013));
#18102=CARTESIAN_POINT('',(1.53230475570366,-24.0000000000001,-199.192508739583));
#18103=CARTESIAN_POINT('',(1.53230475570366,-24.0000000000001,-199.192508739583));
#18104=CARTESIAN_POINT('',(1.46546032270753,-24.0000000000001,-200.92326921457));
#18105=CARTESIAN_POINT('',(1.46546032270753,-24.0000000000001,-200.92326921457));
#18106=CARTESIAN_POINT('',(-0.0668444329953581,-24.0000000000001,-201.730760474987));
#18107=CARTESIAN_POINT('Origin',(-1.36219509799956,-4.00000000000009,-199.141789935398));
#18108=CARTESIAN_POINT('Origin',(-1.46546032270596,-22.0000000000001,-199.07673078543));
#18109=CARTESIAN_POINT('',(-1.5323047557021,-22.0000000000001,-200.807491260418));
#18110=CARTESIAN_POINT('',(-1.5323047557021,-22.0000000000001,-200.807491260418));
#18111=CARTESIAN_POINT('',(-1.46546032270596,-22.0000000000001,-199.07673078543));
#18112=CARTESIAN_POINT('',(-1.46546032270596,-22.0000000000001,-199.07673078543));
#18113=CARTESIAN_POINT('',(-1.46546032270596,-22.0000000000001,-199.07673078543));
#18114=CARTESIAN_POINT('Origin',(0.0668444329969212,-22.0000000000001,-198.269239525013));
#18115=CARTESIAN_POINT('',(0.0668444329969212,-22.0000000000001,-198.269239525013));
#18116=CARTESIAN_POINT('',(0.0668444329969212,-22.0000000000001,-198.269239525013));
#18117=CARTESIAN_POINT('',(0.0668444329969212,-22.0000000000001,-198.269239525013));
#18118=CARTESIAN_POINT('Origin',(1.53230475570366,-22.0000000000001,-199.192508739583));
#18119=CARTESIAN_POINT('',(1.53230475570366,-22.0000000000001,-199.192508739583));
#18120=CARTESIAN_POINT('',(1.53230475570366,-22.0000000000001,-199.192508739583));
#18121=CARTESIAN_POINT('',(1.53230475570366,-22.0000000000001,-199.192508739583));
#18122=CARTESIAN_POINT('Origin',(1.46546032270753,-22.0000000000001,-200.92326921457));
#18123=CARTESIAN_POINT('',(1.46546032270753,-22.0000000000001,-200.92326921457));
#18124=CARTESIAN_POINT('',(1.46546032270753,-22.0000000000001,-200.92326921457));
#18125=CARTESIAN_POINT('',(1.46546032270753,-22.0000000000001,-200.92326921457));
#18126=CARTESIAN_POINT('Origin',(-0.0668444329953582,-22.0000000000001,
-201.730760474987));
#18127=CARTESIAN_POINT('',(-0.0668444329953582,-22.0000000000001,-201.730760474987));
#18128=CARTESIAN_POINT('',(-0.0668444329953582,-22.0000000000001,-201.730760474987));
#18129=CARTESIAN_POINT('',(-0.0668444329953582,-22.0000000000001,-201.730760474987));
#18130=CARTESIAN_POINT('Origin',(-1.5323047557021,-22.0000000000001,-200.807491260418));
#18131=CARTESIAN_POINT('',(-1.5323047557021,-22.0000000000001,-200.807491260418));
#18132=CARTESIAN_POINT('Origin',(7.81526970237573E-13,-22.0000000000001,
-200.));
#18133=CARTESIAN_POINT('Origin',(7.81475289450417E-13,-20.0000000000001,
-200.));
#18134=CARTESIAN_POINT('',(-1.81908041037234,-20.0000000000001,-198.853943081432));
#18135=CARTESIAN_POINT('Origin',(7.81475289450417E-13,-20.0000000000001,
-200.));
#18136=CARTESIAN_POINT('',(-1.81908041037234,-19.5000000000001,-198.853943081432));
#18137=CARTESIAN_POINT('',(-1.81908041037234,-20.0000000000001,-198.853943081432));
#18138=CARTESIAN_POINT('Origin',(7.8159700933611E-13,-19.5000000000001,
-200.));
#18139=CARTESIAN_POINT('Origin',(7.81475289450417E-13,-20.0000000000001,
-200.));
#18140=CARTESIAN_POINT('',(-3.38433564720504,-19.5000000000001,-197.867801081735));
#18141=CARTESIAN_POINT('Origin',(7.8159700933611E-13,-19.5000000000001,
-200.));
#18142=CARTESIAN_POINT('',(-3.38433564720504,-20.0000000000001,-197.867801081735));
#18143=CARTESIAN_POINT('',(-3.38433564720504,-20.0000000000001,-197.867801081735));
#18144=CARTESIAN_POINT('Origin',(7.81475289450417E-13,-20.0000000000001,
-200.));
#18145=CARTESIAN_POINT('Origin',(7.81475289450417E-13,-20.0000000000001,
-200.));
#18146=CARTESIAN_POINT('Origin',(7.8159700933611E-13,-19.5000000000001,
-200.));
#18147=UNCERTAINTY_MEASURE_WITH_UNIT(LENGTH_MEASURE(0.01),#18151,
'DISTANCE_ACCURACY_VALUE',
'Maximum model space distance between geometric entities at asserted c
onnectivities');
#18148=UNCERTAINTY_MEASURE_WITH_UNIT(LENGTH_MEASURE(0.01),#18151,
'DISTANCE_ACCURACY_VALUE',
'Maximum model space distance between geometric entities at asserted c
onnectivities');
#18149=(
GEOMETRIC_REPRESENTATION_CONTEXT(3)
GLOBAL_UNCERTAINTY_ASSIGNED_CONTEXT((#18147))
GLOBAL_UNIT_ASSIGNED_CONTEXT((#18151,#18153,#18154))
REPRESENTATION_CONTEXT('','3D')
);
#18150=(
GEOMETRIC_REPRESENTATION_CONTEXT(3)
GLOBAL_UNCERTAINTY_ASSIGNED_CONTEXT((#18148))
GLOBAL_UNIT_ASSIGNED_CONTEXT((#18151,#18153,#18154))
REPRESENTATION_CONTEXT('','3D')
);
#18151=(
LENGTH_UNIT()
NAMED_UNIT(*)
SI_UNIT(.MILLI.,.METRE.)
);
#18152=(
LENGTH_UNIT()
NAMED_UNIT(*)
SI_UNIT(.CENTI.,.METRE.)
);
#18153=(
NAMED_UNIT(*)
PLANE_ANGLE_UNIT()
SI_UNIT($,.RADIAN.)
);
#18154=(
NAMED_UNIT(*)
SI_UNIT($,.STERADIAN.)
SOLID_ANGLE_UNIT()
);
#18155=SHAPE_DEFINITION_REPRESENTATION(#18156,#18157);
#18156=PRODUCT_DEFINITION_SHAPE('',$,#18159);
#18157=SHAPE_REPRESENTATION('',(#10915),#18149);
#18158=PRODUCT_DEFINITION_CONTEXT('part definition',#18163,'design');
#18159=PRODUCT_DEFINITION('FootLeftNCS','FootLeftNCS',#18160,#18158);
#18160=PRODUCT_DEFINITION_FORMATION('',$,#18165);
#18161=PRODUCT_RELATED_PRODUCT_CATEGORY('FootLeftNCS','FootLeftNCS',(#18165));
#18162=APPLICATION_PROTOCOL_DEFINITION('international standard',
'automotive_design',2009,#18163);
#18163=APPLICATION_CONTEXT(
'Core Data for Automotive Mechanical Design Process');
#18164=PRODUCT_CONTEXT('part definition',#18163,'mechanical');
#18165=PRODUCT('FootLeftNCS','FootLeftNCS',$,(#18164));
#18166=PRESENTATION_STYLE_ASSIGNMENT((#18167));
#18167=SURFACE_STYLE_USAGE(.BOTH.,#18170);
#18168=SURFACE_STYLE_RENDERING_WITH_PROPERTIES($,#18174,(#18169));
#18169=SURFACE_STYLE_TRANSPARENT(0.);
#18170=SURFACE_SIDE_STYLE('',(#18171,#18168));
#18171=SURFACE_STYLE_FILL_AREA(#18172);
#18172=FILL_AREA_STYLE('',(#18173));
#18173=FILL_AREA_STYLE_COLOUR('',#18174);
#18174=COLOUR_RGB('',0.749019607843137,0.749019607843137,0.749019607843137);
ENDSEC;
END-ISO-10303-21;
