reward_terms/stop,reward_terms/residual,reward_terms/air_time,rollout/ep_len_mean,curriculum/ctrl_jitter_ms,reward_terms/angmom,reward_terms/overrun,reward_terms/time,reward_terms/upright,reward_terms/stance_time,reward_terms/lat_vel,reward_terms/torque,reward_terms/hip_roll,reward_terms/fwd_speed,reward_terms/motor_vel,reward_terms/alive,reward_terms/ang_xy,reward_terms/height,reward_terms/foot_slip,time/iterations,curriculum/sprint_dist_m,time/fps,reward_terms/assist_pen,time/time_elapsed,curriculum/ctrl_drop_prob,reward_terms/clearance,reward_terms/energy,reward_terms/coef_rate,reward_terms/action_rate,reward_terms/stance,curriculum/ent_coef,reward_terms/vz,curriculum/stance_ratio,time/total_timesteps,rollout/ep_rew_mean,curriculum/eff_scale,reward_terms/phase_contact,train/policy_gradient_loss,train/clip_fraction,train/std,train/explained_variance,train/approx_kl,train/entropy_loss,train/n_updates,train/value_loss,train/learning_rate,train/loss,train/clip_range
0.0,-0.1042007631507545,0.0,237.84285714285716,0.0,-0.1291763762880542,0.0,-0.5,-0.3659677978908126,-0.08966330555267632,-1.5141959014197848e-08,0.0,-0.08464281355217641,-0.20579001314129788,0.0,0.0,-0.24735487058880723,-0.01125943513903191,-0.7365396064663801,1,25.0,3250,0.0,5,0.0,0.014067738654293203,0.0,-1.5560856757695651,-0.12675446953420197,-0.0012518912046850647,0.01,-0.10457276062510115,0.65,18432,-159.41224004285712,0.0,-0.6869513531857382,,,,,,,,,,,
0.0,-0.10113818357438141,0.0,207.47,0.0,-0.124820252523567,0.0,-0.5,-0.3790368079008134,-0.030838127686163515,-2.3750204407355277e-08,-3.442145671695572e-05,-0.12465910756972448,0.13557013298432707,-3.8191047711127095e-07,0.0,-0.26874530288061727,-0.01828058520006759,-0.7840930781164817,2,25.01152,3121,0.0,11,0.0,0.022685179269265842,-3.0577865652090054e-06,-1.5424154218280743,-0.13252827525014355,-1.3026306754171062e-05,0.01,-0.10998387148584209,0.649982336,36864,-151.7104618,7.68e-05,-0.6518022116740075,-0.006715696188621223,0.049658203125,1.0009124279022217,0.7276430130004883,0.007391638,-34.06632919311524,6296,188.19205322265626,0.000299995392,43.11668014526367,0.2
0.0,-0.10151668573373875,0.0,204.54,0.0,-0.13081504047830161,0.0,-0.5,-0.37163006477287275,-0.03162399263560979,-2.1860157298011025e-08,-6.729488785744326e-05,-0.11487838780002319,0.19470015423084233,-7.359953099136681e-07,0.0,-0.2783244995459652,-0.02018030064659099,-0.7859276075626452,3,25.02304,3466,0.0,15,0.0,0.024041330348506754,-5.968332501441656e-06,-1.5254746963106511,-0.13244784601835924,-0.00020771051230544508,0.01,-0.12215401474241044,0.6499646720000001,55296,-150.84696531,0.0001536,-0.6400574659610972,-0.01074301996268332,0.06343994140625,1.0006046295166016,0.856246829032898,0.00810341,-34.060743713378905,6300,105.17581558227539,0.000299990784,28.33778953552246,0.2
0.0,-0.10121465385713638,0.0,218.08,0.0,-0.13834069542514263,0.0,-0.5,-0.41835733685538623,-0.039868741456302814,-2.2188101869891424e-08,-9.928409558616148e-05,-0.11382772875222022,0.20240835778630992,-1.0741033126376762e-06,0.0,-0.2782438396883267,-0.02591958561639554,-0.7855635322516823,4,25.03456,3672,0.0,20,0.0,0.027545311559145504,-8.745479580950678e-06,-1.5046710500629767,-0.1339699368592998,-0.0002130541480475923,0.01,-0.13668951844400992,0.649947008,73728,-154.20862456,0.0002304,-0.6328600187470202,-0.0118506935890764,0.08165283203125,1.0007927417755127,0.8942328095436096,0.009352274,-34.06331882476807,6304,80.49815311431885,0.00029998617599999997,22.478103637695312,0.2
0.0,-0.10071067288586665,0.0,210.45,0.0,-0.13241731003609128,0.0,-0.5,-0.4385837105350917,-0.040509735597879626,-2.0916677850170815e-08,-0.000131900944584072,-0.08659833577391372,0.04763127779200522,-1.4234565177882626e-06,0.0,-0.28702123686764547,-0.024661062617834892,-0.7742383462997159,5,25.04608,3811,0.0,24,0.0,0.019767175722611427,-1.139202063037012e-05,-1.502704803938088,-0.1340826443649249,-0.0001164345460444408,0.01,-0.12956095954298075,0.649929344,92160,-152.34968322,0.0003072,-0.6530970647408352,-0.012265639193356038,0.08621826171875,1.0008761882781982,0.8923234939575195,0.0090610385,-34.06365070343018,6308,75.77328643798828,0.000299981568,21.001340866088867,0.2
0.0,-0.10075445817513688,0.0,222.05,0.0,-0.13903222010789373,0.0,-0.5,-0.45850794095841224,-0.05533773297469856,-1.9948777934844327e-08,-0.0001579077663888172,-0.08303356903355275,0.1314914729739631,-1.6954344057463477e-06,0.0,-0.27879058885138314,-0.024948006231230193,-0.7500376550307207,6,25.0576,3906,0.0,28,0.0,0.026703930278834158,-1.3735579561890397e-05,-1.4818268947848159,-0.1362484843316421,-0.0023286176501482536,0.01,-0.13862427978329767,0.64991168,110592,-155.17164405,0.000384,-0.6550660247380597,-0.010194217902608216,0.1361572265625,1.001091480255127,0.9033317565917969,0.012295933,-34.066748428344724,6312,59.99260997772217,0.00029997696,16.735063552856445,0.2
0.0,-0.10094412205984529,1.0850654992585381e-05,239.92,0.0,-0.12656261139314323,0.0,-0.5,-0.44244848132268,-0.0632456921319115,-1.930578361233342e-08,-0.0001883399900334,-0.06869149344251782,-0.03154049357701639,-2.099091181744528e-06,0.0,-0.26661325326702767,-0.02420506192596445,-0.7298978052681273,7,25.06912,3983,0.0,32,0.0,0.02189895658836054,-1.6662459018703565e-05,-1.4838095108178189,-0.1338187783701397,-0.0023105868984672484,0.01,-0.12773837717486597,0.6498940160000001,129024,-159.60627666,0.0004608,-0.6623411143310799,-0.011746140860486776,0.16939697265625,1.0010952949523926,0.8995165824890137,0.015297276,-34.06682243347168,6316,46.810660171508786,0.00029997235199999997,13.470998764038086,0.2
0.0,-0.10055158853765946,0.0,241.83,0.0,-0.13012440867272965,0.0,-0.5,-0.4326399808602337,-0.07973289648523657,-1.9069264932186998e-08,-0.00022058672027237787,-0.07179348125924118,-0.15851501700501985,-2.5698718730162483e-06,0.0,-0.2922133644892164,-0.02401641077663197,-0.7127590241376521,8,25.08064,4036,0.0,36,0.0,0.020959706218333634,-1.9975180675420278e-05,-1.481231259074378,-0.13650571145186707,-0.0001632735283487407,0.01,-0.12039046261723724,0.649876352,147456,-160.04816009,0.0005376,-0.6654098976649956,-0.006966653047129512,0.236474609375,1.001258373260498,0.9051184058189392,0.019111698,-34.06705894470215,6320,39.85824327468872,0.000299967744,11.489625930786133,0.2
0.0,-0.10090023356322736,0.0,254.67,0.0,-0.1133389311733966,0.0,-0.5,-0.4487223591691108,-0.10696118075187162,-1.8291246688883426e-08,-0.00024348044812262727,-0.07578706644934968,-0.16266778387504563,-2.7511740180837898e-06,0.0,-0.2596285413910142,-0.022682458344279257,-0.6832381040453677,9,25.09216,4086,0.0,40,0.0,0.017395847758938775,-2.1545364137208065e-05,-1.4452745310995294,-0.1341711446921344,-0.002617282487238194,0.01,-0.1046446130118072,0.649858688,165888,-163.25716125,0.0006144,-0.6682038257516791,-0.0013213863596320153,0.3236572265625,1.001837968826294,0.9045329093933105,0.02762483,-34.07354469299317,6324,34.05943040847778,0.000299963136,8.857139587402344,0.2
0.0,-0.1021629988951564,1.6275929131855567e-06,259.05,0.0,-0.11768169614603122,0.0,-0.5,-0.4549309053825083,-0.09444613156988958,-1.643509346030148e-08,-0.0002601980025654512,-0.0756781554417053,-0.15609802618767363,-3.002722405997502e-06,0.0,-0.2476487324878841,-0.017669185163816763,-0.6867087855332199,10,25.10368,4133,0.0,44,0.0,0.015046657656645831,-2.3582436814081785e-05,-1.463421215971426,-0.1308211186893989,-0.0024623998578065646,0.01,-0.1011033970834203,0.649841024,184320,-164.42067959,0.0006912,-0.6773607240352851,0.017271526530385016,0.27265625,1.0003743171691895,0.8997402191162109,0.024953427,-34.0585578918457,6325,44.18494491577148,0.00029995852799999997,20.231246948242188,0.2
0.0,-0.10182737375871426,0.0,261.61,0.0,-0.12210505198717485,0.0,-0.5,-0.4535725526453562,-0.10097782497016144,-1.814050729550635e-08,-0.0002915725678823269,-0.07766731898291898,-0.22154987405493468,-3.569698153045762e-06,0.0,-0.2633058049798221,-0.019701538062363924,-0.6966418527945373,11,25.1152,4162,0.0,48,0.0,0.014820969920661013,-2.7122820804945796e-05,-1.461244148605219,-0.1313634425275494,-0.003199283768991821,0.01,-0.10678259698416885,0.6498233600000001,202752,-165.08112971999998,0.000768,-0.6832618797789302,-0.017535247094929218,0.208837890625,1.002234935760498,0.9020043015480042,0.021796098,-34.07644481658936,6329,24.32855796813965,0.00029995392,8.390774726867676,0.2
0.0,-0.10190352744256863,2.7126516215503216e-06,260.98,0.0,-0.11001802262057322,0.0,-0.5,-0.44350329551467443,-0.1127726596945043,-1.6482893782328512e-08,-0.00030571901386333814,-0.08568676666795395,-0.2329546562993089,-3.798745474114848e-06,0.0,-0.253129109061361,-0.018444591110390637,-0.638397625741276,12,25.12672,4189,0.0,52,0.0,0.013381906530069442,-2.8617229078938572e-05,-1.4341625772371105,-0.131056629519048,-0.007453083348541377,0.01,-0.09326402728023905,0.649805696,221184,-164.91883925,0.0008448,-0.6861510237830956,-0.011062637949362398,0.28360595703125,1.0021591186523438,0.8982937932014465,0.023509506,-34.07719764709473,6333,21.266970682144166,0.000299949312,6.924185752868652,0.2
0.0,-0.1012842770577229,3.7977200311919055e-06,281.72,0.0,-0.12670536258982737,0.0,-0.5,-0.4061424861931926,-0.13579468757153437,-1.686602041371079e-08,-0.0003337582279840366,-0.07793030173840373,-0.26869943016611203,-4.4691125055643205e-06,0.0,-0.2759377974169204,-0.02362128723486601,-0.6483312612776706,13,25.13824,4212,0.0,56,0.0,0.016759548222796978,-3.273907133783202e-05,-1.4046917154464083,-0.12953433557416938,-0.004351701134599811,0.01,-0.1154063846033895,0.649788032,239616,-170.09802374,0.0009216,-0.6608168450775881,-0.010756935831159354,0.29390869140625,1.002167820930481,0.8971765637397766,0.025682528,-34.07755889892578,6337,17.77453656196594,0.00029994470399999997,6.407008647918701,0.2
0.0,-0.10191864825603018,0.0,287.42,0.0,-0.1132691888536254,0.0,-0.5,-0.43368514620138643,-0.15183972594645134,-1.681221292091677e-08,-0.00035576377085521016,-0.08027412853241565,-0.3685903841929775,-4.659097081580618e-06,0.0,-0.2544617546125659,-0.018558305837976883,-0.6495162869380329,14,25.14976,4228,0.0,61,0.0,0.009262096243618114,-3.469118663362552e-05,-1.4497005031677803,-0.13058296414822432,-0.003507351304102533,0.01,-0.08559207280188384,0.649770368,258048,-171.40205644000002,0.0009984,-0.7061798109077264,-0.006652613042388111,0.3218994140625,1.002295732498169,0.898281991481781,0.033165094,-34.07674350738525,6341,15.296995973587036,0.000299940096,5.020867347717285,0.2
0.0,-0.10244030063943248,0.0,273.23,0.0,-0.12579561298155129,0.0,-0.5,-0.4400373023206708,-0.1357514001267393,-1.5864274144878623e-08,-0.0003779233368412172,-0.06741221814583849,-0.47897369571666815,-4.6600151385608086e-06,0.0,-0.26153631399982374,-0.01484423753621737,-0.6383147182674506,15,25.16128,4252,0.0,65,0.0,0.009215162247215216,-3.564300007861494e-05,-1.4972564240587856,-0.12869540467662546,-0.0009295045286734356,0.01,-0.08680357796011412,0.6497527040000001,276480,-167.90299872,0.0010752,-0.725533977681165,0.014841103693470359,0.2659912109375,1.0002933740615845,0.890600860118866,0.025143042,-34.05624485015869,6342,18.368722915649414,0.000299935488,7.362170696258545,0.2
0.0,-0.10213314251090329,0.0,273.68,0.0,-0.12080180728124439,0.0,-0.5,-0.4139637850671159,-0.1563675612576642,-1.5736692702341576e-08,-0.00039891503734975346,-0.07265194531677656,-0.517695669580099,-5.250364175380101e-06,0.0,-0.2559903206557863,-0.018479713994336525,-0.6171416334231361,16,25.1728,4268,0.0,69,0.0,0.009757883458866816,-3.921342055180969e-05,-1.457591882250751,-0.12714592589764295,-0.006711489911487656,0.01,-0.09486323094035141,0.64973504,294912,-167.96658135,0.001152,-0.7032640431017967,-0.01754432579036802,0.19588623046875,1.002707600593567,0.8632371425628662,0.01707353,-34.081991004943845,6346,13.800132942199706,0.00029993088,4.963557720184326,0.2
0.0,-0.10309402156478982,4.340263937289516e-06,275.35,0.0,-0.12294251121343192,0.0,-0.5,-0.4005410186814647,-0.15074582389853378,-1.4075830233149377e-08,-0.00041755858224344763,-0.06360557169352382,-0.49871958054251553,-5.436871739136535e-06,0.0,-0.2577868743241263,-0.01640321807997888,-0.6132712798783739,17,25.18432,4281,0.0,73,0.0,0.009308812734156152,-4.096408051822552e-05,-1.4803153038436987,-0.12636729718066328,-0.0030830603661738945,0.01,-0.0891289963651017,0.649717376,313344,-168.37882052999998,0.0012288,-0.7115202835329107,-0.019295857287943363,0.21424560546875,1.0032092332839966,0.8840668201446533,0.021055574,-34.088463401794435,6350,9.693589329719543,0.000299926272,3.1072998046875,0.2
0.0,-0.10264975573502483,0.0,278.93,0.0,-0.1291738276377186,0.0,-0.5,-0.3592041035614859,-0.17826277435718416,-1.6365088137157444e-08,-0.0004499592947964405,-0.07706318016330575,-0.6101510199672024,-5.8984532999113385e-06,0.0,-0.27252559913729874,-0.015354503370387622,-0.647950966211546,18,25.19584,4293,0.0,77,0.0,0.006541049798501435,-4.423155812253974e-05,-1.4843745548023646,-0.12950846525294324,-0.002440708346537262,0.01,-0.09961234959526878,0.649699712,331776,-169.33789457,0.0013056,-0.7104056982883118,-0.009366014890838414,0.33511962890625,1.0033243894577026,0.8798527121543884,0.027038032,-34.092053985595705,6354,7.302188348770142,0.000299921664,2.1538896560668945,0.2
0.0,-0.101979293145041,0.0,284.76,0.0,-0.13547762076776268,0.0,-0.5,-0.39893755305430617,-0.1614732425093987,-1.589584583405511e-08,-0.0004729075896535149,-0.07365938551573077,-0.6061047501912015,-6.311239499950184e-06,0.0,-0.2707875607594339,-0.013998456986712256,-0.6345211333739232,19,25.20736,4307,0.0,81,0.0,0.009957529843195723,-4.729447868895065e-05,-1.4785937675495417,-0.13108907113334534,-0.007395647079709349,0.01,-0.09586182051361741,0.6496820480000001,350208,-171.03164037000002,0.0013824,-0.698195818789706,0.012752693767348925,0.2548828125,1.000324010848999,0.8308486938476562,0.023042796,-34.05841573079427,6355,11.02758534749349,0.000299917056,4.590455532073975,0.2
0.0,-0.10300372341358217,0.0,276.75,0.0,-0.12408371074146175,0.0,-0.5,-0.39718080769735437,-0.16845047312866276,-1.412089534812845e-08,-0.00048039714609994435,-0.07307218743331716,-0.6046270118091069,-6.416769415197393e-06,0.0,-0.2499077180103136,-0.013492579424212094,-0.5868816031732621,20,25.21888,4317,0.0,85,0.0,0.006835321977135745,-4.822157979585458e-05,-1.4520353352386737,-0.12920752989589496,-0.006058132922269307,0.01,-0.0844363509321322,0.649664384,368640,-169.09788996,0.0014592,-0.694152165730006,-0.015618145745247603,0.3258056640625,1.0032353401184082,0.8360200524330139,0.032050945,-34.08941440582275,6359,7.168729853630066,0.000299912448,2.186840057373047,0.2
0.0,-0.10228481394592023,0.0,282.98,0.0,-0.124311234786379,0.0,-0.5,-0.366817005819223,-0.16112329710449558,-1.7239680779512386e-08,-0.0005522936451112306,-0.06949510718136692,-0.5244037572043658,-7.206433382224137e-06,0.0,-0.27048521324810115,-0.01343511796875842,-0.6140076098543047,21,25.2304,4330,0.0,89,0.0,0.008835113808349894,-5.3658429990355266e-05,-1.4841015052534998,-0.13071575254125156,-0.0039993743819997755,0.01,-0.08281915115468082,0.64964672,387072,-170.50051019999998,0.001536,-0.7065293498175405,0.011249717058879989,0.31417410714285715,1.0011078119277954,0.8387826085090637,0.042224757,-34.06650979178293,6361,6.457818371909005,0.00029990784,2.406588077545166,0.2
0.0,-0.10245707817349178,0.0,280.74,0.0,-0.13044738569080003,0.0,-0.5,-0.3686696224899624,-0.16320307078583735,-1.4469715430510284e-08,-0.0005363036621114556,-0.06501598722998322,-0.6546269904328422,-6.878893380148096e-06,0.0,-0.26187939251457676,-0.012096549612043327,-0.6390353894944467,22,25.24192,4338,0.0,93,0.0,0.005306558302705024,-5.242282395162336e-05,-1.4828185451576554,-0.1270539403032675,-0.008478214868121482,0.01,-0.08335077194776572,0.649629056,405504,-169.91685464999998,0.0016128,-0.7120070761073408,-0.018134278808965495,0.3548776726973684,1.0037033557891846,0.7695035338401794,0.040681504,-34.09745126021536,6365,4.812998533248901,0.00029990323199999996,1.3959101438522339,0.2
0.0,-0.10207567373335719,0.0,268.16,0.0,-0.13431740769372366,0.0,-0.5,-0.3578320058694198,-0.16495778752950072,-1.7593618110637226e-08,-0.0006062037740252944,-0.062221628308157806,-0.7617052026212349,-7.875856450456273e-06,0.0,-0.27626991463129463,-0.016039462733147273,-0.6325620922597012,23,25.25344,4347,0.0,97,0.0,0.007655537695318172,-5.8790479894369934e-05,-1.4681265795201321,-0.13108264849225001,-0.003666007049648333,0.01,-0.10134556230182347,0.6496113920000001,423936,-166.84598016999996,0.0016896,-0.7028695330032778,-0.006658509156356255,0.342529296875,1.0040329694747925,0.782260000705719,0.03733199,-34.10043487548828,6368,3.508610486984253,0.000299898624,1.015730857849121,0.2
0.0,-0.10245190167334776,4.882788440833489e-06,288.3,0.0,-0.14317048078628614,0.0,-0.5,-0.40031170735985644,-0.1765402081833195,-1.5731271273270862e-08,-0.0006263009884767113,-0.07476983878266732,-0.7848103324522078,-7.971955028397934e-06,0.0,-0.27694211847293687,-0.017703185355279465,-0.6568985165975675,24,25.26496,4354,0.0,101,0.0,0.006975114499998569,-6.093177257202509e-05,-1.4762462218444197,-0.1332123500429512,-0.0075583819110282046,0.01,-0.11245919968138805,0.649593728,442368,-171.98353766,0.0017664,-0.6945416397384405,-0.011067350666659573,0.2672119140625,1.0029571056365967,0.7503034472465515,0.041066103,-34.0904925664266,6371,3.208687901496887,0.000299894016,1.0168901681900024,0.2
0.0,-0.10131240631459434,0.0,277.33,0.0,-0.14264852807236633,0.0,-0.5,-0.42949136087225204,-0.13164590983069502,-1.7626479468603937e-08,-0.0006424186138776025,-0.06491491237117199,-0.805754569194947,-8.686769406937208e-06,0.0,-0.27564262645798493,-0.015475084127970943,-0.6361959905761465,25,25.27648,4362,0.0,105,0.0,0.006011062883190247,-6.410727100978294e-05,-1.4556493175103826,-0.1349207593745638,-0.006282989140253353,0.01,-0.10708386942725992,0.649576064,460800,-169.28462277000003,0.0018432,-0.6936865309053265,0.010196107439696789,0.349365234375,1.0026805400848389,0.7544614672660828,0.03699311,-34.08469696044922,6373,3.014165425300598,0.00029988940799999996,0.8457378149032593,0.2
0.0,-0.10316375401480958,3.2551955276479325e-06,270.57,0.0,-0.14165267865155334,0.0,-0.5,-0.3509731692893866,-0.15398556795035903,-1.6151641052867505e-08,-0.0006707086868317507,-0.07465008980592806,-0.812624779305237,-8.927344026294978e-06,0.0,-0.27640679080068226,-0.015558183697076601,-0.6304897348883286,26,25.288,4368,0.0,109,0.0,0.006480276922941249,-6.63262230196474e-05,-1.4764244148039962,-0.13047816303246124,-0.008946882220925323,0.01,-0.1010289675168494,0.6495584,479232,-167.56112543,0.00192,-0.6905246504246875,-0.009867410009194697,0.3496616908482143,1.0036358833312988,0.7106552720069885,0.04174264,-34.09921618870327,6376,2.3040496706962585,0.0002998848,0.5675964951515198,0.2
0.0,-0.10227785069057889,0.0,266.16,0.0,-0.14590513386499626,0.0,-0.5,-0.3665845857798274,-0.12772595492424443,-1.8032214758197645e-08,-0.0006705127733366951,-0.0630432657618319,-0.878894432987319,-9.322751608197768e-06,0.0,-0.2881123838320029,-0.01538453344814664,-0.58548449520378,27,25.29952,4376,0.0,113,0.0,0.004745837706035913,-6.7642223522906e-05,-1.4257134157038764,-0.1316001980118321,-0.007470622781406303,0.01,-0.0971994002811244,0.6495407360000001,497664,-166.46090476999998,0.0019968,-0.6900511124504154,0.0021622112253680825,0.292572021484375,1.0021495819091797,0.7133285999298096,0.03610522,-34.07755517959595,6378,2.1135978996753693,0.000299880192,0.5873558521270752,0.2
0.0,-0.103282274788214,0.0,264.1,0.0,-0.14867816205049988,0.0,-0.5,-0.35395029960663116,-0.13338580644307918,-1.7029684522873573e-08,-0.000716151940653662,-0.06457166969459932,-0.7394741150702496,-9.17777551785025e-06,0.0,-0.2724340306863064,-0.014147504634562373,-0.607411967997089,28,25.31104,4379,0.0,117,0.0,0.004936134740988472,-6.924737856591776e-05,-1.4637090756113726,-0.1276411283669027,-0.01708579859704638,0.01,-0.08891051149317346,0.649523072,516096,-165.98203592,0.0020736,-0.6984776388358664,-0.008562958411251506,0.325439453125,1.0038726329803467,0.6643275022506714,0.049868524,-34.10148652394613,6381,1.522270103295644,0.000299875584,0.2285512089729309,0.2
0.0,-0.10334376560542333,0.0,271.21,0.0,-0.16521003973751125,0.0,-0.5,-0.34781620364678284,-0.14936777556593167,-1.4841666225801958e-08,-0.00073701750307674,-0.061304675612855956,-1.0385916994093671,-9.819088011038602e-06,0.0,-0.30405597576282917,-0.013965094863213293,-0.6368083147759305,29,25.32256,4386,0.0,121,0.0,0.005459070187442402,-7.374390253625056e-05,-1.4924826913357567,-0.12956078028188392,-0.014618162206378777,0.01,-0.11779481088443806,0.649505408,534528,-167.78171491999998,0.0021504,-0.7049761905653251,0.009974188636988401,0.3134068080357143,1.0015790462493896,0.5983023643493652,0.04784754,-34.07164110456194,6383,1.3578730991908483,0.000299870976,0.2702726125717163,0.2
0.0,-0.10269999664646999,8.680537575855851e-06,260.86,0.0,-0.15715263215091102,0.0,-0.5,-0.3732515638249956,-0.12549560040093233,-1.6714838565100634e-08,-0.0007552427962409318,-0.06099731030773032,-0.8886865711294973,-1.0075726304401566e-05,0.0,-0.29240918338428395,-0.01541141358630462,-0.5976788239939049,30,25.33408,4392,0.0,125,0.0,0.006131274346871878,-7.503502757426354e-05,-1.4741339738378791,-0.13018891083243933,-0.011976977166832641,0.01,-0.11515708137241441,0.649487744,552960,-165.17785922000002,0.0022272,-0.6995495174578723,0.0006301361136138439,0.328125,1.0020437240600586,0.5110231637954712,0.04301692,-34.07443141937256,6385,1.0790542736649513,0.00029986636799999997,0.09167465567588806,0.2
0.0,-0.10150538870985557,0.0,251.93,0.0,-0.16300856929897864,0.0,-0.5,-0.4121500454446878,-0.1154767667095358,-1.6864222669677535e-08,-0.0007918004273927198,-0.061924282679894235,-0.8578584912715593,-1.0319888242410184e-05,0.0,-0.2975144982034353,-0.016159028380203957,-0.5662933945292568,31,25.3456,4398,0.0,129,0.0,0.006926731987474146,-7.737809018565895e-05,-1.4561153709930292,-0.1327473382492811,-0.019007758301055097,0.01,-0.1029619508953649,0.6494700800000001,571392,-162.94216434,0.002304,-0.6979260927842973,0.004357071294050131,0.30099051339285715,1.0022563934326172,0.19431614875793457,0.04166521,-34.07911246163504,6387,1.1555607659476144,0.00029986176,0.17333954572677612,0.2
0.0,-0.10247515245374435,0.0,258.82,0.0,-0.15539966123143564,0.0,-0.5,-0.33840239388148446,-0.13733016524929553,-1.5984790328014647e-08,-0.0008295900745684025,-0.07509766981111927,-0.8763204717439416,-1.0988158217994603e-05,0.0,-0.2875507345115413,-0.01412393371121353,-0.6142566898810103,32,25.35712,4402,0.0,133,0.0,0.0061801088215990485,-8.242367379035937e-05,-1.491529280303384,-0.1333112224447578,-0.019527770411719374,0.01,-0.11547116499851826,0.649452416,589824,-164.66287728000003,0.0023808,-0.7102562684908221,0.014574111128846804,0.3607584635416667,1.0024397373199463,-0.28728556632995605,0.054754056,-34.082956314086914,6389,1.073290228843689,0.000299857152,0.11927944421768188,0.2
0.0,-0.10188296414060768,0.0,257.68,0.0,-0.16423326301778776,0.0,-0.5,-0.38374548201589537,-0.12841984924226482,-1.5488299734644978e-08,-0.0008599251565439867,-0.08011622269719444,-0.8723450377980393,-1.1637836165349104e-05,0.0,-0.2987948033055716,-0.014725343612735768,-0.636490070270041,33,25.36864,4407,0.0,137,0.0,0.006778123160125064,-8.671632298327836e-05,-1.4736909536968468,-0.13078499157713047,-0.03536343490007868,0.01,-0.10491853735425395,0.649434752,608256,-164.3503342,0.0024576,-0.6960323122984118,0.02812092409779628,0.3427734375,1.001045823097229,-0.6620255708694458,0.03881116,-34.06683858235677,6390,1.2134395440419514,0.000299852544,0.273693710565567,0.2
0.0,-0.10147239781737497,0.0,258.39,0.0,-0.16030392243336097,0.0,-0.5,-0.3624657006070292,-0.1274740875604847,-1.667105336086729e-08,-0.0009042260431901286,-0.0809942516488526,-0.8399852187719117,-1.2128038358529397e-05,0.0,-0.29136492200660974,-0.015456040604777723,-0.6153150047908613,34,25.38016,4412,0.0,142,0.0,0.00816554362728243,-9.062699865210621e-05,-1.4637952153026932,-0.1339428248660043,-0.029970811729893528,0.01,-0.11620056504897804,0.649417088,626688,-164.55728121,0.0025344,-0.6866701592716793,0.008310072007589042,0.2941487630208333,1.0023200511932373,-0.4058694839477539,0.052957907,-34.08226076761881,6392,1.20881591240565,0.000299847936,0.15474095940589905,0.2
0.0,-0.10154498073755695,0.0,256.63,0.0,-0.1546815760600731,0.0,-0.5,-0.36122640084605345,-0.1337771100709991,-1.7519680162622634e-08,-0.0009057270656159824,-0.06853663434159046,-0.8993462002215088,-1.2094297593338423e-05,0.0,-0.28157544310959315,-0.014601281495460191,-0.5418829031283553,35,25.39168,4417,0.0,146,0.0,0.006914786581195291,-8.956718847239198e-05,-1.426213899427419,-0.13106301862287578,-0.04160629740235276,0.01,-0.09563211556699425,0.6493994240000001,645120,-164.12596808,0.0026112,-0.6863353132739248,0.020341275446116924,0.33994140625,1.0020170211791992,-1.0585575103759766,0.030653257,-34.07887725830078,6393,1.1709942817687988,0.000299843328,0.2469424307346344,0.2
0.0,-0.1012485210290949,0.0,263.56,0.0,-0.15101136487282488,0.0,-0.5,-0.3283627795728527,-0.13800223936171582,-1.8386498231725487e-08,-0.0009415569722122473,-0.07846552838923913,-0.8772561244452813,-1.2790162364356012e-05,0.0,-0.28336547324648076,-0.015850631859701446,-0.5551442178333149,36,25.4032,4423,0.0,150,0.0,0.006366212749457756,-9.371771174798504e-05,-1.421282505197352,-0.13257636490149494,-0.0338871721746995,0.01,-0.10262012142132824,0.64938176,663552,-165.83646999,0.002688,-0.6826234743150241,0.01925512682646513,0.3640625,1.0022802352905273,-1.1167042255401611,0.032558385,-34.080464935302736,6394,0.7863520383834839,0.00029983871999999997,0.038373202085494995,0.2
0.0,-0.10148527713667488,0.0,256.75,0.0,-0.15302806009320716,0.0,-0.5,-0.35446396556576787,-0.14275388749794932,-1.8404461414384455e-08,-0.0009467034993938422,-0.08418256614884038,-0.9185512744666493,-1.244381085475529e-05,0.0,-0.2806614930475029,-0.016800781417681657,-0.5236262089196649,37,25.41472,4427,0.0,154,0.0,0.0062374038539737,-9.228604592026483e-05,-1.4221685801066448,-0.13107882913020558,-0.05740786420733503,0.01,-0.09715638898332041,0.649364096,681984,-164.14837374,0.0027648,-0.6880638228280708,0.021736332029104233,0.356494140625,1.002280592918396,-0.8286552429199219,0.031152612,-34.07985382080078,6395,0.7954961061477661,0.000299834112,0.03311476111412048,0.2
0.0,-0.10250407714467942,0.0,264.86,0.0,-0.16874569165826073,0.0,-0.5,-0.29759418159017514,-0.14370398235365023,-1.6156674978001035e-08,-0.000980580853934294,-0.06544457622068772,-1.1203273243965195,-1.246739078813172e-05,0.0,-0.2934096273664243,-0.017457001618380468,-0.6005754884726201,38,25.42624,4433,0.0,157,0.0,0.004961880467505803,-9.470700306909318e-05,-1.4799710486418913,-0.12982543744142927,-0.013446742805709937,0.01,-0.12016226851003735,0.649346432,700416,-166.19045448,0.0028416,-0.709672455969546,0.01523675862699747,0.2391357421875,1.0005306005477905,-1.5398657321929932,0.022668457,-34.05973815917969,6396,0.9500179290771484,0.000299829504,0.1750594675540924,0.2
0.0,-0.10243319496199638,2.1701271180063486e-06,268.22,0.0,-0.1597961976340768,0.0,-0.5,-0.3368321915812377,-0.15166920345897475,-1.6890305785018898e-08,-0.0010178304197359447,-0.07061160067148056,-0.994171582600847,-1.3305446922213729e-05,0.0,-0.298879309104376,-0.014602462029638268,-0.5898013823078678,39,25.43776,4438,0.0,161,0.0,0.006551696022755629,-9.973800578241582e-05,-1.4836180215836863,-0.1302609097286716,-0.04249288896753077,0.01,-0.11118159619437375,0.6493287680000001,718848,-167.02401466999999,0.0029184,-0.7037036645802998,0.018420754466205835,0.2454833984375,1.00059175491333,-1.410407304763794,0.024605388,-34.06072807312012,6397,0.774482786655426,0.00029982489599999996,0.07638326287269592,0.2
0.0,-0.1024805218333484,0.0,269.74,0.0,-0.16578910347581816,0.0,-0.5,-0.3129127868938538,-0.16655431154908407,-1.5220998142989015e-08,-0.0010389171242995423,-0.061677760387672684,-1.0429282473123376,-1.34322987387606e-05,0.0,-0.29957023298109814,-0.014425957848552927,-0.581275536703678,40,25.44928,4443,0.0,165,0.0,0.006050652687337174,-0.00010124111837293602,-1.4962041383557705,-0.13076991985433828,-0.040594442646491355,0.01,-0.11620202774206723,0.649311104,737280,-167.40587304000002,0.0029952,-0.7034547204191491,0.016986130503937602,0.2415771484375,1.0006216764450073,-1.2774631977081299,0.024511157,-34.061405181884766,6398,0.8772528767585754,0.000299820288,0.1389404535293579,0.2
0.0,-0.10234861703759163,0.0,258.9,0.0,-0.16123825406204922,0.0,-0.5,-0.32499765679698545,-0.12882012104253387,-1.730363538301923e-08,-0.0010578412086701004,-0.07172858089194699,-0.9805014352461736,-1.379429209249712e-05,0.0,-0.2947491058293066,-0.01602674837349721,-0.5712199374579771,41,25.4608,4447,0.0,169,0.0,0.006121352300840811,-0.00010341362064428132,-1.484594750084207,-0.13084294080007508,-0.0401149561083802,0.01,-0.10699388401689583,0.64929344,755712,-164.68572893,0.003072,-0.702974200377739,0.024148589155326288,0.3181966145833333,1.0013399124145508,-1.9430336952209473,0.03139622,-34.07024129231771,6399,0.7796189586321512,0.00029981568,0.07358285784721375,0.2
0.0,-0.10212611970743936,1.1393208599959811e-05,270.67,0.0,-0.161453028908114,0.0,-0.5,-0.3409897851053815,-0.15194386318034958,-1.519455408256229e-08,-0.001112889340811245,-0.06685353079030801,-1.0328923702165536,-1.39833568069692e-05,0.0,-0.2974355138395717,-0.014357765536112748,-0.5914989019679335,42,25.47232,4450,0.0,173,0.0,0.005148444223931982,-0.00010678752416380385,-1.528614002441263,-0.1335150128178487,-0.03400046133064006,0.01,-0.11185210455571659,0.649275776,774144,-167.63719061,0.0031488,-0.7297403810572133,0.01734196033794433,0.31109619140625,1.001849889755249,-1.337965488433838,0.02698858,-34.07645893096924,6400,0.7825932949781418,0.00029981107199999996,0.0638323426246643,0.2
0.0,-0.10204102220267425,9.223052378123006e-06,260.78,0.0,-0.16651205680743297,0.0,-0.5,-0.3390170891936403,-0.12456392727229589,-1.6756335156231692e-08,-0.0011441621558844327,-0.07861724856028919,-1.0333722309548956,-1.408717647340536e-05,0.0,-0.2984075892885405,-0.016705403496954083,-0.6168015695194938,43,25.48384,4453,0.0,177,0.0,0.007178845957169048,-0.00010868809478405752,-1.499018660917158,-0.13064773492713358,-0.057798855090995124,0.01,-0.11635964022613075,0.649258112,792576,-165.16760641000002,0.0032256,-0.7124379404999364,0.009853578871116042,0.3448893229166667,1.0030932426452637,-2.1547000408172607,0.05398266,-34.09040641784668,6402,0.6902818381786346,0.000299806464,-0.05148187279701233,0.2
0.0,-0.1016347764390181,0.0,264.65,0.0,-0.15192975382803364,0.0,-0.5,-0.3492172341488157,-0.16133406256429023,-1.5882276402094294e-08,-0.0011593339563908964,-0.06483003204055462,-0.948197888052766,-1.4837057070392471e-05,0.0,-0.299183956000711,-0.01347516379576613,-0.569194642970335,44,25.49536,4456,0.0,181,0.0,0.005034745524078831,-0.00011142996834021722,-1.5304434938916485,-0.1343665546019607,-0.06419853716671815,0.01,-0.10344309390352839,0.649240448,811008,-166.13828985,0.0033024,-0.7349149328702426,0.012881061527878046,0.3533935546875,1.0029470920562744,-1.5635137557983398,0.053359695,-34.09028116861979,6404,0.6061907609303793,0.000299801856,-0.0834263265132904,0.2
0.0,-0.10140848494463009,6.510371652742227e-06,263.99,0.0,-0.16754781393300014,0.0,-0.5,-0.32693891506500905,-0.123072634388033,-1.800583350239993e-08,-0.0011943661966386872,-0.05543956415273019,-1.1571786214261108,-1.5350625583350432e-05,0.0,-0.30250457597097086,-0.020577167074702005,-0.5328741406872068,45,25.50688,4459,0.0,185,0.0,0.007413358042631195,-0.00011346243070702214,-1.4775085978087306,-0.13125273177600916,-0.0034480952808224733,0.01,-0.12405328518826135,0.649222784,829440,-165.97501303,0.0033792,-0.7144650173849092,0.023862437531352042,0.362353515625,1.0020908117294312,-1.2122995853424072,0.0330969,-34.079549407958986,6405,0.659965169429779,0.000299797248,0.0037223100662231445,0.2
0.0,-0.1017135121493394,8.13799366975824e-06,268.36,0.0,-0.15423935551078893,0.0,-0.5,-0.31901829074544447,-0.14848547803800707,-1.732106616011404e-08,-0.0012055522777416608,-0.06923690978340837,-1.0584453297998648,-1.5327570438092433e-05,0.0,-0.29138863668874776,-0.01668378241700019,-0.5473229841840178,46,25.5184,4462,0.0,189,0.0,0.006493834348648544,-0.00011450841295271393,-1.496436117581351,-0.13180751474200783,-0.03590802066349,0.01,-0.12033021993367628,0.64920512,847872,-167.06906745,0.003456,-0.7208712407168973,0.019953832495957613,0.340087890625,1.0016839504241943,-1.3142950534820557,0.031351626,-34.07424831390381,6406,0.4275723099708557,0.00029979264,-0.11648306250572205,0.2
0.0,-0.10092566971969512,0.0,271.28,0.0,-0.16429189292170376,0.0,-0.5,-0.3645208833509868,-0.15146467793480647,-1.5656392255540894e-08,-0.0012970742506783735,-0.05853274358483207,-0.9500465147485602,-1.6195162975830534e-05,0.0,-0.31522462782749505,-0.01619974670839606,-0.5968486203124391,47,25.52992,4465,0.0,193,0.0,0.007234528112851791,-0.00012304463033003017,-1.5292951743011978,-0.13694003417050138,-0.028867219609400634,0.01,-0.13073849429392126,0.649187456,866304,-167.79678995999998,0.0035328,-0.7180682892065893,0.023282182030379774,0.36318359375,1.0025081634521484,-0.7147223949432373,0.033098347,-34.08431854248047,6407,0.5227301239967346,0.000299788032,-0.06836864352226257,0.2
0.0,-0.10147481184373187,3.2551955276479325e-06,269.44,0.0,-0.1678364341219618,0.0,-0.5,-0.349153132893222,-0.13528916071583,-1.8014200411309e-08,-0.001324437508889121,-0.06302062907830874,-1.0945651725027699,-1.6616236973998348e-05,0.0,-0.30697265074517016,-0.021008894664978385,-0.5684876922354747,48,25.54144,4468,0.0,197,0.0,0.008226885184831854,-0.00012447460626695373,-1.4721012264450617,-0.13275483226784968,-0.024282724863043614,0.01,-0.12512959358887368,0.649169792,884736,-167.32502664,0.0036096,-0.7018295437625084,0.01995516479946673,0.350341796875,1.0023411512374878,-1.126739263534546,0.030115198,-34.08260955810547,6408,0.6333389401435852,0.00029978342399999996,-0.024135053157806396,0.2
0.0,-0.1015065408485296,9.765596284220615e-06,259.18,0.0,-0.16181846104211647,0.0,-0.5,-0.3148967373322129,-0.1297310211181563,-1.7047487729781366e-08,-0.0013210691841605501,-0.0614085431923131,-1.0816751702761076,-1.6841960814708262e-05,0.0,-0.2990600056127995,-0.01914349115150306,-0.551984868745147,49,25.55296,4471,0.0,201,0.0,0.007492644566164017,-0.000125454101412217,-1.4818829467690058,-0.13467551247338866,-0.029369920013878965,0.01,-0.123727739557541,0.649152128,903168,-164.77070962999997,0.0036864,-0.7019545441287124,0.014497537771239877,0.31572265625,1.002272129058838,-1.2738823890686035,0.026443535,-34.08111343383789,6409,0.47845234870910647,0.000299778816,-0.08060404658317566,0.2
0.0,-0.10159574769131835,2.1701271180063486e-06,260.94,0.0,-0.15482706271515326,0.0,-0.5,-0.2856040066041566,-0.12471706053959981,-1.7795477000619854e-08,-0.0014139318711505371,-0.06543907127203918,-1.0748216294752218,-1.715935275346374e-05,0.0,-0.305164382176628,-0.02251913405517897,-0.561039554622938,50,25.56448,4473,0.0,205,0.0,0.009511131282832076,-0.00013130525378757295,-1.4745680551699583,-0.1316724900835513,-0.024413316133697852,0.01,-0.1298237756386263,0.6491344640000001,921600,-165.20611225000002,0.0037632,-0.7013363250892819,0.015661890152841806,0.34423828125,1.002422571182251,-1.4713387489318848,0.02946895,-34.08379211425781,6410,0.3756077468395233,0.000299774208,-0.15959523618221283,0.2
0.0,-0.10177565476549173,0.0,277.31,0.0,-0.16870001799169498,0.0,-0.5,-0.3172185584856921,-0.1642129979445599,-1.5687330156076735e-08,-0.0013715585302526315,-0.07285141906433075,-1.140197611872913,-1.724731827971515e-05,0.0,-0.30399623150789856,-0.018970182528883467,-0.5584835650795933,51,25.576,4476,0.0,210,0.0,0.007983751821797955,-0.00013098844090507727,-1.4964328089451637,-0.1313262389125151,-0.041843030358139195,0.01,-0.13691486022135765,0.6491168,940032,-169.30467307000004,0.00384,-0.7055956350508233,0.012428125366568565,0.2864583333333333,1.0012273788452148,-1.0214314460754395,0.027161196,-34.06931940714518,6411,0.46241228779157,0.00029976959999999996,-0.12153048813343048,0.2
0.0,-0.10191076195580452,4.340254236012697e-06,288.36,0.0,-0.1547338842281567,0.0,-0.5,-0.30401179217034463,-0.14707829554067253,-1.8308076886747654e-08,-0.0014418510514549528,-0.086843690074809,-1.0232774821610682,-1.764090920988499e-05,0.0,-0.2916796197464386,-0.019285037658046837,-0.5686611454491602,52,25.58752,4477,0.0,214,0.0,0.0085499744612313,-0.00013375880779359763,-1.4719302647339352,-0.13109666874696557,-0.0762008257502596,0.01,-0.12974632145111223,0.649099136,958464,-172.07171033999998,0.0039168,-0.7006811658476774,0.011039779793160657,0.3153076171875,1.0028120279312134,-1.2830157279968262,0.053872325,-34.08896827697754,6413,0.32180166244506836,0.000299764992,-0.2126416563987732,0.2
0.0,-0.10165136051877284,7.5954594649374485e-06,266.77,0.0,-0.17061465651125152,0.0,-0.5,-0.3125642312117469,-0.14054157131209244,-1.4296440634930361e-08,-0.0014304498629510343,-0.06241941406068896,-1.0847789555409164,-1.7589259142756797e-05,0.0,-0.31130774207792367,-0.01604216594393136,-0.5773320856380431,53,25.59904,4480,0.0,218,0.0,0.006642074585669163,-0.00013478821499740852,-1.5061473676861863,-0.13347879896472215,-0.026768619147255705,0.01,-0.12426086671155447,0.649081472,976896,-166.66424558999998,0.0039936,-0.7208026168598681,0.01097340004829069,0.3326416015625,1.0025967359542847,-0.638821005821228,0.04744616,-34.08600362141927,6415,0.5224008858203888,0.000299760384,-0.11983008682727814,0.2
0.0,-0.10148805255153398,0.0,258.3,0.0,-0.17196551290994994,0.0,-0.5,-0.317646435984292,-0.11975015466062662,-1.515465999126777e-08,-0.0014555739599611216,-0.057705760741030496,-1.0462285473972261,-1.8139504696148792e-05,0.0,-0.32398989660600097,-0.014876271229462843,-0.5380243624013749,54,25.61056,4482,0.0,222,0.0,0.006063342469868911,-0.00013752719487224285,-1.4900047871312057,-0.13245891865958404,-0.03538990640831599,0.01,-0.1190586543594721,0.6490638080000001,995328,-164.54585951,0.0040704,-0.7161429151436418,0.010266000133318206,0.3273518880208333,1.002432942390442,-1.268477201461792,0.05017281,-34.08373196919759,6417,0.3319181352853775,0.000299755776,-0.20038600265979767,0.2
0.0,-0.10136032564861724,0.0,265.32,0.0,-0.1724909307496229,0.0,-0.5,-0.31385955873779314,-0.1470626915963496,-1.6121549009572143e-08,-0.0015048186457550395,-0.0719363036870892,-1.0554433170763422,-1.8796537421198832e-05,0.0,-0.3301314386616314,-0.014863265927953975,-0.5739255428423539,55,25.62208,4482,0.0,226,0.0,0.007029104455652128,-0.00014387778327324587,-1.5012311271136225,-0.13408873810814326,-0.05803665510805166,0.01,-0.13547421054647724,0.649046144,1013760,-166.29927152,0.0041472,-0.7083029287956331,0.006093839183449745,0.356689453125,1.0030518770217896,-1.3395233154296875,0.0491295,-34.09047753470285,6419,0.29407126137188505,0.000299751168,-0.2246868759393692,0.2
0.0,-0.1016708885214731,0.0,253.22,0.0,-0.16697224496470428,0.0,-0.5,-0.3294891703331124,-0.11073988498376114,-1.5290866086418422e-08,-0.0015067552408835991,-0.06501778513470215,-1.0263294942151981,-1.8778055289497168e-05,0.0,-0.3043191065539606,-0.014659105321666192,-0.5722144064750998,56,25.6336,4484,0.0,230,0.0,0.005796119682139712,-0.00014217320301340925,-1.5023998813126853,-0.13153398429314633,-0.06041051264406908,0.01,-0.11375612078901155,0.64902848,1032192,-163.2793617,0.004224,-0.7221829324453924,0.00816555813487087,0.34423828125,1.002835750579834,-1.7509276866912842,0.04981911,-34.089016505650115,6421,0.25742422470024656,0.00029974655999999997,-0.23314088582992554,0.2
0.0,-0.1019789897557893,3.7977200311919055e-06,259.36,0.0,-0.15897162787344274,0.0,-0.5,-0.3454997490563479,-0.15282236518719905,-1.4456845863750642e-08,-0.001552071111276572,-0.0761084282963302,-0.9585625011897064,-1.8869246444204536e-05,0.0,-0.303910276325216,-0.016126332494570544,-0.5659857997184202,57,25.64512,4486,0.0,234,0.0,0.007495496275959922,-0.0001453876042087367,-1.5017727850124816,-0.1319364462430319,-0.07999491042419969,0.01,-0.12412167473266036,0.649010816,1050624,-164.81428162,0.0043008,-0.7102296988637748,0.009889580930272738,0.3315836588541667,1.002116322517395,-1.1272602081298828,0.047276184,-34.079898834228516,6423,0.2339756190776825,0.000299741952,-0.24627438187599182,0.2
0.0,-0.10184364196013122,3.7977200311919055e-06,265.23,0.0,-0.16622263807741425,0.0,-0.5,-0.34095714458142845,-0.1424267441196005,-1.868233780625162e-08,-0.001618255059725301,-0.06962808693964934,-1.1336266352409217,-2.0240344377856526e-05,0.0,-0.31675348972400885,-0.017997158378962756,-0.5664797788562326,58,25.65664,4488,0.0,238,0.0,0.007347335819622811,-0.000152818441143796,-1.4865208992200112,-0.13330384280281732,-0.02056488307473803,0.01,-0.12830317300828475,0.6489931520000001,1069056,-166.27927895000002,0.0043776,-0.7086512898730364,0.005473723435508353,0.35438755580357145,1.002250075340271,-1.90809965133667,0.046708778,-34.08180618286133,6425,0.24598499281065805,0.000299737344,-0.24126273393630981,0.2
0.0,-0.10152051627259415,3.2551858263711133e-06,263.13,0.0,-0.1545648311207156,0.0,-0.5,-0.30364444220646886,-0.129771054463668,-1.791100711493457e-08,-0.001679766391309195,-0.07941033123722314,-0.9975865249100091,-2.0103027511534965e-05,0.0,-0.3018600677022991,-0.019108720281278982,-0.5323050169459043,59,25.66816,4490,0.0,242,0.0,0.009093346733358093,-0.00015339100681851934,-1.4567160783473119,-0.13141177167717535,-0.0688217260483868,0.01,-0.12094272215332905,0.648975488,1087488,-165.75345028,0.0044544,-0.6803787606449021,0.01134204639432331,0.34814453125,1.0016592741012573,-1.2620325088500977,0.050640874,-34.073899586995445,6427,0.2732846438884735,0.000299732736,-0.21928992867469788,0.2
0.0,-0.10097292477250763,5.967866551751892e-06,271.15,0.0,-0.16271973759110991,0.0,-0.5,-0.3115307588517053,-0.1372510999709549,-1.8852466893200794e-08,-0.0017388211734211455,-0.07805108738195027,-0.974369237125493,-2.147656331398321e-05,0.0,-0.31158898237912114,-0.017886807450427256,-0.5570903245356176,60,25.67968,4491,0.0,246,0.0,0.00825792795893464,-0.00016008512339523757,-1.450898731032008,-0.1327098049929838,-0.05250671746650358,0.01,-0.12564409626634204,0.648957824,1105920,-167.74096933,0.0045312,-0.6860670293605646,0.0022635197965428233,0.3603515625,1.0023211240768433,-0.847557544708252,0.045097817,-34.08213233947754,6429,0.24166501127183437,0.000299728128,-0.2586239278316498,0.2
0.0,-0.1015711677808156,1.6275929131855567e-06,270.28,0.0,-0.1629579713917865,0.0,-0.5,-0.3093619165105854,-0.13245874501525476,-1.8549234010122402e-08,-0.0016937764040979753,-0.07389100426196549,-1.0291715840065734,-2.1477288484193854e-05,0.0,-0.30954900148868547,-0.018275438956022634,-0.5474269333088512,61,25.6912,4492,0.0,250,0.0,0.00725262284803229,-0.00015981188268092796,-1.4272809877858748,-0.13039363178193014,-0.03529896103818254,0.01,-0.11391980961622794,0.64894016,1124352,-167.53588768,0.004608,-0.6872701159564102,0.006724832512970481,0.34549386160714285,1.0020525455474854,-0.47519218921661377,0.047390155,-34.079022543770925,6431,0.49482308115277973,0.00029972352,-0.14671562612056732,0.2
0.0,-0.10123374624341842,2.1701271180063486e-06,257.11,0.0,-0.15762096058033048,0.0,-0.5,-0.30328363452094653,-0.10775865972067954,-2.1503520759947344e-08,-0.001772347659382201,-0.06786220030526842,-1.0427830249523284,-2.3019798100787946e-05,0.0,-0.31858273930160325,-0.02000554534418628,-0.5143429912814982,62,25.70272,4494,0.0,254,0.0,0.008994008080456422,-0.00016781422742041092,-1.4031780061923516,-0.13162716899769028,-0.011385895167497011,0.01,-0.12757509804829908,0.6489224960000001,1142784,-164.24157919,0.0046848,-0.6693671434603267,0.004670556479444106,0.298095703125,1.001818060874939,-1.6956002712249756,0.049153864,-34.07617441813151,6433,0.21926783521970114,0.00029971891199999997,-0.24547076225280762,0.2
0.0,-0.10114781080097741,0.0,261.59,0.0,-0.16767722479216643,0.0,-0.5,-0.3081936501758944,-0.1259918864056494,-1.9201196009829543e-08,-0.0018313216402201292,-0.06295415068677845,-1.0942312948163173,-2.2479168024204613e-05,0.0,-0.3344524124348921,-0.019464131170986453,-0.5496894242507324,63,25.71424,4495,0.0,258,0.0,0.009057108149550543,-0.00016944721807377863,-1.4521883151332995,-0.13366938940161288,-0.017623962544449454,0.01,-0.13203997346811314,0.648904832,1161216,-165.3715548,0.0047616,-0.6812330258831449,0.008524935129874697,0.3048909505208333,1.0018866062164307,-1.3640213012695312,0.049754128,-34.0767765045166,6435,0.21695596228043237,0.000299714304,-0.25522562861442566,0.2
0.0,-0.10101330949361169,0.0,247.77,0.0,-0.1654419940103143,0.0,-0.5,-0.31870408485784346,-0.12573973193906973,-1.8606574786067273e-08,-0.0018717112608530723,-0.059987403330249975,-1.030096648973063,-2.306723657441319e-05,0.0,-0.3274328115508389,-0.018195189456174977,-0.5495400627127246,64,25.72576,4497,0.0,262,0.0,0.007305746291685344,-0.00017149439793602637,-1.467090286204052,-0.13325008537729247,-0.029543782171186004,0.01,-0.1208337238694954,0.648887168,1179648,-161.90584957,0.0048384,-0.6887683986510832,0.0072712028798248085,0.34434291294642855,1.0022165775299072,-0.8605923652648926,0.044938087,-34.08052008492606,6437,0.2317854506628854,0.000299709696,-0.2560752034187317,0.2
0.0,-0.10127296005841771,0.0,269.73,0.0,-0.1756514477934848,0.0,-0.5,-0.28823502528760314,-0.15371754484496908,-1.5352605201543137e-08,-0.001845378405539567,-0.055015882729494266,-1.1382273897056479,-2.2770585243748443e-05,0.0,-0.32104194768502725,-0.014430286054641592,-0.5613859462998578,65,25.73728,4498,0.0,266,0.0,0.005575208014875293,-0.00017205410461503247,-1.4960329566235473,-0.13287908763595196,-0.0337616741019902,0.01,-0.12426532775380217,0.648869504,1198080,-167.40644789,0.0049152,-0.7010174290562509,-0.0021025735574464,0.3467068142361111,1.0029327869415283,-1.6963844299316406,0.043162584,-34.08996709187826,6439,0.21649581690629324,0.00029970508799999996,-0.2669987380504608,0.2
0.0,-0.1008244885607141,3.2551955276479325e-06,259.52,0.0,-0.1741841769994105,0.0,-0.5,-0.3223730720435825,-0.13966672815634715,-1.777458899700905e-08,-0.0019005787430302276,-0.05899605885250855,-1.0789544721462245,-2.370908019735288e-05,0.0,-0.3277696918315132,-0.016856250855906696,-0.5385221402770113,66,25.7488,4499,0.0,270,0.0,0.006470956287040761,-0.00017630528423188382,-1.4741839001509436,-0.13450695870379287,-0.03235982396808873,0.01,-0.1282439871021105,0.6488518400000001,1216512,-164.84490022999998,0.004992,-0.6825976738692863,-0.008486554809761319,0.3486328125,1.0031819343566895,-1.6622450351715088,0.04575182,-34.09345557472923,6442,0.15805144201625476,0.00029970048,-0.3159399628639221,0.2
0.0,-0.10081224358446325,4.340263937289516e-06,255.58,0.0,-0.17530338429301917,0.0,-0.5,-0.31482120007678965,-0.1489594111222282,-1.654462346589052e-08,-0.0019179027032182616,-0.05319608305698245,-0.9695540958420124,-2.4130879596369022e-05,0.0,-0.33689591644025907,-0.012865677238371715,-0.5716688164324112,67,25.76032,4501,0.0,274,0.0,0.006270889694154848,-0.0001797541915958233,-1.4833625248238174,-0.13573679544245007,-0.03674180496940882,0.01,-0.10944300780420055,0.648834176,1234944,-163.86258671,0.0050688,-0.693650956362041,0.0066043920038888855,0.2958170572916667,1.0017210245132446,-0.9182881116867065,0.047026034,-34.07466824849447,6444,0.17512059460083643,0.000299695872,-0.27690622210502625,0.2
0.0,-0.10078431364612911,1.6275929131855567e-06,258.18,0.0,-0.16214745631264513,0.0,-0.5,-0.3364969963634372,-0.14913001777959936,-1.4718145892073519e-08,-0.0019129569957834916,-0.051909626575960204,-0.9237569074831734,-2.3818575065376267e-05,0.0,-0.3135382652298329,-0.012400285715006697,-0.5856600108773453,68,25.77184,4502,0.0,278,0.0,0.006153767254544746,-0.00017746925822840034,-1.5050686878166597,-0.13533501875602752,-0.04099885672659675,0.01,-0.11277966923088902,0.648816512,1253376,-164.51132104,0.0051456,-0.7100597002634035,-0.00326360076562398,0.3407931857638889,1.0031874179840088,-2.0503225326538086,0.043780163,-34.09307776557075,6446,0.18041131562656826,0.00029969126399999996,-0.2790038585662842,0.2
0.0,-0.10027861124539154,1.6275929131855567e-06,248.42,0.0,-0.17277342440972054,0.0,-0.5,-0.3068127962661706,-0.11814859622326265,-2.017259310287463e-08,-0.001959184235485233,-0.057245366532501306,-1.1179329158351743,-2.53544396994112e-05,0.0,-0.3372427881773114,-0.018714159215019958,-0.5366589310956871,69,25.783360000000002,4502,0.0,282,0.0,0.006552311117830052,-0.00018377095490437555,-1.4621188875671784,-0.1333464781907998,-0.016799744275927495,0.01,-0.13264018104957567,0.648798848,1271808,-162.07849295999998,0.0052224,-0.7057495296430601,-0.008847904137589714,0.3575994318181818,1.0031912326812744,-1.340268611907959,0.054453254,-34.095591111616656,6449,0.20614998990839178,0.000299686656,-0.2894670069217682,0.2
0.0,-0.10079545841281812,2.1701271180063486e-06,248.83,0.0,-0.1706352974640467,0.0,-0.5,-0.3252058862542044,-0.13408025563047785,-1.826629426166654e-08,-0.001939378962806871,-0.06123263459064004,-1.044374121505008,-2.4259041928569136e-05,0.0,-0.3279275018781055,-0.016210654567722194,-0.5376015115972805,70,25.79488,4503,0.0,286,0.0,0.006878992278205374,-0.00018040703772996167,-1.4982152866928167,-0.13317331432088472,-0.04870964291327802,0.01,-0.12993177555062893,0.6487811840000001,1290240,-162.17984395,0.0052992,-0.7117837732730099,-0.011170638860979428,0.3347371419270833,1.0034496784210205,-0.4865431785583496,0.04272255,-34.09502379099528,6452,0.14950629509985447,0.000299682048,-0.3165392577648163,0.2
0.0,-0.10098312765634035,0.0,261.88,0.0,-0.16460701169847386,0.0,-0.5,-0.33010406504660134,-0.12665161296253144,-1.8836115856068967e-08,-0.002049599892762253,-0.0714615586135711,-0.9945960731511965,-2.5903798526951318e-05,0.0,-0.32002811409520204,-0.016284591342514667,-0.5661938689117355,71,25.8064,4503,0.0,290,0.0,0.008096871965191819,-0.00019017908232732623,-1.484720758026831,-0.1331102700526695,-0.059534050629569596,0.01,-0.125059996210611,0.64876352,1308672,-165.4265534,0.005376,-0.6925216106070993,-0.015320754932382932,0.3653094951923077,1.0037599802017212,-2.400049924850464,0.046004463,-34.10007564838116,6455,0.1399292922936953,0.00029967744,-0.3261699676513672,0.2
0.0,-0.10104606063202314,0.0,254.59,0.0,-0.16668899214674712,0.0,-0.5,-0.3170501083064502,-0.1446759374990102,-1.814321804252973e-08,-0.002062761966056907,-0.057623525528540186,-1.0039316369401972,-2.5354690972956574e-05,0.0,-0.3206670208178446,-0.0163535753222515,-0.5534103008536608,72,25.81792,4504,0.0,294,0.0,0.0065994266651566375,-0.00018941310834477254,-1.4856579689810099,-0.13193168588708845,-0.024444370870372663,0.01,-0.12176864656854813,0.648745856,1327104,-163.60631195,0.0054528,-0.7072394430334954,-0.014699905761517584,0.3159383138020833,1.0035674571990967,-1.4551913738250732,0.044799738,-34.09499136606852,6458,0.15131737167636553,0.000299672832,-0.32209569215774536,0.2
0.0,-0.10069845276073325,7.5954594649374485e-06,258.12,0.0,-0.18303791027756755,0.0,-0.5,-0.34363713500347814,-0.12624363023173324,-1.856422295396126e-08,-0.0020805896779360618,-0.06228628842158465,-1.0497220836304464,-2.558827398824568e-05,0.0,-0.34336242852719123,-0.014815239896140722,-0.5474657845003111,73,25.829439999999998,4505,0.0,298,0.0,0.007180425754574817,-0.00019214848003823567,-1.5085744929280505,-0.13561566736062977,-0.03986396833174691,0.01,-0.13211246625384634,0.648728192,1345536,-164.49925069,0.0055296,-0.7073416980234375,-0.007989816028963436,0.34477095170454547,1.0034191608428955,-1.5603337287902832,0.051839657,-34.09545239535245,6461,0.1228061934763735,0.000299668224,-0.32190531492233276,0.2
0.0,-0.10093934979242764,3.7977200311919055e-06,252.77,0.0,-0.1570926079807412,0.0,-0.5,-0.3339282361814812,-0.13908486229775008,-1.981092737107229e-08,-0.0021238106533896296,-0.05894336958678984,-0.9715355136700532,-2.664031028838979e-05,0.0,-0.3215208800062557,-0.013397319325514613,-0.5695065251228479,74,25.84096,4506,0.0,302,0.0,0.003948325407690356,-0.0001958253679555374,-1.4954480620712365,-0.1350102351790479,-0.04783369245329099,0.01,-0.11961371196048882,0.6487105280000001,1363968,-163.16110901,0.0056064,-0.7172404416778988,-0.017550812972088655,0.35322265625,1.004589319229126,-1.3860814571380615,0.042298593,-34.10950698852539,6464,0.19226910173892975,0.000299663616,-0.31231969594955444,0.2
0.0,-0.10018349805440699,0.0,252.84,0.0,-0.17420528146994527,0.0,-0.5,-0.3231960560707243,-0.1145574361095593,-2.0447503764865467e-08,-0.002167445438129743,-0.0533389012230526,-1.079401713117666,-2.8025741516720985e-05,0.0,-0.34668514915584225,-0.01319576778152968,-0.5637576226770313,75,25.85248,4506,0.0,306,0.0,0.004417274500366277,-0.000203872933837278,-1.5142785285574012,-0.1389713840467171,-0.047666593643327725,0.01,-0.1276119608677467,0.648692864,1382400,-163.16747206,0.0056832,-0.7239911654642941,-0.01306499307975173,0.36136568509615385,1.0040854215621948,-1.7017810344696045,0.043179393,-34.10295427762545,6467,0.15641256536428744,0.000299659008,-0.3187510073184967,0.2
0.0,-0.10014660600854951,0.0,238.95,0.0,-0.16931930361354575,0.0,-0.5,-0.3831160317807891,-0.11937311004213472,-2.0427838383083224e-08,-0.0022133704964535537,-0.049572477759295686,-1.0188987997147614,-2.885904327963136e-05,0.0,-0.3572739617089588,-0.0139034068853744,-0.5723676033513008,76,25.864,4507,0.0,310,0.0,0.005598270716381716,-0.00021012339187023016,-1.504860068495467,-0.1390322118824991,-0.0316823188000913,0.01,-0.13123199546431322,0.6486752,1400832,-159.70959492000003,0.00576,-0.7120227260352245,-0.00770783479410139,0.3082608309659091,1.003243088722229,-1.3286492824554443,0.047007103,-34.093291542746805,6470,0.14024873348799619,0.0002996544,-0.3148592710494995,0.2
0.0,-0.10021700782309695,2.7126613228271403e-06,237.5,0.0,-0.17795676813099076,0.0,-0.5,-0.32441878603113633,-0.1190732322089995,-1.9020371856721002e-08,-0.0021815295433578303,-0.05188646522937916,-1.137211632682376,-2.867989625704392e-05,0.0,-0.3479817697434365,-0.014664097561538077,-0.544882910886408,77,25.87552,4507,0.0,314,0.0,0.005515433810071783,-0.00020863724923271526,-1.5164199021646834,-0.13866966122800642,-0.046047412349530595,0.01,-0.13311570064645992,0.648657536,1419264,-159.34609394,0.0058368,-0.7170999917646398,-0.014641893373873945,0.3447265625,1.00333571434021,-2.412090539932251,0.04185992,-34.095020000751205,6473,0.13894916325807571,0.00029964979199999996,-0.3203936219215393,0.2
0.0,-0.10052287490117093,2.1701271180063486e-06,262.77,0.0,-0.16283340583713596,0.0,-0.5,-0.3736425199601087,-0.15661564146931697,-1.7710280396299715e-08,-0.0022474232350607453,-0.04904845619747386,-0.9928290628754755,-2.9190254439123582e-05,0.0,-0.3308411582302752,-0.013609744428703304,-0.5735887897539766,78,25.88704,4508,0.0,318,0.0,0.005664242825804907,-0.00021414847603294562,-1.516330076978732,-0.1381421881503172,-0.04421840535001937,0.01,-0.11614915784648559,0.6486398720000001,1437696,-165.6614161,0.0059136,-0.7059543204102178,-0.018555058948030428,0.33449009486607145,1.0035098791122437,-1.7288920879364014,0.04123179,-34.09684044974191,6476,0.11559378834707397,0.000299645184,-0.3389957845211029,0.2
0.0,-0.09987453544326776,0.0,241.83,0.0,-0.18535757616539966,0.0,-0.5,-0.3571930499696543,-0.12443807589200635,-1.8596647526606016e-08,-0.002231746342986263,-0.04767045915433246,-1.1470717063086802,-2.958626386280207e-05,0.0,-0.3605338303133831,-0.015173680709908531,-0.5416065518873932,79,25.89856,4508,0.0,322,0.0,0.0056083090773154055,-0.0002145650410546218,-1.5221322756158133,-0.14004421872837902,-0.031868603498380145,0.01,-0.13362165952275457,0.648622208,1456128,-160.43240078,0.0059904,-0.7080337523704751,-0.018168879523208097,0.33328683035714285,1.0033289194107056,-1.5067391395568848,0.043520894,-34.09493473597935,6479,0.10692621820739337,0.00029964057599999997,-0.3382049798965454,0.2
0.0,-0.10001223085296286,1.62759970407933e-05,246.83,0.0,-0.15609313282342827,0.0,-0.5,-0.3550043279313647,-0.11919447171870463,-1.9763681194386877e-08,-0.002298905081015438,-0.056060380331290544,-0.9852369739466644,-3.0560984514113915e-05,0.0,-0.326545031111565,-0.016328556956262546,-0.522352880275464,80,25.91008,4509,0.0,327,0.0,0.006381196118110406,-0.00021783857575743005,-1.4932526699170985,-0.1372015769327982,-0.03806551192184958,0.01,-0.1212633868100308,0.648604544,1474560,-161.6815967,0.0060672,-0.7057423916016881,-0.014460916708533963,0.3099568684895833,1.002480387687683,-3.681617259979248,0.044527296,-34.083581606547035,6482,0.09699424356222153,0.000299635968,-0.33772313594818115,0.2
0.0,-0.09947643802799139,2.1701271180063486e-06,253.09,0.0,-0.17813957070717903,0.0,-0.5,-0.3590912221473643,-0.10898968189495564,-2.0054938032814212e-08,-0.0023738831528951204,-0.0551902057180607,-0.9887543834944742,-3.0292564055598623e-05,0.0,-0.35629154659761303,-0.013770920296521374,-0.553150160780274,81,25.9216,4509,0.0,331,0.0,0.0055600488206704254,-0.0002243893373963386,-1.5207591892757428,-0.14081818401869098,-0.03834356508821951,0.01,-0.1267201299164928,0.64858688,1492992,-163.23979895,0.006144,-0.7107918538933526,-0.01792881268864641,0.3325758713942308,1.002932071685791,-1.6437184810638428,0.04180135,-34.08963834322416,6485,0.09961186406704095,0.00029963136,-0.33764761686325073,0.2
0.0,-0.09991943686208793,0.0,250.77,0.0,-0.16380479108842777,0.0,-0.5,-0.3477645585403496,-0.12334905558964238,-2.1493584941068553e-08,-0.002409407985591849,-0.048226996665051015,-1.128366463444386,-3.0330190037692992e-05,0.0,-0.3392178104428676,-0.01874242797769858,-0.5468280682503072,82,25.93312,4509,0.0,335,0.0,0.006489298396802406,-0.00022358206766901276,-1.50463585857555,-0.14045797301866733,-0.022409336270885136,0.01,-0.1342926699892008,0.6485692160000001,1511424,-162.66387733000002,0.0062208,-0.7078238561242571,-0.017662359567891275,0.356201171875,1.0030688047409058,-2.292046546936035,0.042350143,-34.090745380946565,6488,0.087558635111366,0.00029962675199999997,-0.3425067663192749,0.2
0.0,-0.09995349853508428,0.0,257.72,0.0,-0.1805367693507779,0.0,-0.5,-0.41346879520249,-0.1326169025107649,-1.813238108618138e-08,-0.002380338493909059,-0.05641834919878798,-0.9987233432319389,-2.9505817490233753e-05,0.0,-0.34417023352747034,-0.01935622601275605,-0.5846862751092411,83,25.94464,4509,0.0,339,0.0,0.008596117508745837,-0.00022222676786491145,-1.5350612031100248,-0.1379241826836296,-0.033422342257504956,0.01,-0.13830303384717238,0.648551552,1529856,-164.39968701,0.0062976,-0.7114192003179416,-0.018468317575752735,0.3719024658203125,1.0036778450012207,-3.253565788269043,0.048177965,-34.09703969955444,6492,0.09402067959308624,0.000299622144,-0.3527749180793762,0.2
0.0,-0.1001582837241086,5.42524503543973e-07,255.67,0.0,-0.16867924195312373,0.0,-0.5,-0.3722968905939509,-0.11980550172706393,-1.8608870125398274e-08,-0.002450802464970952,-0.051314593772755865,-0.9433487917056007,-3.167227463139301e-05,0.0,-0.3364936460933749,-0.013954895884673255,-0.5945887551994171,84,25.95616,4510,0.0,343,0.0,0.006999055765608646,-0.00023287093545434356,-1.5317553742748593,-0.1395355685710686,-0.032812048323137874,0.01,-0.11662409293184561,0.648533888,1548288,-163.88555533000002,0.0063744,-0.7157200456355352,-0.02020262778387405,0.3678741455078125,1.003441572189331,-1.779569149017334,0.05153155,-34.09614539146423,6496,0.10513556376099586,0.000299617536,-0.3470343053340912,0.2
0.0,-0.10000268435952915,0.0,268.09,0.0,-0.16801100101634725,0.0,-0.5,-0.3953115389503156,-0.1303485666430788,-1.794911180049537e-08,-0.002435413035279441,-0.05493566121416175,-1.0227326865606927,-3.1427462959032536e-05,0.0,-0.33763543742383695,-0.01585917695726294,-0.5611517069148674,85,25.96768,4509,0.0,347,0.0,0.005240821827041288,-0.00023242425791357777,-1.5327121111772812,-0.14176109347824256,-0.04800175917627693,0.01,-0.11767372116970422,0.648516224,1566720,-166.99528800999997,0.0064512,-0.7125735694946143,-0.02244677598355338,0.3447113037109375,1.0042495727539062,-1.610490322113037,0.048916437,-34.10458207130432,6500,0.11185940960422158,0.00029961292799999997,-0.35103556513786316,0.2
0.0,-0.10007037583003187,0.0,264.36,0.0,-0.1799084325694487,0.0,-0.5,-0.31966108321952963,-0.1491264825664176,-1.6515390631207782e-08,-0.0024488159912876427,-0.042497891205463205,-1.1507079446639332,-3.0508948413769882e-05,0.0,-0.34427125166925926,-0.013298915638892302,-0.5366537040410871,86,25.9792,4509,0.0,351,0.0,0.004245316396855801,-0.0002281593247467578,-1.5358326124918864,-0.13887649192004387,-0.012926501640721635,0.01,-0.12357440570920764,0.6484985600000001,1585152,-166.07025028,0.006528,-0.7207263445332015,-0.022607803057112238,0.3466222426470588,1.003550410270691,-2.6732490062713623,0.04525712,-34.09758062923656,6504,0.07558159289114616,0.00029960832,-0.36080440878868103,0.2
0.0,-0.10006291847439296,4.340254236012697e-06,257.71,0.0,-0.16985594060176457,0.0,-0.5,-0.35475172380830466,-0.1216117313225469,-2.126280391556258e-08,-0.002527829912909435,-0.051153947002509574,-1.1467879424194236,-3.375856136910491e-05,0.0,-0.3552923775170178,-0.01501087909637866,-0.5691303341040607,87,25.99072,4510,0.0,355,0.0,0.005800001862999332,-0.00024382655500069584,-1.5257771145572778,-0.14223709233641765,-0.02144732378644442,0.01,-0.13324479975157735,0.648480896,1603584,-164.4093738,0.0066048,-0.7099639654730341,-0.010071857832372189,0.2978737571022727,1.002387523651123,-1.7553324699401855,0.046314545,-34.08146008578214,6507,0.07012080468914726,0.000299603712,-0.3442147970199585,0.2
0.0,-0.09994172152876249,0.0,264.27,0.0,-0.18685932538692307,0.0,-0.5,-0.3624040614112831,-0.14458777121358757,-1.6644614019381494e-08,-0.0024933306273196994,-0.048372385580062356,-1.1232572274184838,-3.306959173716156e-05,0.0,-0.3464802425308069,-0.013446305419253561,-0.5722289883512031,88,26.00224,4510,0.0,359,0.0,0.00551574178900326,-0.0002432283115058946,-1.5490519945437258,-0.1418159360327789,-0.0361924660096043,0.01,-0.12869689322147027,0.648463232,1622016,-166.04262260000004,0.0066816,-0.7091977649657777,-0.0022777758228282132,0.32794189453125,1.0027790069580078,-5.399993419647217,0.04463713,-34.08753299713135,6510,0.34419305187960464,0.00029959910399999997,-0.2905053198337555,0.2
0.0,-0.09971016012530481,0.0,264.02,0.0,-0.1715729469618635,0.0,-0.5,-0.3808900680109384,-0.13780664743777984,-1.9235158416754527e-08,-0.0025741950145939,-0.04573429012719757,-1.047956904208363,-3.362915578456212e-05,0.0,-0.3524779185694041,-0.014638381984534134,-0.5747755917009467,89,26.01376,4510,0.0,363,0.0,0.00431557177236385,-0.00024579221649407207,-1.5453678140684788,-0.14016160510341671,-0.01252725094892053,0.01,-0.12135566897507262,0.648445568,1640448,-165.97190316999996,0.0067584,-0.7306763547349852,-0.02471833340549732,0.33309397977941174,1.0034809112548828,-3.1547951698303223,0.046372265,-34.09962485818302,6514,0.06249460599878255,0.000299594496,-0.3715551197528839,0.2
0.0,-0.09984026522348537,0.0,262.3,0.0,-0.16996125972436119,0.0,-0.5,-0.35799123490909346,-0.1298677452448626,-2.1144286435523654e-08,-0.0026413436619082452,-0.05234880936099834,-1.1288654153115902,-3.5003999605180446e-05,0.0,-0.34446122688161,-0.016867889186200743,-0.5487858235740144,90,26.02528,4510,0.0,367,0.0,0.006145265542319108,-0.000252989180551029,-1.5356713533341786,-0.14176502183306816,-0.03449696858432264,0.01,-0.13089558651501404,0.648427904,1658880,-165.54463108,0.0068352,-0.7190541346829419,-0.022545070300111547,0.335784912109375,1.0037410259246826,-1.9511232376098633,0.046577506,-34.097081899642944,6518,0.09068498527631164,0.000299589888,-0.357757031917572,0.2
0.0,-0.09943903529150838,1.085058708364765e-06,260.01,0.0,-0.167550670001139,0.0,-0.5,-0.40690988296121317,-0.12968194347275938,-2.2239846758968086e-08,-0.002585667984044594,-0.04918756981652791,-1.1686628543373674,-3.462339526628062e-05,0.0,-0.3451536700503737,-0.01866813135838552,-0.5489941339701715,91,26.0368,4510,0.0,371,0.0,0.007712472615338548,-0.0002483456249253925,-1.5538989049213634,-0.14270056237580786,-0.006133675704994496,0.01,-0.14260030098919696,0.64841024,1677312,-164.97859530999997,0.006912,-0.7183583916155138,-0.020818987031816505,0.318084716796875,1.0041953325271606,-2.9252030849456787,0.046107084,-34.1049542427063,6522,0.06939670164138079,0.00029958527999999996,-0.3631334900856018,0.2
0.0,-0.09962548113397024,7.595469166214268e-06,265.68,0.0,-0.18138354500377601,0.0,-0.5,-0.3955316874691982,-0.12990248865228043,-2.2253958164150083e-08,-0.0026738872422492296,-0.05651208902227335,-1.0638362269964172,-3.6319944736449724e-05,0.0,-0.3616691747033047,-0.02152155927190354,-0.560336928069409,92,26.04832,4510,0.0,375,0.0,0.009660127121858762,-0.0002581112999872859,-1.5350206523630971,-0.14293854846683568,-0.019243283462918554,0.01,-0.1588908441872613,0.648392576,1695744,-166.39539312999997,0.0069888,-0.7010231929110008,-0.022977864240399666,0.3465983072916667,1.004279613494873,-3.152499198913574,0.04398827,-34.107343673706055,6526,0.06866696808073255,0.000299580672,-0.36751630902290344,0.2
0.0,-0.09975591919479543,0.0,268.77,0.0,-0.17549123071775877,0.0,-0.5,-0.41148090021808187,-0.13178112293988103,-2.103937812620948e-08,-0.0027221906638081467,-0.05310239701258439,-1.0968915263814436,-3.5262145234694926e-05,0.0,-0.35307958262644773,-0.01939029047231479,-0.5765919012566749,93,26.05984,4510,0.0,380,0.0,0.008192358279806095,-0.0002587640400045471,-1.544070197019141,-0.14190250846606814,-0.014177922391065328,0.01,-0.13895428423400547,0.648374912,1714176,-167.15348449,0.0070656,-0.7134021772520194,-0.020892419735901058,0.339263916015625,1.0034384727478027,-1.952610969543457,0.0462271,-34.093416929244995,6530,0.12714453740045428,0.000299576064,-0.34304100275039673,0.2
0.0,-0.09952706508917163,0.0,260.91,0.0,-0.17532026486442603,0.0,-0.5,-0.4288150891419351,-0.12975845168532235,-2.3050661287880737e-08,-0.0027631312950074345,-0.04878193647099197,-1.155239163974504,-3.7209232679184136e-05,0.0,-0.3646962208086606,-0.02115026926368478,-0.5425836437636402,94,26.07136,4510,0.0,384,0.0,0.008705020329674257,-0.0002656874752981349,-1.534887746230854,-0.14506842257954103,-0.009927962115002291,0.01,-0.14801741257565584,0.648357248,1732608,-165.16994674,0.0071424,-0.7056258445063571,-0.024290405239702925,0.3421630859375,1.0036295652389526,-1.3691754341125488,0.04606043,-34.09946886698405,6534,0.07964737030367057,0.00029957145599999996,-0.3609011769294739,0.2
0.0,-0.09971457376908774,3.2551858263711133e-06,268.41,0.0,-0.16391607789486806,0.0,-0.5,-0.40855001964327886,-0.14236951617123042,-2.5334239408002784e-08,-0.0028046915897796147,-0.06120058457152054,-1.0300576494515419,-3.6876177372741004e-05,0.0,-0.34644686021467663,-0.018982264597854917,-0.5724787169771455,95,26.08288,4510,0.0,388,0.0,0.009383529397979573,-0.0002669189588762968,-1.5307079989722676,-0.14282609567108853,-0.013626960097062123,0.01,-0.14654123674916972,0.648339584,1751040,-167.0735125,0.0072192,-0.701063843827631,-0.028411870846818937,0.32662160773026316,1.003814458847046,-1.9548108577728271,0.042612944,-34.09836859452097,6538,0.0710152322916608,0.000299566848,-0.36667340993881226,0.2
0.0,-0.09945599638320908,6.510391055295865e-06,260.05,0.0,-0.1652521700002749,0.0,-0.5,-0.40569173601203246,-0.12960625941114914,-2.2868979972192254e-08,-0.0028006113161191783,-0.04690876516686732,-1.0715642205814795,-3.812132902302105e-05,0.0,-0.34395586311748727,-0.02023793199174784,-0.5617417785372301,96,26.0944,4510,0.0,392,0.0,0.008080605638816924,-0.00027195414342828984,-1.5340815884981311,-0.14419587896472735,-0.01399158072775399,0.01,-0.1438536000988631,0.64832192,1769472,-164.97559546999997,0.007296,-0.7087376848343778,-0.022344167600385843,0.3272216796875,1.0049151182174683,-3.497056007385254,0.04071017,-34.10831966400146,6542,0.10720622166991234,0.00029956224,-0.35248464345932007,0.2
0.0,-0.09918533498158363,7.0529349613934755e-06,258.44,0.0,-0.16886382444803164,0.0,-0.5,-0.42243240964354584,-0.11122682160283956,-2.3805959921045437e-08,-0.0028637983677911993,-0.05155333996263521,-1.1151275188209404,-3.98160551064003e-05,0.0,-0.37480053476118536,-0.017710334575895152,-0.5538432168969227,97,26.10592,4509,0.0,396,0.0,0.007628164956137458,-0.0002782131093203146,-1.539622448062561,-0.14573968172171303,-0.012972661226114105,0.01,-0.13705211568262776,0.648304256,1787904,-164.57636584,0.0073728,-0.7170470453061883,-0.022375064513956506,0.3403455946180556,1.0040467977523804,-1.382723093032837,0.04297005,-34.10338571336534,6546,0.1065911174648338,0.000299557632,-0.34958910942077637,0.2
0.0,-0.09940637322068521,5.967856850475073e-06,257.95,0.0,-0.16837807800147328,0.0,-0.5,-0.45223693703932344,-0.12886771824560128,-2.60996715962955e-08,-0.0029221110491267433,-0.051295204217678955,-0.9785401915856351,-4.1080782822808244e-05,0.0,-0.3683019200375047,-0.017530563342506928,-0.6043083408461285,98,26.11744,4509,0.0,400,0.0,0.00741528045147442,-0.00028655756783077784,-1.5303009822348723,-0.1447951812560152,-0.006904707765157833,0.01,-0.14461112040603386,0.648286592,1806336,-164.46009752,0.0074496,-0.7204600200316115,-0.026010999750149876,0.3230237458881579,1.0038222074508667,-2.7181200981140137,0.043531835,-34.101306312962585,6550,0.08515244800793498,0.000299553024,-0.361699640750885,0.2
0.0,-0.09918462133644669,1.085058708364765e-06,247.8,0.0,-0.16130828112405882,0.0,-0.5,-0.42358620122214047,-0.12004680549822903,-2.253735570797739e-08,-0.0029919834871798582,-0.044888450256451363,-1.0357190880127052,-4.0019483590992796e-05,0.0,-0.36264442159854243,-0.01706451769495588,-0.5790997957575484,99,26.12896,4509,0.0,404,0.0,0.007419193222926017,-0.0002870487372658915,-1.5447134590469527,-0.147146568056365,-0.003531154558268585,0.01,-0.13139526778639926,0.648268928,1824768,-161.92165289000002,0.0075264,-0.707636792202456,-0.027443450311885068,0.3245913856907895,1.0038135051727295,-2.5272138118743896,0.041311495,-34.1005082381399,6554,0.08114548458864815,0.000299548416,-0.3594481647014618,0.2
0.0,-0.09960289540011126,0.0,264.71,0.0,-0.17649356068612604,0.0,-0.5,-0.4436368823295,-0.14930444147547758,-2.0709164354766545e-08,-0.0028643169450377572,-0.04782028659171996,-1.1943164449304187,-3.9013590454392296e-05,0.0,-0.3514600126763611,-0.02023170042278703,-0.5834884580985165,100,26.14048,4509,0.0,408,0.0,0.007480926622254867,-0.000279723407766163,-1.5442653268522486,-0.14380107661515618,-0.002999812533840901,0.01,-0.14749402061174452,0.648251264,1843200,-166.15202313999998,0.0076032,-0.7116805115161589,-0.027461411070544273,0.34151611328125,1.0043509006500244,-2.3612382411956787,0.041118167,-34.10194606781006,6558,0.08281871974468231,0.000299543808,-0.36063042283058167,0.2
0.0,-0.09953314400329766,0.0,267.06,0.0,-0.16996959493060912,0.0,-0.5,-0.4384324138727608,-0.13540484871676503,-2.3876447927422315e-08,-0.0029583224398880017,-0.048542045685665995,-1.0936908611915246,-4.13162403013587e-05,0.0,-0.3710878936700224,-0.018761484015257228,-0.5495556262413911,101,26.152,4509,0.0,412,0.0,0.007272767340276463,-0.00029085518273901806,-1.5320210344014604,-0.145212426672494,-0.008886863455452301,0.01,-0.13403328886122334,0.6482336000000001,1861632,-166.74590217000002,0.00768,-0.7173787956858635,-0.025964447157457472,0.3339111328125,1.0035322904586792,-2.238582134246826,0.040551044,-34.09609718322754,6562,0.051505664549767974,0.0002995392,-0.3732026517391205,0.2
0.0,-0.09936902678118265,0.0,257.91,0.0,-0.16425635290695031,0.0,-0.5,-0.41116566941650645,-0.1316440248176352,-2.3416654304159363e-08,-0.00302404390860969,-0.04928566036052426,-1.0064819452620855,-4.106439734043407e-05,0.0,-0.36194900117027545,-0.016254444847377043,-0.5513175963880974,102,26.16352,4508,0.0,416,0.0,0.007806223401202734,-0.0002916353920738097,-1.5246073989833926,-0.1452395369487075,-0.01282559045592805,0.01,-0.1252096956810711,0.648215936,1880064,-164.44727976000001,0.0077568,-0.7184954327663704,-0.026816897737597555,0.3216359991776316,1.0033360719680786,-2.550312042236328,0.042324714,-34.09320249055561,6566,0.05417178433976675,0.000299534592,-0.370992511510849,0.2
0.0,-0.09910443641813427,0.0,252.16,0.0,-0.17252475977919987,0.0,-0.5,-0.4182067468579412,-0.11717516065982636,-2.3995366254381833e-08,-0.0030277831259510734,-0.046280922850131474,-1.080423344918026,-4.23026389085932e-05,0.0,-0.3783606613622582,-0.017110384684721272,-0.5440143079610802,103,26.17504,4508,0.0,421,0.0,0.006585296762584621,-0.0002952050718196544,-1.5401623965295872,-0.14415733727667804,-0.007232747939139244,0.01,-0.12444566325219172,0.648198272,1898496,-163.01227098,0.0078336,-0.7094486381677089,-0.0256519120070152,0.33380126953125,1.003710150718689,-3.469425678253174,0.038945872,-34.098353958129884,6570,0.05601547118276358,0.00029952998399999996,-0.36765676736831665,0.2
0.0,-0.09899352657870147,1.085058708364765e-06,242.34,0.0,-0.17560468637812085,0.0,-0.5,-0.4565639521016901,-0.11227146355506396,-2.310997935096794e-08,-0.003063543362918893,-0.034239007255248755,-1.1051704410900314,-4.2515036525637436e-05,0.0,-0.38216758500871195,-0.01895518578692288,-0.5139002652479218,104,26.18656,4508,0.0,425,0.0,0.006613756155530501,-0.0002977580497792963,-1.5355700287782432,-0.1470282563928528,-0.006437120499154074,0.01,-0.1264481320853719,0.648180608,1916928,-160.54882909,0.0079104,-0.7101347084643943,-0.027153044543229043,0.326416015625,1.0036399364471436,-1.8513214588165283,0.041240465,-34.095600318908694,6574,0.05564127638936043,0.000299525376,-0.3702787160873413,0.2
0.0,-0.09896387111194425,2.7126613228271403e-06,237.06,0.0,-0.17912768822233494,0.0,-0.5,-0.4579441210274471,-0.1056933794736526,-2.269977805765383e-08,-0.003078264840492427,-0.03925205383612361,-1.0782833915328143,-4.386011317663212e-05,0.0,-0.3987204407036664,-0.019267080687898133,-0.5236352205055904,105,26.19808,4508,0.0,429,0.0,0.007375968857885235,-0.00030284195584062956,-1.5316785149163163,-0.14725908739064766,-0.009282342395683915,0.01,-0.12893281050536165,0.6481629440000001,1935360,-159.22553359000003,0.0079872,-0.716615115923884,-0.026986615278292447,0.34560546875,1.0048669576644897,-2.9306652545928955,0.041738562,-34.11003227233887,6578,0.05411748792976141,0.00029952076799999997,-0.3717823028564453,0.2
0.0,-0.09923983710815515,1.1393189197406173e-05,243.59,0.0,-0.1729373857173765,0.0,-0.5,-0.4314756147507638,-0.10941773455447724,-2.3271692043036605e-08,-0.0030863320719240824,-0.048403135899129895,-1.1085338356316878,-4.2379079586172195e-05,0.0,-0.35945505841803455,-0.019748375887108028,-0.536239568347631,106,26.209600000000002,4508,0.0,433,0.0,0.009826955888278617,-0.0003004129051578374,-1.5279648208294894,-0.1445476991393968,-0.007518368256101334,0.01,-0.13936337848259983,0.64814528,1953792,-160.86351897,0.008064,-0.7025213507117399,-0.024706124450619284,0.3065249794407895,1.003880500793457,-1.5674777030944824,0.041020356,-34.10312170731394,6582,0.054924651980400085,0.00029951616,-0.37102970480918884,0.2
0.0,-0.09842692756644777,0.0,261.26,0.0,-0.1952050287874766,0.0,-0.5,-0.43602240929620417,-0.12864013950295178,-2.632722824849865e-08,-0.0031883591319680164,-0.05264571540074628,-1.2522817088595461,-4.672914937616853e-05,0.0,-0.39222931872075045,-0.025661786964309347,-0.5217124226114971,107,26.22112,4508,0.0,437,0.0,0.010775911284669197,-0.00031888502505321637,-1.5250225598048899,-0.14956750721679749,-0.006760424437775255,0.01,-0.15459227096562908,0.648127616,1972224,-165.29449076999998,0.0081408,-0.6951761813390364,-0.028336595499422402,0.29779052734375,1.0043144226074219,-2.686323404312134,0.03565512,-34.10395984649658,6586,0.04337296225130558,0.000299511552,-0.3789351284503937,0.2
0.0,-0.09877757696639938,3.2551955276479325e-06,249.38,0.0,-0.1705179017887809,0.0,-0.5,-0.4514376061966334,-0.10928441116185342,-2.602486658464286e-08,-0.0032223275757003404,-0.0479715037858507,-1.066656095373347,-4.437216842285462e-05,0.0,-0.389972538183309,-0.018764799333836724,-0.5322547023268404,108,26.23264,4508,0.0,441,0.0,0.007385223231704123,-0.00030962233157214903,-1.5222912746207553,-0.1487617297225273,-0.008473431826949441,0.01,-0.13350257927314854,0.648109952,1990656,-162.31563058,0.0082176,-0.7063694437348251,-0.0256348057417199,0.315966796875,1.003947377204895,-3.9922780990600586,0.036360133,-34.09912948608398,6590,0.03889022013172507,0.00029950694399999997,-0.3733535408973694,0.2
0.0,-0.09929836053441614,4.882798142110308e-06,257.23,0.0,-0.18028330754543018,0.0,-0.5,-0.4572461993763412,-0.12586996802161188,-2.4883074470275917e-08,-0.003261254401152403,-0.04908682139632371,-1.2450523389447048,-4.409118633331519e-05,0.0,-0.3772522222361045,-0.026062277091302943,-0.5259336023378476,109,26.24416,4507,0.0,445,0.0,0.011044359828543928,-0.000316270811429865,-1.528682841062385,-0.14802730384428073,-0.0012073335758314369,0.01,-0.15936596249187854,0.6480922880000001,2009088,-164.27852098999995,0.0082944,-0.6913975860849244,-0.028372863167896868,0.3020751953125,1.0036273002624512,-3.8966169357299805,0.03558151,-34.09726352691651,6594,0.05236916728317738,0.000299502336,-0.3734655976295471,0.2
0.0,-0.09883934384198242,2.17011741672953e-06,252.29,0.0,-0.17660027028958247,0.0,-0.5,-0.4356621886065363,-0.11249540242554051,-2.6013518795638762e-08,-0.003320457742209091,-0.04943047358871283,-1.1987528569297856,-4.590820634855773e-05,0.0,-0.3877337846844359,-0.022864601727393248,-0.5330758114279373,110,26.25568,4507,0.0,449,0.0,0.010797351389132884,-0.00032471866887273464,-1.5196356096823418,-0.14726727936863637,-0.005280315841579267,0.01,-0.14630609563254712,0.648074624,2027520,-163.04061079000002,0.0083712,-0.694231705489509,-0.025652336864732207,0.31219482421875,1.0031511783599854,-4.380789756774902,0.03669425,-34.090623664855954,6598,0.035690102446824315,0.000299497728,-0.3752730190753937,0.2
0.0,-0.09912861528129058,0.0,249.1,0.0,-0.17437220892780572,0.0,-0.5,-0.45866546926266394,-0.11294149097456183,-3.009490117220479e-08,-0.003379902535435417,-0.04745822465683383,-1.1732207402954788,-4.55626726967507e-05,0.0,-0.36831605042886667,-0.024975657544736348,-0.5480719785015677,111,26.2672,4507,0.0,453,0.0,0.010913658648345387,-0.0003260838482240488,-1.511980018168529,-0.14851503261685667,-0.00016948640442223664,0.01,-0.15042250744549643,0.64805696,2045952,-162.24779413,0.008448,-0.696364345645006,-0.027399849519133566,0.3024169921875,1.003467321395874,-4.666343688964844,0.03693653,-34.09197883605957,6602,0.03917840793728829,0.00029949311999999997,-0.37642475962638855,0.2
0.0,-0.09891404671654758,0.0,254.54,0.0,-0.18705690274145348,0.0,-0.5,-0.40657049193616596,-0.13666176391092855,-2.2324695256405133e-08,-0.0032664846063652515,-0.04102921510956506,-1.203970404663738,-4.686162714456099e-05,0.0,-0.39995411555892113,-0.017675422376438522,-0.5634236536906697,112,26.27872,4506,0.0,458,0.0,0.005337658885181914,-0.00032667913053279835,-1.5443713488637094,-0.14945909376102648,-0.003951996504229891,0.01,-0.13559098735365144,0.648039296,2064384,-163.61423972999998,0.0085248,-0.7213370141122919,-0.026254743593744932,0.3109130859375,1.0042076110839844,-1.6342582702636719,0.037982244,-34.09983825683594,6606,0.036223082430660726,0.000299488512,-0.3760010004043579,0.2
0.0,-0.09883040532558376,0.0,249.48,0.0,-0.17994054085540845,0.0,-0.5,-0.43490666369966346,-0.12449273614846687,-2.783992320040281e-08,-0.0034072318941028193,-0.04621356384710901,-1.1813052989684254,-4.6529452048530215e-05,0.0,-0.402234354200383,-0.022156042324601388,-0.5213913330056674,113,26.29024,4506,0.0,462,0.0,0.009356674597607667,-0.00033047474304034684,-1.5225707385588794,-0.14810009973984056,-0.0020330741066490097,0.01,-0.14789375568351643,0.6480216320000001,2082816,-162.34524208000002,0.0086016,-0.7045387169661663,-0.026592640881426634,0.30499267578125,1.0041006803512573,-2.8204257488250732,0.034084868,-34.10327587127686,6610,0.029301230423152448,0.000299483904,-0.3824101388454437,0.2
0.0,-0.09894317792122444,2.7126516215503216e-06,250.66,0.0,-0.18640825712811152,0.0,-0.5,-0.42526568046045626,-0.12039700412909345,-2.4247620765675738e-08,-0.0033972808713509483,-0.04863039447199337,-1.2327835928228807,-4.696194151749938e-05,0.0,-0.396209975737875,-0.023307029319247653,-0.5212649453272751,114,26.30176,4506,0.0,466,0.0,0.009584786035416397,-0.000332493155450593,-1.517979436039754,-0.14900388207013576,-0.005060900160914231,0.01,-0.15087251705784024,0.648003968,2101248,-162.64108722,0.0086784,-0.6964403113452413,-0.0269674020644743,0.31337890625,1.0032811164855957,-4.0148701667785645,0.036153764,-34.09252433776855,6614,0.030400672648102044,0.000299479296,-0.3767080307006836,0.2
0.0,-0.09892742795402128,0.0,245.64,0.0,-0.18844691975636435,0.0,-0.5,-0.4167353946351484,-0.11094061564654112,-2.425858593646914e-08,-0.003418060487163402,-0.042980773453463655,-1.2410853739879868,-4.719722236326582e-05,0.0,-0.3994755099627085,-0.020801466179519196,-0.5211644294630935,115,26.31328,4506,0.0,470,0.0,0.010062625507688461,-0.00033302108806278305,-1.5205798961015242,-0.14705266233210657,-0.0033067624028376183,0.01,-0.1469046488707877,0.647986304,2119680,-161.38423653,0.0087552,-0.6895398859559174,-0.024351681396365166,0.31300048828125,1.0034236907958984,-4.428243160247803,0.038779777,-34.091403579711915,6618,0.028303667716681958,0.000299474688,-0.3794829249382019,0.2
0.0,-0.09912637495870619,0.0,249.38,0.0,-0.18307315608019217,0.0,-0.5,-0.4417060093467424,-0.10711603170622969,-2.443510477053999e-08,-0.0034709333469932404,-0.04918614547453817,-1.2073287819490517,-4.732733696321942e-05,0.0,-0.4044027645115337,-0.024617093604811003,-0.5589562465408161,116,26.3248,4506,0.0,474,0.0,0.010248898904825538,-0.00033571362971999323,-1.5203448651323315,-0.14758865495833368,-0.001993885417989334,0.01,-0.1578390813127164,0.64796864,2138112,-162.31172275999998,0.008832,-0.6946305578972369,-0.026854683039709927,0.30465087890625,1.0040265321731567,-3.9525556564331055,0.036687884,-34.10112247467041,6622,0.024811031203716992,0.00029947008,-0.3830159902572632,0.2
0.0,-0.09905900963727182,0.0,248.06,0.0,-0.1766438427882414,0.0,-0.5,-0.4639228470379282,-0.10945666229559316,-2.3594540602087198e-08,-0.0034175150536418595,-0.04991668550280503,-1.1235084432892626,-4.8084360274105595e-05,0.0,-0.38148368375308345,-0.020821509242955182,-0.5114187405206497,117,26.33632,4506,0.0,478,0.0,0.010748899082186684,-0.00033576425873116746,-1.5173515048958564,-0.14592890340155018,-0.01491454467585567,0.01,-0.14322766135565937,0.6479509760000001,2156544,-161.97798526,0.0089088,-0.7017007526561172,-0.024257866397965698,0.294873046875,1.003718376159668,-5.618995666503906,0.03517159,-34.094702339172365,6626,0.03917116932570934,0.00029946547199999996,-0.37421807646751404,0.2
0.0,-0.09878127376216647,0.0,255.39,0.0,-0.18068727176101798,0.0,-0.5,-0.40169639052248696,-0.11936971430420978,-2.2974861759165853e-08,-0.0035118207497777643,-0.04683784370457164,-1.186102714781547,-4.8361441929106875e-05,0.0,-0.3867012990879061,-0.019828912178992728,-0.5329144047464153,118,26.34784,4505,0.0,482,0.0,0.008168577846235417,-0.00034210386725173534,-1.5296473340947034,-0.1488053156014535,-0.01045578582134536,0.01,-0.14243714943136823,0.647933312,2174976,-163.81821582,0.0089856,-0.7082834889696007,-0.024776785797439516,0.30479736328125,1.0040768384933472,-2.22416615486145,0.035309054,-34.100240516662595,6630,0.033788048196583986,0.000299460864,-0.3720453083515167,0.2
0.0,-0.0988337872306856,0.0,244.43,0.0,-0.1858161990927349,0.0,-0.5,-0.4519465300557413,-0.11342055155708092,-2.2880149493471202e-08,-0.003575121017131177,-0.047340569751455834,-1.1332006322718786,-4.9658280258967974e-05,0.0,-0.3970150520813489,-0.02162346450656729,-0.5500218250080998,119,26.35936,4505,0.0,486,0.0,0.009228416028905407,-0.0003476903980461333,-1.5285762111960919,-0.1460996659686576,-0.006129753042577203,0.01,-0.1392652447886648,0.647915648,2193408,-161.08667316,0.0090624,-0.7026054124257026,-0.026256177108734846,0.275537109375,1.0039076805114746,-3.4452552795410156,0.03198114,-34.09841747283936,6634,0.033251469116657974,0.000299456256,-0.3736656606197357,0.2
0.0,-0.09934687890161512,0.0,249.43,0.0,-0.1902355383857465,0.0,-0.5,-0.4510076040445704,-0.12500841318978928,-2.455804172092741e-08,-0.003486267132929287,-0.05000939414634545,-1.1531523679996103,-4.8192551724239146e-05,0.0,-0.39029754884151047,-0.020039188035574806,-0.531996789542543,120,26.37088,4505,0.0,490,0.0,0.009394299664272559,-0.0003416797318842018,-1.5252251733080926,-0.1467528384122444,-0.02419493046063467,0.01,-0.1441703074851682,0.647897984,2211840,-162.33506024000002,0.0091392,-0.6961043190210505,-0.026459674013312905,0.294482421875,1.003629207611084,-3.129608154296875,0.033704244,-34.094985771179196,6638,0.03342614686116576,0.00029945164799999996,-0.3769940733909607,0.2
0.0,-0.09863437857930962,0.0,242.9,0.0,-0.18608116878445483,0.0,-0.5,-0.43942403575386013,-0.10932958556319743,-2.3307000289873757e-08,-0.0035881494894258923,-0.04058248525227156,-1.1843451852720301,-5.099911073752646e-05,0.0,-0.40824436071067755,-0.021465634728981317,-0.4939536629185841,121,26.3824,4505,0.0,495,0.0,0.008032943747652515,-0.00035005504033887823,-1.5164837287859456,-0.14607939829470107,-0.005907050729282362,0.01,-0.13949039855947173,0.6478803200000001,2230272,-160.70528682,0.009216,-0.7035172317089331,-0.025924710428807885,0.27679443359375,1.003793716430664,-1.0158841609954834,0.033696536,-34.09738006591797,6642,0.027346675004810094,0.00029944704,-0.38317883014678955,0.2
0.0,-0.09860762510676423,0.0,233.75,0.0,-0.1980991315998942,0.0,-0.5,-0.45744414870049865,-0.09134971983278067,-2.5832056766003996e-08,-0.0036226115988916155,-0.04566262426046915,-1.260380676918343,-5.084472980225293e-05,0.0,-0.41117116214389965,-0.025105815125433657,-0.49691815229994396,122,26.39392,4504,0.0,499,0.0,0.011205187379329554,-0.00035338098441603424,-1.518878627514635,-0.1471450226409586,-0.007878867296942753,0.01,-0.15960004541639056,0.647862656,2248704,-158.41156213,0.0092928,-0.6950895728122157,-0.025532659434247762,0.2861572265625,1.0037968158721924,-3.5674819946289062,0.03343954,-34.099395179748534,6646,0.020150491315871478,0.000299442432,-0.38254091143608093,0.2
0.0,-0.09923735710392813,0.0,246.58,0.0,-0.17900966800319895,0.0,-0.5,-0.39831508111763825,-0.12491060179147301,-2.1279998946482164e-08,-0.0035793125610537064,-0.04319425675911717,-1.174852355467063,-4.773672484479427e-05,0.0,-0.3703623892490268,-0.019135428436793212,-0.5118738813894801,123,26.40544,4504,0.0,503,0.0,0.00866332961232645,-0.0003432456545217718,-1.5313414299617696,-0.14453475710994446,-0.02091281029629536,0.01,-0.14250989211749354,0.647844992,2267136,-161.61668874999998,0.0093696,-0.7001346293334273,-0.025447223149240018,0.27821044921875,1.0035560131072998,-3.970543384552002,0.033003945,-34.093607902526855,6650,0.02423711381852627,0.000299437824,-0.3793657720088959,0.2
0.0,-0.0992746404710362,2.7126516215503216e-06,252.51,0.0,-0.19843854938328787,0.0,-0.5,-0.4034941019190125,-0.11405939012183808,-2.484102390878354e-08,-0.003578822687478486,-0.05429958972169271,-1.270225763409547,-4.9498952559473004e-05,0.0,-0.3822816797393439,-0.022011755068646013,-0.5397830405455548,124,26.41696,4504,0.0,507,0.0,0.010095114992532907,-0.00035252721486332656,-1.5303073610805926,-0.14482210029146356,-0.026934852539570713,0.01,-0.1574865855732872,0.647827328,2285568,-163.10184585000002,0.0094464,-0.6944719382620551,-0.024866891198325903,0.28525390625,1.00333571434021,-4.194133758544922,0.032157235,-34.09137592315674,6654,0.02202756833285093,0.000299433216,-0.3778979778289795,0.2
0.0,-0.09871706069219693,0.0,240.47,0.0,-0.18445651305739275,0.0,-0.5,-0.4126486376079059,-0.11180880532709933,-2.4158213393109277e-08,-0.0037257927692151546,-0.03970168586598813,-1.3005691816588127,-5.0778695709873826e-05,0.0,-0.3822445248867713,-0.022572447829546236,-0.5121294116232429,125,26.42848,4504,0.0,511,0.0,0.007662676252585107,-0.0003573037772366875,-1.5306756480219768,-0.1467516670760542,-0.0017101731850983034,0.01,-0.1507242172426747,0.6478096640000001,2304000,-160.09489613999997,0.0095232,-0.7073404807362031,-0.024699261330533774,0.269580078125,1.003706455230713,-4.425879955291748,0.029572736,-34.09494113922119,6658,0.021318573504686356,0.000299428608,-0.38107702136039734,0.2
0.0,-0.09916459182102232,0.0,253.88,0.0,-0.19318144066097603,0.0,-0.5,-0.40272669686416784,-0.1425547837279737,-2.2774715947130883e-08,-0.0037051122829614824,-0.04428613967324804,-1.1891096718330252,-5.269489119012134e-05,0.0,-0.3780859927083387,-0.019508951298778884,-0.548524814820069,126,26.44,4504,0.0,515,0.0,0.009108679265769129,-0.0003690600236205016,-1.5292419413960745,-0.1469598651023245,-0.006543960193440877,0.01,-0.15286597837283447,0.647792,2322432,-163.44710814,0.0096,-0.7021548245717811,-0.026532733743079007,0.28682861328125,1.0042381286621094,-4.8448333740234375,0.033387534,-34.103084564208984,6662,0.018088998924940824,0.000299424,-0.38394296169281006,0.2
0.0,-0.0989476138880811,0.0,244.23,0.0,-0.18405249859070028,0.0,-0.5,-0.448236070807804,-0.11793375742692863,-2.381050278042076e-08,-0.00378808396471035,-0.04627096636654823,-1.184734986989066,-5.036755489054198e-05,0.0,-0.38320710614347875,-0.022395977555655346,-0.5067665066648903,127,26.45152,4504,0.0,519,0.0,0.008946430789888781,-0.0003611895222211946,-1.5212770303145886,-0.14459366565192067,-0.019032952975600856,0.01,-0.1448065712332487,0.647774336,2340864,-161.03400949,0.0096768,-0.7085465936936693,-0.022587003000080586,0.31580810546875,1.0038843154907227,-2.829594850540161,0.03736456,-34.098338508605956,6666,0.02836495512165129,0.000299419392,-0.3747466206550598,0.2
0.0,-0.09926061568703876,4.340263937289516e-06,242.29,0.0,-0.19540070095353024,0.0,-0.5,-0.4516126687591271,-0.11623604789363323,-2.1320737559773024e-08,-0.0037326227107284233,-0.049826694969625246,-1.182860746604832,-4.982351147036473e-05,0.0,-0.378051214608535,-0.020481519486723755,-0.517578279136775,128,26.46304,4503,0.0,523,0.0,0.00860322577246855,-0.0003590725632747016,-1.5236315511817111,-0.1458108157139056,-0.05446165496649199,0.01,-0.14055537447128422,0.647756672,2359296,-160.51671088,0.0097536,-0.7023195026856199,-0.02414199822815135,0.28829345703125,1.0039106607437134,-5.7412638664245605,0.031464953,-34.09891700744629,6670,0.023412207141518593,0.000299414784,-0.379378080368042,0.2
0.0,-0.09868779913318844,0.0,243.8,0.0,-0.1978120984530142,0.0,-0.5,-0.4285965650963043,-0.13853133600948947,-2.1970752301606164e-08,-0.0038227078878868667,-0.039116822973439734,-1.2058425882590749,-5.163335578326021e-05,0.0,-0.3953791893410459,-0.020600072872656878,-0.5293712613249981,129,26.47456,4503,0.0,528,0.0,0.00818548429452544,-0.00036783174394407745,-1.52328572312461,-0.1464723311909372,-0.009242472735422393,0.01,-0.1405318868750477,0.6477390080000001,2377728,-160.93057988,0.0098304,-0.6975950925303797,-0.024243645882233978,0.2864013671875,1.003582239151001,-0.5599373579025269,0.029602999,-34.095343589782715,6674,0.019827867206186057,0.00029941017599999996,-0.3788885772228241,0.2
0.0,-0.10017126591197563,0.0,252.42,0.0,-0.20098725966243436,0.0,-0.5,-0.4225938051795666,-0.13058647201978602,-2.0345693742483916e-08,-0.0037237822097710375,-0.04523873029447049,-1.2540511360613242,-4.8951773934086176e-05,0.0,-0.3504696222232609,-0.02167646300706252,-0.5081330120134524,130,26.48608,4503,0.0,532,0.0,0.008917091413158629,-0.00035767689435494993,-1.5416609974514552,-0.1439293659974707,-0.017141491895048946,0.01,-0.14733293125563612,0.647721344,2396160,-163.07988105,0.0099072,-0.6985814886162736,-0.023499051725957544,0.28310546875,1.0038385391235352,-2.697023630142212,0.03122074,-34.09478569030762,6678,0.023804194666445254,0.000299405568,-0.3743205666542053,0.2
0.0,-0.09865961552289475,0.0,221.94,0.0,-0.19274158534067162,0.0,-0.5,-0.42676286278834463,-0.08589535409313005,-2.214876048193564e-08,-0.003822752179934922,-0.03653679275291857,-1.219807632232998,-5.195989168178951e-05,0.0,-0.40097434211989236,-0.021263476597009508,-0.5190828953934067,131,26.4976,4502,0.0,536,0.0,0.008155678799731057,-0.00037297108613005105,-1.5254708642583887,-0.14668544139449294,-0.016405135638631038,0.01,-0.15101395169588716,0.64770368,2414592,-155.45904076,0.009984,-0.7025619901986088,-0.02480405168607831,0.27340087890625,1.0038533210754395,-4.48184061050415,0.029517513,-34.09947662353515,6682,0.013452201709151268,0.00029940095999999997,-0.38185393810272217,0.2
0.0,-0.09814222972546532,1.6275929131855567e-06,226.92,0.0,-0.19074437218308177,0.0,-0.5,-0.44623499827890506,-0.09718034319747756,-2.461049639950103e-08,-0.004018153242641793,-0.05109377495815863,-1.1630712084585602,-5.555814289670999e-05,0.0,-0.40006346946950205,-0.021326387277882518,-0.4841499143300962,132,26.50912,4502,0.0,540,0.0,0.009313461891713224,-0.00039150290242408533,-1.5174852157458503,-0.14983249315693714,-0.029914496429578132,0.01,-0.14397080895843822,0.647686016,2433024,-156.71237920000002,0.0100608,-0.6959386892340078,-0.02598595859017223,0.28447265625,1.003917932510376,-5.1815900802612305,0.03198741,-34.099703788757324,6686,0.015385318128392101,0.000299396352,-0.38272666931152344,0.2
0.0,-0.0989099886929048,0.0,237.72,0.0,-0.18668520535400798,0.0,-0.5,-0.41205565598203614,-0.11686225908407424,-2.3789327767952208e-08,-0.003940743389067198,-0.045068118620106006,-1.1581997147766494,-5.37328157052488e-05,0.0,-0.3779759182205489,-0.019996710032305746,-0.5063738065849815,133,26.52064,4502,0.0,544,0.0,0.007973315068570047,-0.00038116328425636856,-1.520445641855025,-0.14570748956037607,-0.009372398335223572,0.01,-0.1430835365501101,0.6476683520000001,2451456,-159.41367451,0.0101376,-0.7042199411735248,-0.022664337081369012,0.278271484375,1.0041135549545288,-3.0057530403137207,0.0329094,-34.098802375793454,6690,0.028908940963447094,0.000299391744,-0.3776896595954895,0.2
0.0,-0.09912826714418109,0.0,235.0,0.0,-0.18972683578742391,0.0,-0.5,-0.4209038015282926,-0.114482698954008,-2.0407850960122085e-08,-0.003923634457649001,-0.04199469778339286,-1.1167069033717232,-5.269266110305258e-05,0.0,-0.3959176347601624,-0.017806740358795706,-0.5060996715733633,134,26.53216,4502,0.0,548,0.0,0.007883953005752987,-0.00037745744482731196,-1.5188092279159542,-0.14463413222113097,-0.04327551701036106,0.01,-0.12944334417434808,0.647650688,2469888,-158.72670231,0.0102144,-0.7072220990837004,-0.024711670679971577,0.2811767578125,1.0038679838180542,-3.3295936584472656,0.032420315,-34.10045757293701,6694,0.020246058981865645,0.00029938713599999997,-0.37646791338920593,0.2
0.0,-0.098695510512796,1.085058708364765e-06,220.27,0.0,-0.17836467396744804,0.0,-0.5,-0.4452868973657497,-0.09685713148953962,-2.285842657206468e-08,-0.0041729732541661456,-0.04142533983121626,-1.007497440612799,-5.655785156623054e-05,0.0,-0.4078411486685925,-0.017401212416351886,-0.5202056858973365,135,26.543680000000002,4501,0.0,552,0.0,0.007783515969425067,-0.00040022967997946606,-1.5133557578635701,-0.14730145326591396,-0.02131178832516217,0.01,-0.11380794236066286,0.647633024,2488320,-155.04275678,0.0102912,-0.7121308354758703,-0.02478910143254325,0.266015625,1.0038127899169922,-3.9019083976745605,0.03126385,-34.09870929718018,6698,0.016580238891765475,0.000299382528,-0.38375264406204224,0.2
0.0,-0.0984703521251415,1.3020801513145367e-05,227.72,0.0,-0.19224670127286148,0.0,-0.5,-0.4386028037639202,-0.11587376250988907,-2.381024928147822e-08,-0.004139554758653938,-0.04129491758088483,-1.213630266198382,-5.6565019734515317e-05,0.0,-0.4080926703192868,-0.020266113514295785,-0.5140419790982961,136,26.5552,4501,0.0,556,0.0,0.00817484808740144,-0.00039889313905617797,-1.5191870932982428,-0.14904987709361545,-0.0024270932779746853,0.01,-0.144746908438539,0.64761536,2506752,-156.91076138,0.010368,-0.7051884307665931,-0.02524029912892729,0.29111328125,1.0035055875778198,-4.835514545440674,0.031130647,-34.09425220489502,6702,0.02177557470276952,0.00029937792,-0.3811846673488617,0.2
0.0,-0.09870435609814204,9.765596284220615e-06,231.63,0.0,-0.20370074686170414,0.0,-0.5,-0.48259476432484694,-0.09590851460072575,-2.5095712668933314e-08,-0.004271234976522575,-0.04192128151238886,-1.1866594296273847,-5.7133476087779236e-05,0.0,-0.4071282871534875,-0.027405997664413186,-0.4967976765391773,137,26.56672,4501,0.0,560,0.0,0.01256011011268942,-0.0004063563281632706,-1.4971867230220408,-0.1467664527533635,-0.009354982207165807,0.01,-0.1535659843036444,0.6475976960000001,2525184,-157.8797595,0.0104448,-0.6964007246232664,-0.025643422431312502,0.27322998046875,1.0034664869308472,-3.794375419616699,0.029322198,-34.09435214996338,6706,0.019899452896788718,0.00029937331199999997,-0.3777562379837036,0.2
0.0,-0.0983814357392054,0.0,229.25,0.0,-0.18590885281786088,0.0,-0.5,-0.4212125747783475,-0.08689620018412825,-2.693755465941992e-08,-0.004247793513221334,-0.04795924169358075,-1.2340135767406735,-5.908485720539564e-05,0.0,-0.4047276289104971,-0.02320543365240273,-0.5311965062913733,138,26.57824,4501,0.0,565,0.0,0.01054134231481876,-0.00041102854515514447,-1.498134053699353,-0.1493296589352743,-0.011702022895411036,0.01,-0.15630404558825908,0.647580032,2543616,-157.28543365,0.0105216,-0.6916801321528803,-0.02373902874533087,0.29349365234375,1.0030988454818726,-5.148431301116943,0.034046017,-34.088542747497556,6710,0.023325747530907392,0.000299368704,-0.37697485089302063,0.2
0.0,-0.09886323878534477,3.200950191563202e-05,249.18,0.0,-0.181605731645858,0.0,-0.5,-0.4349750317701482,-0.14212903867074703,-2.3592398643226184e-08,-0.004173745066603379,-0.05826714450988746,-1.1462997091347844,-5.6475261549147056e-05,0.0,-0.3761048148472392,-0.022908823464014214,-0.5268991228729172,139,26.58976,4501,0.0,569,0.0,0.010461165205318512,-0.00040467469525171015,-1.5094806331279298,-0.14457635650320108,-0.06307853811290609,0.01,-0.14473793375535057,0.647562368,2562048,-162.27008105,0.0105984,-0.6911249604733334,-0.025049716967623682,0.2841064453125,1.0033178329467773,-3.308971405029297,0.031910054,-34.09160385131836,6714,0.020828458480536938,0.000299364096,-0.38003477454185486,0.2
0.0,-0.09899860768531045,0.0,233.79,0.0,-0.19973197799448786,0.0,-0.5,-0.4570141361692223,-0.1032104698210282,-2.1687100655495048e-08,-0.004133827229928555,-0.03809683532282512,-1.2211781675042939,-5.466433068543834e-05,0.0,-0.3943654507072681,-0.022935060652039013,-0.5108489058276695,140,26.60128,4501,0.0,573,0.0,0.0079811484001346,-0.00039602060639150967,-1.5252741494208468,-0.14530820976762868,-0.015562286409150552,0.01,-0.15232055310628465,0.647544704,2580480,-158.42756328000002,0.0106752,-0.7058994726140232,-0.019247889705002307,0.279638671875,1.004142165184021,-0.7326391935348511,0.033171725,-34.09707679748535,6718,0.030923863872885704,0.000299359488,-0.3663223385810852,0.2
0.0,-0.09919933452480352,5.4253446352150706e-05,227.77,0.0,-0.18177297204819726,0.0,-0.5,-0.42862866679524814,-0.10591472041333974,-2.1278844036678814e-08,-0.004196369515571662,-0.04467114058001592,-1.1198038188203254,-5.436594200640934e-05,0.0,-0.36819924787096364,-0.021107385046098187,-0.5170519082819212,141,26.6128,4501,0.0,577,0.0,0.008998241681356088,-0.0004011414689382553,-1.5118214076086793,-0.14371510034639948,-0.03169645663538215,0.01,-0.13858263522441722,0.64752704,2598912,-156.91582624999998,0.010752,-0.7090432609927761,-0.024860166653525084,0.282763671875,1.0041453838348389,-3.6887316703796387,0.031544723,-34.10503215789795,6722,0.015824082121253014,0.00029935488,-0.38057371973991394,0.2
0.0,-0.0986368877823501,0.0,227.96,0.0,-0.1869973911098657,0.0,-0.5,-0.42936061569174755,-0.11291926552560956,-2.1949618681988768e-08,-0.004247965416569716,-0.04658033795223592,-1.1204680065676456,-5.607472155799904e-05,0.0,-0.3783577599563659,-0.01996508573049906,-0.5219445982494243,142,26.62432,4500,0.0,581,0.0,0.007355191799383072,-0.00040915891131790565,-1.5061418343690924,-0.14487076791729175,-0.04386329073721033,0.01,-0.13789486244163524,0.647509376,2617344,-156.96012517,0.0108288,-0.701453556663261,-0.023953522858209907,0.28636474609375,1.003941535949707,-2.5950703620910645,0.033314575,-34.09846591949463,6726,0.018319609481841324,0.000299350272,-0.38067084550857544,0.2
0.0,-0.09900361243519441,0.0,239.45,0.0,-0.18778814263236962,0.0,-0.5,-0.4176996674921256,-0.1335104851896176,-1.8812207771888743e-08,-0.004215584025481841,-0.039274632188051495,-1.1650343891467376,-5.421155432794921e-05,0.0,-0.3670834828479858,-0.019454669493216614,-0.5109455987127806,143,26.63584,4500,0.0,585,0.0,0.006968042833848698,-0.00040003929791791634,-1.5136746519970836,-0.14366249302657963,-0.03917162201084503,0.01,-0.12719502145321224,0.647491712,2635776,-159.83416779,0.0109056,-0.708075899558042,-0.023637583141680806,0.28721923828125,1.0037761926651,-4.229777812957764,0.03390929,-34.09846591949463,6730,0.014966891519725323,0.00029934566399999996,-0.3818710744380951,0.2
0.0,-0.09890518466112272,0.0,234.41,0.0,-0.17586710020250962,0.0,-0.5,-0.43086174869497335,-0.12734199601982255,-2.2612022794033435e-08,-0.0043023699207550975,-0.04857015630542048,-1.0441749409646472,-5.601202596115955e-05,0.0,-0.3677560037793439,-0.017992567284452497,-0.5081566748990297,144,26.64736,4500,0.0,589,0.0,0.007887462341251301,-0.00040609881684479707,-1.4996789401204658,-0.14370229831104775,-0.05683801724370616,0.01,-0.12766150642366914,0.647474048,2654208,-158.57389765,0.0109824,-0.7041206567130222,-0.02536827450385317,0.28277587890625,1.0034286975860596,-4.451395034790039,0.032668196,-34.09271011352539,6734,0.011072604544460773,0.000299341056,-0.38465696573257446,0.2
0.0,-0.09938822234854701,1.4648404127607742e-05,244.52,0.0,-0.1796062721714961,0.0,-0.5,-0.4263098998731777,-0.12341431893259545,-1.996154069801691e-08,-0.004277823721927018,-0.04504949221712278,-1.1434595800780885,-5.542877219927846e-05,0.0,-0.3621178703158973,-0.02109189684264112,-0.5124529449434498,145,26.65888,4500,0.0,593,0.0,0.008409125826639047,-0.00040895157569645585,-1.5163826866672494,-0.1445468233845631,-0.038754119451617934,0.01,-0.13862241002722814,0.647456384,2672640,-161.10475333999997,0.0110592,-0.7007058624214253,-0.02120063321199268,0.27274169921875,1.0035730600357056,-0.7866815328598022,0.029790208,-34.092980766296385,6738,0.020425814809277652,0.000299336448,-0.3789009153842926,0.2
0.0,-0.0990205416901321,5.42524503543973e-07,241.59,0.0,-0.19213366077499308,0.0,-0.5,-0.4493191554388797,-0.1134479526824887,-2.0539130333120503e-08,-0.004262581095123915,-0.044820164304026335,-1.1437893333039642,-5.6256604221052645e-05,0.0,-0.3719930502290313,-0.020427732808440888,-0.5178373612567354,146,26.6704,4500,0.0,598,0.0,0.007326849019854579,-0.00041012973852247903,-1.5178429097696708,-0.1443266041754982,-0.05426787404251256,0.01,-0.1380895870257446,0.64743872,2691072,-160.36827497000002,0.011136,-0.7142982356698325,-0.02131539867259562,0.2927734375,1.0038142204284668,-0.4000403881072998,0.029730076,-34.097887229919436,6742,0.0205974823795259,0.00029933183999999996,-0.37703466415405273,0.2
0.0,-0.0994808325688061,0.0,238.07,0.0,-0.1772621243086515,0.0,-0.5,-0.4307627340696315,-0.14192216978861122,-1.7672124577901507e-08,-0.004214241330715642,-0.04332482591353429,-0.9973333628482381,-5.493054228109091e-05,0.0,-0.3534952293842164,-0.013498805398246128,-0.5408190584346342,147,26.68192,4499,0.0,602,0.0,0.003813834389784233,-0.0004046708606093498,-1.5218874967885847,-0.14137578180200921,-0.08123583585628584,0.01,-0.11352784786293685,0.647421056,2709504,-159.49151890000002,0.0112128,-0.7262645886074263,-0.02268493880983442,0.25877685546875,1.0034726858139038,-4.725128173828125,0.02794936,-34.09477024078369,6746,0.014475170895457268,0.000299327232,-0.37759673595428467,0.2
0.0,-0.09911783783348777,5.42524503543973e-07,242.92,0.0,-0.1856020992806643,0.0,-0.5,-0.4350422236449758,-0.11072077454365273,-1.9798813674397654e-08,-0.004252994715792922,-0.04967187407752184,-1.0421122809621126,-5.7419085102268474e-05,0.0,-0.3630314599139161,-0.017266203129552744,-0.5269448081358266,148,26.69344,4499,0.0,606,0.0,0.006886532877157037,-0.0004161566037232391,-1.516162071244421,-0.14211309628758484,-0.0865294447212581,0.01,-0.1348980042836019,0.647403392,2727936,-160.70767914,0.0112896,-0.7146652817908111,-0.02380072413943708,0.291943359375,1.0030746459960938,-3.505733013153076,0.03138469,-34.08995418548584,6750,0.014014315884560346,0.000299322624,-0.3821776807308197,0.2
0.0,-0.09931205182190089,4.882798142110308e-06,243.24,0.0,-0.18447579528731492,0.0,-0.5,-0.41198220719596806,-0.12323377230172304,-1.9792008618200963e-08,-0.004427525347546775,-0.046872898865872176,-1.1545920749221967,-5.752761036556339e-05,0.0,-0.36603570502349164,-0.017719630153894158,-0.5669504918671606,149,26.70496,4499,0.0,610,0.0,0.005833049790084972,-0.0004241285300954099,-1.5056730244388639,-0.1425132793107778,-0.0484223149403841,0.01,-0.13268118698166106,0.647385728,2746368,-160.78037709,0.0113664,-0.703968261507747,-0.024123303242959082,0.24898681640625,1.0029877424240112,-2.805994749069214,0.02817675,-34.08776416778564,6754,0.013962858496233821,0.000299318016,-0.3814970552921295,0.2
0.0,-0.09878498480326389,0.0,238.97,0.0,-0.1900491304668981,0.0,-0.5,-0.4189118873491039,-0.13045788729990213,-2.0751479975873027e-08,-0.0044646411310229435,-0.03579945302063167,-1.2093700884300433,-5.969061298224944e-05,0.0,-0.3770039781820989,-0.019362996751199332,-0.4870451032477511,150,26.71648,4498,0.0,614,0.0,0.0065404187093197255,-0.00042776450710493483,-1.5151083287319036,-0.14561838874908895,-0.011781378594774974,0.01,-0.1392738044922901,0.647368064,2764800,-159.71696659,0.0114432,-0.7128676147802708,-0.02268659168621525,0.26683349609375,1.0035326480865479,-3.3324031829833984,0.028504247,-34.09281883239746,6758,0.012259274441748857,0.000299313408,-0.38121330738067627,0.2
0.0,-0.09887849441873658,1.6275929131855567e-06,243.87,0.0,-0.16434779343457614,0.0,-0.5,-0.4524904627722329,-0.12011002899574426,-2.1456354102417487e-08,-0.004678409206223045,-0.048155138537285654,-0.9554208184562771,-6.0191180810551915e-05,0.0,-0.35178301926745603,-0.021373834860918425,-0.49927936090320507,151,26.728,4498,0.0,618,0.0,0.010495887065977517,-0.00043477257983512923,-1.4694613069407736,-0.14292035277716356,-0.05431737202126737,0.01,-0.13316092721007944,0.6473504,2783232,-160.94217978,0.01152,-0.691603354413173,-0.02431793707655743,0.26943359375,1.00352144241333,-3.4505581855773926,0.028481264,-34.09529285430908,6762,0.010703983437269925,0.0002993088,-0.3839211165904999,0.2
0.0,-0.09915942356610179,0.0,252.16,0.0,-0.1928999955977272,0.0,-0.5,-0.45370026117689716,-0.13353284082808792,-1.996934420636942e-08,-0.004516284949313075,-0.038053404709301394,-1.2242458259638784,-5.918809223629465e-05,0.0,-0.3521885907200393,-0.02546912994492562,-0.5390234848545695,152,26.73952,4498,0.0,622,0.0,0.009712040018411451,-0.00043391067548993,-1.5079529141199755,-0.14498182368870974,-0.024611250625201486,0.01,-0.15709269165080078,0.6473327360000001,2801664,-163.01039626,0.0115968,-0.7022863007850667,-0.024979576282203198,0.25965576171875,1.0035820007324219,-1.9276173114776611,0.028788429,-34.09311981201172,6766,0.02013020943850279,0.000299304192,-0.38004934787750244,0.2
0.0,-0.09908168571626898,0.0,247.56,0.0,-0.19173385905875862,0.0,-0.5,-0.4230041723234851,-0.11878771853258109,-1.9485842148997426e-08,-0.004675038309224484,-0.04003618488318166,-1.1963652502442457,-6.19170353684494e-05,0.0,-0.37961835409885036,-0.021827993932926306,-0.5278421035348331,153,26.75104,4498,0.0,626,0.0,0.008755598117658513,-0.0004528560173544632,-1.513803305960974,-0.1446792477420609,-0.02292938934041063,0.01,-0.13743946755069392,0.647315072,2820096,-161.86469472,0.0116736,-0.7098640899474243,-0.023739156185183675,0.28475341796875,1.0043244361877441,-2.907705545425415,0.03135566,-34.10268859863281,6770,0.015997845306992532,0.000299299584,-0.3765358030796051,0.2
0.0,-0.09907283968248783,0.0,238.75,0.0,-0.17994118195044925,0.0,-0.5,-0.4657097270574167,-0.11376152623334848,-2.041626448208176e-08,-0.004586723019216553,-0.04224131156819225,-1.0947374714045257,-5.963060749884646e-05,0.0,-0.35461853427419054,-0.022046749106254256,-0.5186590713575785,154,26.76256,4498,0.0,631,0.0,0.00939546135017274,-0.000438366901728624,-1.4978808330978497,-0.14286830028918512,-0.05806979629475912,0.01,-0.14304929077872663,0.647297408,2838528,-159.65485411,0.0117504,-0.7040733486399225,-0.024972876906394957,0.25916748046875,1.003065586090088,-4.318921089172363,0.02911278,-34.09162502288818,6774,0.010526398755609989,0.000299294976,-0.3832835555076599,0.2
0.0,-0.09887477482839815,0.0,229.98,0.0,-0.19626340840898537,0.0,-0.5,-0.4734610082116609,-0.10114259891270194,-2.1256237022021217e-08,-0.004708266655442843,-0.04199345331339092,-1.0420899811765436,-6.108926305113098e-05,0.0,-0.38505120544074184,-0.019413296711045094,-0.5510576506604145,155,26.77408,4498,0.0,635,0.0,0.007593146949693565,-0.00044690879417821016,-1.498999419974436,-0.14371964482063843,-0.05942495880024475,0.01,-0.1326971862373467,0.647279744,2856960,-157.46281384000002,0.0118272,-0.706971178997981,-0.0231270011048764,0.2722412109375,1.0029854774475098,-3.665236473083496,0.030071069,-34.08629970550537,6778,0.01618711235933006,0.000299290368,-0.3769049346446991,0.2
0.0,-0.09904099005892102,4.882798142110308e-06,233.59,0.0,-0.18714056530766363,0.0,-0.5,-0.4689039667219174,-0.13150431014946662,-2.021405223452937e-08,-0.004631131570834639,-0.03946668914551042,-1.0844364240563875,-6.269463892208854e-05,0.0,-0.3809507472562078,-0.018597401872495964,-0.5215145173521516,156,26.7856,4497,0.0,639,0.0,0.007878478615968208,-0.0004494372992359301,-1.5137383082506084,-0.14361142323170395,-0.027339898065845025,0.01,-0.13467458082752493,0.6472620800000001,2875392,-158.37353323,0.011904,-0.7057337207025304,-0.022855285985860972,0.25245361328125,1.0035380125045776,-3.2479658126831055,0.028460681,-34.09375839233398,6782,0.01794759267941117,0.00029928576,-0.3819327652454376,0.2
0.0,-0.0995239932047546,0.0,244.34,0.0,-0.1798099923273833,0.0,-0.5,-0.40404929450734356,-0.13178547566995905,-1.992295527663414e-08,-0.004679645009448495,-0.04954027222692706,-1.0521080758627166,-6.0143251119671474e-05,0.0,-0.35883002937807595,-0.013866830904924165,-0.5523463800367518,157,26.79712,4497,0.0,643,0.0,0.0052863797640321925,-0.00044767485942572304,-1.5139251245317888,-0.14346909764950425,-0.06490790024352089,0.01,-0.12363901757301411,0.647244416,2893824,-161.05442629,0.0119808,-0.7128939732013017,-0.025112097745295613,0.28934326171875,1.0032480955123901,-4.150111198425293,0.028789738,-34.091542625427245,6786,0.013198830327019096,0.00029928115199999997,-0.38532012701034546,0.2
0.0,-0.09929167534828648,0.0,238.33,0.0,-0.18385768923969115,0.0,-0.5,-0.42378216338014935,-0.12089029867072693,-1.9406033132120112e-08,-0.004631553408986674,-0.039252208730142006,-1.0127302684592703,-6.271201142478896e-05,0.0,-0.36634519242536456,-0.016757255115982417,-0.5550866439317991,158,26.80864,4497,0.0,647,0.0,0.006842656004042723,-0.0004525399085970993,-1.5074807244756196,-0.1432781302348493,-0.04544058359379379,0.01,-0.1340697448509872,0.647226752,2912256,-159.55914072000002,0.0120576,-0.7003541079555403,-0.02397071560844779,0.2747802734375,1.0033190250396729,-3.549032211303711,0.029424194,-34.09049015045166,6790,0.01611989000812173,0.000299276544,-0.3791256248950958,0.2
0.0,-0.09967545111414905,2.1701271180063486e-06,252.77,0.0,-0.17929617067279452,0.0,-0.5,-0.3927137331431513,-0.14456851752765942,-2.1021287698659042e-08,-0.004912602932402814,-0.04214701332147447,-1.2448221172238616,-6.418174213704823e-05,0.0,-0.34772085283874477,-0.023725980335902456,-0.5695423719847413,159,26.82016,4497,0.0,651,0.0,0.0084966953941731,-0.00046651477872371703,-1.4971380652624169,-0.14228175032541815,-0.015747667273141742,0.01,-0.14445180828123258,0.647209088,2930688,-163.16355772999998,0.0121344,-0.6982945552177918,-0.023999452870339156,0.260546875,1.0031744241714478,-2.360959768295288,0.029988196,-34.091872215270996,6794,0.013200720865279436,0.000299271936,-0.382424533367157,0.2
0.0,-0.09902982844379687,1.6275929131855567e-06,260.42,0.0,-0.1800948236730776,0.0,-0.5,-0.40305186373550367,-0.1455144319285561,-2.28761157875863e-08,-0.004884896410135399,-0.043693976173905136,-1.0348771942257011,-6.551394460793971e-05,0.0,-0.38047589601807175,-0.01847431389882109,-0.5603007430026136,160,26.83168,4496,0.0,655,0.0,0.007953442066077291,-0.0004718782849842947,-1.4872574750831473,-0.14199126051426852,-0.026507561659828312,0.01,-0.13181496944104656,0.6471914240000001,2949120,-165.07424908000002,0.0122112,-0.6948067439346538,-0.02275504203280434,0.28043212890625,1.0035881996154785,-5.480807304382324,0.030801315,-34.091342544555665,6798,0.010383021365851165,0.00029926732799999997,-0.378986120223999,0.2
0.0,-0.09957950657156477,1.1393198898682991e-05,237.96,0.0,-0.16223552905698302,0.0,-0.5,-0.4266281774278338,-0.14093139173605274,-1.9542062715187e-08,-0.004821755110114459,-0.04699114512822193,-0.9566669790299491,-6.337188421973313e-05,0.0,-0.3588931746761924,-0.014147157514899901,-0.5186792489170272,161,26.8432,4496,0.0,659,0.0,0.005892718631220215,-0.0004562356602826438,-1.4997886626404298,-0.1430050019432164,-0.06512435177907952,0.01,-0.11202027834269981,0.64717376,2967552,-159.46146341000002,0.012288,-0.7079094013862468,-0.022221050027292223,0.27318115234375,1.003530502319336,-1.3525722026824951,0.03204437,-34.09416904449463,6802,0.016480309050530197,0.00029926272,-0.37917426228523254,0.2
0.0,-0.09929659001986316,0.0,242.32,0.0,-0.1689026081120952,0.0,-0.5,-0.4415207261772738,-0.10880102519877255,-2.3232577027319785e-08,-0.004926471898035993,-0.05845174463204799,-1.005954066944063,-6.462883901293394e-05,0.0,-0.3687664454345997,-0.01694975529713861,-0.5301205802243523,162,26.85472,4496,0.0,664,0.0,0.0074229915693710385,-0.00046379730798387403,-1.4769525998794042,-0.14214396536534504,-0.10078528603632042,0.01,-0.12011086833496426,0.647156096,2985984,-160.55050019,0.0123648,-0.6989799512649953,-0.023446652572602034,0.24566650390625,1.0032416582107544,-3.935401439666748,0.028503362,-34.09111557006836,6806,0.014696144731715322,0.000299258112,-0.3835768699645996,0.2
0.0,-0.09916682042127967,2.1701271180063486e-06,242.72,0.0,-0.17312437316859303,0.0,-0.5,-0.4365926659735236,-0.11655939004008865,-2.2259668125777016e-08,-0.004894961615655482,-0.05164152978116368,-1.1188539312847583,-6.63993961357771e-05,0.0,-0.3709919452296599,-0.017918931017781647,-0.5503431828132073,163,26.86624,4496,0.0,668,0.0,0.006315840627649709,-0.00047410576311756225,-1.4906566564890111,-0.14315552876715557,-0.06323423542592452,0.01,-0.13563004383098168,0.647138432,3004416,-160.65264270999998,0.0124416,-0.7035174240720568,-0.02053370705107227,0.28802490234375,1.0034446716308594,-3.751650810241699,0.030837487,-34.09287166595459,6810,0.016707858955487608,0.00029925350399999997,-0.3679637908935547,0.2
0.0,-0.09903896383262928,2.7126613228271403e-06,237.07,0.0,-0.174641010056002,0.0,-0.5,-0.3915482634277382,-0.12389281726953211,-2.173301427888354e-08,-0.005099943816574777,-0.03952720032159363,-1.0998766703240848,-6.684460975726912e-05,0.0,-0.3710382773633473,-0.01815260063794263,-0.5233047183816878,164,26.87776,4496,0.0,672,0.0,0.008237040592424463,-0.0004877235048096095,-1.4862511838897847,-0.14362472259227668,-0.01610011814868131,0.01,-0.13424448416548718,0.6471207680000001,3022848,-159.23937279,0.0125184,-0.6939337287148977,-0.023898441821802407,0.27371826171875,1.003220796585083,-2.351320266723633,0.02994785,-34.092637825012204,6814,0.012237543892115354,0.000299248896,-0.3817256987094879,0.2
0.0,-0.09869412430479928,0.0,226.69,0.0,-0.1785904193151292,0.0,-0.5,-0.4428413036346557,-0.09369021997230852,-2.13708918737931e-08,-0.005063889105361074,-0.037680977178558145,-1.06915046484814,-6.707093705560206e-05,0.0,-0.3876425479233854,-0.019205433222952577,-0.5206449034341722,165,26.88928,4496,0.0,676,0.0,0.008143412024154053,-0.00048181156479134516,-1.4738510886919174,-0.1436024203599532,-0.027748858527383416,0.01,-0.13091955847019127,0.647103104,3041280,-156.64920580999998,0.0125952,-0.6954470896241558,-0.02262708586640656,0.290283203125,1.003328561782837,-1.9778461456298828,0.03033563,-34.09023742675781,6818,0.013082602806389333,0.000299244288,-0.3794555068016052,0.2
0.0,-0.09945759264016198,0.0,246.37,0.0,-0.1853990149666455,0.0,-0.5,-0.4002186280200911,-0.1295780378228907,-1.889757435571225e-08,-0.004778721982314248,-0.0523108666281071,-1.0852600805650796,-6.630139328060494e-05,0.0,-0.3500624315491174,-0.015623136982921226,-0.5710156295803501,166,26.9008,4496,0.0,680,0.0,0.006710838435941739,-0.0004767786694190709,-1.5039408512497494,-0.14322017125461953,-0.08665711484477062,0.01,-0.1293399690219171,0.64708544,3059712,-161.56560535,0.012672,-0.7063774225209039,-0.024820521823130548,0.2465087890625,1.0037187337875366,-4.65779972076416,0.026930332,-34.09591445922852,6822,0.0122094567399472,0.00029923968,-0.3828486502170563,0.2
0.0,-0.0993397581550781,1.6275929131855567e-06,267.06,0.0,-0.17248752272225107,0.0,-0.5,-0.3975916275969188,-0.14978908450413858,-2.13880289725513e-08,-0.00514810658017166,-0.06430842382339202,-1.108134710916311,-6.617877192532713e-05,0.0,-0.3478049329842816,-0.0197232032656581,-0.5555114014724923,167,26.91232,4496,0.0,684,0.0,0.0074726855721678025,-0.000488924537147819,-1.481124098041822,-0.14121076751991837,-0.10228683683865014,0.01,-0.13210352117637425,0.647067776,3078144,-166.73729788999998,0.0127488,-0.6978192717788892,-0.023174569685943426,0.2777587890625,1.0029940605163574,-1.9688911437988281,0.029672807,-34.09115791320801,6826,0.011528860311955214,0.000299235072,-0.37945595383644104,0.2
0.0,-0.09922214434399183,0.0,268.6,0.0,-0.17332830152302667,0.0,-0.5,-0.428421730322166,-0.13780610821817796,-2.500905247356021e-08,-0.005287689396808423,-0.0544397239998272,-1.1298783472708496,-6.952440167613648e-05,0.0,-0.35958994820426043,-0.025543475621192704,-0.5604099704910812,168,26.92384,4495,0.0,688,0.0,0.01083563502559799,-0.0005025794760940371,-1.4716552281622954,-0.14235184704806556,-0.0490366999326175,0.01,-0.14454759819417543,0.6470501120000001,3096576,-167.1225402,0.0128256,-0.6821499426561578,-0.0203947784146294,0.2747314453125,1.0028584003448486,-4.665120601654053,0.030220127,-34.08409366607666,6830,0.010162961832247675,0.000299230464,-0.37850862741470337,0.2
0.0,-0.09914245633934325,0.0,252.52,0.0,-0.16449230582628546,0.0,-0.5,-0.4155732406071686,-0.1211889608578834,-2.3676261779666855e-08,-0.005231746347342926,-0.051581569930933026,-1.0979270331183197,-6.975302779498964e-05,0.0,-0.34756822455060443,-0.023538252948741168,-0.5532242313888549,169,26.93536,4494,0.0,693,0.0,0.009360286018917098,-0.0005040706391337861,-1.4785560698561213,-0.14315289286076668,-0.039075331177711475,0.01,-0.1472989286015832,0.647032448,3115008,-163.09965523,0.0129024,-0.6927738936542589,-0.02364222985925153,0.25316162109375,1.0031917095184326,-3.120088577270508,0.03081341,-34.090403366088864,6834,0.010752579779364169,0.00029922585599999996,-0.381032258272171,0.2
0.0,-0.09931958261865194,0.0,268.8,0.0,-0.1771176128078967,0.0,-0.5,-0.4096922188902599,-0.14953840305679478,-2.1506071041388343e-08,-0.005238985145400696,-0.04412924187169723,-1.1839312515427185,-6.998586727957086e-05,0.0,-0.35851262126908817,-0.02127285680516124,-0.5419524611868173,170,26.94688,4494,0.0,697,0.0,0.008565252042593638,-0.0005072324372695783,-1.491298261264935,-0.14392671430948065,-0.025914134049050696,0.01,-0.14794880142402694,0.647014784,3133440,-167.15944609,0.0129792,-0.6926280789630739,-0.023204769036965445,0.26639404296875,1.0036206245422363,-3.760551929473877,0.028370943,-34.094733810424806,6838,0.011750626470893621,0.000299221248,-0.381123811006546,0.2
0.0,-0.09958282932193764,0.0,255.07,0.0,-0.1754013457010171,0.0,-0.5,-0.4599487557628196,-0.126943214199855,-2.0156075266729096e-08,-0.005246954612422661,-0.04352811081150301,-1.0072158804460567,-6.757340031418824e-05,0.0,-0.3529425932718599,-0.01831616330161959,-0.5318863848167479,171,26.9584,4494,0.0,701,0.0,0.006092618551735102,-0.0004942034464772662,-1.4903626894279887,-0.14068601086470953,-0.0340743637651236,0.01,-0.12654458729518792,0.64699712,3151872,-163.74486549,0.013056,-0.7113476938788813,-0.021767883852589875,0.26524658203125,1.0038056373596191,-1.4221935272216797,0.028173339,-34.09732666015625,6842,0.015704703517258167,0.00029921664,-0.37630030512809753,0.2
0.0,-0.09977904579467338,1.6275929131855567e-06,265.27,0.0,-0.17384477737050955,0.0,-0.5,-0.42463785858675884,-0.16173756584693263,-1.9114811199591256e-08,-0.00515605828672113,-0.04890620867463243,-1.079204350145205,-6.701237149456425e-05,0.0,-0.34589443081458227,-0.01761430504466359,-0.5683696537223769,172,26.969920000000002,4494,0.0,705,0.0,0.005969540562890045,-0.0004922680440953048,-1.4978600571158256,-0.14140353977684078,-0.06860336632205168,0.01,-0.12405016886847527,0.6469794560000001,3170304,-166.28906967,0.0131328,-0.7009813497183625,-0.022524817683734,0.25538330078125,1.0033555030822754,-3.0473222732543945,0.027602592,-34.09260635375976,6846,0.011695121321827174,0.00029921203199999996,-0.381411612033844,0.2
0.0,-0.0998156734696799,0.0,265.24,0.0,-0.1909198491157645,0.0,-0.5,-0.5079510853691126,-0.13474892799341534,-2.0188886071358615e-08,-0.005160136288426817,-0.06054574756881978,-1.1221270320769094,-6.75421472259197e-05,0.0,-0.3461218270527454,-0.021715412950286908,-0.5806443572209932,173,26.98144,4494,0.0,709,0.0,0.007888500161375857,-0.0004980804775016328,-1.502865930403684,-0.1417152636852962,-0.10798702291212947,0.01,-0.14197534032572462,0.646961792,3188736,-166.28466993,0.0132096,-0.7060606434691404,-0.025019217061344533,0.24976806640625,1.0029828548431396,-2.513345241546631,0.026807547,-34.08879489898682,6850,0.007321252021938562,0.000299207424,-0.3796253800392151,0.2
0.0,-0.09954271067416075,0.0,244.59,0.0,-0.1743599937937956,0.0,-0.5,-0.44100827733464043,-0.11955704217770188,-2.018659934102987e-08,-0.005199570806165451,-0.04303553841042658,-1.0228395740528304,-6.831199444327059e-05,0.0,-0.347493610380724,-0.017073840318995562,-0.5439504839283981,174,26.99296,4494,0.0,713,0.0,0.006495439602075985,-0.0004967567751777208,-1.4872906850156875,-0.14068187539250018,-0.054029793404145585,0.01,-0.12255161209712694,0.646944128,3207168,-161.12055292000002,0.0132864,-0.7104300125255611,-0.023218721128068866,0.250927734375,1.0032002925872803,-3.248262882232666,0.026012033,-34.08960590362549,6854,0.008793824841268361,0.000299202816,-0.38139358162879944,0.2
0.0,-0.0997908796980441,0.0,263.39,0.0,-0.16065835964658023,0.0,-0.5,-0.4168559470182008,-0.1487532401095248,-1.951167794214099e-08,-0.005237884074113855,-0.0724081352308569,-1.0077916368192108,-6.796859785508693e-05,0.0,-0.3443755526106678,-0.015043719089215738,-0.560569395381593,175,27.00448,4493,0.0,717,0.0,0.0065889358344580085,-0.0004984848401284989,-1.4952338618411791,-0.13975809949148488,-0.15474601666921534,0.01,-0.11501091164869291,0.646926464,3225600,-165.80945915,0.0133632,-0.7033998108241633,-0.023161076148971914,0.23929443359375,1.0031497478485107,-3.276193618774414,0.027704453,-34.090081214904785,6858,0.010710212076082826,0.000299198208,-0.3793526887893677,0.2
0.0,-0.09953065448208859,0.0,265.9,0.0,-0.17945629972474483,0.0,-0.5,-0.4759571490912669,-0.13055025095915576,-1.9517364627147964e-08,-0.005166649879969882,-0.04669358642597668,-1.1144353849440471,-6.872034226484511e-05,0.0,-0.3476764402415767,-0.02123693009585058,-0.5554715037996641,176,27.016,4493,0.0,721,0.0,0.008393005574245096,-0.0005007501326566898,-1.5157973748506564,-0.1410106995566386,-0.0849249746463719,0.01,-0.13377991469005635,0.6469088000000001,3244032,-166.44305279,0.01344,-0.715158800839658,-0.02057855932507664,0.2729736328125,1.0029938220977783,-0.9234877824783325,0.02970182,-34.08746395111084,6862,0.017466265056282283,0.0002991936,-0.37458905577659607,0.2
0.0,-0.09892621395535967,3.2551858263711133e-06,262.2,0.0,-0.17554705948017219,0.0,-0.5,-0.4708103166874187,-0.12602063260176996,-2.264255986117679e-08,-0.005437869824435696,-0.04121217112764885,-1.0289535420081442,-7.207621261082442e-05,0.0,-0.3570876196694999,-0.022177053927058304,-0.5418594691093785,177,27.02752,4493,0.0,726,0.0,0.009915192315816578,-0.0005219216132741932,-1.4621116158303924,-0.14286616698057306,-0.04048151288261257,0.01,-0.13810255446193262,0.646891136,3262464,-165.52168529,0.0135168,-0.6956202395101718,-0.024079727241769433,0.2554931640625,1.0033706426620483,-2.6033108234405518,0.029007763,-34.093326568603516,6866,0.007709025801159441,0.000299188992,-0.3816203474998474,0.2
0.0,-0.0995658863752015,0.0,255.13,0.0,-0.16931981483874103,0.0,-0.5,-0.42764751683702706,-0.14944726513284776,-1.9720815294140945e-08,-0.005389859413830059,-0.04395425420913199,-1.090586598329918,-7.059199910119377e-05,0.0,-0.3528009912468737,-0.01988234281566817,-0.548018110316451,178,27.03904,4493,0.0,730,0.0,0.007670932130206146,-0.0005193062888563097,-1.4893715838858244,-0.14344587126171582,-0.03549453566261321,0.01,-0.1276882989479857,0.646873472,3280896,-163.7582872,0.0135936,-0.7092112918011068,-0.02153635574504733,0.26610107421875,1.0030226707458496,-3.7319164276123047,0.029413963,-34.08806838989258,6870,0.012955035455524922,0.000299184384,-0.3774007260799408,0.2
0.0,-0.10025867320792024,1.6275929131855567e-06,266.71,0.0,-0.1767162030746802,0.0,-0.5,-0.42978065170503416,-0.15573075805958878,-1.970025703193463e-08,-0.005272603069626369,-0.05956050783219497,-1.1270705518757318,-7.136451451813104e-05,0.0,-0.329149019392194,-0.020633532356870564,-0.5865645317807967,179,27.05056,4493,0.0,734,0.0,0.008295268612229106,-0.0005173516951402395,-1.5097049301495786,-0.13916148718617688,-0.10731259505775598,0.01,-0.1432162437964677,0.646855808,3299328,-166.65674653000002,0.0136704,-0.695648334804712,-0.02261392755317502,0.25780029296875,1.0032589435577393,-3.627138614654541,0.029935041,-34.0905481338501,6874,0.00789693973492831,0.000299179776,-0.381830632686615,0.2
0.0,-0.0996472065568527,0.0,266.39,0.0,-0.1641945364730204,0.0,-0.5,-0.43297447348620693,-0.13371635459770914,-2.1066172638411207e-08,-0.005536830485001024,-0.04885432945902603,-1.0283257566953976,-7.227313365522606e-05,0.0,-0.34674479754201726,-0.019932493008586287,-0.5647491281969224,180,27.06208,4493,0.0,738,0.0,0.009853256901203169,-0.0005272926876696267,-1.4785751767817588,-0.1399386289461564,-0.06383307474603023,0.01,-0.13629988717766278,0.6468381440000001,3317760,-166.57499423000002,0.0137472,-0.686838998953531,-0.022181071736849845,0.26943359375,1.0034421682357788,-1.7189702987670898,0.030820265,-34.094042205810545,6878,0.010663159098476172,0.000299175168,-0.3807230591773987,0.2
0.0,-0.10001410163346876,0.0,257.02,0.0,-0.16693189726494992,0.0,-0.5,-0.4120158435048911,-0.12359536430287538,-1.8896863422796055e-08,-0.005391615849761358,-0.04685097103932339,-1.0448242799224647,-7.053899447291018e-05,0.0,-0.3410753394493095,-0.016705423993677016,-0.5411596230486548,181,27.0736,4493,0.0,742,0.0,0.007767498029016319,-0.0005156468362171834,-1.5009683673985161,-0.13808150353674628,-0.07698565231334314,0.01,-0.12420479722053798,0.64682048,3336192,-164.23376575999998,0.013824,-0.698849108867425,-0.023850451526232063,0.26160888671875,1.0033700466156006,-2.8247199058532715,0.029669886,-34.09458999633789,6882,0.010758552700281143,0.00029917056,-0.38046860694885254,0.2
0.0,-0.10000936488360458,1.085058708364765e-06,264.13,0.0,-0.17807562971473817,0.0,-0.5,-0.4015735722746896,-0.15678231068886817,-1.9708114492833895e-08,-0.005401887439563358,-0.04973185355838058,-1.1712295512961965,-7.1558767617958e-05,0.0,-0.3482993120157093,-0.015322512201851012,-0.5960740026674887,182,27.08512,4493,0.0,746,0.0,0.004969221940336691,-0.0005229820573153951,-1.5207518924368773,-0.1420392394617653,-0.08304295807196153,0.01,-0.12794305169901293,0.646802816,3354624,-166.00689629999997,0.0139008,-0.7192800199910565,-0.020307447528466582,0.25927734375,1.0033135414123535,-1.534299612045288,0.027406666,-34.08809394836426,6886,0.012409426737576723,0.000299165952,-0.3727627396583557,0.2
0.0,-0.10041304077523747,0.0,277.9,0.0,-0.17563475334865772,0.0,-0.5,-0.4577823340484616,-0.14113781395200123,-1.81977551304055e-08,-0.005216317805251988,-0.052079606428672306,-1.0254227155277398,-6.766277822261985e-05,0.0,-0.33031122419959263,-0.016030457517112927,-0.5514110002164134,183,27.09664,4493,0.0,750,0.0,0.004882548719364112,-0.0004981462164076053,-1.5181292748587916,-0.138973132246495,-0.09691730268555905,0.01,-0.11728966383560104,0.646785152,3373056,-169.44583018999998,0.0139776,-0.7232795508091638,-0.02229744668584317,0.271728515625,1.0034645795822144,-2.5373330116271973,0.030551698,-34.09541568756104,6890,0.008692378364503383,0.00029916134399999997,-0.3798225522041321,0.2
0.0,-0.10053629332046896,0.0,270.49,0.0,-0.1694566131080505,0.0,-0.5,-0.48410430940934224,-0.14519135106335548,-1.6446092566312067e-08,-0.0052887415612635665,-0.06207764221934896,-0.9336483965600553,-6.796301788277766e-05,0.0,-0.3267842275578965,-0.01527428009176151,-0.5765225619948395,184,27.108159999999998,4493,0.0,754,0.0,0.006650289353546869,-0.0005125977414374698,-1.507503988279434,-0.13752030279646463,-0.1403173515154745,0.01,-0.11187535873282978,0.6467674880000001,3391488,-167.5999804,0.0140544,-0.7163285398691017,-0.020314122864510863,0.283349609375,1.0029376745224,-1.486389398574829,0.029828575,-34.08669910430908,6894,0.013831724599003791,0.00029915673599999995,-0.3756806254386902,0.2
0.0,-0.1003409824417208,0.0,264.24,0.0,-0.16943812746103543,0.0,-0.5,-0.4550347595522016,-0.15455426948998743,-1.8704678678193126e-08,-0.005310023008127582,-0.04808920173500905,-1.092831021975679,-6.903380763832151e-05,0.0,-0.32636203687783083,-0.01718243905404748,-0.5849807124793157,185,27.11968,4493,0.0,758,0.0,0.005592843906844684,-0.0005131439066585167,-1.50828701943963,-0.1391911278762799,-0.08285068719430427,0.01,-0.11976155165945561,0.646749824,3409920,-166.03500437,0.0141312,-0.7163688321946906,-0.022388149495236577,0.2739990234375,1.002960205078125,-2.1285274028778076,0.028439436,-34.08911838531494,6898,0.007736666616983712,0.000299152128,-0.38305845856666565,0.2
0.0,-0.09960795713977827,0.0,258.55,0.0,-0.17776524537800403,0.0,-0.5,-0.4283387900528961,-0.13903236930006338,-1.9433757686449605e-08,-0.005608958953332348,-0.04669315187517752,-1.1586121063160801,-7.283529444832667e-05,0.0,-0.357833339602824,-0.018835370594462678,-0.5606637353387629,186,27.1312,4492,0.0,763,0.0,0.007248332333029081,-0.0005363575895646229,-1.495074028353792,-0.14088858855906594,-0.05852349228390785,0.01,-0.12885101193732515,0.64673216,3428352,-164.61570635,0.014208,-0.7123258007382167,-0.022385622840374708,0.24923095703125,1.0029114484786987,-3.1021742820739746,0.02520223,-34.08714256286621,6902,0.006929013878107071,0.00029914751999999997,-0.3810577690601349,0.2
0.0,-0.10043178032484162,0.0,264.07,0.0,-0.17023515354306415,0.0,-0.5,-0.4494718714023656,-0.1361029506175934,-1.7316808195802357e-08,-0.005375841216930932,-0.04828052840106492,-1.003551558131312,-6.98852520799847e-05,0.0,-0.3274771427851901,-0.017498060084580557,-0.5466514033262222,187,27.14272,4492,0.0,767,0.0,0.005621258412028483,-0.0005181319777539417,-1.5132436760669732,-0.13745289631792512,-0.12330260375625451,0.01,-0.12028359417084464,0.646714496,3446784,-165.98228466,0.0142848,-0.7267428229547545,-0.02297343881800771,0.25413818359375,1.0029157400131226,-2.8646469116210938,0.027894622,-34.0866340637207,6906,0.006527042970992625,0.000299142912,-0.3816394805908203,0.2
0.0,-0.10002290157270144,0.0,267.93,0.0,-0.18718233424100517,0.0,-0.5,-0.43665533183679545,-0.15011566452772562,-1.935007683826364e-08,-0.005536341902126181,-0.0478833616708152,-1.117771333981556,-7.321453787304372e-05,0.0,-0.36780747554072196,-0.015494913126511032,-0.5479546957330542,188,27.15424,4492,0.0,771,0.0,0.0048485972356629116,-0.0005351255158289378,-1.5098220733452483,-0.14075720956616722,-0.07915352099690938,0.01,-0.11690883320247007,0.646696832,3465216,-166.94457209999996,0.0143616,-0.7151126603289693,-0.015476183360442519,0.24796142578125,1.003544807434082,-0.2990161180496216,0.027384693,-34.090541458129884,6910,0.026867904514074326,0.000299138304,-0.35814130306243896,0.2
0.0,-0.10051000872802568,0.0,268.72,0.0,-0.17097195458040104,0.0,-0.5,-0.4553280381204461,-0.1602225335728791,-1.6937072609246342e-08,-0.005309635430820316,-0.06125481212412465,-1.0022302879454257,-6.752095694261778e-05,0.0,-0.328933032918838,-0.013752475175886104,-0.5434944673291384,189,27.16576,4492,0.0,775,0.0,0.004786898029683066,-0.000508489166439799,-1.513084863751839,-0.13655762651870995,-0.17935703386185534,0.01,-0.10443599823736854,0.646679168,3483648,-167.15390856,0.0144384,-0.7185441959364428,-0.022892964677885173,0.24754638671875,1.0032627582550049,-0.9138834476470947,0.024352193,-34.09257907867432,6914,0.010807504947297274,0.00029913369599999997,-0.3803379535675049,0.2
0.0,-0.10040012682922161,0.0,274.63,0.0,-0.17551779878589763,0.0,-0.5,-0.48420143874903954,-0.12236923238055573,-1.849028339469756e-08,-0.005496320869680388,-0.05458650065045743,-1.0304413316029375,-7.11721489504779e-05,0.0,-0.327943166999648,-0.017569433388372357,-0.5533154630980455,190,27.17728,4492,0.0,779,0.0,0.0067504920569977644,-0.0005253010590596738,-1.518669002968225,-0.13764330596764507,-0.118148856554225,0.01,-0.11941254014453342,0.646661504,3502080,-168.63633296000003,0.0145152,-0.7163205845779635,-0.020330383320106192,0.27066650390625,1.0028469562530518,-1.3591792583465576,0.02867717,-34.08729076385498,6918,0.007493445766158402,0.000299129088,-0.3762540817260742,0.2
0.0,-0.100169389079353,0.0,258.6,0.0,-0.1816173925223222,0.0,-0.5,-0.514556474041908,-0.13295462340789121,-1.89693516028253e-08,-0.005766169494696186,-0.04543384931318314,-1.1376551737750407,-7.338119587803608e-05,0.0,-0.3545007690119053,-0.022793506790747934,-0.5643018337079182,191,27.1888,4492,0.0,783,0.0,0.006415488837702749,-0.0005465071460086299,-1.5133699919718266,-0.13784517856992634,-0.07664257931050245,0.01,-0.13197591273969517,0.64664384,3520512,-164.62263532,0.014592,-0.713358569536878,-0.023137838672846557,0.26649169921875,1.0030467510223389,-2.3056628704071045,0.027205933,-34.08838005065918,6922,0.008364535053260624,0.00029912448,-0.3785616457462311,0.2
0.0,-0.1000965473321785,0.0,262.82,0.0,-0.17515537568846765,0.0,-0.5,-0.4835550620697134,-0.13656328757416406,-1.940173927803979e-08,-0.005663332770381637,-0.046879911382235954,-1.0644660339561285,-7.146955183968116e-05,0.0,-0.33351006238457903,-0.018724607604033924,-0.5624120958301275,192,27.20032,4492,0.0,787,0.0,0.006840664363159366,-0.0005364752334933496,-1.5054353946808252,-0.14075904454874544,-0.08360838872726406,0.01,-0.12733877021477508,0.646626176,3538944,-165.67796855,0.0146688,-0.7176255195356491,-0.021848250553011893,0.25118408203125,1.0024805068969727,-2.1875224113464355,0.026677703,-34.08257541656494,6926,0.006574822240509093,0.000299119872,-0.3799779415130615,0.2
0.0,-0.10022194052334442,0.0,264.61,0.0,-0.1806686490822737,0.0,-0.5,-0.4709784752164057,-0.1332964395227868,-1.9356944263955826e-08,-0.005782829123030163,-0.05688141837822632,-1.04259705239419,-7.330856476009767e-05,0.0,-0.35452540982742464,-0.01939770688448367,-0.588522806909219,193,27.21184,4492,0.0,791,0.0,0.006161934435439691,-0.0005510647024051992,-1.5066608786018765,-0.13709404906160527,-0.10937581805707136,0.01,-0.13191904438245083,0.646608512,3557376,-166.11971832999998,0.0147456,-0.7183211450948157,-0.020031437557190657,0.25843505859375,1.002863883972168,-1.462777853012085,0.03135779,-34.08464126586914,6930,0.007029349729418754,0.000299115264,-0.37631118297576904,0.2
0.0,-0.10016137006287795,0.0,263.0,0.0,-0.16607867370264293,0.0,-0.5,-0.4405461117526928,-0.13756738092504545,-1.746368610059665e-08,-0.00569626492502632,-0.05520291961983123,-0.9913158212485867,-7.514296810957934e-05,0.0,-0.33936313685068464,-0.013583362703610545,-0.5704153119056952,194,27.22336,4492,0.0,795,0.0,0.005111126161233124,-0.0005527127535510446,-1.5102692613792768,-0.13842633731962775,-0.12611255521987785,0.01,-0.11098607263818404,0.646590848,3575808,-165.71815316,0.0148224,-0.7126546517544939,-0.020650615403428673,0.2841796875,1.0032342672348022,-1.7792110443115234,0.0302863,-34.090236854553225,6934,0.009698518342338503,0.000299110656,-0.37660208344459534,0.2
0.0,-0.10056940318780785,0.0,267.96,0.0,-0.16816032614094406,0.0,-0.5,-0.4929765210158703,-0.1448600063773079,-1.7098584029209242e-08,-0.0057626598517773395,-0.05395150870671125,-0.9353899632041348,-7.38259014062869e-05,0.0,-0.3337152958636287,-0.01478807333365757,-0.5664366175935713,195,27.23488,4492,0.0,800,0.0,0.004541493553559795,-0.0005549396233339113,-1.506982887565184,-0.13783791085690136,-0.13021953485847457,0.01,-0.10496874802587847,0.646573184,3594240,-166.96509844999997,0.0148992,-0.7233751649793951,-0.021307418344076724,0.23072509765625,1.0031012296676636,-2.897866725921631,0.026693717,-34.088551902770995,6938,0.00810887929983437,0.00029910604799999996,-0.37834376096725464,0.2
0.0,-0.1007608553364902,0.0,275.41,0.0,-0.17368547679138274,0.0,-0.5,-0.46842067004965265,-0.16682666501340768,-1.6330651864917747e-08,-0.005713901440689314,-0.05719773457116836,-1.036994048174783,-7.332337118124256e-05,0.0,-0.3292510074183278,-0.015005126757074931,-0.5749645832173311,196,27.2464,4492,0.0,804,0.0,0.004719035538019379,-0.0005497677462154772,-1.5208919639149427,-0.13757671286529752,-0.14689644243894473,0.01,-0.10806015330332032,0.64655552,3612672,-168.82741673000004,0.014976,-0.7166549835416274,-0.02169847141485661,0.265283203125,1.003753423690796,-2.141369342803955,0.029413467,-34.09740524291992,6942,0.006747188000008464,0.00029910144,-0.37754449248313904,0.2
0.0,-0.10027238057787363,0.0,276.18,0.0,-0.17926611350403185,0.0,-0.5,-0.48230880623193934,-0.14692882008805302,-1.692536274886216e-08,-0.005734187379420098,-0.0581631267035726,-1.0222841241159961,-7.156039895478988e-05,0.0,-0.3250914416106989,-0.019329911042290628,-0.5902917839720005,197,27.25792,4492,0.0,808,0.0,0.006872603329032441,-0.0005473216716484672,-1.5085308405137112,-0.13877381547727505,-0.12632204359181687,0.01,-0.12573153936680367,0.646537856,3631104,-169.02428737999998,0.0150528,-0.7107528128060849,-0.023574756120797246,0.2407470703125,1.0029722452163696,-1.061941146850586,0.023218552,-34.08911018371582,6946,0.004661020427010954,0.000299096832,-0.3848932385444641,0.2
0.0,-0.10019319690412512,0.0,267.6,0.0,-0.17311832891004517,0.0,-0.5,-0.4684760871346661,-0.15120112315020784,-1.7610865342573993e-08,-0.005785328460530424,-0.03891319146111621,-1.1219340963785749,-7.56077637979565e-05,0.0,-0.33293005246960544,-0.01770902937004772,-0.5750016578245041,198,27.26944,4492,0.0,812,0.0,0.00470910315382245,-0.0005584847076418819,-1.514474254004659,-0.14090634399393345,-0.05554083082056783,0.01,-0.11750879429323992,0.646520192,3649536,-166.87419143,0.0151296,-0.7264978626304297,-0.02211311588762328,0.2519287109375,1.0025808811187744,-1.7505171298980713,0.024449954,-34.084054183959964,6950,0.0056462465086951855,0.00029909222399999996,-0.378305584192276,0.2
0.0,-0.10035131689387045,0.0,279.52,0.0,-0.16383659381308158,0.0,-0.5,-0.4855449791655585,-0.14838132614547955,-1.67255430570618e-08,-0.005646230301004125,-0.06957135541832415,-0.9577436629149138,-7.15565297549874e-05,0.0,-0.3181144862205713,-0.013640777461562092,-0.552730948926675,199,27.28096,4492,0.0,816,0.0,0.003915743846404028,-0.0005374733021640504,-1.5070049588479766,-0.134980211858869,-0.17998489463749606,0.01,-0.10522424142266076,0.6465025280000001,3667968,-169.85211898,0.0152064,-0.728078518301145,-0.02047048497479409,0.25498046875,1.003050684928894,-0.9669907093048096,0.02574673,-34.086981201171874,6954,0.006046571396291256,0.000299087616,-0.37432482838630676,0.2
0.0,-0.10026643051933605,2.1701271180063486e-06,267.09,0.0,-0.1679546598235249,0.0,-0.5,-0.5137019087555035,-0.13928126701082671,-1.737361086151722e-08,-0.005689123118663237,-0.061138617433345574,-0.898814397112997,-7.062335727402432e-05,0.0,-0.31459113064331046,-0.015407571546508684,-0.5525177032019039,200,27.29248,4491,0.0,820,0.0,0.005775710698434317,-0.0005345378698063895,-1.5188186380992672,-0.1371547224274192,-0.14724712282583824,0.01,-0.11265999510062454,0.646484864,3686400,-166.74767475000002,0.0152832,-0.7297155277419967,-0.017508387099951506,0.25606689453125,1.003052830696106,-3.379382610321045,0.025601009,-34.08968925476074,6958,0.0059019749285653235,0.000299083008,-0.3739555776119232,0.2
0.0,-0.09981876423437845,0.0,266.63,0.0,-0.1697112071177508,0.0,-0.5,-0.4623092529773955,-0.14956185642384096,-1.7868806767465545e-08,-0.005941514052717981,-0.05203881143824349,-0.9749328193383696,-7.700385741694186e-05,0.0,-0.3366039492358641,-0.013273153698629546,-0.5615421951143271,201,27.304000000000002,4491,0.0,824,0.0,0.0034225040673690563,-0.0005675111497614179,-1.499338750024771,-0.13934836377340426,-0.11819796548626568,0.01,-0.10126826536731048,0.6464672,3704832,-166.63785354999996,0.01536,-0.7262788711188277,-0.01969441338442266,0.2778564453125,1.0031499862670898,-2.139047145843506,0.02799561,-34.09072971343994,6962,0.007523656403645873,0.0002990784,-0.3807069957256317,0.2
0.0,-0.10052440229308485,0.0,271.05,0.0,-0.17555247120777345,0.0,-0.5,-0.45017259972819434,-0.15396642879932187,-1.640199438086179e-08,-0.00587826933774513,-0.04984441874259328,-1.0257495265253633,-7.674363544003366e-05,0.0,-0.3307938330580868,-0.014281439011458251,-0.5994959032463986,202,27.31552,4491,0.0,828,0.0,0.0046915797569769295,-0.0005759983494566709,-1.5173889430172496,-0.13671442799452824,-0.08434763607924597,0.01,-0.11762859654859582,0.646449536,3723264,-167.73952956000002,0.0154368,-0.731134366427137,-0.022232656134292483,0.25819091796875,1.003698706626892,-2.5362472534179688,0.026151046,-34.09472579956055,6966,0.005411090957932174,0.000299073792,-0.37878021597862244,0.2
0.0,-0.10010613935469712,0.0,261.01,0.0,-0.170493779449867,0.0,-0.5,-0.467008294341112,-0.15458098543361606,-1.687321924068164e-08,-0.006019936768145026,-0.047283237806310205,-0.9558143642506569,-7.450349338636455e-05,0.0,-0.34597344822815757,-0.009950188653459369,-0.5957144402271167,203,27.32704,4491,0.0,833,0.0,0.002638575894755064,-0.0005658894623428874,-1.5129023573357316,-0.1360968618402013,-0.11026200439058086,0.01,-0.0998819109161692,0.6464318720000001,3741696,-165.2278504,0.0155136,-0.7274717409316183,-0.022068430623039603,0.24302978515625,1.0037312507629395,-2.217519521713257,0.029009674,-34.09604034423828,6970,0.005974338995292783,0.000299069184,-0.38291263580322266,0.2
0.0,-0.10008950541124284,0.0,252.02,0.0,-0.16616727659921338,0.0,-0.5,-0.462287434206029,-0.1441446610891338,-1.7210840439848906e-08,-0.005904211200186516,-0.05237949097825925,-0.9227347121927263,-7.432655184818646e-05,0.0,-0.3210019624516265,-0.01333986730367145,-0.5900215338007853,204,27.33856,4491,0.0,837,0.0,0.004707637785345308,-0.0005626000019048796,-1.5091733386476165,-0.13683551916121048,-0.11324314201681049,0.01,-0.10764770151889559,0.646414208,3760128,-162.98106511,0.0155904,-0.7235311254901506,-0.0197636486729607,0.26484375,1.0034059286117554,-1.7132892608642578,0.027706083,-34.092872047424315,6974,0.006229085079394281,0.000299064576,-0.38038259744644165,0.2
0.0,-0.0999835679082038,0.0,258.55,0.0,-0.17669360930230815,0.0,-0.5,-0.4239053691788952,-0.14757591563749076,-1.6875375209024505e-08,-0.006077721037235181,-0.056951750784289,-1.0170610754195206,-7.599412582433023e-05,0.0,-0.35050847546724,-0.01209138284688658,-0.5596402777244195,205,27.35008,4491,0.0,841,0.0,0.004899379343208493,-0.000571360053141968,-1.510819251823866,-0.13889624500107248,-0.134564382196981,0.01,-0.10730877527433928,0.646396544,3778560,-164.6103949,0.0156672,-0.7252308105549665,-0.018465184303931893,0.24913330078125,1.0035552978515625,-1.6071088314056396,0.026120156,-34.093292999267575,6978,0.008264067745767534,0.000299059968,-0.37472787499427795,0.2
0.0,-0.10015147154396481,0.0,269.11,0.0,-0.17814510274024667,0.0,-0.5,-0.4181934454952439,-0.16569873499328322,-1.6901216705451635e-08,-0.006064093376172645,-0.0499922408957092,-1.01682082014838,-7.765219523775273e-05,0.0,-0.3460409521799717,-0.009679035672114809,-0.5646686702956136,206,27.3616,4491,0.0,845,0.0,0.0018233563984923356,-0.0005810990158140783,-1.5148975028545042,-0.138268058607767,-0.10846964242272537,0.01,-0.10056740877337025,0.64637888,3796992,-167.25445066,0.015744,-0.7270790600040933,-0.021805263962596654,0.27855224609375,1.0035017728805542,-1.4148435592651367,0.02965996,-34.096169090271,6982,0.004217389656696468,0.00029905536,-0.3841744363307953,0.2
0.0,-0.10031243385909097,0.0,263.26,0.0,-0.1746202248530851,0.0,-0.5,-0.4465452806284342,-0.14344046008934835,-1.7823610308471674e-08,-0.006181118671468261,-0.05386504495509902,-0.9866054404951614,-7.722216405088288e-05,0.0,-0.3503102800897963,-0.013150573171371938,-0.5744153640383567,207,27.37312,4491,0.0,849,0.0,0.003612072583736463,-0.000587224540013534,-1.5049734231127023,-0.1378953168026361,-0.11662886085493285,0.01,-0.11359378395217765,0.6463612160000001,3815424,-165.79178208999997,0.0158208,-0.7183332282312327,-0.020220902049914002,0.2703857421875,1.0030889511108398,-2.0327517986297607,0.024304572,-34.08926639556885,6986,0.004039321432355791,0.000299050752,-0.3799336552619934,0.2
0.0,-0.09997794520595682,0.0,250.54,0.0,-0.17606197691094783,0.0,-0.5,-0.44346710740738066,-0.13211016332691847,-1.6666383210024928e-08,-0.006190901236414105,-0.037480399930323496,-0.9932850546103198,-7.854230315518719e-05,0.0,-0.34364923069641623,-0.011271407819497693,-0.5815958280591742,208,27.38464,4491,0.0,853,0.0,0.0031100779637671604,-0.0005885678875505786,-1.5170409348421134,-0.1398840351211478,-0.065043699155936,0.01,-0.10767264748445862,0.646343552,3833856,-162.61326163,0.0158976,-0.7239095372815357,-0.022113219718448818,0.2731689453125,1.0031964778900146,-1.515817642211914,0.027304199,-34.09103088378906,6990,0.004794761200901121,0.000299046144,-0.37854090332984924,0.2
0.0,-0.09998626746341893,0.0,260.3,0.0,-0.1742548679722293,0.0,-0.5,-0.4465799982376439,-0.14012638478824455,-1.9014901582023456e-08,-0.006176923003617391,-0.05194483240551063,-1.0738360597220815,-7.808201697118654e-05,0.0,-0.34003846231891627,-0.013912300936818854,-0.5500902919017348,209,27.396160000000002,4491,0.0,857,0.0,0.003558544461197108,-0.0005811503353472234,-1.5161346280787393,-0.14010434223711138,-0.11709275876191258,0.01,-0.11573247051730687,0.646325888,3852288,-165.05467016999998,0.0159744,-0.7240974140823425,-0.021042779937852175,0.2645263671875,1.0028645992279053,-1.3873262405395508,0.028828125,-34.088081169128415,6994,0.006575065152719617,0.00029904153599999997,-0.375008225440979,0.2
0.0,-0.10006164377894883,0.0,262.62,0.0,-0.17194607105493082,0.0,-0.5,-0.5172779225586157,-0.1465935330957614,-1.8514903541975758e-08,-0.0061827502125277566,-0.061300496442831726,-0.948179458035638,-7.817356584496177e-05,0.0,-0.33289716506128814,-0.016737704754437754,-0.6017451097484667,210,27.40768,4491,0.0,861,0.0,0.005477311728484747,-0.0005890833553616142,-1.5055684501017836,-0.13764769306282676,-0.14845789808133933,0.01,-0.12116418726113068,0.646308224,3870720,-165.6275694,0.0160512,-0.7247046360878335,-0.021363502216991036,0.24228515625,1.0031018257141113,-2.6417415142059326,0.026690591,-34.08836269378662,6998,0.004714984376914799,0.00029903692799999995,-0.3776869773864746,0.2
0.0,-0.10023473944742353,0.0,266.96,0.0,-0.1761255625393943,0.0,-0.5,-0.4495823348007483,-0.15133257678341275,-1.691611251182809e-08,-0.00630901914418898,-0.05913778790169518,-1.0144170001752557,-7.963222143844946e-05,0.0,-0.3416763862913142,-0.013706539141999138,-0.5751551870072762,211,27.4192,4491,0.0,865,0.0,0.005410799985715965,-0.0006010538940313359,-1.5150200518695813,-0.1396500464395152,-0.11774995632674395,0.01,-0.11262631503281978,0.6462905600000001,3889152,-166.70829623999998,0.016128,-0.727021411101371,-0.02372033924330026,0.24903564453125,1.002898097038269,-1.416130781173706,0.02675271,-34.088915252685545,7002,0.0050924839451909065,0.00029903232,-0.3831174671649933,0.2
0.0,-0.10038526359274093,0.0,272.56,0.0,-0.18112928549341867,0.0,-0.5,-0.43825691015463847,-0.15959212033905917,-1.7517641684518552e-08,-0.006322004895229553,-0.061568431259155926,-1.011958610842389,-8.18320153557108e-05,0.0,-0.3446093653977833,-0.013630899791623243,-0.5796837441392751,212,27.43072,4491,0.0,870,0.0,0.004368526191349511,-0.0006080803761690422,-1.5098936444385918,-0.138759750005847,-0.14215171600479623,0.01,-0.11001826955821169,0.646272896,3907584,-168.11543142,0.0162048,-0.7235506529208334,-0.021042072912678123,0.2515625,1.0031155347824097,-2.6548123359680176,0.030051887,-34.086577796936034,7006,0.007226664153859019,0.00029902771199999997,-0.37458014488220215,0.2
0.0,-0.10057990719348389,0.0,266.16,0.0,-0.17284653032111477,0.0,-0.5,-0.4620878471687587,-0.1444886256536443,-1.5429601886770653e-08,-0.006220183307927194,-0.064447648870076,-0.8904226701868385,-8.060760745316184e-05,0.0,-0.33856164365095914,-0.010267359083504178,-0.5898611171062552,213,27.442239999999998,4491,0.0,874,0.0,0.0038781059930353334,-0.0006029532343066028,-1.520533656679915,-0.13483734111590193,-0.1826746671947726,0.01,-0.09274133370586746,0.646255232,3926016,-166.52066021,0.0162816,-0.7315358618121306,-0.020092973159626125,0.25496826171875,1.0034019947052002,-3.0457911491394043,0.026310802,-34.09324398040771,7010,0.005119084240868687,0.000299023104,-0.37678441405296326,0.2
0.0,-0.10030255749379909,0.0,267.19,0.0,-0.1784221230514568,0.0,-0.5,-0.5369778809331059,-0.13301593087413088,-1.6849509548551696e-08,-0.006319954547108989,-0.05406329758932675,-0.8892573831371158,-8.128013090751079e-05,0.0,-0.3353168772330699,-0.01534655196261495,-0.5791058048429484,214,27.45376,4490,0.0,878,0.0,0.006674312892096284,-0.0006084537511619544,-1.505978214838625,-0.13770287437044337,-0.13296170560316461,0.01,-0.11338476869680043,0.646237568,3944448,-166.77861844999998,0.0163584,-0.7182363324249077,-0.021816892648348584,0.25426025390625,1.0029566287994385,-0.7136976718902588,0.02780588,-34.08960494995117,7014,0.003986026102211326,0.000299018496,-0.37842756509780884,0.2
0.0,-0.10078435781444449,0.0,270.12,0.0,-0.1667298618736136,0.0,-0.5,-0.3943435177531918,-0.1570873658509097,-1.6233147508198488e-08,-0.006296692425194384,-0.0628529591076879,-1.0462168610029168,-8.31147012314349e-05,0.0,-0.317778660377664,-0.011772276121134139,-0.6014468234790462,215,27.46528,4490,0.0,882,0.0,0.0030939522453582754,-0.0006177092713842906,-1.523751926277378,-0.13606302822141292,-0.14811959000992628,0.01,-0.10496598281405672,0.6462199040000001,3962880,-167.50755227999997,0.0164352,-0.728562796553388,-0.022886057593859734,0.2514404296875,1.0028676986694336,-1.9201691150665283,0.02702561,-34.085929489135744,7018,0.005267786793410778,0.00029901388799999997,-0.38088539242744446,0.2
0.0,-0.1003165772920756,0.0,268.62,0.0,-0.18112231569841775,0.0,-0.5,-0.44403436134634855,-0.149638085904169,-1.5931931925561277e-08,-0.00638659626184224,-0.06263949683706514,-0.9907034160898477,-8.314409423685667e-05,0.0,-0.34371301373320495,-0.0119970563727931,-0.6433720957473175,216,27.4768,4490,0.0,886,0.0,0.004007834340051437,-0.000622044821362182,-1.5183695180541543,-0.1364615635512947,-0.15524161949265988,0.01,-0.10724026217572857,0.64620224,3981312,-167.13428093,0.016512,-0.7373516037406987,-0.021728223538957536,0.26041259765625,1.0026590824127197,-1.2491140365600586,0.02826729,-34.085300827026366,7022,0.0024824859166983513,0.00029900928,-0.387378066778183,0.2
0.0,-0.10032393005609569,1.0308140190318227e-05,272.01,0.0,-0.16968380847092987,0.0,-0.5,-0.458353719743354,-0.14909366109673605,-1.6340588653277706e-08,-0.006384531012404317,-0.07570745409718027,-0.8165828836021547,-8.217992458044877e-05,0.0,-0.3286908830704001,-0.008505084129222741,-0.6266224009907779,217,27.48832,4490,0.0,890,0.0,0.003984095825952845,-0.0006165854304337025,-1.5081086015505893,-0.13500657342954106,-0.22043998459727113,0.01,-0.09372724241754488,0.646184576,3999744,-167.98273007,0.0165888,-0.7303471500248642,-0.021920518612023442,0.2392333984375,1.00246000289917,-1.6378977298736572,0.02418676,-34.08079166412354,7026,0.0034533438039943574,0.000299004672,-0.3812737464904785,0.2
0.0,-0.10047059639686563,0.0,280.41,0.0,-0.15791414763181982,0.0,-0.5,-0.503262662005723,-0.14840749522328325,-1.543897576378815e-08,-0.006170501422310654,-0.0842615038044962,-0.7527927914367338,-8.205746541291526e-05,0.0,-0.30511503184977523,-0.012234037996082834,-0.6147455937957557,218,27.49984,4490,0.0,894,0.0,0.005808168016504172,-0.0006123903222980876,-1.504854786390898,-0.1364228910696554,-0.2457247835529157,0.01,-0.09483085204169234,0.646166912,4018176,-170.08349525999998,0.0166656,-0.72573065674368,-0.022130726859904824,0.24786376953125,1.0025408267974854,-1.9353415966033936,0.026560191,-34.08314399719238,7030,0.005339720612391829,0.000299000064,-0.38123777508735657,0.2
0.0,-0.100288689258686,0.0,263.12,0.0,-0.1668411229027332,0.0,-0.5,-0.4889391380209711,-0.13318887357147308,-1.7611456787062662e-08,-0.006468265047418003,-0.06886816172686809,-0.8000705791364063,-8.551385224016969e-05,0.0,-0.33122567856782825,-0.011654945980442928,-0.6331750974760086,219,27.51136,4490,0.0,898,0.0,0.004354569744398367,-0.0006298151106070016,-1.5008510200248428,-0.1364699654487492,-0.20803967937137205,0.01,-0.0973316170685872,0.6461492480000001,4036608,-165.75397731,0.0167424,-0.7254547735701631,-0.02156498674303293,0.27193603515625,1.0026323795318604,-1.7215278148651123,0.028406551,-34.08390712738037,7034,0.00361362713156268,0.000298995456,-0.3790666460990906,0.2
0.0,-0.10023940724058361,0.0,265.6,0.0,-0.17018201785621742,0.0,-0.5,-0.40163074643450536,-0.1604768468775243,-1.652916656061832e-08,-0.006548011968042444,-0.05441153280724601,-1.0716259930966203,-8.517916757711547e-05,0.0,-0.33094424591800087,-0.012094433288012641,-0.6244578429060047,220,27.52288,4490,0.0,903,0.0,0.0027746035694007783,-0.0006297101967569325,-1.5171759719570865,-0.1387787757545034,-0.10414246924408296,0.01,-0.10254335425702618,0.646131584,4055040,-166.37736424000002,0.0168192,-0.7313863274253037,-0.018625032488489523,0.23734130859375,1.0032416582107544,-2.1311144828796387,0.025340572,-34.09020309448242,7038,0.0062906413222663105,0.000298990848,-0.3762415051460266,0.2
0.0,-0.10068963124565994,0.0,269.18,0.0,-0.18125922506051484,0.0,-0.5,-0.41596521276885295,-0.15194266274920665,-1.623723344180445e-08,-0.006533957138803765,-0.06993433213560182,-0.9917535000991724,-8.46512244805806e-05,0.0,-0.3339972117955334,-0.012728170697101214,-0.6117514181795715,221,27.5344,4490,0.0,907,0.0,0.004705153769090336,-0.000627933008843475,-1.504601606650149,-0.13509293381128493,-0.16443117606369181,0.01,-0.11078745331255765,0.64611392,4073472,-167.26993017,0.016896,-0.7140098826548262,-0.0190440708771348,0.24471435546875,1.0033856630325317,-1.4554789066314697,0.026370382,-34.092237281799314,7042,0.003862273145932704,0.00029898624,-0.3724741041660309,0.2
0.0,-0.10050722964587962,0.0,269.31,0.0,-0.17524708372761424,0.0,-0.5,-0.41379789253483457,-0.1583326071170935,-1.646243714659448e-08,-0.006611009966579151,-0.07010390201543044,-0.9527266105637207,-8.657809218751099e-05,0.0,-0.3268009675887999,-0.010406705716201586,-0.6431017369685503,222,27.54592,4490,0.0,911,0.0,0.003346175716638464,-0.0006403317798543168,-1.5145031065870036,-0.13586946113347098,-0.17208357016748366,0.01,-0.10653597031027263,0.646096256,4091904,-167.30134884,0.0169728,-0.735443073089456,-0.022836121264845133,0.248876953125,1.0033578872680664,-1.6259047985076904,0.026084056,-34.092491912841794,7046,0.0037259594188071786,0.000298981632,-0.3849088251590729,0.2
0.0,-0.10049994768853773,0.0,279.42,0.0,-0.16316305927432373,0.0,-0.5,-0.44640751624354735,-0.16532548086898816,-1.5955272047673248e-08,-0.006484874485487542,-0.07055481421526619,-0.8583636735744089,-8.629064967091262e-05,0.0,-0.30971558554629536,-0.012266285642797966,-0.6379328286617371,223,27.55744,4490,0.0,915,0.0,0.004335597485800354,-0.0006299786679089397,-1.5060497126999908,-0.13521285192362525,-0.2001345855176072,0.01,-0.09625067793312848,0.6460785920000001,4110336,-169.83029777000004,0.0170496,-0.7240065139718428,-0.02172856219112873,0.24830322265625,1.0031113624572754,-1.5351672172546387,0.028628325,-34.09029979705811,7050,0.0038838283740915357,0.000298977024,-0.37882092595100403,0.2
0.0,-0.09986735156476766,0.0,271.77,0.0,-0.15589622867995495,0.0,-0.5,-0.48633244127237585,-0.1537606932720842,-1.686223563634069e-08,-0.006580517011747971,-0.08927218752011405,-0.7346592267454539,-8.447163996289206e-05,0.0,-0.30825361486778313,-0.010293001256773448,-0.6058933602964915,224,27.56896,4490,0.0,919,0.0,0.00463905208341911,-0.0006247662846495228,-1.4970249698471936,-0.13501613849376498,-0.2805992123873071,0.01,-0.0903150086155345,0.646060928,4128768,-167.91528388999998,0.0171264,-0.7207827754423577,-0.020859742385800926,0.254541015625,1.0029101371765137,-1.920374870300293,0.024652448,-34.08670310974121,7054,0.0038998798467218877,0.00029897241599999996,-0.3762407898902893,0.2
0.0,-0.10016302357976835,0.0,270.24,0.0,-0.16930051904843865,0.0,-0.5,-0.4978556955255299,-0.13876641111791185,-1.6804132696756384e-08,-0.006564048086165356,-0.07727932969747042,-0.8227895420582634,-8.535283210042855e-05,0.0,-0.3243899417945665,-0.012769277157007387,-0.6209521547302546,225,27.58048,4490,0.0,923,0.0,0.006561614520269272,-0.0006317143375248529,-1.499856672063646,-0.13411762995345242,-0.21798264569062675,0.01,-0.10606989866352605,0.646043264,4147200,-167.53701431000002,0.0172032,-0.7180015248324589,-0.021476066764444114,0.241650390625,1.0028283596038818,-2.123030424118042,0.025752079,-34.08558406829834,7058,0.004902673978358507,0.000298967808,-0.3780299127101898,0.2
0.0,-0.1003022904465675,0.0,273.28,0.0,-0.1637666346687523,0.0,-0.5,-0.40501983961921634,-0.1790638006431335,-1.6824797221258593e-08,-0.00657932132120684,-0.0768088450080251,-1.0101860494560913,-8.859523557070158e-05,0.0,-0.319769491924607,-0.01257111348750159,-0.6073216612509276,226,27.592,4490,0.0,927,0.0,0.0028759345163569725,-0.0006454332915735759,-1.4972691622721743,-0.13618474635407937,-0.21911374307786888,0.01,-0.10540623003608844,0.6460256,4165632,-168.28830695,0.01728,-0.7254920871439539,-0.02138613648712635,0.25440673828125,1.0028324127197266,-1.9284629821777344,0.025715819,-34.086985397338864,7062,0.0047983060241676865,0.0002989632,-0.3793140649795532,0.2
0.0,-0.10021361299797722,0.0,280.34,0.0,-0.16662269777692204,0.0,-0.5,-0.43224458617475475,-0.14729774528758652,-1.6501159362642453e-08,-0.006591574341712315,-0.07768781463953095,-0.8992412081872774,-8.639002584890928e-05,0.0,-0.32386938555651434,-0.011118425193996981,-0.6440539569041666,227,27.60352,4490,0.0,931,0.0,0.0035781740397952846,-0.0006387481344672894,-1.502216208929093,-0.13364854881739338,-0.2029765976737925,0.01,-0.09976155325184463,0.6460079360000001,4184064,-170.05446176,0.0173568,-0.7244614188639544,-0.018943719286471605,0.26365966796875,1.0035356283187866,-2.89829683303833,0.029145326,-34.09191131591797,7066,0.0049056017422117295,0.00029895859199999996,-0.38032999634742737,0.2
0.0,-0.10018593078738387,0.0,271.85,0.0,-0.16558983375512715,0.0,-0.5,-0.44155467233629453,-0.14996131800904144,-1.5950026600034734e-08,-0.006593164542190385,-0.0786579079986817,-0.8495933062669914,-8.635095239078059e-05,0.0,-0.3157231965836442,-0.009554608880232556,-0.6213851149313284,228,27.61504,4490,0.0,935,0.0,0.004089608815587718,-0.000637714165878093,-1.4912185447238757,-0.13557335784666924,-0.24270151998373177,0.01,-0.09780993060497216,0.645990272,4202496,-167.93596147999997,0.0174336,-0.7211306543487281,-0.015656156628392637,0.28223876953125,1.0038056373596191,-2.0645763874053955,0.02965703,-34.0960412979126,7070,0.006559160421602428,0.000298953984,-0.37212279438972473,0.2
0.0,-0.10074518376692818,0.0,281.58,0.0,-0.1562748928502754,0.0,-0.5,-0.48440576561648957,-0.17051239483892763,-1.7028074536816215e-08,-0.00669584056097882,-0.1155534139434447,-0.7088463784733718,-8.704646141759161e-05,0.0,-0.29477635717016054,-0.011553402218819796,-0.621207789939652,229,27.62656,4489,0.0,940,0.0,0.005200756996667097,-0.000645686821173881,-1.488267207170484,-0.13339364198933676,-0.340573779830962,0.01,-0.09312554052596465,0.645972608,4220928,-170.37080466000003,0.0175104,-0.7099387155148817,-0.022950381541159005,0.2269775390625,1.003282070159912,-1.657128095626831,0.024322297,-34.09426078796387,7074,0.003144181310199201,0.000298949376,-0.3831801414489746,0.2
0.0,-0.10049842767782713,6.510400756572683e-06,283.39,0.0,-0.15431191908665856,0.0,-0.5,-0.4373247439544846,-0.15104778570983196,-1.622229901729751e-08,-0.006551480032701175,-0.0868585687492361,-0.7952322206185567,-8.743060576569068e-05,0.0,-0.301927060965791,-0.010334591477908463,-0.6093506936767711,230,27.63808,4489,0.0,944,0.0,0.0036326325346567926,-0.0006368522176256106,-1.4944897957285839,-0.13410399588304586,-0.26057760695514237,0.01,-0.09401308159787945,0.645954944,4239360,-170.82665815000001,0.0175872,-0.7210743920383531,-0.017285033175721765,0.25579833984375,1.0037829875946045,-2.7973239421844482,0.024574174,-34.094360542297366,7078,0.007480208994820714,0.000298944768,-0.37828558683395386,0.2
0.0,-0.10052980383645166,0.0,279.64,0.0,-0.1643696241734642,0.0,-0.5,-0.4294212562780274,-0.16003836410850958,-1.7019040146501533e-08,-0.006569964015361167,-0.10596767857014894,-0.8851778792374517,-8.694886777060347e-05,0.0,-0.3061416503832375,-0.01111572442039068,-0.6365026846008794,231,27.6496,4489,0.0,948,0.0,0.004450134330113381,-0.0006474217378873543,-1.4949715628038418,-0.13357461029084028,-0.32378910572788094,0.01,-0.10235700732921287,0.6459372800000001,4257792,-169.88495425000002,0.017664,-0.7216659616652388,-0.01848588613793254,0.2425537109375,1.0036122798919678,-2.7498435974121094,0.029594889,-34.095807266235354,7082,0.005317394924350083,0.00029894016,-0.37729451060295105,0.2
0.0,-0.1000845428621243,0.0,274.3,0.0,-0.16699589131791964,0.0,-0.5,-0.4349645311536023,-0.13768728972354438,-1.788592358941549e-08,-0.0066952632073928,-0.0771835401341861,-0.8776630615768853,-8.989805315752788e-05,0.0,-0.31653533827400443,-0.010691175148299153,-0.6314238312984386,232,27.66112,4489,0.0,952,0.0,0.0045619404755230155,-0.0006479974718979865,-1.5003891076070215,-0.13398545224599218,-0.19817134062373482,0.01,-0.1015039079461762,0.645919616,4276224,-168.55618657,0.0177408,-0.7224568607163432,-0.016495951195247473,0.26221923828125,1.0037727355957031,-2.915677070617676,0.02564406,-34.095137977600096,7086,0.006220936879981309,0.00029893555199999997,-0.3705458641052246,0.2
0.0,-0.10032353724018693,0.0,267.59,0.0,-0.1601890797002183,0.0,-0.5,-0.4320369848079311,-0.1332712134640638,-1.7105226415655736e-08,-0.006859240098648282,-0.07455154573576189,-0.9178368793691445,-8.616733153156006e-05,0.0,-0.30675699452189037,-0.0098244792174161,-0.6050063594574853,233,27.67264,4489,0.0,956,0.0,0.003238475711012045,-0.0006439625792721339,-1.5011058829501767,-0.13396952797411135,-0.18507272280118153,0.01,-0.0999518847797802,0.645901952,4294656,-166.87245413999997,0.0178176,-0.7299908891739468,-0.021788478223606945,0.25394287109375,1.0036189556121826,-2.48075008392334,0.025339162,-34.09611301422119,7090,0.004494524875190109,0.000298930944,-0.3816589117050171,0.2
0.0,-0.09972250017363965,0.0,269.0,0.0,-0.17361631396729996,0.0,-0.5,-0.42439282051814703,-0.14566473975234354,-1.823260408098432e-08,-0.006894561099214609,-0.09052677689636063,-0.9533620572483259,-9.256730536376482e-05,0.0,-0.329879773497429,-0.012657020292614764,-0.6104175599328783,234,27.68416,4489,0.0,960,0.0,0.005580957547579052,-0.0006672343173383396,-1.497642872878378,-0.1353562069482287,-0.24192276653877526,0.01,-0.11233544471113019,0.645884288,4313088,-167.22564385,0.0178944,-0.71614363765094,-0.019120972394011913,0.2562255859375,1.0035474300384521,-2.2451331615448,0.025816018,-34.09395484924316,7094,0.004691168328281492,0.000298926336,-0.3762085735797882,0.2
0.0,-0.09967945430525339,0.0,265.67,0.0,-0.1634090364051121,0.0,-0.5,-0.439639208540752,-0.12820230259967502,-1.733241496348366e-08,-0.006850181033637326,-0.06319181637187349,-0.80710646383671,-9.37438712778739e-05,0.0,-0.3149163152562164,-0.00921802716042864,-0.6180974070871816,235,27.69568,4489,0.0,964,0.0,0.003959596551675254,-0.0006671032357480752,-1.4973808112055464,-0.1362410772023285,-0.18522465134427615,0.01,-0.09258324684729641,0.6458666240000001,4331520,-166.3944079,0.0179712,-0.7254546401548407,-0.021485189301893116,0.24625244140625,1.0030181407928467,-1.7438716888427734,0.027753294,-34.08889236450195,7098,0.005859212903305888,0.00029892172799999997,-0.3744480013847351,0.2
0.0,-0.09963158738715534,0.0,262.69,0.0,-0.1550190845208266,0.0,-0.5,-0.42818018708884914,-0.14664100414989256,-1.5974553768838388e-08,-0.006903333410350234,-0.06429523350909035,-0.867095371518544,-9.176327392650883e-05,0.0,-0.31417911840818497,-0.009764054339458565,-0.6348593307732808,236,27.7072,4489,0.0,968,0.0,0.003618111518489664,-0.0006618632547287467,-1.5012961969201788,-0.13450407846782594,-0.17574252425929754,0.01,-0.08875535110209053,0.64584896,4349952,-165.64826535,0.018048,-0.7329167573264003,-0.018839836306869983,0.23563232421875,1.0032235383987427,-1.3196921348571777,0.02928775,-34.08994770050049,7102,0.006939416844397783,0.00029891711999999995,-0.37590962648391724,0.2
0.0,-0.09977389732099878,0.0,267.18,0.0,-0.1659910380814809,0.0,-0.5,-0.406402233203493,-0.13761244294356503,-1.7152215705492914e-08,-0.007043466772582362,-0.06346981906742839,-0.8010165729305416,-9.488775541917924e-05,0.0,-0.3179003706451104,-0.010443791722601136,-0.6383060765240233,237,27.71872,4489,0.0,973,0.0,0.005406056275939204,-0.000675239794432433,-1.4933980964035771,-0.13559248275566205,-0.1755678784376316,0.01,-0.10541356850288859,0.645831296,4368384,-166.76538987,0.0181248,-0.7205584202608414,-0.019759080768562854,0.2481689453125,1.0031824111938477,-2.301464796066284,0.027656462,-34.090772247314455,7106,0.0055000232066959144,0.000298912512,-0.3771763741970062,0.2
0.0,-0.09982653642057088,0.0,278.14,0.0,-0.16177305121516952,0.0,-0.5,-0.4490089688657469,-0.1618032207123987,-1.642728643356927e-08,-0.006909702919408391,-0.07912824413871172,-0.8537785545539573,-9.099706442177863e-05,0.0,-0.30497527478029196,-0.012109630046771812,-0.6168904145458697,238,27.73024,4489,0.0,977,0.0,0.005185163801339305,-0.0006652176602231405,-1.499343754123335,-0.13351747836656916,-0.2072345451706601,0.01,-0.09973615455675806,0.645813632,4386816,-169.50736183,0.0182016,-0.7209544642504382,-0.020975503022782505,0.2377197265625,1.003279209136963,-1.4300212860107422,0.02689572,-34.08946132659912,7110,0.006957376771606505,0.00029890790399999997,-0.3793279528617859,0.2
0.0,-0.09986973137417084,0.0,263.91,0.0,-0.15819304189974426,0.0,-0.5,-0.42533209485893136,-0.15602929311959693,-1.6681725471501497e-08,-0.00688864656301904,-0.07411374118429664,-0.7676837079127514,-9.123627973008338e-05,0.0,-0.3045299596672425,-0.009223082220447343,-0.6562258038513341,239,27.74176,4489,0.0,981,0.0,0.0038451276330877366,-0.0006659971789879113,-1.4939193729935427,-0.1346294471791937,-0.19764222274260626,0.01,-0.0974873479341632,0.645795968,4405248,-165.95665094000003,0.0182784,-0.7141554884543221,-0.019973227358423173,0.23369140625,1.0033597946166992,-2.0060153007507324,0.025326272,-34.09183578491211,7114,0.005760094511788339,0.000298903296,-0.37628281116485596,0.2
0.0,-0.10006190214654921,0.0,280.66,0.0,-0.14976507615718784,0.0,-0.5,-0.43471443608041505,-0.19160871382337064,-1.6730953569897446e-08,-0.006890294490708683,-0.07538069407969031,-0.7951126622555597,-9.215150330647615e-05,0.0,-0.3012682098134681,-0.010814173105985236,-0.6291845581378115,240,27.75328,4489,0.0,985,0.0,0.004159381076751712,-0.0006647199772329273,-1.496740489929671,-0.13330250981959074,-0.23983153270191104,0.01,-0.0928335921661209,0.645778304,4423680,-170.14442780999997,0.0183552,-0.7270874664014146,-0.02279282746021636,0.2565185546875,1.0033354759216309,-1.953679084777832,0.025635932,-34.093102836608885,7118,0.004003469937015325,0.000298898688,-0.3844188153743744,0.2
0.0,-0.0997494960827017,1.5190948033705354e-05,285.77,0.0,-0.15535474629687507,0.0,-0.5,-0.42357797308836637,-0.15365640057360805,-1.7316142278486533e-08,-0.006948329084666418,-0.08979978991154214,-0.7404618482497555,-9.283891850379374e-05,0.0,-0.2958156653571436,-0.009610013895913802,-0.6099799246730317,241,27.7648,4489,0.0,989,0.0,0.005252784663026529,-0.0006682458192008908,-1.499288650044534,-0.13381949605021404,-0.2770115444548376,0.01,-0.09758070374509396,0.64576064,4442112,-171.42026579,0.018432,-0.7256697591307241,-0.020520589232910426,0.24862060546875,1.0030739307403564,-2.0762856006622314,0.024735343,-34.088741302490234,7122,0.005119543545879424,0.00029889407999999997,-0.3765946924686432,0.2
0.0,-0.09984758287039965,0.0,278.74,0.0,-0.1506833941326704,0.0,-0.5,-0.4083638584336641,-0.1621174706977197,-1.5913797528237315e-08,-0.006954971023616642,-0.07255966186388511,-0.868889909364904,-9.200653646166909e-05,0.0,-0.3038496105346896,-0.010182966123702099,-0.6092585084248431,242,27.77632,4489,0.0,993,0.0,0.002896116033328301,-0.0006637540377396165,-1.4983863178714136,-0.13447626179241576,-0.2174295369068967,0.01,-0.09113004668739991,0.645742976,4460544,-169.66484347000002,0.0185088,-0.7284829456606636,-0.02015876871300861,0.24976806640625,1.0029544830322266,-1.8235065937042236,0.027454505,-34.08812141418457,7126,0.005986278050113469,0.000298889472,-0.37313657999038696,0.2
0.0,-0.09977367891615646,0.0,274.03,0.0,-0.1574842244397648,0.0,-0.5,-0.4471810463111001,-0.13777518922870513,-1.6725404666289105e-08,-0.006986406790189365,-0.09268403793088144,-0.6701643484679888,-9.377719565910229e-05,0.0,-0.3040214597629634,-0.008740086461946918,-0.6481822651334276,243,27.78784,4489,0.0,997,0.0,0.005267644973983476,-0.0006733319410579101,-1.4834389214716173,-0.13370466755248528,-0.28105968801531067,0.01,-0.09334629471156863,0.645725312,4478976,-168.46909771,0.0185856,-0.7192065202220389,-0.0218157991534099,0.23914794921875,1.0030741691589355,-1.7314298152923584,0.02358403,-34.08689022064209,7130,0.0038159783347509802,0.000298884864,-0.3825225532054901,0.2
0.0,-0.09970378453841973,0.0,267.32,0.0,-0.15332846152161597,0.0,-0.5,-0.46063993524932695,-0.14527341047909836,-1.7032569742294993e-08,-0.007021761650176983,-0.07171046841125778,-0.7718259584166764,-9.527468416659534e-05,0.0,-0.30337518438531386,-0.011237610003694228,-0.6270068616270833,244,27.79936,4489,0.0,1001,0.0,0.003854651692091792,-0.0006830521037713885,-1.4931678115943265,-0.13484135911710554,-0.21125761760051356,0.01,-0.0965102282780228,0.645707648,4497408,-166.79398747,0.0186624,-0.7244242836719935,-0.021455408935435117,0.2527587890625,1.0030165910720825,-2.0385212898254395,0.029390192,-34.08943481445313,7134,0.0051047094981186095,0.000298880256,-0.37748029828071594,0.2
0.0,-0.09909532076997964,0.0,265.85,0.0,-0.1635810436065833,0.0,-0.5,-0.43219710298948066,-0.1371334996413983,-1.8478165099261364e-08,-0.007344198112322766,-0.05943278021641011,-0.9018816459906653,-0.0001010678401060709,0.0,-0.3311596867028305,-0.012836119132178386,-0.6323666864943965,245,27.81088,4488,0.0,1005,0.0,0.004465325247949325,-0.0007044480747397893,-1.49408505317049,-0.13671026645456058,-0.1325525252274394,0.01,-0.10807216066240706,0.645689984,4515840,-166.41620303999997,0.0187392,-0.7144377319916314,-0.0211273550754413,0.23016357421875,1.002903699874878,-1.4392716884613037,0.024043756,-34.08790760040283,7138,0.004512063413858414,0.000298875648,-0.3849378526210785,0.2
0.0,-0.0997489565067426,0.0,269.48,0.0,-0.15479201205411416,0.0,-0.5,-0.41673471440019855,-0.15180605937914354,-1.7096871094624895e-08,-0.007182105183003241,-0.07240224943612655,-0.8593061850227537,-9.602446925852852e-05,0.0,-0.3036958719961001,-0.010782321290841255,-0.6372287967244016,246,27.822400000000002,4488,0.0,1010,0.0,0.003428588994401849,-0.0006922347567647027,-1.495107393249919,-0.1367370740851781,-0.1982710467600111,0.01,-0.09937806689499568,0.6456723200000001,4534272,-167.31984923999997,0.018816,-0.7172377502095376,-0.020873448438942434,0.2365478515625,1.0030584335327148,-0.6902214288711548,0.027172696,-34.08710994720459,7142,0.007111789239570498,0.00029887104,-0.37963351607322693,0.2
0.0,-0.09938578382331585,0.0,278.76,0.0,-0.1671292735982266,0.0,-0.5,-0.4130000499683924,-0.14648909258216414,-1.7098618860344563e-08,-0.007330180349836053,-0.07312114602966327,-0.7976575831992136,-9.878999540300493e-05,0.0,-0.3277415089911828,-0.010023102543832608,-0.6659900957247933,247,27.83392,4488,0.0,1014,0.0,0.005563770944521428,-0.0007138712453565938,-1.4952414090481847,-0.13749046180923802,-0.19536841133797359,0.01,-0.10190229389691456,0.645654656,4552704,-169.65164151000002,0.0188928,-0.7144850463660488,-0.020858382759615778,0.23399658203125,1.0029749870300293,-2.099935531616211,0.026349813,-34.08820209503174,7146,0.004313647514209151,0.000298866432,-0.3760254681110382,0.2
0.0,-0.09940987590548317,0.0,263.88,0.0,-0.15815272493543076,0.0,-0.5,-0.4447921560582324,-0.15173418075816394,-1.7524906277907973e-08,-0.007401633846431107,-0.05725353493261555,-0.8532699316896416,-0.00010047479970654815,0.0,-0.3219886478769803,-0.010701903697668295,-0.6597185339911664,248,27.84544,4488,0.0,1018,0.0,0.0030848153184476566,-0.000707854903233774,-1.4938028363609674,-0.13607205320284932,-0.14665508363952037,0.01,-0.10163872256128283,0.645636992,4571136,-165.94374361,0.0189696,-0.7315842567426755,-0.02103671952500008,0.2307861328125,1.0029637813568115,-1.9682393074035645,0.025886934,-34.088041114807126,7150,0.007584180939011276,0.000298861824,-0.37778109312057495,0.2
0.0,-0.09982024428191073,0.0,266.0,0.0,-0.16193754302247232,0.0,-0.5,-0.4282339042570778,-0.1520870949089941,-1.5862717617137446e-08,-0.007468950906686107,-0.05920495864452117,-0.8023068090499937,-9.901406856190276e-05,0.0,-0.3149477793092211,-0.012269008618091768,-0.6500303352176856,249,27.85696,4488,0.0,1022,0.0,0.0052838194425668655,-0.0007115680639187724,-1.4922291840119586,-0.13573526731200702,-0.14522283389657287,0.01,-0.09640959188444956,0.645619328,4589568,-166.47045854,0.0190464,-0.7193080045217051,-0.022611916740424932,0.2318359375,1.0030597448349,-0.9480881690979004,0.024777543,-34.08818473815918,7154,0.004137096018530429,0.000298857216,-0.3837083578109741,0.2
0.0,-0.09928519438378297,0.0,273.54,0.0,-0.15645170600442554,0.0,-0.5,-0.46311615144587914,-0.14163994551442252,-1.799775568812524e-08,-0.007263756323113147,-0.07969099779913841,-0.7586282365911132,-0.00010000443012343509,0.0,-0.30184817922703017,-0.013378500374695202,-0.6622375539428736,250,27.868479999999998,4488,0.0,1026,0.0,0.004192285020560779,-0.0007057165106086041,-1.4873129016900453,-0.13629972552236114,-0.2554359671105327,0.01,-0.10469414272963852,0.6456016640000001,4608000,-168.34704345999998,0.0191232,-0.7096670417010198,-0.02031958003062755,0.2361572265625,1.0030509233474731,-1.7469801902770996,0.026741412,-34.08849964141846,7158,0.0060838914010673765,0.00029885260799999996,-0.3766404986381531,0.2
0.0,-0.09921089561076318,2.7126613228271403e-06,261.1,0.0,-0.1462642341945502,0.0,-0.5,-0.47365580202984614,-0.13081721223231094,-1.7884942716965773e-08,-0.007344010669463998,-0.08064438971922346,-0.6433202466961401,-9.822063530479634e-05,0.0,-0.3021627354062429,-0.009996200197428199,-0.6318607806118887,251,27.88,4488,0.0,1030,0.0,0.005259433247949538,-0.0006964439693469322,-1.4905270915357542,-0.13606637071087826,-0.2585620684872323,0.01,-0.08848312329246241,0.645584,4626432,-165.24250736000002,0.0192,-0.7235551293904621,-0.018903295730706305,0.23709716796875,1.0026963949203491,-1.1211297512054443,0.025317803,-34.08514461517334,7162,0.0062149602803401646,0.000298848,-0.3720003664493561,0.2
0.0,-0.09938194505533399,0.0,262.75,0.0,-0.15716634827813303,0.0,-0.5,-0.4571128294245803,-0.13124335531837358,-1.9801315881056634e-08,-0.007544491545695258,-0.08298130221685178,-0.7563387180611111,-0.0001018315613974253,0.0,-0.31461390420525415,-0.012628616328400424,-0.6648964515596475,252,27.89152,4488,0.0,1034,0.0,0.004681702968431876,-0.0007179469849332232,-1.4898338642878732,-0.13473759877894925,-0.2546180095020081,0.01,-0.0984489801809381,0.645566336,4644864,-165.66241030999998,0.0192768,-0.715683937602265,-0.021412246231921016,0.258251953125,1.003136396408081,-1.9001147747039795,0.025222894,-34.089789390563965,7166,0.006107482197694481,0.000298843392,-0.37913310527801514,0.2
0.0,-0.09943603976368227,0.0,260.32,0.0,-0.15739341052175607,0.0,-0.5,-0.4166214668159569,-0.14838524517189297,-1.7834424115868776e-08,-0.007593943836533922,-0.05900327055623252,-0.870389686881645,-0.00010056162024072003,0.0,-0.30973535827478793,-0.010975059612534836,-0.6810661351936097,253,27.90304,4488,0.0,1039,0.0,0.004140625252807856,-0.0007216847590184229,-1.4898476035507777,-0.13664070576098797,-0.1488748676272819,0.01,-0.10036124012863665,0.645548672,4663296,-165.04862032,0.0193536,-0.7154821937148436,-0.02224824596196413,0.24407958984375,1.0031949281692505,-2.140115261077881,0.026236614,-34.089863014221194,7170,0.005744925374165178,0.00029883878399999996,-0.38165417313575745,0.2
0.0,-0.09930811328742843,0.0,273.86,0.0,-0.15698133835208164,0.0,-0.5,-0.4825063666193764,-0.14362548855974133,-1.935542811549721e-08,-0.007645084335666358,-0.06876377708924084,-0.7370862555973512,-0.00010327924932023226,0.0,-0.3023084403298797,-0.017251048996586662,-0.6674327202662266,254,27.91456,4488,0.0,1043,0.0,0.006960202021012867,-0.000733269769772319,-1.483308457653841,-0.1369268541207617,-0.1758171148479718,0.01,-0.11315988850876489,0.6455310080000001,4681728,-168.4422696,0.0194304,-0.7130860490344685,-0.019967045763041823,0.23402099609375,1.0029807090759277,-2.262897491455078,0.028407913,-34.08655700683594,7174,0.0063174957875162365,0.000298834176,-0.3771783709526062,0.2
0.0,-0.09940567770517511,0.0,267.05,0.0,-0.14995386047168638,0.0,-0.5,-0.4514835405586067,-0.14167764798265933,-1.87377148231377e-08,-0.007621401815389321,-0.07723368087769106,-0.761316308118598,-0.00010267998536485984,0.0,-0.3055598757219016,-0.012411990118787054,-0.6736602132110479,255,27.92608,4488,0.0,1047,0.0,0.006070106132773343,-0.000733334293559772,-1.4905429528898695,-0.1374155182550944,-0.22832074052013185,0.01,-0.09441073629697977,0.645513344,4700160,-166.73892708000002,0.0195072,-0.7187218742273384,-0.019095613318495453,0.27457275390625,1.0033926963806152,-1.9057438373565674,0.028782647,-34.09260921478271,7178,0.006386176333762705,0.000298829568,-0.3697512447834015,0.2
0.0,-0.09954277891726765,0.0,272.37,0.0,-0.14961676288480188,0.0,-0.5,-0.46895223148493653,-0.13542018977265494,-1.832308305752492e-08,-0.007530827674496532,-0.0774366989192607,-0.5847736035613051,-0.00010267872011051131,0.0,-0.2932652282286527,-0.010019561318842444,-0.6608779637077303,256,27.9376,4488,0.0,1051,0.0,0.0061408304052892135,-0.0007272123948212801,-1.4786480855168875,-0.1360211884495544,-0.2474381877604658,0.01,-0.09074244309357599,0.64549568,4718592,-168.06602212,0.019584,-0.7143170085669093,-0.01855716935824603,0.24423828125,1.0031158924102783,-2.0191988945007324,0.027495284,-34.09022235870361,7182,0.006346454285085202,0.00029882496,-0.3713381290435791,0.2
0.0,-0.09926064335801342,0.0,268.06,0.0,-0.16318452739750844,0.0,-0.5,-0.45396574111522586,-0.15492332215783083,-1.8349903943890385e-08,-0.007655490710890474,-0.05577161445839085,-0.9326021520032204,-0.00010205896073860855,0.0,-0.3090522614334503,-0.015474052161358914,-0.6462086688746518,257,27.94912,4488,0.0,1055,0.0,0.005537029613503173,-0.0007251664124617151,-1.4941983244667072,-0.13806361310166032,-0.1502418085434655,0.01,-0.11332604092971797,0.645478016,4737024,-166.99020674,0.0196608,-0.7152489696571724,-0.020431079296395184,0.259130859375,1.002882719039917,-2.884451150894165,0.027702441,-34.08620986938477,7186,0.006769767566584051,0.000298820352,-0.37912699580192566,0.2
0.0,-0.09919383244697505,0.0,260.93,0.0,-0.16036774595387174,0.0,-0.5,-0.45155500460336107,-0.12635823154414538,-1.9288997337111642e-08,-0.007776577288545532,-0.06026683625305156,-0.7073263462426325,-0.00010618863482747785,0.0,-0.32165812942763805,-0.009376711678624071,-0.6744896376309572,258,27.96064,4487,0.0,1059,0.0,0.005368282615403674,-0.0007495666477065253,-1.4839477742291742,-0.13976480747532213,-0.16414024793404616,0.01,-0.09157540742934683,0.6454603520000001,4755456,-165.20814291,0.0197376,-0.7102548407948958,-0.02206674215849489,0.243701171875,1.0033752918243408,-1.7903478145599365,0.027359385,-34.091903877258304,7190,0.004142401670105755,0.00029881574399999997,-0.3797544836997986,0.2
0.0,-0.0993138985603151,0.0,274.98,0.0,-0.1497808415047418,0.0,-0.5,-0.4836498208181514,-0.1449940139815832,-1.8492427933065827e-08,-0.007713095911859446,-0.07227537894197943,-0.7236193072731458,-0.0001056985301484164,0.0,-0.2978337549913971,-0.014241577284940533,-0.674945485702352,259,27.97216,4487,0.0,1063,0.0,0.005906104341986422,-0.0007435726114933651,-1.4903282224626637,-0.13818209102027348,-0.23284931350520616,0.01,-0.09959238695656594,0.645442688,4773888,-168.71458563000004,0.0198144,-0.71764475647257,-0.02266940496629104,0.23857421875,1.003067970275879,-2.8356857299804688,0.02814186,-34.089833450317386,7194,0.0061214211396873,0.000298811136,-0.38402968645095825,0.2
0.0,-0.09958827706317029,0.0,283.74,0.0,-0.13958508960284005,0.0,-0.5,-0.448955286625215,-0.17246144480951545,-1.8890085013412273e-08,-0.007770324566667213,-0.06036846168622466,-0.7548032687394313,-0.0001060729574315701,0.0,-0.28474978810810536,-0.013094274138497118,-0.6726479368358582,260,27.98368,4487,0.0,1067,0.0,0.004907302392828452,-0.0007449536382136123,-1.4921142245842964,-0.13853590002991725,-0.1600279169278514,0.01,-0.096537654809378,0.645425024,4792320,-170.89662104999996,0.0198912,-0.7188596945510878,-0.021246852714102715,0.24705810546875,1.0029830932617188,-1.4411697387695312,0.029260475,-34.08701438903809,7198,0.007528381119482219,0.000298806528,-0.3780151307582855,0.2
0.0,-0.09905271876170112,0.0,279.29,0.0,-0.14787539061833832,0.0,-0.5,-0.47627712249466786,-0.15050087288869285,-2.0462437056421518e-08,-0.007779167311364493,-0.0639090076494408,-0.7857219328017069,-0.00010765802780698827,0.0,-0.2979105335317795,-0.01351607925626039,-0.6584749286350383,261,27.9952,4487,0.0,1072,0.0,0.006732296008931928,-0.0007497144764940828,-1.4888278746871848,-0.138819706613903,-0.17224852511108596,0.01,-0.10727124687672608,0.64540736,4810752,-169.79173287000006,0.019968,-0.717465524045079,-0.01990797756589018,0.26612548828125,1.0032902956008911,-1.4803602695465088,0.031218862,-34.090796661376956,7202,0.007891621440649033,0.00029880191999999997,-0.3703186511993408,0.2
0.0,-0.09908481872148263,5.42524503543973e-07,261.25,0.0,-0.14747993552316846,0.0,-0.5,-0.494550899338876,-0.12325128310638117,-1.8662338250379386e-08,-0.0077577744614557255,-0.06756003247289571,-0.5817060078872013,-0.00010429509335026204,0.0,-0.2921847356814368,-0.011949861057341313,-0.6439254923062421,262,28.00672,4487,0.0,1076,0.0,0.005794059495875103,-0.0007427203076967738,-1.472277071852416,-0.13738243974252154,-0.21005421821370965,0.01,-0.09147268898328619,0.6453896960000001,4829184,-165.28412001,0.0200448,-0.7134413358517538,-0.021990698034642264,0.26070556640625,1.0033968687057495,-2.702226161956787,0.026413301,-34.09336643218994,7206,0.006947904685512185,0.000298797312,-0.38106444478034973,0.2
0.0,-0.09918641626439123,0.0,266.05,0.0,-0.14759905713148522,0.0,-0.5,-0.4687492332077457,-0.1490382076509478,-1.9173461539467605e-08,-0.0077183602688175095,-0.07318437499617664,-0.6454128973104405,-0.00010483518915762612,0.0,-0.3050997378357634,-0.010494921701816281,-0.6802167613725332,263,28.01824,4487,0.0,1080,0.0,0.004310791527783573,-0.0007424811010693492,-1.4841820557193357,-0.13773393028734207,-0.24211637080315393,0.01,-0.09302161623433301,0.645372032,4847616,-166.48713525,0.0201216,-0.7232334729992023,-0.018714366131462157,0.24154052734375,1.0032539367675781,-2.2311458587646484,0.026820809,-34.09051780700683,7210,0.006913482560776174,0.000298792704,-0.37059804797172546,0.2
0.0,-0.0992515257550963,0.0,269.72,0.0,-0.1517536479579065,0.0,-0.5,-0.46819237873158137,-0.16746337542685474,-1.90439706260954e-08,-0.007808740760370557,-0.08594039421856657,-0.6994491580533236,-0.00010670662489015631,0.0,-0.2993571195430577,-0.012578474998612098,-0.678030032195001,264,28.02976,4487,0.0,1084,0.0,0.005904772371579623,-0.0007561933034678311,-1.497148147648573,-0.138028832277751,-0.30521104373375324,0.01,-0.09611041274324322,0.645354368,4866048,-167.39556455,0.0201984,-0.7203057850405047,-0.022274869109969585,0.2783447265625,1.003448724746704,-2.029127359390259,0.028731797,-34.0928150177002,7214,0.006713917665183544,0.00029878809599999997,-0.3806276321411133,0.2
0.0,-0.0993240430116748,0.0,262.06,0.0,-0.15122163098135888,0.0,-0.5,-0.49001338234298264,-0.12477823999749187,-1.813200355917211e-08,-0.00786320425827478,-0.05653190697164819,-0.721353715626743,-0.00010885308680658085,0.0,-0.29721017922817605,-0.014184605462803744,-0.6578059256606985,265,28.04128,4487,0.0,1088,0.0,0.006953226534250563,-0.0007612079950337644,-1.4781994347460596,-0.13747905292667176,-0.15630200061228353,0.01,-0.09821869087752702,0.645336704,4884480,-165.48524792999996,0.0202752,-0.710768599718076,-0.019727236684411766,0.264501953125,1.002814531326294,-3.1773438453674316,0.027444666,-34.08649787902832,7218,0.006879929371643811,0.000298783488,-0.3807056248188019,0.2
0.0,-0.09968567137740532,0.0,269.37,0.0,-0.13307703200659599,0.0,-0.5,-0.45499463366265036,-0.15524764198117838,-1.7814469530516694e-08,-0.007853876955497378,-0.06591002646687447,-0.6754766148428079,-0.0001060329944280359,0.0,-0.2893274402673149,-0.01132844167687251,-0.6603270086929371,266,28.0528,4486,0.0,1092,0.0,0.004804999951569037,-0.000751808663007858,-1.4870298938608049,-0.13755052292390635,-0.20069951413602716,0.01,-0.08256610266776207,0.6453190400000001,4902912,-167.31633483,0.020352,-0.7279540450267666,-0.022757163317874075,0.263623046875,1.0029041767120361,-1.7714688777923584,0.027941924,-34.086043167114255,7222,0.00485737316776067,0.00029877888,-0.38112789392471313,0.2
0.0,-0.09972990597791888,0.0,276.86,0.0,-0.14700062657987986,0.0,-0.5,-0.45304390439613723,-0.1525691457532553,-1.713687848850852e-08,-0.007806704995347691,-0.06721819806331691,-0.6859366683902824,-0.00010762656728380732,0.0,-0.30144763867423224,-0.009185489566126602,-0.7008248586989344,267,28.06432,4486,0.0,1096,0.0,0.002822291120092109,-0.0007606056544871972,-1.4872793648065519,-0.13571061041615848,-0.21653462404009274,0.01,-0.08792214223122884,0.645301376,4921344,-169.18804043,0.0204288,-0.725933458164622,-0.0215911878971383,0.23577880859375,1.002936840057373,-2.639315366744995,0.027805591,-34.08753776550293,7226,0.006099539180286229,0.00029877427199999997,-0.37871864438056946,0.2
0.0,-0.0989418081833364,0.0,277.04,0.0,-0.15101894333944355,0.0,-0.5,-0.4661832849873415,-0.18464853968827002,-1.8832065203104383e-08,-0.008074503756248637,-0.0595198386637974,-0.729898612391127,-0.00011163357438467167,0.0,-0.30666441172565834,-0.011818365505662863,-0.6866857592221327,268,28.07584,4486,0.0,1100,0.0,0.004825170505866139,-0.000777266317062952,-1.4825909304042881,-0.1384948312000892,-0.18849307189340775,0.01,-0.08749517863983736,0.645283712,4939776,-169.23750772000002,0.0205056,-0.7137885723858294,-0.024018249311484396,0.2628662109375,1.0028929710388184,-1.7930066585540771,0.028745854,-34.08770179748535,7230,0.0031240677926689386,0.000298769664,-0.38389885425567627,0.2
0.0,-0.099119163475958,0.0,277.51,0.0,-0.14714423447887393,0.0,-0.5,-0.4620063840677444,-0.16589256677252706,-1.9899479632829874e-08,-0.008078684009371749,-0.05000602904260171,-0.8737673931575985,-0.00011109039176433642,0.0,-0.3005568535116955,-0.015233439055769203,-0.6871644508174882,269,28.08736,4486,0.0,1105,0.0,0.004554561498637586,-0.0007712754381104334,-1.490374011853719,-0.1401342240649843,-0.12093401699948843,0.01,-0.10612750439282871,0.645266048,4958208,-169.35777297999996,0.0205824,-0.7144012648210607,-0.020920554862823338,0.2468994140625,1.0033454895019531,-3.1217713356018066,0.02796715,-34.09047241210938,7234,0.005816057685296983,0.000298765056,-0.3758785128593445,0.2
0.0,-0.09935766890394243,0.0,269.34,0.0,-0.14796422837085876,0.0,-0.5,-0.45729649027178,-0.14830890029487717,-1.837240525082181e-08,-0.007983803633424527,-0.05966316375555288,-0.6567478898150405,-0.00011178622991203829,0.0,-0.2993646785178357,-0.011489804977328036,-0.6795490558348642,270,28.09888,4486,0.0,1109,0.0,0.004294872769672444,-0.0007718428090285615,-1.4732133409059278,-0.13836904716883025,-0.1911119996916223,0.01,-0.08913893496247367,0.6452483840000001,4976640,-167.30522157,0.0206592,-0.7142864021252229,-0.01943599523510784,0.25987548828125,1.0035598278045654,-1.7243781089782715,0.028642997,-34.09356555938721,7238,0.006243933003861457,0.00029876044799999996,-0.37679076194763184,0.2
0.0,-0.09888773308230572,0.0,277.54,0.0,-0.1364930757400838,0.0,-0.5,-0.42901234013524486,-0.17141665645693946,-1.8774408198951394e-08,-0.008226442473119107,-0.054295009954756335,-0.6734664887795148,-0.00011157979248734697,0.0,-0.29181529283986934,-0.012121274307094688,-0.6563296394319794,271,28.1104,4486,0.0,1113,0.0,0.004551372014088274,-0.0007808445993129433,-1.4852047323759714,-0.14134464328367016,-0.1458248883365519,0.01,-0.08632424728209516,0.64523072,4995072,-169.34824470000004,0.020736,-0.7102594513248734,-0.02204381942283362,0.24930419921875,1.0037764310836792,-2.00742244720459,0.027694613,-34.0972936630249,7242,0.005805862019769847,0.00029875584,-0.3819442391395569,0.2
0.0,-0.09915656560377148,0.0,281.04,0.0,-0.1439493934577158,0.0,-0.5,-0.4537262773684194,-0.16658322546896265,-1.9718829571748465e-08,-0.008148593570751166,-0.04999705581425984,-0.760457951971281,-0.00011425147118478463,0.0,-0.2995618838580179,-0.014940864695375474,-0.6914596693174546,272,28.12192,4486,0.0,1117,0.0,0.006755502436282592,-0.0007929295939732924,-1.4742711326405906,-0.14191490617449518,-0.11738779451131442,0.01,-0.10029940974398875,0.645213056,5013504,-170.22426482999998,0.0208128,-0.7115849284214337,-0.020397309999680147,0.2595703125,1.003691554069519,-4.153116226196289,0.03285662,-34.09747791290283,7246,0.006014314922504127,0.000298751232,-0.377017080783844,0.2
0.0,-0.09955650738882352,0.0,285.22,0.0,-0.14226409014694286,0.0,-0.5,-0.42266892712333226,-0.16235444778511818,-1.9129664121918083e-08,-0.008021327447378922,-0.06545896764917085,-0.6685380574622509,-0.00011463459180423538,0.0,-0.29786950109340715,-0.01174104892921189,-0.688011093923176,273,28.13344,4486,0.0,1121,0.0,0.005072896953691012,-0.0007855332725289032,-1.4714197783937903,-0.13781248529490445,-0.17141474084620287,0.01,-0.09646424954215711,0.645195392,5031936,-171.27989244000003,0.0208896,-0.7076026799264897,-0.022131900175008924,0.25870361328125,1.003260850906372,-2.2663328647613525,0.027634937,-34.09214191436767,7250,0.006564332521520555,0.000298746624,-0.37854623794555664,0.2
0.0,-0.09984377481877843,0.0,275.97,0.0,-0.14135085670131856,0.0,-0.5,-0.4751671404562404,-0.13119112929659119,-1.833510078946785e-08,-0.008031244952825364,-0.0641363036740135,-0.6924171848507739,-0.00011075787496047007,0.0,-0.2812943174717438,-0.013501008276672869,-0.6667473227526585,274,28.14496,4486,0.0,1125,0.0,0.0062968579144691995,-0.0007740746992234627,-1.4772497583723954,-0.13616344275226588,-0.19066069303400282,0.01,-0.10162597955921188,0.6451777280000001,5050368,-168.95937788999998,0.0209664,-0.7136558803940218,-0.022521752235479652,0.25260009765625,1.003245234489441,-2.572993278503418,0.02831634,-34.09001846313477,7254,0.006335541373118758,0.000298742016,-0.37774208188056946,0.2
0.0,-0.09974073319124713,0.0,270.81,0.0,-0.13459382649408894,0.0,-0.5,-0.4914027270517855,-0.15792232987102275,-1.734308231621804e-08,-0.007963908731837898,-0.05307899159382011,-0.6471321173689206,-0.00010984419505835308,0.0,-0.28341191027244306,-0.014291453645396555,-0.6649621361595007,275,28.156480000000002,4486,0.0,1129,0.0,0.006673988344594988,-0.000760526526584458,-1.4750420374323803,-0.13681370313687918,-0.12455680798572925,0.01,-0.09786473523061381,0.645160064,5068800,-167.67169681,0.0210432,-0.715906122837446,-0.021392353472765534,0.25498046875,1.0033501386642456,-2.693394422531128,0.027573854,-34.09257335662842,7258,0.005405500088818372,0.000298737408,-0.3790474832057953,0.2
0.0,-0.09953589884051825,0.0,280.46,0.0,-0.14382874196263193,0.0,-0.5,-0.49955198174270865,-0.15948824038463905,-1.7483691785570616e-08,-0.008208886482865243,-0.06212447669011283,-0.6024058867885319,-0.0001117848178530287,0.0,-0.28504249987503294,-0.012268796942124382,-0.6869850545016801,276,28.168,4486,0.0,1133,0.0,0.005247911779418561,-0.00078548417691285,-1.4773844818561672,-0.1361695860306593,-0.20036399198968427,0.01,-0.0904023983689788,0.6451424,5087232,-170.04419813,0.02112,-0.7198172716418135,-0.02007282741833478,0.25504150390625,1.0030920505523682,-2.078843593597412,0.026767224,-34.08911304473877,7262,0.006573627784382552,0.00029873279999999996,-0.3778139650821686,0.2
0.0,-0.09976839258148729,0.0,284.38,0.0,-0.13994320642796867,0.0,-0.5,-0.44155436164707207,-0.16222002689351533,-1.702174576243669e-08,-0.00821591292278762,-0.06861414661324795,-0.4971647898283863,-0.00011175803690200018,0.0,-0.27254288976556945,-0.011798128119742473,-0.7092039294165616,277,28.17952,4485,0.0,1138,0.0,0.00629923448053121,-0.0007862949961875364,-1.4781990403758707,-0.13505312603412434,-0.20429892331996524,0.01,-0.08604361494814253,0.645124736,5105664,-171.07081781999997,0.0211968,-0.7073224979237711,-0.01730788769782521,0.2639404296875,1.0035806894302368,0.38741958141326904,0.03183356,-34.09343032836914,7266,0.008005491376388818,0.000298728192,-0.3728385865688324,0.2
0.0,-0.09945396578010168,2.1701271180063486e-06,279.08,0.0,-0.14461104155549329,0.0,-0.5,-0.4684556667536646,-0.1600293917274232,-1.7068038263883764e-08,-0.008208323183752829,-0.044913577009091245,-0.770228214798004,-0.0001084466342974745,0.0,-0.28129686411460403,-0.01397656185676388,-0.6812248344024923,278,28.19104,4485,0.0,1142,0.0,0.0061191250261956355,-0.0007752233562142703,-1.485044453738398,-0.13718308766382056,-0.08305394517187124,0.01,-0.10377957122176157,0.6451070720000001,5124096,-169.7440865,0.0212736,-0.7182832814960868,-0.020125370408641173,0.24454345703125,1.0034058094024658,-2.7599215507507324,0.028714973,-34.09440116882324,7270,0.007140571228228509,0.000298723584,-0.376767635345459,0.2
0.0,-0.09912142668912885,0.0,272.85,0.0,-0.13463289139105472,0.0,-0.5,-0.4626436890171045,-0.16634070008876733,-1.663911249579713e-08,-0.008011725282094852,-0.05223922604916337,-0.6204462935678496,-0.0001099718262672547,0.0,-0.2673906427783753,-0.010963018023858816,-0.6791721935709939,279,28.20256,4485,0.0,1146,0.0,0.004110261679144384,-0.0007691854391793398,-1.4735695602213468,-0.13773494931630373,-0.11684024565535991,0.01,-0.08414735227413978,0.645089408,5142528,-168.18559259999998,0.0213504,-0.714331294620506,-0.015466775058303028,0.28216552734375,1.0039117336273193,-2.187406539916992,0.03084081,-34.09599494934082,7274,0.006788776069879532,0.00029871897599999996,-0.3727405369281769,0.2
0.0,-0.09961238780234173,4.882788440833489e-06,282.63,0.0,-0.13526549890402126,0.0,-0.5,-0.4550466195509558,-0.17613184677934945,-1.7638798256529393e-08,-0.008173095432153886,-0.07099772051203995,-0.6569895488417422,-0.00011304878118743004,0.0,-0.28190411447823105,-0.01522946894814097,-0.6856294898544082,280,28.21408,4485,0.0,1150,0.0,0.006799757666400501,-0.0007905488320613278,-1.474077186123695,-0.13712929069156635,-0.2167247949990088,0.01,-0.10127832662468837,0.645071744,5160960,-170.62720825,0.0214272,-0.7055565120323485,-0.0202955586835742,0.23702392578125,1.0037949085235596,-1.0155689716339111,0.025567198,-34.097840309143066,7278,0.00417194013716653,0.000298714368,-0.37873759865760803,0.2
0.0,-0.09948614627652931,0.0,284.66,0.0,-0.1504345004771213,0.0,-0.5,-0.4900813126984779,-0.14853107443357455,-1.6800392758226933e-08,-0.008173944347290152,-0.06056599998589826,-0.7202240184735731,-0.00010960600984554087,0.0,-0.28791964033385237,-0.014456916879615617,-0.6560801048546685,281,28.2256,4485,0.0,1154,0.0,0.006676991020135986,-0.0007726255883025642,-1.4862050823720556,-0.13629051303768308,-0.17502323952314547,0.01,-0.09915583310669765,0.64505408,5179392,-171.13399762999998,0.021504,-0.7123280441592983,-0.021784991910681128,0.251904296875,1.0031177997589111,-2.578997850418091,0.02586546,-34.0892614364624,7282,0.006256122491322458,0.00029870976,-0.3746524155139923,0.2
0.0,-0.09964750405361071,0.0,272.43,0.0,-0.13528257409870098,0.0,-0.5,-0.45616284301311855,-0.1457438035269863,-1.6976177449257735e-08,-0.008308676883679108,-0.06910153151313934,-0.556978396834109,-0.00011111214904183712,0.0,-0.2650117159766233,-0.010702550548740163,-0.7114532008822589,282,28.23712,4485,0.0,1158,0.0,0.004152258348879435,-0.0007880279929021049,-1.4976190936266658,-0.1345446277604977,-0.19285015625433932,0.01,-0.08363425496680624,0.6450364160000001,5197824,-168.08592334000002,0.0215808,-0.7200406583785601,-0.021644532203208656,0.22589111328125,1.003143548965454,-1.2193098068237305,0.023993291,-34.09062099456787,7286,0.003266250155866146,0.000298705152,-0.38362839818000793,0.2
0.0,-0.09954127942409673,0.0,284.26,0.0,-0.13455331244304844,0.0,-0.5,-0.46488975244981046,-0.18121535459714425,-1.689145088655479e-08,-0.008230974950932179,-0.06150642917926086,-0.6498411420362834,-0.00011129797794559189,0.0,-0.26934993570739,-0.012980890477383954,-0.6744368279886259,283,28.24864,4485,0.0,1162,0.0,0.004806383588741093,-0.0007811922707824412,-1.498506176760474,-0.13834388112948112,-0.1777906801014948,0.01,-0.08578588796892053,0.645018752,5216256,-171.02990508,0.0216576,-0.7173842175178993,-0.0212701610988006,0.22918701171875,1.0023894309997559,-1.2862818241119385,0.026277384,-34.08237571716309,7290,0.0031398726394400002,0.000298700544,-0.3786936402320862,0.2
0.0,-0.09946615012217483,0.0,276.69,0.0,-0.1372210956848553,0.0,-0.5,-0.46229300499362164,-0.15773664767847448,-1.6694423882798076e-08,-0.008376965849501301,-0.04601624979869913,-0.6651222870150564,-0.0001144893275636948,0.0,-0.2847506331966809,-0.010605882385873538,-0.7032492967278249,284,28.26016,4485,0.0,1167,0.0,0.0022053228425491303,-0.0008023345258336332,-1.4966087440731295,-0.13590827395560695,-0.11447670248254926,0.01,-0.07959413751186475,0.645001088,5234688,-169.13584901000002,0.0217344,-0.7282261155231611,-0.021732086909469216,0.24468994140625,1.0026527643203735,-0.7338607311248779,0.02584291,-34.08355312347412,7294,0.002859878563322127,0.00029869593599999997,-0.3826267123222351,0.2
0.0,-0.09941772765969366,0.0,273.25,0.0,-0.1374416957236145,0.0,-0.5,-0.4881597999598998,-0.14588471570136285,-1.7020674640822706e-08,-0.008430196709799768,-0.05503947721959398,-0.5781295970850557,-0.00011210457302489065,0.0,-0.2760990613443516,-0.011003399143805187,-0.7148764390180464,285,28.27168,4485,0.0,1171,0.0,0.005191794209862044,-0.000789950806448944,-1.4824646357442983,-0.13694659426551753,-0.15703415557087919,0.01,-0.08619186947149278,0.644983424,5253120,-168.28441736999997,0.0218112,-0.7151903486249503,-0.022943964903242887,0.2321044921875,1.0033237934112549,-0.5816572904586792,0.023770556,-34.09095497131348,7298,0.003041063528507948,0.000298691328,-0.38197070360183716,0.2
0.0,-0.09961959671244472,0.0,269.92,0.0,-0.13506234316332963,0.0,-0.5,-0.45661327512783256,-0.16468478471668074,-1.6441546864986158e-08,-0.008435514386507064,-0.056060305056784436,-0.5303495799185742,-0.0001166780117590186,0.0,-0.27172869501890745,-0.009224788240780532,-0.6951413400242479,286,28.2832,4485,0.0,1175,0.0,0.004286878602775631,-0.0008021540857674294,-1.4896998133357198,-0.13590422224458676,-0.1496597965784981,0.01,-0.07565318385043308,0.64496576,5271552,-167.45734523000002,0.021888,-0.7220127760190167,-0.022275396873010323,0.235986328125,1.0030938386917114,-1.2873504161834717,0.02627879,-34.089824485778806,7302,0.003970365994609893,0.00029868672,-0.38496631383895874,0.2
0.0,-0.09962455987070676,0.0,272.93,0.0,-0.1376961412587822,0.0,-0.5,-0.4361774044204336,-0.16751936228118008,-1.6767374969053014e-08,-0.008588884895229127,-0.05337410572745495,-0.6038267838960851,-0.00011640525640601814,0.0,-0.2845747789082848,-0.0122791057591955,-0.6917417757665683,287,28.294719999999998,4485,0.0,1179,0.0,0.004288553531581766,-0.0008153742497697432,-1.4852090065063257,-0.13813572711893063,-0.1524566551680687,0.01,-0.08237834234928484,0.644948096,5289984,-168.20537827,0.0219648,-0.7101997797643476,-0.021837519109249116,0.24482421875,1.002924919128418,-1.6265175342559814,0.0262448,-34.0873462677002,7306,0.0031640083296224477,0.000298682112,-0.38304784893989563,0.2
0.0,-0.09969804825806133,0.0,275.39,0.0,-0.1302833717337616,0.0,-0.5,-0.46757832207576655,-0.16118163171793437,-1.6676283726664808e-08,-0.008454737222004844,-0.07016700696035692,-0.4675548060572039,-0.00011284615946437867,0.0,-0.2635008988411379,-0.009870816619828332,-0.6865237524536955,288,28.30624,4485,0.0,1183,0.0,0.0054816253390917655,-0.0007935312982447798,-1.476288579190961,-0.1357562901436512,-0.21434359446054163,0.01,-0.08490370303156897,0.644930432,5308416,-168.80804519999998,0.0220416,-0.7116188380068061,-0.022603879822418092,0.2578857421875,1.0031895637512207,-0.9348465204238892,0.027444014,-34.08951988220215,7310,0.003430828999262303,0.000298677504,-0.38229116797447205,0.2
0.0,-0.09903844036646993,0.0,269.11,0.0,-0.12951891379592617,0.0,-0.5,-0.4926200601964063,-0.14549804868551697,-1.7121334537968878e-08,-0.008541159205795696,-0.06027967997636799,-0.34403785543071996,-0.00011497311930474906,0.0,-0.26877306722252736,-0.01052770372319291,-0.7090744883463634,289,28.31776,4485,0.0,1187,0.0,0.006678386581775085,-0.0008078598844502312,-1.4807545554684696,-0.13582398664914716,-0.16631488531009786,0.01,-0.07823812698246341,0.644912768,5326848,-167.22763025,0.0221184,-0.7119268962520257,-0.02208546655019745,0.23250732421875,1.003262996673584,-0.8986294269561768,0.02594519,-34.08978462219238,7314,0.005559708131477237,0.000298672896,-0.38002049922943115,0.2
0.0,-0.09952688504020266,0.0,276.94,0.0,-0.12903779637007096,0.0,-0.5,-0.4458091283151713,-0.17533825913010836,-1.807377994030763e-08,-0.00871875241580642,-0.06634807665580071,-0.6595188013549858,-0.00012170014238754196,0.0,-0.27876333802436776,-0.012914230003474634,-0.6833818632710914,290,28.32928,4484,0.0,1191,0.0,0.004817362228828523,-0.0008311894702262284,-1.4848865843256571,-0.1384762962142042,-0.17716614317452364,0.01,-0.08921496433237495,0.644895104,5345280,-169.18648230000002,0.0221952,-0.7174886322088025,-0.020805969659704715,0.24580078125,1.0029096603393555,-1.7489924430847168,0.027480837,-34.088629722595215,7318,0.004753908980637789,0.00029866828799999997,-0.38346147537231445,0.2
0.0,-0.0990131666744735,0.0,285.38,0.0,-0.1333088142255706,0.0,-0.5,-0.4521962443675504,-0.1672274816664867,-1.6939089767092177e-08,-0.008567397439442029,-0.05888230330721554,-0.5402593505041926,-0.00011534300686244305,0.0,-0.27199787346599025,-0.011627355347980593,-0.7011446722131143,291,28.3408,4484,0.0,1195,0.0,0.004422002730419496,-0.000807651944263404,-1.4840927823317112,-0.13864045391685137,-0.1505280612721321,0.01,-0.08373837046084527,0.64487744,5363712,-171.31177165999998,0.022272,-0.7196334602387934,-0.021083712787367405,0.27666015625,1.0029395818710327,-2.785102605819702,0.031464178,-34.08560333251953,7322,0.005807032238226384,0.00029866368,-0.3785199224948883,0.2
0.0,-0.09916565655470162,0.0,275.58,0.0,-0.1323346242827128,0.0,-0.5,-0.43028175770681626,-0.1578405617037788,-1.8231662694177337e-08,-0.008748341345982869,-0.059206131317053864,-0.7093465714397518,-0.00012492831366526052,0.0,-0.29331440830252076,-0.012506234015094821,-0.6798268211889134,292,28.35232,4484,0.0,1200,0.0,0.0043494962615113235,-0.0008475673672476277,-1.479002972128332,-0.13951238367044508,-0.17610018704809202,0.01,-0.09762813751299704,0.644859776,5382144,-168.82739970999998,0.0223488,-0.7118920545822769,-0.020987337292172014,0.2439453125,1.0030295848846436,-1.7973487377166748,0.025515342,-34.08832416534424,7326,0.004183830716647208,0.000298659072,-0.3736574053764343,0.2
0.0,-0.09895833455402685,0.0,281.33,0.0,-0.13440750845123017,0.0,-0.5,-0.43162540083365697,-0.16158579899800113,-1.7594157219006485e-08,-0.008896809625652171,-0.04518756088709337,-0.6767077589080815,-0.00012090792368123317,0.0,-0.28131425820731537,-0.015178485803176933,-0.6750181130402859,293,28.36384,4484,0.0,1204,0.0,0.005034506873162585,-0.0008349380829735117,-1.4826728774735454,-0.13862897461991408,-0.11491461634493964,0.01,-0.09402497915433676,0.644842112,5400576,-170.29630225000005,0.0224256,-0.7150781113181031,-0.019310897635295986,0.2453857421875,1.0031828880310059,-0.09346258640289307,0.028984215,-34.08957977294922,7330,0.006766855623573065,0.00029865446399999997,-0.37665849924087524,0.2
0.0,-0.09973156299207825,0.0,276.58,0.0,-0.13118605036995645,0.0,-0.5,-0.45289413775023957,-0.14984075127479932,-1.660304065423329e-08,-0.008549504929959815,-0.06291605059834299,-0.6252640509584029,-0.00011864470132680708,0.0,-0.27638712761156364,-0.01110151059592691,-0.6780899595672099,294,28.37536,4484,0.0,1208,0.0,0.0032158848339815227,-0.0008236984761988335,-1.4738241664449891,-0.13714917392499823,-0.18380020531869717,0.01,-0.08466691548795874,0.644824448,5419008,-169.11927085999997,0.0225024,-0.7192145880241128,-0.022330239904113112,0.23883056640625,1.0031468868255615,-1.064600944519043,0.027348453,-34.092136001586915,7334,0.004598172917030752,0.000298649856,-0.38266539573669434,0.2
0.0,-0.09892870408173854,0.0,272.38,0.0,-0.13829981862903476,0.0,-0.5,-0.4473028314037513,-0.14955699434924302,-1.8471570404047736e-08,-0.008837899281435956,-0.06462529744102911,-0.6044047307453565,-0.00011944956244691913,0.0,-0.28036218801330004,-0.01440292207148269,-0.7056315747474547,295,28.38688,4484,0.0,1212,0.0,0.006779358143512179,-0.0008329191072014462,-1.4749756429406216,-0.1410494400288712,-0.17081004728491833,0.01,-0.09721039120311323,0.644806784,5437440,-168.04059102,0.0225792,-0.7032084732966613,-0.01980465864762664,0.248779296875,1.003157138824463,-1.6422622203826904,0.024817485,-34.089307403564455,7338,0.0040021830471232535,0.000298645248,-0.37619566917419434,0.2
0.0,-0.09919429697076633,0.0,261.59,0.0,-0.1308611782553578,0.0,-0.5,-0.4671568477438812,-0.1288670583696027,-1.711720735336153e-08,-0.008813621982551012,-0.052484815009266515,-0.502298901134894,-0.00011617174888844473,0.0,-0.25818329037611526,-0.013590372370180678,-0.6599059523244102,296,28.3984,4484,0.0,1216,0.0,0.008196142335357454,-0.0008166156344468762,-1.4779220050407629,-0.13707535183819936,-0.13142426966115522,0.01,-0.08993510259517525,0.64478912,5455872,-165.36127292,0.022656,-0.7074801181498214,-0.020006217155605556,0.2843994140625,1.0033135414123535,-0.6168463230133057,0.0302477,-34.09016761779785,7342,0.007513419538736343,0.00029864063999999996,-0.3771100640296936,0.2
0.0,-0.09890542144649338,0.0,280.4,0.0,-0.13229267639501419,0.0,-0.5,-0.4668082195615377,-0.16994678714965833,-1.8786945540814758e-08,-0.008740260212551459,-0.045417881765761746,-0.6974892465508414,-0.0001232720394794208,0.0,-0.28031512498822386,-0.015191071639913185,-0.6973967002546111,297,28.40992,4484,0.0,1220,0.0,0.004771308966809232,-0.0008337519556507486,-1.4749755070239483,-0.14096166806862556,-0.09589867913239912,0.01,-0.09695900370737681,0.6447714560000001,5474304,-170.07109744999997,0.0227328,-0.7109606558263775,-0.01931152443867177,0.251416015625,1.0034006834030151,-1.7365989685058594,0.027561229,-34.093464088439944,7346,0.006064621754921973,0.000298636032,-0.3750426769256592,0.2
0.0,-0.09892726060002226,5.42524503543973e-07,272.73,0.0,-0.1366251845358508,0.0,-0.5,-0.47016350479329155,-0.11972074052027892,-1.9726701050784425e-08,-0.008895090583175514,-0.050958713534566547,-0.6067052524926381,-0.0001227235040171024,0.0,-0.2806814317235577,-0.017377779709516615,-0.6797865214309804,298,28.42144,4484,0.0,1224,0.0,0.0072452138617844835,-0.0008429954088959659,-1.4673375205365562,-0.1411094773583773,-0.11745033638885263,0.01,-0.10576395926485509,0.644753792,5492736,-168.15121839,0.0228096,-0.7113893137738381,-0.022814017697237433,0.25185546875,1.003065824508667,-1.6218888759613037,0.02930057,-34.0893648147583,7350,0.003976448334287852,0.000298631424,-0.3802598714828491,0.2
0.0,-0.09887364411104844,5.42524503543973e-07,270.7,0.0,-0.13907186047636882,0.0,-0.5,-0.45291872308978004,-0.1467299921399293,-1.9571229721905012e-08,-0.00894013471392999,-0.04698543330849913,-0.670032487427538,-0.00013014465533774737,0.0,-0.290661012311272,-0.0157786970219852,-0.6812625194807318,299,28.43296,4484,0.0,1229,0.0,0.0057717735041889805,-0.0008628898288718374,-1.4649062762510368,-0.14013367738975624,-0.1149274653157281,0.01,-0.10322046701092423,0.644736128,5511168,-167.64308755000002,0.0228864,-0.7017984339501818,-0.023002659913618117,0.241259765625,1.0031929016113281,-1.8760449886322021,0.027313406,-34.09030551910401,7354,0.00455413986928761,0.000298626816,-0.38501811027526855,0.2
0.0,-0.09917618933910398,0.0,274.82,0.0,-0.13714992454720065,0.0,-0.5,-0.4714136307752556,-0.1362341284030764,-1.8130011588079955e-08,-0.00899355883943177,-0.06523277893371825,-0.3698089843635049,-0.00012508873292312752,0.0,-0.2847649723300023,-0.01051634092317823,-0.7034805997284695,300,28.44448,4484,0.0,1233,0.0,0.006188535402686095,-0.000865417269166603,-1.4666990445325903,-0.13775681765137557,-0.20044880541857008,0.01,-0.07440781341677014,0.644718464,5529600,-168.6580514,0.0229632,-0.708090616005253,-0.0225958020077087,0.24246826171875,1.0028001070022583,-1.8607401847839355,0.026409382,-34.08589267730713,7358,0.0049439684371463954,0.000298622208,-0.3809111416339874,0.2
0.0,-0.0996810770692155,0.0,270.25,0.0,-0.13433612299246528,0.0,-0.5,-0.4541266449154287,-0.14243734382681497,-1.786111295934296e-08,-0.008999097948188171,-0.06051219984541605,-0.5785655245509009,-0.00012601576079775,0.0,-0.27232694087803117,-0.014382685447215666,-0.6755765422813476,301,28.456,4483,0.0,1237,0.0,0.0061209881509418475,-0.0008663369659818923,-1.470404179167854,-0.13529026560989077,-0.1729281302352213,0.01,-0.09151273587610732,0.6447008000000001,5548032,-167.50212642999998,0.02304,-0.7142592533861851,-0.021256104751955718,0.24385986328125,1.0031992197036743,-1.2500460147857666,0.026297096,-34.09080829620361,7362,0.006377067766152322,0.0002986176,-0.3765774369239807,0.2
0.0,-0.09969191548075113,0.0,278.19,0.0,-0.13205690907719397,0.0,-0.5,-0.45985910499621674,-0.15370672004711297,-1.774992104612547e-08,-0.008700994533289498,-0.05676333223567993,-0.6311351739228552,-0.00012131496286950143,0.0,-0.27331301787286194,-0.014210915313117975,-0.6692163212577615,302,28.46752,4483,0.0,1241,0.0,0.006770767751680861,-0.0008361640301971642,-1.4767753094148153,-0.13426223169324486,-0.1540358119157046,0.01,-0.09282935123218934,0.644683136,5566464,-169.50751267000004,0.0231168,-0.7133449385864142,-0.02161723715253174,0.22861328125,1.0031318664550781,-1.09254789352417,0.025125375,-34.08884334564209,7366,0.004930687125306576,0.000298612992,-0.3809986114501953,0.2
0.0,-0.09992382645607115,0.0,290.52,0.0,-0.13152219449137317,0.0,-0.5,-0.43464966294904533,-0.16951577689097677,-1.8992045505709202e-08,-0.00889539141752775,-0.08740412445108527,-0.5126343166186924,-0.00012696460498638578,0.0,-0.2691838386643914,-0.013651916198642176,-0.6959056056911798,303,28.47904,4483,0.0,1245,0.0,0.007695587151081552,-0.0008717598747771671,-1.4694099360221546,-0.13689697205877205,-0.2843322280029465,0.01,-0.097268451340189,0.644665472,5584896,-172.58971318000005,0.0231936,-0.695894317214976,-0.019128024484962224,0.244677734375,1.0033788681030273,-1.786212682723999,0.026452616,-34.09109649658203,7370,0.0041026643826626245,0.000298608384,-0.372269868850708,0.2
0.0,-0.09994694491854106,0.0,295.39,0.0,-0.13704605139964013,0.0,-0.5,-0.398628335681118,-0.1832555978811191,-1.8224037594723412e-08,-0.00904103231109804,-0.0773694861768073,-0.5277045502683667,-0.00013168229007346312,0.0,-0.27571115329531837,-0.01163406587464965,-0.7070295432559308,304,28.49056,4483,0.0,1249,0.0,0.007209438844244687,-0.0008894246289022015,-1.4684668119061535,-0.13515447185223095,-0.23058333965203737,0.01,-0.08765104005228648,0.644647808,5603328,-173.78052211,0.0232704,-0.709367716551748,-0.020517338602803647,0.2559326171875,1.0036382675170898,-1.3517513275146484,0.027178517,-34.096713829040525,7374,0.005100524460431188,0.000298603776,-0.3802332878112793,0.2
0.0,-0.09959333869634143,0.0,295.36,0.0,-0.13598966944978252,0.0,-0.5,-0.4394531952029506,-0.17572211548556677,-1.749082147571801e-08,-0.008811443847715001,-0.08952007117532806,-0.560756842044878,-0.0001264125281371621,0.0,-0.27220942699661577,-0.011141459800892931,-0.6785486522801062,305,28.50208,4483,0.0,1253,0.0,0.005189487576147937,-0.0008679889083053903,-1.4781784409202374,-0.13763022745140951,-0.29507691579557493,0.01,-0.08614273442479493,0.6446301440000001,5621760,-173.80929744999997,0.0233472,-0.7079378600408555,-0.02081802487373352,0.268212890625,1.0030903816223145,-1.221837043762207,0.03004098,-34.09039821624756,7378,0.005471025768201798,0.00029859916799999996,-0.37662839889526367,0.2
0.0,-0.09941976312358142,0.0,293.56,0.0,-0.14624865531024955,0.0,-0.5,-0.44158611716511637,-0.1613769285209451,-1.856816403658834e-08,-0.009012388187554165,-0.0619378613187282,-0.686663569121205,-0.00012918164300492033,0.0,-0.28128707298122074,-0.01829705521393604,-0.7062482060377494,306,28.5136,4483,0.0,1257,0.0,0.007925893086574301,-0.0008742563569390209,-1.4709481717406627,-0.1370718828936702,-0.13399030898670042,0.01,-0.11830414897506793,0.64461248,5640192,-173.33603359,0.023424,-0.7045999193771402,-0.02021627117646858,0.25533447265625,1.0032367706298828,-1.777902364730835,0.027054796,-34.09056072235107,7382,0.0034717694972641764,0.00029859456,-0.3751700520515442,0.2
0.0,-0.09944594115225372,0.0,276.11,0.0,-0.14187144233226007,0.0,-0.5,-0.4428254479998018,-0.16108056806357732,-1.7886036714260212e-08,-0.00893801767807492,-0.06654052753360531,-0.7138591448372344,-0.0001281668439845113,0.0,-0.2741103351620117,-0.01474881111698152,-0.6783062742334938,307,28.52512,4483,0.0,1262,0.0,0.006174971730249575,-0.0008690177685601138,-1.4812484151978598,-0.13835761538580288,-0.18130536078717124,0.01,-0.10554668105792203,0.644594816,5658624,-168.95935439000002,0.0235008,-0.7158203253618503,-0.02289022859185934,0.246630859375,1.0031394958496094,-0.785091757774353,0.026930604,-34.08985595703125,7386,0.0047010370064526795,0.000298589952,-0.3814043700695038,0.2
0.0,-0.0997745508920928,0.0,285.47,0.0,-0.1407917539017422,0.0,-0.5,-0.40801820509369985,-0.15721013082171945,-1.809948005555558e-08,-0.009136393404067307,-0.06276915800697697,-0.6925624567798825,-0.00012834001938744343,0.0,-0.2751457124174139,-0.014018672617152197,-0.7126967422809618,308,28.53664,4483,0.0,1266,0.0,0.00517232080321396,-0.0008809009946897598,-1.4810255996418826,-0.1369112115077251,-0.14513471256648125,0.01,-0.10143511681492398,0.644577152,5677056,-171.33034768999997,0.0235776,-0.7168645807527795,-0.02053810068173334,0.2385009765625,1.0033750534057617,-0.9371675252914429,0.023945231,-34.091192626953124,7390,0.0030368183157406746,0.000298585344,-0.3794127106666565,0.2
0.0,-0.09881241011922848,0.0,282.02,0.0,-0.13409279478894578,0.0,-0.5,-0.4327663352170973,-0.13449925289832107,-1.9717257415346033e-08,-0.00927064004277102,-0.07001072389464068,-0.5341836994504074,-0.00013377948872787826,0.0,-0.2777683451649536,-0.014339810707369817,-0.7131439568330711,309,28.54816,4483,0.0,1270,0.0,0.006708225933071316,-0.0009014219805542023,-1.4495994486869483,-0.13760781274665718,-0.2203757681088713,0.01,-0.09851950873222899,0.6445594880000001,5695488,-170.46121545999998,0.0236544,-0.6902572531419465,-0.016707841283641757,0.263427734375,1.0032670497894287,-1.3338189125061035,0.031797018,-34.09128952026367,7394,0.0037866704049520196,0.000298580736,-0.38185039162635803,0.2
0.0,-0.09912125479767381,3.2551955276479325e-06,277.29,0.0,-0.1302346402887469,0.0,-0.5,-0.44544485207968904,-0.13745320873567834,-1.9758541641027465e-08,-0.009381272442955738,-0.05538957258120606,-0.5410483794194281,-0.000133820447118127,0.0,-0.28829194348848963,-0.013484749047697787,-0.7058600599600404,310,28.55968,4483,0.0,1274,0.0,0.006185910021457498,-0.000896462281478301,-1.4473959222899873,-0.13747912497504153,-0.12877330686830252,0.01,-0.09240587444463871,0.644541824,5713920,-169.24843406999997,0.0237312,-0.7027895297388753,-0.020883963408414273,0.272705078125,1.0027949810028076,-1.2494549751281738,0.025682967,-34.08701648712158,7398,0.004528795136138797,0.00029857612799999997,-0.3778192698955536,0.2
0.0,-0.09944429667251786,6.510391055295865e-06,283.97,0.0,-0.1306248518117036,0.0,-0.5,-0.42811275196708776,-0.15438002381092197,-2.0123420049710685e-08,-0.009216042997656866,-0.0838775593572195,-0.5040674862204003,-0.00012944241042922133,0.0,-0.26165216669495334,-0.011412647646775978,-0.6941910701382784,311,28.5712,4483,0.0,1278,0.0,0.005574136542400945,-0.0008776031423537021,-1.4647750580160865,-0.13585869715400037,-0.24559994257328077,0.01,-0.09076730332777438,0.64452416,5732352,-170.94130053,0.023808,-0.7017121212761116,-0.020174304384272545,0.22972412109375,1.0029643774032593,-1.442626714706421,0.027975133,-34.08549251556396,7402,0.004684371128678322,0.00029857152,-0.3723278045654297,0.2
